feed_id,short_id,agency,agency_name,ntd_id,state,routes_file,stops_file,routes_path,stops_path,route_feature_count,vertex_count,center_method,minimum_longitude,minimum_latitude,maximum_longitude,maximum_latitude,longitude,latitude
Alabama__Huntsville_Shuttle__mdb_mdb-2081,mdb-2081,AL_Huntsville,AL_Huntsville,40071,,mdb-2081_routes.geojson,mdb-2081_stops.geojson,routes_with_metadata/mdb-2081_routes.geojson,stops_with_metadata/mdb-2081_stops.geojson,13,11512,coordinate_average,-86.689086,34.612348,-86.53733,34.793142,-86.60505792998612,34.72498716087564
Alabama__Montgomery_Transit__mdb_mdb-338,mdb-338,Montgomery Transit,Montgomery Transit,40044,,mdb-338_routes.geojson,mdb-338_stops.geojson,routes_with_metadata/mdb-338_routes.geojson,stops_with_metadata/mdb-338_stops.geojson,23,10362,coordinate_average,-86.401908,32.29599723622587,-86.12770011231649,32.434246,-86.26574492143563,32.35978900473579
Alabama__Tuscaloosa_Transit_Authority__mdb_tld-7046,tld-7046,Tuscaloosa Transit Authority,Tuscaloosa Transit Authority,40045,,tld-7046_routes.geojson,tld-7046_stops.geojson,routes_with_metadata/tld-7046_routes.geojson,stops_with_metadata/tld-7046_stops.geojson,13,5958,coordinate_average,-87.594688,33.119602,-87.469078,33.222597,-87.54125614271254,33.19019214046612
Alaska__Anchorage_People_Mover__mdb_mdb-225,mdb-225,Municipality of Anchorage People Mover,Municipality of Anchorage People Mover,00012,,mdb-225_routes.geojson,mdb-225_stops.geojson,routes_with_metadata/mdb-225_routes.geojson,stops_with_metadata/mdb-225_stops.geojson,48,15596,coordinate_average,-149.98333,61.10839,-149.57011,61.32793,-149.85801258720124,61.19750008361129
Alaska__Capital_Transit__mdb_mdb-294,mdb-294,Capital Transit,Capital Transit,00391,,mdb-294_routes.geojson,mdb-294_stops.geojson,routes_with_metadata/mdb-294_routes.geojson,stops_with_metadata/mdb-294_stops.geojson,22,9707,coordinate_average,-134.644769,58.274979,-134.389785,58.405206,-134.5159113808726,58.34934228611046
Alaska__Inter-Island_Ferry__mdb_mdb-243,mdb-243,Inter-Island Ferry Authority,Inter-Island Ferry Authority,00382,,mdb-243_routes.geojson,mdb-243_stops.geojson,routes_with_metadata/mdb-243_routes.geojson,stops_with_metadata/mdb-243_stops.geojson,2,116,coordinate_average,-132.62211341230957,55.35269756460934,-131.69223241328,55.52558403676268,-132.06233425485104,55.431390405545464
Alaska__Ketchikan_Gateway_Borough__mdb_mdb-244,mdb-244,Airport Ferry | The Bus - Ketchikan Gateway Borough,Airport Ferry | The Bus - Ketchikan Gateway Borough,00358,,mdb-244_routes.geojson,mdb-244_stops.geojson,routes_with_metadata/mdb-244_routes.geojson,stops_with_metadata/mdb-244_stops.geojson,14,5268,coordinate_average,-131.819799,55.293583,-131.529098,55.467343,-131.67093657964975,55.357147052987656
Arizona__Bisbee_Bus__mdb_mdb-2857,mdb-2857,Bisbee Bus,Bisbee Bus,91121,,mdb-2857_routes.geojson,mdb-2857_stops.geojson,routes_with_metadata/mdb-2857_routes.geojson,stops_with_metadata/mdb-2857_stops.geojson,4,5878,coordinate_average,-109.948538,31.334518,-109.86859,31.4521,-109.90321133055406,31.423727817284714
Arizona__Bullhead_Area_Transit_System__mdb_mdb-109,mdb-109,Bullhead Area Transit System,Bullhead Area Transit System,91037,,mdb-109_routes.geojson,mdb-109_stops.geojson,routes_with_metadata/mdb-109_routes.geojson,stops_with_metadata/mdb-109_stops.geojson,4,1102,coordinate_average,-114.641013,35.049481,-114.531156,35.16651009421044,-114.58594759042104,35.11017755581213
Arizona__City_of_Sierra_Vista__mdb_tld-679,tld-679,Vista Transit,Vista Transit,90239,,tld-679_routes.geojson,tld-679_stops.geojson,routes_with_metadata/tld-679_routes.geojson,stops_with_metadata/tld-679_stops.geojson,3,556,coordinate_average,-110.306736,31.527876,-110.228422,31.569523,-110.2709907769784,31.553051670863308
Arizona__Cottonwood_Area_Transit_(CAT)__mdb_mdb-158,mdb-158,Cottonwood Area Transit,Cottonwood Area Transit,91010,,mdb-158_routes.geojson,mdb-158_stops.geojson,routes_with_metadata/mdb-158_routes.geojson,stops_with_metadata/mdb-158_stops.geojson,5,2738,coordinate_average,-112.07153,34.68999,-111.760154,34.872911,-111.92226141364503,34.786236668316455
Arizona__Grand_Canyon_National_Park__mdb_mdb-1905,mdb-1905,National Park Service,National Park Service,99468,,mdb-1905_routes.geojson,mdb-1905_stops.geojson,routes_with_metadata/mdb-1905_routes.geojson,stops_with_metadata/mdb-1905_stops.geojson,5,4812,coordinate_average,-112.21028,35.96779,-112.08065,36.07355,-112.13306843162913,36.05412872402325
Arizona__Maricopa_Express_Transit__mdb_tld-6743,tld-6743,Maricopa Express Transit,Maricopa Express Transit,91106,,tld-6743_routes.geojson,tld-6743_stops.geojson,routes_with_metadata/tld-6743_routes.geojson,stops_with_metadata/tld-6743_stops.geojson,1,867,coordinate_average,-112.06111,33.02767,-111.99425,33.07401,-112.03156045905426,33.05109997577857
Arizona__Mountain_Line_Transit__mdb_mdb-1979,mdb-1979,Mountain Line,Mountain Line,90219,,mdb-1979_routes.geojson,mdb-1979_stops.geojson,routes_with_metadata/mdb-1979_routes.geojson,stops_with_metadata/mdb-1979_stops.geojson,16,3084,coordinate_average,-111.722527,35.159328,-111.57162,35.330505,-111.64888286271074,35.22294919801389
Arizona__Regional_Transportation_Authority_of_Pima_County__mdb_ntd-91122,ntd-91122,Regional Transportation Authority of Pima County,Regional Transportation Authority of Pima County,91122,,ntd-91122_routes.geojson,ntd-91122_stops.geojson,routes_with_metadata/ntd-91122_routes.geojson,stops_with_metadata/ntd-91122_stops.geojson,23,28992,coordinate_average,-112.87245,31.86705,-110.77253,32.48485,-111.37068802876496,32.2060454539185
Arizona__Valley_Metro_(VM)__mdb_mdb-147,mdb-147,Valley Metro | Phoenix Sky Harbor International Airport,Valley Metro | Phoenix Sky Harbor International Airport,90209,,mdb-147_routes.geojson,mdb-147_stops.geojson,routes_with_metadata/mdb-147_routes.geojson,stops_with_metadata/mdb-147_stops.geojson,595,162612,coordinate_average,-112.881822,32.371891,-111.659727,33.713665,-112.03558396253688,33.47278463688934
Arizona__Yuma_County_Intergovernmental_Public_Transportation_Authority_(YCIPTA)__mdb_mdb-17,mdb-17,Yuma County Intergovernmental Public Transportation Authority,Yuma County Intergovernmental Public Transportation Authority,90233,,mdb-17_routes.geojson,mdb-17_stops.geojson,routes_with_metadata/mdb-17_routes.geojson,stops_with_metadata/mdb-17_stops.geojson,23,3202,coordinate_average,-115.56980699300766,32.484682743136176,-114.1335509410652,32.79179434362839,-114.65975610072262,32.65894529762879
Arkansas__City_of_Fort_Smith__mdb_ntd-60086,ntd-60086,City of Fort Smith Transit,City of Fort Smith Transit,60086,,ntd-60086_routes.geojson,ntd-60086_stops.geojson,routes_with_metadata/ntd-60086_routes.geojson,stops_with_metadata/ntd-60086_stops.geojson,15,4489,coordinate_average,-94.432299,35.291465,-94.337178,35.42942,-94.3973363069727,35.363046618177854
Arkansas__Eureka_Springs_Transit__mdb_ntd-60161,ntd-60161,Eureka Springs Transit,Eureka Springs Transit,60257,,ntd-60161_routes.geojson,ntd-60161_stops.geojson,routes_with_metadata/ntd-60161_routes.geojson,stops_with_metadata/ntd-60161_stops.geojson,4,3383,coordinate_average,-93.773532,36.381046,-93.693733,36.435388,-93.74000618592949,36.402572349393935
Arkansas__Ozark_Regional_Transit__mdb_tld-4470,tld-4470,Ozark Regional Transit,Ozark Regional Transit,60072,,tld-4470_routes.geojson,tld-4470_stops.geojson,routes_with_metadata/tld-4470_routes.geojson,stops_with_metadata/tld-4470_stops.geojson,14,8525,coordinate_average,-94.226949,36.032497,-94.094252,36.379629,-94.17209005740861,36.249270759914715
California__Alameda-Contra_Costa_Transit_District_(AC_Transit)__mdb_mdb-2455,mdb-2455,AC TRANSIT,AC TRANSIT,90014,,mdb-2455_routes.geojson,mdb-2455_stops.geojson,routes_with_metadata/mdb-2455_routes.geojson,stops_with_metadata/mdb-2455_stops.geojson,320,325049,coordinate_average,-122.423326,37.409325,-121.886566,38.02403,-122.21186022106967,37.77782193856029
California__Altamont_Corridor_Express__mdb_mdb-2684,mdb-2684,Altamont Corridor Express,Altamont Corridor Express,90182,,mdb-2684_routes.geojson,mdb-2684_stops.geojson,routes_with_metadata/mdb-2684_routes.geojson,stops_with_metadata/mdb-2684_stops.geojson,2,711,coordinate_average,-122.033193,37.330669,-121.261446,37.957091,-121.76872465119565,37.63096176652604
California__Amador_Transit__mdb_mdb-92,mdb-92,Amador Transit,Amador Transit,91000,,mdb-92_routes.geojson,mdb-92_stops.geojson,routes_with_metadata/mdb-92_routes.geojson,stops_with_metadata/mdb-92_stops.geojson,7,5404,coordinate_average,-120.951987,38.29364,-120.527229,38.471348,-120.74829373146889,38.37707618209896
California__Amtrak__mdb_mdb-11,mdb-11,Temporary Amtrak Chartered Vehicle | Roadrunner Shuttle | Via Rail Canada | Route 66 Express | Alvand Transportation | Amtrak Chartered Vehicle | Arrow Trailways | Vegas Airporter | Executive Transportation | Stagecoach Express | Amtrak Chartered Motorcoach | The Lift | Beeline Express | Coach Usa | Shore Line East | Amtrak | Sunway Charters | MARC | FLIX,Temporary Amtrak Chartered Vehicle | Roadrunner Shuttle | Via Rail Canada | Route 66 Express | Alvand Transportation | Amtrak Chartered Vehicle | Arrow Trailways | Vegas Airporter | Executive Transportation | Stagecoach Express | Amtrak Chartered Motorcoach | The Lift | Beeline Express | Coach Usa | Shore Line East | Amtrak | Sunway Charters | MARC | FLIX,99469,,mdb-11_routes.geojson,mdb-11_stops.geojson,routes_with_metadata/mdb-11_routes.geojson,stops_with_metadata/mdb-11_stops.geojson,150,364947,coordinate_average,-123.20166923699998,25.848456001000045,-69.96593475999998,49.27381500000007,-91.12405446016086,39.36634083689718
California__Amtrak_San_Joaquins__mdb_mdb-2295,mdb-2295,Gold Runner,Gold Runner,99470,,mdb-2295_routes.geojson,mdb-2295_stops.geojson,routes_with_metadata/mdb-2295_routes.geojson,stops_with_metadata/mdb-2295_stops.geojson,4,4042,coordinate_average,-122.36018059531858,35.371352000410155,-119.00765052704602,38.58868190568714,-120.70233229893222,37.24868086130489
California__Arcadia_Transit__mdb_mdb-2243,mdb-2243,City of Arcadia,City of Arcadia,90044,,mdb-2243_routes.geojson,mdb-2243_stops.geojson,routes_with_metadata/mdb-2243_routes.geojson,stops_with_metadata/mdb-2243_stops.geojson,5,1515,coordinate_average,-118.0645,34.10716,-118.018307,34.152876,-118.03897775480726,34.130347882928035
California__Auburn_Transit__mdb_mdb-2275,mdb-2275,Auburn Transit,Auburn Transit,91032,,mdb-2275_routes.geojson,mdb-2275_stops.geojson,routes_with_metadata/mdb-2275_routes.geojson,stops_with_metadata/mdb-2275_stops.geojson,1,906,coordinate_average,-121.082890603399,38.8783953603426,-121.053887,38.933233,-121.07034865546252,38.90719609082465
California__Baldwin_Park_Transit__mdb_mdb-2247,mdb-2247,"Baldwin Park, CA","Baldwin Park, CA",90251,,mdb-2247_routes.geojson,mdb-2247_stops.geojson,routes_with_metadata/mdb-2247_routes.geojson,stops_with_metadata/mdb-2247_stops.geojson,14,4313,coordinate_average,-117.9972944,34.06328244398833,-117.9447343,34.10678154,-117.97248720595832,34.08487297567994
California__Bay_Area_Rapid_Transit_(BART)__mdb_mdb-53,mdb-53,Bay Area Rapid Transit,Bay Area Rapid Transit,90003,,mdb-53_routes.geojson,mdb-53_stops.geojson,routes_with_metadata/mdb-53_routes.geojson,stops_with_metadata/mdb-53_stops.geojson,28,27891,coordinate_average,-122.471099361999,37.36848461900007,-121.780434326999,38.023850161,-122.19524568000732,37.77926127525749
California__Beach_Cities_Transit__mdb_mdb-1999,mdb-1999,Beach Cities Transit,Beach Cities Transit,90214,,mdb-1999_routes.geojson,mdb-1999_stops.geojson,routes_with_metadata/mdb-1999_routes.geojson,stops_with_metadata/mdb-1999_stops.geojson,5,2466,coordinate_average,-118.41782,33.81536,-118.352659,33.952314,-118.38612506710481,33.88249350922594
California__Beaumont_Transit__mdb_mdb-106,mdb-106,Beaumont Transit,Beaumont Transit,99478,,mdb-106_routes.geojson,mdb-106_stops.geojson,routes_with_metadata/mdb-106_routes.geojson,stops_with_metadata/mdb-106_stops.geojson,31,9791,coordinate_average,-117.30243429484308,33.913299,-116.79725,34.10281026478971,-117.02269167874819,33.96365183222336
California__Big_Blue_Bus__mdb_mdb-37,mdb-37,Big Blue Bus,Big Blue Bus,90008,,mdb-37_routes.geojson,mdb-37_stops.geojson,routes_with_metadata/mdb-37_routes.geojson,stops_with_metadata/mdb-37_stops.geojson,46,13961,coordinate_average,-118.54967,33.951099,-118.236899,34.076199,-118.445983635055,34.02880759157642
California__Blossom_Express__mdb_mdb-236,mdb-236,Blossom Express,Blossom Express,91089,,mdb-236_routes.geojson,mdb-236_stops.geojson,routes_with_metadata/mdb-236_routes.geojson,stops_with_metadata/mdb-236_stops.geojson,1,479,coordinate_average,-121.142417,37.688134,-121.049875683877,37.754389,-121.09815193358438,37.72239770936044
California__BurbankBus__mdb_mdb-2149,mdb-2149,Burbank Bus,Burbank Bus,99444,,mdb-2149_routes.geojson,mdb-2149_stops.geojson,routes_with_metadata/mdb-2149_routes.geojson,stops_with_metadata/mdb-2149_stops.geojson,2,310,coordinate_average,-118.376084,34.138421,-118.311824,34.19569496664857,-118.34592696649298,34.16622839243275
California__Butte_Regional_Transit_(B-Line)__mdb_ntd-90208,ntd-90208,B-Line,B-Line,90208,,ntd-90208_routes.geojson,ntd-90208_stops.geojson,routes_with_metadata/ntd-90208_routes.geojson,stops_with_metadata/ntd-90208_stops.geojson,45,3072,coordinate_average,-121.898691618365,39.3632006265641,-121.459726629241,39.8185807358373,-121.6999683313325,39.63594094777637
California__Calaveras_Transit__mdb_mdb-93,mdb-93,Calaveras Connect,Calaveras Connect,99442,,mdb-93_routes.geojson,mdb-93_stops.geojson,routes_with_metadata/mdb-93_routes.geojson,stops_with_metadata/mdb-93_stops.geojson,6,6458,coordinate_average,-120.839041,37.988411,-120.347081,38.257654,-120.5094810273368,38.12936572223846
California__Caltrain__mdb_mdb-54,mdb-54,Caltrain,Caltrain,90134,,mdb-54_routes.geojson,mdb-54_stops.geojson,routes_with_metadata/mdb-54_routes.geojson,stops_with_metadata/mdb-54_stops.geojson,18,5942,coordinate_average,-122.413144111633,37.003512297983,-121.566145420074,37.77621498074376,-122.213552396188,37.520000474952944
California__Camarillo_Area_Transit__mdb_mdb-2234,mdb-2234,Camarillo Area Transit,Camarillo Area Transit,90163,,mdb-2234_routes.geojson,mdb-2234_stops.geojson,routes_with_metadata/mdb-2234_routes.geojson,stops_with_metadata/mdb-2234_stops.geojson,9,1906,coordinate_average,-119.074626,34.215758,-118.974623,34.244636,-119.0105064437874,34.22873829133683
California__Capitol_Corridor_Joint_Powers_Authority_(Capitol_Corridor)__mdb_mdb-74,mdb-74,Capitol Corridor Joint Powers Authority,Capitol Corridor Joint Powers Authority,90304,,mdb-74_routes.geojson,mdb-74_stops.geojson,routes_with_metadata/mdb-74_routes.geojson,stops_with_metadata/mdb-74_stops.geojson,15,11620,coordinate_average,-122.39758,37.32645,-120.94846,39.09982,-121.89429465671256,38.20769182624785
California__Catalina_Express__mdb_mdb-299,mdb-299,Catalina Express,Catalina Express,91089,,mdb-299_routes.geojson,mdb-299_stops.geojson,routes_with_metadata/mdb-299_routes.geojson,stops_with_metadata/mdb-299_stops.geojson,6,12,coordinate_average,-118.32539329376,33.343345707705,-117.69362302488,33.763929407087,-118.19159127591502,33.500498214816
California__Cerritos_On_Wheels__mdb_tld-4667,tld-4667,City of Cerritos,City of Cerritos,90259,,tld-4667_routes.geojson,tld-4667_stops.geojson,routes_with_metadata/tld-4667_routes.geojson,stops_with_metadata/tld-4667_stops.geojson,6,1692,coordinate_average,-118.108553,33.84596,-118.03758,33.885265,-118.07243904243916,33.864213679283694
California__City_of_Banning_Transit__mdb_mdb-220,mdb-220,City of Banning Transit,City of Banning Transit,91027,,mdb-220_routes.geojson,mdb-220_stops.geojson,routes_with_metadata/mdb-220_routes.geojson,stops_with_metadata/mdb-220_stops.geojson,11,3339,coordinate_average,-116.95375,33.89983,-116.75002,33.94342,-116.8802102815209,33.92538736747533
California__City_of_Camarillo__mdb_ntd-90163,ntd-90163,Gold Coast Transit District | Thousand Oaks Transit | VCTC Intercity | Kanan Shuttle | Moorpark City Transit | Ojai Trolley | Valley Express Transit Service | Simi Valley Transit | Camarillo Area Transit,Gold Coast Transit District | Thousand Oaks Transit | VCTC Intercity | Kanan Shuttle | Moorpark City Transit | Ojai Trolley | Valley Express Transit Service | Simi Valley Transit | Camarillo Area Transit,90163,,ntd-90163_routes.geojson,ntd-90163_stops.geojson,routes_with_metadata/ntd-90163_routes.geojson,stops_with_metadata/ntd-90163_stops.geojson,137,78067,coordinate_average,-119.891739,34.13782,-118.570912,34.45437,-119.18355589731063,34.29066520180512
California__City_of_Irvine__mdb_tld-6724,tld-6724,City of Irvine (LAZ Parking),City of Irvine (LAZ Parking),99470,,tld-6724_routes.geojson,tld-6724_stops.geojson,routes_with_metadata/tld-6724_routes.geojson,stops_with_metadata/tld-6724_stops.geojson,2,2359,coordinate_average,-117.80951,33.651139,-117.732314,33.732412,-117.77220316768674,33.677913806952446
California__City_of_San_Luis_Obispo_Transit__mdb_mdb-44,mdb-44,City of San Luis Obispo Transit,City of San Luis Obispo Transit,90156,,mdb-44_routes.geojson,mdb-44_stops.geojson,routes_with_metadata/mdb-44_routes.geojson,stops_with_metadata/mdb-44_stops.geojson,13,1284,coordinate_average,-120.71161652,35.23939896,-120.63278961,35.30395126,-120.66604883894863,35.27420665009342
California__City_of_Santa_Clarita_Transit__mdb_tld-1256,tld-1256,Santa Clarita Transit,Santa Clarita Transit,90171,,tld-1256_routes.geojson,tld-1256_stops.geojson,routes_with_metadata/tld-1256_routes.geojson,stops_with_metadata/tld-1256_stops.geojson,108,46248,coordinate_average,-118.664531,34.043221,-118.21874,34.5071,-118.52155813810356,34.37431562949703
California__City_of_Tracy_(TRACER)__mdb_mdb-3099,mdb-3099,TRACER Bus Service,TRACER Bus Service,90197,,mdb-3099_routes.geojson,mdb-3099_stops.geojson,routes_with_metadata/mdb-3099_routes.geojson,stops_with_metadata/mdb-3099_stops.geojson,21,7861,coordinate_average,-121.48361,37.66795,-121.40901,37.76311,-121.44593600803978,37.72246421421059
California__Clovis_Transit__mdb_mdb-2894,mdb-2894,City of Clovis,City of Clovis,90313,,mdb-2894_routes.geojson,mdb-2894_stops.geojson,routes_with_metadata/mdb-2894_routes.geojson,stops_with_metadata/mdb-2894_stops.geojson,8,4245,coordinate_average,-119.754188,36.786714,-119.6369,36.888656,-119.70183072529154,36.819504283818844
California__Commerce_Municipal_Bus_Lines__mdb_mdb-994,mdb-994,City Of Commerce Transit,City Of Commerce Transit,90043,,mdb-994_routes.geojson,mdb-994_stops.geojson,routes_with_metadata/mdb-994_routes.geojson,stops_with_metadata/mdb-994_stops.geojson,7,1859,coordinate_average,-118.26681,33.965294,-118.127473,34.063423,-118.16389427381135,34.0114266873379
California__Commute.org_San_Mateo_County_Shuttles__mdb_mdb-61,mdb-61,SamTrans | Commute.org Shuttles,SamTrans | Commute.org Shuttles,99451,,mdb-61_routes.geojson,mdb-61_stops.geojson,routes_with_metadata/mdb-61_routes.geojson,stops_with_metadata/mdb-61_stops.geojson,68,23882,coordinate_average,-122.48509778720032,37.4235036996806,-122.139699,37.73478,-122.33784020725766,37.6096478658444
California__Corona_Cruiser__mdb_mdb-104,mdb-104,Corona Cruiser,Corona Cruiser,,,mdb-104_routes.geojson,mdb-104_stops.geojson,routes_with_metadata/mdb-104_routes.geojson,stops_with_metadata/mdb-104_stops.geojson,10,3845,coordinate_average,-117.601661734089,33.813837,-117.506048,33.901629952764225,-117.55712376835568,33.86174298258725
California__County_Connection_(CCCTA)__mdb_mdb-2421,mdb-2421,County Connection,County Connection,91005,,mdb-2421_routes.geojson,mdb-2421_stops.geojson,routes_with_metadata/mdb-2421_routes.geojson,stops_with_metadata/mdb-2421_stops.geojson,106,61238,coordinate_average,-122.19465,37.65567,-121.77775,38.01956,-122.04319707622754,37.898913522257125
California__Dana_Point_Trolley__mdb_mdb-2361,mdb-2361,Dana Point,Dana Point,90131,,mdb-2361_routes.geojson,mdb-2361_stops.geojson,routes_with_metadata/mdb-2361_routes.geojson,stops_with_metadata/mdb-2361_stops.geojson,4,2300,coordinate_average,-117.7197,33.44912,-117.65204,33.49143,-117.69343848800384,33.46691655218685
California__Delano_Area_Rapid_Transit__mdb_mdb-320,mdb-320,Delano Area Rapid Transit,Delano Area Rapid Transit,90238,,mdb-320_routes.geojson,mdb-320_stops.geojson,routes_with_metadata/mdb-320_routes.geojson,stops_with_metadata/mdb-320_stops.geojson,4,530,coordinate_average,-119.271854,35.745693,-119.22311,35.790465,-119.24686415407119,35.77005067764847
California__Devils_Postpile_National_Monument__mdb_mdb-3206,mdb-3206,Eastern Sierra Transit Authority,Eastern Sierra Transit Authority,91062,,mdb-3206_routes.geojson,mdb-3206_stops.geojson,routes_with_metadata/mdb-3206_routes.geojson,stops_with_metadata/mdb-3206_stops.geojson,40,25147,coordinate_average,-119.826289,34.69617,-117.81237,39.53615,-118.76033593212154,37.42892333382879
California__Eastern_Sierra_Transit__mdb_mdb-25,mdb-25,Eastern Sierra Transit Authority,Eastern Sierra Transit Authority,91062,,mdb-25_routes.geojson,mdb-25_stops.geojson,routes_with_metadata/mdb-25_routes.geojson,stops_with_metadata/mdb-25_stops.geojson,40,25210,coordinate_average,-119.826289,34.69617,-117.81237,39.53615,-118.75981878424273,37.42890295127703
California__El_Dorado_Transit__mdb_mdb-75,mdb-75,El Dorado Transit,El Dorado Transit,90229,,mdb-75_routes.geojson,mdb-75_stops.geojson,routes_with_metadata/mdb-75_routes.geojson,stops_with_metadata/mdb-75_stops.geojson,28,36494,coordinate_average,-121.51221,38.549475,-119.942166,38.958282,-120.87656240544655,38.69421107358083
California__Emery_Go-Round__mdb_mdb-2224,mdb-2224,Emery Go-Round,Emery Go-Round,88224,,mdb-2224_routes.geojson,mdb-2224_stops.geojson,routes_with_metadata/mdb-2224_routes.geojson,stops_with_metadata/mdb-2224_stops.geojson,13,8656,coordinate_average,-122.31342,37.82646,-122.264,37.85233,-122.2899332070241,37.835616885397336
California__eTrans__mdb_mdb-65,mdb-65,eTrans,eTrans,91078,,mdb-65_routes.geojson,mdb-65_stops.geojson,routes_with_metadata/mdb-65_routes.geojson,stops_with_metadata/mdb-65_stops.geojson,2,913,coordinate_average,-121.050204,37.685119,-120.982616,37.803277,-121.0035420983844,37.74995708328788
California__Foothill_Transit__mdb_mdb-101,mdb-101,Foothill Transit,Foothill Transit,90146,,mdb-101_routes.geojson,mdb-101_stops.geojson,routes_with_metadata/mdb-101_routes.geojson,stops_with_metadata/mdb-101_stops.geojson,114,62973,coordinate_average,-118.268027,33.91479,-117.6895,34.15134,-117.94081578641655,34.054697643878264
California__Fresno_Area_Express_(FAX)__mdb_mdb-90,mdb-90,Fresno Area Express,Fresno Area Express,90027,,mdb-90_routes.geojson,mdb-90_stops.geojson,routes_with_metadata/mdb-90_routes.geojson,stops_with_metadata/mdb-90_stops.geojson,76,29351,coordinate_average,-119.91065,36.67788,-119.68197,36.89705,-119.78508879418065,36.776466535723166
California__Fresno_County_Rural_Transit_Agency_(FCRTA)__mdb_mdb-85,mdb-85,Fresno County Rural Transit Authority,Fresno County Rural Transit Authority,91007,,mdb-85_routes.geojson,mdb-85_stops.geojson,routes_with_metadata/mdb-85_routes.geojson,stops_with_metadata/mdb-85_stops.geojson,15,4043,coordinate_average,-120.465176,36.134466,-119.312623,36.868542,-119.85941679401432,36.58114595239167
California__Glenn_Transit_Service__mdb_mdb-3094,mdb-3094,Glenn Transit Service,Glenn Transit Service,91088,,mdb-3094_routes.geojson,mdb-3094_stops.geojson,routes_with_metadata/mdb-3094_routes.geojson,stops_with_metadata/mdb-3094_stops.geojson,7,2462,coordinate_average,-122.219088,39.517904,-121.841431,39.761659,-122.07779162835082,39.6797102327377
California__Golden_Empire_Transit_District_(GET)__mdb_mdb-46,mdb-46,Golden Empire Transit District,Golden Empire Transit District,90004,,mdb-46_routes.geojson,mdb-46_stops.geojson,routes_with_metadata/mdb-46_routes.geojson,stops_with_metadata/mdb-46_stops.geojson,59,14222,coordinate_average,-119.14558,35.26681,-118.91422,35.4474,-119.03028020995646,35.3659596358462
California__Golden_Gate_National_Recreation_Area_(Alcatraz_Island)__mdb_mdb-3208,mdb-3208,National Park Service,National Park Service,99468,,mdb-3208_routes.geojson,mdb-3208_stops.geojson,routes_with_metadata/mdb-3208_routes.geojson,stops_with_metadata/mdb-3208_stops.geojson,4,132,coordinate_average,-122.42077,37.80708,-122.40322,37.82656,-122.40818272727279,37.815750000000016
California__Golden_Gate_Transit__mdb_mdb-67,mdb-67,Golden Gate Transit,Golden Gate Transit,90016,,mdb-67_routes.geojson,mdb-67_stops.geojson,routes_with_metadata/mdb-67_routes.geojson,stops_with_metadata/mdb-67_stops.geojson,41,41812,coordinate_average,-122.740519,37.776223,-122.293854,38.47204,-122.50837377092618,37.953179450588145
California__GrapeLine__mdb_mdb-83,mdb-83,City of Lodi GrapeLine,City of Lodi GrapeLine,90175,,mdb-83_routes.geojson,mdb-83_stops.geojson,routes_with_metadata/mdb-83_routes.geojson,stops_with_metadata/mdb-83_stops.geojson,15,2473,coordinate_average,-121.31108,38.10099,-121.25255,38.14574,-121.28251558026706,38.12582826930832
California__GTrans__mdb_mdb-2270,mdb-2270,GTrans,GTrans,90042,,mdb-2270_routes.geojson,mdb-2270_stops.geojson,routes_with_metadata/mdb-2270_routes.geojson,stops_with_metadata/mdb-2270_stops.geojson,44,52737,coordinate_average,-118.410972,33.78643,-118.21988,33.952767,-118.30500483378297,33.87933030185543
California__Humboldt_Transit_Authority__mdb_mdb-3032,mdb-3032,Redwood Transit System | Eureka Transit System | Arcata & Mad River Transit System | North State Express: 101 | North State Express: 299 | Southern Humboldt Line,Redwood Transit System | Eureka Transit System | Arcata & Mad River Transit System | North State Express: 101 | North State Express: 299 | Southern Humboldt Line,99476,,mdb-3032_routes.geojson,mdb-3032_stops.geojson,routes_with_metadata/mdb-3032_routes.geojson,stops_with_metadata/mdb-3032_stops.geojson,73,212841,coordinate_average,-124.22637000000002,39.150760000000005,-123.19563,41.062380000000005,-124.05452730278276,40.633003589986956
California__Kern_Transit__mdb_mdb-47,mdb-47,Kern Transit,Kern Transit,91059,,mdb-47_routes.geojson,mdb-47_stops.geojson,routes_with_metadata/mdb-47_routes.geojson,stops_with_metadata/mdb-47_stops.geojson,51,35740,coordinate_average,-119.463098,34.6667846659451,-117.64601645863868,35.775928,-118.64656903111471,35.33866265965785
California__Kings_Area_Rural_Transit__mdb_mdb-2204,mdb-2204,Kings Area Rural Transit,Kings Area Rural Transit,90200,,mdb-2204_routes.geojson,mdb-2204_stops.geojson,routes_with_metadata/mdb-2204_routes.geojson,stops_with_metadata/mdb-2204_stops.geojson,31,20501,coordinate_average,-120.14625,35.98006,-119.28772,36.780554,-119.76289815740614,36.25452515994335
California__Laguna_Beach_Transit_(LBT)__mdb_mdb-16,mdb-16,Laguna Beach Transit,Laguna Beach Transit,90119,,mdb-16_routes.geojson,mdb-16_stops.geojson,routes_with_metadata/mdb-16_routes.geojson,stops_with_metadata/mdb-16_stops.geojson,16,4119,coordinate_average,-117.800922,33.475535,-117.716638,33.656395,-117.76371775800415,33.53784744323874
California__Lake_Transit_Authority_(LTA)__mdb_mdb-68,mdb-68,Lake Transit,Lake Transit,99292,,mdb-68_routes.geojson,mdb-68_stops.geojson,routes_with_metadata/mdb-68_routes.geojson,stops_with_metadata/mdb-68_stops.geojson,27,20708,coordinate_average,-123.22703454066072,38.5177750598209,-122.474199,39.246072,-122.74686971360835,38.928903045181
California__Lassen_Rural_Bus_(LRB)__mdb_mdb-118,mdb-118,Lassen Rural Bus,Lassen Rural Bus,99423,,mdb-118_routes.geojson,mdb-118_stops.geojson,routes_with_metadata/mdb-118_routes.geojson,stops_with_metadata/mdb-118_stops.geojson,16,27008,coordinate_average,-121.33879,40.026291533026814,-120.10368836334118,40.43838,-120.74953474601412,40.343119770565146
California__Lawndale_Beat__mdb_mdb-36,mdb-36,Lawndale Beat,Lawndale Beat,,,mdb-36_routes.geojson,mdb-36_stops.geojson,routes_with_metadata/mdb-36_routes.geojson,stops_with_metadata/mdb-36_stops.geojson,4,568,coordinate_average,-118.370154,33.869604,-118.343829,33.901907,-118.35469569374254,33.886577143068436
California__Long_Beach_Transit_(LBT)__mdb_mdb-1198,mdb-1198,Long Beach Transit,Long Beach Transit,90023,,mdb-1198_routes.geojson,mdb-1198_stops.geojson,routes_with_metadata/mdb-1198_routes.geojson,stops_with_metadata/mdb-1198_stops.geojson,137,83584,coordinate_average,-118.453899,33.742626,-118.06344,34.06953,-118.17074482946906,33.81081374760797
California__Los_Angeles_County_Department_of_Public_Works_(the_LINK_and_shuttles)__mdb_mdb-28,mdb-28,LA Go Bus,LA Go Bus,90279,,mdb-28_routes.geojson,mdb-28_stops.geojson,routes_with_metadata/mdb-28_routes.geojson,stops_with_metadata/mdb-28_stops.geojson,34,10344,coordinate_average,-118.526632,33.908421,-117.880085,34.505395,-118.16350773603347,34.03586719445798
California__Los_Angeles_County_Metropolitan_Transportation_Authority_(LA_Metro)__mdb_mdb-29,mdb-29,Metro - Los Angeles,Metro - Los Angeles,90279,,mdb-29_routes.geojson,mdb-29_stops.geojson,routes_with_metadata/mdb-29_routes.geojson,stops_with_metadata/mdb-29_stops.geojson,694,303018,coordinate_average,-118.8613935012,33.7069802233,-117.9096705069,34.3278816218,-118.30507182453843,34.04951053918337
California__Los_Angeles_County_Metropolitan_Transportation_Authority_(LA_Metro)__mdb_mdb-30,mdb-30,Metro - Los Angeles,Metro - Los Angeles,90279,,mdb-30_routes.geojson,mdb-30_stops.geojson,routes_with_metadata/mdb-30_routes.geojson,stops_with_metadata/mdb-30_stops.geojson,18,17489,coordinate_average,-118.491688,33.767995,-117.748975,34.1708482878,-118.1585165150098,34.04055665551502
California__Los_Angeles_County_Shuttles__mdb_tld-1253,tld-1253,Los Angeles County Shuttles,Los Angeles County Shuttles,90279,,tld-1253_routes.geojson,tld-1253_stops.geojson,routes_with_metadata/tld-1253_routes.geojson,stops_with_metadata/tld-1253_stops.geojson,44,2296,coordinate_average,-118.5294543701,33.908445764175,-117.88046446687,34.52215046613,-118.1803432611336,34.05347071035303
"California__Los_Angeles_Department_of_Transportation_(LADOT,_DASH,_Commuter_Express)__mdb_mdb-1210",mdb-1210,LADOT,LADOT,99470,,mdb-1210_routes.geojson,mdb-1210_stops.geojson,routes_with_metadata/mdb-1210_routes.geojson,stops_with_metadata/mdb-1210_stops.geojson,114,33813,coordinate_average,-118.88304499999998,33.721563,-118.131748,34.323307,-118.3674133407845,34.066951517787395
California__Madera_County_Transit__mdb_mdb-572,mdb-572,Madera County Connection,Madera County Connection,91005,,mdb-572_routes.geojson,mdb-572_stops.geojson,routes_with_metadata/mdb-572_routes.geojson,stops_with_metadata/mdb-572_stops.geojson,11,6096,coordinate_average,-120.279102,36.85126,-119.49619352818,37.36701,-119.77089338110436,37.174683516864235
California__Marin_Transit__mdb_mdb-2937,mdb-2937,Marin Transit,Marin Transit,90299,,mdb-2937_routes.geojson,mdb-2937_stops.geojson,routes_with_metadata/mdb-2937_routes.geojson,stops_with_metadata/mdb-2937_stops.geojson,61,59514,coordinate_average,-122.851672,37.856461,-122.45488,38.124657,-122.55957626890132,37.96429573209736
California__Mendocino_Transit_Authority__mdb_mdb-69,mdb-69,Mendocino Transit Authority,Mendocino Transit Authority,99477,,mdb-69_routes.geojson,mdb-69_stops.geojson,routes_with_metadata/mdb-69_routes.geojson,stops_with_metadata/mdb-69_stops.geojson,55,88564,coordinate_average,-123.818518,38.31743,-122.71295246,39.45182959009614,-123.38907179811665,39.162759841536726
California__Merced_County_Transit_(The_Bus)__mdb_mdb-3117,mdb-3117,Merced The Bus,Merced The Bus,90173,,mdb-3117_routes.geojson,mdb-3117_stops.geojson,routes_with_metadata/mdb-3117_routes.geojson,stops_with_metadata/mdb-3117_stops.geojson,45,8237,coordinate_average,-120.895939,37.047471,-120.246257,37.521857,-120.55710011488486,37.30443422628208
California__Mission_Bay_Transportation_Management_Association_(TMA)__mdb_mdb-51,mdb-51,Mission Bay TMA,Mission Bay TMA,99358,,mdb-51_routes.geojson,mdb-51_stops.geojson,routes_with_metadata/mdb-51_routes.geojson,stops_with_metadata/mdb-51_stops.geojson,10,1907,coordinate_average,-122.416267,37.76596842986172,-122.3861005115656,37.793247,-122.39769492560202,37.7768511143663
California__Mission_Viejo__mdb_tld-7930,tld-7930,Mission Viejo,Mission Viejo,99358,,tld-7930_routes.geojson,tld-7930_stops.geojson,routes_with_metadata/tld-7930_routes.geojson,stops_with_metadata/tld-7930_stops.geojson,1,3319,coordinate_average,-117.67638,33.54019,-117.63439,33.64102,-117.65919121152622,33.578964436121794
California__Montebello_Bus_Lines__mdb_mdb-2201,mdb-2201,Montebello Bus Lines,Montebello Bus Lines,90041,,mdb-2201_routes.geojson,mdb-2201_stops.geojson,routes_with_metadata/mdb-2201_routes.geojson,stops_with_metadata/mdb-2201_stops.geojson,56,13076,coordinate_average,-118.26684,33.89091,-117.99433,34.11122,-118.12660617543528,34.0147218201286
California__Monterey-Salinas_Transit_(MST)__mdb_mdb-56,mdb-56,Monterey-Salinas Transit,Monterey-Salinas Transit,90062,,mdb-56_routes.geojson,mdb-56_stops.geojson,routes_with_metadata/mdb-56_routes.geojson,stops_with_metadata/mdb-56_stops.geojson,82,38873,coordinate_average,-121.9363,35.62043,-120.68794,37.00536,-121.59473100120996,36.54468395307795
California__Moorpark_City_Transit__mdb_mdb-578,mdb-578,Moorpark City Transit,Moorpark City Transit,90227,,mdb-578_routes.geojson,mdb-578_stops.geojson,routes_with_metadata/mdb-578_routes.geojson,stops_with_metadata/mdb-578_stops.geojson,6,4068,coordinate_average,-118.900956,34.26328,-118.834188,34.302869,-118.8668413445633,34.283748774124014
California__Morongo_Basin_Transit_Authority__mdb_mdb-579,mdb-579,Morongo Basin Transit Authority,Morongo Basin Transit Authority,91090,,mdb-579_routes.geojson,mdb-579_stops.geojson,routes_with_metadata/mdb-579_routes.geojson,stops_with_metadata/mdb-579_stops.geojson,27,15351,coordinate_average,-116.60855,33.823039,-116.036132,34.2952378374598,-116.33564679278103,34.103239435086536
California__Mountain_Transit__mdb_mdb-107,mdb-107,Mountain Transit,Mountain Transit,91012,,mdb-107_routes.geojson,mdb-107_stops.geojson,routes_with_metadata/mdb-107_routes.geojson,stops_with_metadata/mdb-107_stops.geojson,32,26986,coordinate_average,-117.326256,34.1005,-116.79056310782028,34.272545,-117.16714974792639,34.23326827923054
California__Mountain_View_Community_Shuttle__mdb_mdb-2883,mdb-2883,Mountain View Community Shuttle,Mountain View Community Shuttle,99462,,mdb-2883_routes.geojson,mdb-2883_stops.geojson,routes_with_metadata/mdb-2883_routes.geojson,stops_with_metadata/mdb-2883_stops.geojson,4,6329,coordinate_average,-122.10874,37.36947,-122.05949,37.41658,-122.08088134144475,37.391373907410255
California__Mountain_View_Transportation_Management_Association_(MVgo)__mdb_mdb-2880,mdb-2880,MVgo,MVgo,90314,,mdb-2880_routes.geojson,mdb-2880_stops.geojson,routes_with_metadata/mdb-2880_routes.geojson,stops_with_metadata/mdb-2880_stops.geojson,16,15648,coordinate_average,-122.11375,37.38692,-122.04656,37.4323,-122.08279355572348,37.40777195552157
California__Needles_Area_Transit__mdb_mdb-583,mdb-583,Needles Area Transit,Needles Area Transit,91020,,mdb-583_routes.geojson,mdb-583_stops.geojson,routes_with_metadata/mdb-583_routes.geojson,stops_with_metadata/mdb-583_stops.geojson,1,294,coordinate_average,-114.6244865404146,34.818531,-114.59482,34.85139137408299,-114.60915010940433,34.83871476567192
California__North_Lake_Tahoe_Express__mdb_mdb-2328,mdb-2328,North Lake Tahoe Express - 24 hour advance reservations required,North Lake Tahoe Express - 24 hour advance reservations required,99364,,mdb-2328_routes.geojson,mdb-2328_stops.geojson,routes_with_metadata/mdb-2328_routes.geojson,stops_with_metadata/mdb-2328_stops.geojson,6,16703,coordinate_average,-120.239174,39.139297,-119.746838,39.538434,-120.02900141832824,39.33393033941312
California__Norwalk_Transit_System__mdb_tld-881,tld-881,Norwalk Transit System,Norwalk Transit System,90022,,tld-881_routes.geojson,tld-881_stops.geojson,routes_with_metadata/tld-881_routes.geojson,stops_with_metadata/tld-881_stops.geojson,29,9734,coordinate_average,-118.134068,33.865575,-117.959162,34.072632,-118.06672788463162,33.93817313457958
California__OmniTrans__mdb_mdb-97,mdb-97,Omnitrans,Omnitrans,90029,,mdb-97_routes.geojson,mdb-97_stops.geojson,routes_with_metadata/mdb-97_routes.geojson,stops_with_metadata/mdb-97_stops.geojson,102,63544,coordinate_average,-117.752429,33.97617,-117.03444,34.1901,-117.3873911263877,34.08754378441866
California__Orange_County_Transportation_Authority_(OCTA)__mdb_mdb-15,mdb-15,Orange County Transportation Authority,Orange County Transportation Authority,90036,,mdb-15_routes.geojson,mdb-15_stops.geojson,routes_with_metadata/mdb-15_routes.geojson,stops_with_metadata/mdb-15_stops.geojson,157,124435,coordinate_average,-118.12111,33.39488,-117.57755,33.93975,-117.87709784103323,33.73140361967509
California__Palo_Verde_Valley_Transit_Agency__mdb_mdb-2190,mdb-2190,Palo Verde Valley Transit Agency,Palo Verde Valley Transit Agency,99454,,mdb-2190_routes.geojson,mdb-2190_stops.geojson,routes_with_metadata/mdb-2190_routes.geojson,stops_with_metadata/mdb-2190_stops.geojson,17,4901,coordinate_average,-116.54560675981918,33.521325,-114.562623,33.850455,-115.219436854646,33.66238176574128
California__Palos_Verdes_Peninsula_Transit_Authority_(PVPTA)__mdb_mdb-35,mdb-35,Palos Verdes Peninsula Transit Authority,Palos Verdes Peninsula Transit Authority,90287,,mdb-35_routes.geojson,mdb-35_stops.geojson,routes_with_metadata/mdb-35_routes.geojson,stops_with_metadata/mdb-35_stops.geojson,82,60924,coordinate_average,-118.423141,33.7206,-118.286978,33.819226,-118.36626612668358,33.768326027596196
California__Pasadena_Transit__mdb_mdb-41,mdb-41,Pasadena Transit,Pasadena Transit,99424,,mdb-41_routes.geojson,mdb-41_stops.geojson,routes_with_metadata/mdb-41_routes.geojson,stops_with_metadata/mdb-41_stops.geojson,33,5881,coordinate_average,-118.194421,34.109571,-118.06805,34.19824,-118.14425810729445,34.15791209403164
California__Petaluma_Transit__mdb_mdb-2947,mdb-2947,PETALUMA,PETALUMA,90213,,mdb-2947_routes.geojson,mdb-2947_stops.geojson,routes_with_metadata/mdb-2947_routes.geojson,stops_with_metadata/mdb-2947_stops.geojson,20,1991,coordinate_average,-122.669181254,38.216876,-122.5846,38.277764,-122.62878540110945,38.25013694804991
California__Placer_County_Transit__mdb_mdb-77,mdb-77,Placer County Transit,Placer County Transit,90196,,mdb-77_routes.geojson,mdb-77_stops.geojson,routes_with_metadata/mdb-77_routes.geojson,stops_with_metadata/mdb-77_stops.geojson,22,21599,coordinate_average,-121.51861000000002,38.571830000000006,-120.81066,39.207239473242495,-121.18788307409977,38.87283335715478
California__Plumas_Transit__mdb_mdb-119,mdb-119,Plumas Transit,Plumas Transit,99478,,mdb-119_routes.geojson,mdb-119_stops.geojson,routes_with_metadata/mdb-119_routes.geojson,stops_with_metadata/mdb-119_stops.geojson,26,19190,coordinate_average,-121.25352,39.766199,-120.037295269399,40.31588,-120.81725571531926,39.94504293305207
California__Redding_Area_Bus_Authority__mdb_mdb-3031,mdb-3031,Redding Area Bus Authority,Redding Area Bus Authority,90093,,mdb-3031_routes.geojson,mdb-3031_stops.geojson,routes_with_metadata/mdb-3031_routes.geojson,stops_with_metadata/mdb-3031_stops.geojson,22,16674,coordinate_average,-122.59749,38.5821,-121.49919,40.93814,-122.22869673100693,40.32830897537488
California__Riverside_Transit_Agency__mdb_mdb-98,mdb-98,Riverside Transit Agency,Riverside Transit Agency,90031,,mdb-98_routes.geojson,mdb-98_stops.geojson,routes_with_metadata/mdb-98_routes.geojson,stops_with_metadata/mdb-98_stops.geojson,115,199271,coordinate_average,-117.915866,33.450234,-116.875735,34.102822,-117.30589219841333,33.827912638015434
California__Rosemead_Explorer__mdb_mdb-3098,mdb-3098,City of Rosemead,City of Rosemead,90289,,mdb-3098_routes.geojson,mdb-3098_stops.geojson,routes_with_metadata/mdb-3098_routes.geojson,stops_with_metadata/mdb-3098_stops.geojson,2,1358,coordinate_average,-118.103727,34.036514,-118.058278,34.084278,-118.08038326650886,34.0625323629647
California__Roseville_Transit__mdb_mdb-1067,mdb-1067,Roseville Transit,Roseville Transit,99478,,mdb-1067_routes.geojson,mdb-1067_stops.geojson,routes_with_metadata/mdb-1067_routes.geojson,stops_with_metadata/mdb-1067_stops.geojson,43,37455,coordinate_average,-121.51563,38.57186,-121.2058,38.808098,-121.3492092004019,38.713509072434285
California__SamTrans__mdb_mdb-2708,mdb-2708,SamTrans,SamTrans,90009,,mdb-2708_routes.geojson,mdb-2708_stops.geojson,routes_with_metadata/mdb-2708_routes.geojson,stops_with_metadata/mdb-2708_stops.geojson,724,283728,coordinate_average,-122.517912,37.367756,-122.129692,37.793705,-122.40949605566774,37.624887962795
California__San_Benito_County_Express_(SBCE)__mdb_mdb-58,mdb-58,San Benito County Express,San Benito County Express,91009,,mdb-58_routes.geojson,mdb-58_stops.geojson,routes_with_metadata/mdb-58_routes.geojson,stops_with_metadata/mdb-58_stops.geojson,10,5225,coordinate_average,-121.583829,36.826861,-121.366582,37.0042991975716,-121.50720469979134,36.888641212580204
California__San_Clemente_Trolley__mdb_mdb-2362,mdb-2362,SC Trolley,SC Trolley,99470,,mdb-2362_routes.geojson,mdb-2362_stops.geojson,routes_with_metadata/mdb-2362_routes.geojson,stops_with_metadata/mdb-2362_stops.geojson,3,1618,coordinate_average,-117.65992,33.40494,-117.59773,33.4564,-117.6221056048273,33.427185937307385
"California__San_Diego_International_Airport,_Metropolitan_Transit_System_(MTS)__mdb_mdb-13",mdb-13,MTS | San Diego International Airport,MTS | San Diego International Airport,90026,,mdb-13_routes.geojson,mdb-13_stops.geojson,routes_with_metadata/mdb-13_routes.geojson,stops_with_metadata/mdb-13_stops.geojson,682,175281,coordinate_average,-117.27848816,32.54209137,-116.18447113,33.25720215,-117.01764382096492,32.77522568488903
California__San_Francisco_Bay_Area_Water_Emergency_Transportation_Authority_(WETA)__mdb_mdb-3143,mdb-3143,San Francisco Bay Ferry,San Francisco Bay Ferry,90225,,mdb-3143_routes.geojson,mdb-3143_stops.geojson,routes_with_metadata/mdb-3143_routes.geojson,stops_with_metadata/mdb-3143_stops.geojson,42,1749,coordinate_average,-122.436398867,37.662675907,-122.24384954619582,38.101469539205766,-122.33461729133461,37.84475674651163
California__San_Joaquin_Regional_Transit_District_(RTD)__mdb_mdb-886,mdb-886,San Joaquin Regional Transit District (RTD),San Joaquin Regional Transit District (RTD),90012,,mdb-886_routes.geojson,mdb-886_stops.geojson,routes_with_metadata/mdb-886_routes.geojson,stops_with_metadata/mdb-886_stops.geojson,110,53378,coordinate_average,-121.90002,37.69801,-120.99358,38.581029,-121.31790239780437,37.92786736490739
California__San_Juan_Capistrano_Free_Weekend_Trolley__mdb_mdb-2235,mdb-2235,San Juan Capistrano,San Juan Capistrano,99470,,mdb-2235_routes.geojson,mdb-2235_stops.geojson,routes_with_metadata/mdb-2235_routes.geojson,stops_with_metadata/mdb-2235_stops.geojson,1,287,coordinate_average,-117.68556920161,33.473547,-117.662475219656,33.5079643630537,-117.66975911821523,33.490757957257415
California__San_Luis_Obispo_Regional_Transit_Authority_(SLORTA)__mdb_mdb-43,mdb-43,RTA - SCT - Paso,RTA - SCT - Paso,90206,,mdb-43_routes.geojson,mdb-43_stops.geojson,routes_with_metadata/mdb-43_routes.geojson,stops_with_metadata/mdb-43_stops.geojson,60,34881,coordinate_average,-121.18733,34.93828,-120.40904,35.75439,-120.70766841853468,35.358687914309144
California__Santa_Barbara_Metropolitan_Transit_District_(MTD)__mdb_mdb-1246,mdb-1246,SBMTD,SBMTD,90020,,mdb-1246_routes.geojson,mdb-1246_stops.geojson,routes_with_metadata/mdb-1246_routes.geojson,stops_with_metadata/mdb-1246_stops.geojson,111,80622,coordinate_average,-119.90632,34.38319,-119.48014,34.4553,-119.76908898967925,34.42828093379069
California__Santa_Clara_Valley_Transportation_Authority_(VTA)__mdb_mdb-57,mdb-57,VTA,VTA,90013,,mdb-57_routes.geojson,mdb-57_stops.geojson,routes_with_metadata/mdb-57_routes.geojson,stops_with_metadata/mdb-57_stops.geojson,300,144327,coordinate_average,-122.17421722,36.97474289,-121.54877472,37.45846176,-121.9391466832609,37.33675068857591
California__Santa_Clarita_Transit__mdb_mdb-812,mdb-812,Santa Clarita Transit,Santa Clarita Transit,90171,,mdb-812_routes.geojson,mdb-812_stops.geojson,routes_with_metadata/mdb-812_routes.geojson,stops_with_metadata/mdb-812_stops.geojson,94,5655,coordinate_average,-118.66321476628,34.04305395419,-118.21931041768,34.497403960098,-118.52214061017928,34.39316746022951
California__Santa_Cruz_Metro_(SCMTD)__mdb_mdb-2425,mdb-2425,Santa Cruz METRO,Santa Cruz METRO,90006,,mdb-2425_routes.geojson,mdb-2425_stops.geojson,routes_with_metadata/mdb-2425_routes.geojson,stops_with_metadata/mdb-2425_stops.geojson,78,123644,coordinate_average,-122.22245,36.901823,-121.732071,37.339183,-121.99408157773264,37.04163045939226
California__Santa_Maria_Area_Transit__mdb_mdb-2272,mdb-2272,Santa Maria Regional Transit (Home),Santa Maria Regional Transit (Home),90087,,mdb-2272_routes.geojson,mdb-2272_stops.geojson,routes_with_metadata/mdb-2272_routes.geojson,stops_with_metadata/mdb-2272_stops.geojson,46,45999,coordinate_average,-120.7016,34.59389,-120.08179,35.2882,-120.4482729894138,34.885775643165886
California__Santa_Rosa_CityBus__mdb_mdb-2948,mdb-2948,SANTAROSA,SANTAROSA,90017,,mdb-2948_routes.geojson,mdb-2948_stops.geojson,routes_with_metadata/mdb-2948_routes.geojson,stops_with_metadata/mdb-2948_stops.geojson,35,5463,coordinate_average,-122.770333,38.401842,-122.5743922639,38.480726,-122.70902889522205,38.44503561337454
California__Santa_Ynez_Valley_Transit__mdb_mdb-813,mdb-813,Santa Ynez Valley Transit,Santa Ynez Valley Transit,91028,,mdb-813_routes.geojson,mdb-813_stops.geojson,routes_with_metadata/mdb-813_routes.geojson,stops_with_metadata/mdb-813_stops.geojson,4,347,coordinate_average,-120.20700073,34.59389114,-120.07653809,34.66558838,-120.12684813403453,34.61150253092216
California__Santa_Ynez_Valley_Transit__mdb_tld-1301,tld-1301,Santa Ynez Valley Transit,Santa Ynez Valley Transit,91028,,tld-1301_routes.geojson,tld-1301_stops.geojson,routes_with_metadata/tld-1301_routes.geojson,stops_with_metadata/tld-1301_stops.geojson,4,347,coordinate_average,-120.20700073,34.59389114,-120.07653809,34.66558838,-120.12684813403453,34.61150253092216
California__Simi_Valley_Transit__mdb_mdb-40,mdb-40,Simi Valley Transit,Simi Valley Transit,90050,,mdb-40_routes.geojson,mdb-40_stops.geojson,routes_with_metadata/mdb-40_routes.geojson,stops_with_metadata/mdb-40_stops.geojson,12,3666,coordinate_average,-118.844065018894,34.249971,-118.598718,34.3028626559958,-118.73199013556373,34.27943617671531
California__Siskiyou_County__mdb_mdb-117,mdb-117,Siskiyou Transit and General Express,Siskiyou Transit and General Express,91048,,mdb-117_routes.geojson,mdb-117_stops.geojson,routes_with_metadata/mdb-117_routes.geojson,stops_with_metadata/mdb-117_stops.geojson,31,40466,coordinate_average,-123.38347882,41.148215,-122.127884,41.908368588720776,-122.57550027073722,41.561382664509146
California__SolTrans__mdb_mdb-80,mdb-80,SolTrans,SolTrans,90232,,mdb-80_routes.geojson,mdb-80_stops.geojson,routes_with_metadata/mdb-80_routes.geojson,stops_with_metadata/mdb-80_stops.geojson,46,30660,coordinate_average,-122.396068,37.785079,-121.839933,38.461288,-122.16960275166475,38.10314210303316
California__Sonoma_County_Transit_(SCT)__mdb_mdb-70,mdb-70,Sonoma County Transit,Sonoma County Transit,90089,,mdb-70_routes.geojson,mdb-70_stops.geojson,routes_with_metadata/mdb-70_routes.geojson,stops_with_metadata/mdb-70_stops.geojson,72,30310,coordinate_average,-123.054376,38.232835,-122.457574,38.812406,-122.77289826976337,38.43473555382293
California__Sonoma_Marin_Area_Rail_Transit_(SMART)__mdb_mdb-3222,mdb-3222,Sonoma-Marin Area Rail Transit,Sonoma-Marin Area Rail Transit,90299,,mdb-3222_routes.geojson,mdb-3222_stops.geojson,routes_with_metadata/mdb-3222_routes.geojson,stops_with_metadata/mdb-3222_stops.geojson,2,1706,coordinate_average,-122.818517736,37.9477952275,-122.5075064508,38.549127456,-122.58517679180964,38.137348950364164
California__Spirit_Bus__mdb_mdb-2202,mdb-2202,City of Monterey Park,City of Monterey Park,90286,,mdb-2202_routes.geojson,mdb-2202_stops.geojson,routes_with_metadata/mdb-2202_routes.geojson,stops_with_metadata/mdb-2202_stops.geojson,4,1799,coordinate_average,-118.171654,34.033439,-118.109364,34.069802,-118.14008249212677,34.051790297218915
California__Stanford_Marguerite_Shuttle_(SMS)__mdb_mdb-59,mdb-59,Stanford Marguerite Shuttle,Stanford Marguerite Shuttle,90191,,mdb-59_routes.geojson,mdb-59_stops.geojson,routes_with_metadata/mdb-59_routes.geojson,stops_with_metadata/mdb-59_stops.geojson,29,3400,coordinate_average,-122.23117065,37.39276123,-121.97377777,37.57096863,-122.16145722655854,37.43511883749108
California__Stanislaus_Regional_Transit_(StaRT)__mdb_mdb-2273,mdb-2273,The S,The S,90306,,mdb-2273_routes.geojson,mdb-2273_stops.geojson,routes_with_metadata/mdb-2273_routes.geojson,stops_with_metadata/mdb-2273_stops.geojson,59,21601,coordinate_average,-121.900383,37.31111,-120.748921,37.961695,-121.07676600333244,37.6400744445165
California__SunLine_Transit_Agency__mdb_tld-461,tld-461,SUNLINE,SUNLINE,90079,,tld-461_routes.geojson,tld-461_stops.geojson,routes_with_metadata/tld-461_routes.geojson,stops_with_metadata/tld-461_stops.geojson,37,14770,coordinate_average,-117.334199,33.522575,-115.921186,34.180299,-116.4951392026418,33.815642462820904
California__Taft_Area_Transit__mdb_mdb-2236,mdb-2236,Taft - Maricopa Area Transit,Taft - Maricopa Area Transit,91066,,mdb-2236_routes.geojson,mdb-2236_stops.geojson,routes_with_metadata/mdb-2236_routes.geojson,stops_with_metadata/mdb-2236_stops.geojson,3,453,coordinate_average,-119.465149,35.055944,-119.398677,35.151298720023,-119.42297990933848,35.09887592460345
"California__Tahoe_Area_Regional_Transit_(TART),_North_Lake_Tahoe_Express__mdb_mdb-94",mdb-94,Tahoe Truckee Area Regional Transit,Tahoe Truckee Area Regional Transit,91101,,mdb-94_routes.geojson,mdb-94_stops.geojson,routes_with_metadata/mdb-94_routes.geojson,stops_with_metadata/mdb-94_stops.geojson,27,23917,coordinate_average,-120.235656,39.057553,-119.928622,39.345496175690215,-120.10477278901573,39.22812717949932
California__Tahoe_Transportation_District__mdb_mdb-897,mdb-897,Tahoe Transportation District,Tahoe Transportation District,99478,,mdb-897_routes.geojson,mdb-897_stops.geojson,routes_with_metadata/mdb-897_routes.geojson,stops_with_metadata/mdb-897_stops.geojson,13,7140,coordinate_average,-120.010116,38.894235,-119.739282,39.25164495777635,-119.91154592282923,39.045656899877876
California__Thousand_Oaks_Transit__mdb_mdb-3100,mdb-3100,Thousand Oaks Transit,Thousand Oaks Transit,90165,,mdb-3100_routes.geojson,mdb-3100_stops.geojson,routes_with_metadata/mdb-3100_routes.geojson,stops_with_metadata/mdb-3100_stops.geojson,21,15994,coordinate_average,-118.98252233863,34.148201,-118.816986,34.227486,-118.88915337247907,34.18773750103779
California__Tri_Delta_Transit__mdb_mdb-1974,mdb-1974,Tri Delta Transit,Tri Delta Transit,90162,,mdb-1974_routes.geojson,mdb-1974_stops.geojson,routes_with_metadata/mdb-1974_routes.geojson,stops_with_metadata/mdb-1974_stops.geojson,22,10283,coordinate_average,-122.139957,37.918548,-121.693723,38.040084,-121.85940179645965,37.9982898960419
California__Tri_Delta_Transit__mdb_ntd-90162,ntd-90162,Tri Delta Transit,Tri Delta Transit,90162,,ntd-90162_routes.geojson,ntd-90162_stops.geojson,routes_with_metadata/ntd-90162_routes.geojson,stops_with_metadata/ntd-90162_stops.geojson,26,11254,coordinate_average,-122.139957,37.918548,-121.693723,38.040084,-121.85159274897735,37.99651513168639
California__Trinity_Transit__mdb_mdb-2709,mdb-2709,Trinity Transit,Trinity Transit,91035,,mdb-2709_routes.geojson,mdb-2709_stops.geojson,routes_with_metadata/mdb-2709_routes.geojson,stops_with_metadata/mdb-2709_stops.geojson,10,10273,coordinate_average,-123.63147,40.5513,-122.31774,40.940243,-122.8744116746808,40.677643477951904
California__Tulare_County_Area_Transit_(TCAT)__mdb_mdb-646,mdb-646,Tulare County Regional Transit Agency,Tulare County Regional Transit Agency,91055,,mdb-646_routes.geojson,mdb-646_stops.geojson,routes_with_metadata/mdb-646_routes.geojson,stops_with_metadata/mdb-646_stops.geojson,57,28902,coordinate_average,-119.458437,35.761383,-118.7368813883719,36.609631,-119.16725261620809,36.26346992753988
California__Turlock_Transit__mdb_mdb-619,mdb-619,Turlock Transit,Turlock Transit,90201,,mdb-619_routes.geojson,mdb-619_stops.geojson,routes_with_metadata/mdb-619_routes.geojson,stops_with_metadata/mdb-619_stops.geojson,10,1322,coordinate_average,-120.889980377384,37.478133,-120.83067,37.529351,-120.85860563017167,37.50568030465729
California__Unitrans__mdb_mdb-82,mdb-82,Unitrans,Unitrans,90142,,mdb-82_routes.geojson,mdb-82_stops.geojson,routes_with_metadata/mdb-82_routes.geojson,stops_with_metadata/mdb-82_stops.geojson,111,8145,coordinate_average,-121.789345,38.530073,-121.5869,38.693629,-121.74186637114795,38.55137370435839
California__Ventura_County_Transportation_Commission__mdb_mdb-3096,mdb-3096,VCTC Intercity,VCTC Intercity,90164,,mdb-3096_routes.geojson,mdb-3096_stops.geojson,routes_with_metadata/mdb-3096_routes.geojson,stops_with_metadata/mdb-3096_stops.geojson,52,33741,coordinate_average,-119.891739,34.13782,-118.570912,34.443896,-119.23505008421422,34.30179818776206
California__VINE_Transit__mdb_mdb-1288,mdb-1288,VINE Transit,VINE Transit,91027,,mdb-1288_routes.geojson,mdb-1288_stops.geojson,routes_with_metadata/mdb-1288_routes.geojson,stops_with_metadata/mdb-1288_stops.geojson,32,23543,coordinate_average,-122.580521,37.923588,-122.037808,38.583758611386855,-122.281328750264,38.254133127743025
California__Visalia_Transit__mdb_ntd-90091,ntd-90091,VISALIA TRANSIT,VISALIA TRANSIT,90091,,ntd-90091_routes.geojson,ntd-90091_stops.geojson,routes_with_metadata/ntd-90091_routes.geojson,stops_with_metadata/ntd-90091_stops.geojson,63,6739,coordinate_average,-119.801438,36.211808,-119.135995,36.810681,-119.34317628179271,36.346864955038
California__West_Berkeley_Shuttle__mdb_mdb-2238,mdb-2238,West Berkeley Shuttle,West Berkeley Shuttle,90191,,mdb-2238_routes.geojson,mdb-2238_stops.geojson,routes_with_metadata/mdb-2238_routes.geojson,stops_with_metadata/mdb-2238_stops.geojson,3,664,coordinate_average,-122.295318412756,37.85086,-122.27002,37.860724175776,-122.28594604798005,37.85455378704002
California__WestCAT__mdb_mdb-78,mdb-78,WestCat (Western Contra Costa),WestCat (Western Contra Costa),90159,,mdb-78_routes.geojson,mdb-78_stops.geojson,routes_with_metadata/mdb-78_routes.geojson,stops_with_metadata/mdb-78_stops.geojson,43,14948,coordinate_average,-122.39863242628157,37.784559195,-122.11452973872736,38.055896,-122.29588556254429,37.97178317123182
California__Yosemite_Area_Regional_Transportation_System_(YARTS)__mdb_mdb-2394,mdb-2394,Yosemite Area Regional Transportation System,Yosemite Area Regional Transportation System,91070,,mdb-2394_routes.geojson,mdb-2394_stops.geojson,routes_with_metadata/mdb-2394_routes.geojson,stops_with_metadata/mdb-2394_stops.geojson,19,52850,coordinate_average,-120.515545,36.73813,-118.918293,37.983348,-119.84052119710533,37.62282363123894
California__Yosemite_National_Park__mdb_tld-6679,tld-6679,National Park Service,National Park Service,99468,,tld-6679_routes.geojson,tld-6679_stops.geojson,routes_with_metadata/tld-6679_routes.geojson,stops_with_metadata/tld-6679_stops.geojson,1,653,coordinate_average,-119.630797,37.4992,-119.61084,37.50756,-119.62218588667676,37.50307047166914
California__Yosemite_National_Park__mdb_tld-6681,tld-6681,National Park Service,National Park Service,99468,,tld-6681_routes.geojson,tld-6681_stops.geojson,routes_with_metadata/tld-6681_routes.geojson,stops_with_metadata/tld-6681_stops.geojson,2,1753,coordinate_average,-119.63205,37.72104,-119.557,37.74849,-119.58300366799764,37.74047142612664
California__Yuba-Sutter_Transit__mdb_mdb-79,mdb-79,Yuba-Sutter Transit,Yuba-Sutter Transit,90061,,mdb-79_routes.geojson,mdb-79_stops.geojson,routes_with_metadata/mdb-79_routes.geojson,stops_with_metadata/mdb-79_stops.geojson,50,15043,coordinate_average,-121.6739682944673,38.57183,-121.2537737313376,39.45723118630727,-121.54785460713723,38.96091759470628
Colorado__All_Points_Transit__mdb_mdb-2039,mdb-2039,All Points Transit,All Points Transit,88215,,mdb-2039_routes.geojson,mdb-2039_stops.geojson,routes_with_metadata/mdb-2039_routes.geojson,stops_with_metadata/mdb-2039_stops.geojson,7,3987,coordinate_average,-108.077303,38.021665,-107.670111,38.75733659227916,-107.89342628440238,38.47379345006775
Colorado__All_Points_Transit__mdb_mdb-212,mdb-212,All Points Transit,All Points Transit,88215,,mdb-212_routes.geojson,mdb-212_stops.geojson,routes_with_metadata/mdb-212_routes.geojson,stops_with_metadata/mdb-212_stops.geojson,7,3987,coordinate_average,-108.077303,38.021665,-107.670111,38.75733659227916,-107.89342628440238,38.47379345006775
Colorado__Avon_Transit__mdb_mdb-2433,mdb-2433,Avon Transit,Avon Transit,88228,,mdb-2433_routes.geojson,mdb-2433_stops.geojson,routes_with_metadata/mdb-2433_routes.geojson,stops_with_metadata/mdb-2433_stops.geojson,4,1152,coordinate_average,-106.5381162,39.60389784,-106.4933139,39.63989053100005,-106.51801550303834,39.63089042851562
Colorado__Blackhawk_and_Central_City_Tramway__mdb_mdb-2041,mdb-2041,Blackhawk and Central City Tramway,Blackhawk and Central City Tramway,80119,,mdb-2041_routes.geojson,mdb-2041_stops.geojson,routes_with_metadata/mdb-2041_routes.geojson,stops_with_metadata/mdb-2041_stops.geojson,2,279,coordinate_average,-105.512611,39.79806508087242,-105.48187842585908,39.802376,-105.49828267421447,39.80029873170217
Colorado__Blackhawk_and_Central_City_Tramway__mdb_mdb-234,mdb-234,Blackhawk and Central City Tramway,Blackhawk and Central City Tramway,80119,,mdb-234_routes.geojson,mdb-234_stops.geojson,routes_with_metadata/mdb-234_routes.geojson,stops_with_metadata/mdb-234_stops.geojson,2,279,coordinate_average,-105.512611,39.79806508087242,-105.48187842585908,39.802376,-105.49828267421447,39.80029873170217
Colorado__Bustang_Outrider__mdb_mdb-2330,mdb-2330,Bustang Outrider,Bustang Outrider,88300,,mdb-2330_routes.geojson,mdb-2330_stops.geojson,routes_with_metadata/mdb-2330_routes.geojson,stops_with_metadata/mdb-2330_stops.geojson,14,53275,coordinate_average,-108.567077041365,37.172564,-102.618195,40.624174,-106.03347531119574,38.87154723406922
Colorado__City_of_Fountain_Transit__mdb_mdb-309,mdb-309,City of Fountain Transit,City of Fountain Transit,88287,,mdb-309_routes.geojson,mdb-309_stops.geojson,routes_with_metadata/mdb-309_routes.geojson,stops_with_metadata/mdb-309_stops.geojson,3,2503,coordinate_average,-104.786594,38.664301,-104.680983,38.76939670560287,-104.71992576666393,38.718364272172344
Colorado__Clear_Creek_County_Transit__mdb_mdb-313,mdb-313,Clear Creek County Transit,Clear Creek County Transit,88290,,mdb-313_routes.geojson,mdb-313_stops.geojson,routes_with_metadata/mdb-313_routes.geojson,stops_with_metadata/mdb-313_stops.geojson,6,3699,coordinate_average,-105.726275,39.691244,-105.327593,39.766814,-105.51294991654103,39.73275000522582
Colorado__Colorado_Mountain_Express__mdb_mdb-172,mdb-172,Epic Mountain Express,Epic Mountain Express,80159,,mdb-172_routes.geojson,mdb-172_stops.geojson,routes_with_metadata/mdb-172_routes.geojson,stops_with_metadata/mdb-172_stops.geojson,10,28031,coordinate_average,-106.955543,39.484578,-104.665562,39.851618,-105.70129635268,39.699443099532886
Colorado__Colorado_School_Of_Mines__mdb_mdb-2413,mdb-2413,City of Golden,City of Golden,80274,,mdb-2413_routes.geojson,mdb-2413_stops.geojson,routes_with_metadata/mdb-2413_routes.geojson,stops_with_metadata/mdb-2413_stops.geojson,6,2794,coordinate_average,-105.234197,39.72637960417802,-105.198577,39.767144,-105.21720369405148,39.7443135274589
Colorado__Cripple_Creek_Transportation__mdb_mdb-2042,mdb-2042,Cripple Creek Transportation,Cripple Creek Transportation,88294,,mdb-2042_routes.geojson,mdb-2042_stops.geojson,routes_with_metadata/mdb-2042_routes.geojson,stops_with_metadata/mdb-2042_stops.geojson,6,2596,coordinate_average,-105.184697,38.709961,-105.04991769174926,38.99467041733757,-105.14714663819211,38.81238025444841
Colorado__Cripple_Creek_Transportation__mdb_mdb-317,mdb-317,Cripple Creek Transportation,Cripple Creek Transportation,88294,,mdb-317_routes.geojson,mdb-317_stops.geojson,routes_with_metadata/mdb-317_routes.geojson,stops_with_metadata/mdb-317_stops.geojson,6,2596,coordinate_average,-105.184697,38.709961,-105.04991769174926,38.99467041733757,-105.14714663819211,38.81238025444841
Colorado__Durango_Transit__mdb_mdb-456,mdb-456,Durango Transit,Durango Transit,80206,,mdb-456_routes.geojson,mdb-456_stops.geojson,routes_with_metadata/mdb-456_routes.geojson,stops_with_metadata/mdb-456_stops.geojson,6,2688,coordinate_average,-107.91429,37.21941,-107.82011,37.32278,-107.86519634002987,37.2529298671875
Colorado__Envida__mdb_mdb-2044,mdb-2044,Envida,Envida,88288,,mdb-2044_routes.geojson,mdb-2044_stops.geojson,routes_with_metadata/mdb-2044_routes.geojson,stops_with_metadata/mdb-2044_stops.geojson,11,7233,coordinate_average,-104.803738,38.937887,-104.16373,39.12237631652505,-104.58660135637965,38.97648843847495
Colorado__Envida__mdb_mdb-455,mdb-455,Envida,Envida,88288,,mdb-455_routes.geojson,mdb-455_stops.geojson,routes_with_metadata/mdb-455_routes.geojson,stops_with_metadata/mdb-455_stops.geojson,21,12538,coordinate_average,-104.803738,38.834856,-104.092141,39.12237631652505,-104.57068914796295,38.931673537016344
Colorado__Estes_Transit__mdb_mdb-2047,mdb-2047,Estes Transit,Estes Transit,88305,,mdb-2047_routes.geojson,mdb-2047_stops.geojson,routes_with_metadata/mdb-2047_routes.geojson,stops_with_metadata/mdb-2047_stops.geojson,5,2346,coordinate_average,-105.587349,40.340247,-105.48726775665844,40.402565,-105.53041564865212,40.37544323412326
Colorado__Estes_Transit__mdb_mdb-459,mdb-459,Estes Transit,Estes Transit,88305,,mdb-459_routes.geojson,mdb-459_stops.geojson,routes_with_metadata/mdb-459_routes.geojson,stops_with_metadata/mdb-459_stops.geojson,5,2346,coordinate_average,-105.587349,40.340247,-105.48726775665844,40.402565,-105.53041564865212,40.37544323412326
Colorado__Greeley-Evans_Transit_(GET)__mdb_mdb-2076,mdb-2076,Gallop,Gallop,80010,,mdb-2076_routes.geojson,mdb-2076_stops.geojson,routes_with_metadata/mdb-2076_routes.geojson,stops_with_metadata/mdb-2076_stops.geojson,14,2166,coordinate_average,-105.087958,40.375899,-104.677808,40.582135,-104.78736109741457,40.43166158356426
Colorado__Gunnison_Valley_Transportation_Authority_(RTA)__mdb_mdb-163,mdb-163,Gunnison Valley RTA,Gunnison Valley RTA,80150,,mdb-163_routes.geojson,mdb-163_stops.geojson,routes_with_metadata/mdb-163_routes.geojson,stops_with_metadata/mdb-163_stops.geojson,2,616,coordinate_average,-106.981194,38.544395,-106.84542,38.900977,-106.90493528084416,38.74090973376621
Colorado__Home_James__mdb_mdb-607,mdb-607,Home James,Home James,80124,,mdb-607_routes.geojson,mdb-607_stops.geojson,routes_with_metadata/mdb-607_routes.geojson,stops_with_metadata/mdb-607_stops.geojson,2,13536,coordinate_average,-105.957862,39.695174,-104.665562,40.259551,-105.64405434356947,39.91575006406966
Colorado__Parachute_Area_Transit_System__mdb_tld-5746,tld-5746,Parachute Area Transit System,Parachute Area Transit System,88215,,tld-5746_routes.geojson,tld-5746_stops.geojson,routes_with_metadata/tld-5746_routes.geojson,stops_with_metadata/tld-5746_stops.geojson,14,6637,coordinate_average,-108.05547283357478,39.423186,-107.76668322627592,39.54783,-107.97130837674723,39.47095728873467
Colorado__Prairie_Express_Transit__mdb_mdb-801,mdb-801,Prairie Express Transit,Prairie Express Transit,88230,,mdb-801_routes.geojson,mdb-801_stops.geojson,routes_with_metadata/mdb-801_routes.geojson,stops_with_metadata/mdb-801_stops.geojson,2,860,coordinate_average,-103.237575,40.610664,-103.160701,40.64324,-103.20392649855265,40.626231940187594
Colorado__Pueblo_Transit__mdb_mdb-1232,mdb-1232,Pueblo Transit,Pueblo Transit,80007,,mdb-1232_routes.geojson,mdb-1232_stops.geojson,routes_with_metadata/mdb-1232_routes.geojson,stops_with_metadata/mdb-1232_stops.geojson,27,3114,coordinate_average,-104.674854,38.21555474,-104.56132139600038,38.332630408548425,-104.61954516868153,38.2755506324983
Colorado__Pueblo_Transit__mdb_mdb-2232,mdb-2232,Pueblo Transit,Pueblo Transit,80007,,mdb-2232_routes.geojson,mdb-2232_stops.geojson,routes_with_metadata/mdb-2232_routes.geojson,stops_with_metadata/mdb-2232_stops.geojson,27,3114,coordinate_average,-104.674854,38.21555474,-104.56132139600038,38.332630408548425,-104.61954516868153,38.2755506324983
Colorado__Regional_Transportation_District_(RTD)__mdb_mdb-178,mdb-178,Regional Transportation District,Regional Transportation District,80006,,mdb-178_routes.geojson,mdb-178_stops.geojson,routes_with_metadata/mdb-178_routes.geojson,stops_with_metadata/mdb-178_stops.geojson,486,382311,coordinate_average,-105.525926,39.4565,-104.669327,40.206721,-105.00698859017601,39.80779639469312
Colorado__Regional_Transportation_District_(RTD)__mdb_mdb-2280,mdb-2280,Colorado Department of Transportation,Colorado Department of Transportation,80006,,mdb-2280_routes.geojson,mdb-2280_stops.geojson,routes_with_metadata/mdb-2280_routes.geojson,stops_with_metadata/mdb-2280_stops.geojson,28,108994,coordinate_average,-108.56452,38.835224,-104.80092,40.590821,-105.67191450006396,39.734694980889316
Colorado__Regional_Transportation_District__mdb_mdb-2054,mdb-2054,Regional Transportation District,Regional Transportation District,80006,,mdb-2054_routes.geojson,mdb-2054_stops.geojson,routes_with_metadata/mdb-2054_routes.geojson,stops_with_metadata/mdb-2054_stops.geojson,536,388214,coordinate_average,-105.525926,39.4565,-104.669327,40.206721,-105.0064252984145,39.80735267814318
Colorado__RoadrunnerTransit__mdb_mdb-805,mdb-805,Road Runner Transit,Road Runner Transit,80189,,mdb-805_routes.geojson,mdb-805_stops.geojson,routes_with_metadata/mdb-805_routes.geojson,stops_with_metadata/mdb-805_stops.geojson,3,3662,coordinate_average,-107.884929,37.099075,-107.58599563322066,37.272869,-107.72335042113214,37.201305836166945
Colorado__Roaring_Fork_Transportation_Authority__mdb_mdb-2278,mdb-2278,RFTA,RFTA,80289,,mdb-2278_routes.geojson,mdb-2278_stops.geojson,routes_with_metadata/mdb-2278_routes.geojson,stops_with_metadata/mdb-2278_stops.geojson,43,98305,coordinate_average,-107.78459,39.18071,-106.80091,39.57517,-107.1140837703484,39.37833490352472
Colorado__Rocky_Mountain_National_Park__mdb_mdb-3211,mdb-3211,Rocky Mountain National Park Shuttles,Rocky Mountain National Park Shuttles,88286,,mdb-3211_routes.geojson,mdb-3211_stops.geojson,routes_with_metadata/mdb-3211_routes.geojson,stops_with_metadata/mdb-3211_stops.geojson,6,3942,coordinate_average,-105.64579994557003,40.308086,-105.513329,40.379833,-105.5973627203413,40.340994309657965
Colorado__Rocky_Mountain_National_Park_Shuttles__mdb_mdb-176,mdb-176,Rocky Mountain National Park Shuttles,Rocky Mountain National Park Shuttles,88286,,mdb-176_routes.geojson,mdb-176_stops.geojson,routes_with_metadata/mdb-176_routes.geojson,stops_with_metadata/mdb-176_stops.geojson,6,3942,coordinate_average,-105.64579994557003,40.308086,-105.513329,40.379833,-105.5973627203413,40.340994309657965
Colorado__San_Miguel_County__mdb_mdb-2195,mdb-2195,Town of Mountain Village | Town of Telluride | SMART,Town of Mountain Village | Town of Telluride | SMART,88294,,mdb-2195_routes.geojson,mdb-2195_stops.geojson,routes_with_metadata/mdb-2195_routes.geojson,stops_with_metadata/mdb-2195_stops.geojson,30,22479,coordinate_average,-108.567923,37.69291,-107.726735,38.481006,-108.0142280924223,38.02483402824062
Colorado__Snowmass_Village_Transportation__mdb_mdb-164,mdb-164,Snowmass,Snowmass,80263,,mdb-164_routes.geojson,mdb-164_stops.geojson,routes_with_metadata/mdb-164_routes.geojson,stops_with_metadata/mdb-164_stops.geojson,2,599,coordinate_average,-106.957259,39.207109,-106.882785,39.250722,-106.9229012923206,39.22548640584313
"Colorado__Steamboat_Springs_Transit,_Yellow_Zone__mdb_tld-5757",tld-5757,Steamboat Springs Transit | Yellow Zone,Steamboat Springs Transit | Yellow Zone,80186,,tld-5757_routes.geojson,tld-5757_stops.geojson,routes_with_metadata/tld-5757_routes.geojson,stops_with_metadata/tld-5757_stops.geojson,13,6810,coordinate_average,-107.595953,40.442103,-106.799423,40.537909,-106.95320357953075,40.482484015958335
Colorado__Steamboat_Springs_Transit__mdb_mdb-2051,mdb-2051,Steamboat Springs Transit | Yellow Zone,Steamboat Springs Transit | Yellow Zone,80186,,mdb-2051_routes.geojson,mdb-2051_stops.geojson,routes_with_metadata/mdb-2051_routes.geojson,stops_with_metadata/mdb-2051_stops.geojson,13,6718,coordinate_average,-107.595953,40.442103,-106.799423,40.537909,-106.95506256409718,40.482750672324556
Colorado__Summit_Stage__mdb_mdb-820,mdb-820,Summit Stage,Summit Stage,80161,,mdb-820_routes.geojson,mdb-820_stops.geojson,routes_with_metadata/mdb-820_routes.geojson,stops_with_metadata/mdb-820_stops.geojson,39,19815,coordinate_average,-106.303558,39.221301,-105.871988251504,39.659696,-106.04351466128705,39.55037734393881
Colorado__Teller_Senior_Coalition_Transit_(TSC_Transit)__mdb_mdb-827,mdb-827,TSC Transit,TSC Transit,88230,,mdb-827_routes.geojson,mdb-827_stops.geojson,routes_with_metadata/mdb-827_routes.geojson,stops_with_metadata/mdb-827_stops.geojson,5,2634,coordinate_average,-105.076439,38.936092,-105.015503,39.013969,-105.05079731779432,38.982774475795466
Colorado__Town_of_Estes_Park__mdb_mdb-177,mdb-177,Estes Transit,Estes Transit,88281,,mdb-177_routes.geojson,mdb-177_stops.geojson,routes_with_metadata/mdb-177_routes.geojson,stops_with_metadata/mdb-177_stops.geojson,5,2346,coordinate_average,-105.587349,40.340247,-105.48726775665844,40.402565,-105.53041564865212,40.37544323412326
Colorado__Town_of_Telluride__mdb_mdb-2050,mdb-2050,Town of Mountain Village | Town of Telluride | SMART,Town of Mountain Village | Town of Telluride | SMART,88294,,mdb-2050_routes.geojson,mdb-2050_stops.geojson,routes_with_metadata/mdb-2050_routes.geojson,stops_with_metadata/mdb-2050_stops.geojson,27,19232,coordinate_average,-108.567923,37.69291,-107.726735,38.481006,-107.99848338395896,38.021333123817165
Colorado__University_of_Colorado_Boulder__mdb_mdb-181,mdb-181,University of Colorado Boulder,University of Colorado Boulder,88287,,mdb-181_routes.geojson,mdb-181_stops.geojson,routes_with_metadata/mdb-181_routes.geojson,stops_with_metadata/mdb-181_stops.geojson,5,710,coordinate_average,-105.271315656,39.99622938257528,-105.24292,40.00993,-105.25656999890577,40.005117176994425
Colorado__Upper_Arkansas_Area_Council_of_Governments__mdb_mdb-2188,mdb-2188,Fremont County Transit | Wet Mountain Valley Rotary Van Service,Fremont County Transit | Wet Mountain Valley Rotary Van Service,80274,,mdb-2188_routes.geojson,mdb-2188_stops.geojson,routes_with_metadata/mdb-2188_routes.geojson,stops_with_metadata/mdb-2188_stops.geojson,3,12,coordinate_average,-105.23474804025832,38.27098230562935,-104.61238466821588,38.44953933751561,-104.99938203993042,38.38393962069604
Colorado__Vail_Transit__mdb_mdb-174,mdb-174,Vail Transit,Vail Transit,88298,,mdb-174_routes.geojson,mdb-174_stops.geojson,routes_with_metadata/mdb-174_routes.geojson,stops_with_metadata/mdb-174_stops.geojson,15,6140,coordinate_average,-106.433401,39.617905,-106.280951,39.64774708384027,-106.3838396895629,39.63826924963635
Colorado__Via_Mobility__mdb_mdb-2395,mdb-2395,Via Mobility Services,Via Mobility Services,80285,,mdb-2395_routes.geojson,mdb-2395_stops.geojson,routes_with_metadata/mdb-2395_routes.geojson,stops_with_metadata/mdb-2395_stops.geojson,18,12924,coordinate_average,-105.525594,39.917341,-105.165613,40.225384,-105.3343845455619,40.016817488837674
Colorado__Winter_Park_Transit__mdb_mdb-175,mdb-175,The Lift,The Lift,88225,,mdb-175_routes.geojson,mdb-175_stops.geojson,routes_with_metadata/mdb-175_routes.geojson,stops_with_metadata/mdb-175_stops.geojson,9,4743,coordinate_average,-105.96097,39.88019174904608,-105.75529517075654,40.253223,-105.84417536161328,40.01591993405703
Connecticut__Connecticut_Transit__mdb_mdb-2840,mdb-2840,CONN DOT,CONN DOT,10156,,mdb-2840_routes.geojson,mdb-2840_stops.geojson,routes_with_metadata/mdb-2840_routes.geojson,stops_with_metadata/mdb-2840_stops.geojson,39,186887,coordinate_average,-72.925945,41.297172,-72.579774,42.106137,-72.74701699016902,41.65828880097184
Connecticut__Connecticut_Transit__mdb_mdb-553,mdb-553,CTtransit | CTTransit - New Britain | CTTransit - Waterbury-Meriden | CTTransit- New Haven | CTTransit- Hartford | CTTransit- Stamford,CTtransit | CTTransit - New Britain | CTTransit - Waterbury-Meriden | CTTransit- New Haven | CTTransit- Hartford | CTTransit- Stamford,10156,,mdb-553_routes.geojson,mdb-553_stops.geojson,routes_with_metadata/mdb-553_routes.geojson,stops_with_metadata/mdb-553_stops.geojson,1102,450955,coordinate_average,-73.774339,40.98732,-71.40102,42.022289,-72.81154235666337,41.56751432891203
Connecticut__Greater_Bridgeport_Transit__mdb_mdb-530,mdb-530,Greater Bridgeport Transit,Greater Bridgeport Transit,10050,,mdb-530_routes.geojson,mdb-530_stops.geojson,routes_with_metadata/mdb-530_routes.geojson,stops_with_metadata/mdb-530_stops.geojson,94,31668,coordinate_average,-73.41586,41.116546,-73.0311471311158,41.31987,-73.18702342082561,41.19004773986323
Connecticut__Housatonic_Area_Regional_Transit__mdb_tld-4385,tld-4385,HARTransit,HARTransit,10051,,tld-4385_routes.geojson,tld-4385_stops.geojson,routes_with_metadata/tld-4385_routes.geojson,stops_with_metadata/tld-4385_stops.geojson,136,86247,coordinate_average,-73.68371,41.11657,-73.378892673,41.607114674,-73.461996824265,41.405555442297214
Connecticut__Metro-North_Railroad__mdb_mdb-524,mdb-524,Metro-North Railroad,Metro-North Railroad,20078,,mdb-524_routes.geojson,mdb-524_stops.geojson,routes_with_metadata/mdb-524_routes.geojson,stops_with_metadata/mdb-524_stops.geojson,34,67640,coordinate_average,-73.98562,40.752998,-72.921747,41.814722,-73.65612349788611,41.15631062316712
Connecticut__Middletown_Area_Transit_(MAT)__mdb_mdb-551,mdb-551,River Valley Transit,River Valley Transit,10140,,mdb-551_routes.geojson,mdb-551_stops.geojson,routes_with_metadata/mdb-551_routes.geojson,stops_with_metadata/mdb-551_stops.geojson,43,30491,coordinate_average,-72.80246345066918,41.263875,-72.09322,41.60893207068053,-72.52797379258976,41.42349279336603
Connecticut__Milford_Transit_District__mdb_ntd-10107,ntd-10107,Milford Transit District,Milford Transit District,10107,,ntd-10107_routes.geojson,ntd-10107_stops.geojson,routes_with_metadata/ntd-10107_routes.geojson,stops_with_metadata/ntd-10107_stops.geojson,4,1377,coordinate_average,-73.1136,41.18012,-72.99618,41.23931,-73.06001933769059,41.21601994843861
Connecticut__Norwalk_Transit_System_(NTS)__mdb_mdb-2242,mdb-2242,Norwalk Transit District,Norwalk Transit District,10057,,mdb-2242_routes.geojson,mdb-2242_stops.geojson,routes_with_metadata/mdb-2242_routes.geojson,stops_with_metadata/mdb-2242_stops.geojson,41,22254,coordinate_average,-73.63086,41.0216,-73.03109,41.23944,-73.3296318378718,41.138184578052694
Connecticut__Pioneer_Valley_Transit_Authority_(PVTA)__mdb_mdb-2416,mdb-2416,Pioneer Valley Transit Authority | Link413,Pioneer Valley Transit Authority | Link413,10042,,mdb-2416_routes.geojson,mdb-2416_stops.geojson,routes_with_metadata/mdb-2416_routes.geojson,stops_with_metadata/mdb-2416_stops.geojson,393,201109,coordinate_average,-73.257857,42.017936,-71.793732,42.59641,-72.56348320645465,42.242528620175946
Connecticut__River_Valley_Transit__mdb_tld-5750,tld-5750,River Valley Transit,River Valley Transit,10140,,tld-5750_routes.geojson,tld-5750_stops.geojson,routes_with_metadata/tld-5750_routes.geojson,stops_with_metadata/tld-5750_stops.geojson,43,30491,coordinate_average,-72.80246345066918,41.263875,-72.09322,41.60893207068053,-72.52797379258976,41.42349279336603
Connecticut__Southeast_Area_Transit_District__mdb_mdb-2240,mdb-2240,Southeast Area Transit District,Southeast Area Transit District,10040,,mdb-2240_routes.geojson,mdb-2240_stops.geojson,routes_with_metadata/mdb-2240_routes.geojson,stops_with_metadata/mdb-2240_stops.geojson,46,23569,coordinate_average,-72.21501,41.309937,-71.853758,41.613846,-72.07260326349416,41.44863508386029
Connecticut__University_of_Connecticut_(UCONN___WRTD)__mdb_tld-4473,tld-4473,University of Connecticut (UCONN / WRTD),University of Connecticut (UCONN / WRTD),11217,,tld-4473_routes.geojson,tld-4473_stops.geojson,routes_with_metadata/tld-4473_routes.geojson,stops_with_metadata/tld-4473_stops.geojson,40,41427,coordinate_average,-72.299564,41.469003,-71.884243,41.830486,-72.17940912674713,41.72807746924778
Delaware__Delaware_Transit_Corporation_(DART_First_State)__mdb_mdb-1235,mdb-1235,Dart First State,Dart First State,30075,,mdb-1235_routes.geojson,mdb-1235_stops.geojson,routes_with_metadata/mdb-1235_routes.geojson,stops_with_metadata/mdb-1235_stops.geojson,172,162212,coordinate_average,-75.770003,38.447318,-75.051544,39.834669,-75.56011013288274,39.454952934215946
Delaware__Southeastern_Pennsylvania_Transportation_Authority_(SEPTA)__mdb_mdb-502,mdb-502,SEPTA,SEPTA,30075,,mdb-502_routes.geojson,mdb-502_stops.geojson,routes_with_metadata/mdb-502_routes.geojson,stops_with_metadata/mdb-502_stops.geojson,978,476100,coordinate_average,-75.835102,39.803597,-74.75208,40.334869,-75.20100643441987,40.02867554222901
Delaware__Southeastern_Pennsylvania_Transportation_Authority_(SEPTA)__mdb_mdb-503,mdb-503,SEPTA,SEPTA,30075,,mdb-503_routes.geojson,mdb-503_stops.geojson,routes_with_metadata/mdb-503_routes.geojson,stops_with_metadata/mdb-503_stops.geojson,26,52944,coordinate_average,-75.7636111,39.67025467300005,-74.75493460210753,40.306333,-75.1719331931549,40.0340905181493
District_of_Columbia__Fairfax_Connector__mdb_mdb-483,mdb-483,Fairfax Connector,Fairfax Connector,30068,,mdb-483_routes.geojson,mdb-483_stops.geojson,routes_with_metadata/mdb-483_routes.geojson,stops_with_metadata/mdb-483_stops.geojson,229,316708,coordinate_average,-77.46542,38.68697,-77.02189,39.02909,-77.24152000990988,38.849433321122554
District_of_Columbia__Maryland_Transit_Administration__mdb_mdb-467,mdb-467,Maryland Transit Administration,Maryland Transit Administration,30034,,mdb-467_routes.geojson,mdb-467_stops.geojson,routes_with_metadata/mdb-467_routes.geojson,stops_with_metadata/mdb-467_stops.geojson,130,134179,coordinate_average,-77.73309,38.345939,-76.09171,39.60633,-76.88724708943349,39.03160727590003
District_of_Columbia__Maryland_Transit_Administration__mdb_mdb-468,mdb-468,Maryland Transit Administration,Maryland Transit Administration,30034,,mdb-468_routes.geojson,mdb-468_stops.geojson,routes_with_metadata/mdb-468_routes.geojson,stops_with_metadata/mdb-468_stops.geojson,42,20941,coordinate_average,-77.961662,38.899018,-76.07326,39.55817,-77.03757746454409,39.18666736870232
District_of_Columbia__Virginia_Breeze__mdb_mdb-3506,mdb-3506,"Virginia Breeze, Operated by Academy | Virginia Breeze, Operated by Dillon's","Virginia Breeze, Operated by Academy | Virginia Breeze, Operated by Dillon's",31026,,mdb-3506_routes.geojson,mdb-3506_stops.geojson,routes_with_metadata/mdb-3506_routes.geojson,stops_with_metadata/mdb-3506_stops.geojson,14,91852,coordinate_average,-82.155048,36.580259,-75.985602,39.015327,-78.60034352766516,37.944433774343224
District_of_Columbia__Virginia_Railway_Express__mdb_tld-61,tld-61,Virginia Railway Express,Virginia Railway Express,30073,,tld-61_routes.geojson,tld-61_stops.geojson,routes_with_metadata/tld-61_routes.geojson,stops_with_metadata/tld-61_stops.geojson,2,1340,coordinate_average,-77.526515,38.220839,-77.00507254,38.898341,-77.2777589375598,38.65821986530599
District_of_Columbia__Washington_Metropolitan_Area_Transit_Authority_(WMATA)__mdb_mdb-1846,mdb-1846,WMATA,WMATA,30030,,mdb-1846_routes.geojson,mdb-1846_stops.geojson,routes_with_metadata/mdb-1846_routes.geojson,stops_with_metadata/mdb-1846_stops.geojson,395,498615,coordinate_average,-77.36631,38.691463,-76.716667,39.156181,-77.0292800983289,38.908747516276755
District_of_Columbia__Washington_Metropolitan_Area_Transit_Authority_(WMATA)__mdb_mdb-1847,mdb-1847,WMATA,WMATA,30030,,mdb-1847_routes.geojson,mdb-1847_stops.geojson,routes_with_metadata/mdb-1847_routes.geojson,stops_with_metadata/mdb-1847_stops.geojson,335,143121,coordinate_average,-77.491534,38.766358,-76.844652,39.120001,-77.09142958940707,38.903340528234295
Florida__Brightline_Trains_LLC__mdb_mdb-1126,mdb-1126,Brightline | Event Train,Brightline | Event Train,41095,,mdb-1126_routes.geojson,mdb-1126_stops.geojson,routes_with_metadata/mdb-1126_routes.geojson,stops_with_metadata/mdb-1126_stops.geojson,2,1575,coordinate_average,-81.30842,25.78015,-80.05222,28.45261,-80.3194153333334,26.979198520634913
Florida__Broward_County_Transit__mdb_mdb-330,mdb-330,Broward County Transit,Broward County Transit,40029,,mdb-330_routes.geojson,mdb-330_stops.geojson,routes_with_metadata/mdb-330_routes.geojson,stops_with_metadata/mdb-330_stops.geojson,166,90291,coordinate_average,-80.430345,25.761482,-80.075748,26.352426,-80.20462485399344,26.09257661558745
Florida__Central_Florida_Regional_Transit_Authority_(LYNX)__mdb_mdb-347,mdb-347,Central Florida Regional Transit Authority,Central Florida Regional Transit Authority,40035,,mdb-347_routes.geojson,mdb-347_stops.geojson,routes_with_metadata/mdb-347_routes.geojson,stops_with_metadata/mdb-347_stops.geojson,342,220751,coordinate_average,-81.677679,28.10946,-81.204559,28.74176,-81.41548488418626,28.485830468936538
Florida__City_of_Miami_Beach__mdb_mdb-2322,mdb-2322,City of Miami Beach,City of Miami Beach,41199,,mdb-2322_routes.geojson,mdb-2322_stops.geojson,routes_with_metadata/mdb-2322_routes.geojson,stops_with_metadata/mdb-2322_stops.geojson,30,10568,coordinate_average,-80.184968,25.768194,-80.120209,25.872559,-80.1300130415178,25.81550177991008
Florida__City_of_Miami_Gardens__mdb_mdb-2323,mdb-2323,City of Miami Gardens,City of Miami Gardens,41199,,mdb-2323_routes.geojson,mdb-2323_stops.geojson,routes_with_metadata/mdb-2323_routes.geojson,stops_with_metadata/mdb-2323_stops.geojson,8,3403,coordinate_average,-80.288564,25.911314,-80.197723,25.972655,-80.23580052983854,25.94619956053373
Florida__Collier_Area_Transit_(CAT)__mdb_mdb-2259,mdb-2259,CAT,CAT,40140,,mdb-2259_routes.geojson,mdb-2259_stops.geojson,routes_with_metadata/mdb-2259_routes.geojson,stops_with_metadata/mdb-2259_stops.geojson,48,33713,coordinate_average,-81.8016969,25.9105653,-81.3417671,26.4425052,-81.6353458321797,26.197063591748414
Florida__Dry_Tortugas_National_Park__mdb_mdb-3207,mdb-3207,National Park Service,National Park Service,40261,,mdb-3207_routes.geojson,mdb-3207_stops.geojson,routes_with_metadata/mdb-3207_routes.geojson,stops_with_metadata/mdb-3207_stops.geojson,2,166,coordinate_average,-82.87979,24.55662,-81.79894,24.67554,-82.26072542168681,24.603262289156632
Florida__Florida_Department_of_Transportation_(SunRail)__mdb_mdb-626,mdb-626,Florida Department of Transportation,Florida Department of Transportation,41095,,mdb-626_routes.geojson,mdb-626_stops.geojson,routes_with_metadata/mdb-626_routes.geojson,stops_with_metadata/mdb-626_stops.geojson,2,1372,coordinate_average,-81.485392,28.25817,-81.291757,29.0181608,-81.35109243804662,28.665920778571483
Florida__Fort_Matanzas_National_Monument__mdb_tld-6905,tld-6905,National Park Service,National Park Service,40261,,tld-6905_routes.geojson,tld-6905_stops.geojson,routes_with_metadata/tld-6905_routes.geojson,stops_with_metadata/tld-6905_stops.geojson,2,24,coordinate_average,-81.239201,29.714507,-81.23514,29.715876,-81.23713241666668,29.715288583333333
Florida__Gulf_Islands_National_Seashore__mdb_mdb-3209,mdb-3209,National Park Service,National Park Service,40261,,mdb-3209_routes.geojson,mdb-3209_stops.geojson,routes_with_metadata/mdb-3209_routes.geojson,stops_with_metadata/mdb-3209_stops.geojson,2,102,coordinate_average,-87.289016,30.330338,-87.130638,30.404768,-87.20496973529413,30.353729313725495
Florida__Hendry_County_Transit_System__mdb_tld-7914,tld-7914,Hendry County Transit System,Hendry County Transit System,41199,,tld-7914_routes.geojson,tld-7914_stops.geojson,routes_with_metadata/tld-7914_routes.geojson,stops_with_metadata/tld-7914_stops.geojson,17,11484,coordinate_average,-81.469645,26.641571,-80.664327,26.840657,-81.12583456022341,26.740956012051292
Florida__Hillsborough_Area_Regional_Transit_(HART)__mdb_mdb-325,mdb-325,Hillsborough Area Regional Transit | Tampa International Airport,Hillsborough Area Regional Transit | Tampa International Airport,40041,,mdb-325_routes.geojson,mdb-325_stops.geojson,routes_with_metadata/mdb-325_routes.geojson,stops_with_metadata/mdb-325_stops.geojson,78,34935,coordinate_average,-82.58702,27.70577,-82.225869,28.196949,-82.43379830442257,27.981002194647417
Florida__I-RIDE_Trolley_(I-RIDE)__mdb_mdb-1143,mdb-1143,I-Ride Trolley,I-Ride Trolley,40920,,mdb-1143_routes.geojson,mdb-1143_stops.geojson,routes_with_metadata/mdb-1143_routes.geojson,stops_with_metadata/mdb-1143_stops.geojson,3,1653,coordinate_average,-81.48964000000001,28.3846,-81.45022809505463,28.48581636001307,-81.4655525831559,28.431038223009367
Florida__Indian_River_Transit__mdb_ntd-40104,ntd-40104,Indian River Transit,Indian River Transit,41199,,ntd-40104_routes.geojson,ntd-40104_stops.geojson,routes_with_metadata/ntd-40104_routes.geojson,stops_with_metadata/ntd-40104_stops.geojson,15,9749,coordinate_average,-80.60729,27.41477,-80.35517,27.84508,-80.43428021904863,27.644557665115336
Florida__Jacksonville_Transportation_Authority__mdb_tld-764,tld-764,Jacksonville Transportation Authority,Jacksonville Transportation Authority,40040,,tld-764_routes.geojson,tld-764_stops.geojson,routes_with_metadata/tld-764_routes.geojson,stops_with_metadata/tld-764_stops.geojson,156,221750,coordinate_average,-82.325,29.64464,-81.33025,30.63225,-81.64705166077698,30.303212772848603
Florida__Lake_County_Connection__mdb_mdb-2255,mdb-2255,LakeXpress,LakeXpress,40158,,mdb-2255_routes.geojson,mdb-2255_stops.geojson,routes_with_metadata/mdb-2255_routes.geojson,stops_with_metadata/mdb-2255_stops.geojson,25,9318,coordinate_average,-81.97513,28.34513,-81.5897,28.97062,-81.75716779561105,28.671663803348327
Florida__Lakeland_Area_Mass_Transit_District__mdb_tld-5899,tld-5899,Citrus Connection,Citrus Connection,40031,,tld-5899_routes.geojson,tld-5899_stops.geojson,routes_with_metadata/tld-5899_routes.geojson,stops_with_metadata/tld-5899_stops.geojson,9,8781,coordinate_average,-81.817952,27.937204,-81.448947,28.347106,-81.65662833055136,28.102681473441546
Florida__LauderGO!_Water_Trolley__mdb_ntd-44929,ntd-44929,LauderGO! Water Trolley,LauderGO! Water Trolley,90225,,ntd-44929_routes.geojson,ntd-44929_stops.geojson,routes_with_metadata/ntd-44929_routes.geojson,stops_with_metadata/ntd-44929_stops.geojson,1,54,coordinate_average,-80.148001,26.11672,-80.137045,26.119574,-80.14258724074077,26.118054740740746
Florida__LeeTran__mdb_mdb-324,mdb-324,LeeTran,LeeTran,40028,,mdb-324_routes.geojson,mdb-324_stops.geojson,routes_with_metadata/mdb-324_routes.geojson,stops_with_metadata/mdb-324_stops.geojson,86,120964,coordinate_average,-82.01759,26.271146,-81.597666,26.723895,-81.87260692006794,26.586853080338148
Florida__Manatee_County_Area_Transit__mdb_mdb-2258,mdb-2258,Manatee County Area Transit,Manatee County Area Transit,40026,,mdb-2258_routes.geojson,mdb-2258_stops.geojson,routes_with_metadata/mdb-2258_routes.geojson,stops_with_metadata/mdb-2258_stops.geojson,58,5338,coordinate_average,-82.78021,27.33753,-82.4512,27.81401,-82.57650070251066,27.48128620457092
Florida__Martin_County_Public_Transit__mdb_tld-4506,tld-4506,Martin County,Martin County,40192,,tld-4506_routes.geojson,tld-4506_stops.geojson,routes_with_metadata/tld-4506_routes.geojson,stops_with_metadata/tld-4506_stops.geojson,11,1711,coordinate_average,-80.4901790911066,26.7831031550826,-80.0549584659909,27.266416,-80.25205759373605,27.091386422006973
Florida__Miami-Dade_Transit__mdb_mdb-331,mdb-331,Miami-Dade Transit,Miami-Dade Transit,41199,,mdb-331_routes.geojson,mdb-331_stops.geojson,routes_with_metadata/mdb-331_routes.geojson,stops_with_metadata/mdb-331_stops.geojson,290,100590,coordinate_average,-81.077055,24.713917,-80.119098,25.986383,-80.27918971442426,25.74866915778862
Florida__National_Park_Service__mdb_tld-6676,tld-6676,National Park Service,National Park Service,40261,,tld-6676_routes.geojson,tld-6676_stops.geojson,routes_with_metadata/tld-6676_routes.geojson,stops_with_metadata/tld-6676_stops.geojson,2,102,coordinate_average,-87.289016,30.330338,-87.130638,30.404768,-87.20496973529413,30.353729313725495
Florida__Palm_Tran__mdb_mdb-332,mdb-332,Palm Tran,Palm Tran,40037,,mdb-332_routes.geojson,mdb-332_stops.geojson,routes_with_metadata/mdb-332_routes.geojson,stops_with_metadata/mdb-332_stops.geojson,258,47863,coordinate_average,-80.72084,26.3292,-80.03333,27.26448,-80.14134103336696,26.65603734199622
Florida__Sarasota_County_Area_Transit_(SCAT)__mdb_mdb-348,mdb-348,Space Coast Area Transit,Space Coast Area Transit,40063,,mdb-348_routes.geojson,mdb-348_stops.geojson,routes_with_metadata/mdb-348_routes.geojson,stops_with_metadata/mdb-348_stops.geojson,86,17467,coordinate_average,-80.8748,27.94962,-80.5667,28.75701,-80.71082562489208,28.29241433674916
Florida__South_Florida_Regional_Transportation_Authority_(Tri-Rail)__mdb_mdb-333,mdb-333,Tri-Rail,Tri-Rail,40077,,mdb-333_routes.geojson,mdb-333_stops.geojson,routes_with_metadata/mdb-333_routes.geojson,stops_with_metadata/mdb-333_stops.geojson,7,1722,coordinate_average,-80.26054,25.78049,-80.06182,26.75873,-80.14885018641127,26.172432077235847
Florida__South_Florida_Regional_Transportation_Authority__mdb_tld-492,tld-492,Tri-Rail,Tri-Rail,40077,,tld-492_routes.geojson,tld-492_stops.geojson,routes_with_metadata/tld-492_routes.geojson,stops_with_metadata/tld-492_stops.geojson,7,1717,coordinate_average,-80.26054,25.78049,-80.06182,26.75873,-80.14885522947007,26.17273271986029
Florida__Space_Coast_Area_Transit__mdb_ntd-40063,ntd-40063,Space Coast Area Transit,Space Coast Area Transit,40063,,ntd-40063_routes.geojson,ntd-40063_stops.geojson,routes_with_metadata/ntd-40063_routes.geojson,stops_with_metadata/ntd-40063_stops.geojson,86,17467,coordinate_average,-80.8748,27.94962,-80.5667,28.75701,-80.71082562489208,28.29241433674916
Florida__USF_Bull_Runner__mdb_mdb-329,mdb-329,USF Bull Runner,USF Bull Runner,80189,,mdb-329_routes.geojson,mdb-329_stops.geojson,routes_with_metadata/mdb-329_routes.geojson,stops_with_metadata/mdb-329_stops.geojson,7,1614,coordinate_average,-82.4364173412,28.0434044895,-82.4015700817,28.0804029365,-82.41505297832212,28.06252200457868
Georgia__Athens_Clarke_County_Transit__mdb_tld-4777,tld-4777,Athens Clarke County Transit,Athens Clarke County Transit,40047,,tld-4777_routes.geojson,tld-4777_stops.geojson,routes_with_metadata/tld-4777_routes.geojson,stops_with_metadata/tld-4777_stops.geojson,42,15428,coordinate_average,-83.47547,33.908873,-83.302151,34.030244,-83.37631122945315,33.95293450952806
"Georgia__City_of_Hinesville,_Georgia__mdb_ntd-40193",ntd-40193,Liberty Transit,Liberty Transit,40193,,ntd-40193_routes.geojson,ntd-40193_stops.geojson,routes_with_metadata/ntd-40193_routes.geojson,stops_with_metadata/ntd-40193_stops.geojson,6,6049,coordinate_average,-81.65298,31.75929,-81.57086,31.87153,-81.61252307819485,31.821825266986213
Georgia__CobbLinc__mdb_mdb-3193,mdb-3193,CobbLinc,CobbLinc,40078,,mdb-3193_routes.geojson,mdb-3193_stops.geojson,routes_with_metadata/mdb-3193_routes.geojson,stops_with_metadata/mdb-3193_stops.geojson,25,20599,coordinate_average,-84.62012,33.751877,-84.386723,34.04131,-84.51806203844879,33.90314524408919
Georgia__Concho_Valley_Transit_District__mdb_tld-5864,tld-5864,Concho Valley Transit,Concho Valley Transit,44945,,tld-5864_routes.geojson,tld-5864_stops.geojson,routes_with_metadata/tld-5864_routes.geojson,stops_with_metadata/tld-5864_stops.geojson,8,3986,coordinate_average,-100.51334,31.41671,-100.379968,31.508471,-100.46098913322358,31.448698988427502
Georgia__Connect_Douglas__mdb_tld-5551,tld-5551,Connect Douglas,Connect Douglas,40082,,tld-5551_routes.geojson,tld-5551_stops.geojson,routes_with_metadata/tld-5551_routes.geojson,stops_with_metadata/tld-5551_stops.geojson,9,8468,coordinate_average,-84.7735973,33.707112,-84.551419,33.79724,-84.67789457730385,33.752115501517544
Georgia__Georgia_Tech_Stinger_Bus__mdb_tld-478_1,tld-478,Georgia Institute of Technology,Georgia Institute of Technology,44982,,tld-478_routes.geojson,tld-478_stops.geojson,routes_with_metadata/tld-478_routes.geojson,stops_with_metadata/tld-478_stops.geojson,9,5701,coordinate_average,-84.40803,33.76995,-84.31692,33.80617,-84.3818564629403,33.78569243128583
Georgia__Gwinnett_County_Transit__mdb_mdb-2241,mdb-2241,Ride Gwinnett,Ride Gwinnett,40138,,mdb-2241_routes.geojson,mdb-2241_stops.geojson,routes_with_metadata/mdb-2241_routes.geojson,stops_with_metadata/mdb-2241_stops.geojson,44,11382,coordinate_average,-84.28055,33.76178,-83.97479,34.09621,-84.14865334036165,33.92977215427885
Georgia__METRA__mdb_ntd-40024,ntd-40024,METRA,METRA,50118,,ntd-40024_routes.geojson,ntd-40024_stops.geojson,routes_with_metadata/ntd-40024_routes.geojson,stops_with_metadata/ntd-40024_stops.geojson,24,11306,coordinate_average,-84.991902,32.363111,-84.868203,32.562974,-84.94534125826544,32.474243567677604
Georgia__Rochester_Institute_of_Technology__mdb_tld-5863,tld-5863,Rochester Institute of Technology (RIT),Rochester Institute of Technology (RIT),41149,,tld-5863_routes.geojson,tld-5863_stops.geojson,routes_with_metadata/tld-5863_routes.geojson,stops_with_metadata/tld-5863_stops.geojson,13,5397,coordinate_average,-77.68511,43.048494,-77.620374,43.092877,-77.6645339559321,43.08207221119755
Georgia__University_of_Georgia__mdb_tld-2276,tld-2276,University of Georgia (UGA),University of Georgia (UGA),40180,,tld-2276_routes.geojson,tld-2276_stops.geojson,routes_with_metadata/tld-2276_routes.geojson,stops_with_metadata/tld-2276_stops.geojson,22,15358,coordinate_average,-83.404321,33.893592,-83.339431,33.965235,-83.37386082559583,33.94253360399864
Hawaii__Maui_County_Transit__mdb_ntd-90241,ntd-90241,Maui County Transit,Maui County Transit,90241,,ntd-90241_routes.geojson,ntd-90241_stops.geojson,routes_with_metadata/ntd-90241_routes.geojson,stops_with_metadata/ntd-90241_stops.geojson,18,10007,coordinate_average,-156.693993,20.686852,-156.310276,21.003056,-156.49066809973436,20.85510842458813
Hawaii__The_Kauai_Bus__mdb_ntd-90237,ntd-90237,The Kauai Bus,The Kauai Bus,90237,,ntd-90237_routes.geojson,ntd-90237_stops.geojson,routes_with_metadata/ntd-90237_routes.geojson,stops_with_metadata/ntd-90237_stops.geojson,17,17128,coordinate_average,-159.721952,21.87559,-159.300362,22.214279,-159.40722985563022,22.01954512008094
Hawaii__TheBus__mdb_mdb-2350,mdb-2350,TheBus | Skyline,TheBus | Skyline,90002,,mdb-2350_routes.geojson,mdb-2350_stops.geojson,routes_with_metadata/mdb-2350_routes.geojson,stops_with_metadata/mdb-2350_stops.geojson,560,281625,coordinate_average,-158.22903,21.25569,-157.65649,21.7037,-157.9322823697725,21.374173427017606
Idaho__Citylink_North_(Kootenai_County)__mdb_tld-4791,tld-4791,Citylink North (Kootenai County),Citylink North (Kootenai County),00055,,tld-4791_routes.geojson,tld-4791_stops.geojson,routes_with_metadata/tld-4791_routes.geojson,stops_with_metadata/tld-4791_stops.geojson,3,2254,coordinate_average,-116.948095,47.673311,-116.753529,47.751953,-116.83034204024327,47.70532440684471
Idaho__Citylink_South_(Kootenai_County)__mdb_tld-4792,tld-4792,Citylink South (Kootenai County),Citylink South (Kootenai County),00055,,tld-4792_routes.geojson,tld-4792_stops.geojson,routes_with_metadata/tld-4792_routes.geojson,stops_with_metadata/tld-4792_stops.geojson,2,3083,coordinate_average,-117.00231,47.14519,-116.7944,47.70013,-116.905168832911,47.45796440577569
Idaho__Lewiston_Transit_System_and_Asotin_County_Public_Transportation_Benefit_Area_(PTBA)__mdb_mdb-2298,mdb-2298,Lewiston Transit System | Asotin County PTBA,Lewiston Transit System | Asotin County PTBA,00048,,mdb-2298_routes.geojson,mdb-2298_stops.geojson,routes_with_metadata/mdb-2298_routes.geojson,stops_with_metadata/mdb-2298_stops.geojson,14,2856,coordinate_average,-117.08496118885267,46.33624067472599,-116.959824,46.422010727,-117.03030047438243,46.400934338839924
Idaho__Mountain_Rides_Transportation_Authority_(MRTA)__mdb_mdb-2282,mdb-2282,Mountain Rides Transportation Authority,Mountain Rides Transportation Authority,00311,,mdb-2282_routes.geojson,mdb-2282_stops.geojson,routes_with_metadata/mdb-2282_routes.geojson,stops_with_metadata/mdb-2282_stops.geojson,8,10657,coordinate_average,-114.40357,43.4525,-114.25321,43.69567,-114.33838254202617,43.62685039715848
Idaho__Pocatello_Regional_Transit__mdb_mdb-171,mdb-171,Pocatello Regional Transit,Pocatello Regional Transit,00022,,mdb-171_routes.geojson,mdb-171_stops.geojson,routes_with_metadata/mdb-171_routes.geojson,stops_with_metadata/mdb-171_stops.geojson,18,2844,coordinate_average,-112.914968409122,42.7633252216313,-112.370677754296,42.9349752212186,-112.47580977013224,42.870959769086426
Idaho__Valley_Regional_Transit__mdb_mdb-142,mdb-142,Valley Regional Transit,Valley Regional Transit,00011,,mdb-142_routes.geojson,mdb-142_stops.geojson,routes_with_metadata/mdb-142_routes.geojson,stops_with_metadata/mdb-142_stops.geojson,44,15906,coordinate_average,-116.67618,43.56425,-116.11803,43.68015,-116.3142143443792,43.610598838349134
Illinois__Champaign-Urbana_Mass_Transit_District__mdb_ntd-50060,ntd-50060,Champaign Urbana Mass Transit District,Champaign Urbana Mass Transit District,50060,,ntd-50060_routes.geojson,ntd-50060_stops.geojson,routes_with_metadata/ntd-50060_routes.geojson,stops_with_metadata/ntd-50060_stops.geojson,632,60474,coordinate_average,-88.322856,40.047501,-88.157925,40.152795,-88.23818323571314,40.11041760186671
Illinois__Chicago_Transit_Authority_(CTA)__mdb_mdb-389,mdb-389,Chicago Transit Authority,Chicago Transit Authority,50066,,mdb-389_routes.geojson,mdb-389_stops.geojson,routes_with_metadata/mdb-389_routes.geojson,stops_with_metadata/mdb-389_stops.geojson,1499,1375235,coordinate_average,-87.90422891,41.64382,-87.525681,42.07316065,-87.67016806357998,41.84894415246077
Illinois__Chicago_Water_Taxi__mdb_mdb-306,mdb-306,Chicago Water Taxi,Chicago Water Taxi,50521,,mdb-306_routes.geojson,mdb-306_stops.geojson,routes_with_metadata/mdb-306_routes.geojson,stops_with_metadata/mdb-306_stops.geojson,4,30,coordinate_average,-87.638598,41.8571416575835,-87.625214,41.8893,-87.63428229219078,41.87741225843913
Illinois__City_of_Galesburg__mdb_ntd-50502,ntd-50502,Galesburg Public Transportation,Galesburg Public Transportation,50502,,ntd-50502_routes.geojson,ntd-50502_stops.geojson,routes_with_metadata/ntd-50502_routes.geojson,stops_with_metadata/ntd-50502_stops.geojson,8,2838,coordinate_average,-90.407818,40.932819,-90.336515,40.988667,-90.37348871599714,40.962151670895004
Illinois__Connect_Transit__mdb_mdb-2267,mdb-2267,Connect Transit,Connect Transit,50047,,mdb-2267_routes.geojson,mdb-2267_stops.geojson,routes_with_metadata/mdb-2267_routes.geojson,stops_with_metadata/mdb-2267_stops.geojson,34,12670,coordinate_average,-89.06,40.448465,-88.909752,40.53688201884065,-88.99331339410988,40.49594851742688
Illinois__Decatur_Public_Transit_System__mdb_tld-7036,tld-7036,Decatur Public Transit System,Decatur Public Transit System,50061,,tld-7036_routes.geojson,tld-7036_stops.geojson,routes_with_metadata/tld-7036_routes.geojson,stops_with_metadata/tld-7036_stops.geojson,67,5295,coordinate_average,-89.02884,39.80813,-88.87705,39.92161,-88.94776073503297,39.85329271274779
Illinois__DeKalb_Public_Transit__mdb_mdb-308,mdb-308,DeKalb Public Transit,DeKalb Public Transit,50176,,mdb-308_routes.geojson,mdb-308_stops.geojson,routes_with_metadata/mdb-308_routes.geojson,stops_with_metadata/mdb-308_stops.geojson,14,5010,coordinate_average,-88.78814471784018,41.881368788,-88.455160983,41.992733,-88.74573092202561,41.941149002891244
Illinois__Greater_Peoria_Mass_Transit_(CityLink)__mdb_mdb-2208,mdb-2208,CityLink,CityLink,50056,,mdb-2208_routes.geojson,mdb-2208_stops.geojson,routes_with_metadata/mdb-2208_routes.geojson,stops_with_metadata/mdb-2208_stops.geojson,44,25250,coordinate_average,-89.697913,40.538535,-89.481767,40.819069,-89.61674519469211,40.698417893979965
Illinois__JAX_Mass_Transit_District__mdb_mdb-3408,mdb-3408,JAX Mass Transit,JAX Mass Transit,50414,,mdb-3408_routes.geojson,mdb-3408_stops.geojson,routes_with_metadata/mdb-3408_routes.geojson,stops_with_metadata/mdb-3408_stops.geojson,6,3693,coordinate_average,-89.335307,37.69454758,-89.183378,37.775873,-89.22571205918756,37.72024950816119
Illinois__Pace_Bus__mdb_mdb-2347,mdb-2347,PACE,PACE,50182,,mdb-2347_routes.geojson,mdb-2347_stops.geojson,routes_with_metadata/mdb-2347_routes.geojson,stops_with_metadata/mdb-2347_stops.geojson,773,555869,coordinate_average,-88.62117,41.403952,-87.52257,42.457627,-87.91255393121445,41.904955836651354
Illinois__South_Shore_Line__mdb_mdb-585,mdb-585,Northern Indiana Commuter Transportation District,Northern Indiana Commuter Transportation District,55307,,mdb-585_routes.geojson,mdb-585_stops.geojson,routes_with_metadata/mdb-585_routes.geojson,stops_with_metadata/mdb-585_stops.geojson,6,1636,coordinate_average,-87.623193,41.522843,-86.293221,41.884207,-87.34970687041559,41.65149625916873
Illinois__Springfield_Mass_Transit_District_(SMTD)__mdb_mdb-3187,mdb-3187,SMTD,SMTD,50059,,mdb-3187_routes.geojson,mdb-3187_stops.geojson,routes_with_metadata/mdb-3187_routes.geojson,stops_with_metadata/mdb-3187_stops.geojson,60,43023,coordinate_average,-89.75488,39.70645,-89.59421,39.860312,-89.65336136199174,39.78045568749327
Illinois__University_of_Chicago__mdb_tld-4472,tld-4472,University of Chicago,University of Chicago,50569,,tld-4472_routes.geojson,tld-4472_stops.geojson,routes_with_metadata/tld-4472_routes.geojson,stops_with_metadata/tld-4472_stops.geojson,15,4097,coordinate_average,-87.641048,41.77871,-87.57904,41.891833,-87.6012893106908,41.810793530286446
Indiana__Bloomington_Transit__mdb_mdb-2066,mdb-2066,Bloomington Transit,Bloomington Transit,50110,,mdb-2066_routes.geojson,mdb-2066_stops.geojson,routes_with_metadata/mdb-2066_routes.geojson,stops_with_metadata/mdb-2066_stops.geojson,41,4943,coordinate_average,-86.59918,39.12143,-86.47162,39.20839,-86.53203765369595,39.162664968819534
"Indiana__Central_Indiana_Regional_Transportation_Authority,_Access_Johnson_County__mdb_ntd-50209",ntd-50209,Central Indiana Regional Transportation Authority | Access Johnson County,Central Indiana Regional Transportation Authority | Access Johnson County,50256,,ntd-50209_routes.geojson,ntd-50209_stops.geojson,routes_with_metadata/ntd-50209_routes.geojson,stops_with_metadata/ntd-50209_stops.geojson,16,17197,coordinate_average,-86.39866,39.47077,-86.01663,39.98249,-86.24404698179912,39.770124515729606
Indiana__Citilink__mdb_mdb-2266,mdb-2266,Citilink,Citilink,50044,,mdb-2266_routes.geojson,mdb-2266_stops.geojson,routes_with_metadata/mdb-2266_routes.geojson,stops_with_metadata/mdb-2266_stops.geojson,59,17576,coordinate_average,-85.26069,41.00519,-85.01103,41.19252,-85.14115911708606,41.0840414952437
Indiana__City_of_Kokomo__mdb_ntd-50145,ntd-50145,City-Line Trolley,City-Line Trolley,50145,,ntd-50145_routes.geojson,ntd-50145_stops.geojson,routes_with_metadata/ntd-50145_routes.geojson,stops_with_metadata/ntd-50145_stops.geojson,6,865,coordinate_average,-86.166419,40.420367,-86.098619,40.519935,-86.1297118959538,40.46990962427744
Indiana__CityBus_of_Greater_Lafayette_Indiana_(CityBus)__mdb_mdb-391,mdb-391,CityBus Root,CityBus Root,50051,,mdb-391_routes.geojson,mdb-391_stops.geojson,routes_with_metadata/mdb-391_routes.geojson,stops_with_metadata/mdb-391_stops.geojson,49,5403,coordinate_average,-86.9622935433577,40.3640954542468,-86.8047600747423,40.4808616279485,-86.89397010790422,40.42412162906106
Indiana__Gary_Public_Transportation_Corporation__mdb_tld-4129,tld-4129,Gary Public Transportation Corp,Gary Public Transportation Corp,50045,,tld-4129_routes.geojson,tld-4129_stops.geojson,routes_with_metadata/tld-4129_routes.geojson,stops_with_metadata/tld-4129_stops.geojson,26,7093,coordinate_average,-87.52514,41.4348,-87.22237,41.69713,-87.35560191766535,41.59058429733551
Indiana__Interurban_Trolley__mdb_mdb-571,mdb-571,Interurban Trolley (MACOG) | Kosciusko Area Bus Service,Interurban Trolley (MACOG) | Kosciusko Area Bus Service,50289,,mdb-571_routes.geojson,mdb-571_stops.geojson,routes_with_metadata/mdb-571_routes.geojson,stops_with_metadata/mdb-571_stops.geojson,17,4735,coordinate_average,-86.25154,41.226295,-85.7887,41.74058,-85.99011155972723,41.61957656661463
Indiana__South_Bend_Public_Transportation_Corporation__mdb_tld-7019,tld-7019,"Transpo (South Bend, IN)","Transpo (South Bend, IN)",50052,,tld-7019_routes.geojson,tld-7019_stops.geojson,routes_with_metadata/tld-7019_routes.geojson,stops_with_metadata/tld-7019_stops.geojson,53,17625,coordinate_average,-86.34739,41.622234,-85.970584,41.751710308,-86.21770052832868,41.6810738761766
Indiana__Transit_Authority_of_River_City_(TARC)__mdb_mdb-2662,mdb-2662,Transit Authority of River City,Transit Authority of River City,55676,,mdb-2662_routes.geojson,mdb-2662_stops.geojson,routes_with_metadata/mdb-2662_routes.geojson,stops_with_metadata/mdb-2662_stops.geojson,606,346453,coordinate_average,-85.8761,38.09567,-85.54166,38.3468,-85.73443556161384,38.226902445069186
Indiana__Valparaiso_Transit__mdb_mdb-620,mdb-620,Valparaiso Transit,Valparaiso Transit,50183,,mdb-620_routes.geojson,mdb-620_stops.geojson,routes_with_metadata/mdb-620_routes.geojson,stops_with_metadata/mdb-620_stops.geojson,5,3448,coordinate_average,-87.644986,41.45490822960164,-87.013924,41.886817,-87.2681575702269,41.58820416361349
Iowa__10-15_Transit__mdb_mdb-195,mdb-195,10-15 Transit,10-15 Transit,70242,,mdb-195_routes.geojson,mdb-195_stops.geojson,routes_with_metadata/mdb-195_routes.geojson,stops_with_metadata/mdb-195_stops.geojson,14,6290,coordinate_average,-92.6713768563626,40.99338,-92.37377440652556,41.313666,-92.4331860064252,41.045370563068616
Iowa__Bettendorf_Transit__mdb_mdb-1826,mdb-1826,City of Bettendorf,City of Bettendorf,70007,,mdb-1826_routes.geojson,mdb-1826_stops.geojson,routes_with_metadata/mdb-1826_routes.geojson,stops_with_metadata/mdb-1826_stops.geojson,6,4136,coordinate_average,-90.522575,41.506184,-90.440993,41.592423,-90.4947419595765,41.54621818738445
Iowa__Burlington_Urban_Service__mdb_mdb-199,mdb-199,Burlington Urban Service,Burlington Urban Service,70111,,mdb-199_routes.geojson,mdb-199_stops.geojson,routes_with_metadata/mdb-199_routes.geojson,stops_with_metadata/mdb-199_stops.geojson,13,4921,coordinate_average,-91.1754629660702,40.774503,-91.0985631,40.8342948,-91.12184512324056,40.811253108179734
Iowa__Cedar_Rapids_Transit__mdb_mdb-198,mdb-198,Cedar Rapids Transit,Cedar Rapids Transit,70008,,mdb-198_routes.geojson,mdb-198_stops.geojson,routes_with_metadata/mdb-198_routes.geojson,stops_with_metadata/mdb-198_stops.geojson,24,11549,coordinate_average,-91.755023,41.88192,-91.54528649231894,42.05879,-91.66824217035933,41.984316844697275
Iowa__Clinton_Municipal_Transit_Administration_(Clinton_MTA)__mdb_mdb-202,mdb-202,Clinton MTA,Clinton MTA,70240,,mdb-202_routes.geojson,mdb-202_stops.geojson,routes_with_metadata/mdb-202_routes.geojson,stops_with_metadata/mdb-202_stops.geojson,6,1419,coordinate_average,-90.2546154804355,41.813279,-90.176679,41.886956,-90.20997198402067,41.83884770925885
Iowa__Coralville_Transit__mdb_mdb-196,mdb-196,Coralville Transit,Coralville Transit,70030,,mdb-196_routes.geojson,mdb-196_stops.geojson,routes_with_metadata/mdb-196_routes.geojson,stops_with_metadata/mdb-196_stops.geojson,16,6304,coordinate_average,-91.61482545547764,41.66011294252016,-91.534599,41.750945,-91.57571515343487,41.68283489737889
Iowa__CorridorRides__mdb_mdb-316,mdb-316,CorridorRides,CorridorRides,70138,,mdb-316_routes.geojson,mdb-316_stops.geojson,routes_with_metadata/mdb-316_routes.geojson,stops_with_metadata/mdb-316_stops.geojson,8,5374,coordinate_average,-91.676178,41.65535,-91.533142,41.976794,-91.63440820357013,41.8240438915469
Iowa__CyRide__mdb_mdb-923,mdb-923,CyRide,CyRide,70041,,mdb-923_routes.geojson,mdb-923_stops.geojson,routes_with_metadata/mdb-923_routes.geojson,stops_with_metadata/mdb-923_stops.geojson,24,8295,coordinate_average,-93.69577,41.98995,-93.6074,42.05643,-93.64288854599177,42.02479561000612
Iowa__Des_Moines_Area_Regional_Transit_Authority_(DART)__mdb_mdb-193,mdb-193,Des Moines Area Regional Transit Authority,Des Moines Area Regional Transit Authority,70010,,mdb-193_routes.geojson,mdb-193_stops.geojson,routes_with_metadata/mdb-193_routes.geojson,stops_with_metadata/mdb-193_stops.geojson,82,26964,coordinate_average,-93.80936,41.511909,-93.5031,41.73194,-93.64829327406851,41.59427925697185
Iowa__Dodger_Area_Rapid_Transit__mdb_mdb-203,mdb-203,Dodger Area Rapid Transit,Dodger Area Rapid Transit,70108,,mdb-203_routes.geojson,mdb-203_stops.geojson,routes_with_metadata/mdb-203_routes.geojson,stops_with_metadata/mdb-203_stops.geojson,12,2820,coordinate_average,-94.22337590698314,42.47596,-94.14638924656076,42.536627119116,-94.1828390000884,42.50693528120462
Iowa__Iowa_City_Transit_System__mdb_mdb-559,mdb-559,Iowa City Transit System,Iowa City Transit System,70018,,mdb-559_routes.geojson,mdb-559_stops.geojson,routes_with_metadata/mdb-559_routes.geojson,stops_with_metadata/mdb-559_stops.geojson,30,13819,coordinate_average,-91.598787,41.627460000000006,-91.468834,41.690187,-91.5330724836857,41.652783279842936
Iowa__Marshalltown_Municipal_Transit__mdb_mdb-194,mdb-194,Marshalltown Municipal Transit,Marshalltown Municipal Transit,70092,,mdb-194_routes.geojson,mdb-194_stops.geojson,routes_with_metadata/mdb-194_routes.geojson,stops_with_metadata/mdb-194_stops.geojson,12,6337,coordinate_average,-92.934795,42.000285,-92.883906,42.06314858952536,-92.9121903937839,42.03435159972981
Iowa__Mason_City_Public_Transit__mdb_mdb-204,mdb-204,Mason City Public Transit,Mason City Public Transit,70260,,mdb-204_routes.geojson,mdb-204_stops.geojson,routes_with_metadata/mdb-204_routes.geojson,stops_with_metadata/mdb-204_stops.geojson,6,935,coordinate_average,-93.26784206298096,43.129852,-93.127897,43.169559,-93.20309893493858,43.15082344203664
Iowa__Metropolitan_Transit_Authority_of_Black_Hawk_County__mdb_mdb-2414,mdb-2414,Metropolitan Transit Authority of Black Hawk County,Metropolitan Transit Authority of Black Hawk County,70013,,mdb-2414_routes.geojson,mdb-2414_stops.geojson,routes_with_metadata/mdb-2414_routes.geojson,stops_with_metadata/mdb-2414_stops.geojson,23,6689,coordinate_average,-92.475929,42.42851,-92.29304,42.53979,-92.36557885147086,42.48848689971633
Iowa__MuscaBus__mdb_mdb-200,mdb-200,MuscaBus,MuscaBus,70101,,mdb-200_routes.geojson,mdb-200_stops.geojson,routes_with_metadata/mdb-200_routes.geojson,stops_with_metadata/mdb-200_stops.geojson,17,4472,coordinate_average,-91.085148,41.399394,-90.999024,41.474785,-91.04373212468272,41.43670867014747
Iowa__Sioux_City_Transit_System__mdb_mdb-191,mdb-191,Sioux City Transit System,Sioux City Transit System,70012,,mdb-191_routes.geojson,mdb-191_stops.geojson,routes_with_metadata/mdb-191_routes.geojson,stops_with_metadata/mdb-191_stops.geojson,29,8411,coordinate_average,-96.497726,42.371341,-96.326764,42.545084,-96.39513344218591,42.49374183670242
Iowa__The_Jule__mdb_mdb-2083,mdb-2083,The Jule,The Jule,70011,,mdb-2083_routes.geojson,mdb-2083_stops.geojson,routes_with_metadata/mdb-2083_routes.geojson,stops_with_metadata/mdb-2083_stops.geojson,35,5176,coordinate_average,-90.7797168659995,42.4680969401613,-90.6412504995615,42.57189,-90.69887621852435,42.505947489513794
Iowa__University_of_Iowa_-_CAMBUS_(CAMBUS)__mdb_mdb-197,mdb-197,University of Iowa - CAMBUS,University of Iowa - CAMBUS,70019,,mdb-197_routes.geojson,mdb-197_stops.geojson,routes_with_metadata/mdb-197_routes.geojson,stops_with_metadata/mdb-197_stops.geojson,25,6550,coordinate_average,-91.604986,41.65535,-91.53284260211169,41.708965,-91.56233529076796,41.673401191977526
Kansas__Developmental_Services_of_NW_Kansas_ACCESS_Transportation__mdb_ntd-70060,ntd-70060,Developmental Services of NW Kansas/ACCESS Transportation,Developmental Services of NW Kansas/ACCESS Transportation,70060,,ntd-70060_routes.geojson,ntd-70060_stops.geojson,routes_with_metadata/ntd-70060_routes.geojson,stops_with_metadata/ntd-70060_stops.geojson,3,635,coordinate_average,-99.343345,38.86875,-99.316202,38.90729,-99.32960510078755,38.88918662834645
Kansas__Flint_Hills_Area_Transportation_Agency__mdb_tld-4273,tld-4273,Flint Hills ATA,Flint Hills ATA,70053,,tld-4273_routes.geojson,tld-4273_stops.geojson,routes_with_metadata/tld-4273_routes.geojson,stops_with_metadata/tld-4273_stops.geojson,17,2574,coordinate_average,-96.877543,38.990376,-96.554834,39.219741,-96.68721056876454,39.12143345726487
Kansas__Johnson_County_Transit__mdb_mdb-2303,mdb-2303,RideKC Johnson County,RideKC Johnson County,70035,,mdb-2303_routes.geojson,mdb-2303_stops.geojson,routes_with_metadata/mdb-2303_routes.geojson,stops_with_metadata/mdb-2303_stops.geojson,22,17652,coordinate_average,-95.267256,38.883491,-94.572964,39.116745,-94.71375481471253,38.98538805121266
Kansas__Kansas_City_Area_Transportation_Authority_(KCATA)__mdb_mdb-187,mdb-187,Kansas City Area Transportation Authority,Kansas City Area Transportation Authority,77079,,mdb-187_routes.geojson,mdb-187_stops.geojson,routes_with_metadata/mdb-187_routes.geojson,stops_with_metadata/mdb-187_stops.geojson,101,44486,coordinate_average,-94.83104,38.881427,-94.400802,39.312811,-94.56302040716324,39.07643642746016
Kansas__KU_on_Wheels_&_Lawrence_Transit_System__mdb_mdb-2063,mdb-2063,Lawrence Transit,Lawrence Transit,70048,,mdb-2063_routes.geojson,mdb-2063_stops.geojson,routes_with_metadata/mdb-2063_routes.geojson,stops_with_metadata/mdb-2063_stops.geojson,40,13468,coordinate_average,-95.33418,38.92433,-95.18063,39.0036,-95.25847493782372,38.95733858260477
Kansas__KU_on_Wheels_&_Lawrence_Transit_System__mdb_tld-1039,tld-1039,Lawrence Transit,Lawrence Transit,70048,,tld-1039_routes.geojson,tld-1039_stops.geojson,routes_with_metadata/tld-1039_routes.geojson,stops_with_metadata/tld-1039_stops.geojson,64,7239,coordinate_average,-95.33418,38.92433,-95.18063,39.0036,-95.25479997346307,38.95657469023363
Kansas__Reno_County_Area_Transit__mdb_tld-6670,tld-6670,Reno County Area Transit,Reno County Area Transit,70180,,tld-6670_routes.geojson,tld-6670_stops.geojson,routes_with_metadata/tld-6670_routes.geojson,stops_with_metadata/tld-6670_stops.geojson,8,2419,coordinate_average,-97.94975,38.01449,-97.86686,38.088706,-97.91211421661832,38.06336241752785
Kansas__Topeka_Metro__mdb_tld-1660_1,tld-1660,Topeka Metro,Topeka Metro,70014,,tld-1660_routes.geojson,tld-1660_stops.geojson,routes_with_metadata/tld-1660_routes.geojson,stops_with_metadata/tld-1660_stops.geojson,29,6920,coordinate_average,-95.78128,38.993099,-95.613389,39.099966,-95.69787332448024,39.04276857833816
Kentucky__Blue_Grass_Community_Action_Partnership__mdb_mdb-362,mdb-362,Bluegrass Ride,Bluegrass Ride,40948,,mdb-362_routes.geojson,mdb-362_stops.geojson,routes_with_metadata/mdb-362_routes.geojson,stops_with_metadata/mdb-362_stops.geojson,31,15711,coordinate_average,-84.805134,37.61466704253856,-84.479,38.26952284556678,-84.61030201277293,37.905701946577004
Kentucky__City_of_Bowling_Green__mdb_ntd-40184,ntd-40184,GOBG Transit,GOBG Transit,40184,,ntd-40184_routes.geojson,ntd-40184_stops.geojson,routes_with_metadata/ntd-40184_routes.geojson,stops_with_metadata/ntd-40184_stops.geojson,7,7008,coordinate_average,-86.48776,36.92843,-86.3981555606,37.0117,-86.44388610617592,36.97529462506004
Kentucky__City_of_Maysville__mdb_ntd-41032,ntd-41032,City of Maysville,City of Maysville,41032,,ntd-41032_routes.geojson,ntd-41032_stops.geojson,routes_with_metadata/ntd-41032_routes.geojson,stops_with_metadata/ntd-41032_stops.geojson,1,1138,coordinate_average,-83.80984,38.61613,-83.731804,38.658544,-83.78164329613358,38.63642198418272
Kentucky__Lextran__mdb_mdb-2067,mdb-2067,Lextran,Lextran,40017,,mdb-2067_routes.geojson,mdb-2067_stops.geojson,routes_with_metadata/mdb-2067_routes.geojson,stops_with_metadata/mdb-2067_stops.geojson,90,30505,coordinate_average,-84.604899,37.970404,-84.404988,38.110465,-84.48488582330751,38.03516115813848
Kentucky__Transit_Authority_of_Northern_Kentucky_(TANK)__mdb_mdb-2068,mdb-2068,Transit Authority of Northern Kentucky,Transit Authority of Northern Kentucky,40019,,mdb-2068_routes.geojson,mdb-2068_stops.geojson,routes_with_metadata/mdb-2068_routes.geojson,stops_with_metadata/mdb-2068_stops.geojson,118,66290,coordinate_average,-84.736897,38.97082,-84.400055,39.116444,-84.54409732834513,39.057918880855404
Louisiana__Capital_Area_Transit_System_(CATS)__mdb_mdb-2065,mdb-2065,Baton Rouge Area Capital Transit System,Baton Rouge Area Capital Transit System,60022,,mdb-2065_routes.geojson,mdb-2065_stops.geojson,routes_with_metadata/mdb-2065_routes.geojson,stops_with_metadata/mdb-2065_stops.geojson,116,18359,coordinate_average,-91.19996,30.34307,-90.99817,30.5883,-91.11604955008445,30.44303608311987
Louisiana__Good_Earth_Transit__mdb_ntd-60080,ntd-60080,Good Earth Transit,Good Earth Transit,60080,,ntd-60080_routes.geojson,ntd-60080_stops.geojson,routes_with_metadata/ntd-60080_routes.geojson,stops_with_metadata/ntd-60080_stops.geojson,41,9525,coordinate_average,-90.847688,29.563359,-90.646068,29.811795,-90.73888784286952,29.63343323698564
Louisiana__Lake_Charles_Transit__mdb_ntd-60023,ntd-60023,City of Lake Charles Transit,City of Lake Charles Transit,60023,,ntd-60023_routes.geojson,ntd-60023_stops.geojson,routes_with_metadata/ntd-60023_routes.geojson,stops_with_metadata/ntd-60023_stops.geojson,5,647,coordinate_average,-93.249474,30.16871,-93.1548414,30.270499,-93.20180637805242,30.21652279675427
Louisiana__New_Orleans_Regional_Transit_Authority_(NORTA)__mdb_ntd-60032,ntd-60032,NORTA,NORTA,60032,,ntd-60032_routes.geojson,ntd-60032_stops.geojson,routes_with_metadata/ntd-60032_routes.geojson,stops_with_metadata/ntd-60032_stops.geojson,92,102271,coordinate_average,-90.266225,29.90071,-89.90531,30.07204,-90.05219343052279,29.968607356268862
Louisiana__Shreveport_and_Bossier_City__mdb_mdb-1060,mdb-1060,"Shreveport and Bossier City, Louisiana","Shreveport and Bossier City, Louisiana",60276,,mdb-1060_routes.geojson,mdb-1060_stops.geojson,routes_with_metadata/mdb-1060_routes.geojson,stops_with_metadata/mdb-1060_stops.geojson,55,8250,coordinate_average,-93.900332,32.381981,-93.627958,32.563947,-93.7668001470633,32.487813976026054
Louisiana__St._Bernard_Parish__mdb_ntd-60058,ntd-60058,St. Bernard Urban Rapid Transit,St. Bernard Urban Rapid Transit,60058,,ntd-60058_routes.geojson,ntd-60058_stops.geojson,routes_with_metadata/ntd-60058_routes.geojson,stops_with_metadata/ntd-60058_stops.geojson,2,1370,coordinate_average,-90.004733,29.86766,-89.86984,29.96215,-89.93510403868626,29.925711335766433
Maine__Acadia_National_Park__mdb_tld-6900,tld-6900,Downeast Transportation,Downeast Transportation,10175,,tld-6900_routes.geojson,tld-6900_stops.geojson,routes_with_metadata/tld-6900_routes.geojson,stops_with_metadata/tld-6900_stops.geojson,38,15607,coordinate_average,-68.37097,44.22996,-68.017047,44.501195,-68.22658914467932,44.359719982251626
Maine__Bangor_Community_Connector__mdb_tld-7824,tld-7824,City of Bangor,City of Bangor,10096,,tld-7824_routes.geojson,tld-7824_stops.geojson,routes_with_metadata/tld-7824_routes.geojson,stops_with_metadata/tld-7824_stops.geojson,24,13457,coordinate_average,-68.862734,44.7318621,-68.638863,44.939159,-68.7507180530561,44.82240416867165
Maine__Biddeford_Saco_Old_Orchard_Beach_Transit__mdb_tld-4756,tld-4756,Biddeford  Saco  Old Orchard Beach Transit,Biddeford  Saco  Old Orchard Beach Transit,10114,,tld-4756_routes.geojson,tld-4756_stops.geojson,routes_with_metadata/tld-4756_routes.geojson,stops_with_metadata/tld-4756_stops.geojson,27,14302,coordinate_average,-70.51535,43.45177,-70.25445,43.66546,-70.42065404471373,43.52619476655746
Maine__Greater_Portland_Metro_Bus__mdb_mdb-2642,mdb-2642,Greater Portland Metro,Greater Portland Metro,10016,,mdb-2642_routes.geojson,mdb-2642_stops.geojson,routes_with_metadata/mdb-2642_routes.geojson,stops_with_metadata/mdb-2642_stops.geojson,102,77224,coordinate_average,-70.4481677,43.6142001,-69.8128399,43.919441,-70.27574868565168,43.681117210012204
Maine__Lakes_Region_Explorer__mdb_mdb-452,mdb-452,Lakes Region Explorer,Lakes Region Explorer,10142,,mdb-452_routes.geojson,mdb-452_stops.geojson,routes_with_metadata/mdb-452_routes.geojson,stops_with_metadata/mdb-452_stops.geojson,1,4538,coordinate_average,-70.71493,43.6547,-70.25874,44.0545,-70.47774408181066,43.861280903586774
Maine__West's_Bus_Service__mdb_tld-7870,tld-7870,West's Transportation,West's Transportation,11153,,tld-7870_routes.geojson,tld-7870_stops.geojson,routes_with_metadata/tld-7870_routes.geojson,stops_with_metadata/tld-7870_stops.geojson,12,14032,coordinate_average,-68.818367,44.39443,-66.983495,45.188997,-67.78002635732572,44.65668233459223
Maryland__Annapolis_Transit__mdb_mdb-2285,mdb-2285,Annapolis Transit,Annapolis Transit,30040,,mdb-2285_routes.geojson,mdb-2285_stops.geojson,routes_with_metadata/mdb-2285_routes.geojson,stops_with_metadata/mdb-2285_stops.geojson,14,6685,coordinate_average,-76.5573,38.94707,-76.48341,38.99478,-76.51510254599843,38.974231280029926
Maryland__Cecil_Transit__mdb_mdb-3178,mdb-3178,Cecil Transit,Cecil Transit,30108,,mdb-3178_routes.geojson,mdb-3178_stops.geojson,routes_with_metadata/mdb-3178_routes.geojson,stops_with_metadata/mdb-3178_stops.geojson,19,19233,coordinate_average,-76.079576,39.549347,-75.740981,39.683738,-75.89592979989708,39.604523649972606
Maryland__Frederick_County_TransIT__mdb_mdb-2432,mdb-2432,Transit Services of Frederick County,Transit Services of Frederick County,30072,,mdb-2432_routes.geojson,mdb-2432_stops.geojson,routes_with_metadata/mdb-2432_routes.geojson,stops_with_metadata/mdb-2432_stops.geojson,35,21898,coordinate_average,-77.665219,39.273889,-77.310906,39.705753,-77.42468705158517,39.429267148236946
Maryland__Harbor_Connector__mdb_mdb-618,mdb-618,Harbor Connector,Harbor Connector,60276,,mdb-618_routes.geojson,mdb-618_stops.geojson,routes_with_metadata/mdb-618_routes.geojson,stops_with_metadata/mdb-618_stops.geojson,6,28,coordinate_average,-76.6070138686386,39.273223477,-76.574055636,39.2839428588262,-76.58959155974408,39.27776814555866
Maryland__Maryland_Transit_Administration__mdb_mdb-466,mdb-466,Maryland Transit Administration,Maryland Transit Administration,30034,,mdb-466_routes.geojson,mdb-466_stops.geojson,routes_with_metadata/mdb-466_routes.geojson,stops_with_metadata/mdb-466_stops.geojson,588,209047,coordinate_average,-76.8885,38.97813,-76.37926,39.49724,-76.62392050471809,39.30493460135726
Maryland__Maryland_Transit_Administration__mdb_mdb-469,mdb-469,Maryland Transit Administration,Maryland Transit Administration,30034,,mdb-469_routes.geojson,mdb-469_stops.geojson,routes_with_metadata/mdb-469_routes.geojson,stops_with_metadata/mdb-469_stops.geojson,22,47674,coordinate_average,-76.676116943,39.171772003,-76.61636,39.496284485,-76.63983740700344,39.334117449968744
Maryland__Maryland_Transit_Administration_Metro_Subway__mdb_mdb-470,mdb-470,Maryland Transit Administration,Maryland Transit Administration,30034,,mdb-470_routes.geojson,mdb-470_stops.geojson,routes_with_metadata/mdb-470_routes.geojson,stops_with_metadata/mdb-470_stops.geojson,6,482,coordinate_average,-76.7829216,39.289349,-76.59412,39.4083996,-76.68922004792525,39.34341602925306
Maryland__Montgomery_County_Department_of_Transportation_(Ride_On)__mdb_mdb-488,mdb-488,Montgomery County MD Ride On,Montgomery County MD Ride On,30051,,mdb-488_routes.geojson,mdb-488_stops.geojson,routes_with_metadata/mdb-488_routes.geojson,stops_with_metadata/mdb-488_stops.geojson,265,124369,coordinate_average,-77.41908,38.93568,-76.85707,39.28849,-77.13914898719051,39.09625639101298
Maryland__Prince_George's_County_(The_Bus)__mdb_mdb-477,mdb-477,TheBus,TheBus,31026,,mdb-477_routes.geojson,mdb-477_stops.geojson,routes_with_metadata/mdb-477_routes.geojson,stops_with_metadata/mdb-477_stops.geojson,62,66880,coordinate_average,-77.01178,38.671400000000006,-76.71753000000001,39.100280000000005,-76.8880628547132,38.88442783058777
Maryland__rabbittransit__mdb_tld-223,tld-223,rabbittransit,rabbittransit,30206,,tld-223_routes.geojson,tld-223_stops.geojson,routes_with_metadata/tld-223_routes.geojson,stops_with_metadata/tld-223_stops.geojson,479,87245,coordinate_average,-77.27658,39.39906,-76.4996,40.2944,-76.81557248335193,39.95003420322143
Maryland__Regional_Transportation_Agency_of_Central_Maryland_(RTA)__mdb_mdb-489,mdb-489,Regional Transportation Agency of Central Maryland,Regional Transportation Agency of Central Maryland,30205,,mdb-489_routes.geojson,mdb-489_stops.geojson,routes_with_metadata/mdb-489_routes.geojson,stops_with_metadata/mdb-489_stops.geojson,54,33241,coordinate_average,-76.919862,39.009747,-76.717941,39.296951,-76.82944487186937,39.17666489313932
Maryland__Saint_Maryʼs_Transit_System__mdb_mdb-2268,mdb-2268,St. Mary's Transit System,St. Mary's Transit System,30109,,mdb-2268_routes.geojson,mdb-2268_stops.geojson,routes_with_metadata/mdb-2268_routes.geojson,stops_with_metadata/mdb-2268_stops.geojson,62,27632,coordinate_average,-76.83212,38.10888,-76.36411,38.5011,-76.56877872249423,38.316295517515904
Maryland__Towson_Loop__mdb_mdb-1784,mdb-1784,Towson Loop (Baltimore County),Towson Loop (Baltimore County),30186,,mdb-1784_routes.geojson,mdb-1784_stops.geojson,routes_with_metadata/mdb-1784_routes.geojson,stops_with_metadata/mdb-1784_stops.geojson,4,1758,coordinate_average,-76.627333,39.370469,-76.575962,39.413643,-76.60799713111892,39.39609729254265
Maryland__Washington_County_Transit__mdb_mdb-2286,mdb-2286,Washington County Transit,Washington County Transit,30042,,mdb-2286_routes.geojson,mdb-2286_stops.geojson,routes_with_metadata/mdb-2286_routes.geojson,stops_with_metadata/mdb-2286_stops.geojson,13,4009,coordinate_average,-77.821264,39.585078,-77.568282,39.720909,-77.7123940698427,39.63641950685953
Massachusetts__Bay_State_Cruise_Company__mdb_mdb-435,mdb-435,Bay State Cruise Company,Bay State Cruise Company,11238,,mdb-435_routes.geojson,mdb-435_stops.geojson,routes_with_metadata/mdb-435_routes.geojson,stops_with_metadata/mdb-435_stops.geojson,2,131,coordinate_average,-71.0397917,42.014657631205,-70.162608273536,42.353042275484,-70.59071325364742,42.18978639758485
Massachusetts__Berkshire_Regional_Transit_Authority_(BRTA)__mdb_mdb-537,mdb-537,Link413 | Berkshire Regional Transit Authority,Link413 | Berkshire Regional Transit Authority,10007,,mdb-537_routes.geojson,mdb-537_stops.geojson,routes_with_metadata/mdb-537_routes.geojson,stops_with_metadata/mdb-537_stops.geojson,42,31819,coordinate_average,-73.381027,42.174214212880486,-72.600241,42.7172834623906,-73.1241904922091,42.45841033438109
Massachusetts__Block_Island_Ferry__mdb_mdb-554,mdb-554,Block Island Ferry,Block Island Ferry,90225,,mdb-554_routes.geojson,mdb-554_stops.geojson,routes_with_metadata/mdb-554_routes.geojson,stops_with_metadata/mdb-554_stops.geojson,2,111,coordinate_average,-71.556675895574,41.173700736285,-71.510886248932,41.380105445495,-71.53061353433769,41.28988750034831
Massachusetts__Blue_Apple_Bus_Company__mdb_mdb-2299,mdb-2299,Blue Apple Bus Company,Blue Apple Bus Company,11245,,mdb-2299_routes.geojson,mdb-2299_stops.geojson,routes_with_metadata/mdb-2299_routes.geojson,stops_with_metadata/mdb-2299_stops.geojson,4,14174,coordinate_average,-71.27126000000001,42.030472,-71.017379,42.369914,-71.15695655495466,42.24032036931873
Massachusetts__Boston_Harbor_Island_National_Recreation_Area__mdb_mdb-3416,mdb-3416,National Park Service,National Park Service,10004,,mdb-3416_routes.geojson,mdb-3416_stops.geojson,routes_with_metadata/mdb-3416_routes.geojson,stops_with_metadata/mdb-3416_stops.geojson,2,26,coordinate_average,-71.0366207,42.31922,-71.0040161,42.3432532,-71.01309486153845,42.335206869230774
Massachusetts__Boston_Harbor_Islands_Ferry__mdb_mdb-2679,mdb-2679,National Park Service,National Park Service,99468,,mdb-2679_routes.geojson,mdb-2679_stops.geojson,routes_with_metadata/mdb-2679_routes.geojson,stops_with_metadata/mdb-2679_stops.geojson,8,10559,coordinate_average,-71.050571,42.25268,-70.91417,42.36173872,-71.00495375835796,42.3392830403011
Massachusetts__Brockton_Area_Transit_Authority_(BAT)__mdb_mdb-422,mdb-422,Brockton Area Transit Authority,Brockton Area Transit Authority,10004,,mdb-422_routes.geojson,mdb-422_stops.geojson,routes_with_metadata/mdb-422_routes.geojson,stops_with_metadata/mdb-422_stops.geojson,44,14494,coordinate_average,-71.149467,42.042408394,-70.907387137413,42.28491094527428,-71.03379345818797,42.11190444547201
Massachusetts__Brockton_Area_Transit_Authority__mdb_ntd-10004,ntd-10004,Brockton Area Transit Authority (BAT),Brockton Area Transit Authority (BAT),10004,,ntd-10004_routes.geojson,ntd-10004_stops.geojson,routes_with_metadata/ntd-10004_routes.geojson,stops_with_metadata/ntd-10004_stops.geojson,37,11471,coordinate_average,-71.1550936,41.6809959,-70.967078,42.28491,-71.04494827010683,42.0781861593946
Massachusetts__Cape_Ann_Transportation_Authority_(CATA)__mdb_mdb-447,mdb-447,Cape Ann Transportation Authority,Cape Ann Transportation Authority,10053,,mdb-447_routes.geojson,mdb-447_stops.geojson,routes_with_metadata/mdb-447_routes.geojson,stops_with_metadata/mdb-447_stops.geojson,35,26258,coordinate_average,-70.950102,42.533518,-70.598541,42.687488,-70.76577434443952,42.61578226079686
Massachusetts__Cape_Cod_Regional_Transportation_Authority_(Cape_Cod_RTA)__mdb_mdb-645,mdb-645,Cape Cod Regional Transit Authority,Cape Cod Regional Transit Authority,10105,,mdb-645_routes.geojson,mdb-645_stops.geojson,routes_with_metadata/mdb-645_routes.geojson,stops_with_metadata/mdb-645_stops.geojson,61,86775,coordinate_average,-70.669939243,41.522287519,-69.9549034988232,42.066084,-70.27232298322619,41.747906807088135
Massachusetts__Cuttyhunk_Ferry_Company__mdb_mdb-423,mdb-423,Cuttyhunk Ferry Co.,Cuttyhunk Ferry Co.,10176,,mdb-423_routes.geojson,mdb-423_stops.geojson,routes_with_metadata/mdb-423_routes.geojson,stops_with_metadata/mdb-423_stops.geojson,2,61,coordinate_average,-70.923015364882,41.424221092622,-70.882458259213,41.634144818503,-70.909330616564,41.512905436939555
Massachusetts__Franklin_Regional_Transit_Authority_(FRTA)__mdb_mdb-429,mdb-429,Franklin Regional Transit Authority,Franklin Regional Transit Authority,10173,,mdb-429_routes.geojson,mdb-429_stops.geojson,routes_with_metadata/mdb-429_routes.geojson,stops_with_metadata/mdb-429_stops.geojson,38,40738,coordinate_average,-72.87697,42.317734,-72.255121,42.628096,-72.59868715034762,42.570170257310224
Massachusetts__Freedom_Cruise_Line__mdb_mdb-425,mdb-425,Freedom Cruise Line,Freedom Cruise Line,11239,,mdb-425_routes.geojson,mdb-425_stops.geojson,routes_with_metadata/mdb-425_routes.geojson,stops_with_metadata/mdb-425_stops.geojson,2,47,coordinate_average,-70.098996355864,41.2847266932657,-70.059584119793,41.6674902432958,-70.08312851248003,41.40389742683535
Massachusetts__Green_Mountain_Community_Network_(GMCN)__mdb_mdb-539,mdb-539,Green Mountain Express,Green Mountain Express,80159,,mdb-539_routes.geojson,mdb-539_stops.geojson,routes_with_metadata/mdb-539_routes.geojson,stops_with_metadata/mdb-539_stops.geojson,36,20444,coordinate_average,-73.247633,42.695152,-73.033468,43.1885828640734,-73.18521994087433,42.93115424430585
Massachusetts__Hy-Line_Cruises__mdb_mdb-427,mdb-427,Hy-Line Cruises,Hy-Line Cruises,11239,,mdb-427_routes.geojson,mdb-427_stops.geojson,routes_with_metadata/mdb-427_routes.geojson,stops_with_metadata/mdb-427_stops.geojson,6,250,coordinate_average,-70.559032559395,41.28467680914491,-70.088634234353,41.650111805397,-70.29985438059362,41.47852297869061
Massachusetts__Lowell_Regional_Transit_Authority_(LRTA)__mdb_mdb-444,mdb-444,Lowell Regional Transit Authority,Lowell Regional Transit Authority,10005,,mdb-444_routes.geojson,mdb-444_stops.geojson,routes_with_metadata/mdb-444_routes.geojson,stops_with_metadata/mdb-444_stops.geojson,45,19478,coordinate_average,-71.467957,42.480495,-71.174245476723,42.699334,-71.30773268427555,42.61827424697715
Massachusetts__Martha's_Vineyard_Transit_Authority__mdb_mdb-420,mdb-420,Martha's Vineyard Transit Authority,Martha's Vineyard Transit Authority,10145,,mdb-420_routes.geojson,mdb-420_stops.geojson,routes_with_metadata/mdb-420_routes.geojson,stops_with_metadata/mdb-420_stops.geojson,28,9156,coordinate_average,-70.836463,41.322544,-70.507705,41.482135,-70.6347495555803,41.40486529695051
Massachusetts__Massachusetts_Bay_Transportation_Authority_(MBTA)__mdb_mdb-437,mdb-437,Cape Cod Regional Transit Authority | MBTA,Cape Cod Regional Transit Authority | MBTA,10105,,mdb-437_routes.geojson,mdb-437_stops.geojson,routes_with_metadata/mdb-437_routes.geojson,stops_with_metadata/mdb-437_stops.geojson,1165,373549,coordinate_average,-71.84864,41.57923,-70.2569084,42.79928,-71.08265682184624,42.35103590141744
Massachusetts__Massport__mdb_mdb-441,mdb-441,Logan Express | Massport,Logan Express | Massport,10181,,mdb-441_routes.geojson,mdb-441_stops.geojson,routes_with_metadata/mdb-441_routes.geojson,stops_with_metadata/mdb-441_stops.geojson,28,18503,coordinate_average,-71.395594,42.217317,-70.934565,42.55497564266668,-71.08003732598264,42.36806676133553
Massachusetts__Merrimack_Valley_Regional_Transit_Authority_(MVRTA)__mdb_mdb-445,mdb-445,Merrimack Valley Transit,Merrimack Valley Transit,10013,,mdb-445_routes.geojson,mdb-445_stops.geojson,routes_with_metadata/mdb-445_routes.geojson,stops_with_metadata/mdb-445_stops.geojson,70,39300,coordinate_average,-71.315967,42.6343,-70.818393,42.859417,-71.0641324267883,42.763954049401185
Massachusetts__MetroWest_Regional_Transit_Authority_(MWRTA)__mdb_mdb-439,mdb-439,MWRTA,MWRTA,10118,,mdb-439_routes.geojson,mdb-439_stops.geojson,routes_with_metadata/mdb-439_routes.geojson,stops_with_metadata/mdb-439_stops.geojson,104,8348,coordinate_average,-71.6127426393475,42.0815700043184,-71.2412633741655,42.4620239413991,-71.45829573980173,42.293381630728106
Massachusetts__Middlesex_3_TMA__mdb_mdb-442,mdb-442,Middlesex 3 TMA,Middlesex 3 TMA,60126,,mdb-442_routes.geojson,mdb-442_stops.geojson,routes_with_metadata/mdb-442_routes.geojson,stops_with_metadata/mdb-442_stops.geojson,3,2687,coordinate_average,-71.285336,42.36277,-71.05695,42.540557,-71.21389908662368,42.462028099017445
Massachusetts__Montachusett_Regional_Transit_Authority_(MART)__mdb_mdb-433,mdb-433,Montachusett Regional Transit Authority (MART),Montachusett Regional Transit Authority (MART),10061,,mdb-433_routes.geojson,mdb-433_stops.geojson,routes_with_metadata/mdb-433_routes.geojson,stops_with_metadata/mdb-433_stops.geojson,81,55609,coordinate_average,-72.31524,42.260161,-71.502101,42.689841,-71.85313290214424,42.56240800320603
Massachusetts__Nantucket_Regional_Transit_Authority_(WAVE)__mdb_mdb-426,mdb-426,the WAVE - Nantucket Regional Transit Authority,the WAVE - Nantucket Regional Transit Authority,10162,,mdb-426_routes.geojson,mdb-426_stops.geojson,routes_with_metadata/mdb-426_routes.geojson,stops_with_metadata/mdb-426_stops.geojson,6,1321,coordinate_average,-70.123576,41.256632,-69.964833,41.283336022854144,-70.0818833441632,41.270069901181905
Massachusetts__Patriots_Party_Boats__mdb_mdb-424,mdb-424,Patriot Party Boats,Patriot Party Boats,,,mdb-424_routes.geojson,mdb-424_stops.geojson,routes_with_metadata/mdb-424_routes.geojson,stops_with_metadata/mdb-424_stops.geojson,2,44,coordinate_average,-70.607797318431,41.458624579904296,-70.553202836476,41.543824829151,-70.5819901295623,41.504872912571265
Massachusetts__Plymouth_&_Brockton_Street_Railway_Co__mdb_mdb-556,mdb-556,Plymouth & Brockton Street Railway Co.,Plymouth & Brockton Street Railway Co.,10176,,mdb-556_routes.geojson,mdb-556_stops.geojson,routes_with_metadata/mdb-556_routes.geojson,stops_with_metadata/mdb-556_stops.geojson,10,25847,coordinate_average,-71.077719,41.522313,-70.255026,42.374012,-70.75113959593162,42.00675229652759
Massachusetts__Rhode_Island_Public_Transit_Authority__mdb_mdb-624,mdb-624,Rhode Island Public Transit Authority,Rhode Island Public Transit Authority,11245,,mdb-624_routes.geojson,mdb-624_stops.geojson,routes_with_metadata/mdb-624_routes.geojson,stops_with_metadata/mdb-624_stops.geojson,253,107367,coordinate_average,-71.83166,41.37261,-71.13539,42.019731,-71.42472825010324,41.748338445127864
Massachusetts__Southeastern_Regional_Transit_Authority_(SRTA)__mdb_mdb-421,mdb-421,Southeastern Regional Transit Authority,Southeastern Regional Transit Authority,10006,,mdb-421_routes.geojson,mdb-421_stops.geojson,routes_with_metadata/mdb-421_routes.geojson,stops_with_metadata/mdb-421_stops.geojson,96,66181,coordinate_average,-71.221555,41.596328,-70.66194,41.76723,-71.0180489901184,41.67700985731557
Massachusetts__Vineyard_Fast_Ferry__mdb_mdb-419,mdb-419,Vineyard Fast Ferry,Vineyard Fast Ferry,10183,,mdb-419_routes.geojson,mdb-419_stops.geojson,routes_with_metadata/mdb-419_routes.geojson,stops_with_metadata/mdb-419_stops.geojson,2,57,coordinate_average,-71.412764602777,41.397067558586,-70.554409438249,41.586671003464,-70.92946377139889,41.47010727195955
Michigan__Ann_Arbor_Area_Transportation_Authority_(TheRide)__mdb_mdb-415,mdb-415,AAATA,AAATA,50040,,mdb-415_routes.geojson,mdb-415_stops.geojson,routes_with_metadata/mdb-415_routes.geojson,stops_with_metadata/mdb-415_stops.geojson,87,73495,coordinate_average,-83.843184,42.187249,-83.55055,42.317717,-83.70037594270465,42.26571745638436
Michigan__Bay_Area_Transportation_Authority__mdb_mdb-2254,mdb-2254,Bay Area Transportation Authority,Bay Area Transportation Authority,50413,,mdb-2254_routes.geojson,mdb-2254_stops.geojson,routes_with_metadata/mdb-2254_routes.geojson,stops_with_metadata/mdb-2254_stops.geojson,46,21030,coordinate_average,-85.985666,44.5831,-85.429607,45.033196,-85.61582373200137,44.75641232134672
Michigan__Bay_Metropolitan_Transit_Authority__mdb_ntd-50029,ntd-50029,Bay Metro Transit,Bay Metro Transit,50029,,ntd-50029_routes.geojson,ntd-50029_stops.geojson,routes_with_metadata/ntd-50029_routes.geojson,stops_with_metadata/ntd-50029_stops.geojson,15,7582,coordinate_average,-84.08947,43.50865,-83.77663,43.86774,-83.91565612186722,43.62442638077029
Michigan__Blue_Water_Area_Transit__mdb_tld-7035,tld-7035,Blue Water Area Transit,Blue Water Area Transit,50148,,tld-7035_routes.geojson,tld-7035_stops.geojson,routes_with_metadata/tld-7035_routes.geojson,stops_with_metadata/tld-7035_stops.geojson,28,9773,coordinate_average,-82.83714,42.61341,-82.42003,43.05083,-82.51776969228433,42.86057585798613
Michigan__Capital_Area_Transportation_Authority_(CATA)__mdb_mdb-402,mdb-402,Capital Area Transportation Authority,Capital Area Transportation Authority,50036,,mdb-402_routes.geojson,mdb-402_stops.geojson,routes_with_metadata/mdb-402_routes.geojson,stops_with_metadata/mdb-402_stops.geojson,216,47030,coordinate_average,-84.63231,42.56618,-84.174049,42.77593,-84.50228395815012,42.707109622964694
Michigan__Detroit_People_Mover__mdb_mdb-2281,mdb-2281,Detroit Transportation Corporation,Detroit Transportation Corporation,50141,,mdb-2281_routes.geojson,mdb-2281_stops.geojson,routes_with_metadata/mdb-2281_routes.geojson,stops_with_metadata/mdb-2281_stops.geojson,2,172,coordinate_average,-83.05285,42.32456,-83.039532,42.336302,-83.04720623255815,42.33157272093023
Michigan__Froggy_Transportation__mdb_mdb-2216,mdb-2216,Froggy Transportation,Froggy Transportation,55560,,mdb-2216_routes.geojson,mdb-2216_stops.geojson,routes_with_metadata/mdb-2216_routes.geojson,stops_with_metadata/mdb-2216_stops.geojson,1,3670,coordinate_average,-83.63806,41.67524,-83.32675,42.24115,-83.43102180653958,41.93935061580387
Michigan__Kalamazoo_Metro_Transit__mdb_tld-674,tld-674,Kalamazoo,Kalamazoo,50029,,tld-674_routes.geojson,tld-674_stops.geojson,routes_with_metadata/tld-674_routes.geojson,stops_with_metadata/tld-674_stops.geojson,368,34378,coordinate_average,-85.69472,42.16466,-85.50893,42.33279,-85.59390289021795,42.27779303478985
Michigan__Lake_Erie_Transit__mdb_tld-6883,tld-6883,Lake Erie Transit,Lake Erie Transit,50522,,tld-6883_routes.geojson,tld-6883_stops.geojson,routes_with_metadata/tld-6883_routes.geojson,stops_with_metadata/tld-6883_stops.geojson,15,1280,coordinate_average,-83.47071,41.88294,-83.3631,41.97828,-83.40523665564567,41.926682416861524
Michigan__Macatawa_Area_Express__mdb_tld-5873,tld-5873,Macatawa Area Express Transportation Authority,Macatawa Area Express Transportation Authority,50184,,tld-5873_routes.geojson,tld-5873_stops.geojson,routes_with_metadata/tld-5873_routes.geojson,stops_with_metadata/tld-5873_stops.geojson,8,2287,coordinate_average,-86.15692,42.74672,-85.99957,42.84119,-86.09357100174924,42.79709364980333
Michigan__Mass_Transportation_Authority_Flint__mdb_mdb-2287,mdb-2287,Mass Transportation Authority,Mass Transportation Authority,50459,,mdb-2287_routes.geojson,mdb-2287_stops.geojson,routes_with_metadata/mdb-2287_routes.geojson,stops_with_metadata/mdb-2287_stops.geojson,68,43405,coordinate_average,-84.000165,42.506138,-83.301626,43.134334,-83.74661576376063,42.84936162057401
Michigan__Muskegon_Area_Transit_System__mdb_tld-4831,tld-4831,Muskegon Area Transit System,Muskegon Area Transit System,50037,,tld-4831_routes.geojson,tld-4831_stops.geojson,routes_with_metadata/tld-4831_routes.geojson,stops_with_metadata/tld-4831_stops.geojson,14,4199,coordinate_average,-86.2782,43.132324,-86.171884,43.248289,-86.22984257204058,43.21221157870924
Michigan__Suburban_Mobility_Authority_for_Regional_Transit_(SMART)__mdb_mdb-414,mdb-414,SMART,SMART,55637,,mdb-414_routes.geojson,mdb-414_stops.geojson,routes_with_metadata/mdb-414_routes.geojson,stops_with_metadata/mdb-414_stops.geojson,132,356097,coordinate_average,-83.539942,42.14086,-82.754417,42.708,-83.14898318295302,42.467119444848954
Michigan__The_Rapid__mdb_mdb-400,mdb-400,The Rapid,The Rapid,50495,,mdb-400_routes.geojson,mdb-400_stops.geojson,routes_with_metadata/mdb-400_routes.geojson,stops_with_metadata/mdb-400_stops.geojson,683,115127,coordinate_average,-85.91173,42.83739,-85.47596,43.69439,-85.67651552494348,42.96075757285408
Michigan__University_of_Michigan_Transit_Services__mdb_mdb-2072,mdb-2072,University of Michigan Transportation Services,University of Michigan Transportation Services,50158,,mdb-2072_routes.geojson,mdb-2072_stops.geojson,routes_with_metadata/mdb-2072_routes.geojson,stops_with_metadata/mdb-2072_stops.geojson,41,19102,coordinate_average,-83.747587,42.264356,-83.67387,42.32358,-83.716618672914,42.29051639330937
Minnesota__Brown_County_Heartland_Express__mdb_mdb-2037,mdb-2037,Brown County Heartland Express,Brown County Heartland Express,50384,,mdb-2037_routes.geojson,mdb-2037_stops.geojson,routes_with_metadata/mdb-2037_routes.geojson,stops_with_metadata/mdb-2037_stops.geojson,1,878,coordinate_average,-94.506559,44.284111,-94.432052,44.342717,-94.47743021481651,44.31711944332158
Minnesota__Brown_County_Heartland_Express__mdb_mdb-2296,mdb-2296,Brown County Heartland Express,Brown County Heartland Express,50384,,mdb-2296_routes.geojson,mdb-2296_stops.geojson,routes_with_metadata/mdb-2296_routes.geojson,stops_with_metadata/mdb-2296_stops.geojson,1,878,coordinate_average,-94.506559,44.284111,-94.432052,44.342717,-94.47743021481651,44.31711944332158
Minnesota__Central_Community_Transit__mdb_mdb-2301,mdb-2301,Central Community Transit,Central Community Transit,55314,,mdb-2301_routes.geojson,mdb-2301_stops.geojson,routes_with_metadata/mdb-2301_routes.geojson,stops_with_metadata/mdb-2301_stops.geojson,11,5085,coordinate_average,-95.083904,45.097933,-94.490991,45.152887,-94.95777625187809,45.12159010162514
Minnesota__Community_Transit__mdb_tld-5761,tld-5761,Community Transit,Community Transit,55326,,tld-5761_routes.geojson,tld-5761_stops.geojson,routes_with_metadata/tld-5761_routes.geojson,stops_with_metadata/tld-5761_stops.geojson,5,1328,coordinate_average,-95.8735977060688,44.2332926132596,-95.088386,44.545835,-95.63073399211959,44.438088844712
Minnesota__Duluth_Transit__mdb_mdb-301,mdb-301,Duluth Transit Authority,Duluth Transit Authority,50025,,mdb-301_routes.geojson,mdb-301_stops.geojson,routes_with_metadata/mdb-301_routes.geojson,stops_with_metadata/mdb-301_stops.geojson,81,20731,coordinate_average,-92.226751,46.656186,-92.009329,46.855724,-92.12044191095376,46.77386687680267
Minnesota__Hiawathaland_Transit__mdb_mdb-2859,mdb-2859,Hiawathaland Transit,Hiawathaland Transit,50510,,mdb-2859_routes.geojson,mdb-2859_stops.geojson,routes_with_metadata/mdb-2859_routes.geojson,stops_with_metadata/mdb-2859_stops.geojson,10,5825,coordinate_average,-93.305641,44.268898,-92.513313,44.573777,-93.06263397547285,44.43108083483618
Minnesota__Mankato_Transit_System__mdb_ntd-50205,ntd-50205,ntd-50205,ntd-50205,50205,,ntd-50205_routes.geojson,ntd-50205_stops.geojson,routes_with_metadata/ntd-50205_routes.geojson,stops_with_metadata/ntd-50205_stops.geojson,10,6839,coordinate_average,-94.0537187412725,44.1366813736346,-93.9387034129999,44.1962330873469,-93.98116951200917,44.161312584734134
Minnesota__Metro_Transit__mdb_mdb-205,mdb-205,Metro Transit | Metro Transit/Met Council | Met Council | Maple Grove | Plymouth | SouthWest Transit | Airport (MAC) | University of Minnesota,Metro Transit | Metro Transit/Met Council | Met Council | Maple Grove | Plymouth | SouthWest Transit | Airport (MAC) | University of Minnesota,50518,,mdb-205_routes.geojson,mdb-205_stops.geojson,routes_with_metadata/mdb-205_routes.geojson,stops_with_metadata/mdb-205_stops.geojson,600,321490,coordinate_average,-93.731856,44.687501,-92.805485,45.332551,-93.26887635434372,44.95314833529771
Minnesota__Minnesota_Valley_Transit_Authority_(MVTA)__mdb_mdb-206,mdb-206,MVTA,MVTA,50519,,mdb-206_routes.geojson,mdb-206_stops.geojson,routes_with_metadata/mdb-206_routes.geojson,stops_with_metadata/mdb-206_stops.geojson,225,98714,coordinate_average,-93.55893,44.687509,-93.033575,44.981263,-93.25480420564918,44.82669062803516
Minnesota__SMART__mdb_tld-5753,tld-5753,SMART,SMART,88294,,tld-5753_routes.geojson,tld-5753_stops.geojson,routes_with_metadata/tld-5753_routes.geojson,stops_with_metadata/tld-5753_stops.geojson,9,4104,coordinate_average,-93.530054,43.630781,-92.95869788801168,44.11156999634255,-93.1995764198403,43.75256648605192
Minnesota__St._Cloud_Metropolitan_Transit_Commission__mdb_ntd-50028,ntd-50028,Metro Bus,Metro Bus,50028,,ntd-50028_routes.geojson,ntd-50028_stops.geojson,routes_with_metadata/ntd-50028_routes.geojson,stops_with_metadata/ntd-50028_stops.geojson,34,5665,coordinate_average,-94.264317811751,45.48865801237,-94.1220583436795,45.6629254760255,-94.18752987732906,45.568947314945234
Mississippi__City_of_Hattiesburg__mdb_ntd-40060,ntd-40060,Hub City Transit,Hub City Transit,40060,,ntd-40060_routes.geojson,ntd-40060_stops.geojson,routes_with_metadata/ntd-40060_routes.geojson,stops_with_metadata/ntd-40060_stops.geojson,7,3168,coordinate_average,-89.38122,31.26166,-89.25383,31.3484,-89.3161672664143,31.316928866792974
Mississippi__City_of_Jackson_(JTRAN)__mdb_mdb-2652,mdb-2652,City of Jackson (JTRAN),City of Jackson (JTRAN),40015,,mdb-2652_routes.geojson,mdb-2652_stops.geojson,routes_with_metadata/mdb-2652_routes.geojson,stops_with_metadata/mdb-2652_stops.geojson,24,6271,coordinate_average,-90.27233,32.25316,-90.13637,32.40122,-90.20381374039245,32.31717189874006
Mississippi__Gulf_Islands_National_Seashore__mdb_mdb-3210,mdb-3210,National Park Service,National Park Service,99468,,mdb-3210_routes.geojson,mdb-3210_stops.geojson,routes_with_metadata/mdb-3210_routes.geojson,stops_with_metadata/mdb-3210_stops.geojson,2,36,coordinate_average,-89.08952,30.214653,-88.971341,30.364086,-89.04627961111113,30.313826472222217
Mississippi__National_Park_Service__mdb_tld-6677,tld-6677,National Park Service,National Park Service,99468,,tld-6677_routes.geojson,tld-6677_stops.geojson,routes_with_metadata/tld-6677_routes.geojson,stops_with_metadata/tld-6677_stops.geojson,2,36,coordinate_average,-89.08952,30.214653,-88.971341,30.364086,-89.04627961111113,30.313826472222217
Missouri__City_of_Jefferson__mdb_ntd-70043,ntd-70043,JeffTran Fixedbus,JeffTran Fixedbus,70043,,ntd-70043_routes.geojson,ntd-70043_stops.geojson,routes_with_metadata/ntd-70043_routes.geojson,stops_with_metadata/ntd-70043_stops.geojson,23,3368,coordinate_average,-92.28445,38.533903149103246,-92.11286257432758,38.60925,-92.17956933839459,38.56385266236854
Missouri__Metro_St._Louis__mdb_mdb-2035,mdb-2035,Metro St. Louis,Metro St. Louis,70006,,mdb-2035_routes.geojson,mdb-2035_stops.geojson,routes_with_metadata/mdb-2035_routes.geojson,stops_with_metadata/mdb-2035_stops.geojson,4,225,coordinate_average,-90.30875,38.644569,-90.28428,38.65636,-90.28992309333336,38.650987959999995
Montana__Billings_Metropolitan_Transit__mdb_tld-5893,tld-5893,City of Billings MET Transit,City of Billings MET Transit,80004,,tld-5893_routes.geojson,tld-5893_stops.geojson,routes_with_metadata/tld-5893_routes.geojson,stops_with_metadata/tld-5893_stops.geojson,22,6932,coordinate_average,-108.627908,45.731882,-108.445181,45.841781,-108.54289664480712,45.780305739885016
Montana__Mountain_Line__mdb_mdb-292,mdb-292,Missoula Urban Transportation District,Missoula Urban Transportation District,80009,,mdb-292_routes.geojson,mdb-292_stops.geojson,routes_with_metadata/mdb-292_routes.geojson,stops_with_metadata/mdb-292_stops.geojson,28,18047,coordinate_average,-114.0883,46.819761,-113.86517,46.92457,-114.00494737962089,46.86595854346965
Montana__Park_County_Transit__mdb_ntd-88293,ntd-88293,Park County Transit,Park County Transit,88293,,ntd-88293_routes.geojson,ntd-88293_stops.geojson,routes_with_metadata/ntd-88293_routes.geojson,stops_with_metadata/ntd-88293_stops.geojson,2,6871,coordinate_average,-110.58487,45.64224,-110.525126,45.67854,-110.56004072696811,45.66169229966507
Montana__Streamline__mdb_mdb-295,mdb-295,Streamline,Streamline,80235,,mdb-295_routes.geojson,mdb-295_stops.geojson,routes_with_metadata/mdb-295_routes.geojson,stops_with_metadata/mdb-295_stops.geojson,22,5015,coordinate_average,-111.184985360032,45.639427,-110.570929,45.78374248766602,-110.97903575550822,45.67803795991757
Montana__Sunny_Valley_Transit_(Demo)__mdb_mdb-3473,mdb-3473,Sunny Valley Transit,Sunny Valley Transit,80183,,mdb-3473_routes.geojson,mdb-3473_stops.geojson,routes_with_metadata/mdb-3473_routes.geojson,stops_with_metadata/mdb-3473_stops.geojson,14,1873,coordinate_average,-111.114225,45.66506602141607,-111.009272,45.712162,-111.05259494097103,45.68381920601558
Nebraska__North_Fork_Area_Transit__mdb_tld-4469,tld-4469,North Fork Area Transit,North Fork Area Transit,70156,,tld-4469_routes.geojson,tld-4469_stops.geojson,routes_with_metadata/tld-4469_routes.geojson,stops_with_metadata/tld-4469_stops.geojson,4,1346,coordinate_average,-97.46873,42.02078,-97.3875,42.05025,-97.42475218204306,42.03323755718573
Nebraska__Omaha_Metro__mdb_mdb-2261,mdb-2261,Omaha Metro Transit,Omaha Metro Transit,70002,,mdb-2261_routes.geojson,mdb-2261_stops.geojson,routes_with_metadata/mdb-2261_routes.geojson,stops_with_metadata/mdb-2261_stops.geojson,293,139727,coordinate_average,-96.1964,41.14013,-95.79843,41.34602,-95.98112652263083,41.25687087653245
Nebraska__Open_Plains_Transit__mdb_tld-6708,tld-6708,Open Plains Transit,Open Plains Transit,77080,,tld-6708_routes.geojson,tld-6708_stops.geojson,routes_with_metadata/tld-6708_routes.geojson,stops_with_metadata/tld-6708_stops.geojson,14,26790,coordinate_average,-103.678071,41.090822,-101.711152,44.08398,-103.04351143445402,42.54786182075413
Nebraska__StarTran__mdb_mdb-2269,mdb-2269,StarTran,StarTran,70001,,mdb-2269_routes.geojson,mdb-2269_stops.geojson,routes_with_metadata/mdb-2269_routes.geojson,stops_with_metadata/mdb-2269_stops.geojson,42,15452,coordinate_average,-96.789168,40.726131,-96.593458,40.879652,-96.68379853281185,40.814866359500236
Nevada__Jump_Around_Carson__mdb_tld-688,tld-688,Jump Around Carson,Jump Around Carson,90215,,tld-688_routes.geojson,tld-688_stops.geojson,routes_with_metadata/tld-688_routes.geojson,stops_with_metadata/tld-688_stops.geojson,4,2539,coordinate_average,-119.79038,39.11495,-119.72786,39.20388,-119.76271364249564,39.17342164726391
Nevada__Regional_Transportation_Commission_(RTC)__mdb_mdb-120,mdb-120,RTC RIDE,RTC RIDE,90045,,mdb-120_routes.geojson,mdb-120_stops.geojson,routes_with_metadata/mdb-120_routes.geojson,stops_with_metadata/mdb-120_stops.geojson,83,21459,coordinate_average,-119.897048,39.15737,-119.697446,39.654732,-119.79449510350051,39.51720609963175
Nevada__Regional_Transportation_Commission_of_Southern_Nevada_(RTC)__mdb_mdb-2351,mdb-2351,Regional Transportation Commission of Southern Nevada,Regional Transportation Commission of Southern Nevada,90045,,mdb-2351_routes.geojson,mdb-2351_stops.geojson,routes_with_metadata/mdb-2351_routes.geojson,stops_with_metadata/mdb-2351_stops.geojson,299,124830,coordinate_average,-115.331762,35.960105,-114.822057,36.314159,-115.1474026523649,36.132410390731096
Nevada__Sage_Stage__mdb_mdb-113,mdb-113,Sage Stage,Sage Stage,91008,,mdb-113_routes.geojson,mdb-113_stops.geojson,routes_with_metadata/mdb-113_routes.geojson,stops_with_metadata/mdb-113_stops.geojson,8,17789,coordinate_average,-122.39313925755673,39.50158,-119.77497965905494,42.228374,-121.01549844871673,40.843778506433374
New_Hampshire__Advance_Transit__mdb_mdb-631,mdb-631,Advance Transit,Advance Transit,11164,,mdb-631_routes.geojson,mdb-631_stops.geojson,routes_with_metadata/mdb-631_routes.geojson,stops_with_metadata/mdb-631_stops.geojson,71,28939,coordinate_average,-72.346026,43.623481,-72.014166,43.72934,-72.28871484047653,43.667495208716154
New_Hampshire__City_Express__mdb_ntd-10159,ntd-10159,City Express,City Express,10133,,ntd-10159_routes.geojson,ntd-10159_stops.geojson,routes_with_metadata/ntd-10159_routes.geojson,stops_with_metadata/ntd-10159_stops.geojson,2,1250,coordinate_average,-72.32721362,42.9090971,-72.2676192499999,42.96337251,-72.29171944862404,42.936943051776
New_Hampshire__Cooperative_Alliance_For_Seacoast_Transportation__mdb_tld-4668,tld-4668,Cooperative Alliance for Seacoast Transportation (COAST),Cooperative Alliance for Seacoast Transportation (COAST),10086,,tld-4668_routes.geojson,tld-4668_stops.geojson,routes_with_metadata/tld-4668_routes.geojson,stops_with_metadata/tld-4668_stops.geojson,32,11599,coordinate_average,-71.08563,43.022752,-70.74303,43.39439,-70.8677197775942,43.180242228178756
New_Hampshire__Dartmouth_College__mdb_mdb-1958,mdb-1958,Dartmouth Campus Connector,Dartmouth Campus Connector,11244,,mdb-1958_routes.geojson,mdb-1958_stops.geojson,routes_with_metadata/mdb-1958_routes.geojson,stops_with_metadata/mdb-1958_stops.geojson,5,3007,coordinate_average,-72.29448110388782,43.66978277792259,-72.26211302614878,43.70812092433948,-72.27914873818972,43.69052537088981
New_Hampshire__Manchester_Transit_Authority__mdb_mdb-3432,mdb-3432,Manchester Transit Authority,Manchester Transit Authority,10002,,mdb-3432_routes.geojson,mdb-3432_stops.geojson,routes_with_metadata/mdb-3432_routes.geojson,stops_with_metadata/mdb-3432_stops.geojson,35,17548,coordinate_average,-71.535439,42.744905,-71.200929,43.213663,-71.43787611853153,42.9562019762366
New_Hampshire__Rural_Community_Transportation_(RCT)__mdb_mdb-448,mdb-448,Rural Community Transportation,Rural Community Transportation,11156,,mdb-448_routes.geojson,mdb-448_stops.geojson,routes_with_metadata/mdb-448_routes.geojson,stops_with_metadata/mdb-448_stops.geojson,40,40944,coordinate_average,-73.303207,44.141062,-71.975923,44.997404,-72.3961559337485,44.53265855358345
New_Hampshire__Tri-Valley_Transit__mdb_mdb-852,mdb-852,Tri-Valley Transit,Tri-Valley Transit,11164,,mdb-852_routes.geojson,mdb-852_stops.geojson,routes_with_metadata/mdb-852_routes.geojson,stops_with_metadata/mdb-852_stops.geojson,106,67765,coordinate_average,-73.26280613090317,43.6072389966491,-72.023345,44.480757,-72.74995187275032,44.03602786381954
New_Jersey__Academy_Lines__mdb_ntd-20122,ntd-20122,Academy Bus,Academy Bus,20924,,ntd-20122_routes.geojson,ntd-20122_stops.geojson,routes_with_metadata/ntd-20122_routes.geojson,stops_with_metadata/ntd-20122_stops.geojson,92,59330,coordinate_average,-74.89363,39.95036,-73.97371,40.7809,-74.18524466586919,40.46532649490959
"New_Jersey__Coach_USA_Erie,_Orange_Westchester_Link,_ShortLine_Hudson,_Suburban_Transit,_Community_Coach,_Rockland_Coaches,_Newark_A__mdb_tld-5741",tld-5741,Waukesha County Transit | Orange Westchester Link | ShortLine Hudson | Suburban Transit | Community Coach | Rockland Coaches | Coach USA Erie | Newark Airport Express | Wisconsin Coach Lines | Van Galder (Coach USA),Waukesha County Transit | Orange Westchester Link | ShortLine Hudson | Suburban Transit | Community Coach | Rockland Coaches | Coach USA Erie | Newark Airport Express | Wisconsin Coach Lines | Van Galder (Coach USA),22969,,tld-5741_routes.geojson,tld-5741_stops.geojson,routes_with_metadata/tld-5741_routes.geojson,stops_with_metadata/tld-5741_stops.geojson,267,504920,coordinate_average,-89.40076301709442,40.266037,-73.710854,43.072852,-74.76232119415938,41.167250448054574
New_Jersey__Cross_County_Connection__mdb_ntd-20208,ntd-20208,Cross County Connection,Cross County Connection,22969,,ntd-20208_routes.geojson,ntd-20208_stops.geojson,routes_with_metadata/ntd-20208_routes.geojson,stops_with_metadata/ntd-20208_stops.geojson,14,12147,coordinate_average,-74.92142,39.940319,-74.54309,40.110248,-74.77793211887702,40.01586622729877
New_Jersey__Fullington_Trailways__mdb_tld-4379,tld-4379,Fullington Trailways,Fullington Trailways,30987,,tld-4379_routes.geojson,tld-4379_stops.geojson,routes_with_metadata/tld-4379_routes.geojson,stops_with_metadata/tld-4379_stops.geojson,17,120348,coordinate_average,-79.995325,39.95303,-73.990276,42.886231,-77.57831008368157,40.94869612531147
New_Jersey__Megabus__mdb_mdb-2321,mdb-2321,Waukesha County Transit | Orange Westchester Link | ShortLine Hudson | Suburban Transit | Community Coach | Rockland Coaches | Coach USA Erie | Newark Airport Express | Wisconsin Coach Lines | Van Galder (Coach USA),Waukesha County Transit | Orange Westchester Link | ShortLine Hudson | Suburban Transit | Community Coach | Rockland Coaches | Coach USA Erie | Newark Airport Express | Wisconsin Coach Lines | Van Galder (Coach USA),20982,,mdb-2321_routes.geojson,mdb-2321_stops.geojson,routes_with_metadata/mdb-2321_routes.geojson,stops_with_metadata/mdb-2321_stops.geojson,267,504920,coordinate_average,-89.40076301709442,40.266037,-73.710854,43.072852,-74.76232119415938,41.167250448054574
New_Jersey__New_Jersey_Transit_(NJ_Transit)__mdb_mdb-508,mdb-508,NJ TRANSIT BUS,NJ TRANSIT BUS,20080,,mdb-508_routes.geojson,mdb-508_stops.geojson,routes_with_metadata/mdb-508_routes.geojson,stops_with_metadata/mdb-508_stops.geojson,3761,3346698,coordinate_average,-75.521214,38.933057,-73.939062,41.256248,-74.40188077151252,40.37591083025333
New_Jersey__New_Jersey_Transit_(NJ_Transit)__mdb_mdb-509,mdb-509,NJ TRANSIT BUS | NJ TRANSIT RAIL,NJ TRANSIT BUS | NJ TRANSIT RAIL,20080,,mdb-509_routes.geojson,mdb-509_stops.geojson,routes_with_metadata/mdb-509_routes.geojson,stops_with_metadata/mdb-509_stops.geojson,3808,1039103,coordinate_average,-75.197955,39.363299,-73.988321,41.488683,-74.30981961702568,40.708837539176855
New_Jersey__NY_Waterway__mdb_mdb-3192,mdb-3192,NY Waterway,NY Waterway,20190,,mdb-3192_routes.geojson,mdb-3192_stops.geojson,routes_with_metadata/mdb-3192_routes.geojson,stops_with_metadata/mdb-3192_stops.geojson,71,939,coordinate_average,-74.274483,40.433338,-73.871184,41.192803,-74.02908516751862,40.69863741214058
New_Jersey__Somerset_County__mdb_ntd-20209,ntd-20209,Somerset County,Somerset County,20209,,ntd-20209_routes.geojson,ntd-20209_stops.geojson,routes_with_metadata/ntd-20209_routes.geojson,stops_with_metadata/ntd-20209_stops.geojson,31,16284,coordinate_average,-74.6916970453575,40.4861774741297,-74.4278695192652,40.6527693377188,-74.57103650635275,40.555953929327835
New_Jersey__Statue_of_Liberty_National_Monument__mdb_tld-6909,tld-6909,National Park Service,National Park Service,22981,,tld-6909_routes.geojson,tld-6909_stops.geojson,routes_with_metadata/tld-6909_routes.geojson,stops_with_metadata/tld-6909_stops.geojson,6,415,coordinate_average,-74.048316,40.686128,-74.01614,40.707675,-74.04090132973111,40.6927210246614
New_Jersey__Sussex_County_Skylands_Ride__mdb_ntd-20950,ntd-20950,Sussex County Skylands Ride,Sussex County Skylands Ride,20950,,ntd-20950_routes.geojson,ntd-20950_stops.geojson,routes_with_metadata/ntd-20950_routes.geojson,stops_with_metadata/ntd-20950_stops.geojson,4,1365,coordinate_average,-74.76926,40.89774,-74.57171,41.20904,-74.67342532161177,41.06085772307691
New_Mexico__A_Shiwi_Transit__mdb_ntd-66242,ntd-66242,A:Shiwi Transit,A:Shiwi Transit,66242,,ntd-66242_routes.geojson,ntd-66242_stops.geojson,routes_with_metadata/ntd-66242_routes.geojson,stops_with_metadata/ntd-66242_stops.geojson,10,8394,coordinate_average,-108.878615,35.056288,-108.70674,35.53648,-108.77519001727431,35.24029116464135
New_Mexico__ABQ_RIDE__mdb_mdb-166,mdb-166,ABQ RIDE,ABQ RIDE,60019,,mdb-166_routes.geojson,mdb-166_stops.geojson,routes_with_metadata/mdb-166_routes.geojson,stops_with_metadata/mdb-166_stops.geojson,116,30175,coordinate_average,-106.755186,34.951415,-106.489089,35.207183,-106.62882567320577,35.10120768755601
New_Mexico__Atomic_City_Transit__mdb_mdb-1240,mdb-1240,Atomic City Transit,Atomic City Transit,60215,,mdb-1240_routes.geojson,mdb-1240_stops.geojson,routes_with_metadata/mdb-1240_routes.geojson,stops_with_metadata/mdb-1240_stops.geojson,22,5318,coordinate_average,-106.3329,35.76855,-106.19019,35.90537,-106.27015025385415,35.86322544772459
New_Mexico__Bandalier_National_Monument__mdb_tld-6902,tld-6902,National Park Service,National Park Service,99468,,tld-6902_routes.geojson,tld-6902_stops.geojson,routes_with_metadata/tld-6902_routes.geojson,stops_with_metadata/tld-6902_stops.geojson,2,276,coordinate_average,-106.28163,35.76855,-106.25865,35.79557,-106.27031261231883,35.78359844565216
New_Mexico__City_of_Hobbs__mdb_ntd-60190,ntd-60190,Hobbs Express Public Transportation,Hobbs Express Public Transportation,60190,,ntd-60190_routes.geojson,ntd-60190_stops.geojson,routes_with_metadata/ntd-60190_routes.geojson,stops_with_metadata/ntd-60190_stops.geojson,4,1826,coordinate_average,-103.19273,32.692246,-103.09491,32.77484,-103.1444797924425,32.72868622234384
New_Mexico__Navajo_Transit_System__mdb_mdb-2346,mdb-2346,Navajo Transit System,Navajo Transit System,60620,,mdb-2346_routes.geojson,mdb-2346_stops.geojson,routes_with_metadata/mdb-2346_routes.geojson,stops_with_metadata/mdb-2346_stops.geojson,19,20115,coordinate_average,-110.329659,35.196786,-108.227375,36.806358,-109.11234199647029,35.92396154496607
New_Mexico__NMDOT_Park_and_Ride__mdb_tld-5537,tld-5537,New Mexico DOT Park and Ride,New Mexico DOT Park and Ride,66339,,tld-5537_routes.geojson,tld-5537_stops.geojson,routes_with_metadata/tld-5537_routes.geojson,stops_with_metadata/tld-5537_stops.geojson,15,68682,coordinate_average,-106.78394,31.75318,-105.21082,35.99182,-106.09312624854977,35.115412158531235
New_Mexico__North_Central_Regional_Transit_District__mdb_tld-1319,tld-1319,NCRTD,NCRTD,60138,,tld-1319_routes.geojson,tld-1319_stops.geojson,routes_with_metadata/tld-1319_routes.geojson,stops_with_metadata/tld-1319_stops.geojson,939,281962,coordinate_average,-108.18001,35.00086,-105.20593,36.97914,-106.01036733609885,36.072312410574845
New_Mexico__Red_Apple_Transit__mdb_mdb-160,mdb-160,Red Apple Transit,Red Apple Transit,60100,,mdb-160_routes.geojson,mdb-160_stops.geojson,routes_with_metadata/mdb-160_routes.geojson,stops_with_metadata/mdb-160_stops.geojson,11,5486,coordinate_average,-108.35995,36.700437,-107.979036,36.82691,-108.1673942346398,36.74126748868679
New_Mexico__RoadRUNNER_Transit__mdb_mdb-2075,mdb-2075,Roadrunner Transit (Las Cruces),Roadrunner Transit (Las Cruces),60049,,mdb-2075_routes.geojson,mdb-2075_stops.geojson,routes_with_metadata/mdb-2075_routes.geojson,stops_with_metadata/mdb-2075_stops.geojson,11,5947,coordinate_average,-106.815613,32.2711189,-106.700161,32.390572,-106.76048031108057,32.31389998699823
New_York__Access_Allegany__mdb_mdb-531,mdb-531,Access Allegany,Access Allegany,20951,,mdb-531_routes.geojson,mdb-531_stops.geojson,routes_with_metadata/mdb-531_routes.geojson,stops_with_metadata/mdb-531_stops.geojson,82,24879,coordinate_average,-78.46773,41.99952,-77.75867,42.46574,-78.09945610141199,42.18109596253873
"New_York__Adirondack_Trailways,_New_York_Trailways,_Pine_Hill_Trailways,_Burlington_Trailways__mdb_ntd-20177",ntd-20177,Adirondack Trailways,Adirondack Trailways,22930,,ntd-20177_routes.geojson,ntd-20177_stops.geojson,routes_with_metadata/ntd-20177_routes.geojson,stops_with_metadata/ntd-20177_stops.geojson,152,2868698,coordinate_average,-79.83402,40.72473,-73.4272,45.53237,-74.84864887502536,42.145183895348715
New_York__Adirondack_Trailways__mdb_tld-5781,tld-5781,Adirondack Trailways,Adirondack Trailways,20969,,tld-5781_routes.geojson,tld-5781_stops.geojson,routes_with_metadata/tld-5781_routes.geojson,stops_with_metadata/tld-5781_stops.geojson,231,1109865,coordinate_average,-79.834243,40.724169,-73.417857,45.532357,-74.68017644980992,42.02538978680533
New_York__Adirondack_Trailways_ADP__mdb_mdb-823,mdb-823,Adirondack Trailways,Adirondack Trailways,20969,,mdb-823_routes.geojson,mdb-823_stops.geojson,routes_with_metadata/mdb-823_routes.geojson,stops_with_metadata/mdb-823_stops.geojson,13,48132,coordinate_average,-76.168715,40.755949,-73.748417,43.137207,-74.09928701427307,41.76201742094641
New_York__Adirondack_Trailways_NYP__mdb_mdb-824,mdb-824,Adirondack Trailways,Adirondack Trailways,20969,,mdb-824_routes.geojson,mdb-824_stops.geojson,routes_with_metadata/mdb-824_routes.geojson,stops_with_metadata/mdb-824_stops.geojson,9,53422,coordinate_average,-78.872903,40.755949,-73.990276,43.16237,-75.78479376901012,41.881833454925165
New_York__Birnie_Bus__mdb_mdb-233,mdb-233,Birnie Bus,Birnie Bus,20988,,mdb-233_routes.geojson,mdb-233_stops.geojson,routes_with_metadata/mdb-233_routes.geojson,stops_with_metadata/mdb-233_stops.geojson,66,30993,coordinate_average,-76.15226,43.00965,-74.85563,43.21295,-75.32082014167665,43.101547057367654
New_York__Broome_County_Transit_(B.C._Transit)__mdb_mdb-2079,mdb-2079,Broome County Transit,Broome County Transit,20003,,mdb-2079_routes.geojson,mdb-2079_stops.geojson,routes_with_metadata/mdb-2079_routes.geojson,stops_with_metadata/mdb-2079_stops.geojson,107,22687,coordinate_average,-76.0953439308857,42.0357664436685,-75.8063504255734,42.1690720326112,-75.94319966652695,42.106621573237106
New_York__Centro__mdb_mdb-534,mdb-534,Centro,Centro,20228,,mdb-534_routes.geojson,mdb-534_stops.geojson,routes_with_metadata/mdb-534_routes.geojson,stops_with_metadata/mdb-534_stops.geojson,630,161424,coordinate_average,-76.611701,42.43954,-75.164552,43.479807,-76.1044977242854,43.07722790676869
New_York__Chautauqua_Area_Regional_Transit_System_(CARTS)__mdb_mdb-304,mdb-304,CARTS (If you do not get satisfactory results please call the CARTS office @ 800-388-6534 to see if we can accommodate your trip),CARTS (If you do not get satisfactory results please call the CARTS office @ 800-388-6534 to see if we can accommodate your trip),20983,,mdb-304_routes.geojson,mdb-304_stops.geojson,routes_with_metadata/mdb-304_routes.geojson,stops_with_metadata/mdb-304_stops.geojson,15,2497,coordinate_average,-79.35612,42.07928,-79.17856,42.49704,-79.25227810812984,42.154051282338834
New_York__Chemung_County_(C-TRAN)__mdb_ntd-20005,ntd-20005,C TRAN,C TRAN,20005,,ntd-20005_routes.geojson,ntd-20005_stops.geojson,routes_with_metadata/ntd-20005_routes.geojson,stops_with_metadata/ntd-20005_stops.geojson,34,18141,coordinate_average,-77.07314,41.98038,-76.22659,42.44761,-76.74445694752242,42.13274796940617
New_York__Chenango_First_Transit__mdb_mdb-536,mdb-536,Chenango First Transit,Chenango First Transit,21000,,mdb-536_routes.geojson,mdb-536_stops.geojson,routes_with_metadata/mdb-536_routes.geojson,stops_with_metadata/mdb-536_stops.geojson,2,333,coordinate_average,-75.53428,42.49749,-75.51639,42.5535,-75.52389384084081,42.53090453453454
New_York__City_Of_Glen_Cove__mdb_tld-5787,tld-5787,City Of Glen Cove,City Of Glen Cove,22930,,tld-5787_routes.geojson,tld-5787_stops.geojson,routes_with_metadata/tld-5787_routes.geojson,stops_with_metadata/tld-5787_stops.geojson,3,923,coordinate_average,-73.65169,40.85044,-73.60177,40.87574,-73.6280799674973,40.8640035200434
New_York__City_of_Long_Beach_Transportation__mdb_mdb-916,mdb-916,City of Long Beach Transportation,City of Long Beach Transportation,20006,,mdb-916_routes.geojson,mdb-916_stops.geojson,routes_with_metadata/mdb-916_routes.geojson,stops_with_metadata/mdb-916_stops.geojson,6,550,coordinate_average,-73.70113,40.584,-73.5792,40.59242,-73.65542189454544,40.58783157818177
New_York__City_of_Mechanicville_Public_Transit__mdb_mdb-541,mdb-541,City of Mechanicville Public Transit,City of Mechanicville Public Transit,20213,,mdb-541_routes.geojson,mdb-541_stops.geojson,routes_with_metadata/mdb-541_routes.geojson,stops_with_metadata/mdb-541_stops.geojson,2,217,coordinate_average,-73.69349,42.896665,-73.68289,42.91025,-73.68901870967748,42.905134239631344
New_York__Clarkstown_MiniTrans__mdb_mdb-911,mdb-911,Clarkstown MiniTrans,Clarkstown MiniTrans,20085,,mdb-911_routes.geojson,mdb-911_stops.geojson,routes_with_metadata/mdb-911_routes.geojson,stops_with_metadata/mdb-911_stops.geojson,19,4160,coordinate_average,-74.0326,41.07855,-73.92762,41.18491,-73.98271896778829,41.108542794471234
New_York__Clinton_County_Public_Transit_(CCPT)__mdb_mdb-544,mdb-544,Clinton County Public Transit,Clinton County Public Transit,20939,,mdb-544_routes.geojson,mdb-544_stops.geojson,routes_with_metadata/mdb-544_routes.geojson,stops_with_metadata/mdb-544_stops.geojson,13,7301,coordinate_average,-73.9148,44.44051,-73.36289,44.99481,-73.56158922709218,44.725134247774335
New_York__Columbia_County_Public_Transportation__mdb_mdb-3116,mdb-3116,Columbia County Public Transportation,Columbia County Public Transportation,20999,,mdb-3116_routes.geojson,mdb-3116_stops.geojson,routes_with_metadata/mdb-3116_routes.geojson,stops_with_metadata/mdb-3116_stops.geojson,10,7897,coordinate_average,-73.809645,42.245044,-73.594541,42.688217,-73.71943429821438,42.36171317183734
New_York__Connect_Niagara__mdb_tld-5791,tld-5791,Connect Niagara,Connect Niagara,20957,,tld-5791_routes.geojson,tld-5791_stops.geojson,routes_with_metadata/tld-5791_routes.geojson,stops_with_metadata/tld-5791_stops.geojson,6,2133,coordinate_average,-79.03818,43.08789,-78.47515,43.34907,-78.81492201265841,43.188656804969575
New_York__Corning_Erwin_Area_Transit_System_(CEATS)__mdb_mdb-302,mdb-302,CEATS,CEATS,20941,,mdb-302_routes.geojson,mdb-302_stops.geojson,routes_with_metadata/mdb-302_routes.geojson,stops_with_metadata/mdb-302_stops.geojson,3,731,coordinate_average,-77.12422,42.1129,-77.04005,42.17193,-77.07716267989059,42.14541809028728
New_York__Downtown_Alliance__mdb_mdb-519,mdb-519,Downtown Alliance,Downtown Alliance,70107,,mdb-519_routes.geojson,mdb-519_stops.geojson,routes_with_metadata/mdb-519_routes.geojson,stops_with_metadata/mdb-519_stops.geojson,2,226,coordinate_average,-74.018013,40.702332,-74.000158,40.717732,-74.01298492477879,40.70840899115041
New_York__Dutchess_County__mdb_mdb-457,mdb-457,Dutchess County Public Transit,Dutchess County Public Transit,20010,,mdb-457_routes.geojson,mdb-457_stops.geojson,routes_with_metadata/mdb-457_routes.geojson,stops_with_metadata/mdb-457_stops.geojson,58,18528,coordinate_average,-73.98461,41.49399,-73.56647,42.05997,-73.89705494087693,41.630930835032885
New_York__Endless_Mountains_Transportation_Authority__mdb_tld-7021,tld-7021,BeST Transit,BeST Transit,21000,,tld-7021_routes.geojson,tld-7021_stops.geojson,routes_with_metadata/tld-7021_routes.geojson,stops_with_metadata/tld-7021_stops.geojson,63,58583,coordinate_average,-77.546771,41.423473,-76.250215,42.001998,-76.6364974610388,41.787073987367705
New_York__Fullington_Trailways__mdb_tld-5783,tld-5783,Fullington Trailways,Fullington Trailways,20978,,tld-5783_routes.geojson,tld-5783_stops.geojson,routes_with_metadata/tld-5783_routes.geojson,stops_with_metadata/tld-5783_stops.geojson,16,71880,coordinate_average,-79.997121,39.95074,-73.990276,42.883948,-77.36008884041564,40.99114277857562
New_York__Gloversville_Transit_System__mdb_mdb-2650,mdb-2650,Gloversville Transit Services,Gloversville Transit Services,20981,,mdb-2650_routes.geojson,mdb-2650_stops.geojson,routes_with_metadata/mdb-2650_routes.geojson,stops_with_metadata/mdb-2650_stops.geojson,10,2810,coordinate_average,-74.39935,42.93421,-74.18456,43.07128,-74.31400032740197,43.01606355124576
New_York__Greene_County_Transit__mdb_mdb-613,mdb-613,Greene County Transit,Greene County Transit,20931,,mdb-613_routes.geojson,mdb-613_stops.geojson,routes_with_metadata/mdb-613_routes.geojson,stops_with_metadata/mdb-613_stops.geojson,16,16805,coordinate_average,-74.43591,42.17414,-73.77794,42.44643,-74.0187472453438,42.26313451454884
New_York__Hornell_Area_Transit__mdb_mdb-532,mdb-532,Hornell Area Transit,Hornell Area Transit,20953,,mdb-532_routes.geojson,mdb-532_stops.geojson,routes_with_metadata/mdb-532_routes.geojson,stops_with_metadata/mdb-532_stops.geojson,9,5017,coordinate_average,-77.80048,42.25062,-77.31637,42.3895,-77.61427248216076,42.33208463504087
New_York__Huntington_Area_Rapid_Transit_(HART)__mdb_mdb-905,mdb-905,HART,HART,20071,,mdb-905_routes.geojson,mdb-905_stops.geojson,routes_with_metadata/mdb-905_routes.geojson,stops_with_metadata/mdb-905_stops.geojson,34,7726,coordinate_average,-73.462,40.81075,-73.2908,40.90205,-73.38758977750432,40.85549733717316
New_York__Jefferson_County_Public_Transit_(JCPT)__mdb_mdb-3392,mdb-3392,Jefferson County Public Transit,Jefferson County Public Transit,20991,,mdb-3392_routes.geojson,mdb-3392_stops.geojson,routes_with_metadata/mdb-3392_routes.geojson,stops_with_metadata/mdb-3392_stops.geojson,50,51696,coordinate_average,-76.33749,43.64535,-75.45455,44.34081,-75.93952565449719,43.994325077169975
New_York__Lake_Champlain_Ferries__mdb_mdb-547,mdb-547,Lake Champlain Ferries,Lake Champlain Ferries,99292,,mdb-547_routes.geojson,mdb-547_stops.geojson,routes_with_metadata/mdb-547_routes.geojson,stops_with_metadata/mdb-547_stops.geojson,4,44,coordinate_average,-73.380055312472,44.29948080801097,-73.29712,44.70063539079701,-73.33937210233479,44.464742771437336
New_York__Leprechaun_Lines__mdb_mdb-910,mdb-910,Leprechaun Lines,Leprechaun Lines,20179,,mdb-910_routes.geojson,mdb-910_stops.geojson,routes_with_metadata/mdb-910_routes.geojson,stops_with_metadata/mdb-910_stops.geojson,2,2895,coordinate_average,-73.9377,41.0159,-73.72247,41.70748,-73.8553277823832,41.284722075993024
New_York__Lewis_County_Public_Transportation__mdb_mdb-566,mdb-566,Lewis County Public Transportation,Lewis County Public Transportation,20925,,mdb-566_routes.geojson,mdb-566_stops.geojson,routes_with_metadata/mdb-566_routes.geojson,stops_with_metadata/mdb-566_stops.geojson,59,39533,coordinate_average,-76.02556,43.06881,-74.858809,44.14738,-75.6083236365818,43.867032604709806
New_York__Lower_Hudson_Valley_Transit__mdb_mdb-915,mdb-915,LHTL,LHTL,20991,,mdb-915_routes.geojson,mdb-915_stops.geojson,routes_with_metadata/mdb-915_routes.geojson,stops_with_metadata/mdb-915_stops.geojson,18,26013,coordinate_average,-74.168376,41.03088,-73.76242,41.13478,-73.94398455975904,41.08599477711141
New_York__Madison_County_Transit__mdb_mdb-573,mdb-573,Madison County Transit,Madison County Transit,20940,,mdb-573_routes.geojson,mdb-573_stops.geojson,routes_with_metadata/mdb-573_routes.geojson,stops_with_metadata/mdb-573_stops.geojson,15,9801,coordinate_average,-75.96946,42.67821,-75.38931,43.15971,-75.64938959779627,42.929747295071884
New_York__Mercy_College__mdb_tld-4465,tld-4465,Mercy College,Mercy College,88140,,tld-4465_routes.geojson,tld-4465_stops.geojson,routes_with_metadata/tld-4465_routes.geojson,stops_with_metadata/tld-4465_stops.geojson,7,4162,coordinate_average,-73.8799089,40.840666,-73.808403,41.064326,-73.85367064954336,40.968304509610974
New_York__Metropolitan_Transit_Authority_(MTA)__mdb_mdb-507,mdb-507,Long Island Rail Road,Long Island Rail Road,20188,,mdb-507_routes.geojson,mdb-507_stops.geojson,routes_with_metadata/mdb-507_routes.geojson,stops_with_metadata/mdb-507_stops.geojson,141,132653,coordinate_average,-73.9930874105,40.5901816635,-71.9541238589,41.0996521691,-73.37790980039276,40.766086870612725
New_York__Metropolitan_Transit_Authority_(MTA)__mdb_mdb-510,mdb-510,MTA Bus Company,MTA Bus Company,20188,,mdb-510_routes.geojson,mdb-510_stops.geojson,routes_with_metadata/mdb-510_routes.geojson,stops_with_metadata/mdb-510_stops.geojson,323,130653,coordinate_average,-74.016784,40.566106,-73.701584,40.93372,-73.88427717750818,40.732277973753995
New_York__Metropolitan_Transit_Authority_(MTA)__mdb_mdb-511,mdb-511,MTA New York City Transit,MTA New York City Transit,20188,,mdb-511_routes.geojson,mdb-511_stops.geojson,routes_with_metadata/mdb-511_routes.geojson,stops_with_metadata/mdb-511_stops.geojson,257,150715,coordinate_average,-74.251961,40.512764,-73.755405,40.903125,-73.9501380765635,40.7215636961941
New_York__Metropolitan_Transit_Authority_(MTA)__mdb_mdb-512,mdb-512,MTA New York City Transit,MTA New York City Transit,20188,,mdb-512_routes.geojson,mdb-512_stops.geojson,routes_with_metadata/mdb-512_routes.geojson,stops_with_metadata/mdb-512_stops.geojson,364,71082,coordinate_average,-74.040829,40.572732,-73.789574,40.775272,-73.95532677720206,40.65554585495784
New_York__Metropolitan_Transit_Authority_(MTA)__mdb_mdb-513,mdb-513,MTA New York City Transit,MTA New York City Transit,20188,,mdb-513_routes.geojson,mdb-513_stops.geojson,routes_with_metadata/mdb-513_routes.geojson,stops_with_metadata/mdb-513_stops.geojson,158,28601,coordinate_average,-74.018009,40.701462,-73.862029,40.865672,-73.96429162676053,40.77803930072393
New_York__Metropolitan_Transit_Authority_(MTA)__mdb_mdb-514,mdb-514,MTA New York City Transit,MTA New York City Transit,20188,,mdb-514_routes.geojson,mdb-514_stops.geojson,routes_with_metadata/mdb-514_routes.geojson,stops_with_metadata/mdb-514_stops.geojson,286,138015,coordinate_average,-74.252339,40.502872,-73.968691,40.780902,-74.1109078127371,40.61758703879343
New_York__Metropolitan_Transit_Authority_(MTA)__mdb_mdb-516,mdb-516,MTA New York City Transit,MTA New York City Transit,20188,,mdb-516_routes.geojson,mdb-516_stops.geojson,routes_with_metadata/mdb-516_routes.geojson,stops_with_metadata/mdb-516_stops.geojson,257,150715,coordinate_average,-74.251961,40.512764,-73.755405,40.903125,-73.9501380765635,40.7215636961941
New_York__Metropolitan_Transit_Authority_(MTA)__mdb_mdb-520,mdb-520,MTA New York City Transit,MTA New York City Transit,20188,,mdb-520_routes.geojson,mdb-520_stops.geojson,routes_with_metadata/mdb-520_routes.geojson,stops_with_metadata/mdb-520_stops.geojson,188,43875,coordinate_average,-73.988049,40.643932,-73.701359,40.842521,-73.79419764009135,40.72585686639322
New_York__Metropolitan_Transit_Authority_(MTA)__mdb_mdb-528,mdb-528,MTA New York City Transit,MTA New York City Transit,20188,,mdb-528_routes.geojson,mdb-528_stops.geojson,routes_with_metadata/mdb-528_routes.geojson,stops_with_metadata/mdb-528_stops.geojson,236,43794,coordinate_average,-73.956249,40.798562,-73.783411,40.912386,-73.88017406213159,40.85292643544669
New_York__MTA_Metro-North_Railroad__mdb_tld-5788,tld-5788,Metro-North Railroad,Metro-North Railroad,20078,,tld-5788_routes.geojson,tld-5788_stops.geojson,routes_with_metadata/tld-5788_routes.geojson,stops_with_metadata/tld-5788_stops.geojson,9,677,coordinate_average,-73.92147,40.8766,-73.89646,40.91248,-73.91164038404723,40.88960524372227
New_York__Nassau_Inter-County_Express_(NICE_Bus)__mdb_mdb-521,mdb-521,Nassau Inter-County Express,Nassau Inter-County Express,20206,,mdb-521_routes.geojson,mdb-521_stops.geojson,routes_with_metadata/mdb-521_routes.geojson,stops_with_metadata/mdb-521_stops.geojson,175,119813,coordinate_average,-73.83017777906689,40.585980000000006,-73.40870000000001,40.8642,-73.6456524397129,40.7200530613453
New_York__Niagara_Frontier_Transportation_Authority__mdb_tld-401,tld-401,NFTA,NFTA,20004,,tld-401_routes.geojson,tld-401_stops.geojson,routes_with_metadata/tld-401_routes.geojson,stops_with_metadata/tld-401_stops.geojson,255,87319,coordinate_average,-79.117315,42.569833,-78.607884,43.170385,-78.84051198286909,42.91107723959218
New_York__Niagara_Frontier_Transportation_Authority__mdb_tld-6748,tld-6748,NFTA - Metro,NFTA - Metro,20004,,tld-6748_routes.geojson,tld-6748_stops.geojson,routes_with_metadata/tld-6748_routes.geojson,stops_with_metadata/tld-6748_stops.geojson,10,1220,coordinate_average,-78.877891,42.873949,-78.820205,42.954409,-78.85150105327872,42.92294816803288
New_York__North_Country_Express_Transit__mdb_mdb-546,mdb-546,North Country Express Transit,North Country Express Transit,20991,,mdb-546_routes.geojson,mdb-546_stops.geojson,routes_with_metadata/mdb-546_routes.geojson,stops_with_metadata/mdb-546_stops.geojson,4,2588,coordinate_average,-74.98913,44.66132,-73.43489,44.93739,-73.97635552936622,44.8189726197836
New_York__NYC_Ferry__mdb_mdb-515,mdb-515,NYC Ferry,NYC Ferry,90225,,mdb-515_routes.geojson,mdb-515_stops.geojson,routes_with_metadata/mdb-515_routes.geojson,stops_with_metadata/mdb-515_stops.geojson,33,1018,coordinate_average,-74.074229,40.5647309,-73.768718,40.805455,-73.91675926669957,40.64906240893916
New_York__Olean_Area_Transit_System__mdb_mdb-586,mdb-586,Olean Area Transit System,Olean Area Transit System,20975,,mdb-586_routes.geojson,mdb-586_stops.geojson,routes_with_metadata/mdb-586_routes.geojson,stops_with_metadata/mdb-586_stops.geojson,36,16776,coordinate_average,-78.76799,42.06429,-78.40298,42.16661,-78.56241255478079,42.10814299558828
New_York__Oneonta_Public_Transit__mdb_tld-6777,tld-6777,Oneonta Public Transit,Oneonta Public Transit,20960,,tld-6777_routes.geojson,tld-6777_stops.geojson,routes_with_metadata/tld-6777_routes.geojson,stops_with_metadata/tld-6777_stops.geojson,15,2981,coordinate_average,-75.11187,42.43851,-74.92312,42.70102,-75.01648981080174,42.51258634149612
New_York__Otsego_Express_Public_Transportation__mdb_mdb-589,mdb-589,Otsego Express Public Transportation,Otsego Express Public Transportation,21000,,mdb-589_routes.geojson,mdb-589_stops.geojson,routes_with_metadata/mdb-589_routes.geojson,stops_with_metadata/mdb-589_stops.geojson,26,15415,coordinate_average,-75.41427,42.29671,-74.67306,42.88908,-75.02992621770962,42.63092239617272
New_York__PART_Putnam_Area_Rapid_Transit__mdb_mdb-928,mdb-928,PART Putnam Area Rapid Transit,PART Putnam Area Rapid Transit,20096,,mdb-928_routes.geojson,mdb-928_stops.geojson,routes_with_metadata/mdb-928_routes.geojson,stops_with_metadata/mdb-928_stops.geojson,48,34244,coordinate_average,-73.96406,41.32664,-73.5352,41.50908,-73.6476671607868,41.425973562871356
"New_York__Propark_Mobility,_Columbia_County_Public_Transportation__mdb_tld-6745",tld-6745,Propark Mobility | Columbia County Public Transportation,Propark Mobility | Columbia County Public Transportation,20999,,tld-6745_routes.geojson,tld-6745_stops.geojson,routes_with_metadata/tld-6745_routes.geojson,stops_with_metadata/tld-6745_stops.geojson,37,14990,coordinate_average,-73.88078,42.01795,-73.53788,42.68821,-73.73014239679739,42.32306675423615
New_York__Rensselaer_County_(Yankee_Trails)__mdb_mdb-804,mdb-804,Yankee Trails,Yankee Trails,20968,,mdb-804_routes.geojson,mdb-804_stops.geojson,routes_with_metadata/mdb-804_routes.geojson,stops_with_metadata/mdb-804_stops.geojson,4,7133,coordinate_average,-73.76175,42.64397,-73.25412,42.9014,-73.5407643025376,42.78521926258245
New_York__Rochester-Genesee_Regional_Transportation_Authority_(RGRTA)__mdb_mdb-533,mdb-533,Regional Transit Service (RTS),Regional Transit Service (RTS),20983,,mdb-533_routes.geojson,mdb-533_stops.geojson,routes_with_metadata/mdb-533_routes.geojson,stops_with_metadata/mdb-533_stops.geojson,491,120137,coordinate_average,-77.762104,43.038382,-76.991582,43.259193,-77.59821502819423,43.15775945664575
New_York__Rochester-Genesee_Regional_Transportation_Authority__mdb_tld-1200,tld-1200,RTS Seneca,RTS Seneca,22929,,tld-1200_routes.geojson,tld-1200_stops.geojson,routes_with_metadata/tld-1200_routes.geojson,stops_with_metadata/tld-1200_stops.geojson,24,17111,coordinate_average,-76.989473,42.868918,-76.782326,42.919211,-76.86508200111011,42.89893263824449
New_York__Rochester-Genesee_Regional_Transportation_Authority__mdb_tld-1201,tld-1201,RTS Wayne,RTS Wayne,20991,,tld-1201_routes.geojson,tld-1201_stops.geojson,routes_with_metadata/tld-1201_routes.geojson,stops_with_metadata/tld-1201_stops.geojson,20,28902,coordinate_average,-77.44344,42.867946,-76.725447,43.256424,-77.0974492119938,43.08247375299378
New_York__Rochester-Genesee_Regional_Transportation_Authority__mdb_tld-7040,tld-7040,RTS Genesee,RTS Genesee,20991,,tld-7040_routes.geojson,tld-7040_stops.geojson,routes_with_metadata/tld-7040_routes.geojson,stops_with_metadata/tld-7040_stops.geojson,60,38522,coordinate_average,-78.234536,42.972258,-77.980576,43.0175,-78.13662270749215,42.99437441947542
New_York__Rochester-Genesee_Regional_Transportation_Authority__mdb_tld-7041,tld-7041,RTS Ontario,RTS Ontario,20991,,tld-7041_routes.geojson,tld-7041_stops.geojson,routes_with_metadata/tld-7041_routes.geojson,stops_with_metadata/tld-7041_stops.geojson,61,38646,coordinate_average,-77.44344,42.853643,-76.963357,43.032059,-77.2183266394177,42.91767876696109
New_York__Rochester-Genesee_Regional_Transportation_Authority__mdb_tld-7042,tld-7042,RTS Orleans,RTS Orleans,20991,,tld-7042_routes.geojson,tld-7042_stops.geojson,routes_with_metadata/tld-7042_routes.geojson,stops_with_metadata/tld-7042_stops.geojson,31,11121,coordinate_average,-78.401179,43.00391,-77.946026,43.25825,-78.26140577924541,43.212141202679405
New_York__Rochester-Genesee_Regional_Transportation_Authority__mdb_tld-7043,tld-7043,RTS Wyoming,RTS Wyoming,20991,,tld-7043_routes.geojson,tld-7043_stops.geojson,routes_with_metadata/tld-7043_routes.geojson,stops_with_metadata/tld-7043_stops.geojson,45,16001,coordinate_average,-78.48947,42.524839,-77.980351,42.872679,-78.18064633853997,42.71295276051485
New_York__Rochester_Transit_Service__mdb_mdb-3114,mdb-3114,RTS Livingston,RTS Livingston,20999,,mdb-3114_routes.geojson,mdb-3114_stops.geojson,routes_with_metadata/mdb-3114_routes.geojson,stops_with_metadata/mdb-3114_stops.geojson,87,55862,coordinate_average,-77.992391,42.554525,-77.438663,43.162812,-77.76245588128037,42.87179607999914
New_York__Roosevelt_Island_Operating_Corporation_Tramway__mdb_tld-3364,tld-3364,Roosevelt Island Tram,Roosevelt Island Tram,20099,,tld-3364_routes.geojson,tld-3364_stops.geojson,routes_with_metadata/tld-3364_routes.geojson,stops_with_metadata/tld-3364_stops.geojson,6,666,coordinate_average,-73.964212,40.752832,-73.93168699835049,40.76911335379231,-73.94805684211964,40.76219759658442
New_York__Schoharie_County_Transit__mdb_tld-5877,tld-5877,Schoharie County Public Transit,Schoharie County Public Transit,20926,,tld-5877_routes.geojson,tld-5877_stops.geojson,routes_with_metadata/tld-5877_routes.geojson,stops_with_metadata/tld-5877_stops.geojson,12,9301,coordinate_average,-74.5696,42.59068,-73.73311,42.791,-74.34212309676413,42.67649014568308
New_York__SeaStreak_Ferries__mdb_ntd-20226,ntd-20226,Seastreak,Seastreak,20226,,ntd-20226_routes.geojson,ntd-20226_stops.geojson,routes_with_metadata/ntd-20226_routes.geojson,stops_with_metadata/ntd-20226_stops.geojson,24,519,coordinate_average,-74.0542283,40.4093932,-70.088503,41.816013,-72.46001299383435,41.083901392292894
New_York__Seneca_Transit_System__mdb_ntd-22929,ntd-22929,Seneca Transit System,Seneca Transit System,21000,,ntd-22929_routes.geojson,ntd-22929_stops.geojson,routes_with_metadata/ntd-22929_routes.geojson,stops_with_metadata/ntd-22929_stops.geojson,10,19406,coordinate_average,-79.10661,42.05654,-78.658732,42.579952,-78.87529504027552,42.307255036553805
New_York__St_Lawrence_County_Public_Transit__mdb_mdb-2611,mdb-2611,St. Lawrence County Public Transit,St. Lawrence County Public Transit,20991,,mdb-2611_routes.geojson,mdb-2611_stops.geojson,routes_with_metadata/mdb-2611_routes.geojson,stops_with_metadata/mdb-2611_stops.geojson,75,73472,coordinate_average,-75.76346,44.274907,-74.611718,44.979972,-75.16230563907952,44.66236749374388
New_York__Staten_Island_Ferry__mdb_mdb-518,mdb-518,New York City Department of Transportation,New York City Department of Transportation,20082,,mdb-518_routes.geojson,mdb-518_stops.geojson,routes_with_metadata/mdb-518_routes.geojson,stops_with_metadata/mdb-518_stops.geojson,2,16,coordinate_average,-74.072235,40.644165,-74.01265,40.700478,-74.037016875,40.677098875
New_York__Steuben_County_Transit__mdb_mdb-851,mdb-851,Steuben County Transit,Steuben County Transit,21000,,mdb-851_routes.geojson,mdb-851_stops.geojson,routes_with_metadata/mdb-851_routes.geojson,stops_with_metadata/mdb-851_stops.geojson,6,2305,coordinate_average,-77.35049,42.08964,-76.78614,42.40797,-77.14551984078086,42.233497739696475
New_York__Suffolk_County_Transit__mdb_mdb-3115,mdb-3115,Suffolk County Transit - West | Suffolk County Transit - East | Suffolk County Transit  - Central,Suffolk County Transit - West | Suffolk County Transit - East | Suffolk County Transit  - Central,20072,,mdb-3115_routes.geojson,mdb-3115_stops.geojson,routes_with_metadata/mdb-3115_routes.geojson,stops_with_metadata/mdb-3115_stops.geojson,53,38782,coordinate_average,-73.429017,40.667625,-72.191946,41.155834,-72.95320331687769,40.85203261490358
New_York__Sullivan_County_Transit__mdb_mdb-927,mdb-927,Sullivan County Transit | Move Sullivan,Sullivan County Transit | Move Sullivan,20937,,mdb-927_routes.geojson,mdb-927_stops.geojson,routes_with_metadata/mdb-927_routes.geojson,stops_with_metadata/mdb-927_stops.geojson,15,16977,coordinate_average,-75.09462,41.47744,-74.42504,41.93297,-74.73227966425176,41.68361273010543
New_York__Tompkins_Consolidated_Area_Transit_Inc__mdb_mdb-535,mdb-535,Tompkins Consolidated Area Transit Inc,Tompkins Consolidated Area Transit Inc,20145,,mdb-535_routes.geojson,mdb-535_stops.geojson,routes_with_metadata/mdb-535_routes.geojson,stops_with_metadata/mdb-535_stops.geojson,156,65935,coordinate_average,-76.678052,42.327896,-76.280745,42.591024,-76.47000095089122,42.45745647838057
New_York__Transport_of_Rockland__mdb_tld-3368,tld-3368,Transport of Rockland (TOR),Transport of Rockland (TOR),20988,,tld-3368_routes.geojson,tld-3368_stops.geojson,routes_with_metadata/tld-3368_routes.geojson,stops_with_metadata/tld-3368_stops.geojson,83,31293,coordinate_average,-74.19361,41.01879,-73.91956,41.25063,-74.008306879398,41.14009629437903
New_York__Ulster_County_Area_Transit__mdb_mdb-526,mdb-526,Ulster County Area Transit,Ulster County Area Transit,20178,,mdb-526_routes.geojson,mdb-526_stops.geojson,routes_with_metadata/mdb-526_routes.geojson,stops_with_metadata/mdb-526_stops.geojson,69,36308,coordinate_average,-74.50362,41.51713,-73.92818,42.14737,-74.07428618982011,41.89032294315299
New_York__Watertown_Citibus__mdb_mdb-2881,mdb-2881,City of Watertown (CitiBus),City of Watertown (CitiBus),20215,,mdb-2881_routes.geojson,mdb-2881_stops.geojson,routes_with_metadata/mdb-2881_routes.geojson,stops_with_metadata/mdb-2881_stops.geojson,5,1702,coordinate_average,-75.963072,43.9500532,-75.875199,43.995266,-75.92253409762931,43.97682805126852
New_York__Watertown_Citibus__mdb_mdb-871,mdb-871,Watertown Citibus,Watertown Citibus,20215,,mdb-871_routes.geojson,mdb-871_stops.geojson,routes_with_metadata/mdb-871_routes.geojson,stops_with_metadata/mdb-871_stops.geojson,5,585,coordinate_average,-75.96293,43.95696,-75.8752,43.99526,-75.9209722222223,43.97729406837601
North_Carolina__Asheville_Rides_Transit__mdb_mdb-903,mdb-903,Asheville Rides Transit,Asheville Rides Transit,40005,,mdb-903_routes.geojson,mdb-903_stops.geojson,routes_with_metadata/mdb-903_routes.geojson,stops_with_metadata/mdb-903_stops.geojson,46,13480,coordinate_average,-82.632995,35.424092003235,-82.31810155,35.644048319046,-82.54270627702351,35.581118647232856
North_Carolina__Cape_Lookout_National_Seashore__mdb_mdb-3205,mdb-3205,National Park Service,National Park Service,40209,,mdb-3205_routes.geojson,mdb-3205_stops.geojson,routes_with_metadata/mdb-3205_routes.geojson,stops_with_metadata/mdb-3205_stops.geojson,6,194,coordinate_average,-76.679552,34.62408,-76.51648,34.716265,-76.57096869072168,34.673525948453616
North_Carolina__Capital_Area_Transit_(GoRaleigh)__mdb_mdb-2074,mdb-2074,GoRaleigh,GoRaleigh,40007,,mdb-2074_routes.geojson,mdb-2074_stops.geojson,routes_with_metadata/mdb-2074_routes.geojson,stops_with_metadata/mdb-2074_stops.geojson,77,73489,coordinate_average,-78.78606,35.648513,-78.416265,35.91698,-78.62422020209868,35.79764701996198
North_Carolina__Chapel_Hill_Transit__mdb_tld-89,tld-89,Chapel Hill Transit,Chapel Hill Transit,40051,,tld-89_routes.geojson,tld-89_stops.geojson,routes_with_metadata/tld-89_routes.geojson,stops_with_metadata/tld-89_stops.geojson,43,18433,coordinate_average,-79.10194,35.853525,-78.99546,35.971659,-79.05372867314894,35.91754268507976
North_Carolina__Charlotte_Area_Transit_System_(CATS)__mdb_mdb-2265,mdb-2265,CATS,CATS,44977,,mdb-2265_routes.geojson,mdb-2265_stops.geojson,routes_with_metadata/mdb-2265_routes.geojson,stops_with_metadata/mdb-2265_stops.geojson,193,115591,coordinate_average,-81.180374,35.047391,-80.638694,35.504236,-80.83938250392296,35.23165727028958
North_Carolina__City_of_Jacksonville__mdb_tld-6735,tld-6735,City of Jacksonville,City of Jacksonville,40166,,tld-6735_routes.geojson,tld-6735_stops.geojson,routes_with_metadata/tld-6735_routes.geojson,stops_with_metadata/tld-6735_stops.geojson,10,4800,coordinate_average,-77.476865,34.582161,-77.297476,34.802462,-77.39859389322922,34.747433035583384
North_Carolina__Concord_Kannapolis_Area_Transit_(Rider_Transit)__mdb_mdb-2244,mdb-2244,Concord Kannapolis Area Transit,Concord Kannapolis Area Transit,40167,,mdb-2244_routes.geojson,mdb-2244_stops.geojson,routes_with_metadata/mdb-2244_routes.geojson,stops_with_metadata/mdb-2244_stops.geojson,17,9861,coordinate_average,-80.747524,35.310036,-80.577069,35.534743,-80.63493394312478,35.42347408267054
North_Carolina__Davidson_County_Transportation_Services__mdb_ntd-40131,ntd-40131,DAVIDSON COUNTY TRANSPORTATION SERVICES,DAVIDSON COUNTY TRANSPORTATION SERVICES,40131,,ntd-40131_routes.geojson,ntd-40131_stops.geojson,routes_with_metadata/ntd-40131_routes.geojson,stops_with_metadata/ntd-40131_stops.geojson,5,3054,coordinate_average,-80.28845,35.79085,-80.06472,35.900013,-80.14512667688405,35.86016972526427
North_Carolina__GoCary__mdb_mdb-2277,mdb-2277,GoCary,GoCary,40143,,mdb-2277_routes.geojson,mdb-2277_stops.geojson,routes_with_metadata/mdb-2277_routes.geojson,stops_with_metadata/mdb-2277_stops.geojson,22,1265,coordinate_average,-78.896151,35.7137667068104,-78.7031559582739,35.8318292070178,-78.811597852991,35.767006521927854
North_Carolina__GoDurham__mdb_tld-98,tld-98,GoDurham,GoDurham,40087,,tld-98_routes.geojson,tld-98_stops.geojson,routes_with_metadata/tld-98_routes.geojson,stops_with_metadata/tld-98_stops.geojson,208,59360,coordinate_average,-78.99675,35.88012,-78.77763,36.10141,-78.90597110950006,35.99119942149621
North_Carolina__GoTriangle__mdb_mdb-3183,mdb-3183,GoTriangle,GoTriangle,41131,,mdb-3183_routes.geojson,mdb-3183_stops.geojson,routes_with_metadata/mdb-3183_routes.geojson,stops_with_metadata/mdb-3183_stops.geojson,57,39632,coordinate_average,-79.27526,35.6327379876431,-78.292389,36.095939,-78.82160483294128,35.88025668390266
North_Carolina__Link_Transit__mdb_mdb-1971,mdb-1971,LINK TRANSIT,LINK TRANSIT,40252,,mdb-1971_routes.geojson,mdb-1971_stops.geojson,routes_with_metadata/mdb-1971_routes.geojson,stops_with_metadata/mdb-1971_stops.geojson,10,3341,coordinate_average,-79.54956,36.055433,-79.268749,36.119106,-79.437930089334,36.088800189989996
North_Carolina__North_Carolina_State_University_(NCSU)__mdb_mdb-2245,mdb-2245,NC State University,NC State University,40147,,mdb-2245_routes.geojson,mdb-2245_stops.geojson,routes_with_metadata/mdb-2245_routes.geojson,stops_with_metadata/mdb-2245_stops.geojson,12,6038,coordinate_average,-78.728666,35.765928,-78.662245,35.803687,-78.68527207919722,35.78329977438624
North_Carolina__Orange_County_Public_Transportation__mdb_tld-7885,tld-7885,Orange County Public Transportation,Orange County Public Transportation,40231,,tld-7885_routes.geojson,tld-7885_stops.geojson,routes_with_metadata/tld-7885_routes.geojson,stops_with_metadata/tld-7885_stops.geojson,9,4495,coordinate_average,-79.275248,35.901438205858,-79.050369029083,36.0959473599363,-79.09940011634627,36.043200085146154
North_Carolina__Piedmont_Authority_for_Regional_Transportation_(PART)__mdb_mdb-373,mdb-373,Piedmont Authority for Regional Transportation,Piedmont Authority for Regional Transportation,40173,,mdb-373_routes.geojson,mdb-373_stops.geojson,routes_with_metadata/mdb-373_routes.geojson,stops_with_metadata/mdb-373_stops.geojson,30,25365,coordinate_average,-80.30099,35.62964,-79.05037,36.11928,-79.7259852888626,35.994601013522775
North_Carolina__Research_Triangle_Regional_Public_Transportation_Authority__mdb_tld-202,tld-202,GoTriangle,GoTriangle,40108,,tld-202_routes.geojson,tld-202_stops.geojson,routes_with_metadata/tld-202_routes.geojson,stops_with_metadata/tld-202_stops.geojson,57,39632,coordinate_average,-79.27526,35.6327379876431,-78.292389,36.095939,-78.82160483294128,35.88025668390266
North_Carolina__Tar_River_Transit__mdb_mdb-472,mdb-472,Tar River Transit,Tar River Transit,40096,,mdb-472_routes.geojson,mdb-472_stops.geojson,routes_with_metadata/mdb-472_routes.geojson,stops_with_metadata/mdb-472_stops.geojson,12,4301,coordinate_average,-77.899439334869,35.91656,-77.74175,36.06268,-77.81188302383063,35.9596673207168
North_Carolina__Wave_Transit__mdb_mdb-1110,mdb-1110,Wave Transit,Wave Transit,40006,,mdb-1110_routes.geojson,mdb-1110_stops.geojson,routes_with_metadata/mdb-1110_routes.geojson,stops_with_metadata/mdb-1110_stops.geojson,36,7721,coordinate_average,-77.949822,34.140692,-77.828094,34.25178,-77.89764999935267,34.22318215218233
North_Carolina__Winston_Salem_Transit_Authority_(WSTA)__mdb_mdb-3479,mdb-3479,Winston Salem Transit,Winston Salem Transit,40012,,mdb-3479_routes.geojson,mdb-3479_stops.geojson,routes_with_metadata/mdb-3479_routes.geojson,stops_with_metadata/mdb-3479_stops.geojson,52,8513,coordinate_average,-80.347785,36.028905,-80.149125,36.189888,-80.2527214403376,36.103681986561604
North_Dakota__Bis-Man_Transit__mdb_tld-6095,tld-6095,Bis-Man Transit,Bis-Man Transit,80019,,tld-6095_routes.geojson,tld-6095_stops.geojson,routes_with_metadata/tld-6095_routes.geojson,stops_with_metadata/tld-6095_stops.geojson,12,5467,coordinate_average,-100.908186,46.725456,-100.728995,46.856145,-100.79815142788046,46.81094778764895
North_Dakota__Cities_Area_Transit__mdb_mdb-2199,mdb-2199,Cities Area Transit,Cities Area Transit,88128,,mdb-2199_routes.geojson,mdb-2199_stops.geojson,routes_with_metadata/mdb-2199_routes.geojson,stops_with_metadata/mdb-2199_stops.geojson,27,16458,coordinate_average,-97.109810758,47.874907,-97.01247224853913,47.949096537,-97.05999301014634,47.912809430245765
North_Dakota__City_of_Fargo__mdb_ntd-80003,ntd-80003,MATBUS,MATBUS,80003,,ntd-80003_routes.geojson,ntd-80003_stops.geojson,routes_with_metadata/ntd-80003_routes.geojson,stops_with_metadata/ntd-80003_stops.geojson,30,5515,coordinate_average,-96.91496,46.801942,-96.68326,46.919507,-96.79533080851981,46.863884271865075
Ohio__Akron_Metro_Regional_Transit_Authority_(METRO)__mdb_mdb-2071,mdb-2071,METRO RTA,METRO RTA,50012,,mdb-2071_routes.geojson,mdb-2071_stops.geojson,routes_with_metadata/mdb-2071_routes.geojson,stops_with_metadata/mdb-2071_stops.geojson,88,13816,coordinate_average,-81.702094,40.910603,-81.383235,41.515873,-81.52594863759423,41.11893328264332
Ohio__Allen_County_Regional_Transit_Authority__mdb_mdb-210,mdb-210,Allen County Regional Transit Authority,Allen County Regional Transit Authority,50093,,mdb-210_routes.geojson,mdb-210_stops.geojson,routes_with_metadata/mdb-210_routes.geojson,stops_with_metadata/mdb-210_stops.geojson,13,7823,coordinate_average,-84.339757,40.686447,-83.87103,40.90373607776536,-84.09463185332878,40.756096711702334
Ohio__Central_Ohio_Transit_Authority_(COTA)__mdb_mdb-404,mdb-404,Central Ohio Transit Authority,Central Ohio Transit Authority,50016,,mdb-404_routes.geojson,mdb-404_stops.geojson,routes_with_metadata/mdb-404_routes.geojson,stops_with_metadata/mdb-404_stops.geojson,141,100045,coordinate_average,-83.171829,39.82662,-82.7712,40.154589,-82.98986192960396,39.99275143928282
Ohio__Cincinnati_Metro__mdb_mdb-307,mdb-307,METRO,METRO,50012,,mdb-307_routes.geojson,mdb-307_stops.geojson,routes_with_metadata/mdb-307_routes.geojson,stops_with_metadata/mdb-307_stops.geojson,203,161171,coordinate_average,-84.795037,39.046518,-84.258433,39.357474,-84.48995587515013,39.15559430679262
Ohio__Greater_Cleveland_Regional_Transit_Authority__mdb_mdb-406,mdb-406,Greater Cleveland Regional Transit Authority,Greater Cleveland Regional Transit Authority,50015,,mdb-406_routes.geojson,mdb-406_stops.geojson,routes_with_metadata/mdb-406_routes.geojson,stops_with_metadata/mdb-406_stops.geojson,243,126604,coordinate_average,-81.967628,41.283045,-81.437739,41.637621,-81.67467345225833,41.47194331393955
Ohio__Greater_Dayton_Regional_Transit_Authority_(Greater_Dayton_RTA)__mdb_mdb-403,mdb-403,Greater Dayton RTA,Greater Dayton RTA,50017,,mdb-403_routes.geojson,mdb-403_stops.geojson,routes_with_metadata/mdb-403_routes.geojson,stops_with_metadata/mdb-403_stops.geojson,189,216705,coordinate_average,-84.33065,39.601208,-84.051658,39.922731,-84.19499740031341,39.76636014613451
Ohio__Laketran__mdb_mdb-410,mdb-410,Laketran,Laketran,50117,,mdb-410_routes.geojson,mdb-410_stops.geojson,routes_with_metadata/mdb-410_routes.geojson,stops_with_metadata/mdb-410_stops.geojson,44,15206,coordinate_average,-81.7002966523347,41.4968269465463,-81.0087240279799,41.8418653717222,-81.44461439474058,41.62948255442418
Ohio__Licking_County_Transit__mdb_ntd-50163,ntd-50163,Licking County Transit,Licking County Transit,50163,,ntd-50163_routes.geojson,ntd-50163_stops.geojson,routes_with_metadata/ntd-50163_routes.geojson,stops_with_metadata/ntd-50163_stops.geojson,6,3691,coordinate_average,-82.5394538,39.92811836000004,-82.3618861,40.099511499999984,-82.45700960932132,40.034948022712584
Ohio__Lorain_County_Transit__mdb_tld-7039,tld-7039,Lorain County Transit,Lorain County Transit,50095,,tld-7039_routes.geojson,tld-7039_stops.geojson,routes_with_metadata/tld-7039_routes.geojson,stops_with_metadata/tld-7039_stops.geojson,12,1628,coordinate_average,-82.18068,41.34148,-82.06586,41.46828,-82.11463115178141,41.38894394041761
Ohio__Portage_Area_Regional_Transportation_Authority_(PARTA)__mdb_mdb-2256,mdb-2256,Portage Area Regional Transit Authority (PARTA),Portage Area Regional Transit Authority (PARTA),50021,,mdb-2256_routes.geojson,mdb-2256_stops.geojson,routes_with_metadata/mdb-2256_routes.geojson,stops_with_metadata/mdb-2256_stops.geojson,45,29876,coordinate_average,-81.69853,41.06068,-81.03709,41.51445,-81.35174512475506,41.210573856082966
Ohio__Sandusky_Transit_System__mdb_tld-1213_1,tld-1213,Sandusky Transit System,Sandusky Transit System,50164,,tld-1213_routes.geojson,tld-1213_stops.geojson,routes_with_metadata/tld-1213_routes.geojson,stops_with_metadata/tld-1213_stops.geojson,5,2888,coordinate_average,-82.751398,41.384527,-82.596662,41.46065,-82.68058529858698,41.43460082386458
Ohio__Stark_Area_Regional_Transit_Authority_(SARTA)__mdb_mdb-2001,mdb-2001,Stark Area Regional Transit Authority,Stark Area Regional Transit Authority,50011,,mdb-2001_routes.geojson,mdb-2001_stops.geojson,routes_with_metadata/mdb-2001_routes.geojson,stops_with_metadata/mdb-2001_stops.geojson,58,16352,coordinate_average,-81.55982,40.7196,-81.08667,41.07501,-81.4070591638946,40.83670620921008
Ohio__Toledo_Area_Regional_Transit_Authority__mdb_tld-1716_1,tld-1716,Toledo Area Regional Transit Authority,Toledo Area Regional Transit Authority,50022,,tld-1716_routes.geojson,tld-1716_stops.geojson,routes_with_metadata/tld-1716_routes.geojson,stops_with_metadata/tld-1716_stops.geojson,48,9886,coordinate_average,-83.71687,41.54354,-83.45906,41.72895,-83.58209784259704,41.65393674097299
Ohio__Western_Reserve_Transit_Authority__mdb_tld-1717,tld-1717,Western Reserve Transit Authority,Western Reserve Transit Authority,50024,,tld-1717_routes.geojson,tld-1717_stops.geojson,routes_with_metadata/tld-1717_routes.geojson,stops_with_metadata/tld-1717_stops.geojson,115,10559,coordinate_average,-80.89311,40.97667,-80.57606,41.24253,-80.6724840572022,41.096362503077536
Oklahoma__Campus_Area_Rapid_Transit_(CART)__mdb_mdb-182,mdb-182,Campus Area Rapid Transit (CART),Campus Area Rapid Transit (CART),66194,,mdb-182_routes.geojson,mdb-182_stops.geojson,routes_with_metadata/mdb-182_routes.geojson,stops_with_metadata/mdb-182_stops.geojson,5,763,coordinate_average,-97.4662612741332,35.182613,-97.435475,35.240968,-97.45153232910349,35.20876241296439
Oklahoma__Citylink_Edmond__mdb_tld-7841,tld-7841,Citylink Edmond,Citylink Edmond,60118,,tld-7841_routes.geojson,tld-7841_stops.geojson,routes_with_metadata/tld-7841_routes.geojson,stops_with_metadata/tld-7841_stops.geojson,7,4914,coordinate_average,-97.519547,35.468736,-97.417116,35.667599,-97.48305867576309,35.61404343346999
Oklahoma__Embark__mdb_mdb-2062,mdb-2062,Campus Area Rapid Transit (CART) | Citylink Edmond | EMBARK | EMBARK Norman | Oklahoma River Cruises,Campus Area Rapid Transit (CART) | Citylink Edmond | EMBARK | EMBARK Norman | Oklahoma River Cruises,66341,,mdb-2062_routes.geojson,mdb-2062_stops.geojson,routes_with_metadata/mdb-2062_routes.geojson,stops_with_metadata/mdb-2062_stops.geojson,94,77936,coordinate_average,-97.65625763,35.18261337,-97.30046844,35.66759872,-97.51303773412954,35.44538340700404
Oklahoma__Metropolitan_Tulsa_Transit_Authority__mdb_tld-235,tld-235,MetroLink Tulsa,MetroLink Tulsa,60018,,tld-235_routes.geojson,tld-235_stops.geojson,routes_with_metadata/tld-235_routes.geojson,stops_with_metadata/tld-235_stops.geojson,74,21273,coordinate_average,-96.12022,36.02253,-95.79067,36.24514,-95.94599821745953,36.131214291825145
Oklahoma__Oklahoma_State_University_-Stillwater_Community_Transit__mdb_ntd-60160,ntd-60160,Oklahoma State University,Oklahoma State University,60160,,ntd-60160_routes.geojson,ntd-60160_stops.geojson,routes_with_metadata/ntd-60160_routes.geojson,stops_with_metadata/ntd-60160_stops.geojson,11,4796,coordinate_average,-97.12002,36.10131,-97.01613,36.17397,-97.06740729588155,36.12688459108623
Oklahoma__OSU-Stillwater_Community_Transit__mdb_tld-7941,tld-7941,Oklahoma State University,Oklahoma State University,60160,,tld-7941_routes.geojson,tld-7941_stops.geojson,routes_with_metadata/tld-7941_routes.geojson,stops_with_metadata/tld-7941_stops.geojson,11,5076,coordinate_average,-97.12002,36.10131,-97.01613,36.17397,-97.06740396141674,36.12685038210136
Oregon__Astoria_Riverfront_Trolley__mdb_mdb-1254,mdb-1254,Astoria Riverfront Trolley,Astoria Riverfront Trolley,70057,,mdb-1254_routes.geojson,mdb-1254_stops.geojson,routes_with_metadata/mdb-1254_routes.geojson,stops_with_metadata/mdb-1254_stops.geojson,2,240,coordinate_average,-123.85340533636064,46.18831385784847,-123.798865697557,46.1951061550737,-123.82346801512224,46.19128260547119
Oregon__Basin_Transit_Service_(BTS)__mdb_mdb-125,mdb-125,Basin Transit Service,Basin Transit Service,00339,,mdb-125_routes.geojson,mdb-125_stops.geojson,routes_with_metadata/mdb-125_routes.geojson,stops_with_metadata/mdb-125_stops.geojson,24,20373,coordinate_average,-122.21093,42.010165,-121.042823,44.05895,-121.64136920956231,43.05628603809099
Oregon__Benton_Area_Transportation__mdb_mdb-126,mdb-126,Benton Area Transit,Benton Area Transit,00065,,mdb-126_routes.geojson,mdb-126_stops.geojson,routes_with_metadata/mdb-126_routes.geojson,stops_with_metadata/mdb-126_stops.geojson,8,8525,coordinate_average,-124.0616,44.539038,-123.102517953971,44.6793,-123.51806419733748,44.60927392659752
Oregon__Benton_Area_Transportation__mdb_mdb-3109,mdb-3109,Benton Area Transit,Benton Area Transit,00065,,mdb-3109_routes.geojson,mdb-3109_stops.geojson,routes_with_metadata/mdb-3109_routes.geojson,stops_with_metadata/mdb-3109_stops.geojson,8,8525,coordinate_average,-124.0616,44.539038,-123.102517953971,44.6793,-123.51806419733748,44.60927392659752
Oregon__Buena_Vista_Ferry__mdb_mdb-834,mdb-834,Buena Vista Ferry,Buena Vista Ferry,91014,,mdb-834_routes.geojson,mdb-834_stops.geojson,routes_with_metadata/mdb-834_routes.geojson,stops_with_metadata/mdb-834_stops.geojson,2,6,coordinate_average,-123.147186,44.769660454024944,-123.144738,44.77015394965163,-123.14596119136189,44.76990306727944
Oregon__Burns_Paiute_Tribal_Transit__mdb_mdb-2621,mdb-2621,Burns Paiute Tribal Transit,Burns Paiute Tribal Transit,00421,,mdb-2621_routes.geojson,mdb-2621_stops.geojson,routes_with_metadata/mdb-2621_routes.geojson,stops_with_metadata/mdb-2621_stops.geojson,1,203,coordinate_average,-119.07656,43.5726241475333,-119.05232255273152,43.613371,-119.06336563655174,43.59006752502654
Oregon__C-TRAN__mdb_mdb-258,mdb-258,C-TRAN,C-TRAN,00459,,mdb-258_routes.geojson,mdb-258_stops.geojson,routes_with_metadata/mdb-258_routes.geojson,stops_with_metadata/mdb-258_stops.geojson,130,47409,coordinate_average,-122.709399,45.494413,-122.320688,45.8668,-122.5964095304462,45.650925803805876
Oregon__Canby_Area_Transit_(CAT)__mdb_mdb-252,mdb-252,Canby Area Transit,Canby Area Transit,00421,,mdb-252_routes.geojson,mdb-252_stops.geojson,routes_with_metadata/mdb-252_routes.geojson,stops_with_metadata/mdb-252_stops.geojson,5,2928,coordinate_average,-122.839063,45.151267,-122.6042316469076,45.36001146275876,-122.69226706721075,45.273446462943184
Oregon__Canby_Ferry__mdb_mdb-605,mdb-605,Canby Ferry,Canby Ferry,90225,,mdb-605_routes.geojson,mdb-605_stops.geojson,routes_with_metadata/mdb-605_routes.geojson,stops_with_metadata/mdb-605_stops.geojson,2,6,coordinate_average,-122.6928285524031,45.2989871385735,-122.69263768117573,45.3010657654158,-122.69274342252845,45.29970138008611
Oregon__Caravan_Airport_Transportation__mdb_mdb-127,mdb-127,Caravan Airport Transportation,Caravan Airport Transportation,00375,,mdb-127_routes.geojson,mdb-127_stops.geojson,routes_with_metadata/mdb-127_routes.geojson,stops_with_metadata/mdb-127_stops.geojson,2,9307,coordinate_average,-124.083311,44.425225,-122.5496,45.589677,-123.44343894193828,45.09819248493413
Oregon__Cascades_East_Transit__mdb_tld-170,tld-170,Cascades East Transit (CET),Cascades East Transit (CET),00057,,tld-170_routes.geojson,tld-170_stops.geojson,routes_with_metadata/tld-170_routes.geojson,stops_with_metadata/tld-170_stops.geojson,38,26118,coordinate_average,-121.562853,43.670304,-120.842234,44.973531,-121.26421805714892,44.3157446182092
Oregon__Central_Oregon_Breeze__mdb_mdb-139,mdb-139,Central Oregon Breeze,Central Oregon Breeze,00326,,mdb-139_routes.geojson,mdb-139_stops.geojson,routes_with_metadata/mdb-139_routes.geojson,stops_with_metadata/mdb-139_stops.geojson,4,24632,coordinate_average,-122.67783,44.057939,-121.12852,45.589363,-121.74337385160023,45.03379916845687
Oregon__City_of_Corvallis__mdb_mdb-2283,mdb-2283,Corvallis Transit System,Corvallis Transit System,00047,,mdb-2283_routes.geojson,mdb-2283_stops.geojson,routes_with_metadata/mdb-2283_routes.geojson,stops_with_metadata/mdb-2283_stops.geojson,11,4723,coordinate_average,-123.324678,44.530554,-123.233686,44.614853,-123.27553726804976,44.57431935147152
Oregon__City_of_Milton-Freewater_Public_Transportation__mdb_mdb-2189,mdb-2189,Kayak Public Transit,Kayak Public Transit,00119,,mdb-2189_routes.geojson,mdb-2189_stops.geojson,routes_with_metadata/mdb-2189_routes.geojson,stops_with_metadata/mdb-2189_stops.geojson,38,72853,coordinate_average,-119.702182,45.318575642007005,-118.06982,46.067044001207,-118.74112479513995,45.71878515863124
Oregon__ClackCo_Connects_(Clackamas_County)__mdb_mdb-2740,mdb-2740,Clackamas County,Clackamas County,00363,,mdb-2740_routes.geojson,mdb-2740_stops.geojson,routes_with_metadata/mdb-2740_routes.geojson,stops_with_metadata/mdb-2740_stops.geojson,6,7122,coordinate_average,-122.639146,45.279417,-122.331617,45.437416,-122.55673341952185,45.35981547557429
Oregon__ClackCo_Connects_(Clackamas_County)__mdb_mdb-2741,mdb-2741,Clackamas County,Clackamas County,00363,,mdb-2741_routes.geojson,mdb-2741_stops.geojson,routes_with_metadata/mdb-2741_routes.geojson,stops_with_metadata/mdb-2741_stops.geojson,8,5081,coordinate_average,-122.625767,45.279417,-122.331617,45.436176,-122.54146465911921,45.354441292503545
Oregon__ClackCo_Connects_(Clackamas_County)__mdb_mdb-312,mdb-312,Clackamas County,Clackamas County,00363,,mdb-312_routes.geojson,mdb-312_stops.geojson,routes_with_metadata/mdb-312_routes.geojson,stops_with_metadata/mdb-312_stops.geojson,8,5081,coordinate_average,-122.625767,45.279417,-122.331617,45.436176,-122.54146465911921,45.354441292503545
Oregon__Columbia_Area_Transit_(CAT)__mdb_mdb-260,mdb-260,Columbia Area Transit,Columbia Area Transit,00319,,mdb-260_routes.geojson,mdb-260_stops.geojson,routes_with_metadata/mdb-260_routes.geojson,stops_with_metadata/mdb-260_stops.geojson,15,33820,coordinate_average,-122.566244,45.51961000000001,-121.5115293652346,45.717082,-121.91496826825806,45.62634648595112
Oregon__Columbia_County_Rider__mdb_mdb-3037,mdb-3037,Columbia County Rider,Columbia County Rider,00375,,mdb-3037_routes.geojson,mdb-3037_stops.geojson,routes_with_metadata/mdb-3037_routes.geojson,stops_with_metadata/mdb-3037_stops.geojson,3,2229,coordinate_average,-122.937645,45.516532,-122.677285,46.089771,-122.81133584974698,45.755028709588224
Oregon__Columbia_County_Rider__mdb_tld-4210,tld-4210,Columbia County Rider,Columbia County Rider,00375,,tld-4210_routes.geojson,tld-4210_stops.geojson,routes_with_metadata/tld-4210_routes.geojson,stops_with_metadata/tld-4210_stops.geojson,2,2102,coordinate_average,-122.937645,45.516532,-122.677285,46.089771,-122.80889568575768,45.751512576224094
Oregon__Coos_County_Area_Transit_(CCAT)__mdb_mdb-21,mdb-21,City of Bandon Trolley | Coos County Area Transportation District,City of Bandon Trolley | Coos County Area Transportation District,00307,,mdb-21_routes.geojson,mdb-21_stops.geojson,routes_with_metadata/mdb-21_routes.geojson,stops_with_metadata/mdb-21_stops.geojson,11,11024,coordinate_average,-124.324568,42.878819,-124.071747,43.985031,-124.19369426835645,43.31670449602124
Oregon__Curry_Public_Transit__mdb_mdb-22,mdb-22,Curry Public Transit,Curry Public Transit,00308,,mdb-22_routes.geojson,mdb-22_stops.geojson,routes_with_metadata/mdb-22_routes.geojson,stops_with_metadata/mdb-22_stops.geojson,8,8340,coordinate_average,-124.4980617886428,41.95693915596385,-124.19758,43.416031,-124.35639571283694,42.72923147218164
Oregon__Diamond_Express__mdb_mdb-130,mdb-130,Diamond Express,Diamond Express,00377,,mdb-130_routes.geojson,mdb-130_stops.geojson,routes_with_metadata/mdb-130_routes.geojson,stops_with_metadata/mdb-130_stops.geojson,4,2101,coordinate_average,-123.09429645538,43.741846,-122.454863,44.0550662811831,-122.68181016548016,43.8517732127126
Oregon__Harney_County__mdb_mdb-931,mdb-931,Harney Hub Transit,Harney Hub Transit,00374,,mdb-931_routes.geojson,mdb-931_stops.geojson,routes_with_metadata/mdb-931_routes.geojson,stops_with_metadata/mdb-931_stops.geojson,6,2572,coordinate_average,-121.30116,43.511479,-119.052333,44.060008,-119.8957115336802,43.700564910454986
Oregon__Josephine_County_Transit_(JCT)__mdb_mdb-121,mdb-121,Josephine Community Transit,Josephine Community Transit,00059,,mdb-121_routes.geojson,mdb-121_stops.geojson,routes_with_metadata/mdb-121_routes.geojson,stops_with_metadata/mdb-121_stops.geojson,7,4806,coordinate_average,-123.65121,42.16288,-122.868525,42.69526,-123.31085997263693,42.426135693636574
Oregon__Let'er_Bus__mdb_mdb-590,mdb-590,Let'er Bus,Let'er Bus,00359,,mdb-590_routes.geojson,mdb-590_stops.geojson,routes_with_metadata/mdb-590_routes.geojson,stops_with_metadata/mdb-590_stops.geojson,21,13638,coordinate_average,-118.8486,45.64512077117653,-118.749786,45.68828248426436,-118.80276018245262,45.665808303875814
Oregon__Lincoln_County_Transit_(LCT)__mdb_mdb-23,mdb-23,Lincoln County Transit,Lincoln County Transit,00310,,mdb-23_routes.geojson,mdb-23_stops.geojson,routes_with_metadata/mdb-23_routes.geojson,stops_with_metadata/mdb-23_stops.geojson,29,24719,coordinate_average,-124.10813045456756,44.311613,-123.102573,45.023833,-123.8446421527909,44.681930173128386
Oregon__Link_Lane__mdb_mdb-932,mdb-932,Link Lane,Link Lane,00464,,mdb-932_routes.geojson,mdb-932_stops.geojson,routes_with_metadata/mdb-932_routes.geojson,stops_with_metadata/mdb-932_stops.geojson,4,5010,coordinate_average,-124.126516,43.96636836548621,-123.089691,44.311706,-123.86398302489411,44.09462801086092
Oregon__Linn_Shuttle__mdb_mdb-137,mdb-137,Linn Shuttle,Linn Shuttle,00061,,mdb-137_routes.geojson,mdb-137_stops.geojson,routes_with_metadata/mdb-137_routes.geojson,stops_with_metadata/mdb-137_stops.geojson,5,4180,coordinate_average,-123.115166349,44.393623,-122.65322875995406,44.641666726,-122.92981295597657,44.520618923809224
"Oregon__LINX_Transit,_Linn-Benton_Loop,_Albany_Transit_System__mdb_mdb-135",mdb-135,LINX Transit | Linn-Benton Loop | Albany Transit System,LINX Transit | Linn-Benton Loop | Albany Transit System,00061,,mdb-135_routes.geojson,mdb-135_stops.geojson,routes_with_metadata/mdb-135_routes.geojson,stops_with_metadata/mdb-135_stops.geojson,19,12176,coordinate_average,-123.27409432226798,44.514528,-122.896288,44.64545434505729,-123.14622389383389,44.60794389363096
Oregon__Malheur_Council_on_Aging_&_Community_Services__mdb_mdb-141,mdb-141,Malheur Council on Aging & Community Services,Malheur Council on Aging & Community Services,00323,,mdb-141_routes.geojson,mdb-141_stops.geojson,routes_with_metadata/mdb-141_routes.geojson,stops_with_metadata/mdb-141_stops.geojson,3,2428,coordinate_average,-117.245622,43.8758901394161,-116.937889254669,44.035849,-117.02967640624101,43.99311792556354
Oregon__Morrow_County_Public_Transit__mdb_mdb-2418,mdb-2418,Morrow County Public Transit,Morrow County Public Transit,00308,,mdb-2418_routes.geojson,mdb-2418_stops.geojson,routes_with_metadata/mdb-2418_routes.geojson,stops_with_metadata/mdb-2418_stops.geojson,9,6747,coordinate_average,-119.82790973178834,45.351287,-119.285001011,45.91835419195888,-119.56484282942962,45.613552837014524
Oregon__Oregon_Express_Shuttle__mdb_mdb-132,mdb-132,Groome Transportation,Groome Transportation,00R02,,mdb-132_routes.geojson,mdb-132_stops.geojson,routes_with_metadata/mdb-132_routes.geojson,stops_with_metadata/mdb-132_stops.geojson,2,4615,coordinate_average,-123.279312,44.554822,-122.5496,45.589456,-122.90191026059172,45.05529077643144
Oregon__Pacific_Crest_Bus_Lines__mdb_mdb-133,mdb-133,Pacific Crest Bus Lines,Pacific Crest Bus Lines,00362,,mdb-133_routes.geojson,mdb-133_stops.geojson,routes_with_metadata/mdb-133_routes.geojson,stops_with_metadata/mdb-133_stops.geojson,13,60695,coordinate_average,-124.01044660562236,42.206506,-121.159908,45.589360000000006,-122.60954146371243,44.397755614538085
Oregon__People_Mover__mdb_mdb-112,mdb-112,People Mover,People Mover,00313,,mdb-112_routes.geojson,mdb-112_stops.geojson,routes_with_metadata/mdb-112_routes.geojson,stops_with_metadata/mdb-112_stops.geojson,12,18969,coordinate_average,-121.306277,43.573789,-116.93812221517082,46.056129,-119.09949975790389,44.558242164907966
Oregon__Philomath_Connection__mdb_mdb-2205,mdb-2205,Philomath Connection,Philomath Connection,00343,,mdb-2205_routes.geojson,mdb-2205_stops.geojson,routes_with_metadata/mdb-2205_routes.geojson,stops_with_metadata/mdb-2205_stops.geojson,1,500,coordinate_average,-123.376934,44.538856,-123.263177,44.569013,-123.31017983400008,44.552316476
Oregon__Quail_Trail_Public_Transit__mdb_mdb-1327,mdb-1327,Quail Trail Public Transit,Quail Trail Public Transit,00421,,mdb-1327_routes.geojson,mdb-1327_stops.geojson,routes_with_metadata/mdb-1327_routes.geojson,stops_with_metadata/mdb-1327_stops.geojson,7,2990,coordinate_average,-121.886125,42.210276574,-121.74336,42.579217,-121.82890797823484,42.38245443434812
Oregon__Rhody_Express__mdb_mdb-24,mdb-24,Rhody Express,Rhody Express,00377,,mdb-24_routes.geojson,mdb-24_stops.geojson,routes_with_metadata/mdb-24_routes.geojson,stops_with_metadata/mdb-24_stops.geojson,2,359,coordinate_average,-124.12062014844211,43.96636683660532,-124.086555,44.009008,-124.10161448675846,43.98051052231405
Oregon__Ride_Connection__mdb_mdb-253,mdb-253,Ride Connection,Ride Connection,00376,,mdb-253_routes.geojson,mdb-253_stops.geojson,routes_with_metadata/mdb-253_routes.geojson,stops_with_metadata/mdb-253_stops.geojson,37,14943,coordinate_average,-123.1438713072314,45.371639,-122.74889971847183,45.6177957043717,-123.00199445849019,45.526327962534644
Oregon__Rogue_Valley_Transportation_District_(RVTD)__mdb_mdb-3219,mdb-3219,Rogue Valley Transportation District,Rogue Valley Transportation District,00034,,mdb-3219_routes.geojson,mdb-3219_stops.geojson,routes_with_metadata/mdb-3219_routes.geojson,stops_with_metadata/mdb-3219_stops.geojson,29,10186,coordinate_average,-122.919666,42.17544,-122.671498,42.444914,-122.84458306600334,42.32158455387803
Oregon__Sandy_Area_Metro_(SAM)__mdb_mdb-261,mdb-261,Mt. Hood Express | Sandy Area Metro,Mt. Hood Express | Sandy Area Metro,00363,,mdb-261_routes.geojson,mdb-261_stops.geojson,routes_with_metadata/mdb-261_routes.geojson,stops_with_metadata/mdb-261_stops.geojson,15,11118,coordinate_average,-122.573026,45.28495,-121.701599,45.502948,-122.15489555222787,45.37428500739314
Oregon__Sandy_Area_Metro_(SAM)__mdb_mdb-2739,mdb-2739,City of Sandy,City of Sandy,00389,,mdb-2739_routes.geojson,mdb-2739_stops.geojson,routes_with_metadata/mdb-2739_routes.geojson,stops_with_metadata/mdb-2739_stops.geojson,12,13457,coordinate_average,-122.575662,45.2858649,-121.701599,45.502948,-122.2289859328452,45.39557395799558
Oregon__South_Clackamas_Transportation_District__mdb_mdb-883,mdb-883,South Clackamas Transportation District,South Clackamas Transportation District,00301,,mdb-883_routes.geojson,mdb-883_stops.geojson,routes_with_metadata/mdb-883_routes.geojson,stops_with_metadata/mdb-883_stops.geojson,5,2338,coordinate_average,-122.692671,45.138832,-122.562729,45.323621,-122.60372273131794,45.202512498691014
Oregon__South_Metro_Area_Regional_Transit_(SMART)__mdb_mdb-2706,mdb-2706,SMART,SMART,00046,,mdb-2706_routes.geojson,mdb-2706_stops.geojson,routes_with_metadata/mdb-2706_routes.geojson,stops_with_metadata/mdb-2706_stops.geojson,24,5754,coordinate_average,-123.037178,44.93732,-122.56816,45.437505,-122.77156987292673,45.28322542830314
"Oregon__Sunset_Empire_Transportation_District_(SETD),_Tillamook_County_Transportation_District,_Columbia_County_Rider__mdb_mdb-246",mdb-246,Tillamook County Transportation District,Tillamook County Transportation District,00331,,mdb-246_routes.geojson,mdb-246_stops.geojson,routes_with_metadata/mdb-246_routes.geojson,stops_with_metadata/mdb-246_stops.geojson,13,10842,coordinate_average,-124.01041299105,44.995681,-122.67652630806,45.903541,-123.65962771532018,45.538017430321915
Oregon__Sunset_Empire_Transportation_District__mdb_tld-4211,tld-4211,Sunset Empire Transportation District,Sunset Empire Transportation District,00331,,tld-4211_routes.geojson,tld-4211_stops.geojson,routes_with_metadata/tld-4211_routes.geojson,stops_with_metadata/tld-4211_stops.geojson,17,14957,coordinate_average,-123.96332,45.865512,-123.75050560962129,46.200026,-123.89207279201506,46.09550676682008
Oregon__Swan_Island_Evening_Shuttle__mdb_mdb-255,mdb-255,Multnomah County Transit,Multnomah County Transit,00421,,mdb-255_routes.geojson,mdb-255_stops.geojson,routes_with_metadata/mdb-255_routes.geojson,stops_with_metadata/mdb-255_stops.geojson,10,4131,coordinate_average,-122.878066,45.504782,-122.284339,45.742471,-122.55699779039273,45.56854330357366
"Oregon__TriMet,_Portland_Streetcar__mdb_mdb-247",mdb-247,Portland Streetcar | Portland Aerial Tram | TriMet,Portland Streetcar | Portland Aerial Tram | TriMet,00058,,mdb-247_routes.geojson,mdb-247_stops.geojson,routes_with_metadata/mdb-247_routes.geojson,stops_with_metadata/mdb-247_stops.geojson,1297,1092481,coordinate_average,-123.115731,45.284955,-122.332954,45.639124,-122.66918975557364,45.500892829447
Oregon__Wahkiakum_Ferry__mdb_mdb-2193,mdb-2193,Wahkiakum Ferry,Wahkiakum Ferry,90225,,mdb-2193_routes.geojson,mdb-2193_stops.geojson,routes_with_metadata/mdb-2193_routes.geojson,stops_with_metadata/mdb-2193_stops.geojson,2,30,coordinate_average,-123.383594,46.13710239215459,-123.377101,46.153299256982535,-123.380729369974,46.14517352163789
"Oregon__Wallowa_Community_Connection_(WCC),_Northeast_Oregon_Public_Transit__mdb_mdb-289",mdb-289,Northeast Oregon Public Transit,Northeast Oregon Public Transit,00R02,,mdb-289_routes.geojson,mdb-289_stops.geojson,routes_with_metadata/mdb-289_routes.geojson,stops_with_metadata/mdb-289_stops.geojson,11,5144,coordinate_average,-118.104591,44.769452621288366,-117.198661,45.630138,-117.69616716096387,45.38066958782797
Oregon__Washington_Park_Shuttle__mdb_mdb-254,mdb-254,Washington Park,Washington Park,60168,,mdb-254_routes.geojson,mdb-254_stops.geojson,routes_with_metadata/mdb-254_routes.geojson,stops_with_metadata/mdb-254_stops.geojson,1,708,coordinate_average,-122.717819,45.510399,-122.700737,45.523629,-122.71051490922741,45.51687202877113
Oregon__Wheatland_Ferry__mdb_mdb-833,mdb-833,Wheatland Ferry,Wheatland Ferry,90225,,mdb-833_routes.geojson,mdb-833_stops.geojson,routes_with_metadata/mdb-833_routes.geojson,stops_with_metadata/mdb-833_stops.geojson,2,10,coordinate_average,-123.04626041367534,45.08994,-123.0442246556226,45.090594,-123.04526350692979,45.0902731704242
Oregon__Woodburn_Transit_Service_(WTS)__mdb_mdb-251,mdb-251,Woodburn Transit,Woodburn Transit,00360,,mdb-251_routes.geojson,mdb-251_stops.geojson,routes_with_metadata/mdb-251_routes.geojson,stops_with_metadata/mdb-251_stops.geojson,7,2381,coordinate_average,-122.89740724376884,45.13589140755934,-122.829652,45.15678,-122.87164560321213,45.14788553556604
Oregon__Yamhill_County_Transit_Area__mdb_mdb-250,mdb-250,Yamhill County Transit Area,Yamhill County Transit Area,00321,,mdb-250_routes.geojson,mdb-250_stops.geojson,routes_with_metadata/mdb-250_routes.geojson,stops_with_metadata/mdb-250_stops.geojson,22,23379,coordinate_average,-123.61804,44.950148,-122.765562,45.522634,-123.13014369006306,45.23965437076055
Pennsylvania__Altoona_Metro_Transit__mdb_tld-4669,tld-4669,Amtran,Amtran,30011,,tld-4669_routes.geojson,tld-4669_stops.geojson,routes_with_metadata/tld-4669_routes.geojson,stops_with_metadata/tld-4669_stops.geojson,59,14872,coordinate_average,-78.445875,40.427699,-78.236221,40.680851,-78.39451433727811,40.50478976136384
Pennsylvania__Area_Transit_Authority__mdb_tld-4551,tld-4551,Area Transportation Authority,Area Transportation Authority,31041,,tld-4551_routes.geojson,tld-4551_stops.geojson,routes_with_metadata/tld-4551_routes.geojson,stops_with_metadata/tld-4551_stops.geojson,75,44399,coordinate_average,-79.395431,40.924117,-78.224163,41.980526,-78.6758655580307,41.23670531419726
Pennsylvania__Beaver_County_Transit_Authority__mdb_mdb-2262,mdb-2262,BCTA,BCTA,30023,,mdb-2262_routes.geojson,mdb-2262_stops.geojson,routes_with_metadata/mdb-2262_routes.geojson,stops_with_metadata/mdb-2262_stops.geojson,18,12407,coordinate_average,-80.385086,40.410464,-79.99123,40.799869,-80.25811630853553,40.62301383420637
Pennsylvania__Berks_Area_Regional_Transportation_Authority_(BARTA)__mdb_mdb-2064,mdb-2064,BARTA,BARTA,31039,,mdb-2064_routes.geojson,mdb-2064_stops.geojson,routes_with_metadata/mdb-2064_routes.geojson,stops_with_metadata/mdb-2064_stops.geojson,255,25088,coordinate_average,-76.18898,40.25367,-75.75555,40.56562,-75.93763722337381,40.351794996014064
Pennsylvania__Borough_of_Mt._Carmel__mdb_ntd-30116,ntd-30116,Lower Anthracite Transit Systems,Lower Anthracite Transit Systems,30116,,ntd-30116_routes.geojson,ntd-30116_stops.geojson,routes_with_metadata/ntd-30116_routes.geojson,stops_with_metadata/ntd-30116_stops.geojson,12,5383,coordinate_average,-76.850391,40.766573,-76.338141,40.877718,-76.64235853093082,40.821390857328566
Pennsylvania__Butler_Transit_Authority__mdb_tld-4659,tld-4659,Butler Transit Authority,Butler Transit Authority,31041,,tld-4659_routes.geojson,tld-4659_stops.geojson,routes_with_metadata/tld-4659_routes.geojson,stops_with_metadata/tld-4659_stops.geojson,39,17439,coordinate_average,-80.130996,40.440541,-79.871491,40.901331,-79.97127475199275,40.696371799243074
Pennsylvania__Cambria_County_Transit_Authority__mdb_tld-4671,tld-4671,CamTran,CamTran,30012,,tld-4671_routes.geojson,tld-4671_stops.geojson,routes_with_metadata/tld-4671_routes.geojson,stops_with_metadata/tld-4671_stops.geojson,260,42198,coordinate_average,-78.9797,40.21753,-78.40741,40.66966,-78.83014526652866,40.38093334797965
Pennsylvania__Capital_Area_Transit__mdb_tld-4298,tld-4298,Capital Area Transit,Capital Area Transit,30014,,tld-4298_routes.geojson,tld-4298_stops.geojson,routes_with_metadata/tld-4298_routes.geojson,stops_with_metadata/tld-4298_stops.geojson,292,61470,coordinate_average,-77.54451,40.04689,-76.64484,40.55886,-76.9183442375143,40.251170164307254
Pennsylvania__Centre_Area_Transportation_Authority_(CATABUS)__mdb_ntd-30054,ntd-30054,CATA,CATA,30054,,ntd-30054_routes.geojson,ntd-30054_stops.geojson,routes_with_metadata/ntd-30054_routes.geojson,stops_with_metadata/ntd-30054_stops.geojson,251,30300,coordinate_average,-77.92598,40.75996,-77.80053,40.83958,-77.8675446636966,40.801992654455205
Pennsylvania__Centre_County_Transit_Authority__mdb_tld-4771,tld-4771,CATA,CATA,31042,,tld-4771_routes.geojson,tld-4771_stops.geojson,routes_with_metadata/tld-4771_routes.geojson,stops_with_metadata/tld-4771_stops.geojson,175,16296,coordinate_average,-77.94207,40.75995,-77.76875,40.91758,-77.86782510309216,40.80971958087885
Pennsylvania__County_of_Lackawanna_Transit_System__mdb_tld-4553,tld-4553,COLTS,COLTS,30025,,tld-4553_routes.geojson,tld-4553_stops.geojson,routes_with_metadata/tld-4553_routes.geojson,stops_with_metadata/tld-4553_stops.geojson,113,45587,coordinate_average,-75.84138,41.24748,-75.49895,41.58164,-75.65844846524398,41.42437230598631
Pennsylvania__Crawford_Area_Transportation_Authority__mdb_tld-4674,tld-4674,Meadville,Meadville,30185,,tld-4674_routes.geojson,tld-4674_stops.geojson,routes_with_metadata/tld-4674_routes.geojson,stops_with_metadata/tld-4674_stops.geojson,139,29157,coordinate_average,-80.30735,41.34912,-79.667,41.73114,-79.95186150701315,41.52754045666567
Pennsylvania__Fayette_Area_Coordinated_Transportation__mdb_tld-7027,tld-7027,Fayette Area Coordinated Transportation,Fayette Area Coordinated Transportation,30087,,tld-7027_routes.geojson,tld-7027_stops.geojson,routes_with_metadata/tld-7027_routes.geojson,stops_with_metadata/tld-7027_stops.geojson,67,43897,coordinate_average,-80.033062,39.795047,-79.538356,40.44473,-79.74932436574198,39.95346081194589
Pennsylvania__Freedom_Transit__mdb_tld-4134,tld-4134,Freedom Transit,Freedom Transit,30111,,tld-4134_routes.geojson,tld-4134_stops.geojson,routes_with_metadata/tld-4134_routes.geojson,stops_with_metadata/tld-4134_stops.geojson,39,31273,coordinate_average,-80.282886,40.155995,-79.926013,40.452835,-80.18802328350237,40.24855737067141
Pennsylvania__Hazleton_Public_Transit__mdb_tld-4665,tld-4665,Hazleton Public Transit,Hazleton Public Transit,30093,,tld-4665_routes.geojson,tld-4665_stops.geojson,routes_with_metadata/tld-4665_routes.geojson,stops_with_metadata/tld-4665_stops.geojson,34,13294,coordinate_average,-76.10439,40.893439,-75.812534,41.268452,-75.94553407116017,41.032992407402
Pennsylvania__Indiana_County_Transit_Authority__mdb_tld-4661,tld-4661,Indiana County Transit Authority,Indiana County Transit Authority,30177,,tld-4661_routes.geojson,tld-4661_stops.geojson,routes_with_metadata/tld-4661_routes.geojson,stops_with_metadata/tld-4661_stops.geojson,33,21190,coordinate_average,-79.26772,40.430421,-78.969867,40.944662,-79.1449798572435,40.66146707144841
Pennsylvania__Lebanon_Transit__mdb_tld-5531,tld-5531,Lebanon,Lebanon,30095,,tld-5531_routes.geojson,tld-5531_stops.geojson,routes_with_metadata/tld-5531_routes.geojson,stops_with_metadata/tld-5531_stops.geojson,84,36248,coordinate_average,-76.888957,40.068175,-76.18865,40.437746,-76.48666610759241,40.314021061547955
Pennsylvania__Lehigh_and_Northampton_Transportation_Authority_(LANTA)__mdb_ntd-30010,ntd-30010,LANTA,LANTA,30010,,ntd-30010_routes.geojson,ntd-30010_stops.geojson,routes_with_metadata/ntd-30010_routes.geojson,stops_with_metadata/ntd-30010_stops.geojson,606,181283,coordinate_average,-75.8956,40.52701,-75.20457,40.88516,-75.45204415339644,40.645209848083674
Pennsylvania__Lower_Anthracite_Transit_System__mdb_tld-7023,tld-7023,Lower Anthracite Transit Systems,Lower Anthracite Transit Systems,31044,,tld-7023_routes.geojson,tld-7023_stops.geojson,routes_with_metadata/tld-7023_routes.geojson,stops_with_metadata/tld-7023_stops.geojson,12,5383,coordinate_average,-76.850391,40.766573,-76.338141,40.877718,-76.64235853093082,40.821390857328566
Pennsylvania__Luzerne_County_Transportation_Authority__mdb_tld-4555,tld-4555,Luzerne County Transportation Authority,Luzerne County Transportation Authority,30015,,tld-4555_routes.geojson,tld-4555_stops.geojson,routes_with_metadata/tld-4555_routes.geojson,stops_with_metadata/tld-4555_stops.geojson,87,14305,coordinate_average,-76.00506,41.19163,-75.66515,41.41021,-75.86729926039823,41.26418318140504
Pennsylvania__Mid_Mon_Valley_Transit_Authority__mdb_tld-5503,tld-5503,Mid Mon Valley Transit,Mid Mon Valley Transit,30061,,tld-5503_routes.geojson,tld-5503_stops.geojson,routes_with_metadata/tld-5503_routes.geojson,stops_with_metadata/tld-5503_stops.geojson,41,39178,coordinate_average,-80.033214,40.026419,-79.839029,40.454356,-79.91358490548241,40.1859508534638
Pennsylvania__Monroe_County_Transportation_Authority_(MCTA)__mdb_mdb-3460,mdb-3460,Monroe County Transit Authority,Monroe County Transit Authority,30137,,mdb-3460_routes.geojson,mdb-3460_stops.geojson,routes_with_metadata/mdb-3460_routes.geojson,stops_with_metadata/mdb-3460_stops.geojson,46,11024,coordinate_average,-75.41613,40.98112,-75.02787,41.21911,-75.28610658563106,41.07141247006514
Pennsylvania__New_Castle_Area_Transit_Authority__mdb_tld-7030,tld-7030,New Castle Area Transit Authority,New Castle Area Transit Authority,30151,,tld-7030_routes.geojson,tld-7030_stops.geojson,routes_with_metadata/tld-7030_routes.geojson,stops_with_metadata/tld-7030_stops.geojson,48,37528,coordinate_average,-80.518642,40.440541,-79.912627,41.242982,-80.26119306736445,40.94262880281387
Pennsylvania__PATCO_Speedline__mdb_mdb-3035,mdb-3035,Port Authority Transit Corporation,Port Authority Transit Corporation,31041,,mdb-3035_routes.geojson,mdb-3035_stops.geojson,routes_with_metadata/mdb-3035_routes.geojson,stops_with_metadata/mdb-3035_stops.geojson,2,239,coordinate_average,-75.167792,39.833809,-75.000325,39.955626,-75.08058187447698,39.915793799163175
Pennsylvania__PHLASH__mdb_mdb-2877,mdb-2877,SEPTA | PHLASH,SEPTA | PHLASH,30019,,mdb-2877_routes.geojson,mdb-2877_stops.geojson,routes_with_metadata/mdb-2877_routes.geojson,stops_with_metadata/mdb-2877_stops.geojson,2,379,coordinate_average,-75.21416,39.94863,-75.14167,39.9803,-75.17687408443274,39.960825678100285
Pennsylvania__Port_Authority_of_Allegheny_County__mdb_mdb-409,mdb-409,Pittsburgh Regional Transit,Pittsburgh Regional Transit,30022,,mdb-409_routes.geojson,mdb-409_stops.geojson,routes_with_metadata/mdb-409_routes.geojson,stops_with_metadata/mdb-409_stops.geojson,299,483351,coordinate_average,-80.26972,40.27204,-79.70379,40.667597,-79.9493067588408,40.439750156365136
Pennsylvania__Pottstown_Area_Rapid_Transit__mdb_tld-7025,tld-7025,Pottstown Area Rapid Transit,Pottstown Area Rapid Transit,30077,,tld-7025_routes.geojson,tld-7025_stops.geojson,routes_with_metadata/tld-7025_routes.geojson,stops_with_metadata/tld-7025_stops.geojson,9,3451,coordinate_average,-75.688196,40.228017,-75.567397,40.334668,-75.62745672587656,40.262401212112515
Pennsylvania__Red_Rose_Transit_Authority_(RRTA)__mdb_mdb-2000,mdb-2000,Red Rose Transit Authority,Red Rose Transit Authority,31041,,mdb-2000_routes.geojson,mdb-2000_stops.geojson,routes_with_metadata/mdb-2000_routes.geojson,stops_with_metadata/mdb-2000_stops.geojson,191,36751,coordinate_average,-76.64219,39.97139,-75.95628,40.18738,-76.33202285761097,40.06308165002283
Pennsylvania__River_Valley_Transit__mdb_tld-4548,tld-4548,River Valley Transit,River Valley Transit,30207,,tld-4548_routes.geojson,tld-4548_stops.geojson,routes_with_metadata/tld-4548_routes.geojson,stops_with_metadata/tld-4548_stops.geojson,582,161221,coordinate_average,-77.29739,41.168226,-76.717139,41.276562,-76.98185799764161,41.238270917997966
Pennsylvania__Schuylkill_Transportation_System__mdb_tld-4688,tld-4688,Schuylkill Transportation System,Schuylkill Transportation System,30127,,tld-4688_routes.geojson,tld-4688_stops.geojson,routes_with_metadata/tld-4688_routes.geojson,stops_with_metadata/tld-4688_stops.geojson,60,25828,coordinate_average,-76.354984,40.623679,-75.91262,40.902247,-76.17531835628063,40.74918096414767
Pennsylvania__Shenango_Valley_Shuttle_Service__mdb_tld-4663,tld-4663,Shenango Valley Shuttle Service,Shenango Valley Shuttle Service,30055,,tld-4663_routes.geojson,tld-4663_stops.geojson,routes_with_metadata/tld-4663_routes.geojson,stops_with_metadata/tld-4663_stops.geojson,24,6383,coordinate_average,-80.51911,41.202144,-80.444867,41.2659,-80.48072873883743,41.232437228889076
Pennsylvania__Trans-Bridge_Lines__mdb_ntd-20169,ntd-20169,Trans-Bridge Lines,Trans-Bridge Lines,20169,,ntd-20169_routes.geojson,ntd-20169_stops.geojson,routes_with_metadata/ntd-20169_routes.geojson,stops_with_metadata/ntd-20169_stops.geojson,76,940426,coordinate_average,-75.54669,40.291768,-73.990403,40.780928,-74.74228755113002,40.662602707535434
Pennsylvania__Transit_Authority_of_Warren_County__mdb_ntd-30124,ntd-30124,Transit Authority of Warren County,Transit Authority of Warren County,30124,,ntd-30124_routes.geojson,ntd-30124_stops.geojson,routes_with_metadata/ntd-30124_routes.geojson,stops_with_metadata/ntd-30124_stops.geojson,9,6430,coordinate_average,-79.361935,41.697412,-79.021642,41.906008,-79.16759002566074,41.84121735645388
Pennsylvania__Transportation_Management_Association_of_Chester_County_(TMACC)__mdb_mdb-3130,mdb-3130,TMACC,TMACC,31043,,mdb-3130_routes.geojson,mdb-3130_stops.geojson,routes_with_metadata/mdb-3130_routes.geojson,stops_with_metadata/mdb-3130_stops.geojson,33,18715,coordinate_average,-75.983337,39.78508,-75.602058,40.016869,-75.8015075539949,39.91937052236132
Pennsylvania__Upper_Merion_Rambler__mdb_mdb-3036,mdb-3036,Greater Valley Forge TMA,Greater Valley Forge TMA,30207,,mdb-3036_routes.geojson,mdb-3036_stops.geojson,routes_with_metadata/mdb-3036_routes.geojson,stops_with_metadata/mdb-3036_stops.geojson,4,5724,coordinate_average,-75.420417,40.070658,-75.356332,40.112982,-75.39304718413736,40.09533620125787
Pennsylvania__Westmoreland_County_Transit_Authority__mdb_tld-6785,tld-6785,Westmoreland Transit,Westmoreland Transit,30044,,tld-6785_routes.geojson,tld-6785_stops.geojson,routes_with_metadata/tld-6785_routes.geojson,stops_with_metadata/tld-6785_stops.geojson,61,53114,coordinate_average,-80.005029,40.093247,-78.916384,40.621017,-79.62451811591973,40.38047384320575
Puerto_Rico__Municipality_of_Bayamon__mdb_ntd-40137,ntd-40137,Municipio de Bayamon,Municipio de Bayamon,40137,,ntd-40137_routes.geojson,ntd-40137_stops.geojson,routes_with_metadata/ntd-40137_routes.geojson,stops_with_metadata/ntd-40137_stops.geojson,6,3004,coordinate_average,-66.20946,18.294842,-66.12403,18.42667,-66.16406783488678,18.360642571904133
South_Carolina__Charleston_Area_Regional_Transportation_Authority_(CARTA)__mdb_mdb-352,mdb-352,Charleston Area Regional Transportation Authority,Charleston Area Regional Transportation Authority,40110,,mdb-352_routes.geojson,mdb-352_stops.geojson,routes_with_metadata/mdb-352_routes.geojson,stops_with_metadata/mdb-352_stops.geojson,88,39659,coordinate_average,-80.1694697150909,32.68470754553071,-79.76102042633431,32.977974284355525,-79.976442906787,32.84073956245824
South_Carolina__Fort_Sumter_and_Fort_Moultrie_National_Historical_Park__mdb_tld-6906,tld-6906,National Park Service,National Park Service,44907,,tld-6906_routes.geojson,tld-6906_stops.geojson,routes_with_metadata/tld-6906_routes.geojson,stops_with_metadata/tld-6906_stops.geojson,4,94,coordinate_average,-79.92477,32.753487,-79.875398,32.792127,-79.90507229787237,32.77897834042554
South_Carolina__Greenlink__mdb_tld-490,tld-490,Greenlink,Greenlink,40053,,tld-490_routes.geojson,tld-490_stops.geojson,routes_with_metadata/tld-490_routes.geojson,stops_with_metadata/tld-490_stops.geojson,67,27166,coordinate_average,-82.4654264,34.7042633,-82.2319465,34.9253633,-82.380704351815,34.85403656273306
South_Carolina__My_Ride_Rock_Hill__mdb_tld-6741,tld-6741,City of Rock Hill,City of Rock Hill,40270,,tld-6741_routes.geojson,tld-6741_stops.geojson,routes_with_metadata/tld-6741_routes.geojson,stops_with_metadata/tld-6741_stops.geojson,2,522,coordinate_average,-81.069600645876,34.9027350486955,-80.9560589269622,34.9779153357012,-81.01984953191045,34.940193351726954
South_Carolina__The_Comet__mdb_mdb-2209,mdb-2209,The COMET,The COMET,40141,,mdb-2209_routes.geojson,mdb-2209_stops.geojson,routes_with_metadata/mdb-2209_routes.geojson,stops_with_metadata/mdb-2209_stops.geojson,97,19876,coordinate_average,-81.174015,33.836908,-80.337619,34.159006,-80.9685665897821,34.00655800228963
South_Carolina__TriCounty_Link__mdb_ntd-40206,ntd-40206,TriCounty Link,TriCounty Link,40206,,ntd-40206_routes.geojson,ntd-40206_stops.geojson,routes_with_metadata/ntd-40206_routes.geojson,stops_with_metadata/ntd-40206_stops.geojson,44,29817,coordinate_average,-80.5750819152122,32.56933,-79.446138,33.441226,-80.00346569664985,33.045043739748074
Tennessee__Bristol_Virginia_Transit__mdb_mdb-238,mdb-238,Bristol Virginia Transit,Bristol Virginia Transit,40954,,mdb-238_routes.geojson,mdb-238_stops.geojson,routes_with_metadata/mdb-238_routes.geojson,stops_with_metadata/mdb-238_stops.geojson,7,2175,coordinate_average,-82.221396,36.593285,-82.121542,36.634829,-82.16525798142631,36.61203945135465
Tennessee__Chattanooga_Area_Regional_Transportation_Authority_(CARTA)__mdb_mdb-3474,mdb-3474,CARTA,CARTA,40001,,mdb-3474_routes.geojson,mdb-3474_stops.geojson,routes_with_metadata/mdb-3474_routes.geojson,stops_with_metadata/mdb-3474_stops.geojson,57,70180,coordinate_average,-85.33328,34.984097,-85.10985,35.13876,-85.26267592597247,35.04893652385242
Tennessee__City_of_Bristol_Tennessee__mdb_ntd-40055,ntd-40055,Bristol Tennessee Transit,Bristol Tennessee Transit,40055,,ntd-40055_routes.geojson,ntd-40055_stops.geojson,routes_with_metadata/ntd-40055_routes.geojson,stops_with_metadata/ntd-40055_stops.geojson,3,1720,coordinate_average,-82.26576,36.542221,-82.142553,36.59574,-82.20112245058144,36.57893658255815
Tennessee__City_of_Gatlinburg_Trolley__mdb_tld-6775,tld-6775,City of Gatlinburg,City of Gatlinburg,41102,,tld-6775_routes.geojson,tld-6775_stops.geojson,routes_with_metadata/tld-6775_routes.geojson,stops_with_metadata/tld-6775_stops.geojson,4,2782,coordinate_average,-83.528399,35.701903,-83.427974,35.757544,-83.49071964449996,35.72354904852638
Tennessee__City_of_Kingsport__mdb_ntd-40080,ntd-40080,Kingsport Area Transit Service,Kingsport Area Transit Service,40080,,ntd-40080_routes.geojson,ntd-40080_stops.geojson,routes_with_metadata/ntd-40080_routes.geojson,stops_with_metadata/ntd-40080_stops.geojson,5,5554,coordinate_average,-82.63603,36.50589,-82.49046,36.57653,-82.54739209578746,36.540956735685945
Tennessee__City_of_Pigeon_Forge__mdb_ntd-41136,ntd-41136,Pigeon Forge Mass Transit,Pigeon Forge Mass Transit,41136,,ntd-41136_routes.geojson,ntd-41136_stops.geojson,routes_with_metadata/ntd-41136_routes.geojson,stops_with_metadata/ntd-41136_stops.geojson,10,4082,coordinate_average,-83.633858,35.733061,-83.517788,35.838473,-83.55600413449285,35.79217153111223
Tennessee__Cleveland_Urban_Area_Transit_System__mdb_tld-7827,tld-7827,Cleveland Urban Area Transit System (CUATS),Cleveland Urban Area Transit System (CUATS),40170,,tld-7827_routes.geojson,tld-7827_stops.geojson,routes_with_metadata/tld-7827_routes.geojson,stops_with_metadata/tld-7827_stops.geojson,10,2802,coordinate_average,-84.896576,35.125871,-84.822852,35.216843,-84.86791674260533,35.171217889436505
Tennessee__Franklin_Transit_Authority__mdb_mdb-361,mdb-361,Franklin Transit,Franklin Transit,40162,,mdb-361_routes.geojson,mdb-361_stops.geojson,routes_with_metadata/mdb-361_routes.geojson,stops_with_metadata/mdb-361_stops.geojson,6,2225,coordinate_average,-86.903114,35.907344,-86.80204,35.96416,-86.840798517271,35.93402326074988
Tennessee__Jackson_Transit_Authority__mdb_mdb-2313,mdb-2313,Jackson Transit Authority,Jackson Transit Authority,40057,,mdb-2313_routes.geojson,mdb-2313_stops.geojson,routes_with_metadata/mdb-2313_routes.geojson,stops_with_metadata/mdb-2313_stops.geojson,24,5053,coordinate_average,-88.923354,35.55194,-88.771092,35.696249,-88.83146465289684,35.6464755520052
Tennessee__Johnson_City__mdb_ntd-40054,ntd-40054,JCT,JCT,40054,,ntd-40054_routes.geojson,ntd-40054_stops.geojson,routes_with_metadata/ntd-40054_routes.geojson,stops_with_metadata/ntd-40054_stops.geojson,34,7425,coordinate_average,-82.4300600546634,36.280453132418,-82.3200881373935,36.3897893661135,-82.37159684152113,36.32615096342824
Tennessee__Knoxville_Area_Transit_(KAT)__mdb_mdb-1121,mdb-1121,KAT KNOXVILLE,KAT KNOXVILLE,40002,,mdb-1121_routes.geojson,mdb-1121_stops.geojson,routes_with_metadata/mdb-1121_routes.geojson,stops_with_metadata/mdb-1121_stops.geojson,65,13911,coordinate_average,-84.105157,35.905986,-83.837512,36.044903,-83.93617862340905,35.97466162102009
Tennessee__Nashville_MTA_WeGo_Public_Transit__mdb_mdb-360,mdb-360,WeGo Public Transit,WeGo Public Transit,40159,,mdb-360_routes.geojson,mdb-360_stops.geojson,routes_with_metadata/mdb-360_routes.geojson,stops_with_metadata/mdb-360_stops.geojson,168,85213,coordinate_average,-87.38011,35.732609,-86.29583,36.526449,-86.76421794933832,36.15294605572033
Texas__Brownsville_Metro__mdb_tld-7927,tld-7927,Brownsville Metro,Brownsville Metro,60014,,tld-7927_routes.geojson,tld-7927_stops.geojson,routes_with_metadata/tld-7927_routes.geojson,stops_with_metadata/tld-7927_stops.geojson,11,7437,coordinate_average,-97.54415,25.86596,-97.40711,26.00465,-97.48730164324884,25.92724183523861
Texas__Capital_Metro__mdb_mdb-150,mdb-150,Capital Metro,Capital Metro,60048,,mdb-150_routes.geojson,mdb-150_stops.geojson,routes_with_metadata/mdb-150_routes.geojson,stops_with_metadata/mdb-150_stops.geojson,7323,3280827,coordinate_average,-97.99216,30.140348,-97.370081,30.595767,-97.73414199214689,30.280799279661544
Texas__Citibus__mdb_mdb-569,mdb-569,Citibus,Citibus,60010,,mdb-569_routes.geojson,mdb-569_stops.geojson,routes_with_metadata/mdb-569_routes.geojson,stops_with_metadata/mdb-569_stops.geojson,48,10178,coordinate_average,-101.948494,33.519718,-101.79893,33.616334,-101.87282666288777,33.58003905269595
Texas__City_of_Longview__mdb_ntd-60081,ntd-60081,Longview Transit,Longview Transit,60081,,ntd-60081_routes.geojson,ntd-60081_stops.geojson,routes_with_metadata/ntd-60081_routes.geojson,stops_with_metadata/ntd-60081_stops.geojson,6,2094,coordinate_average,-94.81886144099995,32.435833202000026,-94.69296766699996,32.55309815900006,-94.74295117852682,32.502250708714044
Texas__Dallas_Area_Rapid_Transit_(DART)__mdb_mdb-152,mdb-152,DALLAS AREA RAPID TRANSIT,DALLAS AREA RAPID TRANSIT,60056,,mdb-152_routes.geojson,mdb-152_stops.geojson,routes_with_metadata/mdb-152_routes.geojson,stops_with_metadata/mdb-152_stops.geojson,256,128419,coordinate_average,-97.33003,32.55919,-96.56091,33.08441,-96.79839094409043,32.841058006913954
Texas__El_Metro_Transit__mdb_tld-7038,tld-7038,"Laredo Transit Management Inc.,-El Metro","Laredo Transit Management Inc.,-El Metro",60048,,tld-7038_routes.geojson,tld-7038_stops.geojson,routes_with_metadata/tld-7038_routes.geojson,stops_with_metadata/tld-7038_stops.geojson,119,15093,coordinate_average,-99.54607,27.429,-99.42474,27.64722,-99.48395628597386,27.525155943258667
Texas__El_Paso_Transportation_Authority__mdb_mdb-3419,mdb-3419,El Paso Transportation Authority,El Paso Transportation Authority,60179,,mdb-3419_routes.geojson,mdb-3419_stops.geojson,routes_with_metadata/mdb-3419_routes.geojson,stops_with_metadata/mdb-3419_stops.geojson,14,3706,coordinate_average,-106.605984,31.445384,-106.084492,31.99871,-106.29134198608571,31.691733964965817
Texas__EZ_Rider__mdb_mdb-2634,mdb-2634,EZ Rider,EZ Rider,60097,,mdb-2634_routes.geojson,mdb-2634_stops.geojson,routes_with_metadata/mdb-2634_routes.geojson,stops_with_metadata/mdb-2634_stops.geojson,14,7161,coordinate_average,-102.41419,31.82952,-102.05339,32.03833,-102.229624597448,31.934309594024523
"Texas__Fort_Bend_County,_Texas__mdb_ntd-60103",ntd-60103,Fort Bend Transit,Fort Bend Transit,60103,,ntd-60103_routes.geojson,ntd-60103_stops.geojson,routes_with_metadata/ntd-60103_routes.geojson,stops_with_metadata/ntd-60103_stops.geojson,49,24594,coordinate_average,-95.82703,29.52021,-95.38084,29.752726,-95.53668783987821,29.653559246157943
Texas__Galveston_Island_Transit__mdb_mdb-2861,mdb-2861,Island Transit,Island Transit,60015,,mdb-2861_routes.geojson,mdb-2861_stops.geojson,routes_with_metadata/mdb-2861_routes.geojson,stops_with_metadata/mdb-2861_stops.geojson,50,10004,coordinate_average,-94.86281,29.25599,-94.76945,29.32668,-94.80905141109608,29.290330686845163
Texas__McKinney_Avenue_Transit_Authority__mdb_ntd-60133,ntd-60133,McKinney Avenue Transit Authority (M-Line),McKinney Avenue Transit Authority (M-Line),60133,,ntd-60133_routes.geojson,ntd-60133_stops.geojson,routes_with_metadata/ntd-60133_routes.geojson,stops_with_metadata/ntd-60133_stops.geojson,4,237,coordinate_average,-96.80403,32.78433,-96.7941,32.80943,-96.79932177215191,32.79704278481013
Texas__METRO_Houston__mdb_mdb-2060,mdb-2060,Metropolitan Transit Authority of Harris County,Metropolitan Transit Authority of Harris County,60108,,mdb-2060_routes.geojson,mdb-2060_stops.geojson,routes_with_metadata/mdb-2060_routes.geojson,stops_with_metadata/mdb-2060_stops.geojson,345,229657,coordinate_average,-95.776749,29.528543,-94.977379,30.05429,-95.40787718311051,29.777231846587153
Texas__Metro_McAllen__mdb_ntd-60099,ntd-60099,Metro McAllen,Metro McAllen,60099,,ntd-60099_routes.geojson,ntd-60099_stops.geojson,routes_with_metadata/ntd-60099_routes.geojson,stops_with_metadata/ntd-60099_stops.geojson,18,3163,coordinate_average,-98.27634,26.096101,-98.17442,26.31173,-98.23705531868455,26.219068405627596
Texas__Midland-Odessa_Urban_Transit_District__mdb_ntd-60097,ntd-60097,EZ Rider,EZ Rider,60097,,ntd-60097_routes.geojson,ntd-60097_stops.geojson,routes_with_metadata/ntd-60097_routes.geojson,stops_with_metadata/ntd-60097_stops.geojson,14,7161,coordinate_average,-102.41419,31.82952,-102.05339,32.03833,-102.229624597448,31.934309594024523
Texas__STAR_Transit__mdb_mdb-153,mdb-153,STAR Transit,STAR Transit,60114,,mdb-153_routes.geojson,mdb-153_stops.geojson,routes_with_metadata/mdb-153_routes.geojson,stops_with_metadata/mdb-153_stops.geojson,1,467,coordinate_average,-96.685003638268,32.69943,-96.613056063652,32.73414,-96.64368201239851,32.7108607284007
Texas__Texarkana_Urban_Transit_District_(T-Line_Bus)__mdb_ntd-60093,ntd-60093,T-Line,T-Line,60093,,ntd-60093_routes.geojson,ntd-60093_stops.geojson,routes_with_metadata/ntd-60093_routes.geojson,stops_with_metadata/ntd-60093_stops.geojson,8,2207,coordinate_average,-94.1310831,33.3962787,-93.996997,33.4955187,-94.06133130551741,33.446362696214294
Texas__VIA_Metropolitan_Transit__mdb_tld-217,tld-217,VIA Metropolitan Transit,VIA Metropolitan Transit,60011,,tld-217_routes.geojson,tld-217_stops.geojson,routes_with_metadata/tld-217_routes.geojson,stops_with_metadata/tld-217_stops.geojson,361,208042,coordinate_average,-98.74454,29.276575,-98.306799,29.65042,-98.51865209498459,29.458733707597663
Utah__Bryce_Canyon_National_Park_Shuttle__mdb_tld-6675,tld-6675,National Park Service,National Park Service,88233,,tld-6675_routes.geojson,tld-6675_stops.geojson,routes_with_metadata/tld-6675_routes.geojson,stops_with_metadata/tld-6675_stops.geojson,1,1181,coordinate_average,-112.17571,37.60051,-112.15396,37.67577,-112.16761767749074,37.62511718929713
Utah__Cache_Valley_Transit_District__mdb_ntd-80028,ntd-80028,CVTD Cache Valley Transit District,CVTD Cache Valley Transit District,80028,,ntd-80028_routes.geojson,ntd-80028_stops.geojson,routes_with_metadata/ntd-80028_routes.geojson,stops_with_metadata/ntd-80028_stops.geojson,28,7067,coordinate_average,-111.876674,41.627119,-111.794576,42.09624,-111.82950820193471,41.78145519366259
Utah__High_Valley_Transit__mdb_tld-7037,tld-7037,High Valley Transit,High Valley Transit,88239,,tld-7037_routes.geojson,tld-7037_stops.geojson,routes_with_metadata/tld-7037_routes.geojson,stops_with_metadata/tld-7037_stops.geojson,16,5889,coordinate_average,-111.9099,40.48876,-111.27978,40.77298,-111.54700000933948,40.69336034505019
Utah__SunTran_Utah__mdb_mdb-111,mdb-111,SunTran Utah,SunTran Utah,80026,,mdb-111_routes.geojson,mdb-111_stops.geojson,routes_with_metadata/mdb-111_routes.geojson,stops_with_metadata/mdb-111_stops.geojson,9,4270,coordinate_average,-113.67964,37.05929,-113.49087,37.18862,-113.5926221694447,37.11752151377829
Utah__Utah_Transit_Authority_(UTA)__mdb_mdb-170,mdb-170,Utah Transit Authority,Utah Transit Authority,80001,,mdb-170_routes.geojson,mdb-170_stops.geojson,routes_with_metadata/mdb-170_routes.geojson,stops_with_metadata/mdb-170_stops.geojson,213,94646,coordinate_average,-112.30457,39.97557,-111.60329,41.52831,-111.90271715569669,40.744203289848286
Utah__Ute_Tribe_Public_Transit__mdb_ntd-88200,ntd-88200,Ute Tribe Public Transit,Ute Tribe Public Transit,88200,,ntd-88200_routes.geojson,ntd-88200_stops.geojson,routes_with_metadata/ntd-88200_routes.geojson,stops_with_metadata/ntd-88200_stops.geojson,8,3751,coordinate_average,-110.07045,40.193878,-109.772613,40.53465,-109.90140993388461,40.302771271660966
Utah__Zion_National_Park__mdb_tld-6682,tld-6682,National Park Service,National Park Service,88233,,tld-6682_routes.geojson,tld-6682_stops.geojson,routes_with_metadata/tld-6682_routes.geojson,stops_with_metadata/tld-6682_stops.geojson,4,1339,coordinate_average,-113.01363,37.16657,-112.93928,37.28516,-112.97429050112038,37.22486400672142
Vermont__Amtrak_Vermonter__mdb_mdb-2297,mdb-2297,Megabus | Amtrak Ethan Allen | Amtrak Vermonter,Megabus | Amtrak Ethan Allen | Amtrak Vermonter,55463,,mdb-2297_routes.geojson,mdb-2297_stops.geojson,routes_with_metadata/mdb-2297_routes.geojson,stops_with_metadata/mdb-2297_stops.geojson,8,26725,coordinate_average,-77.00557780975745,38.89855655161711,-71.051036,44.81230127148291,-72.9430377788162,42.73155070745938
Vermont__Chittenden_County_Transportation_Authority_(CCTA)__mdb_mdb-629,mdb-629,Special Services Transportation Agency | Green Mountain Transit,Special Services Transportation Agency | Green Mountain Transit,10066,,mdb-629_routes.geojson,mdb-629_stops.geojson,routes_with_metadata/mdb-629_routes.geojson,stops_with_metadata/mdb-629_stops.geojson,71,41477,coordinate_average,-73.270073,44.249526,-72.577809,44.810363,-73.10524301841798,44.475436112778716
Vermont__Marble_Valley_Regional_Transit_District_(MVRTD)__mdb_mdb-2831,mdb-2831,The Bus (Marble Valley Regional Transit District),The Bus (Marble Valley Regional Transit District),10154,,mdb-2831_routes.geojson,mdb-2831_stops.geojson,routes_with_metadata/mdb-2831_routes.geojson,stops_with_metadata/mdb-2831_stops.geojson,30,14621,coordinate_average,-73.276188075542,43.163536000148,-72.704906,44.012229,-72.95411985063197,43.594926447971794
Vermont__Marble_Valley_Regional_Transit_District_(MVRTD)__mdb_mdb-430,mdb-430,The Bus (Marble Valley Regional Transit District),The Bus (Marble Valley Regional Transit District),10154,,mdb-430_routes.geojson,mdb-430_stops.geojson,routes_with_metadata/mdb-430_routes.geojson,stops_with_metadata/mdb-430_stops.geojson,28,12805,coordinate_average,-73.276188075542,43.163536000148,-72.755385,44.012229,-72.9668291079118,43.610124435086625
Vermont__Rockingham_MOOver__mdb_mdb-2194,mdb-2194,Rockingham MOOver | Wilmington MOOver,Rockingham MOOver | Wilmington MOOver,40929,,mdb-2194_routes.geojson,mdb-2194_stops.geojson,routes_with_metadata/mdb-2194_routes.geojson,stops_with_metadata/mdb-2194_stops.geojson,61,35005,coordinate_average,-72.951214,42.765205,-72.243882,43.704147,-72.59042599521774,43.028424431462156
Vermont__Rural_Community_Transportation_(RCT)__mdb_mdb-2882,mdb-2882,Rural Community Transportation,Rural Community Transportation,10148,,mdb-2882_routes.geojson,mdb-2882_stops.geojson,routes_with_metadata/mdb-2882_routes.geojson,stops_with_metadata/mdb-2882_stops.geojson,38,39685,coordinate_average,-73.303207,44.141062,-71.975923,44.997404,-72.38543086263313,44.53386336940132
Vermont__Vermont_Translines__mdb_mdb-450,mdb-450,Vermont Translines,Vermont Translines,11158,,mdb-450_routes.geojson,mdb-450_stops.geojson,routes_with_metadata/mdb-450_routes.geojson,stops_with_metadata/mdb-450_stops.geojson,2,13304,coordinate_average,-73.81644,42.637025,-72.957287,44.595151,-73.25994055266493,43.46521206427273
Vermont__VTrans__mdb_mdb-2884,mdb-2884,Rockingham MOOver | Wilmington MOOver,Rockingham MOOver | Wilmington MOOver,10143,,mdb-2884_routes.geojson,mdb-2884_stops.geojson,routes_with_metadata/mdb-2884_routes.geojson,stops_with_metadata/mdb-2884_stops.geojson,87,42620,coordinate_average,-73.0577934603417,42.765205,-72.243882,43.704147,-72.64507862605765,43.03763342411463
Virginia__Alexandria_Transit_Company_(DASH)__mdb_mdb-482,mdb-482,DASH,DASH,30071,,mdb-482_routes.geojson,mdb-482_stops.geojson,routes_with_metadata/mdb-482_routes.geojson,stops_with_metadata/mdb-482_stops.geojson,41,31811,coordinate_average,-77.143266,38.797661,-77.040534,38.869744,-77.08409798047869,38.82575375571303
Virginia__Altavista_Community_Transit_System__mdb_mdb-882,mdb-882,Altavista Community Transit System,Altavista Community Transit System,30157,,mdb-882_routes.geojson,mdb-882_stops.geojson,routes_with_metadata/mdb-882_routes.geojson,stops_with_metadata/mdb-882_stops.geojson,1,863,coordinate_average,-79.304575,37.10825,-79.24993,37.143884,-79.28186656393852,37.12265524591875
Virginia__Arlington_Transit__mdb_mdb-485,mdb-485,Arlington Transit ART,Arlington Transit ART,30080,,mdb-485_routes.geojson,mdb-485_stops.geojson,routes_with_metadata/mdb-485_routes.geojson,stops_with_metadata/mdb-485_stops.geojson,46,10079,coordinate_average,-77.16243,38.83904,-77.04912,38.92663,-77.09293478611028,38.873664758001546
Virginia__Bay_Transit__mdb_mdb-224,mdb-224,Bay Transit,Bay Transit,30172,,mdb-224_routes.geojson,mdb-224_stops.geojson,routes_with_metadata/mdb-224_routes.geojson,stops_with_metadata/mdb-224_stops.geojson,6,1856,coordinate_average,-76.9956049705013,37.633849,-76.570607,38.2727329583371,-76.84872637132315,37.97563145765856
Virginia__Bay_Transit__mdb_mdb-2439,mdb-2439,Bay Transit,Bay Transit,30172,,mdb-2439_routes.geojson,mdb-2439_stops.geojson,routes_with_metadata/mdb-2439_routes.geojson,stops_with_metadata/mdb-2439_stops.geojson,6,1856,coordinate_average,-76.9956049705013,37.633849,-76.570607,38.2727329583371,-76.84872637132315,37.97563145765856
Virginia__Blackstone_Area_Bus_Service__mdb_mdb-235,mdb-235,Blackstone Area Bus Service,Blackstone Area Bus Service,30184,,mdb-235_routes.geojson,mdb-235_stops.geojson,routes_with_metadata/mdb-235_routes.geojson,stops_with_metadata/mdb-235_stops.geojson,47,33913,coordinate_average,-78.55134838728915,36.746301,-77.405136,37.62747033408816,-78.0791823704318,37.08662181077637
Virginia__Charlottesville_Area_Transit_(CAT)__mdb_mdb-3493,mdb-3493,Charlottesville Area Transit,Charlottesville Area Transit,30036,,mdb-3493_routes.geojson,mdb-3493_stops.geojson,routes_with_metadata/mdb-3493_routes.geojson,stops_with_metadata/mdb-3493_stops.geojson,35,5446,coordinate_average,-78.52759,37.99898,-78.43456,38.09892,-78.48363005948488,38.04225046999973
Virginia__Danville_Transit__mdb_mdb-2440,mdb-2440,Danville Transit,Danville Transit,30069,,mdb-2440_routes.geojson,mdb-2440_stops.geojson,routes_with_metadata/mdb-2440_routes.geojson,stops_with_metadata/mdb-2440_stops.geojson,70,35352,coordinate_average,-79.462469,36.544582445115466,-79.307487,36.639065,-79.40183497641826,36.5950912836013
Virginia__Danville_Transit__mdb_tld-4145,tld-4145,Danville Transit,Danville Transit,30069,,tld-4145_routes.geojson,tld-4145_stops.geojson,routes_with_metadata/tld-4145_routes.geojson,stops_with_metadata/tld-4145_stops.geojson,34,17525,coordinate_average,-79.462469,36.544582445115466,-79.307487,36.639065,-79.40173198465311,36.595055758355855
Virginia__Fairfax_CUE_Bus_(CUE)__mdb_mdb-2885,mdb-2885,CUE Bus - City of Fairfax,CUE Bus - City of Fairfax,30058,,mdb-2885_routes.geojson,mdb-2885_stops.geojson,routes_with_metadata/mdb-2885_routes.geojson,stops_with_metadata/mdb-2885_stops.geojson,4,4276,coordinate_average,-77.33279,38.83408,-77.26194,38.88308,-77.28997943649276,38.85892213481696
Virginia__Farmville_Area_Bus__mdb_mdb-461,mdb-461,Farmville Area Bus,Farmville Area Bus,30165,,mdb-461_routes.geojson,mdb-461_stops.geojson,routes_with_metadata/mdb-461_routes.geojson,stops_with_metadata/mdb-461_stops.geojson,25,23580,coordinate_average,-78.68130207772818,37.087884,-78.338675,37.318227,-78.42021604030985,37.26317661427413
Virginia__Four_County_Transit__mdb_mdb-2308,mdb-2308,Four County Transit,Four County Transit,30174,,mdb-2308_routes.geojson,mdb-2308_stops.geojson,routes_with_metadata/mdb-2308_routes.geojson,stops_with_metadata/mdb-2308_stops.geojson,45,78693,coordinate_average,-82.760442,36.835989,-81.238897,37.420401,-81.99130225033399,37.14166307702207
Virginia__Four_County_Transit__mdb_mdb-2448,mdb-2448,Four County Transit,Four County Transit,30174,,mdb-2448_routes.geojson,mdb-2448_stops.geojson,routes_with_metadata/mdb-2448_routes.geojson,stops_with_metadata/mdb-2448_stops.geojson,45,78693,coordinate_average,-82.760442,36.835989,-81.238897,37.420401,-81.99130225033399,37.14166307702207
Virginia__Graham_Transit__mdb_mdb-611,mdb-611,Graham Transit,Graham Transit,30164,,mdb-611_routes.geojson,mdb-611_stops.geojson,routes_with_metadata/mdb-611_routes.geojson,stops_with_metadata/mdb-611_stops.geojson,5,3878,coordinate_average,-81.346136,37.22900359645102,-81.23481,37.314581,-81.28203982698848,37.259061420438755
Virginia__Greater_Lynchburg_Transit_Co__mdb_mdb-381,mdb-381,Greater Lynchburg Transit Co.,Greater Lynchburg Transit Co.,30008,,mdb-381_routes.geojson,mdb-381_stops.geojson,routes_with_metadata/mdb-381_routes.geojson,stops_with_metadata/mdb-381_stops.geojson,36,14923,coordinate_average,-79.250619,37.329144,-79.084969,37.466877,-79.16895342671938,37.40362008436133
Virginia__Greensville_Emporia_Transit__mdb_mdb-463,mdb-463,Greensville Emporia Transit,Greensville Emporia Transit,31025,,mdb-463_routes.geojson,mdb-463_stops.geojson,routes_with_metadata/mdb-463_routes.geojson,stops_with_metadata/mdb-463_stops.geojson,2,690,coordinate_average,-77.56414814200332,36.67774075808755,-77.5144,36.738011,-77.53852346927168,36.703522882018405
Virginia__Hampton_Roads_Transit_(HRT)__mdb_mdb-473,mdb-473,Hampton Roads Transit (HRT),Hampton Roads Transit (HRT),30083,,mdb-473_routes.geojson,mdb-473_stops.geojson,routes_with_metadata/mdb-473_routes.geojson,stops_with_metadata/mdb-473_stops.geojson,199,81971,coordinate_average,-76.709097,36.709841,-75.970228,37.304972,-76.32218193906351,36.930089511046575
Virginia__Jaunt__mdb_mdb-3492,mdb-3492,Jaunt,Jaunt,30045,,mdb-3492_routes.geojson,mdb-3492_stops.geojson,routes_with_metadata/mdb-3492_routes.geojson,stops_with_metadata/mdb-3492_stops.geojson,2,1248,coordinate_average,-78.50913,38.03049,-78.4421,38.13159,-78.47800694206731,38.07160869294873
Virginia__Loudoun_County_Transit__mdb_mdb-1053,mdb-1053,LCT,LCT,30081,,mdb-1053_routes.geojson,mdb-1053_stops.geojson,routes_with_metadata/mdb-1053_routes.geojson,stops_with_metadata/mdb-1053_stops.geojson,106,198621,coordinate_average,-77.636809,38.64563,-77.008959,39.41169,-77.3951282767229,38.98805823414899
Virginia__Mountain_Lynx_Transit__mdb_mdb-334,mdb-334,Mountain Lynx Transit,Mountain Lynx Transit,30123,,mdb-334_routes.geojson,mdb-334_stops.geojson,routes_with_metadata/mdb-334_routes.geojson,stops_with_metadata/mdb-334_stops.geojson,12,7344,coordinate_average,-82.009206,36.658047,-80.87263681744321,36.96736,-81.45421795142141,36.806668149911
Virginia__Petersburg_Area_Transit__mdb_mdb-2441,mdb-2441,Petersburg Area Transit,Petersburg Area Transit,30009,,mdb-2441_routes.geojson,mdb-2441_stops.geojson,routes_with_metadata/mdb-2441_routes.geojson,stops_with_metadata/mdb-2441_stops.geojson,24,12126,coordinate_average,-77.488006,37.157347,-77.28495176721923,37.498853,-77.38912822424689,37.25762278445259
Virginia__Petersburg_Area_Transit__mdb_mdb-591,mdb-591,Petersburg Area Transit,Petersburg Area Transit,30009,,mdb-591_routes.geojson,mdb-591_stops.geojson,routes_with_metadata/mdb-591_routes.geojson,stops_with_metadata/mdb-591_stops.geojson,24,12126,coordinate_average,-77.488006,37.157347,-77.28495176721923,37.498853,-77.38912822424689,37.25762278445259
Virginia__Pony_Express__mdb_mdb-828,mdb-828,Pony Express,Pony Express,30073,,mdb-828_routes.geojson,mdb-828_stops.geojson,routes_with_metadata/mdb-828_routes.geojson,stops_with_metadata/mdb-828_stops.geojson,7,2057,coordinate_average,-75.405385,37.902445,-75.352074,37.94329424374644,-75.37706562578478,37.924861070261926
Virginia__Potomac_and_Rappahannock_Transportation_Commission_(PRTC)_Omniride__mdb_mdb-1156,mdb-1156,OMNIRIDE,OMNIRIDE,30070,,mdb-1156_routes.geojson,mdb-1156_stops.geojson,routes_with_metadata/mdb-1156_routes.geojson,stops_with_metadata/mdb-1156_stops.geojson,101,101412,coordinate_average,-78.19701,38.216439,-76.9915,38.96213,-77.25105753939354,38.740629178548474
Virginia__Pulaski_Area_Transit_(PAT)__mdb_mdb-2198,mdb-2198,Pulaski Area Transit,Pulaski Area Transit,30115,,mdb-2198_routes.geojson,mdb-2198_stops.geojson,routes_with_metadata/mdb-2198_routes.geojson,stops_with_metadata/mdb-2198_stops.geojson,13,9853,coordinate_average,-80.808318,37.023849,-80.579943,37.152234,-80.72703873116548,37.07765779839052
Virginia__RADAR__mdb_mdb-2443,mdb-2443,RADAR,RADAR,30178,,mdb-2443_routes.geojson,mdb-2443_stops.geojson,routes_with_metadata/mdb-2443_routes.geojson,stops_with_metadata/mdb-2443_stops.geojson,11,10349,coordinate_average,-80.021849,36.626471869228936,-79.346865,37.82190236484298,-79.83631582307953,37.2573688882807
Virginia__RADAR__mdb_mdb-832,mdb-832,RADAR,RADAR,30178,,mdb-832_routes.geojson,mdb-832_stops.geojson,routes_with_metadata/mdb-832_routes.geojson,stops_with_metadata/mdb-832_stops.geojson,11,10349,coordinate_average,-80.021849,36.626471869228936,-79.346865,37.82190236484298,-79.83631582307953,37.2573688882807
Virginia__Radford_Transit__mdb_mdb-2415,mdb-2415,Radford Transit,Radford Transit,30200,,mdb-2415_routes.geojson,mdb-2415_stops.geojson,routes_with_metadata/mdb-2415_routes.geojson,stops_with_metadata/mdb-2415_stops.geojson,16,9471,coordinate_average,-80.590441,37.104037,-80.400693,37.233409,-80.5086373850026,37.14270704934119
Virginia__STAR_Transit__mdb_mdb-2444,mdb-2444,STAR Transit,STAR Transit,30114,,mdb-2444_routes.geojson,mdb-2444_stops.geojson,routes_with_metadata/mdb-2444_routes.geojson,stops_with_metadata/mdb-2444_stops.geojson,31,31235,coordinate_average,-76.021284,37.132005704699466,-75.357814,38.00153164367546,-75.70480220308787,37.67998726461733
Virginia__STAR_Transit__mdb_mdb-819,mdb-819,STAR Transit,STAR Transit,30114,,mdb-819_routes.geojson,mdb-819_stops.geojson,routes_with_metadata/mdb-819_routes.geojson,stops_with_metadata/mdb-819_stops.geojson,31,31235,coordinate_average,-76.021284,37.132005704699466,-75.357814,38.00153164367546,-75.70480220308787,37.67998726461733
Virginia__Valley_Metro__mdb_mdb-2274,mdb-2274,Valley Metro Roanoke,Valley Metro Roanoke,30007,,mdb-2274_routes.geojson,mdb-2274_stops.geojson,routes_with_metadata/mdb-2274_routes.geojson,stops_with_metadata/mdb-2274_stops.geojson,38,13307,coordinate_average,-80.44013,37.130953,-79.881553,37.340837,-80.05762985319886,37.261775702531125
Virginia__Virginia_Regional_Transit__mdb_mdb-2445,mdb-2445,Virginia Regional Transit,Virginia Regional Transit,30118,,mdb-2445_routes.geojson,mdb-2445_stops.geojson,routes_with_metadata/mdb-2445_routes.geojson,stops_with_metadata/mdb-2445_stops.geojson,50,30396,coordinate_average,-78.67720146493555,38.028181,-77.561462,39.144649,-78.09731702061843,38.63088751676714
Virginia__Virginia_Regional_Transit__mdb_mdb-621,mdb-621,Virginia Regional Transit,Virginia Regional Transit,30118,,mdb-621_routes.geojson,mdb-621_stops.geojson,routes_with_metadata/mdb-621_routes.geojson,stops_with_metadata/mdb-621_stops.geojson,50,30396,coordinate_average,-78.67720146493555,38.028181,-77.561462,39.144649,-78.09731702061843,38.63088751676714
Virginia__Williamsburg_Area_Transit_Authority__mdb_mdb-2649,mdb-2649,Williamsburg Area Transit Authority,Williamsburg Area Transit Authority,30076,,mdb-2649_routes.geojson,mdb-2649_stops.geojson,routes_with_metadata/mdb-2649_routes.geojson,stops_with_metadata/mdb-2649_stops.geojson,30,8470,coordinate_average,-76.826591,37.19173,-76.5186702,37.41055,-76.7113333449941,37.286768572762625
Virginia__WinTran__mdb_mdb-608,mdb-608,WinTran,WinTran,30099,,mdb-608_routes.geojson,mdb-608_stops.geojson,routes_with_metadata/mdb-608_routes.geojson,stops_with_metadata/mdb-608_stops.geojson,2,1397,coordinate_average,-78.272458,39.028482,-78.147362,39.199016,-78.18416884089078,39.16095069903706
Washington__Ben_Franklin_Transit__mdb_mdb-2122,mdb-2122,BFT,BFT,00018,,mdb-2122_routes.geojson,mdb-2122_stops.geojson,routes_with_metadata/mdb-2122_routes.geojson,stops_with_metadata/mdb-2122_stops.geojson,168,25143,coordinate_average,-119.791445684164,46.1741115852661,-119.037253666696,46.3511239797547,-119.24913241233196,46.24563837932649
Washington__City_of_Ellensburg_Public_Transit_(Central_Transit)__mdb_mdb-2456,mdb-2456,Ellensburg Central Transit,Ellensburg Central Transit,00405,,mdb-2456_routes.geojson,mdb-2456_stops.geojson,routes_with_metadata/mdb-2456_routes.geojson,stops_with_metadata/mdb-2456_stops.geojson,12,2037,coordinate_average,-120.5865677740563,46.980734,-120.52250325276952,47.02761409366289,-120.54487628323473,46.99854163134722
Washington__City_of_Pullman__mdb_ntd-294,ntd-294,Pullman Transit,Pullman Transit,00294,,ntd-294_routes.geojson,ntd-294_stops.geojson,routes_with_metadata/ntd-294_routes.geojson,stops_with_metadata/ntd-294_stops.geojson,13,4007,coordinate_average,-117.208897,46.711052,-117.1452045579534,46.758065,-117.17228197655723,46.732073619836946
Washington__Clallam_Transit_System__mdb_mdb-279,mdb-279,Clallam Transit System,Clallam Transit System,00303,,mdb-279_routes.geojson,mdb-279_stops.geojson,routes_with_metadata/mdb-279_routes.geojson,stops_with_metadata/mdb-279_stops.geojson,38,19099,coordinate_average,-124.63809,47.62318,-122.51136,48.37008,-123.59600838043458,48.05512536134943
Washington__Colville_Confederated_Tribes_Transit__mdb_mdb-2302,mdb-2302,Colville Confederated Tribes Transit,Colville Confederated Tribes Transit,00004,,mdb-2302_routes.geojson,mdb-2302_stops.geojson,routes_with_metadata/mdb-2302_routes.geojson,stops_with_metadata/mdb-2302_stops.geojson,8,4819,coordinate_average,-119.001984,48.133283,-117.90808011801523,48.62813610394389,-118.48915368370336,48.30525460272935
Washington__Community_Transit_(CT)__mdb_mdb-287,mdb-287,Community Transit | Sound Transit,Community Transit | Sound Transit,00029,,mdb-287_routes.geojson,mdb-287_stops.geojson,routes_with_metadata/mdb-287_routes.geojson,stops_with_metadata/mdb-287_stops.geojson,105,91319,coordinate_average,-122.38638,47.59215,-121.60006,48.2788,-122.18679610255192,47.90177762628774
Washington__Elwha_Transit__mdb_mdb-2307,mdb-2307,Elwha Transit,Elwha Transit,00405,,mdb-2307_routes.geojson,mdb-2307_stops.geojson,routes_with_metadata/mdb-2307_routes.geojson,stops_with_metadata/mdb-2307_stops.geojson,2,1277,coordinate_average,-123.577808,48.097487,-123.514315,48.14463048156051,-123.54451647049675,48.11958191804936
Washington__Everett_Transit__mdb_mdb-3038,mdb-3038,Everett Transit,Everett Transit,00005,,mdb-3038_routes.geojson,mdb-3038_stops.geojson,routes_with_metadata/mdb-3038_routes.geojson,stops_with_metadata/mdb-3038_stops.geojson,20,6731,coordinate_average,-122.3063812256,47.879395,-122.18376159668,48.012502,-122.22321468761892,47.948352658132215
Washington__Grant_Transit_Authority__mdb_mdb-2309,mdb-2309,Grant Transit Authority,Grant Transit Authority,00309,,mdb-2309_routes.geojson,mdb-2309_stops.geojson,routes_with_metadata/mdb-2309_routes.geojson,stops_with_metadata/mdb-2309_stops.geojson,24,7263,coordinate_average,-119.870164,46.961076,-119.03611492675118,47.390299,-119.3951385627321,47.1792046825186
Washington__Grays_Harbor_Transit__mdb_mdb-263,mdb-263,Grays Harbor Transit,Grays Harbor Transit,00314,,mdb-263_routes.geojson,mdb-263_stops.geojson,routes_with_metadata/mdb-263_routes.geojson,stops_with_metadata/mdb-263_stops.geojson,104,26196,coordinate_average,-124.29389954,46.71614838,-122.9004364,47.48051834,-123.87200472312018,47.039024899220756
Washington__Guemes_Island_Ferry__mdb_mdb-2310,mdb-2310,Guemes Island Ferry,Guemes Island Ferry,00103,,mdb-2310_routes.geojson,mdb-2310_stops.geojson,routes_with_metadata/mdb-2310_routes.geojson,stops_with_metadata/mdb-2310_stops.geojson,2,15,coordinate_average,-122.624723,48.518489,-122.623512,48.528325,-122.62400003993518,48.52236036896566
Washington__Intercity_Transit__mdb_mdb-266,mdb-266,Intercity Transit,Intercity Transit,00019,,mdb-266_routes.geojson,mdb-266_stops.geojson,routes_with_metadata/mdb-266_routes.geojson,stops_with_metadata/mdb-266_stops.geojson,203,96522,coordinate_average,-122.977107,46.933094,-122.482955,47.161458,-122.84066494550308,47.038098206876484
Washington__Island_Transit__mdb_mdb-280,mdb-280,Island Transit,Island Transit,00298,,mdb-280_routes.geojson,mdb-280_stops.geojson,routes_with_metadata/mdb-280_routes.geojson,stops_with_metadata/mdb-280_stops.geojson,67,34800,coordinate_average,-122.751868,47.931494,-122.17877,48.463732,-122.5308305350011,48.146789056823
Washington__Jefferson_Transit_Authority__mdb_mdb-838,mdb-838,Jefferson Transit Authority,Jefferson Transit Authority,00316,,mdb-838_routes.geojson,mdb-838_stops.geojson,routes_with_metadata/mdb-838_routes.geojson,stops_with_metadata/mdb-838_stops.geojson,19,8909,coordinate_average,-124.4226745,47.45798,-122.49531,48.138064,-123.01059411957536,47.953887185295564
Washington__King_County_Metro__mdb_mdb-1330,mdb-1330,Metro Transit | City of Seattle | Sound Transit | Solid Ground EZ Loop,Metro Transit | City of Seattle | Sound Transit | Solid Ground EZ Loop,00023,,mdb-1330_routes.geojson,mdb-1330_stops.geojson,routes_with_metadata/mdb-1330_routes.geojson,stops_with_metadata/mdb-1330_stops.geojson,424,166534,coordinate_average,-122.507835,47.187981,-121.784698,47.866707,-122.24648116934411,47.57198625313027
Washington__Lady_of_the_Lake__mdb_mdb-2318,mdb-2318,Lady of the Lake,Lady of the Lake,00R03,,mdb-2318_routes.geojson,mdb-2318_stops.geojson,routes_with_metadata/mdb-2318_routes.geojson,stops_with_metadata/mdb-2318_stops.geojson,2,59,coordinate_average,-120.66004314627612,47.8359985825051,-120.038486316595,48.3089419512771,-120.40085698525938,48.080148801162395
Washington__Lummi_Transit__mdb_mdb-2320,mdb-2320,Lummi Transit,Lummi Transit,00095,,mdb-2320_routes.geojson,mdb-2320_stops.geojson,routes_with_metadata/mdb-2320_routes.geojson,stops_with_metadata/mdb-2320_stops.geojson,16,9081,coordinate_average,-122.672414,48.717144,-122.478401,48.848368,-122.62505255779264,48.775320672858385
Washington__Makah_Public_Transit__mdb_mdb-2196,mdb-2196,Makah Public Transit,Makah Public Transit,00405,,mdb-2196_routes.geojson,mdb-2196_stops.geojson,routes_with_metadata/mdb-2196_routes.geojson,stops_with_metadata/mdb-2196_stops.geojson,9,2415,coordinate_average,-124.672696,48.345933,-124.582483,48.371209,-124.61662076679781,48.36239531821739
Washington__Mason_Transit_Authority__mdb_mdb-264,mdb-264,Mason Transit Authority,Mason Transit Authority,00315,,mdb-264_routes.geojson,mdb-264_stops.geojson,routes_with_metadata/mdb-264_routes.geojson,stops_with_metadata/mdb-264_stops.geojson,22,15086,coordinate_average,-123.268942,47.044065,-122.624447,47.60928292811576,-122.97521110990132,47.32903465827928
"Washington__Metro_Transit,_Intercity_Transit,_City_of_Seattle,_Community_Transit,_Pierce_Transit,_Sound_Transit,_Washington_State_Fe__mdb_mdb-1080",mdb-1080,Metro Transit | Intercity Transit | Kitsap Transit | City of Seattle | Community Transit | Pierce Transit | Sound Transit | Amtrak | Solid Ground EZ Loop | Washington State Ferries | Seattle Center Monorail | Everett Transit,Metro Transit | Intercity Transit | Kitsap Transit | City of Seattle | Community Transit | Pierce Transit | Sound Transit | Amtrak | Solid Ground EZ Loop | Washington State Ferries | Seattle Center Monorail | Everett Transit,00035,,mdb-1080_routes.geojson,mdb-1080_stops.geojson,routes_with_metadata/mdb-1080_routes.geojson,stops_with_metadata/mdb-1080_stops.geojson,1106,817535,coordinate_average,-123.397644,45.506579,-121.60006,49.273815,-122.46985037299582,47.504271808863336
Washington__Mount_Adams_Transportation_Service__mdb_mdb-580,mdb-580,Mount Adams Transportation Service,Mount Adams Transportation Service,00299,,mdb-580_routes.geojson,mdb-580_stops.geojson,routes_with_metadata/mdb-580_routes.geojson,stops_with_metadata/mdb-580_stops.geojson,13,7872,coordinate_average,-121.549486,45.596809,-120.800769,45.82298526300366,-121.20566115426584,45.683752840786184
Washington__Muckleshoot_Tribal_Transit__mdb_mdb-2326,mdb-2326,Muckleshoot Tribal Transit,Muckleshoot Tribal Transit,00333,,mdb-2326_routes.geojson,mdb-2326_stops.geojson,routes_with_metadata/mdb-2326_routes.geojson,stops_with_metadata/mdb-2326_stops.geojson,7,3286,coordinate_average,-122.24278046258154,47.228256,-122.101631,47.30654038592499,-122.17797948613988,47.27951716721093
Washington__Pacific_Transit__mdb_mdb-3112,mdb-3112,Pacific Transit,Pacific Transit,00322,,mdb-3112_routes.geojson,mdb-3112_stops.geojson,routes_with_metadata/mdb-3112_routes.geojson,stops_with_metadata/mdb-3112_stops.geojson,14,7869,coordinate_average,-124.055568,46.187015,-123.706142,46.976868,-123.88891648652869,46.553482219423195
Washington__Pahto_Public_Passage__mdb_mdb-2331,mdb-2331,Pahto Public Passage,Pahto Public Passage,00111,,mdb-2331_routes.geojson,mdb-2331_stops.geojson,routes_with_metadata/mdb-2331_routes.geojson,stops_with_metadata/mdb-2331_stops.geojson,12,16496,coordinate_average,-120.82278226764744,45.81230540178132,-120.176479,46.56431,-120.44596324759803,46.35726440595229
Washington__People_for_People_(Community_Connector)__mdb_mdb-271,mdb-271,People for People,People for People,00297,,mdb-271_routes.geojson,mdb-271_stops.geojson,routes_with_metadata/mdb-271_routes.geojson,stops_with_metadata/mdb-271_stops.geojson,30,23205,coordinate_average,-120.50159,46.19817,-117.392341,47.96613,-119.26472441345948,46.82362342809491
Washington__Pierce_County_Ferries__mdb_tld-2289,tld-2289,Pierce County Ferries,Pierce County Ferries,00371,,tld-2289_routes.geojson,tld-2289_stops.geojson,routes_with_metadata/tld-2289_routes.geojson,stops_with_metadata/tld-2289_stops.geojson,6,111,coordinate_average,-122.677278676003,47.162166,-122.6030942325874,47.18008816976317,-122.6298338788657,47.17352780358985
Washington__Pierce_Transit__mdb_mdb-265,mdb-265,Pierce Transit | Sound Transit,Pierce Transit | Sound Transit,00003,,mdb-265_routes.geojson,mdb-265_stops.geojson,routes_with_metadata/mdb-265_routes.geojson,stops_with_metadata/mdb-265_stops.geojson,104,161219,coordinate_average,-122.646237,47.05581,-122.17436,47.620507,-122.38389856995887,47.294453325154095
Washington__RiverCities_Transit_(RCT)__mdb_mdb-259,mdb-259,RiverCities Transit,RiverCities Transit,00016,,mdb-259_routes.geojson,mdb-259_stops.geojson,routes_with_metadata/mdb-259_routes.geojson,stops_with_metadata/mdb-259_stops.geojson,23,7935,coordinate_average,-123.03095340729,45.68966180034687,-122.6527,46.197063,-122.86763345096654,46.0540591699446
Washington__Rural_Resources_Community_Action__mdb_tld-5751,tld-5751,Rural Resources Community Action,Rural Resources Community Action,00286,,tld-5751_routes.geojson,tld-5751_stops.geojson,routes_with_metadata/tld-5751_routes.geojson,stops_with_metadata/tld-5751_stops.geojson,11,2880,coordinate_average,-118.09830661541687,48.237389,-117.710907,48.61426500306354,-117.9164327124459,48.50543021739692
Washington__ruralTRANSIT__mdb_mdb-822,mdb-822,ruralTRANSIT,ruralTRANSIT,00285,,mdb-822_routes.geojson,mdb-822_stops.geojson,routes_with_metadata/mdb-822_routes.geojson,stops_with_metadata/mdb-822_stops.geojson,7,5349,coordinate_average,-123.171171,46.706813,-122.604091,47.018016,-122.9174919843661,46.88077074142921
Washington__Seattle_Center_Monorail__mdb_tld-2290,tld-2290,Seattle Center Monorail,Seattle Center Monorail,00023,,tld-2290_routes.geojson,tld-2290_stops.geojson,routes_with_metadata/tld-2290_routes.geojson,stops_with_metadata/tld-2290_stops.geojson,2,46,coordinate_average,-122.3499548,47.6120461,-122.3369601,47.621283,-122.3456013,47.618339134782616
Washington__Skagit_Transit__mdb_tld-5895,tld-5895,Skagit Transit,Skagit Transit,00044,,tld-5895_routes.geojson,tld-5895_stops.geojson,routes_with_metadata/tld-5895_routes.geojson,stops_with_metadata/tld-5895_stops.geojson,69,22097,coordinate_average,-122.688409101272,47.9731221299025,-121.737527056785,48.7507704645855,-122.28307277873468,48.45555696500849
Washington__Skamania_County_Transit__mdb_mdb-262,mdb-262,Skamania County Transit,Skamania County Transit,00371,,mdb-262_routes.geojson,mdb-262_stops.geojson,routes_with_metadata/mdb-262_routes.geojson,stops_with_metadata/mdb-262_stops.geojson,11,14213,coordinate_average,-122.505458,45.559432,-121.491614,45.7442356409122,-122.08796521005644,45.630800303234004
Washington__Snoqualmie_Valley_Transportation__mdb_mdb-816,mdb-816,Snoqualmie Valley Transportation,Snoqualmie Valley Transportation,00317,,mdb-816_routes.geojson,mdb-816_stops.geojson,routes_with_metadata/mdb-816_routes.geojson,stops_with_metadata/mdb-816_stops.geojson,6,2710,coordinate_average,-121.885406,47.433137927,-121.7394248446218,47.536975,-121.803526361749,47.49838246522304
Washington__Snow_Goose_Transit__mdb_tld-5754,tld-5754,Snow Goose Transit,Snow Goose Transit,00405,,tld-5754_routes.geojson,tld-5754_stops.geojson,routes_with_metadata/tld-5754_routes.geojson,stops_with_metadata/tld-5754_stops.geojson,5,6632,coordinate_average,-122.475282,48.146817,-122.112992,48.246702,-122.28628583924224,48.21312983030574
Washington__Solid_Ground__mdb_tld-5755,tld-5755,Solid Ground,Solid Ground,88265,,tld-5755_routes.geojson,tld-5755_stops.geojson,routes_with_metadata/tld-5755_routes.geojson,stops_with_metadata/tld-5755_stops.geojson,1,326,coordinate_average,-122.347844,47.601697,-122.321879,47.617722,-122.33314239877299,47.6093868834356
"Washington__Sound_Transit,_Metro_Transit,_City_of_Seattle_-_King_County_Metro__mdb_mdb-267",mdb-267,Metro Transit | City of Seattle | Sound Transit | Solid Ground EZ Loop,Metro Transit | City of Seattle | Sound Transit | Solid Ground EZ Loop,00023,,mdb-267_routes.geojson,mdb-267_stops.geojson,routes_with_metadata/mdb-267_routes.geojson,stops_with_metadata/mdb-267_stops.geojson,424,166534,coordinate_average,-122.507835,47.1879807,-121.784698,47.8667068,-122.24648116934351,47.571986250024956
Washington__Sound_Transit__mdb_mdb-268,mdb-268,Sound Transit,Sound Transit,00040,,mdb-268_routes.geojson,mdb-268_stops.geojson,routes_with_metadata/mdb-268_routes.geojson,stops_with_metadata/mdb-268_stops.geojson,22,9727,coordinate_average,-122.499103,47.153189,-122.10744,47.97988,-122.28190561139061,47.58378736804766
Washington__Special_Mobility_Services__mdb_tld-5756,tld-5756,Special Mobility Services,Special Mobility Services,00366,,tld-5756_routes.geojson,tld-5756_stops.geojson,routes_with_metadata/tld-5756_routes.geojson,stops_with_metadata/tld-5756_stops.geojson,14,8633,coordinate_average,-118.382594,47.114968,-117.040493,48.184039,-117.48600102374517,47.730619972431256
Washington__Spokane_Transit_Authority_(STA)__mdb_mdb-290,mdb-290,Spokane Transit Authority,Spokane Transit Authority,00002,,mdb-290_routes.geojson,mdb-290_stops.geojson,routes_with_metadata/mdb-290_routes.geojson,stops_with_metadata/mdb-290_stops.geojson,263,112005,coordinate_average,-117.70572,47.476344,-117.075581,47.769256,-117.41715423332798,47.659951805694845
Washington__Squaxin_Island_Transit__mdb_mdb-2197,mdb-2197,Squaxin Island Transit,Squaxin Island Transit,00298,,mdb-2197_routes.geojson,mdb-2197_stops.geojson,routes_with_metadata/mdb-2197_routes.geojson,stops_with_metadata/mdb-2197_stops.geojson,9,2834,coordinate_average,-123.408171,47.000138,-123.08047,47.340404,-123.18086967653896,47.139037645958965
Washington__The_Moccasin_Express__mdb_mdb-2325,mdb-2325,The Moccasin Express,The Moccasin Express,00207,,mdb-2325_routes.geojson,mdb-2325_stops.geojson,routes_with_metadata/mdb-2325_routes.geojson,stops_with_metadata/mdb-2325_stops.geojson,11,6700,coordinate_average,-118.336336,47.632842,-117.411207,48.241038,-117.89374086567145,47.9017250328358
Washington__Twin_Transit__mdb_tld-5579,tld-5579,Lewis County Transit,Lewis County Transit,00364,,tld-5579_routes.geojson,tld-5579_stops.geojson,routes_with_metadata/tld-5579_routes.geojson,stops_with_metadata/tld-5579_stops.geojson,16,12164,coordinate_average,-123.014615,46.139745,-121.66852122171068,47.049978,-122.78898082233259,46.65433527964699
Washington__Union_Gap__mdb_mdb-277,mdb-277,Union Gap Transit,Union Gap Transit,00405,,mdb-277_routes.geojson,mdb-277_stops.geojson,routes_with_metadata/mdb-277_routes.geojson,stops_with_metadata/mdb-277_stops.geojson,2,756,coordinate_average,-120.52148256772128,46.536146,-120.473112,46.577715,-120.49169253724169,46.55764897211117
Washington__Valley_Transit__mdb_tld-820,tld-820,Valley Transit,Valley Transit,00064,,tld-820_routes.geojson,tld-820_stops.geojson,routes_with_metadata/tld-820_routes.geojson,stops_with_metadata/tld-820_stops.geojson,18,1459,coordinate_average,-118.399081,46.027502,-118.27491,46.087938,-118.33733064907487,46.06300784921174
Washington__Wahkiakum_on_the_Move__mdb_mdb-249,mdb-249,Wahkiakum on the Move,Wahkiakum on the Move,00371,,mdb-249_routes.geojson,mdb-249_stops.geojson,routes_with_metadata/mdb-249_routes.geojson,stops_with_metadata/mdb-249_stops.geojson,7,10870,coordinate_average,-123.804444,46.1197271434068,-122.900866,46.376895,-123.24610103775525,46.204496800086886
Washington__Washington_State_Department_of_Transportation_(WSDOT_Apple_Line)__mdb_mdb-245,mdb-245,Apple Line | Gold Line | Grape Line | Dungeness Line | Wheat Line,Apple Line | Gold Line | Grape Line | Dungeness Line | Wheat Line,00R03,,mdb-245_routes.geojson,mdb-245_stops.geojson,routes_with_metadata/mdb-245_routes.geojson,stops_with_metadata/mdb-245_stops.geojson,16,45100,coordinate_average,-123.433517456055,46.0393600463867,-117.401878356934,48.6115303039551,-119.65817345010962,47.04390973743697
Washington__Washington_State_Ferries__mdb_mdb-1331,mdb-1331,Washington State Ferries,Washington State Ferries,00035,,mdb-1331_routes.geojson,mdb-1331_stops.geojson,routes_with_metadata/mdb-1331_routes.geojson,stops_with_metadata/mdb-1331_stops.geojson,42,688,coordinate_average,-123.397644,47.305523,-122.304027,48.656769,-122.80773757122101,48.31133670930229
Washington__Washington_State_Ferries__mdb_mdb-283,mdb-283,Washington State Ferries,Washington State Ferries,00035,,mdb-283_routes.geojson,mdb-283_stops.geojson,routes_with_metadata/mdb-283_routes.geojson,stops_with_metadata/mdb-283_stops.geojson,42,688,coordinate_average,-123.397644,47.305523,-122.304027,48.656769,-122.80773757093031,48.31133670930229
Washington__Whatcom_Transportation_Authority__mdb_mdb-284,mdb-284,Whatcom Transportation Authority,Whatcom Transportation Authority,00021,,mdb-284_routes.geojson,mdb-284_stops.geojson,routes_with_metadata/mdb-284_routes.geojson,stops_with_metadata/mdb-284_stops.geojson,94,111301,coordinate_average,-122.78748,48.4174,-122.13459,49.000082,-122.47960427447869,48.820389594515206
Washington__Yakima_Transit__mdb_mdb-276,mdb-276,Yakima Transit,Yakima Transit,00006,,mdb-276_routes.geojson,mdb-276_stops.geojson,routes_with_metadata/mdb-276_routes.geojson,stops_with_metadata/mdb-276_stops.geojson,27,2968,coordinate_average,-120.63584,46.5629,-120.47505,46.62608,-120.52435602863854,46.600065760107796
West_Virginia__Country_Roads_Transit__mdb_ntd-30122,ntd-30122,Country Roads Transit,Country Roads Transit,30122,,ntd-30122_routes.geojson,ntd-30122_stops.geojson,routes_with_metadata/ntd-30122_routes.geojson,stops_with_metadata/ntd-30122_stops.geojson,3,712,coordinate_average,-80.237415,38.889144,-79.843377,39.00223068,-79.95741755738756,38.94135254026688
West_Virginia__Eastern_Panhandle_Transit_Authority__mdb_tld-4459,tld-4459,Eastern Panhandle Transit Authority,Eastern Panhandle Transit Authority,30090,,tld-4459_routes.geojson,tld-4459_stops.geojson,routes_with_metadata/tld-4459_routes.geojson,stops_with_metadata/tld-4459_stops.geojson,36,14172,coordinate_average,-78.054361,39.283918,-77.729788,39.514131,-77.92916544820756,39.41707842464
West_Virginia__Harpers_Ferry_National_Historical_Park__mdb_tld-6678,tld-6678,National Park Service,National Park Service,31015,,tld-6678_routes.geojson,tld-6678_stops.geojson,routes_with_metadata/tld-6678_routes.geojson,stops_with_metadata/tld-6678_stops.geojson,1,449,coordinate_average,-77.7587,39.31389,-77.73229,39.32257,-77.74778287305121,39.31880178173714
West_Virginia__Kanawha_Valley_Regional_Transportation_Authority__mdb_tld-5769,tld-5769,Kanawha Valley Regional Transportation Authority,Kanawha Valley Regional Transportation Authority,30001,,tld-5769_routes.geojson,tld-5769_stops.geojson,routes_with_metadata/tld-5769_routes.geojson,stops_with_metadata/tld-5769_stops.geojson,95,49922,coordinate_average,-81.856196,38.179581,-81.314665,38.53182,-81.65346993792272,38.3583403902698
West_Virginia__Mountain_Line_Transit_Authority__mdb_mdb-407,mdb-407,Mountain Line Transit Authority,Mountain Line Transit Authority,30140,,mdb-407_routes.geojson,mdb-407_stops.geojson,routes_with_metadata/mdb-407_routes.geojson,stops_with_metadata/mdb-407_stops.geojson,95,125147,coordinate_average,-80.33842,39.32921,-79.83268,40.49943,-80.06656867188303,39.82080868498726
West_Virginia__New_River_Transit_Authority__mdb_tld-6713,tld-6713,City of Beckley (New River Transit),City of Beckley (New River Transit),30199,,tld-6713_routes.geojson,tld-6713_stops.geojson,routes_with_metadata/tld-6713_routes.geojson,stops_with_metadata/tld-6713_stops.geojson,14,10323,coordinate_average,-81.540526,37.561453,-81.103814,38.05761,-81.22699551460907,37.792966075698175
Wisconsin__Beloit_Transit_System__mdb_tld-77,tld-77,Beloit Transit,Beloit Transit,50109,,tld-77_routes.geojson,tld-77_stops.geojson,routes_with_metadata/tld-77_routes.geojson,stops_with_metadata/tld-77_stops.geojson,7,4138,coordinate_average,-89.071095,42.496047,-88.9694051,42.730104,-89.02678304726946,42.553230853506
Wisconsin__Central_Transportation__mdb_tld-4757,tld-4757,Central Transportation,Central Transportation,55416,,tld-4757_routes.geojson,tld-4757_stops.geojson,routes_with_metadata/tld-4757_routes.geojson,stops_with_metadata/tld-4757_stops.geojson,7,3318,coordinate_average,-89.594387,44.491509,-89.498778,44.543127,-89.55806717061483,44.52026238734176
Wisconsin__Fond_du_Lac_Area_Transit__mdb_tld-7929,tld-7929,Fond du Lac,Fond du Lac,55379,,tld-7929_routes.geojson,tld-7929_stops.geojson,routes_with_metadata/tld-7929_routes.geojson,stops_with_metadata/tld-7929_stops.geojson,8,3472,coordinate_average,-88.48617,43.738107957,-88.38513,43.79615,-88.44180397502024,43.774410270833044
Wisconsin__GO_Transit__mdb_mdb-397,mdb-397,GO Transit (City of Oshkosh),GO Transit (City of Oshkosh),50009,,mdb-397_routes.geojson,mdb-397_stops.geojson,routes_with_metadata/mdb-397_routes.geojson,stops_with_metadata/mdb-397_stops.geojson,16,2991,coordinate_average,-88.61645520506792,43.98166,-88.520371,44.068505,-88.55649470820336,44.02780862145675
Wisconsin__Janesville_Transit_System__mdb_mdb-393,mdb-393,Janesville Transit System,Janesville Transit System,50108,,mdb-393_routes.geojson,mdb-393_stops.geojson,routes_with_metadata/mdb-393_routes.geojson,stops_with_metadata/mdb-393_stops.geojson,15,4484,coordinate_average,-89.061789,42.496522,-88.9732054621677,42.7297657276807,-89.02346481542345,42.65983056457565
Wisconsin__Metro_Ride__mdb_mdb-830,mdb-830,Metro Ride,Metro Ride,50091,,mdb-830_routes.geojson,mdb-830_stops.geojson,routes_with_metadata/mdb-830_routes.geojson,stops_with_metadata/mdb-830_stops.geojson,30,9560,coordinate_average,-89.681155,44.930342,-89.59730548608059,45.002913,-89.63327903349256,44.96494037865641
Wisconsin__Metro_Transit_-_City_of_Madison__mdb_mdb-394,mdb-394,Metro Transit-City of Madison,Metro Transit-City of Madison,50005,,mdb-394_routes.geojson,mdb-394_stops.geojson,routes_with_metadata/mdb-394_routes.geojson,stops_with_metadata/mdb-394_stops.geojson,184,179656,coordinate_average,-89.56455,42.98532,-89.206269,43.198851,-89.40735125795061,43.069401046505476
Wisconsin__Ryde_Racine__mdb_mdb-2246,mdb-2246,Ryde Racine,Ryde Racine,50006,,mdb-2246_routes.geojson,mdb-2246_stops.geojson,routes_with_metadata/mdb-2246_routes.geojson,stops_with_metadata/mdb-2246_stops.geojson,80,24914,coordinate_average,-87.95962,42.680742,-87.78192,42.78671,-87.8265475901899,42.71976429433219
Wisconsin__Shoreline_Metro__mdb_mdb-399,mdb-399,Shoreline Metro,Shoreline Metro,50088,,mdb-399_routes.geojson,mdb-399_stops.geojson,routes_with_metadata/mdb-399_routes.geojson,stops_with_metadata/mdb-399_stops.geojson,11,2960,coordinate_average,-87.8251834309325,43.70188,-87.70403,43.782978,-87.75627557760372,43.7400076669501
Wisconsin__Valley_Transit_(WI)__mdb_mdb-2069,mdb-2069,Valley Transit,Valley Transit,55366,,mdb-2069_routes.geojson,mdb-2069_stops.geojson,routes_with_metadata/mdb-2069_routes.geojson,stops_with_metadata/mdb-2069_stops.geojson,42,7298,coordinate_average,-88.495233,44.15416,-88.265801,44.318655,-88.40609929984814,44.251989191267555
Wyoming__Southern_Teton_Area_Rapid_Transit_(START_Bus)__mdb_ntd-80188,ntd-80188,START Bus,START Bus,80188,,ntd-80188_routes.geojson,ntd-80188_stops.geojson,routes_with_metadata/ntd-80188_routes.geojson,stops_with_metadata/ntd-80188_stops.geojson,14,19656,coordinate_average,-111.1135695,43.0305082,-110.72006,43.723106,-110.85732933604633,43.46806668099234
Wyoming__Wind_River_Transportation_Authority__mdb_ntd-80121,ntd-80121,Wind River Transportation Authority,Wind River Transportation Authority,80121,,ntd-80121_routes.geojson,ntd-80121_stops.geojson,routes_with_metadata/ntd-80121_routes.geojson,stops_with_metadata/ntd-80121_stops.geojson,9,8282,coordinate_average,-109.6186511,42.8301761,-108.3768247,43.526989,-108.68423839049817,43.025009037472095
