feed_id,agency_names,state_hint,ntd_id,ntd_agency,ntd_state,match_method,match_score,route_count,trip_count,shape_count,stop_count,ntd_agency_voms,ntd_total_facilities,ntd_passenger_stations_terminals,ntd_maintenance_facilities,service_area_sq_miles,service_area_population,tam_tier,routes_file,stops_file
Alabama__Huntsville_Shuttle__mdb_mdb-2081,AL_Huntsville,Alabama,40071,"City of Huntsville, Alabama, dba: Huntsville Transit",AL,manual_override,100.0,12,1221,13,383,36.0,4.0,1.0,1.0,68.0,143441.0,Tier II,routes/Alabama__Huntsville_Shuttle__mdb_mdb-2081_routes.geojson,stops/Alabama__Huntsville_Shuttle__mdb_mdb-2081_stops.geojson
Alabama__Montgomery_Transit__mdb_mdb-338,Montgomery Transit,Alabama,40044,"City of Montgomery, dba: The M Transit",AL,manual_override,100.0,14,666,23,1841,25.0,3.0,2.0,0.0,135.0,205764.0,Tier II,routes/Alabama__Montgomery_Transit__mdb_mdb-338_routes.geojson,stops/Alabama__Montgomery_Transit__mdb_mdb-338_stops.geojson
Alabama__Tuscaloosa_Transit_Authority__mdb_tld-7046,Tuscaloosa Transit Authority,Alabama,40045,"Tuscaloosa County Parking and Transit Authority, dba: Tuscaloosa Transit Authority",AL,manual_override,100.0,7,188,13,224,15.0,2.0,0.0,1.0,171.0,136487.0,Tier II,routes/Alabama__Tuscaloosa_Transit_Authority__mdb_tld-7046_routes.geojson,stops/Alabama__Tuscaloosa_Transit_Authority__mdb_tld-7046_stops.geojson
Alaska__Anchorage_People_Mover__mdb_mdb-225,Municipality of Anchorage People Mover,Alaska,00012,Municipality of Anchorage,AK,manual_override,100.0,15,3168,48,682,186.0,6.0,1.0,2.0,77.0,291247.0,Tier I (Non-Fixed Route VOMS),routes/Alaska__Anchorage_People_Mover__mdb_mdb-225_routes.geojson,stops/Alaska__Anchorage_People_Mover__mdb_mdb-225_stops.geojson
Alaska__Capital_Transit__mdb_mdb-294,Capital Transit,Alaska,00391,"City and Borough of Juneau, dba: Capital Transit",AK,manual_override,100.0,8,411,22,148,20.0,3.0,2.0,0.0,,,Tier II,routes/Alaska__Capital_Transit__mdb_mdb-294_routes.geojson,stops/Alaska__Capital_Transit__mdb_mdb-294_stops.geojson
Alaska__Inter-Island_Ferry__mdb_mdb-243,Inter-Island Ferry Authority,Alaska,00382,Inter-Island Ferry Authority,AK,manual_override,100.0,1,2,2,2,1.0,3.0,2.0,0.0,,,Tier II,routes/Alaska__Inter-Island_Ferry__mdb_mdb-243_routes.geojson,stops/Alaska__Inter-Island_Ferry__mdb_mdb-243_stops.geojson
Alaska__Ketchikan_Gateway_Borough__mdb_mdb-244,Airport Ferry | The Bus - Ketchikan Gateway Borough,Alaska,00358,"Ketchikan Gateway Borough, dba: The Bus",AK,manual_override,100.0,4,280,14,164,11.0,1.0,0.0,0.0,,,Tier II,routes/Alaska__Ketchikan_Gateway_Borough__mdb_mdb-244_routes.geojson,stops/Alaska__Ketchikan_Gateway_Borough__mdb_mdb-244_stops.geojson
Arizona__Bisbee_Bus__mdb_mdb-2857,Bisbee Bus,Arizona,91121,"City of Bisbee, dba: City of Bisbee/ Bisbee Bus",AZ,manual_override,100.0,1,14,4,35,3.0,0.0,0.0,0.0,,,Tier II,routes/Arizona__Bisbee_Bus__mdb_mdb-2857_routes.geojson,stops/Arizona__Bisbee_Bus__mdb_mdb-2857_stops.geojson
Arizona__Bullhead_Area_Transit_System__mdb_mdb-109,Bullhead Area Transit System,Arizona,91037,"City of Bullhead, dba: Bullhead Area Transit System",AZ,manual_override,100.0,4,80,4,70,13.0,0.0,0.0,0.0,28.0,41348.0,Tier II,routes/Arizona__Bullhead_Area_Transit_System__mdb_mdb-109_routes.geojson,stops/Arizona__Bullhead_Area_Transit_System__mdb_mdb-109_stops.geojson
Arizona__City_of_Sierra_Vista__mdb_tld-679,Vista Transit,Arizona,90239,"City of Sierra Vista, dba: Vista Transit",AZ,manual_override,100.0,3,68,3,45,7.0,1.0,1.0,0.0,152.0,45308.0,Tier II,routes/Arizona__City_of_Sierra_Vista__mdb_tld-679_routes.geojson,stops/Arizona__City_of_Sierra_Vista__mdb_tld-679_stops.geojson
Arizona__Cottonwood_Area_Transit_(CAT)__mdb_mdb-158,Cottonwood Area Transit,Arizona,91010,"City of Cottonwood, dba: Cottonwood Area Transit",AZ,manual_override,100.0,5,106,5,127,9.0,1.0,0.0,0.0,,,Tier II,routes/Arizona__Cottonwood_Area_Transit_(CAT)__mdb_mdb-158_routes.geojson,stops/Arizona__Cottonwood_Area_Transit_(CAT)__mdb_mdb-158_stops.geojson
Arizona__Grand_Canyon_National_Park__mdb_mdb-1905,National Park Service,Arizona,99468,Jewish Family Service of San Diego,CA,manual_override,100.0,5,422,5,36,,0.0,0.0,0.0,,,Tier II,routes/Arizona__Grand_Canyon_National_Park__mdb_mdb-1905_routes.geojson,stops/Arizona__Grand_Canyon_National_Park__mdb_mdb-1905_stops.geojson
Arizona__Maricopa_Express_Transit__mdb_tld-6743,Maricopa Express Transit,Arizona,91106,"City of Maricopa, dba: Maricopa Express Transit",AZ,manual_override,100.0,1,8,1,10,6.0,0.0,0.0,0.0,43.0,71022.0,Tier II,routes/Arizona__Maricopa_Express_Transit__mdb_tld-6743_routes.geojson,stops/Arizona__Maricopa_Express_Transit__mdb_tld-6743_stops.geojson
Arizona__Mountain_Line_Transit__mdb_mdb-1979,Mountain Line,Arizona,90219,"Northern Arizona Intergovernmental Public Transportation Authority, dba: Mountain Line",AZ,manual_override,100.0,11,1538,16,187,33.0,2.0,0.0,1.0,29.0,79802.0,Tier II,routes/Arizona__Mountain_Line_Transit__mdb_mdb-1979_routes.geojson,stops/Arizona__Mountain_Line_Transit__mdb_mdb-1979_stops.geojson
Arizona__Regional_Transportation_Authority_of_Pima_County__mdb_ntd-91122,Regional Transportation Authority of Pima County,Arizona,91122,Regional Transportation Authority of Pima County,AZ,manual_override,100.0,16,168,23,302,58.0,0.0,0.0,0.0,9189.0,1080300.0,Tier II,routes/Arizona__Regional_Transportation_Authority_of_Pima_County__mdb_ntd-91122_routes.geojson,stops/Arizona__Regional_Transportation_Authority_of_Pima_County__mdb_ntd-91122_stops.geojson
Arizona__Valley_Metro_(VM)__mdb_mdb-147,Valley Metro | Phoenix Sky Harbor International Airport,Arizona,90209,"Valley Metro Rail, Inc.",AZ,manual_override,100.0,112,18157,595,8027,37.0,75.0,60.0,1.0,47.0,500031.0,Tier I (Rail),routes/Arizona__Valley_Metro_(VM)__mdb_mdb-147_routes.geojson,stops/Arizona__Valley_Metro_(VM)__mdb_mdb-147_stops.geojson
Arizona__Yuma_County_Intergovernmental_Public_Transportation_Authority_(YCIPTA)__mdb_mdb-17,Yuma County Intergovernmental Public Transportation Authority,Arizona,90233,"Yuma County Intergovernmental Public Transportation Authority, dba: Yuma County Area Transit",AZ,manual_override,100.0,10,174,23,427,55.0,0.0,0.0,0.0,78.0,203881.0,Tier II,routes/Arizona__Yuma_County_Intergovernmental_Public_Transportation_Authority_(YCIPTA)__mdb_mdb-17_routes.geojson,stops/Arizona__Yuma_County_Intergovernmental_Public_Transportation_Authority_(YCIPTA)__mdb_mdb-17_stops.geojson
Arkansas__City_of_Fort_Smith__mdb_ntd-60086,City of Fort Smith Transit,Arkansas,60086,"City of Fort Smith, dba: Fort Smith Transit",AR,manual_override,100.0,7,147,15,409,10.0,4.0,1.0,2.0,65.0,86209.0,Tier II,routes/Arkansas__City_of_Fort_Smith__mdb_ntd-60086_routes.geojson,stops/Arkansas__City_of_Fort_Smith__mdb_ntd-60086_stops.geojson
Arkansas__Eureka_Springs_Transit__mdb_ntd-60161,Eureka Springs Transit,Arkansas,60257,"Area Agency on Aging of Western Arkansas, Inc., dba: Western Transit System",AR,manual_override,100.0,5,276,4,122,30.0,0.0,0.0,0.0,,,Tier II,routes/Arkansas__Eureka_Springs_Transit__mdb_ntd-60161_routes.geojson,stops/Arkansas__Eureka_Springs_Transit__mdb_ntd-60161_stops.geojson
Arkansas__Ozark_Regional_Transit__mdb_tld-4470,Ozark Regional Transit,Arkansas,60072,Ozark Regional Transit,AR,manual_override,100.0,13,308,14,668,26.0,4.0,0.0,3.0,3253.0,467570.0,Tier II,routes/Arkansas__Ozark_Regional_Transit__mdb_tld-4470_routes.geojson,stops/Arkansas__Ozark_Regional_Transit__mdb_tld-4470_stops.geojson
California__Alameda-Contra_Costa_Transit_District_(AC_Transit)__mdb_mdb-2455,AC TRANSIT,California,90014,"Alameda-Contra Costa Transit District, dba: AC Transit",CA,manual_override,100.0,123,13695,320,4692,619.0,75.0,63.0,4.0,364.0,1586454.0,Tier I (Fixed Route VOMS),routes/California__Alameda-Contra_Costa_Transit_District_(AC_Transit)__mdb_mdb-2455_routes.geojson,stops/California__Alameda-Contra_Costa_Transit_District_(AC_Transit)__mdb_mdb-2455_stops.geojson
California__Altamont_Corridor_Express__mdb_mdb-2684,Altamont Corridor Express,California,90182,Altamont Corridor Express,CA,manual_override,100.0,1,44,2,10,28.0,40.0,11.0,3.0,28.0,4336475.0,Tier I (Rail),routes/California__Altamont_Corridor_Express__mdb_mdb-2684_routes.geojson,stops/California__Altamont_Corridor_Express__mdb_mdb-2684_stops.geojson
California__Amador_Transit__mdb_mdb-92,Amador Transit,California,91000,Amador Transit,CA,manual_override,100.0,4,22,7,86,17.0,2.0,1.0,0.0,,,Tier II,routes/California__Amador_Transit__mdb_mdb-92_routes.geojson,stops/California__Amador_Transit__mdb_mdb-92_stops.geojson
California__Amtrak__mdb_mdb-11,Temporary Amtrak Chartered Vehicle | Roadrunner Shuttle | Via Rail Canada | Route 66 Express | Alvand Transportation | Amtrak Chartered Vehicle | Arrow Trailways | Vegas Airporter | Executive Transportation | Stagecoach Express | Amtrak Chartered Motorcoach | The Lift | Beeline Express | Coach Usa | Shore Line East | Amtrak | Sunway Charters | MARC | FLIX,California,99469,Full Access & Coordinated Transportation Inc.,CA,manual_override,100.0,60,2913,150,645,,0.0,0.0,0.0,,,Tier II,routes/California__Amtrak__mdb_mdb-11_routes.geojson,stops/California__Amtrak__mdb_mdb-11_stops.geojson
California__Amtrak_San_Joaquins__mdb_mdb-2295,Gold Runner,California,99470,Travelers' Aid Society Of San Diego,CA,manual_override,100.0,1,14,4,31,,0.0,0.0,0.0,,,,routes/California__Amtrak_San_Joaquins__mdb_mdb-2295_routes.geojson,stops/California__Amtrak_San_Joaquins__mdb_mdb-2295_stops.geojson
California__Arcadia_Transit__mdb_mdb-2243,City of Arcadia,California,90044,"City of Arcadia, dba: Arcadia Transit",CA,manual_override,100.0,3,164,5,85,14.0,0.0,0.0,0.0,11.0,56697.0,Tier II,routes/California__Arcadia_Transit__mdb_mdb-2243_routes.geojson,stops/California__Arcadia_Transit__mdb_mdb-2243_stops.geojson
California__Auburn_Transit__mdb_mdb-2275,Auburn Transit,California,91032,"City of Auburn, dba: Auburn Transit",CA,manual_override,100.0,3,8,1,57,6.0,0.0,0.0,0.0,,,Tier II,routes/California__Auburn_Transit__mdb_mdb-2275_routes.geojson,stops/California__Auburn_Transit__mdb_mdb-2275_stops.geojson
California__Baldwin_Park_Transit__mdb_mdb-2247,"Baldwin Park, CA",California,90251,"City of Baldwin Park, dba: Baldwin Park Transit",CA,manual_override,100.0,13,103,4,124,8.0,2.0,0.0,0.0,7.0,76056.0,Tier II,routes/California__Baldwin_Park_Transit__mdb_mdb-2247_routes.geojson,stops/California__Baldwin_Park_Transit__mdb_mdb-2247_stops.geojson
California__Bay_Area_Rapid_Transit_(BART)__mdb_mdb-53,Bay Area Rapid Transit,California,90003,"San Francisco Bay Area Rapid Transit District, dba: SF BART",CA,manual_override,100.0,14,4417,28,287,582.0,148.0,52.0,26.0,80.0,867725.0,Tier I (Rail),routes/California__Bay_Area_Rapid_Transit_(BART)__mdb_mdb-53_routes.geojson,stops/California__Bay_Area_Rapid_Transit_(BART)__mdb_mdb-53_stops.geojson
California__Beach_Cities_Transit__mdb_mdb-1999,Beach Cities Transit,California,90214,"City of Redondo Beach, dba: Beach Cities Transit",CA,manual_override,100.0,2,247,5,202,17.0,5.0,2.0,1.0,13.0,67233.0,Tier II,routes/California__Beach_Cities_Transit__mdb_mdb-1999_routes.geojson,stops/California__Beach_Cities_Transit__mdb_mdb-1999_stops.geojson
California__Beaumont_Transit__mdb_mdb-106,Beaumont Transit,California,99478,Redwood Coast Transit Authority-Intercity,CA,manual_override,100.0,9,170,31,151,,0.0,0.0,0.0,,,,routes/California__Beaumont_Transit__mdb_mdb-106_routes.geojson,stops/California__Beaumont_Transit__mdb_mdb-106_stops.geojson
California__Big_Blue_Bus__mdb_mdb-37,Big Blue Bus,California,90008,"City of Santa Monica, dba: Big Blue Bus",CA,manual_override,100.0,17,3277,46,901,162.0,4.0,0.0,3.0,69.0,1022273.0,Tier I (Fixed Route VOMS),routes/California__Big_Blue_Bus__mdb_mdb-37_routes.geojson,stops/California__Big_Blue_Bus__mdb_mdb-37_stops.geojson
California__Blossom_Express__mdb_mdb-236,Blossom Express,California,91089,"Tehama County, dba: Tehama Rural Area Express",CA,manual_override,100.0,1,4,1,23,14.0,3.0,2.0,0.0,,,Tier II,routes/California__Blossom_Express__mdb_mdb-236_routes.geojson,stops/California__Blossom_Express__mdb_mdb-236_stops.geojson
California__BurbankBus__mdb_mdb-2149,Burbank Bus,California,99444,"Bob Hope Airport, dba: Hollywood Burbank Airport",CA,manual_override,100.0,2,99,2,47,,1.0,1.0,0.0,,,Tier II,routes/California__BurbankBus__mdb_mdb-2149_routes.geojson,stops/California__BurbankBus__mdb_mdb-2149_stops.geojson
California__Butte_Regional_Transit_(B-Line)__mdb_ntd-90208,B-Line,California,90208,"Butte County Association of Governments, dba: Butte Regional Transit/B-Line",CA,manual_override,100.0,20,1347,45,483,37.0,3.0,2.0,0.0,186.0,165947.0,Tier II,routes/California__Butte_Regional_Transit_(B-Line)__mdb_ntd-90208_routes.geojson,stops/California__Butte_Regional_Transit_(B-Line)__mdb_ntd-90208_stops.geojson
California__Calaveras_Transit__mdb_mdb-93,Calaveras Connect,California,99442,"Calaveras Transit Agency, dba: Calaveras Connect",CA,manual_override,100.0,6,36,6,38,11.0,0.0,0.0,0.0,,,Tier II,routes/California__Calaveras_Transit__mdb_mdb-93_routes.geojson,stops/California__Calaveras_Transit__mdb_mdb-93_stops.geojson
California__Caltrain__mdb_mdb-54,Caltrain,California,90134,"Peninsula Corridor Joint Powers Board, dba: Caltrain",CA,manual_override,100.0,5,260,18,106,72.0,83.0,31.0,3.0,425.0,3632769.0,Tier I (Rail),routes/California__Caltrain__mdb_mdb-54_routes.geojson,stops/California__Caltrain__mdb_mdb-54_stops.geojson
California__Camarillo_Area_Transit__mdb_mdb-2234,Camarillo Area Transit,California,90163,"City of Camarillo, dba: Camarillo Area Transit",CA,manual_override,100.0,2,56,9,32,18.0,0.0,0.0,0.0,20.0,72974.0,Tier II,routes/California__Camarillo_Area_Transit__mdb_mdb-2234_routes.geojson,stops/California__Camarillo_Area_Transit__mdb_mdb-2234_stops.geojson
California__Capitol_Corridor_Joint_Powers_Authority_(Capitol_Corridor)__mdb_mdb-74,Capitol Corridor Joint Powers Authority,California,90304,Riverfront Joint Powers Authority,CA,manual_override,100.0,3,116,15,23,0.0,0.0,0.0,0.0,,,,routes/California__Capitol_Corridor_Joint_Powers_Authority_(Capitol_Corridor)__mdb_mdb-74_routes.geojson,stops/California__Capitol_Corridor_Joint_Powers_Authority_(Capitol_Corridor)__mdb_mdb-74_stops.geojson
California__Catalina_Express__mdb_mdb-299,Catalina Express,California,91089,"Tehama County, dba: Tehama Rural Area Express",CA,manual_override,100.0,6,28,6,4,14.0,3.0,2.0,0.0,,,Tier II,routes/California__Catalina_Express__mdb_mdb-299_routes.geojson,stops/California__Catalina_Express__mdb_mdb-299_stops.geojson
California__Cerritos_On_Wheels__mdb_tld-4667,City of Cerritos,California,90259,"City of Cerritos, dba: Cerritos Transit Services",CA,manual_override,100.0,2,42,6,21,16.0,0.0,0.0,0.0,9.0,49578.0,Tier II,routes/California__Cerritos_On_Wheels__mdb_tld-4667_routes.geojson,stops/California__Cerritos_On_Wheels__mdb_tld-4667_stops.geojson
California__City_of_Banning_Transit__mdb_mdb-220,City of Banning Transit,California,91027,"City of Arvin, dba: Arvin Transit",CA,manual_override,100.0,2,243,11,92,4.0,2.0,0.0,1.0,,,Tier II,routes/California__City_of_Banning_Transit__mdb_mdb-220_routes.geojson,stops/California__City_of_Banning_Transit__mdb_mdb-220_stops.geojson
California__City_of_Camarillo__mdb_ntd-90163,Gold Coast Transit District | Thousand Oaks Transit | VCTC Intercity | Kanan Shuttle | Moorpark City Transit | Ojai Trolley | Valley Express Transit Service | Simi Valley Transit | Camarillo Area Transit,California,90163,"City of Camarillo, dba: Camarillo Area Transit",CA,manual_override,100.0,57,2029,137,1325,18.0,0.0,0.0,0.0,20.0,72974.0,Tier II,routes/California__City_of_Camarillo__mdb_ntd-90163_routes.geojson,stops/California__City_of_Camarillo__mdb_ntd-90163_stops.geojson
California__City_of_Irvine__mdb_tld-6724,City of Irvine (LAZ Parking),California,99470,Travelers' Aid Society Of San Diego,CA,manual_override,100.0,1,8,2,85,,0.0,0.0,0.0,,,,routes/California__City_of_Irvine__mdb_tld-6724_routes.geojson,stops/California__City_of_Irvine__mdb_tld-6724_stops.geojson
California__City_of_San_Luis_Obispo_Transit__mdb_mdb-44,City of San Luis Obispo Transit,California,90156,"City of San Luis Obispo, dba: SLO Transit",CA,manual_override,100.0,11,171,13,165,18.0,1.0,0.0,1.0,28.0,47063.0,Tier II,routes/California__City_of_San_Luis_Obispo_Transit__mdb_mdb-44_routes.geojson,stops/California__City_of_San_Luis_Obispo_Transit__mdb_mdb-44_stops.geojson
California__City_of_Santa_Clarita_Transit__mdb_tld-1256,Santa Clarita Transit,California,90171,"City of Santa Clarita, dba: Santa Clarita Transit",CA,manual_override,100.0,38,977,108,727,88.0,11.0,6.0,0.0,89.0,294090.0,Tier II,routes/California__City_of_Santa_Clarita_Transit__mdb_tld-1256_routes.geojson,stops/California__City_of_Santa_Clarita_Transit__mdb_tld-1256_stops.geojson
California__City_of_Tracy_(TRACER)__mdb_mdb-3099,TRACER Bus Service,California,90197,"City of Tracy, dba: TRACER",CA,manual_override,100.0,13,159,21,276,15.0,1.0,1.0,0.0,20.0,93000.0,Tier II,routes/California__City_of_Tracy_(TRACER)__mdb_mdb-3099_routes.geojson,stops/California__City_of_Tracy_(TRACER)__mdb_mdb-3099_stops.geojson
California__Clovis_Transit__mdb_mdb-2894,City of Clovis,California,90313,"City of Clovis, dba: Clovis Transit",CA,manual_override,100.0,8,16,8,253,35.0,2.0,1.0,0.0,87.0,445954.0,Tier II,routes/California__Clovis_Transit__mdb_mdb-2894_routes.geojson,stops/California__Clovis_Transit__mdb_mdb-2894_stops.geojson
California__Commerce_Municipal_Bus_Lines__mdb_mdb-994,City Of Commerce Transit,California,90043,"City of Commerce, dba: City of Commerce Transit",CA,manual_override,100.0,7,120,7,225,14.0,2.0,1.0,0.0,11.0,12997.0,Tier II,routes/California__Commerce_Municipal_Bus_Lines__mdb_mdb-994_routes.geojson,stops/California__Commerce_Municipal_Bus_Lines__mdb_mdb-994_stops.geojson
California__Commute.org_San_Mateo_County_Shuttles__mdb_mdb-61,SamTrans | Commute.org Shuttles,California,99451,City of San Fernando,CA,manual_override,100.0,20,249,68,254,,1.0,0.0,1.0,,,Tier II,routes/California__Commute.org_San_Mateo_County_Shuttles__mdb_mdb-61_routes.geojson,stops/California__Commute.org_San_Mateo_County_Shuttles__mdb_mdb-61_stops.geojson
California__Corona_Cruiser__mdb_mdb-104,Corona Cruiser,California,,,,none,0.0,2,81,10,182,,,,,,,,routes/California__Corona_Cruiser__mdb_mdb-104_routes.geojson,stops/California__Corona_Cruiser__mdb_mdb-104_stops.geojson
California__County_Connection_(CCCTA)__mdb_mdb-2421,County Connection,California,91005,"Madera County, dba: Madera County Connection",CA,manual_override,100.0,51,1553,106,1222,9.0,0.0,0.0,0.0,181.0,144484.0,Tier II,routes/California__County_Connection_(CCCTA)__mdb_mdb-2421_routes.geojson,stops/California__County_Connection_(CCCTA)__mdb_mdb-2421_stops.geojson
California__Dana_Point_Trolley__mdb_mdb-2361,Dana Point,California,90131,"City of Scottsdale, dba: Scottsdale Trolley",AZ,manual_override,100.0,4,2,4,51,12.0,2.0,0.0,0.0,36.0,159329.0,Tier II,routes/California__Dana_Point_Trolley__mdb_mdb-2361_routes.geojson,stops/California__Dana_Point_Trolley__mdb_mdb-2361_stops.geojson
California__Delano_Area_Rapid_Transit__mdb_mdb-320,Delano Area Rapid Transit,California,90238,"City of Delano, dba: Delano Area Rapid Transit",CA,manual_override,100.0,4,64,4,61,9.0,2.0,1.0,1.0,50.0,53041.0,Tier II,routes/California__Delano_Area_Rapid_Transit__mdb_mdb-320_routes.geojson,stops/California__Delano_Area_Rapid_Transit__mdb_mdb-320_stops.geojson
California__Devils_Postpile_National_Monument__mdb_mdb-3206,Eastern Sierra Transit Authority,California,91062,Eastern Sierra Transit Authority,CA,manual_override,100.0,18,1978,40,156,37.0,1.0,0.0,0.0,,,Tier II,routes/California__Devils_Postpile_National_Monument__mdb_mdb-3206_routes.geojson,stops/California__Devils_Postpile_National_Monument__mdb_mdb-3206_stops.geojson
California__Eastern_Sierra_Transit__mdb_mdb-25,Eastern Sierra Transit Authority,California,91062,Eastern Sierra Transit Authority,CA,manual_override,100.0,18,2614,40,157,37.0,1.0,0.0,0.0,,,Tier II,routes/California__Eastern_Sierra_Transit__mdb_mdb-25_routes.geojson,stops/California__Eastern_Sierra_Transit__mdb_mdb-25_stops.geojson
California__El_Dorado_Transit__mdb_mdb-75,El Dorado Transit,California,90229,"El Dorado County Transit Authority, dba: El Dorado Transit",CA,manual_override,100.0,9,270,28,128,18.0,8.0,1.0,1.0,1719.0,148614.0,Tier II,routes/California__El_Dorado_Transit__mdb_mdb-75_routes.geojson,stops/California__El_Dorado_Transit__mdb_mdb-75_stops.geojson
California__Emery_Go-Round__mdb_mdb-2224,Emery Go-Round,California,88224,"Washakie County Senior Citizens Center, dba: Worland Van-Go Public Transportation",WY,manual_override,100.0,5,420,13,41,5.0,1.0,0.0,1.0,,,Tier II,routes/California__Emery_Go-Round__mdb_mdb-2224_routes.geojson,stops/California__Emery_Go-Round__mdb_mdb-2224_stops.geojson
California__eTrans__mdb_mdb-65,eTrans,California,91078,"City of Escalon, dba: eTrans",CA,manual_override,100.0,1,6,2,43,3.0,2.0,0.0,0.0,3.0,7200.0,Tier II,routes/California__eTrans__mdb_mdb-65_routes.geojson,stops/California__eTrans__mdb_mdb-65_stops.geojson
California__Foothill_Transit__mdb_mdb-101,Foothill Transit,California,90146,Foothill Transit,CA,manual_override,100.0,36,13302,114,1995,303.0,16.0,0.0,6.0,327.0,1515836.0,Tier I (Fixed Route VOMS),routes/California__Foothill_Transit__mdb_mdb-101_routes.geojson,stops/California__Foothill_Transit__mdb_mdb-101_stops.geojson
California__Fresno_Area_Express_(FAX)__mdb_mdb-90,Fresno Area Express,California,90027,"City of Fresno, dba: Fresno Area Express",CA,manual_override,100.0,19,3354,76,1480,152.0,5.0,1.0,2.0,154.0,591531.0,Tier I (Fixed Route VOMS),routes/California__Fresno_Area_Express_(FAX)__mdb_mdb-90_routes.geojson,stops/California__Fresno_Area_Express_(FAX)__mdb_mdb-90_stops.geojson
California__Fresno_County_Rural_Transit_Agency_(FCRTA)__mdb_mdb-85,Fresno County Rural Transit Authority,California,91007,Fresno County Rural Transit Agency,CA,manual_override,100.0,7,40,15,83,65.0,0.0,0.0,0.0,,,Tier II,routes/California__Fresno_County_Rural_Transit_Agency_(FCRTA)__mdb_mdb-85_routes.geojson,stops/California__Fresno_County_Rural_Transit_Agency_(FCRTA)__mdb_mdb-85_stops.geojson
California__Glenn_Transit_Service__mdb_mdb-3094,Glenn Transit Service,California,91088,"County of Glenn, dba: Glenn Transit Services",CA,manual_override,100.0,1,20,7,62,4.0,1.0,0.0,1.0,,,Tier II,routes/California__Glenn_Transit_Service__mdb_mdb-3094_routes.geojson,stops/California__Glenn_Transit_Service__mdb_mdb-3094_stops.geojson
California__Golden_Empire_Transit_District_(GET)__mdb_mdb-46,Golden Empire Transit District,California,90004,Golden Empire Transit District,CA,manual_override,100.0,17,1951,59,1055,93.0,15.0,4.0,5.0,149.0,554569.0,Tier II,routes/California__Golden_Empire_Transit_District_(GET)__mdb_mdb-46_routes.geojson,stops/California__Golden_Empire_Transit_District_(GET)__mdb_mdb-46_stops.geojson
California__Golden_Gate_National_Recreation_Area_(Alcatraz_Island)__mdb_mdb-3208,National Park Service,California,99468,Jewish Family Service of San Diego,CA,manual_override,100.0,2,41,2,2,,0.0,0.0,0.0,,,Tier II,routes/California__Golden_Gate_National_Recreation_Area_(Alcatraz_Island)__mdb_mdb-3208_routes.geojson,stops/California__Golden_Gate_National_Recreation_Area_(Alcatraz_Island)__mdb_mdb-3208_stops.geojson
California__Golden_Gate_Transit__mdb_mdb-67,Golden Gate Transit,California,90016,"Golden Gate Bridge, Highway and Transportation District",CA,manual_override,100.0,15,686,41,349,73.0,76.0,13.0,18.0,124.0,836630.0,Tier II,routes/California__Golden_Gate_Transit__mdb_mdb-67_routes.geojson,stops/California__Golden_Gate_Transit__mdb_mdb-67_stops.geojson
California__GrapeLine__mdb_mdb-83,City of Lodi GrapeLine,California,90175,"City of Lodi, dba: GrapeLine",CA,manual_override,100.0,15,34,15,194,13.0,2.0,1.0,0.0,16.0,68532.0,Tier II,routes/California__GrapeLine__mdb_mdb-83_routes.geojson,stops/California__GrapeLine__mdb_mdb-83_stops.geojson
California__GTrans__mdb_mdb-2270,GTrans,California,90042,"City of Gardena, dba: GTrans",CA,manual_override,100.0,9,4386,44,453,29.0,4.0,0.0,2.0,88.0,816700.0,Tier II,routes/California__GTrans__mdb_mdb-2270_routes.geojson,stops/California__GTrans__mdb_mdb-2270_stops.geojson
California__Humboldt_Transit_Authority__mdb_mdb-3032,Redwood Transit System | Eureka Transit System | Arcata & Mad River Transit System | North State Express: 101 | North State Express: 299 | Southern Humboldt Line,California,99476,Humboldt Transit Authority-Intercity,CA,manual_override,100.0,13,474,73,342,,0.0,0.0,0.0,,,,routes/California__Humboldt_Transit_Authority__mdb_mdb-3032_routes.geojson,stops/California__Humboldt_Transit_Authority__mdb_mdb-3032_stops.geojson
California__Kern_Transit__mdb_mdb-47,Kern Transit,California,91059,"County of Kern, dba: Kern Regional Transit",CA,manual_override,100.0,12,154,51,270,40.0,1.0,0.0,0.0,906.0,155249.0,Tier II,routes/California__Kern_Transit__mdb_mdb-47_routes.geojson,stops/California__Kern_Transit__mdb_mdb-47_stops.geojson
California__Kings_Area_Rural_Transit__mdb_mdb-2204,Kings Area Rural Transit,California,90200,Kings County Area Public Transit Agency,CA,manual_override,100.0,17,368,31,239,68.0,7.0,1.0,4.0,55.0,85025.0,Tier II,routes/California__Kings_Area_Rural_Transit__mdb_mdb-2204_routes.geojson,stops/California__Kings_Area_Rural_Transit__mdb_mdb-2204_stops.geojson
California__Laguna_Beach_Transit_(LBT)__mdb_mdb-16,Laguna Beach Transit,California,90119,"City of Laguna Beach, dba: Laguna Beach Transit",CA,manual_override,100.0,5,1237,16,74,24.0,2.0,1.0,0.0,9.0,23190.0,Tier II,routes/California__Laguna_Beach_Transit_(LBT)__mdb_mdb-16_routes.geojson,stops/California__Laguna_Beach_Transit_(LBT)__mdb_mdb-16_stops.geojson
California__Lake_Transit_Authority_(LTA)__mdb_mdb-68,Lake Transit,California,99292,"Blue Lake Rancheria, dba: Blue Lake Rancheria Transit System",CA,manual_override,100.0,9,107,27,297,,0.0,0.0,0.0,,,Tier II,routes/California__Lake_Transit_Authority_(LTA)__mdb_mdb-68_routes.geojson,stops/California__Lake_Transit_Authority_(LTA)__mdb_mdb-68_stops.geojson
California__Lassen_Rural_Bus_(LRB)__mdb_mdb-118,Lassen Rural Bus,California,99423,"City of Glendale, dba: Beeline Bus/Dial-A-Ride",CA,manual_override,100.0,4,45,16,109,41.0,2.0,0.0,0.0,39.0,224807.0,Tier II,routes/California__Lassen_Rural_Bus_(LRB)__mdb_mdb-118_routes.geojson,stops/California__Lassen_Rural_Bus_(LRB)__mdb_mdb-118_stops.geojson
California__Lawndale_Beat__mdb_mdb-36,Lawndale Beat,California,,,,none,0.0,2,148,4,44,,,,,,,,routes/California__Lawndale_Beat__mdb_mdb-36_routes.geojson,stops/California__Lawndale_Beat__mdb_mdb-36_stops.geojson
California__Long_Beach_Transit_(LBT)__mdb_mdb-1198,Long Beach Transit,California,90023,Long Beach Transit,CA,manual_override,100.0,35,17423,137,1873,196.0,7.0,0.0,3.0,108.0,927284.0,Tier I (Fixed Route VOMS),routes/California__Long_Beach_Transit_(LBT)__mdb_mdb-1198_routes.geojson,stops/California__Long_Beach_Transit_(LBT)__mdb_mdb-1198_stops.geojson
California__Los_Angeles_County_Department_of_Public_Works_(the_LINK_and_shuttles)__mdb_mdb-28,LA Go Bus,California,90279,Los Angeles County,CA,manual_override,100.0,20,921,34,921,3.0,0.0,0.0,0.0,18.0,198052.0,Tier II,routes/California__Los_Angeles_County_Department_of_Public_Works_(the_LINK_and_shuttles)__mdb_mdb-28_routes.geojson,stops/California__Los_Angeles_County_Department_of_Public_Works_(the_LINK_and_shuttles)__mdb_mdb-28_stops.geojson
California__Los_Angeles_County_Metropolitan_Transportation_Authority_(LA_Metro)__mdb_mdb-29,Metro - Los Angeles,California,90279,Los Angeles County,CA,manual_override,100.0,114,33614,694,11892,3.0,0.0,0.0,0.0,18.0,198052.0,Tier II,routes/California__Los_Angeles_County_Metropolitan_Transportation_Authority_(LA_Metro)__mdb_mdb-29_routes.geojson,stops/California__Los_Angeles_County_Metropolitan_Transportation_Authority_(LA_Metro)__mdb_mdb-29_stops.geojson
California__Los_Angeles_County_Metropolitan_Transportation_Authority_(LA_Metro)__mdb_mdb-30,Metro - Los Angeles,California,90279,Los Angeles County,CA,manual_override,100.0,6,8185,18,463,3.0,0.0,0.0,0.0,18.0,198052.0,Tier II,routes/California__Los_Angeles_County_Metropolitan_Transportation_Authority_(LA_Metro)__mdb_mdb-30_routes.geojson,stops/California__Los_Angeles_County_Metropolitan_Transportation_Authority_(LA_Metro)__mdb_mdb-30_stops.geojson
California__Los_Angeles_County_Shuttles__mdb_tld-1253,Los Angeles County Shuttles,California,90279,Los Angeles County,CA,manual_override,100.0,44,457,44,486,3.0,0.0,0.0,0.0,18.0,198052.0,Tier II,routes/California__Los_Angeles_County_Shuttles__mdb_tld-1253_routes.geojson,stops/California__Los_Angeles_County_Shuttles__mdb_tld-1253_stops.geojson
"California__Los_Angeles_Department_of_Transportation_(LADOT,_DASH,_Commuter_Express)__mdb_mdb-1210",LADOT,California,99470,Travelers' Aid Society Of San Diego,CA,manual_override,100.0,66,6646,114,2789,,0.0,0.0,0.0,,,,"routes/California__Los_Angeles_Department_of_Transportation_(LADOT,_DASH,_Commuter_Express)__mdb_mdb-1210_routes.geojson","stops/California__Los_Angeles_Department_of_Transportation_(LADOT,_DASH,_Commuter_Express)__mdb_mdb-1210_stops.geojson"
California__Madera_County_Transit__mdb_mdb-572,Madera County Connection,California,91005,"Madera County, dba: Madera County Connection",CA,manual_override,100.0,4,32,11,35,9.0,0.0,0.0,0.0,181.0,144484.0,Tier II,routes/California__Madera_County_Transit__mdb_mdb-572_routes.geojson,stops/California__Madera_County_Transit__mdb_mdb-572_stops.geojson
California__Marin_Transit__mdb_mdb-2937,Marin Transit,California,90299,Sonoma-Marin Area Rail Transit District,CA,manual_override,100.0,20,1613,61,545,14.0,23.0,12.0,3.0,2596.0,738668.0,Tier I (Rail),routes/California__Marin_Transit__mdb_mdb-2937_routes.geojson,stops/California__Marin_Transit__mdb_mdb-2937_stops.geojson
California__Mendocino_Transit_Authority__mdb_mdb-69,Mendocino Transit Authority,California,99477,Mendocino Transit Authority-Intercity,CA,manual_override,100.0,9,138,55,246,,0.0,0.0,0.0,,,,routes/California__Mendocino_Transit_Authority__mdb_mdb-69_routes.geojson,stops/California__Mendocino_Transit_Authority__mdb_mdb-69_stops.geojson
California__Merced_County_Transit_(The_Bus)__mdb_mdb-3117,Merced The Bus,California,90173,"Transit Joint Powers Authority for Merced County, dba: Merced The Bus",CA,manual_override,100.0,15,570,45,363,45.0,6.0,2.0,2.0,310.0,136957.0,Tier II,routes/California__Merced_County_Transit_(The_Bus)__mdb_mdb-3117_routes.geojson,stops/California__Merced_County_Transit_(The_Bus)__mdb_mdb-3117_stops.geojson
California__Mission_Bay_Transportation_Management_Association_(TMA)__mdb_mdb-51,Mission Bay TMA,California,99358,"Morongo Band of Mission Indians, dba: Morongo Dial- A-Ride",CA,manual_override,100.0,4,138,10,22,1.0,0.0,0.0,0.0,,,Tier II,routes/California__Mission_Bay_Transportation_Management_Association_(TMA)__mdb_mdb-51_routes.geojson,stops/California__Mission_Bay_Transportation_Management_Association_(TMA)__mdb_mdb-51_stops.geojson
California__Mission_Viejo__mdb_tld-7930,Mission Viejo,California,99358,"Morongo Band of Mission Indians, dba: Morongo Dial- A-Ride",CA,manual_override,100.0,1,24,1,68,1.0,0.0,0.0,0.0,,,Tier II,routes/California__Mission_Viejo__mdb_tld-7930_routes.geojson,stops/California__Mission_Viejo__mdb_tld-7930_stops.geojson
California__Montebello_Bus_Lines__mdb_mdb-2201,Montebello Bus Lines,California,90041,"City of Montebello, dba: Montebello Bus Lines",CA,manual_override,100.0,8,750,56,819,81.0,3.0,1.0,0.0,151.0,361624.0,Tier II,routes/California__Montebello_Bus_Lines__mdb_mdb-2201_routes.geojson,stops/California__Montebello_Bus_Lines__mdb_mdb-2201_stops.geojson
California__Monterey-Salinas_Transit_(MST)__mdb_mdb-56,Monterey-Salinas Transit,California,90062,Monterey-Salinas Transit,CA,manual_override,100.0,40,5982,82,974,165.0,13.0,6.0,3.0,163.0,430723.0,Tier II,routes/California__Monterey-Salinas_Transit_(MST)__mdb_mdb-56_routes.geojson,stops/California__Monterey-Salinas_Transit_(MST)__mdb_mdb-56_stops.geojson
California__Moorpark_City_Transit__mdb_mdb-578,Moorpark City Transit,California,90227,"City of Moorpark, dba: Moorpark City Transit",CA,manual_override,100.0,2,32,6,54,2.0,0.0,0.0,0.0,12.0,35975.0,Tier II,routes/California__Moorpark_City_Transit__mdb_mdb-578_routes.geojson,stops/California__Moorpark_City_Transit__mdb_mdb-578_stops.geojson
California__Morongo_Basin_Transit_Authority__mdb_mdb-579,Morongo Basin Transit Authority,California,91090,"Morongo Basin Transit Authority, dba: Basin Transit",CA,manual_override,100.0,8,120,27,218,13.0,4.0,0.0,3.0,,,Tier II,routes/California__Morongo_Basin_Transit_Authority__mdb_mdb-579_routes.geojson,stops/California__Morongo_Basin_Transit_Authority__mdb_mdb-579_stops.geojson
California__Mountain_Transit__mdb_mdb-107,Mountain Transit,California,91012,"Mountain Area Regional Transit Authority, dba: Mountain Transit",CA,manual_override,100.0,7,181,32,203,32.0,4.0,0.0,1.0,,,Tier II,routes/California__Mountain_Transit__mdb_mdb-107_routes.geojson,stops/California__Mountain_Transit__mdb_mdb-107_stops.geojson
California__Mountain_View_Community_Shuttle__mdb_mdb-2883,Mountain View Community Shuttle,California,99462,"Saguaro Foundation Community Living Programs, dba: Saguaro Foundation",AZ,manual_override,100.0,4,58,4,58,,0.0,0.0,0.0,,,Tier II,routes/California__Mountain_View_Community_Shuttle__mdb_mdb-2883_routes.geojson,stops/California__Mountain_View_Community_Shuttle__mdb_mdb-2883_stops.geojson
California__Mountain_View_Transportation_Management_Association_(MVgo)__mdb_mdb-2880,MVgo,California,90314,Attentive Transportation LLC,CA,manual_override,100.0,10,104,16,35,1.0,0.0,0.0,0.0,982.0,2420608.0,Tier II,routes/California__Mountain_View_Transportation_Management_Association_(MVgo)__mdb_mdb-2880_routes.geojson,stops/California__Mountain_View_Transportation_Management_Association_(MVgo)__mdb_mdb-2880_stops.geojson
California__Needles_Area_Transit__mdb_mdb-583,Needles Area Transit,California,91020,"City of Needles, dba: Needles Area Transit",CA,manual_override,100.0,1,19,1,33,1.0,1.0,0.0,0.0,,,Tier II,routes/California__Needles_Area_Transit__mdb_mdb-583_routes.geojson,stops/California__Needles_Area_Transit__mdb_mdb-583_stops.geojson
California__North_Lake_Tahoe_Express__mdb_mdb-2328,North Lake Tahoe Express - 24 hour advance reservations required,California,99364,"North Fork Rancheria of Mono Indians of California, dba: NFR Tranportation",CA,manual_override,100.0,3,23,6,49,2.0,0.0,0.0,0.0,,,Tier II,routes/California__North_Lake_Tahoe_Express__mdb_mdb-2328_routes.geojson,stops/California__North_Lake_Tahoe_Express__mdb_mdb-2328_stops.geojson
California__Norwalk_Transit_System__mdb_tld-881,Norwalk Transit System,California,90022,"City of Norwalk, dba: Norwalk Transit System",CA,manual_override,100.0,6,1747,29,442,27.0,4.0,0.0,3.0,37.0,637365.0,Tier II,routes/California__Norwalk_Transit_System__mdb_tld-881_routes.geojson,stops/California__Norwalk_Transit_System__mdb_tld-881_stops.geojson
California__OmniTrans__mdb_mdb-97,Omnitrans,California,90029,"Omnitrans, dba: OMNI",CA,manual_override,100.0,31,3442,102,2282,167.0,23.0,7.0,8.0,466.0,1556579.0,Tier I (Fixed Route VOMS),routes/California__OmniTrans__mdb_mdb-97_routes.geojson,stops/California__OmniTrans__mdb_mdb-97_stops.geojson
California__Orange_County_Transportation_Authority_(OCTA)__mdb_mdb-15,Orange County Transportation Authority,California,90036,Orange County Transportation Authority,CA,manual_override,100.0,62,7931,163,5269,887.0,75.0,8.0,32.0,435.0,2860175.0,Tier I (Fixed Route VOMS),routes/California__Orange_County_Transportation_Authority_(OCTA)__mdb_mdb-15_routes.geojson,stops/California__Orange_County_Transportation_Authority_(OCTA)__mdb_mdb-15_stops.geojson
California__Palo_Verde_Valley_Transit_Agency__mdb_mdb-2190,Palo Verde Valley Transit Agency,California,99454,"Palo Verde Valley Transit Agency, dba: RidePV",CA,manual_override,100.0,7,51,17,206,7.0,4.0,0.0,2.0,,,Tier II,routes/California__Palo_Verde_Valley_Transit_Agency__mdb_mdb-2190_routes.geojson,stops/California__Palo_Verde_Valley_Transit_Agency__mdb_mdb-2190_stops.geojson
California__Palos_Verdes_Peninsula_Transit_Authority_(PVPTA)__mdb_mdb-35,Palos Verdes Peninsula Transit Authority,California,90287,Palos Verdes Peninsula Transit Authority,CA,manual_override,100.0,10,149,82,192,27.0,0.0,0.0,0.0,22.0,64272.0,Tier II,routes/California__Palos_Verdes_Peninsula_Transit_Authority_(PVPTA)__mdb_mdb-35_routes.geojson,stops/California__Palos_Verdes_Peninsula_Transit_Authority_(PVPTA)__mdb_mdb-35_stops.geojson
California__Pasadena_Transit__mdb_mdb-41,Pasadena Transit,California,99424,"City of Pasadena, dba: Pasadena Transit",CA,manual_override,100.0,12,951,33,444,33.0,0.0,0.0,0.0,36.0,228251.0,Tier II,routes/California__Pasadena_Transit__mdb_mdb-41_routes.geojson,stops/California__Pasadena_Transit__mdb_mdb-41_stops.geojson
California__Petaluma_Transit__mdb_mdb-2947,PETALUMA,California,90213,"City of Petaluma, dba: Petaluma Transit",CA,manual_override,100.0,11,718,20,152,11.0,2.0,0.0,1.0,14.0,58489.0,Tier II,routes/California__Petaluma_Transit__mdb_mdb-2947_routes.geojson,stops/California__Petaluma_Transit__mdb_mdb-2947_stops.geojson
California__Placer_County_Transit__mdb_mdb-77,Placer County Transit,California,90196,"County of Placer, dba: Placer County Transit/TART",CA,manual_override,100.0,7,180,22,151,42.0,5.0,1.0,2.0,169.0,402940.0,Tier II,routes/California__Placer_County_Transit__mdb_mdb-77_routes.geojson,stops/California__Placer_County_Transit__mdb_mdb-77_stops.geojson
California__Plumas_Transit__mdb_mdb-119,Plumas Transit,California,99478,Redwood Coast Transit Authority-Intercity,CA,manual_override,100.0,3,38,26,78,,0.0,0.0,0.0,,,,routes/California__Plumas_Transit__mdb_mdb-119_routes.geojson,stops/California__Plumas_Transit__mdb_mdb-119_stops.geojson
California__Redding_Area_Bus_Authority__mdb_mdb-3031,Redding Area Bus Authority,California,90093,Redding Area Bus Authority,CA,manual_override,100.0,11,748,22,310,23.0,3.0,1.0,1.0,100.0,182152.0,Tier II,routes/California__Redding_Area_Bus_Authority__mdb_mdb-3031_routes.geojson,stops/California__Redding_Area_Bus_Authority__mdb_mdb-3031_stops.geojson
California__Riverside_Transit_Agency__mdb_mdb-98,Riverside Transit Agency,California,90031,Riverside Transit Agency,CA,manual_override,100.0,39,15728,115,2334,225.0,22.0,10.0,6.0,2500.0,1909017.0,Tier I (Fixed Route VOMS),routes/California__Riverside_Transit_Agency__mdb_mdb-98_routes.geojson,stops/California__Riverside_Transit_Agency__mdb_mdb-98_stops.geojson
California__Rosemead_Explorer__mdb_mdb-3098,City of Rosemead,California,90289,"City of Rosemead, dba: Rosemead Explorer/Dial-A-Ride",CA,manual_override,100.0,2,42,2,80,7.0,0.0,0.0,0.0,5.0,54908.0,Tier II,routes/California__Rosemead_Explorer__mdb_mdb-3098_routes.geojson,stops/California__Rosemead_Explorer__mdb_mdb-3098_stops.geojson
California__Roseville_Transit__mdb_mdb-1067,Roseville Transit,California,99478,Redwood Coast Transit Authority-Intercity,CA,manual_override,100.0,32,490,43,193,,0.0,0.0,0.0,,,,routes/California__Roseville_Transit__mdb_mdb-1067_routes.geojson,stops/California__Roseville_Transit__mdb_mdb-1067_stops.geojson
California__SamTrans__mdb_mdb-2708,SamTrans,California,90009,"San Mateo County Transit District, dba: SamTrans",CA,manual_override,100.0,75,6082,724,1852,361.0,38.0,15.0,18.0,97.0,764442.0,Tier I (Fixed Route VOMS),routes/California__SamTrans__mdb_mdb-2708_routes.geojson,stops/California__SamTrans__mdb_mdb-2708_stops.geojson
California__San_Benito_County_Express_(SBCE)__mdb_mdb-58,San Benito County Express,California,91009,"San Benito County Local Transportation Authority, dba: San Benito County Express",CA,manual_override,100.0,5,48,10,116,19.0,1.0,0.0,0.0,,,Tier II,routes/California__San_Benito_County_Express_(SBCE)__mdb_mdb-58_routes.geojson,stops/California__San_Benito_County_Express_(SBCE)__mdb_mdb-58_stops.geojson
California__San_Clemente_Trolley__mdb_mdb-2362,SC Trolley,California,99470,Travelers' Aid Society Of San Diego,CA,manual_override,100.0,3,2,3,37,,0.0,0.0,0.0,,,,routes/California__San_Clemente_Trolley__mdb_mdb-2362_routes.geojson,stops/California__San_Clemente_Trolley__mdb_mdb-2362_stops.geojson
"California__San_Diego_International_Airport,_Metropolitan_Transit_System_(MTS)__mdb_mdb-13",MTS | San Diego International Airport,California,90026,San Diego Metropolitan Transit System,CA,manual_override,100.0,105,46725,682,4372,819.0,133.0,82.0,11.0,902.0,2269953.0,Tier I (Rail),"routes/California__San_Diego_International_Airport,_Metropolitan_Transit_System_(MTS)__mdb_mdb-13_routes.geojson","stops/California__San_Diego_International_Airport,_Metropolitan_Transit_System_(MTS)__mdb_mdb-13_stops.geojson"
California__San_Francisco_Bay_Area_Water_Emergency_Transportation_Authority_(WETA)__mdb_mdb-3143,San Francisco Bay Ferry,California,90225,"San Francisco Bay Area Water Emergency Transportation Authority, dba: San Francisco Bay Ferry",CA,manual_override,100.0,7,556,42,23,11.0,22.0,14.0,0.0,127.0,345375.0,Tier II,routes/California__San_Francisco_Bay_Area_Water_Emergency_Transportation_Authority_(WETA)__mdb_mdb-3143_routes.geojson,stops/California__San_Francisco_Bay_Area_Water_Emergency_Transportation_Authority_(WETA)__mdb_mdb-3143_stops.geojson
California__San_Joaquin_Regional_Transit_District_(RTD)__mdb_mdb-886,San Joaquin Regional Transit District (RTD),California,90012,"San Joaquin Regional Transit District, dba: San Joaquin RTD",CA,manual_override,100.0,42,2339,110,898,105.0,5.0,2.0,0.0,1392.0,793229.0,Tier II,routes/California__San_Joaquin_Regional_Transit_District_(RTD)__mdb_mdb-886_routes.geojson,stops/California__San_Joaquin_Regional_Transit_District_(RTD)__mdb_mdb-886_stops.geojson
California__San_Juan_Capistrano_Free_Weekend_Trolley__mdb_mdb-2235,San Juan Capistrano,California,99470,Travelers' Aid Society Of San Diego,CA,manual_override,100.0,3,69,1,19,,0.0,0.0,0.0,,,,routes/California__San_Juan_Capistrano_Free_Weekend_Trolley__mdb_mdb-2235_routes.geojson,stops/California__San_Juan_Capistrano_Free_Weekend_Trolley__mdb_mdb-2235_stops.geojson
California__San_Luis_Obispo_Regional_Transit_Authority_(SLORTA)__mdb_mdb-43,RTA - SCT - Paso,California,90206,San Luis Obispo Regional Transit Authority,CA,manual_override,100.0,18,404,60,340,38.0,1.0,0.0,0.0,380.0,282013.0,Tier II,routes/California__San_Luis_Obispo_Regional_Transit_Authority_(SLORTA)__mdb_mdb-43_routes.geojson,stops/California__San_Luis_Obispo_Regional_Transit_Authority_(SLORTA)__mdb_mdb-43_stops.geojson
California__Santa_Barbara_Metropolitan_Transit_District_(MTD)__mdb_mdb-1246,SBMTD,California,90020,Santa Barbara Metropolitan Transit District,CA,manual_override,100.0,39,13983,111,631,71.0,5.0,1.0,3.0,57.0,210200.0,Tier II,routes/California__Santa_Barbara_Metropolitan_Transit_District_(MTD)__mdb_mdb-1246_routes.geojson,stops/California__Santa_Barbara_Metropolitan_Transit_District_(MTD)__mdb_mdb-1246_stops.geojson
California__Santa_Clara_Valley_Transportation_Authority_(VTA)__mdb_mdb-57,VTA,California,90013,"Santa Clara Valley Transportation Authority, dba: Valley Transportation Authority",CA,manual_override,100.0,72,9432,300,3348,520.0,144.0,65.0,38.0,346.0,1903198.0,Tier I (Rail),routes/California__Santa_Clara_Valley_Transportation_Authority_(VTA)__mdb_mdb-57_routes.geojson,stops/California__Santa_Clara_Valley_Transportation_Authority_(VTA)__mdb_mdb-57_stops.geojson
California__Santa_Clarita_Transit__mdb_mdb-812,Santa Clarita Transit,California,90171,"City of Santa Clarita, dba: Santa Clarita Transit",CA,manual_override,100.0,94,898,94,364,88.0,11.0,6.0,0.0,89.0,294090.0,Tier II,routes/California__Santa_Clarita_Transit__mdb_mdb-812_routes.geojson,stops/California__Santa_Clarita_Transit__mdb_mdb-812_stops.geojson
California__Santa_Cruz_Metro_(SCMTD)__mdb_mdb-2425,Santa Cruz METRO,California,90006,Santa Cruz Metropolitan Transit District,CA,manual_override,100.0,28,6362,78,759,97.0,10.0,5.0,2.0,445.0,271352.0,Tier II,routes/California__Santa_Cruz_Metro_(SCMTD)__mdb_mdb-2425_routes.geojson,stops/California__Santa_Cruz_Metro_(SCMTD)__mdb_mdb-2425_stops.geojson
California__Santa_Maria_Area_Transit__mdb_mdb-2272,Santa Maria Regional Transit (Home),California,90087,"City of Santa Maria, dba: Santa Maria Regional Transit",CA,manual_override,100.0,20,528,46,290,25.0,2.0,1.0,1.0,34.0,150201.0,Tier II,routes/California__Santa_Maria_Area_Transit__mdb_mdb-2272_routes.geojson,stops/California__Santa_Maria_Area_Transit__mdb_mdb-2272_stops.geojson
California__Santa_Rosa_CityBus__mdb_mdb-2948,SANTAROSA,California,90017,"City of Santa Rosa, dba: Santa Rosa CityBus",CA,manual_override,100.0,15,878,35,403,29.0,4.0,2.0,1.0,51.0,174890.0,Tier II,routes/California__Santa_Rosa_CityBus__mdb_mdb-2948_routes.geojson,stops/California__Santa_Rosa_CityBus__mdb_mdb-2948_stops.geojson
California__Santa_Ynez_Valley_Transit__mdb_mdb-813,Santa Ynez Valley Transit,California,91028,"City of Solvang, dba: Santa Ynez Valley Transit",CA,manual_override,100.0,2,71,4,35,5.0,0.0,0.0,0.0,,,Tier II,routes/California__Santa_Ynez_Valley_Transit__mdb_mdb-813_routes.geojson,stops/California__Santa_Ynez_Valley_Transit__mdb_mdb-813_stops.geojson
California__Santa_Ynez_Valley_Transit__mdb_tld-1301,Santa Ynez Valley Transit,California,91028,"City of Solvang, dba: Santa Ynez Valley Transit",CA,manual_override,100.0,2,71,4,35,5.0,0.0,0.0,0.0,,,Tier II,routes/California__Santa_Ynez_Valley_Transit__mdb_tld-1301_routes.geojson,stops/California__Santa_Ynez_Valley_Transit__mdb_tld-1301_stops.geojson
California__Simi_Valley_Transit__mdb_mdb-40,Simi Valley Transit,California,90050,"City of Simi Valley, dba: Simi Valley Transit",CA,manual_override,100.0,3,129,12,204,15.0,2.0,0.0,1.0,50.0,126356.0,Tier II,routes/California__Simi_Valley_Transit__mdb_mdb-40_routes.geojson,stops/California__Simi_Valley_Transit__mdb_mdb-40_stops.geojson
California__Siskiyou_County__mdb_mdb-117,Siskiyou Transit and General Express,California,91048,"County of Siskiyou, dba: Siskiyou County Transit",CA,manual_override,100.0,6,31,31,152,5.0,3.0,1.0,1.0,,,Tier II,routes/California__Siskiyou_County__mdb_mdb-117_routes.geojson,stops/California__Siskiyou_County__mdb_mdb-117_stops.geojson
California__SolTrans__mdb_mdb-80,SolTrans,California,90232,"Solano County Transit, dba: SolTrans",CA,manual_override,100.0,15,4519,46,309,37.0,5.0,2.0,2.0,65.0,149236.0,Tier II,routes/California__SolTrans__mdb_mdb-80_routes.geojson,stops/California__SolTrans__mdb_mdb-80_stops.geojson
California__Sonoma_County_Transit_(SCT)__mdb_mdb-70,Sonoma County Transit,California,90089,"County of Sonoma, dba: Sonoma County Transit",CA,manual_override,100.0,26,528,72,1117,56.0,18.0,3.0,2.0,390.0,478152.0,Tier II,routes/California__Sonoma_County_Transit_(SCT)__mdb_mdb-70_routes.geojson,stops/California__Sonoma_County_Transit_(SCT)__mdb_mdb-70_stops.geojson
California__Sonoma_Marin_Area_Rail_Transit_(SMART)__mdb_mdb-3222,Sonoma-Marin Area Rail Transit,California,90299,Sonoma-Marin Area Rail Transit District,CA,manual_override,100.0,1,72,2,42,14.0,23.0,12.0,3.0,2596.0,738668.0,Tier I (Rail),routes/California__Sonoma_Marin_Area_Rail_Transit_(SMART)__mdb_mdb-3222_routes.geojson,stops/California__Sonoma_Marin_Area_Rail_Transit_(SMART)__mdb_mdb-3222_stops.geojson
California__Spirit_Bus__mdb_mdb-2202,City of Monterey Park,California,90286,"City of Monterey Park, dba: Spirit Bus",CA,manual_override,100.0,5,72,4,214,12.0,0.0,0.0,0.0,8.0,61828.0,Tier II,routes/California__Spirit_Bus__mdb_mdb-2202_routes.geojson,stops/California__Spirit_Bus__mdb_mdb-2202_stops.geojson
California__Stanford_Marguerite_Shuttle_(SMS)__mdb_mdb-59,Stanford Marguerite Shuttle,California,90191,"Town of Oro Valley, dba: Sun Shuttle Dial-A-Ride",AZ,manual_override,100.0,28,493,27,186,30.0,1.0,0.0,0.0,35.0,49372.0,Tier II,routes/California__Stanford_Marguerite_Shuttle_(SMS)__mdb_mdb-59_routes.geojson,stops/California__Stanford_Marguerite_Shuttle_(SMS)__mdb_mdb-59_stops.geojson
California__Stanislaus_Regional_Transit_(StaRT)__mdb_mdb-2273,The S,California,90306,Stanislaus Regional Transit Authority,CA,manual_override,100.0,27,6307,59,901,108.0,1.0,1.0,0.0,1515.0,550660.0,Tier II,routes/California__Stanislaus_Regional_Transit_(StaRT)__mdb_mdb-2273_routes.geojson,stops/California__Stanislaus_Regional_Transit_(StaRT)__mdb_mdb-2273_stops.geojson
California__SunLine_Transit_Agency__mdb_tld-461,SUNLINE,California,90079,"SunLine Transit Agency, dba: SunLine",CA,manual_override,100.0,17,1730,37,575,89.0,12.0,1.0,6.0,1120.0,474031.0,Tier II,routes/California__SunLine_Transit_Agency__mdb_tld-461_routes.geojson,stops/California__SunLine_Transit_Agency__mdb_tld-461_stops.geojson
California__Taft_Area_Transit__mdb_mdb-2236,Taft - Maricopa Area Transit,California,91066,"City of Taft, dba: Taft Area Transit",CA,manual_override,100.0,1,6,3,13,3.0,1.0,0.0,0.0,,,Tier II,routes/California__Taft_Area_Transit__mdb_mdb-2236_routes.geojson,stops/California__Taft_Area_Transit__mdb_mdb-2236_stops.geojson
"California__Tahoe_Area_Regional_Transit_(TART),_North_Lake_Tahoe_Express__mdb_mdb-94",Tahoe Truckee Area Regional Transit,California,91101,"Town of Truckee, dba: Truckee TART",CA,manual_override,100.0,6,135,27,235,6.0,1.0,0.0,1.0,,,Tier II,"routes/California__Tahoe_Area_Regional_Transit_(TART),_North_Lake_Tahoe_Express__mdb_mdb-94_routes.geojson","stops/California__Tahoe_Area_Regional_Transit_(TART),_North_Lake_Tahoe_Express__mdb_mdb-94_stops.geojson"
California__Tahoe_Transportation_District__mdb_mdb-897,Tahoe Transportation District,California,99478,Redwood Coast Transit Authority-Intercity,CA,manual_override,100.0,5,132,13,127,,0.0,0.0,0.0,,,,routes/California__Tahoe_Transportation_District__mdb_mdb-897_routes.geojson,stops/California__Tahoe_Transportation_District__mdb_mdb-897_stops.geojson
California__Thousand_Oaks_Transit__mdb_mdb-3100,Thousand Oaks Transit,California,90165,"City of Thousand Oaks, dba: Thousand Oaks Transit",CA,manual_override,100.0,6,223,21,155,21.0,9.0,1.0,4.0,167.0,415154.0,Tier II,routes/California__Thousand_Oaks_Transit__mdb_mdb-3100_routes.geojson,stops/California__Thousand_Oaks_Transit__mdb_mdb-3100_stops.geojson
California__Tri_Delta_Transit__mdb_mdb-1974,Tri Delta Transit,California,90162,"The Eastern Contra Costa Transit Authority, dba: Tri Delta Transit",CA,manual_override,100.0,11,678,22,408,97.0,4.0,0.0,2.0,225.0,333700.0,Tier II,routes/California__Tri_Delta_Transit__mdb_mdb-1974_routes.geojson,stops/California__Tri_Delta_Transit__mdb_mdb-1974_stops.geojson
California__Tri_Delta_Transit__mdb_ntd-90162,Tri Delta Transit,California,90162,"The Eastern Contra Costa Transit Authority, dba: Tri Delta Transit",CA,manual_override,100.0,13,997,26,439,97.0,4.0,0.0,2.0,225.0,333700.0,Tier II,routes/California__Tri_Delta_Transit__mdb_ntd-90162_routes.geojson,stops/California__Tri_Delta_Transit__mdb_ntd-90162_stops.geojson
California__Trinity_Transit__mdb_mdb-2709,Trinity Transit,California,91035,"Trinity County, dba: Trinity Transit",CA,manual_override,100.0,4,74,10,73,4.0,1.0,0.0,1.0,,,Tier II,routes/California__Trinity_Transit__mdb_mdb-2709_routes.geojson,stops/California__Trinity_Transit__mdb_mdb-2709_stops.geojson
California__Tulare_County_Area_Transit_(TCAT)__mdb_mdb-646,Tulare County Regional Transit Agency,California,91055,Tulare County Area Transit,CA,manual_override,100.0,21,680,57,375,24.0,1.0,0.0,1.0,,,,routes/California__Tulare_County_Area_Transit_(TCAT)__mdb_mdb-646_routes.geojson,stops/California__Tulare_County_Area_Transit_(TCAT)__mdb_mdb-646_stops.geojson
California__Turlock_Transit__mdb_mdb-619,Turlock Transit,California,90201,"City of Turlock, dba: Turlock Transit",CA,manual_override,100.0,7,420,10,126,13.0,3.0,1.0,1.0,22.0,79203.0,Tier II,routes/California__Turlock_Transit__mdb_mdb-619_routes.geojson,stops/California__Turlock_Transit__mdb_mdb-619_stops.geojson
California__Unitrans__mdb_mdb-82,Unitrans,California,90142,"University of California, Davis, dba: Unitrans",CA,manual_override,100.0,24,6210,111,296,29.0,4.0,0.0,4.0,11.0,70827.0,Tier II,routes/California__Unitrans__mdb_mdb-82_routes.geojson,stops/California__Unitrans__mdb_mdb-82_stops.geojson
California__Ventura_County_Transportation_Commission__mdb_mdb-3096,VCTC Intercity,California,90164,Ventura County Transportation Commission,CA,manual_override,100.0,17,287,52,100,42.0,2.0,2.0,0.0,28.0,209877.0,Tier II,routes/California__Ventura_County_Transportation_Commission__mdb_mdb-3096_routes.geojson,stops/California__Ventura_County_Transportation_Commission__mdb_mdb-3096_stops.geojson
California__VINE_Transit__mdb_mdb-1288,VINE Transit,California,91027,"City of Arvin, dba: Arvin Transit",CA,manual_override,100.0,12,507,32,361,4.0,2.0,0.0,1.0,,,Tier II,routes/California__VINE_Transit__mdb_mdb-1288_routes.geojson,stops/California__VINE_Transit__mdb_mdb-1288_stops.geojson
California__Visalia_Transit__mdb_ntd-90091,VISALIA TRANSIT,California,90091,"City of Visalia, dba: Visalia Transit",CA,manual_override,100.0,61,1351,59,516,37.0,7.0,1.0,1.0,48.0,171732.0,Tier II,routes/California__Visalia_Transit__mdb_ntd-90091_routes.geojson,stops/California__Visalia_Transit__mdb_ntd-90091_stops.geojson
California__West_Berkeley_Shuttle__mdb_mdb-2238,West Berkeley Shuttle,California,90191,"Town of Oro Valley, dba: Sun Shuttle Dial-A-Ride",AZ,manual_override,100.0,1,18,3,11,30.0,1.0,0.0,0.0,35.0,49372.0,Tier II,routes/California__West_Berkeley_Shuttle__mdb_mdb-2238_routes.geojson,stops/California__West_Berkeley_Shuttle__mdb_mdb-2238_stops.geojson
California__WestCAT__mdb_mdb-78,WestCat (Western Contra Costa),California,90159,"Western Contra Costa Transit Authority, dba: WestCAT",CA,manual_override,100.0,12,967,43,223,33.0,3.0,2.0,0.0,20.0,64925.0,Tier II,routes/California__WestCAT__mdb_mdb-78_routes.geojson,stops/California__WestCAT__mdb_mdb-78_stops.geojson
California__Yosemite_Area_Regional_Transportation_System_(YARTS)__mdb_mdb-2394,Yosemite Area Regional Transportation System,California,91070,Yosemite Area Regional Transportation System,CA,manual_override,100.0,4,35,19,68,13.0,1.0,0.0,0.0,,,Tier II,routes/California__Yosemite_Area_Regional_Transportation_System_(YARTS)__mdb_mdb-2394_routes.geojson,stops/California__Yosemite_Area_Regional_Transportation_System_(YARTS)__mdb_mdb-2394_stops.geojson
California__Yosemite_National_Park__mdb_tld-6679,National Park Service,California,99468,Jewish Family Service of San Diego,CA,manual_override,100.0,1,113,1,2,,0.0,0.0,0.0,,,Tier II,routes/California__Yosemite_National_Park__mdb_tld-6679_routes.geojson,stops/California__Yosemite_National_Park__mdb_tld-6679_stops.geojson
California__Yosemite_National_Park__mdb_tld-6681,National Park Service,California,99468,Jewish Family Service of San Diego,CA,manual_override,100.0,2,152,2,18,,0.0,0.0,0.0,,,Tier II,routes/California__Yosemite_National_Park__mdb_tld-6681_routes.geojson,stops/California__Yosemite_National_Park__mdb_tld-6681_stops.geojson
California__Yuba-Sutter_Transit__mdb_mdb-79,Yuba-Sutter Transit,California,90061,Yuba-Sutter Transit Authority,CA,manual_override,100.0,14,374,50,289,29.0,1.0,0.0,0.0,813.0,160271.0,Tier II,routes/California__Yuba-Sutter_Transit__mdb_mdb-79_routes.geojson,stops/California__Yuba-Sutter_Transit__mdb_mdb-79_stops.geojson
Colorado__All_Points_Transit__mdb_mdb-2039,All Points Transit,Colorado,88215,"Montrose County Senior Citizens Transportation, Inc., dba: All Points Transit",CO,manual_override,100.0,7,70,8,134,34.0,0.0,0.0,0.0,,,Tier II,routes/Colorado__All_Points_Transit__mdb_mdb-2039_routes.geojson,stops/Colorado__All_Points_Transit__mdb_mdb-2039_stops.geojson
Colorado__All_Points_Transit__mdb_mdb-212,All Points Transit,Colorado,88215,"Montrose County Senior Citizens Transportation, Inc., dba: All Points Transit",CO,manual_override,100.0,5,63,7,134,34.0,0.0,0.0,0.0,,,Tier II,routes/Colorado__All_Points_Transit__mdb_mdb-212_routes.geojson,stops/Colorado__All_Points_Transit__mdb_mdb-212_stops.geojson
Colorado__Avon_Transit__mdb_mdb-2433,Avon Transit,Colorado,88228,"Town of Avon, dba: Avon Transit",CO,manual_override,100.0,3,155,4,27,8.0,1.0,0.0,0.0,,,Tier II,routes/Colorado__Avon_Transit__mdb_mdb-2433_routes.geojson,stops/Colorado__Avon_Transit__mdb_mdb-2433_stops.geojson
Colorado__Baca_Area_Transportation__mdb_mdb-1087,Baca Area Transportation,Colorado,80202,"Town of Berthoud, dba: Berthoud Area Transportation Services",CO,manual_override,100.0,1,3,1,1,,0.0,0.0,0.0,,,Tier II,routes/Colorado__Baca_Area_Transportation__mdb_mdb-1087_routes.geojson,stops/Colorado__Baca_Area_Transportation__mdb_mdb-1087_stops.geojson
Colorado__Blackhawk_and_Central_City_Tramway__mdb_mdb-2041,Blackhawk and Central City Tramway,Colorado,80119,"City of Black Hawk, dba: The Black Hawk & Central City Tramway",CO,manual_override,100.0,1,164,2,19,3.0,1.0,0.0,1.0,,,Tier II,routes/Colorado__Blackhawk_and_Central_City_Tramway__mdb_mdb-2041_routes.geojson,stops/Colorado__Blackhawk_and_Central_City_Tramway__mdb_mdb-2041_stops.geojson
Colorado__Blackhawk_and_Central_City_Tramway__mdb_mdb-234,Blackhawk and Central City Tramway,Colorado,80119,"City of Black Hawk, dba: The Black Hawk & Central City Tramway",CO,manual_override,100.0,1,164,2,19,3.0,1.0,0.0,1.0,,,Tier II,routes/Colorado__Blackhawk_and_Central_City_Tramway__mdb_mdb-234_routes.geojson,stops/Colorado__Blackhawk_and_Central_City_Tramway__mdb_mdb-234_stops.geojson
Colorado__Bustang_Outrider__mdb_mdb-2330,Bustang Outrider,Colorado,88300,"Ace Express Coaches, LLC, dba: Bustang",CO,manual_override,100.0,7,18,14,85,0.0,0.0,0.0,0.0,,,,routes/Colorado__Bustang_Outrider__mdb_mdb-2330_routes.geojson,stops/Colorado__Bustang_Outrider__mdb_mdb-2330_stops.geojson
Colorado__City_of_Fountain_Transit__mdb_mdb-309,City of Fountain Transit,Colorado,88287,City of Aspen,CO,manual_override,100.0,1,26,3,35,,1.0,1.0,0.0,,,Tier II,routes/Colorado__City_of_Fountain_Transit__mdb_mdb-309_routes.geojson,stops/Colorado__City_of_Fountain_Transit__mdb_mdb-309_stops.geojson
Colorado__Clear_Creek_County_Transit__mdb_mdb-313,Clear Creek County Transit,Colorado,88290,La Plata County,CO,manual_override,100.0,2,39,6,53,,0.0,0.0,0.0,,,Tier II,routes/Colorado__Clear_Creek_County_Transit__mdb_mdb-313_routes.geojson,stops/Colorado__Clear_Creek_County_Transit__mdb_mdb-313_stops.geojson
Colorado__Colorado_Mountain_Express__mdb_mdb-172,Epic Mountain Express,Colorado,80159,Mountain Express,CO,manual_override,100.0,3,450,10,26,18.0,0.0,0.0,0.0,,,Tier II,routes/Colorado__Colorado_Mountain_Express__mdb_mdb-172_routes.geojson,stops/Colorado__Colorado_Mountain_Express__mdb_mdb-172_stops.geojson
Colorado__Colorado_School_Of_Mines__mdb_mdb-2413,City of Golden,Colorado,80274,"Canon City Golden Age Council, Inc, dba: Fremont County Transit",CO,manual_override,100.0,3,336,6,30,9.0,0.0,0.0,0.0,,,Tier II,routes/Colorado__Colorado_School_Of_Mines__mdb_mdb-2413_routes.geojson,stops/Colorado__Colorado_School_Of_Mines__mdb_mdb-2413_stops.geojson
Colorado__Cripple_Creek_Transportation__mdb_mdb-2042,Cripple Creek Transportation,Colorado,88294,"San Miguel Authority for Regional Transportation, dba: SMART",CO,manual_override,100.0,4,71,6,20,16.0,0.0,0.0,0.0,,,Tier II,routes/Colorado__Cripple_Creek_Transportation__mdb_mdb-2042_routes.geojson,stops/Colorado__Cripple_Creek_Transportation__mdb_mdb-2042_stops.geojson
Colorado__Cripple_Creek_Transportation__mdb_mdb-317,Cripple Creek Transportation,Colorado,88294,"San Miguel Authority for Regional Transportation, dba: SMART",CO,manual_override,100.0,3,68,6,20,16.0,0.0,0.0,0.0,,,Tier II,routes/Colorado__Cripple_Creek_Transportation__mdb_mdb-317_routes.geojson,stops/Colorado__Cripple_Creek_Transportation__mdb_mdb-317_stops.geojson
Colorado__Durango_Transit__mdb_mdb-456,Durango Transit,Colorado,80206,"City of Durango, dba: Durango Transit",CO,manual_override,100.0,5,168,6,106,12.0,2.0,1.0,1.0,,,Tier II,routes/Colorado__Durango_Transit__mdb_mdb-456_routes.geojson,stops/Colorado__Durango_Transit__mdb_mdb-456_stops.geojson
Colorado__Envida__mdb_mdb-2044,Envida,Colorado,88288,"Disability Services, Inc., dba: Envida",CO,manual_override,100.0,3,14,11,41,22.0,0.0,0.0,0.0,275.0,515853.0,Tier II,routes/Colorado__Envida__mdb_mdb-2044_routes.geojson,stops/Colorado__Envida__mdb_mdb-2044_stops.geojson
Colorado__Envida__mdb_mdb-455,Envida,Colorado,88288,"Disability Services, Inc., dba: Envida",CO,manual_override,100.0,4,22,21,41,22.0,0.0,0.0,0.0,275.0,515853.0,Tier II,routes/Colorado__Envida__mdb_mdb-455_routes.geojson,stops/Colorado__Envida__mdb_mdb-455_stops.geojson
Colorado__Estes_Transit__mdb_mdb-2047,Estes Transit,Colorado,88305,"Eagle Valley Transportation Authority, dba: Core Transit",CO,manual_override,100.0,5,288,5,68,,0.0,0.0,0.0,,,Tier II,routes/Colorado__Estes_Transit__mdb_mdb-2047_routes.geojson,stops/Colorado__Estes_Transit__mdb_mdb-2047_stops.geojson
Colorado__Estes_Transit__mdb_mdb-459,Estes Transit,Colorado,88305,"Eagle Valley Transportation Authority, dba: Core Transit",CO,manual_override,100.0,5,288,5,68,,0.0,0.0,0.0,,,Tier II,routes/Colorado__Estes_Transit__mdb_mdb-459_routes.geojson,stops/Colorado__Estes_Transit__mdb_mdb-459_stops.geojson
Colorado__Greeley-Evans_Transit_(GET)__mdb_mdb-2076,Gallop,Colorado,80010,"Greeley, City Of, dba: Greeley Evans Transit",CO,manual_override,100.0,7,516,14,250,30.0,2.0,1.0,0.0,36.0,139706.0,Tier II,routes/Colorado__Greeley-Evans_Transit_(GET)__mdb_mdb-2076_routes.geojson,stops/Colorado__Greeley-Evans_Transit_(GET)__mdb_mdb-2076_stops.geojson
Colorado__Gunnison_Valley_Transportation_Authority_(RTA)__mdb_mdb-163,Gunnison Valley RTA,Colorado,80150,"Gunnison Valley Rural Transportation Authority, dba: Gunnison Valley RTA",CO,manual_override,100.0,1,148,2,25,14.0,0.0,0.0,0.0,,,Tier II,routes/Colorado__Gunnison_Valley_Transportation_Authority_(RTA)__mdb_mdb-163_routes.geojson,stops/Colorado__Gunnison_Valley_Transportation_Authority_(RTA)__mdb_mdb-163_stops.geojson
Colorado__Home_James__mdb_mdb-607,Home James,Colorado,80124,"James River Senior Citizens Center, Inc., dba: JRSC Center & Public Transit",ND,manual_override,100.0,1,30,2,91,10.0,1.0,0.0,1.0,,,Tier II,routes/Colorado__Home_James__mdb_mdb-607_routes.geojson,stops/Colorado__Home_James__mdb_mdb-607_stops.geojson
Colorado__Kiowa_County_Transit__mdb_mdb-2169,Kiowa County Transit,Colorado,88305,"Eagle Valley Transportation Authority, dba: Core Transit",CO,manual_override,100.0,1,1,1,2,,0.0,0.0,0.0,,,Tier II,routes/Colorado__Kiowa_County_Transit__mdb_mdb-2169_routes.geojson,stops/Colorado__Kiowa_County_Transit__mdb_mdb-2169_stops.geojson
Colorado__Lake_County_Senior_Center_Transportation_Program__mdb_mdb-2291,Lake County Senior Center Transportation Program,Colorado,88213,"Lake County, dba: Lake County Senior Center Transportation Program",CO,manual_override,100.0,1,1,1,1,,0.0,0.0,0.0,,,Tier II,routes/Colorado__Lake_County_Senior_Center_Transportation_Program__mdb_mdb-2291_routes.geojson,stops/Colorado__Lake_County_Senior_Center_Transportation_Program__mdb_mdb-2291_stops.geojson
Colorado__Outback_Express__mdb_mdb-2306,Outback Express,Colorado,80179,"City of Burlington, dba: Outback Express",CO,manual_override,100.0,3,7,4,1,1.0,0.0,0.0,0.0,,,Tier II,routes/Colorado__Outback_Express__mdb_mdb-2306_routes.geojson,stops/Colorado__Outback_Express__mdb_mdb-2306_stops.geojson
Colorado__Parachute_Area_Transit_System__mdb_tld-5746,Parachute Area Transit System,Colorado,88215,"Montrose County Senior Citizens Transportation, Inc., dba: All Points Transit",CO,manual_override,100.0,2,20,14,16,34.0,0.0,0.0,0.0,,,Tier II,routes/Colorado__Parachute_Area_Transit_System__mdb_tld-5746_routes.geojson,stops/Colorado__Parachute_Area_Transit_System__mdb_tld-5746_stops.geojson
Colorado__Prairie_Express_Transit__mdb_mdb-801,Prairie Express Transit,Colorado,88230,"Teller Senior Coalition, dba: TSC Transit",CO,manual_override,100.0,1,22,2,21,13.0,0.0,0.0,0.0,,,Tier II,routes/Colorado__Prairie_Express_Transit__mdb_mdb-801_routes.geojson,stops/Colorado__Prairie_Express_Transit__mdb_mdb-801_stops.geojson
Colorado__Pueblo_Transit__mdb_mdb-1232,Pueblo Transit,Colorado,80007,"City of Pueblo, dba: Pueblo Transit",CO,manual_override,100.0,14,541,27,401,26.0,2.0,1.0,0.0,39.0,113460.0,Tier II,routes/Colorado__Pueblo_Transit__mdb_mdb-1232_routes.geojson,stops/Colorado__Pueblo_Transit__mdb_mdb-1232_stops.geojson
Colorado__Pueblo_Transit__mdb_mdb-2232,Pueblo Transit,Colorado,80007,"City of Pueblo, dba: Pueblo Transit",CO,manual_override,100.0,13,540,27,401,26.0,2.0,1.0,0.0,39.0,113460.0,Tier II,routes/Colorado__Pueblo_Transit__mdb_mdb-2232_routes.geojson,stops/Colorado__Pueblo_Transit__mdb_mdb-2232_stops.geojson
Colorado__Regional_Transportation_District_(RTD)__mdb_mdb-178,Regional Transportation District,Colorado,80006,"Denver Regional Transportation District, dba: RTD-Denver",CO,manual_override,100.0,127,21567,486,7585,1011.0,215.0,89.0,9.0,2342.0,3098079.0,Tier I (Rail),routes/Colorado__Regional_Transportation_District_(RTD)__mdb_mdb-178_routes.geojson,stops/Colorado__Regional_Transportation_District_(RTD)__mdb_mdb-178_stops.geojson
Colorado__Regional_Transportation_District_(RTD)__mdb_mdb-2280,Colorado Department of Transportation,Colorado,80006,"Denver Regional Transportation District, dba: RTD-Denver",CO,manual_override,100.0,7,257,28,58,1011.0,215.0,89.0,9.0,2342.0,3098079.0,Tier I (Rail),routes/Colorado__Regional_Transportation_District_(RTD)__mdb_mdb-2280_routes.geojson,stops/Colorado__Regional_Transportation_District_(RTD)__mdb_mdb-2280_stops.geojson
Colorado__Regional_Transportation_District__mdb_mdb-2054,Regional Transportation District,Colorado,80006,"Denver Regional Transportation District, dba: RTD-Denver",CO,manual_override,100.0,151,22027,536,7686,1011.0,215.0,89.0,9.0,2342.0,3098079.0,Tier I (Rail),routes/Colorado__Regional_Transportation_District__mdb_mdb-2054_routes.geojson,stops/Colorado__Regional_Transportation_District__mdb_mdb-2054_stops.geojson
Colorado__RoadrunnerTransit__mdb_mdb-805,Road Runner Transit,Colorado,80189,"Southern Colorado Community Action Agency, Inc., dba: Road Runner Transit / Ignacio Senior Center",CO,manual_override,100.0,1,8,3,23,7.0,0.0,0.0,0.0,,,Tier II,routes/Colorado__RoadrunnerTransit__mdb_mdb-805_routes.geojson,stops/Colorado__RoadrunnerTransit__mdb_mdb-805_stops.geojson
Colorado__Roaring_Fork_Transportation_Authority__mdb_mdb-2278,RFTA,Colorado,80289,Roaring Fork Transportation Authority,CO,manual_override,100.0,13,10094,43,200,97.0,42.0,15.0,2.0,,,Tier II,routes/Colorado__Roaring_Fork_Transportation_Authority__mdb_mdb-2278_routes.geojson,stops/Colorado__Roaring_Fork_Transportation_Authority__mdb_mdb-2278_stops.geojson
Colorado__Rocky_Mountain_National_Park__mdb_mdb-3211,Rocky Mountain National Park Shuttles,Colorado,88286,"Mountain Family Center, dba: Grand Seniors Transportation Program",CO,manual_override,100.0,3,168,6,12,,0.0,0.0,0.0,,,Tier II,routes/Colorado__Rocky_Mountain_National_Park__mdb_mdb-3211_routes.geojson,stops/Colorado__Rocky_Mountain_National_Park__mdb_mdb-3211_stops.geojson
Colorado__Rocky_Mountain_National_Park_Shuttles__mdb_mdb-176,Rocky Mountain National Park Shuttles,Colorado,88286,"Mountain Family Center, dba: Grand Seniors Transportation Program",CO,manual_override,100.0,3,168,6,12,,0.0,0.0,0.0,,,Tier II,routes/Colorado__Rocky_Mountain_National_Park_Shuttles__mdb_mdb-176_routes.geojson,stops/Colorado__Rocky_Mountain_National_Park_Shuttles__mdb_mdb-176_stops.geojson
Colorado__Routt_County_Council_on_Aging_(RCCOCA)_Transportation__mdb_mdb-2178,RCCOA Transportation,Colorado,88292,Routt County Council on Aging,CO,manual_override,100.0,1,3,2,5,,0.0,0.0,0.0,,,Tier II,routes/Colorado__Routt_County_Council_on_Aging_(RCCOCA)_Transportation__mdb_mdb-2178_routes.geojson,stops/Colorado__Routt_County_Council_on_Aging_(RCCOCA)_Transportation__mdb_mdb-2178_stops.geojson
Colorado__San_Miguel_County__mdb_mdb-2195,Town of Mountain Village | Town of Telluride | SMART,Colorado,88294,"San Miguel Authority for Regional Transportation, dba: SMART",CO,manual_override,100.0,13,589,30,69,16.0,0.0,0.0,0.0,,,Tier II,routes/Colorado__San_Miguel_County__mdb_mdb-2195_routes.geojson,stops/Colorado__San_Miguel_County__mdb_mdb-2195_stops.geojson
Colorado__Snowmass_Village_Transportation__mdb_mdb-164,Snowmass,Colorado,80263,"Town of Snowmass Village, dba: Village Shuttle",CO,manual_override,100.0,2,114,2,21,24.0,6.0,3.0,0.0,,,Tier II,routes/Colorado__Snowmass_Village_Transportation__mdb_mdb-164_routes.geojson,stops/Colorado__Snowmass_Village_Transportation__mdb_mdb-164_stops.geojson
Colorado__South_Central_Council_of_Governments_(SCCOG)__mdb_mdb-2181,SCCOG Transit,Colorado,80227,"Huerfano/Las Animas Area Council of Governments, dba: South Central Council of Governments",CO,manual_override,100.0,1,24,24,1,7.0,0.0,0.0,0.0,,,Tier II,routes/Colorado__South_Central_Council_of_Governments_(SCCOG)__mdb_mdb-2181_routes.geojson,stops/Colorado__South_Central_Council_of_Governments_(SCCOG)__mdb_mdb-2181_stops.geojson
"Colorado__Steamboat_Springs_Transit,_Yellow_Zone__mdb_tld-5757",Steamboat Springs Transit | Yellow Zone,Colorado,80186,"City of Steamboat Springs, dba: Steamboat Springs Transit",CO,manual_override,100.0,11,214,13,149,26.0,3.0,1.0,0.0,,,Tier II,"routes/Colorado__Steamboat_Springs_Transit,_Yellow_Zone__mdb_tld-5757_routes.geojson","stops/Colorado__Steamboat_Springs_Transit,_Yellow_Zone__mdb_tld-5757_stops.geojson"
Colorado__Steamboat_Springs_Transit__mdb_mdb-2051,Steamboat Springs Transit | Yellow Zone,Colorado,80186,"City of Steamboat Springs, dba: Steamboat Springs Transit",CO,manual_override,100.0,12,215,13,149,26.0,3.0,1.0,0.0,,,Tier II,routes/Colorado__Steamboat_Springs_Transit__mdb_mdb-2051_routes.geojson,stops/Colorado__Steamboat_Springs_Transit__mdb_mdb-2051_stops.geojson
Colorado__Summit_Stage__mdb_mdb-820,Summit Stage,Colorado,80161,"Summit County, dba: Summit Stage",CO,manual_override,100.0,14,632,39,152,31.0,4.0,2.0,1.0,,,Tier II,routes/Colorado__Summit_Stage__mdb_mdb-820_routes.geojson,stops/Colorado__Summit_Stage__mdb_mdb-820_stops.geojson
Colorado__Teller_Senior_Coalition_Transit_(TSC_Transit)__mdb_mdb-827,TSC Transit,Colorado,88230,"Teller Senior Coalition, dba: TSC Transit",CO,manual_override,100.0,1,5,5,19,13.0,0.0,0.0,0.0,,,Tier II,routes/Colorado__Teller_Senior_Coalition_Transit_(TSC_Transit)__mdb_mdb-827_routes.geojson,stops/Colorado__Teller_Senior_Coalition_Transit_(TSC_Transit)__mdb_mdb-827_stops.geojson
Colorado__Town_of_Estes_Park__mdb_mdb-177,Estes Transit,Colorado,88281,"Town of Estes Park, dba: The Peak",CO,manual_override,100.0,5,288,5,68,6.0,0.0,0.0,0.0,,,Tier II,routes/Colorado__Town_of_Estes_Park__mdb_mdb-177_routes.geojson,stops/Colorado__Town_of_Estes_Park__mdb_mdb-177_stops.geojson
Colorado__Town_of_Telluride__mdb_mdb-2050,Town of Mountain Village | Town of Telluride | SMART,Colorado,88294,"San Miguel Authority for Regional Transportation, dba: SMART",CO,manual_override,100.0,15,587,27,69,16.0,0.0,0.0,0.0,,,Tier II,routes/Colorado__Town_of_Telluride__mdb_mdb-2050_routes.geojson,stops/Colorado__Town_of_Telluride__mdb_mdb-2050_stops.geojson
Colorado__University_of_Colorado_Boulder__mdb_mdb-181,University of Colorado Boulder,Colorado,88287,City of Aspen,CO,manual_override,100.0,3,828,5,41,,1.0,1.0,0.0,,,Tier II,routes/Colorado__University_of_Colorado_Boulder__mdb_mdb-181_routes.geojson,stops/Colorado__University_of_Colorado_Boulder__mdb_mdb-181_stops.geojson
Colorado__Upper_Arkansas_Area_Council_of_Governments__mdb_mdb-2188,Fremont County Transit | Wet Mountain Valley Rotary Van Service,Colorado,80274,"Canon City Golden Age Council, Inc, dba: Fremont County Transit",CO,manual_override,100.0,2,4,4,6,9.0,0.0,0.0,0.0,,,Tier II,routes/Colorado__Upper_Arkansas_Area_Council_of_Governments__mdb_mdb-2188_routes.geojson,stops/Colorado__Upper_Arkansas_Area_Council_of_Governments__mdb_mdb-2188_stops.geojson
Colorado__Vail_Transit__mdb_mdb-174,Vail Transit,Colorado,88298,"Town of Vail, dba: Vail Transit",CO,manual_override,100.0,13,524,15,112,27.0,5.0,2.0,1.0,,,Tier II,routes/Colorado__Vail_Transit__mdb_mdb-174_routes.geojson,stops/Colorado__Vail_Transit__mdb_mdb-174_stops.geojson
Colorado__Via_Mobility__mdb_mdb-2395,Via Mobility Services,Colorado,80285,"Via Mobility Services, dba: Via",CO,manual_override,100.0,9,397,18,169,59.0,2.0,0.0,1.0,2500.0,2991231.0,Tier II,routes/Colorado__Via_Mobility__mdb_mdb-2395_routes.geojson,stops/Colorado__Via_Mobility__mdb_mdb-2395_stops.geojson
Colorado__Winter_Park_Transit__mdb_mdb-175,The Lift,Colorado,88225,"Town of Winter Park, dba: The Lift",CO,manual_override,100.0,11,77,9,136,27.0,1.0,0.0,0.0,,,Tier II,routes/Colorado__Winter_Park_Transit__mdb_mdb-175_routes.geojson,stops/Colorado__Winter_Park_Transit__mdb_mdb-175_stops.geojson
Connecticut__Connecticut_Transit__mdb_mdb-2840,CONN DOT,Connecticut,10156,Northeastern Connecticut Transit District,CT,manual_override,100.0,1,39,39,9,16.0,0.0,0.0,0.0,,,Tier II,routes/Connecticut__Connecticut_Transit__mdb_mdb-2840_routes.geojson,stops/Connecticut__Connecticut_Transit__mdb_mdb-2840_stops.geojson
Connecticut__Connecticut_Transit__mdb_mdb-553,CTtransit | CTTransit - New Britain | CTTransit - Waterbury-Meriden | CTTransit- New Haven | CTTransit- Hartford | CTTransit- Stamford,Connecticut,10156,Northeastern Connecticut Transit District,CT,manual_override,100.0,187,20494,1102,9625,16.0,0.0,0.0,0.0,,,Tier II,routes/Connecticut__Connecticut_Transit__mdb_mdb-553_routes.geojson,stops/Connecticut__Connecticut_Transit__mdb_mdb-553_stops.geojson
Connecticut__Greater_Bridgeport_Transit__mdb_mdb-530,Greater Bridgeport Transit,Connecticut,10050,Greater Bridgeport Transit Authority,CT,manual_override,100.0,16,1753,94,1209,63.0,2.0,1.0,0.0,102.0,362408.0,Tier II,routes/Connecticut__Greater_Bridgeport_Transit__mdb_mdb-530_routes.geojson,stops/Connecticut__Greater_Bridgeport_Transit__mdb_mdb-530_stops.geojson
Connecticut__Housatonic_Area_Regional_Transit__mdb_tld-4385,HARTransit,Connecticut,10051,"Housatonic Area Regional Transit, dba: HARTransit",CT,manual_override,100.0,16,624,136,570,41.0,2.0,1.0,0.0,124.0,154855.0,Tier II,routes/Connecticut__Housatonic_Area_Regional_Transit__mdb_tld-4385_routes.geojson,stops/Connecticut__Housatonic_Area_Regional_Transit__mdb_tld-4385_stops.geojson
Connecticut__Metro-North_Railroad__mdb_mdb-524,Metro-North Railroad,Connecticut,20078,"Metro-North Commuter Railroad Company, dba: MTA Metro-North Railroad",NY,manual_override,100.0,6,49138,38,114,1151.0,247.0,127.0,9.0,527.0,6503894.0,Tier I (Rail),routes/Connecticut__Metro-North_Railroad__mdb_mdb-524_routes.geojson,stops/Connecticut__Metro-North_Railroad__mdb_mdb-524_stops.geojson
Connecticut__Middletown_Area_Transit_(MAT)__mdb_mdb-551,River Valley Transit,Connecticut,10140,"Estuary Transit District, dba: River Valley Transit",CT,manual_override,100.0,17,514,43,795,23.0,3.0,1.0,1.0,439.0,164245.0,Tier II,routes/Connecticut__Middletown_Area_Transit_(MAT)__mdb_mdb-551_routes.geojson,stops/Connecticut__Middletown_Area_Transit_(MAT)__mdb_mdb-551_stops.geojson
Connecticut__Milford_Transit_District__mdb_ntd-10107,Milford Transit District,Connecticut,10107,Milford Transit District,CT,manual_override,100.0,3,57,4,15,11.0,1.0,0.0,0.0,24.0,52759.0,Tier II,routes/Connecticut__Milford_Transit_District__mdb_ntd-10107_routes.geojson,stops/Connecticut__Milford_Transit_District__mdb_ntd-10107_stops.geojson
Connecticut__Norwalk_Transit_System_(NTS)__mdb_mdb-2242,Norwalk Transit District,Connecticut,10057,Norwalk Transit District,CT,manual_override,100.0,9,943,41,252,75.0,1.0,0.0,0.0,45.0,118325.0,Tier II,routes/Connecticut__Norwalk_Transit_System_(NTS)__mdb_mdb-2242_routes.geojson,stops/Connecticut__Norwalk_Transit_System_(NTS)__mdb_mdb-2242_stops.geojson
Connecticut__Pioneer_Valley_Transit_Authority_(PVTA)__mdb_mdb-2416,Pioneer Valley Transit Authority | Link413,Connecticut,10042,Valley Transit District,CT,manual_override,100.0,63,16831,393,1980,12.0,2.0,0.0,1.0,58.0,88770.0,Tier II,routes/Connecticut__Pioneer_Valley_Transit_Authority_(PVTA)__mdb_mdb-2416_routes.geojson,stops/Connecticut__Pioneer_Valley_Transit_Authority_(PVTA)__mdb_mdb-2416_stops.geojson
Connecticut__River_Valley_Transit__mdb_tld-5750,River Valley Transit,Connecticut,10140,"Estuary Transit District, dba: River Valley Transit",CT,manual_override,100.0,17,514,43,795,23.0,3.0,1.0,1.0,439.0,164245.0,Tier II,routes/Connecticut__River_Valley_Transit__mdb_tld-5750_routes.geojson,stops/Connecticut__River_Valley_Transit__mdb_tld-5750_stops.geojson
Connecticut__Southeast_Area_Transit_District__mdb_mdb-2240,Southeast Area Transit District,Connecticut,10040,Southeast Area Transit District,CT,manual_override,100.0,17,808,46,610,28.0,2.0,1.0,0.0,156.0,167885.0,Tier II,routes/Connecticut__Southeast_Area_Transit_District__mdb_mdb-2240_routes.geojson,stops/Connecticut__Southeast_Area_Transit_District__mdb_mdb-2240_stops.geojson
Connecticut__University_of_Connecticut_(UCONN___WRTD)__mdb_tld-4473,University of Connecticut (UCONN / WRTD),Connecticut,11217,Town of Cheshire,CT,manual_override,100.0,41,748,40,224,0.0,0.0,0.0,0.0,,,,routes/Connecticut__University_of_Connecticut_(UCONN___WRTD)__mdb_tld-4473_routes.geojson,stops/Connecticut__University_of_Connecticut_(UCONN___WRTD)__mdb_tld-4473_stops.geojson
Delaware__Delaware_Transit_Corporation_(DART_First_State)__mdb_mdb-1235,Dart First State,Delaware,30075,Delaware Transit Corporation,DE,manual_override,100.0,46,4123,172,2334,502.0,28.0,4.0,4.0,1948.0,1031890.0,Tier I (Fixed Route VOMS),routes/Delaware__Delaware_Transit_Corporation_(DART_First_State)__mdb_mdb-1235_routes.geojson,stops/Delaware__Delaware_Transit_Corporation_(DART_First_State)__mdb_mdb-1235_stops.geojson
Delaware__Southeastern_Pennsylvania_Transportation_Authority_(SEPTA)__mdb_mdb-502,SEPTA,Delaware,30075,Delaware Transit Corporation,DE,manual_override,100.0,168,35446,978,14054,502.0,28.0,4.0,4.0,1948.0,1031890.0,Tier I (Fixed Route VOMS),routes/Delaware__Southeastern_Pennsylvania_Transportation_Authority_(SEPTA)__mdb_mdb-502_routes.geojson,stops/Delaware__Southeastern_Pennsylvania_Transportation_Authority_(SEPTA)__mdb_mdb-502_stops.geojson
Delaware__Southeastern_Pennsylvania_Transportation_Authority_(SEPTA)__mdb_mdb-503,SEPTA,Delaware,30075,Delaware Transit Corporation,DE,manual_override,100.0,13,2193,26,156,502.0,28.0,4.0,4.0,1948.0,1031890.0,Tier I (Fixed Route VOMS),routes/Delaware__Southeastern_Pennsylvania_Transportation_Authority_(SEPTA)__mdb_mdb-503_routes.geojson,stops/Delaware__Southeastern_Pennsylvania_Transportation_Authority_(SEPTA)__mdb_mdb-503_stops.geojson
District_of_Columbia__Fairfax_Connector__mdb_mdb-483,Fairfax Connector,District_of_Columbia,30068,"Fairfax County, VA, dba: Fairfax Connector Bus System",VA,manual_override,100.0,91,9620,229,3119,275.0,14.0,10.0,3.0,407.0,1172646.0,Tier I (Fixed Route VOMS),routes/District_of_Columbia__Fairfax_Connector__mdb_mdb-483_routes.geojson,stops/District_of_Columbia__Fairfax_Connector__mdb_mdb-483_stops.geojson
District_of_Columbia__Maryland_Transit_Administration__mdb_mdb-467,Maryland Transit Administration,District_of_Columbia,30034,"Maryland Transit Administration, dba: MTA",MD,manual_override,100.0,37,713,130,497,1834.0,247.0,91.0,61.0,2560.0,7811145.0,Tier I (Rail),routes/District_of_Columbia__Maryland_Transit_Administration__mdb_mdb-467_routes.geojson,stops/District_of_Columbia__Maryland_Transit_Administration__mdb_mdb-467_stops.geojson
District_of_Columbia__Maryland_Transit_Administration__mdb_mdb-468,Maryland Transit Administration,District_of_Columbia,30034,"Maryland Transit Administration, dba: MTA",MD,manual_override,100.0,3,179,42,79,1834.0,247.0,91.0,61.0,2560.0,7811145.0,Tier I (Rail),routes/District_of_Columbia__Maryland_Transit_Administration__mdb_mdb-468_routes.geojson,stops/District_of_Columbia__Maryland_Transit_Administration__mdb_mdb-468_stops.geojson
District_of_Columbia__Virginia_Breeze__mdb_mdb-3506,"Virginia Breeze, Operated by Academy | Virginia Breeze, Operated by Dillon's",District_of_Columbia,31026,"Dillion's Bus Service, Inc., dba: Virginia Breeze Bus",MD,manual_override,100.0,14,14,14,35,,0.0,0.0,0.0,,,,routes/District_of_Columbia__Virginia_Breeze__mdb_mdb-3506_routes.geojson,stops/District_of_Columbia__Virginia_Breeze__mdb_mdb-3506_stops.geojson
District_of_Columbia__Virginia_Railway_Express__mdb_tld-61,Virginia Railway Express,District_of_Columbia,30073,Virginia Railway Express,VA,manual_override,100.0,2,50,2,68,99.0,49.0,19.0,6.0,730.0,2415555.0,Tier I (Rail),routes/District_of_Columbia__Virginia_Railway_Express__mdb_tld-61_routes.geojson,stops/District_of_Columbia__Virginia_Railway_Express__mdb_tld-61_stops.geojson
District_of_Columbia__Washington_Metropolitan_Area_Transit_Authority_(WMATA)__mdb_mdb-1846,WMATA,District_of_Columbia,30030,"Washington Metropolitan Area Transit Authority, dba: Washington Metro",DC,manual_override,100.0,126,98429,395,7540,2774.0,321.0,99.0,72.0,1108.0,4645915.0,Tier I (Rail),routes/District_of_Columbia__Washington_Metropolitan_Area_Transit_Authority_(WMATA)__mdb_mdb-1846_routes.geojson,stops/District_of_Columbia__Washington_Metropolitan_Area_Transit_Authority_(WMATA)__mdb_mdb-1846_stops.geojson
District_of_Columbia__Washington_Metropolitan_Area_Transit_Authority_(WMATA)__mdb_mdb-1847,WMATA,District_of_Columbia,30030,"Washington Metropolitan Area Transit Authority, dba: Washington Metro",DC,manual_override,100.0,6,10812,335,2176,2774.0,321.0,99.0,72.0,1108.0,4645915.0,Tier I (Rail),routes/District_of_Columbia__Washington_Metropolitan_Area_Transit_Authority_(WMATA)__mdb_mdb-1847_routes.geojson,stops/District_of_Columbia__Washington_Metropolitan_Area_Transit_Authority_(WMATA)__mdb_mdb-1847_stops.geojson
Florida__Brightline_Trains_LLC__mdb_mdb-1126,Brightline | Event Train,Florida,41095,Florida Department of Transportation,FL,manual_override,100.0,1,524,2,6,37.0,0.0,0.0,0.0,,,Tier II,routes/Florida__Brightline_Trains_LLC__mdb_mdb-1126_routes.geojson,stops/Florida__Brightline_Trains_LLC__mdb_mdb-1126_stops.geojson
Florida__Broward_County_Transit__mdb_mdb-330,Broward County Transit,Florida,40029,"Broward County Board of County Commissioners, dba: Broward County Transit Division",FL,manual_override,100.0,44,5926,166,4793,568.0,16.0,6.0,3.0,410.0,2200561.0,Tier I (Fixed Route VOMS),routes/Florida__Broward_County_Transit__mdb_mdb-330_routes.geojson,stops/Florida__Broward_County_Transit__mdb_mdb-330_stops.geojson
Florida__Central_Florida_Regional_Transit_Authority_(LYNX)__mdb_mdb-347,Central Florida Regional Transit Authority,Florida,40035,Central Florida Regional Transportation Authority,FL,manual_override,100.0,62,15341,346,3691,556.0,9.0,1.0,5.0,2864.0,2456081.0,Tier I (Fixed Route VOMS),routes/Florida__Central_Florida_Regional_Transit_Authority_(LYNX)__mdb_mdb-347_routes.geojson,stops/Florida__Central_Florida_Regional_Transit_Authority_(LYNX)__mdb_mdb-347_stops.geojson
Florida__City_of_Miami_Beach__mdb_mdb-2322,City of Miami Beach,Florida,41199,"Board of County Commissioners of St. Lucie County, dba: Area Regional Transit",FL,manual_override,100.0,6,300,30,232,57.0,1.0,1.0,0.0,572.0,358704.0,Tier II,routes/Florida__City_of_Miami_Beach__mdb_mdb-2322_routes.geojson,stops/Florida__City_of_Miami_Beach__mdb_mdb-2322_stops.geojson
Florida__City_of_Miami_Gardens__mdb_mdb-2323,City of Miami Gardens,Florida,41199,"Board of County Commissioners of St. Lucie County, dba: Area Regional Transit",FL,manual_override,100.0,4,51,8,117,57.0,1.0,1.0,0.0,572.0,358704.0,Tier II,routes/Florida__City_of_Miami_Gardens__mdb_mdb-2323_routes.geojson,stops/Florida__City_of_Miami_Gardens__mdb_mdb-2323_stops.geojson
Florida__Collier_Area_Transit_(CAT)__mdb_mdb-2259,CAT,Florida,40140,"Collier County, dba: Collier Area Transit",FL,manual_override,100.0,16,689,48,1112,55.0,6.0,2.0,2.0,1997.0,404310.0,Tier II,routes/Florida__Collier_Area_Transit_(CAT)__mdb_mdb-2259_routes.geojson,stops/Florida__Collier_Area_Transit_(CAT)__mdb_mdb-2259_stops.geojson
Florida__Dry_Tortugas_National_Park__mdb_mdb-3207,National Park Service,Florida,40261,"City of Dania Beach, dba: Community Bus Service",FL,manual_override,100.0,1,2,2,2,3.0,0.0,0.0,0.0,,,,routes/Florida__Dry_Tortugas_National_Park__mdb_mdb-3207_routes.geojson,stops/Florida__Dry_Tortugas_National_Park__mdb_mdb-3207_stops.geojson
Florida__Florida_Department_of_Transportation_(SunRail)__mdb_mdb-626,Florida Department of Transportation,Florida,41095,Florida Department of Transportation,FL,manual_override,100.0,1,42,2,17,37.0,0.0,0.0,0.0,,,Tier II,routes/Florida__Florida_Department_of_Transportation_(SunRail)__mdb_mdb-626_routes.geojson,stops/Florida__Florida_Department_of_Transportation_(SunRail)__mdb_mdb-626_stops.geojson
Florida__Fort_Matanzas_National_Monument__mdb_tld-6905,National Park Service,Florida,40261,"City of Dania Beach, dba: Community Bus Service",FL,manual_override,100.0,1,14,2,2,3.0,0.0,0.0,0.0,,,,routes/Florida__Fort_Matanzas_National_Monument__mdb_tld-6905_routes.geojson,stops/Florida__Fort_Matanzas_National_Monument__mdb_tld-6905_stops.geojson
Florida__Gulf_Islands_National_Seashore__mdb_mdb-3209,National Park Service,Florida,40261,"City of Dania Beach, dba: Community Bus Service",FL,manual_override,100.0,1,3,2,3,3.0,0.0,0.0,0.0,,,,routes/Florida__Gulf_Islands_National_Seashore__mdb_mdb-3209_routes.geojson,stops/Florida__Gulf_Islands_National_Seashore__mdb_mdb-3209_stops.geojson
Florida__Hendry_County_Transit_System__mdb_tld-7914,Hendry County Transit System,Florida,41199,"Board of County Commissioners of St. Lucie County, dba: Area Regional Transit",FL,manual_override,100.0,3,21,17,49,57.0,1.0,1.0,0.0,572.0,358704.0,Tier II,routes/Florida__Hendry_County_Transit_System__mdb_tld-7914_routes.geojson,stops/Florida__Hendry_County_Transit_System__mdb_tld-7914_stops.geojson
Florida__Hillsborough_Area_Regional_Transit_(HART)__mdb_mdb-325,Hillsborough Area Regional Transit | Tampa International Airport,Florida,40041,Hillsborough Area Regional Transit Authority,FL,manual_override,100.0,32,6307,78,2246,209.0,27.0,18.0,2.0,418.0,1127178.0,Tier I (Rail),routes/Florida__Hillsborough_Area_Regional_Transit_(HART)__mdb_mdb-325_routes.geojson,stops/Florida__Hillsborough_Area_Regional_Transit_(HART)__mdb_mdb-325_stops.geojson
Florida__I-RIDE_Trolley_(I-RIDE)__mdb_mdb-1143,I-Ride Trolley,Florida,40920,Ride Solution,FL,manual_override,100.0,3,82,3,187,11.0,1.0,0.0,0.0,137.0,503506.0,Tier II,routes/Florida__I-RIDE_Trolley_(I-RIDE)__mdb_mdb-1143_routes.geojson,stops/Florida__I-RIDE_Trolley_(I-RIDE)__mdb_mdb-1143_stops.geojson
Florida__Indian_River_Transit__mdb_ntd-40104,Indian River Transit,Florida,41199,"Board of County Commissioners of St. Lucie County, dba: Area Regional Transit",FL,manual_override,100.0,15,337,15,474,57.0,1.0,1.0,0.0,572.0,358704.0,Tier II,routes/Florida__Indian_River_Transit__mdb_ntd-40104_routes.geojson,stops/Florida__Indian_River_Transit__mdb_ntd-40104_stops.geojson
Florida__Jacksonville_Transportation_Authority__mdb_tld-764,Jacksonville Transportation Authority,Florida,40040,Jacksonville Transportation Authority,FL,manual_override,100.0,45,4717,156,2501,271.0,45.0,15.0,3.0,1807.0,1285641.0,Tier I (Rail),routes/Florida__Jacksonville_Transportation_Authority__mdb_tld-764_routes.geojson,stops/Florida__Jacksonville_Transportation_Authority__mdb_tld-764_stops.geojson
Florida__Lake_County_Connection__mdb_mdb-2255,LakeXpress,Florida,40158,"Lake County Board of County Commissioners, dba: LakeXpress",FL,manual_override,100.0,10,197,25,507,42.0,1.0,0.0,0.0,71.0,97497.0,Tier II,routes/Florida__Lake_County_Connection__mdb_mdb-2255_routes.geojson,stops/Florida__Lake_County_Connection__mdb_mdb-2255_stops.geojson
Florida__Lakeland_Area_Mass_Transit_District__mdb_tld-5899,Citrus Connection,Florida,40031,"Lakeland Area Mass Transit District, dba: Citrus Connection",FL,manual_override,100.0,9,104,9,236,80.0,8.0,2.0,1.0,1798.0,818330.0,Tier II,routes/Florida__Lakeland_Area_Mass_Transit_District__mdb_tld-5899_routes.geojson,stops/Florida__Lakeland_Area_Mass_Transit_District__mdb_tld-5899_stops.geojson
Florida__LauderGO!_Water_Trolley__mdb_ntd-44929,LauderGO! Water Trolley,Florida,90225,"San Francisco Bay Area Water Emergency Transportation Authority, dba: San Francisco Bay Ferry",CA,manual_override,100.0,1,35,1,8,11.0,22.0,14.0,0.0,127.0,345375.0,Tier II,routes/Florida__LauderGO!_Water_Trolley__mdb_ntd-44929_routes.geojson,stops/Florida__LauderGO!_Water_Trolley__mdb_ntd-44929_stops.geojson
Florida__LeeTran__mdb_mdb-324,LeeTran,Florida,40028,"Lee County, dba: LeeTran",FL,manual_override,100.0,22,2522,86,1550,85.0,10.0,5.0,3.0,820.0,840698.0,Tier II,routes/Florida__LeeTran__mdb_mdb-324_routes.geojson,stops/Florida__LeeTran__mdb_mdb-324_stops.geojson
Florida__Manatee_County_Area_Transit__mdb_mdb-2258,Manatee County Area Transit,Florida,40026,"Manatee County Board of County Commissioners, dba: Manatee County Area Transit",FL,manual_override,100.0,16,1226,58,928,57.0,4.0,3.0,0.0,743.0,439566.0,Tier II,routes/Florida__Manatee_County_Area_Transit__mdb_mdb-2258_routes.geojson,stops/Florida__Manatee_County_Area_Transit__mdb_mdb-2258_stops.geojson
Florida__Martin_County_Public_Transit__mdb_tld-4506,Martin County,Florida,40192,Martin County,FL,manual_override,100.0,5,150,11,94,11.0,0.0,0.0,0.0,65.0,159942.0,Tier II,routes/Florida__Martin_County_Public_Transit__mdb_tld-4506_routes.geojson,stops/Florida__Martin_County_Public_Transit__mdb_tld-4506_stops.geojson
Florida__Miami-Dade_Transit__mdb_mdb-331,Miami-Dade Transit,Florida,41199,"Board of County Commissioners of St. Lucie County, dba: Area Regional Transit",FL,manual_override,100.0,123,24285,290,6973,57.0,1.0,1.0,0.0,572.0,358704.0,Tier II,routes/Florida__Miami-Dade_Transit__mdb_mdb-331_routes.geojson,stops/Florida__Miami-Dade_Transit__mdb_mdb-331_stops.geojson
Florida__National_Park_Service__mdb_tld-6676,National Park Service,Florida,40261,"City of Dania Beach, dba: Community Bus Service",FL,manual_override,100.0,1,3,2,3,3.0,0.0,0.0,0.0,,,,routes/Florida__National_Park_Service__mdb_tld-6676_routes.geojson,stops/Florida__National_Park_Service__mdb_tld-6676_stops.geojson
Florida__Palm_Tran__mdb_mdb-332,Palm Tran,Florida,40037,"Board of County Commissioners, Palm Beach County, dba: Palm Tran, Inc.",FL,manual_override,100.0,29,5100,258,2696,396.0,9.0,1.0,4.0,1702.0,1492191.0,Tier I (Fixed Route VOMS),routes/Florida__Palm_Tran__mdb_mdb-332_routes.geojson,stops/Florida__Palm_Tran__mdb_mdb-332_stops.geojson
Florida__Sarasota_County_Area_Transit_(SCAT)__mdb_mdb-348,Space Coast Area Transit,Florida,40063,"Brevard Board of County Commissioners, dba: Space Coast Area Transit",FL,manual_override,100.0,24,888,86,1088,91.0,2.0,0.0,1.0,1015.0,653703.0,Tier II,routes/Florida__Sarasota_County_Area_Transit_(SCAT)__mdb_mdb-348_routes.geojson,stops/Florida__Sarasota_County_Area_Transit_(SCAT)__mdb_mdb-348_stops.geojson
Florida__South_Florida_Regional_Transportation_Authority_(Tri-Rail)__mdb_mdb-333,Tri-Rail,Florida,40077,"South Florida Regional Transportation Authority, dba: Tri-Rail",FL,manual_override,100.0,4,233,7,23,46.0,42.0,19.0,2.0,32.0,156313.0,Tier I (Rail),routes/Florida__South_Florida_Regional_Transportation_Authority_(Tri-Rail)__mdb_mdb-333_routes.geojson,stops/Florida__South_Florida_Regional_Transportation_Authority_(Tri-Rail)__mdb_mdb-333_stops.geojson
Florida__South_Florida_Regional_Transportation_Authority__mdb_tld-492,Tri-Rail,Florida,40077,"South Florida Regional Transportation Authority, dba: Tri-Rail",FL,manual_override,100.0,3,245,7,23,46.0,42.0,19.0,2.0,32.0,156313.0,Tier I (Rail),routes/Florida__South_Florida_Regional_Transportation_Authority__mdb_tld-492_routes.geojson,stops/Florida__South_Florida_Regional_Transportation_Authority__mdb_tld-492_stops.geojson
Florida__Space_Coast_Area_Transit__mdb_ntd-40063,Space Coast Area Transit,Florida,40063,"Brevard Board of County Commissioners, dba: Space Coast Area Transit",FL,manual_override,100.0,24,888,86,1088,91.0,2.0,0.0,1.0,1015.0,653703.0,Tier II,routes/Florida__Space_Coast_Area_Transit__mdb_ntd-40063_routes.geojson,stops/Florida__Space_Coast_Area_Transit__mdb_ntd-40063_stops.geojson
Florida__USF_Bull_Runner__mdb_mdb-329,USF Bull Runner,Florida,80189,"Southern Colorado Community Action Agency, Inc., dba: Road Runner Transit / Ignacio Senior Center",CO,manual_override,100.0,7,19,7,125,7.0,0.0,0.0,0.0,,,Tier II,routes/Florida__USF_Bull_Runner__mdb_mdb-329_routes.geojson,stops/Florida__USF_Bull_Runner__mdb_mdb-329_stops.geojson
Georgia__Athens_Clarke_County_Transit__mdb_tld-4777,Athens Clarke County Transit,Georgia,40047,"Athens-Clarke County Unified Government, dba: Athens-Clarke County Transit Department",GA,manual_override,100.0,18,912,42,509,18.0,3.0,1.0,1.0,47.0,127358.0,Tier II,routes/Georgia__Athens_Clarke_County_Transit__mdb_tld-4777_routes.geojson,stops/Georgia__Athens_Clarke_County_Transit__mdb_tld-4777_stops.geojson
"Georgia__City_of_Hinesville,_Georgia__mdb_ntd-40193",Liberty Transit,Georgia,40193,"City of Hinesville, Georgia, dba: Liberty Transit",GA,manual_override,100.0,3,26,6,87,5.0,0.0,0.0,0.0,37.0,53107.0,Tier II,"routes/Georgia__City_of_Hinesville,_Georgia__mdb_ntd-40193_routes.geojson","stops/Georgia__City_of_Hinesville,_Georgia__mdb_ntd-40193_stops.geojson"
Georgia__CobbLinc__mdb_mdb-3193,CobbLinc,Georgia,40078,"Cobb County, dba: CobbLinc",GA,manual_override,100.0,10,1177,25,625,76.0,13.0,2.0,2.0,210.0,776743.0,Tier II,routes/Georgia__CobbLinc__mdb_mdb-3193_routes.geojson,stops/Georgia__CobbLinc__mdb_mdb-3193_stops.geojson
Georgia__Concho_Valley_Transit_District__mdb_tld-5864,Concho Valley Transit,Georgia,44945,"North Georgia Community Action, Inc., dba: Mountain Area Transit System (MATS)",GA,manual_override,100.0,9,169,8,207,26.0,0.0,0.0,0.0,,,Tier II,routes/Georgia__Concho_Valley_Transit_District__mdb_tld-5864_routes.geojson,stops/Georgia__Concho_Valley_Transit_District__mdb_tld-5864_stops.geojson
Georgia__Connect_Douglas__mdb_tld-5551,Connect Douglas,Georgia,40082,"County of Douglas, dba: Connect Douglas",GA,manual_override,100.0,6,131,9,153,20.0,5.0,0.0,1.0,201.0,142224.0,Tier II,routes/Georgia__Connect_Douglas__mdb_tld-5551_routes.geojson,stops/Georgia__Connect_Douglas__mdb_tld-5551_stops.geojson
Georgia__Georgia_Tech_Stinger_Bus__mdb_tld-478_1,Georgia Institute of Technology,Georgia,44982,"Southern Georgia Regional Commission, dba: SGRC",GA,manual_override,100.0,10,32,9,68,61.0,0.0,0.0,0.0,,,Tier II,routes/Georgia__Georgia_Tech_Stinger_Bus__mdb_tld-478_1_routes.geojson,stops/Georgia__Georgia_Tech_Stinger_Bus__mdb_tld-478_1_stops.geojson
Georgia__Gwinnett_County_Transit__mdb_mdb-2241,Ride Gwinnett,Georgia,40138,"Gwinnett County Board of Commissioners, dba: Ride Gwinnett",GA,manual_override,100.0,9,2792,44,872,77.0,6.0,3.0,0.0,220.0,935454.0,Tier II,routes/Georgia__Gwinnett_County_Transit__mdb_mdb-2241_routes.geojson,stops/Georgia__Gwinnett_County_Transit__mdb_mdb-2241_stops.geojson
Georgia__METRA__mdb_ntd-40024,METRA,Georgia,50118,"Northeast Illinois Regional Commuter Railroad Corporation, dba: Metra",IL,manual_override,100.0,10,278,24,944,951.0,1180.0,239.0,35.0,3947.0,8615017.0,Tier I (Rail),routes/Georgia__METRA__mdb_ntd-40024_routes.geojson,stops/Georgia__METRA__mdb_ntd-40024_stops.geojson
Georgia__Rochester_Institute_of_Technology__mdb_tld-5863,Rochester Institute of Technology (RIT),Georgia,41149,City of Americus,GA,manual_override,100.0,13,353,13,85,5.0,0.0,0.0,0.0,,,Tier II,routes/Georgia__Rochester_Institute_of_Technology__mdb_tld-5863_routes.geojson,stops/Georgia__Rochester_Institute_of_Technology__mdb_tld-5863_stops.geojson
Georgia__University_of_Georgia__mdb_tld-2276,University of Georgia (UGA),Georgia,40180,"University of Georgia, dba: Transportation and Parking Services",GA,manual_override,100.0,19,233,22,161,56.0,3.0,0.0,1.0,14.0,119648.0,Tier II,routes/Georgia__University_of_Georgia__mdb_tld-2276_routes.geojson,stops/Georgia__University_of_Georgia__mdb_tld-2276_stops.geojson
Hawaii__Maui_County_Transit__mdb_ntd-90241,Maui County Transit,Hawaii,90241,County of Maui,HI,manual_override,100.0,12,240,18,216,62.0,0.0,0.0,0.0,727.0,78477.0,Tier II,routes/Hawaii__Maui_County_Transit__mdb_ntd-90241_routes.geojson,stops/Hawaii__Maui_County_Transit__mdb_ntd-90241_stops.geojson
Hawaii__The_Kauai_Bus__mdb_ntd-90237,The Kauai Bus,Hawaii,90237,"County of Kaua'i, dba: Kaua'i Bus",HI,manual_override,100.0,11,238,17,126,25.0,4.0,0.0,1.0,,,Tier II,routes/Hawaii__The_Kauai_Bus__mdb_ntd-90237_routes.geojson,stops/Hawaii__The_Kauai_Bus__mdb_ntd-90237_stops.geojson
Hawaii__TheBus__mdb_mdb-2350,TheBus | Skyline,Hawaii,90002,City and County of Honolulu,HI,manual_override,100.0,118,37779,560,3843,715.0,38.0,14.0,10.0,277.0,1016508.0,Tier I (Rail),routes/Hawaii__TheBus__mdb_mdb-2350_routes.geojson,stops/Hawaii__TheBus__mdb_mdb-2350_stops.geojson
Idaho__Citylink_North_(Kootenai_County)__mdb_tld-4791,Citylink North (Kootenai County),Idaho,00055,"Kootenai County, dba: Citylink North",ID,manual_override,100.0,3,60,3,82,4.0,2.0,2.0,0.0,32.0,90132.0,Tier II,routes/Idaho__Citylink_North_(Kootenai_County)__mdb_tld-4791_routes.geojson,stops/Idaho__Citylink_North_(Kootenai_County)__mdb_tld-4791_stops.geojson
Idaho__Citylink_South_(Kootenai_County)__mdb_tld-4792,Citylink South (Kootenai County),Idaho,00055,"Kootenai County, dba: Citylink North",ID,manual_override,100.0,2,31,2,19,4.0,2.0,2.0,0.0,32.0,90132.0,Tier II,routes/Idaho__Citylink_South_(Kootenai_County)__mdb_tld-4792_routes.geojson,stops/Idaho__Citylink_South_(Kootenai_County)__mdb_tld-4792_stops.geojson
Idaho__Lewiston_Transit_System_and_Asotin_County_Public_Transportation_Benefit_Area_(PTBA)__mdb_mdb-2298,Lewiston Transit System | Asotin County PTBA,Idaho,00048,"City of Lewiston, dba: Lewiston Transit System",ID,manual_override,100.0,8,155,14,124,5.0,0.0,0.0,0.0,17.0,54798.0,Tier II,routes/Idaho__Lewiston_Transit_System_and_Asotin_County_Public_Transportation_Benefit_Area_(PTBA)__mdb_mdb-2298_routes.geojson,stops/Idaho__Lewiston_Transit_System_and_Asotin_County_Public_Transportation_Benefit_Area_(PTBA)__mdb_mdb-2298_stops.geojson
Idaho__Mountain_Rides_Transportation_Authority_(MRTA)__mdb_mdb-2282,Mountain Rides Transportation Authority,Idaho,00311,Mountain Rides Transportation Authority,ID,manual_override,100.0,8,173,8,167,34.0,2.0,0.0,1.0,,,Tier II,routes/Idaho__Mountain_Rides_Transportation_Authority_(MRTA)__mdb_mdb-2282_routes.geojson,stops/Idaho__Mountain_Rides_Transportation_Authority_(MRTA)__mdb_mdb-2282_stops.geojson
Idaho__Pocatello_Regional_Transit__mdb_mdb-171,Pocatello Regional Transit,Idaho,00022,"City of Pocatello, dba: Pocatello Regional Transit",ID,manual_override,100.0,9,416,18,286,24.0,2.0,1.0,0.0,5460.0,175045.0,Tier II,routes/Idaho__Pocatello_Regional_Transit__mdb_mdb-171_routes.geojson,stops/Idaho__Pocatello_Regional_Transit__mdb_mdb-171_stops.geojson
Idaho__Valley_Regional_Transit__mdb_mdb-142,Valley Regional Transit,Idaho,00011,Valley Regional Transit,ID,manual_override,100.0,20,5564,44,562,77.0,4.0,1.0,1.0,,,,routes/Idaho__Valley_Regional_Transit__mdb_mdb-142_routes.geojson,stops/Idaho__Valley_Regional_Transit__mdb_mdb-142_stops.geojson
Illinois__Champaign-Urbana_Mass_Transit_District__mdb_ntd-50060,Champaign Urbana Mass Transit District,Illinois,50060,Champaign-Urbana Mass Transit District,IL,manual_override,100.0,90,5348,632,1921,123.0,5.0,1.0,0.0,41.0,136289.0,Tier II,routes/Illinois__Champaign-Urbana_Mass_Transit_District__mdb_ntd-50060_routes.geojson,stops/Illinois__Champaign-Urbana_Mass_Transit_District__mdb_ntd-50060_stops.geojson
Illinois__Chicago_Transit_Authority_(CTA)__mdb_mdb-389,Chicago Transit Authority,Illinois,50066,Chicago Transit Authority,IL,manual_override,100.0,132,96025,1499,11138,2505.0,253.0,158.0,20.0,282.0,3200664.0,Tier I (Rail),routes/Illinois__Chicago_Transit_Authority_(CTA)__mdb_mdb-389_routes.geojson,stops/Illinois__Chicago_Transit_Authority_(CTA)__mdb_mdb-389_stops.geojson
Illinois__Chicago_Water_Taxi__mdb_mdb-306,Chicago Water Taxi,Illinois,50521,Chicago Water Taxi (Wendella),IL,manual_override,100.0,1,2075,4,7,3.0,7.0,7.0,0.0,89.0,69764.0,Tier II,routes/Illinois__Chicago_Water_Taxi__mdb_mdb-306_routes.geojson,stops/Illinois__Chicago_Water_Taxi__mdb_mdb-306_stops.geojson
Illinois__City_of_Galesburg__mdb_ntd-50502,Galesburg Public Transportation,Illinois,50502,"City of Galesburg, dba: City of Galesburg Public Transportation",IL,manual_override,100.0,8,110,8,119,10.0,1.0,0.0,0.0,,,Tier II,routes/Illinois__City_of_Galesburg__mdb_ntd-50502_routes.geojson,stops/Illinois__City_of_Galesburg__mdb_ntd-50502_stops.geojson
Illinois__Connect_Transit__mdb_mdb-2267,Connect Transit,Illinois,50047,"Bloomington-Normal Public Transit System, dba: Connect Transit",IL,manual_override,100.0,18,2348,34,458,52.0,3.0,1.0,1.0,46.0,131416.0,Tier II,routes/Illinois__Connect_Transit__mdb_mdb-2267_routes.geojson,stops/Illinois__Connect_Transit__mdb_mdb-2267_stops.geojson
Illinois__Decatur_Public_Transit_System__mdb_tld-7036,Decatur Public Transit System,Illinois,50061,"City of Decatur, Il, dba: Decatur Public Transit System",IL,manual_override,100.0,24,1397,67,897,26.0,2.0,1.0,0.0,53.0,74746.0,Tier II,routes/Illinois__Decatur_Public_Transit_System__mdb_tld-7036_routes.geojson,stops/Illinois__Decatur_Public_Transit_System__mdb_tld-7036_stops.geojson
Illinois__DeKalb_Public_Transit__mdb_mdb-308,DeKalb Public Transit,Illinois,50176,"City of DeKalb, dba: City of DeKalb Public Transit",IL,manual_override,100.0,11,5210,14,210,33.0,0.0,0.0,0.0,19.0,64769.0,Tier II,routes/Illinois__DeKalb_Public_Transit__mdb_mdb-308_routes.geojson,stops/Illinois__DeKalb_Public_Transit__mdb_mdb-308_stops.geojson
Illinois__Greater_Peoria_Mass_Transit_(CityLink)__mdb_mdb-2208,CityLink,Illinois,50056,"Greater Peoria Mass Transit District, dba: CityLink",IL,manual_override,100.0,18,5155,44,883,71.0,4.0,1.0,1.0,105.0,240110.0,Tier II,routes/Illinois__Greater_Peoria_Mass_Transit_(CityLink)__mdb_mdb-2208_routes.geojson,stops/Illinois__Greater_Peoria_Mass_Transit_(CityLink)__mdb_mdb-2208_stops.geojson
Illinois__JAX_Mass_Transit_District__mdb_mdb-3408,JAX Mass Transit,Illinois,50414,West Central Mass Transit District,IL,manual_override,100.0,7,93,6,61,25.0,2.0,0.0,0.0,,,Tier II,routes/Illinois__JAX_Mass_Transit_District__mdb_mdb-3408_routes.geojson,stops/Illinois__JAX_Mass_Transit_District__mdb_mdb-3408_stops.geojson
Illinois__Metra__mdb_mdb-2854,,Illinois,50118,"Northeast Illinois Regional Commuter Railroad Corporation, dba: Metra",IL,manual_override,100.0,11,0,31,241,951.0,1180.0,239.0,35.0,3947.0,8615017.0,Tier I (Rail),routes/Illinois__Metra__mdb_mdb-2854_routes.geojson,stops/Illinois__Metra__mdb_mdb-2854_stops.geojson
Illinois__Pace_Bus__mdb_mdb-2347,PACE,Illinois,50182,"Pace, the Suburban Bus Division of the Regional Transportation Authority, dba: Pace Suburban Bus",IL,manual_override,100.0,134,14303,773,13770,1480.0,0.0,0.0,0.0,,,,routes/Illinois__Pace_Bus__mdb_mdb-2347_routes.geojson,stops/Illinois__Pace_Bus__mdb_mdb-2347_stops.geojson
Illinois__South_Shore_Line__mdb_mdb-585,Northern Indiana Commuter Transportation District,Illinois,55307,"Sangamon County, dba: Sangamon/Menard Area Regional Transit",IL,manual_override,100.0,2,139,6,21,6.0,0.0,0.0,0.0,,,Tier II,routes/Illinois__South_Shore_Line__mdb_mdb-585_routes.geojson,stops/Illinois__South_Shore_Line__mdb_mdb-585_stops.geojson
Illinois__Springfield_Mass_Transit_District_(SMTD)__mdb_mdb-3187,SMTD,Illinois,50059,"Springfield Mass Transit District, dba: Sangamon Mass Transit District",IL,manual_override,100.0,28,3503,60,1026,66.0,7.0,0.0,3.0,175.0,167405.0,Tier II,routes/Illinois__Springfield_Mass_Transit_District_(SMTD)__mdb_mdb-3187_routes.geojson,stops/Illinois__Springfield_Mass_Transit_District_(SMTD)__mdb_mdb-3187_stops.geojson
Illinois__University_of_Chicago__mdb_tld-4472,University of Chicago,Illinois,50569,Chicago State University,IL,manual_override,100.0,15,487,15,91,1.0,0.0,0.0,0.0,,,,routes/Illinois__University_of_Chicago__mdb_tld-4472_routes.geojson,stops/Illinois__University_of_Chicago__mdb_tld-4472_stops.geojson
Indiana__Bloomington_Transit__mdb_mdb-2066,Bloomington Transit,Indiana,50110,"Bloomington Public Transportation Corporation, dba: Bloomington Transit",IN,manual_override,100.0,15,1270,41,536,55.0,3.0,1.0,1.0,21.0,86987.0,Tier II,routes/Indiana__Bloomington_Transit__mdb_mdb-2066_routes.geojson,stops/Indiana__Bloomington_Transit__mdb_mdb-2066_stops.geojson
"Indiana__Central_Indiana_Regional_Transportation_Authority,_Access_Johnson_County__mdb_ntd-50209",Central Indiana Regional Transportation Authority | Access Johnson County,Indiana,50256,Access Johnson County,IN,manual_override,100.0,16,98,13,78,16.0,1.0,0.0,0.0,1046.0,199332.0,Tier II,"routes/Indiana__Central_Indiana_Regional_Transportation_Authority,_Access_Johnson_County__mdb_ntd-50209_routes.geojson","stops/Indiana__Central_Indiana_Regional_Transportation_Authority,_Access_Johnson_County__mdb_ntd-50209_stops.geojson"
Indiana__Citilink__mdb_mdb-2266,Citilink,Indiana,50044,"Fort Wayne Public Transportation Corporation, dba: Citilink",IN,manual_override,100.0,20,954,59,746,40.0,4.0,2.0,1.0,123.0,279469.0,Tier II,routes/Indiana__Citilink__mdb_mdb-2266_routes.geojson,stops/Indiana__Citilink__mdb_mdb-2266_stops.geojson
Indiana__City_of_Kokomo__mdb_ntd-50145,City-Line Trolley,Indiana,50145,City of Kokomo,IN,manual_override,100.0,6,70,6,241,30.0,3.0,1.0,1.0,80.0,62576.0,Tier II,routes/Indiana__City_of_Kokomo__mdb_ntd-50145_routes.geojson,stops/Indiana__City_of_Kokomo__mdb_ntd-50145_stops.geojson
Indiana__CityBus_of_Greater_Lafayette_Indiana_(CityBus)__mdb_mdb-391,CityBus Root,Indiana,50051,"Greater Lafayette Public Transportation Corporation, dba: CityBus",IN,manual_override,100.0,18,3157,49,624,53.0,3.0,1.0,1.0,74.0,134333.0,Tier II,routes/Indiana__CityBus_of_Greater_Lafayette_Indiana_(CityBus)__mdb_mdb-391_routes.geojson,stops/Indiana__CityBus_of_Greater_Lafayette_Indiana_(CityBus)__mdb_mdb-391_stops.geojson
Indiana__Gary_Public_Transportation_Corporation__mdb_tld-4129,Gary Public Transportation Corp,Indiana,50045,Gary Public Transportation Corporation,IN,manual_override,100.0,10,303,26,315,20.0,2.0,1.0,1.0,38.0,102746.0,Tier II,routes/Indiana__Gary_Public_Transportation_Corporation__mdb_tld-4129_routes.geojson,stops/Indiana__Gary_Public_Transportation_Corporation__mdb_tld-4129_stops.geojson
Indiana__Interurban_Trolley__mdb_mdb-571,Interurban Trolley (MACOG) | Kosciusko Area Bus Service,Indiana,50289,"Cardinal Services, dba: Kosciusko Area Bus Service",IN,manual_override,100.0,6,324,17,399,9.0,1.0,0.0,0.0,,,Tier II,routes/Indiana__Interurban_Trolley__mdb_mdb-571_routes.geojson,stops/Indiana__Interurban_Trolley__mdb_mdb-571_stops.geojson
Indiana__South_Bend_Public_Transportation_Corporation__mdb_tld-7019,"Transpo (South Bend, IN)",Indiana,50052,"South Bend Public Transportation Corporation, dba: Transpo",IN,manual_override,100.0,27,951,53,928,57.0,3.0,2.0,0.0,68.0,154346.0,Tier II,routes/Indiana__South_Bend_Public_Transportation_Corporation__mdb_tld-7019_routes.geojson,stops/Indiana__South_Bend_Public_Transportation_Corporation__mdb_tld-7019_stops.geojson
Indiana__Transit_Authority_of_River_City_(TARC)__mdb_mdb-2662,Transit Authority of River City,Indiana,55676,"Adams County Council on Aging, dba: Adams County Public Transit",IN,manual_override,100.0,14,5837,606,1370,7.0,0.0,0.0,0.0,,,Tier II,routes/Indiana__Transit_Authority_of_River_City_(TARC)__mdb_mdb-2662_routes.geojson,stops/Indiana__Transit_Authority_of_River_City_(TARC)__mdb_mdb-2662_stops.geojson
Indiana__Valparaiso_Transit__mdb_mdb-620,Valparaiso Transit,Indiana,50183,"City of Valparaiso, dba: Valpo Transit",IN,manual_override,100.0,4,37,5,155,9.0,3.0,0.0,1.0,16.0,34627.0,Tier II,routes/Indiana__Valparaiso_Transit__mdb_mdb-620_routes.geojson,stops/Indiana__Valparaiso_Transit__mdb_mdb-620_stops.geojson
Iowa__10-15_Transit__mdb_mdb-195,10-15 Transit,Iowa,70242,"10-15 Regional Transit Agency, dba: 10-15 Transit",IA,manual_override,100.0,6,71,14,163,93.0,3.0,0.0,0.0,,,Tier II,routes/Iowa__10-15_Transit__mdb_mdb-195_routes.geojson,stops/Iowa__10-15_Transit__mdb_mdb-195_stops.geojson
Iowa__Bettendorf_Transit__mdb_mdb-1826,City of Bettendorf,Iowa,70007,"City of Bettendorf, dba: Bettendorf Transit System",IA,manual_override,100.0,3,49,6,155,3.0,4.0,0.0,2.0,22.0,39107.0,Tier II,routes/Iowa__Bettendorf_Transit__mdb_mdb-1826_routes.geojson,stops/Iowa__Bettendorf_Transit__mdb_mdb-1826_stops.geojson
Iowa__Burlington_Urban_Service__mdb_mdb-199,Burlington Urban Service,Iowa,70111,"City of Burlington, dba: Burlington Urban Service",IA,manual_override,100.0,6,30,13,401,11.0,1.0,1.0,0.0,,,Tier II,routes/Iowa__Burlington_Urban_Service__mdb_mdb-199_routes.geojson,stops/Iowa__Burlington_Urban_Service__mdb_mdb-199_stops.geojson
Iowa__Cedar_Rapids_Transit__mdb_mdb-198,Cedar Rapids Transit,Iowa,70008,"City of Cedar Rapids, dba: Cedar Rapids Transit",IA,manual_override,100.0,12,385,24,580,25.0,2.0,1.0,0.0,78.0,158890.0,Tier II,routes/Iowa__Cedar_Rapids_Transit__mdb_mdb-198_routes.geojson,stops/Iowa__Cedar_Rapids_Transit__mdb_mdb-198_stops.geojson
Iowa__Clinton_Municipal_Transit_Administration_(Clinton_MTA)__mdb_mdb-202,Clinton MTA,Iowa,70240,"Regional Transit Authority, dba: Rides",IA,manual_override,100.0,6,127,6,224,58.0,5.0,0.0,0.0,,,Tier II,routes/Iowa__Clinton_Municipal_Transit_Administration_(Clinton_MTA)__mdb_mdb-202_routes.geojson,stops/Iowa__Clinton_Municipal_Transit_Administration_(Clinton_MTA)__mdb_mdb-202_stops.geojson
Iowa__Coralville_Transit__mdb_mdb-196,Coralville Transit,Iowa,70030,"City of Coralville, dba: Coralville Transit System",IA,manual_override,100.0,6,147,16,117,7.0,2.0,0.0,0.0,36.0,44524.0,Tier II,routes/Iowa__Coralville_Transit__mdb_mdb-196_routes.geojson,stops/Iowa__Coralville_Transit__mdb_mdb-196_stops.geojson
Iowa__CorridorRides__mdb_mdb-316,CorridorRides,Iowa,70138,"East Central Iowa Council of Governments, dba: Corridor Rides",IA,manual_override,100.0,2,46,8,8,27.0,0.0,0.0,0.0,26.0,74950.0,Tier II,routes/Iowa__CorridorRides__mdb_mdb-316_routes.geojson,stops/Iowa__CorridorRides__mdb_mdb-316_stops.geojson
Iowa__CyRide__mdb_mdb-923,CyRide,Iowa,70041,"Ames Transit Agency, dba: CyRide",IA,manual_override,100.0,23,1735,24,358,62.0,2.0,1.0,1.0,15.0,54445.0,Tier II,routes/Iowa__CyRide__mdb_mdb-923_routes.geojson,stops/Iowa__CyRide__mdb_mdb-923_stops.geojson
Iowa__Des_Moines_Area_Regional_Transit_Authority_(DART)__mdb_mdb-193,Des Moines Area Regional Transit Authority,Iowa,70010,Des Moines Area Regional Transit Authority,IA,manual_override,100.0,17,1712,82,938,140.0,7.0,1.0,4.0,616.0,534049.0,Tier II,routes/Iowa__Des_Moines_Area_Regional_Transit_Authority_(DART)__mdb_mdb-193_routes.geojson,stops/Iowa__Des_Moines_Area_Regional_Transit_Authority_(DART)__mdb_mdb-193_stops.geojson
Iowa__Dodger_Area_Rapid_Transit__mdb_mdb-203,Dodger Area Rapid Transit,Iowa,70108,"City of Fort Dodge, dba: Dodger Area Rapid Transit",IA,manual_override,100.0,6,76,12,148,18.0,1.0,0.0,0.0,,,Tier II,routes/Iowa__Dodger_Area_Rapid_Transit__mdb_mdb-203_routes.geojson,stops/Iowa__Dodger_Area_Rapid_Transit__mdb_mdb-203_stops.geojson
Iowa__Iowa_City_Transit_System__mdb_mdb-559,Iowa City Transit System,Iowa,70018,"City of Iowa City, dba: Iowa City Transit",IA,manual_override,100.0,13,502,30,355,21.0,2.0,0.0,0.0,26.0,75671.0,Tier II,routes/Iowa__Iowa_City_Transit_System__mdb_mdb-559_routes.geojson,stops/Iowa__Iowa_City_Transit_System__mdb_mdb-559_stops.geojson
Iowa__Marshalltown_Municipal_Transit__mdb_mdb-194,Marshalltown Municipal Transit,Iowa,70092,"City of Marshalltown, dba: Marshalltown Municipal Transit",IA,manual_override,100.0,11,49,12,525,4.0,0.0,0.0,0.0,,,Tier II,routes/Iowa__Marshalltown_Municipal_Transit__mdb_mdb-194_routes.geojson,stops/Iowa__Marshalltown_Municipal_Transit__mdb_mdb-194_stops.geojson
Iowa__Mason_City_Public_Transit__mdb_mdb-204,Mason City Public Transit,Iowa,70260,"City of Mason City, dba: Mason City Transit",IA,manual_override,100.0,5,132,6,89,12.0,2.0,2.0,0.0,,,Tier II,routes/Iowa__Mason_City_Public_Transit__mdb_mdb-204_routes.geojson,stops/Iowa__Mason_City_Public_Transit__mdb_mdb-204_stops.geojson
Iowa__Metropolitan_Transit_Authority_of_Black_Hawk_County__mdb_mdb-2414,Metropolitan Transit Authority of Black Hawk County,Iowa,70013,"Metropolitan Transit Authority of Black Hawk County, dba: MET Transit",IA,manual_override,100.0,11,396,23,280,27.0,2.0,1.0,0.0,51.0,108519.0,Tier II,routes/Iowa__Metropolitan_Transit_Authority_of_Black_Hawk_County__mdb_mdb-2414_routes.geojson,stops/Iowa__Metropolitan_Transit_Authority_of_Black_Hawk_County__mdb_mdb-2414_stops.geojson
Iowa__MuscaBus__mdb_mdb-200,MuscaBus,Iowa,70101,"City of Muscatine, dba: MuscaBus",IA,manual_override,100.0,4,113,17,179,12.0,1.0,0.0,0.0,,,Tier II,routes/Iowa__MuscaBus__mdb_mdb-200_routes.geojson,stops/Iowa__MuscaBus__mdb_mdb-200_stops.geojson
Iowa__Sioux_City_Transit_System__mdb_mdb-191,Sioux City Transit System,Iowa,70012,"City of Sioux City, dba: Sioux City Transit System",IA,manual_override,100.0,11,600,29,679,28.0,2.0,1.0,1.0,40.0,95097.0,Tier II,routes/Iowa__Sioux_City_Transit_System__mdb_mdb-191_routes.geojson,stops/Iowa__Sioux_City_Transit_System__mdb_mdb-191_stops.geojson
Iowa__The_Jule__mdb_mdb-2083,The Jule,Iowa,70011,"City of Dubuque, dba: The Jule",IA,manual_override,100.0,18,324,35,272,19.0,2.0,1.0,0.0,26.0,60140.0,Tier II,routes/Iowa__The_Jule__mdb_mdb-2083_routes.geojson,stops/Iowa__The_Jule__mdb_mdb-2083_stops.geojson
Iowa__University_of_Iowa_-_CAMBUS_(CAMBUS)__mdb_mdb-197,University of Iowa - CAMBUS,Iowa,70019,University of Iowa,IA,manual_override,100.0,7,929,25,95,28.0,1.0,0.0,1.0,30.0,79240.0,Tier II,routes/Iowa__University_of_Iowa_-_CAMBUS_(CAMBUS)__mdb_mdb-197_routes.geojson,stops/Iowa__University_of_Iowa_-_CAMBUS_(CAMBUS)__mdb_mdb-197_stops.geojson
Kansas__Developmental_Services_of_NW_Kansas_ACCESS_Transportation__mdb_ntd-70060,Developmental Services of NW Kansas/ACCESS Transportation,Kansas,70060,"Developmental Services of Northwest Kansas, Inc., dba: Access Transportation",KS,manual_override,100.0,1,236,3,3,11.0,1.0,0.0,0.0,,,Tier II,routes/Kansas__Developmental_Services_of_NW_Kansas_ACCESS_Transportation__mdb_ntd-70060_routes.geojson,stops/Kansas__Developmental_Services_of_NW_Kansas_ACCESS_Transportation__mdb_ntd-70060_stops.geojson
Kansas__Flint_Hills_Area_Transportation_Agency__mdb_tld-4273,Flint Hills ATA,Kansas,70053,"Flint Hills Area Transportation Agency, Inc, dba: ATABUS",KS,manual_override,100.0,8,233,17,169,20.0,1.0,0.0,0.0,1836.0,133834.0,Tier II,routes/Kansas__Flint_Hills_Area_Transportation_Agency__mdb_tld-4273_routes.geojson,stops/Kansas__Flint_Hills_Area_Transportation_Agency__mdb_tld-4273_stops.geojson
Kansas__Johnson_County_Transit__mdb_mdb-2303,RideKC Johnson County,Kansas,70035,"Johnson County Kansas, dba: Johnson County Transit",KS,manual_override,100.0,9,238,22,571,109.0,1.0,0.0,0.0,135.0,384054.0,Tier II,routes/Kansas__Johnson_County_Transit__mdb_mdb-2303_routes.geojson,stops/Kansas__Johnson_County_Transit__mdb_mdb-2303_stops.geojson
Kansas__Kansas_City_Area_Transportation_Authority_(KCATA)__mdb_mdb-187,Kansas City Area Transportation Authority,Kansas,77079,"Northeast Kansas Area Agency on Aging, dba: NEKAAA General Public Transportation",KS,manual_override,100.0,30,5377,101,2300,7.0,0.0,0.0,0.0,,,Tier II,routes/Kansas__Kansas_City_Area_Transportation_Authority_(KCATA)__mdb_mdb-187_routes.geojson,stops/Kansas__Kansas_City_Area_Transportation_Authority_(KCATA)__mdb_mdb-187_stops.geojson
Kansas__KU_on_Wheels_&_Lawrence_Transit_System__mdb_mdb-2063,Lawrence Transit,Kansas,70048,"City of Lawrence, dba: Lawrence Transit",KS,manual_override,100.0,20,1943,40,440,44.0,1.0,1.0,0.0,38.0,96207.0,Tier II,routes/Kansas__KU_on_Wheels_&_Lawrence_Transit_System__mdb_mdb-2063_routes.geojson,stops/Kansas__KU_on_Wheels_&_Lawrence_Transit_System__mdb_mdb-2063_stops.geojson
Kansas__KU_on_Wheels_&_Lawrence_Transit_System__mdb_tld-1039,Lawrence Transit,Kansas,70048,"City of Lawrence, dba: Lawrence Transit",KS,manual_override,100.0,30,6120,64,457,44.0,1.0,1.0,0.0,38.0,96207.0,Tier II,routes/Kansas__KU_on_Wheels_&_Lawrence_Transit_System__mdb_tld-1039_routes.geojson,stops/Kansas__KU_on_Wheels_&_Lawrence_Transit_System__mdb_tld-1039_stops.geojson
Kansas__Reno_County_Area_Transit__mdb_tld-6670,Reno County Area Transit,Kansas,70180,"Reno County, dba: Reno County Area Transit",KS,manual_override,100.0,4,72,8,40,10.0,1.0,0.0,0.0,,,Tier II,routes/Kansas__Reno_County_Area_Transit__mdb_tld-6670_routes.geojson,stops/Kansas__Reno_County_Area_Transit__mdb_tld-6670_stops.geojson
Kansas__Topeka_Metro__mdb_tld-1660_1,Topeka Metro,Kansas,70014,"Topeka Metropolitan Transit Authority, dba: Topeka Metro",KS,manual_override,100.0,12,965,29,605,35.0,3.0,1.0,1.0,58.0,127473.0,Tier II,routes/Kansas__Topeka_Metro__mdb_tld-1660_1_routes.geojson,stops/Kansas__Topeka_Metro__mdb_tld-1660_1_stops.geojson
Kentucky__Blue_Grass_Community_Action_Partnership__mdb_mdb-362,Bluegrass Ride,Kentucky,40948,Bluegrass Community Action Agency,KY,manual_override,100.0,9,306,31,122,119.0,1.0,0.0,0.0,,,Tier II,routes/Kentucky__Blue_Grass_Community_Action_Partnership__mdb_mdb-362_routes.geojson,stops/Kentucky__Blue_Grass_Community_Action_Partnership__mdb_mdb-362_stops.geojson
Kentucky__City_of_Bowling_Green__mdb_ntd-40184,GOBG Transit,Kentucky,40184,"City of Bowling Green, dba: GOBG Transit",KY,manual_override,100.0,7,61,7,167,14.0,1.0,0.0,0.0,15.0,72294.0,Tier II,routes/Kentucky__City_of_Bowling_Green__mdb_ntd-40184_routes.geojson,stops/Kentucky__City_of_Bowling_Green__mdb_ntd-40184_stops.geojson
Kentucky__City_of_Maysville__mdb_ntd-41032,City of Maysville,Kentucky,41032,"City of Maysville, dba: Maysville City Transit",KY,manual_override,100.0,1,10,1,21,7.0,0.0,0.0,0.0,,,Tier II,routes/Kentucky__City_of_Maysville__mdb_ntd-41032_routes.geojson,stops/Kentucky__City_of_Maysville__mdb_ntd-41032_stops.geojson
Kentucky__Lextran__mdb_mdb-2067,Lextran,Kentucky,40017,"Lexington Transit Authority, dba: Lextran",KY,manual_override,100.0,28,3417,90,881,106.0,6.0,1.0,4.0,284.0,295803.0,Tier II,routes/Kentucky__Lextran__mdb_mdb-2067_routes.geojson,stops/Kentucky__Lextran__mdb_mdb-2067_stops.geojson
Kentucky__Transit_Authority_of_Northern_Kentucky_(TANK)__mdb_mdb-2068,Transit Authority of Northern Kentucky,Kentucky,40019,Transit Authority of Northern Kentucky,KY,manual_override,100.0,26,2024,118,809,116.0,6.0,1.0,0.0,267.0,369154.0,Tier II,routes/Kentucky__Transit_Authority_of_Northern_Kentucky_(TANK)__mdb_mdb-2068_routes.geojson,stops/Kentucky__Transit_Authority_of_Northern_Kentucky_(TANK)__mdb_mdb-2068_stops.geojson
Louisiana__Capital_Area_Transit_System_(CATS)__mdb_mdb-2065,Baton Rouge Area Capital Transit System,Louisiana,60022,Capital Area Transit System,LA,manual_override,100.0,19,1434,116,1371,57.0,4.0,1.0,2.0,211.0,367124.0,Tier II,routes/Louisiana__Capital_Area_Transit_System_(CATS)__mdb_mdb-2065_routes.geojson,stops/Louisiana__Capital_Area_Transit_System_(CATS)__mdb_mdb-2065_stops.geojson
Louisiana__Good_Earth_Transit__mdb_ntd-60080,Good Earth Transit,Louisiana,60080,"Terrebonne Parish Consolidated Government, dba: Good Earth Transit",LA,manual_override,100.0,8,78,41,368,9.0,2.0,1.0,0.0,57.0,82939.0,Tier II,routes/Louisiana__Good_Earth_Transit__mdb_ntd-60080_routes.geojson,stops/Louisiana__Good_Earth_Transit__mdb_ntd-60080_stops.geojson
Louisiana__Lake_Charles_Transit__mdb_ntd-60023,City of Lake Charles Transit,Louisiana,60023,"City of Lake Charles, dba: City Of Lake Charles Transit",LA,manual_override,100.0,6,60,5,176,7.0,2.0,0.0,1.0,43.0,73474.0,Tier II,routes/Louisiana__Lake_Charles_Transit__mdb_ntd-60023_routes.geojson,stops/Louisiana__Lake_Charles_Transit__mdb_ntd-60023_stops.geojson
Louisiana__New_Orleans_Regional_Transit_Authority_(NORTA)__mdb_ntd-60032,NORTA,Louisiana,60032,New Orleans Regional Transit Authority,LA,manual_override,100.0,36,9790,92,2002,156.0,7.0,3.0,2.0,103.0,487524.0,Tier I (Rail),routes/Louisiana__New_Orleans_Regional_Transit_Authority_(NORTA)__mdb_ntd-60032_routes.geojson,stops/Louisiana__New_Orleans_Regional_Transit_Authority_(NORTA)__mdb_ntd-60032_stops.geojson
Louisiana__Shreveport_and_Bossier_City__mdb_mdb-1060,"Shreveport and Bossier City, Louisiana",Louisiana,60276,"Plaquemines Port, Harbor and Terminal District",LA,manual_override,100.0,26,1565,55,906,2.0,5.0,4.0,1.0,4.0,26656.0,Tier II,routes/Louisiana__Shreveport_and_Bossier_City__mdb_mdb-1060_routes.geojson,stops/Louisiana__Shreveport_and_Bossier_City__mdb_mdb-1060_stops.geojson
Louisiana__St._Bernard_Parish__mdb_ntd-60058,St. Bernard Urban Rapid Transit,Louisiana,60058,"St. Bernard Parish, dba: St. Bernard Urban Rapid Transit",LA,manual_override,100.0,1,12,2,95,2.0,2.0,0.0,1.0,24.0,43764.0,Tier II,routes/Louisiana__St._Bernard_Parish__mdb_ntd-60058_routes.geojson,stops/Louisiana__St._Bernard_Parish__mdb_ntd-60058_stops.geojson
Maine__Acadia_National_Park__mdb_tld-6900,Downeast Transportation,Maine,10175,"Downeast Transportation, Inc., dba: Downeast",ME,manual_override,100.0,11,482,38,63,34.0,0.0,0.0,0.0,,,Tier II,routes/Maine__Acadia_National_Park__mdb_tld-6900_routes.geojson,stops/Maine__Acadia_National_Park__mdb_tld-6900_stops.geojson
Maine__Bangor_Community_Connector__mdb_tld-7824,City of Bangor,Maine,10096,"City of Bangor, dba: Community Connector",ME,manual_override,100.0,11,316,24,430,20.0,4.0,1.0,2.0,29.0,55500.0,Tier II,routes/Maine__Bangor_Community_Connector__mdb_tld-7824_routes.geojson,stops/Maine__Bangor_Community_Connector__mdb_tld-7824_stops.geojson
Maine__Biddeford_Saco_Old_Orchard_Beach_Transit__mdb_tld-4756,Biddeford  Saco  Old Orchard Beach Transit,Maine,10114,"Biddeford-Saco-Old Orchard Beach Transit Committee Shuttle Bus, dba: BSOOB Transit",ME,manual_override,100.0,7,471,27,232,12.0,1.0,0.0,0.0,95.0,81400.0,Tier II,routes/Maine__Biddeford_Saco_Old_Orchard_Beach_Transit__mdb_tld-4756_routes.geojson,stops/Maine__Biddeford_Saco_Old_Orchard_Beach_Transit__mdb_tld-4756_stops.geojson
Maine__Greater_Portland_Metro_Bus__mdb_mdb-2642,Greater Portland Metro,Maine,10016,"Greater Portland Transit District, dba: METRO",ME,manual_override,100.0,14,2741,102,1368,30.0,2.0,0.0,0.0,71.0,109535.0,Tier II,routes/Maine__Greater_Portland_Metro_Bus__mdb_mdb-2642_routes.geojson,stops/Maine__Greater_Portland_Metro_Bus__mdb_mdb-2642_stops.geojson
Maine__Lakes_Region_Explorer__mdb_mdb-452,Lakes Region Explorer,Maine,10142,"Aroostook Regional Transportation Systems, Inc., dba: Aroostook Regional Transportation Systems",ME,manual_override,100.0,1,15,1,21,23.0,0.0,0.0,0.0,,,Tier II,routes/Maine__Lakes_Region_Explorer__mdb_mdb-452_routes.geojson,stops/Maine__Lakes_Region_Explorer__mdb_mdb-452_stops.geojson
Maine__West's_Bus_Service__mdb_tld-7870,West's Transportation,Maine,11153,West's Transportation - Intercity Bus,ME,manual_override,100.0,6,12,12,28,,0.0,0.0,0.0,,,,routes/Maine__West's_Bus_Service__mdb_tld-7870_routes.geojson,stops/Maine__West's_Bus_Service__mdb_tld-7870_stops.geojson
Maryland__Annapolis_Transit__mdb_mdb-2285,Annapolis Transit,Maryland,30040,"City of Annapolis, dba: Annapolis Transit",MD,manual_override,100.0,8,331,14,166,12.0,4.0,0.0,2.0,20.0,97649.0,Tier II,routes/Maryland__Annapolis_Transit__mdb_mdb-2285_routes.geojson,stops/Maryland__Annapolis_Transit__mdb_mdb-2285_stops.geojson
Maryland__Cecil_Transit__mdb_mdb-3178,Cecil Transit,Maryland,30108,"Cecil County Government, dba: Cecil Transit",MD,manual_override,100.0,3,58,19,108,19.0,0.0,0.0,0.0,346.0,102383.0,Tier II,routes/Maryland__Cecil_Transit__mdb_mdb-3178_routes.geojson,stops/Maryland__Cecil_Transit__mdb_mdb-3178_stops.geojson
Maryland__Frederick_County_TransIT__mdb_mdb-2432,Transit Services of Frederick County,Maryland,30072,"Frederick County, Maryland, dba: TransIt Services of Frederick",MD,manual_override,100.0,17,917,35,395,36.0,4.0,1.0,2.0,18.0,95628.0,Tier II,routes/Maryland__Frederick_County_TransIT__mdb_mdb-2432_routes.geojson,stops/Maryland__Frederick_County_TransIT__mdb_mdb-2432_stops.geojson
Maryland__Harbor_Connector__mdb_mdb-618,Harbor Connector,Maryland,60276,"Plaquemines Port, Harbor and Terminal District",LA,manual_override,100.0,3,282,6,10,2.0,5.0,4.0,1.0,4.0,26656.0,Tier II,routes/Maryland__Harbor_Connector__mdb_mdb-618_routes.geojson,stops/Maryland__Harbor_Connector__mdb_mdb-618_stops.geojson
Maryland__Maryland_Transit_Administration__mdb_mdb-466,Maryland Transit Administration,Maryland,30034,"Maryland Transit Administration, dba: MTA",MD,manual_override,100.0,66,27699,588,4056,1834.0,247.0,91.0,61.0,2560.0,7811145.0,Tier I (Rail),routes/Maryland__Maryland_Transit_Administration__mdb_mdb-466_routes.geojson,stops/Maryland__Maryland_Transit_Administration__mdb_mdb-466_stops.geojson
Maryland__Maryland_Transit_Administration__mdb_mdb-469,Maryland Transit Administration,Maryland,30034,"Maryland Transit Administration, dba: MTA",MD,manual_override,100.0,1,699,22,161,1834.0,247.0,91.0,61.0,2560.0,7811145.0,Tier I (Rail),routes/Maryland__Maryland_Transit_Administration__mdb_mdb-469_routes.geojson,stops/Maryland__Maryland_Transit_Administration__mdb_mdb-469_stops.geojson
Maryland__Maryland_Transit_Administration_Metro_Subway__mdb_mdb-470,Maryland Transit Administration,Maryland,30034,"Maryland Transit Administration, dba: MTA",MD,manual_override,100.0,1,399,6,239,1834.0,247.0,91.0,61.0,2560.0,7811145.0,Tier I (Rail),routes/Maryland__Maryland_Transit_Administration_Metro_Subway__mdb_mdb-470_routes.geojson,stops/Maryland__Maryland_Transit_Administration_Metro_Subway__mdb_mdb-470_stops.geojson
Maryland__Montgomery_County_Department_of_Transportation_(Ride_On)__mdb_mdb-488,Montgomery County MD Ride On,Maryland,30051,"Montgomery County, Maryland, dba: Ride On",MD,manual_override,100.0,82,17500,265,4580,309.0,11.0,2.0,4.0,285.0,1062061.0,Tier I (Fixed Route VOMS),routes/Maryland__Montgomery_County_Department_of_Transportation_(Ride_On)__mdb_mdb-488_routes.geojson,stops/Maryland__Montgomery_County_Department_of_Transportation_(Ride_On)__mdb_mdb-488_stops.geojson
Maryland__Prince_George's_County_(The_Bus)__mdb_mdb-477,TheBus,Maryland,31026,"Dillion's Bus Service, Inc., dba: Virginia Breeze Bus",MD,manual_override,100.0,24,1934,62,1652,,0.0,0.0,0.0,,,,routes/Maryland__Prince_George's_County_(The_Bus)__mdb_mdb-477_routes.geojson,stops/Maryland__Prince_George's_County_(The_Bus)__mdb_mdb-477_stops.geojson
Maryland__rabbittransit__mdb_tld-223,rabbittransit,Maryland,30206,"Susquehanna Regional Transportation Authority, dba: rabbittransit",PA,manual_override,100.0,28,3432,479,720,336.0,8.0,2.0,0.0,5619.0,1544476.0,Tier I (Non-Fixed Route VOMS),routes/Maryland__rabbittransit__mdb_tld-223_routes.geojson,stops/Maryland__rabbittransit__mdb_tld-223_stops.geojson
Maryland__Regional_Transportation_Agency_of_Central_Maryland_(RTA)__mdb_mdb-489,Regional Transportation Agency of Central Maryland,Maryland,30205,"Transit Management of Central Maryland, Inc., dba: Regional Transportation Agency of Central Maryland",MD,manual_override,100.0,16,1256,54,771,64.0,2.0,2.0,0.0,251.0,321113.0,Tier II,routes/Maryland__Regional_Transportation_Agency_of_Central_Maryland_(RTA)__mdb_mdb-489_routes.geojson,stops/Maryland__Regional_Transportation_Agency_of_Central_Maryland_(RTA)__mdb_mdb-489_stops.geojson
Maryland__Saint_Maryʼs_Transit_System__mdb_mdb-2268,St. Mary's Transit System,Maryland,30109,"St. Mary's County Government, dba: St. Mary's Transit System",MD,manual_override,100.0,11,197,60,105,21.0,2.0,0.0,1.0,41.0,48284.0,Tier II,routes/Maryland__Saint_Maryʼs_Transit_System__mdb_mdb-2268_routes.geojson,stops/Maryland__Saint_Maryʼs_Transit_System__mdb_mdb-2268_stops.geojson
Maryland__Towson_Loop__mdb_mdb-1784,Towson Loop (Baltimore County),Maryland,30186,"The County Commissioners of Caroline County, Maryland, dba: Delmarva Community Transit",MD,manual_override,100.0,2,369,4,48,19.0,1.0,0.0,0.0,,,,routes/Maryland__Towson_Loop__mdb_mdb-1784_routes.geojson,stops/Maryland__Towson_Loop__mdb_mdb-1784_stops.geojson
Maryland__Washington_County_Transit__mdb_mdb-2286,Washington County Transit,Maryland,30042,"Washington County, dba: Washington County Transit",MD,manual_override,100.0,13,393,13,45,12.0,2.0,1.0,0.0,70.0,48220.0,Tier II,routes/Maryland__Washington_County_Transit__mdb_mdb-2286_routes.geojson,stops/Maryland__Washington_County_Transit__mdb_mdb-2286_stops.geojson
Massachusetts__Bay_State_Cruise_Company__mdb_mdb-435,Bay State Cruise Company,Massachusetts,11238,"Bay State LLC, dba: Bay State Cruise Company",MA,manual_override,100.0,1,11,2,2,3.0,2.0,2.0,0.0,,,,routes/Massachusetts__Bay_State_Cruise_Company__mdb_mdb-435_routes.geojson,stops/Massachusetts__Bay_State_Cruise_Company__mdb_mdb-435_stops.geojson
Massachusetts__Berkshire_Regional_Transit_Authority_(BRTA)__mdb_mdb-537,Link413 | Berkshire Regional Transit Authority,Massachusetts,10007,Berkshire Regional Transit Authority,MA,manual_override,100.0,16,538,42,208,30.0,2.0,1.0,1.0,384.0,127500.0,Tier II,routes/Massachusetts__Berkshire_Regional_Transit_Authority_(BRTA)__mdb_mdb-537_routes.geojson,stops/Massachusetts__Berkshire_Regional_Transit_Authority_(BRTA)__mdb_mdb-537_stops.geojson
Massachusetts__Block_Island_Ferry__mdb_mdb-554,Block Island Ferry,Massachusetts,90225,"San Francisco Bay Area Water Emergency Transportation Authority, dba: San Francisco Bay Ferry",CA,manual_override,100.0,3,237,2,4,11.0,22.0,14.0,0.0,127.0,345375.0,Tier II,routes/Massachusetts__Block_Island_Ferry__mdb_mdb-554_routes.geojson,stops/Massachusetts__Block_Island_Ferry__mdb_mdb-554_stops.geojson
Massachusetts__Blue_Apple_Bus_Company__mdb_mdb-2299,Blue Apple Bus Company,Massachusetts,11245,"Pioneer Valley Transit Authority Intercity Bus, dba: Pioneer Valley Transit Authority",MA,manual_override,100.0,1,41,4,7,,0.0,0.0,0.0,,,,routes/Massachusetts__Blue_Apple_Bus_Company__mdb_mdb-2299_routes.geojson,stops/Massachusetts__Blue_Apple_Bus_Company__mdb_mdb-2299_stops.geojson
Massachusetts__Boston_Harbor_Island_National_Recreation_Area__mdb_mdb-3416,National Park Service,Massachusetts,10004,Brockton Area Transit Authority,MA,manual_override,100.0,1,2,2,2,82.0,3.0,1.0,0.0,86.0,255876.0,Tier II,routes/Massachusetts__Boston_Harbor_Island_National_Recreation_Area__mdb_mdb-3416_routes.geojson,stops/Massachusetts__Boston_Harbor_Island_National_Recreation_Area__mdb_mdb-3416_stops.geojson
Massachusetts__Boston_Harbor_Islands_Ferry__mdb_mdb-2679,National Park Service,Massachusetts,99468,Jewish Family Service of San Diego,CA,manual_override,100.0,4,54,8,5,,0.0,0.0,0.0,,,Tier II,routes/Massachusetts__Boston_Harbor_Islands_Ferry__mdb_mdb-2679_routes.geojson,stops/Massachusetts__Boston_Harbor_Islands_Ferry__mdb_mdb-2679_stops.geojson
Massachusetts__Brockton_Area_Transit_Authority_(BAT)__mdb_mdb-422,Brockton Area Transit Authority,Massachusetts,10004,Brockton Area Transit Authority,MA,manual_override,100.0,19,2325,44,963,82.0,3.0,1.0,0.0,86.0,255876.0,Tier II,routes/Massachusetts__Brockton_Area_Transit_Authority_(BAT)__mdb_mdb-422_routes.geojson,stops/Massachusetts__Brockton_Area_Transit_Authority_(BAT)__mdb_mdb-422_stops.geojson
Massachusetts__Brockton_Area_Transit_Authority__mdb_ntd-10004,Brockton Area Transit Authority (BAT),Massachusetts,10004,Brockton Area Transit Authority,MA,manual_override,100.0,20,1936,37,815,82.0,3.0,1.0,0.0,86.0,255876.0,Tier II,routes/Massachusetts__Brockton_Area_Transit_Authority__mdb_ntd-10004_routes.geojson,stops/Massachusetts__Brockton_Area_Transit_Authority__mdb_ntd-10004_stops.geojson
Massachusetts__Cape_Ann_Transportation_Authority_(CATA)__mdb_mdb-447,Cape Ann Transportation Authority,Massachusetts,10053,"Cape Ann Transportation Authority, dba: CATA",MA,manual_override,100.0,21,341,35,309,20.0,1.0,0.0,0.0,93.0,60184.0,Tier II,routes/Massachusetts__Cape_Ann_Transportation_Authority_(CATA)__mdb_mdb-447_routes.geojson,stops/Massachusetts__Cape_Ann_Transportation_Authority_(CATA)__mdb_mdb-447_stops.geojson
Massachusetts__Cape_Cod_Regional_Transportation_Authority_(Cape_Cod_RTA)__mdb_mdb-645,Cape Cod Regional Transit Authority,Massachusetts,10105,Cape Cod Regional Transit Authority,MA,manual_override,100.0,15,722,61,219,127.0,2.0,1.0,1.0,394.0,228996.0,Tier II,routes/Massachusetts__Cape_Cod_Regional_Transportation_Authority_(Cape_Cod_RTA)__mdb_mdb-645_routes.geojson,stops/Massachusetts__Cape_Cod_Regional_Transportation_Authority_(Cape_Cod_RTA)__mdb_mdb-645_stops.geojson
Massachusetts__Cuttyhunk_Ferry_Company__mdb_mdb-423,Cuttyhunk Ferry Co.,Massachusetts,10176,Plymouth & Brockton Street Railway Co.,MA,manual_override,100.0,1,12,2,2,,0.0,0.0,0.0,,,,routes/Massachusetts__Cuttyhunk_Ferry_Company__mdb_mdb-423_routes.geojson,stops/Massachusetts__Cuttyhunk_Ferry_Company__mdb_mdb-423_stops.geojson
Massachusetts__Franklin_Regional_Transit_Authority_(FRTA)__mdb_mdb-429,Franklin Regional Transit Authority,Massachusetts,10173,Franklin Regional Transit Authority,MA,manual_override,100.0,7,154,38,206,41.0,2.0,0.0,1.0,,,Tier II,routes/Massachusetts__Franklin_Regional_Transit_Authority_(FRTA)__mdb_mdb-429_routes.geojson,stops/Massachusetts__Franklin_Regional_Transit_Authority_(FRTA)__mdb_mdb-429_stops.geojson
Massachusetts__Freedom_Cruise_Line__mdb_mdb-425,Freedom Cruise Line,Massachusetts,11239,"Hyannis Harbor Tours, Inc., dba: Hy-Line Cruises",MA,manual_override,100.0,1,8,2,2,4.0,4.0,3.0,0.0,394.0,210049.0,Tier II,routes/Massachusetts__Freedom_Cruise_Line__mdb_mdb-425_routes.geojson,stops/Massachusetts__Freedom_Cruise_Line__mdb_mdb-425_stops.geojson
Massachusetts__Green_Mountain_Community_Network_(GMCN)__mdb_mdb-539,Green Mountain Express,Massachusetts,80159,Mountain Express,CO,manual_override,100.0,7,172,36,109,18.0,0.0,0.0,0.0,,,Tier II,routes/Massachusetts__Green_Mountain_Community_Network_(GMCN)__mdb_mdb-539_routes.geojson,stops/Massachusetts__Green_Mountain_Community_Network_(GMCN)__mdb_mdb-539_stops.geojson
Massachusetts__Hy-Line_Cruises__mdb_mdb-427,Hy-Line Cruises,Massachusetts,11239,"Hyannis Harbor Tours, Inc., dba: Hy-Line Cruises",MA,manual_override,100.0,3,82,6,3,4.0,4.0,3.0,0.0,394.0,210049.0,Tier II,routes/Massachusetts__Hy-Line_Cruises__mdb_mdb-427_routes.geojson,stops/Massachusetts__Hy-Line_Cruises__mdb_mdb-427_stops.geojson
Massachusetts__Lowell_Regional_Transit_Authority_(LRTA)__mdb_mdb-444,Lowell Regional Transit Authority,Massachusetts,10005,"Lowell Regional Transit Authority, dba: LRTA",MA,manual_override,100.0,21,949,45,886,76.0,8.0,1.0,2.0,282.0,370594.0,Tier II,routes/Massachusetts__Lowell_Regional_Transit_Authority_(LRTA)__mdb_mdb-444_routes.geojson,stops/Massachusetts__Lowell_Regional_Transit_Authority_(LRTA)__mdb_mdb-444_stops.geojson
Massachusetts__Martha's_Vineyard_Transit_Authority__mdb_mdb-420,Martha's Vineyard Transit Authority,Massachusetts,10145,Martha's Vineyard Transit Authority,MA,manual_override,100.0,14,485,28,128,33.0,2.0,1.0,0.0,,,Tier II,routes/Massachusetts__Martha's_Vineyard_Transit_Authority__mdb_mdb-420_routes.geojson,stops/Massachusetts__Martha's_Vineyard_Transit_Authority__mdb_mdb-420_stops.geojson
Massachusetts__Massachusetts_Bay_Transportation_Authority_(MBTA)__mdb_mdb-437,Cape Cod Regional Transit Authority | MBTA,Massachusetts,10105,Cape Cod Regional Transit Authority,MA,manual_override,100.0,402,123875,1149,10279,127.0,2.0,1.0,1.0,394.0,228996.0,Tier II,routes/Massachusetts__Massachusetts_Bay_Transportation_Authority_(MBTA)__mdb_mdb-437_routes.geojson,stops/Massachusetts__Massachusetts_Bay_Transportation_Authority_(MBTA)__mdb_mdb-437_stops.geojson
Massachusetts__Massport__mdb_mdb-441,Logan Express | Massport,Massachusetts,10181,"Town of Lexington, dba: Lexpress",MA,manual_override,100.0,21,6355,28,83,3.0,0.0,0.0,0.0,,,,routes/Massachusetts__Massport__mdb_mdb-441_routes.geojson,stops/Massachusetts__Massport__mdb_mdb-441_stops.geojson
Massachusetts__Merrimack_Valley_Regional_Transit_Authority_(MVRTA)__mdb_mdb-445,Merrimack Valley Transit,Massachusetts,10013,"Merrimack Valley Regional Transit Authority, dba: Merrimack Valley Transit",MA,manual_override,100.0,28,2322,70,1134,84.0,5.0,1.0,0.0,225.0,398382.0,Tier II,routes/Massachusetts__Merrimack_Valley_Regional_Transit_Authority_(MVRTA)__mdb_mdb-445_routes.geojson,stops/Massachusetts__Merrimack_Valley_Regional_Transit_Authority_(MVRTA)__mdb_mdb-445_stops.geojson
Massachusetts__MetroWest_Regional_Transit_Authority_(MWRTA)__mdb_mdb-439,MWRTA,Massachusetts,10118,MetroWest Regional Transit Authority,MA,manual_override,100.0,24,1086,104,125,106.0,1.0,0.0,0.0,438.0,355287.0,Tier II,routes/Massachusetts__MetroWest_Regional_Transit_Authority_(MWRTA)__mdb_mdb-439_routes.geojson,stops/Massachusetts__MetroWest_Regional_Transit_Authority_(MWRTA)__mdb_mdb-439_stops.geojson
Massachusetts__Middlesex_3_TMA__mdb_mdb-442,Middlesex 3 TMA,Massachusetts,60126,Harris County Improvement District Number 3,TX,manual_override,100.0,1,4,3,5,,0.0,0.0,0.0,,,,routes/Massachusetts__Middlesex_3_TMA__mdb_mdb-442_routes.geojson,stops/Massachusetts__Middlesex_3_TMA__mdb_mdb-442_stops.geojson
Massachusetts__Montachusett_Regional_Transit_Authority_(MART)__mdb_mdb-433,Montachusett Regional Transit Authority (MART),Massachusetts,10061,Montachusett Regional Transit Authority,MA,manual_override,100.0,30,661,81,195,630.0,12.0,1.0,1.0,624.0,231493.0,Tier I (Non-Fixed Route VOMS),routes/Massachusetts__Montachusett_Regional_Transit_Authority_(MART)__mdb_mdb-433_routes.geojson,stops/Massachusetts__Montachusett_Regional_Transit_Authority_(MART)__mdb_mdb-433_stops.geojson
Massachusetts__Nantucket_Regional_Transit_Authority_(WAVE)__mdb_mdb-426,the WAVE - Nantucket Regional Transit Authority,Massachusetts,10162,Nantucket Regional Transit Authority,MA,manual_override,100.0,8,105,6,234,17.0,3.0,0.0,0.0,,,Tier II,routes/Massachusetts__Nantucket_Regional_Transit_Authority_(WAVE)__mdb_mdb-426_routes.geojson,stops/Massachusetts__Nantucket_Regional_Transit_Authority_(WAVE)__mdb_mdb-426_stops.geojson
Massachusetts__Patriots_Party_Boats__mdb_mdb-424,Patriot Party Boats,Massachusetts,,,,none,0.0,1,18,2,2,,,,,,,,routes/Massachusetts__Patriots_Party_Boats__mdb_mdb-424_routes.geojson,stops/Massachusetts__Patriots_Party_Boats__mdb_mdb-424_stops.geojson
Massachusetts__Plymouth_&_Brockton_Street_Railway_Co__mdb_mdb-556,Plymouth & Brockton Street Railway Co.,Massachusetts,10176,Plymouth & Brockton Street Railway Co.,MA,manual_override,100.0,2,51,10,9,,0.0,0.0,0.0,,,,routes/Massachusetts__Plymouth_&_Brockton_Street_Railway_Co__mdb_mdb-556_routes.geojson,stops/Massachusetts__Plymouth_&_Brockton_Street_Railway_Co__mdb_mdb-556_stops.geojson
Massachusetts__Rhode_Island_Public_Transit_Authority__mdb_mdb-624,Rhode Island Public Transit Authority,Massachusetts,11245,"Pioneer Valley Transit Authority Intercity Bus, dba: Pioneer Valley Transit Authority",MA,manual_override,100.0,59,5003,253,3553,,0.0,0.0,0.0,,,,routes/Massachusetts__Rhode_Island_Public_Transit_Authority__mdb_mdb-624_routes.geojson,stops/Massachusetts__Rhode_Island_Public_Transit_Authority__mdb_mdb-624_stops.geojson
Massachusetts__Southeastern_Regional_Transit_Authority_(SRTA)__mdb_mdb-421,Southeastern Regional Transit Authority,Massachusetts,10006,Southeastern Regional Transit Authority,MA,manual_override,100.0,25,4275,96,1017,79.0,4.0,2.0,2.0,289.0,308614.0,Tier II,routes/Massachusetts__Southeastern_Regional_Transit_Authority_(SRTA)__mdb_mdb-421_routes.geojson,stops/Massachusetts__Southeastern_Regional_Transit_Authority_(SRTA)__mdb_mdb-421_stops.geojson
Massachusetts__Vineyard_Fast_Ferry__mdb_mdb-419,Vineyard Fast Ferry,Massachusetts,10183,"Woods Hole, Martha's Vineyard and Nantucket Steamship Authority, dba: The Steamship Authority",MA,manual_override,100.0,2,18,2,4,25.0,19.0,5.0,4.0,2100.0,329344.0,Tier II,routes/Massachusetts__Vineyard_Fast_Ferry__mdb_mdb-419_routes.geojson,stops/Massachusetts__Vineyard_Fast_Ferry__mdb_mdb-419_stops.geojson
Michigan__Ann_Arbor_Area_Transportation_Authority_(TheRide)__mdb_mdb-415,AAATA,Michigan,50040,Ann Arbor Area Transportation Authority,MI,manual_override,100.0,30,4235,87,1060,231.0,3.0,2.0,0.0,146.0,275473.0,Tier I (Non-Fixed Route VOMS),routes/Michigan__Ann_Arbor_Area_Transportation_Authority_(TheRide)__mdb_mdb-415_routes.geojson,stops/Michigan__Ann_Arbor_Area_Transportation_Authority_(TheRide)__mdb_mdb-415_stops.geojson
Michigan__Bay_Area_Transportation_Authority__mdb_mdb-2254,Bay Area Transportation Authority,Michigan,50413,Bay Area Transportation Authority,MI,manual_override,100.0,13,936,46,248,51.0,3.0,2.0,0.0,813.0,117539.0,Tier II,routes/Michigan__Bay_Area_Transportation_Authority__mdb_mdb-2254_routes.geojson,stops/Michigan__Bay_Area_Transportation_Authority__mdb_mdb-2254_stops.geojson
Michigan__Bay_Metropolitan_Transit_Authority__mdb_ntd-50029,Bay Metro Transit,Michigan,50029,"Bay Metropolitan Transit Authority, dba: Bay Metro",MI,manual_override,100.0,10,245,15,86,50.0,2.0,1.0,0.0,442.0,103856.0,Tier II,routes/Michigan__Bay_Metropolitan_Transit_Authority__mdb_ntd-50029_routes.geojson,stops/Michigan__Bay_Metropolitan_Transit_Authority__mdb_ntd-50029_stops.geojson
Michigan__Blue_Water_Area_Transit__mdb_tld-7035,Blue Water Area Transit,Michigan,50148,"Blue Water Area Transportation Commission, dba: Blue Water Area Transit",MI,manual_override,100.0,12,2086,28,322,221.0,6.0,1.0,4.0,700.0,159874.0,Tier I (Non-Fixed Route VOMS),routes/Michigan__Blue_Water_Area_Transit__mdb_tld-7035_routes.geojson,stops/Michigan__Blue_Water_Area_Transit__mdb_tld-7035_stops.geojson
Michigan__Capital_Area_Transportation_Authority_(CATA)__mdb_mdb-402,Capital Area Transportation Authority,Michigan,50036,Capital Area Transportation Authority,MI,manual_override,100.0,64,23491,216,1367,182.0,4.0,3.0,0.0,608.0,329010.0,Tier II,routes/Michigan__Capital_Area_Transportation_Authority_(CATA)__mdb_mdb-402_routes.geojson,stops/Michigan__Capital_Area_Transportation_Authority_(CATA)__mdb_mdb-402_stops.geojson
Michigan__Detroit_People_Mover__mdb_mdb-2281,Detroit Transportation Corporation,Michigan,50141,"Detroit Transportation Corporation, dba: Detroit People Mover",MI,manual_override,100.0,1,1983,2,88,6.0,14.0,13.0,1.0,3.0,92477.0,Tier I (Rail),routes/Michigan__Detroit_People_Mover__mdb_mdb-2281_routes.geojson,stops/Michigan__Detroit_People_Mover__mdb_mdb-2281_stops.geojson
Michigan__Froggy_Transportation__mdb_mdb-2216,Froggy Transportation,Michigan,55560,"City of Grosse Pointe Farms, dba: Pointe Area Assisted Transportation Services",MI,manual_override,100.0,1,7,1,3,,0.0,0.0,0.0,,,Tier II,routes/Michigan__Froggy_Transportation__mdb_mdb-2216_routes.geojson,stops/Michigan__Froggy_Transportation__mdb_mdb-2216_stops.geojson
Michigan__Kalamazoo_Metro_Transit__mdb_tld-674,Kalamazoo,Michigan,50029,"Bay Metropolitan Transit Authority, dba: Bay Metro",MI,manual_override,100.0,21,5172,368,699,50.0,2.0,1.0,0.0,442.0,103856.0,Tier II,routes/Michigan__Kalamazoo_Metro_Transit__mdb_tld-674_routes.geojson,stops/Michigan__Kalamazoo_Metro_Transit__mdb_tld-674_stops.geojson
Michigan__Lake_Erie_Transit__mdb_tld-6883,Lake Erie Transit,Michigan,50522,"Lake Erie Transportation Commission, dba: Lake Erie Transit",MI,manual_override,100.0,15,162,15,111,23.0,2.0,2.0,0.0,,,,routes/Michigan__Lake_Erie_Transit__mdb_tld-6883_routes.geojson,stops/Michigan__Lake_Erie_Transit__mdb_tld-6883_stops.geojson
Michigan__Macatawa_Area_Express__mdb_tld-5873,Macatawa Area Express Transportation Authority,Michigan,50184,Macatawa Area Express Transportation Authority,MI,manual_override,100.0,8,112,8,282,23.0,2.0,1.0,1.0,45.0,90852.0,Tier II,routes/Michigan__Macatawa_Area_Express__mdb_tld-5873_routes.geojson,stops/Michigan__Macatawa_Area_Express__mdb_tld-5873_stops.geojson
Michigan__Mass_Transportation_Authority_Flint__mdb_mdb-2287,Mass Transportation Authority,Michigan,50459,Ludington Mass Transportation Authority,MI,manual_override,100.0,21,1745,68,1204,18.0,1.0,0.0,0.0,,,Tier II,routes/Michigan__Mass_Transportation_Authority_Flint__mdb_mdb-2287_routes.geojson,stops/Michigan__Mass_Transportation_Authority_Flint__mdb_mdb-2287_stops.geojson
Michigan__Muskegon_Area_Transit_System__mdb_tld-4831,Muskegon Area Transit System,Michigan,50037,"County of Muskegon, dba: Muskegon Area Transit System",MI,manual_override,100.0,7,154,14,309,17.0,2.0,1.0,0.0,57.0,94036.0,Tier II,routes/Michigan__Muskegon_Area_Transit_System__mdb_tld-4831_routes.geojson,stops/Michigan__Muskegon_Area_Transit_System__mdb_tld-4831_stops.geojson
Michigan__Suburban_Mobility_Authority_for_Regional_Transit_(SMART)__mdb_mdb-414,SMART,Michigan,55637,SMART,MI,manual_override,100.0,45,3539,132,5421,,0.0,0.0,0.0,,,Tier II,routes/Michigan__Suburban_Mobility_Authority_for_Regional_Transit_(SMART)__mdb_mdb-414_routes.geojson,stops/Michigan__Suburban_Mobility_Authority_for_Regional_Transit_(SMART)__mdb_mdb-414_stops.geojson
Michigan__The_Rapid__mdb_mdb-400,The Rapid,Michigan,50495,Interurban Transit Authority,MI,manual_override,100.0,30,11217,683,1522,7.0,1.0,0.0,0.0,,,Tier II,routes/Michigan__The_Rapid__mdb_mdb-400_routes.geojson,stops/Michigan__The_Rapid__mdb_mdb-400_stops.geojson
Michigan__University_of_Michigan_Transit_Services__mdb_mdb-2072,University of Michigan Transportation Services,Michigan,50158,University of Michigan Parking and Transportation Services,MI,manual_override,100.0,16,8432,41,120,46.0,1.0,0.0,0.0,12.0,66641.0,Tier II,routes/Michigan__University_of_Michigan_Transit_Services__mdb_mdb-2072_routes.geojson,stops/Michigan__University_of_Michigan_Transit_Services__mdb_mdb-2072_stops.geojson
Minnesota__Brown_County_Heartland_Express__mdb_mdb-2037,Brown County Heartland Express,Minnesota,50384,"Brown County, dba: Brown County Heartland Express",MN,manual_override,100.0,2,17,1,20,8.0,1.0,0.0,0.0,,,Tier II,routes/Minnesota__Brown_County_Heartland_Express__mdb_mdb-2037_routes.geojson,stops/Minnesota__Brown_County_Heartland_Express__mdb_mdb-2037_stops.geojson
Minnesota__Brown_County_Heartland_Express__mdb_mdb-2296,Brown County Heartland Express,Minnesota,50384,"Brown County, dba: Brown County Heartland Express",MN,manual_override,100.0,1,13,1,20,8.0,1.0,0.0,0.0,,,Tier II,routes/Minnesota__Brown_County_Heartland_Express__mdb_mdb-2296_routes.geojson,stops/Minnesota__Brown_County_Heartland_Express__mdb_mdb-2296_stops.geojson
Minnesota__Central_Community_Transit__mdb_mdb-2301,Central Community Transit,Minnesota,55314,"Central Community Transit Joint Powers Board, dba: Central Community Transit",MN,manual_override,100.0,3,33,11,41,27.0,2.0,0.0,1.0,,,Tier II,routes/Minnesota__Central_Community_Transit__mdb_mdb-2301_routes.geojson,stops/Minnesota__Central_Community_Transit__mdb_mdb-2301_stops.geojson
Minnesota__Community_Transit__mdb_tld-5761,Community Transit,Minnesota,55326,"United Community Action Partnership, Inc., dba: Community Transit",MN,manual_override,100.0,4,39,5,49,39.0,4.0,0.0,4.0,,,Tier II,routes/Minnesota__Community_Transit__mdb_tld-5761_routes.geojson,stops/Minnesota__Community_Transit__mdb_tld-5761_stops.geojson
Minnesota__Duluth_Transit__mdb_mdb-301,Duluth Transit Authority,Minnesota,50025,"Duluth Transit Authority, dba: DTA",MN,manual_override,100.0,18,4423,81,777,51.0,2.0,1.0,0.0,91.0,119100.0,Tier II,routes/Minnesota__Duluth_Transit__mdb_mdb-301_routes.geojson,stops/Minnesota__Duluth_Transit__mdb_mdb-301_stops.geojson
Minnesota__Hiawathaland_Transit__mdb_mdb-2859,Hiawathaland Transit,Minnesota,50510,"Three Rivers Community Action, Inc., dba: Hiawathaland Transit",MN,manual_override,100.0,10,125,10,116,21.0,4.0,0.0,2.0,,,Tier II,routes/Minnesota__Hiawathaland_Transit__mdb_mdb-2859_routes.geojson,stops/Minnesota__Hiawathaland_Transit__mdb_mdb-2859_stops.geojson
Minnesota__Mankato_Transit_System__mdb_ntd-50205,,Minnesota,50205,"City of Mankato, dba: Mankato Transit System",MN,manual_override,100.0,10,310,9,93,18.0,1.0,0.0,0.0,26.0,60206.0,Tier II,routes/Minnesota__Mankato_Transit_System__mdb_ntd-50205_routes.geojson,stops/Minnesota__Mankato_Transit_System__mdb_ntd-50205_stops.geojson
Minnesota__Metro_Transit__mdb_mdb-205,Metro Transit | Metro Transit/Met Council | Met Council | Maple Grove | Plymouth | SouthWest Transit | Airport (MAC) | University of Minnesota,Minnesota,50518,SouthWest Transit,MN,manual_override,100.0,127,20762,600,8179,37.0,8.0,3.0,0.0,83.0,132424.0,Tier II,routes/Minnesota__Metro_Transit__mdb_mdb-205_routes.geojson,stops/Minnesota__Metro_Transit__mdb_mdb-205_stops.geojson
Minnesota__Minnesota_Valley_Transit_Authority_(MVTA)__mdb_mdb-206,MVTA,Minnesota,50519,Minnesota Valley Transit Authority,MN,manual_override,100.0,19,1991,225,624,101.0,14.0,6.0,0.0,139.0,318108.0,Tier II,routes/Minnesota__Minnesota_Valley_Transit_Authority_(MVTA)__mdb_mdb-206_routes.geojson,stops/Minnesota__Minnesota_Valley_Transit_Authority_(MVTA)__mdb_mdb-206_stops.geojson
Minnesota__SMART__mdb_tld-5753,SMART,Minnesota,88294,"San Miguel Authority for Regional Transportation, dba: SMART",CO,manual_override,100.0,6,92,9,79,16.0,0.0,0.0,0.0,,,Tier II,routes/Minnesota__SMART__mdb_tld-5753_routes.geojson,stops/Minnesota__SMART__mdb_tld-5753_stops.geojson
Minnesota__St._Cloud_Metropolitan_Transit_Commission__mdb_ntd-50028,Metro Bus,Minnesota,50028,"St. Cloud Metropolitan Transit Commission, dba: Metro Bus",MN,manual_override,100.0,16,1026,34,708,48.0,4.0,1.0,0.0,29.0,112910.0,Tier II,routes/Minnesota__St._Cloud_Metropolitan_Transit_Commission__mdb_ntd-50028_routes.geojson,stops/Minnesota__St._Cloud_Metropolitan_Transit_Commission__mdb_ntd-50028_stops.geojson
Mississippi__City_of_Hattiesburg__mdb_ntd-40060,Hub City Transit,Mississippi,40060,"City of Hattiesburg, dba: Hub City Transit",MS,manual_override,100.0,7,131,7,190,10.0,2.0,1.0,0.0,43.0,51084.0,Tier II,routes/Mississippi__City_of_Hattiesburg__mdb_ntd-40060_routes.geojson,stops/Mississippi__City_of_Hattiesburg__mdb_ntd-40060_stops.geojson
Mississippi__City_of_Jackson_(JTRAN)__mdb_mdb-2652,City of Jackson (JTRAN),Mississippi,40015,"City of Jackson, MS",MS,manual_override,100.0,12,598,24,1667,31.0,4.0,1.0,2.0,61.0,143709.0,Tier II,routes/Mississippi__City_of_Jackson_(JTRAN)__mdb_mdb-2652_routes.geojson,stops/Mississippi__City_of_Jackson_(JTRAN)__mdb_mdb-2652_stops.geojson
Mississippi__Gulf_Islands_National_Seashore__mdb_mdb-3210,National Park Service,Mississippi,99468,Jewish Family Service of San Diego,CA,manual_override,100.0,1,16,2,2,,0.0,0.0,0.0,,,Tier II,routes/Mississippi__Gulf_Islands_National_Seashore__mdb_mdb-3210_routes.geojson,stops/Mississippi__Gulf_Islands_National_Seashore__mdb_mdb-3210_stops.geojson
Mississippi__National_Park_Service__mdb_tld-6677,National Park Service,Mississippi,99468,Jewish Family Service of San Diego,CA,manual_override,100.0,1,16,2,2,,0.0,0.0,0.0,,,Tier II,routes/Mississippi__National_Park_Service__mdb_tld-6677_routes.geojson,stops/Mississippi__National_Park_Service__mdb_tld-6677_stops.geojson
Missouri__City_of_Jefferson__mdb_ntd-70043,JeffTran Fixedbus,Missouri,70043,"City of Jefferson, dba: JEFFTRAN",MO,manual_override,100.0,11,275,23,301,18.0,4.0,0.0,2.0,36.0,43228.0,Tier II,routes/Missouri__City_of_Jefferson__mdb_ntd-70043_routes.geojson,stops/Missouri__City_of_Jefferson__mdb_ntd-70043_stops.geojson
Missouri__Metro_St._Louis__mdb_mdb-2035,Metro St. Louis,Missouri,70006,"Bi-State Development Agency of the Missouri-Illinois Metropolitan District, dba: (St. Louis) Metro",MO,manual_override,100.0,1,51,4,10,426.0,102.0,47.0,0.0,558.0,1563103.0,Tier I (Rail),routes/Missouri__Metro_St._Louis__mdb_mdb-2035_routes.geojson,stops/Missouri__Metro_St._Louis__mdb_mdb-2035_stops.geojson
Montana__Billings_Metropolitan_Transit__mdb_tld-5893,City of Billings MET Transit,Montana,80004,"City of Billings, dba: Billings Metropolitan Transit System",MT,manual_override,100.0,13,562,22,466,27.0,3.0,2.0,0.0,45.0,117116.0,Tier II,routes/Montana__Billings_Metropolitan_Transit__mdb_tld-5893_routes.geojson,stops/Montana__Billings_Metropolitan_Transit__mdb_tld-5893_stops.geojson
Montana__Mountain_Line__mdb_mdb-292,Missoula Urban Transportation District,Montana,80009,"Missoula Urban Transportation District, dba: Mountain Line",MT,manual_override,100.0,13,1146,28,334,37.0,2.0,1.0,0.0,70.0,76955.0,Tier II,routes/Montana__Mountain_Line__mdb_mdb-292_routes.geojson,stops/Montana__Mountain_Line__mdb_mdb-292_stops.geojson
Montana__Park_County_Transit__mdb_ntd-88293,Park County Transit,Montana,88293,"Park County, dba: Windrider Transit",MT,manual_override,100.0,2,2,2,18,2.0,1.0,0.0,0.0,,,Tier II,routes/Montana__Park_County_Transit__mdb_ntd-88293_routes.geojson,stops/Montana__Park_County_Transit__mdb_ntd-88293_stops.geojson
Montana__Streamline__mdb_mdb-295,Streamline,Montana,80235,"Human Resource Development Council District IX, Inc., dba: Galavan / Streamline",MT,manual_override,100.0,7,206,22,178,21.0,1.0,0.0,0.0,13.0,57494.0,Tier II,routes/Montana__Streamline__mdb_mdb-295_routes.geojson,stops/Montana__Streamline__mdb_mdb-295_stops.geojson
Montana__Sunny_Valley_Transit_(Demo)__mdb_mdb-3473,Sunny Valley Transit,Montana,80183,"Valley County, dba: Valley County Transit",MT,manual_override,100.0,7,197,14,139,5.0,1.0,0.0,0.0,,,Tier II,routes/Montana__Sunny_Valley_Transit_(Demo)__mdb_mdb-3473_routes.geojson,stops/Montana__Sunny_Valley_Transit_(Demo)__mdb_mdb-3473_stops.geojson
Nebraska__North_Fork_Area_Transit__mdb_tld-4469,North Fork Area Transit,Nebraska,70156,"Community Concern, dba: North Fork Area Transit",NE,manual_override,100.0,3,96,4,74,13.0,0.0,0.0,0.0,,,Tier II,routes/Nebraska__North_Fork_Area_Transit__mdb_tld-4469_routes.geojson,stops/Nebraska__North_Fork_Area_Transit__mdb_tld-4469_stops.geojson
Nebraska__Omaha_Metro__mdb_mdb-2261,Omaha Metro Transit,Nebraska,70002,"Transit Authority of Omaha, dba: Metro",NE,manual_override,100.0,52,5678,293,2070,101.0,32.0,31.0,0.0,237.0,656462.0,Tier II,routes/Nebraska__Omaha_Metro__mdb_mdb-2261_routes.geojson,stops/Nebraska__Omaha_Metro__mdb_mdb-2261_stops.geojson
Nebraska__Open_Plains_Transit__mdb_tld-6708,Open Plains Transit,Nebraska,77080,"Senior Services, Inc., dba: Open Plains Transit",NE,manual_override,100.0,4,28,14,46,,0.0,0.0,0.0,,,,routes/Nebraska__Open_Plains_Transit__mdb_tld-6708_routes.geojson,stops/Nebraska__Open_Plains_Transit__mdb_tld-6708_stops.geojson
Nebraska__StarTran__mdb_mdb-2269,StarTran,Nebraska,70001,"City of Lincoln, dba: StarTran",NE,manual_override,100.0,18,1396,42,811,74.0,1.0,0.0,0.0,99.0,294757.0,Tier II,routes/Nebraska__StarTran__mdb_mdb-2269_routes.geojson,stops/Nebraska__StarTran__mdb_mdb-2269_stops.geojson
Nevada__Jump_Around_Carson__mdb_tld-688,Jump Around Carson,Nevada,90215,Carson Area Metropolitan Planning Organization,NV,manual_override,100.0,4,8,4,183,10.0,2.0,0.0,1.0,26.0,58639.0,Tier II,routes/Nevada__Jump_Around_Carson__mdb_tld-688_routes.geojson,stops/Nevada__Jump_Around_Carson__mdb_tld-688_stops.geojson
Nevada__Regional_Transportation_Commission_(RTC)__mdb_mdb-120,RTC RIDE,Nevada,90045,Regional Transportation Commission of Southern Nevada,NV,manual_override,100.0,20,3402,83,858,663.0,9.0,4.0,2.0,396.0,2265461.0,Tier I (Fixed Route VOMS),routes/Nevada__Regional_Transportation_Commission_(RTC)__mdb_mdb-120_routes.geojson,stops/Nevada__Regional_Transportation_Commission_(RTC)__mdb_mdb-120_stops.geojson
Nevada__Regional_Transportation_Commission_of_Southern_Nevada_(RTC)__mdb_mdb-2351,Regional Transportation Commission of Southern Nevada,Nevada,90045,Regional Transportation Commission of Southern Nevada,NV,manual_override,100.0,39,14036,299,3785,663.0,9.0,4.0,2.0,396.0,2265461.0,Tier I (Fixed Route VOMS),routes/Nevada__Regional_Transportation_Commission_of_Southern_Nevada_(RTC)__mdb_mdb-2351_routes.geojson,stops/Nevada__Regional_Transportation_Commission_of_Southern_Nevada_(RTC)__mdb_mdb-2351_stops.geojson
Nevada__Sage_Stage__mdb_mdb-113,Sage Stage,Nevada,91008,"Modoc Transportation Agency, dba: Sage Stage",CA,manual_override,100.0,4,10,8,29,3.0,0.0,0.0,0.0,,,Tier II,routes/Nevada__Sage_Stage__mdb_mdb-113_routes.geojson,stops/Nevada__Sage_Stage__mdb_mdb-113_stops.geojson
New_Hampshire__Advance_Transit__mdb_mdb-631,Advance Transit,New_Hampshire,11164,Easter Seals Special Transit Service,NH,manual_override,100.0,12,1322,71,203,,0.0,0.0,0.0,,,Tier II,routes/New_Hampshire__Advance_Transit__mdb_mdb-631_routes.geojson,stops/New_Hampshire__Advance_Transit__mdb_mdb-631_stops.geojson
New_Hampshire__City_Express__mdb_ntd-10159,City Express,New_Hampshire,10133,"Boston Express Bus, Inc.",NH,manual_override,100.0,2,16,2,24,17.0,9.0,4.0,0.0,460.0,530013.0,Tier II,routes/New_Hampshire__City_Express__mdb_ntd-10159_routes.geojson,stops/New_Hampshire__City_Express__mdb_ntd-10159_stops.geojson
New_Hampshire__Cooperative_Alliance_For_Seacoast_Transportation__mdb_tld-4668,Cooperative Alliance for Seacoast Transportation (COAST),New_Hampshire,10086,Cooperative Alliance for Seacoast Transportation,NH,manual_override,100.0,14,513,32,423,24.0,6.0,3.0,1.0,368.0,167231.0,Tier II,routes/New_Hampshire__Cooperative_Alliance_For_Seacoast_Transportation__mdb_tld-4668_routes.geojson,stops/New_Hampshire__Cooperative_Alliance_For_Seacoast_Transportation__mdb_tld-4668_stops.geojson
New_Hampshire__Dartmouth_College__mdb_mdb-1958,Dartmouth Campus Connector,New_Hampshire,11244,"Dartmouth Transportation Company, Inc.",NH,manual_override,100.0,2,345,5,15,0.0,0.0,0.0,0.0,,,,routes/New_Hampshire__Dartmouth_College__mdb_mdb-1958_routes.geojson,stops/New_Hampshire__Dartmouth_College__mdb_mdb-1958_stops.geojson
New_Hampshire__Manchester_Transit_Authority__mdb_mdb-3432,Manchester Transit Authority,New_Hampshire,10002,Manchester Transit Authority,NH,manual_override,100.0,18,550,35,593,25.0,1.0,0.0,0.0,235.0,248263.0,Tier II,routes/New_Hampshire__Manchester_Transit_Authority__mdb_mdb-3432_routes.geojson,stops/New_Hampshire__Manchester_Transit_Authority__mdb_mdb-3432_stops.geojson
New_Hampshire__Rural_Community_Transportation_(RCT)__mdb_mdb-448,Rural Community Transportation,New_Hampshire,11156,Southwestern Community Services Transportation,NH,manual_override,100.0,9,581,40,265,7.0,0.0,0.0,0.0,,,Tier II,routes/New_Hampshire__Rural_Community_Transportation_(RCT)__mdb_mdb-448_routes.geojson,stops/New_Hampshire__Rural_Community_Transportation_(RCT)__mdb_mdb-448_stops.geojson
New_Hampshire__Tri-Valley_Transit__mdb_mdb-852,Tri-Valley Transit,New_Hampshire,11164,Easter Seals Special Transit Service,NH,manual_override,100.0,29,394,106,466,,0.0,0.0,0.0,,,Tier II,routes/New_Hampshire__Tri-Valley_Transit__mdb_mdb-852_routes.geojson,stops/New_Hampshire__Tri-Valley_Transit__mdb_mdb-852_stops.geojson
New_Jersey__Academy_Lines__mdb_ntd-20122,Academy Bus,New_Jersey,20924,"Academy Lines, LLC",NJ,manual_override,100.0,23,214,92,594,,0.0,0.0,0.0,,,,routes/New_Jersey__Academy_Lines__mdb_ntd-20122_routes.geojson,stops/New_Jersey__Academy_Lines__mdb_ntd-20122_stops.geojson
"New_Jersey__Coach_USA_Erie,_Orange_Westchester_Link,_ShortLine_Hudson,_Suburban_Transit,_Community_Coach,_Rockland_Coaches,_Newark_A__mdb_tld-5741",Waukesha County Transit | Orange Westchester Link | ShortLine Hudson | Suburban Transit | Community Coach | Rockland Coaches | Coach USA Erie | Newark Airport Express | Wisconsin Coach Lines | Van Galder (Coach USA),New_Jersey,22969,Hudson County,NJ,manual_override,100.0,43,989,267,999,,0.0,0.0,0.0,,,Tier II,"routes/New_Jersey__Coach_USA_Erie,_Orange_Westchester_Link,_ShortLine_Hudson,_Suburban_Transit,_Community_Coach,_Rockland_Coaches,_Newark_A__mdb_tld-5741_routes.geojson","stops/New_Jersey__Coach_USA_Erie,_Orange_Westchester_Link,_ShortLine_Hudson,_Suburban_Transit,_Community_Coach,_Rockland_Coaches,_Newark_A__mdb_tld-5741_stops.geojson"
New_Jersey__Cross_County_Connection__mdb_ntd-20208,Cross County Connection,New_Jersey,22969,Hudson County,NJ,manual_override,100.0,3,42,14,27,,0.0,0.0,0.0,,,Tier II,routes/New_Jersey__Cross_County_Connection__mdb_ntd-20208_routes.geojson,stops/New_Jersey__Cross_County_Connection__mdb_ntd-20208_stops.geojson
New_Jersey__Fullington_Trailways__mdb_tld-4379,Fullington Trailways,New_Jersey,30987,"Fullington Auto Bus Company, dba: Fullington Trailways",PA,manual_override,100.0,17,17,17,64,,0.0,0.0,0.0,,,,routes/New_Jersey__Fullington_Trailways__mdb_tld-4379_routes.geojson,stops/New_Jersey__Fullington_Trailways__mdb_tld-4379_stops.geojson
New_Jersey__Megabus__mdb_mdb-2321,Waukesha County Transit | Orange Westchester Link | ShortLine Hudson | Suburban Transit | Community Coach | Rockland Coaches | Coach USA Erie | Newark Airport Express | Wisconsin Coach Lines | Van Galder (Coach USA),New_Jersey,20982,"Hudson Transit Lines , dba: Shortline",NJ,manual_override,100.0,43,989,267,999,0.0,0.0,0.0,0.0,,,,routes/New_Jersey__Megabus__mdb_mdb-2321_routes.geojson,stops/New_Jersey__Megabus__mdb_mdb-2321_stops.geojson
New_Jersey__New_Jersey_Transit_(NJ_Transit)__mdb_mdb-508,NJ TRANSIT BUS,New_Jersey,20080,New Jersey Transit Corporation,NJ,manual_override,100.0,263,33287,3761,16564,3431.0,532.0,402.0,64.0,5325.0,8464944.0,Tier I (Rail),routes/New_Jersey__New_Jersey_Transit_(NJ_Transit)__mdb_mdb-508_routes.geojson,stops/New_Jersey__New_Jersey_Transit_(NJ_Transit)__mdb_mdb-508_stops.geojson
New_Jersey__New_Jersey_Transit_(NJ_Transit)__mdb_mdb-509,NJ TRANSIT BUS | NJ TRANSIT RAIL,New_Jersey,20080,New Jersey Transit Corporation,NJ,manual_override,100.0,17,6197,3808,230,3431.0,532.0,402.0,64.0,5325.0,8464944.0,Tier I (Rail),routes/New_Jersey__New_Jersey_Transit_(NJ_Transit)__mdb_mdb-509_routes.geojson,stops/New_Jersey__New_Jersey_Transit_(NJ_Transit)__mdb_mdb-509_stops.geojson
New_Jersey__NY_Waterway__mdb_mdb-3192,NY Waterway,New_Jersey,20190,"Port Imperial Ferry Corporation, dba: NY Waterway",NJ,manual_override,100.0,14,1036,71,15,52.0,14.0,11.0,3.0,776.0,3658455.0,Tier II,routes/New_Jersey__NY_Waterway__mdb_mdb-3192_routes.geojson,stops/New_Jersey__NY_Waterway__mdb_mdb-3192_stops.geojson
New_Jersey__Somerset_County__mdb_ntd-20209,Somerset County,New_Jersey,20209,"Somerset County, dba: Somerset County Transportation",NJ,manual_override,100.0,8,53,26,115,58.0,1.0,0.0,1.0,302.0,324194.0,Tier II,routes/New_Jersey__Somerset_County__mdb_ntd-20209_routes.geojson,stops/New_Jersey__Somerset_County__mdb_ntd-20209_stops.geojson
New_Jersey__Statue_of_Liberty_National_Monument__mdb_tld-6909,National Park Service,New_Jersey,22981,City of East Orange,NJ,manual_override,100.0,6,62,6,4,,0.0,0.0,0.0,,,Tier II,routes/New_Jersey__Statue_of_Liberty_National_Monument__mdb_tld-6909_routes.geojson,stops/New_Jersey__Statue_of_Liberty_National_Monument__mdb_tld-6909_stops.geojson
New_Jersey__Sussex_County_Skylands_Ride__mdb_ntd-20950,Sussex County Skylands Ride,New_Jersey,20950,"Sussex County, dba: Skylands Ride",NJ,manual_override,100.0,2,39,4,74,25.0,0.0,0.0,0.0,251.0,96304.0,Tier II,routes/New_Jersey__Sussex_County_Skylands_Ride__mdb_ntd-20950_routes.geojson,stops/New_Jersey__Sussex_County_Skylands_Ride__mdb_ntd-20950_stops.geojson
New_Mexico__A_Shiwi_Transit__mdb_ntd-66242,A:Shiwi Transit,New_Mexico,66242,"Zuni Pueblo, dba: A:Shiwi Transit",NM,manual_override,100.0,3,41,10,57,5.0,0.0,0.0,0.0,,,Tier II,routes/New_Mexico__A_Shiwi_Transit__mdb_ntd-66242_routes.geojson,stops/New_Mexico__A_Shiwi_Transit__mdb_ntd-66242_stops.geojson
New_Mexico__ABQ_RIDE__mdb_mdb-166,ABQ RIDE,New_Mexico,60019,"City of Albuquerque, dba: ABQRIDE",NM,manual_override,100.0,22,4676,116,1758,128.0,36.0,20.0,7.0,235.0,661629.0,Tier II,routes/New_Mexico__ABQ_RIDE__mdb_mdb-166_routes.geojson,stops/New_Mexico__ABQ_RIDE__mdb_mdb-166_stops.geojson
New_Mexico__Atomic_City_Transit__mdb_mdb-1240,Atomic City Transit,New_Mexico,60215,"Incorporated County of Los Alamos, dba: Atomic City Transit",NM,manual_override,100.0,12,2428,22,216,17.0,0.0,0.0,0.0,,,Tier II,routes/New_Mexico__Atomic_City_Transit__mdb_mdb-1240_routes.geojson,stops/New_Mexico__Atomic_City_Transit__mdb_mdb-1240_stops.geojson
New_Mexico__Bandalier_National_Monument__mdb_tld-6902,National Park Service,New_Mexico,99468,Jewish Family Service of San Diego,CA,manual_override,100.0,1,24,2,3,,0.0,0.0,0.0,,,Tier II,routes/New_Mexico__Bandalier_National_Monument__mdb_tld-6902_routes.geojson,stops/New_Mexico__Bandalier_National_Monument__mdb_tld-6902_stops.geojson
New_Mexico__City_of_Hobbs__mdb_ntd-60190,Hobbs Express Public Transportation,New_Mexico,60190,"City of Hobbs, dba: Hobbs Express",NM,manual_override,100.0,4,59,4,38,6.0,1.0,0.0,0.0,,,Tier II,routes/New_Mexico__City_of_Hobbs__mdb_ntd-60190_routes.geojson,stops/New_Mexico__City_of_Hobbs__mdb_ntd-60190_stops.geojson
New_Mexico__Navajo_Transit_System__mdb_mdb-2346,Navajo Transit System,New_Mexico,60620,"Pueblo of Laguna, dba: Pueblo of Laguna - Shaa'srk'a Transit",NM,manual_override,100.0,8,22,19,103,4.0,1.0,0.0,0.0,,,Tier II,routes/New_Mexico__Navajo_Transit_System__mdb_mdb-2346_routes.geojson,stops/New_Mexico__Navajo_Transit_System__mdb_mdb-2346_stops.geojson
New_Mexico__NMDOT_Park_and_Ride__mdb_tld-5537,New Mexico DOT Park and Ride,New_Mexico,66339,"New Mexico Department of Transportation, dba: NMGo!",NM,manual_override,100.0,15,109,15,152,103.0,0.0,0.0,0.0,121697.0,2117522.0,Tier I (Non-Fixed Route VOMS),routes/New_Mexico__NMDOT_Park_and_Ride__mdb_tld-5537_routes.geojson,stops/New_Mexico__NMDOT_Park_and_Ride__mdb_tld-5537_stops.geojson
New_Mexico__North_Central_Regional_Transit_District__mdb_tld-1319,NCRTD,New_Mexico,60138,"North Central Regional Transit District, dba: North Central RTD",NM,manual_override,100.0,23,3469,939,385,22.0,8.0,0.0,1.0,10115.0,295718.0,Tier II,routes/New_Mexico__North_Central_Regional_Transit_District__mdb_tld-1319_routes.geojson,stops/New_Mexico__North_Central_Regional_Transit_District__mdb_tld-1319_stops.geojson
New_Mexico__Red_Apple_Transit__mdb_mdb-160,Red Apple Transit,New_Mexico,60100,"City of Farmington, dba: Red Apple Transit",NM,manual_override,100.0,9,91,11,139,13.0,0.0,0.0,0.0,306.0,97332.0,Tier II,routes/New_Mexico__Red_Apple_Transit__mdb_mdb-160_routes.geojson,stops/New_Mexico__Red_Apple_Transit__mdb_mdb-160_stops.geojson
New_Mexico__RoadRUNNER_Transit__mdb_mdb-2075,Roadrunner Transit (Las Cruces),New_Mexico,60049,"City of Las Cruces NM, dba: RoadRUNNER Transit",NM,manual_override,100.0,10,346,11,313,28.0,3.0,1.0,2.0,55.0,120316.0,Tier II,routes/New_Mexico__RoadRUNNER_Transit__mdb_mdb-2075_routes.geojson,stops/New_Mexico__RoadRUNNER_Transit__mdb_mdb-2075_stops.geojson
New_York__Access_Allegany__mdb_mdb-531,Access Allegany,New_York,20951,"Allegany County, dba: Access Allegany",NY,manual_override,100.0,6,84,82,91,5.0,0.0,0.0,0.0,,,Tier II,routes/New_York__Access_Allegany__mdb_mdb-531_routes.geojson,stops/New_York__Access_Allegany__mdb_mdb-531_stops.geojson
"New_York__Adirondack_Trailways,_New_York_Trailways,_Pine_Hill_Trailways,_Burlington_Trailways__mdb_ntd-20177",Adirondack Trailways,New_York,22930,New York City Economic Development Corporation,NY,manual_override,100.0,152,228,152,122,30.0,26.0,25.0,1.0,13.0,576545.0,Tier II,"routes/New_York__Adirondack_Trailways,_New_York_Trailways,_Pine_Hill_Trailways,_Burlington_Trailways__mdb_ntd-20177_routes.geojson","stops/New_York__Adirondack_Trailways,_New_York_Trailways,_Pine_Hill_Trailways,_Burlington_Trailways__mdb_ntd-20177_stops.geojson"
New_York__Adirondack_Trailways__mdb_tld-5781,Adirondack Trailways,New_York,20969,"Adirondack Transit Lines, Inc, dba: Adirondack Trailways",NY,manual_override,100.0,231,231,231,125,,0.0,0.0,0.0,,,,routes/New_York__Adirondack_Trailways__mdb_tld-5781_routes.geojson,stops/New_York__Adirondack_Trailways__mdb_tld-5781_stops.geojson
New_York__Adirondack_Trailways_ADP__mdb_mdb-823,Adirondack Trailways,New_York,20969,"Adirondack Transit Lines, Inc, dba: Adirondack Trailways",NY,manual_override,100.0,13,13,13,15,,0.0,0.0,0.0,,,,routes/New_York__Adirondack_Trailways_ADP__mdb_mdb-823_routes.geojson,stops/New_York__Adirondack_Trailways_ADP__mdb_mdb-823_stops.geojson
New_York__Adirondack_Trailways_NYP__mdb_mdb-824,Adirondack Trailways,New_York,20969,"Adirondack Transit Lines, Inc, dba: Adirondack Trailways",NY,manual_override,100.0,9,9,9,12,,0.0,0.0,0.0,,,,routes/New_York__Adirondack_Trailways_NYP__mdb_mdb-824_routes.geojson,stops/New_York__Adirondack_Trailways_NYP__mdb_mdb-824_stops.geojson
New_York__Birnie_Bus__mdb_mdb-233,Birnie Bus,New_York,20988,"City of Port Jervis, dba: City of Port Jervis Dial-A-Bus",NY,manual_override,100.0,13,66,66,192,2.0,1.0,0.0,1.0,,,Tier II,routes/New_York__Birnie_Bus__mdb_mdb-233_routes.geojson,stops/New_York__Birnie_Bus__mdb_mdb-233_stops.geojson
New_York__Broome_County_Transit_(B.C._Transit)__mdb_mdb-2079,Broome County Transit,New_York,20003,"Broome County, dba: BC Transit",NY,manual_override,100.0,23,834,107,797,54.0,2.0,1.0,0.0,706.0,198963.0,Tier II,routes/New_York__Broome_County_Transit_(B.C._Transit)__mdb_mdb-2079_routes.geojson,stops/New_York__Broome_County_Transit_(B.C._Transit)__mdb_mdb-2079_stops.geojson
New_York__Centro__mdb_mdb-534,Centro,New_York,20228,"Enterprise Holdings, LLC",NY,manual_override,100.0,90,6532,630,5546,1.0,0.0,0.0,0.0,,,,routes/New_York__Centro__mdb_mdb-534_routes.geojson,stops/New_York__Centro__mdb_mdb-534_stops.geojson
New_York__Chautauqua_Area_Regional_Transit_System_(CARTS)__mdb_mdb-304,CARTS (If you do not get satisfactory results please call the CARTS office @ 800-388-6534 to see if we can accommodate your trip),New_York,20983,Regional Transit Service,NY,manual_override,100.0,9,88,15,111,30.0,0.0,0.0,0.0,,,Tier II,routes/New_York__Chautauqua_Area_Regional_Transit_System_(CARTS)__mdb_mdb-304_routes.geojson,stops/New_York__Chautauqua_Area_Regional_Transit_System_(CARTS)__mdb_mdb-304_stops.geojson
New_York__Chemung_County_(C-TRAN)__mdb_ntd-20005,C TRAN,New_York,20005,"Chemung County, dba: C TRAN",NY,manual_override,100.0,13,287,34,85,24.0,2.0,1.0,0.0,411.0,84148.0,Tier II,routes/New_York__Chemung_County_(C-TRAN)__mdb_ntd-20005_routes.geojson,stops/New_York__Chemung_County_(C-TRAN)__mdb_ntd-20005_stops.geojson
New_York__Chenango_First_Transit__mdb_mdb-536,Chenango First Transit,New_York,21000,"Yates County, dba: Yates Transit Service",NY,manual_override,100.0,1,14,2,65,5.0,0.0,0.0,0.0,,,Tier II,routes/New_York__Chenango_First_Transit__mdb_mdb-536_routes.geojson,stops/New_York__Chenango_First_Transit__mdb_mdb-536_stops.geojson
New_York__City_Of_Glen_Cove__mdb_tld-5787,City Of Glen Cove,New_York,22930,New York City Economic Development Corporation,NY,manual_override,100.0,2,5,3,72,30.0,26.0,25.0,1.0,13.0,576545.0,Tier II,routes/New_York__City_Of_Glen_Cove__mdb_tld-5787_routes.geojson,stops/New_York__City_Of_Glen_Cove__mdb_tld-5787_stops.geojson
New_York__City_of_Long_Beach_Transportation__mdb_mdb-916,City of Long Beach Transportation,New_York,20006,City of Long Beach,NY,manual_override,100.0,6,170,6,135,7.0,2.0,1.0,1.0,13.0,33275.0,Tier II,routes/New_York__City_of_Long_Beach_Transportation__mdb_mdb-916_routes.geojson,stops/New_York__City_of_Long_Beach_Transportation__mdb_mdb-916_stops.geojson
New_York__City_of_Mechanicville_Public_Transit__mdb_mdb-541,City of Mechanicville Public Transit,New_York,20213,"City of Mechanicville, dba: Public Transportation System",NY,manual_override,100.0,1,11,2,8,2.0,0.0,0.0,0.0,,,Tier II,routes/New_York__City_of_Mechanicville_Public_Transit__mdb_mdb-541_routes.geojson,stops/New_York__City_of_Mechanicville_Public_Transit__mdb_mdb-541_stops.geojson
New_York__Clarkstown_MiniTrans__mdb_mdb-911,Clarkstown MiniTrans,New_York,20085,"Town of Clarkstown, dba: Mini Trans",NY,manual_override,100.0,5,114,19,37,9.0,0.0,0.0,0.0,179.0,300173.0,Tier II,routes/New_York__Clarkstown_MiniTrans__mdb_mdb-911_routes.geojson,stops/New_York__Clarkstown_MiniTrans__mdb_mdb-911_stops.geojson
New_York__Clinton_County_Public_Transit_(CCPT)__mdb_mdb-544,Clinton County Public Transit,New_York,20939,"Clinton County, dba: Clinton County Public Transit",NY,manual_override,100.0,10,98,13,135,8.0,1.0,0.0,0.0,,,Tier II,routes/New_York__Clinton_County_Public_Transit_(CCPT)__mdb_mdb-544_routes.geojson,stops/New_York__Clinton_County_Public_Transit_(CCPT)__mdb_mdb-544_stops.geojson
New_York__Columbia_County_Public_Transportation__mdb_mdb-3116,Columbia County Public Transportation,New_York,20999,"Columbia County, dba: Columbia County Public Transportation",NY,manual_override,100.0,3,39,10,40,5.0,0.0,0.0,0.0,,,Tier II,routes/New_York__Columbia_County_Public_Transportation__mdb_mdb-3116_routes.geojson,stops/New_York__Columbia_County_Public_Transportation__mdb_mdb-3116_stops.geojson
New_York__Connect_Niagara__mdb_tld-5791,Connect Niagara,New_York,20957,"County of Niagara, dba: Connect Niagara",NY,manual_override,100.0,4,49,6,71,4.0,0.0,0.0,0.0,,,Tier II,routes/New_York__Connect_Niagara__mdb_tld-5791_routes.geojson,stops/New_York__Connect_Niagara__mdb_tld-5791_stops.geojson
New_York__Corning_Erwin_Area_Transit_System_(CEATS)__mdb_mdb-302,CEATS,New_York,20941,"City of Corning, dba: Corning Erwin Area Transit System",NY,manual_override,100.0,3,32,3,38,5.0,1.0,1.0,0.0,,,Tier II,routes/New_York__Corning_Erwin_Area_Transit_System_(CEATS)__mdb_mdb-302_routes.geojson,stops/New_York__Corning_Erwin_Area_Transit_System_(CEATS)__mdb_mdb-302_stops.geojson
New_York__Downtown_Alliance__mdb_mdb-519,Downtown Alliance,New_York,70107,"City of Alliance, dba: Alliance Public Transit",NE,manual_override,100.0,1,76,2,34,5.0,0.0,0.0,0.0,,,Tier II,routes/New_York__Downtown_Alliance__mdb_mdb-519_routes.geojson,stops/New_York__Downtown_Alliance__mdb_mdb-519_stops.geojson
New_York__Dutchess_County__mdb_mdb-457,Dutchess County Public Transit,New_York,20010,"Dutchess County, dba: Dutchess County Public Transit",NY,manual_override,100.0,19,765,58,330,48.0,1.0,0.0,0.0,173.0,295911.0,Tier II,routes/New_York__Dutchess_County__mdb_mdb-457_routes.geojson,stops/New_York__Dutchess_County__mdb_mdb-457_stops.geojson
New_York__Endless_Mountains_Transportation_Authority__mdb_tld-7021,BeST Transit,New_York,21000,"Yates County, dba: Yates Transit Service",NY,manual_override,100.0,11,560,63,144,5.0,0.0,0.0,0.0,,,Tier II,routes/New_York__Endless_Mountains_Transportation_Authority__mdb_tld-7021_routes.geojson,stops/New_York__Endless_Mountains_Transportation_Authority__mdb_tld-7021_stops.geojson
New_York__Fullington_Trailways__mdb_tld-5783,Fullington Trailways,New_York,20978,"Pine Hill-Kingston Bus Corp., dba: Pine Hill Trailways",NY,manual_override,100.0,16,16,16,52,,0.0,0.0,0.0,,,,routes/New_York__Fullington_Trailways__mdb_tld-5783_routes.geojson,stops/New_York__Fullington_Trailways__mdb_tld-5783_stops.geojson
New_York__Gloversville_Transit_System__mdb_mdb-2650,Gloversville Transit Services,New_York,20981,"City of Gloversville, dba: Gloversville Transit System",NY,manual_override,100.0,3,23,10,49,6.0,1.0,0.0,0.0,,,Tier II,routes/New_York__Gloversville_Transit_System__mdb_mdb-2650_routes.geojson,stops/New_York__Gloversville_Transit_System__mdb_mdb-2650_stops.geojson
New_York__Greene_County_Transit__mdb_mdb-613,Greene County Transit,New_York,20931,"Greene County, dba: Greene County Transit",NY,manual_override,100.0,7,24,16,141,9.0,0.0,0.0,0.0,,,Tier II,routes/New_York__Greene_County_Transit__mdb_mdb-613_routes.geojson,stops/New_York__Greene_County_Transit__mdb_mdb-613_stops.geojson
New_York__Hornell_Area_Transit__mdb_mdb-532,Hornell Area Transit,New_York,20953,"City of Hornell, dba: Hornell Area Transit",NY,manual_override,100.0,3,15,9,46,12.0,0.0,0.0,0.0,,,Tier II,routes/New_York__Hornell_Area_Transit__mdb_mdb-532_routes.geojson,stops/New_York__Hornell_Area_Transit__mdb_mdb-532_stops.geojson
New_York__Huntington_Area_Rapid_Transit_(HART)__mdb_mdb-905,HART,New_York,20071,"Town of Huntington, dba: Huntington Area Rapid Transit",NY,manual_override,100.0,4,160,34,2763,21.0,3.0,0.0,0.0,93.0,204127.0,Tier II,routes/New_York__Huntington_Area_Rapid_Transit_(HART)__mdb_mdb-905_routes.geojson,stops/New_York__Huntington_Area_Rapid_Transit_(HART)__mdb_mdb-905_stops.geojson
New_York__Jefferson_County_Public_Transit_(JCPT)__mdb_mdb-3392,Jefferson County Public Transit,New_York,20991,"St Lawrence County, dba: St Lawrence County Public Transit",NY,manual_override,100.0,4,50,50,48,22.0,0.0,0.0,0.0,,,Tier II,routes/New_York__Jefferson_County_Public_Transit_(JCPT)__mdb_mdb-3392_routes.geojson,stops/New_York__Jefferson_County_Public_Transit_(JCPT)__mdb_mdb-3392_stops.geojson
New_York__Lake_Champlain_Ferries__mdb_mdb-547,Lake Champlain Ferries,New_York,99292,"Blue Lake Rancheria, dba: Blue Lake Rancheria Transit System",CA,manual_override,100.0,2,369,4,6,,0.0,0.0,0.0,,,Tier II,routes/New_York__Lake_Champlain_Ferries__mdb_mdb-547_routes.geojson,stops/New_York__Lake_Champlain_Ferries__mdb_mdb-547_stops.geojson
New_York__Leprechaun_Lines__mdb_mdb-910,Leprechaun Lines,New_York,20179,"Leprechaun Lines, Inc.",NY,manual_override,100.0,1,13,2,26,8.0,1.0,0.0,0.0,132.0,249175.0,Tier II,routes/New_York__Leprechaun_Lines__mdb_mdb-910_routes.geojson,stops/New_York__Leprechaun_Lines__mdb_mdb-910_stops.geojson
New_York__Lewis_County_Public_Transportation__mdb_mdb-566,Lewis County Public Transportation,New_York,20925,"Lewis County, dba: Lewis County Public Transportation",NY,manual_override,100.0,21,72,59,136,11.0,0.0,0.0,0.0,,,Tier II,routes/New_York__Lewis_County_Public_Transportation__mdb_mdb-566_routes.geojson,stops/New_York__Lewis_County_Public_Transportation__mdb_mdb-566_stops.geojson
New_York__Lower_Hudson_Valley_Transit__mdb_mdb-915,LHTL,New_York,20991,"St Lawrence County, dba: St Lawrence County Public Transit",NY,manual_override,100.0,7,2264,18,33,22.0,0.0,0.0,0.0,,,Tier II,routes/New_York__Lower_Hudson_Valley_Transit__mdb_mdb-915_routes.geojson,stops/New_York__Lower_Hudson_Valley_Transit__mdb_mdb-915_stops.geojson
New_York__Madison_County_Transit__mdb_mdb-573,Madison County Transit,New_York,20940,"Madison County, dba: Madison Transit System",NY,manual_override,100.0,4,17,15,60,7.0,0.0,0.0,0.0,,,Tier II,routes/New_York__Madison_County_Transit__mdb_mdb-573_routes.geojson,stops/New_York__Madison_County_Transit__mdb_mdb-573_stops.geojson
New_York__Mercy_College__mdb_tld-4465,Mercy College,New_York,88140,Sitting Bull College,ND,manual_override,100.0,7,114,7,7,14.0,1.0,0.0,1.0,3563.0,8645.0,Tier II,routes/New_York__Mercy_College__mdb_tld-4465_routes.geojson,stops/New_York__Mercy_College__mdb_tld-4465_stops.geojson
New_York__Metropolitan_Transit_Authority_(MTA)__mdb_mdb-507,Long Island Rail Road,New_York,20188,MTA Bus Company,NY,manual_override,100.0,13,2100,141,127,1136.0,10.0,2.0,6.0,244.0,7706403.0,Tier I (Fixed Route VOMS),routes/New_York__Metropolitan_Transit_Authority_(MTA)__mdb_mdb-507_routes.geojson,stops/New_York__Metropolitan_Transit_Authority_(MTA)__mdb_mdb-507_stops.geojson
New_York__Metropolitan_Transit_Authority_(MTA)__mdb_mdb-510,MTA Bus Company,New_York,20188,MTA Bus Company,NY,manual_override,100.0,92,45424,323,2754,1136.0,10.0,2.0,6.0,244.0,7706403.0,Tier I (Fixed Route VOMS),routes/New_York__Metropolitan_Transit_Authority_(MTA)__mdb_mdb-510_routes.geojson,stops/New_York__Metropolitan_Transit_Authority_(MTA)__mdb_mdb-510_stops.geojson
New_York__Metropolitan_Transit_Authority_(MTA)__mdb_mdb-511,MTA New York City Transit,New_York,20188,MTA Bus Company,NY,manual_override,100.0,29,79762,257,1488,1136.0,10.0,2.0,6.0,244.0,7706403.0,Tier I (Fixed Route VOMS),routes/New_York__Metropolitan_Transit_Authority_(MTA)__mdb_mdb-511_routes.geojson,stops/New_York__Metropolitan_Transit_Authority_(MTA)__mdb_mdb-511_stops.geojson
New_York__Metropolitan_Transit_Authority_(MTA)__mdb_mdb-512,MTA New York City Transit,New_York,20188,MTA Bus Company,NY,manual_override,100.0,307,58357,364,4575,1136.0,10.0,2.0,6.0,244.0,7706403.0,Tier I (Fixed Route VOMS),routes/New_York__Metropolitan_Transit_Authority_(MTA)__mdb_mdb-512_routes.geojson,stops/New_York__Metropolitan_Transit_Authority_(MTA)__mdb_mdb-512_stops.geojson
New_York__Metropolitan_Transit_Authority_(MTA)__mdb_mdb-513,MTA New York City Transit,New_York,20188,MTA Bus Company,NY,manual_override,100.0,307,37872,158,1824,1136.0,10.0,2.0,6.0,244.0,7706403.0,Tier I (Fixed Route VOMS),routes/New_York__Metropolitan_Transit_Authority_(MTA)__mdb_mdb-513_routes.geojson,stops/New_York__Metropolitan_Transit_Authority_(MTA)__mdb_mdb-513_stops.geojson
New_York__Metropolitan_Transit_Authority_(MTA)__mdb_mdb-514,MTA New York City Transit,New_York,20188,MTA Bus Company,NY,manual_override,100.0,307,16524,286,1968,1136.0,10.0,2.0,6.0,244.0,7706403.0,Tier I (Fixed Route VOMS),routes/New_York__Metropolitan_Transit_Authority_(MTA)__mdb_mdb-514_routes.geojson,stops/New_York__Metropolitan_Transit_Authority_(MTA)__mdb_mdb-514_stops.geojson
New_York__Metropolitan_Transit_Authority_(MTA)__mdb_mdb-516,MTA New York City Transit,New_York,20188,MTA Bus Company,NY,manual_override,100.0,29,20621,257,1488,1136.0,10.0,2.0,6.0,244.0,7706403.0,Tier I (Fixed Route VOMS),routes/New_York__Metropolitan_Transit_Authority_(MTA)__mdb_mdb-516_routes.geojson,stops/New_York__Metropolitan_Transit_Authority_(MTA)__mdb_mdb-516_stops.geojson
New_York__Metropolitan_Transit_Authority_(MTA)__mdb_mdb-520,MTA New York City Transit,New_York,20188,MTA Bus Company,NY,manual_override,100.0,307,31199,188,1422,1136.0,10.0,2.0,6.0,244.0,7706403.0,Tier I (Fixed Route VOMS),routes/New_York__Metropolitan_Transit_Authority_(MTA)__mdb_mdb-520_routes.geojson,stops/New_York__Metropolitan_Transit_Authority_(MTA)__mdb_mdb-520_stops.geojson
New_York__Metropolitan_Transit_Authority_(MTA)__mdb_mdb-528,MTA New York City Transit,New_York,20188,MTA Bus Company,NY,manual_override,100.0,307,41156,236,1889,1136.0,10.0,2.0,6.0,244.0,7706403.0,Tier I (Fixed Route VOMS),routes/New_York__Metropolitan_Transit_Authority_(MTA)__mdb_mdb-528_routes.geojson,stops/New_York__Metropolitan_Transit_Authority_(MTA)__mdb_mdb-528_stops.geojson
New_York__MTA_Metro-North_Railroad__mdb_tld-5788,Metro-North Railroad,New_York,20078,"Metro-North Commuter Railroad Company, dba: MTA Metro-North Railroad",NY,manual_override,100.0,2,86,9,27,1151.0,247.0,127.0,9.0,527.0,6503894.0,Tier I (Rail),routes/New_York__MTA_Metro-North_Railroad__mdb_tld-5788_routes.geojson,stops/New_York__MTA_Metro-North_Railroad__mdb_tld-5788_stops.geojson
New_York__Nassau_Inter-County_Express_(NICE_Bus)__mdb_mdb-521,Nassau Inter-County Express,New_York,20206,"County of Nassau, dba: Nassau Inter County Express",NY,manual_override,100.0,46,4947,175,2484,335.0,3.0,1.0,0.0,285.0,1382283.0,Tier I (Fixed Route VOMS),routes/New_York__Nassau_Inter-County_Express_(NICE_Bus)__mdb_mdb-521_routes.geojson,stops/New_York__Nassau_Inter-County_Express_(NICE_Bus)__mdb_mdb-521_stops.geojson
New_York__Niagara_Frontier_Transportation_Authority__mdb_tld-401,NFTA,New_York,20004,"Niagara Frontier Transportation Authority, dba: NFTA - Metro Bus & Rail",NY,manual_override,100.0,68,4499,255,3724,285.0,39.0,28.0,4.0,336.0,809275.0,Tier I (Rail),routes/New_York__Niagara_Frontier_Transportation_Authority__mdb_tld-401_routes.geojson,stops/New_York__Niagara_Frontier_Transportation_Authority__mdb_tld-401_stops.geojson
New_York__Niagara_Frontier_Transportation_Authority__mdb_tld-6748,NFTA - Metro,New_York,20004,"Niagara Frontier Transportation Authority, dba: NFTA - Metro Bus & Rail",NY,manual_override,100.0,1,520,10,28,285.0,39.0,28.0,4.0,336.0,809275.0,Tier I (Rail),routes/New_York__Niagara_Frontier_Transportation_Authority__mdb_tld-6748_routes.geojson,stops/New_York__Niagara_Frontier_Transportation_Authority__mdb_tld-6748_stops.geojson
New_York__North_Country_Express_Transit__mdb_mdb-546,North Country Express Transit,New_York,20991,"St Lawrence County, dba: St Lawrence County Public Transit",NY,manual_override,100.0,2,6,4,30,22.0,0.0,0.0,0.0,,,Tier II,routes/New_York__North_Country_Express_Transit__mdb_mdb-546_routes.geojson,stops/New_York__North_Country_Express_Transit__mdb_mdb-546_stops.geojson
New_York__NYC_Ferry__mdb_mdb-515,NYC Ferry,New_York,90225,"San Francisco Bay Area Water Emergency Transportation Authority, dba: San Francisco Bay Ferry",CA,manual_override,100.0,8,1294,33,50,11.0,22.0,14.0,0.0,127.0,345375.0,Tier II,routes/New_York__NYC_Ferry__mdb_mdb-515_routes.geojson,stops/New_York__NYC_Ferry__mdb_mdb-515_stops.geojson
New_York__Olean_Area_Transit_System__mdb_mdb-586,Olean Area Transit System,New_York,20975,"City of Olean, dba: Olean Area Transit System",NY,manual_override,100.0,4,62,36,80,5.0,0.0,0.0,0.0,1124.0,181670.0,Tier II,routes/New_York__Olean_Area_Transit_System__mdb_mdb-586_routes.geojson,stops/New_York__Olean_Area_Transit_System__mdb_mdb-586_stops.geojson
New_York__Oneonta_Public_Transit__mdb_tld-6777,Oneonta Public Transit,New_York,20960,"City of Oneonta, dba: Oneonta Public Transit",NY,manual_override,100.0,7,119,15,57,14.0,1.0,0.0,1.0,,,Tier II,routes/New_York__Oneonta_Public_Transit__mdb_tld-6777_routes.geojson,stops/New_York__Oneonta_Public_Transit__mdb_tld-6777_stops.geojson
New_York__Otsego_Express_Public_Transportation__mdb_mdb-589,Otsego Express Public Transportation,New_York,21000,"Yates County, dba: Yates Transit Service",NY,manual_override,100.0,5,26,26,58,5.0,0.0,0.0,0.0,,,Tier II,routes/New_York__Otsego_Express_Public_Transportation__mdb_mdb-589_routes.geojson,stops/New_York__Otsego_Express_Public_Transportation__mdb_mdb-589_stops.geojson
New_York__PART_Putnam_Area_Rapid_Transit__mdb_mdb-928,PART Putnam Area Rapid Transit,New_York,20096,"Putnam County, dba: Putnam Area Rapid Transit",NY,manual_override,100.0,5,168,48,256,13.0,1.0,0.0,1.0,98.0,62901.0,Tier II,routes/New_York__PART_Putnam_Area_Rapid_Transit__mdb_mdb-928_routes.geojson,stops/New_York__PART_Putnam_Area_Rapid_Transit__mdb_mdb-928_stops.geojson
"New_York__Propark_Mobility,_Columbia_County_Public_Transportation__mdb_tld-6745",Propark Mobility | Columbia County Public Transportation,New_York,20999,"Columbia County, dba: Columbia County Public Transportation",NY,manual_override,100.0,5,48,37,83,5.0,0.0,0.0,0.0,,,Tier II,"routes/New_York__Propark_Mobility,_Columbia_County_Public_Transportation__mdb_tld-6745_routes.geojson","stops/New_York__Propark_Mobility,_Columbia_County_Public_Transportation__mdb_tld-6745_stops.geojson"
New_York__Rensselaer_County_(Yankee_Trails)__mdb_mdb-804,Yankee Trails,New_York,20968,County of Rensselaer,NY,manual_override,100.0,1,5,4,16,1.0,0.0,0.0,0.0,,,,routes/New_York__Rensselaer_County_(Yankee_Trails)__mdb_mdb-804_routes.geojson,stops/New_York__Rensselaer_County_(Yankee_Trails)__mdb_mdb-804_stops.geojson
New_York__Rochester-Genesee_Regional_Transportation_Authority_(RGRTA)__mdb_mdb-533,Regional Transit Service (RTS),New_York,20983,Regional Transit Service,NY,manual_override,100.0,198,9054,491,1885,30.0,0.0,0.0,0.0,,,Tier II,routes/New_York__Rochester-Genesee_Regional_Transportation_Authority_(RGRTA)__mdb_mdb-533_routes.geojson,stops/New_York__Rochester-Genesee_Regional_Transportation_Authority_(RGRTA)__mdb_mdb-533_stops.geojson
New_York__Rochester-Genesee_Regional_Transportation_Authority__mdb_tld-1200,RTS Seneca,New_York,22929,Seneca Nation of Indians,NY,manual_override,100.0,2,24,24,17,3.0,0.0,0.0,0.0,,,Tier II,routes/New_York__Rochester-Genesee_Regional_Transportation_Authority__mdb_tld-1200_routes.geojson,stops/New_York__Rochester-Genesee_Regional_Transportation_Authority__mdb_tld-1200_stops.geojson
New_York__Rochester-Genesee_Regional_Transportation_Authority__mdb_tld-1201,RTS Wayne,New_York,20991,"St Lawrence County, dba: St Lawrence County Public Transit",NY,manual_override,100.0,5,20,20,77,22.0,0.0,0.0,0.0,,,Tier II,routes/New_York__Rochester-Genesee_Regional_Transportation_Authority__mdb_tld-1201_routes.geojson,stops/New_York__Rochester-Genesee_Regional_Transportation_Authority__mdb_tld-1201_stops.geojson
New_York__Rochester-Genesee_Regional_Transportation_Authority__mdb_tld-7040,RTS Genesee,New_York,20991,"St Lawrence County, dba: St Lawrence County Public Transit",NY,manual_override,100.0,4,60,60,24,22.0,0.0,0.0,0.0,,,Tier II,routes/New_York__Rochester-Genesee_Regional_Transportation_Authority__mdb_tld-7040_routes.geojson,stops/New_York__Rochester-Genesee_Regional_Transportation_Authority__mdb_tld-7040_stops.geojson
New_York__Rochester-Genesee_Regional_Transportation_Authority__mdb_tld-7041,RTS Ontario,New_York,20991,"St Lawrence County, dba: St Lawrence County Public Transit",NY,manual_override,100.0,6,61,61,48,22.0,0.0,0.0,0.0,,,Tier II,routes/New_York__Rochester-Genesee_Regional_Transportation_Authority__mdb_tld-7041_routes.geojson,stops/New_York__Rochester-Genesee_Regional_Transportation_Authority__mdb_tld-7041_stops.geojson
New_York__Rochester-Genesee_Regional_Transportation_Authority__mdb_tld-7042,RTS Orleans,New_York,20991,"St Lawrence County, dba: St Lawrence County Public Transit",NY,manual_override,100.0,5,31,31,30,22.0,0.0,0.0,0.0,,,Tier II,routes/New_York__Rochester-Genesee_Regional_Transportation_Authority__mdb_tld-7042_routes.geojson,stops/New_York__Rochester-Genesee_Regional_Transportation_Authority__mdb_tld-7042_stops.geojson
New_York__Rochester-Genesee_Regional_Transportation_Authority__mdb_tld-7043,RTS Wyoming,New_York,20991,"St Lawrence County, dba: St Lawrence County Public Transit",NY,manual_override,100.0,7,45,45,53,22.0,0.0,0.0,0.0,,,Tier II,routes/New_York__Rochester-Genesee_Regional_Transportation_Authority__mdb_tld-7043_routes.geojson,stops/New_York__Rochester-Genesee_Regional_Transportation_Authority__mdb_tld-7043_stops.geojson
New_York__Rochester_Transit_Service__mdb_mdb-3114,RTS Livingston,New_York,20999,"Columbia County, dba: Columbia County Public Transportation",NY,manual_override,100.0,5,87,87,46,5.0,0.0,0.0,0.0,,,Tier II,routes/New_York__Rochester_Transit_Service__mdb_mdb-3114_routes.geojson,stops/New_York__Rochester_Transit_Service__mdb_mdb-3114_stops.geojson
New_York__Roosevelt_Island_Operating_Corporation_Tramway__mdb_tld-3364,Roosevelt Island Tram,New_York,20099,"Staten Island Rapid Transit Operating Authority, dba: MTA Staten Island Railway",NY,manual_override,100.0,4,1632,6,26,45.0,33.0,21.0,2.0,59.0,490687.0,Tier I (Rail),routes/New_York__Roosevelt_Island_Operating_Corporation_Tramway__mdb_tld-3364_routes.geojson,stops/New_York__Roosevelt_Island_Operating_Corporation_Tramway__mdb_tld-3364_stops.geojson
New_York__Schoharie_County_Transit__mdb_tld-5877,Schoharie County Public Transit,New_York,20926,"Schoharie County, dba: Schoharie County Public Transportation",NY,manual_override,100.0,5,23,12,65,9.0,1.0,0.0,1.0,,,Tier II,routes/New_York__Schoharie_County_Transit__mdb_tld-5877_routes.geojson,stops/New_York__Schoharie_County_Transit__mdb_tld-5877_stops.geojson
New_York__SeaStreak_Ferries__mdb_ntd-20226,Seastreak,New_York,20226,"SeaStreak, LLC",NJ,manual_override,100.0,5,116,24,11,7.0,11.0,11.0,0.0,776.0,3658455.0,Tier II,routes/New_York__SeaStreak_Ferries__mdb_ntd-20226_routes.geojson,stops/New_York__SeaStreak_Ferries__mdb_ntd-20226_stops.geojson
New_York__Seneca_Transit_System__mdb_ntd-22929,Seneca Transit System,New_York,21000,"Yates County, dba: Yates Transit Service",NY,manual_override,100.0,7,58,10,55,5.0,0.0,0.0,0.0,,,Tier II,routes/New_York__Seneca_Transit_System__mdb_ntd-22929_routes.geojson,stops/New_York__Seneca_Transit_System__mdb_ntd-22929_stops.geojson
New_York__St_Lawrence_County_Public_Transit__mdb_mdb-2611,St. Lawrence County Public Transit,New_York,20991,"St Lawrence County, dba: St Lawrence County Public Transit",NY,manual_override,100.0,17,162,75,153,22.0,0.0,0.0,0.0,,,Tier II,routes/New_York__St_Lawrence_County_Public_Transit__mdb_mdb-2611_routes.geojson,stops/New_York__St_Lawrence_County_Public_Transit__mdb_mdb-2611_stops.geojson
New_York__Staten_Island_Ferry__mdb_mdb-518,New York City Department of Transportation,New_York,20082,New York City Department of Transportation,NY,manual_override,100.0,1,416,2,2,4.0,10.0,7.0,0.0,372.0,8804190.0,Tier II,routes/New_York__Staten_Island_Ferry__mdb_mdb-518_routes.geojson,stops/New_York__Staten_Island_Ferry__mdb_mdb-518_stops.geojson
New_York__Steuben_County_Transit__mdb_mdb-851,Steuben County Transit,New_York,21000,"Yates County, dba: Yates Transit Service",NY,manual_override,100.0,3,25,6,20,5.0,0.0,0.0,0.0,,,Tier II,routes/New_York__Steuben_County_Transit__mdb_mdb-851_routes.geojson,stops/New_York__Steuben_County_Transit__mdb_mdb-851_stops.geojson
New_York__Suffolk_County_Transit__mdb_mdb-3115,Suffolk County Transit - West | Suffolk County Transit - East | Suffolk County Transit  - Central,New_York,20072,"Suffolk County, dba: Suffolk County Transit",NY,manual_override,100.0,25,2378,53,2283,278.0,0.0,0.0,0.0,911.0,1523170.0,Tier I (Fixed Route VOMS),routes/New_York__Suffolk_County_Transit__mdb_mdb-3115_routes.geojson,stops/New_York__Suffolk_County_Transit__mdb_mdb-3115_stops.geojson
New_York__Sullivan_County_Transit__mdb_mdb-927,Sullivan County Transit | Move Sullivan,New_York,20937,"Sullivan County, dba: Move Sullivan",NY,manual_override,100.0,9,43,15,108,13.0,1.0,0.0,0.0,,,Tier II,routes/New_York__Sullivan_County_Transit__mdb_mdb-927_routes.geojson,stops/New_York__Sullivan_County_Transit__mdb_mdb-927_stops.geojson
New_York__Tompkins_Consolidated_Area_Transit_Inc__mdb_mdb-535,Tompkins Consolidated Area Transit Inc,New_York,20145,Tompkins Consolidated Area Transit,NY,manual_override,100.0,25,4994,156,633,44.0,3.0,1.0,0.0,152.0,105602.0,Tier II,routes/New_York__Tompkins_Consolidated_Area_Transit_Inc__mdb_mdb-535_routes.geojson,stops/New_York__Tompkins_Consolidated_Area_Transit_Inc__mdb_mdb-535_stops.geojson
New_York__Transport_of_Rockland__mdb_tld-3368,Transport of Rockland (TOR),New_York,20988,"City of Port Jervis, dba: City of Port Jervis Dial-A-Bus",NY,manual_override,100.0,11,819,83,97,2.0,1.0,0.0,1.0,,,Tier II,routes/New_York__Transport_of_Rockland__mdb_tld-3368_routes.geojson,stops/New_York__Transport_of_Rockland__mdb_tld-3368_stops.geojson
New_York__Ulster_County_Area_Transit__mdb_mdb-526,Ulster County Area Transit,New_York,20178,"Ulster County, dba: Ulster County Area Transit",NY,manual_override,100.0,40,254,69,143,32.0,1.0,0.0,0.0,350.0,175883.0,Tier II,routes/New_York__Ulster_County_Area_Transit__mdb_mdb-526_routes.geojson,stops/New_York__Ulster_County_Area_Transit__mdb_mdb-526_stops.geojson
New_York__Watertown_Citibus__mdb_mdb-2881,City of Watertown (CitiBus),New_York,20215,"City of Watertown NY, dba: CitiBus",NY,manual_override,100.0,5,83,5,57,10.0,4.0,1.0,2.0,17.0,25290.0,Tier II,routes/New_York__Watertown_Citibus__mdb_mdb-2881_routes.geojson,stops/New_York__Watertown_Citibus__mdb_mdb-2881_stops.geojson
New_York__Watertown_Citibus__mdb_mdb-871,Watertown Citibus,New_York,20215,"City of Watertown NY, dba: CitiBus",NY,manual_override,100.0,5,87,5,28,10.0,4.0,1.0,2.0,17.0,25290.0,Tier II,routes/New_York__Watertown_Citibus__mdb_mdb-871_routes.geojson,stops/New_York__Watertown_Citibus__mdb_mdb-871_stops.geojson
North_Carolina__Asheville_Rides_Transit__mdb_mdb-903,Asheville Rides Transit,North_Carolina,40005,"City of Asheville, dba: ART (Asheville Rides Transit)",NC,manual_override,100.0,18,1831,46,677,19.0,2.0,1.0,1.0,45.0,95053.0,Tier II,routes/North_Carolina__Asheville_Rides_Transit__mdb_mdb-903_routes.geojson,stops/North_Carolina__Asheville_Rides_Transit__mdb_mdb-903_stops.geojson
North_Carolina__Cape_Lookout_National_Seashore__mdb_mdb-3205,National Park Service,North_Carolina,40209,"Hoke County, dba: Hoke Area Transit Service",NC,manual_override,100.0,3,181,6,5,12.0,1.0,0.0,0.0,392.0,54446.0,Tier II,routes/North_Carolina__Cape_Lookout_National_Seashore__mdb_mdb-3205_routes.geojson,stops/North_Carolina__Cape_Lookout_National_Seashore__mdb_mdb-3205_stops.geojson
North_Carolina__Capital_Area_Transit_(GoRaleigh)__mdb_mdb-2074,GoRaleigh,North_Carolina,40007,"City of Raleigh, dba: GoRaleigh",NC,manual_override,100.0,34,8498,77,1386,264.0,6.0,1.0,3.0,125.0,474069.0,Tier I (Non-Fixed Route VOMS),routes/North_Carolina__Capital_Area_Transit_(GoRaleigh)__mdb_mdb-2074_routes.geojson,stops/North_Carolina__Capital_Area_Transit_(GoRaleigh)__mdb_mdb-2074_stops.geojson
North_Carolina__Chapel_Hill_Transit__mdb_tld-89,Chapel Hill Transit,North_Carolina,40051,"Town of Chapel Hill, dba: Chapel Hill Transit",NC,manual_override,100.0,22,1808,43,527,88.0,1.0,0.0,0.0,62.0,80218.0,Tier II,routes/North_Carolina__Chapel_Hill_Transit__mdb_tld-89_routes.geojson,stops/North_Carolina__Chapel_Hill_Transit__mdb_tld-89_stops.geojson
North_Carolina__Charlotte_Area_Transit_System_(CATS)__mdb_mdb-2265,CATS,North_Carolina,44977,McDowell Transit,NC,manual_override,100.0,64,8287,193,2917,9.0,0.0,0.0,0.0,,,Tier II,routes/North_Carolina__Charlotte_Area_Transit_System_(CATS)__mdb_mdb-2265_routes.geojson,stops/North_Carolina__Charlotte_Area_Transit_System_(CATS)__mdb_mdb-2265_stops.geojson
North_Carolina__City_of_Jacksonville__mdb_tld-6735,City of Jacksonville,North_Carolina,40166,"City of Jacksonville, dba: Jacksonville Transit",NC,manual_override,100.0,5,231,10,196,9.0,3.0,1.0,1.0,47.0,72447.0,Tier II,routes/North_Carolina__City_of_Jacksonville__mdb_tld-6735_routes.geojson,stops/North_Carolina__City_of_Jacksonville__mdb_tld-6735_stops.geojson
North_Carolina__Concord_Kannapolis_Area_Transit_(Rider_Transit)__mdb_mdb-2244,Concord Kannapolis Area Transit,North_Carolina,40167,"City of Concord, dba: Concord Kannapolis Area Transit (Rider)",NC,manual_override,100.0,9,375,17,280,13.0,3.0,1.0,0.0,78.0,145700.0,Tier II,routes/North_Carolina__Concord_Kannapolis_Area_Transit_(Rider_Transit)__mdb_mdb-2244_routes.geojson,stops/North_Carolina__Concord_Kannapolis_Area_Transit_(Rider_Transit)__mdb_mdb-2244_stops.geojson
North_Carolina__Davidson_County_Transportation_Services__mdb_ntd-40131,DAVIDSON COUNTY TRANSPORTATION SERVICES,North_Carolina,40131,"Davidson County, dba: Davidson County Transportation",NC,manual_override,100.0,5,55,5,125,19.0,1.0,0.0,0.0,500.0,167609.0,Tier II,routes/North_Carolina__Davidson_County_Transportation_Services__mdb_ntd-40131_routes.geojson,stops/North_Carolina__Davidson_County_Transportation_Services__mdb_ntd-40131_stops.geojson
North_Carolina__GoCary__mdb_mdb-2277,GoCary,North_Carolina,40143,"Town of Cary, dba: GoCary",NC,manual_override,100.0,9,2022,22,303,26.0,1.0,1.0,0.0,59.0,180010.0,Tier II,routes/North_Carolina__GoCary__mdb_mdb-2277_routes.geojson,stops/North_Carolina__GoCary__mdb_mdb-2277_stops.geojson
North_Carolina__GoDurham__mdb_tld-98,GoDurham,North_Carolina,40087,"City of Durham, dba: GoDurham",NC,manual_override,100.0,17,3263,208,831,110.0,5.0,1.0,2.0,93.0,283506.0,Tier II,routes/North_Carolina__GoDurham__mdb_tld-98_routes.geojson,stops/North_Carolina__GoDurham__mdb_tld-98_stops.geojson
North_Carolina__GoTriangle__mdb_mdb-3183,GoTriangle,North_Carolina,41131,Choanoke Public Transportation Authority,NC,manual_override,100.0,18,1959,57,496,10.0,1.0,0.0,0.0,,,Tier II,routes/North_Carolina__GoTriangle__mdb_mdb-3183_routes.geojson,stops/North_Carolina__GoTriangle__mdb_mdb-3183_stops.geojson
North_Carolina__Link_Transit__mdb_mdb-1971,LINK TRANSIT,North_Carolina,40252,"City Of Burlington, dba: Link Transit",NC,manual_override,100.0,5,163,10,200,7.0,1.0,0.0,0.0,35.0,66223.0,Tier II,routes/North_Carolina__Link_Transit__mdb_mdb-1971_routes.geojson,stops/North_Carolina__Link_Transit__mdb_mdb-1971_stops.geojson
North_Carolina__North_Carolina_State_University_(NCSU)__mdb_mdb-2245,NC State University,North_Carolina,40147,North Carolina State University,NC,manual_override,100.0,15,1161,12,121,25.0,0.0,0.0,0.0,,,,routes/North_Carolina__North_Carolina_State_University_(NCSU)__mdb_mdb-2245_routes.geojson,stops/North_Carolina__North_Carolina_State_University_(NCSU)__mdb_mdb-2245_stops.geojson
North_Carolina__Orange_County_Public_Transportation__mdb_tld-7885,Orange County Public Transportation,North_Carolina,40231,"Orange County, dba: Orange County Public Transit",NC,manual_override,100.0,5,63,9,63,19.0,1.0,0.0,0.0,526.0,166493.0,Tier II,routes/North_Carolina__Orange_County_Public_Transportation__mdb_tld-7885_routes.geojson,stops/North_Carolina__Orange_County_Public_Transportation__mdb_tld-7885_stops.geojson
North_Carolina__Piedmont_Authority_for_Regional_Transportation_(PART)__mdb_mdb-373,Piedmont Authority for Regional Transportation,North_Carolina,40173,Piedmont Authority for Regional Transportation,NC,manual_override,100.0,8,342,30,116,56.0,17.0,1.0,1.0,2287.0,1664637.0,Tier II,routes/North_Carolina__Piedmont_Authority_for_Regional_Transportation_(PART)__mdb_mdb-373_routes.geojson,stops/North_Carolina__Piedmont_Authority_for_Regional_Transportation_(PART)__mdb_mdb-373_stops.geojson
North_Carolina__Research_Triangle_Regional_Public_Transportation_Authority__mdb_tld-202,GoTriangle,North_Carolina,40108,"Research Triangle Regional Public Transportation Authority, dba: GoTriangle",NC,manual_override,100.0,18,1959,57,496,87.0,7.0,4.0,1.0,1520.0,1924805.0,Tier II,routes/North_Carolina__Research_Triangle_Regional_Public_Transportation_Authority__mdb_tld-202_routes.geojson,stops/North_Carolina__Research_Triangle_Regional_Public_Transportation_Authority__mdb_tld-202_stops.geojson
North_Carolina__Tar_River_Transit__mdb_mdb-472,Tar River Transit,North_Carolina,40096,"City of Rocky Mount, dba: Tar River Transit",NC,manual_override,100.0,10,194,12,298,26.0,1.0,1.0,0.0,37.0,54341.0,Tier II,routes/North_Carolina__Tar_River_Transit__mdb_mdb-472_routes.geojson,stops/North_Carolina__Tar_River_Transit__mdb_mdb-472_stops.geojson
North_Carolina__Wave_Transit__mdb_mdb-1110,Wave Transit,North_Carolina,40006,"Cape Fear Public Transportation Authority, dba: Wave Transit",NC,manual_override,100.0,18,2397,36,410,44.0,3.0,2.0,0.0,112.0,191698.0,Tier II,routes/North_Carolina__Wave_Transit__mdb_mdb-1110_routes.geojson,stops/North_Carolina__Wave_Transit__mdb_mdb-1110_stops.geojson
North_Carolina__Winston_Salem_Transit_Authority_(WSTA)__mdb_mdb-3479,Winston Salem Transit,North_Carolina,40012,"City of Winston Salem, dba: Winston-Salem Transit Authority",NC,manual_override,100.0,24,2364,52,955,60.0,4.0,1.0,1.0,134.0,254987.0,Tier II,routes/North_Carolina__Winston_Salem_Transit_Authority_(WSTA)__mdb_mdb-3479_routes.geojson,stops/North_Carolina__Winston_Salem_Transit_Authority_(WSTA)__mdb_mdb-3479_stops.geojson
North_Dakota__Bis-Man_Transit__mdb_tld-6095,Bis-Man Transit,North_Dakota,80019,"Bis-Man Transit Board, dba: Bis-Man Transit",ND,manual_override,100.0,6,335,12,57,24.0,1.0,0.0,0.0,56.0,103265.0,Tier II,routes/North_Dakota__Bis-Man_Transit__mdb_tld-6095_routes.geojson,stops/North_Dakota__Bis-Man_Transit__mdb_tld-6095_stops.geojson
North_Dakota__Cities_Area_Transit__mdb_mdb-2199,Cities Area Transit,North_Dakota,88128,"Spirit Lake Tribe, dba: Spirit Lake Tribal Transit",ND,manual_override,100.0,15,762,27,248,4.0,0.0,0.0,0.0,,,Tier II,routes/North_Dakota__Cities_Area_Transit__mdb_mdb-2199_routes.geojson,stops/North_Dakota__Cities_Area_Transit__mdb_mdb-2199_stops.geojson
North_Dakota__City_of_Fargo__mdb_ntd-80003,MATBUS,North_Dakota,80003,"City of Fargo, dba: Metropolitan Area Transit",ND,manual_override,100.0,18,1349,30,662,40.0,2.0,1.0,0.0,45.0,173588.0,Tier II,routes/North_Dakota__City_of_Fargo__mdb_ntd-80003_routes.geojson,stops/North_Dakota__City_of_Fargo__mdb_ntd-80003_stops.geojson
Ohio__Akron_Metro_Regional_Transit_Authority_(METRO)__mdb_mdb-2071,METRO RTA,Ohio,50012,"Southwest Ohio Regional Transit Authority, dba: Metro / Access",OH,manual_override,100.0,24,5770,88,1827,313.0,7.0,5.0,0.0,289.0,744901.0,Tier I (Fixed Route VOMS),routes/Ohio__Akron_Metro_Regional_Transit_Authority_(METRO)__mdb_mdb-2071_routes.geojson,stops/Ohio__Akron_Metro_Regional_Transit_Authority_(METRO)__mdb_mdb-2071_stops.geojson
Ohio__Allen_County_Regional_Transit_Authority__mdb_mdb-210,Allen County Regional Transit Authority,Ohio,50093,Lima Allen County Regional Transit Authority,OH,manual_override,100.0,10,206,13,338,16.0,3.0,1.0,1.0,405.0,100866.0,Tier II,routes/Ohio__Allen_County_Regional_Transit_Authority__mdb_mdb-210_routes.geojson,stops/Ohio__Allen_County_Regional_Transit_Authority__mdb_mdb-210_stops.geojson
Ohio__Central_Ohio_Transit_Authority_(COTA)__mdb_mdb-404,Central Ohio Transit Authority,Ohio,50016,Central Ohio Transit Authority,OH,manual_override,100.0,43,5976,141,2978,289.0,41.0,7.0,10.0,336.0,1413698.0,Tier I (Fixed Route VOMS),routes/Ohio__Central_Ohio_Transit_Authority_(COTA)__mdb_mdb-404_routes.geojson,stops/Ohio__Central_Ohio_Transit_Authority_(COTA)__mdb_mdb-404_stops.geojson
Ohio__Cincinnati_Metro__mdb_mdb-307,METRO,Ohio,50012,"Southwest Ohio Regional Transit Authority, dba: Metro / Access",OH,manual_override,100.0,53,10899,203,3513,313.0,7.0,5.0,0.0,289.0,744901.0,Tier I (Fixed Route VOMS),routes/Ohio__Cincinnati_Metro__mdb_mdb-307_routes.geojson,stops/Ohio__Cincinnati_Metro__mdb_mdb-307_stops.geojson
Ohio__Greater_Cleveland_Regional_Transit_Authority__mdb_mdb-406,Greater Cleveland Regional Transit Authority,Ohio,50015,The Greater Cleveland Regional Transit Authority,OH,manual_override,100.0,47,31918,243,5590,397.0,145.0,89.0,8.0,458.0,1264817.0,Tier I (Rail),routes/Ohio__Greater_Cleveland_Regional_Transit_Authority__mdb_mdb-406_routes.geojson,stops/Ohio__Greater_Cleveland_Regional_Transit_Authority__mdb_mdb-406_stops.geojson
Ohio__Greater_Dayton_Regional_Transit_Authority_(Greater_Dayton_RTA)__mdb_mdb-403,Greater Dayton RTA,Ohio,50017,Greater Dayton Regional Transit Authority,OH,manual_override,100.0,22,4111,189,2632,138.0,11.0,5.0,2.0,274.0,559062.0,Tier II,routes/Ohio__Greater_Dayton_Regional_Transit_Authority_(Greater_Dayton_RTA)__mdb_mdb-403_routes.geojson,stops/Ohio__Greater_Dayton_Regional_Transit_Authority_(Greater_Dayton_RTA)__mdb_mdb-403_stops.geojson
Ohio__Laketran__mdb_mdb-410,Laketran,Ohio,50117,Laketran,OH,manual_override,100.0,13,568,44,797,116.0,8.0,4.0,1.0,627.0,326867.0,Tier II,routes/Ohio__Laketran__mdb_mdb-410_routes.geojson,stops/Ohio__Laketran__mdb_mdb-410_stops.geojson
Ohio__Licking_County_Transit__mdb_ntd-50163,Licking County Transit,Ohio,50163,"Licking County, Ohio, dba: Licking County Transit",OH,manual_override,100.0,6,99,6,159,21.0,1.0,0.0,1.0,683.0,183201.0,Tier II,routes/Ohio__Licking_County_Transit__mdb_ntd-50163_routes.geojson,stops/Ohio__Licking_County_Transit__mdb_ntd-50163_stops.geojson
Ohio__Lorain_County_Transit__mdb_tld-7039,Lorain County Transit,Ohio,50095,"Lorain County, dba: Lorain County Transit",OH,manual_override,100.0,5,110,12,148,27.0,0.0,0.0,0.0,49.0,127025.0,Tier II,routes/Ohio__Lorain_County_Transit__mdb_tld-7039_routes.geojson,stops/Ohio__Lorain_County_Transit__mdb_tld-7039_stops.geojson
Ohio__Portage_Area_Regional_Transportation_Authority_(PARTA)__mdb_mdb-2256,Portage Area Regional Transit Authority (PARTA),Ohio,50021,Portage Area Regional Transportation Authority,OH,manual_override,100.0,20,3159,45,1051,45.0,4.0,1.0,2.0,487.0,161791.0,Tier II,routes/Ohio__Portage_Area_Regional_Transportation_Authority_(PARTA)__mdb_mdb-2256_routes.geojson,stops/Ohio__Portage_Area_Regional_Transportation_Authority_(PARTA)__mdb_mdb-2256_stops.geojson
Ohio__Sandusky_Transit_System__mdb_tld-1213_1,Sandusky Transit System,Ohio,50164,"City of Sandusky, dba: Sandusky Transit System",OH,manual_override,100.0,5,106,5,101,14.0,2.0,0.0,1.0,252.0,76755.0,Tier II,routes/Ohio__Sandusky_Transit_System__mdb_tld-1213_1_routes.geojson,stops/Ohio__Sandusky_Transit_System__mdb_tld-1213_1_stops.geojson
Ohio__Stark_Area_Regional_Transit_Authority_(SARTA)__mdb_mdb-2001,Stark Area Regional Transit Authority,Ohio,50011,Stark Area Regional Transit Authority,OH,manual_override,100.0,24,1678,58,1365,74.0,6.0,4.0,0.0,1131.0,490723.0,Tier II,routes/Ohio__Stark_Area_Regional_Transit_Authority_(SARTA)__mdb_mdb-2001_routes.geojson,stops/Ohio__Stark_Area_Regional_Transit_Authority_(SARTA)__mdb_mdb-2001_stops.geojson
Ohio__Toledo_Area_Regional_Transit_Authority__mdb_tld-1716_1,Toledo Area Regional Transit Authority,Ohio,50022,Toledo Area Regional Transit Authority,OH,manual_override,100.0,18,1466,48,1533,135.0,6.0,4.0,0.0,238.0,429500.0,Tier II,routes/Ohio__Toledo_Area_Regional_Transit_Authority__mdb_tld-1716_1_routes.geojson,stops/Ohio__Toledo_Area_Regional_Transit_Authority__mdb_tld-1716_1_stops.geojson
Ohio__Western_Reserve_Transit_Authority__mdb_tld-1717,Western Reserve Transit Authority,Ohio,50024,Western Reserve Transit Authority,OH,manual_override,100.0,24,1183,115,1019,57.0,4.0,1.0,0.0,331.0,430591.0,Tier II,routes/Ohio__Western_Reserve_Transit_Authority__mdb_tld-1717_routes.geojson,stops/Ohio__Western_Reserve_Transit_Authority__mdb_tld-1717_stops.geojson
Oklahoma__Campus_Area_Rapid_Transit_(CART)__mdb_mdb-182,Campus Area Rapid Transit (CART),Oklahoma,66194,"Cheyenne & Arapaho Tribes, dba: Cheyenne and Arapaho Tribal Transit",OK,manual_override,100.0,5,209,5,33,8.0,2.0,0.0,0.0,,,Tier II,routes/Oklahoma__Campus_Area_Rapid_Transit_(CART)__mdb_mdb-182_routes.geojson,stops/Oklahoma__Campus_Area_Rapid_Transit_(CART)__mdb_mdb-182_stops.geojson
Oklahoma__Citylink_Edmond__mdb_tld-7841,Citylink Edmond,Oklahoma,60118,"City of Edmond, dba: Citylink",OK,manual_override,100.0,7,183,7,155,12.0,1.0,0.0,1.0,90.0,98103.0,Tier II,routes/Oklahoma__Citylink_Edmond__mdb_tld-7841_routes.geojson,stops/Oklahoma__Citylink_Edmond__mdb_tld-7841_stops.geojson
Oklahoma__Embark__mdb_mdb-2062,Campus Area Rapid Transit (CART) | Citylink Edmond | EMBARK | EMBARK Norman | Oklahoma River Cruises,Oklahoma,66341,"City of Norman, dba: EMBARK Norman",OK,manual_override,100.0,48,11565,94,1640,23.0,3.0,1.0,1.0,189.0,130674.0,Tier II,routes/Oklahoma__Embark__mdb_mdb-2062_routes.geojson,stops/Oklahoma__Embark__mdb_mdb-2062_stops.geojson
Oklahoma__Metropolitan_Tulsa_Transit_Authority__mdb_tld-235,MetroLink Tulsa,Oklahoma,60018,"Metropolitan Tulsa Transit Authority, dba: Tulsa Transit, MetroLink Tulsa",OK,manual_override,100.0,18,1310,74,1191,79.0,5.0,2.0,1.0,249.0,511352.0,Tier II,routes/Oklahoma__Metropolitan_Tulsa_Transit_Authority__mdb_tld-235_routes.geojson,stops/Oklahoma__Metropolitan_Tulsa_Transit_Authority__mdb_tld-235_stops.geojson
Oklahoma__Oklahoma_State_University_-Stillwater_Community_Transit__mdb_ntd-60160,Oklahoma State University,Oklahoma,60160,OSU-Stillwater Community Transit,OK,manual_override,100.0,14,14,11,174,18.0,2.0,1.0,0.0,,,Tier II,routes/Oklahoma__Oklahoma_State_University_-Stillwater_Community_Transit__mdb_ntd-60160_routes.geojson,stops/Oklahoma__Oklahoma_State_University_-Stillwater_Community_Transit__mdb_ntd-60160_stops.geojson
Oklahoma__OSU-Stillwater_Community_Transit__mdb_tld-7941,Oklahoma State University,Oklahoma,60160,OSU-Stillwater Community Transit,OK,manual_override,100.0,14,14,11,175,18.0,2.0,1.0,0.0,,,Tier II,routes/Oklahoma__OSU-Stillwater_Community_Transit__mdb_tld-7941_routes.geojson,stops/Oklahoma__OSU-Stillwater_Community_Transit__mdb_tld-7941_stops.geojson
Oregon__Astoria_Riverfront_Trolley__mdb_mdb-1254,Astoria Riverfront Trolley,Oregon,70057,Loop Trolley Transportation Development District,MO,manual_override,100.0,1,18,2,12,1.0,14.0,13.0,0.0,5.0,50580.0,Tier I (Rail),routes/Oregon__Astoria_Riverfront_Trolley__mdb_mdb-1254_routes.geojson,stops/Oregon__Astoria_Riverfront_Trolley__mdb_mdb-1254_stops.geojson
Oregon__Basin_Transit_Service_(BTS)__mdb_mdb-125,Basin Transit Service,Oregon,00339,"Basin Transit Service, dba: Basin Transit Service Transportation District",OR,manual_override,100.0,8,109,24,228,9.0,3.0,1.0,0.0,,,Tier II,routes/Oregon__Basin_Transit_Service_(BTS)__mdb_mdb-125_routes.geojson,stops/Oregon__Basin_Transit_Service_(BTS)__mdb_mdb-125_stops.geojson
Oregon__Benton_Area_Transportation__mdb_mdb-126,Benton Area Transit,Oregon,00065,"Benton County, dba: Benton Area Transit",OR,manual_override,100.0,2,15,8,50,13.0,2.0,2.0,0.0,675.0,96017.0,Tier II,routes/Oregon__Benton_Area_Transportation__mdb_mdb-126_routes.geojson,stops/Oregon__Benton_Area_Transportation__mdb_mdb-126_stops.geojson
Oregon__Benton_Area_Transportation__mdb_mdb-3109,Benton Area Transit,Oregon,00065,"Benton County, dba: Benton Area Transit",OR,manual_override,100.0,5,22,8,50,13.0,2.0,2.0,0.0,675.0,96017.0,Tier II,routes/Oregon__Benton_Area_Transportation__mdb_mdb-3109_routes.geojson,stops/Oregon__Benton_Area_Transportation__mdb_mdb-3109_stops.geojson
Oregon__Buena_Vista_Ferry__mdb_mdb-834,Buena Vista Ferry,Oregon,91014,"City of Rio Vista, dba: Rio Vista Delta Breeze",CA,manual_override,100.0,1,253,2,2,2.0,1.0,0.0,1.0,,,Tier II,routes/Oregon__Buena_Vista_Ferry__mdb_mdb-834_routes.geojson,stops/Oregon__Buena_Vista_Ferry__mdb_mdb-834_stops.geojson
Oregon__Burns_Paiute_Tribal_Transit__mdb_mdb-2621,Burns Paiute Tribal Transit,Oregon,00421,"Burns Paiute Tribe, dba: Burns Paiute Tribal Transit",OR,manual_override,100.0,1,7,1,8,,0.0,0.0,0.0,,,Tier II,routes/Oregon__Burns_Paiute_Tribal_Transit__mdb_mdb-2621_routes.geojson,stops/Oregon__Burns_Paiute_Tribal_Transit__mdb_mdb-2621_stops.geojson
Oregon__C-TRAN__mdb_mdb-258,C-TRAN,Oregon,00459,Umpqua Public Transportation District,OR,manual_override,100.0,31,6273,130,901,17.0,1.0,0.0,0.0,,,Tier II,routes/Oregon__C-TRAN__mdb_mdb-258_routes.geojson,stops/Oregon__C-TRAN__mdb_mdb-258_stops.geojson
Oregon__Canby_Area_Transit_(CAT)__mdb_mdb-252,Canby Area Transit,Oregon,00421,"Burns Paiute Tribe, dba: Burns Paiute Tribal Transit",OR,manual_override,100.0,2,140,5,48,,0.0,0.0,0.0,,,Tier II,routes/Oregon__Canby_Area_Transit_(CAT)__mdb_mdb-252_routes.geojson,stops/Oregon__Canby_Area_Transit_(CAT)__mdb_mdb-252_stops.geojson
Oregon__Canby_Ferry__mdb_mdb-605,Canby Ferry,Oregon,90225,"San Francisco Bay Area Water Emergency Transportation Authority, dba: San Francisco Bay Ferry",CA,manual_override,100.0,1,54,2,2,11.0,22.0,14.0,0.0,127.0,345375.0,Tier II,routes/Oregon__Canby_Ferry__mdb_mdb-605_routes.geojson,stops/Oregon__Canby_Ferry__mdb_mdb-605_stops.geojson
Oregon__Caravan_Airport_Transportation__mdb_mdb-127,Caravan Airport Transportation,Oregon,00375,"Columbia County, dba: Columbia County Rider Transportation",OR,manual_override,100.0,1,2,2,27,7.0,3.0,1.0,1.0,,,Tier II,routes/Oregon__Caravan_Airport_Transportation__mdb_mdb-127_routes.geojson,stops/Oregon__Caravan_Airport_Transportation__mdb_mdb-127_stops.geojson
Oregon__Cascades_East_Transit__mdb_tld-170,Cascades East Transit (CET),Oregon,00057,"Central Oregon Intergovernmental Council, dba: Cascades East Transit",OR,manual_override,100.0,24,420,38,328,90.0,4.0,2.0,2.0,78.0,156297.0,Tier II,routes/Oregon__Cascades_East_Transit__mdb_tld-170_routes.geojson,stops/Oregon__Cascades_East_Transit__mdb_tld-170_stops.geojson
Oregon__Central_Oregon_Breeze__mdb_mdb-139,Central Oregon Breeze,Oregon,00326,"C.A.C Transportation, Inc, dba: Central Oregon Breeze",OR,manual_override,100.0,2,4,4,11,,0.0,0.0,0.0,,,,routes/Oregon__Central_Oregon_Breeze__mdb_mdb-139_routes.geojson,stops/Oregon__Central_Oregon_Breeze__mdb_mdb-139_stops.geojson
Oregon__City_of_Corvallis__mdb_mdb-2283,Corvallis Transit System,Oregon,00047,"City of Corvallis, dba: Corvallis Transit System",OR,manual_override,100.0,11,362,11,288,10.0,2.0,1.0,1.0,14.0,67306.0,Tier II,routes/Oregon__City_of_Corvallis__mdb_mdb-2283_routes.geojson,stops/Oregon__City_of_Corvallis__mdb_mdb-2283_stops.geojson
Oregon__City_of_Milton-Freewater_Public_Transportation__mdb_mdb-2189,Kayak Public Transit,Oregon,00119,"Confederated Tribes of the Umatilla Indian Reservation, dba: Kayak Public Transit",OR,manual_override,100.0,8,47,38,101,8.0,2.0,0.0,1.0,,,Tier II,routes/Oregon__City_of_Milton-Freewater_Public_Transportation__mdb_mdb-2189_routes.geojson,stops/Oregon__City_of_Milton-Freewater_Public_Transportation__mdb_mdb-2189_stops.geojson
Oregon__ClackCo_Connects_(Clackamas_County)__mdb_mdb-2740,Clackamas County,Oregon,00363,"Clackamas County, dba: Mt Hood Express and #ClackCo Shuttles",OR,manual_override,100.0,4,67,6,168,22.0,0.0,0.0,0.0,1871.0,421000.0,Tier II,routes/Oregon__ClackCo_Connects_(Clackamas_County)__mdb_mdb-2740_routes.geojson,stops/Oregon__ClackCo_Connects_(Clackamas_County)__mdb_mdb-2740_stops.geojson
Oregon__ClackCo_Connects_(Clackamas_County)__mdb_mdb-2741,Clackamas County,Oregon,00363,"Clackamas County, dba: Mt Hood Express and #ClackCo Shuttles",OR,manual_override,100.0,4,90,8,82,22.0,0.0,0.0,0.0,1871.0,421000.0,Tier II,routes/Oregon__ClackCo_Connects_(Clackamas_County)__mdb_mdb-2741_routes.geojson,stops/Oregon__ClackCo_Connects_(Clackamas_County)__mdb_mdb-2741_stops.geojson
Oregon__ClackCo_Connects_(Clackamas_County)__mdb_mdb-312,Clackamas County,Oregon,00363,"Clackamas County, dba: Mt Hood Express and #ClackCo Shuttles",OR,manual_override,100.0,4,90,8,82,22.0,0.0,0.0,0.0,1871.0,421000.0,Tier II,routes/Oregon__ClackCo_Connects_(Clackamas_County)__mdb_mdb-312_routes.geojson,stops/Oregon__ClackCo_Connects_(Clackamas_County)__mdb_mdb-312_stops.geojson
Oregon__Columbia_Area_Transit_(CAT)__mdb_mdb-260,Columbia Area Transit,Oregon,00319,"Hood River County Transportation District, dba: Columbia Area Transit",OR,manual_override,100.0,4,80,15,28,13.0,4.0,0.0,2.0,,,Tier II,routes/Oregon__Columbia_Area_Transit_(CAT)__mdb_mdb-260_routes.geojson,stops/Oregon__Columbia_Area_Transit_(CAT)__mdb_mdb-260_stops.geojson
Oregon__Columbia_County_Rider__mdb_mdb-3037,Columbia County Rider,Oregon,00375,"Columbia County, dba: Columbia County Rider Transportation",OR,manual_override,100.0,3,59,3,11,7.0,3.0,1.0,1.0,,,Tier II,routes/Oregon__Columbia_County_Rider__mdb_mdb-3037_routes.geojson,stops/Oregon__Columbia_County_Rider__mdb_mdb-3037_stops.geojson
Oregon__Columbia_County_Rider__mdb_tld-4210,Columbia County Rider,Oregon,00375,"Columbia County, dba: Columbia County Rider Transportation",OR,manual_override,100.0,1,4,2,11,7.0,3.0,1.0,1.0,,,Tier II,routes/Oregon__Columbia_County_Rider__mdb_tld-4210_routes.geojson,stops/Oregon__Columbia_County_Rider__mdb_tld-4210_stops.geojson
Oregon__Coos_County_Area_Transit_(CCAT)__mdb_mdb-21,City of Bandon Trolley | Coos County Area Transportation District,Oregon,00307,Coos County Area Transit,OR,manual_override,100.0,6,46,11,164,13.0,1.0,0.0,0.0,,,Tier II,routes/Oregon__Coos_County_Area_Transit_(CCAT)__mdb_mdb-21_routes.geojson,stops/Oregon__Coos_County_Area_Transit_(CCAT)__mdb_mdb-21_stops.geojson
Oregon__Curry_Public_Transit__mdb_mdb-22,Curry Public Transit,Oregon,00308,"Curry County Public Transit Service District, dba: Curry Public Transit Inc",OR,manual_override,100.0,1,11,8,15,11.0,0.0,0.0,0.0,,,Tier II,routes/Oregon__Curry_Public_Transit__mdb_mdb-22_routes.geojson,stops/Oregon__Curry_Public_Transit__mdb_mdb-22_stops.geojson
Oregon__Diamond_Express__mdb_mdb-130,Diamond Express,Oregon,00377,"City of Lebanon, dba: Lebanon Interneighborhood Express",OR,manual_override,100.0,1,12,4,13,9.0,0.0,0.0,0.0,,,Tier II,routes/Oregon__Diamond_Express__mdb_mdb-130_routes.geojson,stops/Oregon__Diamond_Express__mdb_mdb-130_stops.geojson
Oregon__Harney_County__mdb_mdb-931,Harney Hub Transit,Oregon,00374,"Harney County, dba: Harney Hub Transit",OR,manual_override,100.0,3,22,6,32,11.0,2.0,0.0,2.0,,,Tier II,routes/Oregon__Harney_County__mdb_mdb-931_routes.geojson,stops/Oregon__Harney_County__mdb_mdb-931_stops.geojson
Oregon__Josephine_County_Transit_(JCT)__mdb_mdb-121,Josephine Community Transit,Oregon,00059,"Josephine County, dba: Josephine Community Transit",OR,manual_override,100.0,7,78,7,128,18.0,2.0,1.0,0.0,80.0,48000.0,Tier II,routes/Oregon__Josephine_County_Transit_(JCT)__mdb_mdb-121_routes.geojson,stops/Oregon__Josephine_County_Transit_(JCT)__mdb_mdb-121_stops.geojson
Oregon__Let'er_Bus__mdb_mdb-590,Let'er Bus,Oregon,00359,"City of Pendleton, dba: Let'Er Bus",OR,manual_override,100.0,2,104,21,47,6.0,0.0,0.0,0.0,,,,routes/Oregon__Let'er_Bus__mdb_mdb-590_routes.geojson,stops/Oregon__Let'er_Bus__mdb_mdb-590_stops.geojson
Oregon__Lincoln_County_Transit_(LCT)__mdb_mdb-23,Lincoln County Transit,Oregon,00310,"Lincoln County Transportation Service District, dba: Lincoln County Transit",OR,manual_override,100.0,7,60,29,149,13.0,1.0,0.0,1.0,,,Tier II,routes/Oregon__Lincoln_County_Transit_(LCT)__mdb_mdb-23_routes.geojson,stops/Oregon__Lincoln_County_Transit_(LCT)__mdb_mdb-23_stops.geojson
Oregon__Link_Lane__mdb_mdb-932,Link Lane,Oregon,00464,"Lane Council of Governments, dba: Link Lane",OR,manual_override,100.0,2,14,4,16,6.0,0.0,0.0,0.0,,,Tier II,routes/Oregon__Link_Lane__mdb_mdb-932_routes.geojson,stops/Oregon__Link_Lane__mdb_mdb-932_stops.geojson
Oregon__Linn_Shuttle__mdb_mdb-137,Linn Shuttle,Oregon,00061,"City of Albany, dba: Albany Transit System, Linn-Benton Loop",OR,manual_override,100.0,3,56,5,70,15.0,2.0,0.0,0.0,36.0,123730.0,Tier II,routes/Oregon__Linn_Shuttle__mdb_mdb-137_routes.geojson,stops/Oregon__Linn_Shuttle__mdb_mdb-137_stops.geojson
"Oregon__LINX_Transit,_Linn-Benton_Loop,_Albany_Transit_System__mdb_mdb-135",LINX Transit | Linn-Benton Loop | Albany Transit System,Oregon,00061,"City of Albany, dba: Albany Transit System, Linn-Benton Loop",OR,manual_override,100.0,12,132,19,148,15.0,2.0,0.0,0.0,36.0,123730.0,Tier II,"routes/Oregon__LINX_Transit,_Linn-Benton_Loop,_Albany_Transit_System__mdb_mdb-135_routes.geojson","stops/Oregon__LINX_Transit,_Linn-Benton_Loop,_Albany_Transit_System__mdb_mdb-135_stops.geojson"
Oregon__Malheur_Council_on_Aging_&_Community_Services__mdb_mdb-141,Malheur Council on Aging & Community Services,Oregon,00323,Malheur Council on Aging and Community Services,OR,manual_override,100.0,2,19,3,27,11.0,2.0,0.0,1.0,,,Tier II,routes/Oregon__Malheur_Council_on_Aging_&_Community_Services__mdb_mdb-141_routes.geojson,stops/Oregon__Malheur_Council_on_Aging_&_Community_Services__mdb_mdb-141_stops.geojson
Oregon__Morrow_County_Public_Transit__mdb_mdb-2418,Morrow County Public Transit,Oregon,00308,"Curry County Public Transit Service District, dba: Curry Public Transit Inc",OR,manual_override,100.0,4,41,9,90,11.0,0.0,0.0,0.0,,,Tier II,routes/Oregon__Morrow_County_Public_Transit__mdb_mdb-2418_routes.geojson,stops/Oregon__Morrow_County_Public_Transit__mdb_mdb-2418_stops.geojson
Oregon__Oregon_Express_Shuttle__mdb_mdb-132,Groome Transportation,Oregon,00R02,Oregon Department of Transportation,OR,manual_override,100.0,1,40,2,8,,0.0,0.0,0.0,,,,routes/Oregon__Oregon_Express_Shuttle__mdb_mdb-132_routes.geojson,stops/Oregon__Oregon_Express_Shuttle__mdb_mdb-132_stops.geojson
Oregon__Pacific_Crest_Bus_Lines__mdb_mdb-133,Pacific Crest Bus Lines,Oregon,00362,"TAC Transportation, dba: Pacific Crest Bus Lines/ HighDesert POINT",OR,manual_override,100.0,6,16,13,54,,0.0,0.0,0.0,,,,routes/Oregon__Pacific_Crest_Bus_Lines__mdb_mdb-133_routes.geojson,stops/Oregon__Pacific_Crest_Bus_Lines__mdb_mdb-133_stops.geojson
Oregon__People_Mover__mdb_mdb-112,People Mover,Oregon,00313,"Grant County Transportation District, dba: The People Mover",OR,manual_override,100.0,6,64,12,117,6.0,1.0,0.0,0.0,,,Tier II,routes/Oregon__People_Mover__mdb_mdb-112_routes.geojson,stops/Oregon__People_Mover__mdb_mdb-112_stops.geojson
Oregon__Philomath_Connection__mdb_mdb-2205,Philomath Connection,Oregon,00343,"Community Connection of Northeast Oregon, dba: NEOTransit",OR,manual_override,100.0,1,24,1,44,20.0,4.0,1.0,3.0,,,Tier II,routes/Oregon__Philomath_Connection__mdb_mdb-2205_routes.geojson,stops/Oregon__Philomath_Connection__mdb_mdb-2205_stops.geojson
Oregon__Quail_Trail_Public_Transit__mdb_mdb-1327,Quail Trail Public Transit,Oregon,00421,"Burns Paiute Tribe, dba: Burns Paiute Tribal Transit",OR,manual_override,100.0,1,10,7,7,,0.0,0.0,0.0,,,Tier II,routes/Oregon__Quail_Trail_Public_Transit__mdb_mdb-1327_routes.geojson,stops/Oregon__Quail_Trail_Public_Transit__mdb_mdb-1327_stops.geojson
Oregon__Rhody_Express__mdb_mdb-24,Rhody Express,Oregon,00377,"City of Lebanon, dba: Lebanon Interneighborhood Express",OR,manual_override,100.0,2,30,2,29,9.0,0.0,0.0,0.0,,,Tier II,routes/Oregon__Rhody_Express__mdb_mdb-24_routes.geojson,stops/Oregon__Rhody_Express__mdb_mdb-24_stops.geojson
Oregon__Ride_Connection__mdb_mdb-253,Ride Connection,Oregon,00376,"Ride Connection, Inc.",OR,manual_override,100.0,12,677,37,142,68.0,1.0,0.0,0.0,1192.0,1415800.0,Tier II,routes/Oregon__Ride_Connection__mdb_mdb-253_routes.geojson,stops/Oregon__Ride_Connection__mdb_mdb-253_stops.geojson
Oregon__Rogue_Valley_Transportation_District_(RVTD)__mdb_mdb-3219,Rogue Valley Transportation District,Oregon,00034,Rogue Valley Transportation District,OR,manual_override,100.0,6,296,29,586,52.0,10.0,1.0,3.0,78.0,180555.0,Tier II,routes/Oregon__Rogue_Valley_Transportation_District_(RVTD)__mdb_mdb-3219_routes.geojson,stops/Oregon__Rogue_Valley_Transportation_District_(RVTD)__mdb_mdb-3219_stops.geojson
Oregon__Sandy_Area_Metro_(SAM)__mdb_mdb-261,Mt. Hood Express | Sandy Area Metro,Oregon,00363,"Clackamas County, dba: Mt Hood Express and #ClackCo Shuttles",OR,manual_override,100.0,6,213,15,166,22.0,0.0,0.0,0.0,1871.0,421000.0,Tier II,routes/Oregon__Sandy_Area_Metro_(SAM)__mdb_mdb-261_routes.geojson,stops/Oregon__Sandy_Area_Metro_(SAM)__mdb_mdb-261_stops.geojson
Oregon__Sandy_Area_Metro_(SAM)__mdb_mdb-2739,City of Sandy,Oregon,00389,City of Sandy,OR,manual_override,100.0,5,130,12,256,7.0,1.0,0.0,0.0,,,Tier II,routes/Oregon__Sandy_Area_Metro_(SAM)__mdb_mdb-2739_routes.geojson,stops/Oregon__Sandy_Area_Metro_(SAM)__mdb_mdb-2739_stops.geojson
Oregon__South_Clackamas_Transportation_District__mdb_mdb-883,South Clackamas Transportation District,Oregon,00301,South Clackamas Transportation District,OR,manual_override,100.0,4,104,5,89,4.0,2.0,0.0,0.0,,,Tier II,routes/Oregon__South_Clackamas_Transportation_District__mdb_mdb-883_routes.geojson,stops/Oregon__South_Clackamas_Transportation_District__mdb_mdb-883_stops.geojson
Oregon__South_Metro_Area_Regional_Transit_(SMART)__mdb_mdb-2706,SMART,Oregon,00046,"City of Wilsonville, dba: South Metro Area Regional Transit",OR,manual_override,100.0,9,398,24,170,19.0,2.0,1.0,0.0,80.0,73800.0,Tier II,routes/Oregon__South_Metro_Area_Regional_Transit_(SMART)__mdb_mdb-2706_routes.geojson,stops/Oregon__South_Metro_Area_Regional_Transit_(SMART)__mdb_mdb-2706_stops.geojson
"Oregon__Sunset_Empire_Transportation_District_(SETD),_Tillamook_County_Transportation_District,_Columbia_County_Rider__mdb_mdb-246",Tillamook County Transportation District,Oregon,00331,Sunset Empire Transportation District,OR,manual_override,100.0,7,58,13,98,9.0,3.0,0.0,1.0,,,Tier II,"routes/Oregon__Sunset_Empire_Transportation_District_(SETD),_Tillamook_County_Transportation_District,_Columbia_County_Rider__mdb_mdb-246_routes.geojson","stops/Oregon__Sunset_Empire_Transportation_District_(SETD),_Tillamook_County_Transportation_District,_Columbia_County_Rider__mdb_mdb-246_stops.geojson"
Oregon__Sunset_Empire_Transportation_District__mdb_tld-4211,Sunset Empire Transportation District,Oregon,00331,Sunset Empire Transportation District,OR,manual_override,100.0,5,51,17,77,9.0,3.0,0.0,1.0,,,Tier II,routes/Oregon__Sunset_Empire_Transportation_District__mdb_tld-4211_routes.geojson,stops/Oregon__Sunset_Empire_Transportation_District__mdb_tld-4211_stops.geojson
Oregon__Swan_Island_Evening_Shuttle__mdb_mdb-255,Multnomah County Transit,Oregon,00421,"Burns Paiute Tribe, dba: Burns Paiute Tribal Transit",OR,manual_override,100.0,3,72,10,42,,0.0,0.0,0.0,,,Tier II,routes/Oregon__Swan_Island_Evening_Shuttle__mdb_mdb-255_routes.geojson,stops/Oregon__Swan_Island_Evening_Shuttle__mdb_mdb-255_stops.geojson
"Oregon__TriMet,_Portland_Streetcar__mdb_mdb-247",Portland Streetcar | Portland Aerial Tram | TriMet,Oregon,00058,"City of Portland, dba: Portland Streetcar",OR,manual_override,100.0,81,67510,1297,6027,14.0,73.0,70.0,3.0,11.0,101220.0,Tier I (Rail),"routes/Oregon__TriMet,_Portland_Streetcar__mdb_mdb-247_routes.geojson","stops/Oregon__TriMet,_Portland_Streetcar__mdb_mdb-247_stops.geojson"
Oregon__Wahkiakum_Ferry__mdb_mdb-2193,Wahkiakum Ferry,Oregon,90225,"San Francisco Bay Area Water Emergency Transportation Authority, dba: San Francisco Bay Ferry",CA,manual_override,100.0,1,36,2,2,11.0,22.0,14.0,0.0,127.0,345375.0,Tier II,routes/Oregon__Wahkiakum_Ferry__mdb_mdb-2193_routes.geojson,stops/Oregon__Wahkiakum_Ferry__mdb_mdb-2193_stops.geojson
"Oregon__Wallowa_Community_Connection_(WCC),_Northeast_Oregon_Public_Transit__mdb_mdb-289",Northeast Oregon Public Transit,Oregon,00R02,Oregon Department of Transportation,OR,manual_override,100.0,8,85,11,97,,0.0,0.0,0.0,,,,"routes/Oregon__Wallowa_Community_Connection_(WCC),_Northeast_Oregon_Public_Transit__mdb_mdb-289_routes.geojson","stops/Oregon__Wallowa_Community_Connection_(WCC),_Northeast_Oregon_Public_Transit__mdb_mdb-289_stops.geojson"
Oregon__Washington_Park_Shuttle__mdb_mdb-254,Washington Park,Oregon,60168,Washington Parish Government,LA,manual_override,100.0,1,512,1,9,8.0,0.0,0.0,0.0,,,Tier II,routes/Oregon__Washington_Park_Shuttle__mdb_mdb-254_routes.geojson,stops/Oregon__Washington_Park_Shuttle__mdb_mdb-254_stops.geojson
Oregon__Wheatland_Ferry__mdb_mdb-833,Wheatland Ferry,Oregon,90225,"San Francisco Bay Area Water Emergency Transportation Authority, dba: San Francisco Bay Ferry",CA,manual_override,100.0,1,131,2,2,11.0,22.0,14.0,0.0,127.0,345375.0,Tier II,routes/Oregon__Wheatland_Ferry__mdb_mdb-833_routes.geojson,stops/Oregon__Wheatland_Ferry__mdb_mdb-833_stops.geojson
Oregon__Woodburn_Transit_Service_(WTS)__mdb_mdb-251,Woodburn Transit,Oregon,00360,"City of Woodburn, dba: Woodburn Transit System",OR,manual_override,100.0,3,39,7,58,6.0,0.0,0.0,0.0,,,Tier II,routes/Oregon__Woodburn_Transit_Service_(WTS)__mdb_mdb-251_routes.geojson,stops/Oregon__Woodburn_Transit_Service_(WTS)__mdb_mdb-251_stops.geojson
Oregon__Yamhill_County_Transit_Area__mdb_mdb-250,Yamhill County Transit Area,Oregon,00321,"Yamhill County, dba: Yamhill County Transit",OR,manual_override,100.0,9,98,22,178,26.0,1.0,1.0,0.0,,,Tier II,routes/Oregon__Yamhill_County_Transit_Area__mdb_mdb-250_routes.geojson,stops/Oregon__Yamhill_County_Transit_Area__mdb_mdb-250_stops.geojson
Pennsylvania__Altoona_Metro_Transit__mdb_tld-4669,Amtran,Pennsylvania,30011,"Altoona Metro Transit, dba: AMTRAN",PA,manual_override,100.0,30,2591,59,496,21.0,2.0,0.0,0.0,25.0,69608.0,Tier II,routes/Pennsylvania__Altoona_Metro_Transit__mdb_tld-4669_routes.geojson,stops/Pennsylvania__Altoona_Metro_Transit__mdb_tld-4669_stops.geojson
Pennsylvania__Area_Transit_Authority__mdb_tld-4551,Area Transportation Authority,Pennsylvania,31041,"County of Butler, dba: Butler Area Rural Transit",PA,manual_override,100.0,20,1395,75,204,18.0,0.0,0.0,0.0,,,Tier II,routes/Pennsylvania__Area_Transit_Authority__mdb_tld-4551_routes.geojson,stops/Pennsylvania__Area_Transit_Authority__mdb_tld-4551_stops.geojson
Pennsylvania__Beaver_County_Transit_Authority__mdb_mdb-2262,BCTA,Pennsylvania,30023,Beaver County Transit Authority,PA,manual_override,100.0,5,257,18,241,29.0,2.0,0.0,0.0,440.0,168215.0,Tier II,routes/Pennsylvania__Beaver_County_Transit_Authority__mdb_mdb-2262_routes.geojson,stops/Pennsylvania__Beaver_County_Transit_Authority__mdb_mdb-2262_stops.geojson
Pennsylvania__Berks_Area_Regional_Transportation_Authority_(BARTA)__mdb_mdb-2064,BARTA,Pennsylvania,31039,"Huntingdon-Bedford-Fulton Area Agency on Aging, dba: CART Senior Transportation",PA,manual_override,100.0,20,2578,255,904,30.0,0.0,0.0,0.0,,,Tier II,routes/Pennsylvania__Berks_Area_Regional_Transportation_Authority_(BARTA)__mdb_mdb-2064_routes.geojson,stops/Pennsylvania__Berks_Area_Regional_Transportation_Authority_(BARTA)__mdb_mdb-2064_stops.geojson
Pennsylvania__Borough_of_Mt._Carmel__mdb_ntd-30116,Lower Anthracite Transit Systems,Pennsylvania,30116,"Borough of Mt. Carmel, dba: Lower Anthracite Transportation System",PA,manual_override,100.0,3,43,12,71,3.0,0.0,0.0,0.0,,,Tier II,routes/Pennsylvania__Borough_of_Mt._Carmel__mdb_ntd-30116_routes.geojson,stops/Pennsylvania__Borough_of_Mt._Carmel__mdb_ntd-30116_stops.geojson
Pennsylvania__Butler_Transit_Authority__mdb_tld-4659,Butler Transit Authority,Pennsylvania,31041,"County of Butler, dba: Butler Area Rural Transit",PA,manual_override,100.0,8,98,39,204,18.0,0.0,0.0,0.0,,,Tier II,routes/Pennsylvania__Butler_Transit_Authority__mdb_tld-4659_routes.geojson,stops/Pennsylvania__Butler_Transit_Authority__mdb_tld-4659_stops.geojson
Pennsylvania__Cambria_County_Transit_Authority__mdb_tld-4671,CamTran,Pennsylvania,30012,"Cambria County Transit Authority, dba: CamTran",PA,manual_override,100.0,22,985,260,583,46.0,7.0,3.0,1.0,688.0,133472.0,Tier II,routes/Pennsylvania__Cambria_County_Transit_Authority__mdb_tld-4671_routes.geojson,stops/Pennsylvania__Cambria_County_Transit_Authority__mdb_tld-4671_stops.geojson
Pennsylvania__Capital_Area_Transit__mdb_tld-4298,Capital Area Transit,Pennsylvania,30014,"Cumberland Dauphin-Harrisburg Transit Authority, dba: Capital Area Transit",PA,manual_override,100.0,29,1445,292,1394,115.0,1.0,0.0,0.0,,,,routes/Pennsylvania__Capital_Area_Transit__mdb_tld-4298_routes.geojson,stops/Pennsylvania__Capital_Area_Transit__mdb_tld-4298_stops.geojson
Pennsylvania__Centre_Area_Transportation_Authority_(CATABUS)__mdb_ntd-30054,CATA,Pennsylvania,30054,Centre Area Transportation Authority,PA,manual_override,100.0,23,6310,251,332,78.0,3.0,1.0,0.0,92.0,104135.0,Tier II,routes/Pennsylvania__Centre_Area_Transportation_Authority_(CATABUS)__mdb_ntd-30054_routes.geojson,stops/Pennsylvania__Centre_Area_Transportation_Authority_(CATABUS)__mdb_ntd-30054_stops.geojson
Pennsylvania__Centre_County_Transit_Authority__mdb_tld-4771,CATA,Pennsylvania,31042,Centre County,PA,manual_override,100.0,18,4404,175,371,23.0,0.0,0.0,0.0,1107.0,158172.0,Tier II,routes/Pennsylvania__Centre_County_Transit_Authority__mdb_tld-4771_routes.geojson,stops/Pennsylvania__Centre_County_Transit_Authority__mdb_tld-4771_stops.geojson
Pennsylvania__County_of_Lackawanna_Transit_System__mdb_tld-4553,COLTS,Pennsylvania,30025,County of Lackawanna Transit System,PA,manual_override,100.0,24,681,113,1424,75.0,2.0,1.0,0.0,145.0,214437.0,Tier II,routes/Pennsylvania__County_of_Lackawanna_Transit_System__mdb_tld-4553_routes.geojson,stops/Pennsylvania__County_of_Lackawanna_Transit_System__mdb_tld-4553_stops.geojson
Pennsylvania__Crawford_Area_Transportation_Authority__mdb_tld-4674,Meadville,Pennsylvania,30185,Crawford Area Transportation Authority,PA,manual_override,100.0,23,869,139,279,46.0,3.0,0.0,2.0,33.0,61634.0,Tier II,routes/Pennsylvania__Crawford_Area_Transportation_Authority__mdb_tld-4674_routes.geojson,stops/Pennsylvania__Crawford_Area_Transportation_Authority__mdb_tld-4674_stops.geojson
Pennsylvania__Fayette_Area_Coordinated_Transportation__mdb_tld-7027,Fayette Area Coordinated Transportation,Pennsylvania,30087,"County of Fayette, dba: Fayette Area Coordinated Transportation",PA,manual_override,100.0,7,154,67,156,29.0,5.0,1.0,3.0,812.0,136606.0,Tier II,routes/Pennsylvania__Fayette_Area_Coordinated_Transportation__mdb_tld-7027_routes.geojson,stops/Pennsylvania__Fayette_Area_Coordinated_Transportation__mdb_tld-7027_stops.geojson
Pennsylvania__Freedom_Transit__mdb_tld-4134,Freedom Transit,Pennsylvania,30111,"Washington County Transportation Authority, dba: Freedom Transit",PA,manual_override,100.0,7,99,39,139,54.0,1.0,0.0,0.0,861.0,209349.0,Tier II,routes/Pennsylvania__Freedom_Transit__mdb_tld-4134_routes.geojson,stops/Pennsylvania__Freedom_Transit__mdb_tld-4134_stops.geojson
Pennsylvania__Hazleton_Public_Transit__mdb_tld-4665,Hazleton Public Transit,Pennsylvania,30093,"City of Hazleton, dba: Hazleton Public Transit",PA,manual_override,100.0,11,347,34,104,11.0,2.0,0.0,0.0,46.0,82286.0,Tier II,routes/Pennsylvania__Hazleton_Public_Transit__mdb_tld-4665_routes.geojson,stops/Pennsylvania__Hazleton_Public_Transit__mdb_tld-4665_stops.geojson
Pennsylvania__Indiana_County_Transit_Authority__mdb_tld-4661,Indiana County Transit Authority,Pennsylvania,30177,"Indiana County Transit Authority, dba: IndiGO",PA,manual_override,100.0,13,1307,33,292,21.0,1.0,0.0,0.0,1433.0,537169.0,Tier II,routes/Pennsylvania__Indiana_County_Transit_Authority__mdb_tld-4661_routes.geojson,stops/Pennsylvania__Indiana_County_Transit_Authority__mdb_tld-4661_stops.geojson
Pennsylvania__Lebanon_Transit__mdb_tld-5531,Lebanon,Pennsylvania,30095,"County of Lebanon Transit Authority, dba: Lebanon Transit",PA,manual_override,100.0,17,212,84,158,24.0,6.0,1.0,0.0,362.0,146164.0,Tier II,routes/Pennsylvania__Lebanon_Transit__mdb_tld-5531_routes.geojson,stops/Pennsylvania__Lebanon_Transit__mdb_tld-5531_stops.geojson
Pennsylvania__Lehigh_and_Northampton_Transportation_Authority_(LANTA)__mdb_ntd-30010,LANTA,Pennsylvania,30010,Lehigh and Northampton Transportation Authority,PA,manual_override,100.0,41,4684,606,2185,140.0,5.0,3.0,0.0,324.0,533100.0,Tier II,routes/Pennsylvania__Lehigh_and_Northampton_Transportation_Authority_(LANTA)__mdb_ntd-30010_routes.geojson,stops/Pennsylvania__Lehigh_and_Northampton_Transportation_Authority_(LANTA)__mdb_ntd-30010_stops.geojson
Pennsylvania__Lower_Anthracite_Transit_System__mdb_tld-7023,Lower Anthracite Transit Systems,Pennsylvania,31044,"Somerset County, dba: Somerset County Transportation System",PA,manual_override,100.0,3,43,12,71,23.0,1.0,0.0,0.0,,,Tier II,routes/Pennsylvania__Lower_Anthracite_Transit_System__mdb_tld-7023_routes.geojson,stops/Pennsylvania__Lower_Anthracite_Transit_System__mdb_tld-7023_stops.geojson
Pennsylvania__Luzerne_County_Transportation_Authority__mdb_tld-4555,Luzerne County Transportation Authority,Pennsylvania,30015,Luzerne County Transportation Authority,PA,manual_override,100.0,21,788,87,687,66.0,2.0,1.0,0.0,126.0,238954.0,Tier II,routes/Pennsylvania__Luzerne_County_Transportation_Authority__mdb_tld-4555_routes.geojson,stops/Pennsylvania__Luzerne_County_Transportation_Authority__mdb_tld-4555_stops.geojson
Pennsylvania__Mid_Mon_Valley_Transit_Authority__mdb_tld-5503,Mid Mon Valley Transit,Pennsylvania,30061,Mid Mon Valley Transit Authority,PA,manual_override,100.0,10,777,41,286,22.0,6.0,0.0,1.0,94.0,92428.0,Tier II,routes/Pennsylvania__Mid_Mon_Valley_Transit_Authority__mdb_tld-5503_routes.geojson,stops/Pennsylvania__Mid_Mon_Valley_Transit_Authority__mdb_tld-5503_stops.geojson
Pennsylvania__Monroe_County_Transportation_Authority_(MCTA)__mdb_mdb-3460,Monroe County Transit Authority,Pennsylvania,30137,"Monroe County Transportation Authority, dba: Pocono Pony",PA,manual_override,100.0,6,274,46,218,34.0,1.0,0.0,0.0,,,Tier II,routes/Pennsylvania__Monroe_County_Transportation_Authority_(MCTA)__mdb_mdb-3460_routes.geojson,stops/Pennsylvania__Monroe_County_Transportation_Authority_(MCTA)__mdb_mdb-3460_stops.geojson
Pennsylvania__New_Castle_Area_Transit_Authority__mdb_tld-7030,New Castle Area Transit Authority,Pennsylvania,30151,New Castle Area Transit Authority,PA,manual_override,100.0,16,1501,48,127,51.0,3.0,1.0,0.0,60.0,80508.0,Tier II,routes/Pennsylvania__New_Castle_Area_Transit_Authority__mdb_tld-7030_routes.geojson,stops/Pennsylvania__New_Castle_Area_Transit_Authority__mdb_tld-7030_stops.geojson
Pennsylvania__PATCO_Speedline__mdb_mdb-3035,Port Authority Transit Corporation,Pennsylvania,31041,"County of Butler, dba: Butler Area Rural Transit",PA,manual_override,100.0,1,799,2,14,18.0,0.0,0.0,0.0,,,Tier II,routes/Pennsylvania__PATCO_Speedline__mdb_mdb-3035_routes.geojson,stops/Pennsylvania__PATCO_Speedline__mdb_mdb-3035_stops.geojson
Pennsylvania__PHLASH__mdb_mdb-2877,SEPTA | PHLASH,Pennsylvania,30019,Southeastern Pennsylvania Transportation Authority,PA,manual_override,100.0,2,661,2,23,1943.0,475.0,311.0,23.0,830.0,3511062.0,Tier I (Rail),routes/Pennsylvania__PHLASH__mdb_mdb-2877_routes.geojson,stops/Pennsylvania__PHLASH__mdb_mdb-2877_stops.geojson
Pennsylvania__Port_Authority_of_Allegheny_County__mdb_mdb-409,Pittsburgh Regional Transit,Pennsylvania,30022,Pittsburgh Regional Transit,PA,manual_override,100.0,102,18817,299,6388,766.0,130.0,89.0,12.0,775.0,1238090.0,Tier I (Rail),routes/Pennsylvania__Port_Authority_of_Allegheny_County__mdb_mdb-409_routes.geojson,stops/Pennsylvania__Port_Authority_of_Allegheny_County__mdb_mdb-409_stops.geojson
Pennsylvania__Pottstown_Area_Rapid_Transit__mdb_tld-7025,Pottstown Area Rapid Transit,Pennsylvania,30077,"Borough of Pottstown, dba: Pottstown Area Rapid Transit",PA,manual_override,100.0,5,296,9,49,6.0,2.0,1.0,0.0,34.0,54000.0,Tier II,routes/Pennsylvania__Pottstown_Area_Rapid_Transit__mdb_tld-7025_routes.geojson,stops/Pennsylvania__Pottstown_Area_Rapid_Transit__mdb_tld-7025_stops.geojson
Pennsylvania__Red_Rose_Transit_Authority_(RRTA)__mdb_mdb-2000,Red Rose Transit Authority,Pennsylvania,31041,"County of Butler, dba: Butler Area Rural Transit",PA,manual_override,100.0,18,2135,191,1271,18.0,0.0,0.0,0.0,,,Tier II,routes/Pennsylvania__Red_Rose_Transit_Authority_(RRTA)__mdb_mdb-2000_routes.geojson,stops/Pennsylvania__Red_Rose_Transit_Authority_(RRTA)__mdb_mdb-2000_stops.geojson
Pennsylvania__River_Valley_Transit__mdb_tld-4548,River Valley Transit,Pennsylvania,30207,"RIVER VALLEY TRANSIT AUTHORITY, dba: River Valley Transit",PA,manual_override,100.0,24,3583,582,1260,31.0,5.0,3.0,1.0,92.0,67938.0,Tier II,routes/Pennsylvania__River_Valley_Transit__mdb_tld-4548_routes.geojson,stops/Pennsylvania__River_Valley_Transit__mdb_tld-4548_stops.geojson
Pennsylvania__Schuylkill_Transportation_System__mdb_tld-4688,Schuylkill Transportation System,Pennsylvania,30127,Schuylkill Transportation System,PA,manual_override,100.0,10,690,60,360,40.0,1.0,0.0,0.0,,,Tier II,routes/Pennsylvania__Schuylkill_Transportation_System__mdb_tld-4688_routes.geojson,stops/Pennsylvania__Schuylkill_Transportation_System__mdb_tld-4688_stops.geojson
Pennsylvania__Shenango_Valley_Shuttle_Service__mdb_tld-4663,Shenango Valley Shuttle Service,Pennsylvania,30055,"Mercer County Regional Council of Governments, dba: Shenango Valley Shuttle Service /MCCT",PA,manual_override,100.0,3,91,24,160,26.0,7.0,0.0,3.0,173.0,96432.0,Tier II,routes/Pennsylvania__Shenango_Valley_Shuttle_Service__mdb_tld-4663_routes.geojson,stops/Pennsylvania__Shenango_Valley_Shuttle_Service__mdb_tld-4663_stops.geojson
Pennsylvania__Trans-Bridge_Lines__mdb_ntd-20169,Trans-Bridge Lines,Pennsylvania,20169,"Trans-Bridge Lines, Inc.",PA,manual_override,100.0,76,76,76,32,28.0,6.0,5.0,0.0,353.0,194009.0,Tier II,routes/Pennsylvania__Trans-Bridge_Lines__mdb_ntd-20169_routes.geojson,stops/Pennsylvania__Trans-Bridge_Lines__mdb_ntd-20169_stops.geojson
Pennsylvania__Transit_Authority_of_Warren_County__mdb_ntd-30124,Transit Authority of Warren County,Pennsylvania,30124,"Warren County Transit Authority, dba: Transit Authority of Warren County",PA,manual_override,100.0,3,106,9,76,14.0,1.0,0.0,0.0,,,Tier II,routes/Pennsylvania__Transit_Authority_of_Warren_County__mdb_ntd-30124_routes.geojson,stops/Pennsylvania__Transit_Authority_of_Warren_County__mdb_ntd-30124_stops.geojson
Pennsylvania__Transportation_Management_Association_of_Chester_County_(TMACC)__mdb_mdb-3130,TMACC,Pennsylvania,31043,"Chester County, dba: Chesco Connect",PA,manual_override,100.0,2,44,33,37,,0.0,0.0,0.0,,,Tier II,routes/Pennsylvania__Transportation_Management_Association_of_Chester_County_(TMACC)__mdb_mdb-3130_routes.geojson,stops/Pennsylvania__Transportation_Management_Association_of_Chester_County_(TMACC)__mdb_mdb-3130_stops.geojson
Pennsylvania__Upper_Merion_Rambler__mdb_mdb-3036,Greater Valley Forge TMA,Pennsylvania,30207,"RIVER VALLEY TRANSIT AUTHORITY, dba: River Valley Transit",PA,manual_override,100.0,2,12,2,21,31.0,5.0,3.0,1.0,92.0,67938.0,Tier II,routes/Pennsylvania__Upper_Merion_Rambler__mdb_mdb-3036_routes.geojson,stops/Pennsylvania__Upper_Merion_Rambler__mdb_mdb-3036_stops.geojson
Pennsylvania__Westmoreland_County_Transit_Authority__mdb_tld-6785,Westmoreland Transit,Pennsylvania,30044,Westmoreland County Transit Authority,PA,manual_override,100.0,15,242,61,1010,76.0,2.0,0.0,1.0,1028.0,364663.0,Tier II,routes/Pennsylvania__Westmoreland_County_Transit_Authority__mdb_tld-6785_routes.geojson,stops/Pennsylvania__Westmoreland_County_Transit_Authority__mdb_tld-6785_stops.geojson
Puerto_Rico__Municipality_of_Bayamon__mdb_ntd-40137,Municipio de Bayamon,Puerto_Rico,40137,Municipality of Bayamon,PR,manual_override,100.0,6,85,6,128,17.0,2.0,2.0,0.0,45.0,180835.0,Tier II,routes/Puerto_Rico__Municipality_of_Bayamon__mdb_ntd-40137_routes.geojson,stops/Puerto_Rico__Municipality_of_Bayamon__mdb_ntd-40137_stops.geojson
South_Carolina__Charleston_Area_Regional_Transportation_Authority_(CARTA)__mdb_mdb-352,Charleston Area Regional Transportation Authority,South_Carolina,40110,Charleston Area Regional Transportation Authority,SC,manual_override,100.0,24,5050,88,1108,96.0,4.0,2.0,1.0,232.0,404900.0,Tier II,routes/South_Carolina__Charleston_Area_Regional_Transportation_Authority_(CARTA)__mdb_mdb-352_routes.geojson,stops/South_Carolina__Charleston_Area_Regional_Transportation_Authority_(CARTA)__mdb_mdb-352_stops.geojson
South_Carolina__Fort_Sumter_and_Fort_Moultrie_National_Historical_Park__mdb_tld-6906,National Park Service,South_Carolina,44907,"Catawba Indian Nation, dba: Catawba Transit Service",SC,manual_override,100.0,2,16,4,3,7.0,1.0,0.0,0.0,,,Tier II,routes/South_Carolina__Fort_Sumter_and_Fort_Moultrie_National_Historical_Park__mdb_tld-6906_routes.geojson,stops/South_Carolina__Fort_Sumter_and_Fort_Moultrie_National_Historical_Park__mdb_tld-6906_stops.geojson
South_Carolina__Greenlink__mdb_tld-490,Greenlink,South_Carolina,40053,"Greenville Transit Authority, dba: Greenlink",SC,manual_override,100.0,17,6688,67,990,23.0,2.0,1.0,1.0,94.0,202390.0,Tier II,routes/South_Carolina__Greenlink__mdb_tld-490_routes.geojson,stops/South_Carolina__Greenlink__mdb_tld-490_stops.geojson
South_Carolina__My_Ride_Rock_Hill__mdb_tld-6741,City of Rock Hill,South_Carolina,40270,"City of Rock Hill, dba: My Ride",SC,manual_override,100.0,2,56,2,49,8.0,1.0,1.0,0.0,135.0,227942.0,Tier II,routes/South_Carolina__My_Ride_Rock_Hill__mdb_tld-6741_routes.geojson,stops/South_Carolina__My_Ride_Rock_Hill__mdb_tld-6741_stops.geojson
South_Carolina__The_Comet__mdb_mdb-2209,The COMET,South_Carolina,40141,"Central Midlands Regional Transportation Authority, dba: The COMET",SC,manual_override,100.0,44,7839,94,1311,99.0,5.0,1.0,3.0,298.0,361128.0,Tier II,routes/South_Carolina__The_Comet__mdb_mdb-2209_routes.geojson,stops/South_Carolina__The_Comet__mdb_mdb-2209_stops.geojson
South_Carolina__TriCounty_Link__mdb_ntd-40206,TriCounty Link,South_Carolina,40206,"Berkeley Charleston Dorchester RTMA, dba: TriCounty Link",SC,manual_override,100.0,14,135,44,1099,28.0,1.0,0.0,0.0,2800.0,264203.0,Tier II,routes/South_Carolina__TriCounty_Link__mdb_ntd-40206_routes.geojson,stops/South_Carolina__TriCounty_Link__mdb_ntd-40206_stops.geojson
Tennessee__Bristol_Virginia_Transit__mdb_mdb-238,Bristol Virginia Transit,Tennessee,40954,"South Central Tennessee Development District, dba: South Central Area Transit Service",TN,manual_override,100.0,3,60,7,29,124.0,1.0,0.0,0.0,6415.0,417789.0,Tier I (Non-Fixed Route VOMS),routes/Tennessee__Bristol_Virginia_Transit__mdb_mdb-238_routes.geojson,stops/Tennessee__Bristol_Virginia_Transit__mdb_mdb-238_stops.geojson
Tennessee__Chattanooga_Area_Regional_Transportation_Authority_(CARTA)__mdb_mdb-3474,CARTA,Tennessee,40001,Chattanooga Area Regional Transportation Authority,TN,manual_override,100.0,13,2223,57,1055,76.0,11.0,0.0,3.0,289.0,187030.0,Tier I (Rail),routes/Tennessee__Chattanooga_Area_Regional_Transportation_Authority_(CARTA)__mdb_mdb-3474_routes.geojson,stops/Tennessee__Chattanooga_Area_Regional_Transportation_Authority_(CARTA)__mdb_mdb-3474_stops.geojson
Tennessee__City_of_Bristol_Tennessee__mdb_ntd-40055,Bristol Tennessee Transit,Tennessee,40055,"City of Bristol Tennessee, dba: Bristol Tennessee Transit System",TN,manual_override,100.0,3,32,3,87,7.0,2.0,1.0,0.0,33.0,27854.0,Tier II,routes/Tennessee__City_of_Bristol_Tennessee__mdb_ntd-40055_routes.geojson,stops/Tennessee__City_of_Bristol_Tennessee__mdb_ntd-40055_stops.geojson
Tennessee__City_of_Gatlinburg_Trolley__mdb_tld-6775,City of Gatlinburg,Tennessee,41102,City of Gatlinburg,TN,manual_override,100.0,4,424,4,105,6.0,1.0,0.0,0.0,,,Tier II,routes/Tennessee__City_of_Gatlinburg_Trolley__mdb_tld-6775_routes.geojson,stops/Tennessee__City_of_Gatlinburg_Trolley__mdb_tld-6775_stops.geojson
Tennessee__City_of_Kingsport__mdb_ntd-40080,Kingsport Area Transit Service,Tennessee,40080,"City of Kingsport, dba: Kingsport Area Transit Service",TN,manual_override,100.0,5,5,5,183,11.0,5.0,1.0,3.0,54.0,55442.0,Tier II,routes/Tennessee__City_of_Kingsport__mdb_ntd-40080_routes.geojson,stops/Tennessee__City_of_Kingsport__mdb_ntd-40080_stops.geojson
Tennessee__City_of_Pigeon_Forge__mdb_ntd-41136,Pigeon Forge Mass Transit,Tennessee,41136,City of Pigeon Forge,TN,manual_override,100.0,7,355,10,155,19.0,3.0,0.0,1.0,,,Tier II,routes/Tennessee__City_of_Pigeon_Forge__mdb_ntd-41136_routes.geojson,stops/Tennessee__City_of_Pigeon_Forge__mdb_ntd-41136_stops.geojson
Tennessee__Cleveland_Urban_Area_Transit_System__mdb_tld-7827,Cleveland Urban Area Transit System (CUATS),Tennessee,40170,"Southeast Tennessee Human Resource Agency, dba: Cleveland Urban Area Transit System Division",TN,manual_override,100.0,5,130,10,54,12.0,1.0,0.0,0.0,24.0,66333.0,Tier II,routes/Tennessee__Cleveland_Urban_Area_Transit_System__mdb_tld-7827_routes.geojson,stops/Tennessee__Cleveland_Urban_Area_Transit_System__mdb_tld-7827_stops.geojson
Tennessee__Franklin_Transit_Authority__mdb_mdb-361,Franklin Transit,Tennessee,40162,"Franklin Transit Authority, dba: Franklin Transit",TN,manual_override,100.0,2,142,6,155,14.0,2.0,1.0,0.0,22.0,86895.0,Tier II,routes/Tennessee__Franklin_Transit_Authority__mdb_mdb-361_routes.geojson,stops/Tennessee__Franklin_Transit_Authority__mdb_mdb-361_stops.geojson
Tennessee__Jackson_Transit_Authority__mdb_mdb-2313,Jackson Transit Authority,Tennessee,40057,Jackson Transit Authority,TN,manual_override,100.0,10,404,24,428,13.0,2.0,1.0,0.0,59.0,68205.0,Tier II,routes/Tennessee__Jackson_Transit_Authority__mdb_mdb-2313_routes.geojson,stops/Tennessee__Jackson_Transit_Authority__mdb_mdb-2313_stops.geojson
Tennessee__Johnson_City__mdb_ntd-40054,JCT,Tennessee,40054,"City of Johnson City, dba: Johnson City Transit System",TN,manual_override,100.0,12,333,34,389,25.0,5.0,1.0,2.0,44.0,73337.0,Tier II,routes/Tennessee__Johnson_City__mdb_ntd-40054_routes.geojson,stops/Tennessee__Johnson_City__mdb_ntd-40054_stops.geojson
Tennessee__Knoxville_Area_Transit_(KAT)__mdb_mdb-1121,KAT KNOXVILLE,Tennessee,40002,"City of Knoxville, dba: Knoxville Area Transit",TN,manual_override,100.0,29,2506,65,1154,64.0,2.0,1.0,0.0,104.0,192648.0,Tier II,routes/Tennessee__Knoxville_Area_Transit_(KAT)__mdb_mdb-1121_routes.geojson,stops/Tennessee__Knoxville_Area_Transit_(KAT)__mdb_mdb-1121_stops.geojson
Tennessee__Nashville_MTA_WeGo_Public_Transit__mdb_mdb-360,WeGo Public Transit,Tennessee,40159,"Regional Transportation Authority, dba: WeGo Public Transit",TN,manual_override,100.0,37,7244,168,1613,26.0,14.0,7.0,0.0,750.0,1583115.0,Tier I (Rail),routes/Tennessee__Nashville_MTA_WeGo_Public_Transit__mdb_mdb-360_routes.geojson,stops/Tennessee__Nashville_MTA_WeGo_Public_Transit__mdb_mdb-360_stops.geojson
Texas__Brownsville_Metro__mdb_tld-7927,Brownsville Metro,Texas,60014,"City of Brownsville, dba: Brownsville Metro",TX,manual_override,100.0,11,288,11,583,26.0,4.0,1.0,1.0,67.0,181860.0,Tier II,routes/Texas__Brownsville_Metro__mdb_tld-7927_routes.geojson,stops/Texas__Brownsville_Metro__mdb_tld-7927_stops.geojson
Texas__Capital_Metro__mdb_mdb-150,Capital Metro,Texas,60048,"Capital Metropolitan Transportation Authority, dba: Capital Metro",TX,manual_override,100.0,71,25274,7323,2348,713.0,30.0,14.0,2.0,549.0,1387423.0,Tier I (Rail),routes/Texas__Capital_Metro__mdb_mdb-150_routes.geojson,stops/Texas__Capital_Metro__mdb_mdb-150_stops.geojson
Texas__Citibus__mdb_mdb-569,Citibus,Texas,60010,"City of Lubbock, dba: Citibus",TX,manual_override,100.0,18,1253,48,653,84.0,2.0,1.0,0.0,144.0,268416.0,Tier II,routes/Texas__Citibus__mdb_mdb-569_routes.geojson,stops/Texas__Citibus__mdb_mdb-569_stops.geojson
Texas__City_of_Longview__mdb_ntd-60081,Longview Transit,Texas,60081,"City of Longview, dba: City of Longview Transit",TX,manual_override,100.0,6,162,6,123,8.0,2.0,1.0,0.0,44.0,80445.0,Tier II,routes/Texas__City_of_Longview__mdb_ntd-60081_routes.geojson,stops/Texas__City_of_Longview__mdb_ntd-60081_stops.geojson
Texas__Dallas_Area_Rapid_Transit_(DART)__mdb_mdb-152,DALLAS AREA RAPID TRANSIT,Texas,60056,Dallas Area Rapid Transit,TX,manual_override,100.0,92,19488,256,6977,1044.0,117.0,98.0,1.0,698.0,2530800.0,Tier I (Rail),routes/Texas__Dallas_Area_Rapid_Transit_(DART)__mdb_mdb-152_routes.geojson,stops/Texas__Dallas_Area_Rapid_Transit_(DART)__mdb_mdb-152_stops.geojson
Texas__El_Metro_Transit__mdb_tld-7038,"Laredo Transit Management Inc.,-El Metro",Texas,60048,"Capital Metropolitan Transportation Authority, dba: Capital Metro",TX,manual_override,100.0,25,6529,119,1073,713.0,30.0,14.0,2.0,549.0,1387423.0,Tier I (Rail),routes/Texas__El_Metro_Transit__mdb_tld-7038_routes.geojson,stops/Texas__El_Metro_Transit__mdb_tld-7038_stops.geojson
Texas__El_Paso_Transportation_Authority__mdb_mdb-3419,El Paso Transportation Authority,Texas,60179,"El Paso County, dba: El Paso Transportation Authority",TX,manual_override,100.0,6,278,14,212,162.0,4.0,4.0,0.0,1013.0,865657.0,Tier I (Non-Fixed Route VOMS),routes/Texas__El_Paso_Transportation_Authority__mdb_mdb-3419_routes.geojson,stops/Texas__El_Paso_Transportation_Authority__mdb_mdb-3419_stops.geojson
Texas__EZ_Rider__mdb_mdb-2634,EZ Rider,Texas,60097,"Midland-Odessa Urban Transit District, dba: EZ-Rider",TX,manual_override,100.0,18,288,14,652,22.0,3.0,0.0,1.0,37.0,99940.0,Tier II,routes/Texas__EZ_Rider__mdb_mdb-2634_routes.geojson,stops/Texas__EZ_Rider__mdb_mdb-2634_stops.geojson
"Texas__Fort_Bend_County,_Texas__mdb_ntd-60103",Fort Bend Transit,Texas,60103,"Fort Bend County, Texas, dba: Fort Bend Transit",TX,manual_override,100.0,28,49,49,22,49.0,4.0,0.0,0.0,861.0,822779.0,Tier II,"routes/Texas__Fort_Bend_County,_Texas__mdb_ntd-60103_routes.geojson","stops/Texas__Fort_Bend_County,_Texas__mdb_ntd-60103_stops.geojson"
Texas__Galveston_Island_Transit__mdb_mdb-2861,Island Transit,Texas,60015,"City of Galveston, dba: Galveston Island Transit",TX,manual_override,100.0,11,3893,50,292,13.0,4.0,1.0,2.0,32.0,50307.0,Tier I (Rail),routes/Texas__Galveston_Island_Transit__mdb_mdb-2861_routes.geojson,stops/Texas__Galveston_Island_Transit__mdb_mdb-2861_stops.geojson
Texas__McKinney_Avenue_Transit_Authority__mdb_ntd-60133,McKinney Avenue Transit Authority (M-Line),Texas,60133,McKinney Avenue Transit Authority,TX,manual_override,100.0,2,415,4,41,4.0,1.0,0.0,0.0,5.0,19942.0,Tier I (Rail),routes/Texas__McKinney_Avenue_Transit_Authority__mdb_ntd-60133_routes.geojson,stops/Texas__McKinney_Avenue_Transit_Authority__mdb_ntd-60133_stops.geojson
Texas__METRO_Houston__mdb_mdb-2060,Metropolitan Transit Authority of Harris County,Texas,60108,"Harris County, dba: Harris County Transit",TX,manual_override,100.0,120,21878,345,8797,33.0,0.0,0.0,0.0,1703.0,4888913.0,Tier II,routes/Texas__METRO_Houston__mdb_mdb-2060_routes.geojson,stops/Texas__METRO_Houston__mdb_mdb-2060_stops.geojson
Texas__Metro_McAllen__mdb_ntd-60099,Metro McAllen,Texas,60099,"City of McAllen, dba: Metro McAllen",TX,manual_override,100.0,14,378,18,372,18.0,4.0,1.0,0.0,49.0,129877.0,Tier II,routes/Texas__Metro_McAllen__mdb_ntd-60099_routes.geojson,stops/Texas__Metro_McAllen__mdb_ntd-60099_stops.geojson
Texas__Midland-Odessa_Urban_Transit_District__mdb_ntd-60097,EZ Rider,Texas,60097,"Midland-Odessa Urban Transit District, dba: EZ-Rider",TX,manual_override,100.0,18,276,14,652,22.0,3.0,0.0,1.0,37.0,99940.0,Tier II,routes/Texas__Midland-Odessa_Urban_Transit_District__mdb_ntd-60097_routes.geojson,stops/Texas__Midland-Odessa_Urban_Transit_District__mdb_ntd-60097_stops.geojson
Texas__STAR_Transit__mdb_mdb-153,STAR Transit,Texas,60114,STAR Transit,TX,manual_override,100.0,1,10,1,136,46.0,3.0,0.0,1.0,981.0,464887.0,Tier II,routes/Texas__STAR_Transit__mdb_mdb-153_routes.geojson,stops/Texas__STAR_Transit__mdb_mdb-153_stops.geojson
Texas__Texarkana_Urban_Transit_District_(T-Line_Bus)__mdb_ntd-60093,T-Line,Texas,60093,"Texarkana Urban Transit District, dba: T-Line",TX,manual_override,100.0,8,152,8,238,10.0,2.0,1.0,1.0,73.0,83469.0,Tier II,routes/Texas__Texarkana_Urban_Transit_District_(T-Line_Bus)__mdb_ntd-60093_routes.geojson,stops/Texas__Texarkana_Urban_Transit_District_(T-Line_Bus)__mdb_ntd-60093_stops.geojson
Texas__VIA_Metropolitan_Transit__mdb_tld-217,VIA Metropolitan Transit,Texas,60011,"VIA Metropolitan Transit, dba: VIA",TX,manual_override,100.0,88,14665,361,6096,715.0,44.0,13.0,9.0,1210.0,1940756.0,Tier I (Fixed Route VOMS),routes/Texas__VIA_Metropolitan_Transit__mdb_tld-217_routes.geojson,stops/Texas__VIA_Metropolitan_Transit__mdb_tld-217_stops.geojson
Utah__Bryce_Canyon_National_Park_Shuttle__mdb_tld-6675,National Park Service,Utah,88233,Uintah Healthcare Special Service District,UT,manual_override,100.0,1,162,1,16,0.0,1.0,0.0,0.0,,,,routes/Utah__Bryce_Canyon_National_Park_Shuttle__mdb_tld-6675_routes.geojson,stops/Utah__Bryce_Canyon_National_Park_Shuttle__mdb_tld-6675_stops.geojson
Utah__Cache_Valley_Transit_District__mdb_ntd-80028,CVTD Cache Valley Transit District,Utah,80028,"Cache Valley Transit District, dba: Connect Transit",UT,manual_override,100.0,15,1230,28,334,33.0,5.0,1.0,2.0,33.0,117065.0,Tier II,routes/Utah__Cache_Valley_Transit_District__mdb_ntd-80028_routes.geojson,stops/Utah__Cache_Valley_Transit_District__mdb_ntd-80028_stops.geojson
Utah__High_Valley_Transit__mdb_tld-7037,High Valley Transit,Utah,88239,High Valley Transit District,UT,manual_override,100.0,10,1404,16,148,44.0,2.0,1.0,0.0,,,Tier II,routes/Utah__High_Valley_Transit__mdb_tld-7037_routes.geojson,stops/Utah__High_Valley_Transit__mdb_tld-7037_stops.geojson
Utah__SunTran_Utah__mdb_mdb-111,SunTran Utah,Utah,80026,"City of St. George, dba: SunTran",UT,manual_override,100.0,9,178,9,160,10.0,3.0,1.0,1.0,47.0,94600.0,Tier II,routes/Utah__SunTran_Utah__mdb_mdb-111_routes.geojson,stops/Utah__SunTran_Utah__mdb_mdb-111_stops.geojson
Utah__Utah_Transit_Authority_(UTA)__mdb_mdb-170,Utah Transit Authority,Utah,80001,Utah Transit Authority,UT,manual_override,100.0,86,11083,213,5423,1054.0,303.0,149.0,37.0,607.0,2539272.0,Tier I (Rail),routes/Utah__Utah_Transit_Authority_(UTA)__mdb_mdb-170_routes.geojson,stops/Utah__Utah_Transit_Authority_(UTA)__mdb_mdb-170_stops.geojson
Utah__Ute_Tribe_Public_Transit__mdb_ntd-88200,Ute Tribe Public Transit,Utah,88200,"Ute Tribe, dba: Ute Tribe Transit",UT,manual_override,100.0,4,8,8,49,6.0,0.0,0.0,0.0,,,Tier II,routes/Utah__Ute_Tribe_Public_Transit__mdb_ntd-88200_routes.geojson,stops/Utah__Ute_Tribe_Public_Transit__mdb_ntd-88200_stops.geojson
Utah__Zion_National_Park__mdb_tld-6682,National Park Service,Utah,88233,Uintah Healthcare Special Service District,UT,manual_override,100.0,2,1734,4,30,0.0,1.0,0.0,0.0,,,,routes/Utah__Zion_National_Park__mdb_tld-6682_routes.geojson,stops/Utah__Zion_National_Park__mdb_tld-6682_stops.geojson
Vermont__Amtrak_Vermonter__mdb_mdb-2297,Megabus | Amtrak Ethan Allen | Amtrak Vermonter,Vermont,55463,"Allen County Council on Aging, Inc.",OH,manual_override,100.0,3,10,8,50,0.0,0.0,0.0,0.0,,,,routes/Vermont__Amtrak_Vermonter__mdb_mdb-2297_routes.geojson,stops/Vermont__Amtrak_Vermonter__mdb_mdb-2297_stops.geojson
Vermont__Chittenden_County_Transportation_Authority_(CCTA)__mdb_mdb-629,Special Services Transportation Agency | Green Mountain Transit,Vermont,10066,Green Mountain Transit Authority,VT,manual_override,100.0,25,960,71,1183,130.0,4.0,2.0,0.0,2079.0,292211.0,Tier II,routes/Vermont__Chittenden_County_Transportation_Authority_(CCTA)__mdb_mdb-629_routes.geojson,stops/Vermont__Chittenden_County_Transportation_Authority_(CCTA)__mdb_mdb-629_stops.geojson
Vermont__Marble_Valley_Regional_Transit_District_(MVRTD)__mdb_mdb-2831,The Bus (Marble Valley Regional Transit District),Vermont,10154,Marble Valley Regional Transit District,VT,manual_override,100.0,19,787,30,306,65.0,5.0,1.0,2.0,,,Tier II,routes/Vermont__Marble_Valley_Regional_Transit_District_(MVRTD)__mdb_mdb-2831_routes.geojson,stops/Vermont__Marble_Valley_Regional_Transit_District_(MVRTD)__mdb_mdb-2831_stops.geojson
Vermont__Marble_Valley_Regional_Transit_District_(MVRTD)__mdb_mdb-430,The Bus (Marble Valley Regional Transit District),Vermont,10154,Marble Valley Regional Transit District,VT,manual_override,100.0,17,485,28,306,65.0,5.0,1.0,2.0,,,Tier II,routes/Vermont__Marble_Valley_Regional_Transit_District_(MVRTD)__mdb_mdb-430_routes.geojson,stops/Vermont__Marble_Valley_Regional_Transit_District_(MVRTD)__mdb_mdb-430_stops.geojson
Vermont__Rockingham_MOOver__mdb_mdb-2194,Rockingham MOOver | Wilmington MOOver,Vermont,40929,Rockingham County Council on Aging,NC,manual_override,100.0,26,193,61,326,16.0,1.0,0.0,0.0,,,Tier II,routes/Vermont__Rockingham_MOOver__mdb_mdb-2194_routes.geojson,stops/Vermont__Rockingham_MOOver__mdb_mdb-2194_stops.geojson
Vermont__Rural_Community_Transportation_(RCT)__mdb_mdb-2882,Rural Community Transportation,Vermont,10148,Rural Community Transportation,VT,manual_override,100.0,10,89,38,220,68.0,1.0,0.0,0.0,,,Tier II,routes/Vermont__Rural_Community_Transportation_(RCT)__mdb_mdb-2882_routes.geojson,stops/Vermont__Rural_Community_Transportation_(RCT)__mdb_mdb-2882_stops.geojson
Vermont__Vermont_Translines__mdb_mdb-450,Vermont Translines,Vermont,11158,"Premier Coach Co., Inc.			, dba: Vermont Translines",VT,manual_override,100.0,1,4,2,28,,0.0,0.0,0.0,,,,routes/Vermont__Vermont_Translines__mdb_mdb-450_routes.geojson,stops/Vermont__Vermont_Translines__mdb_mdb-450_stops.geojson
Vermont__VTrans__mdb_mdb-2884,Rockingham MOOver | Wilmington MOOver,Vermont,10143,Tri-Valley Transit Inc,VT,manual_override,100.0,30,728,87,326,81.0,4.0,0.0,2.0,,,Tier II,routes/Vermont__VTrans__mdb_mdb-2884_routes.geojson,stops/Vermont__VTrans__mdb_mdb-2884_stops.geojson
Virginia__Alexandria_Transit_Company_(DASH)__mdb_mdb-482,DASH,Virginia,30071,"City of Alexandria, dba: DASH",VA,manual_override,100.0,12,1803,41,533,91.0,10.0,9.0,0.0,16.0,159200.0,Tier II,routes/Virginia__Alexandria_Transit_Company_(DASH)__mdb_mdb-482_routes.geojson,stops/Virginia__Alexandria_Transit_Company_(DASH)__mdb_mdb-482_stops.geojson
Virginia__Altavista_Community_Transit_System__mdb_mdb-882,Altavista Community Transit System,Virginia,30157,"Town of Altavista, dba: Altavista Community Transit System",VA,manual_override,100.0,1,19,1,36,2.0,0.0,0.0,0.0,,,Tier II,routes/Virginia__Altavista_Community_Transit_System__mdb_mdb-882_routes.geojson,stops/Virginia__Altavista_Community_Transit_System__mdb_mdb-882_stops.geojson
Virginia__Arlington_Transit__mdb_mdb-485,Arlington Transit ART,Virginia,30080,"Arlington County, Virginia, dba: Arlington Transit",VA,manual_override,100.0,14,3807,46,571,83.0,12.0,11.0,1.0,26.0,234200.0,Tier II,routes/Virginia__Arlington_Transit__mdb_mdb-485_routes.geojson,stops/Virginia__Arlington_Transit__mdb_mdb-485_stops.geojson
Virginia__Bay_Transit__mdb_mdb-224,Bay Transit,Virginia,30172,"Bay Aging, dba: Bay Transit",VA,manual_override,100.0,3,358,6,158,36.0,2.0,0.0,0.0,,,Tier II,routes/Virginia__Bay_Transit__mdb_mdb-224_routes.geojson,stops/Virginia__Bay_Transit__mdb_mdb-224_stops.geojson
Virginia__Bay_Transit__mdb_mdb-2439,Bay Transit,Virginia,30172,"Bay Aging, dba: Bay Transit",VA,manual_override,100.0,6,361,6,158,36.0,2.0,0.0,0.0,,,Tier II,routes/Virginia__Bay_Transit__mdb_mdb-2439_routes.geojson,stops/Virginia__Bay_Transit__mdb_mdb-2439_stops.geojson
Virginia__Blackstone_Area_Bus_Service__mdb_mdb-235,Blackstone Area Bus Service,Virginia,30184,"Town of Blackstone, dba: Blackstone Area Bus Service",VA,manual_override,100.0,7,79,47,177,8.0,1.0,0.0,0.0,,,Tier II,routes/Virginia__Blackstone_Area_Bus_Service__mdb_mdb-235_routes.geojson,stops/Virginia__Blackstone_Area_Bus_Service__mdb_mdb-235_stops.geojson
Virginia__Charlottesville_Area_Transit_(CAT)__mdb_mdb-3493,Charlottesville Area Transit,Virginia,30036,"City of Charlottesville, dba: Charlottesville Area Transit",VA,manual_override,100.0,12,1034,35,337,19.0,5.0,1.0,3.0,38.0,85755.0,Tier II,routes/Virginia__Charlottesville_Area_Transit_(CAT)__mdb_mdb-3493_routes.geojson,stops/Virginia__Charlottesville_Area_Transit_(CAT)__mdb_mdb-3493_stops.geojson
Virginia__Danville_Transit__mdb_mdb-2440,Danville Transit,Virginia,30069,"City of Danville, dba: Danville Transit",VA,manual_override,100.0,14,246,70,318,18.0,5.0,1.0,1.0,,,Tier II,routes/Virginia__Danville_Transit__mdb_mdb-2440_routes.geojson,stops/Virginia__Danville_Transit__mdb_mdb-2440_stops.geojson
Virginia__Danville_Transit__mdb_tld-4145,Danville Transit,Virginia,30069,"City of Danville, dba: Danville Transit",VA,manual_override,100.0,11,112,34,315,18.0,5.0,1.0,1.0,,,Tier II,routes/Virginia__Danville_Transit__mdb_tld-4145_routes.geojson,stops/Virginia__Danville_Transit__mdb_tld-4145_stops.geojson
Virginia__Fairfax_CUE_Bus_(CUE)__mdb_mdb-2885,CUE Bus - City of Fairfax,Virginia,30058,"City of Fairfax, dba: CUE Bus",VA,manual_override,100.0,4,189,4,200,8.0,2.0,0.0,1.0,6.0,22565.0,Tier II,routes/Virginia__Fairfax_CUE_Bus_(CUE)__mdb_mdb-2885_routes.geojson,stops/Virginia__Fairfax_CUE_Bus_(CUE)__mdb_mdb-2885_stops.geojson
Virginia__Farmville_Area_Bus__mdb_mdb-461,Farmville Area Bus,Virginia,30165,"Town of Farmville, dba: Farmville Area Bus",VA,manual_override,100.0,6,213,25,100,7.0,1.0,0.0,0.0,,,Tier II,routes/Virginia__Farmville_Area_Bus__mdb_mdb-461_routes.geojson,stops/Virginia__Farmville_Area_Bus__mdb_mdb-461_stops.geojson
Virginia__Four_County_Transit__mdb_mdb-2308,Four County Transit,Virginia,30174,"Appalachian Agency for Senior Citizens, dba: Four County Transit",VA,manual_override,100.0,18,105,45,176,40.0,1.0,0.0,0.0,,,Tier II,routes/Virginia__Four_County_Transit__mdb_mdb-2308_routes.geojson,stops/Virginia__Four_County_Transit__mdb_mdb-2308_stops.geojson
Virginia__Four_County_Transit__mdb_mdb-2448,Four County Transit,Virginia,30174,"Appalachian Agency for Senior Citizens, dba: Four County Transit",VA,manual_override,100.0,19,109,45,176,40.0,1.0,0.0,0.0,,,Tier II,routes/Virginia__Four_County_Transit__mdb_mdb-2448_routes.geojson,stops/Virginia__Four_County_Transit__mdb_mdb-2448_stops.geojson
Virginia__Graham_Transit__mdb_mdb-611,Graham Transit,Virginia,30164,"Town of Bluefield, dba: Graham Transit",VA,manual_override,100.0,3,210,5,31,3.0,1.0,0.0,1.0,,,Tier II,routes/Virginia__Graham_Transit__mdb_mdb-611_routes.geojson,stops/Virginia__Graham_Transit__mdb_mdb-611_stops.geojson
Virginia__Greater_Lynchburg_Transit_Co__mdb_mdb-381,Greater Lynchburg Transit Co.,Virginia,30008,Greater Lynchburg Transit Company,VA,manual_override,100.0,13,642,36,719,22.0,2.0,1.0,0.0,72.0,80846.0,Tier II,routes/Virginia__Greater_Lynchburg_Transit_Co__mdb_mdb-381_routes.geojson,stops/Virginia__Greater_Lynchburg_Transit_Co__mdb_mdb-381_stops.geojson
Virginia__Greensville_Emporia_Transit__mdb_mdb-463,Greensville Emporia Transit,Virginia,31025,"County of Greensville, dba: Greensville Emporia Transit",VA,manual_override,100.0,1,24,2,14,1.0,0.0,0.0,0.0,,,Tier II,routes/Virginia__Greensville_Emporia_Transit__mdb_mdb-463_routes.geojson,stops/Virginia__Greensville_Emporia_Transit__mdb_mdb-463_stops.geojson
Virginia__Hampton_Roads_Transit_(HRT)__mdb_mdb-473,Hampton Roads Transit (HRT),Virginia,30083,"Transportation District Commission of Hampton Roads, dba: Hampton Roads Transit",VA,manual_override,100.0,90,9944,199,2657,366.0,33.0,19.0,5.0,438.0,1150833.0,Tier I (Rail),routes/Virginia__Hampton_Roads_Transit_(HRT)__mdb_mdb-473_routes.geojson,stops/Virginia__Hampton_Roads_Transit_(HRT)__mdb_mdb-473_stops.geojson
Virginia__Jaunt__mdb_mdb-3492,Jaunt,Virginia,30045,"JAUNT, Inc.",VA,manual_override,100.0,1,6,2,9,68.0,1.0,0.0,0.0,2719.0,283142.0,Tier II,routes/Virginia__Jaunt__mdb_mdb-3492_routes.geojson,stops/Virginia__Jaunt__mdb_mdb-3492_stops.geojson
Virginia__Loudoun_County_Transit__mdb_mdb-1053,LCT,Virginia,30081,"Loudoun County, dba: Loudoun County Transit",VA,manual_override,100.0,51,6474,106,510,71.0,2.0,0.0,1.0,516.0,420959.0,Tier II,routes/Virginia__Loudoun_County_Transit__mdb_mdb-1053_routes.geojson,stops/Virginia__Loudoun_County_Transit__mdb_mdb-1053_stops.geojson
Virginia__Mountain_Lynx_Transit__mdb_mdb-334,Mountain Lynx Transit,Virginia,30123,"District Three Governmental Cooperative, dba: Mountain Lynx Transit",VA,manual_override,100.0,10,103,12,86,27.0,1.0,0.0,0.0,2777.0,186722.0,Tier II,routes/Virginia__Mountain_Lynx_Transit__mdb_mdb-334_routes.geojson,stops/Virginia__Mountain_Lynx_Transit__mdb_mdb-334_stops.geojson
Virginia__Petersburg_Area_Transit__mdb_mdb-2441,Petersburg Area Transit,Virginia,30009,"City of Petersburg, dba: Petersburg Area Transit",VA,manual_override,100.0,11,236,24,545,16.0,2.0,0.0,1.0,7.0,72650.0,Tier II,routes/Virginia__Petersburg_Area_Transit__mdb_mdb-2441_routes.geojson,stops/Virginia__Petersburg_Area_Transit__mdb_mdb-2441_stops.geojson
Virginia__Petersburg_Area_Transit__mdb_mdb-591,Petersburg Area Transit,Virginia,30009,"City of Petersburg, dba: Petersburg Area Transit",VA,manual_override,100.0,10,234,24,545,16.0,2.0,0.0,1.0,7.0,72650.0,Tier II,routes/Virginia__Petersburg_Area_Transit__mdb_mdb-591_routes.geojson,stops/Virginia__Petersburg_Area_Transit__mdb_mdb-591_stops.geojson
Virginia__Pony_Express__mdb_mdb-828,Pony Express,Virginia,30073,Virginia Railway Express,VA,manual_override,100.0,2,20,7,10,99.0,49.0,19.0,6.0,730.0,2415555.0,Tier I (Rail),routes/Virginia__Pony_Express__mdb_mdb-828_routes.geojson,stops/Virginia__Pony_Express__mdb_mdb-828_stops.geojson
Virginia__Potomac_and_Rappahannock_Transportation_Commission_(PRTC)_Omniride__mdb_mdb-1156,OMNIRIDE,Virginia,30070,"Potomac and Rappahannock Transportation Commission, dba: OmniRide",VA,manual_override,100.0,34,1632,101,514,450.0,7.0,0.0,3.0,348.0,482204.0,Tier I (Fixed Route VOMS),routes/Virginia__Potomac_and_Rappahannock_Transportation_Commission_(PRTC)_Omniride__mdb_mdb-1156_routes.geojson,stops/Virginia__Potomac_and_Rappahannock_Transportation_Commission_(PRTC)_Omniride__mdb_mdb-1156_stops.geojson
Virginia__Pulaski_Area_Transit_(PAT)__mdb_mdb-2198,Pulaski Area Transit,Virginia,30115,"New River Valley Senior Services, Inc., dba: Pulaski Area Transit",VA,manual_override,100.0,5,102,13,77,10.0,0.0,0.0,0.0,,,Tier II,routes/Virginia__Pulaski_Area_Transit_(PAT)__mdb_mdb-2198_routes.geojson,stops/Virginia__Pulaski_Area_Transit_(PAT)__mdb_mdb-2198_stops.geojson
Virginia__RADAR__mdb_mdb-2443,RADAR,Virginia,30178,"Unified Human Services Transportation Systems, Inc, dba: RADAR",VA,manual_override,100.0,7,86,11,119,39.0,1.0,0.0,0.0,,,Tier II,routes/Virginia__RADAR__mdb_mdb-2443_routes.geojson,stops/Virginia__RADAR__mdb_mdb-2443_stops.geojson
Virginia__RADAR__mdb_mdb-832,RADAR,Virginia,30178,"Unified Human Services Transportation Systems, Inc, dba: RADAR",VA,manual_override,100.0,6,85,11,119,39.0,1.0,0.0,0.0,,,Tier II,routes/Virginia__RADAR__mdb_mdb-832_routes.geojson,stops/Virginia__RADAR__mdb_mdb-832_stops.geojson
Virginia__Radford_Transit__mdb_mdb-2415,Radford Transit,Virginia,30200,"City of Radford, dba: Radford Transit",VA,manual_override,100.0,14,336,16,120,12.0,0.0,0.0,0.0,10.0,18545.0,Tier II,routes/Virginia__Radford_Transit__mdb_mdb-2415_routes.geojson,stops/Virginia__Radford_Transit__mdb_mdb-2415_stops.geojson
Virginia__STAR_Transit__mdb_mdb-2444,STAR Transit,Virginia,30114,"Accomack-Northhampton Transportation District Comm, dba: STAR Transit",VA,manual_override,100.0,9,77,31,203,13.0,1.0,0.0,0.0,,,Tier II,routes/Virginia__STAR_Transit__mdb_mdb-2444_routes.geojson,stops/Virginia__STAR_Transit__mdb_mdb-2444_stops.geojson
Virginia__STAR_Transit__mdb_mdb-819,STAR Transit,Virginia,30114,"Accomack-Northhampton Transportation District Comm, dba: STAR Transit",VA,manual_override,100.0,8,75,31,203,13.0,1.0,0.0,0.0,,,Tier II,routes/Virginia__STAR_Transit__mdb_mdb-819_routes.geojson,stops/Virginia__STAR_Transit__mdb_mdb-819_stops.geojson
Virginia__Valley_Metro__mdb_mdb-2274,Valley Metro Roanoke,Virginia,30007,"Greater Roanoke Transit Company, dba: Valley Metro",VA,manual_override,100.0,33,588,38,814,41.0,3.0,2.0,0.0,43.0,132259.0,Tier II,routes/Virginia__Valley_Metro__mdb_mdb-2274_routes.geojson,stops/Virginia__Valley_Metro__mdb_mdb-2274_stops.geojson
Virginia__Virginia_Regional_Transit__mdb_mdb-2445,Virginia Regional Transit,Virginia,30118,Virginia Regional Transit,VA,manual_override,100.0,15,261,50,251,24.0,1.0,0.0,0.0,144.0,153600.0,Tier II,routes/Virginia__Virginia_Regional_Transit__mdb_mdb-2445_routes.geojson,stops/Virginia__Virginia_Regional_Transit__mdb_mdb-2445_stops.geojson
Virginia__Virginia_Regional_Transit__mdb_mdb-621,Virginia Regional Transit,Virginia,30118,Virginia Regional Transit,VA,manual_override,100.0,11,252,50,251,24.0,1.0,0.0,0.0,144.0,153600.0,Tier II,routes/Virginia__Virginia_Regional_Transit__mdb_mdb-621_routes.geojson,stops/Virginia__Virginia_Regional_Transit__mdb_mdb-621_stops.geojson
Virginia__Williamsburg_Area_Transit_Authority__mdb_mdb-2649,Williamsburg Area Transit Authority,Virginia,30076,Williamsburg Area Transit Authority,VA,manual_override,100.0,13,1840,30,614,23.0,2.0,1.0,0.0,65.0,81100.0,Tier II,routes/Virginia__Williamsburg_Area_Transit_Authority__mdb_mdb-2649_routes.geojson,stops/Virginia__Williamsburg_Area_Transit_Authority__mdb_mdb-2649_stops.geojson
Virginia__WinTran__mdb_mdb-608,WinTran,Virginia,30099,"City of Winchester, dba: WinTran",VA,manual_override,100.0,10,32,2,209,12.0,3.0,0.0,1.0,9.0,28136.0,Tier II,routes/Virginia__WinTran__mdb_mdb-608_routes.geojson,stops/Virginia__WinTran__mdb_mdb-608_stops.geojson
Washington__Ben_Franklin_Transit__mdb_mdb-2122,BFT,Washington,00018,Ben Franklin Transit,WA,manual_override,100.0,31,13025,168,876,294.0,12.0,5.0,3.0,624.0,287689.0,Tier I (Non-Fixed Route VOMS),routes/Washington__Ben_Franklin_Transit__mdb_mdb-2122_routes.geojson,stops/Washington__Ben_Franklin_Transit__mdb_mdb-2122_stops.geojson
Washington__City_of_Ellensburg_Public_Transit_(Central_Transit)__mdb_mdb-2456,Ellensburg Central Transit,Washington,00405,"Okanogan County Transit Authority, dba: TranGO",WA,manual_override,100.0,6,147,12,81,16.0,0.0,0.0,0.0,,,Tier II,routes/Washington__City_of_Ellensburg_Public_Transit_(Central_Transit)__mdb_mdb-2456_routes.geojson,stops/Washington__City_of_Ellensburg_Public_Transit_(Central_Transit)__mdb_mdb-2456_stops.geojson
Washington__City_of_Pullman__mdb_ntd-294,Pullman Transit,Washington,00294,"City of Pullman, dba: Pullman Transit",WA,manual_override,100.0,12,397,13,144,17.0,4.0,1.0,1.0,,,Tier II,routes/Washington__City_of_Pullman__mdb_ntd-294_routes.geojson,stops/Washington__City_of_Pullman__mdb_ntd-294_stops.geojson
Washington__Clallam_Transit_System__mdb_mdb-279,Clallam Transit System,Washington,00303,Clallam Transit System,WA,manual_override,100.0,17,1318,38,334,56.0,4.0,3.0,0.0,,,Tier II,routes/Washington__Clallam_Transit_System__mdb_mdb-279_routes.geojson,stops/Washington__Clallam_Transit_System__mdb_mdb-279_stops.geojson
Washington__Colville_Confederated_Tribes_Transit__mdb_mdb-2302,Colville Confederated Tribes Transit,Washington,00004,Confederated Tribes of the Colville Indian Reservation,WA,manual_override,100.0,3,186,8,17,5.0,3.0,2.0,0.0,,,Tier II,routes/Washington__Colville_Confederated_Tribes_Transit__mdb_mdb-2302_routes.geojson,stops/Washington__Colville_Confederated_Tribes_Transit__mdb_mdb-2302_stops.geojson
Washington__Community_Transit_(CT)__mdb_mdb-287,Community Transit | Sound Transit,Washington,00029,"Snohomish County Public Transportation Benefit Area Corporation, dba: Community Transit",WA,manual_override,100.0,39,9832,105,1767,563.0,146.0,103.0,5.0,257.0,920344.0,Tier I (Fixed Route VOMS),routes/Washington__Community_Transit_(CT)__mdb_mdb-287_routes.geojson,stops/Washington__Community_Transit_(CT)__mdb_mdb-287_stops.geojson
Washington__Elwha_Transit__mdb_mdb-2307,Elwha Transit,Washington,00405,"Okanogan County Transit Authority, dba: TranGO",WA,manual_override,100.0,1,3,2,9,16.0,0.0,0.0,0.0,,,Tier II,routes/Washington__Elwha_Transit__mdb_mdb-2307_routes.geojson,stops/Washington__Elwha_Transit__mdb_mdb-2307_stops.geojson
Washington__Everett_Transit__mdb_mdb-3038,Everett Transit,Washington,00005,"City of Everett, dba: Everett Transit",WA,manual_override,100.0,10,1098,20,500,50.0,9.0,3.0,2.0,34.0,111180.0,Tier II,routes/Washington__Everett_Transit__mdb_mdb-3038_routes.geojson,stops/Washington__Everett_Transit__mdb_mdb-3038_stops.geojson
Washington__Grant_Transit_Authority__mdb_mdb-2309,Grant Transit Authority,Washington,00309,"Grant County Transportation Authority, dba: Grant Transit Authority",WA,manual_override,100.0,11,239,24,228,46.0,4.0,1.0,2.0,,,Tier II,routes/Washington__Grant_Transit_Authority__mdb_mdb-2309_routes.geojson,stops/Washington__Grant_Transit_Authority__mdb_mdb-2309_stops.geojson
Washington__Grays_Harbor_Transit__mdb_mdb-263,Grays Harbor Transit,Washington,00314,Grays Harbor Transit,WA,manual_override,100.0,14,507,104,344,46.0,10.0,6.0,3.0,,,Tier II,routes/Washington__Grays_Harbor_Transit__mdb_mdb-263_routes.geojson,stops/Washington__Grays_Harbor_Transit__mdb_mdb-263_stops.geojson
Washington__Guemes_Island_Ferry__mdb_mdb-2310,Guemes Island Ferry,Washington,00103,"Squaxin Island Tribe, dba: Squaxin Island Transit",WA,manual_override,100.0,1,552,2,2,5.0,0.0,0.0,0.0,,,Tier II,routes/Washington__Guemes_Island_Ferry__mdb_mdb-2310_routes.geojson,stops/Washington__Guemes_Island_Ferry__mdb_mdb-2310_stops.geojson
Washington__Intercity_Transit__mdb_mdb-266,Intercity Transit,Washington,00019,Intercity Transit,WA,manual_override,100.0,30,17415,203,1118,243.0,10.0,4.0,2.0,101.0,206183.0,Tier I (Non-Fixed Route VOMS),routes/Washington__Intercity_Transit__mdb_mdb-266_routes.geojson,stops/Washington__Intercity_Transit__mdb_mdb-266_stops.geojson
Washington__Island_Transit__mdb_mdb-280,Island Transit,Washington,00298,Island Transit,WA,manual_override,100.0,16,465,67,548,57.0,8.0,1.0,3.0,,,Tier II,routes/Washington__Island_Transit__mdb_mdb-280_routes.geojson,stops/Washington__Island_Transit__mdb_mdb-280_stops.geojson
Washington__Jefferson_Transit_Authority__mdb_mdb-838,Jefferson Transit Authority,Washington,00316,Jefferson Transit,WA,manual_override,100.0,11,498,18,240,13.0,5.0,1.0,0.0,,,Tier II,routes/Washington__Jefferson_Transit_Authority__mdb_mdb-838_routes.geojson,stops/Washington__Jefferson_Transit_Authority__mdb_mdb-838_stops.geojson
Washington__King_County_Metro__mdb_mdb-1330,Metro Transit | City of Seattle | Sound Transit | Solid Ground EZ Loop,Washington,00023,"City of Seattle, dba: Seattle Center Monorail",WA,manual_override,100.0,142,31688,424,6266,8.0,6.0,2.0,1.0,83.0,753655.0,Tier I (Rail),routes/Washington__King_County_Metro__mdb_mdb-1330_routes.geojson,stops/Washington__King_County_Metro__mdb_mdb-1330_stops.geojson
Washington__Lady_of_the_Lake__mdb_mdb-2318,Lady of the Lake,Washington,00R03,Washington State Department of Transportation,WA,manual_override,100.0,1,4,2,5,,0.0,0.0,0.0,,,,routes/Washington__Lady_of_the_Lake__mdb_mdb-2318_routes.geojson,stops/Washington__Lady_of_the_Lake__mdb_mdb-2318_stops.geojson
Washington__Lummi_Transit__mdb_mdb-2320,Lummi Transit,Washington,00095,"Lummi Nation, dba: Lummi Transit",WA,manual_override,100.0,3,22,16,50,4.0,1.0,0.0,0.0,,,Tier II,routes/Washington__Lummi_Transit__mdb_mdb-2320_routes.geojson,stops/Washington__Lummi_Transit__mdb_mdb-2320_stops.geojson
Washington__Makah_Public_Transit__mdb_mdb-2196,Makah Public Transit,Washington,00405,"Okanogan County Transit Authority, dba: TranGO",WA,manual_override,100.0,1,19,9,19,16.0,0.0,0.0,0.0,,,Tier II,routes/Washington__Makah_Public_Transit__mdb_mdb-2196_routes.geojson,stops/Washington__Makah_Public_Transit__mdb_mdb-2196_stops.geojson
Washington__Mason_Transit_Authority__mdb_mdb-264,Mason Transit Authority,Washington,00315,"Mason County Transportation Authority, dba: Mason Transit Authority",WA,manual_override,100.0,13,200,22,109,35.0,6.0,1.0,2.0,,,Tier II,routes/Washington__Mason_Transit_Authority__mdb_mdb-264_routes.geojson,stops/Washington__Mason_Transit_Authority__mdb_mdb-264_stops.geojson
"Washington__Metro_Transit,_Intercity_Transit,_City_of_Seattle,_Community_Transit,_Pierce_Transit,_Sound_Transit,_Washington_State_Fe__mdb_mdb-1080",Metro Transit | Intercity Transit | Kitsap Transit | City of Seattle | Community Transit | Pierce Transit | Sound Transit | Amtrak | Solid Ground EZ Loop | Washington State Ferries | Seattle Center Monorail | Everett Transit,Washington,00035,Washington State Ferries,WA,manual_override,100.0,391,126832,1107,13341,15.0,20.0,19.0,1.0,1945.0,3919300.0,Tier II,"routes/Washington__Metro_Transit,_Intercity_Transit,_City_of_Seattle,_Community_Transit,_Pierce_Transit,_Sound_Transit,_Washington_State_Fe__mdb_mdb-1080_routes.geojson","stops/Washington__Metro_Transit,_Intercity_Transit,_City_of_Seattle,_Community_Transit,_Pierce_Transit,_Sound_Transit,_Washington_State_Fe__mdb_mdb-1080_stops.geojson"
Washington__Mount_Adams_Transportation_Service__mdb_mdb-580,Mount Adams Transportation Service,Washington,00299,"Klickitat County Senior Services, dba: Mount Adams Transportation Service",WA,manual_override,100.0,3,37,13,77,14.0,0.0,0.0,0.0,,,Tier II,routes/Washington__Mount_Adams_Transportation_Service__mdb_mdb-580_routes.geojson,stops/Washington__Mount_Adams_Transportation_Service__mdb_mdb-580_stops.geojson
Washington__Muckleshoot_Tribal_Transit__mdb_mdb-2326,Muckleshoot Tribal Transit,Washington,00333,"Council on Aging & Human Services, dba: COAST Public Transportation",WA,manual_override,100.0,2,71,7,60,19.0,1.0,0.0,0.0,14.0,42230.0,Tier II,routes/Washington__Muckleshoot_Tribal_Transit__mdb_mdb-2326_routes.geojson,stops/Washington__Muckleshoot_Tribal_Transit__mdb_mdb-2326_stops.geojson
Washington__Pacific_Transit__mdb_mdb-3112,Pacific Transit,Washington,00322,Pacific Transit,WA,manual_override,100.0,7,253,14,53,14.0,5.0,0.0,3.0,,,Tier II,routes/Washington__Pacific_Transit__mdb_mdb-3112_routes.geojson,stops/Washington__Pacific_Transit__mdb_mdb-3112_stops.geojson
Washington__Pahto_Public_Passage__mdb_mdb-2331,Pahto Public Passage,Washington,00111,"Confederated Tribes and Bands of The Yakama Nation, dba: Pahto Public Passage",WA,manual_override,100.0,3,12,12,33,7.0,0.0,0.0,0.0,0.0,0.0,Tier II,routes/Washington__Pahto_Public_Passage__mdb_mdb-2331_routes.geojson,stops/Washington__Pahto_Public_Passage__mdb_mdb-2331_stops.geojson
Washington__People_for_People_(Community_Connector)__mdb_mdb-271,People for People,Washington,00297,People for People Yakima,WA,manual_override,100.0,12,50,30,94,17.0,3.0,0.0,0.0,4295.0,256643.0,Tier II,routes/Washington__People_for_People_(Community_Connector)__mdb_mdb-271_routes.geojson,stops/Washington__People_for_People_(Community_Connector)__mdb_mdb-271_stops.geojson
Washington__Pierce_County_Ferries__mdb_tld-2289,Pierce County Ferries,Washington,00371,"Wahkiakum County, dba: Wahkiakum on the Move",WA,manual_override,100.0,2,181,6,3,7.0,0.0,0.0,0.0,,,Tier II,routes/Washington__Pierce_County_Ferries__mdb_tld-2289_routes.geojson,stops/Washington__Pierce_County_Ferries__mdb_tld-2289_stops.geojson
Washington__Pierce_Transit__mdb_mdb-265,Pierce Transit | Sound Transit,Washington,00003,"Pierce County Transportation Benefit Area Authority, dba: Pierce Transit",WA,manual_override,100.0,41,8912,104,1974,416.0,18.0,7.0,3.0,292.0,575963.0,Tier I (Fixed Route VOMS),routes/Washington__Pierce_Transit__mdb_mdb-265_routes.geojson,stops/Washington__Pierce_Transit__mdb_mdb-265_stops.geojson
Washington__RiverCities_Transit_(RCT)__mdb_mdb-259,RiverCities Transit,Washington,00016,"City of Longview, dba: RiverCities Transit",WA,manual_override,100.0,11,201,23,263,22.0,7.0,2.0,3.0,31.0,61598.0,Tier II,routes/Washington__RiverCities_Transit_(RCT)__mdb_mdb-259_routes.geojson,stops/Washington__RiverCities_Transit_(RCT)__mdb_mdb-259_stops.geojson
Washington__Rural_Resources_Community_Action__mdb_tld-5751,Rural Resources Community Action,Washington,00286,Rural Resources Community Action,WA,manual_override,100.0,2,12,11,14,8.0,0.0,0.0,0.0,,,Tier II,routes/Washington__Rural_Resources_Community_Action__mdb_tld-5751_routes.geojson,stops/Washington__Rural_Resources_Community_Action__mdb_tld-5751_stops.geojson
Washington__ruralTRANSIT__mdb_mdb-822,ruralTRANSIT,Washington,00285,"Thurston Regional Planning Council, dba: ruralTRANSIT",WA,manual_override,100.0,3,37,7,56,6.0,0.0,0.0,0.0,,,,routes/Washington__ruralTRANSIT__mdb_mdb-822_routes.geojson,stops/Washington__ruralTRANSIT__mdb_mdb-822_stops.geojson
Washington__Seattle_Center_Monorail__mdb_tld-2290,Seattle Center Monorail,Washington,00023,"City of Seattle, dba: Seattle Center Monorail",WA,manual_override,100.0,1,2010,2,2,8.0,6.0,2.0,1.0,83.0,753655.0,Tier I (Rail),routes/Washington__Seattle_Center_Monorail__mdb_tld-2290_routes.geojson,stops/Washington__Seattle_Center_Monorail__mdb_tld-2290_stops.geojson
Washington__Skagit_Transit__mdb_tld-5895,Skagit Transit,Washington,00044,Skagit Transit,WA,manual_override,100.0,19,1064,69,483,79.0,9.0,3.0,0.0,760.0,118568.0,Tier II,routes/Washington__Skagit_Transit__mdb_tld-5895_routes.geojson,stops/Washington__Skagit_Transit__mdb_tld-5895_stops.geojson
Washington__Skamania_County_Transit__mdb_mdb-262,Skamania County Transit,Washington,00371,"Wahkiakum County, dba: Wahkiakum on the Move",WA,manual_override,100.0,1,16,11,16,7.0,0.0,0.0,0.0,,,Tier II,routes/Washington__Skamania_County_Transit__mdb_mdb-262_routes.geojson,stops/Washington__Skamania_County_Transit__mdb_mdb-262_stops.geojson
Washington__Snoqualmie_Valley_Transportation__mdb_mdb-816,Snoqualmie Valley Transportation,Washington,00317,"Mt Si Senior Center, dba: Snoqualmie Valley Transportation",WA,manual_override,100.0,2,20,6,85,9.0,0.0,0.0,0.0,,,Tier II,routes/Washington__Snoqualmie_Valley_Transportation__mdb_mdb-816_routes.geojson,stops/Washington__Snoqualmie_Valley_Transportation__mdb_mdb-816_stops.geojson
Washington__Snow_Goose_Transit__mdb_tld-5754,Snow Goose Transit,Washington,00405,"Okanogan County Transit Authority, dba: TranGO",WA,manual_override,100.0,2,7,5,22,16.0,0.0,0.0,0.0,,,Tier II,routes/Washington__Snow_Goose_Transit__mdb_tld-5754_routes.geojson,stops/Washington__Snow_Goose_Transit__mdb_tld-5754_stops.geojson
Washington__Solid_Ground__mdb_tld-5755,Solid Ground,Washington,88265,Common Ground Outdoor Adventures,UT,manual_override,100.0,1,18,1,8,0.0,1.0,0.0,0.0,,,,routes/Washington__Solid_Ground__mdb_tld-5755_routes.geojson,stops/Washington__Solid_Ground__mdb_tld-5755_stops.geojson
"Washington__Sound_Transit,_Metro_Transit,_City_of_Seattle_-_King_County_Metro__mdb_mdb-267",Metro Transit | City of Seattle | Sound Transit | Solid Ground EZ Loop,Washington,00023,"City of Seattle, dba: Seattle Center Monorail",WA,manual_override,100.0,142,31688,424,6266,8.0,6.0,2.0,1.0,83.0,753655.0,Tier I (Rail),"routes/Washington__Sound_Transit,_Metro_Transit,_City_of_Seattle_-_King_County_Metro__mdb_mdb-267_routes.geojson","stops/Washington__Sound_Transit,_Metro_Transit,_City_of_Seattle_-_King_County_Metro__mdb_mdb-267_stops.geojson"
Washington__Sound_Transit__mdb_mdb-268,Sound Transit,Washington,00040,"Central Puget Sound Regional Transit Authority, dba: Sound Transit",WA,manual_override,100.0,7,10901,22,372,429.0,101.0,70.0,0.0,1089.0,3385200.0,Tier I (Rail),routes/Washington__Sound_Transit__mdb_mdb-268_routes.geojson,stops/Washington__Sound_Transit__mdb_mdb-268_stops.geojson
Washington__Special_Mobility_Services__mdb_tld-5756,Special Mobility Services,Washington,00366,White Pass Community Services Coalition,WA,manual_override,100.0,4,26,14,19,2.0,3.0,0.0,1.0,,,,routes/Washington__Special_Mobility_Services__mdb_tld-5756_routes.geojson,stops/Washington__Special_Mobility_Services__mdb_tld-5756_stops.geojson
Washington__Spokane_Transit_Authority_(STA)__mdb_mdb-290,Spokane Transit Authority,Washington,00002,Spokane Transit Authority,WA,manual_override,100.0,53,7347,263,1670,316.0,19.0,1.0,2.0,248.0,475470.0,Tier I (Fixed Route VOMS),routes/Washington__Spokane_Transit_Authority_(STA)__mdb_mdb-290_routes.geojson,stops/Washington__Spokane_Transit_Authority_(STA)__mdb_mdb-290_stops.geojson
Washington__Squaxin_Island_Transit__mdb_mdb-2197,Squaxin Island Transit,Washington,00298,Island Transit,WA,manual_override,100.0,3,31,9,6,57.0,8.0,1.0,3.0,,,Tier II,routes/Washington__Squaxin_Island_Transit__mdb_mdb-2197_routes.geojson,stops/Washington__Squaxin_Island_Transit__mdb_mdb-2197_stops.geojson
Washington__The_Moccasin_Express__mdb_mdb-2325,The Moccasin Express,Washington,00207,"Spokane Tribe of Indians, dba: The Moccasin Express",WA,manual_override,100.0,4,50,11,17,10.0,1.0,0.0,1.0,,,Tier II,routes/Washington__The_Moccasin_Express__mdb_mdb-2325_routes.geojson,stops/Washington__The_Moccasin_Express__mdb_mdb-2325_stops.geojson
Washington__Twin_Transit__mdb_tld-5579,Lewis County Transit,Washington,00364,Lewis County Transit,WA,manual_override,100.0,9,176,16,106,20.0,8.0,0.0,3.0,,,Tier II,routes/Washington__Twin_Transit__mdb_tld-5579_routes.geojson,stops/Washington__Twin_Transit__mdb_tld-5579_stops.geojson
Washington__Union_Gap__mdb_mdb-277,Union Gap Transit,Washington,00405,"Okanogan County Transit Authority, dba: TranGO",WA,manual_override,100.0,2,51,2,16,16.0,0.0,0.0,0.0,,,Tier II,routes/Washington__Union_Gap__mdb_mdb-277_routes.geojson,stops/Washington__Union_Gap__mdb_mdb-277_stops.geojson
Washington__Valley_Transit__mdb_tld-820,Valley Transit,Washington,00064,Valley Transit,WA,manual_override,100.0,12,272,18,173,19.0,6.0,1.0,4.0,25.0,47390.0,Tier II,routes/Washington__Valley_Transit__mdb_tld-820_routes.geojson,stops/Washington__Valley_Transit__mdb_tld-820_stops.geojson
Washington__Wahkiakum_on_the_Move__mdb_mdb-249,Wahkiakum on the Move,Washington,00371,"Wahkiakum County, dba: Wahkiakum on the Move",WA,manual_override,100.0,2,10,7,42,7.0,0.0,0.0,0.0,,,Tier II,routes/Washington__Wahkiakum_on_the_Move__mdb_mdb-249_routes.geojson,stops/Washington__Wahkiakum_on_the_Move__mdb_mdb-249_stops.geojson
Washington__Washington_State_Department_of_Transportation_(WSDOT_Apple_Line)__mdb_mdb-245,Apple Line | Gold Line | Grape Line | Dungeness Line | Wheat Line,Washington,00R03,Washington State Department of Transportation,WA,manual_override,100.0,5,22,16,73,,0.0,0.0,0.0,,,,routes/Washington__Washington_State_Department_of_Transportation_(WSDOT_Apple_Line)__mdb_mdb-245_routes.geojson,stops/Washington__Washington_State_Department_of_Transportation_(WSDOT_Apple_Line)__mdb_mdb-245_stops.geojson
Washington__Washington_State_Ferries__mdb_mdb-1331,Washington State Ferries,Washington,00035,Washington State Ferries,WA,manual_override,100.0,38,31617,42,19,15.0,20.0,19.0,1.0,1945.0,3919300.0,Tier II,routes/Washington__Washington_State_Ferries__mdb_mdb-1331_routes.geojson,stops/Washington__Washington_State_Ferries__mdb_mdb-1331_stops.geojson
Washington__Washington_State_Ferries__mdb_mdb-283,Washington State Ferries,Washington,00035,Washington State Ferries,WA,manual_override,100.0,38,27127,42,19,15.0,20.0,19.0,1.0,1945.0,3919300.0,Tier II,routes/Washington__Washington_State_Ferries__mdb_mdb-283_routes.geojson,stops/Washington__Washington_State_Ferries__mdb_mdb-283_stops.geojson
Washington__Whatcom_Transportation_Authority__mdb_mdb-284,Whatcom Transportation Authority,Washington,00021,Whatcom Transportation Authority,WA,manual_override,100.0,34,3817,94,878,103.0,5.0,4.0,0.0,776.0,237806.0,Tier II,routes/Washington__Whatcom_Transportation_Authority__mdb_mdb-284_routes.geojson,stops/Washington__Whatcom_Transportation_Authority__mdb_mdb-284_stops.geojson
Washington__Yakima_Transit__mdb_mdb-276,Yakima Transit,Washington,00006,"City of Yakima, dba: Yakima Transit",WA,manual_override,100.0,28,327,27,634,43.0,1.0,1.0,0.0,33.0,100716.0,Tier II,routes/Washington__Yakima_Transit__mdb_mdb-276_routes.geojson,stops/Washington__Yakima_Transit__mdb_mdb-276_stops.geojson
West_Virginia__Country_Roads_Transit__mdb_ntd-30122,Country Roads Transit,West_Virginia,30122,"Randolph County Senior Center, dba: Country Roads Transit",WV,manual_override,100.0,3,21,3,81,11.0,0.0,0.0,0.0,,,Tier II,routes/West_Virginia__Country_Roads_Transit__mdb_ntd-30122_routes.geojson,stops/West_Virginia__Country_Roads_Transit__mdb_ntd-30122_stops.geojson
West_Virginia__Eastern_Panhandle_Transit_Authority__mdb_tld-4459,Eastern Panhandle Transit Authority,West_Virginia,30090,Eastern Panhandle Transit Authority,WV,manual_override,100.0,14,129,36,83,27.0,1.0,0.0,0.0,62.0,194123.0,Tier II,routes/West_Virginia__Eastern_Panhandle_Transit_Authority__mdb_tld-4459_routes.geojson,stops/West_Virginia__Eastern_Panhandle_Transit_Authority__mdb_tld-4459_stops.geojson
West_Virginia__Harpers_Ferry_National_Historical_Park__mdb_tld-6678,National Park Service,West_Virginia,31015,Family Service Upper Ohio Valley,WV,manual_override,100.0,1,76,1,2,,0.0,0.0,0.0,,,Tier II,routes/West_Virginia__Harpers_Ferry_National_Historical_Park__mdb_tld-6678_routes.geojson,stops/West_Virginia__Harpers_Ferry_National_Historical_Park__mdb_tld-6678_stops.geojson
West_Virginia__Kanawha_Valley_Regional_Transportation_Authority__mdb_tld-5769,Kanawha Valley Regional Transportation Authority,West_Virginia,30001,Kanawha Valley Regional Transportation Authority,WV,manual_override,100.0,19,1087,95,790,45.0,3.0,2.0,0.0,902.0,178281.0,Tier II,routes/West_Virginia__Kanawha_Valley_Regional_Transportation_Authority__mdb_tld-5769_routes.geojson,stops/West_Virginia__Kanawha_Valley_Regional_Transportation_Authority__mdb_tld-5769_stops.geojson
West_Virginia__Mountain_Line_Transit_Authority__mdb_mdb-407,Mountain Line Transit Authority,West_Virginia,30140,Mountain Transit Authority,WV,manual_override,100.0,24,131,95,191,23.0,1.0,0.0,0.0,,,Tier II,routes/West_Virginia__Mountain_Line_Transit_Authority__mdb_mdb-407_routes.geojson,stops/West_Virginia__Mountain_Line_Transit_Authority__mdb_mdb-407_stops.geojson
West_Virginia__New_River_Transit_Authority__mdb_tld-6713,City of Beckley (New River Transit),West_Virginia,30199,"New River Transit Authority, dba: New River Transit",WV,manual_override,100.0,6,71,14,55,13.0,0.0,0.0,0.0,624.0,87333.0,Tier II,routes/West_Virginia__New_River_Transit_Authority__mdb_tld-6713_routes.geojson,stops/West_Virginia__New_River_Transit_Authority__mdb_tld-6713_stops.geojson
Wisconsin__Beloit_Transit_System__mdb_tld-77,Beloit Transit,Wisconsin,50109,"City of Beloit, dba: Beloit Transit System",WI,manual_override,100.0,7,109,7,348,10.0,2.0,1.0,0.0,16.0,37137.0,Tier II,routes/Wisconsin__Beloit_Transit_System__mdb_tld-77_routes.geojson,stops/Wisconsin__Beloit_Transit_System__mdb_tld-77_stops.geojson
Wisconsin__Central_Transportation__mdb_tld-4757,Central Transportation,Wisconsin,55416,"Opportunity of North Central Wisconsin, Inc.",WI,manual_override,100.0,8,151,7,335,,0.0,0.0,0.0,,,Tier II,routes/Wisconsin__Central_Transportation__mdb_tld-4757_routes.geojson,stops/Wisconsin__Central_Transportation__mdb_tld-4757_stops.geojson
Wisconsin__Fond_du_Lac_Area_Transit__mdb_tld-7929,Fond du Lac,Wisconsin,55379,"ARC of Fond du Lac, Inc.",WI,manual_override,100.0,8,98,8,40,,0.0,0.0,0.0,,,Tier II,routes/Wisconsin__Fond_du_Lac_Area_Transit__mdb_tld-7929_routes.geojson,stops/Wisconsin__Fond_du_Lac_Area_Transit__mdb_tld-7929_stops.geojson
Wisconsin__GO_Transit__mdb_mdb-397,GO Transit (City of Oshkosh),Wisconsin,50009,"City of Oshkosh, Wisconsin, dba: GO Transit",WI,manual_override,100.0,9,372,16,252,18.0,2.0,1.0,0.0,25.0,66816.0,Tier II,routes/Wisconsin__GO_Transit__mdb_mdb-397_routes.geojson,stops/Wisconsin__GO_Transit__mdb_mdb-397_stops.geojson
Wisconsin__Janesville_Transit_System__mdb_mdb-393,Janesville Transit System,Wisconsin,50108,"City of Janesville, dba: Janesville Transit System",WI,manual_override,100.0,9,220,15,348,16.0,2.0,1.0,0.0,35.0,66311.0,Tier II,routes/Wisconsin__Janesville_Transit_System__mdb_mdb-393_routes.geojson,stops/Wisconsin__Janesville_Transit_System__mdb_mdb-393_stops.geojson
Wisconsin__Metro_Ride__mdb_mdb-830,Metro Ride,Wisconsin,50091,"City of Wausau, Wisconsin, dba: Metro Ride",WI,manual_override,100.0,15,1324,30,568,23.0,2.0,1.0,0.0,19.0,39994.0,Tier II,routes/Wisconsin__Metro_Ride__mdb_mdb-830_routes.geojson,stops/Wisconsin__Metro_Ride__mdb_mdb-830_stops.geojson
Wisconsin__Metro_Transit_-_City_of_Madison__mdb_mdb-394,Metro Transit-City of Madison,Wisconsin,50005,City of Madison,WI,manual_override,100.0,29,14199,184,1681,193.0,49.0,45.0,1.0,130.0,363017.0,Tier I (Fixed Route VOMS),routes/Wisconsin__Metro_Transit_-_City_of_Madison__mdb_mdb-394_routes.geojson,stops/Wisconsin__Metro_Transit_-_City_of_Madison__mdb_mdb-394_stops.geojson
Wisconsin__Ryde_Racine__mdb_mdb-2246,Ryde Racine,Wisconsin,50006,"City of Racine, Wisconsin, dba: RYDE Racine",WI,manual_override,100.0,10,534,80,729,39.0,7.0,2.0,3.0,27.0,112100.0,Tier II,routes/Wisconsin__Ryde_Racine__mdb_mdb-2246_routes.geojson,stops/Wisconsin__Ryde_Racine__mdb_mdb-2246_stops.geojson
Wisconsin__Shoreline_Metro__mdb_mdb-399,Shoreline Metro,Wisconsin,50088,"City of Sheboygan, dba: Shoreline Metro",WI,manual_override,100.0,9,288,11,753,20.0,2.0,1.0,1.0,23.0,59490.0,Tier II,routes/Wisconsin__Shoreline_Metro__mdb_mdb-399_routes.geojson,stops/Wisconsin__Shoreline_Metro__mdb_mdb-399_stops.geojson
Wisconsin__Valley_Transit_(WI)__mdb_mdb-2069,Valley Transit,Wisconsin,55366,"Southwestern WI Community Action Program, Inc., dba: Southwestern WI Community Action Program",WI,manual_override,100.0,24,565,42,923,,0.0,0.0,0.0,,,Tier II,routes/Wisconsin__Valley_Transit_(WI)__mdb_mdb-2069_routes.geojson,stops/Wisconsin__Valley_Transit_(WI)__mdb_mdb-2069_stops.geojson
Wyoming__Southern_Teton_Area_Rapid_Transit_(START_Bus)__mdb_ntd-80188,START Bus,Wyoming,80188,"Southern Teton Area Rapid Transit, dba: START Bus",WY,manual_override,100.0,7,229,14,152,30.0,1.0,0.0,0.0,,,Tier II,routes/Wyoming__Southern_Teton_Area_Rapid_Transit_(START_Bus)__mdb_ntd-80188_routes.geojson,stops/Wyoming__Southern_Teton_Area_Rapid_Transit_(START_Bus)__mdb_ntd-80188_stops.geojson
Wyoming__Wind_River_Transportation_Authority__mdb_ntd-80121,Wind River Transportation Authority,Wyoming,80121,"Fremont County Association of Governments, dba: Wind River Transportation Authority",WY,manual_override,100.0,4,19,9,26,9.0,1.0,0.0,0.0,,,Tier II,routes/Wyoming__Wind_River_Transportation_Authority__mdb_ntd-80121_routes.geojson,stops/Wyoming__Wind_River_Transportation_Authority__mdb_ntd-80121_stops.geojson
