kind,feed_id,source,target,status,features,message
routes,Alabama__Huntsville_Shuttle__mdb_mdb-2081,C:\Users\wilsonschutterj\Downloads\GTFS_US\agency_enriched_geojson\routes\Alabama__Huntsville_Shuttle__mdb_mdb-2081_routes.geojson,C:\Users\wilsonschutterj\Downloads\GTFS_US\agency_enriched_geojson\routes_with_metadata\Alabama__Huntsville_Shuttle__mdb_mdb-2081_routes.geojson,success,13,
routes,Alabama__Montgomery_Transit__mdb_mdb-338,C:\Users\wilsonschutterj\Downloads\GTFS_US\agency_enriched_geojson\routes\Alabama__Montgomery_Transit__mdb_mdb-338_routes.geojson,C:\Users\wilsonschutterj\Downloads\GTFS_US\agency_enriched_geojson\routes_with_metadata\Alabama__Montgomery_Transit__mdb_mdb-338_routes.geojson,success,23,
routes,Alabama__Tuscaloosa_Transit_Authority__mdb_tld-7046,C:\Users\wilsonschutterj\Downloads\GTFS_US\agency_enriched_geojson\routes\Alabama__Tuscaloosa_Transit_Authority__mdb_tld-7046_routes.geojson,C:\Users\wilsonschutterj\Downloads\GTFS_US\agency_enriched_geojson\routes_with_metadata\Alabama__Tuscaloosa_Transit_Authority__mdb_tld-7046_routes.geojson,success,13,
routes,Alaska__Anchorage_People_Mover__mdb_mdb-225,C:\Users\wilsonschutterj\Downloads\GTFS_US\agency_enriched_geojson\routes\Alaska__Anchorage_People_Mover__mdb_mdb-225_routes.geojson,C:\Users\wilsonschutterj\Downloads\GTFS_US\agency_enriched_geojson\routes_with_metadata\Alaska__Anchorage_People_Mover__mdb_mdb-225_routes.geojson,success,48,
routes,Alaska__Capital_Transit__mdb_mdb-294,C:\Users\wilsonschutterj\Downloads\GTFS_US\agency_enriched_geojson\routes\Alaska__Capital_Transit__mdb_mdb-294_routes.geojson,C:\Users\wilsonschutterj\Downloads\GTFS_US\agency_enriched_geojson\routes_with_metadata\Alaska__Capital_Transit__mdb_mdb-294_routes.geojson,success,22,
routes,Alaska__Inter-Island_Ferry__mdb_mdb-243,C:\Users\wilsonschutterj\Downloads\GTFS_US\agency_enriched_geojson\routes\Alaska__Inter-Island_Ferry__mdb_mdb-243_routes.geojson,C:\Users\wilsonschutterj\Downloads\GTFS_US\agency_enriched_geojson\routes_with_metadata\Alaska__Inter-Island_Ferry__mdb_mdb-243_routes.geojson,success,2,
routes,Alaska__Ketchikan_Gateway_Borough__mdb_mdb-244,C:\Users\wilsonschutterj\Downloads\GTFS_US\agency_enriched_geojson\routes\Alaska__Ketchikan_Gateway_Borough__mdb_mdb-244_routes.geojson,C:\Users\wilsonschutterj\Downloads\GTFS_US\agency_enriched_geojson\routes_with_metadata\Alaska__Ketchikan_Gateway_Borough__mdb_mdb-244_routes.geojson,success,14,
routes,Arizona__Bisbee_Bus__mdb_mdb-2857,C:\Users\wilsonschutterj\Downloads\GTFS_US\agency_enriched_geojson\routes\Arizona__Bisbee_Bus__mdb_mdb-2857_routes.geojson,C:\Users\wilsonschutterj\Downloads\GTFS_US\agency_enriched_geojson\routes_with_metadata\Arizona__Bisbee_Bus__mdb_mdb-2857_routes.geojson,success,4,
routes,Arizona__Bullhead_Area_Transit_System__mdb_mdb-109,C:\Users\wilsonschutterj\Downloads\GTFS_US\agency_enriched_geojson\routes\Arizona__Bullhead_Area_Transit_System__mdb_mdb-109_routes.geojson,C:\Users\wilsonschutterj\Downloads\GTFS_US\agency_enriched_geojson\routes_with_metadata\Arizona__Bullhead_Area_Transit_System__mdb_mdb-109_routes.geojson,success,4,
routes,Arizona__City_of_Sierra_Vista__mdb_tld-679,C:\Users\wilsonschutterj\Downloads\GTFS_US\agency_enriched_geojson\routes\Arizona__City_of_Sierra_Vista__mdb_tld-679_routes.geojson,C:\Users\wilsonschutterj\Downloads\GTFS_US\agency_enriched_geojson\routes_with_metadata\Arizona__City_of_Sierra_Vista__mdb_tld-679_routes.geojson,success,3,
routes,Arizona__Cottonwood_Area_Transit_(CAT)__mdb_mdb-158,C:\Users\wilsonschutterj\Downloads\GTFS_US\agency_enriched_geojson\routes\Arizona__Cottonwood_Area_Transit_(CAT)__mdb_mdb-158_routes.geojson,C:\Users\wilsonschutterj\Downloads\GTFS_US\agency_enriched_geojson\routes_with_metadata\Arizona__Cottonwood_Area_Transit_(CAT)__mdb_mdb-158_routes.geojson,success,5,
routes,Arizona__Grand_Canyon_National_Park__mdb_mdb-1905,C:\Users\wilsonschutterj\Downloads\GTFS_US\agency_enriched_geojson\routes\Arizona__Grand_Canyon_National_Park__mdb_mdb-1905_routes.geojson,C:\Users\wilsonschutterj\Downloads\GTFS_US\agency_enriched_geojson\routes_with_metadata\Arizona__Grand_Canyon_National_Park__mdb_mdb-1905_routes.geojson,success,5,
routes,Arizona__Maricopa_Express_Transit__mdb_tld-6743,C:\Users\wilsonschutterj\Downloads\GTFS_US\agency_enriched_geojson\routes\Arizona__Maricopa_Express_Transit__mdb_tld-6743_routes.geojson,C:\Users\wilsonschutterj\Downloads\GTFS_US\agency_enriched_geojson\routes_with_metadata\Arizona__Maricopa_Express_Transit__mdb_tld-6743_routes.geojson,success,1,
routes,Arizona__Mountain_Line_Transit__mdb_mdb-1979,C:\Users\wilsonschutterj\Downloads\GTFS_US\agency_enriched_geojson\routes\Arizona__Mountain_Line_Transit__mdb_mdb-1979_routes.geojson,C:\Users\wilsonschutterj\Downloads\GTFS_US\agency_enriched_geojson\routes_with_metadata\Arizona__Mountain_Line_Transit__mdb_mdb-1979_routes.geojson,success,16,
routes,Arizona__Regional_Transportation_Authority_of_Pima_County__mdb_ntd-91122,C:\Users\wilsonschutterj\Downloads\GTFS_US\agency_enriched_geojson\routes\Arizona__Regional_Transportation_Authority_of_Pima_County__mdb_ntd-91122_routes.geojson,C:\Users\wilsonschutterj\Downloads\GTFS_US\agency_enriched_geojson\routes_with_metadata\Arizona__Regional_Transportation_Authority_of_Pima_County__mdb_ntd-91122_routes.geojson,success,23,
routes,Arizona__Valley_Metro_(VM)__mdb_mdb-147,C:\Users\wilsonschutterj\Downloads\GTFS_US\agency_enriched_geojson\routes\Arizona__Valley_Metro_(VM)__mdb_mdb-147_routes.geojson,C:\Users\wilsonschutterj\Downloads\GTFS_US\agency_enriched_geojson\routes_with_metadata\Arizona__Valley_Metro_(VM)__mdb_mdb-147_routes.geojson,success,595,
routes,Arizona__Yuma_County_Intergovernmental_Public_Transportation_Authority_(YCIPTA)__mdb_mdb-17,C:\Users\wilsonschutterj\Downloads\GTFS_US\agency_enriched_geojson\routes\Arizona__Yuma_County_Intergovernmental_Public_Transportation_Authority_(YCIPTA)__mdb_mdb-17_routes.geojson,C:\Users\wilsonschutterj\Downloads\GTFS_US\agency_enriched_geojson\routes_with_metadata\Arizona__Yuma_County_Intergovernmental_Public_Transportation_Authority_(YCIPTA)__mdb_mdb-17_routes.geojson,success,23,
routes,Arkansas__City_of_Fort_Smith__mdb_ntd-60086,C:\Users\wilsonschutterj\Downloads\GTFS_US\agency_enriched_geojson\routes\Arkansas__City_of_Fort_Smith__mdb_ntd-60086_routes.geojson,C:\Users\wilsonschutterj\Downloads\GTFS_US\agency_enriched_geojson\routes_with_metadata\Arkansas__City_of_Fort_Smith__mdb_ntd-60086_routes.geojson,success,15,
routes,Arkansas__Eureka_Springs_Transit__mdb_ntd-60161,C:\Users\wilsonschutterj\Downloads\GTFS_US\agency_enriched_geojson\routes\Arkansas__Eureka_Springs_Transit__mdb_ntd-60161_routes.geojson,C:\Users\wilsonschutterj\Downloads\GTFS_US\agency_enriched_geojson\routes_with_metadata\Arkansas__Eureka_Springs_Transit__mdb_ntd-60161_routes.geojson,success,4,
routes,Arkansas__Ozark_Regional_Transit__mdb_tld-4470,C:\Users\wilsonschutterj\Downloads\GTFS_US\agency_enriched_geojson\routes\Arkansas__Ozark_Regional_Transit__mdb_tld-4470_routes.geojson,C:\Users\wilsonschutterj\Downloads\GTFS_US\agency_enriched_geojson\routes_with_metadata\Arkansas__Ozark_Regional_Transit__mdb_tld-4470_routes.geojson,success,14,
routes,California__Alameda-Contra_Costa_Transit_District_(AC_Transit)__mdb_mdb-2455,C:\Users\wilsonschutterj\Downloads\GTFS_US\agency_enriched_geojson\routes\California__Alameda-Contra_Costa_Transit_District_(AC_Transit)__mdb_mdb-2455_routes.geojson,C:\Users\wilsonschutterj\Downloads\GTFS_US\agency_enriched_geojson\routes_with_metadata\California__Alameda-Contra_Costa_Transit_District_(AC_Transit)__mdb_mdb-2455_routes.geojson,success,320,
routes,California__Altamont_Corridor_Express__mdb_mdb-2684,C:\Users\wilsonschutterj\Downloads\GTFS_US\agency_enriched_geojson\routes\California__Altamont_Corridor_Express__mdb_mdb-2684_routes.geojson,C:\Users\wilsonschutterj\Downloads\GTFS_US\agency_enriched_geojson\routes_with_metadata\California__Altamont_Corridor_Express__mdb_mdb-2684_routes.geojson,success,2,
routes,California__Amador_Transit__mdb_mdb-92,C:\Users\wilsonschutterj\Downloads\GTFS_US\agency_enriched_geojson\routes\California__Amador_Transit__mdb_mdb-92_routes.geojson,C:\Users\wilsonschutterj\Downloads\GTFS_US\agency_enriched_geojson\routes_with_metadata\California__Amador_Transit__mdb_mdb-92_routes.geojson,success,7,
routes,California__Amtrak__mdb_mdb-11,C:\Users\wilsonschutterj\Downloads\GTFS_US\agency_enriched_geojson\routes\California__Amtrak__mdb_mdb-11_routes.geojson,C:\Users\wilsonschutterj\Downloads\GTFS_US\agency_enriched_geojson\routes_with_metadata\California__Amtrak__mdb_mdb-11_routes.geojson,success,150,
routes,California__Amtrak_San_Joaquins__mdb_mdb-2295,C:\Users\wilsonschutterj\Downloads\GTFS_US\agency_enriched_geojson\routes\California__Amtrak_San_Joaquins__mdb_mdb-2295_routes.geojson,C:\Users\wilsonschutterj\Downloads\GTFS_US\agency_enriched_geojson\routes_with_metadata\California__Amtrak_San_Joaquins__mdb_mdb-2295_routes.geojson,success,4,
routes,California__Arcadia_Transit__mdb_mdb-2243,C:\Users\wilsonschutterj\Downloads\GTFS_US\agency_enriched_geojson\routes\California__Arcadia_Transit__mdb_mdb-2243_routes.geojson,C:\Users\wilsonschutterj\Downloads\GTFS_US\agency_enriched_geojson\routes_with_metadata\California__Arcadia_Transit__mdb_mdb-2243_routes.geojson,success,5,
routes,California__Auburn_Transit__mdb_mdb-2275,C:\Users\wilsonschutterj\Downloads\GTFS_US\agency_enriched_geojson\routes\California__Auburn_Transit__mdb_mdb-2275_routes.geojson,C:\Users\wilsonschutterj\Downloads\GTFS_US\agency_enriched_geojson\routes_with_metadata\California__Auburn_Transit__mdb_mdb-2275_routes.geojson,success,1,
routes,California__Baldwin_Park_Transit__mdb_mdb-2247,C:\Users\wilsonschutterj\Downloads\GTFS_US\agency_enriched_geojson\routes\California__Baldwin_Park_Transit__mdb_mdb-2247_routes.geojson,C:\Users\wilsonschutterj\Downloads\GTFS_US\agency_enriched_geojson\routes_with_metadata\California__Baldwin_Park_Transit__mdb_mdb-2247_routes.geojson,success,14,
routes,California__Bay_Area_Rapid_Transit_(BART)__mdb_mdb-53,C:\Users\wilsonschutterj\Downloads\GTFS_US\agency_enriched_geojson\routes\California__Bay_Area_Rapid_Transit_(BART)__mdb_mdb-53_routes.geojson,C:\Users\wilsonschutterj\Downloads\GTFS_US\agency_enriched_geojson\routes_with_metadata\California__Bay_Area_Rapid_Transit_(BART)__mdb_mdb-53_routes.geojson,success,28,
routes,California__Beach_Cities_Transit__mdb_mdb-1999,C:\Users\wilsonschutterj\Downloads\GTFS_US\agency_enriched_geojson\routes\California__Beach_Cities_Transit__mdb_mdb-1999_routes.geojson,C:\Users\wilsonschutterj\Downloads\GTFS_US\agency_enriched_geojson\routes_with_metadata\California__Beach_Cities_Transit__mdb_mdb-1999_routes.geojson,success,5,
routes,California__Beaumont_Transit__mdb_mdb-106,C:\Users\wilsonschutterj\Downloads\GTFS_US\agency_enriched_geojson\routes\California__Beaumont_Transit__mdb_mdb-106_routes.geojson,C:\Users\wilsonschutterj\Downloads\GTFS_US\agency_enriched_geojson\routes_with_metadata\California__Beaumont_Transit__mdb_mdb-106_routes.geojson,success,31,
routes,California__Big_Blue_Bus__mdb_mdb-37,C:\Users\wilsonschutterj\Downloads\GTFS_US\agency_enriched_geojson\routes\California__Big_Blue_Bus__mdb_mdb-37_routes.geojson,C:\Users\wilsonschutterj\Downloads\GTFS_US\agency_enriched_geojson\routes_with_metadata\California__Big_Blue_Bus__mdb_mdb-37_routes.geojson,success,46,
routes,California__Blossom_Express__mdb_mdb-236,C:\Users\wilsonschutterj\Downloads\GTFS_US\agency_enriched_geojson\routes\California__Blossom_Express__mdb_mdb-236_routes.geojson,C:\Users\wilsonschutterj\Downloads\GTFS_US\agency_enriched_geojson\routes_with_metadata\California__Blossom_Express__mdb_mdb-236_routes.geojson,success,1,
routes,California__BurbankBus__mdb_mdb-2149,C:\Users\wilsonschutterj\Downloads\GTFS_US\agency_enriched_geojson\routes\California__BurbankBus__mdb_mdb-2149_routes.geojson,C:\Users\wilsonschutterj\Downloads\GTFS_US\agency_enriched_geojson\routes_with_metadata\California__BurbankBus__mdb_mdb-2149_routes.geojson,success,2,
routes,California__Butte_Regional_Transit_(B-Line)__mdb_ntd-90208,C:\Users\wilsonschutterj\Downloads\GTFS_US\agency_enriched_geojson\routes\California__Butte_Regional_Transit_(B-Line)__mdb_ntd-90208_routes.geojson,C:\Users\wilsonschutterj\Downloads\GTFS_US\agency_enriched_geojson\routes_with_metadata\California__Butte_Regional_Transit_(B-Line)__mdb_ntd-90208_routes.geojson,success,45,
routes,California__Calaveras_Transit__mdb_mdb-93,C:\Users\wilsonschutterj\Downloads\GTFS_US\agency_enriched_geojson\routes\California__Calaveras_Transit__mdb_mdb-93_routes.geojson,C:\Users\wilsonschutterj\Downloads\GTFS_US\agency_enriched_geojson\routes_with_metadata\California__Calaveras_Transit__mdb_mdb-93_routes.geojson,success,6,
routes,California__Caltrain__mdb_mdb-54,C:\Users\wilsonschutterj\Downloads\GTFS_US\agency_enriched_geojson\routes\California__Caltrain__mdb_mdb-54_routes.geojson,C:\Users\wilsonschutterj\Downloads\GTFS_US\agency_enriched_geojson\routes_with_metadata\California__Caltrain__mdb_mdb-54_routes.geojson,success,18,
routes,California__Camarillo_Area_Transit__mdb_mdb-2234,C:\Users\wilsonschutterj\Downloads\GTFS_US\agency_enriched_geojson\routes\California__Camarillo_Area_Transit__mdb_mdb-2234_routes.geojson,C:\Users\wilsonschutterj\Downloads\GTFS_US\agency_enriched_geojson\routes_with_metadata\California__Camarillo_Area_Transit__mdb_mdb-2234_routes.geojson,success,9,
routes,California__Capitol_Corridor_Joint_Powers_Authority_(Capitol_Corridor)__mdb_mdb-74,C:\Users\wilsonschutterj\Downloads\GTFS_US\agency_enriched_geojson\routes\California__Capitol_Corridor_Joint_Powers_Authority_(Capitol_Corridor)__mdb_mdb-74_routes.geojson,C:\Users\wilsonschutterj\Downloads\GTFS_US\agency_enriched_geojson\routes_with_metadata\California__Capitol_Corridor_Joint_Powers_Authority_(Capitol_Corridor)__mdb_mdb-74_routes.geojson,success,15,
routes,California__Catalina_Express__mdb_mdb-299,C:\Users\wilsonschutterj\Downloads\GTFS_US\agency_enriched_geojson\routes\California__Catalina_Express__mdb_mdb-299_routes.geojson,C:\Users\wilsonschutterj\Downloads\GTFS_US\agency_enriched_geojson\routes_with_metadata\California__Catalina_Express__mdb_mdb-299_routes.geojson,success,6,
routes,California__Cerritos_On_Wheels__mdb_tld-4667,C:\Users\wilsonschutterj\Downloads\GTFS_US\agency_enriched_geojson\routes\California__Cerritos_On_Wheels__mdb_tld-4667_routes.geojson,C:\Users\wilsonschutterj\Downloads\GTFS_US\agency_enriched_geojson\routes_with_metadata\California__Cerritos_On_Wheels__mdb_tld-4667_routes.geojson,success,6,
routes,California__City_of_Banning_Transit__mdb_mdb-220,C:\Users\wilsonschutterj\Downloads\GTFS_US\agency_enriched_geojson\routes\California__City_of_Banning_Transit__mdb_mdb-220_routes.geojson,C:\Users\wilsonschutterj\Downloads\GTFS_US\agency_enriched_geojson\routes_with_metadata\California__City_of_Banning_Transit__mdb_mdb-220_routes.geojson,success,11,
routes,California__City_of_Camarillo__mdb_ntd-90163,C:\Users\wilsonschutterj\Downloads\GTFS_US\agency_enriched_geojson\routes\California__City_of_Camarillo__mdb_ntd-90163_routes.geojson,C:\Users\wilsonschutterj\Downloads\GTFS_US\agency_enriched_geojson\routes_with_metadata\California__City_of_Camarillo__mdb_ntd-90163_routes.geojson,success,137,
routes,California__City_of_Irvine__mdb_tld-6724,C:\Users\wilsonschutterj\Downloads\GTFS_US\agency_enriched_geojson\routes\California__City_of_Irvine__mdb_tld-6724_routes.geojson,C:\Users\wilsonschutterj\Downloads\GTFS_US\agency_enriched_geojson\routes_with_metadata\California__City_of_Irvine__mdb_tld-6724_routes.geojson,success,2,
routes,California__City_of_San_Luis_Obispo_Transit__mdb_mdb-44,C:\Users\wilsonschutterj\Downloads\GTFS_US\agency_enriched_geojson\routes\California__City_of_San_Luis_Obispo_Transit__mdb_mdb-44_routes.geojson,C:\Users\wilsonschutterj\Downloads\GTFS_US\agency_enriched_geojson\routes_with_metadata\California__City_of_San_Luis_Obispo_Transit__mdb_mdb-44_routes.geojson,success,13,
routes,California__City_of_Santa_Clarita_Transit__mdb_tld-1256,C:\Users\wilsonschutterj\Downloads\GTFS_US\agency_enriched_geojson\routes\California__City_of_Santa_Clarita_Transit__mdb_tld-1256_routes.geojson,C:\Users\wilsonschutterj\Downloads\GTFS_US\agency_enriched_geojson\routes_with_metadata\California__City_of_Santa_Clarita_Transit__mdb_tld-1256_routes.geojson,success,108,
routes,California__City_of_Tracy_(TRACER)__mdb_mdb-3099,C:\Users\wilsonschutterj\Downloads\GTFS_US\agency_enriched_geojson\routes\California__City_of_Tracy_(TRACER)__mdb_mdb-3099_routes.geojson,C:\Users\wilsonschutterj\Downloads\GTFS_US\agency_enriched_geojson\routes_with_metadata\California__City_of_Tracy_(TRACER)__mdb_mdb-3099_routes.geojson,success,21,
routes,California__Clovis_Transit__mdb_mdb-2894,C:\Users\wilsonschutterj\Downloads\GTFS_US\agency_enriched_geojson\routes\California__Clovis_Transit__mdb_mdb-2894_routes.geojson,C:\Users\wilsonschutterj\Downloads\GTFS_US\agency_enriched_geojson\routes_with_metadata\California__Clovis_Transit__mdb_mdb-2894_routes.geojson,success,8,
routes,California__Commerce_Municipal_Bus_Lines__mdb_mdb-994,C:\Users\wilsonschutterj\Downloads\GTFS_US\agency_enriched_geojson\routes\California__Commerce_Municipal_Bus_Lines__mdb_mdb-994_routes.geojson,C:\Users\wilsonschutterj\Downloads\GTFS_US\agency_enriched_geojson\routes_with_metadata\California__Commerce_Municipal_Bus_Lines__mdb_mdb-994_routes.geojson,success,7,
routes,California__Commute.org_San_Mateo_County_Shuttles__mdb_mdb-61,C:\Users\wilsonschutterj\Downloads\GTFS_US\agency_enriched_geojson\routes\California__Commute.org_San_Mateo_County_Shuttles__mdb_mdb-61_routes.geojson,C:\Users\wilsonschutterj\Downloads\GTFS_US\agency_enriched_geojson\routes_with_metadata\California__Commute.org_San_Mateo_County_Shuttles__mdb_mdb-61_routes.geojson,success,68,
routes,California__Corona_Cruiser__mdb_mdb-104,C:\Users\wilsonschutterj\Downloads\GTFS_US\agency_enriched_geojson\routes\California__Corona_Cruiser__mdb_mdb-104_routes.geojson,C:\Users\wilsonschutterj\Downloads\GTFS_US\agency_enriched_geojson\routes_with_metadata\California__Corona_Cruiser__mdb_mdb-104_routes.geojson,success,10,
routes,California__County_Connection_(CCCTA)__mdb_mdb-2421,C:\Users\wilsonschutterj\Downloads\GTFS_US\agency_enriched_geojson\routes\California__County_Connection_(CCCTA)__mdb_mdb-2421_routes.geojson,C:\Users\wilsonschutterj\Downloads\GTFS_US\agency_enriched_geojson\routes_with_metadata\California__County_Connection_(CCCTA)__mdb_mdb-2421_routes.geojson,success,106,
routes,California__Dana_Point_Trolley__mdb_mdb-2361,C:\Users\wilsonschutterj\Downloads\GTFS_US\agency_enriched_geojson\routes\California__Dana_Point_Trolley__mdb_mdb-2361_routes.geojson,C:\Users\wilsonschutterj\Downloads\GTFS_US\agency_enriched_geojson\routes_with_metadata\California__Dana_Point_Trolley__mdb_mdb-2361_routes.geojson,success,4,
routes,California__Delano_Area_Rapid_Transit__mdb_mdb-320,C:\Users\wilsonschutterj\Downloads\GTFS_US\agency_enriched_geojson\routes\California__Delano_Area_Rapid_Transit__mdb_mdb-320_routes.geojson,C:\Users\wilsonschutterj\Downloads\GTFS_US\agency_enriched_geojson\routes_with_metadata\California__Delano_Area_Rapid_Transit__mdb_mdb-320_routes.geojson,success,4,
routes,California__Devils_Postpile_National_Monument__mdb_mdb-3206,C:\Users\wilsonschutterj\Downloads\GTFS_US\agency_enriched_geojson\routes\California__Devils_Postpile_National_Monument__mdb_mdb-3206_routes.geojson,C:\Users\wilsonschutterj\Downloads\GTFS_US\agency_enriched_geojson\routes_with_metadata\California__Devils_Postpile_National_Monument__mdb_mdb-3206_routes.geojson,success,40,
routes,California__Eastern_Sierra_Transit__mdb_mdb-25,C:\Users\wilsonschutterj\Downloads\GTFS_US\agency_enriched_geojson\routes\California__Eastern_Sierra_Transit__mdb_mdb-25_routes.geojson,C:\Users\wilsonschutterj\Downloads\GTFS_US\agency_enriched_geojson\routes_with_metadata\California__Eastern_Sierra_Transit__mdb_mdb-25_routes.geojson,success,40,
routes,California__El_Dorado_Transit__mdb_mdb-75,C:\Users\wilsonschutterj\Downloads\GTFS_US\agency_enriched_geojson\routes\California__El_Dorado_Transit__mdb_mdb-75_routes.geojson,C:\Users\wilsonschutterj\Downloads\GTFS_US\agency_enriched_geojson\routes_with_metadata\California__El_Dorado_Transit__mdb_mdb-75_routes.geojson,success,28,
routes,California__Emery_Go-Round__mdb_mdb-2224,C:\Users\wilsonschutterj\Downloads\GTFS_US\agency_enriched_geojson\routes\California__Emery_Go-Round__mdb_mdb-2224_routes.geojson,C:\Users\wilsonschutterj\Downloads\GTFS_US\agency_enriched_geojson\routes_with_metadata\California__Emery_Go-Round__mdb_mdb-2224_routes.geojson,success,13,
routes,California__eTrans__mdb_mdb-65,C:\Users\wilsonschutterj\Downloads\GTFS_US\agency_enriched_geojson\routes\California__eTrans__mdb_mdb-65_routes.geojson,C:\Users\wilsonschutterj\Downloads\GTFS_US\agency_enriched_geojson\routes_with_metadata\California__eTrans__mdb_mdb-65_routes.geojson,success,2,
routes,California__Foothill_Transit__mdb_mdb-101,C:\Users\wilsonschutterj\Downloads\GTFS_US\agency_enriched_geojson\routes\California__Foothill_Transit__mdb_mdb-101_routes.geojson,C:\Users\wilsonschutterj\Downloads\GTFS_US\agency_enriched_geojson\routes_with_metadata\California__Foothill_Transit__mdb_mdb-101_routes.geojson,success,114,
routes,California__Fresno_Area_Express_(FAX)__mdb_mdb-90,C:\Users\wilsonschutterj\Downloads\GTFS_US\agency_enriched_geojson\routes\California__Fresno_Area_Express_(FAX)__mdb_mdb-90_routes.geojson,C:\Users\wilsonschutterj\Downloads\GTFS_US\agency_enriched_geojson\routes_with_metadata\California__Fresno_Area_Express_(FAX)__mdb_mdb-90_routes.geojson,success,76,
routes,California__Fresno_County_Rural_Transit_Agency_(FCRTA)__mdb_mdb-85,C:\Users\wilsonschutterj\Downloads\GTFS_US\agency_enriched_geojson\routes\California__Fresno_County_Rural_Transit_Agency_(FCRTA)__mdb_mdb-85_routes.geojson,C:\Users\wilsonschutterj\Downloads\GTFS_US\agency_enriched_geojson\routes_with_metadata\California__Fresno_County_Rural_Transit_Agency_(FCRTA)__mdb_mdb-85_routes.geojson,success,15,
routes,California__Glenn_Transit_Service__mdb_mdb-3094,C:\Users\wilsonschutterj\Downloads\GTFS_US\agency_enriched_geojson\routes\California__Glenn_Transit_Service__mdb_mdb-3094_routes.geojson,C:\Users\wilsonschutterj\Downloads\GTFS_US\agency_enriched_geojson\routes_with_metadata\California__Glenn_Transit_Service__mdb_mdb-3094_routes.geojson,success,7,
routes,California__Golden_Empire_Transit_District_(GET)__mdb_mdb-46,C:\Users\wilsonschutterj\Downloads\GTFS_US\agency_enriched_geojson\routes\California__Golden_Empire_Transit_District_(GET)__mdb_mdb-46_routes.geojson,C:\Users\wilsonschutterj\Downloads\GTFS_US\agency_enriched_geojson\routes_with_metadata\California__Golden_Empire_Transit_District_(GET)__mdb_mdb-46_routes.geojson,success,59,
routes,California__Golden_Gate_National_Recreation_Area_(Alcatraz_Island)__mdb_mdb-3208,C:\Users\wilsonschutterj\Downloads\GTFS_US\agency_enriched_geojson\routes\California__Golden_Gate_National_Recreation_Area_(Alcatraz_Island)__mdb_mdb-3208_routes.geojson,C:\Users\wilsonschutterj\Downloads\GTFS_US\agency_enriched_geojson\routes_with_metadata\California__Golden_Gate_National_Recreation_Area_(Alcatraz_Island)__mdb_mdb-3208_routes.geojson,success,4,
routes,California__Golden_Gate_Transit__mdb_mdb-67,C:\Users\wilsonschutterj\Downloads\GTFS_US\agency_enriched_geojson\routes\California__Golden_Gate_Transit__mdb_mdb-67_routes.geojson,C:\Users\wilsonschutterj\Downloads\GTFS_US\agency_enriched_geojson\routes_with_metadata\California__Golden_Gate_Transit__mdb_mdb-67_routes.geojson,success,41,
routes,California__GrapeLine__mdb_mdb-83,C:\Users\wilsonschutterj\Downloads\GTFS_US\agency_enriched_geojson\routes\California__GrapeLine__mdb_mdb-83_routes.geojson,C:\Users\wilsonschutterj\Downloads\GTFS_US\agency_enriched_geojson\routes_with_metadata\California__GrapeLine__mdb_mdb-83_routes.geojson,success,15,
routes,California__GTrans__mdb_mdb-2270,C:\Users\wilsonschutterj\Downloads\GTFS_US\agency_enriched_geojson\routes\California__GTrans__mdb_mdb-2270_routes.geojson,C:\Users\wilsonschutterj\Downloads\GTFS_US\agency_enriched_geojson\routes_with_metadata\California__GTrans__mdb_mdb-2270_routes.geojson,success,44,
routes,California__Humboldt_Transit_Authority__mdb_mdb-3032,C:\Users\wilsonschutterj\Downloads\GTFS_US\agency_enriched_geojson\routes\California__Humboldt_Transit_Authority__mdb_mdb-3032_routes.geojson,C:\Users\wilsonschutterj\Downloads\GTFS_US\agency_enriched_geojson\routes_with_metadata\California__Humboldt_Transit_Authority__mdb_mdb-3032_routes.geojson,success,73,
routes,California__Kern_Transit__mdb_mdb-47,C:\Users\wilsonschutterj\Downloads\GTFS_US\agency_enriched_geojson\routes\California__Kern_Transit__mdb_mdb-47_routes.geojson,C:\Users\wilsonschutterj\Downloads\GTFS_US\agency_enriched_geojson\routes_with_metadata\California__Kern_Transit__mdb_mdb-47_routes.geojson,success,51,
routes,California__Kings_Area_Rural_Transit__mdb_mdb-2204,C:\Users\wilsonschutterj\Downloads\GTFS_US\agency_enriched_geojson\routes\California__Kings_Area_Rural_Transit__mdb_mdb-2204_routes.geojson,C:\Users\wilsonschutterj\Downloads\GTFS_US\agency_enriched_geojson\routes_with_metadata\California__Kings_Area_Rural_Transit__mdb_mdb-2204_routes.geojson,success,31,
routes,California__Laguna_Beach_Transit_(LBT)__mdb_mdb-16,C:\Users\wilsonschutterj\Downloads\GTFS_US\agency_enriched_geojson\routes\California__Laguna_Beach_Transit_(LBT)__mdb_mdb-16_routes.geojson,C:\Users\wilsonschutterj\Downloads\GTFS_US\agency_enriched_geojson\routes_with_metadata\California__Laguna_Beach_Transit_(LBT)__mdb_mdb-16_routes.geojson,success,16,
routes,California__Lake_Transit_Authority_(LTA)__mdb_mdb-68,C:\Users\wilsonschutterj\Downloads\GTFS_US\agency_enriched_geojson\routes\California__Lake_Transit_Authority_(LTA)__mdb_mdb-68_routes.geojson,C:\Users\wilsonschutterj\Downloads\GTFS_US\agency_enriched_geojson\routes_with_metadata\California__Lake_Transit_Authority_(LTA)__mdb_mdb-68_routes.geojson,success,27,
routes,California__Lassen_Rural_Bus_(LRB)__mdb_mdb-118,C:\Users\wilsonschutterj\Downloads\GTFS_US\agency_enriched_geojson\routes\California__Lassen_Rural_Bus_(LRB)__mdb_mdb-118_routes.geojson,C:\Users\wilsonschutterj\Downloads\GTFS_US\agency_enriched_geojson\routes_with_metadata\California__Lassen_Rural_Bus_(LRB)__mdb_mdb-118_routes.geojson,success,16,
routes,California__Lawndale_Beat__mdb_mdb-36,C:\Users\wilsonschutterj\Downloads\GTFS_US\agency_enriched_geojson\routes\California__Lawndale_Beat__mdb_mdb-36_routes.geojson,C:\Users\wilsonschutterj\Downloads\GTFS_US\agency_enriched_geojson\routes_with_metadata\California__Lawndale_Beat__mdb_mdb-36_routes.geojson,success,4,
routes,California__Long_Beach_Transit_(LBT)__mdb_mdb-1198,C:\Users\wilsonschutterj\Downloads\GTFS_US\agency_enriched_geojson\routes\California__Long_Beach_Transit_(LBT)__mdb_mdb-1198_routes.geojson,C:\Users\wilsonschutterj\Downloads\GTFS_US\agency_enriched_geojson\routes_with_metadata\California__Long_Beach_Transit_(LBT)__mdb_mdb-1198_routes.geojson,success,137,
routes,California__Los_Angeles_County_Department_of_Public_Works_(the_LINK_and_shuttles)__mdb_mdb-28,C:\Users\wilsonschutterj\Downloads\GTFS_US\agency_enriched_geojson\routes\California__Los_Angeles_County_Department_of_Public_Works_(the_LINK_and_shuttles)__mdb_mdb-28_routes.geojson,C:\Users\wilsonschutterj\Downloads\GTFS_US\agency_enriched_geojson\routes_with_metadata\California__Los_Angeles_County_Department_of_Public_Works_(the_LINK_and_shuttles)__mdb_mdb-28_routes.geojson,success,34,
routes,California__Los_Angeles_County_Metropolitan_Transportation_Authority_(LA_Metro)__mdb_mdb-29,C:\Users\wilsonschutterj\Downloads\GTFS_US\agency_enriched_geojson\routes\California__Los_Angeles_County_Metropolitan_Transportation_Authority_(LA_Metro)__mdb_mdb-29_routes.geojson,C:\Users\wilsonschutterj\Downloads\GTFS_US\agency_enriched_geojson\routes_with_metadata\California__Los_Angeles_County_Metropolitan_Transportation_Authority_(LA_Metro)__mdb_mdb-29_routes.geojson,success,694,
routes,California__Los_Angeles_County_Metropolitan_Transportation_Authority_(LA_Metro)__mdb_mdb-30,C:\Users\wilsonschutterj\Downloads\GTFS_US\agency_enriched_geojson\routes\California__Los_Angeles_County_Metropolitan_Transportation_Authority_(LA_Metro)__mdb_mdb-30_routes.geojson,C:\Users\wilsonschutterj\Downloads\GTFS_US\agency_enriched_geojson\routes_with_metadata\California__Los_Angeles_County_Metropolitan_Transportation_Authority_(LA_Metro)__mdb_mdb-30_routes.geojson,success,18,
routes,California__Los_Angeles_County_Shuttles__mdb_tld-1253,C:\Users\wilsonschutterj\Downloads\GTFS_US\agency_enriched_geojson\routes\California__Los_Angeles_County_Shuttles__mdb_tld-1253_routes.geojson,C:\Users\wilsonschutterj\Downloads\GTFS_US\agency_enriched_geojson\routes_with_metadata\California__Los_Angeles_County_Shuttles__mdb_tld-1253_routes.geojson,success,44,
routes,"California__Los_Angeles_Department_of_Transportation_(LADOT,_DASH,_Commuter_Express)__mdb_mdb-1210","C:\Users\wilsonschutterj\Downloads\GTFS_US\agency_enriched_geojson\routes\California__Los_Angeles_Department_of_Transportation_(LADOT,_DASH,_Commuter_Express)__mdb_mdb-1210_routes.geojson","C:\Users\wilsonschutterj\Downloads\GTFS_US\agency_enriched_geojson\routes_with_metadata\California__Los_Angeles_Department_of_Transportation_(LADOT,_DASH,_Commuter_Express)__mdb_mdb-1210_routes.geojson",success,114,
routes,California__Madera_County_Transit__mdb_mdb-572,C:\Users\wilsonschutterj\Downloads\GTFS_US\agency_enriched_geojson\routes\California__Madera_County_Transit__mdb_mdb-572_routes.geojson,C:\Users\wilsonschutterj\Downloads\GTFS_US\agency_enriched_geojson\routes_with_metadata\California__Madera_County_Transit__mdb_mdb-572_routes.geojson,success,11,
routes,California__Marin_Transit__mdb_mdb-2937,C:\Users\wilsonschutterj\Downloads\GTFS_US\agency_enriched_geojson\routes\California__Marin_Transit__mdb_mdb-2937_routes.geojson,C:\Users\wilsonschutterj\Downloads\GTFS_US\agency_enriched_geojson\routes_with_metadata\California__Marin_Transit__mdb_mdb-2937_routes.geojson,success,61,
routes,California__Mendocino_Transit_Authority__mdb_mdb-69,C:\Users\wilsonschutterj\Downloads\GTFS_US\agency_enriched_geojson\routes\California__Mendocino_Transit_Authority__mdb_mdb-69_routes.geojson,C:\Users\wilsonschutterj\Downloads\GTFS_US\agency_enriched_geojson\routes_with_metadata\California__Mendocino_Transit_Authority__mdb_mdb-69_routes.geojson,success,55,
routes,California__Merced_County_Transit_(The_Bus)__mdb_mdb-3117,C:\Users\wilsonschutterj\Downloads\GTFS_US\agency_enriched_geojson\routes\California__Merced_County_Transit_(The_Bus)__mdb_mdb-3117_routes.geojson,C:\Users\wilsonschutterj\Downloads\GTFS_US\agency_enriched_geojson\routes_with_metadata\California__Merced_County_Transit_(The_Bus)__mdb_mdb-3117_routes.geojson,success,45,
routes,California__Mission_Bay_Transportation_Management_Association_(TMA)__mdb_mdb-51,C:\Users\wilsonschutterj\Downloads\GTFS_US\agency_enriched_geojson\routes\California__Mission_Bay_Transportation_Management_Association_(TMA)__mdb_mdb-51_routes.geojson,C:\Users\wilsonschutterj\Downloads\GTFS_US\agency_enriched_geojson\routes_with_metadata\California__Mission_Bay_Transportation_Management_Association_(TMA)__mdb_mdb-51_routes.geojson,success,10,
routes,California__Mission_Viejo__mdb_tld-7930,C:\Users\wilsonschutterj\Downloads\GTFS_US\agency_enriched_geojson\routes\California__Mission_Viejo__mdb_tld-7930_routes.geojson,C:\Users\wilsonschutterj\Downloads\GTFS_US\agency_enriched_geojson\routes_with_metadata\California__Mission_Viejo__mdb_tld-7930_routes.geojson,success,1,
routes,California__Montebello_Bus_Lines__mdb_mdb-2201,C:\Users\wilsonschutterj\Downloads\GTFS_US\agency_enriched_geojson\routes\California__Montebello_Bus_Lines__mdb_mdb-2201_routes.geojson,C:\Users\wilsonschutterj\Downloads\GTFS_US\agency_enriched_geojson\routes_with_metadata\California__Montebello_Bus_Lines__mdb_mdb-2201_routes.geojson,success,56,
routes,California__Monterey-Salinas_Transit_(MST)__mdb_mdb-56,C:\Users\wilsonschutterj\Downloads\GTFS_US\agency_enriched_geojson\routes\California__Monterey-Salinas_Transit_(MST)__mdb_mdb-56_routes.geojson,C:\Users\wilsonschutterj\Downloads\GTFS_US\agency_enriched_geojson\routes_with_metadata\California__Monterey-Salinas_Transit_(MST)__mdb_mdb-56_routes.geojson,success,82,
routes,California__Moorpark_City_Transit__mdb_mdb-578,C:\Users\wilsonschutterj\Downloads\GTFS_US\agency_enriched_geojson\routes\California__Moorpark_City_Transit__mdb_mdb-578_routes.geojson,C:\Users\wilsonschutterj\Downloads\GTFS_US\agency_enriched_geojson\routes_with_metadata\California__Moorpark_City_Transit__mdb_mdb-578_routes.geojson,success,6,
routes,California__Morongo_Basin_Transit_Authority__mdb_mdb-579,C:\Users\wilsonschutterj\Downloads\GTFS_US\agency_enriched_geojson\routes\California__Morongo_Basin_Transit_Authority__mdb_mdb-579_routes.geojson,C:\Users\wilsonschutterj\Downloads\GTFS_US\agency_enriched_geojson\routes_with_metadata\California__Morongo_Basin_Transit_Authority__mdb_mdb-579_routes.geojson,success,27,
routes,California__Mountain_Transit__mdb_mdb-107,C:\Users\wilsonschutterj\Downloads\GTFS_US\agency_enriched_geojson\routes\California__Mountain_Transit__mdb_mdb-107_routes.geojson,C:\Users\wilsonschutterj\Downloads\GTFS_US\agency_enriched_geojson\routes_with_metadata\California__Mountain_Transit__mdb_mdb-107_routes.geojson,success,32,
routes,California__Mountain_View_Community_Shuttle__mdb_mdb-2883,C:\Users\wilsonschutterj\Downloads\GTFS_US\agency_enriched_geojson\routes\California__Mountain_View_Community_Shuttle__mdb_mdb-2883_routes.geojson,C:\Users\wilsonschutterj\Downloads\GTFS_US\agency_enriched_geojson\routes_with_metadata\California__Mountain_View_Community_Shuttle__mdb_mdb-2883_routes.geojson,success,4,
routes,California__Mountain_View_Transportation_Management_Association_(MVgo)__mdb_mdb-2880,C:\Users\wilsonschutterj\Downloads\GTFS_US\agency_enriched_geojson\routes\California__Mountain_View_Transportation_Management_Association_(MVgo)__mdb_mdb-2880_routes.geojson,C:\Users\wilsonschutterj\Downloads\GTFS_US\agency_enriched_geojson\routes_with_metadata\California__Mountain_View_Transportation_Management_Association_(MVgo)__mdb_mdb-2880_routes.geojson,success,16,
routes,California__Needles_Area_Transit__mdb_mdb-583,C:\Users\wilsonschutterj\Downloads\GTFS_US\agency_enriched_geojson\routes\California__Needles_Area_Transit__mdb_mdb-583_routes.geojson,C:\Users\wilsonschutterj\Downloads\GTFS_US\agency_enriched_geojson\routes_with_metadata\California__Needles_Area_Transit__mdb_mdb-583_routes.geojson,success,1,
routes,California__North_Lake_Tahoe_Express__mdb_mdb-2328,C:\Users\wilsonschutterj\Downloads\GTFS_US\agency_enriched_geojson\routes\California__North_Lake_Tahoe_Express__mdb_mdb-2328_routes.geojson,C:\Users\wilsonschutterj\Downloads\GTFS_US\agency_enriched_geojson\routes_with_metadata\California__North_Lake_Tahoe_Express__mdb_mdb-2328_routes.geojson,success,6,
routes,California__Norwalk_Transit_System__mdb_tld-881,C:\Users\wilsonschutterj\Downloads\GTFS_US\agency_enriched_geojson\routes\California__Norwalk_Transit_System__mdb_tld-881_routes.geojson,C:\Users\wilsonschutterj\Downloads\GTFS_US\agency_enriched_geojson\routes_with_metadata\California__Norwalk_Transit_System__mdb_tld-881_routes.geojson,success,29,
routes,California__OmniTrans__mdb_mdb-97,C:\Users\wilsonschutterj\Downloads\GTFS_US\agency_enriched_geojson\routes\California__OmniTrans__mdb_mdb-97_routes.geojson,C:\Users\wilsonschutterj\Downloads\GTFS_US\agency_enriched_geojson\routes_with_metadata\California__OmniTrans__mdb_mdb-97_routes.geojson,success,102,
routes,California__Orange_County_Transportation_Authority_(OCTA)__mdb_mdb-15,C:\Users\wilsonschutterj\Downloads\GTFS_US\agency_enriched_geojson\routes\California__Orange_County_Transportation_Authority_(OCTA)__mdb_mdb-15_routes.geojson,C:\Users\wilsonschutterj\Downloads\GTFS_US\agency_enriched_geojson\routes_with_metadata\California__Orange_County_Transportation_Authority_(OCTA)__mdb_mdb-15_routes.geojson,success,157,
routes,California__Palo_Verde_Valley_Transit_Agency__mdb_mdb-2190,C:\Users\wilsonschutterj\Downloads\GTFS_US\agency_enriched_geojson\routes\California__Palo_Verde_Valley_Transit_Agency__mdb_mdb-2190_routes.geojson,C:\Users\wilsonschutterj\Downloads\GTFS_US\agency_enriched_geojson\routes_with_metadata\California__Palo_Verde_Valley_Transit_Agency__mdb_mdb-2190_routes.geojson,success,17,
routes,California__Palos_Verdes_Peninsula_Transit_Authority_(PVPTA)__mdb_mdb-35,C:\Users\wilsonschutterj\Downloads\GTFS_US\agency_enriched_geojson\routes\California__Palos_Verdes_Peninsula_Transit_Authority_(PVPTA)__mdb_mdb-35_routes.geojson,C:\Users\wilsonschutterj\Downloads\GTFS_US\agency_enriched_geojson\routes_with_metadata\California__Palos_Verdes_Peninsula_Transit_Authority_(PVPTA)__mdb_mdb-35_routes.geojson,success,82,
routes,California__Pasadena_Transit__mdb_mdb-41,C:\Users\wilsonschutterj\Downloads\GTFS_US\agency_enriched_geojson\routes\California__Pasadena_Transit__mdb_mdb-41_routes.geojson,C:\Users\wilsonschutterj\Downloads\GTFS_US\agency_enriched_geojson\routes_with_metadata\California__Pasadena_Transit__mdb_mdb-41_routes.geojson,success,33,
routes,California__Petaluma_Transit__mdb_mdb-2947,C:\Users\wilsonschutterj\Downloads\GTFS_US\agency_enriched_geojson\routes\California__Petaluma_Transit__mdb_mdb-2947_routes.geojson,C:\Users\wilsonschutterj\Downloads\GTFS_US\agency_enriched_geojson\routes_with_metadata\California__Petaluma_Transit__mdb_mdb-2947_routes.geojson,success,20,
routes,California__Placer_County_Transit__mdb_mdb-77,C:\Users\wilsonschutterj\Downloads\GTFS_US\agency_enriched_geojson\routes\California__Placer_County_Transit__mdb_mdb-77_routes.geojson,C:\Users\wilsonschutterj\Downloads\GTFS_US\agency_enriched_geojson\routes_with_metadata\California__Placer_County_Transit__mdb_mdb-77_routes.geojson,success,22,
routes,California__Plumas_Transit__mdb_mdb-119,C:\Users\wilsonschutterj\Downloads\GTFS_US\agency_enriched_geojson\routes\California__Plumas_Transit__mdb_mdb-119_routes.geojson,C:\Users\wilsonschutterj\Downloads\GTFS_US\agency_enriched_geojson\routes_with_metadata\California__Plumas_Transit__mdb_mdb-119_routes.geojson,success,26,
routes,California__Redding_Area_Bus_Authority__mdb_mdb-3031,C:\Users\wilsonschutterj\Downloads\GTFS_US\agency_enriched_geojson\routes\California__Redding_Area_Bus_Authority__mdb_mdb-3031_routes.geojson,C:\Users\wilsonschutterj\Downloads\GTFS_US\agency_enriched_geojson\routes_with_metadata\California__Redding_Area_Bus_Authority__mdb_mdb-3031_routes.geojson,success,22,
routes,California__Riverside_Transit_Agency__mdb_mdb-98,C:\Users\wilsonschutterj\Downloads\GTFS_US\agency_enriched_geojson\routes\California__Riverside_Transit_Agency__mdb_mdb-98_routes.geojson,C:\Users\wilsonschutterj\Downloads\GTFS_US\agency_enriched_geojson\routes_with_metadata\California__Riverside_Transit_Agency__mdb_mdb-98_routes.geojson,success,115,
routes,California__Rosemead_Explorer__mdb_mdb-3098,C:\Users\wilsonschutterj\Downloads\GTFS_US\agency_enriched_geojson\routes\California__Rosemead_Explorer__mdb_mdb-3098_routes.geojson,C:\Users\wilsonschutterj\Downloads\GTFS_US\agency_enriched_geojson\routes_with_metadata\California__Rosemead_Explorer__mdb_mdb-3098_routes.geojson,success,2,
routes,California__Roseville_Transit__mdb_mdb-1067,C:\Users\wilsonschutterj\Downloads\GTFS_US\agency_enriched_geojson\routes\California__Roseville_Transit__mdb_mdb-1067_routes.geojson,C:\Users\wilsonschutterj\Downloads\GTFS_US\agency_enriched_geojson\routes_with_metadata\California__Roseville_Transit__mdb_mdb-1067_routes.geojson,success,43,
routes,California__SamTrans__mdb_mdb-2708,C:\Users\wilsonschutterj\Downloads\GTFS_US\agency_enriched_geojson\routes\California__SamTrans__mdb_mdb-2708_routes.geojson,C:\Users\wilsonschutterj\Downloads\GTFS_US\agency_enriched_geojson\routes_with_metadata\California__SamTrans__mdb_mdb-2708_routes.geojson,success,724,
routes,California__San_Benito_County_Express_(SBCE)__mdb_mdb-58,C:\Users\wilsonschutterj\Downloads\GTFS_US\agency_enriched_geojson\routes\California__San_Benito_County_Express_(SBCE)__mdb_mdb-58_routes.geojson,C:\Users\wilsonschutterj\Downloads\GTFS_US\agency_enriched_geojson\routes_with_metadata\California__San_Benito_County_Express_(SBCE)__mdb_mdb-58_routes.geojson,success,10,
routes,California__San_Clemente_Trolley__mdb_mdb-2362,C:\Users\wilsonschutterj\Downloads\GTFS_US\agency_enriched_geojson\routes\California__San_Clemente_Trolley__mdb_mdb-2362_routes.geojson,C:\Users\wilsonschutterj\Downloads\GTFS_US\agency_enriched_geojson\routes_with_metadata\California__San_Clemente_Trolley__mdb_mdb-2362_routes.geojson,success,3,
routes,"California__San_Diego_International_Airport,_Metropolitan_Transit_System_(MTS)__mdb_mdb-13","C:\Users\wilsonschutterj\Downloads\GTFS_US\agency_enriched_geojson\routes\California__San_Diego_International_Airport,_Metropolitan_Transit_System_(MTS)__mdb_mdb-13_routes.geojson","C:\Users\wilsonschutterj\Downloads\GTFS_US\agency_enriched_geojson\routes_with_metadata\California__San_Diego_International_Airport,_Metropolitan_Transit_System_(MTS)__mdb_mdb-13_routes.geojson",success,682,
routes,California__San_Francisco_Bay_Area_Water_Emergency_Transportation_Authority_(WETA)__mdb_mdb-3143,C:\Users\wilsonschutterj\Downloads\GTFS_US\agency_enriched_geojson\routes\California__San_Francisco_Bay_Area_Water_Emergency_Transportation_Authority_(WETA)__mdb_mdb-3143_routes.geojson,C:\Users\wilsonschutterj\Downloads\GTFS_US\agency_enriched_geojson\routes_with_metadata\California__San_Francisco_Bay_Area_Water_Emergency_Transportation_Authority_(WETA)__mdb_mdb-3143_routes.geojson,success,42,
routes,California__San_Joaquin_Regional_Transit_District_(RTD)__mdb_mdb-886,C:\Users\wilsonschutterj\Downloads\GTFS_US\agency_enriched_geojson\routes\California__San_Joaquin_Regional_Transit_District_(RTD)__mdb_mdb-886_routes.geojson,C:\Users\wilsonschutterj\Downloads\GTFS_US\agency_enriched_geojson\routes_with_metadata\California__San_Joaquin_Regional_Transit_District_(RTD)__mdb_mdb-886_routes.geojson,success,110,
routes,California__San_Juan_Capistrano_Free_Weekend_Trolley__mdb_mdb-2235,C:\Users\wilsonschutterj\Downloads\GTFS_US\agency_enriched_geojson\routes\California__San_Juan_Capistrano_Free_Weekend_Trolley__mdb_mdb-2235_routes.geojson,C:\Users\wilsonschutterj\Downloads\GTFS_US\agency_enriched_geojson\routes_with_metadata\California__San_Juan_Capistrano_Free_Weekend_Trolley__mdb_mdb-2235_routes.geojson,success,1,
routes,California__San_Luis_Obispo_Regional_Transit_Authority_(SLORTA)__mdb_mdb-43,C:\Users\wilsonschutterj\Downloads\GTFS_US\agency_enriched_geojson\routes\California__San_Luis_Obispo_Regional_Transit_Authority_(SLORTA)__mdb_mdb-43_routes.geojson,C:\Users\wilsonschutterj\Downloads\GTFS_US\agency_enriched_geojson\routes_with_metadata\California__San_Luis_Obispo_Regional_Transit_Authority_(SLORTA)__mdb_mdb-43_routes.geojson,success,60,
routes,California__Santa_Barbara_Metropolitan_Transit_District_(MTD)__mdb_mdb-1246,C:\Users\wilsonschutterj\Downloads\GTFS_US\agency_enriched_geojson\routes\California__Santa_Barbara_Metropolitan_Transit_District_(MTD)__mdb_mdb-1246_routes.geojson,C:\Users\wilsonschutterj\Downloads\GTFS_US\agency_enriched_geojson\routes_with_metadata\California__Santa_Barbara_Metropolitan_Transit_District_(MTD)__mdb_mdb-1246_routes.geojson,success,111,
routes,California__Santa_Clara_Valley_Transportation_Authority_(VTA)__mdb_mdb-57,C:\Users\wilsonschutterj\Downloads\GTFS_US\agency_enriched_geojson\routes\California__Santa_Clara_Valley_Transportation_Authority_(VTA)__mdb_mdb-57_routes.geojson,C:\Users\wilsonschutterj\Downloads\GTFS_US\agency_enriched_geojson\routes_with_metadata\California__Santa_Clara_Valley_Transportation_Authority_(VTA)__mdb_mdb-57_routes.geojson,success,300,
routes,California__Santa_Clarita_Transit__mdb_mdb-812,C:\Users\wilsonschutterj\Downloads\GTFS_US\agency_enriched_geojson\routes\California__Santa_Clarita_Transit__mdb_mdb-812_routes.geojson,C:\Users\wilsonschutterj\Downloads\GTFS_US\agency_enriched_geojson\routes_with_metadata\California__Santa_Clarita_Transit__mdb_mdb-812_routes.geojson,success,94,
routes,California__Santa_Cruz_Metro_(SCMTD)__mdb_mdb-2425,C:\Users\wilsonschutterj\Downloads\GTFS_US\agency_enriched_geojson\routes\California__Santa_Cruz_Metro_(SCMTD)__mdb_mdb-2425_routes.geojson,C:\Users\wilsonschutterj\Downloads\GTFS_US\agency_enriched_geojson\routes_with_metadata\California__Santa_Cruz_Metro_(SCMTD)__mdb_mdb-2425_routes.geojson,success,78,
routes,California__Santa_Maria_Area_Transit__mdb_mdb-2272,C:\Users\wilsonschutterj\Downloads\GTFS_US\agency_enriched_geojson\routes\California__Santa_Maria_Area_Transit__mdb_mdb-2272_routes.geojson,C:\Users\wilsonschutterj\Downloads\GTFS_US\agency_enriched_geojson\routes_with_metadata\California__Santa_Maria_Area_Transit__mdb_mdb-2272_routes.geojson,success,46,
routes,California__Santa_Rosa_CityBus__mdb_mdb-2948,C:\Users\wilsonschutterj\Downloads\GTFS_US\agency_enriched_geojson\routes\California__Santa_Rosa_CityBus__mdb_mdb-2948_routes.geojson,C:\Users\wilsonschutterj\Downloads\GTFS_US\agency_enriched_geojson\routes_with_metadata\California__Santa_Rosa_CityBus__mdb_mdb-2948_routes.geojson,success,35,
routes,California__Santa_Ynez_Valley_Transit__mdb_mdb-813,C:\Users\wilsonschutterj\Downloads\GTFS_US\agency_enriched_geojson\routes\California__Santa_Ynez_Valley_Transit__mdb_mdb-813_routes.geojson,C:\Users\wilsonschutterj\Downloads\GTFS_US\agency_enriched_geojson\routes_with_metadata\California__Santa_Ynez_Valley_Transit__mdb_mdb-813_routes.geojson,success,4,
routes,California__Santa_Ynez_Valley_Transit__mdb_tld-1301,C:\Users\wilsonschutterj\Downloads\GTFS_US\agency_enriched_geojson\routes\California__Santa_Ynez_Valley_Transit__mdb_tld-1301_routes.geojson,C:\Users\wilsonschutterj\Downloads\GTFS_US\agency_enriched_geojson\routes_with_metadata\California__Santa_Ynez_Valley_Transit__mdb_tld-1301_routes.geojson,success,4,
routes,California__Simi_Valley_Transit__mdb_mdb-40,C:\Users\wilsonschutterj\Downloads\GTFS_US\agency_enriched_geojson\routes\California__Simi_Valley_Transit__mdb_mdb-40_routes.geojson,C:\Users\wilsonschutterj\Downloads\GTFS_US\agency_enriched_geojson\routes_with_metadata\California__Simi_Valley_Transit__mdb_mdb-40_routes.geojson,success,12,
routes,California__Siskiyou_County__mdb_mdb-117,C:\Users\wilsonschutterj\Downloads\GTFS_US\agency_enriched_geojson\routes\California__Siskiyou_County__mdb_mdb-117_routes.geojson,C:\Users\wilsonschutterj\Downloads\GTFS_US\agency_enriched_geojson\routes_with_metadata\California__Siskiyou_County__mdb_mdb-117_routes.geojson,success,31,
routes,California__SolTrans__mdb_mdb-80,C:\Users\wilsonschutterj\Downloads\GTFS_US\agency_enriched_geojson\routes\California__SolTrans__mdb_mdb-80_routes.geojson,C:\Users\wilsonschutterj\Downloads\GTFS_US\agency_enriched_geojson\routes_with_metadata\California__SolTrans__mdb_mdb-80_routes.geojson,success,46,
routes,California__Sonoma_County_Transit_(SCT)__mdb_mdb-70,C:\Users\wilsonschutterj\Downloads\GTFS_US\agency_enriched_geojson\routes\California__Sonoma_County_Transit_(SCT)__mdb_mdb-70_routes.geojson,C:\Users\wilsonschutterj\Downloads\GTFS_US\agency_enriched_geojson\routes_with_metadata\California__Sonoma_County_Transit_(SCT)__mdb_mdb-70_routes.geojson,success,72,
routes,California__Sonoma_Marin_Area_Rail_Transit_(SMART)__mdb_mdb-3222,C:\Users\wilsonschutterj\Downloads\GTFS_US\agency_enriched_geojson\routes\California__Sonoma_Marin_Area_Rail_Transit_(SMART)__mdb_mdb-3222_routes.geojson,C:\Users\wilsonschutterj\Downloads\GTFS_US\agency_enriched_geojson\routes_with_metadata\California__Sonoma_Marin_Area_Rail_Transit_(SMART)__mdb_mdb-3222_routes.geojson,success,2,
routes,California__Spirit_Bus__mdb_mdb-2202,C:\Users\wilsonschutterj\Downloads\GTFS_US\agency_enriched_geojson\routes\California__Spirit_Bus__mdb_mdb-2202_routes.geojson,C:\Users\wilsonschutterj\Downloads\GTFS_US\agency_enriched_geojson\routes_with_metadata\California__Spirit_Bus__mdb_mdb-2202_routes.geojson,success,4,
routes,California__Stanford_Marguerite_Shuttle_(SMS)__mdb_mdb-59,C:\Users\wilsonschutterj\Downloads\GTFS_US\agency_enriched_geojson\routes\California__Stanford_Marguerite_Shuttle_(SMS)__mdb_mdb-59_routes.geojson,C:\Users\wilsonschutterj\Downloads\GTFS_US\agency_enriched_geojson\routes_with_metadata\California__Stanford_Marguerite_Shuttle_(SMS)__mdb_mdb-59_routes.geojson,success,29,
routes,California__Stanislaus_Regional_Transit_(StaRT)__mdb_mdb-2273,C:\Users\wilsonschutterj\Downloads\GTFS_US\agency_enriched_geojson\routes\California__Stanislaus_Regional_Transit_(StaRT)__mdb_mdb-2273_routes.geojson,C:\Users\wilsonschutterj\Downloads\GTFS_US\agency_enriched_geojson\routes_with_metadata\California__Stanislaus_Regional_Transit_(StaRT)__mdb_mdb-2273_routes.geojson,success,59,
routes,California__SunLine_Transit_Agency__mdb_tld-461,C:\Users\wilsonschutterj\Downloads\GTFS_US\agency_enriched_geojson\routes\California__SunLine_Transit_Agency__mdb_tld-461_routes.geojson,C:\Users\wilsonschutterj\Downloads\GTFS_US\agency_enriched_geojson\routes_with_metadata\California__SunLine_Transit_Agency__mdb_tld-461_routes.geojson,success,37,
routes,California__Taft_Area_Transit__mdb_mdb-2236,C:\Users\wilsonschutterj\Downloads\GTFS_US\agency_enriched_geojson\routes\California__Taft_Area_Transit__mdb_mdb-2236_routes.geojson,C:\Users\wilsonschutterj\Downloads\GTFS_US\agency_enriched_geojson\routes_with_metadata\California__Taft_Area_Transit__mdb_mdb-2236_routes.geojson,success,3,
routes,"California__Tahoe_Area_Regional_Transit_(TART),_North_Lake_Tahoe_Express__mdb_mdb-94","C:\Users\wilsonschutterj\Downloads\GTFS_US\agency_enriched_geojson\routes\California__Tahoe_Area_Regional_Transit_(TART),_North_Lake_Tahoe_Express__mdb_mdb-94_routes.geojson","C:\Users\wilsonschutterj\Downloads\GTFS_US\agency_enriched_geojson\routes_with_metadata\California__Tahoe_Area_Regional_Transit_(TART),_North_Lake_Tahoe_Express__mdb_mdb-94_routes.geojson",success,27,
routes,California__Tahoe_Transportation_District__mdb_mdb-897,C:\Users\wilsonschutterj\Downloads\GTFS_US\agency_enriched_geojson\routes\California__Tahoe_Transportation_District__mdb_mdb-897_routes.geojson,C:\Users\wilsonschutterj\Downloads\GTFS_US\agency_enriched_geojson\routes_with_metadata\California__Tahoe_Transportation_District__mdb_mdb-897_routes.geojson,success,13,
routes,California__Thousand_Oaks_Transit__mdb_mdb-3100,C:\Users\wilsonschutterj\Downloads\GTFS_US\agency_enriched_geojson\routes\California__Thousand_Oaks_Transit__mdb_mdb-3100_routes.geojson,C:\Users\wilsonschutterj\Downloads\GTFS_US\agency_enriched_geojson\routes_with_metadata\California__Thousand_Oaks_Transit__mdb_mdb-3100_routes.geojson,success,21,
routes,California__Tri_Delta_Transit__mdb_mdb-1974,C:\Users\wilsonschutterj\Downloads\GTFS_US\agency_enriched_geojson\routes\California__Tri_Delta_Transit__mdb_mdb-1974_routes.geojson,C:\Users\wilsonschutterj\Downloads\GTFS_US\agency_enriched_geojson\routes_with_metadata\California__Tri_Delta_Transit__mdb_mdb-1974_routes.geojson,success,22,
routes,California__Tri_Delta_Transit__mdb_ntd-90162,C:\Users\wilsonschutterj\Downloads\GTFS_US\agency_enriched_geojson\routes\California__Tri_Delta_Transit__mdb_ntd-90162_routes.geojson,C:\Users\wilsonschutterj\Downloads\GTFS_US\agency_enriched_geojson\routes_with_metadata\California__Tri_Delta_Transit__mdb_ntd-90162_routes.geojson,success,26,
routes,California__Trinity_Transit__mdb_mdb-2709,C:\Users\wilsonschutterj\Downloads\GTFS_US\agency_enriched_geojson\routes\California__Trinity_Transit__mdb_mdb-2709_routes.geojson,C:\Users\wilsonschutterj\Downloads\GTFS_US\agency_enriched_geojson\routes_with_metadata\California__Trinity_Transit__mdb_mdb-2709_routes.geojson,success,10,
routes,California__Tulare_County_Area_Transit_(TCAT)__mdb_mdb-646,C:\Users\wilsonschutterj\Downloads\GTFS_US\agency_enriched_geojson\routes\California__Tulare_County_Area_Transit_(TCAT)__mdb_mdb-646_routes.geojson,C:\Users\wilsonschutterj\Downloads\GTFS_US\agency_enriched_geojson\routes_with_metadata\California__Tulare_County_Area_Transit_(TCAT)__mdb_mdb-646_routes.geojson,success,57,
routes,California__Turlock_Transit__mdb_mdb-619,C:\Users\wilsonschutterj\Downloads\GTFS_US\agency_enriched_geojson\routes\California__Turlock_Transit__mdb_mdb-619_routes.geojson,C:\Users\wilsonschutterj\Downloads\GTFS_US\agency_enriched_geojson\routes_with_metadata\California__Turlock_Transit__mdb_mdb-619_routes.geojson,success,10,
routes,California__Unitrans__mdb_mdb-82,C:\Users\wilsonschutterj\Downloads\GTFS_US\agency_enriched_geojson\routes\California__Unitrans__mdb_mdb-82_routes.geojson,C:\Users\wilsonschutterj\Downloads\GTFS_US\agency_enriched_geojson\routes_with_metadata\California__Unitrans__mdb_mdb-82_routes.geojson,success,111,
routes,California__Ventura_County_Transportation_Commission__mdb_mdb-3096,C:\Users\wilsonschutterj\Downloads\GTFS_US\agency_enriched_geojson\routes\California__Ventura_County_Transportation_Commission__mdb_mdb-3096_routes.geojson,C:\Users\wilsonschutterj\Downloads\GTFS_US\agency_enriched_geojson\routes_with_metadata\California__Ventura_County_Transportation_Commission__mdb_mdb-3096_routes.geojson,success,52,
routes,California__VINE_Transit__mdb_mdb-1288,C:\Users\wilsonschutterj\Downloads\GTFS_US\agency_enriched_geojson\routes\California__VINE_Transit__mdb_mdb-1288_routes.geojson,C:\Users\wilsonschutterj\Downloads\GTFS_US\agency_enriched_geojson\routes_with_metadata\California__VINE_Transit__mdb_mdb-1288_routes.geojson,success,32,
routes,California__Visalia_Transit__mdb_ntd-90091,C:\Users\wilsonschutterj\Downloads\GTFS_US\agency_enriched_geojson\routes\California__Visalia_Transit__mdb_ntd-90091_routes.geojson,C:\Users\wilsonschutterj\Downloads\GTFS_US\agency_enriched_geojson\routes_with_metadata\California__Visalia_Transit__mdb_ntd-90091_routes.geojson,success,63,
routes,California__West_Berkeley_Shuttle__mdb_mdb-2238,C:\Users\wilsonschutterj\Downloads\GTFS_US\agency_enriched_geojson\routes\California__West_Berkeley_Shuttle__mdb_mdb-2238_routes.geojson,C:\Users\wilsonschutterj\Downloads\GTFS_US\agency_enriched_geojson\routes_with_metadata\California__West_Berkeley_Shuttle__mdb_mdb-2238_routes.geojson,success,3,
routes,California__WestCAT__mdb_mdb-78,C:\Users\wilsonschutterj\Downloads\GTFS_US\agency_enriched_geojson\routes\California__WestCAT__mdb_mdb-78_routes.geojson,C:\Users\wilsonschutterj\Downloads\GTFS_US\agency_enriched_geojson\routes_with_metadata\California__WestCAT__mdb_mdb-78_routes.geojson,success,43,
routes,California__Yosemite_Area_Regional_Transportation_System_(YARTS)__mdb_mdb-2394,C:\Users\wilsonschutterj\Downloads\GTFS_US\agency_enriched_geojson\routes\California__Yosemite_Area_Regional_Transportation_System_(YARTS)__mdb_mdb-2394_routes.geojson,C:\Users\wilsonschutterj\Downloads\GTFS_US\agency_enriched_geojson\routes_with_metadata\California__Yosemite_Area_Regional_Transportation_System_(YARTS)__mdb_mdb-2394_routes.geojson,success,19,
routes,California__Yosemite_National_Park__mdb_tld-6679,C:\Users\wilsonschutterj\Downloads\GTFS_US\agency_enriched_geojson\routes\California__Yosemite_National_Park__mdb_tld-6679_routes.geojson,C:\Users\wilsonschutterj\Downloads\GTFS_US\agency_enriched_geojson\routes_with_metadata\California__Yosemite_National_Park__mdb_tld-6679_routes.geojson,success,1,
routes,California__Yosemite_National_Park__mdb_tld-6681,C:\Users\wilsonschutterj\Downloads\GTFS_US\agency_enriched_geojson\routes\California__Yosemite_National_Park__mdb_tld-6681_routes.geojson,C:\Users\wilsonschutterj\Downloads\GTFS_US\agency_enriched_geojson\routes_with_metadata\California__Yosemite_National_Park__mdb_tld-6681_routes.geojson,success,2,
routes,California__Yuba-Sutter_Transit__mdb_mdb-79,C:\Users\wilsonschutterj\Downloads\GTFS_US\agency_enriched_geojson\routes\California__Yuba-Sutter_Transit__mdb_mdb-79_routes.geojson,C:\Users\wilsonschutterj\Downloads\GTFS_US\agency_enriched_geojson\routes_with_metadata\California__Yuba-Sutter_Transit__mdb_mdb-79_routes.geojson,success,50,
routes,Colorado__All_Points_Transit__mdb_mdb-2039,C:\Users\wilsonschutterj\Downloads\GTFS_US\agency_enriched_geojson\routes\Colorado__All_Points_Transit__mdb_mdb-2039_routes.geojson,C:\Users\wilsonschutterj\Downloads\GTFS_US\agency_enriched_geojson\routes_with_metadata\Colorado__All_Points_Transit__mdb_mdb-2039_routes.geojson,success,7,
routes,Colorado__All_Points_Transit__mdb_mdb-212,C:\Users\wilsonschutterj\Downloads\GTFS_US\agency_enriched_geojson\routes\Colorado__All_Points_Transit__mdb_mdb-212_routes.geojson,C:\Users\wilsonschutterj\Downloads\GTFS_US\agency_enriched_geojson\routes_with_metadata\Colorado__All_Points_Transit__mdb_mdb-212_routes.geojson,success,7,
routes,Colorado__Avon_Transit__mdb_mdb-2433,C:\Users\wilsonschutterj\Downloads\GTFS_US\agency_enriched_geojson\routes\Colorado__Avon_Transit__mdb_mdb-2433_routes.geojson,C:\Users\wilsonschutterj\Downloads\GTFS_US\agency_enriched_geojson\routes_with_metadata\Colorado__Avon_Transit__mdb_mdb-2433_routes.geojson,success,4,
routes,Colorado__Baca_Area_Transportation__mdb_mdb-1087,C:\Users\wilsonschutterj\Downloads\GTFS_US\agency_enriched_geojson\routes\Colorado__Baca_Area_Transportation__mdb_mdb-1087_routes.geojson,C:\Users\wilsonschutterj\Downloads\GTFS_US\agency_enriched_geojson\routes_with_metadata\Colorado__Baca_Area_Transportation__mdb_mdb-1087_routes.geojson,success,0,
routes,Colorado__Blackhawk_and_Central_City_Tramway__mdb_mdb-2041,C:\Users\wilsonschutterj\Downloads\GTFS_US\agency_enriched_geojson\routes\Colorado__Blackhawk_and_Central_City_Tramway__mdb_mdb-2041_routes.geojson,C:\Users\wilsonschutterj\Downloads\GTFS_US\agency_enriched_geojson\routes_with_metadata\Colorado__Blackhawk_and_Central_City_Tramway__mdb_mdb-2041_routes.geojson,success,2,
routes,Colorado__Blackhawk_and_Central_City_Tramway__mdb_mdb-234,C:\Users\wilsonschutterj\Downloads\GTFS_US\agency_enriched_geojson\routes\Colorado__Blackhawk_and_Central_City_Tramway__mdb_mdb-234_routes.geojson,C:\Users\wilsonschutterj\Downloads\GTFS_US\agency_enriched_geojson\routes_with_metadata\Colorado__Blackhawk_and_Central_City_Tramway__mdb_mdb-234_routes.geojson,success,2,
routes,Colorado__Bustang_Outrider__mdb_mdb-2330,C:\Users\wilsonschutterj\Downloads\GTFS_US\agency_enriched_geojson\routes\Colorado__Bustang_Outrider__mdb_mdb-2330_routes.geojson,C:\Users\wilsonschutterj\Downloads\GTFS_US\agency_enriched_geojson\routes_with_metadata\Colorado__Bustang_Outrider__mdb_mdb-2330_routes.geojson,success,14,
routes,Colorado__City_of_Fountain_Transit__mdb_mdb-309,C:\Users\wilsonschutterj\Downloads\GTFS_US\agency_enriched_geojson\routes\Colorado__City_of_Fountain_Transit__mdb_mdb-309_routes.geojson,C:\Users\wilsonschutterj\Downloads\GTFS_US\agency_enriched_geojson\routes_with_metadata\Colorado__City_of_Fountain_Transit__mdb_mdb-309_routes.geojson,success,3,
routes,Colorado__Clear_Creek_County_Transit__mdb_mdb-313,C:\Users\wilsonschutterj\Downloads\GTFS_US\agency_enriched_geojson\routes\Colorado__Clear_Creek_County_Transit__mdb_mdb-313_routes.geojson,C:\Users\wilsonschutterj\Downloads\GTFS_US\agency_enriched_geojson\routes_with_metadata\Colorado__Clear_Creek_County_Transit__mdb_mdb-313_routes.geojson,success,6,
routes,Colorado__Colorado_Mountain_Express__mdb_mdb-172,C:\Users\wilsonschutterj\Downloads\GTFS_US\agency_enriched_geojson\routes\Colorado__Colorado_Mountain_Express__mdb_mdb-172_routes.geojson,C:\Users\wilsonschutterj\Downloads\GTFS_US\agency_enriched_geojson\routes_with_metadata\Colorado__Colorado_Mountain_Express__mdb_mdb-172_routes.geojson,success,10,
routes,Colorado__Colorado_School_Of_Mines__mdb_mdb-2413,C:\Users\wilsonschutterj\Downloads\GTFS_US\agency_enriched_geojson\routes\Colorado__Colorado_School_Of_Mines__mdb_mdb-2413_routes.geojson,C:\Users\wilsonschutterj\Downloads\GTFS_US\agency_enriched_geojson\routes_with_metadata\Colorado__Colorado_School_Of_Mines__mdb_mdb-2413_routes.geojson,success,6,
routes,Colorado__Cripple_Creek_Transportation__mdb_mdb-2042,C:\Users\wilsonschutterj\Downloads\GTFS_US\agency_enriched_geojson\routes\Colorado__Cripple_Creek_Transportation__mdb_mdb-2042_routes.geojson,C:\Users\wilsonschutterj\Downloads\GTFS_US\agency_enriched_geojson\routes_with_metadata\Colorado__Cripple_Creek_Transportation__mdb_mdb-2042_routes.geojson,success,6,
routes,Colorado__Cripple_Creek_Transportation__mdb_mdb-317,C:\Users\wilsonschutterj\Downloads\GTFS_US\agency_enriched_geojson\routes\Colorado__Cripple_Creek_Transportation__mdb_mdb-317_routes.geojson,C:\Users\wilsonschutterj\Downloads\GTFS_US\agency_enriched_geojson\routes_with_metadata\Colorado__Cripple_Creek_Transportation__mdb_mdb-317_routes.geojson,success,6,
routes,Colorado__Durango_Transit__mdb_mdb-456,C:\Users\wilsonschutterj\Downloads\GTFS_US\agency_enriched_geojson\routes\Colorado__Durango_Transit__mdb_mdb-456_routes.geojson,C:\Users\wilsonschutterj\Downloads\GTFS_US\agency_enriched_geojson\routes_with_metadata\Colorado__Durango_Transit__mdb_mdb-456_routes.geojson,success,6,
routes,Colorado__Envida__mdb_mdb-2044,C:\Users\wilsonschutterj\Downloads\GTFS_US\agency_enriched_geojson\routes\Colorado__Envida__mdb_mdb-2044_routes.geojson,C:\Users\wilsonschutterj\Downloads\GTFS_US\agency_enriched_geojson\routes_with_metadata\Colorado__Envida__mdb_mdb-2044_routes.geojson,success,11,
routes,Colorado__Envida__mdb_mdb-455,C:\Users\wilsonschutterj\Downloads\GTFS_US\agency_enriched_geojson\routes\Colorado__Envida__mdb_mdb-455_routes.geojson,C:\Users\wilsonschutterj\Downloads\GTFS_US\agency_enriched_geojson\routes_with_metadata\Colorado__Envida__mdb_mdb-455_routes.geojson,success,21,
routes,Colorado__Estes_Transit__mdb_mdb-2047,C:\Users\wilsonschutterj\Downloads\GTFS_US\agency_enriched_geojson\routes\Colorado__Estes_Transit__mdb_mdb-2047_routes.geojson,C:\Users\wilsonschutterj\Downloads\GTFS_US\agency_enriched_geojson\routes_with_metadata\Colorado__Estes_Transit__mdb_mdb-2047_routes.geojson,success,5,
routes,Colorado__Estes_Transit__mdb_mdb-459,C:\Users\wilsonschutterj\Downloads\GTFS_US\agency_enriched_geojson\routes\Colorado__Estes_Transit__mdb_mdb-459_routes.geojson,C:\Users\wilsonschutterj\Downloads\GTFS_US\agency_enriched_geojson\routes_with_metadata\Colorado__Estes_Transit__mdb_mdb-459_routes.geojson,success,5,
routes,Colorado__Greeley-Evans_Transit_(GET)__mdb_mdb-2076,C:\Users\wilsonschutterj\Downloads\GTFS_US\agency_enriched_geojson\routes\Colorado__Greeley-Evans_Transit_(GET)__mdb_mdb-2076_routes.geojson,C:\Users\wilsonschutterj\Downloads\GTFS_US\agency_enriched_geojson\routes_with_metadata\Colorado__Greeley-Evans_Transit_(GET)__mdb_mdb-2076_routes.geojson,success,14,
routes,Colorado__Gunnison_Valley_Transportation_Authority_(RTA)__mdb_mdb-163,C:\Users\wilsonschutterj\Downloads\GTFS_US\agency_enriched_geojson\routes\Colorado__Gunnison_Valley_Transportation_Authority_(RTA)__mdb_mdb-163_routes.geojson,C:\Users\wilsonschutterj\Downloads\GTFS_US\agency_enriched_geojson\routes_with_metadata\Colorado__Gunnison_Valley_Transportation_Authority_(RTA)__mdb_mdb-163_routes.geojson,success,2,
routes,Colorado__Home_James__mdb_mdb-607,C:\Users\wilsonschutterj\Downloads\GTFS_US\agency_enriched_geojson\routes\Colorado__Home_James__mdb_mdb-607_routes.geojson,C:\Users\wilsonschutterj\Downloads\GTFS_US\agency_enriched_geojson\routes_with_metadata\Colorado__Home_James__mdb_mdb-607_routes.geojson,success,2,
routes,Colorado__Kiowa_County_Transit__mdb_mdb-2169,C:\Users\wilsonschutterj\Downloads\GTFS_US\agency_enriched_geojson\routes\Colorado__Kiowa_County_Transit__mdb_mdb-2169_routes.geojson,C:\Users\wilsonschutterj\Downloads\GTFS_US\agency_enriched_geojson\routes_with_metadata\Colorado__Kiowa_County_Transit__mdb_mdb-2169_routes.geojson,success,0,
routes,Colorado__Lake_County_Senior_Center_Transportation_Program__mdb_mdb-2291,C:\Users\wilsonschutterj\Downloads\GTFS_US\agency_enriched_geojson\routes\Colorado__Lake_County_Senior_Center_Transportation_Program__mdb_mdb-2291_routes.geojson,C:\Users\wilsonschutterj\Downloads\GTFS_US\agency_enriched_geojson\routes_with_metadata\Colorado__Lake_County_Senior_Center_Transportation_Program__mdb_mdb-2291_routes.geojson,success,0,
routes,Colorado__Outback_Express__mdb_mdb-2306,C:\Users\wilsonschutterj\Downloads\GTFS_US\agency_enriched_geojson\routes\Colorado__Outback_Express__mdb_mdb-2306_routes.geojson,C:\Users\wilsonschutterj\Downloads\GTFS_US\agency_enriched_geojson\routes_with_metadata\Colorado__Outback_Express__mdb_mdb-2306_routes.geojson,success,0,
routes,Colorado__Parachute_Area_Transit_System__mdb_tld-5746,C:\Users\wilsonschutterj\Downloads\GTFS_US\agency_enriched_geojson\routes\Colorado__Parachute_Area_Transit_System__mdb_tld-5746_routes.geojson,C:\Users\wilsonschutterj\Downloads\GTFS_US\agency_enriched_geojson\routes_with_metadata\Colorado__Parachute_Area_Transit_System__mdb_tld-5746_routes.geojson,success,14,
routes,Colorado__Prairie_Express_Transit__mdb_mdb-801,C:\Users\wilsonschutterj\Downloads\GTFS_US\agency_enriched_geojson\routes\Colorado__Prairie_Express_Transit__mdb_mdb-801_routes.geojson,C:\Users\wilsonschutterj\Downloads\GTFS_US\agency_enriched_geojson\routes_with_metadata\Colorado__Prairie_Express_Transit__mdb_mdb-801_routes.geojson,success,2,
routes,Colorado__Pueblo_Transit__mdb_mdb-1232,C:\Users\wilsonschutterj\Downloads\GTFS_US\agency_enriched_geojson\routes\Colorado__Pueblo_Transit__mdb_mdb-1232_routes.geojson,C:\Users\wilsonschutterj\Downloads\GTFS_US\agency_enriched_geojson\routes_with_metadata\Colorado__Pueblo_Transit__mdb_mdb-1232_routes.geojson,success,27,
routes,Colorado__Pueblo_Transit__mdb_mdb-2232,C:\Users\wilsonschutterj\Downloads\GTFS_US\agency_enriched_geojson\routes\Colorado__Pueblo_Transit__mdb_mdb-2232_routes.geojson,C:\Users\wilsonschutterj\Downloads\GTFS_US\agency_enriched_geojson\routes_with_metadata\Colorado__Pueblo_Transit__mdb_mdb-2232_routes.geojson,success,27,
routes,Colorado__Regional_Transportation_District_(RTD)__mdb_mdb-178,C:\Users\wilsonschutterj\Downloads\GTFS_US\agency_enriched_geojson\routes\Colorado__Regional_Transportation_District_(RTD)__mdb_mdb-178_routes.geojson,C:\Users\wilsonschutterj\Downloads\GTFS_US\agency_enriched_geojson\routes_with_metadata\Colorado__Regional_Transportation_District_(RTD)__mdb_mdb-178_routes.geojson,success,486,
routes,Colorado__Regional_Transportation_District_(RTD)__mdb_mdb-2280,C:\Users\wilsonschutterj\Downloads\GTFS_US\agency_enriched_geojson\routes\Colorado__Regional_Transportation_District_(RTD)__mdb_mdb-2280_routes.geojson,C:\Users\wilsonschutterj\Downloads\GTFS_US\agency_enriched_geojson\routes_with_metadata\Colorado__Regional_Transportation_District_(RTD)__mdb_mdb-2280_routes.geojson,success,28,
routes,Colorado__Regional_Transportation_District__mdb_mdb-2054,C:\Users\wilsonschutterj\Downloads\GTFS_US\agency_enriched_geojson\routes\Colorado__Regional_Transportation_District__mdb_mdb-2054_routes.geojson,C:\Users\wilsonschutterj\Downloads\GTFS_US\agency_enriched_geojson\routes_with_metadata\Colorado__Regional_Transportation_District__mdb_mdb-2054_routes.geojson,success,536,
routes,Colorado__RoadrunnerTransit__mdb_mdb-805,C:\Users\wilsonschutterj\Downloads\GTFS_US\agency_enriched_geojson\routes\Colorado__RoadrunnerTransit__mdb_mdb-805_routes.geojson,C:\Users\wilsonschutterj\Downloads\GTFS_US\agency_enriched_geojson\routes_with_metadata\Colorado__RoadrunnerTransit__mdb_mdb-805_routes.geojson,success,3,
routes,Colorado__Roaring_Fork_Transportation_Authority__mdb_mdb-2278,C:\Users\wilsonschutterj\Downloads\GTFS_US\agency_enriched_geojson\routes\Colorado__Roaring_Fork_Transportation_Authority__mdb_mdb-2278_routes.geojson,C:\Users\wilsonschutterj\Downloads\GTFS_US\agency_enriched_geojson\routes_with_metadata\Colorado__Roaring_Fork_Transportation_Authority__mdb_mdb-2278_routes.geojson,success,43,
routes,Colorado__Rocky_Mountain_National_Park__mdb_mdb-3211,C:\Users\wilsonschutterj\Downloads\GTFS_US\agency_enriched_geojson\routes\Colorado__Rocky_Mountain_National_Park__mdb_mdb-3211_routes.geojson,C:\Users\wilsonschutterj\Downloads\GTFS_US\agency_enriched_geojson\routes_with_metadata\Colorado__Rocky_Mountain_National_Park__mdb_mdb-3211_routes.geojson,success,6,
routes,Colorado__Rocky_Mountain_National_Park_Shuttles__mdb_mdb-176,C:\Users\wilsonschutterj\Downloads\GTFS_US\agency_enriched_geojson\routes\Colorado__Rocky_Mountain_National_Park_Shuttles__mdb_mdb-176_routes.geojson,C:\Users\wilsonschutterj\Downloads\GTFS_US\agency_enriched_geojson\routes_with_metadata\Colorado__Rocky_Mountain_National_Park_Shuttles__mdb_mdb-176_routes.geojson,success,6,
routes,Colorado__Routt_County_Council_on_Aging_(RCCOCA)_Transportation__mdb_mdb-2178,C:\Users\wilsonschutterj\Downloads\GTFS_US\agency_enriched_geojson\routes\Colorado__Routt_County_Council_on_Aging_(RCCOCA)_Transportation__mdb_mdb-2178_routes.geojson,C:\Users\wilsonschutterj\Downloads\GTFS_US\agency_enriched_geojson\routes_with_metadata\Colorado__Routt_County_Council_on_Aging_(RCCOCA)_Transportation__mdb_mdb-2178_routes.geojson,success,0,
routes,Colorado__San_Miguel_County__mdb_mdb-2195,C:\Users\wilsonschutterj\Downloads\GTFS_US\agency_enriched_geojson\routes\Colorado__San_Miguel_County__mdb_mdb-2195_routes.geojson,C:\Users\wilsonschutterj\Downloads\GTFS_US\agency_enriched_geojson\routes_with_metadata\Colorado__San_Miguel_County__mdb_mdb-2195_routes.geojson,success,30,
routes,Colorado__Snowmass_Village_Transportation__mdb_mdb-164,C:\Users\wilsonschutterj\Downloads\GTFS_US\agency_enriched_geojson\routes\Colorado__Snowmass_Village_Transportation__mdb_mdb-164_routes.geojson,C:\Users\wilsonschutterj\Downloads\GTFS_US\agency_enriched_geojson\routes_with_metadata\Colorado__Snowmass_Village_Transportation__mdb_mdb-164_routes.geojson,success,2,
routes,Colorado__South_Central_Council_of_Governments_(SCCOG)__mdb_mdb-2181,C:\Users\wilsonschutterj\Downloads\GTFS_US\agency_enriched_geojson\routes\Colorado__South_Central_Council_of_Governments_(SCCOG)__mdb_mdb-2181_routes.geojson,C:\Users\wilsonschutterj\Downloads\GTFS_US\agency_enriched_geojson\routes_with_metadata\Colorado__South_Central_Council_of_Governments_(SCCOG)__mdb_mdb-2181_routes.geojson,success,0,
routes,"Colorado__Steamboat_Springs_Transit,_Yellow_Zone__mdb_tld-5757","C:\Users\wilsonschutterj\Downloads\GTFS_US\agency_enriched_geojson\routes\Colorado__Steamboat_Springs_Transit,_Yellow_Zone__mdb_tld-5757_routes.geojson","C:\Users\wilsonschutterj\Downloads\GTFS_US\agency_enriched_geojson\routes_with_metadata\Colorado__Steamboat_Springs_Transit,_Yellow_Zone__mdb_tld-5757_routes.geojson",success,13,
routes,Colorado__Steamboat_Springs_Transit__mdb_mdb-2051,C:\Users\wilsonschutterj\Downloads\GTFS_US\agency_enriched_geojson\routes\Colorado__Steamboat_Springs_Transit__mdb_mdb-2051_routes.geojson,C:\Users\wilsonschutterj\Downloads\GTFS_US\agency_enriched_geojson\routes_with_metadata\Colorado__Steamboat_Springs_Transit__mdb_mdb-2051_routes.geojson,success,13,
routes,Colorado__Summit_Stage__mdb_mdb-820,C:\Users\wilsonschutterj\Downloads\GTFS_US\agency_enriched_geojson\routes\Colorado__Summit_Stage__mdb_mdb-820_routes.geojson,C:\Users\wilsonschutterj\Downloads\GTFS_US\agency_enriched_geojson\routes_with_metadata\Colorado__Summit_Stage__mdb_mdb-820_routes.geojson,success,39,
routes,Colorado__Teller_Senior_Coalition_Transit_(TSC_Transit)__mdb_mdb-827,C:\Users\wilsonschutterj\Downloads\GTFS_US\agency_enriched_geojson\routes\Colorado__Teller_Senior_Coalition_Transit_(TSC_Transit)__mdb_mdb-827_routes.geojson,C:\Users\wilsonschutterj\Downloads\GTFS_US\agency_enriched_geojson\routes_with_metadata\Colorado__Teller_Senior_Coalition_Transit_(TSC_Transit)__mdb_mdb-827_routes.geojson,success,5,
routes,Colorado__Town_of_Estes_Park__mdb_mdb-177,C:\Users\wilsonschutterj\Downloads\GTFS_US\agency_enriched_geojson\routes\Colorado__Town_of_Estes_Park__mdb_mdb-177_routes.geojson,C:\Users\wilsonschutterj\Downloads\GTFS_US\agency_enriched_geojson\routes_with_metadata\Colorado__Town_of_Estes_Park__mdb_mdb-177_routes.geojson,success,5,
routes,Colorado__Town_of_Telluride__mdb_mdb-2050,C:\Users\wilsonschutterj\Downloads\GTFS_US\agency_enriched_geojson\routes\Colorado__Town_of_Telluride__mdb_mdb-2050_routes.geojson,C:\Users\wilsonschutterj\Downloads\GTFS_US\agency_enriched_geojson\routes_with_metadata\Colorado__Town_of_Telluride__mdb_mdb-2050_routes.geojson,success,27,
routes,Colorado__University_of_Colorado_Boulder__mdb_mdb-181,C:\Users\wilsonschutterj\Downloads\GTFS_US\agency_enriched_geojson\routes\Colorado__University_of_Colorado_Boulder__mdb_mdb-181_routes.geojson,C:\Users\wilsonschutterj\Downloads\GTFS_US\agency_enriched_geojson\routes_with_metadata\Colorado__University_of_Colorado_Boulder__mdb_mdb-181_routes.geojson,success,5,
routes,Colorado__Upper_Arkansas_Area_Council_of_Governments__mdb_mdb-2188,C:\Users\wilsonschutterj\Downloads\GTFS_US\agency_enriched_geojson\routes\Colorado__Upper_Arkansas_Area_Council_of_Governments__mdb_mdb-2188_routes.geojson,C:\Users\wilsonschutterj\Downloads\GTFS_US\agency_enriched_geojson\routes_with_metadata\Colorado__Upper_Arkansas_Area_Council_of_Governments__mdb_mdb-2188_routes.geojson,success,3,
routes,Colorado__Vail_Transit__mdb_mdb-174,C:\Users\wilsonschutterj\Downloads\GTFS_US\agency_enriched_geojson\routes\Colorado__Vail_Transit__mdb_mdb-174_routes.geojson,C:\Users\wilsonschutterj\Downloads\GTFS_US\agency_enriched_geojson\routes_with_metadata\Colorado__Vail_Transit__mdb_mdb-174_routes.geojson,success,15,
routes,Colorado__Via_Mobility__mdb_mdb-2395,C:\Users\wilsonschutterj\Downloads\GTFS_US\agency_enriched_geojson\routes\Colorado__Via_Mobility__mdb_mdb-2395_routes.geojson,C:\Users\wilsonschutterj\Downloads\GTFS_US\agency_enriched_geojson\routes_with_metadata\Colorado__Via_Mobility__mdb_mdb-2395_routes.geojson,success,18,
routes,Colorado__Winter_Park_Transit__mdb_mdb-175,C:\Users\wilsonschutterj\Downloads\GTFS_US\agency_enriched_geojson\routes\Colorado__Winter_Park_Transit__mdb_mdb-175_routes.geojson,C:\Users\wilsonschutterj\Downloads\GTFS_US\agency_enriched_geojson\routes_with_metadata\Colorado__Winter_Park_Transit__mdb_mdb-175_routes.geojson,success,9,
routes,Connecticut__Connecticut_Transit__mdb_mdb-2840,C:\Users\wilsonschutterj\Downloads\GTFS_US\agency_enriched_geojson\routes\Connecticut__Connecticut_Transit__mdb_mdb-2840_routes.geojson,C:\Users\wilsonschutterj\Downloads\GTFS_US\agency_enriched_geojson\routes_with_metadata\Connecticut__Connecticut_Transit__mdb_mdb-2840_routes.geojson,success,39,
routes,Connecticut__Connecticut_Transit__mdb_mdb-553,C:\Users\wilsonschutterj\Downloads\GTFS_US\agency_enriched_geojson\routes\Connecticut__Connecticut_Transit__mdb_mdb-553_routes.geojson,C:\Users\wilsonschutterj\Downloads\GTFS_US\agency_enriched_geojson\routes_with_metadata\Connecticut__Connecticut_Transit__mdb_mdb-553_routes.geojson,success,1102,
routes,Connecticut__Greater_Bridgeport_Transit__mdb_mdb-530,C:\Users\wilsonschutterj\Downloads\GTFS_US\agency_enriched_geojson\routes\Connecticut__Greater_Bridgeport_Transit__mdb_mdb-530_routes.geojson,C:\Users\wilsonschutterj\Downloads\GTFS_US\agency_enriched_geojson\routes_with_metadata\Connecticut__Greater_Bridgeport_Transit__mdb_mdb-530_routes.geojson,success,94,
routes,Connecticut__Housatonic_Area_Regional_Transit__mdb_tld-4385,C:\Users\wilsonschutterj\Downloads\GTFS_US\agency_enriched_geojson\routes\Connecticut__Housatonic_Area_Regional_Transit__mdb_tld-4385_routes.geojson,C:\Users\wilsonschutterj\Downloads\GTFS_US\agency_enriched_geojson\routes_with_metadata\Connecticut__Housatonic_Area_Regional_Transit__mdb_tld-4385_routes.geojson,success,136,
routes,Connecticut__Metro-North_Railroad__mdb_mdb-524,C:\Users\wilsonschutterj\Downloads\GTFS_US\agency_enriched_geojson\routes\Connecticut__Metro-North_Railroad__mdb_mdb-524_routes.geojson,C:\Users\wilsonschutterj\Downloads\GTFS_US\agency_enriched_geojson\routes_with_metadata\Connecticut__Metro-North_Railroad__mdb_mdb-524_routes.geojson,success,34,
routes,Connecticut__Middletown_Area_Transit_(MAT)__mdb_mdb-551,C:\Users\wilsonschutterj\Downloads\GTFS_US\agency_enriched_geojson\routes\Connecticut__Middletown_Area_Transit_(MAT)__mdb_mdb-551_routes.geojson,C:\Users\wilsonschutterj\Downloads\GTFS_US\agency_enriched_geojson\routes_with_metadata\Connecticut__Middletown_Area_Transit_(MAT)__mdb_mdb-551_routes.geojson,success,43,
routes,Connecticut__Milford_Transit_District__mdb_ntd-10107,C:\Users\wilsonschutterj\Downloads\GTFS_US\agency_enriched_geojson\routes\Connecticut__Milford_Transit_District__mdb_ntd-10107_routes.geojson,C:\Users\wilsonschutterj\Downloads\GTFS_US\agency_enriched_geojson\routes_with_metadata\Connecticut__Milford_Transit_District__mdb_ntd-10107_routes.geojson,success,4,
routes,Connecticut__Norwalk_Transit_System_(NTS)__mdb_mdb-2242,C:\Users\wilsonschutterj\Downloads\GTFS_US\agency_enriched_geojson\routes\Connecticut__Norwalk_Transit_System_(NTS)__mdb_mdb-2242_routes.geojson,C:\Users\wilsonschutterj\Downloads\GTFS_US\agency_enriched_geojson\routes_with_metadata\Connecticut__Norwalk_Transit_System_(NTS)__mdb_mdb-2242_routes.geojson,success,41,
routes,Connecticut__Pioneer_Valley_Transit_Authority_(PVTA)__mdb_mdb-2416,C:\Users\wilsonschutterj\Downloads\GTFS_US\agency_enriched_geojson\routes\Connecticut__Pioneer_Valley_Transit_Authority_(PVTA)__mdb_mdb-2416_routes.geojson,C:\Users\wilsonschutterj\Downloads\GTFS_US\agency_enriched_geojson\routes_with_metadata\Connecticut__Pioneer_Valley_Transit_Authority_(PVTA)__mdb_mdb-2416_routes.geojson,success,393,
routes,Connecticut__River_Valley_Transit__mdb_tld-5750,C:\Users\wilsonschutterj\Downloads\GTFS_US\agency_enriched_geojson\routes\Connecticut__River_Valley_Transit__mdb_tld-5750_routes.geojson,C:\Users\wilsonschutterj\Downloads\GTFS_US\agency_enriched_geojson\routes_with_metadata\Connecticut__River_Valley_Transit__mdb_tld-5750_routes.geojson,success,43,
routes,Connecticut__Southeast_Area_Transit_District__mdb_mdb-2240,C:\Users\wilsonschutterj\Downloads\GTFS_US\agency_enriched_geojson\routes\Connecticut__Southeast_Area_Transit_District__mdb_mdb-2240_routes.geojson,C:\Users\wilsonschutterj\Downloads\GTFS_US\agency_enriched_geojson\routes_with_metadata\Connecticut__Southeast_Area_Transit_District__mdb_mdb-2240_routes.geojson,success,46,
routes,Connecticut__University_of_Connecticut_(UCONN___WRTD)__mdb_tld-4473,C:\Users\wilsonschutterj\Downloads\GTFS_US\agency_enriched_geojson\routes\Connecticut__University_of_Connecticut_(UCONN___WRTD)__mdb_tld-4473_routes.geojson,C:\Users\wilsonschutterj\Downloads\GTFS_US\agency_enriched_geojson\routes_with_metadata\Connecticut__University_of_Connecticut_(UCONN___WRTD)__mdb_tld-4473_routes.geojson,success,40,
routes,Delaware__Delaware_Transit_Corporation_(DART_First_State)__mdb_mdb-1235,C:\Users\wilsonschutterj\Downloads\GTFS_US\agency_enriched_geojson\routes\Delaware__Delaware_Transit_Corporation_(DART_First_State)__mdb_mdb-1235_routes.geojson,C:\Users\wilsonschutterj\Downloads\GTFS_US\agency_enriched_geojson\routes_with_metadata\Delaware__Delaware_Transit_Corporation_(DART_First_State)__mdb_mdb-1235_routes.geojson,success,172,
routes,Delaware__Southeastern_Pennsylvania_Transportation_Authority_(SEPTA)__mdb_mdb-502,C:\Users\wilsonschutterj\Downloads\GTFS_US\agency_enriched_geojson\routes\Delaware__Southeastern_Pennsylvania_Transportation_Authority_(SEPTA)__mdb_mdb-502_routes.geojson,C:\Users\wilsonschutterj\Downloads\GTFS_US\agency_enriched_geojson\routes_with_metadata\Delaware__Southeastern_Pennsylvania_Transportation_Authority_(SEPTA)__mdb_mdb-502_routes.geojson,success,978,
routes,Delaware__Southeastern_Pennsylvania_Transportation_Authority_(SEPTA)__mdb_mdb-503,C:\Users\wilsonschutterj\Downloads\GTFS_US\agency_enriched_geojson\routes\Delaware__Southeastern_Pennsylvania_Transportation_Authority_(SEPTA)__mdb_mdb-503_routes.geojson,C:\Users\wilsonschutterj\Downloads\GTFS_US\agency_enriched_geojson\routes_with_metadata\Delaware__Southeastern_Pennsylvania_Transportation_Authority_(SEPTA)__mdb_mdb-503_routes.geojson,success,26,
routes,District_of_Columbia__Fairfax_Connector__mdb_mdb-483,C:\Users\wilsonschutterj\Downloads\GTFS_US\agency_enriched_geojson\routes\District_of_Columbia__Fairfax_Connector__mdb_mdb-483_routes.geojson,C:\Users\wilsonschutterj\Downloads\GTFS_US\agency_enriched_geojson\routes_with_metadata\District_of_Columbia__Fairfax_Connector__mdb_mdb-483_routes.geojson,success,229,
routes,District_of_Columbia__Maryland_Transit_Administration__mdb_mdb-467,C:\Users\wilsonschutterj\Downloads\GTFS_US\agency_enriched_geojson\routes\District_of_Columbia__Maryland_Transit_Administration__mdb_mdb-467_routes.geojson,C:\Users\wilsonschutterj\Downloads\GTFS_US\agency_enriched_geojson\routes_with_metadata\District_of_Columbia__Maryland_Transit_Administration__mdb_mdb-467_routes.geojson,success,130,
routes,District_of_Columbia__Maryland_Transit_Administration__mdb_mdb-468,C:\Users\wilsonschutterj\Downloads\GTFS_US\agency_enriched_geojson\routes\District_of_Columbia__Maryland_Transit_Administration__mdb_mdb-468_routes.geojson,C:\Users\wilsonschutterj\Downloads\GTFS_US\agency_enriched_geojson\routes_with_metadata\District_of_Columbia__Maryland_Transit_Administration__mdb_mdb-468_routes.geojson,success,42,
routes,District_of_Columbia__Virginia_Breeze__mdb_mdb-3506,C:\Users\wilsonschutterj\Downloads\GTFS_US\agency_enriched_geojson\routes\District_of_Columbia__Virginia_Breeze__mdb_mdb-3506_routes.geojson,C:\Users\wilsonschutterj\Downloads\GTFS_US\agency_enriched_geojson\routes_with_metadata\District_of_Columbia__Virginia_Breeze__mdb_mdb-3506_routes.geojson,success,14,
routes,District_of_Columbia__Virginia_Railway_Express__mdb_tld-61,C:\Users\wilsonschutterj\Downloads\GTFS_US\agency_enriched_geojson\routes\District_of_Columbia__Virginia_Railway_Express__mdb_tld-61_routes.geojson,C:\Users\wilsonschutterj\Downloads\GTFS_US\agency_enriched_geojson\routes_with_metadata\District_of_Columbia__Virginia_Railway_Express__mdb_tld-61_routes.geojson,success,2,
routes,District_of_Columbia__Washington_Metropolitan_Area_Transit_Authority_(WMATA)__mdb_mdb-1846,C:\Users\wilsonschutterj\Downloads\GTFS_US\agency_enriched_geojson\routes\District_of_Columbia__Washington_Metropolitan_Area_Transit_Authority_(WMATA)__mdb_mdb-1846_routes.geojson,C:\Users\wilsonschutterj\Downloads\GTFS_US\agency_enriched_geojson\routes_with_metadata\District_of_Columbia__Washington_Metropolitan_Area_Transit_Authority_(WMATA)__mdb_mdb-1846_routes.geojson,success,395,
routes,District_of_Columbia__Washington_Metropolitan_Area_Transit_Authority_(WMATA)__mdb_mdb-1847,C:\Users\wilsonschutterj\Downloads\GTFS_US\agency_enriched_geojson\routes\District_of_Columbia__Washington_Metropolitan_Area_Transit_Authority_(WMATA)__mdb_mdb-1847_routes.geojson,C:\Users\wilsonschutterj\Downloads\GTFS_US\agency_enriched_geojson\routes_with_metadata\District_of_Columbia__Washington_Metropolitan_Area_Transit_Authority_(WMATA)__mdb_mdb-1847_routes.geojson,success,335,
routes,Florida__Brightline_Trains_LLC__mdb_mdb-1126,C:\Users\wilsonschutterj\Downloads\GTFS_US\agency_enriched_geojson\routes\Florida__Brightline_Trains_LLC__mdb_mdb-1126_routes.geojson,C:\Users\wilsonschutterj\Downloads\GTFS_US\agency_enriched_geojson\routes_with_metadata\Florida__Brightline_Trains_LLC__mdb_mdb-1126_routes.geojson,success,2,
routes,Florida__Broward_County_Transit__mdb_mdb-330,C:\Users\wilsonschutterj\Downloads\GTFS_US\agency_enriched_geojson\routes\Florida__Broward_County_Transit__mdb_mdb-330_routes.geojson,C:\Users\wilsonschutterj\Downloads\GTFS_US\agency_enriched_geojson\routes_with_metadata\Florida__Broward_County_Transit__mdb_mdb-330_routes.geojson,success,166,
routes,Florida__Central_Florida_Regional_Transit_Authority_(LYNX)__mdb_mdb-347,C:\Users\wilsonschutterj\Downloads\GTFS_US\agency_enriched_geojson\routes\Florida__Central_Florida_Regional_Transit_Authority_(LYNX)__mdb_mdb-347_routes.geojson,C:\Users\wilsonschutterj\Downloads\GTFS_US\agency_enriched_geojson\routes_with_metadata\Florida__Central_Florida_Regional_Transit_Authority_(LYNX)__mdb_mdb-347_routes.geojson,success,342,
routes,Florida__City_of_Miami_Beach__mdb_mdb-2322,C:\Users\wilsonschutterj\Downloads\GTFS_US\agency_enriched_geojson\routes\Florida__City_of_Miami_Beach__mdb_mdb-2322_routes.geojson,C:\Users\wilsonschutterj\Downloads\GTFS_US\agency_enriched_geojson\routes_with_metadata\Florida__City_of_Miami_Beach__mdb_mdb-2322_routes.geojson,success,30,
routes,Florida__City_of_Miami_Gardens__mdb_mdb-2323,C:\Users\wilsonschutterj\Downloads\GTFS_US\agency_enriched_geojson\routes\Florida__City_of_Miami_Gardens__mdb_mdb-2323_routes.geojson,C:\Users\wilsonschutterj\Downloads\GTFS_US\agency_enriched_geojson\routes_with_metadata\Florida__City_of_Miami_Gardens__mdb_mdb-2323_routes.geojson,success,8,
routes,Florida__Collier_Area_Transit_(CAT)__mdb_mdb-2259,C:\Users\wilsonschutterj\Downloads\GTFS_US\agency_enriched_geojson\routes\Florida__Collier_Area_Transit_(CAT)__mdb_mdb-2259_routes.geojson,C:\Users\wilsonschutterj\Downloads\GTFS_US\agency_enriched_geojson\routes_with_metadata\Florida__Collier_Area_Transit_(CAT)__mdb_mdb-2259_routes.geojson,success,48,
routes,Florida__Dry_Tortugas_National_Park__mdb_mdb-3207,C:\Users\wilsonschutterj\Downloads\GTFS_US\agency_enriched_geojson\routes\Florida__Dry_Tortugas_National_Park__mdb_mdb-3207_routes.geojson,C:\Users\wilsonschutterj\Downloads\GTFS_US\agency_enriched_geojson\routes_with_metadata\Florida__Dry_Tortugas_National_Park__mdb_mdb-3207_routes.geojson,success,2,
routes,Florida__Florida_Department_of_Transportation_(SunRail)__mdb_mdb-626,C:\Users\wilsonschutterj\Downloads\GTFS_US\agency_enriched_geojson\routes\Florida__Florida_Department_of_Transportation_(SunRail)__mdb_mdb-626_routes.geojson,C:\Users\wilsonschutterj\Downloads\GTFS_US\agency_enriched_geojson\routes_with_metadata\Florida__Florida_Department_of_Transportation_(SunRail)__mdb_mdb-626_routes.geojson,success,2,
routes,Florida__Fort_Matanzas_National_Monument__mdb_tld-6905,C:\Users\wilsonschutterj\Downloads\GTFS_US\agency_enriched_geojson\routes\Florida__Fort_Matanzas_National_Monument__mdb_tld-6905_routes.geojson,C:\Users\wilsonschutterj\Downloads\GTFS_US\agency_enriched_geojson\routes_with_metadata\Florida__Fort_Matanzas_National_Monument__mdb_tld-6905_routes.geojson,success,2,
routes,Florida__Gulf_Islands_National_Seashore__mdb_mdb-3209,C:\Users\wilsonschutterj\Downloads\GTFS_US\agency_enriched_geojson\routes\Florida__Gulf_Islands_National_Seashore__mdb_mdb-3209_routes.geojson,C:\Users\wilsonschutterj\Downloads\GTFS_US\agency_enriched_geojson\routes_with_metadata\Florida__Gulf_Islands_National_Seashore__mdb_mdb-3209_routes.geojson,success,2,
routes,Florida__Hendry_County_Transit_System__mdb_tld-7914,C:\Users\wilsonschutterj\Downloads\GTFS_US\agency_enriched_geojson\routes\Florida__Hendry_County_Transit_System__mdb_tld-7914_routes.geojson,C:\Users\wilsonschutterj\Downloads\GTFS_US\agency_enriched_geojson\routes_with_metadata\Florida__Hendry_County_Transit_System__mdb_tld-7914_routes.geojson,success,17,
routes,Florida__Hillsborough_Area_Regional_Transit_(HART)__mdb_mdb-325,C:\Users\wilsonschutterj\Downloads\GTFS_US\agency_enriched_geojson\routes\Florida__Hillsborough_Area_Regional_Transit_(HART)__mdb_mdb-325_routes.geojson,C:\Users\wilsonschutterj\Downloads\GTFS_US\agency_enriched_geojson\routes_with_metadata\Florida__Hillsborough_Area_Regional_Transit_(HART)__mdb_mdb-325_routes.geojson,success,78,
routes,Florida__I-RIDE_Trolley_(I-RIDE)__mdb_mdb-1143,C:\Users\wilsonschutterj\Downloads\GTFS_US\agency_enriched_geojson\routes\Florida__I-RIDE_Trolley_(I-RIDE)__mdb_mdb-1143_routes.geojson,C:\Users\wilsonschutterj\Downloads\GTFS_US\agency_enriched_geojson\routes_with_metadata\Florida__I-RIDE_Trolley_(I-RIDE)__mdb_mdb-1143_routes.geojson,success,3,
routes,Florida__Indian_River_Transit__mdb_ntd-40104,C:\Users\wilsonschutterj\Downloads\GTFS_US\agency_enriched_geojson\routes\Florida__Indian_River_Transit__mdb_ntd-40104_routes.geojson,C:\Users\wilsonschutterj\Downloads\GTFS_US\agency_enriched_geojson\routes_with_metadata\Florida__Indian_River_Transit__mdb_ntd-40104_routes.geojson,success,15,
routes,Florida__Jacksonville_Transportation_Authority__mdb_tld-764,C:\Users\wilsonschutterj\Downloads\GTFS_US\agency_enriched_geojson\routes\Florida__Jacksonville_Transportation_Authority__mdb_tld-764_routes.geojson,C:\Users\wilsonschutterj\Downloads\GTFS_US\agency_enriched_geojson\routes_with_metadata\Florida__Jacksonville_Transportation_Authority__mdb_tld-764_routes.geojson,success,156,
routes,Florida__Lake_County_Connection__mdb_mdb-2255,C:\Users\wilsonschutterj\Downloads\GTFS_US\agency_enriched_geojson\routes\Florida__Lake_County_Connection__mdb_mdb-2255_routes.geojson,C:\Users\wilsonschutterj\Downloads\GTFS_US\agency_enriched_geojson\routes_with_metadata\Florida__Lake_County_Connection__mdb_mdb-2255_routes.geojson,success,25,
routes,Florida__Lakeland_Area_Mass_Transit_District__mdb_tld-5899,C:\Users\wilsonschutterj\Downloads\GTFS_US\agency_enriched_geojson\routes\Florida__Lakeland_Area_Mass_Transit_District__mdb_tld-5899_routes.geojson,C:\Users\wilsonschutterj\Downloads\GTFS_US\agency_enriched_geojson\routes_with_metadata\Florida__Lakeland_Area_Mass_Transit_District__mdb_tld-5899_routes.geojson,success,9,
routes,Florida__LauderGO!_Water_Trolley__mdb_ntd-44929,C:\Users\wilsonschutterj\Downloads\GTFS_US\agency_enriched_geojson\routes\Florida__LauderGO!_Water_Trolley__mdb_ntd-44929_routes.geojson,C:\Users\wilsonschutterj\Downloads\GTFS_US\agency_enriched_geojson\routes_with_metadata\Florida__LauderGO!_Water_Trolley__mdb_ntd-44929_routes.geojson,success,1,
routes,Florida__LeeTran__mdb_mdb-324,C:\Users\wilsonschutterj\Downloads\GTFS_US\agency_enriched_geojson\routes\Florida__LeeTran__mdb_mdb-324_routes.geojson,C:\Users\wilsonschutterj\Downloads\GTFS_US\agency_enriched_geojson\routes_with_metadata\Florida__LeeTran__mdb_mdb-324_routes.geojson,success,86,
routes,Florida__Manatee_County_Area_Transit__mdb_mdb-2258,C:\Users\wilsonschutterj\Downloads\GTFS_US\agency_enriched_geojson\routes\Florida__Manatee_County_Area_Transit__mdb_mdb-2258_routes.geojson,C:\Users\wilsonschutterj\Downloads\GTFS_US\agency_enriched_geojson\routes_with_metadata\Florida__Manatee_County_Area_Transit__mdb_mdb-2258_routes.geojson,success,58,
routes,Florida__Martin_County_Public_Transit__mdb_tld-4506,C:\Users\wilsonschutterj\Downloads\GTFS_US\agency_enriched_geojson\routes\Florida__Martin_County_Public_Transit__mdb_tld-4506_routes.geojson,C:\Users\wilsonschutterj\Downloads\GTFS_US\agency_enriched_geojson\routes_with_metadata\Florida__Martin_County_Public_Transit__mdb_tld-4506_routes.geojson,success,11,
routes,Florida__Miami-Dade_Transit__mdb_mdb-331,C:\Users\wilsonschutterj\Downloads\GTFS_US\agency_enriched_geojson\routes\Florida__Miami-Dade_Transit__mdb_mdb-331_routes.geojson,C:\Users\wilsonschutterj\Downloads\GTFS_US\agency_enriched_geojson\routes_with_metadata\Florida__Miami-Dade_Transit__mdb_mdb-331_routes.geojson,success,290,
routes,Florida__National_Park_Service__mdb_tld-6676,C:\Users\wilsonschutterj\Downloads\GTFS_US\agency_enriched_geojson\routes\Florida__National_Park_Service__mdb_tld-6676_routes.geojson,C:\Users\wilsonschutterj\Downloads\GTFS_US\agency_enriched_geojson\routes_with_metadata\Florida__National_Park_Service__mdb_tld-6676_routes.geojson,success,2,
routes,Florida__Palm_Tran__mdb_mdb-332,C:\Users\wilsonschutterj\Downloads\GTFS_US\agency_enriched_geojson\routes\Florida__Palm_Tran__mdb_mdb-332_routes.geojson,C:\Users\wilsonschutterj\Downloads\GTFS_US\agency_enriched_geojson\routes_with_metadata\Florida__Palm_Tran__mdb_mdb-332_routes.geojson,success,258,
routes,Florida__Sarasota_County_Area_Transit_(SCAT)__mdb_mdb-348,C:\Users\wilsonschutterj\Downloads\GTFS_US\agency_enriched_geojson\routes\Florida__Sarasota_County_Area_Transit_(SCAT)__mdb_mdb-348_routes.geojson,C:\Users\wilsonschutterj\Downloads\GTFS_US\agency_enriched_geojson\routes_with_metadata\Florida__Sarasota_County_Area_Transit_(SCAT)__mdb_mdb-348_routes.geojson,success,86,
routes,Florida__South_Florida_Regional_Transportation_Authority_(Tri-Rail)__mdb_mdb-333,C:\Users\wilsonschutterj\Downloads\GTFS_US\agency_enriched_geojson\routes\Florida__South_Florida_Regional_Transportation_Authority_(Tri-Rail)__mdb_mdb-333_routes.geojson,C:\Users\wilsonschutterj\Downloads\GTFS_US\agency_enriched_geojson\routes_with_metadata\Florida__South_Florida_Regional_Transportation_Authority_(Tri-Rail)__mdb_mdb-333_routes.geojson,success,7,
routes,Florida__South_Florida_Regional_Transportation_Authority__mdb_tld-492,C:\Users\wilsonschutterj\Downloads\GTFS_US\agency_enriched_geojson\routes\Florida__South_Florida_Regional_Transportation_Authority__mdb_tld-492_routes.geojson,C:\Users\wilsonschutterj\Downloads\GTFS_US\agency_enriched_geojson\routes_with_metadata\Florida__South_Florida_Regional_Transportation_Authority__mdb_tld-492_routes.geojson,success,7,
routes,Florida__Space_Coast_Area_Transit__mdb_ntd-40063,C:\Users\wilsonschutterj\Downloads\GTFS_US\agency_enriched_geojson\routes\Florida__Space_Coast_Area_Transit__mdb_ntd-40063_routes.geojson,C:\Users\wilsonschutterj\Downloads\GTFS_US\agency_enriched_geojson\routes_with_metadata\Florida__Space_Coast_Area_Transit__mdb_ntd-40063_routes.geojson,success,86,
routes,Florida__USF_Bull_Runner__mdb_mdb-329,C:\Users\wilsonschutterj\Downloads\GTFS_US\agency_enriched_geojson\routes\Florida__USF_Bull_Runner__mdb_mdb-329_routes.geojson,C:\Users\wilsonschutterj\Downloads\GTFS_US\agency_enriched_geojson\routes_with_metadata\Florida__USF_Bull_Runner__mdb_mdb-329_routes.geojson,success,7,
routes,Georgia__Athens_Clarke_County_Transit__mdb_tld-4777,C:\Users\wilsonschutterj\Downloads\GTFS_US\agency_enriched_geojson\routes\Georgia__Athens_Clarke_County_Transit__mdb_tld-4777_routes.geojson,C:\Users\wilsonschutterj\Downloads\GTFS_US\agency_enriched_geojson\routes_with_metadata\Georgia__Athens_Clarke_County_Transit__mdb_tld-4777_routes.geojson,success,42,
routes,"Georgia__City_of_Hinesville,_Georgia__mdb_ntd-40193","C:\Users\wilsonschutterj\Downloads\GTFS_US\agency_enriched_geojson\routes\Georgia__City_of_Hinesville,_Georgia__mdb_ntd-40193_routes.geojson","C:\Users\wilsonschutterj\Downloads\GTFS_US\agency_enriched_geojson\routes_with_metadata\Georgia__City_of_Hinesville,_Georgia__mdb_ntd-40193_routes.geojson",success,6,
routes,Georgia__CobbLinc__mdb_mdb-3193,C:\Users\wilsonschutterj\Downloads\GTFS_US\agency_enriched_geojson\routes\Georgia__CobbLinc__mdb_mdb-3193_routes.geojson,C:\Users\wilsonschutterj\Downloads\GTFS_US\agency_enriched_geojson\routes_with_metadata\Georgia__CobbLinc__mdb_mdb-3193_routes.geojson,success,25,
routes,Georgia__Concho_Valley_Transit_District__mdb_tld-5864,C:\Users\wilsonschutterj\Downloads\GTFS_US\agency_enriched_geojson\routes\Georgia__Concho_Valley_Transit_District__mdb_tld-5864_routes.geojson,C:\Users\wilsonschutterj\Downloads\GTFS_US\agency_enriched_geojson\routes_with_metadata\Georgia__Concho_Valley_Transit_District__mdb_tld-5864_routes.geojson,success,8,
routes,Georgia__Connect_Douglas__mdb_tld-5551,C:\Users\wilsonschutterj\Downloads\GTFS_US\agency_enriched_geojson\routes\Georgia__Connect_Douglas__mdb_tld-5551_routes.geojson,C:\Users\wilsonschutterj\Downloads\GTFS_US\agency_enriched_geojson\routes_with_metadata\Georgia__Connect_Douglas__mdb_tld-5551_routes.geojson,success,9,
routes,Georgia__Georgia_Tech_Stinger_Bus__mdb_tld-478_1,C:\Users\wilsonschutterj\Downloads\GTFS_US\agency_enriched_geojson\routes\Georgia__Georgia_Tech_Stinger_Bus__mdb_tld-478_1_routes.geojson,C:\Users\wilsonschutterj\Downloads\GTFS_US\agency_enriched_geojson\routes_with_metadata\Georgia__Georgia_Tech_Stinger_Bus__mdb_tld-478_1_routes.geojson,success,9,
routes,Georgia__Gwinnett_County_Transit__mdb_mdb-2241,C:\Users\wilsonschutterj\Downloads\GTFS_US\agency_enriched_geojson\routes\Georgia__Gwinnett_County_Transit__mdb_mdb-2241_routes.geojson,C:\Users\wilsonschutterj\Downloads\GTFS_US\agency_enriched_geojson\routes_with_metadata\Georgia__Gwinnett_County_Transit__mdb_mdb-2241_routes.geojson,success,44,
routes,Georgia__METRA__mdb_ntd-40024,C:\Users\wilsonschutterj\Downloads\GTFS_US\agency_enriched_geojson\routes\Georgia__METRA__mdb_ntd-40024_routes.geojson,C:\Users\wilsonschutterj\Downloads\GTFS_US\agency_enriched_geojson\routes_with_metadata\Georgia__METRA__mdb_ntd-40024_routes.geojson,success,24,
routes,Georgia__Rochester_Institute_of_Technology__mdb_tld-5863,C:\Users\wilsonschutterj\Downloads\GTFS_US\agency_enriched_geojson\routes\Georgia__Rochester_Institute_of_Technology__mdb_tld-5863_routes.geojson,C:\Users\wilsonschutterj\Downloads\GTFS_US\agency_enriched_geojson\routes_with_metadata\Georgia__Rochester_Institute_of_Technology__mdb_tld-5863_routes.geojson,success,13,
routes,Georgia__University_of_Georgia__mdb_tld-2276,C:\Users\wilsonschutterj\Downloads\GTFS_US\agency_enriched_geojson\routes\Georgia__University_of_Georgia__mdb_tld-2276_routes.geojson,C:\Users\wilsonschutterj\Downloads\GTFS_US\agency_enriched_geojson\routes_with_metadata\Georgia__University_of_Georgia__mdb_tld-2276_routes.geojson,success,22,
routes,Hawaii__Maui_County_Transit__mdb_ntd-90241,C:\Users\wilsonschutterj\Downloads\GTFS_US\agency_enriched_geojson\routes\Hawaii__Maui_County_Transit__mdb_ntd-90241_routes.geojson,C:\Users\wilsonschutterj\Downloads\GTFS_US\agency_enriched_geojson\routes_with_metadata\Hawaii__Maui_County_Transit__mdb_ntd-90241_routes.geojson,success,18,
routes,Hawaii__The_Kauai_Bus__mdb_ntd-90237,C:\Users\wilsonschutterj\Downloads\GTFS_US\agency_enriched_geojson\routes\Hawaii__The_Kauai_Bus__mdb_ntd-90237_routes.geojson,C:\Users\wilsonschutterj\Downloads\GTFS_US\agency_enriched_geojson\routes_with_metadata\Hawaii__The_Kauai_Bus__mdb_ntd-90237_routes.geojson,success,17,
routes,Hawaii__TheBus__mdb_mdb-2350,C:\Users\wilsonschutterj\Downloads\GTFS_US\agency_enriched_geojson\routes\Hawaii__TheBus__mdb_mdb-2350_routes.geojson,C:\Users\wilsonschutterj\Downloads\GTFS_US\agency_enriched_geojson\routes_with_metadata\Hawaii__TheBus__mdb_mdb-2350_routes.geojson,success,560,
routes,Idaho__Citylink_North_(Kootenai_County)__mdb_tld-4791,C:\Users\wilsonschutterj\Downloads\GTFS_US\agency_enriched_geojson\routes\Idaho__Citylink_North_(Kootenai_County)__mdb_tld-4791_routes.geojson,C:\Users\wilsonschutterj\Downloads\GTFS_US\agency_enriched_geojson\routes_with_metadata\Idaho__Citylink_North_(Kootenai_County)__mdb_tld-4791_routes.geojson,success,3,
routes,Idaho__Citylink_South_(Kootenai_County)__mdb_tld-4792,C:\Users\wilsonschutterj\Downloads\GTFS_US\agency_enriched_geojson\routes\Idaho__Citylink_South_(Kootenai_County)__mdb_tld-4792_routes.geojson,C:\Users\wilsonschutterj\Downloads\GTFS_US\agency_enriched_geojson\routes_with_metadata\Idaho__Citylink_South_(Kootenai_County)__mdb_tld-4792_routes.geojson,success,2,
routes,Idaho__Lewiston_Transit_System_and_Asotin_County_Public_Transportation_Benefit_Area_(PTBA)__mdb_mdb-2298,C:\Users\wilsonschutterj\Downloads\GTFS_US\agency_enriched_geojson\routes\Idaho__Lewiston_Transit_System_and_Asotin_County_Public_Transportation_Benefit_Area_(PTBA)__mdb_mdb-2298_routes.geojson,C:\Users\wilsonschutterj\Downloads\GTFS_US\agency_enriched_geojson\routes_with_metadata\Idaho__Lewiston_Transit_System_and_Asotin_County_Public_Transportation_Benefit_Area_(PTBA)__mdb_mdb-2298_routes.geojson,success,14,
routes,Idaho__Mountain_Rides_Transportation_Authority_(MRTA)__mdb_mdb-2282,C:\Users\wilsonschutterj\Downloads\GTFS_US\agency_enriched_geojson\routes\Idaho__Mountain_Rides_Transportation_Authority_(MRTA)__mdb_mdb-2282_routes.geojson,C:\Users\wilsonschutterj\Downloads\GTFS_US\agency_enriched_geojson\routes_with_metadata\Idaho__Mountain_Rides_Transportation_Authority_(MRTA)__mdb_mdb-2282_routes.geojson,success,8,
routes,Idaho__Pocatello_Regional_Transit__mdb_mdb-171,C:\Users\wilsonschutterj\Downloads\GTFS_US\agency_enriched_geojson\routes\Idaho__Pocatello_Regional_Transit__mdb_mdb-171_routes.geojson,C:\Users\wilsonschutterj\Downloads\GTFS_US\agency_enriched_geojson\routes_with_metadata\Idaho__Pocatello_Regional_Transit__mdb_mdb-171_routes.geojson,success,18,
routes,Idaho__Valley_Regional_Transit__mdb_mdb-142,C:\Users\wilsonschutterj\Downloads\GTFS_US\agency_enriched_geojson\routes\Idaho__Valley_Regional_Transit__mdb_mdb-142_routes.geojson,C:\Users\wilsonschutterj\Downloads\GTFS_US\agency_enriched_geojson\routes_with_metadata\Idaho__Valley_Regional_Transit__mdb_mdb-142_routes.geojson,success,44,
routes,Illinois__Champaign-Urbana_Mass_Transit_District__mdb_ntd-50060,C:\Users\wilsonschutterj\Downloads\GTFS_US\agency_enriched_geojson\routes\Illinois__Champaign-Urbana_Mass_Transit_District__mdb_ntd-50060_routes.geojson,C:\Users\wilsonschutterj\Downloads\GTFS_US\agency_enriched_geojson\routes_with_metadata\Illinois__Champaign-Urbana_Mass_Transit_District__mdb_ntd-50060_routes.geojson,success,632,
routes,Illinois__Chicago_Transit_Authority_(CTA)__mdb_mdb-389,C:\Users\wilsonschutterj\Downloads\GTFS_US\agency_enriched_geojson\routes\Illinois__Chicago_Transit_Authority_(CTA)__mdb_mdb-389_routes.geojson,C:\Users\wilsonschutterj\Downloads\GTFS_US\agency_enriched_geojson\routes_with_metadata\Illinois__Chicago_Transit_Authority_(CTA)__mdb_mdb-389_routes.geojson,success,1499,
routes,Illinois__Chicago_Water_Taxi__mdb_mdb-306,C:\Users\wilsonschutterj\Downloads\GTFS_US\agency_enriched_geojson\routes\Illinois__Chicago_Water_Taxi__mdb_mdb-306_routes.geojson,C:\Users\wilsonschutterj\Downloads\GTFS_US\agency_enriched_geojson\routes_with_metadata\Illinois__Chicago_Water_Taxi__mdb_mdb-306_routes.geojson,success,4,
routes,Illinois__City_of_Galesburg__mdb_ntd-50502,C:\Users\wilsonschutterj\Downloads\GTFS_US\agency_enriched_geojson\routes\Illinois__City_of_Galesburg__mdb_ntd-50502_routes.geojson,C:\Users\wilsonschutterj\Downloads\GTFS_US\agency_enriched_geojson\routes_with_metadata\Illinois__City_of_Galesburg__mdb_ntd-50502_routes.geojson,success,8,
routes,Illinois__Connect_Transit__mdb_mdb-2267,C:\Users\wilsonschutterj\Downloads\GTFS_US\agency_enriched_geojson\routes\Illinois__Connect_Transit__mdb_mdb-2267_routes.geojson,C:\Users\wilsonschutterj\Downloads\GTFS_US\agency_enriched_geojson\routes_with_metadata\Illinois__Connect_Transit__mdb_mdb-2267_routes.geojson,success,34,
routes,Illinois__Decatur_Public_Transit_System__mdb_tld-7036,C:\Users\wilsonschutterj\Downloads\GTFS_US\agency_enriched_geojson\routes\Illinois__Decatur_Public_Transit_System__mdb_tld-7036_routes.geojson,C:\Users\wilsonschutterj\Downloads\GTFS_US\agency_enriched_geojson\routes_with_metadata\Illinois__Decatur_Public_Transit_System__mdb_tld-7036_routes.geojson,success,67,
routes,Illinois__DeKalb_Public_Transit__mdb_mdb-308,C:\Users\wilsonschutterj\Downloads\GTFS_US\agency_enriched_geojson\routes\Illinois__DeKalb_Public_Transit__mdb_mdb-308_routes.geojson,C:\Users\wilsonschutterj\Downloads\GTFS_US\agency_enriched_geojson\routes_with_metadata\Illinois__DeKalb_Public_Transit__mdb_mdb-308_routes.geojson,success,14,
routes,Illinois__Greater_Peoria_Mass_Transit_(CityLink)__mdb_mdb-2208,C:\Users\wilsonschutterj\Downloads\GTFS_US\agency_enriched_geojson\routes\Illinois__Greater_Peoria_Mass_Transit_(CityLink)__mdb_mdb-2208_routes.geojson,C:\Users\wilsonschutterj\Downloads\GTFS_US\agency_enriched_geojson\routes_with_metadata\Illinois__Greater_Peoria_Mass_Transit_(CityLink)__mdb_mdb-2208_routes.geojson,success,44,
routes,Illinois__JAX_Mass_Transit_District__mdb_mdb-3408,C:\Users\wilsonschutterj\Downloads\GTFS_US\agency_enriched_geojson\routes\Illinois__JAX_Mass_Transit_District__mdb_mdb-3408_routes.geojson,C:\Users\wilsonschutterj\Downloads\GTFS_US\agency_enriched_geojson\routes_with_metadata\Illinois__JAX_Mass_Transit_District__mdb_mdb-3408_routes.geojson,success,6,
routes,Illinois__Pace_Bus__mdb_mdb-2347,C:\Users\wilsonschutterj\Downloads\GTFS_US\agency_enriched_geojson\routes\Illinois__Pace_Bus__mdb_mdb-2347_routes.geojson,C:\Users\wilsonschutterj\Downloads\GTFS_US\agency_enriched_geojson\routes_with_metadata\Illinois__Pace_Bus__mdb_mdb-2347_routes.geojson,success,773,
routes,Illinois__South_Shore_Line__mdb_mdb-585,C:\Users\wilsonschutterj\Downloads\GTFS_US\agency_enriched_geojson\routes\Illinois__South_Shore_Line__mdb_mdb-585_routes.geojson,C:\Users\wilsonschutterj\Downloads\GTFS_US\agency_enriched_geojson\routes_with_metadata\Illinois__South_Shore_Line__mdb_mdb-585_routes.geojson,success,6,
routes,Illinois__Springfield_Mass_Transit_District_(SMTD)__mdb_mdb-3187,C:\Users\wilsonschutterj\Downloads\GTFS_US\agency_enriched_geojson\routes\Illinois__Springfield_Mass_Transit_District_(SMTD)__mdb_mdb-3187_routes.geojson,C:\Users\wilsonschutterj\Downloads\GTFS_US\agency_enriched_geojson\routes_with_metadata\Illinois__Springfield_Mass_Transit_District_(SMTD)__mdb_mdb-3187_routes.geojson,success,60,
routes,Illinois__University_of_Chicago__mdb_tld-4472,C:\Users\wilsonschutterj\Downloads\GTFS_US\agency_enriched_geojson\routes\Illinois__University_of_Chicago__mdb_tld-4472_routes.geojson,C:\Users\wilsonschutterj\Downloads\GTFS_US\agency_enriched_geojson\routes_with_metadata\Illinois__University_of_Chicago__mdb_tld-4472_routes.geojson,success,15,
routes,Indiana__Bloomington_Transit__mdb_mdb-2066,C:\Users\wilsonschutterj\Downloads\GTFS_US\agency_enriched_geojson\routes\Indiana__Bloomington_Transit__mdb_mdb-2066_routes.geojson,C:\Users\wilsonschutterj\Downloads\GTFS_US\agency_enriched_geojson\routes_with_metadata\Indiana__Bloomington_Transit__mdb_mdb-2066_routes.geojson,success,41,
routes,"Indiana__Central_Indiana_Regional_Transportation_Authority,_Access_Johnson_County__mdb_ntd-50209","C:\Users\wilsonschutterj\Downloads\GTFS_US\agency_enriched_geojson\routes\Indiana__Central_Indiana_Regional_Transportation_Authority,_Access_Johnson_County__mdb_ntd-50209_routes.geojson","C:\Users\wilsonschutterj\Downloads\GTFS_US\agency_enriched_geojson\routes_with_metadata\Indiana__Central_Indiana_Regional_Transportation_Authority,_Access_Johnson_County__mdb_ntd-50209_routes.geojson",success,16,
routes,Indiana__Citilink__mdb_mdb-2266,C:\Users\wilsonschutterj\Downloads\GTFS_US\agency_enriched_geojson\routes\Indiana__Citilink__mdb_mdb-2266_routes.geojson,C:\Users\wilsonschutterj\Downloads\GTFS_US\agency_enriched_geojson\routes_with_metadata\Indiana__Citilink__mdb_mdb-2266_routes.geojson,success,59,
routes,Indiana__City_of_Kokomo__mdb_ntd-50145,C:\Users\wilsonschutterj\Downloads\GTFS_US\agency_enriched_geojson\routes\Indiana__City_of_Kokomo__mdb_ntd-50145_routes.geojson,C:\Users\wilsonschutterj\Downloads\GTFS_US\agency_enriched_geojson\routes_with_metadata\Indiana__City_of_Kokomo__mdb_ntd-50145_routes.geojson,success,6,
routes,Indiana__CityBus_of_Greater_Lafayette_Indiana_(CityBus)__mdb_mdb-391,C:\Users\wilsonschutterj\Downloads\GTFS_US\agency_enriched_geojson\routes\Indiana__CityBus_of_Greater_Lafayette_Indiana_(CityBus)__mdb_mdb-391_routes.geojson,C:\Users\wilsonschutterj\Downloads\GTFS_US\agency_enriched_geojson\routes_with_metadata\Indiana__CityBus_of_Greater_Lafayette_Indiana_(CityBus)__mdb_mdb-391_routes.geojson,success,49,
routes,Indiana__Gary_Public_Transportation_Corporation__mdb_tld-4129,C:\Users\wilsonschutterj\Downloads\GTFS_US\agency_enriched_geojson\routes\Indiana__Gary_Public_Transportation_Corporation__mdb_tld-4129_routes.geojson,C:\Users\wilsonschutterj\Downloads\GTFS_US\agency_enriched_geojson\routes_with_metadata\Indiana__Gary_Public_Transportation_Corporation__mdb_tld-4129_routes.geojson,success,26,
routes,Indiana__Interurban_Trolley__mdb_mdb-571,C:\Users\wilsonschutterj\Downloads\GTFS_US\agency_enriched_geojson\routes\Indiana__Interurban_Trolley__mdb_mdb-571_routes.geojson,C:\Users\wilsonschutterj\Downloads\GTFS_US\agency_enriched_geojson\routes_with_metadata\Indiana__Interurban_Trolley__mdb_mdb-571_routes.geojson,success,17,
routes,Indiana__South_Bend_Public_Transportation_Corporation__mdb_tld-7019,C:\Users\wilsonschutterj\Downloads\GTFS_US\agency_enriched_geojson\routes\Indiana__South_Bend_Public_Transportation_Corporation__mdb_tld-7019_routes.geojson,C:\Users\wilsonschutterj\Downloads\GTFS_US\agency_enriched_geojson\routes_with_metadata\Indiana__South_Bend_Public_Transportation_Corporation__mdb_tld-7019_routes.geojson,success,53,
routes,Indiana__Transit_Authority_of_River_City_(TARC)__mdb_mdb-2662,C:\Users\wilsonschutterj\Downloads\GTFS_US\agency_enriched_geojson\routes\Indiana__Transit_Authority_of_River_City_(TARC)__mdb_mdb-2662_routes.geojson,C:\Users\wilsonschutterj\Downloads\GTFS_US\agency_enriched_geojson\routes_with_metadata\Indiana__Transit_Authority_of_River_City_(TARC)__mdb_mdb-2662_routes.geojson,success,606,
routes,Indiana__Valparaiso_Transit__mdb_mdb-620,C:\Users\wilsonschutterj\Downloads\GTFS_US\agency_enriched_geojson\routes\Indiana__Valparaiso_Transit__mdb_mdb-620_routes.geojson,C:\Users\wilsonschutterj\Downloads\GTFS_US\agency_enriched_geojson\routes_with_metadata\Indiana__Valparaiso_Transit__mdb_mdb-620_routes.geojson,success,5,
routes,Iowa__10-15_Transit__mdb_mdb-195,C:\Users\wilsonschutterj\Downloads\GTFS_US\agency_enriched_geojson\routes\Iowa__10-15_Transit__mdb_mdb-195_routes.geojson,C:\Users\wilsonschutterj\Downloads\GTFS_US\agency_enriched_geojson\routes_with_metadata\Iowa__10-15_Transit__mdb_mdb-195_routes.geojson,success,14,
routes,Iowa__Bettendorf_Transit__mdb_mdb-1826,C:\Users\wilsonschutterj\Downloads\GTFS_US\agency_enriched_geojson\routes\Iowa__Bettendorf_Transit__mdb_mdb-1826_routes.geojson,C:\Users\wilsonschutterj\Downloads\GTFS_US\agency_enriched_geojson\routes_with_metadata\Iowa__Bettendorf_Transit__mdb_mdb-1826_routes.geojson,success,6,
routes,Iowa__Burlington_Urban_Service__mdb_mdb-199,C:\Users\wilsonschutterj\Downloads\GTFS_US\agency_enriched_geojson\routes\Iowa__Burlington_Urban_Service__mdb_mdb-199_routes.geojson,C:\Users\wilsonschutterj\Downloads\GTFS_US\agency_enriched_geojson\routes_with_metadata\Iowa__Burlington_Urban_Service__mdb_mdb-199_routes.geojson,success,13,
routes,Iowa__Cedar_Rapids_Transit__mdb_mdb-198,C:\Users\wilsonschutterj\Downloads\GTFS_US\agency_enriched_geojson\routes\Iowa__Cedar_Rapids_Transit__mdb_mdb-198_routes.geojson,C:\Users\wilsonschutterj\Downloads\GTFS_US\agency_enriched_geojson\routes_with_metadata\Iowa__Cedar_Rapids_Transit__mdb_mdb-198_routes.geojson,success,24,
routes,Iowa__Clinton_Municipal_Transit_Administration_(Clinton_MTA)__mdb_mdb-202,C:\Users\wilsonschutterj\Downloads\GTFS_US\agency_enriched_geojson\routes\Iowa__Clinton_Municipal_Transit_Administration_(Clinton_MTA)__mdb_mdb-202_routes.geojson,C:\Users\wilsonschutterj\Downloads\GTFS_US\agency_enriched_geojson\routes_with_metadata\Iowa__Clinton_Municipal_Transit_Administration_(Clinton_MTA)__mdb_mdb-202_routes.geojson,success,6,
routes,Iowa__Coralville_Transit__mdb_mdb-196,C:\Users\wilsonschutterj\Downloads\GTFS_US\agency_enriched_geojson\routes\Iowa__Coralville_Transit__mdb_mdb-196_routes.geojson,C:\Users\wilsonschutterj\Downloads\GTFS_US\agency_enriched_geojson\routes_with_metadata\Iowa__Coralville_Transit__mdb_mdb-196_routes.geojson,success,16,
routes,Iowa__CorridorRides__mdb_mdb-316,C:\Users\wilsonschutterj\Downloads\GTFS_US\agency_enriched_geojson\routes\Iowa__CorridorRides__mdb_mdb-316_routes.geojson,C:\Users\wilsonschutterj\Downloads\GTFS_US\agency_enriched_geojson\routes_with_metadata\Iowa__CorridorRides__mdb_mdb-316_routes.geojson,success,8,
routes,Iowa__CyRide__mdb_mdb-923,C:\Users\wilsonschutterj\Downloads\GTFS_US\agency_enriched_geojson\routes\Iowa__CyRide__mdb_mdb-923_routes.geojson,C:\Users\wilsonschutterj\Downloads\GTFS_US\agency_enriched_geojson\routes_with_metadata\Iowa__CyRide__mdb_mdb-923_routes.geojson,success,24,
routes,Iowa__Des_Moines_Area_Regional_Transit_Authority_(DART)__mdb_mdb-193,C:\Users\wilsonschutterj\Downloads\GTFS_US\agency_enriched_geojson\routes\Iowa__Des_Moines_Area_Regional_Transit_Authority_(DART)__mdb_mdb-193_routes.geojson,C:\Users\wilsonschutterj\Downloads\GTFS_US\agency_enriched_geojson\routes_with_metadata\Iowa__Des_Moines_Area_Regional_Transit_Authority_(DART)__mdb_mdb-193_routes.geojson,success,82,
routes,Iowa__Dodger_Area_Rapid_Transit__mdb_mdb-203,C:\Users\wilsonschutterj\Downloads\GTFS_US\agency_enriched_geojson\routes\Iowa__Dodger_Area_Rapid_Transit__mdb_mdb-203_routes.geojson,C:\Users\wilsonschutterj\Downloads\GTFS_US\agency_enriched_geojson\routes_with_metadata\Iowa__Dodger_Area_Rapid_Transit__mdb_mdb-203_routes.geojson,success,12,
routes,Iowa__Iowa_City_Transit_System__mdb_mdb-559,C:\Users\wilsonschutterj\Downloads\GTFS_US\agency_enriched_geojson\routes\Iowa__Iowa_City_Transit_System__mdb_mdb-559_routes.geojson,C:\Users\wilsonschutterj\Downloads\GTFS_US\agency_enriched_geojson\routes_with_metadata\Iowa__Iowa_City_Transit_System__mdb_mdb-559_routes.geojson,success,30,
routes,Iowa__Marshalltown_Municipal_Transit__mdb_mdb-194,C:\Users\wilsonschutterj\Downloads\GTFS_US\agency_enriched_geojson\routes\Iowa__Marshalltown_Municipal_Transit__mdb_mdb-194_routes.geojson,C:\Users\wilsonschutterj\Downloads\GTFS_US\agency_enriched_geojson\routes_with_metadata\Iowa__Marshalltown_Municipal_Transit__mdb_mdb-194_routes.geojson,success,12,
routes,Iowa__Mason_City_Public_Transit__mdb_mdb-204,C:\Users\wilsonschutterj\Downloads\GTFS_US\agency_enriched_geojson\routes\Iowa__Mason_City_Public_Transit__mdb_mdb-204_routes.geojson,C:\Users\wilsonschutterj\Downloads\GTFS_US\agency_enriched_geojson\routes_with_metadata\Iowa__Mason_City_Public_Transit__mdb_mdb-204_routes.geojson,success,6,
routes,Iowa__Metropolitan_Transit_Authority_of_Black_Hawk_County__mdb_mdb-2414,C:\Users\wilsonschutterj\Downloads\GTFS_US\agency_enriched_geojson\routes\Iowa__Metropolitan_Transit_Authority_of_Black_Hawk_County__mdb_mdb-2414_routes.geojson,C:\Users\wilsonschutterj\Downloads\GTFS_US\agency_enriched_geojson\routes_with_metadata\Iowa__Metropolitan_Transit_Authority_of_Black_Hawk_County__mdb_mdb-2414_routes.geojson,success,23,
routes,Iowa__MuscaBus__mdb_mdb-200,C:\Users\wilsonschutterj\Downloads\GTFS_US\agency_enriched_geojson\routes\Iowa__MuscaBus__mdb_mdb-200_routes.geojson,C:\Users\wilsonschutterj\Downloads\GTFS_US\agency_enriched_geojson\routes_with_metadata\Iowa__MuscaBus__mdb_mdb-200_routes.geojson,success,17,
routes,Iowa__Sioux_City_Transit_System__mdb_mdb-191,C:\Users\wilsonschutterj\Downloads\GTFS_US\agency_enriched_geojson\routes\Iowa__Sioux_City_Transit_System__mdb_mdb-191_routes.geojson,C:\Users\wilsonschutterj\Downloads\GTFS_US\agency_enriched_geojson\routes_with_metadata\Iowa__Sioux_City_Transit_System__mdb_mdb-191_routes.geojson,success,29,
routes,Iowa__The_Jule__mdb_mdb-2083,C:\Users\wilsonschutterj\Downloads\GTFS_US\agency_enriched_geojson\routes\Iowa__The_Jule__mdb_mdb-2083_routes.geojson,C:\Users\wilsonschutterj\Downloads\GTFS_US\agency_enriched_geojson\routes_with_metadata\Iowa__The_Jule__mdb_mdb-2083_routes.geojson,success,35,
routes,Iowa__University_of_Iowa_-_CAMBUS_(CAMBUS)__mdb_mdb-197,C:\Users\wilsonschutterj\Downloads\GTFS_US\agency_enriched_geojson\routes\Iowa__University_of_Iowa_-_CAMBUS_(CAMBUS)__mdb_mdb-197_routes.geojson,C:\Users\wilsonschutterj\Downloads\GTFS_US\agency_enriched_geojson\routes_with_metadata\Iowa__University_of_Iowa_-_CAMBUS_(CAMBUS)__mdb_mdb-197_routes.geojson,success,25,
routes,Kansas__Developmental_Services_of_NW_Kansas_ACCESS_Transportation__mdb_ntd-70060,C:\Users\wilsonschutterj\Downloads\GTFS_US\agency_enriched_geojson\routes\Kansas__Developmental_Services_of_NW_Kansas_ACCESS_Transportation__mdb_ntd-70060_routes.geojson,C:\Users\wilsonschutterj\Downloads\GTFS_US\agency_enriched_geojson\routes_with_metadata\Kansas__Developmental_Services_of_NW_Kansas_ACCESS_Transportation__mdb_ntd-70060_routes.geojson,success,3,
routes,Kansas__Flint_Hills_Area_Transportation_Agency__mdb_tld-4273,C:\Users\wilsonschutterj\Downloads\GTFS_US\agency_enriched_geojson\routes\Kansas__Flint_Hills_Area_Transportation_Agency__mdb_tld-4273_routes.geojson,C:\Users\wilsonschutterj\Downloads\GTFS_US\agency_enriched_geojson\routes_with_metadata\Kansas__Flint_Hills_Area_Transportation_Agency__mdb_tld-4273_routes.geojson,success,17,
routes,Kansas__Johnson_County_Transit__mdb_mdb-2303,C:\Users\wilsonschutterj\Downloads\GTFS_US\agency_enriched_geojson\routes\Kansas__Johnson_County_Transit__mdb_mdb-2303_routes.geojson,C:\Users\wilsonschutterj\Downloads\GTFS_US\agency_enriched_geojson\routes_with_metadata\Kansas__Johnson_County_Transit__mdb_mdb-2303_routes.geojson,success,22,
routes,Kansas__Kansas_City_Area_Transportation_Authority_(KCATA)__mdb_mdb-187,C:\Users\wilsonschutterj\Downloads\GTFS_US\agency_enriched_geojson\routes\Kansas__Kansas_City_Area_Transportation_Authority_(KCATA)__mdb_mdb-187_routes.geojson,C:\Users\wilsonschutterj\Downloads\GTFS_US\agency_enriched_geojson\routes_with_metadata\Kansas__Kansas_City_Area_Transportation_Authority_(KCATA)__mdb_mdb-187_routes.geojson,success,101,
routes,Kansas__KU_on_Wheels_&_Lawrence_Transit_System__mdb_mdb-2063,C:\Users\wilsonschutterj\Downloads\GTFS_US\agency_enriched_geojson\routes\Kansas__KU_on_Wheels_&_Lawrence_Transit_System__mdb_mdb-2063_routes.geojson,C:\Users\wilsonschutterj\Downloads\GTFS_US\agency_enriched_geojson\routes_with_metadata\Kansas__KU_on_Wheels_&_Lawrence_Transit_System__mdb_mdb-2063_routes.geojson,success,40,
routes,Kansas__KU_on_Wheels_&_Lawrence_Transit_System__mdb_tld-1039,C:\Users\wilsonschutterj\Downloads\GTFS_US\agency_enriched_geojson\routes\Kansas__KU_on_Wheels_&_Lawrence_Transit_System__mdb_tld-1039_routes.geojson,C:\Users\wilsonschutterj\Downloads\GTFS_US\agency_enriched_geojson\routes_with_metadata\Kansas__KU_on_Wheels_&_Lawrence_Transit_System__mdb_tld-1039_routes.geojson,success,64,
routes,Kansas__Reno_County_Area_Transit__mdb_tld-6670,C:\Users\wilsonschutterj\Downloads\GTFS_US\agency_enriched_geojson\routes\Kansas__Reno_County_Area_Transit__mdb_tld-6670_routes.geojson,C:\Users\wilsonschutterj\Downloads\GTFS_US\agency_enriched_geojson\routes_with_metadata\Kansas__Reno_County_Area_Transit__mdb_tld-6670_routes.geojson,success,8,
routes,Kansas__Topeka_Metro__mdb_tld-1660_1,C:\Users\wilsonschutterj\Downloads\GTFS_US\agency_enriched_geojson\routes\Kansas__Topeka_Metro__mdb_tld-1660_1_routes.geojson,C:\Users\wilsonschutterj\Downloads\GTFS_US\agency_enriched_geojson\routes_with_metadata\Kansas__Topeka_Metro__mdb_tld-1660_1_routes.geojson,success,29,
routes,Kentucky__Blue_Grass_Community_Action_Partnership__mdb_mdb-362,C:\Users\wilsonschutterj\Downloads\GTFS_US\agency_enriched_geojson\routes\Kentucky__Blue_Grass_Community_Action_Partnership__mdb_mdb-362_routes.geojson,C:\Users\wilsonschutterj\Downloads\GTFS_US\agency_enriched_geojson\routes_with_metadata\Kentucky__Blue_Grass_Community_Action_Partnership__mdb_mdb-362_routes.geojson,success,31,
routes,Kentucky__City_of_Bowling_Green__mdb_ntd-40184,C:\Users\wilsonschutterj\Downloads\GTFS_US\agency_enriched_geojson\routes\Kentucky__City_of_Bowling_Green__mdb_ntd-40184_routes.geojson,C:\Users\wilsonschutterj\Downloads\GTFS_US\agency_enriched_geojson\routes_with_metadata\Kentucky__City_of_Bowling_Green__mdb_ntd-40184_routes.geojson,success,7,
routes,Kentucky__City_of_Maysville__mdb_ntd-41032,C:\Users\wilsonschutterj\Downloads\GTFS_US\agency_enriched_geojson\routes\Kentucky__City_of_Maysville__mdb_ntd-41032_routes.geojson,C:\Users\wilsonschutterj\Downloads\GTFS_US\agency_enriched_geojson\routes_with_metadata\Kentucky__City_of_Maysville__mdb_ntd-41032_routes.geojson,success,1,
routes,Kentucky__Lextran__mdb_mdb-2067,C:\Users\wilsonschutterj\Downloads\GTFS_US\agency_enriched_geojson\routes\Kentucky__Lextran__mdb_mdb-2067_routes.geojson,C:\Users\wilsonschutterj\Downloads\GTFS_US\agency_enriched_geojson\routes_with_metadata\Kentucky__Lextran__mdb_mdb-2067_routes.geojson,success,90,
routes,Kentucky__Transit_Authority_of_Northern_Kentucky_(TANK)__mdb_mdb-2068,C:\Users\wilsonschutterj\Downloads\GTFS_US\agency_enriched_geojson\routes\Kentucky__Transit_Authority_of_Northern_Kentucky_(TANK)__mdb_mdb-2068_routes.geojson,C:\Users\wilsonschutterj\Downloads\GTFS_US\agency_enriched_geojson\routes_with_metadata\Kentucky__Transit_Authority_of_Northern_Kentucky_(TANK)__mdb_mdb-2068_routes.geojson,success,118,
routes,Louisiana__Capital_Area_Transit_System_(CATS)__mdb_mdb-2065,C:\Users\wilsonschutterj\Downloads\GTFS_US\agency_enriched_geojson\routes\Louisiana__Capital_Area_Transit_System_(CATS)__mdb_mdb-2065_routes.geojson,C:\Users\wilsonschutterj\Downloads\GTFS_US\agency_enriched_geojson\routes_with_metadata\Louisiana__Capital_Area_Transit_System_(CATS)__mdb_mdb-2065_routes.geojson,success,116,
routes,Louisiana__Good_Earth_Transit__mdb_ntd-60080,C:\Users\wilsonschutterj\Downloads\GTFS_US\agency_enriched_geojson\routes\Louisiana__Good_Earth_Transit__mdb_ntd-60080_routes.geojson,C:\Users\wilsonschutterj\Downloads\GTFS_US\agency_enriched_geojson\routes_with_metadata\Louisiana__Good_Earth_Transit__mdb_ntd-60080_routes.geojson,success,41,
routes,Louisiana__Lake_Charles_Transit__mdb_ntd-60023,C:\Users\wilsonschutterj\Downloads\GTFS_US\agency_enriched_geojson\routes\Louisiana__Lake_Charles_Transit__mdb_ntd-60023_routes.geojson,C:\Users\wilsonschutterj\Downloads\GTFS_US\agency_enriched_geojson\routes_with_metadata\Louisiana__Lake_Charles_Transit__mdb_ntd-60023_routes.geojson,success,5,
routes,Louisiana__New_Orleans_Regional_Transit_Authority_(NORTA)__mdb_ntd-60032,C:\Users\wilsonschutterj\Downloads\GTFS_US\agency_enriched_geojson\routes\Louisiana__New_Orleans_Regional_Transit_Authority_(NORTA)__mdb_ntd-60032_routes.geojson,C:\Users\wilsonschutterj\Downloads\GTFS_US\agency_enriched_geojson\routes_with_metadata\Louisiana__New_Orleans_Regional_Transit_Authority_(NORTA)__mdb_ntd-60032_routes.geojson,success,92,
routes,Louisiana__Shreveport_and_Bossier_City__mdb_mdb-1060,C:\Users\wilsonschutterj\Downloads\GTFS_US\agency_enriched_geojson\routes\Louisiana__Shreveport_and_Bossier_City__mdb_mdb-1060_routes.geojson,C:\Users\wilsonschutterj\Downloads\GTFS_US\agency_enriched_geojson\routes_with_metadata\Louisiana__Shreveport_and_Bossier_City__mdb_mdb-1060_routes.geojson,success,55,
routes,Louisiana__St._Bernard_Parish__mdb_ntd-60058,C:\Users\wilsonschutterj\Downloads\GTFS_US\agency_enriched_geojson\routes\Louisiana__St._Bernard_Parish__mdb_ntd-60058_routes.geojson,C:\Users\wilsonschutterj\Downloads\GTFS_US\agency_enriched_geojson\routes_with_metadata\Louisiana__St._Bernard_Parish__mdb_ntd-60058_routes.geojson,success,2,
routes,Maine__Acadia_National_Park__mdb_tld-6900,C:\Users\wilsonschutterj\Downloads\GTFS_US\agency_enriched_geojson\routes\Maine__Acadia_National_Park__mdb_tld-6900_routes.geojson,C:\Users\wilsonschutterj\Downloads\GTFS_US\agency_enriched_geojson\routes_with_metadata\Maine__Acadia_National_Park__mdb_tld-6900_routes.geojson,success,38,
routes,Maine__Bangor_Community_Connector__mdb_tld-7824,C:\Users\wilsonschutterj\Downloads\GTFS_US\agency_enriched_geojson\routes\Maine__Bangor_Community_Connector__mdb_tld-7824_routes.geojson,C:\Users\wilsonschutterj\Downloads\GTFS_US\agency_enriched_geojson\routes_with_metadata\Maine__Bangor_Community_Connector__mdb_tld-7824_routes.geojson,success,24,
routes,Maine__Biddeford_Saco_Old_Orchard_Beach_Transit__mdb_tld-4756,C:\Users\wilsonschutterj\Downloads\GTFS_US\agency_enriched_geojson\routes\Maine__Biddeford_Saco_Old_Orchard_Beach_Transit__mdb_tld-4756_routes.geojson,C:\Users\wilsonschutterj\Downloads\GTFS_US\agency_enriched_geojson\routes_with_metadata\Maine__Biddeford_Saco_Old_Orchard_Beach_Transit__mdb_tld-4756_routes.geojson,success,27,
routes,Maine__Greater_Portland_Metro_Bus__mdb_mdb-2642,C:\Users\wilsonschutterj\Downloads\GTFS_US\agency_enriched_geojson\routes\Maine__Greater_Portland_Metro_Bus__mdb_mdb-2642_routes.geojson,C:\Users\wilsonschutterj\Downloads\GTFS_US\agency_enriched_geojson\routes_with_metadata\Maine__Greater_Portland_Metro_Bus__mdb_mdb-2642_routes.geojson,success,102,
routes,Maine__Lakes_Region_Explorer__mdb_mdb-452,C:\Users\wilsonschutterj\Downloads\GTFS_US\agency_enriched_geojson\routes\Maine__Lakes_Region_Explorer__mdb_mdb-452_routes.geojson,C:\Users\wilsonschutterj\Downloads\GTFS_US\agency_enriched_geojson\routes_with_metadata\Maine__Lakes_Region_Explorer__mdb_mdb-452_routes.geojson,success,1,
routes,Maine__West's_Bus_Service__mdb_tld-7870,C:\Users\wilsonschutterj\Downloads\GTFS_US\agency_enriched_geojson\routes\Maine__West's_Bus_Service__mdb_tld-7870_routes.geojson,C:\Users\wilsonschutterj\Downloads\GTFS_US\agency_enriched_geojson\routes_with_metadata\Maine__West's_Bus_Service__mdb_tld-7870_routes.geojson,success,12,
routes,Maryland__Annapolis_Transit__mdb_mdb-2285,C:\Users\wilsonschutterj\Downloads\GTFS_US\agency_enriched_geojson\routes\Maryland__Annapolis_Transit__mdb_mdb-2285_routes.geojson,C:\Users\wilsonschutterj\Downloads\GTFS_US\agency_enriched_geojson\routes_with_metadata\Maryland__Annapolis_Transit__mdb_mdb-2285_routes.geojson,success,14,
routes,Maryland__Cecil_Transit__mdb_mdb-3178,C:\Users\wilsonschutterj\Downloads\GTFS_US\agency_enriched_geojson\routes\Maryland__Cecil_Transit__mdb_mdb-3178_routes.geojson,C:\Users\wilsonschutterj\Downloads\GTFS_US\agency_enriched_geojson\routes_with_metadata\Maryland__Cecil_Transit__mdb_mdb-3178_routes.geojson,success,19,
routes,Maryland__Frederick_County_TransIT__mdb_mdb-2432,C:\Users\wilsonschutterj\Downloads\GTFS_US\agency_enriched_geojson\routes\Maryland__Frederick_County_TransIT__mdb_mdb-2432_routes.geojson,C:\Users\wilsonschutterj\Downloads\GTFS_US\agency_enriched_geojson\routes_with_metadata\Maryland__Frederick_County_TransIT__mdb_mdb-2432_routes.geojson,success,35,
routes,Maryland__Harbor_Connector__mdb_mdb-618,C:\Users\wilsonschutterj\Downloads\GTFS_US\agency_enriched_geojson\routes\Maryland__Harbor_Connector__mdb_mdb-618_routes.geojson,C:\Users\wilsonschutterj\Downloads\GTFS_US\agency_enriched_geojson\routes_with_metadata\Maryland__Harbor_Connector__mdb_mdb-618_routes.geojson,success,6,
routes,Maryland__Maryland_Transit_Administration__mdb_mdb-466,C:\Users\wilsonschutterj\Downloads\GTFS_US\agency_enriched_geojson\routes\Maryland__Maryland_Transit_Administration__mdb_mdb-466_routes.geojson,C:\Users\wilsonschutterj\Downloads\GTFS_US\agency_enriched_geojson\routes_with_metadata\Maryland__Maryland_Transit_Administration__mdb_mdb-466_routes.geojson,success,588,
routes,Maryland__Maryland_Transit_Administration__mdb_mdb-469,C:\Users\wilsonschutterj\Downloads\GTFS_US\agency_enriched_geojson\routes\Maryland__Maryland_Transit_Administration__mdb_mdb-469_routes.geojson,C:\Users\wilsonschutterj\Downloads\GTFS_US\agency_enriched_geojson\routes_with_metadata\Maryland__Maryland_Transit_Administration__mdb_mdb-469_routes.geojson,success,22,
routes,Maryland__Maryland_Transit_Administration_Metro_Subway__mdb_mdb-470,C:\Users\wilsonschutterj\Downloads\GTFS_US\agency_enriched_geojson\routes\Maryland__Maryland_Transit_Administration_Metro_Subway__mdb_mdb-470_routes.geojson,C:\Users\wilsonschutterj\Downloads\GTFS_US\agency_enriched_geojson\routes_with_metadata\Maryland__Maryland_Transit_Administration_Metro_Subway__mdb_mdb-470_routes.geojson,success,6,
routes,Maryland__Montgomery_County_Department_of_Transportation_(Ride_On)__mdb_mdb-488,C:\Users\wilsonschutterj\Downloads\GTFS_US\agency_enriched_geojson\routes\Maryland__Montgomery_County_Department_of_Transportation_(Ride_On)__mdb_mdb-488_routes.geojson,C:\Users\wilsonschutterj\Downloads\GTFS_US\agency_enriched_geojson\routes_with_metadata\Maryland__Montgomery_County_Department_of_Transportation_(Ride_On)__mdb_mdb-488_routes.geojson,success,265,
routes,Maryland__Prince_George's_County_(The_Bus)__mdb_mdb-477,C:\Users\wilsonschutterj\Downloads\GTFS_US\agency_enriched_geojson\routes\Maryland__Prince_George's_County_(The_Bus)__mdb_mdb-477_routes.geojson,C:\Users\wilsonschutterj\Downloads\GTFS_US\agency_enriched_geojson\routes_with_metadata\Maryland__Prince_George's_County_(The_Bus)__mdb_mdb-477_routes.geojson,success,62,
routes,Maryland__rabbittransit__mdb_tld-223,C:\Users\wilsonschutterj\Downloads\GTFS_US\agency_enriched_geojson\routes\Maryland__rabbittransit__mdb_tld-223_routes.geojson,C:\Users\wilsonschutterj\Downloads\GTFS_US\agency_enriched_geojson\routes_with_metadata\Maryland__rabbittransit__mdb_tld-223_routes.geojson,success,479,
routes,Maryland__Regional_Transportation_Agency_of_Central_Maryland_(RTA)__mdb_mdb-489,C:\Users\wilsonschutterj\Downloads\GTFS_US\agency_enriched_geojson\routes\Maryland__Regional_Transportation_Agency_of_Central_Maryland_(RTA)__mdb_mdb-489_routes.geojson,C:\Users\wilsonschutterj\Downloads\GTFS_US\agency_enriched_geojson\routes_with_metadata\Maryland__Regional_Transportation_Agency_of_Central_Maryland_(RTA)__mdb_mdb-489_routes.geojson,success,54,
routes,Maryland__Saint_Maryʼs_Transit_System__mdb_mdb-2268,C:\Users\wilsonschutterj\Downloads\GTFS_US\agency_enriched_geojson\routes\Maryland__Saint_Maryʼs_Transit_System__mdb_mdb-2268_routes.geojson,C:\Users\wilsonschutterj\Downloads\GTFS_US\agency_enriched_geojson\routes_with_metadata\Maryland__Saint_Maryʼs_Transit_System__mdb_mdb-2268_routes.geojson,success,62,
routes,Maryland__Towson_Loop__mdb_mdb-1784,C:\Users\wilsonschutterj\Downloads\GTFS_US\agency_enriched_geojson\routes\Maryland__Towson_Loop__mdb_mdb-1784_routes.geojson,C:\Users\wilsonschutterj\Downloads\GTFS_US\agency_enriched_geojson\routes_with_metadata\Maryland__Towson_Loop__mdb_mdb-1784_routes.geojson,success,4,
routes,Maryland__Washington_County_Transit__mdb_mdb-2286,C:\Users\wilsonschutterj\Downloads\GTFS_US\agency_enriched_geojson\routes\Maryland__Washington_County_Transit__mdb_mdb-2286_routes.geojson,C:\Users\wilsonschutterj\Downloads\GTFS_US\agency_enriched_geojson\routes_with_metadata\Maryland__Washington_County_Transit__mdb_mdb-2286_routes.geojson,success,13,
routes,Massachusetts__Bay_State_Cruise_Company__mdb_mdb-435,C:\Users\wilsonschutterj\Downloads\GTFS_US\agency_enriched_geojson\routes\Massachusetts__Bay_State_Cruise_Company__mdb_mdb-435_routes.geojson,C:\Users\wilsonschutterj\Downloads\GTFS_US\agency_enriched_geojson\routes_with_metadata\Massachusetts__Bay_State_Cruise_Company__mdb_mdb-435_routes.geojson,success,2,
routes,Massachusetts__Berkshire_Regional_Transit_Authority_(BRTA)__mdb_mdb-537,C:\Users\wilsonschutterj\Downloads\GTFS_US\agency_enriched_geojson\routes\Massachusetts__Berkshire_Regional_Transit_Authority_(BRTA)__mdb_mdb-537_routes.geojson,C:\Users\wilsonschutterj\Downloads\GTFS_US\agency_enriched_geojson\routes_with_metadata\Massachusetts__Berkshire_Regional_Transit_Authority_(BRTA)__mdb_mdb-537_routes.geojson,success,42,
routes,Massachusetts__Block_Island_Ferry__mdb_mdb-554,C:\Users\wilsonschutterj\Downloads\GTFS_US\agency_enriched_geojson\routes\Massachusetts__Block_Island_Ferry__mdb_mdb-554_routes.geojson,C:\Users\wilsonschutterj\Downloads\GTFS_US\agency_enriched_geojson\routes_with_metadata\Massachusetts__Block_Island_Ferry__mdb_mdb-554_routes.geojson,success,2,
routes,Massachusetts__Blue_Apple_Bus_Company__mdb_mdb-2299,C:\Users\wilsonschutterj\Downloads\GTFS_US\agency_enriched_geojson\routes\Massachusetts__Blue_Apple_Bus_Company__mdb_mdb-2299_routes.geojson,C:\Users\wilsonschutterj\Downloads\GTFS_US\agency_enriched_geojson\routes_with_metadata\Massachusetts__Blue_Apple_Bus_Company__mdb_mdb-2299_routes.geojson,success,4,
routes,Massachusetts__Boston_Harbor_Island_National_Recreation_Area__mdb_mdb-3416,C:\Users\wilsonschutterj\Downloads\GTFS_US\agency_enriched_geojson\routes\Massachusetts__Boston_Harbor_Island_National_Recreation_Area__mdb_mdb-3416_routes.geojson,C:\Users\wilsonschutterj\Downloads\GTFS_US\agency_enriched_geojson\routes_with_metadata\Massachusetts__Boston_Harbor_Island_National_Recreation_Area__mdb_mdb-3416_routes.geojson,success,2,
routes,Massachusetts__Boston_Harbor_Islands_Ferry__mdb_mdb-2679,C:\Users\wilsonschutterj\Downloads\GTFS_US\agency_enriched_geojson\routes\Massachusetts__Boston_Harbor_Islands_Ferry__mdb_mdb-2679_routes.geojson,C:\Users\wilsonschutterj\Downloads\GTFS_US\agency_enriched_geojson\routes_with_metadata\Massachusetts__Boston_Harbor_Islands_Ferry__mdb_mdb-2679_routes.geojson,success,8,
routes,Massachusetts__Brockton_Area_Transit_Authority_(BAT)__mdb_mdb-422,C:\Users\wilsonschutterj\Downloads\GTFS_US\agency_enriched_geojson\routes\Massachusetts__Brockton_Area_Transit_Authority_(BAT)__mdb_mdb-422_routes.geojson,C:\Users\wilsonschutterj\Downloads\GTFS_US\agency_enriched_geojson\routes_with_metadata\Massachusetts__Brockton_Area_Transit_Authority_(BAT)__mdb_mdb-422_routes.geojson,success,44,
routes,Massachusetts__Brockton_Area_Transit_Authority__mdb_ntd-10004,C:\Users\wilsonschutterj\Downloads\GTFS_US\agency_enriched_geojson\routes\Massachusetts__Brockton_Area_Transit_Authority__mdb_ntd-10004_routes.geojson,C:\Users\wilsonschutterj\Downloads\GTFS_US\agency_enriched_geojson\routes_with_metadata\Massachusetts__Brockton_Area_Transit_Authority__mdb_ntd-10004_routes.geojson,success,37,
routes,Massachusetts__Cape_Ann_Transportation_Authority_(CATA)__mdb_mdb-447,C:\Users\wilsonschutterj\Downloads\GTFS_US\agency_enriched_geojson\routes\Massachusetts__Cape_Ann_Transportation_Authority_(CATA)__mdb_mdb-447_routes.geojson,C:\Users\wilsonschutterj\Downloads\GTFS_US\agency_enriched_geojson\routes_with_metadata\Massachusetts__Cape_Ann_Transportation_Authority_(CATA)__mdb_mdb-447_routes.geojson,success,35,
routes,Massachusetts__Cape_Cod_Regional_Transportation_Authority_(Cape_Cod_RTA)__mdb_mdb-645,C:\Users\wilsonschutterj\Downloads\GTFS_US\agency_enriched_geojson\routes\Massachusetts__Cape_Cod_Regional_Transportation_Authority_(Cape_Cod_RTA)__mdb_mdb-645_routes.geojson,C:\Users\wilsonschutterj\Downloads\GTFS_US\agency_enriched_geojson\routes_with_metadata\Massachusetts__Cape_Cod_Regional_Transportation_Authority_(Cape_Cod_RTA)__mdb_mdb-645_routes.geojson,success,61,
routes,Massachusetts__Cuttyhunk_Ferry_Company__mdb_mdb-423,C:\Users\wilsonschutterj\Downloads\GTFS_US\agency_enriched_geojson\routes\Massachusetts__Cuttyhunk_Ferry_Company__mdb_mdb-423_routes.geojson,C:\Users\wilsonschutterj\Downloads\GTFS_US\agency_enriched_geojson\routes_with_metadata\Massachusetts__Cuttyhunk_Ferry_Company__mdb_mdb-423_routes.geojson,success,2,
routes,Massachusetts__Franklin_Regional_Transit_Authority_(FRTA)__mdb_mdb-429,C:\Users\wilsonschutterj\Downloads\GTFS_US\agency_enriched_geojson\routes\Massachusetts__Franklin_Regional_Transit_Authority_(FRTA)__mdb_mdb-429_routes.geojson,C:\Users\wilsonschutterj\Downloads\GTFS_US\agency_enriched_geojson\routes_with_metadata\Massachusetts__Franklin_Regional_Transit_Authority_(FRTA)__mdb_mdb-429_routes.geojson,success,38,
routes,Massachusetts__Freedom_Cruise_Line__mdb_mdb-425,C:\Users\wilsonschutterj\Downloads\GTFS_US\agency_enriched_geojson\routes\Massachusetts__Freedom_Cruise_Line__mdb_mdb-425_routes.geojson,C:\Users\wilsonschutterj\Downloads\GTFS_US\agency_enriched_geojson\routes_with_metadata\Massachusetts__Freedom_Cruise_Line__mdb_mdb-425_routes.geojson,success,2,
routes,Massachusetts__Green_Mountain_Community_Network_(GMCN)__mdb_mdb-539,C:\Users\wilsonschutterj\Downloads\GTFS_US\agency_enriched_geojson\routes\Massachusetts__Green_Mountain_Community_Network_(GMCN)__mdb_mdb-539_routes.geojson,C:\Users\wilsonschutterj\Downloads\GTFS_US\agency_enriched_geojson\routes_with_metadata\Massachusetts__Green_Mountain_Community_Network_(GMCN)__mdb_mdb-539_routes.geojson,success,36,
routes,Massachusetts__Hy-Line_Cruises__mdb_mdb-427,C:\Users\wilsonschutterj\Downloads\GTFS_US\agency_enriched_geojson\routes\Massachusetts__Hy-Line_Cruises__mdb_mdb-427_routes.geojson,C:\Users\wilsonschutterj\Downloads\GTFS_US\agency_enriched_geojson\routes_with_metadata\Massachusetts__Hy-Line_Cruises__mdb_mdb-427_routes.geojson,success,6,
routes,Massachusetts__Lowell_Regional_Transit_Authority_(LRTA)__mdb_mdb-444,C:\Users\wilsonschutterj\Downloads\GTFS_US\agency_enriched_geojson\routes\Massachusetts__Lowell_Regional_Transit_Authority_(LRTA)__mdb_mdb-444_routes.geojson,C:\Users\wilsonschutterj\Downloads\GTFS_US\agency_enriched_geojson\routes_with_metadata\Massachusetts__Lowell_Regional_Transit_Authority_(LRTA)__mdb_mdb-444_routes.geojson,success,45,
routes,Massachusetts__Martha's_Vineyard_Transit_Authority__mdb_mdb-420,C:\Users\wilsonschutterj\Downloads\GTFS_US\agency_enriched_geojson\routes\Massachusetts__Martha's_Vineyard_Transit_Authority__mdb_mdb-420_routes.geojson,C:\Users\wilsonschutterj\Downloads\GTFS_US\agency_enriched_geojson\routes_with_metadata\Massachusetts__Martha's_Vineyard_Transit_Authority__mdb_mdb-420_routes.geojson,success,28,
routes,Massachusetts__Massachusetts_Bay_Transportation_Authority_(MBTA)__mdb_mdb-437,C:\Users\wilsonschutterj\Downloads\GTFS_US\agency_enriched_geojson\routes\Massachusetts__Massachusetts_Bay_Transportation_Authority_(MBTA)__mdb_mdb-437_routes.geojson,C:\Users\wilsonschutterj\Downloads\GTFS_US\agency_enriched_geojson\routes_with_metadata\Massachusetts__Massachusetts_Bay_Transportation_Authority_(MBTA)__mdb_mdb-437_routes.geojson,success,1165,
routes,Massachusetts__Massport__mdb_mdb-441,C:\Users\wilsonschutterj\Downloads\GTFS_US\agency_enriched_geojson\routes\Massachusetts__Massport__mdb_mdb-441_routes.geojson,C:\Users\wilsonschutterj\Downloads\GTFS_US\agency_enriched_geojson\routes_with_metadata\Massachusetts__Massport__mdb_mdb-441_routes.geojson,success,28,
routes,Massachusetts__Merrimack_Valley_Regional_Transit_Authority_(MVRTA)__mdb_mdb-445,C:\Users\wilsonschutterj\Downloads\GTFS_US\agency_enriched_geojson\routes\Massachusetts__Merrimack_Valley_Regional_Transit_Authority_(MVRTA)__mdb_mdb-445_routes.geojson,C:\Users\wilsonschutterj\Downloads\GTFS_US\agency_enriched_geojson\routes_with_metadata\Massachusetts__Merrimack_Valley_Regional_Transit_Authority_(MVRTA)__mdb_mdb-445_routes.geojson,success,70,
routes,Massachusetts__MetroWest_Regional_Transit_Authority_(MWRTA)__mdb_mdb-439,C:\Users\wilsonschutterj\Downloads\GTFS_US\agency_enriched_geojson\routes\Massachusetts__MetroWest_Regional_Transit_Authority_(MWRTA)__mdb_mdb-439_routes.geojson,C:\Users\wilsonschutterj\Downloads\GTFS_US\agency_enriched_geojson\routes_with_metadata\Massachusetts__MetroWest_Regional_Transit_Authority_(MWRTA)__mdb_mdb-439_routes.geojson,success,104,
routes,Massachusetts__Middlesex_3_TMA__mdb_mdb-442,C:\Users\wilsonschutterj\Downloads\GTFS_US\agency_enriched_geojson\routes\Massachusetts__Middlesex_3_TMA__mdb_mdb-442_routes.geojson,C:\Users\wilsonschutterj\Downloads\GTFS_US\agency_enriched_geojson\routes_with_metadata\Massachusetts__Middlesex_3_TMA__mdb_mdb-442_routes.geojson,success,3,
routes,Massachusetts__Montachusett_Regional_Transit_Authority_(MART)__mdb_mdb-433,C:\Users\wilsonschutterj\Downloads\GTFS_US\agency_enriched_geojson\routes\Massachusetts__Montachusett_Regional_Transit_Authority_(MART)__mdb_mdb-433_routes.geojson,C:\Users\wilsonschutterj\Downloads\GTFS_US\agency_enriched_geojson\routes_with_metadata\Massachusetts__Montachusett_Regional_Transit_Authority_(MART)__mdb_mdb-433_routes.geojson,success,81,
routes,Massachusetts__Nantucket_Regional_Transit_Authority_(WAVE)__mdb_mdb-426,C:\Users\wilsonschutterj\Downloads\GTFS_US\agency_enriched_geojson\routes\Massachusetts__Nantucket_Regional_Transit_Authority_(WAVE)__mdb_mdb-426_routes.geojson,C:\Users\wilsonschutterj\Downloads\GTFS_US\agency_enriched_geojson\routes_with_metadata\Massachusetts__Nantucket_Regional_Transit_Authority_(WAVE)__mdb_mdb-426_routes.geojson,success,6,
routes,Massachusetts__Patriots_Party_Boats__mdb_mdb-424,C:\Users\wilsonschutterj\Downloads\GTFS_US\agency_enriched_geojson\routes\Massachusetts__Patriots_Party_Boats__mdb_mdb-424_routes.geojson,C:\Users\wilsonschutterj\Downloads\GTFS_US\agency_enriched_geojson\routes_with_metadata\Massachusetts__Patriots_Party_Boats__mdb_mdb-424_routes.geojson,success,2,
routes,Massachusetts__Plymouth_&_Brockton_Street_Railway_Co__mdb_mdb-556,C:\Users\wilsonschutterj\Downloads\GTFS_US\agency_enriched_geojson\routes\Massachusetts__Plymouth_&_Brockton_Street_Railway_Co__mdb_mdb-556_routes.geojson,C:\Users\wilsonschutterj\Downloads\GTFS_US\agency_enriched_geojson\routes_with_metadata\Massachusetts__Plymouth_&_Brockton_Street_Railway_Co__mdb_mdb-556_routes.geojson,success,10,
routes,Massachusetts__Rhode_Island_Public_Transit_Authority__mdb_mdb-624,C:\Users\wilsonschutterj\Downloads\GTFS_US\agency_enriched_geojson\routes\Massachusetts__Rhode_Island_Public_Transit_Authority__mdb_mdb-624_routes.geojson,C:\Users\wilsonschutterj\Downloads\GTFS_US\agency_enriched_geojson\routes_with_metadata\Massachusetts__Rhode_Island_Public_Transit_Authority__mdb_mdb-624_routes.geojson,success,253,
routes,Massachusetts__Southeastern_Regional_Transit_Authority_(SRTA)__mdb_mdb-421,C:\Users\wilsonschutterj\Downloads\GTFS_US\agency_enriched_geojson\routes\Massachusetts__Southeastern_Regional_Transit_Authority_(SRTA)__mdb_mdb-421_routes.geojson,C:\Users\wilsonschutterj\Downloads\GTFS_US\agency_enriched_geojson\routes_with_metadata\Massachusetts__Southeastern_Regional_Transit_Authority_(SRTA)__mdb_mdb-421_routes.geojson,success,96,
routes,Massachusetts__Vineyard_Fast_Ferry__mdb_mdb-419,C:\Users\wilsonschutterj\Downloads\GTFS_US\agency_enriched_geojson\routes\Massachusetts__Vineyard_Fast_Ferry__mdb_mdb-419_routes.geojson,C:\Users\wilsonschutterj\Downloads\GTFS_US\agency_enriched_geojson\routes_with_metadata\Massachusetts__Vineyard_Fast_Ferry__mdb_mdb-419_routes.geojson,success,2,
routes,Michigan__Ann_Arbor_Area_Transportation_Authority_(TheRide)__mdb_mdb-415,C:\Users\wilsonschutterj\Downloads\GTFS_US\agency_enriched_geojson\routes\Michigan__Ann_Arbor_Area_Transportation_Authority_(TheRide)__mdb_mdb-415_routes.geojson,C:\Users\wilsonschutterj\Downloads\GTFS_US\agency_enriched_geojson\routes_with_metadata\Michigan__Ann_Arbor_Area_Transportation_Authority_(TheRide)__mdb_mdb-415_routes.geojson,success,87,
routes,Michigan__Bay_Area_Transportation_Authority__mdb_mdb-2254,C:\Users\wilsonschutterj\Downloads\GTFS_US\agency_enriched_geojson\routes\Michigan__Bay_Area_Transportation_Authority__mdb_mdb-2254_routes.geojson,C:\Users\wilsonschutterj\Downloads\GTFS_US\agency_enriched_geojson\routes_with_metadata\Michigan__Bay_Area_Transportation_Authority__mdb_mdb-2254_routes.geojson,success,46,
routes,Michigan__Bay_Metropolitan_Transit_Authority__mdb_ntd-50029,C:\Users\wilsonschutterj\Downloads\GTFS_US\agency_enriched_geojson\routes\Michigan__Bay_Metropolitan_Transit_Authority__mdb_ntd-50029_routes.geojson,C:\Users\wilsonschutterj\Downloads\GTFS_US\agency_enriched_geojson\routes_with_metadata\Michigan__Bay_Metropolitan_Transit_Authority__mdb_ntd-50029_routes.geojson,success,15,
routes,Michigan__Blue_Water_Area_Transit__mdb_tld-7035,C:\Users\wilsonschutterj\Downloads\GTFS_US\agency_enriched_geojson\routes\Michigan__Blue_Water_Area_Transit__mdb_tld-7035_routes.geojson,C:\Users\wilsonschutterj\Downloads\GTFS_US\agency_enriched_geojson\routes_with_metadata\Michigan__Blue_Water_Area_Transit__mdb_tld-7035_routes.geojson,success,28,
routes,Michigan__Capital_Area_Transportation_Authority_(CATA)__mdb_mdb-402,C:\Users\wilsonschutterj\Downloads\GTFS_US\agency_enriched_geojson\routes\Michigan__Capital_Area_Transportation_Authority_(CATA)__mdb_mdb-402_routes.geojson,C:\Users\wilsonschutterj\Downloads\GTFS_US\agency_enriched_geojson\routes_with_metadata\Michigan__Capital_Area_Transportation_Authority_(CATA)__mdb_mdb-402_routes.geojson,success,216,
routes,Michigan__Detroit_People_Mover__mdb_mdb-2281,C:\Users\wilsonschutterj\Downloads\GTFS_US\agency_enriched_geojson\routes\Michigan__Detroit_People_Mover__mdb_mdb-2281_routes.geojson,C:\Users\wilsonschutterj\Downloads\GTFS_US\agency_enriched_geojson\routes_with_metadata\Michigan__Detroit_People_Mover__mdb_mdb-2281_routes.geojson,success,2,
routes,Michigan__Froggy_Transportation__mdb_mdb-2216,C:\Users\wilsonschutterj\Downloads\GTFS_US\agency_enriched_geojson\routes\Michigan__Froggy_Transportation__mdb_mdb-2216_routes.geojson,C:\Users\wilsonschutterj\Downloads\GTFS_US\agency_enriched_geojson\routes_with_metadata\Michigan__Froggy_Transportation__mdb_mdb-2216_routes.geojson,success,1,
routes,Michigan__Kalamazoo_Metro_Transit__mdb_tld-674,C:\Users\wilsonschutterj\Downloads\GTFS_US\agency_enriched_geojson\routes\Michigan__Kalamazoo_Metro_Transit__mdb_tld-674_routes.geojson,C:\Users\wilsonschutterj\Downloads\GTFS_US\agency_enriched_geojson\routes_with_metadata\Michigan__Kalamazoo_Metro_Transit__mdb_tld-674_routes.geojson,success,368,
routes,Michigan__Lake_Erie_Transit__mdb_tld-6883,C:\Users\wilsonschutterj\Downloads\GTFS_US\agency_enriched_geojson\routes\Michigan__Lake_Erie_Transit__mdb_tld-6883_routes.geojson,C:\Users\wilsonschutterj\Downloads\GTFS_US\agency_enriched_geojson\routes_with_metadata\Michigan__Lake_Erie_Transit__mdb_tld-6883_routes.geojson,success,15,
routes,Michigan__Macatawa_Area_Express__mdb_tld-5873,C:\Users\wilsonschutterj\Downloads\GTFS_US\agency_enriched_geojson\routes\Michigan__Macatawa_Area_Express__mdb_tld-5873_routes.geojson,C:\Users\wilsonschutterj\Downloads\GTFS_US\agency_enriched_geojson\routes_with_metadata\Michigan__Macatawa_Area_Express__mdb_tld-5873_routes.geojson,success,8,
routes,Michigan__Mass_Transportation_Authority_Flint__mdb_mdb-2287,C:\Users\wilsonschutterj\Downloads\GTFS_US\agency_enriched_geojson\routes\Michigan__Mass_Transportation_Authority_Flint__mdb_mdb-2287_routes.geojson,C:\Users\wilsonschutterj\Downloads\GTFS_US\agency_enriched_geojson\routes_with_metadata\Michigan__Mass_Transportation_Authority_Flint__mdb_mdb-2287_routes.geojson,success,68,
routes,Michigan__Muskegon_Area_Transit_System__mdb_tld-4831,C:\Users\wilsonschutterj\Downloads\GTFS_US\agency_enriched_geojson\routes\Michigan__Muskegon_Area_Transit_System__mdb_tld-4831_routes.geojson,C:\Users\wilsonschutterj\Downloads\GTFS_US\agency_enriched_geojson\routes_with_metadata\Michigan__Muskegon_Area_Transit_System__mdb_tld-4831_routes.geojson,success,14,
routes,Michigan__Suburban_Mobility_Authority_for_Regional_Transit_(SMART)__mdb_mdb-414,C:\Users\wilsonschutterj\Downloads\GTFS_US\agency_enriched_geojson\routes\Michigan__Suburban_Mobility_Authority_for_Regional_Transit_(SMART)__mdb_mdb-414_routes.geojson,C:\Users\wilsonschutterj\Downloads\GTFS_US\agency_enriched_geojson\routes_with_metadata\Michigan__Suburban_Mobility_Authority_for_Regional_Transit_(SMART)__mdb_mdb-414_routes.geojson,success,132,
routes,Michigan__The_Rapid__mdb_mdb-400,C:\Users\wilsonschutterj\Downloads\GTFS_US\agency_enriched_geojson\routes\Michigan__The_Rapid__mdb_mdb-400_routes.geojson,C:\Users\wilsonschutterj\Downloads\GTFS_US\agency_enriched_geojson\routes_with_metadata\Michigan__The_Rapid__mdb_mdb-400_routes.geojson,success,683,
routes,Michigan__University_of_Michigan_Transit_Services__mdb_mdb-2072,C:\Users\wilsonschutterj\Downloads\GTFS_US\agency_enriched_geojson\routes\Michigan__University_of_Michigan_Transit_Services__mdb_mdb-2072_routes.geojson,C:\Users\wilsonschutterj\Downloads\GTFS_US\agency_enriched_geojson\routes_with_metadata\Michigan__University_of_Michigan_Transit_Services__mdb_mdb-2072_routes.geojson,success,41,
routes,Minnesota__Brown_County_Heartland_Express__mdb_mdb-2037,C:\Users\wilsonschutterj\Downloads\GTFS_US\agency_enriched_geojson\routes\Minnesota__Brown_County_Heartland_Express__mdb_mdb-2037_routes.geojson,C:\Users\wilsonschutterj\Downloads\GTFS_US\agency_enriched_geojson\routes_with_metadata\Minnesota__Brown_County_Heartland_Express__mdb_mdb-2037_routes.geojson,success,1,
routes,Minnesota__Brown_County_Heartland_Express__mdb_mdb-2296,C:\Users\wilsonschutterj\Downloads\GTFS_US\agency_enriched_geojson\routes\Minnesota__Brown_County_Heartland_Express__mdb_mdb-2296_routes.geojson,C:\Users\wilsonschutterj\Downloads\GTFS_US\agency_enriched_geojson\routes_with_metadata\Minnesota__Brown_County_Heartland_Express__mdb_mdb-2296_routes.geojson,success,1,
routes,Minnesota__Central_Community_Transit__mdb_mdb-2301,C:\Users\wilsonschutterj\Downloads\GTFS_US\agency_enriched_geojson\routes\Minnesota__Central_Community_Transit__mdb_mdb-2301_routes.geojson,C:\Users\wilsonschutterj\Downloads\GTFS_US\agency_enriched_geojson\routes_with_metadata\Minnesota__Central_Community_Transit__mdb_mdb-2301_routes.geojson,success,11,
routes,Minnesota__Community_Transit__mdb_tld-5761,C:\Users\wilsonschutterj\Downloads\GTFS_US\agency_enriched_geojson\routes\Minnesota__Community_Transit__mdb_tld-5761_routes.geojson,C:\Users\wilsonschutterj\Downloads\GTFS_US\agency_enriched_geojson\routes_with_metadata\Minnesota__Community_Transit__mdb_tld-5761_routes.geojson,success,5,
routes,Minnesota__Duluth_Transit__mdb_mdb-301,C:\Users\wilsonschutterj\Downloads\GTFS_US\agency_enriched_geojson\routes\Minnesota__Duluth_Transit__mdb_mdb-301_routes.geojson,C:\Users\wilsonschutterj\Downloads\GTFS_US\agency_enriched_geojson\routes_with_metadata\Minnesota__Duluth_Transit__mdb_mdb-301_routes.geojson,success,81,
routes,Minnesota__Hiawathaland_Transit__mdb_mdb-2859,C:\Users\wilsonschutterj\Downloads\GTFS_US\agency_enriched_geojson\routes\Minnesota__Hiawathaland_Transit__mdb_mdb-2859_routes.geojson,C:\Users\wilsonschutterj\Downloads\GTFS_US\agency_enriched_geojson\routes_with_metadata\Minnesota__Hiawathaland_Transit__mdb_mdb-2859_routes.geojson,success,10,
routes,Minnesota__Mankato_Transit_System__mdb_ntd-50205,C:\Users\wilsonschutterj\Downloads\GTFS_US\agency_enriched_geojson\routes\Minnesota__Mankato_Transit_System__mdb_ntd-50205_routes.geojson,C:\Users\wilsonschutterj\Downloads\GTFS_US\agency_enriched_geojson\routes_with_metadata\Minnesota__Mankato_Transit_System__mdb_ntd-50205_routes.geojson,success,10,
routes,Minnesota__Metro_Transit__mdb_mdb-205,C:\Users\wilsonschutterj\Downloads\GTFS_US\agency_enriched_geojson\routes\Minnesota__Metro_Transit__mdb_mdb-205_routes.geojson,C:\Users\wilsonschutterj\Downloads\GTFS_US\agency_enriched_geojson\routes_with_metadata\Minnesota__Metro_Transit__mdb_mdb-205_routes.geojson,success,600,
routes,Minnesota__Minnesota_Valley_Transit_Authority_(MVTA)__mdb_mdb-206,C:\Users\wilsonschutterj\Downloads\GTFS_US\agency_enriched_geojson\routes\Minnesota__Minnesota_Valley_Transit_Authority_(MVTA)__mdb_mdb-206_routes.geojson,C:\Users\wilsonschutterj\Downloads\GTFS_US\agency_enriched_geojson\routes_with_metadata\Minnesota__Minnesota_Valley_Transit_Authority_(MVTA)__mdb_mdb-206_routes.geojson,success,225,
routes,Minnesota__SMART__mdb_tld-5753,C:\Users\wilsonschutterj\Downloads\GTFS_US\agency_enriched_geojson\routes\Minnesota__SMART__mdb_tld-5753_routes.geojson,C:\Users\wilsonschutterj\Downloads\GTFS_US\agency_enriched_geojson\routes_with_metadata\Minnesota__SMART__mdb_tld-5753_routes.geojson,success,9,
routes,Minnesota__St._Cloud_Metropolitan_Transit_Commission__mdb_ntd-50028,C:\Users\wilsonschutterj\Downloads\GTFS_US\agency_enriched_geojson\routes\Minnesota__St._Cloud_Metropolitan_Transit_Commission__mdb_ntd-50028_routes.geojson,C:\Users\wilsonschutterj\Downloads\GTFS_US\agency_enriched_geojson\routes_with_metadata\Minnesota__St._Cloud_Metropolitan_Transit_Commission__mdb_ntd-50028_routes.geojson,success,34,
routes,Mississippi__City_of_Hattiesburg__mdb_ntd-40060,C:\Users\wilsonschutterj\Downloads\GTFS_US\agency_enriched_geojson\routes\Mississippi__City_of_Hattiesburg__mdb_ntd-40060_routes.geojson,C:\Users\wilsonschutterj\Downloads\GTFS_US\agency_enriched_geojson\routes_with_metadata\Mississippi__City_of_Hattiesburg__mdb_ntd-40060_routes.geojson,success,7,
routes,Mississippi__City_of_Jackson_(JTRAN)__mdb_mdb-2652,C:\Users\wilsonschutterj\Downloads\GTFS_US\agency_enriched_geojson\routes\Mississippi__City_of_Jackson_(JTRAN)__mdb_mdb-2652_routes.geojson,C:\Users\wilsonschutterj\Downloads\GTFS_US\agency_enriched_geojson\routes_with_metadata\Mississippi__City_of_Jackson_(JTRAN)__mdb_mdb-2652_routes.geojson,success,24,
routes,Mississippi__Gulf_Islands_National_Seashore__mdb_mdb-3210,C:\Users\wilsonschutterj\Downloads\GTFS_US\agency_enriched_geojson\routes\Mississippi__Gulf_Islands_National_Seashore__mdb_mdb-3210_routes.geojson,C:\Users\wilsonschutterj\Downloads\GTFS_US\agency_enriched_geojson\routes_with_metadata\Mississippi__Gulf_Islands_National_Seashore__mdb_mdb-3210_routes.geojson,success,2,
routes,Mississippi__National_Park_Service__mdb_tld-6677,C:\Users\wilsonschutterj\Downloads\GTFS_US\agency_enriched_geojson\routes\Mississippi__National_Park_Service__mdb_tld-6677_routes.geojson,C:\Users\wilsonschutterj\Downloads\GTFS_US\agency_enriched_geojson\routes_with_metadata\Mississippi__National_Park_Service__mdb_tld-6677_routes.geojson,success,2,
routes,Missouri__City_of_Jefferson__mdb_ntd-70043,C:\Users\wilsonschutterj\Downloads\GTFS_US\agency_enriched_geojson\routes\Missouri__City_of_Jefferson__mdb_ntd-70043_routes.geojson,C:\Users\wilsonschutterj\Downloads\GTFS_US\agency_enriched_geojson\routes_with_metadata\Missouri__City_of_Jefferson__mdb_ntd-70043_routes.geojson,success,23,
routes,Missouri__Metro_St._Louis__mdb_mdb-2035,C:\Users\wilsonschutterj\Downloads\GTFS_US\agency_enriched_geojson\routes\Missouri__Metro_St._Louis__mdb_mdb-2035_routes.geojson,C:\Users\wilsonschutterj\Downloads\GTFS_US\agency_enriched_geojson\routes_with_metadata\Missouri__Metro_St._Louis__mdb_mdb-2035_routes.geojson,success,4,
routes,Montana__Billings_Metropolitan_Transit__mdb_tld-5893,C:\Users\wilsonschutterj\Downloads\GTFS_US\agency_enriched_geojson\routes\Montana__Billings_Metropolitan_Transit__mdb_tld-5893_routes.geojson,C:\Users\wilsonschutterj\Downloads\GTFS_US\agency_enriched_geojson\routes_with_metadata\Montana__Billings_Metropolitan_Transit__mdb_tld-5893_routes.geojson,success,22,
routes,Montana__Mountain_Line__mdb_mdb-292,C:\Users\wilsonschutterj\Downloads\GTFS_US\agency_enriched_geojson\routes\Montana__Mountain_Line__mdb_mdb-292_routes.geojson,C:\Users\wilsonschutterj\Downloads\GTFS_US\agency_enriched_geojson\routes_with_metadata\Montana__Mountain_Line__mdb_mdb-292_routes.geojson,success,28,
routes,Montana__Park_County_Transit__mdb_ntd-88293,C:\Users\wilsonschutterj\Downloads\GTFS_US\agency_enriched_geojson\routes\Montana__Park_County_Transit__mdb_ntd-88293_routes.geojson,C:\Users\wilsonschutterj\Downloads\GTFS_US\agency_enriched_geojson\routes_with_metadata\Montana__Park_County_Transit__mdb_ntd-88293_routes.geojson,success,2,
routes,Montana__Streamline__mdb_mdb-295,C:\Users\wilsonschutterj\Downloads\GTFS_US\agency_enriched_geojson\routes\Montana__Streamline__mdb_mdb-295_routes.geojson,C:\Users\wilsonschutterj\Downloads\GTFS_US\agency_enriched_geojson\routes_with_metadata\Montana__Streamline__mdb_mdb-295_routes.geojson,success,22,
routes,Montana__Sunny_Valley_Transit_(Demo)__mdb_mdb-3473,C:\Users\wilsonschutterj\Downloads\GTFS_US\agency_enriched_geojson\routes\Montana__Sunny_Valley_Transit_(Demo)__mdb_mdb-3473_routes.geojson,C:\Users\wilsonschutterj\Downloads\GTFS_US\agency_enriched_geojson\routes_with_metadata\Montana__Sunny_Valley_Transit_(Demo)__mdb_mdb-3473_routes.geojson,success,14,
routes,Nebraska__North_Fork_Area_Transit__mdb_tld-4469,C:\Users\wilsonschutterj\Downloads\GTFS_US\agency_enriched_geojson\routes\Nebraska__North_Fork_Area_Transit__mdb_tld-4469_routes.geojson,C:\Users\wilsonschutterj\Downloads\GTFS_US\agency_enriched_geojson\routes_with_metadata\Nebraska__North_Fork_Area_Transit__mdb_tld-4469_routes.geojson,success,4,
routes,Nebraska__Omaha_Metro__mdb_mdb-2261,C:\Users\wilsonschutterj\Downloads\GTFS_US\agency_enriched_geojson\routes\Nebraska__Omaha_Metro__mdb_mdb-2261_routes.geojson,C:\Users\wilsonschutterj\Downloads\GTFS_US\agency_enriched_geojson\routes_with_metadata\Nebraska__Omaha_Metro__mdb_mdb-2261_routes.geojson,success,293,
routes,Nebraska__Open_Plains_Transit__mdb_tld-6708,C:\Users\wilsonschutterj\Downloads\GTFS_US\agency_enriched_geojson\routes\Nebraska__Open_Plains_Transit__mdb_tld-6708_routes.geojson,C:\Users\wilsonschutterj\Downloads\GTFS_US\agency_enriched_geojson\routes_with_metadata\Nebraska__Open_Plains_Transit__mdb_tld-6708_routes.geojson,success,14,
routes,Nebraska__StarTran__mdb_mdb-2269,C:\Users\wilsonschutterj\Downloads\GTFS_US\agency_enriched_geojson\routes\Nebraska__StarTran__mdb_mdb-2269_routes.geojson,C:\Users\wilsonschutterj\Downloads\GTFS_US\agency_enriched_geojson\routes_with_metadata\Nebraska__StarTran__mdb_mdb-2269_routes.geojson,success,42,
routes,Nevada__Jump_Around_Carson__mdb_tld-688,C:\Users\wilsonschutterj\Downloads\GTFS_US\agency_enriched_geojson\routes\Nevada__Jump_Around_Carson__mdb_tld-688_routes.geojson,C:\Users\wilsonschutterj\Downloads\GTFS_US\agency_enriched_geojson\routes_with_metadata\Nevada__Jump_Around_Carson__mdb_tld-688_routes.geojson,success,4,
routes,Nevada__Regional_Transportation_Commission_(RTC)__mdb_mdb-120,C:\Users\wilsonschutterj\Downloads\GTFS_US\agency_enriched_geojson\routes\Nevada__Regional_Transportation_Commission_(RTC)__mdb_mdb-120_routes.geojson,C:\Users\wilsonschutterj\Downloads\GTFS_US\agency_enriched_geojson\routes_with_metadata\Nevada__Regional_Transportation_Commission_(RTC)__mdb_mdb-120_routes.geojson,success,83,
routes,Nevada__Regional_Transportation_Commission_of_Southern_Nevada_(RTC)__mdb_mdb-2351,C:\Users\wilsonschutterj\Downloads\GTFS_US\agency_enriched_geojson\routes\Nevada__Regional_Transportation_Commission_of_Southern_Nevada_(RTC)__mdb_mdb-2351_routes.geojson,C:\Users\wilsonschutterj\Downloads\GTFS_US\agency_enriched_geojson\routes_with_metadata\Nevada__Regional_Transportation_Commission_of_Southern_Nevada_(RTC)__mdb_mdb-2351_routes.geojson,success,299,
routes,Nevada__Sage_Stage__mdb_mdb-113,C:\Users\wilsonschutterj\Downloads\GTFS_US\agency_enriched_geojson\routes\Nevada__Sage_Stage__mdb_mdb-113_routes.geojson,C:\Users\wilsonschutterj\Downloads\GTFS_US\agency_enriched_geojson\routes_with_metadata\Nevada__Sage_Stage__mdb_mdb-113_routes.geojson,success,8,
routes,New_Hampshire__Advance_Transit__mdb_mdb-631,C:\Users\wilsonschutterj\Downloads\GTFS_US\agency_enriched_geojson\routes\New_Hampshire__Advance_Transit__mdb_mdb-631_routes.geojson,C:\Users\wilsonschutterj\Downloads\GTFS_US\agency_enriched_geojson\routes_with_metadata\New_Hampshire__Advance_Transit__mdb_mdb-631_routes.geojson,success,71,
routes,New_Hampshire__City_Express__mdb_ntd-10159,C:\Users\wilsonschutterj\Downloads\GTFS_US\agency_enriched_geojson\routes\New_Hampshire__City_Express__mdb_ntd-10159_routes.geojson,C:\Users\wilsonschutterj\Downloads\GTFS_US\agency_enriched_geojson\routes_with_metadata\New_Hampshire__City_Express__mdb_ntd-10159_routes.geojson,success,2,
routes,New_Hampshire__Cooperative_Alliance_For_Seacoast_Transportation__mdb_tld-4668,C:\Users\wilsonschutterj\Downloads\GTFS_US\agency_enriched_geojson\routes\New_Hampshire__Cooperative_Alliance_For_Seacoast_Transportation__mdb_tld-4668_routes.geojson,C:\Users\wilsonschutterj\Downloads\GTFS_US\agency_enriched_geojson\routes_with_metadata\New_Hampshire__Cooperative_Alliance_For_Seacoast_Transportation__mdb_tld-4668_routes.geojson,success,32,
routes,New_Hampshire__Dartmouth_College__mdb_mdb-1958,C:\Users\wilsonschutterj\Downloads\GTFS_US\agency_enriched_geojson\routes\New_Hampshire__Dartmouth_College__mdb_mdb-1958_routes.geojson,C:\Users\wilsonschutterj\Downloads\GTFS_US\agency_enriched_geojson\routes_with_metadata\New_Hampshire__Dartmouth_College__mdb_mdb-1958_routes.geojson,success,5,
routes,New_Hampshire__Manchester_Transit_Authority__mdb_mdb-3432,C:\Users\wilsonschutterj\Downloads\GTFS_US\agency_enriched_geojson\routes\New_Hampshire__Manchester_Transit_Authority__mdb_mdb-3432_routes.geojson,C:\Users\wilsonschutterj\Downloads\GTFS_US\agency_enriched_geojson\routes_with_metadata\New_Hampshire__Manchester_Transit_Authority__mdb_mdb-3432_routes.geojson,success,35,
routes,New_Hampshire__Rural_Community_Transportation_(RCT)__mdb_mdb-448,C:\Users\wilsonschutterj\Downloads\GTFS_US\agency_enriched_geojson\routes\New_Hampshire__Rural_Community_Transportation_(RCT)__mdb_mdb-448_routes.geojson,C:\Users\wilsonschutterj\Downloads\GTFS_US\agency_enriched_geojson\routes_with_metadata\New_Hampshire__Rural_Community_Transportation_(RCT)__mdb_mdb-448_routes.geojson,success,40,
routes,New_Hampshire__Tri-Valley_Transit__mdb_mdb-852,C:\Users\wilsonschutterj\Downloads\GTFS_US\agency_enriched_geojson\routes\New_Hampshire__Tri-Valley_Transit__mdb_mdb-852_routes.geojson,C:\Users\wilsonschutterj\Downloads\GTFS_US\agency_enriched_geojson\routes_with_metadata\New_Hampshire__Tri-Valley_Transit__mdb_mdb-852_routes.geojson,success,106,
routes,New_Jersey__Academy_Lines__mdb_ntd-20122,C:\Users\wilsonschutterj\Downloads\GTFS_US\agency_enriched_geojson\routes\New_Jersey__Academy_Lines__mdb_ntd-20122_routes.geojson,C:\Users\wilsonschutterj\Downloads\GTFS_US\agency_enriched_geojson\routes_with_metadata\New_Jersey__Academy_Lines__mdb_ntd-20122_routes.geojson,success,92,
routes,"New_Jersey__Coach_USA_Erie,_Orange_Westchester_Link,_ShortLine_Hudson,_Suburban_Transit,_Community_Coach,_Rockland_Coaches,_Newark_A__mdb_tld-5741","C:\Users\wilsonschutterj\Downloads\GTFS_US\agency_enriched_geojson\routes\New_Jersey__Coach_USA_Erie,_Orange_Westchester_Link,_ShortLine_Hudson,_Suburban_Transit,_Community_Coach,_Rockland_Coaches,_Newark_A__mdb_tld-5741_routes.geojson","C:\Users\wilsonschutterj\Downloads\GTFS_US\agency_enriched_geojson\routes_with_metadata\New_Jersey__Coach_USA_Erie,_Orange_Westchester_Link,_ShortLine_Hudson,_Suburban_Transit,_Community_Coach,_Rockland_Coaches,_Newark_A__mdb_tld-5741_routes.geojson",success,267,
routes,New_Jersey__Cross_County_Connection__mdb_ntd-20208,C:\Users\wilsonschutterj\Downloads\GTFS_US\agency_enriched_geojson\routes\New_Jersey__Cross_County_Connection__mdb_ntd-20208_routes.geojson,C:\Users\wilsonschutterj\Downloads\GTFS_US\agency_enriched_geojson\routes_with_metadata\New_Jersey__Cross_County_Connection__mdb_ntd-20208_routes.geojson,success,14,
routes,New_Jersey__Fullington_Trailways__mdb_tld-4379,C:\Users\wilsonschutterj\Downloads\GTFS_US\agency_enriched_geojson\routes\New_Jersey__Fullington_Trailways__mdb_tld-4379_routes.geojson,C:\Users\wilsonschutterj\Downloads\GTFS_US\agency_enriched_geojson\routes_with_metadata\New_Jersey__Fullington_Trailways__mdb_tld-4379_routes.geojson,success,17,
routes,New_Jersey__Megabus__mdb_mdb-2321,C:\Users\wilsonschutterj\Downloads\GTFS_US\agency_enriched_geojson\routes\New_Jersey__Megabus__mdb_mdb-2321_routes.geojson,C:\Users\wilsonschutterj\Downloads\GTFS_US\agency_enriched_geojson\routes_with_metadata\New_Jersey__Megabus__mdb_mdb-2321_routes.geojson,success,267,
routes,New_Jersey__New_Jersey_Transit_(NJ_Transit)__mdb_mdb-508,C:\Users\wilsonschutterj\Downloads\GTFS_US\agency_enriched_geojson\routes\New_Jersey__New_Jersey_Transit_(NJ_Transit)__mdb_mdb-508_routes.geojson,C:\Users\wilsonschutterj\Downloads\GTFS_US\agency_enriched_geojson\routes_with_metadata\New_Jersey__New_Jersey_Transit_(NJ_Transit)__mdb_mdb-508_routes.geojson,success,3761,
routes,New_Jersey__New_Jersey_Transit_(NJ_Transit)__mdb_mdb-509,C:\Users\wilsonschutterj\Downloads\GTFS_US\agency_enriched_geojson\routes\New_Jersey__New_Jersey_Transit_(NJ_Transit)__mdb_mdb-509_routes.geojson,C:\Users\wilsonschutterj\Downloads\GTFS_US\agency_enriched_geojson\routes_with_metadata\New_Jersey__New_Jersey_Transit_(NJ_Transit)__mdb_mdb-509_routes.geojson,success,3808,
routes,New_Jersey__NY_Waterway__mdb_mdb-3192,C:\Users\wilsonschutterj\Downloads\GTFS_US\agency_enriched_geojson\routes\New_Jersey__NY_Waterway__mdb_mdb-3192_routes.geojson,C:\Users\wilsonschutterj\Downloads\GTFS_US\agency_enriched_geojson\routes_with_metadata\New_Jersey__NY_Waterway__mdb_mdb-3192_routes.geojson,success,71,
routes,New_Jersey__Somerset_County__mdb_ntd-20209,C:\Users\wilsonschutterj\Downloads\GTFS_US\agency_enriched_geojson\routes\New_Jersey__Somerset_County__mdb_ntd-20209_routes.geojson,C:\Users\wilsonschutterj\Downloads\GTFS_US\agency_enriched_geojson\routes_with_metadata\New_Jersey__Somerset_County__mdb_ntd-20209_routes.geojson,success,31,
routes,New_Jersey__Statue_of_Liberty_National_Monument__mdb_tld-6909,C:\Users\wilsonschutterj\Downloads\GTFS_US\agency_enriched_geojson\routes\New_Jersey__Statue_of_Liberty_National_Monument__mdb_tld-6909_routes.geojson,C:\Users\wilsonschutterj\Downloads\GTFS_US\agency_enriched_geojson\routes_with_metadata\New_Jersey__Statue_of_Liberty_National_Monument__mdb_tld-6909_routes.geojson,success,6,
routes,New_Jersey__Sussex_County_Skylands_Ride__mdb_ntd-20950,C:\Users\wilsonschutterj\Downloads\GTFS_US\agency_enriched_geojson\routes\New_Jersey__Sussex_County_Skylands_Ride__mdb_ntd-20950_routes.geojson,C:\Users\wilsonschutterj\Downloads\GTFS_US\agency_enriched_geojson\routes_with_metadata\New_Jersey__Sussex_County_Skylands_Ride__mdb_ntd-20950_routes.geojson,success,4,
routes,New_Mexico__A_Shiwi_Transit__mdb_ntd-66242,C:\Users\wilsonschutterj\Downloads\GTFS_US\agency_enriched_geojson\routes\New_Mexico__A_Shiwi_Transit__mdb_ntd-66242_routes.geojson,C:\Users\wilsonschutterj\Downloads\GTFS_US\agency_enriched_geojson\routes_with_metadata\New_Mexico__A_Shiwi_Transit__mdb_ntd-66242_routes.geojson,success,10,
routes,New_Mexico__ABQ_RIDE__mdb_mdb-166,C:\Users\wilsonschutterj\Downloads\GTFS_US\agency_enriched_geojson\routes\New_Mexico__ABQ_RIDE__mdb_mdb-166_routes.geojson,C:\Users\wilsonschutterj\Downloads\GTFS_US\agency_enriched_geojson\routes_with_metadata\New_Mexico__ABQ_RIDE__mdb_mdb-166_routes.geojson,success,116,
routes,New_Mexico__Atomic_City_Transit__mdb_mdb-1240,C:\Users\wilsonschutterj\Downloads\GTFS_US\agency_enriched_geojson\routes\New_Mexico__Atomic_City_Transit__mdb_mdb-1240_routes.geojson,C:\Users\wilsonschutterj\Downloads\GTFS_US\agency_enriched_geojson\routes_with_metadata\New_Mexico__Atomic_City_Transit__mdb_mdb-1240_routes.geojson,success,22,
routes,New_Mexico__Bandalier_National_Monument__mdb_tld-6902,C:\Users\wilsonschutterj\Downloads\GTFS_US\agency_enriched_geojson\routes\New_Mexico__Bandalier_National_Monument__mdb_tld-6902_routes.geojson,C:\Users\wilsonschutterj\Downloads\GTFS_US\agency_enriched_geojson\routes_with_metadata\New_Mexico__Bandalier_National_Monument__mdb_tld-6902_routes.geojson,success,2,
routes,New_Mexico__City_of_Hobbs__mdb_ntd-60190,C:\Users\wilsonschutterj\Downloads\GTFS_US\agency_enriched_geojson\routes\New_Mexico__City_of_Hobbs__mdb_ntd-60190_routes.geojson,C:\Users\wilsonschutterj\Downloads\GTFS_US\agency_enriched_geojson\routes_with_metadata\New_Mexico__City_of_Hobbs__mdb_ntd-60190_routes.geojson,success,4,
routes,New_Mexico__Navajo_Transit_System__mdb_mdb-2346,C:\Users\wilsonschutterj\Downloads\GTFS_US\agency_enriched_geojson\routes\New_Mexico__Navajo_Transit_System__mdb_mdb-2346_routes.geojson,C:\Users\wilsonschutterj\Downloads\GTFS_US\agency_enriched_geojson\routes_with_metadata\New_Mexico__Navajo_Transit_System__mdb_mdb-2346_routes.geojson,success,19,
routes,New_Mexico__NMDOT_Park_and_Ride__mdb_tld-5537,C:\Users\wilsonschutterj\Downloads\GTFS_US\agency_enriched_geojson\routes\New_Mexico__NMDOT_Park_and_Ride__mdb_tld-5537_routes.geojson,C:\Users\wilsonschutterj\Downloads\GTFS_US\agency_enriched_geojson\routes_with_metadata\New_Mexico__NMDOT_Park_and_Ride__mdb_tld-5537_routes.geojson,success,15,
routes,New_Mexico__North_Central_Regional_Transit_District__mdb_tld-1319,C:\Users\wilsonschutterj\Downloads\GTFS_US\agency_enriched_geojson\routes\New_Mexico__North_Central_Regional_Transit_District__mdb_tld-1319_routes.geojson,C:\Users\wilsonschutterj\Downloads\GTFS_US\agency_enriched_geojson\routes_with_metadata\New_Mexico__North_Central_Regional_Transit_District__mdb_tld-1319_routes.geojson,success,939,
routes,New_Mexico__Red_Apple_Transit__mdb_mdb-160,C:\Users\wilsonschutterj\Downloads\GTFS_US\agency_enriched_geojson\routes\New_Mexico__Red_Apple_Transit__mdb_mdb-160_routes.geojson,C:\Users\wilsonschutterj\Downloads\GTFS_US\agency_enriched_geojson\routes_with_metadata\New_Mexico__Red_Apple_Transit__mdb_mdb-160_routes.geojson,success,11,
routes,New_Mexico__RoadRUNNER_Transit__mdb_mdb-2075,C:\Users\wilsonschutterj\Downloads\GTFS_US\agency_enriched_geojson\routes\New_Mexico__RoadRUNNER_Transit__mdb_mdb-2075_routes.geojson,C:\Users\wilsonschutterj\Downloads\GTFS_US\agency_enriched_geojson\routes_with_metadata\New_Mexico__RoadRUNNER_Transit__mdb_mdb-2075_routes.geojson,success,11,
routes,New_York__Access_Allegany__mdb_mdb-531,C:\Users\wilsonschutterj\Downloads\GTFS_US\agency_enriched_geojson\routes\New_York__Access_Allegany__mdb_mdb-531_routes.geojson,C:\Users\wilsonschutterj\Downloads\GTFS_US\agency_enriched_geojson\routes_with_metadata\New_York__Access_Allegany__mdb_mdb-531_routes.geojson,success,82,
routes,"New_York__Adirondack_Trailways,_New_York_Trailways,_Pine_Hill_Trailways,_Burlington_Trailways__mdb_ntd-20177","C:\Users\wilsonschutterj\Downloads\GTFS_US\agency_enriched_geojson\routes\New_York__Adirondack_Trailways,_New_York_Trailways,_Pine_Hill_Trailways,_Burlington_Trailways__mdb_ntd-20177_routes.geojson","C:\Users\wilsonschutterj\Downloads\GTFS_US\agency_enriched_geojson\routes_with_metadata\New_York__Adirondack_Trailways,_New_York_Trailways,_Pine_Hill_Trailways,_Burlington_Trailways__mdb_ntd-20177_routes.geojson",success,152,
routes,New_York__Adirondack_Trailways__mdb_tld-5781,C:\Users\wilsonschutterj\Downloads\GTFS_US\agency_enriched_geojson\routes\New_York__Adirondack_Trailways__mdb_tld-5781_routes.geojson,C:\Users\wilsonschutterj\Downloads\GTFS_US\agency_enriched_geojson\routes_with_metadata\New_York__Adirondack_Trailways__mdb_tld-5781_routes.geojson,success,231,
routes,New_York__Adirondack_Trailways_ADP__mdb_mdb-823,C:\Users\wilsonschutterj\Downloads\GTFS_US\agency_enriched_geojson\routes\New_York__Adirondack_Trailways_ADP__mdb_mdb-823_routes.geojson,C:\Users\wilsonschutterj\Downloads\GTFS_US\agency_enriched_geojson\routes_with_metadata\New_York__Adirondack_Trailways_ADP__mdb_mdb-823_routes.geojson,success,13,
routes,New_York__Adirondack_Trailways_NYP__mdb_mdb-824,C:\Users\wilsonschutterj\Downloads\GTFS_US\agency_enriched_geojson\routes\New_York__Adirondack_Trailways_NYP__mdb_mdb-824_routes.geojson,C:\Users\wilsonschutterj\Downloads\GTFS_US\agency_enriched_geojson\routes_with_metadata\New_York__Adirondack_Trailways_NYP__mdb_mdb-824_routes.geojson,success,9,
routes,New_York__Birnie_Bus__mdb_mdb-233,C:\Users\wilsonschutterj\Downloads\GTFS_US\agency_enriched_geojson\routes\New_York__Birnie_Bus__mdb_mdb-233_routes.geojson,C:\Users\wilsonschutterj\Downloads\GTFS_US\agency_enriched_geojson\routes_with_metadata\New_York__Birnie_Bus__mdb_mdb-233_routes.geojson,success,66,
routes,New_York__Broome_County_Transit_(B.C._Transit)__mdb_mdb-2079,C:\Users\wilsonschutterj\Downloads\GTFS_US\agency_enriched_geojson\routes\New_York__Broome_County_Transit_(B.C._Transit)__mdb_mdb-2079_routes.geojson,C:\Users\wilsonschutterj\Downloads\GTFS_US\agency_enriched_geojson\routes_with_metadata\New_York__Broome_County_Transit_(B.C._Transit)__mdb_mdb-2079_routes.geojson,success,107,
routes,New_York__Centro__mdb_mdb-534,C:\Users\wilsonschutterj\Downloads\GTFS_US\agency_enriched_geojson\routes\New_York__Centro__mdb_mdb-534_routes.geojson,C:\Users\wilsonschutterj\Downloads\GTFS_US\agency_enriched_geojson\routes_with_metadata\New_York__Centro__mdb_mdb-534_routes.geojson,success,630,
routes,New_York__Chautauqua_Area_Regional_Transit_System_(CARTS)__mdb_mdb-304,C:\Users\wilsonschutterj\Downloads\GTFS_US\agency_enriched_geojson\routes\New_York__Chautauqua_Area_Regional_Transit_System_(CARTS)__mdb_mdb-304_routes.geojson,C:\Users\wilsonschutterj\Downloads\GTFS_US\agency_enriched_geojson\routes_with_metadata\New_York__Chautauqua_Area_Regional_Transit_System_(CARTS)__mdb_mdb-304_routes.geojson,success,15,
routes,New_York__Chemung_County_(C-TRAN)__mdb_ntd-20005,C:\Users\wilsonschutterj\Downloads\GTFS_US\agency_enriched_geojson\routes\New_York__Chemung_County_(C-TRAN)__mdb_ntd-20005_routes.geojson,C:\Users\wilsonschutterj\Downloads\GTFS_US\agency_enriched_geojson\routes_with_metadata\New_York__Chemung_County_(C-TRAN)__mdb_ntd-20005_routes.geojson,success,34,
routes,New_York__Chenango_First_Transit__mdb_mdb-536,C:\Users\wilsonschutterj\Downloads\GTFS_US\agency_enriched_geojson\routes\New_York__Chenango_First_Transit__mdb_mdb-536_routes.geojson,C:\Users\wilsonschutterj\Downloads\GTFS_US\agency_enriched_geojson\routes_with_metadata\New_York__Chenango_First_Transit__mdb_mdb-536_routes.geojson,success,2,
routes,New_York__City_Of_Glen_Cove__mdb_tld-5787,C:\Users\wilsonschutterj\Downloads\GTFS_US\agency_enriched_geojson\routes\New_York__City_Of_Glen_Cove__mdb_tld-5787_routes.geojson,C:\Users\wilsonschutterj\Downloads\GTFS_US\agency_enriched_geojson\routes_with_metadata\New_York__City_Of_Glen_Cove__mdb_tld-5787_routes.geojson,success,3,
routes,New_York__City_of_Long_Beach_Transportation__mdb_mdb-916,C:\Users\wilsonschutterj\Downloads\GTFS_US\agency_enriched_geojson\routes\New_York__City_of_Long_Beach_Transportation__mdb_mdb-916_routes.geojson,C:\Users\wilsonschutterj\Downloads\GTFS_US\agency_enriched_geojson\routes_with_metadata\New_York__City_of_Long_Beach_Transportation__mdb_mdb-916_routes.geojson,success,6,
routes,New_York__City_of_Mechanicville_Public_Transit__mdb_mdb-541,C:\Users\wilsonschutterj\Downloads\GTFS_US\agency_enriched_geojson\routes\New_York__City_of_Mechanicville_Public_Transit__mdb_mdb-541_routes.geojson,C:\Users\wilsonschutterj\Downloads\GTFS_US\agency_enriched_geojson\routes_with_metadata\New_York__City_of_Mechanicville_Public_Transit__mdb_mdb-541_routes.geojson,success,2,
routes,New_York__Clarkstown_MiniTrans__mdb_mdb-911,C:\Users\wilsonschutterj\Downloads\GTFS_US\agency_enriched_geojson\routes\New_York__Clarkstown_MiniTrans__mdb_mdb-911_routes.geojson,C:\Users\wilsonschutterj\Downloads\GTFS_US\agency_enriched_geojson\routes_with_metadata\New_York__Clarkstown_MiniTrans__mdb_mdb-911_routes.geojson,success,19,
routes,New_York__Clinton_County_Public_Transit_(CCPT)__mdb_mdb-544,C:\Users\wilsonschutterj\Downloads\GTFS_US\agency_enriched_geojson\routes\New_York__Clinton_County_Public_Transit_(CCPT)__mdb_mdb-544_routes.geojson,C:\Users\wilsonschutterj\Downloads\GTFS_US\agency_enriched_geojson\routes_with_metadata\New_York__Clinton_County_Public_Transit_(CCPT)__mdb_mdb-544_routes.geojson,success,13,
routes,New_York__Columbia_County_Public_Transportation__mdb_mdb-3116,C:\Users\wilsonschutterj\Downloads\GTFS_US\agency_enriched_geojson\routes\New_York__Columbia_County_Public_Transportation__mdb_mdb-3116_routes.geojson,C:\Users\wilsonschutterj\Downloads\GTFS_US\agency_enriched_geojson\routes_with_metadata\New_York__Columbia_County_Public_Transportation__mdb_mdb-3116_routes.geojson,success,10,
routes,New_York__Connect_Niagara__mdb_tld-5791,C:\Users\wilsonschutterj\Downloads\GTFS_US\agency_enriched_geojson\routes\New_York__Connect_Niagara__mdb_tld-5791_routes.geojson,C:\Users\wilsonschutterj\Downloads\GTFS_US\agency_enriched_geojson\routes_with_metadata\New_York__Connect_Niagara__mdb_tld-5791_routes.geojson,success,6,
routes,New_York__Corning_Erwin_Area_Transit_System_(CEATS)__mdb_mdb-302,C:\Users\wilsonschutterj\Downloads\GTFS_US\agency_enriched_geojson\routes\New_York__Corning_Erwin_Area_Transit_System_(CEATS)__mdb_mdb-302_routes.geojson,C:\Users\wilsonschutterj\Downloads\GTFS_US\agency_enriched_geojson\routes_with_metadata\New_York__Corning_Erwin_Area_Transit_System_(CEATS)__mdb_mdb-302_routes.geojson,success,3,
routes,New_York__Downtown_Alliance__mdb_mdb-519,C:\Users\wilsonschutterj\Downloads\GTFS_US\agency_enriched_geojson\routes\New_York__Downtown_Alliance__mdb_mdb-519_routes.geojson,C:\Users\wilsonschutterj\Downloads\GTFS_US\agency_enriched_geojson\routes_with_metadata\New_York__Downtown_Alliance__mdb_mdb-519_routes.geojson,success,2,
routes,New_York__Dutchess_County__mdb_mdb-457,C:\Users\wilsonschutterj\Downloads\GTFS_US\agency_enriched_geojson\routes\New_York__Dutchess_County__mdb_mdb-457_routes.geojson,C:\Users\wilsonschutterj\Downloads\GTFS_US\agency_enriched_geojson\routes_with_metadata\New_York__Dutchess_County__mdb_mdb-457_routes.geojson,success,58,
routes,New_York__Endless_Mountains_Transportation_Authority__mdb_tld-7021,C:\Users\wilsonschutterj\Downloads\GTFS_US\agency_enriched_geojson\routes\New_York__Endless_Mountains_Transportation_Authority__mdb_tld-7021_routes.geojson,C:\Users\wilsonschutterj\Downloads\GTFS_US\agency_enriched_geojson\routes_with_metadata\New_York__Endless_Mountains_Transportation_Authority__mdb_tld-7021_routes.geojson,success,63,
routes,New_York__Fullington_Trailways__mdb_tld-5783,C:\Users\wilsonschutterj\Downloads\GTFS_US\agency_enriched_geojson\routes\New_York__Fullington_Trailways__mdb_tld-5783_routes.geojson,C:\Users\wilsonschutterj\Downloads\GTFS_US\agency_enriched_geojson\routes_with_metadata\New_York__Fullington_Trailways__mdb_tld-5783_routes.geojson,success,16,
routes,New_York__Gloversville_Transit_System__mdb_mdb-2650,C:\Users\wilsonschutterj\Downloads\GTFS_US\agency_enriched_geojson\routes\New_York__Gloversville_Transit_System__mdb_mdb-2650_routes.geojson,C:\Users\wilsonschutterj\Downloads\GTFS_US\agency_enriched_geojson\routes_with_metadata\New_York__Gloversville_Transit_System__mdb_mdb-2650_routes.geojson,success,10,
routes,New_York__Greene_County_Transit__mdb_mdb-613,C:\Users\wilsonschutterj\Downloads\GTFS_US\agency_enriched_geojson\routes\New_York__Greene_County_Transit__mdb_mdb-613_routes.geojson,C:\Users\wilsonschutterj\Downloads\GTFS_US\agency_enriched_geojson\routes_with_metadata\New_York__Greene_County_Transit__mdb_mdb-613_routes.geojson,success,16,
routes,New_York__Hornell_Area_Transit__mdb_mdb-532,C:\Users\wilsonschutterj\Downloads\GTFS_US\agency_enriched_geojson\routes\New_York__Hornell_Area_Transit__mdb_mdb-532_routes.geojson,C:\Users\wilsonschutterj\Downloads\GTFS_US\agency_enriched_geojson\routes_with_metadata\New_York__Hornell_Area_Transit__mdb_mdb-532_routes.geojson,success,9,
routes,New_York__Huntington_Area_Rapid_Transit_(HART)__mdb_mdb-905,C:\Users\wilsonschutterj\Downloads\GTFS_US\agency_enriched_geojson\routes\New_York__Huntington_Area_Rapid_Transit_(HART)__mdb_mdb-905_routes.geojson,C:\Users\wilsonschutterj\Downloads\GTFS_US\agency_enriched_geojson\routes_with_metadata\New_York__Huntington_Area_Rapid_Transit_(HART)__mdb_mdb-905_routes.geojson,success,34,
routes,New_York__Jefferson_County_Public_Transit_(JCPT)__mdb_mdb-3392,C:\Users\wilsonschutterj\Downloads\GTFS_US\agency_enriched_geojson\routes\New_York__Jefferson_County_Public_Transit_(JCPT)__mdb_mdb-3392_routes.geojson,C:\Users\wilsonschutterj\Downloads\GTFS_US\agency_enriched_geojson\routes_with_metadata\New_York__Jefferson_County_Public_Transit_(JCPT)__mdb_mdb-3392_routes.geojson,success,50,
routes,New_York__Lake_Champlain_Ferries__mdb_mdb-547,C:\Users\wilsonschutterj\Downloads\GTFS_US\agency_enriched_geojson\routes\New_York__Lake_Champlain_Ferries__mdb_mdb-547_routes.geojson,C:\Users\wilsonschutterj\Downloads\GTFS_US\agency_enriched_geojson\routes_with_metadata\New_York__Lake_Champlain_Ferries__mdb_mdb-547_routes.geojson,success,4,
routes,New_York__Leprechaun_Lines__mdb_mdb-910,C:\Users\wilsonschutterj\Downloads\GTFS_US\agency_enriched_geojson\routes\New_York__Leprechaun_Lines__mdb_mdb-910_routes.geojson,C:\Users\wilsonschutterj\Downloads\GTFS_US\agency_enriched_geojson\routes_with_metadata\New_York__Leprechaun_Lines__mdb_mdb-910_routes.geojson,success,2,
routes,New_York__Lewis_County_Public_Transportation__mdb_mdb-566,C:\Users\wilsonschutterj\Downloads\GTFS_US\agency_enriched_geojson\routes\New_York__Lewis_County_Public_Transportation__mdb_mdb-566_routes.geojson,C:\Users\wilsonschutterj\Downloads\GTFS_US\agency_enriched_geojson\routes_with_metadata\New_York__Lewis_County_Public_Transportation__mdb_mdb-566_routes.geojson,success,59,
routes,New_York__Lower_Hudson_Valley_Transit__mdb_mdb-915,C:\Users\wilsonschutterj\Downloads\GTFS_US\agency_enriched_geojson\routes\New_York__Lower_Hudson_Valley_Transit__mdb_mdb-915_routes.geojson,C:\Users\wilsonschutterj\Downloads\GTFS_US\agency_enriched_geojson\routes_with_metadata\New_York__Lower_Hudson_Valley_Transit__mdb_mdb-915_routes.geojson,success,18,
routes,New_York__Madison_County_Transit__mdb_mdb-573,C:\Users\wilsonschutterj\Downloads\GTFS_US\agency_enriched_geojson\routes\New_York__Madison_County_Transit__mdb_mdb-573_routes.geojson,C:\Users\wilsonschutterj\Downloads\GTFS_US\agency_enriched_geojson\routes_with_metadata\New_York__Madison_County_Transit__mdb_mdb-573_routes.geojson,success,15,
routes,New_York__Mercy_College__mdb_tld-4465,C:\Users\wilsonschutterj\Downloads\GTFS_US\agency_enriched_geojson\routes\New_York__Mercy_College__mdb_tld-4465_routes.geojson,C:\Users\wilsonschutterj\Downloads\GTFS_US\agency_enriched_geojson\routes_with_metadata\New_York__Mercy_College__mdb_tld-4465_routes.geojson,success,7,
routes,New_York__Metropolitan_Transit_Authority_(MTA)__mdb_mdb-507,C:\Users\wilsonschutterj\Downloads\GTFS_US\agency_enriched_geojson\routes\New_York__Metropolitan_Transit_Authority_(MTA)__mdb_mdb-507_routes.geojson,C:\Users\wilsonschutterj\Downloads\GTFS_US\agency_enriched_geojson\routes_with_metadata\New_York__Metropolitan_Transit_Authority_(MTA)__mdb_mdb-507_routes.geojson,success,141,
routes,New_York__Metropolitan_Transit_Authority_(MTA)__mdb_mdb-510,C:\Users\wilsonschutterj\Downloads\GTFS_US\agency_enriched_geojson\routes\New_York__Metropolitan_Transit_Authority_(MTA)__mdb_mdb-510_routes.geojson,C:\Users\wilsonschutterj\Downloads\GTFS_US\agency_enriched_geojson\routes_with_metadata\New_York__Metropolitan_Transit_Authority_(MTA)__mdb_mdb-510_routes.geojson,success,323,
routes,New_York__Metropolitan_Transit_Authority_(MTA)__mdb_mdb-511,C:\Users\wilsonschutterj\Downloads\GTFS_US\agency_enriched_geojson\routes\New_York__Metropolitan_Transit_Authority_(MTA)__mdb_mdb-511_routes.geojson,C:\Users\wilsonschutterj\Downloads\GTFS_US\agency_enriched_geojson\routes_with_metadata\New_York__Metropolitan_Transit_Authority_(MTA)__mdb_mdb-511_routes.geojson,success,257,
routes,New_York__Metropolitan_Transit_Authority_(MTA)__mdb_mdb-512,C:\Users\wilsonschutterj\Downloads\GTFS_US\agency_enriched_geojson\routes\New_York__Metropolitan_Transit_Authority_(MTA)__mdb_mdb-512_routes.geojson,C:\Users\wilsonschutterj\Downloads\GTFS_US\agency_enriched_geojson\routes_with_metadata\New_York__Metropolitan_Transit_Authority_(MTA)__mdb_mdb-512_routes.geojson,success,364,
routes,New_York__Metropolitan_Transit_Authority_(MTA)__mdb_mdb-513,C:\Users\wilsonschutterj\Downloads\GTFS_US\agency_enriched_geojson\routes\New_York__Metropolitan_Transit_Authority_(MTA)__mdb_mdb-513_routes.geojson,C:\Users\wilsonschutterj\Downloads\GTFS_US\agency_enriched_geojson\routes_with_metadata\New_York__Metropolitan_Transit_Authority_(MTA)__mdb_mdb-513_routes.geojson,success,158,
routes,New_York__Metropolitan_Transit_Authority_(MTA)__mdb_mdb-514,C:\Users\wilsonschutterj\Downloads\GTFS_US\agency_enriched_geojson\routes\New_York__Metropolitan_Transit_Authority_(MTA)__mdb_mdb-514_routes.geojson,C:\Users\wilsonschutterj\Downloads\GTFS_US\agency_enriched_geojson\routes_with_metadata\New_York__Metropolitan_Transit_Authority_(MTA)__mdb_mdb-514_routes.geojson,success,286,
routes,New_York__Metropolitan_Transit_Authority_(MTA)__mdb_mdb-516,C:\Users\wilsonschutterj\Downloads\GTFS_US\agency_enriched_geojson\routes\New_York__Metropolitan_Transit_Authority_(MTA)__mdb_mdb-516_routes.geojson,C:\Users\wilsonschutterj\Downloads\GTFS_US\agency_enriched_geojson\routes_with_metadata\New_York__Metropolitan_Transit_Authority_(MTA)__mdb_mdb-516_routes.geojson,success,257,
routes,New_York__Metropolitan_Transit_Authority_(MTA)__mdb_mdb-520,C:\Users\wilsonschutterj\Downloads\GTFS_US\agency_enriched_geojson\routes\New_York__Metropolitan_Transit_Authority_(MTA)__mdb_mdb-520_routes.geojson,C:\Users\wilsonschutterj\Downloads\GTFS_US\agency_enriched_geojson\routes_with_metadata\New_York__Metropolitan_Transit_Authority_(MTA)__mdb_mdb-520_routes.geojson,success,188,
routes,New_York__Metropolitan_Transit_Authority_(MTA)__mdb_mdb-528,C:\Users\wilsonschutterj\Downloads\GTFS_US\agency_enriched_geojson\routes\New_York__Metropolitan_Transit_Authority_(MTA)__mdb_mdb-528_routes.geojson,C:\Users\wilsonschutterj\Downloads\GTFS_US\agency_enriched_geojson\routes_with_metadata\New_York__Metropolitan_Transit_Authority_(MTA)__mdb_mdb-528_routes.geojson,success,236,
routes,New_York__MTA_Metro-North_Railroad__mdb_tld-5788,C:\Users\wilsonschutterj\Downloads\GTFS_US\agency_enriched_geojson\routes\New_York__MTA_Metro-North_Railroad__mdb_tld-5788_routes.geojson,C:\Users\wilsonschutterj\Downloads\GTFS_US\agency_enriched_geojson\routes_with_metadata\New_York__MTA_Metro-North_Railroad__mdb_tld-5788_routes.geojson,success,9,
routes,New_York__Nassau_Inter-County_Express_(NICE_Bus)__mdb_mdb-521,C:\Users\wilsonschutterj\Downloads\GTFS_US\agency_enriched_geojson\routes\New_York__Nassau_Inter-County_Express_(NICE_Bus)__mdb_mdb-521_routes.geojson,C:\Users\wilsonschutterj\Downloads\GTFS_US\agency_enriched_geojson\routes_with_metadata\New_York__Nassau_Inter-County_Express_(NICE_Bus)__mdb_mdb-521_routes.geojson,success,175,
routes,New_York__Niagara_Frontier_Transportation_Authority__mdb_tld-401,C:\Users\wilsonschutterj\Downloads\GTFS_US\agency_enriched_geojson\routes\New_York__Niagara_Frontier_Transportation_Authority__mdb_tld-401_routes.geojson,C:\Users\wilsonschutterj\Downloads\GTFS_US\agency_enriched_geojson\routes_with_metadata\New_York__Niagara_Frontier_Transportation_Authority__mdb_tld-401_routes.geojson,success,255,
routes,New_York__Niagara_Frontier_Transportation_Authority__mdb_tld-6748,C:\Users\wilsonschutterj\Downloads\GTFS_US\agency_enriched_geojson\routes\New_York__Niagara_Frontier_Transportation_Authority__mdb_tld-6748_routes.geojson,C:\Users\wilsonschutterj\Downloads\GTFS_US\agency_enriched_geojson\routes_with_metadata\New_York__Niagara_Frontier_Transportation_Authority__mdb_tld-6748_routes.geojson,success,10,
routes,New_York__North_Country_Express_Transit__mdb_mdb-546,C:\Users\wilsonschutterj\Downloads\GTFS_US\agency_enriched_geojson\routes\New_York__North_Country_Express_Transit__mdb_mdb-546_routes.geojson,C:\Users\wilsonschutterj\Downloads\GTFS_US\agency_enriched_geojson\routes_with_metadata\New_York__North_Country_Express_Transit__mdb_mdb-546_routes.geojson,success,4,
routes,New_York__NYC_Ferry__mdb_mdb-515,C:\Users\wilsonschutterj\Downloads\GTFS_US\agency_enriched_geojson\routes\New_York__NYC_Ferry__mdb_mdb-515_routes.geojson,C:\Users\wilsonschutterj\Downloads\GTFS_US\agency_enriched_geojson\routes_with_metadata\New_York__NYC_Ferry__mdb_mdb-515_routes.geojson,success,33,
routes,New_York__Olean_Area_Transit_System__mdb_mdb-586,C:\Users\wilsonschutterj\Downloads\GTFS_US\agency_enriched_geojson\routes\New_York__Olean_Area_Transit_System__mdb_mdb-586_routes.geojson,C:\Users\wilsonschutterj\Downloads\GTFS_US\agency_enriched_geojson\routes_with_metadata\New_York__Olean_Area_Transit_System__mdb_mdb-586_routes.geojson,success,36,
routes,New_York__Oneonta_Public_Transit__mdb_tld-6777,C:\Users\wilsonschutterj\Downloads\GTFS_US\agency_enriched_geojson\routes\New_York__Oneonta_Public_Transit__mdb_tld-6777_routes.geojson,C:\Users\wilsonschutterj\Downloads\GTFS_US\agency_enriched_geojson\routes_with_metadata\New_York__Oneonta_Public_Transit__mdb_tld-6777_routes.geojson,success,15,
routes,New_York__Otsego_Express_Public_Transportation__mdb_mdb-589,C:\Users\wilsonschutterj\Downloads\GTFS_US\agency_enriched_geojson\routes\New_York__Otsego_Express_Public_Transportation__mdb_mdb-589_routes.geojson,C:\Users\wilsonschutterj\Downloads\GTFS_US\agency_enriched_geojson\routes_with_metadata\New_York__Otsego_Express_Public_Transportation__mdb_mdb-589_routes.geojson,success,26,
routes,New_York__PART_Putnam_Area_Rapid_Transit__mdb_mdb-928,C:\Users\wilsonschutterj\Downloads\GTFS_US\agency_enriched_geojson\routes\New_York__PART_Putnam_Area_Rapid_Transit__mdb_mdb-928_routes.geojson,C:\Users\wilsonschutterj\Downloads\GTFS_US\agency_enriched_geojson\routes_with_metadata\New_York__PART_Putnam_Area_Rapid_Transit__mdb_mdb-928_routes.geojson,success,48,
routes,"New_York__Propark_Mobility,_Columbia_County_Public_Transportation__mdb_tld-6745","C:\Users\wilsonschutterj\Downloads\GTFS_US\agency_enriched_geojson\routes\New_York__Propark_Mobility,_Columbia_County_Public_Transportation__mdb_tld-6745_routes.geojson","C:\Users\wilsonschutterj\Downloads\GTFS_US\agency_enriched_geojson\routes_with_metadata\New_York__Propark_Mobility,_Columbia_County_Public_Transportation__mdb_tld-6745_routes.geojson",success,37,
routes,New_York__Rensselaer_County_(Yankee_Trails)__mdb_mdb-804,C:\Users\wilsonschutterj\Downloads\GTFS_US\agency_enriched_geojson\routes\New_York__Rensselaer_County_(Yankee_Trails)__mdb_mdb-804_routes.geojson,C:\Users\wilsonschutterj\Downloads\GTFS_US\agency_enriched_geojson\routes_with_metadata\New_York__Rensselaer_County_(Yankee_Trails)__mdb_mdb-804_routes.geojson,success,4,
routes,New_York__Rochester-Genesee_Regional_Transportation_Authority_(RGRTA)__mdb_mdb-533,C:\Users\wilsonschutterj\Downloads\GTFS_US\agency_enriched_geojson\routes\New_York__Rochester-Genesee_Regional_Transportation_Authority_(RGRTA)__mdb_mdb-533_routes.geojson,C:\Users\wilsonschutterj\Downloads\GTFS_US\agency_enriched_geojson\routes_with_metadata\New_York__Rochester-Genesee_Regional_Transportation_Authority_(RGRTA)__mdb_mdb-533_routes.geojson,success,491,
routes,New_York__Rochester-Genesee_Regional_Transportation_Authority__mdb_tld-1200,C:\Users\wilsonschutterj\Downloads\GTFS_US\agency_enriched_geojson\routes\New_York__Rochester-Genesee_Regional_Transportation_Authority__mdb_tld-1200_routes.geojson,C:\Users\wilsonschutterj\Downloads\GTFS_US\agency_enriched_geojson\routes_with_metadata\New_York__Rochester-Genesee_Regional_Transportation_Authority__mdb_tld-1200_routes.geojson,success,24,
routes,New_York__Rochester-Genesee_Regional_Transportation_Authority__mdb_tld-1201,C:\Users\wilsonschutterj\Downloads\GTFS_US\agency_enriched_geojson\routes\New_York__Rochester-Genesee_Regional_Transportation_Authority__mdb_tld-1201_routes.geojson,C:\Users\wilsonschutterj\Downloads\GTFS_US\agency_enriched_geojson\routes_with_metadata\New_York__Rochester-Genesee_Regional_Transportation_Authority__mdb_tld-1201_routes.geojson,success,20,
routes,New_York__Rochester-Genesee_Regional_Transportation_Authority__mdb_tld-7040,C:\Users\wilsonschutterj\Downloads\GTFS_US\agency_enriched_geojson\routes\New_York__Rochester-Genesee_Regional_Transportation_Authority__mdb_tld-7040_routes.geojson,C:\Users\wilsonschutterj\Downloads\GTFS_US\agency_enriched_geojson\routes_with_metadata\New_York__Rochester-Genesee_Regional_Transportation_Authority__mdb_tld-7040_routes.geojson,success,60,
routes,New_York__Rochester-Genesee_Regional_Transportation_Authority__mdb_tld-7041,C:\Users\wilsonschutterj\Downloads\GTFS_US\agency_enriched_geojson\routes\New_York__Rochester-Genesee_Regional_Transportation_Authority__mdb_tld-7041_routes.geojson,C:\Users\wilsonschutterj\Downloads\GTFS_US\agency_enriched_geojson\routes_with_metadata\New_York__Rochester-Genesee_Regional_Transportation_Authority__mdb_tld-7041_routes.geojson,success,61,
routes,New_York__Rochester-Genesee_Regional_Transportation_Authority__mdb_tld-7042,C:\Users\wilsonschutterj\Downloads\GTFS_US\agency_enriched_geojson\routes\New_York__Rochester-Genesee_Regional_Transportation_Authority__mdb_tld-7042_routes.geojson,C:\Users\wilsonschutterj\Downloads\GTFS_US\agency_enriched_geojson\routes_with_metadata\New_York__Rochester-Genesee_Regional_Transportation_Authority__mdb_tld-7042_routes.geojson,success,31,
routes,New_York__Rochester-Genesee_Regional_Transportation_Authority__mdb_tld-7043,C:\Users\wilsonschutterj\Downloads\GTFS_US\agency_enriched_geojson\routes\New_York__Rochester-Genesee_Regional_Transportation_Authority__mdb_tld-7043_routes.geojson,C:\Users\wilsonschutterj\Downloads\GTFS_US\agency_enriched_geojson\routes_with_metadata\New_York__Rochester-Genesee_Regional_Transportation_Authority__mdb_tld-7043_routes.geojson,success,45,
routes,New_York__Rochester_Transit_Service__mdb_mdb-3114,C:\Users\wilsonschutterj\Downloads\GTFS_US\agency_enriched_geojson\routes\New_York__Rochester_Transit_Service__mdb_mdb-3114_routes.geojson,C:\Users\wilsonschutterj\Downloads\GTFS_US\agency_enriched_geojson\routes_with_metadata\New_York__Rochester_Transit_Service__mdb_mdb-3114_routes.geojson,success,87,
routes,New_York__Roosevelt_Island_Operating_Corporation_Tramway__mdb_tld-3364,C:\Users\wilsonschutterj\Downloads\GTFS_US\agency_enriched_geojson\routes\New_York__Roosevelt_Island_Operating_Corporation_Tramway__mdb_tld-3364_routes.geojson,C:\Users\wilsonschutterj\Downloads\GTFS_US\agency_enriched_geojson\routes_with_metadata\New_York__Roosevelt_Island_Operating_Corporation_Tramway__mdb_tld-3364_routes.geojson,success,6,
routes,New_York__Schoharie_County_Transit__mdb_tld-5877,C:\Users\wilsonschutterj\Downloads\GTFS_US\agency_enriched_geojson\routes\New_York__Schoharie_County_Transit__mdb_tld-5877_routes.geojson,C:\Users\wilsonschutterj\Downloads\GTFS_US\agency_enriched_geojson\routes_with_metadata\New_York__Schoharie_County_Transit__mdb_tld-5877_routes.geojson,success,12,
routes,New_York__SeaStreak_Ferries__mdb_ntd-20226,C:\Users\wilsonschutterj\Downloads\GTFS_US\agency_enriched_geojson\routes\New_York__SeaStreak_Ferries__mdb_ntd-20226_routes.geojson,C:\Users\wilsonschutterj\Downloads\GTFS_US\agency_enriched_geojson\routes_with_metadata\New_York__SeaStreak_Ferries__mdb_ntd-20226_routes.geojson,success,24,
routes,New_York__Seneca_Transit_System__mdb_ntd-22929,C:\Users\wilsonschutterj\Downloads\GTFS_US\agency_enriched_geojson\routes\New_York__Seneca_Transit_System__mdb_ntd-22929_routes.geojson,C:\Users\wilsonschutterj\Downloads\GTFS_US\agency_enriched_geojson\routes_with_metadata\New_York__Seneca_Transit_System__mdb_ntd-22929_routes.geojson,success,10,
routes,New_York__St_Lawrence_County_Public_Transit__mdb_mdb-2611,C:\Users\wilsonschutterj\Downloads\GTFS_US\agency_enriched_geojson\routes\New_York__St_Lawrence_County_Public_Transit__mdb_mdb-2611_routes.geojson,C:\Users\wilsonschutterj\Downloads\GTFS_US\agency_enriched_geojson\routes_with_metadata\New_York__St_Lawrence_County_Public_Transit__mdb_mdb-2611_routes.geojson,success,75,
routes,New_York__Staten_Island_Ferry__mdb_mdb-518,C:\Users\wilsonschutterj\Downloads\GTFS_US\agency_enriched_geojson\routes\New_York__Staten_Island_Ferry__mdb_mdb-518_routes.geojson,C:\Users\wilsonschutterj\Downloads\GTFS_US\agency_enriched_geojson\routes_with_metadata\New_York__Staten_Island_Ferry__mdb_mdb-518_routes.geojson,success,2,
routes,New_York__Steuben_County_Transit__mdb_mdb-851,C:\Users\wilsonschutterj\Downloads\GTFS_US\agency_enriched_geojson\routes\New_York__Steuben_County_Transit__mdb_mdb-851_routes.geojson,C:\Users\wilsonschutterj\Downloads\GTFS_US\agency_enriched_geojson\routes_with_metadata\New_York__Steuben_County_Transit__mdb_mdb-851_routes.geojson,success,6,
routes,New_York__Suffolk_County_Transit__mdb_mdb-3115,C:\Users\wilsonschutterj\Downloads\GTFS_US\agency_enriched_geojson\routes\New_York__Suffolk_County_Transit__mdb_mdb-3115_routes.geojson,C:\Users\wilsonschutterj\Downloads\GTFS_US\agency_enriched_geojson\routes_with_metadata\New_York__Suffolk_County_Transit__mdb_mdb-3115_routes.geojson,success,53,
routes,New_York__Sullivan_County_Transit__mdb_mdb-927,C:\Users\wilsonschutterj\Downloads\GTFS_US\agency_enriched_geojson\routes\New_York__Sullivan_County_Transit__mdb_mdb-927_routes.geojson,C:\Users\wilsonschutterj\Downloads\GTFS_US\agency_enriched_geojson\routes_with_metadata\New_York__Sullivan_County_Transit__mdb_mdb-927_routes.geojson,success,15,
routes,New_York__Tompkins_Consolidated_Area_Transit_Inc__mdb_mdb-535,C:\Users\wilsonschutterj\Downloads\GTFS_US\agency_enriched_geojson\routes\New_York__Tompkins_Consolidated_Area_Transit_Inc__mdb_mdb-535_routes.geojson,C:\Users\wilsonschutterj\Downloads\GTFS_US\agency_enriched_geojson\routes_with_metadata\New_York__Tompkins_Consolidated_Area_Transit_Inc__mdb_mdb-535_routes.geojson,success,156,
routes,New_York__Transport_of_Rockland__mdb_tld-3368,C:\Users\wilsonschutterj\Downloads\GTFS_US\agency_enriched_geojson\routes\New_York__Transport_of_Rockland__mdb_tld-3368_routes.geojson,C:\Users\wilsonschutterj\Downloads\GTFS_US\agency_enriched_geojson\routes_with_metadata\New_York__Transport_of_Rockland__mdb_tld-3368_routes.geojson,success,83,
routes,New_York__Ulster_County_Area_Transit__mdb_mdb-526,C:\Users\wilsonschutterj\Downloads\GTFS_US\agency_enriched_geojson\routes\New_York__Ulster_County_Area_Transit__mdb_mdb-526_routes.geojson,C:\Users\wilsonschutterj\Downloads\GTFS_US\agency_enriched_geojson\routes_with_metadata\New_York__Ulster_County_Area_Transit__mdb_mdb-526_routes.geojson,success,69,
routes,New_York__Watertown_Citibus__mdb_mdb-2881,C:\Users\wilsonschutterj\Downloads\GTFS_US\agency_enriched_geojson\routes\New_York__Watertown_Citibus__mdb_mdb-2881_routes.geojson,C:\Users\wilsonschutterj\Downloads\GTFS_US\agency_enriched_geojson\routes_with_metadata\New_York__Watertown_Citibus__mdb_mdb-2881_routes.geojson,success,5,
routes,New_York__Watertown_Citibus__mdb_mdb-871,C:\Users\wilsonschutterj\Downloads\GTFS_US\agency_enriched_geojson\routes\New_York__Watertown_Citibus__mdb_mdb-871_routes.geojson,C:\Users\wilsonschutterj\Downloads\GTFS_US\agency_enriched_geojson\routes_with_metadata\New_York__Watertown_Citibus__mdb_mdb-871_routes.geojson,success,5,
routes,North_Carolina__Asheville_Rides_Transit__mdb_mdb-903,C:\Users\wilsonschutterj\Downloads\GTFS_US\agency_enriched_geojson\routes\North_Carolina__Asheville_Rides_Transit__mdb_mdb-903_routes.geojson,C:\Users\wilsonschutterj\Downloads\GTFS_US\agency_enriched_geojson\routes_with_metadata\North_Carolina__Asheville_Rides_Transit__mdb_mdb-903_routes.geojson,success,46,
routes,North_Carolina__Cape_Lookout_National_Seashore__mdb_mdb-3205,C:\Users\wilsonschutterj\Downloads\GTFS_US\agency_enriched_geojson\routes\North_Carolina__Cape_Lookout_National_Seashore__mdb_mdb-3205_routes.geojson,C:\Users\wilsonschutterj\Downloads\GTFS_US\agency_enriched_geojson\routes_with_metadata\North_Carolina__Cape_Lookout_National_Seashore__mdb_mdb-3205_routes.geojson,success,6,
routes,North_Carolina__Capital_Area_Transit_(GoRaleigh)__mdb_mdb-2074,C:\Users\wilsonschutterj\Downloads\GTFS_US\agency_enriched_geojson\routes\North_Carolina__Capital_Area_Transit_(GoRaleigh)__mdb_mdb-2074_routes.geojson,C:\Users\wilsonschutterj\Downloads\GTFS_US\agency_enriched_geojson\routes_with_metadata\North_Carolina__Capital_Area_Transit_(GoRaleigh)__mdb_mdb-2074_routes.geojson,success,77,
routes,North_Carolina__Chapel_Hill_Transit__mdb_tld-89,C:\Users\wilsonschutterj\Downloads\GTFS_US\agency_enriched_geojson\routes\North_Carolina__Chapel_Hill_Transit__mdb_tld-89_routes.geojson,C:\Users\wilsonschutterj\Downloads\GTFS_US\agency_enriched_geojson\routes_with_metadata\North_Carolina__Chapel_Hill_Transit__mdb_tld-89_routes.geojson,success,43,
routes,North_Carolina__Charlotte_Area_Transit_System_(CATS)__mdb_mdb-2265,C:\Users\wilsonschutterj\Downloads\GTFS_US\agency_enriched_geojson\routes\North_Carolina__Charlotte_Area_Transit_System_(CATS)__mdb_mdb-2265_routes.geojson,C:\Users\wilsonschutterj\Downloads\GTFS_US\agency_enriched_geojson\routes_with_metadata\North_Carolina__Charlotte_Area_Transit_System_(CATS)__mdb_mdb-2265_routes.geojson,success,193,
routes,North_Carolina__City_of_Jacksonville__mdb_tld-6735,C:\Users\wilsonschutterj\Downloads\GTFS_US\agency_enriched_geojson\routes\North_Carolina__City_of_Jacksonville__mdb_tld-6735_routes.geojson,C:\Users\wilsonschutterj\Downloads\GTFS_US\agency_enriched_geojson\routes_with_metadata\North_Carolina__City_of_Jacksonville__mdb_tld-6735_routes.geojson,success,10,
routes,North_Carolina__Concord_Kannapolis_Area_Transit_(Rider_Transit)__mdb_mdb-2244,C:\Users\wilsonschutterj\Downloads\GTFS_US\agency_enriched_geojson\routes\North_Carolina__Concord_Kannapolis_Area_Transit_(Rider_Transit)__mdb_mdb-2244_routes.geojson,C:\Users\wilsonschutterj\Downloads\GTFS_US\agency_enriched_geojson\routes_with_metadata\North_Carolina__Concord_Kannapolis_Area_Transit_(Rider_Transit)__mdb_mdb-2244_routes.geojson,success,17,
routes,North_Carolina__Davidson_County_Transportation_Services__mdb_ntd-40131,C:\Users\wilsonschutterj\Downloads\GTFS_US\agency_enriched_geojson\routes\North_Carolina__Davidson_County_Transportation_Services__mdb_ntd-40131_routes.geojson,C:\Users\wilsonschutterj\Downloads\GTFS_US\agency_enriched_geojson\routes_with_metadata\North_Carolina__Davidson_County_Transportation_Services__mdb_ntd-40131_routes.geojson,success,5,
routes,North_Carolina__GoCary__mdb_mdb-2277,C:\Users\wilsonschutterj\Downloads\GTFS_US\agency_enriched_geojson\routes\North_Carolina__GoCary__mdb_mdb-2277_routes.geojson,C:\Users\wilsonschutterj\Downloads\GTFS_US\agency_enriched_geojson\routes_with_metadata\North_Carolina__GoCary__mdb_mdb-2277_routes.geojson,success,22,
routes,North_Carolina__GoDurham__mdb_tld-98,C:\Users\wilsonschutterj\Downloads\GTFS_US\agency_enriched_geojson\routes\North_Carolina__GoDurham__mdb_tld-98_routes.geojson,C:\Users\wilsonschutterj\Downloads\GTFS_US\agency_enriched_geojson\routes_with_metadata\North_Carolina__GoDurham__mdb_tld-98_routes.geojson,success,208,
routes,North_Carolina__GoTriangle__mdb_mdb-3183,C:\Users\wilsonschutterj\Downloads\GTFS_US\agency_enriched_geojson\routes\North_Carolina__GoTriangle__mdb_mdb-3183_routes.geojson,C:\Users\wilsonschutterj\Downloads\GTFS_US\agency_enriched_geojson\routes_with_metadata\North_Carolina__GoTriangle__mdb_mdb-3183_routes.geojson,success,57,
routes,North_Carolina__Link_Transit__mdb_mdb-1971,C:\Users\wilsonschutterj\Downloads\GTFS_US\agency_enriched_geojson\routes\North_Carolina__Link_Transit__mdb_mdb-1971_routes.geojson,C:\Users\wilsonschutterj\Downloads\GTFS_US\agency_enriched_geojson\routes_with_metadata\North_Carolina__Link_Transit__mdb_mdb-1971_routes.geojson,success,10,
routes,North_Carolina__North_Carolina_State_University_(NCSU)__mdb_mdb-2245,C:\Users\wilsonschutterj\Downloads\GTFS_US\agency_enriched_geojson\routes\North_Carolina__North_Carolina_State_University_(NCSU)__mdb_mdb-2245_routes.geojson,C:\Users\wilsonschutterj\Downloads\GTFS_US\agency_enriched_geojson\routes_with_metadata\North_Carolina__North_Carolina_State_University_(NCSU)__mdb_mdb-2245_routes.geojson,success,12,
routes,North_Carolina__Orange_County_Public_Transportation__mdb_tld-7885,C:\Users\wilsonschutterj\Downloads\GTFS_US\agency_enriched_geojson\routes\North_Carolina__Orange_County_Public_Transportation__mdb_tld-7885_routes.geojson,C:\Users\wilsonschutterj\Downloads\GTFS_US\agency_enriched_geojson\routes_with_metadata\North_Carolina__Orange_County_Public_Transportation__mdb_tld-7885_routes.geojson,success,9,
routes,North_Carolina__Piedmont_Authority_for_Regional_Transportation_(PART)__mdb_mdb-373,C:\Users\wilsonschutterj\Downloads\GTFS_US\agency_enriched_geojson\routes\North_Carolina__Piedmont_Authority_for_Regional_Transportation_(PART)__mdb_mdb-373_routes.geojson,C:\Users\wilsonschutterj\Downloads\GTFS_US\agency_enriched_geojson\routes_with_metadata\North_Carolina__Piedmont_Authority_for_Regional_Transportation_(PART)__mdb_mdb-373_routes.geojson,success,30,
routes,North_Carolina__Research_Triangle_Regional_Public_Transportation_Authority__mdb_tld-202,C:\Users\wilsonschutterj\Downloads\GTFS_US\agency_enriched_geojson\routes\North_Carolina__Research_Triangle_Regional_Public_Transportation_Authority__mdb_tld-202_routes.geojson,C:\Users\wilsonschutterj\Downloads\GTFS_US\agency_enriched_geojson\routes_with_metadata\North_Carolina__Research_Triangle_Regional_Public_Transportation_Authority__mdb_tld-202_routes.geojson,success,57,
routes,North_Carolina__Tar_River_Transit__mdb_mdb-472,C:\Users\wilsonschutterj\Downloads\GTFS_US\agency_enriched_geojson\routes\North_Carolina__Tar_River_Transit__mdb_mdb-472_routes.geojson,C:\Users\wilsonschutterj\Downloads\GTFS_US\agency_enriched_geojson\routes_with_metadata\North_Carolina__Tar_River_Transit__mdb_mdb-472_routes.geojson,success,12,
routes,North_Carolina__Wave_Transit__mdb_mdb-1110,C:\Users\wilsonschutterj\Downloads\GTFS_US\agency_enriched_geojson\routes\North_Carolina__Wave_Transit__mdb_mdb-1110_routes.geojson,C:\Users\wilsonschutterj\Downloads\GTFS_US\agency_enriched_geojson\routes_with_metadata\North_Carolina__Wave_Transit__mdb_mdb-1110_routes.geojson,success,36,
routes,North_Carolina__Winston_Salem_Transit_Authority_(WSTA)__mdb_mdb-3479,C:\Users\wilsonschutterj\Downloads\GTFS_US\agency_enriched_geojson\routes\North_Carolina__Winston_Salem_Transit_Authority_(WSTA)__mdb_mdb-3479_routes.geojson,C:\Users\wilsonschutterj\Downloads\GTFS_US\agency_enriched_geojson\routes_with_metadata\North_Carolina__Winston_Salem_Transit_Authority_(WSTA)__mdb_mdb-3479_routes.geojson,success,52,
routes,North_Dakota__Bis-Man_Transit__mdb_tld-6095,C:\Users\wilsonschutterj\Downloads\GTFS_US\agency_enriched_geojson\routes\North_Dakota__Bis-Man_Transit__mdb_tld-6095_routes.geojson,C:\Users\wilsonschutterj\Downloads\GTFS_US\agency_enriched_geojson\routes_with_metadata\North_Dakota__Bis-Man_Transit__mdb_tld-6095_routes.geojson,success,12,
routes,North_Dakota__Cities_Area_Transit__mdb_mdb-2199,C:\Users\wilsonschutterj\Downloads\GTFS_US\agency_enriched_geojson\routes\North_Dakota__Cities_Area_Transit__mdb_mdb-2199_routes.geojson,C:\Users\wilsonschutterj\Downloads\GTFS_US\agency_enriched_geojson\routes_with_metadata\North_Dakota__Cities_Area_Transit__mdb_mdb-2199_routes.geojson,success,27,
routes,North_Dakota__City_of_Fargo__mdb_ntd-80003,C:\Users\wilsonschutterj\Downloads\GTFS_US\agency_enriched_geojson\routes\North_Dakota__City_of_Fargo__mdb_ntd-80003_routes.geojson,C:\Users\wilsonschutterj\Downloads\GTFS_US\agency_enriched_geojson\routes_with_metadata\North_Dakota__City_of_Fargo__mdb_ntd-80003_routes.geojson,success,30,
routes,Ohio__Akron_Metro_Regional_Transit_Authority_(METRO)__mdb_mdb-2071,C:\Users\wilsonschutterj\Downloads\GTFS_US\agency_enriched_geojson\routes\Ohio__Akron_Metro_Regional_Transit_Authority_(METRO)__mdb_mdb-2071_routes.geojson,C:\Users\wilsonschutterj\Downloads\GTFS_US\agency_enriched_geojson\routes_with_metadata\Ohio__Akron_Metro_Regional_Transit_Authority_(METRO)__mdb_mdb-2071_routes.geojson,success,88,
routes,Ohio__Allen_County_Regional_Transit_Authority__mdb_mdb-210,C:\Users\wilsonschutterj\Downloads\GTFS_US\agency_enriched_geojson\routes\Ohio__Allen_County_Regional_Transit_Authority__mdb_mdb-210_routes.geojson,C:\Users\wilsonschutterj\Downloads\GTFS_US\agency_enriched_geojson\routes_with_metadata\Ohio__Allen_County_Regional_Transit_Authority__mdb_mdb-210_routes.geojson,success,13,
routes,Ohio__Central_Ohio_Transit_Authority_(COTA)__mdb_mdb-404,C:\Users\wilsonschutterj\Downloads\GTFS_US\agency_enriched_geojson\routes\Ohio__Central_Ohio_Transit_Authority_(COTA)__mdb_mdb-404_routes.geojson,C:\Users\wilsonschutterj\Downloads\GTFS_US\agency_enriched_geojson\routes_with_metadata\Ohio__Central_Ohio_Transit_Authority_(COTA)__mdb_mdb-404_routes.geojson,success,141,
routes,Ohio__Cincinnati_Metro__mdb_mdb-307,C:\Users\wilsonschutterj\Downloads\GTFS_US\agency_enriched_geojson\routes\Ohio__Cincinnati_Metro__mdb_mdb-307_routes.geojson,C:\Users\wilsonschutterj\Downloads\GTFS_US\agency_enriched_geojson\routes_with_metadata\Ohio__Cincinnati_Metro__mdb_mdb-307_routes.geojson,success,203,
routes,Ohio__Greater_Cleveland_Regional_Transit_Authority__mdb_mdb-406,C:\Users\wilsonschutterj\Downloads\GTFS_US\agency_enriched_geojson\routes\Ohio__Greater_Cleveland_Regional_Transit_Authority__mdb_mdb-406_routes.geojson,C:\Users\wilsonschutterj\Downloads\GTFS_US\agency_enriched_geojson\routes_with_metadata\Ohio__Greater_Cleveland_Regional_Transit_Authority__mdb_mdb-406_routes.geojson,success,243,
routes,Ohio__Greater_Dayton_Regional_Transit_Authority_(Greater_Dayton_RTA)__mdb_mdb-403,C:\Users\wilsonschutterj\Downloads\GTFS_US\agency_enriched_geojson\routes\Ohio__Greater_Dayton_Regional_Transit_Authority_(Greater_Dayton_RTA)__mdb_mdb-403_routes.geojson,C:\Users\wilsonschutterj\Downloads\GTFS_US\agency_enriched_geojson\routes_with_metadata\Ohio__Greater_Dayton_Regional_Transit_Authority_(Greater_Dayton_RTA)__mdb_mdb-403_routes.geojson,success,189,
routes,Ohio__Laketran__mdb_mdb-410,C:\Users\wilsonschutterj\Downloads\GTFS_US\agency_enriched_geojson\routes\Ohio__Laketran__mdb_mdb-410_routes.geojson,C:\Users\wilsonschutterj\Downloads\GTFS_US\agency_enriched_geojson\routes_with_metadata\Ohio__Laketran__mdb_mdb-410_routes.geojson,success,44,
routes,Ohio__Licking_County_Transit__mdb_ntd-50163,C:\Users\wilsonschutterj\Downloads\GTFS_US\agency_enriched_geojson\routes\Ohio__Licking_County_Transit__mdb_ntd-50163_routes.geojson,C:\Users\wilsonschutterj\Downloads\GTFS_US\agency_enriched_geojson\routes_with_metadata\Ohio__Licking_County_Transit__mdb_ntd-50163_routes.geojson,success,6,
routes,Ohio__Lorain_County_Transit__mdb_tld-7039,C:\Users\wilsonschutterj\Downloads\GTFS_US\agency_enriched_geojson\routes\Ohio__Lorain_County_Transit__mdb_tld-7039_routes.geojson,C:\Users\wilsonschutterj\Downloads\GTFS_US\agency_enriched_geojson\routes_with_metadata\Ohio__Lorain_County_Transit__mdb_tld-7039_routes.geojson,success,12,
routes,Ohio__Portage_Area_Regional_Transportation_Authority_(PARTA)__mdb_mdb-2256,C:\Users\wilsonschutterj\Downloads\GTFS_US\agency_enriched_geojson\routes\Ohio__Portage_Area_Regional_Transportation_Authority_(PARTA)__mdb_mdb-2256_routes.geojson,C:\Users\wilsonschutterj\Downloads\GTFS_US\agency_enriched_geojson\routes_with_metadata\Ohio__Portage_Area_Regional_Transportation_Authority_(PARTA)__mdb_mdb-2256_routes.geojson,success,45,
routes,Ohio__Sandusky_Transit_System__mdb_tld-1213_1,C:\Users\wilsonschutterj\Downloads\GTFS_US\agency_enriched_geojson\routes\Ohio__Sandusky_Transit_System__mdb_tld-1213_1_routes.geojson,C:\Users\wilsonschutterj\Downloads\GTFS_US\agency_enriched_geojson\routes_with_metadata\Ohio__Sandusky_Transit_System__mdb_tld-1213_1_routes.geojson,success,5,
routes,Ohio__Stark_Area_Regional_Transit_Authority_(SARTA)__mdb_mdb-2001,C:\Users\wilsonschutterj\Downloads\GTFS_US\agency_enriched_geojson\routes\Ohio__Stark_Area_Regional_Transit_Authority_(SARTA)__mdb_mdb-2001_routes.geojson,C:\Users\wilsonschutterj\Downloads\GTFS_US\agency_enriched_geojson\routes_with_metadata\Ohio__Stark_Area_Regional_Transit_Authority_(SARTA)__mdb_mdb-2001_routes.geojson,success,58,
routes,Ohio__Toledo_Area_Regional_Transit_Authority__mdb_tld-1716_1,C:\Users\wilsonschutterj\Downloads\GTFS_US\agency_enriched_geojson\routes\Ohio__Toledo_Area_Regional_Transit_Authority__mdb_tld-1716_1_routes.geojson,C:\Users\wilsonschutterj\Downloads\GTFS_US\agency_enriched_geojson\routes_with_metadata\Ohio__Toledo_Area_Regional_Transit_Authority__mdb_tld-1716_1_routes.geojson,success,48,
routes,Ohio__Western_Reserve_Transit_Authority__mdb_tld-1717,C:\Users\wilsonschutterj\Downloads\GTFS_US\agency_enriched_geojson\routes\Ohio__Western_Reserve_Transit_Authority__mdb_tld-1717_routes.geojson,C:\Users\wilsonschutterj\Downloads\GTFS_US\agency_enriched_geojson\routes_with_metadata\Ohio__Western_Reserve_Transit_Authority__mdb_tld-1717_routes.geojson,success,115,
routes,Oklahoma__Campus_Area_Rapid_Transit_(CART)__mdb_mdb-182,C:\Users\wilsonschutterj\Downloads\GTFS_US\agency_enriched_geojson\routes\Oklahoma__Campus_Area_Rapid_Transit_(CART)__mdb_mdb-182_routes.geojson,C:\Users\wilsonschutterj\Downloads\GTFS_US\agency_enriched_geojson\routes_with_metadata\Oklahoma__Campus_Area_Rapid_Transit_(CART)__mdb_mdb-182_routes.geojson,success,5,
routes,Oklahoma__Citylink_Edmond__mdb_tld-7841,C:\Users\wilsonschutterj\Downloads\GTFS_US\agency_enriched_geojson\routes\Oklahoma__Citylink_Edmond__mdb_tld-7841_routes.geojson,C:\Users\wilsonschutterj\Downloads\GTFS_US\agency_enriched_geojson\routes_with_metadata\Oklahoma__Citylink_Edmond__mdb_tld-7841_routes.geojson,success,7,
routes,Oklahoma__Embark__mdb_mdb-2062,C:\Users\wilsonschutterj\Downloads\GTFS_US\agency_enriched_geojson\routes\Oklahoma__Embark__mdb_mdb-2062_routes.geojson,C:\Users\wilsonschutterj\Downloads\GTFS_US\agency_enriched_geojson\routes_with_metadata\Oklahoma__Embark__mdb_mdb-2062_routes.geojson,success,94,
routes,Oklahoma__Metropolitan_Tulsa_Transit_Authority__mdb_tld-235,C:\Users\wilsonschutterj\Downloads\GTFS_US\agency_enriched_geojson\routes\Oklahoma__Metropolitan_Tulsa_Transit_Authority__mdb_tld-235_routes.geojson,C:\Users\wilsonschutterj\Downloads\GTFS_US\agency_enriched_geojson\routes_with_metadata\Oklahoma__Metropolitan_Tulsa_Transit_Authority__mdb_tld-235_routes.geojson,success,74,
routes,Oklahoma__Oklahoma_State_University_-Stillwater_Community_Transit__mdb_ntd-60160,C:\Users\wilsonschutterj\Downloads\GTFS_US\agency_enriched_geojson\routes\Oklahoma__Oklahoma_State_University_-Stillwater_Community_Transit__mdb_ntd-60160_routes.geojson,C:\Users\wilsonschutterj\Downloads\GTFS_US\agency_enriched_geojson\routes_with_metadata\Oklahoma__Oklahoma_State_University_-Stillwater_Community_Transit__mdb_ntd-60160_routes.geojson,success,11,
routes,Oklahoma__OSU-Stillwater_Community_Transit__mdb_tld-7941,C:\Users\wilsonschutterj\Downloads\GTFS_US\agency_enriched_geojson\routes\Oklahoma__OSU-Stillwater_Community_Transit__mdb_tld-7941_routes.geojson,C:\Users\wilsonschutterj\Downloads\GTFS_US\agency_enriched_geojson\routes_with_metadata\Oklahoma__OSU-Stillwater_Community_Transit__mdb_tld-7941_routes.geojson,success,11,
routes,Oregon__Astoria_Riverfront_Trolley__mdb_mdb-1254,C:\Users\wilsonschutterj\Downloads\GTFS_US\agency_enriched_geojson\routes\Oregon__Astoria_Riverfront_Trolley__mdb_mdb-1254_routes.geojson,C:\Users\wilsonschutterj\Downloads\GTFS_US\agency_enriched_geojson\routes_with_metadata\Oregon__Astoria_Riverfront_Trolley__mdb_mdb-1254_routes.geojson,success,2,
routes,Oregon__Basin_Transit_Service_(BTS)__mdb_mdb-125,C:\Users\wilsonschutterj\Downloads\GTFS_US\agency_enriched_geojson\routes\Oregon__Basin_Transit_Service_(BTS)__mdb_mdb-125_routes.geojson,C:\Users\wilsonschutterj\Downloads\GTFS_US\agency_enriched_geojson\routes_with_metadata\Oregon__Basin_Transit_Service_(BTS)__mdb_mdb-125_routes.geojson,success,24,
routes,Oregon__Benton_Area_Transportation__mdb_mdb-126,C:\Users\wilsonschutterj\Downloads\GTFS_US\agency_enriched_geojson\routes\Oregon__Benton_Area_Transportation__mdb_mdb-126_routes.geojson,C:\Users\wilsonschutterj\Downloads\GTFS_US\agency_enriched_geojson\routes_with_metadata\Oregon__Benton_Area_Transportation__mdb_mdb-126_routes.geojson,success,8,
routes,Oregon__Benton_Area_Transportation__mdb_mdb-3109,C:\Users\wilsonschutterj\Downloads\GTFS_US\agency_enriched_geojson\routes\Oregon__Benton_Area_Transportation__mdb_mdb-3109_routes.geojson,C:\Users\wilsonschutterj\Downloads\GTFS_US\agency_enriched_geojson\routes_with_metadata\Oregon__Benton_Area_Transportation__mdb_mdb-3109_routes.geojson,success,8,
routes,Oregon__Buena_Vista_Ferry__mdb_mdb-834,C:\Users\wilsonschutterj\Downloads\GTFS_US\agency_enriched_geojson\routes\Oregon__Buena_Vista_Ferry__mdb_mdb-834_routes.geojson,C:\Users\wilsonschutterj\Downloads\GTFS_US\agency_enriched_geojson\routes_with_metadata\Oregon__Buena_Vista_Ferry__mdb_mdb-834_routes.geojson,success,2,
routes,Oregon__Burns_Paiute_Tribal_Transit__mdb_mdb-2621,C:\Users\wilsonschutterj\Downloads\GTFS_US\agency_enriched_geojson\routes\Oregon__Burns_Paiute_Tribal_Transit__mdb_mdb-2621_routes.geojson,C:\Users\wilsonschutterj\Downloads\GTFS_US\agency_enriched_geojson\routes_with_metadata\Oregon__Burns_Paiute_Tribal_Transit__mdb_mdb-2621_routes.geojson,success,1,
routes,Oregon__C-TRAN__mdb_mdb-258,C:\Users\wilsonschutterj\Downloads\GTFS_US\agency_enriched_geojson\routes\Oregon__C-TRAN__mdb_mdb-258_routes.geojson,C:\Users\wilsonschutterj\Downloads\GTFS_US\agency_enriched_geojson\routes_with_metadata\Oregon__C-TRAN__mdb_mdb-258_routes.geojson,success,130,
routes,Oregon__Canby_Area_Transit_(CAT)__mdb_mdb-252,C:\Users\wilsonschutterj\Downloads\GTFS_US\agency_enriched_geojson\routes\Oregon__Canby_Area_Transit_(CAT)__mdb_mdb-252_routes.geojson,C:\Users\wilsonschutterj\Downloads\GTFS_US\agency_enriched_geojson\routes_with_metadata\Oregon__Canby_Area_Transit_(CAT)__mdb_mdb-252_routes.geojson,success,5,
routes,Oregon__Canby_Ferry__mdb_mdb-605,C:\Users\wilsonschutterj\Downloads\GTFS_US\agency_enriched_geojson\routes\Oregon__Canby_Ferry__mdb_mdb-605_routes.geojson,C:\Users\wilsonschutterj\Downloads\GTFS_US\agency_enriched_geojson\routes_with_metadata\Oregon__Canby_Ferry__mdb_mdb-605_routes.geojson,success,2,
routes,Oregon__Caravan_Airport_Transportation__mdb_mdb-127,C:\Users\wilsonschutterj\Downloads\GTFS_US\agency_enriched_geojson\routes\Oregon__Caravan_Airport_Transportation__mdb_mdb-127_routes.geojson,C:\Users\wilsonschutterj\Downloads\GTFS_US\agency_enriched_geojson\routes_with_metadata\Oregon__Caravan_Airport_Transportation__mdb_mdb-127_routes.geojson,success,2,
routes,Oregon__Cascades_East_Transit__mdb_tld-170,C:\Users\wilsonschutterj\Downloads\GTFS_US\agency_enriched_geojson\routes\Oregon__Cascades_East_Transit__mdb_tld-170_routes.geojson,C:\Users\wilsonschutterj\Downloads\GTFS_US\agency_enriched_geojson\routes_with_metadata\Oregon__Cascades_East_Transit__mdb_tld-170_routes.geojson,success,38,
routes,Oregon__Central_Oregon_Breeze__mdb_mdb-139,C:\Users\wilsonschutterj\Downloads\GTFS_US\agency_enriched_geojson\routes\Oregon__Central_Oregon_Breeze__mdb_mdb-139_routes.geojson,C:\Users\wilsonschutterj\Downloads\GTFS_US\agency_enriched_geojson\routes_with_metadata\Oregon__Central_Oregon_Breeze__mdb_mdb-139_routes.geojson,success,4,
routes,Oregon__City_of_Corvallis__mdb_mdb-2283,C:\Users\wilsonschutterj\Downloads\GTFS_US\agency_enriched_geojson\routes\Oregon__City_of_Corvallis__mdb_mdb-2283_routes.geojson,C:\Users\wilsonschutterj\Downloads\GTFS_US\agency_enriched_geojson\routes_with_metadata\Oregon__City_of_Corvallis__mdb_mdb-2283_routes.geojson,success,11,
routes,Oregon__City_of_Milton-Freewater_Public_Transportation__mdb_mdb-2189,C:\Users\wilsonschutterj\Downloads\GTFS_US\agency_enriched_geojson\routes\Oregon__City_of_Milton-Freewater_Public_Transportation__mdb_mdb-2189_routes.geojson,C:\Users\wilsonschutterj\Downloads\GTFS_US\agency_enriched_geojson\routes_with_metadata\Oregon__City_of_Milton-Freewater_Public_Transportation__mdb_mdb-2189_routes.geojson,success,38,
routes,Oregon__ClackCo_Connects_(Clackamas_County)__mdb_mdb-2740,C:\Users\wilsonschutterj\Downloads\GTFS_US\agency_enriched_geojson\routes\Oregon__ClackCo_Connects_(Clackamas_County)__mdb_mdb-2740_routes.geojson,C:\Users\wilsonschutterj\Downloads\GTFS_US\agency_enriched_geojson\routes_with_metadata\Oregon__ClackCo_Connects_(Clackamas_County)__mdb_mdb-2740_routes.geojson,success,6,
routes,Oregon__ClackCo_Connects_(Clackamas_County)__mdb_mdb-2741,C:\Users\wilsonschutterj\Downloads\GTFS_US\agency_enriched_geojson\routes\Oregon__ClackCo_Connects_(Clackamas_County)__mdb_mdb-2741_routes.geojson,C:\Users\wilsonschutterj\Downloads\GTFS_US\agency_enriched_geojson\routes_with_metadata\Oregon__ClackCo_Connects_(Clackamas_County)__mdb_mdb-2741_routes.geojson,success,8,
routes,Oregon__ClackCo_Connects_(Clackamas_County)__mdb_mdb-312,C:\Users\wilsonschutterj\Downloads\GTFS_US\agency_enriched_geojson\routes\Oregon__ClackCo_Connects_(Clackamas_County)__mdb_mdb-312_routes.geojson,C:\Users\wilsonschutterj\Downloads\GTFS_US\agency_enriched_geojson\routes_with_metadata\Oregon__ClackCo_Connects_(Clackamas_County)__mdb_mdb-312_routes.geojson,success,8,
routes,Oregon__Columbia_Area_Transit_(CAT)__mdb_mdb-260,C:\Users\wilsonschutterj\Downloads\GTFS_US\agency_enriched_geojson\routes\Oregon__Columbia_Area_Transit_(CAT)__mdb_mdb-260_routes.geojson,C:\Users\wilsonschutterj\Downloads\GTFS_US\agency_enriched_geojson\routes_with_metadata\Oregon__Columbia_Area_Transit_(CAT)__mdb_mdb-260_routes.geojson,success,15,
routes,Oregon__Columbia_County_Rider__mdb_mdb-3037,C:\Users\wilsonschutterj\Downloads\GTFS_US\agency_enriched_geojson\routes\Oregon__Columbia_County_Rider__mdb_mdb-3037_routes.geojson,C:\Users\wilsonschutterj\Downloads\GTFS_US\agency_enriched_geojson\routes_with_metadata\Oregon__Columbia_County_Rider__mdb_mdb-3037_routes.geojson,success,3,
routes,Oregon__Columbia_County_Rider__mdb_tld-4210,C:\Users\wilsonschutterj\Downloads\GTFS_US\agency_enriched_geojson\routes\Oregon__Columbia_County_Rider__mdb_tld-4210_routes.geojson,C:\Users\wilsonschutterj\Downloads\GTFS_US\agency_enriched_geojson\routes_with_metadata\Oregon__Columbia_County_Rider__mdb_tld-4210_routes.geojson,success,2,
routes,Oregon__Coos_County_Area_Transit_(CCAT)__mdb_mdb-21,C:\Users\wilsonschutterj\Downloads\GTFS_US\agency_enriched_geojson\routes\Oregon__Coos_County_Area_Transit_(CCAT)__mdb_mdb-21_routes.geojson,C:\Users\wilsonschutterj\Downloads\GTFS_US\agency_enriched_geojson\routes_with_metadata\Oregon__Coos_County_Area_Transit_(CCAT)__mdb_mdb-21_routes.geojson,success,11,
routes,Oregon__Curry_Public_Transit__mdb_mdb-22,C:\Users\wilsonschutterj\Downloads\GTFS_US\agency_enriched_geojson\routes\Oregon__Curry_Public_Transit__mdb_mdb-22_routes.geojson,C:\Users\wilsonschutterj\Downloads\GTFS_US\agency_enriched_geojson\routes_with_metadata\Oregon__Curry_Public_Transit__mdb_mdb-22_routes.geojson,success,8,
routes,Oregon__Diamond_Express__mdb_mdb-130,C:\Users\wilsonschutterj\Downloads\GTFS_US\agency_enriched_geojson\routes\Oregon__Diamond_Express__mdb_mdb-130_routes.geojson,C:\Users\wilsonschutterj\Downloads\GTFS_US\agency_enriched_geojson\routes_with_metadata\Oregon__Diamond_Express__mdb_mdb-130_routes.geojson,success,4,
routes,Oregon__Harney_County__mdb_mdb-931,C:\Users\wilsonschutterj\Downloads\GTFS_US\agency_enriched_geojson\routes\Oregon__Harney_County__mdb_mdb-931_routes.geojson,C:\Users\wilsonschutterj\Downloads\GTFS_US\agency_enriched_geojson\routes_with_metadata\Oregon__Harney_County__mdb_mdb-931_routes.geojson,success,6,
routes,Oregon__Josephine_County_Transit_(JCT)__mdb_mdb-121,C:\Users\wilsonschutterj\Downloads\GTFS_US\agency_enriched_geojson\routes\Oregon__Josephine_County_Transit_(JCT)__mdb_mdb-121_routes.geojson,C:\Users\wilsonschutterj\Downloads\GTFS_US\agency_enriched_geojson\routes_with_metadata\Oregon__Josephine_County_Transit_(JCT)__mdb_mdb-121_routes.geojson,success,7,
routes,Oregon__Let'er_Bus__mdb_mdb-590,C:\Users\wilsonschutterj\Downloads\GTFS_US\agency_enriched_geojson\routes\Oregon__Let'er_Bus__mdb_mdb-590_routes.geojson,C:\Users\wilsonschutterj\Downloads\GTFS_US\agency_enriched_geojson\routes_with_metadata\Oregon__Let'er_Bus__mdb_mdb-590_routes.geojson,success,21,
routes,Oregon__Lincoln_County_Transit_(LCT)__mdb_mdb-23,C:\Users\wilsonschutterj\Downloads\GTFS_US\agency_enriched_geojson\routes\Oregon__Lincoln_County_Transit_(LCT)__mdb_mdb-23_routes.geojson,C:\Users\wilsonschutterj\Downloads\GTFS_US\agency_enriched_geojson\routes_with_metadata\Oregon__Lincoln_County_Transit_(LCT)__mdb_mdb-23_routes.geojson,success,29,
routes,Oregon__Link_Lane__mdb_mdb-932,C:\Users\wilsonschutterj\Downloads\GTFS_US\agency_enriched_geojson\routes\Oregon__Link_Lane__mdb_mdb-932_routes.geojson,C:\Users\wilsonschutterj\Downloads\GTFS_US\agency_enriched_geojson\routes_with_metadata\Oregon__Link_Lane__mdb_mdb-932_routes.geojson,success,4,
routes,Oregon__Linn_Shuttle__mdb_mdb-137,C:\Users\wilsonschutterj\Downloads\GTFS_US\agency_enriched_geojson\routes\Oregon__Linn_Shuttle__mdb_mdb-137_routes.geojson,C:\Users\wilsonschutterj\Downloads\GTFS_US\agency_enriched_geojson\routes_with_metadata\Oregon__Linn_Shuttle__mdb_mdb-137_routes.geojson,success,5,
routes,"Oregon__LINX_Transit,_Linn-Benton_Loop,_Albany_Transit_System__mdb_mdb-135","C:\Users\wilsonschutterj\Downloads\GTFS_US\agency_enriched_geojson\routes\Oregon__LINX_Transit,_Linn-Benton_Loop,_Albany_Transit_System__mdb_mdb-135_routes.geojson","C:\Users\wilsonschutterj\Downloads\GTFS_US\agency_enriched_geojson\routes_with_metadata\Oregon__LINX_Transit,_Linn-Benton_Loop,_Albany_Transit_System__mdb_mdb-135_routes.geojson",success,19,
routes,Oregon__Malheur_Council_on_Aging_&_Community_Services__mdb_mdb-141,C:\Users\wilsonschutterj\Downloads\GTFS_US\agency_enriched_geojson\routes\Oregon__Malheur_Council_on_Aging_&_Community_Services__mdb_mdb-141_routes.geojson,C:\Users\wilsonschutterj\Downloads\GTFS_US\agency_enriched_geojson\routes_with_metadata\Oregon__Malheur_Council_on_Aging_&_Community_Services__mdb_mdb-141_routes.geojson,success,3,
routes,Oregon__Morrow_County_Public_Transit__mdb_mdb-2418,C:\Users\wilsonschutterj\Downloads\GTFS_US\agency_enriched_geojson\routes\Oregon__Morrow_County_Public_Transit__mdb_mdb-2418_routes.geojson,C:\Users\wilsonschutterj\Downloads\GTFS_US\agency_enriched_geojson\routes_with_metadata\Oregon__Morrow_County_Public_Transit__mdb_mdb-2418_routes.geojson,success,9,
routes,Oregon__Oregon_Express_Shuttle__mdb_mdb-132,C:\Users\wilsonschutterj\Downloads\GTFS_US\agency_enriched_geojson\routes\Oregon__Oregon_Express_Shuttle__mdb_mdb-132_routes.geojson,C:\Users\wilsonschutterj\Downloads\GTFS_US\agency_enriched_geojson\routes_with_metadata\Oregon__Oregon_Express_Shuttle__mdb_mdb-132_routes.geojson,success,2,
routes,Oregon__Pacific_Crest_Bus_Lines__mdb_mdb-133,C:\Users\wilsonschutterj\Downloads\GTFS_US\agency_enriched_geojson\routes\Oregon__Pacific_Crest_Bus_Lines__mdb_mdb-133_routes.geojson,C:\Users\wilsonschutterj\Downloads\GTFS_US\agency_enriched_geojson\routes_with_metadata\Oregon__Pacific_Crest_Bus_Lines__mdb_mdb-133_routes.geojson,success,13,
routes,Oregon__People_Mover__mdb_mdb-112,C:\Users\wilsonschutterj\Downloads\GTFS_US\agency_enriched_geojson\routes\Oregon__People_Mover__mdb_mdb-112_routes.geojson,C:\Users\wilsonschutterj\Downloads\GTFS_US\agency_enriched_geojson\routes_with_metadata\Oregon__People_Mover__mdb_mdb-112_routes.geojson,success,12,
routes,Oregon__Philomath_Connection__mdb_mdb-2205,C:\Users\wilsonschutterj\Downloads\GTFS_US\agency_enriched_geojson\routes\Oregon__Philomath_Connection__mdb_mdb-2205_routes.geojson,C:\Users\wilsonschutterj\Downloads\GTFS_US\agency_enriched_geojson\routes_with_metadata\Oregon__Philomath_Connection__mdb_mdb-2205_routes.geojson,success,1,
routes,Oregon__Quail_Trail_Public_Transit__mdb_mdb-1327,C:\Users\wilsonschutterj\Downloads\GTFS_US\agency_enriched_geojson\routes\Oregon__Quail_Trail_Public_Transit__mdb_mdb-1327_routes.geojson,C:\Users\wilsonschutterj\Downloads\GTFS_US\agency_enriched_geojson\routes_with_metadata\Oregon__Quail_Trail_Public_Transit__mdb_mdb-1327_routes.geojson,success,7,
routes,Oregon__Rhody_Express__mdb_mdb-24,C:\Users\wilsonschutterj\Downloads\GTFS_US\agency_enriched_geojson\routes\Oregon__Rhody_Express__mdb_mdb-24_routes.geojson,C:\Users\wilsonschutterj\Downloads\GTFS_US\agency_enriched_geojson\routes_with_metadata\Oregon__Rhody_Express__mdb_mdb-24_routes.geojson,success,2,
routes,Oregon__Ride_Connection__mdb_mdb-253,C:\Users\wilsonschutterj\Downloads\GTFS_US\agency_enriched_geojson\routes\Oregon__Ride_Connection__mdb_mdb-253_routes.geojson,C:\Users\wilsonschutterj\Downloads\GTFS_US\agency_enriched_geojson\routes_with_metadata\Oregon__Ride_Connection__mdb_mdb-253_routes.geojson,success,37,
routes,Oregon__Rogue_Valley_Transportation_District_(RVTD)__mdb_mdb-3219,C:\Users\wilsonschutterj\Downloads\GTFS_US\agency_enriched_geojson\routes\Oregon__Rogue_Valley_Transportation_District_(RVTD)__mdb_mdb-3219_routes.geojson,C:\Users\wilsonschutterj\Downloads\GTFS_US\agency_enriched_geojson\routes_with_metadata\Oregon__Rogue_Valley_Transportation_District_(RVTD)__mdb_mdb-3219_routes.geojson,success,29,
routes,Oregon__Sandy_Area_Metro_(SAM)__mdb_mdb-261,C:\Users\wilsonschutterj\Downloads\GTFS_US\agency_enriched_geojson\routes\Oregon__Sandy_Area_Metro_(SAM)__mdb_mdb-261_routes.geojson,C:\Users\wilsonschutterj\Downloads\GTFS_US\agency_enriched_geojson\routes_with_metadata\Oregon__Sandy_Area_Metro_(SAM)__mdb_mdb-261_routes.geojson,success,15,
routes,Oregon__Sandy_Area_Metro_(SAM)__mdb_mdb-2739,C:\Users\wilsonschutterj\Downloads\GTFS_US\agency_enriched_geojson\routes\Oregon__Sandy_Area_Metro_(SAM)__mdb_mdb-2739_routes.geojson,C:\Users\wilsonschutterj\Downloads\GTFS_US\agency_enriched_geojson\routes_with_metadata\Oregon__Sandy_Area_Metro_(SAM)__mdb_mdb-2739_routes.geojson,success,12,
routes,Oregon__South_Clackamas_Transportation_District__mdb_mdb-883,C:\Users\wilsonschutterj\Downloads\GTFS_US\agency_enriched_geojson\routes\Oregon__South_Clackamas_Transportation_District__mdb_mdb-883_routes.geojson,C:\Users\wilsonschutterj\Downloads\GTFS_US\agency_enriched_geojson\routes_with_metadata\Oregon__South_Clackamas_Transportation_District__mdb_mdb-883_routes.geojson,success,5,
routes,Oregon__South_Metro_Area_Regional_Transit_(SMART)__mdb_mdb-2706,C:\Users\wilsonschutterj\Downloads\GTFS_US\agency_enriched_geojson\routes\Oregon__South_Metro_Area_Regional_Transit_(SMART)__mdb_mdb-2706_routes.geojson,C:\Users\wilsonschutterj\Downloads\GTFS_US\agency_enriched_geojson\routes_with_metadata\Oregon__South_Metro_Area_Regional_Transit_(SMART)__mdb_mdb-2706_routes.geojson,success,24,
routes,"Oregon__Sunset_Empire_Transportation_District_(SETD),_Tillamook_County_Transportation_District,_Columbia_County_Rider__mdb_mdb-246","C:\Users\wilsonschutterj\Downloads\GTFS_US\agency_enriched_geojson\routes\Oregon__Sunset_Empire_Transportation_District_(SETD),_Tillamook_County_Transportation_District,_Columbia_County_Rider__mdb_mdb-246_routes.geojson","C:\Users\wilsonschutterj\Downloads\GTFS_US\agency_enriched_geojson\routes_with_metadata\Oregon__Sunset_Empire_Transportation_District_(SETD),_Tillamook_County_Transportation_District,_Columbia_County_Rider__mdb_mdb-246_routes.geojson",success,13,
routes,Oregon__Sunset_Empire_Transportation_District__mdb_tld-4211,C:\Users\wilsonschutterj\Downloads\GTFS_US\agency_enriched_geojson\routes\Oregon__Sunset_Empire_Transportation_District__mdb_tld-4211_routes.geojson,C:\Users\wilsonschutterj\Downloads\GTFS_US\agency_enriched_geojson\routes_with_metadata\Oregon__Sunset_Empire_Transportation_District__mdb_tld-4211_routes.geojson,success,17,
routes,Oregon__Swan_Island_Evening_Shuttle__mdb_mdb-255,C:\Users\wilsonschutterj\Downloads\GTFS_US\agency_enriched_geojson\routes\Oregon__Swan_Island_Evening_Shuttle__mdb_mdb-255_routes.geojson,C:\Users\wilsonschutterj\Downloads\GTFS_US\agency_enriched_geojson\routes_with_metadata\Oregon__Swan_Island_Evening_Shuttle__mdb_mdb-255_routes.geojson,success,10,
routes,"Oregon__TriMet,_Portland_Streetcar__mdb_mdb-247","C:\Users\wilsonschutterj\Downloads\GTFS_US\agency_enriched_geojson\routes\Oregon__TriMet,_Portland_Streetcar__mdb_mdb-247_routes.geojson","C:\Users\wilsonschutterj\Downloads\GTFS_US\agency_enriched_geojson\routes_with_metadata\Oregon__TriMet,_Portland_Streetcar__mdb_mdb-247_routes.geojson",success,1297,
routes,Oregon__Wahkiakum_Ferry__mdb_mdb-2193,C:\Users\wilsonschutterj\Downloads\GTFS_US\agency_enriched_geojson\routes\Oregon__Wahkiakum_Ferry__mdb_mdb-2193_routes.geojson,C:\Users\wilsonschutterj\Downloads\GTFS_US\agency_enriched_geojson\routes_with_metadata\Oregon__Wahkiakum_Ferry__mdb_mdb-2193_routes.geojson,success,2,
routes,"Oregon__Wallowa_Community_Connection_(WCC),_Northeast_Oregon_Public_Transit__mdb_mdb-289","C:\Users\wilsonschutterj\Downloads\GTFS_US\agency_enriched_geojson\routes\Oregon__Wallowa_Community_Connection_(WCC),_Northeast_Oregon_Public_Transit__mdb_mdb-289_routes.geojson","C:\Users\wilsonschutterj\Downloads\GTFS_US\agency_enriched_geojson\routes_with_metadata\Oregon__Wallowa_Community_Connection_(WCC),_Northeast_Oregon_Public_Transit__mdb_mdb-289_routes.geojson",success,11,
routes,Oregon__Washington_Park_Shuttle__mdb_mdb-254,C:\Users\wilsonschutterj\Downloads\GTFS_US\agency_enriched_geojson\routes\Oregon__Washington_Park_Shuttle__mdb_mdb-254_routes.geojson,C:\Users\wilsonschutterj\Downloads\GTFS_US\agency_enriched_geojson\routes_with_metadata\Oregon__Washington_Park_Shuttle__mdb_mdb-254_routes.geojson,success,1,
routes,Oregon__Wheatland_Ferry__mdb_mdb-833,C:\Users\wilsonschutterj\Downloads\GTFS_US\agency_enriched_geojson\routes\Oregon__Wheatland_Ferry__mdb_mdb-833_routes.geojson,C:\Users\wilsonschutterj\Downloads\GTFS_US\agency_enriched_geojson\routes_with_metadata\Oregon__Wheatland_Ferry__mdb_mdb-833_routes.geojson,success,2,
routes,Oregon__Woodburn_Transit_Service_(WTS)__mdb_mdb-251,C:\Users\wilsonschutterj\Downloads\GTFS_US\agency_enriched_geojson\routes\Oregon__Woodburn_Transit_Service_(WTS)__mdb_mdb-251_routes.geojson,C:\Users\wilsonschutterj\Downloads\GTFS_US\agency_enriched_geojson\routes_with_metadata\Oregon__Woodburn_Transit_Service_(WTS)__mdb_mdb-251_routes.geojson,success,7,
routes,Oregon__Yamhill_County_Transit_Area__mdb_mdb-250,C:\Users\wilsonschutterj\Downloads\GTFS_US\agency_enriched_geojson\routes\Oregon__Yamhill_County_Transit_Area__mdb_mdb-250_routes.geojson,C:\Users\wilsonschutterj\Downloads\GTFS_US\agency_enriched_geojson\routes_with_metadata\Oregon__Yamhill_County_Transit_Area__mdb_mdb-250_routes.geojson,success,22,
routes,Pennsylvania__Altoona_Metro_Transit__mdb_tld-4669,C:\Users\wilsonschutterj\Downloads\GTFS_US\agency_enriched_geojson\routes\Pennsylvania__Altoona_Metro_Transit__mdb_tld-4669_routes.geojson,C:\Users\wilsonschutterj\Downloads\GTFS_US\agency_enriched_geojson\routes_with_metadata\Pennsylvania__Altoona_Metro_Transit__mdb_tld-4669_routes.geojson,success,59,
routes,Pennsylvania__Area_Transit_Authority__mdb_tld-4551,C:\Users\wilsonschutterj\Downloads\GTFS_US\agency_enriched_geojson\routes\Pennsylvania__Area_Transit_Authority__mdb_tld-4551_routes.geojson,C:\Users\wilsonschutterj\Downloads\GTFS_US\agency_enriched_geojson\routes_with_metadata\Pennsylvania__Area_Transit_Authority__mdb_tld-4551_routes.geojson,success,75,
routes,Pennsylvania__Beaver_County_Transit_Authority__mdb_mdb-2262,C:\Users\wilsonschutterj\Downloads\GTFS_US\agency_enriched_geojson\routes\Pennsylvania__Beaver_County_Transit_Authority__mdb_mdb-2262_routes.geojson,C:\Users\wilsonschutterj\Downloads\GTFS_US\agency_enriched_geojson\routes_with_metadata\Pennsylvania__Beaver_County_Transit_Authority__mdb_mdb-2262_routes.geojson,success,18,
routes,Pennsylvania__Berks_Area_Regional_Transportation_Authority_(BARTA)__mdb_mdb-2064,C:\Users\wilsonschutterj\Downloads\GTFS_US\agency_enriched_geojson\routes\Pennsylvania__Berks_Area_Regional_Transportation_Authority_(BARTA)__mdb_mdb-2064_routes.geojson,C:\Users\wilsonschutterj\Downloads\GTFS_US\agency_enriched_geojson\routes_with_metadata\Pennsylvania__Berks_Area_Regional_Transportation_Authority_(BARTA)__mdb_mdb-2064_routes.geojson,success,255,
routes,Pennsylvania__Borough_of_Mt._Carmel__mdb_ntd-30116,C:\Users\wilsonschutterj\Downloads\GTFS_US\agency_enriched_geojson\routes\Pennsylvania__Borough_of_Mt._Carmel__mdb_ntd-30116_routes.geojson,C:\Users\wilsonschutterj\Downloads\GTFS_US\agency_enriched_geojson\routes_with_metadata\Pennsylvania__Borough_of_Mt._Carmel__mdb_ntd-30116_routes.geojson,success,12,
routes,Pennsylvania__Butler_Transit_Authority__mdb_tld-4659,C:\Users\wilsonschutterj\Downloads\GTFS_US\agency_enriched_geojson\routes\Pennsylvania__Butler_Transit_Authority__mdb_tld-4659_routes.geojson,C:\Users\wilsonschutterj\Downloads\GTFS_US\agency_enriched_geojson\routes_with_metadata\Pennsylvania__Butler_Transit_Authority__mdb_tld-4659_routes.geojson,success,39,
routes,Pennsylvania__Cambria_County_Transit_Authority__mdb_tld-4671,C:\Users\wilsonschutterj\Downloads\GTFS_US\agency_enriched_geojson\routes\Pennsylvania__Cambria_County_Transit_Authority__mdb_tld-4671_routes.geojson,C:\Users\wilsonschutterj\Downloads\GTFS_US\agency_enriched_geojson\routes_with_metadata\Pennsylvania__Cambria_County_Transit_Authority__mdb_tld-4671_routes.geojson,success,260,
routes,Pennsylvania__Capital_Area_Transit__mdb_tld-4298,C:\Users\wilsonschutterj\Downloads\GTFS_US\agency_enriched_geojson\routes\Pennsylvania__Capital_Area_Transit__mdb_tld-4298_routes.geojson,C:\Users\wilsonschutterj\Downloads\GTFS_US\agency_enriched_geojson\routes_with_metadata\Pennsylvania__Capital_Area_Transit__mdb_tld-4298_routes.geojson,success,292,
routes,Pennsylvania__Centre_Area_Transportation_Authority_(CATABUS)__mdb_ntd-30054,C:\Users\wilsonschutterj\Downloads\GTFS_US\agency_enriched_geojson\routes\Pennsylvania__Centre_Area_Transportation_Authority_(CATABUS)__mdb_ntd-30054_routes.geojson,C:\Users\wilsonschutterj\Downloads\GTFS_US\agency_enriched_geojson\routes_with_metadata\Pennsylvania__Centre_Area_Transportation_Authority_(CATABUS)__mdb_ntd-30054_routes.geojson,success,251,
routes,Pennsylvania__Centre_County_Transit_Authority__mdb_tld-4771,C:\Users\wilsonschutterj\Downloads\GTFS_US\agency_enriched_geojson\routes\Pennsylvania__Centre_County_Transit_Authority__mdb_tld-4771_routes.geojson,C:\Users\wilsonschutterj\Downloads\GTFS_US\agency_enriched_geojson\routes_with_metadata\Pennsylvania__Centre_County_Transit_Authority__mdb_tld-4771_routes.geojson,success,175,
routes,Pennsylvania__County_of_Lackawanna_Transit_System__mdb_tld-4553,C:\Users\wilsonschutterj\Downloads\GTFS_US\agency_enriched_geojson\routes\Pennsylvania__County_of_Lackawanna_Transit_System__mdb_tld-4553_routes.geojson,C:\Users\wilsonschutterj\Downloads\GTFS_US\agency_enriched_geojson\routes_with_metadata\Pennsylvania__County_of_Lackawanna_Transit_System__mdb_tld-4553_routes.geojson,success,113,
routes,Pennsylvania__Crawford_Area_Transportation_Authority__mdb_tld-4674,C:\Users\wilsonschutterj\Downloads\GTFS_US\agency_enriched_geojson\routes\Pennsylvania__Crawford_Area_Transportation_Authority__mdb_tld-4674_routes.geojson,C:\Users\wilsonschutterj\Downloads\GTFS_US\agency_enriched_geojson\routes_with_metadata\Pennsylvania__Crawford_Area_Transportation_Authority__mdb_tld-4674_routes.geojson,success,139,
routes,Pennsylvania__Fayette_Area_Coordinated_Transportation__mdb_tld-7027,C:\Users\wilsonschutterj\Downloads\GTFS_US\agency_enriched_geojson\routes\Pennsylvania__Fayette_Area_Coordinated_Transportation__mdb_tld-7027_routes.geojson,C:\Users\wilsonschutterj\Downloads\GTFS_US\agency_enriched_geojson\routes_with_metadata\Pennsylvania__Fayette_Area_Coordinated_Transportation__mdb_tld-7027_routes.geojson,success,67,
routes,Pennsylvania__Freedom_Transit__mdb_tld-4134,C:\Users\wilsonschutterj\Downloads\GTFS_US\agency_enriched_geojson\routes\Pennsylvania__Freedom_Transit__mdb_tld-4134_routes.geojson,C:\Users\wilsonschutterj\Downloads\GTFS_US\agency_enriched_geojson\routes_with_metadata\Pennsylvania__Freedom_Transit__mdb_tld-4134_routes.geojson,success,39,
routes,Pennsylvania__Hazleton_Public_Transit__mdb_tld-4665,C:\Users\wilsonschutterj\Downloads\GTFS_US\agency_enriched_geojson\routes\Pennsylvania__Hazleton_Public_Transit__mdb_tld-4665_routes.geojson,C:\Users\wilsonschutterj\Downloads\GTFS_US\agency_enriched_geojson\routes_with_metadata\Pennsylvania__Hazleton_Public_Transit__mdb_tld-4665_routes.geojson,success,34,
routes,Pennsylvania__Indiana_County_Transit_Authority__mdb_tld-4661,C:\Users\wilsonschutterj\Downloads\GTFS_US\agency_enriched_geojson\routes\Pennsylvania__Indiana_County_Transit_Authority__mdb_tld-4661_routes.geojson,C:\Users\wilsonschutterj\Downloads\GTFS_US\agency_enriched_geojson\routes_with_metadata\Pennsylvania__Indiana_County_Transit_Authority__mdb_tld-4661_routes.geojson,success,33,
routes,Pennsylvania__Lebanon_Transit__mdb_tld-5531,C:\Users\wilsonschutterj\Downloads\GTFS_US\agency_enriched_geojson\routes\Pennsylvania__Lebanon_Transit__mdb_tld-5531_routes.geojson,C:\Users\wilsonschutterj\Downloads\GTFS_US\agency_enriched_geojson\routes_with_metadata\Pennsylvania__Lebanon_Transit__mdb_tld-5531_routes.geojson,success,84,
routes,Pennsylvania__Lehigh_and_Northampton_Transportation_Authority_(LANTA)__mdb_ntd-30010,C:\Users\wilsonschutterj\Downloads\GTFS_US\agency_enriched_geojson\routes\Pennsylvania__Lehigh_and_Northampton_Transportation_Authority_(LANTA)__mdb_ntd-30010_routes.geojson,C:\Users\wilsonschutterj\Downloads\GTFS_US\agency_enriched_geojson\routes_with_metadata\Pennsylvania__Lehigh_and_Northampton_Transportation_Authority_(LANTA)__mdb_ntd-30010_routes.geojson,success,606,
routes,Pennsylvania__Lower_Anthracite_Transit_System__mdb_tld-7023,C:\Users\wilsonschutterj\Downloads\GTFS_US\agency_enriched_geojson\routes\Pennsylvania__Lower_Anthracite_Transit_System__mdb_tld-7023_routes.geojson,C:\Users\wilsonschutterj\Downloads\GTFS_US\agency_enriched_geojson\routes_with_metadata\Pennsylvania__Lower_Anthracite_Transit_System__mdb_tld-7023_routes.geojson,success,12,
routes,Pennsylvania__Luzerne_County_Transportation_Authority__mdb_tld-4555,C:\Users\wilsonschutterj\Downloads\GTFS_US\agency_enriched_geojson\routes\Pennsylvania__Luzerne_County_Transportation_Authority__mdb_tld-4555_routes.geojson,C:\Users\wilsonschutterj\Downloads\GTFS_US\agency_enriched_geojson\routes_with_metadata\Pennsylvania__Luzerne_County_Transportation_Authority__mdb_tld-4555_routes.geojson,success,87,
routes,Pennsylvania__Mid_Mon_Valley_Transit_Authority__mdb_tld-5503,C:\Users\wilsonschutterj\Downloads\GTFS_US\agency_enriched_geojson\routes\Pennsylvania__Mid_Mon_Valley_Transit_Authority__mdb_tld-5503_routes.geojson,C:\Users\wilsonschutterj\Downloads\GTFS_US\agency_enriched_geojson\routes_with_metadata\Pennsylvania__Mid_Mon_Valley_Transit_Authority__mdb_tld-5503_routes.geojson,success,41,
routes,Pennsylvania__Monroe_County_Transportation_Authority_(MCTA)__mdb_mdb-3460,C:\Users\wilsonschutterj\Downloads\GTFS_US\agency_enriched_geojson\routes\Pennsylvania__Monroe_County_Transportation_Authority_(MCTA)__mdb_mdb-3460_routes.geojson,C:\Users\wilsonschutterj\Downloads\GTFS_US\agency_enriched_geojson\routes_with_metadata\Pennsylvania__Monroe_County_Transportation_Authority_(MCTA)__mdb_mdb-3460_routes.geojson,success,46,
routes,Pennsylvania__New_Castle_Area_Transit_Authority__mdb_tld-7030,C:\Users\wilsonschutterj\Downloads\GTFS_US\agency_enriched_geojson\routes\Pennsylvania__New_Castle_Area_Transit_Authority__mdb_tld-7030_routes.geojson,C:\Users\wilsonschutterj\Downloads\GTFS_US\agency_enriched_geojson\routes_with_metadata\Pennsylvania__New_Castle_Area_Transit_Authority__mdb_tld-7030_routes.geojson,success,48,
routes,Pennsylvania__PATCO_Speedline__mdb_mdb-3035,C:\Users\wilsonschutterj\Downloads\GTFS_US\agency_enriched_geojson\routes\Pennsylvania__PATCO_Speedline__mdb_mdb-3035_routes.geojson,C:\Users\wilsonschutterj\Downloads\GTFS_US\agency_enriched_geojson\routes_with_metadata\Pennsylvania__PATCO_Speedline__mdb_mdb-3035_routes.geojson,success,2,
routes,Pennsylvania__PHLASH__mdb_mdb-2877,C:\Users\wilsonschutterj\Downloads\GTFS_US\agency_enriched_geojson\routes\Pennsylvania__PHLASH__mdb_mdb-2877_routes.geojson,C:\Users\wilsonschutterj\Downloads\GTFS_US\agency_enriched_geojson\routes_with_metadata\Pennsylvania__PHLASH__mdb_mdb-2877_routes.geojson,success,2,
routes,Pennsylvania__Port_Authority_of_Allegheny_County__mdb_mdb-409,C:\Users\wilsonschutterj\Downloads\GTFS_US\agency_enriched_geojson\routes\Pennsylvania__Port_Authority_of_Allegheny_County__mdb_mdb-409_routes.geojson,C:\Users\wilsonschutterj\Downloads\GTFS_US\agency_enriched_geojson\routes_with_metadata\Pennsylvania__Port_Authority_of_Allegheny_County__mdb_mdb-409_routes.geojson,success,299,
routes,Pennsylvania__Pottstown_Area_Rapid_Transit__mdb_tld-7025,C:\Users\wilsonschutterj\Downloads\GTFS_US\agency_enriched_geojson\routes\Pennsylvania__Pottstown_Area_Rapid_Transit__mdb_tld-7025_routes.geojson,C:\Users\wilsonschutterj\Downloads\GTFS_US\agency_enriched_geojson\routes_with_metadata\Pennsylvania__Pottstown_Area_Rapid_Transit__mdb_tld-7025_routes.geojson,success,9,
routes,Pennsylvania__Red_Rose_Transit_Authority_(RRTA)__mdb_mdb-2000,C:\Users\wilsonschutterj\Downloads\GTFS_US\agency_enriched_geojson\routes\Pennsylvania__Red_Rose_Transit_Authority_(RRTA)__mdb_mdb-2000_routes.geojson,C:\Users\wilsonschutterj\Downloads\GTFS_US\agency_enriched_geojson\routes_with_metadata\Pennsylvania__Red_Rose_Transit_Authority_(RRTA)__mdb_mdb-2000_routes.geojson,success,191,
routes,Pennsylvania__River_Valley_Transit__mdb_tld-4548,C:\Users\wilsonschutterj\Downloads\GTFS_US\agency_enriched_geojson\routes\Pennsylvania__River_Valley_Transit__mdb_tld-4548_routes.geojson,C:\Users\wilsonschutterj\Downloads\GTFS_US\agency_enriched_geojson\routes_with_metadata\Pennsylvania__River_Valley_Transit__mdb_tld-4548_routes.geojson,success,582,
routes,Pennsylvania__Schuylkill_Transportation_System__mdb_tld-4688,C:\Users\wilsonschutterj\Downloads\GTFS_US\agency_enriched_geojson\routes\Pennsylvania__Schuylkill_Transportation_System__mdb_tld-4688_routes.geojson,C:\Users\wilsonschutterj\Downloads\GTFS_US\agency_enriched_geojson\routes_with_metadata\Pennsylvania__Schuylkill_Transportation_System__mdb_tld-4688_routes.geojson,success,60,
routes,Pennsylvania__Shenango_Valley_Shuttle_Service__mdb_tld-4663,C:\Users\wilsonschutterj\Downloads\GTFS_US\agency_enriched_geojson\routes\Pennsylvania__Shenango_Valley_Shuttle_Service__mdb_tld-4663_routes.geojson,C:\Users\wilsonschutterj\Downloads\GTFS_US\agency_enriched_geojson\routes_with_metadata\Pennsylvania__Shenango_Valley_Shuttle_Service__mdb_tld-4663_routes.geojson,success,24,
routes,Pennsylvania__Trans-Bridge_Lines__mdb_ntd-20169,C:\Users\wilsonschutterj\Downloads\GTFS_US\agency_enriched_geojson\routes\Pennsylvania__Trans-Bridge_Lines__mdb_ntd-20169_routes.geojson,C:\Users\wilsonschutterj\Downloads\GTFS_US\agency_enriched_geojson\routes_with_metadata\Pennsylvania__Trans-Bridge_Lines__mdb_ntd-20169_routes.geojson,success,76,
routes,Pennsylvania__Transit_Authority_of_Warren_County__mdb_ntd-30124,C:\Users\wilsonschutterj\Downloads\GTFS_US\agency_enriched_geojson\routes\Pennsylvania__Transit_Authority_of_Warren_County__mdb_ntd-30124_routes.geojson,C:\Users\wilsonschutterj\Downloads\GTFS_US\agency_enriched_geojson\routes_with_metadata\Pennsylvania__Transit_Authority_of_Warren_County__mdb_ntd-30124_routes.geojson,success,9,
routes,Pennsylvania__Transportation_Management_Association_of_Chester_County_(TMACC)__mdb_mdb-3130,C:\Users\wilsonschutterj\Downloads\GTFS_US\agency_enriched_geojson\routes\Pennsylvania__Transportation_Management_Association_of_Chester_County_(TMACC)__mdb_mdb-3130_routes.geojson,C:\Users\wilsonschutterj\Downloads\GTFS_US\agency_enriched_geojson\routes_with_metadata\Pennsylvania__Transportation_Management_Association_of_Chester_County_(TMACC)__mdb_mdb-3130_routes.geojson,success,33,
routes,Pennsylvania__Upper_Merion_Rambler__mdb_mdb-3036,C:\Users\wilsonschutterj\Downloads\GTFS_US\agency_enriched_geojson\routes\Pennsylvania__Upper_Merion_Rambler__mdb_mdb-3036_routes.geojson,C:\Users\wilsonschutterj\Downloads\GTFS_US\agency_enriched_geojson\routes_with_metadata\Pennsylvania__Upper_Merion_Rambler__mdb_mdb-3036_routes.geojson,success,4,
routes,Pennsylvania__Westmoreland_County_Transit_Authority__mdb_tld-6785,C:\Users\wilsonschutterj\Downloads\GTFS_US\agency_enriched_geojson\routes\Pennsylvania__Westmoreland_County_Transit_Authority__mdb_tld-6785_routes.geojson,C:\Users\wilsonschutterj\Downloads\GTFS_US\agency_enriched_geojson\routes_with_metadata\Pennsylvania__Westmoreland_County_Transit_Authority__mdb_tld-6785_routes.geojson,success,61,
routes,Puerto_Rico__Municipality_of_Bayamon__mdb_ntd-40137,C:\Users\wilsonschutterj\Downloads\GTFS_US\agency_enriched_geojson\routes\Puerto_Rico__Municipality_of_Bayamon__mdb_ntd-40137_routes.geojson,C:\Users\wilsonschutterj\Downloads\GTFS_US\agency_enriched_geojson\routes_with_metadata\Puerto_Rico__Municipality_of_Bayamon__mdb_ntd-40137_routes.geojson,success,6,
routes,South_Carolina__Charleston_Area_Regional_Transportation_Authority_(CARTA)__mdb_mdb-352,C:\Users\wilsonschutterj\Downloads\GTFS_US\agency_enriched_geojson\routes\South_Carolina__Charleston_Area_Regional_Transportation_Authority_(CARTA)__mdb_mdb-352_routes.geojson,C:\Users\wilsonschutterj\Downloads\GTFS_US\agency_enriched_geojson\routes_with_metadata\South_Carolina__Charleston_Area_Regional_Transportation_Authority_(CARTA)__mdb_mdb-352_routes.geojson,success,88,
routes,South_Carolina__Fort_Sumter_and_Fort_Moultrie_National_Historical_Park__mdb_tld-6906,C:\Users\wilsonschutterj\Downloads\GTFS_US\agency_enriched_geojson\routes\South_Carolina__Fort_Sumter_and_Fort_Moultrie_National_Historical_Park__mdb_tld-6906_routes.geojson,C:\Users\wilsonschutterj\Downloads\GTFS_US\agency_enriched_geojson\routes_with_metadata\South_Carolina__Fort_Sumter_and_Fort_Moultrie_National_Historical_Park__mdb_tld-6906_routes.geojson,success,4,
routes,South_Carolina__Greenlink__mdb_tld-490,C:\Users\wilsonschutterj\Downloads\GTFS_US\agency_enriched_geojson\routes\South_Carolina__Greenlink__mdb_tld-490_routes.geojson,C:\Users\wilsonschutterj\Downloads\GTFS_US\agency_enriched_geojson\routes_with_metadata\South_Carolina__Greenlink__mdb_tld-490_routes.geojson,success,67,
routes,South_Carolina__My_Ride_Rock_Hill__mdb_tld-6741,C:\Users\wilsonschutterj\Downloads\GTFS_US\agency_enriched_geojson\routes\South_Carolina__My_Ride_Rock_Hill__mdb_tld-6741_routes.geojson,C:\Users\wilsonschutterj\Downloads\GTFS_US\agency_enriched_geojson\routes_with_metadata\South_Carolina__My_Ride_Rock_Hill__mdb_tld-6741_routes.geojson,success,2,
routes,South_Carolina__The_Comet__mdb_mdb-2209,C:\Users\wilsonschutterj\Downloads\GTFS_US\agency_enriched_geojson\routes\South_Carolina__The_Comet__mdb_mdb-2209_routes.geojson,C:\Users\wilsonschutterj\Downloads\GTFS_US\agency_enriched_geojson\routes_with_metadata\South_Carolina__The_Comet__mdb_mdb-2209_routes.geojson,success,97,
routes,South_Carolina__TriCounty_Link__mdb_ntd-40206,C:\Users\wilsonschutterj\Downloads\GTFS_US\agency_enriched_geojson\routes\South_Carolina__TriCounty_Link__mdb_ntd-40206_routes.geojson,C:\Users\wilsonschutterj\Downloads\GTFS_US\agency_enriched_geojson\routes_with_metadata\South_Carolina__TriCounty_Link__mdb_ntd-40206_routes.geojson,success,44,
routes,Tennessee__Bristol_Virginia_Transit__mdb_mdb-238,C:\Users\wilsonschutterj\Downloads\GTFS_US\agency_enriched_geojson\routes\Tennessee__Bristol_Virginia_Transit__mdb_mdb-238_routes.geojson,C:\Users\wilsonschutterj\Downloads\GTFS_US\agency_enriched_geojson\routes_with_metadata\Tennessee__Bristol_Virginia_Transit__mdb_mdb-238_routes.geojson,success,7,
routes,Tennessee__Chattanooga_Area_Regional_Transportation_Authority_(CARTA)__mdb_mdb-3474,C:\Users\wilsonschutterj\Downloads\GTFS_US\agency_enriched_geojson\routes\Tennessee__Chattanooga_Area_Regional_Transportation_Authority_(CARTA)__mdb_mdb-3474_routes.geojson,C:\Users\wilsonschutterj\Downloads\GTFS_US\agency_enriched_geojson\routes_with_metadata\Tennessee__Chattanooga_Area_Regional_Transportation_Authority_(CARTA)__mdb_mdb-3474_routes.geojson,success,57,
routes,Tennessee__City_of_Bristol_Tennessee__mdb_ntd-40055,C:\Users\wilsonschutterj\Downloads\GTFS_US\agency_enriched_geojson\routes\Tennessee__City_of_Bristol_Tennessee__mdb_ntd-40055_routes.geojson,C:\Users\wilsonschutterj\Downloads\GTFS_US\agency_enriched_geojson\routes_with_metadata\Tennessee__City_of_Bristol_Tennessee__mdb_ntd-40055_routes.geojson,success,3,
routes,Tennessee__City_of_Gatlinburg_Trolley__mdb_tld-6775,C:\Users\wilsonschutterj\Downloads\GTFS_US\agency_enriched_geojson\routes\Tennessee__City_of_Gatlinburg_Trolley__mdb_tld-6775_routes.geojson,C:\Users\wilsonschutterj\Downloads\GTFS_US\agency_enriched_geojson\routes_with_metadata\Tennessee__City_of_Gatlinburg_Trolley__mdb_tld-6775_routes.geojson,success,4,
routes,Tennessee__City_of_Kingsport__mdb_ntd-40080,C:\Users\wilsonschutterj\Downloads\GTFS_US\agency_enriched_geojson\routes\Tennessee__City_of_Kingsport__mdb_ntd-40080_routes.geojson,C:\Users\wilsonschutterj\Downloads\GTFS_US\agency_enriched_geojson\routes_with_metadata\Tennessee__City_of_Kingsport__mdb_ntd-40080_routes.geojson,success,5,
routes,Tennessee__City_of_Pigeon_Forge__mdb_ntd-41136,C:\Users\wilsonschutterj\Downloads\GTFS_US\agency_enriched_geojson\routes\Tennessee__City_of_Pigeon_Forge__mdb_ntd-41136_routes.geojson,C:\Users\wilsonschutterj\Downloads\GTFS_US\agency_enriched_geojson\routes_with_metadata\Tennessee__City_of_Pigeon_Forge__mdb_ntd-41136_routes.geojson,success,10,
routes,Tennessee__Cleveland_Urban_Area_Transit_System__mdb_tld-7827,C:\Users\wilsonschutterj\Downloads\GTFS_US\agency_enriched_geojson\routes\Tennessee__Cleveland_Urban_Area_Transit_System__mdb_tld-7827_routes.geojson,C:\Users\wilsonschutterj\Downloads\GTFS_US\agency_enriched_geojson\routes_with_metadata\Tennessee__Cleveland_Urban_Area_Transit_System__mdb_tld-7827_routes.geojson,success,10,
routes,Tennessee__Franklin_Transit_Authority__mdb_mdb-361,C:\Users\wilsonschutterj\Downloads\GTFS_US\agency_enriched_geojson\routes\Tennessee__Franklin_Transit_Authority__mdb_mdb-361_routes.geojson,C:\Users\wilsonschutterj\Downloads\GTFS_US\agency_enriched_geojson\routes_with_metadata\Tennessee__Franklin_Transit_Authority__mdb_mdb-361_routes.geojson,success,6,
routes,Tennessee__Jackson_Transit_Authority__mdb_mdb-2313,C:\Users\wilsonschutterj\Downloads\GTFS_US\agency_enriched_geojson\routes\Tennessee__Jackson_Transit_Authority__mdb_mdb-2313_routes.geojson,C:\Users\wilsonschutterj\Downloads\GTFS_US\agency_enriched_geojson\routes_with_metadata\Tennessee__Jackson_Transit_Authority__mdb_mdb-2313_routes.geojson,success,24,
routes,Tennessee__Johnson_City__mdb_ntd-40054,C:\Users\wilsonschutterj\Downloads\GTFS_US\agency_enriched_geojson\routes\Tennessee__Johnson_City__mdb_ntd-40054_routes.geojson,C:\Users\wilsonschutterj\Downloads\GTFS_US\agency_enriched_geojson\routes_with_metadata\Tennessee__Johnson_City__mdb_ntd-40054_routes.geojson,success,34,
routes,Tennessee__Knoxville_Area_Transit_(KAT)__mdb_mdb-1121,C:\Users\wilsonschutterj\Downloads\GTFS_US\agency_enriched_geojson\routes\Tennessee__Knoxville_Area_Transit_(KAT)__mdb_mdb-1121_routes.geojson,C:\Users\wilsonschutterj\Downloads\GTFS_US\agency_enriched_geojson\routes_with_metadata\Tennessee__Knoxville_Area_Transit_(KAT)__mdb_mdb-1121_routes.geojson,success,65,
routes,Tennessee__Nashville_MTA_WeGo_Public_Transit__mdb_mdb-360,C:\Users\wilsonschutterj\Downloads\GTFS_US\agency_enriched_geojson\routes\Tennessee__Nashville_MTA_WeGo_Public_Transit__mdb_mdb-360_routes.geojson,C:\Users\wilsonschutterj\Downloads\GTFS_US\agency_enriched_geojson\routes_with_metadata\Tennessee__Nashville_MTA_WeGo_Public_Transit__mdb_mdb-360_routes.geojson,success,168,
routes,Texas__Brownsville_Metro__mdb_tld-7927,C:\Users\wilsonschutterj\Downloads\GTFS_US\agency_enriched_geojson\routes\Texas__Brownsville_Metro__mdb_tld-7927_routes.geojson,C:\Users\wilsonschutterj\Downloads\GTFS_US\agency_enriched_geojson\routes_with_metadata\Texas__Brownsville_Metro__mdb_tld-7927_routes.geojson,success,11,
routes,Texas__Capital_Metro__mdb_mdb-150,C:\Users\wilsonschutterj\Downloads\GTFS_US\agency_enriched_geojson\routes\Texas__Capital_Metro__mdb_mdb-150_routes.geojson,C:\Users\wilsonschutterj\Downloads\GTFS_US\agency_enriched_geojson\routes_with_metadata\Texas__Capital_Metro__mdb_mdb-150_routes.geojson,success,7323,
routes,Texas__Citibus__mdb_mdb-569,C:\Users\wilsonschutterj\Downloads\GTFS_US\agency_enriched_geojson\routes\Texas__Citibus__mdb_mdb-569_routes.geojson,C:\Users\wilsonschutterj\Downloads\GTFS_US\agency_enriched_geojson\routes_with_metadata\Texas__Citibus__mdb_mdb-569_routes.geojson,success,48,
routes,Texas__City_of_Longview__mdb_ntd-60081,C:\Users\wilsonschutterj\Downloads\GTFS_US\agency_enriched_geojson\routes\Texas__City_of_Longview__mdb_ntd-60081_routes.geojson,C:\Users\wilsonschutterj\Downloads\GTFS_US\agency_enriched_geojson\routes_with_metadata\Texas__City_of_Longview__mdb_ntd-60081_routes.geojson,success,6,
routes,Texas__Dallas_Area_Rapid_Transit_(DART)__mdb_mdb-152,C:\Users\wilsonschutterj\Downloads\GTFS_US\agency_enriched_geojson\routes\Texas__Dallas_Area_Rapid_Transit_(DART)__mdb_mdb-152_routes.geojson,C:\Users\wilsonschutterj\Downloads\GTFS_US\agency_enriched_geojson\routes_with_metadata\Texas__Dallas_Area_Rapid_Transit_(DART)__mdb_mdb-152_routes.geojson,success,256,
routes,Texas__El_Metro_Transit__mdb_tld-7038,C:\Users\wilsonschutterj\Downloads\GTFS_US\agency_enriched_geojson\routes\Texas__El_Metro_Transit__mdb_tld-7038_routes.geojson,C:\Users\wilsonschutterj\Downloads\GTFS_US\agency_enriched_geojson\routes_with_metadata\Texas__El_Metro_Transit__mdb_tld-7038_routes.geojson,success,119,
routes,Texas__El_Paso_Transportation_Authority__mdb_mdb-3419,C:\Users\wilsonschutterj\Downloads\GTFS_US\agency_enriched_geojson\routes\Texas__El_Paso_Transportation_Authority__mdb_mdb-3419_routes.geojson,C:\Users\wilsonschutterj\Downloads\GTFS_US\agency_enriched_geojson\routes_with_metadata\Texas__El_Paso_Transportation_Authority__mdb_mdb-3419_routes.geojson,success,14,
routes,Texas__EZ_Rider__mdb_mdb-2634,C:\Users\wilsonschutterj\Downloads\GTFS_US\agency_enriched_geojson\routes\Texas__EZ_Rider__mdb_mdb-2634_routes.geojson,C:\Users\wilsonschutterj\Downloads\GTFS_US\agency_enriched_geojson\routes_with_metadata\Texas__EZ_Rider__mdb_mdb-2634_routes.geojson,success,14,
routes,"Texas__Fort_Bend_County,_Texas__mdb_ntd-60103","C:\Users\wilsonschutterj\Downloads\GTFS_US\agency_enriched_geojson\routes\Texas__Fort_Bend_County,_Texas__mdb_ntd-60103_routes.geojson","C:\Users\wilsonschutterj\Downloads\GTFS_US\agency_enriched_geojson\routes_with_metadata\Texas__Fort_Bend_County,_Texas__mdb_ntd-60103_routes.geojson",success,49,
routes,Texas__Galveston_Island_Transit__mdb_mdb-2861,C:\Users\wilsonschutterj\Downloads\GTFS_US\agency_enriched_geojson\routes\Texas__Galveston_Island_Transit__mdb_mdb-2861_routes.geojson,C:\Users\wilsonschutterj\Downloads\GTFS_US\agency_enriched_geojson\routes_with_metadata\Texas__Galveston_Island_Transit__mdb_mdb-2861_routes.geojson,success,50,
routes,Texas__McKinney_Avenue_Transit_Authority__mdb_ntd-60133,C:\Users\wilsonschutterj\Downloads\GTFS_US\agency_enriched_geojson\routes\Texas__McKinney_Avenue_Transit_Authority__mdb_ntd-60133_routes.geojson,C:\Users\wilsonschutterj\Downloads\GTFS_US\agency_enriched_geojson\routes_with_metadata\Texas__McKinney_Avenue_Transit_Authority__mdb_ntd-60133_routes.geojson,success,4,
routes,Texas__METRO_Houston__mdb_mdb-2060,C:\Users\wilsonschutterj\Downloads\GTFS_US\agency_enriched_geojson\routes\Texas__METRO_Houston__mdb_mdb-2060_routes.geojson,C:\Users\wilsonschutterj\Downloads\GTFS_US\agency_enriched_geojson\routes_with_metadata\Texas__METRO_Houston__mdb_mdb-2060_routes.geojson,success,345,
routes,Texas__Metro_McAllen__mdb_ntd-60099,C:\Users\wilsonschutterj\Downloads\GTFS_US\agency_enriched_geojson\routes\Texas__Metro_McAllen__mdb_ntd-60099_routes.geojson,C:\Users\wilsonschutterj\Downloads\GTFS_US\agency_enriched_geojson\routes_with_metadata\Texas__Metro_McAllen__mdb_ntd-60099_routes.geojson,success,18,
routes,Texas__Midland-Odessa_Urban_Transit_District__mdb_ntd-60097,C:\Users\wilsonschutterj\Downloads\GTFS_US\agency_enriched_geojson\routes\Texas__Midland-Odessa_Urban_Transit_District__mdb_ntd-60097_routes.geojson,C:\Users\wilsonschutterj\Downloads\GTFS_US\agency_enriched_geojson\routes_with_metadata\Texas__Midland-Odessa_Urban_Transit_District__mdb_ntd-60097_routes.geojson,success,14,
routes,Texas__STAR_Transit__mdb_mdb-153,C:\Users\wilsonschutterj\Downloads\GTFS_US\agency_enriched_geojson\routes\Texas__STAR_Transit__mdb_mdb-153_routes.geojson,C:\Users\wilsonschutterj\Downloads\GTFS_US\agency_enriched_geojson\routes_with_metadata\Texas__STAR_Transit__mdb_mdb-153_routes.geojson,success,1,
routes,Texas__Texarkana_Urban_Transit_District_(T-Line_Bus)__mdb_ntd-60093,C:\Users\wilsonschutterj\Downloads\GTFS_US\agency_enriched_geojson\routes\Texas__Texarkana_Urban_Transit_District_(T-Line_Bus)__mdb_ntd-60093_routes.geojson,C:\Users\wilsonschutterj\Downloads\GTFS_US\agency_enriched_geojson\routes_with_metadata\Texas__Texarkana_Urban_Transit_District_(T-Line_Bus)__mdb_ntd-60093_routes.geojson,success,8,
routes,Texas__VIA_Metropolitan_Transit__mdb_tld-217,C:\Users\wilsonschutterj\Downloads\GTFS_US\agency_enriched_geojson\routes\Texas__VIA_Metropolitan_Transit__mdb_tld-217_routes.geojson,C:\Users\wilsonschutterj\Downloads\GTFS_US\agency_enriched_geojson\routes_with_metadata\Texas__VIA_Metropolitan_Transit__mdb_tld-217_routes.geojson,success,361,
routes,Utah__Bryce_Canyon_National_Park_Shuttle__mdb_tld-6675,C:\Users\wilsonschutterj\Downloads\GTFS_US\agency_enriched_geojson\routes\Utah__Bryce_Canyon_National_Park_Shuttle__mdb_tld-6675_routes.geojson,C:\Users\wilsonschutterj\Downloads\GTFS_US\agency_enriched_geojson\routes_with_metadata\Utah__Bryce_Canyon_National_Park_Shuttle__mdb_tld-6675_routes.geojson,success,1,
routes,Utah__Cache_Valley_Transit_District__mdb_ntd-80028,C:\Users\wilsonschutterj\Downloads\GTFS_US\agency_enriched_geojson\routes\Utah__Cache_Valley_Transit_District__mdb_ntd-80028_routes.geojson,C:\Users\wilsonschutterj\Downloads\GTFS_US\agency_enriched_geojson\routes_with_metadata\Utah__Cache_Valley_Transit_District__mdb_ntd-80028_routes.geojson,success,28,
routes,Utah__High_Valley_Transit__mdb_tld-7037,C:\Users\wilsonschutterj\Downloads\GTFS_US\agency_enriched_geojson\routes\Utah__High_Valley_Transit__mdb_tld-7037_routes.geojson,C:\Users\wilsonschutterj\Downloads\GTFS_US\agency_enriched_geojson\routes_with_metadata\Utah__High_Valley_Transit__mdb_tld-7037_routes.geojson,success,16,
routes,Utah__SunTran_Utah__mdb_mdb-111,C:\Users\wilsonschutterj\Downloads\GTFS_US\agency_enriched_geojson\routes\Utah__SunTran_Utah__mdb_mdb-111_routes.geojson,C:\Users\wilsonschutterj\Downloads\GTFS_US\agency_enriched_geojson\routes_with_metadata\Utah__SunTran_Utah__mdb_mdb-111_routes.geojson,success,9,
routes,Utah__Utah_Transit_Authority_(UTA)__mdb_mdb-170,C:\Users\wilsonschutterj\Downloads\GTFS_US\agency_enriched_geojson\routes\Utah__Utah_Transit_Authority_(UTA)__mdb_mdb-170_routes.geojson,C:\Users\wilsonschutterj\Downloads\GTFS_US\agency_enriched_geojson\routes_with_metadata\Utah__Utah_Transit_Authority_(UTA)__mdb_mdb-170_routes.geojson,success,213,
routes,Utah__Ute_Tribe_Public_Transit__mdb_ntd-88200,C:\Users\wilsonschutterj\Downloads\GTFS_US\agency_enriched_geojson\routes\Utah__Ute_Tribe_Public_Transit__mdb_ntd-88200_routes.geojson,C:\Users\wilsonschutterj\Downloads\GTFS_US\agency_enriched_geojson\routes_with_metadata\Utah__Ute_Tribe_Public_Transit__mdb_ntd-88200_routes.geojson,success,8,
routes,Utah__Zion_National_Park__mdb_tld-6682,C:\Users\wilsonschutterj\Downloads\GTFS_US\agency_enriched_geojson\routes\Utah__Zion_National_Park__mdb_tld-6682_routes.geojson,C:\Users\wilsonschutterj\Downloads\GTFS_US\agency_enriched_geojson\routes_with_metadata\Utah__Zion_National_Park__mdb_tld-6682_routes.geojson,success,4,
routes,Vermont__Amtrak_Vermonter__mdb_mdb-2297,C:\Users\wilsonschutterj\Downloads\GTFS_US\agency_enriched_geojson\routes\Vermont__Amtrak_Vermonter__mdb_mdb-2297_routes.geojson,C:\Users\wilsonschutterj\Downloads\GTFS_US\agency_enriched_geojson\routes_with_metadata\Vermont__Amtrak_Vermonter__mdb_mdb-2297_routes.geojson,success,8,
routes,Vermont__Chittenden_County_Transportation_Authority_(CCTA)__mdb_mdb-629,C:\Users\wilsonschutterj\Downloads\GTFS_US\agency_enriched_geojson\routes\Vermont__Chittenden_County_Transportation_Authority_(CCTA)__mdb_mdb-629_routes.geojson,C:\Users\wilsonschutterj\Downloads\GTFS_US\agency_enriched_geojson\routes_with_metadata\Vermont__Chittenden_County_Transportation_Authority_(CCTA)__mdb_mdb-629_routes.geojson,success,71,
routes,Vermont__Marble_Valley_Regional_Transit_District_(MVRTD)__mdb_mdb-2831,C:\Users\wilsonschutterj\Downloads\GTFS_US\agency_enriched_geojson\routes\Vermont__Marble_Valley_Regional_Transit_District_(MVRTD)__mdb_mdb-2831_routes.geojson,C:\Users\wilsonschutterj\Downloads\GTFS_US\agency_enriched_geojson\routes_with_metadata\Vermont__Marble_Valley_Regional_Transit_District_(MVRTD)__mdb_mdb-2831_routes.geojson,success,30,
routes,Vermont__Marble_Valley_Regional_Transit_District_(MVRTD)__mdb_mdb-430,C:\Users\wilsonschutterj\Downloads\GTFS_US\agency_enriched_geojson\routes\Vermont__Marble_Valley_Regional_Transit_District_(MVRTD)__mdb_mdb-430_routes.geojson,C:\Users\wilsonschutterj\Downloads\GTFS_US\agency_enriched_geojson\routes_with_metadata\Vermont__Marble_Valley_Regional_Transit_District_(MVRTD)__mdb_mdb-430_routes.geojson,success,28,
routes,Vermont__Rockingham_MOOver__mdb_mdb-2194,C:\Users\wilsonschutterj\Downloads\GTFS_US\agency_enriched_geojson\routes\Vermont__Rockingham_MOOver__mdb_mdb-2194_routes.geojson,C:\Users\wilsonschutterj\Downloads\GTFS_US\agency_enriched_geojson\routes_with_metadata\Vermont__Rockingham_MOOver__mdb_mdb-2194_routes.geojson,success,61,
routes,Vermont__Rural_Community_Transportation_(RCT)__mdb_mdb-2882,C:\Users\wilsonschutterj\Downloads\GTFS_US\agency_enriched_geojson\routes\Vermont__Rural_Community_Transportation_(RCT)__mdb_mdb-2882_routes.geojson,C:\Users\wilsonschutterj\Downloads\GTFS_US\agency_enriched_geojson\routes_with_metadata\Vermont__Rural_Community_Transportation_(RCT)__mdb_mdb-2882_routes.geojson,success,38,
routes,Vermont__Vermont_Translines__mdb_mdb-450,C:\Users\wilsonschutterj\Downloads\GTFS_US\agency_enriched_geojson\routes\Vermont__Vermont_Translines__mdb_mdb-450_routes.geojson,C:\Users\wilsonschutterj\Downloads\GTFS_US\agency_enriched_geojson\routes_with_metadata\Vermont__Vermont_Translines__mdb_mdb-450_routes.geojson,success,2,
routes,Vermont__VTrans__mdb_mdb-2884,C:\Users\wilsonschutterj\Downloads\GTFS_US\agency_enriched_geojson\routes\Vermont__VTrans__mdb_mdb-2884_routes.geojson,C:\Users\wilsonschutterj\Downloads\GTFS_US\agency_enriched_geojson\routes_with_metadata\Vermont__VTrans__mdb_mdb-2884_routes.geojson,success,87,
routes,Virginia__Alexandria_Transit_Company_(DASH)__mdb_mdb-482,C:\Users\wilsonschutterj\Downloads\GTFS_US\agency_enriched_geojson\routes\Virginia__Alexandria_Transit_Company_(DASH)__mdb_mdb-482_routes.geojson,C:\Users\wilsonschutterj\Downloads\GTFS_US\agency_enriched_geojson\routes_with_metadata\Virginia__Alexandria_Transit_Company_(DASH)__mdb_mdb-482_routes.geojson,success,41,
routes,Virginia__Altavista_Community_Transit_System__mdb_mdb-882,C:\Users\wilsonschutterj\Downloads\GTFS_US\agency_enriched_geojson\routes\Virginia__Altavista_Community_Transit_System__mdb_mdb-882_routes.geojson,C:\Users\wilsonschutterj\Downloads\GTFS_US\agency_enriched_geojson\routes_with_metadata\Virginia__Altavista_Community_Transit_System__mdb_mdb-882_routes.geojson,success,1,
routes,Virginia__Arlington_Transit__mdb_mdb-485,C:\Users\wilsonschutterj\Downloads\GTFS_US\agency_enriched_geojson\routes\Virginia__Arlington_Transit__mdb_mdb-485_routes.geojson,C:\Users\wilsonschutterj\Downloads\GTFS_US\agency_enriched_geojson\routes_with_metadata\Virginia__Arlington_Transit__mdb_mdb-485_routes.geojson,success,46,
routes,Virginia__Bay_Transit__mdb_mdb-224,C:\Users\wilsonschutterj\Downloads\GTFS_US\agency_enriched_geojson\routes\Virginia__Bay_Transit__mdb_mdb-224_routes.geojson,C:\Users\wilsonschutterj\Downloads\GTFS_US\agency_enriched_geojson\routes_with_metadata\Virginia__Bay_Transit__mdb_mdb-224_routes.geojson,success,6,
routes,Virginia__Bay_Transit__mdb_mdb-2439,C:\Users\wilsonschutterj\Downloads\GTFS_US\agency_enriched_geojson\routes\Virginia__Bay_Transit__mdb_mdb-2439_routes.geojson,C:\Users\wilsonschutterj\Downloads\GTFS_US\agency_enriched_geojson\routes_with_metadata\Virginia__Bay_Transit__mdb_mdb-2439_routes.geojson,success,6,
routes,Virginia__Blackstone_Area_Bus_Service__mdb_mdb-235,C:\Users\wilsonschutterj\Downloads\GTFS_US\agency_enriched_geojson\routes\Virginia__Blackstone_Area_Bus_Service__mdb_mdb-235_routes.geojson,C:\Users\wilsonschutterj\Downloads\GTFS_US\agency_enriched_geojson\routes_with_metadata\Virginia__Blackstone_Area_Bus_Service__mdb_mdb-235_routes.geojson,success,47,
routes,Virginia__Charlottesville_Area_Transit_(CAT)__mdb_mdb-3493,C:\Users\wilsonschutterj\Downloads\GTFS_US\agency_enriched_geojson\routes\Virginia__Charlottesville_Area_Transit_(CAT)__mdb_mdb-3493_routes.geojson,C:\Users\wilsonschutterj\Downloads\GTFS_US\agency_enriched_geojson\routes_with_metadata\Virginia__Charlottesville_Area_Transit_(CAT)__mdb_mdb-3493_routes.geojson,success,35,
routes,Virginia__Danville_Transit__mdb_mdb-2440,C:\Users\wilsonschutterj\Downloads\GTFS_US\agency_enriched_geojson\routes\Virginia__Danville_Transit__mdb_mdb-2440_routes.geojson,C:\Users\wilsonschutterj\Downloads\GTFS_US\agency_enriched_geojson\routes_with_metadata\Virginia__Danville_Transit__mdb_mdb-2440_routes.geojson,success,70,
routes,Virginia__Danville_Transit__mdb_tld-4145,C:\Users\wilsonschutterj\Downloads\GTFS_US\agency_enriched_geojson\routes\Virginia__Danville_Transit__mdb_tld-4145_routes.geojson,C:\Users\wilsonschutterj\Downloads\GTFS_US\agency_enriched_geojson\routes_with_metadata\Virginia__Danville_Transit__mdb_tld-4145_routes.geojson,success,34,
routes,Virginia__Fairfax_CUE_Bus_(CUE)__mdb_mdb-2885,C:\Users\wilsonschutterj\Downloads\GTFS_US\agency_enriched_geojson\routes\Virginia__Fairfax_CUE_Bus_(CUE)__mdb_mdb-2885_routes.geojson,C:\Users\wilsonschutterj\Downloads\GTFS_US\agency_enriched_geojson\routes_with_metadata\Virginia__Fairfax_CUE_Bus_(CUE)__mdb_mdb-2885_routes.geojson,success,4,
routes,Virginia__Farmville_Area_Bus__mdb_mdb-461,C:\Users\wilsonschutterj\Downloads\GTFS_US\agency_enriched_geojson\routes\Virginia__Farmville_Area_Bus__mdb_mdb-461_routes.geojson,C:\Users\wilsonschutterj\Downloads\GTFS_US\agency_enriched_geojson\routes_with_metadata\Virginia__Farmville_Area_Bus__mdb_mdb-461_routes.geojson,success,25,
routes,Virginia__Four_County_Transit__mdb_mdb-2308,C:\Users\wilsonschutterj\Downloads\GTFS_US\agency_enriched_geojson\routes\Virginia__Four_County_Transit__mdb_mdb-2308_routes.geojson,C:\Users\wilsonschutterj\Downloads\GTFS_US\agency_enriched_geojson\routes_with_metadata\Virginia__Four_County_Transit__mdb_mdb-2308_routes.geojson,success,45,
routes,Virginia__Four_County_Transit__mdb_mdb-2448,C:\Users\wilsonschutterj\Downloads\GTFS_US\agency_enriched_geojson\routes\Virginia__Four_County_Transit__mdb_mdb-2448_routes.geojson,C:\Users\wilsonschutterj\Downloads\GTFS_US\agency_enriched_geojson\routes_with_metadata\Virginia__Four_County_Transit__mdb_mdb-2448_routes.geojson,success,45,
routes,Virginia__Graham_Transit__mdb_mdb-611,C:\Users\wilsonschutterj\Downloads\GTFS_US\agency_enriched_geojson\routes\Virginia__Graham_Transit__mdb_mdb-611_routes.geojson,C:\Users\wilsonschutterj\Downloads\GTFS_US\agency_enriched_geojson\routes_with_metadata\Virginia__Graham_Transit__mdb_mdb-611_routes.geojson,success,5,
routes,Virginia__Greater_Lynchburg_Transit_Co__mdb_mdb-381,C:\Users\wilsonschutterj\Downloads\GTFS_US\agency_enriched_geojson\routes\Virginia__Greater_Lynchburg_Transit_Co__mdb_mdb-381_routes.geojson,C:\Users\wilsonschutterj\Downloads\GTFS_US\agency_enriched_geojson\routes_with_metadata\Virginia__Greater_Lynchburg_Transit_Co__mdb_mdb-381_routes.geojson,success,36,
routes,Virginia__Greensville_Emporia_Transit__mdb_mdb-463,C:\Users\wilsonschutterj\Downloads\GTFS_US\agency_enriched_geojson\routes\Virginia__Greensville_Emporia_Transit__mdb_mdb-463_routes.geojson,C:\Users\wilsonschutterj\Downloads\GTFS_US\agency_enriched_geojson\routes_with_metadata\Virginia__Greensville_Emporia_Transit__mdb_mdb-463_routes.geojson,success,2,
routes,Virginia__Hampton_Roads_Transit_(HRT)__mdb_mdb-473,C:\Users\wilsonschutterj\Downloads\GTFS_US\agency_enriched_geojson\routes\Virginia__Hampton_Roads_Transit_(HRT)__mdb_mdb-473_routes.geojson,C:\Users\wilsonschutterj\Downloads\GTFS_US\agency_enriched_geojson\routes_with_metadata\Virginia__Hampton_Roads_Transit_(HRT)__mdb_mdb-473_routes.geojson,success,199,
routes,Virginia__Jaunt__mdb_mdb-3492,C:\Users\wilsonschutterj\Downloads\GTFS_US\agency_enriched_geojson\routes\Virginia__Jaunt__mdb_mdb-3492_routes.geojson,C:\Users\wilsonschutterj\Downloads\GTFS_US\agency_enriched_geojson\routes_with_metadata\Virginia__Jaunt__mdb_mdb-3492_routes.geojson,success,2,
routes,Virginia__Loudoun_County_Transit__mdb_mdb-1053,C:\Users\wilsonschutterj\Downloads\GTFS_US\agency_enriched_geojson\routes\Virginia__Loudoun_County_Transit__mdb_mdb-1053_routes.geojson,C:\Users\wilsonschutterj\Downloads\GTFS_US\agency_enriched_geojson\routes_with_metadata\Virginia__Loudoun_County_Transit__mdb_mdb-1053_routes.geojson,success,106,
routes,Virginia__Mountain_Lynx_Transit__mdb_mdb-334,C:\Users\wilsonschutterj\Downloads\GTFS_US\agency_enriched_geojson\routes\Virginia__Mountain_Lynx_Transit__mdb_mdb-334_routes.geojson,C:\Users\wilsonschutterj\Downloads\GTFS_US\agency_enriched_geojson\routes_with_metadata\Virginia__Mountain_Lynx_Transit__mdb_mdb-334_routes.geojson,success,12,
routes,Virginia__Petersburg_Area_Transit__mdb_mdb-2441,C:\Users\wilsonschutterj\Downloads\GTFS_US\agency_enriched_geojson\routes\Virginia__Petersburg_Area_Transit__mdb_mdb-2441_routes.geojson,C:\Users\wilsonschutterj\Downloads\GTFS_US\agency_enriched_geojson\routes_with_metadata\Virginia__Petersburg_Area_Transit__mdb_mdb-2441_routes.geojson,success,24,
routes,Virginia__Petersburg_Area_Transit__mdb_mdb-591,C:\Users\wilsonschutterj\Downloads\GTFS_US\agency_enriched_geojson\routes\Virginia__Petersburg_Area_Transit__mdb_mdb-591_routes.geojson,C:\Users\wilsonschutterj\Downloads\GTFS_US\agency_enriched_geojson\routes_with_metadata\Virginia__Petersburg_Area_Transit__mdb_mdb-591_routes.geojson,success,24,
routes,Virginia__Pony_Express__mdb_mdb-828,C:\Users\wilsonschutterj\Downloads\GTFS_US\agency_enriched_geojson\routes\Virginia__Pony_Express__mdb_mdb-828_routes.geojson,C:\Users\wilsonschutterj\Downloads\GTFS_US\agency_enriched_geojson\routes_with_metadata\Virginia__Pony_Express__mdb_mdb-828_routes.geojson,success,7,
routes,Virginia__Potomac_and_Rappahannock_Transportation_Commission_(PRTC)_Omniride__mdb_mdb-1156,C:\Users\wilsonschutterj\Downloads\GTFS_US\agency_enriched_geojson\routes\Virginia__Potomac_and_Rappahannock_Transportation_Commission_(PRTC)_Omniride__mdb_mdb-1156_routes.geojson,C:\Users\wilsonschutterj\Downloads\GTFS_US\agency_enriched_geojson\routes_with_metadata\Virginia__Potomac_and_Rappahannock_Transportation_Commission_(PRTC)_Omniride__mdb_mdb-1156_routes.geojson,success,101,
routes,Virginia__Pulaski_Area_Transit_(PAT)__mdb_mdb-2198,C:\Users\wilsonschutterj\Downloads\GTFS_US\agency_enriched_geojson\routes\Virginia__Pulaski_Area_Transit_(PAT)__mdb_mdb-2198_routes.geojson,C:\Users\wilsonschutterj\Downloads\GTFS_US\agency_enriched_geojson\routes_with_metadata\Virginia__Pulaski_Area_Transit_(PAT)__mdb_mdb-2198_routes.geojson,success,13,
routes,Virginia__RADAR__mdb_mdb-2443,C:\Users\wilsonschutterj\Downloads\GTFS_US\agency_enriched_geojson\routes\Virginia__RADAR__mdb_mdb-2443_routes.geojson,C:\Users\wilsonschutterj\Downloads\GTFS_US\agency_enriched_geojson\routes_with_metadata\Virginia__RADAR__mdb_mdb-2443_routes.geojson,success,11,
routes,Virginia__RADAR__mdb_mdb-832,C:\Users\wilsonschutterj\Downloads\GTFS_US\agency_enriched_geojson\routes\Virginia__RADAR__mdb_mdb-832_routes.geojson,C:\Users\wilsonschutterj\Downloads\GTFS_US\agency_enriched_geojson\routes_with_metadata\Virginia__RADAR__mdb_mdb-832_routes.geojson,success,11,
routes,Virginia__Radford_Transit__mdb_mdb-2415,C:\Users\wilsonschutterj\Downloads\GTFS_US\agency_enriched_geojson\routes\Virginia__Radford_Transit__mdb_mdb-2415_routes.geojson,C:\Users\wilsonschutterj\Downloads\GTFS_US\agency_enriched_geojson\routes_with_metadata\Virginia__Radford_Transit__mdb_mdb-2415_routes.geojson,success,16,
routes,Virginia__STAR_Transit__mdb_mdb-2444,C:\Users\wilsonschutterj\Downloads\GTFS_US\agency_enriched_geojson\routes\Virginia__STAR_Transit__mdb_mdb-2444_routes.geojson,C:\Users\wilsonschutterj\Downloads\GTFS_US\agency_enriched_geojson\routes_with_metadata\Virginia__STAR_Transit__mdb_mdb-2444_routes.geojson,success,31,
routes,Virginia__STAR_Transit__mdb_mdb-819,C:\Users\wilsonschutterj\Downloads\GTFS_US\agency_enriched_geojson\routes\Virginia__STAR_Transit__mdb_mdb-819_routes.geojson,C:\Users\wilsonschutterj\Downloads\GTFS_US\agency_enriched_geojson\routes_with_metadata\Virginia__STAR_Transit__mdb_mdb-819_routes.geojson,success,31,
routes,Virginia__Valley_Metro__mdb_mdb-2274,C:\Users\wilsonschutterj\Downloads\GTFS_US\agency_enriched_geojson\routes\Virginia__Valley_Metro__mdb_mdb-2274_routes.geojson,C:\Users\wilsonschutterj\Downloads\GTFS_US\agency_enriched_geojson\routes_with_metadata\Virginia__Valley_Metro__mdb_mdb-2274_routes.geojson,success,38,
routes,Virginia__Virginia_Regional_Transit__mdb_mdb-2445,C:\Users\wilsonschutterj\Downloads\GTFS_US\agency_enriched_geojson\routes\Virginia__Virginia_Regional_Transit__mdb_mdb-2445_routes.geojson,C:\Users\wilsonschutterj\Downloads\GTFS_US\agency_enriched_geojson\routes_with_metadata\Virginia__Virginia_Regional_Transit__mdb_mdb-2445_routes.geojson,success,50,
routes,Virginia__Virginia_Regional_Transit__mdb_mdb-621,C:\Users\wilsonschutterj\Downloads\GTFS_US\agency_enriched_geojson\routes\Virginia__Virginia_Regional_Transit__mdb_mdb-621_routes.geojson,C:\Users\wilsonschutterj\Downloads\GTFS_US\agency_enriched_geojson\routes_with_metadata\Virginia__Virginia_Regional_Transit__mdb_mdb-621_routes.geojson,success,50,
routes,Virginia__Williamsburg_Area_Transit_Authority__mdb_mdb-2649,C:\Users\wilsonschutterj\Downloads\GTFS_US\agency_enriched_geojson\routes\Virginia__Williamsburg_Area_Transit_Authority__mdb_mdb-2649_routes.geojson,C:\Users\wilsonschutterj\Downloads\GTFS_US\agency_enriched_geojson\routes_with_metadata\Virginia__Williamsburg_Area_Transit_Authority__mdb_mdb-2649_routes.geojson,success,30,
routes,Virginia__WinTran__mdb_mdb-608,C:\Users\wilsonschutterj\Downloads\GTFS_US\agency_enriched_geojson\routes\Virginia__WinTran__mdb_mdb-608_routes.geojson,C:\Users\wilsonschutterj\Downloads\GTFS_US\agency_enriched_geojson\routes_with_metadata\Virginia__WinTran__mdb_mdb-608_routes.geojson,success,2,
routes,Washington__Ben_Franklin_Transit__mdb_mdb-2122,C:\Users\wilsonschutterj\Downloads\GTFS_US\agency_enriched_geojson\routes\Washington__Ben_Franklin_Transit__mdb_mdb-2122_routes.geojson,C:\Users\wilsonschutterj\Downloads\GTFS_US\agency_enriched_geojson\routes_with_metadata\Washington__Ben_Franklin_Transit__mdb_mdb-2122_routes.geojson,success,168,
routes,Washington__City_of_Ellensburg_Public_Transit_(Central_Transit)__mdb_mdb-2456,C:\Users\wilsonschutterj\Downloads\GTFS_US\agency_enriched_geojson\routes\Washington__City_of_Ellensburg_Public_Transit_(Central_Transit)__mdb_mdb-2456_routes.geojson,C:\Users\wilsonschutterj\Downloads\GTFS_US\agency_enriched_geojson\routes_with_metadata\Washington__City_of_Ellensburg_Public_Transit_(Central_Transit)__mdb_mdb-2456_routes.geojson,success,12,
routes,Washington__City_of_Pullman__mdb_ntd-294,C:\Users\wilsonschutterj\Downloads\GTFS_US\agency_enriched_geojson\routes\Washington__City_of_Pullman__mdb_ntd-294_routes.geojson,C:\Users\wilsonschutterj\Downloads\GTFS_US\agency_enriched_geojson\routes_with_metadata\Washington__City_of_Pullman__mdb_ntd-294_routes.geojson,success,13,
routes,Washington__Clallam_Transit_System__mdb_mdb-279,C:\Users\wilsonschutterj\Downloads\GTFS_US\agency_enriched_geojson\routes\Washington__Clallam_Transit_System__mdb_mdb-279_routes.geojson,C:\Users\wilsonschutterj\Downloads\GTFS_US\agency_enriched_geojson\routes_with_metadata\Washington__Clallam_Transit_System__mdb_mdb-279_routes.geojson,success,38,
routes,Washington__Colville_Confederated_Tribes_Transit__mdb_mdb-2302,C:\Users\wilsonschutterj\Downloads\GTFS_US\agency_enriched_geojson\routes\Washington__Colville_Confederated_Tribes_Transit__mdb_mdb-2302_routes.geojson,C:\Users\wilsonschutterj\Downloads\GTFS_US\agency_enriched_geojson\routes_with_metadata\Washington__Colville_Confederated_Tribes_Transit__mdb_mdb-2302_routes.geojson,success,8,
routes,Washington__Community_Transit_(CT)__mdb_mdb-287,C:\Users\wilsonschutterj\Downloads\GTFS_US\agency_enriched_geojson\routes\Washington__Community_Transit_(CT)__mdb_mdb-287_routes.geojson,C:\Users\wilsonschutterj\Downloads\GTFS_US\agency_enriched_geojson\routes_with_metadata\Washington__Community_Transit_(CT)__mdb_mdb-287_routes.geojson,success,105,
routes,Washington__Elwha_Transit__mdb_mdb-2307,C:\Users\wilsonschutterj\Downloads\GTFS_US\agency_enriched_geojson\routes\Washington__Elwha_Transit__mdb_mdb-2307_routes.geojson,C:\Users\wilsonschutterj\Downloads\GTFS_US\agency_enriched_geojson\routes_with_metadata\Washington__Elwha_Transit__mdb_mdb-2307_routes.geojson,success,2,
routes,Washington__Everett_Transit__mdb_mdb-3038,C:\Users\wilsonschutterj\Downloads\GTFS_US\agency_enriched_geojson\routes\Washington__Everett_Transit__mdb_mdb-3038_routes.geojson,C:\Users\wilsonschutterj\Downloads\GTFS_US\agency_enriched_geojson\routes_with_metadata\Washington__Everett_Transit__mdb_mdb-3038_routes.geojson,success,20,
routes,Washington__Grant_Transit_Authority__mdb_mdb-2309,C:\Users\wilsonschutterj\Downloads\GTFS_US\agency_enriched_geojson\routes\Washington__Grant_Transit_Authority__mdb_mdb-2309_routes.geojson,C:\Users\wilsonschutterj\Downloads\GTFS_US\agency_enriched_geojson\routes_with_metadata\Washington__Grant_Transit_Authority__mdb_mdb-2309_routes.geojson,success,24,
routes,Washington__Grays_Harbor_Transit__mdb_mdb-263,C:\Users\wilsonschutterj\Downloads\GTFS_US\agency_enriched_geojson\routes\Washington__Grays_Harbor_Transit__mdb_mdb-263_routes.geojson,C:\Users\wilsonschutterj\Downloads\GTFS_US\agency_enriched_geojson\routes_with_metadata\Washington__Grays_Harbor_Transit__mdb_mdb-263_routes.geojson,success,104,
routes,Washington__Guemes_Island_Ferry__mdb_mdb-2310,C:\Users\wilsonschutterj\Downloads\GTFS_US\agency_enriched_geojson\routes\Washington__Guemes_Island_Ferry__mdb_mdb-2310_routes.geojson,C:\Users\wilsonschutterj\Downloads\GTFS_US\agency_enriched_geojson\routes_with_metadata\Washington__Guemes_Island_Ferry__mdb_mdb-2310_routes.geojson,success,2,
routes,Washington__Intercity_Transit__mdb_mdb-266,C:\Users\wilsonschutterj\Downloads\GTFS_US\agency_enriched_geojson\routes\Washington__Intercity_Transit__mdb_mdb-266_routes.geojson,C:\Users\wilsonschutterj\Downloads\GTFS_US\agency_enriched_geojson\routes_with_metadata\Washington__Intercity_Transit__mdb_mdb-266_routes.geojson,success,203,
routes,Washington__Island_Transit__mdb_mdb-280,C:\Users\wilsonschutterj\Downloads\GTFS_US\agency_enriched_geojson\routes\Washington__Island_Transit__mdb_mdb-280_routes.geojson,C:\Users\wilsonschutterj\Downloads\GTFS_US\agency_enriched_geojson\routes_with_metadata\Washington__Island_Transit__mdb_mdb-280_routes.geojson,success,67,
routes,Washington__Jefferson_Transit_Authority__mdb_mdb-838,C:\Users\wilsonschutterj\Downloads\GTFS_US\agency_enriched_geojson\routes\Washington__Jefferson_Transit_Authority__mdb_mdb-838_routes.geojson,C:\Users\wilsonschutterj\Downloads\GTFS_US\agency_enriched_geojson\routes_with_metadata\Washington__Jefferson_Transit_Authority__mdb_mdb-838_routes.geojson,success,19,
routes,Washington__King_County_Metro__mdb_mdb-1330,C:\Users\wilsonschutterj\Downloads\GTFS_US\agency_enriched_geojson\routes\Washington__King_County_Metro__mdb_mdb-1330_routes.geojson,C:\Users\wilsonschutterj\Downloads\GTFS_US\agency_enriched_geojson\routes_with_metadata\Washington__King_County_Metro__mdb_mdb-1330_routes.geojson,success,424,
routes,Washington__Lady_of_the_Lake__mdb_mdb-2318,C:\Users\wilsonschutterj\Downloads\GTFS_US\agency_enriched_geojson\routes\Washington__Lady_of_the_Lake__mdb_mdb-2318_routes.geojson,C:\Users\wilsonschutterj\Downloads\GTFS_US\agency_enriched_geojson\routes_with_metadata\Washington__Lady_of_the_Lake__mdb_mdb-2318_routes.geojson,success,2,
routes,Washington__Lummi_Transit__mdb_mdb-2320,C:\Users\wilsonschutterj\Downloads\GTFS_US\agency_enriched_geojson\routes\Washington__Lummi_Transit__mdb_mdb-2320_routes.geojson,C:\Users\wilsonschutterj\Downloads\GTFS_US\agency_enriched_geojson\routes_with_metadata\Washington__Lummi_Transit__mdb_mdb-2320_routes.geojson,success,16,
routes,Washington__Makah_Public_Transit__mdb_mdb-2196,C:\Users\wilsonschutterj\Downloads\GTFS_US\agency_enriched_geojson\routes\Washington__Makah_Public_Transit__mdb_mdb-2196_routes.geojson,C:\Users\wilsonschutterj\Downloads\GTFS_US\agency_enriched_geojson\routes_with_metadata\Washington__Makah_Public_Transit__mdb_mdb-2196_routes.geojson,success,9,
routes,Washington__Mason_Transit_Authority__mdb_mdb-264,C:\Users\wilsonschutterj\Downloads\GTFS_US\agency_enriched_geojson\routes\Washington__Mason_Transit_Authority__mdb_mdb-264_routes.geojson,C:\Users\wilsonschutterj\Downloads\GTFS_US\agency_enriched_geojson\routes_with_metadata\Washington__Mason_Transit_Authority__mdb_mdb-264_routes.geojson,success,22,
routes,"Washington__Metro_Transit,_Intercity_Transit,_City_of_Seattle,_Community_Transit,_Pierce_Transit,_Sound_Transit,_Washington_State_Fe__mdb_mdb-1080","C:\Users\wilsonschutterj\Downloads\GTFS_US\agency_enriched_geojson\routes\Washington__Metro_Transit,_Intercity_Transit,_City_of_Seattle,_Community_Transit,_Pierce_Transit,_Sound_Transit,_Washington_State_Fe__mdb_mdb-1080_routes.geojson","C:\Users\wilsonschutterj\Downloads\GTFS_US\agency_enriched_geojson\routes_with_metadata\Washington__Metro_Transit,_Intercity_Transit,_City_of_Seattle,_Community_Transit,_Pierce_Transit,_Sound_Transit,_Washington_State_Fe__mdb_mdb-1080_routes.geojson",success,1106,
routes,Washington__Mount_Adams_Transportation_Service__mdb_mdb-580,C:\Users\wilsonschutterj\Downloads\GTFS_US\agency_enriched_geojson\routes\Washington__Mount_Adams_Transportation_Service__mdb_mdb-580_routes.geojson,C:\Users\wilsonschutterj\Downloads\GTFS_US\agency_enriched_geojson\routes_with_metadata\Washington__Mount_Adams_Transportation_Service__mdb_mdb-580_routes.geojson,success,13,
routes,Washington__Muckleshoot_Tribal_Transit__mdb_mdb-2326,C:\Users\wilsonschutterj\Downloads\GTFS_US\agency_enriched_geojson\routes\Washington__Muckleshoot_Tribal_Transit__mdb_mdb-2326_routes.geojson,C:\Users\wilsonschutterj\Downloads\GTFS_US\agency_enriched_geojson\routes_with_metadata\Washington__Muckleshoot_Tribal_Transit__mdb_mdb-2326_routes.geojson,success,7,
routes,Washington__Pacific_Transit__mdb_mdb-3112,C:\Users\wilsonschutterj\Downloads\GTFS_US\agency_enriched_geojson\routes\Washington__Pacific_Transit__mdb_mdb-3112_routes.geojson,C:\Users\wilsonschutterj\Downloads\GTFS_US\agency_enriched_geojson\routes_with_metadata\Washington__Pacific_Transit__mdb_mdb-3112_routes.geojson,success,14,
routes,Washington__Pahto_Public_Passage__mdb_mdb-2331,C:\Users\wilsonschutterj\Downloads\GTFS_US\agency_enriched_geojson\routes\Washington__Pahto_Public_Passage__mdb_mdb-2331_routes.geojson,C:\Users\wilsonschutterj\Downloads\GTFS_US\agency_enriched_geojson\routes_with_metadata\Washington__Pahto_Public_Passage__mdb_mdb-2331_routes.geojson,success,12,
routes,Washington__People_for_People_(Community_Connector)__mdb_mdb-271,C:\Users\wilsonschutterj\Downloads\GTFS_US\agency_enriched_geojson\routes\Washington__People_for_People_(Community_Connector)__mdb_mdb-271_routes.geojson,C:\Users\wilsonschutterj\Downloads\GTFS_US\agency_enriched_geojson\routes_with_metadata\Washington__People_for_People_(Community_Connector)__mdb_mdb-271_routes.geojson,success,30,
routes,Washington__Pierce_County_Ferries__mdb_tld-2289,C:\Users\wilsonschutterj\Downloads\GTFS_US\agency_enriched_geojson\routes\Washington__Pierce_County_Ferries__mdb_tld-2289_routes.geojson,C:\Users\wilsonschutterj\Downloads\GTFS_US\agency_enriched_geojson\routes_with_metadata\Washington__Pierce_County_Ferries__mdb_tld-2289_routes.geojson,success,6,
routes,Washington__Pierce_Transit__mdb_mdb-265,C:\Users\wilsonschutterj\Downloads\GTFS_US\agency_enriched_geojson\routes\Washington__Pierce_Transit__mdb_mdb-265_routes.geojson,C:\Users\wilsonschutterj\Downloads\GTFS_US\agency_enriched_geojson\routes_with_metadata\Washington__Pierce_Transit__mdb_mdb-265_routes.geojson,success,104,
routes,Washington__RiverCities_Transit_(RCT)__mdb_mdb-259,C:\Users\wilsonschutterj\Downloads\GTFS_US\agency_enriched_geojson\routes\Washington__RiverCities_Transit_(RCT)__mdb_mdb-259_routes.geojson,C:\Users\wilsonschutterj\Downloads\GTFS_US\agency_enriched_geojson\routes_with_metadata\Washington__RiverCities_Transit_(RCT)__mdb_mdb-259_routes.geojson,success,23,
routes,Washington__Rural_Resources_Community_Action__mdb_tld-5751,C:\Users\wilsonschutterj\Downloads\GTFS_US\agency_enriched_geojson\routes\Washington__Rural_Resources_Community_Action__mdb_tld-5751_routes.geojson,C:\Users\wilsonschutterj\Downloads\GTFS_US\agency_enriched_geojson\routes_with_metadata\Washington__Rural_Resources_Community_Action__mdb_tld-5751_routes.geojson,success,11,
routes,Washington__ruralTRANSIT__mdb_mdb-822,C:\Users\wilsonschutterj\Downloads\GTFS_US\agency_enriched_geojson\routes\Washington__ruralTRANSIT__mdb_mdb-822_routes.geojson,C:\Users\wilsonschutterj\Downloads\GTFS_US\agency_enriched_geojson\routes_with_metadata\Washington__ruralTRANSIT__mdb_mdb-822_routes.geojson,success,7,
routes,Washington__Seattle_Center_Monorail__mdb_tld-2290,C:\Users\wilsonschutterj\Downloads\GTFS_US\agency_enriched_geojson\routes\Washington__Seattle_Center_Monorail__mdb_tld-2290_routes.geojson,C:\Users\wilsonschutterj\Downloads\GTFS_US\agency_enriched_geojson\routes_with_metadata\Washington__Seattle_Center_Monorail__mdb_tld-2290_routes.geojson,success,2,
routes,Washington__Skagit_Transit__mdb_tld-5895,C:\Users\wilsonschutterj\Downloads\GTFS_US\agency_enriched_geojson\routes\Washington__Skagit_Transit__mdb_tld-5895_routes.geojson,C:\Users\wilsonschutterj\Downloads\GTFS_US\agency_enriched_geojson\routes_with_metadata\Washington__Skagit_Transit__mdb_tld-5895_routes.geojson,success,69,
routes,Washington__Skamania_County_Transit__mdb_mdb-262,C:\Users\wilsonschutterj\Downloads\GTFS_US\agency_enriched_geojson\routes\Washington__Skamania_County_Transit__mdb_mdb-262_routes.geojson,C:\Users\wilsonschutterj\Downloads\GTFS_US\agency_enriched_geojson\routes_with_metadata\Washington__Skamania_County_Transit__mdb_mdb-262_routes.geojson,success,11,
routes,Washington__Snoqualmie_Valley_Transportation__mdb_mdb-816,C:\Users\wilsonschutterj\Downloads\GTFS_US\agency_enriched_geojson\routes\Washington__Snoqualmie_Valley_Transportation__mdb_mdb-816_routes.geojson,C:\Users\wilsonschutterj\Downloads\GTFS_US\agency_enriched_geojson\routes_with_metadata\Washington__Snoqualmie_Valley_Transportation__mdb_mdb-816_routes.geojson,success,6,
routes,Washington__Snow_Goose_Transit__mdb_tld-5754,C:\Users\wilsonschutterj\Downloads\GTFS_US\agency_enriched_geojson\routes\Washington__Snow_Goose_Transit__mdb_tld-5754_routes.geojson,C:\Users\wilsonschutterj\Downloads\GTFS_US\agency_enriched_geojson\routes_with_metadata\Washington__Snow_Goose_Transit__mdb_tld-5754_routes.geojson,success,5,
routes,Washington__Solid_Ground__mdb_tld-5755,C:\Users\wilsonschutterj\Downloads\GTFS_US\agency_enriched_geojson\routes\Washington__Solid_Ground__mdb_tld-5755_routes.geojson,C:\Users\wilsonschutterj\Downloads\GTFS_US\agency_enriched_geojson\routes_with_metadata\Washington__Solid_Ground__mdb_tld-5755_routes.geojson,success,1,
routes,"Washington__Sound_Transit,_Metro_Transit,_City_of_Seattle_-_King_County_Metro__mdb_mdb-267","C:\Users\wilsonschutterj\Downloads\GTFS_US\agency_enriched_geojson\routes\Washington__Sound_Transit,_Metro_Transit,_City_of_Seattle_-_King_County_Metro__mdb_mdb-267_routes.geojson","C:\Users\wilsonschutterj\Downloads\GTFS_US\agency_enriched_geojson\routes_with_metadata\Washington__Sound_Transit,_Metro_Transit,_City_of_Seattle_-_King_County_Metro__mdb_mdb-267_routes.geojson",success,424,
routes,Washington__Sound_Transit__mdb_mdb-268,C:\Users\wilsonschutterj\Downloads\GTFS_US\agency_enriched_geojson\routes\Washington__Sound_Transit__mdb_mdb-268_routes.geojson,C:\Users\wilsonschutterj\Downloads\GTFS_US\agency_enriched_geojson\routes_with_metadata\Washington__Sound_Transit__mdb_mdb-268_routes.geojson,success,22,
routes,Washington__Special_Mobility_Services__mdb_tld-5756,C:\Users\wilsonschutterj\Downloads\GTFS_US\agency_enriched_geojson\routes\Washington__Special_Mobility_Services__mdb_tld-5756_routes.geojson,C:\Users\wilsonschutterj\Downloads\GTFS_US\agency_enriched_geojson\routes_with_metadata\Washington__Special_Mobility_Services__mdb_tld-5756_routes.geojson,success,14,
routes,Washington__Spokane_Transit_Authority_(STA)__mdb_mdb-290,C:\Users\wilsonschutterj\Downloads\GTFS_US\agency_enriched_geojson\routes\Washington__Spokane_Transit_Authority_(STA)__mdb_mdb-290_routes.geojson,C:\Users\wilsonschutterj\Downloads\GTFS_US\agency_enriched_geojson\routes_with_metadata\Washington__Spokane_Transit_Authority_(STA)__mdb_mdb-290_routes.geojson,success,263,
routes,Washington__Squaxin_Island_Transit__mdb_mdb-2197,C:\Users\wilsonschutterj\Downloads\GTFS_US\agency_enriched_geojson\routes\Washington__Squaxin_Island_Transit__mdb_mdb-2197_routes.geojson,C:\Users\wilsonschutterj\Downloads\GTFS_US\agency_enriched_geojson\routes_with_metadata\Washington__Squaxin_Island_Transit__mdb_mdb-2197_routes.geojson,success,9,
routes,Washington__The_Moccasin_Express__mdb_mdb-2325,C:\Users\wilsonschutterj\Downloads\GTFS_US\agency_enriched_geojson\routes\Washington__The_Moccasin_Express__mdb_mdb-2325_routes.geojson,C:\Users\wilsonschutterj\Downloads\GTFS_US\agency_enriched_geojson\routes_with_metadata\Washington__The_Moccasin_Express__mdb_mdb-2325_routes.geojson,success,11,
routes,Washington__Twin_Transit__mdb_tld-5579,C:\Users\wilsonschutterj\Downloads\GTFS_US\agency_enriched_geojson\routes\Washington__Twin_Transit__mdb_tld-5579_routes.geojson,C:\Users\wilsonschutterj\Downloads\GTFS_US\agency_enriched_geojson\routes_with_metadata\Washington__Twin_Transit__mdb_tld-5579_routes.geojson,success,16,
routes,Washington__Union_Gap__mdb_mdb-277,C:\Users\wilsonschutterj\Downloads\GTFS_US\agency_enriched_geojson\routes\Washington__Union_Gap__mdb_mdb-277_routes.geojson,C:\Users\wilsonschutterj\Downloads\GTFS_US\agency_enriched_geojson\routes_with_metadata\Washington__Union_Gap__mdb_mdb-277_routes.geojson,success,2,
routes,Washington__Valley_Transit__mdb_tld-820,C:\Users\wilsonschutterj\Downloads\GTFS_US\agency_enriched_geojson\routes\Washington__Valley_Transit__mdb_tld-820_routes.geojson,C:\Users\wilsonschutterj\Downloads\GTFS_US\agency_enriched_geojson\routes_with_metadata\Washington__Valley_Transit__mdb_tld-820_routes.geojson,success,18,
routes,Washington__Wahkiakum_on_the_Move__mdb_mdb-249,C:\Users\wilsonschutterj\Downloads\GTFS_US\agency_enriched_geojson\routes\Washington__Wahkiakum_on_the_Move__mdb_mdb-249_routes.geojson,C:\Users\wilsonschutterj\Downloads\GTFS_US\agency_enriched_geojson\routes_with_metadata\Washington__Wahkiakum_on_the_Move__mdb_mdb-249_routes.geojson,success,7,
routes,Washington__Washington_State_Department_of_Transportation_(WSDOT_Apple_Line)__mdb_mdb-245,C:\Users\wilsonschutterj\Downloads\GTFS_US\agency_enriched_geojson\routes\Washington__Washington_State_Department_of_Transportation_(WSDOT_Apple_Line)__mdb_mdb-245_routes.geojson,C:\Users\wilsonschutterj\Downloads\GTFS_US\agency_enriched_geojson\routes_with_metadata\Washington__Washington_State_Department_of_Transportation_(WSDOT_Apple_Line)__mdb_mdb-245_routes.geojson,success,16,
routes,Washington__Washington_State_Ferries__mdb_mdb-1331,C:\Users\wilsonschutterj\Downloads\GTFS_US\agency_enriched_geojson\routes\Washington__Washington_State_Ferries__mdb_mdb-1331_routes.geojson,C:\Users\wilsonschutterj\Downloads\GTFS_US\agency_enriched_geojson\routes_with_metadata\Washington__Washington_State_Ferries__mdb_mdb-1331_routes.geojson,success,42,
routes,Washington__Washington_State_Ferries__mdb_mdb-283,C:\Users\wilsonschutterj\Downloads\GTFS_US\agency_enriched_geojson\routes\Washington__Washington_State_Ferries__mdb_mdb-283_routes.geojson,C:\Users\wilsonschutterj\Downloads\GTFS_US\agency_enriched_geojson\routes_with_metadata\Washington__Washington_State_Ferries__mdb_mdb-283_routes.geojson,success,42,
routes,Washington__Whatcom_Transportation_Authority__mdb_mdb-284,C:\Users\wilsonschutterj\Downloads\GTFS_US\agency_enriched_geojson\routes\Washington__Whatcom_Transportation_Authority__mdb_mdb-284_routes.geojson,C:\Users\wilsonschutterj\Downloads\GTFS_US\agency_enriched_geojson\routes_with_metadata\Washington__Whatcom_Transportation_Authority__mdb_mdb-284_routes.geojson,success,94,
routes,Washington__Yakima_Transit__mdb_mdb-276,C:\Users\wilsonschutterj\Downloads\GTFS_US\agency_enriched_geojson\routes\Washington__Yakima_Transit__mdb_mdb-276_routes.geojson,C:\Users\wilsonschutterj\Downloads\GTFS_US\agency_enriched_geojson\routes_with_metadata\Washington__Yakima_Transit__mdb_mdb-276_routes.geojson,success,27,
routes,West_Virginia__Country_Roads_Transit__mdb_ntd-30122,C:\Users\wilsonschutterj\Downloads\GTFS_US\agency_enriched_geojson\routes\West_Virginia__Country_Roads_Transit__mdb_ntd-30122_routes.geojson,C:\Users\wilsonschutterj\Downloads\GTFS_US\agency_enriched_geojson\routes_with_metadata\West_Virginia__Country_Roads_Transit__mdb_ntd-30122_routes.geojson,success,3,
routes,West_Virginia__Eastern_Panhandle_Transit_Authority__mdb_tld-4459,C:\Users\wilsonschutterj\Downloads\GTFS_US\agency_enriched_geojson\routes\West_Virginia__Eastern_Panhandle_Transit_Authority__mdb_tld-4459_routes.geojson,C:\Users\wilsonschutterj\Downloads\GTFS_US\agency_enriched_geojson\routes_with_metadata\West_Virginia__Eastern_Panhandle_Transit_Authority__mdb_tld-4459_routes.geojson,success,36,
routes,West_Virginia__Harpers_Ferry_National_Historical_Park__mdb_tld-6678,C:\Users\wilsonschutterj\Downloads\GTFS_US\agency_enriched_geojson\routes\West_Virginia__Harpers_Ferry_National_Historical_Park__mdb_tld-6678_routes.geojson,C:\Users\wilsonschutterj\Downloads\GTFS_US\agency_enriched_geojson\routes_with_metadata\West_Virginia__Harpers_Ferry_National_Historical_Park__mdb_tld-6678_routes.geojson,success,1,
routes,West_Virginia__Kanawha_Valley_Regional_Transportation_Authority__mdb_tld-5769,C:\Users\wilsonschutterj\Downloads\GTFS_US\agency_enriched_geojson\routes\West_Virginia__Kanawha_Valley_Regional_Transportation_Authority__mdb_tld-5769_routes.geojson,C:\Users\wilsonschutterj\Downloads\GTFS_US\agency_enriched_geojson\routes_with_metadata\West_Virginia__Kanawha_Valley_Regional_Transportation_Authority__mdb_tld-5769_routes.geojson,success,95,
routes,West_Virginia__Mountain_Line_Transit_Authority__mdb_mdb-407,C:\Users\wilsonschutterj\Downloads\GTFS_US\agency_enriched_geojson\routes\West_Virginia__Mountain_Line_Transit_Authority__mdb_mdb-407_routes.geojson,C:\Users\wilsonschutterj\Downloads\GTFS_US\agency_enriched_geojson\routes_with_metadata\West_Virginia__Mountain_Line_Transit_Authority__mdb_mdb-407_routes.geojson,success,95,
routes,West_Virginia__New_River_Transit_Authority__mdb_tld-6713,C:\Users\wilsonschutterj\Downloads\GTFS_US\agency_enriched_geojson\routes\West_Virginia__New_River_Transit_Authority__mdb_tld-6713_routes.geojson,C:\Users\wilsonschutterj\Downloads\GTFS_US\agency_enriched_geojson\routes_with_metadata\West_Virginia__New_River_Transit_Authority__mdb_tld-6713_routes.geojson,success,14,
routes,Wisconsin__Beloit_Transit_System__mdb_tld-77,C:\Users\wilsonschutterj\Downloads\GTFS_US\agency_enriched_geojson\routes\Wisconsin__Beloit_Transit_System__mdb_tld-77_routes.geojson,C:\Users\wilsonschutterj\Downloads\GTFS_US\agency_enriched_geojson\routes_with_metadata\Wisconsin__Beloit_Transit_System__mdb_tld-77_routes.geojson,success,7,
routes,Wisconsin__Central_Transportation__mdb_tld-4757,C:\Users\wilsonschutterj\Downloads\GTFS_US\agency_enriched_geojson\routes\Wisconsin__Central_Transportation__mdb_tld-4757_routes.geojson,C:\Users\wilsonschutterj\Downloads\GTFS_US\agency_enriched_geojson\routes_with_metadata\Wisconsin__Central_Transportation__mdb_tld-4757_routes.geojson,success,7,
routes,Wisconsin__Fond_du_Lac_Area_Transit__mdb_tld-7929,C:\Users\wilsonschutterj\Downloads\GTFS_US\agency_enriched_geojson\routes\Wisconsin__Fond_du_Lac_Area_Transit__mdb_tld-7929_routes.geojson,C:\Users\wilsonschutterj\Downloads\GTFS_US\agency_enriched_geojson\routes_with_metadata\Wisconsin__Fond_du_Lac_Area_Transit__mdb_tld-7929_routes.geojson,success,8,
routes,Wisconsin__GO_Transit__mdb_mdb-397,C:\Users\wilsonschutterj\Downloads\GTFS_US\agency_enriched_geojson\routes\Wisconsin__GO_Transit__mdb_mdb-397_routes.geojson,C:\Users\wilsonschutterj\Downloads\GTFS_US\agency_enriched_geojson\routes_with_metadata\Wisconsin__GO_Transit__mdb_mdb-397_routes.geojson,success,16,
routes,Wisconsin__Janesville_Transit_System__mdb_mdb-393,C:\Users\wilsonschutterj\Downloads\GTFS_US\agency_enriched_geojson\routes\Wisconsin__Janesville_Transit_System__mdb_mdb-393_routes.geojson,C:\Users\wilsonschutterj\Downloads\GTFS_US\agency_enriched_geojson\routes_with_metadata\Wisconsin__Janesville_Transit_System__mdb_mdb-393_routes.geojson,success,15,
routes,Wisconsin__Metro_Ride__mdb_mdb-830,C:\Users\wilsonschutterj\Downloads\GTFS_US\agency_enriched_geojson\routes\Wisconsin__Metro_Ride__mdb_mdb-830_routes.geojson,C:\Users\wilsonschutterj\Downloads\GTFS_US\agency_enriched_geojson\routes_with_metadata\Wisconsin__Metro_Ride__mdb_mdb-830_routes.geojson,success,30,
routes,Wisconsin__Metro_Transit_-_City_of_Madison__mdb_mdb-394,C:\Users\wilsonschutterj\Downloads\GTFS_US\agency_enriched_geojson\routes\Wisconsin__Metro_Transit_-_City_of_Madison__mdb_mdb-394_routes.geojson,C:\Users\wilsonschutterj\Downloads\GTFS_US\agency_enriched_geojson\routes_with_metadata\Wisconsin__Metro_Transit_-_City_of_Madison__mdb_mdb-394_routes.geojson,success,184,
routes,Wisconsin__Ryde_Racine__mdb_mdb-2246,C:\Users\wilsonschutterj\Downloads\GTFS_US\agency_enriched_geojson\routes\Wisconsin__Ryde_Racine__mdb_mdb-2246_routes.geojson,C:\Users\wilsonschutterj\Downloads\GTFS_US\agency_enriched_geojson\routes_with_metadata\Wisconsin__Ryde_Racine__mdb_mdb-2246_routes.geojson,success,80,
routes,Wisconsin__Shoreline_Metro__mdb_mdb-399,C:\Users\wilsonschutterj\Downloads\GTFS_US\agency_enriched_geojson\routes\Wisconsin__Shoreline_Metro__mdb_mdb-399_routes.geojson,C:\Users\wilsonschutterj\Downloads\GTFS_US\agency_enriched_geojson\routes_with_metadata\Wisconsin__Shoreline_Metro__mdb_mdb-399_routes.geojson,success,11,
routes,Wisconsin__Valley_Transit_(WI)__mdb_mdb-2069,C:\Users\wilsonschutterj\Downloads\GTFS_US\agency_enriched_geojson\routes\Wisconsin__Valley_Transit_(WI)__mdb_mdb-2069_routes.geojson,C:\Users\wilsonschutterj\Downloads\GTFS_US\agency_enriched_geojson\routes_with_metadata\Wisconsin__Valley_Transit_(WI)__mdb_mdb-2069_routes.geojson,success,42,
routes,Wyoming__Southern_Teton_Area_Rapid_Transit_(START_Bus)__mdb_ntd-80188,C:\Users\wilsonschutterj\Downloads\GTFS_US\agency_enriched_geojson\routes\Wyoming__Southern_Teton_Area_Rapid_Transit_(START_Bus)__mdb_ntd-80188_routes.geojson,C:\Users\wilsonschutterj\Downloads\GTFS_US\agency_enriched_geojson\routes_with_metadata\Wyoming__Southern_Teton_Area_Rapid_Transit_(START_Bus)__mdb_ntd-80188_routes.geojson,success,14,
routes,Wyoming__Wind_River_Transportation_Authority__mdb_ntd-80121,C:\Users\wilsonschutterj\Downloads\GTFS_US\agency_enriched_geojson\routes\Wyoming__Wind_River_Transportation_Authority__mdb_ntd-80121_routes.geojson,C:\Users\wilsonschutterj\Downloads\GTFS_US\agency_enriched_geojson\routes_with_metadata\Wyoming__Wind_River_Transportation_Authority__mdb_ntd-80121_routes.geojson,success,9,
stops,Alabama__Huntsville_Shuttle__mdb_mdb-2081,C:\Users\wilsonschutterj\Downloads\GTFS_US\agency_enriched_geojson\stops\Alabama__Huntsville_Shuttle__mdb_mdb-2081_stops.geojson,C:\Users\wilsonschutterj\Downloads\GTFS_US\agency_enriched_geojson\stops_with_metadata\Alabama__Huntsville_Shuttle__mdb_mdb-2081_stops.geojson,success,383,
stops,Alabama__Montgomery_Transit__mdb_mdb-338,C:\Users\wilsonschutterj\Downloads\GTFS_US\agency_enriched_geojson\stops\Alabama__Montgomery_Transit__mdb_mdb-338_stops.geojson,C:\Users\wilsonschutterj\Downloads\GTFS_US\agency_enriched_geojson\stops_with_metadata\Alabama__Montgomery_Transit__mdb_mdb-338_stops.geojson,success,1841,
stops,Alabama__Tuscaloosa_Transit_Authority__mdb_tld-7046,C:\Users\wilsonschutterj\Downloads\GTFS_US\agency_enriched_geojson\stops\Alabama__Tuscaloosa_Transit_Authority__mdb_tld-7046_stops.geojson,C:\Users\wilsonschutterj\Downloads\GTFS_US\agency_enriched_geojson\stops_with_metadata\Alabama__Tuscaloosa_Transit_Authority__mdb_tld-7046_stops.geojson,success,224,
stops,Alaska__Anchorage_People_Mover__mdb_mdb-225,C:\Users\wilsonschutterj\Downloads\GTFS_US\agency_enriched_geojson\stops\Alaska__Anchorage_People_Mover__mdb_mdb-225_stops.geojson,C:\Users\wilsonschutterj\Downloads\GTFS_US\agency_enriched_geojson\stops_with_metadata\Alaska__Anchorage_People_Mover__mdb_mdb-225_stops.geojson,success,682,
stops,Alaska__Capital_Transit__mdb_mdb-294,C:\Users\wilsonschutterj\Downloads\GTFS_US\agency_enriched_geojson\stops\Alaska__Capital_Transit__mdb_mdb-294_stops.geojson,C:\Users\wilsonschutterj\Downloads\GTFS_US\agency_enriched_geojson\stops_with_metadata\Alaska__Capital_Transit__mdb_mdb-294_stops.geojson,success,148,
stops,Alaska__Inter-Island_Ferry__mdb_mdb-243,C:\Users\wilsonschutterj\Downloads\GTFS_US\agency_enriched_geojson\stops\Alaska__Inter-Island_Ferry__mdb_mdb-243_stops.geojson,C:\Users\wilsonschutterj\Downloads\GTFS_US\agency_enriched_geojson\stops_with_metadata\Alaska__Inter-Island_Ferry__mdb_mdb-243_stops.geojson,success,2,
stops,Alaska__Ketchikan_Gateway_Borough__mdb_mdb-244,C:\Users\wilsonschutterj\Downloads\GTFS_US\agency_enriched_geojson\stops\Alaska__Ketchikan_Gateway_Borough__mdb_mdb-244_stops.geojson,C:\Users\wilsonschutterj\Downloads\GTFS_US\agency_enriched_geojson\stops_with_metadata\Alaska__Ketchikan_Gateway_Borough__mdb_mdb-244_stops.geojson,success,164,
stops,Arizona__Bisbee_Bus__mdb_mdb-2857,C:\Users\wilsonschutterj\Downloads\GTFS_US\agency_enriched_geojson\stops\Arizona__Bisbee_Bus__mdb_mdb-2857_stops.geojson,C:\Users\wilsonschutterj\Downloads\GTFS_US\agency_enriched_geojson\stops_with_metadata\Arizona__Bisbee_Bus__mdb_mdb-2857_stops.geojson,success,35,
stops,Arizona__Bullhead_Area_Transit_System__mdb_mdb-109,C:\Users\wilsonschutterj\Downloads\GTFS_US\agency_enriched_geojson\stops\Arizona__Bullhead_Area_Transit_System__mdb_mdb-109_stops.geojson,C:\Users\wilsonschutterj\Downloads\GTFS_US\agency_enriched_geojson\stops_with_metadata\Arizona__Bullhead_Area_Transit_System__mdb_mdb-109_stops.geojson,success,70,
stops,Arizona__City_of_Sierra_Vista__mdb_tld-679,C:\Users\wilsonschutterj\Downloads\GTFS_US\agency_enriched_geojson\stops\Arizona__City_of_Sierra_Vista__mdb_tld-679_stops.geojson,C:\Users\wilsonschutterj\Downloads\GTFS_US\agency_enriched_geojson\stops_with_metadata\Arizona__City_of_Sierra_Vista__mdb_tld-679_stops.geojson,success,45,
stops,Arizona__Cottonwood_Area_Transit_(CAT)__mdb_mdb-158,C:\Users\wilsonschutterj\Downloads\GTFS_US\agency_enriched_geojson\stops\Arizona__Cottonwood_Area_Transit_(CAT)__mdb_mdb-158_stops.geojson,C:\Users\wilsonschutterj\Downloads\GTFS_US\agency_enriched_geojson\stops_with_metadata\Arizona__Cottonwood_Area_Transit_(CAT)__mdb_mdb-158_stops.geojson,success,127,
stops,Arizona__Grand_Canyon_National_Park__mdb_mdb-1905,C:\Users\wilsonschutterj\Downloads\GTFS_US\agency_enriched_geojson\stops\Arizona__Grand_Canyon_National_Park__mdb_mdb-1905_stops.geojson,C:\Users\wilsonschutterj\Downloads\GTFS_US\agency_enriched_geojson\stops_with_metadata\Arizona__Grand_Canyon_National_Park__mdb_mdb-1905_stops.geojson,success,36,
stops,Arizona__Maricopa_Express_Transit__mdb_tld-6743,C:\Users\wilsonschutterj\Downloads\GTFS_US\agency_enriched_geojson\stops\Arizona__Maricopa_Express_Transit__mdb_tld-6743_stops.geojson,C:\Users\wilsonschutterj\Downloads\GTFS_US\agency_enriched_geojson\stops_with_metadata\Arizona__Maricopa_Express_Transit__mdb_tld-6743_stops.geojson,success,10,
stops,Arizona__Mountain_Line_Transit__mdb_mdb-1979,C:\Users\wilsonschutterj\Downloads\GTFS_US\agency_enriched_geojson\stops\Arizona__Mountain_Line_Transit__mdb_mdb-1979_stops.geojson,C:\Users\wilsonschutterj\Downloads\GTFS_US\agency_enriched_geojson\stops_with_metadata\Arizona__Mountain_Line_Transit__mdb_mdb-1979_stops.geojson,success,187,
stops,Arizona__Regional_Transportation_Authority_of_Pima_County__mdb_ntd-91122,C:\Users\wilsonschutterj\Downloads\GTFS_US\agency_enriched_geojson\stops\Arizona__Regional_Transportation_Authority_of_Pima_County__mdb_ntd-91122_stops.geojson,C:\Users\wilsonschutterj\Downloads\GTFS_US\agency_enriched_geojson\stops_with_metadata\Arizona__Regional_Transportation_Authority_of_Pima_County__mdb_ntd-91122_stops.geojson,success,302,
stops,Arizona__Valley_Metro_(VM)__mdb_mdb-147,C:\Users\wilsonschutterj\Downloads\GTFS_US\agency_enriched_geojson\stops\Arizona__Valley_Metro_(VM)__mdb_mdb-147_stops.geojson,C:\Users\wilsonschutterj\Downloads\GTFS_US\agency_enriched_geojson\stops_with_metadata\Arizona__Valley_Metro_(VM)__mdb_mdb-147_stops.geojson,success,8027,
stops,Arizona__Yuma_County_Intergovernmental_Public_Transportation_Authority_(YCIPTA)__mdb_mdb-17,C:\Users\wilsonschutterj\Downloads\GTFS_US\agency_enriched_geojson\stops\Arizona__Yuma_County_Intergovernmental_Public_Transportation_Authority_(YCIPTA)__mdb_mdb-17_stops.geojson,C:\Users\wilsonschutterj\Downloads\GTFS_US\agency_enriched_geojson\stops_with_metadata\Arizona__Yuma_County_Intergovernmental_Public_Transportation_Authority_(YCIPTA)__mdb_mdb-17_stops.geojson,success,427,
stops,Arkansas__City_of_Fort_Smith__mdb_ntd-60086,C:\Users\wilsonschutterj\Downloads\GTFS_US\agency_enriched_geojson\stops\Arkansas__City_of_Fort_Smith__mdb_ntd-60086_stops.geojson,C:\Users\wilsonschutterj\Downloads\GTFS_US\agency_enriched_geojson\stops_with_metadata\Arkansas__City_of_Fort_Smith__mdb_ntd-60086_stops.geojson,success,409,
stops,Arkansas__Eureka_Springs_Transit__mdb_ntd-60161,C:\Users\wilsonschutterj\Downloads\GTFS_US\agency_enriched_geojson\stops\Arkansas__Eureka_Springs_Transit__mdb_ntd-60161_stops.geojson,C:\Users\wilsonschutterj\Downloads\GTFS_US\agency_enriched_geojson\stops_with_metadata\Arkansas__Eureka_Springs_Transit__mdb_ntd-60161_stops.geojson,success,122,
stops,Arkansas__Ozark_Regional_Transit__mdb_tld-4470,C:\Users\wilsonschutterj\Downloads\GTFS_US\agency_enriched_geojson\stops\Arkansas__Ozark_Regional_Transit__mdb_tld-4470_stops.geojson,C:\Users\wilsonschutterj\Downloads\GTFS_US\agency_enriched_geojson\stops_with_metadata\Arkansas__Ozark_Regional_Transit__mdb_tld-4470_stops.geojson,success,668,
stops,California__Alameda-Contra_Costa_Transit_District_(AC_Transit)__mdb_mdb-2455,C:\Users\wilsonschutterj\Downloads\GTFS_US\agency_enriched_geojson\stops\California__Alameda-Contra_Costa_Transit_District_(AC_Transit)__mdb_mdb-2455_stops.geojson,C:\Users\wilsonschutterj\Downloads\GTFS_US\agency_enriched_geojson\stops_with_metadata\California__Alameda-Contra_Costa_Transit_District_(AC_Transit)__mdb_mdb-2455_stops.geojson,success,4692,
stops,California__Altamont_Corridor_Express__mdb_mdb-2684,C:\Users\wilsonschutterj\Downloads\GTFS_US\agency_enriched_geojson\stops\California__Altamont_Corridor_Express__mdb_mdb-2684_stops.geojson,C:\Users\wilsonschutterj\Downloads\GTFS_US\agency_enriched_geojson\stops_with_metadata\California__Altamont_Corridor_Express__mdb_mdb-2684_stops.geojson,success,10,
stops,California__Amador_Transit__mdb_mdb-92,C:\Users\wilsonschutterj\Downloads\GTFS_US\agency_enriched_geojson\stops\California__Amador_Transit__mdb_mdb-92_stops.geojson,C:\Users\wilsonschutterj\Downloads\GTFS_US\agency_enriched_geojson\stops_with_metadata\California__Amador_Transit__mdb_mdb-92_stops.geojson,success,86,
stops,California__Amtrak__mdb_mdb-11,C:\Users\wilsonschutterj\Downloads\GTFS_US\agency_enriched_geojson\stops\California__Amtrak__mdb_mdb-11_stops.geojson,C:\Users\wilsonschutterj\Downloads\GTFS_US\agency_enriched_geojson\stops_with_metadata\California__Amtrak__mdb_mdb-11_stops.geojson,success,645,
stops,California__Amtrak_San_Joaquins__mdb_mdb-2295,C:\Users\wilsonschutterj\Downloads\GTFS_US\agency_enriched_geojson\stops\California__Amtrak_San_Joaquins__mdb_mdb-2295_stops.geojson,C:\Users\wilsonschutterj\Downloads\GTFS_US\agency_enriched_geojson\stops_with_metadata\California__Amtrak_San_Joaquins__mdb_mdb-2295_stops.geojson,success,31,
stops,California__Arcadia_Transit__mdb_mdb-2243,C:\Users\wilsonschutterj\Downloads\GTFS_US\agency_enriched_geojson\stops\California__Arcadia_Transit__mdb_mdb-2243_stops.geojson,C:\Users\wilsonschutterj\Downloads\GTFS_US\agency_enriched_geojson\stops_with_metadata\California__Arcadia_Transit__mdb_mdb-2243_stops.geojson,success,85,
stops,California__Auburn_Transit__mdb_mdb-2275,C:\Users\wilsonschutterj\Downloads\GTFS_US\agency_enriched_geojson\stops\California__Auburn_Transit__mdb_mdb-2275_stops.geojson,C:\Users\wilsonschutterj\Downloads\GTFS_US\agency_enriched_geojson\stops_with_metadata\California__Auburn_Transit__mdb_mdb-2275_stops.geojson,success,57,
stops,California__Baldwin_Park_Transit__mdb_mdb-2247,C:\Users\wilsonschutterj\Downloads\GTFS_US\agency_enriched_geojson\stops\California__Baldwin_Park_Transit__mdb_mdb-2247_stops.geojson,C:\Users\wilsonschutterj\Downloads\GTFS_US\agency_enriched_geojson\stops_with_metadata\California__Baldwin_Park_Transit__mdb_mdb-2247_stops.geojson,success,124,
stops,California__Bay_Area_Rapid_Transit_(BART)__mdb_mdb-53,C:\Users\wilsonschutterj\Downloads\GTFS_US\agency_enriched_geojson\stops\California__Bay_Area_Rapid_Transit_(BART)__mdb_mdb-53_stops.geojson,C:\Users\wilsonschutterj\Downloads\GTFS_US\agency_enriched_geojson\stops_with_metadata\California__Bay_Area_Rapid_Transit_(BART)__mdb_mdb-53_stops.geojson,success,287,
stops,California__Beach_Cities_Transit__mdb_mdb-1999,C:\Users\wilsonschutterj\Downloads\GTFS_US\agency_enriched_geojson\stops\California__Beach_Cities_Transit__mdb_mdb-1999_stops.geojson,C:\Users\wilsonschutterj\Downloads\GTFS_US\agency_enriched_geojson\stops_with_metadata\California__Beach_Cities_Transit__mdb_mdb-1999_stops.geojson,success,202,
stops,California__Beaumont_Transit__mdb_mdb-106,C:\Users\wilsonschutterj\Downloads\GTFS_US\agency_enriched_geojson\stops\California__Beaumont_Transit__mdb_mdb-106_stops.geojson,C:\Users\wilsonschutterj\Downloads\GTFS_US\agency_enriched_geojson\stops_with_metadata\California__Beaumont_Transit__mdb_mdb-106_stops.geojson,success,151,
stops,California__Big_Blue_Bus__mdb_mdb-37,C:\Users\wilsonschutterj\Downloads\GTFS_US\agency_enriched_geojson\stops\California__Big_Blue_Bus__mdb_mdb-37_stops.geojson,C:\Users\wilsonschutterj\Downloads\GTFS_US\agency_enriched_geojson\stops_with_metadata\California__Big_Blue_Bus__mdb_mdb-37_stops.geojson,success,901,
stops,California__Blossom_Express__mdb_mdb-236,C:\Users\wilsonschutterj\Downloads\GTFS_US\agency_enriched_geojson\stops\California__Blossom_Express__mdb_mdb-236_stops.geojson,C:\Users\wilsonschutterj\Downloads\GTFS_US\agency_enriched_geojson\stops_with_metadata\California__Blossom_Express__mdb_mdb-236_stops.geojson,success,23,
stops,California__BurbankBus__mdb_mdb-2149,C:\Users\wilsonschutterj\Downloads\GTFS_US\agency_enriched_geojson\stops\California__BurbankBus__mdb_mdb-2149_stops.geojson,C:\Users\wilsonschutterj\Downloads\GTFS_US\agency_enriched_geojson\stops_with_metadata\California__BurbankBus__mdb_mdb-2149_stops.geojson,success,47,
stops,California__Butte_Regional_Transit_(B-Line)__mdb_ntd-90208,C:\Users\wilsonschutterj\Downloads\GTFS_US\agency_enriched_geojson\stops\California__Butte_Regional_Transit_(B-Line)__mdb_ntd-90208_stops.geojson,C:\Users\wilsonschutterj\Downloads\GTFS_US\agency_enriched_geojson\stops_with_metadata\California__Butte_Regional_Transit_(B-Line)__mdb_ntd-90208_stops.geojson,success,483,
stops,California__Calaveras_Transit__mdb_mdb-93,C:\Users\wilsonschutterj\Downloads\GTFS_US\agency_enriched_geojson\stops\California__Calaveras_Transit__mdb_mdb-93_stops.geojson,C:\Users\wilsonschutterj\Downloads\GTFS_US\agency_enriched_geojson\stops_with_metadata\California__Calaveras_Transit__mdb_mdb-93_stops.geojson,success,38,
stops,California__Caltrain__mdb_mdb-54,C:\Users\wilsonschutterj\Downloads\GTFS_US\agency_enriched_geojson\stops\California__Caltrain__mdb_mdb-54_stops.geojson,C:\Users\wilsonschutterj\Downloads\GTFS_US\agency_enriched_geojson\stops_with_metadata\California__Caltrain__mdb_mdb-54_stops.geojson,success,106,
stops,California__Camarillo_Area_Transit__mdb_mdb-2234,C:\Users\wilsonschutterj\Downloads\GTFS_US\agency_enriched_geojson\stops\California__Camarillo_Area_Transit__mdb_mdb-2234_stops.geojson,C:\Users\wilsonschutterj\Downloads\GTFS_US\agency_enriched_geojson\stops_with_metadata\California__Camarillo_Area_Transit__mdb_mdb-2234_stops.geojson,success,32,
stops,California__Capitol_Corridor_Joint_Powers_Authority_(Capitol_Corridor)__mdb_mdb-74,C:\Users\wilsonschutterj\Downloads\GTFS_US\agency_enriched_geojson\stops\California__Capitol_Corridor_Joint_Powers_Authority_(Capitol_Corridor)__mdb_mdb-74_stops.geojson,C:\Users\wilsonschutterj\Downloads\GTFS_US\agency_enriched_geojson\stops_with_metadata\California__Capitol_Corridor_Joint_Powers_Authority_(Capitol_Corridor)__mdb_mdb-74_stops.geojson,success,23,
stops,California__Catalina_Express__mdb_mdb-299,C:\Users\wilsonschutterj\Downloads\GTFS_US\agency_enriched_geojson\stops\California__Catalina_Express__mdb_mdb-299_stops.geojson,C:\Users\wilsonschutterj\Downloads\GTFS_US\agency_enriched_geojson\stops_with_metadata\California__Catalina_Express__mdb_mdb-299_stops.geojson,success,4,
stops,California__Cerritos_On_Wheels__mdb_tld-4667,C:\Users\wilsonschutterj\Downloads\GTFS_US\agency_enriched_geojson\stops\California__Cerritos_On_Wheels__mdb_tld-4667_stops.geojson,C:\Users\wilsonschutterj\Downloads\GTFS_US\agency_enriched_geojson\stops_with_metadata\California__Cerritos_On_Wheels__mdb_tld-4667_stops.geojson,success,21,
stops,California__City_of_Banning_Transit__mdb_mdb-220,C:\Users\wilsonschutterj\Downloads\GTFS_US\agency_enriched_geojson\stops\California__City_of_Banning_Transit__mdb_mdb-220_stops.geojson,C:\Users\wilsonschutterj\Downloads\GTFS_US\agency_enriched_geojson\stops_with_metadata\California__City_of_Banning_Transit__mdb_mdb-220_stops.geojson,success,92,
stops,California__City_of_Camarillo__mdb_ntd-90163,C:\Users\wilsonschutterj\Downloads\GTFS_US\agency_enriched_geojson\stops\California__City_of_Camarillo__mdb_ntd-90163_stops.geojson,C:\Users\wilsonschutterj\Downloads\GTFS_US\agency_enriched_geojson\stops_with_metadata\California__City_of_Camarillo__mdb_ntd-90163_stops.geojson,success,1325,
stops,California__City_of_Irvine__mdb_tld-6724,C:\Users\wilsonschutterj\Downloads\GTFS_US\agency_enriched_geojson\stops\California__City_of_Irvine__mdb_tld-6724_stops.geojson,C:\Users\wilsonschutterj\Downloads\GTFS_US\agency_enriched_geojson\stops_with_metadata\California__City_of_Irvine__mdb_tld-6724_stops.geojson,success,85,
stops,California__City_of_San_Luis_Obispo_Transit__mdb_mdb-44,C:\Users\wilsonschutterj\Downloads\GTFS_US\agency_enriched_geojson\stops\California__City_of_San_Luis_Obispo_Transit__mdb_mdb-44_stops.geojson,C:\Users\wilsonschutterj\Downloads\GTFS_US\agency_enriched_geojson\stops_with_metadata\California__City_of_San_Luis_Obispo_Transit__mdb_mdb-44_stops.geojson,success,165,
stops,California__City_of_Santa_Clarita_Transit__mdb_tld-1256,C:\Users\wilsonschutterj\Downloads\GTFS_US\agency_enriched_geojson\stops\California__City_of_Santa_Clarita_Transit__mdb_tld-1256_stops.geojson,C:\Users\wilsonschutterj\Downloads\GTFS_US\agency_enriched_geojson\stops_with_metadata\California__City_of_Santa_Clarita_Transit__mdb_tld-1256_stops.geojson,success,727,
stops,California__City_of_Tracy_(TRACER)__mdb_mdb-3099,C:\Users\wilsonschutterj\Downloads\GTFS_US\agency_enriched_geojson\stops\California__City_of_Tracy_(TRACER)__mdb_mdb-3099_stops.geojson,C:\Users\wilsonschutterj\Downloads\GTFS_US\agency_enriched_geojson\stops_with_metadata\California__City_of_Tracy_(TRACER)__mdb_mdb-3099_stops.geojson,success,276,
stops,California__Clovis_Transit__mdb_mdb-2894,C:\Users\wilsonschutterj\Downloads\GTFS_US\agency_enriched_geojson\stops\California__Clovis_Transit__mdb_mdb-2894_stops.geojson,C:\Users\wilsonschutterj\Downloads\GTFS_US\agency_enriched_geojson\stops_with_metadata\California__Clovis_Transit__mdb_mdb-2894_stops.geojson,success,253,
stops,California__Commerce_Municipal_Bus_Lines__mdb_mdb-994,C:\Users\wilsonschutterj\Downloads\GTFS_US\agency_enriched_geojson\stops\California__Commerce_Municipal_Bus_Lines__mdb_mdb-994_stops.geojson,C:\Users\wilsonschutterj\Downloads\GTFS_US\agency_enriched_geojson\stops_with_metadata\California__Commerce_Municipal_Bus_Lines__mdb_mdb-994_stops.geojson,success,225,
stops,California__Commute.org_San_Mateo_County_Shuttles__mdb_mdb-61,C:\Users\wilsonschutterj\Downloads\GTFS_US\agency_enriched_geojson\stops\California__Commute.org_San_Mateo_County_Shuttles__mdb_mdb-61_stops.geojson,C:\Users\wilsonschutterj\Downloads\GTFS_US\agency_enriched_geojson\stops_with_metadata\California__Commute.org_San_Mateo_County_Shuttles__mdb_mdb-61_stops.geojson,success,254,
stops,California__Corona_Cruiser__mdb_mdb-104,C:\Users\wilsonschutterj\Downloads\GTFS_US\agency_enriched_geojson\stops\California__Corona_Cruiser__mdb_mdb-104_stops.geojson,C:\Users\wilsonschutterj\Downloads\GTFS_US\agency_enriched_geojson\stops_with_metadata\California__Corona_Cruiser__mdb_mdb-104_stops.geojson,success,182,
stops,California__County_Connection_(CCCTA)__mdb_mdb-2421,C:\Users\wilsonschutterj\Downloads\GTFS_US\agency_enriched_geojson\stops\California__County_Connection_(CCCTA)__mdb_mdb-2421_stops.geojson,C:\Users\wilsonschutterj\Downloads\GTFS_US\agency_enriched_geojson\stops_with_metadata\California__County_Connection_(CCCTA)__mdb_mdb-2421_stops.geojson,success,1222,
stops,California__Dana_Point_Trolley__mdb_mdb-2361,C:\Users\wilsonschutterj\Downloads\GTFS_US\agency_enriched_geojson\stops\California__Dana_Point_Trolley__mdb_mdb-2361_stops.geojson,C:\Users\wilsonschutterj\Downloads\GTFS_US\agency_enriched_geojson\stops_with_metadata\California__Dana_Point_Trolley__mdb_mdb-2361_stops.geojson,success,51,
stops,California__Delano_Area_Rapid_Transit__mdb_mdb-320,C:\Users\wilsonschutterj\Downloads\GTFS_US\agency_enriched_geojson\stops\California__Delano_Area_Rapid_Transit__mdb_mdb-320_stops.geojson,C:\Users\wilsonschutterj\Downloads\GTFS_US\agency_enriched_geojson\stops_with_metadata\California__Delano_Area_Rapid_Transit__mdb_mdb-320_stops.geojson,success,61,
stops,California__Devils_Postpile_National_Monument__mdb_mdb-3206,C:\Users\wilsonschutterj\Downloads\GTFS_US\agency_enriched_geojson\stops\California__Devils_Postpile_National_Monument__mdb_mdb-3206_stops.geojson,C:\Users\wilsonschutterj\Downloads\GTFS_US\agency_enriched_geojson\stops_with_metadata\California__Devils_Postpile_National_Monument__mdb_mdb-3206_stops.geojson,success,156,
stops,California__Eastern_Sierra_Transit__mdb_mdb-25,C:\Users\wilsonschutterj\Downloads\GTFS_US\agency_enriched_geojson\stops\California__Eastern_Sierra_Transit__mdb_mdb-25_stops.geojson,C:\Users\wilsonschutterj\Downloads\GTFS_US\agency_enriched_geojson\stops_with_metadata\California__Eastern_Sierra_Transit__mdb_mdb-25_stops.geojson,success,157,
stops,California__El_Dorado_Transit__mdb_mdb-75,C:\Users\wilsonschutterj\Downloads\GTFS_US\agency_enriched_geojson\stops\California__El_Dorado_Transit__mdb_mdb-75_stops.geojson,C:\Users\wilsonschutterj\Downloads\GTFS_US\agency_enriched_geojson\stops_with_metadata\California__El_Dorado_Transit__mdb_mdb-75_stops.geojson,success,128,
stops,California__Emery_Go-Round__mdb_mdb-2224,C:\Users\wilsonschutterj\Downloads\GTFS_US\agency_enriched_geojson\stops\California__Emery_Go-Round__mdb_mdb-2224_stops.geojson,C:\Users\wilsonschutterj\Downloads\GTFS_US\agency_enriched_geojson\stops_with_metadata\California__Emery_Go-Round__mdb_mdb-2224_stops.geojson,success,41,
stops,California__eTrans__mdb_mdb-65,C:\Users\wilsonschutterj\Downloads\GTFS_US\agency_enriched_geojson\stops\California__eTrans__mdb_mdb-65_stops.geojson,C:\Users\wilsonschutterj\Downloads\GTFS_US\agency_enriched_geojson\stops_with_metadata\California__eTrans__mdb_mdb-65_stops.geojson,success,43,
stops,California__Foothill_Transit__mdb_mdb-101,C:\Users\wilsonschutterj\Downloads\GTFS_US\agency_enriched_geojson\stops\California__Foothill_Transit__mdb_mdb-101_stops.geojson,C:\Users\wilsonschutterj\Downloads\GTFS_US\agency_enriched_geojson\stops_with_metadata\California__Foothill_Transit__mdb_mdb-101_stops.geojson,success,1995,
stops,California__Fresno_Area_Express_(FAX)__mdb_mdb-90,C:\Users\wilsonschutterj\Downloads\GTFS_US\agency_enriched_geojson\stops\California__Fresno_Area_Express_(FAX)__mdb_mdb-90_stops.geojson,C:\Users\wilsonschutterj\Downloads\GTFS_US\agency_enriched_geojson\stops_with_metadata\California__Fresno_Area_Express_(FAX)__mdb_mdb-90_stops.geojson,success,1480,
stops,California__Fresno_County_Rural_Transit_Agency_(FCRTA)__mdb_mdb-85,C:\Users\wilsonschutterj\Downloads\GTFS_US\agency_enriched_geojson\stops\California__Fresno_County_Rural_Transit_Agency_(FCRTA)__mdb_mdb-85_stops.geojson,C:\Users\wilsonschutterj\Downloads\GTFS_US\agency_enriched_geojson\stops_with_metadata\California__Fresno_County_Rural_Transit_Agency_(FCRTA)__mdb_mdb-85_stops.geojson,success,83,
stops,California__Glenn_Transit_Service__mdb_mdb-3094,C:\Users\wilsonschutterj\Downloads\GTFS_US\agency_enriched_geojson\stops\California__Glenn_Transit_Service__mdb_mdb-3094_stops.geojson,C:\Users\wilsonschutterj\Downloads\GTFS_US\agency_enriched_geojson\stops_with_metadata\California__Glenn_Transit_Service__mdb_mdb-3094_stops.geojson,success,62,
stops,California__Golden_Empire_Transit_District_(GET)__mdb_mdb-46,C:\Users\wilsonschutterj\Downloads\GTFS_US\agency_enriched_geojson\stops\California__Golden_Empire_Transit_District_(GET)__mdb_mdb-46_stops.geojson,C:\Users\wilsonschutterj\Downloads\GTFS_US\agency_enriched_geojson\stops_with_metadata\California__Golden_Empire_Transit_District_(GET)__mdb_mdb-46_stops.geojson,success,1055,
stops,California__Golden_Gate_National_Recreation_Area_(Alcatraz_Island)__mdb_mdb-3208,C:\Users\wilsonschutterj\Downloads\GTFS_US\agency_enriched_geojson\stops\California__Golden_Gate_National_Recreation_Area_(Alcatraz_Island)__mdb_mdb-3208_stops.geojson,C:\Users\wilsonschutterj\Downloads\GTFS_US\agency_enriched_geojson\stops_with_metadata\California__Golden_Gate_National_Recreation_Area_(Alcatraz_Island)__mdb_mdb-3208_stops.geojson,success,2,
stops,California__Golden_Gate_Transit__mdb_mdb-67,C:\Users\wilsonschutterj\Downloads\GTFS_US\agency_enriched_geojson\stops\California__Golden_Gate_Transit__mdb_mdb-67_stops.geojson,C:\Users\wilsonschutterj\Downloads\GTFS_US\agency_enriched_geojson\stops_with_metadata\California__Golden_Gate_Transit__mdb_mdb-67_stops.geojson,success,349,
stops,California__GrapeLine__mdb_mdb-83,C:\Users\wilsonschutterj\Downloads\GTFS_US\agency_enriched_geojson\stops\California__GrapeLine__mdb_mdb-83_stops.geojson,C:\Users\wilsonschutterj\Downloads\GTFS_US\agency_enriched_geojson\stops_with_metadata\California__GrapeLine__mdb_mdb-83_stops.geojson,success,194,
stops,California__GTrans__mdb_mdb-2270,C:\Users\wilsonschutterj\Downloads\GTFS_US\agency_enriched_geojson\stops\California__GTrans__mdb_mdb-2270_stops.geojson,C:\Users\wilsonschutterj\Downloads\GTFS_US\agency_enriched_geojson\stops_with_metadata\California__GTrans__mdb_mdb-2270_stops.geojson,success,453,
stops,California__Humboldt_Transit_Authority__mdb_mdb-3032,C:\Users\wilsonschutterj\Downloads\GTFS_US\agency_enriched_geojson\stops\California__Humboldt_Transit_Authority__mdb_mdb-3032_stops.geojson,C:\Users\wilsonschutterj\Downloads\GTFS_US\agency_enriched_geojson\stops_with_metadata\California__Humboldt_Transit_Authority__mdb_mdb-3032_stops.geojson,success,342,
stops,California__Kern_Transit__mdb_mdb-47,C:\Users\wilsonschutterj\Downloads\GTFS_US\agency_enriched_geojson\stops\California__Kern_Transit__mdb_mdb-47_stops.geojson,C:\Users\wilsonschutterj\Downloads\GTFS_US\agency_enriched_geojson\stops_with_metadata\California__Kern_Transit__mdb_mdb-47_stops.geojson,success,270,
stops,California__Kings_Area_Rural_Transit__mdb_mdb-2204,C:\Users\wilsonschutterj\Downloads\GTFS_US\agency_enriched_geojson\stops\California__Kings_Area_Rural_Transit__mdb_mdb-2204_stops.geojson,C:\Users\wilsonschutterj\Downloads\GTFS_US\agency_enriched_geojson\stops_with_metadata\California__Kings_Area_Rural_Transit__mdb_mdb-2204_stops.geojson,success,239,
stops,California__Laguna_Beach_Transit_(LBT)__mdb_mdb-16,C:\Users\wilsonschutterj\Downloads\GTFS_US\agency_enriched_geojson\stops\California__Laguna_Beach_Transit_(LBT)__mdb_mdb-16_stops.geojson,C:\Users\wilsonschutterj\Downloads\GTFS_US\agency_enriched_geojson\stops_with_metadata\California__Laguna_Beach_Transit_(LBT)__mdb_mdb-16_stops.geojson,success,74,
stops,California__Lake_Transit_Authority_(LTA)__mdb_mdb-68,C:\Users\wilsonschutterj\Downloads\GTFS_US\agency_enriched_geojson\stops\California__Lake_Transit_Authority_(LTA)__mdb_mdb-68_stops.geojson,C:\Users\wilsonschutterj\Downloads\GTFS_US\agency_enriched_geojson\stops_with_metadata\California__Lake_Transit_Authority_(LTA)__mdb_mdb-68_stops.geojson,success,297,
stops,California__Lassen_Rural_Bus_(LRB)__mdb_mdb-118,C:\Users\wilsonschutterj\Downloads\GTFS_US\agency_enriched_geojson\stops\California__Lassen_Rural_Bus_(LRB)__mdb_mdb-118_stops.geojson,C:\Users\wilsonschutterj\Downloads\GTFS_US\agency_enriched_geojson\stops_with_metadata\California__Lassen_Rural_Bus_(LRB)__mdb_mdb-118_stops.geojson,success,109,
stops,California__Lawndale_Beat__mdb_mdb-36,C:\Users\wilsonschutterj\Downloads\GTFS_US\agency_enriched_geojson\stops\California__Lawndale_Beat__mdb_mdb-36_stops.geojson,C:\Users\wilsonschutterj\Downloads\GTFS_US\agency_enriched_geojson\stops_with_metadata\California__Lawndale_Beat__mdb_mdb-36_stops.geojson,success,44,
stops,California__Long_Beach_Transit_(LBT)__mdb_mdb-1198,C:\Users\wilsonschutterj\Downloads\GTFS_US\agency_enriched_geojson\stops\California__Long_Beach_Transit_(LBT)__mdb_mdb-1198_stops.geojson,C:\Users\wilsonschutterj\Downloads\GTFS_US\agency_enriched_geojson\stops_with_metadata\California__Long_Beach_Transit_(LBT)__mdb_mdb-1198_stops.geojson,success,1873,
stops,California__Los_Angeles_County_Department_of_Public_Works_(the_LINK_and_shuttles)__mdb_mdb-28,C:\Users\wilsonschutterj\Downloads\GTFS_US\agency_enriched_geojson\stops\California__Los_Angeles_County_Department_of_Public_Works_(the_LINK_and_shuttles)__mdb_mdb-28_stops.geojson,C:\Users\wilsonschutterj\Downloads\GTFS_US\agency_enriched_geojson\stops_with_metadata\California__Los_Angeles_County_Department_of_Public_Works_(the_LINK_and_shuttles)__mdb_mdb-28_stops.geojson,success,921,
stops,California__Los_Angeles_County_Metropolitan_Transportation_Authority_(LA_Metro)__mdb_mdb-29,C:\Users\wilsonschutterj\Downloads\GTFS_US\agency_enriched_geojson\stops\California__Los_Angeles_County_Metropolitan_Transportation_Authority_(LA_Metro)__mdb_mdb-29_stops.geojson,C:\Users\wilsonschutterj\Downloads\GTFS_US\agency_enriched_geojson\stops_with_metadata\California__Los_Angeles_County_Metropolitan_Transportation_Authority_(LA_Metro)__mdb_mdb-29_stops.geojson,success,11892,
stops,California__Los_Angeles_County_Metropolitan_Transportation_Authority_(LA_Metro)__mdb_mdb-30,C:\Users\wilsonschutterj\Downloads\GTFS_US\agency_enriched_geojson\stops\California__Los_Angeles_County_Metropolitan_Transportation_Authority_(LA_Metro)__mdb_mdb-30_stops.geojson,C:\Users\wilsonschutterj\Downloads\GTFS_US\agency_enriched_geojson\stops_with_metadata\California__Los_Angeles_County_Metropolitan_Transportation_Authority_(LA_Metro)__mdb_mdb-30_stops.geojson,success,463,
stops,California__Los_Angeles_County_Shuttles__mdb_tld-1253,C:\Users\wilsonschutterj\Downloads\GTFS_US\agency_enriched_geojson\stops\California__Los_Angeles_County_Shuttles__mdb_tld-1253_stops.geojson,C:\Users\wilsonschutterj\Downloads\GTFS_US\agency_enriched_geojson\stops_with_metadata\California__Los_Angeles_County_Shuttles__mdb_tld-1253_stops.geojson,success,486,
stops,"California__Los_Angeles_Department_of_Transportation_(LADOT,_DASH,_Commuter_Express)__mdb_mdb-1210","C:\Users\wilsonschutterj\Downloads\GTFS_US\agency_enriched_geojson\stops\California__Los_Angeles_Department_of_Transportation_(LADOT,_DASH,_Commuter_Express)__mdb_mdb-1210_stops.geojson","C:\Users\wilsonschutterj\Downloads\GTFS_US\agency_enriched_geojson\stops_with_metadata\California__Los_Angeles_Department_of_Transportation_(LADOT,_DASH,_Commuter_Express)__mdb_mdb-1210_stops.geojson",success,2789,
stops,California__Madera_County_Transit__mdb_mdb-572,C:\Users\wilsonschutterj\Downloads\GTFS_US\agency_enriched_geojson\stops\California__Madera_County_Transit__mdb_mdb-572_stops.geojson,C:\Users\wilsonschutterj\Downloads\GTFS_US\agency_enriched_geojson\stops_with_metadata\California__Madera_County_Transit__mdb_mdb-572_stops.geojson,success,35,
stops,California__Marin_Transit__mdb_mdb-2937,C:\Users\wilsonschutterj\Downloads\GTFS_US\agency_enriched_geojson\stops\California__Marin_Transit__mdb_mdb-2937_stops.geojson,C:\Users\wilsonschutterj\Downloads\GTFS_US\agency_enriched_geojson\stops_with_metadata\California__Marin_Transit__mdb_mdb-2937_stops.geojson,success,545,
stops,California__Mendocino_Transit_Authority__mdb_mdb-69,C:\Users\wilsonschutterj\Downloads\GTFS_US\agency_enriched_geojson\stops\California__Mendocino_Transit_Authority__mdb_mdb-69_stops.geojson,C:\Users\wilsonschutterj\Downloads\GTFS_US\agency_enriched_geojson\stops_with_metadata\California__Mendocino_Transit_Authority__mdb_mdb-69_stops.geojson,success,246,
stops,California__Merced_County_Transit_(The_Bus)__mdb_mdb-3117,C:\Users\wilsonschutterj\Downloads\GTFS_US\agency_enriched_geojson\stops\California__Merced_County_Transit_(The_Bus)__mdb_mdb-3117_stops.geojson,C:\Users\wilsonschutterj\Downloads\GTFS_US\agency_enriched_geojson\stops_with_metadata\California__Merced_County_Transit_(The_Bus)__mdb_mdb-3117_stops.geojson,success,363,
stops,California__Mission_Bay_Transportation_Management_Association_(TMA)__mdb_mdb-51,C:\Users\wilsonschutterj\Downloads\GTFS_US\agency_enriched_geojson\stops\California__Mission_Bay_Transportation_Management_Association_(TMA)__mdb_mdb-51_stops.geojson,C:\Users\wilsonschutterj\Downloads\GTFS_US\agency_enriched_geojson\stops_with_metadata\California__Mission_Bay_Transportation_Management_Association_(TMA)__mdb_mdb-51_stops.geojson,success,22,
stops,California__Mission_Viejo__mdb_tld-7930,C:\Users\wilsonschutterj\Downloads\GTFS_US\agency_enriched_geojson\stops\California__Mission_Viejo__mdb_tld-7930_stops.geojson,C:\Users\wilsonschutterj\Downloads\GTFS_US\agency_enriched_geojson\stops_with_metadata\California__Mission_Viejo__mdb_tld-7930_stops.geojson,success,68,
stops,California__Montebello_Bus_Lines__mdb_mdb-2201,C:\Users\wilsonschutterj\Downloads\GTFS_US\agency_enriched_geojson\stops\California__Montebello_Bus_Lines__mdb_mdb-2201_stops.geojson,C:\Users\wilsonschutterj\Downloads\GTFS_US\agency_enriched_geojson\stops_with_metadata\California__Montebello_Bus_Lines__mdb_mdb-2201_stops.geojson,success,819,
stops,California__Monterey-Salinas_Transit_(MST)__mdb_mdb-56,C:\Users\wilsonschutterj\Downloads\GTFS_US\agency_enriched_geojson\stops\California__Monterey-Salinas_Transit_(MST)__mdb_mdb-56_stops.geojson,C:\Users\wilsonschutterj\Downloads\GTFS_US\agency_enriched_geojson\stops_with_metadata\California__Monterey-Salinas_Transit_(MST)__mdb_mdb-56_stops.geojson,success,974,
stops,California__Moorpark_City_Transit__mdb_mdb-578,C:\Users\wilsonschutterj\Downloads\GTFS_US\agency_enriched_geojson\stops\California__Moorpark_City_Transit__mdb_mdb-578_stops.geojson,C:\Users\wilsonschutterj\Downloads\GTFS_US\agency_enriched_geojson\stops_with_metadata\California__Moorpark_City_Transit__mdb_mdb-578_stops.geojson,success,54,
stops,California__Morongo_Basin_Transit_Authority__mdb_mdb-579,C:\Users\wilsonschutterj\Downloads\GTFS_US\agency_enriched_geojson\stops\California__Morongo_Basin_Transit_Authority__mdb_mdb-579_stops.geojson,C:\Users\wilsonschutterj\Downloads\GTFS_US\agency_enriched_geojson\stops_with_metadata\California__Morongo_Basin_Transit_Authority__mdb_mdb-579_stops.geojson,success,218,
stops,California__Mountain_Transit__mdb_mdb-107,C:\Users\wilsonschutterj\Downloads\GTFS_US\agency_enriched_geojson\stops\California__Mountain_Transit__mdb_mdb-107_stops.geojson,C:\Users\wilsonschutterj\Downloads\GTFS_US\agency_enriched_geojson\stops_with_metadata\California__Mountain_Transit__mdb_mdb-107_stops.geojson,success,203,
stops,California__Mountain_View_Community_Shuttle__mdb_mdb-2883,C:\Users\wilsonschutterj\Downloads\GTFS_US\agency_enriched_geojson\stops\California__Mountain_View_Community_Shuttle__mdb_mdb-2883_stops.geojson,C:\Users\wilsonschutterj\Downloads\GTFS_US\agency_enriched_geojson\stops_with_metadata\California__Mountain_View_Community_Shuttle__mdb_mdb-2883_stops.geojson,success,58,
stops,California__Mountain_View_Transportation_Management_Association_(MVgo)__mdb_mdb-2880,C:\Users\wilsonschutterj\Downloads\GTFS_US\agency_enriched_geojson\stops\California__Mountain_View_Transportation_Management_Association_(MVgo)__mdb_mdb-2880_stops.geojson,C:\Users\wilsonschutterj\Downloads\GTFS_US\agency_enriched_geojson\stops_with_metadata\California__Mountain_View_Transportation_Management_Association_(MVgo)__mdb_mdb-2880_stops.geojson,success,35,
stops,California__Needles_Area_Transit__mdb_mdb-583,C:\Users\wilsonschutterj\Downloads\GTFS_US\agency_enriched_geojson\stops\California__Needles_Area_Transit__mdb_mdb-583_stops.geojson,C:\Users\wilsonschutterj\Downloads\GTFS_US\agency_enriched_geojson\stops_with_metadata\California__Needles_Area_Transit__mdb_mdb-583_stops.geojson,success,33,
stops,California__North_Lake_Tahoe_Express__mdb_mdb-2328,C:\Users\wilsonschutterj\Downloads\GTFS_US\agency_enriched_geojson\stops\California__North_Lake_Tahoe_Express__mdb_mdb-2328_stops.geojson,C:\Users\wilsonschutterj\Downloads\GTFS_US\agency_enriched_geojson\stops_with_metadata\California__North_Lake_Tahoe_Express__mdb_mdb-2328_stops.geojson,success,49,
stops,California__Norwalk_Transit_System__mdb_tld-881,C:\Users\wilsonschutterj\Downloads\GTFS_US\agency_enriched_geojson\stops\California__Norwalk_Transit_System__mdb_tld-881_stops.geojson,C:\Users\wilsonschutterj\Downloads\GTFS_US\agency_enriched_geojson\stops_with_metadata\California__Norwalk_Transit_System__mdb_tld-881_stops.geojson,success,442,
stops,California__OmniTrans__mdb_mdb-97,C:\Users\wilsonschutterj\Downloads\GTFS_US\agency_enriched_geojson\stops\California__OmniTrans__mdb_mdb-97_stops.geojson,C:\Users\wilsonschutterj\Downloads\GTFS_US\agency_enriched_geojson\stops_with_metadata\California__OmniTrans__mdb_mdb-97_stops.geojson,success,2282,
stops,California__Orange_County_Transportation_Authority_(OCTA)__mdb_mdb-15,C:\Users\wilsonschutterj\Downloads\GTFS_US\agency_enriched_geojson\stops\California__Orange_County_Transportation_Authority_(OCTA)__mdb_mdb-15_stops.geojson,C:\Users\wilsonschutterj\Downloads\GTFS_US\agency_enriched_geojson\stops_with_metadata\California__Orange_County_Transportation_Authority_(OCTA)__mdb_mdb-15_stops.geojson,success,5269,
stops,California__Palo_Verde_Valley_Transit_Agency__mdb_mdb-2190,C:\Users\wilsonschutterj\Downloads\GTFS_US\agency_enriched_geojson\stops\California__Palo_Verde_Valley_Transit_Agency__mdb_mdb-2190_stops.geojson,C:\Users\wilsonschutterj\Downloads\GTFS_US\agency_enriched_geojson\stops_with_metadata\California__Palo_Verde_Valley_Transit_Agency__mdb_mdb-2190_stops.geojson,success,206,
stops,California__Palos_Verdes_Peninsula_Transit_Authority_(PVPTA)__mdb_mdb-35,C:\Users\wilsonschutterj\Downloads\GTFS_US\agency_enriched_geojson\stops\California__Palos_Verdes_Peninsula_Transit_Authority_(PVPTA)__mdb_mdb-35_stops.geojson,C:\Users\wilsonschutterj\Downloads\GTFS_US\agency_enriched_geojson\stops_with_metadata\California__Palos_Verdes_Peninsula_Transit_Authority_(PVPTA)__mdb_mdb-35_stops.geojson,success,192,
stops,California__Pasadena_Transit__mdb_mdb-41,C:\Users\wilsonschutterj\Downloads\GTFS_US\agency_enriched_geojson\stops\California__Pasadena_Transit__mdb_mdb-41_stops.geojson,C:\Users\wilsonschutterj\Downloads\GTFS_US\agency_enriched_geojson\stops_with_metadata\California__Pasadena_Transit__mdb_mdb-41_stops.geojson,success,444,
stops,California__Petaluma_Transit__mdb_mdb-2947,C:\Users\wilsonschutterj\Downloads\GTFS_US\agency_enriched_geojson\stops\California__Petaluma_Transit__mdb_mdb-2947_stops.geojson,C:\Users\wilsonschutterj\Downloads\GTFS_US\agency_enriched_geojson\stops_with_metadata\California__Petaluma_Transit__mdb_mdb-2947_stops.geojson,success,152,
stops,California__Placer_County_Transit__mdb_mdb-77,C:\Users\wilsonschutterj\Downloads\GTFS_US\agency_enriched_geojson\stops\California__Placer_County_Transit__mdb_mdb-77_stops.geojson,C:\Users\wilsonschutterj\Downloads\GTFS_US\agency_enriched_geojson\stops_with_metadata\California__Placer_County_Transit__mdb_mdb-77_stops.geojson,success,151,
stops,California__Plumas_Transit__mdb_mdb-119,C:\Users\wilsonschutterj\Downloads\GTFS_US\agency_enriched_geojson\stops\California__Plumas_Transit__mdb_mdb-119_stops.geojson,C:\Users\wilsonschutterj\Downloads\GTFS_US\agency_enriched_geojson\stops_with_metadata\California__Plumas_Transit__mdb_mdb-119_stops.geojson,success,78,
stops,California__Redding_Area_Bus_Authority__mdb_mdb-3031,C:\Users\wilsonschutterj\Downloads\GTFS_US\agency_enriched_geojson\stops\California__Redding_Area_Bus_Authority__mdb_mdb-3031_stops.geojson,C:\Users\wilsonschutterj\Downloads\GTFS_US\agency_enriched_geojson\stops_with_metadata\California__Redding_Area_Bus_Authority__mdb_mdb-3031_stops.geojson,success,310,
stops,California__Riverside_Transit_Agency__mdb_mdb-98,C:\Users\wilsonschutterj\Downloads\GTFS_US\agency_enriched_geojson\stops\California__Riverside_Transit_Agency__mdb_mdb-98_stops.geojson,C:\Users\wilsonschutterj\Downloads\GTFS_US\agency_enriched_geojson\stops_with_metadata\California__Riverside_Transit_Agency__mdb_mdb-98_stops.geojson,success,2334,
stops,California__Rosemead_Explorer__mdb_mdb-3098,C:\Users\wilsonschutterj\Downloads\GTFS_US\agency_enriched_geojson\stops\California__Rosemead_Explorer__mdb_mdb-3098_stops.geojson,C:\Users\wilsonschutterj\Downloads\GTFS_US\agency_enriched_geojson\stops_with_metadata\California__Rosemead_Explorer__mdb_mdb-3098_stops.geojson,success,80,
stops,California__Roseville_Transit__mdb_mdb-1067,C:\Users\wilsonschutterj\Downloads\GTFS_US\agency_enriched_geojson\stops\California__Roseville_Transit__mdb_mdb-1067_stops.geojson,C:\Users\wilsonschutterj\Downloads\GTFS_US\agency_enriched_geojson\stops_with_metadata\California__Roseville_Transit__mdb_mdb-1067_stops.geojson,success,193,
stops,California__SamTrans__mdb_mdb-2708,C:\Users\wilsonschutterj\Downloads\GTFS_US\agency_enriched_geojson\stops\California__SamTrans__mdb_mdb-2708_stops.geojson,C:\Users\wilsonschutterj\Downloads\GTFS_US\agency_enriched_geojson\stops_with_metadata\California__SamTrans__mdb_mdb-2708_stops.geojson,success,1852,
stops,California__San_Benito_County_Express_(SBCE)__mdb_mdb-58,C:\Users\wilsonschutterj\Downloads\GTFS_US\agency_enriched_geojson\stops\California__San_Benito_County_Express_(SBCE)__mdb_mdb-58_stops.geojson,C:\Users\wilsonschutterj\Downloads\GTFS_US\agency_enriched_geojson\stops_with_metadata\California__San_Benito_County_Express_(SBCE)__mdb_mdb-58_stops.geojson,success,116,
stops,California__San_Clemente_Trolley__mdb_mdb-2362,C:\Users\wilsonschutterj\Downloads\GTFS_US\agency_enriched_geojson\stops\California__San_Clemente_Trolley__mdb_mdb-2362_stops.geojson,C:\Users\wilsonschutterj\Downloads\GTFS_US\agency_enriched_geojson\stops_with_metadata\California__San_Clemente_Trolley__mdb_mdb-2362_stops.geojson,success,37,
stops,"California__San_Diego_International_Airport,_Metropolitan_Transit_System_(MTS)__mdb_mdb-13","C:\Users\wilsonschutterj\Downloads\GTFS_US\agency_enriched_geojson\stops\California__San_Diego_International_Airport,_Metropolitan_Transit_System_(MTS)__mdb_mdb-13_stops.geojson","C:\Users\wilsonschutterj\Downloads\GTFS_US\agency_enriched_geojson\stops_with_metadata\California__San_Diego_International_Airport,_Metropolitan_Transit_System_(MTS)__mdb_mdb-13_stops.geojson",success,4372,
stops,California__San_Francisco_Bay_Area_Water_Emergency_Transportation_Authority_(WETA)__mdb_mdb-3143,C:\Users\wilsonschutterj\Downloads\GTFS_US\agency_enriched_geojson\stops\California__San_Francisco_Bay_Area_Water_Emergency_Transportation_Authority_(WETA)__mdb_mdb-3143_stops.geojson,C:\Users\wilsonschutterj\Downloads\GTFS_US\agency_enriched_geojson\stops_with_metadata\California__San_Francisco_Bay_Area_Water_Emergency_Transportation_Authority_(WETA)__mdb_mdb-3143_stops.geojson,success,23,
stops,California__San_Joaquin_Regional_Transit_District_(RTD)__mdb_mdb-886,C:\Users\wilsonschutterj\Downloads\GTFS_US\agency_enriched_geojson\stops\California__San_Joaquin_Regional_Transit_District_(RTD)__mdb_mdb-886_stops.geojson,C:\Users\wilsonschutterj\Downloads\GTFS_US\agency_enriched_geojson\stops_with_metadata\California__San_Joaquin_Regional_Transit_District_(RTD)__mdb_mdb-886_stops.geojson,success,898,
stops,California__San_Juan_Capistrano_Free_Weekend_Trolley__mdb_mdb-2235,C:\Users\wilsonschutterj\Downloads\GTFS_US\agency_enriched_geojson\stops\California__San_Juan_Capistrano_Free_Weekend_Trolley__mdb_mdb-2235_stops.geojson,C:\Users\wilsonschutterj\Downloads\GTFS_US\agency_enriched_geojson\stops_with_metadata\California__San_Juan_Capistrano_Free_Weekend_Trolley__mdb_mdb-2235_stops.geojson,success,19,
stops,California__San_Luis_Obispo_Regional_Transit_Authority_(SLORTA)__mdb_mdb-43,C:\Users\wilsonschutterj\Downloads\GTFS_US\agency_enriched_geojson\stops\California__San_Luis_Obispo_Regional_Transit_Authority_(SLORTA)__mdb_mdb-43_stops.geojson,C:\Users\wilsonschutterj\Downloads\GTFS_US\agency_enriched_geojson\stops_with_metadata\California__San_Luis_Obispo_Regional_Transit_Authority_(SLORTA)__mdb_mdb-43_stops.geojson,success,340,
stops,California__Santa_Barbara_Metropolitan_Transit_District_(MTD)__mdb_mdb-1246,C:\Users\wilsonschutterj\Downloads\GTFS_US\agency_enriched_geojson\stops\California__Santa_Barbara_Metropolitan_Transit_District_(MTD)__mdb_mdb-1246_stops.geojson,C:\Users\wilsonschutterj\Downloads\GTFS_US\agency_enriched_geojson\stops_with_metadata\California__Santa_Barbara_Metropolitan_Transit_District_(MTD)__mdb_mdb-1246_stops.geojson,success,631,
stops,California__Santa_Clara_Valley_Transportation_Authority_(VTA)__mdb_mdb-57,C:\Users\wilsonschutterj\Downloads\GTFS_US\agency_enriched_geojson\stops\California__Santa_Clara_Valley_Transportation_Authority_(VTA)__mdb_mdb-57_stops.geojson,C:\Users\wilsonschutterj\Downloads\GTFS_US\agency_enriched_geojson\stops_with_metadata\California__Santa_Clara_Valley_Transportation_Authority_(VTA)__mdb_mdb-57_stops.geojson,success,3348,
stops,California__Santa_Clarita_Transit__mdb_mdb-812,C:\Users\wilsonschutterj\Downloads\GTFS_US\agency_enriched_geojson\stops\California__Santa_Clarita_Transit__mdb_mdb-812_stops.geojson,C:\Users\wilsonschutterj\Downloads\GTFS_US\agency_enriched_geojson\stops_with_metadata\California__Santa_Clarita_Transit__mdb_mdb-812_stops.geojson,success,364,
stops,California__Santa_Cruz_Metro_(SCMTD)__mdb_mdb-2425,C:\Users\wilsonschutterj\Downloads\GTFS_US\agency_enriched_geojson\stops\California__Santa_Cruz_Metro_(SCMTD)__mdb_mdb-2425_stops.geojson,C:\Users\wilsonschutterj\Downloads\GTFS_US\agency_enriched_geojson\stops_with_metadata\California__Santa_Cruz_Metro_(SCMTD)__mdb_mdb-2425_stops.geojson,success,759,
stops,California__Santa_Maria_Area_Transit__mdb_mdb-2272,C:\Users\wilsonschutterj\Downloads\GTFS_US\agency_enriched_geojson\stops\California__Santa_Maria_Area_Transit__mdb_mdb-2272_stops.geojson,C:\Users\wilsonschutterj\Downloads\GTFS_US\agency_enriched_geojson\stops_with_metadata\California__Santa_Maria_Area_Transit__mdb_mdb-2272_stops.geojson,success,290,
stops,California__Santa_Rosa_CityBus__mdb_mdb-2948,C:\Users\wilsonschutterj\Downloads\GTFS_US\agency_enriched_geojson\stops\California__Santa_Rosa_CityBus__mdb_mdb-2948_stops.geojson,C:\Users\wilsonschutterj\Downloads\GTFS_US\agency_enriched_geojson\stops_with_metadata\California__Santa_Rosa_CityBus__mdb_mdb-2948_stops.geojson,success,403,
stops,California__Santa_Ynez_Valley_Transit__mdb_mdb-813,C:\Users\wilsonschutterj\Downloads\GTFS_US\agency_enriched_geojson\stops\California__Santa_Ynez_Valley_Transit__mdb_mdb-813_stops.geojson,C:\Users\wilsonschutterj\Downloads\GTFS_US\agency_enriched_geojson\stops_with_metadata\California__Santa_Ynez_Valley_Transit__mdb_mdb-813_stops.geojson,success,35,
stops,California__Santa_Ynez_Valley_Transit__mdb_tld-1301,C:\Users\wilsonschutterj\Downloads\GTFS_US\agency_enriched_geojson\stops\California__Santa_Ynez_Valley_Transit__mdb_tld-1301_stops.geojson,C:\Users\wilsonschutterj\Downloads\GTFS_US\agency_enriched_geojson\stops_with_metadata\California__Santa_Ynez_Valley_Transit__mdb_tld-1301_stops.geojson,success,35,
stops,California__Simi_Valley_Transit__mdb_mdb-40,C:\Users\wilsonschutterj\Downloads\GTFS_US\agency_enriched_geojson\stops\California__Simi_Valley_Transit__mdb_mdb-40_stops.geojson,C:\Users\wilsonschutterj\Downloads\GTFS_US\agency_enriched_geojson\stops_with_metadata\California__Simi_Valley_Transit__mdb_mdb-40_stops.geojson,success,204,
stops,California__Siskiyou_County__mdb_mdb-117,C:\Users\wilsonschutterj\Downloads\GTFS_US\agency_enriched_geojson\stops\California__Siskiyou_County__mdb_mdb-117_stops.geojson,C:\Users\wilsonschutterj\Downloads\GTFS_US\agency_enriched_geojson\stops_with_metadata\California__Siskiyou_County__mdb_mdb-117_stops.geojson,success,152,
stops,California__SolTrans__mdb_mdb-80,C:\Users\wilsonschutterj\Downloads\GTFS_US\agency_enriched_geojson\stops\California__SolTrans__mdb_mdb-80_stops.geojson,C:\Users\wilsonschutterj\Downloads\GTFS_US\agency_enriched_geojson\stops_with_metadata\California__SolTrans__mdb_mdb-80_stops.geojson,success,309,
stops,California__Sonoma_County_Transit_(SCT)__mdb_mdb-70,C:\Users\wilsonschutterj\Downloads\GTFS_US\agency_enriched_geojson\stops\California__Sonoma_County_Transit_(SCT)__mdb_mdb-70_stops.geojson,C:\Users\wilsonschutterj\Downloads\GTFS_US\agency_enriched_geojson\stops_with_metadata\California__Sonoma_County_Transit_(SCT)__mdb_mdb-70_stops.geojson,success,1117,
stops,California__Sonoma_Marin_Area_Rail_Transit_(SMART)__mdb_mdb-3222,C:\Users\wilsonschutterj\Downloads\GTFS_US\agency_enriched_geojson\stops\California__Sonoma_Marin_Area_Rail_Transit_(SMART)__mdb_mdb-3222_stops.geojson,C:\Users\wilsonschutterj\Downloads\GTFS_US\agency_enriched_geojson\stops_with_metadata\California__Sonoma_Marin_Area_Rail_Transit_(SMART)__mdb_mdb-3222_stops.geojson,success,42,
stops,California__Spirit_Bus__mdb_mdb-2202,C:\Users\wilsonschutterj\Downloads\GTFS_US\agency_enriched_geojson\stops\California__Spirit_Bus__mdb_mdb-2202_stops.geojson,C:\Users\wilsonschutterj\Downloads\GTFS_US\agency_enriched_geojson\stops_with_metadata\California__Spirit_Bus__mdb_mdb-2202_stops.geojson,success,214,
stops,California__Stanford_Marguerite_Shuttle_(SMS)__mdb_mdb-59,C:\Users\wilsonschutterj\Downloads\GTFS_US\agency_enriched_geojson\stops\California__Stanford_Marguerite_Shuttle_(SMS)__mdb_mdb-59_stops.geojson,C:\Users\wilsonschutterj\Downloads\GTFS_US\agency_enriched_geojson\stops_with_metadata\California__Stanford_Marguerite_Shuttle_(SMS)__mdb_mdb-59_stops.geojson,success,186,
stops,California__Stanislaus_Regional_Transit_(StaRT)__mdb_mdb-2273,C:\Users\wilsonschutterj\Downloads\GTFS_US\agency_enriched_geojson\stops\California__Stanislaus_Regional_Transit_(StaRT)__mdb_mdb-2273_stops.geojson,C:\Users\wilsonschutterj\Downloads\GTFS_US\agency_enriched_geojson\stops_with_metadata\California__Stanislaus_Regional_Transit_(StaRT)__mdb_mdb-2273_stops.geojson,success,901,
stops,California__SunLine_Transit_Agency__mdb_tld-461,C:\Users\wilsonschutterj\Downloads\GTFS_US\agency_enriched_geojson\stops\California__SunLine_Transit_Agency__mdb_tld-461_stops.geojson,C:\Users\wilsonschutterj\Downloads\GTFS_US\agency_enriched_geojson\stops_with_metadata\California__SunLine_Transit_Agency__mdb_tld-461_stops.geojson,success,575,
stops,California__Taft_Area_Transit__mdb_mdb-2236,C:\Users\wilsonschutterj\Downloads\GTFS_US\agency_enriched_geojson\stops\California__Taft_Area_Transit__mdb_mdb-2236_stops.geojson,C:\Users\wilsonschutterj\Downloads\GTFS_US\agency_enriched_geojson\stops_with_metadata\California__Taft_Area_Transit__mdb_mdb-2236_stops.geojson,success,13,
stops,"California__Tahoe_Area_Regional_Transit_(TART),_North_Lake_Tahoe_Express__mdb_mdb-94","C:\Users\wilsonschutterj\Downloads\GTFS_US\agency_enriched_geojson\stops\California__Tahoe_Area_Regional_Transit_(TART),_North_Lake_Tahoe_Express__mdb_mdb-94_stops.geojson","C:\Users\wilsonschutterj\Downloads\GTFS_US\agency_enriched_geojson\stops_with_metadata\California__Tahoe_Area_Regional_Transit_(TART),_North_Lake_Tahoe_Express__mdb_mdb-94_stops.geojson",success,235,
stops,California__Tahoe_Transportation_District__mdb_mdb-897,C:\Users\wilsonschutterj\Downloads\GTFS_US\agency_enriched_geojson\stops\California__Tahoe_Transportation_District__mdb_mdb-897_stops.geojson,C:\Users\wilsonschutterj\Downloads\GTFS_US\agency_enriched_geojson\stops_with_metadata\California__Tahoe_Transportation_District__mdb_mdb-897_stops.geojson,success,127,
stops,California__Thousand_Oaks_Transit__mdb_mdb-3100,C:\Users\wilsonschutterj\Downloads\GTFS_US\agency_enriched_geojson\stops\California__Thousand_Oaks_Transit__mdb_mdb-3100_stops.geojson,C:\Users\wilsonschutterj\Downloads\GTFS_US\agency_enriched_geojson\stops_with_metadata\California__Thousand_Oaks_Transit__mdb_mdb-3100_stops.geojson,success,155,
stops,California__Tri_Delta_Transit__mdb_mdb-1974,C:\Users\wilsonschutterj\Downloads\GTFS_US\agency_enriched_geojson\stops\California__Tri_Delta_Transit__mdb_mdb-1974_stops.geojson,C:\Users\wilsonschutterj\Downloads\GTFS_US\agency_enriched_geojson\stops_with_metadata\California__Tri_Delta_Transit__mdb_mdb-1974_stops.geojson,success,408,
stops,California__Tri_Delta_Transit__mdb_ntd-90162,C:\Users\wilsonschutterj\Downloads\GTFS_US\agency_enriched_geojson\stops\California__Tri_Delta_Transit__mdb_ntd-90162_stops.geojson,C:\Users\wilsonschutterj\Downloads\GTFS_US\agency_enriched_geojson\stops_with_metadata\California__Tri_Delta_Transit__mdb_ntd-90162_stops.geojson,success,439,
stops,California__Trinity_Transit__mdb_mdb-2709,C:\Users\wilsonschutterj\Downloads\GTFS_US\agency_enriched_geojson\stops\California__Trinity_Transit__mdb_mdb-2709_stops.geojson,C:\Users\wilsonschutterj\Downloads\GTFS_US\agency_enriched_geojson\stops_with_metadata\California__Trinity_Transit__mdb_mdb-2709_stops.geojson,success,73,
stops,California__Tulare_County_Area_Transit_(TCAT)__mdb_mdb-646,C:\Users\wilsonschutterj\Downloads\GTFS_US\agency_enriched_geojson\stops\California__Tulare_County_Area_Transit_(TCAT)__mdb_mdb-646_stops.geojson,C:\Users\wilsonschutterj\Downloads\GTFS_US\agency_enriched_geojson\stops_with_metadata\California__Tulare_County_Area_Transit_(TCAT)__mdb_mdb-646_stops.geojson,success,375,
stops,California__Turlock_Transit__mdb_mdb-619,C:\Users\wilsonschutterj\Downloads\GTFS_US\agency_enriched_geojson\stops\California__Turlock_Transit__mdb_mdb-619_stops.geojson,C:\Users\wilsonschutterj\Downloads\GTFS_US\agency_enriched_geojson\stops_with_metadata\California__Turlock_Transit__mdb_mdb-619_stops.geojson,success,126,
stops,California__Unitrans__mdb_mdb-82,C:\Users\wilsonschutterj\Downloads\GTFS_US\agency_enriched_geojson\stops\California__Unitrans__mdb_mdb-82_stops.geojson,C:\Users\wilsonschutterj\Downloads\GTFS_US\agency_enriched_geojson\stops_with_metadata\California__Unitrans__mdb_mdb-82_stops.geojson,success,296,
stops,California__Ventura_County_Transportation_Commission__mdb_mdb-3096,C:\Users\wilsonschutterj\Downloads\GTFS_US\agency_enriched_geojson\stops\California__Ventura_County_Transportation_Commission__mdb_mdb-3096_stops.geojson,C:\Users\wilsonschutterj\Downloads\GTFS_US\agency_enriched_geojson\stops_with_metadata\California__Ventura_County_Transportation_Commission__mdb_mdb-3096_stops.geojson,success,100,
stops,California__VINE_Transit__mdb_mdb-1288,C:\Users\wilsonschutterj\Downloads\GTFS_US\agency_enriched_geojson\stops\California__VINE_Transit__mdb_mdb-1288_stops.geojson,C:\Users\wilsonschutterj\Downloads\GTFS_US\agency_enriched_geojson\stops_with_metadata\California__VINE_Transit__mdb_mdb-1288_stops.geojson,success,361,
stops,California__Visalia_Transit__mdb_ntd-90091,C:\Users\wilsonschutterj\Downloads\GTFS_US\agency_enriched_geojson\stops\California__Visalia_Transit__mdb_ntd-90091_stops.geojson,C:\Users\wilsonschutterj\Downloads\GTFS_US\agency_enriched_geojson\stops_with_metadata\California__Visalia_Transit__mdb_ntd-90091_stops.geojson,success,516,
stops,California__West_Berkeley_Shuttle__mdb_mdb-2238,C:\Users\wilsonschutterj\Downloads\GTFS_US\agency_enriched_geojson\stops\California__West_Berkeley_Shuttle__mdb_mdb-2238_stops.geojson,C:\Users\wilsonschutterj\Downloads\GTFS_US\agency_enriched_geojson\stops_with_metadata\California__West_Berkeley_Shuttle__mdb_mdb-2238_stops.geojson,success,11,
stops,California__WestCAT__mdb_mdb-78,C:\Users\wilsonschutterj\Downloads\GTFS_US\agency_enriched_geojson\stops\California__WestCAT__mdb_mdb-78_stops.geojson,C:\Users\wilsonschutterj\Downloads\GTFS_US\agency_enriched_geojson\stops_with_metadata\California__WestCAT__mdb_mdb-78_stops.geojson,success,223,
stops,California__Yosemite_Area_Regional_Transportation_System_(YARTS)__mdb_mdb-2394,C:\Users\wilsonschutterj\Downloads\GTFS_US\agency_enriched_geojson\stops\California__Yosemite_Area_Regional_Transportation_System_(YARTS)__mdb_mdb-2394_stops.geojson,C:\Users\wilsonschutterj\Downloads\GTFS_US\agency_enriched_geojson\stops_with_metadata\California__Yosemite_Area_Regional_Transportation_System_(YARTS)__mdb_mdb-2394_stops.geojson,success,68,
stops,California__Yosemite_National_Park__mdb_tld-6679,C:\Users\wilsonschutterj\Downloads\GTFS_US\agency_enriched_geojson\stops\California__Yosemite_National_Park__mdb_tld-6679_stops.geojson,C:\Users\wilsonschutterj\Downloads\GTFS_US\agency_enriched_geojson\stops_with_metadata\California__Yosemite_National_Park__mdb_tld-6679_stops.geojson,success,2,
stops,California__Yosemite_National_Park__mdb_tld-6681,C:\Users\wilsonschutterj\Downloads\GTFS_US\agency_enriched_geojson\stops\California__Yosemite_National_Park__mdb_tld-6681_stops.geojson,C:\Users\wilsonschutterj\Downloads\GTFS_US\agency_enriched_geojson\stops_with_metadata\California__Yosemite_National_Park__mdb_tld-6681_stops.geojson,success,18,
stops,California__Yuba-Sutter_Transit__mdb_mdb-79,C:\Users\wilsonschutterj\Downloads\GTFS_US\agency_enriched_geojson\stops\California__Yuba-Sutter_Transit__mdb_mdb-79_stops.geojson,C:\Users\wilsonschutterj\Downloads\GTFS_US\agency_enriched_geojson\stops_with_metadata\California__Yuba-Sutter_Transit__mdb_mdb-79_stops.geojson,success,289,
stops,Colorado__All_Points_Transit__mdb_mdb-2039,C:\Users\wilsonschutterj\Downloads\GTFS_US\agency_enriched_geojson\stops\Colorado__All_Points_Transit__mdb_mdb-2039_stops.geojson,C:\Users\wilsonschutterj\Downloads\GTFS_US\agency_enriched_geojson\stops_with_metadata\Colorado__All_Points_Transit__mdb_mdb-2039_stops.geojson,success,134,
stops,Colorado__All_Points_Transit__mdb_mdb-212,C:\Users\wilsonschutterj\Downloads\GTFS_US\agency_enriched_geojson\stops\Colorado__All_Points_Transit__mdb_mdb-212_stops.geojson,C:\Users\wilsonschutterj\Downloads\GTFS_US\agency_enriched_geojson\stops_with_metadata\Colorado__All_Points_Transit__mdb_mdb-212_stops.geojson,success,134,
stops,Colorado__Avon_Transit__mdb_mdb-2433,C:\Users\wilsonschutterj\Downloads\GTFS_US\agency_enriched_geojson\stops\Colorado__Avon_Transit__mdb_mdb-2433_stops.geojson,C:\Users\wilsonschutterj\Downloads\GTFS_US\agency_enriched_geojson\stops_with_metadata\Colorado__Avon_Transit__mdb_mdb-2433_stops.geojson,success,27,
stops,Colorado__Baca_Area_Transportation__mdb_mdb-1087,C:\Users\wilsonschutterj\Downloads\GTFS_US\agency_enriched_geojson\stops\Colorado__Baca_Area_Transportation__mdb_mdb-1087_stops.geojson,C:\Users\wilsonschutterj\Downloads\GTFS_US\agency_enriched_geojson\stops_with_metadata\Colorado__Baca_Area_Transportation__mdb_mdb-1087_stops.geojson,success,1,
stops,Colorado__Blackhawk_and_Central_City_Tramway__mdb_mdb-2041,C:\Users\wilsonschutterj\Downloads\GTFS_US\agency_enriched_geojson\stops\Colorado__Blackhawk_and_Central_City_Tramway__mdb_mdb-2041_stops.geojson,C:\Users\wilsonschutterj\Downloads\GTFS_US\agency_enriched_geojson\stops_with_metadata\Colorado__Blackhawk_and_Central_City_Tramway__mdb_mdb-2041_stops.geojson,success,19,
stops,Colorado__Blackhawk_and_Central_City_Tramway__mdb_mdb-234,C:\Users\wilsonschutterj\Downloads\GTFS_US\agency_enriched_geojson\stops\Colorado__Blackhawk_and_Central_City_Tramway__mdb_mdb-234_stops.geojson,C:\Users\wilsonschutterj\Downloads\GTFS_US\agency_enriched_geojson\stops_with_metadata\Colorado__Blackhawk_and_Central_City_Tramway__mdb_mdb-234_stops.geojson,success,19,
stops,Colorado__Bustang_Outrider__mdb_mdb-2330,C:\Users\wilsonschutterj\Downloads\GTFS_US\agency_enriched_geojson\stops\Colorado__Bustang_Outrider__mdb_mdb-2330_stops.geojson,C:\Users\wilsonschutterj\Downloads\GTFS_US\agency_enriched_geojson\stops_with_metadata\Colorado__Bustang_Outrider__mdb_mdb-2330_stops.geojson,success,85,
stops,Colorado__City_of_Fountain_Transit__mdb_mdb-309,C:\Users\wilsonschutterj\Downloads\GTFS_US\agency_enriched_geojson\stops\Colorado__City_of_Fountain_Transit__mdb_mdb-309_stops.geojson,C:\Users\wilsonschutterj\Downloads\GTFS_US\agency_enriched_geojson\stops_with_metadata\Colorado__City_of_Fountain_Transit__mdb_mdb-309_stops.geojson,success,35,
stops,Colorado__Clear_Creek_County_Transit__mdb_mdb-313,C:\Users\wilsonschutterj\Downloads\GTFS_US\agency_enriched_geojson\stops\Colorado__Clear_Creek_County_Transit__mdb_mdb-313_stops.geojson,C:\Users\wilsonschutterj\Downloads\GTFS_US\agency_enriched_geojson\stops_with_metadata\Colorado__Clear_Creek_County_Transit__mdb_mdb-313_stops.geojson,success,53,
stops,Colorado__Colorado_Mountain_Express__mdb_mdb-172,C:\Users\wilsonschutterj\Downloads\GTFS_US\agency_enriched_geojson\stops\Colorado__Colorado_Mountain_Express__mdb_mdb-172_stops.geojson,C:\Users\wilsonschutterj\Downloads\GTFS_US\agency_enriched_geojson\stops_with_metadata\Colorado__Colorado_Mountain_Express__mdb_mdb-172_stops.geojson,success,26,
stops,Colorado__Colorado_School_Of_Mines__mdb_mdb-2413,C:\Users\wilsonschutterj\Downloads\GTFS_US\agency_enriched_geojson\stops\Colorado__Colorado_School_Of_Mines__mdb_mdb-2413_stops.geojson,C:\Users\wilsonschutterj\Downloads\GTFS_US\agency_enriched_geojson\stops_with_metadata\Colorado__Colorado_School_Of_Mines__mdb_mdb-2413_stops.geojson,success,30,
stops,Colorado__Cripple_Creek_Transportation__mdb_mdb-2042,C:\Users\wilsonschutterj\Downloads\GTFS_US\agency_enriched_geojson\stops\Colorado__Cripple_Creek_Transportation__mdb_mdb-2042_stops.geojson,C:\Users\wilsonschutterj\Downloads\GTFS_US\agency_enriched_geojson\stops_with_metadata\Colorado__Cripple_Creek_Transportation__mdb_mdb-2042_stops.geojson,success,20,
stops,Colorado__Cripple_Creek_Transportation__mdb_mdb-317,C:\Users\wilsonschutterj\Downloads\GTFS_US\agency_enriched_geojson\stops\Colorado__Cripple_Creek_Transportation__mdb_mdb-317_stops.geojson,C:\Users\wilsonschutterj\Downloads\GTFS_US\agency_enriched_geojson\stops_with_metadata\Colorado__Cripple_Creek_Transportation__mdb_mdb-317_stops.geojson,success,20,
stops,Colorado__Durango_Transit__mdb_mdb-456,C:\Users\wilsonschutterj\Downloads\GTFS_US\agency_enriched_geojson\stops\Colorado__Durango_Transit__mdb_mdb-456_stops.geojson,C:\Users\wilsonschutterj\Downloads\GTFS_US\agency_enriched_geojson\stops_with_metadata\Colorado__Durango_Transit__mdb_mdb-456_stops.geojson,success,106,
stops,Colorado__Envida__mdb_mdb-2044,C:\Users\wilsonschutterj\Downloads\GTFS_US\agency_enriched_geojson\stops\Colorado__Envida__mdb_mdb-2044_stops.geojson,C:\Users\wilsonschutterj\Downloads\GTFS_US\agency_enriched_geojson\stops_with_metadata\Colorado__Envida__mdb_mdb-2044_stops.geojson,success,41,
stops,Colorado__Envida__mdb_mdb-455,C:\Users\wilsonschutterj\Downloads\GTFS_US\agency_enriched_geojson\stops\Colorado__Envida__mdb_mdb-455_stops.geojson,C:\Users\wilsonschutterj\Downloads\GTFS_US\agency_enriched_geojson\stops_with_metadata\Colorado__Envida__mdb_mdb-455_stops.geojson,success,41,
stops,Colorado__Estes_Transit__mdb_mdb-2047,C:\Users\wilsonschutterj\Downloads\GTFS_US\agency_enriched_geojson\stops\Colorado__Estes_Transit__mdb_mdb-2047_stops.geojson,C:\Users\wilsonschutterj\Downloads\GTFS_US\agency_enriched_geojson\stops_with_metadata\Colorado__Estes_Transit__mdb_mdb-2047_stops.geojson,success,68,
stops,Colorado__Estes_Transit__mdb_mdb-459,C:\Users\wilsonschutterj\Downloads\GTFS_US\agency_enriched_geojson\stops\Colorado__Estes_Transit__mdb_mdb-459_stops.geojson,C:\Users\wilsonschutterj\Downloads\GTFS_US\agency_enriched_geojson\stops_with_metadata\Colorado__Estes_Transit__mdb_mdb-459_stops.geojson,success,68,
stops,Colorado__Greeley-Evans_Transit_(GET)__mdb_mdb-2076,C:\Users\wilsonschutterj\Downloads\GTFS_US\agency_enriched_geojson\stops\Colorado__Greeley-Evans_Transit_(GET)__mdb_mdb-2076_stops.geojson,C:\Users\wilsonschutterj\Downloads\GTFS_US\agency_enriched_geojson\stops_with_metadata\Colorado__Greeley-Evans_Transit_(GET)__mdb_mdb-2076_stops.geojson,success,250,
stops,Colorado__Gunnison_Valley_Transportation_Authority_(RTA)__mdb_mdb-163,C:\Users\wilsonschutterj\Downloads\GTFS_US\agency_enriched_geojson\stops\Colorado__Gunnison_Valley_Transportation_Authority_(RTA)__mdb_mdb-163_stops.geojson,C:\Users\wilsonschutterj\Downloads\GTFS_US\agency_enriched_geojson\stops_with_metadata\Colorado__Gunnison_Valley_Transportation_Authority_(RTA)__mdb_mdb-163_stops.geojson,success,25,
stops,Colorado__Home_James__mdb_mdb-607,C:\Users\wilsonschutterj\Downloads\GTFS_US\agency_enriched_geojson\stops\Colorado__Home_James__mdb_mdb-607_stops.geojson,C:\Users\wilsonschutterj\Downloads\GTFS_US\agency_enriched_geojson\stops_with_metadata\Colorado__Home_James__mdb_mdb-607_stops.geojson,success,91,
stops,Colorado__Kiowa_County_Transit__mdb_mdb-2169,C:\Users\wilsonschutterj\Downloads\GTFS_US\agency_enriched_geojson\stops\Colorado__Kiowa_County_Transit__mdb_mdb-2169_stops.geojson,C:\Users\wilsonschutterj\Downloads\GTFS_US\agency_enriched_geojson\stops_with_metadata\Colorado__Kiowa_County_Transit__mdb_mdb-2169_stops.geojson,success,2,
stops,Colorado__Lake_County_Senior_Center_Transportation_Program__mdb_mdb-2291,C:\Users\wilsonschutterj\Downloads\GTFS_US\agency_enriched_geojson\stops\Colorado__Lake_County_Senior_Center_Transportation_Program__mdb_mdb-2291_stops.geojson,C:\Users\wilsonschutterj\Downloads\GTFS_US\agency_enriched_geojson\stops_with_metadata\Colorado__Lake_County_Senior_Center_Transportation_Program__mdb_mdb-2291_stops.geojson,success,1,
stops,Colorado__Outback_Express__mdb_mdb-2306,C:\Users\wilsonschutterj\Downloads\GTFS_US\agency_enriched_geojson\stops\Colorado__Outback_Express__mdb_mdb-2306_stops.geojson,C:\Users\wilsonschutterj\Downloads\GTFS_US\agency_enriched_geojson\stops_with_metadata\Colorado__Outback_Express__mdb_mdb-2306_stops.geojson,success,1,
stops,Colorado__Parachute_Area_Transit_System__mdb_tld-5746,C:\Users\wilsonschutterj\Downloads\GTFS_US\agency_enriched_geojson\stops\Colorado__Parachute_Area_Transit_System__mdb_tld-5746_stops.geojson,C:\Users\wilsonschutterj\Downloads\GTFS_US\agency_enriched_geojson\stops_with_metadata\Colorado__Parachute_Area_Transit_System__mdb_tld-5746_stops.geojson,success,16,
stops,Colorado__Prairie_Express_Transit__mdb_mdb-801,C:\Users\wilsonschutterj\Downloads\GTFS_US\agency_enriched_geojson\stops\Colorado__Prairie_Express_Transit__mdb_mdb-801_stops.geojson,C:\Users\wilsonschutterj\Downloads\GTFS_US\agency_enriched_geojson\stops_with_metadata\Colorado__Prairie_Express_Transit__mdb_mdb-801_stops.geojson,success,21,
stops,Colorado__Pueblo_Transit__mdb_mdb-1232,C:\Users\wilsonschutterj\Downloads\GTFS_US\agency_enriched_geojson\stops\Colorado__Pueblo_Transit__mdb_mdb-1232_stops.geojson,C:\Users\wilsonschutterj\Downloads\GTFS_US\agency_enriched_geojson\stops_with_metadata\Colorado__Pueblo_Transit__mdb_mdb-1232_stops.geojson,success,401,
stops,Colorado__Pueblo_Transit__mdb_mdb-2232,C:\Users\wilsonschutterj\Downloads\GTFS_US\agency_enriched_geojson\stops\Colorado__Pueblo_Transit__mdb_mdb-2232_stops.geojson,C:\Users\wilsonschutterj\Downloads\GTFS_US\agency_enriched_geojson\stops_with_metadata\Colorado__Pueblo_Transit__mdb_mdb-2232_stops.geojson,success,401,
stops,Colorado__Regional_Transportation_District_(RTD)__mdb_mdb-178,C:\Users\wilsonschutterj\Downloads\GTFS_US\agency_enriched_geojson\stops\Colorado__Regional_Transportation_District_(RTD)__mdb_mdb-178_stops.geojson,C:\Users\wilsonschutterj\Downloads\GTFS_US\agency_enriched_geojson\stops_with_metadata\Colorado__Regional_Transportation_District_(RTD)__mdb_mdb-178_stops.geojson,success,7585,
stops,Colorado__Regional_Transportation_District_(RTD)__mdb_mdb-2280,C:\Users\wilsonschutterj\Downloads\GTFS_US\agency_enriched_geojson\stops\Colorado__Regional_Transportation_District_(RTD)__mdb_mdb-2280_stops.geojson,C:\Users\wilsonschutterj\Downloads\GTFS_US\agency_enriched_geojson\stops_with_metadata\Colorado__Regional_Transportation_District_(RTD)__mdb_mdb-2280_stops.geojson,success,58,
stops,Colorado__Regional_Transportation_District__mdb_mdb-2054,C:\Users\wilsonschutterj\Downloads\GTFS_US\agency_enriched_geojson\stops\Colorado__Regional_Transportation_District__mdb_mdb-2054_stops.geojson,C:\Users\wilsonschutterj\Downloads\GTFS_US\agency_enriched_geojson\stops_with_metadata\Colorado__Regional_Transportation_District__mdb_mdb-2054_stops.geojson,success,7686,
stops,Colorado__RoadrunnerTransit__mdb_mdb-805,C:\Users\wilsonschutterj\Downloads\GTFS_US\agency_enriched_geojson\stops\Colorado__RoadrunnerTransit__mdb_mdb-805_stops.geojson,C:\Users\wilsonschutterj\Downloads\GTFS_US\agency_enriched_geojson\stops_with_metadata\Colorado__RoadrunnerTransit__mdb_mdb-805_stops.geojson,success,23,
stops,Colorado__Roaring_Fork_Transportation_Authority__mdb_mdb-2278,C:\Users\wilsonschutterj\Downloads\GTFS_US\agency_enriched_geojson\stops\Colorado__Roaring_Fork_Transportation_Authority__mdb_mdb-2278_stops.geojson,C:\Users\wilsonschutterj\Downloads\GTFS_US\agency_enriched_geojson\stops_with_metadata\Colorado__Roaring_Fork_Transportation_Authority__mdb_mdb-2278_stops.geojson,success,200,
stops,Colorado__Rocky_Mountain_National_Park__mdb_mdb-3211,C:\Users\wilsonschutterj\Downloads\GTFS_US\agency_enriched_geojson\stops\Colorado__Rocky_Mountain_National_Park__mdb_mdb-3211_stops.geojson,C:\Users\wilsonschutterj\Downloads\GTFS_US\agency_enriched_geojson\stops_with_metadata\Colorado__Rocky_Mountain_National_Park__mdb_mdb-3211_stops.geojson,success,12,
stops,Colorado__Rocky_Mountain_National_Park_Shuttles__mdb_mdb-176,C:\Users\wilsonschutterj\Downloads\GTFS_US\agency_enriched_geojson\stops\Colorado__Rocky_Mountain_National_Park_Shuttles__mdb_mdb-176_stops.geojson,C:\Users\wilsonschutterj\Downloads\GTFS_US\agency_enriched_geojson\stops_with_metadata\Colorado__Rocky_Mountain_National_Park_Shuttles__mdb_mdb-176_stops.geojson,success,12,
stops,Colorado__Routt_County_Council_on_Aging_(RCCOCA)_Transportation__mdb_mdb-2178,C:\Users\wilsonschutterj\Downloads\GTFS_US\agency_enriched_geojson\stops\Colorado__Routt_County_Council_on_Aging_(RCCOCA)_Transportation__mdb_mdb-2178_stops.geojson,C:\Users\wilsonschutterj\Downloads\GTFS_US\agency_enriched_geojson\stops_with_metadata\Colorado__Routt_County_Council_on_Aging_(RCCOCA)_Transportation__mdb_mdb-2178_stops.geojson,success,5,
stops,Colorado__San_Miguel_County__mdb_mdb-2195,C:\Users\wilsonschutterj\Downloads\GTFS_US\agency_enriched_geojson\stops\Colorado__San_Miguel_County__mdb_mdb-2195_stops.geojson,C:\Users\wilsonschutterj\Downloads\GTFS_US\agency_enriched_geojson\stops_with_metadata\Colorado__San_Miguel_County__mdb_mdb-2195_stops.geojson,success,69,
stops,Colorado__Snowmass_Village_Transportation__mdb_mdb-164,C:\Users\wilsonschutterj\Downloads\GTFS_US\agency_enriched_geojson\stops\Colorado__Snowmass_Village_Transportation__mdb_mdb-164_stops.geojson,C:\Users\wilsonschutterj\Downloads\GTFS_US\agency_enriched_geojson\stops_with_metadata\Colorado__Snowmass_Village_Transportation__mdb_mdb-164_stops.geojson,success,21,
stops,Colorado__South_Central_Council_of_Governments_(SCCOG)__mdb_mdb-2181,C:\Users\wilsonschutterj\Downloads\GTFS_US\agency_enriched_geojson\stops\Colorado__South_Central_Council_of_Governments_(SCCOG)__mdb_mdb-2181_stops.geojson,C:\Users\wilsonschutterj\Downloads\GTFS_US\agency_enriched_geojson\stops_with_metadata\Colorado__South_Central_Council_of_Governments_(SCCOG)__mdb_mdb-2181_stops.geojson,success,1,
stops,"Colorado__Steamboat_Springs_Transit,_Yellow_Zone__mdb_tld-5757","C:\Users\wilsonschutterj\Downloads\GTFS_US\agency_enriched_geojson\stops\Colorado__Steamboat_Springs_Transit,_Yellow_Zone__mdb_tld-5757_stops.geojson","C:\Users\wilsonschutterj\Downloads\GTFS_US\agency_enriched_geojson\stops_with_metadata\Colorado__Steamboat_Springs_Transit,_Yellow_Zone__mdb_tld-5757_stops.geojson",success,149,
stops,Colorado__Steamboat_Springs_Transit__mdb_mdb-2051,C:\Users\wilsonschutterj\Downloads\GTFS_US\agency_enriched_geojson\stops\Colorado__Steamboat_Springs_Transit__mdb_mdb-2051_stops.geojson,C:\Users\wilsonschutterj\Downloads\GTFS_US\agency_enriched_geojson\stops_with_metadata\Colorado__Steamboat_Springs_Transit__mdb_mdb-2051_stops.geojson,success,149,
stops,Colorado__Summit_Stage__mdb_mdb-820,C:\Users\wilsonschutterj\Downloads\GTFS_US\agency_enriched_geojson\stops\Colorado__Summit_Stage__mdb_mdb-820_stops.geojson,C:\Users\wilsonschutterj\Downloads\GTFS_US\agency_enriched_geojson\stops_with_metadata\Colorado__Summit_Stage__mdb_mdb-820_stops.geojson,success,152,
stops,Colorado__Teller_Senior_Coalition_Transit_(TSC_Transit)__mdb_mdb-827,C:\Users\wilsonschutterj\Downloads\GTFS_US\agency_enriched_geojson\stops\Colorado__Teller_Senior_Coalition_Transit_(TSC_Transit)__mdb_mdb-827_stops.geojson,C:\Users\wilsonschutterj\Downloads\GTFS_US\agency_enriched_geojson\stops_with_metadata\Colorado__Teller_Senior_Coalition_Transit_(TSC_Transit)__mdb_mdb-827_stops.geojson,success,19,
stops,Colorado__Town_of_Estes_Park__mdb_mdb-177,C:\Users\wilsonschutterj\Downloads\GTFS_US\agency_enriched_geojson\stops\Colorado__Town_of_Estes_Park__mdb_mdb-177_stops.geojson,C:\Users\wilsonschutterj\Downloads\GTFS_US\agency_enriched_geojson\stops_with_metadata\Colorado__Town_of_Estes_Park__mdb_mdb-177_stops.geojson,success,68,
stops,Colorado__Town_of_Telluride__mdb_mdb-2050,C:\Users\wilsonschutterj\Downloads\GTFS_US\agency_enriched_geojson\stops\Colorado__Town_of_Telluride__mdb_mdb-2050_stops.geojson,C:\Users\wilsonschutterj\Downloads\GTFS_US\agency_enriched_geojson\stops_with_metadata\Colorado__Town_of_Telluride__mdb_mdb-2050_stops.geojson,success,69,
stops,Colorado__University_of_Colorado_Boulder__mdb_mdb-181,C:\Users\wilsonschutterj\Downloads\GTFS_US\agency_enriched_geojson\stops\Colorado__University_of_Colorado_Boulder__mdb_mdb-181_stops.geojson,C:\Users\wilsonschutterj\Downloads\GTFS_US\agency_enriched_geojson\stops_with_metadata\Colorado__University_of_Colorado_Boulder__mdb_mdb-181_stops.geojson,success,41,
stops,Colorado__Upper_Arkansas_Area_Council_of_Governments__mdb_mdb-2188,C:\Users\wilsonschutterj\Downloads\GTFS_US\agency_enriched_geojson\stops\Colorado__Upper_Arkansas_Area_Council_of_Governments__mdb_mdb-2188_stops.geojson,C:\Users\wilsonschutterj\Downloads\GTFS_US\agency_enriched_geojson\stops_with_metadata\Colorado__Upper_Arkansas_Area_Council_of_Governments__mdb_mdb-2188_stops.geojson,success,6,
stops,Colorado__Vail_Transit__mdb_mdb-174,C:\Users\wilsonschutterj\Downloads\GTFS_US\agency_enriched_geojson\stops\Colorado__Vail_Transit__mdb_mdb-174_stops.geojson,C:\Users\wilsonschutterj\Downloads\GTFS_US\agency_enriched_geojson\stops_with_metadata\Colorado__Vail_Transit__mdb_mdb-174_stops.geojson,success,112,
stops,Colorado__Via_Mobility__mdb_mdb-2395,C:\Users\wilsonschutterj\Downloads\GTFS_US\agency_enriched_geojson\stops\Colorado__Via_Mobility__mdb_mdb-2395_stops.geojson,C:\Users\wilsonschutterj\Downloads\GTFS_US\agency_enriched_geojson\stops_with_metadata\Colorado__Via_Mobility__mdb_mdb-2395_stops.geojson,success,169,
stops,Colorado__Winter_Park_Transit__mdb_mdb-175,C:\Users\wilsonschutterj\Downloads\GTFS_US\agency_enriched_geojson\stops\Colorado__Winter_Park_Transit__mdb_mdb-175_stops.geojson,C:\Users\wilsonschutterj\Downloads\GTFS_US\agency_enriched_geojson\stops_with_metadata\Colorado__Winter_Park_Transit__mdb_mdb-175_stops.geojson,success,136,
stops,Connecticut__Connecticut_Transit__mdb_mdb-2840,C:\Users\wilsonschutterj\Downloads\GTFS_US\agency_enriched_geojson\stops\Connecticut__Connecticut_Transit__mdb_mdb-2840_stops.geojson,C:\Users\wilsonschutterj\Downloads\GTFS_US\agency_enriched_geojson\stops_with_metadata\Connecticut__Connecticut_Transit__mdb_mdb-2840_stops.geojson,success,9,
stops,Connecticut__Connecticut_Transit__mdb_mdb-553,C:\Users\wilsonschutterj\Downloads\GTFS_US\agency_enriched_geojson\stops\Connecticut__Connecticut_Transit__mdb_mdb-553_stops.geojson,C:\Users\wilsonschutterj\Downloads\GTFS_US\agency_enriched_geojson\stops_with_metadata\Connecticut__Connecticut_Transit__mdb_mdb-553_stops.geojson,success,9625,
stops,Connecticut__Greater_Bridgeport_Transit__mdb_mdb-530,C:\Users\wilsonschutterj\Downloads\GTFS_US\agency_enriched_geojson\stops\Connecticut__Greater_Bridgeport_Transit__mdb_mdb-530_stops.geojson,C:\Users\wilsonschutterj\Downloads\GTFS_US\agency_enriched_geojson\stops_with_metadata\Connecticut__Greater_Bridgeport_Transit__mdb_mdb-530_stops.geojson,success,1209,
stops,Connecticut__Housatonic_Area_Regional_Transit__mdb_tld-4385,C:\Users\wilsonschutterj\Downloads\GTFS_US\agency_enriched_geojson\stops\Connecticut__Housatonic_Area_Regional_Transit__mdb_tld-4385_stops.geojson,C:\Users\wilsonschutterj\Downloads\GTFS_US\agency_enriched_geojson\stops_with_metadata\Connecticut__Housatonic_Area_Regional_Transit__mdb_tld-4385_stops.geojson,success,570,
stops,Connecticut__Metro-North_Railroad__mdb_mdb-524,C:\Users\wilsonschutterj\Downloads\GTFS_US\agency_enriched_geojson\stops\Connecticut__Metro-North_Railroad__mdb_mdb-524_stops.geojson,C:\Users\wilsonschutterj\Downloads\GTFS_US\agency_enriched_geojson\stops_with_metadata\Connecticut__Metro-North_Railroad__mdb_mdb-524_stops.geojson,success,114,
stops,Connecticut__Middletown_Area_Transit_(MAT)__mdb_mdb-551,C:\Users\wilsonschutterj\Downloads\GTFS_US\agency_enriched_geojson\stops\Connecticut__Middletown_Area_Transit_(MAT)__mdb_mdb-551_stops.geojson,C:\Users\wilsonschutterj\Downloads\GTFS_US\agency_enriched_geojson\stops_with_metadata\Connecticut__Middletown_Area_Transit_(MAT)__mdb_mdb-551_stops.geojson,success,795,
stops,Connecticut__Milford_Transit_District__mdb_ntd-10107,C:\Users\wilsonschutterj\Downloads\GTFS_US\agency_enriched_geojson\stops\Connecticut__Milford_Transit_District__mdb_ntd-10107_stops.geojson,C:\Users\wilsonschutterj\Downloads\GTFS_US\agency_enriched_geojson\stops_with_metadata\Connecticut__Milford_Transit_District__mdb_ntd-10107_stops.geojson,success,15,
stops,Connecticut__Norwalk_Transit_System_(NTS)__mdb_mdb-2242,C:\Users\wilsonschutterj\Downloads\GTFS_US\agency_enriched_geojson\stops\Connecticut__Norwalk_Transit_System_(NTS)__mdb_mdb-2242_stops.geojson,C:\Users\wilsonschutterj\Downloads\GTFS_US\agency_enriched_geojson\stops_with_metadata\Connecticut__Norwalk_Transit_System_(NTS)__mdb_mdb-2242_stops.geojson,success,252,
stops,Connecticut__Pioneer_Valley_Transit_Authority_(PVTA)__mdb_mdb-2416,C:\Users\wilsonschutterj\Downloads\GTFS_US\agency_enriched_geojson\stops\Connecticut__Pioneer_Valley_Transit_Authority_(PVTA)__mdb_mdb-2416_stops.geojson,C:\Users\wilsonschutterj\Downloads\GTFS_US\agency_enriched_geojson\stops_with_metadata\Connecticut__Pioneer_Valley_Transit_Authority_(PVTA)__mdb_mdb-2416_stops.geojson,success,1980,
stops,Connecticut__River_Valley_Transit__mdb_tld-5750,C:\Users\wilsonschutterj\Downloads\GTFS_US\agency_enriched_geojson\stops\Connecticut__River_Valley_Transit__mdb_tld-5750_stops.geojson,C:\Users\wilsonschutterj\Downloads\GTFS_US\agency_enriched_geojson\stops_with_metadata\Connecticut__River_Valley_Transit__mdb_tld-5750_stops.geojson,success,795,
stops,Connecticut__Southeast_Area_Transit_District__mdb_mdb-2240,C:\Users\wilsonschutterj\Downloads\GTFS_US\agency_enriched_geojson\stops\Connecticut__Southeast_Area_Transit_District__mdb_mdb-2240_stops.geojson,C:\Users\wilsonschutterj\Downloads\GTFS_US\agency_enriched_geojson\stops_with_metadata\Connecticut__Southeast_Area_Transit_District__mdb_mdb-2240_stops.geojson,success,610,
stops,Connecticut__University_of_Connecticut_(UCONN___WRTD)__mdb_tld-4473,C:\Users\wilsonschutterj\Downloads\GTFS_US\agency_enriched_geojson\stops\Connecticut__University_of_Connecticut_(UCONN___WRTD)__mdb_tld-4473_stops.geojson,C:\Users\wilsonschutterj\Downloads\GTFS_US\agency_enriched_geojson\stops_with_metadata\Connecticut__University_of_Connecticut_(UCONN___WRTD)__mdb_tld-4473_stops.geojson,success,224,
stops,Delaware__Delaware_Transit_Corporation_(DART_First_State)__mdb_mdb-1235,C:\Users\wilsonschutterj\Downloads\GTFS_US\agency_enriched_geojson\stops\Delaware__Delaware_Transit_Corporation_(DART_First_State)__mdb_mdb-1235_stops.geojson,C:\Users\wilsonschutterj\Downloads\GTFS_US\agency_enriched_geojson\stops_with_metadata\Delaware__Delaware_Transit_Corporation_(DART_First_State)__mdb_mdb-1235_stops.geojson,success,2334,
stops,Delaware__Southeastern_Pennsylvania_Transportation_Authority_(SEPTA)__mdb_mdb-502,C:\Users\wilsonschutterj\Downloads\GTFS_US\agency_enriched_geojson\stops\Delaware__Southeastern_Pennsylvania_Transportation_Authority_(SEPTA)__mdb_mdb-502_stops.geojson,C:\Users\wilsonschutterj\Downloads\GTFS_US\agency_enriched_geojson\stops_with_metadata\Delaware__Southeastern_Pennsylvania_Transportation_Authority_(SEPTA)__mdb_mdb-502_stops.geojson,success,13576,
stops,Delaware__Southeastern_Pennsylvania_Transportation_Authority_(SEPTA)__mdb_mdb-503,C:\Users\wilsonschutterj\Downloads\GTFS_US\agency_enriched_geojson\stops\Delaware__Southeastern_Pennsylvania_Transportation_Authority_(SEPTA)__mdb_mdb-503_stops.geojson,C:\Users\wilsonschutterj\Downloads\GTFS_US\agency_enriched_geojson\stops_with_metadata\Delaware__Southeastern_Pennsylvania_Transportation_Authority_(SEPTA)__mdb_mdb-503_stops.geojson,success,156,
stops,District_of_Columbia__Fairfax_Connector__mdb_mdb-483,C:\Users\wilsonschutterj\Downloads\GTFS_US\agency_enriched_geojson\stops\District_of_Columbia__Fairfax_Connector__mdb_mdb-483_stops.geojson,C:\Users\wilsonschutterj\Downloads\GTFS_US\agency_enriched_geojson\stops_with_metadata\District_of_Columbia__Fairfax_Connector__mdb_mdb-483_stops.geojson,success,3119,
stops,District_of_Columbia__Maryland_Transit_Administration__mdb_mdb-467,C:\Users\wilsonschutterj\Downloads\GTFS_US\agency_enriched_geojson\stops\District_of_Columbia__Maryland_Transit_Administration__mdb_mdb-467_stops.geojson,C:\Users\wilsonschutterj\Downloads\GTFS_US\agency_enriched_geojson\stops_with_metadata\District_of_Columbia__Maryland_Transit_Administration__mdb_mdb-467_stops.geojson,success,497,
stops,District_of_Columbia__Maryland_Transit_Administration__mdb_mdb-468,C:\Users\wilsonschutterj\Downloads\GTFS_US\agency_enriched_geojson\stops\District_of_Columbia__Maryland_Transit_Administration__mdb_mdb-468_stops.geojson,C:\Users\wilsonschutterj\Downloads\GTFS_US\agency_enriched_geojson\stops_with_metadata\District_of_Columbia__Maryland_Transit_Administration__mdb_mdb-468_stops.geojson,success,79,
stops,District_of_Columbia__Virginia_Breeze__mdb_mdb-3506,C:\Users\wilsonschutterj\Downloads\GTFS_US\agency_enriched_geojson\stops\District_of_Columbia__Virginia_Breeze__mdb_mdb-3506_stops.geojson,C:\Users\wilsonschutterj\Downloads\GTFS_US\agency_enriched_geojson\stops_with_metadata\District_of_Columbia__Virginia_Breeze__mdb_mdb-3506_stops.geojson,success,35,
stops,District_of_Columbia__Virginia_Railway_Express__mdb_tld-61,C:\Users\wilsonschutterj\Downloads\GTFS_US\agency_enriched_geojson\stops\District_of_Columbia__Virginia_Railway_Express__mdb_tld-61_stops.geojson,C:\Users\wilsonschutterj\Downloads\GTFS_US\agency_enriched_geojson\stops_with_metadata\District_of_Columbia__Virginia_Railway_Express__mdb_tld-61_stops.geojson,success,68,
stops,District_of_Columbia__Washington_Metropolitan_Area_Transit_Authority_(WMATA)__mdb_mdb-1846,C:\Users\wilsonschutterj\Downloads\GTFS_US\agency_enriched_geojson\stops\District_of_Columbia__Washington_Metropolitan_Area_Transit_Authority_(WMATA)__mdb_mdb-1846_stops.geojson,C:\Users\wilsonschutterj\Downloads\GTFS_US\agency_enriched_geojson\stops_with_metadata\District_of_Columbia__Washington_Metropolitan_Area_Transit_Authority_(WMATA)__mdb_mdb-1846_stops.geojson,success,7540,
stops,District_of_Columbia__Washington_Metropolitan_Area_Transit_Authority_(WMATA)__mdb_mdb-1847,C:\Users\wilsonschutterj\Downloads\GTFS_US\agency_enriched_geojson\stops\District_of_Columbia__Washington_Metropolitan_Area_Transit_Authority_(WMATA)__mdb_mdb-1847_stops.geojson,C:\Users\wilsonschutterj\Downloads\GTFS_US\agency_enriched_geojson\stops_with_metadata\District_of_Columbia__Washington_Metropolitan_Area_Transit_Authority_(WMATA)__mdb_mdb-1847_stops.geojson,success,2176,
stops,Florida__Brightline_Trains_LLC__mdb_mdb-1126,C:\Users\wilsonschutterj\Downloads\GTFS_US\agency_enriched_geojson\stops\Florida__Brightline_Trains_LLC__mdb_mdb-1126_stops.geojson,C:\Users\wilsonschutterj\Downloads\GTFS_US\agency_enriched_geojson\stops_with_metadata\Florida__Brightline_Trains_LLC__mdb_mdb-1126_stops.geojson,success,6,
stops,Florida__Broward_County_Transit__mdb_mdb-330,C:\Users\wilsonschutterj\Downloads\GTFS_US\agency_enriched_geojson\stops\Florida__Broward_County_Transit__mdb_mdb-330_stops.geojson,C:\Users\wilsonschutterj\Downloads\GTFS_US\agency_enriched_geojson\stops_with_metadata\Florida__Broward_County_Transit__mdb_mdb-330_stops.geojson,success,4793,
stops,Florida__Central_Florida_Regional_Transit_Authority_(LYNX)__mdb_mdb-347,C:\Users\wilsonschutterj\Downloads\GTFS_US\agency_enriched_geojson\stops\Florida__Central_Florida_Regional_Transit_Authority_(LYNX)__mdb_mdb-347_stops.geojson,C:\Users\wilsonschutterj\Downloads\GTFS_US\agency_enriched_geojson\stops_with_metadata\Florida__Central_Florida_Regional_Transit_Authority_(LYNX)__mdb_mdb-347_stops.geojson,success,3691,
stops,Florida__City_of_Miami_Beach__mdb_mdb-2322,C:\Users\wilsonschutterj\Downloads\GTFS_US\agency_enriched_geojson\stops\Florida__City_of_Miami_Beach__mdb_mdb-2322_stops.geojson,C:\Users\wilsonschutterj\Downloads\GTFS_US\agency_enriched_geojson\stops_with_metadata\Florida__City_of_Miami_Beach__mdb_mdb-2322_stops.geojson,success,232,
stops,Florida__City_of_Miami_Gardens__mdb_mdb-2323,C:\Users\wilsonschutterj\Downloads\GTFS_US\agency_enriched_geojson\stops\Florida__City_of_Miami_Gardens__mdb_mdb-2323_stops.geojson,C:\Users\wilsonschutterj\Downloads\GTFS_US\agency_enriched_geojson\stops_with_metadata\Florida__City_of_Miami_Gardens__mdb_mdb-2323_stops.geojson,success,117,
stops,Florida__Collier_Area_Transit_(CAT)__mdb_mdb-2259,C:\Users\wilsonschutterj\Downloads\GTFS_US\agency_enriched_geojson\stops\Florida__Collier_Area_Transit_(CAT)__mdb_mdb-2259_stops.geojson,C:\Users\wilsonschutterj\Downloads\GTFS_US\agency_enriched_geojson\stops_with_metadata\Florida__Collier_Area_Transit_(CAT)__mdb_mdb-2259_stops.geojson,success,1112,
stops,Florida__Dry_Tortugas_National_Park__mdb_mdb-3207,C:\Users\wilsonschutterj\Downloads\GTFS_US\agency_enriched_geojson\stops\Florida__Dry_Tortugas_National_Park__mdb_mdb-3207_stops.geojson,C:\Users\wilsonschutterj\Downloads\GTFS_US\agency_enriched_geojson\stops_with_metadata\Florida__Dry_Tortugas_National_Park__mdb_mdb-3207_stops.geojson,success,2,
stops,Florida__Florida_Department_of_Transportation_(SunRail)__mdb_mdb-626,C:\Users\wilsonschutterj\Downloads\GTFS_US\agency_enriched_geojson\stops\Florida__Florida_Department_of_Transportation_(SunRail)__mdb_mdb-626_stops.geojson,C:\Users\wilsonschutterj\Downloads\GTFS_US\agency_enriched_geojson\stops_with_metadata\Florida__Florida_Department_of_Transportation_(SunRail)__mdb_mdb-626_stops.geojson,success,17,
stops,Florida__Fort_Matanzas_National_Monument__mdb_tld-6905,C:\Users\wilsonschutterj\Downloads\GTFS_US\agency_enriched_geojson\stops\Florida__Fort_Matanzas_National_Monument__mdb_tld-6905_stops.geojson,C:\Users\wilsonschutterj\Downloads\GTFS_US\agency_enriched_geojson\stops_with_metadata\Florida__Fort_Matanzas_National_Monument__mdb_tld-6905_stops.geojson,success,2,
stops,Florida__Gulf_Islands_National_Seashore__mdb_mdb-3209,C:\Users\wilsonschutterj\Downloads\GTFS_US\agency_enriched_geojson\stops\Florida__Gulf_Islands_National_Seashore__mdb_mdb-3209_stops.geojson,C:\Users\wilsonschutterj\Downloads\GTFS_US\agency_enriched_geojson\stops_with_metadata\Florida__Gulf_Islands_National_Seashore__mdb_mdb-3209_stops.geojson,success,3,
stops,Florida__Hendry_County_Transit_System__mdb_tld-7914,C:\Users\wilsonschutterj\Downloads\GTFS_US\agency_enriched_geojson\stops\Florida__Hendry_County_Transit_System__mdb_tld-7914_stops.geojson,C:\Users\wilsonschutterj\Downloads\GTFS_US\agency_enriched_geojson\stops_with_metadata\Florida__Hendry_County_Transit_System__mdb_tld-7914_stops.geojson,success,49,
stops,Florida__Hillsborough_Area_Regional_Transit_(HART)__mdb_mdb-325,C:\Users\wilsonschutterj\Downloads\GTFS_US\agency_enriched_geojson\stops\Florida__Hillsborough_Area_Regional_Transit_(HART)__mdb_mdb-325_stops.geojson,C:\Users\wilsonschutterj\Downloads\GTFS_US\agency_enriched_geojson\stops_with_metadata\Florida__Hillsborough_Area_Regional_Transit_(HART)__mdb_mdb-325_stops.geojson,success,2246,
stops,Florida__I-RIDE_Trolley_(I-RIDE)__mdb_mdb-1143,C:\Users\wilsonschutterj\Downloads\GTFS_US\agency_enriched_geojson\stops\Florida__I-RIDE_Trolley_(I-RIDE)__mdb_mdb-1143_stops.geojson,C:\Users\wilsonschutterj\Downloads\GTFS_US\agency_enriched_geojson\stops_with_metadata\Florida__I-RIDE_Trolley_(I-RIDE)__mdb_mdb-1143_stops.geojson,success,187,
stops,Florida__Indian_River_Transit__mdb_ntd-40104,C:\Users\wilsonschutterj\Downloads\GTFS_US\agency_enriched_geojson\stops\Florida__Indian_River_Transit__mdb_ntd-40104_stops.geojson,C:\Users\wilsonschutterj\Downloads\GTFS_US\agency_enriched_geojson\stops_with_metadata\Florida__Indian_River_Transit__mdb_ntd-40104_stops.geojson,success,474,
stops,Florida__Jacksonville_Transportation_Authority__mdb_tld-764,C:\Users\wilsonschutterj\Downloads\GTFS_US\agency_enriched_geojson\stops\Florida__Jacksonville_Transportation_Authority__mdb_tld-764_stops.geojson,C:\Users\wilsonschutterj\Downloads\GTFS_US\agency_enriched_geojson\stops_with_metadata\Florida__Jacksonville_Transportation_Authority__mdb_tld-764_stops.geojson,success,2501,
stops,Florida__Lake_County_Connection__mdb_mdb-2255,C:\Users\wilsonschutterj\Downloads\GTFS_US\agency_enriched_geojson\stops\Florida__Lake_County_Connection__mdb_mdb-2255_stops.geojson,C:\Users\wilsonschutterj\Downloads\GTFS_US\agency_enriched_geojson\stops_with_metadata\Florida__Lake_County_Connection__mdb_mdb-2255_stops.geojson,success,507,
stops,Florida__Lakeland_Area_Mass_Transit_District__mdb_tld-5899,C:\Users\wilsonschutterj\Downloads\GTFS_US\agency_enriched_geojson\stops\Florida__Lakeland_Area_Mass_Transit_District__mdb_tld-5899_stops.geojson,C:\Users\wilsonschutterj\Downloads\GTFS_US\agency_enriched_geojson\stops_with_metadata\Florida__Lakeland_Area_Mass_Transit_District__mdb_tld-5899_stops.geojson,success,236,
stops,Florida__LauderGO!_Water_Trolley__mdb_ntd-44929,C:\Users\wilsonschutterj\Downloads\GTFS_US\agency_enriched_geojson\stops\Florida__LauderGO!_Water_Trolley__mdb_ntd-44929_stops.geojson,C:\Users\wilsonschutterj\Downloads\GTFS_US\agency_enriched_geojson\stops_with_metadata\Florida__LauderGO!_Water_Trolley__mdb_ntd-44929_stops.geojson,success,8,
stops,Florida__LeeTran__mdb_mdb-324,C:\Users\wilsonschutterj\Downloads\GTFS_US\agency_enriched_geojson\stops\Florida__LeeTran__mdb_mdb-324_stops.geojson,C:\Users\wilsonschutterj\Downloads\GTFS_US\agency_enriched_geojson\stops_with_metadata\Florida__LeeTran__mdb_mdb-324_stops.geojson,success,1550,
stops,Florida__Manatee_County_Area_Transit__mdb_mdb-2258,C:\Users\wilsonschutterj\Downloads\GTFS_US\agency_enriched_geojson\stops\Florida__Manatee_County_Area_Transit__mdb_mdb-2258_stops.geojson,C:\Users\wilsonschutterj\Downloads\GTFS_US\agency_enriched_geojson\stops_with_metadata\Florida__Manatee_County_Area_Transit__mdb_mdb-2258_stops.geojson,success,928,
stops,Florida__Martin_County_Public_Transit__mdb_tld-4506,C:\Users\wilsonschutterj\Downloads\GTFS_US\agency_enriched_geojson\stops\Florida__Martin_County_Public_Transit__mdb_tld-4506_stops.geojson,C:\Users\wilsonschutterj\Downloads\GTFS_US\agency_enriched_geojson\stops_with_metadata\Florida__Martin_County_Public_Transit__mdb_tld-4506_stops.geojson,success,94,
stops,Florida__Miami-Dade_Transit__mdb_mdb-331,C:\Users\wilsonschutterj\Downloads\GTFS_US\agency_enriched_geojson\stops\Florida__Miami-Dade_Transit__mdb_mdb-331_stops.geojson,C:\Users\wilsonschutterj\Downloads\GTFS_US\agency_enriched_geojson\stops_with_metadata\Florida__Miami-Dade_Transit__mdb_mdb-331_stops.geojson,success,6973,
stops,Florida__National_Park_Service__mdb_tld-6676,C:\Users\wilsonschutterj\Downloads\GTFS_US\agency_enriched_geojson\stops\Florida__National_Park_Service__mdb_tld-6676_stops.geojson,C:\Users\wilsonschutterj\Downloads\GTFS_US\agency_enriched_geojson\stops_with_metadata\Florida__National_Park_Service__mdb_tld-6676_stops.geojson,success,3,
stops,Florida__Palm_Tran__mdb_mdb-332,C:\Users\wilsonschutterj\Downloads\GTFS_US\agency_enriched_geojson\stops\Florida__Palm_Tran__mdb_mdb-332_stops.geojson,C:\Users\wilsonschutterj\Downloads\GTFS_US\agency_enriched_geojson\stops_with_metadata\Florida__Palm_Tran__mdb_mdb-332_stops.geojson,success,2696,
stops,Florida__Sarasota_County_Area_Transit_(SCAT)__mdb_mdb-348,C:\Users\wilsonschutterj\Downloads\GTFS_US\agency_enriched_geojson\stops\Florida__Sarasota_County_Area_Transit_(SCAT)__mdb_mdb-348_stops.geojson,C:\Users\wilsonschutterj\Downloads\GTFS_US\agency_enriched_geojson\stops_with_metadata\Florida__Sarasota_County_Area_Transit_(SCAT)__mdb_mdb-348_stops.geojson,success,1088,
stops,Florida__South_Florida_Regional_Transportation_Authority_(Tri-Rail)__mdb_mdb-333,C:\Users\wilsonschutterj\Downloads\GTFS_US\agency_enriched_geojson\stops\Florida__South_Florida_Regional_Transportation_Authority_(Tri-Rail)__mdb_mdb-333_stops.geojson,C:\Users\wilsonschutterj\Downloads\GTFS_US\agency_enriched_geojson\stops_with_metadata\Florida__South_Florida_Regional_Transportation_Authority_(Tri-Rail)__mdb_mdb-333_stops.geojson,success,23,
stops,Florida__South_Florida_Regional_Transportation_Authority__mdb_tld-492,C:\Users\wilsonschutterj\Downloads\GTFS_US\agency_enriched_geojson\stops\Florida__South_Florida_Regional_Transportation_Authority__mdb_tld-492_stops.geojson,C:\Users\wilsonschutterj\Downloads\GTFS_US\agency_enriched_geojson\stops_with_metadata\Florida__South_Florida_Regional_Transportation_Authority__mdb_tld-492_stops.geojson,success,23,
stops,Florida__Space_Coast_Area_Transit__mdb_ntd-40063,C:\Users\wilsonschutterj\Downloads\GTFS_US\agency_enriched_geojson\stops\Florida__Space_Coast_Area_Transit__mdb_ntd-40063_stops.geojson,C:\Users\wilsonschutterj\Downloads\GTFS_US\agency_enriched_geojson\stops_with_metadata\Florida__Space_Coast_Area_Transit__mdb_ntd-40063_stops.geojson,success,1088,
stops,Florida__USF_Bull_Runner__mdb_mdb-329,C:\Users\wilsonschutterj\Downloads\GTFS_US\agency_enriched_geojson\stops\Florida__USF_Bull_Runner__mdb_mdb-329_stops.geojson,C:\Users\wilsonschutterj\Downloads\GTFS_US\agency_enriched_geojson\stops_with_metadata\Florida__USF_Bull_Runner__mdb_mdb-329_stops.geojson,success,125,
stops,Georgia__Athens_Clarke_County_Transit__mdb_tld-4777,C:\Users\wilsonschutterj\Downloads\GTFS_US\agency_enriched_geojson\stops\Georgia__Athens_Clarke_County_Transit__mdb_tld-4777_stops.geojson,C:\Users\wilsonschutterj\Downloads\GTFS_US\agency_enriched_geojson\stops_with_metadata\Georgia__Athens_Clarke_County_Transit__mdb_tld-4777_stops.geojson,success,509,
stops,"Georgia__City_of_Hinesville,_Georgia__mdb_ntd-40193","C:\Users\wilsonschutterj\Downloads\GTFS_US\agency_enriched_geojson\stops\Georgia__City_of_Hinesville,_Georgia__mdb_ntd-40193_stops.geojson","C:\Users\wilsonschutterj\Downloads\GTFS_US\agency_enriched_geojson\stops_with_metadata\Georgia__City_of_Hinesville,_Georgia__mdb_ntd-40193_stops.geojson",success,87,
stops,Georgia__CobbLinc__mdb_mdb-3193,C:\Users\wilsonschutterj\Downloads\GTFS_US\agency_enriched_geojson\stops\Georgia__CobbLinc__mdb_mdb-3193_stops.geojson,C:\Users\wilsonschutterj\Downloads\GTFS_US\agency_enriched_geojson\stops_with_metadata\Georgia__CobbLinc__mdb_mdb-3193_stops.geojson,success,625,
stops,Georgia__Concho_Valley_Transit_District__mdb_tld-5864,C:\Users\wilsonschutterj\Downloads\GTFS_US\agency_enriched_geojson\stops\Georgia__Concho_Valley_Transit_District__mdb_tld-5864_stops.geojson,C:\Users\wilsonschutterj\Downloads\GTFS_US\agency_enriched_geojson\stops_with_metadata\Georgia__Concho_Valley_Transit_District__mdb_tld-5864_stops.geojson,success,207,
stops,Georgia__Connect_Douglas__mdb_tld-5551,C:\Users\wilsonschutterj\Downloads\GTFS_US\agency_enriched_geojson\stops\Georgia__Connect_Douglas__mdb_tld-5551_stops.geojson,C:\Users\wilsonschutterj\Downloads\GTFS_US\agency_enriched_geojson\stops_with_metadata\Georgia__Connect_Douglas__mdb_tld-5551_stops.geojson,success,153,
stops,Georgia__Georgia_Tech_Stinger_Bus__mdb_tld-478_1,C:\Users\wilsonschutterj\Downloads\GTFS_US\agency_enriched_geojson\stops\Georgia__Georgia_Tech_Stinger_Bus__mdb_tld-478_1_stops.geojson,C:\Users\wilsonschutterj\Downloads\GTFS_US\agency_enriched_geojson\stops_with_metadata\Georgia__Georgia_Tech_Stinger_Bus__mdb_tld-478_1_stops.geojson,success,68,
stops,Georgia__Gwinnett_County_Transit__mdb_mdb-2241,C:\Users\wilsonschutterj\Downloads\GTFS_US\agency_enriched_geojson\stops\Georgia__Gwinnett_County_Transit__mdb_mdb-2241_stops.geojson,C:\Users\wilsonschutterj\Downloads\GTFS_US\agency_enriched_geojson\stops_with_metadata\Georgia__Gwinnett_County_Transit__mdb_mdb-2241_stops.geojson,success,872,
stops,Georgia__METRA__mdb_ntd-40024,C:\Users\wilsonschutterj\Downloads\GTFS_US\agency_enriched_geojson\stops\Georgia__METRA__mdb_ntd-40024_stops.geojson,C:\Users\wilsonschutterj\Downloads\GTFS_US\agency_enriched_geojson\stops_with_metadata\Georgia__METRA__mdb_ntd-40024_stops.geojson,success,944,
stops,Georgia__Rochester_Institute_of_Technology__mdb_tld-5863,C:\Users\wilsonschutterj\Downloads\GTFS_US\agency_enriched_geojson\stops\Georgia__Rochester_Institute_of_Technology__mdb_tld-5863_stops.geojson,C:\Users\wilsonschutterj\Downloads\GTFS_US\agency_enriched_geojson\stops_with_metadata\Georgia__Rochester_Institute_of_Technology__mdb_tld-5863_stops.geojson,success,85,
stops,Georgia__University_of_Georgia__mdb_tld-2276,C:\Users\wilsonschutterj\Downloads\GTFS_US\agency_enriched_geojson\stops\Georgia__University_of_Georgia__mdb_tld-2276_stops.geojson,C:\Users\wilsonschutterj\Downloads\GTFS_US\agency_enriched_geojson\stops_with_metadata\Georgia__University_of_Georgia__mdb_tld-2276_stops.geojson,success,161,
stops,Hawaii__Maui_County_Transit__mdb_ntd-90241,C:\Users\wilsonschutterj\Downloads\GTFS_US\agency_enriched_geojson\stops\Hawaii__Maui_County_Transit__mdb_ntd-90241_stops.geojson,C:\Users\wilsonschutterj\Downloads\GTFS_US\agency_enriched_geojson\stops_with_metadata\Hawaii__Maui_County_Transit__mdb_ntd-90241_stops.geojson,success,216,
stops,Hawaii__The_Kauai_Bus__mdb_ntd-90237,C:\Users\wilsonschutterj\Downloads\GTFS_US\agency_enriched_geojson\stops\Hawaii__The_Kauai_Bus__mdb_ntd-90237_stops.geojson,C:\Users\wilsonschutterj\Downloads\GTFS_US\agency_enriched_geojson\stops_with_metadata\Hawaii__The_Kauai_Bus__mdb_ntd-90237_stops.geojson,success,126,
stops,Hawaii__TheBus__mdb_mdb-2350,C:\Users\wilsonschutterj\Downloads\GTFS_US\agency_enriched_geojson\stops\Hawaii__TheBus__mdb_mdb-2350_stops.geojson,C:\Users\wilsonschutterj\Downloads\GTFS_US\agency_enriched_geojson\stops_with_metadata\Hawaii__TheBus__mdb_mdb-2350_stops.geojson,success,3843,
stops,Idaho__Citylink_North_(Kootenai_County)__mdb_tld-4791,C:\Users\wilsonschutterj\Downloads\GTFS_US\agency_enriched_geojson\stops\Idaho__Citylink_North_(Kootenai_County)__mdb_tld-4791_stops.geojson,C:\Users\wilsonschutterj\Downloads\GTFS_US\agency_enriched_geojson\stops_with_metadata\Idaho__Citylink_North_(Kootenai_County)__mdb_tld-4791_stops.geojson,success,82,
stops,Idaho__Citylink_South_(Kootenai_County)__mdb_tld-4792,C:\Users\wilsonschutterj\Downloads\GTFS_US\agency_enriched_geojson\stops\Idaho__Citylink_South_(Kootenai_County)__mdb_tld-4792_stops.geojson,C:\Users\wilsonschutterj\Downloads\GTFS_US\agency_enriched_geojson\stops_with_metadata\Idaho__Citylink_South_(Kootenai_County)__mdb_tld-4792_stops.geojson,success,19,
stops,Idaho__Lewiston_Transit_System_and_Asotin_County_Public_Transportation_Benefit_Area_(PTBA)__mdb_mdb-2298,C:\Users\wilsonschutterj\Downloads\GTFS_US\agency_enriched_geojson\stops\Idaho__Lewiston_Transit_System_and_Asotin_County_Public_Transportation_Benefit_Area_(PTBA)__mdb_mdb-2298_stops.geojson,C:\Users\wilsonschutterj\Downloads\GTFS_US\agency_enriched_geojson\stops_with_metadata\Idaho__Lewiston_Transit_System_and_Asotin_County_Public_Transportation_Benefit_Area_(PTBA)__mdb_mdb-2298_stops.geojson,success,124,
stops,Idaho__Mountain_Rides_Transportation_Authority_(MRTA)__mdb_mdb-2282,C:\Users\wilsonschutterj\Downloads\GTFS_US\agency_enriched_geojson\stops\Idaho__Mountain_Rides_Transportation_Authority_(MRTA)__mdb_mdb-2282_stops.geojson,C:\Users\wilsonschutterj\Downloads\GTFS_US\agency_enriched_geojson\stops_with_metadata\Idaho__Mountain_Rides_Transportation_Authority_(MRTA)__mdb_mdb-2282_stops.geojson,success,167,
stops,Idaho__Pocatello_Regional_Transit__mdb_mdb-171,C:\Users\wilsonschutterj\Downloads\GTFS_US\agency_enriched_geojson\stops\Idaho__Pocatello_Regional_Transit__mdb_mdb-171_stops.geojson,C:\Users\wilsonschutterj\Downloads\GTFS_US\agency_enriched_geojson\stops_with_metadata\Idaho__Pocatello_Regional_Transit__mdb_mdb-171_stops.geojson,success,286,
stops,Idaho__Valley_Regional_Transit__mdb_mdb-142,C:\Users\wilsonschutterj\Downloads\GTFS_US\agency_enriched_geojson\stops\Idaho__Valley_Regional_Transit__mdb_mdb-142_stops.geojson,C:\Users\wilsonschutterj\Downloads\GTFS_US\agency_enriched_geojson\stops_with_metadata\Idaho__Valley_Regional_Transit__mdb_mdb-142_stops.geojson,success,562,
stops,Illinois__Champaign-Urbana_Mass_Transit_District__mdb_ntd-50060,C:\Users\wilsonschutterj\Downloads\GTFS_US\agency_enriched_geojson\stops\Illinois__Champaign-Urbana_Mass_Transit_District__mdb_ntd-50060_stops.geojson,C:\Users\wilsonschutterj\Downloads\GTFS_US\agency_enriched_geojson\stops_with_metadata\Illinois__Champaign-Urbana_Mass_Transit_District__mdb_ntd-50060_stops.geojson,success,1921,
stops,Illinois__Chicago_Transit_Authority_(CTA)__mdb_mdb-389,C:\Users\wilsonschutterj\Downloads\GTFS_US\agency_enriched_geojson\stops\Illinois__Chicago_Transit_Authority_(CTA)__mdb_mdb-389_stops.geojson,C:\Users\wilsonschutterj\Downloads\GTFS_US\agency_enriched_geojson\stops_with_metadata\Illinois__Chicago_Transit_Authority_(CTA)__mdb_mdb-389_stops.geojson,success,11138,
stops,Illinois__Chicago_Water_Taxi__mdb_mdb-306,C:\Users\wilsonschutterj\Downloads\GTFS_US\agency_enriched_geojson\stops\Illinois__Chicago_Water_Taxi__mdb_mdb-306_stops.geojson,C:\Users\wilsonschutterj\Downloads\GTFS_US\agency_enriched_geojson\stops_with_metadata\Illinois__Chicago_Water_Taxi__mdb_mdb-306_stops.geojson,success,7,
stops,Illinois__City_of_Galesburg__mdb_ntd-50502,C:\Users\wilsonschutterj\Downloads\GTFS_US\agency_enriched_geojson\stops\Illinois__City_of_Galesburg__mdb_ntd-50502_stops.geojson,C:\Users\wilsonschutterj\Downloads\GTFS_US\agency_enriched_geojson\stops_with_metadata\Illinois__City_of_Galesburg__mdb_ntd-50502_stops.geojson,success,119,
stops,Illinois__Connect_Transit__mdb_mdb-2267,C:\Users\wilsonschutterj\Downloads\GTFS_US\agency_enriched_geojson\stops\Illinois__Connect_Transit__mdb_mdb-2267_stops.geojson,C:\Users\wilsonschutterj\Downloads\GTFS_US\agency_enriched_geojson\stops_with_metadata\Illinois__Connect_Transit__mdb_mdb-2267_stops.geojson,success,458,
stops,Illinois__Decatur_Public_Transit_System__mdb_tld-7036,C:\Users\wilsonschutterj\Downloads\GTFS_US\agency_enriched_geojson\stops\Illinois__Decatur_Public_Transit_System__mdb_tld-7036_stops.geojson,C:\Users\wilsonschutterj\Downloads\GTFS_US\agency_enriched_geojson\stops_with_metadata\Illinois__Decatur_Public_Transit_System__mdb_tld-7036_stops.geojson,success,897,
stops,Illinois__DeKalb_Public_Transit__mdb_mdb-308,C:\Users\wilsonschutterj\Downloads\GTFS_US\agency_enriched_geojson\stops\Illinois__DeKalb_Public_Transit__mdb_mdb-308_stops.geojson,C:\Users\wilsonschutterj\Downloads\GTFS_US\agency_enriched_geojson\stops_with_metadata\Illinois__DeKalb_Public_Transit__mdb_mdb-308_stops.geojson,success,210,
stops,Illinois__Greater_Peoria_Mass_Transit_(CityLink)__mdb_mdb-2208,C:\Users\wilsonschutterj\Downloads\GTFS_US\agency_enriched_geojson\stops\Illinois__Greater_Peoria_Mass_Transit_(CityLink)__mdb_mdb-2208_stops.geojson,C:\Users\wilsonschutterj\Downloads\GTFS_US\agency_enriched_geojson\stops_with_metadata\Illinois__Greater_Peoria_Mass_Transit_(CityLink)__mdb_mdb-2208_stops.geojson,success,883,
stops,Illinois__JAX_Mass_Transit_District__mdb_mdb-3408,C:\Users\wilsonschutterj\Downloads\GTFS_US\agency_enriched_geojson\stops\Illinois__JAX_Mass_Transit_District__mdb_mdb-3408_stops.geojson,C:\Users\wilsonschutterj\Downloads\GTFS_US\agency_enriched_geojson\stops_with_metadata\Illinois__JAX_Mass_Transit_District__mdb_mdb-3408_stops.geojson,success,61,
stops,Illinois__Pace_Bus__mdb_mdb-2347,C:\Users\wilsonschutterj\Downloads\GTFS_US\agency_enriched_geojson\stops\Illinois__Pace_Bus__mdb_mdb-2347_stops.geojson,C:\Users\wilsonschutterj\Downloads\GTFS_US\agency_enriched_geojson\stops_with_metadata\Illinois__Pace_Bus__mdb_mdb-2347_stops.geojson,success,13770,
stops,Illinois__South_Shore_Line__mdb_mdb-585,C:\Users\wilsonschutterj\Downloads\GTFS_US\agency_enriched_geojson\stops\Illinois__South_Shore_Line__mdb_mdb-585_stops.geojson,C:\Users\wilsonschutterj\Downloads\GTFS_US\agency_enriched_geojson\stops_with_metadata\Illinois__South_Shore_Line__mdb_mdb-585_stops.geojson,success,21,
stops,Illinois__Springfield_Mass_Transit_District_(SMTD)__mdb_mdb-3187,C:\Users\wilsonschutterj\Downloads\GTFS_US\agency_enriched_geojson\stops\Illinois__Springfield_Mass_Transit_District_(SMTD)__mdb_mdb-3187_stops.geojson,C:\Users\wilsonschutterj\Downloads\GTFS_US\agency_enriched_geojson\stops_with_metadata\Illinois__Springfield_Mass_Transit_District_(SMTD)__mdb_mdb-3187_stops.geojson,success,1026,
stops,Illinois__University_of_Chicago__mdb_tld-4472,C:\Users\wilsonschutterj\Downloads\GTFS_US\agency_enriched_geojson\stops\Illinois__University_of_Chicago__mdb_tld-4472_stops.geojson,C:\Users\wilsonschutterj\Downloads\GTFS_US\agency_enriched_geojson\stops_with_metadata\Illinois__University_of_Chicago__mdb_tld-4472_stops.geojson,success,91,
stops,Indiana__Bloomington_Transit__mdb_mdb-2066,C:\Users\wilsonschutterj\Downloads\GTFS_US\agency_enriched_geojson\stops\Indiana__Bloomington_Transit__mdb_mdb-2066_stops.geojson,C:\Users\wilsonschutterj\Downloads\GTFS_US\agency_enriched_geojson\stops_with_metadata\Indiana__Bloomington_Transit__mdb_mdb-2066_stops.geojson,success,536,
stops,"Indiana__Central_Indiana_Regional_Transportation_Authority,_Access_Johnson_County__mdb_ntd-50209","C:\Users\wilsonschutterj\Downloads\GTFS_US\agency_enriched_geojson\stops\Indiana__Central_Indiana_Regional_Transportation_Authority,_Access_Johnson_County__mdb_ntd-50209_stops.geojson","C:\Users\wilsonschutterj\Downloads\GTFS_US\agency_enriched_geojson\stops_with_metadata\Indiana__Central_Indiana_Regional_Transportation_Authority,_Access_Johnson_County__mdb_ntd-50209_stops.geojson",success,78,
stops,Indiana__Citilink__mdb_mdb-2266,C:\Users\wilsonschutterj\Downloads\GTFS_US\agency_enriched_geojson\stops\Indiana__Citilink__mdb_mdb-2266_stops.geojson,C:\Users\wilsonschutterj\Downloads\GTFS_US\agency_enriched_geojson\stops_with_metadata\Indiana__Citilink__mdb_mdb-2266_stops.geojson,success,746,
stops,Indiana__City_of_Kokomo__mdb_ntd-50145,C:\Users\wilsonschutterj\Downloads\GTFS_US\agency_enriched_geojson\stops\Indiana__City_of_Kokomo__mdb_ntd-50145_stops.geojson,C:\Users\wilsonschutterj\Downloads\GTFS_US\agency_enriched_geojson\stops_with_metadata\Indiana__City_of_Kokomo__mdb_ntd-50145_stops.geojson,success,241,
stops,Indiana__CityBus_of_Greater_Lafayette_Indiana_(CityBus)__mdb_mdb-391,C:\Users\wilsonschutterj\Downloads\GTFS_US\agency_enriched_geojson\stops\Indiana__CityBus_of_Greater_Lafayette_Indiana_(CityBus)__mdb_mdb-391_stops.geojson,C:\Users\wilsonschutterj\Downloads\GTFS_US\agency_enriched_geojson\stops_with_metadata\Indiana__CityBus_of_Greater_Lafayette_Indiana_(CityBus)__mdb_mdb-391_stops.geojson,success,624,
stops,Indiana__Gary_Public_Transportation_Corporation__mdb_tld-4129,C:\Users\wilsonschutterj\Downloads\GTFS_US\agency_enriched_geojson\stops\Indiana__Gary_Public_Transportation_Corporation__mdb_tld-4129_stops.geojson,C:\Users\wilsonschutterj\Downloads\GTFS_US\agency_enriched_geojson\stops_with_metadata\Indiana__Gary_Public_Transportation_Corporation__mdb_tld-4129_stops.geojson,success,315,
stops,Indiana__Interurban_Trolley__mdb_mdb-571,C:\Users\wilsonschutterj\Downloads\GTFS_US\agency_enriched_geojson\stops\Indiana__Interurban_Trolley__mdb_mdb-571_stops.geojson,C:\Users\wilsonschutterj\Downloads\GTFS_US\agency_enriched_geojson\stops_with_metadata\Indiana__Interurban_Trolley__mdb_mdb-571_stops.geojson,success,399,
stops,Indiana__South_Bend_Public_Transportation_Corporation__mdb_tld-7019,C:\Users\wilsonschutterj\Downloads\GTFS_US\agency_enriched_geojson\stops\Indiana__South_Bend_Public_Transportation_Corporation__mdb_tld-7019_stops.geojson,C:\Users\wilsonschutterj\Downloads\GTFS_US\agency_enriched_geojson\stops_with_metadata\Indiana__South_Bend_Public_Transportation_Corporation__mdb_tld-7019_stops.geojson,success,928,
stops,Indiana__Transit_Authority_of_River_City_(TARC)__mdb_mdb-2662,C:\Users\wilsonschutterj\Downloads\GTFS_US\agency_enriched_geojson\stops\Indiana__Transit_Authority_of_River_City_(TARC)__mdb_mdb-2662_stops.geojson,C:\Users\wilsonschutterj\Downloads\GTFS_US\agency_enriched_geojson\stops_with_metadata\Indiana__Transit_Authority_of_River_City_(TARC)__mdb_mdb-2662_stops.geojson,success,1370,
stops,Indiana__Valparaiso_Transit__mdb_mdb-620,C:\Users\wilsonschutterj\Downloads\GTFS_US\agency_enriched_geojson\stops\Indiana__Valparaiso_Transit__mdb_mdb-620_stops.geojson,C:\Users\wilsonschutterj\Downloads\GTFS_US\agency_enriched_geojson\stops_with_metadata\Indiana__Valparaiso_Transit__mdb_mdb-620_stops.geojson,success,155,
stops,Iowa__10-15_Transit__mdb_mdb-195,C:\Users\wilsonschutterj\Downloads\GTFS_US\agency_enriched_geojson\stops\Iowa__10-15_Transit__mdb_mdb-195_stops.geojson,C:\Users\wilsonschutterj\Downloads\GTFS_US\agency_enriched_geojson\stops_with_metadata\Iowa__10-15_Transit__mdb_mdb-195_stops.geojson,success,163,
stops,Iowa__Bettendorf_Transit__mdb_mdb-1826,C:\Users\wilsonschutterj\Downloads\GTFS_US\agency_enriched_geojson\stops\Iowa__Bettendorf_Transit__mdb_mdb-1826_stops.geojson,C:\Users\wilsonschutterj\Downloads\GTFS_US\agency_enriched_geojson\stops_with_metadata\Iowa__Bettendorf_Transit__mdb_mdb-1826_stops.geojson,success,155,
stops,Iowa__Burlington_Urban_Service__mdb_mdb-199,C:\Users\wilsonschutterj\Downloads\GTFS_US\agency_enriched_geojson\stops\Iowa__Burlington_Urban_Service__mdb_mdb-199_stops.geojson,C:\Users\wilsonschutterj\Downloads\GTFS_US\agency_enriched_geojson\stops_with_metadata\Iowa__Burlington_Urban_Service__mdb_mdb-199_stops.geojson,success,401,
stops,Iowa__Cedar_Rapids_Transit__mdb_mdb-198,C:\Users\wilsonschutterj\Downloads\GTFS_US\agency_enriched_geojson\stops\Iowa__Cedar_Rapids_Transit__mdb_mdb-198_stops.geojson,C:\Users\wilsonschutterj\Downloads\GTFS_US\agency_enriched_geojson\stops_with_metadata\Iowa__Cedar_Rapids_Transit__mdb_mdb-198_stops.geojson,success,580,
stops,Iowa__Clinton_Municipal_Transit_Administration_(Clinton_MTA)__mdb_mdb-202,C:\Users\wilsonschutterj\Downloads\GTFS_US\agency_enriched_geojson\stops\Iowa__Clinton_Municipal_Transit_Administration_(Clinton_MTA)__mdb_mdb-202_stops.geojson,C:\Users\wilsonschutterj\Downloads\GTFS_US\agency_enriched_geojson\stops_with_metadata\Iowa__Clinton_Municipal_Transit_Administration_(Clinton_MTA)__mdb_mdb-202_stops.geojson,success,224,
stops,Iowa__Coralville_Transit__mdb_mdb-196,C:\Users\wilsonschutterj\Downloads\GTFS_US\agency_enriched_geojson\stops\Iowa__Coralville_Transit__mdb_mdb-196_stops.geojson,C:\Users\wilsonschutterj\Downloads\GTFS_US\agency_enriched_geojson\stops_with_metadata\Iowa__Coralville_Transit__mdb_mdb-196_stops.geojson,success,117,
stops,Iowa__CorridorRides__mdb_mdb-316,C:\Users\wilsonschutterj\Downloads\GTFS_US\agency_enriched_geojson\stops\Iowa__CorridorRides__mdb_mdb-316_stops.geojson,C:\Users\wilsonschutterj\Downloads\GTFS_US\agency_enriched_geojson\stops_with_metadata\Iowa__CorridorRides__mdb_mdb-316_stops.geojson,success,8,
stops,Iowa__CyRide__mdb_mdb-923,C:\Users\wilsonschutterj\Downloads\GTFS_US\agency_enriched_geojson\stops\Iowa__CyRide__mdb_mdb-923_stops.geojson,C:\Users\wilsonschutterj\Downloads\GTFS_US\agency_enriched_geojson\stops_with_metadata\Iowa__CyRide__mdb_mdb-923_stops.geojson,success,358,
stops,Iowa__Des_Moines_Area_Regional_Transit_Authority_(DART)__mdb_mdb-193,C:\Users\wilsonschutterj\Downloads\GTFS_US\agency_enriched_geojson\stops\Iowa__Des_Moines_Area_Regional_Transit_Authority_(DART)__mdb_mdb-193_stops.geojson,C:\Users\wilsonschutterj\Downloads\GTFS_US\agency_enriched_geojson\stops_with_metadata\Iowa__Des_Moines_Area_Regional_Transit_Authority_(DART)__mdb_mdb-193_stops.geojson,success,938,
stops,Iowa__Dodger_Area_Rapid_Transit__mdb_mdb-203,C:\Users\wilsonschutterj\Downloads\GTFS_US\agency_enriched_geojson\stops\Iowa__Dodger_Area_Rapid_Transit__mdb_mdb-203_stops.geojson,C:\Users\wilsonschutterj\Downloads\GTFS_US\agency_enriched_geojson\stops_with_metadata\Iowa__Dodger_Area_Rapid_Transit__mdb_mdb-203_stops.geojson,success,148,
stops,Iowa__Iowa_City_Transit_System__mdb_mdb-559,C:\Users\wilsonschutterj\Downloads\GTFS_US\agency_enriched_geojson\stops\Iowa__Iowa_City_Transit_System__mdb_mdb-559_stops.geojson,C:\Users\wilsonschutterj\Downloads\GTFS_US\agency_enriched_geojson\stops_with_metadata\Iowa__Iowa_City_Transit_System__mdb_mdb-559_stops.geojson,success,355,
stops,Iowa__Marshalltown_Municipal_Transit__mdb_mdb-194,C:\Users\wilsonschutterj\Downloads\GTFS_US\agency_enriched_geojson\stops\Iowa__Marshalltown_Municipal_Transit__mdb_mdb-194_stops.geojson,C:\Users\wilsonschutterj\Downloads\GTFS_US\agency_enriched_geojson\stops_with_metadata\Iowa__Marshalltown_Municipal_Transit__mdb_mdb-194_stops.geojson,success,525,
stops,Iowa__Mason_City_Public_Transit__mdb_mdb-204,C:\Users\wilsonschutterj\Downloads\GTFS_US\agency_enriched_geojson\stops\Iowa__Mason_City_Public_Transit__mdb_mdb-204_stops.geojson,C:\Users\wilsonschutterj\Downloads\GTFS_US\agency_enriched_geojson\stops_with_metadata\Iowa__Mason_City_Public_Transit__mdb_mdb-204_stops.geojson,success,89,
stops,Iowa__Metropolitan_Transit_Authority_of_Black_Hawk_County__mdb_mdb-2414,C:\Users\wilsonschutterj\Downloads\GTFS_US\agency_enriched_geojson\stops\Iowa__Metropolitan_Transit_Authority_of_Black_Hawk_County__mdb_mdb-2414_stops.geojson,C:\Users\wilsonschutterj\Downloads\GTFS_US\agency_enriched_geojson\stops_with_metadata\Iowa__Metropolitan_Transit_Authority_of_Black_Hawk_County__mdb_mdb-2414_stops.geojson,success,280,
stops,Iowa__MuscaBus__mdb_mdb-200,C:\Users\wilsonschutterj\Downloads\GTFS_US\agency_enriched_geojson\stops\Iowa__MuscaBus__mdb_mdb-200_stops.geojson,C:\Users\wilsonschutterj\Downloads\GTFS_US\agency_enriched_geojson\stops_with_metadata\Iowa__MuscaBus__mdb_mdb-200_stops.geojson,success,179,
stops,Iowa__Sioux_City_Transit_System__mdb_mdb-191,C:\Users\wilsonschutterj\Downloads\GTFS_US\agency_enriched_geojson\stops\Iowa__Sioux_City_Transit_System__mdb_mdb-191_stops.geojson,C:\Users\wilsonschutterj\Downloads\GTFS_US\agency_enriched_geojson\stops_with_metadata\Iowa__Sioux_City_Transit_System__mdb_mdb-191_stops.geojson,success,679,
stops,Iowa__The_Jule__mdb_mdb-2083,C:\Users\wilsonschutterj\Downloads\GTFS_US\agency_enriched_geojson\stops\Iowa__The_Jule__mdb_mdb-2083_stops.geojson,C:\Users\wilsonschutterj\Downloads\GTFS_US\agency_enriched_geojson\stops_with_metadata\Iowa__The_Jule__mdb_mdb-2083_stops.geojson,success,272,
stops,Iowa__University_of_Iowa_-_CAMBUS_(CAMBUS)__mdb_mdb-197,C:\Users\wilsonschutterj\Downloads\GTFS_US\agency_enriched_geojson\stops\Iowa__University_of_Iowa_-_CAMBUS_(CAMBUS)__mdb_mdb-197_stops.geojson,C:\Users\wilsonschutterj\Downloads\GTFS_US\agency_enriched_geojson\stops_with_metadata\Iowa__University_of_Iowa_-_CAMBUS_(CAMBUS)__mdb_mdb-197_stops.geojson,success,95,
stops,Kansas__Developmental_Services_of_NW_Kansas_ACCESS_Transportation__mdb_ntd-70060,C:\Users\wilsonschutterj\Downloads\GTFS_US\agency_enriched_geojson\stops\Kansas__Developmental_Services_of_NW_Kansas_ACCESS_Transportation__mdb_ntd-70060_stops.geojson,C:\Users\wilsonschutterj\Downloads\GTFS_US\agency_enriched_geojson\stops_with_metadata\Kansas__Developmental_Services_of_NW_Kansas_ACCESS_Transportation__mdb_ntd-70060_stops.geojson,success,3,
stops,Kansas__Flint_Hills_Area_Transportation_Agency__mdb_tld-4273,C:\Users\wilsonschutterj\Downloads\GTFS_US\agency_enriched_geojson\stops\Kansas__Flint_Hills_Area_Transportation_Agency__mdb_tld-4273_stops.geojson,C:\Users\wilsonschutterj\Downloads\GTFS_US\agency_enriched_geojson\stops_with_metadata\Kansas__Flint_Hills_Area_Transportation_Agency__mdb_tld-4273_stops.geojson,success,169,
stops,Kansas__Johnson_County_Transit__mdb_mdb-2303,C:\Users\wilsonschutterj\Downloads\GTFS_US\agency_enriched_geojson\stops\Kansas__Johnson_County_Transit__mdb_mdb-2303_stops.geojson,C:\Users\wilsonschutterj\Downloads\GTFS_US\agency_enriched_geojson\stops_with_metadata\Kansas__Johnson_County_Transit__mdb_mdb-2303_stops.geojson,success,571,
stops,Kansas__Kansas_City_Area_Transportation_Authority_(KCATA)__mdb_mdb-187,C:\Users\wilsonschutterj\Downloads\GTFS_US\agency_enriched_geojson\stops\Kansas__Kansas_City_Area_Transportation_Authority_(KCATA)__mdb_mdb-187_stops.geojson,C:\Users\wilsonschutterj\Downloads\GTFS_US\agency_enriched_geojson\stops_with_metadata\Kansas__Kansas_City_Area_Transportation_Authority_(KCATA)__mdb_mdb-187_stops.geojson,success,2300,
stops,Kansas__KU_on_Wheels_&_Lawrence_Transit_System__mdb_mdb-2063,C:\Users\wilsonschutterj\Downloads\GTFS_US\agency_enriched_geojson\stops\Kansas__KU_on_Wheels_&_Lawrence_Transit_System__mdb_mdb-2063_stops.geojson,C:\Users\wilsonschutterj\Downloads\GTFS_US\agency_enriched_geojson\stops_with_metadata\Kansas__KU_on_Wheels_&_Lawrence_Transit_System__mdb_mdb-2063_stops.geojson,success,440,
stops,Kansas__KU_on_Wheels_&_Lawrence_Transit_System__mdb_tld-1039,C:\Users\wilsonschutterj\Downloads\GTFS_US\agency_enriched_geojson\stops\Kansas__KU_on_Wheels_&_Lawrence_Transit_System__mdb_tld-1039_stops.geojson,C:\Users\wilsonschutterj\Downloads\GTFS_US\agency_enriched_geojson\stops_with_metadata\Kansas__KU_on_Wheels_&_Lawrence_Transit_System__mdb_tld-1039_stops.geojson,success,457,
stops,Kansas__Reno_County_Area_Transit__mdb_tld-6670,C:\Users\wilsonschutterj\Downloads\GTFS_US\agency_enriched_geojson\stops\Kansas__Reno_County_Area_Transit__mdb_tld-6670_stops.geojson,C:\Users\wilsonschutterj\Downloads\GTFS_US\agency_enriched_geojson\stops_with_metadata\Kansas__Reno_County_Area_Transit__mdb_tld-6670_stops.geojson,success,40,
stops,Kansas__Topeka_Metro__mdb_tld-1660_1,C:\Users\wilsonschutterj\Downloads\GTFS_US\agency_enriched_geojson\stops\Kansas__Topeka_Metro__mdb_tld-1660_1_stops.geojson,C:\Users\wilsonschutterj\Downloads\GTFS_US\agency_enriched_geojson\stops_with_metadata\Kansas__Topeka_Metro__mdb_tld-1660_1_stops.geojson,success,605,
stops,Kentucky__Blue_Grass_Community_Action_Partnership__mdb_mdb-362,C:\Users\wilsonschutterj\Downloads\GTFS_US\agency_enriched_geojson\stops\Kentucky__Blue_Grass_Community_Action_Partnership__mdb_mdb-362_stops.geojson,C:\Users\wilsonschutterj\Downloads\GTFS_US\agency_enriched_geojson\stops_with_metadata\Kentucky__Blue_Grass_Community_Action_Partnership__mdb_mdb-362_stops.geojson,success,122,
stops,Kentucky__City_of_Bowling_Green__mdb_ntd-40184,C:\Users\wilsonschutterj\Downloads\GTFS_US\agency_enriched_geojson\stops\Kentucky__City_of_Bowling_Green__mdb_ntd-40184_stops.geojson,C:\Users\wilsonschutterj\Downloads\GTFS_US\agency_enriched_geojson\stops_with_metadata\Kentucky__City_of_Bowling_Green__mdb_ntd-40184_stops.geojson,success,167,
stops,Kentucky__City_of_Maysville__mdb_ntd-41032,C:\Users\wilsonschutterj\Downloads\GTFS_US\agency_enriched_geojson\stops\Kentucky__City_of_Maysville__mdb_ntd-41032_stops.geojson,C:\Users\wilsonschutterj\Downloads\GTFS_US\agency_enriched_geojson\stops_with_metadata\Kentucky__City_of_Maysville__mdb_ntd-41032_stops.geojson,success,21,
stops,Kentucky__Lextran__mdb_mdb-2067,C:\Users\wilsonschutterj\Downloads\GTFS_US\agency_enriched_geojson\stops\Kentucky__Lextran__mdb_mdb-2067_stops.geojson,C:\Users\wilsonschutterj\Downloads\GTFS_US\agency_enriched_geojson\stops_with_metadata\Kentucky__Lextran__mdb_mdb-2067_stops.geojson,success,881,
stops,Kentucky__Transit_Authority_of_Northern_Kentucky_(TANK)__mdb_mdb-2068,C:\Users\wilsonschutterj\Downloads\GTFS_US\agency_enriched_geojson\stops\Kentucky__Transit_Authority_of_Northern_Kentucky_(TANK)__mdb_mdb-2068_stops.geojson,C:\Users\wilsonschutterj\Downloads\GTFS_US\agency_enriched_geojson\stops_with_metadata\Kentucky__Transit_Authority_of_Northern_Kentucky_(TANK)__mdb_mdb-2068_stops.geojson,success,809,
stops,Louisiana__Capital_Area_Transit_System_(CATS)__mdb_mdb-2065,C:\Users\wilsonschutterj\Downloads\GTFS_US\agency_enriched_geojson\stops\Louisiana__Capital_Area_Transit_System_(CATS)__mdb_mdb-2065_stops.geojson,C:\Users\wilsonschutterj\Downloads\GTFS_US\agency_enriched_geojson\stops_with_metadata\Louisiana__Capital_Area_Transit_System_(CATS)__mdb_mdb-2065_stops.geojson,success,1371,
stops,Louisiana__Good_Earth_Transit__mdb_ntd-60080,C:\Users\wilsonschutterj\Downloads\GTFS_US\agency_enriched_geojson\stops\Louisiana__Good_Earth_Transit__mdb_ntd-60080_stops.geojson,C:\Users\wilsonschutterj\Downloads\GTFS_US\agency_enriched_geojson\stops_with_metadata\Louisiana__Good_Earth_Transit__mdb_ntd-60080_stops.geojson,success,368,
stops,Louisiana__Lake_Charles_Transit__mdb_ntd-60023,C:\Users\wilsonschutterj\Downloads\GTFS_US\agency_enriched_geojson\stops\Louisiana__Lake_Charles_Transit__mdb_ntd-60023_stops.geojson,C:\Users\wilsonschutterj\Downloads\GTFS_US\agency_enriched_geojson\stops_with_metadata\Louisiana__Lake_Charles_Transit__mdb_ntd-60023_stops.geojson,success,176,
stops,Louisiana__New_Orleans_Regional_Transit_Authority_(NORTA)__mdb_ntd-60032,C:\Users\wilsonschutterj\Downloads\GTFS_US\agency_enriched_geojson\stops\Louisiana__New_Orleans_Regional_Transit_Authority_(NORTA)__mdb_ntd-60032_stops.geojson,C:\Users\wilsonschutterj\Downloads\GTFS_US\agency_enriched_geojson\stops_with_metadata\Louisiana__New_Orleans_Regional_Transit_Authority_(NORTA)__mdb_ntd-60032_stops.geojson,success,2002,
stops,Louisiana__Shreveport_and_Bossier_City__mdb_mdb-1060,C:\Users\wilsonschutterj\Downloads\GTFS_US\agency_enriched_geojson\stops\Louisiana__Shreveport_and_Bossier_City__mdb_mdb-1060_stops.geojson,C:\Users\wilsonschutterj\Downloads\GTFS_US\agency_enriched_geojson\stops_with_metadata\Louisiana__Shreveport_and_Bossier_City__mdb_mdb-1060_stops.geojson,success,906,
stops,Louisiana__St._Bernard_Parish__mdb_ntd-60058,C:\Users\wilsonschutterj\Downloads\GTFS_US\agency_enriched_geojson\stops\Louisiana__St._Bernard_Parish__mdb_ntd-60058_stops.geojson,C:\Users\wilsonschutterj\Downloads\GTFS_US\agency_enriched_geojson\stops_with_metadata\Louisiana__St._Bernard_Parish__mdb_ntd-60058_stops.geojson,success,95,
stops,Maine__Acadia_National_Park__mdb_tld-6900,C:\Users\wilsonschutterj\Downloads\GTFS_US\agency_enriched_geojson\stops\Maine__Acadia_National_Park__mdb_tld-6900_stops.geojson,C:\Users\wilsonschutterj\Downloads\GTFS_US\agency_enriched_geojson\stops_with_metadata\Maine__Acadia_National_Park__mdb_tld-6900_stops.geojson,success,63,
stops,Maine__Bangor_Community_Connector__mdb_tld-7824,C:\Users\wilsonschutterj\Downloads\GTFS_US\agency_enriched_geojson\stops\Maine__Bangor_Community_Connector__mdb_tld-7824_stops.geojson,C:\Users\wilsonschutterj\Downloads\GTFS_US\agency_enriched_geojson\stops_with_metadata\Maine__Bangor_Community_Connector__mdb_tld-7824_stops.geojson,success,430,
stops,Maine__Biddeford_Saco_Old_Orchard_Beach_Transit__mdb_tld-4756,C:\Users\wilsonschutterj\Downloads\GTFS_US\agency_enriched_geojson\stops\Maine__Biddeford_Saco_Old_Orchard_Beach_Transit__mdb_tld-4756_stops.geojson,C:\Users\wilsonschutterj\Downloads\GTFS_US\agency_enriched_geojson\stops_with_metadata\Maine__Biddeford_Saco_Old_Orchard_Beach_Transit__mdb_tld-4756_stops.geojson,success,232,
stops,Maine__Greater_Portland_Metro_Bus__mdb_mdb-2642,C:\Users\wilsonschutterj\Downloads\GTFS_US\agency_enriched_geojson\stops\Maine__Greater_Portland_Metro_Bus__mdb_mdb-2642_stops.geojson,C:\Users\wilsonschutterj\Downloads\GTFS_US\agency_enriched_geojson\stops_with_metadata\Maine__Greater_Portland_Metro_Bus__mdb_mdb-2642_stops.geojson,success,1368,
stops,Maine__Lakes_Region_Explorer__mdb_mdb-452,C:\Users\wilsonschutterj\Downloads\GTFS_US\agency_enriched_geojson\stops\Maine__Lakes_Region_Explorer__mdb_mdb-452_stops.geojson,C:\Users\wilsonschutterj\Downloads\GTFS_US\agency_enriched_geojson\stops_with_metadata\Maine__Lakes_Region_Explorer__mdb_mdb-452_stops.geojson,success,21,
stops,Maine__West's_Bus_Service__mdb_tld-7870,C:\Users\wilsonschutterj\Downloads\GTFS_US\agency_enriched_geojson\stops\Maine__West's_Bus_Service__mdb_tld-7870_stops.geojson,C:\Users\wilsonschutterj\Downloads\GTFS_US\agency_enriched_geojson\stops_with_metadata\Maine__West's_Bus_Service__mdb_tld-7870_stops.geojson,success,28,
stops,Maryland__Annapolis_Transit__mdb_mdb-2285,C:\Users\wilsonschutterj\Downloads\GTFS_US\agency_enriched_geojson\stops\Maryland__Annapolis_Transit__mdb_mdb-2285_stops.geojson,C:\Users\wilsonschutterj\Downloads\GTFS_US\agency_enriched_geojson\stops_with_metadata\Maryland__Annapolis_Transit__mdb_mdb-2285_stops.geojson,success,166,
stops,Maryland__Cecil_Transit__mdb_mdb-3178,C:\Users\wilsonschutterj\Downloads\GTFS_US\agency_enriched_geojson\stops\Maryland__Cecil_Transit__mdb_mdb-3178_stops.geojson,C:\Users\wilsonschutterj\Downloads\GTFS_US\agency_enriched_geojson\stops_with_metadata\Maryland__Cecil_Transit__mdb_mdb-3178_stops.geojson,success,108,
stops,Maryland__Frederick_County_TransIT__mdb_mdb-2432,C:\Users\wilsonschutterj\Downloads\GTFS_US\agency_enriched_geojson\stops\Maryland__Frederick_County_TransIT__mdb_mdb-2432_stops.geojson,C:\Users\wilsonschutterj\Downloads\GTFS_US\agency_enriched_geojson\stops_with_metadata\Maryland__Frederick_County_TransIT__mdb_mdb-2432_stops.geojson,success,395,
stops,Maryland__Harbor_Connector__mdb_mdb-618,C:\Users\wilsonschutterj\Downloads\GTFS_US\agency_enriched_geojson\stops\Maryland__Harbor_Connector__mdb_mdb-618_stops.geojson,C:\Users\wilsonschutterj\Downloads\GTFS_US\agency_enriched_geojson\stops_with_metadata\Maryland__Harbor_Connector__mdb_mdb-618_stops.geojson,success,10,
stops,Maryland__Maryland_Transit_Administration__mdb_mdb-466,C:\Users\wilsonschutterj\Downloads\GTFS_US\agency_enriched_geojson\stops\Maryland__Maryland_Transit_Administration__mdb_mdb-466_stops.geojson,C:\Users\wilsonschutterj\Downloads\GTFS_US\agency_enriched_geojson\stops_with_metadata\Maryland__Maryland_Transit_Administration__mdb_mdb-466_stops.geojson,success,4056,
stops,Maryland__Maryland_Transit_Administration__mdb_mdb-469,C:\Users\wilsonschutterj\Downloads\GTFS_US\agency_enriched_geojson\stops\Maryland__Maryland_Transit_Administration__mdb_mdb-469_stops.geojson,C:\Users\wilsonschutterj\Downloads\GTFS_US\agency_enriched_geojson\stops_with_metadata\Maryland__Maryland_Transit_Administration__mdb_mdb-469_stops.geojson,success,161,
stops,Maryland__Maryland_Transit_Administration_Metro_Subway__mdb_mdb-470,C:\Users\wilsonschutterj\Downloads\GTFS_US\agency_enriched_geojson\stops\Maryland__Maryland_Transit_Administration_Metro_Subway__mdb_mdb-470_stops.geojson,C:\Users\wilsonschutterj\Downloads\GTFS_US\agency_enriched_geojson\stops_with_metadata\Maryland__Maryland_Transit_Administration_Metro_Subway__mdb_mdb-470_stops.geojson,success,239,
stops,Maryland__Montgomery_County_Department_of_Transportation_(Ride_On)__mdb_mdb-488,C:\Users\wilsonschutterj\Downloads\GTFS_US\agency_enriched_geojson\stops\Maryland__Montgomery_County_Department_of_Transportation_(Ride_On)__mdb_mdb-488_stops.geojson,C:\Users\wilsonschutterj\Downloads\GTFS_US\agency_enriched_geojson\stops_with_metadata\Maryland__Montgomery_County_Department_of_Transportation_(Ride_On)__mdb_mdb-488_stops.geojson,success,4580,
stops,Maryland__Prince_George's_County_(The_Bus)__mdb_mdb-477,C:\Users\wilsonschutterj\Downloads\GTFS_US\agency_enriched_geojson\stops\Maryland__Prince_George's_County_(The_Bus)__mdb_mdb-477_stops.geojson,C:\Users\wilsonschutterj\Downloads\GTFS_US\agency_enriched_geojson\stops_with_metadata\Maryland__Prince_George's_County_(The_Bus)__mdb_mdb-477_stops.geojson,success,1652,
stops,Maryland__rabbittransit__mdb_tld-223,C:\Users\wilsonschutterj\Downloads\GTFS_US\agency_enriched_geojson\stops\Maryland__rabbittransit__mdb_tld-223_stops.geojson,C:\Users\wilsonschutterj\Downloads\GTFS_US\agency_enriched_geojson\stops_with_metadata\Maryland__rabbittransit__mdb_tld-223_stops.geojson,success,720,
stops,Maryland__Regional_Transportation_Agency_of_Central_Maryland_(RTA)__mdb_mdb-489,C:\Users\wilsonschutterj\Downloads\GTFS_US\agency_enriched_geojson\stops\Maryland__Regional_Transportation_Agency_of_Central_Maryland_(RTA)__mdb_mdb-489_stops.geojson,C:\Users\wilsonschutterj\Downloads\GTFS_US\agency_enriched_geojson\stops_with_metadata\Maryland__Regional_Transportation_Agency_of_Central_Maryland_(RTA)__mdb_mdb-489_stops.geojson,success,771,
stops,Maryland__Saint_Maryʼs_Transit_System__mdb_mdb-2268,C:\Users\wilsonschutterj\Downloads\GTFS_US\agency_enriched_geojson\stops\Maryland__Saint_Maryʼs_Transit_System__mdb_mdb-2268_stops.geojson,C:\Users\wilsonschutterj\Downloads\GTFS_US\agency_enriched_geojson\stops_with_metadata\Maryland__Saint_Maryʼs_Transit_System__mdb_mdb-2268_stops.geojson,success,105,
stops,Maryland__Towson_Loop__mdb_mdb-1784,C:\Users\wilsonschutterj\Downloads\GTFS_US\agency_enriched_geojson\stops\Maryland__Towson_Loop__mdb_mdb-1784_stops.geojson,C:\Users\wilsonschutterj\Downloads\GTFS_US\agency_enriched_geojson\stops_with_metadata\Maryland__Towson_Loop__mdb_mdb-1784_stops.geojson,success,48,
stops,Maryland__Washington_County_Transit__mdb_mdb-2286,C:\Users\wilsonschutterj\Downloads\GTFS_US\agency_enriched_geojson\stops\Maryland__Washington_County_Transit__mdb_mdb-2286_stops.geojson,C:\Users\wilsonschutterj\Downloads\GTFS_US\agency_enriched_geojson\stops_with_metadata\Maryland__Washington_County_Transit__mdb_mdb-2286_stops.geojson,success,45,
stops,Massachusetts__Bay_State_Cruise_Company__mdb_mdb-435,C:\Users\wilsonschutterj\Downloads\GTFS_US\agency_enriched_geojson\stops\Massachusetts__Bay_State_Cruise_Company__mdb_mdb-435_stops.geojson,C:\Users\wilsonschutterj\Downloads\GTFS_US\agency_enriched_geojson\stops_with_metadata\Massachusetts__Bay_State_Cruise_Company__mdb_mdb-435_stops.geojson,success,2,
stops,Massachusetts__Berkshire_Regional_Transit_Authority_(BRTA)__mdb_mdb-537,C:\Users\wilsonschutterj\Downloads\GTFS_US\agency_enriched_geojson\stops\Massachusetts__Berkshire_Regional_Transit_Authority_(BRTA)__mdb_mdb-537_stops.geojson,C:\Users\wilsonschutterj\Downloads\GTFS_US\agency_enriched_geojson\stops_with_metadata\Massachusetts__Berkshire_Regional_Transit_Authority_(BRTA)__mdb_mdb-537_stops.geojson,success,208,
stops,Massachusetts__Block_Island_Ferry__mdb_mdb-554,C:\Users\wilsonschutterj\Downloads\GTFS_US\agency_enriched_geojson\stops\Massachusetts__Block_Island_Ferry__mdb_mdb-554_stops.geojson,C:\Users\wilsonschutterj\Downloads\GTFS_US\agency_enriched_geojson\stops_with_metadata\Massachusetts__Block_Island_Ferry__mdb_mdb-554_stops.geojson,success,4,
stops,Massachusetts__Blue_Apple_Bus_Company__mdb_mdb-2299,C:\Users\wilsonschutterj\Downloads\GTFS_US\agency_enriched_geojson\stops\Massachusetts__Blue_Apple_Bus_Company__mdb_mdb-2299_stops.geojson,C:\Users\wilsonschutterj\Downloads\GTFS_US\agency_enriched_geojson\stops_with_metadata\Massachusetts__Blue_Apple_Bus_Company__mdb_mdb-2299_stops.geojson,success,7,
stops,Massachusetts__Boston_Harbor_Island_National_Recreation_Area__mdb_mdb-3416,C:\Users\wilsonschutterj\Downloads\GTFS_US\agency_enriched_geojson\stops\Massachusetts__Boston_Harbor_Island_National_Recreation_Area__mdb_mdb-3416_stops.geojson,C:\Users\wilsonschutterj\Downloads\GTFS_US\agency_enriched_geojson\stops_with_metadata\Massachusetts__Boston_Harbor_Island_National_Recreation_Area__mdb_mdb-3416_stops.geojson,success,2,
stops,Massachusetts__Boston_Harbor_Islands_Ferry__mdb_mdb-2679,C:\Users\wilsonschutterj\Downloads\GTFS_US\agency_enriched_geojson\stops\Massachusetts__Boston_Harbor_Islands_Ferry__mdb_mdb-2679_stops.geojson,C:\Users\wilsonschutterj\Downloads\GTFS_US\agency_enriched_geojson\stops_with_metadata\Massachusetts__Boston_Harbor_Islands_Ferry__mdb_mdb-2679_stops.geojson,success,5,
stops,Massachusetts__Brockton_Area_Transit_Authority_(BAT)__mdb_mdb-422,C:\Users\wilsonschutterj\Downloads\GTFS_US\agency_enriched_geojson\stops\Massachusetts__Brockton_Area_Transit_Authority_(BAT)__mdb_mdb-422_stops.geojson,C:\Users\wilsonschutterj\Downloads\GTFS_US\agency_enriched_geojson\stops_with_metadata\Massachusetts__Brockton_Area_Transit_Authority_(BAT)__mdb_mdb-422_stops.geojson,success,963,
stops,Massachusetts__Brockton_Area_Transit_Authority__mdb_ntd-10004,C:\Users\wilsonschutterj\Downloads\GTFS_US\agency_enriched_geojson\stops\Massachusetts__Brockton_Area_Transit_Authority__mdb_ntd-10004_stops.geojson,C:\Users\wilsonschutterj\Downloads\GTFS_US\agency_enriched_geojson\stops_with_metadata\Massachusetts__Brockton_Area_Transit_Authority__mdb_ntd-10004_stops.geojson,success,815,
stops,Massachusetts__Cape_Ann_Transportation_Authority_(CATA)__mdb_mdb-447,C:\Users\wilsonschutterj\Downloads\GTFS_US\agency_enriched_geojson\stops\Massachusetts__Cape_Ann_Transportation_Authority_(CATA)__mdb_mdb-447_stops.geojson,C:\Users\wilsonschutterj\Downloads\GTFS_US\agency_enriched_geojson\stops_with_metadata\Massachusetts__Cape_Ann_Transportation_Authority_(CATA)__mdb_mdb-447_stops.geojson,success,309,
stops,Massachusetts__Cape_Cod_Regional_Transportation_Authority_(Cape_Cod_RTA)__mdb_mdb-645,C:\Users\wilsonschutterj\Downloads\GTFS_US\agency_enriched_geojson\stops\Massachusetts__Cape_Cod_Regional_Transportation_Authority_(Cape_Cod_RTA)__mdb_mdb-645_stops.geojson,C:\Users\wilsonschutterj\Downloads\GTFS_US\agency_enriched_geojson\stops_with_metadata\Massachusetts__Cape_Cod_Regional_Transportation_Authority_(Cape_Cod_RTA)__mdb_mdb-645_stops.geojson,success,219,
stops,Massachusetts__Cuttyhunk_Ferry_Company__mdb_mdb-423,C:\Users\wilsonschutterj\Downloads\GTFS_US\agency_enriched_geojson\stops\Massachusetts__Cuttyhunk_Ferry_Company__mdb_mdb-423_stops.geojson,C:\Users\wilsonschutterj\Downloads\GTFS_US\agency_enriched_geojson\stops_with_metadata\Massachusetts__Cuttyhunk_Ferry_Company__mdb_mdb-423_stops.geojson,success,2,
stops,Massachusetts__Franklin_Regional_Transit_Authority_(FRTA)__mdb_mdb-429,C:\Users\wilsonschutterj\Downloads\GTFS_US\agency_enriched_geojson\stops\Massachusetts__Franklin_Regional_Transit_Authority_(FRTA)__mdb_mdb-429_stops.geojson,C:\Users\wilsonschutterj\Downloads\GTFS_US\agency_enriched_geojson\stops_with_metadata\Massachusetts__Franklin_Regional_Transit_Authority_(FRTA)__mdb_mdb-429_stops.geojson,success,206,
stops,Massachusetts__Freedom_Cruise_Line__mdb_mdb-425,C:\Users\wilsonschutterj\Downloads\GTFS_US\agency_enriched_geojson\stops\Massachusetts__Freedom_Cruise_Line__mdb_mdb-425_stops.geojson,C:\Users\wilsonschutterj\Downloads\GTFS_US\agency_enriched_geojson\stops_with_metadata\Massachusetts__Freedom_Cruise_Line__mdb_mdb-425_stops.geojson,success,2,
stops,Massachusetts__Green_Mountain_Community_Network_(GMCN)__mdb_mdb-539,C:\Users\wilsonschutterj\Downloads\GTFS_US\agency_enriched_geojson\stops\Massachusetts__Green_Mountain_Community_Network_(GMCN)__mdb_mdb-539_stops.geojson,C:\Users\wilsonschutterj\Downloads\GTFS_US\agency_enriched_geojson\stops_with_metadata\Massachusetts__Green_Mountain_Community_Network_(GMCN)__mdb_mdb-539_stops.geojson,success,109,
stops,Massachusetts__Hy-Line_Cruises__mdb_mdb-427,C:\Users\wilsonschutterj\Downloads\GTFS_US\agency_enriched_geojson\stops\Massachusetts__Hy-Line_Cruises__mdb_mdb-427_stops.geojson,C:\Users\wilsonschutterj\Downloads\GTFS_US\agency_enriched_geojson\stops_with_metadata\Massachusetts__Hy-Line_Cruises__mdb_mdb-427_stops.geojson,success,3,
stops,Massachusetts__Lowell_Regional_Transit_Authority_(LRTA)__mdb_mdb-444,C:\Users\wilsonschutterj\Downloads\GTFS_US\agency_enriched_geojson\stops\Massachusetts__Lowell_Regional_Transit_Authority_(LRTA)__mdb_mdb-444_stops.geojson,C:\Users\wilsonschutterj\Downloads\GTFS_US\agency_enriched_geojson\stops_with_metadata\Massachusetts__Lowell_Regional_Transit_Authority_(LRTA)__mdb_mdb-444_stops.geojson,success,886,
stops,Massachusetts__Martha's_Vineyard_Transit_Authority__mdb_mdb-420,C:\Users\wilsonschutterj\Downloads\GTFS_US\agency_enriched_geojson\stops\Massachusetts__Martha's_Vineyard_Transit_Authority__mdb_mdb-420_stops.geojson,C:\Users\wilsonschutterj\Downloads\GTFS_US\agency_enriched_geojson\stops_with_metadata\Massachusetts__Martha's_Vineyard_Transit_Authority__mdb_mdb-420_stops.geojson,success,128,
stops,Massachusetts__Massachusetts_Bay_Transportation_Authority_(MBTA)__mdb_mdb-437,C:\Users\wilsonschutterj\Downloads\GTFS_US\agency_enriched_geojson\stops\Massachusetts__Massachusetts_Bay_Transportation_Authority_(MBTA)__mdb_mdb-437_stops.geojson,C:\Users\wilsonschutterj\Downloads\GTFS_US\agency_enriched_geojson\stops_with_metadata\Massachusetts__Massachusetts_Bay_Transportation_Authority_(MBTA)__mdb_mdb-437_stops.geojson,success,9674,
stops,Massachusetts__Massport__mdb_mdb-441,C:\Users\wilsonschutterj\Downloads\GTFS_US\agency_enriched_geojson\stops\Massachusetts__Massport__mdb_mdb-441_stops.geojson,C:\Users\wilsonschutterj\Downloads\GTFS_US\agency_enriched_geojson\stops_with_metadata\Massachusetts__Massport__mdb_mdb-441_stops.geojson,success,83,
stops,Massachusetts__Merrimack_Valley_Regional_Transit_Authority_(MVRTA)__mdb_mdb-445,C:\Users\wilsonschutterj\Downloads\GTFS_US\agency_enriched_geojson\stops\Massachusetts__Merrimack_Valley_Regional_Transit_Authority_(MVRTA)__mdb_mdb-445_stops.geojson,C:\Users\wilsonschutterj\Downloads\GTFS_US\agency_enriched_geojson\stops_with_metadata\Massachusetts__Merrimack_Valley_Regional_Transit_Authority_(MVRTA)__mdb_mdb-445_stops.geojson,success,1134,
stops,Massachusetts__MetroWest_Regional_Transit_Authority_(MWRTA)__mdb_mdb-439,C:\Users\wilsonschutterj\Downloads\GTFS_US\agency_enriched_geojson\stops\Massachusetts__MetroWest_Regional_Transit_Authority_(MWRTA)__mdb_mdb-439_stops.geojson,C:\Users\wilsonschutterj\Downloads\GTFS_US\agency_enriched_geojson\stops_with_metadata\Massachusetts__MetroWest_Regional_Transit_Authority_(MWRTA)__mdb_mdb-439_stops.geojson,success,125,
stops,Massachusetts__Middlesex_3_TMA__mdb_mdb-442,C:\Users\wilsonschutterj\Downloads\GTFS_US\agency_enriched_geojson\stops\Massachusetts__Middlesex_3_TMA__mdb_mdb-442_stops.geojson,C:\Users\wilsonschutterj\Downloads\GTFS_US\agency_enriched_geojson\stops_with_metadata\Massachusetts__Middlesex_3_TMA__mdb_mdb-442_stops.geojson,success,5,
stops,Massachusetts__Montachusett_Regional_Transit_Authority_(MART)__mdb_mdb-433,C:\Users\wilsonschutterj\Downloads\GTFS_US\agency_enriched_geojson\stops\Massachusetts__Montachusett_Regional_Transit_Authority_(MART)__mdb_mdb-433_stops.geojson,C:\Users\wilsonschutterj\Downloads\GTFS_US\agency_enriched_geojson\stops_with_metadata\Massachusetts__Montachusett_Regional_Transit_Authority_(MART)__mdb_mdb-433_stops.geojson,success,195,
stops,Massachusetts__Nantucket_Regional_Transit_Authority_(WAVE)__mdb_mdb-426,C:\Users\wilsonschutterj\Downloads\GTFS_US\agency_enriched_geojson\stops\Massachusetts__Nantucket_Regional_Transit_Authority_(WAVE)__mdb_mdb-426_stops.geojson,C:\Users\wilsonschutterj\Downloads\GTFS_US\agency_enriched_geojson\stops_with_metadata\Massachusetts__Nantucket_Regional_Transit_Authority_(WAVE)__mdb_mdb-426_stops.geojson,success,234,
stops,Massachusetts__Patriots_Party_Boats__mdb_mdb-424,C:\Users\wilsonschutterj\Downloads\GTFS_US\agency_enriched_geojson\stops\Massachusetts__Patriots_Party_Boats__mdb_mdb-424_stops.geojson,C:\Users\wilsonschutterj\Downloads\GTFS_US\agency_enriched_geojson\stops_with_metadata\Massachusetts__Patriots_Party_Boats__mdb_mdb-424_stops.geojson,success,2,
stops,Massachusetts__Plymouth_&_Brockton_Street_Railway_Co__mdb_mdb-556,C:\Users\wilsonschutterj\Downloads\GTFS_US\agency_enriched_geojson\stops\Massachusetts__Plymouth_&_Brockton_Street_Railway_Co__mdb_mdb-556_stops.geojson,C:\Users\wilsonschutterj\Downloads\GTFS_US\agency_enriched_geojson\stops_with_metadata\Massachusetts__Plymouth_&_Brockton_Street_Railway_Co__mdb_mdb-556_stops.geojson,success,9,
stops,Massachusetts__Rhode_Island_Public_Transit_Authority__mdb_mdb-624,C:\Users\wilsonschutterj\Downloads\GTFS_US\agency_enriched_geojson\stops\Massachusetts__Rhode_Island_Public_Transit_Authority__mdb_mdb-624_stops.geojson,C:\Users\wilsonschutterj\Downloads\GTFS_US\agency_enriched_geojson\stops_with_metadata\Massachusetts__Rhode_Island_Public_Transit_Authority__mdb_mdb-624_stops.geojson,success,3553,
stops,Massachusetts__Southeastern_Regional_Transit_Authority_(SRTA)__mdb_mdb-421,C:\Users\wilsonschutterj\Downloads\GTFS_US\agency_enriched_geojson\stops\Massachusetts__Southeastern_Regional_Transit_Authority_(SRTA)__mdb_mdb-421_stops.geojson,C:\Users\wilsonschutterj\Downloads\GTFS_US\agency_enriched_geojson\stops_with_metadata\Massachusetts__Southeastern_Regional_Transit_Authority_(SRTA)__mdb_mdb-421_stops.geojson,success,1017,
stops,Massachusetts__Vineyard_Fast_Ferry__mdb_mdb-419,C:\Users\wilsonschutterj\Downloads\GTFS_US\agency_enriched_geojson\stops\Massachusetts__Vineyard_Fast_Ferry__mdb_mdb-419_stops.geojson,C:\Users\wilsonschutterj\Downloads\GTFS_US\agency_enriched_geojson\stops_with_metadata\Massachusetts__Vineyard_Fast_Ferry__mdb_mdb-419_stops.geojson,success,4,
stops,Michigan__Ann_Arbor_Area_Transportation_Authority_(TheRide)__mdb_mdb-415,C:\Users\wilsonschutterj\Downloads\GTFS_US\agency_enriched_geojson\stops\Michigan__Ann_Arbor_Area_Transportation_Authority_(TheRide)__mdb_mdb-415_stops.geojson,C:\Users\wilsonschutterj\Downloads\GTFS_US\agency_enriched_geojson\stops_with_metadata\Michigan__Ann_Arbor_Area_Transportation_Authority_(TheRide)__mdb_mdb-415_stops.geojson,success,1060,
stops,Michigan__Bay_Area_Transportation_Authority__mdb_mdb-2254,C:\Users\wilsonschutterj\Downloads\GTFS_US\agency_enriched_geojson\stops\Michigan__Bay_Area_Transportation_Authority__mdb_mdb-2254_stops.geojson,C:\Users\wilsonschutterj\Downloads\GTFS_US\agency_enriched_geojson\stops_with_metadata\Michigan__Bay_Area_Transportation_Authority__mdb_mdb-2254_stops.geojson,success,248,
stops,Michigan__Bay_Metropolitan_Transit_Authority__mdb_ntd-50029,C:\Users\wilsonschutterj\Downloads\GTFS_US\agency_enriched_geojson\stops\Michigan__Bay_Metropolitan_Transit_Authority__mdb_ntd-50029_stops.geojson,C:\Users\wilsonschutterj\Downloads\GTFS_US\agency_enriched_geojson\stops_with_metadata\Michigan__Bay_Metropolitan_Transit_Authority__mdb_ntd-50029_stops.geojson,success,86,
stops,Michigan__Blue_Water_Area_Transit__mdb_tld-7035,C:\Users\wilsonschutterj\Downloads\GTFS_US\agency_enriched_geojson\stops\Michigan__Blue_Water_Area_Transit__mdb_tld-7035_stops.geojson,C:\Users\wilsonschutterj\Downloads\GTFS_US\agency_enriched_geojson\stops_with_metadata\Michigan__Blue_Water_Area_Transit__mdb_tld-7035_stops.geojson,success,322,
stops,Michigan__Capital_Area_Transportation_Authority_(CATA)__mdb_mdb-402,C:\Users\wilsonschutterj\Downloads\GTFS_US\agency_enriched_geojson\stops\Michigan__Capital_Area_Transportation_Authority_(CATA)__mdb_mdb-402_stops.geojson,C:\Users\wilsonschutterj\Downloads\GTFS_US\agency_enriched_geojson\stops_with_metadata\Michigan__Capital_Area_Transportation_Authority_(CATA)__mdb_mdb-402_stops.geojson,success,1367,
stops,Michigan__Detroit_People_Mover__mdb_mdb-2281,C:\Users\wilsonschutterj\Downloads\GTFS_US\agency_enriched_geojson\stops\Michigan__Detroit_People_Mover__mdb_mdb-2281_stops.geojson,C:\Users\wilsonschutterj\Downloads\GTFS_US\agency_enriched_geojson\stops_with_metadata\Michigan__Detroit_People_Mover__mdb_mdb-2281_stops.geojson,success,88,
stops,Michigan__Froggy_Transportation__mdb_mdb-2216,C:\Users\wilsonschutterj\Downloads\GTFS_US\agency_enriched_geojson\stops\Michigan__Froggy_Transportation__mdb_mdb-2216_stops.geojson,C:\Users\wilsonschutterj\Downloads\GTFS_US\agency_enriched_geojson\stops_with_metadata\Michigan__Froggy_Transportation__mdb_mdb-2216_stops.geojson,success,3,
stops,Michigan__Kalamazoo_Metro_Transit__mdb_tld-674,C:\Users\wilsonschutterj\Downloads\GTFS_US\agency_enriched_geojson\stops\Michigan__Kalamazoo_Metro_Transit__mdb_tld-674_stops.geojson,C:\Users\wilsonschutterj\Downloads\GTFS_US\agency_enriched_geojson\stops_with_metadata\Michigan__Kalamazoo_Metro_Transit__mdb_tld-674_stops.geojson,success,699,
stops,Michigan__Lake_Erie_Transit__mdb_tld-6883,C:\Users\wilsonschutterj\Downloads\GTFS_US\agency_enriched_geojson\stops\Michigan__Lake_Erie_Transit__mdb_tld-6883_stops.geojson,C:\Users\wilsonschutterj\Downloads\GTFS_US\agency_enriched_geojson\stops_with_metadata\Michigan__Lake_Erie_Transit__mdb_tld-6883_stops.geojson,success,111,
stops,Michigan__Macatawa_Area_Express__mdb_tld-5873,C:\Users\wilsonschutterj\Downloads\GTFS_US\agency_enriched_geojson\stops\Michigan__Macatawa_Area_Express__mdb_tld-5873_stops.geojson,C:\Users\wilsonschutterj\Downloads\GTFS_US\agency_enriched_geojson\stops_with_metadata\Michigan__Macatawa_Area_Express__mdb_tld-5873_stops.geojson,success,282,
stops,Michigan__Mass_Transportation_Authority_Flint__mdb_mdb-2287,C:\Users\wilsonschutterj\Downloads\GTFS_US\agency_enriched_geojson\stops\Michigan__Mass_Transportation_Authority_Flint__mdb_mdb-2287_stops.geojson,C:\Users\wilsonschutterj\Downloads\GTFS_US\agency_enriched_geojson\stops_with_metadata\Michigan__Mass_Transportation_Authority_Flint__mdb_mdb-2287_stops.geojson,success,1204,
stops,Michigan__Muskegon_Area_Transit_System__mdb_tld-4831,C:\Users\wilsonschutterj\Downloads\GTFS_US\agency_enriched_geojson\stops\Michigan__Muskegon_Area_Transit_System__mdb_tld-4831_stops.geojson,C:\Users\wilsonschutterj\Downloads\GTFS_US\agency_enriched_geojson\stops_with_metadata\Michigan__Muskegon_Area_Transit_System__mdb_tld-4831_stops.geojson,success,309,
stops,Michigan__Suburban_Mobility_Authority_for_Regional_Transit_(SMART)__mdb_mdb-414,C:\Users\wilsonschutterj\Downloads\GTFS_US\agency_enriched_geojson\stops\Michigan__Suburban_Mobility_Authority_for_Regional_Transit_(SMART)__mdb_mdb-414_stops.geojson,C:\Users\wilsonschutterj\Downloads\GTFS_US\agency_enriched_geojson\stops_with_metadata\Michigan__Suburban_Mobility_Authority_for_Regional_Transit_(SMART)__mdb_mdb-414_stops.geojson,success,5421,
stops,Michigan__The_Rapid__mdb_mdb-400,C:\Users\wilsonschutterj\Downloads\GTFS_US\agency_enriched_geojson\stops\Michigan__The_Rapid__mdb_mdb-400_stops.geojson,C:\Users\wilsonschutterj\Downloads\GTFS_US\agency_enriched_geojson\stops_with_metadata\Michigan__The_Rapid__mdb_mdb-400_stops.geojson,success,1522,
stops,Michigan__University_of_Michigan_Transit_Services__mdb_mdb-2072,C:\Users\wilsonschutterj\Downloads\GTFS_US\agency_enriched_geojson\stops\Michigan__University_of_Michigan_Transit_Services__mdb_mdb-2072_stops.geojson,C:\Users\wilsonschutterj\Downloads\GTFS_US\agency_enriched_geojson\stops_with_metadata\Michigan__University_of_Michigan_Transit_Services__mdb_mdb-2072_stops.geojson,success,120,
stops,Minnesota__Brown_County_Heartland_Express__mdb_mdb-2037,C:\Users\wilsonschutterj\Downloads\GTFS_US\agency_enriched_geojson\stops\Minnesota__Brown_County_Heartland_Express__mdb_mdb-2037_stops.geojson,C:\Users\wilsonschutterj\Downloads\GTFS_US\agency_enriched_geojson\stops_with_metadata\Minnesota__Brown_County_Heartland_Express__mdb_mdb-2037_stops.geojson,success,20,
stops,Minnesota__Brown_County_Heartland_Express__mdb_mdb-2296,C:\Users\wilsonschutterj\Downloads\GTFS_US\agency_enriched_geojson\stops\Minnesota__Brown_County_Heartland_Express__mdb_mdb-2296_stops.geojson,C:\Users\wilsonschutterj\Downloads\GTFS_US\agency_enriched_geojson\stops_with_metadata\Minnesota__Brown_County_Heartland_Express__mdb_mdb-2296_stops.geojson,success,20,
stops,Minnesota__Central_Community_Transit__mdb_mdb-2301,C:\Users\wilsonschutterj\Downloads\GTFS_US\agency_enriched_geojson\stops\Minnesota__Central_Community_Transit__mdb_mdb-2301_stops.geojson,C:\Users\wilsonschutterj\Downloads\GTFS_US\agency_enriched_geojson\stops_with_metadata\Minnesota__Central_Community_Transit__mdb_mdb-2301_stops.geojson,success,41,
stops,Minnesota__Community_Transit__mdb_tld-5761,C:\Users\wilsonschutterj\Downloads\GTFS_US\agency_enriched_geojson\stops\Minnesota__Community_Transit__mdb_tld-5761_stops.geojson,C:\Users\wilsonschutterj\Downloads\GTFS_US\agency_enriched_geojson\stops_with_metadata\Minnesota__Community_Transit__mdb_tld-5761_stops.geojson,success,49,
stops,Minnesota__Duluth_Transit__mdb_mdb-301,C:\Users\wilsonschutterj\Downloads\GTFS_US\agency_enriched_geojson\stops\Minnesota__Duluth_Transit__mdb_mdb-301_stops.geojson,C:\Users\wilsonschutterj\Downloads\GTFS_US\agency_enriched_geojson\stops_with_metadata\Minnesota__Duluth_Transit__mdb_mdb-301_stops.geojson,success,777,
stops,Minnesota__Hiawathaland_Transit__mdb_mdb-2859,C:\Users\wilsonschutterj\Downloads\GTFS_US\agency_enriched_geojson\stops\Minnesota__Hiawathaland_Transit__mdb_mdb-2859_stops.geojson,C:\Users\wilsonschutterj\Downloads\GTFS_US\agency_enriched_geojson\stops_with_metadata\Minnesota__Hiawathaland_Transit__mdb_mdb-2859_stops.geojson,success,116,
stops,Minnesota__Mankato_Transit_System__mdb_ntd-50205,C:\Users\wilsonschutterj\Downloads\GTFS_US\agency_enriched_geojson\stops\Minnesota__Mankato_Transit_System__mdb_ntd-50205_stops.geojson,C:\Users\wilsonschutterj\Downloads\GTFS_US\agency_enriched_geojson\stops_with_metadata\Minnesota__Mankato_Transit_System__mdb_ntd-50205_stops.geojson,success,93,
stops,Minnesota__Metro_Transit__mdb_mdb-205,C:\Users\wilsonschutterj\Downloads\GTFS_US\agency_enriched_geojson\stops\Minnesota__Metro_Transit__mdb_mdb-205_stops.geojson,C:\Users\wilsonschutterj\Downloads\GTFS_US\agency_enriched_geojson\stops_with_metadata\Minnesota__Metro_Transit__mdb_mdb-205_stops.geojson,success,8179,
stops,Minnesota__Minnesota_Valley_Transit_Authority_(MVTA)__mdb_mdb-206,C:\Users\wilsonschutterj\Downloads\GTFS_US\agency_enriched_geojson\stops\Minnesota__Minnesota_Valley_Transit_Authority_(MVTA)__mdb_mdb-206_stops.geojson,C:\Users\wilsonschutterj\Downloads\GTFS_US\agency_enriched_geojson\stops_with_metadata\Minnesota__Minnesota_Valley_Transit_Authority_(MVTA)__mdb_mdb-206_stops.geojson,success,624,
stops,Minnesota__SMART__mdb_tld-5753,C:\Users\wilsonschutterj\Downloads\GTFS_US\agency_enriched_geojson\stops\Minnesota__SMART__mdb_tld-5753_stops.geojson,C:\Users\wilsonschutterj\Downloads\GTFS_US\agency_enriched_geojson\stops_with_metadata\Minnesota__SMART__mdb_tld-5753_stops.geojson,success,79,
stops,Minnesota__St._Cloud_Metropolitan_Transit_Commission__mdb_ntd-50028,C:\Users\wilsonschutterj\Downloads\GTFS_US\agency_enriched_geojson\stops\Minnesota__St._Cloud_Metropolitan_Transit_Commission__mdb_ntd-50028_stops.geojson,C:\Users\wilsonschutterj\Downloads\GTFS_US\agency_enriched_geojson\stops_with_metadata\Minnesota__St._Cloud_Metropolitan_Transit_Commission__mdb_ntd-50028_stops.geojson,success,708,
stops,Mississippi__City_of_Hattiesburg__mdb_ntd-40060,C:\Users\wilsonschutterj\Downloads\GTFS_US\agency_enriched_geojson\stops\Mississippi__City_of_Hattiesburg__mdb_ntd-40060_stops.geojson,C:\Users\wilsonschutterj\Downloads\GTFS_US\agency_enriched_geojson\stops_with_metadata\Mississippi__City_of_Hattiesburg__mdb_ntd-40060_stops.geojson,success,190,
stops,Mississippi__City_of_Jackson_(JTRAN)__mdb_mdb-2652,C:\Users\wilsonschutterj\Downloads\GTFS_US\agency_enriched_geojson\stops\Mississippi__City_of_Jackson_(JTRAN)__mdb_mdb-2652_stops.geojson,C:\Users\wilsonschutterj\Downloads\GTFS_US\agency_enriched_geojson\stops_with_metadata\Mississippi__City_of_Jackson_(JTRAN)__mdb_mdb-2652_stops.geojson,success,1667,
stops,Mississippi__Gulf_Islands_National_Seashore__mdb_mdb-3210,C:\Users\wilsonschutterj\Downloads\GTFS_US\agency_enriched_geojson\stops\Mississippi__Gulf_Islands_National_Seashore__mdb_mdb-3210_stops.geojson,C:\Users\wilsonschutterj\Downloads\GTFS_US\agency_enriched_geojson\stops_with_metadata\Mississippi__Gulf_Islands_National_Seashore__mdb_mdb-3210_stops.geojson,success,2,
stops,Mississippi__National_Park_Service__mdb_tld-6677,C:\Users\wilsonschutterj\Downloads\GTFS_US\agency_enriched_geojson\stops\Mississippi__National_Park_Service__mdb_tld-6677_stops.geojson,C:\Users\wilsonschutterj\Downloads\GTFS_US\agency_enriched_geojson\stops_with_metadata\Mississippi__National_Park_Service__mdb_tld-6677_stops.geojson,success,2,
stops,Missouri__City_of_Jefferson__mdb_ntd-70043,C:\Users\wilsonschutterj\Downloads\GTFS_US\agency_enriched_geojson\stops\Missouri__City_of_Jefferson__mdb_ntd-70043_stops.geojson,C:\Users\wilsonschutterj\Downloads\GTFS_US\agency_enriched_geojson\stops_with_metadata\Missouri__City_of_Jefferson__mdb_ntd-70043_stops.geojson,success,301,
stops,Missouri__Metro_St._Louis__mdb_mdb-2035,C:\Users\wilsonschutterj\Downloads\GTFS_US\agency_enriched_geojson\stops\Missouri__Metro_St._Louis__mdb_mdb-2035_stops.geojson,C:\Users\wilsonschutterj\Downloads\GTFS_US\agency_enriched_geojson\stops_with_metadata\Missouri__Metro_St._Louis__mdb_mdb-2035_stops.geojson,success,10,
stops,Montana__Billings_Metropolitan_Transit__mdb_tld-5893,C:\Users\wilsonschutterj\Downloads\GTFS_US\agency_enriched_geojson\stops\Montana__Billings_Metropolitan_Transit__mdb_tld-5893_stops.geojson,C:\Users\wilsonschutterj\Downloads\GTFS_US\agency_enriched_geojson\stops_with_metadata\Montana__Billings_Metropolitan_Transit__mdb_tld-5893_stops.geojson,success,466,
stops,Montana__Mountain_Line__mdb_mdb-292,C:\Users\wilsonschutterj\Downloads\GTFS_US\agency_enriched_geojson\stops\Montana__Mountain_Line__mdb_mdb-292_stops.geojson,C:\Users\wilsonschutterj\Downloads\GTFS_US\agency_enriched_geojson\stops_with_metadata\Montana__Mountain_Line__mdb_mdb-292_stops.geojson,success,334,
stops,Montana__Park_County_Transit__mdb_ntd-88293,C:\Users\wilsonschutterj\Downloads\GTFS_US\agency_enriched_geojson\stops\Montana__Park_County_Transit__mdb_ntd-88293_stops.geojson,C:\Users\wilsonschutterj\Downloads\GTFS_US\agency_enriched_geojson\stops_with_metadata\Montana__Park_County_Transit__mdb_ntd-88293_stops.geojson,success,18,
stops,Montana__Streamline__mdb_mdb-295,C:\Users\wilsonschutterj\Downloads\GTFS_US\agency_enriched_geojson\stops\Montana__Streamline__mdb_mdb-295_stops.geojson,C:\Users\wilsonschutterj\Downloads\GTFS_US\agency_enriched_geojson\stops_with_metadata\Montana__Streamline__mdb_mdb-295_stops.geojson,success,178,
stops,Montana__Sunny_Valley_Transit_(Demo)__mdb_mdb-3473,C:\Users\wilsonschutterj\Downloads\GTFS_US\agency_enriched_geojson\stops\Montana__Sunny_Valley_Transit_(Demo)__mdb_mdb-3473_stops.geojson,C:\Users\wilsonschutterj\Downloads\GTFS_US\agency_enriched_geojson\stops_with_metadata\Montana__Sunny_Valley_Transit_(Demo)__mdb_mdb-3473_stops.geojson,success,139,
stops,Nebraska__North_Fork_Area_Transit__mdb_tld-4469,C:\Users\wilsonschutterj\Downloads\GTFS_US\agency_enriched_geojson\stops\Nebraska__North_Fork_Area_Transit__mdb_tld-4469_stops.geojson,C:\Users\wilsonschutterj\Downloads\GTFS_US\agency_enriched_geojson\stops_with_metadata\Nebraska__North_Fork_Area_Transit__mdb_tld-4469_stops.geojson,success,74,
stops,Nebraska__Omaha_Metro__mdb_mdb-2261,C:\Users\wilsonschutterj\Downloads\GTFS_US\agency_enriched_geojson\stops\Nebraska__Omaha_Metro__mdb_mdb-2261_stops.geojson,C:\Users\wilsonschutterj\Downloads\GTFS_US\agency_enriched_geojson\stops_with_metadata\Nebraska__Omaha_Metro__mdb_mdb-2261_stops.geojson,success,2070,
stops,Nebraska__Open_Plains_Transit__mdb_tld-6708,C:\Users\wilsonschutterj\Downloads\GTFS_US\agency_enriched_geojson\stops\Nebraska__Open_Plains_Transit__mdb_tld-6708_stops.geojson,C:\Users\wilsonschutterj\Downloads\GTFS_US\agency_enriched_geojson\stops_with_metadata\Nebraska__Open_Plains_Transit__mdb_tld-6708_stops.geojson,success,46,
stops,Nebraska__StarTran__mdb_mdb-2269,C:\Users\wilsonschutterj\Downloads\GTFS_US\agency_enriched_geojson\stops\Nebraska__StarTran__mdb_mdb-2269_stops.geojson,C:\Users\wilsonschutterj\Downloads\GTFS_US\agency_enriched_geojson\stops_with_metadata\Nebraska__StarTran__mdb_mdb-2269_stops.geojson,success,811,
stops,Nevada__Jump_Around_Carson__mdb_tld-688,C:\Users\wilsonschutterj\Downloads\GTFS_US\agency_enriched_geojson\stops\Nevada__Jump_Around_Carson__mdb_tld-688_stops.geojson,C:\Users\wilsonschutterj\Downloads\GTFS_US\agency_enriched_geojson\stops_with_metadata\Nevada__Jump_Around_Carson__mdb_tld-688_stops.geojson,success,183,
stops,Nevada__Regional_Transportation_Commission_(RTC)__mdb_mdb-120,C:\Users\wilsonschutterj\Downloads\GTFS_US\agency_enriched_geojson\stops\Nevada__Regional_Transportation_Commission_(RTC)__mdb_mdb-120_stops.geojson,C:\Users\wilsonschutterj\Downloads\GTFS_US\agency_enriched_geojson\stops_with_metadata\Nevada__Regional_Transportation_Commission_(RTC)__mdb_mdb-120_stops.geojson,success,858,
stops,Nevada__Regional_Transportation_Commission_of_Southern_Nevada_(RTC)__mdb_mdb-2351,C:\Users\wilsonschutterj\Downloads\GTFS_US\agency_enriched_geojson\stops\Nevada__Regional_Transportation_Commission_of_Southern_Nevada_(RTC)__mdb_mdb-2351_stops.geojson,C:\Users\wilsonschutterj\Downloads\GTFS_US\agency_enriched_geojson\stops_with_metadata\Nevada__Regional_Transportation_Commission_of_Southern_Nevada_(RTC)__mdb_mdb-2351_stops.geojson,success,3785,
stops,Nevada__Sage_Stage__mdb_mdb-113,C:\Users\wilsonschutterj\Downloads\GTFS_US\agency_enriched_geojson\stops\Nevada__Sage_Stage__mdb_mdb-113_stops.geojson,C:\Users\wilsonschutterj\Downloads\GTFS_US\agency_enriched_geojson\stops_with_metadata\Nevada__Sage_Stage__mdb_mdb-113_stops.geojson,success,29,
stops,New_Hampshire__Advance_Transit__mdb_mdb-631,C:\Users\wilsonschutterj\Downloads\GTFS_US\agency_enriched_geojson\stops\New_Hampshire__Advance_Transit__mdb_mdb-631_stops.geojson,C:\Users\wilsonschutterj\Downloads\GTFS_US\agency_enriched_geojson\stops_with_metadata\New_Hampshire__Advance_Transit__mdb_mdb-631_stops.geojson,success,203,
stops,New_Hampshire__City_Express__mdb_ntd-10159,C:\Users\wilsonschutterj\Downloads\GTFS_US\agency_enriched_geojson\stops\New_Hampshire__City_Express__mdb_ntd-10159_stops.geojson,C:\Users\wilsonschutterj\Downloads\GTFS_US\agency_enriched_geojson\stops_with_metadata\New_Hampshire__City_Express__mdb_ntd-10159_stops.geojson,success,24,
stops,New_Hampshire__Cooperative_Alliance_For_Seacoast_Transportation__mdb_tld-4668,C:\Users\wilsonschutterj\Downloads\GTFS_US\agency_enriched_geojson\stops\New_Hampshire__Cooperative_Alliance_For_Seacoast_Transportation__mdb_tld-4668_stops.geojson,C:\Users\wilsonschutterj\Downloads\GTFS_US\agency_enriched_geojson\stops_with_metadata\New_Hampshire__Cooperative_Alliance_For_Seacoast_Transportation__mdb_tld-4668_stops.geojson,success,423,
stops,New_Hampshire__Dartmouth_College__mdb_mdb-1958,C:\Users\wilsonschutterj\Downloads\GTFS_US\agency_enriched_geojson\stops\New_Hampshire__Dartmouth_College__mdb_mdb-1958_stops.geojson,C:\Users\wilsonschutterj\Downloads\GTFS_US\agency_enriched_geojson\stops_with_metadata\New_Hampshire__Dartmouth_College__mdb_mdb-1958_stops.geojson,success,15,
stops,New_Hampshire__Manchester_Transit_Authority__mdb_mdb-3432,C:\Users\wilsonschutterj\Downloads\GTFS_US\agency_enriched_geojson\stops\New_Hampshire__Manchester_Transit_Authority__mdb_mdb-3432_stops.geojson,C:\Users\wilsonschutterj\Downloads\GTFS_US\agency_enriched_geojson\stops_with_metadata\New_Hampshire__Manchester_Transit_Authority__mdb_mdb-3432_stops.geojson,success,593,
stops,New_Hampshire__Rural_Community_Transportation_(RCT)__mdb_mdb-448,C:\Users\wilsonschutterj\Downloads\GTFS_US\agency_enriched_geojson\stops\New_Hampshire__Rural_Community_Transportation_(RCT)__mdb_mdb-448_stops.geojson,C:\Users\wilsonschutterj\Downloads\GTFS_US\agency_enriched_geojson\stops_with_metadata\New_Hampshire__Rural_Community_Transportation_(RCT)__mdb_mdb-448_stops.geojson,success,265,
stops,New_Hampshire__Tri-Valley_Transit__mdb_mdb-852,C:\Users\wilsonschutterj\Downloads\GTFS_US\agency_enriched_geojson\stops\New_Hampshire__Tri-Valley_Transit__mdb_mdb-852_stops.geojson,C:\Users\wilsonschutterj\Downloads\GTFS_US\agency_enriched_geojson\stops_with_metadata\New_Hampshire__Tri-Valley_Transit__mdb_mdb-852_stops.geojson,success,466,
stops,New_Jersey__Academy_Lines__mdb_ntd-20122,C:\Users\wilsonschutterj\Downloads\GTFS_US\agency_enriched_geojson\stops\New_Jersey__Academy_Lines__mdb_ntd-20122_stops.geojson,C:\Users\wilsonschutterj\Downloads\GTFS_US\agency_enriched_geojson\stops_with_metadata\New_Jersey__Academy_Lines__mdb_ntd-20122_stops.geojson,success,594,
stops,"New_Jersey__Coach_USA_Erie,_Orange_Westchester_Link,_ShortLine_Hudson,_Suburban_Transit,_Community_Coach,_Rockland_Coaches,_Newark_A__mdb_tld-5741","C:\Users\wilsonschutterj\Downloads\GTFS_US\agency_enriched_geojson\stops\New_Jersey__Coach_USA_Erie,_Orange_Westchester_Link,_ShortLine_Hudson,_Suburban_Transit,_Community_Coach,_Rockland_Coaches,_Newark_A__mdb_tld-5741_stops.geojson","C:\Users\wilsonschutterj\Downloads\GTFS_US\agency_enriched_geojson\stops_with_metadata\New_Jersey__Coach_USA_Erie,_Orange_Westchester_Link,_ShortLine_Hudson,_Suburban_Transit,_Community_Coach,_Rockland_Coaches,_Newark_A__mdb_tld-5741_stops.geojson",success,999,
stops,New_Jersey__Cross_County_Connection__mdb_ntd-20208,C:\Users\wilsonschutterj\Downloads\GTFS_US\agency_enriched_geojson\stops\New_Jersey__Cross_County_Connection__mdb_ntd-20208_stops.geojson,C:\Users\wilsonschutterj\Downloads\GTFS_US\agency_enriched_geojson\stops_with_metadata\New_Jersey__Cross_County_Connection__mdb_ntd-20208_stops.geojson,success,27,
stops,New_Jersey__Fullington_Trailways__mdb_tld-4379,C:\Users\wilsonschutterj\Downloads\GTFS_US\agency_enriched_geojson\stops\New_Jersey__Fullington_Trailways__mdb_tld-4379_stops.geojson,C:\Users\wilsonschutterj\Downloads\GTFS_US\agency_enriched_geojson\stops_with_metadata\New_Jersey__Fullington_Trailways__mdb_tld-4379_stops.geojson,success,64,
stops,New_Jersey__Megabus__mdb_mdb-2321,C:\Users\wilsonschutterj\Downloads\GTFS_US\agency_enriched_geojson\stops\New_Jersey__Megabus__mdb_mdb-2321_stops.geojson,C:\Users\wilsonschutterj\Downloads\GTFS_US\agency_enriched_geojson\stops_with_metadata\New_Jersey__Megabus__mdb_mdb-2321_stops.geojson,success,999,
stops,New_Jersey__New_Jersey_Transit_(NJ_Transit)__mdb_mdb-508,C:\Users\wilsonschutterj\Downloads\GTFS_US\agency_enriched_geojson\stops\New_Jersey__New_Jersey_Transit_(NJ_Transit)__mdb_mdb-508_stops.geojson,C:\Users\wilsonschutterj\Downloads\GTFS_US\agency_enriched_geojson\stops_with_metadata\New_Jersey__New_Jersey_Transit_(NJ_Transit)__mdb_mdb-508_stops.geojson,success,16564,
stops,New_Jersey__New_Jersey_Transit_(NJ_Transit)__mdb_mdb-509,C:\Users\wilsonschutterj\Downloads\GTFS_US\agency_enriched_geojson\stops\New_Jersey__New_Jersey_Transit_(NJ_Transit)__mdb_mdb-509_stops.geojson,C:\Users\wilsonschutterj\Downloads\GTFS_US\agency_enriched_geojson\stops_with_metadata\New_Jersey__New_Jersey_Transit_(NJ_Transit)__mdb_mdb-509_stops.geojson,success,230,
stops,New_Jersey__NY_Waterway__mdb_mdb-3192,C:\Users\wilsonschutterj\Downloads\GTFS_US\agency_enriched_geojson\stops\New_Jersey__NY_Waterway__mdb_mdb-3192_stops.geojson,C:\Users\wilsonschutterj\Downloads\GTFS_US\agency_enriched_geojson\stops_with_metadata\New_Jersey__NY_Waterway__mdb_mdb-3192_stops.geojson,success,15,
stops,New_Jersey__Somerset_County__mdb_ntd-20209,C:\Users\wilsonschutterj\Downloads\GTFS_US\agency_enriched_geojson\stops\New_Jersey__Somerset_County__mdb_ntd-20209_stops.geojson,C:\Users\wilsonschutterj\Downloads\GTFS_US\agency_enriched_geojson\stops_with_metadata\New_Jersey__Somerset_County__mdb_ntd-20209_stops.geojson,success,115,
stops,New_Jersey__Statue_of_Liberty_National_Monument__mdb_tld-6909,C:\Users\wilsonschutterj\Downloads\GTFS_US\agency_enriched_geojson\stops\New_Jersey__Statue_of_Liberty_National_Monument__mdb_tld-6909_stops.geojson,C:\Users\wilsonschutterj\Downloads\GTFS_US\agency_enriched_geojson\stops_with_metadata\New_Jersey__Statue_of_Liberty_National_Monument__mdb_tld-6909_stops.geojson,success,4,
stops,New_Jersey__Sussex_County_Skylands_Ride__mdb_ntd-20950,C:\Users\wilsonschutterj\Downloads\GTFS_US\agency_enriched_geojson\stops\New_Jersey__Sussex_County_Skylands_Ride__mdb_ntd-20950_stops.geojson,C:\Users\wilsonschutterj\Downloads\GTFS_US\agency_enriched_geojson\stops_with_metadata\New_Jersey__Sussex_County_Skylands_Ride__mdb_ntd-20950_stops.geojson,success,74,
stops,New_Mexico__A_Shiwi_Transit__mdb_ntd-66242,C:\Users\wilsonschutterj\Downloads\GTFS_US\agency_enriched_geojson\stops\New_Mexico__A_Shiwi_Transit__mdb_ntd-66242_stops.geojson,C:\Users\wilsonschutterj\Downloads\GTFS_US\agency_enriched_geojson\stops_with_metadata\New_Mexico__A_Shiwi_Transit__mdb_ntd-66242_stops.geojson,success,57,
stops,New_Mexico__ABQ_RIDE__mdb_mdb-166,C:\Users\wilsonschutterj\Downloads\GTFS_US\agency_enriched_geojson\stops\New_Mexico__ABQ_RIDE__mdb_mdb-166_stops.geojson,C:\Users\wilsonschutterj\Downloads\GTFS_US\agency_enriched_geojson\stops_with_metadata\New_Mexico__ABQ_RIDE__mdb_mdb-166_stops.geojson,success,1758,
stops,New_Mexico__Atomic_City_Transit__mdb_mdb-1240,C:\Users\wilsonschutterj\Downloads\GTFS_US\agency_enriched_geojson\stops\New_Mexico__Atomic_City_Transit__mdb_mdb-1240_stops.geojson,C:\Users\wilsonschutterj\Downloads\GTFS_US\agency_enriched_geojson\stops_with_metadata\New_Mexico__Atomic_City_Transit__mdb_mdb-1240_stops.geojson,success,216,
stops,New_Mexico__Bandalier_National_Monument__mdb_tld-6902,C:\Users\wilsonschutterj\Downloads\GTFS_US\agency_enriched_geojson\stops\New_Mexico__Bandalier_National_Monument__mdb_tld-6902_stops.geojson,C:\Users\wilsonschutterj\Downloads\GTFS_US\agency_enriched_geojson\stops_with_metadata\New_Mexico__Bandalier_National_Monument__mdb_tld-6902_stops.geojson,success,3,
stops,New_Mexico__City_of_Hobbs__mdb_ntd-60190,C:\Users\wilsonschutterj\Downloads\GTFS_US\agency_enriched_geojson\stops\New_Mexico__City_of_Hobbs__mdb_ntd-60190_stops.geojson,C:\Users\wilsonschutterj\Downloads\GTFS_US\agency_enriched_geojson\stops_with_metadata\New_Mexico__City_of_Hobbs__mdb_ntd-60190_stops.geojson,success,38,
stops,New_Mexico__Navajo_Transit_System__mdb_mdb-2346,C:\Users\wilsonschutterj\Downloads\GTFS_US\agency_enriched_geojson\stops\New_Mexico__Navajo_Transit_System__mdb_mdb-2346_stops.geojson,C:\Users\wilsonschutterj\Downloads\GTFS_US\agency_enriched_geojson\stops_with_metadata\New_Mexico__Navajo_Transit_System__mdb_mdb-2346_stops.geojson,success,103,
stops,New_Mexico__NMDOT_Park_and_Ride__mdb_tld-5537,C:\Users\wilsonschutterj\Downloads\GTFS_US\agency_enriched_geojson\stops\New_Mexico__NMDOT_Park_and_Ride__mdb_tld-5537_stops.geojson,C:\Users\wilsonschutterj\Downloads\GTFS_US\agency_enriched_geojson\stops_with_metadata\New_Mexico__NMDOT_Park_and_Ride__mdb_tld-5537_stops.geojson,success,152,
stops,New_Mexico__North_Central_Regional_Transit_District__mdb_tld-1319,C:\Users\wilsonschutterj\Downloads\GTFS_US\agency_enriched_geojson\stops\New_Mexico__North_Central_Regional_Transit_District__mdb_tld-1319_stops.geojson,C:\Users\wilsonschutterj\Downloads\GTFS_US\agency_enriched_geojson\stops_with_metadata\New_Mexico__North_Central_Regional_Transit_District__mdb_tld-1319_stops.geojson,success,385,
stops,New_Mexico__Red_Apple_Transit__mdb_mdb-160,C:\Users\wilsonschutterj\Downloads\GTFS_US\agency_enriched_geojson\stops\New_Mexico__Red_Apple_Transit__mdb_mdb-160_stops.geojson,C:\Users\wilsonschutterj\Downloads\GTFS_US\agency_enriched_geojson\stops_with_metadata\New_Mexico__Red_Apple_Transit__mdb_mdb-160_stops.geojson,success,139,
stops,New_Mexico__RoadRUNNER_Transit__mdb_mdb-2075,C:\Users\wilsonschutterj\Downloads\GTFS_US\agency_enriched_geojson\stops\New_Mexico__RoadRUNNER_Transit__mdb_mdb-2075_stops.geojson,C:\Users\wilsonschutterj\Downloads\GTFS_US\agency_enriched_geojson\stops_with_metadata\New_Mexico__RoadRUNNER_Transit__mdb_mdb-2075_stops.geojson,success,313,
stops,New_York__Access_Allegany__mdb_mdb-531,C:\Users\wilsonschutterj\Downloads\GTFS_US\agency_enriched_geojson\stops\New_York__Access_Allegany__mdb_mdb-531_stops.geojson,C:\Users\wilsonschutterj\Downloads\GTFS_US\agency_enriched_geojson\stops_with_metadata\New_York__Access_Allegany__mdb_mdb-531_stops.geojson,success,91,
stops,"New_York__Adirondack_Trailways,_New_York_Trailways,_Pine_Hill_Trailways,_Burlington_Trailways__mdb_ntd-20177","C:\Users\wilsonschutterj\Downloads\GTFS_US\agency_enriched_geojson\stops\New_York__Adirondack_Trailways,_New_York_Trailways,_Pine_Hill_Trailways,_Burlington_Trailways__mdb_ntd-20177_stops.geojson","C:\Users\wilsonschutterj\Downloads\GTFS_US\agency_enriched_geojson\stops_with_metadata\New_York__Adirondack_Trailways,_New_York_Trailways,_Pine_Hill_Trailways,_Burlington_Trailways__mdb_ntd-20177_stops.geojson",success,122,
stops,New_York__Adirondack_Trailways__mdb_tld-5781,C:\Users\wilsonschutterj\Downloads\GTFS_US\agency_enriched_geojson\stops\New_York__Adirondack_Trailways__mdb_tld-5781_stops.geojson,C:\Users\wilsonschutterj\Downloads\GTFS_US\agency_enriched_geojson\stops_with_metadata\New_York__Adirondack_Trailways__mdb_tld-5781_stops.geojson,success,125,
stops,New_York__Adirondack_Trailways_ADP__mdb_mdb-823,C:\Users\wilsonschutterj\Downloads\GTFS_US\agency_enriched_geojson\stops\New_York__Adirondack_Trailways_ADP__mdb_mdb-823_stops.geojson,C:\Users\wilsonschutterj\Downloads\GTFS_US\agency_enriched_geojson\stops_with_metadata\New_York__Adirondack_Trailways_ADP__mdb_mdb-823_stops.geojson,success,15,
stops,New_York__Adirondack_Trailways_NYP__mdb_mdb-824,C:\Users\wilsonschutterj\Downloads\GTFS_US\agency_enriched_geojson\stops\New_York__Adirondack_Trailways_NYP__mdb_mdb-824_stops.geojson,C:\Users\wilsonschutterj\Downloads\GTFS_US\agency_enriched_geojson\stops_with_metadata\New_York__Adirondack_Trailways_NYP__mdb_mdb-824_stops.geojson,success,12,
stops,New_York__Birnie_Bus__mdb_mdb-233,C:\Users\wilsonschutterj\Downloads\GTFS_US\agency_enriched_geojson\stops\New_York__Birnie_Bus__mdb_mdb-233_stops.geojson,C:\Users\wilsonschutterj\Downloads\GTFS_US\agency_enriched_geojson\stops_with_metadata\New_York__Birnie_Bus__mdb_mdb-233_stops.geojson,success,192,
stops,New_York__Broome_County_Transit_(B.C._Transit)__mdb_mdb-2079,C:\Users\wilsonschutterj\Downloads\GTFS_US\agency_enriched_geojson\stops\New_York__Broome_County_Transit_(B.C._Transit)__mdb_mdb-2079_stops.geojson,C:\Users\wilsonschutterj\Downloads\GTFS_US\agency_enriched_geojson\stops_with_metadata\New_York__Broome_County_Transit_(B.C._Transit)__mdb_mdb-2079_stops.geojson,success,797,
stops,New_York__Centro__mdb_mdb-534,C:\Users\wilsonschutterj\Downloads\GTFS_US\agency_enriched_geojson\stops\New_York__Centro__mdb_mdb-534_stops.geojson,C:\Users\wilsonschutterj\Downloads\GTFS_US\agency_enriched_geojson\stops_with_metadata\New_York__Centro__mdb_mdb-534_stops.geojson,success,5546,
stops,New_York__Chautauqua_Area_Regional_Transit_System_(CARTS)__mdb_mdb-304,C:\Users\wilsonschutterj\Downloads\GTFS_US\agency_enriched_geojson\stops\New_York__Chautauqua_Area_Regional_Transit_System_(CARTS)__mdb_mdb-304_stops.geojson,C:\Users\wilsonschutterj\Downloads\GTFS_US\agency_enriched_geojson\stops_with_metadata\New_York__Chautauqua_Area_Regional_Transit_System_(CARTS)__mdb_mdb-304_stops.geojson,success,111,
stops,New_York__Chemung_County_(C-TRAN)__mdb_ntd-20005,C:\Users\wilsonschutterj\Downloads\GTFS_US\agency_enriched_geojson\stops\New_York__Chemung_County_(C-TRAN)__mdb_ntd-20005_stops.geojson,C:\Users\wilsonschutterj\Downloads\GTFS_US\agency_enriched_geojson\stops_with_metadata\New_York__Chemung_County_(C-TRAN)__mdb_ntd-20005_stops.geojson,success,85,
stops,New_York__Chenango_First_Transit__mdb_mdb-536,C:\Users\wilsonschutterj\Downloads\GTFS_US\agency_enriched_geojson\stops\New_York__Chenango_First_Transit__mdb_mdb-536_stops.geojson,C:\Users\wilsonschutterj\Downloads\GTFS_US\agency_enriched_geojson\stops_with_metadata\New_York__Chenango_First_Transit__mdb_mdb-536_stops.geojson,success,65,
stops,New_York__City_Of_Glen_Cove__mdb_tld-5787,C:\Users\wilsonschutterj\Downloads\GTFS_US\agency_enriched_geojson\stops\New_York__City_Of_Glen_Cove__mdb_tld-5787_stops.geojson,C:\Users\wilsonschutterj\Downloads\GTFS_US\agency_enriched_geojson\stops_with_metadata\New_York__City_Of_Glen_Cove__mdb_tld-5787_stops.geojson,success,72,
stops,New_York__City_of_Long_Beach_Transportation__mdb_mdb-916,C:\Users\wilsonschutterj\Downloads\GTFS_US\agency_enriched_geojson\stops\New_York__City_of_Long_Beach_Transportation__mdb_mdb-916_stops.geojson,C:\Users\wilsonschutterj\Downloads\GTFS_US\agency_enriched_geojson\stops_with_metadata\New_York__City_of_Long_Beach_Transportation__mdb_mdb-916_stops.geojson,success,135,
stops,New_York__City_of_Mechanicville_Public_Transit__mdb_mdb-541,C:\Users\wilsonschutterj\Downloads\GTFS_US\agency_enriched_geojson\stops\New_York__City_of_Mechanicville_Public_Transit__mdb_mdb-541_stops.geojson,C:\Users\wilsonschutterj\Downloads\GTFS_US\agency_enriched_geojson\stops_with_metadata\New_York__City_of_Mechanicville_Public_Transit__mdb_mdb-541_stops.geojson,success,8,
stops,New_York__Clarkstown_MiniTrans__mdb_mdb-911,C:\Users\wilsonschutterj\Downloads\GTFS_US\agency_enriched_geojson\stops\New_York__Clarkstown_MiniTrans__mdb_mdb-911_stops.geojson,C:\Users\wilsonschutterj\Downloads\GTFS_US\agency_enriched_geojson\stops_with_metadata\New_York__Clarkstown_MiniTrans__mdb_mdb-911_stops.geojson,success,37,
stops,New_York__Clinton_County_Public_Transit_(CCPT)__mdb_mdb-544,C:\Users\wilsonschutterj\Downloads\GTFS_US\agency_enriched_geojson\stops\New_York__Clinton_County_Public_Transit_(CCPT)__mdb_mdb-544_stops.geojson,C:\Users\wilsonschutterj\Downloads\GTFS_US\agency_enriched_geojson\stops_with_metadata\New_York__Clinton_County_Public_Transit_(CCPT)__mdb_mdb-544_stops.geojson,success,135,
stops,New_York__Columbia_County_Public_Transportation__mdb_mdb-3116,C:\Users\wilsonschutterj\Downloads\GTFS_US\agency_enriched_geojson\stops\New_York__Columbia_County_Public_Transportation__mdb_mdb-3116_stops.geojson,C:\Users\wilsonschutterj\Downloads\GTFS_US\agency_enriched_geojson\stops_with_metadata\New_York__Columbia_County_Public_Transportation__mdb_mdb-3116_stops.geojson,success,40,
stops,New_York__Connect_Niagara__mdb_tld-5791,C:\Users\wilsonschutterj\Downloads\GTFS_US\agency_enriched_geojson\stops\New_York__Connect_Niagara__mdb_tld-5791_stops.geojson,C:\Users\wilsonschutterj\Downloads\GTFS_US\agency_enriched_geojson\stops_with_metadata\New_York__Connect_Niagara__mdb_tld-5791_stops.geojson,success,71,
stops,New_York__Corning_Erwin_Area_Transit_System_(CEATS)__mdb_mdb-302,C:\Users\wilsonschutterj\Downloads\GTFS_US\agency_enriched_geojson\stops\New_York__Corning_Erwin_Area_Transit_System_(CEATS)__mdb_mdb-302_stops.geojson,C:\Users\wilsonschutterj\Downloads\GTFS_US\agency_enriched_geojson\stops_with_metadata\New_York__Corning_Erwin_Area_Transit_System_(CEATS)__mdb_mdb-302_stops.geojson,success,38,
stops,New_York__Downtown_Alliance__mdb_mdb-519,C:\Users\wilsonschutterj\Downloads\GTFS_US\agency_enriched_geojson\stops\New_York__Downtown_Alliance__mdb_mdb-519_stops.geojson,C:\Users\wilsonschutterj\Downloads\GTFS_US\agency_enriched_geojson\stops_with_metadata\New_York__Downtown_Alliance__mdb_mdb-519_stops.geojson,success,34,
stops,New_York__Dutchess_County__mdb_mdb-457,C:\Users\wilsonschutterj\Downloads\GTFS_US\agency_enriched_geojson\stops\New_York__Dutchess_County__mdb_mdb-457_stops.geojson,C:\Users\wilsonschutterj\Downloads\GTFS_US\agency_enriched_geojson\stops_with_metadata\New_York__Dutchess_County__mdb_mdb-457_stops.geojson,success,330,
stops,New_York__Endless_Mountains_Transportation_Authority__mdb_tld-7021,C:\Users\wilsonschutterj\Downloads\GTFS_US\agency_enriched_geojson\stops\New_York__Endless_Mountains_Transportation_Authority__mdb_tld-7021_stops.geojson,C:\Users\wilsonschutterj\Downloads\GTFS_US\agency_enriched_geojson\stops_with_metadata\New_York__Endless_Mountains_Transportation_Authority__mdb_tld-7021_stops.geojson,success,144,
stops,New_York__Fullington_Trailways__mdb_tld-5783,C:\Users\wilsonschutterj\Downloads\GTFS_US\agency_enriched_geojson\stops\New_York__Fullington_Trailways__mdb_tld-5783_stops.geojson,C:\Users\wilsonschutterj\Downloads\GTFS_US\agency_enriched_geojson\stops_with_metadata\New_York__Fullington_Trailways__mdb_tld-5783_stops.geojson,success,52,
stops,New_York__Gloversville_Transit_System__mdb_mdb-2650,C:\Users\wilsonschutterj\Downloads\GTFS_US\agency_enriched_geojson\stops\New_York__Gloversville_Transit_System__mdb_mdb-2650_stops.geojson,C:\Users\wilsonschutterj\Downloads\GTFS_US\agency_enriched_geojson\stops_with_metadata\New_York__Gloversville_Transit_System__mdb_mdb-2650_stops.geojson,success,49,
stops,New_York__Greene_County_Transit__mdb_mdb-613,C:\Users\wilsonschutterj\Downloads\GTFS_US\agency_enriched_geojson\stops\New_York__Greene_County_Transit__mdb_mdb-613_stops.geojson,C:\Users\wilsonschutterj\Downloads\GTFS_US\agency_enriched_geojson\stops_with_metadata\New_York__Greene_County_Transit__mdb_mdb-613_stops.geojson,success,141,
stops,New_York__Hornell_Area_Transit__mdb_mdb-532,C:\Users\wilsonschutterj\Downloads\GTFS_US\agency_enriched_geojson\stops\New_York__Hornell_Area_Transit__mdb_mdb-532_stops.geojson,C:\Users\wilsonschutterj\Downloads\GTFS_US\agency_enriched_geojson\stops_with_metadata\New_York__Hornell_Area_Transit__mdb_mdb-532_stops.geojson,success,46,
stops,New_York__Huntington_Area_Rapid_Transit_(HART)__mdb_mdb-905,C:\Users\wilsonschutterj\Downloads\GTFS_US\agency_enriched_geojson\stops\New_York__Huntington_Area_Rapid_Transit_(HART)__mdb_mdb-905_stops.geojson,C:\Users\wilsonschutterj\Downloads\GTFS_US\agency_enriched_geojson\stops_with_metadata\New_York__Huntington_Area_Rapid_Transit_(HART)__mdb_mdb-905_stops.geojson,success,2763,
stops,New_York__Jefferson_County_Public_Transit_(JCPT)__mdb_mdb-3392,C:\Users\wilsonschutterj\Downloads\GTFS_US\agency_enriched_geojson\stops\New_York__Jefferson_County_Public_Transit_(JCPT)__mdb_mdb-3392_stops.geojson,C:\Users\wilsonschutterj\Downloads\GTFS_US\agency_enriched_geojson\stops_with_metadata\New_York__Jefferson_County_Public_Transit_(JCPT)__mdb_mdb-3392_stops.geojson,success,48,
stops,New_York__Lake_Champlain_Ferries__mdb_mdb-547,C:\Users\wilsonschutterj\Downloads\GTFS_US\agency_enriched_geojson\stops\New_York__Lake_Champlain_Ferries__mdb_mdb-547_stops.geojson,C:\Users\wilsonschutterj\Downloads\GTFS_US\agency_enriched_geojson\stops_with_metadata\New_York__Lake_Champlain_Ferries__mdb_mdb-547_stops.geojson,success,6,
stops,New_York__Leprechaun_Lines__mdb_mdb-910,C:\Users\wilsonschutterj\Downloads\GTFS_US\agency_enriched_geojson\stops\New_York__Leprechaun_Lines__mdb_mdb-910_stops.geojson,C:\Users\wilsonschutterj\Downloads\GTFS_US\agency_enriched_geojson\stops_with_metadata\New_York__Leprechaun_Lines__mdb_mdb-910_stops.geojson,success,26,
stops,New_York__Lewis_County_Public_Transportation__mdb_mdb-566,C:\Users\wilsonschutterj\Downloads\GTFS_US\agency_enriched_geojson\stops\New_York__Lewis_County_Public_Transportation__mdb_mdb-566_stops.geojson,C:\Users\wilsonschutterj\Downloads\GTFS_US\agency_enriched_geojson\stops_with_metadata\New_York__Lewis_County_Public_Transportation__mdb_mdb-566_stops.geojson,success,136,
stops,New_York__Lower_Hudson_Valley_Transit__mdb_mdb-915,C:\Users\wilsonschutterj\Downloads\GTFS_US\agency_enriched_geojson\stops\New_York__Lower_Hudson_Valley_Transit__mdb_mdb-915_stops.geojson,C:\Users\wilsonschutterj\Downloads\GTFS_US\agency_enriched_geojson\stops_with_metadata\New_York__Lower_Hudson_Valley_Transit__mdb_mdb-915_stops.geojson,success,33,
stops,New_York__Madison_County_Transit__mdb_mdb-573,C:\Users\wilsonschutterj\Downloads\GTFS_US\agency_enriched_geojson\stops\New_York__Madison_County_Transit__mdb_mdb-573_stops.geojson,C:\Users\wilsonschutterj\Downloads\GTFS_US\agency_enriched_geojson\stops_with_metadata\New_York__Madison_County_Transit__mdb_mdb-573_stops.geojson,success,60,
stops,New_York__Mercy_College__mdb_tld-4465,C:\Users\wilsonschutterj\Downloads\GTFS_US\agency_enriched_geojson\stops\New_York__Mercy_College__mdb_tld-4465_stops.geojson,C:\Users\wilsonschutterj\Downloads\GTFS_US\agency_enriched_geojson\stops_with_metadata\New_York__Mercy_College__mdb_tld-4465_stops.geojson,success,7,
stops,New_York__Metropolitan_Transit_Authority_(MTA)__mdb_mdb-507,C:\Users\wilsonschutterj\Downloads\GTFS_US\agency_enriched_geojson\stops\New_York__Metropolitan_Transit_Authority_(MTA)__mdb_mdb-507_stops.geojson,C:\Users\wilsonschutterj\Downloads\GTFS_US\agency_enriched_geojson\stops_with_metadata\New_York__Metropolitan_Transit_Authority_(MTA)__mdb_mdb-507_stops.geojson,success,127,
stops,New_York__Metropolitan_Transit_Authority_(MTA)__mdb_mdb-510,C:\Users\wilsonschutterj\Downloads\GTFS_US\agency_enriched_geojson\stops\New_York__Metropolitan_Transit_Authority_(MTA)__mdb_mdb-510_stops.geojson,C:\Users\wilsonschutterj\Downloads\GTFS_US\agency_enriched_geojson\stops_with_metadata\New_York__Metropolitan_Transit_Authority_(MTA)__mdb_mdb-510_stops.geojson,success,2754,
stops,New_York__Metropolitan_Transit_Authority_(MTA)__mdb_mdb-511,C:\Users\wilsonschutterj\Downloads\GTFS_US\agency_enriched_geojson\stops\New_York__Metropolitan_Transit_Authority_(MTA)__mdb_mdb-511_stops.geojson,C:\Users\wilsonschutterj\Downloads\GTFS_US\agency_enriched_geojson\stops_with_metadata\New_York__Metropolitan_Transit_Authority_(MTA)__mdb_mdb-511_stops.geojson,success,1488,
stops,New_York__Metropolitan_Transit_Authority_(MTA)__mdb_mdb-512,C:\Users\wilsonschutterj\Downloads\GTFS_US\agency_enriched_geojson\stops\New_York__Metropolitan_Transit_Authority_(MTA)__mdb_mdb-512_stops.geojson,C:\Users\wilsonschutterj\Downloads\GTFS_US\agency_enriched_geojson\stops_with_metadata\New_York__Metropolitan_Transit_Authority_(MTA)__mdb_mdb-512_stops.geojson,success,4575,
stops,New_York__Metropolitan_Transit_Authority_(MTA)__mdb_mdb-513,C:\Users\wilsonschutterj\Downloads\GTFS_US\agency_enriched_geojson\stops\New_York__Metropolitan_Transit_Authority_(MTA)__mdb_mdb-513_stops.geojson,C:\Users\wilsonschutterj\Downloads\GTFS_US\agency_enriched_geojson\stops_with_metadata\New_York__Metropolitan_Transit_Authority_(MTA)__mdb_mdb-513_stops.geojson,success,1824,
stops,New_York__Metropolitan_Transit_Authority_(MTA)__mdb_mdb-514,C:\Users\wilsonschutterj\Downloads\GTFS_US\agency_enriched_geojson\stops\New_York__Metropolitan_Transit_Authority_(MTA)__mdb_mdb-514_stops.geojson,C:\Users\wilsonschutterj\Downloads\GTFS_US\agency_enriched_geojson\stops_with_metadata\New_York__Metropolitan_Transit_Authority_(MTA)__mdb_mdb-514_stops.geojson,success,1968,
stops,New_York__Metropolitan_Transit_Authority_(MTA)__mdb_mdb-516,C:\Users\wilsonschutterj\Downloads\GTFS_US\agency_enriched_geojson\stops\New_York__Metropolitan_Transit_Authority_(MTA)__mdb_mdb-516_stops.geojson,C:\Users\wilsonschutterj\Downloads\GTFS_US\agency_enriched_geojson\stops_with_metadata\New_York__Metropolitan_Transit_Authority_(MTA)__mdb_mdb-516_stops.geojson,success,1488,
stops,New_York__Metropolitan_Transit_Authority_(MTA)__mdb_mdb-520,C:\Users\wilsonschutterj\Downloads\GTFS_US\agency_enriched_geojson\stops\New_York__Metropolitan_Transit_Authority_(MTA)__mdb_mdb-520_stops.geojson,C:\Users\wilsonschutterj\Downloads\GTFS_US\agency_enriched_geojson\stops_with_metadata\New_York__Metropolitan_Transit_Authority_(MTA)__mdb_mdb-520_stops.geojson,success,1422,
stops,New_York__Metropolitan_Transit_Authority_(MTA)__mdb_mdb-528,C:\Users\wilsonschutterj\Downloads\GTFS_US\agency_enriched_geojson\stops\New_York__Metropolitan_Transit_Authority_(MTA)__mdb_mdb-528_stops.geojson,C:\Users\wilsonschutterj\Downloads\GTFS_US\agency_enriched_geojson\stops_with_metadata\New_York__Metropolitan_Transit_Authority_(MTA)__mdb_mdb-528_stops.geojson,success,1889,
stops,New_York__MTA_Metro-North_Railroad__mdb_tld-5788,C:\Users\wilsonschutterj\Downloads\GTFS_US\agency_enriched_geojson\stops\New_York__MTA_Metro-North_Railroad__mdb_tld-5788_stops.geojson,C:\Users\wilsonschutterj\Downloads\GTFS_US\agency_enriched_geojson\stops_with_metadata\New_York__MTA_Metro-North_Railroad__mdb_tld-5788_stops.geojson,success,27,
stops,New_York__Nassau_Inter-County_Express_(NICE_Bus)__mdb_mdb-521,C:\Users\wilsonschutterj\Downloads\GTFS_US\agency_enriched_geojson\stops\New_York__Nassau_Inter-County_Express_(NICE_Bus)__mdb_mdb-521_stops.geojson,C:\Users\wilsonschutterj\Downloads\GTFS_US\agency_enriched_geojson\stops_with_metadata\New_York__Nassau_Inter-County_Express_(NICE_Bus)__mdb_mdb-521_stops.geojson,success,2484,
stops,New_York__Niagara_Frontier_Transportation_Authority__mdb_tld-401,C:\Users\wilsonschutterj\Downloads\GTFS_US\agency_enriched_geojson\stops\New_York__Niagara_Frontier_Transportation_Authority__mdb_tld-401_stops.geojson,C:\Users\wilsonschutterj\Downloads\GTFS_US\agency_enriched_geojson\stops_with_metadata\New_York__Niagara_Frontier_Transportation_Authority__mdb_tld-401_stops.geojson,success,3724,
stops,New_York__Niagara_Frontier_Transportation_Authority__mdb_tld-6748,C:\Users\wilsonschutterj\Downloads\GTFS_US\agency_enriched_geojson\stops\New_York__Niagara_Frontier_Transportation_Authority__mdb_tld-6748_stops.geojson,C:\Users\wilsonschutterj\Downloads\GTFS_US\agency_enriched_geojson\stops_with_metadata\New_York__Niagara_Frontier_Transportation_Authority__mdb_tld-6748_stops.geojson,success,28,
stops,New_York__North_Country_Express_Transit__mdb_mdb-546,C:\Users\wilsonschutterj\Downloads\GTFS_US\agency_enriched_geojson\stops\New_York__North_Country_Express_Transit__mdb_mdb-546_stops.geojson,C:\Users\wilsonschutterj\Downloads\GTFS_US\agency_enriched_geojson\stops_with_metadata\New_York__North_Country_Express_Transit__mdb_mdb-546_stops.geojson,success,30,
stops,New_York__NYC_Ferry__mdb_mdb-515,C:\Users\wilsonschutterj\Downloads\GTFS_US\agency_enriched_geojson\stops\New_York__NYC_Ferry__mdb_mdb-515_stops.geojson,C:\Users\wilsonschutterj\Downloads\GTFS_US\agency_enriched_geojson\stops_with_metadata\New_York__NYC_Ferry__mdb_mdb-515_stops.geojson,success,50,
stops,New_York__Olean_Area_Transit_System__mdb_mdb-586,C:\Users\wilsonschutterj\Downloads\GTFS_US\agency_enriched_geojson\stops\New_York__Olean_Area_Transit_System__mdb_mdb-586_stops.geojson,C:\Users\wilsonschutterj\Downloads\GTFS_US\agency_enriched_geojson\stops_with_metadata\New_York__Olean_Area_Transit_System__mdb_mdb-586_stops.geojson,success,80,
stops,New_York__Oneonta_Public_Transit__mdb_tld-6777,C:\Users\wilsonschutterj\Downloads\GTFS_US\agency_enriched_geojson\stops\New_York__Oneonta_Public_Transit__mdb_tld-6777_stops.geojson,C:\Users\wilsonschutterj\Downloads\GTFS_US\agency_enriched_geojson\stops_with_metadata\New_York__Oneonta_Public_Transit__mdb_tld-6777_stops.geojson,success,57,
stops,New_York__Otsego_Express_Public_Transportation__mdb_mdb-589,C:\Users\wilsonschutterj\Downloads\GTFS_US\agency_enriched_geojson\stops\New_York__Otsego_Express_Public_Transportation__mdb_mdb-589_stops.geojson,C:\Users\wilsonschutterj\Downloads\GTFS_US\agency_enriched_geojson\stops_with_metadata\New_York__Otsego_Express_Public_Transportation__mdb_mdb-589_stops.geojson,success,58,
stops,New_York__PART_Putnam_Area_Rapid_Transit__mdb_mdb-928,C:\Users\wilsonschutterj\Downloads\GTFS_US\agency_enriched_geojson\stops\New_York__PART_Putnam_Area_Rapid_Transit__mdb_mdb-928_stops.geojson,C:\Users\wilsonschutterj\Downloads\GTFS_US\agency_enriched_geojson\stops_with_metadata\New_York__PART_Putnam_Area_Rapid_Transit__mdb_mdb-928_stops.geojson,success,256,
stops,"New_York__Propark_Mobility,_Columbia_County_Public_Transportation__mdb_tld-6745","C:\Users\wilsonschutterj\Downloads\GTFS_US\agency_enriched_geojson\stops\New_York__Propark_Mobility,_Columbia_County_Public_Transportation__mdb_tld-6745_stops.geojson","C:\Users\wilsonschutterj\Downloads\GTFS_US\agency_enriched_geojson\stops_with_metadata\New_York__Propark_Mobility,_Columbia_County_Public_Transportation__mdb_tld-6745_stops.geojson",success,83,
stops,New_York__Rensselaer_County_(Yankee_Trails)__mdb_mdb-804,C:\Users\wilsonschutterj\Downloads\GTFS_US\agency_enriched_geojson\stops\New_York__Rensselaer_County_(Yankee_Trails)__mdb_mdb-804_stops.geojson,C:\Users\wilsonschutterj\Downloads\GTFS_US\agency_enriched_geojson\stops_with_metadata\New_York__Rensselaer_County_(Yankee_Trails)__mdb_mdb-804_stops.geojson,success,16,
stops,New_York__Rochester-Genesee_Regional_Transportation_Authority_(RGRTA)__mdb_mdb-533,C:\Users\wilsonschutterj\Downloads\GTFS_US\agency_enriched_geojson\stops\New_York__Rochester-Genesee_Regional_Transportation_Authority_(RGRTA)__mdb_mdb-533_stops.geojson,C:\Users\wilsonschutterj\Downloads\GTFS_US\agency_enriched_geojson\stops_with_metadata\New_York__Rochester-Genesee_Regional_Transportation_Authority_(RGRTA)__mdb_mdb-533_stops.geojson,success,1885,
stops,New_York__Rochester-Genesee_Regional_Transportation_Authority__mdb_tld-1200,C:\Users\wilsonschutterj\Downloads\GTFS_US\agency_enriched_geojson\stops\New_York__Rochester-Genesee_Regional_Transportation_Authority__mdb_tld-1200_stops.geojson,C:\Users\wilsonschutterj\Downloads\GTFS_US\agency_enriched_geojson\stops_with_metadata\New_York__Rochester-Genesee_Regional_Transportation_Authority__mdb_tld-1200_stops.geojson,success,17,
stops,New_York__Rochester-Genesee_Regional_Transportation_Authority__mdb_tld-1201,C:\Users\wilsonschutterj\Downloads\GTFS_US\agency_enriched_geojson\stops\New_York__Rochester-Genesee_Regional_Transportation_Authority__mdb_tld-1201_stops.geojson,C:\Users\wilsonschutterj\Downloads\GTFS_US\agency_enriched_geojson\stops_with_metadata\New_York__Rochester-Genesee_Regional_Transportation_Authority__mdb_tld-1201_stops.geojson,success,77,
stops,New_York__Rochester-Genesee_Regional_Transportation_Authority__mdb_tld-7040,C:\Users\wilsonschutterj\Downloads\GTFS_US\agency_enriched_geojson\stops\New_York__Rochester-Genesee_Regional_Transportation_Authority__mdb_tld-7040_stops.geojson,C:\Users\wilsonschutterj\Downloads\GTFS_US\agency_enriched_geojson\stops_with_metadata\New_York__Rochester-Genesee_Regional_Transportation_Authority__mdb_tld-7040_stops.geojson,success,24,
stops,New_York__Rochester-Genesee_Regional_Transportation_Authority__mdb_tld-7041,C:\Users\wilsonschutterj\Downloads\GTFS_US\agency_enriched_geojson\stops\New_York__Rochester-Genesee_Regional_Transportation_Authority__mdb_tld-7041_stops.geojson,C:\Users\wilsonschutterj\Downloads\GTFS_US\agency_enriched_geojson\stops_with_metadata\New_York__Rochester-Genesee_Regional_Transportation_Authority__mdb_tld-7041_stops.geojson,success,48,
stops,New_York__Rochester-Genesee_Regional_Transportation_Authority__mdb_tld-7042,C:\Users\wilsonschutterj\Downloads\GTFS_US\agency_enriched_geojson\stops\New_York__Rochester-Genesee_Regional_Transportation_Authority__mdb_tld-7042_stops.geojson,C:\Users\wilsonschutterj\Downloads\GTFS_US\agency_enriched_geojson\stops_with_metadata\New_York__Rochester-Genesee_Regional_Transportation_Authority__mdb_tld-7042_stops.geojson,success,30,
stops,New_York__Rochester-Genesee_Regional_Transportation_Authority__mdb_tld-7043,C:\Users\wilsonschutterj\Downloads\GTFS_US\agency_enriched_geojson\stops\New_York__Rochester-Genesee_Regional_Transportation_Authority__mdb_tld-7043_stops.geojson,C:\Users\wilsonschutterj\Downloads\GTFS_US\agency_enriched_geojson\stops_with_metadata\New_York__Rochester-Genesee_Regional_Transportation_Authority__mdb_tld-7043_stops.geojson,success,53,
stops,New_York__Rochester_Transit_Service__mdb_mdb-3114,C:\Users\wilsonschutterj\Downloads\GTFS_US\agency_enriched_geojson\stops\New_York__Rochester_Transit_Service__mdb_mdb-3114_stops.geojson,C:\Users\wilsonschutterj\Downloads\GTFS_US\agency_enriched_geojson\stops_with_metadata\New_York__Rochester_Transit_Service__mdb_mdb-3114_stops.geojson,success,46,
stops,New_York__Roosevelt_Island_Operating_Corporation_Tramway__mdb_tld-3364,C:\Users\wilsonschutterj\Downloads\GTFS_US\agency_enriched_geojson\stops\New_York__Roosevelt_Island_Operating_Corporation_Tramway__mdb_tld-3364_stops.geojson,C:\Users\wilsonschutterj\Downloads\GTFS_US\agency_enriched_geojson\stops_with_metadata\New_York__Roosevelt_Island_Operating_Corporation_Tramway__mdb_tld-3364_stops.geojson,success,26,
stops,New_York__Schoharie_County_Transit__mdb_tld-5877,C:\Users\wilsonschutterj\Downloads\GTFS_US\agency_enriched_geojson\stops\New_York__Schoharie_County_Transit__mdb_tld-5877_stops.geojson,C:\Users\wilsonschutterj\Downloads\GTFS_US\agency_enriched_geojson\stops_with_metadata\New_York__Schoharie_County_Transit__mdb_tld-5877_stops.geojson,success,65,
stops,New_York__SeaStreak_Ferries__mdb_ntd-20226,C:\Users\wilsonschutterj\Downloads\GTFS_US\agency_enriched_geojson\stops\New_York__SeaStreak_Ferries__mdb_ntd-20226_stops.geojson,C:\Users\wilsonschutterj\Downloads\GTFS_US\agency_enriched_geojson\stops_with_metadata\New_York__SeaStreak_Ferries__mdb_ntd-20226_stops.geojson,success,11,
stops,New_York__Seneca_Transit_System__mdb_ntd-22929,C:\Users\wilsonschutterj\Downloads\GTFS_US\agency_enriched_geojson\stops\New_York__Seneca_Transit_System__mdb_ntd-22929_stops.geojson,C:\Users\wilsonschutterj\Downloads\GTFS_US\agency_enriched_geojson\stops_with_metadata\New_York__Seneca_Transit_System__mdb_ntd-22929_stops.geojson,success,55,
stops,New_York__St_Lawrence_County_Public_Transit__mdb_mdb-2611,C:\Users\wilsonschutterj\Downloads\GTFS_US\agency_enriched_geojson\stops\New_York__St_Lawrence_County_Public_Transit__mdb_mdb-2611_stops.geojson,C:\Users\wilsonschutterj\Downloads\GTFS_US\agency_enriched_geojson\stops_with_metadata\New_York__St_Lawrence_County_Public_Transit__mdb_mdb-2611_stops.geojson,success,153,
stops,New_York__Staten_Island_Ferry__mdb_mdb-518,C:\Users\wilsonschutterj\Downloads\GTFS_US\agency_enriched_geojson\stops\New_York__Staten_Island_Ferry__mdb_mdb-518_stops.geojson,C:\Users\wilsonschutterj\Downloads\GTFS_US\agency_enriched_geojson\stops_with_metadata\New_York__Staten_Island_Ferry__mdb_mdb-518_stops.geojson,success,2,
stops,New_York__Steuben_County_Transit__mdb_mdb-851,C:\Users\wilsonschutterj\Downloads\GTFS_US\agency_enriched_geojson\stops\New_York__Steuben_County_Transit__mdb_mdb-851_stops.geojson,C:\Users\wilsonschutterj\Downloads\GTFS_US\agency_enriched_geojson\stops_with_metadata\New_York__Steuben_County_Transit__mdb_mdb-851_stops.geojson,success,20,
stops,New_York__Suffolk_County_Transit__mdb_mdb-3115,C:\Users\wilsonschutterj\Downloads\GTFS_US\agency_enriched_geojson\stops\New_York__Suffolk_County_Transit__mdb_mdb-3115_stops.geojson,C:\Users\wilsonschutterj\Downloads\GTFS_US\agency_enriched_geojson\stops_with_metadata\New_York__Suffolk_County_Transit__mdb_mdb-3115_stops.geojson,success,2283,
stops,New_York__Sullivan_County_Transit__mdb_mdb-927,C:\Users\wilsonschutterj\Downloads\GTFS_US\agency_enriched_geojson\stops\New_York__Sullivan_County_Transit__mdb_mdb-927_stops.geojson,C:\Users\wilsonschutterj\Downloads\GTFS_US\agency_enriched_geojson\stops_with_metadata\New_York__Sullivan_County_Transit__mdb_mdb-927_stops.geojson,success,108,
stops,New_York__Tompkins_Consolidated_Area_Transit_Inc__mdb_mdb-535,C:\Users\wilsonschutterj\Downloads\GTFS_US\agency_enriched_geojson\stops\New_York__Tompkins_Consolidated_Area_Transit_Inc__mdb_mdb-535_stops.geojson,C:\Users\wilsonschutterj\Downloads\GTFS_US\agency_enriched_geojson\stops_with_metadata\New_York__Tompkins_Consolidated_Area_Transit_Inc__mdb_mdb-535_stops.geojson,success,633,
stops,New_York__Transport_of_Rockland__mdb_tld-3368,C:\Users\wilsonschutterj\Downloads\GTFS_US\agency_enriched_geojson\stops\New_York__Transport_of_Rockland__mdb_tld-3368_stops.geojson,C:\Users\wilsonschutterj\Downloads\GTFS_US\agency_enriched_geojson\stops_with_metadata\New_York__Transport_of_Rockland__mdb_tld-3368_stops.geojson,success,97,
stops,New_York__Ulster_County_Area_Transit__mdb_mdb-526,C:\Users\wilsonschutterj\Downloads\GTFS_US\agency_enriched_geojson\stops\New_York__Ulster_County_Area_Transit__mdb_mdb-526_stops.geojson,C:\Users\wilsonschutterj\Downloads\GTFS_US\agency_enriched_geojson\stops_with_metadata\New_York__Ulster_County_Area_Transit__mdb_mdb-526_stops.geojson,success,143,
stops,New_York__Watertown_Citibus__mdb_mdb-2881,C:\Users\wilsonschutterj\Downloads\GTFS_US\agency_enriched_geojson\stops\New_York__Watertown_Citibus__mdb_mdb-2881_stops.geojson,C:\Users\wilsonschutterj\Downloads\GTFS_US\agency_enriched_geojson\stops_with_metadata\New_York__Watertown_Citibus__mdb_mdb-2881_stops.geojson,success,57,
stops,New_York__Watertown_Citibus__mdb_mdb-871,C:\Users\wilsonschutterj\Downloads\GTFS_US\agency_enriched_geojson\stops\New_York__Watertown_Citibus__mdb_mdb-871_stops.geojson,C:\Users\wilsonschutterj\Downloads\GTFS_US\agency_enriched_geojson\stops_with_metadata\New_York__Watertown_Citibus__mdb_mdb-871_stops.geojson,success,28,
stops,North_Carolina__Asheville_Rides_Transit__mdb_mdb-903,C:\Users\wilsonschutterj\Downloads\GTFS_US\agency_enriched_geojson\stops\North_Carolina__Asheville_Rides_Transit__mdb_mdb-903_stops.geojson,C:\Users\wilsonschutterj\Downloads\GTFS_US\agency_enriched_geojson\stops_with_metadata\North_Carolina__Asheville_Rides_Transit__mdb_mdb-903_stops.geojson,success,677,
stops,North_Carolina__Cape_Lookout_National_Seashore__mdb_mdb-3205,C:\Users\wilsonschutterj\Downloads\GTFS_US\agency_enriched_geojson\stops\North_Carolina__Cape_Lookout_National_Seashore__mdb_mdb-3205_stops.geojson,C:\Users\wilsonschutterj\Downloads\GTFS_US\agency_enriched_geojson\stops_with_metadata\North_Carolina__Cape_Lookout_National_Seashore__mdb_mdb-3205_stops.geojson,success,5,
stops,North_Carolina__Capital_Area_Transit_(GoRaleigh)__mdb_mdb-2074,C:\Users\wilsonschutterj\Downloads\GTFS_US\agency_enriched_geojson\stops\North_Carolina__Capital_Area_Transit_(GoRaleigh)__mdb_mdb-2074_stops.geojson,C:\Users\wilsonschutterj\Downloads\GTFS_US\agency_enriched_geojson\stops_with_metadata\North_Carolina__Capital_Area_Transit_(GoRaleigh)__mdb_mdb-2074_stops.geojson,success,1386,
stops,North_Carolina__Chapel_Hill_Transit__mdb_tld-89,C:\Users\wilsonschutterj\Downloads\GTFS_US\agency_enriched_geojson\stops\North_Carolina__Chapel_Hill_Transit__mdb_tld-89_stops.geojson,C:\Users\wilsonschutterj\Downloads\GTFS_US\agency_enriched_geojson\stops_with_metadata\North_Carolina__Chapel_Hill_Transit__mdb_tld-89_stops.geojson,success,527,
stops,North_Carolina__Charlotte_Area_Transit_System_(CATS)__mdb_mdb-2265,C:\Users\wilsonschutterj\Downloads\GTFS_US\agency_enriched_geojson\stops\North_Carolina__Charlotte_Area_Transit_System_(CATS)__mdb_mdb-2265_stops.geojson,C:\Users\wilsonschutterj\Downloads\GTFS_US\agency_enriched_geojson\stops_with_metadata\North_Carolina__Charlotte_Area_Transit_System_(CATS)__mdb_mdb-2265_stops.geojson,success,2917,
stops,North_Carolina__City_of_Jacksonville__mdb_tld-6735,C:\Users\wilsonschutterj\Downloads\GTFS_US\agency_enriched_geojson\stops\North_Carolina__City_of_Jacksonville__mdb_tld-6735_stops.geojson,C:\Users\wilsonschutterj\Downloads\GTFS_US\agency_enriched_geojson\stops_with_metadata\North_Carolina__City_of_Jacksonville__mdb_tld-6735_stops.geojson,success,196,
stops,North_Carolina__Concord_Kannapolis_Area_Transit_(Rider_Transit)__mdb_mdb-2244,C:\Users\wilsonschutterj\Downloads\GTFS_US\agency_enriched_geojson\stops\North_Carolina__Concord_Kannapolis_Area_Transit_(Rider_Transit)__mdb_mdb-2244_stops.geojson,C:\Users\wilsonschutterj\Downloads\GTFS_US\agency_enriched_geojson\stops_with_metadata\North_Carolina__Concord_Kannapolis_Area_Transit_(Rider_Transit)__mdb_mdb-2244_stops.geojson,success,280,
stops,North_Carolina__Davidson_County_Transportation_Services__mdb_ntd-40131,C:\Users\wilsonschutterj\Downloads\GTFS_US\agency_enriched_geojson\stops\North_Carolina__Davidson_County_Transportation_Services__mdb_ntd-40131_stops.geojson,C:\Users\wilsonschutterj\Downloads\GTFS_US\agency_enriched_geojson\stops_with_metadata\North_Carolina__Davidson_County_Transportation_Services__mdb_ntd-40131_stops.geojson,success,125,
stops,North_Carolina__GoCary__mdb_mdb-2277,C:\Users\wilsonschutterj\Downloads\GTFS_US\agency_enriched_geojson\stops\North_Carolina__GoCary__mdb_mdb-2277_stops.geojson,C:\Users\wilsonschutterj\Downloads\GTFS_US\agency_enriched_geojson\stops_with_metadata\North_Carolina__GoCary__mdb_mdb-2277_stops.geojson,success,303,
stops,North_Carolina__GoDurham__mdb_tld-98,C:\Users\wilsonschutterj\Downloads\GTFS_US\agency_enriched_geojson\stops\North_Carolina__GoDurham__mdb_tld-98_stops.geojson,C:\Users\wilsonschutterj\Downloads\GTFS_US\agency_enriched_geojson\stops_with_metadata\North_Carolina__GoDurham__mdb_tld-98_stops.geojson,success,831,
stops,North_Carolina__GoTriangle__mdb_mdb-3183,C:\Users\wilsonschutterj\Downloads\GTFS_US\agency_enriched_geojson\stops\North_Carolina__GoTriangle__mdb_mdb-3183_stops.geojson,C:\Users\wilsonschutterj\Downloads\GTFS_US\agency_enriched_geojson\stops_with_metadata\North_Carolina__GoTriangle__mdb_mdb-3183_stops.geojson,success,496,
stops,North_Carolina__Link_Transit__mdb_mdb-1971,C:\Users\wilsonschutterj\Downloads\GTFS_US\agency_enriched_geojson\stops\North_Carolina__Link_Transit__mdb_mdb-1971_stops.geojson,C:\Users\wilsonschutterj\Downloads\GTFS_US\agency_enriched_geojson\stops_with_metadata\North_Carolina__Link_Transit__mdb_mdb-1971_stops.geojson,success,200,
stops,North_Carolina__North_Carolina_State_University_(NCSU)__mdb_mdb-2245,C:\Users\wilsonschutterj\Downloads\GTFS_US\agency_enriched_geojson\stops\North_Carolina__North_Carolina_State_University_(NCSU)__mdb_mdb-2245_stops.geojson,C:\Users\wilsonschutterj\Downloads\GTFS_US\agency_enriched_geojson\stops_with_metadata\North_Carolina__North_Carolina_State_University_(NCSU)__mdb_mdb-2245_stops.geojson,success,121,
stops,North_Carolina__Orange_County_Public_Transportation__mdb_tld-7885,C:\Users\wilsonschutterj\Downloads\GTFS_US\agency_enriched_geojson\stops\North_Carolina__Orange_County_Public_Transportation__mdb_tld-7885_stops.geojson,C:\Users\wilsonschutterj\Downloads\GTFS_US\agency_enriched_geojson\stops_with_metadata\North_Carolina__Orange_County_Public_Transportation__mdb_tld-7885_stops.geojson,success,63,
stops,North_Carolina__Piedmont_Authority_for_Regional_Transportation_(PART)__mdb_mdb-373,C:\Users\wilsonschutterj\Downloads\GTFS_US\agency_enriched_geojson\stops\North_Carolina__Piedmont_Authority_for_Regional_Transportation_(PART)__mdb_mdb-373_stops.geojson,C:\Users\wilsonschutterj\Downloads\GTFS_US\agency_enriched_geojson\stops_with_metadata\North_Carolina__Piedmont_Authority_for_Regional_Transportation_(PART)__mdb_mdb-373_stops.geojson,success,116,
stops,North_Carolina__Research_Triangle_Regional_Public_Transportation_Authority__mdb_tld-202,C:\Users\wilsonschutterj\Downloads\GTFS_US\agency_enriched_geojson\stops\North_Carolina__Research_Triangle_Regional_Public_Transportation_Authority__mdb_tld-202_stops.geojson,C:\Users\wilsonschutterj\Downloads\GTFS_US\agency_enriched_geojson\stops_with_metadata\North_Carolina__Research_Triangle_Regional_Public_Transportation_Authority__mdb_tld-202_stops.geojson,success,496,
stops,North_Carolina__Tar_River_Transit__mdb_mdb-472,C:\Users\wilsonschutterj\Downloads\GTFS_US\agency_enriched_geojson\stops\North_Carolina__Tar_River_Transit__mdb_mdb-472_stops.geojson,C:\Users\wilsonschutterj\Downloads\GTFS_US\agency_enriched_geojson\stops_with_metadata\North_Carolina__Tar_River_Transit__mdb_mdb-472_stops.geojson,success,298,
stops,North_Carolina__Wave_Transit__mdb_mdb-1110,C:\Users\wilsonschutterj\Downloads\GTFS_US\agency_enriched_geojson\stops\North_Carolina__Wave_Transit__mdb_mdb-1110_stops.geojson,C:\Users\wilsonschutterj\Downloads\GTFS_US\agency_enriched_geojson\stops_with_metadata\North_Carolina__Wave_Transit__mdb_mdb-1110_stops.geojson,success,410,
stops,North_Carolina__Winston_Salem_Transit_Authority_(WSTA)__mdb_mdb-3479,C:\Users\wilsonschutterj\Downloads\GTFS_US\agency_enriched_geojson\stops\North_Carolina__Winston_Salem_Transit_Authority_(WSTA)__mdb_mdb-3479_stops.geojson,C:\Users\wilsonschutterj\Downloads\GTFS_US\agency_enriched_geojson\stops_with_metadata\North_Carolina__Winston_Salem_Transit_Authority_(WSTA)__mdb_mdb-3479_stops.geojson,success,955,
stops,North_Dakota__Bis-Man_Transit__mdb_tld-6095,C:\Users\wilsonschutterj\Downloads\GTFS_US\agency_enriched_geojson\stops\North_Dakota__Bis-Man_Transit__mdb_tld-6095_stops.geojson,C:\Users\wilsonschutterj\Downloads\GTFS_US\agency_enriched_geojson\stops_with_metadata\North_Dakota__Bis-Man_Transit__mdb_tld-6095_stops.geojson,success,57,
stops,North_Dakota__Cities_Area_Transit__mdb_mdb-2199,C:\Users\wilsonschutterj\Downloads\GTFS_US\agency_enriched_geojson\stops\North_Dakota__Cities_Area_Transit__mdb_mdb-2199_stops.geojson,C:\Users\wilsonschutterj\Downloads\GTFS_US\agency_enriched_geojson\stops_with_metadata\North_Dakota__Cities_Area_Transit__mdb_mdb-2199_stops.geojson,success,248,
stops,North_Dakota__City_of_Fargo__mdb_ntd-80003,C:\Users\wilsonschutterj\Downloads\GTFS_US\agency_enriched_geojson\stops\North_Dakota__City_of_Fargo__mdb_ntd-80003_stops.geojson,C:\Users\wilsonschutterj\Downloads\GTFS_US\agency_enriched_geojson\stops_with_metadata\North_Dakota__City_of_Fargo__mdb_ntd-80003_stops.geojson,success,662,
stops,Ohio__Akron_Metro_Regional_Transit_Authority_(METRO)__mdb_mdb-2071,C:\Users\wilsonschutterj\Downloads\GTFS_US\agency_enriched_geojson\stops\Ohio__Akron_Metro_Regional_Transit_Authority_(METRO)__mdb_mdb-2071_stops.geojson,C:\Users\wilsonschutterj\Downloads\GTFS_US\agency_enriched_geojson\stops_with_metadata\Ohio__Akron_Metro_Regional_Transit_Authority_(METRO)__mdb_mdb-2071_stops.geojson,success,1827,
stops,Ohio__Allen_County_Regional_Transit_Authority__mdb_mdb-210,C:\Users\wilsonschutterj\Downloads\GTFS_US\agency_enriched_geojson\stops\Ohio__Allen_County_Regional_Transit_Authority__mdb_mdb-210_stops.geojson,C:\Users\wilsonschutterj\Downloads\GTFS_US\agency_enriched_geojson\stops_with_metadata\Ohio__Allen_County_Regional_Transit_Authority__mdb_mdb-210_stops.geojson,success,338,
stops,Ohio__Central_Ohio_Transit_Authority_(COTA)__mdb_mdb-404,C:\Users\wilsonschutterj\Downloads\GTFS_US\agency_enriched_geojson\stops\Ohio__Central_Ohio_Transit_Authority_(COTA)__mdb_mdb-404_stops.geojson,C:\Users\wilsonschutterj\Downloads\GTFS_US\agency_enriched_geojson\stops_with_metadata\Ohio__Central_Ohio_Transit_Authority_(COTA)__mdb_mdb-404_stops.geojson,success,2978,
stops,Ohio__Cincinnati_Metro__mdb_mdb-307,C:\Users\wilsonschutterj\Downloads\GTFS_US\agency_enriched_geojson\stops\Ohio__Cincinnati_Metro__mdb_mdb-307_stops.geojson,C:\Users\wilsonschutterj\Downloads\GTFS_US\agency_enriched_geojson\stops_with_metadata\Ohio__Cincinnati_Metro__mdb_mdb-307_stops.geojson,success,3513,
stops,Ohio__Greater_Cleveland_Regional_Transit_Authority__mdb_mdb-406,C:\Users\wilsonschutterj\Downloads\GTFS_US\agency_enriched_geojson\stops\Ohio__Greater_Cleveland_Regional_Transit_Authority__mdb_mdb-406_stops.geojson,C:\Users\wilsonschutterj\Downloads\GTFS_US\agency_enriched_geojson\stops_with_metadata\Ohio__Greater_Cleveland_Regional_Transit_Authority__mdb_mdb-406_stops.geojson,success,5590,
stops,Ohio__Greater_Dayton_Regional_Transit_Authority_(Greater_Dayton_RTA)__mdb_mdb-403,C:\Users\wilsonschutterj\Downloads\GTFS_US\agency_enriched_geojson\stops\Ohio__Greater_Dayton_Regional_Transit_Authority_(Greater_Dayton_RTA)__mdb_mdb-403_stops.geojson,C:\Users\wilsonschutterj\Downloads\GTFS_US\agency_enriched_geojson\stops_with_metadata\Ohio__Greater_Dayton_Regional_Transit_Authority_(Greater_Dayton_RTA)__mdb_mdb-403_stops.geojson,success,2632,
stops,Ohio__Laketran__mdb_mdb-410,C:\Users\wilsonschutterj\Downloads\GTFS_US\agency_enriched_geojson\stops\Ohio__Laketran__mdb_mdb-410_stops.geojson,C:\Users\wilsonschutterj\Downloads\GTFS_US\agency_enriched_geojson\stops_with_metadata\Ohio__Laketran__mdb_mdb-410_stops.geojson,success,797,
stops,Ohio__Licking_County_Transit__mdb_ntd-50163,C:\Users\wilsonschutterj\Downloads\GTFS_US\agency_enriched_geojson\stops\Ohio__Licking_County_Transit__mdb_ntd-50163_stops.geojson,C:\Users\wilsonschutterj\Downloads\GTFS_US\agency_enriched_geojson\stops_with_metadata\Ohio__Licking_County_Transit__mdb_ntd-50163_stops.geojson,success,159,
stops,Ohio__Lorain_County_Transit__mdb_tld-7039,C:\Users\wilsonschutterj\Downloads\GTFS_US\agency_enriched_geojson\stops\Ohio__Lorain_County_Transit__mdb_tld-7039_stops.geojson,C:\Users\wilsonschutterj\Downloads\GTFS_US\agency_enriched_geojson\stops_with_metadata\Ohio__Lorain_County_Transit__mdb_tld-7039_stops.geojson,success,148,
stops,Ohio__Portage_Area_Regional_Transportation_Authority_(PARTA)__mdb_mdb-2256,C:\Users\wilsonschutterj\Downloads\GTFS_US\agency_enriched_geojson\stops\Ohio__Portage_Area_Regional_Transportation_Authority_(PARTA)__mdb_mdb-2256_stops.geojson,C:\Users\wilsonschutterj\Downloads\GTFS_US\agency_enriched_geojson\stops_with_metadata\Ohio__Portage_Area_Regional_Transportation_Authority_(PARTA)__mdb_mdb-2256_stops.geojson,success,1051,
stops,Ohio__Sandusky_Transit_System__mdb_tld-1213_1,C:\Users\wilsonschutterj\Downloads\GTFS_US\agency_enriched_geojson\stops\Ohio__Sandusky_Transit_System__mdb_tld-1213_1_stops.geojson,C:\Users\wilsonschutterj\Downloads\GTFS_US\agency_enriched_geojson\stops_with_metadata\Ohio__Sandusky_Transit_System__mdb_tld-1213_1_stops.geojson,success,101,
stops,Ohio__Stark_Area_Regional_Transit_Authority_(SARTA)__mdb_mdb-2001,C:\Users\wilsonschutterj\Downloads\GTFS_US\agency_enriched_geojson\stops\Ohio__Stark_Area_Regional_Transit_Authority_(SARTA)__mdb_mdb-2001_stops.geojson,C:\Users\wilsonschutterj\Downloads\GTFS_US\agency_enriched_geojson\stops_with_metadata\Ohio__Stark_Area_Regional_Transit_Authority_(SARTA)__mdb_mdb-2001_stops.geojson,success,1365,
stops,Ohio__Toledo_Area_Regional_Transit_Authority__mdb_tld-1716_1,C:\Users\wilsonschutterj\Downloads\GTFS_US\agency_enriched_geojson\stops\Ohio__Toledo_Area_Regional_Transit_Authority__mdb_tld-1716_1_stops.geojson,C:\Users\wilsonschutterj\Downloads\GTFS_US\agency_enriched_geojson\stops_with_metadata\Ohio__Toledo_Area_Regional_Transit_Authority__mdb_tld-1716_1_stops.geojson,success,1533,
stops,Ohio__Western_Reserve_Transit_Authority__mdb_tld-1717,C:\Users\wilsonschutterj\Downloads\GTFS_US\agency_enriched_geojson\stops\Ohio__Western_Reserve_Transit_Authority__mdb_tld-1717_stops.geojson,C:\Users\wilsonschutterj\Downloads\GTFS_US\agency_enriched_geojson\stops_with_metadata\Ohio__Western_Reserve_Transit_Authority__mdb_tld-1717_stops.geojson,success,1019,
stops,Oklahoma__Campus_Area_Rapid_Transit_(CART)__mdb_mdb-182,C:\Users\wilsonschutterj\Downloads\GTFS_US\agency_enriched_geojson\stops\Oklahoma__Campus_Area_Rapid_Transit_(CART)__mdb_mdb-182_stops.geojson,C:\Users\wilsonschutterj\Downloads\GTFS_US\agency_enriched_geojson\stops_with_metadata\Oklahoma__Campus_Area_Rapid_Transit_(CART)__mdb_mdb-182_stops.geojson,success,33,
stops,Oklahoma__Citylink_Edmond__mdb_tld-7841,C:\Users\wilsonschutterj\Downloads\GTFS_US\agency_enriched_geojson\stops\Oklahoma__Citylink_Edmond__mdb_tld-7841_stops.geojson,C:\Users\wilsonschutterj\Downloads\GTFS_US\agency_enriched_geojson\stops_with_metadata\Oklahoma__Citylink_Edmond__mdb_tld-7841_stops.geojson,success,155,
stops,Oklahoma__Embark__mdb_mdb-2062,C:\Users\wilsonschutterj\Downloads\GTFS_US\agency_enriched_geojson\stops\Oklahoma__Embark__mdb_mdb-2062_stops.geojson,C:\Users\wilsonschutterj\Downloads\GTFS_US\agency_enriched_geojson\stops_with_metadata\Oklahoma__Embark__mdb_mdb-2062_stops.geojson,success,1640,
stops,Oklahoma__Metropolitan_Tulsa_Transit_Authority__mdb_tld-235,C:\Users\wilsonschutterj\Downloads\GTFS_US\agency_enriched_geojson\stops\Oklahoma__Metropolitan_Tulsa_Transit_Authority__mdb_tld-235_stops.geojson,C:\Users\wilsonschutterj\Downloads\GTFS_US\agency_enriched_geojson\stops_with_metadata\Oklahoma__Metropolitan_Tulsa_Transit_Authority__mdb_tld-235_stops.geojson,success,1191,
stops,Oklahoma__Oklahoma_State_University_-Stillwater_Community_Transit__mdb_ntd-60160,C:\Users\wilsonschutterj\Downloads\GTFS_US\agency_enriched_geojson\stops\Oklahoma__Oklahoma_State_University_-Stillwater_Community_Transit__mdb_ntd-60160_stops.geojson,C:\Users\wilsonschutterj\Downloads\GTFS_US\agency_enriched_geojson\stops_with_metadata\Oklahoma__Oklahoma_State_University_-Stillwater_Community_Transit__mdb_ntd-60160_stops.geojson,success,174,
stops,Oklahoma__OSU-Stillwater_Community_Transit__mdb_tld-7941,C:\Users\wilsonschutterj\Downloads\GTFS_US\agency_enriched_geojson\stops\Oklahoma__OSU-Stillwater_Community_Transit__mdb_tld-7941_stops.geojson,C:\Users\wilsonschutterj\Downloads\GTFS_US\agency_enriched_geojson\stops_with_metadata\Oklahoma__OSU-Stillwater_Community_Transit__mdb_tld-7941_stops.geojson,success,175,
stops,Oregon__Astoria_Riverfront_Trolley__mdb_mdb-1254,C:\Users\wilsonschutterj\Downloads\GTFS_US\agency_enriched_geojson\stops\Oregon__Astoria_Riverfront_Trolley__mdb_mdb-1254_stops.geojson,C:\Users\wilsonschutterj\Downloads\GTFS_US\agency_enriched_geojson\stops_with_metadata\Oregon__Astoria_Riverfront_Trolley__mdb_mdb-1254_stops.geojson,success,12,
stops,Oregon__Basin_Transit_Service_(BTS)__mdb_mdb-125,C:\Users\wilsonschutterj\Downloads\GTFS_US\agency_enriched_geojson\stops\Oregon__Basin_Transit_Service_(BTS)__mdb_mdb-125_stops.geojson,C:\Users\wilsonschutterj\Downloads\GTFS_US\agency_enriched_geojson\stops_with_metadata\Oregon__Basin_Transit_Service_(BTS)__mdb_mdb-125_stops.geojson,success,228,
stops,Oregon__Benton_Area_Transportation__mdb_mdb-126,C:\Users\wilsonschutterj\Downloads\GTFS_US\agency_enriched_geojson\stops\Oregon__Benton_Area_Transportation__mdb_mdb-126_stops.geojson,C:\Users\wilsonschutterj\Downloads\GTFS_US\agency_enriched_geojson\stops_with_metadata\Oregon__Benton_Area_Transportation__mdb_mdb-126_stops.geojson,success,50,
stops,Oregon__Benton_Area_Transportation__mdb_mdb-3109,C:\Users\wilsonschutterj\Downloads\GTFS_US\agency_enriched_geojson\stops\Oregon__Benton_Area_Transportation__mdb_mdb-3109_stops.geojson,C:\Users\wilsonschutterj\Downloads\GTFS_US\agency_enriched_geojson\stops_with_metadata\Oregon__Benton_Area_Transportation__mdb_mdb-3109_stops.geojson,success,50,
stops,Oregon__Buena_Vista_Ferry__mdb_mdb-834,C:\Users\wilsonschutterj\Downloads\GTFS_US\agency_enriched_geojson\stops\Oregon__Buena_Vista_Ferry__mdb_mdb-834_stops.geojson,C:\Users\wilsonschutterj\Downloads\GTFS_US\agency_enriched_geojson\stops_with_metadata\Oregon__Buena_Vista_Ferry__mdb_mdb-834_stops.geojson,success,2,
stops,Oregon__Burns_Paiute_Tribal_Transit__mdb_mdb-2621,C:\Users\wilsonschutterj\Downloads\GTFS_US\agency_enriched_geojson\stops\Oregon__Burns_Paiute_Tribal_Transit__mdb_mdb-2621_stops.geojson,C:\Users\wilsonschutterj\Downloads\GTFS_US\agency_enriched_geojson\stops_with_metadata\Oregon__Burns_Paiute_Tribal_Transit__mdb_mdb-2621_stops.geojson,success,8,
stops,Oregon__C-TRAN__mdb_mdb-258,C:\Users\wilsonschutterj\Downloads\GTFS_US\agency_enriched_geojson\stops\Oregon__C-TRAN__mdb_mdb-258_stops.geojson,C:\Users\wilsonschutterj\Downloads\GTFS_US\agency_enriched_geojson\stops_with_metadata\Oregon__C-TRAN__mdb_mdb-258_stops.geojson,success,901,
stops,Oregon__Canby_Area_Transit_(CAT)__mdb_mdb-252,C:\Users\wilsonschutterj\Downloads\GTFS_US\agency_enriched_geojson\stops\Oregon__Canby_Area_Transit_(CAT)__mdb_mdb-252_stops.geojson,C:\Users\wilsonschutterj\Downloads\GTFS_US\agency_enriched_geojson\stops_with_metadata\Oregon__Canby_Area_Transit_(CAT)__mdb_mdb-252_stops.geojson,success,48,
stops,Oregon__Canby_Ferry__mdb_mdb-605,C:\Users\wilsonschutterj\Downloads\GTFS_US\agency_enriched_geojson\stops\Oregon__Canby_Ferry__mdb_mdb-605_stops.geojson,C:\Users\wilsonschutterj\Downloads\GTFS_US\agency_enriched_geojson\stops_with_metadata\Oregon__Canby_Ferry__mdb_mdb-605_stops.geojson,success,2,
stops,Oregon__Caravan_Airport_Transportation__mdb_mdb-127,C:\Users\wilsonschutterj\Downloads\GTFS_US\agency_enriched_geojson\stops\Oregon__Caravan_Airport_Transportation__mdb_mdb-127_stops.geojson,C:\Users\wilsonschutterj\Downloads\GTFS_US\agency_enriched_geojson\stops_with_metadata\Oregon__Caravan_Airport_Transportation__mdb_mdb-127_stops.geojson,success,27,
stops,Oregon__Cascades_East_Transit__mdb_tld-170,C:\Users\wilsonschutterj\Downloads\GTFS_US\agency_enriched_geojson\stops\Oregon__Cascades_East_Transit__mdb_tld-170_stops.geojson,C:\Users\wilsonschutterj\Downloads\GTFS_US\agency_enriched_geojson\stops_with_metadata\Oregon__Cascades_East_Transit__mdb_tld-170_stops.geojson,success,328,
stops,Oregon__Central_Oregon_Breeze__mdb_mdb-139,C:\Users\wilsonschutterj\Downloads\GTFS_US\agency_enriched_geojson\stops\Oregon__Central_Oregon_Breeze__mdb_mdb-139_stops.geojson,C:\Users\wilsonschutterj\Downloads\GTFS_US\agency_enriched_geojson\stops_with_metadata\Oregon__Central_Oregon_Breeze__mdb_mdb-139_stops.geojson,success,11,
stops,Oregon__City_of_Corvallis__mdb_mdb-2283,C:\Users\wilsonschutterj\Downloads\GTFS_US\agency_enriched_geojson\stops\Oregon__City_of_Corvallis__mdb_mdb-2283_stops.geojson,C:\Users\wilsonschutterj\Downloads\GTFS_US\agency_enriched_geojson\stops_with_metadata\Oregon__City_of_Corvallis__mdb_mdb-2283_stops.geojson,success,288,
stops,Oregon__City_of_Milton-Freewater_Public_Transportation__mdb_mdb-2189,C:\Users\wilsonschutterj\Downloads\GTFS_US\agency_enriched_geojson\stops\Oregon__City_of_Milton-Freewater_Public_Transportation__mdb_mdb-2189_stops.geojson,C:\Users\wilsonschutterj\Downloads\GTFS_US\agency_enriched_geojson\stops_with_metadata\Oregon__City_of_Milton-Freewater_Public_Transportation__mdb_mdb-2189_stops.geojson,success,101,
stops,Oregon__ClackCo_Connects_(Clackamas_County)__mdb_mdb-2740,C:\Users\wilsonschutterj\Downloads\GTFS_US\agency_enriched_geojson\stops\Oregon__ClackCo_Connects_(Clackamas_County)__mdb_mdb-2740_stops.geojson,C:\Users\wilsonschutterj\Downloads\GTFS_US\agency_enriched_geojson\stops_with_metadata\Oregon__ClackCo_Connects_(Clackamas_County)__mdb_mdb-2740_stops.geojson,success,168,
stops,Oregon__ClackCo_Connects_(Clackamas_County)__mdb_mdb-2741,C:\Users\wilsonschutterj\Downloads\GTFS_US\agency_enriched_geojson\stops\Oregon__ClackCo_Connects_(Clackamas_County)__mdb_mdb-2741_stops.geojson,C:\Users\wilsonschutterj\Downloads\GTFS_US\agency_enriched_geojson\stops_with_metadata\Oregon__ClackCo_Connects_(Clackamas_County)__mdb_mdb-2741_stops.geojson,success,82,
stops,Oregon__ClackCo_Connects_(Clackamas_County)__mdb_mdb-312,C:\Users\wilsonschutterj\Downloads\GTFS_US\agency_enriched_geojson\stops\Oregon__ClackCo_Connects_(Clackamas_County)__mdb_mdb-312_stops.geojson,C:\Users\wilsonschutterj\Downloads\GTFS_US\agency_enriched_geojson\stops_with_metadata\Oregon__ClackCo_Connects_(Clackamas_County)__mdb_mdb-312_stops.geojson,success,82,
stops,Oregon__Columbia_Area_Transit_(CAT)__mdb_mdb-260,C:\Users\wilsonschutterj\Downloads\GTFS_US\agency_enriched_geojson\stops\Oregon__Columbia_Area_Transit_(CAT)__mdb_mdb-260_stops.geojson,C:\Users\wilsonschutterj\Downloads\GTFS_US\agency_enriched_geojson\stops_with_metadata\Oregon__Columbia_Area_Transit_(CAT)__mdb_mdb-260_stops.geojson,success,28,
stops,Oregon__Columbia_County_Rider__mdb_mdb-3037,C:\Users\wilsonschutterj\Downloads\GTFS_US\agency_enriched_geojson\stops\Oregon__Columbia_County_Rider__mdb_mdb-3037_stops.geojson,C:\Users\wilsonschutterj\Downloads\GTFS_US\agency_enriched_geojson\stops_with_metadata\Oregon__Columbia_County_Rider__mdb_mdb-3037_stops.geojson,success,11,
stops,Oregon__Columbia_County_Rider__mdb_tld-4210,C:\Users\wilsonschutterj\Downloads\GTFS_US\agency_enriched_geojson\stops\Oregon__Columbia_County_Rider__mdb_tld-4210_stops.geojson,C:\Users\wilsonschutterj\Downloads\GTFS_US\agency_enriched_geojson\stops_with_metadata\Oregon__Columbia_County_Rider__mdb_tld-4210_stops.geojson,success,11,
stops,Oregon__Coos_County_Area_Transit_(CCAT)__mdb_mdb-21,C:\Users\wilsonschutterj\Downloads\GTFS_US\agency_enriched_geojson\stops\Oregon__Coos_County_Area_Transit_(CCAT)__mdb_mdb-21_stops.geojson,C:\Users\wilsonschutterj\Downloads\GTFS_US\agency_enriched_geojson\stops_with_metadata\Oregon__Coos_County_Area_Transit_(CCAT)__mdb_mdb-21_stops.geojson,success,164,
stops,Oregon__Curry_Public_Transit__mdb_mdb-22,C:\Users\wilsonschutterj\Downloads\GTFS_US\agency_enriched_geojson\stops\Oregon__Curry_Public_Transit__mdb_mdb-22_stops.geojson,C:\Users\wilsonschutterj\Downloads\GTFS_US\agency_enriched_geojson\stops_with_metadata\Oregon__Curry_Public_Transit__mdb_mdb-22_stops.geojson,success,15,
stops,Oregon__Diamond_Express__mdb_mdb-130,C:\Users\wilsonschutterj\Downloads\GTFS_US\agency_enriched_geojson\stops\Oregon__Diamond_Express__mdb_mdb-130_stops.geojson,C:\Users\wilsonschutterj\Downloads\GTFS_US\agency_enriched_geojson\stops_with_metadata\Oregon__Diamond_Express__mdb_mdb-130_stops.geojson,success,13,
stops,Oregon__Harney_County__mdb_mdb-931,C:\Users\wilsonschutterj\Downloads\GTFS_US\agency_enriched_geojson\stops\Oregon__Harney_County__mdb_mdb-931_stops.geojson,C:\Users\wilsonschutterj\Downloads\GTFS_US\agency_enriched_geojson\stops_with_metadata\Oregon__Harney_County__mdb_mdb-931_stops.geojson,success,32,
stops,Oregon__Josephine_County_Transit_(JCT)__mdb_mdb-121,C:\Users\wilsonschutterj\Downloads\GTFS_US\agency_enriched_geojson\stops\Oregon__Josephine_County_Transit_(JCT)__mdb_mdb-121_stops.geojson,C:\Users\wilsonschutterj\Downloads\GTFS_US\agency_enriched_geojson\stops_with_metadata\Oregon__Josephine_County_Transit_(JCT)__mdb_mdb-121_stops.geojson,success,128,
stops,Oregon__Let'er_Bus__mdb_mdb-590,C:\Users\wilsonschutterj\Downloads\GTFS_US\agency_enriched_geojson\stops\Oregon__Let'er_Bus__mdb_mdb-590_stops.geojson,C:\Users\wilsonschutterj\Downloads\GTFS_US\agency_enriched_geojson\stops_with_metadata\Oregon__Let'er_Bus__mdb_mdb-590_stops.geojson,success,47,
stops,Oregon__Lincoln_County_Transit_(LCT)__mdb_mdb-23,C:\Users\wilsonschutterj\Downloads\GTFS_US\agency_enriched_geojson\stops\Oregon__Lincoln_County_Transit_(LCT)__mdb_mdb-23_stops.geojson,C:\Users\wilsonschutterj\Downloads\GTFS_US\agency_enriched_geojson\stops_with_metadata\Oregon__Lincoln_County_Transit_(LCT)__mdb_mdb-23_stops.geojson,success,149,
stops,Oregon__Link_Lane__mdb_mdb-932,C:\Users\wilsonschutterj\Downloads\GTFS_US\agency_enriched_geojson\stops\Oregon__Link_Lane__mdb_mdb-932_stops.geojson,C:\Users\wilsonschutterj\Downloads\GTFS_US\agency_enriched_geojson\stops_with_metadata\Oregon__Link_Lane__mdb_mdb-932_stops.geojson,success,16,
stops,Oregon__Linn_Shuttle__mdb_mdb-137,C:\Users\wilsonschutterj\Downloads\GTFS_US\agency_enriched_geojson\stops\Oregon__Linn_Shuttle__mdb_mdb-137_stops.geojson,C:\Users\wilsonschutterj\Downloads\GTFS_US\agency_enriched_geojson\stops_with_metadata\Oregon__Linn_Shuttle__mdb_mdb-137_stops.geojson,success,70,
stops,"Oregon__LINX_Transit,_Linn-Benton_Loop,_Albany_Transit_System__mdb_mdb-135","C:\Users\wilsonschutterj\Downloads\GTFS_US\agency_enriched_geojson\stops\Oregon__LINX_Transit,_Linn-Benton_Loop,_Albany_Transit_System__mdb_mdb-135_stops.geojson","C:\Users\wilsonschutterj\Downloads\GTFS_US\agency_enriched_geojson\stops_with_metadata\Oregon__LINX_Transit,_Linn-Benton_Loop,_Albany_Transit_System__mdb_mdb-135_stops.geojson",success,148,
stops,Oregon__Malheur_Council_on_Aging_&_Community_Services__mdb_mdb-141,C:\Users\wilsonschutterj\Downloads\GTFS_US\agency_enriched_geojson\stops\Oregon__Malheur_Council_on_Aging_&_Community_Services__mdb_mdb-141_stops.geojson,C:\Users\wilsonschutterj\Downloads\GTFS_US\agency_enriched_geojson\stops_with_metadata\Oregon__Malheur_Council_on_Aging_&_Community_Services__mdb_mdb-141_stops.geojson,success,27,
stops,Oregon__Morrow_County_Public_Transit__mdb_mdb-2418,C:\Users\wilsonschutterj\Downloads\GTFS_US\agency_enriched_geojson\stops\Oregon__Morrow_County_Public_Transit__mdb_mdb-2418_stops.geojson,C:\Users\wilsonschutterj\Downloads\GTFS_US\agency_enriched_geojson\stops_with_metadata\Oregon__Morrow_County_Public_Transit__mdb_mdb-2418_stops.geojson,success,90,
stops,Oregon__Oregon_Express_Shuttle__mdb_mdb-132,C:\Users\wilsonschutterj\Downloads\GTFS_US\agency_enriched_geojson\stops\Oregon__Oregon_Express_Shuttle__mdb_mdb-132_stops.geojson,C:\Users\wilsonschutterj\Downloads\GTFS_US\agency_enriched_geojson\stops_with_metadata\Oregon__Oregon_Express_Shuttle__mdb_mdb-132_stops.geojson,success,8,
stops,Oregon__Pacific_Crest_Bus_Lines__mdb_mdb-133,C:\Users\wilsonschutterj\Downloads\GTFS_US\agency_enriched_geojson\stops\Oregon__Pacific_Crest_Bus_Lines__mdb_mdb-133_stops.geojson,C:\Users\wilsonschutterj\Downloads\GTFS_US\agency_enriched_geojson\stops_with_metadata\Oregon__Pacific_Crest_Bus_Lines__mdb_mdb-133_stops.geojson,success,54,
stops,Oregon__People_Mover__mdb_mdb-112,C:\Users\wilsonschutterj\Downloads\GTFS_US\agency_enriched_geojson\stops\Oregon__People_Mover__mdb_mdb-112_stops.geojson,C:\Users\wilsonschutterj\Downloads\GTFS_US\agency_enriched_geojson\stops_with_metadata\Oregon__People_Mover__mdb_mdb-112_stops.geojson,success,117,
stops,Oregon__Philomath_Connection__mdb_mdb-2205,C:\Users\wilsonschutterj\Downloads\GTFS_US\agency_enriched_geojson\stops\Oregon__Philomath_Connection__mdb_mdb-2205_stops.geojson,C:\Users\wilsonschutterj\Downloads\GTFS_US\agency_enriched_geojson\stops_with_metadata\Oregon__Philomath_Connection__mdb_mdb-2205_stops.geojson,success,44,
stops,Oregon__Quail_Trail_Public_Transit__mdb_mdb-1327,C:\Users\wilsonschutterj\Downloads\GTFS_US\agency_enriched_geojson\stops\Oregon__Quail_Trail_Public_Transit__mdb_mdb-1327_stops.geojson,C:\Users\wilsonschutterj\Downloads\GTFS_US\agency_enriched_geojson\stops_with_metadata\Oregon__Quail_Trail_Public_Transit__mdb_mdb-1327_stops.geojson,success,7,
stops,Oregon__Rhody_Express__mdb_mdb-24,C:\Users\wilsonschutterj\Downloads\GTFS_US\agency_enriched_geojson\stops\Oregon__Rhody_Express__mdb_mdb-24_stops.geojson,C:\Users\wilsonschutterj\Downloads\GTFS_US\agency_enriched_geojson\stops_with_metadata\Oregon__Rhody_Express__mdb_mdb-24_stops.geojson,success,29,
stops,Oregon__Ride_Connection__mdb_mdb-253,C:\Users\wilsonschutterj\Downloads\GTFS_US\agency_enriched_geojson\stops\Oregon__Ride_Connection__mdb_mdb-253_stops.geojson,C:\Users\wilsonschutterj\Downloads\GTFS_US\agency_enriched_geojson\stops_with_metadata\Oregon__Ride_Connection__mdb_mdb-253_stops.geojson,success,142,
stops,Oregon__Rogue_Valley_Transportation_District_(RVTD)__mdb_mdb-3219,C:\Users\wilsonschutterj\Downloads\GTFS_US\agency_enriched_geojson\stops\Oregon__Rogue_Valley_Transportation_District_(RVTD)__mdb_mdb-3219_stops.geojson,C:\Users\wilsonschutterj\Downloads\GTFS_US\agency_enriched_geojson\stops_with_metadata\Oregon__Rogue_Valley_Transportation_District_(RVTD)__mdb_mdb-3219_stops.geojson,success,586,
stops,Oregon__Sandy_Area_Metro_(SAM)__mdb_mdb-261,C:\Users\wilsonschutterj\Downloads\GTFS_US\agency_enriched_geojson\stops\Oregon__Sandy_Area_Metro_(SAM)__mdb_mdb-261_stops.geojson,C:\Users\wilsonschutterj\Downloads\GTFS_US\agency_enriched_geojson\stops_with_metadata\Oregon__Sandy_Area_Metro_(SAM)__mdb_mdb-261_stops.geojson,success,166,
stops,Oregon__Sandy_Area_Metro_(SAM)__mdb_mdb-2739,C:\Users\wilsonschutterj\Downloads\GTFS_US\agency_enriched_geojson\stops\Oregon__Sandy_Area_Metro_(SAM)__mdb_mdb-2739_stops.geojson,C:\Users\wilsonschutterj\Downloads\GTFS_US\agency_enriched_geojson\stops_with_metadata\Oregon__Sandy_Area_Metro_(SAM)__mdb_mdb-2739_stops.geojson,success,256,
stops,Oregon__South_Clackamas_Transportation_District__mdb_mdb-883,C:\Users\wilsonschutterj\Downloads\GTFS_US\agency_enriched_geojson\stops\Oregon__South_Clackamas_Transportation_District__mdb_mdb-883_stops.geojson,C:\Users\wilsonschutterj\Downloads\GTFS_US\agency_enriched_geojson\stops_with_metadata\Oregon__South_Clackamas_Transportation_District__mdb_mdb-883_stops.geojson,success,89,
stops,Oregon__South_Metro_Area_Regional_Transit_(SMART)__mdb_mdb-2706,C:\Users\wilsonschutterj\Downloads\GTFS_US\agency_enriched_geojson\stops\Oregon__South_Metro_Area_Regional_Transit_(SMART)__mdb_mdb-2706_stops.geojson,C:\Users\wilsonschutterj\Downloads\GTFS_US\agency_enriched_geojson\stops_with_metadata\Oregon__South_Metro_Area_Regional_Transit_(SMART)__mdb_mdb-2706_stops.geojson,success,170,
stops,"Oregon__Sunset_Empire_Transportation_District_(SETD),_Tillamook_County_Transportation_District,_Columbia_County_Rider__mdb_mdb-246","C:\Users\wilsonschutterj\Downloads\GTFS_US\agency_enriched_geojson\stops\Oregon__Sunset_Empire_Transportation_District_(SETD),_Tillamook_County_Transportation_District,_Columbia_County_Rider__mdb_mdb-246_stops.geojson","C:\Users\wilsonschutterj\Downloads\GTFS_US\agency_enriched_geojson\stops_with_metadata\Oregon__Sunset_Empire_Transportation_District_(SETD),_Tillamook_County_Transportation_District,_Columbia_County_Rider__mdb_mdb-246_stops.geojson",success,98,
stops,Oregon__Sunset_Empire_Transportation_District__mdb_tld-4211,C:\Users\wilsonschutterj\Downloads\GTFS_US\agency_enriched_geojson\stops\Oregon__Sunset_Empire_Transportation_District__mdb_tld-4211_stops.geojson,C:\Users\wilsonschutterj\Downloads\GTFS_US\agency_enriched_geojson\stops_with_metadata\Oregon__Sunset_Empire_Transportation_District__mdb_tld-4211_stops.geojson,success,77,
stops,Oregon__Swan_Island_Evening_Shuttle__mdb_mdb-255,C:\Users\wilsonschutterj\Downloads\GTFS_US\agency_enriched_geojson\stops\Oregon__Swan_Island_Evening_Shuttle__mdb_mdb-255_stops.geojson,C:\Users\wilsonschutterj\Downloads\GTFS_US\agency_enriched_geojson\stops_with_metadata\Oregon__Swan_Island_Evening_Shuttle__mdb_mdb-255_stops.geojson,success,42,
stops,"Oregon__TriMet,_Portland_Streetcar__mdb_mdb-247","C:\Users\wilsonschutterj\Downloads\GTFS_US\agency_enriched_geojson\stops\Oregon__TriMet,_Portland_Streetcar__mdb_mdb-247_stops.geojson","C:\Users\wilsonschutterj\Downloads\GTFS_US\agency_enriched_geojson\stops_with_metadata\Oregon__TriMet,_Portland_Streetcar__mdb_mdb-247_stops.geojson",success,6027,
stops,Oregon__Wahkiakum_Ferry__mdb_mdb-2193,C:\Users\wilsonschutterj\Downloads\GTFS_US\agency_enriched_geojson\stops\Oregon__Wahkiakum_Ferry__mdb_mdb-2193_stops.geojson,C:\Users\wilsonschutterj\Downloads\GTFS_US\agency_enriched_geojson\stops_with_metadata\Oregon__Wahkiakum_Ferry__mdb_mdb-2193_stops.geojson,success,2,
stops,"Oregon__Wallowa_Community_Connection_(WCC),_Northeast_Oregon_Public_Transit__mdb_mdb-289","C:\Users\wilsonschutterj\Downloads\GTFS_US\agency_enriched_geojson\stops\Oregon__Wallowa_Community_Connection_(WCC),_Northeast_Oregon_Public_Transit__mdb_mdb-289_stops.geojson","C:\Users\wilsonschutterj\Downloads\GTFS_US\agency_enriched_geojson\stops_with_metadata\Oregon__Wallowa_Community_Connection_(WCC),_Northeast_Oregon_Public_Transit__mdb_mdb-289_stops.geojson",success,97,
stops,Oregon__Washington_Park_Shuttle__mdb_mdb-254,C:\Users\wilsonschutterj\Downloads\GTFS_US\agency_enriched_geojson\stops\Oregon__Washington_Park_Shuttle__mdb_mdb-254_stops.geojson,C:\Users\wilsonschutterj\Downloads\GTFS_US\agency_enriched_geojson\stops_with_metadata\Oregon__Washington_Park_Shuttle__mdb_mdb-254_stops.geojson,success,9,
stops,Oregon__Wheatland_Ferry__mdb_mdb-833,C:\Users\wilsonschutterj\Downloads\GTFS_US\agency_enriched_geojson\stops\Oregon__Wheatland_Ferry__mdb_mdb-833_stops.geojson,C:\Users\wilsonschutterj\Downloads\GTFS_US\agency_enriched_geojson\stops_with_metadata\Oregon__Wheatland_Ferry__mdb_mdb-833_stops.geojson,success,2,
stops,Oregon__Woodburn_Transit_Service_(WTS)__mdb_mdb-251,C:\Users\wilsonschutterj\Downloads\GTFS_US\agency_enriched_geojson\stops\Oregon__Woodburn_Transit_Service_(WTS)__mdb_mdb-251_stops.geojson,C:\Users\wilsonschutterj\Downloads\GTFS_US\agency_enriched_geojson\stops_with_metadata\Oregon__Woodburn_Transit_Service_(WTS)__mdb_mdb-251_stops.geojson,success,58,
stops,Oregon__Yamhill_County_Transit_Area__mdb_mdb-250,C:\Users\wilsonschutterj\Downloads\GTFS_US\agency_enriched_geojson\stops\Oregon__Yamhill_County_Transit_Area__mdb_mdb-250_stops.geojson,C:\Users\wilsonschutterj\Downloads\GTFS_US\agency_enriched_geojson\stops_with_metadata\Oregon__Yamhill_County_Transit_Area__mdb_mdb-250_stops.geojson,success,178,
stops,Pennsylvania__Altoona_Metro_Transit__mdb_tld-4669,C:\Users\wilsonschutterj\Downloads\GTFS_US\agency_enriched_geojson\stops\Pennsylvania__Altoona_Metro_Transit__mdb_tld-4669_stops.geojson,C:\Users\wilsonschutterj\Downloads\GTFS_US\agency_enriched_geojson\stops_with_metadata\Pennsylvania__Altoona_Metro_Transit__mdb_tld-4669_stops.geojson,success,496,
stops,Pennsylvania__Area_Transit_Authority__mdb_tld-4551,C:\Users\wilsonschutterj\Downloads\GTFS_US\agency_enriched_geojson\stops\Pennsylvania__Area_Transit_Authority__mdb_tld-4551_stops.geojson,C:\Users\wilsonschutterj\Downloads\GTFS_US\agency_enriched_geojson\stops_with_metadata\Pennsylvania__Area_Transit_Authority__mdb_tld-4551_stops.geojson,success,204,
stops,Pennsylvania__Beaver_County_Transit_Authority__mdb_mdb-2262,C:\Users\wilsonschutterj\Downloads\GTFS_US\agency_enriched_geojson\stops\Pennsylvania__Beaver_County_Transit_Authority__mdb_mdb-2262_stops.geojson,C:\Users\wilsonschutterj\Downloads\GTFS_US\agency_enriched_geojson\stops_with_metadata\Pennsylvania__Beaver_County_Transit_Authority__mdb_mdb-2262_stops.geojson,success,241,
stops,Pennsylvania__Berks_Area_Regional_Transportation_Authority_(BARTA)__mdb_mdb-2064,C:\Users\wilsonschutterj\Downloads\GTFS_US\agency_enriched_geojson\stops\Pennsylvania__Berks_Area_Regional_Transportation_Authority_(BARTA)__mdb_mdb-2064_stops.geojson,C:\Users\wilsonschutterj\Downloads\GTFS_US\agency_enriched_geojson\stops_with_metadata\Pennsylvania__Berks_Area_Regional_Transportation_Authority_(BARTA)__mdb_mdb-2064_stops.geojson,success,904,
stops,Pennsylvania__Borough_of_Mt._Carmel__mdb_ntd-30116,C:\Users\wilsonschutterj\Downloads\GTFS_US\agency_enriched_geojson\stops\Pennsylvania__Borough_of_Mt._Carmel__mdb_ntd-30116_stops.geojson,C:\Users\wilsonschutterj\Downloads\GTFS_US\agency_enriched_geojson\stops_with_metadata\Pennsylvania__Borough_of_Mt._Carmel__mdb_ntd-30116_stops.geojson,success,71,
stops,Pennsylvania__Butler_Transit_Authority__mdb_tld-4659,C:\Users\wilsonschutterj\Downloads\GTFS_US\agency_enriched_geojson\stops\Pennsylvania__Butler_Transit_Authority__mdb_tld-4659_stops.geojson,C:\Users\wilsonschutterj\Downloads\GTFS_US\agency_enriched_geojson\stops_with_metadata\Pennsylvania__Butler_Transit_Authority__mdb_tld-4659_stops.geojson,success,204,
stops,Pennsylvania__Cambria_County_Transit_Authority__mdb_tld-4671,C:\Users\wilsonschutterj\Downloads\GTFS_US\agency_enriched_geojson\stops\Pennsylvania__Cambria_County_Transit_Authority__mdb_tld-4671_stops.geojson,C:\Users\wilsonschutterj\Downloads\GTFS_US\agency_enriched_geojson\stops_with_metadata\Pennsylvania__Cambria_County_Transit_Authority__mdb_tld-4671_stops.geojson,success,583,
stops,Pennsylvania__Capital_Area_Transit__mdb_tld-4298,C:\Users\wilsonschutterj\Downloads\GTFS_US\agency_enriched_geojson\stops\Pennsylvania__Capital_Area_Transit__mdb_tld-4298_stops.geojson,C:\Users\wilsonschutterj\Downloads\GTFS_US\agency_enriched_geojson\stops_with_metadata\Pennsylvania__Capital_Area_Transit__mdb_tld-4298_stops.geojson,success,1394,
stops,Pennsylvania__Centre_Area_Transportation_Authority_(CATABUS)__mdb_ntd-30054,C:\Users\wilsonschutterj\Downloads\GTFS_US\agency_enriched_geojson\stops\Pennsylvania__Centre_Area_Transportation_Authority_(CATABUS)__mdb_ntd-30054_stops.geojson,C:\Users\wilsonschutterj\Downloads\GTFS_US\agency_enriched_geojson\stops_with_metadata\Pennsylvania__Centre_Area_Transportation_Authority_(CATABUS)__mdb_ntd-30054_stops.geojson,success,332,
stops,Pennsylvania__Centre_County_Transit_Authority__mdb_tld-4771,C:\Users\wilsonschutterj\Downloads\GTFS_US\agency_enriched_geojson\stops\Pennsylvania__Centre_County_Transit_Authority__mdb_tld-4771_stops.geojson,C:\Users\wilsonschutterj\Downloads\GTFS_US\agency_enriched_geojson\stops_with_metadata\Pennsylvania__Centre_County_Transit_Authority__mdb_tld-4771_stops.geojson,success,371,
stops,Pennsylvania__County_of_Lackawanna_Transit_System__mdb_tld-4553,C:\Users\wilsonschutterj\Downloads\GTFS_US\agency_enriched_geojson\stops\Pennsylvania__County_of_Lackawanna_Transit_System__mdb_tld-4553_stops.geojson,C:\Users\wilsonschutterj\Downloads\GTFS_US\agency_enriched_geojson\stops_with_metadata\Pennsylvania__County_of_Lackawanna_Transit_System__mdb_tld-4553_stops.geojson,success,1424,
stops,Pennsylvania__Crawford_Area_Transportation_Authority__mdb_tld-4674,C:\Users\wilsonschutterj\Downloads\GTFS_US\agency_enriched_geojson\stops\Pennsylvania__Crawford_Area_Transportation_Authority__mdb_tld-4674_stops.geojson,C:\Users\wilsonschutterj\Downloads\GTFS_US\agency_enriched_geojson\stops_with_metadata\Pennsylvania__Crawford_Area_Transportation_Authority__mdb_tld-4674_stops.geojson,success,279,
stops,Pennsylvania__Fayette_Area_Coordinated_Transportation__mdb_tld-7027,C:\Users\wilsonschutterj\Downloads\GTFS_US\agency_enriched_geojson\stops\Pennsylvania__Fayette_Area_Coordinated_Transportation__mdb_tld-7027_stops.geojson,C:\Users\wilsonschutterj\Downloads\GTFS_US\agency_enriched_geojson\stops_with_metadata\Pennsylvania__Fayette_Area_Coordinated_Transportation__mdb_tld-7027_stops.geojson,success,156,
stops,Pennsylvania__Freedom_Transit__mdb_tld-4134,C:\Users\wilsonschutterj\Downloads\GTFS_US\agency_enriched_geojson\stops\Pennsylvania__Freedom_Transit__mdb_tld-4134_stops.geojson,C:\Users\wilsonschutterj\Downloads\GTFS_US\agency_enriched_geojson\stops_with_metadata\Pennsylvania__Freedom_Transit__mdb_tld-4134_stops.geojson,success,139,
stops,Pennsylvania__Hazleton_Public_Transit__mdb_tld-4665,C:\Users\wilsonschutterj\Downloads\GTFS_US\agency_enriched_geojson\stops\Pennsylvania__Hazleton_Public_Transit__mdb_tld-4665_stops.geojson,C:\Users\wilsonschutterj\Downloads\GTFS_US\agency_enriched_geojson\stops_with_metadata\Pennsylvania__Hazleton_Public_Transit__mdb_tld-4665_stops.geojson,success,104,
stops,Pennsylvania__Indiana_County_Transit_Authority__mdb_tld-4661,C:\Users\wilsonschutterj\Downloads\GTFS_US\agency_enriched_geojson\stops\Pennsylvania__Indiana_County_Transit_Authority__mdb_tld-4661_stops.geojson,C:\Users\wilsonschutterj\Downloads\GTFS_US\agency_enriched_geojson\stops_with_metadata\Pennsylvania__Indiana_County_Transit_Authority__mdb_tld-4661_stops.geojson,success,292,
stops,Pennsylvania__Lebanon_Transit__mdb_tld-5531,C:\Users\wilsonschutterj\Downloads\GTFS_US\agency_enriched_geojson\stops\Pennsylvania__Lebanon_Transit__mdb_tld-5531_stops.geojson,C:\Users\wilsonschutterj\Downloads\GTFS_US\agency_enriched_geojson\stops_with_metadata\Pennsylvania__Lebanon_Transit__mdb_tld-5531_stops.geojson,success,158,
stops,Pennsylvania__Lehigh_and_Northampton_Transportation_Authority_(LANTA)__mdb_ntd-30010,C:\Users\wilsonschutterj\Downloads\GTFS_US\agency_enriched_geojson\stops\Pennsylvania__Lehigh_and_Northampton_Transportation_Authority_(LANTA)__mdb_ntd-30010_stops.geojson,C:\Users\wilsonschutterj\Downloads\GTFS_US\agency_enriched_geojson\stops_with_metadata\Pennsylvania__Lehigh_and_Northampton_Transportation_Authority_(LANTA)__mdb_ntd-30010_stops.geojson,success,2185,
stops,Pennsylvania__Lower_Anthracite_Transit_System__mdb_tld-7023,C:\Users\wilsonschutterj\Downloads\GTFS_US\agency_enriched_geojson\stops\Pennsylvania__Lower_Anthracite_Transit_System__mdb_tld-7023_stops.geojson,C:\Users\wilsonschutterj\Downloads\GTFS_US\agency_enriched_geojson\stops_with_metadata\Pennsylvania__Lower_Anthracite_Transit_System__mdb_tld-7023_stops.geojson,success,71,
stops,Pennsylvania__Luzerne_County_Transportation_Authority__mdb_tld-4555,C:\Users\wilsonschutterj\Downloads\GTFS_US\agency_enriched_geojson\stops\Pennsylvania__Luzerne_County_Transportation_Authority__mdb_tld-4555_stops.geojson,C:\Users\wilsonschutterj\Downloads\GTFS_US\agency_enriched_geojson\stops_with_metadata\Pennsylvania__Luzerne_County_Transportation_Authority__mdb_tld-4555_stops.geojson,success,687,
stops,Pennsylvania__Mid_Mon_Valley_Transit_Authority__mdb_tld-5503,C:\Users\wilsonschutterj\Downloads\GTFS_US\agency_enriched_geojson\stops\Pennsylvania__Mid_Mon_Valley_Transit_Authority__mdb_tld-5503_stops.geojson,C:\Users\wilsonschutterj\Downloads\GTFS_US\agency_enriched_geojson\stops_with_metadata\Pennsylvania__Mid_Mon_Valley_Transit_Authority__mdb_tld-5503_stops.geojson,success,286,
stops,Pennsylvania__Monroe_County_Transportation_Authority_(MCTA)__mdb_mdb-3460,C:\Users\wilsonschutterj\Downloads\GTFS_US\agency_enriched_geojson\stops\Pennsylvania__Monroe_County_Transportation_Authority_(MCTA)__mdb_mdb-3460_stops.geojson,C:\Users\wilsonschutterj\Downloads\GTFS_US\agency_enriched_geojson\stops_with_metadata\Pennsylvania__Monroe_County_Transportation_Authority_(MCTA)__mdb_mdb-3460_stops.geojson,success,218,
stops,Pennsylvania__New_Castle_Area_Transit_Authority__mdb_tld-7030,C:\Users\wilsonschutterj\Downloads\GTFS_US\agency_enriched_geojson\stops\Pennsylvania__New_Castle_Area_Transit_Authority__mdb_tld-7030_stops.geojson,C:\Users\wilsonschutterj\Downloads\GTFS_US\agency_enriched_geojson\stops_with_metadata\Pennsylvania__New_Castle_Area_Transit_Authority__mdb_tld-7030_stops.geojson,success,127,
stops,Pennsylvania__PATCO_Speedline__mdb_mdb-3035,C:\Users\wilsonschutterj\Downloads\GTFS_US\agency_enriched_geojson\stops\Pennsylvania__PATCO_Speedline__mdb_mdb-3035_stops.geojson,C:\Users\wilsonschutterj\Downloads\GTFS_US\agency_enriched_geojson\stops_with_metadata\Pennsylvania__PATCO_Speedline__mdb_mdb-3035_stops.geojson,success,14,
stops,Pennsylvania__PHLASH__mdb_mdb-2877,C:\Users\wilsonschutterj\Downloads\GTFS_US\agency_enriched_geojson\stops\Pennsylvania__PHLASH__mdb_mdb-2877_stops.geojson,C:\Users\wilsonschutterj\Downloads\GTFS_US\agency_enriched_geojson\stops_with_metadata\Pennsylvania__PHLASH__mdb_mdb-2877_stops.geojson,success,23,
stops,Pennsylvania__Port_Authority_of_Allegheny_County__mdb_mdb-409,C:\Users\wilsonschutterj\Downloads\GTFS_US\agency_enriched_geojson\stops\Pennsylvania__Port_Authority_of_Allegheny_County__mdb_mdb-409_stops.geojson,C:\Users\wilsonschutterj\Downloads\GTFS_US\agency_enriched_geojson\stops_with_metadata\Pennsylvania__Port_Authority_of_Allegheny_County__mdb_mdb-409_stops.geojson,success,6388,
stops,Pennsylvania__Pottstown_Area_Rapid_Transit__mdb_tld-7025,C:\Users\wilsonschutterj\Downloads\GTFS_US\agency_enriched_geojson\stops\Pennsylvania__Pottstown_Area_Rapid_Transit__mdb_tld-7025_stops.geojson,C:\Users\wilsonschutterj\Downloads\GTFS_US\agency_enriched_geojson\stops_with_metadata\Pennsylvania__Pottstown_Area_Rapid_Transit__mdb_tld-7025_stops.geojson,success,49,
stops,Pennsylvania__Red_Rose_Transit_Authority_(RRTA)__mdb_mdb-2000,C:\Users\wilsonschutterj\Downloads\GTFS_US\agency_enriched_geojson\stops\Pennsylvania__Red_Rose_Transit_Authority_(RRTA)__mdb_mdb-2000_stops.geojson,C:\Users\wilsonschutterj\Downloads\GTFS_US\agency_enriched_geojson\stops_with_metadata\Pennsylvania__Red_Rose_Transit_Authority_(RRTA)__mdb_mdb-2000_stops.geojson,success,1271,
stops,Pennsylvania__River_Valley_Transit__mdb_tld-4548,C:\Users\wilsonschutterj\Downloads\GTFS_US\agency_enriched_geojson\stops\Pennsylvania__River_Valley_Transit__mdb_tld-4548_stops.geojson,C:\Users\wilsonschutterj\Downloads\GTFS_US\agency_enriched_geojson\stops_with_metadata\Pennsylvania__River_Valley_Transit__mdb_tld-4548_stops.geojson,success,1260,
stops,Pennsylvania__Schuylkill_Transportation_System__mdb_tld-4688,C:\Users\wilsonschutterj\Downloads\GTFS_US\agency_enriched_geojson\stops\Pennsylvania__Schuylkill_Transportation_System__mdb_tld-4688_stops.geojson,C:\Users\wilsonschutterj\Downloads\GTFS_US\agency_enriched_geojson\stops_with_metadata\Pennsylvania__Schuylkill_Transportation_System__mdb_tld-4688_stops.geojson,success,360,
stops,Pennsylvania__Shenango_Valley_Shuttle_Service__mdb_tld-4663,C:\Users\wilsonschutterj\Downloads\GTFS_US\agency_enriched_geojson\stops\Pennsylvania__Shenango_Valley_Shuttle_Service__mdb_tld-4663_stops.geojson,C:\Users\wilsonschutterj\Downloads\GTFS_US\agency_enriched_geojson\stops_with_metadata\Pennsylvania__Shenango_Valley_Shuttle_Service__mdb_tld-4663_stops.geojson,success,160,
stops,Pennsylvania__Trans-Bridge_Lines__mdb_ntd-20169,C:\Users\wilsonschutterj\Downloads\GTFS_US\agency_enriched_geojson\stops\Pennsylvania__Trans-Bridge_Lines__mdb_ntd-20169_stops.geojson,C:\Users\wilsonschutterj\Downloads\GTFS_US\agency_enriched_geojson\stops_with_metadata\Pennsylvania__Trans-Bridge_Lines__mdb_ntd-20169_stops.geojson,success,32,
stops,Pennsylvania__Transit_Authority_of_Warren_County__mdb_ntd-30124,C:\Users\wilsonschutterj\Downloads\GTFS_US\agency_enriched_geojson\stops\Pennsylvania__Transit_Authority_of_Warren_County__mdb_ntd-30124_stops.geojson,C:\Users\wilsonschutterj\Downloads\GTFS_US\agency_enriched_geojson\stops_with_metadata\Pennsylvania__Transit_Authority_of_Warren_County__mdb_ntd-30124_stops.geojson,success,76,
stops,Pennsylvania__Transportation_Management_Association_of_Chester_County_(TMACC)__mdb_mdb-3130,C:\Users\wilsonschutterj\Downloads\GTFS_US\agency_enriched_geojson\stops\Pennsylvania__Transportation_Management_Association_of_Chester_County_(TMACC)__mdb_mdb-3130_stops.geojson,C:\Users\wilsonschutterj\Downloads\GTFS_US\agency_enriched_geojson\stops_with_metadata\Pennsylvania__Transportation_Management_Association_of_Chester_County_(TMACC)__mdb_mdb-3130_stops.geojson,success,37,
stops,Pennsylvania__Upper_Merion_Rambler__mdb_mdb-3036,C:\Users\wilsonschutterj\Downloads\GTFS_US\agency_enriched_geojson\stops\Pennsylvania__Upper_Merion_Rambler__mdb_mdb-3036_stops.geojson,C:\Users\wilsonschutterj\Downloads\GTFS_US\agency_enriched_geojson\stops_with_metadata\Pennsylvania__Upper_Merion_Rambler__mdb_mdb-3036_stops.geojson,success,21,
stops,Pennsylvania__Westmoreland_County_Transit_Authority__mdb_tld-6785,C:\Users\wilsonschutterj\Downloads\GTFS_US\agency_enriched_geojson\stops\Pennsylvania__Westmoreland_County_Transit_Authority__mdb_tld-6785_stops.geojson,C:\Users\wilsonschutterj\Downloads\GTFS_US\agency_enriched_geojson\stops_with_metadata\Pennsylvania__Westmoreland_County_Transit_Authority__mdb_tld-6785_stops.geojson,success,1010,
stops,Puerto_Rico__Municipality_of_Bayamon__mdb_ntd-40137,C:\Users\wilsonschutterj\Downloads\GTFS_US\agency_enriched_geojson\stops\Puerto_Rico__Municipality_of_Bayamon__mdb_ntd-40137_stops.geojson,C:\Users\wilsonschutterj\Downloads\GTFS_US\agency_enriched_geojson\stops_with_metadata\Puerto_Rico__Municipality_of_Bayamon__mdb_ntd-40137_stops.geojson,success,128,
stops,South_Carolina__Charleston_Area_Regional_Transportation_Authority_(CARTA)__mdb_mdb-352,C:\Users\wilsonschutterj\Downloads\GTFS_US\agency_enriched_geojson\stops\South_Carolina__Charleston_Area_Regional_Transportation_Authority_(CARTA)__mdb_mdb-352_stops.geojson,C:\Users\wilsonschutterj\Downloads\GTFS_US\agency_enriched_geojson\stops_with_metadata\South_Carolina__Charleston_Area_Regional_Transportation_Authority_(CARTA)__mdb_mdb-352_stops.geojson,success,1108,
stops,South_Carolina__Fort_Sumter_and_Fort_Moultrie_National_Historical_Park__mdb_tld-6906,C:\Users\wilsonschutterj\Downloads\GTFS_US\agency_enriched_geojson\stops\South_Carolina__Fort_Sumter_and_Fort_Moultrie_National_Historical_Park__mdb_tld-6906_stops.geojson,C:\Users\wilsonschutterj\Downloads\GTFS_US\agency_enriched_geojson\stops_with_metadata\South_Carolina__Fort_Sumter_and_Fort_Moultrie_National_Historical_Park__mdb_tld-6906_stops.geojson,success,3,
stops,South_Carolina__Greenlink__mdb_tld-490,C:\Users\wilsonschutterj\Downloads\GTFS_US\agency_enriched_geojson\stops\South_Carolina__Greenlink__mdb_tld-490_stops.geojson,C:\Users\wilsonschutterj\Downloads\GTFS_US\agency_enriched_geojson\stops_with_metadata\South_Carolina__Greenlink__mdb_tld-490_stops.geojson,success,990,
stops,South_Carolina__My_Ride_Rock_Hill__mdb_tld-6741,C:\Users\wilsonschutterj\Downloads\GTFS_US\agency_enriched_geojson\stops\South_Carolina__My_Ride_Rock_Hill__mdb_tld-6741_stops.geojson,C:\Users\wilsonschutterj\Downloads\GTFS_US\agency_enriched_geojson\stops_with_metadata\South_Carolina__My_Ride_Rock_Hill__mdb_tld-6741_stops.geojson,success,49,
stops,South_Carolina__The_Comet__mdb_mdb-2209,C:\Users\wilsonschutterj\Downloads\GTFS_US\agency_enriched_geojson\stops\South_Carolina__The_Comet__mdb_mdb-2209_stops.geojson,C:\Users\wilsonschutterj\Downloads\GTFS_US\agency_enriched_geojson\stops_with_metadata\South_Carolina__The_Comet__mdb_mdb-2209_stops.geojson,success,1311,
stops,South_Carolina__TriCounty_Link__mdb_ntd-40206,C:\Users\wilsonschutterj\Downloads\GTFS_US\agency_enriched_geojson\stops\South_Carolina__TriCounty_Link__mdb_ntd-40206_stops.geojson,C:\Users\wilsonschutterj\Downloads\GTFS_US\agency_enriched_geojson\stops_with_metadata\South_Carolina__TriCounty_Link__mdb_ntd-40206_stops.geojson,success,1099,
stops,Tennessee__Bristol_Virginia_Transit__mdb_mdb-238,C:\Users\wilsonschutterj\Downloads\GTFS_US\agency_enriched_geojson\stops\Tennessee__Bristol_Virginia_Transit__mdb_mdb-238_stops.geojson,C:\Users\wilsonschutterj\Downloads\GTFS_US\agency_enriched_geojson\stops_with_metadata\Tennessee__Bristol_Virginia_Transit__mdb_mdb-238_stops.geojson,success,29,
stops,Tennessee__Chattanooga_Area_Regional_Transportation_Authority_(CARTA)__mdb_mdb-3474,C:\Users\wilsonschutterj\Downloads\GTFS_US\agency_enriched_geojson\stops\Tennessee__Chattanooga_Area_Regional_Transportation_Authority_(CARTA)__mdb_mdb-3474_stops.geojson,C:\Users\wilsonschutterj\Downloads\GTFS_US\agency_enriched_geojson\stops_with_metadata\Tennessee__Chattanooga_Area_Regional_Transportation_Authority_(CARTA)__mdb_mdb-3474_stops.geojson,success,1055,
stops,Tennessee__City_of_Bristol_Tennessee__mdb_ntd-40055,C:\Users\wilsonschutterj\Downloads\GTFS_US\agency_enriched_geojson\stops\Tennessee__City_of_Bristol_Tennessee__mdb_ntd-40055_stops.geojson,C:\Users\wilsonschutterj\Downloads\GTFS_US\agency_enriched_geojson\stops_with_metadata\Tennessee__City_of_Bristol_Tennessee__mdb_ntd-40055_stops.geojson,success,87,
stops,Tennessee__City_of_Gatlinburg_Trolley__mdb_tld-6775,C:\Users\wilsonschutterj\Downloads\GTFS_US\agency_enriched_geojson\stops\Tennessee__City_of_Gatlinburg_Trolley__mdb_tld-6775_stops.geojson,C:\Users\wilsonschutterj\Downloads\GTFS_US\agency_enriched_geojson\stops_with_metadata\Tennessee__City_of_Gatlinburg_Trolley__mdb_tld-6775_stops.geojson,success,105,
stops,Tennessee__City_of_Kingsport__mdb_ntd-40080,C:\Users\wilsonschutterj\Downloads\GTFS_US\agency_enriched_geojson\stops\Tennessee__City_of_Kingsport__mdb_ntd-40080_stops.geojson,C:\Users\wilsonschutterj\Downloads\GTFS_US\agency_enriched_geojson\stops_with_metadata\Tennessee__City_of_Kingsport__mdb_ntd-40080_stops.geojson,success,183,
stops,Tennessee__City_of_Pigeon_Forge__mdb_ntd-41136,C:\Users\wilsonschutterj\Downloads\GTFS_US\agency_enriched_geojson\stops\Tennessee__City_of_Pigeon_Forge__mdb_ntd-41136_stops.geojson,C:\Users\wilsonschutterj\Downloads\GTFS_US\agency_enriched_geojson\stops_with_metadata\Tennessee__City_of_Pigeon_Forge__mdb_ntd-41136_stops.geojson,success,155,
stops,Tennessee__Cleveland_Urban_Area_Transit_System__mdb_tld-7827,C:\Users\wilsonschutterj\Downloads\GTFS_US\agency_enriched_geojson\stops\Tennessee__Cleveland_Urban_Area_Transit_System__mdb_tld-7827_stops.geojson,C:\Users\wilsonschutterj\Downloads\GTFS_US\agency_enriched_geojson\stops_with_metadata\Tennessee__Cleveland_Urban_Area_Transit_System__mdb_tld-7827_stops.geojson,success,54,
stops,Tennessee__Franklin_Transit_Authority__mdb_mdb-361,C:\Users\wilsonschutterj\Downloads\GTFS_US\agency_enriched_geojson\stops\Tennessee__Franklin_Transit_Authority__mdb_mdb-361_stops.geojson,C:\Users\wilsonschutterj\Downloads\GTFS_US\agency_enriched_geojson\stops_with_metadata\Tennessee__Franklin_Transit_Authority__mdb_mdb-361_stops.geojson,success,155,
stops,Tennessee__Jackson_Transit_Authority__mdb_mdb-2313,C:\Users\wilsonschutterj\Downloads\GTFS_US\agency_enriched_geojson\stops\Tennessee__Jackson_Transit_Authority__mdb_mdb-2313_stops.geojson,C:\Users\wilsonschutterj\Downloads\GTFS_US\agency_enriched_geojson\stops_with_metadata\Tennessee__Jackson_Transit_Authority__mdb_mdb-2313_stops.geojson,success,428,
stops,Tennessee__Johnson_City__mdb_ntd-40054,C:\Users\wilsonschutterj\Downloads\GTFS_US\agency_enriched_geojson\stops\Tennessee__Johnson_City__mdb_ntd-40054_stops.geojson,C:\Users\wilsonschutterj\Downloads\GTFS_US\agency_enriched_geojson\stops_with_metadata\Tennessee__Johnson_City__mdb_ntd-40054_stops.geojson,success,389,
stops,Tennessee__Knoxville_Area_Transit_(KAT)__mdb_mdb-1121,C:\Users\wilsonschutterj\Downloads\GTFS_US\agency_enriched_geojson\stops\Tennessee__Knoxville_Area_Transit_(KAT)__mdb_mdb-1121_stops.geojson,C:\Users\wilsonschutterj\Downloads\GTFS_US\agency_enriched_geojson\stops_with_metadata\Tennessee__Knoxville_Area_Transit_(KAT)__mdb_mdb-1121_stops.geojson,success,1154,
stops,Tennessee__Nashville_MTA_WeGo_Public_Transit__mdb_mdb-360,C:\Users\wilsonschutterj\Downloads\GTFS_US\agency_enriched_geojson\stops\Tennessee__Nashville_MTA_WeGo_Public_Transit__mdb_mdb-360_stops.geojson,C:\Users\wilsonschutterj\Downloads\GTFS_US\agency_enriched_geojson\stops_with_metadata\Tennessee__Nashville_MTA_WeGo_Public_Transit__mdb_mdb-360_stops.geojson,success,1613,
stops,Texas__Brownsville_Metro__mdb_tld-7927,C:\Users\wilsonschutterj\Downloads\GTFS_US\agency_enriched_geojson\stops\Texas__Brownsville_Metro__mdb_tld-7927_stops.geojson,C:\Users\wilsonschutterj\Downloads\GTFS_US\agency_enriched_geojson\stops_with_metadata\Texas__Brownsville_Metro__mdb_tld-7927_stops.geojson,success,583,
stops,Texas__Capital_Metro__mdb_mdb-150,C:\Users\wilsonschutterj\Downloads\GTFS_US\agency_enriched_geojson\stops\Texas__Capital_Metro__mdb_mdb-150_stops.geojson,C:\Users\wilsonschutterj\Downloads\GTFS_US\agency_enriched_geojson\stops_with_metadata\Texas__Capital_Metro__mdb_mdb-150_stops.geojson,success,2348,
stops,Texas__Citibus__mdb_mdb-569,C:\Users\wilsonschutterj\Downloads\GTFS_US\agency_enriched_geojson\stops\Texas__Citibus__mdb_mdb-569_stops.geojson,C:\Users\wilsonschutterj\Downloads\GTFS_US\agency_enriched_geojson\stops_with_metadata\Texas__Citibus__mdb_mdb-569_stops.geojson,success,653,
stops,Texas__City_of_Longview__mdb_ntd-60081,C:\Users\wilsonschutterj\Downloads\GTFS_US\agency_enriched_geojson\stops\Texas__City_of_Longview__mdb_ntd-60081_stops.geojson,C:\Users\wilsonschutterj\Downloads\GTFS_US\agency_enriched_geojson\stops_with_metadata\Texas__City_of_Longview__mdb_ntd-60081_stops.geojson,success,123,
stops,Texas__Dallas_Area_Rapid_Transit_(DART)__mdb_mdb-152,C:\Users\wilsonschutterj\Downloads\GTFS_US\agency_enriched_geojson\stops\Texas__Dallas_Area_Rapid_Transit_(DART)__mdb_mdb-152_stops.geojson,C:\Users\wilsonschutterj\Downloads\GTFS_US\agency_enriched_geojson\stops_with_metadata\Texas__Dallas_Area_Rapid_Transit_(DART)__mdb_mdb-152_stops.geojson,success,6977,
stops,Texas__El_Metro_Transit__mdb_tld-7038,C:\Users\wilsonschutterj\Downloads\GTFS_US\agency_enriched_geojson\stops\Texas__El_Metro_Transit__mdb_tld-7038_stops.geojson,C:\Users\wilsonschutterj\Downloads\GTFS_US\agency_enriched_geojson\stops_with_metadata\Texas__El_Metro_Transit__mdb_tld-7038_stops.geojson,success,1073,
stops,Texas__El_Paso_Transportation_Authority__mdb_mdb-3419,C:\Users\wilsonschutterj\Downloads\GTFS_US\agency_enriched_geojson\stops\Texas__El_Paso_Transportation_Authority__mdb_mdb-3419_stops.geojson,C:\Users\wilsonschutterj\Downloads\GTFS_US\agency_enriched_geojson\stops_with_metadata\Texas__El_Paso_Transportation_Authority__mdb_mdb-3419_stops.geojson,success,212,
stops,Texas__EZ_Rider__mdb_mdb-2634,C:\Users\wilsonschutterj\Downloads\GTFS_US\agency_enriched_geojson\stops\Texas__EZ_Rider__mdb_mdb-2634_stops.geojson,C:\Users\wilsonschutterj\Downloads\GTFS_US\agency_enriched_geojson\stops_with_metadata\Texas__EZ_Rider__mdb_mdb-2634_stops.geojson,success,652,
stops,"Texas__Fort_Bend_County,_Texas__mdb_ntd-60103","C:\Users\wilsonschutterj\Downloads\GTFS_US\agency_enriched_geojson\stops\Texas__Fort_Bend_County,_Texas__mdb_ntd-60103_stops.geojson","C:\Users\wilsonschutterj\Downloads\GTFS_US\agency_enriched_geojson\stops_with_metadata\Texas__Fort_Bend_County,_Texas__mdb_ntd-60103_stops.geojson",success,22,
stops,Texas__Galveston_Island_Transit__mdb_mdb-2861,C:\Users\wilsonschutterj\Downloads\GTFS_US\agency_enriched_geojson\stops\Texas__Galveston_Island_Transit__mdb_mdb-2861_stops.geojson,C:\Users\wilsonschutterj\Downloads\GTFS_US\agency_enriched_geojson\stops_with_metadata\Texas__Galveston_Island_Transit__mdb_mdb-2861_stops.geojson,success,292,
stops,Texas__McKinney_Avenue_Transit_Authority__mdb_ntd-60133,C:\Users\wilsonschutterj\Downloads\GTFS_US\agency_enriched_geojson\stops\Texas__McKinney_Avenue_Transit_Authority__mdb_ntd-60133_stops.geojson,C:\Users\wilsonschutterj\Downloads\GTFS_US\agency_enriched_geojson\stops_with_metadata\Texas__McKinney_Avenue_Transit_Authority__mdb_ntd-60133_stops.geojson,success,41,
stops,Texas__METRO_Houston__mdb_mdb-2060,C:\Users\wilsonschutterj\Downloads\GTFS_US\agency_enriched_geojson\stops\Texas__METRO_Houston__mdb_mdb-2060_stops.geojson,C:\Users\wilsonschutterj\Downloads\GTFS_US\agency_enriched_geojson\stops_with_metadata\Texas__METRO_Houston__mdb_mdb-2060_stops.geojson,success,8797,
stops,Texas__Metro_McAllen__mdb_ntd-60099,C:\Users\wilsonschutterj\Downloads\GTFS_US\agency_enriched_geojson\stops\Texas__Metro_McAllen__mdb_ntd-60099_stops.geojson,C:\Users\wilsonschutterj\Downloads\GTFS_US\agency_enriched_geojson\stops_with_metadata\Texas__Metro_McAllen__mdb_ntd-60099_stops.geojson,success,372,
stops,Texas__Midland-Odessa_Urban_Transit_District__mdb_ntd-60097,C:\Users\wilsonschutterj\Downloads\GTFS_US\agency_enriched_geojson\stops\Texas__Midland-Odessa_Urban_Transit_District__mdb_ntd-60097_stops.geojson,C:\Users\wilsonschutterj\Downloads\GTFS_US\agency_enriched_geojson\stops_with_metadata\Texas__Midland-Odessa_Urban_Transit_District__mdb_ntd-60097_stops.geojson,success,652,
stops,Texas__STAR_Transit__mdb_mdb-153,C:\Users\wilsonschutterj\Downloads\GTFS_US\agency_enriched_geojson\stops\Texas__STAR_Transit__mdb_mdb-153_stops.geojson,C:\Users\wilsonschutterj\Downloads\GTFS_US\agency_enriched_geojson\stops_with_metadata\Texas__STAR_Transit__mdb_mdb-153_stops.geojson,success,136,
stops,Texas__Texarkana_Urban_Transit_District_(T-Line_Bus)__mdb_ntd-60093,C:\Users\wilsonschutterj\Downloads\GTFS_US\agency_enriched_geojson\stops\Texas__Texarkana_Urban_Transit_District_(T-Line_Bus)__mdb_ntd-60093_stops.geojson,C:\Users\wilsonschutterj\Downloads\GTFS_US\agency_enriched_geojson\stops_with_metadata\Texas__Texarkana_Urban_Transit_District_(T-Line_Bus)__mdb_ntd-60093_stops.geojson,success,238,
stops,Texas__VIA_Metropolitan_Transit__mdb_tld-217,C:\Users\wilsonschutterj\Downloads\GTFS_US\agency_enriched_geojson\stops\Texas__VIA_Metropolitan_Transit__mdb_tld-217_stops.geojson,C:\Users\wilsonschutterj\Downloads\GTFS_US\agency_enriched_geojson\stops_with_metadata\Texas__VIA_Metropolitan_Transit__mdb_tld-217_stops.geojson,success,6096,
stops,Utah__Bryce_Canyon_National_Park_Shuttle__mdb_tld-6675,C:\Users\wilsonschutterj\Downloads\GTFS_US\agency_enriched_geojson\stops\Utah__Bryce_Canyon_National_Park_Shuttle__mdb_tld-6675_stops.geojson,C:\Users\wilsonschutterj\Downloads\GTFS_US\agency_enriched_geojson\stops_with_metadata\Utah__Bryce_Canyon_National_Park_Shuttle__mdb_tld-6675_stops.geojson,success,16,
stops,Utah__Cache_Valley_Transit_District__mdb_ntd-80028,C:\Users\wilsonschutterj\Downloads\GTFS_US\agency_enriched_geojson\stops\Utah__Cache_Valley_Transit_District__mdb_ntd-80028_stops.geojson,C:\Users\wilsonschutterj\Downloads\GTFS_US\agency_enriched_geojson\stops_with_metadata\Utah__Cache_Valley_Transit_District__mdb_ntd-80028_stops.geojson,success,334,
stops,Utah__High_Valley_Transit__mdb_tld-7037,C:\Users\wilsonschutterj\Downloads\GTFS_US\agency_enriched_geojson\stops\Utah__High_Valley_Transit__mdb_tld-7037_stops.geojson,C:\Users\wilsonschutterj\Downloads\GTFS_US\agency_enriched_geojson\stops_with_metadata\Utah__High_Valley_Transit__mdb_tld-7037_stops.geojson,success,148,
stops,Utah__SunTran_Utah__mdb_mdb-111,C:\Users\wilsonschutterj\Downloads\GTFS_US\agency_enriched_geojson\stops\Utah__SunTran_Utah__mdb_mdb-111_stops.geojson,C:\Users\wilsonschutterj\Downloads\GTFS_US\agency_enriched_geojson\stops_with_metadata\Utah__SunTran_Utah__mdb_mdb-111_stops.geojson,success,160,
stops,Utah__Utah_Transit_Authority_(UTA)__mdb_mdb-170,C:\Users\wilsonschutterj\Downloads\GTFS_US\agency_enriched_geojson\stops\Utah__Utah_Transit_Authority_(UTA)__mdb_mdb-170_stops.geojson,C:\Users\wilsonschutterj\Downloads\GTFS_US\agency_enriched_geojson\stops_with_metadata\Utah__Utah_Transit_Authority_(UTA)__mdb_mdb-170_stops.geojson,success,5423,
stops,Utah__Ute_Tribe_Public_Transit__mdb_ntd-88200,C:\Users\wilsonschutterj\Downloads\GTFS_US\agency_enriched_geojson\stops\Utah__Ute_Tribe_Public_Transit__mdb_ntd-88200_stops.geojson,C:\Users\wilsonschutterj\Downloads\GTFS_US\agency_enriched_geojson\stops_with_metadata\Utah__Ute_Tribe_Public_Transit__mdb_ntd-88200_stops.geojson,success,49,
stops,Utah__Zion_National_Park__mdb_tld-6682,C:\Users\wilsonschutterj\Downloads\GTFS_US\agency_enriched_geojson\stops\Utah__Zion_National_Park__mdb_tld-6682_stops.geojson,C:\Users\wilsonschutterj\Downloads\GTFS_US\agency_enriched_geojson\stops_with_metadata\Utah__Zion_National_Park__mdb_tld-6682_stops.geojson,success,30,
stops,Vermont__Amtrak_Vermonter__mdb_mdb-2297,C:\Users\wilsonschutterj\Downloads\GTFS_US\agency_enriched_geojson\stops\Vermont__Amtrak_Vermonter__mdb_mdb-2297_stops.geojson,C:\Users\wilsonschutterj\Downloads\GTFS_US\agency_enriched_geojson\stops_with_metadata\Vermont__Amtrak_Vermonter__mdb_mdb-2297_stops.geojson,success,50,
stops,Vermont__Chittenden_County_Transportation_Authority_(CCTA)__mdb_mdb-629,C:\Users\wilsonschutterj\Downloads\GTFS_US\agency_enriched_geojson\stops\Vermont__Chittenden_County_Transportation_Authority_(CCTA)__mdb_mdb-629_stops.geojson,C:\Users\wilsonschutterj\Downloads\GTFS_US\agency_enriched_geojson\stops_with_metadata\Vermont__Chittenden_County_Transportation_Authority_(CCTA)__mdb_mdb-629_stops.geojson,success,1183,
stops,Vermont__Marble_Valley_Regional_Transit_District_(MVRTD)__mdb_mdb-2831,C:\Users\wilsonschutterj\Downloads\GTFS_US\agency_enriched_geojson\stops\Vermont__Marble_Valley_Regional_Transit_District_(MVRTD)__mdb_mdb-2831_stops.geojson,C:\Users\wilsonschutterj\Downloads\GTFS_US\agency_enriched_geojson\stops_with_metadata\Vermont__Marble_Valley_Regional_Transit_District_(MVRTD)__mdb_mdb-2831_stops.geojson,success,306,
stops,Vermont__Marble_Valley_Regional_Transit_District_(MVRTD)__mdb_mdb-430,C:\Users\wilsonschutterj\Downloads\GTFS_US\agency_enriched_geojson\stops\Vermont__Marble_Valley_Regional_Transit_District_(MVRTD)__mdb_mdb-430_stops.geojson,C:\Users\wilsonschutterj\Downloads\GTFS_US\agency_enriched_geojson\stops_with_metadata\Vermont__Marble_Valley_Regional_Transit_District_(MVRTD)__mdb_mdb-430_stops.geojson,success,306,
stops,Vermont__Rockingham_MOOver__mdb_mdb-2194,C:\Users\wilsonschutterj\Downloads\GTFS_US\agency_enriched_geojson\stops\Vermont__Rockingham_MOOver__mdb_mdb-2194_stops.geojson,C:\Users\wilsonschutterj\Downloads\GTFS_US\agency_enriched_geojson\stops_with_metadata\Vermont__Rockingham_MOOver__mdb_mdb-2194_stops.geojson,success,326,
stops,Vermont__Rural_Community_Transportation_(RCT)__mdb_mdb-2882,C:\Users\wilsonschutterj\Downloads\GTFS_US\agency_enriched_geojson\stops\Vermont__Rural_Community_Transportation_(RCT)__mdb_mdb-2882_stops.geojson,C:\Users\wilsonschutterj\Downloads\GTFS_US\agency_enriched_geojson\stops_with_metadata\Vermont__Rural_Community_Transportation_(RCT)__mdb_mdb-2882_stops.geojson,success,220,
stops,Vermont__Vermont_Translines__mdb_mdb-450,C:\Users\wilsonschutterj\Downloads\GTFS_US\agency_enriched_geojson\stops\Vermont__Vermont_Translines__mdb_mdb-450_stops.geojson,C:\Users\wilsonschutterj\Downloads\GTFS_US\agency_enriched_geojson\stops_with_metadata\Vermont__Vermont_Translines__mdb_mdb-450_stops.geojson,success,28,
stops,Vermont__VTrans__mdb_mdb-2884,C:\Users\wilsonschutterj\Downloads\GTFS_US\agency_enriched_geojson\stops\Vermont__VTrans__mdb_mdb-2884_stops.geojson,C:\Users\wilsonschutterj\Downloads\GTFS_US\agency_enriched_geojson\stops_with_metadata\Vermont__VTrans__mdb_mdb-2884_stops.geojson,success,326,
stops,Virginia__Alexandria_Transit_Company_(DASH)__mdb_mdb-482,C:\Users\wilsonschutterj\Downloads\GTFS_US\agency_enriched_geojson\stops\Virginia__Alexandria_Transit_Company_(DASH)__mdb_mdb-482_stops.geojson,C:\Users\wilsonschutterj\Downloads\GTFS_US\agency_enriched_geojson\stops_with_metadata\Virginia__Alexandria_Transit_Company_(DASH)__mdb_mdb-482_stops.geojson,success,533,
stops,Virginia__Altavista_Community_Transit_System__mdb_mdb-882,C:\Users\wilsonschutterj\Downloads\GTFS_US\agency_enriched_geojson\stops\Virginia__Altavista_Community_Transit_System__mdb_mdb-882_stops.geojson,C:\Users\wilsonschutterj\Downloads\GTFS_US\agency_enriched_geojson\stops_with_metadata\Virginia__Altavista_Community_Transit_System__mdb_mdb-882_stops.geojson,success,36,
stops,Virginia__Arlington_Transit__mdb_mdb-485,C:\Users\wilsonschutterj\Downloads\GTFS_US\agency_enriched_geojson\stops\Virginia__Arlington_Transit__mdb_mdb-485_stops.geojson,C:\Users\wilsonschutterj\Downloads\GTFS_US\agency_enriched_geojson\stops_with_metadata\Virginia__Arlington_Transit__mdb_mdb-485_stops.geojson,success,571,
stops,Virginia__Bay_Transit__mdb_mdb-224,C:\Users\wilsonschutterj\Downloads\GTFS_US\agency_enriched_geojson\stops\Virginia__Bay_Transit__mdb_mdb-224_stops.geojson,C:\Users\wilsonschutterj\Downloads\GTFS_US\agency_enriched_geojson\stops_with_metadata\Virginia__Bay_Transit__mdb_mdb-224_stops.geojson,success,158,
stops,Virginia__Bay_Transit__mdb_mdb-2439,C:\Users\wilsonschutterj\Downloads\GTFS_US\agency_enriched_geojson\stops\Virginia__Bay_Transit__mdb_mdb-2439_stops.geojson,C:\Users\wilsonschutterj\Downloads\GTFS_US\agency_enriched_geojson\stops_with_metadata\Virginia__Bay_Transit__mdb_mdb-2439_stops.geojson,success,158,
stops,Virginia__Blackstone_Area_Bus_Service__mdb_mdb-235,C:\Users\wilsonschutterj\Downloads\GTFS_US\agency_enriched_geojson\stops\Virginia__Blackstone_Area_Bus_Service__mdb_mdb-235_stops.geojson,C:\Users\wilsonschutterj\Downloads\GTFS_US\agency_enriched_geojson\stops_with_metadata\Virginia__Blackstone_Area_Bus_Service__mdb_mdb-235_stops.geojson,success,177,
stops,Virginia__Charlottesville_Area_Transit_(CAT)__mdb_mdb-3493,C:\Users\wilsonschutterj\Downloads\GTFS_US\agency_enriched_geojson\stops\Virginia__Charlottesville_Area_Transit_(CAT)__mdb_mdb-3493_stops.geojson,C:\Users\wilsonschutterj\Downloads\GTFS_US\agency_enriched_geojson\stops_with_metadata\Virginia__Charlottesville_Area_Transit_(CAT)__mdb_mdb-3493_stops.geojson,success,337,
stops,Virginia__Danville_Transit__mdb_mdb-2440,C:\Users\wilsonschutterj\Downloads\GTFS_US\agency_enriched_geojson\stops\Virginia__Danville_Transit__mdb_mdb-2440_stops.geojson,C:\Users\wilsonschutterj\Downloads\GTFS_US\agency_enriched_geojson\stops_with_metadata\Virginia__Danville_Transit__mdb_mdb-2440_stops.geojson,success,318,
stops,Virginia__Danville_Transit__mdb_tld-4145,C:\Users\wilsonschutterj\Downloads\GTFS_US\agency_enriched_geojson\stops\Virginia__Danville_Transit__mdb_tld-4145_stops.geojson,C:\Users\wilsonschutterj\Downloads\GTFS_US\agency_enriched_geojson\stops_with_metadata\Virginia__Danville_Transit__mdb_tld-4145_stops.geojson,success,315,
stops,Virginia__Fairfax_CUE_Bus_(CUE)__mdb_mdb-2885,C:\Users\wilsonschutterj\Downloads\GTFS_US\agency_enriched_geojson\stops\Virginia__Fairfax_CUE_Bus_(CUE)__mdb_mdb-2885_stops.geojson,C:\Users\wilsonschutterj\Downloads\GTFS_US\agency_enriched_geojson\stops_with_metadata\Virginia__Fairfax_CUE_Bus_(CUE)__mdb_mdb-2885_stops.geojson,success,200,
stops,Virginia__Farmville_Area_Bus__mdb_mdb-461,C:\Users\wilsonschutterj\Downloads\GTFS_US\agency_enriched_geojson\stops\Virginia__Farmville_Area_Bus__mdb_mdb-461_stops.geojson,C:\Users\wilsonschutterj\Downloads\GTFS_US\agency_enriched_geojson\stops_with_metadata\Virginia__Farmville_Area_Bus__mdb_mdb-461_stops.geojson,success,100,
stops,Virginia__Four_County_Transit__mdb_mdb-2308,C:\Users\wilsonschutterj\Downloads\GTFS_US\agency_enriched_geojson\stops\Virginia__Four_County_Transit__mdb_mdb-2308_stops.geojson,C:\Users\wilsonschutterj\Downloads\GTFS_US\agency_enriched_geojson\stops_with_metadata\Virginia__Four_County_Transit__mdb_mdb-2308_stops.geojson,success,176,
stops,Virginia__Four_County_Transit__mdb_mdb-2448,C:\Users\wilsonschutterj\Downloads\GTFS_US\agency_enriched_geojson\stops\Virginia__Four_County_Transit__mdb_mdb-2448_stops.geojson,C:\Users\wilsonschutterj\Downloads\GTFS_US\agency_enriched_geojson\stops_with_metadata\Virginia__Four_County_Transit__mdb_mdb-2448_stops.geojson,success,176,
stops,Virginia__Graham_Transit__mdb_mdb-611,C:\Users\wilsonschutterj\Downloads\GTFS_US\agency_enriched_geojson\stops\Virginia__Graham_Transit__mdb_mdb-611_stops.geojson,C:\Users\wilsonschutterj\Downloads\GTFS_US\agency_enriched_geojson\stops_with_metadata\Virginia__Graham_Transit__mdb_mdb-611_stops.geojson,success,31,
stops,Virginia__Greater_Lynchburg_Transit_Co__mdb_mdb-381,C:\Users\wilsonschutterj\Downloads\GTFS_US\agency_enriched_geojson\stops\Virginia__Greater_Lynchburg_Transit_Co__mdb_mdb-381_stops.geojson,C:\Users\wilsonschutterj\Downloads\GTFS_US\agency_enriched_geojson\stops_with_metadata\Virginia__Greater_Lynchburg_Transit_Co__mdb_mdb-381_stops.geojson,success,719,
stops,Virginia__Greensville_Emporia_Transit__mdb_mdb-463,C:\Users\wilsonschutterj\Downloads\GTFS_US\agency_enriched_geojson\stops\Virginia__Greensville_Emporia_Transit__mdb_mdb-463_stops.geojson,C:\Users\wilsonschutterj\Downloads\GTFS_US\agency_enriched_geojson\stops_with_metadata\Virginia__Greensville_Emporia_Transit__mdb_mdb-463_stops.geojson,success,14,
stops,Virginia__Hampton_Roads_Transit_(HRT)__mdb_mdb-473,C:\Users\wilsonschutterj\Downloads\GTFS_US\agency_enriched_geojson\stops\Virginia__Hampton_Roads_Transit_(HRT)__mdb_mdb-473_stops.geojson,C:\Users\wilsonschutterj\Downloads\GTFS_US\agency_enriched_geojson\stops_with_metadata\Virginia__Hampton_Roads_Transit_(HRT)__mdb_mdb-473_stops.geojson,success,2657,
stops,Virginia__Jaunt__mdb_mdb-3492,C:\Users\wilsonschutterj\Downloads\GTFS_US\agency_enriched_geojson\stops\Virginia__Jaunt__mdb_mdb-3492_stops.geojson,C:\Users\wilsonschutterj\Downloads\GTFS_US\agency_enriched_geojson\stops_with_metadata\Virginia__Jaunt__mdb_mdb-3492_stops.geojson,success,9,
stops,Virginia__Loudoun_County_Transit__mdb_mdb-1053,C:\Users\wilsonschutterj\Downloads\GTFS_US\agency_enriched_geojson\stops\Virginia__Loudoun_County_Transit__mdb_mdb-1053_stops.geojson,C:\Users\wilsonschutterj\Downloads\GTFS_US\agency_enriched_geojson\stops_with_metadata\Virginia__Loudoun_County_Transit__mdb_mdb-1053_stops.geojson,success,510,
stops,Virginia__Mountain_Lynx_Transit__mdb_mdb-334,C:\Users\wilsonschutterj\Downloads\GTFS_US\agency_enriched_geojson\stops\Virginia__Mountain_Lynx_Transit__mdb_mdb-334_stops.geojson,C:\Users\wilsonschutterj\Downloads\GTFS_US\agency_enriched_geojson\stops_with_metadata\Virginia__Mountain_Lynx_Transit__mdb_mdb-334_stops.geojson,success,86,
stops,Virginia__Petersburg_Area_Transit__mdb_mdb-2441,C:\Users\wilsonschutterj\Downloads\GTFS_US\agency_enriched_geojson\stops\Virginia__Petersburg_Area_Transit__mdb_mdb-2441_stops.geojson,C:\Users\wilsonschutterj\Downloads\GTFS_US\agency_enriched_geojson\stops_with_metadata\Virginia__Petersburg_Area_Transit__mdb_mdb-2441_stops.geojson,success,545,
stops,Virginia__Petersburg_Area_Transit__mdb_mdb-591,C:\Users\wilsonschutterj\Downloads\GTFS_US\agency_enriched_geojson\stops\Virginia__Petersburg_Area_Transit__mdb_mdb-591_stops.geojson,C:\Users\wilsonschutterj\Downloads\GTFS_US\agency_enriched_geojson\stops_with_metadata\Virginia__Petersburg_Area_Transit__mdb_mdb-591_stops.geojson,success,545,
stops,Virginia__Pony_Express__mdb_mdb-828,C:\Users\wilsonschutterj\Downloads\GTFS_US\agency_enriched_geojson\stops\Virginia__Pony_Express__mdb_mdb-828_stops.geojson,C:\Users\wilsonschutterj\Downloads\GTFS_US\agency_enriched_geojson\stops_with_metadata\Virginia__Pony_Express__mdb_mdb-828_stops.geojson,success,10,
stops,Virginia__Potomac_and_Rappahannock_Transportation_Commission_(PRTC)_Omniride__mdb_mdb-1156,C:\Users\wilsonschutterj\Downloads\GTFS_US\agency_enriched_geojson\stops\Virginia__Potomac_and_Rappahannock_Transportation_Commission_(PRTC)_Omniride__mdb_mdb-1156_stops.geojson,C:\Users\wilsonschutterj\Downloads\GTFS_US\agency_enriched_geojson\stops_with_metadata\Virginia__Potomac_and_Rappahannock_Transportation_Commission_(PRTC)_Omniride__mdb_mdb-1156_stops.geojson,success,514,
stops,Virginia__Pulaski_Area_Transit_(PAT)__mdb_mdb-2198,C:\Users\wilsonschutterj\Downloads\GTFS_US\agency_enriched_geojson\stops\Virginia__Pulaski_Area_Transit_(PAT)__mdb_mdb-2198_stops.geojson,C:\Users\wilsonschutterj\Downloads\GTFS_US\agency_enriched_geojson\stops_with_metadata\Virginia__Pulaski_Area_Transit_(PAT)__mdb_mdb-2198_stops.geojson,success,77,
stops,Virginia__RADAR__mdb_mdb-2443,C:\Users\wilsonschutterj\Downloads\GTFS_US\agency_enriched_geojson\stops\Virginia__RADAR__mdb_mdb-2443_stops.geojson,C:\Users\wilsonschutterj\Downloads\GTFS_US\agency_enriched_geojson\stops_with_metadata\Virginia__RADAR__mdb_mdb-2443_stops.geojson,success,119,
stops,Virginia__RADAR__mdb_mdb-832,C:\Users\wilsonschutterj\Downloads\GTFS_US\agency_enriched_geojson\stops\Virginia__RADAR__mdb_mdb-832_stops.geojson,C:\Users\wilsonschutterj\Downloads\GTFS_US\agency_enriched_geojson\stops_with_metadata\Virginia__RADAR__mdb_mdb-832_stops.geojson,success,119,
stops,Virginia__Radford_Transit__mdb_mdb-2415,C:\Users\wilsonschutterj\Downloads\GTFS_US\agency_enriched_geojson\stops\Virginia__Radford_Transit__mdb_mdb-2415_stops.geojson,C:\Users\wilsonschutterj\Downloads\GTFS_US\agency_enriched_geojson\stops_with_metadata\Virginia__Radford_Transit__mdb_mdb-2415_stops.geojson,success,120,
stops,Virginia__STAR_Transit__mdb_mdb-2444,C:\Users\wilsonschutterj\Downloads\GTFS_US\agency_enriched_geojson\stops\Virginia__STAR_Transit__mdb_mdb-2444_stops.geojson,C:\Users\wilsonschutterj\Downloads\GTFS_US\agency_enriched_geojson\stops_with_metadata\Virginia__STAR_Transit__mdb_mdb-2444_stops.geojson,success,203,
stops,Virginia__STAR_Transit__mdb_mdb-819,C:\Users\wilsonschutterj\Downloads\GTFS_US\agency_enriched_geojson\stops\Virginia__STAR_Transit__mdb_mdb-819_stops.geojson,C:\Users\wilsonschutterj\Downloads\GTFS_US\agency_enriched_geojson\stops_with_metadata\Virginia__STAR_Transit__mdb_mdb-819_stops.geojson,success,203,
stops,Virginia__Valley_Metro__mdb_mdb-2274,C:\Users\wilsonschutterj\Downloads\GTFS_US\agency_enriched_geojson\stops\Virginia__Valley_Metro__mdb_mdb-2274_stops.geojson,C:\Users\wilsonschutterj\Downloads\GTFS_US\agency_enriched_geojson\stops_with_metadata\Virginia__Valley_Metro__mdb_mdb-2274_stops.geojson,success,814,
stops,Virginia__Virginia_Regional_Transit__mdb_mdb-2445,C:\Users\wilsonschutterj\Downloads\GTFS_US\agency_enriched_geojson\stops\Virginia__Virginia_Regional_Transit__mdb_mdb-2445_stops.geojson,C:\Users\wilsonschutterj\Downloads\GTFS_US\agency_enriched_geojson\stops_with_metadata\Virginia__Virginia_Regional_Transit__mdb_mdb-2445_stops.geojson,success,251,
stops,Virginia__Virginia_Regional_Transit__mdb_mdb-621,C:\Users\wilsonschutterj\Downloads\GTFS_US\agency_enriched_geojson\stops\Virginia__Virginia_Regional_Transit__mdb_mdb-621_stops.geojson,C:\Users\wilsonschutterj\Downloads\GTFS_US\agency_enriched_geojson\stops_with_metadata\Virginia__Virginia_Regional_Transit__mdb_mdb-621_stops.geojson,success,251,
stops,Virginia__Williamsburg_Area_Transit_Authority__mdb_mdb-2649,C:\Users\wilsonschutterj\Downloads\GTFS_US\agency_enriched_geojson\stops\Virginia__Williamsburg_Area_Transit_Authority__mdb_mdb-2649_stops.geojson,C:\Users\wilsonschutterj\Downloads\GTFS_US\agency_enriched_geojson\stops_with_metadata\Virginia__Williamsburg_Area_Transit_Authority__mdb_mdb-2649_stops.geojson,success,614,
stops,Virginia__WinTran__mdb_mdb-608,C:\Users\wilsonschutterj\Downloads\GTFS_US\agency_enriched_geojson\stops\Virginia__WinTran__mdb_mdb-608_stops.geojson,C:\Users\wilsonschutterj\Downloads\GTFS_US\agency_enriched_geojson\stops_with_metadata\Virginia__WinTran__mdb_mdb-608_stops.geojson,success,209,
stops,Washington__Ben_Franklin_Transit__mdb_mdb-2122,C:\Users\wilsonschutterj\Downloads\GTFS_US\agency_enriched_geojson\stops\Washington__Ben_Franklin_Transit__mdb_mdb-2122_stops.geojson,C:\Users\wilsonschutterj\Downloads\GTFS_US\agency_enriched_geojson\stops_with_metadata\Washington__Ben_Franklin_Transit__mdb_mdb-2122_stops.geojson,success,876,
stops,Washington__City_of_Ellensburg_Public_Transit_(Central_Transit)__mdb_mdb-2456,C:\Users\wilsonschutterj\Downloads\GTFS_US\agency_enriched_geojson\stops\Washington__City_of_Ellensburg_Public_Transit_(Central_Transit)__mdb_mdb-2456_stops.geojson,C:\Users\wilsonschutterj\Downloads\GTFS_US\agency_enriched_geojson\stops_with_metadata\Washington__City_of_Ellensburg_Public_Transit_(Central_Transit)__mdb_mdb-2456_stops.geojson,success,81,
stops,Washington__City_of_Pullman__mdb_ntd-294,C:\Users\wilsonschutterj\Downloads\GTFS_US\agency_enriched_geojson\stops\Washington__City_of_Pullman__mdb_ntd-294_stops.geojson,C:\Users\wilsonschutterj\Downloads\GTFS_US\agency_enriched_geojson\stops_with_metadata\Washington__City_of_Pullman__mdb_ntd-294_stops.geojson,success,144,
stops,Washington__Clallam_Transit_System__mdb_mdb-279,C:\Users\wilsonschutterj\Downloads\GTFS_US\agency_enriched_geojson\stops\Washington__Clallam_Transit_System__mdb_mdb-279_stops.geojson,C:\Users\wilsonschutterj\Downloads\GTFS_US\agency_enriched_geojson\stops_with_metadata\Washington__Clallam_Transit_System__mdb_mdb-279_stops.geojson,success,334,
stops,Washington__Colville_Confederated_Tribes_Transit__mdb_mdb-2302,C:\Users\wilsonschutterj\Downloads\GTFS_US\agency_enriched_geojson\stops\Washington__Colville_Confederated_Tribes_Transit__mdb_mdb-2302_stops.geojson,C:\Users\wilsonschutterj\Downloads\GTFS_US\agency_enriched_geojson\stops_with_metadata\Washington__Colville_Confederated_Tribes_Transit__mdb_mdb-2302_stops.geojson,success,17,
stops,Washington__Community_Transit_(CT)__mdb_mdb-287,C:\Users\wilsonschutterj\Downloads\GTFS_US\agency_enriched_geojson\stops\Washington__Community_Transit_(CT)__mdb_mdb-287_stops.geojson,C:\Users\wilsonschutterj\Downloads\GTFS_US\agency_enriched_geojson\stops_with_metadata\Washington__Community_Transit_(CT)__mdb_mdb-287_stops.geojson,success,1767,
stops,Washington__Elwha_Transit__mdb_mdb-2307,C:\Users\wilsonschutterj\Downloads\GTFS_US\agency_enriched_geojson\stops\Washington__Elwha_Transit__mdb_mdb-2307_stops.geojson,C:\Users\wilsonschutterj\Downloads\GTFS_US\agency_enriched_geojson\stops_with_metadata\Washington__Elwha_Transit__mdb_mdb-2307_stops.geojson,success,9,
stops,Washington__Everett_Transit__mdb_mdb-3038,C:\Users\wilsonschutterj\Downloads\GTFS_US\agency_enriched_geojson\stops\Washington__Everett_Transit__mdb_mdb-3038_stops.geojson,C:\Users\wilsonschutterj\Downloads\GTFS_US\agency_enriched_geojson\stops_with_metadata\Washington__Everett_Transit__mdb_mdb-3038_stops.geojson,success,500,
stops,Washington__Grant_Transit_Authority__mdb_mdb-2309,C:\Users\wilsonschutterj\Downloads\GTFS_US\agency_enriched_geojson\stops\Washington__Grant_Transit_Authority__mdb_mdb-2309_stops.geojson,C:\Users\wilsonschutterj\Downloads\GTFS_US\agency_enriched_geojson\stops_with_metadata\Washington__Grant_Transit_Authority__mdb_mdb-2309_stops.geojson,success,228,
stops,Washington__Grays_Harbor_Transit__mdb_mdb-263,C:\Users\wilsonschutterj\Downloads\GTFS_US\agency_enriched_geojson\stops\Washington__Grays_Harbor_Transit__mdb_mdb-263_stops.geojson,C:\Users\wilsonschutterj\Downloads\GTFS_US\agency_enriched_geojson\stops_with_metadata\Washington__Grays_Harbor_Transit__mdb_mdb-263_stops.geojson,success,344,
stops,Washington__Guemes_Island_Ferry__mdb_mdb-2310,C:\Users\wilsonschutterj\Downloads\GTFS_US\agency_enriched_geojson\stops\Washington__Guemes_Island_Ferry__mdb_mdb-2310_stops.geojson,C:\Users\wilsonschutterj\Downloads\GTFS_US\agency_enriched_geojson\stops_with_metadata\Washington__Guemes_Island_Ferry__mdb_mdb-2310_stops.geojson,success,2,
stops,Washington__Intercity_Transit__mdb_mdb-266,C:\Users\wilsonschutterj\Downloads\GTFS_US\agency_enriched_geojson\stops\Washington__Intercity_Transit__mdb_mdb-266_stops.geojson,C:\Users\wilsonschutterj\Downloads\GTFS_US\agency_enriched_geojson\stops_with_metadata\Washington__Intercity_Transit__mdb_mdb-266_stops.geojson,success,1118,
stops,Washington__Island_Transit__mdb_mdb-280,C:\Users\wilsonschutterj\Downloads\GTFS_US\agency_enriched_geojson\stops\Washington__Island_Transit__mdb_mdb-280_stops.geojson,C:\Users\wilsonschutterj\Downloads\GTFS_US\agency_enriched_geojson\stops_with_metadata\Washington__Island_Transit__mdb_mdb-280_stops.geojson,success,548,
stops,Washington__Jefferson_Transit_Authority__mdb_mdb-838,C:\Users\wilsonschutterj\Downloads\GTFS_US\agency_enriched_geojson\stops\Washington__Jefferson_Transit_Authority__mdb_mdb-838_stops.geojson,C:\Users\wilsonschutterj\Downloads\GTFS_US\agency_enriched_geojson\stops_with_metadata\Washington__Jefferson_Transit_Authority__mdb_mdb-838_stops.geojson,success,240,
stops,Washington__King_County_Metro__mdb_mdb-1330,C:\Users\wilsonschutterj\Downloads\GTFS_US\agency_enriched_geojson\stops\Washington__King_County_Metro__mdb_mdb-1330_stops.geojson,C:\Users\wilsonschutterj\Downloads\GTFS_US\agency_enriched_geojson\stops_with_metadata\Washington__King_County_Metro__mdb_mdb-1330_stops.geojson,success,6266,
stops,Washington__Lady_of_the_Lake__mdb_mdb-2318,C:\Users\wilsonschutterj\Downloads\GTFS_US\agency_enriched_geojson\stops\Washington__Lady_of_the_Lake__mdb_mdb-2318_stops.geojson,C:\Users\wilsonschutterj\Downloads\GTFS_US\agency_enriched_geojson\stops_with_metadata\Washington__Lady_of_the_Lake__mdb_mdb-2318_stops.geojson,success,5,
stops,Washington__Lummi_Transit__mdb_mdb-2320,C:\Users\wilsonschutterj\Downloads\GTFS_US\agency_enriched_geojson\stops\Washington__Lummi_Transit__mdb_mdb-2320_stops.geojson,C:\Users\wilsonschutterj\Downloads\GTFS_US\agency_enriched_geojson\stops_with_metadata\Washington__Lummi_Transit__mdb_mdb-2320_stops.geojson,success,50,
stops,Washington__Makah_Public_Transit__mdb_mdb-2196,C:\Users\wilsonschutterj\Downloads\GTFS_US\agency_enriched_geojson\stops\Washington__Makah_Public_Transit__mdb_mdb-2196_stops.geojson,C:\Users\wilsonschutterj\Downloads\GTFS_US\agency_enriched_geojson\stops_with_metadata\Washington__Makah_Public_Transit__mdb_mdb-2196_stops.geojson,success,19,
stops,Washington__Mason_Transit_Authority__mdb_mdb-264,C:\Users\wilsonschutterj\Downloads\GTFS_US\agency_enriched_geojson\stops\Washington__Mason_Transit_Authority__mdb_mdb-264_stops.geojson,C:\Users\wilsonschutterj\Downloads\GTFS_US\agency_enriched_geojson\stops_with_metadata\Washington__Mason_Transit_Authority__mdb_mdb-264_stops.geojson,success,109,
stops,"Washington__Metro_Transit,_Intercity_Transit,_City_of_Seattle,_Community_Transit,_Pierce_Transit,_Sound_Transit,_Washington_State_Fe__mdb_mdb-1080","C:\Users\wilsonschutterj\Downloads\GTFS_US\agency_enriched_geojson\stops\Washington__Metro_Transit,_Intercity_Transit,_City_of_Seattle,_Community_Transit,_Pierce_Transit,_Sound_Transit,_Washington_State_Fe__mdb_mdb-1080_stops.geojson","C:\Users\wilsonschutterj\Downloads\GTFS_US\agency_enriched_geojson\stops_with_metadata\Washington__Metro_Transit,_Intercity_Transit,_City_of_Seattle,_Community_Transit,_Pierce_Transit,_Sound_Transit,_Washington_State_Fe__mdb_mdb-1080_stops.geojson",success,13341,
stops,Washington__Mount_Adams_Transportation_Service__mdb_mdb-580,C:\Users\wilsonschutterj\Downloads\GTFS_US\agency_enriched_geojson\stops\Washington__Mount_Adams_Transportation_Service__mdb_mdb-580_stops.geojson,C:\Users\wilsonschutterj\Downloads\GTFS_US\agency_enriched_geojson\stops_with_metadata\Washington__Mount_Adams_Transportation_Service__mdb_mdb-580_stops.geojson,success,77,
stops,Washington__Muckleshoot_Tribal_Transit__mdb_mdb-2326,C:\Users\wilsonschutterj\Downloads\GTFS_US\agency_enriched_geojson\stops\Washington__Muckleshoot_Tribal_Transit__mdb_mdb-2326_stops.geojson,C:\Users\wilsonschutterj\Downloads\GTFS_US\agency_enriched_geojson\stops_with_metadata\Washington__Muckleshoot_Tribal_Transit__mdb_mdb-2326_stops.geojson,success,60,
stops,Washington__Pacific_Transit__mdb_mdb-3112,C:\Users\wilsonschutterj\Downloads\GTFS_US\agency_enriched_geojson\stops\Washington__Pacific_Transit__mdb_mdb-3112_stops.geojson,C:\Users\wilsonschutterj\Downloads\GTFS_US\agency_enriched_geojson\stops_with_metadata\Washington__Pacific_Transit__mdb_mdb-3112_stops.geojson,success,53,
stops,Washington__Pahto_Public_Passage__mdb_mdb-2331,C:\Users\wilsonschutterj\Downloads\GTFS_US\agency_enriched_geojson\stops\Washington__Pahto_Public_Passage__mdb_mdb-2331_stops.geojson,C:\Users\wilsonschutterj\Downloads\GTFS_US\agency_enriched_geojson\stops_with_metadata\Washington__Pahto_Public_Passage__mdb_mdb-2331_stops.geojson,success,33,
stops,Washington__People_for_People_(Community_Connector)__mdb_mdb-271,C:\Users\wilsonschutterj\Downloads\GTFS_US\agency_enriched_geojson\stops\Washington__People_for_People_(Community_Connector)__mdb_mdb-271_stops.geojson,C:\Users\wilsonschutterj\Downloads\GTFS_US\agency_enriched_geojson\stops_with_metadata\Washington__People_for_People_(Community_Connector)__mdb_mdb-271_stops.geojson,success,94,
stops,Washington__Pierce_County_Ferries__mdb_tld-2289,C:\Users\wilsonschutterj\Downloads\GTFS_US\agency_enriched_geojson\stops\Washington__Pierce_County_Ferries__mdb_tld-2289_stops.geojson,C:\Users\wilsonschutterj\Downloads\GTFS_US\agency_enriched_geojson\stops_with_metadata\Washington__Pierce_County_Ferries__mdb_tld-2289_stops.geojson,success,3,
stops,Washington__Pierce_Transit__mdb_mdb-265,C:\Users\wilsonschutterj\Downloads\GTFS_US\agency_enriched_geojson\stops\Washington__Pierce_Transit__mdb_mdb-265_stops.geojson,C:\Users\wilsonschutterj\Downloads\GTFS_US\agency_enriched_geojson\stops_with_metadata\Washington__Pierce_Transit__mdb_mdb-265_stops.geojson,success,1974,
stops,Washington__RiverCities_Transit_(RCT)__mdb_mdb-259,C:\Users\wilsonschutterj\Downloads\GTFS_US\agency_enriched_geojson\stops\Washington__RiverCities_Transit_(RCT)__mdb_mdb-259_stops.geojson,C:\Users\wilsonschutterj\Downloads\GTFS_US\agency_enriched_geojson\stops_with_metadata\Washington__RiverCities_Transit_(RCT)__mdb_mdb-259_stops.geojson,success,263,
stops,Washington__Rural_Resources_Community_Action__mdb_tld-5751,C:\Users\wilsonschutterj\Downloads\GTFS_US\agency_enriched_geojson\stops\Washington__Rural_Resources_Community_Action__mdb_tld-5751_stops.geojson,C:\Users\wilsonschutterj\Downloads\GTFS_US\agency_enriched_geojson\stops_with_metadata\Washington__Rural_Resources_Community_Action__mdb_tld-5751_stops.geojson,success,14,
stops,Washington__ruralTRANSIT__mdb_mdb-822,C:\Users\wilsonschutterj\Downloads\GTFS_US\agency_enriched_geojson\stops\Washington__ruralTRANSIT__mdb_mdb-822_stops.geojson,C:\Users\wilsonschutterj\Downloads\GTFS_US\agency_enriched_geojson\stops_with_metadata\Washington__ruralTRANSIT__mdb_mdb-822_stops.geojson,success,56,
stops,Washington__Seattle_Center_Monorail__mdb_tld-2290,C:\Users\wilsonschutterj\Downloads\GTFS_US\agency_enriched_geojson\stops\Washington__Seattle_Center_Monorail__mdb_tld-2290_stops.geojson,C:\Users\wilsonschutterj\Downloads\GTFS_US\agency_enriched_geojson\stops_with_metadata\Washington__Seattle_Center_Monorail__mdb_tld-2290_stops.geojson,success,2,
stops,Washington__Skagit_Transit__mdb_tld-5895,C:\Users\wilsonschutterj\Downloads\GTFS_US\agency_enriched_geojson\stops\Washington__Skagit_Transit__mdb_tld-5895_stops.geojson,C:\Users\wilsonschutterj\Downloads\GTFS_US\agency_enriched_geojson\stops_with_metadata\Washington__Skagit_Transit__mdb_tld-5895_stops.geojson,success,483,
stops,Washington__Skamania_County_Transit__mdb_mdb-262,C:\Users\wilsonschutterj\Downloads\GTFS_US\agency_enriched_geojson\stops\Washington__Skamania_County_Transit__mdb_mdb-262_stops.geojson,C:\Users\wilsonschutterj\Downloads\GTFS_US\agency_enriched_geojson\stops_with_metadata\Washington__Skamania_County_Transit__mdb_mdb-262_stops.geojson,success,16,
stops,Washington__Snoqualmie_Valley_Transportation__mdb_mdb-816,C:\Users\wilsonschutterj\Downloads\GTFS_US\agency_enriched_geojson\stops\Washington__Snoqualmie_Valley_Transportation__mdb_mdb-816_stops.geojson,C:\Users\wilsonschutterj\Downloads\GTFS_US\agency_enriched_geojson\stops_with_metadata\Washington__Snoqualmie_Valley_Transportation__mdb_mdb-816_stops.geojson,success,85,
stops,Washington__Snow_Goose_Transit__mdb_tld-5754,C:\Users\wilsonschutterj\Downloads\GTFS_US\agency_enriched_geojson\stops\Washington__Snow_Goose_Transit__mdb_tld-5754_stops.geojson,C:\Users\wilsonschutterj\Downloads\GTFS_US\agency_enriched_geojson\stops_with_metadata\Washington__Snow_Goose_Transit__mdb_tld-5754_stops.geojson,success,22,
stops,Washington__Solid_Ground__mdb_tld-5755,C:\Users\wilsonschutterj\Downloads\GTFS_US\agency_enriched_geojson\stops\Washington__Solid_Ground__mdb_tld-5755_stops.geojson,C:\Users\wilsonschutterj\Downloads\GTFS_US\agency_enriched_geojson\stops_with_metadata\Washington__Solid_Ground__mdb_tld-5755_stops.geojson,success,8,
stops,"Washington__Sound_Transit,_Metro_Transit,_City_of_Seattle_-_King_County_Metro__mdb_mdb-267","C:\Users\wilsonschutterj\Downloads\GTFS_US\agency_enriched_geojson\stops\Washington__Sound_Transit,_Metro_Transit,_City_of_Seattle_-_King_County_Metro__mdb_mdb-267_stops.geojson","C:\Users\wilsonschutterj\Downloads\GTFS_US\agency_enriched_geojson\stops_with_metadata\Washington__Sound_Transit,_Metro_Transit,_City_of_Seattle_-_King_County_Metro__mdb_mdb-267_stops.geojson",success,6266,
stops,Washington__Sound_Transit__mdb_mdb-268,C:\Users\wilsonschutterj\Downloads\GTFS_US\agency_enriched_geojson\stops\Washington__Sound_Transit__mdb_mdb-268_stops.geojson,C:\Users\wilsonschutterj\Downloads\GTFS_US\agency_enriched_geojson\stops_with_metadata\Washington__Sound_Transit__mdb_mdb-268_stops.geojson,success,372,
stops,Washington__Special_Mobility_Services__mdb_tld-5756,C:\Users\wilsonschutterj\Downloads\GTFS_US\agency_enriched_geojson\stops\Washington__Special_Mobility_Services__mdb_tld-5756_stops.geojson,C:\Users\wilsonschutterj\Downloads\GTFS_US\agency_enriched_geojson\stops_with_metadata\Washington__Special_Mobility_Services__mdb_tld-5756_stops.geojson,success,19,
stops,Washington__Spokane_Transit_Authority_(STA)__mdb_mdb-290,C:\Users\wilsonschutterj\Downloads\GTFS_US\agency_enriched_geojson\stops\Washington__Spokane_Transit_Authority_(STA)__mdb_mdb-290_stops.geojson,C:\Users\wilsonschutterj\Downloads\GTFS_US\agency_enriched_geojson\stops_with_metadata\Washington__Spokane_Transit_Authority_(STA)__mdb_mdb-290_stops.geojson,success,1670,
stops,Washington__Squaxin_Island_Transit__mdb_mdb-2197,C:\Users\wilsonschutterj\Downloads\GTFS_US\agency_enriched_geojson\stops\Washington__Squaxin_Island_Transit__mdb_mdb-2197_stops.geojson,C:\Users\wilsonschutterj\Downloads\GTFS_US\agency_enriched_geojson\stops_with_metadata\Washington__Squaxin_Island_Transit__mdb_mdb-2197_stops.geojson,success,6,
stops,Washington__The_Moccasin_Express__mdb_mdb-2325,C:\Users\wilsonschutterj\Downloads\GTFS_US\agency_enriched_geojson\stops\Washington__The_Moccasin_Express__mdb_mdb-2325_stops.geojson,C:\Users\wilsonschutterj\Downloads\GTFS_US\agency_enriched_geojson\stops_with_metadata\Washington__The_Moccasin_Express__mdb_mdb-2325_stops.geojson,success,17,
stops,Washington__Twin_Transit__mdb_tld-5579,C:\Users\wilsonschutterj\Downloads\GTFS_US\agency_enriched_geojson\stops\Washington__Twin_Transit__mdb_tld-5579_stops.geojson,C:\Users\wilsonschutterj\Downloads\GTFS_US\agency_enriched_geojson\stops_with_metadata\Washington__Twin_Transit__mdb_tld-5579_stops.geojson,success,106,
stops,Washington__Union_Gap__mdb_mdb-277,C:\Users\wilsonschutterj\Downloads\GTFS_US\agency_enriched_geojson\stops\Washington__Union_Gap__mdb_mdb-277_stops.geojson,C:\Users\wilsonschutterj\Downloads\GTFS_US\agency_enriched_geojson\stops_with_metadata\Washington__Union_Gap__mdb_mdb-277_stops.geojson,success,16,
stops,Washington__Valley_Transit__mdb_tld-820,C:\Users\wilsonschutterj\Downloads\GTFS_US\agency_enriched_geojson\stops\Washington__Valley_Transit__mdb_tld-820_stops.geojson,C:\Users\wilsonschutterj\Downloads\GTFS_US\agency_enriched_geojson\stops_with_metadata\Washington__Valley_Transit__mdb_tld-820_stops.geojson,success,173,
stops,Washington__Wahkiakum_on_the_Move__mdb_mdb-249,C:\Users\wilsonschutterj\Downloads\GTFS_US\agency_enriched_geojson\stops\Washington__Wahkiakum_on_the_Move__mdb_mdb-249_stops.geojson,C:\Users\wilsonschutterj\Downloads\GTFS_US\agency_enriched_geojson\stops_with_metadata\Washington__Wahkiakum_on_the_Move__mdb_mdb-249_stops.geojson,success,42,
stops,Washington__Washington_State_Department_of_Transportation_(WSDOT_Apple_Line)__mdb_mdb-245,C:\Users\wilsonschutterj\Downloads\GTFS_US\agency_enriched_geojson\stops\Washington__Washington_State_Department_of_Transportation_(WSDOT_Apple_Line)__mdb_mdb-245_stops.geojson,C:\Users\wilsonschutterj\Downloads\GTFS_US\agency_enriched_geojson\stops_with_metadata\Washington__Washington_State_Department_of_Transportation_(WSDOT_Apple_Line)__mdb_mdb-245_stops.geojson,success,73,
stops,Washington__Washington_State_Ferries__mdb_mdb-1331,C:\Users\wilsonschutterj\Downloads\GTFS_US\agency_enriched_geojson\stops\Washington__Washington_State_Ferries__mdb_mdb-1331_stops.geojson,C:\Users\wilsonschutterj\Downloads\GTFS_US\agency_enriched_geojson\stops_with_metadata\Washington__Washington_State_Ferries__mdb_mdb-1331_stops.geojson,success,19,
stops,Washington__Washington_State_Ferries__mdb_mdb-283,C:\Users\wilsonschutterj\Downloads\GTFS_US\agency_enriched_geojson\stops\Washington__Washington_State_Ferries__mdb_mdb-283_stops.geojson,C:\Users\wilsonschutterj\Downloads\GTFS_US\agency_enriched_geojson\stops_with_metadata\Washington__Washington_State_Ferries__mdb_mdb-283_stops.geojson,success,19,
stops,Washington__Whatcom_Transportation_Authority__mdb_mdb-284,C:\Users\wilsonschutterj\Downloads\GTFS_US\agency_enriched_geojson\stops\Washington__Whatcom_Transportation_Authority__mdb_mdb-284_stops.geojson,C:\Users\wilsonschutterj\Downloads\GTFS_US\agency_enriched_geojson\stops_with_metadata\Washington__Whatcom_Transportation_Authority__mdb_mdb-284_stops.geojson,success,878,
stops,Washington__Yakima_Transit__mdb_mdb-276,C:\Users\wilsonschutterj\Downloads\GTFS_US\agency_enriched_geojson\stops\Washington__Yakima_Transit__mdb_mdb-276_stops.geojson,C:\Users\wilsonschutterj\Downloads\GTFS_US\agency_enriched_geojson\stops_with_metadata\Washington__Yakima_Transit__mdb_mdb-276_stops.geojson,success,634,
stops,West_Virginia__Country_Roads_Transit__mdb_ntd-30122,C:\Users\wilsonschutterj\Downloads\GTFS_US\agency_enriched_geojson\stops\West_Virginia__Country_Roads_Transit__mdb_ntd-30122_stops.geojson,C:\Users\wilsonschutterj\Downloads\GTFS_US\agency_enriched_geojson\stops_with_metadata\West_Virginia__Country_Roads_Transit__mdb_ntd-30122_stops.geojson,success,81,
stops,West_Virginia__Eastern_Panhandle_Transit_Authority__mdb_tld-4459,C:\Users\wilsonschutterj\Downloads\GTFS_US\agency_enriched_geojson\stops\West_Virginia__Eastern_Panhandle_Transit_Authority__mdb_tld-4459_stops.geojson,C:\Users\wilsonschutterj\Downloads\GTFS_US\agency_enriched_geojson\stops_with_metadata\West_Virginia__Eastern_Panhandle_Transit_Authority__mdb_tld-4459_stops.geojson,success,83,
stops,West_Virginia__Harpers_Ferry_National_Historical_Park__mdb_tld-6678,C:\Users\wilsonschutterj\Downloads\GTFS_US\agency_enriched_geojson\stops\West_Virginia__Harpers_Ferry_National_Historical_Park__mdb_tld-6678_stops.geojson,C:\Users\wilsonschutterj\Downloads\GTFS_US\agency_enriched_geojson\stops_with_metadata\West_Virginia__Harpers_Ferry_National_Historical_Park__mdb_tld-6678_stops.geojson,success,2,
stops,West_Virginia__Kanawha_Valley_Regional_Transportation_Authority__mdb_tld-5769,C:\Users\wilsonschutterj\Downloads\GTFS_US\agency_enriched_geojson\stops\West_Virginia__Kanawha_Valley_Regional_Transportation_Authority__mdb_tld-5769_stops.geojson,C:\Users\wilsonschutterj\Downloads\GTFS_US\agency_enriched_geojson\stops_with_metadata\West_Virginia__Kanawha_Valley_Regional_Transportation_Authority__mdb_tld-5769_stops.geojson,success,788,
stops,West_Virginia__Mountain_Line_Transit_Authority__mdb_mdb-407,C:\Users\wilsonschutterj\Downloads\GTFS_US\agency_enriched_geojson\stops\West_Virginia__Mountain_Line_Transit_Authority__mdb_mdb-407_stops.geojson,C:\Users\wilsonschutterj\Downloads\GTFS_US\agency_enriched_geojson\stops_with_metadata\West_Virginia__Mountain_Line_Transit_Authority__mdb_mdb-407_stops.geojson,success,191,
stops,West_Virginia__New_River_Transit_Authority__mdb_tld-6713,C:\Users\wilsonschutterj\Downloads\GTFS_US\agency_enriched_geojson\stops\West_Virginia__New_River_Transit_Authority__mdb_tld-6713_stops.geojson,C:\Users\wilsonschutterj\Downloads\GTFS_US\agency_enriched_geojson\stops_with_metadata\West_Virginia__New_River_Transit_Authority__mdb_tld-6713_stops.geojson,success,55,
stops,Wisconsin__Beloit_Transit_System__mdb_tld-77,C:\Users\wilsonschutterj\Downloads\GTFS_US\agency_enriched_geojson\stops\Wisconsin__Beloit_Transit_System__mdb_tld-77_stops.geojson,C:\Users\wilsonschutterj\Downloads\GTFS_US\agency_enriched_geojson\stops_with_metadata\Wisconsin__Beloit_Transit_System__mdb_tld-77_stops.geojson,success,348,
stops,Wisconsin__Central_Transportation__mdb_tld-4757,C:\Users\wilsonschutterj\Downloads\GTFS_US\agency_enriched_geojson\stops\Wisconsin__Central_Transportation__mdb_tld-4757_stops.geojson,C:\Users\wilsonschutterj\Downloads\GTFS_US\agency_enriched_geojson\stops_with_metadata\Wisconsin__Central_Transportation__mdb_tld-4757_stops.geojson,success,335,
stops,Wisconsin__Fond_du_Lac_Area_Transit__mdb_tld-7929,C:\Users\wilsonschutterj\Downloads\GTFS_US\agency_enriched_geojson\stops\Wisconsin__Fond_du_Lac_Area_Transit__mdb_tld-7929_stops.geojson,C:\Users\wilsonschutterj\Downloads\GTFS_US\agency_enriched_geojson\stops_with_metadata\Wisconsin__Fond_du_Lac_Area_Transit__mdb_tld-7929_stops.geojson,success,40,
stops,Wisconsin__GO_Transit__mdb_mdb-397,C:\Users\wilsonschutterj\Downloads\GTFS_US\agency_enriched_geojson\stops\Wisconsin__GO_Transit__mdb_mdb-397_stops.geojson,C:\Users\wilsonschutterj\Downloads\GTFS_US\agency_enriched_geojson\stops_with_metadata\Wisconsin__GO_Transit__mdb_mdb-397_stops.geojson,success,252,
stops,Wisconsin__Janesville_Transit_System__mdb_mdb-393,C:\Users\wilsonschutterj\Downloads\GTFS_US\agency_enriched_geojson\stops\Wisconsin__Janesville_Transit_System__mdb_mdb-393_stops.geojson,C:\Users\wilsonschutterj\Downloads\GTFS_US\agency_enriched_geojson\stops_with_metadata\Wisconsin__Janesville_Transit_System__mdb_mdb-393_stops.geojson,success,348,
stops,Wisconsin__Metro_Ride__mdb_mdb-830,C:\Users\wilsonschutterj\Downloads\GTFS_US\agency_enriched_geojson\stops\Wisconsin__Metro_Ride__mdb_mdb-830_stops.geojson,C:\Users\wilsonschutterj\Downloads\GTFS_US\agency_enriched_geojson\stops_with_metadata\Wisconsin__Metro_Ride__mdb_mdb-830_stops.geojson,success,568,
stops,Wisconsin__Metro_Transit_-_City_of_Madison__mdb_mdb-394,C:\Users\wilsonschutterj\Downloads\GTFS_US\agency_enriched_geojson\stops\Wisconsin__Metro_Transit_-_City_of_Madison__mdb_mdb-394_stops.geojson,C:\Users\wilsonschutterj\Downloads\GTFS_US\agency_enriched_geojson\stops_with_metadata\Wisconsin__Metro_Transit_-_City_of_Madison__mdb_mdb-394_stops.geojson,success,1681,
stops,Wisconsin__Ryde_Racine__mdb_mdb-2246,C:\Users\wilsonschutterj\Downloads\GTFS_US\agency_enriched_geojson\stops\Wisconsin__Ryde_Racine__mdb_mdb-2246_stops.geojson,C:\Users\wilsonschutterj\Downloads\GTFS_US\agency_enriched_geojson\stops_with_metadata\Wisconsin__Ryde_Racine__mdb_mdb-2246_stops.geojson,success,729,
stops,Wisconsin__Shoreline_Metro__mdb_mdb-399,C:\Users\wilsonschutterj\Downloads\GTFS_US\agency_enriched_geojson\stops\Wisconsin__Shoreline_Metro__mdb_mdb-399_stops.geojson,C:\Users\wilsonschutterj\Downloads\GTFS_US\agency_enriched_geojson\stops_with_metadata\Wisconsin__Shoreline_Metro__mdb_mdb-399_stops.geojson,success,753,
stops,Wisconsin__Valley_Transit_(WI)__mdb_mdb-2069,C:\Users\wilsonschutterj\Downloads\GTFS_US\agency_enriched_geojson\stops\Wisconsin__Valley_Transit_(WI)__mdb_mdb-2069_stops.geojson,C:\Users\wilsonschutterj\Downloads\GTFS_US\agency_enriched_geojson\stops_with_metadata\Wisconsin__Valley_Transit_(WI)__mdb_mdb-2069_stops.geojson,success,923,
stops,Wyoming__Southern_Teton_Area_Rapid_Transit_(START_Bus)__mdb_ntd-80188,C:\Users\wilsonschutterj\Downloads\GTFS_US\agency_enriched_geojson\stops\Wyoming__Southern_Teton_Area_Rapid_Transit_(START_Bus)__mdb_ntd-80188_stops.geojson,C:\Users\wilsonschutterj\Downloads\GTFS_US\agency_enriched_geojson\stops_with_metadata\Wyoming__Southern_Teton_Area_Rapid_Transit_(START_Bus)__mdb_ntd-80188_stops.geojson,success,152,
stops,Wyoming__Wind_River_Transportation_Authority__mdb_ntd-80121,C:\Users\wilsonschutterj\Downloads\GTFS_US\agency_enriched_geojson\stops\Wyoming__Wind_River_Transportation_Authority__mdb_ntd-80121_stops.geojson,C:\Users\wilsonschutterj\Downloads\GTFS_US\agency_enriched_geojson\stops_with_metadata\Wyoming__Wind_River_Transportation_Authority__mdb_ntd-80121_stops.geojson,success,26,
