feed_id,source_id,provider,gtfs_agency_names,feed_agency_name,state,decision,best_ntd_id,best_ntd_agency,best_ntd_state,best_score,second_score,margin,match_method
Alabama__Birmingham_Jefferson_County_Transit_Authority_(MAX)__mdb_mdb-3434,mdb-3434,Birmingham Jefferson County Transit Authority (MAX),,Birmingham Jefferson County Transit Authority (MAX),AL,auto_accept,40042,Birmingham-Jefferson County Transit Authority,AL,100.0,90.5,9.5,provider_gtfs_filename_state
Alabama__Montgomery_Transit__mdb_mdb-338,mdb-338,Montgomery Transit,Montgomery Transit,Montgomery Transit,AL,auto_accept,40044,"City of Montgomery, dba: The M Transit",AL,100.0,90.5,9.5,provider_gtfs_filename_state
Alabama__Tuscaloosa_Transit_Authority__mdb_tld-7046,tld-7046,Tuscaloosa Transit Authority,Tuscaloosa Transit Authority,Tuscaloosa Transit Authority,AL,auto_accept,40045,"Tuscaloosa County Parking and Transit Authority, dba: Tuscaloosa Transit Authority",AL,100.0,90.5,9.5,provider_gtfs_filename_state
Alaska__Anchorage_People_Mover__mdb_mdb-225,mdb-225,Anchorage People Mover,Municipality of Anchorage People Mover,Anchorage People Mover,AK,auto_accept,00012,Municipality of Anchorage,AK,100.0,90.5,9.5,provider_gtfs_filename_state
Alaska__Capital_Transit__mdb_mdb-294,mdb-294,Capital Transit,Capital Transit,Capital Transit,AK,auto_accept,00391,"City and Borough of Juneau, dba: Capital Transit",AK,100.0,90.5,9.5,provider_gtfs_filename_state
Alaska__Inter-Island_Ferry__mdb_mdb-243,mdb-243,Inter-Island Ferry,Inter-Island Ferry Authority,Inter-Island Ferry,AK,auto_accept,00382,Inter-Island Ferry Authority,AK,100.0,90.5,9.5,provider_gtfs_filename_state
Alaska__Ketchikan_Gateway_Borough__mdb_mdb-244,mdb-244,Ketchikan Gateway Borough,Airport Ferry | The Bus - Ketchikan Gateway Borough,Ketchikan Gateway Borough,AK,auto_accept,00358,"Ketchikan Gateway Borough, dba: The Bus",AK,100.0,90.5,9.5,provider_gtfs_filename_state
Arizona__Bisbee_Bus__mdb_mdb-2857,mdb-2857,Bisbee Bus,Bisbee Bus,Bisbee Bus,AZ,auto_accept,91121,"City of Bisbee, dba: City of Bisbee/ Bisbee Bus",AZ,100.0,90.5,9.5,provider_gtfs_filename_state
Arizona__Bullhead_Area_Transit_System__mdb_mdb-109,mdb-109,Bullhead Area Transit System,Bullhead Area Transit System,Bullhead Area Transit System,AZ,auto_accept,91037,"City of Bullhead, dba: Bullhead Area Transit System",AZ,100.0,90.5,9.5,provider_gtfs_filename_state
Arizona__City_of_Sierra_Vista__mdb_tld-679,tld-679,City of Sierra Vista,Vista Transit,City of Sierra Vista,AZ,auto_accept,90239,"City of Sierra Vista, dba: Vista Transit",AZ,100.0,90.5,9.5,provider_gtfs_filename_state
Arizona__Cottonwood_Area_Transit_(CAT)__mdb_mdb-158,mdb-158,Cottonwood Area Transit (CAT),Cottonwood Area Transit,Cottonwood Area Transit (CAT),AZ,auto_accept,91010,"City of Cottonwood, dba: Cottonwood Area Transit",AZ,100.0,90.5,9.5,provider_gtfs_filename_state
Arizona__Maricopa_Express_Transit__mdb_tld-6743,tld-6743,Maricopa Express Transit,Maricopa Express Transit,Maricopa Express Transit,AZ,auto_accept,91106,"City of Maricopa, dba: Maricopa Express Transit",AZ,100.0,90.5,9.5,provider_gtfs_filename_state
Arizona__Mountain_Line_Transit__mdb_mdb-1979,mdb-1979,Mountain Line Transit,Mountain Line,Mountain Line Transit,AZ,auto_accept,90219,"Northern Arizona Intergovernmental Public Transportation Authority, dba: Mountain Line",AZ,100.0,91.49,8.51,provider_gtfs_filename_state
Arizona__Regional_Transportation_Authority_of_Pima_County__mdb_ntd-91122,ntd-91122,Regional Transportation Authority of Pima County,,Regional Transportation Authority of Pima County,AZ,auto_accept,91122,Regional Transportation Authority of Pima County,AZ,100.0,90.5,9.5,provider_gtfs_filename_state
Arizona__Yuma_County_Intergovernmental_Public_Transportation_Authority_(YCIPTA)__mdb_mdb-17,mdb-17,Yuma County Intergovernmental Public Transportation Authority (YCIPTA),Yuma County Intergovernmental Public Transportation Authority,Yuma County Intergovernmental Public Transportation Authority (YCIPTA),AZ,auto_accept,90233,"Yuma County Intergovernmental Public Transportation Authority, dba: Yuma County Area Transit",AZ,100.0,90.5,9.5,provider_gtfs_filename_state
Arkansas__City_of_Fort_Smith__mdb_ntd-60086,ntd-60086,City of Fort Smith,,City of Fort Smith,AR,auto_accept,60086,"City of Fort Smith, dba: Fort Smith Transit",AR,100.0,90.5,9.5,provider_gtfs_filename_state
Arkansas__Ozark_Regional_Transit__mdb_tld-4470,tld-4470,Ozark Regional Transit,Ozark Regional Transit,Ozark Regional Transit,AR,auto_accept,60072,Ozark Regional Transit,AR,100.0,90.5,9.5,provider_gtfs_filename_state
California__Alameda-Contra_Costa_Transit_District_(AC_Transit)__mdb_mdb-2455,mdb-2455,Alameda-Contra Costa Transit District (AC Transit),AC TRANSIT,Alameda-Contra Costa Transit District (AC Transit),CA,auto_accept,90014,"Alameda-Contra Costa Transit District, dba: AC Transit",CA,100.0,90.5,9.5,provider_gtfs_filename_state
California__Altamont_Corridor_Express__mdb_mdb-2684,mdb-2684,Altamont Corridor Express,Altamont Corridor Express,Altamont Corridor Express,CA,auto_accept,90182,Altamont Corridor Express,CA,100.0,90.5,9.5,provider_gtfs_filename_state
California__Arcadia_Transit__mdb_mdb-2243,mdb-2243,Arcadia Transit,City of Arcadia,Arcadia Transit,CA,auto_accept,90044,"City of Arcadia, dba: Arcadia Transit",CA,100.0,90.5,9.5,provider_gtfs_filename_state
California__Auburn_Transit__mdb_mdb-2275,mdb-2275,Auburn Transit,Auburn Transit,Auburn Transit,CA,auto_accept,91032,"City of Auburn, dba: Auburn Transit",CA,100.0,90.5,9.5,provider_gtfs_filename_state
California__Baldwin_Park_Transit__mdb_mdb-2247,mdb-2247,Baldwin Park Transit,"Baldwin Park, CA",Baldwin Park Transit,CA,auto_accept,90251,"City of Baldwin Park, dba: Baldwin Park Transit",CA,100.0,90.5,9.5,provider_gtfs_filename_state
California__Beach_Cities_Transit__mdb_mdb-1999,mdb-1999,Beach Cities Transit,Beach Cities Transit,Beach Cities Transit,CA,auto_accept,90214,"City of Redondo Beach, dba: Beach Cities Transit",CA,100.0,90.5,9.5,provider_gtfs_filename_state
California__Big_Blue_Bus__mdb_mdb-37,mdb-37,Big Blue Bus,Big Blue Bus,Big Blue Bus,CA,auto_accept,90008,"City of Santa Monica, dba: Big Blue Bus",CA,100.0,90.5,9.5,provider_gtfs_filename_state
California__Butte_Regional_Transit_(B-Line)__mdb_ntd-90208,ntd-90208,Butte Regional Transit (B-Line),,Butte Regional Transit (B-Line),CA,auto_accept,90208,"Butte County Association of Governments, dba: Butte Regional Transit/B-Line",CA,100.0,90.5,9.5,provider_gtfs_filename_state
California__Calaveras_Transit__mdb_mdb-93,mdb-93,Calaveras Transit,Calaveras Connect,Calaveras Transit,CA,auto_accept,99442,"Calaveras Transit Agency, dba: Calaveras Connect",CA,100.0,90.5,9.5,provider_gtfs_filename_state
California__Caltrain__mdb_mdb-54,mdb-54,Caltrain,Caltrain,Caltrain,CA,auto_accept,90134,"Peninsula Corridor Joint Powers Board, dba: Caltrain",CA,100.0,83.75,16.25,provider_gtfs_filename_state
California__Camarillo_Area_Transit__mdb_mdb-2234,mdb-2234,Camarillo Area Transit,Camarillo Area Transit,Camarillo Area Transit,CA,auto_accept,90163,"City of Camarillo, dba: Camarillo Area Transit",CA,100.0,90.5,9.5,provider_gtfs_filename_state
California__Cerritos_On_Wheels__mdb_tld-4667,tld-4667,Cerritos On Wheels,City of Cerritos,Cerritos On Wheels,CA,auto_accept,90259,"City of Cerritos, dba: Cerritos Transit Services",CA,100.0,90.5,9.5,provider_gtfs_filename_state
California__City_of_Camarillo__mdb_ntd-90163,ntd-90163,City of Camarillo,,City of Camarillo,CA,auto_accept,90163,"City of Camarillo, dba: Camarillo Area Transit",CA,100.0,90.5,9.5,provider_gtfs_filename_state
California__City_of_Manteca__mdb_ntd-90217,ntd-90217,City of Manteca,,City of Manteca,CA,auto_accept,90217,"City of Manteca, dba: Manteca Transit",CA,100.0,90.5,9.5,provider_gtfs_filename_state
California__City_of_San_Luis_Obispo_Transit__mdb_mdb-44,mdb-44,City of San Luis Obispo Transit,City of San Luis Obispo Transit,City of San Luis Obispo Transit,CA,auto_accept,90156,"City of San Luis Obispo, dba: SLO Transit",CA,100.0,91.79,8.21,provider_gtfs_filename_state
California__City_of_Santa_Clarita_Transit__mdb_tld-1256,tld-1256,City of Santa Clarita Transit,Santa Clarita Transit,City of Santa Clarita Transit,CA,auto_accept,90171,"City of Santa Clarita, dba: Santa Clarita Transit",CA,100.0,90.5,9.5,provider_gtfs_filename_state
California__City_of_Tracy_(TRACER)__mdb_mdb-3099,mdb-3099,City of Tracy (TRACER),TRACER Bus Service,City of Tracy (TRACER),CA,auto_accept,90197,"City of Tracy, dba: TRACER",CA,100.0,90.5,9.5,provider_gtfs_filename_state
California__City_of_Tracy__mdb_mdb-2187,mdb-2187,City of Tracy,,City of Tracy,CA,auto_accept,90197,"City of Tracy, dba: TRACER",CA,100.0,90.5,9.5,provider_gtfs_filename_state
California__Clovis_Transit__mdb_mdb-2894,mdb-2894,Clovis Transit,City of Clovis,Clovis Transit,CA,auto_accept,90313,"City of Clovis, dba: Clovis Transit",CA,100.0,90.71,9.29,provider_gtfs_filename_state
California__Commerce_Municipal_Bus_Lines__mdb_mdb-994,mdb-994,Commerce Municipal Bus Lines,City Of Commerce Transit,Commerce Municipal Bus Lines,CA,auto_accept,90043,"City of Commerce, dba: City of Commerce Transit",CA,100.0,90.5,9.5,provider_gtfs_filename_state
California__Commute,,,SamTrans | Commute.org Shuttles,Commute,CA,auto_accept,90009,"San Mateo County Transit District, dba: SamTrans",CA,100.0,88.0,12.0,provider_gtfs_filename_state
California__Delano_Area_Rapid_Transit__mdb_mdb-320,mdb-320,Delano Area Rapid Transit,Delano Area Rapid Transit,Delano Area Rapid Transit,CA,auto_accept,90238,"City of Delano, dba: Delano Area Rapid Transit",CA,100.0,90.5,9.5,provider_gtfs_filename_state
California__Devils_Postpile_National_Monument__mdb_mdb-3206,mdb-3206,Devils Postpile National Monument,Eastern Sierra Transit Authority,Devils Postpile National Monument,CA,auto_accept,91062,Eastern Sierra Transit Authority,CA,100.0,90.5,9.5,provider_gtfs_filename_state
California__Eastern_Sierra_Transit__mdb_mdb-25,mdb-25,Eastern Sierra Transit,Eastern Sierra Transit Authority,Eastern Sierra Transit,CA,auto_accept,91062,Eastern Sierra Transit Authority,CA,100.0,90.5,9.5,provider_gtfs_filename_state
California__El_Dorado_Transit__mdb_mdb-75,mdb-75,El Dorado Transit,El Dorado Transit,El Dorado Transit,CA,auto_accept,90229,"El Dorado County Transit Authority, dba: El Dorado Transit",CA,100.0,90.5,9.5,provider_gtfs_filename_state
California__Foothill_Transit__mdb_mdb-101,mdb-101,Foothill Transit,Foothill Transit,Foothill Transit,CA,auto_accept,90146,Foothill Transit,CA,100.0,90.5,9.5,provider_gtfs_filename_state
California__Fresno_Area_Express_(FAX)__mdb_mdb-90,mdb-90,Fresno Area Express (FAX),Fresno Area Express,Fresno Area Express (FAX),CA,auto_accept,90027,"City of Fresno, dba: Fresno Area Express",CA,100.0,90.5,9.5,provider_gtfs_filename_state
California__Fresno_County_Rural_Transit_Agency_(FCRTA)__mdb_mdb-85,mdb-85,Fresno County Rural Transit Agency (FCRTA),Fresno County Rural Transit Authority,Fresno County Rural Transit Agency (FCRTA),CA,auto_accept,91007,Fresno County Rural Transit Agency,CA,100.0,90.5,9.5,provider_gtfs_filename_state
California__GTrans__mdb_mdb-2270,mdb-2270,GTrans,GTrans,GTrans,CA,auto_accept,90042,"City of Gardena, dba: GTrans",CA,100.0,86.82,13.18,provider_gtfs_filename_state
California__Golden_Empire_Transit_District_(GET)__mdb_mdb-46,mdb-46,Golden Empire Transit District (GET),Golden Empire Transit District,Golden Empire Transit District (GET),CA,auto_accept,90004,Golden Empire Transit District,CA,100.0,90.5,9.5,provider_gtfs_filename_state
California__Golden_Gate_Transit__mdb_mdb-67,mdb-67,Golden Gate Transit,Golden Gate Transit,Golden Gate Transit,CA,auto_accept,90016,"Golden Gate Bridge, Highway and Transportation District",CA,100.0,90.5,9.5,provider_gtfs_filename_state
California__GrapeLine__mdb_mdb-83,mdb-83,GrapeLine,City of Lodi GrapeLine,GrapeLine,CA,auto_accept,90175,"City of Lodi, dba: GrapeLine",CA,100.0,90.5,9.5,provider_gtfs_filename_state
California__Kern_Transit__mdb_mdb-47,mdb-47,Kern Transit,Kern Transit,Kern Transit,CA,auto_accept,91059,"County of Kern, dba: Kern Regional Transit",CA,100.0,90.5,9.5,provider_gtfs_filename_state
California__Laguna_Beach_Transit_(LBT)__mdb_mdb-16,mdb-16,Laguna Beach Transit (LBT),Laguna Beach Transit,Laguna Beach Transit (LBT),CA,auto_accept,90119,"City of Laguna Beach, dba: Laguna Beach Transit",CA,100.0,90.5,9.5,provider_gtfs_filename_state
California__Long_Beach_Transit_(LBT)__mdb_mdb-1198,mdb-1198,Long Beach Transit (LBT),Long Beach Transit,Long Beach Transit (LBT),CA,auto_accept,90023,Long Beach Transit,CA,100.0,90.5,9.5,provider_gtfs_filename_state
California__Madera_County_Transit__mdb_mdb-572,mdb-572,Madera County Transit,Madera County Connection,Madera County Transit,CA,auto_accept,91005,"Madera County, dba: Madera County Connection",CA,100.0,92.8,7.2,provider_gtfs_filename_state
California__Manteca_Transit__mdb_mdb-2172,mdb-2172,Manteca Transit,,Manteca Transit,CA,auto_accept,90217,"City of Manteca, dba: Manteca Transit",CA,100.0,90.5,9.5,provider_gtfs_filename_state
California__Merced_County_Transit_(The_Bus)__mdb_mdb-3117,mdb-3117,Merced County Transit (The Bus),Merced The Bus,Merced County Transit (The Bus),CA,auto_accept,90173,"Transit Joint Powers Authority for Merced County, dba: Merced The Bus",CA,100.0,90.5,9.5,provider_gtfs_filename_state
California__Metrolink__mdb_mdb-96,mdb-96,Metrolink,,Metrolink,CA,auto_accept,90151,"Southern California Regional Rail Authority, dba: Metrolink",CA,100.0,88.0,12.0,provider_gtfs_filename_state
California__Montebello_Bus_Lines__mdb_mdb-2201,mdb-2201,Montebello Bus Lines,Montebello Bus Lines,Montebello Bus Lines,CA,auto_accept,90041,"City of Montebello, dba: Montebello Bus Lines",CA,100.0,90.5,9.5,provider_gtfs_filename_state
California__Monterey-Salinas_Transit_(MST)__mdb_mdb-56,mdb-56,Monterey-Salinas Transit (MST),Monterey-Salinas Transit,Monterey-Salinas Transit (MST),CA,auto_accept,90062,Monterey-Salinas Transit,CA,100.0,90.5,9.5,provider_gtfs_filename_state
California__Moorpark_City_Transit__mdb_mdb-578,mdb-578,Moorpark City Transit,Moorpark City Transit,Moorpark City Transit,CA,auto_accept,90227,"City of Moorpark, dba: Moorpark City Transit",CA,100.0,90.5,9.5,provider_gtfs_filename_state
California__Morongo_Basin_Transit_Authority__mdb_mdb-579,mdb-579,Morongo Basin Transit Authority,Morongo Basin Transit Authority,Morongo Basin Transit Authority,CA,auto_accept,91090,"Morongo Basin Transit Authority, dba: Basin Transit",CA,100.0,90.5,9.5,provider_gtfs_filename_state
California__Mountain_Transit__mdb_mdb-107,mdb-107,Mountain Transit,Mountain Transit,Mountain Transit,CA,auto_accept,91012,"Mountain Area Regional Transit Authority, dba: Mountain Transit",CA,100.0,90.5,9.5,provider_gtfs_filename_state
California__Needles_Area_Transit__mdb_mdb-583,mdb-583,Needles Area Transit,Needles Area Transit,Needles Area Transit,CA,auto_accept,91020,"City of Needles, dba: Needles Area Transit",CA,100.0,90.5,9.5,provider_gtfs_filename_state
California__Norwalk_Transit_System__mdb_tld-881,tld-881,Norwalk Transit System,Norwalk Transit System,Norwalk Transit System,CA,auto_accept,90022,"City of Norwalk, dba: Norwalk Transit System",CA,100.0,90.5,9.5,provider_gtfs_filename_state
California__OmniTrans__mdb_mdb-97,mdb-97,OmniTrans,Omnitrans,OmniTrans,CA,auto_accept,90029,"Omnitrans, dba: OMNI",CA,100.0,83.75,16.25,provider_gtfs_filename_state
California__Orange_County_Transportation_Authority_(OCTA)__mdb_mdb-15,mdb-15,Orange County Transportation Authority (OCTA),Orange County Transportation Authority,Orange County Transportation Authority (OCTA),CA,auto_accept,90036,Orange County Transportation Authority,CA,100.0,90.5,9.5,provider_gtfs_filename_state
California__Palo_Verde_Valley_Transit_Agency__mdb_mdb-2190,mdb-2190,Palo Verde Valley Transit Agency,Palo Verde Valley Transit Agency,Palo Verde Valley Transit Agency,CA,auto_accept,99454,"Palo Verde Valley Transit Agency, dba: RidePV",CA,100.0,90.5,9.5,provider_gtfs_filename_state
California__Palos_Verdes_Peninsula_Transit_Authority_(PVPTA)__mdb_mdb-35,mdb-35,Palos Verdes Peninsula Transit Authority (PVPTA),Palos Verdes Peninsula Transit Authority,Palos Verdes Peninsula Transit Authority (PVPTA),CA,auto_accept,90287,Palos Verdes Peninsula Transit Authority,CA,100.0,90.5,9.5,provider_gtfs_filename_state
California__Pasadena_Transit__mdb_mdb-41,mdb-41,Pasadena Transit,Pasadena Transit,Pasadena Transit,CA,auto_accept,99424,"City of Pasadena, dba: Pasadena Transit",CA,100.0,90.5,9.5,provider_gtfs_filename_state
California__Petaluma_Transit__mdb_mdb-2947,mdb-2947,Petaluma Transit,PETALUMA,Petaluma Transit,CA,auto_accept,90213,"City of Petaluma, dba: Petaluma Transit",CA,100.0,90.5,9.5,provider_gtfs_filename_state
California__Placer_County_Transit__mdb_mdb-77,mdb-77,Placer County Transit,Placer County Transit,Placer County Transit,CA,auto_accept,90196,"County of Placer, dba: Placer County Transit/TART",CA,100.0,90.5,9.5,provider_gtfs_filename_state
California__Redding_Area_Bus_Authority__mdb_mdb-3031,mdb-3031,Redding Area Bus Authority,Redding Area Bus Authority,Redding Area Bus Authority,CA,auto_accept,90093,Redding Area Bus Authority,CA,100.0,90.5,9.5,provider_gtfs_filename_state
California__Riverside_Transit_Agency__mdb_mdb-98,mdb-98,Riverside Transit Agency,Riverside Transit Agency,Riverside Transit Agency,CA,auto_accept,90031,Riverside Transit Agency,CA,100.0,90.5,9.5,provider_gtfs_filename_state
California__Rosemead_Explorer__mdb_mdb-3098,mdb-3098,Rosemead Explorer,City of Rosemead,Rosemead Explorer,CA,auto_accept,90289,"City of Rosemead, dba: Rosemead Explorer/Dial-A-Ride",CA,100.0,90.5,9.5,provider_gtfs_filename_state
California__SamTrans__mdb_mdb-2708,mdb-2708,SamTrans,SamTrans,SamTrans,CA,auto_accept,90009,"San Mateo County Transit District, dba: SamTrans",CA,100.0,79.81,20.19,provider_gtfs_filename_state
California__San_Benito_County_Express_(SBCE)__mdb_mdb-58,mdb-58,San Benito County Express (SBCE),San Benito County Express,San Benito County Express (SBCE),CA,auto_accept,91009,"San Benito County Local Transportation Authority, dba: San Benito County Express",CA,100.0,90.5,9.5,provider_gtfs_filename_state
"California__San_Diego_International_Airport,_Metropolitan_Transit_System_(MTS)__mdb_mdb-13",mdb-13,"San Diego International Airport, Metropolitan Transit System (MTS)",MTS | San Diego International Airport,"San Diego International Airport, Metropolitan Transit System (MTS)",CA,auto_accept,90026,San Diego Metropolitan Transit System,CA,100.0,90.5,9.5,provider_gtfs_filename_state
California__San_Francisco_Bay_Area_Water_Emergency_Transportation_Authority_(WETA)__mdb_mdb-3143,mdb-3143,San Francisco Bay Area Water Emergency Transportation Authority (WETA),San Francisco Bay Ferry,San Francisco Bay Area Water Emergency Transportation Authority (WETA),CA,auto_accept,90225,"San Francisco Bay Area Water Emergency Transportation Authority, dba: San Francisco Bay Ferry",CA,100.0,90.5,9.5,provider_gtfs_filename_state
California__San_Joaquin_Regional_Transit_District_(RTD)__mdb_mdb-886,mdb-886,San Joaquin Regional Transit District (RTD),San Joaquin Regional Transit District (RTD),San Joaquin Regional Transit District (RTD),CA,auto_accept,90012,"San Joaquin Regional Transit District, dba: San Joaquin RTD",CA,100.0,90.5,9.5,provider_gtfs_filename_state
California__San_Joaquin_Regional_Transit_District__mdb_mdb-2180,mdb-2180,San Joaquin Regional Transit District,,San Joaquin Regional Transit District,CA,auto_accept,90012,"San Joaquin Regional Transit District, dba: San Joaquin RTD",CA,100.0,90.5,9.5,provider_gtfs_filename_state
California__San_Luis_Obispo_Regional_Transit_Authority_(SLORTA)__mdb_mdb-43,mdb-43,San Luis Obispo Regional Transit Authority (SLORTA),RTA - SCT - Paso,San Luis Obispo Regional Transit Authority (SLORTA),CA,auto_accept,90206,San Luis Obispo Regional Transit Authority,CA,100.0,90.5,9.5,provider_gtfs_filename_state
California__Santa_Clara_Valley_Transportation_Authority_(VTA)__mdb_mdb-57,mdb-57,Santa Clara Valley Transportation Authority (VTA),VTA,Santa Clara Valley Transportation Authority (VTA),CA,auto_accept,90013,"Santa Clara Valley Transportation Authority, dba: Valley Transportation Authority",CA,100.0,90.5,9.5,provider_gtfs_filename_state
California__Santa_Clarita_Transit__mdb_mdb-812,mdb-812,Santa Clarita Transit,Santa Clarita Transit,Santa Clarita Transit,CA,auto_accept,90171,"City of Santa Clarita, dba: Santa Clarita Transit",CA,100.0,90.5,9.5,provider_gtfs_filename_state
California__Santa_Cruz_Metro_(SCMTD)__mdb_mdb-2425,mdb-2425,Santa Cruz Metro (SCMTD),Santa Cruz METRO,Santa Cruz Metro (SCMTD),CA,auto_accept,90006,Santa Cruz Metropolitan Transit District,CA,100.0,90.5,9.5,provider_gtfs_filename_state
California__Santa_Rosa_CityBus__mdb_mdb-2948,mdb-2948,Santa Rosa CityBus,SANTAROSA,Santa Rosa CityBus,CA,auto_accept,90017,"City of Santa Rosa, dba: Santa Rosa CityBus",CA,100.0,90.5,9.5,provider_gtfs_filename_state
California__Simi_Valley_Transit__mdb_mdb-40,mdb-40,Simi Valley Transit,Simi Valley Transit,Simi Valley Transit,CA,auto_accept,90050,"City of Simi Valley, dba: Simi Valley Transit",CA,100.0,90.5,9.5,provider_gtfs_filename_state
California__Siskiyou_County__mdb_mdb-117,mdb-117,Siskiyou County,Siskiyou Transit and General Express,Siskiyou County,CA,auto_accept,91048,"County of Siskiyou, dba: Siskiyou County Transit",CA,100.0,90.5,9.5,provider_gtfs_filename_state
California__SolTrans__mdb_mdb-80,mdb-80,SolTrans,SolTrans,SolTrans,CA,auto_accept,90232,"Solano County Transit, dba: SolTrans",CA,100.0,74.23,25.77,provider_gtfs_filename_state
California__Sonoma_County_Transit_(SCT)__mdb_mdb-70,mdb-70,Sonoma County Transit (SCT),Sonoma County Transit,Sonoma County Transit (SCT),CA,auto_accept,90089,"County of Sonoma, dba: Sonoma County Transit",CA,100.0,90.5,9.5,provider_gtfs_filename_state
California__Sonoma_Marin_Area_Rail_Transit_(SMART)__mdb_mdb-3222,mdb-3222,Sonoma Marin Area Rail Transit (SMART),Sonoma-Marin Area Rail Transit,Sonoma Marin Area Rail Transit (SMART),CA,auto_accept,90299,Sonoma-Marin Area Rail Transit District,CA,100.0,90.5,9.5,provider_gtfs_filename_state
California__Spirit_Bus__mdb_mdb-2202,mdb-2202,Spirit Bus,City of Monterey Park,Spirit Bus,CA,auto_accept,90286,"City of Monterey Park, dba: Spirit Bus",CA,100.0,90.5,9.5,provider_gtfs_filename_state
California__Stanislaus_Regional_Transit_(StaRT)__mdb_mdb-2273,mdb-2273,Stanislaus Regional Transit (StaRT),The S,Stanislaus Regional Transit (StaRT),CA,auto_accept,90306,Stanislaus Regional Transit Authority,CA,100.0,90.5,9.5,provider_gtfs_filename_state
California__SunLine_Transit_Agency__mdb_tld-461,tld-461,SunLine Transit Agency,SUNLINE,SunLine Transit Agency,CA,auto_accept,90079,"SunLine Transit Agency, dba: SunLine",CA,100.0,90.5,9.5,provider_gtfs_filename_state
California__Taft_Area_Transit__mdb_mdb-2236,mdb-2236,Taft Area Transit,Taft - Maricopa Area Transit,Taft Area Transit,CA,auto_accept,91066,"City of Taft, dba: Taft Area Transit",CA,100.0,90.5,9.5,provider_gtfs_filename_state
California__Thousand_Oaks_Transit__mdb_mdb-3100,mdb-3100,Thousand Oaks Transit,Thousand Oaks Transit,Thousand Oaks Transit,CA,auto_accept,90165,"City of Thousand Oaks, dba: Thousand Oaks Transit",CA,100.0,90.5,9.5,provider_gtfs_filename_state
California__Tri_Delta_Transit__mdb_mdb-1974,mdb-1974,Tri Delta Transit,Tri Delta Transit,Tri Delta Transit,CA,auto_accept,90162,"The Eastern Contra Costa Transit Authority, dba: Tri Delta Transit",CA,100.0,90.5,9.5,provider_gtfs_filename_state
California__Tri_Delta_Transit__mdb_ntd-90162,ntd-90162,Tri Delta Transit,,Tri Delta Transit,CA,auto_accept,90162,"The Eastern Contra Costa Transit Authority, dba: Tri Delta Transit",CA,100.0,90.5,9.5,provider_gtfs_filename_state
California__Trinity_Transit__mdb_mdb-2709,mdb-2709,Trinity Transit,Trinity Transit,Trinity Transit,CA,auto_accept,91035,"Trinity County, dba: Trinity Transit",CA,100.0,90.5,9.5,provider_gtfs_filename_state
California__Turlock_Transit__mdb_mdb-619,mdb-619,Turlock Transit,Turlock Transit,Turlock Transit,CA,auto_accept,90201,"City of Turlock, dba: Turlock Transit",CA,100.0,90.5,9.5,provider_gtfs_filename_state
California__Unitrans__mdb_mdb-82,mdb-82,Unitrans,Unitrans,Unitrans,CA,auto_accept,90142,"University of California, Davis, dba: Unitrans",CA,100.0,84.8,15.2,provider_gtfs_filename_state
California__Visalia_Transit__mdb_ntd-90091,ntd-90091,Visalia Transit,,Visalia Transit,CA,auto_accept,90091,"City of Visalia, dba: Visalia Transit",CA,100.0,90.5,9.5,provider_gtfs_filename_state
California__WestCAT__mdb_mdb-78,mdb-78,WestCAT,WestCat (Western Contra Costa),WestCAT,CA,auto_accept,90159,"Western Contra Costa Transit Authority, dba: WestCAT",CA,100.0,90.5,9.5,provider_gtfs_filename_state
California__Yosemite_Area_Regional_Transportation_System_(YARTS)__mdb_mdb-2394,mdb-2394,Yosemite Area Regional Transportation System (YARTS),Yosemite Area Regional Transportation System,Yosemite Area Regional Transportation System (YARTS),CA,auto_accept,91070,Yosemite Area Regional Transportation System,CA,100.0,90.5,9.5,provider_gtfs_filename_state
California__Yuba-Sutter_Transit__mdb_mdb-79,mdb-79,Yuba-Sutter Transit,Yuba-Sutter Transit,Yuba-Sutter Transit,CA,auto_accept,90061,Yuba-Sutter Transit Authority,CA,100.0,90.5,9.5,provider_gtfs_filename_state
California__eTrans__mdb_mdb-65,mdb-65,eTrans,eTrans,eTrans,CA,auto_accept,91078,"City of Escalon, dba: eTrans",CA,100.0,86.82,13.18,provider_gtfs_filename_state
Colorado__All_Points_Transit__mdb_mdb-2039,mdb-2039,All Points Transit,All Points Transit,All Points Transit,CO,auto_accept,88215,"Montrose County Senior Citizens Transportation, Inc., dba: All Points Transit",CO,100.0,90.5,9.5,provider_gtfs_filename_state
Colorado__All_Points_Transit__mdb_mdb-212,mdb-212,All Points Transit,All Points Transit,All Points Transit,CO,auto_accept,88215,"Montrose County Senior Citizens Transportation, Inc., dba: All Points Transit",CO,100.0,90.5,9.5,provider_gtfs_filename_state
Colorado__Avon_Transit__mdb_mdb-2433,mdb-2433,Avon Transit,Avon Transit,Avon Transit,CO,auto_accept,88228,"Town of Avon, dba: Avon Transit",CO,100.0,90.5,9.5,provider_gtfs_filename_state
Colorado__City_of_Loveland__mdb_mdb-2161,mdb-2161,City of Loveland,,City of Loveland,CO,auto_accept,80025,"City of Loveland, Colorado, dba: City of Loveland Transit",CO,100.0,90.5,9.5,provider_gtfs_filename_state
Colorado__Colorado_Mountain_Express__mdb_mdb-172,mdb-172,Colorado Mountain Express,Epic Mountain Express,Colorado Mountain Express,CO,auto_accept,80159,Mountain Express,CO,100.0,91.49,8.51,provider_gtfs_filename_state
Colorado__Dolores_County__mdb_mdb-1141,mdb-1141,Dolores County,,Dolores County,CO,auto_accept,80168,"Dolores County, dba: Senior and Public Transportation",CO,100.0,90.5,9.5,provider_gtfs_filename_state
Colorado__Durango_Transit__mdb_mdb-2290,mdb-2290,Durango Transit,,Durango Transit,CO,auto_accept,80206,"City of Durango, dba: Durango Transit",CO,100.0,90.5,9.5,provider_gtfs_filename_state
Colorado__Durango_Transit__mdb_mdb-456,mdb-456,Durango Transit,Durango Transit,Durango Transit,CO,auto_accept,80206,"City of Durango, dba: Durango Transit",CO,100.0,90.5,9.5,provider_gtfs_filename_state
Colorado__ECO_Transit__mdb_mdb-2045,mdb-2045,ECO Transit,,ECO Transit,CO,auto_accept,80155,"Eagle County, dba: ECO Transit",CO,100.0,90.71,9.29,provider_gtfs_filename_state
Colorado__Envida__mdb_mdb-2044,mdb-2044,Envida,Envida,Envida,CO,auto_accept,88288,"Disability Services, Inc., dba: Envida",CO,100.0,65.0,35.0,provider_gtfs_filename_state
Colorado__Envida__mdb_mdb-455,mdb-455,Envida,Envida,Envida,CO,auto_accept,88288,"Disability Services, Inc., dba: Envida",CO,100.0,65.0,35.0,provider_gtfs_filename_state
Colorado__Grand_Valley_Transit__mdb_mdb-2288,mdb-2288,Grand Valley Transit,,Grand Valley Transit,CO,auto_accept,80016,"County of Mesa, dba: Grand Valley Transit",CO,100.0,90.5,9.5,provider_gtfs_filename_state
Colorado__Gunnison_Valley_RTA__mdb_mdb-2048,mdb-2048,Gunnison Valley RTA,,Gunnison Valley RTA,CO,auto_accept,80150,"Gunnison Valley Rural Transportation Authority, dba: Gunnison Valley RTA",CO,100.0,90.5,9.5,provider_gtfs_filename_state
Colorado__Gunnison_Valley_Transportation_Authority_(RTA)__mdb_mdb-163,mdb-163,Gunnison Valley Transportation Authority (RTA),Gunnison Valley RTA,Gunnison Valley Transportation Authority (RTA),CO,auto_accept,80150,"Gunnison Valley Rural Transportation Authority, dba: Gunnison Valley RTA",CO,100.0,90.5,9.5,provider_gtfs_filename_state
Colorado__La_Junta_Transit__mdb_mdb-2170,mdb-2170,La Junta Transit,,La Junta Transit,CO,auto_accept,80225,"City of La Junta, dba: La Junta Transit",CO,100.0,90.5,9.5,provider_gtfs_filename_state
Colorado__Lake_County_Senior_Center_Transportation_Program__mdb_mdb-2291,mdb-2291,Lake County Senior Center Transportation Program,Lake County Senior Center Transportation Program,Lake County Senior Center Transportation Program,CO,auto_accept,88213,"Lake County, dba: Lake County Senior Center Transportation Program",CO,100.0,90.5,9.5,provider_gtfs_filename_state
Colorado__Lakewood_Rides__mdb_mdb-2171,mdb-2171,Lakewood Rides,,Lakewood Rides,CO,auto_accept,88280,"City of Lakewood, dba: Lakewood Rides",CO,100.0,73.5,26.5,provider_gtfs_filename_state
Colorado__Mountain_Family_Center__mdb_mdb-2173,mdb-2173,Mountain Family Center,,Mountain Family Center,CO,auto_accept,88286,"Mountain Family Center, dba: Grand Seniors Transportation Program",CO,100.0,90.5,9.5,provider_gtfs_filename_state
Colorado__Mountain_Metro_Transit__mdb_mdb-2292,mdb-2292,Mountain Metro Transit,,Mountain Metro Transit,CO,auto_accept,80005,"City of Colorado Springs, dba: Mountain Metropolitan Transit",CO,100.0,90.5,9.5,provider_gtfs_filename_state
Colorado__Omnibus__mdb_mdb-2175,mdb-2175,Omnibus,,Omnibus,CO,auto_accept,88282,"City of Littleton, dba: Omnibus",CO,100.0,65.14,34.86,provider_gtfs_filename_state
Colorado__Prowers_Area_Transit__mdb_mdb-2049,mdb-2049,Prowers Area Transit,,Prowers Area Transit,CO,auto_accept,80115,"Prowers County, dba: Prowers Area Transit",CO,100.0,90.5,9.5,provider_gtfs_filename_state
Colorado__Pueblo_Transit__mdb_mdb-1232,mdb-1232,Pueblo Transit,Pueblo Transit,Pueblo Transit,CO,auto_accept,80007,"City of Pueblo, dba: Pueblo Transit",CO,100.0,90.5,9.5,provider_gtfs_filename_state
Colorado__Pueblo_Transit__mdb_mdb-2232,mdb-2232,Pueblo Transit,Pueblo Transit,Pueblo Transit,CO,auto_accept,80007,"City of Pueblo, dba: Pueblo Transit",CO,100.0,90.5,9.5,provider_gtfs_filename_state
Colorado__Regional_Transportation_District_(RTD)__mdb_mdb-178,mdb-178,Regional Transportation District (RTD),Regional Transportation District,Regional Transportation District (RTD),CO,auto_accept,80006,"Denver Regional Transportation District, dba: RTD-Denver",CO,100.0,90.5,9.5,provider_gtfs_filename_state
Colorado__Regional_Transportation_District__mdb_mdb-2054,mdb-2054,Regional Transportation District,Regional Transportation District,Regional Transportation District,CO,auto_accept,80006,"Denver Regional Transportation District, dba: RTD-Denver",CO,100.0,90.5,9.5,provider_gtfs_filename_state
Colorado__RoadrunnerTransit__mdb_mdb-805,mdb-805,RoadrunnerTransit,Road Runner Transit,RoadrunnerTransit,CO,auto_accept,80189,"Southern Colorado Community Action Agency, Inc., dba: Road Runner Transit / Ignacio Senior Center",CO,100.0,90.5,9.5,provider_gtfs_filename_state
Colorado__Roaring_Fork_Transportation_Authority_(RFTA)__mdb_mdb-2179,mdb-2179,Roaring Fork Transportation Authority (RFTA),,Roaring Fork Transportation Authority (RFTA),CO,auto_accept,80289,Roaring Fork Transportation Authority,CO,100.0,90.5,9.5,provider_gtfs_filename_state
Colorado__Roaring_Fork_Transportation_Authority__mdb_mdb-2278,mdb-2278,Roaring Fork Transportation Authority,RFTA,Roaring Fork Transportation Authority,CO,auto_accept,80289,Roaring Fork Transportation Authority,CO,100.0,90.5,9.5,provider_gtfs_filename_state
Colorado__Routt_County_Council_on_Aging_(RCCOCA)_Transportation__mdb_mdb-2178,mdb-2178,Routt County Council on Aging (RCCOCA) Transportation,RCCOA Transportation,Routt County Council on Aging (RCCOCA) Transportation,CO,auto_accept,88292,Routt County Council on Aging,CO,100.0,90.5,9.5,provider_gtfs_filename_state
Colorado__Senior_Resource_Development_Agency__mdb_mdb-2185,mdb-2185,Senior Resource Development Agency,,Senior Resource Development Agency,CO,auto_accept,80267,"Senior Resource Development Agency, Pueblo, Inc.",CO,100.0,90.5,9.5,provider_gtfs_filename_state
Colorado__Snowmass_Village_Transportation__mdb_mdb-164,mdb-164,Snowmass Village Transportation,Snowmass,Snowmass Village Transportation,CO,auto_accept,80263,"Town of Snowmass Village, dba: Village Shuttle",CO,100.0,90.5,9.5,provider_gtfs_filename_state
"Colorado__Steamboat_Springs_Transit,_Yellow_Zone__mdb_tld-5757",tld-5757,"Steamboat Springs Transit, Yellow Zone",Steamboat Springs Transit | Yellow Zone,"Steamboat Springs Transit, Yellow Zone",CO,auto_accept,80186,"City of Steamboat Springs, dba: Steamboat Springs Transit",CO,100.0,90.5,9.5,provider_gtfs_filename_state
Colorado__Steamboat_Springs_Transit__mdb_mdb-2051,mdb-2051,Steamboat Springs Transit,Steamboat Springs Transit | Yellow Zone,Steamboat Springs Transit,CO,auto_accept,80186,"City of Steamboat Springs, dba: Steamboat Springs Transit",CO,100.0,90.5,9.5,provider_gtfs_filename_state
Colorado__Summit_Stage__mdb_mdb-820,mdb-820,Summit Stage,Summit Stage,Summit Stage,CO,auto_accept,80161,"Summit County, dba: Summit Stage",CO,100.0,73.5,26.5,provider_gtfs_filename_state
Colorado__Teller_Senior_Coalition_Transit_(TSC_Transit)__mdb_mdb-827,mdb-827,Teller Senior Coalition Transit (TSC Transit),TSC Transit,Teller Senior Coalition Transit (TSC Transit),CO,auto_accept,88230,"Teller Senior Coalition, dba: TSC Transit",CO,100.0,90.71,9.29,provider_gtfs_filename_state
Colorado__Town_of_Estes_Park__mdb_mdb-177,mdb-177,Town of Estes Park,Estes Transit,Town of Estes Park,CO,auto_accept,88281,"Town of Estes Park, dba: The Peak",CO,100.0,90.5,9.5,provider_gtfs_filename_state
Colorado__Transfort__mdb_mdb-2293,mdb-2293,Transfort,,Transfort,CO,auto_accept,80011,"City of Fort Collins, dba: Transfort",CO,100.0,85.0,15.0,provider_gtfs_filename_state
Colorado__Vail_Transit__mdb_mdb-174,mdb-174,Vail Transit,Vail Transit,Vail Transit,CO,auto_accept,88298,"Town of Vail, dba: Vail Transit",CO,100.0,90.5,9.5,provider_gtfs_filename_state
Colorado__Via_Mobility__mdb_mdb-2395,mdb-2395,Via Mobility,Via Mobility Services,Via Mobility,CO,auto_accept,80285,"Via Mobility Services, dba: Via",CO,100.0,90.5,9.5,provider_gtfs_filename_state
Colorado__Winter_Park_Transit__mdb_mdb-175,mdb-175,Winter Park Transit,The Lift,Winter Park Transit,CO,auto_accept,88225,"Town of Winter Park, dba: The Lift",CO,100.0,90.5,9.5,provider_gtfs_filename_state
Connecticut__Connecticut_Transit__mdb_mdb-2840,mdb-2840,Connecticut Transit,CONN DOT,Connecticut Transit,CT,auto_accept,10156,Northeastern Connecticut Transit District,CT,100.0,90.5,9.5,provider_gtfs_filename_state
Connecticut__Greater_Bridgeport_Transit__mdb_mdb-530,mdb-530,Greater Bridgeport Transit,Greater Bridgeport Transit,Greater Bridgeport Transit,CT,auto_accept,10050,Greater Bridgeport Transit Authority,CT,100.0,90.5,9.5,provider_gtfs_filename_state
Connecticut__Housatonic_Area_Regional_Transit__mdb_tld-4385,tld-4385,Housatonic Area Regional Transit,HARTransit,Housatonic Area Regional Transit,CT,auto_accept,10051,"Housatonic Area Regional Transit, dba: HARTransit",CT,100.0,90.5,9.5,provider_gtfs_filename_state
Connecticut__Mashantucket_Pequot_Tribal_Nation__mdb_ntd-11152,ntd-11152,Mashantucket Pequot Tribal Nation,,Mashantucket Pequot Tribal Nation,CT,auto_accept,11152,Mashantucket Pequot Tribal Nation,CT,100.0,73.5,26.5,provider_gtfs_filename_state
Connecticut__Milford_Transit_District__mdb_ntd-10107,ntd-10107,Milford Transit District,,Milford Transit District,CT,auto_accept,10107,Milford Transit District,CT,100.0,90.5,9.5,provider_gtfs_filename_state
Connecticut__Norwalk_Transit_System_(NTS)__mdb_mdb-2242,mdb-2242,Norwalk Transit System (NTS),Norwalk Transit District,Norwalk Transit System (NTS),CT,auto_accept,10057,Norwalk Transit District,CT,100.0,90.5,9.5,provider_gtfs_filename_state
Connecticut__Pioneer_Valley_Transit_Authority_(PVTA)__mdb_mdb-2416,mdb-2416,Pioneer Valley Transit Authority (PVTA),Pioneer Valley Transit Authority | Link413,Pioneer Valley Transit Authority (PVTA),CT,auto_accept,10042,Valley Transit District,CT,100.0,90.5,9.5,provider_gtfs_filename_state
Connecticut__Southeast_Area_Transit_District__mdb_mdb-2240,mdb-2240,Southeast Area Transit District,Southeast Area Transit District,Southeast Area Transit District,CT,auto_accept,10040,Southeast Area Transit District,CT,100.0,90.5,9.5,provider_gtfs_filename_state
District_of_Columbia__Washington_Metropolitan_Area_Transit_Authority_(WMATA)__mdb_mdb-1846,mdb-1846,Washington Metropolitan Area Transit Authority (WMATA),WMATA,Washington Metropolitan Area Transit Authority (WMATA),DC,auto_accept,30030,"Washington Metropolitan Area Transit Authority, dba: Washington Metro",DC,100.0,90.5,9.5,provider_gtfs_filename_state
District_of_Columbia__Washington_Metropolitan_Area_Transit_Authority_(WMATA)__mdb_mdb-1847,mdb-1847,Washington Metropolitan Area Transit Authority (WMATA),WMATA,Washington Metropolitan Area Transit Authority (WMATA),DC,auto_accept,30030,"Washington Metropolitan Area Transit Authority, dba: Washington Metro",DC,100.0,90.5,9.5,provider_gtfs_filename_state
Florida__Broward_County_Transit__mdb_mdb-330,mdb-330,Broward County Transit,Broward County Transit,Broward County Transit,FL,auto_accept,40029,"Broward County Board of County Commissioners, dba: Broward County Transit Division",FL,100.0,90.5,9.5,provider_gtfs_filename_state
Florida__Central_Florida_Regional_Transit_Authority_(LYNX)__mdb_mdb-347,mdb-347,Central Florida Regional Transit Authority (LYNX),Central Florida Regional Transit Authority,Central Florida Regional Transit Authority (LYNX),FL,auto_accept,40035,Central Florida Regional Transportation Authority,FL,100.0,90.5,9.5,provider_gtfs_filename_state
Florida__Hillsborough_Area_Regional_Transit_(HART)__mdb_mdb-325,mdb-325,Hillsborough Area Regional Transit (HART),Hillsborough Area Regional Transit | Tampa International Airport,Hillsborough Area Regional Transit (HART),FL,auto_accept,40041,Hillsborough Area Regional Transit Authority,FL,100.0,90.5,9.5,provider_gtfs_filename_state
Florida__Jacksonville_Transportation_Authority__mdb_tld-764,tld-764,Jacksonville Transportation Authority,Jacksonville Transportation Authority,Jacksonville Transportation Authority,FL,auto_accept,40040,Jacksonville Transportation Authority,FL,100.0,90.5,9.5,provider_gtfs_filename_state
Florida__Lake_County_Connection__mdb_mdb-2255,mdb-2255,Lake County Connection,LakeXpress,Lake County Connection,FL,auto_accept,40158,"Lake County Board of County Commissioners, dba: LakeXpress",FL,100.0,90.5,9.5,provider_gtfs_filename_state
Florida__Lakeland_Area_Mass_Transit_District__mdb_tld-5899,tld-5899,Lakeland Area Mass Transit District,Citrus Connection,Lakeland Area Mass Transit District,FL,auto_accept,40031,"Lakeland Area Mass Transit District, dba: Citrus Connection",FL,100.0,90.5,9.5,provider_gtfs_filename_state
Florida__LeeTran__mdb_mdb-324,mdb-324,LeeTran,LeeTran,LeeTran,FL,auto_accept,40028,"Lee County, dba: LeeTran",FL,100.0,82.14,17.86,provider_gtfs_filename_state
Florida__Manatee_County_Area_Transit__mdb_mdb-2258,mdb-2258,Manatee County Area Transit,Manatee County Area Transit,Manatee County Area Transit,FL,auto_accept,40026,"Manatee County Board of County Commissioners, dba: Manatee County Area Transit",FL,100.0,90.5,9.5,provider_gtfs_filename_state
Florida__Martin_County_Public_Transit__mdb_tld-4506,tld-4506,Martin County Public Transit,Martin County,Martin County Public Transit,FL,auto_accept,40192,Martin County,FL,100.0,90.5,9.5,provider_gtfs_filename_state
Florida__Palm_Tran__mdb_mdb-332,mdb-332,Palm Tran,Palm Tran,Palm Tran,FL,auto_accept,40037,"Board of County Commissioners, Palm Beach County, dba: Palm Tran, Inc.",FL,100.0,73.5,26.5,provider_gtfs_filename_state
Florida__Sarasota_County_Area_Transit_(SCAT)__mdb_mdb-348,mdb-348,Sarasota County Area Transit (SCAT),Space Coast Area Transit,Sarasota County Area Transit (SCAT),FL,auto_accept,40063,"Brevard Board of County Commissioners, dba: Space Coast Area Transit",FL,100.0,91.79,8.21,provider_gtfs_filename_state
Florida__South_Florida_Regional_Transportation_Authority_(Tri-Rail)__mdb_mdb-333,mdb-333,South Florida Regional Transportation Authority (Tri-Rail),Tri-Rail,South Florida Regional Transportation Authority (Tri-Rail),FL,auto_accept,40077,"South Florida Regional Transportation Authority, dba: Tri-Rail",FL,100.0,90.5,9.5,provider_gtfs_filename_state
Florida__South_Florida_Regional_Transportation_Authority__mdb_tld-492,tld-492,South Florida Regional Transportation Authority,Tri-Rail,South Florida Regional Transportation Authority,FL,auto_accept,40077,"South Florida Regional Transportation Authority, dba: Tri-Rail",FL,100.0,93.0,7.0,provider_gtfs_filename_state
Florida__Space_Coast_Area_Transit__mdb_ntd-40063,ntd-40063,Space Coast Area Transit,,Space Coast Area Transit,FL,auto_accept,40063,"Brevard Board of County Commissioners, dba: Space Coast Area Transit",FL,100.0,90.5,9.5,provider_gtfs_filename_state
Georgia__Athens_Clarke_County_Transit__mdb_tld-4777,tld-4777,Athens Clarke County Transit,Athens Clarke County Transit,Athens Clarke County Transit,GA,auto_accept,40047,"Athens-Clarke County Unified Government, dba: Athens-Clarke County Transit Department",GA,100.0,90.5,9.5,provider_gtfs_filename_state
"Georgia__City_of_Hinesville,_Georgia__mdb_ntd-40193",ntd-40193,"City of Hinesville, Georgia",,"City of Hinesville, Georgia",GA,auto_accept,40193,"City of Hinesville, Georgia, dba: Liberty Transit",GA,100.0,90.5,9.5,provider_gtfs_filename_state
Georgia__CobbLinc__mdb_mdb-3193,mdb-3193,CobbLinc,CobbLinc,CobbLinc,GA,auto_accept,40078,"Cobb County, dba: CobbLinc",GA,100.0,65.0,35.0,provider_gtfs_filename_state
Georgia__Connect_Douglas__mdb_tld-5551,tld-5551,Connect Douglas,Connect Douglas,Connect Douglas,GA,auto_accept,40082,"County of Douglas, dba: Connect Douglas",GA,100.0,90.5,9.5,provider_gtfs_filename_state
Georgia__Gwinnett_County_Transit__mdb_mdb-2241,mdb-2241,Gwinnett County Transit,Ride Gwinnett,Gwinnett County Transit,GA,auto_accept,40138,"Gwinnett County Board of Commissioners, dba: Ride Gwinnett",GA,100.0,90.5,9.5,provider_gtfs_filename_state
Georgia__University_of_Georgia__mdb_tld-2276,tld-2276,University of Georgia,University of Georgia (UGA),University of Georgia,GA,auto_accept,40180,"University of Georgia, dba: Transportation and Parking Services",GA,100.0,90.5,9.5,provider_gtfs_filename_state
Hawaii__Maui_County_Transit__mdb_ntd-90241,ntd-90241,Maui County Transit,,Maui County Transit,HI,auto_accept,90241,County of Maui,HI,93.0,80.31,12.69,provider_gtfs_filename_state
Hawaii__TheBus__mdb_mdb-2350,mdb-2350,TheBus,TheBus | Skyline,TheBus,HI,auto_accept,90002,City and County of Honolulu,HI,100.0,90.5,9.5,provider_gtfs_filename_state
Idaho__Citylink_North_(Kootenai_County)__mdb_tld-4791,tld-4791,Citylink North (Kootenai County),Citylink North (Kootenai County),Citylink North (Kootenai County),ID,auto_accept,00055,"Kootenai County, dba: Citylink North",ID,100.0,90.5,9.5,provider_gtfs_filename_state
Idaho__Citylink_South_(Kootenai_County)__mdb_tld-4792,tld-4792,Citylink South (Kootenai County),Citylink South (Kootenai County),Citylink South (Kootenai County),ID,auto_accept,00055,"Kootenai County, dba: Citylink North",ID,98.33,90.5,7.83,provider_gtfs_filename_state
Idaho__Lewiston_Transit_System_and_Asotin_County_Public_Transportation_Benefit_Area_(PTBA)__mdb_mdb-2298,mdb-2298,Lewiston Transit System and Asotin County Public Transportation Benefit Area (PTBA),Lewiston Transit System | Asotin County PTBA,Lewiston Transit System and Asotin County Public Transportation Benefit Area (PTBA),ID,auto_accept,00048,"City of Lewiston, dba: Lewiston Transit System",ID,100.0,90.5,9.5,provider_gtfs_filename_state
Idaho__Mountain_Rides_Transportation_Authority_(MRTA)__mdb_mdb-2282,mdb-2282,Mountain Rides Transportation Authority (MRTA),Mountain Rides Transportation Authority,Mountain Rides Transportation Authority (MRTA),ID,auto_accept,00311,Mountain Rides Transportation Authority,ID,100.0,90.5,9.5,provider_gtfs_filename_state
Idaho__Pocatello_Regional_Transit__mdb_mdb-171,mdb-171,Pocatello Regional Transit,Pocatello Regional Transit,Pocatello Regional Transit,ID,auto_accept,00022,"City of Pocatello, dba: Pocatello Regional Transit",ID,100.0,90.5,9.5,provider_gtfs_filename_state
Idaho__Valley_Regional_Transit__mdb_mdb-142,mdb-142,Valley Regional Transit,Valley Regional Transit,Valley Regional Transit,ID,auto_accept,00011,Valley Regional Transit,ID,100.0,90.5,9.5,provider_gtfs_filename_state
Illinois__Champaign-Urbana_Mass_Transit_District__mdb_ntd-50060,ntd-50060,Champaign-Urbana Mass Transit District,,Champaign-Urbana Mass Transit District,IL,auto_accept,50060,Champaign-Urbana Mass Transit District,IL,100.0,90.5,9.5,provider_gtfs_filename_state
Illinois__Chicago_Transit_Authority_(CTA)__mdb_mdb-389,mdb-389,Chicago Transit Authority (CTA),Chicago Transit Authority,Chicago Transit Authority (CTA),IL,auto_accept,50066,Chicago Transit Authority,IL,100.0,90.5,9.5,provider_gtfs_filename_state
Illinois__Chicago_Water_Taxi__mdb_mdb-306,mdb-306,Chicago Water Taxi,Chicago Water Taxi,Chicago Water Taxi,IL,auto_accept,50521,Chicago Water Taxi (Wendella),IL,100.0,90.5,9.5,provider_gtfs_filename_state
Illinois__City_of_Galesburg__mdb_ntd-50502,ntd-50502,City of Galesburg,,City of Galesburg,IL,auto_accept,50502,"City of Galesburg, dba: City of Galesburg Public Transportation",IL,100.0,90.5,9.5,provider_gtfs_filename_state
Illinois__Connect_Transit__mdb_mdb-2267,mdb-2267,Connect Transit,Connect Transit,Connect Transit,IL,auto_accept,50047,"Bloomington-Normal Public Transit System, dba: Connect Transit",IL,100.0,90.5,9.5,provider_gtfs_filename_state
Illinois__DeKalb_Public_Transit__mdb_mdb-308,mdb-308,DeKalb Public Transit,DeKalb Public Transit,DeKalb Public Transit,IL,auto_accept,50176,"City of DeKalb, dba: City of DeKalb Public Transit",IL,100.0,90.5,9.5,provider_gtfs_filename_state
Illinois__Decatur_Public_Transit_System__mdb_tld-7036,tld-7036,Decatur Public Transit System,Decatur Public Transit System,Decatur Public Transit System,IL,auto_accept,50061,"City of Decatur, Il, dba: Decatur Public Transit System",IL,100.0,90.5,9.5,provider_gtfs_filename_state
Illinois__Greater_Peoria_Mass_Transit_(CityLink)__mdb_mdb-2208,mdb-2208,Greater Peoria Mass Transit (CityLink),CityLink,Greater Peoria Mass Transit (CityLink),IL,auto_accept,50056,"Greater Peoria Mass Transit District, dba: CityLink",IL,100.0,90.5,9.5,provider_gtfs_filename_state
Illinois__Shawnee_Mass_Transit_District__mdb_mdb-2332,mdb-2332,Shawnee Mass Transit District,,Shawnee Mass Transit District,IL,auto_accept,50315,"Shawnee Mass Transit District, dba: Shawnee Mass Transit",IL,100.0,90.5,9.5,provider_gtfs_filename_state
Indiana__Bloomington_Transit__mdb_mdb-2066,mdb-2066,Bloomington Transit,Bloomington Transit,Bloomington Transit,IN,auto_accept,50110,"Bloomington Public Transportation Corporation, dba: Bloomington Transit",IN,100.0,90.5,9.5,provider_gtfs_filename_state
Indiana__Citilink__mdb_mdb-2266,mdb-2266,Citilink,Citilink,Citilink,IN,auto_accept,50044,"Fort Wayne Public Transportation Corporation, dba: Citilink",IN,100.0,66.75,33.25,provider_gtfs_filename_state
Indiana__CityBus_of_Greater_Lafayette_Indiana_(CityBus)__mdb_mdb-391,mdb-391,CityBus of Greater Lafayette Indiana (CityBus),CityBus Root,CityBus of Greater Lafayette Indiana (CityBus),IN,auto_accept,50051,"Greater Lafayette Public Transportation Corporation, dba: CityBus",IN,100.0,90.5,9.5,provider_gtfs_filename_state
Indiana__City_of_Kokomo__mdb_ntd-50145,ntd-50145,City of Kokomo,,City of Kokomo,IN,auto_accept,50145,City of Kokomo,IN,100.0,90.5,9.5,provider_gtfs_filename_state
Indiana__Gary_Public_Transportation_Corporation__mdb_tld-4129,tld-4129,Gary Public Transportation Corporation,Gary Public Transportation Corp,Gary Public Transportation Corporation,IN,auto_accept,50045,Gary Public Transportation Corporation,IN,100.0,90.5,9.5,provider_gtfs_filename_state
Indiana__Interurban_Trolley__mdb_mdb-571,mdb-571,Interurban Trolley,Interurban Trolley (MACOG) | Kosciusko Area Bus Service,Interurban Trolley,IN,auto_accept,50289,"Cardinal Services, dba: Kosciusko Area Bus Service",IN,100.0,90.5,9.5,provider_gtfs_filename_state
Indiana__South_Bend_Public_Transportation_Corporation__mdb_tld-7019,tld-7019,South Bend Public Transportation Corporation,"Transpo (South Bend, IN)",South Bend Public Transportation Corporation,IN,auto_accept,50052,"South Bend Public Transportation Corporation, dba: Transpo",IN,100.0,90.5,9.5,provider_gtfs_filename_state
Indiana__Valparaiso_Transit__mdb_mdb-620,mdb-620,Valparaiso Transit,Valparaiso Transit,Valparaiso Transit,IN,auto_accept,50183,"City of Valparaiso, dba: Valpo Transit",IN,100.0,90.5,9.5,provider_gtfs_filename_state
Iowa__10-15_Transit__mdb_mdb-195,mdb-195,10-15 Transit,10-15 Transit,10-15 Transit,IA,auto_accept,70242,"10-15 Regional Transit Agency, dba: 10-15 Transit",IA,100.0,90.5,9.5,provider_gtfs_filename_state
Iowa__Bettendorf_Transit__mdb_mdb-1826,mdb-1826,Bettendorf Transit,City of Bettendorf,Bettendorf Transit,IA,auto_accept,70007,"City of Bettendorf, dba: Bettendorf Transit System",IA,100.0,90.5,9.5,provider_gtfs_filename_state
Iowa__Burlington_Urban_Service__mdb_mdb-199,mdb-199,Burlington Urban Service,Burlington Urban Service,Burlington Urban Service,IA,auto_accept,70111,"City of Burlington, dba: Burlington Urban Service",IA,100.0,90.5,9.5,provider_gtfs_filename_state
Iowa__Cedar_Rapids_Transit__mdb_mdb-198,mdb-198,Cedar Rapids Transit,Cedar Rapids Transit,Cedar Rapids Transit,IA,auto_accept,70008,"City of Cedar Rapids, dba: Cedar Rapids Transit",IA,100.0,90.5,9.5,provider_gtfs_filename_state
Iowa__Coralville_Transit__mdb_mdb-196,mdb-196,Coralville Transit,Coralville Transit,Coralville Transit,IA,auto_accept,70030,"City of Coralville, dba: Coralville Transit System",IA,100.0,90.5,9.5,provider_gtfs_filename_state
Iowa__CyRide__mdb_mdb-923,mdb-923,CyRide,CyRide,CyRide,IA,auto_accept,70041,"Ames Transit Agency, dba: CyRide",IA,100.0,70.45,29.55,provider_gtfs_filename_state
Iowa__Des_Moines_Area_Regional_Transit_Authority_(DART)__mdb_mdb-193,mdb-193,Des Moines Area Regional Transit Authority (DART),Des Moines Area Regional Transit Authority,Des Moines Area Regional Transit Authority (DART),IA,auto_accept,70010,Des Moines Area Regional Transit Authority,IA,100.0,90.5,9.5,provider_gtfs_filename_state
Iowa__Dodger_Area_Rapid_Transit__mdb_mdb-203,mdb-203,Dodger Area Rapid Transit,Dodger Area Rapid Transit,Dodger Area Rapid Transit,IA,auto_accept,70108,"City of Fort Dodge, dba: Dodger Area Rapid Transit",IA,100.0,90.5,9.5,provider_gtfs_filename_state
Iowa__Marshalltown_Municipal_Transit__mdb_mdb-194,mdb-194,Marshalltown Municipal Transit,Marshalltown Municipal Transit,Marshalltown Municipal Transit,IA,auto_accept,70092,"City of Marshalltown, dba: Marshalltown Municipal Transit",IA,100.0,90.5,9.5,provider_gtfs_filename_state
Iowa__Metropolitan_Transit_Authority_of_Black_Hawk_County__mdb_mdb-2414,mdb-2414,Metropolitan Transit Authority of Black Hawk County,Metropolitan Transit Authority of Black Hawk County,Metropolitan Transit Authority of Black Hawk County,IA,auto_accept,70013,"Metropolitan Transit Authority of Black Hawk County, dba: MET Transit",IA,100.0,90.5,9.5,provider_gtfs_filename_state
Iowa__MuscaBus__mdb_mdb-200,mdb-200,MuscaBus,MuscaBus,MuscaBus,IA,auto_accept,70101,"City of Muscatine, dba: MuscaBus",IA,100.0,60.38,39.62,provider_gtfs_filename_state
Iowa__Sioux_City_Transit_System__mdb_mdb-191,mdb-191,Sioux City Transit System,Sioux City Transit System,Sioux City Transit System,IA,auto_accept,70012,"City of Sioux City, dba: Sioux City Transit System",IA,100.0,91.36,8.64,provider_gtfs_filename_state
Iowa__The_Jule__mdb_mdb-2083,mdb-2083,The Jule,The Jule,The Jule,IA,auto_accept,70011,"City of Dubuque, dba: The Jule",IA,100.0,73.5,26.5,provider_gtfs_filename_state
Iowa__University_of_Iowa_-_CAMBUS_(CAMBUS)__mdb_mdb-197,mdb-197,University of Iowa - CAMBUS (CAMBUS),University of Iowa - CAMBUS,University of Iowa - CAMBUS (CAMBUS),IA,auto_accept,70019,University of Iowa,IA,100.0,90.5,9.5,provider_gtfs_filename_state
Kansas__Developmental_Services_of_NW_Kansas_ACCESS_Transportation__mdb_ntd-70060,ntd-70060,Developmental Services of NW Kansas/ACCESS Transportation,,Developmental Services of NW Kansas ACCESS Transportation,KS,auto_accept,70060,"Developmental Services of Northwest Kansas, Inc., dba: Access Transportation",KS,100.0,90.5,9.5,provider_gtfs_filename_state
Kansas__Flint_Hills_Area_Transportation_Agency__mdb_tld-4273,tld-4273,Flint Hills Area Transportation Agency,Flint Hills ATA,Flint Hills Area Transportation Agency,KS,auto_accept,70053,"Flint Hills Area Transportation Agency, Inc, dba: ATABUS",KS,100.0,90.5,9.5,provider_gtfs_filename_state
Kansas__Johnson_County_Transit__mdb_mdb-2303,mdb-2303,Johnson County Transit,RideKC Johnson County,Johnson County Transit,KS,auto_accept,70035,"Johnson County Kansas, dba: Johnson County Transit",KS,100.0,90.5,9.5,provider_gtfs_filename_state
Kansas__KU_on_Wheels_&_Lawrence_Transit_System__mdb_mdb-2063,mdb-2063,KU on Wheels & Lawrence Transit System,Lawrence Transit,KU on Wheels & Lawrence Transit System,KS,auto_accept,70048,"City of Lawrence, dba: Lawrence Transit",KS,100.0,90.5,9.5,provider_gtfs_filename_state
Kansas__KU_on_Wheels_&_Lawrence_Transit_System__mdb_tld-1039,tld-1039,KU on Wheels & Lawrence Transit System,Lawrence Transit,KU on Wheels & Lawrence Transit System,KS,auto_accept,70048,"City of Lawrence, dba: Lawrence Transit",KS,100.0,90.5,9.5,provider_gtfs_filename_state
Kansas__Reno_County_Area_Transit__mdb_tld-6670,tld-6670,Reno County Area Transit,Reno County Area Transit,Reno County Area Transit,KS,auto_accept,70180,"Reno County, dba: Reno County Area Transit",KS,100.0,90.5,9.5,provider_gtfs_filename_state
Kansas__Topeka_Metro__mdb_tld-1660_1,tld-1660_1,Topeka Metro,Topeka Metro,Topeka Metro,KS,auto_accept,70014,"Topeka Metropolitan Transit Authority, dba: Topeka Metro",KS,100.0,73.5,26.5,provider_gtfs_filename_state
Kentucky__City_of_Bowling_Green__mdb_ntd-40184,ntd-40184,City of Bowling Green,,City of Bowling Green,KY,auto_accept,40184,"City of Bowling Green, dba: GOBG Transit",KY,100.0,90.5,9.5,provider_gtfs_filename_state
Kentucky__City_of_Glasgow__mdb_ntd-41083,ntd-41083,City of Glasgow,,City of Glasgow,KY,auto_accept,41083,"City of Glasgow, dba: Glasgow Transit System",KY,100.0,90.5,9.5,provider_gtfs_filename_state
Kentucky__City_of_Maysville__mdb_ntd-41032,ntd-41032,City of Maysville,,City of Maysville,KY,auto_accept,41032,"City of Maysville, dba: Maysville City Transit",KY,100.0,90.5,9.5,provider_gtfs_filename_state
Kentucky__Lextran__mdb_mdb-2067,mdb-2067,Lextran,Lextran,Lextran,KY,auto_accept,40017,"Lexington Transit Authority, dba: Lextran",KY,100.0,82.14,17.86,provider_gtfs_filename_state
Kentucky__Transit_Authority_of_Northern_Kentucky_(TANK)__mdb_mdb-2068,mdb-2068,Transit Authority of Northern Kentucky (TANK),Transit Authority of Northern Kentucky,Transit Authority of Northern Kentucky (TANK),KY,auto_accept,40019,Transit Authority of Northern Kentucky,KY,100.0,90.5,9.5,provider_gtfs_filename_state
Louisiana__Capital_Area_Transit_System_(CATS)__mdb_mdb-2065,mdb-2065,Capital Area Transit System (CATS),Baton Rouge Area Capital Transit System,Capital Area Transit System (CATS),LA,auto_accept,60022,Capital Area Transit System,LA,100.0,90.5,9.5,provider_gtfs_filename_state
Louisiana__Good_Earth_Transit__mdb_ntd-60080,ntd-60080,Good Earth Transit,,Good Earth Transit,LA,auto_accept,60080,"Terrebonne Parish Consolidated Government, dba: Good Earth Transit",LA,100.0,90.5,9.5,provider_gtfs_filename_state
Louisiana__Lake_Charles_Transit__mdb_ntd-60023,ntd-60023,Lake Charles Transit,,Lake Charles Transit,LA,auto_accept,60023,"City of Lake Charles, dba: City Of Lake Charles Transit",LA,100.0,90.5,9.5,provider_gtfs_filename_state
Louisiana__New_Orleans_Regional_Transit_Authority_(NORTA)__mdb_ntd-60032,ntd-60032,New Orleans Regional Transit Authority (NORTA),,New Orleans Regional Transit Authority (NORTA),LA,auto_accept,60032,New Orleans Regional Transit Authority,LA,100.0,90.5,9.5,provider_gtfs_filename_state
Louisiana__St._Bernard_Parish__mdb_ntd-60058,ntd-60058,St. Bernard Parish,,St. Bernard Parish,LA,auto_accept,60058,"St. Bernard Parish, dba: St. Bernard Urban Rapid Transit",LA,100.0,90.5,9.5,provider_gtfs_filename_state
Louisiana__Tangipahoa_Voluntary_Council_on_Aging__mdb_ntd-60196,ntd-60196,Tangipahoa Voluntary Council on Aging,,Tangipahoa Voluntary Council on Aging,LA,auto_accept,60196,Tangipahoa Voluntary Council on Aging,LA,100.0,88.72,11.28,provider_gtfs_filename_state
Maine__Acadia_National_Park__mdb_tld-6900,tld-6900,Acadia National Park,Downeast Transportation,Acadia National Park,ME,auto_accept,10175,"Downeast Transportation, Inc., dba: Downeast",ME,100.0,90.5,9.5,provider_gtfs_filename_state
Maine__Bangor_Community_Connector__mdb_tld-7824,tld-7824,Bangor Community Connector,City of Bangor,Bangor Community Connector,ME,auto_accept,10096,"City of Bangor, dba: Community Connector",ME,100.0,90.5,9.5,provider_gtfs_filename_state
Maine__Biddeford_Saco_Old_Orchard_Beach_Transit__mdb_tld-4756,tld-4756,Biddeford Saco Old Orchard Beach Transit,Biddeford  Saco  Old Orchard Beach Transit,Biddeford Saco Old Orchard Beach Transit,ME,auto_accept,10114,"Biddeford-Saco-Old Orchard Beach Transit Committee Shuttle Bus, dba: BSOOB Transit",ME,100.0,73.5,26.5,provider_gtfs_filename_state
Maine__Greater_Portland_Metro_Bus__mdb_mdb-2642,mdb-2642,Greater Portland Metro Bus,Greater Portland Metro,Greater Portland Metro Bus,ME,auto_accept,10016,"Greater Portland Transit District, dba: METRO",ME,100.0,90.5,9.5,provider_gtfs_filename_state
Maine__Town_of_Cranberry_Isles_Commuter_Ferry__mdb_tld-7866,tld-7866,Town of Cranberry Isles Commuter Ferry,,Town of Cranberry Isles Commuter Ferry,ME,auto_accept,10153,Town of Cranberry Isles,ME,100.0,90.5,9.5,provider_gtfs_filename_state
Maryland__Annapolis_Transit__mdb_mdb-2285,mdb-2285,Annapolis Transit,Annapolis Transit,Annapolis Transit,MD,auto_accept,30040,"City of Annapolis, dba: Annapolis Transit",MD,100.0,90.5,9.5,provider_gtfs_filename_state
Maryland__Cecil_Transit__mdb_mdb-3178,mdb-3178,Cecil Transit,Cecil Transit,Cecil Transit,MD,auto_accept,30108,"Cecil County Government, dba: Cecil Transit",MD,100.0,90.5,9.5,provider_gtfs_filename_state
Maryland__Frederick_County_TransIT__mdb_mdb-2432,mdb-2432,Frederick County TransIT,Transit Services of Frederick County,Frederick County TransIT,MD,auto_accept,30072,"Frederick County, Maryland, dba: TransIt Services of Frederick",MD,100.0,90.5,9.5,provider_gtfs_filename_state
Maryland__Maryland_Transit_Administration_Metro_Subway__mdb_mdb-470,mdb-470,Maryland Transit Administration Metro Subway,Maryland Transit Administration,Maryland Transit Administration Metro Subway,MD,auto_accept,30034,"Maryland Transit Administration, dba: MTA",MD,100.0,90.5,9.5,provider_gtfs_filename_state
Maryland__Maryland_Transit_Administration__mdb_mdb-466,mdb-466,Maryland Transit Administration,Maryland Transit Administration,Maryland Transit Administration,MD,auto_accept,30034,"Maryland Transit Administration, dba: MTA",MD,100.0,90.5,9.5,provider_gtfs_filename_state
Maryland__Maryland_Transit_Administration__mdb_mdb-469,mdb-469,Maryland Transit Administration,Maryland Transit Administration,Maryland Transit Administration,MD,auto_accept,30034,"Maryland Transit Administration, dba: MTA",MD,100.0,90.5,9.5,provider_gtfs_filename_state
Maryland__Montgomery_County_Department_of_Transportation_(Ride_On)__mdb_mdb-488,mdb-488,Montgomery County Department of Transportation (Ride On),Montgomery County MD Ride On,Montgomery County Department of Transportation (Ride On),MD,auto_accept,30051,"Montgomery County, Maryland, dba: Ride On",MD,100.0,91.15,8.85,provider_gtfs_filename_state
Maryland__Regional_Transportation_Agency_of_Central_Maryland_(RTA)__mdb_mdb-489,mdb-489,Regional Transportation Agency of Central Maryland (RTA),Regional Transportation Agency of Central Maryland,Regional Transportation Agency of Central Maryland (RTA),MD,auto_accept,30205,"Transit Management of Central Maryland, Inc., dba: Regional Transportation Agency of Central Maryland",MD,100.0,90.5,9.5,provider_gtfs_filename_state
Maryland__Saint_Maryʼs_Transit_System__mdb_mdb-2268,mdb-2268,Saint Maryʼs Transit System,St. Mary's Transit System,Saint Maryʼs Transit System,MD,auto_accept,30109,"St. Mary's County Government, dba: St. Mary's Transit System",MD,100.0,90.5,9.5,provider_gtfs_filename_state
Maryland__Washington_County_Transit__mdb_mdb-2286,mdb-2286,Washington County Transit,Washington County Transit,Washington County Transit,MD,auto_accept,30042,"Washington County, dba: Washington County Transit",MD,100.0,90.5,9.5,provider_gtfs_filename_state
Massachusetts__Bay_State_Cruise_Company__mdb_mdb-435,mdb-435,Bay State Cruise Company,Bay State Cruise Company,Bay State Cruise Company,MA,auto_accept,11238,"Bay State LLC, dba: Bay State Cruise Company",MA,100.0,90.5,9.5,provider_gtfs_filename_state
Massachusetts__Berkshire_Regional_Transit_Authority_(BRTA)__mdb_mdb-537,mdb-537,Berkshire Regional Transit Authority (BRTA),Link413 | Berkshire Regional Transit Authority,Berkshire Regional Transit Authority (BRTA),MA,auto_accept,10007,Berkshire Regional Transit Authority,MA,100.0,90.5,9.5,provider_gtfs_filename_state
Massachusetts__Brockton_Area_Transit_Authority_(BAT)__mdb_mdb-422,mdb-422,Brockton Area Transit Authority (BAT),Brockton Area Transit Authority,Brockton Area Transit Authority (BAT),MA,auto_accept,10004,Brockton Area Transit Authority,MA,100.0,90.5,9.5,provider_gtfs_filename_state
Massachusetts__Brockton_Area_Transit_Authority__mdb_ntd-10004,ntd-10004,Brockton Area Transit Authority,,Brockton Area Transit Authority,MA,auto_accept,10004,Brockton Area Transit Authority,MA,100.0,90.5,9.5,provider_gtfs_filename_state
Massachusetts__Cape_Ann_Transportation_Authority_(CATA)__mdb_mdb-447,mdb-447,Cape Ann Transportation Authority (CATA),Cape Ann Transportation Authority,Cape Ann Transportation Authority (CATA),MA,auto_accept,10053,"Cape Ann Transportation Authority, dba: CATA",MA,100.0,90.71,9.29,provider_gtfs_filename_state
Massachusetts__Cape_Cod_Regional_Transportation_Authority_(Cape_Cod_RTA)__mdb_mdb-645,mdb-645,Cape Cod Regional Transportation Authority (Cape Cod RTA),Cape Cod Regional Transit Authority,Cape Cod Regional Transportation Authority (Cape Cod RTA),MA,auto_accept,10105,Cape Cod Regional Transit Authority,MA,100.0,90.5,9.5,provider_gtfs_filename_state
Massachusetts__Franklin_Regional_Transit_Authority_(FRTA)__mdb_mdb-429,mdb-429,Franklin Regional Transit Authority (FRTA),Franklin Regional Transit Authority,Franklin Regional Transit Authority (FRTA),MA,auto_accept,10173,Franklin Regional Transit Authority,MA,100.0,90.5,9.5,provider_gtfs_filename_state
Massachusetts__Hy-Line_Cruises__mdb_mdb-427,mdb-427,Hy-Line Cruises,Hy-Line Cruises,Hy-Line Cruises,MA,auto_accept,11239,"Hyannis Harbor Tours, Inc., dba: Hy-Line Cruises",MA,100.0,73.5,26.5,provider_gtfs_filename_state
Massachusetts__Lowell_Regional_Transit_Authority_(LRTA)__mdb_mdb-444,mdb-444,Lowell Regional Transit Authority (LRTA),Lowell Regional Transit Authority,Lowell Regional Transit Authority (LRTA),MA,auto_accept,10005,"Lowell Regional Transit Authority, dba: LRTA",MA,100.0,90.5,9.5,provider_gtfs_filename_state
Massachusetts__Martha's_Vineyard_Transit_Authority__mdb_mdb-420,mdb-420,Martha's Vineyard Transit Authority,Martha's Vineyard Transit Authority,Martha's Vineyard Transit Authority,MA,auto_accept,10145,Martha's Vineyard Transit Authority,MA,100.0,90.5,9.5,provider_gtfs_filename_state
Massachusetts__Merrimack_Valley_Regional_Transit_Authority_(MVRTA)__mdb_mdb-445,mdb-445,Merrimack Valley Regional Transit Authority (MVRTA),Merrimack Valley Transit,Merrimack Valley Regional Transit Authority (MVRTA),MA,auto_accept,10013,"Merrimack Valley Regional Transit Authority, dba: Merrimack Valley Transit",MA,100.0,90.5,9.5,provider_gtfs_filename_state
Massachusetts__MetroWest_Regional_Transit_Authority_(MWRTA)__mdb_mdb-439,mdb-439,MetroWest Regional Transit Authority (MWRTA),MWRTA,MetroWest Regional Transit Authority (MWRTA),MA,auto_accept,10118,MetroWest Regional Transit Authority,MA,100.0,90.5,9.5,provider_gtfs_filename_state
Massachusetts__Nantucket_Regional_Transit_Authority_(WAVE)__mdb_mdb-426,mdb-426,Nantucket Regional Transit Authority (WAVE),the WAVE - Nantucket Regional Transit Authority,Nantucket Regional Transit Authority (WAVE),MA,auto_accept,10162,Nantucket Regional Transit Authority,MA,100.0,90.5,9.5,provider_gtfs_filename_state
Massachusetts__Plymouth_&_Brockton_Street_Railway_Co__mdb_mdb-556,mdb-556,Plymouth & Brockton Street Railway Co,Plymouth & Brockton Street Railway Co.,Plymouth & Brockton Street Railway Co,MA,auto_accept,10176,Plymouth & Brockton Street Railway Co.,MA,100.0,90.5,9.5,provider_gtfs_filename_state
Massachusetts__Southeastern_Regional_Transit_Authority_(SRTA)__mdb_mdb-421,mdb-421,Southeastern Regional Transit Authority (SRTA),Southeastern Regional Transit Authority,Southeastern Regional Transit Authority (SRTA),MA,auto_accept,10006,Southeastern Regional Transit Authority,MA,100.0,90.5,9.5,provider_gtfs_filename_state
Michigan__Ann_Arbor_Area_Transportation_Authority_(TheRide)__mdb_mdb-415,mdb-415,Ann Arbor Area Transportation Authority (TheRide),AAATA,Ann Arbor Area Transportation Authority (TheRide),MI,auto_accept,50040,Ann Arbor Area Transportation Authority,MI,100.0,90.71,9.29,provider_gtfs_filename_state
Michigan__Bay_Area_Transportation_Authority__mdb_mdb-2254,mdb-2254,Bay Area Transportation Authority,Bay Area Transportation Authority,Bay Area Transportation Authority,MI,auto_accept,50413,Bay Area Transportation Authority,MI,100.0,90.71,9.29,provider_gtfs_filename_state
Michigan__Bay_Metropolitan_Transit_Authority__mdb_ntd-50029,ntd-50029,Bay Metropolitan Transit Authority,,Bay Metropolitan Transit Authority,MI,auto_accept,50029,"Bay Metropolitan Transit Authority, dba: Bay Metro",MI,100.0,91.67,8.33,provider_gtfs_filename_state
Michigan__Blue_Water_Area_Transit__mdb_tld-7035,tld-7035,Blue Water Area Transit,Blue Water Area Transit,Blue Water Area Transit,MI,auto_accept,50148,"Blue Water Area Transportation Commission, dba: Blue Water Area Transit",MI,100.0,90.71,9.29,provider_gtfs_filename_state
Michigan__City_of_Houghton__mdb_ntd-50386,ntd-50386,City of Houghton,,City of Houghton,MI,auto_accept,50386,City of Houghton,MI,100.0,90.5,9.5,provider_gtfs_filename_state
Michigan__Kalkaska_Public_Transit_Authority__mdb_ntd-50282,ntd-50282,Kalkaska Public Transit Authority,,Kalkaska Public Transit Authority,MI,auto_accept,50282,"Kalkaska Public Transit Authority, dba: Kalkaska Area Transit",MI,100.0,90.5,9.5,provider_gtfs_filename_state
Michigan__Lake_Erie_Transit__mdb_tld-6883,tld-6883,Lake Erie Transit,Lake Erie Transit,Lake Erie Transit,MI,auto_accept,50522,"Lake Erie Transportation Commission, dba: Lake Erie Transit",MI,100.0,90.5,9.5,provider_gtfs_filename_state
Michigan__Macatawa_Area_Express__mdb_tld-5873,tld-5873,Macatawa Area Express,Macatawa Area Express Transportation Authority,Macatawa Area Express,MI,auto_accept,50184,Macatawa Area Express Transportation Authority,MI,100.0,90.71,9.29,provider_gtfs_filename_state
Michigan__Muskegon_Area_Transit_System__mdb_tld-4831,tld-4831,Muskegon Area Transit System,Muskegon Area Transit System,Muskegon Area Transit System,MI,auto_accept,50037,"County of Muskegon, dba: Muskegon Area Transit System",MI,100.0,90.71,9.29,provider_gtfs_filename_state
Michigan__Suburban_Mobility_Authority_for_Regional_Transit_(SMART)__mdb_mdb-414,mdb-414,Suburban Mobility Authority for Regional Transit (SMART),SMART,Suburban Mobility Authority for Regional Transit (SMART),MI,auto_accept,55637,SMART,MI,100.0,92.06,7.94,provider_gtfs_filename_state
Michigan__University_of_Michigan_Transit_Services__mdb_mdb-2072,mdb-2072,University of Michigan Transit Services,University of Michigan Transportation Services,University of Michigan Transit Services,MI,auto_accept,50158,University of Michigan Parking and Transportation Services,MI,100.0,90.5,9.5,provider_gtfs_filename_state
Minnesota__Central_Community_Transit__mdb_mdb-2301,mdb-2301,Central Community Transit,Central Community Transit,Central Community Transit,MN,auto_accept,55314,"Central Community Transit Joint Powers Board, dba: Central Community Transit",MN,100.0,90.5,9.5,provider_gtfs_filename_state
Minnesota__Duluth_Transit__mdb_mdb-301,mdb-301,Duluth Transit,Duluth Transit Authority,Duluth Transit,MN,auto_accept,50025,"Duluth Transit Authority, dba: DTA",MN,100.0,90.5,9.5,provider_gtfs_filename_state
Minnesota__Hiawathaland_Transit__mdb_mdb-2859,mdb-2859,Hiawathaland Transit,Hiawathaland Transit,Hiawathaland Transit,MN,auto_accept,50510,"Three Rivers Community Action, Inc., dba: Hiawathaland Transit",MN,100.0,90.5,9.5,provider_gtfs_filename_state
Minnesota__Mankato_Transit_System__mdb_ntd-50205,ntd-50205,Mankato Transit System,,Mankato Transit System,MN,auto_accept,50205,"City of Mankato, dba: Mankato Transit System",MN,100.0,90.5,9.5,provider_gtfs_filename_state
Mississippi__City_of_Hattiesburg__mdb_ntd-40060,ntd-40060,City of Hattiesburg,,City of Hattiesburg,MS,auto_accept,40060,"City of Hattiesburg, dba: Hub City Transit",MS,100.0,90.5,9.5,provider_gtfs_filename_state
Missouri__City_of_Jefferson__mdb_ntd-70043,ntd-70043,City of Jefferson,,City of Jefferson,MO,auto_accept,70043,"City of Jefferson, dba: JEFFTRAN",MO,100.0,90.5,9.5,provider_gtfs_filename_state
Missouri__Get_Around_Columbia_(GoCOMO)__mdb_ntd-70016,ntd-70016,Get Around Columbia (GoCOMO),,Get Around Columbia (GoCOMO),MO,auto_accept,70016,"City of Columbia, dba: GoCOMO",MO,100.0,73.5,26.5,provider_gtfs_filename_state
Missouri__Metro_St,,,Metro St. Louis,Metro St,MO,auto_accept,70006,"Bi-State Development Agency of the Missouri-Illinois Metropolitan District, dba: (St. Louis) Metro",MO,100.0,90.5,9.5,provider_gtfs_filename_state
Missouri__Metro_St._Louis__mdb_mdb-2035,mdb-2035,Metro St. Louis,,Metro St. Louis,MO,auto_accept,70006,"Bi-State Development Agency of the Missouri-Illinois Metropolitan District, dba: (St. Louis) Metro",MO,100.0,90.5,9.5,provider_gtfs_filename_state
Montana__Billings_Metropolitan_Transit__mdb_tld-5893,tld-5893,Billings Metropolitan Transit,City of Billings MET Transit,Billings Metropolitan Transit,MT,auto_accept,80004,"City of Billings, dba: Billings Metropolitan Transit System",MT,100.0,90.5,9.5,provider_gtfs_filename_state
Montana__Mountain_Line__mdb_mdb-292,mdb-292,Mountain Line,Missoula Urban Transportation District,Mountain Line,MT,auto_accept,80009,"Missoula Urban Transportation District, dba: Mountain Line",MT,100.0,90.5,9.5,provider_gtfs_filename_state
Montana__Park_County_Transit__mdb_ntd-88293,ntd-88293,Park County Transit,,Park County Transit,MT,auto_accept,88293,"Park County, dba: Windrider Transit",MT,100.0,90.5,9.5,provider_gtfs_filename_state
Montana__Streamline__mdb_mdb-295,mdb-295,Streamline,Streamline,Streamline,MT,auto_accept,80235,"Human Resource Development Council District IX, Inc., dba: Galavan / Streamline",MT,100.0,61.84,38.16,provider_gtfs_filename_state
Nebraska__North_Fork_Area_Transit__mdb_tld-4469,tld-4469,North Fork Area Transit,North Fork Area Transit,North Fork Area Transit,NE,auto_accept,70156,"Community Concern, dba: North Fork Area Transit",NE,100.0,90.5,9.5,provider_gtfs_filename_state
Nebraska__Omaha_Metro__mdb_mdb-2261,mdb-2261,Omaha Metro,Omaha Metro Transit,Omaha Metro,NE,auto_accept,70002,"Transit Authority of Omaha, dba: Metro",NE,100.0,90.5,9.5,provider_gtfs_filename_state
Nebraska__StarTran__mdb_mdb-2269,mdb-2269,StarTran,StarTran,StarTran,NE,auto_accept,70001,"City of Lincoln, dba: StarTran",NE,100.0,72.5,27.5,provider_gtfs_filename_state
Nevada__Regional_Transportation_Commission_of_Southern_Nevada_(RTC)__mdb_mdb-2351,mdb-2351,Regional Transportation Commission of Southern Nevada (RTC),Regional Transportation Commission of Southern Nevada,Regional Transportation Commission of Southern Nevada (RTC),NV,auto_accept,90045,Regional Transportation Commission of Southern Nevada,NV,100.0,90.5,9.5,provider_gtfs_filename_state
New_Hampshire__Cooperative_Alliance_For_Seacoast_Transportation__mdb_tld-4668,tld-4668,Cooperative Alliance For Seacoast Transportation,Cooperative Alliance for Seacoast Transportation (COAST),Cooperative Alliance For Seacoast Transportation,NH,auto_accept,10086,Cooperative Alliance for Seacoast Transportation,NH,100.0,90.5,9.5,provider_gtfs_filename_state
New_Hampshire__Manchester_Transit_Authority__mdb_mdb-3432,mdb-3432,Manchester Transit Authority,Manchester Transit Authority,Manchester Transit Authority,NH,auto_accept,10002,Manchester Transit Authority,NH,100.0,90.5,9.5,provider_gtfs_filename_state
New_Jersey__NY_Waterway__mdb_mdb-3192,mdb-3192,NY Waterway,NY Waterway,NY Waterway,NJ,auto_accept,20190,"Port Imperial Ferry Corporation, dba: NY Waterway",NJ,100.0,73.5,26.5,provider_gtfs_filename_state
New_Jersey__Somerset_County__mdb_ntd-20209,ntd-20209,Somerset County,,Somerset County,NJ,auto_accept,20209,"Somerset County, dba: Somerset County Transportation",NJ,100.0,90.5,9.5,provider_gtfs_filename_state
New_Jersey__Sussex_County_Skylands_Ride__mdb_ntd-20950,ntd-20950,Sussex County Skylands Ride,,Sussex County Skylands Ride,NJ,auto_accept,20950,"Sussex County, dba: Skylands Ride",NJ,100.0,90.5,9.5,provider_gtfs_filename_state
New_Mexico__A_Shiwi_Transit__mdb_ntd-66242,ntd-66242,A:Shiwi Transit,,A Shiwi Transit,NM,auto_accept,66242,"Zuni Pueblo, dba: A:Shiwi Transit",NM,100.0,90.5,9.5,provider_gtfs_filename_state
New_Mexico__Atomic_City_Transit__mdb_mdb-1240,mdb-1240,Atomic City Transit,Atomic City Transit,Atomic City Transit,NM,auto_accept,60215,"Incorporated County of Los Alamos, dba: Atomic City Transit",NM,100.0,90.5,9.5,provider_gtfs_filename_state
New_Mexico__City_of_Hobbs__mdb_ntd-60190,ntd-60190,City of Hobbs,,City of Hobbs,NM,auto_accept,60190,"City of Hobbs, dba: Hobbs Express",NM,100.0,90.5,9.5,provider_gtfs_filename_state
New_Mexico__Red_Apple_Transit__mdb_mdb-160,mdb-160,Red Apple Transit,Red Apple Transit,Red Apple Transit,NM,auto_accept,60100,"City of Farmington, dba: Red Apple Transit",NM,100.0,90.5,9.5,provider_gtfs_filename_state
New_Mexico__RoadRUNNER_Transit__mdb_mdb-2075,mdb-2075,RoadRUNNER Transit,Roadrunner Transit (Las Cruces),RoadRUNNER Transit,NM,auto_accept,60049,"City of Las Cruces NM, dba: RoadRUNNER Transit",NM,100.0,90.5,9.5,provider_gtfs_filename_state
New_Mexico__Roswell_Transit__mdb_ntd-60167,ntd-60167,Roswell Transit,,Roswell Transit,NM,auto_accept,60167,"City of Roswell, dba: Roswell Transit",NM,100.0,90.5,9.5,provider_gtfs_filename_state
New_York__Access_Allegany__mdb_mdb-531,mdb-531,Access Allegany,Access Allegany,Access Allegany,NY,auto_accept,20951,"Allegany County, dba: Access Allegany",NY,100.0,73.5,26.5,provider_gtfs_filename_state
New_York__Broome_County_Transit_(B.C,,,Broome County Transit,Broome County Transit (B.C,NY,auto_accept,20003,"Broome County, dba: BC Transit",NY,100.0,90.5,9.5,provider_gtfs_filename_state
New_York__Broome_County_Transit_(B.C._Transit)__mdb_mdb-2079,mdb-2079,Broome County Transit (B.C. Transit),,Broome County Transit (B.C. Transit),NY,auto_accept,20003,"Broome County, dba: BC Transit",NY,100.0,90.5,9.5,provider_gtfs_filename_state
New_York__City_of_Long_Beach_Transportation__mdb_mdb-916,mdb-916,City of Long Beach Transportation,City of Long Beach Transportation,City of Long Beach Transportation,NY,auto_accept,20006,City of Long Beach,NY,100.0,90.5,9.5,provider_gtfs_filename_state
New_York__Clinton_County_Public_Transit_(CCPT)__mdb_mdb-544,mdb-544,Clinton County Public Transit (CCPT),Clinton County Public Transit,Clinton County Public Transit (CCPT),NY,auto_accept,20939,"Clinton County, dba: Clinton County Public Transit",NY,100.0,90.5,9.5,provider_gtfs_filename_state
New_York__Columbia_County_Public_Transportation__mdb_mdb-3116,mdb-3116,Columbia County Public Transportation,Columbia County Public Transportation,Columbia County Public Transportation,NY,auto_accept,20999,"Columbia County, dba: Columbia County Public Transportation",NY,100.0,90.5,9.5,provider_gtfs_filename_state
New_York__Connect_Niagara__mdb_tld-5791,tld-5791,Connect Niagara,Connect Niagara,Connect Niagara,NY,auto_accept,20957,"County of Niagara, dba: Connect Niagara",NY,100.0,90.5,9.5,provider_gtfs_filename_state
New_York__Dutchess_County__mdb_mdb-457,mdb-457,Dutchess County,Dutchess County Public Transit,Dutchess County,NY,auto_accept,20010,"Dutchess County, dba: Dutchess County Public Transit",NY,100.0,90.5,9.5,provider_gtfs_filename_state
New_York__Gloversville_Transit_System__mdb_mdb-2650,mdb-2650,Gloversville Transit System,Gloversville Transit Services,Gloversville Transit System,NY,auto_accept,20981,"City of Gloversville, dba: Gloversville Transit System",NY,100.0,90.5,9.5,provider_gtfs_filename_state
New_York__Greene_County_Transit__mdb_mdb-613,mdb-613,Greene County Transit,Greene County Transit,Greene County Transit,NY,auto_accept,20931,"Greene County, dba: Greene County Transit",NY,100.0,90.71,9.29,provider_gtfs_filename_state
New_York__Hornell_Area_Transit__mdb_mdb-532,mdb-532,Hornell Area Transit,Hornell Area Transit,Hornell Area Transit,NY,auto_accept,20953,"City of Hornell, dba: Hornell Area Transit",NY,100.0,90.5,9.5,provider_gtfs_filename_state
New_York__Leprechaun_Lines__mdb_mdb-910,mdb-910,Leprechaun Lines,Leprechaun Lines,Leprechaun Lines,NY,auto_accept,20179,"Leprechaun Lines, Inc.",NY,100.0,90.5,9.5,provider_gtfs_filename_state
New_York__Lewis_County_Public_Transportation__mdb_mdb-566,mdb-566,Lewis County Public Transportation,Lewis County Public Transportation,Lewis County Public Transportation,NY,auto_accept,20925,"Lewis County, dba: Lewis County Public Transportation",NY,100.0,90.5,9.5,provider_gtfs_filename_state
New_York__MTA_Metro-North_Railroad__mdb_tld-5788,tld-5788,MTA Metro-North Railroad,Metro-North Railroad,MTA Metro-North Railroad,NY,auto_accept,20078,"Metro-North Commuter Railroad Company, dba: MTA Metro-North Railroad",NY,100.0,90.5,9.5,provider_gtfs_filename_state
New_York__Madison_County_Transit__mdb_mdb-573,mdb-573,Madison County Transit,Madison County Transit,Madison County Transit,NY,auto_accept,20940,"Madison County, dba: Madison Transit System",NY,100.0,90.5,9.5,provider_gtfs_filename_state
New_York__Nassau_Inter-County_Express_(NICE_Bus)__mdb_mdb-521,mdb-521,Nassau Inter-County Express (NICE Bus),Nassau Inter-County Express,Nassau Inter-County Express (NICE Bus),NY,auto_accept,20206,"County of Nassau, dba: Nassau Inter County Express",NY,100.0,90.5,9.5,provider_gtfs_filename_state
New_York__Niagara_Frontier_Transportation_Authority__mdb_tld-401,tld-401,Niagara Frontier Transportation Authority,NFTA,Niagara Frontier Transportation Authority,NY,auto_accept,20004,"Niagara Frontier Transportation Authority, dba: NFTA - Metro Bus & Rail",NY,100.0,90.5,9.5,provider_gtfs_filename_state
New_York__Niagara_Frontier_Transportation_Authority__mdb_tld-6748,tld-6748,Niagara Frontier Transportation Authority,NFTA - Metro,Niagara Frontier Transportation Authority,NY,auto_accept,20004,"Niagara Frontier Transportation Authority, dba: NFTA - Metro Bus & Rail",NY,100.0,90.5,9.5,provider_gtfs_filename_state
New_York__Olean_Area_Transit_System__mdb_mdb-586,mdb-586,Olean Area Transit System,Olean Area Transit System,Olean Area Transit System,NY,auto_accept,20975,"City of Olean, dba: Olean Area Transit System",NY,100.0,91.36,8.64,provider_gtfs_filename_state
New_York__Oneonta_Public_Transit__mdb_tld-6777,tld-6777,Oneonta Public Transit,Oneonta Public Transit,Oneonta Public Transit,NY,auto_accept,20960,"City of Oneonta, dba: Oneonta Public Transit",NY,100.0,90.5,9.5,provider_gtfs_filename_state
"New_York__Propark_Mobility,_Columbia_County_Public_Transportation__mdb_tld-6745",tld-6745,"Propark Mobility, Columbia County Public Transportation",Propark Mobility | Columbia County Public Transportation,"Propark Mobility, Columbia County Public Transportation",NY,auto_accept,20999,"Columbia County, dba: Columbia County Public Transportation",NY,100.0,90.5,9.5,provider_gtfs_filename_state
New_York__Schoharie_County_Transit__mdb_tld-5877,tld-5877,Schoharie County Transit,Schoharie County Public Transit,Schoharie County Transit,NY,auto_accept,20926,"Schoharie County, dba: Schoharie County Public Transportation",NY,100.0,90.5,9.5,provider_gtfs_filename_state
New_York__St_Lawrence_County_Public_Transit__mdb_mdb-2611,mdb-2611,St Lawrence County Public Transit,St. Lawrence County Public Transit,St Lawrence County Public Transit,NY,auto_accept,20991,"St Lawrence County, dba: St Lawrence County Public Transit",NY,100.0,90.5,9.5,provider_gtfs_filename_state
New_York__Suffolk_County_Transit__mdb_mdb-3115,mdb-3115,Suffolk County Transit,Suffolk County Transit - West | Suffolk County Transit - East | Suffolk County Transit  - Central,Suffolk County Transit,NY,auto_accept,20072,"Suffolk County, dba: Suffolk County Transit",NY,100.0,90.5,9.5,provider_gtfs_filename_state
New_York__Sullivan_County_Transit__mdb_mdb-927,mdb-927,Sullivan County Transit,Sullivan County Transit | Move Sullivan,Sullivan County Transit,NY,auto_accept,20937,"Sullivan County, dba: Move Sullivan",NY,100.0,90.5,9.5,provider_gtfs_filename_state
New_York__Tompkins_Consolidated_Area_Transit_Inc__mdb_mdb-535,mdb-535,Tompkins Consolidated Area Transit Inc,Tompkins Consolidated Area Transit Inc,Tompkins Consolidated Area Transit Inc,NY,auto_accept,20145,Tompkins Consolidated Area Transit,NY,100.0,90.5,9.5,provider_gtfs_filename_state
New_York__Ulster_County_Area_Transit__mdb_mdb-526,mdb-526,Ulster County Area Transit,Ulster County Area Transit,Ulster County Area Transit,NY,auto_accept,20178,"Ulster County, dba: Ulster County Area Transit",NY,100.0,90.5,9.5,provider_gtfs_filename_state
New_York__Watertown_Citibus__mdb_mdb-2881,mdb-2881,Watertown Citibus,City of Watertown (CitiBus),Watertown Citibus,NY,auto_accept,20215,"City of Watertown NY, dba: CitiBus",NY,100.0,90.5,9.5,provider_gtfs_filename_state
New_York__Watertown_Citibus__mdb_mdb-871,mdb-871,Watertown Citibus,Watertown Citibus,Watertown Citibus,NY,auto_accept,20215,"City of Watertown NY, dba: CitiBus",NY,100.0,73.5,26.5,provider_gtfs_filename_state
North_Carolina__Asheville_Rides_Transit__mdb_mdb-903,mdb-903,Asheville Rides Transit,Asheville Rides Transit,Asheville Rides Transit,NC,auto_accept,40005,"City of Asheville, dba: ART (Asheville Rides Transit)",NC,100.0,90.5,9.5,provider_gtfs_filename_state
North_Carolina__Capital_Area_Transit_(GoRaleigh)__mdb_mdb-2074,mdb-2074,Capital Area Transit (GoRaleigh),GoRaleigh,Capital Area Transit (GoRaleigh),NC,auto_accept,40007,"City of Raleigh, dba: GoRaleigh",NC,100.0,90.5,9.5,provider_gtfs_filename_state
North_Carolina__Chapel_Hill_Transit__mdb_tld-89,tld-89,Chapel Hill Transit,Chapel Hill Transit,Chapel Hill Transit,NC,auto_accept,40051,"Town of Chapel Hill, dba: Chapel Hill Transit",NC,100.0,90.5,9.5,provider_gtfs_filename_state
North_Carolina__City_of_Jacksonville__mdb_tld-6735,tld-6735,City of Jacksonville,City of Jacksonville,City of Jacksonville,NC,auto_accept,40166,"City of Jacksonville, dba: Jacksonville Transit",NC,100.0,90.5,9.5,provider_gtfs_filename_state
North_Carolina__Concord_Kannapolis_Area_Transit_(Rider_Transit)__mdb_mdb-2244,mdb-2244,Concord Kannapolis Area Transit (Rider Transit),Concord Kannapolis Area Transit,Concord Kannapolis Area Transit (Rider Transit),NC,auto_accept,40167,"City of Concord, dba: Concord Kannapolis Area Transit (Rider)",NC,100.0,90.5,9.5,provider_gtfs_filename_state
North_Carolina__Davidson_County_Transportation_Services__mdb_ntd-40131,ntd-40131,Davidson County Transportation Services,,Davidson County Transportation Services,NC,auto_accept,40131,"Davidson County, dba: Davidson County Transportation",NC,100.0,92.5,7.5,provider_gtfs_filename_state
North_Carolina__Eastern_Band_of_Cherokee_Indians_Public_Transit__mdb_tld-7066,tld-7066,Eastern Band of Cherokee Indians Public Transit,,Eastern Band of Cherokee Indians Public Transit,NC,auto_accept,44913,Eastern Band of Cherokee Indians,NC,100.0,90.5,9.5,provider_gtfs_filename_state
North_Carolina__GoCary__mdb_mdb-2277,mdb-2277,GoCary,GoCary,GoCary,NC,auto_accept,40143,"Town of Cary, dba: GoCary",NC,100.0,90.5,9.5,provider_gtfs_filename_state
North_Carolina__GoDurham__mdb_tld-98,tld-98,GoDurham,GoDurham,GoDurham,NC,auto_accept,40087,"City of Durham, dba: GoDurham",NC,100.0,69.29,30.71,provider_gtfs_filename_state
North_Carolina__Link_Transit__mdb_mdb-1971,mdb-1971,Link Transit,LINK TRANSIT,Link Transit,NC,auto_accept,40252,"City Of Burlington, dba: Link Transit",NC,100.0,90.5,9.5,provider_gtfs_filename_state
North_Carolina__North_Carolina_State_University_(NCSU)__mdb_mdb-2245,mdb-2245,North Carolina State University (NCSU),NC State University,North Carolina State University (NCSU),NC,auto_accept,40147,North Carolina State University,NC,100.0,90.5,9.5,provider_gtfs_filename_state
North_Carolina__Orange_County_Public_Transportation__mdb_tld-7885,tld-7885,Orange County Public Transportation,Orange County Public Transportation,Orange County Public Transportation,NC,auto_accept,40231,"Orange County, dba: Orange County Public Transit",NC,100.0,90.71,9.29,provider_gtfs_filename_state
North_Carolina__Piedmont_Authority_for_Regional_Transportation_(PART)__mdb_mdb-373,mdb-373,Piedmont Authority for Regional Transportation (PART),Piedmont Authority for Regional Transportation,Piedmont Authority for Regional Transportation (PART),NC,auto_accept,40173,Piedmont Authority for Regional Transportation,NC,100.0,90.5,9.5,provider_gtfs_filename_state
North_Carolina__Research_Triangle_Regional_Public_Transportation_Authority__mdb_tld-202,tld-202,Research Triangle Regional Public Transportation Authority,GoTriangle,Research Triangle Regional Public Transportation Authority,NC,auto_accept,40108,"Research Triangle Regional Public Transportation Authority, dba: GoTriangle",NC,100.0,90.5,9.5,provider_gtfs_filename_state
North_Carolina__Tar_River_Transit__mdb_mdb-472,mdb-472,Tar River Transit,Tar River Transit,Tar River Transit,NC,auto_accept,40096,"City of Rocky Mount, dba: Tar River Transit",NC,100.0,90.5,9.5,provider_gtfs_filename_state
North_Carolina__Wave_Transit__mdb_mdb-1110,mdb-1110,Wave Transit,Wave Transit,Wave Transit,NC,auto_accept,40006,"Cape Fear Public Transportation Authority, dba: Wave Transit",NC,100.0,90.5,9.5,provider_gtfs_filename_state
North_Carolina__Winston_Salem_Transit_Authority_(WSTA)__mdb_mdb-3479,mdb-3479,Winston Salem Transit Authority (WSTA),Winston Salem Transit,Winston Salem Transit Authority (WSTA),NC,auto_accept,40012,"City of Winston Salem, dba: Winston-Salem Transit Authority",NC,100.0,90.5,9.5,provider_gtfs_filename_state
North_Dakota__Bis-Man_Transit__mdb_tld-6095,tld-6095,Bis-Man Transit,Bis-Man Transit,Bis-Man Transit,ND,auto_accept,80019,"Bis-Man Transit Board, dba: Bis-Man Transit",ND,100.0,90.5,9.5,provider_gtfs_filename_state
North_Dakota__City_of_Fargo__mdb_ntd-80003,ntd-80003,City of Fargo,,City of Fargo,ND,auto_accept,80003,"City of Fargo, dba: Metropolitan Area Transit",ND,100.0,90.5,9.5,provider_gtfs_filename_state
Ohio__Allen_County_Regional_Transit_Authority__mdb_mdb-210,mdb-210,Allen County Regional Transit Authority,Allen County Regional Transit Authority,Allen County Regional Transit Authority,OH,auto_accept,50093,Lima Allen County Regional Transit Authority,OH,100.0,92.5,7.5,provider_gtfs_filename_state
Ohio__Central_Ohio_Transit_Authority_(COTA)__mdb_mdb-404,mdb-404,Central Ohio Transit Authority (COTA),Central Ohio Transit Authority,Central Ohio Transit Authority (COTA),OH,auto_accept,50016,Central Ohio Transit Authority,OH,100.0,90.71,9.29,provider_gtfs_filename_state
Ohio__Greater_Cleveland_Regional_Transit_Authority__mdb_mdb-406,mdb-406,Greater Cleveland Regional Transit Authority,Greater Cleveland Regional Transit Authority,Greater Cleveland Regional Transit Authority,OH,auto_accept,50015,The Greater Cleveland Regional Transit Authority,OH,100.0,91.27,8.73,provider_gtfs_filename_state
Ohio__Greater_Dayton_Regional_Transit_Authority_(Greater_Dayton_RTA)__mdb_mdb-403,mdb-403,Greater Dayton Regional Transit Authority (Greater Dayton RTA),Greater Dayton RTA,Greater Dayton Regional Transit Authority (Greater Dayton RTA),OH,auto_accept,50017,Greater Dayton Regional Transit Authority,OH,100.0,90.5,9.5,provider_gtfs_filename_state
Ohio__Laketran__mdb_mdb-410,mdb-410,Laketran,Laketran,Laketran,OH,auto_accept,50117,Laketran,OH,100.0,72.5,27.5,provider_gtfs_filename_state
Ohio__Licking_County_Transit__mdb_ntd-50163,ntd-50163,Licking County Transit,,Licking County Transit,OH,auto_accept,50163,"Licking County, Ohio, dba: Licking County Transit",OH,100.0,90.5,9.5,provider_gtfs_filename_state
Ohio__Portage_Area_Regional_Transportation_Authority_(PARTA)__mdb_mdb-2256,mdb-2256,Portage Area Regional Transportation Authority (PARTA),Portage Area Regional Transit Authority (PARTA),Portage Area Regional Transportation Authority (PARTA),OH,auto_accept,50021,Portage Area Regional Transportation Authority,OH,100.0,91.36,8.64,provider_gtfs_filename_state
Ohio__Sandusky_Transit_System__mdb_tld-1213_1,tld-1213_1,Sandusky Transit System,Sandusky Transit System,Sandusky Transit System,OH,auto_accept,50164,"City of Sandusky, dba: Sandusky Transit System",OH,100.0,90.5,9.5,provider_gtfs_filename_state
Ohio__Stark_Area_Regional_Transit_Authority_(SARTA)__mdb_mdb-2001,mdb-2001,Stark Area Regional Transit Authority (SARTA),Stark Area Regional Transit Authority,Stark Area Regional Transit Authority (SARTA),OH,auto_accept,50011,Stark Area Regional Transit Authority,OH,100.0,91.36,8.64,provider_gtfs_filename_state
Ohio__Toledo_Area_Regional_Transit_Authority__mdb_tld-1716_1,tld-1716_1,Toledo Area Regional Transit Authority,Toledo Area Regional Transit Authority,Toledo Area Regional Transit Authority,OH,auto_accept,50022,Toledo Area Regional Transit Authority,OH,100.0,91.36,8.64,provider_gtfs_filename_state
Ohio__Western_Reserve_Transit_Authority__mdb_tld-1717,tld-1717,Western Reserve Transit Authority,Western Reserve Transit Authority,Western Reserve Transit Authority,OH,auto_accept,50024,Western Reserve Transit Authority,OH,100.0,90.5,9.5,provider_gtfs_filename_state
Oklahoma__Citylink_Edmond__mdb_tld-7841,tld-7841,Citylink Edmond,Citylink Edmond,Citylink Edmond,OK,auto_accept,60118,"City of Edmond, dba: Citylink",OK,100.0,73.5,26.5,provider_gtfs_filename_state
Oklahoma__Metropolitan_Tulsa_Transit_Authority__mdb_tld-235,tld-235,Metropolitan Tulsa Transit Authority,MetroLink Tulsa,Metropolitan Tulsa Transit Authority,OK,auto_accept,60018,"Metropolitan Tulsa Transit Authority, dba: Tulsa Transit, MetroLink Tulsa",OK,100.0,90.5,9.5,provider_gtfs_filename_state
Oklahoma__OSU-Stillwater_Community_Transit__mdb_tld-7941,tld-7941,OSU-Stillwater Community Transit,Oklahoma State University,OSU-Stillwater Community Transit,OK,auto_accept,60160,OSU-Stillwater Community Transit,OK,100.0,90.5,9.5,provider_gtfs_filename_state
Oklahoma__Oklahoma_State_University_-Stillwater_Community_Transit__mdb_ntd-60160,ntd-60160,Oklahoma State University -Stillwater Community Transit,,Oklahoma State University -Stillwater Community Transit,OK,auto_accept,60160,OSU-Stillwater Community Transit,OK,98.33,90.5,7.83,provider_gtfs_filename_state
Oregon__Basin_Transit_Service_(BTS)__mdb_mdb-125,mdb-125,Basin Transit Service (BTS),Basin Transit Service,Basin Transit Service (BTS),OR,auto_accept,00339,"Basin Transit Service, dba: Basin Transit Service Transportation District",OR,100.0,90.5,9.5,provider_gtfs_filename_state
Oregon__Benton_Area_Transportation__mdb_mdb-126,mdb-126,Benton Area Transportation,Benton Area Transit,Benton Area Transportation,OR,auto_accept,00065,"Benton County, dba: Benton Area Transit",OR,100.0,90.5,9.5,provider_gtfs_filename_state
Oregon__Benton_Area_Transportation__mdb_mdb-3109,mdb-3109,Benton Area Transportation,Benton Area Transit,Benton Area Transportation,OR,auto_accept,00065,"Benton County, dba: Benton Area Transit",OR,100.0,90.5,9.5,provider_gtfs_filename_state
Oregon__Burns_Paiute_Tribal_Transit__mdb_mdb-2621,mdb-2621,Burns Paiute Tribal Transit,Burns Paiute Tribal Transit,Burns Paiute Tribal Transit,OR,auto_accept,00421,"Burns Paiute Tribe, dba: Burns Paiute Tribal Transit",OR,100.0,90.5,9.5,provider_gtfs_filename_state
Oregon__Cascades_East_Transit__mdb_tld-170,tld-170,Cascades East Transit,Cascades East Transit (CET),Cascades East Transit,OR,auto_accept,00057,"Central Oregon Intergovernmental Council, dba: Cascades East Transit",OR,100.0,90.5,9.5,provider_gtfs_filename_state
Oregon__Central_Oregon_Breeze__mdb_mdb-139,mdb-139,Central Oregon Breeze,Central Oregon Breeze,Central Oregon Breeze,OR,auto_accept,00326,"C.A.C Transportation, Inc, dba: Central Oregon Breeze",OR,100.0,90.5,9.5,provider_gtfs_filename_state
Oregon__City_of_Corvallis__mdb_mdb-2283,mdb-2283,City of Corvallis,Corvallis Transit System,City of Corvallis,OR,auto_accept,00047,"City of Corvallis, dba: Corvallis Transit System",OR,100.0,90.5,9.5,provider_gtfs_filename_state
Oregon__ClackCo_Connects_(Clackamas_County)__mdb_mdb-2740,mdb-2740,ClackCo Connects (Clackamas County),Clackamas County,ClackCo Connects (Clackamas County),OR,auto_accept,00363,"Clackamas County, dba: Mt Hood Express and #ClackCo Shuttles",OR,100.0,90.5,9.5,provider_gtfs_filename_state
Oregon__ClackCo_Connects_(Clackamas_County)__mdb_mdb-2741,mdb-2741,ClackCo Connects (Clackamas County),Clackamas County,ClackCo Connects (Clackamas County),OR,auto_accept,00363,"Clackamas County, dba: Mt Hood Express and #ClackCo Shuttles",OR,100.0,90.5,9.5,provider_gtfs_filename_state
Oregon__ClackCo_Connects_(Clackamas_County)__mdb_mdb-312,mdb-312,ClackCo Connects (Clackamas County),Clackamas County,ClackCo Connects (Clackamas County),OR,auto_accept,00363,"Clackamas County, dba: Mt Hood Express and #ClackCo Shuttles",OR,100.0,90.5,9.5,provider_gtfs_filename_state
Oregon__Columbia_Area_Transit_(CAT)__mdb_mdb-260,mdb-260,Columbia Area Transit (CAT),Columbia Area Transit,Columbia Area Transit (CAT),OR,auto_accept,00319,"Hood River County Transportation District, dba: Columbia Area Transit",OR,100.0,90.5,9.5,provider_gtfs_filename_state
Oregon__Columbia_County_Rider__mdb_mdb-3037,mdb-3037,Columbia County Rider,Columbia County Rider,Columbia County Rider,OR,auto_accept,00375,"Columbia County, dba: Columbia County Rider Transportation",OR,100.0,90.5,9.5,provider_gtfs_filename_state
Oregon__Columbia_County_Rider__mdb_tld-4210,tld-4210,Columbia County Rider,Columbia County Rider,Columbia County Rider,OR,auto_accept,00375,"Columbia County, dba: Columbia County Rider Transportation",OR,100.0,90.5,9.5,provider_gtfs_filename_state
Oregon__Curry_Public_Transit__mdb_mdb-22,mdb-22,Curry Public Transit,Curry Public Transit,Curry Public Transit,OR,auto_accept,00308,"Curry County Public Transit Service District, dba: Curry Public Transit Inc",OR,100.0,90.5,9.5,provider_gtfs_filename_state
Oregon__Harney_County__mdb_mdb-931,mdb-931,Harney County,Harney Hub Transit,Harney County,OR,auto_accept,00374,"Harney County, dba: Harney Hub Transit",OR,100.0,90.5,9.5,provider_gtfs_filename_state
Oregon__Josephine_County_Transit_(JCT)__mdb_mdb-121,mdb-121,Josephine County Transit (JCT),Josephine Community Transit,Josephine County Transit (JCT),OR,auto_accept,00059,"Josephine County, dba: Josephine Community Transit",OR,100.0,90.5,9.5,provider_gtfs_filename_state
"Oregon__LINX_Transit,_Linn-Benton_Loop,_Albany_Transit_System__mdb_mdb-135",mdb-135,"LINX Transit, Linn-Benton Loop, Albany Transit System",LINX Transit | Linn-Benton Loop | Albany Transit System,"LINX Transit, Linn-Benton Loop, Albany Transit System",OR,auto_accept,00061,"City of Albany, dba: Albany Transit System, Linn-Benton Loop",OR,100.0,90.5,9.5,provider_gtfs_filename_state
Oregon__Let'er_Bus__mdb_mdb-590,mdb-590,Let'er Bus,Let'er Bus,Let'er Bus,OR,auto_accept,00359,"City of Pendleton, dba: Let'Er Bus",OR,100.0,90.5,9.5,provider_gtfs_filename_state
Oregon__Lincoln_County_Transit_(LCT)__mdb_mdb-23,mdb-23,Lincoln County Transit (LCT),Lincoln County Transit,Lincoln County Transit (LCT),OR,auto_accept,00310,"Lincoln County Transportation Service District, dba: Lincoln County Transit",OR,100.0,90.5,9.5,provider_gtfs_filename_state
Oregon__Link_Lane__mdb_mdb-932,mdb-932,Link Lane,Link Lane,Link Lane,OR,auto_accept,00464,"Lane Council of Governments, dba: Link Lane",OR,100.0,90.5,9.5,provider_gtfs_filename_state
Oregon__Malheur_Council_on_Aging_&_Community_Services__mdb_mdb-141,mdb-141,Malheur Council on Aging & Community Services,Malheur Council on Aging & Community Services,Malheur Council on Aging & Community Services,OR,auto_accept,00323,Malheur Council on Aging and Community Services,OR,100.0,90.5,9.5,provider_gtfs_filename_state
Oregon__Pacific_Crest_Bus_Lines__mdb_mdb-133,mdb-133,Pacific Crest Bus Lines,Pacific Crest Bus Lines,Pacific Crest Bus Lines,OR,auto_accept,00362,"TAC Transportation, dba: Pacific Crest Bus Lines/ HighDesert POINT",OR,100.0,73.5,26.5,provider_gtfs_filename_state
Oregon__People_Mover__mdb_mdb-112,mdb-112,People Mover,People Mover,People Mover,OR,auto_accept,00313,"Grant County Transportation District, dba: The People Mover",OR,100.0,88.0,12.0,provider_gtfs_filename_state
Oregon__Ride_Connection__mdb_mdb-253,mdb-253,Ride Connection,Ride Connection,Ride Connection,OR,auto_accept,00376,"Ride Connection, Inc.",OR,100.0,90.5,9.5,provider_gtfs_filename_state
Oregon__Rogue_Valley_Transportation_District_(RVTD)__mdb_mdb-3219,mdb-3219,Rogue Valley Transportation District (RVTD),Rogue Valley Transportation District,Rogue Valley Transportation District (RVTD),OR,auto_accept,00034,Rogue Valley Transportation District,OR,100.0,90.5,9.5,provider_gtfs_filename_state
Oregon__Sandy_Area_Metro_(SAM)__mdb_mdb-261,mdb-261,Sandy Area Metro (SAM),Mt. Hood Express | Sandy Area Metro,Sandy Area Metro (SAM),OR,auto_accept,00363,"Clackamas County, dba: Mt Hood Express and #ClackCo Shuttles",OR,100.0,90.5,9.5,provider_gtfs_filename_state
Oregon__Sandy_Area_Metro_(SAM)__mdb_mdb-2739,mdb-2739,Sandy Area Metro (SAM),City of Sandy,Sandy Area Metro (SAM),OR,auto_accept,00389,City of Sandy,OR,100.0,90.5,9.5,provider_gtfs_filename_state
Oregon__South_Clackamas_Transportation_District__mdb_mdb-883,mdb-883,South Clackamas Transportation District,South Clackamas Transportation District,South Clackamas Transportation District,OR,auto_accept,00301,South Clackamas Transportation District,OR,100.0,90.5,9.5,provider_gtfs_filename_state
Oregon__Sunset_Empire_Transportation_District__mdb_tld-4211,tld-4211,Sunset Empire Transportation District,Sunset Empire Transportation District,Sunset Empire Transportation District,OR,auto_accept,00331,Sunset Empire Transportation District,OR,100.0,90.5,9.5,provider_gtfs_filename_state
"Oregon__TriMet,_Portland_Streetcar__mdb_mdb-247",mdb-247,"TriMet, Portland Streetcar",Portland Streetcar | Portland Aerial Tram | TriMet,"TriMet, Portland Streetcar",OR,auto_accept,00058,"City of Portland, dba: Portland Streetcar",OR,100.0,90.5,9.5,provider_gtfs_filename_state
Oregon__Woodburn_Transit_Service_(WTS)__mdb_mdb-251,mdb-251,Woodburn Transit Service (WTS),Woodburn Transit,Woodburn Transit Service (WTS),OR,auto_accept,00360,"City of Woodburn, dba: Woodburn Transit System",OR,100.0,90.5,9.5,provider_gtfs_filename_state
Pennsylvania__Beaver_County_Transit_Authority__mdb_mdb-2262,mdb-2262,Beaver County Transit Authority,BCTA,Beaver County Transit Authority,PA,auto_accept,30023,Beaver County Transit Authority,PA,100.0,90.5,9.5,provider_gtfs_filename_state
Pennsylvania__Borough_of_Mt._Carmel__mdb_ntd-30116,ntd-30116,Borough of Mt. Carmel,,Borough of Mt. Carmel,PA,auto_accept,30116,"Borough of Mt. Carmel, dba: Lower Anthracite Transportation System",PA,100.0,90.5,9.5,provider_gtfs_filename_state
Pennsylvania__Cambria_County_Transit_Authority__mdb_tld-4671,tld-4671,Cambria County Transit Authority,CamTran,Cambria County Transit Authority,PA,auto_accept,30012,"Cambria County Transit Authority, dba: CamTran",PA,100.0,90.5,9.5,provider_gtfs_filename_state
Pennsylvania__Capital_Area_Transit__mdb_tld-4298,tld-4298,Capital Area Transit,Capital Area Transit,Capital Area Transit,PA,auto_accept,30014,"Cumberland Dauphin-Harrisburg Transit Authority, dba: Capital Area Transit",PA,100.0,90.5,9.5,provider_gtfs_filename_state
Pennsylvania__Centre_Area_Transportation_Authority_(CATABUS)__mdb_ntd-30054,ntd-30054,Centre Area Transportation Authority (CATABUS),,Centre Area Transportation Authority (CATABUS),PA,auto_accept,30054,Centre Area Transportation Authority,PA,100.0,90.5,9.5,provider_gtfs_filename_state
Pennsylvania__Centre_County_Transit_Authority__mdb_tld-4771,tld-4771,Centre County Transit Authority,CATA,Centre County Transit Authority,PA,auto_accept,31042,Centre County,PA,100.0,90.5,9.5,provider_gtfs_filename_state
Pennsylvania__County_of_Lackawanna_Transit_System__mdb_tld-4553,tld-4553,County of Lackawanna Transit System,COLTS,County of Lackawanna Transit System,PA,auto_accept,30025,County of Lackawanna Transit System,PA,100.0,90.5,9.5,provider_gtfs_filename_state
Pennsylvania__Crawford_Area_Transportation_Authority__mdb_tld-4674,tld-4674,Crawford Area Transportation Authority,Meadville,Crawford Area Transportation Authority,PA,auto_accept,30185,Crawford Area Transportation Authority,PA,100.0,90.5,9.5,provider_gtfs_filename_state
Pennsylvania__Fayette_Area_Coordinated_Transportation__mdb_tld-7027,tld-7027,Fayette Area Coordinated Transportation,Fayette Area Coordinated Transportation,Fayette Area Coordinated Transportation,PA,auto_accept,30087,"County of Fayette, dba: Fayette Area Coordinated Transportation",PA,100.0,90.5,9.5,provider_gtfs_filename_state
Pennsylvania__Freedom_Transit__mdb_tld-4134,tld-4134,Freedom Transit,Freedom Transit,Freedom Transit,PA,auto_accept,30111,"Washington County Transportation Authority, dba: Freedom Transit",PA,100.0,90.5,9.5,provider_gtfs_filename_state
Pennsylvania__Hazleton_Public_Transit__mdb_tld-4665,tld-4665,Hazleton Public Transit,Hazleton Public Transit,Hazleton Public Transit,PA,auto_accept,30093,"City of Hazleton, dba: Hazleton Public Transit",PA,100.0,90.5,9.5,provider_gtfs_filename_state
Pennsylvania__Indiana_County_Transit_Authority__mdb_tld-4661,tld-4661,Indiana County Transit Authority,Indiana County Transit Authority,Indiana County Transit Authority,PA,auto_accept,30177,"Indiana County Transit Authority, dba: IndiGO",PA,100.0,90.5,9.5,provider_gtfs_filename_state
Pennsylvania__Lebanon_Transit__mdb_tld-5531,tld-5531,Lebanon Transit,Lebanon,Lebanon Transit,PA,auto_accept,30095,"County of Lebanon Transit Authority, dba: Lebanon Transit",PA,100.0,90.5,9.5,provider_gtfs_filename_state
Pennsylvania__Lehigh_and_Northampton_Transportation_Authority_(LANTA)__mdb_ntd-30010,ntd-30010,Lehigh and Northampton Transportation Authority (LANTA),,Lehigh and Northampton Transportation Authority (LANTA),PA,auto_accept,30010,Lehigh and Northampton Transportation Authority,PA,100.0,90.5,9.5,provider_gtfs_filename_state
Pennsylvania__Luzerne_County_Transportation_Authority__mdb_tld-4555,tld-4555,Luzerne County Transportation Authority,Luzerne County Transportation Authority,Luzerne County Transportation Authority,PA,auto_accept,30015,Luzerne County Transportation Authority,PA,100.0,90.5,9.5,provider_gtfs_filename_state
Pennsylvania__Mid_Mon_Valley_Transit_Authority__mdb_tld-5503,tld-5503,Mid Mon Valley Transit Authority,Mid Mon Valley Transit,Mid Mon Valley Transit Authority,PA,auto_accept,30061,Mid Mon Valley Transit Authority,PA,100.0,90.5,9.5,provider_gtfs_filename_state
Pennsylvania__Monroe_County_Transportation_Authority_(MCTA)__mdb_mdb-3460,mdb-3460,Monroe County Transportation Authority (MCTA),Monroe County Transit Authority,Monroe County Transportation Authority (MCTA),PA,auto_accept,30137,"Monroe County Transportation Authority, dba: Pocono Pony",PA,100.0,90.5,9.5,provider_gtfs_filename_state
Pennsylvania__New_Castle_Area_Transit_Authority__mdb_tld-7030,tld-7030,New Castle Area Transit Authority,New Castle Area Transit Authority,New Castle Area Transit Authority,PA,auto_accept,30151,New Castle Area Transit Authority,PA,100.0,90.5,9.5,provider_gtfs_filename_state
Pennsylvania__Port_Authority_of_Allegheny_County__mdb_mdb-409,mdb-409,Port Authority of Allegheny County,Pittsburgh Regional Transit,Port Authority of Allegheny County,PA,auto_accept,30022,Pittsburgh Regional Transit,PA,100.0,90.5,9.5,provider_gtfs_filename_state
Pennsylvania__Pottstown_Area_Rapid_Transit__mdb_tld-7025,tld-7025,Pottstown Area Rapid Transit,Pottstown Area Rapid Transit,Pottstown Area Rapid Transit,PA,auto_accept,30077,"Borough of Pottstown, dba: Pottstown Area Rapid Transit",PA,100.0,90.5,9.5,provider_gtfs_filename_state
Pennsylvania__Schuylkill_Transportation_System__mdb_tld-4688,tld-4688,Schuylkill Transportation System,Schuylkill Transportation System,Schuylkill Transportation System,PA,auto_accept,30127,Schuylkill Transportation System,PA,100.0,90.5,9.5,provider_gtfs_filename_state
Pennsylvania__Shenango_Valley_Shuttle_Service__mdb_tld-4663,tld-4663,Shenango Valley Shuttle Service,Shenango Valley Shuttle Service,Shenango Valley Shuttle Service,PA,auto_accept,30055,"Mercer County Regional Council of Governments, dba: Shenango Valley Shuttle Service /MCCT",PA,100.0,90.5,9.5,provider_gtfs_filename_state
Pennsylvania__Trans-Bridge_Lines__mdb_ntd-20169,ntd-20169,Trans-Bridge Lines,,Trans-Bridge Lines,PA,auto_accept,20169,"Trans-Bridge Lines, Inc.",PA,100.0,73.5,26.5,provider_gtfs_filename_state
Pennsylvania__Transit_Authority_of_Warren_County__mdb_ntd-30124,ntd-30124,Transit Authority of Warren County,,Transit Authority of Warren County,PA,auto_accept,30124,"Warren County Transit Authority, dba: Transit Authority of Warren County",PA,100.0,90.5,9.5,provider_gtfs_filename_state
Pennsylvania__Westmoreland_County_Transit_Authority__mdb_tld-6785,tld-6785,Westmoreland County Transit Authority,Westmoreland Transit,Westmoreland County Transit Authority,PA,auto_accept,30044,Westmoreland County Transit Authority,PA,100.0,90.5,9.5,provider_gtfs_filename_state
Puerto_Rico__Municipality_of_Bayamon__mdb_ntd-40137,ntd-40137,Municipality of Bayamon,,Municipality of Bayamon,PR,auto_accept,40137,Municipality of Bayamon,PR,100.0,91.96,8.04,provider_gtfs_filename_state
South_Carolina__Charleston_Area_Regional_Transportation_Authority_(CARTA)__mdb_mdb-352,mdb-352,Charleston Area Regional Transportation Authority (CARTA),Charleston Area Regional Transportation Authority,Charleston Area Regional Transportation Authority (CARTA),SC,auto_accept,40110,Charleston Area Regional Transportation Authority,SC,100.0,90.5,9.5,provider_gtfs_filename_state
South_Carolina__Greenlink__mdb_tld-490,tld-490,Greenlink,Greenlink,Greenlink,SC,auto_accept,40053,"Greenville Transit Authority, dba: Greenlink",SC,100.0,60.38,39.62,provider_gtfs_filename_state
South_Carolina__My_Ride_Rock_Hill__mdb_tld-6741,tld-6741,My Ride Rock Hill,City of Rock Hill,My Ride Rock Hill,SC,auto_accept,40270,"City of Rock Hill, dba: My Ride",SC,100.0,90.5,9.5,provider_gtfs_filename_state
South_Carolina__Pee_Dee_Regional_Transportation_Authority__mdb_ntd-40056,ntd-40056,Pee Dee Regional Transportation Authority,,Pee Dee Regional Transportation Authority,SC,auto_accept,40056,Pee Dee Regional Transportation Authority,SC,100.0,90.5,9.5,provider_gtfs_filename_state
South_Carolina__The_Comet__mdb_mdb-2209,mdb-2209,The Comet,The COMET,The Comet,SC,auto_accept,40141,"Central Midlands Regional Transportation Authority, dba: The COMET",SC,100.0,90.5,9.5,provider_gtfs_filename_state
South_Carolina__TriCounty_Link__mdb_ntd-40206,ntd-40206,TriCounty Link,,TriCounty Link,SC,auto_accept,40206,"Berkeley Charleston Dorchester RTMA, dba: TriCounty Link",SC,100.0,73.5,26.5,provider_gtfs_filename_state
Tennessee__Chattanooga_Area_Regional_Transportation_Authority_(CARTA)__mdb_mdb-3474,mdb-3474,Chattanooga Area Regional Transportation Authority (CARTA),CARTA,Chattanooga Area Regional Transportation Authority (CARTA),TN,auto_accept,40001,Chattanooga Area Regional Transportation Authority,TN,100.0,90.5,9.5,provider_gtfs_filename_state
Tennessee__City_of_Bristol_Tennessee__mdb_ntd-40055,ntd-40055,City of Bristol Tennessee,,City of Bristol Tennessee,TN,auto_accept,40055,"City of Bristol Tennessee, dba: Bristol Tennessee Transit System",TN,100.0,90.5,9.5,provider_gtfs_filename_state
Tennessee__City_of_Gatlinburg_Trolley__mdb_tld-6775,tld-6775,City of Gatlinburg Trolley,City of Gatlinburg,City of Gatlinburg Trolley,TN,auto_accept,41102,City of Gatlinburg,TN,100.0,90.5,9.5,provider_gtfs_filename_state
Tennessee__City_of_Kingsport__mdb_ntd-40080,ntd-40080,City of Kingsport,,City of Kingsport,TN,auto_accept,40080,"City of Kingsport, dba: Kingsport Area Transit Service",TN,100.0,90.5,9.5,provider_gtfs_filename_state
Tennessee__City_of_Pigeon_Forge__mdb_ntd-41136,ntd-41136,City of Pigeon Forge,,City of Pigeon Forge,TN,auto_accept,41136,City of Pigeon Forge,TN,100.0,90.5,9.5,provider_gtfs_filename_state
Tennessee__Cleveland_Urban_Area_Transit_System__mdb_tld-7827,tld-7827,Cleveland Urban Area Transit System,Cleveland Urban Area Transit System (CUATS),Cleveland Urban Area Transit System,TN,auto_accept,40170,"Southeast Tennessee Human Resource Agency, dba: Cleveland Urban Area Transit System Division",TN,100.0,90.5,9.5,provider_gtfs_filename_state
Tennessee__Franklin_Transit_Authority__mdb_mdb-361,mdb-361,Franklin Transit Authority,Franklin Transit,Franklin Transit Authority,TN,auto_accept,40162,"Franklin Transit Authority, dba: Franklin Transit",TN,100.0,90.5,9.5,provider_gtfs_filename_state
Tennessee__Jackson_Transit_Authority__mdb_mdb-2313,mdb-2313,Jackson Transit Authority,Jackson Transit Authority,Jackson Transit Authority,TN,auto_accept,40057,Jackson Transit Authority,TN,100.0,90.5,9.5,provider_gtfs_filename_state
Tennessee__Johnson_City__mdb_ntd-40054,ntd-40054,Johnson City,,Johnson City,TN,auto_accept,40054,"City of Johnson City, dba: Johnson City Transit System",TN,100.0,90.5,9.5,provider_gtfs_filename_state
Texas__Brownsville_Metro__mdb_tld-7927,tld-7927,Brownsville Metro,Brownsville Metro,Brownsville Metro,TX,auto_accept,60014,"City of Brownsville, dba: Brownsville Metro",TX,100.0,90.5,9.5,provider_gtfs_filename_state
Texas__Capital_Metro__mdb_mdb-150,mdb-150,Capital Metro,Capital Metro,Capital Metro,TX,auto_accept,60048,"Capital Metropolitan Transportation Authority, dba: Capital Metro",TX,100.0,90.5,9.5,provider_gtfs_filename_state
Texas__Citibus__mdb_mdb-569,mdb-569,Citibus,Citibus,Citibus,TX,auto_accept,60010,"City of Lubbock, dba: Citibus",TX,100.0,88.0,12.0,provider_gtfs_filename_state
Texas__City_of_Longview__mdb_ntd-60081,ntd-60081,City of Longview,,City of Longview,TX,auto_accept,60081,"City of Longview, dba: City of Longview Transit",TX,100.0,90.5,9.5,provider_gtfs_filename_state
Texas__City_of_Tyler__mdb_ntd-60089,ntd-60089,City of Tyler,,City of Tyler,TX,auto_accept,60089,"City of Tyler, dba: Tyler Transit",TX,100.0,90.5,9.5,provider_gtfs_filename_state
Texas__Dallas_Area_Rapid_Transit_(DART)__mdb_mdb-152,mdb-152,Dallas Area Rapid Transit (DART),DALLAS AREA RAPID TRANSIT,Dallas Area Rapid Transit (DART),TX,auto_accept,60056,Dallas Area Rapid Transit,TX,100.0,90.5,9.5,provider_gtfs_filename_state
Texas__EZ_Rider__mdb_mdb-2634,mdb-2634,EZ Rider,EZ Rider,EZ Rider,TX,auto_accept,60097,"Midland-Odessa Urban Transit District, dba: EZ-Rider",TX,100.0,73.5,26.5,provider_gtfs_filename_state
Texas__El_Paso_Transportation_Authority__mdb_mdb-3419,mdb-3419,El Paso Transportation Authority,El Paso Transportation Authority,El Paso Transportation Authority,TX,auto_accept,60179,"El Paso County, dba: El Paso Transportation Authority",TX,100.0,90.5,9.5,provider_gtfs_filename_state
"Texas__Fort_Bend_County,_Texas__mdb_ntd-60103",ntd-60103,"Fort Bend County, Texas",,"Fort Bend County, Texas",TX,auto_accept,60103,"Fort Bend County, Texas, dba: Fort Bend Transit",TX,100.0,90.5,9.5,provider_gtfs_filename_state
Texas__Galveston_Island_Transit__mdb_mdb-2861,mdb-2861,Galveston Island Transit,Island Transit,Galveston Island Transit,TX,auto_accept,60015,"City of Galveston, dba: Galveston Island Transit",TX,100.0,90.5,9.5,provider_gtfs_filename_state
Texas__McKinney_Avenue_Transit_Authority__mdb_ntd-60133,ntd-60133,McKinney Avenue Transit Authority,,McKinney Avenue Transit Authority,TX,auto_accept,60133,McKinney Avenue Transit Authority,TX,100.0,90.5,9.5,provider_gtfs_filename_state
Texas__Metro_McAllen__mdb_ntd-60099,ntd-60099,Metro McAllen,,Metro McAllen,TX,auto_accept,60099,"City of McAllen, dba: Metro McAllen",TX,100.0,90.5,9.5,provider_gtfs_filename_state
Texas__Midland-Odessa_Urban_Transit_District__mdb_ntd-60097,ntd-60097,Midland-Odessa Urban Transit District,,Midland-Odessa Urban Transit District,TX,auto_accept,60097,"Midland-Odessa Urban Transit District, dba: EZ-Rider",TX,100.0,90.5,9.5,provider_gtfs_filename_state
Texas__STAR_Transit__mdb_mdb-153,mdb-153,STAR Transit,STAR Transit,STAR Transit,TX,auto_accept,60114,STAR Transit,TX,100.0,90.5,9.5,provider_gtfs_filename_state
Texas__Texarkana_Urban_Transit_District_(T-Line_Bus)__mdb_ntd-60093,ntd-60093,Texarkana Urban Transit District (T-Line Bus),,Texarkana Urban Transit District (T-Line Bus),TX,auto_accept,60093,"Texarkana Urban Transit District, dba: T-Line",TX,100.0,90.5,9.5,provider_gtfs_filename_state
Texas__VIA_Metropolitan_Transit__mdb_tld-217,tld-217,VIA Metropolitan Transit,VIA Metropolitan Transit,VIA Metropolitan Transit,TX,auto_accept,60011,"VIA Metropolitan Transit, dba: VIA",TX,100.0,91.67,8.33,provider_gtfs_filename_state
United_States_Virgin_Islands__Virgin_Island_Transit_(VITran)__mdb_ntd-40188,ntd-40188,Virgin Island Transit (VITran),,Virgin Island Transit (VITran),VI,auto_accept,40188,"Government of the Virgin Islands, dba: Vitran",VI,100.0,88.0,12.0,provider_gtfs_filename_state
Utah__Cache_Valley_Transit_District__mdb_ntd-80028,ntd-80028,Cache Valley Transit District,,Cache Valley Transit District,UT,auto_accept,80028,"Cache Valley Transit District, dba: Connect Transit",UT,100.0,90.5,9.5,provider_gtfs_filename_state
Utah__High_Valley_Transit__mdb_tld-7037,tld-7037,High Valley Transit,High Valley Transit,High Valley Transit,UT,auto_accept,88239,High Valley Transit District,UT,100.0,90.5,9.5,provider_gtfs_filename_state
Utah__Utah_Transit_Authority_(UTA)__mdb_mdb-170,mdb-170,Utah Transit Authority (UTA),Utah Transit Authority,Utah Transit Authority (UTA),UT,auto_accept,80001,Utah Transit Authority,UT,100.0,90.5,9.5,provider_gtfs_filename_state
Utah__Ute_Tribe_Public_Transit__mdb_ntd-88200,ntd-88200,Ute Tribe Public Transit,,Ute Tribe Public Transit,UT,auto_accept,88200,"Ute Tribe, dba: Ute Tribe Transit",UT,100.0,90.5,9.5,provider_gtfs_filename_state
Vermont__Chittenden_County_Transportation_Authority_(CCTA)__mdb_mdb-629,mdb-629,Chittenden County Transportation Authority (CCTA),Special Services Transportation Agency | Green Mountain Transit,Chittenden County Transportation Authority (CCTA),VT,auto_accept,10066,Green Mountain Transit Authority,VT,100.0,90.5,9.5,provider_gtfs_filename_state
Vermont__Marble_Valley_Regional_Transit_District_(MVRTD)__mdb_mdb-2831,mdb-2831,Marble Valley Regional Transit District (MVRTD),The Bus (Marble Valley Regional Transit District),Marble Valley Regional Transit District (MVRTD),VT,auto_accept,10154,Marble Valley Regional Transit District,VT,100.0,92.5,7.5,provider_gtfs_filename_state
Vermont__Marble_Valley_Regional_Transit_District_(MVRTD)__mdb_mdb-430,mdb-430,Marble Valley Regional Transit District (MVRTD),The Bus (Marble Valley Regional Transit District),Marble Valley Regional Transit District (MVRTD),VT,auto_accept,10154,Marble Valley Regional Transit District,VT,100.0,92.5,7.5,provider_gtfs_filename_state
Vermont__Rural_Community_Transportation_(RCT)__mdb_mdb-2882,mdb-2882,Rural Community Transportation (RCT),Rural Community Transportation,Rural Community Transportation (RCT),VT,auto_accept,10148,Rural Community Transportation,VT,100.0,76.89,23.11,provider_gtfs_filename_state
Vermont__Vermont_Translines__mdb_mdb-450,mdb-450,Vermont Translines,Vermont Translines,Vermont Translines,VT,auto_accept,11158,"Premier Coach Co., Inc.			, dba: Vermont Translines",VT,100.0,90.5,9.5,provider_gtfs_filename_state
Virginia__Alexandria_Transit_Company_(DASH)__mdb_mdb-482,mdb-482,Alexandria Transit Company (DASH),DASH,Alexandria Transit Company (DASH),VA,auto_accept,30071,"City of Alexandria, dba: DASH",VA,100.0,90.5,9.5,provider_gtfs_filename_state
Virginia__Altavista_Community_Transit_System__mdb_mdb-882,mdb-882,Altavista Community Transit System,Altavista Community Transit System,Altavista Community Transit System,VA,auto_accept,30157,"Town of Altavista, dba: Altavista Community Transit System",VA,100.0,90.5,9.5,provider_gtfs_filename_state
Virginia__Arlington_Transit__mdb_mdb-485,mdb-485,Arlington Transit,Arlington Transit ART,Arlington Transit,VA,auto_accept,30080,"Arlington County, Virginia, dba: Arlington Transit",VA,100.0,90.5,9.5,provider_gtfs_filename_state
Virginia__Bay_Transit__mdb_mdb-224,mdb-224,Bay Transit,Bay Transit,Bay Transit,VA,auto_accept,30172,"Bay Aging, dba: Bay Transit",VA,100.0,90.5,9.5,provider_gtfs_filename_state
Virginia__Bay_Transit__mdb_mdb-2439,mdb-2439,Bay Transit,Bay Transit,Bay Transit,VA,auto_accept,30172,"Bay Aging, dba: Bay Transit",VA,100.0,90.5,9.5,provider_gtfs_filename_state
Virginia__Blackstone_Area_Bus_Service__mdb_mdb-235,mdb-235,Blackstone Area Bus Service,Blackstone Area Bus Service,Blackstone Area Bus Service,VA,auto_accept,30184,"Town of Blackstone, dba: Blackstone Area Bus Service",VA,100.0,90.5,9.5,provider_gtfs_filename_state
Virginia__Charlottesville_Area_Transit_(CAT)__mdb_mdb-3493,mdb-3493,Charlottesville Area Transit (CAT),Charlottesville Area Transit,Charlottesville Area Transit (CAT),VA,auto_accept,30036,"City of Charlottesville, dba: Charlottesville Area Transit",VA,100.0,90.5,9.5,provider_gtfs_filename_state
Virginia__Danville_Transit__mdb_mdb-2440,mdb-2440,Danville Transit,Danville Transit,Danville Transit,VA,auto_accept,30069,"City of Danville, dba: Danville Transit",VA,100.0,90.5,9.5,provider_gtfs_filename_state
Virginia__Danville_Transit__mdb_tld-4145,tld-4145,Danville Transit,Danville Transit,Danville Transit,VA,auto_accept,30069,"City of Danville, dba: Danville Transit",VA,100.0,90.5,9.5,provider_gtfs_filename_state
Virginia__Fairfax_CUE_Bus_(CUE)__mdb_mdb-2885,mdb-2885,Fairfax CUE Bus (CUE),CUE Bus - City of Fairfax,Fairfax CUE Bus (CUE),VA,auto_accept,30058,"City of Fairfax, dba: CUE Bus",VA,100.0,90.5,9.5,provider_gtfs_filename_state
Virginia__Farmville_Area_Bus__mdb_mdb-461,mdb-461,Farmville Area Bus,Farmville Area Bus,Farmville Area Bus,VA,auto_accept,30165,"Town of Farmville, dba: Farmville Area Bus",VA,100.0,90.5,9.5,provider_gtfs_filename_state
Virginia__Four_County_Transit__mdb_mdb-2308,mdb-2308,Four County Transit,Four County Transit,Four County Transit,VA,auto_accept,30174,"Appalachian Agency for Senior Citizens, dba: Four County Transit",VA,100.0,90.5,9.5,provider_gtfs_filename_state
Virginia__Four_County_Transit__mdb_mdb-2448,mdb-2448,Four County Transit,Four County Transit,Four County Transit,VA,auto_accept,30174,"Appalachian Agency for Senior Citizens, dba: Four County Transit",VA,100.0,90.5,9.5,provider_gtfs_filename_state
Virginia__Graham_Transit__mdb_mdb-611,mdb-611,Graham Transit,Graham Transit,Graham Transit,VA,auto_accept,30164,"Town of Bluefield, dba: Graham Transit",VA,100.0,90.5,9.5,provider_gtfs_filename_state
Virginia__Greater_Lynchburg_Transit_Co__mdb_mdb-381,mdb-381,Greater Lynchburg Transit Co.,Greater Lynchburg Transit Co.,Greater Lynchburg Transit Co,VA,auto_accept,30008,Greater Lynchburg Transit Company,VA,100.0,90.5,9.5,provider_gtfs_filename_state
Virginia__Greensville_Emporia_Transit__mdb_mdb-463,mdb-463,Greensville Emporia Transit,Greensville Emporia Transit,Greensville Emporia Transit,VA,auto_accept,31025,"County of Greensville, dba: Greensville Emporia Transit",VA,100.0,90.5,9.5,provider_gtfs_filename_state
Virginia__Jaunt__mdb_mdb-3492,mdb-3492,Jaunt,Jaunt,Jaunt,VA,auto_accept,30045,"JAUNT, Inc.",VA,100.0,60.0,40.0,provider_gtfs_filename_state
Virginia__Loudoun_County_Transit__mdb_mdb-1053,mdb-1053,Loudoun County Transit,LCT,Loudoun County Transit,VA,auto_accept,30081,"Loudoun County, dba: Loudoun County Transit",VA,100.0,90.5,9.5,provider_gtfs_filename_state
Virginia__Mountain_Lynx_Transit__mdb_mdb-334,mdb-334,Mountain Lynx Transit,Mountain Lynx Transit,Mountain Lynx Transit,VA,auto_accept,30123,"District Three Governmental Cooperative, dba: Mountain Lynx Transit",VA,100.0,90.5,9.5,provider_gtfs_filename_state
Virginia__Petersburg_Area_Transit__mdb_mdb-2441,mdb-2441,Petersburg Area Transit,Petersburg Area Transit,Petersburg Area Transit,VA,auto_accept,30009,"City of Petersburg, dba: Petersburg Area Transit",VA,100.0,90.5,9.5,provider_gtfs_filename_state
Virginia__Petersburg_Area_Transit__mdb_mdb-591,mdb-591,Petersburg Area Transit,Petersburg Area Transit,Petersburg Area Transit,VA,auto_accept,30009,"City of Petersburg, dba: Petersburg Area Transit",VA,100.0,90.5,9.5,provider_gtfs_filename_state
Virginia__Potomac_and_Rappahannock_Transportation_Commission_(PRTC)_Omniride__mdb_mdb-1156,mdb-1156,Potomac and Rappahannock Transportation Commission (PRTC) Omniride,OMNIRIDE,Potomac and Rappahannock Transportation Commission (PRTC) Omniride,VA,auto_accept,30070,"Potomac and Rappahannock Transportation Commission, dba: OmniRide",VA,100.0,90.5,9.5,provider_gtfs_filename_state
Virginia__Pulaski_Area_Transit_(PAT)__mdb_mdb-2198,mdb-2198,Pulaski Area Transit (PAT),Pulaski Area Transit,Pulaski Area Transit (PAT),VA,auto_accept,30115,"New River Valley Senior Services, Inc., dba: Pulaski Area Transit",VA,100.0,90.5,9.5,provider_gtfs_filename_state
Virginia__RADAR__mdb_mdb-2443,mdb-2443,RADAR,RADAR,RADAR,VA,auto_accept,30178,"Unified Human Services Transportation Systems, Inc, dba: RADAR",VA,100.0,60.0,40.0,provider_gtfs_filename_state
Virginia__RADAR__mdb_mdb-832,mdb-832,RADAR,RADAR,RADAR,VA,auto_accept,30178,"Unified Human Services Transportation Systems, Inc, dba: RADAR",VA,100.0,60.0,40.0,provider_gtfs_filename_state
Virginia__Radford_Transit__mdb_mdb-2415,mdb-2415,Radford Transit,Radford Transit,Radford Transit,VA,auto_accept,30200,"City of Radford, dba: Radford Transit",VA,100.0,90.5,9.5,provider_gtfs_filename_state
Virginia__STAR_Transit__mdb_mdb-2444,mdb-2444,STAR Transit,STAR Transit,STAR Transit,VA,auto_accept,30114,"Accomack-Northhampton Transportation District Comm, dba: STAR Transit",VA,100.0,90.5,9.5,provider_gtfs_filename_state
Virginia__STAR_Transit__mdb_mdb-819,mdb-819,STAR Transit,STAR Transit,STAR Transit,VA,auto_accept,30114,"Accomack-Northhampton Transportation District Comm, dba: STAR Transit",VA,100.0,90.5,9.5,provider_gtfs_filename_state
Virginia__Valley_Metro__mdb_mdb-2274,mdb-2274,Valley Metro,Valley Metro Roanoke,Valley Metro,VA,auto_accept,30007,"Greater Roanoke Transit Company, dba: Valley Metro",VA,100.0,90.5,9.5,provider_gtfs_filename_state
Virginia__Virginia_Regional_Transit__mdb_mdb-2445,mdb-2445,Virginia Regional Transit,Virginia Regional Transit,Virginia Regional Transit,VA,auto_accept,30118,Virginia Regional Transit,VA,100.0,90.5,9.5,provider_gtfs_filename_state
Virginia__Virginia_Regional_Transit__mdb_mdb-621,mdb-621,Virginia Regional Transit,Virginia Regional Transit,Virginia Regional Transit,VA,auto_accept,30118,Virginia Regional Transit,VA,100.0,90.5,9.5,provider_gtfs_filename_state
Virginia__Williamsburg_Area_Transit_Authority__mdb_mdb-2438,mdb-2438,Williamsburg Area Transit Authority,,Williamsburg Area Transit Authority,VA,auto_accept,30076,Williamsburg Area Transit Authority,VA,100.0,90.5,9.5,provider_gtfs_filename_state
Virginia__Williamsburg_Area_Transit_Authority__mdb_mdb-2649,mdb-2649,Williamsburg Area Transit Authority,Williamsburg Area Transit Authority,Williamsburg Area Transit Authority,VA,auto_accept,30076,Williamsburg Area Transit Authority,VA,100.0,90.5,9.5,provider_gtfs_filename_state
Virginia__WinTran__mdb_mdb-608,mdb-608,WinTran,WinTran,WinTran,VA,auto_accept,30099,"City of Winchester, dba: WinTran",VA,100.0,78.29,21.71,provider_gtfs_filename_state
Washington__Ben_Franklin_Transit__mdb_mdb-2122,mdb-2122,Ben Franklin Transit,BFT,Ben Franklin Transit,WA,auto_accept,00018,Ben Franklin Transit,WA,100.0,90.5,9.5,provider_gtfs_filename_state
Washington__City_of_Pullman__mdb_ntd-294,ntd-294,City of Pullman,,City of Pullman,WA,auto_accept,00294,"City of Pullman, dba: Pullman Transit",WA,100.0,90.5,9.5,provider_gtfs_filename_state
Washington__Clallam_Transit_System__mdb_mdb-279,mdb-279,Clallam Transit System,Clallam Transit System,Clallam Transit System,WA,auto_accept,00303,Clallam Transit System,WA,100.0,90.5,9.5,provider_gtfs_filename_state
Washington__Everett_Transit__mdb_mdb-3038,mdb-3038,Everett Transit,Everett Transit,Everett Transit,WA,auto_accept,00005,"City of Everett, dba: Everett Transit",WA,100.0,90.5,9.5,provider_gtfs_filename_state
Washington__Grant_Transit_Authority__mdb_mdb-2309,mdb-2309,Grant Transit Authority,Grant Transit Authority,Grant Transit Authority,WA,auto_accept,00309,"Grant County Transportation Authority, dba: Grant Transit Authority",WA,100.0,90.5,9.5,provider_gtfs_filename_state
Washington__Grays_Harbor_Transit__mdb_mdb-263,mdb-263,Grays Harbor Transit,Grays Harbor Transit,Grays Harbor Transit,WA,auto_accept,00314,Grays Harbor Transit,WA,100.0,90.5,9.5,provider_gtfs_filename_state
Washington__Intercity_Transit__mdb_mdb-266,mdb-266,Intercity Transit,Intercity Transit,Intercity Transit,WA,auto_accept,00019,Intercity Transit,WA,100.0,90.5,9.5,provider_gtfs_filename_state
Washington__Jefferson_Transit_Authority__mdb_mdb-838,mdb-838,Jefferson Transit Authority,Jefferson Transit Authority,Jefferson Transit Authority,WA,auto_accept,00316,Jefferson Transit,WA,100.0,90.5,9.5,provider_gtfs_filename_state
Washington__Lummi_Transit__mdb_mdb-2320,mdb-2320,Lummi Transit,Lummi Transit,Lummi Transit,WA,auto_accept,00095,"Lummi Nation, dba: Lummi Transit",WA,100.0,90.5,9.5,provider_gtfs_filename_state
Washington__Mason_Transit_Authority__mdb_mdb-264,mdb-264,Mason Transit Authority,Mason Transit Authority,Mason Transit Authority,WA,auto_accept,00315,"Mason County Transportation Authority, dba: Mason Transit Authority",WA,100.0,90.5,9.5,provider_gtfs_filename_state
Washington__Mount_Adams_Transportation_Service__mdb_mdb-580,mdb-580,Mount Adams Transportation Service,Mount Adams Transportation Service,Mount Adams Transportation Service,WA,auto_accept,00299,"Klickitat County Senior Services, dba: Mount Adams Transportation Service",WA,100.0,90.5,9.5,provider_gtfs_filename_state
Washington__Pacific_Transit__mdb_mdb-3112,mdb-3112,Pacific Transit,Pacific Transit,Pacific Transit,WA,auto_accept,00322,Pacific Transit,WA,100.0,90.5,9.5,provider_gtfs_filename_state
Washington__Pahto_Public_Passage__mdb_mdb-2331,mdb-2331,Pahto Public Passage,Pahto Public Passage,Pahto Public Passage,WA,auto_accept,00111,"Confederated Tribes and Bands of The Yakama Nation, dba: Pahto Public Passage",WA,100.0,73.5,26.5,provider_gtfs_filename_state
Washington__RiverCities_Transit_(RCT)__mdb_mdb-259,mdb-259,RiverCities Transit (RCT),RiverCities Transit,RiverCities Transit (RCT),WA,auto_accept,00016,"City of Longview, dba: RiverCities Transit",WA,100.0,90.5,9.5,provider_gtfs_filename_state
Washington__Rural_Resources_Community_Action__mdb_tld-5751,tld-5751,Rural Resources Community Action,Rural Resources Community Action,Rural Resources Community Action,WA,auto_accept,00286,Rural Resources Community Action,WA,100.0,90.5,9.5,provider_gtfs_filename_state
Washington__Seattle_Center_Monorail__mdb_tld-2290,tld-2290,Seattle Center Monorail,Seattle Center Monorail,Seattle Center Monorail,WA,auto_accept,00023,"City of Seattle, dba: Seattle Center Monorail",WA,100.0,90.5,9.5,provider_gtfs_filename_state
Washington__Skagit_Transit__mdb_tld-5895,tld-5895,Skagit Transit,Skagit Transit,Skagit Transit,WA,auto_accept,00044,Skagit Transit,WA,100.0,90.5,9.5,provider_gtfs_filename_state
Washington__The_Moccasin_Express__mdb_mdb-2325,mdb-2325,The Moccasin Express,The Moccasin Express,The Moccasin Express,WA,auto_accept,00207,"Spokane Tribe of Indians, dba: The Moccasin Express",WA,100.0,90.5,9.5,provider_gtfs_filename_state
Washington__Twin_Transit__mdb_tld-5579,tld-5579,Twin Transit,Lewis County Transit,Twin Transit,WA,auto_accept,00364,Lewis County Transit,WA,100.0,90.5,9.5,provider_gtfs_filename_state
Washington__Valley_Transit__mdb_tld-820,tld-820,Valley Transit,Valley Transit,Valley Transit,WA,auto_accept,00064,Valley Transit,WA,100.0,90.5,9.5,provider_gtfs_filename_state
Washington__Wahkiakum_on_the_Move__mdb_mdb-249,mdb-249,Wahkiakum on the Move,Wahkiakum on the Move,Wahkiakum on the Move,WA,auto_accept,00371,"Wahkiakum County, dba: Wahkiakum on the Move",WA,100.0,90.5,9.5,provider_gtfs_filename_state
Washington__Washington_State_Ferries__mdb_mdb-1331,mdb-1331,Washington State Ferries,Washington State Ferries,Washington State Ferries,WA,auto_accept,00035,Washington State Ferries,WA,100.0,90.5,9.5,provider_gtfs_filename_state
Washington__Washington_State_Ferries__mdb_mdb-283,mdb-283,Washington State Ferries,Washington State Ferries,Washington State Ferries,WA,auto_accept,00035,Washington State Ferries,WA,100.0,90.5,9.5,provider_gtfs_filename_state
Washington__Whatcom_Transportation_Authority__mdb_mdb-284,mdb-284,Whatcom Transportation Authority,Whatcom Transportation Authority,Whatcom Transportation Authority,WA,auto_accept,00021,Whatcom Transportation Authority,WA,100.0,90.5,9.5,provider_gtfs_filename_state
Washington__Yakima_Transit__mdb_mdb-276,mdb-276,Yakima Transit,Yakima Transit,Yakima Transit,WA,auto_accept,00006,"City of Yakima, dba: Yakima Transit",WA,100.0,90.5,9.5,provider_gtfs_filename_state
Washington__ruralTRANSIT__mdb_mdb-822,mdb-822,ruralTRANSIT,ruralTRANSIT,ruralTRANSIT,WA,auto_accept,00285,"Thurston Regional Planning Council, dba: ruralTRANSIT",WA,100.0,74.23,25.77,provider_gtfs_filename_state
West_Virginia__Country_Roads_Transit__mdb_ntd-30122,ntd-30122,Country Roads Transit,,Country Roads Transit,WV,auto_accept,30122,"Randolph County Senior Center, dba: Country Roads Transit",WV,100.0,90.5,9.5,provider_gtfs_filename_state
West_Virginia__Eastern_Panhandle_Transit_Authority__mdb_tld-4459,tld-4459,Eastern Panhandle Transit Authority,Eastern Panhandle Transit Authority,Eastern Panhandle Transit Authority,WV,auto_accept,30090,Eastern Panhandle Transit Authority,WV,100.0,90.5,9.5,provider_gtfs_filename_state
West_Virginia__New_River_Transit_Authority__mdb_tld-6713,tld-6713,New River Transit Authority,City of Beckley (New River Transit),New River Transit Authority,WV,auto_accept,30199,"New River Transit Authority, dba: New River Transit",WV,100.0,91.67,8.33,provider_gtfs_filename_state
West_Virginia__West_Virginia_University_Morgantown_Personal_Rapid_Transit__mdb_tld-7068_1,tld-7068_1,West Virginia University Morgantown Personal Rapid Transit,,West Virginia University Morgantown Personal Rapid Transit,WV,auto_accept,30107,"West Virginia University, dba: Personal Rapid Transit",WV,100.0,90.5,9.5,provider_gtfs_filename_state
Wisconsin__Beloit_Transit_System__mdb_tld-77,tld-77,Beloit Transit System,Beloit Transit,Beloit Transit System,WI,auto_accept,50109,"City of Beloit, dba: Beloit Transit System",WI,100.0,90.5,9.5,provider_gtfs_filename_state
Wisconsin__GO_Transit__mdb_mdb-397,mdb-397,GO Transit,GO Transit (City of Oshkosh),GO Transit,WI,auto_accept,50009,"City of Oshkosh, Wisconsin, dba: GO Transit",WI,100.0,90.5,9.5,provider_gtfs_filename_state
Wisconsin__Janesville_Transit_System__mdb_mdb-393,mdb-393,Janesville Transit System,Janesville Transit System,Janesville Transit System,WI,auto_accept,50108,"City of Janesville, dba: Janesville Transit System",WI,100.0,90.5,9.5,provider_gtfs_filename_state
Wisconsin__Metro_Ride__mdb_mdb-830,mdb-830,Metro Ride,Metro Ride,Metro Ride,WI,auto_accept,50091,"City of Wausau, Wisconsin, dba: Metro Ride",WI,100.0,90.5,9.5,provider_gtfs_filename_state
Wisconsin__Metro_Transit_-_City_of_Madison__mdb_mdb-394,mdb-394,Metro Transit - City of Madison,Metro Transit-City of Madison,Metro Transit - City of Madison,WI,auto_accept,50005,City of Madison,WI,100.0,90.5,9.5,provider_gtfs_filename_state
Wisconsin__Ryde_Racine__mdb_mdb-2246,mdb-2246,Ryde Racine,Ryde Racine,Ryde Racine,WI,auto_accept,50006,"City of Racine, Wisconsin, dba: RYDE Racine",WI,100.0,73.5,26.5,provider_gtfs_filename_state
Wisconsin__Shoreline_Metro__mdb_mdb-399,mdb-399,Shoreline Metro,Shoreline Metro,Shoreline Metro,WI,auto_accept,50088,"City of Sheboygan, dba: Shoreline Metro",WI,100.0,90.5,9.5,provider_gtfs_filename_state
Wyoming__Southern_Teton_Area_Rapid_Transit_(START_Bus)__mdb_ntd-80188,ntd-80188,Southern Teton Area Rapid Transit (START Bus),,Southern Teton Area Rapid Transit (START Bus),WY,auto_accept,80188,"Southern Teton Area Rapid Transit, dba: START Bus",WY,100.0,73.71,26.29,provider_gtfs_filename_state
Wyoming__Wind_River_Transportation_Authority__mdb_ntd-80121,ntd-80121,Wind River Transportation Authority,,Wind River Transportation Authority,WY,auto_accept,80121,"Fremont County Association of Governments, dba: Wind River Transportation Authority",WY,100.0,90.5,9.5,provider_gtfs_filename_state
