{"type":"FeatureCollection","features":[{"type":"Feature","properties":{"feed_id":"Texas__Galveston_Island_Transit__mdb_mdb-2861","agency_id":"1","agency_name":"Island Transit","agency_url":"https://www.galvestontx.gov/393/Transportation","route_id":"1-3-4-2","route_short_name":"1-3-4-2","route_long_name":"Island Circular","route_desc":"Downtown via 61st to Ferry Road","route_type":"3","route_type_name":"Bus","route_url":"","route_color":"F5C3A6","route_text_color":"000000","route_sort_order":"","continuous_pickup":"1","continuous_drop_off":"1","network_id":"","shape_id":"1-3-4-2-A-IB","trip_count":23,"direction_ids":"1","trip_headsigns":"Downtown Terminal via Ferry Road","wheelchair_accessible_values":"1","bikes_allowed_values":"1"},"geometry":{"type":"LineString","coordinates":[[-94.78886,29.29794],[-94.78877,29.29797],[-94.78764,29.29827],[-94.7866,29.29854],[-94.78648,29.29857],[-94.78637,29.2986],[-94.78553,29.29882],[-94.78534,29.29887],[-94.7852,29.29844],[-94.78505,29.29799],[-94.7849,29.29756],[-94.78476,29.29714],[-94.78461,29.29671],[-94.78445,29.29626],[-94.78444,29.29625],[-94.7833,29.29654],[-94.78215,29.29684],[-94.78131,29.29706],[-94.78102,29.29715],[-94.77987,29.29745],[-94.78002,29.29789],[-94.78016,29.29832],[-94.78031,29.29876],[-94.78045,29.2992],[-94.78063,29.29963],[-94.78075,29.3],[-94.78077,29.30007],[-94.77963,29.30037],[-94.77848,29.30067],[-94.77734,29.30097],[-94.77674,29.30113],[-94.7762,29.30127],[-94.77613,29.30105],[-94.7762,29.30127],[-94.77635,29.3017],[-94.7765,29.30213],[-94.77664,29.30257],[-94.77679,29.30301],[-94.77565,29.30331],[-94.77451,29.30361],[-94.77466,29.30404],[-94.77481,29.30449],[-94.77487,29.30467],[-94.77503,29.30512],[-94.77517,29.30556],[-94.77532,29.30599],[-94.77547,29.30642],[-94.77562,29.30687],[-94.77576,29.30728],[-94.77591,29.30772],[-94.77607,29.30817],[-94.77621,29.3086],[-94.77636,29.30904],[-94.77664,29.30983],[-94.77666,29.30989],[-94.77656,29.30992],[-94.77604,29.31006],[-94.77522,29.31028],[-94.77497,29.31034],[-94.77472,29.31041],[-94.77453,29.31046],[-94.77446,29.31048],[-94.77433,29.31051],[-94.77426,29.31053],[-94.77412,29.31057],[-94.77407,29.31058],[-94.77323,29.31079],[-94.77311,29.31082],[-94.77209,29.3111],[-94.77099,29.31139],[-94.77086,29.31142],[-94.77002,29.31165],[-94.76985,29.31169],[-94.76975,29.31172],[-94.77005,29.3126],[-94.77019,29.31301],[-94.77027,29.31324],[-94.77034,29.31347],[-94.77042,29.31375],[-94.77045,29.31395],[-94.77047,29.31411],[-94.77045,29.31442],[-94.77055,29.3144],[-94.77067,29.31438],[-94.77095,29.31431],[-94.77102,29.31429],[-94.77123,29.31424],[-94.77133,29.31421],[-94.77143,29.3142],[-94.77151,29.31419],[-94.77158,29.31419],[-94.7717,29.3142],[-94.77173,29.3142],[-94.77182,29.31421],[-94.77194,29.31424],[-94.77203,29.31427],[-94.77221,29.31434],[-94.77231,29.31436],[-94.77242,29.31439],[-94.77251,29.3144],[-94.7726,29.31441],[-94.77272,29.31441],[-94.7728,29.3144],[-94.77295,29.31438],[-94.77309,29.31435],[-94.7732,29.31431],[-94.77316,29.31418],[-94.77314,29.31414],[-94.773,29.31372],[-94.7727,29.31288],[-94.77242,29.31207],[-94.77238,29.31197],[-94.77224,29.31152],[-94.77216,29.31131],[-94.77209,29.3111],[-94.77311,29.31082],[-94.77323,29.31079],[-94.77407,29.31058],[-94.77412,29.31057],[-94.77426,29.31053],[-94.77433,29.31051],[-94.77446,29.31048],[-94.77453,29.31046],[-94.77472,29.31041],[-94.77497,29.31034],[-94.77522,29.31028],[-94.77604,29.31006],[-94.77656,29.30992],[-94.77666,29.30989],[-94.77672,29.30988],[-94.77678,29.30986],[-94.77771,29.30963],[-94.77779,29.3096],[-94.77789,29.30958],[-94.77791,29.30957],[-94.77878,29.30934],[-94.77893,29.30931],[-94.77907,29.30927],[-94.77916,29.30925],[-94.77941,29.30918],[-94.77993,29.30904],[-94.78009,29.30901],[-94.78122,29.30869],[-94.78235,29.3084],[-94.78341,29.30812],[-94.78351,29.30809],[-94.78361,29.30806],[-94.7843,29.30788],[-94.78465,29.30779],[-94.78579,29.30749],[-94.78692,29.30719],[-94.78807,29.30689],[-94.78899,29.30667],[-94.78913,29.30664],[-94.78922,29.30661],[-94.78932,29.30659],[-94.78942,29.30657],[-94.78955,29.30653],[-94.78967,29.3065],[-94.7898,29.30648],[-94.78993,29.30644],[-94.79027,29.30636],[-94.79032,29.30635],[-94.79036,29.30634],[-94.79037,29.30633],[-94.79043,29.30631],[-94.79058,29.30627],[-94.79061,29.30626],[-94.79068,29.30624],[-94.79142,29.30604],[-94.79151,29.30602],[-94.79161,29.30599],[-94.79186,29.30592],[-94.79202,29.30588],[-94.79215,29.30585],[-94.79256,29.30574],[-94.79265,29.30571],[-94.79275,29.30569],[-94.79306,29.3056],[-94.79369,29.30544],[-94.7938,29.30541],[-94.79382,29.3054],[-94.79389,29.30539],[-94.7946,29.3052],[-94.79485,29.30513],[-94.79493,29.30511],[-94.79503,29.30508],[-94.79528,29.30502],[-94.79562,29.30493],[-94.79593,29.30485],[-94.79598,29.30484],[-94.79605,29.30482],[-94.79608,29.30482],[-94.79611,29.30489],[-94.79623,29.30526],[-94.79636,29.30562],[-94.79638,29.30568],[-94.79638,29.30569],[-94.7964,29.30576],[-94.79652,29.30612],[-94.79655,29.30619],[-94.79665,29.30649],[-94.79668,29.30657],[-94.79671,29.30665],[-94.79681,29.30694],[-94.79669,29.30697],[-94.796234,29.307089]]}},{"type":"Feature","properties":{"feed_id":"Texas__Galveston_Island_Transit__mdb_mdb-2861","agency_id":"1","agency_name":"Island Transit","agency_url":"https://www.galvestontx.gov/393/Transportation","route_id":"1-3-4-2","route_short_name":"1-3-4-2","route_long_name":"Island Circular","route_desc":"Downtown via 61st to Ferry Road","route_type":"3","route_type_name":"Bus","route_url":"","route_color":"F5C3A6","route_text_color":"000000","route_sort_order":"","continuous_pickup":"1","continuous_drop_off":"1","network_id":"","shape_id":"1-3-4-2-A-OB","trip_count":69,"direction_ids":"0","trip_headsigns":"61st via Broadway to 21st & M","wheelchair_accessible_values":"1","bikes_allowed_values":"1"},"geometry":{"type":"LineString","coordinates":[[-94.796199,29.306989],[-94.79614,29.30683],[-94.79611,29.30674],[-94.7961,29.30672],[-94.79658,29.3066],[-94.79667,29.30657],[-94.79668,29.30657],[-94.79682,29.30653],[-94.79679,29.30646],[-94.79668,29.30615],[-94.79666,29.30608],[-94.79654,29.30572],[-94.79651,29.30565],[-94.79649,29.30559],[-94.79637,29.30523],[-94.79632,29.30509],[-94.79624,29.30486],[-94.79621,29.30478],[-94.79619,29.30471],[-94.79607,29.30436],[-94.79593,29.30397],[-94.79592,29.30392],[-94.79589,29.30385],[-94.79576,29.30347],[-94.79564,29.30313],[-94.79562,29.30306],[-94.79558,29.30295],[-94.79534,29.30225],[-94.79532,29.30218],[-94.79529,29.3021],[-94.79516,29.30173],[-94.79504,29.30138],[-94.79502,29.30131],[-94.79511,29.30128],[-94.79616,29.30101],[-94.79625,29.30098],[-94.7973,29.30071],[-94.7979,29.30055],[-94.79844,29.30042],[-94.79949,29.30014],[-94.79959,29.30012],[-94.79961,29.30018],[-94.79973,29.30053],[-94.79978,29.3007],[-94.79988,29.30097],[-94.79998,29.30127],[-94.80002,29.3014],[-94.80007,29.30154],[-94.80017,29.30184],[-94.80029,29.30219],[-94.80032,29.30228],[-94.80038,29.30246],[-94.80047,29.30272],[-94.80062,29.30315],[-94.80076,29.30359],[-94.80191,29.30329],[-94.80301,29.30299],[-94.80305,29.30298],[-94.80375,29.30281],[-94.80402,29.30274],[-94.8042,29.30269],[-94.80462,29.30258],[-94.8052,29.30242],[-94.80534,29.30239],[-94.80525,29.30213],[-94.80518,29.30194],[-94.80516,29.30189],[-94.80509,29.3017],[-94.80502,29.30149],[-94.80501,29.30146],[-94.80493,29.30124],[-94.80488,29.30108],[-94.80473,29.30064],[-94.80456,29.30014],[-94.80429,29.29932],[-94.80417,29.29899],[-94.80415,29.29891],[-94.80424,29.29888],[-94.80529,29.29861],[-94.80643,29.2983],[-94.80756,29.29801],[-94.80828,29.29782],[-94.8086,29.29773],[-94.80872,29.2977],[-94.80885,29.29767],[-94.80984,29.29741],[-94.81059,29.29722],[-94.811,29.29711],[-94.81214,29.29681],[-94.81262,29.29668],[-94.81293,29.2966],[-94.81328,29.29651],[-94.81377,29.29637],[-94.81443,29.2962],[-94.81549,29.29593],[-94.81558,29.2959],[-94.81554,29.2958],[-94.81528,29.29504],[-94.81513,29.29461],[-94.815,29.29425],[-94.81497,29.29416],[-94.81506,29.29413],[-94.81612,29.29386],[-94.81726,29.29355],[-94.8184,29.29326],[-94.81864,29.2932],[-94.81895,29.29312],[-94.81955,29.29296],[-94.82032,29.29276],[-94.82069,29.29266],[-94.8218,29.29236],[-94.82255,29.29216],[-94.82297,29.29205],[-94.82352,29.29191],[-94.82401,29.29178],[-94.82411,29.29176],[-94.82421,29.29173],[-94.82433,29.2917],[-94.82457,29.29164],[-94.82525,29.29146],[-94.82629,29.29119],[-94.82639,29.29116],[-94.8265,29.29114],[-94.82757,29.29087],[-94.82756,29.29098],[-94.82761,29.29113],[-94.82784,29.29175],[-94.82812,29.29261],[-94.82827,29.29264],[-94.82856,29.29257],[-94.82877,29.29252],[-94.82904,29.29244],[-94.82928,29.29238],[-94.83011,29.29216],[-94.8303,29.29213],[-94.831,29.29206],[-94.83149,29.29202],[-94.83165,29.29199],[-94.83216,29.29185],[-94.83305,29.29161],[-94.83324,29.29156],[-94.83429,29.29129],[-94.83445,29.2912],[-94.83446,29.29101],[-94.8342,29.29054],[-94.83388,29.28993],[-94.83353,29.28928],[-94.8338,29.28921],[-94.83454,29.28903],[-94.83468,29.289],[-94.83523,29.28894],[-94.8353,29.28894],[-94.83569,29.2889],[-94.83601,29.28889],[-94.83666,29.28892],[-94.83692,29.28893],[-94.83714,29.28893],[-94.83737,29.28893],[-94.83738,29.28893],[-94.83784,29.2889],[-94.83809,29.28888],[-94.83826,29.28888],[-94.83845,29.28887],[-94.83879,29.28884],[-94.83923,29.28883],[-94.84003,29.2888],[-94.84008,29.28879],[-94.84012,29.28935],[-94.84012,29.28937],[-94.84014,29.28958],[-94.84003,29.28959],[-94.83999,29.28959],[-94.83984,29.2896],[-94.83962,29.28962],[-94.83946,29.28963],[-94.83943,29.28963],[-94.8387,29.28973],[-94.83869,29.28971],[-94.83852,29.28947],[-94.83844,29.28932],[-94.83833,29.28908],[-94.83834,29.28902],[-94.83826,29.28888],[-94.83789,29.28823],[-94.83778,29.28824],[-94.83762,29.28825],[-94.8374,29.28826],[-94.83732,29.28827],[-94.83704,29.2883],[-94.83686,29.28832],[-94.8368,29.28833],[-94.83618,29.2884],[-94.83583,29.28846],[-94.83544,29.28857],[-94.83493,29.28874],[-94.83448,29.28884],[-94.83422,29.28891],[-94.83406,29.28895],[-94.83375,29.28903],[-94.8334,29.28913],[-94.83262,29.28933],[-94.83205,29.28948],[-94.83166,29.28958],[-94.83129,29.28968],[-94.83091,29.28978],[-94.82976,29.29008],[-94.82863,29.29038],[-94.82771,29.29062],[-94.8275,29.29067],[-94.82644,29.29094],[-94.82632,29.29097],[-94.82622,29.291],[-94.82613,29.29102],[-94.82557,29.29117],[-94.82523,29.29126],[-94.82519,29.29127],[-94.82512,29.29106],[-94.82503,29.29082],[-94.82489,29.2904],[-94.82474,29.28995],[-94.82459,29.28952],[-94.82399,29.28968],[-94.82394,29.28969],[-94.82355,29.2898],[-94.82345,29.28982],[-94.82335,29.28985],[-94.82254,29.29005],[-94.8223,29.2901],[-94.82116,29.29042],[-94.82003,29.29072],[-94.81951,29.29086],[-94.81888,29.29102],[-94.81773,29.29132],[-94.81713,29.29148],[-94.8166,29.29161],[-94.81625,29.2917],[-94.81545,29.29191],[-94.81444,29.29219],[-94.81441,29.2922],[-94.81431,29.29222],[-94.81429,29.29215],[-94.81423,29.29198],[-94.81416,29.29179],[-94.81415,29.29173],[-94.81409,29.29157],[-94.81404,29.29143],[-94.81401,29.29135],[-94.81392,29.29137],[-94.81388,29.29138],[-94.81287,29.29165],[-94.81266,29.29171],[-94.81172,29.29196],[-94.81138,29.29205],[-94.8106,29.29225],[-94.81026,29.29234],[-94.80945,29.29256],[-94.80829,29.29286],[-94.80789,29.29296],[-94.80715,29.29316],[-94.80639,29.29336],[-94.80637,29.29336],[-94.80601,29.29346],[-94.80488,29.29376],[-94.80398,29.294],[-94.80373,29.29406],[-94.80304,29.29424],[-94.80259,29.29436],[-94.80202,29.29451],[-94.80149,29.29464],[-94.80087,29.2948],[-94.80031,29.29495],[-94.79973,29.2951],[-94.79952,29.29515],[-94.79948,29.29516],[-94.79914,29.29525],[-94.79858,29.2954],[-94.79802,29.29554],[-94.79688,29.29585],[-94.79574,29.29615],[-94.79529,29.29626],[-94.79459,29.29645],[-94.79403,29.2966],[-94.79348,29.29674],[-94.79345,29.29675],[-94.79335,29.29677],[-94.79333,29.29678],[-94.79316,29.29682],[-94.79277,29.29692],[-94.79222,29.29707],[-94.79158,29.29724],[-94.79105,29.29738],[-94.79011,29.29762],[-94.7899,29.29767],[-94.78906,29.29789],[-94.78902,29.2979],[-94.78877,29.29797]]}},{"type":"Feature","properties":{"feed_id":"Texas__Galveston_Island_Transit__mdb_mdb-2861","agency_id":"1","agency_name":"Island Transit","agency_url":"https://www.galvestontx.gov/393/Transportation","route_id":"1-3-4-2","route_short_name":"1-3-4-2","route_long_name":"Island Circular","route_desc":"Downtown via 61st to Ferry Road","route_type":"3","route_type_name":"Bus","route_url":"","route_color":"F5C3A6","route_text_color":"000000","route_sort_order":"","continuous_pickup":"1","continuous_drop_off":"1","network_id":"","shape_id":"1-3-4-2-B-IB","trip_count":45,"direction_ids":"1","trip_headsigns":"Downtown Terminal via Ferry Landing","wheelchair_accessible_values":"1","bikes_allowed_values":"1"},"geometry":{"type":"LineString","coordinates":[[-94.7888901,29.2979364],[-94.78877,29.29797],[-94.78764,29.29827],[-94.7866,29.29854],[-94.78648,29.29857],[-94.78637,29.2986],[-94.78553,29.29882],[-94.78534,29.29887],[-94.7852,29.29844],[-94.78505,29.29799],[-94.7849,29.29756],[-94.78476,29.29714],[-94.78461,29.29671],[-94.78445,29.29626],[-94.78444,29.29625],[-94.7833,29.29654],[-94.78215,29.29684],[-94.78131,29.29706],[-94.78102,29.29715],[-94.77987,29.29745],[-94.78002,29.29789],[-94.78016,29.29832],[-94.78031,29.29876],[-94.78045,29.2992],[-94.78063,29.29963],[-94.78075,29.3],[-94.78077,29.30007],[-94.77963,29.30037],[-94.77848,29.30067],[-94.77734,29.30097],[-94.77674,29.30113],[-94.7762,29.30127],[-94.77613,29.30105],[-94.7762,29.30127],[-94.77635,29.3017],[-94.7765,29.30213],[-94.77664,29.30257],[-94.77679,29.30301],[-94.77565,29.30331],[-94.77451,29.30361],[-94.77466,29.30404],[-94.77481,29.30449],[-94.77487,29.30467],[-94.77503,29.30512],[-94.77517,29.30556],[-94.77532,29.30599],[-94.77547,29.30642],[-94.77562,29.30687],[-94.77576,29.30728],[-94.77591,29.30772],[-94.77607,29.30817],[-94.77621,29.3086],[-94.77636,29.30904],[-94.77664,29.30983],[-94.77666,29.30989],[-94.77656,29.30992],[-94.77604,29.31006],[-94.77522,29.31028],[-94.77497,29.31034],[-94.77472,29.31041],[-94.77453,29.31046],[-94.77446,29.31048],[-94.77433,29.31051],[-94.77426,29.31053],[-94.77412,29.31057],[-94.77407,29.31058],[-94.77323,29.31079],[-94.77311,29.31082],[-94.77209,29.3111],[-94.77099,29.31139],[-94.77086,29.31142],[-94.77002,29.31165],[-94.76985,29.31169],[-94.76975,29.31172],[-94.77005,29.3126],[-94.77019,29.31301],[-94.77027,29.31324],[-94.77034,29.31347],[-94.77042,29.31375],[-94.77045,29.31395],[-94.77047,29.31411],[-94.77045,29.31442],[-94.77044,29.3145],[-94.77041,29.31465],[-94.77033,29.31492],[-94.77024,29.31521],[-94.77018,29.31537],[-94.77008,29.31562],[-94.76999,29.31589],[-94.76979,29.31641],[-94.76967,29.31676],[-94.76952,29.31721],[-94.76948,29.31744],[-94.76945,29.31773],[-94.76947,29.31802],[-94.76951,29.31823],[-94.76957,29.31849],[-94.76965,29.31873],[-94.76986,29.31934],[-94.77001,29.31978],[-94.77012,29.32009],[-94.77035,29.32077],[-94.77058,29.32144],[-94.77063,29.3216],[-94.7708,29.32209],[-94.77086,29.32228],[-94.77103,29.32276],[-94.77139,29.32383],[-94.77144,29.324],[-94.77148,29.32411],[-94.7715,29.32417],[-94.77165,29.32457],[-94.77172,29.32477],[-94.77176,29.3249],[-94.77183,29.32513],[-94.771884,29.325323],[-94.77189,29.32532],[-94.7719,29.32538],[-94.77197,29.32552],[-94.77205,29.32578],[-94.7721,29.32594],[-94.77213,29.32601],[-94.772141,29.326049],[-94.77213,29.32601],[-94.77216,29.32612],[-94.77211,29.32643],[-94.77207,29.32667],[-94.772109,29.326671],[-94.772335,29.326656],[-94.772294,29.32644],[-94.772175,29.326133],[-94.771976,29.325537],[-94.77199,29.32519],[-94.771987,29.325185],[-94.77198,29.32515],[-94.77197,29.32506],[-94.77192,29.32494],[-94.77187,29.32479],[-94.77178,29.32454],[-94.77162,29.32407],[-94.77139,29.32339],[-94.77116,29.32272],[-94.77093,29.32206],[-94.77071,29.3214],[-94.77048,29.32073],[-94.77025,29.32006],[-94.77001,29.31936],[-94.76978,29.31869],[-94.76971,29.31849],[-94.76964,29.31824],[-94.76959,29.31801],[-94.76958,29.31775],[-94.7696,29.31745],[-94.76964,29.31723],[-94.76991,29.31643],[-94.7702,29.31564],[-94.77035,29.3152],[-94.77042,29.31501],[-94.77045,29.3149],[-94.77049,29.31476],[-94.77054,29.31449],[-94.77055,29.3144],[-94.77067,29.31438],[-94.77095,29.31431],[-94.77102,29.31429],[-94.77123,29.31424],[-94.77133,29.31421],[-94.77143,29.3142],[-94.77151,29.31419],[-94.77158,29.31419],[-94.7717,29.3142],[-94.77173,29.3142],[-94.77182,29.31421],[-94.77194,29.31424],[-94.77203,29.31427],[-94.77221,29.31434],[-94.77231,29.31436],[-94.77242,29.31439],[-94.77251,29.3144],[-94.7726,29.31441],[-94.77272,29.31441],[-94.7728,29.3144],[-94.77295,29.31438],[-94.77309,29.31435],[-94.7732,29.31431],[-94.77316,29.31418],[-94.77314,29.31414],[-94.773,29.31372],[-94.7727,29.31288],[-94.77242,29.31207],[-94.77238,29.31197],[-94.77224,29.31152],[-94.77216,29.31131],[-94.77209,29.3111],[-94.77311,29.31082],[-94.77323,29.31079],[-94.77407,29.31058],[-94.77412,29.31057],[-94.77426,29.31053],[-94.77433,29.31051],[-94.77446,29.31048],[-94.77453,29.31046],[-94.77472,29.31041],[-94.77497,29.31034],[-94.77522,29.31028],[-94.77604,29.31006],[-94.77656,29.30992],[-94.77666,29.30989],[-94.77672,29.30988],[-94.77678,29.30986],[-94.77771,29.30963],[-94.77779,29.3096],[-94.77789,29.30958],[-94.77791,29.30957],[-94.77878,29.30934],[-94.77893,29.30931],[-94.77907,29.30927],[-94.77916,29.30925],[-94.77941,29.30918],[-94.77993,29.30904],[-94.78009,29.30901],[-94.78122,29.30869],[-94.78235,29.3084],[-94.78341,29.30812],[-94.78351,29.30809],[-94.78361,29.30806],[-94.7843,29.30788],[-94.78465,29.30779],[-94.78579,29.30749],[-94.78692,29.30719],[-94.78807,29.30689],[-94.78899,29.30667],[-94.78913,29.30664],[-94.78922,29.30661],[-94.78932,29.30659],[-94.78942,29.30657],[-94.78955,29.30653],[-94.78967,29.3065],[-94.7898,29.30648],[-94.78993,29.30644],[-94.79027,29.30636],[-94.79032,29.30635],[-94.79036,29.30634],[-94.79037,29.30633],[-94.79043,29.30631],[-94.79058,29.30627],[-94.79061,29.30626],[-94.79068,29.30624],[-94.79142,29.30604],[-94.79151,29.30602],[-94.79161,29.30599],[-94.79186,29.30592],[-94.79202,29.30588],[-94.79215,29.30585],[-94.79256,29.30574],[-94.79265,29.30571],[-94.79275,29.30569],[-94.79306,29.3056],[-94.79369,29.30544],[-94.7938,29.30541],[-94.79382,29.3054],[-94.79389,29.30539],[-94.7946,29.3052],[-94.79485,29.30513],[-94.79493,29.30511],[-94.79503,29.30508],[-94.79528,29.30502],[-94.79562,29.30493],[-94.79593,29.30485],[-94.79598,29.30484],[-94.79605,29.30482],[-94.79608,29.30482],[-94.79611,29.30489],[-94.79623,29.30526],[-94.79636,29.30562],[-94.79638,29.30568],[-94.79638,29.30569],[-94.7964,29.30576],[-94.79652,29.30612],[-94.79655,29.30619],[-94.79665,29.30649],[-94.79668,29.30657],[-94.79671,29.30665],[-94.79681,29.30694],[-94.79669,29.30697],[-94.796234,29.307089]]}},{"type":"Feature","properties":{"feed_id":"Texas__Galveston_Island_Transit__mdb_mdb-2861","agency_id":"1","agency_name":"Island Transit","agency_url":"https://www.galvestontx.gov/393/Transportation","route_id":"1-3-4-2","route_short_name":"1-3-4-2","route_long_name":"Island Circular","route_desc":"Downtown via 61st to Ferry Road","route_type":"3","route_type_name":"Bus","route_url":"","route_color":"F5C3A6","route_text_color":"000000","route_sort_order":"","continuous_pickup":"1","continuous_drop_off":"1","network_id":"","shape_id":"1-3-4-2-O-1-IB","trip_count":4,"direction_ids":"1","trip_headsigns":"Old Terminal to Ferry Road","wheelchair_accessible_values":"1","bikes_allowed_values":"1"},"geometry":{"type":"LineString","coordinates":[[-94.78877,29.29797],[-94.78764,29.29827],[-94.7866,29.29854],[-94.78648,29.29857],[-94.78637,29.2986],[-94.78553,29.29882],[-94.78534,29.29887],[-94.7852,29.29844],[-94.78505,29.29799],[-94.7849,29.29756],[-94.78476,29.29714],[-94.78461,29.29671],[-94.78445,29.29626],[-94.78444,29.29625],[-94.7833,29.29654],[-94.78215,29.29684],[-94.78131,29.29706],[-94.78102,29.29715],[-94.77987,29.29745],[-94.78002,29.29789],[-94.78016,29.29832],[-94.78031,29.29876],[-94.78045,29.2992],[-94.78063,29.29963],[-94.78075,29.3],[-94.78077,29.30007],[-94.77963,29.30037],[-94.77848,29.30067],[-94.77734,29.30097],[-94.77674,29.30113],[-94.7762,29.30127],[-94.77613,29.30105],[-94.7762,29.30127],[-94.77635,29.3017],[-94.7765,29.30213],[-94.77664,29.30257],[-94.77679,29.30301],[-94.77565,29.30331],[-94.77451,29.30361],[-94.77466,29.30404],[-94.77481,29.30449],[-94.77487,29.30467],[-94.77503,29.30512],[-94.77517,29.30556],[-94.77532,29.30599],[-94.77547,29.30642],[-94.77562,29.30687],[-94.77576,29.30728],[-94.77591,29.30772],[-94.77607,29.30817],[-94.77621,29.3086],[-94.77636,29.30904],[-94.77664,29.30983],[-94.77666,29.30989],[-94.77656,29.30992],[-94.77604,29.31006],[-94.77522,29.31028],[-94.77497,29.31034],[-94.77472,29.31041],[-94.77453,29.31046],[-94.77446,29.31048],[-94.77433,29.31051],[-94.77426,29.31053],[-94.77412,29.31057],[-94.77407,29.31058],[-94.77323,29.31079],[-94.77311,29.31082],[-94.77209,29.3111],[-94.77099,29.31139],[-94.77086,29.31142],[-94.77002,29.31165],[-94.76985,29.31169],[-94.76975,29.31172],[-94.77005,29.3126],[-94.77019,29.31301],[-94.77027,29.31324],[-94.77034,29.31347],[-94.77042,29.31375],[-94.77045,29.31395],[-94.77047,29.31411],[-94.77045,29.31442],[-94.77055,29.3144],[-94.77067,29.31438],[-94.77095,29.31431],[-94.77102,29.31429],[-94.77123,29.31424],[-94.77133,29.31421],[-94.77143,29.3142],[-94.77151,29.31419],[-94.77158,29.31419],[-94.7717,29.3142],[-94.77173,29.3142],[-94.77182,29.31421],[-94.77194,29.31424],[-94.77203,29.31427],[-94.77221,29.31434],[-94.77231,29.31436],[-94.77242,29.31439],[-94.77251,29.3144],[-94.7726,29.31441],[-94.77272,29.31441],[-94.7728,29.3144],[-94.77295,29.31438],[-94.77309,29.31435],[-94.7732,29.31431],[-94.77316,29.31418],[-94.77314,29.31414],[-94.773,29.31372],[-94.7727,29.31288],[-94.77242,29.31207],[-94.77238,29.31197],[-94.77224,29.31152],[-94.77216,29.31131],[-94.77209,29.3111],[-94.77311,29.31082],[-94.77323,29.31079],[-94.77407,29.31058],[-94.77412,29.31057],[-94.77426,29.31053],[-94.77433,29.31051],[-94.77446,29.31048],[-94.77453,29.31046],[-94.77472,29.31041],[-94.77497,29.31034],[-94.77522,29.31028],[-94.77604,29.31006],[-94.77656,29.30992],[-94.77666,29.30989],[-94.77672,29.30988],[-94.77678,29.30986],[-94.77771,29.30963],[-94.77779,29.3096],[-94.77789,29.30958],[-94.77791,29.30957],[-94.77878,29.30934],[-94.77893,29.30931],[-94.77907,29.30927],[-94.77916,29.30925],[-94.77941,29.30918],[-94.77993,29.30904],[-94.78009,29.30901],[-94.78122,29.30869],[-94.78235,29.3084],[-94.78341,29.30812],[-94.78351,29.30809],[-94.78361,29.30806],[-94.7843,29.30788],[-94.78465,29.30779],[-94.78579,29.30749],[-94.78692,29.30719],[-94.78807,29.30689],[-94.78899,29.30667],[-94.78913,29.30664],[-94.78922,29.30661],[-94.78932,29.30659],[-94.78942,29.30657],[-94.78955,29.30653],[-94.78967,29.3065],[-94.7898,29.30648],[-94.78993,29.30644],[-94.79027,29.30636],[-94.79032,29.30635],[-94.790213,29.306108]]}},{"type":"Feature","properties":{"feed_id":"Texas__Galveston_Island_Transit__mdb_mdb-2861","agency_id":"1","agency_name":"Island Transit","agency_url":"https://www.galvestontx.gov/393/Transportation","route_id":"1-3-4-2","route_short_name":"1-3-4-2","route_long_name":"Island Circular","route_desc":"Downtown via 61st to Ferry Road","route_type":"3","route_type_name":"Bus","route_url":"","route_color":"F5C3A6","route_text_color":"000000","route_sort_order":"","continuous_pickup":"1","continuous_drop_off":"1","network_id":"","shape_id":"1-3-4-2-O-1-OB","trip_count":12,"direction_ids":"0","trip_headsigns":"20th & Ave M via 61st","wheelchair_accessible_values":"1","bikes_allowed_values":"1"},"geometry":{"type":"LineString","coordinates":[[-94.790236,29.306208],[-94.790077,29.305777],[-94.79005,29.30545],[-94.79004,29.30537],[-94.79003,29.30536],[-94.78997,29.30519],[-94.78991,29.30501],[-94.78977,29.30458],[-94.79083,29.3043],[-94.79092,29.30428],[-94.79102,29.30425],[-94.79195,29.30401],[-94.79206,29.30398],[-94.79215,29.30396],[-94.79311,29.30371],[-94.79321,29.30368],[-94.7933,29.30366],[-94.79435,29.30339],[-94.7954,29.30311],[-94.79547,29.30309],[-94.79549,29.30309],[-94.7956,29.30306],[-94.79562,29.30306],[-94.79558,29.30295],[-94.79534,29.30225],[-94.79532,29.30218],[-94.79529,29.3021],[-94.79516,29.30173],[-94.79504,29.30138],[-94.79502,29.30131],[-94.79511,29.30128],[-94.79616,29.30101],[-94.79625,29.30098],[-94.7973,29.30071],[-94.7979,29.30055],[-94.79844,29.30042],[-94.79949,29.30014],[-94.79959,29.30012],[-94.79961,29.30018],[-94.79973,29.30053],[-94.79978,29.3007],[-94.79988,29.30097],[-94.79998,29.30127],[-94.80002,29.3014],[-94.80007,29.30154],[-94.80017,29.30184],[-94.80029,29.30219],[-94.80032,29.30228],[-94.80038,29.30246],[-94.80047,29.30272],[-94.80062,29.30315],[-94.80076,29.30359],[-94.80191,29.30329],[-94.80301,29.30299],[-94.80305,29.30298],[-94.80375,29.30281],[-94.80402,29.30274],[-94.8042,29.30269],[-94.80462,29.30258],[-94.8052,29.30242],[-94.80534,29.30239],[-94.80525,29.30213],[-94.80518,29.30194],[-94.80516,29.30189],[-94.80509,29.3017],[-94.80502,29.30149],[-94.80501,29.30146],[-94.80493,29.30124],[-94.80488,29.30108],[-94.80473,29.30064],[-94.80456,29.30014],[-94.80429,29.29932],[-94.80417,29.29899],[-94.80415,29.29891],[-94.80424,29.29888],[-94.80529,29.29861],[-94.80643,29.2983],[-94.80756,29.29801],[-94.80828,29.29782],[-94.8086,29.29773],[-94.80872,29.2977],[-94.80885,29.29767],[-94.80984,29.29741],[-94.81059,29.29722],[-94.811,29.29711],[-94.81214,29.29681],[-94.81262,29.29668],[-94.81293,29.2966],[-94.81328,29.29651],[-94.81377,29.29637],[-94.81443,29.2962],[-94.81549,29.29593],[-94.81558,29.2959],[-94.81554,29.2958],[-94.81528,29.29504],[-94.81513,29.29461],[-94.815,29.29425],[-94.81497,29.29416],[-94.81506,29.29413],[-94.81612,29.29386],[-94.81726,29.29355],[-94.8184,29.29326],[-94.81864,29.2932],[-94.81895,29.29312],[-94.81955,29.29296],[-94.82032,29.29276],[-94.82069,29.29266],[-94.8218,29.29236],[-94.82255,29.29216],[-94.82297,29.29205],[-94.82352,29.29191],[-94.82401,29.29178],[-94.82411,29.29176],[-94.82421,29.29173],[-94.82433,29.2917],[-94.82457,29.29164],[-94.82525,29.29146],[-94.82629,29.29119],[-94.82639,29.29116],[-94.8265,29.29114],[-94.82757,29.29087],[-94.82756,29.29098],[-94.82761,29.29113],[-94.82784,29.29175],[-94.82812,29.29261],[-94.82827,29.29264],[-94.82856,29.29257],[-94.82877,29.29252],[-94.82904,29.29244],[-94.82928,29.29238],[-94.83011,29.29216],[-94.8303,29.29213],[-94.831,29.29206],[-94.83149,29.29202],[-94.83165,29.29199],[-94.83216,29.29185],[-94.83305,29.29161],[-94.83324,29.29156],[-94.83429,29.29129],[-94.83445,29.2912],[-94.83446,29.29101],[-94.8342,29.29054],[-94.83388,29.28993],[-94.83353,29.28928],[-94.8338,29.28921],[-94.83454,29.28903],[-94.83468,29.289],[-94.83523,29.28894],[-94.8353,29.28894],[-94.83569,29.2889],[-94.83601,29.28889],[-94.83666,29.28892],[-94.83692,29.28893],[-94.83714,29.28893],[-94.83737,29.28893],[-94.83738,29.28893],[-94.83784,29.2889],[-94.83809,29.28888],[-94.83826,29.28888],[-94.83845,29.28887],[-94.83879,29.28884],[-94.83923,29.28883],[-94.84003,29.2888],[-94.84008,29.28879],[-94.84012,29.28935],[-94.84012,29.28937],[-94.84014,29.28958],[-94.84003,29.28959],[-94.83999,29.28959],[-94.83984,29.2896],[-94.83962,29.28962],[-94.83946,29.28963],[-94.83943,29.28963],[-94.8387,29.28973],[-94.83869,29.28971],[-94.83852,29.28947],[-94.83844,29.28932],[-94.83833,29.28908],[-94.83834,29.28902],[-94.83826,29.28888],[-94.83789,29.28823],[-94.83778,29.28824],[-94.83762,29.28825],[-94.8374,29.28826],[-94.83732,29.28827],[-94.83704,29.2883],[-94.83686,29.28832],[-94.8368,29.28833],[-94.83618,29.2884],[-94.83583,29.28846],[-94.83544,29.28857],[-94.83493,29.28874],[-94.83448,29.28884],[-94.83422,29.28891],[-94.83406,29.28895],[-94.83375,29.28903],[-94.8334,29.28913],[-94.83262,29.28933],[-94.83205,29.28948],[-94.83166,29.28958],[-94.83129,29.28968],[-94.83091,29.28978],[-94.82976,29.29008],[-94.82863,29.29038],[-94.82771,29.29062],[-94.8275,29.29067],[-94.82644,29.29094],[-94.82632,29.29097],[-94.82622,29.291],[-94.82613,29.29102],[-94.82557,29.29117],[-94.82523,29.29126],[-94.82519,29.29127],[-94.82512,29.29106],[-94.82503,29.29082],[-94.82489,29.2904],[-94.82474,29.28995],[-94.82459,29.28952],[-94.82399,29.28968],[-94.82394,29.28969],[-94.82355,29.2898],[-94.82345,29.28982],[-94.82335,29.28985],[-94.82254,29.29005],[-94.8223,29.2901],[-94.82116,29.29042],[-94.82003,29.29072],[-94.81951,29.29086],[-94.81888,29.29102],[-94.81773,29.29132],[-94.81713,29.29148],[-94.8166,29.29161],[-94.81625,29.2917],[-94.81545,29.29191],[-94.81444,29.29219],[-94.81441,29.2922],[-94.81431,29.29222],[-94.81429,29.29215],[-94.81423,29.29198],[-94.81416,29.29179],[-94.81415,29.29173],[-94.81409,29.29157],[-94.81404,29.29143],[-94.81401,29.29135],[-94.81392,29.29137],[-94.81388,29.29138],[-94.81287,29.29165],[-94.81266,29.29171],[-94.81172,29.29196],[-94.81138,29.29205],[-94.8106,29.29225],[-94.81026,29.29234],[-94.80945,29.29256],[-94.80829,29.29286],[-94.80789,29.29296],[-94.80715,29.29316],[-94.80639,29.29336],[-94.80637,29.29336],[-94.80601,29.29346],[-94.80488,29.29376],[-94.80398,29.294],[-94.80373,29.29406],[-94.80304,29.29424],[-94.80259,29.29436],[-94.80202,29.29451],[-94.80149,29.29464],[-94.80087,29.2948],[-94.80031,29.29495],[-94.79973,29.2951],[-94.79952,29.29515],[-94.79948,29.29516],[-94.79914,29.29525],[-94.79858,29.2954],[-94.79802,29.29554],[-94.79688,29.29585],[-94.79574,29.29615],[-94.79529,29.29626],[-94.79459,29.29645],[-94.79403,29.2966],[-94.79348,29.29674],[-94.79345,29.29675],[-94.79335,29.29677],[-94.79333,29.29678],[-94.79316,29.29682],[-94.79277,29.29692],[-94.79222,29.29707],[-94.79158,29.29724],[-94.79105,29.29738],[-94.79011,29.29762],[-94.7899,29.29767],[-94.78926,29.29784],[-94.78902,29.2979],[-94.78885,29.29795]]}},{"type":"Feature","properties":{"feed_id":"Texas__Galveston_Island_Transit__mdb_mdb-2861","agency_id":"1","agency_name":"Island Transit","agency_url":"https://www.galvestontx.gov/393/Transportation","route_id":"1-3-4-2","route_short_name":"1-3-4-2","route_long_name":"Island Circular","route_desc":"Downtown via 61st to Ferry Road","route_type":"3","route_type_name":"Bus","route_url":"","route_color":"F5C3A6","route_text_color":"000000","route_sort_order":"","continuous_pickup":"1","continuous_drop_off":"1","network_id":"","shape_id":"1-3-4-2-O-2-IB","trip_count":8,"direction_ids":"1","trip_headsigns":"Old Terminal via Ferry Rd","wheelchair_accessible_values":"1","bikes_allowed_values":"1"},"geometry":{"type":"LineString","coordinates":[[-94.78877,29.29797],[-94.78764,29.29827],[-94.7866,29.29854],[-94.78648,29.29857],[-94.78637,29.2986],[-94.78553,29.29882],[-94.78534,29.29887],[-94.7852,29.29844],[-94.78505,29.29799],[-94.7849,29.29756],[-94.78476,29.29714],[-94.78461,29.29671],[-94.78445,29.29626],[-94.78444,29.29625],[-94.7833,29.29654],[-94.78215,29.29684],[-94.78131,29.29706],[-94.78102,29.29715],[-94.77987,29.29745],[-94.78002,29.29789],[-94.78016,29.29832],[-94.78031,29.29876],[-94.78045,29.2992],[-94.78063,29.29963],[-94.78075,29.3],[-94.78077,29.30007],[-94.77963,29.30037],[-94.77848,29.30067],[-94.77734,29.30097],[-94.77674,29.30113],[-94.7762,29.30127],[-94.77613,29.30105],[-94.7762,29.30127],[-94.77635,29.3017],[-94.7765,29.30213],[-94.77664,29.30257],[-94.77679,29.30301],[-94.77565,29.30331],[-94.77451,29.30361],[-94.77466,29.30404],[-94.77481,29.30449],[-94.77487,29.30467],[-94.77503,29.30512],[-94.77517,29.30556],[-94.77532,29.30599],[-94.77547,29.30642],[-94.77562,29.30687],[-94.77576,29.30728],[-94.77591,29.30772],[-94.77607,29.30817],[-94.77621,29.3086],[-94.77636,29.30904],[-94.77664,29.30983],[-94.77666,29.30989],[-94.77656,29.30992],[-94.77604,29.31006],[-94.77522,29.31028],[-94.77497,29.31034],[-94.77472,29.31041],[-94.77453,29.31046],[-94.77446,29.31048],[-94.77433,29.31051],[-94.77426,29.31053],[-94.77412,29.31057],[-94.77407,29.31058],[-94.77323,29.31079],[-94.77311,29.31082],[-94.77209,29.3111],[-94.77099,29.31139],[-94.77086,29.31142],[-94.77002,29.31165],[-94.76985,29.31169],[-94.76975,29.31172],[-94.77005,29.3126],[-94.77019,29.31301],[-94.77027,29.31324],[-94.77034,29.31347],[-94.77042,29.31375],[-94.77045,29.31395],[-94.77047,29.31411],[-94.77045,29.31442],[-94.77044,29.3145],[-94.77041,29.31465],[-94.77033,29.31492],[-94.77024,29.31521],[-94.77018,29.31537],[-94.77008,29.31562],[-94.76999,29.31589],[-94.76979,29.31641],[-94.76967,29.31676],[-94.76952,29.31721],[-94.76948,29.31744],[-94.76945,29.31773],[-94.76947,29.31802],[-94.76951,29.31823],[-94.76957,29.31849],[-94.76965,29.31873],[-94.76986,29.31934],[-94.77001,29.31978],[-94.77012,29.32009],[-94.77035,29.32077],[-94.77058,29.32144],[-94.77063,29.3216],[-94.7708,29.32209],[-94.77086,29.32228],[-94.77103,29.32276],[-94.77139,29.32383],[-94.77144,29.324],[-94.77148,29.32411],[-94.7715,29.32417],[-94.77165,29.32457],[-94.77172,29.32477],[-94.77176,29.3249],[-94.77183,29.32513],[-94.771884,29.325323],[-94.77189,29.32532],[-94.7719,29.32538],[-94.77197,29.32552],[-94.77205,29.32578],[-94.7721,29.32594],[-94.77213,29.32601],[-94.772141,29.326049],[-94.77213,29.32601],[-94.77216,29.32612],[-94.77211,29.32643],[-94.77207,29.32667],[-94.772109,29.326671],[-94.772335,29.326656],[-94.772294,29.32644],[-94.772175,29.326133],[-94.771976,29.325537],[-94.77199,29.32519],[-94.771987,29.325185],[-94.77198,29.32515],[-94.77197,29.32506],[-94.77192,29.32494],[-94.77187,29.32479],[-94.77178,29.32454],[-94.77162,29.32407],[-94.77139,29.32339],[-94.77116,29.32272],[-94.77093,29.32206],[-94.77071,29.3214],[-94.77048,29.32073],[-94.77025,29.32006],[-94.77001,29.31936],[-94.76978,29.31869],[-94.76971,29.31849],[-94.76964,29.31824],[-94.76959,29.31801],[-94.76958,29.31775],[-94.7696,29.31745],[-94.76964,29.31723],[-94.76991,29.31643],[-94.7702,29.31564],[-94.77035,29.3152],[-94.77042,29.31501],[-94.77045,29.3149],[-94.77049,29.31476],[-94.77054,29.31449],[-94.77055,29.3144],[-94.77067,29.31438],[-94.77095,29.31431],[-94.77102,29.31429],[-94.77123,29.31424],[-94.77133,29.31421],[-94.77143,29.3142],[-94.77151,29.31419],[-94.77158,29.31419],[-94.7717,29.3142],[-94.77173,29.3142],[-94.77182,29.31421],[-94.77194,29.31424],[-94.77203,29.31427],[-94.77221,29.31434],[-94.77231,29.31436],[-94.77242,29.31439],[-94.77251,29.3144],[-94.7726,29.31441],[-94.77272,29.31441],[-94.7728,29.3144],[-94.77295,29.31438],[-94.77309,29.31435],[-94.7732,29.31431],[-94.77316,29.31418],[-94.77314,29.31414],[-94.773,29.31372],[-94.7727,29.31288],[-94.77242,29.31207],[-94.77238,29.31197],[-94.77224,29.31152],[-94.77216,29.31131],[-94.77209,29.3111],[-94.77311,29.31082],[-94.77323,29.31079],[-94.77407,29.31058],[-94.77412,29.31057],[-94.77426,29.31053],[-94.77433,29.31051],[-94.77446,29.31048],[-94.77453,29.31046],[-94.77472,29.31041],[-94.77497,29.31034],[-94.77522,29.31028],[-94.77604,29.31006],[-94.77656,29.30992],[-94.77666,29.30989],[-94.77672,29.30988],[-94.77678,29.30986],[-94.77771,29.30963],[-94.77779,29.3096],[-94.77789,29.30958],[-94.77791,29.30957],[-94.77878,29.30934],[-94.77893,29.30931],[-94.77907,29.30927],[-94.77916,29.30925],[-94.77941,29.30918],[-94.77993,29.30904],[-94.78009,29.30901],[-94.78122,29.30869],[-94.78235,29.3084],[-94.78341,29.30812],[-94.78351,29.30809],[-94.78361,29.30806],[-94.7843,29.30788],[-94.78465,29.30779],[-94.78579,29.30749],[-94.78692,29.30719],[-94.78807,29.30689],[-94.78899,29.30667],[-94.78913,29.30664],[-94.78922,29.30661],[-94.78932,29.30659],[-94.78942,29.30657],[-94.78955,29.30653],[-94.78967,29.3065],[-94.7898,29.30648],[-94.78993,29.30644],[-94.79027,29.30636],[-94.79032,29.30635],[-94.790213,29.306108]]}},{"type":"Feature","properties":{"feed_id":"Texas__Galveston_Island_Transit__mdb_mdb-2861","agency_id":"1","agency_name":"Island Transit","agency_url":"https://www.galvestontx.gov/393/Transportation","route_id":"1","route_short_name":"1","route_long_name":"via Ball","route_desc":"Downtown Terminal to Justice Center via Ball","route_type":"3","route_type_name":"Bus","route_url":"","route_color":"0E8955","route_text_color":"FFFFFF","route_sort_order":"","continuous_pickup":"1","continuous_drop_off":"1","network_id":"","shape_id":"1-A-IB","trip_count":128,"direction_ids":"0","trip_headsigns":"53rd via & Broadway","wheelchair_accessible_values":"1","bikes_allowed_values":"1"},"geometry":{"type":"LineString","coordinates":[[-94.82639,29.29116],[-94.82669,29.29205],[-94.82695,29.29283],[-94.82699,29.29293],[-94.82727,29.29377],[-94.82611,29.29408],[-94.82546,29.29425],[-94.8254,29.29427],[-94.825,29.29437],[-94.82471,29.29352],[-94.82442,29.29264],[-94.82436,29.29247],[-94.82426,29.2922],[-94.82423,29.29211],[-94.82418,29.29197],[-94.82411,29.29176],[-94.82405,29.29157],[-94.82395,29.2916],[-94.82291,29.29187],[-94.82256,29.29196],[-94.82175,29.29217],[-94.82062,29.29247],[-94.81949,29.29276],[-94.81834,29.29307],[-94.8172,29.29337],[-94.81695,29.29344],[-94.81666,29.29351],[-94.81654,29.29355],[-94.81605,29.29368],[-94.815,29.29396],[-94.81495,29.29397],[-94.81491,29.29398],[-94.81497,29.29416],[-94.815,29.29425],[-94.81513,29.29461],[-94.81528,29.29504],[-94.81554,29.2958],[-94.81558,29.2959],[-94.81443,29.2962],[-94.81379,29.29637],[-94.81377,29.29637],[-94.81328,29.29651],[-94.81293,29.2966],[-94.81262,29.29668],[-94.81214,29.29681],[-94.811,29.29711],[-94.81059,29.29722],[-94.80984,29.29741],[-94.80885,29.29767],[-94.80872,29.2977],[-94.8086,29.29773],[-94.80756,29.29801],[-94.80643,29.2983],[-94.80529,29.29861],[-94.80424,29.29888],[-94.80415,29.29891],[-94.80417,29.29899],[-94.80429,29.29932],[-94.80456,29.30014],[-94.80473,29.30064],[-94.80488,29.30108],[-94.80493,29.30124],[-94.80501,29.30146],[-94.80502,29.30149],[-94.80509,29.3017],[-94.80516,29.30189],[-94.80518,29.30194],[-94.80525,29.30213],[-94.80534,29.30239],[-94.8052,29.30242],[-94.80462,29.30258],[-94.8042,29.30269],[-94.80402,29.30274],[-94.80375,29.30281],[-94.80305,29.30298],[-94.80301,29.30299],[-94.80275,29.30306],[-94.80191,29.30329],[-94.80076,29.30359],[-94.80062,29.30315],[-94.80047,29.30272],[-94.80038,29.30246],[-94.80032,29.30228],[-94.80029,29.30219],[-94.80017,29.30184],[-94.80007,29.30154],[-94.80002,29.3014],[-94.79998,29.30127],[-94.79988,29.30097],[-94.79978,29.3007],[-94.79973,29.30053],[-94.79961,29.30018],[-94.79959,29.30012],[-94.79949,29.30014],[-94.79844,29.30042],[-94.7979,29.30055],[-94.7973,29.30071],[-94.79625,29.30098],[-94.79616,29.30101],[-94.79512,29.30128],[-94.79511,29.30128],[-94.79502,29.30131],[-94.795,29.30131],[-94.79489,29.30134],[-94.79492,29.30141],[-94.79504,29.30178],[-94.79517,29.30214],[-94.79519,29.30221],[-94.79522,29.30229],[-94.79534,29.30264],[-94.79546,29.30298],[-94.79549,29.30309],[-94.79552,29.30316],[-94.79563,29.3035],[-94.7957,29.30369],[-94.79576,29.30388],[-94.79579,29.30395],[-94.7958,29.304],[-94.79593,29.30439],[-94.79598,29.30453],[-94.79605,29.30474],[-94.79608,29.30482],[-94.79611,29.30489],[-94.79623,29.30526],[-94.79636,29.30562],[-94.79638,29.30568],[-94.79638,29.30569],[-94.7964,29.30576],[-94.79652,29.30612],[-94.79655,29.30619],[-94.79665,29.30649],[-94.79668,29.30657],[-94.79671,29.30665],[-94.79681,29.30694],[-94.79669,29.30697],[-94.796243,29.307085]]}},{"type":"Feature","properties":{"feed_id":"Texas__Galveston_Island_Transit__mdb_mdb-2861","agency_id":"1","agency_name":"Island Transit","agency_url":"https://www.galvestontx.gov/393/Transportation","route_id":"1","route_short_name":"1","route_long_name":"via Ball","route_desc":"Downtown Terminal to Justice Center via Ball","route_type":"3","route_type_name":"Bus","route_url":"","route_color":"0E8955","route_text_color":"FFFFFF","route_sort_order":"","continuous_pickup":"1","continuous_drop_off":"1","network_id":"","shape_id":"1-A-OB","trip_count":128,"direction_ids":"1","trip_headsigns":"Terminal via Market","wheelchair_accessible_values":"1","bikes_allowed_values":"1"},"geometry":{"type":"LineString","coordinates":[[-94.796219,29.307051],[-94.79614,29.30683],[-94.79611,29.30674],[-94.7961,29.30672],[-94.79658,29.3066],[-94.79667,29.30657],[-94.79668,29.30657],[-94.79682,29.30653],[-94.79679,29.30646],[-94.79668,29.30615],[-94.79666,29.30608],[-94.79654,29.30572],[-94.79651,29.30565],[-94.79649,29.30559],[-94.79637,29.30523],[-94.79632,29.30509],[-94.79624,29.30486],[-94.79621,29.30478],[-94.79619,29.30471],[-94.79607,29.30436],[-94.79593,29.30397],[-94.79592,29.30392],[-94.79589,29.30385],[-94.79576,29.30347],[-94.79564,29.30313],[-94.79562,29.30306],[-94.79558,29.30295],[-94.79534,29.30225],[-94.79532,29.30218],[-94.79529,29.3021],[-94.79516,29.30173],[-94.79504,29.30138],[-94.79502,29.30131],[-94.79511,29.30128],[-94.79616,29.30101],[-94.79625,29.30098],[-94.7973,29.30071],[-94.7979,29.30055],[-94.79844,29.30042],[-94.79949,29.30014],[-94.79959,29.30012],[-94.79961,29.30018],[-94.79973,29.30053],[-94.79978,29.3007],[-94.79988,29.30097],[-94.79998,29.30127],[-94.80002,29.3014],[-94.80007,29.30154],[-94.80017,29.30184],[-94.80029,29.30219],[-94.80032,29.30228],[-94.80038,29.30246],[-94.80047,29.30272],[-94.80062,29.30315],[-94.80076,29.30359],[-94.80191,29.30329],[-94.80301,29.30299],[-94.80305,29.30298],[-94.80375,29.30281],[-94.80402,29.30274],[-94.8042,29.30269],[-94.80462,29.30258],[-94.8052,29.30242],[-94.80523,29.30241],[-94.80534,29.30239],[-94.80525,29.30213],[-94.80518,29.30194],[-94.80516,29.30189],[-94.80509,29.3017],[-94.80502,29.30149],[-94.80501,29.30146],[-94.80493,29.30124],[-94.80488,29.30108],[-94.80473,29.30064],[-94.80456,29.30014],[-94.80429,29.29932],[-94.80417,29.29899],[-94.80415,29.29891],[-94.80424,29.29888],[-94.80529,29.29861],[-94.80643,29.2983],[-94.80756,29.29801],[-94.80817,29.29785],[-94.8086,29.29773],[-94.80872,29.2977],[-94.80885,29.29767],[-94.80984,29.29741],[-94.81059,29.29722],[-94.811,29.29711],[-94.81214,29.29681],[-94.81262,29.29668],[-94.81293,29.2966],[-94.81328,29.29651],[-94.81377,29.29637],[-94.81443,29.2962],[-94.81558,29.2959],[-94.81554,29.2958],[-94.81528,29.29504],[-94.81513,29.29461],[-94.815,29.29425],[-94.81497,29.29416],[-94.81506,29.29413],[-94.81612,29.29386],[-94.81726,29.29355],[-94.81782,29.29341],[-94.8184,29.29326],[-94.81864,29.2932],[-94.81895,29.29312],[-94.81955,29.29296],[-94.82032,29.29276],[-94.82069,29.29266],[-94.8218,29.29236],[-94.82255,29.29216],[-94.82297,29.29205],[-94.82352,29.29191],[-94.82401,29.29178],[-94.82411,29.29176],[-94.82421,29.29173],[-94.82433,29.2917],[-94.82457,29.29164],[-94.82525,29.29146],[-94.82629,29.29119],[-94.82639,29.29116]]}},{"type":"Feature","properties":{"feed_id":"Texas__Galveston_Island_Transit__mdb_mdb-2861","agency_id":"1","agency_name":"Island Transit","agency_url":"https://www.galvestontx.gov/393/Transportation","route_id":"1","route_short_name":"1","route_long_name":"via Ball","route_desc":"Downtown Terminal to Justice Center via Ball","route_type":"3","route_type_name":"Bus","route_url":"","route_color":"0E8955","route_text_color":"FFFFFF","route_sort_order":"","continuous_pickup":"1","continuous_drop_off":"1","network_id":"","shape_id":"1-O-IB","trip_count":60,"direction_ids":"0","trip_headsigns":"Old Terminal 21st & Market","wheelchair_accessible_values":"1","bikes_allowed_values":"1"},"geometry":{"type":"LineString","coordinates":[[-94.82624,29.2912],[-94.82629,29.29119],[-94.82639,29.29116],[-94.82669,29.29205],[-94.82695,29.29283],[-94.82699,29.29293],[-94.82727,29.29377],[-94.82611,29.29408],[-94.82546,29.29425],[-94.8254,29.29427],[-94.825,29.29437],[-94.82471,29.29352],[-94.82442,29.29264],[-94.82436,29.29247],[-94.82426,29.2922],[-94.82423,29.29211],[-94.82418,29.29197],[-94.82411,29.29176],[-94.82405,29.29157],[-94.82395,29.2916],[-94.82291,29.29187],[-94.82256,29.29196],[-94.82175,29.29217],[-94.82062,29.29247],[-94.81949,29.29276],[-94.81834,29.29307],[-94.8172,29.29337],[-94.81695,29.29344],[-94.81666,29.29351],[-94.81654,29.29355],[-94.81605,29.29368],[-94.815,29.29396],[-94.81495,29.29397],[-94.81491,29.29398],[-94.81497,29.29416],[-94.815,29.29425],[-94.81513,29.29461],[-94.81528,29.29504],[-94.81554,29.2958],[-94.81558,29.2959],[-94.81443,29.2962],[-94.81379,29.29637],[-94.81377,29.29637],[-94.81328,29.29651],[-94.81293,29.2966],[-94.81262,29.29668],[-94.81214,29.29681],[-94.811,29.29711],[-94.81059,29.29722],[-94.80984,29.29741],[-94.80885,29.29767],[-94.80872,29.2977],[-94.8086,29.29773],[-94.80756,29.29801],[-94.80643,29.2983],[-94.80529,29.29861],[-94.80424,29.29888],[-94.80415,29.29891],[-94.80417,29.29899],[-94.80429,29.29932],[-94.80456,29.30014],[-94.80473,29.30064],[-94.80488,29.30108],[-94.80493,29.30124],[-94.80501,29.30146],[-94.80502,29.30149],[-94.80509,29.3017],[-94.80516,29.30189],[-94.80518,29.30194],[-94.80525,29.30213],[-94.80534,29.30239],[-94.8052,29.30242],[-94.80462,29.30258],[-94.8042,29.30269],[-94.80402,29.30274],[-94.80375,29.30281],[-94.80305,29.30298],[-94.80301,29.30299],[-94.80275,29.30306],[-94.80191,29.30329],[-94.80076,29.30359],[-94.80062,29.30315],[-94.80047,29.30272],[-94.80038,29.30246],[-94.80032,29.30228],[-94.80029,29.30219],[-94.80017,29.30184],[-94.80007,29.30154],[-94.80002,29.3014],[-94.79998,29.30127],[-94.79988,29.30097],[-94.79978,29.3007],[-94.79973,29.30053],[-94.79961,29.30018],[-94.79959,29.30012],[-94.79949,29.30014],[-94.79844,29.30042],[-94.7979,29.30055],[-94.7973,29.30071],[-94.79625,29.30098],[-94.79616,29.30101],[-94.79511,29.30128],[-94.79502,29.30131],[-94.795,29.30131],[-94.79489,29.30134],[-94.79488,29.30134],[-94.7948,29.30136],[-94.79418,29.30152],[-94.79376,29.30163],[-94.79352,29.30169],[-94.79327,29.30176],[-94.79309,29.30181],[-94.79271,29.30191],[-94.79259,29.30194],[-94.79252,29.30196],[-94.79245,29.30198],[-94.79146,29.30223],[-94.79041,29.30251],[-94.79032,29.30253],[-94.79062,29.30339],[-94.79077,29.30384],[-94.7909,29.30422],[-94.79092,29.30428],[-94.79094,29.30435],[-94.79106,29.30469],[-94.79119,29.30508],[-94.79121,29.30512],[-94.79121,29.30514],[-94.79124,29.30521],[-94.79136,29.30558],[-94.7914,29.30569],[-94.79145,29.30584],[-94.79148,29.30593],[-94.79151,29.30602],[-94.79142,29.30604],[-94.7914,29.30605],[-94.790435,29.306303]]}},{"type":"Feature","properties":{"feed_id":"Texas__Galveston_Island_Transit__mdb_mdb-2861","agency_id":"1","agency_name":"Island Transit","agency_url":"https://www.galvestontx.gov/393/Transportation","route_id":"1","route_short_name":"1","route_long_name":"via Ball","route_desc":"Downtown Terminal to Justice Center via Ball","route_type":"3","route_type_name":"Bus","route_url":"","route_color":"0E8955","route_text_color":"FFFFFF","route_sort_order":"","continuous_pickup":"1","continuous_drop_off":"1","network_id":"","shape_id":"1-O-OB","trip_count":60,"direction_ids":"1","trip_headsigns":"63rd via Market & Broadway","wheelchair_accessible_values":"1","bikes_allowed_values":"1"},"geometry":{"type":"LineString","coordinates":[[-94.7902132,29.3061032],[-94.7901472,29.3059221],[-94.7900973,29.3057592],[-94.790052,29.305592],[-94.79005,29.30545],[-94.79004,29.30537],[-94.79003,29.30536],[-94.78994,29.30509],[-94.78991,29.30501],[-94.78977,29.30458],[-94.79083,29.3043],[-94.79092,29.30428],[-94.79102,29.30425],[-94.79195,29.30401],[-94.79206,29.30398],[-94.79215,29.30396],[-94.7925,29.30387],[-94.79311,29.30371],[-94.79321,29.30368],[-94.7933,29.30366],[-94.79435,29.30339],[-94.7954,29.30311],[-94.79547,29.30309],[-94.79549,29.30309],[-94.7956,29.30306],[-94.79562,29.30306],[-94.79558,29.30295],[-94.79534,29.30225],[-94.79532,29.30218],[-94.79529,29.3021],[-94.79516,29.30173],[-94.79504,29.30138],[-94.79502,29.30131],[-94.79511,29.30128],[-94.79616,29.30101],[-94.79625,29.30098],[-94.7973,29.30071],[-94.7979,29.30055],[-94.79844,29.30042],[-94.79949,29.30014],[-94.79959,29.30012],[-94.79961,29.30018],[-94.79973,29.30053],[-94.79978,29.3007],[-94.79988,29.30097],[-94.79998,29.30127],[-94.80002,29.3014],[-94.80007,29.30154],[-94.80017,29.30184],[-94.80029,29.30219],[-94.80032,29.30228],[-94.80038,29.30246],[-94.80047,29.30272],[-94.80062,29.30315],[-94.80076,29.30359],[-94.80191,29.30329],[-94.80301,29.30299],[-94.80305,29.30298],[-94.80375,29.30281],[-94.80402,29.30274],[-94.8042,29.30269],[-94.80462,29.30258],[-94.8052,29.30242],[-94.80523,29.30241],[-94.80534,29.30239],[-94.80525,29.30213],[-94.80518,29.30194],[-94.80516,29.30189],[-94.80509,29.3017],[-94.80502,29.30149],[-94.80501,29.30146],[-94.80493,29.30124],[-94.80488,29.30108],[-94.80473,29.30064],[-94.80456,29.30014],[-94.80429,29.29932],[-94.80417,29.29899],[-94.80415,29.29891],[-94.80424,29.29888],[-94.80529,29.29861],[-94.80643,29.2983],[-94.80756,29.29801],[-94.80817,29.29785],[-94.8086,29.29773],[-94.80872,29.2977],[-94.80885,29.29767],[-94.80984,29.29741],[-94.81059,29.29722],[-94.811,29.29711],[-94.81214,29.29681],[-94.81262,29.29668],[-94.81293,29.2966],[-94.81328,29.29651],[-94.81377,29.29637],[-94.81443,29.2962],[-94.81558,29.2959],[-94.81554,29.2958],[-94.81528,29.29504],[-94.81513,29.29461],[-94.815,29.29425],[-94.81497,29.29416],[-94.81506,29.29413],[-94.81612,29.29386],[-94.81726,29.29355],[-94.81782,29.29341],[-94.8184,29.29326],[-94.81864,29.2932],[-94.81895,29.29312],[-94.81955,29.29296],[-94.82032,29.29276],[-94.82069,29.29266],[-94.8218,29.29236],[-94.82255,29.29216],[-94.82297,29.29205],[-94.82352,29.29191],[-94.82401,29.29178],[-94.82411,29.29176],[-94.82421,29.29173],[-94.82433,29.2917],[-94.82457,29.29164],[-94.82525,29.29146],[-94.82625,29.2912]]}},{"type":"Feature","properties":{"feed_id":"Texas__Galveston_Island_Transit__mdb_mdb-2861","agency_id":"1","agency_name":"Island Transit","agency_url":"https://www.galvestontx.gov/393/Transportation","route_id":"2","route_short_name":"2","route_long_name":"via UTMB","route_desc":"Downtown to UTMB and Ferry Road","route_type":"3","route_type_name":"Bus","route_url":"","route_color":"007AB8","route_text_color":"FFFFFF","route_sort_order":"","continuous_pickup":"1","continuous_drop_off":"1","network_id":"","shape_id":"2-A-IB","trip_count":87,"direction_ids":"1","trip_headsigns":"Terminal via UTMB","wheelchair_accessible_values":"1","bikes_allowed_values":"1"},"geometry":{"type":"LineString","coordinates":[[-94.77135,29.31421],[-94.77143,29.3142],[-94.77151,29.31419],[-94.77158,29.31419],[-94.7717,29.3142],[-94.77182,29.31421],[-94.77194,29.31424],[-94.77203,29.31427],[-94.77221,29.31434],[-94.77231,29.31436],[-94.77242,29.31439],[-94.77251,29.3144],[-94.7726,29.31441],[-94.77272,29.31441],[-94.7728,29.3144],[-94.77295,29.31438],[-94.77309,29.31435],[-94.7732,29.31431],[-94.77316,29.31418],[-94.77314,29.31414],[-94.773,29.31372],[-94.7727,29.31288],[-94.77242,29.31207],[-94.77238,29.31197],[-94.77224,29.31152],[-94.77216,29.31131],[-94.77209,29.3111],[-94.77311,29.31082],[-94.77323,29.31079],[-94.77407,29.31058],[-94.77412,29.31057],[-94.77426,29.31053],[-94.77433,29.31051],[-94.77446,29.31048],[-94.77453,29.31046],[-94.77472,29.31041],[-94.77497,29.31034],[-94.77522,29.31028],[-94.77604,29.31006],[-94.77656,29.30992],[-94.77666,29.30989],[-94.77672,29.30988],[-94.77678,29.30986],[-94.77771,29.30963],[-94.77779,29.3096],[-94.77789,29.30958],[-94.77791,29.30957],[-94.77878,29.30934],[-94.77893,29.30931],[-94.77907,29.30927],[-94.77916,29.30925],[-94.77993,29.30904],[-94.78009,29.30901],[-94.78122,29.30869],[-94.78235,29.3084],[-94.78341,29.30812],[-94.78351,29.30809],[-94.78361,29.30806],[-94.7843,29.30788],[-94.78465,29.30779],[-94.78579,29.30749],[-94.78692,29.30719],[-94.78807,29.30689],[-94.78899,29.30667],[-94.78913,29.30664],[-94.78922,29.30661],[-94.78932,29.30659],[-94.78942,29.30657],[-94.78955,29.30653],[-94.78967,29.3065],[-94.7898,29.30648],[-94.78993,29.30644],[-94.79027,29.30636],[-94.79032,29.30635],[-94.79036,29.30634],[-94.79037,29.30633],[-94.79043,29.30631],[-94.79058,29.30627],[-94.79061,29.30626],[-94.79068,29.30624],[-94.79142,29.30604],[-94.79151,29.30602],[-94.79161,29.30599],[-94.79186,29.30592],[-94.79202,29.30588],[-94.79215,29.30585],[-94.79256,29.30574],[-94.79265,29.30571],[-94.79275,29.30569],[-94.79306,29.3056],[-94.79369,29.30544],[-94.7938,29.30541],[-94.79382,29.3054],[-94.79389,29.30539],[-94.7946,29.3052],[-94.79485,29.30513],[-94.79493,29.30511],[-94.79503,29.30508],[-94.79528,29.30502],[-94.79562,29.30493],[-94.79584,29.30488],[-94.79593,29.30485],[-94.79598,29.30484],[-94.79605,29.30482],[-94.79608,29.30482],[-94.79611,29.30489],[-94.79623,29.30526],[-94.79636,29.30562],[-94.79638,29.30568],[-94.79638,29.30569],[-94.7964,29.30576],[-94.79652,29.30612],[-94.79655,29.30619],[-94.79665,29.30649],[-94.79668,29.30657],[-94.79671,29.30665],[-94.79681,29.30694],[-94.79669,29.30697],[-94.796256,29.307072]]}},{"type":"Feature","properties":{"feed_id":"Texas__Galveston_Island_Transit__mdb_mdb-2861","agency_id":"1","agency_name":"Island Transit","agency_url":"https://www.galvestontx.gov/393/Transportation","route_id":"2","route_short_name":"2","route_long_name":"via UTMB","route_desc":"Downtown to UTMB and Ferry Road","route_type":"3","route_type_name":"Bus","route_url":"","route_color":"007AB8","route_text_color":"FFFFFF","route_sort_order":"","continuous_pickup":"1","continuous_drop_off":"1","network_id":"","shape_id":"2-A-OB","trip_count":77,"direction_ids":"0","trip_headsigns":"UTMB-Ferry Rd","wheelchair_accessible_values":"1","bikes_allowed_values":"1"},"geometry":{"type":"LineString","coordinates":[[-94.796203,29.307042],[-94.79614,29.30683],[-94.79611,29.30674],[-94.7961,29.30672],[-94.79658,29.3066],[-94.79667,29.30657],[-94.79668,29.30657],[-94.79682,29.30653],[-94.79679,29.30646],[-94.79668,29.30615],[-94.79666,29.30608],[-94.79654,29.30572],[-94.79651,29.30565],[-94.79649,29.30559],[-94.79637,29.30523],[-94.79632,29.30509],[-94.79624,29.30486],[-94.79621,29.30478],[-94.79619,29.30479],[-94.79608,29.30482],[-94.79605,29.30482],[-94.79598,29.30484],[-94.79593,29.30485],[-94.79562,29.30493],[-94.79528,29.30502],[-94.79503,29.30508],[-94.79493,29.30511],[-94.79485,29.30513],[-94.7946,29.3052],[-94.79389,29.30539],[-94.79382,29.3054],[-94.7938,29.30541],[-94.79369,29.30544],[-94.79306,29.3056],[-94.79275,29.30569],[-94.79265,29.30571],[-94.79256,29.30574],[-94.79215,29.30585],[-94.79202,29.30588],[-94.79186,29.30592],[-94.79161,29.30599],[-94.79151,29.30602],[-94.79142,29.30604],[-94.79068,29.30624],[-94.79061,29.30626],[-94.79058,29.30627],[-94.79043,29.30631],[-94.79037,29.30633],[-94.79036,29.30634],[-94.79032,29.30635],[-94.79027,29.30636],[-94.78993,29.30644],[-94.7898,29.30648],[-94.78967,29.3065],[-94.78955,29.30653],[-94.78942,29.30657],[-94.78932,29.30659],[-94.78922,29.30661],[-94.78913,29.30664],[-94.78899,29.30667],[-94.78807,29.30689],[-94.78692,29.30719],[-94.78579,29.30749],[-94.78465,29.30779],[-94.7843,29.30788],[-94.78361,29.30806],[-94.78351,29.30809],[-94.78341,29.30812],[-94.78235,29.3084],[-94.78122,29.30869],[-94.78009,29.30901],[-94.77993,29.30904],[-94.77916,29.30925],[-94.77907,29.30927],[-94.77893,29.30931],[-94.77878,29.30934],[-94.77791,29.30957],[-94.77789,29.30958],[-94.77779,29.3096],[-94.77771,29.30963],[-94.77678,29.30986],[-94.77672,29.30988],[-94.77666,29.30989],[-94.77656,29.30992],[-94.77604,29.31006],[-94.77522,29.31028],[-94.77497,29.31034],[-94.77472,29.31041],[-94.77453,29.31046],[-94.77446,29.31048],[-94.77433,29.31051],[-94.77426,29.31053],[-94.77412,29.31057],[-94.77407,29.31058],[-94.77323,29.31079],[-94.77311,29.31082],[-94.77209,29.3111],[-94.77099,29.31139],[-94.77086,29.31142],[-94.77024,29.31159],[-94.77002,29.31165],[-94.76985,29.31169],[-94.76975,29.31172],[-94.77005,29.3126],[-94.77019,29.31301],[-94.77027,29.31324],[-94.77034,29.31347],[-94.77042,29.31375],[-94.77045,29.31395],[-94.77047,29.31411],[-94.77045,29.31442],[-94.77055,29.3144],[-94.77067,29.31438],[-94.77095,29.31431],[-94.77102,29.31429],[-94.77123,29.31424],[-94.77133,29.31421],[-94.77143,29.3142],[-94.77146,29.3142]]}},{"type":"Feature","properties":{"feed_id":"Texas__Galveston_Island_Transit__mdb_mdb-2861","agency_id":"1","agency_name":"Island Transit","agency_url":"https://www.galvestontx.gov/393/Transportation","route_id":"2","route_short_name":"2","route_long_name":"via UTMB","route_desc":"Downtown to UTMB and Ferry Road","route_type":"3","route_type_name":"Bus","route_url":"","route_color":"007AB8","route_text_color":"FFFFFF","route_sort_order":"","continuous_pickup":"1","continuous_drop_off":"1","network_id":"","shape_id":"2-B-IB","trip_count":41,"direction_ids":"1","trip_headsigns":"Downtown Terminal via UTMB","wheelchair_accessible_values":"1","bikes_allowed_values":"1"},"geometry":{"type":"LineString","coordinates":[[-94.77131,29.31422],[-94.77133,29.31421],[-94.77143,29.3142],[-94.77151,29.31419],[-94.77158,29.31419],[-94.7717,29.3142],[-94.77182,29.31421],[-94.77194,29.31424],[-94.77203,29.31427],[-94.77221,29.31434],[-94.77231,29.31436],[-94.77242,29.31439],[-94.77251,29.3144],[-94.7726,29.31441],[-94.77272,29.31441],[-94.7728,29.3144],[-94.77295,29.31438],[-94.77309,29.31435],[-94.7732,29.31431],[-94.77316,29.31418],[-94.77314,29.31414],[-94.773,29.31372],[-94.77295,29.31358],[-94.7727,29.31288],[-94.77242,29.31207],[-94.77238,29.31197],[-94.77224,29.31152],[-94.77216,29.31131],[-94.77209,29.3111],[-94.77311,29.31082],[-94.77323,29.31079],[-94.77407,29.31058],[-94.77412,29.31057],[-94.77426,29.31053],[-94.77433,29.31051],[-94.77446,29.31048],[-94.77453,29.31046],[-94.77472,29.31041],[-94.77497,29.31034],[-94.77522,29.31028],[-94.77604,29.31006],[-94.77656,29.30992],[-94.77666,29.30989],[-94.77672,29.30988],[-94.77678,29.30986],[-94.77771,29.30963],[-94.77779,29.3096],[-94.77789,29.30958],[-94.77791,29.30957],[-94.77878,29.30934],[-94.77893,29.30931],[-94.77907,29.30927],[-94.77916,29.30925],[-94.77993,29.30904],[-94.78009,29.30901],[-94.78122,29.30869],[-94.78235,29.3084],[-94.78341,29.30812],[-94.78351,29.30809],[-94.78361,29.30806],[-94.7843,29.30788],[-94.78465,29.30779],[-94.78579,29.30749],[-94.78692,29.30719],[-94.78807,29.30689],[-94.78899,29.30667],[-94.78913,29.30664],[-94.78922,29.30661],[-94.78932,29.30659],[-94.78942,29.30657],[-94.78955,29.30653],[-94.78967,29.3065],[-94.7898,29.30648],[-94.78993,29.30644],[-94.79027,29.30636],[-94.79032,29.30635],[-94.79036,29.30634],[-94.79037,29.30633],[-94.79043,29.30631],[-94.79058,29.30627],[-94.79061,29.30626],[-94.79068,29.30624],[-94.79142,29.30604],[-94.79151,29.30602],[-94.79161,29.30599],[-94.79186,29.30592],[-94.79202,29.30588],[-94.79215,29.30585],[-94.79256,29.30574],[-94.79265,29.30571],[-94.79275,29.30569],[-94.79306,29.3056],[-94.79369,29.30544],[-94.7938,29.30541],[-94.79382,29.3054],[-94.79389,29.30539],[-94.7946,29.3052],[-94.79485,29.30513],[-94.79493,29.30511],[-94.79503,29.30508],[-94.79528,29.30502],[-94.79562,29.30493],[-94.79593,29.30485],[-94.79598,29.30484],[-94.79605,29.30482],[-94.79608,29.30482],[-94.79611,29.30489],[-94.79623,29.30526],[-94.79636,29.30562],[-94.79638,29.30568],[-94.79638,29.30569],[-94.7964,29.30576],[-94.79652,29.30612],[-94.79655,29.30619],[-94.79665,29.30649],[-94.79668,29.30657],[-94.79671,29.30665],[-94.79676,29.3068],[-94.79681,29.30694],[-94.79669,29.30697],[-94.796224,29.307091]]}},{"type":"Feature","properties":{"feed_id":"Texas__Galveston_Island_Transit__mdb_mdb-2861","agency_id":"1","agency_name":"Island Transit","agency_url":"https://www.galvestontx.gov/393/Transportation","route_id":"2","route_short_name":"2","route_long_name":"via UTMB","route_desc":"Downtown to UTMB and Ferry Road","route_type":"3","route_type_name":"Bus","route_url":"","route_color":"007AB8","route_text_color":"FFFFFF","route_sort_order":"","continuous_pickup":"1","continuous_drop_off":"1","network_id":"","shape_id":"2-B-OB","trip_count":51,"direction_ids":"0","trip_headsigns":"Ferry Landing via UTMB","wheelchair_accessible_values":"1","bikes_allowed_values":"1"},"geometry":{"type":"LineString","coordinates":[[-94.796213,29.307027],[-94.79614,29.30683],[-94.79611,29.30674],[-94.7961,29.30672],[-94.7963,29.30667],[-94.79658,29.3066],[-94.79667,29.30657],[-94.79668,29.30657],[-94.79682,29.30653],[-94.79679,29.30646],[-94.79668,29.30615],[-94.79666,29.30608],[-94.79654,29.30572],[-94.79651,29.30565],[-94.79649,29.30559],[-94.79637,29.30523],[-94.79632,29.30509],[-94.79624,29.30486],[-94.79621,29.30478],[-94.79619,29.30479],[-94.79608,29.30482],[-94.79605,29.30482],[-94.79598,29.30484],[-94.79593,29.30485],[-94.79562,29.30493],[-94.79528,29.30502],[-94.79503,29.30508],[-94.79493,29.30511],[-94.79485,29.30513],[-94.7946,29.3052],[-94.79389,29.30539],[-94.79382,29.3054],[-94.7938,29.30541],[-94.79369,29.30544],[-94.79306,29.3056],[-94.79275,29.30569],[-94.79265,29.30571],[-94.79256,29.30574],[-94.79215,29.30585],[-94.79202,29.30588],[-94.79186,29.30592],[-94.79161,29.30599],[-94.79151,29.30602],[-94.79142,29.30604],[-94.79068,29.30624],[-94.79061,29.30626],[-94.79058,29.30627],[-94.79043,29.30631],[-94.79037,29.30633],[-94.79036,29.30634],[-94.79032,29.30635],[-94.79027,29.30636],[-94.78993,29.30644],[-94.7898,29.30648],[-94.78967,29.3065],[-94.78955,29.30653],[-94.78942,29.30657],[-94.78932,29.30659],[-94.78922,29.30661],[-94.78913,29.30664],[-94.78899,29.30667],[-94.78807,29.30689],[-94.78692,29.30719],[-94.78579,29.30749],[-94.78465,29.30779],[-94.7843,29.30788],[-94.78361,29.30806],[-94.78351,29.30809],[-94.78341,29.30812],[-94.78235,29.3084],[-94.78122,29.30869],[-94.78009,29.30901],[-94.77993,29.30904],[-94.77916,29.30925],[-94.77907,29.30927],[-94.77893,29.30931],[-94.77878,29.30934],[-94.77791,29.30957],[-94.77789,29.30958],[-94.77779,29.3096],[-94.77771,29.30963],[-94.7776,29.30965],[-94.77678,29.30986],[-94.77672,29.30988],[-94.77666,29.30989],[-94.77656,29.30992],[-94.77604,29.31006],[-94.77522,29.31028],[-94.77497,29.31034],[-94.77472,29.31041],[-94.77453,29.31046],[-94.77446,29.31048],[-94.77433,29.31051],[-94.77426,29.31053],[-94.77412,29.31057],[-94.77407,29.31058],[-94.77323,29.31079],[-94.77311,29.31082],[-94.77209,29.3111],[-94.77203,29.31111],[-94.77099,29.31139],[-94.77086,29.31142],[-94.77002,29.31165],[-94.76985,29.31169],[-94.76975,29.31172],[-94.77005,29.3126],[-94.77019,29.31301],[-94.77027,29.31324],[-94.77034,29.31347],[-94.77042,29.31375],[-94.77045,29.31395],[-94.77047,29.31411],[-94.77045,29.31442],[-94.77044,29.3145],[-94.77041,29.31465],[-94.77033,29.31492],[-94.77024,29.31521],[-94.77018,29.31537],[-94.77008,29.31562],[-94.76999,29.31589],[-94.76979,29.31641],[-94.76967,29.31676],[-94.76952,29.31721],[-94.76948,29.31744],[-94.76946,29.31769],[-94.76945,29.31773],[-94.76947,29.31802],[-94.76951,29.31823],[-94.76957,29.31849],[-94.76965,29.31873],[-94.76986,29.31934],[-94.77001,29.31978],[-94.77012,29.32009],[-94.77035,29.32077],[-94.77058,29.32144],[-94.77063,29.3216],[-94.7708,29.32209],[-94.77086,29.32228],[-94.77103,29.32276],[-94.77139,29.32383],[-94.77144,29.324],[-94.77148,29.32411],[-94.7715,29.32417],[-94.77165,29.32457],[-94.7717,29.32472],[-94.77176,29.3249],[-94.77183,29.32513],[-94.7719,29.32538],[-94.77197,29.32552],[-94.77205,29.32578],[-94.77213,29.32601],[-94.77216,29.32612],[-94.77207,29.32666],[-94.77234,29.326657],[-94.77236,29.32665],[-94.77233,29.32657],[-94.7722,29.32622],[-94.77216,29.32612],[-94.77213,29.32601],[-94.77205,29.32578],[-94.77197,29.32552],[-94.77197,29.32544],[-94.77197,29.32539],[-94.77198,29.32533],[-94.77199,29.32527],[-94.77199,29.32524],[-94.77199,29.3252],[-94.77199,29.32518],[-94.77198,29.32515],[-94.77197,29.32506],[-94.77192,29.32494],[-94.77187,29.32479],[-94.77178,29.32454],[-94.77162,29.32407],[-94.77139,29.32339],[-94.77116,29.32272],[-94.77106,29.32242],[-94.77093,29.32206],[-94.77071,29.3214],[-94.77048,29.32073],[-94.77025,29.32006],[-94.77008,29.31957],[-94.77001,29.31936],[-94.76978,29.31869],[-94.76971,29.31849],[-94.76964,29.31824],[-94.76959,29.31801],[-94.76958,29.31775],[-94.7696,29.31745],[-94.76964,29.31723],[-94.76991,29.31643],[-94.7702,29.31564],[-94.77035,29.3152],[-94.77042,29.31501],[-94.77045,29.3149],[-94.77049,29.31476],[-94.77054,29.31449],[-94.77055,29.3144],[-94.77067,29.31438],[-94.77095,29.31431],[-94.77102,29.31429],[-94.77123,29.31424],[-94.77133,29.31421],[-94.77143,29.3142],[-94.77147,29.3142]]}},{"type":"Feature","properties":{"feed_id":"Texas__Galveston_Island_Transit__mdb_mdb-2861","agency_id":"1","agency_name":"Island Transit","agency_url":"https://www.galvestontx.gov/393/Transportation","route_id":"2","route_short_name":"2","route_long_name":"via UTMB","route_desc":"Downtown to UTMB and Ferry Road","route_type":"3","route_type_name":"Bus","route_url":"","route_color":"007AB8","route_text_color":"FFFFFF","route_sort_order":"","continuous_pickup":"1","continuous_drop_off":"1","network_id":"","shape_id":"2-O-A-IB","trip_count":60,"direction_ids":"1","trip_headsigns":"Old Terminal Market & 20th via UTMB","wheelchair_accessible_values":"1","bikes_allowed_values":"1"},"geometry":{"type":"LineString","coordinates":[[-94.77135,29.31421],[-94.77143,29.3142],[-94.77151,29.31419],[-94.77158,29.31419],[-94.7717,29.3142],[-94.77182,29.31421],[-94.77194,29.31424],[-94.77203,29.31427],[-94.77221,29.31434],[-94.77231,29.31436],[-94.77242,29.31439],[-94.77251,29.3144],[-94.7726,29.31441],[-94.77272,29.31441],[-94.7728,29.3144],[-94.77295,29.31438],[-94.77309,29.31435],[-94.7732,29.31431],[-94.77316,29.31418],[-94.77314,29.31414],[-94.773,29.31372],[-94.7727,29.31288],[-94.77242,29.31207],[-94.77238,29.31197],[-94.77224,29.31152],[-94.77216,29.31131],[-94.77209,29.3111],[-94.77311,29.31082],[-94.77323,29.31079],[-94.77407,29.31058],[-94.77412,29.31057],[-94.77426,29.31053],[-94.77433,29.31051],[-94.77446,29.31048],[-94.77453,29.31046],[-94.77472,29.31041],[-94.77497,29.31034],[-94.77522,29.31028],[-94.77604,29.31006],[-94.77656,29.30992],[-94.77666,29.30989],[-94.77672,29.30988],[-94.77678,29.30986],[-94.77771,29.30963],[-94.77779,29.3096],[-94.77789,29.30958],[-94.77791,29.30957],[-94.77878,29.30934],[-94.77893,29.30931],[-94.77907,29.30927],[-94.77916,29.30925],[-94.77993,29.30904],[-94.78009,29.30901],[-94.78122,29.30869],[-94.78235,29.3084],[-94.78341,29.30812],[-94.78351,29.30809],[-94.78361,29.30806],[-94.7843,29.30788],[-94.78465,29.30779],[-94.78579,29.30749],[-94.78692,29.30719],[-94.78807,29.30689],[-94.78899,29.30667],[-94.78913,29.30664],[-94.78922,29.30661],[-94.78932,29.30659],[-94.78942,29.30657],[-94.78955,29.30653],[-94.78967,29.3065],[-94.7898,29.30648],[-94.78993,29.30644],[-94.79027,29.30636],[-94.79032,29.30635],[-94.7902345,29.30614]]}},{"type":"Feature","properties":{"feed_id":"Texas__Galveston_Island_Transit__mdb_mdb-2861","agency_id":"1","agency_name":"Island Transit","agency_url":"https://www.galvestontx.gov/393/Transportation","route_id":"2","route_short_name":"2","route_long_name":"via UTMB","route_desc":"Downtown to UTMB and Ferry Road","route_type":"3","route_type_name":"Bus","route_url":"","route_color":"007AB8","route_text_color":"FFFFFF","route_sort_order":"","continuous_pickup":"1","continuous_drop_off":"1","network_id":"","shape_id":"2-O-A-OB","trip_count":35,"direction_ids":"0","trip_headsigns":"UTMB-Ferry Rd","wheelchair_accessible_values":"1","bikes_allowed_values":"1"},"geometry":{"type":"LineString","coordinates":[[-94.79043,29.30631],[-94.79037,29.30633],[-94.79036,29.30634],[-94.79032,29.30635],[-94.79027,29.30636],[-94.78993,29.30644],[-94.7898,29.30648],[-94.78967,29.3065],[-94.78955,29.30653],[-94.78942,29.30657],[-94.78932,29.30659],[-94.78922,29.30661],[-94.78913,29.30664],[-94.78899,29.30667],[-94.78807,29.30689],[-94.78692,29.30719],[-94.78579,29.30749],[-94.78465,29.30779],[-94.7843,29.30788],[-94.78361,29.30806],[-94.78351,29.30809],[-94.78341,29.30812],[-94.78235,29.3084],[-94.78122,29.30869],[-94.78009,29.30901],[-94.77993,29.30904],[-94.77916,29.30925],[-94.77907,29.30927],[-94.77893,29.30931],[-94.77878,29.30934],[-94.77791,29.30957],[-94.77789,29.30958],[-94.77779,29.3096],[-94.77771,29.30963],[-94.77678,29.30986],[-94.77672,29.30988],[-94.77666,29.30989],[-94.77656,29.30992],[-94.77604,29.31006],[-94.77522,29.31028],[-94.77497,29.31034],[-94.77472,29.31041],[-94.77453,29.31046],[-94.77446,29.31048],[-94.77433,29.31051],[-94.77426,29.31053],[-94.77412,29.31057],[-94.77407,29.31058],[-94.77323,29.31079],[-94.77311,29.31082],[-94.77209,29.3111],[-94.77099,29.31139],[-94.77086,29.31142],[-94.77024,29.31159],[-94.77002,29.31165],[-94.76985,29.31169],[-94.76975,29.31172],[-94.77005,29.3126],[-94.77019,29.31301],[-94.77027,29.31324],[-94.77034,29.31347],[-94.77042,29.31375],[-94.77045,29.31395],[-94.77047,29.31411],[-94.77045,29.31442],[-94.77055,29.3144],[-94.77067,29.31438],[-94.77095,29.31431],[-94.77102,29.31429],[-94.77123,29.31424],[-94.77133,29.31421],[-94.77143,29.3142],[-94.77146,29.3142]]}},{"type":"Feature","properties":{"feed_id":"Texas__Galveston_Island_Transit__mdb_mdb-2861","agency_id":"1","agency_name":"Island Transit","agency_url":"https://www.galvestontx.gov/393/Transportation","route_id":"2","route_short_name":"2","route_long_name":"via UTMB","route_desc":"Downtown to UTMB and Ferry Road","route_type":"3","route_type_name":"Bus","route_url":"","route_color":"007AB8","route_text_color":"FFFFFF","route_sort_order":"","continuous_pickup":"1","continuous_drop_off":"1","network_id":"","shape_id":"2-O-B-OB","trip_count":25,"direction_ids":"0","trip_headsigns":"Ferry Landing via UTMB","wheelchair_accessible_values":"1","bikes_allowed_values":"1"},"geometry":{"type":"LineString","coordinates":[[-94.79043,29.30631],[-94.79037,29.30633],[-94.79036,29.30634],[-94.79032,29.30635],[-94.79027,29.30636],[-94.78993,29.30644],[-94.7898,29.30648],[-94.78967,29.3065],[-94.78955,29.30653],[-94.78942,29.30657],[-94.78932,29.30659],[-94.78922,29.30661],[-94.78913,29.30664],[-94.78899,29.30667],[-94.78807,29.30689],[-94.78692,29.30719],[-94.78579,29.30749],[-94.78465,29.30779],[-94.7843,29.30788],[-94.78361,29.30806],[-94.78351,29.30809],[-94.78341,29.30812],[-94.78235,29.3084],[-94.78122,29.30869],[-94.78009,29.30901],[-94.77993,29.30904],[-94.77916,29.30925],[-94.77907,29.30927],[-94.77893,29.30931],[-94.77878,29.30934],[-94.77791,29.30957],[-94.77789,29.30958],[-94.77779,29.3096],[-94.77771,29.30963],[-94.77678,29.30986],[-94.77672,29.30988],[-94.77666,29.30989],[-94.77656,29.30992],[-94.77604,29.31006],[-94.77522,29.31028],[-94.77497,29.31034],[-94.77472,29.31041],[-94.77453,29.31046],[-94.77446,29.31048],[-94.77433,29.31051],[-94.77426,29.31053],[-94.77412,29.31057],[-94.77407,29.31058],[-94.77323,29.31079],[-94.77311,29.31082],[-94.77209,29.3111],[-94.77147,29.31126],[-94.77099,29.31139],[-94.77086,29.31142],[-94.77002,29.31165],[-94.76985,29.31169],[-94.76975,29.31172],[-94.77005,29.3126],[-94.77019,29.31301],[-94.77027,29.31324],[-94.77034,29.31347],[-94.77042,29.31375],[-94.77044,29.31388],[-94.77045,29.31395],[-94.77047,29.31411],[-94.77045,29.31442],[-94.77044,29.3145],[-94.77041,29.31465],[-94.77033,29.31492],[-94.77024,29.31521],[-94.77018,29.31537],[-94.77008,29.31562],[-94.76999,29.31589],[-94.76979,29.31641],[-94.76967,29.31676],[-94.76952,29.31721],[-94.76948,29.31744],[-94.76945,29.31773],[-94.76947,29.31802],[-94.76951,29.31823],[-94.76957,29.31849],[-94.76965,29.31873],[-94.76986,29.31934],[-94.77001,29.31978],[-94.77012,29.32009],[-94.77035,29.32077],[-94.77058,29.32144],[-94.77063,29.3216],[-94.7708,29.32209],[-94.77086,29.32228],[-94.77103,29.32276],[-94.77139,29.32383],[-94.77144,29.324],[-94.77148,29.32411],[-94.7715,29.32417],[-94.77165,29.32457],[-94.77176,29.3249],[-94.77183,29.32513],[-94.7719,29.32538],[-94.77197,29.32552],[-94.77205,29.32578],[-94.77213,29.32601],[-94.77216,29.32612],[-94.77207,29.32667],[-94.77207,29.32668],[-94.77207,29.32667],[-94.77216,29.32612],[-94.77233,29.32657],[-94.77216,29.32612],[-94.77213,29.32601],[-94.77205,29.32578],[-94.77197,29.32552],[-94.77197,29.32544],[-94.77197,29.32539],[-94.77198,29.32533],[-94.77199,29.32527],[-94.77199,29.32524],[-94.77199,29.3252],[-94.77198,29.32515],[-94.77197,29.32506],[-94.77192,29.32494],[-94.77187,29.32479],[-94.77178,29.32454],[-94.77162,29.32407],[-94.77139,29.32339],[-94.77127,29.32305],[-94.77116,29.32272],[-94.77093,29.32206],[-94.77071,29.3214],[-94.77048,29.32073],[-94.77025,29.32006],[-94.77001,29.31936],[-94.76978,29.31869],[-94.76971,29.31849],[-94.76964,29.31824],[-94.76959,29.31801],[-94.76958,29.31775],[-94.7696,29.31745],[-94.76964,29.31723],[-94.76991,29.31643],[-94.7702,29.31564],[-94.77023,29.31554],[-94.77035,29.3152],[-94.77042,29.31501],[-94.77045,29.3149],[-94.77049,29.31476],[-94.77054,29.31449],[-94.77055,29.3144],[-94.77067,29.31438],[-94.77095,29.31431],[-94.77102,29.31429],[-94.77123,29.31424],[-94.77133,29.31421],[-94.77143,29.3142],[-94.77151,29.31419],[-94.77158,29.31419],[-94.77168,29.3142]]}},{"type":"Feature","properties":{"feed_id":"Texas__Galveston_Island_Transit__mdb_mdb-2861","agency_id":"1","agency_name":"Island Transit","agency_url":"https://www.galvestontx.gov/393/Transportation","route_id":"3","route_short_name":"3","route_long_name":"via Target","route_desc":"Downtown to 61st","route_type":"3","route_type_name":"Bus","route_url":"","route_color":"613FA6","route_text_color":"FFFFFF","route_sort_order":"","continuous_pickup":"1","continuous_drop_off":"1","network_id":"","shape_id":"3-A-IB","trip_count":77,"direction_ids":"1","trip_headsigns":"Terminal via Broadway","wheelchair_accessible_values":"1","bikes_allowed_values":"1"},"geometry":{"type":"LineString","coordinates":[[-94.84013,29.28945],[-94.84014,29.28958],[-94.84012,29.28958],[-94.84003,29.28959],[-94.83999,29.28959],[-94.83984,29.2896],[-94.83962,29.28962],[-94.83946,29.28963],[-94.83943,29.28963],[-94.8387,29.28973],[-94.83869,29.28971],[-94.83852,29.28947],[-94.83844,29.28932],[-94.83833,29.28908],[-94.83834,29.28902],[-94.83826,29.28888],[-94.83789,29.28823],[-94.83778,29.28824],[-94.83762,29.28825],[-94.8374,29.28826],[-94.83732,29.28827],[-94.83704,29.2883],[-94.83686,29.28832],[-94.8368,29.28833],[-94.83618,29.2884],[-94.83583,29.28846],[-94.83544,29.28857],[-94.83493,29.28874],[-94.83448,29.28884],[-94.83422,29.28891],[-94.83406,29.28895],[-94.83375,29.28903],[-94.8334,29.28913],[-94.83262,29.28933],[-94.83205,29.28948],[-94.83166,29.28958],[-94.83129,29.28968],[-94.83091,29.28978],[-94.82976,29.29008],[-94.82863,29.29038],[-94.82771,29.29062],[-94.8275,29.29067],[-94.82644,29.29094],[-94.82632,29.29097],[-94.82622,29.291],[-94.82613,29.29102],[-94.82557,29.29117],[-94.82519,29.29127],[-94.82512,29.29106],[-94.82503,29.29082],[-94.82489,29.2904],[-94.82474,29.28995],[-94.82459,29.28952],[-94.82394,29.28969],[-94.82355,29.2898],[-94.82345,29.28982],[-94.82335,29.28985],[-94.82254,29.29005],[-94.8223,29.2901],[-94.82116,29.29042],[-94.82003,29.29072],[-94.81951,29.29086],[-94.81888,29.29102],[-94.81773,29.29132],[-94.81713,29.29148],[-94.8166,29.29161],[-94.81545,29.29191],[-94.8145,29.29217],[-94.81444,29.29219],[-94.81441,29.2922],[-94.81431,29.29222],[-94.81429,29.29215],[-94.81416,29.29179],[-94.81415,29.29173],[-94.81409,29.29157],[-94.81404,29.29143],[-94.81401,29.29135],[-94.81392,29.29137],[-94.81388,29.29138],[-94.81287,29.29165],[-94.81266,29.29171],[-94.81185,29.29192],[-94.81172,29.29196],[-94.81138,29.29205],[-94.8106,29.29225],[-94.81026,29.29234],[-94.80945,29.29256],[-94.80829,29.29286],[-94.80789,29.29296],[-94.80715,29.29316],[-94.80637,29.29336],[-94.80601,29.29346],[-94.80488,29.29376],[-94.80398,29.294],[-94.80373,29.29406],[-94.80304,29.29424],[-94.80259,29.29436],[-94.80202,29.29451],[-94.80149,29.29464],[-94.80087,29.2948],[-94.80031,29.29495],[-94.79973,29.2951],[-94.79952,29.29515],[-94.79948,29.29516],[-94.79914,29.29525],[-94.79858,29.2954],[-94.79807,29.29553],[-94.79802,29.29554],[-94.79688,29.29585],[-94.79574,29.29615],[-94.79529,29.29626],[-94.79459,29.29645],[-94.79403,29.2966],[-94.79348,29.29674],[-94.79345,29.29675],[-94.79335,29.29677],[-94.79333,29.29678],[-94.79348,29.29721],[-94.79363,29.29765],[-94.79377,29.29808],[-94.79379,29.29814],[-94.79393,29.29852],[-94.79406,29.2989],[-94.79415,29.29917],[-94.79419,29.29929],[-94.7942,29.29933],[-94.79421,29.2994],[-94.79423,29.29948],[-94.79426,29.29955],[-94.79428,29.2996],[-94.79431,29.29967],[-94.79432,29.2997],[-94.79437,29.2998],[-94.7944,29.2999],[-94.79457,29.30039],[-94.7946,29.30046],[-94.79463,29.30055],[-94.79475,29.30091],[-94.79487,29.30127],[-94.79489,29.30134],[-94.79492,29.30141],[-94.79504,29.30178],[-94.79517,29.30214],[-94.79519,29.30221],[-94.79522,29.30229],[-94.79534,29.30264],[-94.79546,29.30298],[-94.79549,29.30309],[-94.79552,29.30316],[-94.79563,29.3035],[-94.7957,29.30369],[-94.79576,29.30388],[-94.79579,29.30395],[-94.7958,29.304],[-94.79593,29.30439],[-94.79598,29.30453],[-94.79605,29.30474],[-94.79608,29.30482],[-94.79619,29.30479],[-94.79621,29.30478],[-94.79619,29.30479],[-94.79608,29.30482],[-94.79611,29.30489],[-94.79623,29.30526],[-94.79636,29.30562],[-94.79638,29.30568],[-94.79638,29.30569],[-94.7964,29.30576],[-94.79652,29.30612],[-94.79655,29.30619],[-94.79665,29.30649],[-94.79668,29.30657],[-94.79671,29.30665],[-94.79681,29.30694],[-94.79669,29.30697],[-94.796244,29.307072]]}},{"type":"Feature","properties":{"feed_id":"Texas__Galveston_Island_Transit__mdb_mdb-2861","agency_id":"1","agency_name":"Island Transit","agency_url":"https://www.galvestontx.gov/393/Transportation","route_id":"3","route_short_name":"3","route_long_name":"via Target","route_desc":"Downtown to 61st","route_type":"3","route_type_name":"Bus","route_url":"","route_color":"613FA6","route_text_color":"FFFFFF","route_sort_order":"","continuous_pickup":"1","continuous_drop_off":"1","network_id":"","shape_id":"3-A-OB","trip_count":119,"direction_ids":"0","trip_headsigns":"61st & Broadway via Ave M","wheelchair_accessible_values":"1","bikes_allowed_values":"1"},"geometry":{"type":"LineString","coordinates":[[-94.796222,29.307076],[-94.79614,29.30683],[-94.79611,29.30674],[-94.7961,29.30672],[-94.79658,29.3066],[-94.79667,29.30657],[-94.79668,29.30657],[-94.79682,29.30653],[-94.79679,29.30646],[-94.79668,29.30615],[-94.79666,29.30608],[-94.79654,29.30572],[-94.79651,29.30565],[-94.79649,29.30559],[-94.79637,29.30523],[-94.79632,29.30509],[-94.79624,29.30486],[-94.79621,29.30478],[-94.79619,29.30471],[-94.79607,29.30436],[-94.79593,29.30397],[-94.79592,29.30392],[-94.79589,29.30385],[-94.79576,29.30347],[-94.79564,29.30313],[-94.79562,29.30306],[-94.79558,29.30295],[-94.79534,29.30225],[-94.79532,29.30218],[-94.79529,29.3021],[-94.79516,29.30173],[-94.79504,29.30138],[-94.79502,29.30131],[-94.79499,29.30124],[-94.79486,29.30085],[-94.79475,29.30052],[-94.79472,29.30043],[-94.79469,29.30036],[-94.79454,29.29988],[-94.79451,29.29978],[-94.79449,29.29966],[-94.79448,29.29963],[-94.79446,29.29956],[-94.79444,29.2995],[-94.79442,29.29943],[-94.79439,29.29935],[-94.79436,29.29929],[-94.79433,29.29923],[-94.7943,29.29917],[-94.79429,29.29913],[-94.79421,29.29892],[-94.79407,29.29848],[-94.79392,29.29804],[-94.79378,29.29761],[-94.79363,29.29718],[-94.7935,29.29677],[-94.79348,29.29674],[-94.79403,29.2966],[-94.79459,29.29645],[-94.79529,29.29626],[-94.79574,29.29615],[-94.79688,29.29585],[-94.79802,29.29554],[-94.79858,29.2954],[-94.79914,29.29525],[-94.79948,29.29516],[-94.79952,29.29515],[-94.79973,29.2951],[-94.80031,29.29495],[-94.80087,29.2948],[-94.80149,29.29464],[-94.80202,29.29451],[-94.80259,29.29436],[-94.80304,29.29424],[-94.80373,29.29406],[-94.80398,29.294],[-94.80488,29.29376],[-94.80547,29.2936],[-94.80601,29.29346],[-94.80637,29.29336],[-94.80715,29.29316],[-94.80789,29.29296],[-94.80829,29.29286],[-94.80945,29.29256],[-94.81026,29.29234],[-94.8106,29.29225],[-94.81138,29.29205],[-94.81172,29.29196],[-94.81266,29.29171],[-94.81287,29.29165],[-94.81388,29.29138],[-94.81392,29.29137],[-94.81401,29.29135],[-94.81404,29.29143],[-94.81409,29.29157],[-94.81415,29.29173],[-94.81416,29.29179],[-94.81429,29.29215],[-94.81431,29.29222],[-94.81441,29.2922],[-94.81444,29.29219],[-94.81545,29.29191],[-94.8166,29.29161],[-94.81713,29.29148],[-94.81773,29.29132],[-94.81888,29.29102],[-94.81951,29.29086],[-94.82003,29.29072],[-94.82116,29.29042],[-94.8223,29.2901],[-94.82254,29.29005],[-94.82335,29.28985],[-94.82345,29.28982],[-94.82347,29.28991],[-94.82357,29.29021],[-94.82359,29.29025],[-94.82374,29.29069],[-94.82388,29.29111],[-94.82402,29.2915],[-94.82405,29.29157],[-94.82411,29.29176],[-94.82421,29.29173],[-94.82433,29.2917],[-94.82457,29.29164],[-94.82525,29.29146],[-94.82629,29.29119],[-94.82639,29.29116],[-94.8265,29.29114],[-94.82757,29.29087],[-94.82756,29.29098],[-94.82761,29.29113],[-94.82784,29.29175],[-94.82801,29.29227],[-94.82812,29.29261],[-94.82827,29.29264],[-94.82856,29.29257],[-94.82877,29.29252],[-94.82904,29.29244],[-94.82928,29.29238],[-94.83011,29.29216],[-94.8303,29.29213],[-94.831,29.29206],[-94.83149,29.29202],[-94.83165,29.29199],[-94.83216,29.29185],[-94.83282,29.29167],[-94.83282,29.29168],[-94.83324,29.29156],[-94.83429,29.29129],[-94.83445,29.2912],[-94.83446,29.29101],[-94.8342,29.29054],[-94.83411,29.29037],[-94.83388,29.28993],[-94.83353,29.28928],[-94.8338,29.28921],[-94.83426,29.2891],[-94.83454,29.28903],[-94.83468,29.289],[-94.83523,29.28894],[-94.8353,29.28894],[-94.83569,29.2889],[-94.83601,29.28889],[-94.83666,29.28892],[-94.83692,29.28893],[-94.83714,29.28893],[-94.83737,29.28893],[-94.83738,29.28893],[-94.83784,29.2889],[-94.83809,29.28888],[-94.83826,29.28888],[-94.83845,29.28887],[-94.83879,29.28884],[-94.8388,29.28884],[-94.83923,29.28883],[-94.84008,29.28879],[-94.84012,29.28935],[-94.84012,29.28937],[-94.84013,29.28951]]}},{"type":"Feature","properties":{"feed_id":"Texas__Galveston_Island_Transit__mdb_mdb-2861","agency_id":"1","agency_name":"Island Transit","agency_url":"https://www.galvestontx.gov/393/Transportation","route_id":"3","route_short_name":"3","route_long_name":"via Target","route_desc":"Downtown to 61st","route_type":"3","route_type_name":"Bus","route_url":"","route_color":"613FA6","route_text_color":"FFFFFF","route_sort_order":"","continuous_pickup":"1","continuous_drop_off":"1","network_id":"","shape_id":"3-B-IB","trip_count":51,"direction_ids":"1","trip_headsigns":"Terminal via Avenue M","wheelchair_accessible_values":"1","bikes_allowed_values":"1"},"geometry":{"type":"LineString","coordinates":[[-94.84013,29.28947],[-94.84014,29.28958],[-94.84023,29.28957],[-94.84043,29.28956],[-94.84065,29.28954],[-94.84082,29.28953],[-94.84087,29.28953],[-94.84106,29.28952],[-94.84128,29.28952],[-94.84147,29.28952],[-94.84161,29.28952],[-94.84168,29.28952],[-94.84179,29.28952],[-94.8419,29.28951],[-94.84199,29.28951],[-94.8421,29.28951],[-94.8423,29.28952],[-94.84248,29.28952],[-94.84247,29.28932],[-94.84246,29.28916],[-94.84246,29.2888],[-94.8428,29.28882],[-94.84317,29.28885],[-94.84347,29.28887],[-94.84392,29.28893],[-94.84433,29.28897],[-94.84481,29.289],[-94.84489,29.28901],[-94.84535,29.28904],[-94.84567,29.28906],[-94.84574,29.28906],[-94.84629,29.28908],[-94.8467,29.28909],[-94.84699,29.28909],[-94.84706,29.2891],[-94.84728,29.2891],[-94.84766,29.2891],[-94.84769,29.2891],[-94.84834,29.28911],[-94.84875,29.28908],[-94.84888,29.28907],[-94.84985,29.28896],[-94.85054,29.28886],[-94.85169,29.28862],[-94.85221,29.28847],[-94.85235,29.28843],[-94.8528,29.28827],[-94.85329,29.28809],[-94.85353,29.288],[-94.85412,29.28781],[-94.85431,29.28775],[-94.8549,29.28755],[-94.85506,29.28749],[-94.85542,29.28737],[-94.85547,29.28736],[-94.85559,29.28731],[-94.85619,29.28711],[-94.85687,29.28689],[-94.85707,29.28683],[-94.85761,29.28664],[-94.85807,29.28649],[-94.85878,29.28625],[-94.85958,29.28599],[-94.85994,29.28589],[-94.86002,29.28588],[-94.86018,29.28585],[-94.86048,29.28584],[-94.86062,29.28584],[-94.86121,29.2858],[-94.86136,29.2858],[-94.86185,29.28577],[-94.86187,29.28577],[-94.86211,29.28576],[-94.86236,29.28575],[-94.86255,29.28575],[-94.86273,29.28569],[-94.8628,29.28558],[-94.86281,29.28515],[-94.86281,29.28504],[-94.86281,29.28497],[-94.86275,29.28491],[-94.86272,29.28488],[-94.86264,29.28485],[-94.86236,29.28484],[-94.86204,29.28487],[-94.86154,29.28497],[-94.86151,29.28497],[-94.86098,29.2851],[-94.86067,29.28516],[-94.8606,29.28517],[-94.86012,29.28525],[-94.85966,29.28535],[-94.85924,29.28548],[-94.85891,29.28559],[-94.85825,29.28582],[-94.85802,29.28592],[-94.85775,29.28602],[-94.85744,29.28614],[-94.85697,29.28631],[-94.85668,29.28641],[-94.85547,29.2868],[-94.85544,29.28681],[-94.85496,29.28698],[-94.8548,29.28704],[-94.85443,29.28715],[-94.8541,29.28722],[-94.85405,29.28723],[-94.85359,29.28735],[-94.85353,29.28737],[-94.85315,29.2875],[-94.85305,29.28752],[-94.85275,29.28759],[-94.85209,29.28775],[-94.85205,29.28776],[-94.85188,29.2878],[-94.85132,29.28793],[-94.8502,29.28814],[-94.85016,29.28815],[-94.85011,29.28815],[-94.84959,29.28824],[-94.84872,29.28835],[-94.84785,29.28844],[-94.8471,29.2885],[-94.8459,29.28848],[-94.845,29.28843],[-94.84478,29.28842],[-94.84369,29.28835],[-94.84291,29.28835],[-94.84239,29.28833],[-94.84224,29.28833],[-94.84184,29.2883],[-94.84136,29.28827],[-94.8409,29.28824],[-94.84045,29.28822],[-94.84006,29.2882],[-94.84,29.2882],[-94.83953,29.28819],[-94.83913,29.28817],[-94.83892,29.28818],[-94.83868,29.28819],[-94.83851,29.2882],[-94.83839,29.2882],[-94.838039,29.288226],[-94.83799,29.28823],[-94.83789,29.28823],[-94.83778,29.28824],[-94.83762,29.28825],[-94.8374,29.28826],[-94.83732,29.28827],[-94.83704,29.2883],[-94.83686,29.28832],[-94.8368,29.28833],[-94.83618,29.2884],[-94.83583,29.28846],[-94.83544,29.28857],[-94.83493,29.28874],[-94.83448,29.28884],[-94.83422,29.28891],[-94.83406,29.28895],[-94.83375,29.28903],[-94.8334,29.28913],[-94.83262,29.28933],[-94.83205,29.28948],[-94.83166,29.28958],[-94.83129,29.28968],[-94.83091,29.28978],[-94.82976,29.29008],[-94.82863,29.29038],[-94.82771,29.29062],[-94.8275,29.29067],[-94.82644,29.29094],[-94.82632,29.29097],[-94.82622,29.291],[-94.82613,29.29102],[-94.82557,29.29117],[-94.82519,29.29127],[-94.82414,29.29155],[-94.82405,29.29157],[-94.82402,29.2915],[-94.82388,29.29111],[-94.82374,29.29069],[-94.82359,29.29025],[-94.82357,29.29021],[-94.82347,29.28991],[-94.82345,29.28982],[-94.82335,29.28985],[-94.82254,29.29005],[-94.8223,29.2901],[-94.82116,29.29042],[-94.82003,29.29072],[-94.81951,29.29086],[-94.81888,29.29102],[-94.81773,29.29132],[-94.81713,29.29148],[-94.8166,29.29161],[-94.81545,29.29191],[-94.81444,29.29219],[-94.81441,29.2922],[-94.81431,29.29222],[-94.81429,29.29215],[-94.81416,29.29179],[-94.81415,29.29173],[-94.81409,29.29157],[-94.81404,29.29143],[-94.81401,29.29135],[-94.81392,29.29137],[-94.81388,29.29138],[-94.81287,29.29165],[-94.81266,29.29171],[-94.81172,29.29196],[-94.81138,29.29205],[-94.8106,29.29225],[-94.81026,29.29234],[-94.80945,29.29256],[-94.80829,29.29286],[-94.80789,29.29296],[-94.80715,29.29316],[-94.80637,29.29336],[-94.80601,29.29346],[-94.80488,29.29376],[-94.80398,29.294],[-94.80373,29.29406],[-94.80304,29.29424],[-94.80259,29.29436],[-94.80225,29.29445],[-94.80202,29.29451],[-94.80149,29.29464],[-94.80087,29.2948],[-94.80031,29.29495],[-94.79973,29.2951],[-94.79952,29.29515],[-94.79948,29.29516],[-94.79914,29.29525],[-94.79858,29.2954],[-94.79802,29.29554],[-94.79688,29.29585],[-94.79574,29.29615],[-94.79529,29.29626],[-94.79459,29.29645],[-94.79403,29.2966],[-94.79348,29.29674],[-94.79345,29.29675],[-94.79335,29.29677],[-94.79333,29.29678],[-94.79339,29.29693],[-94.79348,29.29721],[-94.79363,29.29765],[-94.79377,29.29808],[-94.79379,29.29814],[-94.79393,29.29852],[-94.79406,29.2989],[-94.79415,29.29917],[-94.79419,29.29929],[-94.7942,29.29933],[-94.79421,29.2994],[-94.79423,29.29948],[-94.79426,29.29955],[-94.79428,29.2996],[-94.79431,29.29967],[-94.79432,29.2997],[-94.79437,29.2998],[-94.7944,29.2999],[-94.79457,29.30039],[-94.7946,29.30046],[-94.79463,29.30055],[-94.79475,29.30091],[-94.79487,29.30127],[-94.79489,29.30134],[-94.79492,29.30141],[-94.79504,29.30178],[-94.79517,29.30214],[-94.79519,29.30221],[-94.79522,29.30229],[-94.79534,29.30264],[-94.79546,29.30298],[-94.79549,29.30309],[-94.79552,29.30316],[-94.79563,29.3035],[-94.7957,29.30369],[-94.79576,29.30388],[-94.79579,29.30395],[-94.7958,29.304],[-94.79593,29.30439],[-94.79598,29.30453],[-94.79605,29.30474],[-94.79608,29.30482],[-94.79619,29.30479],[-94.79621,29.30478],[-94.79619,29.30479],[-94.79608,29.30482],[-94.79611,29.30489],[-94.79623,29.30526],[-94.79636,29.30562],[-94.79638,29.30568],[-94.79638,29.30569],[-94.7964,29.30576],[-94.79652,29.30612],[-94.79655,29.30619],[-94.79665,29.30649],[-94.79668,29.30657],[-94.79671,29.30665],[-94.79681,29.30694],[-94.79669,29.30697],[-94.796236,29.307085]]}},{"type":"Feature","properties":{"feed_id":"Texas__Galveston_Island_Transit__mdb_mdb-2861","agency_id":"1","agency_name":"Island Transit","agency_url":"https://www.galvestontx.gov/393/Transportation","route_id":"3","route_short_name":"3","route_long_name":"via Target","route_desc":"Downtown to 61st","route_type":"3","route_type_name":"Bus","route_url":"","route_color":"613FA6","route_text_color":"FFFFFF","route_sort_order":"","continuous_pickup":"1","continuous_drop_off":"1","network_id":"","shape_id":"3-B-OB","trip_count":9,"direction_ids":"0","trip_headsigns":"61st & Broadway via Ave M","wheelchair_accessible_values":"1","bikes_allowed_values":"1"},"geometry":{"type":"LineString","coordinates":[[-94.79621,29.307071],[-94.7961,29.30672],[-94.79658,29.3066],[-94.79667,29.30657],[-94.79668,29.30657],[-94.79682,29.30653],[-94.79679,29.30646],[-94.79668,29.30615],[-94.79666,29.30608],[-94.79654,29.30572],[-94.79651,29.30565],[-94.79649,29.30559],[-94.79637,29.30523],[-94.79632,29.30509],[-94.79624,29.30486],[-94.79621,29.30478],[-94.7963,29.30476],[-94.79642,29.30473],[-94.7963,29.30476],[-94.79621,29.30478],[-94.79619,29.30471],[-94.79607,29.30436],[-94.79593,29.30397],[-94.79592,29.30392],[-94.79589,29.30385],[-94.79576,29.30347],[-94.79564,29.30313],[-94.79562,29.30306],[-94.79558,29.30295],[-94.79534,29.30225],[-94.79532,29.30218],[-94.79529,29.3021],[-94.79516,29.30173],[-94.79504,29.30138],[-94.79502,29.30131],[-94.79499,29.30124],[-94.79486,29.30085],[-94.79475,29.30052],[-94.79472,29.30043],[-94.79469,29.30036],[-94.79454,29.29988],[-94.79451,29.29978],[-94.79449,29.29966],[-94.79448,29.29963],[-94.79446,29.29956],[-94.79444,29.2995],[-94.79442,29.29943],[-94.79439,29.29935],[-94.79436,29.29929],[-94.79433,29.29923],[-94.7943,29.29917],[-94.79429,29.29913],[-94.79421,29.29892],[-94.79407,29.29848],[-94.79392,29.29804],[-94.79378,29.29761],[-94.79363,29.29718],[-94.79351,29.29681],[-94.79348,29.29674],[-94.79403,29.2966],[-94.79459,29.29645],[-94.79529,29.29626],[-94.79574,29.29615],[-94.79688,29.29585],[-94.79802,29.29554],[-94.79858,29.2954],[-94.79914,29.29525],[-94.79948,29.29516],[-94.79952,29.29515],[-94.79973,29.2951],[-94.80031,29.29495],[-94.80087,29.2948],[-94.80149,29.29464],[-94.80202,29.29451],[-94.80259,29.29436],[-94.80304,29.29424],[-94.80373,29.29406],[-94.80398,29.294],[-94.80488,29.29376],[-94.80542,29.29362],[-94.80601,29.29346],[-94.80637,29.29336],[-94.80715,29.29316],[-94.80789,29.29296],[-94.80829,29.29286],[-94.80945,29.29256],[-94.81026,29.29234],[-94.8106,29.29225],[-94.81138,29.29205],[-94.81172,29.29196],[-94.81266,29.29171],[-94.81287,29.29165],[-94.81388,29.29138],[-94.81392,29.29137],[-94.81401,29.29135],[-94.81404,29.29143],[-94.81409,29.29157],[-94.81415,29.29173],[-94.81416,29.29179],[-94.81429,29.29215],[-94.81431,29.29222],[-94.81441,29.2922],[-94.81444,29.29219],[-94.81545,29.29191],[-94.8166,29.29161],[-94.81713,29.29148],[-94.81773,29.29132],[-94.81888,29.29102],[-94.81951,29.29086],[-94.82003,29.29072],[-94.82116,29.29042],[-94.8223,29.2901],[-94.82254,29.29005],[-94.82335,29.28985],[-94.82345,29.28982],[-94.82355,29.2898],[-94.82394,29.28969],[-94.82459,29.28952],[-94.82474,29.28995],[-94.82489,29.2904],[-94.82503,29.29082],[-94.82512,29.29106],[-94.82519,29.29127],[-94.82525,29.29146],[-94.82629,29.29119],[-94.82639,29.29116],[-94.8265,29.29114],[-94.82757,29.29087],[-94.82756,29.29098],[-94.82761,29.29113],[-94.82784,29.29175],[-94.82812,29.29261],[-94.82827,29.29264],[-94.82856,29.29257],[-94.82877,29.29252],[-94.82904,29.29244],[-94.82928,29.29238],[-94.83011,29.29216],[-94.8303,29.29213],[-94.831,29.29206],[-94.83149,29.29202],[-94.83165,29.29199],[-94.83216,29.29185],[-94.83265,29.29172]]}},{"type":"Feature","properties":{"feed_id":"Texas__Galveston_Island_Transit__mdb_mdb-2861","agency_id":"1","agency_name":"Island Transit","agency_url":"https://www.galvestontx.gov/393/Transportation","route_id":"3","route_short_name":"3","route_long_name":"via Target","route_desc":"Downtown to 61st","route_type":"3","route_type_name":"Bus","route_url":"","route_color":"613FA6","route_text_color":"FFFFFF","route_sort_order":"","continuous_pickup":"1","continuous_drop_off":"1","network_id":"","shape_id":"3-O-A-IB","trip_count":35,"direction_ids":"1","trip_headsigns":"Old Terminal-Market & 20th","wheelchair_accessible_values":"1","bikes_allowed_values":"1"},"geometry":{"type":"LineString","coordinates":[[-94.84013,29.28945],[-94.84014,29.28958],[-94.84012,29.28958],[-94.84003,29.28959],[-94.83999,29.28959],[-94.83984,29.2896],[-94.83962,29.28962],[-94.83946,29.28963],[-94.83943,29.28963],[-94.8387,29.28973],[-94.83869,29.28971],[-94.83852,29.28947],[-94.83844,29.28932],[-94.83833,29.28908],[-94.83834,29.28902],[-94.83826,29.28888],[-94.83789,29.28823],[-94.83778,29.28824],[-94.83762,29.28825],[-94.8374,29.28826],[-94.83732,29.28827],[-94.83704,29.2883],[-94.83686,29.28832],[-94.8368,29.28833],[-94.83618,29.2884],[-94.83583,29.28846],[-94.83544,29.28857],[-94.83493,29.28874],[-94.83448,29.28884],[-94.83422,29.28891],[-94.83406,29.28895],[-94.83375,29.28903],[-94.8334,29.28913],[-94.83262,29.28933],[-94.83205,29.28948],[-94.83166,29.28958],[-94.83129,29.28968],[-94.83091,29.28978],[-94.82976,29.29008],[-94.82863,29.29038],[-94.82771,29.29062],[-94.8275,29.29067],[-94.82644,29.29094],[-94.82632,29.29097],[-94.82622,29.291],[-94.82613,29.29102],[-94.82557,29.29117],[-94.82519,29.29127],[-94.82512,29.29106],[-94.82503,29.29082],[-94.82489,29.2904],[-94.82474,29.28995],[-94.82459,29.28952],[-94.82394,29.28969],[-94.82355,29.2898],[-94.82345,29.28982],[-94.82335,29.28985],[-94.82254,29.29005],[-94.8223,29.2901],[-94.82116,29.29042],[-94.82003,29.29072],[-94.81951,29.29086],[-94.81888,29.29102],[-94.81773,29.29132],[-94.81713,29.29148],[-94.8166,29.29161],[-94.81545,29.29191],[-94.8145,29.29217],[-94.81444,29.29219],[-94.81441,29.2922],[-94.81431,29.29222],[-94.81429,29.29215],[-94.81416,29.29179],[-94.81415,29.29173],[-94.81409,29.29157],[-94.81404,29.29143],[-94.81401,29.29135],[-94.81392,29.29137],[-94.81388,29.29138],[-94.81287,29.29165],[-94.81266,29.29171],[-94.81185,29.29192],[-94.81172,29.29196],[-94.81138,29.29205],[-94.8106,29.29225],[-94.81026,29.29234],[-94.80945,29.29256],[-94.80829,29.29286],[-94.80789,29.29296],[-94.80715,29.29316],[-94.80637,29.29336],[-94.80601,29.29346],[-94.80488,29.29376],[-94.80398,29.294],[-94.80373,29.29406],[-94.80304,29.29424],[-94.80259,29.29436],[-94.80202,29.29451],[-94.80149,29.29464],[-94.80087,29.2948],[-94.80031,29.29495],[-94.79973,29.2951],[-94.79952,29.29515],[-94.79948,29.29516],[-94.79914,29.29525],[-94.79858,29.2954],[-94.79807,29.29553],[-94.79802,29.29554],[-94.79688,29.29585],[-94.79574,29.29615],[-94.79529,29.29626],[-94.79459,29.29645],[-94.79403,29.2966],[-94.79348,29.29674],[-94.79345,29.29675],[-94.79343,29.29675],[-94.79335,29.29677],[-94.79333,29.29678],[-94.79348,29.29721],[-94.79363,29.29765],[-94.79377,29.29808],[-94.79379,29.29814],[-94.79393,29.29852],[-94.79406,29.2989],[-94.79415,29.29917],[-94.79419,29.29929],[-94.7942,29.29933],[-94.79421,29.2994],[-94.79423,29.29948],[-94.79426,29.29955],[-94.79428,29.2996],[-94.79431,29.29967],[-94.79432,29.2997],[-94.79437,29.2998],[-94.7944,29.2999],[-94.79457,29.30039],[-94.7946,29.30046],[-94.79463,29.30055],[-94.79475,29.30091],[-94.79487,29.30127],[-94.79489,29.30134],[-94.795,29.30131],[-94.79502,29.30131],[-94.79511,29.30128],[-94.79519,29.30126],[-94.79511,29.30128],[-94.79502,29.30131],[-94.795,29.30131],[-94.79489,29.30134],[-94.79488,29.30134],[-94.7948,29.30136],[-94.79418,29.30152],[-94.79376,29.30163],[-94.79352,29.30169],[-94.79327,29.30176],[-94.79309,29.30181],[-94.79271,29.30191],[-94.79259,29.30194],[-94.79252,29.30196],[-94.79245,29.30198],[-94.79146,29.30223],[-94.79149,29.30231],[-94.79153,29.30243],[-94.79149,29.30231],[-94.79146,29.30223],[-94.79041,29.30251],[-94.79032,29.30253],[-94.79062,29.30339],[-94.79077,29.30384],[-94.7909,29.30422],[-94.79092,29.30428],[-94.79094,29.30435],[-94.79106,29.30469],[-94.79119,29.30508],[-94.79121,29.30512],[-94.79121,29.30514],[-94.79124,29.30521],[-94.79136,29.30558],[-94.7914,29.30569],[-94.79145,29.30584],[-94.79148,29.30593],[-94.79151,29.30602],[-94.79142,29.30604],[-94.79068,29.30624],[-94.79061,29.30626],[-94.79058,29.30627],[-94.79043,29.30631],[-94.79037,29.30633],[-94.79036,29.30634],[-94.79032,29.30635],[-94.790219,29.306102]]}},{"type":"Feature","properties":{"feed_id":"Texas__Galveston_Island_Transit__mdb_mdb-2861","agency_id":"1","agency_name":"Island Transit","agency_url":"https://www.galvestontx.gov/393/Transportation","route_id":"3","route_short_name":"3","route_long_name":"via Target","route_desc":"Downtown to 61st","route_type":"3","route_type_name":"Bus","route_url":"","route_color":"613FA6","route_text_color":"FFFFFF","route_sort_order":"","continuous_pickup":"1","continuous_drop_off":"1","network_id":"","shape_id":"3-O-A-OB","trip_count":60,"direction_ids":"0","trip_headsigns":"61st & Broadway via Ave M","wheelchair_accessible_values":"1","bikes_allowed_values":"1"},"geometry":{"type":"LineString","coordinates":[[-94.7902053,29.3061081],[-94.7900954,29.3058167],[-94.7900422,29.3055753],[-94.79005,29.30545],[-94.79004,29.30537],[-94.79003,29.30536],[-94.78991,29.30501],[-94.78977,29.30458],[-94.78982,29.30456],[-94.79083,29.3043],[-94.79092,29.30428],[-94.79102,29.30425],[-94.79195,29.30401],[-94.79206,29.30398],[-94.79215,29.30396],[-94.79311,29.30371],[-94.79321,29.30368],[-94.7933,29.30366],[-94.79435,29.30339],[-94.79533,29.30313],[-94.7954,29.30311],[-94.79547,29.30309],[-94.79549,29.30309],[-94.7956,29.30306],[-94.79562,29.30306],[-94.79558,29.30295],[-94.79534,29.30225],[-94.79532,29.30218],[-94.79529,29.3021],[-94.79516,29.30173],[-94.79504,29.30138],[-94.79502,29.30131],[-94.79499,29.30124],[-94.79486,29.30085],[-94.79475,29.30052],[-94.79472,29.30043],[-94.79469,29.30036],[-94.79454,29.29988],[-94.79451,29.29978],[-94.79449,29.29966],[-94.79448,29.29963],[-94.79446,29.29956],[-94.79444,29.2995],[-94.79442,29.29943],[-94.79439,29.29935],[-94.79436,29.29929],[-94.79433,29.29923],[-94.7943,29.29917],[-94.79429,29.29913],[-94.79421,29.29892],[-94.79407,29.29848],[-94.79392,29.29804],[-94.79378,29.29761],[-94.79363,29.29718],[-94.79348,29.29674],[-94.79364,29.2967],[-94.79403,29.2966],[-94.79459,29.29645],[-94.79529,29.29626],[-94.79574,29.29615],[-94.79688,29.29585],[-94.79802,29.29554],[-94.79858,29.2954],[-94.79914,29.29525],[-94.79948,29.29516],[-94.79952,29.29515],[-94.79973,29.2951],[-94.80031,29.29495],[-94.80087,29.2948],[-94.80149,29.29464],[-94.80202,29.29451],[-94.80259,29.29436],[-94.80304,29.29424],[-94.80373,29.29406],[-94.80398,29.294],[-94.80488,29.29376],[-94.80547,29.2936],[-94.80601,29.29346],[-94.80637,29.29336],[-94.80715,29.29316],[-94.80789,29.29296],[-94.80829,29.29286],[-94.80945,29.29256],[-94.81026,29.29234],[-94.8106,29.29225],[-94.81138,29.29205],[-94.81172,29.29196],[-94.81266,29.29171],[-94.81287,29.29165],[-94.81388,29.29138],[-94.81392,29.29137],[-94.81401,29.29135],[-94.81404,29.29143],[-94.81409,29.29157],[-94.81415,29.29173],[-94.81416,29.29179],[-94.81429,29.29215],[-94.81431,29.29222],[-94.81441,29.2922],[-94.81444,29.29219],[-94.81545,29.29191],[-94.8166,29.29161],[-94.81713,29.29148],[-94.81773,29.29132],[-94.81888,29.29102],[-94.81951,29.29086],[-94.82003,29.29072],[-94.82116,29.29042],[-94.8223,29.2901],[-94.82254,29.29005],[-94.82335,29.28985],[-94.82345,29.28982],[-94.82347,29.28991],[-94.82357,29.29021],[-94.82359,29.29025],[-94.82374,29.29069],[-94.82388,29.29111],[-94.82402,29.2915],[-94.82405,29.29157],[-94.82411,29.29176],[-94.82421,29.29173],[-94.82433,29.2917],[-94.82457,29.29164],[-94.82525,29.29146],[-94.82629,29.29119],[-94.82639,29.29116],[-94.8265,29.29114],[-94.82757,29.29087],[-94.82756,29.29098],[-94.82761,29.29113],[-94.82784,29.29175],[-94.82801,29.29227],[-94.82812,29.29261],[-94.82827,29.29264],[-94.82856,29.29257],[-94.82877,29.29252],[-94.82904,29.29244],[-94.82928,29.29238],[-94.83011,29.29216],[-94.8303,29.29213],[-94.831,29.29206],[-94.83149,29.29202],[-94.83165,29.29199],[-94.83216,29.29185],[-94.83282,29.29167],[-94.83282,29.29168],[-94.83324,29.29156],[-94.83429,29.29129],[-94.83445,29.2912],[-94.83446,29.29101],[-94.8342,29.29054],[-94.83411,29.29037],[-94.83388,29.28993],[-94.83353,29.28928],[-94.8338,29.28921],[-94.83426,29.2891],[-94.83454,29.28903],[-94.83468,29.289],[-94.83523,29.28894],[-94.8353,29.28894],[-94.83569,29.2889],[-94.83601,29.28889],[-94.83666,29.28892],[-94.83692,29.28893],[-94.83714,29.28893],[-94.83737,29.28893],[-94.83738,29.28893],[-94.83784,29.2889],[-94.83809,29.28888],[-94.83826,29.28888],[-94.83845,29.28887],[-94.83879,29.28884],[-94.8388,29.28884],[-94.83923,29.28883],[-94.84008,29.28879],[-94.84012,29.28935],[-94.84012,29.28937],[-94.84013,29.28951]]}},{"type":"Feature","properties":{"feed_id":"Texas__Galveston_Island_Transit__mdb_mdb-2861","agency_id":"1","agency_name":"Island Transit","agency_url":"https://www.galvestontx.gov/393/Transportation","route_id":"3","route_short_name":"3","route_long_name":"via Target","route_desc":"Downtown to 61st","route_type":"3","route_type_name":"Bus","route_url":"","route_color":"613FA6","route_text_color":"FFFFFF","route_sort_order":"","continuous_pickup":"1","continuous_drop_off":"1","network_id":"","shape_id":"3-O-B-IB","trip_count":25,"direction_ids":"1","trip_headsigns":"Old Terminal Market & 20th via Ave M","wheelchair_accessible_values":"1","bikes_allowed_values":"1"},"geometry":{"type":"LineString","coordinates":[[-94.84013,29.28947],[-94.84014,29.28958],[-94.84023,29.28957],[-94.84043,29.28956],[-94.84065,29.28954],[-94.84082,29.28953],[-94.84087,29.28953],[-94.84106,29.28952],[-94.84128,29.28952],[-94.84147,29.28952],[-94.84161,29.28952],[-94.84168,29.28952],[-94.84179,29.28952],[-94.8419,29.28951],[-94.84199,29.28951],[-94.8421,29.28951],[-94.8423,29.28952],[-94.84248,29.28952],[-94.84247,29.28932],[-94.84246,29.28916],[-94.84246,29.2888],[-94.8428,29.28882],[-94.84317,29.28885],[-94.84347,29.28887],[-94.84392,29.28893],[-94.84433,29.28897],[-94.84481,29.289],[-94.84489,29.28901],[-94.84535,29.28904],[-94.84567,29.28906],[-94.84574,29.28906],[-94.84629,29.28908],[-94.8467,29.28909],[-94.84699,29.28909],[-94.84706,29.2891],[-94.84728,29.2891],[-94.84766,29.2891],[-94.84769,29.2891],[-94.84834,29.28911],[-94.84875,29.28908],[-94.84888,29.28907],[-94.84985,29.28896],[-94.85054,29.28886],[-94.85169,29.28862],[-94.85221,29.28847],[-94.85235,29.28843],[-94.8528,29.28827],[-94.85329,29.28809],[-94.85353,29.288],[-94.85412,29.28781],[-94.85431,29.28775],[-94.8549,29.28755],[-94.85506,29.28749],[-94.85542,29.28737],[-94.85547,29.28736],[-94.85559,29.28731],[-94.85619,29.28711],[-94.85687,29.28689],[-94.85707,29.28683],[-94.85761,29.28664],[-94.85807,29.28649],[-94.85878,29.28625],[-94.85958,29.28599],[-94.85994,29.28589],[-94.86002,29.28588],[-94.86018,29.28585],[-94.86048,29.28584],[-94.86062,29.28584],[-94.86121,29.2858],[-94.86136,29.2858],[-94.86185,29.28577],[-94.86187,29.28577],[-94.86211,29.28576],[-94.86236,29.28575],[-94.86255,29.28575],[-94.86273,29.28569],[-94.8628,29.28558],[-94.86281,29.28515],[-94.86281,29.28504],[-94.86281,29.28497],[-94.86275,29.28491],[-94.86272,29.28488],[-94.86264,29.28485],[-94.86236,29.28484],[-94.86204,29.28487],[-94.86154,29.28497],[-94.86151,29.28497],[-94.86098,29.2851],[-94.86067,29.28516],[-94.8606,29.28517],[-94.86012,29.28525],[-94.85966,29.28535],[-94.85924,29.28548],[-94.85891,29.28559],[-94.85825,29.28582],[-94.85802,29.28592],[-94.85775,29.28602],[-94.85744,29.28614],[-94.85697,29.28631],[-94.85668,29.28641],[-94.85547,29.2868],[-94.85544,29.28681],[-94.85496,29.28698],[-94.8548,29.28704],[-94.85443,29.28715],[-94.8541,29.28722],[-94.85405,29.28723],[-94.85359,29.28735],[-94.85353,29.28737],[-94.85315,29.2875],[-94.85305,29.28752],[-94.85275,29.28759],[-94.85209,29.28775],[-94.85205,29.28776],[-94.85188,29.2878],[-94.85132,29.28793],[-94.8502,29.28814],[-94.85016,29.28815],[-94.85011,29.28815],[-94.84959,29.28824],[-94.84872,29.28835],[-94.84785,29.28844],[-94.8471,29.2885],[-94.8459,29.28848],[-94.845,29.28843],[-94.84478,29.28842],[-94.84369,29.28835],[-94.84291,29.28835],[-94.84239,29.28833],[-94.84224,29.28833],[-94.84184,29.2883],[-94.84136,29.28827],[-94.8409,29.28824],[-94.84045,29.28822],[-94.84006,29.2882],[-94.84,29.2882],[-94.83953,29.28819],[-94.83913,29.28817],[-94.83892,29.28818],[-94.83868,29.28819],[-94.83851,29.2882],[-94.83839,29.2882],[-94.838039,29.288226],[-94.83799,29.28823],[-94.83789,29.28823],[-94.83778,29.28824],[-94.83762,29.28825],[-94.8374,29.28826],[-94.83732,29.28827],[-94.83704,29.2883],[-94.83686,29.28832],[-94.8368,29.28833],[-94.83618,29.2884],[-94.83583,29.28846],[-94.83544,29.28857],[-94.83493,29.28874],[-94.83448,29.28884],[-94.83422,29.28891],[-94.83406,29.28895],[-94.83375,29.28903],[-94.8334,29.28913],[-94.83262,29.28933],[-94.83205,29.28948],[-94.83166,29.28958],[-94.83129,29.28968],[-94.83091,29.28978],[-94.82976,29.29008],[-94.82863,29.29038],[-94.82771,29.29062],[-94.8275,29.29067],[-94.82644,29.29094],[-94.82632,29.29097],[-94.82622,29.291],[-94.82613,29.29102],[-94.82557,29.29117],[-94.82519,29.29127],[-94.82414,29.29155],[-94.82405,29.29157],[-94.82402,29.2915],[-94.82388,29.29111],[-94.82374,29.29069],[-94.82359,29.29025],[-94.82357,29.29021],[-94.82347,29.28991],[-94.82345,29.28982],[-94.82335,29.28985],[-94.82254,29.29005],[-94.8223,29.2901],[-94.82116,29.29042],[-94.82003,29.29072],[-94.81951,29.29086],[-94.81888,29.29102],[-94.81773,29.29132],[-94.81713,29.29148],[-94.8166,29.29161],[-94.81545,29.29191],[-94.81444,29.29219],[-94.81441,29.2922],[-94.81431,29.29222],[-94.81429,29.29215],[-94.81416,29.29179],[-94.81415,29.29173],[-94.81409,29.29157],[-94.81404,29.29143],[-94.81401,29.29135],[-94.81392,29.29137],[-94.81388,29.29138],[-94.81287,29.29165],[-94.81266,29.29171],[-94.81172,29.29196],[-94.81138,29.29205],[-94.8106,29.29225],[-94.81026,29.29234],[-94.80945,29.29256],[-94.80829,29.29286],[-94.80789,29.29296],[-94.80715,29.29316],[-94.80637,29.29336],[-94.80601,29.29346],[-94.80488,29.29376],[-94.80398,29.294],[-94.80373,29.29406],[-94.80304,29.29424],[-94.80259,29.29436],[-94.80225,29.29445],[-94.80202,29.29451],[-94.80149,29.29464],[-94.80087,29.2948],[-94.80031,29.29495],[-94.79973,29.2951],[-94.79952,29.29515],[-94.79948,29.29516],[-94.79914,29.29525],[-94.79858,29.2954],[-94.79802,29.29554],[-94.79688,29.29585],[-94.79574,29.29615],[-94.79529,29.29626],[-94.79459,29.29645],[-94.79403,29.2966],[-94.79348,29.29674],[-94.79345,29.29675],[-94.79335,29.29677],[-94.79333,29.29678],[-94.79343,29.29706],[-94.79348,29.29721],[-94.79363,29.29765],[-94.79377,29.29808],[-94.79379,29.29814],[-94.79393,29.29852],[-94.79406,29.2989],[-94.79415,29.29917],[-94.79419,29.29929],[-94.7942,29.29933],[-94.79421,29.2994],[-94.79423,29.29948],[-94.79426,29.29955],[-94.79428,29.2996],[-94.79431,29.29967],[-94.79432,29.2997],[-94.79437,29.2998],[-94.7944,29.2999],[-94.79457,29.30039],[-94.7946,29.30046],[-94.79463,29.30055],[-94.79475,29.30091],[-94.79487,29.30127],[-94.79489,29.30134],[-94.79488,29.30134],[-94.7948,29.30136],[-94.79418,29.30152],[-94.79376,29.30163],[-94.79352,29.30169],[-94.79327,29.30176],[-94.79309,29.30181],[-94.79271,29.30191],[-94.79262,29.30193],[-94.79259,29.30194],[-94.79252,29.30196],[-94.79245,29.30198],[-94.79146,29.30223],[-94.79041,29.30251],[-94.79032,29.30253],[-94.79062,29.30339],[-94.79077,29.30384],[-94.7909,29.30422],[-94.79092,29.30428],[-94.79094,29.30435],[-94.79106,29.30469],[-94.79119,29.30508],[-94.79121,29.30512],[-94.79121,29.30514],[-94.79124,29.30521],[-94.79136,29.30558],[-94.7914,29.30569],[-94.79145,29.30584],[-94.79148,29.30593],[-94.79151,29.30602],[-94.79142,29.30604],[-94.79068,29.30624],[-94.79061,29.30626],[-94.79058,29.30627],[-94.79043,29.30631],[-94.79037,29.30633],[-94.79036,29.30634],[-94.79032,29.30635],[-94.790213,29.3060966]]}},{"type":"Feature","properties":{"feed_id":"Texas__Galveston_Island_Transit__mdb_mdb-2861","agency_id":"1","agency_name":"Island Transit","agency_url":"https://www.galvestontx.gov/393/Transportation","route_id":"4","route_short_name":"4","route_long_name":"via Ave M","route_desc":"Downtown to Ave M","route_type":"3","route_type_name":"Bus","route_url":"","route_color":"6E0413","route_text_color":"FFFFFF","route_sort_order":"","continuous_pickup":"1","continuous_drop_off":"1","network_id":"","shape_id":"4-A-IB","trip_count":128,"direction_ids":"1","trip_headsigns":"Terminal via Broadway","wheelchair_accessible_values":"1","bikes_allowed_values":"1"},"geometry":{"type":"LineString","coordinates":[[-94.77468,29.3041],[-94.77481,29.30449],[-94.77487,29.30467],[-94.77497,29.30464],[-94.77601,29.30437],[-94.77714,29.30407],[-94.77831,29.30377],[-94.77931,29.3035],[-94.77934,29.30349],[-94.77944,29.30346],[-94.77954,29.30344],[-94.78058,29.30317],[-94.7816,29.30291],[-94.78163,29.3029],[-94.78173,29.30287],[-94.78182,29.30285],[-94.78287,29.30257],[-94.78401,29.30228],[-94.78473,29.30209],[-94.78515,29.30199],[-94.7863,29.30168],[-94.78686,29.30154],[-94.78735,29.30141],[-94.78744,29.30139],[-94.78754,29.30136],[-94.78859,29.30109],[-94.78903,29.30097],[-94.78958,29.30083],[-94.78961,29.30082],[-94.78973,29.30079],[-94.78985,29.30075],[-94.79032,29.30063],[-94.79087,29.30049],[-94.79191,29.30021],[-94.79199,29.30019],[-94.79211,29.30016],[-94.79317,29.29988],[-94.79419,29.29962],[-94.7942,29.29962],[-94.79426,29.29961],[-94.79428,29.2996],[-94.79431,29.29967],[-94.79432,29.2997],[-94.79437,29.2998],[-94.7944,29.2999],[-94.79457,29.30039],[-94.7946,29.30046],[-94.79463,29.30055],[-94.79475,29.30091],[-94.79487,29.30127],[-94.79489,29.30134],[-94.79492,29.30141],[-94.79504,29.30178],[-94.79517,29.30214],[-94.79519,29.30221],[-94.79522,29.30229],[-94.79534,29.30264],[-94.79546,29.30298],[-94.79549,29.30309],[-94.79552,29.30316],[-94.79563,29.3035],[-94.7957,29.30369],[-94.79576,29.30388],[-94.79579,29.30395],[-94.7958,29.304],[-94.79593,29.30439],[-94.79598,29.30453],[-94.79605,29.30474],[-94.79608,29.30482],[-94.79611,29.30489],[-94.79623,29.30526],[-94.79636,29.30562],[-94.79638,29.30568],[-94.79638,29.30569],[-94.7964,29.30576],[-94.79652,29.30612],[-94.79655,29.30619],[-94.79665,29.30649],[-94.79668,29.30657],[-94.79671,29.30665],[-94.79681,29.30694],[-94.79669,29.30697],[-94.796228,29.307091]]}},{"type":"Feature","properties":{"feed_id":"Texas__Galveston_Island_Transit__mdb_mdb-2861","agency_id":"1","agency_name":"Island Transit","agency_url":"https://www.galvestontx.gov/393/Transportation","route_id":"4","route_short_name":"4","route_long_name":"via Ave M","route_desc":"Downtown to Ave M","route_type":"3","route_type_name":"Bus","route_url":"","route_color":"6E0413","route_text_color":"FFFFFF","route_sort_order":"","continuous_pickup":"1","continuous_drop_off":"1","network_id":"","shape_id":"4-A-OB","trip_count":128,"direction_ids":"0","trip_headsigns":"Broadway & 8th St","wheelchair_accessible_values":"1","bikes_allowed_values":"1"},"geometry":{"type":"LineString","coordinates":[[-94.796223,29.307086],[-94.79614,29.30683],[-94.79611,29.30674],[-94.7961,29.30672],[-94.79658,29.3066],[-94.79667,29.30657],[-94.79668,29.30657],[-94.79682,29.30653],[-94.79679,29.30646],[-94.79668,29.30615],[-94.79666,29.30608],[-94.79654,29.30572],[-94.79651,29.30565],[-94.79649,29.30559],[-94.79637,29.30523],[-94.79632,29.30509],[-94.79624,29.30486],[-94.79621,29.30478],[-94.79619,29.30471],[-94.79607,29.30436],[-94.79593,29.30397],[-94.79592,29.30392],[-94.79589,29.30385],[-94.79576,29.30347],[-94.79564,29.30313],[-94.79562,29.30306],[-94.79558,29.30295],[-94.79534,29.30225],[-94.79532,29.30218],[-94.79529,29.3021],[-94.79516,29.30173],[-94.79504,29.30138],[-94.79502,29.30131],[-94.79499,29.30124],[-94.79486,29.30085],[-94.79475,29.30052],[-94.79472,29.30043],[-94.79469,29.30036],[-94.79454,29.29988],[-94.79451,29.29978],[-94.79449,29.29966],[-94.79448,29.29963],[-94.79446,29.29956],[-94.79444,29.2995],[-94.79442,29.29943],[-94.79439,29.29935],[-94.79436,29.29929],[-94.79433,29.29923],[-94.7943,29.29917],[-94.79429,29.29913],[-94.79421,29.29892],[-94.79407,29.29848],[-94.79392,29.29804],[-94.79378,29.29761],[-94.79363,29.29718],[-94.79348,29.29674],[-94.79345,29.29675],[-94.79335,29.29677],[-94.79333,29.29678],[-94.79316,29.29682],[-94.79277,29.29692],[-94.79222,29.29707],[-94.79158,29.29724],[-94.79105,29.29738],[-94.79011,29.29762],[-94.7899,29.29767],[-94.78902,29.2979],[-94.78877,29.29797],[-94.78764,29.29827],[-94.7866,29.29854],[-94.78648,29.29857],[-94.78637,29.2986],[-94.78553,29.29882],[-94.78534,29.29887],[-94.7852,29.29844],[-94.78505,29.29799],[-94.7849,29.29756],[-94.78476,29.29714],[-94.78461,29.29671],[-94.78445,29.29628],[-94.78444,29.29625],[-94.7833,29.29654],[-94.78215,29.29684],[-94.78131,29.29706],[-94.78102,29.29715],[-94.77987,29.29745],[-94.78002,29.29789],[-94.78016,29.29832],[-94.78031,29.29876],[-94.78045,29.2992],[-94.78063,29.29963],[-94.78075,29.30002],[-94.78077,29.30007],[-94.77963,29.30037],[-94.77848,29.30067],[-94.77734,29.30097],[-94.77674,29.30113],[-94.7762,29.30127],[-94.77635,29.3017],[-94.7765,29.30213],[-94.77664,29.30257],[-94.77679,29.30301],[-94.77581,29.30327],[-94.77565,29.30331],[-94.77451,29.30361],[-94.77466,29.30404],[-94.77477,29.30437]]}},{"type":"Feature","properties":{"feed_id":"Texas__Galveston_Island_Transit__mdb_mdb-2861","agency_id":"1","agency_name":"Island Transit","agency_url":"https://www.galvestontx.gov/393/Transportation","route_id":"4","route_short_name":"4","route_long_name":"via Ave M","route_desc":"Downtown to Ave M","route_type":"3","route_type_name":"Bus","route_url":"","route_color":"6E0413","route_text_color":"FFFFFF","route_sort_order":"","continuous_pickup":"1","continuous_drop_off":"1","network_id":"","shape_id":"4-O-IB","trip_count":60,"direction_ids":"1","trip_headsigns":"Old Terminal -20th & Market","wheelchair_accessible_values":"1","bikes_allowed_values":"1"},"geometry":{"type":"LineString","coordinates":[[-94.77468,29.3041],[-94.77481,29.30449],[-94.77487,29.30467],[-94.77497,29.30464],[-94.77601,29.30437],[-94.77714,29.30407],[-94.77831,29.30377],[-94.77931,29.3035],[-94.77934,29.30349],[-94.77944,29.30346],[-94.77954,29.30344],[-94.78058,29.30317],[-94.7816,29.30291],[-94.78163,29.3029],[-94.78173,29.30287],[-94.78182,29.30285],[-94.78287,29.30257],[-94.78401,29.30228],[-94.78473,29.30209],[-94.78515,29.30199],[-94.7863,29.30168],[-94.78686,29.30154],[-94.78735,29.30141],[-94.78744,29.30139],[-94.78754,29.30136],[-94.78859,29.30109],[-94.78903,29.30097],[-94.78958,29.30083],[-94.78961,29.30082],[-94.78973,29.30079],[-94.78985,29.30075],[-94.79032,29.30063],[-94.79087,29.30049],[-94.79191,29.30021],[-94.79199,29.30019],[-94.79211,29.30016],[-94.79317,29.29988],[-94.79419,29.29962],[-94.7942,29.29962],[-94.79426,29.29961],[-94.79428,29.2996],[-94.79431,29.29967],[-94.79432,29.2997],[-94.79437,29.2998],[-94.7944,29.2999],[-94.79457,29.30039],[-94.7946,29.30046],[-94.79463,29.30055],[-94.79475,29.30091],[-94.79487,29.30127],[-94.79489,29.30134],[-94.79488,29.30134],[-94.7948,29.30136],[-94.79418,29.30152],[-94.79376,29.30163],[-94.79352,29.30169],[-94.79327,29.30176],[-94.79309,29.30181],[-94.79271,29.30191],[-94.79259,29.30194],[-94.79252,29.30196],[-94.79245,29.30198],[-94.79146,29.30223],[-94.79041,29.30251],[-94.79032,29.30253],[-94.79062,29.30339],[-94.79077,29.30384],[-94.7909,29.30422],[-94.79092,29.30428],[-94.79094,29.30435],[-94.79106,29.30469],[-94.79119,29.30508],[-94.79121,29.30512],[-94.79121,29.30514],[-94.79124,29.30521],[-94.79136,29.30558],[-94.7914,29.30569],[-94.79145,29.30584],[-94.79148,29.30593],[-94.79151,29.30602],[-94.790309,29.306331],[-94.7902132,29.3060962]]}},{"type":"Feature","properties":{"feed_id":"Texas__Galveston_Island_Transit__mdb_mdb-2861","agency_id":"1","agency_name":"Island Transit","agency_url":"https://www.galvestontx.gov/393/Transportation","route_id":"4","route_short_name":"4","route_long_name":"via Ave M","route_desc":"Downtown to Ave M","route_type":"3","route_type_name":"Bus","route_url":"","route_color":"6E0413","route_text_color":"FFFFFF","route_sort_order":"","continuous_pickup":"1","continuous_drop_off":"1","network_id":"","shape_id":"4-O-OB","trip_count":60,"direction_ids":"0","trip_headsigns":"Broadway & 8th St","wheelchair_accessible_values":"1","bikes_allowed_values":"1"},"geometry":{"type":"LineString","coordinates":[[-94.7902164,29.3061144],[-94.7900683,29.3057017],[-94.79005,29.30545],[-94.79004,29.30537],[-94.79003,29.30536],[-94.78991,29.30501],[-94.78977,29.30458],[-94.79083,29.3043],[-94.79092,29.30428],[-94.79102,29.30425],[-94.79145,29.30414],[-94.79195,29.30401],[-94.79206,29.30398],[-94.79215,29.30396],[-94.79311,29.30371],[-94.79321,29.30368],[-94.7933,29.30366],[-94.79435,29.30339],[-94.7954,29.30311],[-94.79547,29.30309],[-94.79549,29.30309],[-94.7956,29.30306],[-94.79562,29.30306],[-94.79558,29.30295],[-94.79534,29.30225],[-94.79532,29.30218],[-94.79529,29.3021],[-94.79516,29.30173],[-94.79504,29.30138],[-94.79502,29.30131],[-94.79499,29.30124],[-94.79486,29.30085],[-94.79475,29.30052],[-94.79472,29.30043],[-94.79469,29.30036],[-94.79454,29.29988],[-94.79451,29.29978],[-94.79449,29.29966],[-94.79448,29.29963],[-94.79446,29.29956],[-94.79444,29.2995],[-94.79442,29.29943],[-94.79439,29.29935],[-94.79436,29.29929],[-94.79433,29.29923],[-94.7943,29.29917],[-94.79429,29.29913],[-94.79421,29.29892],[-94.79407,29.29848],[-94.79392,29.29804],[-94.79378,29.29761],[-94.79363,29.29718],[-94.79348,29.29674],[-94.79345,29.29675],[-94.79335,29.29677],[-94.79333,29.29678],[-94.79316,29.29682],[-94.79277,29.29692],[-94.79222,29.29707],[-94.79158,29.29724],[-94.79105,29.29738],[-94.79011,29.29762],[-94.7899,29.29767],[-94.78902,29.2979],[-94.78877,29.29797],[-94.78764,29.29827],[-94.7866,29.29854],[-94.78648,29.29857],[-94.78637,29.2986],[-94.78553,29.29882],[-94.78534,29.29887],[-94.7852,29.29844],[-94.78505,29.29799],[-94.7849,29.29756],[-94.78476,29.29714],[-94.78461,29.29671],[-94.78445,29.29628],[-94.78444,29.29625],[-94.7833,29.29654],[-94.78215,29.29684],[-94.78131,29.29706],[-94.78102,29.29715],[-94.77987,29.29745],[-94.78002,29.29789],[-94.78016,29.29832],[-94.78031,29.29876],[-94.78045,29.2992],[-94.78063,29.29963],[-94.78075,29.30002],[-94.78077,29.30007],[-94.77963,29.30037],[-94.77848,29.30067],[-94.77734,29.30097],[-94.77674,29.30113],[-94.7762,29.30127],[-94.77635,29.3017],[-94.7765,29.30213],[-94.77664,29.30257],[-94.77679,29.30301],[-94.77581,29.30327],[-94.77565,29.30331],[-94.77451,29.30361],[-94.77466,29.30404],[-94.77477,29.30437]]}},{"type":"Feature","properties":{"feed_id":"Texas__Galveston_Island_Transit__mdb_mdb-2861","agency_id":"1","agency_name":"Island Transit","agency_url":"https://www.galvestontx.gov/393/Transportation","route_id":"5","route_short_name":"5","route_long_name":"81st Via Stewart Rd","route_desc":"Downtown to 81st","route_type":"3","route_type_name":"Bus","route_url":"","route_color":"E05200","route_text_color":"FFFFFF","route_sort_order":"","continuous_pickup":"1","continuous_drop_off":"1","network_id":"","shape_id":"5-A-IB","trip_count":128,"direction_ids":"0","trip_headsigns":"Ave S & Stewart Rd","wheelchair_accessible_values":"1","bikes_allowed_values":"1"},"geometry":{"type":"LineString","coordinates":[[-94.8443,29.27418],[-94.84422,29.27421],[-94.84421,29.27422],[-94.84411,29.27426],[-94.84406,29.27428],[-94.84388,29.27435],[-94.84364,29.27445],[-94.84354,29.27449],[-94.84336,29.27456],[-94.84289,29.27475],[-94.84273,29.27482],[-94.84269,29.27483],[-94.84265,29.27485],[-94.8425,29.27491],[-94.84235,29.27497],[-94.84223,29.27502],[-94.84185,29.27517],[-94.8414,29.27535],[-94.84086,29.27558],[-94.83956,29.27612],[-94.83946,29.27616],[-94.83941,29.27618],[-94.83885,29.27641],[-94.83763,29.27692],[-94.83737,29.27703],[-94.83683,29.27725],[-94.83649,29.27663],[-94.83638,29.27643],[-94.83595,29.27563],[-94.83552,29.27483],[-94.8351,29.27399],[-94.83509,29.27397],[-94.83505,29.27388],[-94.83498,29.27391],[-94.83495,29.27392],[-94.8345,29.27411],[-94.83412,29.27427],[-94.83405,29.27429],[-94.83356,29.2745],[-94.83324,29.27463],[-94.83301,29.27472],[-94.83247,29.27495],[-94.83213,29.27509],[-94.83187,29.27521],[-94.83178,29.27524],[-94.83155,29.27534],[-94.83141,29.2754],[-94.83137,29.27542],[-94.8313,29.27546],[-94.83127,29.27547],[-94.83119,29.27552],[-94.83107,29.27559],[-94.831,29.27562],[-94.83098,29.27563],[-94.83087,29.27569],[-94.83038,29.27589],[-94.83033,29.27591],[-94.82994,29.27607],[-94.82902,29.27642],[-94.82775,29.27694],[-94.82758,29.27698],[-94.82743,29.277],[-94.82734,29.277],[-94.82708,29.27699],[-94.8269,29.27697],[-94.82666,29.27693],[-94.82654,29.2769],[-94.8264,29.27687],[-94.82639,29.27687],[-94.82619,29.27685],[-94.82593,29.27686],[-94.8256,29.27694],[-94.82531,29.27702],[-94.82473,29.27717],[-94.82415,29.27732],[-94.82402,29.27735],[-94.8238,29.27741],[-94.82303,29.27761],[-94.82203,29.27787],[-94.822,29.27788],[-94.82188,29.27791],[-94.82179,29.27793],[-94.82176,29.27794],[-94.82084,29.27818],[-94.82074,29.2782],[-94.82059,29.27825],[-94.81959,29.27852],[-94.81845,29.27882],[-94.8173,29.27912],[-94.81618,29.2794],[-94.81503,29.27973],[-94.81388,29.28],[-94.81274,29.28031],[-94.81282,29.28055],[-94.81284,29.2806],[-94.81289,29.28074],[-94.81294,29.2809],[-94.81304,29.28118],[-94.81319,29.28163],[-94.81334,29.28206],[-94.81277,29.28221],[-94.81218,29.28236],[-94.81144,29.28256],[-94.81119,29.28263],[-94.81116,29.28264],[-94.81105,29.28267],[-94.81092,29.2827],[-94.81089,29.28271],[-94.80994,29.28295],[-94.80875,29.28326],[-94.80823,29.28339],[-94.80765,29.28355],[-94.80648,29.28386],[-94.80626,29.28322],[-94.80618,29.28299],[-94.80603,29.28255],[-94.80592,29.28222],[-94.80589,29.28212],[-94.80576,29.28216],[-94.80548,29.28223],[-94.80473,29.28243],[-94.80445,29.2825],[-94.80376,29.28268],[-94.80359,29.28272],[-94.80345,29.28276],[-94.80341,29.28277],[-94.8025,29.28301],[-94.80148,29.28328],[-94.80133,29.28332],[-94.80137,29.28344],[-94.80147,29.28374],[-94.80162,29.28418],[-94.80177,29.28462],[-94.80192,29.28505],[-94.80207,29.28549],[-94.80222,29.28593],[-94.80235,29.28631],[-94.80237,29.28637],[-94.80252,29.2868],[-94.80136,29.2871],[-94.80021,29.2874],[-94.79908,29.2877],[-94.79793,29.288],[-94.7968,29.28829],[-94.79631,29.28842],[-94.79564,29.28859],[-94.79451,29.28889],[-94.79336,29.28919],[-94.79282,29.28933],[-94.79223,29.28949],[-94.7911,29.28979],[-94.79097,29.28982],[-94.79095,29.28982],[-94.79104,29.29005],[-94.79103,29.29005],[-94.79111,29.29026],[-94.79126,29.2907],[-94.7914,29.29112],[-94.79155,29.29156],[-94.79155,29.29157],[-94.79184,29.29243],[-94.79199,29.29286],[-94.79214,29.2933],[-94.7925,29.29436],[-94.79274,29.29504],[-94.79333,29.29678],[-94.79348,29.29721],[-94.79363,29.29765],[-94.79377,29.29808],[-94.79379,29.29814],[-94.79393,29.29852],[-94.79404,29.29885],[-94.79406,29.2989],[-94.79415,29.29917],[-94.79419,29.29929],[-94.7942,29.29933],[-94.79421,29.2994],[-94.79423,29.29948],[-94.79426,29.29955],[-94.79428,29.2996],[-94.79431,29.29967],[-94.79432,29.2997],[-94.79437,29.2998],[-94.7944,29.2999],[-94.79457,29.30039],[-94.7946,29.30046],[-94.79463,29.30055],[-94.79475,29.30091],[-94.79487,29.30127],[-94.79489,29.30134],[-94.79492,29.30141],[-94.79504,29.30178],[-94.79514,29.30205],[-94.79517,29.30214],[-94.79519,29.30221],[-94.79522,29.30229],[-94.79534,29.30264],[-94.79546,29.30298],[-94.79549,29.30309],[-94.79552,29.30316],[-94.79563,29.3035],[-94.7957,29.30369],[-94.79576,29.30388],[-94.79579,29.30395],[-94.7958,29.304],[-94.79593,29.30439],[-94.79598,29.30453],[-94.79605,29.30474],[-94.79608,29.30482],[-94.79611,29.30489],[-94.79623,29.30526],[-94.79636,29.30562],[-94.79638,29.30568],[-94.79638,29.30569],[-94.7964,29.30576],[-94.79652,29.30612],[-94.79655,29.30619],[-94.79665,29.30649],[-94.79666,29.30651],[-94.79668,29.30657],[-94.79671,29.30665],[-94.7968,29.30692],[-94.79681,29.30694],[-94.796254,29.307071]]}},{"type":"Feature","properties":{"feed_id":"Texas__Galveston_Island_Transit__mdb_mdb-2861","agency_id":"1","agency_name":"Island Transit","agency_url":"https://www.galvestontx.gov/393/Transportation","route_id":"5","route_short_name":"5","route_long_name":"81st Via Stewart Rd","route_desc":"Downtown to 81st","route_type":"3","route_type_name":"Bus","route_url":"","route_color":"E05200","route_text_color":"FFFFFF","route_sort_order":"","continuous_pickup":"1","continuous_drop_off":"1","network_id":"","shape_id":"5-A-OB","trip_count":95,"direction_ids":"1","trip_headsigns":"Terminal via Ave S","wheelchair_accessible_values":"1","bikes_allowed_values":"1"},"geometry":{"type":"LineString","coordinates":[[-94.796199,29.307001],[-94.7961,29.30672],[-94.79658,29.3066],[-94.79667,29.30657],[-94.79668,29.30657],[-94.79682,29.30653],[-94.79679,29.30646],[-94.79672,29.30626],[-94.79668,29.30615],[-94.79666,29.30608],[-94.79654,29.30572],[-94.79651,29.30565],[-94.79649,29.30559],[-94.79637,29.30523],[-94.79632,29.30509],[-94.79624,29.30486],[-94.79621,29.30478],[-94.79619,29.30471],[-94.79607,29.30436],[-94.79593,29.30397],[-94.79592,29.30392],[-94.79589,29.30385],[-94.79576,29.30347],[-94.79564,29.30313],[-94.79562,29.30306],[-94.79558,29.30295],[-94.79534,29.30225],[-94.79532,29.30218],[-94.79529,29.3021],[-94.79516,29.30173],[-94.79504,29.30138],[-94.79502,29.30131],[-94.79499,29.30124],[-94.79486,29.30085],[-94.79475,29.30052],[-94.79472,29.30043],[-94.79469,29.30036],[-94.79454,29.29988],[-94.79451,29.29978],[-94.79449,29.29966],[-94.79448,29.29963],[-94.79446,29.29956],[-94.79444,29.2995],[-94.79442,29.29943],[-94.79439,29.29935],[-94.79436,29.29929],[-94.79433,29.29923],[-94.7943,29.29917],[-94.79429,29.29913],[-94.79421,29.29892],[-94.79407,29.29848],[-94.79397,29.29819],[-94.79392,29.29804],[-94.79378,29.29761],[-94.79363,29.29718],[-94.79348,29.29674],[-94.79289,29.29501],[-94.79229,29.29327],[-94.792,29.29239],[-94.79184,29.29195],[-94.7917,29.29153],[-94.79155,29.29109],[-94.79139,29.29066],[-94.79125,29.29023],[-94.79116,29.28996],[-94.7911,29.28979],[-94.79171,29.28963],[-94.79223,29.28949],[-94.79336,29.28919],[-94.79451,29.28889],[-94.79564,29.28859],[-94.7968,29.28829],[-94.79747,29.28812],[-94.79793,29.288],[-94.79908,29.2877],[-94.80021,29.2874],[-94.80136,29.2871],[-94.80174,29.287],[-94.80252,29.2868],[-94.80237,29.28637],[-94.80235,29.28631],[-94.80222,29.28593],[-94.80207,29.28549],[-94.80192,29.28505],[-94.80177,29.28462],[-94.80162,29.28418],[-94.80147,29.28374],[-94.80137,29.28344],[-94.80133,29.28332],[-94.80148,29.28328],[-94.80214,29.28311],[-94.8025,29.28301],[-94.80345,29.28276],[-94.80359,29.28272],[-94.80376,29.28268],[-94.80445,29.2825],[-94.80473,29.28243],[-94.80548,29.28223],[-94.80576,29.28216],[-94.80589,29.28212],[-94.80592,29.28222],[-94.80603,29.28255],[-94.80618,29.28299],[-94.80623,29.28312],[-94.80648,29.28386],[-94.80765,29.28355],[-94.80865,29.28329],[-94.80875,29.28326],[-94.80994,29.28295],[-94.81089,29.28271],[-94.81092,29.2827],[-94.81105,29.28267],[-94.81116,29.28264],[-94.81119,29.28263],[-94.81144,29.28256],[-94.81218,29.28236],[-94.81334,29.28206],[-94.81319,29.28163],[-94.81306,29.28125],[-94.81304,29.28118],[-94.81294,29.2809],[-94.81289,29.28074],[-94.81284,29.2806],[-94.81274,29.28031],[-94.81388,29.28],[-94.81503,29.27973],[-94.81618,29.2794],[-94.8173,29.27912],[-94.81845,29.27882],[-94.81959,29.27852],[-94.82074,29.2782],[-94.82176,29.27794],[-94.82179,29.27793],[-94.82188,29.27791],[-94.822,29.27788],[-94.82203,29.27787],[-94.82303,29.27761],[-94.8238,29.27741],[-94.82402,29.27735],[-94.82415,29.27732],[-94.82473,29.27717],[-94.82531,29.27702],[-94.8256,29.27694],[-94.82593,29.27686],[-94.82619,29.27685],[-94.82639,29.27687],[-94.8264,29.27687],[-94.82654,29.2769],[-94.82666,29.27693],[-94.8269,29.27697],[-94.82702,29.27699],[-94.82708,29.27699],[-94.82734,29.277],[-94.82743,29.277],[-94.82758,29.27698],[-94.82775,29.27694],[-94.82902,29.27642],[-94.82994,29.27607],[-94.83033,29.27591],[-94.83038,29.27589],[-94.83087,29.27569],[-94.83098,29.27563],[-94.831,29.27562],[-94.83107,29.27559],[-94.83119,29.27552],[-94.83127,29.27547],[-94.8313,29.27546],[-94.83137,29.27542],[-94.83141,29.2754],[-94.83155,29.27534],[-94.83178,29.27524],[-94.83187,29.27521],[-94.83213,29.27509],[-94.83247,29.27495],[-94.83301,29.27472],[-94.83324,29.27463],[-94.83356,29.2745],[-94.83405,29.27429],[-94.8345,29.27411],[-94.83495,29.27392],[-94.83498,29.27391],[-94.83505,29.27388],[-94.83512,29.27385],[-94.83515,29.27384],[-94.83554,29.27368],[-94.83568,29.27362],[-94.83593,29.27352],[-94.83602,29.27349],[-94.83632,29.27336],[-94.83705,29.27306],[-94.83737,29.27294],[-94.83754,29.27286],[-94.83767,29.2728],[-94.83775,29.27276],[-94.83785,29.27269],[-94.83793,29.27263],[-94.83798,29.27259],[-94.838,29.27257],[-94.83807,29.27251],[-94.83814,29.27242],[-94.83816,29.27241],[-94.83819,29.27237],[-94.83826,29.27228],[-94.83831,29.27221],[-94.83837,29.27212],[-94.83839,29.27206],[-94.83841,29.27203],[-94.83844,29.27194],[-94.83848,29.27185],[-94.83851,29.27173],[-94.83853,29.27163],[-94.83854,29.27151],[-94.83855,29.27142],[-94.83854,29.2713],[-94.83854,29.27119],[-94.83851,29.27108],[-94.83849,29.27101],[-94.83846,29.27094],[-94.83842,29.27084],[-94.83839,29.27078],[-94.83836,29.27071],[-94.83826,29.27052],[-94.8382,29.27042],[-94.83811,29.27024],[-94.83793,29.2699],[-94.8377,29.26947],[-94.8376,29.26928],[-94.83732,29.26876],[-94.83712,29.2684],[-94.83704,29.26824],[-94.83696,29.26807],[-94.83693,29.26799],[-94.83689,29.26787],[-94.83685,29.26777],[-94.83683,29.2677],[-94.83678,29.26753],[-94.83675,29.26739],[-94.83672,29.26723],[-94.8367,29.26708],[-94.83669,29.26695],[-94.83669,29.26682],[-94.83669,29.26669],[-94.8367,29.26658],[-94.83672,29.26647],[-94.83675,29.26631],[-94.8368,29.26614],[-94.83683,29.26603],[-94.83687,29.26591],[-94.83695,29.2657],[-94.83707,29.26544],[-94.83719,29.26519],[-94.8373,29.26496],[-94.83737,29.2648],[-94.83743,29.26467],[-94.83745,29.26462],[-94.83765,29.26419],[-94.83773,29.26403],[-94.83784,29.2638],[-94.83808,29.2633],[-94.83815,29.26314],[-94.83866,29.26208],[-94.8389,29.26159],[-94.83898,29.26144],[-94.83907,29.26129],[-94.83915,29.26116],[-94.83922,29.26104],[-94.83933,29.2609],[-94.83943,29.26079],[-94.83952,29.26069],[-94.83965,29.26056],[-94.83977,29.26044],[-94.8399,29.26033],[-94.83991,29.26032],[-94.84007,29.2602],[-94.84028,29.26005],[-94.84041,29.25996],[-94.84048,29.25992],[-94.84056,29.25987],[-94.84069,29.25981],[-94.84081,29.25975],[-94.84101,29.25965],[-94.84124,29.25956],[-94.84131,29.25953],[-94.84168,29.25938],[-94.84175,29.25935],[-94.84185,29.25931],[-94.842,29.25924],[-94.84304,29.25881],[-94.84344,29.25865],[-94.84391,29.25845],[-94.84403,29.25841],[-94.84464,29.25816],[-94.84466,29.25815],[-94.84515,29.25795],[-94.84532,29.25788],[-94.84584,29.25767],[-94.84597,29.25761],[-94.84605,29.25758],[-94.84611,29.25768],[-94.84636,29.25812],[-94.84646,29.25831],[-94.84658,29.25852],[-94.84663,29.25861],[-94.84684,29.25898],[-94.84693,29.25914],[-94.84703,29.25932],[-94.84719,29.25959],[-94.84723,29.25965],[-94.84741,29.26],[-94.84742,29.26001],[-94.84774,29.26062],[-94.84777,29.26067],[-94.84805,29.26119],[-94.8481,29.26127],[-94.84821,29.26149],[-94.84831,29.26168],[-94.84834,29.26174],[-94.84853,29.26208],[-94.84859,29.2622],[-94.84863,29.26226],[-94.84891,29.26281],[-94.84895,29.26289],[-94.84927,29.26346],[-94.84951,29.2639],[-94.84963,29.26416],[-94.8497,29.26443],[-94.84973,29.26459],[-94.84973,29.26472],[-94.84972,29.26494],[-94.8497,29.26505],[-94.84968,29.26515],[-94.84956,29.26553],[-94.84942,29.26592],[-94.84932,29.26623],[-94.84923,29.2665],[-94.8492,29.26658],[-94.84908,29.26693],[-94.84897,29.26726],[-94.84891,29.2674],[-94.84888,29.26748],[-94.8488,29.26762],[-94.84869,29.26779],[-94.84858,29.26794],[-94.84845,29.2681],[-94.84826,29.26829],[-94.84809,29.26844],[-94.84795,29.26855],[-94.8478,29.26864],[-94.84767,29.2687],[-94.84654,29.26916],[-94.84614,29.26932],[-94.84563,29.26953],[-94.84512,29.26973],[-94.84419,29.27012],[-94.84383,29.27026],[-94.84373,29.2703],[-94.84363,29.27034],[-94.84355,29.27038],[-94.8431,29.27056],[-94.84318,29.27072],[-94.84336,29.27105],[-94.84337,29.27107],[-94.84348,29.27126],[-94.84359,29.27147],[-94.84374,29.27175],[-94.84377,29.27181],[-94.84383,29.27192],[-94.84388,29.27202],[-94.8439,29.27206],[-94.84395,29.27214],[-94.84401,29.27226],[-94.84404,29.27232],[-94.84421,29.27264],[-94.84452,29.27322],[-94.84472,29.27358],[-94.84487,29.27387],[-94.8449,29.27393],[-94.84428,29.27419]]}},{"type":"Feature","properties":{"feed_id":"Texas__Galveston_Island_Transit__mdb_mdb-2861","agency_id":"1","agency_name":"Island Transit","agency_url":"https://www.galvestontx.gov/393/Transportation","route_id":"5","route_short_name":"5","route_long_name":"81st Via Stewart Rd","route_desc":"Downtown to 81st","route_type":"3","route_type_name":"Bus","route_url":"","route_color":"E05200","route_text_color":"FFFFFF","route_sort_order":"","continuous_pickup":"1","continuous_drop_off":"1","network_id":"","shape_id":"5-B-OB","trip_count":33,"direction_ids":"1","trip_headsigns":"Ave S & Stewart Rd via Fort Crockett","wheelchair_accessible_values":"1","bikes_allowed_values":"1"},"geometry":{"type":"LineString","coordinates":[[-94.796237,29.30708],[-94.796114,29.306707],[-94.79682,29.30653],[-94.79679,29.30646],[-94.79668,29.30615],[-94.79666,29.30608],[-94.79654,29.30572],[-94.79651,29.30565],[-94.79649,29.30559],[-94.79637,29.30523],[-94.79632,29.30509],[-94.79624,29.30486],[-94.79621,29.30478],[-94.79619,29.30471],[-94.79607,29.30436],[-94.79593,29.30397],[-94.79592,29.30392],[-94.79589,29.30385],[-94.79576,29.30347],[-94.79564,29.30313],[-94.79562,29.30306],[-94.79558,29.30295],[-94.79534,29.30225],[-94.79532,29.30218],[-94.79529,29.3021],[-94.79516,29.30173],[-94.79504,29.30138],[-94.79502,29.30131],[-94.79499,29.30124],[-94.79486,29.30085],[-94.79475,29.30052],[-94.79472,29.30043],[-94.79469,29.30036],[-94.79454,29.29988],[-94.79451,29.29978],[-94.79449,29.29966],[-94.79448,29.29963],[-94.79446,29.29956],[-94.79444,29.2995],[-94.79442,29.29943],[-94.79439,29.29935],[-94.79436,29.29929],[-94.79433,29.29923],[-94.7943,29.29917],[-94.79429,29.29913],[-94.79421,29.29892],[-94.79407,29.29848],[-94.79392,29.29804],[-94.79378,29.29761],[-94.79363,29.29718],[-94.79348,29.29674],[-94.79289,29.29501],[-94.79229,29.29327],[-94.792,29.29239],[-94.79184,29.29195],[-94.7917,29.29153],[-94.79155,29.29109],[-94.79139,29.29066],[-94.79125,29.29023],[-94.7911,29.28979],[-94.79223,29.28949],[-94.79336,29.28919],[-94.79451,29.28889],[-94.79564,29.28859],[-94.7968,29.28829],[-94.79785,29.28802],[-94.79793,29.288],[-94.79908,29.2877],[-94.80021,29.2874],[-94.80136,29.2871],[-94.80252,29.2868],[-94.80237,29.28637],[-94.80235,29.28631],[-94.80222,29.28593],[-94.80207,29.28549],[-94.80192,29.28505],[-94.80177,29.28462],[-94.80162,29.28418],[-94.80147,29.28374],[-94.80137,29.28344],[-94.80133,29.28332],[-94.80148,29.28328],[-94.8025,29.28301],[-94.80307,29.28286],[-94.80345,29.28276],[-94.80359,29.28272],[-94.80376,29.28268],[-94.80445,29.2825],[-94.80473,29.28243],[-94.80548,29.28223],[-94.80576,29.28216],[-94.80589,29.28212],[-94.80592,29.28222],[-94.80603,29.28255],[-94.8061,29.28274],[-94.80618,29.28299],[-94.80648,29.28386],[-94.80765,29.28355],[-94.8087,29.28327],[-94.80875,29.28326],[-94.80994,29.28295],[-94.81089,29.28271],[-94.81092,29.2827],[-94.81105,29.28267],[-94.81116,29.28264],[-94.81119,29.28263],[-94.81144,29.28256],[-94.81218,29.28236],[-94.81283,29.28219],[-94.81334,29.28206],[-94.81319,29.28163],[-94.81304,29.28118],[-94.81294,29.2809],[-94.81289,29.28074],[-94.81284,29.2806],[-94.81274,29.28031],[-94.8126,29.27988],[-94.81245,29.27945],[-94.8123,29.27902],[-94.81215,29.27857],[-94.812,29.27814],[-94.81187,29.27774],[-94.81172,29.27731],[-94.81156,29.27685],[-94.81144,29.27666],[-94.8111,29.27618],[-94.81131,29.2761],[-94.8115,29.27604],[-94.81175,29.27597],[-94.81229,29.27583],[-94.81232,29.27582],[-94.81251,29.27577],[-94.81284,29.27569],[-94.81301,29.27564],[-94.81318,29.2756],[-94.81331,29.27556],[-94.81351,29.27551],[-94.81377,29.27544],[-94.81403,29.27537],[-94.81471,29.27519],[-94.8156,29.27496],[-94.81581,29.2749],[-94.81634,29.27476],[-94.8166,29.27551],[-94.8167,29.27548],[-94.81714,29.27537],[-94.81782,29.27519],[-94.81815,29.2751],[-94.81842,29.27503],[-94.81845,29.27513],[-94.81858,29.27552],[-94.81871,29.27592],[-94.81885,29.27635],[-94.81901,29.27679],[-94.8191,29.27703],[-94.81914,29.27715],[-94.81915,29.27721],[-94.81927,29.27756],[-94.8193,29.27765],[-94.81945,29.27809],[-94.81956,29.27844],[-94.81959,29.27852],[-94.82074,29.2782],[-94.82176,29.27794],[-94.82179,29.27793],[-94.82188,29.27791],[-94.822,29.27788],[-94.82203,29.27787],[-94.82267,29.2777],[-94.82303,29.27761],[-94.8238,29.27741],[-94.82402,29.27735],[-94.82415,29.27732],[-94.82473,29.27717],[-94.82531,29.27702],[-94.8256,29.27694],[-94.82593,29.27686],[-94.82619,29.27685],[-94.82639,29.27687],[-94.8264,29.27687],[-94.82654,29.2769],[-94.82666,29.27693],[-94.8269,29.27697],[-94.82708,29.27699],[-94.82734,29.277],[-94.82743,29.277],[-94.82758,29.27698],[-94.82775,29.27694],[-94.82802,29.27683],[-94.82902,29.27642],[-94.82994,29.27607],[-94.83033,29.27591],[-94.83038,29.27589],[-94.83087,29.27569],[-94.83098,29.27563],[-94.831,29.27562],[-94.83107,29.27559],[-94.83119,29.27552],[-94.83127,29.27547],[-94.8313,29.27546],[-94.83137,29.27542],[-94.83141,29.2754],[-94.83155,29.27534],[-94.83178,29.27524],[-94.83187,29.27521],[-94.83213,29.27509],[-94.83247,29.27495],[-94.83301,29.27472],[-94.83324,29.27463],[-94.83356,29.2745],[-94.83405,29.27429],[-94.83439,29.27416],[-94.8345,29.27411],[-94.83495,29.27392],[-94.83498,29.27391],[-94.83505,29.27388],[-94.83512,29.27385],[-94.83515,29.27384],[-94.83554,29.27368],[-94.83568,29.27362],[-94.83593,29.27352],[-94.83602,29.27349],[-94.83632,29.27336],[-94.83705,29.27306],[-94.83737,29.27294],[-94.83754,29.27286],[-94.83767,29.2728],[-94.83775,29.27276],[-94.83785,29.27269],[-94.83793,29.27263],[-94.83798,29.27259],[-94.838,29.27257],[-94.83807,29.27251],[-94.83814,29.27242],[-94.83816,29.27241],[-94.83819,29.27237],[-94.83826,29.27228],[-94.83831,29.27221],[-94.83837,29.27212],[-94.83839,29.27206],[-94.83841,29.27203],[-94.83844,29.27194],[-94.83848,29.27185],[-94.83851,29.27173],[-94.83853,29.27163],[-94.83854,29.27151],[-94.83855,29.27142],[-94.83854,29.2713],[-94.83854,29.27119],[-94.83851,29.27108],[-94.83849,29.27101],[-94.83846,29.27094],[-94.83842,29.27084],[-94.83839,29.27078],[-94.83836,29.27071],[-94.83826,29.27052],[-94.8382,29.27042],[-94.83811,29.27024],[-94.83793,29.2699],[-94.8377,29.26947],[-94.8376,29.26928],[-94.83732,29.26876],[-94.83712,29.2684],[-94.83704,29.26824],[-94.83696,29.26807],[-94.83693,29.26799],[-94.83689,29.26787],[-94.83685,29.26777],[-94.83683,29.2677],[-94.83678,29.26753],[-94.83675,29.26739],[-94.83672,29.26723],[-94.8367,29.26708],[-94.83669,29.26695],[-94.83669,29.26682],[-94.83669,29.26669],[-94.8367,29.26658],[-94.83672,29.26647],[-94.83675,29.26631],[-94.8368,29.26614],[-94.83683,29.26603],[-94.83687,29.26591],[-94.83695,29.2657],[-94.83707,29.26544],[-94.83719,29.26519],[-94.8373,29.26496],[-94.83737,29.2648],[-94.83743,29.26467],[-94.83745,29.26462],[-94.83765,29.26419],[-94.83773,29.26403],[-94.83784,29.2638],[-94.83808,29.2633],[-94.83815,29.26314],[-94.83866,29.26208],[-94.8389,29.26159],[-94.83898,29.26144],[-94.83907,29.26129],[-94.83915,29.26116],[-94.83922,29.26104],[-94.83933,29.2609],[-94.83943,29.26079],[-94.83952,29.26069],[-94.83965,29.26056],[-94.83977,29.26044],[-94.8399,29.26033],[-94.83991,29.26032],[-94.84007,29.2602],[-94.84028,29.26005],[-94.84041,29.25996],[-94.84048,29.25992],[-94.84056,29.25987],[-94.84069,29.25981],[-94.84081,29.25975],[-94.84101,29.25965],[-94.84124,29.25956],[-94.84131,29.25953],[-94.84168,29.25938],[-94.84175,29.25935],[-94.84185,29.25931],[-94.842,29.25924],[-94.84304,29.25881],[-94.84344,29.25865],[-94.84391,29.25845],[-94.84403,29.25841],[-94.84464,29.25816],[-94.84466,29.25815],[-94.84515,29.25795],[-94.84532,29.25788],[-94.84584,29.25767],[-94.84597,29.25761],[-94.84605,29.25758],[-94.84611,29.25768],[-94.84636,29.25812],[-94.84646,29.25831],[-94.84658,29.25852],[-94.84663,29.25861],[-94.84684,29.25898],[-94.84693,29.25914],[-94.84703,29.25932],[-94.84719,29.25959],[-94.84723,29.25965],[-94.84741,29.26],[-94.84742,29.26001],[-94.84774,29.26062],[-94.84777,29.26067],[-94.84805,29.26119],[-94.8481,29.26127],[-94.84821,29.26149],[-94.84831,29.26168],[-94.84834,29.26174],[-94.84853,29.26208],[-94.84859,29.2622],[-94.84863,29.26226],[-94.84891,29.26281],[-94.84895,29.26289],[-94.84927,29.26346],[-94.84951,29.2639],[-94.84963,29.26416],[-94.8497,29.26443],[-94.84973,29.26459],[-94.84973,29.26472],[-94.84972,29.26494],[-94.8497,29.26505],[-94.84968,29.26515],[-94.84956,29.26553],[-94.84942,29.26592],[-94.84932,29.26623],[-94.84923,29.2665],[-94.8492,29.26658],[-94.84908,29.26693],[-94.84897,29.26726],[-94.84891,29.2674],[-94.84888,29.26748],[-94.8488,29.26762],[-94.84869,29.26779],[-94.84858,29.26794],[-94.84845,29.2681],[-94.84826,29.26829],[-94.84809,29.26844],[-94.84795,29.26855],[-94.8478,29.26864],[-94.84767,29.2687],[-94.84654,29.26916],[-94.84614,29.26932],[-94.84563,29.26953],[-94.84512,29.26973],[-94.84419,29.27012],[-94.84383,29.27026],[-94.84373,29.2703],[-94.84363,29.27034],[-94.84355,29.27038],[-94.8431,29.27056],[-94.84318,29.27072],[-94.84336,29.27105],[-94.84337,29.27107],[-94.84348,29.27126],[-94.84359,29.27147],[-94.84374,29.27175],[-94.84377,29.27181],[-94.84383,29.27192],[-94.84388,29.27202],[-94.8439,29.27206],[-94.84395,29.27214],[-94.84401,29.27226],[-94.84404,29.27232],[-94.84421,29.27264],[-94.84452,29.27322],[-94.84472,29.27358],[-94.84487,29.27387],[-94.8449,29.27393],[-94.84422,29.27421]]}},{"type":"Feature","properties":{"feed_id":"Texas__Galveston_Island_Transit__mdb_mdb-2861","agency_id":"1","agency_name":"Island Transit","agency_url":"https://www.galvestontx.gov/393/Transportation","route_id":"5","route_short_name":"5","route_long_name":"81st Via Stewart Rd","route_desc":"Downtown to 81st","route_type":"3","route_type_name":"Bus","route_url":"","route_color":"E05200","route_text_color":"FFFFFF","route_sort_order":"","continuous_pickup":"1","continuous_drop_off":"1","network_id":"","shape_id":"5-O-1-IB","trip_count":60,"direction_ids":"0","trip_headsigns":"Old Terminal 20th & Market via Ave S","wheelchair_accessible_values":"1","bikes_allowed_values":"1"},"geometry":{"type":"LineString","coordinates":[[-94.8443,29.27418],[-94.84422,29.27421],[-94.84421,29.27422],[-94.84411,29.27426],[-94.84406,29.27428],[-94.84388,29.27435],[-94.84364,29.27445],[-94.84354,29.27449],[-94.84336,29.27456],[-94.84289,29.27475],[-94.84273,29.27482],[-94.84269,29.27483],[-94.84265,29.27485],[-94.8425,29.27491],[-94.84235,29.27497],[-94.84223,29.27502],[-94.84185,29.27517],[-94.8414,29.27535],[-94.84086,29.27558],[-94.83956,29.27612],[-94.83946,29.27616],[-94.83941,29.27618],[-94.83885,29.27641],[-94.83763,29.27692],[-94.83737,29.27703],[-94.83683,29.27725],[-94.83649,29.27663],[-94.83638,29.27643],[-94.83595,29.27563],[-94.83552,29.27483],[-94.8351,29.27399],[-94.83509,29.27397],[-94.83505,29.27388],[-94.83498,29.27391],[-94.83495,29.27392],[-94.8345,29.27411],[-94.83412,29.27427],[-94.83405,29.27429],[-94.83356,29.2745],[-94.83324,29.27463],[-94.83301,29.27472],[-94.83247,29.27495],[-94.83213,29.27509],[-94.83187,29.27521],[-94.83178,29.27524],[-94.83155,29.27534],[-94.83141,29.2754],[-94.83137,29.27542],[-94.8313,29.27546],[-94.83127,29.27547],[-94.83119,29.27552],[-94.83107,29.27559],[-94.831,29.27562],[-94.83098,29.27563],[-94.83087,29.27569],[-94.83038,29.27589],[-94.83033,29.27591],[-94.82994,29.27607],[-94.82902,29.27642],[-94.82775,29.27694],[-94.82758,29.27698],[-94.82743,29.277],[-94.82734,29.277],[-94.82708,29.27699],[-94.8269,29.27697],[-94.82666,29.27693],[-94.82654,29.2769],[-94.8264,29.27687],[-94.82639,29.27687],[-94.82619,29.27685],[-94.82593,29.27686],[-94.8256,29.27694],[-94.82531,29.27702],[-94.82473,29.27717],[-94.82415,29.27732],[-94.82402,29.27735],[-94.8238,29.27741],[-94.82303,29.27761],[-94.82203,29.27787],[-94.822,29.27788],[-94.82188,29.27791],[-94.82179,29.27793],[-94.82176,29.27794],[-94.82084,29.27818],[-94.82074,29.2782],[-94.82059,29.27825],[-94.81959,29.27852],[-94.81845,29.27882],[-94.8173,29.27912],[-94.81618,29.2794],[-94.81503,29.27973],[-94.81388,29.28],[-94.81274,29.28031],[-94.81282,29.28055],[-94.81284,29.2806],[-94.81289,29.28074],[-94.81294,29.2809],[-94.81304,29.28118],[-94.81319,29.28163],[-94.81334,29.28206],[-94.81277,29.28221],[-94.81218,29.28236],[-94.81144,29.28256],[-94.81119,29.28263],[-94.81116,29.28264],[-94.81105,29.28267],[-94.81092,29.2827],[-94.81089,29.28271],[-94.80994,29.28295],[-94.80875,29.28326],[-94.80823,29.28339],[-94.80765,29.28355],[-94.80648,29.28386],[-94.80626,29.28322],[-94.80618,29.28299],[-94.80603,29.28255],[-94.80592,29.28222],[-94.80589,29.28212],[-94.80576,29.28216],[-94.80548,29.28223],[-94.80473,29.28243],[-94.80445,29.2825],[-94.80376,29.28268],[-94.80359,29.28272],[-94.80345,29.28276],[-94.80341,29.28277],[-94.8025,29.28301],[-94.80148,29.28328],[-94.80133,29.28332],[-94.80137,29.28344],[-94.80147,29.28374],[-94.80162,29.28418],[-94.80177,29.28462],[-94.80192,29.28505],[-94.80207,29.28549],[-94.80222,29.28593],[-94.80235,29.28631],[-94.80237,29.28637],[-94.80252,29.2868],[-94.80136,29.2871],[-94.80021,29.2874],[-94.79908,29.2877],[-94.79793,29.288],[-94.7968,29.28829],[-94.79631,29.28842],[-94.79564,29.28859],[-94.79451,29.28889],[-94.79336,29.28919],[-94.79282,29.28933],[-94.79223,29.28949],[-94.7911,29.28979],[-94.79097,29.28982],[-94.79095,29.28982],[-94.79104,29.29005],[-94.79103,29.29005],[-94.79111,29.29026],[-94.79126,29.2907],[-94.7914,29.29112],[-94.791517,29.291464],[-94.79152,29.29146],[-94.79155,29.29156],[-94.79155,29.29157],[-94.79106,29.2917],[-94.791,29.29171],[-94.79041,29.29187],[-94.78943,29.29212],[-94.78927,29.29217],[-94.78811,29.29246],[-94.78719,29.2927],[-94.78699,29.29275],[-94.78713,29.29318],[-94.78715,29.29322],[-94.78713,29.29318],[-94.78728,29.29362],[-94.78743,29.29406],[-94.78758,29.29448],[-94.78774,29.29492],[-94.78776,29.29498],[-94.78788,29.29536],[-94.78809,29.296],[-94.78817,29.29624],[-94.78832,29.29666],[-94.78847,29.29709],[-94.78862,29.29753],[-94.78869,29.29774],[-94.78877,29.29797],[-94.78883,29.29815],[-94.78892,29.29842],[-94.78894,29.29846],[-94.78906,29.29884],[-94.78921,29.29927],[-94.78937,29.29971],[-94.78951,29.30016],[-94.78962,29.30047],[-94.78963,29.30048],[-94.78964,29.30051],[-94.78966,29.30059],[-94.78973,29.30079],[-94.78976,29.30088],[-94.78977,29.3009],[-94.7898,29.30099],[-94.78983,29.30108],[-94.78988,29.30123],[-94.79002,29.30166],[-94.79018,29.30211],[-94.79032,29.30253],[-94.79053,29.30315],[-94.79062,29.30339],[-94.79077,29.30384],[-94.7909,29.30422],[-94.79092,29.30428],[-94.79094,29.30435],[-94.79106,29.30469],[-94.79119,29.30508],[-94.79121,29.30512],[-94.79121,29.30514],[-94.79124,29.30521],[-94.79136,29.30558],[-94.7914,29.30569],[-94.79145,29.30584],[-94.79148,29.30593],[-94.79151,29.30602],[-94.79142,29.30604],[-94.79118,29.30611],[-94.79068,29.30624],[-94.79061,29.30626],[-94.79058,29.30627],[-94.79043,29.30631],[-94.79037,29.30633],[-94.79036,29.30634],[-94.79032,29.30635],[-94.790274,29.306268],[-94.790248,29.306189],[-94.790233,29.306143]]}},{"type":"Feature","properties":{"feed_id":"Texas__Galveston_Island_Transit__mdb_mdb-2861","agency_id":"1","agency_name":"Island Transit","agency_url":"https://www.galvestontx.gov/393/Transportation","route_id":"5","route_short_name":"5","route_long_name":"81st Via Stewart Rd","route_desc":"Downtown to 81st","route_type":"3","route_type_name":"Bus","route_url":"","route_color":"E05200","route_text_color":"FFFFFF","route_sort_order":"","continuous_pickup":"1","continuous_drop_off":"1","network_id":"","shape_id":"5-O-1-OB","trip_count":45,"direction_ids":"1","trip_headsigns":"Rt 5. Ave S & Stewart Rd","wheelchair_accessible_values":"1","bikes_allowed_values":"1"},"geometry":{"type":"LineString","coordinates":[[-94.790221,29.306153],[-94.790156,29.30595],[-94.79011,29.305788],[-94.790044,29.305585],[-94.79005,29.30545],[-94.79004,29.30537],[-94.79003,29.30536],[-94.78997,29.30518],[-94.78991,29.30501],[-94.78983,29.30477],[-94.78977,29.30458],[-94.79034,29.30443],[-94.79083,29.3043],[-94.79092,29.30428],[-94.7909,29.30422],[-94.79077,29.30384],[-94.79062,29.30339],[-94.79046,29.30293],[-94.79032,29.30253],[-94.79018,29.30211],[-94.79002,29.30166],[-94.78988,29.30123],[-94.78983,29.30108],[-94.7898,29.30099],[-94.78977,29.3009],[-94.78976,29.30088],[-94.78973,29.30079],[-94.78966,29.30059],[-94.78964,29.30051],[-94.78963,29.30048],[-94.78951,29.30016],[-94.7895,29.30011],[-94.78937,29.29971],[-94.78921,29.29927],[-94.78911,29.29899],[-94.78906,29.29884],[-94.78894,29.29846],[-94.78892,29.29842],[-94.78883,29.29815],[-94.78877,29.29797],[-94.78862,29.29753],[-94.78854,29.2973],[-94.78847,29.29709],[-94.78832,29.29666],[-94.78817,29.29624],[-94.78809,29.296],[-94.78788,29.29536],[-94.78774,29.29492],[-94.78758,29.29448],[-94.78814,29.29434],[-94.78869,29.2942],[-94.78929,29.29404],[-94.78987,29.29389],[-94.79081,29.29364],[-94.79099,29.29359],[-94.79214,29.2933],[-94.79216,29.2933],[-94.79226,29.29327],[-94.79229,29.29327],[-94.792,29.29239],[-94.79184,29.29195],[-94.7917,29.29153],[-94.79162,29.2913],[-94.79155,29.29109],[-94.79139,29.29066],[-94.79125,29.29023],[-94.79116,29.28996],[-94.7911,29.28979],[-94.79171,29.28963],[-94.79223,29.28949],[-94.79336,29.28919],[-94.79451,29.28889],[-94.79564,29.28859],[-94.7968,29.28829],[-94.79747,29.28812],[-94.79793,29.288],[-94.79908,29.2877],[-94.80021,29.2874],[-94.80136,29.2871],[-94.80174,29.287],[-94.80252,29.2868],[-94.80237,29.28637],[-94.80235,29.28631],[-94.80222,29.28593],[-94.80207,29.28549],[-94.80192,29.28505],[-94.80177,29.28462],[-94.80162,29.28418],[-94.80147,29.28374],[-94.80137,29.28344],[-94.80133,29.28332],[-94.80148,29.28328],[-94.80214,29.28311],[-94.8025,29.28301],[-94.80345,29.28276],[-94.80359,29.28272],[-94.80376,29.28268],[-94.80445,29.2825],[-94.80473,29.28243],[-94.80548,29.28223],[-94.80576,29.28216],[-94.80589,29.28212],[-94.80592,29.28222],[-94.80603,29.28255],[-94.80618,29.28299],[-94.80623,29.28312],[-94.80648,29.28386],[-94.80765,29.28355],[-94.80865,29.28329],[-94.80875,29.28326],[-94.80994,29.28295],[-94.81089,29.28271],[-94.81092,29.2827],[-94.81105,29.28267],[-94.81116,29.28264],[-94.81119,29.28263],[-94.81144,29.28256],[-94.81218,29.28236],[-94.81334,29.28206],[-94.81319,29.28163],[-94.81306,29.28125],[-94.81304,29.28118],[-94.81294,29.2809],[-94.81289,29.28074],[-94.81284,29.2806],[-94.81274,29.28031],[-94.81388,29.28],[-94.81503,29.27973],[-94.81618,29.2794],[-94.8173,29.27912],[-94.81845,29.27882],[-94.81959,29.27852],[-94.82074,29.2782],[-94.82176,29.27794],[-94.82179,29.27793],[-94.82188,29.27791],[-94.822,29.27788],[-94.82203,29.27787],[-94.82303,29.27761],[-94.8238,29.27741],[-94.82402,29.27735],[-94.82415,29.27732],[-94.82473,29.27717],[-94.82531,29.27702],[-94.8256,29.27694],[-94.82593,29.27686],[-94.82619,29.27685],[-94.82639,29.27687],[-94.8264,29.27687],[-94.82654,29.2769],[-94.82666,29.27693],[-94.8269,29.27697],[-94.82702,29.27699],[-94.82708,29.27699],[-94.82734,29.277],[-94.82743,29.277],[-94.82758,29.27698],[-94.82775,29.27694],[-94.82902,29.27642],[-94.82994,29.27607],[-94.83033,29.27591],[-94.83038,29.27589],[-94.83087,29.27569],[-94.83098,29.27563],[-94.831,29.27562],[-94.83107,29.27559],[-94.83119,29.27552],[-94.83127,29.27547],[-94.8313,29.27546],[-94.83137,29.27542],[-94.83141,29.2754],[-94.83155,29.27534],[-94.83178,29.27524],[-94.83187,29.27521],[-94.83213,29.27509],[-94.83247,29.27495],[-94.83301,29.27472],[-94.83324,29.27463],[-94.83356,29.2745],[-94.83405,29.27429],[-94.8345,29.27411],[-94.83495,29.27392],[-94.83498,29.27391],[-94.83505,29.27388],[-94.83512,29.27385],[-94.83515,29.27384],[-94.83554,29.27368],[-94.83568,29.27362],[-94.83593,29.27352],[-94.83602,29.27349],[-94.83632,29.27336],[-94.83705,29.27306],[-94.83737,29.27294],[-94.83754,29.27286],[-94.83767,29.2728],[-94.83775,29.27276],[-94.83785,29.27269],[-94.83793,29.27263],[-94.83798,29.27259],[-94.838,29.27257],[-94.83807,29.27251],[-94.83814,29.27242],[-94.83816,29.27241],[-94.83819,29.27237],[-94.83826,29.27228],[-94.83831,29.27221],[-94.83837,29.27212],[-94.83839,29.27206],[-94.83841,29.27203],[-94.83844,29.27194],[-94.83848,29.27185],[-94.83851,29.27173],[-94.83853,29.27163],[-94.83854,29.27151],[-94.83855,29.27142],[-94.83854,29.2713],[-94.83854,29.27119],[-94.83851,29.27108],[-94.83849,29.27101],[-94.83846,29.27094],[-94.83842,29.27084],[-94.83839,29.27078],[-94.83836,29.27071],[-94.83826,29.27052],[-94.8382,29.27042],[-94.83811,29.27024],[-94.83793,29.2699],[-94.8377,29.26947],[-94.8376,29.26928],[-94.83732,29.26876],[-94.83712,29.2684],[-94.83704,29.26824],[-94.83696,29.26807],[-94.83693,29.26799],[-94.83689,29.26787],[-94.83685,29.26777],[-94.83683,29.2677],[-94.83678,29.26753],[-94.83675,29.26739],[-94.83672,29.26723],[-94.8367,29.26708],[-94.83669,29.26695],[-94.83669,29.26682],[-94.83669,29.26669],[-94.8367,29.26658],[-94.83672,29.26647],[-94.83675,29.26631],[-94.8368,29.26614],[-94.83683,29.26603],[-94.83687,29.26591],[-94.83695,29.2657],[-94.83707,29.26544],[-94.83719,29.26519],[-94.8373,29.26496],[-94.83737,29.2648],[-94.83743,29.26467],[-94.83745,29.26462],[-94.83765,29.26419],[-94.83773,29.26403],[-94.83784,29.2638],[-94.83808,29.2633],[-94.83815,29.26314],[-94.83866,29.26208],[-94.8389,29.26159],[-94.83898,29.26144],[-94.83907,29.26129],[-94.83915,29.26116],[-94.83922,29.26104],[-94.83933,29.2609],[-94.83943,29.26079],[-94.83952,29.26069],[-94.83965,29.26056],[-94.83977,29.26044],[-94.8399,29.26033],[-94.83991,29.26032],[-94.84007,29.2602],[-94.84028,29.26005],[-94.84041,29.25996],[-94.84048,29.25992],[-94.84056,29.25987],[-94.84069,29.25981],[-94.84081,29.25975],[-94.84101,29.25965],[-94.84124,29.25956],[-94.84131,29.25953],[-94.84168,29.25938],[-94.84175,29.25935],[-94.84185,29.25931],[-94.842,29.25924],[-94.84304,29.25881],[-94.84344,29.25865],[-94.84391,29.25845],[-94.84403,29.25841],[-94.84464,29.25816],[-94.84466,29.25815],[-94.84515,29.25795],[-94.84532,29.25788],[-94.84584,29.25767],[-94.84597,29.25761],[-94.84605,29.25758],[-94.84611,29.25768],[-94.84636,29.25812],[-94.84646,29.25831],[-94.84658,29.25852],[-94.84663,29.25861],[-94.84684,29.25898],[-94.84693,29.25914],[-94.84703,29.25932],[-94.84719,29.25959],[-94.84723,29.25965],[-94.84741,29.26],[-94.84742,29.26001],[-94.84774,29.26062],[-94.84777,29.26067],[-94.84805,29.26119],[-94.8481,29.26127],[-94.84821,29.26149],[-94.84831,29.26168],[-94.84834,29.26174],[-94.84853,29.26208],[-94.84859,29.2622],[-94.84863,29.26226],[-94.84891,29.26281],[-94.84895,29.26289],[-94.84927,29.26346],[-94.84951,29.2639],[-94.84963,29.26416],[-94.8497,29.26443],[-94.84973,29.26459],[-94.84973,29.26472],[-94.84972,29.26494],[-94.8497,29.26505],[-94.84968,29.26515],[-94.84956,29.26553],[-94.84942,29.26592],[-94.84932,29.26623],[-94.84923,29.2665],[-94.8492,29.26658],[-94.84908,29.26693],[-94.84897,29.26726],[-94.84891,29.2674],[-94.84888,29.26748],[-94.8488,29.26762],[-94.84869,29.26779],[-94.84858,29.26794],[-94.84845,29.2681],[-94.84826,29.26829],[-94.84809,29.26844],[-94.84795,29.26855],[-94.8478,29.26864],[-94.84767,29.2687],[-94.84654,29.26916],[-94.84614,29.26932],[-94.84563,29.26953],[-94.84512,29.26973],[-94.84419,29.27012],[-94.84383,29.27026],[-94.84373,29.2703],[-94.84363,29.27034],[-94.84355,29.27038],[-94.8431,29.27056],[-94.84318,29.27072],[-94.84336,29.27105],[-94.84337,29.27107],[-94.84348,29.27126],[-94.84359,29.27147],[-94.84374,29.27175],[-94.84377,29.27181],[-94.84383,29.27192],[-94.84388,29.27202],[-94.8439,29.27206],[-94.84395,29.27214],[-94.84401,29.27226],[-94.84404,29.27232],[-94.84421,29.27264],[-94.84452,29.27322],[-94.84472,29.27358],[-94.84487,29.27387],[-94.8449,29.27393],[-94.84428,29.27419]]}},{"type":"Feature","properties":{"feed_id":"Texas__Galveston_Island_Transit__mdb_mdb-2861","agency_id":"1","agency_name":"Island Transit","agency_url":"https://www.galvestontx.gov/393/Transportation","route_id":"5","route_short_name":"5","route_long_name":"81st Via Stewart Rd","route_desc":"Downtown to 81st","route_type":"3","route_type_name":"Bus","route_url":"","route_color":"E05200","route_text_color":"FFFFFF","route_sort_order":"","continuous_pickup":"1","continuous_drop_off":"1","network_id":"","shape_id":"5-O-2-OB","trip_count":15,"direction_ids":"1","trip_headsigns":"Ave S & Stewart Rd via Fort Crocket","wheelchair_accessible_values":"1","bikes_allowed_values":"1"},"geometry":{"type":"LineString","coordinates":[[-94.790229,29.306162],[-94.790173,29.306003],[-94.7901,29.305797],[-94.790036,29.305602],[-94.79005,29.30545],[-94.79004,29.30537],[-94.79003,29.30536],[-94.78991,29.30501],[-94.78977,29.30458],[-94.79083,29.3043],[-94.79092,29.30428],[-94.7909,29.30422],[-94.79077,29.30384],[-94.79062,29.30339],[-94.79057,29.30325],[-94.79032,29.30253],[-94.79018,29.30211],[-94.79002,29.30166],[-94.78988,29.30123],[-94.78983,29.30108],[-94.7898,29.30099],[-94.78977,29.3009],[-94.78976,29.30088],[-94.78973,29.30079],[-94.78966,29.30059],[-94.78964,29.30051],[-94.78963,29.30048],[-94.78951,29.30016],[-94.78937,29.29971],[-94.78921,29.29927],[-94.78906,29.29884],[-94.78894,29.29846],[-94.78892,29.29842],[-94.78883,29.29815],[-94.78877,29.29797],[-94.78862,29.29753],[-94.78847,29.29709],[-94.78832,29.29666],[-94.78817,29.29624],[-94.78809,29.296],[-94.78802,29.29579],[-94.78788,29.29536],[-94.78774,29.29492],[-94.78758,29.29448],[-94.7876,29.29448],[-94.78869,29.2942],[-94.78929,29.29404],[-94.78987,29.29389],[-94.79099,29.29359],[-94.79214,29.2933],[-94.79216,29.2933],[-94.79226,29.29327],[-94.79229,29.29327],[-94.792,29.29239],[-94.79184,29.29195],[-94.7917,29.29153],[-94.79155,29.29109],[-94.79139,29.29066],[-94.79125,29.29023],[-94.7911,29.28979],[-94.79223,29.28949],[-94.79336,29.28919],[-94.79451,29.28889],[-94.79564,29.28859],[-94.7968,29.28829],[-94.79785,29.28802],[-94.79793,29.288],[-94.79908,29.2877],[-94.80021,29.2874],[-94.80136,29.2871],[-94.80252,29.2868],[-94.80237,29.28637],[-94.80235,29.28631],[-94.80222,29.28593],[-94.80207,29.28549],[-94.80192,29.28505],[-94.80177,29.28462],[-94.80162,29.28418],[-94.80147,29.28374],[-94.80137,29.28344],[-94.80133,29.28332],[-94.80148,29.28328],[-94.8025,29.28301],[-94.80307,29.28286],[-94.80345,29.28276],[-94.80359,29.28272],[-94.80376,29.28268],[-94.80445,29.2825],[-94.80473,29.28243],[-94.80548,29.28223],[-94.80576,29.28216],[-94.80589,29.28212],[-94.80592,29.28222],[-94.80603,29.28255],[-94.8061,29.28274],[-94.80618,29.28299],[-94.80648,29.28386],[-94.80765,29.28355],[-94.8087,29.28327],[-94.80875,29.28326],[-94.80994,29.28295],[-94.81089,29.28271],[-94.81092,29.2827],[-94.81105,29.28267],[-94.81116,29.28264],[-94.81119,29.28263],[-94.81144,29.28256],[-94.81218,29.28236],[-94.81283,29.28219],[-94.81334,29.28206],[-94.81319,29.28163],[-94.81304,29.28118],[-94.81294,29.2809],[-94.81289,29.28074],[-94.81284,29.2806],[-94.81274,29.28031],[-94.8126,29.27988],[-94.81245,29.27945],[-94.8123,29.27902],[-94.81215,29.27857],[-94.812,29.27814],[-94.81187,29.27774],[-94.81172,29.27731],[-94.81156,29.27685],[-94.81144,29.27666],[-94.8111,29.27618],[-94.81131,29.2761],[-94.8115,29.27604],[-94.81175,29.27597],[-94.81229,29.27583],[-94.81232,29.27582],[-94.81251,29.27577],[-94.81284,29.27569],[-94.81301,29.27564],[-94.81318,29.2756],[-94.81331,29.27556],[-94.81351,29.27551],[-94.81377,29.27544],[-94.81403,29.27537],[-94.81471,29.27519],[-94.8156,29.27496],[-94.81581,29.2749],[-94.81634,29.27476],[-94.8166,29.27551],[-94.8167,29.27548],[-94.81714,29.27537],[-94.81782,29.27519],[-94.81815,29.2751],[-94.81842,29.27503],[-94.81845,29.27513],[-94.81858,29.27552],[-94.81871,29.27592],[-94.81885,29.27635],[-94.81901,29.27679],[-94.8191,29.27703],[-94.81914,29.27715],[-94.81915,29.27721],[-94.81927,29.27756],[-94.8193,29.27765],[-94.81945,29.27809],[-94.81956,29.27844],[-94.81959,29.27852],[-94.82074,29.2782],[-94.82176,29.27794],[-94.82179,29.27793],[-94.82188,29.27791],[-94.822,29.27788],[-94.82203,29.27787],[-94.82267,29.2777],[-94.82303,29.27761],[-94.8238,29.27741],[-94.82402,29.27735],[-94.82415,29.27732],[-94.82473,29.27717],[-94.82531,29.27702],[-94.8256,29.27694],[-94.82593,29.27686],[-94.82619,29.27685],[-94.82639,29.27687],[-94.8264,29.27687],[-94.82654,29.2769],[-94.82666,29.27693],[-94.8269,29.27697],[-94.82708,29.27699],[-94.82734,29.277],[-94.82743,29.277],[-94.82758,29.27698],[-94.82775,29.27694],[-94.82802,29.27683],[-94.82902,29.27642],[-94.82994,29.27607],[-94.83033,29.27591],[-94.83038,29.27589],[-94.83087,29.27569],[-94.83098,29.27563],[-94.831,29.27562],[-94.83107,29.27559],[-94.83119,29.27552],[-94.83127,29.27547],[-94.8313,29.27546],[-94.83137,29.27542],[-94.83141,29.2754],[-94.83155,29.27534],[-94.83178,29.27524],[-94.83187,29.27521],[-94.83213,29.27509],[-94.83247,29.27495],[-94.83301,29.27472],[-94.83324,29.27463],[-94.83356,29.2745],[-94.83405,29.27429],[-94.83439,29.27416],[-94.8345,29.27411],[-94.83495,29.27392],[-94.83498,29.27391],[-94.83505,29.27388],[-94.83512,29.27385],[-94.83515,29.27384],[-94.83554,29.27368],[-94.83568,29.27362],[-94.83593,29.27352],[-94.83602,29.27349],[-94.83632,29.27336],[-94.83705,29.27306],[-94.83737,29.27294],[-94.83754,29.27286],[-94.83767,29.2728],[-94.83775,29.27276],[-94.83785,29.27269],[-94.83793,29.27263],[-94.83798,29.27259],[-94.838,29.27257],[-94.83807,29.27251],[-94.83814,29.27242],[-94.83816,29.27241],[-94.83819,29.27237],[-94.83826,29.27228],[-94.83831,29.27221],[-94.83837,29.27212],[-94.83839,29.27206],[-94.83841,29.27203],[-94.83844,29.27194],[-94.83848,29.27185],[-94.83851,29.27173],[-94.83853,29.27163],[-94.83854,29.27151],[-94.83855,29.27142],[-94.83854,29.2713],[-94.83854,29.27119],[-94.83851,29.27108],[-94.83849,29.27101],[-94.83846,29.27094],[-94.83842,29.27084],[-94.83839,29.27078],[-94.83836,29.27071],[-94.83826,29.27052],[-94.8382,29.27042],[-94.83811,29.27024],[-94.83793,29.2699],[-94.8377,29.26947],[-94.8376,29.26928],[-94.83732,29.26876],[-94.83712,29.2684],[-94.83704,29.26824],[-94.83696,29.26807],[-94.83693,29.26799],[-94.83689,29.26787],[-94.83685,29.26777],[-94.83683,29.2677],[-94.83678,29.26753],[-94.83675,29.26739],[-94.83672,29.26723],[-94.8367,29.26708],[-94.83669,29.26695],[-94.83669,29.26682],[-94.83669,29.26669],[-94.8367,29.26658],[-94.83672,29.26647],[-94.83675,29.26631],[-94.8368,29.26614],[-94.83683,29.26603],[-94.83687,29.26591],[-94.83695,29.2657],[-94.83707,29.26544],[-94.83719,29.26519],[-94.8373,29.26496],[-94.83737,29.2648],[-94.83743,29.26467],[-94.83745,29.26462],[-94.83765,29.26419],[-94.83773,29.26403],[-94.83784,29.2638],[-94.83808,29.2633],[-94.83815,29.26314],[-94.83866,29.26208],[-94.8389,29.26159],[-94.83898,29.26144],[-94.83907,29.26129],[-94.83915,29.26116],[-94.83922,29.26104],[-94.83933,29.2609],[-94.83943,29.26079],[-94.83952,29.26069],[-94.83965,29.26056],[-94.83977,29.26044],[-94.8399,29.26033],[-94.83991,29.26032],[-94.84007,29.2602],[-94.84028,29.26005],[-94.84041,29.25996],[-94.84048,29.25992],[-94.84056,29.25987],[-94.84069,29.25981],[-94.84081,29.25975],[-94.84101,29.25965],[-94.84124,29.25956],[-94.84131,29.25953],[-94.84168,29.25938],[-94.84175,29.25935],[-94.84185,29.25931],[-94.842,29.25924],[-94.84304,29.25881],[-94.84344,29.25865],[-94.84391,29.25845],[-94.84403,29.25841],[-94.84464,29.25816],[-94.84466,29.25815],[-94.84515,29.25795],[-94.84532,29.25788],[-94.84584,29.25767],[-94.84597,29.25761],[-94.84605,29.25758],[-94.84611,29.25768],[-94.84636,29.25812],[-94.84646,29.25831],[-94.84658,29.25852],[-94.84663,29.25861],[-94.84684,29.25898],[-94.84693,29.25914],[-94.84703,29.25932],[-94.84719,29.25959],[-94.84723,29.25965],[-94.84741,29.26],[-94.84742,29.26001],[-94.84774,29.26062],[-94.84777,29.26067],[-94.84805,29.26119],[-94.8481,29.26127],[-94.84821,29.26149],[-94.84831,29.26168],[-94.84834,29.26174],[-94.84853,29.26208],[-94.84859,29.2622],[-94.84863,29.26226],[-94.84891,29.26281],[-94.84895,29.26289],[-94.84927,29.26346],[-94.84951,29.2639],[-94.84963,29.26416],[-94.8497,29.26443],[-94.84973,29.26459],[-94.84973,29.26472],[-94.84972,29.26494],[-94.8497,29.26505],[-94.84968,29.26515],[-94.84956,29.26553],[-94.84942,29.26592],[-94.84932,29.26623],[-94.84923,29.2665],[-94.8492,29.26658],[-94.84908,29.26693],[-94.84897,29.26726],[-94.84891,29.2674],[-94.84888,29.26748],[-94.8488,29.26762],[-94.84869,29.26779],[-94.84858,29.26794],[-94.84845,29.2681],[-94.84826,29.26829],[-94.84809,29.26844],[-94.84795,29.26855],[-94.8478,29.26864],[-94.84767,29.2687],[-94.84654,29.26916],[-94.84614,29.26932],[-94.84563,29.26953],[-94.84512,29.26973],[-94.84419,29.27012],[-94.84383,29.27026],[-94.84373,29.2703],[-94.84363,29.27034],[-94.84355,29.27038],[-94.8431,29.27056],[-94.84318,29.27072],[-94.84336,29.27105],[-94.84337,29.27107],[-94.84348,29.27126],[-94.84359,29.27147],[-94.84374,29.27175],[-94.84377,29.27181],[-94.84383,29.27192],[-94.84388,29.27202],[-94.8439,29.27206],[-94.84395,29.27214],[-94.84401,29.27226],[-94.84404,29.27232],[-94.84421,29.27264],[-94.84452,29.27322],[-94.84472,29.27358],[-94.84487,29.27387],[-94.8449,29.27393],[-94.84422,29.27421]]}},{"type":"Feature","properties":{"feed_id":"Texas__Galveston_Island_Transit__mdb_mdb-2861","agency_id":"1","agency_name":"Island Transit","agency_url":"https://www.galvestontx.gov/393/Transportation","route_id":"6-5","route_short_name":"6-5","route_long_name":"Island Connector","route_desc":"Downtown to 81st","route_type":"3","route_type_name":"Bus","route_url":"","route_color":"82C0F6","route_text_color":"000000","route_sort_order":"","continuous_pickup":"1","continuous_drop_off":"1","network_id":"","shape_id":"6-5-A-IB","trip_count":68,"direction_ids":"1","trip_headsigns":"Downtown Terminal via 81st","wheelchair_accessible_values":"0|1","bikes_allowed_values":"0|1"},"geometry":{"type":"LineString","coordinates":[[-94.83317,29.26363],[-94.83307,29.26356],[-94.83291,29.26347],[-94.83272,29.26357],[-94.833,29.26373],[-94.83317,29.26384],[-94.83328,29.26369],[-94.8334,29.26354],[-94.83373,29.26375],[-94.83381,29.26375],[-94.83406,29.26365],[-94.83429,29.26355],[-94.83441,29.2635],[-94.83473,29.26411],[-94.8348,29.26425],[-94.83513,29.26486],[-94.8353,29.2652],[-94.83542,29.26543],[-94.83546,29.2655],[-94.83551,29.26559],[-94.83576,29.26607],[-94.83583,29.26622],[-94.83585,29.26626],[-94.83593,29.26639],[-94.83617,29.26679],[-94.83626,29.26687],[-94.83632,29.2669],[-94.8364,29.26692],[-94.83649,29.26694],[-94.83658,29.26695],[-94.83669,29.26695],[-94.83669,29.26682],[-94.83669,29.26669],[-94.8367,29.26658],[-94.83672,29.26647],[-94.83675,29.26631],[-94.8368,29.26614],[-94.83683,29.26603],[-94.83687,29.26591],[-94.83695,29.2657],[-94.83707,29.26544],[-94.83719,29.26519],[-94.8373,29.26496],[-94.83737,29.2648],[-94.83743,29.26467],[-94.83745,29.26462],[-94.83765,29.26419],[-94.83773,29.26403],[-94.83784,29.2638],[-94.83808,29.2633],[-94.83815,29.26314],[-94.83866,29.26208],[-94.8389,29.26159],[-94.83898,29.26144],[-94.83907,29.26129],[-94.83915,29.26116],[-94.83922,29.26104],[-94.83933,29.2609],[-94.83943,29.26079],[-94.83952,29.26069],[-94.83965,29.26056],[-94.83977,29.26044],[-94.8399,29.26033],[-94.83991,29.26032],[-94.84007,29.2602],[-94.84028,29.26005],[-94.84041,29.25996],[-94.84048,29.25992],[-94.84056,29.25987],[-94.84069,29.25981],[-94.84081,29.25975],[-94.84101,29.25965],[-94.84124,29.25956],[-94.84131,29.25953],[-94.84168,29.25938],[-94.84175,29.25935],[-94.84185,29.25931],[-94.842,29.25924],[-94.84304,29.25881],[-94.84344,29.25865],[-94.84391,29.25845],[-94.84403,29.25841],[-94.84464,29.25816],[-94.84466,29.25815],[-94.84515,29.25795],[-94.84532,29.25788],[-94.84584,29.25767],[-94.84597,29.25762],[-94.84605,29.25758],[-94.84611,29.25768],[-94.84636,29.25812],[-94.84646,29.25831],[-94.84658,29.25852],[-94.84663,29.25861],[-94.84684,29.25898],[-94.84693,29.25914],[-94.84703,29.25932],[-94.84719,29.25959],[-94.84723,29.25965],[-94.84741,29.26],[-94.84742,29.26001],[-94.84774,29.26062],[-94.84777,29.26067],[-94.84805,29.26119],[-94.8481,29.26127],[-94.84821,29.26149],[-94.84831,29.26168],[-94.84834,29.26174],[-94.84853,29.26208],[-94.84859,29.2622],[-94.84863,29.26226],[-94.84891,29.26281],[-94.84895,29.26289],[-94.84927,29.26346],[-94.84951,29.2639],[-94.84963,29.26416],[-94.8497,29.26443],[-94.84973,29.26459],[-94.84973,29.26472],[-94.84972,29.26494],[-94.8497,29.26505],[-94.84968,29.26515],[-94.84956,29.26553],[-94.84942,29.26592],[-94.84932,29.26623],[-94.84923,29.2665],[-94.8492,29.26658],[-94.84908,29.26693],[-94.84897,29.26726],[-94.84891,29.2674],[-94.84888,29.26748],[-94.8488,29.26762],[-94.84869,29.26779],[-94.84858,29.26794],[-94.84845,29.2681],[-94.84826,29.26829],[-94.84809,29.26844],[-94.84795,29.26855],[-94.8478,29.26864],[-94.84767,29.2687],[-94.84654,29.26916],[-94.84614,29.26932],[-94.84563,29.26953],[-94.84512,29.26973],[-94.84419,29.27012],[-94.84383,29.27026],[-94.84373,29.2703],[-94.84363,29.27034],[-94.84355,29.27038],[-94.84316,29.27054],[-94.8431,29.27056],[-94.84318,29.27072],[-94.84336,29.27105],[-94.84337,29.27107],[-94.84348,29.27126],[-94.84359,29.27147],[-94.84374,29.27175],[-94.84377,29.27181],[-94.84383,29.27192],[-94.84388,29.27202],[-94.8439,29.27206],[-94.84395,29.27214],[-94.84401,29.27226],[-94.84404,29.27232],[-94.84421,29.27264],[-94.84452,29.27322],[-94.84472,29.27358],[-94.84487,29.27387],[-94.8449,29.27393],[-94.84422,29.27421],[-94.84421,29.27422],[-94.84411,29.27426],[-94.84406,29.27428],[-94.84388,29.27435],[-94.84364,29.27445],[-94.84354,29.27449],[-94.84336,29.27456],[-94.84289,29.27475],[-94.84273,29.27482],[-94.84269,29.27483],[-94.84265,29.27485],[-94.8425,29.27491],[-94.84235,29.27497],[-94.84223,29.27502],[-94.84185,29.27517],[-94.8414,29.27535],[-94.84086,29.27558],[-94.83946,29.27616],[-94.83941,29.27618],[-94.83885,29.27641],[-94.83763,29.27692],[-94.83737,29.27703],[-94.83683,29.27725],[-94.83638,29.27644],[-94.83595,29.27563],[-94.83552,29.27483],[-94.8351,29.27399],[-94.83509,29.27397],[-94.83505,29.27388],[-94.83498,29.27391],[-94.83495,29.27392],[-94.8345,29.27411],[-94.83405,29.27429],[-94.83356,29.2745],[-94.83324,29.27463],[-94.83301,29.27472],[-94.83247,29.27495],[-94.83213,29.27509],[-94.83187,29.27521],[-94.83178,29.27524],[-94.83155,29.27534],[-94.83141,29.2754],[-94.83137,29.27542],[-94.8313,29.27546],[-94.83127,29.27547],[-94.83119,29.27552],[-94.83107,29.27559],[-94.831,29.27562],[-94.83098,29.27563],[-94.83087,29.27569],[-94.83038,29.27589],[-94.83033,29.27591],[-94.82994,29.27607],[-94.82902,29.27642],[-94.82775,29.27694],[-94.82758,29.27698],[-94.82743,29.277],[-94.82734,29.277],[-94.82708,29.27699],[-94.8269,29.27697],[-94.82666,29.27693],[-94.82654,29.2769],[-94.8264,29.27687],[-94.82639,29.27687],[-94.82619,29.27685],[-94.82593,29.27686],[-94.8256,29.27694],[-94.82531,29.27702],[-94.82473,29.27717],[-94.82415,29.27732],[-94.82402,29.27735],[-94.8238,29.27741],[-94.82303,29.27761],[-94.82213,29.27784],[-94.82203,29.27787],[-94.822,29.27788],[-94.82188,29.27791],[-94.82179,29.27793],[-94.82176,29.27794],[-94.82074,29.2782],[-94.81959,29.27852],[-94.81845,29.27882],[-94.8173,29.27912],[-94.81618,29.2794],[-94.81503,29.27973],[-94.81388,29.28],[-94.81274,29.28031],[-94.81284,29.2806],[-94.81289,29.28074],[-94.81294,29.2809],[-94.81304,29.28118],[-94.81319,29.28163],[-94.81334,29.28206],[-94.81218,29.28236],[-94.81183,29.28245],[-94.81144,29.28256],[-94.81119,29.28263],[-94.81116,29.28264],[-94.81105,29.28267],[-94.81092,29.2827],[-94.81089,29.28271],[-94.80994,29.28295],[-94.80875,29.28326],[-94.80765,29.28355],[-94.80659,29.28382],[-94.80659,29.28383],[-94.80648,29.28386],[-94.80618,29.28299],[-94.80603,29.28255],[-94.80592,29.28222],[-94.80589,29.28212],[-94.80576,29.28216],[-94.80548,29.28223],[-94.80473,29.28243],[-94.80445,29.2825],[-94.80376,29.28268],[-94.80359,29.28272],[-94.80345,29.28276],[-94.8025,29.28301],[-94.80148,29.28328],[-94.80133,29.28332],[-94.80137,29.28344],[-94.80147,29.28374],[-94.80162,29.28418],[-94.80177,29.28462],[-94.80192,29.28505],[-94.80207,29.28549],[-94.80222,29.28593],[-94.80235,29.28631],[-94.80237,29.28637],[-94.80252,29.2868],[-94.80196,29.28694],[-94.80136,29.2871],[-94.80021,29.2874],[-94.79908,29.2877],[-94.79793,29.288],[-94.7968,29.28829],[-94.79564,29.28859],[-94.79451,29.28889],[-94.79336,29.28919],[-94.79223,29.28949],[-94.7912,29.28976],[-94.7911,29.28979],[-94.79097,29.28982],[-94.79095,29.28982],[-94.79111,29.29026],[-94.79126,29.2907],[-94.7914,29.29112],[-94.79155,29.29156],[-94.79155,29.29157],[-94.79184,29.29243],[-94.79199,29.29286],[-94.79214,29.2933],[-94.79274,29.29504],[-94.79333,29.29678],[-94.79348,29.29721],[-94.79363,29.29765],[-94.79377,29.29808],[-94.79379,29.29814],[-94.79393,29.29852],[-94.79406,29.2989],[-94.79415,29.29917],[-94.79419,29.29929],[-94.7942,29.29933],[-94.79421,29.2994],[-94.79423,29.29948],[-94.79426,29.29955],[-94.79428,29.2996],[-94.79431,29.29967],[-94.79432,29.2997],[-94.79437,29.2998],[-94.7944,29.2999],[-94.79457,29.30039],[-94.7946,29.30046],[-94.79463,29.30055],[-94.79475,29.30091],[-94.79487,29.30127],[-94.79489,29.30134],[-94.79492,29.30141],[-94.79504,29.30178],[-94.79517,29.30214],[-94.79519,29.30221],[-94.79522,29.30229],[-94.79534,29.30264],[-94.79546,29.30298],[-94.79549,29.30309],[-94.79552,29.30316],[-94.79563,29.3035],[-94.7957,29.30369],[-94.79576,29.30388],[-94.79579,29.30395],[-94.7958,29.304],[-94.79593,29.30439],[-94.79598,29.30453],[-94.79605,29.30474],[-94.79608,29.30482],[-94.79611,29.30489],[-94.79623,29.30526],[-94.79636,29.30562],[-94.79638,29.30568],[-94.79638,29.30569],[-94.7964,29.30576],[-94.79652,29.30612],[-94.79655,29.30619],[-94.79665,29.30649],[-94.79668,29.30657],[-94.79671,29.30665],[-94.79681,29.30694],[-94.79669,29.30697],[-94.796248,29.307089]]}},{"type":"Feature","properties":{"feed_id":"Texas__Galveston_Island_Transit__mdb_mdb-2861","agency_id":"1","agency_name":"Island Transit","agency_url":"https://www.galvestontx.gov/393/Transportation","route_id":"6-5","route_short_name":"6-5","route_long_name":"Island Connector","route_desc":"Downtown to 81st","route_type":"3","route_type_name":"Bus","route_url":"","route_color":"82C0F6","route_text_color":"000000","route_sort_order":"","continuous_pickup":"1","continuous_drop_off":"1","network_id":"","shape_id":"6-5-A-OB","trip_count":69,"direction_ids":"0","trip_headsigns":"81st via Ave O","wheelchair_accessible_values":"0|1","bikes_allowed_values":"0|1"},"geometry":{"type":"LineString","coordinates":[[-94.796218,29.30704],[-94.79614,29.30683],[-94.79611,29.30674],[-94.7961,29.30672],[-94.79658,29.3066],[-94.79667,29.30657],[-94.79668,29.30657],[-94.79682,29.30653],[-94.79679,29.30646],[-94.79668,29.30615],[-94.79666,29.30608],[-94.79654,29.30572],[-94.79651,29.30565],[-94.79649,29.30559],[-94.79637,29.30523],[-94.79632,29.30509],[-94.79624,29.30486],[-94.79621,29.30478],[-94.79619,29.30479],[-94.79608,29.30482],[-94.79605,29.30482],[-94.79598,29.30484],[-94.79593,29.30485],[-94.79562,29.30493],[-94.79539,29.30499],[-94.79528,29.30502],[-94.79503,29.30508],[-94.79493,29.30511],[-94.79485,29.30513],[-94.7946,29.3052],[-94.79389,29.30539],[-94.79382,29.3054],[-94.7938,29.30541],[-94.79369,29.30544],[-94.79306,29.3056],[-94.79275,29.30569],[-94.79265,29.30571],[-94.79256,29.30574],[-94.79215,29.30585],[-94.79202,29.30588],[-94.79186,29.30592],[-94.79161,29.30599],[-94.79151,29.30602],[-94.79148,29.30593],[-94.79145,29.30584],[-94.7914,29.30569],[-94.79136,29.30558],[-94.79124,29.30521],[-94.79121,29.30514],[-94.79121,29.30512],[-94.79119,29.30508],[-94.79106,29.30469],[-94.79094,29.30435],[-94.79092,29.30428],[-94.7909,29.30422],[-94.79077,29.30384],[-94.79062,29.30339],[-94.79055,29.30321],[-94.79032,29.30253],[-94.79018,29.30211],[-94.79002,29.30166],[-94.78988,29.30123],[-94.78983,29.30108],[-94.7898,29.30099],[-94.78977,29.3009],[-94.78976,29.30088],[-94.78973,29.30079],[-94.78966,29.30059],[-94.78964,29.30051],[-94.78963,29.30048],[-94.78951,29.30016],[-94.78937,29.29971],[-94.78921,29.29927],[-94.78906,29.29884],[-94.78894,29.29846],[-94.78892,29.29842],[-94.78883,29.29815],[-94.78877,29.29797],[-94.78862,29.29753],[-94.78847,29.29709],[-94.78832,29.29666],[-94.78817,29.29624],[-94.78809,29.296],[-94.78788,29.29536],[-94.78774,29.29492],[-94.78758,29.29448],[-94.78869,29.2942],[-94.78929,29.29404],[-94.78987,29.29389],[-94.79099,29.29359],[-94.79214,29.2933],[-94.79216,29.2933],[-94.79226,29.29327],[-94.79229,29.29327],[-94.79278,29.29314],[-94.79455,29.29267],[-94.79569,29.29238],[-94.79683,29.29208],[-94.79799,29.29177],[-94.79912,29.29147],[-94.8003,29.29116],[-94.80139,29.29087],[-94.80258,29.29056],[-94.80369,29.29026],[-94.80486,29.28994],[-94.80597,29.28968],[-94.80711,29.28939],[-94.80826,29.28909],[-94.8094,29.28878],[-94.81055,29.28848],[-94.8116,29.2882],[-94.8117,29.28817],[-94.81273,29.2879],[-94.81284,29.28787],[-94.81293,29.28785],[-94.81398,29.28758],[-94.81512,29.28728],[-94.81626,29.28697],[-94.81739,29.28667],[-94.81854,29.28637],[-94.81969,29.28607],[-94.82082,29.28577],[-94.82188,29.28549],[-94.82196,29.28547],[-94.82206,29.28545],[-94.82311,29.28518],[-94.82393,29.28496],[-94.82415,29.28491],[-94.82425,29.28488],[-94.82423,29.28482],[-94.8241,29.28444],[-94.82396,29.28401],[-94.82381,29.28357],[-94.82366,29.28315],[-94.82352,29.28271],[-94.82337,29.28228],[-94.82322,29.28184],[-94.82307,29.2814],[-94.82292,29.28096],[-94.82277,29.28052],[-94.82262,29.28008],[-94.82248,29.27966],[-94.82233,29.27921],[-94.82218,29.27879],[-94.82204,29.27835],[-94.82192,29.27801],[-94.82191,29.27798],[-94.82188,29.27791],[-94.82187,29.27788],[-94.82186,29.27785],[-94.82175,29.27751],[-94.8216,29.27706],[-94.8214,29.27649],[-94.82135,29.27633],[-94.8213,29.2762],[-94.82116,29.27578],[-94.82099,29.2753],[-94.82095,29.27518],[-94.82069,29.27443],[-94.82041,29.2736],[-94.82026,29.27316],[-94.82023,29.27308],[-94.82005,29.27255],[-94.81977,29.27174],[-94.81962,29.27129],[-94.81947,29.27085],[-94.81942,29.27072],[-94.8195,29.27067],[-94.81961,29.2706],[-94.82,29.27036],[-94.82022,29.27022],[-94.82024,29.27021],[-94.82058,29.27],[-94.82125,29.26959],[-94.82223,29.26898],[-94.82231,29.26894],[-94.82237,29.2689],[-94.82249,29.26882],[-94.82258,29.26877],[-94.82266,29.26872],[-94.82283,29.26862],[-94.82303,29.26849],[-94.82309,29.26846],[-94.82383,29.26801],[-94.82402,29.26789],[-94.82436,29.26768],[-94.82511,29.26722],[-94.82524,29.26714],[-94.82541,29.26704],[-94.82584,29.26677],[-94.826,29.26668],[-94.82627,29.26651],[-94.82642,29.26643],[-94.8265,29.26639],[-94.82674,29.26625],[-94.82685,29.2662],[-94.82699,29.26612],[-94.82771,29.26573],[-94.82812,29.2655],[-94.82832,29.2654],[-94.82858,29.26526],[-94.8291,29.26498],[-94.82961,29.26471],[-94.8298,29.2646],[-94.83002,29.26448],[-94.83018,29.26439],[-94.83019,29.26439],[-94.83027,29.26434],[-94.83039,29.26428],[-94.83047,29.26423],[-94.83056,29.26419],[-94.83062,29.26415],[-94.83113,29.26388],[-94.83119,29.26385],[-94.83141,29.26373],[-94.8315,29.26368],[-94.83226,29.26327],[-94.83283,29.26297],[-94.83302,29.26286],[-94.83327,29.26273],[-94.83352,29.2626],[-94.83372,29.26249],[-94.83384,29.26243],[-94.8339,29.26253],[-94.83395,29.26261],[-94.83402,29.26276],[-94.83404,29.2628],[-94.83409,29.2629],[-94.83413,29.26297],[-94.83418,29.26307],[-94.83427,29.26324],[-94.83432,29.26334],[-94.83441,29.2635],[-94.83429,29.26355],[-94.83406,29.26365],[-94.83381,29.26375],[-94.83373,29.26375],[-94.8334,29.26354],[-94.83328,29.26369],[-94.833,29.26352]]}},{"type":"Feature","properties":{"feed_id":"Texas__Galveston_Island_Transit__mdb_mdb-2861","agency_id":"1","agency_name":"Island Transit","agency_url":"https://www.galvestontx.gov/393/Transportation","route_id":"6-5","route_short_name":"6-5","route_long_name":"Island Connector","route_desc":"Downtown to 81st","route_type":"3","route_type_name":"Bus","route_url":"","route_color":"82C0F6","route_text_color":"000000","route_sort_order":"","continuous_pickup":"1","continuous_drop_off":"1","network_id":"","shape_id":"6-5-O-IB","trip_count":12,"direction_ids":"1","trip_headsigns":"Old Terminal 20th & Market via 81st","wheelchair_accessible_values":"0","bikes_allowed_values":"0"},"geometry":{"type":"LineString","coordinates":[[-94.83317,29.26363],[-94.83307,29.26356],[-94.83291,29.26347],[-94.83272,29.26357],[-94.833,29.26373],[-94.83317,29.26384],[-94.83328,29.26369],[-94.8334,29.26354],[-94.83373,29.26375],[-94.83381,29.26375],[-94.83406,29.26365],[-94.83429,29.26355],[-94.83441,29.2635],[-94.83473,29.26411],[-94.8348,29.26425],[-94.83513,29.26486],[-94.8353,29.2652],[-94.83542,29.26543],[-94.83546,29.2655],[-94.83551,29.26559],[-94.83576,29.26607],[-94.83583,29.26622],[-94.83585,29.26626],[-94.83593,29.26639],[-94.83617,29.26679],[-94.83626,29.26687],[-94.83632,29.2669],[-94.8364,29.26692],[-94.83649,29.26694],[-94.83658,29.26695],[-94.83669,29.26695],[-94.83669,29.26682],[-94.83669,29.26669],[-94.8367,29.26658],[-94.83672,29.26647],[-94.83675,29.26631],[-94.8368,29.26614],[-94.83683,29.26603],[-94.83687,29.26591],[-94.83695,29.2657],[-94.83707,29.26544],[-94.83719,29.26519],[-94.8373,29.26496],[-94.83737,29.2648],[-94.83743,29.26467],[-94.83745,29.26462],[-94.83765,29.26419],[-94.83773,29.26403],[-94.83784,29.2638],[-94.83808,29.2633],[-94.83815,29.26314],[-94.83866,29.26208],[-94.8389,29.26159],[-94.83898,29.26144],[-94.83907,29.26129],[-94.83915,29.26116],[-94.83922,29.26104],[-94.83933,29.2609],[-94.83943,29.26079],[-94.83952,29.26069],[-94.83965,29.26056],[-94.83977,29.26044],[-94.8399,29.26033],[-94.83991,29.26032],[-94.84007,29.2602],[-94.84028,29.26005],[-94.84041,29.25996],[-94.84048,29.25992],[-94.84056,29.25987],[-94.84069,29.25981],[-94.84081,29.25975],[-94.84101,29.25965],[-94.84124,29.25956],[-94.84131,29.25953],[-94.84168,29.25938],[-94.84175,29.25935],[-94.84185,29.25931],[-94.842,29.25924],[-94.84304,29.25881],[-94.84344,29.25865],[-94.84391,29.25845],[-94.84403,29.25841],[-94.84464,29.25816],[-94.84466,29.25815],[-94.84515,29.25795],[-94.84532,29.25788],[-94.84584,29.25767],[-94.84597,29.25762],[-94.84605,29.25758],[-94.84611,29.25768],[-94.84636,29.25812],[-94.84646,29.25831],[-94.84658,29.25852],[-94.84663,29.25861],[-94.84684,29.25898],[-94.84693,29.25914],[-94.84703,29.25932],[-94.84719,29.25959],[-94.84723,29.25965],[-94.84741,29.26],[-94.84742,29.26001],[-94.84774,29.26062],[-94.84777,29.26067],[-94.84805,29.26119],[-94.8481,29.26127],[-94.84821,29.26149],[-94.84831,29.26168],[-94.84834,29.26174],[-94.84853,29.26208],[-94.84859,29.2622],[-94.84863,29.26226],[-94.84891,29.26281],[-94.84895,29.26289],[-94.84927,29.26346],[-94.84951,29.2639],[-94.84963,29.26416],[-94.8497,29.26443],[-94.84973,29.26459],[-94.84973,29.26472],[-94.84972,29.26494],[-94.8497,29.26505],[-94.84968,29.26515],[-94.84956,29.26553],[-94.84942,29.26592],[-94.84932,29.26623],[-94.84923,29.2665],[-94.8492,29.26658],[-94.84908,29.26693],[-94.84897,29.26726],[-94.84891,29.2674],[-94.84888,29.26748],[-94.8488,29.26762],[-94.84869,29.26779],[-94.84858,29.26794],[-94.84845,29.2681],[-94.84826,29.26829],[-94.84809,29.26844],[-94.84795,29.26855],[-94.8478,29.26864],[-94.84767,29.2687],[-94.84654,29.26916],[-94.84614,29.26932],[-94.84563,29.26953],[-94.84512,29.26973],[-94.84419,29.27012],[-94.84383,29.27026],[-94.84373,29.2703],[-94.84363,29.27034],[-94.84355,29.27038],[-94.84316,29.27054],[-94.8431,29.27056],[-94.84318,29.27072],[-94.84336,29.27105],[-94.84337,29.27107],[-94.84348,29.27126],[-94.84359,29.27147],[-94.84374,29.27175],[-94.84377,29.27181],[-94.84383,29.27192],[-94.84388,29.27202],[-94.8439,29.27206],[-94.84395,29.27214],[-94.84401,29.27226],[-94.84404,29.27232],[-94.84421,29.27264],[-94.84452,29.27322],[-94.84472,29.27358],[-94.84487,29.27387],[-94.8449,29.27393],[-94.84422,29.27421],[-94.84421,29.27422],[-94.84411,29.27426],[-94.84406,29.27428],[-94.84388,29.27435],[-94.84364,29.27445],[-94.84354,29.27449],[-94.84336,29.27456],[-94.84289,29.27475],[-94.84273,29.27482],[-94.84269,29.27483],[-94.84265,29.27485],[-94.8425,29.27491],[-94.84235,29.27497],[-94.84223,29.27502],[-94.84185,29.27517],[-94.8414,29.27535],[-94.84086,29.27558],[-94.83946,29.27616],[-94.83941,29.27618],[-94.83885,29.27641],[-94.83763,29.27692],[-94.83737,29.27703],[-94.83683,29.27725],[-94.83638,29.27644],[-94.83595,29.27563],[-94.83552,29.27483],[-94.8351,29.27399],[-94.83509,29.27397],[-94.83505,29.27388],[-94.83498,29.27391],[-94.83495,29.27392],[-94.8345,29.27411],[-94.83405,29.27429],[-94.83356,29.2745],[-94.83324,29.27463],[-94.83301,29.27472],[-94.83247,29.27495],[-94.83213,29.27509],[-94.83187,29.27521],[-94.83178,29.27524],[-94.83155,29.27534],[-94.83141,29.2754],[-94.83137,29.27542],[-94.8313,29.27546],[-94.83127,29.27547],[-94.83119,29.27552],[-94.83107,29.27559],[-94.831,29.27562],[-94.83098,29.27563],[-94.83087,29.27569],[-94.83038,29.27589],[-94.83033,29.27591],[-94.82994,29.27607],[-94.82902,29.27642],[-94.82775,29.27694],[-94.82758,29.27698],[-94.82743,29.277],[-94.82734,29.277],[-94.82708,29.27699],[-94.8269,29.27697],[-94.82666,29.27693],[-94.82654,29.2769],[-94.8264,29.27687],[-94.82639,29.27687],[-94.82619,29.27685],[-94.82593,29.27686],[-94.8256,29.27694],[-94.82531,29.27702],[-94.82473,29.27717],[-94.82415,29.27732],[-94.82402,29.27735],[-94.8238,29.27741],[-94.82303,29.27761],[-94.82213,29.27784],[-94.82203,29.27787],[-94.822,29.27788],[-94.82188,29.27791],[-94.82179,29.27793],[-94.82176,29.27794],[-94.82074,29.2782],[-94.81959,29.27852],[-94.81845,29.27882],[-94.8173,29.27912],[-94.81618,29.2794],[-94.81503,29.27973],[-94.81388,29.28],[-94.81274,29.28031],[-94.81284,29.2806],[-94.81289,29.28074],[-94.81294,29.2809],[-94.81304,29.28118],[-94.81319,29.28163],[-94.81334,29.28206],[-94.81218,29.28236],[-94.81183,29.28245],[-94.81144,29.28256],[-94.81119,29.28263],[-94.81116,29.28264],[-94.81105,29.28267],[-94.81092,29.2827],[-94.81089,29.28271],[-94.80994,29.28295],[-94.80875,29.28326],[-94.80765,29.28355],[-94.80659,29.28382],[-94.80659,29.28383],[-94.80648,29.28386],[-94.80618,29.28299],[-94.80603,29.28255],[-94.80592,29.28222],[-94.80589,29.28212],[-94.80576,29.28216],[-94.80548,29.28223],[-94.80473,29.28243],[-94.80445,29.2825],[-94.80376,29.28268],[-94.80359,29.28272],[-94.80345,29.28276],[-94.8025,29.28301],[-94.80148,29.28328],[-94.80133,29.28332],[-94.80137,29.28344],[-94.80147,29.28374],[-94.80162,29.28418],[-94.80177,29.28462],[-94.80192,29.28505],[-94.80207,29.28549],[-94.80222,29.28593],[-94.80235,29.28631],[-94.80237,29.28637],[-94.80252,29.2868],[-94.80196,29.28694],[-94.80136,29.2871],[-94.80021,29.2874],[-94.79908,29.2877],[-94.79793,29.288],[-94.7968,29.28829],[-94.79564,29.28859],[-94.79451,29.28889],[-94.79336,29.28919],[-94.79223,29.28949],[-94.7912,29.28976],[-94.7911,29.28979],[-94.79097,29.28982],[-94.79095,29.28982],[-94.79111,29.29026],[-94.79126,29.2907],[-94.7914,29.29112],[-94.79155,29.29156],[-94.79155,29.29157],[-94.79184,29.29243],[-94.79199,29.29286],[-94.79214,29.2933],[-94.79274,29.29504],[-94.79333,29.29678],[-94.79348,29.29721],[-94.79363,29.29765],[-94.79377,29.29808],[-94.79379,29.29814],[-94.79393,29.29852],[-94.79406,29.2989],[-94.79415,29.29917],[-94.79419,29.29929],[-94.7942,29.29933],[-94.79421,29.2994],[-94.79423,29.29948],[-94.79426,29.29955],[-94.79428,29.2996],[-94.79431,29.29967],[-94.79432,29.2997],[-94.79437,29.2998],[-94.7944,29.2999],[-94.79457,29.30039],[-94.7946,29.30046],[-94.79463,29.30055],[-94.79475,29.30091],[-94.79487,29.30127],[-94.79489,29.30134],[-94.79488,29.30134],[-94.7948,29.30136],[-94.79418,29.30152],[-94.79376,29.30163],[-94.79352,29.30169],[-94.79327,29.30176],[-94.79309,29.30181],[-94.79271,29.30191],[-94.79259,29.30194],[-94.79252,29.30196],[-94.79245,29.30198],[-94.79146,29.30223],[-94.79041,29.30251],[-94.79032,29.30253],[-94.79062,29.30339],[-94.79077,29.30384],[-94.7909,29.30422],[-94.79092,29.30428],[-94.79094,29.30435],[-94.79106,29.30469],[-94.79119,29.30508],[-94.79121,29.30512],[-94.79121,29.30514],[-94.79124,29.30521],[-94.79136,29.30558],[-94.7914,29.30569],[-94.79145,29.30584],[-94.79148,29.30593],[-94.79151,29.30602],[-94.79142,29.30604],[-94.79068,29.30624],[-94.79061,29.30626],[-94.79058,29.30627],[-94.79043,29.30631],[-94.79037,29.30633],[-94.79036,29.30634],[-94.79032,29.30635],[-94.7902005,29.3060746]]}},{"type":"Feature","properties":{"feed_id":"Texas__Galveston_Island_Transit__mdb_mdb-2861","agency_id":"1","agency_name":"Island Transit","agency_url":"https://www.galvestontx.gov/393/Transportation","route_id":"6-5","route_short_name":"6-5","route_long_name":"Island Connector","route_desc":"Downtown to 81st","route_type":"3","route_type_name":"Bus","route_url":"","route_color":"82C0F6","route_text_color":"000000","route_sort_order":"","continuous_pickup":"1","continuous_drop_off":"1","network_id":"","shape_id":"6-5-O-OB","trip_count":12,"direction_ids":"0","trip_headsigns":"81st via Ave O","wheelchair_accessible_values":"0","bikes_allowed_values":"0"},"geometry":{"type":"LineString","coordinates":[[-94.790241,29.306211],[-94.790053,29.305605],[-94.79003,29.30536],[-94.78991,29.30501],[-94.78977,29.30458],[-94.79083,29.3043],[-94.79092,29.30428],[-94.7909,29.30422],[-94.79077,29.30384],[-94.79062,29.30339],[-94.79055,29.30321],[-94.79032,29.30253],[-94.79018,29.30211],[-94.79002,29.30166],[-94.78988,29.30123],[-94.78983,29.30108],[-94.7898,29.30099],[-94.78977,29.3009],[-94.78976,29.30088],[-94.78973,29.30079],[-94.78966,29.30059],[-94.78964,29.30051],[-94.78963,29.30048],[-94.78951,29.30016],[-94.78937,29.29971],[-94.78921,29.29927],[-94.78906,29.29884],[-94.78894,29.29846],[-94.78892,29.29842],[-94.78883,29.29815],[-94.78877,29.29797],[-94.78862,29.29753],[-94.78847,29.29709],[-94.78832,29.29666],[-94.78817,29.29624],[-94.78809,29.296],[-94.78788,29.29536],[-94.78774,29.29492],[-94.78758,29.29448],[-94.78869,29.2942],[-94.78929,29.29404],[-94.78987,29.29389],[-94.79099,29.29359],[-94.79214,29.2933],[-94.79216,29.2933],[-94.79226,29.29327],[-94.79229,29.29327],[-94.79278,29.29314],[-94.79455,29.29267],[-94.79569,29.29238],[-94.79683,29.29208],[-94.79799,29.29177],[-94.79912,29.29147],[-94.8003,29.29116],[-94.80139,29.29087],[-94.80258,29.29056],[-94.80369,29.29026],[-94.80486,29.28994],[-94.80597,29.28968],[-94.80711,29.28939],[-94.80826,29.28909],[-94.8094,29.28878],[-94.81055,29.28848],[-94.8116,29.2882],[-94.8117,29.28817],[-94.81273,29.2879],[-94.81284,29.28787],[-94.81293,29.28785],[-94.81398,29.28758],[-94.81512,29.28728],[-94.81626,29.28697],[-94.81739,29.28667],[-94.81854,29.28637],[-94.81969,29.28607],[-94.82082,29.28577],[-94.82188,29.28549],[-94.82196,29.28547],[-94.82206,29.28545],[-94.82311,29.28518],[-94.82393,29.28496],[-94.82415,29.28491],[-94.82425,29.28488],[-94.82423,29.28482],[-94.8241,29.28444],[-94.82396,29.28401],[-94.82381,29.28357],[-94.82366,29.28315],[-94.82352,29.28271],[-94.82337,29.28228],[-94.82322,29.28184],[-94.82307,29.2814],[-94.82292,29.28096],[-94.82277,29.28052],[-94.82262,29.28008],[-94.82248,29.27966],[-94.82233,29.27921],[-94.82218,29.27879],[-94.82204,29.27835],[-94.82192,29.27801],[-94.82191,29.27798],[-94.82188,29.27791],[-94.82187,29.27788],[-94.82186,29.27785],[-94.82175,29.27751],[-94.8216,29.27706],[-94.8214,29.27649],[-94.82135,29.27633],[-94.8213,29.2762],[-94.82116,29.27578],[-94.82099,29.2753],[-94.82095,29.27518],[-94.82069,29.27443],[-94.82041,29.2736],[-94.82026,29.27316],[-94.82023,29.27308],[-94.82005,29.27255],[-94.81977,29.27174],[-94.81962,29.27129],[-94.81947,29.27085],[-94.81942,29.27072],[-94.8195,29.27067],[-94.81961,29.2706],[-94.82,29.27036],[-94.82022,29.27022],[-94.82024,29.27021],[-94.82058,29.27],[-94.82125,29.26959],[-94.82223,29.26898],[-94.82231,29.26894],[-94.82237,29.2689],[-94.82249,29.26882],[-94.82258,29.26877],[-94.82266,29.26872],[-94.82283,29.26862],[-94.82303,29.26849],[-94.82309,29.26846],[-94.82383,29.26801],[-94.82402,29.26789],[-94.82436,29.26768],[-94.82511,29.26722],[-94.82524,29.26714],[-94.82541,29.26704],[-94.82584,29.26677],[-94.826,29.26668],[-94.82627,29.26651],[-94.82642,29.26643],[-94.8265,29.26639],[-94.82674,29.26625],[-94.82685,29.2662],[-94.82699,29.26612],[-94.82771,29.26573],[-94.82812,29.2655],[-94.82832,29.2654],[-94.82858,29.26526],[-94.8291,29.26498],[-94.82961,29.26471],[-94.8298,29.2646],[-94.83002,29.26448],[-94.83018,29.26439],[-94.83019,29.26439],[-94.83027,29.26434],[-94.83039,29.26428],[-94.83047,29.26423],[-94.83056,29.26419],[-94.83062,29.26415],[-94.83113,29.26388],[-94.83119,29.26385],[-94.83141,29.26373],[-94.8315,29.26368],[-94.83226,29.26327],[-94.83283,29.26297],[-94.83302,29.26286],[-94.83327,29.26273],[-94.83352,29.2626],[-94.83372,29.26249],[-94.83384,29.26243],[-94.8339,29.26253],[-94.83395,29.26261],[-94.83402,29.26276],[-94.83404,29.2628],[-94.83409,29.2629],[-94.83413,29.26297],[-94.83418,29.26307],[-94.83427,29.26324],[-94.83432,29.26334],[-94.83441,29.2635],[-94.83429,29.26355],[-94.83406,29.26365],[-94.83381,29.26375],[-94.83373,29.26375],[-94.8334,29.26354],[-94.83328,29.26369],[-94.833,29.26352]]}},{"type":"Feature","properties":{"feed_id":"Texas__Galveston_Island_Transit__mdb_mdb-2861","agency_id":"1","agency_name":"Island Transit","agency_url":"https://www.galvestontx.gov/393/Transportation","route_id":"6","route_short_name":"6","route_long_name":"via Walmart","route_desc":"Downtown to 61st","route_type":"3","route_type_name":"Bus","route_url":"","route_color":"613FA6","route_text_color":"FFFFFF","route_sort_order":"","continuous_pickup":"1","continuous_drop_off":"1","network_id":"","shape_id":"6-A-IB","trip_count":128,"direction_ids":"0","trip_headsigns":"Terminal via Ave O","wheelchair_accessible_values":"1","bikes_allowed_values":"1"},"geometry":{"type":"LineString","coordinates":[[-94.83315,29.26361],[-94.83291,29.26347],[-94.83272,29.26357],[-94.83253,29.26367],[-94.83236,29.26376],[-94.83219,29.26386],[-94.83201,29.26395],[-94.83183,29.26405],[-94.83163,29.26416],[-94.83144,29.26426],[-94.83125,29.26436],[-94.83108,29.26445],[-94.83089,29.26455],[-94.83083,29.26458],[-94.83082,29.26462],[-94.83083,29.26463],[-94.83096,29.26482],[-94.83121,29.26518],[-94.83128,29.26519],[-94.83164,29.26541],[-94.83175,29.26547],[-94.83188,29.26554],[-94.83178,29.26567],[-94.8317,29.26577],[-94.83156,29.26592],[-94.83152,29.26587],[-94.83105,29.26522],[-94.83064,29.26464],[-94.83047,29.26439],[-94.83039,29.26428],[-94.83027,29.26434],[-94.83019,29.26439],[-94.83018,29.26439],[-94.83002,29.26448],[-94.8298,29.2646],[-94.82961,29.26471],[-94.8291,29.26498],[-94.82858,29.26526],[-94.82832,29.2654],[-94.82812,29.2655],[-94.82771,29.26573],[-94.82699,29.26612],[-94.82685,29.2662],[-94.82674,29.26625],[-94.8265,29.26639],[-94.82642,29.26643],[-94.82627,29.26651],[-94.8263,29.26664],[-94.8263,29.26665],[-94.82651,29.26704],[-94.82663,29.26727],[-94.82672,29.26744],[-94.82682,29.26762],[-94.82693,29.26783],[-94.82699,29.26794],[-94.82738,29.2687],[-94.82742,29.26875],[-94.82755,29.269],[-94.82775,29.26938],[-94.8278,29.26946],[-94.82789,29.26964],[-94.82793,29.26971],[-94.82798,29.26981],[-94.82803,29.2699],[-94.82828,29.27038],[-94.8283,29.27041],[-94.82841,29.27062],[-94.82855,29.27089],[-94.82866,29.2711],[-94.82879,29.27134],[-94.82886,29.27147],[-94.82894,29.27163],[-94.82899,29.27176],[-94.82907,29.27199],[-94.82909,29.27208],[-94.82914,29.27224],[-94.82915,29.27229],[-94.82924,29.27251],[-94.82958,29.27316],[-94.82981,29.27358],[-94.82993,29.27382],[-94.83003,29.274],[-94.83025,29.27441],[-94.83027,29.27445],[-94.8304,29.27455],[-94.83045,29.27464],[-94.83048,29.27467],[-94.83055,29.27467],[-94.83082,29.27457],[-94.83147,29.27432],[-94.83166,29.27425],[-94.83184,29.27418],[-94.83204,29.2741],[-94.83213,29.27407],[-94.83228,29.27401],[-94.83245,29.27395],[-94.83251,29.27392],[-94.83262,29.27388],[-94.83279,29.27381],[-94.83296,29.27375],[-94.83311,29.27369],[-94.83328,29.27362],[-94.83344,29.27356],[-94.83364,29.27348],[-94.83378,29.27342],[-94.83395,29.27336],[-94.83411,29.27329],[-94.83429,29.27322],[-94.83453,29.27313],[-94.83462,29.27309],[-94.83475,29.27333],[-94.83495,29.2737],[-94.83499,29.27378],[-94.83501,29.2738],[-94.83505,29.27388],[-94.83498,29.27391],[-94.83495,29.27392],[-94.8345,29.27411],[-94.83405,29.27429],[-94.83375,29.27442],[-94.83356,29.2745],[-94.83324,29.27463],[-94.83301,29.27472],[-94.83247,29.27495],[-94.83213,29.27509],[-94.83187,29.27521],[-94.83178,29.27524],[-94.83155,29.27534],[-94.83141,29.2754],[-94.83137,29.27542],[-94.8313,29.27546],[-94.83127,29.27547],[-94.83119,29.27552],[-94.83107,29.27559],[-94.831,29.27562],[-94.83098,29.27563],[-94.83087,29.27569],[-94.83038,29.27589],[-94.83033,29.27591],[-94.82994,29.27607],[-94.82902,29.27642],[-94.82775,29.27694],[-94.82758,29.27698],[-94.82743,29.277],[-94.82734,29.277],[-94.82708,29.27699],[-94.8269,29.27697],[-94.82666,29.27693],[-94.82654,29.2769],[-94.8264,29.27687],[-94.82639,29.27687],[-94.82619,29.27685],[-94.82593,29.27686],[-94.8256,29.27694],[-94.82531,29.27702],[-94.82473,29.27717],[-94.82415,29.27732],[-94.82402,29.27735],[-94.8238,29.27741],[-94.82303,29.27761],[-94.82203,29.27787],[-94.822,29.27788],[-94.82197,29.27789],[-94.82188,29.27791],[-94.82191,29.27798],[-94.82192,29.27801],[-94.82204,29.27835],[-94.82218,29.27879],[-94.82233,29.27921],[-94.82248,29.27966],[-94.82262,29.28008],[-94.82277,29.28052],[-94.82292,29.28096],[-94.82307,29.2814],[-94.82322,29.28184],[-94.82337,29.28228],[-94.82352,29.28271],[-94.82366,29.28314],[-94.82366,29.28315],[-94.82357,29.28317],[-94.82252,29.28344],[-94.82138,29.28374],[-94.82024,29.28404],[-94.81909,29.28434],[-94.81795,29.28464],[-94.81682,29.28495],[-94.81566,29.28524],[-94.81502,29.2854],[-94.81452,29.28553],[-94.81338,29.28584],[-94.81323,29.28588],[-94.81293,29.28596],[-94.81255,29.28606],[-94.81234,29.28612],[-94.81224,29.28615],[-94.81214,29.28617],[-94.80996,29.28674],[-94.80881,29.28704],[-94.80767,29.28734],[-94.80648,29.28765],[-94.80539,29.28795],[-94.80311,29.28854],[-94.80193,29.28884],[-94.80081,29.28912],[-94.79966,29.28943],[-94.79853,29.28973],[-94.79738,29.29002],[-94.79623,29.29032],[-94.79514,29.29062],[-94.79395,29.29093],[-94.79281,29.29123],[-94.7917,29.29153],[-94.79159,29.29156],[-94.79157,29.29156],[-94.79155,29.29157],[-94.79106,29.2917],[-94.791,29.29171],[-94.79041,29.29187],[-94.78927,29.29217],[-94.78872,29.29231],[-94.78811,29.29246],[-94.78719,29.2927],[-94.78699,29.29275],[-94.78713,29.29318],[-94.78728,29.29362],[-94.78743,29.29406],[-94.78758,29.29448],[-94.78774,29.29492],[-94.78788,29.29536],[-94.78809,29.296],[-94.78817,29.29624],[-94.78832,29.29666],[-94.78847,29.29709],[-94.78862,29.29753],[-94.78877,29.29797],[-94.78883,29.29815],[-94.78892,29.29842],[-94.78894,29.29846],[-94.78906,29.29884],[-94.78921,29.29927],[-94.78937,29.29971],[-94.78951,29.30016],[-94.78963,29.30048],[-94.78964,29.30051],[-94.78966,29.30059],[-94.78973,29.30079],[-94.78976,29.30088],[-94.78977,29.3009],[-94.7898,29.30099],[-94.78983,29.30108],[-94.78988,29.30123],[-94.79002,29.30166],[-94.79018,29.30211],[-94.79032,29.30253],[-94.79062,29.30339],[-94.79077,29.30384],[-94.7909,29.30422],[-94.79092,29.30428],[-94.79094,29.30435],[-94.79106,29.30469],[-94.79119,29.30508],[-94.79121,29.30512],[-94.79121,29.30514],[-94.79124,29.30521],[-94.79136,29.30558],[-94.7914,29.30569],[-94.79145,29.30584],[-94.79148,29.30593],[-94.79151,29.30602],[-94.79161,29.30599],[-94.79186,29.30592],[-94.79202,29.30588],[-94.79215,29.30585],[-94.79256,29.30574],[-94.79265,29.30571],[-94.79275,29.30569],[-94.79306,29.3056],[-94.79369,29.30544],[-94.7938,29.30541],[-94.79382,29.3054],[-94.79389,29.30539],[-94.7946,29.3052],[-94.79485,29.30513],[-94.79493,29.30511],[-94.79503,29.30508],[-94.79528,29.30502],[-94.79562,29.30493],[-94.79593,29.30485],[-94.79598,29.30484],[-94.79605,29.30482],[-94.79608,29.30482],[-94.79611,29.30489],[-94.79623,29.30526],[-94.79636,29.30562],[-94.79638,29.30568],[-94.79638,29.30569],[-94.7964,29.30576],[-94.79652,29.30612],[-94.79655,29.30619],[-94.79665,29.30649],[-94.79668,29.30657],[-94.79671,29.30665],[-94.79681,29.30694],[-94.79669,29.30697],[-94.796252,29.307081]]}},{"type":"Feature","properties":{"feed_id":"Texas__Galveston_Island_Transit__mdb_mdb-2861","agency_id":"1","agency_name":"Island Transit","agency_url":"https://www.galvestontx.gov/393/Transportation","route_id":"6","route_short_name":"6","route_long_name":"via Walmart","route_desc":"Downtown to 61st","route_type":"3","route_type_name":"Bus","route_url":"","route_color":"613FA6","route_text_color":"FFFFFF","route_sort_order":"","continuous_pickup":"1","continuous_drop_off":"1","network_id":"","shape_id":"6-A-OB","trip_count":128,"direction_ids":"1","trip_headsigns":"61st via Ave O","wheelchair_accessible_values":"1","bikes_allowed_values":"1"},"geometry":{"type":"LineString","coordinates":[[-94.796221,29.307053],[-94.79614,29.30683],[-94.79611,29.30674],[-94.7961,29.30672],[-94.79658,29.3066],[-94.79667,29.30657],[-94.79668,29.30657],[-94.79682,29.30653],[-94.79679,29.30646],[-94.79668,29.30615],[-94.79666,29.30608],[-94.79654,29.30572],[-94.79651,29.30565],[-94.79649,29.30559],[-94.79637,29.30523],[-94.79632,29.30509],[-94.79624,29.30486],[-94.79621,29.30478],[-94.79619,29.30479],[-94.79608,29.30482],[-94.79605,29.30482],[-94.79598,29.30484],[-94.79593,29.30485],[-94.79562,29.30493],[-94.79528,29.30502],[-94.79503,29.30508],[-94.79493,29.30511],[-94.79485,29.30513],[-94.7946,29.3052],[-94.79389,29.30539],[-94.79382,29.3054],[-94.7938,29.30541],[-94.79369,29.30544],[-94.79306,29.3056],[-94.79275,29.30569],[-94.79265,29.30571],[-94.79256,29.30574],[-94.79215,29.30585],[-94.79202,29.30588],[-94.79186,29.30592],[-94.79161,29.30599],[-94.79151,29.30602],[-94.79148,29.30593],[-94.79145,29.30584],[-94.7914,29.30569],[-94.79136,29.30558],[-94.79124,29.30521],[-94.79121,29.30514],[-94.79121,29.30512],[-94.79119,29.30508],[-94.79106,29.30469],[-94.79094,29.30435],[-94.79092,29.30428],[-94.7909,29.30422],[-94.79077,29.30384],[-94.79062,29.30339],[-94.79032,29.30253],[-94.79018,29.30211],[-94.79002,29.30166],[-94.78988,29.30123],[-94.78983,29.30108],[-94.7898,29.30099],[-94.78977,29.3009],[-94.78976,29.30088],[-94.78973,29.30079],[-94.78966,29.30059],[-94.78964,29.30051],[-94.78963,29.30048],[-94.78951,29.30016],[-94.78937,29.29971],[-94.78921,29.29927],[-94.78906,29.29884],[-94.78894,29.29846],[-94.78892,29.29842],[-94.78883,29.29815],[-94.78877,29.29797],[-94.78862,29.29753],[-94.78847,29.29709],[-94.78832,29.29666],[-94.78817,29.29624],[-94.78809,29.296],[-94.78788,29.29536],[-94.78774,29.29492],[-94.78758,29.29448],[-94.78869,29.2942],[-94.78929,29.29404],[-94.78987,29.29389],[-94.79099,29.29359],[-94.79214,29.2933],[-94.79216,29.2933],[-94.79226,29.29327],[-94.79229,29.29327],[-94.79278,29.29314],[-94.79455,29.29267],[-94.79569,29.29238],[-94.79683,29.29208],[-94.79799,29.29177],[-94.79912,29.29147],[-94.8003,29.29116],[-94.80139,29.29087],[-94.80258,29.29056],[-94.80369,29.29026],[-94.80486,29.28994],[-94.80597,29.28968],[-94.80711,29.28939],[-94.80826,29.28909],[-94.8094,29.28878],[-94.81055,29.28848],[-94.8116,29.2882],[-94.8117,29.28817],[-94.81273,29.2879],[-94.81284,29.28787],[-94.81293,29.28785],[-94.81398,29.28758],[-94.81512,29.28728],[-94.81626,29.28697],[-94.81739,29.28667],[-94.81854,29.28637],[-94.81969,29.28607],[-94.82082,29.28577],[-94.82188,29.28549],[-94.82196,29.28547],[-94.82206,29.28545],[-94.82311,29.28518],[-94.82415,29.28491],[-94.82425,29.28488],[-94.82423,29.28482],[-94.8241,29.28444],[-94.82396,29.28401],[-94.82381,29.28357],[-94.82366,29.28315],[-94.82352,29.28271],[-94.82337,29.28228],[-94.82322,29.28184],[-94.82307,29.2814],[-94.82292,29.28096],[-94.82277,29.28052],[-94.82262,29.28008],[-94.82248,29.27966],[-94.82233,29.27921],[-94.82218,29.27879],[-94.82204,29.27835],[-94.82192,29.27801],[-94.82191,29.27798],[-94.82188,29.27791],[-94.82187,29.27788],[-94.82186,29.27785],[-94.82175,29.27751],[-94.8216,29.27706],[-94.8214,29.27649],[-94.82135,29.27633],[-94.8213,29.2762],[-94.82116,29.27578],[-94.82099,29.2753],[-94.82095,29.27518],[-94.82069,29.27443],[-94.82041,29.2736],[-94.82026,29.27316],[-94.82023,29.27308],[-94.82005,29.27255],[-94.81977,29.27174],[-94.81962,29.27129],[-94.81947,29.27085],[-94.81942,29.27072],[-94.8195,29.27067],[-94.81961,29.2706],[-94.82,29.27036],[-94.82022,29.27022],[-94.82024,29.27021],[-94.82058,29.27],[-94.82125,29.26959],[-94.82223,29.26898],[-94.82231,29.26894],[-94.82237,29.2689],[-94.82249,29.26882],[-94.82258,29.26877],[-94.82266,29.26872],[-94.82283,29.26862],[-94.82303,29.26849],[-94.82309,29.26846],[-94.82383,29.26801],[-94.82402,29.26789],[-94.82436,29.26768],[-94.82511,29.26722],[-94.82524,29.26714],[-94.82541,29.26704],[-94.82584,29.26677],[-94.826,29.26668],[-94.82627,29.26651],[-94.82642,29.26643],[-94.8265,29.26639],[-94.82674,29.26625],[-94.82685,29.2662],[-94.82699,29.26612],[-94.82771,29.26573],[-94.82812,29.2655],[-94.82832,29.2654],[-94.82858,29.26526],[-94.8291,29.26498],[-94.82961,29.26471],[-94.8298,29.2646],[-94.83002,29.26448],[-94.83018,29.26439],[-94.83019,29.26439],[-94.83027,29.26434],[-94.83039,29.26428],[-94.83047,29.26423],[-94.83056,29.26419],[-94.83062,29.26415],[-94.83113,29.26388],[-94.83119,29.26385],[-94.83141,29.26373],[-94.8315,29.26368],[-94.83226,29.26327],[-94.83283,29.26297],[-94.83302,29.26286],[-94.83327,29.26273],[-94.83352,29.2626],[-94.83372,29.26249],[-94.83384,29.26243],[-94.8339,29.26253],[-94.83395,29.26261],[-94.83402,29.26276],[-94.83404,29.2628],[-94.83409,29.2629],[-94.83413,29.26297],[-94.83418,29.26307],[-94.83427,29.26324],[-94.83432,29.26334],[-94.83441,29.2635],[-94.83429,29.26355],[-94.83406,29.26365],[-94.83381,29.26375],[-94.83373,29.26375],[-94.8334,29.26354],[-94.83328,29.26369],[-94.83303,29.26354]]}},{"type":"Feature","properties":{"feed_id":"Texas__Galveston_Island_Transit__mdb_mdb-2861","agency_id":"1","agency_name":"Island Transit","agency_url":"https://www.galvestontx.gov/393/Transportation","route_id":"6","route_short_name":"6","route_long_name":"via Walmart","route_desc":"Downtown to 61st","route_type":"3","route_type_name":"Bus","route_url":"","route_color":"613FA6","route_text_color":"FFFFFF","route_sort_order":"","continuous_pickup":"1","continuous_drop_off":"1","network_id":"","shape_id":"6-O-IB","trip_count":60,"direction_ids":"0","trip_headsigns":"Old Terminal 20th & Market via Ave O","wheelchair_accessible_values":"1","bikes_allowed_values":"1"},"geometry":{"type":"LineString","coordinates":[[-94.83315,29.26361],[-94.83291,29.26347],[-94.83272,29.26357],[-94.83253,29.26367],[-94.83236,29.26376],[-94.83219,29.26386],[-94.83201,29.26395],[-94.83183,29.26405],[-94.83163,29.26416],[-94.83144,29.26426],[-94.83125,29.26436],[-94.83108,29.26445],[-94.83089,29.26455],[-94.83083,29.26458],[-94.83082,29.26462],[-94.83083,29.26463],[-94.83096,29.26482],[-94.83121,29.26518],[-94.83128,29.26519],[-94.83164,29.26541],[-94.83175,29.26547],[-94.83188,29.26554],[-94.83178,29.26567],[-94.8317,29.26577],[-94.83156,29.26592],[-94.83152,29.26587],[-94.83105,29.26522],[-94.83064,29.26464],[-94.83047,29.26439],[-94.83039,29.26428],[-94.83027,29.26434],[-94.83019,29.26439],[-94.83018,29.26439],[-94.83002,29.26448],[-94.8298,29.2646],[-94.82961,29.26471],[-94.8291,29.26498],[-94.82858,29.26526],[-94.82832,29.2654],[-94.82812,29.2655],[-94.82771,29.26573],[-94.82699,29.26612],[-94.82685,29.2662],[-94.82674,29.26625],[-94.8265,29.26639],[-94.82642,29.26643],[-94.82627,29.26651],[-94.8263,29.26664],[-94.8263,29.26665],[-94.82651,29.26704],[-94.82663,29.26727],[-94.82672,29.26744],[-94.82682,29.26762],[-94.82693,29.26783],[-94.82699,29.26794],[-94.82738,29.2687],[-94.82742,29.26875],[-94.82755,29.269],[-94.82775,29.26938],[-94.8278,29.26946],[-94.82789,29.26964],[-94.82793,29.26971],[-94.82798,29.26981],[-94.82803,29.2699],[-94.82828,29.27038],[-94.8283,29.27041],[-94.82841,29.27062],[-94.82855,29.27089],[-94.82866,29.2711],[-94.82879,29.27134],[-94.82886,29.27147],[-94.82894,29.27163],[-94.82899,29.27176],[-94.82907,29.27199],[-94.82909,29.27208],[-94.82914,29.27224],[-94.82915,29.27229],[-94.82924,29.27251],[-94.82958,29.27316],[-94.82981,29.27358],[-94.82993,29.27382],[-94.83003,29.274],[-94.83025,29.27441],[-94.83027,29.27445],[-94.8304,29.27455],[-94.83045,29.27464],[-94.83048,29.27467],[-94.83055,29.27467],[-94.83082,29.27457],[-94.83147,29.27432],[-94.83166,29.27425],[-94.83184,29.27418],[-94.83204,29.2741],[-94.83213,29.27407],[-94.83228,29.27401],[-94.83245,29.27395],[-94.83251,29.27392],[-94.83262,29.27388],[-94.83279,29.27381],[-94.83296,29.27375],[-94.83311,29.27369],[-94.83328,29.27362],[-94.83344,29.27356],[-94.83364,29.27348],[-94.83378,29.27342],[-94.83395,29.27336],[-94.83411,29.27329],[-94.83429,29.27322],[-94.83453,29.27313],[-94.83462,29.27309],[-94.83475,29.27333],[-94.83495,29.2737],[-94.83499,29.27378],[-94.83501,29.2738],[-94.83505,29.27388],[-94.83498,29.27391],[-94.83495,29.27392],[-94.8345,29.27411],[-94.83405,29.27429],[-94.83375,29.27442],[-94.83356,29.2745],[-94.83324,29.27463],[-94.83301,29.27472],[-94.83247,29.27495],[-94.83213,29.27509],[-94.83187,29.27521],[-94.83178,29.27524],[-94.83155,29.27534],[-94.83141,29.2754],[-94.83137,29.27542],[-94.8313,29.27546],[-94.83127,29.27547],[-94.83119,29.27552],[-94.83107,29.27559],[-94.831,29.27562],[-94.83098,29.27563],[-94.83087,29.27569],[-94.83038,29.27589],[-94.83033,29.27591],[-94.82994,29.27607],[-94.82902,29.27642],[-94.82775,29.27694],[-94.82758,29.27698],[-94.82743,29.277],[-94.82734,29.277],[-94.82708,29.27699],[-94.8269,29.27697],[-94.82666,29.27693],[-94.82654,29.2769],[-94.8264,29.27687],[-94.82639,29.27687],[-94.82619,29.27685],[-94.82593,29.27686],[-94.8256,29.27694],[-94.82531,29.27702],[-94.82473,29.27717],[-94.82415,29.27732],[-94.82402,29.27735],[-94.8238,29.27741],[-94.82303,29.27761],[-94.82203,29.27787],[-94.822,29.27788],[-94.82197,29.27789],[-94.82188,29.27791],[-94.82191,29.27798],[-94.82192,29.27801],[-94.82204,29.27835],[-94.82218,29.27879],[-94.82233,29.27921],[-94.82248,29.27966],[-94.82262,29.28008],[-94.82277,29.28052],[-94.82292,29.28096],[-94.82307,29.2814],[-94.82322,29.28184],[-94.82337,29.28228],[-94.82352,29.28271],[-94.82366,29.28314],[-94.82366,29.28315],[-94.82357,29.28317],[-94.82252,29.28344],[-94.82138,29.28374],[-94.82024,29.28404],[-94.81909,29.28434],[-94.81795,29.28464],[-94.81682,29.28495],[-94.81566,29.28524],[-94.81502,29.2854],[-94.81452,29.28553],[-94.81338,29.28584],[-94.81323,29.28588],[-94.81293,29.28596],[-94.81255,29.28606],[-94.81234,29.28612],[-94.81224,29.28615],[-94.81214,29.28617],[-94.80996,29.28674],[-94.80881,29.28704],[-94.80767,29.28734],[-94.80648,29.28765],[-94.80539,29.28795],[-94.80311,29.28854],[-94.80193,29.28884],[-94.80081,29.28912],[-94.79966,29.28943],[-94.79853,29.28973],[-94.79738,29.29002],[-94.79623,29.29032],[-94.79514,29.29062],[-94.79395,29.29093],[-94.79281,29.29123],[-94.7917,29.29153],[-94.79159,29.29156],[-94.79157,29.29156],[-94.79155,29.29157],[-94.79106,29.2917],[-94.791,29.29171],[-94.79041,29.29187],[-94.78927,29.29217],[-94.78872,29.29231],[-94.78811,29.29246],[-94.78719,29.2927],[-94.78699,29.29275],[-94.78713,29.29318],[-94.78728,29.29362],[-94.78743,29.29406],[-94.78758,29.29448],[-94.78774,29.29492],[-94.78788,29.29536],[-94.78809,29.296],[-94.78817,29.29624],[-94.78832,29.29666],[-94.78847,29.29709],[-94.78862,29.29753],[-94.78877,29.29797],[-94.78883,29.29815],[-94.78892,29.29842],[-94.78894,29.29846],[-94.78906,29.29884],[-94.78921,29.29927],[-94.78937,29.29971],[-94.78951,29.30016],[-94.78963,29.30048],[-94.78964,29.30051],[-94.78966,29.30059],[-94.78973,29.30079],[-94.78976,29.30088],[-94.78977,29.3009],[-94.7898,29.30099],[-94.78983,29.30108],[-94.78988,29.30123],[-94.79002,29.30166],[-94.79018,29.30211],[-94.79032,29.30253],[-94.79062,29.30339],[-94.79077,29.30384],[-94.7909,29.30422],[-94.79092,29.30428],[-94.79094,29.30435],[-94.79106,29.30469],[-94.79119,29.30508],[-94.79121,29.30512],[-94.79121,29.30514],[-94.79124,29.30521],[-94.79136,29.30558],[-94.7914,29.30569],[-94.79145,29.30584],[-94.79148,29.30593],[-94.79151,29.30602],[-94.79142,29.30604],[-94.79068,29.30624],[-94.79061,29.30626],[-94.79058,29.30627],[-94.79043,29.30631],[-94.79037,29.30633],[-94.79036,29.30634],[-94.79032,29.30635],[-94.79021,29.30608]]}},{"type":"Feature","properties":{"feed_id":"Texas__Galveston_Island_Transit__mdb_mdb-2861","agency_id":"1","agency_name":"Island Transit","agency_url":"https://www.galvestontx.gov/393/Transportation","route_id":"6","route_short_name":"6","route_long_name":"via Walmart","route_desc":"Downtown to 61st","route_type":"3","route_type_name":"Bus","route_url":"","route_color":"613FA6","route_text_color":"FFFFFF","route_sort_order":"","continuous_pickup":"1","continuous_drop_off":"1","network_id":"","shape_id":"6-O-OB","trip_count":60,"direction_ids":"1","trip_headsigns":"61st via Ave O","wheelchair_accessible_values":"1","bikes_allowed_values":"1"},"geometry":{"type":"LineString","coordinates":[[-94.790231,29.30618],[-94.790048,29.305644],[-94.79003,29.30536],[-94.78991,29.30501],[-94.78977,29.30458],[-94.79083,29.3043],[-94.79092,29.30428],[-94.7909,29.30422],[-94.79077,29.30384],[-94.79062,29.30339],[-94.79032,29.30253],[-94.79018,29.30211],[-94.79002,29.30166],[-94.78988,29.30123],[-94.78983,29.30108],[-94.7898,29.30099],[-94.78977,29.3009],[-94.78976,29.30088],[-94.78973,29.30079],[-94.78966,29.30059],[-94.78964,29.30051],[-94.78963,29.30048],[-94.78951,29.30016],[-94.78937,29.29971],[-94.78921,29.29927],[-94.78906,29.29884],[-94.78894,29.29846],[-94.78892,29.29842],[-94.78883,29.29815],[-94.78877,29.29797],[-94.78862,29.29753],[-94.78847,29.29709],[-94.78832,29.29666],[-94.78817,29.29624],[-94.78809,29.296],[-94.78788,29.29536],[-94.78774,29.29492],[-94.78758,29.29448],[-94.78869,29.2942],[-94.78929,29.29404],[-94.78987,29.29389],[-94.79099,29.29359],[-94.79214,29.2933],[-94.79216,29.2933],[-94.79226,29.29327],[-94.79229,29.29327],[-94.79278,29.29314],[-94.79455,29.29267],[-94.79569,29.29238],[-94.79683,29.29208],[-94.79799,29.29177],[-94.79912,29.29147],[-94.8003,29.29116],[-94.80139,29.29087],[-94.80258,29.29056],[-94.80369,29.29026],[-94.80486,29.28994],[-94.80597,29.28968],[-94.80711,29.28939],[-94.80826,29.28909],[-94.8094,29.28878],[-94.81055,29.28848],[-94.8116,29.2882],[-94.8117,29.28817],[-94.81273,29.2879],[-94.81284,29.28787],[-94.81293,29.28785],[-94.81398,29.28758],[-94.81512,29.28728],[-94.81626,29.28697],[-94.81739,29.28667],[-94.81854,29.28637],[-94.81969,29.28607],[-94.82082,29.28577],[-94.82188,29.28549],[-94.82196,29.28547],[-94.82206,29.28545],[-94.82311,29.28518],[-94.82415,29.28491],[-94.82425,29.28488],[-94.82423,29.28482],[-94.8241,29.28444],[-94.82396,29.28401],[-94.82381,29.28357],[-94.82366,29.28315],[-94.82352,29.28271],[-94.82337,29.28228],[-94.82322,29.28184],[-94.82307,29.2814],[-94.82292,29.28096],[-94.82277,29.28052],[-94.82262,29.28008],[-94.82248,29.27966],[-94.82233,29.27921],[-94.82218,29.27879],[-94.82204,29.27835],[-94.82192,29.27801],[-94.82191,29.27798],[-94.82188,29.27791],[-94.82187,29.27788],[-94.82186,29.27785],[-94.82175,29.27751],[-94.8216,29.27706],[-94.8214,29.27649],[-94.82135,29.27633],[-94.8213,29.2762],[-94.82116,29.27578],[-94.82099,29.2753],[-94.82095,29.27518],[-94.82069,29.27443],[-94.82041,29.2736],[-94.82026,29.27316],[-94.82023,29.27308],[-94.82005,29.27255],[-94.81977,29.27174],[-94.81962,29.27129],[-94.81947,29.27085],[-94.81942,29.27072],[-94.8195,29.27067],[-94.81961,29.2706],[-94.82,29.27036],[-94.82022,29.27022],[-94.82024,29.27021],[-94.82058,29.27],[-94.82125,29.26959],[-94.82223,29.26898],[-94.82231,29.26894],[-94.82237,29.2689],[-94.82249,29.26882],[-94.82258,29.26877],[-94.82266,29.26872],[-94.82283,29.26862],[-94.82303,29.26849],[-94.82309,29.26846],[-94.82383,29.26801],[-94.82402,29.26789],[-94.82436,29.26768],[-94.82511,29.26722],[-94.82524,29.26714],[-94.82541,29.26704],[-94.82584,29.26677],[-94.826,29.26668],[-94.82627,29.26651],[-94.82642,29.26643],[-94.8265,29.26639],[-94.82674,29.26625],[-94.82685,29.2662],[-94.82699,29.26612],[-94.82771,29.26573],[-94.82812,29.2655],[-94.82832,29.2654],[-94.82858,29.26526],[-94.8291,29.26498],[-94.82961,29.26471],[-94.8298,29.2646],[-94.83002,29.26448],[-94.83018,29.26439],[-94.83019,29.26439],[-94.83027,29.26434],[-94.83039,29.26428],[-94.83047,29.26423],[-94.83056,29.26419],[-94.83062,29.26415],[-94.83113,29.26388],[-94.83119,29.26385],[-94.83141,29.26373],[-94.8315,29.26368],[-94.83226,29.26327],[-94.83283,29.26297],[-94.83302,29.26286],[-94.83327,29.26273],[-94.83352,29.2626],[-94.83372,29.26249],[-94.83384,29.26243],[-94.8339,29.26253],[-94.83395,29.26261],[-94.83402,29.26276],[-94.83404,29.2628],[-94.83409,29.2629],[-94.83413,29.26297],[-94.83418,29.26307],[-94.83427,29.26324],[-94.83432,29.26334],[-94.83441,29.2635],[-94.83429,29.26355],[-94.83406,29.26365],[-94.83381,29.26375],[-94.83373,29.26375],[-94.8334,29.26354],[-94.83328,29.26369],[-94.83303,29.26354]]}},{"type":"Feature","properties":{"feed_id":"Texas__Galveston_Island_Transit__mdb_mdb-2861","agency_id":"1","agency_name":"Island Transit","agency_url":"https://www.galvestontx.gov/393/Transportation","route_id":"Downtown Loop","route_short_name":"Downtown","route_long_name":"Loop","route_desc":"","route_type":"3","route_type_name":"Bus","route_url":"","route_color":"25C8B1","route_text_color":"000000","route_sort_order":"","continuous_pickup":"","continuous_drop_off":"","network_id":"","shape_id":"Downtown Loop-A-IB","trip_count":114,"direction_ids":"0","trip_headsigns":"Old Terminal-20th & Market","wheelchair_accessible_values":"0|1","bikes_allowed_values":"0|1|2"},"geometry":{"type":"LineString","coordinates":[[-94.78679,29.29137],[-94.78676,29.2914],[-94.78684,29.29133],[-94.78696,29.29122],[-94.78718,29.29095],[-94.78731,29.29082],[-94.78843,29.28995],[-94.78951,29.28911],[-94.79031,29.2885],[-94.79037,29.28848],[-94.79041,29.28847],[-94.79047,29.28849],[-94.79051,29.28851],[-94.79053,29.28854],[-94.79055,29.28857],[-94.79081,29.28932],[-94.79192,29.29258],[-94.79315,29.29621],[-94.79365,29.29765],[-94.79376,29.29799],[-94.79381,29.29822],[-94.79414,29.29918],[-94.79422,29.29949],[-94.79426,29.29961],[-94.79435,29.2998],[-94.79439,29.2999],[-94.79457,29.30047],[-94.79473,29.30091],[-94.79631,29.30557],[-94.7963,29.30565],[-94.79627,29.30568],[-94.7962,29.30572],[-94.79608,29.30575],[-94.7944,29.30619],[-94.79422,29.30623],[-94.79418,29.30622],[-94.79413,29.30619],[-94.79408,29.30615],[-94.79405,29.30608],[-94.79364,29.30485],[-94.79357,29.30467],[-94.79355,29.30462],[-94.79349,29.30458],[-94.79337,29.30455],[-94.79219,29.30486],[-94.79065,29.30527],[-94.79025,29.30537],[-94.7902,29.30539],[-94.79015,29.30544],[-94.79011,29.30551],[-94.79011,29.30556],[-94.79032,29.30615],[-94.7903476,29.3062546]]}},{"type":"Feature","properties":{"feed_id":"Texas__Galveston_Island_Transit__mdb_mdb-2861","agency_id":"1","agency_name":"Island Transit","agency_url":"https://www.galvestontx.gov/393/Transportation","route_id":"Downtown Loop","route_short_name":"Downtown","route_long_name":"Loop","route_desc":"","route_type":"3","route_type_name":"Bus","route_url":"","route_color":"25C8B1","route_text_color":"000000","route_sort_order":"","continuous_pickup":"","continuous_drop_off":"","network_id":"","shape_id":"Downtown Loop-A-OB","trip_count":125,"direction_ids":"1","trip_headsigns":"Seawall","wheelchair_accessible_values":"0|1","bikes_allowed_values":"0|1|2"},"geometry":{"type":"LineString","coordinates":[[-94.7903,29.3061],[-94.79044,29.30653],[-94.79092,29.30795],[-94.79098,29.30801],[-94.79102,29.30803],[-94.79107,29.30803],[-94.79115,29.30803],[-94.79127,29.30801],[-94.79168,29.3079],[-94.792009,29.307833],[-94.792078,29.307836],[-94.792148,29.307871],[-94.792543,29.309003],[-94.792645,29.309039],[-94.792744,29.309024],[-94.793165,29.308911],[-94.793552,29.308796],[-94.793645,29.308698],[-94.793651,29.308602],[-94.793309,29.307576],[-94.793379,29.307456],[-94.79379,29.30735],[-94.79621,29.30671],[-94.79662,29.3066],[-94.79667,29.30657],[-94.79672,29.30651],[-94.79674,29.30647],[-94.79674,29.3064],[-94.7967,29.3063],[-94.79649,29.30565],[-94.79579,29.30362],[-94.7947,29.30043],[-94.79452,29.29988],[-94.79441,29.29944],[-94.79426,29.29914],[-94.79342,29.29667],[-94.79171,29.29166],[-94.79169,29.29161],[-94.79167,29.29159],[-94.79162,29.29156],[-94.79157,29.29156],[-94.7904,29.29185],[-94.78885,29.29226],[-94.78713,29.29271],[-94.78706,29.2927],[-94.78698,29.29265],[-94.78697,29.29262],[-94.78662,29.2916],[-94.78663,29.29152],[-94.78667,29.29147],[-94.78684,29.29133],[-94.78692,29.29125]]}},{"type":"Feature","properties":{"feed_id":"Texas__Galveston_Island_Transit__mdb_mdb-2861","agency_id":"1","agency_name":"Island Transit","agency_url":"https://www.galvestontx.gov/393/Transportation","route_id":"Downtown Loop","route_short_name":"Downtown","route_long_name":"Loop","route_desc":"","route_type":"3","route_type_name":"Bus","route_url":"","route_color":"25C8B1","route_text_color":"000000","route_sort_order":"","continuous_pickup":"","continuous_drop_off":"","network_id":"","shape_id":"Downtown Loop-O-IB","trip_count":60,"direction_ids":"0","trip_headsigns":"Old Terminal 20th & Market","wheelchair_accessible_values":"1","bikes_allowed_values":"0"},"geometry":{"type":"LineString","coordinates":[[-94.78679,29.29137],[-94.78676,29.2914],[-94.78684,29.29133],[-94.78696,29.29122],[-94.78718,29.29095],[-94.78731,29.29082],[-94.78843,29.28995],[-94.78951,29.28911],[-94.79031,29.2885],[-94.79037,29.28848],[-94.79041,29.28847],[-94.79047,29.28849],[-94.79051,29.28851],[-94.79053,29.28854],[-94.79055,29.28857],[-94.79081,29.28932],[-94.79192,29.29258],[-94.79315,29.29621],[-94.79365,29.29765],[-94.79376,29.29799],[-94.79381,29.29822],[-94.79414,29.29918],[-94.79422,29.29949],[-94.79426,29.29961],[-94.79435,29.2998],[-94.79439,29.2999],[-94.79457,29.30047],[-94.79473,29.30091],[-94.79631,29.30557],[-94.7963,29.30565],[-94.79627,29.30568],[-94.7962,29.30572],[-94.79608,29.30575],[-94.7944,29.30619],[-94.79422,29.30623],[-94.79418,29.30622],[-94.79413,29.30619],[-94.79408,29.30615],[-94.79405,29.30608],[-94.79364,29.30485],[-94.79357,29.30467],[-94.79355,29.30462],[-94.79349,29.30458],[-94.79337,29.30455],[-94.79219,29.30486],[-94.79065,29.30527],[-94.7900764,29.3054391],[-94.790049,29.3054826],[-94.7900828,29.3055823],[-94.7901182,29.305682],[-94.7901746,29.3058435],[-94.7902164,29.3059782],[-94.7902567,29.3060892]]}},{"type":"Feature","properties":{"feed_id":"Texas__Galveston_Island_Transit__mdb_mdb-2861","agency_id":"1","agency_name":"Island Transit","agency_url":"https://www.galvestontx.gov/393/Transportation","route_id":"Downtown Loop","route_short_name":"Downtown","route_long_name":"Loop","route_desc":"","route_type":"3","route_type_name":"Bus","route_url":"","route_color":"25C8B1","route_text_color":"000000","route_sort_order":"","continuous_pickup":"","continuous_drop_off":"","network_id":"","shape_id":"Downtown Loop-O-OB","trip_count":60,"direction_ids":"1","trip_headsigns":"Seawall","wheelchair_accessible_values":"1","bikes_allowed_values":"0"},"geometry":{"type":"LineString","coordinates":[[-94.7902424,29.3060873],[-94.790344,29.3063392],[-94.7908067,29.3062058],[-94.79142,29.30604],[-94.79151,29.30602],[-94.79161,29.30599],[-94.7917785,29.3059428],[-94.79186,29.30592],[-94.79202,29.30588],[-94.79215,29.30585],[-94.79256,29.30574],[-94.79265,29.30571],[-94.79275,29.30569],[-94.79306,29.3056],[-94.79369,29.30544],[-94.7938,29.30541],[-94.79382,29.3054],[-94.79389,29.30539],[-94.7946,29.3052],[-94.79485,29.30513],[-94.79493,29.30511],[-94.79503,29.30508],[-94.79528,29.30502],[-94.79562,29.30493],[-94.79593,29.30485],[-94.79598,29.30484],[-94.79605,29.30482],[-94.79608,29.30482],[-94.79619,29.30479],[-94.79621,29.30478],[-94.79619,29.30471],[-94.79607,29.30436],[-94.79593,29.30397],[-94.79592,29.30392],[-94.79589,29.30385],[-94.79581,29.30361],[-94.79579,29.30362],[-94.7947,29.30043],[-94.79452,29.29988],[-94.79441,29.29944],[-94.79426,29.29914],[-94.79342,29.29667],[-94.79171,29.29166],[-94.79169,29.29161],[-94.79167,29.29159],[-94.79162,29.29156],[-94.79157,29.29156],[-94.7904,29.29185],[-94.78885,29.29226],[-94.78713,29.29271],[-94.78706,29.2927],[-94.78698,29.29265],[-94.78697,29.29262],[-94.78662,29.2916],[-94.78663,29.29152],[-94.78667,29.29147],[-94.78684,29.29133],[-94.78692,29.29125]]}},{"type":"Feature","properties":{"feed_id":"Texas__Galveston_Island_Transit__mdb_mdb-2861","agency_id":"1","agency_name":"Island Transit","agency_url":"https://www.galvestontx.gov/393/Transportation","route_id":"Rail","route_short_name":"Rail","route_long_name":"Strand & Seawall","route_desc":"Rail Trolley Downtown to Seawall","route_type":"0","route_type_name":"Tram/Light Rail","route_url":"","route_color":"25C8B1","route_text_color":"000000","route_sort_order":"","continuous_pickup":"1","continuous_drop_off":"1","network_id":"","shape_id":"Rail-A-IB","trip_count":182,"direction_ids":"1","trip_headsigns":"Old Terminal 20th & Market Downtown","wheelchair_accessible_values":"2","bikes_allowed_values":"2"},"geometry":{"type":"LineString","coordinates":[[-94.78679,29.29137],[-94.78676,29.2914],[-94.78684,29.29133],[-94.78696,29.29122],[-94.78718,29.29095],[-94.78731,29.29082],[-94.78843,29.28995],[-94.78951,29.28911],[-94.79031,29.2885],[-94.79037,29.28848],[-94.79041,29.28847],[-94.79047,29.28849],[-94.79051,29.28851],[-94.79053,29.28854],[-94.79055,29.28857],[-94.79081,29.28932],[-94.79192,29.29258],[-94.79315,29.29621],[-94.79365,29.29765],[-94.79376,29.29799],[-94.79381,29.29822],[-94.79414,29.29918],[-94.79422,29.29949],[-94.79426,29.29961],[-94.79435,29.2998],[-94.79439,29.2999],[-94.79457,29.30047],[-94.79473,29.30091],[-94.79631,29.30557],[-94.7963,29.30565],[-94.79627,29.30568],[-94.7962,29.30572],[-94.79608,29.30575],[-94.7944,29.30619],[-94.79422,29.30623],[-94.79418,29.30622],[-94.79413,29.30619],[-94.79408,29.30615],[-94.79405,29.30608],[-94.79364,29.30485],[-94.79357,29.30467],[-94.79355,29.30462],[-94.79349,29.30458],[-94.79337,29.30455],[-94.79219,29.30486],[-94.79065,29.30527],[-94.79025,29.30537],[-94.7902,29.30539],[-94.79015,29.30544],[-94.79011,29.30551],[-94.79011,29.30556],[-94.79032,29.30615],[-94.7903478,29.3062574]]}},{"type":"Feature","properties":{"feed_id":"Texas__Galveston_Island_Transit__mdb_mdb-2861","agency_id":"1","agency_name":"Island Transit","agency_url":"https://www.galvestontx.gov/393/Transportation","route_id":"Rail","route_short_name":"Rail","route_long_name":"Strand & Seawall","route_desc":"Rail Trolley Downtown to Seawall","route_type":"0","route_type_name":"Tram/Light Rail","route_url":"","route_color":"25C8B1","route_text_color":"000000","route_sort_order":"","continuous_pickup":"1","continuous_drop_off":"1","network_id":"","shape_id":"Rail-A-OB","trip_count":172,"direction_ids":"0","trip_headsigns":"Seawall via 25th","wheelchair_accessible_values":"2","bikes_allowed_values":"2"},"geometry":{"type":"LineString","coordinates":[[-94.7903429,29.3062537],[-94.79044,29.30653],[-94.79092,29.30795],[-94.79098,29.30801],[-94.79102,29.30803],[-94.79107,29.30803],[-94.79115,29.30803],[-94.79127,29.30801],[-94.79168,29.3079],[-94.79282,29.3076],[-94.79338,29.30745],[-94.793379,29.307456],[-94.79379,29.30735],[-94.79621,29.30671],[-94.79662,29.3066],[-94.79667,29.30657],[-94.79672,29.30651],[-94.79674,29.30647],[-94.79674,29.3064],[-94.7967,29.3063],[-94.79649,29.30565],[-94.79579,29.30362],[-94.7947,29.30043],[-94.79452,29.29988],[-94.79441,29.29944],[-94.79426,29.29914],[-94.79342,29.29667],[-94.79171,29.29166],[-94.79169,29.29161],[-94.79167,29.29159],[-94.79162,29.29156],[-94.79157,29.29156],[-94.7904,29.29185],[-94.78885,29.29226],[-94.78713,29.29271],[-94.78706,29.2927],[-94.78698,29.29265],[-94.78697,29.29262],[-94.78662,29.2916],[-94.78663,29.29152],[-94.78667,29.29147],[-94.78681,29.29136]]}},{"type":"Feature","properties":{"feed_id":"Texas__Galveston_Island_Transit__mdb_mdb-2861","agency_id":"1","agency_name":"Island Transit","agency_url":"https://www.galvestontx.gov/393/Transportation","route_id":"Seawall","route_short_name":"Seawall","route_long_name":"Trolley","route_desc":"Seawall Service from Stewart Beach to Moody Gardens","route_type":"3","route_type_name":"Bus","route_url":"","route_color":"148A0E","route_text_color":"FFFFFF","route_sort_order":"","continuous_pickup":"1","continuous_drop_off":"1","network_id":"","shape_id":"Seawall-A-IB","trip_count":301,"direction_ids":"1","trip_headsigns":"Stewart Beach","wheelchair_accessible_values":"1","bikes_allowed_values":"1|2"},"geometry":{"type":"LineString","coordinates":[[-94.85163,29.27246],[-94.85152,29.27242],[-94.85091,29.2722],[-94.85086,29.27218],[-94.85052,29.27205],[-94.85038,29.27197],[-94.85023,29.27186],[-94.8501,29.27173],[-94.85001,29.27158],[-94.84995,29.27143],[-94.84992,29.27129],[-94.84991,29.27113],[-94.84992,29.27088],[-94.84992,29.27083],[-94.84992,29.27052],[-94.84991,29.27022],[-94.84992,29.26959],[-94.84992,29.26945],[-94.84989,29.26929],[-94.84988,29.26925],[-94.84986,29.26918],[-94.84977,29.26889],[-94.84962,29.2686],[-94.84933,29.26804],[-94.84924,29.26788],[-94.84916,29.26775],[-94.84909,29.26769],[-94.84899,29.26764],[-94.84895,29.26764],[-94.8488,29.26762],[-94.84888,29.26748],[-94.84891,29.2674],[-94.84897,29.26726],[-94.84903,29.26708],[-94.84908,29.26693],[-94.8492,29.26658],[-94.84923,29.2665],[-94.84932,29.26623],[-94.84942,29.26592],[-94.84956,29.26553],[-94.84968,29.26515],[-94.8497,29.26505],[-94.84972,29.26494],[-94.84973,29.26472],[-94.84973,29.26459],[-94.8497,29.26443],[-94.84963,29.26416],[-94.84951,29.2639],[-94.84927,29.26346],[-94.84895,29.26289],[-94.84891,29.26281],[-94.84863,29.26226],[-94.84859,29.2622],[-94.84853,29.26208],[-94.84834,29.26174],[-94.84831,29.26168],[-94.84821,29.26149],[-94.8481,29.26127],[-94.84805,29.26119],[-94.84777,29.26067],[-94.84774,29.26062],[-94.84742,29.26001],[-94.84741,29.26],[-94.84723,29.25965],[-94.84719,29.25959],[-94.84703,29.25932],[-94.84693,29.25914],[-94.84684,29.25898],[-94.84663,29.25861],[-94.84658,29.25852],[-94.84646,29.25831],[-94.84636,29.25812],[-94.84611,29.25768],[-94.84605,29.25758],[-94.84601,29.2575],[-94.84579,29.2571],[-94.84567,29.25687],[-94.84562,29.25679],[-94.84553,29.25663],[-94.84546,29.25648],[-94.84537,29.25631],[-94.84526,29.25613],[-94.84524,29.2561],[-94.84524,29.25609],[-94.84515,29.25599],[-94.84507,29.25604],[-94.845,29.25608],[-94.84483,29.25618],[-94.84476,29.25622],[-94.84455,29.25635],[-94.84388,29.25675],[-94.84329,29.25709],[-94.84291,29.25732],[-94.84212,29.25779],[-94.84145,29.25819],[-94.84086,29.25853],[-94.84062,29.25868],[-94.84005,29.25902],[-94.84,29.25905],[-94.83974,29.2592],[-94.83958,29.2593],[-94.83925,29.25949],[-94.83888,29.25969],[-94.83852,29.25989],[-94.83837,29.25997],[-94.83821,29.26005],[-94.83809,29.26012],[-94.83732,29.26053],[-94.83662,29.26091],[-94.83643,29.26102],[-94.83473,29.26193],[-94.83439,29.26212],[-94.83423,29.26222],[-94.83404,29.26232],[-94.834,29.26234],[-94.83394,29.26237],[-94.83384,29.26243],[-94.83372,29.26249],[-94.83352,29.2626],[-94.83346,29.26263],[-94.83327,29.26273],[-94.83302,29.26286],[-94.83283,29.26297],[-94.83226,29.26327],[-94.8315,29.26368],[-94.83141,29.26373],[-94.83119,29.26385],[-94.83113,29.26388],[-94.83062,29.26415],[-94.83056,29.26419],[-94.83047,29.26423],[-94.83039,29.26428],[-94.83027,29.26434],[-94.83019,29.26439],[-94.83018,29.26439],[-94.83002,29.26448],[-94.8298,29.2646],[-94.82961,29.26471],[-94.82958,29.26472],[-94.82961,29.26471],[-94.8291,29.26498],[-94.82858,29.26526],[-94.82832,29.2654],[-94.82812,29.2655],[-94.82771,29.26573],[-94.82699,29.26612],[-94.82685,29.2662],[-94.82674,29.26625],[-94.8265,29.26639],[-94.82642,29.26643],[-94.82627,29.26651],[-94.826,29.26668],[-94.82584,29.26677],[-94.82541,29.26704],[-94.82524,29.26714],[-94.82511,29.26722],[-94.82436,29.26768],[-94.82402,29.26789],[-94.82383,29.26801],[-94.82309,29.26846],[-94.82303,29.26849],[-94.82283,29.26862],[-94.8227,29.2687],[-94.82266,29.26872],[-94.82258,29.26877],[-94.82249,29.26882],[-94.82237,29.2689],[-94.82231,29.26894],[-94.82223,29.26898],[-94.82125,29.26959],[-94.82058,29.27],[-94.82024,29.27021],[-94.82022,29.27022],[-94.82,29.27036],[-94.81961,29.2706],[-94.8195,29.27067],[-94.81942,29.27072],[-94.81931,29.27078],[-94.81922,29.27084],[-94.81896,29.271],[-94.81875,29.27112],[-94.81826,29.27134],[-94.81766,29.27162],[-94.81734,29.27176],[-94.81708,29.27188],[-94.81686,29.27198],[-94.81668,29.27206],[-94.81659,29.27211],[-94.81624,29.27227],[-94.81602,29.27237],[-94.81599,29.27238],[-94.81583,29.27246],[-94.81549,29.27268],[-94.81547,29.2727],[-94.81509,29.27296],[-94.81463,29.27329],[-94.8144,29.27345],[-94.81422,29.27356],[-94.81407,29.27365],[-94.81368,29.27387],[-94.81361,29.27391],[-94.81349,29.27398],[-94.81303,29.27425],[-94.81283,29.27436],[-94.8128,29.27438],[-94.81268,29.27445],[-94.81246,29.27458],[-94.81223,29.27471],[-94.81221,29.27472],[-94.81208,29.27481],[-94.81191,29.27492],[-94.81185,29.27495],[-94.81172,29.27504],[-94.81169,29.27506],[-94.81143,29.2752],[-94.81129,29.27528],[-94.81091,29.27549],[-94.81082,29.27555],[-94.8107,29.27561],[-94.81055,29.2757],[-94.81048,29.27574],[-94.81001,29.276],[-94.80982,29.27611],[-94.80887,29.27664],[-94.80856,29.27681],[-94.80844,29.27688],[-94.80839,29.27691],[-94.80761,29.27734],[-94.80669,29.27786],[-94.8061,29.2782],[-94.80549,29.27855],[-94.80532,29.27865],[-94.80498,29.27885],[-94.80487,29.27892],[-94.80474,29.279],[-94.8046,29.27909],[-94.80456,29.27912],[-94.80355,29.27977],[-94.80293,29.28017],[-94.80283,29.28024],[-94.80275,29.28029],[-94.80263,29.28037],[-94.80257,29.28041],[-94.80204,29.28075],[-94.80158,29.28106],[-94.80086,29.28153],[-94.80074,29.2816],[-94.80069,29.28164],[-94.80035,29.28185],[-94.79996,29.28212],[-94.79974,29.28226],[-94.79948,29.28241],[-94.79888,29.28279],[-94.79869,29.28292],[-94.79784,29.28348],[-94.79766,29.28359],[-94.79666,29.28424],[-94.79612,29.2846],[-94.79581,29.2848],[-94.79559,29.28494],[-94.79495,29.28536],[-94.79486,29.28542],[-94.79476,29.28549],[-94.79471,29.28551],[-94.79461,29.28558],[-94.7945,29.28565],[-94.79445,29.28569],[-94.79359,29.28624],[-94.79353,29.28628],[-94.79342,29.28629],[-94.79279,29.2867],[-94.79276,29.28677],[-94.79258,29.28689],[-94.79238,29.28702],[-94.79216,29.28715],[-94.79151,29.28757],[-94.79127,29.28774],[-94.7912,29.28778],[-94.79112,29.28784],[-94.79104,29.28789],[-94.79087,29.288],[-94.79056,29.28821],[-94.79044,29.2883],[-94.79008,29.28857],[-94.78948,29.28904],[-94.78939,29.2891],[-94.78937,29.28912],[-94.78924,29.28922],[-94.78918,29.28927],[-94.78907,29.28935],[-94.78885,29.28952],[-94.78857,29.28974],[-94.78853,29.28978],[-94.78845,29.28983],[-94.78835,29.28992],[-94.7883,29.28996],[-94.78767,29.29046],[-94.78747,29.29062],[-94.7868,29.29114],[-94.78661,29.29128],[-94.78658,29.29131],[-94.78648,29.29139],[-94.78636,29.29148],[-94.7863,29.29152],[-94.78601,29.29175],[-94.78575,29.29195],[-94.78485,29.29265],[-94.78465,29.2928],[-94.78464,29.29281],[-94.78451,29.29291],[-94.78439,29.29301],[-94.7843,29.29308],[-94.78415,29.2932],[-94.78365,29.2936],[-94.78355,29.29367],[-94.78294,29.29414],[-94.78257,29.29442],[-94.78208,29.2948],[-94.78205,29.29483],[-94.7819,29.29494],[-94.78158,29.29518],[-94.78141,29.29532],[-94.78109,29.29557],[-94.78097,29.29567],[-94.7806,29.29596],[-94.78003,29.29641],[-94.7798,29.29659],[-94.77972,29.29665],[-94.77961,29.29674],[-94.77949,29.29684],[-94.77941,29.29689],[-94.77904,29.29718],[-94.77864,29.29749],[-94.77818,29.29785],[-94.77768,29.29844],[-94.77723,29.299],[-94.77681,29.29951],[-94.7763,29.30014],[-94.77625,29.30019],[-94.77604,29.30046],[-94.77594,29.30058],[-94.77581,29.30073],[-94.77575,29.3008],[-94.77549,29.30112],[-94.77518,29.3015],[-94.77507,29.30163],[-94.77419,29.30272],[-94.774,29.30295],[-94.77389,29.30309],[-94.77377,29.30323],[-94.77373,29.30327],[-94.77361,29.30342],[-94.77336,29.30371],[-94.77326,29.30384],[-94.77302,29.30413],[-94.77292,29.30416],[-94.77242,29.30477],[-94.77199,29.30529],[-94.77193,29.30536],[-94.77182,29.30539],[-94.77115,29.30556],[-94.77108,29.30558],[-94.77054,29.30618],[-94.7704,29.30631],[-94.77037,29.30635]]}},{"type":"Feature","properties":{"feed_id":"Texas__Galveston_Island_Transit__mdb_mdb-2861","agency_id":"1","agency_name":"Island Transit","agency_url":"https://www.galvestontx.gov/393/Transportation","route_id":"Seawall","route_short_name":"Seawall","route_long_name":"Trolley","route_desc":"Seawall Service from Stewart Beach to Moody Gardens","route_type":"3","route_type_name":"Bus","route_url":"","route_color":"148A0E","route_text_color":"FFFFFF","route_sort_order":"","continuous_pickup":"1","continuous_drop_off":"1","network_id":"","shape_id":"Seawall-A-OB","trip_count":301,"direction_ids":"0","trip_headsigns":"Moody Gardens","wheelchair_accessible_values":"1","bikes_allowed_values":"1|2"},"geometry":{"type":"LineString","coordinates":[[-94.77054,29.30618],[-94.7704,29.30631],[-94.7701,29.30662],[-94.77056,29.30692],[-94.77061,29.30695],[-94.77071,29.30701],[-94.77077,29.30694],[-94.77087,29.30682],[-94.77158,29.30597],[-94.77195,29.30553],[-94.77197,29.3055],[-94.77206,29.30543],[-94.77219,29.30537],[-94.77253,29.30528],[-94.77266,29.30525],[-94.77263,29.30508],[-94.77264,29.30494],[-94.77267,29.30481],[-94.77276,29.30458],[-94.77281,29.30448],[-94.773,29.30423],[-94.77302,29.30413],[-94.77326,29.30384],[-94.77336,29.30371],[-94.77361,29.30342],[-94.77377,29.30323],[-94.77389,29.30309],[-94.77419,29.30272],[-94.77441,29.30245],[-94.77507,29.30163],[-94.77518,29.3015],[-94.77549,29.30112],[-94.77575,29.3008],[-94.77581,29.30073],[-94.77594,29.30058],[-94.77604,29.30046],[-94.77625,29.30019],[-94.7763,29.30014],[-94.77681,29.29951],[-94.77723,29.299],[-94.77768,29.29844],[-94.77818,29.29785],[-94.77864,29.29749],[-94.77941,29.29689],[-94.77949,29.29684],[-94.77961,29.29674],[-94.77972,29.29665],[-94.7798,29.29659],[-94.78003,29.29641],[-94.7806,29.29596],[-94.78097,29.29567],[-94.78109,29.29557],[-94.78141,29.29532],[-94.78158,29.29518],[-94.78183,29.295],[-94.7819,29.29494],[-94.78205,29.29483],[-94.78208,29.2948],[-94.78257,29.29442],[-94.78294,29.29414],[-94.78355,29.29367],[-94.78365,29.2936],[-94.78415,29.2932],[-94.7843,29.29308],[-94.78439,29.29301],[-94.78451,29.29291],[-94.78464,29.29281],[-94.78465,29.2928],[-94.78485,29.29265],[-94.78575,29.29195],[-94.78601,29.29175],[-94.7863,29.29152],[-94.78636,29.29148],[-94.78648,29.29139],[-94.78658,29.29131],[-94.78661,29.29128],[-94.7868,29.29114],[-94.78747,29.29062],[-94.7883,29.28996],[-94.78835,29.28992],[-94.78845,29.28983],[-94.78853,29.28978],[-94.78857,29.28974],[-94.78885,29.28952],[-94.78907,29.28935],[-94.78918,29.28927],[-94.78924,29.28922],[-94.78937,29.28912],[-94.78939,29.2891],[-94.78948,29.28904],[-94.78967,29.28889],[-94.79008,29.28857],[-94.79044,29.2883],[-94.79056,29.28821],[-94.79087,29.288],[-94.79104,29.28789],[-94.79112,29.28784],[-94.7912,29.28778],[-94.79127,29.28774],[-94.79151,29.28757],[-94.79216,29.28715],[-94.79238,29.28702],[-94.79258,29.28689],[-94.79276,29.28677],[-94.79287,29.28676],[-94.79349,29.28636],[-94.79353,29.28628],[-94.79359,29.28624],[-94.79445,29.28569],[-94.7945,29.28565],[-94.79461,29.28558],[-94.79471,29.28551],[-94.79476,29.28549],[-94.79486,29.28542],[-94.79495,29.28536],[-94.79559,29.28494],[-94.79581,29.2848],[-94.79612,29.2846],[-94.79666,29.28424],[-94.79766,29.28359],[-94.79784,29.28348],[-94.79869,29.28292],[-94.79888,29.28279],[-94.79948,29.28241],[-94.79974,29.28226],[-94.79996,29.28212],[-94.80035,29.28185],[-94.80069,29.28164],[-94.80074,29.2816],[-94.80086,29.28153],[-94.80158,29.28106],[-94.80257,29.28041],[-94.80263,29.28037],[-94.80275,29.28029],[-94.80283,29.28024],[-94.80293,29.28017],[-94.80355,29.27977],[-94.80456,29.27912],[-94.8046,29.27909],[-94.80474,29.279],[-94.80487,29.27892],[-94.80498,29.27885],[-94.80532,29.27865],[-94.80549,29.27855],[-94.80669,29.27786],[-94.80761,29.27734],[-94.80839,29.27691],[-94.80844,29.27688],[-94.80856,29.27681],[-94.80887,29.27664],[-94.80982,29.27611],[-94.81001,29.276],[-94.81016,29.27591],[-94.81048,29.27574],[-94.81055,29.2757],[-94.8107,29.27561],[-94.81082,29.27555],[-94.81091,29.27549],[-94.81129,29.27528],[-94.81143,29.2752],[-94.81169,29.27506],[-94.81172,29.27504],[-94.81185,29.27495],[-94.81191,29.27492],[-94.81208,29.27481],[-94.81221,29.27472],[-94.81223,29.27471],[-94.81246,29.27458],[-94.81268,29.27445],[-94.8128,29.27438],[-94.81283,29.27436],[-94.81303,29.27425],[-94.81349,29.27398],[-94.81361,29.27391],[-94.81368,29.27387],[-94.81407,29.27365],[-94.8144,29.27345],[-94.81463,29.27329],[-94.81509,29.27296],[-94.81547,29.2727],[-94.81549,29.27268],[-94.81583,29.27246],[-94.81599,29.27238],[-94.81602,29.27237],[-94.81624,29.27227],[-94.81659,29.27211],[-94.81668,29.27206],[-94.81686,29.27198],[-94.81708,29.27188],[-94.81766,29.27162],[-94.81826,29.27134],[-94.81875,29.27112],[-94.81896,29.271],[-94.81922,29.27084],[-94.81931,29.27078],[-94.81942,29.27072],[-94.8195,29.27067],[-94.81961,29.2706],[-94.82,29.27036],[-94.82022,29.27022],[-94.82024,29.27021],[-94.82058,29.27],[-94.82107,29.2697],[-94.82125,29.26959],[-94.82223,29.26898],[-94.82231,29.26894],[-94.82237,29.2689],[-94.82249,29.26882],[-94.82258,29.26877],[-94.82266,29.26872],[-94.82283,29.26862],[-94.82303,29.26849],[-94.82309,29.26846],[-94.82383,29.26801],[-94.82402,29.26789],[-94.82436,29.26768],[-94.82511,29.26722],[-94.82524,29.26714],[-94.82541,29.26704],[-94.82584,29.26677],[-94.826,29.26668],[-94.82627,29.26651],[-94.82642,29.26643],[-94.8265,29.26639],[-94.82674,29.26625],[-94.82685,29.2662],[-94.82699,29.26612],[-94.82771,29.26573],[-94.82812,29.2655],[-94.82832,29.2654],[-94.82858,29.26526],[-94.8291,29.26498],[-94.82961,29.26471],[-94.8298,29.2646],[-94.83002,29.26448],[-94.83018,29.26439],[-94.83019,29.26439],[-94.83027,29.26434],[-94.83039,29.26428],[-94.83047,29.26423],[-94.83056,29.26419],[-94.83062,29.26415],[-94.83113,29.26388],[-94.83119,29.26385],[-94.83141,29.26373],[-94.8315,29.26368],[-94.83226,29.26327],[-94.83283,29.26297],[-94.83302,29.26286],[-94.83327,29.26273],[-94.83352,29.2626],[-94.83372,29.26249],[-94.83384,29.26243],[-94.83394,29.26237],[-94.834,29.26234],[-94.83404,29.26232],[-94.83423,29.26222],[-94.83439,29.26212],[-94.83473,29.26193],[-94.83643,29.26102],[-94.83662,29.26091],[-94.83732,29.26053],[-94.83809,29.26012],[-94.83821,29.26005],[-94.83837,29.25997],[-94.83852,29.25989],[-94.83888,29.25969],[-94.83925,29.25949],[-94.83958,29.2593],[-94.83974,29.2592],[-94.84,29.25905],[-94.84062,29.25868],[-94.84086,29.25853],[-94.84145,29.25819],[-94.84212,29.25779],[-94.84291,29.25732],[-94.84329,29.25709],[-94.84388,29.25675],[-94.84476,29.25622],[-94.84483,29.25618],[-94.845,29.25608],[-94.84507,29.25604],[-94.84515,29.25599],[-94.84524,29.25609],[-94.84524,29.2561],[-94.84526,29.25613],[-94.84537,29.25631],[-94.84546,29.25648],[-94.84553,29.25663],[-94.84562,29.25679],[-94.84567,29.25687],[-94.84579,29.2571],[-94.84601,29.2575],[-94.84605,29.25758],[-94.84611,29.25768],[-94.84636,29.25812],[-94.84646,29.25831],[-94.84658,29.25852],[-94.84663,29.25861],[-94.84684,29.25898],[-94.84693,29.25914],[-94.84703,29.25932],[-94.84719,29.25959],[-94.84723,29.25965],[-94.84741,29.26],[-94.84742,29.26001],[-94.84774,29.26062],[-94.84777,29.26067],[-94.84805,29.26119],[-94.8481,29.26127],[-94.84821,29.26149],[-94.84831,29.26168],[-94.84834,29.26174],[-94.84853,29.26208],[-94.84859,29.2622],[-94.84863,29.26226],[-94.84891,29.26281],[-94.84895,29.26289],[-94.84927,29.26346],[-94.84951,29.2639],[-94.84963,29.26416],[-94.8497,29.26443],[-94.84973,29.26459],[-94.84973,29.26472],[-94.84972,29.26494],[-94.8499,29.26498],[-94.84997,29.26502],[-94.85005,29.26508],[-94.85013,29.2652],[-94.85014,29.26521],[-94.85037,29.26564],[-94.8508,29.26647],[-94.8512,29.26726],[-94.85179,29.26838],[-94.85192,29.26862],[-94.85208,29.26892],[-94.85213,29.26901],[-94.85225,29.26925],[-94.85259,29.2699],[-94.85268,29.27009],[-94.85271,29.27016],[-94.85272,29.27019],[-94.85292,29.27076],[-94.85301,29.27108],[-94.85312,29.27146],[-94.853,29.27173],[-94.85277,29.27221],[-94.85251,29.27278],[-94.85163,29.27246]]}}]}