{"type":"FeatureCollection","features":[{"type":"Feature","properties":{"stop_id":"TL-1","stop_code":"1001","stop_name":"Vienna Metro North Bay C","stop_desc":"","stop_url":"","location_type":"0","parent_station":"","feed_id":"Virginia__Fairfax_CUE_Bus_(CUE)__mdb_mdb-2885","agency_name":"CUE Bus - City of Fairfax","route_count":1,"route_ids":"TL-1","route_short_names":"","route_types":"3","route_type_names":"Bus","routes_json":"[{\"route_id\":\"TL-1\",\"route_short_name\":\"\",\"route_long_name\":\"Green 1\",\"route_type\":\"3\",\"route_type_name\":\"Bus\",\"route_color\":\"2BA117\",\"route_text_color\":\"FFFFFF\"}]"},"geometry":{"type":"Point","coordinates":[-77.271848,38.878403]}},{"type":"Feature","properties":{"stop_id":"TL-2","stop_code":"183","stop_name":"Nutley St at Hermosa Dr","stop_desc":"","stop_url":"","location_type":"0","parent_station":"","feed_id":"Virginia__Fairfax_CUE_Bus_(CUE)__mdb_mdb-2885","agency_name":"CUE Bus - City of Fairfax","route_count":2,"route_ids":"TL-1|TL-2","route_short_names":"","route_types":"3","route_type_names":"Bus","routes_json":"[{\"route_id\":\"TL-1\",\"route_short_name\":\"\",\"route_long_name\":\"Green 1\",\"route_type\":\"3\",\"route_type_name\":\"Bus\",\"route_color\":\"2BA117\",\"route_text_color\":\"FFFFFF\"},{\"route_id\":\"TL-2\",\"route_short_name\":\"\",\"route_long_name\":\"Green 2\",\"route_type\":\"3\",\"route_type_name\":\"Bus\",\"route_color\":\"2BA117\",\"route_text_color\":\"FFFFFF\"}]"},"geometry":{"type":"Point","coordinates":[-77.2640596442,38.8740327355]}},{"type":"Feature","properties":{"stop_id":"TL-3","stop_code":"198","stop_name":"Nutley Street at Pan Am Shopping (SB)","stop_desc":"","stop_url":"","location_type":"0","parent_station":"","feed_id":"Virginia__Fairfax_CUE_Bus_(CUE)__mdb_mdb-2885","agency_name":"CUE Bus - City of Fairfax","route_count":2,"route_ids":"TL-1|TL-2","route_short_names":"","route_types":"3","route_type_names":"Bus","routes_json":"[{\"route_id\":\"TL-1\",\"route_short_name\":\"\",\"route_long_name\":\"Green 1\",\"route_type\":\"3\",\"route_type_name\":\"Bus\",\"route_color\":\"2BA117\",\"route_text_color\":\"FFFFFF\"},{\"route_id\":\"TL-2\",\"route_short_name\":\"\",\"route_long_name\":\"Green 2\",\"route_type\":\"3\",\"route_type_name\":\"Bus\",\"route_color\":\"2BA117\",\"route_text_color\":\"FFFFFF\"}]"},"geometry":{"type":"Point","coordinates":[-77.2632241399,38.8708083531]}},{"type":"Feature","properties":{"stop_id":"TL-4","stop_code":"184","stop_name":"Nutley St at Barrick St","stop_desc":"","stop_url":"","location_type":"0","parent_station":"","feed_id":"Virginia__Fairfax_CUE_Bus_(CUE)__mdb_mdb-2885","agency_name":"CUE Bus - City of Fairfax","route_count":2,"route_ids":"TL-1|TL-2","route_short_names":"","route_types":"3","route_type_names":"Bus","routes_json":"[{\"route_id\":\"TL-1\",\"route_short_name\":\"\",\"route_long_name\":\"Green 1\",\"route_type\":\"3\",\"route_type_name\":\"Bus\",\"route_color\":\"2BA117\",\"route_text_color\":\"FFFFFF\"},{\"route_id\":\"TL-2\",\"route_short_name\":\"\",\"route_long_name\":\"Green 2\",\"route_type\":\"3\",\"route_type_name\":\"Bus\",\"route_color\":\"2BA117\",\"route_text_color\":\"FFFFFF\"}]"},"geometry":{"type":"Point","coordinates":[-77.2624,38.867]}},{"type":"Feature","properties":{"stop_id":"TL-5","stop_code":"185","stop_name":"Arlington Blvd at Stonehurst Dr (WB)","stop_desc":"","stop_url":"","location_type":"0","parent_station":"","feed_id":"Virginia__Fairfax_CUE_Bus_(CUE)__mdb_mdb-2885","agency_name":"CUE Bus - City of Fairfax","route_count":2,"route_ids":"TL-1|TL-2","route_short_names":"","route_types":"3","route_type_names":"Bus","routes_json":"[{\"route_id\":\"TL-1\",\"route_short_name\":\"\",\"route_long_name\":\"Green 1\",\"route_type\":\"3\",\"route_type_name\":\"Bus\",\"route_color\":\"2BA117\",\"route_text_color\":\"FFFFFF\"},{\"route_id\":\"TL-2\",\"route_short_name\":\"\",\"route_long_name\":\"Green 2\",\"route_type\":\"3\",\"route_type_name\":\"Bus\",\"route_color\":\"2BA117\",\"route_text_color\":\"FFFFFF\"}]"},"geometry":{"type":"Point","coordinates":[-77.264986589,38.865148034]}},{"type":"Feature","properties":{"stop_id":"TL-6","stop_code":"186","stop_name":"Fairfax Blvd and Pickett Road","stop_desc":"","stop_url":"","location_type":"0","parent_station":"","feed_id":"Virginia__Fairfax_CUE_Bus_(CUE)__mdb_mdb-2885","agency_name":"CUE Bus - City of Fairfax","route_count":3,"route_ids":"TL-6|TL-1|TL-2","route_short_names":"","route_types":"3","route_type_names":"Bus","routes_json":"[{\"route_id\":\"TL-6\",\"route_short_name\":\"\",\"route_long_name\":\"Gold 1\",\"route_type\":\"3\",\"route_type_name\":\"Bus\",\"route_color\":\"F0DA1D\",\"route_text_color\":\"FFFFFF\"},{\"route_id\":\"TL-1\",\"route_short_name\":\"\",\"route_long_name\":\"Green 1\",\"route_type\":\"3\",\"route_type_name\":\"Bus\",\"route_color\":\"2BA117\",\"route_text_color\":\"FFFFFF\"},{\"route_id\":\"TL-2\",\"route_short_name\":\"\",\"route_long_name\":\"Green 2\",\"route_type\":\"3\",\"route_type_name\":\"Bus\",\"route_color\":\"2BA117\",\"route_text_color\":\"FFFFFF\"}]"},"geometry":{"type":"Point","coordinates":[-77.2709919534,38.8650355035]}},{"type":"Feature","properties":{"stop_id":"TL-7","stop_code":"98","stop_name":"Old Pickett Road at Home Depot","stop_desc":"","stop_url":"","location_type":"0","parent_station":"","feed_id":"Virginia__Fairfax_CUE_Bus_(CUE)__mdb_mdb-2885","agency_name":"CUE Bus - City of Fairfax","route_count":1,"route_ids":"TL-1","route_short_names":"","route_types":"3","route_type_names":"Bus","routes_json":"[{\"route_id\":\"TL-1\",\"route_short_name\":\"\",\"route_long_name\":\"Green 1\",\"route_type\":\"3\",\"route_type_name\":\"Bus\",\"route_color\":\"2BA117\",\"route_text_color\":\"FFFFFF\"}]"},"geometry":{"type":"Point","coordinates":[-77.274742,38.863079115]}},{"type":"Feature","properties":{"stop_id":"TL-8","stop_code":"99","stop_name":"Old Pickett Road at J.L. Tree Service","stop_desc":"","stop_url":"","location_type":"0","parent_station":"","feed_id":"Virginia__Fairfax_CUE_Bus_(CUE)__mdb_mdb-2885","agency_name":"CUE Bus - City of Fairfax","route_count":1,"route_ids":"TL-1","route_short_names":"","route_types":"3","route_type_names":"Bus","routes_json":"[{\"route_id\":\"TL-1\",\"route_short_name\":\"\",\"route_long_name\":\"Green 1\",\"route_type\":\"3\",\"route_type_name\":\"Bus\",\"route_color\":\"2BA117\",\"route_text_color\":\"FFFFFF\"}]"},"geometry":{"type":"Point","coordinates":[-77.272927,38.862757]}},{"type":"Feature","properties":{"stop_id":"TL-9","stop_code":"100","stop_name":"Pickett Rd at Thaiss Park","stop_desc":"","stop_url":"","location_type":"0","parent_station":"","feed_id":"Virginia__Fairfax_CUE_Bus_(CUE)__mdb_mdb-2885","agency_name":"CUE Bus - City of Fairfax","route_count":1,"route_ids":"TL-1","route_short_names":"","route_types":"3","route_type_names":"Bus","routes_json":"[{\"route_id\":\"TL-1\",\"route_short_name\":\"\",\"route_long_name\":\"Green 1\",\"route_type\":\"3\",\"route_type_name\":\"Bus\",\"route_color\":\"2BA117\",\"route_text_color\":\"FFFFFF\"}]"},"geometry":{"type":"Point","coordinates":[-77.270675,38.860499]}},{"type":"Feature","properties":{"stop_id":"TL-10","stop_code":"101","stop_name":"Pickett Rd at Silver King Ct","stop_desc":"","stop_url":"","location_type":"0","parent_station":"","feed_id":"Virginia__Fairfax_CUE_Bus_(CUE)__mdb_mdb-2885","agency_name":"CUE Bus - City of Fairfax","route_count":1,"route_ids":"TL-1","route_short_names":"","route_types":"3","route_type_names":"Bus","routes_json":"[{\"route_id\":\"TL-1\",\"route_short_name\":\"\",\"route_long_name\":\"Green 1\",\"route_type\":\"3\",\"route_type_name\":\"Bus\",\"route_color\":\"2BA117\",\"route_text_color\":\"FFFFFF\"}]"},"geometry":{"type":"Point","coordinates":[-77.271,38.8568]}},{"type":"Feature","properties":{"stop_id":"TL-11","stop_code":"102","stop_name":"Pickett Rd at Barrister's Keep","stop_desc":"","stop_url":"","location_type":"0","parent_station":"","feed_id":"Virginia__Fairfax_CUE_Bus_(CUE)__mdb_mdb-2885","agency_name":"CUE Bus - City of Fairfax","route_count":1,"route_ids":"TL-1","route_short_names":"","route_types":"3","route_type_names":"Bus","routes_json":"[{\"route_id\":\"TL-1\",\"route_short_name\":\"\",\"route_long_name\":\"Green 1\",\"route_type\":\"3\",\"route_type_name\":\"Bus\",\"route_color\":\"2BA117\",\"route_text_color\":\"FFFFFF\"}]"},"geometry":{"type":"Point","coordinates":[-77.2721755595,38.8521877105]}},{"type":"Feature","properties":{"stop_id":"TL-12","stop_code":"103","stop_name":"Pickett Rd at Post Office","stop_desc":"","stop_url":"","location_type":"0","parent_station":"","feed_id":"Virginia__Fairfax_CUE_Bus_(CUE)__mdb_mdb-2885","agency_name":"CUE Bus - City of Fairfax","route_count":1,"route_ids":"TL-1","route_short_names":"","route_types":"3","route_type_names":"Bus","routes_json":"[{\"route_id\":\"TL-1\",\"route_short_name\":\"\",\"route_long_name\":\"Green 1\",\"route_type\":\"3\",\"route_type_name\":\"Bus\",\"route_color\":\"2BA117\",\"route_text_color\":\"FFFFFF\"}]"},"geometry":{"type":"Point","coordinates":[-77.2725760258,38.8509690662]}},{"type":"Feature","properties":{"stop_id":"TL-13","stop_code":"104","stop_name":"Pickett Rd at Colonial Ave","stop_desc":"","stop_url":"","location_type":"0","parent_station":"","feed_id":"Virginia__Fairfax_CUE_Bus_(CUE)__mdb_mdb-2885","agency_name":"CUE Bus - City of Fairfax","route_count":1,"route_ids":"TL-1","route_short_names":"","route_types":"3","route_type_names":"Bus","routes_json":"[{\"route_id\":\"TL-1\",\"route_short_name\":\"\",\"route_long_name\":\"Green 1\",\"route_type\":\"3\",\"route_type_name\":\"Bus\",\"route_color\":\"2BA117\",\"route_text_color\":\"FFFFFF\"}]"},"geometry":{"type":"Point","coordinates":[-77.2732514921,38.8484297114]}},{"type":"Feature","properties":{"stop_id":"TL-14","stop_code":"105","stop_name":"Pickett Rd at Mathy Dr","stop_desc":"","stop_url":"","location_type":"0","parent_station":"","feed_id":"Virginia__Fairfax_CUE_Bus_(CUE)__mdb_mdb-2885","agency_name":"CUE Bus - City of Fairfax","route_count":1,"route_ids":"TL-1","route_short_names":"","route_types":"3","route_type_names":"Bus","routes_json":"[{\"route_id\":\"TL-1\",\"route_short_name\":\"\",\"route_long_name\":\"Green 1\",\"route_type\":\"3\",\"route_type_name\":\"Bus\",\"route_color\":\"2BA117\",\"route_text_color\":\"FFFFFF\"}]"},"geometry":{"type":"Point","coordinates":[-77.27195,38.844674]}},{"type":"Feature","properties":{"stop_id":"TL-15","stop_code":"106","stop_name":"Pickett Rd at Turnpike Shopping Center","stop_desc":"","stop_url":"","location_type":"0","parent_station":"","feed_id":"Virginia__Fairfax_CUE_Bus_(CUE)__mdb_mdb-2885","agency_name":"CUE Bus - City of Fairfax","route_count":1,"route_ids":"TL-1","route_short_names":"","route_types":"3","route_type_names":"Bus","routes_json":"[{\"route_id\":\"TL-1\",\"route_short_name\":\"\",\"route_long_name\":\"Green 1\",\"route_type\":\"3\",\"route_type_name\":\"Bus\",\"route_color\":\"2BA117\",\"route_text_color\":\"FFFFFF\"}]"},"geometry":{"type":"Point","coordinates":[-77.271801,38.842828]}},{"type":"Feature","properties":{"stop_id":"TL-16","stop_code":"107","stop_name":"Main St at Pickett Rd","stop_desc":"","stop_url":"","location_type":"0","parent_station":"","feed_id":"Virginia__Fairfax_CUE_Bus_(CUE)__mdb_mdb-2885","agency_name":"CUE Bus - City of Fairfax","route_count":1,"route_ids":"TL-1","route_short_names":"","route_types":"3","route_type_names":"Bus","routes_json":"[{\"route_id\":\"TL-1\",\"route_short_name\":\"\",\"route_long_name\":\"Green 1\",\"route_type\":\"3\",\"route_type_name\":\"Bus\",\"route_color\":\"2BA117\",\"route_text_color\":\"FFFFFF\"}]"},"geometry":{"type":"Point","coordinates":[-77.2728,38.8414]}},{"type":"Feature","properties":{"stop_id":"TL-17","stop_code":"108","stop_name":"Main St at Whitacre Rd","stop_desc":"","stop_url":"","location_type":"0","parent_station":"","feed_id":"Virginia__Fairfax_CUE_Bus_(CUE)__mdb_mdb-2885","agency_name":"CUE Bus - City of Fairfax","route_count":1,"route_ids":"TL-1","route_short_names":"","route_types":"3","route_type_names":"Bus","routes_json":"[{\"route_id\":\"TL-1\",\"route_short_name\":\"\",\"route_long_name\":\"Green 1\",\"route_type\":\"3\",\"route_type_name\":\"Bus\",\"route_color\":\"2BA117\",\"route_text_color\":\"FFFFFF\"}]"},"geometry":{"type":"Point","coordinates":[-77.2782668981,38.8421194162]}},{"type":"Feature","properties":{"stop_id":"TL-18","stop_code":"109","stop_name":"Main St at Lyndhurst","stop_desc":"","stop_url":"","location_type":"0","parent_station":"","feed_id":"Virginia__Fairfax_CUE_Bus_(CUE)__mdb_mdb-2885","agency_name":"CUE Bus - City of Fairfax","route_count":1,"route_ids":"TL-1","route_short_names":"","route_types":"3","route_type_names":"Bus","routes_json":"[{\"route_id\":\"TL-1\",\"route_short_name\":\"\",\"route_long_name\":\"Green 1\",\"route_type\":\"3\",\"route_type_name\":\"Bus\",\"route_color\":\"2BA117\",\"route_text_color\":\"FFFFFF\"}]"},"geometry":{"type":"Point","coordinates":[-77.2814614491,38.8425299897]}},{"type":"Feature","properties":{"stop_id":"TL-19","stop_code":"110","stop_name":"Main Street and Maple Ave","stop_desc":"","stop_url":"","location_type":"0","parent_station":"","feed_id":"Virginia__Fairfax_CUE_Bus_(CUE)__mdb_mdb-2885","agency_name":"CUE Bus - City of Fairfax","route_count":1,"route_ids":"TL-1","route_short_names":"","route_types":"3","route_type_names":"Bus","routes_json":"[{\"route_id\":\"TL-1\",\"route_short_name\":\"\",\"route_long_name\":\"Green 1\",\"route_type\":\"3\",\"route_type_name\":\"Bus\",\"route_color\":\"2BA117\",\"route_text_color\":\"FFFFFF\"}]"},"geometry":{"type":"Point","coordinates":[-77.2847,38.842974931]}},{"type":"Feature","properties":{"stop_id":"TL-20","stop_code":"111","stop_name":"Main Street and Stone Wall Ave","stop_desc":"","stop_url":"","location_type":"0","parent_station":"","feed_id":"Virginia__Fairfax_CUE_Bus_(CUE)__mdb_mdb-2885","agency_name":"CUE Bus - City of Fairfax","route_count":1,"route_ids":"TL-1","route_short_names":"","route_types":"3","route_type_names":"Bus","routes_json":"[{\"route_id\":\"TL-1\",\"route_short_name\":\"\",\"route_long_name\":\"Green 1\",\"route_type\":\"3\",\"route_type_name\":\"Bus\",\"route_color\":\"2BA117\",\"route_text_color\":\"FFFFFF\"}]"},"geometry":{"type":"Point","coordinates":[-77.2893077202,38.843541235]}},{"type":"Feature","properties":{"stop_id":"TL-21","stop_code":"112","stop_name":"Main St at Tedrich Blvd","stop_desc":"","stop_url":"","location_type":"0","parent_station":"","feed_id":"Virginia__Fairfax_CUE_Bus_(CUE)__mdb_mdb-2885","agency_name":"CUE Bus - City of Fairfax","route_count":1,"route_ids":"TL-1","route_short_names":"","route_types":"3","route_type_names":"Bus","routes_json":"[{\"route_id\":\"TL-1\",\"route_short_name\":\"\",\"route_long_name\":\"Green 1\",\"route_type\":\"3\",\"route_type_name\":\"Bus\",\"route_color\":\"2BA117\",\"route_text_color\":\"FFFFFF\"}]"},"geometry":{"type":"Point","coordinates":[-77.2924975423,38.8438886031]}},{"type":"Feature","properties":{"stop_id":"TL-22","stop_code":"113","stop_name":"Main St at Virginia St","stop_desc":"","stop_url":"","location_type":"0","parent_station":"","feed_id":"Virginia__Fairfax_CUE_Bus_(CUE)__mdb_mdb-2885","agency_name":"CUE Bus - City of Fairfax","route_count":1,"route_ids":"TL-1","route_short_names":"","route_types":"3","route_type_names":"Bus","routes_json":"[{\"route_id\":\"TL-1\",\"route_short_name\":\"\",\"route_long_name\":\"Green 1\",\"route_type\":\"3\",\"route_type_name\":\"Bus\",\"route_color\":\"2BA117\",\"route_text_color\":\"FFFFFF\"}]"},"geometry":{"type":"Point","coordinates":[-77.294911,38.844255]}},{"type":"Feature","properties":{"stop_id":"TL-23","stop_code":"114","stop_name":"Main St at Roberts Rd","stop_desc":"","stop_url":"","location_type":"0","parent_station":"","feed_id":"Virginia__Fairfax_CUE_Bus_(CUE)__mdb_mdb-2885","agency_name":"CUE Bus - City of Fairfax","route_count":1,"route_ids":"TL-1","route_short_names":"","route_types":"3","route_type_names":"Bus","routes_json":"[{\"route_id\":\"TL-1\",\"route_short_name\":\"\",\"route_long_name\":\"Green 1\",\"route_type\":\"3\",\"route_type_name\":\"Bus\",\"route_color\":\"2BA117\",\"route_text_color\":\"FFFFFF\"}]"},"geometry":{"type":"Point","coordinates":[-77.2971731779,38.8445417808]}},{"type":"Feature","properties":{"stop_id":"TL-24","stop_code":"115","stop_name":"Main St at Locust St","stop_desc":"","stop_url":"","location_type":"0","parent_station":"","feed_id":"Virginia__Fairfax_CUE_Bus_(CUE)__mdb_mdb-2885","agency_name":"CUE Bus - City of Fairfax","route_count":1,"route_ids":"TL-1","route_short_names":"","route_types":"3","route_type_names":"Bus","routes_json":"[{\"route_id\":\"TL-1\",\"route_short_name\":\"\",\"route_long_name\":\"Green 1\",\"route_type\":\"3\",\"route_type_name\":\"Bus\",\"route_color\":\"2BA117\",\"route_text_color\":\"FFFFFF\"}]"},"geometry":{"type":"Point","coordinates":[-77.2997108221,38.8448698219]}},{"type":"Feature","properties":{"stop_id":"TL-25","stop_code":"116","stop_name":"Main Street Market Place","stop_desc":"","stop_url":"","location_type":"0","parent_station":"","feed_id":"Virginia__Fairfax_CUE_Bus_(CUE)__mdb_mdb-2885","agency_name":"CUE Bus - City of Fairfax","route_count":1,"route_ids":"TL-1","route_short_names":"","route_types":"3","route_type_names":"Bus","routes_json":"[{\"route_id\":\"TL-1\",\"route_short_name\":\"\",\"route_long_name\":\"Green 1\",\"route_type\":\"3\",\"route_type_name\":\"Bus\",\"route_color\":\"2BA117\",\"route_text_color\":\"FFFFFF\"}]"},"geometry":{"type":"Point","coordinates":[-77.3026,38.8454791099]}},{"type":"Feature","properties":{"stop_id":"TL-26","stop_code":"117","stop_name":"University Dr at Main St","stop_desc":"","stop_url":"","location_type":"0","parent_station":"","feed_id":"Virginia__Fairfax_CUE_Bus_(CUE)__mdb_mdb-2885","agency_name":"CUE Bus - City of Fairfax","route_count":2,"route_ids":"TL-6|TL-1","route_short_names":"","route_types":"3","route_type_names":"Bus","routes_json":"[{\"route_id\":\"TL-6\",\"route_short_name\":\"\",\"route_long_name\":\"Gold 1\",\"route_type\":\"3\",\"route_type_name\":\"Bus\",\"route_color\":\"F0DA1D\",\"route_text_color\":\"FFFFFF\"},{\"route_id\":\"TL-1\",\"route_short_name\":\"\",\"route_long_name\":\"Green 1\",\"route_type\":\"3\",\"route_type_name\":\"Bus\",\"route_color\":\"2BA117\",\"route_text_color\":\"FFFFFF\"}]"},"geometry":{"type":"Point","coordinates":[-77.305322,38.846065]}},{"type":"Feature","properties":{"stop_id":"TL-27","stop_code":"118","stop_name":"University Dr at Sager Ave","stop_desc":"","stop_url":"","location_type":"0","parent_station":"","feed_id":"Virginia__Fairfax_CUE_Bus_(CUE)__mdb_mdb-2885","agency_name":"CUE Bus - City of Fairfax","route_count":2,"route_ids":"TL-6|TL-1","route_short_names":"","route_types":"3","route_type_names":"Bus","routes_json":"[{\"route_id\":\"TL-6\",\"route_short_name\":\"\",\"route_long_name\":\"Gold 1\",\"route_type\":\"3\",\"route_type_name\":\"Bus\",\"route_color\":\"F0DA1D\",\"route_text_color\":\"FFFFFF\"},{\"route_id\":\"TL-1\",\"route_short_name\":\"\",\"route_long_name\":\"Green 1\",\"route_type\":\"3\",\"route_type_name\":\"Bus\",\"route_color\":\"2BA117\",\"route_text_color\":\"FFFFFF\"}]"},"geometry":{"type":"Point","coordinates":[-77.3057592626,38.8448960414]}},{"type":"Feature","properties":{"stop_id":"TL-28","stop_code":"119","stop_name":"University Dr at Fire Station No.3","stop_desc":"","stop_url":"","location_type":"0","parent_station":"","feed_id":"Virginia__Fairfax_CUE_Bus_(CUE)__mdb_mdb-2885","agency_name":"CUE Bus - City of Fairfax","route_count":2,"route_ids":"TL-6|TL-1","route_short_names":"","route_types":"3","route_type_names":"Bus","routes_json":"[{\"route_id\":\"TL-6\",\"route_short_name\":\"\",\"route_long_name\":\"Gold 1\",\"route_type\":\"3\",\"route_type_name\":\"Bus\",\"route_color\":\"F0DA1D\",\"route_text_color\":\"FFFFFF\"},{\"route_id\":\"TL-1\",\"route_short_name\":\"\",\"route_long_name\":\"Green 1\",\"route_type\":\"3\",\"route_type_name\":\"Bus\",\"route_color\":\"2BA117\",\"route_text_color\":\"FFFFFF\"}]"},"geometry":{"type":"Point","coordinates":[-77.3062914491,38.8434972874]}},{"type":"Feature","properties":{"stop_id":"TL-29","stop_code":"120","stop_name":"George Mason Blvd at Armstrong St","stop_desc":"","stop_url":"","location_type":"0","parent_station":"","feed_id":"Virginia__Fairfax_CUE_Bus_(CUE)__mdb_mdb-2885","agency_name":"CUE Bus - City of Fairfax","route_count":2,"route_ids":"TL-6|TL-1","route_short_names":"","route_types":"3","route_type_names":"Bus","routes_json":"[{\"route_id\":\"TL-6\",\"route_short_name\":\"\",\"route_long_name\":\"Gold 1\",\"route_type\":\"3\",\"route_type_name\":\"Bus\",\"route_color\":\"F0DA1D\",\"route_text_color\":\"FFFFFF\"},{\"route_id\":\"TL-1\",\"route_short_name\":\"\",\"route_long_name\":\"Green 1\",\"route_type\":\"3\",\"route_type_name\":\"Bus\",\"route_color\":\"2BA117\",\"route_text_color\":\"FFFFFF\"}]"},"geometry":{"type":"Point","coordinates":[-77.3072,38.841]}},{"type":"Feature","properties":{"stop_id":"TL-30","stop_code":"121","stop_name":"George Mason Blvd at School St","stop_desc":"","stop_url":"","location_type":"0","parent_station":"","feed_id":"Virginia__Fairfax_CUE_Bus_(CUE)__mdb_mdb-2885","agency_name":"CUE Bus - City of Fairfax","route_count":2,"route_ids":"TL-6|TL-1","route_short_names":"","route_types":"3","route_type_names":"Bus","routes_json":"[{\"route_id\":\"TL-6\",\"route_short_name\":\"\",\"route_long_name\":\"Gold 1\",\"route_type\":\"3\",\"route_type_name\":\"Bus\",\"route_color\":\"F0DA1D\",\"route_text_color\":\"FFFFFF\"},{\"route_id\":\"TL-1\",\"route_short_name\":\"\",\"route_long_name\":\"Green 1\",\"route_type\":\"3\",\"route_type_name\":\"Bus\",\"route_color\":\"2BA117\",\"route_text_color\":\"FFFFFF\"}]"},"geometry":{"type":"Point","coordinates":[-77.3091,38.8375]}},{"type":"Feature","properties":{"stop_id":"TL-31","stop_code":"30","stop_name":"Rappahannock Ln at Patriot Circle","stop_desc":"","stop_url":"","location_type":"0","parent_station":"","feed_id":"Virginia__Fairfax_CUE_Bus_(CUE)__mdb_mdb-2885","agency_name":"CUE Bus - City of Fairfax","route_count":4,"route_ids":"TL-6|TL-7|TL-1|TL-2","route_short_names":"","route_types":"3","route_type_names":"Bus","routes_json":"[{\"route_id\":\"TL-6\",\"route_short_name\":\"\",\"route_long_name\":\"Gold 1\",\"route_type\":\"3\",\"route_type_name\":\"Bus\",\"route_color\":\"F0DA1D\",\"route_text_color\":\"FFFFFF\"},{\"route_id\":\"TL-7\",\"route_short_name\":\"\",\"route_long_name\":\"Gold 2\",\"route_type\":\"3\",\"route_type_name\":\"Bus\",\"route_color\":\"F0DA1D\",\"route_text_color\":\"FFFFFF\"},{\"route_id\":\"TL-1\",\"route_short_name\":\"\",\"route_long_name\":\"Green 1\",\"route_type\":\"3\",\"route_type_name\":\"Bus\",\"route_color\":\"2BA117\",\"route_text_color\":\"FFFFFF\"},{\"route_id\":\"TL-2\",\"route_short_name\":\"\",\"route_long_name\":\"Green 2\",\"route_type\":\"3\",\"route_type_name\":\"Bus\",\"route_color\":\"2BA117\",\"route_text_color\":\"FFFFFF\"}]"},"geometry":{"type":"Point","coordinates":[-77.30696,38.834623]}},{"type":"Feature","properties":{"stop_id":"TL-32","stop_code":"123","stop_name":"University Drive and Chain Bridge Road","stop_desc":"","stop_url":"","location_type":"0","parent_station":"","feed_id":"Virginia__Fairfax_CUE_Bus_(CUE)__mdb_mdb-2885","agency_name":"CUE Bus - City of Fairfax","route_count":2,"route_ids":"TL-6|TL-1","route_short_names":"","route_types":"3","route_type_names":"Bus","routes_json":"[{\"route_id\":\"TL-6\",\"route_short_name\":\"\",\"route_long_name\":\"Gold 1\",\"route_type\":\"3\",\"route_type_name\":\"Bus\",\"route_color\":\"F0DA1D\",\"route_text_color\":\"FFFFFF\"},{\"route_id\":\"TL-1\",\"route_short_name\":\"\",\"route_long_name\":\"Green 1\",\"route_type\":\"3\",\"route_type_name\":\"Bus\",\"route_color\":\"2BA117\",\"route_text_color\":\"FFFFFF\"}]"},"geometry":{"type":"Point","coordinates":[-77.3115,38.8351]}},{"type":"Feature","properties":{"stop_id":"TL-33","stop_code":"124","stop_name":"Chain Bridge Rd at School St","stop_desc":"","stop_url":"","location_type":"0","parent_station":"","feed_id":"Virginia__Fairfax_CUE_Bus_(CUE)__mdb_mdb-2885","agency_name":"CUE Bus - City of Fairfax","route_count":2,"route_ids":"TL-6|TL-1","route_short_names":"","route_types":"3","route_type_names":"Bus","routes_json":"[{\"route_id\":\"TL-6\",\"route_short_name\":\"\",\"route_long_name\":\"Gold 1\",\"route_type\":\"3\",\"route_type_name\":\"Bus\",\"route_color\":\"F0DA1D\",\"route_text_color\":\"FFFFFF\"},{\"route_id\":\"TL-1\",\"route_short_name\":\"\",\"route_long_name\":\"Green 1\",\"route_type\":\"3\",\"route_type_name\":\"Bus\",\"route_color\":\"2BA117\",\"route_text_color\":\"FFFFFF\"}]"},"geometry":{"type":"Point","coordinates":[-77.312049,38.837344]}},{"type":"Feature","properties":{"stop_id":"TL-34","stop_code":"125","stop_name":"Chain Bridge Rd at INOVA","stop_desc":"","stop_url":"","location_type":"0","parent_station":"","feed_id":"Virginia__Fairfax_CUE_Bus_(CUE)__mdb_mdb-2885","agency_name":"CUE Bus - City of Fairfax","route_count":2,"route_ids":"TL-6|TL-1","route_short_names":"","route_types":"3","route_type_names":"Bus","routes_json":"[{\"route_id\":\"TL-6\",\"route_short_name\":\"\",\"route_long_name\":\"Gold 1\",\"route_type\":\"3\",\"route_type_name\":\"Bus\",\"route_color\":\"F0DA1D\",\"route_text_color\":\"FFFFFF\"},{\"route_id\":\"TL-1\",\"route_short_name\":\"\",\"route_long_name\":\"Green 1\",\"route_type\":\"3\",\"route_type_name\":\"Bus\",\"route_color\":\"2BA117\",\"route_text_color\":\"FFFFFF\"}]"},"geometry":{"type":"Point","coordinates":[-77.31159,38.83853]}},{"type":"Feature","properties":{"stop_id":"TL-35","stop_code":"126","stop_name":"Chain Bridge Rd at West Dr","stop_desc":"","stop_url":"","location_type":"0","parent_station":"","feed_id":"Virginia__Fairfax_CUE_Bus_(CUE)__mdb_mdb-2885","agency_name":"CUE Bus - City of Fairfax","route_count":2,"route_ids":"TL-6|TL-1","route_short_names":"","route_types":"3","route_type_names":"Bus","routes_json":"[{\"route_id\":\"TL-6\",\"route_short_name\":\"\",\"route_long_name\":\"Gold 1\",\"route_type\":\"3\",\"route_type_name\":\"Bus\",\"route_color\":\"F0DA1D\",\"route_text_color\":\"FFFFFF\"},{\"route_id\":\"TL-1\",\"route_short_name\":\"\",\"route_long_name\":\"Green 1\",\"route_type\":\"3\",\"route_type_name\":\"Bus\",\"route_color\":\"2BA117\",\"route_text_color\":\"FFFFFF\"}]"},"geometry":{"type":"Point","coordinates":[-77.31059,38.8399]}},{"type":"Feature","properties":{"stop_id":"TL-36","stop_code":"127","stop_name":"Chain Bridge Rd at Armstrong St","stop_desc":"","stop_url":"","location_type":"0","parent_station":"","feed_id":"Virginia__Fairfax_CUE_Bus_(CUE)__mdb_mdb-2885","agency_name":"CUE Bus - City of Fairfax","route_count":2,"route_ids":"TL-6|TL-1","route_short_names":"","route_types":"3","route_type_names":"Bus","routes_json":"[{\"route_id\":\"TL-6\",\"route_short_name\":\"\",\"route_long_name\":\"Gold 1\",\"route_type\":\"3\",\"route_type_name\":\"Bus\",\"route_color\":\"F0DA1D\",\"route_text_color\":\"FFFFFF\"},{\"route_id\":\"TL-1\",\"route_short_name\":\"\",\"route_long_name\":\"Green 1\",\"route_type\":\"3\",\"route_type_name\":\"Bus\",\"route_color\":\"2BA117\",\"route_text_color\":\"FFFFFF\"}]"},"geometry":{"type":"Point","coordinates":[-77.309447,38.841694]}},{"type":"Feature","properties":{"stop_id":"TL-37","stop_code":"189","stop_name":"Chain Bridge Road and Judicial Drive","stop_desc":"","stop_url":"","location_type":"0","parent_station":"","feed_id":"Virginia__Fairfax_CUE_Bus_(CUE)__mdb_mdb-2885","agency_name":"CUE Bus - City of Fairfax","route_count":1,"route_ids":"TL-1","route_short_names":"","route_types":"3","route_type_names":"Bus","routes_json":"[{\"route_id\":\"TL-1\",\"route_short_name\":\"\",\"route_long_name\":\"Green 1\",\"route_type\":\"3\",\"route_type_name\":\"Bus\",\"route_color\":\"2BA117\",\"route_text_color\":\"FFFFFF\"}]"},"geometry":{"type":"Point","coordinates":[-77.3086,38.8429]}},{"type":"Feature","properties":{"stop_id":"TL-38","stop_code":"128","stop_name":"Chain Bridge Road At Fx County Court","stop_desc":"","stop_url":"","location_type":"0","parent_station":"","feed_id":"Virginia__Fairfax_CUE_Bus_(CUE)__mdb_mdb-2885","agency_name":"CUE Bus - City of Fairfax","route_count":1,"route_ids":"TL-1","route_short_names":"","route_types":"3","route_type_names":"Bus","routes_json":"[{\"route_id\":\"TL-1\",\"route_short_name\":\"\",\"route_long_name\":\"Green 1\",\"route_type\":\"3\",\"route_type_name\":\"Bus\",\"route_color\":\"2BA117\",\"route_text_color\":\"FFFFFF\"}]"},"geometry":{"type":"Point","coordinates":[-77.3071864491,38.8448682194]}},{"type":"Feature","properties":{"stop_id":"TL-39","stop_code":"129","stop_name":"Chain Bridge Rd at Main St","stop_desc":"","stop_url":"","location_type":"0","parent_station":"","feed_id":"Virginia__Fairfax_CUE_Bus_(CUE)__mdb_mdb-2885","agency_name":"CUE Bus - City of Fairfax","route_count":1,"route_ids":"TL-1","route_short_names":"","route_types":"3","route_type_names":"Bus","routes_json":"[{\"route_id\":\"TL-1\",\"route_short_name\":\"\",\"route_long_name\":\"Green 1\",\"route_type\":\"3\",\"route_type_name\":\"Bus\",\"route_color\":\"2BA117\",\"route_text_color\":\"FFFFFF\"}]"},"geometry":{"type":"Point","coordinates":[-77.306657627,38.846014466]}},{"type":"Feature","properties":{"stop_id":"TL-40","stop_code":"130","stop_name":"Chain Bridge Rd at Whitehead St","stop_desc":"","stop_url":"","location_type":"0","parent_station":"","feed_id":"Virginia__Fairfax_CUE_Bus_(CUE)__mdb_mdb-2885","agency_name":"CUE Bus - City of Fairfax","route_count":1,"route_ids":"TL-1","route_short_names":"","route_types":"3","route_type_names":"Bus","routes_json":"[{\"route_id\":\"TL-1\",\"route_short_name\":\"\",\"route_long_name\":\"Green 1\",\"route_type\":\"3\",\"route_type_name\":\"Bus\",\"route_color\":\"2BA117\",\"route_text_color\":\"FFFFFF\"}]"},"geometry":{"type":"Point","coordinates":[-77.3064,38.848784]}},{"type":"Feature","properties":{"stop_id":"TL-41","stop_code":"131","stop_name":"Chain Bridge Rd at Kenmore Dr","stop_desc":"","stop_url":"","location_type":"0","parent_station":"","feed_id":"Virginia__Fairfax_CUE_Bus_(CUE)__mdb_mdb-2885","agency_name":"CUE Bus - City of Fairfax","route_count":1,"route_ids":"TL-1","route_short_names":"","route_types":"3","route_type_names":"Bus","routes_json":"[{\"route_id\":\"TL-1\",\"route_short_name\":\"\",\"route_long_name\":\"Green 1\",\"route_type\":\"3\",\"route_type_name\":\"Bus\",\"route_color\":\"2BA117\",\"route_text_color\":\"FFFFFF\"}]"},"geometry":{"type":"Point","coordinates":[-77.3076689828,38.8515932893]}},{"type":"Feature","properties":{"stop_id":"TL-42","stop_code":"132","stop_name":"Chain Bridge Road at Stratford Drive","stop_desc":"","stop_url":"","location_type":"0","parent_station":"","feed_id":"Virginia__Fairfax_CUE_Bus_(CUE)__mdb_mdb-2885","agency_name":"CUE Bus - City of Fairfax","route_count":1,"route_ids":"TL-1","route_short_names":"","route_types":"3","route_type_names":"Bus","routes_json":"[{\"route_id\":\"TL-1\",\"route_short_name\":\"\",\"route_long_name\":\"Green 1\",\"route_type\":\"3\",\"route_type_name\":\"Bus\",\"route_color\":\"2BA117\",\"route_text_color\":\"FFFFFF\"}]"},"geometry":{"type":"Point","coordinates":[-77.3073,38.8551]}},{"type":"Feature","properties":{"stop_id":"TL-43","stop_code":"133","stop_name":"Chain Bridge Road and Fairfax Blvd","stop_desc":"","stop_url":"","location_type":"0","parent_station":"","feed_id":"Virginia__Fairfax_CUE_Bus_(CUE)__mdb_mdb-2885","agency_name":"CUE Bus - City of Fairfax","route_count":1,"route_ids":"TL-1","route_short_names":"","route_types":"3","route_type_names":"Bus","routes_json":"[{\"route_id\":\"TL-1\",\"route_short_name\":\"\",\"route_long_name\":\"Green 1\",\"route_type\":\"3\",\"route_type_name\":\"Bus\",\"route_color\":\"2BA117\",\"route_text_color\":\"FFFFFF\"}]"},"geometry":{"type":"Point","coordinates":[-77.3073548981,38.8575175176]}},{"type":"Feature","properties":{"stop_id":"TL-44","stop_code":"134","stop_name":"Chain Bridge Road at Marriott Hotel","stop_desc":"","stop_url":"","location_type":"0","parent_station":"","feed_id":"Virginia__Fairfax_CUE_Bus_(CUE)__mdb_mdb-2885","agency_name":"CUE Bus - City of Fairfax","route_count":1,"route_ids":"TL-1","route_short_names":"","route_types":"3","route_type_names":"Bus","routes_json":"[{\"route_id\":\"TL-1\",\"route_short_name\":\"\",\"route_long_name\":\"Green 1\",\"route_type\":\"3\",\"route_type_name\":\"Bus\",\"route_color\":\"2BA117\",\"route_text_color\":\"FFFFFF\"}]"},"geometry":{"type":"Point","coordinates":[-77.3072207288,38.86085]}},{"type":"Feature","properties":{"stop_id":"TL-45","stop_code":"135","stop_name":"Eaton Place at Best Western Hotel","stop_desc":"","stop_url":"","location_type":"0","parent_station":"","feed_id":"Virginia__Fairfax_CUE_Bus_(CUE)__mdb_mdb-2885","agency_name":"CUE Bus - City of Fairfax","route_count":1,"route_ids":"TL-1","route_short_names":"","route_types":"3","route_type_names":"Bus","routes_json":"[{\"route_id\":\"TL-1\",\"route_short_name\":\"\",\"route_long_name\":\"Green 1\",\"route_type\":\"3\",\"route_type_name\":\"Bus\",\"route_color\":\"2BA117\",\"route_text_color\":\"FFFFFF\"}]"},"geometry":{"type":"Point","coordinates":[-77.3063866822,38.8611599374]}},{"type":"Feature","properties":{"stop_id":"TL-46","stop_code":"136","stop_name":"Eaton Place at 10306 Block","stop_desc":"","stop_url":"","location_type":"0","parent_station":"","feed_id":"Virginia__Fairfax_CUE_Bus_(CUE)__mdb_mdb-2885","agency_name":"CUE Bus - City of Fairfax","route_count":1,"route_ids":"TL-1","route_short_names":"","route_types":"3","route_type_names":"Bus","routes_json":"[{\"route_id\":\"TL-1\",\"route_short_name\":\"\",\"route_long_name\":\"Green 1\",\"route_type\":\"3\",\"route_type_name\":\"Bus\",\"route_color\":\"2BA117\",\"route_text_color\":\"FFFFFF\"}]"},"geometry":{"type":"Point","coordinates":[-77.3037743644,38.8610537861]}},{"type":"Feature","properties":{"stop_id":"TL-47","stop_code":"190","stop_name":"Eaton Place and Fairfax Blvd","stop_desc":"","stop_url":"","location_type":"0","parent_station":"","feed_id":"Virginia__Fairfax_CUE_Bus_(CUE)__mdb_mdb-2885","agency_name":"CUE Bus - City of Fairfax","route_count":1,"route_ids":"TL-1","route_short_names":"","route_types":"3","route_type_names":"Bus","routes_json":"[{\"route_id\":\"TL-1\",\"route_short_name\":\"\",\"route_long_name\":\"Green 1\",\"route_type\":\"3\",\"route_type_name\":\"Bus\",\"route_color\":\"2BA117\",\"route_text_color\":\"FFFFFF\"}]"},"geometry":{"type":"Point","coordinates":[-77.3020086356,38.8609513433]}},{"type":"Feature","properties":{"stop_id":"TL-48","stop_code":"137","stop_name":"Fairfax Blvd at 10201 Block","stop_desc":"","stop_url":"","location_type":"0","parent_station":"","feed_id":"Virginia__Fairfax_CUE_Bus_(CUE)__mdb_mdb-2885","agency_name":"CUE Bus - City of Fairfax","route_count":2,"route_ids":"TL-6|TL-1","route_short_names":"","route_types":"3","route_type_names":"Bus","routes_json":"[{\"route_id\":\"TL-6\",\"route_short_name\":\"\",\"route_long_name\":\"Gold 1\",\"route_type\":\"3\",\"route_type_name\":\"Bus\",\"route_color\":\"F0DA1D\",\"route_text_color\":\"FFFFFF\"},{\"route_id\":\"TL-1\",\"route_short_name\":\"\",\"route_long_name\":\"Green 1\",\"route_type\":\"3\",\"route_type_name\":\"Bus\",\"route_color\":\"2BA117\",\"route_text_color\":\"FFFFFF\"}]"},"geometry":{"type":"Point","coordinates":[-77.2974291779,38.8612986352]}},{"type":"Feature","properties":{"stop_id":"TL-49","stop_code":"138","stop_name":"Fairfax Blvd at Fair Woods Pkwy","stop_desc":"","stop_url":"","location_type":"0","parent_station":"","feed_id":"Virginia__Fairfax_CUE_Bus_(CUE)__mdb_mdb-2885","agency_name":"CUE Bus - City of Fairfax","route_count":2,"route_ids":"TL-6|TL-1","route_short_names":"","route_types":"3","route_type_names":"Bus","routes_json":"[{\"route_id\":\"TL-6\",\"route_short_name\":\"\",\"route_long_name\":\"Gold 1\",\"route_type\":\"3\",\"route_type_name\":\"Bus\",\"route_color\":\"F0DA1D\",\"route_text_color\":\"FFFFFF\"},{\"route_id\":\"TL-1\",\"route_short_name\":\"\",\"route_long_name\":\"Green 1\",\"route_type\":\"3\",\"route_type_name\":\"Bus\",\"route_color\":\"2BA117\",\"route_text_color\":\"FFFFFF\"}]"},"geometry":{"type":"Point","coordinates":[-77.2938526356,38.8619609901]}},{"type":"Feature","properties":{"stop_id":"TL-50","stop_code":"139","stop_name":"Fairfax Blvd at Stafford Dr","stop_desc":"","stop_url":"","location_type":"0","parent_station":"","feed_id":"Virginia__Fairfax_CUE_Bus_(CUE)__mdb_mdb-2885","agency_name":"CUE Bus - City of Fairfax","route_count":2,"route_ids":"TL-6|TL-1","route_short_names":"","route_types":"3","route_type_names":"Bus","routes_json":"[{\"route_id\":\"TL-6\",\"route_short_name\":\"\",\"route_long_name\":\"Gold 1\",\"route_type\":\"3\",\"route_type_name\":\"Bus\",\"route_color\":\"F0DA1D\",\"route_text_color\":\"FFFFFF\"},{\"route_id\":\"TL-1\",\"route_short_name\":\"\",\"route_long_name\":\"Green 1\",\"route_type\":\"3\",\"route_type_name\":\"Bus\",\"route_color\":\"2BA117\",\"route_text_color\":\"FFFFFF\"}]"},"geometry":{"type":"Point","coordinates":[-77.2905,38.8626]}},{"type":"Feature","properties":{"stop_id":"TL-51","stop_code":"140","stop_name":"Fairfax Blvd at Lion Run","stop_desc":"","stop_url":"","location_type":"0","parent_station":"","feed_id":"Virginia__Fairfax_CUE_Bus_(CUE)__mdb_mdb-2885","agency_name":"CUE Bus - City of Fairfax","route_count":2,"route_ids":"TL-6|TL-1","route_short_names":"","route_types":"3","route_type_names":"Bus","routes_json":"[{\"route_id\":\"TL-6\",\"route_short_name\":\"\",\"route_long_name\":\"Gold 1\",\"route_type\":\"3\",\"route_type_name\":\"Bus\",\"route_color\":\"F0DA1D\",\"route_text_color\":\"FFFFFF\"},{\"route_id\":\"TL-1\",\"route_short_name\":\"\",\"route_long_name\":\"Green 1\",\"route_type\":\"3\",\"route_type_name\":\"Bus\",\"route_color\":\"2BA117\",\"route_text_color\":\"FFFFFF\"}]"},"geometry":{"type":"Point","coordinates":[-77.2870482712,38.8631438762]}},{"type":"Feature","properties":{"stop_id":"TL-52","stop_code":"141","stop_name":"Fairfax Blvd at Draper Drive","stop_desc":"","stop_url":"","location_type":"0","parent_station":"","feed_id":"Virginia__Fairfax_CUE_Bus_(CUE)__mdb_mdb-2885","agency_name":"CUE Bus - City of Fairfax","route_count":1,"route_ids":"TL-1","route_short_names":"","route_types":"3","route_type_names":"Bus","routes_json":"[{\"route_id\":\"TL-1\",\"route_short_name\":\"\",\"route_long_name\":\"Green 1\",\"route_type\":\"3\",\"route_type_name\":\"Bus\",\"route_color\":\"2BA117\",\"route_text_color\":\"FFFFFF\"}]"},"geometry":{"type":"Point","coordinates":[-77.2814884921,38.8637423376]}},{"type":"Feature","properties":{"stop_id":"TL-53","stop_code":"142","stop_name":"Fairfax Blvd at Spring St","stop_desc":"","stop_url":"","location_type":"0","parent_station":"","feed_id":"Virginia__Fairfax_CUE_Bus_(CUE)__mdb_mdb-2885","agency_name":"CUE Bus - City of Fairfax","route_count":1,"route_ids":"TL-1","route_short_names":"","route_types":"3","route_type_names":"Bus","routes_json":"[{\"route_id\":\"TL-1\",\"route_short_name\":\"\",\"route_long_name\":\"Green 1\",\"route_type\":\"3\",\"route_type_name\":\"Bus\",\"route_color\":\"2BA117\",\"route_text_color\":\"FFFFFF\"}]"},"geometry":{"type":"Point","coordinates":[-77.2790212712,38.8640631691]}},{"type":"Feature","properties":{"stop_id":"TL-54","stop_code":"143","stop_name":"Fairfax Blvd at Campbell Dr","stop_desc":"","stop_url":"","location_type":"0","parent_station":"","feed_id":"Virginia__Fairfax_CUE_Bus_(CUE)__mdb_mdb-2885","agency_name":"CUE Bus - City of Fairfax","route_count":1,"route_ids":"TL-1","route_short_names":"","route_types":"3","route_type_names":"Bus","routes_json":"[{\"route_id\":\"TL-1\",\"route_short_name\":\"\",\"route_long_name\":\"Green 1\",\"route_type\":\"3\",\"route_type_name\":\"Bus\",\"route_color\":\"2BA117\",\"route_text_color\":\"FFFFFF\"}]"},"geometry":{"type":"Point","coordinates":[-77.277039,38.864315]}},{"type":"Feature","properties":{"stop_id":"TL-55","stop_code":"179","stop_name":"Fairfax Blvd and Pickett Road","stop_desc":"","stop_url":"","location_type":"0","parent_station":"","feed_id":"Virginia__Fairfax_CUE_Bus_(CUE)__mdb_mdb-2885","agency_name":"CUE Bus - City of Fairfax","route_count":2,"route_ids":"TL-1|TL-2","route_short_names":"","route_types":"3","route_type_names":"Bus","routes_json":"[{\"route_id\":\"TL-1\",\"route_short_name\":\"\",\"route_long_name\":\"Green 1\",\"route_type\":\"3\",\"route_type_name\":\"Bus\",\"route_color\":\"2BA117\",\"route_text_color\":\"FFFFFF\"},{\"route_id\":\"TL-2\",\"route_short_name\":\"\",\"route_long_name\":\"Green 2\",\"route_type\":\"3\",\"route_type_name\":\"Bus\",\"route_color\":\"2BA117\",\"route_text_color\":\"FFFFFF\"}]"},"geometry":{"type":"Point","coordinates":[-77.2716,38.8648]}},{"type":"Feature","properties":{"stop_id":"TL-56","stop_code":"180","stop_name":"Arlington Blvd at Stonehurst Dr (EB)","stop_desc":"","stop_url":"","location_type":"0","parent_station":"","feed_id":"Virginia__Fairfax_CUE_Bus_(CUE)__mdb_mdb-2885","agency_name":"CUE Bus - City of Fairfax","route_count":2,"route_ids":"TL-1|TL-2","route_short_names":"","route_types":"3","route_type_names":"Bus","routes_json":"[{\"route_id\":\"TL-1\",\"route_short_name\":\"\",\"route_long_name\":\"Green 1\",\"route_type\":\"3\",\"route_type_name\":\"Bus\",\"route_color\":\"2BA117\",\"route_text_color\":\"FFFFFF\"},{\"route_id\":\"TL-2\",\"route_short_name\":\"\",\"route_long_name\":\"Green 2\",\"route_type\":\"3\",\"route_type_name\":\"Bus\",\"route_color\":\"2BA117\",\"route_text_color\":\"FFFFFF\"}]"},"geometry":{"type":"Point","coordinates":[-77.26551,38.86492]}},{"type":"Feature","properties":{"stop_id":"TL-57","stop_code":"181","stop_name":"Nutley St at Barrick St (NB)","stop_desc":"","stop_url":"","location_type":"0","parent_station":"","feed_id":"Virginia__Fairfax_CUE_Bus_(CUE)__mdb_mdb-2885","agency_name":"CUE Bus - City of Fairfax","route_count":2,"route_ids":"TL-1|TL-2","route_short_names":"","route_types":"3","route_type_names":"Bus","routes_json":"[{\"route_id\":\"TL-1\",\"route_short_name\":\"\",\"route_long_name\":\"Green 1\",\"route_type\":\"3\",\"route_type_name\":\"Bus\",\"route_color\":\"2BA117\",\"route_text_color\":\"FFFFFF\"},{\"route_id\":\"TL-2\",\"route_short_name\":\"\",\"route_long_name\":\"Green 2\",\"route_type\":\"3\",\"route_type_name\":\"Bus\",\"route_color\":\"2BA117\",\"route_text_color\":\"FFFFFF\"}]"},"geometry":{"type":"Point","coordinates":[-77.2623,38.8671]}},{"type":"Feature","properties":{"stop_id":"TL-58","stop_code":"197","stop_name":"Nutley Street at Pan Am Shopping (NB)","stop_desc":"","stop_url":"","location_type":"0","parent_station":"","feed_id":"Virginia__Fairfax_CUE_Bus_(CUE)__mdb_mdb-2885","agency_name":"CUE Bus - City of Fairfax","route_count":2,"route_ids":"TL-1|TL-2","route_short_names":"","route_types":"3","route_type_names":"Bus","routes_json":"[{\"route_id\":\"TL-1\",\"route_short_name\":\"\",\"route_long_name\":\"Green 1\",\"route_type\":\"3\",\"route_type_name\":\"Bus\",\"route_color\":\"2BA117\",\"route_text_color\":\"FFFFFF\"},{\"route_id\":\"TL-2\",\"route_short_name\":\"\",\"route_long_name\":\"Green 2\",\"route_type\":\"3\",\"route_type_name\":\"Bus\",\"route_color\":\"2BA117\",\"route_text_color\":\"FFFFFF\"}]"},"geometry":{"type":"Point","coordinates":[-77.2629,38.8714]}},{"type":"Feature","properties":{"stop_id":"TL-59","stop_code":"182","stop_name":"Nutley Street and Lee Highway","stop_desc":"","stop_url":"","location_type":"0","parent_station":"","feed_id":"Virginia__Fairfax_CUE_Bus_(CUE)__mdb_mdb-2885","agency_name":"CUE Bus - City of Fairfax","route_count":2,"route_ids":"TL-1|TL-2","route_short_names":"","route_types":"3","route_type_names":"Bus","routes_json":"[{\"route_id\":\"TL-1\",\"route_short_name\":\"\",\"route_long_name\":\"Green 1\",\"route_type\":\"3\",\"route_type_name\":\"Bus\",\"route_color\":\"2BA117\",\"route_text_color\":\"FFFFFF\"},{\"route_id\":\"TL-2\",\"route_short_name\":\"\",\"route_long_name\":\"Green 2\",\"route_type\":\"3\",\"route_type_name\":\"Bus\",\"route_color\":\"2BA117\",\"route_text_color\":\"FFFFFF\"}]"},"geometry":{"type":"Point","coordinates":[-77.2633,38.873]}},{"type":"Feature","properties":{"stop_id":"TL-60","stop_code":"1002","stop_name":"Vienna Metro North Bay B","stop_desc":"","stop_url":"","location_type":"0","parent_station":"","feed_id":"Virginia__Fairfax_CUE_Bus_(CUE)__mdb_mdb-2885","agency_name":"CUE Bus - City of Fairfax","route_count":1,"route_ids":"TL-2","route_short_names":"","route_types":"3","route_type_names":"Bus","routes_json":"[{\"route_id\":\"TL-2\",\"route_short_name\":\"\",\"route_long_name\":\"Green 2\",\"route_type\":\"3\",\"route_type_name\":\"Bus\",\"route_color\":\"2BA117\",\"route_text_color\":\"FFFFFF\"}]"},"geometry":{"type":"Point","coordinates":[-77.272216,38.878595]}},{"type":"Feature","properties":{"stop_id":"TL-61","stop_code":"8","stop_name":"Fairfax Blvd at Campbell Dr (WB)","stop_desc":"","stop_url":"","location_type":"0","parent_station":"","feed_id":"Virginia__Fairfax_CUE_Bus_(CUE)__mdb_mdb-2885","agency_name":"CUE Bus - City of Fairfax","route_count":1,"route_ids":"TL-2","route_short_names":"","route_types":"3","route_type_names":"Bus","routes_json":"[{\"route_id\":\"TL-2\",\"route_short_name\":\"\",\"route_long_name\":\"Green 2\",\"route_type\":\"3\",\"route_type_name\":\"Bus\",\"route_color\":\"2BA117\",\"route_text_color\":\"FFFFFF\"}]"},"geometry":{"type":"Point","coordinates":[-77.2777293644,38.864443096]}},{"type":"Feature","properties":{"stop_id":"TL-62","stop_code":"9","stop_name":"Fairfax Blvd at Spring St (WB)","stop_desc":"","stop_url":"","location_type":"0","parent_station":"","feed_id":"Virginia__Fairfax_CUE_Bus_(CUE)__mdb_mdb-2885","agency_name":"CUE Bus - City of Fairfax","route_count":1,"route_ids":"TL-2","route_short_names":"","route_types":"3","route_type_names":"Bus","routes_json":"[{\"route_id\":\"TL-2\",\"route_short_name\":\"\",\"route_long_name\":\"Green 2\",\"route_type\":\"3\",\"route_type_name\":\"Bus\",\"route_color\":\"2BA117\",\"route_text_color\":\"FFFFFF\"}]"},"geometry":{"type":"Point","coordinates":[-77.279455411,38.8642509462]}},{"type":"Feature","properties":{"stop_id":"TL-63","stop_code":"10","stop_name":"Fairfax Blvd at Draper Drive (WB)","stop_desc":"","stop_url":"","location_type":"0","parent_station":"","feed_id":"Virginia__Fairfax_CUE_Bus_(CUE)__mdb_mdb-2885","agency_name":"CUE Bus - City of Fairfax","route_count":1,"route_ids":"TL-2","route_short_names":"","route_types":"3","route_type_names":"Bus","routes_json":"[{\"route_id\":\"TL-2\",\"route_short_name\":\"\",\"route_long_name\":\"Green 2\",\"route_type\":\"3\",\"route_type_name\":\"Bus\",\"route_color\":\"2BA117\",\"route_text_color\":\"FFFFFF\"}]"},"geometry":{"type":"Point","coordinates":[-77.281121,38.864113]}},{"type":"Feature","properties":{"stop_id":"TL-64","stop_code":"11","stop_name":"Fairfax Blvd at Lion Run (WB)","stop_desc":"","stop_url":"","location_type":"0","parent_station":"","feed_id":"Virginia__Fairfax_CUE_Bus_(CUE)__mdb_mdb-2885","agency_name":"CUE Bus - City of Fairfax","route_count":2,"route_ids":"TL-7|TL-2","route_short_names":"","route_types":"3","route_type_names":"Bus","routes_json":"[{\"route_id\":\"TL-7\",\"route_short_name\":\"\",\"route_long_name\":\"Gold 2\",\"route_type\":\"3\",\"route_type_name\":\"Bus\",\"route_color\":\"F0DA1D\",\"route_text_color\":\"FFFFFF\"},{\"route_id\":\"TL-2\",\"route_short_name\":\"\",\"route_long_name\":\"Green 2\",\"route_type\":\"3\",\"route_type_name\":\"Bus\",\"route_color\":\"2BA117\",\"route_text_color\":\"FFFFFF\"}]"},"geometry":{"type":"Point","coordinates":[-77.2875,38.863299]}},{"type":"Feature","properties":{"stop_id":"TL-65","stop_code":"12","stop_name":"Fairfax Blvd at Stafford Dr (WB)","stop_desc":"","stop_url":"","location_type":"0","parent_station":"","feed_id":"Virginia__Fairfax_CUE_Bus_(CUE)__mdb_mdb-2885","agency_name":"CUE Bus - City of Fairfax","route_count":2,"route_ids":"TL-7|TL-2","route_short_names":"","route_types":"3","route_type_names":"Bus","routes_json":"[{\"route_id\":\"TL-7\",\"route_short_name\":\"\",\"route_long_name\":\"Gold 2\",\"route_type\":\"3\",\"route_type_name\":\"Bus\",\"route_color\":\"F0DA1D\",\"route_text_color\":\"FFFFFF\"},{\"route_id\":\"TL-2\",\"route_short_name\":\"\",\"route_long_name\":\"Green 2\",\"route_type\":\"3\",\"route_type_name\":\"Bus\",\"route_color\":\"2BA117\",\"route_text_color\":\"FFFFFF\"}]"},"geometry":{"type":"Point","coordinates":[-77.2905,38.8628]}},{"type":"Feature","properties":{"stop_id":"TL-66","stop_code":"13","stop_name":"Fairfax Blvd at Fair Woods Pkwy (WB)","stop_desc":"","stop_url":"","location_type":"0","parent_station":"","feed_id":"Virginia__Fairfax_CUE_Bus_(CUE)__mdb_mdb-2885","agency_name":"CUE Bus - City of Fairfax","route_count":2,"route_ids":"TL-7|TL-2","route_short_names":"","route_types":"3","route_type_names":"Bus","routes_json":"[{\"route_id\":\"TL-7\",\"route_short_name\":\"\",\"route_long_name\":\"Gold 2\",\"route_type\":\"3\",\"route_type_name\":\"Bus\",\"route_color\":\"F0DA1D\",\"route_text_color\":\"FFFFFF\"},{\"route_id\":\"TL-2\",\"route_short_name\":\"\",\"route_long_name\":\"Green 2\",\"route_type\":\"3\",\"route_type_name\":\"Bus\",\"route_color\":\"2BA117\",\"route_text_color\":\"FFFFFF\"}]"},"geometry":{"type":"Point","coordinates":[-77.2943491399,38.8620997787]}},{"type":"Feature","properties":{"stop_id":"TL-67","stop_code":"14","stop_name":"Fairfax Blvd at 10201 Block (WB)","stop_desc":"","stop_url":"","location_type":"0","parent_station":"","feed_id":"Virginia__Fairfax_CUE_Bus_(CUE)__mdb_mdb-2885","agency_name":"CUE Bus - City of Fairfax","route_count":2,"route_ids":"TL-7|TL-2","route_short_names":"","route_types":"3","route_type_names":"Bus","routes_json":"[{\"route_id\":\"TL-7\",\"route_short_name\":\"\",\"route_long_name\":\"Gold 2\",\"route_type\":\"3\",\"route_type_name\":\"Bus\",\"route_color\":\"F0DA1D\",\"route_text_color\":\"FFFFFF\"},{\"route_id\":\"TL-2\",\"route_short_name\":\"\",\"route_long_name\":\"Green 2\",\"route_type\":\"3\",\"route_type_name\":\"Bus\",\"route_color\":\"2BA117\",\"route_text_color\":\"FFFFFF\"}]"},"geometry":{"type":"Point","coordinates":[-77.2971,38.8616]}},{"type":"Feature","properties":{"stop_id":"TL-68","stop_code":"15","stop_name":"Eaton Place at Office Park (WB)","stop_desc":"","stop_url":"","location_type":"0","parent_station":"","feed_id":"Virginia__Fairfax_CUE_Bus_(CUE)__mdb_mdb-2885","agency_name":"CUE Bus - City of Fairfax","route_count":1,"route_ids":"TL-2","route_short_names":"","route_types":"3","route_type_names":"Bus","routes_json":"[{\"route_id\":\"TL-2\",\"route_short_name\":\"\",\"route_long_name\":\"Green 2\",\"route_type\":\"3\",\"route_type_name\":\"Bus\",\"route_color\":\"2BA117\",\"route_text_color\":\"FFFFFF\"}]"},"geometry":{"type":"Point","coordinates":[-77.30168,38.86098]}},{"type":"Feature","properties":{"stop_id":"TL-69","stop_code":"16","stop_name":"Eaton Place at 10306 Block (WB)","stop_desc":"","stop_url":"","location_type":"0","parent_station":"","feed_id":"Virginia__Fairfax_CUE_Bus_(CUE)__mdb_mdb-2885","agency_name":"CUE Bus - City of Fairfax","route_count":1,"route_ids":"TL-2","route_short_names":"","route_types":"3","route_type_names":"Bus","routes_json":"[{\"route_id\":\"TL-2\",\"route_short_name\":\"\",\"route_long_name\":\"Green 2\",\"route_type\":\"3\",\"route_type_name\":\"Bus\",\"route_color\":\"2BA117\",\"route_text_color\":\"FFFFFF\"}]"},"geometry":{"type":"Point","coordinates":[-77.303778,38.861148]}},{"type":"Feature","properties":{"stop_id":"TL-70","stop_code":"17","stop_name":"Eaton Place at Chain Bridge Rd (WB)","stop_desc":"","stop_url":"","location_type":"0","parent_station":"","feed_id":"Virginia__Fairfax_CUE_Bus_(CUE)__mdb_mdb-2885","agency_name":"CUE Bus - City of Fairfax","route_count":1,"route_ids":"TL-2","route_short_names":"","route_types":"3","route_type_names":"Bus","routes_json":"[{\"route_id\":\"TL-2\",\"route_short_name\":\"\",\"route_long_name\":\"Green 2\",\"route_type\":\"3\",\"route_type_name\":\"Bus\",\"route_color\":\"2BA117\",\"route_text_color\":\"FFFFFF\"}]"},"geometry":{"type":"Point","coordinates":[-77.306534,38.861217]}},{"type":"Feature","properties":{"stop_id":"TL-71","stop_code":"18","stop_name":"Chain Bridge Rd at Orchard St (SB)","stop_desc":"","stop_url":"","location_type":"0","parent_station":"","feed_id":"Virginia__Fairfax_CUE_Bus_(CUE)__mdb_mdb-2885","agency_name":"CUE Bus - City of Fairfax","route_count":1,"route_ids":"TL-2","route_short_names":"","route_types":"3","route_type_names":"Bus","routes_json":"[{\"route_id\":\"TL-2\",\"route_short_name\":\"\",\"route_long_name\":\"Green 2\",\"route_type\":\"3\",\"route_type_name\":\"Bus\",\"route_color\":\"2BA117\",\"route_text_color\":\"FFFFFF\"}]"},"geometry":{"type":"Point","coordinates":[-77.3075440086,38.8599640886]}},{"type":"Feature","properties":{"stop_id":"TL-72","stop_code":"19","stop_name":"Chain Bridge Road and Fairfax Blvd (SB)","stop_desc":"","stop_url":"","location_type":"0","parent_station":"","feed_id":"Virginia__Fairfax_CUE_Bus_(CUE)__mdb_mdb-2885","agency_name":"CUE Bus - City of Fairfax","route_count":1,"route_ids":"TL-2","route_short_names":"","route_types":"3","route_type_names":"Bus","routes_json":"[{\"route_id\":\"TL-2\",\"route_short_name\":\"\",\"route_long_name\":\"Green 2\",\"route_type\":\"3\",\"route_type_name\":\"Bus\",\"route_color\":\"2BA117\",\"route_text_color\":\"FFFFFF\"}]"},"geometry":{"type":"Point","coordinates":[-77.307481,38.857587]}},{"type":"Feature","properties":{"stop_id":"TL-73","stop_code":"20","stop_name":"Chain Bridge Rd at Providence Way (SB)","stop_desc":"","stop_url":"","location_type":"0","parent_station":"","feed_id":"Virginia__Fairfax_CUE_Bus_(CUE)__mdb_mdb-2885","agency_name":"CUE Bus - City of Fairfax","route_count":1,"route_ids":"TL-2","route_short_names":"","route_types":"3","route_type_names":"Bus","routes_json":"[{\"route_id\":\"TL-2\",\"route_short_name\":\"\",\"route_long_name\":\"Green 2\",\"route_type\":\"3\",\"route_type_name\":\"Bus\",\"route_color\":\"2BA117\",\"route_text_color\":\"FFFFFF\"}]"},"geometry":{"type":"Point","coordinates":[-77.3074819828,38.8547041775]}},{"type":"Feature","properties":{"stop_id":"TL-74","stop_code":"21","stop_name":"Chain Bridge Rd at Kenmore Dr (SB)","stop_desc":"","stop_url":"","location_type":"0","parent_station":"","feed_id":"Virginia__Fairfax_CUE_Bus_(CUE)__mdb_mdb-2885","agency_name":"CUE Bus - City of Fairfax","route_count":1,"route_ids":"TL-2","route_short_names":"","route_types":"3","route_type_names":"Bus","routes_json":"[{\"route_id\":\"TL-2\",\"route_short_name\":\"\",\"route_long_name\":\"Green 2\",\"route_type\":\"3\",\"route_type_name\":\"Bus\",\"route_color\":\"2BA117\",\"route_text_color\":\"FFFFFF\"}]"},"geometry":{"type":"Point","coordinates":[-77.3078,38.8517]}},{"type":"Feature","properties":{"stop_id":"TL-75","stop_code":"23","stop_name":"Chain Bridge Rd at Main St (SB)","stop_desc":"","stop_url":"","location_type":"0","parent_station":"","feed_id":"Virginia__Fairfax_CUE_Bus_(CUE)__mdb_mdb-2885","agency_name":"CUE Bus - City of Fairfax","route_count":1,"route_ids":"TL-2","route_short_names":"","route_types":"3","route_type_names":"Bus","routes_json":"[{\"route_id\":\"TL-2\",\"route_short_name\":\"\",\"route_long_name\":\"Green 2\",\"route_type\":\"3\",\"route_type_name\":\"Bus\",\"route_color\":\"2BA117\",\"route_text_color\":\"FFFFFF\"}]"},"geometry":{"type":"Point","coordinates":[-77.306582,38.846489]}},{"type":"Feature","properties":{"stop_id":"TL-76","stop_code":"24","stop_name":"Chain Bridge Road at County Court House (SB)","stop_desc":"","stop_url":"","location_type":"0","parent_station":"","feed_id":"Virginia__Fairfax_CUE_Bus_(CUE)__mdb_mdb-2885","agency_name":"CUE Bus - City of Fairfax","route_count":1,"route_ids":"TL-2","route_short_names":"","route_types":"3","route_type_names":"Bus","routes_json":"[{\"route_id\":\"TL-2\",\"route_short_name\":\"\",\"route_long_name\":\"Green 2\",\"route_type\":\"3\",\"route_type_name\":\"Bus\",\"route_color\":\"2BA117\",\"route_text_color\":\"FFFFFF\"}]"},"geometry":{"type":"Point","coordinates":[-77.308,38.8441]}},{"type":"Feature","properties":{"stop_id":"TL-77","stop_code":"25","stop_name":"Chain Bridge Rd at Armstrong St (SB)","stop_desc":"","stop_url":"","location_type":"0","parent_station":"","feed_id":"Virginia__Fairfax_CUE_Bus_(CUE)__mdb_mdb-2885","agency_name":"CUE Bus - City of Fairfax","route_count":2,"route_ids":"TL-7|TL-2","route_short_names":"","route_types":"3","route_type_names":"Bus","routes_json":"[{\"route_id\":\"TL-7\",\"route_short_name\":\"\",\"route_long_name\":\"Gold 2\",\"route_type\":\"3\",\"route_type_name\":\"Bus\",\"route_color\":\"F0DA1D\",\"route_text_color\":\"FFFFFF\"},{\"route_id\":\"TL-2\",\"route_short_name\":\"\",\"route_long_name\":\"Green 2\",\"route_type\":\"3\",\"route_type_name\":\"Bus\",\"route_color\":\"2BA117\",\"route_text_color\":\"FFFFFF\"}]"},"geometry":{"type":"Point","coordinates":[-77.3093238687,38.8420987129]}},{"type":"Feature","properties":{"stop_id":"TL-78","stop_code":"26","stop_name":"Chain Bridge Rd at West Dr (SB)","stop_desc":"","stop_url":"","location_type":"0","parent_station":"","feed_id":"Virginia__Fairfax_CUE_Bus_(CUE)__mdb_mdb-2885","agency_name":"CUE Bus - City of Fairfax","route_count":2,"route_ids":"TL-7|TL-2","route_short_names":"","route_types":"3","route_type_names":"Bus","routes_json":"[{\"route_id\":\"TL-7\",\"route_short_name\":\"\",\"route_long_name\":\"Gold 2\",\"route_type\":\"3\",\"route_type_name\":\"Bus\",\"route_color\":\"F0DA1D\",\"route_text_color\":\"FFFFFF\"},{\"route_id\":\"TL-2\",\"route_short_name\":\"\",\"route_long_name\":\"Green 2\",\"route_type\":\"3\",\"route_type_name\":\"Bus\",\"route_color\":\"2BA117\",\"route_text_color\":\"FFFFFF\"}]"},"geometry":{"type":"Point","coordinates":[-77.3103911865,38.8405266241]}},{"type":"Feature","properties":{"stop_id":"TL-79","stop_code":"27","stop_name":"Chain Bridge Rd at Canfield Street (SB)","stop_desc":"","stop_url":"","location_type":"0","parent_station":"","feed_id":"Virginia__Fairfax_CUE_Bus_(CUE)__mdb_mdb-2885","agency_name":"CUE Bus - City of Fairfax","route_count":2,"route_ids":"TL-7|TL-2","route_short_names":"","route_types":"3","route_type_names":"Bus","routes_json":"[{\"route_id\":\"TL-7\",\"route_short_name\":\"\",\"route_long_name\":\"Gold 2\",\"route_type\":\"3\",\"route_type_name\":\"Bus\",\"route_color\":\"F0DA1D\",\"route_text_color\":\"FFFFFF\"},{\"route_id\":\"TL-2\",\"route_short_name\":\"\",\"route_long_name\":\"Green 2\",\"route_type\":\"3\",\"route_type_name\":\"Bus\",\"route_color\":\"2BA117\",\"route_text_color\":\"FFFFFF\"}]"},"geometry":{"type":"Point","coordinates":[-77.3117624196,38.8386429814]}},{"type":"Feature","properties":{"stop_id":"TL-80","stop_code":"28","stop_name":"Chain Bridge Rd at School St (SB)","stop_desc":"","stop_url":"","location_type":"0","parent_station":"","feed_id":"Virginia__Fairfax_CUE_Bus_(CUE)__mdb_mdb-2885","agency_name":"CUE Bus - City of Fairfax","route_count":2,"route_ids":"TL-7|TL-2","route_short_names":"","route_types":"3","route_type_names":"Bus","routes_json":"[{\"route_id\":\"TL-7\",\"route_short_name\":\"\",\"route_long_name\":\"Gold 2\",\"route_type\":\"3\",\"route_type_name\":\"Bus\",\"route_color\":\"F0DA1D\",\"route_text_color\":\"FFFFFF\"},{\"route_id\":\"TL-2\",\"route_short_name\":\"\",\"route_long_name\":\"Green 2\",\"route_type\":\"3\",\"route_type_name\":\"Bus\",\"route_color\":\"2BA117\",\"route_text_color\":\"FFFFFF\"}]"},"geometry":{"type":"Point","coordinates":[-77.3121895043,38.8372409107]}},{"type":"Feature","properties":{"stop_id":"TL-81","stop_code":"29","stop_name":"University Dr at Occoquan","stop_desc":"","stop_url":"","location_type":"0","parent_station":"","feed_id":"Virginia__Fairfax_CUE_Bus_(CUE)__mdb_mdb-2885","agency_name":"CUE Bus - City of Fairfax","route_count":2,"route_ids":"TL-7|TL-2","route_short_names":"","route_types":"3","route_type_names":"Bus","routes_json":"[{\"route_id\":\"TL-7\",\"route_short_name\":\"\",\"route_long_name\":\"Gold 2\",\"route_type\":\"3\",\"route_type_name\":\"Bus\",\"route_color\":\"F0DA1D\",\"route_text_color\":\"FFFFFF\"},{\"route_id\":\"TL-2\",\"route_short_name\":\"\",\"route_long_name\":\"Green 2\",\"route_type\":\"3\",\"route_type_name\":\"Bus\",\"route_color\":\"2BA117\",\"route_text_color\":\"FFFFFF\"}]"},"geometry":{"type":"Point","coordinates":[-77.3100750036,38.8350729457]}},{"type":"Feature","properties":{"stop_id":"TL-82","stop_code":"32","stop_name":"George Mason Blvd at School St","stop_desc":"","stop_url":"","location_type":"0","parent_station":"","feed_id":"Virginia__Fairfax_CUE_Bus_(CUE)__mdb_mdb-2885","agency_name":"CUE Bus - City of Fairfax","route_count":2,"route_ids":"TL-7|TL-2","route_short_names":"","route_types":"3","route_type_names":"Bus","routes_json":"[{\"route_id\":\"TL-7\",\"route_short_name\":\"\",\"route_long_name\":\"Gold 2\",\"route_type\":\"3\",\"route_type_name\":\"Bus\",\"route_color\":\"F0DA1D\",\"route_text_color\":\"FFFFFF\"},{\"route_id\":\"TL-2\",\"route_short_name\":\"\",\"route_long_name\":\"Green 2\",\"route_type\":\"3\",\"route_type_name\":\"Bus\",\"route_color\":\"2BA117\",\"route_text_color\":\"FFFFFF\"}]"},"geometry":{"type":"Point","coordinates":[-77.3089576969,38.8369879107]}},{"type":"Feature","properties":{"stop_id":"TL-83","stop_code":"33","stop_name":"University Dr at Armstrong St","stop_desc":"","stop_url":"","location_type":"0","parent_station":"","feed_id":"Virginia__Fairfax_CUE_Bus_(CUE)__mdb_mdb-2885","agency_name":"CUE Bus - City of Fairfax","route_count":2,"route_ids":"TL-7|TL-2","route_short_names":"","route_types":"3","route_type_names":"Bus","routes_json":"[{\"route_id\":\"TL-7\",\"route_short_name\":\"\",\"route_long_name\":\"Gold 2\",\"route_type\":\"3\",\"route_type_name\":\"Bus\",\"route_color\":\"F0DA1D\",\"route_text_color\":\"FFFFFF\"},{\"route_id\":\"TL-2\",\"route_short_name\":\"\",\"route_long_name\":\"Green 2\",\"route_type\":\"3\",\"route_type_name\":\"Bus\",\"route_color\":\"2BA117\",\"route_text_color\":\"FFFFFF\"}]"},"geometry":{"type":"Point","coordinates":[-77.306806,38.841629]}},{"type":"Feature","properties":{"stop_id":"TL-84","stop_code":"34","stop_name":"University Dr at Fire Station No.3 (NB)","stop_desc":"","stop_url":"","location_type":"0","parent_station":"","feed_id":"Virginia__Fairfax_CUE_Bus_(CUE)__mdb_mdb-2885","agency_name":"CUE Bus - City of Fairfax","route_count":2,"route_ids":"TL-7|TL-2","route_short_names":"","route_types":"3","route_type_names":"Bus","routes_json":"[{\"route_id\":\"TL-7\",\"route_short_name\":\"\",\"route_long_name\":\"Gold 2\",\"route_type\":\"3\",\"route_type_name\":\"Bus\",\"route_color\":\"F0DA1D\",\"route_text_color\":\"FFFFFF\"},{\"route_id\":\"TL-2\",\"route_short_name\":\"\",\"route_long_name\":\"Green 2\",\"route_type\":\"3\",\"route_type_name\":\"Bus\",\"route_color\":\"2BA117\",\"route_text_color\":\"FFFFFF\"}]"},"geometry":{"type":"Point","coordinates":[-77.306165,38.843472]}},{"type":"Feature","properties":{"stop_id":"TL-85","stop_code":"35","stop_name":"University Dr at Sager Ave (NB)","stop_desc":"","stop_url":"","location_type":"0","parent_station":"","feed_id":"Virginia__Fairfax_CUE_Bus_(CUE)__mdb_mdb-2885","agency_name":"CUE Bus - City of Fairfax","route_count":2,"route_ids":"TL-7|TL-2","route_short_names":"","route_types":"3","route_type_names":"Bus","routes_json":"[{\"route_id\":\"TL-7\",\"route_short_name\":\"\",\"route_long_name\":\"Gold 2\",\"route_type\":\"3\",\"route_type_name\":\"Bus\",\"route_color\":\"F0DA1D\",\"route_text_color\":\"FFFFFF\"},{\"route_id\":\"TL-2\",\"route_short_name\":\"\",\"route_long_name\":\"Green 2\",\"route_type\":\"3\",\"route_type_name\":\"Bus\",\"route_color\":\"2BA117\",\"route_text_color\":\"FFFFFF\"}]"},"geometry":{"type":"Point","coordinates":[-77.3055936037,38.8449762433]}},{"type":"Feature","properties":{"stop_id":"TL-86","stop_code":"36","stop_name":"University Dr at Main St (NB)","stop_desc":"","stop_url":"","location_type":"0","parent_station":"","feed_id":"Virginia__Fairfax_CUE_Bus_(CUE)__mdb_mdb-2885","agency_name":"CUE Bus - City of Fairfax","route_count":2,"route_ids":"TL-7|TL-2","route_short_names":"","route_types":"3","route_type_names":"Bus","routes_json":"[{\"route_id\":\"TL-7\",\"route_short_name\":\"\",\"route_long_name\":\"Gold 2\",\"route_type\":\"3\",\"route_type_name\":\"Bus\",\"route_color\":\"F0DA1D\",\"route_text_color\":\"FFFFFF\"},{\"route_id\":\"TL-2\",\"route_short_name\":\"\",\"route_long_name\":\"Green 2\",\"route_type\":\"3\",\"route_type_name\":\"Bus\",\"route_color\":\"2BA117\",\"route_text_color\":\"FFFFFF\"}]"},"geometry":{"type":"Point","coordinates":[-77.3052937902,38.8458715995]}},{"type":"Feature","properties":{"stop_id":"TL-87","stop_code":"187","stop_name":"University Dr at North St","stop_desc":"","stop_url":"","location_type":"0","parent_station":"","feed_id":"Virginia__Fairfax_CUE_Bus_(CUE)__mdb_mdb-2885","agency_name":"CUE Bus - City of Fairfax","route_count":2,"route_ids":"TL-7|TL-2","route_short_names":"","route_types":"3","route_type_names":"Bus","routes_json":"[{\"route_id\":\"TL-7\",\"route_short_name\":\"\",\"route_long_name\":\"Gold 2\",\"route_type\":\"3\",\"route_type_name\":\"Bus\",\"route_color\":\"F0DA1D\",\"route_text_color\":\"FFFFFF\"},{\"route_id\":\"TL-2\",\"route_short_name\":\"\",\"route_long_name\":\"Green 2\",\"route_type\":\"3\",\"route_type_name\":\"Bus\",\"route_color\":\"2BA117\",\"route_text_color\":\"FFFFFF\"}]"},"geometry":{"type":"Point","coordinates":[-77.3048676356,38.8467677544]}},{"type":"Feature","properties":{"stop_id":"TL-88","stop_code":"37","stop_name":"Main St at East St","stop_desc":"","stop_url":"","location_type":"0","parent_station":"","feed_id":"Virginia__Fairfax_CUE_Bus_(CUE)__mdb_mdb-2885","agency_name":"CUE Bus - City of Fairfax","route_count":1,"route_ids":"TL-2","route_short_names":"","route_types":"3","route_type_names":"Bus","routes_json":"[{\"route_id\":\"TL-2\",\"route_short_name\":\"\",\"route_long_name\":\"Green 2\",\"route_type\":\"3\",\"route_type_name\":\"Bus\",\"route_color\":\"2BA117\",\"route_text_color\":\"FFFFFF\"}]"},"geometry":{"type":"Point","coordinates":[-77.30212,38.8452]}},{"type":"Feature","properties":{"stop_id":"TL-89","stop_code":"38","stop_name":"Main St at Locust St (EB)","stop_desc":"","stop_url":"","location_type":"0","parent_station":"","feed_id":"Virginia__Fairfax_CUE_Bus_(CUE)__mdb_mdb-2885","agency_name":"CUE Bus - City of Fairfax","route_count":1,"route_ids":"TL-2","route_short_names":"","route_types":"3","route_type_names":"Bus","routes_json":"[{\"route_id\":\"TL-2\",\"route_short_name\":\"\",\"route_long_name\":\"Green 2\",\"route_type\":\"3\",\"route_type_name\":\"Bus\",\"route_color\":\"2BA117\",\"route_text_color\":\"FFFFFF\"}]"},"geometry":{"type":"Point","coordinates":[-77.2996,38.8447]}},{"type":"Feature","properties":{"stop_id":"TL-90","stop_code":"39","stop_name":"Main St at Roberts Rd (EB)","stop_desc":"","stop_url":"","location_type":"0","parent_station":"","feed_id":"Virginia__Fairfax_CUE_Bus_(CUE)__mdb_mdb-2885","agency_name":"CUE Bus - City of Fairfax","route_count":1,"route_ids":"TL-2","route_short_names":"","route_types":"3","route_type_names":"Bus","routes_json":"[{\"route_id\":\"TL-2\",\"route_short_name\":\"\",\"route_long_name\":\"Green 2\",\"route_type\":\"3\",\"route_type_name\":\"Bus\",\"route_color\":\"2BA117\",\"route_text_color\":\"FFFFFF\"}]"},"geometry":{"type":"Point","coordinates":[-77.2970954577,38.8443517944]}},{"type":"Feature","properties":{"stop_id":"TL-91","stop_code":"40","stop_name":"Main St at Virginia St (EB)","stop_desc":"","stop_url":"","location_type":"0","parent_station":"","feed_id":"Virginia__Fairfax_CUE_Bus_(CUE)__mdb_mdb-2885","agency_name":"CUE Bus - City of Fairfax","route_count":1,"route_ids":"TL-2","route_short_names":"","route_types":"3","route_type_names":"Bus","routes_json":"[{\"route_id\":\"TL-2\",\"route_short_name\":\"\",\"route_long_name\":\"Green 2\",\"route_type\":\"3\",\"route_type_name\":\"Bus\",\"route_color\":\"2BA117\",\"route_text_color\":\"FFFFFF\"}]"},"geometry":{"type":"Point","coordinates":[-77.295261411,38.8441105956]}},{"type":"Feature","properties":{"stop_id":"TL-92","stop_code":"41","stop_name":"Main St at Tedrich Blvd (EB)","stop_desc":"","stop_url":"","location_type":"0","parent_station":"","feed_id":"Virginia__Fairfax_CUE_Bus_(CUE)__mdb_mdb-2885","agency_name":"CUE Bus - City of Fairfax","route_count":1,"route_ids":"TL-2","route_short_names":"","route_types":"3","route_type_names":"Bus","routes_json":"[{\"route_id\":\"TL-2\",\"route_short_name\":\"\",\"route_long_name\":\"Green 2\",\"route_type\":\"3\",\"route_type_name\":\"Bus\",\"route_color\":\"2BA117\",\"route_text_color\":\"FFFFFF\"}]"},"geometry":{"type":"Point","coordinates":[-77.2928953644,38.8437816438]}},{"type":"Feature","properties":{"stop_id":"TL-93","stop_code":"42","stop_name":"Main Street and Stone Wall Ave (EB)","stop_desc":"","stop_url":"","location_type":"0","parent_station":"","feed_id":"Virginia__Fairfax_CUE_Bus_(CUE)__mdb_mdb-2885","agency_name":"CUE Bus - City of Fairfax","route_count":1,"route_ids":"TL-2","route_short_names":"","route_types":"3","route_type_names":"Bus","routes_json":"[{\"route_id\":\"TL-2\",\"route_short_name\":\"\",\"route_long_name\":\"Green 2\",\"route_type\":\"3\",\"route_type_name\":\"Bus\",\"route_color\":\"2BA117\",\"route_text_color\":\"FFFFFF\"}]"},"geometry":{"type":"Point","coordinates":[-77.2894193644,38.8433502185]}},{"type":"Feature","properties":{"stop_id":"TL-94","stop_code":"43","stop_name":"Main Street and Maple Ave (EB)","stop_desc":"","stop_url":"","location_type":"0","parent_station":"","feed_id":"Virginia__Fairfax_CUE_Bus_(CUE)__mdb_mdb-2885","agency_name":"CUE Bus - City of Fairfax","route_count":1,"route_ids":"TL-2","route_short_names":"","route_types":"3","route_type_names":"Bus","routes_json":"[{\"route_id\":\"TL-2\",\"route_short_name\":\"\",\"route_long_name\":\"Green 2\",\"route_type\":\"3\",\"route_type_name\":\"Bus\",\"route_color\":\"2BA117\",\"route_text_color\":\"FFFFFF\"}]"},"geometry":{"type":"Point","coordinates":[-77.2852861951,38.8427961892]}},{"type":"Feature","properties":{"stop_id":"TL-95","stop_code":"44","stop_name":"Main Street and Trapp Road (EB)","stop_desc":"","stop_url":"","location_type":"0","parent_station":"","feed_id":"Virginia__Fairfax_CUE_Bus_(CUE)__mdb_mdb-2885","agency_name":"CUE Bus - City of Fairfax","route_count":1,"route_ids":"TL-2","route_short_names":"","route_types":"3","route_type_names":"Bus","routes_json":"[{\"route_id\":\"TL-2\",\"route_short_name\":\"\",\"route_long_name\":\"Green 2\",\"route_type\":\"3\",\"route_type_name\":\"Bus\",\"route_color\":\"2BA117\",\"route_text_color\":\"FFFFFF\"}]"},"geometry":{"type":"Point","coordinates":[-77.2811814577,38.8422643268]}},{"type":"Feature","properties":{"stop_id":"TL-96","stop_code":"45","stop_name":"Main St at Whitacre Rd (EB)","stop_desc":"","stop_url":"","location_type":"0","parent_station":"","feed_id":"Virginia__Fairfax_CUE_Bus_(CUE)__mdb_mdb-2885","agency_name":"CUE Bus - City of Fairfax","route_count":1,"route_ids":"TL-2","route_short_names":"","route_types":"3","route_type_names":"Bus","routes_json":"[{\"route_id\":\"TL-2\",\"route_short_name\":\"\",\"route_long_name\":\"Green 2\",\"route_type\":\"3\",\"route_type_name\":\"Bus\",\"route_color\":\"2BA117\",\"route_text_color\":\"FFFFFF\"}]"},"geometry":{"type":"Point","coordinates":[-77.277952,38.8418383959]}},{"type":"Feature","properties":{"stop_id":"TL-97","stop_code":"46","stop_name":"Pickett Rd at Pickett Shopping Center","stop_desc":"","stop_url":"","location_type":"0","parent_station":"","feed_id":"Virginia__Fairfax_CUE_Bus_(CUE)__mdb_mdb-2885","agency_name":"CUE Bus - City of Fairfax","route_count":1,"route_ids":"TL-2","route_short_names":"","route_types":"3","route_type_names":"Bus","routes_json":"[{\"route_id\":\"TL-2\",\"route_short_name\":\"\",\"route_long_name\":\"Green 2\",\"route_type\":\"3\",\"route_type_name\":\"Bus\",\"route_color\":\"2BA117\",\"route_text_color\":\"FFFFFF\"}]"},"geometry":{"type":"Point","coordinates":[-77.2714302626,38.8430167127]}},{"type":"Feature","properties":{"stop_id":"TL-98","stop_code":"47","stop_name":"Pickett Rd at Mathy Dr (NB)","stop_desc":"","stop_url":"","location_type":"0","parent_station":"","feed_id":"Virginia__Fairfax_CUE_Bus_(CUE)__mdb_mdb-2885","agency_name":"CUE Bus - City of Fairfax","route_count":1,"route_ids":"TL-2","route_short_names":"","route_types":"3","route_type_names":"Bus","routes_json":"[{\"route_id\":\"TL-2\",\"route_short_name\":\"\",\"route_long_name\":\"Green 2\",\"route_type\":\"3\",\"route_type_name\":\"Bus\",\"route_color\":\"2BA117\",\"route_text_color\":\"FFFFFF\"}]"},"geometry":{"type":"Point","coordinates":[-77.2716,38.8442]}},{"type":"Feature","properties":{"stop_id":"TL-99","stop_code":"48","stop_name":"Pickett Rd at Colonial Ave (NB)","stop_desc":"","stop_url":"","location_type":"0","parent_station":"","feed_id":"Virginia__Fairfax_CUE_Bus_(CUE)__mdb_mdb-2885","agency_name":"CUE Bus - City of Fairfax","route_count":1,"route_ids":"TL-2","route_short_names":"","route_types":"3","route_type_names":"Bus","routes_json":"[{\"route_id\":\"TL-2\",\"route_short_name\":\"\",\"route_long_name\":\"Green 2\",\"route_type\":\"3\",\"route_type_name\":\"Bus\",\"route_color\":\"2BA117\",\"route_text_color\":\"FFFFFF\"}]"},"geometry":{"type":"Point","coordinates":[-77.272844254,38.848041423]}},{"type":"Feature","properties":{"stop_id":"TL-100","stop_code":"49","stop_name":"Pickett Rd at Post Office (NB)","stop_desc":"","stop_url":"","location_type":"0","parent_station":"","feed_id":"Virginia__Fairfax_CUE_Bus_(CUE)__mdb_mdb-2885","agency_name":"CUE Bus - City of Fairfax","route_count":1,"route_ids":"TL-2","route_short_names":"","route_types":"3","route_type_names":"Bus","routes_json":"[{\"route_id\":\"TL-2\",\"route_short_name\":\"\",\"route_long_name\":\"Green 2\",\"route_type\":\"3\",\"route_type_name\":\"Bus\",\"route_color\":\"2BA117\",\"route_text_color\":\"FFFFFF\"}]"},"geometry":{"type":"Point","coordinates":[-77.2723231693,38.8508049337]}},{"type":"Feature","properties":{"stop_id":"TL-101","stop_code":"50","stop_name":"Pickett Rd at Barrister's Keep (NB)","stop_desc":"","stop_url":"","location_type":"0","parent_station":"","feed_id":"Virginia__Fairfax_CUE_Bus_(CUE)__mdb_mdb-2885","agency_name":"CUE Bus - City of Fairfax","route_count":1,"route_ids":"TL-2","route_short_names":"","route_types":"3","route_type_names":"Bus","routes_json":"[{\"route_id\":\"TL-2\",\"route_short_name\":\"\",\"route_long_name\":\"Green 2\",\"route_type\":\"3\",\"route_type_name\":\"Bus\",\"route_color\":\"2BA117\",\"route_text_color\":\"FFFFFF\"}]"},"geometry":{"type":"Point","coordinates":[-77.2715,38.8534]}},{"type":"Feature","properties":{"stop_id":"TL-102","stop_code":"51","stop_name":"Pickett Rd at Silver King Ct (NB)","stop_desc":"","stop_url":"","location_type":"0","parent_station":"","feed_id":"Virginia__Fairfax_CUE_Bus_(CUE)__mdb_mdb-2885","agency_name":"CUE Bus - City of Fairfax","route_count":1,"route_ids":"TL-2","route_short_names":"","route_types":"3","route_type_names":"Bus","routes_json":"[{\"route_id\":\"TL-2\",\"route_short_name\":\"\",\"route_long_name\":\"Green 2\",\"route_type\":\"3\",\"route_type_name\":\"Bus\",\"route_color\":\"2BA117\",\"route_text_color\":\"FFFFFF\"}]"},"geometry":{"type":"Point","coordinates":[-77.2707,38.8578]}},{"type":"Feature","properties":{"stop_id":"TL-103","stop_code":"52","stop_name":"Pickett Rd at Thaiss Park (NB)","stop_desc":"","stop_url":"","location_type":"0","parent_station":"","feed_id":"Virginia__Fairfax_CUE_Bus_(CUE)__mdb_mdb-2885","agency_name":"CUE Bus - City of Fairfax","route_count":1,"route_ids":"TL-2","route_short_names":"","route_types":"3","route_type_names":"Bus","routes_json":"[{\"route_id\":\"TL-2\",\"route_short_name\":\"\",\"route_long_name\":\"Green 2\",\"route_type\":\"3\",\"route_type_name\":\"Bus\",\"route_color\":\"2BA117\",\"route_text_color\":\"FFFFFF\"}]"},"geometry":{"type":"Point","coordinates":[-77.2703806012,38.8605435829]}},{"type":"Feature","properties":{"stop_id":"TL-104","stop_code":"53","stop_name":"Old Pickett Rd at Foxcroft Apts","stop_desc":"","stop_url":"","location_type":"0","parent_station":"","feed_id":"Virginia__Fairfax_CUE_Bus_(CUE)__mdb_mdb-2885","agency_name":"CUE Bus - City of Fairfax","route_count":1,"route_ids":"TL-2","route_short_names":"","route_types":"3","route_type_names":"Bus","routes_json":"[{\"route_id\":\"TL-2\",\"route_short_name\":\"\",\"route_long_name\":\"Green 2\",\"route_type\":\"3\",\"route_type_name\":\"Bus\",\"route_color\":\"2BA117\",\"route_text_color\":\"FFFFFF\"}]"},"geometry":{"type":"Point","coordinates":[-77.2731022712,38.8628459471]}},{"type":"Feature","properties":{"stop_id":"TL-105","stop_code":"54","stop_name":"Old Pickett Road at Blenheim Blvd","stop_desc":"","stop_url":"","location_type":"0","parent_station":"","feed_id":"Virginia__Fairfax_CUE_Bus_(CUE)__mdb_mdb-2885","agency_name":"CUE Bus - City of Fairfax","route_count":1,"route_ids":"TL-2","route_short_names":"","route_types":"3","route_type_names":"Bus","routes_json":"[{\"route_id\":\"TL-2\",\"route_short_name\":\"\",\"route_long_name\":\"Green 2\",\"route_type\":\"3\",\"route_type_name\":\"Bus\",\"route_color\":\"2BA117\",\"route_text_color\":\"FFFFFF\"}]"},"geometry":{"type":"Point","coordinates":[-77.2749132712,38.8631767964]}},{"type":"Feature","properties":{"stop_id":"TL-106","stop_code":"1003","stop_name":"Vienna Metro North Bay D","stop_desc":"","stop_url":"","location_type":"0","parent_station":"","feed_id":"Virginia__Fairfax_CUE_Bus_(CUE)__mdb_mdb-2885","agency_name":"CUE Bus - City of Fairfax","route_count":1,"route_ids":"TL-6","route_short_names":"","route_types":"3","route_type_names":"Bus","routes_json":"[{\"route_id\":\"TL-6\",\"route_short_name\":\"\",\"route_long_name\":\"Gold 1\",\"route_type\":\"3\",\"route_type_name\":\"Bus\",\"route_color\":\"F0DA1D\",\"route_text_color\":\"FFFFFF\"}]"},"geometry":{"type":"Point","coordinates":[-77.271463,38.878447]}},{"type":"Feature","properties":{"stop_id":"TL-107","stop_code":"2","stop_name":"Country Creek at Village Spring Lane (WB)","stop_desc":"","stop_url":"","location_type":"0","parent_station":"","feed_id":"Virginia__Fairfax_CUE_Bus_(CUE)__mdb_mdb-2885","agency_name":"CUE Bus - City of Fairfax","route_count":2,"route_ids":"TL-6|TL-7","route_short_names":"","route_types":"3","route_type_names":"Bus","routes_json":"[{\"route_id\":\"TL-6\",\"route_short_name\":\"\",\"route_long_name\":\"Gold 1\",\"route_type\":\"3\",\"route_type_name\":\"Bus\",\"route_color\":\"F0DA1D\",\"route_text_color\":\"FFFFFF\"},{\"route_id\":\"TL-7\",\"route_short_name\":\"\",\"route_long_name\":\"Gold 2\",\"route_type\":\"3\",\"route_type_name\":\"Bus\",\"route_color\":\"F0DA1D\",\"route_text_color\":\"FFFFFF\"}]"},"geometry":{"type":"Point","coordinates":[-77.2783746706,38.8782723396]}},{"type":"Feature","properties":{"stop_id":"TL-108","stop_code":"3","stop_name":"Blake Ln at Five Oaks Rd (SB)","stop_desc":"","stop_url":"","location_type":"0","parent_station":"","feed_id":"Virginia__Fairfax_CUE_Bus_(CUE)__mdb_mdb-2885","agency_name":"CUE Bus - City of Fairfax","route_count":2,"route_ids":"TL-6|TL-7","route_short_names":"","route_types":"3","route_type_names":"Bus","routes_json":"[{\"route_id\":\"TL-6\",\"route_short_name\":\"\",\"route_long_name\":\"Gold 1\",\"route_type\":\"3\",\"route_type_name\":\"Bus\",\"route_color\":\"F0DA1D\",\"route_text_color\":\"FFFFFF\"},{\"route_id\":\"TL-7\",\"route_short_name\":\"\",\"route_long_name\":\"Gold 2\",\"route_type\":\"3\",\"route_type_name\":\"Bus\",\"route_color\":\"F0DA1D\",\"route_text_color\":\"FFFFFF\"}]"},"geometry":{"type":"Point","coordinates":[-77.281803,38.873474]}},{"type":"Feature","properties":{"stop_id":"TL-109","stop_code":"4","stop_name":"Blake Ln at Bel Glade (SB)","stop_desc":"","stop_url":"","location_type":"0","parent_station":"","feed_id":"Virginia__Fairfax_CUE_Bus_(CUE)__mdb_mdb-2885","agency_name":"CUE Bus - City of Fairfax","route_count":2,"route_ids":"TL-6|TL-7","route_short_names":"","route_types":"3","route_type_names":"Bus","routes_json":"[{\"route_id\":\"TL-6\",\"route_short_name\":\"\",\"route_long_name\":\"Gold 1\",\"route_type\":\"3\",\"route_type_name\":\"Bus\",\"route_color\":\"F0DA1D\",\"route_text_color\":\"FFFFFF\"},{\"route_id\":\"TL-7\",\"route_short_name\":\"\",\"route_long_name\":\"Gold 2\",\"route_type\":\"3\",\"route_type_name\":\"Bus\",\"route_color\":\"F0DA1D\",\"route_text_color\":\"FFFFFF\"}]"},"geometry":{"type":"Point","coordinates":[-77.2790894577,38.8709486469]}},{"type":"Feature","properties":{"stop_id":"TL-110","stop_code":"5","stop_name":"Blake Ln at Kingsbridge Dr (SB)","stop_desc":"","stop_url":"","location_type":"0","parent_station":"","feed_id":"Virginia__Fairfax_CUE_Bus_(CUE)__mdb_mdb-2885","agency_name":"CUE Bus - City of Fairfax","route_count":2,"route_ids":"TL-6|TL-7","route_short_names":"","route_types":"3","route_type_names":"Bus","routes_json":"[{\"route_id\":\"TL-6\",\"route_short_name\":\"\",\"route_long_name\":\"Gold 1\",\"route_type\":\"3\",\"route_type_name\":\"Bus\",\"route_color\":\"F0DA1D\",\"route_text_color\":\"FFFFFF\"},{\"route_id\":\"TL-7\",\"route_short_name\":\"\",\"route_long_name\":\"Gold 2\",\"route_type\":\"3\",\"route_type_name\":\"Bus\",\"route_color\":\"F0DA1D\",\"route_text_color\":\"FFFFFF\"}]"},"geometry":{"type":"Point","coordinates":[-77.2776842417,38.8692136753]}},{"type":"Feature","properties":{"stop_id":"TL-111","stop_code":"6","stop_name":"Blake Ln at Blake Ln Loop (SB)","stop_desc":"","stop_url":"","location_type":"0","parent_station":"","feed_id":"Virginia__Fairfax_CUE_Bus_(CUE)__mdb_mdb-2885","agency_name":"CUE Bus - City of Fairfax","route_count":1,"route_ids":"TL-6","route_short_names":"","route_types":"3","route_type_names":"Bus","routes_json":"[{\"route_id\":\"TL-6\",\"route_short_name\":\"\",\"route_long_name\":\"Gold 1\",\"route_type\":\"3\",\"route_type_name\":\"Bus\",\"route_color\":\"F0DA1D\",\"route_text_color\":\"FFFFFF\"}]"},"geometry":{"type":"Point","coordinates":[-77.274857,38.867685]}},{"type":"Feature","properties":{"stop_id":"TL-113","stop_code":"144","stop_name":"Blenheim Blvd at Fx Circle Shopping","stop_desc":"","stop_url":"","location_type":"0","parent_station":"","feed_id":"Virginia__Fairfax_CUE_Bus_(CUE)__mdb_mdb-2885","agency_name":"CUE Bus - City of Fairfax","route_count":1,"route_ids":"TL-6","route_short_names":"","route_types":"3","route_type_names":"Bus","routes_json":"[{\"route_id\":\"TL-6\",\"route_short_name\":\"\",\"route_long_name\":\"Gold 1\",\"route_type\":\"3\",\"route_type_name\":\"Bus\",\"route_color\":\"F0DA1D\",\"route_text_color\":\"FFFFFF\"}]"},"geometry":{"type":"Point","coordinates":[-77.276563,38.862958]}},{"type":"Feature","properties":{"stop_id":"TL-114","stop_code":"145","stop_name":"Blenheim Blvd at Ridge Ave (SB)","stop_desc":"","stop_url":"","location_type":"0","parent_station":"","feed_id":"Virginia__Fairfax_CUE_Bus_(CUE)__mdb_mdb-2885","agency_name":"CUE Bus - City of Fairfax","route_count":1,"route_ids":"TL-6","route_short_names":"","route_types":"3","route_type_names":"Bus","routes_json":"[{\"route_id\":\"TL-6\",\"route_short_name\":\"\",\"route_long_name\":\"Gold 1\",\"route_type\":\"3\",\"route_type_name\":\"Bus\",\"route_color\":\"F0DA1D\",\"route_text_color\":\"FFFFFF\"}]"},"geometry":{"type":"Point","coordinates":[-77.277944,38.861375]}},{"type":"Feature","properties":{"stop_id":"TL-115","stop_code":"146","stop_name":"Blenheim Blvd at Great Oak Dr (SB)","stop_desc":"","stop_url":"","location_type":"0","parent_station":"","feed_id":"Virginia__Fairfax_CUE_Bus_(CUE)__mdb_mdb-2885","agency_name":"CUE Bus - City of Fairfax","route_count":1,"route_ids":"TL-6","route_short_names":"","route_types":"3","route_type_names":"Bus","routes_json":"[{\"route_id\":\"TL-6\",\"route_short_name\":\"\",\"route_long_name\":\"Gold 1\",\"route_type\":\"3\",\"route_type_name\":\"Bus\",\"route_color\":\"F0DA1D\",\"route_text_color\":\"FFFFFF\"}]"},"geometry":{"type":"Point","coordinates":[-77.281372,38.859974]}},{"type":"Feature","properties":{"stop_id":"TL-116","stop_code":"147","stop_name":"Blenheim Blvd at Fairfax High School","stop_desc":"","stop_url":"","location_type":"0","parent_station":"","feed_id":"Virginia__Fairfax_CUE_Bus_(CUE)__mdb_mdb-2885","agency_name":"CUE Bus - City of Fairfax","route_count":1,"route_ids":"TL-6","route_short_names":"","route_types":"3","route_type_names":"Bus","routes_json":"[{\"route_id\":\"TL-6\",\"route_short_name\":\"\",\"route_long_name\":\"Gold 1\",\"route_type\":\"3\",\"route_type_name\":\"Bus\",\"route_color\":\"F0DA1D\",\"route_text_color\":\"FFFFFF\"}]"},"geometry":{"type":"Point","coordinates":[-77.286302,38.858133]}},{"type":"Feature","properties":{"stop_id":"TL-117","stop_code":"148","stop_name":"Blenheim Blvd at Brookwood Dr","stop_desc":"","stop_url":"","location_type":"0","parent_station":"","feed_id":"Virginia__Fairfax_CUE_Bus_(CUE)__mdb_mdb-2885","agency_name":"CUE Bus - City of Fairfax","route_count":1,"route_ids":"TL-6","route_short_names":"","route_types":"3","route_type_names":"Bus","routes_json":"[{\"route_id\":\"TL-6\",\"route_short_name\":\"\",\"route_long_name\":\"Gold 1\",\"route_type\":\"3\",\"route_type_name\":\"Bus\",\"route_color\":\"F0DA1D\",\"route_text_color\":\"FFFFFF\"}]"},"geometry":{"type":"Point","coordinates":[-77.2894,38.8565]}},{"type":"Feature","properties":{"stop_id":"TL-118","stop_code":"191","stop_name":"Blenheim Blvd at Embassy Ln (SB)","stop_desc":"","stop_url":"","location_type":"0","parent_station":"","feed_id":"Virginia__Fairfax_CUE_Bus_(CUE)__mdb_mdb-2885","agency_name":"CUE Bus - City of Fairfax","route_count":1,"route_ids":"TL-6","route_short_names":"","route_types":"3","route_type_names":"Bus","routes_json":"[{\"route_id\":\"TL-6\",\"route_short_name\":\"\",\"route_long_name\":\"Gold 1\",\"route_type\":\"3\",\"route_type_name\":\"Bus\",\"route_color\":\"F0DA1D\",\"route_text_color\":\"FFFFFF\"}]"},"geometry":{"type":"Point","coordinates":[-77.291,38.8556]}},{"type":"Feature","properties":{"stop_id":"TL-119","stop_code":"149","stop_name":"Blenheim Blvd at Heritage Ln (SB)","stop_desc":"","stop_url":"","location_type":"0","parent_station":"","feed_id":"Virginia__Fairfax_CUE_Bus_(CUE)__mdb_mdb-2885","agency_name":"CUE Bus - City of Fairfax","route_count":1,"route_ids":"TL-6","route_short_names":"","route_types":"3","route_type_names":"Bus","routes_json":"[{\"route_id\":\"TL-6\",\"route_short_name\":\"\",\"route_long_name\":\"Gold 1\",\"route_type\":\"3\",\"route_type_name\":\"Bus\",\"route_color\":\"F0DA1D\",\"route_text_color\":\"FFFFFF\"}]"},"geometry":{"type":"Point","coordinates":[-77.292349,38.854861]}},{"type":"Feature","properties":{"stop_id":"TL-120","stop_code":"150","stop_name":"Blenheim Blvd at St. Leo's Church","stop_desc":"","stop_url":"","location_type":"0","parent_station":"","feed_id":"Virginia__Fairfax_CUE_Bus_(CUE)__mdb_mdb-2885","agency_name":"CUE Bus - City of Fairfax","route_count":1,"route_ids":"TL-6","route_short_names":"","route_types":"3","route_type_names":"Bus","routes_json":"[{\"route_id\":\"TL-6\",\"route_short_name\":\"\",\"route_long_name\":\"Gold 1\",\"route_type\":\"3\",\"route_type_name\":\"Bus\",\"route_color\":\"F0DA1D\",\"route_text_color\":\"FFFFFF\"}]"},"geometry":{"type":"Point","coordinates":[-77.296257,38.85275]}},{"type":"Feature","properties":{"stop_id":"TL-121","stop_code":"151","stop_name":"Blenheim Blvd at Layton Hall Dr (SB)","stop_desc":"","stop_url":"","location_type":"0","parent_station":"","feed_id":"Virginia__Fairfax_CUE_Bus_(CUE)__mdb_mdb-2885","agency_name":"CUE Bus - City of Fairfax","route_count":1,"route_ids":"TL-6","route_short_names":"","route_types":"3","route_type_names":"Bus","routes_json":"[{\"route_id\":\"TL-6\",\"route_short_name\":\"\",\"route_long_name\":\"Gold 1\",\"route_type\":\"3\",\"route_type_name\":\"Bus\",\"route_color\":\"F0DA1D\",\"route_text_color\":\"FFFFFF\"}]"},"geometry":{"type":"Point","coordinates":[-77.2992,38.8502]}},{"type":"Feature","properties":{"stop_id":"TL-124","stop_code":"188","stop_name":"West at Fx Courthouse","stop_desc":"","stop_url":"","location_type":"0","parent_station":"","feed_id":"Virginia__Fairfax_CUE_Bus_(CUE)__mdb_mdb-2885","agency_name":"CUE Bus - City of Fairfax","route_count":1,"route_ids":"TL-6","route_short_names":"","route_types":"3","route_type_names":"Bus","routes_json":"[{\"route_id\":\"TL-6\",\"route_short_name\":\"\",\"route_long_name\":\"Gold 1\",\"route_type\":\"3\",\"route_type_name\":\"Bus\",\"route_color\":\"F0DA1D\",\"route_text_color\":\"FFFFFF\"}]"},"geometry":{"type":"Point","coordinates":[-77.3082,38.8446]}},{"type":"Feature","properties":{"stop_id":"TL-125","stop_code":"87","stop_name":"Main Street at Fairfax Bldg","stop_desc":"","stop_url":"","location_type":"0","parent_station":"","feed_id":"Virginia__Fairfax_CUE_Bus_(CUE)__mdb_mdb-2885","agency_name":"CUE Bus - City of Fairfax","route_count":1,"route_ids":"TL-6","route_short_names":"","route_types":"3","route_type_names":"Bus","routes_json":"[{\"route_id\":\"TL-6\",\"route_short_name\":\"\",\"route_long_name\":\"Gold 1\",\"route_type\":\"3\",\"route_type_name\":\"Bus\",\"route_color\":\"F0DA1D\",\"route_text_color\":\"FFFFFF\"}]"},"geometry":{"type":"Point","coordinates":[-77.310382,38.847531]}},{"type":"Feature","properties":{"stop_id":"TL-126","stop_code":"86","stop_name":"Main St at Railroad Ave","stop_desc":"","stop_url":"","location_type":"0","parent_station":"","feed_id":"Virginia__Fairfax_CUE_Bus_(CUE)__mdb_mdb-2885","agency_name":"CUE Bus - City of Fairfax","route_count":1,"route_ids":"TL-6","route_short_names":"","route_types":"3","route_type_names":"Bus","routes_json":"[{\"route_id\":\"TL-6\",\"route_short_name\":\"\",\"route_long_name\":\"Gold 1\",\"route_type\":\"3\",\"route_type_name\":\"Bus\",\"route_color\":\"F0DA1D\",\"route_text_color\":\"FFFFFF\"}]"},"geometry":{"type":"Point","coordinates":[-77.313132,38.848501]}},{"type":"Feature","properties":{"stop_id":"TL-127","stop_code":"155","stop_name":"Main St at Keith Ave (NB)","stop_desc":"","stop_url":"","location_type":"0","parent_station":"","feed_id":"Virginia__Fairfax_CUE_Bus_(CUE)__mdb_mdb-2885","agency_name":"CUE Bus - City of Fairfax","route_count":1,"route_ids":"TL-6","route_short_names":"","route_types":"3","route_type_names":"Bus","routes_json":"[{\"route_id\":\"TL-6\",\"route_short_name\":\"\",\"route_long_name\":\"Gold 1\",\"route_type\":\"3\",\"route_type_name\":\"Bus\",\"route_color\":\"F0DA1D\",\"route_text_color\":\"FFFFFF\"}]"},"geometry":{"type":"Point","coordinates":[-77.3151,38.8492]}},{"type":"Feature","properties":{"stop_id":"TL-128","stop_code":"156","stop_name":"Main St at Oak St (NB)","stop_desc":"","stop_url":"","location_type":"0","parent_station":"","feed_id":"Virginia__Fairfax_CUE_Bus_(CUE)__mdb_mdb-2885","agency_name":"CUE Bus - City of Fairfax","route_count":1,"route_ids":"TL-6","route_short_names":"","route_types":"3","route_type_names":"Bus","routes_json":"[{\"route_id\":\"TL-6\",\"route_short_name\":\"\",\"route_long_name\":\"Gold 1\",\"route_type\":\"3\",\"route_type_name\":\"Bus\",\"route_color\":\"F0DA1D\",\"route_text_color\":\"FFFFFF\"}]"},"geometry":{"type":"Point","coordinates":[-77.317395,38.850087]}},{"type":"Feature","properties":{"stop_id":"TL-129","stop_code":"157","stop_name":"Main St at Hallman St (NB)","stop_desc":"","stop_url":"","location_type":"0","parent_station":"","feed_id":"Virginia__Fairfax_CUE_Bus_(CUE)__mdb_mdb-2885","agency_name":"CUE Bus - City of Fairfax","route_count":1,"route_ids":"TL-6","route_short_names":"","route_types":"3","route_type_names":"Bus","routes_json":"[{\"route_id\":\"TL-6\",\"route_short_name\":\"\",\"route_long_name\":\"Gold 1\",\"route_type\":\"3\",\"route_type_name\":\"Bus\",\"route_color\":\"F0DA1D\",\"route_text_color\":\"FFFFFF\"}]"},"geometry":{"type":"Point","coordinates":[-77.320723,38.851471]}},{"type":"Feature","properties":{"stop_id":"TL-130","stop_code":"158","stop_name":"Main St at Chipotle (Holly)","stop_desc":"","stop_url":"","location_type":"0","parent_station":"","feed_id":"Virginia__Fairfax_CUE_Bus_(CUE)__mdb_mdb-2885","agency_name":"CUE Bus - City of Fairfax","route_count":1,"route_ids":"TL-6","route_short_names":"","route_types":"3","route_type_names":"Bus","routes_json":"[{\"route_id\":\"TL-6\",\"route_short_name\":\"\",\"route_long_name\":\"Gold 1\",\"route_type\":\"3\",\"route_type_name\":\"Bus\",\"route_color\":\"F0DA1D\",\"route_text_color\":\"FFFFFF\"}]"},"geometry":{"type":"Point","coordinates":[-77.326864,38.852496]}},{"type":"Feature","properties":{"stop_id":"TL-131","stop_code":"159","stop_name":"Main St at Hilltop Shopping Center","stop_desc":"","stop_url":"","location_type":"0","parent_station":"","feed_id":"Virginia__Fairfax_CUE_Bus_(CUE)__mdb_mdb-2885","agency_name":"CUE Bus - City of Fairfax","route_count":1,"route_ids":"TL-6","route_short_names":"","route_types":"3","route_type_names":"Bus","routes_json":"[{\"route_id\":\"TL-6\",\"route_short_name\":\"\",\"route_long_name\":\"Gold 1\",\"route_type\":\"3\",\"route_type_name\":\"Bus\",\"route_color\":\"F0DA1D\",\"route_text_color\":\"FFFFFF\"}]"},"geometry":{"type":"Point","coordinates":[-77.330155,38.852103]}},{"type":"Feature","properties":{"stop_id":"TL-132","stop_code":"160","stop_name":"Main St at Jermantown Rd","stop_desc":"","stop_url":"","location_type":"0","parent_station":"","feed_id":"Virginia__Fairfax_CUE_Bus_(CUE)__mdb_mdb-2885","agency_name":"CUE Bus - City of Fairfax","route_count":1,"route_ids":"TL-6","route_short_names":"","route_types":"3","route_type_names":"Bus","routes_json":"[{\"route_id\":\"TL-6\",\"route_short_name\":\"\",\"route_long_name\":\"Gold 1\",\"route_type\":\"3\",\"route_type_name\":\"Bus\",\"route_color\":\"F0DA1D\",\"route_text_color\":\"FFFFFF\"}]"},"geometry":{"type":"Point","coordinates":[-77.331682,38.851921]}},{"type":"Feature","properties":{"stop_id":"TL-133","stop_code":"161","stop_name":"Jermantown Rd at Jermantown Square (NB)","stop_desc":"","stop_url":"","location_type":"0","parent_station":"","feed_id":"Virginia__Fairfax_CUE_Bus_(CUE)__mdb_mdb-2885","agency_name":"CUE Bus - City of Fairfax","route_count":1,"route_ids":"TL-6","route_short_names":"","route_types":"3","route_type_names":"Bus","routes_json":"[{\"route_id\":\"TL-6\",\"route_short_name\":\"\",\"route_long_name\":\"Gold 1\",\"route_type\":\"3\",\"route_type_name\":\"Bus\",\"route_color\":\"F0DA1D\",\"route_text_color\":\"FFFFFF\"}]"},"geometry":{"type":"Point","coordinates":[-77.3322118981,38.8522730658]}},{"type":"Feature","properties":{"stop_id":"TL-134","stop_code":"162","stop_name":"Jermantown Rd at James Swarts (NB)","stop_desc":"","stop_url":"","location_type":"0","parent_station":"","feed_id":"Virginia__Fairfax_CUE_Bus_(CUE)__mdb_mdb-2885","agency_name":"CUE Bus - City of Fairfax","route_count":1,"route_ids":"TL-6","route_short_names":"","route_types":"3","route_type_names":"Bus","routes_json":"[{\"route_id\":\"TL-6\",\"route_short_name\":\"\",\"route_long_name\":\"Gold 1\",\"route_type\":\"3\",\"route_type_name\":\"Bus\",\"route_color\":\"F0DA1D\",\"route_text_color\":\"FFFFFF\"}]"},"geometry":{"type":"Point","coordinates":[-77.3326458049,38.853553]}},{"type":"Feature","properties":{"stop_id":"TL-135","stop_code":"163","stop_name":"Jermantown Rd at Fairfax Blvd (NB)","stop_desc":"","stop_url":"","location_type":"0","parent_station":"","feed_id":"Virginia__Fairfax_CUE_Bus_(CUE)__mdb_mdb-2885","agency_name":"CUE Bus - City of Fairfax","route_count":1,"route_ids":"TL-6","route_short_names":"","route_types":"3","route_type_names":"Bus","routes_json":"[{\"route_id\":\"TL-6\",\"route_short_name\":\"\",\"route_long_name\":\"Gold 1\",\"route_type\":\"3\",\"route_type_name\":\"Bus\",\"route_color\":\"F0DA1D\",\"route_text_color\":\"FFFFFF\"}]"},"geometry":{"type":"Point","coordinates":[-77.332528,38.855507]}},{"type":"Feature","properties":{"stop_id":"TL-136","stop_code":"164","stop_name":"Jermantown Rd at Comfort Inn (NB)","stop_desc":"","stop_url":"","location_type":"0","parent_station":"","feed_id":"Virginia__Fairfax_CUE_Bus_(CUE)__mdb_mdb-2885","agency_name":"CUE Bus - City of Fairfax","route_count":1,"route_ids":"TL-6","route_short_names":"","route_types":"3","route_type_names":"Bus","routes_json":"[{\"route_id\":\"TL-6\",\"route_short_name\":\"\",\"route_long_name\":\"Gold 1\",\"route_type\":\"3\",\"route_type_name\":\"Bus\",\"route_color\":\"F0DA1D\",\"route_text_color\":\"FFFFFF\"}]"},"geometry":{"type":"Point","coordinates":[-77.331027,38.857474]}},{"type":"Feature","properties":{"stop_id":"TL-137","stop_code":"165","stop_name":"Jermantown Rd at Fair Haven Ct (NB)","stop_desc":"","stop_url":"","location_type":"0","parent_station":"","feed_id":"Virginia__Fairfax_CUE_Bus_(CUE)__mdb_mdb-2885","agency_name":"CUE Bus - City of Fairfax","route_count":1,"route_ids":"TL-6","route_short_names":"","route_types":"3","route_type_names":"Bus","routes_json":"[{\"route_id\":\"TL-6\",\"route_short_name\":\"\",\"route_long_name\":\"Gold 1\",\"route_type\":\"3\",\"route_type_name\":\"Bus\",\"route_color\":\"F0DA1D\",\"route_text_color\":\"FFFFFF\"}]"},"geometry":{"type":"Point","coordinates":[-77.329138,38.859462]}},{"type":"Feature","properties":{"stop_id":"TL-138","stop_code":"166","stop_name":"Jermantown Rd at Cavalier Ct (NB)","stop_desc":"","stop_url":"","location_type":"0","parent_station":"","feed_id":"Virginia__Fairfax_CUE_Bus_(CUE)__mdb_mdb-2885","agency_name":"CUE Bus - City of Fairfax","route_count":1,"route_ids":"TL-6","route_short_names":"","route_types":"3","route_type_names":"Bus","routes_json":"[{\"route_id\":\"TL-6\",\"route_short_name\":\"\",\"route_long_name\":\"Gold 1\",\"route_type\":\"3\",\"route_type_name\":\"Bus\",\"route_color\":\"F0DA1D\",\"route_text_color\":\"FFFFFF\"}]"},"geometry":{"type":"Point","coordinates":[-77.3269071313,38.8616730261]}},{"type":"Feature","properties":{"stop_id":"TL-139","stop_code":"167","stop_name":"Orchard St at Bevan Dr (EB)","stop_desc":"","stop_url":"","location_type":"0","parent_station":"","feed_id":"Virginia__Fairfax_CUE_Bus_(CUE)__mdb_mdb-2885","agency_name":"CUE Bus - City of Fairfax","route_count":1,"route_ids":"TL-6","route_short_names":"","route_types":"3","route_type_names":"Bus","routes_json":"[{\"route_id\":\"TL-6\",\"route_short_name\":\"\",\"route_long_name\":\"Gold 1\",\"route_type\":\"3\",\"route_type_name\":\"Bus\",\"route_color\":\"F0DA1D\",\"route_text_color\":\"FFFFFF\"}]"},"geometry":{"type":"Point","coordinates":[-77.3251414663,38.8615874585]}},{"type":"Feature","properties":{"stop_id":"TL-140","stop_code":"168","stop_name":"Bevan Dr at Johnson School","stop_desc":"","stop_url":"","location_type":"0","parent_station":"","feed_id":"Virginia__Fairfax_CUE_Bus_(CUE)__mdb_mdb-2885","agency_name":"CUE Bus - City of Fairfax","route_count":1,"route_ids":"TL-6","route_short_names":"","route_types":"3","route_type_names":"Bus","routes_json":"[{\"route_id\":\"TL-6\",\"route_short_name\":\"\",\"route_long_name\":\"Gold 1\",\"route_type\":\"3\",\"route_type_name\":\"Bus\",\"route_color\":\"F0DA1D\",\"route_text_color\":\"FFFFFF\"}]"},"geometry":{"type":"Point","coordinates":[-77.3264,38.8595]}},{"type":"Feature","properties":{"stop_id":"TL-141","stop_code":"195","stop_name":"Warwick Ave and Bevan Drive (EB)","stop_desc":"","stop_url":"","location_type":"0","parent_station":"","feed_id":"Virginia__Fairfax_CUE_Bus_(CUE)__mdb_mdb-2885","agency_name":"CUE Bus - City of Fairfax","route_count":1,"route_ids":"TL-6","route_short_names":"","route_types":"3","route_type_names":"Bus","routes_json":"[{\"route_id\":\"TL-6\",\"route_short_name\":\"\",\"route_long_name\":\"Gold 1\",\"route_type\":\"3\",\"route_type_name\":\"Bus\",\"route_color\":\"F0DA1D\",\"route_text_color\":\"FFFFFF\"}]"},"geometry":{"type":"Point","coordinates":[-77.3261283178,38.8592568355]}},{"type":"Feature","properties":{"stop_id":"TL-142","stop_code":"169","stop_name":"Warwick Ave at Hill St (EB)","stop_desc":"","stop_url":"","location_type":"0","parent_station":"","feed_id":"Virginia__Fairfax_CUE_Bus_(CUE)__mdb_mdb-2885","agency_name":"CUE Bus - City of Fairfax","route_count":1,"route_ids":"TL-6","route_short_names":"","route_types":"3","route_type_names":"Bus","routes_json":"[{\"route_id\":\"TL-6\",\"route_short_name\":\"\",\"route_long_name\":\"Gold 1\",\"route_type\":\"3\",\"route_type_name\":\"Bus\",\"route_color\":\"F0DA1D\",\"route_text_color\":\"FFFFFF\"}]"},"geometry":{"type":"Point","coordinates":[-77.3225320117,38.8583156898]}},{"type":"Feature","properties":{"stop_id":"TL-143","stop_code":"170","stop_name":"Warwick Ave at Meredith Dr (EB)","stop_desc":"","stop_url":"","location_type":"0","parent_station":"","feed_id":"Virginia__Fairfax_CUE_Bus_(CUE)__mdb_mdb-2885","agency_name":"CUE Bus - City of Fairfax","route_count":1,"route_ids":"TL-6","route_short_names":"","route_types":"3","route_type_names":"Bus","routes_json":"[{\"route_id\":\"TL-6\",\"route_short_name\":\"\",\"route_long_name\":\"Gold 1\",\"route_type\":\"3\",\"route_type_name\":\"Bus\",\"route_color\":\"F0DA1D\",\"route_text_color\":\"FFFFFF\"}]"},"geometry":{"type":"Point","coordinates":[-77.3173475509,38.857201606]}},{"type":"Feature","properties":{"stop_id":"TL-144","stop_code":"196","stop_name":"Warwick Ave at Shops at Ffx (EB)","stop_desc":"","stop_url":"","location_type":"0","parent_station":"","feed_id":"Virginia__Fairfax_CUE_Bus_(CUE)__mdb_mdb-2885","agency_name":"CUE Bus - City of Fairfax","route_count":1,"route_ids":"TL-6","route_short_names":"","route_types":"3","route_type_names":"Bus","routes_json":"[{\"route_id\":\"TL-6\",\"route_short_name\":\"\",\"route_long_name\":\"Gold 1\",\"route_type\":\"3\",\"route_type_name\":\"Bus\",\"route_color\":\"F0DA1D\",\"route_text_color\":\"FFFFFF\"}]"},"geometry":{"type":"Point","coordinates":[-77.3153379067,38.8569525614]}},{"type":"Feature","properties":{"stop_id":"TL-145","stop_code":"172","stop_name":"Fairfax Blvd at McLean Ave","stop_desc":"","stop_url":"","location_type":"0","parent_station":"","feed_id":"Virginia__Fairfax_CUE_Bus_(CUE)__mdb_mdb-2885","agency_name":"CUE Bus - City of Fairfax","route_count":1,"route_ids":"TL-6","route_short_names":"","route_types":"3","route_type_names":"Bus","routes_json":"[{\"route_id\":\"TL-6\",\"route_short_name\":\"\",\"route_long_name\":\"Gold 1\",\"route_type\":\"3\",\"route_type_name\":\"Bus\",\"route_color\":\"F0DA1D\",\"route_text_color\":\"FFFFFF\"}]"},"geometry":{"type":"Point","coordinates":[-77.311047,38.856963]}},{"type":"Feature","properties":{"stop_id":"TL-146","stop_code":"173","stop_name":"Fairfax Blvd at Denny's Rest","stop_desc":"","stop_url":"","location_type":"0","parent_station":"","feed_id":"Virginia__Fairfax_CUE_Bus_(CUE)__mdb_mdb-2885","agency_name":"CUE Bus - City of Fairfax","route_count":1,"route_ids":"TL-6","route_short_names":"","route_types":"3","route_type_names":"Bus","routes_json":"[{\"route_id\":\"TL-6\",\"route_short_name\":\"\",\"route_long_name\":\"Gold 1\",\"route_type\":\"3\",\"route_type_name\":\"Bus\",\"route_color\":\"F0DA1D\",\"route_text_color\":\"FFFFFF\"}]"},"geometry":{"type":"Point","coordinates":[-77.30648,38.8585]}},{"type":"Feature","properties":{"stop_id":"TL-147","stop_code":"174","stop_name":"Fairfax Blvd at University Dr","stop_desc":"","stop_url":"","location_type":"0","parent_station":"","feed_id":"Virginia__Fairfax_CUE_Bus_(CUE)__mdb_mdb-2885","agency_name":"CUE Bus - City of Fairfax","route_count":1,"route_ids":"TL-6","route_short_names":"","route_types":"3","route_type_names":"Bus","routes_json":"[{\"route_id\":\"TL-6\",\"route_short_name\":\"\",\"route_long_name\":\"Gold 1\",\"route_type\":\"3\",\"route_type_name\":\"Bus\",\"route_color\":\"F0DA1D\",\"route_text_color\":\"FFFFFF\"}]"},"geometry":{"type":"Point","coordinates":[-77.303914,38.859499]}},{"type":"Feature","properties":{"stop_id":"TL-148","stop_code":"175","stop_name":"Fairfax Blvd at Eaton Pl","stop_desc":"","stop_url":"","location_type":"0","parent_station":"","feed_id":"Virginia__Fairfax_CUE_Bus_(CUE)__mdb_mdb-2885","agency_name":"CUE Bus - City of Fairfax","route_count":1,"route_ids":"TL-6","route_short_names":"","route_types":"3","route_type_names":"Bus","routes_json":"[{\"route_id\":\"TL-6\",\"route_short_name\":\"\",\"route_long_name\":\"Gold 1\",\"route_type\":\"3\",\"route_type_name\":\"Bus\",\"route_color\":\"F0DA1D\",\"route_text_color\":\"FFFFFF\"}]"},"geometry":{"type":"Point","coordinates":[-77.3013,38.8603]}},{"type":"Feature","properties":{"stop_id":"TL-150","stop_code":"176","stop_name":"Draper Drive at Fairfax Blvd","stop_desc":"","stop_url":"","location_type":"0","parent_station":"","feed_id":"Virginia__Fairfax_CUE_Bus_(CUE)__mdb_mdb-2885","agency_name":"CUE Bus - City of Fairfax","route_count":1,"route_ids":"TL-6","route_short_names":"","route_types":"3","route_type_names":"Bus","routes_json":"[{\"route_id\":\"TL-6\",\"route_short_name\":\"\",\"route_long_name\":\"Gold 1\",\"route_type\":\"3\",\"route_type_name\":\"Bus\",\"route_color\":\"F0DA1D\",\"route_text_color\":\"FFFFFF\"}]"},"geometry":{"type":"Point","coordinates":[-77.2813,38.8645]}},{"type":"Feature","properties":{"stop_id":"TL-151","stop_code":"177","stop_name":"Draper Dr at Beech Dr","stop_desc":"","stop_url":"","location_type":"0","parent_station":"","feed_id":"Virginia__Fairfax_CUE_Bus_(CUE)__mdb_mdb-2885","agency_name":"CUE Bus - City of Fairfax","route_count":1,"route_ids":"TL-6","route_short_names":"","route_types":"3","route_type_names":"Bus","routes_json":"[{\"route_id\":\"TL-6\",\"route_short_name\":\"\",\"route_long_name\":\"Gold 1\",\"route_type\":\"3\",\"route_type_name\":\"Bus\",\"route_color\":\"F0DA1D\",\"route_text_color\":\"FFFFFF\"}]"},"geometry":{"type":"Point","coordinates":[-77.281217,38.866724]}},{"type":"Feature","properties":{"stop_id":"TL-152","stop_code":"178","stop_name":"Kingsbridge Dr at Kings Crown Ct (EB)","stop_desc":"","stop_url":"","location_type":"0","parent_station":"","feed_id":"Virginia__Fairfax_CUE_Bus_(CUE)__mdb_mdb-2885","agency_name":"CUE Bus - City of Fairfax","route_count":1,"route_ids":"TL-6","route_short_names":"","route_types":"3","route_type_names":"Bus","routes_json":"[{\"route_id\":\"TL-6\",\"route_short_name\":\"\",\"route_long_name\":\"Gold 1\",\"route_type\":\"3\",\"route_type_name\":\"Bus\",\"route_color\":\"F0DA1D\",\"route_text_color\":\"FFFFFF\"}]"},"geometry":{"type":"Point","coordinates":[-77.2799563178,38.8682995706]}},{"type":"Feature","properties":{"stop_id":"TL-153","stop_code":"57","stop_name":"Blake Lane at Lindenbrook Street","stop_desc":"","stop_url":"","location_type":"0","parent_station":"","feed_id":"Virginia__Fairfax_CUE_Bus_(CUE)__mdb_mdb-2885","agency_name":"CUE Bus - City of Fairfax","route_count":2,"route_ids":"TL-6|TL-7","route_short_names":"","route_types":"3","route_type_names":"Bus","routes_json":"[{\"route_id\":\"TL-6\",\"route_short_name\":\"\",\"route_long_name\":\"Gold 1\",\"route_type\":\"3\",\"route_type_name\":\"Bus\",\"route_color\":\"F0DA1D\",\"route_text_color\":\"FFFFFF\"},{\"route_id\":\"TL-7\",\"route_short_name\":\"\",\"route_long_name\":\"Gold 2\",\"route_type\":\"3\",\"route_type_name\":\"Bus\",\"route_color\":\"F0DA1D\",\"route_text_color\":\"FFFFFF\"}]"},"geometry":{"type":"Point","coordinates":[-77.2774578135,38.8693045013]}},{"type":"Feature","properties":{"stop_id":"TL-154","stop_code":"58","stop_name":"Blake Ln at Bel Glade (NB)","stop_desc":"","stop_url":"","location_type":"0","parent_station":"","feed_id":"Virginia__Fairfax_CUE_Bus_(CUE)__mdb_mdb-2885","agency_name":"CUE Bus - City of Fairfax","route_count":2,"route_ids":"TL-6|TL-7","route_short_names":"","route_types":"3","route_type_names":"Bus","routes_json":"[{\"route_id\":\"TL-6\",\"route_short_name\":\"\",\"route_long_name\":\"Gold 1\",\"route_type\":\"3\",\"route_type_name\":\"Bus\",\"route_color\":\"F0DA1D\",\"route_text_color\":\"FFFFFF\"},{\"route_id\":\"TL-7\",\"route_short_name\":\"\",\"route_long_name\":\"Gold 2\",\"route_type\":\"3\",\"route_type_name\":\"Bus\",\"route_color\":\"F0DA1D\",\"route_text_color\":\"FFFFFF\"}]"},"geometry":{"type":"Point","coordinates":[-77.2789004491,38.8710467061]}},{"type":"Feature","properties":{"stop_id":"TL-155","stop_code":"59","stop_name":"Blake Ln at Five Oaks Rd (NB)","stop_desc":"","stop_url":"","location_type":"0","parent_station":"","feed_id":"Virginia__Fairfax_CUE_Bus_(CUE)__mdb_mdb-2885","agency_name":"CUE Bus - City of Fairfax","route_count":2,"route_ids":"TL-6|TL-7","route_short_names":"","route_types":"3","route_type_names":"Bus","routes_json":"[{\"route_id\":\"TL-6\",\"route_short_name\":\"\",\"route_long_name\":\"Gold 1\",\"route_type\":\"3\",\"route_type_name\":\"Bus\",\"route_color\":\"F0DA1D\",\"route_text_color\":\"FFFFFF\"},{\"route_id\":\"TL-7\",\"route_short_name\":\"\",\"route_long_name\":\"Gold 2\",\"route_type\":\"3\",\"route_type_name\":\"Bus\",\"route_color\":\"F0DA1D\",\"route_text_color\":\"FFFFFF\"}]"},"geometry":{"type":"Point","coordinates":[-77.281406,38.873411]}},{"type":"Feature","properties":{"stop_id":"TL-156","stop_code":"60","stop_name":"Country Creek at Village Spring Lane (EB)","stop_desc":"","stop_url":"","location_type":"0","parent_station":"","feed_id":"Virginia__Fairfax_CUE_Bus_(CUE)__mdb_mdb-2885","agency_name":"CUE Bus - City of Fairfax","route_count":2,"route_ids":"TL-6|TL-7","route_short_names":"","route_types":"3","route_type_names":"Bus","routes_json":"[{\"route_id\":\"TL-6\",\"route_short_name\":\"\",\"route_long_name\":\"Gold 1\",\"route_type\":\"3\",\"route_type_name\":\"Bus\",\"route_color\":\"F0DA1D\",\"route_text_color\":\"FFFFFF\"},{\"route_id\":\"TL-7\",\"route_short_name\":\"\",\"route_long_name\":\"Gold 2\",\"route_type\":\"3\",\"route_type_name\":\"Bus\",\"route_color\":\"F0DA1D\",\"route_text_color\":\"FFFFFF\"}]"},"geometry":{"type":"Point","coordinates":[-77.2783813528,38.8782332075]}},{"type":"Feature","properties":{"stop_id":"TL-157","stop_code":"1004","stop_name":"Vienna Metro North Bay E","stop_desc":"","stop_url":"","location_type":"0","parent_station":"","feed_id":"Virginia__Fairfax_CUE_Bus_(CUE)__mdb_mdb-2885","agency_name":"CUE Bus - City of Fairfax","route_count":1,"route_ids":"TL-7","route_short_names":"","route_types":"3","route_type_names":"Bus","routes_json":"[{\"route_id\":\"TL-7\",\"route_short_name\":\"\",\"route_long_name\":\"Gold 2\",\"route_type\":\"3\",\"route_type_name\":\"Bus\",\"route_color\":\"F0DA1D\",\"route_text_color\":\"FFFFFF\"}]"},"geometry":{"type":"Point","coordinates":[-77.271345,38.878837]}},{"type":"Feature","properties":{"stop_id":"TL-158","stop_code":"61","stop_name":"Kingsbridge Dr at Kings Crown Ct (WB)","stop_desc":"","stop_url":"","location_type":"0","parent_station":"","feed_id":"Virginia__Fairfax_CUE_Bus_(CUE)__mdb_mdb-2885","agency_name":"CUE Bus - City of Fairfax","route_count":1,"route_ids":"TL-7","route_short_names":"","route_types":"3","route_type_names":"Bus","routes_json":"[{\"route_id\":\"TL-7\",\"route_short_name\":\"\",\"route_long_name\":\"Gold 2\",\"route_type\":\"3\",\"route_type_name\":\"Bus\",\"route_color\":\"F0DA1D\",\"route_text_color\":\"FFFFFF\"}]"},"geometry":{"type":"Point","coordinates":[-77.2799367116,38.8683591131]}},{"type":"Feature","properties":{"stop_id":"TL-159","stop_code":"62","stop_name":"Draper Dr at Beech Dr (SB)","stop_desc":"","stop_url":"","location_type":"0","parent_station":"","feed_id":"Virginia__Fairfax_CUE_Bus_(CUE)__mdb_mdb-2885","agency_name":"CUE Bus - City of Fairfax","route_count":1,"route_ids":"TL-7","route_short_names":"","route_types":"3","route_type_names":"Bus","routes_json":"[{\"route_id\":\"TL-7\",\"route_short_name\":\"\",\"route_long_name\":\"Gold 2\",\"route_type\":\"3\",\"route_type_name\":\"Bus\",\"route_color\":\"F0DA1D\",\"route_text_color\":\"FFFFFF\"}]"},"geometry":{"type":"Point","coordinates":[-77.28136,38.866785]}},{"type":"Feature","properties":{"stop_id":"TL-160","stop_code":"63","stop_name":"Draper Drive at Fairfax Blvd (SB)","stop_desc":"","stop_url":"","location_type":"0","parent_station":"","feed_id":"Virginia__Fairfax_CUE_Bus_(CUE)__mdb_mdb-2885","agency_name":"CUE Bus - City of Fairfax","route_count":1,"route_ids":"TL-7","route_short_names":"","route_types":"3","route_type_names":"Bus","routes_json":"[{\"route_id\":\"TL-7\",\"route_short_name\":\"\",\"route_long_name\":\"Gold 2\",\"route_type\":\"3\",\"route_type_name\":\"Bus\",\"route_color\":\"F0DA1D\",\"route_text_color\":\"FFFFFF\"}]"},"geometry":{"type":"Point","coordinates":[-77.2814120699,38.8644968673]}},{"type":"Feature","properties":{"stop_id":"TL-161","stop_code":"64","stop_name":"Fairfax Blvd at Eaton Pl (WB)","stop_desc":"","stop_url":"","location_type":"0","parent_station":"","feed_id":"Virginia__Fairfax_CUE_Bus_(CUE)__mdb_mdb-2885","agency_name":"CUE Bus - City of Fairfax","route_count":1,"route_ids":"TL-7","route_short_names":"","route_types":"3","route_type_names":"Bus","routes_json":"[{\"route_id\":\"TL-7\",\"route_short_name\":\"\",\"route_long_name\":\"Gold 2\",\"route_type\":\"3\",\"route_type_name\":\"Bus\",\"route_color\":\"F0DA1D\",\"route_text_color\":\"FFFFFF\"}]"},"geometry":{"type":"Point","coordinates":[-77.3018268221,38.860354303]}},{"type":"Feature","properties":{"stop_id":"TL-162","stop_code":"65","stop_name":"Fairfax Blvd at University Dr (WB)","stop_desc":"","stop_url":"","location_type":"0","parent_station":"","feed_id":"Virginia__Fairfax_CUE_Bus_(CUE)__mdb_mdb-2885","agency_name":"CUE Bus - City of Fairfax","route_count":1,"route_ids":"TL-7","route_short_names":"","route_types":"3","route_type_names":"Bus","routes_json":"[{\"route_id\":\"TL-7\",\"route_short_name\":\"\",\"route_long_name\":\"Gold 2\",\"route_type\":\"3\",\"route_type_name\":\"Bus\",\"route_color\":\"F0DA1D\",\"route_text_color\":\"FFFFFF\"}]"},"geometry":{"type":"Point","coordinates":[-77.303966589,38.859608279]}},{"type":"Feature","properties":{"stop_id":"TL-163","stop_code":"66","stop_name":"Fairfax Blvd at Chain Bridge Rd","stop_desc":"","stop_url":"","location_type":"0","parent_station":"","feed_id":"Virginia__Fairfax_CUE_Bus_(CUE)__mdb_mdb-2885","agency_name":"CUE Bus - City of Fairfax","route_count":1,"route_ids":"TL-7","route_short_names":"","route_types":"3","route_type_names":"Bus","routes_json":"[{\"route_id\":\"TL-7\",\"route_short_name\":\"\",\"route_long_name\":\"Gold 2\",\"route_type\":\"3\",\"route_type_name\":\"Bus\",\"route_color\":\"F0DA1D\",\"route_text_color\":\"FFFFFF\"}]"},"geometry":{"type":"Point","coordinates":[-77.3072838049,38.8584323796]}},{"type":"Feature","properties":{"stop_id":"TL-164","stop_code":"67","stop_name":"Fairfax Blvd at McLean Ave (WB)","stop_desc":"","stop_url":"","location_type":"0","parent_station":"","feed_id":"Virginia__Fairfax_CUE_Bus_(CUE)__mdb_mdb-2885","agency_name":"CUE Bus - City of Fairfax","route_count":1,"route_ids":"TL-7","route_short_names":"","route_types":"3","route_type_names":"Bus","routes_json":"[{\"route_id\":\"TL-7\",\"route_short_name\":\"\",\"route_long_name\":\"Gold 2\",\"route_type\":\"3\",\"route_type_name\":\"Bus\",\"route_color\":\"F0DA1D\",\"route_text_color\":\"FFFFFF\"}]"},"geometry":{"type":"Point","coordinates":[-77.311677,38.856849]}},{"type":"Feature","properties":{"stop_id":"TL-165","stop_code":"68","stop_name":"Warwick Ave at Burrows Ave (WB)","stop_desc":"","stop_url":"","location_type":"0","parent_station":"","feed_id":"Virginia__Fairfax_CUE_Bus_(CUE)__mdb_mdb-2885","agency_name":"CUE Bus - City of Fairfax","route_count":1,"route_ids":"TL-7","route_short_names":"","route_types":"3","route_type_names":"Bus","routes_json":"[{\"route_id\":\"TL-7\",\"route_short_name\":\"\",\"route_long_name\":\"Gold 2\",\"route_type\":\"3\",\"route_type_name\":\"Bus\",\"route_color\":\"F0DA1D\",\"route_text_color\":\"FFFFFF\"}]"},"geometry":{"type":"Point","coordinates":[-77.3149,38.857]}},{"type":"Feature","properties":{"stop_id":"TL-166","stop_code":"69","stop_name":"Warwick Ave at Meredith Dr (WB)","stop_desc":"","stop_url":"","location_type":"0","parent_station":"","feed_id":"Virginia__Fairfax_CUE_Bus_(CUE)__mdb_mdb-2885","agency_name":"CUE Bus - City of Fairfax","route_count":1,"route_ids":"TL-7","route_short_names":"","route_types":"3","route_type_names":"Bus","routes_json":"[{\"route_id\":\"TL-7\",\"route_short_name\":\"\",\"route_long_name\":\"Gold 2\",\"route_type\":\"3\",\"route_type_name\":\"Bus\",\"route_color\":\"F0DA1D\",\"route_text_color\":\"FFFFFF\"}]"},"geometry":{"type":"Point","coordinates":[-77.317272,38.857297]}},{"type":"Feature","properties":{"stop_id":"TL-167","stop_code":"70","stop_name":"Warwick Ave at Hill St (WB)","stop_desc":"","stop_url":"","location_type":"0","parent_station":"","feed_id":"Virginia__Fairfax_CUE_Bus_(CUE)__mdb_mdb-2885","agency_name":"CUE Bus - City of Fairfax","route_count":1,"route_ids":"TL-7","route_short_names":"","route_types":"3","route_type_names":"Bus","routes_json":"[{\"route_id\":\"TL-7\",\"route_short_name\":\"\",\"route_long_name\":\"Gold 2\",\"route_type\":\"3\",\"route_type_name\":\"Bus\",\"route_color\":\"F0DA1D\",\"route_text_color\":\"FFFFFF\"}]"},"geometry":{"type":"Point","coordinates":[-77.322085,38.8582704819]}},{"type":"Feature","properties":{"stop_id":"TL-168","stop_code":"71","stop_name":"Warwick Ave at Bevan Dr (WB)","stop_desc":"","stop_url":"","location_type":"0","parent_station":"","feed_id":"Virginia__Fairfax_CUE_Bus_(CUE)__mdb_mdb-2885","agency_name":"CUE Bus - City of Fairfax","route_count":1,"route_ids":"TL-7","route_short_names":"","route_types":"3","route_type_names":"Bus","routes_json":"[{\"route_id\":\"TL-7\",\"route_short_name\":\"\",\"route_long_name\":\"Gold 2\",\"route_type\":\"3\",\"route_type_name\":\"Bus\",\"route_color\":\"F0DA1D\",\"route_text_color\":\"FFFFFF\"}]"},"geometry":{"type":"Point","coordinates":[-77.326144,38.859306]}},{"type":"Feature","properties":{"stop_id":"TL-169","stop_code":"72","stop_name":"Orchard St at Bevan Dr (WB)","stop_desc":"","stop_url":"","location_type":"0","parent_station":"","feed_id":"Virginia__Fairfax_CUE_Bus_(CUE)__mdb_mdb-2885","agency_name":"CUE Bus - City of Fairfax","route_count":1,"route_ids":"TL-7","route_short_names":"","route_types":"3","route_type_names":"Bus","routes_json":"[{\"route_id\":\"TL-7\",\"route_short_name\":\"\",\"route_long_name\":\"Gold 2\",\"route_type\":\"3\",\"route_type_name\":\"Bus\",\"route_color\":\"F0DA1D\",\"route_text_color\":\"FFFFFF\"}]"},"geometry":{"type":"Point","coordinates":[-77.3251586442,38.8617115834]}},{"type":"Feature","properties":{"stop_id":"TL-170","stop_code":"73","stop_name":"Jermantown Rd at Cavalier Ct (SB)","stop_desc":"","stop_url":"","location_type":"0","parent_station":"","feed_id":"Virginia__Fairfax_CUE_Bus_(CUE)__mdb_mdb-2885","agency_name":"CUE Bus - City of Fairfax","route_count":1,"route_ids":"TL-7","route_short_names":"","route_types":"3","route_type_names":"Bus","routes_json":"[{\"route_id\":\"TL-7\",\"route_short_name\":\"\",\"route_long_name\":\"Gold 2\",\"route_type\":\"3\",\"route_type_name\":\"Bus\",\"route_color\":\"F0DA1D\",\"route_text_color\":\"FFFFFF\"}]"},"geometry":{"type":"Point","coordinates":[-77.327061,38.861683]}},{"type":"Feature","properties":{"stop_id":"TL-171","stop_code":"74","stop_name":"Jermantown Rd at Fair Haven Ct (SB)","stop_desc":"","stop_url":"","location_type":"0","parent_station":"","feed_id":"Virginia__Fairfax_CUE_Bus_(CUE)__mdb_mdb-2885","agency_name":"CUE Bus - City of Fairfax","route_count":1,"route_ids":"TL-7","route_short_names":"","route_types":"3","route_type_names":"Bus","routes_json":"[{\"route_id\":\"TL-7\",\"route_short_name\":\"\",\"route_long_name\":\"Gold 2\",\"route_type\":\"3\",\"route_type_name\":\"Bus\",\"route_color\":\"F0DA1D\",\"route_text_color\":\"FFFFFF\"}]"},"geometry":{"type":"Point","coordinates":[-77.3291673558,38.8595298482]}},{"type":"Feature","properties":{"stop_id":"TL-172","stop_code":"75","stop_name":"Jermantown Rd at Kutner Park (SB)","stop_desc":"","stop_url":"","location_type":"0","parent_station":"","feed_id":"Virginia__Fairfax_CUE_Bus_(CUE)__mdb_mdb-2885","agency_name":"CUE Bus - City of Fairfax","route_count":1,"route_ids":"TL-7","route_short_names":"","route_types":"3","route_type_names":"Bus","routes_json":"[{\"route_id\":\"TL-7\",\"route_short_name\":\"\",\"route_long_name\":\"Gold 2\",\"route_type\":\"3\",\"route_type_name\":\"Bus\",\"route_color\":\"F0DA1D\",\"route_text_color\":\"FFFFFF\"}]"},"geometry":{"type":"Point","coordinates":[-77.3306240847,38.8580751136]}},{"type":"Feature","properties":{"stop_id":"TL-173","stop_code":"76","stop_name":"Jermantown Rd at Fairfax Blvd (SB)","stop_desc":"","stop_url":"","location_type":"0","parent_station":"","feed_id":"Virginia__Fairfax_CUE_Bus_(CUE)__mdb_mdb-2885","agency_name":"CUE Bus - City of Fairfax","route_count":1,"route_ids":"TL-7","route_short_names":"","route_types":"3","route_type_names":"Bus","routes_json":"[{\"route_id\":\"TL-7\",\"route_short_name\":\"\",\"route_long_name\":\"Gold 2\",\"route_type\":\"3\",\"route_type_name\":\"Bus\",\"route_color\":\"F0DA1D\",\"route_text_color\":\"FFFFFF\"}]"},"geometry":{"type":"Point","coordinates":[-77.332706,38.855449]}},{"type":"Feature","properties":{"stop_id":"TL-174","stop_code":"77","stop_name":"Jermantown Rd at James Swarts (SB)","stop_desc":"","stop_url":"","location_type":"0","parent_station":"","feed_id":"Virginia__Fairfax_CUE_Bus_(CUE)__mdb_mdb-2885","agency_name":"CUE Bus - City of Fairfax","route_count":1,"route_ids":"TL-7","route_short_names":"","route_types":"3","route_type_names":"Bus","routes_json":"[{\"route_id\":\"TL-7\",\"route_short_name\":\"\",\"route_long_name\":\"Gold 2\",\"route_type\":\"3\",\"route_type_name\":\"Bus\",\"route_color\":\"F0DA1D\",\"route_text_color\":\"FFFFFF\"}]"},"geometry":{"type":"Point","coordinates":[-77.3328054577,38.853919]}},{"type":"Feature","properties":{"stop_id":"TL-175","stop_code":"78","stop_name":"Jermantown Rd at Lee Highway (SB)","stop_desc":"","stop_url":"","location_type":"0","parent_station":"","feed_id":"Virginia__Fairfax_CUE_Bus_(CUE)__mdb_mdb-2885","agency_name":"CUE Bus - City of Fairfax","route_count":1,"route_ids":"TL-7","route_short_names":"","route_types":"3","route_type_names":"Bus","routes_json":"[{\"route_id\":\"TL-7\",\"route_short_name\":\"\",\"route_long_name\":\"Gold 2\",\"route_type\":\"3\",\"route_type_name\":\"Bus\",\"route_color\":\"F0DA1D\",\"route_text_color\":\"FFFFFF\"}]"},"geometry":{"type":"Point","coordinates":[-77.3325,38.8524]}},{"type":"Feature","properties":{"stop_id":"TL-176","stop_code":"79","stop_name":"Main St and Rust Road","stop_desc":"","stop_url":"","location_type":"0","parent_station":"","feed_id":"Virginia__Fairfax_CUE_Bus_(CUE)__mdb_mdb-2885","agency_name":"CUE Bus - City of Fairfax","route_count":1,"route_ids":"TL-7","route_short_names":"","route_types":"3","route_type_names":"Bus","routes_json":"[{\"route_id\":\"TL-7\",\"route_short_name\":\"\",\"route_long_name\":\"Gold 2\",\"route_type\":\"3\",\"route_type_name\":\"Bus\",\"route_color\":\"F0DA1D\",\"route_text_color\":\"FFFFFF\"}]"},"geometry":{"type":"Point","coordinates":[-77.3315825656,38.8517031332]}},{"type":"Feature","properties":{"stop_id":"TL-177","stop_code":"80","stop_name":"Main St at Guitar Center","stop_desc":"","stop_url":"","location_type":"0","parent_station":"","feed_id":"Virginia__Fairfax_CUE_Bus_(CUE)__mdb_mdb-2885","agency_name":"CUE Bus - City of Fairfax","route_count":1,"route_ids":"TL-7","route_short_names":"","route_types":"3","route_type_names":"Bus","routes_json":"[{\"route_id\":\"TL-7\",\"route_short_name\":\"\",\"route_long_name\":\"Gold 2\",\"route_type\":\"3\",\"route_type_name\":\"Bus\",\"route_color\":\"F0DA1D\",\"route_text_color\":\"FFFFFF\"}]"},"geometry":{"type":"Point","coordinates":[-77.328771589,38.8520105789]}},{"type":"Feature","properties":{"stop_id":"TL-178","stop_code":"81","stop_name":"Main St at Holly Street","stop_desc":"","stop_url":"","location_type":"0","parent_station":"","feed_id":"Virginia__Fairfax_CUE_Bus_(CUE)__mdb_mdb-2885","agency_name":"CUE Bus - City of Fairfax","route_count":1,"route_ids":"TL-7","route_short_names":"","route_types":"3","route_type_names":"Bus","routes_json":"[{\"route_id\":\"TL-7\",\"route_short_name\":\"\",\"route_long_name\":\"Gold 2\",\"route_type\":\"3\",\"route_type_name\":\"Bus\",\"route_color\":\"F0DA1D\",\"route_text_color\":\"FFFFFF\"}]"},"geometry":{"type":"Point","coordinates":[-77.3261581779,38.8523192931]}},{"type":"Feature","properties":{"stop_id":"TL-179","stop_code":"82","stop_name":"Main St at Chesnut St","stop_desc":"","stop_url":"","location_type":"0","parent_station":"","feed_id":"Virginia__Fairfax_CUE_Bus_(CUE)__mdb_mdb-2885","agency_name":"CUE Bus - City of Fairfax","route_count":1,"route_ids":"TL-7","route_short_names":"","route_types":"3","route_type_names":"Bus","routes_json":"[{\"route_id\":\"TL-7\",\"route_short_name\":\"\",\"route_long_name\":\"Gold 2\",\"route_type\":\"3\",\"route_type_name\":\"Bus\",\"route_color\":\"F0DA1D\",\"route_text_color\":\"FFFFFF\"}]"},"geometry":{"type":"Point","coordinates":[-77.3230116442,38.8522626909]}},{"type":"Feature","properties":{"stop_id":"TL-180","stop_code":"83","stop_name":"Main St at Hallman St (SB)","stop_desc":"","stop_url":"","location_type":"0","parent_station":"","feed_id":"Virginia__Fairfax_CUE_Bus_(CUE)__mdb_mdb-2885","agency_name":"CUE Bus - City of Fairfax","route_count":1,"route_ids":"TL-7","route_short_names":"","route_types":"3","route_type_names":"Bus","routes_json":"[{\"route_id\":\"TL-7\",\"route_short_name\":\"\",\"route_long_name\":\"Gold 2\",\"route_type\":\"3\",\"route_type_name\":\"Bus\",\"route_color\":\"F0DA1D\",\"route_text_color\":\"FFFFFF\"}]"},"geometry":{"type":"Point","coordinates":[-77.3207452331,38.8512986241]}},{"type":"Feature","properties":{"stop_id":"TL-181","stop_code":"84","stop_name":"Main St at Oak St (SB)","stop_desc":"","stop_url":"","location_type":"0","parent_station":"","feed_id":"Virginia__Fairfax_CUE_Bus_(CUE)__mdb_mdb-2885","agency_name":"CUE Bus - City of Fairfax","route_count":1,"route_ids":"TL-7","route_short_names":"","route_types":"3","route_type_names":"Bus","routes_json":"[{\"route_id\":\"TL-7\",\"route_short_name\":\"\",\"route_long_name\":\"Gold 2\",\"route_type\":\"3\",\"route_type_name\":\"Bus\",\"route_color\":\"F0DA1D\",\"route_text_color\":\"FFFFFF\"}]"},"geometry":{"type":"Point","coordinates":[-77.3182561865,38.8502769784]}},{"type":"Feature","properties":{"stop_id":"TL-182","stop_code":"85","stop_name":"Main St at Keith Ave (SB)","stop_desc":"","stop_url":"","location_type":"0","parent_station":"","feed_id":"Virginia__Fairfax_CUE_Bus_(CUE)__mdb_mdb-2885","agency_name":"CUE Bus - City of Fairfax","route_count":1,"route_ids":"TL-7","route_short_names":"","route_types":"3","route_type_names":"Bus","routes_json":"[{\"route_id\":\"TL-7\",\"route_short_name\":\"\",\"route_long_name\":\"Gold 2\",\"route_type\":\"3\",\"route_type_name\":\"Bus\",\"route_color\":\"F0DA1D\",\"route_text_color\":\"FFFFFF\"}]"},"geometry":{"type":"Point","coordinates":[-77.3153250933,38.8490507553]}},{"type":"Feature","properties":{"stop_id":"TL-183","stop_code":"194","stop_name":"Judicial Dr at Main St","stop_desc":"","stop_url":"","location_type":"0","parent_station":"","feed_id":"Virginia__Fairfax_CUE_Bus_(CUE)__mdb_mdb-2885","agency_name":"CUE Bus - City of Fairfax","route_count":1,"route_ids":"TL-7","route_short_names":"","route_types":"3","route_type_names":"Bus","routes_json":"[{\"route_id\":\"TL-7\",\"route_short_name\":\"\",\"route_long_name\":\"Gold 2\",\"route_type\":\"3\",\"route_type_name\":\"Bus\",\"route_color\":\"F0DA1D\",\"route_text_color\":\"FFFFFF\"}]"},"geometry":{"type":"Point","coordinates":[-77.3140170847,38.8481416443]}},{"type":"Feature","properties":{"stop_id":"TL-184","stop_code":"154","stop_name":"Judicial Dr at Page Ave","stop_desc":"","stop_url":"","location_type":"0","parent_station":"","feed_id":"Virginia__Fairfax_CUE_Bus_(CUE)__mdb_mdb-2885","agency_name":"CUE Bus - City of Fairfax","route_count":1,"route_ids":"TL-7","route_short_names":"","route_types":"3","route_type_names":"Bus","routes_json":"[{\"route_id\":\"TL-7\",\"route_short_name\":\"\",\"route_long_name\":\"Gold 2\",\"route_type\":\"3\",\"route_type_name\":\"Bus\",\"route_color\":\"F0DA1D\",\"route_text_color\":\"FFFFFF\"}]"},"geometry":{"type":"Point","coordinates":[-77.314765627,38.8461365761]}},{"type":"Feature","properties":{"stop_id":"TL-185","stop_code":"193","stop_name":"Judicial Dr at Jones St","stop_desc":"","stop_url":"","location_type":"0","parent_station":"","feed_id":"Virginia__Fairfax_CUE_Bus_(CUE)__mdb_mdb-2885","agency_name":"CUE Bus - City of Fairfax","route_count":1,"route_ids":"TL-7","route_short_names":"","route_types":"3","route_type_names":"Bus","routes_json":"[{\"route_id\":\"TL-7\",\"route_short_name\":\"\",\"route_long_name\":\"Gold 2\",\"route_type\":\"3\",\"route_type_name\":\"Bus\",\"route_color\":\"F0DA1D\",\"route_text_color\":\"FFFFFF\"}]"},"geometry":{"type":"Point","coordinates":[-77.3145839067,38.8444208904]}},{"type":"Feature","properties":{"stop_id":"TL-186","stop_code":"153","stop_name":"Judicial Dr at Court House","stop_desc":"","stop_url":"","location_type":"0","parent_station":"","feed_id":"Virginia__Fairfax_CUE_Bus_(CUE)__mdb_mdb-2885","agency_name":"CUE Bus - City of Fairfax","route_count":1,"route_ids":"TL-7","route_short_names":"","route_types":"3","route_type_names":"Bus","routes_json":"[{\"route_id\":\"TL-7\",\"route_short_name\":\"\",\"route_long_name\":\"Gold 2\",\"route_type\":\"3\",\"route_type_name\":\"Bus\",\"route_color\":\"F0DA1D\",\"route_text_color\":\"FFFFFF\"}]"},"geometry":{"type":"Point","coordinates":[-77.3113436736,38.8435564049]}},{"type":"Feature","properties":{"stop_id":"TL-189","stop_code":"90","stop_name":"Blenheim Blvd at Daniel Run School (NB)","stop_desc":"","stop_url":"","location_type":"0","parent_station":"","feed_id":"Virginia__Fairfax_CUE_Bus_(CUE)__mdb_mdb-2885","agency_name":"CUE Bus - City of Fairfax","route_count":1,"route_ids":"TL-7","route_short_names":"","route_types":"3","route_type_names":"Bus","routes_json":"[{\"route_id\":\"TL-7\",\"route_short_name\":\"\",\"route_long_name\":\"Gold 2\",\"route_type\":\"3\",\"route_type_name\":\"Bus\",\"route_color\":\"F0DA1D\",\"route_text_color\":\"FFFFFF\"}]"},"geometry":{"type":"Point","coordinates":[-77.29625,38.852712]}},{"type":"Feature","properties":{"stop_id":"TL-190","stop_code":"91","stop_name":"Blenheim Blvd at Heritage Ln (NB)","stop_desc":"","stop_url":"","location_type":"0","parent_station":"","feed_id":"Virginia__Fairfax_CUE_Bus_(CUE)__mdb_mdb-2885","agency_name":"CUE Bus - City of Fairfax","route_count":1,"route_ids":"TL-7","route_short_names":"","route_types":"3","route_type_names":"Bus","routes_json":"[{\"route_id\":\"TL-7\",\"route_short_name\":\"\",\"route_long_name\":\"Gold 2\",\"route_type\":\"3\",\"route_type_name\":\"Bus\",\"route_color\":\"F0DA1D\",\"route_text_color\":\"FFFFFF\"}]"},"geometry":{"type":"Point","coordinates":[-77.292332,38.854769]}},{"type":"Feature","properties":{"stop_id":"TL-191","stop_code":"92","stop_name":"Blenheim Blvd at Embassy Ln (NB)","stop_desc":"","stop_url":"","location_type":"0","parent_station":"","feed_id":"Virginia__Fairfax_CUE_Bus_(CUE)__mdb_mdb-2885","agency_name":"CUE Bus - City of Fairfax","route_count":1,"route_ids":"TL-7","route_short_names":"","route_types":"3","route_type_names":"Bus","routes_json":"[{\"route_id\":\"TL-7\",\"route_short_name\":\"\",\"route_long_name\":\"Gold 2\",\"route_type\":\"3\",\"route_type_name\":\"Bus\",\"route_color\":\"F0DA1D\",\"route_text_color\":\"FFFFFF\"}]"},"geometry":{"type":"Point","coordinates":[-77.290412,38.855887]}},{"type":"Feature","properties":{"stop_id":"TL-192","stop_code":"93","stop_name":"Blenheim Blvd at Queen Anne Dr (NB)","stop_desc":"","stop_url":"","location_type":"0","parent_station":"","feed_id":"Virginia__Fairfax_CUE_Bus_(CUE)__mdb_mdb-2885","agency_name":"CUE Bus - City of Fairfax","route_count":1,"route_ids":"TL-7","route_short_names":"","route_types":"3","route_type_names":"Bus","routes_json":"[{\"route_id\":\"TL-7\",\"route_short_name\":\"\",\"route_long_name\":\"Gold 2\",\"route_type\":\"3\",\"route_type_name\":\"Bus\",\"route_color\":\"F0DA1D\",\"route_text_color\":\"FFFFFF\"}]"},"geometry":{"type":"Point","coordinates":[-77.288127,38.857083]}},{"type":"Feature","properties":{"stop_id":"TL-193","stop_code":"94","stop_name":"Blenheim Blvd and Cornell Road (NB)","stop_desc":"","stop_url":"","location_type":"0","parent_station":"","feed_id":"Virginia__Fairfax_CUE_Bus_(CUE)__mdb_mdb-2885","agency_name":"CUE Bus - City of Fairfax","route_count":1,"route_ids":"TL-7","route_short_names":"","route_types":"3","route_type_names":"Bus","routes_json":"[{\"route_id\":\"TL-7\",\"route_short_name\":\"\",\"route_long_name\":\"Gold 2\",\"route_type\":\"3\",\"route_type_name\":\"Bus\",\"route_color\":\"F0DA1D\",\"route_text_color\":\"FFFFFF\"}]"},"geometry":{"type":"Point","coordinates":[-77.28629,38.858072]}},{"type":"Feature","properties":{"stop_id":"TL-194","stop_code":"95","stop_name":"Blenheim Blvd at Great Oak Dr (NB)","stop_desc":"","stop_url":"","location_type":"0","parent_station":"","feed_id":"Virginia__Fairfax_CUE_Bus_(CUE)__mdb_mdb-2885","agency_name":"CUE Bus - City of Fairfax","route_count":1,"route_ids":"TL-7","route_short_names":"","route_types":"3","route_type_names":"Bus","routes_json":"[{\"route_id\":\"TL-7\",\"route_short_name\":\"\",\"route_long_name\":\"Gold 2\",\"route_type\":\"3\",\"route_type_name\":\"Bus\",\"route_color\":\"F0DA1D\",\"route_text_color\":\"FFFFFF\"}]"},"geometry":{"type":"Point","coordinates":[-77.281272,38.859936]}},{"type":"Feature","properties":{"stop_id":"TL-195","stop_code":"96","stop_name":"Blenheim Blvd at Ridge Ave (NB)","stop_desc":"","stop_url":"","location_type":"0","parent_station":"","feed_id":"Virginia__Fairfax_CUE_Bus_(CUE)__mdb_mdb-2885","agency_name":"CUE Bus - City of Fairfax","route_count":1,"route_ids":"TL-7","route_short_names":"","route_types":"3","route_type_names":"Bus","routes_json":"[{\"route_id\":\"TL-7\",\"route_short_name\":\"\",\"route_long_name\":\"Gold 2\",\"route_type\":\"3\",\"route_type_name\":\"Bus\",\"route_color\":\"F0DA1D\",\"route_text_color\":\"FFFFFF\"}]"},"geometry":{"type":"Point","coordinates":[-77.27792,38.861357]}},{"type":"Feature","properties":{"stop_id":"TL-196","stop_code":"97","stop_name":"Blenheim Blvd at Old Pickett Rd (NB)","stop_desc":"","stop_url":"","location_type":"0","parent_station":"","feed_id":"Virginia__Fairfax_CUE_Bus_(CUE)__mdb_mdb-2885","agency_name":"CUE Bus - City of Fairfax","route_count":1,"route_ids":"TL-7","route_short_names":"","route_types":"3","route_type_names":"Bus","routes_json":"[{\"route_id\":\"TL-7\",\"route_short_name\":\"\",\"route_long_name\":\"Gold 2\",\"route_type\":\"3\",\"route_type_name\":\"Bus\",\"route_color\":\"F0DA1D\",\"route_text_color\":\"FFFFFF\"}]"},"geometry":{"type":"Point","coordinates":[-77.2763644871,38.86296523]}},{"type":"Feature","properties":{"stop_id":"TL-197","stop_code":"55","stop_name":"Blenheim Blvd at Scout (NB)","stop_desc":"","stop_url":"","location_type":"0","parent_station":"","feed_id":"Virginia__Fairfax_CUE_Bus_(CUE)__mdb_mdb-2885","agency_name":"CUE Bus - City of Fairfax","route_count":1,"route_ids":"TL-7","route_short_names":"","route_types":"3","route_type_names":"Bus","routes_json":"[{\"route_id\":\"TL-7\",\"route_short_name\":\"\",\"route_long_name\":\"Gold 2\",\"route_type\":\"3\",\"route_type_name\":\"Bus\",\"route_color\":\"F0DA1D\",\"route_text_color\":\"FFFFFF\"}]"},"geometry":{"type":"Point","coordinates":[-77.274641,38.865452]}},{"type":"Feature","properties":{"stop_id":"TL-198","stop_code":"56","stop_name":"Blake Ln at Blake Ln Loop (NB)","stop_desc":"","stop_url":"","location_type":"0","parent_station":"","feed_id":"Virginia__Fairfax_CUE_Bus_(CUE)__mdb_mdb-2885","agency_name":"CUE Bus - City of Fairfax","route_count":1,"route_ids":"TL-7","route_short_names":"","route_types":"3","route_type_names":"Bus","routes_json":"[{\"route_id\":\"TL-7\",\"route_short_name\":\"\",\"route_long_name\":\"Gold 2\",\"route_type\":\"3\",\"route_type_name\":\"Bus\",\"route_color\":\"F0DA1D\",\"route_text_color\":\"FFFFFF\"}]"},"geometry":{"type":"Point","coordinates":[-77.2746462712,38.8678294825]}},{"type":"Feature","properties":{"stop_id":"TL-199","stop_code":"7","stop_name":"Blake Lane at Giant (SB)","stop_desc":"","stop_url":"","location_type":"0","parent_station":"","feed_id":"Virginia__Fairfax_CUE_Bus_(CUE)__mdb_mdb-2885","agency_name":"CUE Bus - City of Fairfax","route_count":1,"route_ids":"TL-6","route_short_names":"","route_types":"3","route_type_names":"Bus","routes_json":"[{\"route_id\":\"TL-6\",\"route_short_name\":\"\",\"route_long_name\":\"Gold 1\",\"route_type\":\"3\",\"route_type_name\":\"Bus\",\"route_color\":\"F0DA1D\",\"route_text_color\":\"FFFFFF\"}]"},"geometry":{"type":"Point","coordinates":[-77.271155,38.866299]}},{"type":"Feature","properties":{"stop_id":"TL-200","stop_code":"200","stop_name":"Layton Hall Drive at Layton Hall Apartments (WB)","stop_desc":"","stop_url":"","location_type":"0","parent_station":"","feed_id":"Virginia__Fairfax_CUE_Bus_(CUE)__mdb_mdb-2885","agency_name":"CUE Bus - City of Fairfax","route_count":1,"route_ids":"TL-6","route_short_names":"","route_types":"3","route_type_names":"Bus","routes_json":"[{\"route_id\":\"TL-6\",\"route_short_name\":\"\",\"route_long_name\":\"Gold 1\",\"route_type\":\"3\",\"route_type_name\":\"Bus\",\"route_color\":\"F0DA1D\",\"route_text_color\":\"FFFFFF\"}]"},"geometry":{"type":"Point","coordinates":[-77.302598,38.850896]}},{"type":"Feature","properties":{"stop_id":"TL-201","stop_code":"152","stop_name":"University Drive at Whitehead Street (SB)","stop_desc":"","stop_url":"","location_type":"0","parent_station":"","feed_id":"Virginia__Fairfax_CUE_Bus_(CUE)__mdb_mdb-2885","agency_name":"CUE Bus - City of Fairfax","route_count":1,"route_ids":"TL-6","route_short_names":"","route_types":"3","route_type_names":"Bus","routes_json":"[{\"route_id\":\"TL-6\",\"route_short_name\":\"\",\"route_long_name\":\"Gold 1\",\"route_type\":\"3\",\"route_type_name\":\"Bus\",\"route_color\":\"F0DA1D\",\"route_text_color\":\"FFFFFF\"}]"},"geometry":{"type":"Point","coordinates":[-77.3046,38.848813]}},{"type":"Feature","properties":{"stop_id":"TL-202","stop_code":"192","stop_name":"University Drive at North Street (SB)","stop_desc":"","stop_url":"","location_type":"0","parent_station":"","feed_id":"Virginia__Fairfax_CUE_Bus_(CUE)__mdb_mdb-2885","agency_name":"CUE Bus - City of Fairfax","route_count":1,"route_ids":"TL-6","route_short_names":"","route_types":"3","route_type_names":"Bus","routes_json":"[{\"route_id\":\"TL-6\",\"route_short_name\":\"\",\"route_long_name\":\"Gold 1\",\"route_type\":\"3\",\"route_type_name\":\"Bus\",\"route_color\":\"F0DA1D\",\"route_text_color\":\"FFFFFF\"}]"},"geometry":{"type":"Point","coordinates":[-77.305026,38.847026]}},{"type":"Feature","properties":{"stop_id":"TL-203","stop_code":"88","stop_name":"University Drive at Democracy Lane (NB)","stop_desc":"","stop_url":"","location_type":"0","parent_station":"","feed_id":"Virginia__Fairfax_CUE_Bus_(CUE)__mdb_mdb-2885","agency_name":"CUE Bus - City of Fairfax","route_count":1,"route_ids":"TL-7","route_short_names":"","route_types":"3","route_type_names":"Bus","routes_json":"[{\"route_id\":\"TL-7\",\"route_short_name\":\"\",\"route_long_name\":\"Gold 2\",\"route_type\":\"3\",\"route_type_name\":\"Bus\",\"route_color\":\"F0DA1D\",\"route_text_color\":\"FFFFFF\"}]"},"geometry":{"type":"Point","coordinates":[-77.304439,38.849009]}},{"type":"Feature","properties":{"stop_id":"TL-204","stop_code":"199","stop_name":"Layton Hall Drive at The Flats (EB)","stop_desc":"","stop_url":"","location_type":"0","parent_station":"","feed_id":"Virginia__Fairfax_CUE_Bus_(CUE)__mdb_mdb-2885","agency_name":"CUE Bus - City of Fairfax","route_count":1,"route_ids":"TL-7","route_short_names":"","route_types":"3","route_type_names":"Bus","routes_json":"[{\"route_id\":\"TL-7\",\"route_short_name\":\"\",\"route_long_name\":\"Gold 2\",\"route_type\":\"3\",\"route_type_name\":\"Bus\",\"route_color\":\"F0DA1D\",\"route_text_color\":\"FFFFFF\"}]"},"geometry":{"type":"Point","coordinates":[-77.302457,38.850731]}},{"type":"Feature","properties":{"stop_id":"TL-205","stop_code":"89","stop_name":"Layton Hall Drive at Blenheim Blvd (EB)","stop_desc":"","stop_url":"","location_type":"0","parent_station":"","feed_id":"Virginia__Fairfax_CUE_Bus_(CUE)__mdb_mdb-2885","agency_name":"CUE Bus - City of Fairfax","route_count":1,"route_ids":"TL-7","route_short_names":"","route_types":"3","route_type_names":"Bus","routes_json":"[{\"route_id\":\"TL-7\",\"route_short_name\":\"\",\"route_long_name\":\"Gold 2\",\"route_type\":\"3\",\"route_type_name\":\"Bus\",\"route_color\":\"F0DA1D\",\"route_text_color\":\"FFFFFF\"}]"},"geometry":{"type":"Point","coordinates":[-77.300299,38.850231]}},{"type":"Feature","properties":{"stop_id":"TL-206","stop_code":"201","stop_name":"Main Street at Fair City Mall (WB)","stop_desc":"","stop_url":"","location_type":"0","parent_station":"","feed_id":"Virginia__Fairfax_CUE_Bus_(CUE)__mdb_mdb-2885","agency_name":"CUE Bus - City of Fairfax","route_count":1,"route_ids":"TL-1","route_short_names":"","route_types":"3","route_type_names":"Bus","routes_json":"[{\"route_id\":\"TL-1\",\"route_short_name\":\"\",\"route_long_name\":\"Green 1\",\"route_type\":\"3\",\"route_type_name\":\"Bus\",\"route_color\":\"2BA117\",\"route_text_color\":\"FFFFFF\"}]"},"geometry":{"type":"Point","coordinates":[-77.27557,38.84184]}}]}