{"type":"FeatureCollection","features":[{"type":"Feature","properties":{"stop_id":"11656","stop_code":"","platform_code":"","stop_name":"8th street and Allegheny street","stop_desc":"","zone_id":"","stop_url":"","location_type":"0","parent_station":"","stop_timezone":"America/Los_Angeles","position":"","direction":"","wheelchair_boarding":"0","tts_stop_name":"","feed_id":"California__Beaumont_Transit__mdb_mdb-106","agency_name":"Beaumont Transit","route_count":3,"route_ids":"352|3574|354","route_short_names":"","route_types":"3","route_type_names":"Bus","routes_json":"[{\"route_id\":\"352\",\"route_short_name\":\"\",\"route_long_name\":\"Route 3\",\"route_type\":\"3\",\"route_type_name\":\"Bus\",\"route_color\":\"179093\",\"route_text_color\":\"E6FDFD\"},{\"route_id\":\"3574\",\"route_short_name\":\"\",\"route_long_name\":\"Route 3/4\",\"route_type\":\"3\",\"route_type_name\":\"Bus\",\"route_color\":\"7DCAF2\",\"route_text_color\":\"121212\"},{\"route_id\":\"354\",\"route_short_name\":\"\",\"route_long_name\":\"Route 4\",\"route_type\":\"3\",\"route_type_name\":\"Bus\",\"route_color\":\"0B4CF8\",\"route_text_color\":\"FFFFFF\"}]"},"geometry":{"type":"Point","coordinates":[-116.95025348228,33.9326564167481]}},{"type":"Feature","properties":{"stop_id":"11657","stop_code":"","platform_code":"","stop_name":"Xenia Avenue and Starlight Avenue  (Southbound)","stop_desc":"","zone_id":"","stop_url":"","location_type":"0","parent_station":"","stop_timezone":"America/Los_Angeles","position":"","direction":"","wheelchair_boarding":"0","tts_stop_name":"","feed_id":"California__Beaumont_Transit__mdb_mdb-106","agency_name":"Beaumont Transit","route_count":1,"route_ids":"352","route_short_names":"","route_types":"3","route_type_names":"Bus","routes_json":"[{\"route_id\":\"352\",\"route_short_name\":\"\",\"route_long_name\":\"Route 3\",\"route_type\":\"3\",\"route_type_name\":\"Bus\",\"route_color\":\"179093\",\"route_text_color\":\"E6FDFD\"}]"},"geometry":{"type":"Point","coordinates":[-116.95499014745285,33.93561321210913]}},{"type":"Feature","properties":{"stop_id":"11658","stop_code":"","platform_code":"","stop_name":"Starlight Avenue and Xenia Avenue (Westbound)","stop_desc":"","zone_id":"","stop_url":"","location_type":"0","parent_station":"","stop_timezone":"America/Los_Angeles","position":"","direction":"","wheelchair_boarding":"0","tts_stop_name":"","feed_id":"California__Beaumont_Transit__mdb_mdb-106","agency_name":"Beaumont Transit","route_count":1,"route_ids":"352","route_short_names":"","route_types":"3","route_type_names":"Bus","routes_json":"[{\"route_id\":\"352\",\"route_short_name\":\"\",\"route_long_name\":\"Route 3\",\"route_type\":\"3\",\"route_type_name\":\"Bus\",\"route_color\":\"179093\",\"route_text_color\":\"E6FDFD\"}]"},"geometry":{"type":"Point","coordinates":[-116.95508480072,33.936168010782]}},{"type":"Feature","properties":{"stop_id":"11659","stop_code":"","platform_code":"","stop_name":"Starlight Avenue and Dorado Lane","stop_desc":"","zone_id":"","stop_url":"","location_type":"0","parent_station":"","stop_timezone":"America/Los_Angeles","position":"","direction":"","wheelchair_boarding":"0","tts_stop_name":"","feed_id":"California__Beaumont_Transit__mdb_mdb-106","agency_name":"Beaumont Transit","route_count":1,"route_ids":"352","route_short_names":"","route_types":"3","route_type_names":"Bus","routes_json":"[{\"route_id\":\"352\",\"route_short_name\":\"\",\"route_long_name\":\"Route 3\",\"route_type\":\"3\",\"route_type_name\":\"Bus\",\"route_color\":\"179093\",\"route_text_color\":\"E6FDFD\"}]"},"geometry":{"type":"Point","coordinates":[-116.956962347031,33.9371693996341]}},{"type":"Feature","properties":{"stop_id":"11660","stop_code":"","platform_code":"","stop_name":"Starlight Avenue and Sundance Drive","stop_desc":"","zone_id":"","stop_url":"","location_type":"0","parent_station":"","stop_timezone":"America/Los_Angeles","position":"","direction":"","wheelchair_boarding":"0","tts_stop_name":"","feed_id":"California__Beaumont_Transit__mdb_mdb-106","agency_name":"Beaumont Transit","route_count":1,"route_ids":"352","route_short_names":"","route_types":"3","route_type_names":"Bus","routes_json":"[{\"route_id\":\"352\",\"route_short_name\":\"\",\"route_long_name\":\"Route 3\",\"route_type\":\"3\",\"route_type_name\":\"Bus\",\"route_color\":\"179093\",\"route_text_color\":\"E6FDFD\"}]"},"geometry":{"type":"Point","coordinates":[-116.956597566605,33.9409612186866]}},{"type":"Feature","properties":{"stop_id":"11661","stop_code":"","platform_code":"","stop_name":"Cougar Way and Sunny Slope","stop_desc":"","zone_id":"","stop_url":"","location_type":"0","parent_station":"","stop_timezone":"America/Los_Angeles","position":"","direction":"","wheelchair_boarding":"0","tts_stop_name":"","feed_id":"California__Beaumont_Transit__mdb_mdb-106","agency_name":"Beaumont Transit","route_count":0,"route_ids":"","route_short_names":"","route_types":"","route_type_names":"","routes_json":"[]"},"geometry":{"type":"Point","coordinates":[-116.9667121768,33.9543625214075]}},{"type":"Feature","properties":{"stop_id":"11662","stop_code":"","platform_code":"","stop_name":"Beaumont Avenue and Vineland Street (Cherry Valley Market)","stop_desc":"","zone_id":"","stop_url":"","location_type":"0","parent_station":"","stop_timezone":"America/Los_Angeles","position":"","direction":"","wheelchair_boarding":"0","tts_stop_name":"","feed_id":"California__Beaumont_Transit__mdb_mdb-106","agency_name":"Beaumont Transit","route_count":3,"route_ids":"352|3574|378","route_short_names":"","route_types":"3","route_type_names":"Bus","routes_json":"[{\"route_id\":\"352\",\"route_short_name\":\"\",\"route_long_name\":\"Route 3\",\"route_type\":\"3\",\"route_type_name\":\"Bus\",\"route_color\":\"179093\",\"route_text_color\":\"E6FDFD\"},{\"route_id\":\"3574\",\"route_short_name\":\"\",\"route_long_name\":\"Route 3/4\",\"route_type\":\"3\",\"route_type_name\":\"Bus\",\"route_color\":\"7DCAF2\",\"route_text_color\":\"121212\"},{\"route_id\":\"378\",\"route_short_name\":\"\",\"route_long_name\":\"Route 9\",\"route_type\":\"3\",\"route_type_name\":\"Bus\",\"route_color\":\"52C1C4\",\"route_text_color\":\"000000\"}]"},"geometry":{"type":"Point","coordinates":[-116.977217048406,33.9708439744804]}},{"type":"Feature","properties":{"stop_id":"11664","stop_code":"","platform_code":"","stop_name":"Cherry Valley Blvd and Nancy St","stop_desc":"","zone_id":"","stop_url":"","location_type":"0","parent_station":"","stop_timezone":"America/Los_Angeles","position":"","direction":"","wheelchair_boarding":"0","tts_stop_name":"","feed_id":"California__Beaumont_Transit__mdb_mdb-106","agency_name":"Beaumont Transit","route_count":3,"route_ids":"352|3574|378","route_short_names":"","route_types":"3","route_type_names":"Bus","routes_json":"[{\"route_id\":\"352\",\"route_short_name\":\"\",\"route_long_name\":\"Route 3\",\"route_type\":\"3\",\"route_type_name\":\"Bus\",\"route_color\":\"179093\",\"route_text_color\":\"E6FDFD\"},{\"route_id\":\"3574\",\"route_short_name\":\"\",\"route_long_name\":\"Route 3/4\",\"route_type\":\"3\",\"route_type_name\":\"Bus\",\"route_color\":\"7DCAF2\",\"route_text_color\":\"121212\"},{\"route_id\":\"378\",\"route_short_name\":\"\",\"route_long_name\":\"Route 9\",\"route_type\":\"3\",\"route_type_name\":\"Bus\",\"route_color\":\"52C1C4\",\"route_text_color\":\"000000\"}]"},"geometry":{"type":"Point","coordinates":[-116.98942534212338,33.96867002472253]}},{"type":"Feature","properties":{"stop_id":"11666","stop_code":"","platform_code":"","stop_name":"Cherry Valley Boulevard and Beaumont Avenue (Beaumont High School)","stop_desc":"Beaumont High School","zone_id":"","stop_url":"","location_type":"0","parent_station":"","stop_timezone":"America/Los_Angeles","position":"","direction":"","wheelchair_boarding":"0","tts_stop_name":"","feed_id":"California__Beaumont_Transit__mdb_mdb-106","agency_name":"Beaumont Transit","route_count":6,"route_ids":"352|3574|354|374|76158|378","route_short_names":"","route_types":"3","route_type_names":"Bus","routes_json":"[{\"route_id\":\"352\",\"route_short_name\":\"\",\"route_long_name\":\"Route 3\",\"route_type\":\"3\",\"route_type_name\":\"Bus\",\"route_color\":\"179093\",\"route_text_color\":\"E6FDFD\"},{\"route_id\":\"3574\",\"route_short_name\":\"\",\"route_long_name\":\"Route 3/4\",\"route_type\":\"3\",\"route_type_name\":\"Bus\",\"route_color\":\"7DCAF2\",\"route_text_color\":\"121212\"},{\"route_id\":\"354\",\"route_short_name\":\"\",\"route_long_name\":\"Route 4\",\"route_type\":\"3\",\"route_type_name\":\"Bus\",\"route_color\":\"0B4CF8\",\"route_text_color\":\"FFFFFF\"},{\"route_id\":\"374\",\"route_short_name\":\"\",\"route_long_name\":\"Route 7-1\",\"route_type\":\"3\",\"route_type_name\":\"Bus\",\"route_color\":\"FF9325\",\"route_text_color\":\"000000\"},{\"route_id\":\"76158\",\"route_short_name\":\"\",\"route_long_name\":\"Route 7-2\",\"route_type\":\"3\",\"route_type_name\":\"Bus\",\"route_color\":\"0083FD\",\"route_text_color\":\"000000\"},{\"route_id\":\"378\",\"route_short_name\":\"\",\"route_long_name\":\"Route 9\",\"route_type\":\"3\",\"route_type_name\":\"Bus\",\"route_color\":\"52C1C4\",\"route_text_color\":\"000000\"}]"},"geometry":{"type":"Point","coordinates":[-116.979892551898,33.9685934012492]}},{"type":"Feature","properties":{"stop_id":"11668","stop_code":"","platform_code":"","stop_name":"Cherry Avenue and Cougar Way (Beaumont Adult School)","stop_desc":"Beaumont Adult School","zone_id":"","stop_url":"","location_type":"0","parent_station":"","stop_timezone":"America/Los_Angeles","position":"","direction":"","wheelchair_boarding":"0","tts_stop_name":"","feed_id":"California__Beaumont_Transit__mdb_mdb-106","agency_name":"Beaumont Transit","route_count":2,"route_ids":"352|3574","route_short_names":"","route_types":"3","route_type_names":"Bus","routes_json":"[{\"route_id\":\"352\",\"route_short_name\":\"\",\"route_long_name\":\"Route 3\",\"route_type\":\"3\",\"route_type_name\":\"Bus\",\"route_color\":\"179093\",\"route_text_color\":\"E6FDFD\"},{\"route_id\":\"3574\",\"route_short_name\":\"\",\"route_long_name\":\"Route 3/4\",\"route_type\":\"3\",\"route_type_name\":\"Bus\",\"route_color\":\"7DCAF2\",\"route_text_color\":\"121212\"}]"},"geometry":{"type":"Point","coordinates":[-116.964392066002,33.952918584083]}},{"type":"Feature","properties":{"stop_id":"11670","stop_code":"","platform_code":"","stop_name":"Oak Valley Parkway and Edeleweiss Drive (Westbound)","stop_desc":"","zone_id":"","stop_url":"","location_type":"0","parent_station":"","stop_timezone":"America/Los_Angeles","position":"","direction":"","wheelchair_boarding":"0","tts_stop_name":"","feed_id":"California__Beaumont_Transit__mdb_mdb-106","agency_name":"Beaumont Transit","route_count":1,"route_ids":"352","route_short_names":"","route_types":"3","route_type_names":"Bus","routes_json":"[{\"route_id\":\"352\",\"route_short_name\":\"\",\"route_long_name\":\"Route 3\",\"route_type\":\"3\",\"route_type_name\":\"Bus\",\"route_color\":\"179093\",\"route_text_color\":\"E6FDFD\"}]"},"geometry":{"type":"Point","coordinates":[-116.959668695927,33.9465262529031]}},{"type":"Feature","properties":{"stop_id":"11671","stop_code":"","platform_code":"","stop_name":"Starlight Avenue and Oak Valley Parkway  (Southbound)","stop_desc":"","zone_id":"","stop_url":"","location_type":"0","parent_station":"","stop_timezone":"America/Los_Angeles","position":"","direction":"","wheelchair_boarding":"0","tts_stop_name":"","feed_id":"California__Beaumont_Transit__mdb_mdb-106","agency_name":"Beaumont Transit","route_count":1,"route_ids":"352","route_short_names":"","route_types":"3","route_type_names":"Bus","routes_json":"[{\"route_id\":\"352\",\"route_short_name\":\"\",\"route_long_name\":\"Route 3\",\"route_type\":\"3\",\"route_type_name\":\"Bus\",\"route_color\":\"179093\",\"route_text_color\":\"E6FDFD\"}]"},"geometry":{"type":"Point","coordinates":[-116.95563037883726,33.94459792279655]}},{"type":"Feature","properties":{"stop_id":"11672","stop_code":"","platform_code":"","stop_name":"Starlight Avenue and Snapdragon Way","stop_desc":"","zone_id":"","stop_url":"","location_type":"0","parent_station":"","stop_timezone":"America/Los_Angeles","position":"","direction":"","wheelchair_boarding":"0","tts_stop_name":"","feed_id":"California__Beaumont_Transit__mdb_mdb-106","agency_name":"Beaumont Transit","route_count":1,"route_ids":"352","route_short_names":"","route_types":"3","route_type_names":"Bus","routes_json":"[{\"route_id\":\"352\",\"route_short_name\":\"\",\"route_long_name\":\"Route 3\",\"route_type\":\"3\",\"route_type_name\":\"Bus\",\"route_color\":\"179093\",\"route_text_color\":\"E6FDFD\"}]"},"geometry":{"type":"Point","coordinates":[-116.957909166813,33.9384789759498]}},{"type":"Feature","properties":{"stop_id":"11673","stop_code":"","platform_code":"","stop_name":"Xenia Avenue @ Noble Creek Apartments","stop_desc":"","zone_id":"","stop_url":"","location_type":"0","parent_station":"","stop_timezone":"America/Los_Angeles","position":"","direction":"","wheelchair_boarding":"0","tts_stop_name":"","feed_id":"California__Beaumont_Transit__mdb_mdb-106","agency_name":"Beaumont Transit","route_count":3,"route_ids":"352|3574|354","route_short_names":"","route_types":"3","route_type_names":"Bus","routes_json":"[{\"route_id\":\"352\",\"route_short_name\":\"\",\"route_long_name\":\"Route 3\",\"route_type\":\"3\",\"route_type_name\":\"Bus\",\"route_color\":\"179093\",\"route_text_color\":\"E6FDFD\"},{\"route_id\":\"3574\",\"route_short_name\":\"\",\"route_long_name\":\"Route 3/4\",\"route_type\":\"3\",\"route_type_name\":\"Bus\",\"route_color\":\"7DCAF2\",\"route_text_color\":\"121212\"},{\"route_id\":\"354\",\"route_short_name\":\"\",\"route_long_name\":\"Route 4\",\"route_type\":\"3\",\"route_type_name\":\"Bus\",\"route_color\":\"0B4CF8\",\"route_text_color\":\"FFFFFF\"}]"},"geometry":{"type":"Point","coordinates":[-116.955036168561,33.9316434487718]}},{"type":"Feature","properties":{"stop_id":"11674","stop_code":"","platform_code":"","stop_name":"6th Street and Xenia Avenue (Swapmeet)","stop_desc":"","zone_id":"","stop_url":"","location_type":"0","parent_station":"","stop_timezone":"America/Los_Angeles","position":"","direction":"","wheelchair_boarding":"0","tts_stop_name":"","feed_id":"California__Beaumont_Transit__mdb_mdb-106","agency_name":"Beaumont Transit","route_count":4,"route_ids":"16684|352|3574|354","route_short_names":"","route_types":"3","route_type_names":"Bus","routes_json":"[{\"route_id\":\"16684\",\"route_short_name\":\"\",\"route_long_name\":\"Casino Express\",\"route_type\":\"3\",\"route_type_name\":\"Bus\",\"route_color\":\"00BEFD\",\"route_text_color\":\"000000\"},{\"route_id\":\"352\",\"route_short_name\":\"\",\"route_long_name\":\"Route 3\",\"route_type\":\"3\",\"route_type_name\":\"Bus\",\"route_color\":\"179093\",\"route_text_color\":\"E6FDFD\"},{\"route_id\":\"3574\",\"route_short_name\":\"\",\"route_long_name\":\"Route 3/4\",\"route_type\":\"3\",\"route_type_name\":\"Bus\",\"route_color\":\"7DCAF2\",\"route_text_color\":\"121212\"},{\"route_id\":\"354\",\"route_short_name\":\"\",\"route_long_name\":\"Route 4\",\"route_type\":\"3\",\"route_type_name\":\"Bus\",\"route_color\":\"0B4CF8\",\"route_text_color\":\"FFFFFF\"}]"},"geometry":{"type":"Point","coordinates":[-116.954032408201,33.9292318725902]}},{"type":"Feature","properties":{"stop_id":"11677","stop_code":"","platform_code":"","stop_name":"Walmart","stop_desc":"","zone_id":"","stop_url":"","location_type":"0","parent_station":"","stop_timezone":"America/Los_Angeles","position":"","direction":"","wheelchair_boarding":"0","tts_stop_name":"","feed_id":"California__Beaumont_Transit__mdb_mdb-106","agency_name":"Beaumont Transit","route_count":7,"route_ids":"16684|1381|11662|352|3574|354|378","route_short_names":"","route_types":"3","route_type_names":"Bus","routes_json":"[{\"route_id\":\"16684\",\"route_short_name\":\"\",\"route_long_name\":\"Casino Express\",\"route_type\":\"3\",\"route_type_name\":\"Bus\",\"route_color\":\"00BEFD\",\"route_text_color\":\"000000\"},{\"route_id\":\"1381\",\"route_short_name\":\"\",\"route_long_name\":\"Commuter Link 120\",\"route_type\":\"3\",\"route_type_name\":\"Bus\",\"route_color\":\"0CF2D7\",\"route_text_color\":\"000000\"},{\"route_id\":\"11662\",\"route_short_name\":\"\",\"route_long_name\":\"Commuter Link 125\",\"route_type\":\"3\",\"route_type_name\":\"Bus\",\"route_color\":\"1721AE\",\"route_text_color\":\"F9F7F7\"},{\"route_id\":\"352\",\"route_short_name\":\"\",\"route_long_name\":\"Route 3\",\"route_type\":\"3\",\"route_type_name\":\"Bus\",\"route_color\":\"179093\",\"route_text_color\":\"E6FDFD\"},{\"route_id\":\"3574\",\"route_short_name\":\"\",\"route_long_name\":\"Route 3/4\",\"route_type\":\"3\",\"route_type_name\":\"Bus\",\"route_color\":\"7DCAF2\",\"route_text_color\":\"121212\"},{\"route_id\":\"354\",\"route_short_name\":\"\",\"route_long_name\":\"Route 4\",\"route_type\":\"3\",\"route_type_name\":\"Bus\",\"route_color\":\"0B4CF8\",\"route_text_color\":\"FFFFFF\"},{\"route_id\":\"378\",\"route_short_name\":\"\",\"route_long_name\":\"Route 9\",\"route_type\":\"3\",\"route_type_name\":\"Bus\",\"route_color\":\"52C1C4\",\"route_text_color\":\"000000\"}]"},"geometry":{"type":"Point","coordinates":[-116.95183654853705,33.923149971055395]}},{"type":"Feature","properties":{"stop_id":"11679","stop_code":"","platform_code":"","stop_name":"1st Street and Emory Avenue","stop_desc":"","zone_id":"","stop_url":"","location_type":"0","parent_station":"","stop_timezone":"America/Los_Angeles","position":"","direction":"","wheelchair_boarding":"0","tts_stop_name":"","feed_id":"California__Beaumont_Transit__mdb_mdb-106","agency_name":"Beaumont Transit","route_count":5,"route_ids":"16684|352|3574|354|378","route_short_names":"","route_types":"3","route_type_names":"Bus","routes_json":"[{\"route_id\":\"16684\",\"route_short_name\":\"\",\"route_long_name\":\"Casino Express\",\"route_type\":\"3\",\"route_type_name\":\"Bus\",\"route_color\":\"00BEFD\",\"route_text_color\":\"000000\"},{\"route_id\":\"352\",\"route_short_name\":\"\",\"route_long_name\":\"Route 3\",\"route_type\":\"3\",\"route_type_name\":\"Bus\",\"route_color\":\"179093\",\"route_text_color\":\"E6FDFD\"},{\"route_id\":\"3574\",\"route_short_name\":\"\",\"route_long_name\":\"Route 3/4\",\"route_type\":\"3\",\"route_type_name\":\"Bus\",\"route_color\":\"7DCAF2\",\"route_text_color\":\"121212\"},{\"route_id\":\"354\",\"route_short_name\":\"\",\"route_long_name\":\"Route 4\",\"route_type\":\"3\",\"route_type_name\":\"Bus\",\"route_color\":\"0B4CF8\",\"route_text_color\":\"FFFFFF\"},{\"route_id\":\"378\",\"route_short_name\":\"\",\"route_long_name\":\"Route 9\",\"route_type\":\"3\",\"route_type_name\":\"Bus\",\"route_color\":\"52C1C4\",\"route_text_color\":\"000000\"}]"},"geometry":{"type":"Point","coordinates":[-116.95108294487,33.921595357941]}},{"type":"Feature","properties":{"stop_id":"11680","stop_code":"","platform_code":"","stop_name":"Highland Springs Avenue and 8th Street (Hospital)","stop_desc":"San Gorgonio Memorial Hospital","zone_id":"","stop_url":"","location_type":"0","parent_station":"","stop_timezone":"America/Los_Angeles","position":"","direction":"","wheelchair_boarding":"0","tts_stop_name":"","feed_id":"California__Beaumont_Transit__mdb_mdb-106","agency_name":"Beaumont Transit","route_count":3,"route_ids":"352|3574|354","route_short_names":"","route_types":"3","route_type_names":"Bus","routes_json":"[{\"route_id\":\"352\",\"route_short_name\":\"\",\"route_long_name\":\"Route 3\",\"route_type\":\"3\",\"route_type_name\":\"Bus\",\"route_color\":\"179093\",\"route_text_color\":\"E6FDFD\"},{\"route_id\":\"3574\",\"route_short_name\":\"\",\"route_long_name\":\"Route 3/4\",\"route_type\":\"3\",\"route_type_name\":\"Bus\",\"route_color\":\"7DCAF2\",\"route_text_color\":\"121212\"},{\"route_id\":\"354\",\"route_short_name\":\"\",\"route_long_name\":\"Route 4\",\"route_type\":\"3\",\"route_type_name\":\"Bus\",\"route_color\":\"0B4CF8\",\"route_text_color\":\"FFFFFF\"}]"},"geometry":{"type":"Point","coordinates":[-116.9467863836588,33.93212814153014]}},{"type":"Feature","properties":{"stop_id":"11681","stop_code":"","platform_code":"","stop_name":"Cougar Way and Beaumont Avenue","stop_desc":"Across from Orchard Park Apts.","zone_id":"","stop_url":"","location_type":"0","parent_station":"","stop_timezone":"America/Los_Angeles","position":"","direction":"","wheelchair_boarding":"0","tts_stop_name":"","feed_id":"California__Beaumont_Transit__mdb_mdb-106","agency_name":"Beaumont Transit","route_count":4,"route_ids":"354|374|76158|378","route_short_names":"","route_types":"3","route_type_names":"Bus","routes_json":"[{\"route_id\":\"354\",\"route_short_name\":\"\",\"route_long_name\":\"Route 4\",\"route_type\":\"3\",\"route_type_name\":\"Bus\",\"route_color\":\"0B4CF8\",\"route_text_color\":\"FFFFFF\"},{\"route_id\":\"374\",\"route_short_name\":\"\",\"route_long_name\":\"Route 7-1\",\"route_type\":\"3\",\"route_type_name\":\"Bus\",\"route_color\":\"FF9325\",\"route_text_color\":\"000000\"},{\"route_id\":\"76158\",\"route_short_name\":\"\",\"route_long_name\":\"Route 7-2\",\"route_type\":\"3\",\"route_type_name\":\"Bus\",\"route_color\":\"0083FD\",\"route_text_color\":\"000000\"},{\"route_id\":\"378\",\"route_short_name\":\"\",\"route_long_name\":\"Route 9\",\"route_type\":\"3\",\"route_type_name\":\"Bus\",\"route_color\":\"52C1C4\",\"route_text_color\":\"000000\"}]"},"geometry":{"type":"Point","coordinates":[-116.9760054204148,33.954154662054634]}},{"type":"Feature","properties":{"stop_id":"11682","stop_code":"","platform_code":"","stop_name":"Palm Avenue and Cedar View Drive","stop_desc":"","zone_id":"","stop_url":"","location_type":"0","parent_station":"","stop_timezone":"America/Los_Angeles","position":"","direction":"","wheelchair_boarding":"0","tts_stop_name":"","feed_id":"California__Beaumont_Transit__mdb_mdb-106","agency_name":"Beaumont Transit","route_count":4,"route_ids":"354|374|76158|378","route_short_names":"","route_types":"3","route_type_names":"Bus","routes_json":"[{\"route_id\":\"354\",\"route_short_name\":\"\",\"route_long_name\":\"Route 4\",\"route_type\":\"3\",\"route_type_name\":\"Bus\",\"route_color\":\"0B4CF8\",\"route_text_color\":\"FFFFFF\"},{\"route_id\":\"374\",\"route_short_name\":\"\",\"route_long_name\":\"Route 7-1\",\"route_type\":\"3\",\"route_type_name\":\"Bus\",\"route_color\":\"FF9325\",\"route_text_color\":\"000000\"},{\"route_id\":\"76158\",\"route_short_name\":\"\",\"route_long_name\":\"Route 7-2\",\"route_type\":\"3\",\"route_type_name\":\"Bus\",\"route_color\":\"0083FD\",\"route_text_color\":\"000000\"},{\"route_id\":\"378\",\"route_short_name\":\"\",\"route_long_name\":\"Route 9\",\"route_type\":\"3\",\"route_type_name\":\"Bus\",\"route_color\":\"52C1C4\",\"route_text_color\":\"000000\"}]"},"geometry":{"type":"Point","coordinates":[-116.971397995949,33.9505334752426]}},{"type":"Feature","properties":{"stop_id":"11683","stop_code":"","platform_code":"","stop_name":"Palm Avenue and Birchwood Avenue (Soutbound)","stop_desc":"","zone_id":"","stop_url":"","location_type":"0","parent_station":"","stop_timezone":"America/Los_Angeles","position":"","direction":"","wheelchair_boarding":"0","tts_stop_name":"","feed_id":"California__Beaumont_Transit__mdb_mdb-106","agency_name":"Beaumont Transit","route_count":4,"route_ids":"354|374|76158|378","route_short_names":"","route_types":"3","route_type_names":"Bus","routes_json":"[{\"route_id\":\"354\",\"route_short_name\":\"\",\"route_long_name\":\"Route 4\",\"route_type\":\"3\",\"route_type_name\":\"Bus\",\"route_color\":\"0B4CF8\",\"route_text_color\":\"FFFFFF\"},{\"route_id\":\"374\",\"route_short_name\":\"\",\"route_long_name\":\"Route 7-1\",\"route_type\":\"3\",\"route_type_name\":\"Bus\",\"route_color\":\"FF9325\",\"route_text_color\":\"000000\"},{\"route_id\":\"76158\",\"route_short_name\":\"\",\"route_long_name\":\"Route 7-2\",\"route_type\":\"3\",\"route_type_name\":\"Bus\",\"route_color\":\"0083FD\",\"route_text_color\":\"000000\"},{\"route_id\":\"378\",\"route_short_name\":\"\",\"route_long_name\":\"Route 9\",\"route_type\":\"3\",\"route_type_name\":\"Bus\",\"route_color\":\"52C1C4\",\"route_text_color\":\"000000\"}]"},"geometry":{"type":"Point","coordinates":[-116.971675604582,33.9485365626523]}},{"type":"Feature","properties":{"stop_id":"11685","stop_code":"","platform_code":"","stop_name":"Palm and Oak Valley Parkway","stop_desc":"","zone_id":"","stop_url":"","location_type":"0","parent_station":"","stop_timezone":"America/Los_Angeles","position":"","direction":"","wheelchair_boarding":"0","tts_stop_name":"","feed_id":"California__Beaumont_Transit__mdb_mdb-106","agency_name":"Beaumont Transit","route_count":1,"route_ids":"378","route_short_names":"","route_types":"3","route_type_names":"Bus","routes_json":"[{\"route_id\":\"378\",\"route_short_name\":\"\",\"route_long_name\":\"Route 9\",\"route_type\":\"3\",\"route_type_name\":\"Bus\",\"route_color\":\"52C1C4\",\"route_text_color\":\"000000\"}]"},"geometry":{"type":"Point","coordinates":[-116.972038313277,33.9465072524159]}},{"type":"Feature","properties":{"stop_id":"11692","stop_code":"","platform_code":"","stop_name":"6th Street and Michigan Avenue (Eastbound)","stop_desc":"","zone_id":"","stop_url":"","location_type":"0","parent_station":"","stop_timezone":"America/Los_Angeles","position":"","direction":"","wheelchair_boarding":"0","tts_stop_name":"","feed_id":"California__Beaumont_Transit__mdb_mdb-106","agency_name":"Beaumont Transit","route_count":1,"route_ids":"16684","route_short_names":"","route_types":"3","route_type_names":"Bus","routes_json":"[{\"route_id\":\"16684\",\"route_short_name\":\"\",\"route_long_name\":\"Casino Express\",\"route_type\":\"3\",\"route_type_name\":\"Bus\",\"route_color\":\"00BEFD\",\"route_text_color\":\"000000\"}]"},"geometry":{"type":"Point","coordinates":[-116.968434578224,33.9293097552032]}},{"type":"Feature","properties":{"stop_id":"11694","stop_code":"","platform_code":"","stop_name":"6th Street and Pennsylvania Avenue","stop_desc":"","zone_id":"","stop_url":"","location_type":"0","parent_station":"","stop_timezone":"America/Los_Angeles","position":"","direction":"","wheelchair_boarding":"0","tts_stop_name":"","feed_id":"California__Beaumont_Transit__mdb_mdb-106","agency_name":"Beaumont Transit","route_count":1,"route_ids":"16684","route_short_names":"","route_types":"3","route_type_names":"Bus","routes_json":"[{\"route_id\":\"16684\",\"route_short_name\":\"\",\"route_long_name\":\"Casino Express\",\"route_type\":\"3\",\"route_type_name\":\"Bus\",\"route_color\":\"00BEFD\",\"route_text_color\":\"000000\"}]"},"geometry":{"type":"Point","coordinates":[-116.96515395584,33.929333394985]}},{"type":"Feature","properties":{"stop_id":"11695","stop_code":"","platform_code":"","stop_name":"Guardian Self Storage (6th Street)","stop_desc":"","zone_id":"","stop_url":"","location_type":"0","parent_station":"","stop_timezone":"America/Los_Angeles","position":"","direction":"","wheelchair_boarding":"0","tts_stop_name":"","feed_id":"California__Beaumont_Transit__mdb_mdb-106","agency_name":"Beaumont Transit","route_count":1,"route_ids":"16684","route_short_names":"","route_types":"3","route_type_names":"Bus","routes_json":"[{\"route_id\":\"16684\",\"route_short_name\":\"\",\"route_long_name\":\"Casino Express\",\"route_type\":\"3\",\"route_type_name\":\"Bus\",\"route_color\":\"00BEFD\",\"route_text_color\":\"000000\"}]"},"geometry":{"type":"Point","coordinates":[-116.963226646185,33.9292581067319]}},{"type":"Feature","properties":{"stop_id":"11698","stop_code":"","platform_code":"","stop_name":"Highland Springs and 2nd Street (Game Stop)","stop_desc":"","zone_id":"","stop_url":"","location_type":"0","parent_station":"","stop_timezone":"America/Los_Angeles","position":"","direction":"","wheelchair_boarding":"0","tts_stop_name":"","feed_id":"California__Beaumont_Transit__mdb_mdb-106","agency_name":"Beaumont Transit","route_count":4,"route_ids":"16684|352|3574|354","route_short_names":"","route_types":"3","route_type_names":"Bus","routes_json":"[{\"route_id\":\"16684\",\"route_short_name\":\"\",\"route_long_name\":\"Casino Express\",\"route_type\":\"3\",\"route_type_name\":\"Bus\",\"route_color\":\"00BEFD\",\"route_text_color\":\"000000\"},{\"route_id\":\"352\",\"route_short_name\":\"\",\"route_long_name\":\"Route 3\",\"route_type\":\"3\",\"route_type_name\":\"Bus\",\"route_color\":\"179093\",\"route_text_color\":\"E6FDFD\"},{\"route_id\":\"3574\",\"route_short_name\":\"\",\"route_long_name\":\"Route 3/4\",\"route_type\":\"3\",\"route_type_name\":\"Bus\",\"route_color\":\"7DCAF2\",\"route_text_color\":\"121212\"},{\"route_id\":\"354\",\"route_short_name\":\"\",\"route_long_name\":\"Route 4\",\"route_type\":\"3\",\"route_type_name\":\"Bus\",\"route_color\":\"0B4CF8\",\"route_text_color\":\"FFFFFF\"}]"},"geometry":{"type":"Point","coordinates":[-116.94702451516976,33.924592772920064]}},{"type":"Feature","properties":{"stop_id":"11727","stop_code":"","platform_code":"","stop_name":"Seminole Drive @ Hadley's","stop_desc":"","zone_id":"","stop_url":"","location_type":"0","parent_station":"","stop_timezone":"America/Los_Angeles","position":"","direction":"","wheelchair_boarding":"0","tts_stop_name":"","feed_id":"California__Beaumont_Transit__mdb_mdb-106","agency_name":"Beaumont Transit","route_count":1,"route_ids":"16684","route_short_names":"","route_types":"3","route_type_names":"Bus","routes_json":"[{\"route_id\":\"16684\",\"route_short_name\":\"\",\"route_long_name\":\"Casino Express\",\"route_type\":\"3\",\"route_type_name\":\"Bus\",\"route_color\":\"00BEFD\",\"route_text_color\":\"000000\"}]"},"geometry":{"type":"Point","coordinates":[-116.80708034234,33.9225838909557]}},{"type":"Feature","properties":{"stop_id":"11736","stop_code":"","platform_code":"","stop_name":"Seminole Drive and Millard Pass (Adidas Store)","stop_desc":"","zone_id":"","stop_url":"","location_type":"0","parent_station":"","stop_timezone":"America/Los_Angeles","position":"","direction":"","wheelchair_boarding":"0","tts_stop_name":"","feed_id":"California__Beaumont_Transit__mdb_mdb-106","agency_name":"Beaumont Transit","route_count":1,"route_ids":"16684","route_short_names":"","route_types":"3","route_type_names":"Bus","routes_json":"[{\"route_id\":\"16684\",\"route_short_name\":\"\",\"route_long_name\":\"Casino Express\",\"route_type\":\"3\",\"route_type_name\":\"Bus\",\"route_color\":\"00BEFD\",\"route_text_color\":\"000000\"}]"},"geometry":{"type":"Point","coordinates":[-116.8114567679777,33.92514376799832]}},{"type":"Feature","properties":{"stop_id":"11737","stop_code":"","platform_code":"","stop_name":"Seminole between East and West Wings","stop_desc":"","zone_id":"","stop_url":"","location_type":"0","parent_station":"","stop_timezone":"America/Los_Angeles","position":"","direction":"","wheelchair_boarding":"0","tts_stop_name":"","feed_id":"California__Beaumont_Transit__mdb_mdb-106","agency_name":"Beaumont Transit","route_count":1,"route_ids":"16684","route_short_names":"","route_types":"3","route_type_names":"Bus","routes_json":"[{\"route_id\":\"16684\",\"route_short_name\":\"\",\"route_long_name\":\"Casino Express\",\"route_type\":\"3\",\"route_type_name\":\"Bus\",\"route_color\":\"00BEFD\",\"route_text_color\":\"000000\"}]"},"geometry":{"type":"Point","coordinates":[-116.8158305206141,33.92850106958868]}},{"type":"Feature","properties":{"stop_id":"11738","stop_code":"","platform_code":"","stop_name":"Seminole Drive @ McDonald's","stop_desc":"","zone_id":"","stop_url":"","location_type":"0","parent_station":"","stop_timezone":"America/Los_Angeles","position":"","direction":"","wheelchair_boarding":"0","tts_stop_name":"","feed_id":"California__Beaumont_Transit__mdb_mdb-106","agency_name":"Beaumont Transit","route_count":1,"route_ids":"16684","route_short_names":"","route_types":"3","route_type_names":"Bus","routes_json":"[{\"route_id\":\"16684\",\"route_short_name\":\"\",\"route_long_name\":\"Casino Express\",\"route_type\":\"3\",\"route_type_name\":\"Bus\",\"route_color\":\"00BEFD\",\"route_text_color\":\"000000\"}]"},"geometry":{"type":"Point","coordinates":[-116.818512885392,33.9304720993751]}},{"type":"Feature","properties":{"stop_id":"11739","stop_code":"","platform_code":"","stop_name":"Seminole Drive and Fields Road (Chevron Station)","stop_desc":"","zone_id":"","stop_url":"","location_type":"0","parent_station":"","stop_timezone":"America/Los_Angeles","position":"","direction":"","wheelchair_boarding":"0","tts_stop_name":"","feed_id":"California__Beaumont_Transit__mdb_mdb-106","agency_name":"Beaumont Transit","route_count":1,"route_ids":"16684","route_short_names":"","route_types":"3","route_type_names":"Bus","routes_json":"[{\"route_id\":\"16684\",\"route_short_name\":\"\",\"route_long_name\":\"Casino Express\",\"route_type\":\"3\",\"route_type_name\":\"Bus\",\"route_color\":\"00BEFD\",\"route_text_color\":\"000000\"}]"},"geometry":{"type":"Point","coordinates":[-116.82270547096552,33.93207933030139]}},{"type":"Feature","properties":{"stop_id":"11767","stop_code":"","platform_code":"","stop_name":"6th Street @ Garden Center (Westbound)","stop_desc":"Beaumont Garden Center","zone_id":"","stop_url":"","location_type":"0","parent_station":"","stop_timezone":"America/Los_Angeles","position":"","direction":"","wheelchair_boarding":"0","tts_stop_name":"","feed_id":"California__Beaumont_Transit__mdb_mdb-106","agency_name":"Beaumont Transit","route_count":2,"route_ids":"3574|354","route_short_names":"","route_types":"3","route_type_names":"Bus","routes_json":"[{\"route_id\":\"3574\",\"route_short_name\":\"\",\"route_long_name\":\"Route 3/4\",\"route_type\":\"3\",\"route_type_name\":\"Bus\",\"route_color\":\"7DCAF2\",\"route_text_color\":\"121212\"},{\"route_id\":\"354\",\"route_short_name\":\"\",\"route_long_name\":\"Route 4\",\"route_type\":\"3\",\"route_type_name\":\"Bus\",\"route_color\":\"0B4CF8\",\"route_text_color\":\"FFFFFF\"}]"},"geometry":{"type":"Point","coordinates":[-116.958349049091,33.9295207155886]}},{"type":"Feature","properties":{"stop_id":"11768","stop_code":"","platform_code":"","stop_name":"6th Street and American Avenue","stop_desc":"","zone_id":"","stop_url":"","location_type":"0","parent_station":"","stop_timezone":"America/Los_Angeles","position":"","direction":"","wheelchair_boarding":"0","tts_stop_name":"","feed_id":"California__Beaumont_Transit__mdb_mdb-106","agency_name":"Beaumont Transit","route_count":2,"route_ids":"3574|354","route_short_names":"","route_types":"3","route_type_names":"Bus","routes_json":"[{\"route_id\":\"3574\",\"route_short_name\":\"\",\"route_long_name\":\"Route 3/4\",\"route_type\":\"3\",\"route_type_name\":\"Bus\",\"route_color\":\"7DCAF2\",\"route_text_color\":\"121212\"},{\"route_id\":\"354\",\"route_short_name\":\"\",\"route_long_name\":\"Route 4\",\"route_type\":\"3\",\"route_type_name\":\"Bus\",\"route_color\":\"0B4CF8\",\"route_text_color\":\"FFFFFF\"}]"},"geometry":{"type":"Point","coordinates":[-116.960923969746,33.9295095881111]}},{"type":"Feature","properties":{"stop_id":"11770","stop_code":"","platform_code":"","stop_name":"6th Street and Illinois Avenue","stop_desc":"","zone_id":"","stop_url":"","location_type":"0","parent_station":"","stop_timezone":"America/Los_Angeles","position":"","direction":"","wheelchair_boarding":"0","tts_stop_name":"","feed_id":"California__Beaumont_Transit__mdb_mdb-106","agency_name":"Beaumont Transit","route_count":2,"route_ids":"3574|354","route_short_names":"","route_types":"3","route_type_names":"Bus","routes_json":"[{\"route_id\":\"3574\",\"route_short_name\":\"\",\"route_long_name\":\"Route 3/4\",\"route_type\":\"3\",\"route_type_name\":\"Bus\",\"route_color\":\"7DCAF2\",\"route_text_color\":\"121212\"},{\"route_id\":\"354\",\"route_short_name\":\"\",\"route_long_name\":\"Route 4\",\"route_type\":\"3\",\"route_type_name\":\"Bus\",\"route_color\":\"0B4CF8\",\"route_text_color\":\"FFFFFF\"}]"},"geometry":{"type":"Point","coordinates":[-116.964032649994,33.9295296175695]}},{"type":"Feature","properties":{"stop_id":"11771","stop_code":"","platform_code":"","stop_name":"6th Street and Orange Avenue  (Beaumont Civic Center)","stop_desc":"Beaumont Civic Center/Police Department","zone_id":"","stop_url":"","location_type":"0","parent_station":"","stop_timezone":"America/Los_Angeles","position":"","direction":"","wheelchair_boarding":"0","tts_stop_name":"","feed_id":"California__Beaumont_Transit__mdb_mdb-106","agency_name":"Beaumont Transit","route_count":5,"route_ids":"1381|11662|3574|354|76158","route_short_names":"","route_types":"3","route_type_names":"Bus","routes_json":"[{\"route_id\":\"1381\",\"route_short_name\":\"\",\"route_long_name\":\"Commuter Link 120\",\"route_type\":\"3\",\"route_type_name\":\"Bus\",\"route_color\":\"0CF2D7\",\"route_text_color\":\"000000\"},{\"route_id\":\"11662\",\"route_short_name\":\"\",\"route_long_name\":\"Commuter Link 125\",\"route_type\":\"3\",\"route_type_name\":\"Bus\",\"route_color\":\"1721AE\",\"route_text_color\":\"F9F7F7\"},{\"route_id\":\"3574\",\"route_short_name\":\"\",\"route_long_name\":\"Route 3/4\",\"route_type\":\"3\",\"route_type_name\":\"Bus\",\"route_color\":\"7DCAF2\",\"route_text_color\":\"121212\"},{\"route_id\":\"354\",\"route_short_name\":\"\",\"route_long_name\":\"Route 4\",\"route_type\":\"3\",\"route_type_name\":\"Bus\",\"route_color\":\"0B4CF8\",\"route_text_color\":\"FFFFFF\"},{\"route_id\":\"76158\",\"route_short_name\":\"\",\"route_long_name\":\"Route 7-2\",\"route_type\":\"3\",\"route_type_name\":\"Bus\",\"route_color\":\"0083FD\",\"route_text_color\":\"000000\"}]"},"geometry":{"type":"Point","coordinates":[-116.974640786648,33.9294673036834]}},{"type":"Feature","properties":{"stop_id":"11774","stop_code":"","platform_code":"","stop_name":"6th Street and Egan Avenue","stop_desc":"","zone_id":"","stop_url":"","location_type":"0","parent_station":"","stop_timezone":"America/Los_Angeles","position":"","direction":"","wheelchair_boarding":"0","tts_stop_name":"","feed_id":"California__Beaumont_Transit__mdb_mdb-106","agency_name":"Beaumont Transit","route_count":0,"route_ids":"","route_short_names":"","route_types":"","route_type_names":"","routes_json":"[]"},"geometry":{"type":"Point","coordinates":[-116.982360184193,33.9300314652409]}},{"type":"Feature","properties":{"stop_id":"11775","stop_code":"","platform_code":"","stop_name":"Elm Avenue and 6th Street","stop_desc":"","zone_id":"","stop_url":"","location_type":"0","parent_station":"","stop_timezone":"America/Los_Angeles","position":"","direction":"","wheelchair_boarding":"0","tts_stop_name":"","feed_id":"California__Beaumont_Transit__mdb_mdb-106","agency_name":"Beaumont Transit","route_count":0,"route_ids":"","route_short_names":"","route_types":"","route_type_names":"","routes_json":"[]"},"geometry":{"type":"Point","coordinates":[-116.98440939188,33.9312599224498]}},{"type":"Feature","properties":{"stop_id":"11784","stop_code":"","platform_code":"","stop_name":"Beaumont Library","stop_desc":"California Ave & 8th St","zone_id":"","stop_url":"","location_type":"0","parent_station":"","stop_timezone":"America/Los_Angeles","position":"","direction":"","wheelchair_boarding":"0","tts_stop_name":"","feed_id":"California__Beaumont_Transit__mdb_mdb-106","agency_name":"Beaumont Transit","route_count":1,"route_ids":"354","route_short_names":"","route_types":"3","route_type_names":"Bus","routes_json":"[{\"route_id\":\"354\",\"route_short_name\":\"\",\"route_long_name\":\"Route 4\",\"route_type\":\"3\",\"route_type_name\":\"Bus\",\"route_color\":\"0B4CF8\",\"route_text_color\":\"FFFFFF\"}]"},"geometry":{"type":"Point","coordinates":[-116.98124974966,33.9320165720571]}},{"type":"Feature","properties":{"stop_id":"11786","stop_code":"","platform_code":"","stop_name":"Beaumont Avenue and 12th Street (Northbound)","stop_desc":"","zone_id":"","stop_url":"","location_type":"0","parent_station":"","stop_timezone":"America/Los_Angeles","position":"","direction":"","wheelchair_boarding":"0","tts_stop_name":"","feed_id":"California__Beaumont_Transit__mdb_mdb-106","agency_name":"Beaumont Transit","route_count":2,"route_ids":"3574|354","route_short_names":"","route_types":"3","route_type_names":"Bus","routes_json":"[{\"route_id\":\"3574\",\"route_short_name\":\"\",\"route_long_name\":\"Route 3/4\",\"route_type\":\"3\",\"route_type_name\":\"Bus\",\"route_color\":\"7DCAF2\",\"route_text_color\":\"121212\"},{\"route_id\":\"354\",\"route_short_name\":\"\",\"route_long_name\":\"Route 4\",\"route_type\":\"3\",\"route_type_name\":\"Bus\",\"route_color\":\"0B4CF8\",\"route_text_color\":\"FFFFFF\"}]"},"geometry":{"type":"Point","coordinates":[-116.977076232433,33.9406941947034]}},{"type":"Feature","properties":{"stop_id":"11788","stop_code":"","platform_code":"","stop_name":"Beaumont Avenue and 13th Street (Southbound)","stop_desc":"","zone_id":"","stop_url":"","location_type":"0","parent_station":"","stop_timezone":"America/Los_Angeles","position":"","direction":"","wheelchair_boarding":"0","tts_stop_name":"","feed_id":"California__Beaumont_Transit__mdb_mdb-106","agency_name":"Beaumont Transit","route_count":0,"route_ids":"","route_short_names":"","route_types":"","route_type_names":"","routes_json":"[]"},"geometry":{"type":"Point","coordinates":[-116.977388061782,33.9432091020682]}},{"type":"Feature","properties":{"stop_id":"11789","stop_code":"","platform_code":"","stop_name":"Beaumont Avenue and Oak Valley Parkway  (Mountain View Apartments)","stop_desc":"Oak Valley Stater Bros.","zone_id":"","stop_url":"","location_type":"0","parent_station":"","stop_timezone":"America/Los_Angeles","position":"","direction":"","wheelchair_boarding":"0","tts_stop_name":"","feed_id":"California__Beaumont_Transit__mdb_mdb-106","agency_name":"Beaumont Transit","route_count":1,"route_ids":"354","route_short_names":"","route_types":"3","route_type_names":"Bus","routes_json":"[{\"route_id\":\"354\",\"route_short_name\":\"\",\"route_long_name\":\"Route 4\",\"route_type\":\"3\",\"route_type_name\":\"Bus\",\"route_color\":\"0B4CF8\",\"route_text_color\":\"FFFFFF\"}]"},"geometry":{"type":"Point","coordinates":[-116.977137936566,33.949180247228014]}},{"type":"Feature","properties":{"stop_id":"11791","stop_code":"","platform_code":"","stop_name":"Pennsylvania Avenue and Oak Valley Parkway","stop_desc":"","zone_id":"","stop_url":"","location_type":"0","parent_station":"","stop_timezone":"America/Los_Angeles","position":"","direction":"","wheelchair_boarding":"0","tts_stop_name":"","feed_id":"California__Beaumont_Transit__mdb_mdb-106","agency_name":"Beaumont Transit","route_count":2,"route_ids":"3574|354","route_short_names":"","route_types":"3","route_type_names":"Bus","routes_json":"[{\"route_id\":\"3574\",\"route_short_name\":\"\",\"route_long_name\":\"Route 3/4\",\"route_type\":\"3\",\"route_type_name\":\"Bus\",\"route_color\":\"7DCAF2\",\"route_text_color\":\"121212\"},{\"route_id\":\"354\",\"route_short_name\":\"\",\"route_long_name\":\"Route 4\",\"route_type\":\"3\",\"route_type_name\":\"Bus\",\"route_color\":\"0B4CF8\",\"route_text_color\":\"FFFFFF\"}]"},"geometry":{"type":"Point","coordinates":[-116.966190487146,33.9468288592879]}},{"type":"Feature","properties":{"stop_id":"11792","stop_code":"","platform_code":"","stop_name":"Pennsylvania Avenue and 13th Street","stop_desc":"","zone_id":"","stop_url":"","location_type":"0","parent_station":"","stop_timezone":"America/Los_Angeles","position":"","direction":"","wheelchair_boarding":"0","tts_stop_name":"","feed_id":"California__Beaumont_Transit__mdb_mdb-106","agency_name":"Beaumont Transit","route_count":2,"route_ids":"3574|354","route_short_names":"","route_types":"3","route_type_names":"Bus","routes_json":"[{\"route_id\":\"3574\",\"route_short_name\":\"\",\"route_long_name\":\"Route 3/4\",\"route_type\":\"3\",\"route_type_name\":\"Bus\",\"route_color\":\"7DCAF2\",\"route_text_color\":\"121212\"},{\"route_id\":\"354\",\"route_short_name\":\"\",\"route_long_name\":\"Route 4\",\"route_type\":\"3\",\"route_type_name\":\"Bus\",\"route_color\":\"0B4CF8\",\"route_text_color\":\"FFFFFF\"}]"},"geometry":{"type":"Point","coordinates":[-116.966182440519,33.9436291873272]}},{"type":"Feature","properties":{"stop_id":"11793","stop_code":"","platform_code":"","stop_name":"Pennsylvania Avenue and 10th Street (Southbound)","stop_desc":"","zone_id":"","stop_url":"","location_type":"0","parent_station":"","stop_timezone":"America/Los_Angeles","position":"","direction":"","wheelchair_boarding":"0","tts_stop_name":"","feed_id":"California__Beaumont_Transit__mdb_mdb-106","agency_name":"Beaumont Transit","route_count":3,"route_ids":"3574|354|378","route_short_names":"","route_types":"3","route_type_names":"Bus","routes_json":"[{\"route_id\":\"3574\",\"route_short_name\":\"\",\"route_long_name\":\"Route 3/4\",\"route_type\":\"3\",\"route_type_name\":\"Bus\",\"route_color\":\"7DCAF2\",\"route_text_color\":\"121212\"},{\"route_id\":\"354\",\"route_short_name\":\"\",\"route_long_name\":\"Route 4\",\"route_type\":\"3\",\"route_type_name\":\"Bus\",\"route_color\":\"0B4CF8\",\"route_text_color\":\"FFFFFF\"},{\"route_id\":\"378\",\"route_short_name\":\"\",\"route_long_name\":\"Route 9\",\"route_type\":\"3\",\"route_type_name\":\"Bus\",\"route_color\":\"52C1C4\",\"route_text_color\":\"000000\"}]"},"geometry":{"type":"Point","coordinates":[-116.966165006161,33.9357407479541]}},{"type":"Feature","properties":{"stop_id":"11794","stop_code":"","platform_code":"","stop_name":"Pennsylvania Avenue and 8th Street","stop_desc":"","zone_id":"","stop_url":"","location_type":"0","parent_station":"","stop_timezone":"America/Los_Angeles","position":"","direction":"","wheelchair_boarding":"0","tts_stop_name":"","feed_id":"California__Beaumont_Transit__mdb_mdb-106","agency_name":"Beaumont Transit","route_count":3,"route_ids":"3574|354|378","route_short_names":"","route_types":"3","route_type_names":"Bus","routes_json":"[{\"route_id\":\"3574\",\"route_short_name\":\"\",\"route_long_name\":\"Route 3/4\",\"route_type\":\"3\",\"route_type_name\":\"Bus\",\"route_color\":\"7DCAF2\",\"route_text_color\":\"121212\"},{\"route_id\":\"354\",\"route_short_name\":\"\",\"route_long_name\":\"Route 4\",\"route_type\":\"3\",\"route_type_name\":\"Bus\",\"route_color\":\"0B4CF8\",\"route_text_color\":\"FFFFFF\"},{\"route_id\":\"378\",\"route_short_name\":\"\",\"route_long_name\":\"Route 9\",\"route_type\":\"3\",\"route_type_name\":\"Bus\",\"route_color\":\"52C1C4\",\"route_text_color\":\"000000\"}]"},"geometry":{"type":"Point","coordinates":[-116.96615561843,33.932677871308]}},{"type":"Feature","properties":{"stop_id":"11796","stop_code":"","platform_code":"","stop_name":"8th Street and Palo Alto Avenue","stop_desc":"","zone_id":"","stop_url":"","location_type":"0","parent_station":"","stop_timezone":"America/Los_Angeles","position":"","direction":"","wheelchair_boarding":"0","tts_stop_name":"","feed_id":"California__Beaumont_Transit__mdb_mdb-106","agency_name":"Beaumont Transit","route_count":2,"route_ids":"3574|354","route_short_names":"","route_types":"3","route_type_names":"Bus","routes_json":"[{\"route_id\":\"3574\",\"route_short_name\":\"\",\"route_long_name\":\"Route 3/4\",\"route_type\":\"3\",\"route_type_name\":\"Bus\",\"route_color\":\"7DCAF2\",\"route_text_color\":\"121212\"},{\"route_id\":\"354\",\"route_short_name\":\"\",\"route_long_name\":\"Route 4\",\"route_type\":\"3\",\"route_type_name\":\"Bus\",\"route_color\":\"0B4CF8\",\"route_text_color\":\"FFFFFF\"}]"},"geometry":{"type":"Point","coordinates":[-116.960003972054,33.9324427408618]}},{"type":"Feature","properties":{"stop_id":"12442","stop_code":"","platform_code":"","stop_name":"Oak Valley Parkway and Gateway Drive","stop_desc":"","zone_id":"","stop_url":"","location_type":"0","parent_station":"","stop_timezone":"America/Los_Angeles","position":"","direction":"","wheelchair_boarding":"0","tts_stop_name":"","feed_id":"California__Beaumont_Transit__mdb_mdb-106","agency_name":"Beaumont Transit","route_count":1,"route_ids":"374","route_short_names":"","route_types":"3","route_type_names":"Bus","routes_json":"[{\"route_id\":\"374\",\"route_short_name\":\"\",\"route_long_name\":\"Route 7-1\",\"route_type\":\"3\",\"route_type_name\":\"Bus\",\"route_color\":\"FF9325\",\"route_text_color\":\"000000\"}]"},"geometry":{"type":"Point","coordinates":[-117.012938708067,33.9441440461984]}},{"type":"Feature","properties":{"stop_id":"12444","stop_code":"","platform_code":"","stop_name":"Palmer Avenue and Morris Street","stop_desc":"","zone_id":"","stop_url":"","location_type":"0","parent_station":"","stop_timezone":"America/Los_Angeles","position":"","direction":"","wheelchair_boarding":"0","tts_stop_name":"","feed_id":"California__Beaumont_Transit__mdb_mdb-106","agency_name":"Beaumont Transit","route_count":1,"route_ids":"374","route_short_names":"","route_types":"3","route_type_names":"Bus","routes_json":"[{\"route_id\":\"374\",\"route_short_name\":\"\",\"route_long_name\":\"Route 7-1\",\"route_type\":\"3\",\"route_type_name\":\"Bus\",\"route_color\":\"FF9325\",\"route_text_color\":\"000000\"}]"},"geometry":{"type":"Point","coordinates":[-117.060420513153,33.9603671689541]}},{"type":"Feature","properties":{"stop_id":"12445","stop_code":"","platform_code":"","stop_name":"Palmer Avenue and Armour Avenue","stop_desc":"","zone_id":"","stop_url":"","location_type":"0","parent_station":"","stop_timezone":"America/Los_Angeles","position":"","direction":"","wheelchair_boarding":"0","tts_stop_name":"","feed_id":"California__Beaumont_Transit__mdb_mdb-106","agency_name":"Beaumont Transit","route_count":1,"route_ids":"374","route_short_names":"","route_types":"3","route_type_names":"Bus","routes_json":"[{\"route_id\":\"374\",\"route_short_name\":\"\",\"route_long_name\":\"Route 7-1\",\"route_type\":\"3\",\"route_type_name\":\"Bus\",\"route_color\":\"FF9325\",\"route_text_color\":\"000000\"}]"},"geometry":{"type":"Point","coordinates":[-117.056657373905,33.9616152103369]}},{"type":"Feature","properties":{"stop_id":"12446","stop_code":"","platform_code":"","stop_name":"Palmer Avenue and Jones Way","stop_desc":"","zone_id":"","stop_url":"","location_type":"0","parent_station":"","stop_timezone":"America/Los_Angeles","position":"","direction":"","wheelchair_boarding":"0","tts_stop_name":"","feed_id":"California__Beaumont_Transit__mdb_mdb-106","agency_name":"Beaumont Transit","route_count":1,"route_ids":"374","route_short_names":"","route_types":"3","route_type_names":"Bus","routes_json":"[{\"route_id\":\"374\",\"route_short_name\":\"\",\"route_long_name\":\"Route 7-1\",\"route_type\":\"3\",\"route_type_name\":\"Bus\",\"route_color\":\"FF9325\",\"route_text_color\":\"000000\"}]"},"geometry":{"type":"Point","coordinates":[-117.051805257797,33.9610612690953]}},{"type":"Feature","properties":{"stop_id":"12447","stop_code":"","platform_code":"","stop_name":"Palmer Avenue and Harmon Heights","stop_desc":"","zone_id":"","stop_url":"","location_type":"0","parent_station":"","stop_timezone":"America/Los_Angeles","position":"","direction":"","wheelchair_boarding":"0","tts_stop_name":"","feed_id":"California__Beaumont_Transit__mdb_mdb-106","agency_name":"Beaumont Transit","route_count":1,"route_ids":"374","route_short_names":"","route_types":"3","route_type_names":"Bus","routes_json":"[{\"route_id\":\"374\",\"route_short_name\":\"\",\"route_long_name\":\"Route 7-1\",\"route_type\":\"3\",\"route_type_name\":\"Bus\",\"route_color\":\"FF9325\",\"route_text_color\":\"000000\"}]"},"geometry":{"type":"Point","coordinates":[-117.049069404602,33.9607765107482]}},{"type":"Feature","properties":{"stop_id":"12448","stop_code":"","platform_code":"","stop_name":"Palmer Avenue and Trevino Trail","stop_desc":"","zone_id":"","stop_url":"","location_type":"0","parent_station":"","stop_timezone":"America/Los_Angeles","position":"","direction":"","wheelchair_boarding":"0","tts_stop_name":"","feed_id":"California__Beaumont_Transit__mdb_mdb-106","agency_name":"Beaumont Transit","route_count":1,"route_ids":"374","route_short_names":"","route_types":"3","route_type_names":"Bus","routes_json":"[{\"route_id\":\"374\",\"route_short_name\":\"\",\"route_long_name\":\"Route 7-1\",\"route_type\":\"3\",\"route_type_name\":\"Bus\",\"route_color\":\"FF9325\",\"route_text_color\":\"000000\"}]"},"geometry":{"type":"Point","coordinates":[-117.044207900763,33.9611202228529]}},{"type":"Feature","properties":{"stop_id":"12449","stop_code":"","platform_code":"","stop_name":"Tukwet Canyon Pkwy and Sanders Street","stop_desc":"Across from Trevino Park","zone_id":"","stop_url":"","location_type":"0","parent_station":"","stop_timezone":"America/Los_Angeles","position":"","direction":"","wheelchair_boarding":"0","tts_stop_name":"","feed_id":"California__Beaumont_Transit__mdb_mdb-106","agency_name":"Beaumont Transit","route_count":1,"route_ids":"374","route_short_names":"","route_types":"3","route_type_names":"Bus","routes_json":"[{\"route_id\":\"374\",\"route_short_name\":\"\",\"route_long_name\":\"Route 7-1\",\"route_type\":\"3\",\"route_type_name\":\"Bus\",\"route_color\":\"FF9325\",\"route_text_color\":\"000000\"}]"},"geometry":{"type":"Point","coordinates":[-117.035400867462,33.9593438058519]}},{"type":"Feature","properties":{"stop_id":"12450","stop_code":"","platform_code":"","stop_name":"Tukwet Canyon Pkwy and Champions Drive","stop_desc":"","zone_id":"","stop_url":"","location_type":"0","parent_station":"","stop_timezone":"America/Los_Angeles","position":"","direction":"","wheelchair_boarding":"0","tts_stop_name":"","feed_id":"California__Beaumont_Transit__mdb_mdb-106","agency_name":"Beaumont Transit","route_count":1,"route_ids":"374","route_short_names":"","route_types":"3","route_type_names":"Bus","routes_json":"[{\"route_id\":\"374\",\"route_short_name\":\"\",\"route_long_name\":\"Route 7-1\",\"route_type\":\"3\",\"route_type_name\":\"Bus\",\"route_color\":\"FF9325\",\"route_text_color\":\"000000\"}]"},"geometry":{"type":"Point","coordinates":[-117.037439346313,33.9563359369516]}},{"type":"Feature","properties":{"stop_id":"12451","stop_code":"","platform_code":"","stop_name":"Champions Drive and Ryders Cup Road","stop_desc":"","zone_id":"","stop_url":"","location_type":"0","parent_station":"","stop_timezone":"America/Los_Angeles","position":"","direction":"","wheelchair_boarding":"0","tts_stop_name":"","feed_id":"California__Beaumont_Transit__mdb_mdb-106","agency_name":"Beaumont Transit","route_count":2,"route_ids":"374|76158","route_short_names":"","route_types":"3","route_type_names":"Bus","routes_json":"[{\"route_id\":\"374\",\"route_short_name\":\"\",\"route_long_name\":\"Route 7-1\",\"route_type\":\"3\",\"route_type_name\":\"Bus\",\"route_color\":\"FF9325\",\"route_text_color\":\"000000\"},{\"route_id\":\"76158\",\"route_short_name\":\"\",\"route_long_name\":\"Route 7-2\",\"route_type\":\"3\",\"route_type_name\":\"Bus\",\"route_color\":\"0083FD\",\"route_text_color\":\"000000\"}]"},"geometry":{"type":"Point","coordinates":[-117.026125788689,33.9538619295782]}},{"type":"Feature","properties":{"stop_id":"12452","stop_code":"","platform_code":"","stop_name":"Champions Drive and Bay Hill","stop_desc":"","zone_id":"","stop_url":"","location_type":"0","parent_station":"","stop_timezone":"America/Los_Angeles","position":"","direction":"","wheelchair_boarding":"0","tts_stop_name":"","feed_id":"California__Beaumont_Transit__mdb_mdb-106","agency_name":"Beaumont Transit","route_count":2,"route_ids":"374|76158","route_short_names":"","route_types":"3","route_type_names":"Bus","routes_json":"[{\"route_id\":\"374\",\"route_short_name\":\"\",\"route_long_name\":\"Route 7-1\",\"route_type\":\"3\",\"route_type_name\":\"Bus\",\"route_color\":\"FF9325\",\"route_text_color\":\"000000\"},{\"route_id\":\"76158\",\"route_short_name\":\"\",\"route_long_name\":\"Route 7-2\",\"route_type\":\"3\",\"route_type_name\":\"Bus\",\"route_color\":\"0083FD\",\"route_text_color\":\"000000\"}]"},"geometry":{"type":"Point","coordinates":[-117.01847076416,33.9537239882011]}},{"type":"Feature","properties":{"stop_id":"12454","stop_code":"","platform_code":"","stop_name":"DeForge Community Park (Seneca Springs)","stop_desc":"","zone_id":"","stop_url":"","location_type":"0","parent_station":"","stop_timezone":"America/Los_Angeles","position":"","direction":"","wheelchair_boarding":"0","tts_stop_name":"","feed_id":"California__Beaumont_Transit__mdb_mdb-106","agency_name":"Beaumont Transit","route_count":1,"route_ids":"378","route_short_names":"","route_types":"3","route_type_names":"Bus","routes_json":"[{\"route_id\":\"378\",\"route_short_name\":\"\",\"route_long_name\":\"Route 9\",\"route_type\":\"3\",\"route_type_name\":\"Bus\",\"route_color\":\"52C1C4\",\"route_text_color\":\"000000\"}]"},"geometry":{"type":"Point","coordinates":[-116.959176510572,33.9200863183347]}},{"type":"Feature","properties":{"stop_id":"12456","stop_code":"","platform_code":"","stop_name":"Pennsylvania Avenue and 10th Street (Northbound)","stop_desc":"","zone_id":"","stop_url":"","location_type":"0","parent_station":"","stop_timezone":"America/Los_Angeles","position":"","direction":"","wheelchair_boarding":"0","tts_stop_name":"","feed_id":"California__Beaumont_Transit__mdb_mdb-106","agency_name":"Beaumont Transit","route_count":1,"route_ids":"378","route_short_names":"","route_types":"3","route_type_names":"Bus","routes_json":"[{\"route_id\":\"378\",\"route_short_name\":\"\",\"route_long_name\":\"Route 9\",\"route_type\":\"3\",\"route_type_name\":\"Bus\",\"route_color\":\"52C1C4\",\"route_text_color\":\"000000\"}]"},"geometry":{"type":"Point","coordinates":[-116.965953111649,33.9353579898502]}},{"type":"Feature","properties":{"stop_id":"12465","stop_code":"","platform_code":"","stop_name":"Cougar Way and Palm Avenue (Eastbound)","stop_desc":"","zone_id":"","stop_url":"","location_type":"0","parent_station":"","stop_timezone":"America/Los_Angeles","position":"","direction":"","wheelchair_boarding":"0","tts_stop_name":"","feed_id":"California__Beaumont_Transit__mdb_mdb-106","agency_name":"Beaumont Transit","route_count":0,"route_ids":"","route_short_names":"","route_types":"","route_type_names":"","routes_json":"[]"},"geometry":{"type":"Point","coordinates":[-116.970512866974,33.9541289122536]}},{"type":"Feature","properties":{"stop_id":"12466","stop_code":"","platform_code":"","stop_name":"Oak Valley Parkway and Cherry Avenue","stop_desc":"","zone_id":"","stop_url":"","location_type":"0","parent_station":"","stop_timezone":"America/Los_Angeles","position":"","direction":"","wheelchair_boarding":"0","tts_stop_name":"","feed_id":"California__Beaumont_Transit__mdb_mdb-106","agency_name":"Beaumont Transit","route_count":1,"route_ids":"352","route_short_names":"","route_types":"3","route_type_names":"Bus","routes_json":"[{\"route_id\":\"352\",\"route_short_name\":\"\",\"route_long_name\":\"Route 3\",\"route_type\":\"3\",\"route_type_name\":\"Bus\",\"route_color\":\"179093\",\"route_text_color\":\"E6FDFD\"}]"},"geometry":{"type":"Point","coordinates":[-116.963882446289,33.9468933855102]}},{"type":"Feature","properties":{"stop_id":"12467","stop_code":"","platform_code":"","stop_name":"6th Street and Xenia Avenue (Westbound)","stop_desc":"Beaumont Swap Meet","zone_id":"","stop_url":"","location_type":"0","parent_station":"","stop_timezone":"America/Los_Angeles","position":"","direction":"","wheelchair_boarding":"0","tts_stop_name":"","feed_id":"California__Beaumont_Transit__mdb_mdb-106","agency_name":"Beaumont Transit","route_count":2,"route_ids":"3574|354","route_short_names":"","route_types":"3","route_type_names":"Bus","routes_json":"[{\"route_id\":\"3574\",\"route_short_name\":\"\",\"route_long_name\":\"Route 3/4\",\"route_type\":\"3\",\"route_type_name\":\"Bus\",\"route_color\":\"7DCAF2\",\"route_text_color\":\"121212\"},{\"route_id\":\"354\",\"route_short_name\":\"\",\"route_long_name\":\"Route 4\",\"route_type\":\"3\",\"route_type_name\":\"Bus\",\"route_color\":\"0B4CF8\",\"route_text_color\":\"FFFFFF\"}]"},"geometry":{"type":"Point","coordinates":[-116.955127716064,33.9295140391023]}},{"type":"Feature","properties":{"stop_id":"12473","stop_code":"","platform_code":"","stop_name":"Beaumont Avenue and 9th Street","stop_desc":"Marlene's Tax Service","zone_id":"","stop_url":"","location_type":"0","parent_station":"","stop_timezone":"America/Los_Angeles","position":"","direction":"","wheelchair_boarding":"0","tts_stop_name":"","feed_id":"California__Beaumont_Transit__mdb_mdb-106","agency_name":"Beaumont Transit","route_count":0,"route_ids":"","route_short_names":"","route_types":"","route_type_names":"","routes_json":"[]"},"geometry":{"type":"Point","coordinates":[-116.977298855782,33.9336422332546]}},{"type":"Feature","properties":{"stop_id":"12474","stop_code":"","platform_code":"","stop_name":"CitiBank (Beaumont Ave)","stop_desc":"CitiBank, Chamber of Commerce","zone_id":"","stop_url":"","location_type":"0","parent_station":"","stop_timezone":"America/Los_Angeles","position":"","direction":"","wheelchair_boarding":"0","tts_stop_name":"","feed_id":"California__Beaumont_Transit__mdb_mdb-106","agency_name":"Beaumont Transit","route_count":0,"route_ids":"","route_short_names":"","route_types":"","route_type_names":"","routes_json":"[]"},"geometry":{"type":"Point","coordinates":[-116.977293491364,33.932071095078]}},{"type":"Feature","properties":{"stop_id":"12476","stop_code":"","platform_code":"","stop_name":"8th Street and Xenia Avenue","stop_desc":"","zone_id":"","stop_url":"","location_type":"0","parent_station":"","stop_timezone":"America/Los_Angeles","position":"","direction":"","wheelchair_boarding":"0","tts_stop_name":"","feed_id":"California__Beaumont_Transit__mdb_mdb-106","agency_name":"Beaumont Transit","route_count":2,"route_ids":"3574|354","route_short_names":"","route_types":"3","route_type_names":"Bus","routes_json":"[{\"route_id\":\"3574\",\"route_short_name\":\"\",\"route_long_name\":\"Route 3/4\",\"route_type\":\"3\",\"route_type_name\":\"Bus\",\"route_color\":\"7DCAF2\",\"route_text_color\":\"121212\"},{\"route_id\":\"354\",\"route_short_name\":\"\",\"route_long_name\":\"Route 4\",\"route_type\":\"3\",\"route_type_name\":\"Bus\",\"route_color\":\"0B4CF8\",\"route_text_color\":\"FFFFFF\"}]"},"geometry":{"type":"Point","coordinates":[-116.95745634324244,33.93242969393046]}},{"type":"Feature","properties":{"stop_id":"12477","stop_code":"","platform_code":"","stop_name":"1st Street and Highland Springs Avenue","stop_desc":"","zone_id":"","stop_url":"","location_type":"0","parent_station":"","stop_timezone":"America/Los_Angeles","position":"","direction":"","wheelchair_boarding":"0","tts_stop_name":"","feed_id":"California__Beaumont_Transit__mdb_mdb-106","agency_name":"Beaumont Transit","route_count":5,"route_ids":"16684|352|3574|354|378","route_short_names":"","route_types":"3","route_type_names":"Bus","routes_json":"[{\"route_id\":\"16684\",\"route_short_name\":\"\",\"route_long_name\":\"Casino Express\",\"route_type\":\"3\",\"route_type_name\":\"Bus\",\"route_color\":\"00BEFD\",\"route_text_color\":\"000000\"},{\"route_id\":\"352\",\"route_short_name\":\"\",\"route_long_name\":\"Route 3\",\"route_type\":\"3\",\"route_type_name\":\"Bus\",\"route_color\":\"179093\",\"route_text_color\":\"E6FDFD\"},{\"route_id\":\"3574\",\"route_short_name\":\"\",\"route_long_name\":\"Route 3/4\",\"route_type\":\"3\",\"route_type_name\":\"Bus\",\"route_color\":\"7DCAF2\",\"route_text_color\":\"121212\"},{\"route_id\":\"354\",\"route_short_name\":\"\",\"route_long_name\":\"Route 4\",\"route_type\":\"3\",\"route_type_name\":\"Bus\",\"route_color\":\"0B4CF8\",\"route_text_color\":\"FFFFFF\"},{\"route_id\":\"378\",\"route_short_name\":\"\",\"route_long_name\":\"Route 9\",\"route_type\":\"3\",\"route_type_name\":\"Bus\",\"route_color\":\"52C1C4\",\"route_text_color\":\"000000\"}]"},"geometry":{"type":"Point","coordinates":[-116.948111057281,33.9216042607502]}},{"type":"Feature","properties":{"stop_id":"12496","stop_code":"","platform_code":"","stop_name":"6th Street and Michigan Avenue (Westbound)","stop_desc":"","zone_id":"","stop_url":"","location_type":"0","parent_station":"","stop_timezone":"America/Los_Angeles","position":"","direction":"","wheelchair_boarding":"0","tts_stop_name":"","feed_id":"California__Beaumont_Transit__mdb_mdb-106","agency_name":"Beaumont Transit","route_count":2,"route_ids":"3574|354","route_short_names":"","route_types":"3","route_type_names":"Bus","routes_json":"[{\"route_id\":\"3574\",\"route_short_name\":\"\",\"route_long_name\":\"Route 3/4\",\"route_type\":\"3\",\"route_type_name\":\"Bus\",\"route_color\":\"7DCAF2\",\"route_text_color\":\"121212\"},{\"route_id\":\"354\",\"route_short_name\":\"\",\"route_long_name\":\"Route 4\",\"route_type\":\"3\",\"route_type_name\":\"Bus\",\"route_color\":\"0B4CF8\",\"route_text_color\":\"FFFFFF\"}]"},"geometry":{"type":"Point","coordinates":[-116.96974017480464,33.92949636922046]}},{"type":"Feature","properties":{"stop_id":"12502","stop_code":"","platform_code":"","stop_name":"Oak Valley Parkway and Edeleweiss Drive (Eastbound)","stop_desc":"","zone_id":"","stop_url":"","location_type":"0","parent_station":"","stop_timezone":"America/Los_Angeles","position":"","direction":"","wheelchair_boarding":"0","tts_stop_name":"","feed_id":"California__Beaumont_Transit__mdb_mdb-106","agency_name":"Beaumont Transit","route_count":1,"route_ids":"352","route_short_names":"","route_types":"3","route_type_names":"Bus","routes_json":"[{\"route_id\":\"352\",\"route_short_name\":\"\",\"route_long_name\":\"Route 3\",\"route_type\":\"3\",\"route_type_name\":\"Bus\",\"route_color\":\"179093\",\"route_text_color\":\"E6FDFD\"}]"},"geometry":{"type":"Point","coordinates":[-116.959762573242,33.9463148728049]}},{"type":"Feature","properties":{"stop_id":"12503","stop_code":"","platform_code":"","stop_name":"Starlight Avenue and Chenille Way","stop_desc":"","zone_id":"","stop_url":"","location_type":"0","parent_station":"","stop_timezone":"America/Los_Angeles","position":"","direction":"","wheelchair_boarding":"0","tts_stop_name":"","feed_id":"California__Beaumont_Transit__mdb_mdb-106","agency_name":"Beaumont Transit","route_count":1,"route_ids":"352","route_short_names":"","route_types":"3","route_type_names":"Bus","routes_json":"[{\"route_id\":\"352\",\"route_short_name\":\"\",\"route_long_name\":\"Route 3\",\"route_type\":\"3\",\"route_type_name\":\"Bus\",\"route_color\":\"179093\",\"route_text_color\":\"E6FDFD\"}]"},"geometry":{"type":"Point","coordinates":[-116.955374479294,33.9433154438938]}},{"type":"Feature","properties":{"stop_id":"12505","stop_code":"","platform_code":"","stop_name":"Cherry Avenue and Oak Valley Parkway (Country Highlands)","stop_desc":"Chatigny Recreation Center","zone_id":"","stop_url":"","location_type":"0","parent_station":"","stop_timezone":"America/Los_Angeles","position":"","direction":"","wheelchair_boarding":"0","tts_stop_name":"","feed_id":"California__Beaumont_Transit__mdb_mdb-106","agency_name":"Beaumont Transit","route_count":2,"route_ids":"352|3574","route_short_names":"","route_types":"3","route_type_names":"Bus","routes_json":"[{\"route_id\":\"352\",\"route_short_name\":\"\",\"route_long_name\":\"Route 3\",\"route_type\":\"3\",\"route_type_name\":\"Bus\",\"route_color\":\"179093\",\"route_text_color\":\"E6FDFD\"},{\"route_id\":\"3574\",\"route_short_name\":\"\",\"route_long_name\":\"Route 3/4\",\"route_type\":\"3\",\"route_type_name\":\"Bus\",\"route_color\":\"7DCAF2\",\"route_text_color\":\"121212\"}]"},"geometry":{"type":"Point","coordinates":[-116.96443401137644,33.948276249718305]}},{"type":"Feature","properties":{"stop_id":"12506","stop_code":"","platform_code":"","stop_name":"San Gorgonio Middle School (Cougar Way)","stop_desc":"","zone_id":"","stop_url":"","location_type":"0","parent_station":"","stop_timezone":"America/Los_Angeles","position":"","direction":"","wheelchair_boarding":"0","tts_stop_name":"","feed_id":"California__Beaumont_Transit__mdb_mdb-106","agency_name":"Beaumont Transit","route_count":0,"route_ids":"","route_short_names":"","route_types":"","route_type_names":"","routes_json":"[]"},"geometry":{"type":"Point","coordinates":[-116.965856552124,33.9541556104751]}},{"type":"Feature","properties":{"stop_id":"12507","stop_code":"","platform_code":"","stop_name":"Palm Avenue and Canyon Crest","stop_desc":"","zone_id":"","stop_url":"","location_type":"0","parent_station":"","stop_timezone":"America/Los_Angeles","position":"","direction":"","wheelchair_boarding":"0","tts_stop_name":"","feed_id":"California__Beaumont_Transit__mdb_mdb-106","agency_name":"Beaumont Transit","route_count":3,"route_ids":"352|3574|378","route_short_names":"","route_types":"3","route_type_names":"Bus","routes_json":"[{\"route_id\":\"352\",\"route_short_name\":\"\",\"route_long_name\":\"Route 3\",\"route_type\":\"3\",\"route_type_name\":\"Bus\",\"route_color\":\"179093\",\"route_text_color\":\"E6FDFD\"},{\"route_id\":\"3574\",\"route_short_name\":\"\",\"route_long_name\":\"Route 3/4\",\"route_type\":\"3\",\"route_type_name\":\"Bus\",\"route_color\":\"7DCAF2\",\"route_text_color\":\"121212\"},{\"route_id\":\"378\",\"route_short_name\":\"\",\"route_long_name\":\"Route 9\",\"route_type\":\"3\",\"route_type_name\":\"Bus\",\"route_color\":\"52C1C4\",\"route_text_color\":\"000000\"}]"},"geometry":{"type":"Point","coordinates":[-116.970777064562,33.9526705091795]}},{"type":"Feature","properties":{"stop_id":"12528","stop_code":"","platform_code":"","stop_name":"Three Rings Ranch Park (Brookside Ln)","stop_desc":"","zone_id":"","stop_url":"","location_type":"0","parent_station":"","stop_timezone":"America/Los_Angeles","position":"","direction":"","wheelchair_boarding":"0","tts_stop_name":"","feed_id":"California__Beaumont_Transit__mdb_mdb-106","agency_name":"Beaumont Transit","route_count":1,"route_ids":"354","route_short_names":"","route_types":"3","route_type_names":"Bus","routes_json":"[{\"route_id\":\"354\",\"route_short_name\":\"\",\"route_long_name\":\"Route 4\",\"route_type\":\"3\",\"route_type_name\":\"Bus\",\"route_color\":\"0B4CF8\",\"route_text_color\":\"FFFFFF\"}]"},"geometry":{"type":"Point","coordinates":[-116.988971829414,33.9362125172033]}},{"type":"Feature","properties":{"stop_id":"12530","stop_code":"","platform_code":"","stop_name":"Manzanita Parkway and Brownie Way","stop_desc":"","zone_id":"","stop_url":"","location_type":"0","parent_station":"","stop_timezone":"America/Los_Angeles","position":"","direction":"","wheelchair_boarding":"0","tts_stop_name":"","feed_id":"California__Beaumont_Transit__mdb_mdb-106","agency_name":"Beaumont Transit","route_count":1,"route_ids":"378","route_short_names":"","route_types":"3","route_type_names":"Bus","routes_json":"[{\"route_id\":\"378\",\"route_short_name\":\"\",\"route_long_name\":\"Route 9\",\"route_type\":\"3\",\"route_type_name\":\"Bus\",\"route_color\":\"52C1C4\",\"route_text_color\":\"000000\"}]"},"geometry":{"type":"Point","coordinates":[-116.96853676022272,33.9160179845132]}},{"type":"Feature","properties":{"stop_id":"12531","stop_code":"","platform_code":"","stop_name":"Seneca Springs and Lynn Avenue","stop_desc":"","zone_id":"","stop_url":"","location_type":"0","parent_station":"","stop_timezone":"America/Los_Angeles","position":"","direction":"","wheelchair_boarding":"0","tts_stop_name":"","feed_id":"California__Beaumont_Transit__mdb_mdb-106","agency_name":"Beaumont Transit","route_count":1,"route_ids":"378","route_short_names":"","route_types":"3","route_type_names":"Bus","routes_json":"[{\"route_id\":\"378\",\"route_short_name\":\"\",\"route_long_name\":\"Route 9\",\"route_type\":\"3\",\"route_type_name\":\"Bus\",\"route_color\":\"52C1C4\",\"route_text_color\":\"000000\"}]"},"geometry":{"type":"Point","coordinates":[-116.966843605042,33.9132530168794]}},{"type":"Feature","properties":{"stop_id":"12532","stop_code":"","platform_code":"","stop_name":"Seneca Springs and Malaga Avenue","stop_desc":"","zone_id":"","stop_url":"","location_type":"0","parent_station":"","stop_timezone":"America/Los_Angeles","position":"","direction":"","wheelchair_boarding":"0","tts_stop_name":"","feed_id":"California__Beaumont_Transit__mdb_mdb-106","agency_name":"Beaumont Transit","route_count":1,"route_ids":"378","route_short_names":"","route_types":"3","route_type_names":"Bus","routes_json":"[{\"route_id\":\"378\",\"route_short_name\":\"\",\"route_long_name\":\"Route 9\",\"route_type\":\"3\",\"route_type_name\":\"Bus\",\"route_color\":\"52C1C4\",\"route_text_color\":\"000000\"}]"},"geometry":{"type":"Point","coordinates":[-116.964511424303,33.913369877617]}},{"type":"Feature","properties":{"stop_id":"12533","stop_code":"","platform_code":"","stop_name":"Seneca Springs and Tripoli Street","stop_desc":"","zone_id":"","stop_url":"","location_type":"0","parent_station":"","stop_timezone":"America/Los_Angeles","position":"","direction":"","wheelchair_boarding":"0","tts_stop_name":"","feed_id":"California__Beaumont_Transit__mdb_mdb-106","agency_name":"Beaumont Transit","route_count":1,"route_ids":"378","route_short_names":"","route_types":"3","route_type_names":"Bus","routes_json":"[{\"route_id\":\"378\",\"route_short_name\":\"\",\"route_long_name\":\"Route 9\",\"route_type\":\"3\",\"route_type_name\":\"Bus\",\"route_color\":\"52C1C4\",\"route_text_color\":\"000000\"}]"},"geometry":{"type":"Point","coordinates":[-116.961843967438,33.916872286493]}},{"type":"Feature","properties":{"stop_id":"12539","stop_code":"","platform_code":"","stop_name":"Palm Avenue and Winter Pine Street","stop_desc":"","zone_id":"","stop_url":"","location_type":"0","parent_station":"","stop_timezone":"America/Los_Angeles","position":"","direction":"","wheelchair_boarding":"0","tts_stop_name":"","feed_id":"California__Beaumont_Transit__mdb_mdb-106","agency_name":"Beaumont Transit","route_count":4,"route_ids":"354|374|76158|378","route_short_names":"","route_types":"3","route_type_names":"Bus","routes_json":"[{\"route_id\":\"354\",\"route_short_name\":\"\",\"route_long_name\":\"Route 4\",\"route_type\":\"3\",\"route_type_name\":\"Bus\",\"route_color\":\"0B4CF8\",\"route_text_color\":\"FFFFFF\"},{\"route_id\":\"374\",\"route_short_name\":\"\",\"route_long_name\":\"Route 7-1\",\"route_type\":\"3\",\"route_type_name\":\"Bus\",\"route_color\":\"FF9325\",\"route_text_color\":\"000000\"},{\"route_id\":\"76158\",\"route_short_name\":\"\",\"route_long_name\":\"Route 7-2\",\"route_type\":\"3\",\"route_type_name\":\"Bus\",\"route_color\":\"0083FD\",\"route_text_color\":\"000000\"},{\"route_id\":\"378\",\"route_short_name\":\"\",\"route_long_name\":\"Route 9\",\"route_type\":\"3\",\"route_type_name\":\"Bus\",\"route_color\":\"52C1C4\",\"route_text_color\":\"000000\"}]"},"geometry":{"type":"Point","coordinates":[-116.97102567381646,33.953287384920344]}},{"type":"Feature","properties":{"stop_id":"12541","stop_code":"","platform_code":"","stop_name":"Beaumont Ave and 7th St (Chamber of Commerce) - NB","stop_desc":"Beaumont Chamber of Commerce Bus Shelter","zone_id":"","stop_url":"","location_type":"0","parent_station":"","stop_timezone":"America/Los_Angeles","position":"","direction":"","wheelchair_boarding":"0","tts_stop_name":"","feed_id":"California__Beaumont_Transit__mdb_mdb-106","agency_name":"Beaumont Transit","route_count":2,"route_ids":"3574|354","route_short_names":"","route_types":"3","route_type_names":"Bus","routes_json":"[{\"route_id\":\"3574\",\"route_short_name\":\"\",\"route_long_name\":\"Route 3/4\",\"route_type\":\"3\",\"route_type_name\":\"Bus\",\"route_color\":\"7DCAF2\",\"route_text_color\":\"121212\"},{\"route_id\":\"354\",\"route_short_name\":\"\",\"route_long_name\":\"Route 4\",\"route_type\":\"3\",\"route_type_name\":\"Bus\",\"route_color\":\"0B4CF8\",\"route_text_color\":\"FFFFFF\"}]"},"geometry":{"type":"Point","coordinates":[-116.977027952671,33.9316660660895]}},{"type":"Feature","properties":{"stop_id":"13590","stop_code":"","platform_code":"","stop_name":"Oak View Drive and Cedarbrook Street","stop_desc":"","zone_id":"","stop_url":"","location_type":"0","parent_station":"","stop_timezone":"America/Los_Angeles","position":"","direction":"","wheelchair_boarding":"0","tts_stop_name":"","feed_id":"California__Beaumont_Transit__mdb_mdb-106","agency_name":"Beaumont Transit","route_count":1,"route_ids":"354","route_short_names":"","route_types":"3","route_type_names":"Bus","routes_json":"[{\"route_id\":\"354\",\"route_short_name\":\"\",\"route_long_name\":\"Route 4\",\"route_type\":\"3\",\"route_type_name\":\"Bus\",\"route_color\":\"0B4CF8\",\"route_text_color\":\"FFFFFF\"}]"},"geometry":{"type":"Point","coordinates":[-116.994888782501,33.948557700134]}},{"type":"Feature","properties":{"stop_id":"13591","stop_code":"","platform_code":"","stop_name":"Oak View Drive and Iris Street","stop_desc":"","zone_id":"","stop_url":"","location_type":"0","parent_station":"","stop_timezone":"America/Los_Angeles","position":"","direction":"","wheelchair_boarding":"0","tts_stop_name":"","feed_id":"California__Beaumont_Transit__mdb_mdb-106","agency_name":"Beaumont Transit","route_count":1,"route_ids":"354","route_short_names":"","route_types":"3","route_type_names":"Bus","routes_json":"[{\"route_id\":\"354\",\"route_short_name\":\"\",\"route_long_name\":\"Route 4\",\"route_type\":\"3\",\"route_type_name\":\"Bus\",\"route_color\":\"0B4CF8\",\"route_text_color\":\"FFFFFF\"}]"},"geometry":{"type":"Point","coordinates":[-116.991981267929,33.9533813586516]}},{"type":"Feature","properties":{"stop_id":"13592","stop_code":"","platform_code":"","stop_name":"Oak View Dr and Golden Way","stop_desc":"","zone_id":"","stop_url":"","location_type":"0","parent_station":"","stop_timezone":"America/Los_Angeles","position":"","direction":"","wheelchair_boarding":"0","tts_stop_name":"","feed_id":"California__Beaumont_Transit__mdb_mdb-106","agency_name":"Beaumont Transit","route_count":1,"route_ids":"354","route_short_names":"","route_types":"3","route_type_names":"Bus","routes_json":"[{\"route_id\":\"354\",\"route_short_name\":\"\",\"route_long_name\":\"Route 4\",\"route_type\":\"3\",\"route_type_name\":\"Bus\",\"route_color\":\"0B4CF8\",\"route_text_color\":\"FFFFFF\"}]"},"geometry":{"type":"Point","coordinates":[-116.988805532455,33.957439427833]}},{"type":"Feature","properties":{"stop_id":"16273","stop_code":"","platform_code":"","stop_name":"Palm Avenue and 12th Street (Catholic Church)","stop_desc":"","zone_id":"","stop_url":"","location_type":"0","parent_station":"","stop_timezone":"America/Los_Angeles","position":"","direction":"","wheelchair_boarding":"0","tts_stop_name":"","feed_id":"California__Beaumont_Transit__mdb_mdb-106","agency_name":"Beaumont Transit","route_count":1,"route_ids":"378","route_short_names":"","route_types":"3","route_type_names":"Bus","routes_json":"[{\"route_id\":\"378\",\"route_short_name\":\"\",\"route_long_name\":\"Route 9\",\"route_type\":\"3\",\"route_type_name\":\"Bus\",\"route_color\":\"52C1C4\",\"route_text_color\":\"000000\"}]"},"geometry":{"type":"Point","coordinates":[-116.971405231872,33.9405273985181]}},{"type":"Feature","properties":{"stop_id":"2328574","stop_code":"","platform_code":"","stop_name":"Calimesa Veterinarian","stop_desc":"","zone_id":"","stop_url":"","location_type":"0","parent_station":"","stop_timezone":"America/Los_Angeles","position":"","direction":"","wheelchair_boarding":"0","tts_stop_name":"","feed_id":"California__Beaumont_Transit__mdb_mdb-106","agency_name":"Beaumont Transit","route_count":0,"route_ids":"","route_short_names":"","route_types":"","route_type_names":"","routes_json":"[]"},"geometry":{"type":"Point","coordinates":[-117.061177097232,34.0013723846117]}},{"type":"Feature","properties":{"stop_id":"2483902","stop_code":"","platform_code":"","stop_name":"Kaiser Redlands Medical Offices","stop_desc":"","zone_id":"","stop_url":"","location_type":"0","parent_station":"","stop_timezone":"America/Los_Angeles","position":"","direction":"","wheelchair_boarding":"1","tts_stop_name":"","feed_id":"California__Beaumont_Transit__mdb_mdb-106","agency_name":"Beaumont Transit","route_count":0,"route_ids":"","route_short_names":"","route_types":"","route_type_names":"","routes_json":"[]"},"geometry":{"type":"Point","coordinates":[-117.2263816261576,34.07226017683064]}},{"type":"Feature","properties":{"stop_id":"2555827","stop_code":"","platform_code":"","stop_name":"10th Street and Beaumont Ave  (Eastbound)","stop_desc":"","zone_id":"","stop_url":"","location_type":"0","parent_station":"","stop_timezone":"America/Los_Angeles","position":"","direction":"","wheelchair_boarding":"0","tts_stop_name":"","feed_id":"California__Beaumont_Transit__mdb_mdb-106","agency_name":"Beaumont Transit","route_count":1,"route_ids":"354","route_short_names":"","route_types":"3","route_type_names":"Bus","routes_json":"[{\"route_id\":\"354\",\"route_short_name\":\"\",\"route_long_name\":\"Route 4\",\"route_type\":\"3\",\"route_type_name\":\"Bus\",\"route_color\":\"0B4CF8\",\"route_text_color\":\"FFFFFF\"}]"},"geometry":{"type":"Point","coordinates":[-116.977468553417,33.9354305838077]}},{"type":"Feature","properties":{"stop_id":"2619740","stop_code":"","platform_code":"","stop_name":"Vineland Street and Ralph Road","stop_desc":"","zone_id":"","stop_url":"","location_type":"0","parent_station":"","stop_timezone":"America/Los_Angeles","position":"","direction":"","wheelchair_boarding":"0","tts_stop_name":"","feed_id":"California__Beaumont_Transit__mdb_mdb-106","agency_name":"Beaumont Transit","route_count":3,"route_ids":"352|3574|378","route_short_names":"","route_types":"3","route_type_names":"Bus","routes_json":"[{\"route_id\":\"352\",\"route_short_name\":\"\",\"route_long_name\":\"Route 3\",\"route_type\":\"3\",\"route_type_name\":\"Bus\",\"route_color\":\"179093\",\"route_text_color\":\"E6FDFD\"},{\"route_id\":\"3574\",\"route_short_name\":\"\",\"route_long_name\":\"Route 3/4\",\"route_type\":\"3\",\"route_type_name\":\"Bus\",\"route_color\":\"7DCAF2\",\"route_text_color\":\"121212\"},{\"route_id\":\"378\",\"route_short_name\":\"\",\"route_long_name\":\"Route 9\",\"route_type\":\"3\",\"route_type_name\":\"Bus\",\"route_color\":\"52C1C4\",\"route_text_color\":\"000000\"}]"},"geometry":{"type":"Point","coordinates":[-116.983138787605,33.972406987326]}},{"type":"Feature","properties":{"stop_id":"2619745","stop_code":"","platform_code":"","stop_name":"Redlands Transit Center (Westbound)","stop_desc":"","zone_id":"","stop_url":"","location_type":"0","parent_station":"","stop_timezone":"America/Los_Angeles","position":"","direction":"","wheelchair_boarding":"0","tts_stop_name":"","feed_id":"California__Beaumont_Transit__mdb_mdb-106","agency_name":"Beaumont Transit","route_count":1,"route_ids":"11662","route_short_names":"","route_types":"3","route_type_names":"Bus","routes_json":"[{\"route_id\":\"11662\",\"route_short_name\":\"\",\"route_long_name\":\"Commuter Link 125\",\"route_type\":\"3\",\"route_type_name\":\"Bus\",\"route_color\":\"1721AE\",\"route_text_color\":\"F9F7F7\"}]"},"geometry":{"type":"Point","coordinates":[-117.183801137883,34.0574263577636]}},{"type":"Feature","properties":{"stop_id":"2619746","stop_code":"","platform_code":"","stop_name":"Redlands Transit Center (Eastbound)","stop_desc":"","zone_id":"","stop_url":"","location_type":"0","parent_station":"","stop_timezone":"America/Los_Angeles","position":"","direction":"","wheelchair_boarding":"0","tts_stop_name":"","feed_id":"California__Beaumont_Transit__mdb_mdb-106","agency_name":"Beaumont Transit","route_count":1,"route_ids":"11662","route_short_names":"","route_types":"3","route_type_names":"Bus","routes_json":"[{\"route_id\":\"11662\",\"route_short_name\":\"\",\"route_long_name\":\"Commuter Link 125\",\"route_type\":\"3\",\"route_type_name\":\"Bus\",\"route_color\":\"1721AE\",\"route_text_color\":\"F9F7F7\"}]"},"geometry":{"type":"Point","coordinates":[-117.183219259079,34.0571470643005]}},{"type":"Feature","properties":{"stop_id":"2750944","stop_code":"","platform_code":"","stop_name":"Morgan Avenue and Monte Verde Drive","stop_desc":"","zone_id":"","stop_url":"","location_type":"0","parent_station":"","stop_timezone":"America/Los_Angeles","position":"","direction":"","wheelchair_boarding":"0","tts_stop_name":"","feed_id":"California__Beaumont_Transit__mdb_mdb-106","agency_name":"Beaumont Transit","route_count":1,"route_ids":"76158","route_short_names":"","route_types":"3","route_type_names":"Bus","routes_json":"[{\"route_id\":\"76158\",\"route_short_name\":\"\",\"route_long_name\":\"Route 7-2\",\"route_type\":\"3\",\"route_type_name\":\"Bus\",\"route_color\":\"0083FD\",\"route_text_color\":\"000000\"}]"},"geometry":{"type":"Point","coordinates":[-117.012799328537,33.9585356612074]}},{"type":"Feature","properties":{"stop_id":"2750960","stop_code":"","platform_code":"","stop_name":"Pennsylvania Avenue @ Beaumont Co-Op Apartments","stop_desc":"","zone_id":"","stop_url":"","location_type":"0","parent_station":"","stop_timezone":"America/Los_Angeles","position":"","direction":"","wheelchair_boarding":"0","tts_stop_name":"","feed_id":"California__Beaumont_Transit__mdb_mdb-106","agency_name":"Beaumont Transit","route_count":1,"route_ids":"378","route_short_names":"","route_types":"3","route_type_names":"Bus","routes_json":"[{\"route_id\":\"378\",\"route_short_name\":\"\",\"route_long_name\":\"Route 9\",\"route_type\":\"3\",\"route_type_name\":\"Bus\",\"route_color\":\"52C1C4\",\"route_text_color\":\"000000\"}]"},"geometry":{"type":"Point","coordinates":[-116.965950884492,33.9316933458812]}},{"type":"Feature","properties":{"stop_id":"28019","stop_code":"","platform_code":"","stop_name":"Xenia Avenue and Carnation Lane (Sundance Elementary)","stop_desc":"","zone_id":"","stop_url":"","location_type":"0","parent_station":"","stop_timezone":"America/Los_Angeles","position":"","direction":"","wheelchair_boarding":"0","tts_stop_name":"","feed_id":"California__Beaumont_Transit__mdb_mdb-106","agency_name":"Beaumont Transit","route_count":1,"route_ids":"352","route_short_names":"","route_types":"3","route_type_names":"Bus","routes_json":"[{\"route_id\":\"352\",\"route_short_name\":\"\",\"route_long_name\":\"Route 3\",\"route_type\":\"3\",\"route_type_name\":\"Bus\",\"route_color\":\"179093\",\"route_text_color\":\"E6FDFD\"}]"},"geometry":{"type":"Point","coordinates":[-116.9548129988952,33.93443123042263]}},{"type":"Feature","properties":{"stop_id":"28020","stop_code":"","platform_code":"","stop_name":"Oak Valley Parkway and Starlight Avenue (Westbound)","stop_desc":"","zone_id":"","stop_url":"","location_type":"0","parent_station":"","stop_timezone":"America/Los_Angeles","position":"","direction":"","wheelchair_boarding":"0","tts_stop_name":"","feed_id":"California__Beaumont_Transit__mdb_mdb-106","agency_name":"Beaumont Transit","route_count":1,"route_ids":"352","route_short_names":"","route_types":"3","route_type_names":"Bus","routes_json":"[{\"route_id\":\"352\",\"route_short_name\":\"\",\"route_long_name\":\"Route 3\",\"route_type\":\"3\",\"route_type_name\":\"Bus\",\"route_color\":\"179093\",\"route_text_color\":\"E6FDFD\"}]"},"geometry":{"type":"Point","coordinates":[-116.955952495337,33.9453447426737]}},{"type":"Feature","properties":{"stop_id":"4148397","stop_code":"","platform_code":"","stop_name":"6th Street @ Food4Less (Eastbound)","stop_desc":"","zone_id":"","stop_url":"","location_type":"0","parent_station":"","stop_timezone":"America/Los_Angeles","position":"","direction":"","wheelchair_boarding":"1","tts_stop_name":"","feed_id":"California__Beaumont_Transit__mdb_mdb-106","agency_name":"Beaumont Transit","route_count":4,"route_ids":"16684|352|3574|354","route_short_names":"","route_types":"3","route_type_names":"Bus","routes_json":"[{\"route_id\":\"16684\",\"route_short_name\":\"\",\"route_long_name\":\"Casino Express\",\"route_type\":\"3\",\"route_type_name\":\"Bus\",\"route_color\":\"00BEFD\",\"route_text_color\":\"000000\"},{\"route_id\":\"352\",\"route_short_name\":\"\",\"route_long_name\":\"Route 3\",\"route_type\":\"3\",\"route_type_name\":\"Bus\",\"route_color\":\"179093\",\"route_text_color\":\"E6FDFD\"},{\"route_id\":\"3574\",\"route_short_name\":\"\",\"route_long_name\":\"Route 3/4\",\"route_type\":\"3\",\"route_type_name\":\"Bus\",\"route_color\":\"7DCAF2\",\"route_text_color\":\"121212\"},{\"route_id\":\"354\",\"route_short_name\":\"\",\"route_long_name\":\"Route 4\",\"route_type\":\"3\",\"route_type_name\":\"Bus\",\"route_color\":\"0B4CF8\",\"route_text_color\":\"FFFFFF\"}]"},"geometry":{"type":"Point","coordinates":[-116.94852632051914,33.92925428270976]}},{"type":"Feature","properties":{"stop_id":"4207443","stop_code":"","platform_code":"","stop_name":"4th St and B St (Rangel Park)","stop_desc":"","zone_id":"","stop_url":"","location_type":"0","parent_station":"","stop_timezone":"America/Los_Angeles","position":"","direction":"","wheelchair_boarding":"0","tts_stop_name":"","feed_id":"California__Beaumont_Transit__mdb_mdb-106","agency_name":"Beaumont Transit","route_count":2,"route_ids":"16684|76158","route_short_names":"","route_types":"3","route_type_names":"Bus","routes_json":"[{\"route_id\":\"16684\",\"route_short_name\":\"\",\"route_long_name\":\"Casino Express\",\"route_type\":\"3\",\"route_type_name\":\"Bus\",\"route_color\":\"00BEFD\",\"route_text_color\":\"000000\"},{\"route_id\":\"76158\",\"route_short_name\":\"\",\"route_long_name\":\"Route 7-2\",\"route_type\":\"3\",\"route_type_name\":\"Bus\",\"route_color\":\"0083FD\",\"route_text_color\":\"000000\"}]"},"geometry":{"type":"Point","coordinates":[-116.984702660588,33.9263538925104]}},{"type":"Feature","properties":{"stop_id":"4208654","stop_code":"","platform_code":"","stop_name":"Prosperity Wy and Distribution Wy (Amazon)","stop_desc":"","zone_id":"","stop_url":"","location_type":"0","parent_station":"","stop_timezone":"America/Los_Angeles","position":"","direction":"","wheelchair_boarding":"1","tts_stop_name":"","feed_id":"California__Beaumont_Transit__mdb_mdb-106","agency_name":"Beaumont Transit","route_count":1,"route_ids":"16684","route_short_names":"","route_types":"3","route_type_names":"Bus","routes_json":"[{\"route_id\":\"16684\",\"route_short_name\":\"\",\"route_long_name\":\"Casino Express\",\"route_type\":\"3\",\"route_type_name\":\"Bus\",\"route_color\":\"00BEFD\",\"route_text_color\":\"000000\"}]"},"geometry":{"type":"Point","coordinates":[-117.001866,33.930029]}},{"type":"Feature","properties":{"stop_id":"4208655","stop_code":"","platform_code":"","stop_name":"4th St @ KRB7 Amazon Warehouse","stop_desc":"","zone_id":"","stop_url":"","location_type":"0","parent_station":"","stop_timezone":"America/Los_Angeles","position":"","direction":"","wheelchair_boarding":"1","tts_stop_name":"","feed_id":"California__Beaumont_Transit__mdb_mdb-106","agency_name":"Beaumont Transit","route_count":1,"route_ids":"16684","route_short_names":"","route_types":"3","route_type_names":"Bus","routes_json":"[{\"route_id\":\"16684\",\"route_short_name\":\"\",\"route_long_name\":\"Casino Express\",\"route_type\":\"3\",\"route_type_name\":\"Bus\",\"route_color\":\"00BEFD\",\"route_text_color\":\"000000\"}]"},"geometry":{"type":"Point","coordinates":[-117.026775,33.929302]}},{"type":"Feature","properties":{"stop_id":"4208656","stop_code":"","platform_code":"","stop_name":"1st St and Beaumont Ave","stop_desc":"","zone_id":"","stop_url":"","location_type":"0","parent_station":"","stop_timezone":"America/Los_Angeles","position":"","direction":"","wheelchair_boarding":"1","tts_stop_name":"","feed_id":"California__Beaumont_Transit__mdb_mdb-106","agency_name":"Beaumont Transit","route_count":1,"route_ids":"16684","route_short_names":"","route_types":"3","route_type_names":"Bus","routes_json":"[{\"route_id\":\"16684\",\"route_short_name\":\"\",\"route_long_name\":\"Casino Express\",\"route_type\":\"3\",\"route_type_name\":\"Bus\",\"route_color\":\"00BEFD\",\"route_text_color\":\"000000\"}]"},"geometry":{"type":"Point","coordinates":[-116.97843,33.921586]}},{"type":"Feature","properties":{"stop_id":"4208657","stop_code":"","platform_code":"","stop_name":"3rd St and Pennsylvania Ave","stop_desc":"","zone_id":"","stop_url":"","location_type":"0","parent_station":"","stop_timezone":"America/Los_Angeles","position":"","direction":"","wheelchair_boarding":"0","tts_stop_name":"","feed_id":"California__Beaumont_Transit__mdb_mdb-106","agency_name":"Beaumont Transit","route_count":1,"route_ids":"16684","route_short_names":"","route_types":"3","route_type_names":"Bus","routes_json":"[{\"route_id\":\"16684\",\"route_short_name\":\"\",\"route_long_name\":\"Casino Express\",\"route_type\":\"3\",\"route_type_name\":\"Bus\",\"route_color\":\"00BEFD\",\"route_text_color\":\"000000\"}]"},"geometry":{"type":"Point","coordinates":[-116.96685203117,33.9248618839681]}},{"type":"Feature","properties":{"stop_id":"4208658","stop_code":"","platform_code":"","stop_name":"Maple Ave and 3rd St","stop_desc":"","zone_id":"","stop_url":"","location_type":"0","parent_station":"","stop_timezone":"America/Los_Angeles","position":"","direction":"","wheelchair_boarding":"1","tts_stop_name":"","feed_id":"California__Beaumont_Transit__mdb_mdb-106","agency_name":"Beaumont Transit","route_count":1,"route_ids":"16684","route_short_names":"","route_types":"3","route_type_names":"Bus","routes_json":"[{\"route_id\":\"16684\",\"route_short_name\":\"\",\"route_long_name\":\"Casino Express\",\"route_type\":\"3\",\"route_type_name\":\"Bus\",\"route_color\":\"00BEFD\",\"route_text_color\":\"000000\"}]"},"geometry":{"type":"Point","coordinates":[-116.973080838341,33.9241466219462]}},{"type":"Feature","properties":{"stop_id":"4208659","stop_code":"","platform_code":"","stop_name":"Tukwet Canyon Pkwy and Sorenstam Dr","stop_desc":"","zone_id":"","stop_url":"","location_type":"0","parent_station":"","stop_timezone":"America/Los_Angeles","position":"","direction":"","wheelchair_boarding":"1","tts_stop_name":"","feed_id":"California__Beaumont_Transit__mdb_mdb-106","agency_name":"Beaumont Transit","route_count":1,"route_ids":"76158","route_short_names":"","route_types":"3","route_type_names":"Bus","routes_json":"[{\"route_id\":\"76158\",\"route_short_name\":\"\",\"route_long_name\":\"Route 7-2\",\"route_type\":\"3\",\"route_type_name\":\"Bus\",\"route_color\":\"0083FD\",\"route_text_color\":\"000000\"}]"},"geometry":{"type":"Point","coordinates":[-117.042063,33.947204]}},{"type":"Feature","properties":{"stop_id":"4208661","stop_code":"","platform_code":"","stop_name":"4th St and Nicholas Rd (Lowe's)","stop_desc":"","zone_id":"","stop_url":"","location_type":"0","parent_station":"","stop_timezone":"America/Los_Angeles","position":"","direction":"","wheelchair_boarding":"0","tts_stop_name":"","feed_id":"California__Beaumont_Transit__mdb_mdb-106","agency_name":"Beaumont Transit","route_count":2,"route_ids":"16684|76158","route_short_names":"","route_types":"3","route_type_names":"Bus","routes_json":"[{\"route_id\":\"16684\",\"route_short_name\":\"\",\"route_long_name\":\"Casino Express\",\"route_type\":\"3\",\"route_type_name\":\"Bus\",\"route_color\":\"00BEFD\",\"route_text_color\":\"000000\"},{\"route_id\":\"76158\",\"route_short_name\":\"\",\"route_long_name\":\"Route 7-2\",\"route_type\":\"3\",\"route_type_name\":\"Bus\",\"route_color\":\"0083FD\",\"route_text_color\":\"000000\"}]"},"geometry":{"type":"Point","coordinates":[-116.9934676718,33.9263516367868]}},{"type":"Feature","properties":{"stop_id":"4211566","stop_code":"","platform_code":"","stop_name":"Oak Valley Pkwy and Sheridan Wy","stop_desc":"","zone_id":"","stop_url":"","location_type":"0","parent_station":"","stop_timezone":"America/Los_Angeles","position":"","direction":"","wheelchair_boarding":"0","tts_stop_name":"","feed_id":"California__Beaumont_Transit__mdb_mdb-106","agency_name":"Beaumont Transit","route_count":2,"route_ids":"374|76158","route_short_names":"","route_types":"3","route_type_names":"Bus","routes_json":"[{\"route_id\":\"374\",\"route_short_name\":\"\",\"route_long_name\":\"Route 7-1\",\"route_type\":\"3\",\"route_type_name\":\"Bus\",\"route_color\":\"FF9325\",\"route_text_color\":\"000000\"},{\"route_id\":\"76158\",\"route_short_name\":\"\",\"route_long_name\":\"Route 7-2\",\"route_type\":\"3\",\"route_type_name\":\"Bus\",\"route_color\":\"0083FD\",\"route_text_color\":\"000000\"}]"},"geometry":{"type":"Point","coordinates":[-117.036222,33.943172]}},{"type":"Feature","properties":{"stop_id":"4211597","stop_code":"","platform_code":"","stop_name":"Cherry Festival Shuttle Stop (Stewart Park)","stop_desc":"","zone_id":"","stop_url":"","location_type":"0","parent_station":"","stop_timezone":"America/Los_Angeles","position":"","direction":"","wheelchair_boarding":"0","tts_stop_name":"","feed_id":"California__Beaumont_Transit__mdb_mdb-106","agency_name":"Beaumont Transit","route_count":0,"route_ids":"","route_short_names":"","route_types":"","route_type_names":"","routes_json":"[]"},"geometry":{"type":"Point","coordinates":[-116.973147,33.935032]}},{"type":"Feature","properties":{"stop_id":"4211608","stop_code":"","platform_code":"","stop_name":"Cherry Festival Shuttle Stop (Sports Park)","stop_desc":"","zone_id":"","stop_url":"","location_type":"0","parent_station":"","stop_timezone":"America/Los_Angeles","position":"","direction":"","wheelchair_boarding":"0","tts_stop_name":"","feed_id":"California__Beaumont_Transit__mdb_mdb-106","agency_name":"Beaumont Transit","route_count":0,"route_ids":"","route_short_names":"","route_types":"","route_type_names":"","routes_json":"[]"},"geometry":{"type":"Point","coordinates":[-116.976853,33.958746]}},{"type":"Feature","properties":{"stop_id":"4212225","stop_code":"","platform_code":"","stop_name":"4th St and Elm Ave","stop_desc":"","zone_id":"","stop_url":"","location_type":"0","parent_station":"","stop_timezone":"America/Los_Angeles","position":"","direction":"","wheelchair_boarding":"0","tts_stop_name":"","feed_id":"California__Beaumont_Transit__mdb_mdb-106","agency_name":"Beaumont Transit","route_count":2,"route_ids":"16684|76158","route_short_names":"","route_types":"3","route_type_names":"Bus","routes_json":"[{\"route_id\":\"16684\",\"route_short_name\":\"\",\"route_long_name\":\"Casino Express\",\"route_type\":\"3\",\"route_type_name\":\"Bus\",\"route_color\":\"00BEFD\",\"route_text_color\":\"000000\"},{\"route_id\":\"76158\",\"route_short_name\":\"\",\"route_long_name\":\"Route 7-2\",\"route_type\":\"3\",\"route_type_name\":\"Bus\",\"route_color\":\"0083FD\",\"route_text_color\":\"000000\"}]"},"geometry":{"type":"Point","coordinates":[-116.98717357938176,33.92637578721748]}},{"type":"Feature","properties":{"stop_id":"4212226","stop_code":"","platform_code":"","stop_name":"4th St and Distribution Wy","stop_desc":"","zone_id":"","stop_url":"","location_type":"0","parent_station":"","stop_timezone":"America/Los_Angeles","position":"","direction":"","wheelchair_boarding":"0","tts_stop_name":"","feed_id":"California__Beaumont_Transit__mdb_mdb-106","agency_name":"Beaumont Transit","route_count":2,"route_ids":"16684|76158","route_short_names":"","route_types":"3","route_type_names":"Bus","routes_json":"[{\"route_id\":\"16684\",\"route_short_name\":\"\",\"route_long_name\":\"Casino Express\",\"route_type\":\"3\",\"route_type_name\":\"Bus\",\"route_color\":\"00BEFD\",\"route_text_color\":\"000000\"},{\"route_id\":\"76158\",\"route_short_name\":\"\",\"route_long_name\":\"Route 7-2\",\"route_type\":\"3\",\"route_type_name\":\"Bus\",\"route_color\":\"0083FD\",\"route_text_color\":\"000000\"}]"},"geometry":{"type":"Point","coordinates":[-116.998900133595,33.92650841258062]}},{"type":"Feature","properties":{"stop_id":"4212227","stop_code":"","platform_code":"","stop_name":"4th St and Prime Dr","stop_desc":"","zone_id":"","stop_url":"","location_type":"0","parent_station":"","stop_timezone":"America/Los_Angeles","position":"","direction":"","wheelchair_boarding":"0","tts_stop_name":"","feed_id":"California__Beaumont_Transit__mdb_mdb-106","agency_name":"Beaumont Transit","route_count":2,"route_ids":"16684|76158","route_short_names":"","route_types":"3","route_type_names":"Bus","routes_json":"[{\"route_id\":\"16684\",\"route_short_name\":\"\",\"route_long_name\":\"Casino Express\",\"route_type\":\"3\",\"route_type_name\":\"Bus\",\"route_color\":\"00BEFD\",\"route_text_color\":\"000000\"},{\"route_id\":\"76158\",\"route_short_name\":\"\",\"route_long_name\":\"Route 7-2\",\"route_type\":\"3\",\"route_type_name\":\"Bus\",\"route_color\":\"0083FD\",\"route_text_color\":\"000000\"}]"},"geometry":{"type":"Point","coordinates":[-117.006736,33.927512]}},{"type":"Feature","properties":{"stop_id":"4212228","stop_code":"","platform_code":"","stop_name":"4th St and Nicholas Rd (Eastbound)","stop_desc":"","zone_id":"","stop_url":"","location_type":"0","parent_station":"","stop_timezone":"America/Los_Angeles","position":"","direction":"","wheelchair_boarding":"0","tts_stop_name":"","feed_id":"California__Beaumont_Transit__mdb_mdb-106","agency_name":"Beaumont Transit","route_count":1,"route_ids":"16684","route_short_names":"","route_types":"3","route_type_names":"Bus","routes_json":"[{\"route_id\":\"16684\",\"route_short_name\":\"\",\"route_long_name\":\"Casino Express\",\"route_type\":\"3\",\"route_type_name\":\"Bus\",\"route_color\":\"00BEFD\",\"route_text_color\":\"000000\"}]"},"geometry":{"type":"Point","coordinates":[-116.994004,33.92616]}},{"type":"Feature","properties":{"stop_id":"4212229","stop_code":"","platform_code":"","stop_name":"Veile Ave and 4th St","stop_desc":"","zone_id":"","stop_url":"","location_type":"0","parent_station":"","stop_timezone":"America/Los_Angeles","position":"","direction":"","wheelchair_boarding":"0","tts_stop_name":"","feed_id":"California__Beaumont_Transit__mdb_mdb-106","agency_name":"Beaumont Transit","route_count":1,"route_ids":"16684","route_short_names":"","route_types":"3","route_type_names":"Bus","routes_json":"[{\"route_id\":\"16684\",\"route_short_name\":\"\",\"route_long_name\":\"Casino Express\",\"route_type\":\"3\",\"route_type_name\":\"Bus\",\"route_color\":\"00BEFD\",\"route_text_color\":\"000000\"}]"},"geometry":{"type":"Point","coordinates":[-116.988398,33.924613]}},{"type":"Feature","properties":{"stop_id":"4212230","stop_code":"","platform_code":"","stop_name":"1st St and Grace Ave","stop_desc":"","zone_id":"","stop_url":"","location_type":"0","parent_station":"","stop_timezone":"America/Los_Angeles","position":"","direction":"","wheelchair_boarding":"0","tts_stop_name":"","feed_id":"California__Beaumont_Transit__mdb_mdb-106","agency_name":"Beaumont Transit","route_count":1,"route_ids":"16684","route_short_names":"","route_types":"3","route_type_names":"Bus","routes_json":"[{\"route_id\":\"16684\",\"route_short_name\":\"\",\"route_long_name\":\"Casino Express\",\"route_type\":\"3\",\"route_type_name\":\"Bus\",\"route_color\":\"00BEFD\",\"route_text_color\":\"000000\"}]"},"geometry":{"type":"Point","coordinates":[-116.983488,33.921598]}},{"type":"Feature","properties":{"stop_id":"4212232","stop_code":"","platform_code":"","stop_name":"Tukwet Canyon Pkwy and Josh Dr","stop_desc":"","zone_id":"","stop_url":"","location_type":"0","parent_station":"","stop_timezone":"America/Los_Angeles","position":"","direction":"","wheelchair_boarding":"0","tts_stop_name":"","feed_id":"California__Beaumont_Transit__mdb_mdb-106","agency_name":"Beaumont Transit","route_count":1,"route_ids":"76158","route_short_names":"","route_types":"3","route_type_names":"Bus","routes_json":"[{\"route_id\":\"76158\",\"route_short_name\":\"\",\"route_long_name\":\"Route 7-2\",\"route_type\":\"3\",\"route_type_name\":\"Bus\",\"route_color\":\"0083FD\",\"route_text_color\":\"000000\"}]"},"geometry":{"type":"Point","coordinates":[-117.039372,33.950477]}},{"type":"Feature","properties":{"stop_id":"4212233","stop_code":"","platform_code":"","stop_name":"Tukwet Canyon Pkwy and Roxy Rd","stop_desc":"","zone_id":"","stop_url":"","location_type":"0","parent_station":"","stop_timezone":"America/Los_Angeles","position":"","direction":"","wheelchair_boarding":"0","tts_stop_name":"","feed_id":"California__Beaumont_Transit__mdb_mdb-106","agency_name":"Beaumont Transit","route_count":1,"route_ids":"76158","route_short_names":"","route_types":"3","route_type_names":"Bus","routes_json":"[{\"route_id\":\"76158\",\"route_short_name\":\"\",\"route_long_name\":\"Route 7-2\",\"route_type\":\"3\",\"route_type_name\":\"Bus\",\"route_color\":\"0083FD\",\"route_text_color\":\"000000\"}]"},"geometry":{"type":"Point","coordinates":[-117.039432,33.951874]}},{"type":"Feature","properties":{"stop_id":"4223968","stop_code":"","platform_code":"","stop_name":"Beaumont Ave and 13th Street (Northbound)","stop_desc":"","zone_id":"","stop_url":"","location_type":"0","parent_station":"","stop_timezone":"America/Los_Angeles","position":"","direction":"","wheelchair_boarding":"1","tts_stop_name":"","feed_id":"California__Beaumont_Transit__mdb_mdb-106","agency_name":"Beaumont Transit","route_count":2,"route_ids":"3574|354","route_short_names":"","route_types":"3","route_type_names":"Bus","routes_json":"[{\"route_id\":\"3574\",\"route_short_name\":\"\",\"route_long_name\":\"Route 3/4\",\"route_type\":\"3\",\"route_type_name\":\"Bus\",\"route_color\":\"7DCAF2\",\"route_text_color\":\"121212\"},{\"route_id\":\"354\",\"route_short_name\":\"\",\"route_long_name\":\"Route 4\",\"route_type\":\"3\",\"route_type_name\":\"Bus\",\"route_color\":\"0B4CF8\",\"route_text_color\":\"FFFFFF\"}]"},"geometry":{"type":"Point","coordinates":[-116.977121,33.943699]}},{"type":"Feature","properties":{"stop_id":"4250813","stop_code":"","platform_code":"","stop_name":"Crafton Hills College","stop_desc":"","zone_id":"","stop_url":"","location_type":"0","parent_station":"","stop_timezone":"America/Los_Angeles","position":"","direction":"","wheelchair_boarding":"0","tts_stop_name":"","feed_id":"California__Beaumont_Transit__mdb_mdb-106","agency_name":"Beaumont Transit","route_count":1,"route_ids":"11662","route_short_names":"","route_types":"3","route_type_names":"Bus","routes_json":"[{\"route_id\":\"11662\",\"route_short_name\":\"\",\"route_long_name\":\"Commuter Link 125\",\"route_type\":\"3\",\"route_type_name\":\"Bus\",\"route_color\":\"1721AE\",\"route_text_color\":\"F9F7F7\"}]"},"geometry":{"type":"Point","coordinates":[-117.10016617538348,34.03971598029284]}},{"type":"Feature","properties":{"stop_id":"4250817","stop_code":"","platform_code":"","stop_name":"Sav-On Manufactured Homes (6th Street)","stop_desc":"","zone_id":"","stop_url":"","location_type":"0","parent_station":"","stop_timezone":"America/Los_Angeles","position":"","direction":"","wheelchair_boarding":"0","tts_stop_name":"","feed_id":"California__Beaumont_Transit__mdb_mdb-106","agency_name":"Beaumont Transit","route_count":1,"route_ids":"16684","route_short_names":"","route_types":"3","route_type_names":"Bus","routes_json":"[{\"route_id\":\"16684\",\"route_short_name\":\"\",\"route_long_name\":\"Casino Express\",\"route_type\":\"3\",\"route_type_name\":\"Bus\",\"route_color\":\"00BEFD\",\"route_text_color\":\"000000\"}]"},"geometry":{"type":"Point","coordinates":[-116.95998359012816,33.929212934248824]}},{"type":"Feature","properties":{"stop_id":"4258836","stop_code":"","platform_code":"","stop_name":"Potrero Blvd and Olivewood Ave","stop_desc":"","zone_id":"","stop_url":"","location_type":"0","parent_station":"","stop_timezone":"America/Los_Angeles","position":"","direction":"","wheelchair_boarding":"0","tts_stop_name":"","feed_id":"California__Beaumont_Transit__mdb_mdb-106","agency_name":"Beaumont Transit","route_count":1,"route_ids":"76158","route_short_names":"","route_types":"3","route_type_names":"Bus","routes_json":"[{\"route_id\":\"76158\",\"route_short_name\":\"\",\"route_long_name\":\"Route 7-2\",\"route_type\":\"3\",\"route_type_name\":\"Bus\",\"route_color\":\"0083FD\",\"route_text_color\":\"000000\"}]"},"geometry":{"type":"Point","coordinates":[-117.01676,33.93791]}},{"type":"Feature","properties":{"stop_id":"4258963","stop_code":"","platform_code":"","stop_name":"Palm Avenue & East 6th Street, Beaumont, CA, USA","stop_desc":"","zone_id":"","stop_url":"","location_type":"0","parent_station":"","stop_timezone":"America/Los_Angeles","position":"","direction":"","wheelchair_boarding":"0","tts_stop_name":"","feed_id":"California__Beaumont_Transit__mdb_mdb-106","agency_name":"Beaumont Transit","route_count":0,"route_ids":"","route_short_names":"","route_types":"","route_type_names":"","routes_json":"[]"},"geometry":{"type":"Point","coordinates":[-116.971526,33.929409]}},{"type":"Feature","properties":{"stop_id":"758094","stop_code":"","platform_code":"","stop_name":"6th Street and Magnolia Avenue (Wells Fargo Bank)","stop_desc":"","zone_id":"","stop_url":"","location_type":"0","parent_station":"","stop_timezone":"America/Los_Angeles","position":"","direction":"","wheelchair_boarding":"0","tts_stop_name":"","feed_id":"California__Beaumont_Transit__mdb_mdb-106","agency_name":"Beaumont Transit","route_count":3,"route_ids":"16684|1381|11662","route_short_names":"","route_types":"3","route_type_names":"Bus","routes_json":"[{\"route_id\":\"16684\",\"route_short_name\":\"\",\"route_long_name\":\"Casino Express\",\"route_type\":\"3\",\"route_type_name\":\"Bus\",\"route_color\":\"00BEFD\",\"route_text_color\":\"000000\"},{\"route_id\":\"1381\",\"route_short_name\":\"\",\"route_long_name\":\"Commuter Link 120\",\"route_type\":\"3\",\"route_type_name\":\"Bus\",\"route_color\":\"0CF2D7\",\"route_text_color\":\"000000\"},{\"route_id\":\"11662\",\"route_short_name\":\"\",\"route_long_name\":\"Commuter Link 125\",\"route_type\":\"3\",\"route_type_name\":\"Bus\",\"route_color\":\"1721AE\",\"route_text_color\":\"F9F7F7\"}]"},"geometry":{"type":"Point","coordinates":[-116.97600289336008,33.92930512740503]}},{"type":"Feature","properties":{"stop_id":"758095","stop_code":"","platform_code":"","stop_name":"Oak Valley Parkway and Palm Avenue (Fellowship Church)","stop_desc":"","zone_id":"","stop_url":"","location_type":"0","parent_station":"","stop_timezone":"America/Los_Angeles","position":"","direction":"","wheelchair_boarding":"0","tts_stop_name":"","feed_id":"California__Beaumont_Transit__mdb_mdb-106","agency_name":"Beaumont Transit","route_count":1,"route_ids":"374","route_short_names":"","route_types":"3","route_type_names":"Bus","routes_json":"[{\"route_id\":\"374\",\"route_short_name\":\"\",\"route_long_name\":\"Route 7-1\",\"route_type\":\"3\",\"route_type_name\":\"Bus\",\"route_color\":\"FF9325\",\"route_text_color\":\"000000\"}]"},"geometry":{"type":"Point","coordinates":[-116.972368955612,33.9471069892074]}},{"type":"Feature","properties":{"stop_id":"758097","stop_code":"","platform_code":"","stop_name":"Beaumont Avenue and 10th Street  (Northbound)","stop_desc":"","zone_id":"","stop_url":"","location_type":"0","parent_station":"","stop_timezone":"America/Los_Angeles","position":"","direction":"","wheelchair_boarding":"0","tts_stop_name":"","feed_id":"California__Beaumont_Transit__mdb_mdb-106","agency_name":"Beaumont Transit","route_count":2,"route_ids":"3574|354","route_short_names":"","route_types":"3","route_type_names":"Bus","routes_json":"[{\"route_id\":\"3574\",\"route_short_name\":\"\",\"route_long_name\":\"Route 3/4\",\"route_type\":\"3\",\"route_type_name\":\"Bus\",\"route_color\":\"7DCAF2\",\"route_text_color\":\"121212\"},{\"route_id\":\"354\",\"route_short_name\":\"\",\"route_long_name\":\"Route 4\",\"route_type\":\"3\",\"route_type_name\":\"Bus\",\"route_color\":\"0B4CF8\",\"route_text_color\":\"FFFFFF\"}]"},"geometry":{"type":"Point","coordinates":[-116.977058498511,33.9363873017964]}},{"type":"Feature","properties":{"stop_id":"758098","stop_code":"","platform_code":"","stop_name":"Beaumont Avenue and 10th Street (Westbound)","stop_desc":"","zone_id":"","stop_url":"","location_type":"0","parent_station":"","stop_timezone":"America/Los_Angeles","position":"","direction":"","wheelchair_boarding":"0","tts_stop_name":"","feed_id":"California__Beaumont_Transit__mdb_mdb-106","agency_name":"Beaumont Transit","route_count":0,"route_ids":"","route_short_names":"","route_types":"","route_type_names":"","routes_json":"[]"},"geometry":{"type":"Point","coordinates":[-116.9773042202,33.935889845122]}},{"type":"Feature","properties":{"stop_id":"760909","stop_code":"","platform_code":"","stop_name":"Casino Morongo","stop_desc":"","zone_id":"","stop_url":"","location_type":"0","parent_station":"","stop_timezone":"America/Los_Angeles","position":"","direction":"","wheelchair_boarding":"0","tts_stop_name":"","feed_id":"California__Beaumont_Transit__mdb_mdb-106","agency_name":"Beaumont Transit","route_count":2,"route_ids":"16684|1381","route_short_names":"","route_types":"3","route_type_names":"Bus","routes_json":"[{\"route_id\":\"16684\",\"route_short_name\":\"\",\"route_long_name\":\"Casino Express\",\"route_type\":\"3\",\"route_type_name\":\"Bus\",\"route_color\":\"00BEFD\",\"route_text_color\":\"000000\"},{\"route_id\":\"1381\",\"route_short_name\":\"\",\"route_long_name\":\"Commuter Link 120\",\"route_type\":\"3\",\"route_type_name\":\"Bus\",\"route_color\":\"0CF2D7\",\"route_text_color\":\"000000\"}]"},"geometry":{"type":"Point","coordinates":[-116.79992101357588,33.92124348481063]}},{"type":"Feature","properties":{"stop_id":"760910","stop_code":"","platform_code":"","stop_name":"Brookside Elementary (Oak View Drive)","stop_desc":"","zone_id":"","stop_url":"","location_type":"0","parent_station":"","stop_timezone":"America/Los_Angeles","position":"","direction":"","wheelchair_boarding":"0","tts_stop_name":"","feed_id":"California__Beaumont_Transit__mdb_mdb-106","agency_name":"Beaumont Transit","route_count":1,"route_ids":"354","route_short_names":"","route_types":"3","route_type_names":"Bus","routes_json":"[{\"route_id\":\"354\",\"route_short_name\":\"\",\"route_long_name\":\"Route 4\",\"route_type\":\"3\",\"route_type_name\":\"Bus\",\"route_color\":\"0B4CF8\",\"route_text_color\":\"FFFFFF\"}]"},"geometry":{"type":"Point","coordinates":[-116.987751530502,33.9600335144894]}},{"type":"Feature","properties":{"stop_id":"760912","stop_code":"","platform_code":"","stop_name":"Cherry Valley Boulevard @ Cherry Tree Shoppe","stop_desc":"","zone_id":"","stop_url":"","location_type":"0","parent_station":"","stop_timezone":"America/Los_Angeles","position":"","direction":"","wheelchair_boarding":"0","tts_stop_name":"","feed_id":"California__Beaumont_Transit__mdb_mdb-106","agency_name":"Beaumont Transit","route_count":4,"route_ids":"352|3574|374|378","route_short_names":"","route_types":"3","route_type_names":"Bus","routes_json":"[{\"route_id\":\"352\",\"route_short_name\":\"\",\"route_long_name\":\"Route 3\",\"route_type\":\"3\",\"route_type_name\":\"Bus\",\"route_color\":\"179093\",\"route_text_color\":\"E6FDFD\"},{\"route_id\":\"3574\",\"route_short_name\":\"\",\"route_long_name\":\"Route 3/4\",\"route_type\":\"3\",\"route_type_name\":\"Bus\",\"route_color\":\"7DCAF2\",\"route_text_color\":\"121212\"},{\"route_id\":\"374\",\"route_short_name\":\"\",\"route_long_name\":\"Route 7-1\",\"route_type\":\"3\",\"route_type_name\":\"Bus\",\"route_color\":\"FF9325\",\"route_text_color\":\"000000\"},{\"route_id\":\"378\",\"route_short_name\":\"\",\"route_long_name\":\"Route 9\",\"route_type\":\"3\",\"route_type_name\":\"Bus\",\"route_color\":\"52C1C4\",\"route_text_color\":\"000000\"}]"},"geometry":{"type":"Point","coordinates":[-116.983404439959,33.9686594120574]}},{"type":"Feature","properties":{"stop_id":"760914","stop_code":"","platform_code":"","stop_name":"Beaumont Avenue and 12th Street (Southbound)","stop_desc":"","zone_id":"","stop_url":"","location_type":"0","parent_station":"","stop_timezone":"America/Los_Angeles","position":"","direction":"","wheelchair_boarding":"0","tts_stop_name":"","feed_id":"California__Beaumont_Transit__mdb_mdb-106","agency_name":"Beaumont Transit","route_count":0,"route_ids":"","route_short_names":"","route_types":"","route_type_names":"","routes_json":"[]"},"geometry":{"type":"Point","coordinates":[-116.97731405569,33.9399027798105]}},{"type":"Feature","properties":{"stop_id":"761110","stop_code":"","platform_code":"","stop_name":"Oak Valley Parkway and Potrero Boulevard","stop_desc":"","zone_id":"","stop_url":"","location_type":"0","parent_station":"","stop_timezone":"America/Los_Angeles","position":"","direction":"","wheelchair_boarding":"0","tts_stop_name":"","feed_id":"California__Beaumont_Transit__mdb_mdb-106","agency_name":"Beaumont Transit","route_count":2,"route_ids":"374|76158","route_short_names":"","route_types":"3","route_type_names":"Bus","routes_json":"[{\"route_id\":\"374\",\"route_short_name\":\"\",\"route_long_name\":\"Route 7-1\",\"route_type\":\"3\",\"route_type_name\":\"Bus\",\"route_color\":\"FF9325\",\"route_text_color\":\"000000\"},{\"route_id\":\"76158\",\"route_short_name\":\"\",\"route_long_name\":\"Route 7-2\",\"route_type\":\"3\",\"route_type_name\":\"Bus\",\"route_color\":\"0083FD\",\"route_text_color\":\"000000\"}]"},"geometry":{"type":"Point","coordinates":[-117.017188548641,33.9444866341322]}},{"type":"Feature","properties":{"stop_id":"761111","stop_code":"","platform_code":"","stop_name":"Oak Valley Parkway and Apron Ln","stop_desc":"","zone_id":"","stop_url":"","location_type":"0","parent_station":"","stop_timezone":"America/Los_Angeles","position":"","direction":"","wheelchair_boarding":"0","tts_stop_name":"","feed_id":"California__Beaumont_Transit__mdb_mdb-106","agency_name":"Beaumont Transit","route_count":2,"route_ids":"374|76158","route_short_names":"","route_types":"3","route_type_names":"Bus","routes_json":"[{\"route_id\":\"374\",\"route_short_name\":\"\",\"route_long_name\":\"Route 7-1\",\"route_type\":\"3\",\"route_type_name\":\"Bus\",\"route_color\":\"FF9325\",\"route_text_color\":\"000000\"},{\"route_id\":\"76158\",\"route_short_name\":\"\",\"route_long_name\":\"Route 7-2\",\"route_type\":\"3\",\"route_type_name\":\"Bus\",\"route_color\":\"0083FD\",\"route_text_color\":\"000000\"}]"},"geometry":{"type":"Point","coordinates":[-117.02653068264,33.9441308866641]}},{"type":"Feature","properties":{"stop_id":"761112","stop_code":"","platform_code":"","stop_name":"Oak Valley Plaza","stop_desc":"","zone_id":"","stop_url":"","location_type":"0","parent_station":"","stop_timezone":"America/Los_Angeles","position":"","direction":"","wheelchair_boarding":"0","tts_stop_name":"","feed_id":"California__Beaumont_Transit__mdb_mdb-106","agency_name":"Beaumont Transit","route_count":1,"route_ids":"374","route_short_names":"","route_types":"3","route_type_names":"Bus","routes_json":"[{\"route_id\":\"374\",\"route_short_name\":\"\",\"route_long_name\":\"Route 7-1\",\"route_type\":\"3\",\"route_type_name\":\"Bus\",\"route_color\":\"FF9325\",\"route_text_color\":\"000000\"}]"},"geometry":{"type":"Point","coordinates":[-116.998899906,33.946869213]}},{"type":"Feature","properties":{"stop_id":"769977","stop_code":"","platform_code":"","stop_name":"8th Street and Highland Springs Avenue","stop_desc":"","zone_id":"","stop_url":"","location_type":"0","parent_station":"","stop_timezone":"America/Los_Angeles","position":"","direction":"","wheelchair_boarding":"0","tts_stop_name":"","feed_id":"California__Beaumont_Transit__mdb_mdb-106","agency_name":"Beaumont Transit","route_count":3,"route_ids":"352|3574|354","route_short_names":"","route_types":"3","route_type_names":"Bus","routes_json":"[{\"route_id\":\"352\",\"route_short_name\":\"\",\"route_long_name\":\"Route 3\",\"route_type\":\"3\",\"route_type_name\":\"Bus\",\"route_color\":\"179093\",\"route_text_color\":\"E6FDFD\"},{\"route_id\":\"3574\",\"route_short_name\":\"\",\"route_long_name\":\"Route 3/4\",\"route_type\":\"3\",\"route_type_name\":\"Bus\",\"route_color\":\"7DCAF2\",\"route_text_color\":\"121212\"},{\"route_id\":\"354\",\"route_short_name\":\"\",\"route_long_name\":\"Route 4\",\"route_type\":\"3\",\"route_type_name\":\"Bus\",\"route_color\":\"0B4CF8\",\"route_text_color\":\"FFFFFF\"}]"},"geometry":{"type":"Point","coordinates":[-116.947416775533,33.9329120536476]}},{"type":"Feature","properties":{"stop_id":"770071","stop_code":"","platform_code":"","stop_name":"Calimesa Boulevard @ Stater Bros","stop_desc":"","zone_id":"","stop_url":"","location_type":"0","parent_station":"","stop_timezone":"America/Los_Angeles","position":"","direction":"","wheelchair_boarding":"0","tts_stop_name":"","feed_id":"California__Beaumont_Transit__mdb_mdb-106","agency_name":"Beaumont Transit","route_count":0,"route_ids":"","route_short_names":"","route_types":"","route_type_names":"","routes_json":"[]"},"geometry":{"type":"Point","coordinates":[-117.057936093224,33.9952815304876]}},{"type":"Feature","properties":{"stop_id":"770073","stop_code":"","platform_code":"","stop_name":"Loma Linda VA Hospital","stop_desc":"","zone_id":"","stop_url":"","location_type":"0","parent_station":"","stop_timezone":"America/Los_Angeles","position":"","direction":"","wheelchair_boarding":"0","tts_stop_name":"","feed_id":"California__Beaumont_Transit__mdb_mdb-106","agency_name":"Beaumont Transit","route_count":1,"route_ids":"11662","route_short_names":"","route_types":"3","route_type_names":"Bus","routes_json":"[{\"route_id\":\"11662\",\"route_short_name\":\"\",\"route_long_name\":\"Commuter Link 125\",\"route_type\":\"3\",\"route_type_name\":\"Bus\",\"route_color\":\"1721AE\",\"route_text_color\":\"F9F7F7\"}]"},"geometry":{"type":"Point","coordinates":[-117.2523434110451,34.04974182320629]}},{"type":"Feature","properties":{"stop_id":"770075","stop_code":"","platform_code":"","stop_name":"Palm Avenue and Birchwood Drive (Northbound)","stop_desc":"Northeast corner","zone_id":"","stop_url":"","location_type":"0","parent_station":"","stop_timezone":"America/Los_Angeles","position":"","direction":"","wheelchair_boarding":"0","tts_stop_name":"","feed_id":"California__Beaumont_Transit__mdb_mdb-106","agency_name":"Beaumont Transit","route_count":3,"route_ids":"352|3574|378","route_short_names":"","route_types":"3","route_type_names":"Bus","routes_json":"[{\"route_id\":\"352\",\"route_short_name\":\"\",\"route_long_name\":\"Route 3\",\"route_type\":\"3\",\"route_type_name\":\"Bus\",\"route_color\":\"179093\",\"route_text_color\":\"E6FDFD\"},{\"route_id\":\"3574\",\"route_short_name\":\"\",\"route_long_name\":\"Route 3/4\",\"route_type\":\"3\",\"route_type_name\":\"Bus\",\"route_color\":\"7DCAF2\",\"route_text_color\":\"121212\"},{\"route_id\":\"378\",\"route_short_name\":\"\",\"route_long_name\":\"Route 9\",\"route_type\":\"3\",\"route_type_name\":\"Bus\",\"route_color\":\"52C1C4\",\"route_text_color\":\"000000\"}]"},"geometry":{"type":"Point","coordinates":[-116.971406024699,33.9485395425026]}},{"type":"Feature","properties":{"stop_id":"770076","stop_code":"","platform_code":"","stop_name":"Cougar Way and Palm Avenue (Westbound)","stop_desc":"Northwest corner","zone_id":"","stop_url":"","location_type":"0","parent_station":"","stop_timezone":"America/Los_Angeles","position":"","direction":"","wheelchair_boarding":"0","tts_stop_name":"","feed_id":"California__Beaumont_Transit__mdb_mdb-106","agency_name":"Beaumont Transit","route_count":3,"route_ids":"352|3574|378","route_short_names":"","route_types":"3","route_type_names":"Bus","routes_json":"[{\"route_id\":\"352\",\"route_short_name\":\"\",\"route_long_name\":\"Route 3\",\"route_type\":\"3\",\"route_type_name\":\"Bus\",\"route_color\":\"179093\",\"route_text_color\":\"E6FDFD\"},{\"route_id\":\"3574\",\"route_short_name\":\"\",\"route_long_name\":\"Route 3/4\",\"route_type\":\"3\",\"route_type_name\":\"Bus\",\"route_color\":\"7DCAF2\",\"route_text_color\":\"121212\"},{\"route_id\":\"378\",\"route_short_name\":\"\",\"route_long_name\":\"Route 9\",\"route_type\":\"3\",\"route_type_name\":\"Bus\",\"route_color\":\"52C1C4\",\"route_text_color\":\"000000\"}]"},"geometry":{"type":"Point","coordinates":[-116.971236286543,33.9543323975936]}},{"type":"Feature","properties":{"stop_id":"770077","stop_code":"","platform_code":"","stop_name":"Cougar Way and Beaumont Avenue (Orchard Park Apartments)","stop_desc":"","zone_id":"","stop_url":"","location_type":"0","parent_station":"","stop_timezone":"America/Los_Angeles","position":"","direction":"","wheelchair_boarding":"0","tts_stop_name":"","feed_id":"California__Beaumont_Transit__mdb_mdb-106","agency_name":"Beaumont Transit","route_count":3,"route_ids":"352|3574|378","route_short_names":"","route_types":"3","route_type_names":"Bus","routes_json":"[{\"route_id\":\"352\",\"route_short_name\":\"\",\"route_long_name\":\"Route 3\",\"route_type\":\"3\",\"route_type_name\":\"Bus\",\"route_color\":\"179093\",\"route_text_color\":\"E6FDFD\"},{\"route_id\":\"3574\",\"route_short_name\":\"\",\"route_long_name\":\"Route 3/4\",\"route_type\":\"3\",\"route_type_name\":\"Bus\",\"route_color\":\"7DCAF2\",\"route_text_color\":\"121212\"},{\"route_id\":\"378\",\"route_short_name\":\"\",\"route_long_name\":\"Route 9\",\"route_type\":\"3\",\"route_type_name\":\"Bus\",\"route_color\":\"52C1C4\",\"route_text_color\":\"000000\"}]"},"geometry":{"type":"Point","coordinates":[-116.97589932631335,33.954329481193994]}},{"type":"Feature","properties":{"stop_id":"770081","stop_code":"","platform_code":"","stop_name":"10th Street and California Avenue","stop_desc":"","zone_id":"","stop_url":"","location_type":"0","parent_station":"","stop_timezone":"America/Los_Angeles","position":"","direction":"","wheelchair_boarding":"0","tts_stop_name":"","feed_id":"California__Beaumont_Transit__mdb_mdb-106","agency_name":"Beaumont Transit","route_count":0,"route_ids":"","route_short_names":"","route_types":"","route_type_names":"","routes_json":"[]"},"geometry":{"type":"Point","coordinates":[-116.98156597634,33.9354798583]}},{"type":"Feature","properties":{"stop_id":"770082","stop_code":"","platform_code":"","stop_name":"Oak Valley Parkway @ Chatigny Recreation Center","stop_desc":"Oak Valley Parkway stop east of Cherry Ave","zone_id":"","stop_url":"","location_type":"0","parent_station":"","stop_timezone":"America/Los_Angeles","position":"","direction":"","wheelchair_boarding":"0","tts_stop_name":"","feed_id":"California__Beaumont_Transit__mdb_mdb-106","agency_name":"Beaumont Transit","route_count":1,"route_ids":"352","route_short_names":"","route_types":"3","route_type_names":"Bus","routes_json":"[{\"route_id\":\"352\",\"route_short_name\":\"\",\"route_long_name\":\"Route 3\",\"route_type\":\"3\",\"route_type_name\":\"Bus\",\"route_color\":\"179093\",\"route_text_color\":\"E6FDFD\"}]"},"geometry":{"type":"Point","coordinates":[-116.962679605874,33.9471193267295]}},{"type":"Feature","properties":{"stop_id":"770089","stop_code":"","platform_code":"","stop_name":"8th Street and Pennsylvania Avenue","stop_desc":"","zone_id":"","stop_url":"","location_type":"0","parent_station":"","stop_timezone":"America/Los_Angeles","position":"","direction":"","wheelchair_boarding":"0","tts_stop_name":"","feed_id":"California__Beaumont_Transit__mdb_mdb-106","agency_name":"Beaumont Transit","route_count":0,"route_ids":"","route_short_names":"","route_types":"","route_type_names":"","routes_json":"[]"},"geometry":{"type":"Point","coordinates":[-116.965749452709,33.9325738539663]}},{"type":"Feature","properties":{"stop_id":"770090","stop_code":"","platform_code":"","stop_name":"8th Street and Chestnut Avenue","stop_desc":"","zone_id":"","stop_url":"","location_type":"0","parent_station":"","stop_timezone":"America/Los_Angeles","position":"","direction":"","wheelchair_boarding":"0","tts_stop_name":"","feed_id":"California__Beaumont_Transit__mdb_mdb-106","agency_name":"Beaumont Transit","route_count":0,"route_ids":"","route_short_names":"","route_types":"","route_type_names":"","routes_json":"[]"},"geometry":{"type":"Point","coordinates":[-116.969433132996,33.9325460498692]}},{"type":"Feature","properties":{"stop_id":"770091","stop_code":"","platform_code":"","stop_name":"8th Street and Maple Avenue","stop_desc":"Stewart Park","zone_id":"","stop_url":"","location_type":"0","parent_station":"","stop_timezone":"America/Los_Angeles","position":"","direction":"","wheelchair_boarding":"0","tts_stop_name":"","feed_id":"California__Beaumont_Transit__mdb_mdb-106","agency_name":"Beaumont Transit","route_count":0,"route_ids":"","route_short_names":"","route_types":"","route_type_names":"","routes_json":"[]"},"geometry":{"type":"Point","coordinates":[-116.973221805887,33.932586355153]}},{"type":"Feature","properties":{"stop_id":"770093","stop_code":"","platform_code":"","stop_name":"8th Street and Beaumont Avenue","stop_desc":"","zone_id":"","stop_url":"","location_type":"0","parent_station":"","stop_timezone":"America/Los_Angeles","position":"","direction":"","wheelchair_boarding":"0","tts_stop_name":"","feed_id":"California__Beaumont_Transit__mdb_mdb-106","agency_name":"Beaumont Transit","route_count":1,"route_ids":"354","route_short_names":"","route_types":"3","route_type_names":"Bus","routes_json":"[{\"route_id\":\"354\",\"route_short_name\":\"\",\"route_long_name\":\"Route 4\",\"route_type\":\"3\",\"route_type_name\":\"Bus\",\"route_color\":\"0B4CF8\",\"route_text_color\":\"FFFFFF\"}]"},"geometry":{"type":"Point","coordinates":[-116.97747440741,33.9325289234889]}},{"type":"Feature","properties":{"stop_id":"770094","stop_code":"","platform_code":"","stop_name":"8th Street and California Avenue (Beaumont Library)","stop_desc":"","zone_id":"","stop_url":"","location_type":"0","parent_station":"","stop_timezone":"America/Los_Angeles","position":"","direction":"","wheelchair_boarding":"0","tts_stop_name":"","feed_id":"California__Beaumont_Transit__mdb_mdb-106","agency_name":"Beaumont Transit","route_count":1,"route_ids":"354","route_short_names":"","route_types":"3","route_type_names":"Bus","routes_json":"[{\"route_id\":\"354\",\"route_short_name\":\"\",\"route_long_name\":\"Route 4\",\"route_type\":\"3\",\"route_type_name\":\"Bus\",\"route_color\":\"0B4CF8\",\"route_text_color\":\"FFFFFF\"}]"},"geometry":{"type":"Point","coordinates":[-116.981207301818,33.9325299123559]}},{"type":"Feature","properties":{"stop_id":"770095","stop_code":"","platform_code":"","stop_name":"Brookside Avenue and Beaumont Avenue (Sports Park)","stop_desc":"","zone_id":"","stop_url":"","location_type":"0","parent_station":"","stop_timezone":"America/Los_Angeles","position":"","direction":"","wheelchair_boarding":"0","tts_stop_name":"","feed_id":"California__Beaumont_Transit__mdb_mdb-106","agency_name":"Beaumont Transit","route_count":2,"route_ids":"352|3574","route_short_names":"","route_types":"3","route_type_names":"Bus","routes_json":"[{\"route_id\":\"352\",\"route_short_name\":\"\",\"route_long_name\":\"Route 3\",\"route_type\":\"3\",\"route_type_name\":\"Bus\",\"route_color\":\"179093\",\"route_text_color\":\"E6FDFD\"},{\"route_id\":\"3574\",\"route_short_name\":\"\",\"route_long_name\":\"Route 3/4\",\"route_type\":\"3\",\"route_type_name\":\"Bus\",\"route_color\":\"7DCAF2\",\"route_text_color\":\"121212\"}]"},"geometry":{"type":"Point","coordinates":[-116.975338183398,33.9614114006371]}},{"type":"Feature","properties":{"stop_id":"770096","stop_code":"","platform_code":"","stop_name":"Brookside Avenue and Lemon Avenue","stop_desc":"","zone_id":"","stop_url":"","location_type":"0","parent_station":"","stop_timezone":"America/Los_Angeles","position":"","direction":"","wheelchair_boarding":"0","tts_stop_name":"","feed_id":"California__Beaumont_Transit__mdb_mdb-106","agency_name":"Beaumont Transit","route_count":2,"route_ids":"352|3574","route_short_names":"","route_types":"3","route_type_names":"Bus","routes_json":"[{\"route_id\":\"352\",\"route_short_name\":\"\",\"route_long_name\":\"Route 3\",\"route_type\":\"3\",\"route_type_name\":\"Bus\",\"route_color\":\"179093\",\"route_text_color\":\"E6FDFD\"},{\"route_id\":\"3574\",\"route_short_name\":\"\",\"route_long_name\":\"Route 3/4\",\"route_type\":\"3\",\"route_type_name\":\"Bus\",\"route_color\":\"7DCAF2\",\"route_text_color\":\"121212\"}]"},"geometry":{"type":"Point","coordinates":[-116.972259165537,33.9614023002148]}},{"type":"Feature","properties":{"stop_id":"770097","stop_code":"","platform_code":"","stop_name":"Brookside Avenue and Noble Street","stop_desc":"","zone_id":"","stop_url":"","location_type":"0","parent_station":"","stop_timezone":"America/Los_Angeles","position":"","direction":"","wheelchair_boarding":"0","tts_stop_name":"","feed_id":"California__Beaumont_Transit__mdb_mdb-106","agency_name":"Beaumont Transit","route_count":2,"route_ids":"352|3574","route_short_names":"","route_types":"3","route_type_names":"Bus","routes_json":"[{\"route_id\":\"352\",\"route_short_name\":\"\",\"route_long_name\":\"Route 3\",\"route_type\":\"3\",\"route_type_name\":\"Bus\",\"route_color\":\"179093\",\"route_text_color\":\"E6FDFD\"},{\"route_id\":\"3574\",\"route_short_name\":\"\",\"route_long_name\":\"Route 3/4\",\"route_type\":\"3\",\"route_type_name\":\"Bus\",\"route_color\":\"7DCAF2\",\"route_text_color\":\"121212\"}]"},"geometry":{"type":"Point","coordinates":[-116.969178784586,33.9614176887281]}},{"type":"Feature","properties":{"stop_id":"770098","stop_code":"","platform_code":"","stop_name":"Cherry Avenue and Brookside Avenue","stop_desc":"","zone_id":"","stop_url":"","location_type":"0","parent_station":"","stop_timezone":"America/Los_Angeles","position":"","direction":"","wheelchair_boarding":"0","tts_stop_name":"","feed_id":"California__Beaumont_Transit__mdb_mdb-106","agency_name":"Beaumont Transit","route_count":2,"route_ids":"352|3574","route_short_names":"","route_types":"3","route_type_names":"Bus","routes_json":"[{\"route_id\":\"352\",\"route_short_name\":\"\",\"route_long_name\":\"Route 3\",\"route_type\":\"3\",\"route_type_name\":\"Bus\",\"route_color\":\"179093\",\"route_text_color\":\"E6FDFD\"},{\"route_id\":\"3574\",\"route_short_name\":\"\",\"route_long_name\":\"Route 3/4\",\"route_type\":\"3\",\"route_type_name\":\"Bus\",\"route_color\":\"7DCAF2\",\"route_text_color\":\"121212\"}]"},"geometry":{"type":"Point","coordinates":[-116.964309612898,33.9606643911669]}},{"type":"Feature","properties":{"stop_id":"770099","stop_code":"","platform_code":"","stop_name":"Cherry Avenue and Mary Lane","stop_desc":"","zone_id":"","stop_url":"","location_type":"0","parent_station":"","stop_timezone":"America/Los_Angeles","position":"","direction":"","wheelchair_boarding":"0","tts_stop_name":"","feed_id":"California__Beaumont_Transit__mdb_mdb-106","agency_name":"Beaumont Transit","route_count":2,"route_ids":"352|3574","route_short_names":"","route_types":"3","route_type_names":"Bus","routes_json":"[{\"route_id\":\"352\",\"route_short_name\":\"\",\"route_long_name\":\"Route 3\",\"route_type\":\"3\",\"route_type_name\":\"Bus\",\"route_color\":\"179093\",\"route_text_color\":\"E6FDFD\"},{\"route_id\":\"3574\",\"route_short_name\":\"\",\"route_long_name\":\"Route 3/4\",\"route_type\":\"3\",\"route_type_name\":\"Bus\",\"route_color\":\"7DCAF2\",\"route_text_color\":\"121212\"}]"},"geometry":{"type":"Point","coordinates":[-116.964338290807,33.9562418462959]}},{"type":"Feature","properties":{"stop_id":"770320","stop_code":"","platform_code":"","stop_name":"Oak Valley and Desert Lawn Drive","stop_desc":"","zone_id":"","stop_url":"","location_type":"0","parent_station":"","stop_timezone":"America/Los_Angeles","position":"","direction":"","wheelchair_boarding":"0","tts_stop_name":"","feed_id":"California__Beaumont_Transit__mdb_mdb-106","agency_name":"Beaumont Transit","route_count":1,"route_ids":"374","route_short_names":"","route_types":"3","route_type_names":"Bus","routes_json":"[{\"route_id\":\"374\",\"route_short_name\":\"\",\"route_long_name\":\"Route 7-1\",\"route_type\":\"3\",\"route_type_name\":\"Bus\",\"route_color\":\"FF9325\",\"route_text_color\":\"000000\"}]"},"geometry":{"type":"Point","coordinates":[-117.008917278643,33.9440176154221]}},{"type":"Feature","properties":{"stop_id":"770321","stop_code":"","platform_code":"","stop_name":"Oak Valley and Linksman Drive","stop_desc":"","zone_id":"","stop_url":"","location_type":"0","parent_station":"","stop_timezone":"America/Los_Angeles","position":"","direction":"","wheelchair_boarding":"0","tts_stop_name":"","feed_id":"California__Beaumont_Transit__mdb_mdb-106","agency_name":"Beaumont Transit","route_count":2,"route_ids":"374|76158","route_short_names":"","route_types":"3","route_type_names":"Bus","routes_json":"[{\"route_id\":\"374\",\"route_short_name\":\"\",\"route_long_name\":\"Route 7-1\",\"route_type\":\"3\",\"route_type_name\":\"Bus\",\"route_color\":\"FF9325\",\"route_text_color\":\"000000\"},{\"route_id\":\"76158\",\"route_short_name\":\"\",\"route_long_name\":\"Route 7-2\",\"route_type\":\"3\",\"route_type_name\":\"Bus\",\"route_color\":\"0083FD\",\"route_text_color\":\"000000\"}]"},"geometry":{"type":"Point","coordinates":[-117.023602373,33.9441859989385]}},{"type":"Feature","properties":{"stop_id":"818222","stop_code":"","platform_code":"","stop_name":"Calimesa Boulevard @ Crown Village","stop_desc":"","zone_id":"","stop_url":"","location_type":"0","parent_station":"","stop_timezone":"America/Los_Angeles","position":"","direction":"","wheelchair_boarding":"0","tts_stop_name":"","feed_id":"California__Beaumont_Transit__mdb_mdb-106","agency_name":"Beaumont Transit","route_count":0,"route_ids":"","route_short_names":"","route_types":"","route_type_names":"","routes_json":"[]"},"geometry":{"type":"Point","coordinates":[-117.060717098386,34.0010179157976]}},{"type":"Feature","properties":{"stop_id":"847934","stop_code":"","platform_code":"","stop_name":"San Bernardino Transit Center","stop_desc":"","zone_id":"","stop_url":"","location_type":"0","parent_station":"","stop_timezone":"America/Los_Angeles","position":"","direction":"","wheelchair_boarding":"0","tts_stop_name":"","feed_id":"California__Beaumont_Transit__mdb_mdb-106","agency_name":"Beaumont Transit","route_count":1,"route_ids":"1381","route_short_names":"","route_types":"3","route_type_names":"Bus","routes_json":"[{\"route_id\":\"1381\",\"route_short_name\":\"\",\"route_long_name\":\"Commuter Link 120\",\"route_type\":\"3\",\"route_type_name\":\"Bus\",\"route_color\":\"0CF2D7\",\"route_text_color\":\"000000\"}]"},"geometry":{"type":"Point","coordinates":[-117.29652029388964,34.10027863051583]}},{"type":"Feature","properties":{"stop_id":"847938","stop_code":"","platform_code":"","stop_name":"Calimesa Blvd @ Dollar Tree","stop_desc":"","zone_id":"","stop_url":"","location_type":"0","parent_station":"","stop_timezone":"America/Los_Angeles","position":"","direction":"","wheelchair_boarding":"0","tts_stop_name":"","feed_id":"California__Beaumont_Transit__mdb_mdb-106","agency_name":"Beaumont Transit","route_count":0,"route_ids":"","route_short_names":"","route_types":"","route_type_names":"","routes_json":"[]"},"geometry":{"type":"Point","coordinates":[-117.05910850214,33.99705013947]}}]}