{"type":"FeatureCollection","features":[{"type":"Feature","properties":{"stop_id":"90004","stop_name":"Gray 30th St Station","stop_url":"","wheelchair_boarding":"1","feed_id":"Delaware__Southeastern_Pennsylvania_Transportation_Authority_(SEPTA)__mdb_mdb-503","agency_name":"SEPTA","route_count":13,"route_ids":"AIR|CHE|CHW|CYN|FOX|LAN|MED|NOR|PAO|TRE|WAR|WIL|WTR","route_short_names":"AIR|CHE|CHW|CYN|FOX|LAN|MED|NOR|PAO|TRE|WAR|WIL|WTR","route_types":"2","route_type_names":"Rail","routes_json":"[{\"route_id\":\"AIR\",\"route_short_name\":\"AIR\",\"route_long_name\":\"Airport Line\",\"route_type\":\"2\",\"route_type_name\":\"Rail\",\"route_color\":\"4F758B\",\"route_text_color\":\"FFFFFF\"},{\"route_id\":\"CHE\",\"route_short_name\":\"CHE\",\"route_long_name\":\"Chestnut Hill East Line\",\"route_type\":\"2\",\"route_type_name\":\"Rail\",\"route_color\":\"4F758B\",\"route_text_color\":\"FFFFFF\"},{\"route_id\":\"CHW\",\"route_short_name\":\"CHW\",\"route_long_name\":\"Chestnut Hill West Line\",\"route_type\":\"2\",\"route_type_name\":\"Rail\",\"route_color\":\"4F758B\",\"route_text_color\":\"FFFFFF\"},{\"route_id\":\"CYN\",\"route_short_name\":\"CYN\",\"route_long_name\":\"Cynwyd Line\",\"route_type\":\"2\",\"route_type_name\":\"Rail\",\"route_color\":\"4F758B\",\"route_text_color\":\"FFFFFF\"},{\"route_id\":\"FOX\",\"route_short_name\":\"FOX\",\"route_long_name\":\"Fox Chase Line\",\"route_type\":\"2\",\"route_type_name\":\"Rail\",\"route_color\":\"4F758B\",\"route_text_color\":\"FFFFFF\"},{\"route_id\":\"LAN\",\"route_short_name\":\"LAN\",\"route_long_name\":\"Lansdale/Doylestown Line\",\"route_type\":\"2\",\"route_type_name\":\"Rail\",\"route_color\":\"4F758B\",\"route_text_color\":\"FFFFFF\"},{\"route_id\":\"MED\",\"route_short_name\":\"MED\",\"route_long_name\":\"Media/Wawa Line\",\"route_type\":\"2\",\"route_type_name\":\"Rail\",\"route_color\":\"4F758B\",\"route_text_color\":\"FFFFFF\"},{\"route_id\":\"NOR\",\"route_short_name\":\"NOR\",\"route_long_name\":\"Manayunk/Norristown Line\",\"route_type\":\"2\",\"route_type_name\":\"Rail\",\"route_color\":\"4F758B\",\"route_text_color\":\"FFFFFF\"},{\"route_id\":\"PAO\",\"route_short_name\":\"PAO\",\"route_long_name\":\"Paoli/Thorndale Line\",\"route_type\":\"2\",\"route_type_name\":\"Rail\",\"route_color\":\"4F758B\",\"route_text_color\":\"FFFFFF\"},{\"route_id\":\"TRE\",\"route_short_name\":\"TRE\",\"route_long_name\":\"Trenton Line\",\"route_type\":\"2\",\"route_type_name\":\"Rail\",\"route_color\":\"4F758B\",\"route_text_color\":\"FFFFFF\"},{\"route_id\":\"WAR\",\"route_short_name\":\"WAR\",\"route_long_name\":\"Warminster Line\",\"route_type\":\"2\",\"route_type_name\":\"Rail\",\"route_color\":\"4F758B\",\"route_text_color\":\"FFFFFF\"},{\"route_id\":\"WIL\",\"route_short_name\":\"WIL\",\"route_long_name\":\"Wilmington/Newark Line\",\"route_type\":\"2\",\"route_type_name\":\"Rail\",\"route_color\":\"4F758B\",\"route_text_color\":\"FFFFFF\"},{\"route_id\":\"WTR\",\"route_short_name\":\"WTR\",\"route_long_name\":\"West Trenton Line\",\"route_type\":\"2\",\"route_type_name\":\"Rail\",\"route_color\":\"4F758B\",\"route_text_color\":\"FFFFFF\"}]"},"geometry":{"type":"Point","coordinates":[-75.18166,39.95667]}},{"type":"Feature","properties":{"stop_id":"90314","stop_name":"49th St","stop_url":"","wheelchair_boarding":"1","feed_id":"Delaware__Southeastern_Pennsylvania_Transportation_Authority_(SEPTA)__mdb_mdb-503","agency_name":"SEPTA","route_count":1,"route_ids":"MED","route_short_names":"MED","route_types":"2","route_type_names":"Rail","routes_json":"[{\"route_id\":\"MED\",\"route_short_name\":\"MED\",\"route_long_name\":\"Media/Wawa Line\",\"route_type\":\"2\",\"route_type_name\":\"Rail\",\"route_color\":\"4F758B\",\"route_text_color\":\"FFFFFF\"}]"},"geometry":{"type":"Point","coordinates":[-75.21667,39.94361]}},{"type":"Feature","properties":{"stop_id":"90539","stop_name":"9th St Lansdale","stop_url":"","wheelchair_boarding":"1","feed_id":"Delaware__Southeastern_Pennsylvania_Transportation_Authority_(SEPTA)__mdb_mdb-503","agency_name":"SEPTA","route_count":1,"route_ids":"LAN","route_short_names":"LAN","route_types":"2","route_type_names":"Rail","routes_json":"[{\"route_id\":\"LAN\",\"route_short_name\":\"LAN\",\"route_long_name\":\"Lansdale/Doylestown Line\",\"route_type\":\"2\",\"route_type_name\":\"Rail\",\"route_color\":\"4F758B\",\"route_text_color\":\"FFFFFF\"}]"},"geometry":{"type":"Point","coordinates":[-75.27917,40.25]}},{"type":"Feature","properties":{"stop_id":"90404","stop_name":"Airport Terminal A","stop_url":"","wheelchair_boarding":"1","feed_id":"Delaware__Southeastern_Pennsylvania_Transportation_Authority_(SEPTA)__mdb_mdb-503","agency_name":"SEPTA","route_count":1,"route_ids":"AIR","route_short_names":"AIR","route_types":"2","route_type_names":"Rail","routes_json":"[{\"route_id\":\"AIR\",\"route_short_name\":\"AIR\",\"route_long_name\":\"Airport Line\",\"route_type\":\"2\",\"route_type_name\":\"Rail\",\"route_color\":\"4F758B\",\"route_text_color\":\"FFFFFF\"}]"},"geometry":{"type":"Point","coordinates":[-75.24528,39.87611]}},{"type":"Feature","properties":{"stop_id":"90313","stop_name":"Angora","stop_url":"","wheelchair_boarding":"2","feed_id":"Delaware__Southeastern_Pennsylvania_Transportation_Authority_(SEPTA)__mdb_mdb-503","agency_name":"SEPTA","route_count":1,"route_ids":"MED","route_short_names":"MED","route_types":"2","route_type_names":"Rail","routes_json":"[{\"route_id\":\"MED\",\"route_short_name\":\"MED\",\"route_long_name\":\"Media/Wawa Line\",\"route_type\":\"2\",\"route_type_name\":\"Rail\",\"route_color\":\"4F758B\",\"route_text_color\":\"FFFFFF\"}]"},"geometry":{"type":"Point","coordinates":[-75.23861,39.94472]}},{"type":"Feature","properties":{"stop_id":"90403","stop_name":"Airport Terminal B","stop_url":"","wheelchair_boarding":"1","feed_id":"Delaware__Southeastern_Pennsylvania_Transportation_Authority_(SEPTA)__mdb_mdb-503","agency_name":"SEPTA","route_count":1,"route_ids":"AIR","route_short_names":"AIR","route_types":"2","route_type_names":"Rail","routes_json":"[{\"route_id\":\"AIR\",\"route_short_name\":\"AIR\",\"route_long_name\":\"Airport Line\",\"route_type\":\"2\",\"route_type_name\":\"Rail\",\"route_color\":\"4F758B\",\"route_text_color\":\"FFFFFF\"}]"},"geometry":{"type":"Point","coordinates":[-75.24139,39.87722]}},{"type":"Feature","properties":{"stop_id":"90402","stop_name":"Airport Terminals C & D","stop_url":"","wheelchair_boarding":"1","feed_id":"Delaware__Southeastern_Pennsylvania_Transportation_Authority_(SEPTA)__mdb_mdb-503","agency_name":"SEPTA","route_count":1,"route_ids":"AIR","route_short_names":"AIR","route_types":"2","route_type_names":"Rail","routes_json":"[{\"route_id\":\"AIR\",\"route_short_name\":\"AIR\",\"route_long_name\":\"Airport Line\",\"route_type\":\"2\",\"route_type_name\":\"Rail\",\"route_color\":\"4F758B\",\"route_text_color\":\"FFFFFF\"}]"},"geometry":{"type":"Point","coordinates":[-75.24,39.87806]}},{"type":"Feature","properties":{"stop_id":"90401","stop_name":"Airport Terminals E & F","stop_url":"","wheelchair_boarding":"1","feed_id":"Delaware__Southeastern_Pennsylvania_Transportation_Authority_(SEPTA)__mdb_mdb-503","agency_name":"SEPTA","route_count":1,"route_ids":"AIR","route_short_names":"AIR","route_types":"2","route_type_names":"Rail","routes_json":"[{\"route_id\":\"AIR\",\"route_short_name\":\"AIR\",\"route_long_name\":\"Airport Line\",\"route_type\":\"2\",\"route_type_name\":\"Rail\",\"route_color\":\"4F758B\",\"route_text_color\":\"FFFFFF\"}]"},"geometry":{"type":"Point","coordinates":[-75.23972,39.87944]}},{"type":"Feature","properties":{"stop_id":"90218","stop_name":"Allegheny","stop_url":"","wheelchair_boarding":"2","feed_id":"Delaware__Southeastern_Pennsylvania_Transportation_Authority_(SEPTA)__mdb_mdb-503","agency_name":"SEPTA","route_count":1,"route_ids":"NOR","route_short_names":"NOR","route_types":"2","route_type_names":"Rail","routes_json":"[{\"route_id\":\"NOR\",\"route_short_name\":\"NOR\",\"route_long_name\":\"Manayunk/Norristown Line\",\"route_type\":\"2\",\"route_type_name\":\"Rail\",\"route_color\":\"4F758B\",\"route_text_color\":\"FFFFFF\"}]"},"geometry":{"type":"Point","coordinates":[-75.16472,40.00361]}},{"type":"Feature","properties":{"stop_id":"90804","stop_name":"Richard Allen Ln","stop_url":"","wheelchair_boarding":"1","feed_id":"Delaware__Southeastern_Pennsylvania_Transportation_Authority_(SEPTA)__mdb_mdb-503","agency_name":"SEPTA","route_count":1,"route_ids":"CHW","route_short_names":"CHW","route_types":"2","route_type_names":"Rail","routes_json":"[{\"route_id\":\"CHW\",\"route_short_name\":\"CHW\",\"route_long_name\":\"Chestnut Hill West Line\",\"route_type\":\"2\",\"route_type_name\":\"Rail\",\"route_color\":\"4F758B\",\"route_text_color\":\"FFFFFF\"}]"},"geometry":{"type":"Point","coordinates":[-75.19473,40.0575]}},{"type":"Feature","properties":{"stop_id":"90526","stop_name":"Ambler","stop_url":"","wheelchair_boarding":"1","feed_id":"Delaware__Southeastern_Pennsylvania_Transportation_Authority_(SEPTA)__mdb_mdb-503","agency_name":"SEPTA","route_count":1,"route_ids":"LAN","route_short_names":"LAN","route_types":"2","route_type_names":"Rail","routes_json":"[{\"route_id\":\"LAN\",\"route_short_name\":\"LAN\",\"route_long_name\":\"Lansdale/Doylestown Line\",\"route_type\":\"2\",\"route_type_name\":\"Rail\",\"route_color\":\"4F758B\",\"route_text_color\":\"FFFFFF\"}]"},"geometry":{"type":"Point","coordinates":[-75.22472,40.15361]}},{"type":"Feature","properties":{"stop_id":"90412","stop_name":"Ardsley","stop_url":"","wheelchair_boarding":"1","feed_id":"Delaware__Southeastern_Pennsylvania_Transportation_Authority_(SEPTA)__mdb_mdb-503","agency_name":"SEPTA","route_count":1,"route_ids":"WAR","route_short_names":"WAR","route_types":"2","route_type_names":"Rail","routes_json":"[{\"route_id\":\"WAR\",\"route_short_name\":\"WAR\",\"route_long_name\":\"Warminster Line\",\"route_type\":\"2\",\"route_type_name\":\"Rail\",\"route_color\":\"4F758B\",\"route_text_color\":\"FFFFFF\"}]"},"geometry":{"type":"Point","coordinates":[-75.15305,40.11417]}},{"type":"Feature","properties":{"stop_id":"90518","stop_name":"Ardmore","stop_url":"","wheelchair_boarding":"2","feed_id":"Delaware__Southeastern_Pennsylvania_Transportation_Authority_(SEPTA)__mdb_mdb-503","agency_name":"SEPTA","route_count":1,"route_ids":"PAO","route_short_names":"PAO","route_types":"2","route_type_names":"Rail","routes_json":"[{\"route_id\":\"PAO\",\"route_short_name\":\"PAO\",\"route_long_name\":\"Paoli/Thorndale Line\",\"route_type\":\"2\",\"route_type_name\":\"Rail\",\"route_color\":\"4F758B\",\"route_text_color\":\"FFFFFF\"}]"},"geometry":{"type":"Point","coordinates":[-75.2904,40.00828]}},{"type":"Feature","properties":{"stop_id":"90002","stop_name":"Bala","stop_url":"","wheelchair_boarding":"1","feed_id":"Delaware__Southeastern_Pennsylvania_Transportation_Authority_(SEPTA)__mdb_mdb-503","agency_name":"SEPTA","route_count":1,"route_ids":"CYN","route_short_names":"CYN","route_types":"2","route_type_names":"Rail","routes_json":"[{\"route_id\":\"CYN\",\"route_short_name\":\"CYN\",\"route_long_name\":\"Cynwyd Line\",\"route_type\":\"2\",\"route_type_name\":\"Rail\",\"route_color\":\"4F758B\",\"route_text_color\":\"FFFFFF\"}]"},"geometry":{"type":"Point","coordinates":[-75.22778,40.00111]}},{"type":"Feature","properties":{"stop_id":"90508","stop_name":"Berwyn","stop_url":"","wheelchair_boarding":"1","feed_id":"Delaware__Southeastern_Pennsylvania_Transportation_Authority_(SEPTA)__mdb_mdb-503","agency_name":"SEPTA","route_count":1,"route_ids":"PAO","route_short_names":"PAO","route_types":"2","route_type_names":"Rail","routes_json":"[{\"route_id\":\"PAO\",\"route_short_name\":\"PAO\",\"route_long_name\":\"Paoli/Thorndale Line\",\"route_type\":\"2\",\"route_type_name\":\"Rail\",\"route_color\":\"4F758B\",\"route_text_color\":\"FFFFFF\"}]"},"geometry":{"type":"Point","coordinates":[-75.44222,40.04805]}},{"type":"Feature","properties":{"stop_id":"90516","stop_name":"Bryn Mawr","stop_url":"","wheelchair_boarding":"2","feed_id":"Delaware__Southeastern_Pennsylvania_Transportation_Authority_(SEPTA)__mdb_mdb-503","agency_name":"SEPTA","route_count":1,"route_ids":"PAO","route_short_names":"PAO","route_types":"2","route_type_names":"Rail","routes_json":"[{\"route_id\":\"PAO\",\"route_short_name\":\"PAO\",\"route_long_name\":\"Paoli/Thorndale Line\",\"route_type\":\"2\",\"route_type_name\":\"Rail\",\"route_color\":\"4F758B\",\"route_text_color\":\"FFFFFF\"}]"},"geometry":{"type":"Point","coordinates":[-75.31639,40.02195]}},{"type":"Feature","properties":{"stop_id":"90710","stop_name":"Bridesburg","stop_url":"","wheelchair_boarding":"2","feed_id":"Delaware__Southeastern_Pennsylvania_Transportation_Authority_(SEPTA)__mdb_mdb-503","agency_name":"SEPTA","route_count":1,"route_ids":"TRE","route_short_names":"TRE","route_types":"2","route_type_names":"Rail","routes_json":"[{\"route_id\":\"TRE\",\"route_short_name\":\"TRE\",\"route_long_name\":\"Trenton Line\",\"route_type\":\"2\",\"route_type_name\":\"Rail\",\"route_color\":\"4F758B\",\"route_text_color\":\"FFFFFF\"}]"},"geometry":{"type":"Point","coordinates":[-75.06973,40.01056]}},{"type":"Feature","properties":{"stop_id":"90703","stop_name":"Bristol","stop_url":"","wheelchair_boarding":"2","feed_id":"Delaware__Southeastern_Pennsylvania_Transportation_Authority_(SEPTA)__mdb_mdb-503","agency_name":"SEPTA","route_count":1,"route_ids":"TRE","route_short_names":"TRE","route_types":"2","route_type_names":"Rail","routes_json":"[{\"route_id\":\"TRE\",\"route_short_name\":\"TRE\",\"route_long_name\":\"Trenton Line\",\"route_type\":\"2\",\"route_type_name\":\"Rail\",\"route_color\":\"4F758B\",\"route_text_color\":\"FFFFFF\"}]"},"geometry":{"type":"Point","coordinates":[-74.85472,40.10472]}},{"type":"Feature","properties":{"stop_id":"90318","stop_name":"Bethayres","stop_url":"","wheelchair_boarding":"1","feed_id":"Delaware__Southeastern_Pennsylvania_Transportation_Authority_(SEPTA)__mdb_mdb-503","agency_name":"SEPTA","route_count":1,"route_ids":"WTR","route_short_names":"WTR","route_types":"2","route_type_names":"Rail","routes_json":"[{\"route_id\":\"WTR\",\"route_short_name\":\"WTR\",\"route_long_name\":\"West Trenton Line\",\"route_type\":\"2\",\"route_type_name\":\"Rail\",\"route_color\":\"4F758B\",\"route_text_color\":\"FFFFFF\"}]"},"geometry":{"type":"Point","coordinates":[-75.06834,40.11666]}},{"type":"Feature","properties":{"stop_id":"90805","stop_name":"Carpenter","stop_url":"","wheelchair_boarding":"2","feed_id":"Delaware__Southeastern_Pennsylvania_Transportation_Authority_(SEPTA)__mdb_mdb-503","agency_name":"SEPTA","route_count":1,"route_ids":"CHW","route_short_names":"CHW","route_types":"2","route_type_names":"Rail","routes_json":"[{\"route_id\":\"CHW\",\"route_short_name\":\"CHW\",\"route_long_name\":\"Chestnut Hill West Line\",\"route_type\":\"2\",\"route_type_name\":\"Rail\",\"route_color\":\"4F758B\",\"route_text_color\":\"FFFFFF\"}]"},"geometry":{"type":"Point","coordinates":[-75.19139,40.05111]}},{"type":"Feature","properties":{"stop_id":"90720","stop_name":"Chestnut Hill East","stop_url":"","wheelchair_boarding":"2","feed_id":"Delaware__Southeastern_Pennsylvania_Transportation_Authority_(SEPTA)__mdb_mdb-503","agency_name":"SEPTA","route_count":1,"route_ids":"CHE","route_short_names":"CHE","route_types":"2","route_type_names":"Rail","routes_json":"[{\"route_id\":\"CHE\",\"route_short_name\":\"CHE\",\"route_long_name\":\"Chestnut Hill East Line\",\"route_type\":\"2\",\"route_type_name\":\"Rail\",\"route_color\":\"4F758B\",\"route_text_color\":\"FFFFFF\"}]"},"geometry":{"type":"Point","coordinates":[-75.20722,40.08111]}},{"type":"Feature","properties":{"stop_id":"90309","stop_name":"Clifton-Aldan","stop_url":"","wheelchair_boarding":"2","feed_id":"Delaware__Southeastern_Pennsylvania_Transportation_Authority_(SEPTA)__mdb_mdb-503","agency_name":"SEPTA","route_count":1,"route_ids":"MED","route_short_names":"MED","route_types":"2","route_type_names":"Rail","routes_json":"[{\"route_id\":\"MED\",\"route_short_name\":\"MED\",\"route_long_name\":\"Media/Wawa Line\",\"route_type\":\"2\",\"route_type_name\":\"Rail\",\"route_color\":\"4F758B\",\"route_text_color\":\"FFFFFF\"}]"},"geometry":{"type":"Point","coordinates":[-75.29028,39.92667]}},{"type":"Feature","properties":{"stop_id":"90535","stop_name":"Chalfont","stop_url":"","wheelchair_boarding":"1","feed_id":"Delaware__Southeastern_Pennsylvania_Transportation_Authority_(SEPTA)__mdb_mdb-503","agency_name":"SEPTA","route_count":1,"route_ids":"LAN","route_short_names":"LAN","route_types":"2","route_type_names":"Rail","routes_json":"[{\"route_id\":\"LAN\",\"route_short_name\":\"LAN\",\"route_long_name\":\"Lansdale/Doylestown Line\",\"route_type\":\"2\",\"route_type_name\":\"Rail\",\"route_color\":\"4F758B\",\"route_text_color\":\"FFFFFF\"}]"},"geometry":{"type":"Point","coordinates":[-75.20972,40.28778]}},{"type":"Feature","properties":{"stop_id":"90202","stop_name":"Churchman's Crossing","stop_url":"","wheelchair_boarding":"1","feed_id":"Delaware__Southeastern_Pennsylvania_Transportation_Authority_(SEPTA)__mdb_mdb-503","agency_name":"SEPTA","route_count":1,"route_ids":"WIL","route_short_names":"WIL","route_types":"2","route_type_names":"Rail","routes_json":"[{\"route_id\":\"WIL\",\"route_short_name\":\"WIL\",\"route_long_name\":\"Wilmington/Newark Line\",\"route_type\":\"2\",\"route_type_name\":\"Rail\",\"route_color\":\"4F758B\",\"route_text_color\":\"FFFFFF\"}]"},"geometry":{"type":"Point","coordinates":[-75.6725,39.695]}},{"type":"Feature","properties":{"stop_id":"90808","stop_name":"Chelten Av","stop_url":"","wheelchair_boarding":"2","feed_id":"Delaware__Southeastern_Pennsylvania_Transportation_Authority_(SEPTA)__mdb_mdb-503","agency_name":"SEPTA","route_count":1,"route_ids":"CHW","route_short_names":"CHW","route_types":"2","route_type_names":"Rail","routes_json":"[{\"route_id\":\"CHW\",\"route_short_name\":\"CHW\",\"route_long_name\":\"Chestnut Hill West Line\",\"route_type\":\"2\",\"route_type_name\":\"Rail\",\"route_color\":\"4F758B\",\"route_text_color\":\"FFFFFF\"}]"},"geometry":{"type":"Point","coordinates":[-75.18083,40.03]}},{"type":"Feature","properties":{"stop_id":"90813","stop_name":"Cheltenham","stop_url":"","wheelchair_boarding":"1","feed_id":"Delaware__Southeastern_Pennsylvania_Transportation_Authority_(SEPTA)__mdb_mdb-503","agency_name":"SEPTA","route_count":1,"route_ids":"FOX","route_short_names":"FOX","route_types":"2","route_type_names":"Rail","routes_json":"[{\"route_id\":\"FOX\",\"route_short_name\":\"FOX\",\"route_long_name\":\"Fox Chase Line\",\"route_type\":\"2\",\"route_type_name\":\"Rail\",\"route_color\":\"4F758B\",\"route_text_color\":\"FFFFFF\"}]"},"geometry":{"type":"Point","coordinates":[-75.09278,40.05806]}},{"type":"Feature","properties":{"stop_id":"90207","stop_name":"Chester Transit Center","stop_url":"","wheelchair_boarding":"1","feed_id":"Delaware__Southeastern_Pennsylvania_Transportation_Authority_(SEPTA)__mdb_mdb-503","agency_name":"SEPTA","route_count":1,"route_ids":"WIL","route_short_names":"WIL","route_types":"2","route_type_names":"Rail","routes_json":"[{\"route_id\":\"WIL\",\"route_short_name\":\"WIL\",\"route_long_name\":\"Wilmington/Newark Line\",\"route_type\":\"2\",\"route_type_name\":\"Rail\",\"route_color\":\"4F758B\",\"route_text_color\":\"FFFFFF\"}]"},"geometry":{"type":"Point","coordinates":[-75.36,39.84972]}},{"type":"Feature","properties":{"stop_id":"90204","stop_name":"Claymont Transit Center","stop_url":"","wheelchair_boarding":"1","feed_id":"Delaware__Southeastern_Pennsylvania_Transportation_Authority_(SEPTA)__mdb_mdb-503","agency_name":"SEPTA","route_count":1,"route_ids":"WIL","route_short_names":"WIL","route_types":"2","route_type_names":"Rail","routes_json":"[{\"route_id\":\"WIL\",\"route_short_name\":\"WIL\",\"route_long_name\":\"Wilmington/Newark Line\",\"route_type\":\"2\",\"route_type_name\":\"Rail\",\"route_color\":\"4F758B\",\"route_text_color\":\"FFFFFF\"}]"},"geometry":{"type":"Point","coordinates":[-75.446111,39.804167]}},{"type":"Feature","properties":{"stop_id":"90533","stop_name":"Colmar","stop_url":"","wheelchair_boarding":"1","feed_id":"Delaware__Southeastern_Pennsylvania_Transportation_Authority_(SEPTA)__mdb_mdb-503","agency_name":"SEPTA","route_count":1,"route_ids":"LAN","route_short_names":"LAN","route_types":"2","route_type_names":"Rail","routes_json":"[{\"route_id\":\"LAN\",\"route_short_name\":\"LAN\",\"route_long_name\":\"Lansdale/Doylestown Line\",\"route_type\":\"2\",\"route_type_name\":\"Rail\",\"route_color\":\"4F758B\",\"route_text_color\":\"FFFFFF\"}]"},"geometry":{"type":"Point","coordinates":[-75.25445,40.26833]}},{"type":"Feature","properties":{"stop_id":"90225","stop_name":"Conshohocken","stop_url":"","wheelchair_boarding":"1","feed_id":"Delaware__Southeastern_Pennsylvania_Transportation_Authority_(SEPTA)__mdb_mdb-503","agency_name":"SEPTA","route_count":1,"route_ids":"NOR","route_short_names":"NOR","route_types":"2","route_type_names":"Rail","routes_json":"[{\"route_id\":\"NOR\",\"route_short_name\":\"NOR\",\"route_long_name\":\"Manayunk/Norristown Line\",\"route_type\":\"2\",\"route_type_name\":\"Rail\",\"route_color\":\"4F758B\",\"route_text_color\":\"FFFFFF\"}]"},"geometry":{"type":"Point","coordinates":[-75.310944,40.07328]}},{"type":"Feature","properties":{"stop_id":"90706","stop_name":"Cornwells Heights","stop_url":"","wheelchair_boarding":"1","feed_id":"Delaware__Southeastern_Pennsylvania_Transportation_Authority_(SEPTA)__mdb_mdb-503","agency_name":"SEPTA","route_count":1,"route_ids":"TRE","route_short_names":"TRE","route_types":"2","route_type_names":"Rail","routes_json":"[{\"route_id\":\"TRE\",\"route_short_name\":\"TRE\",\"route_long_name\":\"Trenton Line\",\"route_type\":\"2\",\"route_type_name\":\"Rail\",\"route_color\":\"4F758B\",\"route_text_color\":\"FFFFFF\"}]"},"geometry":{"type":"Point","coordinates":[-74.95432,40.0709]}},{"type":"Feature","properties":{"stop_id":"90209","stop_name":"Crum Lynne","stop_url":"","wheelchair_boarding":"2","feed_id":"Delaware__Southeastern_Pennsylvania_Transportation_Authority_(SEPTA)__mdb_mdb-503","agency_name":"SEPTA","route_count":1,"route_ids":"WIL","route_short_names":"WIL","route_types":"2","route_type_names":"Rail","routes_json":"[{\"route_id\":\"WIL\",\"route_short_name\":\"WIL\",\"route_long_name\":\"Wilmington/Newark Line\",\"route_type\":\"2\",\"route_type_name\":\"Rail\",\"route_color\":\"4F758B\",\"route_text_color\":\"FFFFFF\"}]"},"geometry":{"type":"Point","coordinates":[-75.33111,39.87194]}},{"type":"Feature","properties":{"stop_id":"90704","stop_name":"Croydon","stop_url":"","wheelchair_boarding":"1","feed_id":"Delaware__Southeastern_Pennsylvania_Transportation_Authority_(SEPTA)__mdb_mdb-503","agency_name":"SEPTA","route_count":1,"route_ids":"TRE","route_short_names":"TRE","route_types":"2","route_type_names":"Rail","routes_json":"[{\"route_id\":\"TRE\",\"route_short_name\":\"TRE\",\"route_long_name\":\"Trenton Line\",\"route_type\":\"2\",\"route_type_name\":\"Rail\",\"route_color\":\"4F758B\",\"route_text_color\":\"FFFFFF\"}]"},"geometry":{"type":"Point","coordinates":[-74.90667,40.09361]}},{"type":"Feature","properties":{"stop_id":"90414","stop_name":"Crestmont","stop_url":"","wheelchair_boarding":"1","feed_id":"Delaware__Southeastern_Pennsylvania_Transportation_Authority_(SEPTA)__mdb_mdb-503","agency_name":"SEPTA","route_count":1,"route_ids":"WAR","route_short_names":"WAR","route_types":"2","route_type_names":"Rail","routes_json":"[{\"route_id\":\"WAR\",\"route_short_name\":\"WAR\",\"route_long_name\":\"Warminster Line\",\"route_type\":\"2\",\"route_type_name\":\"Rail\",\"route_color\":\"4F758B\",\"route_text_color\":\"FFFFFF\"}]"},"geometry":{"type":"Point","coordinates":[-75.11861,40.13334]}},{"type":"Feature","properties":{"stop_id":"90216","stop_name":"Curtis Park","stop_url":"","wheelchair_boarding":"2","feed_id":"Delaware__Southeastern_Pennsylvania_Transportation_Authority_(SEPTA)__mdb_mdb-503","agency_name":"SEPTA","route_count":1,"route_ids":"WIL","route_short_names":"WIL","route_types":"2","route_type_names":"Rail","routes_json":"[{\"route_id\":\"WIL\",\"route_short_name\":\"WIL\",\"route_long_name\":\"Wilmington/Newark Line\",\"route_type\":\"2\",\"route_type_name\":\"Rail\",\"route_color\":\"4F758B\",\"route_text_color\":\"FFFFFF\"}]"},"geometry":{"type":"Point","coordinates":[-75.265,39.90805]}},{"type":"Feature","properties":{"stop_id":"90801","stop_name":"Chestnut Hill West","stop_url":"","wheelchair_boarding":"1","feed_id":"Delaware__Southeastern_Pennsylvania_Transportation_Authority_(SEPTA)__mdb_mdb-503","agency_name":"SEPTA","route_count":1,"route_ids":"CHW","route_short_names":"CHW","route_types":"2","route_type_names":"Rail","routes_json":"[{\"route_id\":\"CHW\",\"route_short_name\":\"CHW\",\"route_long_name\":\"Chestnut Hill West Line\",\"route_type\":\"2\",\"route_type_name\":\"Rail\",\"route_color\":\"4F758B\",\"route_text_color\":\"FFFFFF\"}]"},"geometry":{"type":"Point","coordinates":[-75.20834,40.07639]}},{"type":"Feature","properties":{"stop_id":"90001","stop_name":"Cynwyd","stop_url":"","wheelchair_boarding":"1","feed_id":"Delaware__Southeastern_Pennsylvania_Transportation_Authority_(SEPTA)__mdb_mdb-503","agency_name":"SEPTA","route_count":1,"route_ids":"CYN","route_short_names":"CYN","route_types":"2","route_type_names":"Rail","routes_json":"[{\"route_id\":\"CYN\",\"route_short_name\":\"CYN\",\"route_long_name\":\"Cynwyd Line\",\"route_type\":\"2\",\"route_type_name\":\"Rail\",\"route_color\":\"4F758B\",\"route_text_color\":\"FFFFFF\"}]"},"geometry":{"type":"Point","coordinates":[-75.23167,40.00667]}},{"type":"Feature","properties":{"stop_id":"90507","stop_name":"Daylesford","stop_url":"","wheelchair_boarding":"2","feed_id":"Delaware__Southeastern_Pennsylvania_Transportation_Authority_(SEPTA)__mdb_mdb-503","agency_name":"SEPTA","route_count":1,"route_ids":"PAO","route_short_names":"PAO","route_types":"2","route_type_names":"Rail","routes_json":"[{\"route_id\":\"PAO\",\"route_short_name\":\"PAO\",\"route_long_name\":\"Paoli/Thorndale Line\",\"route_type\":\"2\",\"route_type_name\":\"Rail\",\"route_color\":\"4F758B\",\"route_text_color\":\"FFFFFF\"}]"},"geometry":{"type":"Point","coordinates":[-75.46056,40.04306]}},{"type":"Feature","properties":{"stop_id":"90217","stop_name":"Darby","stop_url":"","wheelchair_boarding":"2","feed_id":"Delaware__Southeastern_Pennsylvania_Transportation_Authority_(SEPTA)__mdb_mdb-503","agency_name":"SEPTA","route_count":1,"route_ids":"WIL","route_short_names":"WIL","route_types":"2","route_type_names":"Rail","routes_json":"[{\"route_id\":\"WIL\",\"route_short_name\":\"WIL\",\"route_long_name\":\"Wilmington/Newark Line\",\"route_type\":\"2\",\"route_type_name\":\"Rail\",\"route_color\":\"4F758B\",\"route_text_color\":\"FFFFFF\"}]"},"geometry":{"type":"Point","coordinates":[-75.25445,39.91306]}},{"type":"Feature","properties":{"stop_id":"90509","stop_name":"Devon","stop_url":"","wheelchair_boarding":"2","feed_id":"Delaware__Southeastern_Pennsylvania_Transportation_Authority_(SEPTA)__mdb_mdb-503","agency_name":"SEPTA","route_count":1,"route_ids":"PAO","route_short_names":"PAO","route_types":"2","route_type_names":"Rail","routes_json":"[{\"route_id\":\"PAO\",\"route_short_name\":\"PAO\",\"route_long_name\":\"Paoli/Thorndale Line\",\"route_type\":\"2\",\"route_type_name\":\"Rail\",\"route_color\":\"4F758B\",\"route_text_color\":\"FFFFFF\"}]"},"geometry":{"type":"Point","coordinates":[-75.42278,40.04722]}},{"type":"Feature","properties":{"stop_id":"90537","stop_name":"Delaware Valley University","stop_url":"","wheelchair_boarding":"1","feed_id":"Delaware__Southeastern_Pennsylvania_Transportation_Authority_(SEPTA)__mdb_mdb-503","agency_name":"SEPTA","route_count":1,"route_ids":"LAN","route_short_names":"LAN","route_types":"2","route_type_names":"Rail","routes_json":"[{\"route_id\":\"LAN\",\"route_short_name\":\"LAN\",\"route_long_name\":\"Lansdale/Doylestown Line\",\"route_type\":\"2\",\"route_type_name\":\"Rail\",\"route_color\":\"4F758B\",\"route_text_color\":\"FFFFFF\"}]"},"geometry":{"type":"Point","coordinates":[-75.16167,40.29722]}},{"type":"Feature","properties":{"stop_id":"90502","stop_name":"Downingtown","stop_url":"","wheelchair_boarding":"2","feed_id":"Delaware__Southeastern_Pennsylvania_Transportation_Authority_(SEPTA)__mdb_mdb-503","agency_name":"SEPTA","route_count":1,"route_ids":"PAO","route_short_names":"PAO","route_types":"2","route_type_names":"Rail","routes_json":"[{\"route_id\":\"PAO\",\"route_short_name\":\"PAO\",\"route_long_name\":\"Paoli/Thorndale Line\",\"route_type\":\"2\",\"route_type_name\":\"Rail\",\"route_color\":\"4F758B\",\"route_text_color\":\"FFFFFF\"}]"},"geometry":{"type":"Point","coordinates":[-75.71078,40.00219]}},{"type":"Feature","properties":{"stop_id":"90538","stop_name":"Doylestown","stop_url":"","wheelchair_boarding":"1","feed_id":"Delaware__Southeastern_Pennsylvania_Transportation_Authority_(SEPTA)__mdb_mdb-503","agency_name":"SEPTA","route_count":1,"route_ids":"LAN","route_short_names":"LAN","route_types":"2","route_type_names":"Rail","routes_json":"[{\"route_id\":\"LAN\",\"route_short_name\":\"LAN\",\"route_long_name\":\"Lansdale/Doylestown Line\",\"route_type\":\"2\",\"route_type_name\":\"Rail\",\"route_color\":\"4F758B\",\"route_text_color\":\"FFFFFF\"}]"},"geometry":{"type":"Point","coordinates":[-75.13028,40.30639]}},{"type":"Feature","properties":{"stop_id":"90705","stop_name":"Eddington","stop_url":"","wheelchair_boarding":"2","feed_id":"Delaware__Southeastern_Pennsylvania_Transportation_Authority_(SEPTA)__mdb_mdb-503","agency_name":"SEPTA","route_count":1,"route_ids":"TRE","route_short_names":"TRE","route_types":"2","route_type_names":"Rail","routes_json":"[{\"route_id\":\"TRE\",\"route_short_name\":\"TRE\",\"route_long_name\":\"Trenton Line\",\"route_type\":\"2\",\"route_type_name\":\"Rail\",\"route_color\":\"4F758B\",\"route_text_color\":\"FFFFFF\"}]"},"geometry":{"type":"Point","coordinates":[-74.93361,40.08306]}},{"type":"Feature","properties":{"stop_id":"90208","stop_name":"Eddystone","stop_url":"","wheelchair_boarding":"2","feed_id":"Delaware__Southeastern_Pennsylvania_Transportation_Authority_(SEPTA)__mdb_mdb-503","agency_name":"SEPTA","route_count":1,"route_ids":"WIL","route_short_names":"WIL","route_types":"2","route_type_names":"Rail","routes_json":"[{\"route_id\":\"WIL\",\"route_short_name\":\"WIL\",\"route_long_name\":\"Wilmington/Newark Line\",\"route_type\":\"2\",\"route_type_name\":\"Rail\",\"route_color\":\"4F758B\",\"route_text_color\":\"FFFFFF\"}]"},"geometry":{"type":"Point","coordinates":[-75.34222,39.85722]}},{"type":"Feature","properties":{"stop_id":"90219","stop_name":"East Falls","stop_url":"","wheelchair_boarding":"2","feed_id":"Delaware__Southeastern_Pennsylvania_Transportation_Authority_(SEPTA)__mdb_mdb-503","agency_name":"SEPTA","route_count":1,"route_ids":"NOR","route_short_names":"NOR","route_types":"2","route_type_names":"Rail","routes_json":"[{\"route_id\":\"NOR\",\"route_short_name\":\"NOR\",\"route_long_name\":\"Manayunk/Norristown Line\",\"route_type\":\"2\",\"route_type_name\":\"Rail\",\"route_color\":\"4F758B\",\"route_text_color\":\"FFFFFF\"}]"},"geometry":{"type":"Point","coordinates":[-75.19195,40.01139]}},{"type":"Feature","properties":{"stop_id":"90301","stop_name":"Elwyn","stop_url":"","wheelchair_boarding":"1","feed_id":"Delaware__Southeastern_Pennsylvania_Transportation_Authority_(SEPTA)__mdb_mdb-503","agency_name":"SEPTA","route_count":1,"route_ids":"MED","route_short_names":"MED","route_types":"2","route_type_names":"Rail","routes_json":"[{\"route_id\":\"MED\",\"route_short_name\":\"MED\",\"route_long_name\":\"Media/Wawa Line\",\"route_type\":\"2\",\"route_type_name\":\"Rail\",\"route_color\":\"4F758B\",\"route_text_color\":\"FFFFFF\"}]"},"geometry":{"type":"Point","coordinates":[-75.41167,39.9075]}},{"type":"Feature","properties":{"stop_id":"90409","stop_name":"Elkins Park","stop_url":"","wheelchair_boarding":"2","feed_id":"Delaware__Southeastern_Pennsylvania_Transportation_Authority_(SEPTA)__mdb_mdb-503","agency_name":"SEPTA","route_count":3,"route_ids":"LAN|WAR|WTR","route_short_names":"LAN|WAR|WTR","route_types":"2","route_type_names":"Rail","routes_json":"[{\"route_id\":\"LAN\",\"route_short_name\":\"LAN\",\"route_long_name\":\"Lansdale/Doylestown Line\",\"route_type\":\"2\",\"route_type_name\":\"Rail\",\"route_color\":\"4F758B\",\"route_text_color\":\"FFFFFF\"},{\"route_id\":\"WAR\",\"route_short_name\":\"WAR\",\"route_long_name\":\"Warminster Line\",\"route_type\":\"2\",\"route_type_name\":\"Rail\",\"route_color\":\"4F758B\",\"route_text_color\":\"FFFFFF\"},{\"route_id\":\"WTR\",\"route_short_name\":\"WTR\",\"route_long_name\":\"West Trenton Line\",\"route_type\":\"2\",\"route_type_name\":\"Rail\",\"route_color\":\"4F758B\",\"route_text_color\":\"FFFFFF\"}]"},"geometry":{"type":"Point","coordinates":[-75.12778,40.07139]}},{"type":"Feature","properties":{"stop_id":"90006","stop_name":"Jefferson Station","stop_url":"","wheelchair_boarding":"1","feed_id":"Delaware__Southeastern_Pennsylvania_Transportation_Authority_(SEPTA)__mdb_mdb-503","agency_name":"SEPTA","route_count":12,"route_ids":"AIR|CHE|CHW|FOX|LAN|MED|NOR|PAO|TRE|WAR|WIL|WTR","route_short_names":"AIR|CHE|CHW|FOX|LAN|MED|NOR|PAO|TRE|WAR|WIL|WTR","route_types":"2","route_type_names":"Rail","routes_json":"[{\"route_id\":\"AIR\",\"route_short_name\":\"AIR\",\"route_long_name\":\"Airport Line\",\"route_type\":\"2\",\"route_type_name\":\"Rail\",\"route_color\":\"4F758B\",\"route_text_color\":\"FFFFFF\"},{\"route_id\":\"CHE\",\"route_short_name\":\"CHE\",\"route_long_name\":\"Chestnut Hill East Line\",\"route_type\":\"2\",\"route_type_name\":\"Rail\",\"route_color\":\"4F758B\",\"route_text_color\":\"FFFFFF\"},{\"route_id\":\"CHW\",\"route_short_name\":\"CHW\",\"route_long_name\":\"Chestnut Hill West Line\",\"route_type\":\"2\",\"route_type_name\":\"Rail\",\"route_color\":\"4F758B\",\"route_text_color\":\"FFFFFF\"},{\"route_id\":\"FOX\",\"route_short_name\":\"FOX\",\"route_long_name\":\"Fox Chase Line\",\"route_type\":\"2\",\"route_type_name\":\"Rail\",\"route_color\":\"4F758B\",\"route_text_color\":\"FFFFFF\"},{\"route_id\":\"LAN\",\"route_short_name\":\"LAN\",\"route_long_name\":\"Lansdale/Doylestown Line\",\"route_type\":\"2\",\"route_type_name\":\"Rail\",\"route_color\":\"4F758B\",\"route_text_color\":\"FFFFFF\"},{\"route_id\":\"MED\",\"route_short_name\":\"MED\",\"route_long_name\":\"Media/Wawa Line\",\"route_type\":\"2\",\"route_type_name\":\"Rail\",\"route_color\":\"4F758B\",\"route_text_color\":\"FFFFFF\"},{\"route_id\":\"NOR\",\"route_short_name\":\"NOR\",\"route_long_name\":\"Manayunk/Norristown Line\",\"route_type\":\"2\",\"route_type_name\":\"Rail\",\"route_color\":\"4F758B\",\"route_text_color\":\"FFFFFF\"},{\"route_id\":\"PAO\",\"route_short_name\":\"PAO\",\"route_long_name\":\"Paoli/Thorndale Line\",\"route_type\":\"2\",\"route_type_name\":\"Rail\",\"route_color\":\"4F758B\",\"route_text_color\":\"FFFFFF\"},{\"route_id\":\"TRE\",\"route_short_name\":\"TRE\",\"route_long_name\":\"Trenton Line\",\"route_type\":\"2\",\"route_type_name\":\"Rail\",\"route_color\":\"4F758B\",\"route_text_color\":\"FFFFFF\"},{\"route_id\":\"WAR\",\"route_short_name\":\"WAR\",\"route_long_name\":\"Warminster Line\",\"route_type\":\"2\",\"route_type_name\":\"Rail\",\"route_color\":\"4F758B\",\"route_text_color\":\"FFFFFF\"},{\"route_id\":\"WIL\",\"route_short_name\":\"WIL\",\"route_long_name\":\"Wilmington/Newark Line\",\"route_type\":\"2\",\"route_type_name\":\"Rail\",\"route_color\":\"4F758B\",\"route_text_color\":\"FFFFFF\"},{\"route_id\":\"WTR\",\"route_short_name\":\"WTR\",\"route_long_name\":\"West Trenton Line\",\"route_type\":\"2\",\"route_type_name\":\"Rail\",\"route_color\":\"4F758B\",\"route_text_color\":\"FFFFFF\"}]"},"geometry":{"type":"Point","coordinates":[-75.15806,39.9525]}},{"type":"Feature","properties":{"stop_id":"90405","stop_name":"Eastwick","stop_url":"","wheelchair_boarding":"1","feed_id":"Delaware__Southeastern_Pennsylvania_Transportation_Authority_(SEPTA)__mdb_mdb-503","agency_name":"SEPTA","route_count":1,"route_ids":"AIR","route_short_names":"AIR","route_types":"2","route_type_names":"Rail","routes_json":"[{\"route_id\":\"AIR\",\"route_short_name\":\"AIR\",\"route_long_name\":\"Airport Line\",\"route_type\":\"2\",\"route_type_name\":\"Rail\",\"route_color\":\"4F758B\",\"route_text_color\":\"FFFFFF\"}]"},"geometry":{"type":"Point","coordinates":[-75.24389,39.89278]}},{"type":"Feature","properties":{"stop_id":"90504","stop_name":"Exton","stop_url":"","wheelchair_boarding":"1","feed_id":"Delaware__Southeastern_Pennsylvania_Transportation_Authority_(SEPTA)__mdb_mdb-503","agency_name":"SEPTA","route_count":1,"route_ids":"PAO","route_short_names":"PAO","route_types":"2","route_type_names":"Rail","routes_json":"[{\"route_id\":\"PAO\",\"route_short_name\":\"PAO\",\"route_long_name\":\"Paoli/Thorndale Line\",\"route_type\":\"2\",\"route_type_name\":\"Rail\",\"route_color\":\"4F758B\",\"route_text_color\":\"FFFFFF\"}]"},"geometry":{"type":"Point","coordinates":[-75.62171,40.01929]}},{"type":"Feature","properties":{"stop_id":"90815","stop_name":"Fox Chase","stop_url":"","wheelchair_boarding":"1","feed_id":"Delaware__Southeastern_Pennsylvania_Transportation_Authority_(SEPTA)__mdb_mdb-503","agency_name":"SEPTA","route_count":1,"route_ids":"FOX","route_short_names":"FOX","route_types":"2","route_type_names":"Rail","routes_json":"[{\"route_id\":\"FOX\",\"route_short_name\":\"FOX\",\"route_long_name\":\"Fox Chase Line\",\"route_type\":\"2\",\"route_type_name\":\"Rail\",\"route_color\":\"4F758B\",\"route_text_color\":\"FFFFFF\"}]"},"geometry":{"type":"Point","coordinates":[-75.08334,40.07639]}},{"type":"Feature","properties":{"stop_id":"90312","stop_name":"Fernwood-Yeadon","stop_url":"","wheelchair_boarding":"2","feed_id":"Delaware__Southeastern_Pennsylvania_Transportation_Authority_(SEPTA)__mdb_mdb-503","agency_name":"SEPTA","route_count":1,"route_ids":"MED","route_short_names":"MED","route_types":"2","route_type_names":"Rail","routes_json":"[{\"route_id\":\"MED\",\"route_short_name\":\"MED\",\"route_long_name\":\"Media/Wawa Line\",\"route_type\":\"2\",\"route_type_name\":\"Rail\",\"route_color\":\"4F758B\",\"route_text_color\":\"FFFFFF\"}]"},"geometry":{"type":"Point","coordinates":[-75.25584,39.93972]}},{"type":"Feature","properties":{"stop_id":"90214","stop_name":"Folcroft","stop_url":"","wheelchair_boarding":"2","feed_id":"Delaware__Southeastern_Pennsylvania_Transportation_Authority_(SEPTA)__mdb_mdb-503","agency_name":"SEPTA","route_count":1,"route_ids":"WIL","route_short_names":"WIL","route_types":"2","route_type_names":"Rail","routes_json":"[{\"route_id\":\"WIL\",\"route_short_name\":\"WIL\",\"route_long_name\":\"Wilmington/Newark Line\",\"route_type\":\"2\",\"route_type_name\":\"Rail\",\"route_color\":\"4F758B\",\"route_text_color\":\"FFFFFF\"}]"},"geometry":{"type":"Point","coordinates":[-75.27972,39.90055]}},{"type":"Feature","properties":{"stop_id":"90320","stop_name":"Forest Hills","stop_url":"","wheelchair_boarding":"1","feed_id":"Delaware__Southeastern_Pennsylvania_Transportation_Authority_(SEPTA)__mdb_mdb-503","agency_name":"SEPTA","route_count":1,"route_ids":"WTR","route_short_names":"WTR","route_types":"2","route_type_names":"Rail","routes_json":"[{\"route_id\":\"WTR\",\"route_short_name\":\"WTR\",\"route_long_name\":\"West Trenton Line\",\"route_type\":\"2\",\"route_type_name\":\"Rail\",\"route_color\":\"4F758B\",\"route_text_color\":\"FFFFFF\"}]"},"geometry":{"type":"Point","coordinates":[-75.02055,40.12778]}},{"type":"Feature","properties":{"stop_id":"90407","stop_name":"Fern Rock Transit Center","stop_url":"","wheelchair_boarding":"1","feed_id":"Delaware__Southeastern_Pennsylvania_Transportation_Authority_(SEPTA)__mdb_mdb-503","agency_name":"SEPTA","route_count":3,"route_ids":"LAN|WAR|WTR","route_short_names":"LAN|WAR|WTR","route_types":"2","route_type_names":"Rail","routes_json":"[{\"route_id\":\"LAN\",\"route_short_name\":\"LAN\",\"route_long_name\":\"Lansdale/Doylestown Line\",\"route_type\":\"2\",\"route_type_name\":\"Rail\",\"route_color\":\"4F758B\",\"route_text_color\":\"FFFFFF\"},{\"route_id\":\"WAR\",\"route_short_name\":\"WAR\",\"route_long_name\":\"Warminster Line\",\"route_type\":\"2\",\"route_type_name\":\"Rail\",\"route_color\":\"4F758B\",\"route_text_color\":\"FFFFFF\"},{\"route_id\":\"WTR\",\"route_short_name\":\"WTR\",\"route_long_name\":\"West Trenton Line\",\"route_type\":\"2\",\"route_type_name\":\"Rail\",\"route_color\":\"4F758B\",\"route_text_color\":\"FFFFFF\"}]"},"geometry":{"type":"Point","coordinates":[-75.13472,40.04055]}},{"type":"Feature","properties":{"stop_id":"90532","stop_name":"Fortuna","stop_url":"","wheelchair_boarding":"1","feed_id":"Delaware__Southeastern_Pennsylvania_Transportation_Authority_(SEPTA)__mdb_mdb-503","agency_name":"SEPTA","route_count":1,"route_ids":"LAN","route_short_names":"LAN","route_types":"2","route_type_names":"Rail","routes_json":"[{\"route_id\":\"LAN\",\"route_short_name\":\"LAN\",\"route_long_name\":\"Lansdale/Doylestown Line\",\"route_type\":\"2\",\"route_type_name\":\"Rail\",\"route_color\":\"4F758B\",\"route_text_color\":\"FFFFFF\"}]"},"geometry":{"type":"Point","coordinates":[-75.26611,40.25945]}},{"type":"Feature","properties":{"stop_id":"90525","stop_name":"Fort Washington","stop_url":"","wheelchair_boarding":"1","feed_id":"Delaware__Southeastern_Pennsylvania_Transportation_Authority_(SEPTA)__mdb_mdb-503","agency_name":"SEPTA","route_count":1,"route_ids":"LAN","route_short_names":"LAN","route_types":"2","route_type_names":"Rail","routes_json":"[{\"route_id\":\"LAN\",\"route_short_name\":\"LAN\",\"route_long_name\":\"Lansdale/Doylestown Line\",\"route_type\":\"2\",\"route_type_name\":\"Rail\",\"route_color\":\"4F758B\",\"route_text_color\":\"FFFFFF\"}]"},"geometry":{"type":"Point","coordinates":[-75.21222,40.13583]}},{"type":"Feature","properties":{"stop_id":"90713","stop_name":"Germantown","stop_url":"","wheelchair_boarding":"2","feed_id":"Delaware__Southeastern_Pennsylvania_Transportation_Authority_(SEPTA)__mdb_mdb-503","agency_name":"SEPTA","route_count":1,"route_ids":"CHE","route_short_names":"CHE","route_types":"2","route_type_names":"Rail","routes_json":"[{\"route_id\":\"CHE\",\"route_short_name\":\"CHE\",\"route_long_name\":\"Chestnut Hill East Line\",\"route_type\":\"2\",\"route_type_name\":\"Rail\",\"route_color\":\"4F758B\",\"route_text_color\":\"FFFFFF\"}]"},"geometry":{"type":"Point","coordinates":[-75.17167,40.0375]}},{"type":"Feature","properties":{"stop_id":"90310","stop_name":"Gladstone","stop_url":"","wheelchair_boarding":"2","feed_id":"Delaware__Southeastern_Pennsylvania_Transportation_Authority_(SEPTA)__mdb_mdb-503","agency_name":"SEPTA","route_count":1,"route_ids":"MED","route_short_names":"MED","route_types":"2","route_type_names":"Rail","routes_json":"[{\"route_id\":\"MED\",\"route_short_name\":\"MED\",\"route_long_name\":\"Media/Wawa Line\",\"route_type\":\"2\",\"route_type_name\":\"Rail\",\"route_color\":\"4F758B\",\"route_text_color\":\"FFFFFF\"}]"},"geometry":{"type":"Point","coordinates":[-75.28222,39.93278]}},{"type":"Feature","properties":{"stop_id":"90213","stop_name":"Glenolden","stop_url":"","wheelchair_boarding":"2","feed_id":"Delaware__Southeastern_Pennsylvania_Transportation_Authority_(SEPTA)__mdb_mdb-503","agency_name":"SEPTA","route_count":1,"route_ids":"WIL","route_short_names":"WIL","route_types":"2","route_type_names":"Rail","routes_json":"[{\"route_id\":\"WIL\",\"route_short_name\":\"WIL\",\"route_long_name\":\"Wilmington/Newark Line\",\"route_type\":\"2\",\"route_type_name\":\"Rail\",\"route_color\":\"4F758B\",\"route_text_color\":\"FFFFFF\"}]"},"geometry":{"type":"Point","coordinates":[-75.29,39.89639]}},{"type":"Feature","properties":{"stop_id":"90719","stop_name":"Gravers","stop_url":"","wheelchair_boarding":"2","feed_id":"Delaware__Southeastern_Pennsylvania_Transportation_Authority_(SEPTA)__mdb_mdb-503","agency_name":"SEPTA","route_count":1,"route_ids":"CHE","route_short_names":"CHE","route_types":"2","route_type_names":"Rail","routes_json":"[{\"route_id\":\"CHE\",\"route_short_name\":\"CHE\",\"route_long_name\":\"Chestnut Hill East Line\",\"route_type\":\"2\",\"route_type_name\":\"Rail\",\"route_color\":\"4F758B\",\"route_text_color\":\"FFFFFF\"}]"},"geometry":{"type":"Point","coordinates":[-75.20167,40.0775]}},{"type":"Feature","properties":{"stop_id":"90411","stop_name":"Glenside","stop_url":"","wheelchair_boarding":"2","feed_id":"Delaware__Southeastern_Pennsylvania_Transportation_Authority_(SEPTA)__mdb_mdb-503","agency_name":"SEPTA","route_count":2,"route_ids":"LAN|WAR","route_short_names":"LAN|WAR","route_types":"2","route_type_names":"Rail","routes_json":"[{\"route_id\":\"LAN\",\"route_short_name\":\"LAN\",\"route_long_name\":\"Lansdale/Doylestown Line\",\"route_type\":\"2\",\"route_type_name\":\"Rail\",\"route_color\":\"4F758B\",\"route_text_color\":\"FFFFFF\"},{\"route_id\":\"WAR\",\"route_short_name\":\"WAR\",\"route_long_name\":\"Warminster Line\",\"route_type\":\"2\",\"route_type_name\":\"Rail\",\"route_color\":\"4F758B\",\"route_text_color\":\"FFFFFF\"}]"},"geometry":{"type":"Point","coordinates":[-75.15361,40.10139]}},{"type":"Feature","properties":{"stop_id":"90528","stop_name":"Gwynedd Valley","stop_url":"","wheelchair_boarding":"2","feed_id":"Delaware__Southeastern_Pennsylvania_Transportation_Authority_(SEPTA)__mdb_mdb-503","agency_name":"SEPTA","route_count":1,"route_ids":"LAN","route_short_names":"LAN","route_types":"2","route_type_names":"Rail","routes_json":"[{\"route_id\":\"LAN\",\"route_short_name\":\"LAN\",\"route_long_name\":\"Lansdale/Doylestown Line\",\"route_type\":\"2\",\"route_type_name\":\"Rail\",\"route_color\":\"4F758B\",\"route_text_color\":\"FFFFFF\"}]"},"geometry":{"type":"Point","coordinates":[-75.25694,40.18472]}},{"type":"Feature","properties":{"stop_id":"90416","stop_name":"Hatboro","stop_url":"","wheelchair_boarding":"2","feed_id":"Delaware__Southeastern_Pennsylvania_Transportation_Authority_(SEPTA)__mdb_mdb-503","agency_name":"SEPTA","route_count":1,"route_ids":"WAR","route_short_names":"WAR","route_types":"2","route_type_names":"Rail","routes_json":"[{\"route_id\":\"WAR\",\"route_short_name\":\"WAR\",\"route_long_name\":\"Warminster Line\",\"route_type\":\"2\",\"route_type_name\":\"Rail\",\"route_color\":\"4F758B\",\"route_text_color\":\"FFFFFF\"}]"},"geometry":{"type":"Point","coordinates":[-75.1025,40.17611]}},{"type":"Feature","properties":{"stop_id":"90517","stop_name":"Haverford","stop_url":"","wheelchair_boarding":"2","feed_id":"Delaware__Southeastern_Pennsylvania_Transportation_Authority_(SEPTA)__mdb_mdb-503","agency_name":"SEPTA","route_count":1,"route_ids":"PAO","route_short_names":"PAO","route_types":"2","route_type_names":"Rail","routes_json":"[{\"route_id\":\"PAO\",\"route_short_name\":\"PAO\",\"route_long_name\":\"Paoli/Thorndale Line\",\"route_type\":\"2\",\"route_type_name\":\"Rail\",\"route_color\":\"4F758B\",\"route_text_color\":\"FFFFFF\"}]"},"geometry":{"type":"Point","coordinates":[-75.29972,40.01389]}},{"type":"Feature","properties":{"stop_id":"90206","stop_name":"Highland Av","stop_url":"","wheelchair_boarding":"2","feed_id":"Delaware__Southeastern_Pennsylvania_Transportation_Authority_(SEPTA)__mdb_mdb-503","agency_name":"SEPTA","route_count":1,"route_ids":"WIL","route_short_names":"WIL","route_types":"2","route_type_names":"Rail","routes_json":"[{\"route_id\":\"WIL\",\"route_short_name\":\"WIL\",\"route_long_name\":\"Wilmington/Newark Line\",\"route_type\":\"2\",\"route_type_name\":\"Rail\",\"route_color\":\"4F758B\",\"route_text_color\":\"FFFFFF\"}]"},"geometry":{"type":"Point","coordinates":[-75.39333,39.83361]}},{"type":"Feature","properties":{"stop_id":"90802","stop_name":"Highland","stop_url":"","wheelchair_boarding":"2","feed_id":"Delaware__Southeastern_Pennsylvania_Transportation_Authority_(SEPTA)__mdb_mdb-503","agency_name":"SEPTA","route_count":1,"route_ids":"CHW","route_short_names":"CHW","route_types":"2","route_type_names":"Rail","routes_json":"[{\"route_id\":\"CHW\",\"route_short_name\":\"CHW\",\"route_long_name\":\"Chestnut Hill West Line\",\"route_type\":\"2\",\"route_type_name\":\"Rail\",\"route_color\":\"4F758B\",\"route_text_color\":\"FFFFFF\"}]"},"geometry":{"type":"Point","coordinates":[-75.21111,40.07056]}},{"type":"Feature","properties":{"stop_id":"90708","stop_name":"Holmesburg Junction","stop_url":"","wheelchair_boarding":"2","feed_id":"Delaware__Southeastern_Pennsylvania_Transportation_Authority_(SEPTA)__mdb_mdb-503","agency_name":"SEPTA","route_count":1,"route_ids":"TRE","route_short_names":"TRE","route_types":"2","route_type_names":"Rail","routes_json":"[{\"route_id\":\"TRE\",\"route_short_name\":\"TRE\",\"route_long_name\":\"Trenton Line\",\"route_type\":\"2\",\"route_type_name\":\"Rail\",\"route_color\":\"4F758B\",\"route_text_color\":\"FFFFFF\"}]"},"geometry":{"type":"Point","coordinates":[-75.02361,40.03278]}},{"type":"Feature","properties":{"stop_id":"90222","stop_name":"Ivy Ridge","stop_url":"","wheelchair_boarding":"2","feed_id":"Delaware__Southeastern_Pennsylvania_Transportation_Authority_(SEPTA)__mdb_mdb-503","agency_name":"SEPTA","route_count":1,"route_ids":"NOR","route_short_names":"NOR","route_types":"2","route_type_names":"Rail","routes_json":"[{\"route_id\":\"NOR\",\"route_short_name\":\"NOR\",\"route_long_name\":\"Manayunk/Norristown Line\",\"route_type\":\"2\",\"route_type_name\":\"Rail\",\"route_color\":\"4F758B\",\"route_text_color\":\"FFFFFF\"}]"},"geometry":{"type":"Point","coordinates":[-75.23556,40.03417]}},{"type":"Feature","properties":{"stop_id":"90410","stop_name":"Jenkintown-Wyncote","stop_url":"","wheelchair_boarding":"2","feed_id":"Delaware__Southeastern_Pennsylvania_Transportation_Authority_(SEPTA)__mdb_mdb-503","agency_name":"SEPTA","route_count":3,"route_ids":"LAN|WAR|WTR","route_short_names":"LAN|WAR|WTR","route_types":"2","route_type_names":"Rail","routes_json":"[{\"route_id\":\"LAN\",\"route_short_name\":\"LAN\",\"route_long_name\":\"Lansdale/Doylestown Line\",\"route_type\":\"2\",\"route_type_name\":\"Rail\",\"route_color\":\"4F758B\",\"route_text_color\":\"FFFFFF\"},{\"route_id\":\"WAR\",\"route_short_name\":\"WAR\",\"route_long_name\":\"Warminster Line\",\"route_type\":\"2\",\"route_type_name\":\"Rail\",\"route_color\":\"4F758B\",\"route_text_color\":\"FFFFFF\"},{\"route_id\":\"WTR\",\"route_short_name\":\"WTR\",\"route_long_name\":\"West Trenton Line\",\"route_type\":\"2\",\"route_type_name\":\"Rail\",\"route_color\":\"4F758B\",\"route_text_color\":\"FFFFFF\"}]"},"geometry":{"type":"Point","coordinates":[-75.1375,40.09278]}},{"type":"Feature","properties":{"stop_id":"90531","stop_name":"Lansdale","stop_url":"","wheelchair_boarding":"1","feed_id":"Delaware__Southeastern_Pennsylvania_Transportation_Authority_(SEPTA)__mdb_mdb-503","agency_name":"SEPTA","route_count":1,"route_ids":"LAN","route_short_names":"LAN","route_types":"2","route_type_names":"Rail","routes_json":"[{\"route_id\":\"LAN\",\"route_short_name\":\"LAN\",\"route_long_name\":\"Lansdale/Doylestown Line\",\"route_type\":\"2\",\"route_type_name\":\"Rail\",\"route_color\":\"4F758B\",\"route_text_color\":\"FFFFFF\"}]"},"geometry":{"type":"Point","coordinates":[-75.285,40.24278]}},{"type":"Feature","properties":{"stop_id":"90324","stop_name":"Langhorne","stop_url":"","wheelchair_boarding":"2","feed_id":"Delaware__Southeastern_Pennsylvania_Transportation_Authority_(SEPTA)__mdb_mdb-503","agency_name":"SEPTA","route_count":1,"route_ids":"WTR","route_short_names":"WTR","route_types":"2","route_type_names":"Rail","routes_json":"[{\"route_id\":\"WTR\",\"route_short_name\":\"WTR\",\"route_long_name\":\"West Trenton Line\",\"route_type\":\"2\",\"route_type_name\":\"Rail\",\"route_color\":\"4F758B\",\"route_text_color\":\"FFFFFF\"}]"},"geometry":{"type":"Point","coordinates":[-74.9125,40.16083]}},{"type":"Feature","properties":{"stop_id":"90812","stop_name":"Lawndale","stop_url":"","wheelchair_boarding":"1","feed_id":"Delaware__Southeastern_Pennsylvania_Transportation_Authority_(SEPTA)__mdb_mdb-503","agency_name":"SEPTA","route_count":1,"route_ids":"FOX","route_short_names":"FOX","route_types":"2","route_type_names":"Rail","routes_json":"[{\"route_id\":\"FOX\",\"route_short_name\":\"FOX\",\"route_long_name\":\"Fox Chase Line\",\"route_type\":\"2\",\"route_type_name\":\"Rail\",\"route_color\":\"4F758B\",\"route_text_color\":\"FFFFFF\"}]"},"geometry":{"type":"Point","coordinates":[-75.10306,40.05139]}},{"type":"Feature","properties":{"stop_id":"90534","stop_name":"Link Belt","stop_url":"","wheelchair_boarding":"1","feed_id":"Delaware__Southeastern_Pennsylvania_Transportation_Authority_(SEPTA)__mdb_mdb-503","agency_name":"SEPTA","route_count":1,"route_ids":"LAN","route_short_names":"LAN","route_types":"2","route_type_names":"Rail","routes_json":"[{\"route_id\":\"LAN\",\"route_short_name\":\"LAN\",\"route_long_name\":\"Lansdale/Doylestown Line\",\"route_type\":\"2\",\"route_type_name\":\"Rail\",\"route_color\":\"4F758B\",\"route_text_color\":\"FFFFFF\"}]"},"geometry":{"type":"Point","coordinates":[-75.24667,40.27389]}},{"type":"Feature","properties":{"stop_id":"90311","stop_name":"Lansdowne","stop_url":"","wheelchair_boarding":"2","feed_id":"Delaware__Southeastern_Pennsylvania_Transportation_Authority_(SEPTA)__mdb_mdb-503","agency_name":"SEPTA","route_count":1,"route_ids":"MED","route_short_names":"MED","route_types":"2","route_type_names":"Rail","routes_json":"[{\"route_id\":\"MED\",\"route_short_name\":\"MED\",\"route_long_name\":\"Media/Wawa Line\",\"route_type\":\"2\",\"route_type_name\":\"Rail\",\"route_color\":\"4F758B\",\"route_text_color\":\"FFFFFF\"}]"},"geometry":{"type":"Point","coordinates":[-75.27084,39.9375]}},{"type":"Feature","properties":{"stop_id":"90702","stop_name":"Levittown","stop_url":"","wheelchair_boarding":"1","feed_id":"Delaware__Southeastern_Pennsylvania_Transportation_Authority_(SEPTA)__mdb_mdb-503","agency_name":"SEPTA","route_count":1,"route_ids":"TRE","route_short_names":"TRE","route_types":"2","route_type_names":"Rail","routes_json":"[{\"route_id\":\"TRE\",\"route_short_name\":\"TRE\",\"route_long_name\":\"Trenton Line\",\"route_type\":\"2\",\"route_type_name\":\"Rail\",\"route_color\":\"4F758B\",\"route_text_color\":\"FFFFFF\"}]"},"geometry":{"type":"Point","coordinates":[-74.81695,40.14028]}},{"type":"Feature","properties":{"stop_id":"90505","stop_name":"Malvern","stop_url":"","wheelchair_boarding":"2","feed_id":"Delaware__Southeastern_Pennsylvania_Transportation_Authority_(SEPTA)__mdb_mdb-503","agency_name":"SEPTA","route_count":1,"route_ids":"PAO","route_short_names":"PAO","route_types":"2","route_type_names":"Rail","routes_json":"[{\"route_id\":\"PAO\",\"route_short_name\":\"PAO\",\"route_long_name\":\"Paoli/Thorndale Line\",\"route_type\":\"2\",\"route_type_name\":\"Rail\",\"route_color\":\"4F758B\",\"route_text_color\":\"FFFFFF\"}]"},"geometry":{"type":"Point","coordinates":[-75.51556,40.03639]}},{"type":"Feature","properties":{"stop_id":"90221","stop_name":"Manayunk","stop_url":"","wheelchair_boarding":"2","feed_id":"Delaware__Southeastern_Pennsylvania_Transportation_Authority_(SEPTA)__mdb_mdb-503","agency_name":"SEPTA","route_count":1,"route_ids":"NOR","route_short_names":"NOR","route_types":"2","route_type_names":"Rail","routes_json":"[{\"route_id\":\"NOR\",\"route_short_name\":\"NOR\",\"route_long_name\":\"Manayunk/Norristown Line\",\"route_type\":\"2\",\"route_type_name\":\"Rail\",\"route_color\":\"4F758B\",\"route_text_color\":\"FFFFFF\"}]"},"geometry":{"type":"Point","coordinates":[-75.225,40.02694]}},{"type":"Feature","properties":{"stop_id":"90317","stop_name":"Meadowbrook","stop_url":"","wheelchair_boarding":"2","feed_id":"Delaware__Southeastern_Pennsylvania_Transportation_Authority_(SEPTA)__mdb_mdb-503","agency_name":"SEPTA","route_count":1,"route_ids":"WTR","route_short_names":"WTR","route_types":"2","route_type_names":"Rail","routes_json":"[{\"route_id\":\"WTR\",\"route_short_name\":\"WTR\",\"route_long_name\":\"West Trenton Line\",\"route_type\":\"2\",\"route_type_name\":\"Rail\",\"route_color\":\"4F758B\",\"route_text_color\":\"FFFFFF\"}]"},"geometry":{"type":"Point","coordinates":[-75.0925,40.11139]}},{"type":"Feature","properties":{"stop_id":"90302","stop_name":"Media","stop_url":"","wheelchair_boarding":"1","feed_id":"Delaware__Southeastern_Pennsylvania_Transportation_Authority_(SEPTA)__mdb_mdb-503","agency_name":"SEPTA","route_count":1,"route_ids":"MED","route_short_names":"MED","route_types":"2","route_type_names":"Rail","routes_json":"[{\"route_id\":\"MED\",\"route_short_name\":\"MED\",\"route_long_name\":\"Media/Wawa Line\",\"route_type\":\"2\",\"route_type_name\":\"Rail\",\"route_color\":\"4F758B\",\"route_text_color\":\"FFFFFF\"}]"},"geometry":{"type":"Point","coordinates":[-75.395,39.91444]}},{"type":"Feature","properties":{"stop_id":"90521","stop_name":"Merion","stop_url":"","wheelchair_boarding":"2","feed_id":"Delaware__Southeastern_Pennsylvania_Transportation_Authority_(SEPTA)__mdb_mdb-503","agency_name":"SEPTA","route_count":1,"route_ids":"PAO","route_short_names":"PAO","route_types":"2","route_type_names":"Rail","routes_json":"[{\"route_id\":\"PAO\",\"route_short_name\":\"PAO\",\"route_long_name\":\"Paoli/Thorndale Line\",\"route_type\":\"2\",\"route_type_name\":\"Rail\",\"route_color\":\"4F758B\",\"route_text_color\":\"FFFFFF\"}]"},"geometry":{"type":"Point","coordinates":[-75.25139,39.99861]}},{"type":"Feature","properties":{"stop_id":"90205","stop_name":"Marcus Hook","stop_url":"","wheelchair_boarding":"2","feed_id":"Delaware__Southeastern_Pennsylvania_Transportation_Authority_(SEPTA)__mdb_mdb-503","agency_name":"SEPTA","route_count":1,"route_ids":"WIL","route_short_names":"WIL","route_types":"2","route_type_names":"Rail","routes_json":"[{\"route_id\":\"WIL\",\"route_short_name\":\"WIL\",\"route_long_name\":\"Wilmington/Newark Line\",\"route_type\":\"2\",\"route_type_name\":\"Rail\",\"route_color\":\"4F758B\",\"route_text_color\":\"FFFFFF\"}]"},"geometry":{"type":"Point","coordinates":[-75.41944,39.82167]}},{"type":"Feature","properties":{"stop_id":"90223","stop_name":"Miquon","stop_url":"","wheelchair_boarding":"2","feed_id":"Delaware__Southeastern_Pennsylvania_Transportation_Authority_(SEPTA)__mdb_mdb-503","agency_name":"SEPTA","route_count":1,"route_ids":"NOR","route_short_names":"NOR","route_types":"2","route_type_names":"Rail","routes_json":"[{\"route_id\":\"NOR\",\"route_short_name\":\"NOR\",\"route_long_name\":\"Manayunk/Norristown Line\",\"route_type\":\"2\",\"route_type_name\":\"Rail\",\"route_color\":\"4F758B\",\"route_text_color\":\"FFFFFF\"}]"},"geometry":{"type":"Point","coordinates":[-75.26639,40.05861]}},{"type":"Feature","properties":{"stop_id":"90408","stop_name":"Melrose Park","stop_url":"","wheelchair_boarding":"1","feed_id":"Delaware__Southeastern_Pennsylvania_Transportation_Authority_(SEPTA)__mdb_mdb-503","agency_name":"SEPTA","route_count":3,"route_ids":"LAN|WAR|WTR","route_short_names":"LAN|WAR|WTR","route_types":"2","route_type_names":"Rail","routes_json":"[{\"route_id\":\"LAN\",\"route_short_name\":\"LAN\",\"route_long_name\":\"Lansdale/Doylestown Line\",\"route_type\":\"2\",\"route_type_name\":\"Rail\",\"route_color\":\"4F758B\",\"route_text_color\":\"FFFFFF\"},{\"route_id\":\"WAR\",\"route_short_name\":\"WAR\",\"route_long_name\":\"Warminster Line\",\"route_type\":\"2\",\"route_type_name\":\"Rail\",\"route_color\":\"4F758B\",\"route_text_color\":\"FFFFFF\"},{\"route_id\":\"WTR\",\"route_short_name\":\"WTR\",\"route_long_name\":\"West Trenton Line\",\"route_type\":\"2\",\"route_type_name\":\"Rail\",\"route_color\":\"4F758B\",\"route_text_color\":\"FFFFFF\"}]"},"geometry":{"type":"Point","coordinates":[-75.12917,40.05944]}},{"type":"Feature","properties":{"stop_id":"90227","stop_name":"Main St","stop_url":"","wheelchair_boarding":"2","feed_id":"Delaware__Southeastern_Pennsylvania_Transportation_Authority_(SEPTA)__mdb_mdb-503","agency_name":"SEPTA","route_count":1,"route_ids":"NOR","route_short_names":"NOR","route_types":"2","route_type_names":"Rail","routes_json":"[{\"route_id\":\"NOR\",\"route_short_name\":\"NOR\",\"route_long_name\":\"Manayunk/Norristown Line\",\"route_type\":\"2\",\"route_type_name\":\"Rail\",\"route_color\":\"4F758B\",\"route_text_color\":\"FFFFFF\"}]"},"geometry":{"type":"Point","coordinates":[-75.34861,40.11722]}},{"type":"Feature","properties":{"stop_id":"90306","stop_name":"Morton","stop_url":"","wheelchair_boarding":"1","feed_id":"Delaware__Southeastern_Pennsylvania_Transportation_Authority_(SEPTA)__mdb_mdb-503","agency_name":"SEPTA","route_count":1,"route_ids":"MED","route_short_names":"MED","route_types":"2","route_type_names":"Rail","routes_json":"[{\"route_id\":\"MED\",\"route_short_name\":\"MED\",\"route_long_name\":\"Media/Wawa Line\",\"route_type\":\"2\",\"route_type_name\":\"Rail\",\"route_color\":\"4F758B\",\"route_text_color\":\"FFFFFF\"}]"},"geometry":{"type":"Point","coordinates":[-75.32889,39.90778]}},{"type":"Feature","properties":{"stop_id":"90303","stop_name":"Moylan-Rose Valley","stop_url":"","wheelchair_boarding":"2","feed_id":"Delaware__Southeastern_Pennsylvania_Transportation_Authority_(SEPTA)__mdb_mdb-503","agency_name":"SEPTA","route_count":1,"route_ids":"MED","route_short_names":"MED","route_types":"2","route_type_names":"Rail","routes_json":"[{\"route_id\":\"MED\",\"route_short_name\":\"MED\",\"route_long_name\":\"Media/Wawa Line\",\"route_type\":\"2\",\"route_type_name\":\"Rail\",\"route_color\":\"4F758B\",\"route_text_color\":\"FFFFFF\"}]"},"geometry":{"type":"Point","coordinates":[-75.38861,39.90611]}},{"type":"Feature","properties":{"stop_id":"90717","stop_name":"Mount Airy","stop_url":"","wheelchair_boarding":"2","feed_id":"Delaware__Southeastern_Pennsylvania_Transportation_Authority_(SEPTA)__mdb_mdb-503","agency_name":"SEPTA","route_count":1,"route_ids":"CHE","route_short_names":"CHE","route_types":"2","route_type_names":"Rail","routes_json":"[{\"route_id\":\"CHE\",\"route_short_name\":\"CHE\",\"route_long_name\":\"Chestnut Hill East Line\",\"route_type\":\"2\",\"route_type_name\":\"Rail\",\"route_color\":\"4F758B\",\"route_text_color\":\"FFFFFF\"}]"},"geometry":{"type":"Point","coordinates":[-75.19083,40.06528]}},{"type":"Feature","properties":{"stop_id":"90008","stop_name":"North Broad","stop_url":"","wheelchair_boarding":"1","feed_id":"Delaware__Southeastern_Pennsylvania_Transportation_Authority_(SEPTA)__mdb_mdb-503","agency_name":"SEPTA","route_count":2,"route_ids":"LAN|NOR","route_short_names":"LAN|NOR","route_types":"2","route_type_names":"Rail","routes_json":"[{\"route_id\":\"LAN\",\"route_short_name\":\"LAN\",\"route_long_name\":\"Lansdale/Doylestown Line\",\"route_type\":\"2\",\"route_type_name\":\"Rail\",\"route_color\":\"4F758B\",\"route_text_color\":\"FFFFFF\"},{\"route_id\":\"NOR\",\"route_short_name\":\"NOR\",\"route_long_name\":\"Manayunk/Norristown Line\",\"route_type\":\"2\",\"route_type_name\":\"Rail\",\"route_color\":\"4F758B\",\"route_text_color\":\"FFFFFF\"}]"},"geometry":{"type":"Point","coordinates":[-75.15389,39.99222]}},{"type":"Feature","properties":{"stop_id":"90201","stop_name":"Newark DE","stop_url":"","wheelchair_boarding":"1","feed_id":"Delaware__Southeastern_Pennsylvania_Transportation_Authority_(SEPTA)__mdb_mdb-503","agency_name":"SEPTA","route_count":1,"route_ids":"WIL","route_short_names":"WIL","route_types":"2","route_type_names":"Rail","routes_json":"[{\"route_id\":\"WIL\",\"route_short_name\":\"WIL\",\"route_long_name\":\"Wilmington/Newark Line\",\"route_type\":\"2\",\"route_type_name\":\"Rail\",\"route_color\":\"4F758B\",\"route_text_color\":\"FFFFFF\"}]"},"geometry":{"type":"Point","coordinates":[-75.75351,39.66969]}},{"type":"Feature","properties":{"stop_id":"90315","stop_name":"Noble","stop_url":"","wheelchair_boarding":"2","feed_id":"Delaware__Southeastern_Pennsylvania_Transportation_Authority_(SEPTA)__mdb_mdb-503","agency_name":"SEPTA","route_count":1,"route_ids":"WTR","route_short_names":"WTR","route_types":"2","route_type_names":"Rail","routes_json":"[{\"route_id\":\"WTR\",\"route_short_name\":\"WTR\",\"route_long_name\":\"West Trenton Line\",\"route_type\":\"2\",\"route_type_name\":\"Rail\",\"route_color\":\"4F758B\",\"route_text_color\":\"FFFFFF\"}]"},"geometry":{"type":"Point","coordinates":[-75.12417,40.10444]}},{"type":"Feature","properties":{"stop_id":"90523","stop_name":"North Hills","stop_url":"","wheelchair_boarding":"2","feed_id":"Delaware__Southeastern_Pennsylvania_Transportation_Authority_(SEPTA)__mdb_mdb-503","agency_name":"SEPTA","route_count":1,"route_ids":"LAN","route_short_names":"LAN","route_types":"2","route_type_names":"Rail","routes_json":"[{\"route_id\":\"LAN\",\"route_short_name\":\"LAN\",\"route_long_name\":\"Lansdale/Doylestown Line\",\"route_type\":\"2\",\"route_type_name\":\"Rail\",\"route_color\":\"4F758B\",\"route_text_color\":\"FFFFFF\"}]"},"geometry":{"type":"Point","coordinates":[-75.16944,40.11195]}},{"type":"Feature","properties":{"stop_id":"90212","stop_name":"Norwood","stop_url":"","wheelchair_boarding":"2","feed_id":"Delaware__Southeastern_Pennsylvania_Transportation_Authority_(SEPTA)__mdb_mdb-503","agency_name":"SEPTA","route_count":1,"route_ids":"WIL","route_short_names":"WIL","route_types":"2","route_type_names":"Rail","routes_json":"[{\"route_id\":\"WIL\",\"route_short_name\":\"WIL\",\"route_long_name\":\"Wilmington/Newark Line\",\"route_type\":\"2\",\"route_type_name\":\"Rail\",\"route_color\":\"4F758B\",\"route_text_color\":\"FFFFFF\"}]"},"geometry":{"type":"Point","coordinates":[-75.30167,39.89167]}},{"type":"Feature","properties":{"stop_id":"90711","stop_name":"North Philadelphia Amtrak","stop_url":"","wheelchair_boarding":"2","feed_id":"Delaware__Southeastern_Pennsylvania_Transportation_Authority_(SEPTA)__mdb_mdb-503","agency_name":"SEPTA","route_count":1,"route_ids":"TRE","route_short_names":"TRE","route_types":"2","route_type_names":"Rail","routes_json":"[{\"route_id\":\"TRE\",\"route_short_name\":\"TRE\",\"route_long_name\":\"Trenton Line\",\"route_type\":\"2\",\"route_type_name\":\"Rail\",\"route_color\":\"4F758B\",\"route_text_color\":\"FFFFFF\"}]"},"geometry":{"type":"Point","coordinates":[-75.15511,39.99678]}},{"type":"Feature","properties":{"stop_id":"90810","stop_name":"North Philadelphia Septa","stop_url":"","wheelchair_boarding":"2","feed_id":"Delaware__Southeastern_Pennsylvania_Transportation_Authority_(SEPTA)__mdb_mdb-503","agency_name":"SEPTA","route_count":1,"route_ids":"CHW","route_short_names":"CHW","route_types":"2","route_type_names":"Rail","routes_json":"[{\"route_id\":\"CHW\",\"route_short_name\":\"CHW\",\"route_long_name\":\"Chestnut Hill West Line\",\"route_type\":\"2\",\"route_type_name\":\"Rail\",\"route_color\":\"4F758B\",\"route_text_color\":\"FFFFFF\"}]"},"geometry":{"type":"Point","coordinates":[-75.15639,39.99778]}},{"type":"Feature","properties":{"stop_id":"90520","stop_name":"Narberth","stop_url":"","wheelchair_boarding":"2","feed_id":"Delaware__Southeastern_Pennsylvania_Transportation_Authority_(SEPTA)__mdb_mdb-503","agency_name":"SEPTA","route_count":1,"route_ids":"PAO","route_short_names":"PAO","route_types":"2","route_type_names":"Rail","routes_json":"[{\"route_id\":\"PAO\",\"route_short_name\":\"PAO\",\"route_long_name\":\"Paoli/Thorndale Line\",\"route_type\":\"2\",\"route_type_name\":\"Rail\",\"route_color\":\"4F758B\",\"route_text_color\":\"FFFFFF\"}]"},"geometry":{"type":"Point","coordinates":[-75.26139,40.00472]}},{"type":"Feature","properties":{"stop_id":"90323","stop_name":"Neshaminy Falls","stop_url":"","wheelchair_boarding":"1","feed_id":"Delaware__Southeastern_Pennsylvania_Transportation_Authority_(SEPTA)__mdb_mdb-503","agency_name":"SEPTA","route_count":1,"route_ids":"WTR","route_short_names":"WTR","route_types":"2","route_type_names":"Rail","routes_json":"[{\"route_id\":\"WTR\",\"route_short_name\":\"WTR\",\"route_long_name\":\"West Trenton Line\",\"route_type\":\"2\",\"route_type_name\":\"Rail\",\"route_color\":\"4F758B\",\"route_text_color\":\"FFFFFF\"}]"},"geometry":{"type":"Point","coordinates":[-74.96167,40.14695]}},{"type":"Feature","properties":{"stop_id":"90228","stop_name":"Norristown Elm Street","stop_url":"","wheelchair_boarding":"1","feed_id":"Delaware__Southeastern_Pennsylvania_Transportation_Authority_(SEPTA)__mdb_mdb-503","agency_name":"SEPTA","route_count":1,"route_ids":"NOR","route_short_names":"NOR","route_types":"2","route_type_names":"Rail","routes_json":"[{\"route_id\":\"NOR\",\"route_short_name\":\"NOR\",\"route_long_name\":\"Manayunk/Norristown Line\",\"route_type\":\"2\",\"route_type_name\":\"Rail\",\"route_color\":\"4F758B\",\"route_text_color\":\"FFFFFF\"}]"},"geometry":{"type":"Point","coordinates":[-75.345,40.12083]}},{"type":"Feature","properties":{"stop_id":"90226","stop_name":"Norristown Transit Center","stop_url":"","wheelchair_boarding":"2","feed_id":"Delaware__Southeastern_Pennsylvania_Transportation_Authority_(SEPTA)__mdb_mdb-503","agency_name":"SEPTA","route_count":1,"route_ids":"NOR","route_short_names":"NOR","route_types":"2","route_type_names":"Rail","routes_json":"[{\"route_id\":\"NOR\",\"route_short_name\":\"NOR\",\"route_long_name\":\"Manayunk/Norristown Line\",\"route_type\":\"2\",\"route_type_name\":\"Rail\",\"route_color\":\"4F758B\",\"route_text_color\":\"FFFFFF\"}]"},"geometry":{"type":"Point","coordinates":[-75.34417,40.11278]}},{"type":"Feature","properties":{"stop_id":"90536","stop_name":"New Britain","stop_url":"","wheelchair_boarding":"1","feed_id":"Delaware__Southeastern_Pennsylvania_Transportation_Authority_(SEPTA)__mdb_mdb-503","agency_name":"SEPTA","route_count":1,"route_ids":"LAN","route_short_names":"LAN","route_types":"2","route_type_names":"Rail","routes_json":"[{\"route_id\":\"LAN\",\"route_short_name\":\"LAN\",\"route_long_name\":\"Lansdale/Doylestown Line\",\"route_type\":\"2\",\"route_type_name\":\"Rail\",\"route_color\":\"4F758B\",\"route_text_color\":\"FFFFFF\"}]"},"geometry":{"type":"Point","coordinates":[-75.17973,40.2975]}},{"type":"Feature","properties":{"stop_id":"90529","stop_name":"North Wales","stop_url":"","wheelchair_boarding":"1","feed_id":"Delaware__Southeastern_Pennsylvania_Transportation_Authority_(SEPTA)__mdb_mdb-503","agency_name":"SEPTA","route_count":1,"route_ids":"LAN","route_short_names":"LAN","route_types":"2","route_type_names":"Rail","routes_json":"[{\"route_id\":\"LAN\",\"route_short_name\":\"LAN\",\"route_long_name\":\"Lansdale/Doylestown Line\",\"route_type\":\"2\",\"route_type_name\":\"Rail\",\"route_color\":\"4F758B\",\"route_text_color\":\"FFFFFF\"}]"},"geometry":{"type":"Point","coordinates":[-75.27722,40.21417]}},{"type":"Feature","properties":{"stop_id":"90811","stop_name":"Olney","stop_url":"","wheelchair_boarding":"1","feed_id":"Delaware__Southeastern_Pennsylvania_Transportation_Authority_(SEPTA)__mdb_mdb-503","agency_name":"SEPTA","route_count":1,"route_ids":"FOX","route_short_names":"FOX","route_types":"2","route_type_names":"Rail","routes_json":"[{\"route_id\":\"FOX\",\"route_short_name\":\"FOX\",\"route_long_name\":\"Fox Chase Line\",\"route_type\":\"2\",\"route_type_name\":\"Rail\",\"route_color\":\"4F758B\",\"route_text_color\":\"FFFFFF\"}]"},"geometry":{"type":"Point","coordinates":[-75.12278,40.03333]}},{"type":"Feature","properties":{"stop_id":"90524","stop_name":"Oreland","stop_url":"","wheelchair_boarding":"2","feed_id":"Delaware__Southeastern_Pennsylvania_Transportation_Authority_(SEPTA)__mdb_mdb-503","agency_name":"SEPTA","route_count":1,"route_ids":"LAN","route_short_names":"LAN","route_types":"2","route_type_names":"Rail","routes_json":"[{\"route_id\":\"LAN\",\"route_short_name\":\"LAN\",\"route_long_name\":\"Lansdale/Doylestown Line\",\"route_type\":\"2\",\"route_type_name\":\"Rail\",\"route_color\":\"4F758B\",\"route_text_color\":\"FFFFFF\"}]"},"geometry":{"type":"Point","coordinates":[-75.18389,40.11833]}},{"type":"Feature","properties":{"stop_id":"90522","stop_name":"Overbrook","stop_url":"","wheelchair_boarding":"1","feed_id":"Delaware__Southeastern_Pennsylvania_Transportation_Authority_(SEPTA)__mdb_mdb-503","agency_name":"SEPTA","route_count":1,"route_ids":"PAO","route_short_names":"PAO","route_types":"2","route_type_names":"Rail","routes_json":"[{\"route_id\":\"PAO\",\"route_short_name\":\"PAO\",\"route_long_name\":\"Paoli/Thorndale Line\",\"route_type\":\"2\",\"route_type_name\":\"Rail\",\"route_color\":\"4F758B\",\"route_text_color\":\"FFFFFF\"}]"},"geometry":{"type":"Point","coordinates":[-75.24944,39.98944]}},{"type":"Feature","properties":{"stop_id":"90506","stop_name":"Paoli","stop_url":"","wheelchair_boarding":"1","feed_id":"Delaware__Southeastern_Pennsylvania_Transportation_Authority_(SEPTA)__mdb_mdb-503","agency_name":"SEPTA","route_count":1,"route_ids":"PAO","route_short_names":"PAO","route_types":"2","route_type_names":"Rail","routes_json":"[{\"route_id\":\"PAO\",\"route_short_name\":\"PAO\",\"route_long_name\":\"Paoli/Thorndale Line\",\"route_type\":\"2\",\"route_type_name\":\"Rail\",\"route_color\":\"4F758B\",\"route_text_color\":\"FFFFFF\"}]"},"geometry":{"type":"Point","coordinates":[-75.48376,40.04276]}},{"type":"Feature","properties":{"stop_id":"90530","stop_name":"Pennbrook","stop_url":"","wheelchair_boarding":"1","feed_id":"Delaware__Southeastern_Pennsylvania_Transportation_Authority_(SEPTA)__mdb_mdb-503","agency_name":"SEPTA","route_count":1,"route_ids":"LAN","route_short_names":"LAN","route_types":"2","route_type_names":"Rail","routes_json":"[{\"route_id\":\"LAN\",\"route_short_name\":\"LAN\",\"route_long_name\":\"Lansdale/Doylestown Line\",\"route_type\":\"2\",\"route_type_name\":\"Rail\",\"route_color\":\"4F758B\",\"route_text_color\":\"FFFFFF\"}]"},"geometry":{"type":"Point","coordinates":[-75.28167,40.23028]}},{"type":"Feature","properties":{"stop_id":"90319","stop_name":"Philmont","stop_url":"","wheelchair_boarding":"1","feed_id":"Delaware__Southeastern_Pennsylvania_Transportation_Authority_(SEPTA)__mdb_mdb-503","agency_name":"SEPTA","route_count":1,"route_ids":"WTR","route_short_names":"WTR","route_types":"2","route_type_names":"Rail","routes_json":"[{\"route_id\":\"WTR\",\"route_short_name\":\"WTR\",\"route_long_name\":\"West Trenton Line\",\"route_type\":\"2\",\"route_type_name\":\"Rail\",\"route_color\":\"4F758B\",\"route_text_color\":\"FFFFFF\"}]"},"geometry":{"type":"Point","coordinates":[-75.04361,40.12194]}},{"type":"Feature","properties":{"stop_id":"90527","stop_name":"Penllyn","stop_url":"","wheelchair_boarding":"2","feed_id":"Delaware__Southeastern_Pennsylvania_Transportation_Authority_(SEPTA)__mdb_mdb-503","agency_name":"SEPTA","route_count":1,"route_ids":"LAN","route_short_names":"LAN","route_types":"2","route_type_names":"Rail","routes_json":"[{\"route_id\":\"LAN\",\"route_short_name\":\"LAN\",\"route_long_name\":\"Lansdale/Doylestown Line\",\"route_type\":\"2\",\"route_type_name\":\"Rail\",\"route_color\":\"4F758B\",\"route_text_color\":\"FFFFFF\"}]"},"geometry":{"type":"Point","coordinates":[-75.24416,40.17]}},{"type":"Feature","properties":{"stop_id":"90308","stop_name":"Primos","stop_url":"","wheelchair_boarding":"1","feed_id":"Delaware__Southeastern_Pennsylvania_Transportation_Authority_(SEPTA)__mdb_mdb-503","agency_name":"SEPTA","route_count":1,"route_ids":"MED","route_short_names":"MED","route_types":"2","route_type_names":"Rail","routes_json":"[{\"route_id\":\"MED\",\"route_short_name\":\"MED\",\"route_long_name\":\"Media/Wawa Line\",\"route_type\":\"2\",\"route_type_name\":\"Rail\",\"route_color\":\"4F758B\",\"route_text_color\":\"FFFFFF\"}]"},"geometry":{"type":"Point","coordinates":[-75.29833,39.92167]}},{"type":"Feature","properties":{"stop_id":"90211","stop_name":"Prospect Park","stop_url":"","wheelchair_boarding":"2","feed_id":"Delaware__Southeastern_Pennsylvania_Transportation_Authority_(SEPTA)__mdb_mdb-503","agency_name":"SEPTA","route_count":1,"route_ids":"WIL","route_short_names":"WIL","route_types":"2","route_type_names":"Rail","routes_json":"[{\"route_id\":\"WIL\",\"route_short_name\":\"WIL\",\"route_long_name\":\"Wilmington/Newark Line\",\"route_type\":\"2\",\"route_type_name\":\"Rail\",\"route_color\":\"4F758B\",\"route_text_color\":\"FFFFFF\"}]"},"geometry":{"type":"Point","coordinates":[-75.30889,39.88833]}},{"type":"Feature","properties":{"stop_id":"90809","stop_name":"Queen Ln","stop_url":"","wheelchair_boarding":"1","feed_id":"Delaware__Southeastern_Pennsylvania_Transportation_Authority_(SEPTA)__mdb_mdb-503","agency_name":"SEPTA","route_count":1,"route_ids":"CHW","route_short_names":"CHW","route_types":"2","route_type_names":"Rail","routes_json":"[{\"route_id\":\"CHW\",\"route_short_name\":\"CHW\",\"route_long_name\":\"Chestnut Hill West Line\",\"route_type\":\"2\",\"route_type_name\":\"Rail\",\"route_color\":\"4F758B\",\"route_text_color\":\"FFFFFF\"}]"},"geometry":{"type":"Point","coordinates":[-75.17805,40.02333]}},{"type":"Feature","properties":{"stop_id":"90513","stop_name":"Radnor","stop_url":"","wheelchair_boarding":"1","feed_id":"Delaware__Southeastern_Pennsylvania_Transportation_Authority_(SEPTA)__mdb_mdb-503","agency_name":"SEPTA","route_count":1,"route_ids":"PAO","route_short_names":"PAO","route_types":"2","route_type_names":"Rail","routes_json":"[{\"route_id\":\"PAO\",\"route_short_name\":\"PAO\",\"route_long_name\":\"Paoli/Thorndale Line\",\"route_type\":\"2\",\"route_type_name\":\"Rail\",\"route_color\":\"4F758B\",\"route_text_color\":\"FFFFFF\"}]"},"geometry":{"type":"Point","coordinates":[-75.35889,40.04472]}},{"type":"Feature","properties":{"stop_id":"90210","stop_name":"Ridley Park","stop_url":"","wheelchair_boarding":"2","feed_id":"Delaware__Southeastern_Pennsylvania_Transportation_Authority_(SEPTA)__mdb_mdb-503","agency_name":"SEPTA","route_count":1,"route_ids":"WIL","route_short_names":"WIL","route_types":"2","route_type_names":"Rail","routes_json":"[{\"route_id\":\"WIL\",\"route_short_name\":\"WIL\",\"route_long_name\":\"Wilmington/Newark Line\",\"route_type\":\"2\",\"route_type_name\":\"Rail\",\"route_color\":\"4F758B\",\"route_text_color\":\"FFFFFF\"}]"},"geometry":{"type":"Point","coordinates":[-75.32222,39.88055]}},{"type":"Feature","properties":{"stop_id":"90515","stop_name":"Rosemont","stop_url":"","wheelchair_boarding":"2","feed_id":"Delaware__Southeastern_Pennsylvania_Transportation_Authority_(SEPTA)__mdb_mdb-503","agency_name":"SEPTA","route_count":1,"route_ids":"PAO","route_short_names":"PAO","route_types":"2","route_type_names":"Rail","routes_json":"[{\"route_id\":\"PAO\",\"route_short_name\":\"PAO\",\"route_long_name\":\"Paoli/Thorndale Line\",\"route_type\":\"2\",\"route_type_name\":\"Rail\",\"route_color\":\"4F758B\",\"route_text_color\":\"FFFFFF\"}]"},"geometry":{"type":"Point","coordinates":[-75.32667,40.02778]}},{"type":"Feature","properties":{"stop_id":"90413","stop_name":"Roslyn","stop_url":"","wheelchair_boarding":"1","feed_id":"Delaware__Southeastern_Pennsylvania_Transportation_Authority_(SEPTA)__mdb_mdb-503","agency_name":"SEPTA","route_count":1,"route_ids":"WAR","route_short_names":"WAR","route_types":"2","route_type_names":"Rail","routes_json":"[{\"route_id\":\"WAR\",\"route_short_name\":\"WAR\",\"route_long_name\":\"Warminster Line\",\"route_type\":\"2\",\"route_type_name\":\"Rail\",\"route_color\":\"4F758B\",\"route_text_color\":\"FFFFFF\"}]"},"geometry":{"type":"Point","coordinates":[-75.13416,40.12083]}},{"type":"Feature","properties":{"stop_id":"90316","stop_name":"Rydal","stop_url":"","wheelchair_boarding":"2","feed_id":"Delaware__Southeastern_Pennsylvania_Transportation_Authority_(SEPTA)__mdb_mdb-503","agency_name":"SEPTA","route_count":1,"route_ids":"WTR","route_short_names":"WTR","route_types":"2","route_type_names":"Rail","routes_json":"[{\"route_id\":\"WTR\",\"route_short_name\":\"WTR\",\"route_long_name\":\"West Trenton Line\",\"route_type\":\"2\",\"route_type_name\":\"Rail\",\"route_color\":\"4F758B\",\"route_text_color\":\"FFFFFF\"}]"},"geometry":{"type":"Point","coordinates":[-75.11056,40.1075]}},{"type":"Feature","properties":{"stop_id":"90814","stop_name":"Ryers","stop_url":"","wheelchair_boarding":"1","feed_id":"Delaware__Southeastern_Pennsylvania_Transportation_Authority_(SEPTA)__mdb_mdb-503","agency_name":"SEPTA","route_count":1,"route_ids":"FOX","route_short_names":"FOX","route_types":"2","route_type_names":"Rail","routes_json":"[{\"route_id\":\"FOX\",\"route_short_name\":\"FOX\",\"route_long_name\":\"Fox Chase Line\",\"route_type\":\"2\",\"route_type_name\":\"Rail\",\"route_color\":\"4F758B\",\"route_text_color\":\"FFFFFF\"}]"},"geometry":{"type":"Point","coordinates":[-75.08639,40.06417]}},{"type":"Feature","properties":{"stop_id":"90307","stop_name":"Secane","stop_url":"","wheelchair_boarding":"1","feed_id":"Delaware__Southeastern_Pennsylvania_Transportation_Authority_(SEPTA)__mdb_mdb-503","agency_name":"SEPTA","route_count":1,"route_ids":"MED","route_short_names":"MED","route_types":"2","route_type_names":"Rail","routes_json":"[{\"route_id\":\"MED\",\"route_short_name\":\"MED\",\"route_long_name\":\"Media/Wawa Line\",\"route_type\":\"2\",\"route_type_name\":\"Rail\",\"route_color\":\"4F758B\",\"route_text_color\":\"FFFFFF\"}]"},"geometry":{"type":"Point","coordinates":[-75.30972,39.91583]}},{"type":"Feature","properties":{"stop_id":"90716","stop_name":"Sedgwick","stop_url":"","wheelchair_boarding":"2","feed_id":"Delaware__Southeastern_Pennsylvania_Transportation_Authority_(SEPTA)__mdb_mdb-503","agency_name":"SEPTA","route_count":1,"route_ids":"CHE","route_short_names":"CHE","route_types":"2","route_type_names":"Rail","routes_json":"[{\"route_id\":\"CHE\",\"route_short_name\":\"CHE\",\"route_long_name\":\"Chestnut Hill East Line\",\"route_type\":\"2\",\"route_type_name\":\"Rail\",\"route_color\":\"4F758B\",\"route_text_color\":\"FFFFFF\"}]"},"geometry":{"type":"Point","coordinates":[-75.18528,40.06278]}},{"type":"Feature","properties":{"stop_id":"90215","stop_name":"Sharon Hill","stop_url":"","wheelchair_boarding":"2","feed_id":"Delaware__Southeastern_Pennsylvania_Transportation_Authority_(SEPTA)__mdb_mdb-503","agency_name":"SEPTA","route_count":1,"route_ids":"WIL","route_short_names":"WIL","route_types":"2","route_type_names":"Rail","routes_json":"[{\"route_id\":\"WIL\",\"route_short_name\":\"WIL\",\"route_long_name\":\"Wilmington/Newark Line\",\"route_type\":\"2\",\"route_type_name\":\"Rail\",\"route_color\":\"4F758B\",\"route_text_color\":\"FFFFFF\"}]"},"geometry":{"type":"Point","coordinates":[-75.27084,39.90445]}},{"type":"Feature","properties":{"stop_id":"90321","stop_name":"Somerton","stop_url":"","wheelchair_boarding":"1","feed_id":"Delaware__Southeastern_Pennsylvania_Transportation_Authority_(SEPTA)__mdb_mdb-503","agency_name":"SEPTA","route_count":1,"route_ids":"WTR","route_short_names":"WTR","route_types":"2","route_type_names":"Rail","routes_json":"[{\"route_id\":\"WTR\",\"route_short_name\":\"WTR\",\"route_long_name\":\"West Trenton Line\",\"route_type\":\"2\",\"route_type_name\":\"Rail\",\"route_color\":\"4F758B\",\"route_text_color\":\"FFFFFF\"}]"},"geometry":{"type":"Point","coordinates":[-75.01195,40.13055]}},{"type":"Feature","properties":{"stop_id":"90224","stop_name":"Spring Mill","stop_url":"","wheelchair_boarding":"1","feed_id":"Delaware__Southeastern_Pennsylvania_Transportation_Authority_(SEPTA)__mdb_mdb-503","agency_name":"SEPTA","route_count":1,"route_ids":"NOR","route_short_names":"NOR","route_types":"2","route_type_names":"Rail","routes_json":"[{\"route_id\":\"NOR\",\"route_short_name\":\"NOR\",\"route_long_name\":\"Manayunk/Norristown Line\",\"route_type\":\"2\",\"route_type_name\":\"Rail\",\"route_color\":\"4F758B\",\"route_text_color\":\"FFFFFF\"}]"},"geometry":{"type":"Point","coordinates":[-75.28611,40.07417]}},{"type":"Feature","properties":{"stop_id":"90005","stop_name":"Suburban Station","stop_url":"","wheelchair_boarding":"1","feed_id":"Delaware__Southeastern_Pennsylvania_Transportation_Authority_(SEPTA)__mdb_mdb-503","agency_name":"SEPTA","route_count":13,"route_ids":"AIR|CHE|CHW|CYN|FOX|LAN|MED|NOR|PAO|TRE|WAR|WIL|WTR","route_short_names":"AIR|CHE|CHW|CYN|FOX|LAN|MED|NOR|PAO|TRE|WAR|WIL|WTR","route_types":"2","route_type_names":"Rail","routes_json":"[{\"route_id\":\"AIR\",\"route_short_name\":\"AIR\",\"route_long_name\":\"Airport Line\",\"route_type\":\"2\",\"route_type_name\":\"Rail\",\"route_color\":\"4F758B\",\"route_text_color\":\"FFFFFF\"},{\"route_id\":\"CHE\",\"route_short_name\":\"CHE\",\"route_long_name\":\"Chestnut Hill East Line\",\"route_type\":\"2\",\"route_type_name\":\"Rail\",\"route_color\":\"4F758B\",\"route_text_color\":\"FFFFFF\"},{\"route_id\":\"CHW\",\"route_short_name\":\"CHW\",\"route_long_name\":\"Chestnut Hill West Line\",\"route_type\":\"2\",\"route_type_name\":\"Rail\",\"route_color\":\"4F758B\",\"route_text_color\":\"FFFFFF\"},{\"route_id\":\"CYN\",\"route_short_name\":\"CYN\",\"route_long_name\":\"Cynwyd Line\",\"route_type\":\"2\",\"route_type_name\":\"Rail\",\"route_color\":\"4F758B\",\"route_text_color\":\"FFFFFF\"},{\"route_id\":\"FOX\",\"route_short_name\":\"FOX\",\"route_long_name\":\"Fox Chase Line\",\"route_type\":\"2\",\"route_type_name\":\"Rail\",\"route_color\":\"4F758B\",\"route_text_color\":\"FFFFFF\"},{\"route_id\":\"LAN\",\"route_short_name\":\"LAN\",\"route_long_name\":\"Lansdale/Doylestown Line\",\"route_type\":\"2\",\"route_type_name\":\"Rail\",\"route_color\":\"4F758B\",\"route_text_color\":\"FFFFFF\"},{\"route_id\":\"MED\",\"route_short_name\":\"MED\",\"route_long_name\":\"Media/Wawa Line\",\"route_type\":\"2\",\"route_type_name\":\"Rail\",\"route_color\":\"4F758B\",\"route_text_color\":\"FFFFFF\"},{\"route_id\":\"NOR\",\"route_short_name\":\"NOR\",\"route_long_name\":\"Manayunk/Norristown Line\",\"route_type\":\"2\",\"route_type_name\":\"Rail\",\"route_color\":\"4F758B\",\"route_text_color\":\"FFFFFF\"},{\"route_id\":\"PAO\",\"route_short_name\":\"PAO\",\"route_long_name\":\"Paoli/Thorndale Line\",\"route_type\":\"2\",\"route_type_name\":\"Rail\",\"route_color\":\"4F758B\",\"route_text_color\":\"FFFFFF\"},{\"route_id\":\"TRE\",\"route_short_name\":\"TRE\",\"route_long_name\":\"Trenton Line\",\"route_type\":\"2\",\"route_type_name\":\"Rail\",\"route_color\":\"4F758B\",\"route_text_color\":\"FFFFFF\"},{\"route_id\":\"WAR\",\"route_short_name\":\"WAR\",\"route_long_name\":\"Warminster Line\",\"route_type\":\"2\",\"route_type_name\":\"Rail\",\"route_color\":\"4F758B\",\"route_text_color\":\"FFFFFF\"},{\"route_id\":\"WIL\",\"route_short_name\":\"WIL\",\"route_long_name\":\"Wilmington/Newark Line\",\"route_type\":\"2\",\"route_type_name\":\"Rail\",\"route_color\":\"4F758B\",\"route_text_color\":\"FFFFFF\"},{\"route_id\":\"WTR\",\"route_short_name\":\"WTR\",\"route_long_name\":\"West Trenton Line\",\"route_type\":\"2\",\"route_type_name\":\"Rail\",\"route_color\":\"4F758B\",\"route_text_color\":\"FFFFFF\"}]"},"geometry":{"type":"Point","coordinates":[-75.16778,39.95389]}},{"type":"Feature","properties":{"stop_id":"90512","stop_name":"St. Davids","stop_url":"","wheelchair_boarding":"2","feed_id":"Delaware__Southeastern_Pennsylvania_Transportation_Authority_(SEPTA)__mdb_mdb-503","agency_name":"SEPTA","route_count":1,"route_ids":"PAO","route_short_names":"PAO","route_types":"2","route_type_names":"Rail","routes_json":"[{\"route_id\":\"PAO\",\"route_short_name\":\"PAO\",\"route_long_name\":\"Paoli/Thorndale Line\",\"route_type\":\"2\",\"route_type_name\":\"Rail\",\"route_color\":\"4F758B\",\"route_text_color\":\"FFFFFF\"}]"},"geometry":{"type":"Point","coordinates":[-75.3725,40.04389]}},{"type":"Feature","properties":{"stop_id":"90510","stop_name":"Strafford","stop_url":"","wheelchair_boarding":"1","feed_id":"Delaware__Southeastern_Pennsylvania_Transportation_Authority_(SEPTA)__mdb_mdb-503","agency_name":"SEPTA","route_count":1,"route_ids":"PAO","route_short_names":"PAO","route_types":"2","route_type_names":"Rail","routes_json":"[{\"route_id\":\"PAO\",\"route_short_name\":\"PAO\",\"route_long_name\":\"Paoli/Thorndale Line\",\"route_type\":\"2\",\"route_type_name\":\"Rail\",\"route_color\":\"4F758B\",\"route_text_color\":\"FFFFFF\"}]"},"geometry":{"type":"Point","coordinates":[-75.40305,40.04945]}},{"type":"Feature","properties":{"stop_id":"90803","stop_name":"St. Martins","stop_url":"","wheelchair_boarding":"2","feed_id":"Delaware__Southeastern_Pennsylvania_Transportation_Authority_(SEPTA)__mdb_mdb-503","agency_name":"SEPTA","route_count":1,"route_ids":"CHW","route_short_names":"CHW","route_types":"2","route_type_names":"Rail","routes_json":"[{\"route_id\":\"CHW\",\"route_short_name\":\"CHW\",\"route_long_name\":\"Chestnut Hill West Line\",\"route_type\":\"2\",\"route_type_name\":\"Rail\",\"route_color\":\"4F758B\",\"route_text_color\":\"FFFFFF\"}]"},"geometry":{"type":"Point","coordinates":[-75.20444,40.06583]}},{"type":"Feature","properties":{"stop_id":"90715","stop_name":"Stenton","stop_url":"","wheelchair_boarding":"2","feed_id":"Delaware__Southeastern_Pennsylvania_Transportation_Authority_(SEPTA)__mdb_mdb-503","agency_name":"SEPTA","route_count":1,"route_ids":"CHE","route_short_names":"CHE","route_types":"2","route_type_names":"Rail","routes_json":"[{\"route_id\":\"CHE\",\"route_short_name\":\"CHE\",\"route_long_name\":\"Chestnut Hill East Line\",\"route_type\":\"2\",\"route_type_name\":\"Rail\",\"route_color\":\"4F758B\",\"route_text_color\":\"FFFFFF\"}]"},"geometry":{"type":"Point","coordinates":[-75.17861,40.06055]}},{"type":"Feature","properties":{"stop_id":"90305","stop_name":"Swarthmore","stop_url":"","wheelchair_boarding":"1","feed_id":"Delaware__Southeastern_Pennsylvania_Transportation_Authority_(SEPTA)__mdb_mdb-503","agency_name":"SEPTA","route_count":1,"route_ids":"MED","route_short_names":"MED","route_types":"2","route_type_names":"Rail","routes_json":"[{\"route_id\":\"MED\",\"route_short_name\":\"MED\",\"route_long_name\":\"Media/Wawa Line\",\"route_type\":\"2\",\"route_type_name\":\"Rail\",\"route_color\":\"4F758B\",\"route_text_color\":\"FFFFFF\"}]"},"geometry":{"type":"Point","coordinates":[-75.35083,39.90222]}},{"type":"Feature","properties":{"stop_id":"90709","stop_name":"Tacony","stop_url":"","wheelchair_boarding":"2","feed_id":"Delaware__Southeastern_Pennsylvania_Transportation_Authority_(SEPTA)__mdb_mdb-503","agency_name":"SEPTA","route_count":1,"route_ids":"TRE","route_short_names":"TRE","route_types":"2","route_type_names":"Rail","routes_json":"[{\"route_id\":\"TRE\",\"route_short_name\":\"TRE\",\"route_long_name\":\"Trenton Line\",\"route_type\":\"2\",\"route_type_name\":\"Rail\",\"route_color\":\"4F758B\",\"route_text_color\":\"FFFFFF\"}]"},"geometry":{"type":"Point","coordinates":[-75.03889,40.02333]}},{"type":"Feature","properties":{"stop_id":"90501","stop_name":"Thorndale","stop_url":"","wheelchair_boarding":"1","feed_id":"Delaware__Southeastern_Pennsylvania_Transportation_Authority_(SEPTA)__mdb_mdb-503","agency_name":"SEPTA","route_count":1,"route_ids":"PAO","route_short_names":"PAO","route_types":"2","route_type_names":"Rail","routes_json":"[{\"route_id\":\"PAO\",\"route_short_name\":\"PAO\",\"route_long_name\":\"Paoli/Thorndale Line\",\"route_type\":\"2\",\"route_type_name\":\"Rail\",\"route_color\":\"4F758B\",\"route_text_color\":\"FFFFFF\"}]"},"geometry":{"type":"Point","coordinates":[-75.76361,39.99278]}},{"type":"Feature","properties":{"stop_id":"90707","stop_name":"Torresdale","stop_url":"","wheelchair_boarding":"2","feed_id":"Delaware__Southeastern_Pennsylvania_Transportation_Authority_(SEPTA)__mdb_mdb-503","agency_name":"SEPTA","route_count":1,"route_ids":"TRE","route_short_names":"TRE","route_types":"2","route_type_names":"Rail","routes_json":"[{\"route_id\":\"TRE\",\"route_short_name\":\"TRE\",\"route_long_name\":\"Trenton Line\",\"route_type\":\"2\",\"route_type_name\":\"Rail\",\"route_color\":\"4F758B\",\"route_text_color\":\"FFFFFF\"}]"},"geometry":{"type":"Point","coordinates":[-74.98444,40.05444]}},{"type":"Feature","properties":{"stop_id":"90701","stop_name":"Trenton Transit Center","stop_url":"","wheelchair_boarding":"1","feed_id":"Delaware__Southeastern_Pennsylvania_Transportation_Authority_(SEPTA)__mdb_mdb-503","agency_name":"SEPTA","route_count":1,"route_ids":"TRE","route_short_names":"TRE","route_types":"2","route_type_names":"Rail","routes_json":"[{\"route_id\":\"TRE\",\"route_short_name\":\"TRE\",\"route_long_name\":\"Trenton Line\",\"route_type\":\"2\",\"route_type_name\":\"Rail\",\"route_color\":\"4F758B\",\"route_text_color\":\"FFFFFF\"}]"},"geometry":{"type":"Point","coordinates":[-74.75393,40.21851]}},{"type":"Feature","properties":{"stop_id":"90322","stop_name":"Trevose","stop_url":"","wheelchair_boarding":"1","feed_id":"Delaware__Southeastern_Pennsylvania_Transportation_Authority_(SEPTA)__mdb_mdb-503","agency_name":"SEPTA","route_count":1,"route_ids":"WTR","route_short_names":"WTR","route_types":"2","route_type_names":"Rail","routes_json":"[{\"route_id\":\"WTR\",\"route_short_name\":\"WTR\",\"route_long_name\":\"West Trenton Line\",\"route_type\":\"2\",\"route_type_name\":\"Rail\",\"route_color\":\"4F758B\",\"route_text_color\":\"FFFFFF\"}]"},"geometry":{"type":"Point","coordinates":[-74.9825,40.14028]}},{"type":"Feature","properties":{"stop_id":"90007","stop_name":"Temple University","stop_url":"","wheelchair_boarding":"1","feed_id":"Delaware__Southeastern_Pennsylvania_Transportation_Authority_(SEPTA)__mdb_mdb-503","agency_name":"SEPTA","route_count":12,"route_ids":"AIR|CHE|CHW|FOX|LAN|MED|NOR|PAO|TRE|WAR|WIL|WTR","route_short_names":"AIR|CHE|CHW|FOX|LAN|MED|NOR|PAO|TRE|WAR|WIL|WTR","route_types":"2","route_type_names":"Rail","routes_json":"[{\"route_id\":\"AIR\",\"route_short_name\":\"AIR\",\"route_long_name\":\"Airport Line\",\"route_type\":\"2\",\"route_type_name\":\"Rail\",\"route_color\":\"4F758B\",\"route_text_color\":\"FFFFFF\"},{\"route_id\":\"CHE\",\"route_short_name\":\"CHE\",\"route_long_name\":\"Chestnut Hill East Line\",\"route_type\":\"2\",\"route_type_name\":\"Rail\",\"route_color\":\"4F758B\",\"route_text_color\":\"FFFFFF\"},{\"route_id\":\"CHW\",\"route_short_name\":\"CHW\",\"route_long_name\":\"Chestnut Hill West Line\",\"route_type\":\"2\",\"route_type_name\":\"Rail\",\"route_color\":\"4F758B\",\"route_text_color\":\"FFFFFF\"},{\"route_id\":\"FOX\",\"route_short_name\":\"FOX\",\"route_long_name\":\"Fox Chase Line\",\"route_type\":\"2\",\"route_type_name\":\"Rail\",\"route_color\":\"4F758B\",\"route_text_color\":\"FFFFFF\"},{\"route_id\":\"LAN\",\"route_short_name\":\"LAN\",\"route_long_name\":\"Lansdale/Doylestown Line\",\"route_type\":\"2\",\"route_type_name\":\"Rail\",\"route_color\":\"4F758B\",\"route_text_color\":\"FFFFFF\"},{\"route_id\":\"MED\",\"route_short_name\":\"MED\",\"route_long_name\":\"Media/Wawa Line\",\"route_type\":\"2\",\"route_type_name\":\"Rail\",\"route_color\":\"4F758B\",\"route_text_color\":\"FFFFFF\"},{\"route_id\":\"NOR\",\"route_short_name\":\"NOR\",\"route_long_name\":\"Manayunk/Norristown Line\",\"route_type\":\"2\",\"route_type_name\":\"Rail\",\"route_color\":\"4F758B\",\"route_text_color\":\"FFFFFF\"},{\"route_id\":\"PAO\",\"route_short_name\":\"PAO\",\"route_long_name\":\"Paoli/Thorndale Line\",\"route_type\":\"2\",\"route_type_name\":\"Rail\",\"route_color\":\"4F758B\",\"route_text_color\":\"FFFFFF\"},{\"route_id\":\"TRE\",\"route_short_name\":\"TRE\",\"route_long_name\":\"Trenton Line\",\"route_type\":\"2\",\"route_type_name\":\"Rail\",\"route_color\":\"4F758B\",\"route_text_color\":\"FFFFFF\"},{\"route_id\":\"WAR\",\"route_short_name\":\"WAR\",\"route_long_name\":\"Warminster Line\",\"route_type\":\"2\",\"route_type_name\":\"Rail\",\"route_color\":\"4F758B\",\"route_text_color\":\"FFFFFF\"},{\"route_id\":\"WIL\",\"route_short_name\":\"WIL\",\"route_long_name\":\"Wilmington/Newark Line\",\"route_type\":\"2\",\"route_type_name\":\"Rail\",\"route_color\":\"4F758B\",\"route_text_color\":\"FFFFFF\"},{\"route_id\":\"WTR\",\"route_short_name\":\"WTR\",\"route_long_name\":\"West Trenton Line\",\"route_type\":\"2\",\"route_type_name\":\"Rail\",\"route_color\":\"4F758B\",\"route_text_color\":\"FFFFFF\"}]"},"geometry":{"type":"Point","coordinates":[-75.14944,39.98139]}},{"type":"Feature","properties":{"stop_id":"90807","stop_name":"Tulpehocken","stop_url":"","wheelchair_boarding":"2","feed_id":"Delaware__Southeastern_Pennsylvania_Transportation_Authority_(SEPTA)__mdb_mdb-503","agency_name":"SEPTA","route_count":1,"route_ids":"CHW","route_short_names":"CHW","route_types":"2","route_type_names":"Rail","routes_json":"[{\"route_id\":\"CHW\",\"route_short_name\":\"CHW\",\"route_long_name\":\"Chestnut Hill West Line\",\"route_type\":\"2\",\"route_type_name\":\"Rail\",\"route_color\":\"4F758B\",\"route_text_color\":\"FFFFFF\"}]"},"geometry":{"type":"Point","coordinates":[-75.18694,40.03528]}},{"type":"Feature","properties":{"stop_id":"90406","stop_name":"Penn Medicine Station","stop_url":"","wheelchair_boarding":"1","feed_id":"Delaware__Southeastern_Pennsylvania_Transportation_Authority_(SEPTA)__mdb_mdb-503","agency_name":"SEPTA","route_count":5,"route_ids":"AIR|LAN|MED|NOR|WIL","route_short_names":"AIR|LAN|MED|NOR|WIL","route_types":"2","route_type_names":"Rail","routes_json":"[{\"route_id\":\"AIR\",\"route_short_name\":\"AIR\",\"route_long_name\":\"Airport Line\",\"route_type\":\"2\",\"route_type_name\":\"Rail\",\"route_color\":\"4F758B\",\"route_text_color\":\"FFFFFF\"},{\"route_id\":\"LAN\",\"route_short_name\":\"LAN\",\"route_long_name\":\"Lansdale/Doylestown Line\",\"route_type\":\"2\",\"route_type_name\":\"Rail\",\"route_color\":\"4F758B\",\"route_text_color\":\"FFFFFF\"},{\"route_id\":\"MED\",\"route_short_name\":\"MED\",\"route_long_name\":\"Media/Wawa Line\",\"route_type\":\"2\",\"route_type_name\":\"Rail\",\"route_color\":\"4F758B\",\"route_text_color\":\"FFFFFF\"},{\"route_id\":\"NOR\",\"route_short_name\":\"NOR\",\"route_long_name\":\"Manayunk/Norristown Line\",\"route_type\":\"2\",\"route_type_name\":\"Rail\",\"route_color\":\"4F758B\",\"route_text_color\":\"FFFFFF\"},{\"route_id\":\"WIL\",\"route_short_name\":\"WIL\",\"route_long_name\":\"Wilmington/Newark Line\",\"route_type\":\"2\",\"route_type_name\":\"Rail\",\"route_color\":\"4F758B\",\"route_text_color\":\"FFFFFF\"}]"},"geometry":{"type":"Point","coordinates":[-75.19028,39.94806]}},{"type":"Feature","properties":{"stop_id":"90806","stop_name":"Upsal","stop_url":"","wheelchair_boarding":"2","feed_id":"Delaware__Southeastern_Pennsylvania_Transportation_Authority_(SEPTA)__mdb_mdb-503","agency_name":"SEPTA","route_count":1,"route_ids":"CHW","route_short_names":"CHW","route_types":"2","route_type_names":"Rail","routes_json":"[{\"route_id\":\"CHW\",\"route_short_name\":\"CHW\",\"route_long_name\":\"Chestnut Hill West Line\",\"route_type\":\"2\",\"route_type_name\":\"Rail\",\"route_color\":\"4F758B\",\"route_text_color\":\"FFFFFF\"}]"},"geometry":{"type":"Point","coordinates":[-75.19,40.0425]}},{"type":"Feature","properties":{"stop_id":"90514","stop_name":"Villanova","stop_url":"","wheelchair_boarding":"2","feed_id":"Delaware__Southeastern_Pennsylvania_Transportation_Authority_(SEPTA)__mdb_mdb-503","agency_name":"SEPTA","route_count":1,"route_ids":"PAO","route_short_names":"PAO","route_types":"2","route_type_names":"Rail","routes_json":"[{\"route_id\":\"PAO\",\"route_short_name\":\"PAO\",\"route_long_name\":\"Paoli/Thorndale Line\",\"route_type\":\"2\",\"route_type_name\":\"Rail\",\"route_color\":\"4F758B\",\"route_text_color\":\"FFFFFF\"}]"},"geometry":{"type":"Point","coordinates":[-75.34167,40.03833]}},{"type":"Feature","properties":{"stop_id":"90714","stop_name":"Washington Ln","stop_url":"","wheelchair_boarding":"2","feed_id":"Delaware__Southeastern_Pennsylvania_Transportation_Authority_(SEPTA)__mdb_mdb-503","agency_name":"SEPTA","route_count":1,"route_ids":"CHE","route_short_names":"CHE","route_types":"2","route_type_names":"Rail","routes_json":"[{\"route_id\":\"CHE\",\"route_short_name\":\"CHE\",\"route_long_name\":\"Chestnut Hill East Line\",\"route_type\":\"2\",\"route_type_name\":\"Rail\",\"route_color\":\"4F758B\",\"route_text_color\":\"FFFFFF\"}]"},"geometry":{"type":"Point","coordinates":[-75.17139,40.05083]}},{"type":"Feature","properties":{"stop_id":"90304","stop_name":"Wallingford","stop_url":"","wheelchair_boarding":"2","feed_id":"Delaware__Southeastern_Pennsylvania_Transportation_Authority_(SEPTA)__mdb_mdb-503","agency_name":"SEPTA","route_count":1,"route_ids":"MED","route_short_names":"MED","route_types":"2","route_type_names":"Rail","routes_json":"[{\"route_id\":\"MED\",\"route_short_name\":\"MED\",\"route_long_name\":\"Media/Wawa Line\",\"route_type\":\"2\",\"route_type_name\":\"Rail\",\"route_color\":\"4F758B\",\"route_text_color\":\"FFFFFF\"}]"},"geometry":{"type":"Point","coordinates":[-75.37194,39.90361]}},{"type":"Feature","properties":{"stop_id":"90300","stop_name":"Wawa","stop_url":"","wheelchair_boarding":"1","feed_id":"Delaware__Southeastern_Pennsylvania_Transportation_Authority_(SEPTA)__mdb_mdb-503","agency_name":"SEPTA","route_count":1,"route_ids":"MED","route_short_names":"MED","route_types":"2","route_type_names":"Rail","routes_json":"[{\"route_id\":\"MED\",\"route_short_name\":\"MED\",\"route_long_name\":\"Media/Wawa Line\",\"route_type\":\"2\",\"route_type_name\":\"Rail\",\"route_color\":\"4F758B\",\"route_text_color\":\"FFFFFF\"}]"},"geometry":{"type":"Point","coordinates":[-75.45856,39.90068]}},{"type":"Feature","properties":{"stop_id":"90511","stop_name":"Wayne","stop_url":"","wheelchair_boarding":"1","feed_id":"Delaware__Southeastern_Pennsylvania_Transportation_Authority_(SEPTA)__mdb_mdb-503","agency_name":"SEPTA","route_count":1,"route_ids":"PAO","route_short_names":"PAO","route_types":"2","route_type_names":"Rail","routes_json":"[{\"route_id\":\"PAO\",\"route_short_name\":\"PAO\",\"route_long_name\":\"Paoli/Thorndale Line\",\"route_type\":\"2\",\"route_type_name\":\"Rail\",\"route_color\":\"4F758B\",\"route_text_color\":\"FFFFFF\"}]"},"geometry":{"type":"Point","coordinates":[-75.38667,40.04583]}},{"type":"Feature","properties":{"stop_id":"90325","stop_name":"Woodbourne","stop_url":"","wheelchair_boarding":"2","feed_id":"Delaware__Southeastern_Pennsylvania_Transportation_Authority_(SEPTA)__mdb_mdb-503","agency_name":"SEPTA","route_count":1,"route_ids":"WTR","route_short_names":"WTR","route_types":"2","route_type_names":"Rail","routes_json":"[{\"route_id\":\"WTR\",\"route_short_name\":\"WTR\",\"route_long_name\":\"West Trenton Line\",\"route_type\":\"2\",\"route_type_name\":\"Rail\",\"route_color\":\"4F758B\",\"route_text_color\":\"FFFFFF\"}]"},"geometry":{"type":"Point","coordinates":[-74.88917,40.1925]}},{"type":"Feature","properties":{"stop_id":"90203","stop_name":"Wilmington","stop_url":"","wheelchair_boarding":"1","feed_id":"Delaware__Southeastern_Pennsylvania_Transportation_Authority_(SEPTA)__mdb_mdb-503","agency_name":"SEPTA","route_count":1,"route_ids":"WIL","route_short_names":"WIL","route_types":"2","route_type_names":"Rail","routes_json":"[{\"route_id\":\"WIL\",\"route_short_name\":\"WIL\",\"route_long_name\":\"Wilmington/Newark Line\",\"route_type\":\"2\",\"route_type_name\":\"Rail\",\"route_color\":\"4F758B\",\"route_text_color\":\"FFFFFF\"}]"},"geometry":{"type":"Point","coordinates":[-75.55109,39.73726]}},{"type":"Feature","properties":{"stop_id":"90503","stop_name":"Whitford","stop_url":"","wheelchair_boarding":"2","feed_id":"Delaware__Southeastern_Pennsylvania_Transportation_Authority_(SEPTA)__mdb_mdb-503","agency_name":"SEPTA","route_count":1,"route_ids":"PAO","route_short_names":"PAO","route_types":"2","route_type_names":"Rail","routes_json":"[{\"route_id\":\"PAO\",\"route_short_name\":\"PAO\",\"route_long_name\":\"Paoli/Thorndale Line\",\"route_type\":\"2\",\"route_type_name\":\"Rail\",\"route_color\":\"4F758B\",\"route_text_color\":\"FFFFFF\"}]"},"geometry":{"type":"Point","coordinates":[-75.63805,40.01472]}},{"type":"Feature","properties":{"stop_id":"90712","stop_name":"Wister","stop_url":"","wheelchair_boarding":"2","feed_id":"Delaware__Southeastern_Pennsylvania_Transportation_Authority_(SEPTA)__mdb_mdb-503","agency_name":"SEPTA","route_count":1,"route_ids":"CHE","route_short_names":"CHE","route_types":"2","route_type_names":"Rail","routes_json":"[{\"route_id\":\"CHE\",\"route_short_name\":\"CHE\",\"route_long_name\":\"Chestnut Hill East Line\",\"route_type\":\"2\",\"route_type_name\":\"Rail\",\"route_color\":\"4F758B\",\"route_text_color\":\"FFFFFF\"}]"},"geometry":{"type":"Point","coordinates":[-75.16111,40.03611]}},{"type":"Feature","properties":{"stop_id":"90009","stop_name":"Wayne Junction","stop_url":"","wheelchair_boarding":"1","feed_id":"Delaware__Southeastern_Pennsylvania_Transportation_Authority_(SEPTA)__mdb_mdb-503","agency_name":"SEPTA","route_count":4,"route_ids":"CHE|FOX|LAN|WAR","route_short_names":"CHE|FOX|LAN|WAR","route_types":"2","route_type_names":"Rail","routes_json":"[{\"route_id\":\"CHE\",\"route_short_name\":\"CHE\",\"route_long_name\":\"Chestnut Hill East Line\",\"route_type\":\"2\",\"route_type_name\":\"Rail\",\"route_color\":\"4F758B\",\"route_text_color\":\"FFFFFF\"},{\"route_id\":\"FOX\",\"route_short_name\":\"FOX\",\"route_long_name\":\"Fox Chase Line\",\"route_type\":\"2\",\"route_type_name\":\"Rail\",\"route_color\":\"4F758B\",\"route_text_color\":\"FFFFFF\"},{\"route_id\":\"LAN\",\"route_short_name\":\"LAN\",\"route_long_name\":\"Lansdale/Doylestown Line\",\"route_type\":\"2\",\"route_type_name\":\"Rail\",\"route_color\":\"4F758B\",\"route_text_color\":\"FFFFFF\"},{\"route_id\":\"WAR\",\"route_short_name\":\"WAR\",\"route_long_name\":\"Warminster Line\",\"route_type\":\"2\",\"route_type_name\":\"Rail\",\"route_color\":\"4F758B\",\"route_text_color\":\"FFFFFF\"}]"},"geometry":{"type":"Point","coordinates":[-75.16,40.02222]}},{"type":"Feature","properties":{"stop_id":"90415","stop_name":"Willow Grove","stop_url":"","wheelchair_boarding":"2","feed_id":"Delaware__Southeastern_Pennsylvania_Transportation_Authority_(SEPTA)__mdb_mdb-503","agency_name":"SEPTA","route_count":1,"route_ids":"WAR","route_short_names":"WAR","route_types":"2","route_type_names":"Rail","routes_json":"[{\"route_id\":\"WAR\",\"route_short_name\":\"WAR\",\"route_long_name\":\"Warminster Line\",\"route_type\":\"2\",\"route_type_name\":\"Rail\",\"route_color\":\"4F758B\",\"route_text_color\":\"FFFFFF\"}]"},"geometry":{"type":"Point","coordinates":[-75.11417,40.14389]}},{"type":"Feature","properties":{"stop_id":"90417","stop_name":"Warminster","stop_url":"","wheelchair_boarding":"1","feed_id":"Delaware__Southeastern_Pennsylvania_Transportation_Authority_(SEPTA)__mdb_mdb-503","agency_name":"SEPTA","route_count":1,"route_ids":"WAR","route_short_names":"WAR","route_types":"2","route_type_names":"Rail","routes_json":"[{\"route_id\":\"WAR\",\"route_short_name\":\"WAR\",\"route_long_name\":\"Warminster Line\",\"route_type\":\"2\",\"route_type_name\":\"Rail\",\"route_color\":\"4F758B\",\"route_text_color\":\"FFFFFF\"}]"},"geometry":{"type":"Point","coordinates":[-75.08916,40.19528]}},{"type":"Feature","properties":{"stop_id":"90220","stop_name":"Wissahickon","stop_url":"","wheelchair_boarding":"2","feed_id":"Delaware__Southeastern_Pennsylvania_Transportation_Authority_(SEPTA)__mdb_mdb-503","agency_name":"SEPTA","route_count":1,"route_ids":"NOR","route_short_names":"NOR","route_types":"2","route_type_names":"Rail","routes_json":"[{\"route_id\":\"NOR\",\"route_short_name\":\"NOR\",\"route_long_name\":\"Manayunk/Norristown Line\",\"route_type\":\"2\",\"route_type_name\":\"Rail\",\"route_color\":\"4F758B\",\"route_text_color\":\"FFFFFF\"}]"},"geometry":{"type":"Point","coordinates":[-75.21028,40.01667]}},{"type":"Feature","properties":{"stop_id":"90327","stop_name":"West Trenton","stop_url":"","wheelchair_boarding":"2","feed_id":"Delaware__Southeastern_Pennsylvania_Transportation_Authority_(SEPTA)__mdb_mdb-503","agency_name":"SEPTA","route_count":1,"route_ids":"WTR","route_short_names":"WTR","route_types":"2","route_type_names":"Rail","routes_json":"[{\"route_id\":\"WTR\",\"route_short_name\":\"WTR\",\"route_long_name\":\"West Trenton Line\",\"route_type\":\"2\",\"route_type_name\":\"Rail\",\"route_color\":\"4F758B\",\"route_text_color\":\"FFFFFF\"}]"},"geometry":{"type":"Point","coordinates":[-74.81528,40.25778]}},{"type":"Feature","properties":{"stop_id":"90718","stop_name":"Wyndmoor","stop_url":"","wheelchair_boarding":"2","feed_id":"Delaware__Southeastern_Pennsylvania_Transportation_Authority_(SEPTA)__mdb_mdb-503","agency_name":"SEPTA","route_count":1,"route_ids":"CHE","route_short_names":"CHE","route_types":"2","route_type_names":"Rail","routes_json":"[{\"route_id\":\"CHE\",\"route_short_name\":\"CHE\",\"route_long_name\":\"Chestnut Hill East Line\",\"route_type\":\"2\",\"route_type_name\":\"Rail\",\"route_color\":\"4F758B\",\"route_text_color\":\"FFFFFF\"}]"},"geometry":{"type":"Point","coordinates":[-75.19666,40.07333]}},{"type":"Feature","properties":{"stop_id":"90003","stop_name":"Wynnefield Av","stop_url":"","wheelchair_boarding":"1","feed_id":"Delaware__Southeastern_Pennsylvania_Transportation_Authority_(SEPTA)__mdb_mdb-503","agency_name":"SEPTA","route_count":1,"route_ids":"CYN","route_short_names":"CYN","route_types":"2","route_type_names":"Rail","routes_json":"[{\"route_id\":\"CYN\",\"route_short_name\":\"CYN\",\"route_long_name\":\"Cynwyd Line\",\"route_type\":\"2\",\"route_type_name\":\"Rail\",\"route_color\":\"4F758B\",\"route_text_color\":\"FFFFFF\"}]"},"geometry":{"type":"Point","coordinates":[-75.22556,39.99]}},{"type":"Feature","properties":{"stop_id":"90519","stop_name":"Wynnewood","stop_url":"","wheelchair_boarding":"2","feed_id":"Delaware__Southeastern_Pennsylvania_Transportation_Authority_(SEPTA)__mdb_mdb-503","agency_name":"SEPTA","route_count":1,"route_ids":"PAO","route_short_names":"PAO","route_types":"2","route_type_names":"Rail","routes_json":"[{\"route_id\":\"PAO\",\"route_short_name\":\"PAO\",\"route_long_name\":\"Paoli/Thorndale Line\",\"route_type\":\"2\",\"route_type_name\":\"Rail\",\"route_color\":\"4F758B\",\"route_text_color\":\"FFFFFF\"}]"},"geometry":{"type":"Point","coordinates":[-75.2725,40.00278]}},{"type":"Feature","properties":{"stop_id":"90326","stop_name":"Yardley","stop_url":"","wheelchair_boarding":"1","feed_id":"Delaware__Southeastern_Pennsylvania_Transportation_Authority_(SEPTA)__mdb_mdb-503","agency_name":"SEPTA","route_count":1,"route_ids":"WTR","route_short_names":"WTR","route_types":"2","route_type_names":"Rail","routes_json":"[{\"route_id\":\"WTR\",\"route_short_name\":\"WTR\",\"route_long_name\":\"West Trenton Line\",\"route_type\":\"2\",\"route_type_name\":\"Rail\",\"route_color\":\"4F758B\",\"route_text_color\":\"FFFFFF\"}]"},"geometry":{"type":"Point","coordinates":[-74.83056,40.23528]}}]}