{"type":"FeatureCollection","features":[{"type":"Feature","properties":{"stop_id":"1","stop_code":"2001","stop_name":"Bellingham Station","stop_desc":"","zone_id":"","stop_url":"","location_type":"","parent_station":"","stop_timezone":"","wheelchair_boarding":"1","feed_id":"Washington__Whatcom_Transportation_Authority__mdb_mdb-284","agency_name":"Whatcom Transportation Authority","route_count":22,"route_ids":"1|10|14|15|190|190S|232|3|331|47|49|5|512|525|533|540|6|7|72X|75|80X|9","route_short_names":"1|10|14|15|190|190S|232|3|331|47|49|5|512|525|533|540|6|7|72X|75|80X|9","route_types":"3","route_type_names":"Bus","routes_json":"[{\"route_id\":\"1\",\"route_short_name\":\"1\",\"route_long_name\":\"Fairhaven&Downtown\",\"route_type\":\"3\",\"route_type_name\":\"Bus\",\"route_color\":\"E5BFA1\",\"route_text_color\":\"000000\"},{\"route_id\":\"10\",\"route_short_name\":\"10\",\"route_long_name\":\"Eldridge&Downtown\",\"route_type\":\"3\",\"route_type_name\":\"Bus\",\"route_color\":\"B2D235\",\"route_text_color\":\"000000\"},{\"route_id\":\"14\",\"route_short_name\":\"14\",\"route_long_name\":\"Fairhaven&Downtown\",\"route_type\":\"3\",\"route_type_name\":\"Bus\",\"route_color\":\"009FC3\",\"route_text_color\":\"FFFFFF\"},{\"route_id\":\"15\",\"route_short_name\":\"15\",\"route_long_name\":\"Cordata/WCC&Downtown\",\"route_type\":\"3\",\"route_type_name\":\"Bus\",\"route_color\":\"F58220\",\"route_text_color\":\"FFFFFF\"},{\"route_id\":\"190\",\"route_short_name\":\"190\",\"route_long_name\":\"Lincoln St&Downtown\",\"route_type\":\"3\",\"route_type_name\":\"Bus\",\"route_color\":\"0095DA\",\"route_text_color\":\"FFFFFF\"},{\"route_id\":\"190S\",\"route_short_name\":\"190S\",\"route_long_name\":\"Lincoln St&WWU\",\"route_type\":\"3\",\"route_type_name\":\"Bus\",\"route_color\":\"0095DA\",\"route_text_color\":\"000000\"},{\"route_id\":\"232\",\"route_short_name\":\"232\",\"route_long_name\":\"Cordata/WCC&Downtown\",\"route_type\":\"3\",\"route_type_name\":\"Bus\",\"route_color\":\"8DC63F\",\"route_text_color\":\"FFFFFF\"},{\"route_id\":\"3\",\"route_short_name\":\"3\",\"route_long_name\":\"Airport/Cordata&Airport/Downtown\",\"route_type\":\"3\",\"route_type_name\":\"Bus\",\"route_color\":\"D7DF23\",\"route_text_color\":\"000000\"},{\"route_id\":\"331\",\"route_short_name\":\"331\",\"route_long_name\":\"Cordata/WCC&Downtown\",\"route_type\":\"3\",\"route_type_name\":\"Bus\",\"route_color\":\"FAA61A\",\"route_text_color\":\"000000\"},{\"route_id\":\"47\",\"route_short_name\":\"47\",\"route_long_name\":\"Harbor&Downtown\",\"route_type\":\"3\",\"route_type_name\":\"Bus\",\"route_color\":\"E7EFC1\",\"route_text_color\":\"000000\"},{\"route_id\":\"49\",\"route_short_name\":\"49\",\"route_long_name\":\"Downtown&Bakerview Spur\",\"route_type\":\"3\",\"route_type_name\":\"Bus\",\"route_color\":\"DA1F3D\",\"route_text_color\":\"FFFFFF\"},{\"route_id\":\"5\",\"route_short_name\":\"5\",\"route_long_name\":\"Samish/Fairhaven&Samish/Downtown\",\"route_type\":\"3\",\"route_type_name\":\"Bus\",\"route_color\":\"0000FF\",\"route_text_color\":\"FFFFFF\"},{\"route_id\":\"512\",\"route_short_name\":\"512\",\"route_long_name\":\"Sudden Valley&Downtown\",\"route_type\":\"3\",\"route_type_name\":\"Bus\",\"route_color\":\"F287B7\",\"route_text_color\":\"000000\"},{\"route_id\":\"525\",\"route_short_name\":\"525\",\"route_long_name\":\"Barkley&Downtown\",\"route_type\":\"3\",\"route_type_name\":\"Bus\",\"route_color\":\"8F53A1\",\"route_text_color\":\"FFFFFF\"},{\"route_id\":\"533\",\"route_short_name\":\"533\",\"route_long_name\":\"Yew St\",\"route_type\":\"3\",\"route_type_name\":\"Bus\",\"route_color\":\"F8C1D9\",\"route_text_color\":\"000000\"},{\"route_id\":\"540\",\"route_short_name\":\"540\",\"route_long_name\":\"Sunset&Downtown\",\"route_type\":\"3\",\"route_type_name\":\"Bus\",\"route_color\":\"5F3075\",\"route_text_color\":\"FFFFFF\"},{\"route_id\":\"6\",\"route_short_name\":\"6\",\"route_long_name\":\"Fraser&Downtown\",\"route_type\":\"3\",\"route_type_name\":\"Bus\",\"route_color\":\"008040\",\"route_text_color\":\"FFFFFF\"},{\"route_id\":\"7\",\"route_short_name\":\"7\",\"route_long_name\":\"Samish/WWU&Samish/Downtown\",\"route_type\":\"3\",\"route_type_name\":\"Bus\",\"route_color\":\"0000FF\",\"route_text_color\":\"FFFFFF\"},{\"route_id\":\"72X\",\"route_short_name\":\"72X\",\"route_long_name\":\"Kendall&Bellingham\",\"route_type\":\"3\",\"route_type_name\":\"Bus\",\"route_color\":\"952D4F\",\"route_text_color\":\"FFFFFF\"},{\"route_id\":\"75\",\"route_short_name\":\"75\",\"route_long_name\":\"Blaine/Birch Bay&Bellingham\",\"route_type\":\"3\",\"route_type_name\":\"Bus\",\"route_color\":\"F05B7D\",\"route_text_color\":\"FFFFFF\"},{\"route_id\":\"80X\",\"route_short_name\":\"80X\",\"route_long_name\":\"Mt. Vernon&Bellingham\",\"route_type\":\"3\",\"route_type_name\":\"Bus\",\"route_color\":\"B86964\",\"route_text_color\":\"FFFFFF\"},{\"route_id\":\"9\",\"route_short_name\":\"9\",\"route_long_name\":\"Hospital&Downtown\",\"route_type\":\"3\",\"route_type_name\":\"Bus\",\"route_color\":\"F69896\",\"route_text_color\":\"000000\"}]"},"geometry":{"type":"Point","coordinates":[-122.475612,48.75039]}},{"type":"Feature","properties":{"stop_id":"3","stop_code":"2966","stop_name":"Bellingham Technical College","stop_desc":"","zone_id":"","stop_url":"","location_type":"","parent_station":"","stop_timezone":"","wheelchair_boarding":"1","feed_id":"Washington__Whatcom_Transportation_Authority__mdb_mdb-284","agency_name":"Whatcom Transportation Authority","route_count":2,"route_ids":"10|3","route_short_names":"10|3","route_types":"3","route_type_names":"Bus","routes_json":"[{\"route_id\":\"10\",\"route_short_name\":\"10\",\"route_long_name\":\"Eldridge&Downtown\",\"route_type\":\"3\",\"route_type_name\":\"Bus\",\"route_color\":\"B2D235\",\"route_text_color\":\"000000\"},{\"route_id\":\"3\",\"route_short_name\":\"3\",\"route_long_name\":\"Airport/Cordata&Airport/Downtown\",\"route_type\":\"3\",\"route_type_name\":\"Bus\",\"route_color\":\"D7DF23\",\"route_text_color\":\"000000\"}]"},"geometry":{"type":"Point","coordinates":[-122.510672,48.764887]}},{"type":"Feature","properties":{"stop_id":"4","stop_code":"5555","stop_name":"Bakerview Rd at Fred Meyer","stop_desc":"","zone_id":"","stop_url":"","location_type":"","parent_station":"","stop_timezone":"","wheelchair_boarding":"1","feed_id":"Washington__Whatcom_Transportation_Authority__mdb_mdb-284","agency_name":"Whatcom Transportation Authority","route_count":3,"route_ids":"18|3|50","route_short_names":"18|3|50","route_types":"3","route_type_names":"Bus","routes_json":"[{\"route_id\":\"18\",\"route_short_name\":\"18\",\"route_long_name\":\"Hospital&Cordata/WCC\",\"route_type\":\"3\",\"route_type_name\":\"Bus\",\"route_color\":\"BBD976\",\"route_text_color\":\"000000\"},{\"route_id\":\"3\",\"route_short_name\":\"3\",\"route_long_name\":\"Airport/Cordata&Airport/Downtown\",\"route_type\":\"3\",\"route_type_name\":\"Bus\",\"route_color\":\"D7DF23\",\"route_text_color\":\"000000\"},{\"route_id\":\"50\",\"route_short_name\":\"50\",\"route_long_name\":\"LummiNation&Cordata/WCC\",\"route_type\":\"3\",\"route_type_name\":\"Bus\",\"route_color\":\"FFDD00\",\"route_text_color\":\"000000\"}]"},"geometry":{"type":"Point","coordinates":[-122.510958,48.789614]}},{"type":"Feature","properties":{"stop_id":"6","stop_code":"3145","stop_name":"Cornwall Ave at E St","stop_desc":"","zone_id":"","stop_url":"","location_type":"","parent_station":"","stop_timezone":"","wheelchair_boarding":"1","feed_id":"Washington__Whatcom_Transportation_Authority__mdb_mdb-284","agency_name":"Whatcom Transportation Authority","route_count":1,"route_ids":"331","route_short_names":"331","route_types":"3","route_type_names":"Bus","routes_json":"[{\"route_id\":\"331\",\"route_short_name\":\"331\",\"route_long_name\":\"Cordata/WCC&Downtown\",\"route_type\":\"3\",\"route_type_name\":\"Bus\",\"route_color\":\"FAA61A\",\"route_text_color\":\"000000\"}]"},"geometry":{"type":"Point","coordinates":[-122.4752,48.762272]}},{"type":"Feature","properties":{"stop_id":"7","stop_code":"2267","stop_name":"Northwest Ave at Birchwood Center","stop_desc":"","zone_id":"","stop_url":"","location_type":"","parent_station":"","stop_timezone":"","wheelchair_boarding":"1","feed_id":"Washington__Whatcom_Transportation_Authority__mdb_mdb-284","agency_name":"Whatcom Transportation Authority","route_count":2,"route_ids":"18|232","route_short_names":"18|232","route_types":"3","route_type_names":"Bus","routes_json":"[{\"route_id\":\"18\",\"route_short_name\":\"18\",\"route_long_name\":\"Hospital&Cordata/WCC\",\"route_type\":\"3\",\"route_type_name\":\"Bus\",\"route_color\":\"BBD976\",\"route_text_color\":\"000000\"},{\"route_id\":\"232\",\"route_short_name\":\"232\",\"route_long_name\":\"Cordata/WCC&Downtown\",\"route_type\":\"3\",\"route_type_name\":\"Bus\",\"route_color\":\"8DC63F\",\"route_text_color\":\"FFFFFF\"}]"},"geometry":{"type":"Point","coordinates":[-122.49639,48.774864]}},{"type":"Feature","properties":{"stop_id":"8","stop_code":"3149","stop_name":"Cornwall Ave at Texas St","stop_desc":"","zone_id":"","stop_url":"","location_type":"","parent_station":"","stop_timezone":"","wheelchair_boarding":"1","feed_id":"Washington__Whatcom_Transportation_Authority__mdb_mdb-284","agency_name":"Whatcom Transportation Authority","route_count":1,"route_ids":"331","route_short_names":"331","route_types":"3","route_type_names":"Bus","routes_json":"[{\"route_id\":\"331\",\"route_short_name\":\"331\",\"route_long_name\":\"Cordata/WCC&Downtown\",\"route_type\":\"3\",\"route_type_name\":\"Bus\",\"route_color\":\"FAA61A\",\"route_text_color\":\"000000\"}]"},"geometry":{"type":"Point","coordinates":[-122.474951,48.761585]}},{"type":"Feature","properties":{"stop_id":"9","stop_code":"5503","stop_name":"Bakerview Rd at Costco","stop_desc":"","zone_id":"","stop_url":"","location_type":"","parent_station":"","stop_timezone":"","wheelchair_boarding":"1","feed_id":"Washington__Whatcom_Transportation_Authority__mdb_mdb-284","agency_name":"Whatcom Transportation Authority","route_count":3,"route_ids":"18|3|50","route_short_names":"18|3|50","route_types":"3","route_type_names":"Bus","routes_json":"[{\"route_id\":\"18\",\"route_short_name\":\"18\",\"route_long_name\":\"Hospital&Cordata/WCC\",\"route_type\":\"3\",\"route_type_name\":\"Bus\",\"route_color\":\"BBD976\",\"route_text_color\":\"000000\"},{\"route_id\":\"3\",\"route_short_name\":\"3\",\"route_long_name\":\"Airport/Cordata&Airport/Downtown\",\"route_type\":\"3\",\"route_type_name\":\"Bus\",\"route_color\":\"D7DF23\",\"route_text_color\":\"000000\"},{\"route_id\":\"50\",\"route_short_name\":\"50\",\"route_long_name\":\"LummiNation&Cordata/WCC\",\"route_type\":\"3\",\"route_type_name\":\"Bus\",\"route_color\":\"FFDD00\",\"route_text_color\":\"000000\"}]"},"geometry":{"type":"Point","coordinates":[-122.513634,48.789824]}},{"type":"Feature","properties":{"stop_id":"10","stop_code":"2037","stop_name":"Northwest Ave at Birchwood Center","stop_desc":"","zone_id":"","stop_url":"","location_type":"","parent_station":"","stop_timezone":"","wheelchair_boarding":"1","feed_id":"Washington__Whatcom_Transportation_Authority__mdb_mdb-284","agency_name":"Whatcom Transportation Authority","route_count":2,"route_ids":"18|232","route_short_names":"18|232","route_types":"3","route_type_names":"Bus","routes_json":"[{\"route_id\":\"18\",\"route_short_name\":\"18\",\"route_long_name\":\"Hospital&Cordata/WCC\",\"route_type\":\"3\",\"route_type_name\":\"Bus\",\"route_color\":\"BBD976\",\"route_text_color\":\"000000\"},{\"route_id\":\"232\",\"route_short_name\":\"232\",\"route_long_name\":\"Cordata/WCC&Downtown\",\"route_type\":\"3\",\"route_type_name\":\"Bus\",\"route_color\":\"8DC63F\",\"route_text_color\":\"FFFFFF\"}]"},"geometry":{"type":"Point","coordinates":[-122.496971,48.775205]}},{"type":"Feature","properties":{"stop_id":"11","stop_code":"3056","stop_name":"Holly St at J St","stop_desc":"","zone_id":"","stop_url":"","location_type":"","parent_station":"","stop_timezone":"","wheelchair_boarding":"1","feed_id":"Washington__Whatcom_Transportation_Authority__mdb_mdb-284","agency_name":"Whatcom Transportation Authority","route_count":2,"route_ids":"10|3","route_short_names":"10|3","route_types":"3","route_type_names":"Bus","routes_json":"[{\"route_id\":\"10\",\"route_short_name\":\"10\",\"route_long_name\":\"Eldridge&Downtown\",\"route_type\":\"3\",\"route_type_name\":\"Bus\",\"route_color\":\"B2D235\",\"route_text_color\":\"000000\"},{\"route_id\":\"3\",\"route_short_name\":\"3\",\"route_long_name\":\"Airport/Cordata&Airport/Downtown\",\"route_type\":\"3\",\"route_type_name\":\"Bus\",\"route_color\":\"D7DF23\",\"route_text_color\":\"000000\"}]"},"geometry":{"type":"Point","coordinates":[-122.490472,48.757033]}},{"type":"Feature","properties":{"stop_id":"13","stop_code":"7258","stop_name":"James St at Alabama St","stop_desc":"","zone_id":"","stop_url":"","location_type":"","parent_station":"","stop_timezone":"","wheelchair_boarding":"2","feed_id":"Washington__Whatcom_Transportation_Authority__mdb_mdb-284","agency_name":"Whatcom Transportation Authority","route_count":4,"route_ids":"49|72X|75|9","route_short_names":"49|72X|75|9","route_types":"3","route_type_names":"Bus","routes_json":"[{\"route_id\":\"49\",\"route_short_name\":\"49\",\"route_long_name\":\"Downtown&Bakerview Spur\",\"route_type\":\"3\",\"route_type_name\":\"Bus\",\"route_color\":\"DA1F3D\",\"route_text_color\":\"FFFFFF\"},{\"route_id\":\"72X\",\"route_short_name\":\"72X\",\"route_long_name\":\"Kendall&Bellingham\",\"route_type\":\"3\",\"route_type_name\":\"Bus\",\"route_color\":\"952D4F\",\"route_text_color\":\"FFFFFF\"},{\"route_id\":\"75\",\"route_short_name\":\"75\",\"route_long_name\":\"Blaine/Birch Bay&Bellingham\",\"route_type\":\"3\",\"route_type_name\":\"Bus\",\"route_color\":\"F05B7D\",\"route_text_color\":\"FFFFFF\"},{\"route_id\":\"9\",\"route_short_name\":\"9\",\"route_long_name\":\"Hospital&Downtown\",\"route_type\":\"3\",\"route_type_name\":\"Bus\",\"route_color\":\"F69896\",\"route_text_color\":\"000000\"}]"},"geometry":{"type":"Point","coordinates":[-122.465053,48.762065]}},{"type":"Feature","properties":{"stop_id":"15","stop_code":"2122","stop_name":"Harris Ave at 21st St","stop_desc":"","zone_id":"","stop_url":"","location_type":"","parent_station":"","stop_timezone":"","wheelchair_boarding":"1","feed_id":"Washington__Whatcom_Transportation_Authority__mdb_mdb-284","agency_name":"Whatcom Transportation Authority","route_count":1,"route_ids":"14","route_short_names":"14","route_types":"3","route_type_names":"Bus","routes_json":"[{\"route_id\":\"14\",\"route_short_name\":\"14\",\"route_long_name\":\"Fairhaven&Downtown\",\"route_type\":\"3\",\"route_type_name\":\"Bus\",\"route_color\":\"009FC3\",\"route_text_color\":\"FFFFFF\"}]"},"geometry":{"type":"Point","coordinates":[-122.491207,48.720211]}},{"type":"Feature","properties":{"stop_id":"16","stop_code":"3069","stop_name":"12th St at McKenzie Ave","stop_desc":"","zone_id":"","stop_url":"","location_type":"","parent_station":"","stop_timezone":"","wheelchair_boarding":"1","feed_id":"Washington__Whatcom_Transportation_Authority__mdb_mdb-284","agency_name":"Whatcom Transportation Authority","route_count":2,"route_ids":"1|14","route_short_names":"1|14","route_types":"3","route_type_names":"Bus","routes_json":"[{\"route_id\":\"1\",\"route_short_name\":\"1\",\"route_long_name\":\"Fairhaven&Downtown\",\"route_type\":\"3\",\"route_type_name\":\"Bus\",\"route_color\":\"E5BFA1\",\"route_text_color\":\"000000\"},{\"route_id\":\"14\",\"route_short_name\":\"14\",\"route_long_name\":\"Fairhaven&Downtown\",\"route_type\":\"3\",\"route_type_name\":\"Bus\",\"route_color\":\"009FC3\",\"route_text_color\":\"FFFFFF\"}]"},"geometry":{"type":"Point","coordinates":[-122.502077,48.71911]}},{"type":"Feature","properties":{"stop_id":"17","stop_code":"3190","stop_name":"24th St at Donovan Ave","stop_desc":"","zone_id":"","stop_url":"","location_type":"","parent_station":"","stop_timezone":"","wheelchair_boarding":"1","feed_id":"Washington__Whatcom_Transportation_Authority__mdb_mdb-284","agency_name":"Whatcom Transportation Authority","route_count":3,"route_ids":"14|14S|7","route_short_names":"14|14S|7","route_types":"3","route_type_names":"Bus","routes_json":"[{\"route_id\":\"14\",\"route_short_name\":\"14\",\"route_long_name\":\"Fairhaven&Downtown\",\"route_type\":\"3\",\"route_type_name\":\"Bus\",\"route_color\":\"009FC3\",\"route_text_color\":\"FFFFFF\"},{\"route_id\":\"14S\",\"route_short_name\":\"14S\",\"route_long_name\":\"WWU&Billy Frank Jr\",\"route_type\":\"3\",\"route_type_name\":\"Bus\",\"route_color\":\"009FC3\",\"route_text_color\":\"000000\"},{\"route_id\":\"7\",\"route_short_name\":\"7\",\"route_long_name\":\"Samish/WWU&Samish/Downtown\",\"route_type\":\"3\",\"route_type_name\":\"Bus\",\"route_color\":\"0000FF\",\"route_text_color\":\"FFFFFF\"}]"},"geometry":{"type":"Point","coordinates":[-122.48613,48.717717]}},{"type":"Feature","properties":{"stop_id":"18","stop_code":"3077","stop_name":"Haggard Hall","stop_desc":"","zone_id":"","stop_url":"","location_type":"","parent_station":"","stop_timezone":"","wheelchair_boarding":"1","feed_id":"Washington__Whatcom_Transportation_Authority__mdb_mdb-284","agency_name":"Whatcom Transportation Authority","route_count":5,"route_ids":"14|14S|190|190S|98","route_short_names":"14|14S|190|190S|98","route_types":"3","route_type_names":"Bus","routes_json":"[{\"route_id\":\"14\",\"route_short_name\":\"14\",\"route_long_name\":\"Fairhaven&Downtown\",\"route_type\":\"3\",\"route_type_name\":\"Bus\",\"route_color\":\"009FC3\",\"route_text_color\":\"FFFFFF\"},{\"route_id\":\"14S\",\"route_short_name\":\"14S\",\"route_long_name\":\"WWU&Billy Frank Jr\",\"route_type\":\"3\",\"route_type_name\":\"Bus\",\"route_color\":\"009FC3\",\"route_text_color\":\"000000\"},{\"route_id\":\"190\",\"route_short_name\":\"190\",\"route_long_name\":\"Lincoln St&Downtown\",\"route_type\":\"3\",\"route_type_name\":\"Bus\",\"route_color\":\"0095DA\",\"route_text_color\":\"FFFFFF\"},{\"route_id\":\"190S\",\"route_short_name\":\"190S\",\"route_long_name\":\"Lincoln St&WWU\",\"route_type\":\"3\",\"route_type_name\":\"Bus\",\"route_color\":\"0095DA\",\"route_text_color\":\"000000\"},{\"route_id\":\"98\",\"route_short_name\":\"98\",\"route_long_name\":\"WWU&Samish\",\"route_type\":\"3\",\"route_type_name\":\"Bus\",\"route_color\":\"ABE1FA\",\"route_text_color\":\"000000\"}]"},"geometry":{"type":"Point","coordinates":[-122.486609,48.737798]}},{"type":"Feature","properties":{"stop_id":"19","stop_code":"9912","stop_name":"Meridian St at Illinois St","stop_desc":"","zone_id":"","stop_url":"","location_type":"","parent_station":"","stop_timezone":"","wheelchair_boarding":"1","feed_id":"Washington__Whatcom_Transportation_Authority__mdb_mdb-284","agency_name":"Whatcom Transportation Authority","route_count":1,"route_ids":"15","route_short_names":"15","route_types":"3","route_type_names":"Bus","routes_json":"[{\"route_id\":\"15\",\"route_short_name\":\"15\",\"route_long_name\":\"Cordata/WCC&Downtown\",\"route_type\":\"3\",\"route_type_name\":\"Bus\",\"route_color\":\"F58220\",\"route_text_color\":\"FFFFFF\"}]"},"geometry":{"type":"Point","coordinates":[-122.485953,48.767281]}},{"type":"Feature","properties":{"stop_id":"20","stop_code":"3092","stop_name":"Meridian St at Illinois St","stop_desc":"","zone_id":"","stop_url":"","location_type":"","parent_station":"","stop_timezone":"","wheelchair_boarding":"2","feed_id":"Washington__Whatcom_Transportation_Authority__mdb_mdb-284","agency_name":"Whatcom Transportation Authority","route_count":1,"route_ids":"15","route_short_names":"15","route_types":"3","route_type_names":"Bus","routes_json":"[{\"route_id\":\"15\",\"route_short_name\":\"15\",\"route_long_name\":\"Cordata/WCC&Downtown\",\"route_type\":\"3\",\"route_type_name\":\"Bus\",\"route_color\":\"F58220\",\"route_text_color\":\"FFFFFF\"}]"},"geometry":{"type":"Point","coordinates":[-122.486208,48.767029]}},{"type":"Feature","properties":{"stop_id":"21","stop_code":"7147","stop_name":"Kellogg Rd at Meridian St","stop_desc":"","zone_id":"","stop_url":"","location_type":"","parent_station":"","stop_timezone":"","wheelchair_boarding":"1","feed_id":"Washington__Whatcom_Transportation_Authority__mdb_mdb-284","agency_name":"Whatcom Transportation Authority","route_count":4,"route_ids":"24|26|45|71X","route_short_names":"24|26|45|71X","route_types":"3","route_type_names":"Bus","routes_json":"[{\"route_id\":\"24\",\"route_short_name\":\"24\",\"route_long_name\":\"Cordata\",\"route_type\":\"3\",\"route_type_name\":\"Bus\",\"route_color\":\"028848\",\"route_text_color\":\"FFFFFF\"},{\"route_id\":\"26\",\"route_short_name\":\"26\",\"route_long_name\":\"Lynden&Cordata/WCC\",\"route_type\":\"3\",\"route_type_name\":\"Bus\",\"route_color\":\"7A6026\",\"route_text_color\":\"FFFFFF\"},{\"route_id\":\"45\",\"route_short_name\":\"45\",\"route_long_name\":\"KingMountain&Cordata/WCC\",\"route_type\":\"3\",\"route_type_name\":\"Bus\",\"route_color\":\"E29957\",\"route_text_color\":\"FFFFFF\"},{\"route_id\":\"71X\",\"route_short_name\":\"71X\",\"route_long_name\":\"Everson/Nooksack/Sumas&Cordata\",\"route_type\":\"3\",\"route_type_name\":\"Bus\",\"route_color\":\"B47236\",\"route_text_color\":\"FFFFFF\"}]"},"geometry":{"type":"Point","coordinates":[-122.48828,48.795078]}},{"type":"Feature","properties":{"stop_id":"22","stop_code":"1308","stop_name":"Meadowbrook Ct at Tremont Ave","stop_desc":"","zone_id":"","stop_url":"","location_type":"","parent_station":"","stop_timezone":"","wheelchair_boarding":"1","feed_id":"Washington__Whatcom_Transportation_Authority__mdb_mdb-284","agency_name":"Whatcom Transportation Authority","route_count":2,"route_ids":"24|29","route_short_names":"24|29","route_types":"3","route_type_names":"Bus","routes_json":"[{\"route_id\":\"24\",\"route_short_name\":\"24\",\"route_long_name\":\"Cordata\",\"route_type\":\"3\",\"route_type_name\":\"Bus\",\"route_color\":\"028848\",\"route_text_color\":\"FFFFFF\"},{\"route_id\":\"29\",\"route_short_name\":\"29\",\"route_long_name\":\"Cordata/Kline\",\"route_type\":\"3\",\"route_type_name\":\"Bus\",\"route_color\":\"50B848\",\"route_text_color\":\"FFFFFF\"}]"},"geometry":{"type":"Point","coordinates":[-122.50011,48.809681]}},{"type":"Feature","properties":{"stop_id":"23","stop_code":"1307","stop_name":"Horton Rd at Pacific Rim Way","stop_desc":"","zone_id":"","stop_url":"","location_type":"","parent_station":"","stop_timezone":"","wheelchair_boarding":"1","feed_id":"Washington__Whatcom_Transportation_Authority__mdb_mdb-284","agency_name":"Whatcom Transportation Authority","route_count":1,"route_ids":"29","route_short_names":"29","route_types":"3","route_type_names":"Bus","routes_json":"[{\"route_id\":\"29\",\"route_short_name\":\"29\",\"route_long_name\":\"Cordata/Kline\",\"route_type\":\"3\",\"route_type_name\":\"Bus\",\"route_color\":\"50B848\",\"route_text_color\":\"FFFFFF\"}]"},"geometry":{"type":"Point","coordinates":[-122.500941,48.804361]}},{"type":"Feature","properties":{"stop_id":"24","stop_code":"3236","stop_name":"Grover St at 4th St","stop_desc":"","zone_id":"","stop_url":"","location_type":"","parent_station":"","stop_timezone":"","wheelchair_boarding":"1","feed_id":"Washington__Whatcom_Transportation_Authority__mdb_mdb-284","agency_name":"Whatcom Transportation Authority","route_count":1,"route_ids":"26","route_short_names":"26","route_types":"3","route_type_names":"Bus","routes_json":"[{\"route_id\":\"26\",\"route_short_name\":\"26\",\"route_long_name\":\"Lynden&Cordata/WCC\",\"route_type\":\"3\",\"route_type_name\":\"Bus\",\"route_color\":\"7A6026\",\"route_text_color\":\"FFFFFF\"}]"},"geometry":{"type":"Point","coordinates":[-122.452187,48.944293]}},{"type":"Feature","properties":{"stop_id":"25","stop_code":"3234","stop_name":"Lynden Station","stop_desc":"","zone_id":"","stop_url":"","location_type":"","parent_station":"","stop_timezone":"","wheelchair_boarding":"1","feed_id":"Washington__Whatcom_Transportation_Authority__mdb_mdb-284","agency_name":"Whatcom Transportation Authority","route_count":1,"route_ids":"26","route_short_names":"26","route_types":"3","route_type_names":"Bus","routes_json":"[{\"route_id\":\"26\",\"route_short_name\":\"26\",\"route_long_name\":\"Lynden&Cordata/WCC\",\"route_type\":\"3\",\"route_type_name\":\"Bus\",\"route_color\":\"7A6026\",\"route_text_color\":\"FFFFFF\"}]"},"geometry":{"type":"Point","coordinates":[-122.48226,48.938404]}},{"type":"Feature","properties":{"stop_id":"26","stop_code":"7136","stop_name":"Guide Meridian at Pole Rd","stop_desc":"","zone_id":"","stop_url":"","location_type":"","parent_station":"","stop_timezone":"","wheelchair_boarding":"1","feed_id":"Washington__Whatcom_Transportation_Authority__mdb_mdb-284","agency_name":"Whatcom Transportation Authority","route_count":2,"route_ids":"26|71X","route_short_names":"26|71X","route_types":"3","route_type_names":"Bus","routes_json":"[{\"route_id\":\"26\",\"route_short_name\":\"26\",\"route_long_name\":\"Lynden&Cordata/WCC\",\"route_type\":\"3\",\"route_type_name\":\"Bus\",\"route_color\":\"7A6026\",\"route_text_color\":\"FFFFFF\"},{\"route_id\":\"71X\",\"route_short_name\":\"71X\",\"route_long_name\":\"Everson/Nooksack/Sumas&Cordata\",\"route_type\":\"3\",\"route_type_name\":\"Bus\",\"route_color\":\"B47236\",\"route_text_color\":\"FFFFFF\"}]"},"geometry":{"type":"Point","coordinates":[-122.48573,48.890789]}},{"type":"Feature","properties":{"stop_id":"28","stop_code":"3235","stop_name":"Grover St at 4th St","stop_desc":"","zone_id":"","stop_url":"","location_type":"","parent_station":"","stop_timezone":"","wheelchair_boarding":"1","feed_id":"Washington__Whatcom_Transportation_Authority__mdb_mdb-284","agency_name":"Whatcom Transportation Authority","route_count":1,"route_ids":"26","route_short_names":"26","route_types":"3","route_type_names":"Bus","routes_json":"[{\"route_id\":\"26\",\"route_short_name\":\"26\",\"route_long_name\":\"Lynden&Cordata/WCC\",\"route_type\":\"3\",\"route_type_name\":\"Bus\",\"route_color\":\"7A6026\",\"route_text_color\":\"FFFFFF\"}]"},"geometry":{"type":"Point","coordinates":[-122.4527,48.943916]}},{"type":"Feature","properties":{"stop_id":"29","stop_code":"7148","stop_name":"Meridian St at Walmart","stop_desc":"","zone_id":"","stop_url":"","location_type":"","parent_station":"","stop_timezone":"","wheelchair_boarding":"1","feed_id":"Washington__Whatcom_Transportation_Authority__mdb_mdb-284","agency_name":"Whatcom Transportation Authority","route_count":3,"route_ids":"24|26|71X","route_short_names":"24|26|71X","route_types":"3","route_type_names":"Bus","routes_json":"[{\"route_id\":\"24\",\"route_short_name\":\"24\",\"route_long_name\":\"Cordata\",\"route_type\":\"3\",\"route_type_name\":\"Bus\",\"route_color\":\"028848\",\"route_text_color\":\"FFFFFF\"},{\"route_id\":\"26\",\"route_short_name\":\"26\",\"route_long_name\":\"Lynden&Cordata/WCC\",\"route_type\":\"3\",\"route_type_name\":\"Bus\",\"route_color\":\"7A6026\",\"route_text_color\":\"FFFFFF\"},{\"route_id\":\"71X\",\"route_short_name\":\"71X\",\"route_long_name\":\"Everson/Nooksack/Sumas&Cordata\",\"route_type\":\"3\",\"route_type_name\":\"Bus\",\"route_color\":\"B47236\",\"route_text_color\":\"FFFFFF\"}]"},"geometry":{"type":"Point","coordinates":[-122.48579,48.801399]}},{"type":"Feature","properties":{"stop_id":"32","stop_code":"8948","stop_name":"Homestead Blvd at Depot Rd","stop_desc":"","zone_id":"","stop_url":"","location_type":"","parent_station":"","stop_timezone":"","wheelchair_boarding":"2","feed_id":"Washington__Whatcom_Transportation_Authority__mdb_mdb-284","agency_name":"Whatcom Transportation Authority","route_count":1,"route_ids":"26","route_short_names":"26","route_types":"3","route_type_names":"Bus","routes_json":"[{\"route_id\":\"26\",\"route_short_name\":\"26\",\"route_long_name\":\"Lynden&Cordata/WCC\",\"route_type\":\"3\",\"route_type_name\":\"Bus\",\"route_color\":\"7A6026\",\"route_text_color\":\"FFFFFF\"}]"},"geometry":{"type":"Point","coordinates":[-122.450876,48.95969]}},{"type":"Feature","properties":{"stop_id":"33","stop_code":"7144","stop_name":"Meridian St at Stuart Rd","stop_desc":"","zone_id":"","stop_url":"","location_type":"","parent_station":"","stop_timezone":"","wheelchair_boarding":"1","feed_id":"Washington__Whatcom_Transportation_Authority__mdb_mdb-284","agency_name":"Whatcom Transportation Authority","route_count":2,"route_ids":"26|71X","route_short_names":"26|71X","route_types":"3","route_type_names":"Bus","routes_json":"[{\"route_id\":\"26\",\"route_short_name\":\"26\",\"route_long_name\":\"Lynden&Cordata/WCC\",\"route_type\":\"3\",\"route_type_name\":\"Bus\",\"route_color\":\"7A6026\",\"route_text_color\":\"FFFFFF\"},{\"route_id\":\"71X\",\"route_short_name\":\"71X\",\"route_long_name\":\"Everson/Nooksack/Sumas&Cordata\",\"route_type\":\"3\",\"route_type_name\":\"Bus\",\"route_color\":\"B47236\",\"route_text_color\":\"FFFFFF\"}]"},"geometry":{"type":"Point","coordinates":[-122.48619,48.799221]}},{"type":"Feature","properties":{"stop_id":"34","stop_code":"9953","stop_name":"Northwest Dr at Smith Rd","stop_desc":"","zone_id":"","stop_url":"","location_type":"","parent_station":"","stop_timezone":"","wheelchair_boarding":"1","feed_id":"Washington__Whatcom_Transportation_Authority__mdb_mdb-284","agency_name":"Whatcom Transportation Authority","route_count":1,"route_ids":"27","route_short_names":"27","route_types":"3","route_type_names":"Bus","routes_json":"[{\"route_id\":\"27\",\"route_short_name\":\"27\",\"route_long_name\":\"Ferndale&Cordata/WCC\",\"route_type\":\"3\",\"route_type_name\":\"Bus\",\"route_color\":\"94B0BE\",\"route_text_color\":\"FFFFFF\"}]"},"geometry":{"type":"Point","coordinates":[-122.540623,48.833159]}},{"type":"Feature","properties":{"stop_id":"35","stop_code":"2252","stop_name":"Ferndale Station Gate 1","stop_desc":"","zone_id":"","stop_url":"","location_type":"","parent_station":"","stop_timezone":"","wheelchair_boarding":"1","feed_id":"Washington__Whatcom_Transportation_Authority__mdb_mdb-284","agency_name":"Whatcom Transportation Authority","route_count":1,"route_ids":"27","route_short_names":"27","route_types":"3","route_type_names":"Bus","routes_json":"[{\"route_id\":\"27\",\"route_short_name\":\"27\",\"route_long_name\":\"Ferndale&Cordata/WCC\",\"route_type\":\"3\",\"route_type_name\":\"Bus\",\"route_color\":\"94B0BE\",\"route_text_color\":\"FFFFFF\"}]"},"geometry":{"type":"Point","coordinates":[-122.57169,48.847126]}},{"type":"Feature","properties":{"stop_id":"36","stop_code":"2519","stop_name":"Mountain View Rd at Meadowview Ct","stop_desc":"","zone_id":"","stop_url":"","location_type":"","parent_station":"","stop_timezone":"","wheelchair_boarding":"1","feed_id":"Washington__Whatcom_Transportation_Authority__mdb_mdb-284","agency_name":"Whatcom Transportation Authority","route_count":1,"route_ids":"27","route_short_names":"27","route_types":"3","route_type_names":"Bus","routes_json":"[{\"route_id\":\"27\",\"route_short_name\":\"27\",\"route_long_name\":\"Ferndale&Cordata/WCC\",\"route_type\":\"3\",\"route_type_name\":\"Bus\",\"route_color\":\"94B0BE\",\"route_text_color\":\"FFFFFF\"}]"},"geometry":{"type":"Point","coordinates":[-122.615835,48.848515]}},{"type":"Feature","properties":{"stop_id":"37","stop_code":"9973","stop_name":"Thornton Rd at Vista Dr","stop_desc":"","zone_id":"","stop_url":"","location_type":"","parent_station":"","stop_timezone":"","wheelchair_boarding":"2","feed_id":"Washington__Whatcom_Transportation_Authority__mdb_mdb-284","agency_name":"Whatcom Transportation Authority","route_count":1,"route_ids":"27","route_short_names":"27","route_types":"3","route_type_names":"Bus","routes_json":"[{\"route_id\":\"27\",\"route_short_name\":\"27\",\"route_long_name\":\"Ferndale&Cordata/WCC\",\"route_type\":\"3\",\"route_type_name\":\"Bus\",\"route_color\":\"94B0BE\",\"route_text_color\":\"FFFFFF\"}]"},"geometry":{"type":"Point","coordinates":[-122.603886,48.862773]}},{"type":"Feature","properties":{"stop_id":"38","stop_code":"3253","stop_name":"Northwest Dr at Smith Rd","stop_desc":"","zone_id":"","stop_url":"","location_type":"","parent_station":"","stop_timezone":"","wheelchair_boarding":"1","feed_id":"Washington__Whatcom_Transportation_Authority__mdb_mdb-284","agency_name":"Whatcom Transportation Authority","route_count":1,"route_ids":"27","route_short_names":"27","route_types":"3","route_type_names":"Bus","routes_json":"[{\"route_id\":\"27\",\"route_short_name\":\"27\",\"route_long_name\":\"Ferndale&Cordata/WCC\",\"route_type\":\"3\",\"route_type_name\":\"Bus\",\"route_color\":\"94B0BE\",\"route_text_color\":\"FFFFFF\"}]"},"geometry":{"type":"Point","coordinates":[-122.54034,48.832481]}},{"type":"Feature","properties":{"stop_id":"39","stop_code":"5553","stop_name":"Ferndale Station Gate 2","stop_desc":"","zone_id":"","stop_url":"","location_type":"","parent_station":"","stop_timezone":"","wheelchair_boarding":"2","feed_id":"Washington__Whatcom_Transportation_Authority__mdb_mdb-284","agency_name":"Whatcom Transportation Authority","route_count":1,"route_ids":"75","route_short_names":"75","route_types":"3","route_type_names":"Bus","routes_json":"[{\"route_id\":\"75\",\"route_short_name\":\"75\",\"route_long_name\":\"Blaine/Birch Bay&Bellingham\",\"route_type\":\"3\",\"route_type_name\":\"Bus\",\"route_color\":\"F05B7D\",\"route_text_color\":\"FFFFFF\"}]"},"geometry":{"type":"Point","coordinates":[-122.57155,48.847279]}},{"type":"Feature","properties":{"stop_id":"40","stop_code":"2254","stop_name":"Ferndale Station Gate 3","stop_desc":"","zone_id":"","stop_url":"","location_type":"","parent_station":"","stop_timezone":"","wheelchair_boarding":"2","feed_id":"Washington__Whatcom_Transportation_Authority__mdb_mdb-284","agency_name":"Whatcom Transportation Authority","route_count":1,"route_ids":"75","route_short_names":"75","route_types":"3","route_type_names":"Bus","routes_json":"[{\"route_id\":\"75\",\"route_short_name\":\"75\",\"route_long_name\":\"Blaine/Birch Bay&Bellingham\",\"route_type\":\"3\",\"route_type_name\":\"Bus\",\"route_color\":\"F05B7D\",\"route_text_color\":\"FFFFFF\"}]"},"geometry":{"type":"Point","coordinates":[-122.57137,48.847416]}},{"type":"Feature","properties":{"stop_id":"41","stop_code":"3098","stop_name":"Lakeway Dr at Lincoln St","stop_desc":"","zone_id":"","stop_url":"","location_type":"","parent_station":"","stop_timezone":"","wheelchair_boarding":"1","feed_id":"Washington__Whatcom_Transportation_Authority__mdb_mdb-284","agency_name":"Whatcom Transportation Authority","route_count":4,"route_ids":"512|525|540|6","route_short_names":"512|525|540|6","route_types":"3","route_type_names":"Bus","routes_json":"[{\"route_id\":\"512\",\"route_short_name\":\"512\",\"route_long_name\":\"Sudden Valley&Downtown\",\"route_type\":\"3\",\"route_type_name\":\"Bus\",\"route_color\":\"F287B7\",\"route_text_color\":\"000000\"},{\"route_id\":\"525\",\"route_short_name\":\"525\",\"route_long_name\":\"Barkley&Downtown\",\"route_type\":\"3\",\"route_type_name\":\"Bus\",\"route_color\":\"8F53A1\",\"route_text_color\":\"FFFFFF\"},{\"route_id\":\"540\",\"route_short_name\":\"540\",\"route_long_name\":\"Sunset&Downtown\",\"route_type\":\"3\",\"route_type_name\":\"Bus\",\"route_color\":\"5F3075\",\"route_text_color\":\"FFFFFF\"},{\"route_id\":\"6\",\"route_short_name\":\"6\",\"route_long_name\":\"Fraser&Downtown\",\"route_type\":\"3\",\"route_type_name\":\"Bus\",\"route_color\":\"008040\",\"route_text_color\":\"FFFFFF\"}]"},"geometry":{"type":"Point","coordinates":[-122.46103,48.744846]}},{"type":"Feature","properties":{"stop_id":"45","stop_code":"2417","stop_name":"Lincoln St at Lakeway Dr","stop_desc":"","zone_id":"","stop_url":"","location_type":"","parent_station":"","stop_timezone":"","wheelchair_boarding":"1","feed_id":"Washington__Whatcom_Transportation_Authority__mdb_mdb-284","agency_name":"Whatcom Transportation Authority","route_count":2,"route_ids":"190|190S","route_short_names":"190|190S","route_types":"3","route_type_names":"Bus","routes_json":"[{\"route_id\":\"190\",\"route_short_name\":\"190\",\"route_long_name\":\"Lincoln St&Downtown\",\"route_type\":\"3\",\"route_type_name\":\"Bus\",\"route_color\":\"0095DA\",\"route_text_color\":\"FFFFFF\"},{\"route_id\":\"190S\",\"route_short_name\":\"190S\",\"route_long_name\":\"Lincoln St&WWU\",\"route_type\":\"3\",\"route_type_name\":\"Bus\",\"route_color\":\"0095DA\",\"route_text_color\":\"000000\"}]"},"geometry":{"type":"Point","coordinates":[-122.46244,48.743614]}},{"type":"Feature","properties":{"stop_id":"46","stop_code":"3294","stop_name":"Lincoln St at Lakeway Dr","stop_desc":"","zone_id":"","stop_url":"","location_type":"","parent_station":"","stop_timezone":"","wheelchair_boarding":"1","feed_id":"Washington__Whatcom_Transportation_Authority__mdb_mdb-284","agency_name":"Whatcom Transportation Authority","route_count":3,"route_ids":"190|190S|533","route_short_names":"190|190S|533","route_types":"3","route_type_names":"Bus","routes_json":"[{\"route_id\":\"190\",\"route_short_name\":\"190\",\"route_long_name\":\"Lincoln St&Downtown\",\"route_type\":\"3\",\"route_type_name\":\"Bus\",\"route_color\":\"0095DA\",\"route_text_color\":\"FFFFFF\"},{\"route_id\":\"190S\",\"route_short_name\":\"190S\",\"route_long_name\":\"Lincoln St&WWU\",\"route_type\":\"3\",\"route_type_name\":\"Bus\",\"route_color\":\"0095DA\",\"route_text_color\":\"000000\"},{\"route_id\":\"533\",\"route_short_name\":\"533\",\"route_long_name\":\"Yew St\",\"route_type\":\"3\",\"route_type_name\":\"Bus\",\"route_color\":\"F8C1D9\",\"route_text_color\":\"000000\"}]"},"geometry":{"type":"Point","coordinates":[-122.46297,48.743202]}},{"type":"Feature","properties":{"stop_id":"47","stop_code":"2663","stop_name":"Samish Way at Ridgemont Way","stop_desc":"","zone_id":"","stop_url":"","location_type":"","parent_station":"","stop_timezone":"","wheelchair_boarding":"1","feed_id":"Washington__Whatcom_Transportation_Authority__mdb_mdb-284","agency_name":"Whatcom Transportation Authority","route_count":1,"route_ids":"533","route_short_names":"533","route_types":"3","route_type_names":"Bus","routes_json":"[{\"route_id\":\"533\",\"route_short_name\":\"533\",\"route_long_name\":\"Yew St\",\"route_type\":\"3\",\"route_type_name\":\"Bus\",\"route_color\":\"F8C1D9\",\"route_text_color\":\"000000\"}]"},"geometry":{"type":"Point","coordinates":[-122.471819,48.727124]}},{"type":"Feature","properties":{"stop_id":"48","stop_code":"3306","stop_name":"Samish Way at Yew St","stop_desc":"","zone_id":"","stop_url":"","location_type":"","parent_station":"","stop_timezone":"","wheelchair_boarding":"1","feed_id":"Washington__Whatcom_Transportation_Authority__mdb_mdb-284","agency_name":"Whatcom Transportation Authority","route_count":1,"route_ids":"533","route_short_names":"533","route_types":"3","route_type_names":"Bus","routes_json":"[{\"route_id\":\"533\",\"route_short_name\":\"533\",\"route_long_name\":\"Yew St\",\"route_type\":\"3\",\"route_type_name\":\"Bus\",\"route_color\":\"F8C1D9\",\"route_text_color\":\"000000\"}]"},"geometry":{"type":"Point","coordinates":[-122.445413,48.706428]}},{"type":"Feature","properties":{"stop_id":"49","stop_code":"3316","stop_name":"Yew St at Old Lakeway Dr","stop_desc":"","zone_id":"","stop_url":"","location_type":"","parent_station":"","stop_timezone":"","wheelchair_boarding":"2","feed_id":"Washington__Whatcom_Transportation_Authority__mdb_mdb-284","agency_name":"Whatcom Transportation Authority","route_count":1,"route_ids":"533","route_short_names":"533","route_types":"3","route_type_names":"Bus","routes_json":"[{\"route_id\":\"533\",\"route_short_name\":\"533\",\"route_long_name\":\"Yew St\",\"route_type\":\"3\",\"route_type_name\":\"Bus\",\"route_color\":\"F8C1D9\",\"route_text_color\":\"000000\"}]"},"geometry":{"type":"Point","coordinates":[-122.442432,48.744006]}},{"type":"Feature","properties":{"stop_id":"50","stop_code":"3127","stop_name":"Lakeway Dr at Lincoln St","stop_desc":"","zone_id":"","stop_url":"","location_type":"","parent_station":"","stop_timezone":"","wheelchair_boarding":"1","feed_id":"Washington__Whatcom_Transportation_Authority__mdb_mdb-284","agency_name":"Whatcom Transportation Authority","route_count":5,"route_ids":"512|525|533|540|6","route_short_names":"512|525|533|540|6","route_types":"3","route_type_names":"Bus","routes_json":"[{\"route_id\":\"512\",\"route_short_name\":\"512\",\"route_long_name\":\"Sudden Valley&Downtown\",\"route_type\":\"3\",\"route_type_name\":\"Bus\",\"route_color\":\"F287B7\",\"route_text_color\":\"000000\"},{\"route_id\":\"525\",\"route_short_name\":\"525\",\"route_long_name\":\"Barkley&Downtown\",\"route_type\":\"3\",\"route_type_name\":\"Bus\",\"route_color\":\"8F53A1\",\"route_text_color\":\"FFFFFF\"},{\"route_id\":\"533\",\"route_short_name\":\"533\",\"route_long_name\":\"Yew St\",\"route_type\":\"3\",\"route_type_name\":\"Bus\",\"route_color\":\"F8C1D9\",\"route_text_color\":\"000000\"},{\"route_id\":\"540\",\"route_short_name\":\"540\",\"route_long_name\":\"Sunset&Downtown\",\"route_type\":\"3\",\"route_type_name\":\"Bus\",\"route_color\":\"5F3075\",\"route_text_color\":\"FFFFFF\"},{\"route_id\":\"6\",\"route_short_name\":\"6\",\"route_long_name\":\"Fraser&Downtown\",\"route_type\":\"3\",\"route_type_name\":\"Bus\",\"route_color\":\"008040\",\"route_text_color\":\"FFFFFF\"}]"},"geometry":{"type":"Point","coordinates":[-122.46195,48.74509]}},{"type":"Feature","properties":{"stop_id":"55","stop_code":"7255","stop_name":"Sunset Dr at Sunset Square","stop_desc":"","zone_id":"","stop_url":"","location_type":"","parent_station":"","stop_timezone":"","wheelchair_boarding":"1","feed_id":"Washington__Whatcom_Transportation_Authority__mdb_mdb-284","agency_name":"Whatcom Transportation Authority","route_count":2,"route_ids":"49|72X","route_short_names":"49|72X","route_types":"3","route_type_names":"Bus","routes_json":"[{\"route_id\":\"49\",\"route_short_name\":\"49\",\"route_long_name\":\"Downtown&Bakerview Spur\",\"route_type\":\"3\",\"route_type_name\":\"Bus\",\"route_color\":\"DA1F3D\",\"route_text_color\":\"FFFFFF\"},{\"route_id\":\"72X\",\"route_short_name\":\"72X\",\"route_long_name\":\"Kendall&Bellingham\",\"route_type\":\"3\",\"route_type_name\":\"Bus\",\"route_color\":\"952D4F\",\"route_text_color\":\"FFFFFF\"}]"},"geometry":{"type":"Point","coordinates":[-122.459156,48.77278]}},{"type":"Feature","properties":{"stop_id":"56","stop_code":"7233","stop_name":"Sunset Dr at Sunset Square","stop_desc":"","zone_id":"","stop_url":"","location_type":"","parent_station":"","stop_timezone":"","wheelchair_boarding":"1","feed_id":"Washington__Whatcom_Transportation_Authority__mdb_mdb-284","agency_name":"Whatcom Transportation Authority","route_count":2,"route_ids":"49|72X","route_short_names":"49|72X","route_types":"3","route_type_names":"Bus","routes_json":"[{\"route_id\":\"49\",\"route_short_name\":\"49\",\"route_long_name\":\"Downtown&Bakerview Spur\",\"route_type\":\"3\",\"route_type_name\":\"Bus\",\"route_color\":\"DA1F3D\",\"route_text_color\":\"FFFFFF\"},{\"route_id\":\"72X\",\"route_short_name\":\"72X\",\"route_long_name\":\"Kendall&Bellingham\",\"route_type\":\"3\",\"route_type_name\":\"Bus\",\"route_color\":\"952D4F\",\"route_text_color\":\"FFFFFF\"}]"},"geometry":{"type":"Point","coordinates":[-122.45852,48.772781]}},{"type":"Feature","properties":{"stop_id":"57","stop_code":"2666","stop_name":"Airport Dr at Airport Way","stop_desc":"","zone_id":"","stop_url":"","location_type":"","parent_station":"","stop_timezone":"","wheelchair_boarding":"2","feed_id":"Washington__Whatcom_Transportation_Authority__mdb_mdb-284","agency_name":"Whatcom Transportation Authority","route_count":2,"route_ids":"3|50","route_short_names":"3|50","route_types":"3","route_type_names":"Bus","routes_json":"[{\"route_id\":\"3\",\"route_short_name\":\"3\",\"route_long_name\":\"Airport/Cordata&Airport/Downtown\",\"route_type\":\"3\",\"route_type_name\":\"Bus\",\"route_color\":\"D7DF23\",\"route_text_color\":\"000000\"},{\"route_id\":\"50\",\"route_short_name\":\"50\",\"route_long_name\":\"LummiNation&Cordata/WCC\",\"route_type\":\"3\",\"route_type_name\":\"Bus\",\"route_color\":\"FFDD00\",\"route_text_color\":\"000000\"}]"},"geometry":{"type":"Point","coordinates":[-122.52454,48.786017]}},{"type":"Feature","properties":{"stop_id":"58","stop_code":"2443","stop_name":"Hoff Rd at Bayon Rd","stop_desc":"","zone_id":"","stop_url":"","location_type":"","parent_station":"","stop_timezone":"","wheelchair_boarding":"2","feed_id":"Washington__Whatcom_Transportation_Authority__mdb_mdb-284","agency_name":"Whatcom Transportation Authority","route_count":1,"route_ids":"50","route_short_names":"50","route_types":"3","route_type_names":"Bus","routes_json":"[{\"route_id\":\"50\",\"route_short_name\":\"50\",\"route_long_name\":\"LummiNation&Cordata/WCC\",\"route_type\":\"3\",\"route_type_name\":\"Bus\",\"route_color\":\"FFDD00\",\"route_text_color\":\"000000\"}]"},"geometry":{"type":"Point","coordinates":[-122.573569,48.78667]}},{"type":"Feature","properties":{"stop_id":"59","stop_code":"2543","stop_name":"Kwina Rd at Lummi Tribal Center","stop_desc":"","zone_id":"","stop_url":"","location_type":"","parent_station":"","stop_timezone":"","wheelchair_boarding":"2","feed_id":"Washington__Whatcom_Transportation_Authority__mdb_mdb-284","agency_name":"Whatcom Transportation Authority","route_count":1,"route_ids":"50","route_short_names":"50","route_types":"3","route_type_names":"Bus","routes_json":"[{\"route_id\":\"50\",\"route_short_name\":\"50\",\"route_long_name\":\"LummiNation&Cordata/WCC\",\"route_type\":\"3\",\"route_type_name\":\"Bus\",\"route_color\":\"FFDD00\",\"route_text_color\":\"000000\"}]"},"geometry":{"type":"Point","coordinates":[-122.624567,48.793873]}},{"type":"Feature","properties":{"stop_id":"60","stop_code":"2462","stop_name":"Lummi Island Ferry","stop_desc":"","zone_id":"","stop_url":"","location_type":"","parent_station":"","stop_timezone":"","wheelchair_boarding":"1","feed_id":"Washington__Whatcom_Transportation_Authority__mdb_mdb-284","agency_name":"Whatcom Transportation Authority","route_count":1,"route_ids":"50","route_short_names":"50","route_types":"3","route_type_names":"Bus","routes_json":"[{\"route_id\":\"50\",\"route_short_name\":\"50\",\"route_long_name\":\"LummiNation&Cordata/WCC\",\"route_type\":\"3\",\"route_type_name\":\"Bus\",\"route_color\":\"FFDD00\",\"route_text_color\":\"000000\"}]"},"geometry":{"type":"Point","coordinates":[-122.67046,48.73267]}},{"type":"Feature","properties":{"stop_id":"61","stop_code":"3326","stop_name":"Kwina Rd at Lummi Tribal Center","stop_desc":"","zone_id":"","stop_url":"","location_type":"","parent_station":"","stop_timezone":"","wheelchair_boarding":"1","feed_id":"Washington__Whatcom_Transportation_Authority__mdb_mdb-284","agency_name":"Whatcom Transportation Authority","route_count":1,"route_ids":"50","route_short_names":"50","route_types":"3","route_type_names":"Bus","routes_json":"[{\"route_id\":\"50\",\"route_short_name\":\"50\",\"route_long_name\":\"LummiNation&Cordata/WCC\",\"route_type\":\"3\",\"route_type_name\":\"Bus\",\"route_color\":\"FFDD00\",\"route_text_color\":\"000000\"}]"},"geometry":{"type":"Point","coordinates":[-122.623835,48.793713]}},{"type":"Feature","properties":{"stop_id":"62","stop_code":"2548","stop_name":"Hoff Rd at Bayon Rd","stop_desc":"","zone_id":"","stop_url":"","location_type":"","parent_station":"","stop_timezone":"","wheelchair_boarding":"2","feed_id":"Washington__Whatcom_Transportation_Authority__mdb_mdb-284","agency_name":"Whatcom Transportation Authority","route_count":1,"route_ids":"50","route_short_names":"50","route_types":"3","route_type_names":"Bus","routes_json":"[{\"route_id\":\"50\",\"route_short_name\":\"50\",\"route_long_name\":\"LummiNation&Cordata/WCC\",\"route_type\":\"3\",\"route_type_name\":\"Bus\",\"route_color\":\"FFDD00\",\"route_text_color\":\"000000\"}]"},"geometry":{"type":"Point","coordinates":[-122.573684,48.78656]}},{"type":"Feature","properties":{"stop_id":"63","stop_code":"2604","stop_name":"Airport Dr at Airport Way","stop_desc":"","zone_id":"","stop_url":"","location_type":"","parent_station":"","stop_timezone":"","wheelchair_boarding":"2","feed_id":"Washington__Whatcom_Transportation_Authority__mdb_mdb-284","agency_name":"Whatcom Transportation Authority","route_count":1,"route_ids":"50","route_short_names":"50","route_types":"3","route_type_names":"Bus","routes_json":"[{\"route_id\":\"50\",\"route_short_name\":\"50\",\"route_long_name\":\"LummiNation&Cordata/WCC\",\"route_type\":\"3\",\"route_type_name\":\"Bus\",\"route_color\":\"FFDD00\",\"route_text_color\":\"000000\"}]"},"geometry":{"type":"Point","coordinates":[-122.5253,48.785652]}},{"type":"Feature","properties":{"stop_id":"64","stop_code":"9370","stop_name":"Woburn St at North St","stop_desc":"","zone_id":"","stop_url":"","location_type":"","parent_station":"","stop_timezone":"","wheelchair_boarding":"1","feed_id":"Washington__Whatcom_Transportation_Authority__mdb_mdb-284","agency_name":"Whatcom Transportation Authority","route_count":2,"route_ids":"331|525","route_short_names":"331|525","route_types":"3","route_type_names":"Bus","routes_json":"[{\"route_id\":\"331\",\"route_short_name\":\"331\",\"route_long_name\":\"Cordata/WCC&Downtown\",\"route_type\":\"3\",\"route_type_name\":\"Bus\",\"route_color\":\"FAA61A\",\"route_text_color\":\"000000\"},{\"route_id\":\"525\",\"route_short_name\":\"525\",\"route_long_name\":\"Barkley&Downtown\",\"route_type\":\"3\",\"route_type_name\":\"Bus\",\"route_color\":\"8F53A1\",\"route_text_color\":\"FFFFFF\"}]"},"geometry":{"type":"Point","coordinates":[-122.44521,48.764305]}},{"type":"Feature","properties":{"stop_id":"65","stop_code":"2144","stop_name":"Woburn St at Barkley Village","stop_desc":"","zone_id":"","stop_url":"","location_type":"","parent_station":"","stop_timezone":"","wheelchair_boarding":"1","feed_id":"Washington__Whatcom_Transportation_Authority__mdb_mdb-284","agency_name":"Whatcom Transportation Authority","route_count":2,"route_ids":"331|525","route_short_names":"331|525","route_types":"3","route_type_names":"Bus","routes_json":"[{\"route_id\":\"331\",\"route_short_name\":\"331\",\"route_long_name\":\"Cordata/WCC&Downtown\",\"route_type\":\"3\",\"route_type_name\":\"Bus\",\"route_color\":\"FAA61A\",\"route_text_color\":\"000000\"},{\"route_id\":\"525\",\"route_short_name\":\"525\",\"route_long_name\":\"Barkley&Downtown\",\"route_type\":\"3\",\"route_type_name\":\"Bus\",\"route_color\":\"8F53A1\",\"route_text_color\":\"FFFFFF\"}]"},"geometry":{"type":"Point","coordinates":[-122.445153,48.76891]}},{"type":"Feature","properties":{"stop_id":"66","stop_code":"9432","stop_name":"Orleans St at Sunset Dr","stop_desc":"","zone_id":"","stop_url":"","location_type":"","parent_station":"","stop_timezone":"","wheelchair_boarding":"2","feed_id":"Washington__Whatcom_Transportation_Authority__mdb_mdb-284","agency_name":"Whatcom Transportation Authority","route_count":1,"route_ids":"540","route_short_names":"540","route_types":"3","route_type_names":"Bus","routes_json":"[{\"route_id\":\"540\",\"route_short_name\":\"540\",\"route_long_name\":\"Sunset&Downtown\",\"route_type\":\"3\",\"route_type_name\":\"Bus\",\"route_color\":\"5F3075\",\"route_text_color\":\"FFFFFF\"}]"},"geometry":{"type":"Point","coordinates":[-122.457576,48.771963]}},{"type":"Feature","properties":{"stop_id":"67","stop_code":"3351","stop_name":"McLeod Rd at Squalicum High School","stop_desc":"","zone_id":"","stop_url":"","location_type":"","parent_station":"","stop_timezone":"","wheelchair_boarding":"1","feed_id":"Washington__Whatcom_Transportation_Authority__mdb_mdb-284","agency_name":"Whatcom Transportation Authority","route_count":1,"route_ids":"540","route_short_names":"540","route_types":"3","route_type_names":"Bus","routes_json":"[{\"route_id\":\"540\",\"route_short_name\":\"540\",\"route_long_name\":\"Sunset&Downtown\",\"route_type\":\"3\",\"route_type_name\":\"Bus\",\"route_color\":\"5F3075\",\"route_text_color\":\"FFFFFF\"}]"},"geometry":{"type":"Point","coordinates":[-122.423947,48.782344]}},{"type":"Feature","properties":{"stop_id":"68","stop_code":"3342","stop_name":"Alabama St at Yew St","stop_desc":"","zone_id":"","stop_url":"","location_type":"","parent_station":"","stop_timezone":"","wheelchair_boarding":"2","feed_id":"Washington__Whatcom_Transportation_Authority__mdb_mdb-284","agency_name":"Whatcom Transportation Authority","route_count":2,"route_ids":"525|540","route_short_names":"525|540","route_types":"3","route_type_names":"Bus","routes_json":"[{\"route_id\":\"525\",\"route_short_name\":\"525\",\"route_long_name\":\"Barkley&Downtown\",\"route_type\":\"3\",\"route_type_name\":\"Bus\",\"route_color\":\"8F53A1\",\"route_text_color\":\"FFFFFF\"},{\"route_id\":\"540\",\"route_short_name\":\"540\",\"route_long_name\":\"Sunset&Downtown\",\"route_type\":\"3\",\"route_type_name\":\"Bus\",\"route_color\":\"5F3075\",\"route_text_color\":\"FFFFFF\"}]"},"geometry":{"type":"Point","coordinates":[-122.44312,48.762962]}},{"type":"Feature","properties":{"stop_id":"70","stop_code":"2517","stop_name":"McLeod Rd at Squalicum High School","stop_desc":"","zone_id":"","stop_url":"","location_type":"","parent_station":"","stop_timezone":"","wheelchair_boarding":"1","feed_id":"Washington__Whatcom_Transportation_Authority__mdb_mdb-284","agency_name":"Whatcom Transportation Authority","route_count":1,"route_ids":"540","route_short_names":"540","route_types":"3","route_type_names":"Bus","routes_json":"[{\"route_id\":\"540\",\"route_short_name\":\"540\",\"route_long_name\":\"Sunset&Downtown\",\"route_type\":\"3\",\"route_type_name\":\"Bus\",\"route_color\":\"5F3075\",\"route_text_color\":\"FFFFFF\"}]"},"geometry":{"type":"Point","coordinates":[-122.422699,48.782119]}},{"type":"Feature","properties":{"stop_id":"71","stop_code":"3032","stop_name":"Woburn St at Texas St","stop_desc":"","zone_id":"","stop_url":"","location_type":"","parent_station":"","stop_timezone":"","wheelchair_boarding":"2","feed_id":"Washington__Whatcom_Transportation_Authority__mdb_mdb-284","agency_name":"Whatcom Transportation Authority","route_count":1,"route_ids":"540","route_short_names":"540","route_types":"3","route_type_names":"Bus","routes_json":"[{\"route_id\":\"540\",\"route_short_name\":\"540\",\"route_long_name\":\"Sunset&Downtown\",\"route_type\":\"3\",\"route_type_name\":\"Bus\",\"route_color\":\"5F3075\",\"route_text_color\":\"FFFFFF\"}]"},"geometry":{"type":"Point","coordinates":[-122.445435,48.761295]}},{"type":"Feature","properties":{"stop_id":"72","stop_code":"2834","stop_name":"Woburn St at Barkley Village","stop_desc":"","zone_id":"","stop_url":"","location_type":"","parent_station":"","stop_timezone":"","wheelchair_boarding":"1","feed_id":"Washington__Whatcom_Transportation_Authority__mdb_mdb-284","agency_name":"Whatcom Transportation Authority","route_count":2,"route_ids":"331|525","route_short_names":"331|525","route_types":"3","route_type_names":"Bus","routes_json":"[{\"route_id\":\"331\",\"route_short_name\":\"331\",\"route_long_name\":\"Cordata/WCC&Downtown\",\"route_type\":\"3\",\"route_type_name\":\"Bus\",\"route_color\":\"FAA61A\",\"route_text_color\":\"000000\"},{\"route_id\":\"525\",\"route_short_name\":\"525\",\"route_long_name\":\"Barkley&Downtown\",\"route_type\":\"3\",\"route_type_name\":\"Bus\",\"route_color\":\"8F53A1\",\"route_text_color\":\"FFFFFF\"}]"},"geometry":{"type":"Point","coordinates":[-122.445485,48.768804]}},{"type":"Feature","properties":{"stop_id":"73","stop_code":"3001","stop_name":"Electric Ave at Whatcom Falls Park","stop_desc":"","zone_id":"","stop_url":"","location_type":"","parent_station":"","stop_timezone":"","wheelchair_boarding":"2","feed_id":"Washington__Whatcom_Transportation_Authority__mdb_mdb-284","agency_name":"Whatcom Transportation Authority","route_count":1,"route_ids":"525","route_short_names":"525","route_types":"3","route_type_names":"Bus","routes_json":"[{\"route_id\":\"525\",\"route_short_name\":\"525\",\"route_long_name\":\"Barkley&Downtown\",\"route_type\":\"3\",\"route_type_name\":\"Bus\",\"route_color\":\"8F53A1\",\"route_text_color\":\"FFFFFF\"}]"},"geometry":{"type":"Point","coordinates":[-122.425969,48.749473]}},{"type":"Feature","properties":{"stop_id":"74","stop_code":"2167","stop_name":"Northshore Dr at Poplar Dr","stop_desc":"","zone_id":"","stop_url":"","location_type":"","parent_station":"","stop_timezone":"","wheelchair_boarding":"2","feed_id":"Washington__Whatcom_Transportation_Authority__mdb_mdb-284","agency_name":"Whatcom Transportation Authority","route_count":1,"route_ids":"540","route_short_names":"540","route_types":"3","route_type_names":"Bus","routes_json":"[{\"route_id\":\"540\",\"route_short_name\":\"540\",\"route_long_name\":\"Sunset&Downtown\",\"route_type\":\"3\",\"route_type_name\":\"Bus\",\"route_color\":\"5F3075\",\"route_text_color\":\"FFFFFF\"}]"},"geometry":{"type":"Point","coordinates":[-122.412876,48.766241]}},{"type":"Feature","properties":{"stop_id":"75","stop_code":"3339","stop_name":"Northshore Dr at Poplar Dr","stop_desc":"","zone_id":"","stop_url":"","location_type":"","parent_station":"","stop_timezone":"","wheelchair_boarding":"1","feed_id":"Washington__Whatcom_Transportation_Authority__mdb_mdb-284","agency_name":"Whatcom Transportation Authority","route_count":1,"route_ids":"540","route_short_names":"540","route_types":"3","route_type_names":"Bus","routes_json":"[{\"route_id\":\"540\",\"route_short_name\":\"540\",\"route_long_name\":\"Sunset&Downtown\",\"route_type\":\"3\",\"route_type_name\":\"Bus\",\"route_color\":\"5F3075\",\"route_text_color\":\"FFFFFF\"}]"},"geometry":{"type":"Point","coordinates":[-122.41219,48.766637]}},{"type":"Feature","properties":{"stop_id":"76","stop_code":"3341","stop_name":"Electric Ave at Whatcom Falls Park","stop_desc":"","zone_id":"","stop_url":"","location_type":"","parent_station":"","stop_timezone":"","wheelchair_boarding":"1","feed_id":"Washington__Whatcom_Transportation_Authority__mdb_mdb-284","agency_name":"Whatcom Transportation Authority","route_count":2,"route_ids":"512|525","route_short_names":"512|525","route_types":"3","route_type_names":"Bus","routes_json":"[{\"route_id\":\"512\",\"route_short_name\":\"512\",\"route_long_name\":\"Sudden Valley&Downtown\",\"route_type\":\"3\",\"route_type_name\":\"Bus\",\"route_color\":\"F287B7\",\"route_text_color\":\"000000\"},{\"route_id\":\"525\",\"route_short_name\":\"525\",\"route_long_name\":\"Barkley&Downtown\",\"route_type\":\"3\",\"route_type_name\":\"Bus\",\"route_color\":\"8F53A1\",\"route_text_color\":\"FFFFFF\"}]"},"geometry":{"type":"Point","coordinates":[-122.426743,48.74934]}},{"type":"Feature","properties":{"stop_id":"77","stop_code":"2082","stop_name":"Bill McDonald Pkwy at Samish Way","stop_desc":"","zone_id":"","stop_url":"","location_type":"","parent_station":"","stop_timezone":"","wheelchair_boarding":"1","feed_id":"Washington__Whatcom_Transportation_Authority__mdb_mdb-284","agency_name":"Whatcom Transportation Authority","route_count":5,"route_ids":"190|190S|5|7|98","route_short_names":"190|190S|5|7|98","route_types":"3","route_type_names":"Bus","routes_json":"[{\"route_id\":\"190\",\"route_short_name\":\"190\",\"route_long_name\":\"Lincoln St&Downtown\",\"route_type\":\"3\",\"route_type_name\":\"Bus\",\"route_color\":\"0095DA\",\"route_text_color\":\"FFFFFF\"},{\"route_id\":\"190S\",\"route_short_name\":\"190S\",\"route_long_name\":\"Lincoln St&WWU\",\"route_type\":\"3\",\"route_type_name\":\"Bus\",\"route_color\":\"0095DA\",\"route_text_color\":\"000000\"},{\"route_id\":\"5\",\"route_short_name\":\"5\",\"route_long_name\":\"Samish/Fairhaven&Samish/Downtown\",\"route_type\":\"3\",\"route_type_name\":\"Bus\",\"route_color\":\"0000FF\",\"route_text_color\":\"FFFFFF\"},{\"route_id\":\"7\",\"route_short_name\":\"7\",\"route_long_name\":\"Samish/WWU&Samish/Downtown\",\"route_type\":\"3\",\"route_type_name\":\"Bus\",\"route_color\":\"0000FF\",\"route_text_color\":\"FFFFFF\"},{\"route_id\":\"98\",\"route_short_name\":\"98\",\"route_long_name\":\"WWU&Samish\",\"route_type\":\"3\",\"route_type_name\":\"Bus\",\"route_color\":\"ABE1FA\",\"route_text_color\":\"000000\"}]"},"geometry":{"type":"Point","coordinates":[-122.470799,48.733701]}},{"type":"Feature","properties":{"stop_id":"78","stop_code":"5516","stop_name":"Birch Bay Square","stop_desc":"","zone_id":"","stop_url":"","location_type":"","parent_station":"","stop_timezone":"","wheelchair_boarding":"1","feed_id":"Washington__Whatcom_Transportation_Authority__mdb_mdb-284","agency_name":"Whatcom Transportation Authority","route_count":1,"route_ids":"75","route_short_names":"75","route_types":"3","route_type_names":"Bus","routes_json":"[{\"route_id\":\"75\",\"route_short_name\":\"75\",\"route_long_name\":\"Blaine/Birch Bay&Bellingham\",\"route_type\":\"3\",\"route_type_name\":\"Bus\",\"route_color\":\"F05B7D\",\"route_text_color\":\"FFFFFF\"}]"},"geometry":{"type":"Point","coordinates":[-122.668774,48.936675]}},{"type":"Feature","properties":{"stop_id":"80","stop_code":"2059","stop_name":"Bill McDonald Pkwy at Samish Way","stop_desc":"","zone_id":"","stop_url":"","location_type":"","parent_station":"","stop_timezone":"","wheelchair_boarding":"1","feed_id":"Washington__Whatcom_Transportation_Authority__mdb_mdb-284","agency_name":"Whatcom Transportation Authority","route_count":5,"route_ids":"190|190S|5|7|97","route_short_names":"190|190S|5|7|97","route_types":"3","route_type_names":"Bus","routes_json":"[{\"route_id\":\"190\",\"route_short_name\":\"190\",\"route_long_name\":\"Lincoln St&Downtown\",\"route_type\":\"3\",\"route_type_name\":\"Bus\",\"route_color\":\"0095DA\",\"route_text_color\":\"FFFFFF\"},{\"route_id\":\"190S\",\"route_short_name\":\"190S\",\"route_long_name\":\"Lincoln St&WWU\",\"route_type\":\"3\",\"route_type_name\":\"Bus\",\"route_color\":\"0095DA\",\"route_text_color\":\"000000\"},{\"route_id\":\"5\",\"route_short_name\":\"5\",\"route_long_name\":\"Samish/Fairhaven&Samish/Downtown\",\"route_type\":\"3\",\"route_type_name\":\"Bus\",\"route_color\":\"0000FF\",\"route_text_color\":\"FFFFFF\"},{\"route_id\":\"7\",\"route_short_name\":\"7\",\"route_long_name\":\"Samish/WWU&Samish/Downtown\",\"route_type\":\"3\",\"route_type_name\":\"Bus\",\"route_color\":\"0000FF\",\"route_text_color\":\"FFFFFF\"},{\"route_id\":\"97\",\"route_short_name\":\"97\",\"route_long_name\":\"WWU&Samish\",\"route_type\":\"3\",\"route_type_name\":\"Bus\",\"route_color\":\"034EA2\",\"route_text_color\":\"FFFFFF\"}]"},"geometry":{"type":"Point","coordinates":[-122.471904,48.733173]}},{"type":"Feature","properties":{"stop_id":"81","stop_code":"9999","stop_name":"Lincoln Creek Park & Ride","stop_desc":"","zone_id":"","stop_url":"","location_type":"","parent_station":"","stop_timezone":"","wheelchair_boarding":"1","feed_id":"Washington__Whatcom_Transportation_Authority__mdb_mdb-284","agency_name":"Whatcom Transportation Authority","route_count":4,"route_ids":"190|190S|533|80X","route_short_names":"190|190S|533|80X","route_types":"3","route_type_names":"Bus","routes_json":"[{\"route_id\":\"190\",\"route_short_name\":\"190\",\"route_long_name\":\"Lincoln St&Downtown\",\"route_type\":\"3\",\"route_type_name\":\"Bus\",\"route_color\":\"0095DA\",\"route_text_color\":\"FFFFFF\"},{\"route_id\":\"190S\",\"route_short_name\":\"190S\",\"route_long_name\":\"Lincoln St&WWU\",\"route_type\":\"3\",\"route_type_name\":\"Bus\",\"route_color\":\"0095DA\",\"route_text_color\":\"000000\"},{\"route_id\":\"533\",\"route_short_name\":\"533\",\"route_long_name\":\"Yew St\",\"route_type\":\"3\",\"route_type_name\":\"Bus\",\"route_color\":\"F8C1D9\",\"route_text_color\":\"000000\"},{\"route_id\":\"80X\",\"route_short_name\":\"80X\",\"route_long_name\":\"Mt. Vernon&Bellingham\",\"route_type\":\"3\",\"route_type_name\":\"Bus\",\"route_color\":\"B86964\",\"route_text_color\":\"FFFFFF\"}]"},"geometry":{"type":"Point","coordinates":[-122.46602,48.734558]}},{"type":"Feature","properties":{"stop_id":"82","stop_code":"2908","stop_name":"Alger Park & Ride","stop_desc":"","zone_id":"","stop_url":"","location_type":"","parent_station":"","stop_timezone":"","wheelchair_boarding":"1","feed_id":"Washington__Whatcom_Transportation_Authority__mdb_mdb-284","agency_name":"Whatcom Transportation Authority","route_count":1,"route_ids":"80X","route_short_names":"80X","route_types":"3","route_type_names":"Bus","routes_json":"[{\"route_id\":\"80X\",\"route_short_name\":\"80X\",\"route_long_name\":\"Mt. Vernon&Bellingham\",\"route_type\":\"3\",\"route_type_name\":\"Bus\",\"route_color\":\"B86964\",\"route_text_color\":\"FFFFFF\"}]"},"geometry":{"type":"Point","coordinates":[-122.353093,48.619999]}},{"type":"Feature","properties":{"stop_id":"83","stop_code":"2910","stop_name":"Skagit Station","stop_desc":"","zone_id":"","stop_url":"","location_type":"","parent_station":"","stop_timezone":"","wheelchair_boarding":"1","feed_id":"Washington__Whatcom_Transportation_Authority__mdb_mdb-284","agency_name":"Whatcom Transportation Authority","route_count":1,"route_ids":"80X","route_short_names":"80X","route_types":"3","route_type_names":"Bus","routes_json":"[{\"route_id\":\"80X\",\"route_short_name\":\"80X\",\"route_long_name\":\"Mt. Vernon&Bellingham\",\"route_type\":\"3\",\"route_type_name\":\"Bus\",\"route_color\":\"B86964\",\"route_text_color\":\"FFFFFF\"}]"},"geometry":{"type":"Point","coordinates":[-122.33413,48.418167]}},{"type":"Feature","properties":{"stop_id":"85","stop_code":"3074","stop_name":"Bill McDonald Pkwy at Birnam Wood","stop_desc":"","zone_id":"","stop_url":"","location_type":"","parent_station":"","stop_timezone":"","wheelchair_boarding":"1","feed_id":"Washington__Whatcom_Transportation_Authority__mdb_mdb-284","agency_name":"Whatcom Transportation Authority","route_count":3,"route_ids":"190|190S|98","route_short_names":"190|190S|98","route_types":"3","route_type_names":"Bus","routes_json":"[{\"route_id\":\"190\",\"route_short_name\":\"190\",\"route_long_name\":\"Lincoln St&Downtown\",\"route_type\":\"3\",\"route_type_name\":\"Bus\",\"route_color\":\"0095DA\",\"route_text_color\":\"FFFFFF\"},{\"route_id\":\"190S\",\"route_short_name\":\"190S\",\"route_long_name\":\"Lincoln St&WWU\",\"route_type\":\"3\",\"route_type_name\":\"Bus\",\"route_color\":\"0095DA\",\"route_text_color\":\"000000\"},{\"route_id\":\"98\",\"route_short_name\":\"98\",\"route_long_name\":\"WWU&Samish\",\"route_type\":\"3\",\"route_type_name\":\"Bus\",\"route_color\":\"ABE1FA\",\"route_text_color\":\"000000\"}]"},"geometry":{"type":"Point","coordinates":[-122.478078,48.730836]}},{"type":"Feature","properties":{"stop_id":"86","stop_code":"8181","stop_name":"Bill McDonald Pkwy at Rec Center","stop_desc":"","zone_id":"","stop_url":"","location_type":"","parent_station":"","stop_timezone":"","wheelchair_boarding":"1","feed_id":"Washington__Whatcom_Transportation_Authority__mdb_mdb-284","agency_name":"Whatcom Transportation Authority","route_count":6,"route_ids":"14|14S|190|190S|7|97","route_short_names":"14|14S|190|190S|7|97","route_types":"3","route_type_names":"Bus","routes_json":"[{\"route_id\":\"14\",\"route_short_name\":\"14\",\"route_long_name\":\"Fairhaven&Downtown\",\"route_type\":\"3\",\"route_type_name\":\"Bus\",\"route_color\":\"009FC3\",\"route_text_color\":\"FFFFFF\"},{\"route_id\":\"14S\",\"route_short_name\":\"14S\",\"route_long_name\":\"WWU&Billy Frank Jr\",\"route_type\":\"3\",\"route_type_name\":\"Bus\",\"route_color\":\"009FC3\",\"route_text_color\":\"000000\"},{\"route_id\":\"190\",\"route_short_name\":\"190\",\"route_long_name\":\"Lincoln St&Downtown\",\"route_type\":\"3\",\"route_type_name\":\"Bus\",\"route_color\":\"0095DA\",\"route_text_color\":\"FFFFFF\"},{\"route_id\":\"190S\",\"route_short_name\":\"190S\",\"route_long_name\":\"Lincoln St&WWU\",\"route_type\":\"3\",\"route_type_name\":\"Bus\",\"route_color\":\"0095DA\",\"route_text_color\":\"000000\"},{\"route_id\":\"7\",\"route_short_name\":\"7\",\"route_long_name\":\"Samish/WWU&Samish/Downtown\",\"route_type\":\"3\",\"route_type_name\":\"Bus\",\"route_color\":\"0000FF\",\"route_text_color\":\"FFFFFF\"},{\"route_id\":\"97\",\"route_short_name\":\"97\",\"route_long_name\":\"WWU&Samish\",\"route_type\":\"3\",\"route_type_name\":\"Bus\",\"route_color\":\"034EA2\",\"route_text_color\":\"FFFFFF\"}]"},"geometry":{"type":"Point","coordinates":[-122.489106,48.730423]}},{"type":"Feature","properties":{"stop_id":"87","stop_code":"2058","stop_name":"Bill McDonald Pkwy at Birnam Wood","stop_desc":"","zone_id":"","stop_url":"","location_type":"","parent_station":"","stop_timezone":"","wheelchair_boarding":"1","feed_id":"Washington__Whatcom_Transportation_Authority__mdb_mdb-284","agency_name":"Whatcom Transportation Authority","route_count":3,"route_ids":"190|190S|97","route_short_names":"190|190S|97","route_types":"3","route_type_names":"Bus","routes_json":"[{\"route_id\":\"190\",\"route_short_name\":\"190\",\"route_long_name\":\"Lincoln St&Downtown\",\"route_type\":\"3\",\"route_type_name\":\"Bus\",\"route_color\":\"0095DA\",\"route_text_color\":\"FFFFFF\"},{\"route_id\":\"190S\",\"route_short_name\":\"190S\",\"route_long_name\":\"Lincoln St&WWU\",\"route_type\":\"3\",\"route_type_name\":\"Bus\",\"route_color\":\"0095DA\",\"route_text_color\":\"000000\"},{\"route_id\":\"97\",\"route_short_name\":\"97\",\"route_long_name\":\"WWU&Samish\",\"route_type\":\"3\",\"route_type_name\":\"Bus\",\"route_color\":\"034EA2\",\"route_text_color\":\"FFFFFF\"}]"},"geometry":{"type":"Point","coordinates":[-122.47756,48.730842]}},{"type":"Feature","properties":{"stop_id":"88","stop_code":"3076","stop_name":"Bill McDonald Pkwy at Rec Center","stop_desc":"","zone_id":"","stop_url":"","location_type":"","parent_station":"","stop_timezone":"","wheelchair_boarding":"1","feed_id":"Washington__Whatcom_Transportation_Authority__mdb_mdb-284","agency_name":"Whatcom Transportation Authority","route_count":5,"route_ids":"14|14S|190|190S|98","route_short_names":"14|14S|190|190S|98","route_types":"3","route_type_names":"Bus","routes_json":"[{\"route_id\":\"14\",\"route_short_name\":\"14\",\"route_long_name\":\"Fairhaven&Downtown\",\"route_type\":\"3\",\"route_type_name\":\"Bus\",\"route_color\":\"009FC3\",\"route_text_color\":\"FFFFFF\"},{\"route_id\":\"14S\",\"route_short_name\":\"14S\",\"route_long_name\":\"WWU&Billy Frank Jr\",\"route_type\":\"3\",\"route_type_name\":\"Bus\",\"route_color\":\"009FC3\",\"route_text_color\":\"000000\"},{\"route_id\":\"190\",\"route_short_name\":\"190\",\"route_long_name\":\"Lincoln St&Downtown\",\"route_type\":\"3\",\"route_type_name\":\"Bus\",\"route_color\":\"0095DA\",\"route_text_color\":\"FFFFFF\"},{\"route_id\":\"190S\",\"route_short_name\":\"190S\",\"route_long_name\":\"Lincoln St&WWU\",\"route_type\":\"3\",\"route_type_name\":\"Bus\",\"route_color\":\"0095DA\",\"route_text_color\":\"000000\"},{\"route_id\":\"98\",\"route_short_name\":\"98\",\"route_long_name\":\"WWU&Samish\",\"route_type\":\"3\",\"route_type_name\":\"Bus\",\"route_color\":\"ABE1FA\",\"route_text_color\":\"000000\"}]"},"geometry":{"type":"Point","coordinates":[-122.48873,48.730434]}},{"type":"Feature","properties":{"stop_id":"90","stop_code":"2690","stop_name":"30th St at Cowgill Ave","stop_desc":"","zone_id":"","stop_url":"","location_type":"","parent_station":"","stop_timezone":"","wheelchair_boarding":"2","feed_id":"Washington__Whatcom_Transportation_Authority__mdb_mdb-284","agency_name":"Whatcom Transportation Authority","route_count":1,"route_ids":"5","route_short_names":"5","route_types":"3","route_type_names":"Bus","routes_json":"[{\"route_id\":\"5\",\"route_short_name\":\"5\",\"route_long_name\":\"Samish/Fairhaven&Samish/Downtown\",\"route_type\":\"3\",\"route_type_name\":\"Bus\",\"route_color\":\"0000FF\",\"route_text_color\":\"FFFFFF\"}]"},"geometry":{"type":"Point","coordinates":[-122.478251,48.715412]}},{"type":"Feature","properties":{"stop_id":"92","stop_code":"9393","stop_name":"Fairhaven Transportation Center","stop_desc":"","zone_id":"","stop_url":"","location_type":"","parent_station":"","stop_timezone":"","wheelchair_boarding":"1","feed_id":"Washington__Whatcom_Transportation_Authority__mdb_mdb-284","agency_name":"Whatcom Transportation Authority","route_count":3,"route_ids":"1|14|5","route_short_names":"1|14|5","route_types":"3","route_type_names":"Bus","routes_json":"[{\"route_id\":\"1\",\"route_short_name\":\"1\",\"route_long_name\":\"Fairhaven&Downtown\",\"route_type\":\"3\",\"route_type_name\":\"Bus\",\"route_color\":\"E5BFA1\",\"route_text_color\":\"000000\"},{\"route_id\":\"14\",\"route_short_name\":\"14\",\"route_long_name\":\"Fairhaven&Downtown\",\"route_type\":\"3\",\"route_type_name\":\"Bus\",\"route_color\":\"009FC3\",\"route_text_color\":\"FFFFFF\"},{\"route_id\":\"5\",\"route_short_name\":\"5\",\"route_long_name\":\"Samish/Fairhaven&Samish/Downtown\",\"route_type\":\"3\",\"route_type_name\":\"Bus\",\"route_color\":\"0000FF\",\"route_text_color\":\"FFFFFF\"}]"},"geometry":{"type":"Point","coordinates":[-122.51069,48.720356]}},{"type":"Feature","properties":{"stop_id":"93","stop_code":"2697","stop_name":"30th St at Cowgill Ave","stop_desc":"","zone_id":"","stop_url":"","location_type":"","parent_station":"","stop_timezone":"","wheelchair_boarding":"1","feed_id":"Washington__Whatcom_Transportation_Authority__mdb_mdb-284","agency_name":"Whatcom Transportation Authority","route_count":1,"route_ids":"5","route_short_names":"5","route_types":"3","route_type_names":"Bus","routes_json":"[{\"route_id\":\"5\",\"route_short_name\":\"5\",\"route_long_name\":\"Samish/Fairhaven&Samish/Downtown\",\"route_type\":\"3\",\"route_type_name\":\"Bus\",\"route_color\":\"0000FF\",\"route_text_color\":\"FFFFFF\"}]"},"geometry":{"type":"Point","coordinates":[-122.47807,48.715366]}},{"type":"Feature","properties":{"stop_id":"94","stop_code":"2264","stop_name":"Northwest Ave at Illinois St","stop_desc":"","zone_id":"","stop_url":"","location_type":"","parent_station":"","stop_timezone":"","wheelchair_boarding":"1","feed_id":"Washington__Whatcom_Transportation_Authority__mdb_mdb-284","agency_name":"Whatcom Transportation Authority","route_count":1,"route_ids":"232","route_short_names":"232","route_types":"3","route_type_names":"Bus","routes_json":"[{\"route_id\":\"232\",\"route_short_name\":\"232\",\"route_long_name\":\"Cordata/WCC&Downtown\",\"route_type\":\"3\",\"route_type_name\":\"Bus\",\"route_color\":\"8DC63F\",\"route_text_color\":\"FFFFFF\"}]"},"geometry":{"type":"Point","coordinates":[-122.491449,48.768693]}},{"type":"Feature","properties":{"stop_id":"95","stop_code":"9749","stop_name":"Northwest Ave at Bakerview Rd","stop_desc":"","zone_id":"","stop_url":"","location_type":"","parent_station":"","stop_timezone":"","wheelchair_boarding":"1","feed_id":"Washington__Whatcom_Transportation_Authority__mdb_mdb-284","agency_name":"Whatcom Transportation Authority","route_count":1,"route_ids":"232","route_short_names":"232","route_types":"3","route_type_names":"Bus","routes_json":"[{\"route_id\":\"232\",\"route_short_name\":\"232\",\"route_long_name\":\"Cordata/WCC&Downtown\",\"route_type\":\"3\",\"route_type_name\":\"Bus\",\"route_color\":\"8DC63F\",\"route_text_color\":\"FFFFFF\"}]"},"geometry":{"type":"Point","coordinates":[-122.505985,48.787616]}},{"type":"Feature","properties":{"stop_id":"96","stop_code":"9750","stop_name":"Northwest Ave at Bakerview Rd","stop_desc":"","zone_id":"","stop_url":"","location_type":"","parent_station":"","stop_timezone":"","wheelchair_boarding":"1","feed_id":"Washington__Whatcom_Transportation_Authority__mdb_mdb-284","agency_name":"Whatcom Transportation Authority","route_count":1,"route_ids":"232","route_short_names":"232","route_types":"3","route_type_names":"Bus","routes_json":"[{\"route_id\":\"232\",\"route_short_name\":\"232\",\"route_long_name\":\"Cordata/WCC&Downtown\",\"route_type\":\"3\",\"route_type_name\":\"Bus\",\"route_color\":\"8DC63F\",\"route_text_color\":\"FFFFFF\"}]"},"geometry":{"type":"Point","coordinates":[-122.5068,48.78833]}},{"type":"Feature","properties":{"stop_id":"97","stop_code":"3216","stop_name":"Northwest Ave at Illinois St","stop_desc":"","zone_id":"","stop_url":"","location_type":"","parent_station":"","stop_timezone":"","wheelchair_boarding":"1","feed_id":"Washington__Whatcom_Transportation_Authority__mdb_mdb-284","agency_name":"Whatcom Transportation Authority","route_count":1,"route_ids":"232","route_short_names":"232","route_types":"3","route_type_names":"Bus","routes_json":"[{\"route_id\":\"232\",\"route_short_name\":\"232\",\"route_long_name\":\"Cordata/WCC&Downtown\",\"route_type\":\"3\",\"route_type_name\":\"Bus\",\"route_color\":\"8DC63F\",\"route_text_color\":\"FFFFFF\"}]"},"geometry":{"type":"Point","coordinates":[-122.49165,48.768639]}},{"type":"Feature","properties":{"stop_id":"98","stop_code":"3260","stop_name":"Alabama St at James St","stop_desc":"","zone_id":"","stop_url":"","location_type":"","parent_station":"","stop_timezone":"","wheelchair_boarding":"1","feed_id":"Washington__Whatcom_Transportation_Authority__mdb_mdb-284","agency_name":"Whatcom Transportation Authority","route_count":1,"route_ids":"331","route_short_names":"331","route_types":"3","route_type_names":"Bus","routes_json":"[{\"route_id\":\"331\",\"route_short_name\":\"331\",\"route_long_name\":\"Cordata/WCC&Downtown\",\"route_type\":\"3\",\"route_type_name\":\"Bus\",\"route_color\":\"FAA61A\",\"route_text_color\":\"000000\"}]"},"geometry":{"type":"Point","coordinates":[-122.463897,48.762935]}},{"type":"Feature","properties":{"stop_id":"99","stop_code":"3268","stop_name":"Alabama St at Valencia St","stop_desc":"","zone_id":"","stop_url":"","location_type":"","parent_station":"","stop_timezone":"","wheelchair_boarding":"1","feed_id":"Washington__Whatcom_Transportation_Authority__mdb_mdb-284","agency_name":"Whatcom Transportation Authority","route_count":1,"route_ids":"331","route_short_names":"331","route_types":"3","route_type_names":"Bus","routes_json":"[{\"route_id\":\"331\",\"route_short_name\":\"331\",\"route_long_name\":\"Cordata/WCC&Downtown\",\"route_type\":\"3\",\"route_type_name\":\"Bus\",\"route_color\":\"FAA61A\",\"route_text_color\":\"000000\"}]"},"geometry":{"type":"Point","coordinates":[-122.44723,48.763112]}},{"type":"Feature","properties":{"stop_id":"100","stop_code":"3269","stop_name":"Alabama St at James St","stop_desc":"","zone_id":"","stop_url":"","location_type":"","parent_station":"","stop_timezone":"","wheelchair_boarding":"1","feed_id":"Washington__Whatcom_Transportation_Authority__mdb_mdb-284","agency_name":"Whatcom Transportation Authority","route_count":1,"route_ids":"331","route_short_names":"331","route_types":"3","route_type_names":"Bus","routes_json":"[{\"route_id\":\"331\",\"route_short_name\":\"331\",\"route_long_name\":\"Cordata/WCC&Downtown\",\"route_type\":\"3\",\"route_type_name\":\"Bus\",\"route_color\":\"FAA61A\",\"route_text_color\":\"000000\"}]"},"geometry":{"type":"Point","coordinates":[-122.464549,48.763121]}},{"type":"Feature","properties":{"stop_id":"101","stop_code":"3280","stop_name":"12th St at McKenzie Ave","stop_desc":"","zone_id":"","stop_url":"","location_type":"","parent_station":"","stop_timezone":"","wheelchair_boarding":"1","feed_id":"Washington__Whatcom_Transportation_Authority__mdb_mdb-284","agency_name":"Whatcom Transportation Authority","route_count":1,"route_ids":"1","route_short_names":"1","route_types":"3","route_type_names":"Bus","routes_json":"[{\"route_id\":\"1\",\"route_short_name\":\"1\",\"route_long_name\":\"Fairhaven&Downtown\",\"route_type\":\"3\",\"route_type_name\":\"Bus\",\"route_color\":\"E5BFA1\",\"route_text_color\":\"000000\"}]"},"geometry":{"type":"Point","coordinates":[-122.502352,48.719096]}},{"type":"Feature","properties":{"stop_id":"102","stop_code":"3283","stop_name":"State St at Cedar St","stop_desc":"","zone_id":"","stop_url":"","location_type":"","parent_station":"","stop_timezone":"","wheelchair_boarding":"1","feed_id":"Washington__Whatcom_Transportation_Authority__mdb_mdb-284","agency_name":"Whatcom Transportation Authority","route_count":1,"route_ids":"1","route_short_names":"1","route_types":"3","route_type_names":"Bus","routes_json":"[{\"route_id\":\"1\",\"route_short_name\":\"1\",\"route_long_name\":\"Fairhaven&Downtown\",\"route_type\":\"3\",\"route_type_name\":\"Bus\",\"route_color\":\"E5BFA1\",\"route_text_color\":\"000000\"}]"},"geometry":{"type":"Point","coordinates":[-122.48884,48.740402]}},{"type":"Feature","properties":{"stop_id":"103","stop_code":"3103","stop_name":"Lakeway Dr at Woburn St","stop_desc":"","zone_id":"","stop_url":"","location_type":"","parent_station":"","stop_timezone":"","wheelchair_boarding":"2","feed_id":"Washington__Whatcom_Transportation_Authority__mdb_mdb-284","agency_name":"Whatcom Transportation Authority","route_count":2,"route_ids":"512|525","route_short_names":"512|525","route_types":"3","route_type_names":"Bus","routes_json":"[{\"route_id\":\"512\",\"route_short_name\":\"512\",\"route_long_name\":\"Sudden Valley&Downtown\",\"route_type\":\"3\",\"route_type_name\":\"Bus\",\"route_color\":\"F287B7\",\"route_text_color\":\"000000\"},{\"route_id\":\"525\",\"route_short_name\":\"525\",\"route_long_name\":\"Barkley&Downtown\",\"route_type\":\"3\",\"route_type_name\":\"Bus\",\"route_color\":\"8F53A1\",\"route_text_color\":\"FFFFFF\"}]"},"geometry":{"type":"Point","coordinates":[-122.441431,48.746155]}},{"type":"Feature","properties":{"stop_id":"104","stop_code":"1195","stop_name":"Cable St at Geneva St","stop_desc":"","zone_id":"","stop_url":"","location_type":"","parent_station":"","stop_timezone":"","wheelchair_boarding":"1","feed_id":"Washington__Whatcom_Transportation_Authority__mdb_mdb-284","agency_name":"Whatcom Transportation Authority","route_count":1,"route_ids":"512","route_short_names":"512","route_types":"3","route_type_names":"Bus","routes_json":"[{\"route_id\":\"512\",\"route_short_name\":\"512\",\"route_long_name\":\"Sudden Valley&Downtown\",\"route_type\":\"3\",\"route_type_name\":\"Bus\",\"route_color\":\"F287B7\",\"route_text_color\":\"000000\"}]"},"geometry":{"type":"Point","coordinates":[-122.401307,48.746107]}},{"type":"Feature","properties":{"stop_id":"105","stop_code":"2703","stop_name":"Lake Louise Rd at Gate 13","stop_desc":"","zone_id":"","stop_url":"","location_type":"","parent_station":"","stop_timezone":"","wheelchair_boarding":"2","feed_id":"Washington__Whatcom_Transportation_Authority__mdb_mdb-284","agency_name":"Whatcom Transportation Authority","route_count":1,"route_ids":"512","route_short_names":"512","route_types":"3","route_type_names":"Bus","routes_json":"[{\"route_id\":\"512\",\"route_short_name\":\"512\",\"route_long_name\":\"Sudden Valley&Downtown\",\"route_type\":\"3\",\"route_type_name\":\"Bus\",\"route_color\":\"F287B7\",\"route_text_color\":\"000000\"}]"},"geometry":{"type":"Point","coordinates":[-122.367598,48.722985]}},{"type":"Feature","properties":{"stop_id":"106","stop_code":"3108","stop_name":"Lake Whatcom Blvd at Gate 1","stop_desc":"","zone_id":"","stop_url":"","location_type":"","parent_station":"","stop_timezone":"","wheelchair_boarding":"1","feed_id":"Washington__Whatcom_Transportation_Authority__mdb_mdb-284","agency_name":"Whatcom Transportation Authority","route_count":1,"route_ids":"512","route_short_names":"512","route_types":"3","route_type_names":"Bus","routes_json":"[{\"route_id\":\"512\",\"route_short_name\":\"512\",\"route_long_name\":\"Sudden Valley&Downtown\",\"route_type\":\"3\",\"route_type_name\":\"Bus\",\"route_color\":\"F287B7\",\"route_text_color\":\"000000\"}]"},"geometry":{"type":"Point","coordinates":[-122.33221,48.71489]}},{"type":"Feature","properties":{"stop_id":"107","stop_code":"2366","stop_name":"Cable St at Austin St","stop_desc":"","zone_id":"","stop_url":"","location_type":"","parent_station":"","stop_timezone":"","wheelchair_boarding":"2","feed_id":"Washington__Whatcom_Transportation_Authority__mdb_mdb-284","agency_name":"Whatcom Transportation Authority","route_count":1,"route_ids":"512","route_short_names":"512","route_types":"3","route_type_names":"Bus","routes_json":"[{\"route_id\":\"512\",\"route_short_name\":\"512\",\"route_long_name\":\"Sudden Valley&Downtown\",\"route_type\":\"3\",\"route_type_name\":\"Bus\",\"route_color\":\"F287B7\",\"route_text_color\":\"000000\"}]"},"geometry":{"type":"Point","coordinates":[-122.398662,48.746241]}},{"type":"Feature","properties":{"stop_id":"108","stop_code":"3124","stop_name":"Lakeway Dr at Undine St","stop_desc":"","zone_id":"","stop_url":"","location_type":"","parent_station":"","stop_timezone":"","wheelchair_boarding":"2","feed_id":"Washington__Whatcom_Transportation_Authority__mdb_mdb-284","agency_name":"Whatcom Transportation Authority","route_count":4,"route_ids":"512|525|533|540","route_short_names":"512|525|533|540","route_types":"3","route_type_names":"Bus","routes_json":"[{\"route_id\":\"512\",\"route_short_name\":\"512\",\"route_long_name\":\"Sudden Valley&Downtown\",\"route_type\":\"3\",\"route_type_name\":\"Bus\",\"route_color\":\"F287B7\",\"route_text_color\":\"000000\"},{\"route_id\":\"525\",\"route_short_name\":\"525\",\"route_long_name\":\"Barkley&Downtown\",\"route_type\":\"3\",\"route_type_name\":\"Bus\",\"route_color\":\"8F53A1\",\"route_text_color\":\"FFFFFF\"},{\"route_id\":\"533\",\"route_short_name\":\"533\",\"route_long_name\":\"Yew St\",\"route_type\":\"3\",\"route_type_name\":\"Bus\",\"route_color\":\"F8C1D9\",\"route_text_color\":\"000000\"},{\"route_id\":\"540\",\"route_short_name\":\"540\",\"route_long_name\":\"Sunset&Downtown\",\"route_type\":\"3\",\"route_type_name\":\"Bus\",\"route_color\":\"5F3075\",\"route_text_color\":\"FFFFFF\"}]"},"geometry":{"type":"Point","coordinates":[-122.450046,48.745539]}},{"type":"Feature","properties":{"stop_id":"109","stop_code":"1152","stop_name":"Lakeway Dr at Birch St","stop_desc":"","zone_id":"","stop_url":"","location_type":"","parent_station":"","stop_timezone":"","wheelchair_boarding":"2","feed_id":"Washington__Whatcom_Transportation_Authority__mdb_mdb-284","agency_name":"Whatcom Transportation Authority","route_count":1,"route_ids":"512","route_short_names":"512","route_types":"3","route_type_names":"Bus","routes_json":"[{\"route_id\":\"512\",\"route_short_name\":\"512\",\"route_long_name\":\"Sudden Valley&Downtown\",\"route_type\":\"3\",\"route_type_name\":\"Bus\",\"route_color\":\"F287B7\",\"route_text_color\":\"000000\"}]"},"geometry":{"type":"Point","coordinates":[-122.427553,48.748404]}},{"type":"Feature","properties":{"stop_id":"111","stop_code":"2691","stop_name":"Old Fairhaven Pkwy at 2700 Block","stop_desc":"","zone_id":"","stop_url":"","location_type":"","parent_station":"","stop_timezone":"","wheelchair_boarding":"1","feed_id":"Washington__Whatcom_Transportation_Authority__mdb_mdb-284","agency_name":"Whatcom Transportation Authority","route_count":1,"route_ids":"5","route_short_names":"5","route_types":"3","route_type_names":"Bus","routes_json":"[{\"route_id\":\"5\",\"route_short_name\":\"5\",\"route_long_name\":\"Samish/Fairhaven&Samish/Downtown\",\"route_type\":\"3\",\"route_type_name\":\"Bus\",\"route_color\":\"0000FF\",\"route_text_color\":\"FFFFFF\"}]"},"geometry":{"type":"Point","coordinates":[-122.481874,48.714756]}},{"type":"Feature","properties":{"stop_id":"112","stop_code":"2692","stop_name":"Old Fairhaven Pkwy at 16th St","stop_desc":"","zone_id":"","stop_url":"","location_type":"","parent_station":"","stop_timezone":"","wheelchair_boarding":"1","feed_id":"Washington__Whatcom_Transportation_Authority__mdb_mdb-284","agency_name":"Whatcom Transportation Authority","route_count":1,"route_ids":"5","route_short_names":"5","route_types":"3","route_type_names":"Bus","routes_json":"[{\"route_id\":\"5\",\"route_short_name\":\"5\",\"route_long_name\":\"Samish/Fairhaven&Samish/Downtown\",\"route_type\":\"3\",\"route_type_name\":\"Bus\",\"route_color\":\"0000FF\",\"route_text_color\":\"FFFFFF\"}]"},"geometry":{"type":"Point","coordinates":[-122.496785,48.716183]}},{"type":"Feature","properties":{"stop_id":"113","stop_code":"2693","stop_name":"Old Fairhaven Pkwy at 19th St","stop_desc":"","zone_id":"","stop_url":"","location_type":"","parent_station":"","stop_timezone":"","wheelchair_boarding":"1","feed_id":"Washington__Whatcom_Transportation_Authority__mdb_mdb-284","agency_name":"Whatcom Transportation Authority","route_count":1,"route_ids":"5","route_short_names":"5","route_types":"3","route_type_names":"Bus","routes_json":"[{\"route_id\":\"5\",\"route_short_name\":\"5\",\"route_long_name\":\"Samish/Fairhaven&Samish/Downtown\",\"route_type\":\"3\",\"route_type_name\":\"Bus\",\"route_color\":\"0000FF\",\"route_text_color\":\"FFFFFF\"}]"},"geometry":{"type":"Point","coordinates":[-122.493004,48.715785]}},{"type":"Feature","properties":{"stop_id":"114","stop_code":"2694","stop_name":"Old Fairhaven Pkwy at 22nd St","stop_desc":"","zone_id":"","stop_url":"","location_type":"","parent_station":"","stop_timezone":"","wheelchair_boarding":"1","feed_id":"Washington__Whatcom_Transportation_Authority__mdb_mdb-284","agency_name":"Whatcom Transportation Authority","route_count":1,"route_ids":"5","route_short_names":"5","route_types":"3","route_type_names":"Bus","routes_json":"[{\"route_id\":\"5\",\"route_short_name\":\"5\",\"route_long_name\":\"Samish/Fairhaven&Samish/Downtown\",\"route_type\":\"3\",\"route_type_name\":\"Bus\",\"route_color\":\"0000FF\",\"route_text_color\":\"FFFFFF\"}]"},"geometry":{"type":"Point","coordinates":[-122.488496,48.715433]}},{"type":"Feature","properties":{"stop_id":"115","stop_code":"2695","stop_name":"Old Fairhaven Pkwy at 24th St","stop_desc":"","zone_id":"","stop_url":"","location_type":"","parent_station":"","stop_timezone":"","wheelchair_boarding":"1","feed_id":"Washington__Whatcom_Transportation_Authority__mdb_mdb-284","agency_name":"Whatcom Transportation Authority","route_count":1,"route_ids":"5","route_short_names":"5","route_types":"3","route_type_names":"Bus","routes_json":"[{\"route_id\":\"5\",\"route_short_name\":\"5\",\"route_long_name\":\"Samish/Fairhaven&Samish/Downtown\",\"route_type\":\"3\",\"route_type_name\":\"Bus\",\"route_color\":\"0000FF\",\"route_text_color\":\"FFFFFF\"}]"},"geometry":{"type":"Point","coordinates":[-122.486061,48.714698]}},{"type":"Feature","properties":{"stop_id":"116","stop_code":"2696","stop_name":"Old Fairhaven Pkwy at 30th St","stop_desc":"","zone_id":"","stop_url":"","location_type":"","parent_station":"","stop_timezone":"","wheelchair_boarding":"1","feed_id":"Washington__Whatcom_Transportation_Authority__mdb_mdb-284","agency_name":"Whatcom Transportation Authority","route_count":1,"route_ids":"5","route_short_names":"5","route_types":"3","route_type_names":"Bus","routes_json":"[{\"route_id\":\"5\",\"route_short_name\":\"5\",\"route_long_name\":\"Samish/Fairhaven&Samish/Downtown\",\"route_type\":\"3\",\"route_type_name\":\"Bus\",\"route_color\":\"0000FF\",\"route_text_color\":\"FFFFFF\"}]"},"geometry":{"type":"Point","coordinates":[-122.480454,48.71458]}},{"type":"Feature","properties":{"stop_id":"117","stop_code":"2700","stop_name":"Austin St at Fir Tree Way","stop_desc":"","zone_id":"","stop_url":"","location_type":"","parent_station":"","stop_timezone":"","wheelchair_boarding":"2","feed_id":"Washington__Whatcom_Transportation_Authority__mdb_mdb-284","agency_name":"Whatcom Transportation Authority","route_count":1,"route_ids":"512","route_short_names":"512","route_types":"3","route_type_names":"Bus","routes_json":"[{\"route_id\":\"512\",\"route_short_name\":\"512\",\"route_long_name\":\"Sudden Valley&Downtown\",\"route_type\":\"3\",\"route_type_name\":\"Bus\",\"route_color\":\"F287B7\",\"route_text_color\":\"000000\"}]"},"geometry":{"type":"Point","coordinates":[-122.39902,48.744499]}},{"type":"Feature","properties":{"stop_id":"118","stop_code":"2701","stop_name":"Austin St at Fremont St","stop_desc":"","zone_id":"","stop_url":"","location_type":"","parent_station":"","stop_timezone":"","wheelchair_boarding":"2","feed_id":"Washington__Whatcom_Transportation_Authority__mdb_mdb-284","agency_name":"Whatcom Transportation Authority","route_count":1,"route_ids":"512","route_short_names":"512","route_types":"3","route_type_names":"Bus","routes_json":"[{\"route_id\":\"512\",\"route_short_name\":\"512\",\"route_long_name\":\"Sudden Valley&Downtown\",\"route_type\":\"3\",\"route_type_name\":\"Bus\",\"route_color\":\"F287B7\",\"route_text_color\":\"000000\"}]"},"geometry":{"type":"Point","coordinates":[-122.399014,48.742838]}},{"type":"Feature","properties":{"stop_id":"119","stop_code":"2704","stop_name":"Lake Louise Rd at Gate 9","stop_desc":"","zone_id":"","stop_url":"","location_type":"","parent_station":"","stop_timezone":"","wheelchair_boarding":"2","feed_id":"Washington__Whatcom_Transportation_Authority__mdb_mdb-284","agency_name":"Whatcom Transportation Authority","route_count":1,"route_ids":"512","route_short_names":"512","route_types":"3","route_type_names":"Bus","routes_json":"[{\"route_id\":\"512\",\"route_short_name\":\"512\",\"route_long_name\":\"Sudden Valley&Downtown\",\"route_type\":\"3\",\"route_type_name\":\"Bus\",\"route_color\":\"F287B7\",\"route_text_color\":\"000000\"}]"},"geometry":{"type":"Point","coordinates":[-122.355127,48.719198]}},{"type":"Feature","properties":{"stop_id":"120","stop_code":"3002","stop_name":"Electric Ave at Fraser St","stop_desc":"","zone_id":"","stop_url":"","location_type":"","parent_station":"","stop_timezone":"","wheelchair_boarding":"1","feed_id":"Washington__Whatcom_Transportation_Authority__mdb_mdb-284","agency_name":"Whatcom Transportation Authority","route_count":1,"route_ids":"525","route_short_names":"525","route_types":"3","route_type_names":"Bus","routes_json":"[{\"route_id\":\"525\",\"route_short_name\":\"525\",\"route_long_name\":\"Barkley&Downtown\",\"route_type\":\"3\",\"route_type_name\":\"Bus\",\"route_color\":\"8F53A1\",\"route_text_color\":\"FFFFFF\"}]"},"geometry":{"type":"Point","coordinates":[-122.42384,48.751736]}},{"type":"Feature","properties":{"stop_id":"122","stop_code":"3004","stop_name":"Electric Ave at Flynn St","stop_desc":"","zone_id":"","stop_url":"","location_type":"","parent_station":"","stop_timezone":"","wheelchair_boarding":"2","feed_id":"Washington__Whatcom_Transportation_Authority__mdb_mdb-284","agency_name":"Whatcom Transportation Authority","route_count":1,"route_ids":"525","route_short_names":"525","route_types":"3","route_type_names":"Bus","routes_json":"[{\"route_id\":\"525\",\"route_short_name\":\"525\",\"route_long_name\":\"Barkley&Downtown\",\"route_type\":\"3\",\"route_type_name\":\"Bus\",\"route_color\":\"8F53A1\",\"route_text_color\":\"FFFFFF\"}]"},"geometry":{"type":"Point","coordinates":[-122.421747,48.756352]}},{"type":"Feature","properties":{"stop_id":"124","stop_code":"3006","stop_name":"Electric Ave at Bloedel Donovan","stop_desc":"","zone_id":"","stop_url":"","location_type":"","parent_station":"","stop_timezone":"","wheelchair_boarding":"1","feed_id":"Washington__Whatcom_Transportation_Authority__mdb_mdb-284","agency_name":"Whatcom Transportation Authority","route_count":1,"route_ids":"525","route_short_names":"525","route_types":"3","route_type_names":"Bus","routes_json":"[{\"route_id\":\"525\",\"route_short_name\":\"525\",\"route_long_name\":\"Barkley&Downtown\",\"route_type\":\"3\",\"route_type_name\":\"Bus\",\"route_color\":\"8F53A1\",\"route_text_color\":\"FFFFFF\"}]"},"geometry":{"type":"Point","coordinates":[-122.420704,48.760591]}},{"type":"Feature","properties":{"stop_id":"125","stop_code":"3008","stop_name":"Britton Rd at Barkley Blvd","stop_desc":"","zone_id":"","stop_url":"","location_type":"","parent_station":"","stop_timezone":"","wheelchair_boarding":"2","feed_id":"Washington__Whatcom_Transportation_Authority__mdb_mdb-284","agency_name":"Whatcom Transportation Authority","route_count":1,"route_ids":"540","route_short_names":"540","route_types":"3","route_type_names":"Bus","routes_json":"[{\"route_id\":\"540\",\"route_short_name\":\"540\",\"route_long_name\":\"Sunset&Downtown\",\"route_type\":\"3\",\"route_type_name\":\"Bus\",\"route_color\":\"5F3075\",\"route_text_color\":\"FFFFFF\"}]"},"geometry":{"type":"Point","coordinates":[-122.409791,48.772699]}},{"type":"Feature","properties":{"stop_id":"126","stop_code":"3023","stop_name":"Electric Ave at Bloedel Donovan","stop_desc":"","zone_id":"","stop_url":"","location_type":"","parent_station":"","stop_timezone":"","wheelchair_boarding":"2","feed_id":"Washington__Whatcom_Transportation_Authority__mdb_mdb-284","agency_name":"Whatcom Transportation Authority","route_count":1,"route_ids":"525","route_short_names":"525","route_types":"3","route_type_names":"Bus","routes_json":"[{\"route_id\":\"525\",\"route_short_name\":\"525\",\"route_long_name\":\"Barkley&Downtown\",\"route_type\":\"3\",\"route_type_name\":\"Bus\",\"route_color\":\"8F53A1\",\"route_text_color\":\"FFFFFF\"}]"},"geometry":{"type":"Point","coordinates":[-122.42085,48.760166]}},{"type":"Feature","properties":{"stop_id":"128","stop_code":"3025","stop_name":"Electric Ave at Flynn St","stop_desc":"","zone_id":"","stop_url":"","location_type":"","parent_station":"","stop_timezone":"","wheelchair_boarding":"2","feed_id":"Washington__Whatcom_Transportation_Authority__mdb_mdb-284","agency_name":"Whatcom Transportation Authority","route_count":1,"route_ids":"525","route_short_names":"525","route_types":"3","route_type_names":"Bus","routes_json":"[{\"route_id\":\"525\",\"route_short_name\":\"525\",\"route_long_name\":\"Barkley&Downtown\",\"route_type\":\"3\",\"route_type_name\":\"Bus\",\"route_color\":\"8F53A1\",\"route_text_color\":\"FFFFFF\"}]"},"geometry":{"type":"Point","coordinates":[-122.422161,48.755957]}},{"type":"Feature","properties":{"stop_id":"130","stop_code":"3027","stop_name":"Electric Ave at Fraser St","stop_desc":"","zone_id":"","stop_url":"","location_type":"","parent_station":"","stop_timezone":"","wheelchair_boarding":"2","feed_id":"Washington__Whatcom_Transportation_Authority__mdb_mdb-284","agency_name":"Whatcom Transportation Authority","route_count":1,"route_ids":"525","route_short_names":"525","route_types":"3","route_type_names":"Bus","routes_json":"[{\"route_id\":\"525\",\"route_short_name\":\"525\",\"route_long_name\":\"Barkley&Downtown\",\"route_type\":\"3\",\"route_type_name\":\"Bus\",\"route_color\":\"8F53A1\",\"route_text_color\":\"FFFFFF\"}]"},"geometry":{"type":"Point","coordinates":[-122.424158,48.751539]}},{"type":"Feature","properties":{"stop_id":"131","stop_code":"3028","stop_name":"Woburn St at Lakeway Dr","stop_desc":"","zone_id":"","stop_url":"","location_type":"","parent_station":"","stop_timezone":"","wheelchair_boarding":"2","feed_id":"Washington__Whatcom_Transportation_Authority__mdb_mdb-284","agency_name":"Whatcom Transportation Authority","route_count":1,"route_ids":"540","route_short_names":"540","route_types":"3","route_type_names":"Bus","routes_json":"[{\"route_id\":\"540\",\"route_short_name\":\"540\",\"route_long_name\":\"Sunset&Downtown\",\"route_type\":\"3\",\"route_type_name\":\"Bus\",\"route_color\":\"5F3075\",\"route_text_color\":\"FFFFFF\"}]"},"geometry":{"type":"Point","coordinates":[-122.44299,48.746144]}},{"type":"Feature","properties":{"stop_id":"132","stop_code":"3029","stop_name":"Woburn St at Fraser St","stop_desc":"","zone_id":"","stop_url":"","location_type":"","parent_station":"","stop_timezone":"","wheelchair_boarding":"1","feed_id":"Washington__Whatcom_Transportation_Authority__mdb_mdb-284","agency_name":"Whatcom Transportation Authority","route_count":1,"route_ids":"540","route_short_names":"540","route_types":"3","route_type_names":"Bus","routes_json":"[{\"route_id\":\"540\",\"route_short_name\":\"540\",\"route_long_name\":\"Sunset&Downtown\",\"route_type\":\"3\",\"route_type_name\":\"Bus\",\"route_color\":\"5F3075\",\"route_text_color\":\"FFFFFF\"}]"},"geometry":{"type":"Point","coordinates":[-122.445104,48.751307]}},{"type":"Feature","properties":{"stop_id":"133","stop_code":"3030","stop_name":"Woburn St at Kentucky St","stop_desc":"","zone_id":"","stop_url":"","location_type":"","parent_station":"","stop_timezone":"","wheelchair_boarding":"2","feed_id":"Washington__Whatcom_Transportation_Authority__mdb_mdb-284","agency_name":"Whatcom Transportation Authority","route_count":1,"route_ids":"540","route_short_names":"540","route_types":"3","route_type_names":"Bus","routes_json":"[{\"route_id\":\"540\",\"route_short_name\":\"540\",\"route_long_name\":\"Sunset&Downtown\",\"route_type\":\"3\",\"route_type_name\":\"Bus\",\"route_color\":\"5F3075\",\"route_text_color\":\"FFFFFF\"}]"},"geometry":{"type":"Point","coordinates":[-122.445225,48.758754]}},{"type":"Feature","properties":{"stop_id":"134","stop_code":"3033","stop_name":"Woburn St at Kentucky St","stop_desc":"","zone_id":"","stop_url":"","location_type":"","parent_station":"","stop_timezone":"","wheelchair_boarding":"2","feed_id":"Washington__Whatcom_Transportation_Authority__mdb_mdb-284","agency_name":"Whatcom Transportation Authority","route_count":1,"route_ids":"540","route_short_names":"540","route_types":"3","route_type_names":"Bus","routes_json":"[{\"route_id\":\"540\",\"route_short_name\":\"540\",\"route_long_name\":\"Sunset&Downtown\",\"route_type\":\"3\",\"route_type_name\":\"Bus\",\"route_color\":\"5F3075\",\"route_text_color\":\"FFFFFF\"}]"},"geometry":{"type":"Point","coordinates":[-122.44543,48.758694]}},{"type":"Feature","properties":{"stop_id":"135","stop_code":"3034","stop_name":"Woburn St at Fraser St","stop_desc":"","zone_id":"","stop_url":"","location_type":"","parent_station":"","stop_timezone":"","wheelchair_boarding":"1","feed_id":"Washington__Whatcom_Transportation_Authority__mdb_mdb-284","agency_name":"Whatcom Transportation Authority","route_count":1,"route_ids":"540","route_short_names":"540","route_types":"3","route_type_names":"Bus","routes_json":"[{\"route_id\":\"540\",\"route_short_name\":\"540\",\"route_long_name\":\"Sunset&Downtown\",\"route_type\":\"3\",\"route_type_name\":\"Bus\",\"route_color\":\"5F3075\",\"route_text_color\":\"FFFFFF\"}]"},"geometry":{"type":"Point","coordinates":[-122.44538,48.752148]}},{"type":"Feature","properties":{"stop_id":"136","stop_code":"3035","stop_name":"Old Woburn St at Sweet Bay Dr","stop_desc":"","zone_id":"","stop_url":"","location_type":"","parent_station":"","stop_timezone":"","wheelchair_boarding":"1","feed_id":"Washington__Whatcom_Transportation_Authority__mdb_mdb-284","agency_name":"Whatcom Transportation Authority","route_count":1,"route_ids":"540","route_short_names":"540","route_types":"3","route_type_names":"Bus","routes_json":"[{\"route_id\":\"540\",\"route_short_name\":\"540\",\"route_long_name\":\"Sunset&Downtown\",\"route_type\":\"3\",\"route_type_name\":\"Bus\",\"route_color\":\"5F3075\",\"route_text_color\":\"FFFFFF\"}]"},"geometry":{"type":"Point","coordinates":[-122.445354,48.746886]}},{"type":"Feature","properties":{"stop_id":"137","stop_code":"3120","stop_name":"Lakeway Dr at Birch St","stop_desc":"","zone_id":"","stop_url":"","location_type":"","parent_station":"","stop_timezone":"","wheelchair_boarding":"2","feed_id":"Washington__Whatcom_Transportation_Authority__mdb_mdb-284","agency_name":"Whatcom Transportation Authority","route_count":1,"route_ids":"512","route_short_names":"512","route_types":"3","route_type_names":"Bus","routes_json":"[{\"route_id\":\"512\",\"route_short_name\":\"512\",\"route_long_name\":\"Sudden Valley&Downtown\",\"route_type\":\"3\",\"route_type_name\":\"Bus\",\"route_color\":\"F287B7\",\"route_text_color\":\"000000\"}]"},"geometry":{"type":"Point","coordinates":[-122.42756,48.748557]}},{"type":"Feature","properties":{"stop_id":"138","stop_code":"3168","stop_name":"Bennett Dr at McAlpine Rd","stop_desc":"","zone_id":"","stop_url":"","location_type":"","parent_station":"","stop_timezone":"","wheelchair_boarding":"1","feed_id":"Washington__Whatcom_Transportation_Authority__mdb_mdb-284","agency_name":"Whatcom Transportation Authority","route_count":1,"route_ids":"3","route_short_names":"3","route_types":"3","route_type_names":"Bus","routes_json":"[{\"route_id\":\"3\",\"route_short_name\":\"3\",\"route_long_name\":\"Airport/Cordata&Airport/Downtown\",\"route_type\":\"3\",\"route_type_name\":\"Bus\",\"route_color\":\"D7DF23\",\"route_text_color\":\"000000\"}]"},"geometry":{"type":"Point","coordinates":[-122.520002,48.775923]}},{"type":"Feature","properties":{"stop_id":"139","stop_code":"3171","stop_name":"Donovan Ave at 31st St","stop_desc":"","zone_id":"","stop_url":"","location_type":"","parent_station":"","stop_timezone":"","wheelchair_boarding":"2","feed_id":"Washington__Whatcom_Transportation_Authority__mdb_mdb-284","agency_name":"Whatcom Transportation Authority","route_count":2,"route_ids":"5|7","route_short_names":"5|7","route_types":"3","route_type_names":"Bus","routes_json":"[{\"route_id\":\"5\",\"route_short_name\":\"5\",\"route_long_name\":\"Samish/Fairhaven&Samish/Downtown\",\"route_type\":\"3\",\"route_type_name\":\"Bus\",\"route_color\":\"0000FF\",\"route_text_color\":\"FFFFFF\"},{\"route_id\":\"7\",\"route_short_name\":\"7\",\"route_long_name\":\"Samish/WWU&Samish/Downtown\",\"route_type\":\"3\",\"route_type_name\":\"Bus\",\"route_color\":\"0000FF\",\"route_text_color\":\"FFFFFF\"}]"},"geometry":{"type":"Point","coordinates":[-122.476503,48.717349]}},{"type":"Feature","properties":{"stop_id":"140","stop_code":"3355","stop_name":"Britton Rd at Barkley Blvd","stop_desc":"","zone_id":"","stop_url":"","location_type":"","parent_station":"","stop_timezone":"","wheelchair_boarding":"1","feed_id":"Washington__Whatcom_Transportation_Authority__mdb_mdb-284","agency_name":"Whatcom Transportation Authority","route_count":1,"route_ids":"540","route_short_names":"540","route_types":"3","route_type_names":"Bus","routes_json":"[{\"route_id\":\"540\",\"route_short_name\":\"540\",\"route_long_name\":\"Sunset&Downtown\",\"route_type\":\"3\",\"route_type_name\":\"Bus\",\"route_color\":\"5F3075\",\"route_text_color\":\"FFFFFF\"}]"},"geometry":{"type":"Point","coordinates":[-122.409974,48.773021]}},{"type":"Feature","properties":{"stop_id":"141","stop_code":"7242","stop_name":"Hwy 9 at Rutsatz Rd","stop_desc":"","zone_id":"","stop_url":"","location_type":"","parent_station":"","stop_timezone":"","wheelchair_boarding":"2","feed_id":"Washington__Whatcom_Transportation_Authority__mdb_mdb-284","agency_name":"Whatcom Transportation Authority","route_count":1,"route_ids":"72X","route_short_names":"72X","route_types":"3","route_type_names":"Bus","routes_json":"[{\"route_id\":\"72X\",\"route_short_name\":\"72X\",\"route_long_name\":\"Kendall&Bellingham\",\"route_type\":\"3\",\"route_type_name\":\"Bus\",\"route_color\":\"952D4F\",\"route_text_color\":\"FFFFFF\"}]"},"geometry":{"type":"Point","coordinates":[-122.197623,48.80652]}},{"type":"Feature","properties":{"stop_id":"142","stop_code":"3364","stop_name":"Woburn St at Old Woburn St","stop_desc":"","zone_id":"","stop_url":"","location_type":"","parent_station":"","stop_timezone":"","wheelchair_boarding":"2","feed_id":"Washington__Whatcom_Transportation_Authority__mdb_mdb-284","agency_name":"Whatcom Transportation Authority","route_count":1,"route_ids":"540","route_short_names":"540","route_types":"3","route_type_names":"Bus","routes_json":"[{\"route_id\":\"540\",\"route_short_name\":\"540\",\"route_long_name\":\"Sunset&Downtown\",\"route_type\":\"3\",\"route_type_name\":\"Bus\",\"route_color\":\"5F3075\",\"route_text_color\":\"FFFFFF\"}]"},"geometry":{"type":"Point","coordinates":[-122.44488,48.748128]}},{"type":"Feature","properties":{"stop_id":"143","stop_code":"7222","stop_name":"Mt Baker Hwy at Smith Rd","stop_desc":"","zone_id":"","stop_url":"","location_type":"","parent_station":"","stop_timezone":"","wheelchair_boarding":"1","feed_id":"Washington__Whatcom_Transportation_Authority__mdb_mdb-284","agency_name":"Whatcom Transportation Authority","route_count":1,"route_ids":"72X","route_short_names":"72X","route_types":"3","route_type_names":"Bus","routes_json":"[{\"route_id\":\"72X\",\"route_short_name\":\"72X\",\"route_long_name\":\"Kendall&Bellingham\",\"route_type\":\"3\",\"route_type_name\":\"Bus\",\"route_color\":\"952D4F\",\"route_text_color\":\"FFFFFF\"}]"},"geometry":{"type":"Point","coordinates":[-122.307271,48.830812]}},{"type":"Feature","properties":{"stop_id":"144","stop_code":"7777","stop_name":"Lake Louise Rd at Stimpson Family Nature Reserve","stop_desc":"","zone_id":"","stop_url":"","location_type":"","parent_station":"","stop_timezone":"","wheelchair_boarding":"2","feed_id":"Washington__Whatcom_Transportation_Authority__mdb_mdb-284","agency_name":"Whatcom Transportation Authority","route_count":1,"route_ids":"512","route_short_names":"512","route_types":"3","route_type_names":"Bus","routes_json":"[{\"route_id\":\"512\",\"route_short_name\":\"512\",\"route_long_name\":\"Sudden Valley&Downtown\",\"route_type\":\"3\",\"route_type_name\":\"Bus\",\"route_color\":\"F287B7\",\"route_text_color\":\"000000\"}]"},"geometry":{"type":"Point","coordinates":[-122.378334,48.732442]}},{"type":"Feature","properties":{"stop_id":"145","stop_code":"7200","stop_name":"Mt Baker Hwy at Noon Rd","stop_desc":"","zone_id":"","stop_url":"","location_type":"","parent_station":"","stop_timezone":"","wheelchair_boarding":"1","feed_id":"Washington__Whatcom_Transportation_Authority__mdb_mdb-284","agency_name":"Whatcom Transportation Authority","route_count":1,"route_ids":"72X","route_short_names":"72X","route_types":"3","route_type_names":"Bus","routes_json":"[{\"route_id\":\"72X\",\"route_short_name\":\"72X\",\"route_long_name\":\"Kendall&Bellingham\",\"route_type\":\"3\",\"route_type_name\":\"Bus\",\"route_color\":\"952D4F\",\"route_text_color\":\"FFFFFF\"}]"},"geometry":{"type":"Point","coordinates":[-122.400007,48.802501]}},{"type":"Feature","properties":{"stop_id":"146","stop_code":"7202","stop_name":"Mt Baker Hwy at Nugents Corner","stop_desc":"","zone_id":"","stop_url":"","location_type":"","parent_station":"","stop_timezone":"","wheelchair_boarding":"2","feed_id":"Washington__Whatcom_Transportation_Authority__mdb_mdb-284","agency_name":"Whatcom Transportation Authority","route_count":1,"route_ids":"72X","route_short_names":"72X","route_types":"3","route_type_names":"Bus","routes_json":"[{\"route_id\":\"72X\",\"route_short_name\":\"72X\",\"route_long_name\":\"Kendall&Bellingham\",\"route_type\":\"3\",\"route_type_name\":\"Bus\",\"route_color\":\"952D4F\",\"route_text_color\":\"FFFFFF\"}]"},"geometry":{"type":"Point","coordinates":[-122.28697,48.843494]}},{"type":"Feature","properties":{"stop_id":"147","stop_code":"7221","stop_name":"Mt Baker Hwy at Nugents Corner","stop_desc":"","zone_id":"","stop_url":"","location_type":"","parent_station":"","stop_timezone":"","wheelchair_boarding":"1","feed_id":"Washington__Whatcom_Transportation_Authority__mdb_mdb-284","agency_name":"Whatcom Transportation Authority","route_count":1,"route_ids":"72X","route_short_names":"72X","route_types":"3","route_type_names":"Bus","routes_json":"[{\"route_id\":\"72X\",\"route_short_name\":\"72X\",\"route_long_name\":\"Kendall&Bellingham\",\"route_type\":\"3\",\"route_type_name\":\"Bus\",\"route_color\":\"952D4F\",\"route_text_color\":\"FFFFFF\"}]"},"geometry":{"type":"Point","coordinates":[-122.286058,48.843706]}},{"type":"Feature","properties":{"stop_id":"148","stop_code":"7203","stop_name":"Deming Rd at Mount Baker High School","stop_desc":"","zone_id":"","stop_url":"","location_type":"","parent_station":"","stop_timezone":"","wheelchair_boarding":"2","feed_id":"Washington__Whatcom_Transportation_Authority__mdb_mdb-284","agency_name":"Whatcom Transportation Authority","route_count":1,"route_ids":"72X","route_short_names":"72X","route_types":"3","route_type_names":"Bus","routes_json":"[{\"route_id\":\"72X\",\"route_short_name\":\"72X\",\"route_long_name\":\"Kendall&Bellingham\",\"route_type\":\"3\",\"route_type_name\":\"Bus\",\"route_color\":\"952D4F\",\"route_text_color\":\"FFFFFF\"}]"},"geometry":{"type":"Point","coordinates":[-122.221456,48.824741]}},{"type":"Feature","properties":{"stop_id":"149","stop_code":"7220","stop_name":"Deming Rd at Mount Baker High School","stop_desc":"","zone_id":"","stop_url":"","location_type":"","parent_station":"","stop_timezone":"","wheelchair_boarding":"2","feed_id":"Washington__Whatcom_Transportation_Authority__mdb_mdb-284","agency_name":"Whatcom Transportation Authority","route_count":1,"route_ids":"72X","route_short_names":"72X","route_types":"3","route_type_names":"Bus","routes_json":"[{\"route_id\":\"72X\",\"route_short_name\":\"72X\",\"route_long_name\":\"Kendall&Bellingham\",\"route_type\":\"3\",\"route_type_name\":\"Bus\",\"route_color\":\"952D4F\",\"route_text_color\":\"FFFFFF\"}]"},"geometry":{"type":"Point","coordinates":[-122.221589,48.824926]}},{"type":"Feature","properties":{"stop_id":"151","stop_code":"7219","stop_name":"Deming Rd at Water St","stop_desc":"","zone_id":"","stop_url":"","location_type":"","parent_station":"","stop_timezone":"","wheelchair_boarding":"1","feed_id":"Washington__Whatcom_Transportation_Authority__mdb_mdb-284","agency_name":"Whatcom Transportation Authority","route_count":1,"route_ids":"72X","route_short_names":"72X","route_types":"3","route_type_names":"Bus","routes_json":"[{\"route_id\":\"72X\",\"route_short_name\":\"72X\",\"route_long_name\":\"Kendall&Bellingham\",\"route_type\":\"3\",\"route_type_name\":\"Bus\",\"route_color\":\"952D4F\",\"route_text_color\":\"FFFFFF\"}]"},"geometry":{"type":"Point","coordinates":[-122.214696,48.823362]}},{"type":"Feature","properties":{"stop_id":"152","stop_code":"7216","stop_name":"Kendall Rd at Kendall Elementary School","stop_desc":"","zone_id":"","stop_url":"","location_type":"","parent_station":"","stop_timezone":"","wheelchair_boarding":"2","feed_id":"Washington__Whatcom_Transportation_Authority__mdb_mdb-284","agency_name":"Whatcom Transportation Authority","route_count":1,"route_ids":"72X","route_short_names":"72X","route_types":"3","route_type_names":"Bus","routes_json":"[{\"route_id\":\"72X\",\"route_short_name\":\"72X\",\"route_long_name\":\"Kendall&Bellingham\",\"route_type\":\"3\",\"route_type_name\":\"Bus\",\"route_color\":\"952D4F\",\"route_text_color\":\"FFFFFF\"}]"},"geometry":{"type":"Point","coordinates":[-122.141193,48.917065]}},{"type":"Feature","properties":{"stop_id":"153","stop_code":"7209","stop_name":"Shamrock Rd at Azure Way","stop_desc":"","zone_id":"","stop_url":"","location_type":"","parent_station":"","stop_timezone":"","wheelchair_boarding":"2","feed_id":"Washington__Whatcom_Transportation_Authority__mdb_mdb-284","agency_name":"Whatcom Transportation Authority","route_count":1,"route_ids":"72X","route_short_names":"72X","route_types":"3","route_type_names":"Bus","routes_json":"[{\"route_id\":\"72X\",\"route_short_name\":\"72X\",\"route_long_name\":\"Kendall&Bellingham\",\"route_type\":\"3\",\"route_type_name\":\"Bus\",\"route_color\":\"952D4F\",\"route_text_color\":\"FFFFFF\"}]"},"geometry":{"type":"Point","coordinates":[-122.152663,48.949951]}},{"type":"Feature","properties":{"stop_id":"154","stop_code":"7211","stop_name":"Golden Valley Dr at Cimarron Way","stop_desc":"","zone_id":"","stop_url":"","location_type":"","parent_station":"","stop_timezone":"","wheelchair_boarding":"2","feed_id":"Washington__Whatcom_Transportation_Authority__mdb_mdb-284","agency_name":"Whatcom Transportation Authority","route_count":1,"route_ids":"72X","route_short_names":"72X","route_types":"3","route_type_names":"Bus","routes_json":"[{\"route_id\":\"72X\",\"route_short_name\":\"72X\",\"route_long_name\":\"Kendall&Bellingham\",\"route_type\":\"3\",\"route_type_name\":\"Bus\",\"route_color\":\"952D4F\",\"route_text_color\":\"FFFFFF\"}]"},"geometry":{"type":"Point","coordinates":[-122.145023,48.950352]}},{"type":"Feature","properties":{"stop_id":"155","stop_code":"7212","stop_name":"Chestnut Dr at Dolphin Way","stop_desc":"","zone_id":"","stop_url":"","location_type":"","parent_station":"","stop_timezone":"","wheelchair_boarding":"2","feed_id":"Washington__Whatcom_Transportation_Authority__mdb_mdb-284","agency_name":"Whatcom Transportation Authority","route_count":1,"route_ids":"72X","route_short_names":"72X","route_types":"3","route_type_names":"Bus","routes_json":"[{\"route_id\":\"72X\",\"route_short_name\":\"72X\",\"route_long_name\":\"Kendall&Bellingham\",\"route_type\":\"3\",\"route_type_name\":\"Bus\",\"route_color\":\"952D4F\",\"route_text_color\":\"FFFFFF\"}]"},"geometry":{"type":"Point","coordinates":[-122.149015,48.945716]}},{"type":"Feature","properties":{"stop_id":"156","stop_code":"7259","stop_name":"James St at Carolina St","stop_desc":"","zone_id":"","stop_url":"","location_type":"","parent_station":"","stop_timezone":"","wheelchair_boarding":"2","feed_id":"Washington__Whatcom_Transportation_Authority__mdb_mdb-284","agency_name":"Whatcom Transportation Authority","route_count":4,"route_ids":"49|72X|75|9","route_short_names":"49|72X|75|9","route_types":"3","route_type_names":"Bus","routes_json":"[{\"route_id\":\"49\",\"route_short_name\":\"49\",\"route_long_name\":\"Downtown&Bakerview Spur\",\"route_type\":\"3\",\"route_type_name\":\"Bus\",\"route_color\":\"DA1F3D\",\"route_text_color\":\"FFFFFF\"},{\"route_id\":\"72X\",\"route_short_name\":\"72X\",\"route_long_name\":\"Kendall&Bellingham\",\"route_type\":\"3\",\"route_type_name\":\"Bus\",\"route_color\":\"952D4F\",\"route_text_color\":\"FFFFFF\"},{\"route_id\":\"75\",\"route_short_name\":\"75\",\"route_long_name\":\"Blaine/Birch Bay&Bellingham\",\"route_type\":\"3\",\"route_type_name\":\"Bus\",\"route_color\":\"F05B7D\",\"route_text_color\":\"FFFFFF\"},{\"route_id\":\"9\",\"route_short_name\":\"9\",\"route_long_name\":\"Hospital&Downtown\",\"route_type\":\"3\",\"route_type_name\":\"Bus\",\"route_color\":\"F69896\",\"route_text_color\":\"000000\"}]"},"geometry":{"type":"Point","coordinates":[-122.46506,48.76062]}},{"type":"Feature","properties":{"stop_id":"157","stop_code":"7260","stop_name":"James St at Kentucky St","stop_desc":"","zone_id":"","stop_url":"","location_type":"","parent_station":"","stop_timezone":"","wheelchair_boarding":"2","feed_id":"Washington__Whatcom_Transportation_Authority__mdb_mdb-284","agency_name":"Whatcom Transportation Authority","route_count":4,"route_ids":"49|72X|75|9","route_short_names":"49|72X|75|9","route_types":"3","route_type_names":"Bus","routes_json":"[{\"route_id\":\"49\",\"route_short_name\":\"49\",\"route_long_name\":\"Downtown&Bakerview Spur\",\"route_type\":\"3\",\"route_type_name\":\"Bus\",\"route_color\":\"DA1F3D\",\"route_text_color\":\"FFFFFF\"},{\"route_id\":\"72X\",\"route_short_name\":\"72X\",\"route_long_name\":\"Kendall&Bellingham\",\"route_type\":\"3\",\"route_type_name\":\"Bus\",\"route_color\":\"952D4F\",\"route_text_color\":\"FFFFFF\"},{\"route_id\":\"75\",\"route_short_name\":\"75\",\"route_long_name\":\"Blaine/Birch Bay&Bellingham\",\"route_type\":\"3\",\"route_type_name\":\"Bus\",\"route_color\":\"F05B7D\",\"route_text_color\":\"FFFFFF\"},{\"route_id\":\"9\",\"route_short_name\":\"9\",\"route_long_name\":\"Hospital&Downtown\",\"route_type\":\"3\",\"route_type_name\":\"Bus\",\"route_color\":\"F69896\",\"route_text_color\":\"000000\"}]"},"geometry":{"type":"Point","coordinates":[-122.465038,48.757948]}},{"type":"Feature","properties":{"stop_id":"158","stop_code":"7262","stop_name":"State St at Kansas St","stop_desc":"","zone_id":"","stop_url":"","location_type":"","parent_station":"","stop_timezone":"","wheelchair_boarding":"1","feed_id":"Washington__Whatcom_Transportation_Authority__mdb_mdb-284","agency_name":"Whatcom Transportation Authority","route_count":4,"route_ids":"49|72X|75|9","route_short_names":"49|72X|75|9","route_types":"3","route_type_names":"Bus","routes_json":"[{\"route_id\":\"49\",\"route_short_name\":\"49\",\"route_long_name\":\"Downtown&Bakerview Spur\",\"route_type\":\"3\",\"route_type_name\":\"Bus\",\"route_color\":\"DA1F3D\",\"route_text_color\":\"FFFFFF\"},{\"route_id\":\"72X\",\"route_short_name\":\"72X\",\"route_long_name\":\"Kendall&Bellingham\",\"route_type\":\"3\",\"route_type_name\":\"Bus\",\"route_color\":\"952D4F\",\"route_text_color\":\"FFFFFF\"},{\"route_id\":\"75\",\"route_short_name\":\"75\",\"route_long_name\":\"Blaine/Birch Bay&Bellingham\",\"route_type\":\"3\",\"route_type_name\":\"Bus\",\"route_color\":\"F05B7D\",\"route_text_color\":\"FFFFFF\"},{\"route_id\":\"9\",\"route_short_name\":\"9\",\"route_long_name\":\"Hospital&Downtown\",\"route_type\":\"3\",\"route_type_name\":\"Bus\",\"route_color\":\"F69896\",\"route_text_color\":\"000000\"}]"},"geometry":{"type":"Point","coordinates":[-122.46905,48.753986]}},{"type":"Feature","properties":{"stop_id":"159","stop_code":"7228","stop_name":"James St at Kentucky St","stop_desc":"","zone_id":"","stop_url":"","location_type":"","parent_station":"","stop_timezone":"","wheelchair_boarding":"2","feed_id":"Washington__Whatcom_Transportation_Authority__mdb_mdb-284","agency_name":"Whatcom Transportation Authority","route_count":4,"route_ids":"49|72X|75|9","route_short_names":"49|72X|75|9","route_types":"3","route_type_names":"Bus","routes_json":"[{\"route_id\":\"49\",\"route_short_name\":\"49\",\"route_long_name\":\"Downtown&Bakerview Spur\",\"route_type\":\"3\",\"route_type_name\":\"Bus\",\"route_color\":\"DA1F3D\",\"route_text_color\":\"FFFFFF\"},{\"route_id\":\"72X\",\"route_short_name\":\"72X\",\"route_long_name\":\"Kendall&Bellingham\",\"route_type\":\"3\",\"route_type_name\":\"Bus\",\"route_color\":\"952D4F\",\"route_text_color\":\"FFFFFF\"},{\"route_id\":\"75\",\"route_short_name\":\"75\",\"route_long_name\":\"Blaine/Birch Bay&Bellingham\",\"route_type\":\"3\",\"route_type_name\":\"Bus\",\"route_color\":\"F05B7D\",\"route_text_color\":\"FFFFFF\"},{\"route_id\":\"9\",\"route_short_name\":\"9\",\"route_long_name\":\"Hospital&Downtown\",\"route_type\":\"3\",\"route_type_name\":\"Bus\",\"route_color\":\"F69896\",\"route_text_color\":\"000000\"}]"},"geometry":{"type":"Point","coordinates":[-122.46477,48.758068]}},{"type":"Feature","properties":{"stop_id":"160","stop_code":"7229","stop_name":"James St at Texas St","stop_desc":"","zone_id":"","stop_url":"","location_type":"","parent_station":"","stop_timezone":"","wheelchair_boarding":"1","feed_id":"Washington__Whatcom_Transportation_Authority__mdb_mdb-284","agency_name":"Whatcom Transportation Authority","route_count":4,"route_ids":"49|72X|75|9","route_short_names":"49|72X|75|9","route_types":"3","route_type_names":"Bus","routes_json":"[{\"route_id\":\"49\",\"route_short_name\":\"49\",\"route_long_name\":\"Downtown&Bakerview Spur\",\"route_type\":\"3\",\"route_type_name\":\"Bus\",\"route_color\":\"DA1F3D\",\"route_text_color\":\"FFFFFF\"},{\"route_id\":\"72X\",\"route_short_name\":\"72X\",\"route_long_name\":\"Kendall&Bellingham\",\"route_type\":\"3\",\"route_type_name\":\"Bus\",\"route_color\":\"952D4F\",\"route_text_color\":\"FFFFFF\"},{\"route_id\":\"75\",\"route_short_name\":\"75\",\"route_long_name\":\"Blaine/Birch Bay&Bellingham\",\"route_type\":\"3\",\"route_type_name\":\"Bus\",\"route_color\":\"F05B7D\",\"route_text_color\":\"FFFFFF\"},{\"route_id\":\"9\",\"route_short_name\":\"9\",\"route_long_name\":\"Hospital&Downtown\",\"route_type\":\"3\",\"route_type_name\":\"Bus\",\"route_color\":\"F69896\",\"route_text_color\":\"000000\"}]"},"geometry":{"type":"Point","coordinates":[-122.464806,48.761377]}},{"type":"Feature","properties":{"stop_id":"161","stop_code":"7252","stop_name":"Sunset Dr at 2500 block","stop_desc":"","zone_id":"","stop_url":"","location_type":"","parent_station":"","stop_timezone":"","wheelchair_boarding":"1","feed_id":"Washington__Whatcom_Transportation_Authority__mdb_mdb-284","agency_name":"Whatcom Transportation Authority","route_count":2,"route_ids":"540|72X","route_short_names":"540|72X","route_types":"3","route_type_names":"Bus","routes_json":"[{\"route_id\":\"540\",\"route_short_name\":\"540\",\"route_long_name\":\"Sunset&Downtown\",\"route_type\":\"3\",\"route_type_name\":\"Bus\",\"route_color\":\"5F3075\",\"route_text_color\":\"FFFFFF\"},{\"route_id\":\"72X\",\"route_short_name\":\"72X\",\"route_long_name\":\"Kendall&Bellingham\",\"route_type\":\"3\",\"route_type_name\":\"Bus\",\"route_color\":\"952D4F\",\"route_text_color\":\"FFFFFF\"}]"},"geometry":{"type":"Point","coordinates":[-122.438734,48.778678]}},{"type":"Feature","properties":{"stop_id":"162","stop_code":"7253","stop_name":"Sunset Dr at Woburn St","stop_desc":"","zone_id":"","stop_url":"","location_type":"","parent_station":"","stop_timezone":"","wheelchair_boarding":"1","feed_id":"Washington__Whatcom_Transportation_Authority__mdb_mdb-284","agency_name":"Whatcom Transportation Authority","route_count":3,"route_ids":"331|49|72X","route_short_names":"331|49|72X","route_types":"3","route_type_names":"Bus","routes_json":"[{\"route_id\":\"331\",\"route_short_name\":\"331\",\"route_long_name\":\"Cordata/WCC&Downtown\",\"route_type\":\"3\",\"route_type_name\":\"Bus\",\"route_color\":\"FAA61A\",\"route_text_color\":\"000000\"},{\"route_id\":\"49\",\"route_short_name\":\"49\",\"route_long_name\":\"Downtown&Bakerview Spur\",\"route_type\":\"3\",\"route_type_name\":\"Bus\",\"route_color\":\"DA1F3D\",\"route_text_color\":\"FFFFFF\"},{\"route_id\":\"72X\",\"route_short_name\":\"72X\",\"route_long_name\":\"Kendall&Bellingham\",\"route_type\":\"3\",\"route_type_name\":\"Bus\",\"route_color\":\"952D4F\",\"route_text_color\":\"FFFFFF\"}]"},"geometry":{"type":"Point","coordinates":[-122.44621,48.77673]}},{"type":"Feature","properties":{"stop_id":"163","stop_code":"7257","stop_name":"James St at Connecticut St","stop_desc":"","zone_id":"","stop_url":"","location_type":"","parent_station":"","stop_timezone":"","wheelchair_boarding":"2","feed_id":"Washington__Whatcom_Transportation_Authority__mdb_mdb-284","agency_name":"Whatcom Transportation Authority","route_count":4,"route_ids":"49|72X|75|9","route_short_names":"49|72X|75|9","route_types":"3","route_type_names":"Bus","routes_json":"[{\"route_id\":\"49\",\"route_short_name\":\"49\",\"route_long_name\":\"Downtown&Bakerview Spur\",\"route_type\":\"3\",\"route_type_name\":\"Bus\",\"route_color\":\"DA1F3D\",\"route_text_color\":\"FFFFFF\"},{\"route_id\":\"72X\",\"route_short_name\":\"72X\",\"route_long_name\":\"Kendall&Bellingham\",\"route_type\":\"3\",\"route_type_name\":\"Bus\",\"route_color\":\"952D4F\",\"route_text_color\":\"FFFFFF\"},{\"route_id\":\"75\",\"route_short_name\":\"75\",\"route_long_name\":\"Blaine/Birch Bay&Bellingham\",\"route_type\":\"3\",\"route_type_name\":\"Bus\",\"route_color\":\"F05B7D\",\"route_text_color\":\"FFFFFF\"},{\"route_id\":\"9\",\"route_short_name\":\"9\",\"route_long_name\":\"Hospital&Downtown\",\"route_type\":\"3\",\"route_type_name\":\"Bus\",\"route_color\":\"F69896\",\"route_text_color\":\"000000\"}]"},"geometry":{"type":"Point","coordinates":[-122.465024,48.765344]}},{"type":"Feature","properties":{"stop_id":"164","stop_code":"7234","stop_name":"Sunset Dr at Racine St","stop_desc":"","zone_id":"","stop_url":"","location_type":"","parent_station":"","stop_timezone":"","wheelchair_boarding":"1","feed_id":"Washington__Whatcom_Transportation_Authority__mdb_mdb-284","agency_name":"Whatcom Transportation Authority","route_count":4,"route_ids":"331|49|540|72X","route_short_names":"331|49|540|72X","route_types":"3","route_type_names":"Bus","routes_json":"[{\"route_id\":\"331\",\"route_short_name\":\"331\",\"route_long_name\":\"Cordata/WCC&Downtown\",\"route_type\":\"3\",\"route_type_name\":\"Bus\",\"route_color\":\"FAA61A\",\"route_text_color\":\"000000\"},{\"route_id\":\"49\",\"route_short_name\":\"49\",\"route_long_name\":\"Downtown&Bakerview Spur\",\"route_type\":\"3\",\"route_type_name\":\"Bus\",\"route_color\":\"DA1F3D\",\"route_text_color\":\"FFFFFF\"},{\"route_id\":\"540\",\"route_short_name\":\"540\",\"route_long_name\":\"Sunset&Downtown\",\"route_type\":\"3\",\"route_type_name\":\"Bus\",\"route_color\":\"5F3075\",\"route_text_color\":\"FFFFFF\"},{\"route_id\":\"72X\",\"route_short_name\":\"72X\",\"route_long_name\":\"Kendall&Bellingham\",\"route_type\":\"3\",\"route_type_name\":\"Bus\",\"route_color\":\"952D4F\",\"route_text_color\":\"FFFFFF\"}]"},"geometry":{"type":"Point","coordinates":[-122.45271,48.774906]}},{"type":"Feature","properties":{"stop_id":"165","stop_code":"7235","stop_name":"Sunset Dr at Woburn St","stop_desc":"","zone_id":"","stop_url":"","location_type":"","parent_station":"","stop_timezone":"","wheelchair_boarding":"1","feed_id":"Washington__Whatcom_Transportation_Authority__mdb_mdb-284","agency_name":"Whatcom Transportation Authority","route_count":2,"route_ids":"540|72X","route_short_names":"540|72X","route_types":"3","route_type_names":"Bus","routes_json":"[{\"route_id\":\"540\",\"route_short_name\":\"540\",\"route_long_name\":\"Sunset&Downtown\",\"route_type\":\"3\",\"route_type_name\":\"Bus\",\"route_color\":\"5F3075\",\"route_text_color\":\"FFFFFF\"},{\"route_id\":\"72X\",\"route_short_name\":\"72X\",\"route_long_name\":\"Kendall&Bellingham\",\"route_type\":\"3\",\"route_type_name\":\"Bus\",\"route_color\":\"952D4F\",\"route_text_color\":\"FFFFFF\"}]"},"geometry":{"type":"Point","coordinates":[-122.444498,48.776723]}},{"type":"Feature","properties":{"stop_id":"166","stop_code":"7223","stop_name":"Noon Rd at Mt Baker Hwy","stop_desc":"","zone_id":"","stop_url":"","location_type":"","parent_station":"","stop_timezone":"","wheelchair_boarding":"2","feed_id":"Washington__Whatcom_Transportation_Authority__mdb_mdb-284","agency_name":"Whatcom Transportation Authority","route_count":1,"route_ids":"72X","route_short_names":"72X","route_types":"3","route_type_names":"Bus","routes_json":"[{\"route_id\":\"72X\",\"route_short_name\":\"72X\",\"route_long_name\":\"Kendall&Bellingham\",\"route_type\":\"3\",\"route_type_name\":\"Bus\",\"route_color\":\"952D4F\",\"route_text_color\":\"FFFFFF\"}]"},"geometry":{"type":"Point","coordinates":[-122.398974,48.803462]}},{"type":"Feature","properties":{"stop_id":"167","stop_code":"7208","stop_name":"Oregon Trail at Kendall Rd","stop_desc":"","zone_id":"","stop_url":"","location_type":"","parent_station":"","stop_timezone":"","wheelchair_boarding":"1","feed_id":"Washington__Whatcom_Transportation_Authority__mdb_mdb-284","agency_name":"Whatcom Transportation Authority","route_count":1,"route_ids":"72X","route_short_names":"72X","route_types":"3","route_type_names":"Bus","routes_json":"[{\"route_id\":\"72X\",\"route_short_name\":\"72X\",\"route_long_name\":\"Kendall&Bellingham\",\"route_type\":\"3\",\"route_type_name\":\"Bus\",\"route_color\":\"952D4F\",\"route_text_color\":\"FFFFFF\"}]"},"geometry":{"type":"Point","coordinates":[-122.143276,48.931288]}},{"type":"Feature","properties":{"stop_id":"168","stop_code":"7215","stop_name":"Peaceful Valley Dr at Clear Valley Dr","stop_desc":"","zone_id":"","stop_url":"","location_type":"","parent_station":"","stop_timezone":"","wheelchair_boarding":"2","feed_id":"Washington__Whatcom_Transportation_Authority__mdb_mdb-284","agency_name":"Whatcom Transportation Authority","route_count":1,"route_ids":"72X","route_short_names":"72X","route_types":"3","route_type_names":"Bus","routes_json":"[{\"route_id\":\"72X\",\"route_short_name\":\"72X\",\"route_long_name\":\"Kendall&Bellingham\",\"route_type\":\"3\",\"route_type_name\":\"Bus\",\"route_color\":\"952D4F\",\"route_text_color\":\"FFFFFF\"}]"},"geometry":{"type":"Point","coordinates":[-122.144391,48.939387]}},{"type":"Feature","properties":{"stop_id":"169","stop_code":"7213","stop_name":"Deep Valley Dr at Red Valley Ln","stop_desc":"","zone_id":"","stop_url":"","location_type":"","parent_station":"","stop_timezone":"","wheelchair_boarding":"2","feed_id":"Washington__Whatcom_Transportation_Authority__mdb_mdb-284","agency_name":"Whatcom Transportation Authority","route_count":1,"route_ids":"72X","route_short_names":"72X","route_types":"3","route_type_names":"Bus","routes_json":"[{\"route_id\":\"72X\",\"route_short_name\":\"72X\",\"route_long_name\":\"Kendall&Bellingham\",\"route_type\":\"3\",\"route_type_name\":\"Bus\",\"route_color\":\"952D4F\",\"route_text_color\":\"FFFFFF\"}]"},"geometry":{"type":"Point","coordinates":[-122.14194,48.941666]}},{"type":"Feature","properties":{"stop_id":"170","stop_code":"7214","stop_name":"King Valley Dr at Green Valley Ct","stop_desc":"","zone_id":"","stop_url":"","location_type":"","parent_station":"","stop_timezone":"","wheelchair_boarding":"2","feed_id":"Washington__Whatcom_Transportation_Authority__mdb_mdb-284","agency_name":"Whatcom Transportation Authority","route_count":1,"route_ids":"72X","route_short_names":"72X","route_types":"3","route_type_names":"Bus","routes_json":"[{\"route_id\":\"72X\",\"route_short_name\":\"72X\",\"route_long_name\":\"Kendall&Bellingham\",\"route_type\":\"3\",\"route_type_name\":\"Bus\",\"route_color\":\"952D4F\",\"route_text_color\":\"FFFFFF\"}]"},"geometry":{"type":"Point","coordinates":[-122.140842,48.939028]}},{"type":"Feature","properties":{"stop_id":"171","stop_code":"7241","stop_name":"Hwy 9 at Van Zandt Community Hall","stop_desc":"","zone_id":"","stop_url":"","location_type":"","parent_station":"","stop_timezone":"","wheelchair_boarding":"1","feed_id":"Washington__Whatcom_Transportation_Authority__mdb_mdb-284","agency_name":"Whatcom Transportation Authority","route_count":1,"route_ids":"72X","route_short_names":"72X","route_types":"3","route_type_names":"Bus","routes_json":"[{\"route_id\":\"72X\",\"route_short_name\":\"72X\",\"route_long_name\":\"Kendall&Bellingham\",\"route_type\":\"3\",\"route_type_name\":\"Bus\",\"route_color\":\"952D4F\",\"route_text_color\":\"FFFFFF\"}]"},"geometry":{"type":"Point","coordinates":[-122.190336,48.789486]}},{"type":"Feature","properties":{"stop_id":"172","stop_code":"7294","stop_name":"Chestnut Dr at Golden Valley Dr","stop_desc":"","zone_id":"","stop_url":"","location_type":"","parent_station":"","stop_timezone":"","wheelchair_boarding":"2","feed_id":"Washington__Whatcom_Transportation_Authority__mdb_mdb-284","agency_name":"Whatcom Transportation Authority","route_count":1,"route_ids":"72X","route_short_names":"72X","route_types":"3","route_type_names":"Bus","routes_json":"[{\"route_id\":\"72X\",\"route_short_name\":\"72X\",\"route_long_name\":\"Kendall&Bellingham\",\"route_type\":\"3\",\"route_type_name\":\"Bus\",\"route_color\":\"952D4F\",\"route_text_color\":\"FFFFFF\"}]"},"geometry":{"type":"Point","coordinates":[-122.14468,48.946413]}},{"type":"Feature","properties":{"stop_id":"173","stop_code":"7206","stop_name":"Kendall Rd at Mt Baker Hwy","stop_desc":"","zone_id":"","stop_url":"","location_type":"","parent_station":"","stop_timezone":"","wheelchair_boarding":"1","feed_id":"Washington__Whatcom_Transportation_Authority__mdb_mdb-284","agency_name":"Whatcom Transportation Authority","route_count":1,"route_ids":"72X","route_short_names":"72X","route_types":"3","route_type_names":"Bus","routes_json":"[{\"route_id\":\"72X\",\"route_short_name\":\"72X\",\"route_long_name\":\"Kendall&Bellingham\",\"route_type\":\"3\",\"route_type_name\":\"Bus\",\"route_color\":\"952D4F\",\"route_text_color\":\"FFFFFF\"}]"},"geometry":{"type":"Point","coordinates":[-122.138581,48.9171]}},{"type":"Feature","properties":{"stop_id":"174","stop_code":"7145","stop_name":"Kellogg Rd at Meridian St","stop_desc":"","zone_id":"","stop_url":"","location_type":"","parent_station":"","stop_timezone":"","wheelchair_boarding":"1","feed_id":"Washington__Whatcom_Transportation_Authority__mdb_mdb-284","agency_name":"Whatcom Transportation Authority","route_count":3,"route_ids":"26|45|71X","route_short_names":"26|45|71X","route_types":"3","route_type_names":"Bus","routes_json":"[{\"route_id\":\"26\",\"route_short_name\":\"26\",\"route_long_name\":\"Lynden&Cordata/WCC\",\"route_type\":\"3\",\"route_type_name\":\"Bus\",\"route_color\":\"7A6026\",\"route_text_color\":\"FFFFFF\"},{\"route_id\":\"45\",\"route_short_name\":\"45\",\"route_long_name\":\"KingMountain&Cordata/WCC\",\"route_type\":\"3\",\"route_type_name\":\"Bus\",\"route_color\":\"E29957\",\"route_text_color\":\"FFFFFF\"},{\"route_id\":\"71X\",\"route_short_name\":\"71X\",\"route_long_name\":\"Everson/Nooksack/Sumas&Cordata\",\"route_type\":\"3\",\"route_type_name\":\"Bus\",\"route_color\":\"B47236\",\"route_text_color\":\"FFFFFF\"}]"},"geometry":{"type":"Point","coordinates":[-122.488016,48.795278]}},{"type":"Feature","properties":{"stop_id":"175","stop_code":"2121","stop_name":"Champion St at Unity St","stop_desc":"","zone_id":"","stop_url":"","location_type":"","parent_station":"","stop_timezone":"","wheelchair_boarding":"1","feed_id":"Washington__Whatcom_Transportation_Authority__mdb_mdb-284","agency_name":"Whatcom Transportation Authority","route_count":5,"route_ids":"10|15|232|3|331","route_short_names":"10|15|232|3|331","route_types":"3","route_type_names":"Bus","routes_json":"[{\"route_id\":\"10\",\"route_short_name\":\"10\",\"route_long_name\":\"Eldridge&Downtown\",\"route_type\":\"3\",\"route_type_name\":\"Bus\",\"route_color\":\"B2D235\",\"route_text_color\":\"000000\"},{\"route_id\":\"15\",\"route_short_name\":\"15\",\"route_long_name\":\"Cordata/WCC&Downtown\",\"route_type\":\"3\",\"route_type_name\":\"Bus\",\"route_color\":\"F58220\",\"route_text_color\":\"FFFFFF\"},{\"route_id\":\"232\",\"route_short_name\":\"232\",\"route_long_name\":\"Cordata/WCC&Downtown\",\"route_type\":\"3\",\"route_type_name\":\"Bus\",\"route_color\":\"8DC63F\",\"route_text_color\":\"FFFFFF\"},{\"route_id\":\"3\",\"route_short_name\":\"3\",\"route_long_name\":\"Airport/Cordata&Airport/Downtown\",\"route_type\":\"3\",\"route_type_name\":\"Bus\",\"route_color\":\"D7DF23\",\"route_text_color\":\"000000\"},{\"route_id\":\"331\",\"route_short_name\":\"331\",\"route_long_name\":\"Cordata/WCC&Downtown\",\"route_type\":\"3\",\"route_type_name\":\"Bus\",\"route_color\":\"FAA61A\",\"route_text_color\":\"000000\"}]"},"geometry":{"type":"Point","coordinates":[-122.477102,48.751954]}},{"type":"Feature","properties":{"stop_id":"177","stop_code":"3196","stop_name":"Girard St at C St","stop_desc":"","zone_id":"","stop_url":"","location_type":"","parent_station":"","stop_timezone":"","wheelchair_boarding":"2","feed_id":"Washington__Whatcom_Transportation_Authority__mdb_mdb-284","agency_name":"Whatcom Transportation Authority","route_count":1,"route_ids":"15","route_short_names":"15","route_types":"3","route_type_names":"Bus","routes_json":"[{\"route_id\":\"15\",\"route_short_name\":\"15\",\"route_long_name\":\"Cordata/WCC&Downtown\",\"route_type\":\"3\",\"route_type_name\":\"Bus\",\"route_color\":\"F58220\",\"route_text_color\":\"FFFFFF\"}]"},"geometry":{"type":"Point","coordinates":[-122.480353,48.757602]}},{"type":"Feature","properties":{"stop_id":"178","stop_code":"3197","stop_name":"Girard St at G St","stop_desc":"","zone_id":"","stop_url":"","location_type":"","parent_station":"","stop_timezone":"","wheelchair_boarding":"1","feed_id":"Washington__Whatcom_Transportation_Authority__mdb_mdb-284","agency_name":"Whatcom Transportation Authority","route_count":1,"route_ids":"15","route_short_names":"15","route_types":"3","route_type_names":"Bus","routes_json":"[{\"route_id\":\"15\",\"route_short_name\":\"15\",\"route_long_name\":\"Cordata/WCC&Downtown\",\"route_type\":\"3\",\"route_type_name\":\"Bus\",\"route_color\":\"F58220\",\"route_text_color\":\"FFFFFF\"}]"},"geometry":{"type":"Point","coordinates":[-122.48282,48.759262]}},{"type":"Feature","properties":{"stop_id":"179","stop_code":"3198","stop_name":"Girard St at J St","stop_desc":"","zone_id":"","stop_url":"","location_type":"","parent_station":"","stop_timezone":"","wheelchair_boarding":"1","feed_id":"Washington__Whatcom_Transportation_Authority__mdb_mdb-284","agency_name":"Whatcom Transportation Authority","route_count":1,"route_ids":"15","route_short_names":"15","route_types":"3","route_type_names":"Bus","routes_json":"[{\"route_id\":\"15\",\"route_short_name\":\"15\",\"route_long_name\":\"Cordata/WCC&Downtown\",\"route_type\":\"3\",\"route_type_name\":\"Bus\",\"route_color\":\"F58220\",\"route_text_color\":\"FFFFFF\"}]"},"geometry":{"type":"Point","coordinates":[-122.485317,48.760875]}},{"type":"Feature","properties":{"stop_id":"180","stop_code":"3199","stop_name":"Meridian St at Broadway","stop_desc":"","zone_id":"","stop_url":"","location_type":"","parent_station":"","stop_timezone":"","wheelchair_boarding":"2","feed_id":"Washington__Whatcom_Transportation_Authority__mdb_mdb-284","agency_name":"Whatcom Transportation Authority","route_count":1,"route_ids":"15","route_short_names":"15","route_types":"3","route_type_names":"Bus","routes_json":"[{\"route_id\":\"15\",\"route_short_name\":\"15\",\"route_long_name\":\"Cordata/WCC&Downtown\",\"route_type\":\"3\",\"route_type_name\":\"Bus\",\"route_color\":\"F58220\",\"route_text_color\":\"FFFFFF\"}]"},"geometry":{"type":"Point","coordinates":[-122.485994,48.761759]}},{"type":"Feature","properties":{"stop_id":"181","stop_code":"2219","stop_name":"Meridian St at North St","stop_desc":"","zone_id":"","stop_url":"","location_type":"","parent_station":"","stop_timezone":"","wheelchair_boarding":"2","feed_id":"Washington__Whatcom_Transportation_Authority__mdb_mdb-284","agency_name":"Whatcom Transportation Authority","route_count":1,"route_ids":"15","route_short_names":"15","route_types":"3","route_type_names":"Bus","routes_json":"[{\"route_id\":\"15\",\"route_short_name\":\"15\",\"route_long_name\":\"Cordata/WCC&Downtown\",\"route_type\":\"3\",\"route_type_name\":\"Bus\",\"route_color\":\"F58220\",\"route_text_color\":\"FFFFFF\"}]"},"geometry":{"type":"Point","coordinates":[-122.485987,48.764728]}},{"type":"Feature","properties":{"stop_id":"182","stop_code":"2221","stop_name":"Meridian St at Oregon St","stop_desc":"","zone_id":"","stop_url":"","location_type":"","parent_station":"","stop_timezone":"","wheelchair_boarding":"2","feed_id":"Washington__Whatcom_Transportation_Authority__mdb_mdb-284","agency_name":"Whatcom Transportation Authority","route_count":1,"route_ids":"15","route_short_names":"15","route_types":"3","route_type_names":"Bus","routes_json":"[{\"route_id\":\"15\",\"route_short_name\":\"15\",\"route_long_name\":\"Cordata/WCC&Downtown\",\"route_type\":\"3\",\"route_type_name\":\"Bus\",\"route_color\":\"F58220\",\"route_text_color\":\"FFFFFF\"}]"},"geometry":{"type":"Point","coordinates":[-122.485951,48.771153]}},{"type":"Feature","properties":{"stop_id":"183","stop_code":"3200","stop_name":"Meridian St at Victor St","stop_desc":"","zone_id":"","stop_url":"","location_type":"","parent_station":"","stop_timezone":"","wheelchair_boarding":"2","feed_id":"Washington__Whatcom_Transportation_Authority__mdb_mdb-284","agency_name":"Whatcom Transportation Authority","route_count":1,"route_ids":"15","route_short_names":"15","route_types":"3","route_type_names":"Bus","routes_json":"[{\"route_id\":\"15\",\"route_short_name\":\"15\",\"route_long_name\":\"Cordata/WCC&Downtown\",\"route_type\":\"3\",\"route_type_name\":\"Bus\",\"route_color\":\"F58220\",\"route_text_color\":\"FFFFFF\"}]"},"geometry":{"type":"Point","coordinates":[-122.48594,48.77396]}},{"type":"Feature","properties":{"stop_id":"184","stop_code":"2222","stop_name":"Meridian St at Orchard Dr","stop_desc":"","zone_id":"","stop_url":"","location_type":"","parent_station":"","stop_timezone":"","wheelchair_boarding":"2","feed_id":"Washington__Whatcom_Transportation_Authority__mdb_mdb-284","agency_name":"Whatcom Transportation Authority","route_count":1,"route_ids":"15","route_short_names":"15","route_types":"3","route_type_names":"Bus","routes_json":"[{\"route_id\":\"15\",\"route_short_name\":\"15\",\"route_long_name\":\"Cordata/WCC&Downtown\",\"route_type\":\"3\",\"route_type_name\":\"Bus\",\"route_color\":\"F58220\",\"route_text_color\":\"FFFFFF\"}]"},"geometry":{"type":"Point","coordinates":[-122.485964,48.779123]}},{"type":"Feature","properties":{"stop_id":"185","stop_code":"2305","stop_name":"Meridian St at McLeod Rd","stop_desc":"","zone_id":"","stop_url":"","location_type":"","parent_station":"","stop_timezone":"","wheelchair_boarding":"1","feed_id":"Washington__Whatcom_Transportation_Authority__mdb_mdb-284","agency_name":"Whatcom Transportation Authority","route_count":1,"route_ids":"15","route_short_names":"15","route_types":"3","route_type_names":"Bus","routes_json":"[{\"route_id\":\"15\",\"route_short_name\":\"15\",\"route_long_name\":\"Cordata/WCC&Downtown\",\"route_type\":\"3\",\"route_type_name\":\"Bus\",\"route_color\":\"F58220\",\"route_text_color\":\"FFFFFF\"}]"},"geometry":{"type":"Point","coordinates":[-122.48633,48.781891]}},{"type":"Feature","properties":{"stop_id":"186","stop_code":"3090","stop_name":"Meridian St at Victor St","stop_desc":"","zone_id":"","stop_url":"","location_type":"","parent_station":"","stop_timezone":"","wheelchair_boarding":"2","feed_id":"Washington__Whatcom_Transportation_Authority__mdb_mdb-284","agency_name":"Whatcom Transportation Authority","route_count":1,"route_ids":"15","route_short_names":"15","route_types":"3","route_type_names":"Bus","routes_json":"[{\"route_id\":\"15\",\"route_short_name\":\"15\",\"route_long_name\":\"Cordata/WCC&Downtown\",\"route_type\":\"3\",\"route_type_name\":\"Bus\",\"route_color\":\"F58220\",\"route_text_color\":\"FFFFFF\"}]"},"geometry":{"type":"Point","coordinates":[-122.486181,48.773599]}},{"type":"Feature","properties":{"stop_id":"187","stop_code":"3091","stop_name":"Meridian St at Oregon St","stop_desc":"","zone_id":"","stop_url":"","location_type":"","parent_station":"","stop_timezone":"","wheelchair_boarding":"2","feed_id":"Washington__Whatcom_Transportation_Authority__mdb_mdb-284","agency_name":"Whatcom Transportation Authority","route_count":1,"route_ids":"15","route_short_names":"15","route_types":"3","route_type_names":"Bus","routes_json":"[{\"route_id\":\"15\",\"route_short_name\":\"15\",\"route_long_name\":\"Cordata/WCC&Downtown\",\"route_type\":\"3\",\"route_type_name\":\"Bus\",\"route_color\":\"F58220\",\"route_text_color\":\"FFFFFF\"}]"},"geometry":{"type":"Point","coordinates":[-122.486182,48.770748]}},{"type":"Feature","properties":{"stop_id":"188","stop_code":"3093","stop_name":"Meridian St at North St","stop_desc":"","zone_id":"","stop_url":"","location_type":"","parent_station":"","stop_timezone":"","wheelchair_boarding":"1","feed_id":"Washington__Whatcom_Transportation_Authority__mdb_mdb-284","agency_name":"Whatcom Transportation Authority","route_count":1,"route_ids":"15","route_short_names":"15","route_types":"3","route_type_names":"Bus","routes_json":"[{\"route_id\":\"15\",\"route_short_name\":\"15\",\"route_long_name\":\"Cordata/WCC&Downtown\",\"route_type\":\"3\",\"route_type_name\":\"Bus\",\"route_color\":\"F58220\",\"route_text_color\":\"FFFFFF\"}]"},"geometry":{"type":"Point","coordinates":[-122.486216,48.76454]}},{"type":"Feature","properties":{"stop_id":"189","stop_code":"3201","stop_name":"Meridian St at Monroe St","stop_desc":"","zone_id":"","stop_url":"","location_type":"","parent_station":"","stop_timezone":"","wheelchair_boarding":"1","feed_id":"Washington__Whatcom_Transportation_Authority__mdb_mdb-284","agency_name":"Whatcom Transportation Authority","route_count":1,"route_ids":"15","route_short_names":"15","route_types":"3","route_type_names":"Bus","routes_json":"[{\"route_id\":\"15\",\"route_short_name\":\"15\",\"route_long_name\":\"Cordata/WCC&Downtown\",\"route_type\":\"3\",\"route_type_name\":\"Bus\",\"route_color\":\"F58220\",\"route_text_color\":\"FFFFFF\"}]"},"geometry":{"type":"Point","coordinates":[-122.48619,48.762417]}},{"type":"Feature","properties":{"stop_id":"190","stop_code":"3094","stop_name":"Girard St at J St","stop_desc":"","zone_id":"","stop_url":"","location_type":"","parent_station":"","stop_timezone":"","wheelchair_boarding":"1","feed_id":"Washington__Whatcom_Transportation_Authority__mdb_mdb-284","agency_name":"Whatcom Transportation Authority","route_count":1,"route_ids":"15","route_short_names":"15","route_types":"3","route_type_names":"Bus","routes_json":"[{\"route_id\":\"15\",\"route_short_name\":\"15\",\"route_long_name\":\"Cordata/WCC&Downtown\",\"route_type\":\"3\",\"route_type_name\":\"Bus\",\"route_color\":\"F58220\",\"route_text_color\":\"FFFFFF\"}]"},"geometry":{"type":"Point","coordinates":[-122.485563,48.760815]}},{"type":"Feature","properties":{"stop_id":"191","stop_code":"3202","stop_name":"Girard St at H St","stop_desc":"","zone_id":"","stop_url":"","location_type":"","parent_station":"","stop_timezone":"","wheelchair_boarding":"2","feed_id":"Washington__Whatcom_Transportation_Authority__mdb_mdb-284","agency_name":"Whatcom Transportation Authority","route_count":1,"route_ids":"15","route_short_names":"15","route_types":"3","route_type_names":"Bus","routes_json":"[{\"route_id\":\"15\",\"route_short_name\":\"15\",\"route_long_name\":\"Cordata/WCC&Downtown\",\"route_type\":\"3\",\"route_type_name\":\"Bus\",\"route_color\":\"F58220\",\"route_text_color\":\"FFFFFF\"}]"},"geometry":{"type":"Point","coordinates":[-122.483675,48.75959]}},{"type":"Feature","properties":{"stop_id":"192","stop_code":"2238","stop_name":"Girard St at D St","stop_desc":"","zone_id":"","stop_url":"","location_type":"","parent_station":"","stop_timezone":"","wheelchair_boarding":"2","feed_id":"Washington__Whatcom_Transportation_Authority__mdb_mdb-284","agency_name":"Whatcom Transportation Authority","route_count":1,"route_ids":"15","route_short_names":"15","route_types":"3","route_type_names":"Bus","routes_json":"[{\"route_id\":\"15\",\"route_short_name\":\"15\",\"route_long_name\":\"Cordata/WCC&Downtown\",\"route_type\":\"3\",\"route_type_name\":\"Bus\",\"route_color\":\"F58220\",\"route_text_color\":\"FFFFFF\"}]"},"geometry":{"type":"Point","coordinates":[-122.480544,48.757555]}},{"type":"Feature","properties":{"stop_id":"195","stop_code":"7114","stop_name":"Nooksack Valley High School","stop_desc":"","zone_id":"","stop_url":"","location_type":"","parent_station":"","stop_timezone":"","wheelchair_boarding":"1","feed_id":"Washington__Whatcom_Transportation_Authority__mdb_mdb-284","agency_name":"Whatcom Transportation Authority","route_count":1,"route_ids":"71X","route_short_names":"71X","route_types":"3","route_type_names":"Bus","routes_json":"[{\"route_id\":\"71X\",\"route_short_name\":\"71X\",\"route_long_name\":\"Everson/Nooksack/Sumas&Cordata\",\"route_type\":\"3\",\"route_type_name\":\"Bus\",\"route_color\":\"B47236\",\"route_text_color\":\"FFFFFF\"}]"},"geometry":{"type":"Point","coordinates":[-122.308224,48.963925]}},{"type":"Feature","properties":{"stop_id":"196","stop_code":"7117","stop_name":"Nooksack Rd at Madison St","stop_desc":"","zone_id":"","stop_url":"","location_type":"","parent_station":"","stop_timezone":"","wheelchair_boarding":"1","feed_id":"Washington__Whatcom_Transportation_Authority__mdb_mdb-284","agency_name":"Whatcom Transportation Authority","route_count":1,"route_ids":"71X","route_short_names":"71X","route_types":"3","route_type_names":"Bus","routes_json":"[{\"route_id\":\"71X\",\"route_short_name\":\"71X\",\"route_long_name\":\"Everson/Nooksack/Sumas&Cordata\",\"route_type\":\"3\",\"route_type_name\":\"Bus\",\"route_color\":\"B47236\",\"route_text_color\":\"FFFFFF\"}]"},"geometry":{"type":"Point","coordinates":[-122.321942,48.927755]}},{"type":"Feature","properties":{"stop_id":"197","stop_code":"7118","stop_name":"Nooksack Rd at Columbia St","stop_desc":"","zone_id":"","stop_url":"","location_type":"","parent_station":"","stop_timezone":"","wheelchair_boarding":"1","feed_id":"Washington__Whatcom_Transportation_Authority__mdb_mdb-284","agency_name":"Whatcom Transportation Authority","route_count":1,"route_ids":"71X","route_short_names":"71X","route_types":"3","route_type_names":"Bus","routes_json":"[{\"route_id\":\"71X\",\"route_short_name\":\"71X\",\"route_long_name\":\"Everson/Nooksack/Sumas&Cordata\",\"route_type\":\"3\",\"route_type_name\":\"Bus\",\"route_color\":\"B47236\",\"route_text_color\":\"FFFFFF\"}]"},"geometry":{"type":"Point","coordinates":[-122.32201,48.921612]}},{"type":"Feature","properties":{"stop_id":"198","stop_code":"7120","stop_name":"Main St at Kirsch Rd","stop_desc":"","zone_id":"","stop_url":"","location_type":"","parent_station":"","stop_timezone":"","wheelchair_boarding":"1","feed_id":"Washington__Whatcom_Transportation_Authority__mdb_mdb-284","agency_name":"Whatcom Transportation Authority","route_count":1,"route_ids":"71X","route_short_names":"71X","route_types":"3","route_type_names":"Bus","routes_json":"[{\"route_id\":\"71X\",\"route_short_name\":\"71X\",\"route_long_name\":\"Everson/Nooksack/Sumas&Cordata\",\"route_type\":\"3\",\"route_type_name\":\"Bus\",\"route_color\":\"B47236\",\"route_text_color\":\"FFFFFF\"}]"},"geometry":{"type":"Point","coordinates":[-122.34151,48.920231]}},{"type":"Feature","properties":{"stop_id":"199","stop_code":"7110","stop_name":"Main St at Kirsch Dr","stop_desc":"","zone_id":"","stop_url":"","location_type":"","parent_station":"","stop_timezone":"","wheelchair_boarding":"1","feed_id":"Washington__Whatcom_Transportation_Authority__mdb_mdb-284","agency_name":"Whatcom Transportation Authority","route_count":1,"route_ids":"71X","route_short_names":"71X","route_types":"3","route_type_names":"Bus","routes_json":"[{\"route_id\":\"71X\",\"route_short_name\":\"71X\",\"route_long_name\":\"Everson/Nooksack/Sumas&Cordata\",\"route_type\":\"3\",\"route_type_name\":\"Bus\",\"route_color\":\"B47236\",\"route_text_color\":\"FFFFFF\"}]"},"geometry":{"type":"Point","coordinates":[-122.34155,48.920071]}},{"type":"Feature","properties":{"stop_id":"200","stop_code":"7121","stop_name":"Everson Rd at Kale Rd","stop_desc":"","zone_id":"","stop_url":"","location_type":"","parent_station":"","stop_timezone":"","wheelchair_boarding":"1","feed_id":"Washington__Whatcom_Transportation_Authority__mdb_mdb-284","agency_name":"Whatcom Transportation Authority","route_count":1,"route_ids":"71X","route_short_names":"71X","route_types":"3","route_type_names":"Bus","routes_json":"[{\"route_id\":\"71X\",\"route_short_name\":\"71X\",\"route_long_name\":\"Everson/Nooksack/Sumas&Cordata\",\"route_type\":\"3\",\"route_type_name\":\"Bus\",\"route_color\":\"B47236\",\"route_text_color\":\"FFFFFF\"}]"},"geometry":{"type":"Point","coordinates":[-122.35239,48.915993]}},{"type":"Feature","properties":{"stop_id":"201","stop_code":"7109","stop_name":"Everson Rd at Kale Rd","stop_desc":"","zone_id":"","stop_url":"","location_type":"","parent_station":"","stop_timezone":"","wheelchair_boarding":"2","feed_id":"Washington__Whatcom_Transportation_Authority__mdb_mdb-284","agency_name":"Whatcom Transportation Authority","route_count":1,"route_ids":"71X","route_short_names":"71X","route_types":"3","route_type_names":"Bus","routes_json":"[{\"route_id\":\"71X\",\"route_short_name\":\"71X\",\"route_long_name\":\"Everson/Nooksack/Sumas&Cordata\",\"route_type\":\"3\",\"route_type_name\":\"Bus\",\"route_color\":\"B47236\",\"route_text_color\":\"FFFFFF\"}]"},"geometry":{"type":"Point","coordinates":[-122.3522,48.915852]}},{"type":"Feature","properties":{"stop_id":"202","stop_code":"7122","stop_name":"Everson Rd at Roeder St","stop_desc":"","zone_id":"","stop_url":"","location_type":"","parent_station":"","stop_timezone":"","wheelchair_boarding":"2","feed_id":"Washington__Whatcom_Transportation_Authority__mdb_mdb-284","agency_name":"Whatcom Transportation Authority","route_count":1,"route_ids":"71X","route_short_names":"71X","route_types":"3","route_type_names":"Bus","routes_json":"[{\"route_id\":\"71X\",\"route_short_name\":\"71X\",\"route_long_name\":\"Everson/Nooksack/Sumas&Cordata\",\"route_type\":\"3\",\"route_type_name\":\"Bus\",\"route_color\":\"B47236\",\"route_text_color\":\"FFFFFF\"}]"},"geometry":{"type":"Point","coordinates":[-122.355193,48.911443]}},{"type":"Feature","properties":{"stop_id":"203","stop_code":"7108","stop_name":"Everson Rd at Strandell St","stop_desc":"","zone_id":"","stop_url":"","location_type":"","parent_station":"","stop_timezone":"","wheelchair_boarding":"2","feed_id":"Washington__Whatcom_Transportation_Authority__mdb_mdb-284","agency_name":"Whatcom Transportation Authority","route_count":1,"route_ids":"71X","route_short_names":"71X","route_types":"3","route_type_names":"Bus","routes_json":"[{\"route_id\":\"71X\",\"route_short_name\":\"71X\",\"route_long_name\":\"Everson/Nooksack/Sumas&Cordata\",\"route_type\":\"3\",\"route_type_name\":\"Bus\",\"route_color\":\"B47236\",\"route_text_color\":\"FFFFFF\"}]"},"geometry":{"type":"Point","coordinates":[-122.35503,48.91135]}},{"type":"Feature","properties":{"stop_id":"204","stop_code":"7123","stop_name":"Mission Rd at Chestnut St","stop_desc":"","zone_id":"","stop_url":"","location_type":"","parent_station":"","stop_timezone":"","wheelchair_boarding":"2","feed_id":"Washington__Whatcom_Transportation_Authority__mdb_mdb-284","agency_name":"Whatcom Transportation Authority","route_count":1,"route_ids":"71X","route_short_names":"71X","route_types":"3","route_type_names":"Bus","routes_json":"[{\"route_id\":\"71X\",\"route_short_name\":\"71X\",\"route_long_name\":\"Everson/Nooksack/Sumas&Cordata\",\"route_type\":\"3\",\"route_type_name\":\"Bus\",\"route_color\":\"B47236\",\"route_text_color\":\"FFFFFF\"}]"},"geometry":{"type":"Point","coordinates":[-122.355903,48.906329]}},{"type":"Feature","properties":{"stop_id":"205","stop_code":"7107","stop_name":"Mission Rd at Chestnut St","stop_desc":"","zone_id":"","stop_url":"","location_type":"","parent_station":"","stop_timezone":"","wheelchair_boarding":"2","feed_id":"Washington__Whatcom_Transportation_Authority__mdb_mdb-284","agency_name":"Whatcom Transportation Authority","route_count":1,"route_ids":"71X","route_short_names":"71X","route_types":"3","route_type_names":"Bus","routes_json":"[{\"route_id\":\"71X\",\"route_short_name\":\"71X\",\"route_long_name\":\"Everson/Nooksack/Sumas&Cordata\",\"route_type\":\"3\",\"route_type_name\":\"Bus\",\"route_color\":\"B47236\",\"route_text_color\":\"FFFFFF\"}]"},"geometry":{"type":"Point","coordinates":[-122.355484,48.905973]}},{"type":"Feature","properties":{"stop_id":"206","stop_code":"7124","stop_name":"Mission Rd at Suchanon Dr","stop_desc":"","zone_id":"","stop_url":"","location_type":"","parent_station":"","stop_timezone":"","wheelchair_boarding":"2","feed_id":"Washington__Whatcom_Transportation_Authority__mdb_mdb-284","agency_name":"Whatcom Transportation Authority","route_count":1,"route_ids":"71X","route_short_names":"71X","route_types":"3","route_type_names":"Bus","routes_json":"[{\"route_id\":\"71X\",\"route_short_name\":\"71X\",\"route_long_name\":\"Everson/Nooksack/Sumas&Cordata\",\"route_type\":\"3\",\"route_type_name\":\"Bus\",\"route_color\":\"B47236\",\"route_text_color\":\"FFFFFF\"}]"},"geometry":{"type":"Point","coordinates":[-122.35312,48.898445]}},{"type":"Feature","properties":{"stop_id":"207","stop_code":"7149","stop_name":"Guide Meridian at Horton Rd","stop_desc":"","zone_id":"","stop_url":"","location_type":"","parent_station":"","stop_timezone":"","wheelchair_boarding":"1","feed_id":"Washington__Whatcom_Transportation_Authority__mdb_mdb-284","agency_name":"Whatcom Transportation Authority","route_count":2,"route_ids":"26|71X","route_short_names":"26|71X","route_types":"3","route_type_names":"Bus","routes_json":"[{\"route_id\":\"26\",\"route_short_name\":\"26\",\"route_long_name\":\"Lynden&Cordata/WCC\",\"route_type\":\"3\",\"route_type_name\":\"Bus\",\"route_color\":\"7A6026\",\"route_text_color\":\"FFFFFF\"},{\"route_id\":\"71X\",\"route_short_name\":\"71X\",\"route_long_name\":\"Everson/Nooksack/Sumas&Cordata\",\"route_type\":\"3\",\"route_type_name\":\"Bus\",\"route_color\":\"B47236\",\"route_text_color\":\"FFFFFF\"}]"},"geometry":{"type":"Point","coordinates":[-122.485813,48.808329]}},{"type":"Feature","properties":{"stop_id":"208","stop_code":"7150","stop_name":"Guide Meridian at Kline Rd","stop_desc":"","zone_id":"","stop_url":"","location_type":"","parent_station":"","stop_timezone":"","wheelchair_boarding":"2","feed_id":"Washington__Whatcom_Transportation_Authority__mdb_mdb-284","agency_name":"Whatcom Transportation Authority","route_count":2,"route_ids":"26|71X","route_short_names":"26|71X","route_types":"3","route_type_names":"Bus","routes_json":"[{\"route_id\":\"26\",\"route_short_name\":\"26\",\"route_long_name\":\"Lynden&Cordata/WCC\",\"route_type\":\"3\",\"route_type_name\":\"Bus\",\"route_color\":\"7A6026\",\"route_text_color\":\"FFFFFF\"},{\"route_id\":\"71X\",\"route_short_name\":\"71X\",\"route_long_name\":\"Everson/Nooksack/Sumas&Cordata\",\"route_type\":\"3\",\"route_type_name\":\"Bus\",\"route_color\":\"B47236\",\"route_text_color\":\"FFFFFF\"}]"},"geometry":{"type":"Point","coordinates":[-122.48576,48.815556]}},{"type":"Feature","properties":{"stop_id":"209","stop_code":"7151","stop_name":"Guide Meridian at Smith Rd","stop_desc":"","zone_id":"","stop_url":"","location_type":"","parent_station":"","stop_timezone":"","wheelchair_boarding":"1","feed_id":"Washington__Whatcom_Transportation_Authority__mdb_mdb-284","agency_name":"Whatcom Transportation Authority","route_count":2,"route_ids":"26|71X","route_short_names":"26|71X","route_types":"3","route_type_names":"Bus","routes_json":"[{\"route_id\":\"26\",\"route_short_name\":\"26\",\"route_long_name\":\"Lynden&Cordata/WCC\",\"route_type\":\"3\",\"route_type_name\":\"Bus\",\"route_color\":\"7A6026\",\"route_text_color\":\"FFFFFF\"},{\"route_id\":\"71X\",\"route_short_name\":\"71X\",\"route_long_name\":\"Everson/Nooksack/Sumas&Cordata\",\"route_type\":\"3\",\"route_type_name\":\"Bus\",\"route_color\":\"B47236\",\"route_text_color\":\"FFFFFF\"}]"},"geometry":{"type":"Point","coordinates":[-122.48577,48.833839]}},{"type":"Feature","properties":{"stop_id":"210","stop_code":"7153","stop_name":"Guide Meridian at Laurel Rd","stop_desc":"","zone_id":"","stop_url":"","location_type":"","parent_station":"","stop_timezone":"","wheelchair_boarding":"1","feed_id":"Washington__Whatcom_Transportation_Authority__mdb_mdb-284","agency_name":"Whatcom Transportation Authority","route_count":2,"route_ids":"26|71X","route_short_names":"26|71X","route_types":"3","route_type_names":"Bus","routes_json":"[{\"route_id\":\"26\",\"route_short_name\":\"26\",\"route_long_name\":\"Lynden&Cordata/WCC\",\"route_type\":\"3\",\"route_type_name\":\"Bus\",\"route_color\":\"7A6026\",\"route_text_color\":\"FFFFFF\"},{\"route_id\":\"71X\",\"route_short_name\":\"71X\",\"route_long_name\":\"Everson/Nooksack/Sumas&Cordata\",\"route_type\":\"3\",\"route_type_name\":\"Bus\",\"route_color\":\"B47236\",\"route_text_color\":\"FFFFFF\"}]"},"geometry":{"type":"Point","coordinates":[-122.48575,48.855583]}},{"type":"Feature","properties":{"stop_id":"211","stop_code":"7104","stop_name":"Everson-Goshen Rd at Pole Rd","stop_desc":"","zone_id":"","stop_url":"","location_type":"","parent_station":"","stop_timezone":"","wheelchair_boarding":"2","feed_id":"Washington__Whatcom_Transportation_Authority__mdb_mdb-284","agency_name":"Whatcom Transportation Authority","route_count":1,"route_ids":"71X","route_short_names":"71X","route_types":"3","route_type_names":"Bus","routes_json":"[{\"route_id\":\"71X\",\"route_short_name\":\"71X\",\"route_long_name\":\"Everson/Nooksack/Sumas&Cordata\",\"route_type\":\"3\",\"route_type_name\":\"Bus\",\"route_color\":\"B47236\",\"route_text_color\":\"FFFFFF\"}]"},"geometry":{"type":"Point","coordinates":[-122.37547,48.891415]}},{"type":"Feature","properties":{"stop_id":"212","stop_code":"7132","stop_name":"Pole Rd at Everson Goshen Rd","stop_desc":"","zone_id":"","stop_url":"","location_type":"","parent_station":"","stop_timezone":"","wheelchair_boarding":"2","feed_id":"Washington__Whatcom_Transportation_Authority__mdb_mdb-284","agency_name":"Whatcom Transportation Authority","route_count":1,"route_ids":"71X","route_short_names":"71X","route_types":"3","route_type_names":"Bus","routes_json":"[{\"route_id\":\"71X\",\"route_short_name\":\"71X\",\"route_long_name\":\"Everson/Nooksack/Sumas&Cordata\",\"route_type\":\"3\",\"route_type_name\":\"Bus\",\"route_color\":\"B47236\",\"route_text_color\":\"FFFFFF\"}]"},"geometry":{"type":"Point","coordinates":[-122.374972,48.891181]}},{"type":"Feature","properties":{"stop_id":"213","stop_code":"7105","stop_name":"Mission Rd at Silves Ct","stop_desc":"","zone_id":"","stop_url":"","location_type":"","parent_station":"","stop_timezone":"","wheelchair_boarding":"2","feed_id":"Washington__Whatcom_Transportation_Authority__mdb_mdb-284","agency_name":"Whatcom Transportation Authority","route_count":1,"route_ids":"71X","route_short_names":"71X","route_types":"3","route_type_names":"Bus","routes_json":"[{\"route_id\":\"71X\",\"route_short_name\":\"71X\",\"route_long_name\":\"Everson/Nooksack/Sumas&Cordata\",\"route_type\":\"3\",\"route_type_name\":\"Bus\",\"route_color\":\"B47236\",\"route_text_color\":\"FFFFFF\"}]"},"geometry":{"type":"Point","coordinates":[-122.35297,48.892445]}},{"type":"Feature","properties":{"stop_id":"214","stop_code":"7125","stop_name":"Mission Rd at Silves Ct","stop_desc":"","zone_id":"","stop_url":"","location_type":"","parent_station":"","stop_timezone":"","wheelchair_boarding":"2","feed_id":"Washington__Whatcom_Transportation_Authority__mdb_mdb-284","agency_name":"Whatcom Transportation Authority","route_count":1,"route_ids":"71X","route_short_names":"71X","route_types":"3","route_type_names":"Bus","routes_json":"[{\"route_id\":\"71X\",\"route_short_name\":\"71X\",\"route_long_name\":\"Everson/Nooksack/Sumas&Cordata\",\"route_type\":\"3\",\"route_type_name\":\"Bus\",\"route_color\":\"B47236\",\"route_text_color\":\"FFFFFF\"}]"},"geometry":{"type":"Point","coordinates":[-122.353117,48.892493]}},{"type":"Feature","properties":{"stop_id":"215","stop_code":"7106","stop_name":"Mission Rd at Suchanon Dr","stop_desc":"","zone_id":"","stop_url":"","location_type":"","parent_station":"","stop_timezone":"","wheelchair_boarding":"2","feed_id":"Washington__Whatcom_Transportation_Authority__mdb_mdb-284","agency_name":"Whatcom Transportation Authority","route_count":1,"route_ids":"71X","route_short_names":"71X","route_types":"3","route_type_names":"Bus","routes_json":"[{\"route_id\":\"71X\",\"route_short_name\":\"71X\",\"route_long_name\":\"Everson/Nooksack/Sumas&Cordata\",\"route_type\":\"3\",\"route_type_name\":\"Bus\",\"route_color\":\"B47236\",\"route_text_color\":\"FFFFFF\"}]"},"geometry":{"type":"Point","coordinates":[-122.35294,48.897453]}},{"type":"Feature","properties":{"stop_id":"216","stop_code":"7138","stop_name":"Guide Meridian at Ten Mile Rd","stop_desc":"","zone_id":"","stop_url":"","location_type":"","parent_station":"","stop_timezone":"","wheelchair_boarding":"1","feed_id":"Washington__Whatcom_Transportation_Authority__mdb_mdb-284","agency_name":"Whatcom Transportation Authority","route_count":2,"route_ids":"26|71X","route_short_names":"26|71X","route_types":"3","route_type_names":"Bus","routes_json":"[{\"route_id\":\"26\",\"route_short_name\":\"26\",\"route_long_name\":\"Lynden&Cordata/WCC\",\"route_type\":\"3\",\"route_type_name\":\"Bus\",\"route_color\":\"7A6026\",\"route_text_color\":\"FFFFFF\"},{\"route_id\":\"71X\",\"route_short_name\":\"71X\",\"route_long_name\":\"Everson/Nooksack/Sumas&Cordata\",\"route_type\":\"3\",\"route_type_name\":\"Bus\",\"route_color\":\"B47236\",\"route_text_color\":\"FFFFFF\"}]"},"geometry":{"type":"Point","coordinates":[-122.48609,48.868973]}},{"type":"Feature","properties":{"stop_id":"217","stop_code":"7139","stop_name":"Guide Meridian at Laurel Rd","stop_desc":"","zone_id":"","stop_url":"","location_type":"","parent_station":"","stop_timezone":"","wheelchair_boarding":"1","feed_id":"Washington__Whatcom_Transportation_Authority__mdb_mdb-284","agency_name":"Whatcom Transportation Authority","route_count":2,"route_ids":"26|71X","route_short_names":"26|71X","route_types":"3","route_type_names":"Bus","routes_json":"[{\"route_id\":\"26\",\"route_short_name\":\"26\",\"route_long_name\":\"Lynden&Cordata/WCC\",\"route_type\":\"3\",\"route_type_name\":\"Bus\",\"route_color\":\"7A6026\",\"route_text_color\":\"FFFFFF\"},{\"route_id\":\"71X\",\"route_short_name\":\"71X\",\"route_long_name\":\"Everson/Nooksack/Sumas&Cordata\",\"route_type\":\"3\",\"route_type_name\":\"Bus\",\"route_color\":\"B47236\",\"route_text_color\":\"FFFFFF\"}]"},"geometry":{"type":"Point","coordinates":[-122.48614,48.85714]}},{"type":"Feature","properties":{"stop_id":"218","stop_code":"7140","stop_name":"Guide Meridian at Axton Rd","stop_desc":"","zone_id":"","stop_url":"","location_type":"","parent_station":"","stop_timezone":"","wheelchair_boarding":"2","feed_id":"Washington__Whatcom_Transportation_Authority__mdb_mdb-284","agency_name":"Whatcom Transportation Authority","route_count":2,"route_ids":"26|71X","route_short_names":"26|71X","route_types":"3","route_type_names":"Bus","routes_json":"[{\"route_id\":\"26\",\"route_short_name\":\"26\",\"route_long_name\":\"Lynden&Cordata/WCC\",\"route_type\":\"3\",\"route_type_name\":\"Bus\",\"route_color\":\"7A6026\",\"route_text_color\":\"FFFFFF\"},{\"route_id\":\"71X\",\"route_short_name\":\"71X\",\"route_long_name\":\"Everson/Nooksack/Sumas&Cordata\",\"route_type\":\"3\",\"route_type_name\":\"Bus\",\"route_color\":\"B47236\",\"route_text_color\":\"FFFFFF\"}]"},"geometry":{"type":"Point","coordinates":[-122.48618,48.847378]}},{"type":"Feature","properties":{"stop_id":"219","stop_code":"7141","stop_name":"Guide Meridian at Smith Rd","stop_desc":"","zone_id":"","stop_url":"","location_type":"","parent_station":"","stop_timezone":"","wheelchair_boarding":"2","feed_id":"Washington__Whatcom_Transportation_Authority__mdb_mdb-284","agency_name":"Whatcom Transportation Authority","route_count":2,"route_ids":"26|71X","route_short_names":"26|71X","route_types":"3","route_type_names":"Bus","routes_json":"[{\"route_id\":\"26\",\"route_short_name\":\"26\",\"route_long_name\":\"Lynden&Cordata/WCC\",\"route_type\":\"3\",\"route_type_name\":\"Bus\",\"route_color\":\"7A6026\",\"route_text_color\":\"FFFFFF\"},{\"route_id\":\"71X\",\"route_short_name\":\"71X\",\"route_long_name\":\"Everson/Nooksack/Sumas&Cordata\",\"route_type\":\"3\",\"route_type_name\":\"Bus\",\"route_color\":\"B47236\",\"route_text_color\":\"FFFFFF\"}]"},"geometry":{"type":"Point","coordinates":[-122.48618,48.832916]}},{"type":"Feature","properties":{"stop_id":"220","stop_code":"7142","stop_name":"Guide Meridian at Kline Rd","stop_desc":"","zone_id":"","stop_url":"","location_type":"","parent_station":"","stop_timezone":"","wheelchair_boarding":"2","feed_id":"Washington__Whatcom_Transportation_Authority__mdb_mdb-284","agency_name":"Whatcom Transportation Authority","route_count":2,"route_ids":"26|71X","route_short_names":"26|71X","route_types":"3","route_type_names":"Bus","routes_json":"[{\"route_id\":\"26\",\"route_short_name\":\"26\",\"route_long_name\":\"Lynden&Cordata/WCC\",\"route_type\":\"3\",\"route_type_name\":\"Bus\",\"route_color\":\"7A6026\",\"route_text_color\":\"FFFFFF\"},{\"route_id\":\"71X\",\"route_short_name\":\"71X\",\"route_long_name\":\"Everson/Nooksack/Sumas&Cordata\",\"route_type\":\"3\",\"route_type_name\":\"Bus\",\"route_color\":\"B47236\",\"route_text_color\":\"FFFFFF\"}]"},"geometry":{"type":"Point","coordinates":[-122.486177,48.814651]}},{"type":"Feature","properties":{"stop_id":"221","stop_code":"7143","stop_name":"Guide Meridian at Horton Rd","stop_desc":"","zone_id":"","stop_url":"","location_type":"","parent_station":"","stop_timezone":"","wheelchair_boarding":"2","feed_id":"Washington__Whatcom_Transportation_Authority__mdb_mdb-284","agency_name":"Whatcom Transportation Authority","route_count":2,"route_ids":"26|71X","route_short_names":"26|71X","route_types":"3","route_type_names":"Bus","routes_json":"[{\"route_id\":\"26\",\"route_short_name\":\"26\",\"route_long_name\":\"Lynden&Cordata/WCC\",\"route_type\":\"3\",\"route_type_name\":\"Bus\",\"route_color\":\"7A6026\",\"route_text_color\":\"FFFFFF\"},{\"route_id\":\"71X\",\"route_short_name\":\"71X\",\"route_long_name\":\"Everson/Nooksack/Sumas&Cordata\",\"route_type\":\"3\",\"route_type_name\":\"Bus\",\"route_color\":\"B47236\",\"route_text_color\":\"FFFFFF\"}]"},"geometry":{"type":"Point","coordinates":[-122.48622,48.807461]}},{"type":"Feature","properties":{"stop_id":"223","stop_code":"2204","stop_name":"Champion St at Grand Ave","stop_desc":"","zone_id":"","stop_url":"","location_type":"","parent_station":"","stop_timezone":"","wheelchair_boarding":"1","feed_id":"Washington__Whatcom_Transportation_Authority__mdb_mdb-284","agency_name":"Whatcom Transportation Authority","route_count":3,"route_ids":"10|232|3","route_short_names":"10|232|3","route_types":"3","route_type_names":"Bus","routes_json":"[{\"route_id\":\"10\",\"route_short_name\":\"10\",\"route_long_name\":\"Eldridge&Downtown\",\"route_type\":\"3\",\"route_type_name\":\"Bus\",\"route_color\":\"B2D235\",\"route_text_color\":\"000000\"},{\"route_id\":\"232\",\"route_short_name\":\"232\",\"route_long_name\":\"Cordata/WCC&Downtown\",\"route_type\":\"3\",\"route_type_name\":\"Bus\",\"route_color\":\"8DC63F\",\"route_text_color\":\"FFFFFF\"},{\"route_id\":\"3\",\"route_short_name\":\"3\",\"route_long_name\":\"Airport/Cordata&Airport/Downtown\",\"route_type\":\"3\",\"route_type_name\":\"Bus\",\"route_color\":\"D7DF23\",\"route_text_color\":\"000000\"}]"},"geometry":{"type":"Point","coordinates":[-122.479077,48.751943]}},{"type":"Feature","properties":{"stop_id":"225","stop_code":"3044","stop_name":"Cordata Pkwy at Whatcom Community College","stop_desc":"","zone_id":"","stop_url":"","location_type":"","parent_station":"","stop_timezone":"","wheelchair_boarding":"1","feed_id":"Washington__Whatcom_Transportation_Authority__mdb_mdb-284","agency_name":"Whatcom Transportation Authority","route_count":13,"route_ids":"15|18|232|24|26|27|29|3|331|45|48|50|71X","route_short_names":"15|18|232|24|26|27|29|3|331|45|48|50|71X","route_types":"3","route_type_names":"Bus","routes_json":"[{\"route_id\":\"15\",\"route_short_name\":\"15\",\"route_long_name\":\"Cordata/WCC&Downtown\",\"route_type\":\"3\",\"route_type_name\":\"Bus\",\"route_color\":\"F58220\",\"route_text_color\":\"FFFFFF\"},{\"route_id\":\"18\",\"route_short_name\":\"18\",\"route_long_name\":\"Hospital&Cordata/WCC\",\"route_type\":\"3\",\"route_type_name\":\"Bus\",\"route_color\":\"BBD976\",\"route_text_color\":\"000000\"},{\"route_id\":\"232\",\"route_short_name\":\"232\",\"route_long_name\":\"Cordata/WCC&Downtown\",\"route_type\":\"3\",\"route_type_name\":\"Bus\",\"route_color\":\"8DC63F\",\"route_text_color\":\"FFFFFF\"},{\"route_id\":\"24\",\"route_short_name\":\"24\",\"route_long_name\":\"Cordata\",\"route_type\":\"3\",\"route_type_name\":\"Bus\",\"route_color\":\"028848\",\"route_text_color\":\"FFFFFF\"},{\"route_id\":\"26\",\"route_short_name\":\"26\",\"route_long_name\":\"Lynden&Cordata/WCC\",\"route_type\":\"3\",\"route_type_name\":\"Bus\",\"route_color\":\"7A6026\",\"route_text_color\":\"FFFFFF\"},{\"route_id\":\"27\",\"route_short_name\":\"27\",\"route_long_name\":\"Ferndale&Cordata/WCC\",\"route_type\":\"3\",\"route_type_name\":\"Bus\",\"route_color\":\"94B0BE\",\"route_text_color\":\"FFFFFF\"},{\"route_id\":\"29\",\"route_short_name\":\"29\",\"route_long_name\":\"Cordata/Kline\",\"route_type\":\"3\",\"route_type_name\":\"Bus\",\"route_color\":\"50B848\",\"route_text_color\":\"FFFFFF\"},{\"route_id\":\"3\",\"route_short_name\":\"3\",\"route_long_name\":\"Airport/Cordata&Airport/Downtown\",\"route_type\":\"3\",\"route_type_name\":\"Bus\",\"route_color\":\"D7DF23\",\"route_text_color\":\"000000\"},{\"route_id\":\"331\",\"route_short_name\":\"331\",\"route_long_name\":\"Cordata/WCC&Downtown\",\"route_type\":\"3\",\"route_type_name\":\"Bus\",\"route_color\":\"FAA61A\",\"route_text_color\":\"000000\"},{\"route_id\":\"45\",\"route_short_name\":\"45\",\"route_long_name\":\"KingMountain&Cordata/WCC\",\"route_type\":\"3\",\"route_type_name\":\"Bus\",\"route_color\":\"E29957\",\"route_text_color\":\"FFFFFF\"},{\"route_id\":\"48\",\"route_short_name\":\"48\",\"route_long_name\":\"Cordata/WCC&Bakerview Spur\",\"route_type\":\"3\",\"route_type_name\":\"Bus\",\"route_color\":\"F15A22\",\"route_text_color\":\"FFFFFF\"},{\"route_id\":\"50\",\"route_short_name\":\"50\",\"route_long_name\":\"LummiNation&Cordata/WCC\",\"route_type\":\"3\",\"route_type_name\":\"Bus\",\"route_color\":\"FFDD00\",\"route_text_color\":\"000000\"},{\"route_id\":\"71X\",\"route_short_name\":\"71X\",\"route_long_name\":\"Everson/Nooksack/Sumas&Cordata\",\"route_type\":\"3\",\"route_type_name\":\"Bus\",\"route_color\":\"B47236\",\"route_text_color\":\"FFFFFF\"}]"},"geometry":{"type":"Point","coordinates":[-122.491839,48.794529]}},{"type":"Feature","properties":{"stop_id":"226","stop_code":"7112","stop_name":"Nooksack Rd at Columbia St","stop_desc":"","zone_id":"","stop_url":"","location_type":"","parent_station":"","stop_timezone":"","wheelchair_boarding":"1","feed_id":"Washington__Whatcom_Transportation_Authority__mdb_mdb-284","agency_name":"Whatcom Transportation Authority","route_count":1,"route_ids":"71X","route_short_names":"71X","route_types":"3","route_type_names":"Bus","routes_json":"[{\"route_id\":\"71X\",\"route_short_name\":\"71X\",\"route_long_name\":\"Everson/Nooksack/Sumas&Cordata\",\"route_type\":\"3\",\"route_type_name\":\"Bus\",\"route_color\":\"B47236\",\"route_text_color\":\"FFFFFF\"}]"},"geometry":{"type":"Point","coordinates":[-122.32177,48.921818]}},{"type":"Feature","properties":{"stop_id":"227","stop_code":"7113","stop_name":"Nooksack Rd at Madison St","stop_desc":"","zone_id":"","stop_url":"","location_type":"","parent_station":"","stop_timezone":"","wheelchair_boarding":"2","feed_id":"Washington__Whatcom_Transportation_Authority__mdb_mdb-284","agency_name":"Whatcom Transportation Authority","route_count":1,"route_ids":"71X","route_short_names":"71X","route_types":"3","route_type_names":"Bus","routes_json":"[{\"route_id\":\"71X\",\"route_short_name\":\"71X\",\"route_long_name\":\"Everson/Nooksack/Sumas&Cordata\",\"route_type\":\"3\",\"route_type_name\":\"Bus\",\"route_color\":\"B47236\",\"route_text_color\":\"FFFFFF\"}]"},"geometry":{"type":"Point","coordinates":[-122.32173,48.928192]}},{"type":"Feature","properties":{"stop_id":"228","stop_code":"7119","stop_name":"Nooksack Valley Middle School","stop_desc":"","zone_id":"","stop_url":"","location_type":"","parent_station":"","stop_timezone":"","wheelchair_boarding":"1","feed_id":"Washington__Whatcom_Transportation_Authority__mdb_mdb-284","agency_name":"Whatcom Transportation Authority","route_count":1,"route_ids":"71X","route_short_names":"71X","route_types":"3","route_type_names":"Bus","routes_json":"[{\"route_id\":\"71X\",\"route_short_name\":\"71X\",\"route_long_name\":\"Everson/Nooksack/Sumas&Cordata\",\"route_type\":\"3\",\"route_type_name\":\"Bus\",\"route_color\":\"B47236\",\"route_text_color\":\"FFFFFF\"}]"},"geometry":{"type":"Point","coordinates":[-122.32879,48.920269]}},{"type":"Feature","properties":{"stop_id":"229","stop_code":"7111","stop_name":"Nooksack Valley Middle School","stop_desc":"","zone_id":"","stop_url":"","location_type":"","parent_station":"","stop_timezone":"","wheelchair_boarding":"1","feed_id":"Washington__Whatcom_Transportation_Authority__mdb_mdb-284","agency_name":"Whatcom Transportation Authority","route_count":1,"route_ids":"71X","route_short_names":"71X","route_types":"3","route_type_names":"Bus","routes_json":"[{\"route_id\":\"71X\",\"route_short_name\":\"71X\",\"route_long_name\":\"Everson/Nooksack/Sumas&Cordata\",\"route_type\":\"3\",\"route_type_name\":\"Bus\",\"route_color\":\"B47236\",\"route_text_color\":\"FFFFFF\"}]"},"geometry":{"type":"Point","coordinates":[-122.32845,48.920143]}},{"type":"Feature","properties":{"stop_id":"230","stop_code":"2223","stop_name":"Meridian St at Baker St","stop_desc":"","zone_id":"","stop_url":"","location_type":"","parent_station":"","stop_timezone":"","wheelchair_boarding":"1","feed_id":"Washington__Whatcom_Transportation_Authority__mdb_mdb-284","agency_name":"Whatcom Transportation Authority","route_count":1,"route_ids":"15","route_short_names":"15","route_types":"3","route_type_names":"Bus","routes_json":"[{\"route_id\":\"15\",\"route_short_name\":\"15\",\"route_long_name\":\"Cordata/WCC&Downtown\",\"route_type\":\"3\",\"route_type_name\":\"Bus\",\"route_color\":\"F58220\",\"route_text_color\":\"FFFFFF\"}]"},"geometry":{"type":"Point","coordinates":[-122.486012,48.780964]}},{"type":"Feature","properties":{"stop_id":"232","stop_code":"2659","stop_name":"Kellogg Rd at Whatcom Community College","stop_desc":"","zone_id":"","stop_url":"","location_type":"","parent_station":"","stop_timezone":"","wheelchair_boarding":"1","feed_id":"Washington__Whatcom_Transportation_Authority__mdb_mdb-284","agency_name":"Whatcom Transportation Authority","route_count":2,"route_ids":"232|27","route_short_names":"232|27","route_types":"3","route_type_names":"Bus","routes_json":"[{\"route_id\":\"232\",\"route_short_name\":\"232\",\"route_long_name\":\"Cordata/WCC&Downtown\",\"route_type\":\"3\",\"route_type_name\":\"Bus\",\"route_color\":\"8DC63F\",\"route_text_color\":\"FFFFFF\"},{\"route_id\":\"27\",\"route_short_name\":\"27\",\"route_long_name\":\"Ferndale&Cordata/WCC\",\"route_type\":\"3\",\"route_type_name\":\"Bus\",\"route_color\":\"94B0BE\",\"route_text_color\":\"FFFFFF\"}]"},"geometry":{"type":"Point","coordinates":[-122.494069,48.795051]}},{"type":"Feature","properties":{"stop_id":"234","stop_code":"5534","stop_name":"Peace Portal Dr at 4th St","stop_desc":"","zone_id":"","stop_url":"","location_type":"","parent_station":"","stop_timezone":"","wheelchair_boarding":"2","feed_id":"Washington__Whatcom_Transportation_Authority__mdb_mdb-284","agency_name":"Whatcom Transportation Authority","route_count":1,"route_ids":"75","route_short_names":"75","route_types":"3","route_type_names":"Bus","routes_json":"[{\"route_id\":\"75\",\"route_short_name\":\"75\",\"route_long_name\":\"Blaine/Birch Bay&Bellingham\",\"route_type\":\"3\",\"route_type_name\":\"Bus\",\"route_color\":\"F05B7D\",\"route_text_color\":\"FFFFFF\"}]"},"geometry":{"type":"Point","coordinates":[-122.74792,48.986248]}},{"type":"Feature","properties":{"stop_id":"235","stop_code":"5523","stop_name":"Peace Portal Dr at 4th St","stop_desc":"","zone_id":"","stop_url":"","location_type":"","parent_station":"","stop_timezone":"","wheelchair_boarding":"2","feed_id":"Washington__Whatcom_Transportation_Authority__mdb_mdb-284","agency_name":"Whatcom Transportation Authority","route_count":1,"route_ids":"75","route_short_names":"75","route_types":"3","route_type_names":"Bus","routes_json":"[{\"route_id\":\"75\",\"route_short_name\":\"75\",\"route_long_name\":\"Blaine/Birch Bay&Bellingham\",\"route_type\":\"3\",\"route_type_name\":\"Bus\",\"route_color\":\"F05B7D\",\"route_text_color\":\"FFFFFF\"}]"},"geometry":{"type":"Point","coordinates":[-122.748028,48.9865]}},{"type":"Feature","properties":{"stop_id":"236","stop_code":"5513","stop_name":"Grandview Rd at Enterprise Rd","stop_desc":"","zone_id":"","stop_url":"","location_type":"","parent_station":"","stop_timezone":"","wheelchair_boarding":"2","feed_id":"Washington__Whatcom_Transportation_Authority__mdb_mdb-284","agency_name":"Whatcom Transportation Authority","route_count":1,"route_ids":"75","route_short_names":"75","route_types":"3","route_type_names":"Bus","routes_json":"[{\"route_id\":\"75\",\"route_short_name\":\"75\",\"route_long_name\":\"Blaine/Birch Bay&Bellingham\",\"route_type\":\"3\",\"route_type_name\":\"Bus\",\"route_color\":\"F05B7D\",\"route_text_color\":\"FFFFFF\"}]"},"geometry":{"type":"Point","coordinates":[-122.58448,48.89177]}},{"type":"Feature","properties":{"stop_id":"237","stop_code":"5510","stop_name":"Portal Way at 6300 Block","stop_desc":"","zone_id":"","stop_url":"","location_type":"","parent_station":"","stop_timezone":"","wheelchair_boarding":"1","feed_id":"Washington__Whatcom_Transportation_Authority__mdb_mdb-284","agency_name":"Whatcom Transportation Authority","route_count":1,"route_ids":"75","route_short_names":"75","route_types":"3","route_type_names":"Bus","routes_json":"[{\"route_id\":\"75\",\"route_short_name\":\"75\",\"route_long_name\":\"Blaine/Birch Bay&Bellingham\",\"route_type\":\"3\",\"route_type_name\":\"Bus\",\"route_color\":\"F05B7D\",\"route_text_color\":\"FFFFFF\"}]"},"geometry":{"type":"Point","coordinates":[-122.584267,48.872209]}},{"type":"Feature","properties":{"stop_id":"238","stop_code":"5508","stop_name":"Portal Way at 6000 Block","stop_desc":"","zone_id":"","stop_url":"","location_type":"","parent_station":"","stop_timezone":"","wheelchair_boarding":"1","feed_id":"Washington__Whatcom_Transportation_Authority__mdb_mdb-284","agency_name":"Whatcom Transportation Authority","route_count":1,"route_ids":"75","route_short_names":"75","route_types":"3","route_type_names":"Bus","routes_json":"[{\"route_id\":\"75\",\"route_short_name\":\"75\",\"route_long_name\":\"Blaine/Birch Bay&Bellingham\",\"route_type\":\"3\",\"route_type_name\":\"Bus\",\"route_color\":\"F05B7D\",\"route_text_color\":\"FFFFFF\"}]"},"geometry":{"type":"Point","coordinates":[-122.584588,48.861218]}},{"type":"Feature","properties":{"stop_id":"239","stop_code":"5543","stop_name":"Grandview Rd at Enterprise Rd","stop_desc":"","zone_id":"","stop_url":"","location_type":"","parent_station":"","stop_timezone":"","wheelchair_boarding":"2","feed_id":"Washington__Whatcom_Transportation_Authority__mdb_mdb-284","agency_name":"Whatcom Transportation Authority","route_count":1,"route_ids":"75","route_short_names":"75","route_types":"3","route_type_names":"Bus","routes_json":"[{\"route_id\":\"75\",\"route_short_name\":\"75\",\"route_long_name\":\"Blaine/Birch Bay&Bellingham\",\"route_type\":\"3\",\"route_type_name\":\"Bus\",\"route_color\":\"F05B7D\",\"route_text_color\":\"FFFFFF\"}]"},"geometry":{"type":"Point","coordinates":[-122.58437,48.891644]}},{"type":"Feature","properties":{"stop_id":"240","stop_code":"5544","stop_name":"Enterprise Rd at Matz Rd","stop_desc":"","zone_id":"","stop_url":"","location_type":"","parent_station":"","stop_timezone":"","wheelchair_boarding":"2","feed_id":"Washington__Whatcom_Transportation_Authority__mdb_mdb-284","agency_name":"Whatcom Transportation Authority","route_count":1,"route_ids":"75","route_short_names":"75","route_types":"3","route_type_names":"Bus","routes_json":"[{\"route_id\":\"75\",\"route_short_name\":\"75\",\"route_long_name\":\"Blaine/Birch Bay&Bellingham\",\"route_type\":\"3\",\"route_type_name\":\"Bus\",\"route_color\":\"F05B7D\",\"route_text_color\":\"FFFFFF\"}]"},"geometry":{"type":"Point","coordinates":[-122.58393,48.886948]}},{"type":"Feature","properties":{"stop_id":"241","stop_code":"5546","stop_name":"Portal Way at 6300 Block","stop_desc":"","zone_id":"","stop_url":"","location_type":"","parent_station":"","stop_timezone":"","wheelchair_boarding":"1","feed_id":"Washington__Whatcom_Transportation_Authority__mdb_mdb-284","agency_name":"Whatcom Transportation Authority","route_count":1,"route_ids":"75","route_short_names":"75","route_types":"3","route_type_names":"Bus","routes_json":"[{\"route_id\":\"75\",\"route_short_name\":\"75\",\"route_long_name\":\"Blaine/Birch Bay&Bellingham\",\"route_type\":\"3\",\"route_type_name\":\"Bus\",\"route_color\":\"F05B7D\",\"route_text_color\":\"FFFFFF\"}]"},"geometry":{"type":"Point","coordinates":[-122.584401,48.873727]}},{"type":"Feature","properties":{"stop_id":"242","stop_code":"5547","stop_name":"Portal Way at 6200 Block","stop_desc":"","zone_id":"","stop_url":"","location_type":"","parent_station":"","stop_timezone":"","wheelchair_boarding":"2","feed_id":"Washington__Whatcom_Transportation_Authority__mdb_mdb-284","agency_name":"Whatcom Transportation Authority","route_count":1,"route_ids":"75","route_short_names":"75","route_types":"3","route_type_names":"Bus","routes_json":"[{\"route_id\":\"75\",\"route_short_name\":\"75\",\"route_long_name\":\"Blaine/Birch Bay&Bellingham\",\"route_type\":\"3\",\"route_type_name\":\"Bus\",\"route_color\":\"F05B7D\",\"route_text_color\":\"FFFFFF\"}]"},"geometry":{"type":"Point","coordinates":[-122.58459,48.868206]}},{"type":"Feature","properties":{"stop_id":"243","stop_code":"5554","stop_name":"Axton Rd at Barrett Rd","stop_desc":"","zone_id":"","stop_url":"","location_type":"","parent_station":"","stop_timezone":"","wheelchair_boarding":"2","feed_id":"Washington__Whatcom_Transportation_Authority__mdb_mdb-284","agency_name":"Whatcom Transportation Authority","route_count":2,"route_ids":"27|75","route_short_names":"27|75","route_types":"3","route_type_names":"Bus","routes_json":"[{\"route_id\":\"27\",\"route_short_name\":\"27\",\"route_long_name\":\"Ferndale&Cordata/WCC\",\"route_type\":\"3\",\"route_type_name\":\"Bus\",\"route_color\":\"94B0BE\",\"route_text_color\":\"FFFFFF\"},{\"route_id\":\"75\",\"route_short_name\":\"75\",\"route_long_name\":\"Blaine/Birch Bay&Bellingham\",\"route_type\":\"3\",\"route_type_name\":\"Bus\",\"route_color\":\"F05B7D\",\"route_text_color\":\"FFFFFF\"}]"},"geometry":{"type":"Point","coordinates":[-122.57282,48.848221]}},{"type":"Feature","properties":{"stop_id":"244","stop_code":"5517","stop_name":"Birch Bay Lynden Rd at Anchor Pkwy","stop_desc":"","zone_id":"","stop_url":"","location_type":"","parent_station":"","stop_timezone":"","wheelchair_boarding":"2","feed_id":"Washington__Whatcom_Transportation_Authority__mdb_mdb-284","agency_name":"Whatcom Transportation Authority","route_count":1,"route_ids":"75","route_short_names":"75","route_types":"3","route_type_names":"Bus","routes_json":"[{\"route_id\":\"75\",\"route_short_name\":\"75\",\"route_long_name\":\"Blaine/Birch Bay&Bellingham\",\"route_type\":\"3\",\"route_type_name\":\"Bus\",\"route_color\":\"F05B7D\",\"route_text_color\":\"FFFFFF\"}]"},"geometry":{"type":"Point","coordinates":[-122.722931,48.93586]}},{"type":"Feature","properties":{"stop_id":"245","stop_code":"5519","stop_name":"Harborview Rd at Drayton Harbor Rd","stop_desc":"","zone_id":"","stop_url":"","location_type":"","parent_station":"","stop_timezone":"","wheelchair_boarding":"2","feed_id":"Washington__Whatcom_Transportation_Authority__mdb_mdb-284","agency_name":"Whatcom Transportation Authority","route_count":1,"route_ids":"75","route_short_names":"75","route_types":"3","route_type_names":"Bus","routes_json":"[{\"route_id\":\"75\",\"route_short_name\":\"75\",\"route_long_name\":\"Blaine/Birch Bay&Bellingham\",\"route_type\":\"3\",\"route_type_name\":\"Bus\",\"route_color\":\"F05B7D\",\"route_text_color\":\"FFFFFF\"}]"},"geometry":{"type":"Point","coordinates":[-122.748017,48.95663]}},{"type":"Feature","properties":{"stop_id":"246","stop_code":"5520","stop_name":"Drayton Harbor Rd at Blaine Rd","stop_desc":"","zone_id":"","stop_url":"","location_type":"","parent_station":"","stop_timezone":"","wheelchair_boarding":"2","feed_id":"Washington__Whatcom_Transportation_Authority__mdb_mdb-284","agency_name":"Whatcom Transportation Authority","route_count":1,"route_ids":"75","route_short_names":"75","route_types":"3","route_type_names":"Bus","routes_json":"[{\"route_id\":\"75\",\"route_short_name\":\"75\",\"route_long_name\":\"Blaine/Birch Bay&Bellingham\",\"route_type\":\"3\",\"route_type_name\":\"Bus\",\"route_color\":\"F05B7D\",\"route_text_color\":\"FFFFFF\"}]"},"geometry":{"type":"Point","coordinates":[-122.730658,48.96216]}},{"type":"Feature","properties":{"stop_id":"247","stop_code":"5521","stop_name":"Peace Portal Dr at Bell Rd","stop_desc":"","zone_id":"","stop_url":"","location_type":"","parent_station":"","stop_timezone":"","wheelchair_boarding":"2","feed_id":"Washington__Whatcom_Transportation_Authority__mdb_mdb-284","agency_name":"Whatcom Transportation Authority","route_count":1,"route_ids":"75","route_short_names":"75","route_types":"3","route_type_names":"Bus","routes_json":"[{\"route_id\":\"75\",\"route_short_name\":\"75\",\"route_long_name\":\"Blaine/Birch Bay&Bellingham\",\"route_type\":\"3\",\"route_type_name\":\"Bus\",\"route_color\":\"F05B7D\",\"route_text_color\":\"FFFFFF\"}]"},"geometry":{"type":"Point","coordinates":[-122.72932,48.976475]}},{"type":"Feature","properties":{"stop_id":"248","stop_code":"5522","stop_name":"Peace Portal Dr at Mitchell Ave","stop_desc":"","zone_id":"","stop_url":"","location_type":"","parent_station":"","stop_timezone":"","wheelchair_boarding":"1","feed_id":"Washington__Whatcom_Transportation_Authority__mdb_mdb-284","agency_name":"Whatcom Transportation Authority","route_count":1,"route_ids":"75","route_short_names":"75","route_types":"3","route_type_names":"Bus","routes_json":"[{\"route_id\":\"75\",\"route_short_name\":\"75\",\"route_long_name\":\"Blaine/Birch Bay&Bellingham\",\"route_type\":\"3\",\"route_type_name\":\"Bus\",\"route_color\":\"F05B7D\",\"route_text_color\":\"FFFFFF\"}]"},"geometry":{"type":"Point","coordinates":[-122.74094,48.984184]}},{"type":"Feature","properties":{"stop_id":"249","stop_code":"5524","stop_name":"Peace Portal Dr at Clark St","stop_desc":"","zone_id":"","stop_url":"","location_type":"","parent_station":"","stop_timezone":"","wheelchair_boarding":"1","feed_id":"Washington__Whatcom_Transportation_Authority__mdb_mdb-284","agency_name":"Whatcom Transportation Authority","route_count":1,"route_ids":"75","route_short_names":"75","route_types":"3","route_type_names":"Bus","routes_json":"[{\"route_id\":\"75\",\"route_short_name\":\"75\",\"route_long_name\":\"Blaine/Birch Bay&Bellingham\",\"route_type\":\"3\",\"route_type_name\":\"Bus\",\"route_color\":\"F05B7D\",\"route_text_color\":\"FFFFFF\"}]"},"geometry":{"type":"Point","coordinates":[-122.751453,48.991999]}},{"type":"Feature","properties":{"stop_id":"250","stop_code":"5533","stop_name":"Peace Portal Dr at Clark St","stop_desc":"","zone_id":"","stop_url":"","location_type":"","parent_station":"","stop_timezone":"","wheelchair_boarding":"1","feed_id":"Washington__Whatcom_Transportation_Authority__mdb_mdb-284","agency_name":"Whatcom Transportation Authority","route_count":1,"route_ids":"75","route_short_names":"75","route_types":"3","route_type_names":"Bus","routes_json":"[{\"route_id\":\"75\",\"route_short_name\":\"75\",\"route_long_name\":\"Blaine/Birch Bay&Bellingham\",\"route_type\":\"3\",\"route_type_name\":\"Bus\",\"route_color\":\"F05B7D\",\"route_text_color\":\"FFFFFF\"}]"},"geometry":{"type":"Point","coordinates":[-122.75164,48.992111]}},{"type":"Feature","properties":{"stop_id":"251","stop_code":"5535","stop_name":"Peace Portal Dr at Garfield Ave","stop_desc":"","zone_id":"","stop_url":"","location_type":"","parent_station":"","stop_timezone":"","wheelchair_boarding":"2","feed_id":"Washington__Whatcom_Transportation_Authority__mdb_mdb-284","agency_name":"Whatcom Transportation Authority","route_count":1,"route_ids":"75","route_short_names":"75","route_types":"3","route_type_names":"Bus","routes_json":"[{\"route_id\":\"75\",\"route_short_name\":\"75\",\"route_long_name\":\"Blaine/Birch Bay&Bellingham\",\"route_type\":\"3\",\"route_type_name\":\"Bus\",\"route_color\":\"F05B7D\",\"route_text_color\":\"FFFFFF\"}]"},"geometry":{"type":"Point","coordinates":[-122.74349,48.984926]}},{"type":"Feature","properties":{"stop_id":"252","stop_code":"5536","stop_name":"Peace Portal Dr at Bell Rd","stop_desc":"","zone_id":"","stop_url":"","location_type":"","parent_station":"","stop_timezone":"","wheelchair_boarding":"2","feed_id":"Washington__Whatcom_Transportation_Authority__mdb_mdb-284","agency_name":"Whatcom Transportation Authority","route_count":1,"route_ids":"75","route_short_names":"75","route_types":"3","route_type_names":"Bus","routes_json":"[{\"route_id\":\"75\",\"route_short_name\":\"75\",\"route_long_name\":\"Blaine/Birch Bay&Bellingham\",\"route_type\":\"3\",\"route_type_name\":\"Bus\",\"route_color\":\"F05B7D\",\"route_text_color\":\"FFFFFF\"}]"},"geometry":{"type":"Point","coordinates":[-122.728929,48.975993]}},{"type":"Feature","properties":{"stop_id":"253","stop_code":"5537","stop_name":"Drayton Harbor Rd at Blaine Rd","stop_desc":"","zone_id":"","stop_url":"","location_type":"","parent_station":"","stop_timezone":"","wheelchair_boarding":"1","feed_id":"Washington__Whatcom_Transportation_Authority__mdb_mdb-284","agency_name":"Whatcom Transportation Authority","route_count":1,"route_ids":"75","route_short_names":"75","route_types":"3","route_type_names":"Bus","routes_json":"[{\"route_id\":\"75\",\"route_short_name\":\"75\",\"route_long_name\":\"Blaine/Birch Bay&Bellingham\",\"route_type\":\"3\",\"route_type_name\":\"Bus\",\"route_color\":\"F05B7D\",\"route_text_color\":\"FFFFFF\"}]"},"geometry":{"type":"Point","coordinates":[-122.732069,48.962297]}},{"type":"Feature","properties":{"stop_id":"254","stop_code":"5538","stop_name":"Drayton Harbor Rd at Harborview Rd","stop_desc":"","zone_id":"","stop_url":"","location_type":"","parent_station":"","stop_timezone":"","wheelchair_boarding":"2","feed_id":"Washington__Whatcom_Transportation_Authority__mdb_mdb-284","agency_name":"Whatcom Transportation Authority","route_count":1,"route_ids":"75","route_short_names":"75","route_types":"3","route_type_names":"Bus","routes_json":"[{\"route_id\":\"75\",\"route_short_name\":\"75\",\"route_long_name\":\"Blaine/Birch Bay&Bellingham\",\"route_type\":\"3\",\"route_type_name\":\"Bus\",\"route_color\":\"F05B7D\",\"route_text_color\":\"FFFFFF\"}]"},"geometry":{"type":"Point","coordinates":[-122.74789,48.95739]}},{"type":"Feature","properties":{"stop_id":"255","stop_code":"5540","stop_name":"Birch Bay Lynden Rd at Anchor Pkwy","stop_desc":"","zone_id":"","stop_url":"","location_type":"","parent_station":"","stop_timezone":"","wheelchair_boarding":"2","feed_id":"Washington__Whatcom_Transportation_Authority__mdb_mdb-284","agency_name":"Whatcom Transportation Authority","route_count":1,"route_ids":"75","route_short_names":"75","route_types":"3","route_type_names":"Bus","routes_json":"[{\"route_id\":\"75\",\"route_short_name\":\"75\",\"route_long_name\":\"Blaine/Birch Bay&Bellingham\",\"route_type\":\"3\",\"route_type_name\":\"Bus\",\"route_color\":\"F05B7D\",\"route_text_color\":\"FFFFFF\"}]"},"geometry":{"type":"Point","coordinates":[-122.72246,48.935673]}},{"type":"Feature","properties":{"stop_id":"256","stop_code":"2365","stop_name":"Cable St at Lake Whatcom Blvd","stop_desc":"","zone_id":"","stop_url":"","location_type":"","parent_station":"","stop_timezone":"","wheelchair_boarding":"2","feed_id":"Washington__Whatcom_Transportation_Authority__mdb_mdb-284","agency_name":"Whatcom Transportation Authority","route_count":1,"route_ids":"512","route_short_names":"512","route_types":"3","route_type_names":"Bus","routes_json":"[{\"route_id\":\"512\",\"route_short_name\":\"512\",\"route_long_name\":\"Sudden Valley&Downtown\",\"route_type\":\"3\",\"route_type_name\":\"Bus\",\"route_color\":\"F287B7\",\"route_text_color\":\"000000\"}]"},"geometry":{"type":"Point","coordinates":[-122.395735,48.746256]}},{"type":"Feature","properties":{"stop_id":"257","stop_code":"3118","stop_name":"Lakeway Dr at Oriental Ave","stop_desc":"","zone_id":"","stop_url":"","location_type":"","parent_station":"","stop_timezone":"","wheelchair_boarding":"2","feed_id":"Washington__Whatcom_Transportation_Authority__mdb_mdb-284","agency_name":"Whatcom Transportation Authority","route_count":1,"route_ids":"512","route_short_names":"512","route_types":"3","route_type_names":"Bus","routes_json":"[{\"route_id\":\"512\",\"route_short_name\":\"512\",\"route_long_name\":\"Sudden Valley&Downtown\",\"route_type\":\"3\",\"route_type_name\":\"Bus\",\"route_color\":\"F287B7\",\"route_text_color\":\"000000\"}]"},"geometry":{"type":"Point","coordinates":[-122.414577,48.746212]}},{"type":"Feature","properties":{"stop_id":"258","stop_code":"3119","stop_name":"Lakeway Dr at Lowell Ave","stop_desc":"","zone_id":"","stop_url":"","location_type":"","parent_station":"","stop_timezone":"","wheelchair_boarding":"2","feed_id":"Washington__Whatcom_Transportation_Authority__mdb_mdb-284","agency_name":"Whatcom Transportation Authority","route_count":1,"route_ids":"512","route_short_names":"512","route_types":"3","route_type_names":"Bus","routes_json":"[{\"route_id\":\"512\",\"route_short_name\":\"512\",\"route_long_name\":\"Sudden Valley&Downtown\",\"route_type\":\"3\",\"route_type_name\":\"Bus\",\"route_color\":\"F287B7\",\"route_text_color\":\"000000\"}]"},"geometry":{"type":"Point","coordinates":[-122.418072,48.747338]}},{"type":"Feature","properties":{"stop_id":"259","stop_code":"3117","stop_name":"Lakeway Dr at Euclid Ave","stop_desc":"","zone_id":"","stop_url":"","location_type":"","parent_station":"","stop_timezone":"","wheelchair_boarding":"2","feed_id":"Washington__Whatcom_Transportation_Authority__mdb_mdb-284","agency_name":"Whatcom Transportation Authority","route_count":1,"route_ids":"512","route_short_names":"512","route_types":"3","route_type_names":"Bus","routes_json":"[{\"route_id\":\"512\",\"route_short_name\":\"512\",\"route_long_name\":\"Sudden Valley&Downtown\",\"route_type\":\"3\",\"route_type_name\":\"Bus\",\"route_color\":\"F287B7\",\"route_text_color\":\"000000\"}]"},"geometry":{"type":"Point","coordinates":[-122.410659,48.744916]}},{"type":"Feature","properties":{"stop_id":"260","stop_code":"2536","stop_name":"Lake Louise Rd at Gate 5","stop_desc":"","zone_id":"","stop_url":"","location_type":"","parent_station":"","stop_timezone":"","wheelchair_boarding":"2","feed_id":"Washington__Whatcom_Transportation_Authority__mdb_mdb-284","agency_name":"Whatcom Transportation Authority","route_count":1,"route_ids":"512","route_short_names":"512","route_types":"3","route_type_names":"Bus","routes_json":"[{\"route_id\":\"512\",\"route_short_name\":\"512\",\"route_long_name\":\"Sudden Valley&Downtown\",\"route_type\":\"3\",\"route_type_name\":\"Bus\",\"route_color\":\"F287B7\",\"route_text_color\":\"000000\"}]"},"geometry":{"type":"Point","coordinates":[-122.340888,48.709858]}},{"type":"Feature","properties":{"stop_id":"261","stop_code":"3107","stop_name":"Lake Whatcom Blvd at Gate 2","stop_desc":"","zone_id":"","stop_url":"","location_type":"","parent_station":"","stop_timezone":"","wheelchair_boarding":"2","feed_id":"Washington__Whatcom_Transportation_Authority__mdb_mdb-284","agency_name":"Whatcom Transportation Authority","route_count":1,"route_ids":"512","route_short_names":"512","route_types":"3","route_type_names":"Bus","routes_json":"[{\"route_id\":\"512\",\"route_short_name\":\"512\",\"route_long_name\":\"Sudden Valley&Downtown\",\"route_type\":\"3\",\"route_type_name\":\"Bus\",\"route_color\":\"F287B7\",\"route_text_color\":\"000000\"}]"},"geometry":{"type":"Point","coordinates":[-122.33024,48.710194]}},{"type":"Feature","properties":{"stop_id":"262","stop_code":"3109","stop_name":"Lake Whatcom Blvd at S Lakewood","stop_desc":"","zone_id":"","stop_url":"","location_type":"","parent_station":"","stop_timezone":"","wheelchair_boarding":"2","feed_id":"Washington__Whatcom_Transportation_Authority__mdb_mdb-284","agency_name":"Whatcom Transportation Authority","route_count":1,"route_ids":"512","route_short_names":"512","route_types":"3","route_type_names":"Bus","routes_json":"[{\"route_id\":\"512\",\"route_short_name\":\"512\",\"route_long_name\":\"Sudden Valley&Downtown\",\"route_type\":\"3\",\"route_type_name\":\"Bus\",\"route_color\":\"F287B7\",\"route_text_color\":\"000000\"}]"},"geometry":{"type":"Point","coordinates":[-122.340138,48.727239]}},{"type":"Feature","properties":{"stop_id":"263","stop_code":"3110","stop_name":"Lake Whatcom Blvd at N Lakewood","stop_desc":"","zone_id":"","stop_url":"","location_type":"","parent_station":"","stop_timezone":"","wheelchair_boarding":"2","feed_id":"Washington__Whatcom_Transportation_Authority__mdb_mdb-284","agency_name":"Whatcom Transportation Authority","route_count":1,"route_ids":"512","route_short_names":"512","route_types":"3","route_type_names":"Bus","routes_json":"[{\"route_id\":\"512\",\"route_short_name\":\"512\",\"route_long_name\":\"Sudden Valley&Downtown\",\"route_type\":\"3\",\"route_type_name\":\"Bus\",\"route_color\":\"F287B7\",\"route_text_color\":\"000000\"}]"},"geometry":{"type":"Point","coordinates":[-122.342636,48.728955]}},{"type":"Feature","properties":{"stop_id":"264","stop_code":"2360","stop_name":"Lake Whatcom Blvd at Woodcliff Ln","stop_desc":"","zone_id":"","stop_url":"","location_type":"","parent_station":"","stop_timezone":"","wheelchair_boarding":"2","feed_id":"Washington__Whatcom_Transportation_Authority__mdb_mdb-284","agency_name":"Whatcom Transportation Authority","route_count":1,"route_ids":"512","route_short_names":"512","route_types":"3","route_type_names":"Bus","routes_json":"[{\"route_id\":\"512\",\"route_short_name\":\"512\",\"route_long_name\":\"Sudden Valley&Downtown\",\"route_type\":\"3\",\"route_type_name\":\"Bus\",\"route_color\":\"F287B7\",\"route_text_color\":\"000000\"}]"},"geometry":{"type":"Point","coordinates":[-122.349413,48.732922]}},{"type":"Feature","properties":{"stop_id":"265","stop_code":"2361","stop_name":"Lake Whatcom Blvd at 2600 Block","stop_desc":"","zone_id":"","stop_url":"","location_type":"","parent_station":"","stop_timezone":"","wheelchair_boarding":"2","feed_id":"Washington__Whatcom_Transportation_Authority__mdb_mdb-284","agency_name":"Whatcom Transportation Authority","route_count":1,"route_ids":"512","route_short_names":"512","route_types":"3","route_type_names":"Bus","routes_json":"[{\"route_id\":\"512\",\"route_short_name\":\"512\",\"route_long_name\":\"Sudden Valley&Downtown\",\"route_type\":\"3\",\"route_type_name\":\"Bus\",\"route_color\":\"F287B7\",\"route_text_color\":\"000000\"}]"},"geometry":{"type":"Point","coordinates":[-122.357603,48.736085]}},{"type":"Feature","properties":{"stop_id":"266","stop_code":"3111","stop_name":"Lake Whatcom Blvd at E Strawberry Pt","stop_desc":"","zone_id":"","stop_url":"","location_type":"","parent_station":"","stop_timezone":"","wheelchair_boarding":"2","feed_id":"Washington__Whatcom_Transportation_Authority__mdb_mdb-284","agency_name":"Whatcom Transportation Authority","route_count":1,"route_ids":"512","route_short_names":"512","route_types":"3","route_type_names":"Bus","routes_json":"[{\"route_id\":\"512\",\"route_short_name\":\"512\",\"route_long_name\":\"Sudden Valley&Downtown\",\"route_type\":\"3\",\"route_type_name\":\"Bus\",\"route_color\":\"F287B7\",\"route_text_color\":\"000000\"}]"},"geometry":{"type":"Point","coordinates":[-122.3669,48.739058]}},{"type":"Feature","properties":{"stop_id":"267","stop_code":"3112","stop_name":"Lake Whatcom Blvd at W Strawberry Pt","stop_desc":"","zone_id":"","stop_url":"","location_type":"","parent_station":"","stop_timezone":"","wheelchair_boarding":"2","feed_id":"Washington__Whatcom_Transportation_Authority__mdb_mdb-284","agency_name":"Whatcom Transportation Authority","route_count":1,"route_ids":"512","route_short_names":"512","route_types":"3","route_type_names":"Bus","routes_json":"[{\"route_id\":\"512\",\"route_short_name\":\"512\",\"route_long_name\":\"Sudden Valley&Downtown\",\"route_type\":\"3\",\"route_type_name\":\"Bus\",\"route_color\":\"F287B7\",\"route_text_color\":\"000000\"}]"},"geometry":{"type":"Point","coordinates":[-122.37075,48.738444]}},{"type":"Feature","properties":{"stop_id":"268","stop_code":"3113","stop_name":"Lake Whatcom Blvd at Eagle Point","stop_desc":"","zone_id":"","stop_url":"","location_type":"","parent_station":"","stop_timezone":"","wheelchair_boarding":"2","feed_id":"Washington__Whatcom_Transportation_Authority__mdb_mdb-284","agency_name":"Whatcom Transportation Authority","route_count":1,"route_ids":"512","route_short_names":"512","route_types":"3","route_type_names":"Bus","routes_json":"[{\"route_id\":\"512\",\"route_short_name\":\"512\",\"route_long_name\":\"Sudden Valley&Downtown\",\"route_type\":\"3\",\"route_type_name\":\"Bus\",\"route_color\":\"F287B7\",\"route_text_color\":\"000000\"}]"},"geometry":{"type":"Point","coordinates":[-122.376086,48.738273]}},{"type":"Feature","properties":{"stop_id":"269","stop_code":"3114","stop_name":"Lake Whatcom Blvd at Cherry Ln","stop_desc":"","zone_id":"","stop_url":"","location_type":"","parent_station":"","stop_timezone":"","wheelchair_boarding":"2","feed_id":"Washington__Whatcom_Transportation_Authority__mdb_mdb-284","agency_name":"Whatcom Transportation Authority","route_count":1,"route_ids":"512","route_short_names":"512","route_types":"3","route_type_names":"Bus","routes_json":"[{\"route_id\":\"512\",\"route_short_name\":\"512\",\"route_long_name\":\"Sudden Valley&Downtown\",\"route_type\":\"3\",\"route_type_name\":\"Bus\",\"route_color\":\"F287B7\",\"route_text_color\":\"000000\"}]"},"geometry":{"type":"Point","coordinates":[-122.379879,48.739477]}},{"type":"Feature","properties":{"stop_id":"270","stop_code":"2363","stop_name":"Lake Whatcom Blvd at Grand Blvd","stop_desc":"","zone_id":"","stop_url":"","location_type":"","parent_station":"","stop_timezone":"","wheelchair_boarding":"2","feed_id":"Washington__Whatcom_Transportation_Authority__mdb_mdb-284","agency_name":"Whatcom Transportation Authority","route_count":1,"route_ids":"512","route_short_names":"512","route_types":"3","route_type_names":"Bus","routes_json":"[{\"route_id\":\"512\",\"route_short_name\":\"512\",\"route_long_name\":\"Sudden Valley&Downtown\",\"route_type\":\"3\",\"route_type_name\":\"Bus\",\"route_color\":\"F287B7\",\"route_text_color\":\"000000\"}]"},"geometry":{"type":"Point","coordinates":[-122.383568,48.740536]}},{"type":"Feature","properties":{"stop_id":"271","stop_code":"2016","stop_name":"Lake Whatcom Blvd at 2800 Block","stop_desc":"","zone_id":"","stop_url":"","location_type":"","parent_station":"","stop_timezone":"","wheelchair_boarding":"1","feed_id":"Washington__Whatcom_Transportation_Authority__mdb_mdb-284","agency_name":"Whatcom Transportation Authority","route_count":1,"route_ids":"512","route_short_names":"512","route_types":"3","route_type_names":"Bus","routes_json":"[{\"route_id\":\"512\",\"route_short_name\":\"512\",\"route_long_name\":\"Sudden Valley&Downtown\",\"route_type\":\"3\",\"route_type_name\":\"Bus\",\"route_color\":\"F287B7\",\"route_text_color\":\"000000\"}]"},"geometry":{"type":"Point","coordinates":[-122.390971,48.74271]}},{"type":"Feature","properties":{"stop_id":"272","stop_code":"3115","stop_name":"Lake Whatcom Blvd at Coronado Ave","stop_desc":"","zone_id":"","stop_url":"","location_type":"","parent_station":"","stop_timezone":"","wheelchair_boarding":"1","feed_id":"Washington__Whatcom_Transportation_Authority__mdb_mdb-284","agency_name":"Whatcom Transportation Authority","route_count":1,"route_ids":"512","route_short_names":"512","route_types":"3","route_type_names":"Bus","routes_json":"[{\"route_id\":\"512\",\"route_short_name\":\"512\",\"route_long_name\":\"Sudden Valley&Downtown\",\"route_type\":\"3\",\"route_type_name\":\"Bus\",\"route_color\":\"F287B7\",\"route_text_color\":\"000000\"}]"},"geometry":{"type":"Point","coordinates":[-122.393319,48.744945]}},{"type":"Feature","properties":{"stop_id":"273","stop_code":"3116","stop_name":"Cable St at Lakeview St","stop_desc":"","zone_id":"","stop_url":"","location_type":"","parent_station":"","stop_timezone":"","wheelchair_boarding":"2","feed_id":"Washington__Whatcom_Transportation_Authority__mdb_mdb-284","agency_name":"Whatcom Transportation Authority","route_count":1,"route_ids":"512","route_short_names":"512","route_types":"3","route_type_names":"Bus","routes_json":"[{\"route_id\":\"512\",\"route_short_name\":\"512\",\"route_long_name\":\"Sudden Valley&Downtown\",\"route_type\":\"3\",\"route_type_name\":\"Bus\",\"route_color\":\"F287B7\",\"route_text_color\":\"000000\"}]"},"geometry":{"type":"Point","coordinates":[-122.406932,48.746202]}},{"type":"Feature","properties":{"stop_id":"274","stop_code":"2698","stop_name":"Eliza Ave at Darby Dr","stop_desc":"","zone_id":"","stop_url":"","location_type":"","parent_station":"","stop_timezone":"","wheelchair_boarding":"1","feed_id":"Washington__Whatcom_Transportation_Authority__mdb_mdb-284","agency_name":"Whatcom Transportation Authority","route_count":4,"route_ids":"18|232|3|50","route_short_names":"18|232|3|50","route_types":"3","route_type_names":"Bus","routes_json":"[{\"route_id\":\"18\",\"route_short_name\":\"18\",\"route_long_name\":\"Hospital&Cordata/WCC\",\"route_type\":\"3\",\"route_type_name\":\"Bus\",\"route_color\":\"BBD976\",\"route_text_color\":\"000000\"},{\"route_id\":\"232\",\"route_short_name\":\"232\",\"route_long_name\":\"Cordata/WCC&Downtown\",\"route_type\":\"3\",\"route_type_name\":\"Bus\",\"route_color\":\"8DC63F\",\"route_text_color\":\"FFFFFF\"},{\"route_id\":\"3\",\"route_short_name\":\"3\",\"route_long_name\":\"Airport/Cordata&Airport/Downtown\",\"route_type\":\"3\",\"route_type_name\":\"Bus\",\"route_color\":\"D7DF23\",\"route_text_color\":\"000000\"},{\"route_id\":\"50\",\"route_short_name\":\"50\",\"route_long_name\":\"LummiNation&Cordata/WCC\",\"route_type\":\"3\",\"route_type_name\":\"Bus\",\"route_color\":\"FFDD00\",\"route_text_color\":\"000000\"}]"},"geometry":{"type":"Point","coordinates":[-122.496922,48.79238]}},{"type":"Feature","properties":{"stop_id":"275","stop_code":"2715","stop_name":"Bakerview Rd at Spring Creek","stop_desc":"","zone_id":"","stop_url":"","location_type":"","parent_station":"","stop_timezone":"","wheelchair_boarding":"2","feed_id":"Washington__Whatcom_Transportation_Authority__mdb_mdb-284","agency_name":"Whatcom Transportation Authority","route_count":1,"route_ids":"48","route_short_names":"48","route_types":"3","route_type_names":"Bus","routes_json":"[{\"route_id\":\"48\",\"route_short_name\":\"48\",\"route_long_name\":\"Cordata/WCC&Bakerview Spur\",\"route_type\":\"3\",\"route_type_name\":\"Bus\",\"route_color\":\"F15A22\",\"route_text_color\":\"FFFFFF\"}]"},"geometry":{"type":"Point","coordinates":[-122.481677,48.789805]}},{"type":"Feature","properties":{"stop_id":"276","stop_code":"2716","stop_name":"Bakerview Rd at Spring Creek","stop_desc":"","zone_id":"","stop_url":"","location_type":"","parent_station":"","stop_timezone":"","wheelchair_boarding":"2","feed_id":"Washington__Whatcom_Transportation_Authority__mdb_mdb-284","agency_name":"Whatcom Transportation Authority","route_count":1,"route_ids":"48","route_short_names":"48","route_types":"3","route_type_names":"Bus","routes_json":"[{\"route_id\":\"48\",\"route_short_name\":\"48\",\"route_long_name\":\"Cordata/WCC&Bakerview Spur\",\"route_type\":\"3\",\"route_type_name\":\"Bus\",\"route_color\":\"F15A22\",\"route_text_color\":\"FFFFFF\"}]"},"geometry":{"type":"Point","coordinates":[-122.48128,48.789608]}},{"type":"Feature","properties":{"stop_id":"277","stop_code":"2967","stop_name":"Midway Ln at Bakerview Spur","stop_desc":"","zone_id":"","stop_url":"","location_type":"","parent_station":"","stop_timezone":"","wheelchair_boarding":"1","feed_id":"Washington__Whatcom_Transportation_Authority__mdb_mdb-284","agency_name":"Whatcom Transportation Authority","route_count":3,"route_ids":"45|48|49","route_short_names":"45|48|49","route_types":"3","route_type_names":"Bus","routes_json":"[{\"route_id\":\"45\",\"route_short_name\":\"45\",\"route_long_name\":\"KingMountain&Cordata/WCC\",\"route_type\":\"3\",\"route_type_name\":\"Bus\",\"route_color\":\"E29957\",\"route_text_color\":\"FFFFFF\"},{\"route_id\":\"48\",\"route_short_name\":\"48\",\"route_long_name\":\"Cordata/WCC&Bakerview Spur\",\"route_type\":\"3\",\"route_type_name\":\"Bus\",\"route_color\":\"F15A22\",\"route_text_color\":\"FFFFFF\"},{\"route_id\":\"49\",\"route_short_name\":\"49\",\"route_long_name\":\"Downtown&Bakerview Spur\",\"route_type\":\"3\",\"route_type_name\":\"Bus\",\"route_color\":\"DA1F3D\",\"route_text_color\":\"FFFFFF\"}]"},"geometry":{"type":"Point","coordinates":[-122.44917,48.785885]}},{"type":"Feature","properties":{"stop_id":"278","stop_code":"2968","stop_name":"Midway Ln at Irongate Rd","stop_desc":"","zone_id":"","stop_url":"","location_type":"","parent_station":"","stop_timezone":"","wheelchair_boarding":"2","feed_id":"Washington__Whatcom_Transportation_Authority__mdb_mdb-284","agency_name":"Whatcom Transportation Authority","route_count":2,"route_ids":"48|49","route_short_names":"48|49","route_types":"3","route_type_names":"Bus","routes_json":"[{\"route_id\":\"48\",\"route_short_name\":\"48\",\"route_long_name\":\"Cordata/WCC&Bakerview Spur\",\"route_type\":\"3\",\"route_type_name\":\"Bus\",\"route_color\":\"F15A22\",\"route_text_color\":\"FFFFFF\"},{\"route_id\":\"49\",\"route_short_name\":\"49\",\"route_long_name\":\"Downtown&Bakerview Spur\",\"route_type\":\"3\",\"route_type_name\":\"Bus\",\"route_color\":\"DA1F3D\",\"route_text_color\":\"FFFFFF\"}]"},"geometry":{"type":"Point","coordinates":[-122.449466,48.785802]}},{"type":"Feature","properties":{"stop_id":"279","stop_code":"2969","stop_name":"Irongate Rd at Alpine Way","stop_desc":"","zone_id":"","stop_url":"","location_type":"","parent_station":"","stop_timezone":"","wheelchair_boarding":"1","feed_id":"Washington__Whatcom_Transportation_Authority__mdb_mdb-284","agency_name":"Whatcom Transportation Authority","route_count":2,"route_ids":"45|49","route_short_names":"45|49","route_types":"3","route_type_names":"Bus","routes_json":"[{\"route_id\":\"45\",\"route_short_name\":\"45\",\"route_long_name\":\"KingMountain&Cordata/WCC\",\"route_type\":\"3\",\"route_type_name\":\"Bus\",\"route_color\":\"E29957\",\"route_text_color\":\"FFFFFF\"},{\"route_id\":\"49\",\"route_short_name\":\"49\",\"route_long_name\":\"Downtown&Bakerview Spur\",\"route_type\":\"3\",\"route_type_name\":\"Bus\",\"route_color\":\"DA1F3D\",\"route_text_color\":\"FFFFFF\"}]"},"geometry":{"type":"Point","coordinates":[-122.453512,48.783683]}},{"type":"Feature","properties":{"stop_id":"280","stop_code":"2970","stop_name":"Irongate Rd at Alpine Way","stop_desc":"","zone_id":"","stop_url":"","location_type":"","parent_station":"","stop_timezone":"","wheelchair_boarding":"2","feed_id":"Washington__Whatcom_Transportation_Authority__mdb_mdb-284","agency_name":"Whatcom Transportation Authority","route_count":1,"route_ids":"49","route_short_names":"49","route_types":"3","route_type_names":"Bus","routes_json":"[{\"route_id\":\"49\",\"route_short_name\":\"49\",\"route_long_name\":\"Downtown&Bakerview Spur\",\"route_type\":\"3\",\"route_type_name\":\"Bus\",\"route_color\":\"DA1F3D\",\"route_text_color\":\"FFFFFF\"}]"},"geometry":{"type":"Point","coordinates":[-122.453269,48.783673]}},{"type":"Feature","properties":{"stop_id":"281","stop_code":"2971","stop_name":"Division St at Bakerview Spur","stop_desc":"","zone_id":"","stop_url":"","location_type":"","parent_station":"","stop_timezone":"","wheelchair_boarding":"2","feed_id":"Washington__Whatcom_Transportation_Authority__mdb_mdb-284","agency_name":"Whatcom Transportation Authority","route_count":1,"route_ids":"49","route_short_names":"49","route_types":"3","route_type_names":"Bus","routes_json":"[{\"route_id\":\"49\",\"route_short_name\":\"49\",\"route_long_name\":\"Downtown&Bakerview Spur\",\"route_type\":\"3\",\"route_type_name\":\"Bus\",\"route_color\":\"DA1F3D\",\"route_text_color\":\"FFFFFF\"}]"},"geometry":{"type":"Point","coordinates":[-122.449381,48.782272]}},{"type":"Feature","properties":{"stop_id":"282","stop_code":"2972","stop_name":"Division St at Bakerview Spur","stop_desc":"","zone_id":"","stop_url":"","location_type":"","parent_station":"","stop_timezone":"","wheelchair_boarding":"1","feed_id":"Washington__Whatcom_Transportation_Authority__mdb_mdb-284","agency_name":"Whatcom Transportation Authority","route_count":2,"route_ids":"45|49","route_short_names":"45|49","route_types":"3","route_type_names":"Bus","routes_json":"[{\"route_id\":\"45\",\"route_short_name\":\"45\",\"route_long_name\":\"KingMountain&Cordata/WCC\",\"route_type\":\"3\",\"route_type_name\":\"Bus\",\"route_color\":\"E29957\",\"route_text_color\":\"FFFFFF\"},{\"route_id\":\"49\",\"route_short_name\":\"49\",\"route_long_name\":\"Downtown&Bakerview Spur\",\"route_type\":\"3\",\"route_type_name\":\"Bus\",\"route_color\":\"DA1F3D\",\"route_text_color\":\"FFFFFF\"}]"},"geometry":{"type":"Point","coordinates":[-122.450273,48.782175]}},{"type":"Feature","properties":{"stop_id":"283","stop_code":"2977","stop_name":"Bennett Dr at Cherrywood Ave","stop_desc":"","zone_id":"","stop_url":"","location_type":"","parent_station":"","stop_timezone":"","wheelchair_boarding":"2","feed_id":"Washington__Whatcom_Transportation_Authority__mdb_mdb-284","agency_name":"Whatcom Transportation Authority","route_count":1,"route_ids":"3","route_short_names":"3","route_types":"3","route_type_names":"Bus","routes_json":"[{\"route_id\":\"3\",\"route_short_name\":\"3\",\"route_long_name\":\"Airport/Cordata&Airport/Downtown\",\"route_type\":\"3\",\"route_type_name\":\"Bus\",\"route_color\":\"D7DF23\",\"route_text_color\":\"000000\"}]"},"geometry":{"type":"Point","coordinates":[-122.51995,48.780758]}},{"type":"Feature","properties":{"stop_id":"284","stop_code":"2978","stop_name":"Bennett Dr at McLeod Rd","stop_desc":"","zone_id":"","stop_url":"","location_type":"","parent_station":"","stop_timezone":"","wheelchair_boarding":"2","feed_id":"Washington__Whatcom_Transportation_Authority__mdb_mdb-284","agency_name":"Whatcom Transportation Authority","route_count":1,"route_ids":"3","route_short_names":"3","route_types":"3","route_type_names":"Bus","routes_json":"[{\"route_id\":\"3\",\"route_short_name\":\"3\",\"route_long_name\":\"Airport/Cordata&Airport/Downtown\",\"route_type\":\"3\",\"route_type_name\":\"Bus\",\"route_color\":\"D7DF23\",\"route_text_color\":\"000000\"}]"},"geometry":{"type":"Point","coordinates":[-122.518567,48.783342]}},{"type":"Feature","properties":{"stop_id":"285","stop_code":"2979","stop_name":"Bennett Dr at McLeod Rd","stop_desc":"","zone_id":"","stop_url":"","location_type":"","parent_station":"","stop_timezone":"","wheelchair_boarding":"2","feed_id":"Washington__Whatcom_Transportation_Authority__mdb_mdb-284","agency_name":"Whatcom Transportation Authority","route_count":1,"route_ids":"3","route_short_names":"3","route_types":"3","route_type_names":"Bus","routes_json":"[{\"route_id\":\"3\",\"route_short_name\":\"3\",\"route_long_name\":\"Airport/Cordata&Airport/Downtown\",\"route_type\":\"3\",\"route_type_name\":\"Bus\",\"route_color\":\"D7DF23\",\"route_text_color\":\"000000\"}]"},"geometry":{"type":"Point","coordinates":[-122.51875,48.783337]}},{"type":"Feature","properties":{"stop_id":"286","stop_code":"2980","stop_name":"Bennett Dr at Cherrywood Ave","stop_desc":"","zone_id":"","stop_url":"","location_type":"","parent_station":"","stop_timezone":"","wheelchair_boarding":"2","feed_id":"Washington__Whatcom_Transportation_Authority__mdb_mdb-284","agency_name":"Whatcom Transportation Authority","route_count":1,"route_ids":"3","route_short_names":"3","route_types":"3","route_type_names":"Bus","routes_json":"[{\"route_id\":\"3\",\"route_short_name\":\"3\",\"route_long_name\":\"Airport/Cordata&Airport/Downtown\",\"route_type\":\"3\",\"route_type_name\":\"Bus\",\"route_color\":\"D7DF23\",\"route_text_color\":\"000000\"}]"},"geometry":{"type":"Point","coordinates":[-122.52013,48.780743]}},{"type":"Feature","properties":{"stop_id":"288","stop_code":"3128","stop_name":"Lakeway Dr at Humboldt St","stop_desc":"","zone_id":"","stop_url":"","location_type":"","parent_station":"","stop_timezone":"","wheelchair_boarding":"2","feed_id":"Washington__Whatcom_Transportation_Authority__mdb_mdb-284","agency_name":"Whatcom Transportation Authority","route_count":4,"route_ids":"512|525|533|540","route_short_names":"512|525|533|540","route_types":"3","route_type_names":"Bus","routes_json":"[{\"route_id\":\"512\",\"route_short_name\":\"512\",\"route_long_name\":\"Sudden Valley&Downtown\",\"route_type\":\"3\",\"route_type_name\":\"Bus\",\"route_color\":\"F287B7\",\"route_text_color\":\"000000\"},{\"route_id\":\"525\",\"route_short_name\":\"525\",\"route_long_name\":\"Barkley&Downtown\",\"route_type\":\"3\",\"route_type_name\":\"Bus\",\"route_color\":\"8F53A1\",\"route_text_color\":\"FFFFFF\"},{\"route_id\":\"533\",\"route_short_name\":\"533\",\"route_long_name\":\"Yew St\",\"route_type\":\"3\",\"route_type_name\":\"Bus\",\"route_color\":\"F8C1D9\",\"route_text_color\":\"000000\"},{\"route_id\":\"540\",\"route_short_name\":\"540\",\"route_long_name\":\"Sunset&Downtown\",\"route_type\":\"3\",\"route_type_name\":\"Bus\",\"route_color\":\"5F3075\",\"route_text_color\":\"FFFFFF\"}]"},"geometry":{"type":"Point","coordinates":[-122.467954,48.745094]}},{"type":"Feature","properties":{"stop_id":"289","stop_code":"3129","stop_name":"Lakeway Dr at Franklin St","stop_desc":"","zone_id":"","stop_url":"","location_type":"","parent_station":"","stop_timezone":"","wheelchair_boarding":"1","feed_id":"Washington__Whatcom_Transportation_Authority__mdb_mdb-284","agency_name":"Whatcom Transportation Authority","route_count":4,"route_ids":"512|525|533|540","route_short_names":"512|525|533|540","route_types":"3","route_type_names":"Bus","routes_json":"[{\"route_id\":\"512\",\"route_short_name\":\"512\",\"route_long_name\":\"Sudden Valley&Downtown\",\"route_type\":\"3\",\"route_type_name\":\"Bus\",\"route_color\":\"F287B7\",\"route_text_color\":\"000000\"},{\"route_id\":\"525\",\"route_short_name\":\"525\",\"route_long_name\":\"Barkley&Downtown\",\"route_type\":\"3\",\"route_type_name\":\"Bus\",\"route_color\":\"8F53A1\",\"route_text_color\":\"FFFFFF\"},{\"route_id\":\"533\",\"route_short_name\":\"533\",\"route_long_name\":\"Yew St\",\"route_type\":\"3\",\"route_type_name\":\"Bus\",\"route_color\":\"F8C1D9\",\"route_text_color\":\"000000\"},{\"route_id\":\"540\",\"route_short_name\":\"540\",\"route_long_name\":\"Sunset&Downtown\",\"route_type\":\"3\",\"route_type_name\":\"Bus\",\"route_color\":\"5F3075\",\"route_text_color\":\"FFFFFF\"}]"},"geometry":{"type":"Point","coordinates":[-122.469953,48.745089]}},{"type":"Feature","properties":{"stop_id":"290","stop_code":"2123","stop_name":"Lakeway Dr at Fred Meyer","stop_desc":"","zone_id":"","stop_url":"","location_type":"","parent_station":"","stop_timezone":"","wheelchair_boarding":"1","feed_id":"Washington__Whatcom_Transportation_Authority__mdb_mdb-284","agency_name":"Whatcom Transportation Authority","route_count":4,"route_ids":"512|525|533|540","route_short_names":"512|525|533|540","route_types":"3","route_type_names":"Bus","routes_json":"[{\"route_id\":\"512\",\"route_short_name\":\"512\",\"route_long_name\":\"Sudden Valley&Downtown\",\"route_type\":\"3\",\"route_type_name\":\"Bus\",\"route_color\":\"F287B7\",\"route_text_color\":\"000000\"},{\"route_id\":\"525\",\"route_short_name\":\"525\",\"route_long_name\":\"Barkley&Downtown\",\"route_type\":\"3\",\"route_type_name\":\"Bus\",\"route_color\":\"8F53A1\",\"route_text_color\":\"FFFFFF\"},{\"route_id\":\"533\",\"route_short_name\":\"533\",\"route_long_name\":\"Yew St\",\"route_type\":\"3\",\"route_type_name\":\"Bus\",\"route_color\":\"F8C1D9\",\"route_text_color\":\"000000\"},{\"route_id\":\"540\",\"route_short_name\":\"540\",\"route_long_name\":\"Sunset&Downtown\",\"route_type\":\"3\",\"route_type_name\":\"Bus\",\"route_color\":\"5F3075\",\"route_text_color\":\"FFFFFF\"}]"},"geometry":{"type":"Point","coordinates":[-122.46512,48.744878]}},{"type":"Feature","properties":{"stop_id":"292","stop_code":"2531","stop_name":"Ellis St at Holly St","stop_desc":"","zone_id":"","stop_url":"","location_type":"","parent_station":"","stop_timezone":"","wheelchair_boarding":"1","feed_id":"Washington__Whatcom_Transportation_Authority__mdb_mdb-284","agency_name":"Whatcom Transportation Authority","route_count":3,"route_ids":"5|7|98","route_short_names":"5|7|98","route_types":"3","route_type_names":"Bus","routes_json":"[{\"route_id\":\"5\",\"route_short_name\":\"5\",\"route_long_name\":\"Samish/Fairhaven&Samish/Downtown\",\"route_type\":\"3\",\"route_type_name\":\"Bus\",\"route_color\":\"0000FF\",\"route_text_color\":\"FFFFFF\"},{\"route_id\":\"7\",\"route_short_name\":\"7\",\"route_long_name\":\"Samish/WWU&Samish/Downtown\",\"route_type\":\"3\",\"route_type_name\":\"Bus\",\"route_color\":\"0000FF\",\"route_text_color\":\"FFFFFF\"},{\"route_id\":\"98\",\"route_short_name\":\"98\",\"route_long_name\":\"WWU&Samish\",\"route_type\":\"3\",\"route_type_name\":\"Bus\",\"route_color\":\"ABE1FA\",\"route_text_color\":\"000000\"}]"},"geometry":{"type":"Point","coordinates":[-122.471932,48.744106]}},{"type":"Feature","properties":{"stop_id":"293","stop_code":"3218","stop_name":"Elm St at Jefferson St","stop_desc":"","zone_id":"","stop_url":"","location_type":"","parent_station":"","stop_timezone":"","wheelchair_boarding":"1","feed_id":"Washington__Whatcom_Transportation_Authority__mdb_mdb-284","agency_name":"Whatcom Transportation Authority","route_count":1,"route_ids":"232","route_short_names":"232","route_types":"3","route_type_names":"Bus","routes_json":"[{\"route_id\":\"232\",\"route_short_name\":\"232\",\"route_long_name\":\"Cordata/WCC&Downtown\",\"route_type\":\"3\",\"route_type_name\":\"Bus\",\"route_color\":\"8DC63F\",\"route_text_color\":\"FFFFFF\"}]"},"geometry":{"type":"Point","coordinates":[-122.48848,48.762779]}},{"type":"Feature","properties":{"stop_id":"294","stop_code":"3217","stop_name":"Northwest Ave at Connecticut St","stop_desc":"","zone_id":"","stop_url":"","location_type":"","parent_station":"","stop_timezone":"","wheelchair_boarding":"2","feed_id":"Washington__Whatcom_Transportation_Authority__mdb_mdb-284","agency_name":"Whatcom Transportation Authority","route_count":1,"route_ids":"232","route_short_names":"232","route_types":"3","route_type_names":"Bus","routes_json":"[{\"route_id\":\"232\",\"route_short_name\":\"232\",\"route_long_name\":\"Cordata/WCC&Downtown\",\"route_type\":\"3\",\"route_type_name\":\"Bus\",\"route_color\":\"8DC63F\",\"route_text_color\":\"FFFFFF\"}]"},"geometry":{"type":"Point","coordinates":[-122.489628,48.766134]}},{"type":"Feature","properties":{"stop_id":"295","stop_code":"3214","stop_name":"Northwest Ave at Lynn St","stop_desc":"","zone_id":"","stop_url":"","location_type":"","parent_station":"","stop_timezone":"","wheelchair_boarding":"1","feed_id":"Washington__Whatcom_Transportation_Authority__mdb_mdb-284","agency_name":"Whatcom Transportation Authority","route_count":1,"route_ids":"232","route_short_names":"232","route_types":"3","route_type_names":"Bus","routes_json":"[{\"route_id\":\"232\",\"route_short_name\":\"232\",\"route_long_name\":\"Cordata/WCC&Downtown\",\"route_type\":\"3\",\"route_type_name\":\"Bus\",\"route_color\":\"8DC63F\",\"route_text_color\":\"FFFFFF\"}]"},"geometry":{"type":"Point","coordinates":[-122.494463,48.772098]}},{"type":"Feature","properties":{"stop_id":"296","stop_code":"2162","stop_name":"Northwest Ave at 3400 Block","stop_desc":"","zone_id":"","stop_url":"","location_type":"","parent_station":"","stop_timezone":"","wheelchair_boarding":"2","feed_id":"Washington__Whatcom_Transportation_Authority__mdb_mdb-284","agency_name":"Whatcom Transportation Authority","route_count":1,"route_ids":"232","route_short_names":"232","route_types":"3","route_type_names":"Bus","routes_json":"[{\"route_id\":\"232\",\"route_short_name\":\"232\",\"route_long_name\":\"Cordata/WCC&Downtown\",\"route_type\":\"3\",\"route_type_name\":\"Bus\",\"route_color\":\"8DC63F\",\"route_text_color\":\"FFFFFF\"}]"},"geometry":{"type":"Point","coordinates":[-122.498803,48.777627]}},{"type":"Feature","properties":{"stop_id":"297","stop_code":"3212","stop_name":"Northwest Ave at McLeod Rd","stop_desc":"","zone_id":"","stop_url":"","location_type":"","parent_station":"","stop_timezone":"","wheelchair_boarding":"1","feed_id":"Washington__Whatcom_Transportation_Authority__mdb_mdb-284","agency_name":"Whatcom Transportation Authority","route_count":1,"route_ids":"232","route_short_names":"232","route_types":"3","route_type_names":"Bus","routes_json":"[{\"route_id\":\"232\",\"route_short_name\":\"232\",\"route_long_name\":\"Cordata/WCC&Downtown\",\"route_type\":\"3\",\"route_type_name\":\"Bus\",\"route_color\":\"8DC63F\",\"route_text_color\":\"FFFFFF\"}]"},"geometry":{"type":"Point","coordinates":[-122.501238,48.780906]}},{"type":"Feature","properties":{"stop_id":"298","stop_code":"3211","stop_name":"Northwest Ave at Sterling Dr","stop_desc":"","zone_id":"","stop_url":"","location_type":"","parent_station":"","stop_timezone":"","wheelchair_boarding":"1","feed_id":"Washington__Whatcom_Transportation_Authority__mdb_mdb-284","agency_name":"Whatcom Transportation Authority","route_count":1,"route_ids":"232","route_short_names":"232","route_types":"3","route_type_names":"Bus","routes_json":"[{\"route_id\":\"232\",\"route_short_name\":\"232\",\"route_long_name\":\"Cordata/WCC&Downtown\",\"route_type\":\"3\",\"route_type_name\":\"Bus\",\"route_color\":\"8DC63F\",\"route_text_color\":\"FFFFFF\"}]"},"geometry":{"type":"Point","coordinates":[-122.504955,48.785867]}},{"type":"Feature","properties":{"stop_id":"300","stop_code":"2330","stop_name":"Westerly Rd at Meridian St","stop_desc":"","zone_id":"","stop_url":"","location_type":"","parent_station":"","stop_timezone":"","wheelchair_boarding":"1","feed_id":"Washington__Whatcom_Transportation_Authority__mdb_mdb-284","agency_name":"Whatcom Transportation Authority","route_count":1,"route_ids":"48","route_short_names":"48","route_types":"3","route_type_names":"Bus","routes_json":"[{\"route_id\":\"48\",\"route_short_name\":\"48\",\"route_long_name\":\"Cordata/WCC&Bakerview Spur\",\"route_type\":\"3\",\"route_type_name\":\"Bus\",\"route_color\":\"F15A22\",\"route_text_color\":\"FFFFFF\"}]"},"geometry":{"type":"Point","coordinates":[-122.48742,48.791908]}},{"type":"Feature","properties":{"stop_id":"301","stop_code":"1310","stop_name":"Cordata Pkwy at El Dorado Way","stop_desc":"","zone_id":"","stop_url":"","location_type":"","parent_station":"","stop_timezone":"","wheelchair_boarding":"1","feed_id":"Washington__Whatcom_Transportation_Authority__mdb_mdb-284","agency_name":"Whatcom Transportation Authority","route_count":2,"route_ids":"24|29","route_short_names":"24|29","route_types":"3","route_type_names":"Bus","routes_json":"[{\"route_id\":\"24\",\"route_short_name\":\"24\",\"route_long_name\":\"Cordata\",\"route_type\":\"3\",\"route_type_name\":\"Bus\",\"route_color\":\"028848\",\"route_text_color\":\"FFFFFF\"},{\"route_id\":\"29\",\"route_short_name\":\"29\",\"route_long_name\":\"Cordata/Kline\",\"route_type\":\"3\",\"route_type_name\":\"Bus\",\"route_color\":\"50B848\",\"route_text_color\":\"FFFFFF\"}]"},"geometry":{"type":"Point","coordinates":[-122.49796,48.808144]}},{"type":"Feature","properties":{"stop_id":"302","stop_code":"3226","stop_name":"Cordata Pkwy at Horton Rd","stop_desc":"","zone_id":"","stop_url":"","location_type":"","parent_station":"","stop_timezone":"","wheelchair_boarding":"1","feed_id":"Washington__Whatcom_Transportation_Authority__mdb_mdb-284","agency_name":"Whatcom Transportation Authority","route_count":2,"route_ids":"24|29","route_short_names":"24|29","route_types":"3","route_type_names":"Bus","routes_json":"[{\"route_id\":\"24\",\"route_short_name\":\"24\",\"route_long_name\":\"Cordata\",\"route_type\":\"3\",\"route_type_name\":\"Bus\",\"route_color\":\"028848\",\"route_text_color\":\"FFFFFF\"},{\"route_id\":\"29\",\"route_short_name\":\"29\",\"route_long_name\":\"Cordata/Kline\",\"route_type\":\"3\",\"route_type_name\":\"Bus\",\"route_color\":\"50B848\",\"route_text_color\":\"FFFFFF\"}]"},"geometry":{"type":"Point","coordinates":[-122.49602,48.80484]}},{"type":"Feature","properties":{"stop_id":"303","stop_code":"3227","stop_name":"Cordata Pkwy at Sea Mar","stop_desc":"","zone_id":"","stop_url":"","location_type":"","parent_station":"","stop_timezone":"","wheelchair_boarding":"1","feed_id":"Washington__Whatcom_Transportation_Authority__mdb_mdb-284","agency_name":"Whatcom Transportation Authority","route_count":2,"route_ids":"24|29","route_short_names":"24|29","route_types":"3","route_type_names":"Bus","routes_json":"[{\"route_id\":\"24\",\"route_short_name\":\"24\",\"route_long_name\":\"Cordata\",\"route_type\":\"3\",\"route_type_name\":\"Bus\",\"route_color\":\"028848\",\"route_text_color\":\"FFFFFF\"},{\"route_id\":\"29\",\"route_short_name\":\"29\",\"route_long_name\":\"Cordata/Kline\",\"route_type\":\"3\",\"route_type_name\":\"Bus\",\"route_color\":\"50B848\",\"route_text_color\":\"FFFFFF\"}]"},"geometry":{"type":"Point","coordinates":[-122.49614,48.801559]}},{"type":"Feature","properties":{"stop_id":"304","stop_code":"3089","stop_name":"Cordata Pkwy at Westerly Rd","stop_desc":"","zone_id":"","stop_url":"","location_type":"","parent_station":"","stop_timezone":"","wheelchair_boarding":"1","feed_id":"Washington__Whatcom_Transportation_Authority__mdb_mdb-284","agency_name":"Whatcom Transportation Authority","route_count":2,"route_ids":"15|331","route_short_names":"15|331","route_types":"3","route_type_names":"Bus","routes_json":"[{\"route_id\":\"15\",\"route_short_name\":\"15\",\"route_long_name\":\"Cordata/WCC&Downtown\",\"route_type\":\"3\",\"route_type_name\":\"Bus\",\"route_color\":\"F58220\",\"route_text_color\":\"FFFFFF\"},{\"route_id\":\"331\",\"route_short_name\":\"331\",\"route_long_name\":\"Cordata/WCC&Downtown\",\"route_type\":\"3\",\"route_type_name\":\"Bus\",\"route_color\":\"FAA61A\",\"route_text_color\":\"000000\"}]"},"geometry":{"type":"Point","coordinates":[-122.491571,48.791369]}},{"type":"Feature","properties":{"stop_id":"305","stop_code":"2271","stop_name":"Northwest Ave at Sterling Dr","stop_desc":"","zone_id":"","stop_url":"","location_type":"","parent_station":"","stop_timezone":"","wheelchair_boarding":"2","feed_id":"Washington__Whatcom_Transportation_Authority__mdb_mdb-284","agency_name":"Whatcom Transportation Authority","route_count":1,"route_ids":"232","route_short_names":"232","route_types":"3","route_type_names":"Bus","routes_json":"[{\"route_id\":\"232\",\"route_short_name\":\"232\",\"route_long_name\":\"Cordata/WCC&Downtown\",\"route_type\":\"3\",\"route_type_name\":\"Bus\",\"route_color\":\"8DC63F\",\"route_text_color\":\"FFFFFF\"}]"},"geometry":{"type":"Point","coordinates":[-122.504878,48.786117]}},{"type":"Feature","properties":{"stop_id":"306","stop_code":"2085","stop_name":"Northwest Ave at McLeod Rd","stop_desc":"","zone_id":"","stop_url":"","location_type":"","parent_station":"","stop_timezone":"","wheelchair_boarding":"1","feed_id":"Washington__Whatcom_Transportation_Authority__mdb_mdb-284","agency_name":"Whatcom Transportation Authority","route_count":1,"route_ids":"232","route_short_names":"232","route_types":"3","route_type_names":"Bus","routes_json":"[{\"route_id\":\"232\",\"route_short_name\":\"232\",\"route_long_name\":\"Cordata/WCC&Downtown\",\"route_type\":\"3\",\"route_type_name\":\"Bus\",\"route_color\":\"8DC63F\",\"route_text_color\":\"FFFFFF\"}]"},"geometry":{"type":"Point","coordinates":[-122.501536,48.781626]}},{"type":"Feature","properties":{"stop_id":"307","stop_code":"2172","stop_name":"Northwest Ave at Shuksan Middle School","stop_desc":"","zone_id":"","stop_url":"","location_type":"","parent_station":"","stop_timezone":"","wheelchair_boarding":"1","feed_id":"Washington__Whatcom_Transportation_Authority__mdb_mdb-284","agency_name":"Whatcom Transportation Authority","route_count":1,"route_ids":"232","route_short_names":"232","route_types":"3","route_type_names":"Bus","routes_json":"[{\"route_id\":\"232\",\"route_short_name\":\"232\",\"route_long_name\":\"Cordata/WCC&Downtown\",\"route_type\":\"3\",\"route_type_name\":\"Bus\",\"route_color\":\"8DC63F\",\"route_text_color\":\"FFFFFF\"}]"},"geometry":{"type":"Point","coordinates":[-122.499941,48.779156]}},{"type":"Feature","properties":{"stop_id":"308","stop_code":"3210","stop_name":"Northwest Ave at Shuksan Middle School","stop_desc":"","zone_id":"","stop_url":"","location_type":"","parent_station":"","stop_timezone":"","wheelchair_boarding":"2","feed_id":"Washington__Whatcom_Transportation_Authority__mdb_mdb-284","agency_name":"Whatcom Transportation Authority","route_count":1,"route_ids":"232","route_short_names":"232","route_types":"3","route_type_names":"Bus","routes_json":"[{\"route_id\":\"232\",\"route_short_name\":\"232\",\"route_long_name\":\"Cordata/WCC&Downtown\",\"route_type\":\"3\",\"route_type_name\":\"Bus\",\"route_color\":\"8DC63F\",\"route_text_color\":\"FFFFFF\"}]"},"geometry":{"type":"Point","coordinates":[-122.498986,48.77819]}},{"type":"Feature","properties":{"stop_id":"309","stop_code":"3151","stop_name":"Birchwood Ave at Meridian St","stop_desc":"","zone_id":"","stop_url":"","location_type":"","parent_station":"","stop_timezone":"","wheelchair_boarding":"2","feed_id":"Washington__Whatcom_Transportation_Authority__mdb_mdb-284","agency_name":"Whatcom Transportation Authority","route_count":1,"route_ids":"18","route_short_names":"18","route_types":"3","route_type_names":"Bus","routes_json":"[{\"route_id\":\"18\",\"route_short_name\":\"18\",\"route_long_name\":\"Hospital&Cordata/WCC\",\"route_type\":\"3\",\"route_type_name\":\"Bus\",\"route_color\":\"BBD976\",\"route_text_color\":\"000000\"}]"},"geometry":{"type":"Point","coordinates":[-122.483878,48.77719]}},{"type":"Feature","properties":{"stop_id":"310","stop_code":"2040","stop_name":"Birchwood Ave at Orchard Pl","stop_desc":"","zone_id":"","stop_url":"","location_type":"","parent_station":"","stop_timezone":"","wheelchair_boarding":"1","feed_id":"Washington__Whatcom_Transportation_Authority__mdb_mdb-284","agency_name":"Whatcom Transportation Authority","route_count":1,"route_ids":"18","route_short_names":"18","route_types":"3","route_type_names":"Bus","routes_json":"[{\"route_id\":\"18\",\"route_short_name\":\"18\",\"route_long_name\":\"Hospital&Cordata/WCC\",\"route_type\":\"3\",\"route_type_name\":\"Bus\",\"route_color\":\"BBD976\",\"route_text_color\":\"000000\"}]"},"geometry":{"type":"Point","coordinates":[-122.47949,48.777184]}},{"type":"Feature","properties":{"stop_id":"311","stop_code":"3053","stop_name":"Birchwood Ave at Squalicum Pkwy","stop_desc":"","zone_id":"","stop_url":"","location_type":"","parent_station":"","stop_timezone":"","wheelchair_boarding":"1","feed_id":"Washington__Whatcom_Transportation_Authority__mdb_mdb-284","agency_name":"Whatcom Transportation Authority","route_count":1,"route_ids":"18","route_short_names":"18","route_types":"3","route_type_names":"Bus","routes_json":"[{\"route_id\":\"18\",\"route_short_name\":\"18\",\"route_long_name\":\"Hospital&Cordata/WCC\",\"route_type\":\"3\",\"route_type_name\":\"Bus\",\"route_color\":\"BBD976\",\"route_text_color\":\"000000\"}]"},"geometry":{"type":"Point","coordinates":[-122.476077,48.777143]}},{"type":"Feature","properties":{"stop_id":"312","stop_code":"9369","stop_name":"Birchwood Ave at Squalicum Pkwy","stop_desc":"","zone_id":"","stop_url":"","location_type":"","parent_station":"","stop_timezone":"","wheelchair_boarding":"2","feed_id":"Washington__Whatcom_Transportation_Authority__mdb_mdb-284","agency_name":"Whatcom Transportation Authority","route_count":1,"route_ids":"18","route_short_names":"18","route_types":"3","route_type_names":"Bus","routes_json":"[{\"route_id\":\"18\",\"route_short_name\":\"18\",\"route_long_name\":\"Hospital&Cordata/WCC\",\"route_type\":\"3\",\"route_type_name\":\"Bus\",\"route_color\":\"BBD976\",\"route_text_color\":\"000000\"}]"},"geometry":{"type":"Point","coordinates":[-122.47682,48.777054]}},{"type":"Feature","properties":{"stop_id":"313","stop_code":"3046","stop_name":"Birchwood Ave at Orchard Pl","stop_desc":"","zone_id":"","stop_url":"","location_type":"","parent_station":"","stop_timezone":"","wheelchair_boarding":"2","feed_id":"Washington__Whatcom_Transportation_Authority__mdb_mdb-284","agency_name":"Whatcom Transportation Authority","route_count":1,"route_ids":"18","route_short_names":"18","route_types":"3","route_type_names":"Bus","routes_json":"[{\"route_id\":\"18\",\"route_short_name\":\"18\",\"route_long_name\":\"Hospital&Cordata/WCC\",\"route_type\":\"3\",\"route_type_name\":\"Bus\",\"route_color\":\"BBD976\",\"route_text_color\":\"000000\"}]"},"geometry":{"type":"Point","coordinates":[-122.479422,48.777066]}},{"type":"Feature","properties":{"stop_id":"314","stop_code":"3045","stop_name":"Birchwood Ave at Meridian St","stop_desc":"","zone_id":"","stop_url":"","location_type":"","parent_station":"","stop_timezone":"","wheelchair_boarding":"2","feed_id":"Washington__Whatcom_Transportation_Authority__mdb_mdb-284","agency_name":"Whatcom Transportation Authority","route_count":1,"route_ids":"18","route_short_names":"18","route_types":"3","route_type_names":"Bus","routes_json":"[{\"route_id\":\"18\",\"route_short_name\":\"18\",\"route_long_name\":\"Hospital&Cordata/WCC\",\"route_type\":\"3\",\"route_type_name\":\"Bus\",\"route_color\":\"BBD976\",\"route_text_color\":\"000000\"}]"},"geometry":{"type":"Point","coordinates":[-122.483869,48.777094]}},{"type":"Feature","properties":{"stop_id":"315","stop_code":"2266","stop_name":"Northwest Ave at Lynn St","stop_desc":"","zone_id":"","stop_url":"","location_type":"","parent_station":"","stop_timezone":"","wheelchair_boarding":"1","feed_id":"Washington__Whatcom_Transportation_Authority__mdb_mdb-284","agency_name":"Whatcom Transportation Authority","route_count":1,"route_ids":"232","route_short_names":"232","route_types":"3","route_type_names":"Bus","routes_json":"[{\"route_id\":\"232\",\"route_short_name\":\"232\",\"route_long_name\":\"Cordata/WCC&Downtown\",\"route_type\":\"3\",\"route_type_name\":\"Bus\",\"route_color\":\"8DC63F\",\"route_text_color\":\"FFFFFF\"}]"},"geometry":{"type":"Point","coordinates":[-122.49345,48.771198]}},{"type":"Feature","properties":{"stop_id":"316","stop_code":"2263","stop_name":"Northwest Ave at Connecticut St","stop_desc":"","zone_id":"","stop_url":"","location_type":"","parent_station":"","stop_timezone":"","wheelchair_boarding":"2","feed_id":"Washington__Whatcom_Transportation_Authority__mdb_mdb-284","agency_name":"Whatcom Transportation Authority","route_count":1,"route_ids":"232","route_short_names":"232","route_types":"3","route_type_names":"Bus","routes_json":"[{\"route_id\":\"232\",\"route_short_name\":\"232\",\"route_long_name\":\"Cordata/WCC&Downtown\",\"route_type\":\"3\",\"route_type_name\":\"Bus\",\"route_color\":\"8DC63F\",\"route_text_color\":\"FFFFFF\"}]"},"geometry":{"type":"Point","coordinates":[-122.489275,48.765986]}},{"type":"Feature","properties":{"stop_id":"317","stop_code":"3209","stop_name":"Elm St at Jefferson St","stop_desc":"","zone_id":"","stop_url":"","location_type":"","parent_station":"","stop_timezone":"","wheelchair_boarding":"1","feed_id":"Washington__Whatcom_Transportation_Authority__mdb_mdb-284","agency_name":"Whatcom Transportation Authority","route_count":1,"route_ids":"232","route_short_names":"232","route_types":"3","route_type_names":"Bus","routes_json":"[{\"route_id\":\"232\",\"route_short_name\":\"232\",\"route_long_name\":\"Cordata/WCC&Downtown\",\"route_type\":\"3\",\"route_type_name\":\"Bus\",\"route_color\":\"8DC63F\",\"route_text_color\":\"FFFFFF\"}]"},"geometry":{"type":"Point","coordinates":[-122.488292,48.763365]}},{"type":"Feature","properties":{"stop_id":"318","stop_code":"3207","stop_name":"Elm St at Broadway","stop_desc":"","zone_id":"","stop_url":"","location_type":"","parent_station":"","stop_timezone":"","wheelchair_boarding":"1","feed_id":"Washington__Whatcom_Transportation_Authority__mdb_mdb-284","agency_name":"Whatcom Transportation Authority","route_count":1,"route_ids":"232","route_short_names":"232","route_types":"3","route_type_names":"Bus","routes_json":"[{\"route_id\":\"232\",\"route_short_name\":\"232\",\"route_long_name\":\"Cordata/WCC&Downtown\",\"route_type\":\"3\",\"route_type_name\":\"Bus\",\"route_color\":\"8DC63F\",\"route_text_color\":\"FFFFFF\"}]"},"geometry":{"type":"Point","coordinates":[-122.48828,48.760342]}},{"type":"Feature","properties":{"stop_id":"319","stop_code":"3206","stop_name":"Dupont St at C St","stop_desc":"","zone_id":"","stop_url":"","location_type":"","parent_station":"","stop_timezone":"","wheelchair_boarding":"2","feed_id":"Washington__Whatcom_Transportation_Authority__mdb_mdb-284","agency_name":"Whatcom Transportation Authority","route_count":1,"route_ids":"232","route_short_names":"232","route_types":"3","route_type_names":"Bus","routes_json":"[{\"route_id\":\"232\",\"route_short_name\":\"232\",\"route_long_name\":\"Cordata/WCC&Downtown\",\"route_type\":\"3\",\"route_type_name\":\"Bus\",\"route_color\":\"8DC63F\",\"route_text_color\":\"FFFFFF\"}]"},"geometry":{"type":"Point","coordinates":[-122.482121,48.755779]}},{"type":"Feature","properties":{"stop_id":"320","stop_code":"3204","stop_name":"Prospect St at Flora St","stop_desc":"","zone_id":"","stop_url":"","location_type":"","parent_station":"","stop_timezone":"","wheelchair_boarding":"1","feed_id":"Washington__Whatcom_Transportation_Authority__mdb_mdb-284","agency_name":"Whatcom Transportation Authority","route_count":1,"route_ids":"232","route_short_names":"232","route_types":"3","route_type_names":"Bus","routes_json":"[{\"route_id\":\"232\",\"route_short_name\":\"232\",\"route_long_name\":\"Cordata/WCC&Downtown\",\"route_type\":\"3\",\"route_type_name\":\"Bus\",\"route_color\":\"8DC63F\",\"route_text_color\":\"FFFFFF\"}]"},"geometry":{"type":"Point","coordinates":[-122.480891,48.753415]}},{"type":"Feature","properties":{"stop_id":"321","stop_code":"3060","stop_name":"Champion St at Prospect St","stop_desc":"","zone_id":"","stop_url":"","location_type":"","parent_station":"","stop_timezone":"","wheelchair_boarding":"1","feed_id":"Washington__Whatcom_Transportation_Authority__mdb_mdb-284","agency_name":"Whatcom Transportation Authority","route_count":3,"route_ids":"10|232|3","route_short_names":"10|232|3","route_types":"3","route_type_names":"Bus","routes_json":"[{\"route_id\":\"10\",\"route_short_name\":\"10\",\"route_long_name\":\"Eldridge&Downtown\",\"route_type\":\"3\",\"route_type_name\":\"Bus\",\"route_color\":\"B2D235\",\"route_text_color\":\"000000\"},{\"route_id\":\"232\",\"route_short_name\":\"232\",\"route_long_name\":\"Cordata/WCC&Downtown\",\"route_type\":\"3\",\"route_type_name\":\"Bus\",\"route_color\":\"8DC63F\",\"route_text_color\":\"FFFFFF\"},{\"route_id\":\"3\",\"route_short_name\":\"3\",\"route_long_name\":\"Airport/Cordata&Airport/Downtown\",\"route_type\":\"3\",\"route_type_name\":\"Bus\",\"route_color\":\"D7DF23\",\"route_text_color\":\"000000\"}]"},"geometry":{"type":"Point","coordinates":[-122.48052,48.751817]}},{"type":"Feature","properties":{"stop_id":"322","stop_code":"3221","stop_name":"Prospect St at Central Ave","stop_desc":"","zone_id":"","stop_url":"","location_type":"","parent_station":"","stop_timezone":"","wheelchair_boarding":"1","feed_id":"Washington__Whatcom_Transportation_Authority__mdb_mdb-284","agency_name":"Whatcom Transportation Authority","route_count":1,"route_ids":"232","route_short_names":"232","route_types":"3","route_type_names":"Bus","routes_json":"[{\"route_id\":\"232\",\"route_short_name\":\"232\",\"route_long_name\":\"Cordata/WCC&Downtown\",\"route_type\":\"3\",\"route_type_name\":\"Bus\",\"route_color\":\"8DC63F\",\"route_text_color\":\"FFFFFF\"}]"},"geometry":{"type":"Point","coordinates":[-122.481197,48.753765]}},{"type":"Feature","properties":{"stop_id":"323","stop_code":"3224","stop_name":"Dupont St at D St","stop_desc":"","zone_id":"","stop_url":"","location_type":"","parent_station":"","stop_timezone":"","wheelchair_boarding":"1","feed_id":"Washington__Whatcom_Transportation_Authority__mdb_mdb-284","agency_name":"Whatcom Transportation Authority","route_count":1,"route_ids":"232","route_short_names":"232","route_types":"3","route_type_names":"Bus","routes_json":"[{\"route_id\":\"232\",\"route_short_name\":\"232\",\"route_long_name\":\"Cordata/WCC&Downtown\",\"route_type\":\"3\",\"route_type_name\":\"Bus\",\"route_color\":\"8DC63F\",\"route_text_color\":\"FFFFFF\"}]"},"geometry":{"type":"Point","coordinates":[-122.481948,48.755453]}},{"type":"Feature","properties":{"stop_id":"324","stop_code":"3220","stop_name":"Dupont St at H St","stop_desc":"","zone_id":"","stop_url":"","location_type":"","parent_station":"","stop_timezone":"","wheelchair_boarding":"1","feed_id":"Washington__Whatcom_Transportation_Authority__mdb_mdb-284","agency_name":"Whatcom Transportation Authority","route_count":1,"route_ids":"232","route_short_names":"232","route_types":"3","route_type_names":"Bus","routes_json":"[{\"route_id\":\"232\",\"route_short_name\":\"232\",\"route_long_name\":\"Cordata/WCC&Downtown\",\"route_type\":\"3\",\"route_type_name\":\"Bus\",\"route_color\":\"8DC63F\",\"route_text_color\":\"FFFFFF\"}]"},"geometry":{"type":"Point","coordinates":[-122.486011,48.758096]}},{"type":"Feature","properties":{"stop_id":"325","stop_code":"3223","stop_name":"Dupont St at J St","stop_desc":"","zone_id":"","stop_url":"","location_type":"","parent_station":"","stop_timezone":"","wheelchair_boarding":"1","feed_id":"Washington__Whatcom_Transportation_Authority__mdb_mdb-284","agency_name":"Whatcom Transportation Authority","route_count":1,"route_ids":"232","route_short_names":"232","route_types":"3","route_type_names":"Bus","routes_json":"[{\"route_id\":\"232\",\"route_short_name\":\"232\",\"route_long_name\":\"Cordata/WCC&Downtown\",\"route_type\":\"3\",\"route_type_name\":\"Bus\",\"route_color\":\"8DC63F\",\"route_text_color\":\"FFFFFF\"}]"},"geometry":{"type":"Point","coordinates":[-122.48795,48.759396]}},{"type":"Feature","properties":{"stop_id":"326","stop_code":"3219","stop_name":"Elm St at Broadway","stop_desc":"","zone_id":"","stop_url":"","location_type":"","parent_station":"","stop_timezone":"","wheelchair_boarding":"2","feed_id":"Washington__Whatcom_Transportation_Authority__mdb_mdb-284","agency_name":"Whatcom Transportation Authority","route_count":1,"route_ids":"232","route_short_names":"232","route_types":"3","route_type_names":"Bus","routes_json":"[{\"route_id\":\"232\",\"route_short_name\":\"232\",\"route_long_name\":\"Cordata/WCC&Downtown\",\"route_type\":\"3\",\"route_type_name\":\"Bus\",\"route_color\":\"8DC63F\",\"route_text_color\":\"FFFFFF\"}]"},"geometry":{"type":"Point","coordinates":[-122.488508,48.760388]}},{"type":"Feature","properties":{"stop_id":"327","stop_code":"3059","stop_name":"Holly St at Central Ave","stop_desc":"","zone_id":"","stop_url":"","location_type":"","parent_station":"","stop_timezone":"","wheelchair_boarding":"1","feed_id":"Washington__Whatcom_Transportation_Authority__mdb_mdb-284","agency_name":"Whatcom Transportation Authority","route_count":2,"route_ids":"10|3","route_short_names":"10|3","route_types":"3","route_type_names":"Bus","routes_json":"[{\"route_id\":\"10\",\"route_short_name\":\"10\",\"route_long_name\":\"Eldridge&Downtown\",\"route_type\":\"3\",\"route_type_name\":\"Bus\",\"route_color\":\"B2D235\",\"route_text_color\":\"000000\"},{\"route_id\":\"3\",\"route_short_name\":\"3\",\"route_long_name\":\"Airport/Cordata&Airport/Downtown\",\"route_type\":\"3\",\"route_type_name\":\"Bus\",\"route_color\":\"D7DF23\",\"route_text_color\":\"000000\"}]"},"geometry":{"type":"Point","coordinates":[-122.483662,48.752571]}},{"type":"Feature","properties":{"stop_id":"328","stop_code":"3058","stop_name":"Holly St at D St","stop_desc":"","zone_id":"","stop_url":"","location_type":"","parent_station":"","stop_timezone":"","wheelchair_boarding":"1","feed_id":"Washington__Whatcom_Transportation_Authority__mdb_mdb-284","agency_name":"Whatcom Transportation Authority","route_count":2,"route_ids":"10|3","route_short_names":"10|3","route_types":"3","route_type_names":"Bus","routes_json":"[{\"route_id\":\"10\",\"route_short_name\":\"10\",\"route_long_name\":\"Eldridge&Downtown\",\"route_type\":\"3\",\"route_type_name\":\"Bus\",\"route_color\":\"B2D235\",\"route_text_color\":\"000000\"},{\"route_id\":\"3\",\"route_short_name\":\"3\",\"route_long_name\":\"Airport/Cordata&Airport/Downtown\",\"route_type\":\"3\",\"route_type_name\":\"Bus\",\"route_color\":\"D7DF23\",\"route_text_color\":\"000000\"}]"},"geometry":{"type":"Point","coordinates":[-122.486211,48.754258]}},{"type":"Feature","properties":{"stop_id":"329","stop_code":"3160","stop_name":"Eldridge Ave at Victor St","stop_desc":"","zone_id":"","stop_url":"","location_type":"","parent_station":"","stop_timezone":"","wheelchair_boarding":"2","feed_id":"Washington__Whatcom_Transportation_Authority__mdb_mdb-284","agency_name":"Whatcom Transportation Authority","route_count":2,"route_ids":"10|3","route_short_names":"10|3","route_types":"3","route_type_names":"Bus","routes_json":"[{\"route_id\":\"10\",\"route_short_name\":\"10\",\"route_long_name\":\"Eldridge&Downtown\",\"route_type\":\"3\",\"route_type_name\":\"Bus\",\"route_color\":\"B2D235\",\"route_text_color\":\"000000\"},{\"route_id\":\"3\",\"route_short_name\":\"3\",\"route_long_name\":\"Airport/Cordata&Airport/Downtown\",\"route_type\":\"3\",\"route_type_name\":\"Bus\",\"route_color\":\"D7DF23\",\"route_text_color\":\"000000\"}]"},"geometry":{"type":"Point","coordinates":[-122.495033,48.758735]}},{"type":"Feature","properties":{"stop_id":"331","stop_code":"3158","stop_name":"Eldridge Ave at West St","stop_desc":"","zone_id":"","stop_url":"","location_type":"","parent_station":"","stop_timezone":"","wheelchair_boarding":"1","feed_id":"Washington__Whatcom_Transportation_Authority__mdb_mdb-284","agency_name":"Whatcom Transportation Authority","route_count":2,"route_ids":"10|3","route_short_names":"10|3","route_types":"3","route_type_names":"Bus","routes_json":"[{\"route_id\":\"10\",\"route_short_name\":\"10\",\"route_long_name\":\"Eldridge&Downtown\",\"route_type\":\"3\",\"route_type_name\":\"Bus\",\"route_color\":\"B2D235\",\"route_text_color\":\"000000\"},{\"route_id\":\"3\",\"route_short_name\":\"3\",\"route_long_name\":\"Airport/Cordata&Airport/Downtown\",\"route_type\":\"3\",\"route_type_name\":\"Bus\",\"route_color\":\"D7DF23\",\"route_text_color\":\"000000\"}]"},"geometry":{"type":"Point","coordinates":[-122.49943,48.760021]}},{"type":"Feature","properties":{"stop_id":"333","stop_code":"3054","stop_name":"Eldridge Ave at Lafayette St","stop_desc":"","zone_id":"","stop_url":"","location_type":"","parent_station":"","stop_timezone":"","wheelchair_boarding":"2","feed_id":"Washington__Whatcom_Transportation_Authority__mdb_mdb-284","agency_name":"Whatcom Transportation Authority","route_count":2,"route_ids":"10|3","route_short_names":"10|3","route_types":"3","route_type_names":"Bus","routes_json":"[{\"route_id\":\"10\",\"route_short_name\":\"10\",\"route_long_name\":\"Eldridge&Downtown\",\"route_type\":\"3\",\"route_type_name\":\"Bus\",\"route_color\":\"B2D235\",\"route_text_color\":\"000000\"},{\"route_id\":\"3\",\"route_short_name\":\"3\",\"route_long_name\":\"Airport/Cordata&Airport/Downtown\",\"route_type\":\"3\",\"route_type_name\":\"Bus\",\"route_color\":\"D7DF23\",\"route_text_color\":\"000000\"}]"},"geometry":{"type":"Point","coordinates":[-122.503256,48.761021]}},{"type":"Feature","properties":{"stop_id":"334","stop_code":"2284","stop_name":"Marine Dr at Illinois St","stop_desc":"","zone_id":"","stop_url":"","location_type":"","parent_station":"","stop_timezone":"","wheelchair_boarding":"1","feed_id":"Washington__Whatcom_Transportation_Authority__mdb_mdb-284","agency_name":"Whatcom Transportation Authority","route_count":1,"route_ids":"3","route_short_names":"3","route_types":"3","route_type_names":"Bus","routes_json":"[{\"route_id\":\"3\",\"route_short_name\":\"3\",\"route_long_name\":\"Airport/Cordata&Airport/Downtown\",\"route_type\":\"3\",\"route_type_name\":\"Bus\",\"route_color\":\"D7DF23\",\"route_text_color\":\"000000\"}]"},"geometry":{"type":"Point","coordinates":[-122.518389,48.767752]}},{"type":"Feature","properties":{"stop_id":"335","stop_code":"2209","stop_name":"Bennett Dr at Marine Dr","stop_desc":"","zone_id":"","stop_url":"","location_type":"","parent_station":"","stop_timezone":"","wheelchair_boarding":"2","feed_id":"Washington__Whatcom_Transportation_Authority__mdb_mdb-284","agency_name":"Whatcom Transportation Authority","route_count":1,"route_ids":"3","route_short_names":"3","route_types":"3","route_type_names":"Bus","routes_json":"[{\"route_id\":\"3\",\"route_short_name\":\"3\",\"route_long_name\":\"Airport/Cordata&Airport/Downtown\",\"route_type\":\"3\",\"route_type_name\":\"Bus\",\"route_color\":\"D7DF23\",\"route_text_color\":\"000000\"}]"},"geometry":{"type":"Point","coordinates":[-122.520121,48.76899]}},{"type":"Feature","properties":{"stop_id":"336","stop_code":"3167","stop_name":"Bennett Dr at Cedarwood Ave","stop_desc":"","zone_id":"","stop_url":"","location_type":"","parent_station":"","stop_timezone":"","wheelchair_boarding":"2","feed_id":"Washington__Whatcom_Transportation_Authority__mdb_mdb-284","agency_name":"Whatcom Transportation Authority","route_count":1,"route_ids":"3","route_short_names":"3","route_types":"3","route_type_names":"Bus","routes_json":"[{\"route_id\":\"3\",\"route_short_name\":\"3\",\"route_long_name\":\"Airport/Cordata&Airport/Downtown\",\"route_type\":\"3\",\"route_type_name\":\"Bus\",\"route_color\":\"D7DF23\",\"route_text_color\":\"000000\"}]"},"geometry":{"type":"Point","coordinates":[-122.52008,48.771103]}},{"type":"Feature","properties":{"stop_id":"337","stop_code":"2210","stop_name":"Bennett Dr at 3100 Block","stop_desc":"","zone_id":"","stop_url":"","location_type":"","parent_station":"","stop_timezone":"","wheelchair_boarding":"2","feed_id":"Washington__Whatcom_Transportation_Authority__mdb_mdb-284","agency_name":"Whatcom Transportation Authority","route_count":1,"route_ids":"3","route_short_names":"3","route_types":"3","route_type_names":"Bus","routes_json":"[{\"route_id\":\"3\",\"route_short_name\":\"3\",\"route_long_name\":\"Airport/Cordata&Airport/Downtown\",\"route_type\":\"3\",\"route_type_name\":\"Bus\",\"route_color\":\"D7DF23\",\"route_text_color\":\"000000\"}]"},"geometry":{"type":"Point","coordinates":[-122.52007,48.77272]}},{"type":"Feature","properties":{"stop_id":"338","stop_code":"2603","stop_name":"Airport Dr at Williamson Way","stop_desc":"","zone_id":"","stop_url":"","location_type":"","parent_station":"","stop_timezone":"","wheelchair_boarding":"2","feed_id":"Washington__Whatcom_Transportation_Authority__mdb_mdb-284","agency_name":"Whatcom Transportation Authority","route_count":1,"route_ids":"50","route_short_names":"50","route_types":"3","route_type_names":"Bus","routes_json":"[{\"route_id\":\"50\",\"route_short_name\":\"50\",\"route_long_name\":\"LummiNation&Cordata/WCC\",\"route_type\":\"3\",\"route_type_name\":\"Bus\",\"route_color\":\"FFDD00\",\"route_text_color\":\"000000\"}]"},"geometry":{"type":"Point","coordinates":[-122.53223,48.781086]}},{"type":"Feature","properties":{"stop_id":"339","stop_code":"2378","stop_name":"Airport Dr at Canterbury Ln","stop_desc":"","zone_id":"","stop_url":"","location_type":"","parent_station":"","stop_timezone":"","wheelchair_boarding":"2","feed_id":"Washington__Whatcom_Transportation_Authority__mdb_mdb-284","agency_name":"Whatcom Transportation Authority","route_count":1,"route_ids":"50","route_short_names":"50","route_types":"3","route_type_names":"Bus","routes_json":"[{\"route_id\":\"50\",\"route_short_name\":\"50\",\"route_long_name\":\"LummiNation&Cordata/WCC\",\"route_type\":\"3\",\"route_type_name\":\"Bus\",\"route_color\":\"FFDD00\",\"route_text_color\":\"000000\"}]"},"geometry":{"type":"Point","coordinates":[-122.522622,48.785929]}},{"type":"Feature","properties":{"stop_id":"340","stop_code":"3135","stop_name":"Eldridge Ave at Lafayette St","stop_desc":"","zone_id":"","stop_url":"","location_type":"","parent_station":"","stop_timezone":"","wheelchair_boarding":"1","feed_id":"Washington__Whatcom_Transportation_Authority__mdb_mdb-284","agency_name":"Whatcom Transportation Authority","route_count":2,"route_ids":"10|3","route_short_names":"10|3","route_types":"3","route_type_names":"Bus","routes_json":"[{\"route_id\":\"10\",\"route_short_name\":\"10\",\"route_long_name\":\"Eldridge&Downtown\",\"route_type\":\"3\",\"route_type_name\":\"Bus\",\"route_color\":\"B2D235\",\"route_text_color\":\"000000\"},{\"route_id\":\"3\",\"route_short_name\":\"3\",\"route_long_name\":\"Airport/Cordata&Airport/Downtown\",\"route_type\":\"3\",\"route_type_name\":\"Bus\",\"route_color\":\"D7DF23\",\"route_text_color\":\"000000\"}]"},"geometry":{"type":"Point","coordinates":[-122.505186,48.761823]}},{"type":"Feature","properties":{"stop_id":"342","stop_code":"2205","stop_name":"Eldridge Ave at Jaeger St","stop_desc":"","zone_id":"","stop_url":"","location_type":"","parent_station":"","stop_timezone":"","wheelchair_boarding":"2","feed_id":"Washington__Whatcom_Transportation_Authority__mdb_mdb-284","agency_name":"Whatcom Transportation Authority","route_count":2,"route_ids":"10|3","route_short_names":"10|3","route_types":"3","route_type_names":"Bus","routes_json":"[{\"route_id\":\"10\",\"route_short_name\":\"10\",\"route_long_name\":\"Eldridge&Downtown\",\"route_type\":\"3\",\"route_type_name\":\"Bus\",\"route_color\":\"B2D235\",\"route_text_color\":\"000000\"},{\"route_id\":\"3\",\"route_short_name\":\"3\",\"route_long_name\":\"Airport/Cordata&Airport/Downtown\",\"route_type\":\"3\",\"route_type_name\":\"Bus\",\"route_color\":\"D7DF23\",\"route_text_color\":\"000000\"}]"},"geometry":{"type":"Point","coordinates":[-122.498899,48.759961]}},{"type":"Feature","properties":{"stop_id":"344","stop_code":"3132","stop_name":"Eldridge Ave at Victor St","stop_desc":"","zone_id":"","stop_url":"","location_type":"","parent_station":"","stop_timezone":"","wheelchair_boarding":"2","feed_id":"Washington__Whatcom_Transportation_Authority__mdb_mdb-284","agency_name":"Whatcom Transportation Authority","route_count":2,"route_ids":"10|3","route_short_names":"10|3","route_types":"3","route_type_names":"Bus","routes_json":"[{\"route_id\":\"10\",\"route_short_name\":\"10\",\"route_long_name\":\"Eldridge&Downtown\",\"route_type\":\"3\",\"route_type_name\":\"Bus\",\"route_color\":\"B2D235\",\"route_text_color\":\"000000\"},{\"route_id\":\"3\",\"route_short_name\":\"3\",\"route_long_name\":\"Airport/Cordata&Airport/Downtown\",\"route_type\":\"3\",\"route_type_name\":\"Bus\",\"route_color\":\"D7DF23\",\"route_text_color\":\"000000\"}]"},"geometry":{"type":"Point","coordinates":[-122.495195,48.758834]}},{"type":"Feature","properties":{"stop_id":"345","stop_code":"2181","stop_name":"Holly St at J St","stop_desc":"","zone_id":"","stop_url":"","location_type":"","parent_station":"","stop_timezone":"","wheelchair_boarding":"1","feed_id":"Washington__Whatcom_Transportation_Authority__mdb_mdb-284","agency_name":"Whatcom Transportation Authority","route_count":2,"route_ids":"10|3","route_short_names":"10|3","route_types":"3","route_type_names":"Bus","routes_json":"[{\"route_id\":\"10\",\"route_short_name\":\"10\",\"route_long_name\":\"Eldridge&Downtown\",\"route_type\":\"3\",\"route_type_name\":\"Bus\",\"route_color\":\"B2D235\",\"route_text_color\":\"000000\"},{\"route_id\":\"3\",\"route_short_name\":\"3\",\"route_long_name\":\"Airport/Cordata&Airport/Downtown\",\"route_type\":\"3\",\"route_type_name\":\"Bus\",\"route_color\":\"D7DF23\",\"route_text_color\":\"000000\"}]"},"geometry":{"type":"Point","coordinates":[-122.49039,48.757168]}},{"type":"Feature","properties":{"stop_id":"347","stop_code":"2183","stop_name":"Holly St at D St","stop_desc":"","zone_id":"","stop_url":"","location_type":"","parent_station":"","stop_timezone":"","wheelchair_boarding":"1","feed_id":"Washington__Whatcom_Transportation_Authority__mdb_mdb-284","agency_name":"Whatcom Transportation Authority","route_count":2,"route_ids":"10|3","route_short_names":"10|3","route_types":"3","route_type_names":"Bus","routes_json":"[{\"route_id\":\"10\",\"route_short_name\":\"10\",\"route_long_name\":\"Eldridge&Downtown\",\"route_type\":\"3\",\"route_type_name\":\"Bus\",\"route_color\":\"B2D235\",\"route_text_color\":\"000000\"},{\"route_id\":\"3\",\"route_short_name\":\"3\",\"route_long_name\":\"Airport/Cordata&Airport/Downtown\",\"route_type\":\"3\",\"route_type_name\":\"Bus\",\"route_color\":\"D7DF23\",\"route_text_color\":\"000000\"}]"},"geometry":{"type":"Point","coordinates":[-122.486235,48.754439]}},{"type":"Feature","properties":{"stop_id":"348","stop_code":"2184","stop_name":"Holly St at Central Ave","stop_desc":"","zone_id":"","stop_url":"","location_type":"","parent_station":"","stop_timezone":"","wheelchair_boarding":"1","feed_id":"Washington__Whatcom_Transportation_Authority__mdb_mdb-284","agency_name":"Whatcom Transportation Authority","route_count":2,"route_ids":"10|3","route_short_names":"10|3","route_types":"3","route_type_names":"Bus","routes_json":"[{\"route_id\":\"10\",\"route_short_name\":\"10\",\"route_long_name\":\"Eldridge&Downtown\",\"route_type\":\"3\",\"route_type_name\":\"Bus\",\"route_color\":\"B2D235\",\"route_text_color\":\"000000\"},{\"route_id\":\"3\",\"route_short_name\":\"3\",\"route_long_name\":\"Airport/Cordata&Airport/Downtown\",\"route_type\":\"3\",\"route_type_name\":\"Bus\",\"route_color\":\"D7DF23\",\"route_text_color\":\"000000\"}]"},"geometry":{"type":"Point","coordinates":[-122.48359,48.752732]}},{"type":"Feature","properties":{"stop_id":"349","stop_code":"3130","stop_name":"Champion St at Prospect St","stop_desc":"","zone_id":"","stop_url":"","location_type":"","parent_station":"","stop_timezone":"","wheelchair_boarding":"1","feed_id":"Washington__Whatcom_Transportation_Authority__mdb_mdb-284","agency_name":"Whatcom Transportation Authority","route_count":2,"route_ids":"10|3","route_short_names":"10|3","route_types":"3","route_type_names":"Bus","routes_json":"[{\"route_id\":\"10\",\"route_short_name\":\"10\",\"route_long_name\":\"Eldridge&Downtown\",\"route_type\":\"3\",\"route_type_name\":\"Bus\",\"route_color\":\"B2D235\",\"route_text_color\":\"000000\"},{\"route_id\":\"3\",\"route_short_name\":\"3\",\"route_long_name\":\"Airport/Cordata&Airport/Downtown\",\"route_type\":\"3\",\"route_type_name\":\"Bus\",\"route_color\":\"D7DF23\",\"route_text_color\":\"000000\"}]"},"geometry":{"type":"Point","coordinates":[-122.481404,48.75193]}},{"type":"Feature","properties":{"stop_id":"350","stop_code":"2547","stop_name":"MacKenzie Rd at Lummi View Dr","stop_desc":"","zone_id":"","stop_url":"","location_type":"","parent_station":"","stop_timezone":"","wheelchair_boarding":"1","feed_id":"Washington__Whatcom_Transportation_Authority__mdb_mdb-284","agency_name":"Whatcom Transportation Authority","route_count":1,"route_ids":"50","route_short_names":"50","route_types":"3","route_type_names":"Bus","routes_json":"[{\"route_id\":\"50\",\"route_short_name\":\"50\",\"route_long_name\":\"LummiNation&Cordata/WCC\",\"route_type\":\"3\",\"route_type_name\":\"Bus\",\"route_color\":\"FFDD00\",\"route_text_color\":\"000000\"}]"},"geometry":{"type":"Point","coordinates":[-122.66248,48.731689]}},{"type":"Feature","properties":{"stop_id":"351","stop_code":"2546","stop_name":"MacKenzie Rd at Morning Star Dr","stop_desc":"","zone_id":"","stop_url":"","location_type":"","parent_station":"","stop_timezone":"","wheelchair_boarding":"2","feed_id":"Washington__Whatcom_Transportation_Authority__mdb_mdb-284","agency_name":"Whatcom Transportation Authority","route_count":1,"route_ids":"50","route_short_names":"50","route_types":"3","route_type_names":"Bus","routes_json":"[{\"route_id\":\"50\",\"route_short_name\":\"50\",\"route_long_name\":\"LummiNation&Cordata/WCC\",\"route_type\":\"3\",\"route_type_name\":\"Bus\",\"route_color\":\"FFDD00\",\"route_text_color\":\"000000\"}]"},"geometry":{"type":"Point","coordinates":[-122.664837,48.734235]}},{"type":"Feature","properties":{"stop_id":"352","stop_code":"2463","stop_name":"Haxton Way at Ruth Rd","stop_desc":"","zone_id":"","stop_url":"","location_type":"","parent_station":"","stop_timezone":"","wheelchair_boarding":"2","feed_id":"Washington__Whatcom_Transportation_Authority__mdb_mdb-284","agency_name":"Whatcom Transportation Authority","route_count":1,"route_ids":"50","route_short_names":"50","route_types":"3","route_type_names":"Bus","routes_json":"[{\"route_id\":\"50\",\"route_short_name\":\"50\",\"route_long_name\":\"LummiNation&Cordata/WCC\",\"route_type\":\"3\",\"route_type_name\":\"Bus\",\"route_color\":\"FFDD00\",\"route_text_color\":\"000000\"}]"},"geometry":{"type":"Point","coordinates":[-122.672193,48.734986]}},{"type":"Feature","properties":{"stop_id":"353","stop_code":"2464","stop_name":"Haxton Way at MacKenzie Rd","stop_desc":"","zone_id":"","stop_url":"","location_type":"","parent_station":"","stop_timezone":"","wheelchair_boarding":"1","feed_id":"Washington__Whatcom_Transportation_Authority__mdb_mdb-284","agency_name":"Whatcom Transportation Authority","route_count":1,"route_ids":"50","route_short_names":"50","route_types":"3","route_type_names":"Bus","routes_json":"[{\"route_id\":\"50\",\"route_short_name\":\"50\",\"route_long_name\":\"LummiNation&Cordata/WCC\",\"route_type\":\"3\",\"route_type_name\":\"Bus\",\"route_color\":\"FFDD00\",\"route_text_color\":\"000000\"}]"},"geometry":{"type":"Point","coordinates":[-122.669811,48.739465]}},{"type":"Feature","properties":{"stop_id":"354","stop_code":"2544","stop_name":"MacKenzie Rd at Eagle Ave","stop_desc":"","zone_id":"","stop_url":"","location_type":"","parent_station":"","stop_timezone":"","wheelchair_boarding":"2","feed_id":"Washington__Whatcom_Transportation_Authority__mdb_mdb-284","agency_name":"Whatcom Transportation Authority","route_count":1,"route_ids":"50","route_short_names":"50","route_types":"3","route_type_names":"Bus","routes_json":"[{\"route_id\":\"50\",\"route_short_name\":\"50\",\"route_long_name\":\"LummiNation&Cordata/WCC\",\"route_type\":\"3\",\"route_type_name\":\"Bus\",\"route_color\":\"FFDD00\",\"route_text_color\":\"000000\"}]"},"geometry":{"type":"Point","coordinates":[-122.670387,48.737655]}},{"type":"Feature","properties":{"stop_id":"355","stop_code":"2545","stop_name":"MacKenzie Rd at Finkbonner Rd","stop_desc":"","zone_id":"","stop_url":"","location_type":"","parent_station":"","stop_timezone":"","wheelchair_boarding":"2","feed_id":"Washington__Whatcom_Transportation_Authority__mdb_mdb-284","agency_name":"Whatcom Transportation Authority","route_count":1,"route_ids":"50","route_short_names":"50","route_types":"3","route_type_names":"Bus","routes_json":"[{\"route_id\":\"50\",\"route_short_name\":\"50\",\"route_long_name\":\"LummiNation&Cordata/WCC\",\"route_type\":\"3\",\"route_type_name\":\"Bus\",\"route_color\":\"FFDD00\",\"route_text_color\":\"000000\"}]"},"geometry":{"type":"Point","coordinates":[-122.668099,48.735736]}},{"type":"Feature","properties":{"stop_id":"356","stop_code":"3317","stop_name":"Haxton Way at Southgate Rd","stop_desc":"","zone_id":"","stop_url":"","location_type":"","parent_station":"","stop_timezone":"","wheelchair_boarding":"1","feed_id":"Washington__Whatcom_Transportation_Authority__mdb_mdb-284","agency_name":"Whatcom Transportation Authority","route_count":1,"route_ids":"50","route_short_names":"50","route_types":"3","route_type_names":"Bus","routes_json":"[{\"route_id\":\"50\",\"route_short_name\":\"50\",\"route_long_name\":\"LummiNation&Cordata/WCC\",\"route_type\":\"3\",\"route_type_name\":\"Bus\",\"route_color\":\"FFDD00\",\"route_text_color\":\"000000\"}]"},"geometry":{"type":"Point","coordinates":[-122.666531,48.743445]}},{"type":"Feature","properties":{"stop_id":"357","stop_code":"2457","stop_name":"Haxton Way at Southgate Rd","stop_desc":"","zone_id":"","stop_url":"","location_type":"","parent_station":"","stop_timezone":"","wheelchair_boarding":"2","feed_id":"Washington__Whatcom_Transportation_Authority__mdb_mdb-284","agency_name":"Whatcom Transportation Authority","route_count":1,"route_ids":"50","route_short_names":"50","route_types":"3","route_type_names":"Bus","routes_json":"[{\"route_id\":\"50\",\"route_short_name\":\"50\",\"route_long_name\":\"LummiNation&Cordata/WCC\",\"route_type\":\"3\",\"route_type_name\":\"Bus\",\"route_color\":\"FFDD00\",\"route_text_color\":\"000000\"}]"},"geometry":{"type":"Point","coordinates":[-122.667351,48.742679]}},{"type":"Feature","properties":{"stop_id":"358","stop_code":"3318","stop_name":"Haxton Way at Smokehouse Rd","stop_desc":"","zone_id":"","stop_url":"","location_type":"","parent_station":"","stop_timezone":"","wheelchair_boarding":"2","feed_id":"Washington__Whatcom_Transportation_Authority__mdb_mdb-284","agency_name":"Whatcom Transportation Authority","route_count":1,"route_ids":"50","route_short_names":"50","route_types":"3","route_type_names":"Bus","routes_json":"[{\"route_id\":\"50\",\"route_short_name\":\"50\",\"route_long_name\":\"LummiNation&Cordata/WCC\",\"route_type\":\"3\",\"route_type_name\":\"Bus\",\"route_color\":\"FFDD00\",\"route_text_color\":\"000000\"}]"},"geometry":{"type":"Point","coordinates":[-122.663011,48.747673]}},{"type":"Feature","properties":{"stop_id":"359","stop_code":"2456","stop_name":"Haxton Way at Smokehouse Rd","stop_desc":"","zone_id":"","stop_url":"","location_type":"","parent_station":"","stop_timezone":"","wheelchair_boarding":"2","feed_id":"Washington__Whatcom_Transportation_Authority__mdb_mdb-284","agency_name":"Whatcom Transportation Authority","route_count":1,"route_ids":"50","route_short_names":"50","route_types":"3","route_type_names":"Bus","routes_json":"[{\"route_id\":\"50\",\"route_short_name\":\"50\",\"route_long_name\":\"LummiNation&Cordata/WCC\",\"route_type\":\"3\",\"route_type_name\":\"Bus\",\"route_color\":\"FFDD00\",\"route_text_color\":\"000000\"}]"},"geometry":{"type":"Point","coordinates":[-122.664512,48.746147]}},{"type":"Feature","properties":{"stop_id":"360","stop_code":"3319","stop_name":"Haxton Way at Balch Rd","stop_desc":"","zone_id":"","stop_url":"","location_type":"","parent_station":"","stop_timezone":"","wheelchair_boarding":"1","feed_id":"Washington__Whatcom_Transportation_Authority__mdb_mdb-284","agency_name":"Whatcom Transportation Authority","route_count":1,"route_ids":"50","route_short_names":"50","route_types":"3","route_type_names":"Bus","routes_json":"[{\"route_id\":\"50\",\"route_short_name\":\"50\",\"route_long_name\":\"LummiNation&Cordata/WCC\",\"route_type\":\"3\",\"route_type_name\":\"Bus\",\"route_color\":\"FFDD00\",\"route_text_color\":\"000000\"}]"},"geometry":{"type":"Point","coordinates":[-122.660578,48.750584]}},{"type":"Feature","properties":{"stop_id":"361","stop_code":"2455","stop_name":"Haxton Way at Balch Rd","stop_desc":"","zone_id":"","stop_url":"","location_type":"","parent_station":"","stop_timezone":"","wheelchair_boarding":"2","feed_id":"Washington__Whatcom_Transportation_Authority__mdb_mdb-284","agency_name":"Whatcom Transportation Authority","route_count":1,"route_ids":"50","route_short_names":"50","route_types":"3","route_type_names":"Bus","routes_json":"[{\"route_id\":\"50\",\"route_short_name\":\"50\",\"route_long_name\":\"LummiNation&Cordata/WCC\",\"route_type\":\"3\",\"route_type_name\":\"Bus\",\"route_color\":\"FFDD00\",\"route_text_color\":\"000000\"}]"},"geometry":{"type":"Point","coordinates":[-122.660846,48.750514]}},{"type":"Feature","properties":{"stop_id":"362","stop_code":"3320","stop_name":"Haxton Way at Sunset Way","stop_desc":"","zone_id":"","stop_url":"","location_type":"","parent_station":"","stop_timezone":"","wheelchair_boarding":"2","feed_id":"Washington__Whatcom_Transportation_Authority__mdb_mdb-284","agency_name":"Whatcom Transportation Authority","route_count":1,"route_ids":"50","route_short_names":"50","route_types":"3","route_type_names":"Bus","routes_json":"[{\"route_id\":\"50\",\"route_short_name\":\"50\",\"route_long_name\":\"LummiNation&Cordata/WCC\",\"route_type\":\"3\",\"route_type_name\":\"Bus\",\"route_color\":\"FFDD00\",\"route_text_color\":\"000000\"}]"},"geometry":{"type":"Point","coordinates":[-122.657643,48.754196]}},{"type":"Feature","properties":{"stop_id":"363","stop_code":"2454","stop_name":"Haxton Way at Sunset Way","stop_desc":"","zone_id":"","stop_url":"","location_type":"","parent_station":"","stop_timezone":"","wheelchair_boarding":"2","feed_id":"Washington__Whatcom_Transportation_Authority__mdb_mdb-284","agency_name":"Whatcom Transportation Authority","route_count":1,"route_ids":"50","route_short_names":"50","route_types":"3","route_type_names":"Bus","routes_json":"[{\"route_id\":\"50\",\"route_short_name\":\"50\",\"route_long_name\":\"LummiNation&Cordata/WCC\",\"route_type\":\"3\",\"route_type_name\":\"Bus\",\"route_color\":\"FFDD00\",\"route_text_color\":\"000000\"}]"},"geometry":{"type":"Point","coordinates":[-122.65817,48.753723]}},{"type":"Feature","properties":{"stop_id":"364","stop_code":"3321","stop_name":"Haxton Way at Cagey Rd","stop_desc":"","zone_id":"","stop_url":"","location_type":"","parent_station":"","stop_timezone":"","wheelchair_boarding":"1","feed_id":"Washington__Whatcom_Transportation_Authority__mdb_mdb-284","agency_name":"Whatcom Transportation Authority","route_count":1,"route_ids":"50","route_short_names":"50","route_types":"3","route_type_names":"Bus","routes_json":"[{\"route_id\":\"50\",\"route_short_name\":\"50\",\"route_long_name\":\"LummiNation&Cordata/WCC\",\"route_type\":\"3\",\"route_type_name\":\"Bus\",\"route_color\":\"FFDD00\",\"route_text_color\":\"000000\"}]"},"geometry":{"type":"Point","coordinates":[-122.654584,48.757883]}},{"type":"Feature","properties":{"stop_id":"365","stop_code":"2453","stop_name":"Haxton Way at Cagey Rd","stop_desc":"","zone_id":"","stop_url":"","location_type":"","parent_station":"","stop_timezone":"","wheelchair_boarding":"2","feed_id":"Washington__Whatcom_Transportation_Authority__mdb_mdb-284","agency_name":"Whatcom Transportation Authority","route_count":1,"route_ids":"50","route_short_names":"50","route_types":"3","route_type_names":"Bus","routes_json":"[{\"route_id\":\"50\",\"route_short_name\":\"50\",\"route_long_name\":\"LummiNation&Cordata/WCC\",\"route_type\":\"3\",\"route_type_name\":\"Bus\",\"route_color\":\"FFDD00\",\"route_text_color\":\"000000\"}]"},"geometry":{"type":"Point","coordinates":[-122.65519,48.757339]}},{"type":"Feature","properties":{"stop_id":"366","stop_code":"3322","stop_name":"Haxton Way at Boynton Rd","stop_desc":"","zone_id":"","stop_url":"","location_type":"","parent_station":"","stop_timezone":"","wheelchair_boarding":"2","feed_id":"Washington__Whatcom_Transportation_Authority__mdb_mdb-284","agency_name":"Whatcom Transportation Authority","route_count":1,"route_ids":"50","route_short_names":"50","route_types":"3","route_type_names":"Bus","routes_json":"[{\"route_id\":\"50\",\"route_short_name\":\"50\",\"route_long_name\":\"LummiNation&Cordata/WCC\",\"route_type\":\"3\",\"route_type_name\":\"Bus\",\"route_color\":\"FFDD00\",\"route_text_color\":\"000000\"}]"},"geometry":{"type":"Point","coordinates":[-122.646361,48.769011]}},{"type":"Feature","properties":{"stop_id":"367","stop_code":"8971","stop_name":"Haxton Way at Boynton Rd","stop_desc":"","zone_id":"","stop_url":"","location_type":"","parent_station":"","stop_timezone":"","wheelchair_boarding":"2","feed_id":"Washington__Whatcom_Transportation_Authority__mdb_mdb-284","agency_name":"Whatcom Transportation Authority","route_count":1,"route_ids":"50","route_short_names":"50","route_types":"3","route_type_names":"Bus","routes_json":"[{\"route_id\":\"50\",\"route_short_name\":\"50\",\"route_long_name\":\"LummiNation&Cordata/WCC\",\"route_type\":\"3\",\"route_type_name\":\"Bus\",\"route_color\":\"FFDD00\",\"route_text_color\":\"000000\"}]"},"geometry":{"type":"Point","coordinates":[-122.647043,48.768342]}},{"type":"Feature","properties":{"stop_id":"368","stop_code":"3323","stop_name":"Haxton Way at Harnden Rd","stop_desc":"","zone_id":"","stop_url":"","location_type":"","parent_station":"","stop_timezone":"","wheelchair_boarding":"2","feed_id":"Washington__Whatcom_Transportation_Authority__mdb_mdb-284","agency_name":"Whatcom Transportation Authority","route_count":1,"route_ids":"50","route_short_names":"50","route_types":"3","route_type_names":"Bus","routes_json":"[{\"route_id\":\"50\",\"route_short_name\":\"50\",\"route_long_name\":\"LummiNation&Cordata/WCC\",\"route_type\":\"3\",\"route_type_name\":\"Bus\",\"route_color\":\"FFDD00\",\"route_text_color\":\"000000\"}]"},"geometry":{"type":"Point","coordinates":[-122.643966,48.776668]}},{"type":"Feature","properties":{"stop_id":"369","stop_code":"2452","stop_name":"Haxton Way at Harnden Rd","stop_desc":"","zone_id":"","stop_url":"","location_type":"","parent_station":"","stop_timezone":"","wheelchair_boarding":"2","feed_id":"Washington__Whatcom_Transportation_Authority__mdb_mdb-284","agency_name":"Whatcom Transportation Authority","route_count":1,"route_ids":"50","route_short_names":"50","route_types":"3","route_type_names":"Bus","routes_json":"[{\"route_id\":\"50\",\"route_short_name\":\"50\",\"route_long_name\":\"LummiNation&Cordata/WCC\",\"route_type\":\"3\",\"route_type_name\":\"Bus\",\"route_color\":\"FFDD00\",\"route_text_color\":\"000000\"}]"},"geometry":{"type":"Point","coordinates":[-122.644152,48.775869]}},{"type":"Feature","properties":{"stop_id":"370","stop_code":"3324","stop_name":"Kwina Rd at Haxton Way","stop_desc":"","zone_id":"","stop_url":"","location_type":"","parent_station":"","stop_timezone":"","wheelchair_boarding":"1","feed_id":"Washington__Whatcom_Transportation_Authority__mdb_mdb-284","agency_name":"Whatcom Transportation Authority","route_count":1,"route_ids":"50","route_short_names":"50","route_types":"3","route_type_names":"Bus","routes_json":"[{\"route_id\":\"50\",\"route_short_name\":\"50\",\"route_long_name\":\"LummiNation&Cordata/WCC\",\"route_type\":\"3\",\"route_type_name\":\"Bus\",\"route_color\":\"FFDD00\",\"route_text_color\":\"000000\"}]"},"geometry":{"type":"Point","coordinates":[-122.632974,48.793759]}},{"type":"Feature","properties":{"stop_id":"371","stop_code":"2451","stop_name":"Kwina Rd at Haxton Way","stop_desc":"","zone_id":"","stop_url":"","location_type":"","parent_station":"","stop_timezone":"","wheelchair_boarding":"1","feed_id":"Washington__Whatcom_Transportation_Authority__mdb_mdb-284","agency_name":"Whatcom Transportation Authority","route_count":1,"route_ids":"50","route_short_names":"50","route_types":"3","route_type_names":"Bus","routes_json":"[{\"route_id\":\"50\",\"route_short_name\":\"50\",\"route_long_name\":\"LummiNation&Cordata/WCC\",\"route_type\":\"3\",\"route_type_name\":\"Bus\",\"route_color\":\"FFDD00\",\"route_text_color\":\"000000\"}]"},"geometry":{"type":"Point","coordinates":[-122.632769,48.793882]}},{"type":"Feature","properties":{"stop_id":"372","stop_code":"2542","stop_name":"Kwina Rd at Health Services","stop_desc":"","zone_id":"","stop_url":"","location_type":"","parent_station":"","stop_timezone":"","wheelchair_boarding":"2","feed_id":"Washington__Whatcom_Transportation_Authority__mdb_mdb-284","agency_name":"Whatcom Transportation Authority","route_count":1,"route_ids":"50","route_short_names":"50","route_types":"3","route_type_names":"Bus","routes_json":"[{\"route_id\":\"50\",\"route_short_name\":\"50\",\"route_long_name\":\"LummiNation&Cordata/WCC\",\"route_type\":\"3\",\"route_type_name\":\"Bus\",\"route_color\":\"FFDD00\",\"route_text_color\":\"000000\"}]"},"geometry":{"type":"Point","coordinates":[-122.621775,48.793886]}},{"type":"Feature","properties":{"stop_id":"373","stop_code":"3327","stop_name":"Kwina Rd at Health Services","stop_desc":"","zone_id":"","stop_url":"","location_type":"","parent_station":"","stop_timezone":"","wheelchair_boarding":"1","feed_id":"Washington__Whatcom_Transportation_Authority__mdb_mdb-284","agency_name":"Whatcom Transportation Authority","route_count":1,"route_ids":"50","route_short_names":"50","route_types":"3","route_type_names":"Bus","routes_json":"[{\"route_id\":\"50\",\"route_short_name\":\"50\",\"route_long_name\":\"LummiNation&Cordata/WCC\",\"route_type\":\"3\",\"route_type_name\":\"Bus\",\"route_color\":\"FFDD00\",\"route_text_color\":\"000000\"}]"},"geometry":{"type":"Point","coordinates":[-122.621038,48.793758]}},{"type":"Feature","properties":{"stop_id":"374","stop_code":"2541","stop_name":"Kwina Rd at 2600 Block","stop_desc":"","zone_id":"","stop_url":"","location_type":"","parent_station":"","stop_timezone":"","wheelchair_boarding":"1","feed_id":"Washington__Whatcom_Transportation_Authority__mdb_mdb-284","agency_name":"Whatcom Transportation Authority","route_count":1,"route_ids":"50","route_short_names":"50","route_types":"3","route_type_names":"Bus","routes_json":"[{\"route_id\":\"50\",\"route_short_name\":\"50\",\"route_long_name\":\"LummiNation&Cordata/WCC\",\"route_type\":\"3\",\"route_type_name\":\"Bus\",\"route_color\":\"FFDD00\",\"route_text_color\":\"000000\"}]"},"geometry":{"type":"Point","coordinates":[-122.617391,48.79388]}},{"type":"Feature","properties":{"stop_id":"375","stop_code":"3328","stop_name":"Kwina Rd at 2600 Block","stop_desc":"","zone_id":"","stop_url":"","location_type":"","parent_station":"","stop_timezone":"","wheelchair_boarding":"1","feed_id":"Washington__Whatcom_Transportation_Authority__mdb_mdb-284","agency_name":"Whatcom Transportation Authority","route_count":1,"route_ids":"50","route_short_names":"50","route_types":"3","route_type_names":"Bus","routes_json":"[{\"route_id\":\"50\",\"route_short_name\":\"50\",\"route_long_name\":\"LummiNation&Cordata/WCC\",\"route_type\":\"3\",\"route_type_name\":\"Bus\",\"route_color\":\"FFDD00\",\"route_text_color\":\"000000\"}]"},"geometry":{"type":"Point","coordinates":[-122.617421,48.79374]}},{"type":"Feature","properties":{"stop_id":"376","stop_code":"3329","stop_name":"Kwina Rd at Northwest Indian College","stop_desc":"","zone_id":"","stop_url":"","location_type":"","parent_station":"","stop_timezone":"","wheelchair_boarding":"1","feed_id":"Washington__Whatcom_Transportation_Authority__mdb_mdb-284","agency_name":"Whatcom Transportation Authority","route_count":1,"route_ids":"50","route_short_names":"50","route_types":"3","route_type_names":"Bus","routes_json":"[{\"route_id\":\"50\",\"route_short_name\":\"50\",\"route_long_name\":\"LummiNation&Cordata/WCC\",\"route_type\":\"3\",\"route_type_name\":\"Bus\",\"route_color\":\"FFDD00\",\"route_text_color\":\"000000\"}]"},"geometry":{"type":"Point","coordinates":[-122.614267,48.793769]}},{"type":"Feature","properties":{"stop_id":"377","stop_code":"2447","stop_name":"Kwina Rd at Northwest Indian College","stop_desc":"","zone_id":"","stop_url":"","location_type":"","parent_station":"","stop_timezone":"","wheelchair_boarding":"1","feed_id":"Washington__Whatcom_Transportation_Authority__mdb_mdb-284","agency_name":"Whatcom Transportation Authority","route_count":1,"route_ids":"50","route_short_names":"50","route_types":"3","route_type_names":"Bus","routes_json":"[{\"route_id\":\"50\",\"route_short_name\":\"50\",\"route_long_name\":\"LummiNation&Cordata/WCC\",\"route_type\":\"3\",\"route_type_name\":\"Bus\",\"route_color\":\"FFDD00\",\"route_text_color\":\"000000\"}]"},"geometry":{"type":"Point","coordinates":[-122.614736,48.793898]}},{"type":"Feature","properties":{"stop_id":"378","stop_code":"2446","stop_name":"Marine Dr at Rural Ave","stop_desc":"","zone_id":"","stop_url":"","location_type":"","parent_station":"","stop_timezone":"","wheelchair_boarding":"2","feed_id":"Washington__Whatcom_Transportation_Authority__mdb_mdb-284","agency_name":"Whatcom Transportation Authority","route_count":1,"route_ids":"50","route_short_names":"50","route_types":"3","route_type_names":"Bus","routes_json":"[{\"route_id\":\"50\",\"route_short_name\":\"50\",\"route_long_name\":\"LummiNation&Cordata/WCC\",\"route_type\":\"3\",\"route_type_name\":\"Bus\",\"route_color\":\"FFDD00\",\"route_text_color\":\"000000\"}]"},"geometry":{"type":"Point","coordinates":[-122.580498,48.790209]}},{"type":"Feature","properties":{"stop_id":"379","stop_code":"2439","stop_name":"Marine Dr at Bancroft Rd","stop_desc":"","zone_id":"","stop_url":"","location_type":"","parent_station":"","stop_timezone":"","wheelchair_boarding":"2","feed_id":"Washington__Whatcom_Transportation_Authority__mdb_mdb-284","agency_name":"Whatcom Transportation Authority","route_count":1,"route_ids":"50","route_short_names":"50","route_types":"3","route_type_names":"Bus","routes_json":"[{\"route_id\":\"50\",\"route_short_name\":\"50\",\"route_long_name\":\"LummiNation&Cordata/WCC\",\"route_type\":\"3\",\"route_type_name\":\"Bus\",\"route_color\":\"FFDD00\",\"route_text_color\":\"000000\"}]"},"geometry":{"type":"Point","coordinates":[-122.556565,48.783319]}},{"type":"Feature","properties":{"stop_id":"380","stop_code":"3333","stop_name":"Marine Dr at Bancroft Rd","stop_desc":"","zone_id":"","stop_url":"","location_type":"","parent_station":"","stop_timezone":"","wheelchair_boarding":"2","feed_id":"Washington__Whatcom_Transportation_Authority__mdb_mdb-284","agency_name":"Whatcom Transportation Authority","route_count":1,"route_ids":"50","route_short_names":"50","route_types":"3","route_type_names":"Bus","routes_json":"[{\"route_id\":\"50\",\"route_short_name\":\"50\",\"route_long_name\":\"LummiNation&Cordata/WCC\",\"route_type\":\"3\",\"route_type_name\":\"Bus\",\"route_color\":\"FFDD00\",\"route_text_color\":\"000000\"}]"},"geometry":{"type":"Point","coordinates":[-122.556654,48.7832]}},{"type":"Feature","properties":{"stop_id":"381","stop_code":"3332","stop_name":"Marine Dr at Griffith Ave","stop_desc":"","zone_id":"","stop_url":"","location_type":"","parent_station":"","stop_timezone":"","wheelchair_boarding":"2","feed_id":"Washington__Whatcom_Transportation_Authority__mdb_mdb-284","agency_name":"Whatcom Transportation Authority","route_count":1,"route_ids":"50","route_short_names":"50","route_types":"3","route_type_names":"Bus","routes_json":"[{\"route_id\":\"50\",\"route_short_name\":\"50\",\"route_long_name\":\"LummiNation&Cordata/WCC\",\"route_type\":\"3\",\"route_type_name\":\"Bus\",\"route_color\":\"FFDD00\",\"route_text_color\":\"000000\"}]"},"geometry":{"type":"Point","coordinates":[-122.560771,48.783113]}},{"type":"Feature","properties":{"stop_id":"382","stop_code":"2440","stop_name":"Marine Dr at Griffith Ave","stop_desc":"","zone_id":"","stop_url":"","location_type":"","parent_station":"","stop_timezone":"","wheelchair_boarding":"2","feed_id":"Washington__Whatcom_Transportation_Authority__mdb_mdb-284","agency_name":"Whatcom Transportation Authority","route_count":1,"route_ids":"50","route_short_names":"50","route_types":"3","route_type_names":"Bus","routes_json":"[{\"route_id\":\"50\",\"route_short_name\":\"50\",\"route_long_name\":\"LummiNation&Cordata/WCC\",\"route_type\":\"3\",\"route_type_name\":\"Bus\",\"route_color\":\"FFDD00\",\"route_text_color\":\"000000\"}]"},"geometry":{"type":"Point","coordinates":[-122.561695,48.783201]}},{"type":"Feature","properties":{"stop_id":"383","stop_code":"3331","stop_name":"Marine Dr at Jones Ln","stop_desc":"","zone_id":"","stop_url":"","location_type":"","parent_station":"","stop_timezone":"","wheelchair_boarding":"2","feed_id":"Washington__Whatcom_Transportation_Authority__mdb_mdb-284","agency_name":"Whatcom Transportation Authority","route_count":1,"route_ids":"50","route_short_names":"50","route_types":"3","route_type_names":"Bus","routes_json":"[{\"route_id\":\"50\",\"route_short_name\":\"50\",\"route_long_name\":\"LummiNation&Cordata/WCC\",\"route_type\":\"3\",\"route_type_name\":\"Bus\",\"route_color\":\"FFDD00\",\"route_text_color\":\"000000\"}]"},"geometry":{"type":"Point","coordinates":[-122.566037,48.783002]}},{"type":"Feature","properties":{"stop_id":"384","stop_code":"2441","stop_name":"Marine Dr at Jones Ln","stop_desc":"","zone_id":"","stop_url":"","location_type":"","parent_station":"","stop_timezone":"","wheelchair_boarding":"2","feed_id":"Washington__Whatcom_Transportation_Authority__mdb_mdb-284","agency_name":"Whatcom Transportation Authority","route_count":1,"route_ids":"50","route_short_names":"50","route_types":"3","route_type_names":"Bus","routes_json":"[{\"route_id\":\"50\",\"route_short_name\":\"50\",\"route_long_name\":\"LummiNation&Cordata/WCC\",\"route_type\":\"3\",\"route_type_name\":\"Bus\",\"route_color\":\"FFDD00\",\"route_text_color\":\"000000\"}]"},"geometry":{"type":"Point","coordinates":[-122.566934,48.78311]}},{"type":"Feature","properties":{"stop_id":"385","stop_code":"2472","stop_name":"Marine Dr at Wynn Rd","stop_desc":"","zone_id":"","stop_url":"","location_type":"","parent_station":"","stop_timezone":"","wheelchair_boarding":"2","feed_id":"Washington__Whatcom_Transportation_Authority__mdb_mdb-284","agency_name":"Whatcom Transportation Authority","route_count":1,"route_ids":"50","route_short_names":"50","route_types":"3","route_type_names":"Bus","routes_json":"[{\"route_id\":\"50\",\"route_short_name\":\"50\",\"route_long_name\":\"LummiNation&Cordata/WCC\",\"route_type\":\"3\",\"route_type_name\":\"Bus\",\"route_color\":\"FFDD00\",\"route_text_color\":\"000000\"}]"},"geometry":{"type":"Point","coordinates":[-122.551579,48.783256]}},{"type":"Feature","properties":{"stop_id":"386","stop_code":"2540","stop_name":"Marine Dr at Wynn Rd","stop_desc":"","zone_id":"","stop_url":"","location_type":"","parent_station":"","stop_timezone":"","wheelchair_boarding":"2","feed_id":"Washington__Whatcom_Transportation_Authority__mdb_mdb-284","agency_name":"Whatcom Transportation Authority","route_count":1,"route_ids":"50","route_short_names":"50","route_types":"3","route_type_names":"Bus","routes_json":"[{\"route_id\":\"50\",\"route_short_name\":\"50\",\"route_long_name\":\"LummiNation&Cordata/WCC\",\"route_type\":\"3\",\"route_type_name\":\"Bus\",\"route_color\":\"FFDD00\",\"route_text_color\":\"000000\"}]"},"geometry":{"type":"Point","coordinates":[-122.55233,48.783393]}},{"type":"Feature","properties":{"stop_id":"387","stop_code":"3334","stop_name":"Marine Dr at Old Marine Dr","stop_desc":"","zone_id":"","stop_url":"","location_type":"","parent_station":"","stop_timezone":"","wheelchair_boarding":"2","feed_id":"Washington__Whatcom_Transportation_Authority__mdb_mdb-284","agency_name":"Whatcom Transportation Authority","route_count":1,"route_ids":"50","route_short_names":"50","route_types":"3","route_type_names":"Bus","routes_json":"[{\"route_id\":\"50\",\"route_short_name\":\"50\",\"route_long_name\":\"LummiNation&Cordata/WCC\",\"route_type\":\"3\",\"route_type_name\":\"Bus\",\"route_color\":\"FFDD00\",\"route_text_color\":\"000000\"}]"},"geometry":{"type":"Point","coordinates":[-122.542611,48.781039]}},{"type":"Feature","properties":{"stop_id":"388","stop_code":"2437","stop_name":"Marine Dr at Old Marine Dr","stop_desc":"","zone_id":"","stop_url":"","location_type":"","parent_station":"","stop_timezone":"","wheelchair_boarding":"2","feed_id":"Washington__Whatcom_Transportation_Authority__mdb_mdb-284","agency_name":"Whatcom Transportation Authority","route_count":1,"route_ids":"50","route_short_names":"50","route_types":"3","route_type_names":"Bus","routes_json":"[{\"route_id\":\"50\",\"route_short_name\":\"50\",\"route_long_name\":\"LummiNation&Cordata/WCC\",\"route_type\":\"3\",\"route_type_name\":\"Bus\",\"route_color\":\"FFDD00\",\"route_text_color\":\"000000\"}]"},"geometry":{"type":"Point","coordinates":[-122.54275,48.78125]}},{"type":"Feature","properties":{"stop_id":"389","stop_code":"3249","stop_name":"Axton Rd at Axton Ct","stop_desc":"","zone_id":"","stop_url":"","location_type":"","parent_station":"","stop_timezone":"","wheelchair_boarding":"2","feed_id":"Washington__Whatcom_Transportation_Authority__mdb_mdb-284","agency_name":"Whatcom Transportation Authority","route_count":1,"route_ids":"27","route_short_names":"27","route_types":"3","route_type_names":"Bus","routes_json":"[{\"route_id\":\"27\",\"route_short_name\":\"27\",\"route_long_name\":\"Ferndale&Cordata/WCC\",\"route_type\":\"3\",\"route_type_name\":\"Bus\",\"route_color\":\"94B0BE\",\"route_text_color\":\"FFFFFF\"}]"},"geometry":{"type":"Point","coordinates":[-122.56852,48.848034]}},{"type":"Feature","properties":{"stop_id":"390","stop_code":"2250","stop_name":"Axton Rd at Axton Ct","stop_desc":"","zone_id":"","stop_url":"","location_type":"","parent_station":"","stop_timezone":"","wheelchair_boarding":"2","feed_id":"Washington__Whatcom_Transportation_Authority__mdb_mdb-284","agency_name":"Whatcom Transportation Authority","route_count":1,"route_ids":"27","route_short_names":"27","route_types":"3","route_type_names":"Bus","routes_json":"[{\"route_id\":\"27\",\"route_short_name\":\"27\",\"route_long_name\":\"Ferndale&Cordata/WCC\",\"route_type\":\"3\",\"route_type_name\":\"Bus\",\"route_color\":\"94B0BE\",\"route_text_color\":\"FFFFFF\"}]"},"geometry":{"type":"Point","coordinates":[-122.567961,48.848177]}},{"type":"Feature","properties":{"stop_id":"391","stop_code":"3250","stop_name":"Axton Rd at Deer Creek Dr","stop_desc":"","zone_id":"","stop_url":"","location_type":"","parent_station":"","stop_timezone":"","wheelchair_boarding":"2","feed_id":"Washington__Whatcom_Transportation_Authority__mdb_mdb-284","agency_name":"Whatcom Transportation Authority","route_count":1,"route_ids":"27","route_short_names":"27","route_types":"3","route_type_names":"Bus","routes_json":"[{\"route_id\":\"27\",\"route_short_name\":\"27\",\"route_long_name\":\"Ferndale&Cordata/WCC\",\"route_type\":\"3\",\"route_type_name\":\"Bus\",\"route_color\":\"94B0BE\",\"route_text_color\":\"FFFFFF\"}]"},"geometry":{"type":"Point","coordinates":[-122.553477,48.847234]}},{"type":"Feature","properties":{"stop_id":"392","stop_code":"2249","stop_name":"Axton Rd at Deer Creek Dr","stop_desc":"","zone_id":"","stop_url":"","location_type":"","parent_station":"","stop_timezone":"","wheelchair_boarding":"2","feed_id":"Washington__Whatcom_Transportation_Authority__mdb_mdb-284","agency_name":"Whatcom Transportation Authority","route_count":1,"route_ids":"27","route_short_names":"27","route_types":"3","route_type_names":"Bus","routes_json":"[{\"route_id\":\"27\",\"route_short_name\":\"27\",\"route_long_name\":\"Ferndale&Cordata/WCC\",\"route_type\":\"3\",\"route_type_name\":\"Bus\",\"route_color\":\"94B0BE\",\"route_text_color\":\"FFFFFF\"}]"},"geometry":{"type":"Point","coordinates":[-122.55488,48.846817]}},{"type":"Feature","properties":{"stop_id":"393","stop_code":"8982","stop_name":"Axton Rd at Judy Way","stop_desc":"","zone_id":"","stop_url":"","location_type":"","parent_station":"","stop_timezone":"","wheelchair_boarding":"2","feed_id":"Washington__Whatcom_Transportation_Authority__mdb_mdb-284","agency_name":"Whatcom Transportation Authority","route_count":1,"route_ids":"27","route_short_names":"27","route_types":"3","route_type_names":"Bus","routes_json":"[{\"route_id\":\"27\",\"route_short_name\":\"27\",\"route_long_name\":\"Ferndale&Cordata/WCC\",\"route_type\":\"3\",\"route_type_name\":\"Bus\",\"route_color\":\"94B0BE\",\"route_text_color\":\"FFFFFF\"}]"},"geometry":{"type":"Point","coordinates":[-122.546074,48.847847]}},{"type":"Feature","properties":{"stop_id":"394","stop_code":"8983","stop_name":"Axton Rd at Applegrove Ln","stop_desc":"","zone_id":"","stop_url":"","location_type":"","parent_station":"","stop_timezone":"","wheelchair_boarding":"2","feed_id":"Washington__Whatcom_Transportation_Authority__mdb_mdb-284","agency_name":"Whatcom Transportation Authority","route_count":1,"route_ids":"27","route_short_names":"27","route_types":"3","route_type_names":"Bus","routes_json":"[{\"route_id\":\"27\",\"route_short_name\":\"27\",\"route_long_name\":\"Ferndale&Cordata/WCC\",\"route_type\":\"3\",\"route_type_name\":\"Bus\",\"route_color\":\"94B0BE\",\"route_text_color\":\"FFFFFF\"}]"},"geometry":{"type":"Point","coordinates":[-122.54673,48.847968]}},{"type":"Feature","properties":{"stop_id":"395","stop_code":"3251","stop_name":"Axton Rd at Northwest Dr","stop_desc":"","zone_id":"","stop_url":"","location_type":"","parent_station":"","stop_timezone":"","wheelchair_boarding":"2","feed_id":"Washington__Whatcom_Transportation_Authority__mdb_mdb-284","agency_name":"Whatcom Transportation Authority","route_count":1,"route_ids":"27","route_short_names":"27","route_types":"3","route_type_names":"Bus","routes_json":"[{\"route_id\":\"27\",\"route_short_name\":\"27\",\"route_long_name\":\"Ferndale&Cordata/WCC\",\"route_type\":\"3\",\"route_type_name\":\"Bus\",\"route_color\":\"94B0BE\",\"route_text_color\":\"FFFFFF\"}]"},"geometry":{"type":"Point","coordinates":[-122.54166,48.847805]}},{"type":"Feature","properties":{"stop_id":"396","stop_code":"2248","stop_name":"Axton Rd at Northwest Dr","stop_desc":"","zone_id":"","stop_url":"","location_type":"","parent_station":"","stop_timezone":"","wheelchair_boarding":"2","feed_id":"Washington__Whatcom_Transportation_Authority__mdb_mdb-284","agency_name":"Whatcom Transportation Authority","route_count":1,"route_ids":"27","route_short_names":"27","route_types":"3","route_type_names":"Bus","routes_json":"[{\"route_id\":\"27\",\"route_short_name\":\"27\",\"route_long_name\":\"Ferndale&Cordata/WCC\",\"route_type\":\"3\",\"route_type_name\":\"Bus\",\"route_color\":\"94B0BE\",\"route_text_color\":\"FFFFFF\"}]"},"geometry":{"type":"Point","coordinates":[-122.542546,48.847942]}},{"type":"Feature","properties":{"stop_id":"397","stop_code":"3252","stop_name":"Northwest Dr at Lingbloom Rd","stop_desc":"","zone_id":"","stop_url":"","location_type":"","parent_station":"","stop_timezone":"","wheelchair_boarding":"2","feed_id":"Washington__Whatcom_Transportation_Authority__mdb_mdb-284","agency_name":"Whatcom Transportation Authority","route_count":1,"route_ids":"27","route_short_names":"27","route_types":"3","route_type_names":"Bus","routes_json":"[{\"route_id\":\"27\",\"route_short_name\":\"27\",\"route_long_name\":\"Ferndale&Cordata/WCC\",\"route_type\":\"3\",\"route_type_name\":\"Bus\",\"route_color\":\"94B0BE\",\"route_text_color\":\"FFFFFF\"}]"},"geometry":{"type":"Point","coordinates":[-122.54099,48.841503]}},{"type":"Feature","properties":{"stop_id":"398","stop_code":"9952","stop_name":"Northwest Dr at Lingbloom Rd","stop_desc":"","zone_id":"","stop_url":"","location_type":"","parent_station":"","stop_timezone":"","wheelchair_boarding":"2","feed_id":"Washington__Whatcom_Transportation_Authority__mdb_mdb-284","agency_name":"Whatcom Transportation Authority","route_count":1,"route_ids":"27","route_short_names":"27","route_types":"3","route_type_names":"Bus","routes_json":"[{\"route_id\":\"27\",\"route_short_name\":\"27\",\"route_long_name\":\"Ferndale&Cordata/WCC\",\"route_type\":\"3\",\"route_type_name\":\"Bus\",\"route_color\":\"94B0BE\",\"route_text_color\":\"FFFFFF\"}]"},"geometry":{"type":"Point","coordinates":[-122.54083,48.841644]}},{"type":"Feature","properties":{"stop_id":"399","stop_code":"8981","stop_name":"Northwest Dr at W 53 Vista","stop_desc":"","zone_id":"","stop_url":"","location_type":"","parent_station":"","stop_timezone":"","wheelchair_boarding":"2","feed_id":"Washington__Whatcom_Transportation_Authority__mdb_mdb-284","agency_name":"Whatcom Transportation Authority","route_count":1,"route_ids":"27","route_short_names":"27","route_types":"3","route_type_names":"Bus","routes_json":"[{\"route_id\":\"27\",\"route_short_name\":\"27\",\"route_long_name\":\"Ferndale&Cordata/WCC\",\"route_type\":\"3\",\"route_type_name\":\"Bus\",\"route_color\":\"94B0BE\",\"route_text_color\":\"FFFFFF\"}]"},"geometry":{"type":"Point","coordinates":[-122.540946,48.836126]}},{"type":"Feature","properties":{"stop_id":"400","stop_code":"8894","stop_name":"Northwest Dr at W 53 Vista","stop_desc":"","zone_id":"","stop_url":"","location_type":"","parent_station":"","stop_timezone":"","wheelchair_boarding":"2","feed_id":"Washington__Whatcom_Transportation_Authority__mdb_mdb-284","agency_name":"Whatcom Transportation Authority","route_count":1,"route_ids":"27","route_short_names":"27","route_types":"3","route_type_names":"Bus","routes_json":"[{\"route_id\":\"27\",\"route_short_name\":\"27\",\"route_long_name\":\"Ferndale&Cordata/WCC\",\"route_type\":\"3\",\"route_type_name\":\"Bus\",\"route_color\":\"94B0BE\",\"route_text_color\":\"FFFFFF\"}]"},"geometry":{"type":"Point","coordinates":[-122.540787,48.836219]}},{"type":"Feature","properties":{"stop_id":"401","stop_code":"3254","stop_name":"Northwest Dr at 5200 Block","stop_desc":"","zone_id":"","stop_url":"","location_type":"","parent_station":"","stop_timezone":"","wheelchair_boarding":"2","feed_id":"Washington__Whatcom_Transportation_Authority__mdb_mdb-284","agency_name":"Whatcom Transportation Authority","route_count":1,"route_ids":"27","route_short_names":"27","route_types":"3","route_type_names":"Bus","routes_json":"[{\"route_id\":\"27\",\"route_short_name\":\"27\",\"route_long_name\":\"Ferndale&Cordata/WCC\",\"route_type\":\"3\",\"route_type_name\":\"Bus\",\"route_color\":\"94B0BE\",\"route_text_color\":\"FFFFFF\"}]"},"geometry":{"type":"Point","coordinates":[-122.53838,48.829937]}},{"type":"Feature","properties":{"stop_id":"402","stop_code":"2247","stop_name":"Northwest Dr at 5200 Block","stop_desc":"","zone_id":"","stop_url":"","location_type":"","parent_station":"","stop_timezone":"","wheelchair_boarding":"2","feed_id":"Washington__Whatcom_Transportation_Authority__mdb_mdb-284","agency_name":"Whatcom Transportation Authority","route_count":1,"route_ids":"27","route_short_names":"27","route_types":"3","route_type_names":"Bus","routes_json":"[{\"route_id\":\"27\",\"route_short_name\":\"27\",\"route_long_name\":\"Ferndale&Cordata/WCC\",\"route_type\":\"3\",\"route_type_name\":\"Bus\",\"route_color\":\"94B0BE\",\"route_text_color\":\"FFFFFF\"}]"},"geometry":{"type":"Point","coordinates":[-122.538459,48.830326]}},{"type":"Feature","properties":{"stop_id":"403","stop_code":"2310","stop_name":"Northwest Dr at Larson Rd","stop_desc":"","zone_id":"","stop_url":"","location_type":"","parent_station":"","stop_timezone":"","wheelchair_boarding":"2","feed_id":"Washington__Whatcom_Transportation_Authority__mdb_mdb-284","agency_name":"Whatcom Transportation Authority","route_count":1,"route_ids":"27","route_short_names":"27","route_types":"3","route_type_names":"Bus","routes_json":"[{\"route_id\":\"27\",\"route_short_name\":\"27\",\"route_long_name\":\"Ferndale&Cordata/WCC\",\"route_type\":\"3\",\"route_type_name\":\"Bus\",\"route_color\":\"94B0BE\",\"route_text_color\":\"FFFFFF\"}]"},"geometry":{"type":"Point","coordinates":[-122.535542,48.826222]}},{"type":"Feature","properties":{"stop_id":"404","stop_code":"2246","stop_name":"Northwest Dr at Larson Rd","stop_desc":"","zone_id":"","stop_url":"","location_type":"","parent_station":"","stop_timezone":"","wheelchair_boarding":"2","feed_id":"Washington__Whatcom_Transportation_Authority__mdb_mdb-284","agency_name":"Whatcom Transportation Authority","route_count":1,"route_ids":"27","route_short_names":"27","route_types":"3","route_type_names":"Bus","routes_json":"[{\"route_id\":\"27\",\"route_short_name\":\"27\",\"route_long_name\":\"Ferndale&Cordata/WCC\",\"route_type\":\"3\",\"route_type_name\":\"Bus\",\"route_color\":\"94B0BE\",\"route_text_color\":\"FFFFFF\"}]"},"geometry":{"type":"Point","coordinates":[-122.535411,48.826292]}},{"type":"Feature","properties":{"stop_id":"405","stop_code":"3255","stop_name":"Northwest Dr at Sunset Ave","stop_desc":"","zone_id":"","stop_url":"","location_type":"","parent_station":"","stop_timezone":"","wheelchair_boarding":"2","feed_id":"Washington__Whatcom_Transportation_Authority__mdb_mdb-284","agency_name":"Whatcom Transportation Authority","route_count":1,"route_ids":"27","route_short_names":"27","route_types":"3","route_type_names":"Bus","routes_json":"[{\"route_id\":\"27\",\"route_short_name\":\"27\",\"route_long_name\":\"Ferndale&Cordata/WCC\",\"route_type\":\"3\",\"route_type_name\":\"Bus\",\"route_color\":\"94B0BE\",\"route_text_color\":\"FFFFFF\"}]"},"geometry":{"type":"Point","coordinates":[-122.532841,48.822681]}},{"type":"Feature","properties":{"stop_id":"406","stop_code":"9907","stop_name":"Northwest Dr at Sunset Ave","stop_desc":"","zone_id":"","stop_url":"","location_type":"","parent_station":"","stop_timezone":"","wheelchair_boarding":"2","feed_id":"Washington__Whatcom_Transportation_Authority__mdb_mdb-284","agency_name":"Whatcom Transportation Authority","route_count":1,"route_ids":"27","route_short_names":"27","route_types":"3","route_type_names":"Bus","routes_json":"[{\"route_id\":\"27\",\"route_short_name\":\"27\",\"route_long_name\":\"Ferndale&Cordata/WCC\",\"route_type\":\"3\",\"route_type_name\":\"Bus\",\"route_color\":\"94B0BE\",\"route_text_color\":\"FFFFFF\"}]"},"geometry":{"type":"Point","coordinates":[-122.532384,48.822351]}},{"type":"Feature","properties":{"stop_id":"407","stop_code":"9906","stop_name":"Northwest Dr at Waschke Rd","stop_desc":"","zone_id":"","stop_url":"","location_type":"","parent_station":"","stop_timezone":"","wheelchair_boarding":"2","feed_id":"Washington__Whatcom_Transportation_Authority__mdb_mdb-284","agency_name":"Whatcom Transportation Authority","route_count":1,"route_ids":"27","route_short_names":"27","route_types":"3","route_type_names":"Bus","routes_json":"[{\"route_id\":\"27\",\"route_short_name\":\"27\",\"route_long_name\":\"Ferndale&Cordata/WCC\",\"route_type\":\"3\",\"route_type_name\":\"Bus\",\"route_color\":\"94B0BE\",\"route_text_color\":\"FFFFFF\"}]"},"geometry":{"type":"Point","coordinates":[-122.52984,48.819019]}},{"type":"Feature","properties":{"stop_id":"408","stop_code":"3256","stop_name":"Northwest Dr at Waschke Rd","stop_desc":"","zone_id":"","stop_url":"","location_type":"","parent_station":"","stop_timezone":"","wheelchair_boarding":"2","feed_id":"Washington__Whatcom_Transportation_Authority__mdb_mdb-284","agency_name":"Whatcom Transportation Authority","route_count":1,"route_ids":"27","route_short_names":"27","route_types":"3","route_type_names":"Bus","routes_json":"[{\"route_id\":\"27\",\"route_short_name\":\"27\",\"route_long_name\":\"Ferndale&Cordata/WCC\",\"route_type\":\"3\",\"route_type_name\":\"Bus\",\"route_color\":\"94B0BE\",\"route_text_color\":\"FFFFFF\"}]"},"geometry":{"type":"Point","coordinates":[-122.53016,48.819191]}},{"type":"Feature","properties":{"stop_id":"409","stop_code":"3257","stop_name":"Northwest Dr at Slater Rd","stop_desc":"","zone_id":"","stop_url":"","location_type":"","parent_station":"","stop_timezone":"","wheelchair_boarding":"2","feed_id":"Washington__Whatcom_Transportation_Authority__mdb_mdb-284","agency_name":"Whatcom Transportation Authority","route_count":1,"route_ids":"27","route_short_names":"27","route_types":"3","route_type_names":"Bus","routes_json":"[{\"route_id\":\"27\",\"route_short_name\":\"27\",\"route_long_name\":\"Ferndale&Cordata/WCC\",\"route_type\":\"3\",\"route_type_name\":\"Bus\",\"route_color\":\"94B0BE\",\"route_text_color\":\"FFFFFF\"}]"},"geometry":{"type":"Point","coordinates":[-122.528,48.816311]}},{"type":"Feature","properties":{"stop_id":"410","stop_code":"9957","stop_name":"Northwest Dr at Slater Rd","stop_desc":"","zone_id":"","stop_url":"","location_type":"","parent_station":"","stop_timezone":"","wheelchair_boarding":"2","feed_id":"Washington__Whatcom_Transportation_Authority__mdb_mdb-284","agency_name":"Whatcom Transportation Authority","route_count":1,"route_ids":"27","route_short_names":"27","route_types":"3","route_type_names":"Bus","routes_json":"[{\"route_id\":\"27\",\"route_short_name\":\"27\",\"route_long_name\":\"Ferndale&Cordata/WCC\",\"route_type\":\"3\",\"route_type_name\":\"Bus\",\"route_color\":\"94B0BE\",\"route_text_color\":\"FFFFFF\"}]"},"geometry":{"type":"Point","coordinates":[-122.52811,48.81678]}},{"type":"Feature","properties":{"stop_id":"411","stop_code":"9111","stop_name":"Northwest Dr at 4500 Block","stop_desc":"","zone_id":"","stop_url":"","location_type":"","parent_station":"","stop_timezone":"","wheelchair_boarding":"2","feed_id":"Washington__Whatcom_Transportation_Authority__mdb_mdb-284","agency_name":"Whatcom Transportation Authority","route_count":1,"route_ids":"27","route_short_names":"27","route_types":"3","route_type_names":"Bus","routes_json":"[{\"route_id\":\"27\",\"route_short_name\":\"27\",\"route_long_name\":\"Ferndale&Cordata/WCC\",\"route_type\":\"3\",\"route_type_name\":\"Bus\",\"route_color\":\"94B0BE\",\"route_text_color\":\"FFFFFF\"}]"},"geometry":{"type":"Point","coordinates":[-122.519172,48.805017]}},{"type":"Feature","properties":{"stop_id":"412","stop_code":"2245","stop_name":"Northwest Dr at Trout Lake Dr","stop_desc":"","zone_id":"","stop_url":"","location_type":"","parent_station":"","stop_timezone":"","wheelchair_boarding":"2","feed_id":"Washington__Whatcom_Transportation_Authority__mdb_mdb-284","agency_name":"Whatcom Transportation Authority","route_count":1,"route_ids":"27","route_short_names":"27","route_types":"3","route_type_names":"Bus","routes_json":"[{\"route_id\":\"27\",\"route_short_name\":\"27\",\"route_long_name\":\"Ferndale&Cordata/WCC\",\"route_type\":\"3\",\"route_type_name\":\"Bus\",\"route_color\":\"94B0BE\",\"route_text_color\":\"FFFFFF\"}]"},"geometry":{"type":"Point","coordinates":[-122.517319,48.802532]}},{"type":"Feature","properties":{"stop_id":"413","stop_code":"3259","stop_name":"Northwest Dr at Larrabee Rd","stop_desc":"","zone_id":"","stop_url":"","location_type":"","parent_station":"","stop_timezone":"","wheelchair_boarding":"2","feed_id":"Washington__Whatcom_Transportation_Authority__mdb_mdb-284","agency_name":"Whatcom Transportation Authority","route_count":1,"route_ids":"27","route_short_names":"27","route_types":"3","route_type_names":"Bus","routes_json":"[{\"route_id\":\"27\",\"route_short_name\":\"27\",\"route_long_name\":\"Ferndale&Cordata/WCC\",\"route_type\":\"3\",\"route_type_name\":\"Bus\",\"route_color\":\"94B0BE\",\"route_text_color\":\"FFFFFF\"}]"},"geometry":{"type":"Point","coordinates":[-122.5127,48.796169]}},{"type":"Feature","properties":{"stop_id":"414","stop_code":"2516","stop_name":"Main St at Washington St","stop_desc":"","zone_id":"","stop_url":"","location_type":"","parent_station":"","stop_timezone":"","wheelchair_boarding":"1","feed_id":"Washington__Whatcom_Transportation_Authority__mdb_mdb-284","agency_name":"Whatcom Transportation Authority","route_count":1,"route_ids":"27","route_short_names":"27","route_types":"3","route_type_names":"Bus","routes_json":"[{\"route_id\":\"27\",\"route_short_name\":\"27\",\"route_long_name\":\"Ferndale&Cordata/WCC\",\"route_type\":\"3\",\"route_type_name\":\"Bus\",\"route_color\":\"94B0BE\",\"route_text_color\":\"FFFFFF\"}]"},"geometry":{"type":"Point","coordinates":[-122.60239,48.848476]}},{"type":"Feature","properties":{"stop_id":"415","stop_code":"2515","stop_name":"Washington St at Fallbrook Ln","stop_desc":"","zone_id":"","stop_url":"","location_type":"","parent_station":"","stop_timezone":"","wheelchair_boarding":"2","feed_id":"Washington__Whatcom_Transportation_Authority__mdb_mdb-284","agency_name":"Whatcom Transportation Authority","route_count":1,"route_ids":"27","route_short_names":"27","route_types":"3","route_type_names":"Bus","routes_json":"[{\"route_id\":\"27\",\"route_short_name\":\"27\",\"route_long_name\":\"Ferndale&Cordata/WCC\",\"route_type\":\"3\",\"route_type_name\":\"Bus\",\"route_color\":\"94B0BE\",\"route_text_color\":\"FFFFFF\"}]"},"geometry":{"type":"Point","coordinates":[-122.599766,48.849618]}},{"type":"Feature","properties":{"stop_id":"417","stop_code":"2527","stop_name":"Vista Dr at Seamount Dr","stop_desc":"","zone_id":"","stop_url":"","location_type":"","parent_station":"","stop_timezone":"","wheelchair_boarding":"2","feed_id":"Washington__Whatcom_Transportation_Authority__mdb_mdb-284","agency_name":"Whatcom Transportation Authority","route_count":1,"route_ids":"27","route_short_names":"27","route_types":"3","route_type_names":"Bus","routes_json":"[{\"route_id\":\"27\",\"route_short_name\":\"27\",\"route_long_name\":\"Ferndale&Cordata/WCC\",\"route_type\":\"3\",\"route_type_name\":\"Bus\",\"route_color\":\"94B0BE\",\"route_text_color\":\"FFFFFF\"}]"},"geometry":{"type":"Point","coordinates":[-122.59805,48.855396]}},{"type":"Feature","properties":{"stop_id":"419","stop_code":"2525","stop_name":"Vista Dr at Vista Middle School","stop_desc":"","zone_id":"","stop_url":"","location_type":"","parent_station":"","stop_timezone":"","wheelchair_boarding":"2","feed_id":"Washington__Whatcom_Transportation_Authority__mdb_mdb-284","agency_name":"Whatcom Transportation Authority","route_count":1,"route_ids":"27","route_short_names":"27","route_types":"3","route_type_names":"Bus","routes_json":"[{\"route_id\":\"27\",\"route_short_name\":\"27\",\"route_long_name\":\"Ferndale&Cordata/WCC\",\"route_type\":\"3\",\"route_type_name\":\"Bus\",\"route_color\":\"94B0BE\",\"route_text_color\":\"FFFFFF\"}]"},"geometry":{"type":"Point","coordinates":[-122.60063,48.860626]}},{"type":"Feature","properties":{"stop_id":"420","stop_code":"2524","stop_name":"Thornton St at Shannon Ave","stop_desc":"","zone_id":"","stop_url":"","location_type":"","parent_station":"","stop_timezone":"","wheelchair_boarding":"1","feed_id":"Washington__Whatcom_Transportation_Authority__mdb_mdb-284","agency_name":"Whatcom Transportation Authority","route_count":1,"route_ids":"27","route_short_names":"27","route_types":"3","route_type_names":"Bus","routes_json":"[{\"route_id\":\"27\",\"route_short_name\":\"27\",\"route_long_name\":\"Ferndale&Cordata/WCC\",\"route_type\":\"3\",\"route_type_name\":\"Bus\",\"route_color\":\"94B0BE\",\"route_text_color\":\"FFFFFF\"}]"},"geometry":{"type":"Point","coordinates":[-122.608828,48.862727]}},{"type":"Feature","properties":{"stop_id":"421","stop_code":"2523","stop_name":"Thornton St at Evergreen Way","stop_desc":"","zone_id":"","stop_url":"","location_type":"","parent_station":"","stop_timezone":"","wheelchair_boarding":"2","feed_id":"Washington__Whatcom_Transportation_Authority__mdb_mdb-284","agency_name":"Whatcom Transportation Authority","route_count":1,"route_ids":"27","route_short_names":"27","route_types":"3","route_type_names":"Bus","routes_json":"[{\"route_id\":\"27\",\"route_short_name\":\"27\",\"route_long_name\":\"Ferndale&Cordata/WCC\",\"route_type\":\"3\",\"route_type_name\":\"Bus\",\"route_color\":\"94B0BE\",\"route_text_color\":\"FFFFFF\"}]"},"geometry":{"type":"Point","coordinates":[-122.614628,48.86267]}},{"type":"Feature","properties":{"stop_id":"422","stop_code":"2552","stop_name":"Church Rd N Bakerview Park Dr","stop_desc":"","zone_id":"","stop_url":"","location_type":"","parent_station":"","stop_timezone":"","wheelchair_boarding":"2","feed_id":"Washington__Whatcom_Transportation_Authority__mdb_mdb-284","agency_name":"Whatcom Transportation Authority","route_count":1,"route_ids":"27","route_short_names":"27","route_types":"3","route_type_names":"Bus","routes_json":"[{\"route_id\":\"27\",\"route_short_name\":\"27\",\"route_long_name\":\"Ferndale&Cordata/WCC\",\"route_type\":\"3\",\"route_type_name\":\"Bus\",\"route_color\":\"94B0BE\",\"route_text_color\":\"FFFFFF\"}]"},"geometry":{"type":"Point","coordinates":[-122.616619,48.861358]}},{"type":"Feature","properties":{"stop_id":"423","stop_code":"2521","stop_name":"Church Rd S Bakerview Park Dr","stop_desc":"","zone_id":"","stop_url":"","location_type":"","parent_station":"","stop_timezone":"","wheelchair_boarding":"1","feed_id":"Washington__Whatcom_Transportation_Authority__mdb_mdb-284","agency_name":"Whatcom Transportation Authority","route_count":1,"route_ids":"27","route_short_names":"27","route_types":"3","route_type_names":"Bus","routes_json":"[{\"route_id\":\"27\",\"route_short_name\":\"27\",\"route_long_name\":\"Ferndale&Cordata/WCC\",\"route_type\":\"3\",\"route_type_name\":\"Bus\",\"route_color\":\"94B0BE\",\"route_text_color\":\"FFFFFF\"}]"},"geometry":{"type":"Point","coordinates":[-122.616551,48.857471]}},{"type":"Feature","properties":{"stop_id":"424","stop_code":"9963","stop_name":"Church Rd at Crestline St","stop_desc":"","zone_id":"","stop_url":"","location_type":"","parent_station":"","stop_timezone":"","wheelchair_boarding":"1","feed_id":"Washington__Whatcom_Transportation_Authority__mdb_mdb-284","agency_name":"Whatcom Transportation Authority","route_count":1,"route_ids":"27","route_short_names":"27","route_types":"3","route_type_names":"Bus","routes_json":"[{\"route_id\":\"27\",\"route_short_name\":\"27\",\"route_long_name\":\"Ferndale&Cordata/WCC\",\"route_type\":\"3\",\"route_type_name\":\"Bus\",\"route_color\":\"94B0BE\",\"route_text_color\":\"FFFFFF\"}]"},"geometry":{"type":"Point","coordinates":[-122.616537,48.853957]}},{"type":"Feature","properties":{"stop_id":"425","stop_code":"2522","stop_name":"Main St at Shannon Ave","stop_desc":"","zone_id":"","stop_url":"","location_type":"","parent_station":"","stop_timezone":"","wheelchair_boarding":"1","feed_id":"Washington__Whatcom_Transportation_Authority__mdb_mdb-284","agency_name":"Whatcom Transportation Authority","route_count":1,"route_ids":"27","route_short_names":"27","route_types":"3","route_type_names":"Bus","routes_json":"[{\"route_id\":\"27\",\"route_short_name\":\"27\",\"route_long_name\":\"Ferndale&Cordata/WCC\",\"route_type\":\"3\",\"route_type_name\":\"Bus\",\"route_color\":\"94B0BE\",\"route_text_color\":\"FFFFFF\"}]"},"geometry":{"type":"Point","coordinates":[-122.610589,48.848473]}},{"type":"Feature","properties":{"stop_id":"426","stop_code":"4715","stop_name":"Main St at Hendrickson Ave","stop_desc":"","zone_id":"","stop_url":"","location_type":"","parent_station":"","stop_timezone":"","wheelchair_boarding":"1","feed_id":"Washington__Whatcom_Transportation_Authority__mdb_mdb-284","agency_name":"Whatcom Transportation Authority","route_count":1,"route_ids":"27","route_short_names":"27","route_types":"3","route_type_names":"Bus","routes_json":"[{\"route_id\":\"27\",\"route_short_name\":\"27\",\"route_long_name\":\"Ferndale&Cordata/WCC\",\"route_type\":\"3\",\"route_type_name\":\"Bus\",\"route_color\":\"94B0BE\",\"route_text_color\":\"FFFFFF\"}]"},"geometry":{"type":"Point","coordinates":[-122.607106,48.8485]}},{"type":"Feature","properties":{"stop_id":"427","stop_code":"9921","stop_name":"Vista Dr at Washington St","stop_desc":"","zone_id":"","stop_url":"","location_type":"","parent_station":"","stop_timezone":"","wheelchair_boarding":"2","feed_id":"Washington__Whatcom_Transportation_Authority__mdb_mdb-284","agency_name":"Whatcom Transportation Authority","route_count":1,"route_ids":"27","route_short_names":"27","route_types":"3","route_type_names":"Bus","routes_json":"[{\"route_id\":\"27\",\"route_short_name\":\"27\",\"route_long_name\":\"Ferndale&Cordata/WCC\",\"route_type\":\"3\",\"route_type_name\":\"Bus\",\"route_color\":\"94B0BE\",\"route_text_color\":\"FFFFFF\"}]"},"geometry":{"type":"Point","coordinates":[-122.59483,48.850025]}},{"type":"Feature","properties":{"stop_id":"428","stop_code":"4713","stop_name":"Vista Dr at Washington St","stop_desc":"","zone_id":"","stop_url":"","location_type":"","parent_station":"","stop_timezone":"","wheelchair_boarding":"2","feed_id":"Washington__Whatcom_Transportation_Authority__mdb_mdb-284","agency_name":"Whatcom Transportation Authority","route_count":1,"route_ids":"27","route_short_names":"27","route_types":"3","route_type_names":"Bus","routes_json":"[{\"route_id\":\"27\",\"route_short_name\":\"27\",\"route_long_name\":\"Ferndale&Cordata/WCC\",\"route_type\":\"3\",\"route_type_name\":\"Bus\",\"route_color\":\"94B0BE\",\"route_text_color\":\"FFFFFF\"}]"},"geometry":{"type":"Point","coordinates":[-122.594769,48.850234]}},{"type":"Feature","properties":{"stop_id":"429","stop_code":"7714","stop_name":"Vista Dr at 4th Ave","stop_desc":"","zone_id":"","stop_url":"","location_type":"","parent_station":"","stop_timezone":"","wheelchair_boarding":"2","feed_id":"Washington__Whatcom_Transportation_Authority__mdb_mdb-284","agency_name":"Whatcom Transportation Authority","route_count":1,"route_ids":"27","route_short_names":"27","route_types":"3","route_type_names":"Bus","routes_json":"[{\"route_id\":\"27\",\"route_short_name\":\"27\",\"route_long_name\":\"Ferndale&Cordata/WCC\",\"route_type\":\"3\",\"route_type_name\":\"Bus\",\"route_color\":\"94B0BE\",\"route_text_color\":\"FFFFFF\"}]"},"geometry":{"type":"Point","coordinates":[-122.593216,48.848745]}},{"type":"Feature","properties":{"stop_id":"430","stop_code":"9920","stop_name":"4th Ave at Vista Dr","stop_desc":"","zone_id":"","stop_url":"","location_type":"","parent_station":"","stop_timezone":"","wheelchair_boarding":"1","feed_id":"Washington__Whatcom_Transportation_Authority__mdb_mdb-284","agency_name":"Whatcom Transportation Authority","route_count":1,"route_ids":"27","route_short_names":"27","route_types":"3","route_type_names":"Bus","routes_json":"[{\"route_id\":\"27\",\"route_short_name\":\"27\",\"route_long_name\":\"Ferndale&Cordata/WCC\",\"route_type\":\"3\",\"route_type_name\":\"Bus\",\"route_color\":\"94B0BE\",\"route_text_color\":\"FFFFFF\"}]"},"geometry":{"type":"Point","coordinates":[-122.594298,48.84893]}},{"type":"Feature","properties":{"stop_id":"431","stop_code":"3258","stop_name":"Northwest Dr at 4500 Block","stop_desc":"","zone_id":"","stop_url":"","location_type":"","parent_station":"","stop_timezone":"","wheelchair_boarding":"2","feed_id":"Washington__Whatcom_Transportation_Authority__mdb_mdb-284","agency_name":"Whatcom Transportation Authority","route_count":1,"route_ids":"27","route_short_names":"27","route_types":"3","route_type_names":"Bus","routes_json":"[{\"route_id\":\"27\",\"route_short_name\":\"27\",\"route_long_name\":\"Ferndale&Cordata/WCC\",\"route_type\":\"3\",\"route_type_name\":\"Bus\",\"route_color\":\"94B0BE\",\"route_text_color\":\"FFFFFF\"}]"},"geometry":{"type":"Point","coordinates":[-122.51884,48.804268]}},{"type":"Feature","properties":{"stop_id":"432","stop_code":"2317","stop_name":"Northwest Dr at Trout Lake Dr","stop_desc":"","zone_id":"","stop_url":"","location_type":"","parent_station":"","stop_timezone":"","wheelchair_boarding":"2","feed_id":"Washington__Whatcom_Transportation_Authority__mdb_mdb-284","agency_name":"Whatcom Transportation Authority","route_count":1,"route_ids":"27","route_short_names":"27","route_types":"3","route_type_names":"Bus","routes_json":"[{\"route_id\":\"27\",\"route_short_name\":\"27\",\"route_long_name\":\"Ferndale&Cordata/WCC\",\"route_type\":\"3\",\"route_type_name\":\"Bus\",\"route_color\":\"94B0BE\",\"route_text_color\":\"FFFFFF\"}]"},"geometry":{"type":"Point","coordinates":[-122.51724,48.802174]}},{"type":"Feature","properties":{"stop_id":"433","stop_code":"2244","stop_name":"Northwest Dr at Larrabee Rd","stop_desc":"","zone_id":"","stop_url":"","location_type":"","parent_station":"","stop_timezone":"","wheelchair_boarding":"2","feed_id":"Washington__Whatcom_Transportation_Authority__mdb_mdb-284","agency_name":"Whatcom Transportation Authority","route_count":1,"route_ids":"27","route_short_names":"27","route_types":"3","route_type_names":"Bus","routes_json":"[{\"route_id\":\"27\",\"route_short_name\":\"27\",\"route_long_name\":\"Ferndale&Cordata/WCC\",\"route_type\":\"3\",\"route_type_name\":\"Bus\",\"route_color\":\"94B0BE\",\"route_text_color\":\"FFFFFF\"}]"},"geometry":{"type":"Point","coordinates":[-122.512737,48.796501]}},{"type":"Feature","properties":{"stop_id":"434","stop_code":"5528","stop_name":"H St at 11th St","stop_desc":"","zone_id":"","stop_url":"","location_type":"","parent_station":"","stop_timezone":"","wheelchair_boarding":"2","feed_id":"Washington__Whatcom_Transportation_Authority__mdb_mdb-284","agency_name":"Whatcom Transportation Authority","route_count":1,"route_ids":"75","route_short_names":"75","route_types":"3","route_type_names":"Bus","routes_json":"[{\"route_id\":\"75\",\"route_short_name\":\"75\",\"route_long_name\":\"Blaine/Birch Bay&Bellingham\",\"route_type\":\"3\",\"route_type_name\":\"Bus\",\"route_color\":\"F05B7D\",\"route_text_color\":\"FFFFFF\"}]"},"geometry":{"type":"Point","coordinates":[-122.736967,48.994075]}},{"type":"Feature","properties":{"stop_id":"436","stop_code":"5530","stop_name":"H St at Mitchell Ave","stop_desc":"","zone_id":"","stop_url":"","location_type":"","parent_station":"","stop_timezone":"","wheelchair_boarding":"2","feed_id":"Washington__Whatcom_Transportation_Authority__mdb_mdb-284","agency_name":"Whatcom Transportation Authority","route_count":1,"route_ids":"75","route_short_names":"75","route_types":"3","route_type_names":"Bus","routes_json":"[{\"route_id\":\"75\",\"route_short_name\":\"75\",\"route_long_name\":\"Blaine/Birch Bay&Bellingham\",\"route_type\":\"3\",\"route_type_name\":\"Bus\",\"route_color\":\"F05B7D\",\"route_text_color\":\"FFFFFF\"}]"},"geometry":{"type":"Point","coordinates":[-122.741126,48.994078]}},{"type":"Feature","properties":{"stop_id":"437","stop_code":"5531","stop_name":"H St at 6th St","stop_desc":"","zone_id":"","stop_url":"","location_type":"","parent_station":"","stop_timezone":"","wheelchair_boarding":"2","feed_id":"Washington__Whatcom_Transportation_Authority__mdb_mdb-284","agency_name":"Whatcom Transportation Authority","route_count":1,"route_ids":"75","route_short_names":"75","route_types":"3","route_type_names":"Bus","routes_json":"[{\"route_id\":\"75\",\"route_short_name\":\"75\",\"route_long_name\":\"Blaine/Birch Bay&Bellingham\",\"route_type\":\"3\",\"route_type_name\":\"Bus\",\"route_color\":\"F05B7D\",\"route_text_color\":\"FFFFFF\"}]"},"geometry":{"type":"Point","coordinates":[-122.743944,48.994538]}},{"type":"Feature","properties":{"stop_id":"438","stop_code":"9200","stop_name":"Front St at Fairgrounds West","stop_desc":"","zone_id":"","stop_url":"","location_type":"","parent_station":"","stop_timezone":"","wheelchair_boarding":"1","feed_id":"Washington__Whatcom_Transportation_Authority__mdb_mdb-284","agency_name":"Whatcom Transportation Authority","route_count":1,"route_ids":"26","route_short_names":"26","route_types":"3","route_type_names":"Bus","routes_json":"[{\"route_id\":\"26\",\"route_short_name\":\"26\",\"route_long_name\":\"Lynden&Cordata/WCC\",\"route_type\":\"3\",\"route_type_name\":\"Bus\",\"route_color\":\"7A6026\",\"route_text_color\":\"FFFFFF\"}]"},"geometry":{"type":"Point","coordinates":[-122.47673,48.939091]}},{"type":"Feature","properties":{"stop_id":"439","stop_code":"2488","stop_name":"Grover St at 3rd St","stop_desc":"","zone_id":"","stop_url":"","location_type":"","parent_station":"","stop_timezone":"","wheelchair_boarding":"2","feed_id":"Washington__Whatcom_Transportation_Authority__mdb_mdb-284","agency_name":"Whatcom Transportation Authority","route_count":1,"route_ids":"26","route_short_names":"26","route_types":"3","route_type_names":"Bus","routes_json":"[{\"route_id\":\"26\",\"route_short_name\":\"26\",\"route_long_name\":\"Lynden&Cordata/WCC\",\"route_type\":\"3\",\"route_type_name\":\"Bus\",\"route_color\":\"7A6026\",\"route_text_color\":\"FFFFFF\"}]"},"geometry":{"type":"Point","coordinates":[-122.450492,48.944622]}},{"type":"Feature","properties":{"stop_id":"440","stop_code":"2489","stop_name":"Grover St at 1st St","stop_desc":"","zone_id":"","stop_url":"","location_type":"","parent_station":"","stop_timezone":"","wheelchair_boarding":"2","feed_id":"Washington__Whatcom_Transportation_Authority__mdb_mdb-284","agency_name":"Whatcom Transportation Authority","route_count":1,"route_ids":"26","route_short_names":"26","route_types":"3","route_type_names":"Bus","routes_json":"[{\"route_id\":\"26\",\"route_short_name\":\"26\",\"route_long_name\":\"Lynden&Cordata/WCC\",\"route_type\":\"3\",\"route_type_name\":\"Bus\",\"route_color\":\"7A6026\",\"route_text_color\":\"FFFFFF\"}]"},"geometry":{"type":"Point","coordinates":[-122.44815,48.945316]}},{"type":"Feature","properties":{"stop_id":"441","stop_code":"2490","stop_name":"Grover St at Lawrence St","stop_desc":"","zone_id":"","stop_url":"","location_type":"","parent_station":"","stop_timezone":"","wheelchair_boarding":"2","feed_id":"Washington__Whatcom_Transportation_Authority__mdb_mdb-284","agency_name":"Whatcom Transportation Authority","route_count":1,"route_ids":"26","route_short_names":"26","route_types":"3","route_type_names":"Bus","routes_json":"[{\"route_id\":\"26\",\"route_short_name\":\"26\",\"route_long_name\":\"Lynden&Cordata/WCC\",\"route_type\":\"3\",\"route_type_name\":\"Bus\",\"route_color\":\"7A6026\",\"route_text_color\":\"FFFFFF\"}]"},"geometry":{"type":"Point","coordinates":[-122.44633,48.945892]}},{"type":"Feature","properties":{"stop_id":"442","stop_code":"2491","stop_name":"Grover St at Hawley St","stop_desc":"","zone_id":"","stop_url":"","location_type":"","parent_station":"","stop_timezone":"","wheelchair_boarding":"1","feed_id":"Washington__Whatcom_Transportation_Authority__mdb_mdb-284","agency_name":"Whatcom Transportation Authority","route_count":1,"route_ids":"26","route_short_names":"26","route_types":"3","route_type_names":"Bus","routes_json":"[{\"route_id\":\"26\",\"route_short_name\":\"26\",\"route_long_name\":\"Lynden&Cordata/WCC\",\"route_type\":\"3\",\"route_type_name\":\"Bus\",\"route_color\":\"7A6026\",\"route_text_color\":\"FFFFFF\"}]"},"geometry":{"type":"Point","coordinates":[-122.443731,48.946673]}},{"type":"Feature","properties":{"stop_id":"443","stop_code":"2492","stop_name":"Grover St at Division St","stop_desc":"","zone_id":"","stop_url":"","location_type":"","parent_station":"","stop_timezone":"","wheelchair_boarding":"2","feed_id":"Washington__Whatcom_Transportation_Authority__mdb_mdb-284","agency_name":"Whatcom Transportation Authority","route_count":1,"route_ids":"26","route_short_names":"26","route_types":"3","route_type_names":"Bus","routes_json":"[{\"route_id\":\"26\",\"route_short_name\":\"26\",\"route_long_name\":\"Lynden&Cordata/WCC\",\"route_type\":\"3\",\"route_type_name\":\"Bus\",\"route_color\":\"7A6026\",\"route_text_color\":\"FFFFFF\"}]"},"geometry":{"type":"Point","coordinates":[-122.440629,48.947602]}},{"type":"Feature","properties":{"stop_id":"444","stop_code":"2493","stop_name":"Grover St at Tierney St","stop_desc":"","zone_id":"","stop_url":"","location_type":"","parent_station":"","stop_timezone":"","wheelchair_boarding":"2","feed_id":"Washington__Whatcom_Transportation_Authority__mdb_mdb-284","agency_name":"Whatcom Transportation Authority","route_count":1,"route_ids":"26","route_short_names":"26","route_types":"3","route_type_names":"Bus","routes_json":"[{\"route_id\":\"26\",\"route_short_name\":\"26\",\"route_long_name\":\"Lynden&Cordata/WCC\",\"route_type\":\"3\",\"route_type_name\":\"Bus\",\"route_color\":\"7A6026\",\"route_text_color\":\"FFFFFF\"}]"},"geometry":{"type":"Point","coordinates":[-122.436093,48.948981]}},{"type":"Feature","properties":{"stop_id":"445","stop_code":"2494","stop_name":"Grover St at S Garden Dr","stop_desc":"","zone_id":"","stop_url":"","location_type":"","parent_station":"","stop_timezone":"","wheelchair_boarding":"2","feed_id":"Washington__Whatcom_Transportation_Authority__mdb_mdb-284","agency_name":"Whatcom Transportation Authority","route_count":1,"route_ids":"26","route_short_names":"26","route_types":"3","route_type_names":"Bus","routes_json":"[{\"route_id\":\"26\",\"route_short_name\":\"26\",\"route_long_name\":\"Lynden&Cordata/WCC\",\"route_type\":\"3\",\"route_type_name\":\"Bus\",\"route_color\":\"7A6026\",\"route_text_color\":\"FFFFFF\"}]"},"geometry":{"type":"Point","coordinates":[-122.431916,48.950217]}},{"type":"Feature","properties":{"stop_id":"446","stop_code":"2495","stop_name":"Vinup Rd at Lynden High School","stop_desc":"","zone_id":"","stop_url":"","location_type":"","parent_station":"","stop_timezone":"","wheelchair_boarding":"2","feed_id":"Washington__Whatcom_Transportation_Authority__mdb_mdb-284","agency_name":"Whatcom Transportation Authority","route_count":1,"route_ids":"26","route_short_names":"26","route_types":"3","route_type_names":"Bus","routes_json":"[{\"route_id\":\"26\",\"route_short_name\":\"26\",\"route_long_name\":\"Lynden&Cordata/WCC\",\"route_type\":\"3\",\"route_type_name\":\"Bus\",\"route_color\":\"7A6026\",\"route_text_color\":\"FFFFFF\"}]"},"geometry":{"type":"Point","coordinates":[-122.42986,48.952339]}},{"type":"Feature","properties":{"stop_id":"449","stop_code":"2902","stop_name":"Aaron Dr at Willow St","stop_desc":"","zone_id":"","stop_url":"","location_type":"","parent_station":"","stop_timezone":"","wheelchair_boarding":"1","feed_id":"Washington__Whatcom_Transportation_Authority__mdb_mdb-284","agency_name":"Whatcom Transportation Authority","route_count":1,"route_ids":"26","route_short_names":"26","route_types":"3","route_type_names":"Bus","routes_json":"[{\"route_id\":\"26\",\"route_short_name\":\"26\",\"route_long_name\":\"Lynden&Cordata/WCC\",\"route_type\":\"3\",\"route_type_name\":\"Bus\",\"route_color\":\"7A6026\",\"route_text_color\":\"FFFFFF\"}]"},"geometry":{"type":"Point","coordinates":[-122.432929,48.962493]}},{"type":"Feature","properties":{"stop_id":"450","stop_code":"2903","stop_name":"Aaron Dr at Lynden Manor","stop_desc":"","zone_id":"","stop_url":"","location_type":"","parent_station":"","stop_timezone":"","wheelchair_boarding":"2","feed_id":"Washington__Whatcom_Transportation_Authority__mdb_mdb-284","agency_name":"Whatcom Transportation Authority","route_count":1,"route_ids":"26","route_short_names":"26","route_types":"3","route_type_names":"Bus","routes_json":"[{\"route_id\":\"26\",\"route_short_name\":\"26\",\"route_long_name\":\"Lynden&Cordata/WCC\",\"route_type\":\"3\",\"route_type_name\":\"Bus\",\"route_color\":\"7A6026\",\"route_text_color\":\"FFFFFF\"}]"},"geometry":{"type":"Point","coordinates":[-122.436872,48.962553]}},{"type":"Feature","properties":{"stop_id":"451","stop_code":"2904","stop_name":"Aaron Dr at Bender Rd","stop_desc":"","zone_id":"","stop_url":"","location_type":"","parent_station":"","stop_timezone":"","wheelchair_boarding":"1","feed_id":"Washington__Whatcom_Transportation_Authority__mdb_mdb-284","agency_name":"Whatcom Transportation Authority","route_count":1,"route_ids":"26","route_short_names":"26","route_types":"3","route_type_names":"Bus","routes_json":"[{\"route_id\":\"26\",\"route_short_name\":\"26\",\"route_long_name\":\"Lynden&Cordata/WCC\",\"route_type\":\"3\",\"route_type_name\":\"Bus\",\"route_color\":\"7A6026\",\"route_text_color\":\"FFFFFF\"}]"},"geometry":{"type":"Point","coordinates":[-122.440713,48.962587]}},{"type":"Feature","properties":{"stop_id":"452","stop_code":"2905","stop_name":"Bender Rd at Heather Dr","stop_desc":"","zone_id":"","stop_url":"","location_type":"","parent_station":"","stop_timezone":"","wheelchair_boarding":"2","feed_id":"Washington__Whatcom_Transportation_Authority__mdb_mdb-284","agency_name":"Whatcom Transportation Authority","route_count":1,"route_ids":"26","route_short_names":"26","route_types":"3","route_type_names":"Bus","routes_json":"[{\"route_id\":\"26\",\"route_short_name\":\"26\",\"route_long_name\":\"Lynden&Cordata/WCC\",\"route_type\":\"3\",\"route_type_name\":\"Bus\",\"route_color\":\"7A6026\",\"route_text_color\":\"FFFFFF\"}]"},"geometry":{"type":"Point","coordinates":[-122.441279,48.961322]}},{"type":"Feature","properties":{"stop_id":"453","stop_code":"2499","stop_name":"Homestead Blvd at Bender Rd","stop_desc":"","zone_id":"","stop_url":"","location_type":"","parent_station":"","stop_timezone":"","wheelchair_boarding":"2","feed_id":"Washington__Whatcom_Transportation_Authority__mdb_mdb-284","agency_name":"Whatcom Transportation Authority","route_count":1,"route_ids":"26","route_short_names":"26","route_types":"3","route_type_names":"Bus","routes_json":"[{\"route_id\":\"26\",\"route_short_name\":\"26\",\"route_long_name\":\"Lynden&Cordata/WCC\",\"route_type\":\"3\",\"route_type_name\":\"Bus\",\"route_color\":\"7A6026\",\"route_text_color\":\"FFFFFF\"}]"},"geometry":{"type":"Point","coordinates":[-122.441946,48.957939]}},{"type":"Feature","properties":{"stop_id":"454","stop_code":"2500","stop_name":"Homestead Blvd at Twin Sister Ct","stop_desc":"","zone_id":"","stop_url":"","location_type":"","parent_station":"","stop_timezone":"","wheelchair_boarding":"2","feed_id":"Washington__Whatcom_Transportation_Authority__mdb_mdb-284","agency_name":"Whatcom Transportation Authority","route_count":1,"route_ids":"26","route_short_names":"26","route_types":"3","route_type_names":"Bus","routes_json":"[{\"route_id\":\"26\",\"route_short_name\":\"26\",\"route_long_name\":\"Lynden&Cordata/WCC\",\"route_type\":\"3\",\"route_type_name\":\"Bus\",\"route_color\":\"7A6026\",\"route_text_color\":\"FFFFFF\"}]"},"geometry":{"type":"Point","coordinates":[-122.447002,48.960135]}},{"type":"Feature","properties":{"stop_id":"455","stop_code":"2550","stop_name":"Depot Rd at Maberry Dr","stop_desc":"","zone_id":"","stop_url":"","location_type":"","parent_station":"","stop_timezone":"","wheelchair_boarding":"1","feed_id":"Washington__Whatcom_Transportation_Authority__mdb_mdb-284","agency_name":"Whatcom Transportation Authority","route_count":1,"route_ids":"26","route_short_names":"26","route_types":"3","route_type_names":"Bus","routes_json":"[{\"route_id\":\"26\",\"route_short_name\":\"26\",\"route_long_name\":\"Lynden&Cordata/WCC\",\"route_type\":\"3\",\"route_type_name\":\"Bus\",\"route_color\":\"7A6026\",\"route_text_color\":\"FFFFFF\"}]"},"geometry":{"type":"Point","coordinates":[-122.45234,48.958195]}},{"type":"Feature","properties":{"stop_id":"456","stop_code":"8947","stop_name":"Depot Rd at Springview Dr","stop_desc":"","zone_id":"","stop_url":"","location_type":"","parent_station":"","stop_timezone":"","wheelchair_boarding":"2","feed_id":"Washington__Whatcom_Transportation_Authority__mdb_mdb-284","agency_name":"Whatcom Transportation Authority","route_count":1,"route_ids":"26","route_short_names":"26","route_types":"3","route_type_names":"Bus","routes_json":"[{\"route_id\":\"26\",\"route_short_name\":\"26\",\"route_long_name\":\"Lynden&Cordata/WCC\",\"route_type\":\"3\",\"route_type_name\":\"Bus\",\"route_color\":\"7A6026\",\"route_text_color\":\"FFFFFF\"}]"},"geometry":{"type":"Point","coordinates":[-122.45235,48.953793]}},{"type":"Feature","properties":{"stop_id":"457","stop_code":"2551","stop_name":"Depot Rd at Cedar Dr","stop_desc":"","zone_id":"","stop_url":"","location_type":"","parent_station":"","stop_timezone":"","wheelchair_boarding":"2","feed_id":"Washington__Whatcom_Transportation_Authority__mdb_mdb-284","agency_name":"Whatcom Transportation Authority","route_count":1,"route_ids":"26","route_short_names":"26","route_types":"3","route_type_names":"Bus","routes_json":"[{\"route_id\":\"26\",\"route_short_name\":\"26\",\"route_long_name\":\"Lynden&Cordata/WCC\",\"route_type\":\"3\",\"route_type_name\":\"Bus\",\"route_color\":\"7A6026\",\"route_text_color\":\"FFFFFF\"}]"},"geometry":{"type":"Point","coordinates":[-122.452349,48.952095]}},{"type":"Feature","properties":{"stop_id":"458","stop_code":"2503","stop_name":"Depot Rd at South Park St","stop_desc":"","zone_id":"","stop_url":"","location_type":"","parent_station":"","stop_timezone":"","wheelchair_boarding":"2","feed_id":"Washington__Whatcom_Transportation_Authority__mdb_mdb-284","agency_name":"Whatcom Transportation Authority","route_count":1,"route_ids":"26","route_short_names":"26","route_types":"3","route_type_names":"Bus","routes_json":"[{\"route_id\":\"26\",\"route_short_name\":\"26\",\"route_long_name\":\"Lynden&Cordata/WCC\",\"route_type\":\"3\",\"route_type_name\":\"Bus\",\"route_color\":\"7A6026\",\"route_text_color\":\"FFFFFF\"}]"},"geometry":{"type":"Point","coordinates":[-122.452366,48.948991]}},{"type":"Feature","properties":{"stop_id":"459","stop_code":"2231","stop_name":"Guide Meridian at Wiser Lake Rd","stop_desc":"","zone_id":"","stop_url":"","location_type":"","parent_station":"","stop_timezone":"","wheelchair_boarding":"1","feed_id":"Washington__Whatcom_Transportation_Authority__mdb_mdb-284","agency_name":"Whatcom Transportation Authority","route_count":1,"route_ids":"26","route_short_names":"26","route_types":"3","route_type_names":"Bus","routes_json":"[{\"route_id\":\"26\",\"route_short_name\":\"26\",\"route_long_name\":\"Lynden&Cordata/WCC\",\"route_type\":\"3\",\"route_type_name\":\"Bus\",\"route_color\":\"7A6026\",\"route_text_color\":\"FFFFFF\"}]"},"geometry":{"type":"Point","coordinates":[-122.485403,48.907624]}},{"type":"Feature","properties":{"stop_id":"460","stop_code":"8986","stop_name":"Kok Rd at 19th St","stop_desc":"","zone_id":"","stop_url":"","location_type":"","parent_station":"","stop_timezone":"","wheelchair_boarding":"2","feed_id":"Washington__Whatcom_Transportation_Authority__mdb_mdb-284","agency_name":"Whatcom Transportation Authority","route_count":1,"route_ids":"26","route_short_names":"26","route_types":"3","route_type_names":"Bus","routes_json":"[{\"route_id\":\"26\",\"route_short_name\":\"26\",\"route_long_name\":\"Lynden&Cordata/WCC\",\"route_type\":\"3\",\"route_type_name\":\"Bus\",\"route_color\":\"7A6026\",\"route_text_color\":\"FFFFFF\"}]"},"geometry":{"type":"Point","coordinates":[-122.48289,48.935172]}},{"type":"Feature","properties":{"stop_id":"461","stop_code":"3238","stop_name":"Kok Rd at 19th St","stop_desc":"","zone_id":"","stop_url":"","location_type":"","parent_station":"","stop_timezone":"","wheelchair_boarding":"2","feed_id":"Washington__Whatcom_Transportation_Authority__mdb_mdb-284","agency_name":"Whatcom Transportation Authority","route_count":1,"route_ids":"26","route_short_names":"26","route_types":"3","route_type_names":"Bus","routes_json":"[{\"route_id\":\"26\",\"route_short_name\":\"26\",\"route_long_name\":\"Lynden&Cordata/WCC\",\"route_type\":\"3\",\"route_type_name\":\"Bus\",\"route_color\":\"7A6026\",\"route_text_color\":\"FFFFFF\"}]"},"geometry":{"type":"Point","coordinates":[-122.483236,48.935306]}},{"type":"Feature","properties":{"stop_id":"463","stop_code":"9201","stop_name":"Front St at 18th St","stop_desc":"","zone_id":"","stop_url":"","location_type":"","parent_station":"","stop_timezone":"","wheelchair_boarding":"1","feed_id":"Washington__Whatcom_Transportation_Authority__mdb_mdb-284","agency_name":"Whatcom Transportation Authority","route_count":1,"route_ids":"26","route_short_names":"26","route_types":"3","route_type_names":"Bus","routes_json":"[{\"route_id\":\"26\",\"route_short_name\":\"26\",\"route_long_name\":\"Lynden&Cordata/WCC\",\"route_type\":\"3\",\"route_type_name\":\"Bus\",\"route_color\":\"7A6026\",\"route_text_color\":\"FFFFFF\"}]"},"geometry":{"type":"Point","coordinates":[-122.47259,48.939335]}},{"type":"Feature","properties":{"stop_id":"464","stop_code":"9202","stop_name":"Front St at 15th St","stop_desc":"","zone_id":"","stop_url":"","location_type":"","parent_station":"","stop_timezone":"","wheelchair_boarding":"2","feed_id":"Washington__Whatcom_Transportation_Authority__mdb_mdb-284","agency_name":"Whatcom Transportation Authority","route_count":1,"route_ids":"26","route_short_names":"26","route_types":"3","route_type_names":"Bus","routes_json":"[{\"route_id\":\"26\",\"route_short_name\":\"26\",\"route_long_name\":\"Lynden&Cordata/WCC\",\"route_type\":\"3\",\"route_type_name\":\"Bus\",\"route_color\":\"7A6026\",\"route_text_color\":\"FFFFFF\"}]"},"geometry":{"type":"Point","coordinates":[-122.466705,48.939548]}},{"type":"Feature","properties":{"stop_id":"465","stop_code":"9203","stop_name":"Front St at British Columbia Ave","stop_desc":"","zone_id":"","stop_url":"","location_type":"","parent_station":"","stop_timezone":"","wheelchair_boarding":"1","feed_id":"Washington__Whatcom_Transportation_Authority__mdb_mdb-284","agency_name":"Whatcom Transportation Authority","route_count":1,"route_ids":"26","route_short_names":"26","route_types":"3","route_type_names":"Bus","routes_json":"[{\"route_id\":\"26\",\"route_short_name\":\"26\",\"route_long_name\":\"Lynden&Cordata/WCC\",\"route_type\":\"3\",\"route_type_name\":\"Bus\",\"route_color\":\"7A6026\",\"route_text_color\":\"FFFFFF\"}]"},"geometry":{"type":"Point","coordinates":[-122.463196,48.939625]}},{"type":"Feature","properties":{"stop_id":"466","stop_code":"9204","stop_name":"Front St at 10th St","stop_desc":"","zone_id":"","stop_url":"","location_type":"","parent_station":"","stop_timezone":"","wheelchair_boarding":"2","feed_id":"Washington__Whatcom_Transportation_Authority__mdb_mdb-284","agency_name":"Whatcom Transportation Authority","route_count":1,"route_ids":"26","route_short_names":"26","route_types":"3","route_type_names":"Bus","routes_json":"[{\"route_id\":\"26\",\"route_short_name\":\"26\",\"route_long_name\":\"Lynden&Cordata/WCC\",\"route_type\":\"3\",\"route_type_name\":\"Bus\",\"route_color\":\"7A6026\",\"route_text_color\":\"FFFFFF\"}]"},"geometry":{"type":"Point","coordinates":[-122.459415,48.940771]}},{"type":"Feature","properties":{"stop_id":"467","stop_code":"9205","stop_name":"Front St at 9th St","stop_desc":"","zone_id":"","stop_url":"","location_type":"","parent_station":"","stop_timezone":"","wheelchair_boarding":"2","feed_id":"Washington__Whatcom_Transportation_Authority__mdb_mdb-284","agency_name":"Whatcom Transportation Authority","route_count":1,"route_ids":"26","route_short_names":"26","route_types":"3","route_type_names":"Bus","routes_json":"[{\"route_id\":\"26\",\"route_short_name\":\"26\",\"route_long_name\":\"Lynden&Cordata/WCC\",\"route_type\":\"3\",\"route_type_name\":\"Bus\",\"route_color\":\"7A6026\",\"route_text_color\":\"FFFFFF\"}]"},"geometry":{"type":"Point","coordinates":[-122.457806,48.941255]}},{"type":"Feature","properties":{"stop_id":"468","stop_code":"9206","stop_name":"Front St at 7th St","stop_desc":"","zone_id":"","stop_url":"","location_type":"","parent_station":"","stop_timezone":"","wheelchair_boarding":"1","feed_id":"Washington__Whatcom_Transportation_Authority__mdb_mdb-284","agency_name":"Whatcom Transportation Authority","route_count":1,"route_ids":"26","route_short_names":"26","route_types":"3","route_type_names":"Bus","routes_json":"[{\"route_id\":\"26\",\"route_short_name\":\"26\",\"route_long_name\":\"Lynden&Cordata/WCC\",\"route_type\":\"3\",\"route_type_name\":\"Bus\",\"route_color\":\"7A6026\",\"route_text_color\":\"FFFFFF\"}]"},"geometry":{"type":"Point","coordinates":[-122.455714,48.941886]}},{"type":"Feature","properties":{"stop_id":"470","stop_code":"3239","stop_name":"Guide Meridian at Wiser Lake Rd","stop_desc":"","zone_id":"","stop_url":"","location_type":"","parent_station":"","stop_timezone":"","wheelchair_boarding":"1","feed_id":"Washington__Whatcom_Transportation_Authority__mdb_mdb-284","agency_name":"Whatcom Transportation Authority","route_count":1,"route_ids":"26","route_short_names":"26","route_types":"3","route_type_names":"Bus","routes_json":"[{\"route_id\":\"26\",\"route_short_name\":\"26\",\"route_long_name\":\"Lynden&Cordata/WCC\",\"route_type\":\"3\",\"route_type_name\":\"Bus\",\"route_color\":\"7A6026\",\"route_text_color\":\"FFFFFF\"}]"},"geometry":{"type":"Point","coordinates":[-122.48574,48.906013]}},{"type":"Feature","properties":{"stop_id":"471","stop_code":"3121","stop_name":"Lakeway Dr at Roland St","stop_desc":"","zone_id":"","stop_url":"","location_type":"","parent_station":"","stop_timezone":"","wheelchair_boarding":"2","feed_id":"Washington__Whatcom_Transportation_Authority__mdb_mdb-284","agency_name":"Whatcom Transportation Authority","route_count":2,"route_ids":"512|525","route_short_names":"512|525","route_types":"3","route_type_names":"Bus","routes_json":"[{\"route_id\":\"512\",\"route_short_name\":\"512\",\"route_long_name\":\"Sudden Valley&Downtown\",\"route_type\":\"3\",\"route_type_name\":\"Bus\",\"route_color\":\"F287B7\",\"route_text_color\":\"000000\"},{\"route_id\":\"525\",\"route_short_name\":\"525\",\"route_long_name\":\"Barkley&Downtown\",\"route_type\":\"3\",\"route_type_name\":\"Bus\",\"route_color\":\"8F53A1\",\"route_text_color\":\"FFFFFF\"}]"},"geometry":{"type":"Point","coordinates":[-122.431237,48.748186]}},{"type":"Feature","properties":{"stop_id":"472","stop_code":"3122","stop_name":"Lakeway Dr at Kenoyer Dr","stop_desc":"","zone_id":"","stop_url":"","location_type":"","parent_station":"","stop_timezone":"","wheelchair_boarding":"2","feed_id":"Washington__Whatcom_Transportation_Authority__mdb_mdb-284","agency_name":"Whatcom Transportation Authority","route_count":2,"route_ids":"512|525","route_short_names":"512|525","route_types":"3","route_type_names":"Bus","routes_json":"[{\"route_id\":\"512\",\"route_short_name\":\"512\",\"route_long_name\":\"Sudden Valley&Downtown\",\"route_type\":\"3\",\"route_type_name\":\"Bus\",\"route_color\":\"F287B7\",\"route_text_color\":\"000000\"},{\"route_id\":\"525\",\"route_short_name\":\"525\",\"route_long_name\":\"Barkley&Downtown\",\"route_type\":\"3\",\"route_type_name\":\"Bus\",\"route_color\":\"8F53A1\",\"route_text_color\":\"FFFFFF\"}]"},"geometry":{"type":"Point","coordinates":[-122.435826,48.74756]}},{"type":"Feature","properties":{"stop_id":"473","stop_code":"2128","stop_name":"Lakeway Dr at Clearbrook Dr","stop_desc":"","zone_id":"","stop_url":"","location_type":"","parent_station":"","stop_timezone":"","wheelchair_boarding":"2","feed_id":"Washington__Whatcom_Transportation_Authority__mdb_mdb-284","agency_name":"Whatcom Transportation Authority","route_count":2,"route_ids":"512|525","route_short_names":"512|525","route_types":"3","route_type_names":"Bus","routes_json":"[{\"route_id\":\"512\",\"route_short_name\":\"512\",\"route_long_name\":\"Sudden Valley&Downtown\",\"route_type\":\"3\",\"route_type_name\":\"Bus\",\"route_color\":\"F287B7\",\"route_text_color\":\"000000\"},{\"route_id\":\"525\",\"route_short_name\":\"525\",\"route_long_name\":\"Barkley&Downtown\",\"route_type\":\"3\",\"route_type_name\":\"Bus\",\"route_color\":\"8F53A1\",\"route_text_color\":\"FFFFFF\"}]"},"geometry":{"type":"Point","coordinates":[-122.438555,48.747674]}},{"type":"Feature","properties":{"stop_id":"474","stop_code":"3123","stop_name":"Lakeway Dr at Bayview Cemetery","stop_desc":"","zone_id":"","stop_url":"","location_type":"","parent_station":"","stop_timezone":"","wheelchair_boarding":"2","feed_id":"Washington__Whatcom_Transportation_Authority__mdb_mdb-284","agency_name":"Whatcom Transportation Authority","route_count":2,"route_ids":"512|525","route_short_names":"512|525","route_types":"3","route_type_names":"Bus","routes_json":"[{\"route_id\":\"512\",\"route_short_name\":\"512\",\"route_long_name\":\"Sudden Valley&Downtown\",\"route_type\":\"3\",\"route_type_name\":\"Bus\",\"route_color\":\"F287B7\",\"route_text_color\":\"000000\"},{\"route_id\":\"525\",\"route_short_name\":\"525\",\"route_long_name\":\"Barkley&Downtown\",\"route_type\":\"3\",\"route_type_name\":\"Bus\",\"route_color\":\"8F53A1\",\"route_text_color\":\"FFFFFF\"}]"},"geometry":{"type":"Point","coordinates":[-122.44143,48.746445]}},{"type":"Feature","properties":{"stop_id":"476","stop_code":"2129","stop_name":"Lakeway Dr at Queen St","stop_desc":"","zone_id":"","stop_url":"","location_type":"","parent_station":"","stop_timezone":"","wheelchair_boarding":"2","feed_id":"Washington__Whatcom_Transportation_Authority__mdb_mdb-284","agency_name":"Whatcom Transportation Authority","route_count":4,"route_ids":"512|525|533|540","route_short_names":"512|525|533|540","route_types":"3","route_type_names":"Bus","routes_json":"[{\"route_id\":\"512\",\"route_short_name\":\"512\",\"route_long_name\":\"Sudden Valley&Downtown\",\"route_type\":\"3\",\"route_type_name\":\"Bus\",\"route_color\":\"F287B7\",\"route_text_color\":\"000000\"},{\"route_id\":\"525\",\"route_short_name\":\"525\",\"route_long_name\":\"Barkley&Downtown\",\"route_type\":\"3\",\"route_type_name\":\"Bus\",\"route_color\":\"8F53A1\",\"route_text_color\":\"FFFFFF\"},{\"route_id\":\"533\",\"route_short_name\":\"533\",\"route_long_name\":\"Yew St\",\"route_type\":\"3\",\"route_type_name\":\"Bus\",\"route_color\":\"F8C1D9\",\"route_text_color\":\"000000\"},{\"route_id\":\"540\",\"route_short_name\":\"540\",\"route_long_name\":\"Sunset&Downtown\",\"route_type\":\"3\",\"route_type_name\":\"Bus\",\"route_color\":\"5F3075\",\"route_text_color\":\"FFFFFF\"}]"},"geometry":{"type":"Point","coordinates":[-122.454174,48.745212]}},{"type":"Feature","properties":{"stop_id":"478","stop_code":"3126","stop_name":"Lakeway Dr at Orleans St","stop_desc":"","zone_id":"","stop_url":"","location_type":"","parent_station":"","stop_timezone":"","wheelchair_boarding":"1","feed_id":"Washington__Whatcom_Transportation_Authority__mdb_mdb-284","agency_name":"Whatcom Transportation Authority","route_count":5,"route_ids":"512|525|533|540|6","route_short_names":"512|525|533|540|6","route_types":"3","route_type_names":"Bus","routes_json":"[{\"route_id\":\"512\",\"route_short_name\":\"512\",\"route_long_name\":\"Sudden Valley&Downtown\",\"route_type\":\"3\",\"route_type_name\":\"Bus\",\"route_color\":\"F287B7\",\"route_text_color\":\"000000\"},{\"route_id\":\"525\",\"route_short_name\":\"525\",\"route_long_name\":\"Barkley&Downtown\",\"route_type\":\"3\",\"route_type_name\":\"Bus\",\"route_color\":\"8F53A1\",\"route_text_color\":\"FFFFFF\"},{\"route_id\":\"533\",\"route_short_name\":\"533\",\"route_long_name\":\"Yew St\",\"route_type\":\"3\",\"route_type_name\":\"Bus\",\"route_color\":\"F8C1D9\",\"route_text_color\":\"000000\"},{\"route_id\":\"540\",\"route_short_name\":\"540\",\"route_long_name\":\"Sunset&Downtown\",\"route_type\":\"3\",\"route_type_name\":\"Bus\",\"route_color\":\"5F3075\",\"route_text_color\":\"FFFFFF\"},{\"route_id\":\"6\",\"route_short_name\":\"6\",\"route_long_name\":\"Fraser&Downtown\",\"route_type\":\"3\",\"route_type_name\":\"Bus\",\"route_color\":\"008040\",\"route_text_color\":\"FFFFFF\"}]"},"geometry":{"type":"Point","coordinates":[-122.45879,48.745041]}},{"type":"Feature","properties":{"stop_id":"484","stop_code":"3292","stop_name":"York St at Humboldt St","stop_desc":"","zone_id":"","stop_url":"","location_type":"","parent_station":"","stop_timezone":"","wheelchair_boarding":"2","feed_id":"Washington__Whatcom_Transportation_Authority__mdb_mdb-284","agency_name":"Whatcom Transportation Authority","route_count":1,"route_ids":"6","route_short_names":"6","route_types":"3","route_type_names":"Bus","routes_json":"[{\"route_id\":\"6\",\"route_short_name\":\"6\",\"route_long_name\":\"Fraser&Downtown\",\"route_type\":\"3\",\"route_type_name\":\"Bus\",\"route_color\":\"008040\",\"route_text_color\":\"FFFFFF\"}]"},"geometry":{"type":"Point","coordinates":[-122.467905,48.750651]}},{"type":"Feature","properties":{"stop_id":"486","stop_code":"3293","stop_name":"York St at Franklin St","stop_desc":"","zone_id":"","stop_url":"","location_type":"","parent_station":"","stop_timezone":"","wheelchair_boarding":"1","feed_id":"Washington__Whatcom_Transportation_Authority__mdb_mdb-284","agency_name":"Whatcom Transportation Authority","route_count":1,"route_ids":"6","route_short_names":"6","route_types":"3","route_type_names":"Bus","routes_json":"[{\"route_id\":\"6\",\"route_short_name\":\"6\",\"route_long_name\":\"Fraser&Downtown\",\"route_type\":\"3\",\"route_type_name\":\"Bus\",\"route_color\":\"008040\",\"route_text_color\":\"FFFFFF\"}]"},"geometry":{"type":"Point","coordinates":[-122.47033,48.75074]}},{"type":"Feature","properties":{"stop_id":"487","stop_code":"2532","stop_name":"York St at Franklin St","stop_desc":"","zone_id":"","stop_url":"","location_type":"","parent_station":"","stop_timezone":"","wheelchair_boarding":"2","feed_id":"Washington__Whatcom_Transportation_Authority__mdb_mdb-284","agency_name":"Whatcom Transportation Authority","route_count":1,"route_ids":"6","route_short_names":"6","route_types":"3","route_type_names":"Bus","routes_json":"[{\"route_id\":\"6\",\"route_short_name\":\"6\",\"route_long_name\":\"Fraser&Downtown\",\"route_type\":\"3\",\"route_type_name\":\"Bus\",\"route_color\":\"008040\",\"route_text_color\":\"FFFFFF\"}]"},"geometry":{"type":"Point","coordinates":[-122.470742,48.750591]}},{"type":"Feature","properties":{"stop_id":"490","stop_code":"1049","stop_name":"Lincoln St at Potter St","stop_desc":"","zone_id":"","stop_url":"","location_type":"","parent_station":"","stop_timezone":"","wheelchair_boarding":"2","feed_id":"Washington__Whatcom_Transportation_Authority__mdb_mdb-284","agency_name":"Whatcom Transportation Authority","route_count":2,"route_ids":"190|6","route_short_names":"190|6","route_types":"3","route_type_names":"Bus","routes_json":"[{\"route_id\":\"190\",\"route_short_name\":\"190\",\"route_long_name\":\"Lincoln St&Downtown\",\"route_type\":\"3\",\"route_type_name\":\"Bus\",\"route_color\":\"0095DA\",\"route_text_color\":\"FFFFFF\"},{\"route_id\":\"6\",\"route_short_name\":\"6\",\"route_long_name\":\"Fraser&Downtown\",\"route_type\":\"3\",\"route_type_name\":\"Bus\",\"route_color\":\"008040\",\"route_text_color\":\"FFFFFF\"}]"},"geometry":{"type":"Point","coordinates":[-122.462597,48.745886]}},{"type":"Feature","properties":{"stop_id":"491","stop_code":"3099","stop_name":"Lakeway Dr at Pacific St","stop_desc":"","zone_id":"","stop_url":"","location_type":"","parent_station":"","stop_timezone":"","wheelchair_boarding":"2","feed_id":"Washington__Whatcom_Transportation_Authority__mdb_mdb-284","agency_name":"Whatcom Transportation Authority","route_count":4,"route_ids":"512|525|540|6","route_short_names":"512|525|540|6","route_types":"3","route_type_names":"Bus","routes_json":"[{\"route_id\":\"512\",\"route_short_name\":\"512\",\"route_long_name\":\"Sudden Valley&Downtown\",\"route_type\":\"3\",\"route_type_name\":\"Bus\",\"route_color\":\"F287B7\",\"route_text_color\":\"000000\"},{\"route_id\":\"525\",\"route_short_name\":\"525\",\"route_long_name\":\"Barkley&Downtown\",\"route_type\":\"3\",\"route_type_name\":\"Bus\",\"route_color\":\"8F53A1\",\"route_text_color\":\"FFFFFF\"},{\"route_id\":\"540\",\"route_short_name\":\"540\",\"route_long_name\":\"Sunset&Downtown\",\"route_type\":\"3\",\"route_type_name\":\"Bus\",\"route_color\":\"5F3075\",\"route_text_color\":\"FFFFFF\"},{\"route_id\":\"6\",\"route_short_name\":\"6\",\"route_long_name\":\"Fraser&Downtown\",\"route_type\":\"3\",\"route_type_name\":\"Bus\",\"route_color\":\"008040\",\"route_text_color\":\"FFFFFF\"}]"},"geometry":{"type":"Point","coordinates":[-122.45757,48.744816]}},{"type":"Feature","properties":{"stop_id":"492","stop_code":"3100","stop_name":"Lakeway Dr at Racine St","stop_desc":"","zone_id":"","stop_url":"","location_type":"","parent_station":"","stop_timezone":"","wheelchair_boarding":"2","feed_id":"Washington__Whatcom_Transportation_Authority__mdb_mdb-284","agency_name":"Whatcom Transportation Authority","route_count":3,"route_ids":"512|525|540","route_short_names":"512|525|540","route_types":"3","route_type_names":"Bus","routes_json":"[{\"route_id\":\"512\",\"route_short_name\":\"512\",\"route_long_name\":\"Sudden Valley&Downtown\",\"route_type\":\"3\",\"route_type_name\":\"Bus\",\"route_color\":\"F287B7\",\"route_text_color\":\"000000\"},{\"route_id\":\"525\",\"route_short_name\":\"525\",\"route_long_name\":\"Barkley&Downtown\",\"route_type\":\"3\",\"route_type_name\":\"Bus\",\"route_color\":\"8F53A1\",\"route_text_color\":\"FFFFFF\"},{\"route_id\":\"540\",\"route_short_name\":\"540\",\"route_long_name\":\"Sunset&Downtown\",\"route_type\":\"3\",\"route_type_name\":\"Bus\",\"route_color\":\"5F3075\",\"route_text_color\":\"FFFFFF\"}]"},"geometry":{"type":"Point","coordinates":[-122.45367,48.745131]}},{"type":"Feature","properties":{"stop_id":"494","stop_code":"3102","stop_name":"Lakeway Dr at Undine St","stop_desc":"","zone_id":"","stop_url":"","location_type":"","parent_station":"","stop_timezone":"","wheelchair_boarding":"1","feed_id":"Washington__Whatcom_Transportation_Authority__mdb_mdb-284","agency_name":"Whatcom Transportation Authority","route_count":3,"route_ids":"512|525|540","route_short_names":"512|525|540","route_types":"3","route_type_names":"Bus","routes_json":"[{\"route_id\":\"512\",\"route_short_name\":\"512\",\"route_long_name\":\"Sudden Valley&Downtown\",\"route_type\":\"3\",\"route_type_name\":\"Bus\",\"route_color\":\"F287B7\",\"route_text_color\":\"000000\"},{\"route_id\":\"525\",\"route_short_name\":\"525\",\"route_long_name\":\"Barkley&Downtown\",\"route_type\":\"3\",\"route_type_name\":\"Bus\",\"route_color\":\"8F53A1\",\"route_text_color\":\"FFFFFF\"},{\"route_id\":\"540\",\"route_short_name\":\"540\",\"route_long_name\":\"Sunset&Downtown\",\"route_type\":\"3\",\"route_type_name\":\"Bus\",\"route_color\":\"5F3075\",\"route_text_color\":\"FFFFFF\"}]"},"geometry":{"type":"Point","coordinates":[-122.449707,48.745375]}},{"type":"Feature","properties":{"stop_id":"497","stop_code":"2124","stop_name":"Lakeway Dr at Bayview Cemetery","stop_desc":"","zone_id":"","stop_url":"","location_type":"","parent_station":"","stop_timezone":"","wheelchair_boarding":"2","feed_id":"Washington__Whatcom_Transportation_Authority__mdb_mdb-284","agency_name":"Whatcom Transportation Authority","route_count":2,"route_ids":"512|525","route_short_names":"512|525","route_types":"3","route_type_names":"Bus","routes_json":"[{\"route_id\":\"512\",\"route_short_name\":\"512\",\"route_long_name\":\"Sudden Valley&Downtown\",\"route_type\":\"3\",\"route_type_name\":\"Bus\",\"route_color\":\"F287B7\",\"route_text_color\":\"000000\"},{\"route_id\":\"525\",\"route_short_name\":\"525\",\"route_long_name\":\"Barkley&Downtown\",\"route_type\":\"3\",\"route_type_name\":\"Bus\",\"route_color\":\"8F53A1\",\"route_text_color\":\"FFFFFF\"}]"},"geometry":{"type":"Point","coordinates":[-122.44057,48.747032]}},{"type":"Feature","properties":{"stop_id":"498","stop_code":"3104","stop_name":"Lakeway Dr at Clearbrook Dr","stop_desc":"","zone_id":"","stop_url":"","location_type":"","parent_station":"","stop_timezone":"","wheelchair_boarding":"2","feed_id":"Washington__Whatcom_Transportation_Authority__mdb_mdb-284","agency_name":"Whatcom Transportation Authority","route_count":2,"route_ids":"512|525","route_short_names":"512|525","route_types":"3","route_type_names":"Bus","routes_json":"[{\"route_id\":\"512\",\"route_short_name\":\"512\",\"route_long_name\":\"Sudden Valley&Downtown\",\"route_type\":\"3\",\"route_type_name\":\"Bus\",\"route_color\":\"F287B7\",\"route_text_color\":\"000000\"},{\"route_id\":\"525\",\"route_short_name\":\"525\",\"route_long_name\":\"Barkley&Downtown\",\"route_type\":\"3\",\"route_type_name\":\"Bus\",\"route_color\":\"8F53A1\",\"route_text_color\":\"FFFFFF\"}]"},"geometry":{"type":"Point","coordinates":[-122.437692,48.747495]}},{"type":"Feature","properties":{"stop_id":"499","stop_code":"3105","stop_name":"Lakeway Dr at Kenoyer Dr","stop_desc":"","zone_id":"","stop_url":"","location_type":"","parent_station":"","stop_timezone":"","wheelchair_boarding":"2","feed_id":"Washington__Whatcom_Transportation_Authority__mdb_mdb-284","agency_name":"Whatcom Transportation Authority","route_count":2,"route_ids":"512|525","route_short_names":"512|525","route_types":"3","route_type_names":"Bus","routes_json":"[{\"route_id\":\"512\",\"route_short_name\":\"512\",\"route_long_name\":\"Sudden Valley&Downtown\",\"route_type\":\"3\",\"route_type_name\":\"Bus\",\"route_color\":\"F287B7\",\"route_text_color\":\"000000\"},{\"route_id\":\"525\",\"route_short_name\":\"525\",\"route_long_name\":\"Barkley&Downtown\",\"route_type\":\"3\",\"route_type_name\":\"Bus\",\"route_color\":\"8F53A1\",\"route_text_color\":\"FFFFFF\"}]"},"geometry":{"type":"Point","coordinates":[-122.43374,48.747337]}},{"type":"Feature","properties":{"stop_id":"500","stop_code":"3106","stop_name":"Lakeway Dr at Roland St","stop_desc":"","zone_id":"","stop_url":"","location_type":"","parent_station":"","stop_timezone":"","wheelchair_boarding":"2","feed_id":"Washington__Whatcom_Transportation_Authority__mdb_mdb-284","agency_name":"Whatcom Transportation Authority","route_count":2,"route_ids":"512|525","route_short_names":"512|525","route_types":"3","route_type_names":"Bus","routes_json":"[{\"route_id\":\"512\",\"route_short_name\":\"512\",\"route_long_name\":\"Sudden Valley&Downtown\",\"route_type\":\"3\",\"route_type_name\":\"Bus\",\"route_color\":\"F287B7\",\"route_text_color\":\"000000\"},{\"route_id\":\"525\",\"route_short_name\":\"525\",\"route_long_name\":\"Barkley&Downtown\",\"route_type\":\"3\",\"route_type_name\":\"Bus\",\"route_color\":\"8F53A1\",\"route_text_color\":\"FFFFFF\"}]"},"geometry":{"type":"Point","coordinates":[-122.431397,48.747973]}},{"type":"Feature","properties":{"stop_id":"501","stop_code":"3146","stop_name":"Cornwall Ave at York St","stop_desc":"","zone_id":"","stop_url":"","location_type":"","parent_station":"","stop_timezone":"","wheelchair_boarding":"1","feed_id":"Washington__Whatcom_Transportation_Authority__mdb_mdb-284","agency_name":"Whatcom Transportation Authority","route_count":1,"route_ids":"331","route_short_names":"331","route_types":"3","route_type_names":"Bus","routes_json":"[{\"route_id\":\"331\",\"route_short_name\":\"331\",\"route_long_name\":\"Cordata/WCC&Downtown\",\"route_type\":\"3\",\"route_type_name\":\"Bus\",\"route_color\":\"FAA61A\",\"route_text_color\":\"000000\"}]"},"geometry":{"type":"Point","coordinates":[-122.474975,48.753024]}},{"type":"Feature","properties":{"stop_id":"502","stop_code":"3147","stop_name":"Cornwall Ave at Ohio St","stop_desc":"","zone_id":"","stop_url":"","location_type":"","parent_station":"","stop_timezone":"","wheelchair_boarding":"1","feed_id":"Washington__Whatcom_Transportation_Authority__mdb_mdb-284","agency_name":"Whatcom Transportation Authority","route_count":1,"route_ids":"331","route_short_names":"331","route_types":"3","route_type_names":"Bus","routes_json":"[{\"route_id\":\"331\",\"route_short_name\":\"331\",\"route_long_name\":\"Cordata/WCC&Downtown\",\"route_type\":\"3\",\"route_type_name\":\"Bus\",\"route_color\":\"FAA61A\",\"route_text_color\":\"000000\"}]"},"geometry":{"type":"Point","coordinates":[-122.474922,48.755381]}},{"type":"Feature","properties":{"stop_id":"503","stop_code":"3148","stop_name":"Cornwall Ave at Kentucky St","stop_desc":"","zone_id":"","stop_url":"","location_type":"","parent_station":"","stop_timezone":"","wheelchair_boarding":"1","feed_id":"Washington__Whatcom_Transportation_Authority__mdb_mdb-284","agency_name":"Whatcom Transportation Authority","route_count":1,"route_ids":"331","route_short_names":"331","route_types":"3","route_type_names":"Bus","routes_json":"[{\"route_id\":\"331\",\"route_short_name\":\"331\",\"route_long_name\":\"Cordata/WCC&Downtown\",\"route_type\":\"3\",\"route_type_name\":\"Bus\",\"route_color\":\"FAA61A\",\"route_text_color\":\"000000\"}]"},"geometry":{"type":"Point","coordinates":[-122.474955,48.758079]}},{"type":"Feature","properties":{"stop_id":"504","stop_code":"2106","stop_name":"Cornwall Ave at Virginia St","stop_desc":"","zone_id":"","stop_url":"","location_type":"","parent_station":"","stop_timezone":"","wheelchair_boarding":"1","feed_id":"Washington__Whatcom_Transportation_Authority__mdb_mdb-284","agency_name":"Whatcom Transportation Authority","route_count":1,"route_ids":"331","route_short_names":"331","route_types":"3","route_type_names":"Bus","routes_json":"[{\"route_id\":\"331\",\"route_short_name\":\"331\",\"route_long_name\":\"Cordata/WCC&Downtown\",\"route_type\":\"3\",\"route_type_name\":\"Bus\",\"route_color\":\"FAA61A\",\"route_text_color\":\"000000\"}]"},"geometry":{"type":"Point","coordinates":[-122.47496,48.759787]}},{"type":"Feature","properties":{"stop_id":"507","stop_code":"2107","stop_name":"Alabama St at Humboldt St","stop_desc":"","zone_id":"","stop_url":"","location_type":"","parent_station":"","stop_timezone":"","wheelchair_boarding":"2","feed_id":"Washington__Whatcom_Transportation_Authority__mdb_mdb-284","agency_name":"Whatcom Transportation Authority","route_count":1,"route_ids":"331","route_short_names":"331","route_types":"3","route_type_names":"Bus","routes_json":"[{\"route_id\":\"331\",\"route_short_name\":\"331\",\"route_long_name\":\"Cordata/WCC&Downtown\",\"route_type\":\"3\",\"route_type_name\":\"Bus\",\"route_color\":\"FAA61A\",\"route_text_color\":\"000000\"}]"},"geometry":{"type":"Point","coordinates":[-122.467191,48.76295]}},{"type":"Feature","properties":{"stop_id":"508","stop_code":"3261","stop_name":"Alabama St at Nevada St","stop_desc":"","zone_id":"","stop_url":"","location_type":"","parent_station":"","stop_timezone":"","wheelchair_boarding":"1","feed_id":"Washington__Whatcom_Transportation_Authority__mdb_mdb-284","agency_name":"Whatcom Transportation Authority","route_count":1,"route_ids":"331","route_short_names":"331","route_types":"3","route_type_names":"Bus","routes_json":"[{\"route_id\":\"331\",\"route_short_name\":\"331\",\"route_long_name\":\"Cordata/WCC&Downtown\",\"route_type\":\"3\",\"route_type_name\":\"Bus\",\"route_color\":\"FAA61A\",\"route_text_color\":\"000000\"}]"},"geometry":{"type":"Point","coordinates":[-122.458746,48.762942]}},{"type":"Feature","properties":{"stop_id":"509","stop_code":"2108","stop_name":"Alabama St at Queen St","stop_desc":"","zone_id":"","stop_url":"","location_type":"","parent_station":"","stop_timezone":"","wheelchair_boarding":"1","feed_id":"Washington__Whatcom_Transportation_Authority__mdb_mdb-284","agency_name":"Whatcom Transportation Authority","route_count":1,"route_ids":"331","route_short_names":"331","route_types":"3","route_type_names":"Bus","routes_json":"[{\"route_id\":\"331\",\"route_short_name\":\"331\",\"route_long_name\":\"Cordata/WCC&Downtown\",\"route_type\":\"3\",\"route_type_name\":\"Bus\",\"route_color\":\"FAA61A\",\"route_text_color\":\"000000\"}]"},"geometry":{"type":"Point","coordinates":[-122.455406,48.762937]}},{"type":"Feature","properties":{"stop_id":"510","stop_code":"2109","stop_name":"Alabama St at St Paul St","stop_desc":"","zone_id":"","stop_url":"","location_type":"","parent_station":"","stop_timezone":"","wheelchair_boarding":"1","feed_id":"Washington__Whatcom_Transportation_Authority__mdb_mdb-284","agency_name":"Whatcom Transportation Authority","route_count":1,"route_ids":"331","route_short_names":"331","route_types":"3","route_type_names":"Bus","routes_json":"[{\"route_id\":\"331\",\"route_short_name\":\"331\",\"route_long_name\":\"Cordata/WCC&Downtown\",\"route_type\":\"3\",\"route_type_name\":\"Bus\",\"route_color\":\"FAA61A\",\"route_text_color\":\"000000\"}]"},"geometry":{"type":"Point","coordinates":[-122.451223,48.762944]}},{"type":"Feature","properties":{"stop_id":"511","stop_code":"8896","stop_name":"Alabama St at Undine St","stop_desc":"","zone_id":"","stop_url":"","location_type":"","parent_station":"","stop_timezone":"","wheelchair_boarding":"1","feed_id":"Washington__Whatcom_Transportation_Authority__mdb_mdb-284","agency_name":"Whatcom Transportation Authority","route_count":1,"route_ids":"331","route_short_names":"331","route_types":"3","route_type_names":"Bus","routes_json":"[{\"route_id\":\"331\",\"route_short_name\":\"331\",\"route_long_name\":\"Cordata/WCC&Downtown\",\"route_type\":\"3\",\"route_type_name\":\"Bus\",\"route_color\":\"FAA61A\",\"route_text_color\":\"000000\"}]"},"geometry":{"type":"Point","coordinates":[-122.448443,48.762933]}},{"type":"Feature","properties":{"stop_id":"512","stop_code":"3343","stop_name":"Alabama St at Michigan St","stop_desc":"","zone_id":"","stop_url":"","location_type":"","parent_station":"","stop_timezone":"","wheelchair_boarding":"2","feed_id":"Washington__Whatcom_Transportation_Authority__mdb_mdb-284","agency_name":"Whatcom Transportation Authority","route_count":2,"route_ids":"525|540","route_short_names":"525|540","route_types":"3","route_type_names":"Bus","routes_json":"[{\"route_id\":\"525\",\"route_short_name\":\"525\",\"route_long_name\":\"Barkley&Downtown\",\"route_type\":\"3\",\"route_type_name\":\"Bus\",\"route_color\":\"8F53A1\",\"route_text_color\":\"FFFFFF\"},{\"route_id\":\"540\",\"route_short_name\":\"540\",\"route_long_name\":\"Sunset&Downtown\",\"route_type\":\"3\",\"route_type_name\":\"Bus\",\"route_color\":\"5F3075\",\"route_text_color\":\"FFFFFF\"}]"},"geometry":{"type":"Point","coordinates":[-122.439243,48.762939]}},{"type":"Feature","properties":{"stop_id":"513","stop_code":"3356","stop_name":"Alabama St at Michigan St","stop_desc":"","zone_id":"","stop_url":"","location_type":"","parent_station":"","stop_timezone":"","wheelchair_boarding":"2","feed_id":"Washington__Whatcom_Transportation_Authority__mdb_mdb-284","agency_name":"Whatcom Transportation Authority","route_count":2,"route_ids":"525|540","route_short_names":"525|540","route_types":"3","route_type_names":"Bus","routes_json":"[{\"route_id\":\"525\",\"route_short_name\":\"525\",\"route_long_name\":\"Barkley&Downtown\",\"route_type\":\"3\",\"route_type_name\":\"Bus\",\"route_color\":\"8F53A1\",\"route_text_color\":\"FFFFFF\"},{\"route_id\":\"540\",\"route_short_name\":\"540\",\"route_long_name\":\"Sunset&Downtown\",\"route_type\":\"3\",\"route_type_name\":\"Bus\",\"route_color\":\"5F3075\",\"route_text_color\":\"FFFFFF\"}]"},"geometry":{"type":"Point","coordinates":[-122.439566,48.763091]}},{"type":"Feature","properties":{"stop_id":"514","stop_code":"3265","stop_name":"Alabama St at St Paul St","stop_desc":"","zone_id":"","stop_url":"","location_type":"","parent_station":"","stop_timezone":"","wheelchair_boarding":"2","feed_id":"Washington__Whatcom_Transportation_Authority__mdb_mdb-284","agency_name":"Whatcom Transportation Authority","route_count":1,"route_ids":"331","route_short_names":"331","route_types":"3","route_type_names":"Bus","routes_json":"[{\"route_id\":\"331\",\"route_short_name\":\"331\",\"route_long_name\":\"Cordata/WCC&Downtown\",\"route_type\":\"3\",\"route_type_name\":\"Bus\",\"route_color\":\"FAA61A\",\"route_text_color\":\"000000\"}]"},"geometry":{"type":"Point","coordinates":[-122.452395,48.763087]}},{"type":"Feature","properties":{"stop_id":"515","stop_code":"2119","stop_name":"Cornwall Ave at Kearney St","stop_desc":"","zone_id":"","stop_url":"","location_type":"","parent_station":"","stop_timezone":"","wheelchair_boarding":"1","feed_id":"Washington__Whatcom_Transportation_Authority__mdb_mdb-284","agency_name":"Whatcom Transportation Authority","route_count":1,"route_ids":"331","route_short_names":"331","route_types":"3","route_type_names":"Bus","routes_json":"[{\"route_id\":\"331\",\"route_short_name\":\"331\",\"route_long_name\":\"Cordata/WCC&Downtown\",\"route_type\":\"3\",\"route_type_name\":\"Bus\",\"route_color\":\"FAA61A\",\"route_text_color\":\"000000\"}]"},"geometry":{"type":"Point","coordinates":[-122.475224,48.758957]}},{"type":"Feature","properties":{"stop_id":"516","stop_code":"2120","stop_name":"Cornwall Ave at New St","stop_desc":"","zone_id":"","stop_url":"","location_type":"","parent_station":"","stop_timezone":"","wheelchair_boarding":"1","feed_id":"Washington__Whatcom_Transportation_Authority__mdb_mdb-284","agency_name":"Whatcom Transportation Authority","route_count":1,"route_ids":"331","route_short_names":"331","route_types":"3","route_type_names":"Bus","routes_json":"[{\"route_id\":\"331\",\"route_short_name\":\"331\",\"route_long_name\":\"Cordata/WCC&Downtown\",\"route_type\":\"3\",\"route_type_name\":\"Bus\",\"route_color\":\"FAA61A\",\"route_text_color\":\"000000\"}]"},"geometry":{"type":"Point","coordinates":[-122.475206,48.756176]}},{"type":"Feature","properties":{"stop_id":"517","stop_code":"3049","stop_name":"Cornwall Ave at Halleck St","stop_desc":"","zone_id":"","stop_url":"","location_type":"","parent_station":"","stop_timezone":"","wheelchair_boarding":"1","feed_id":"Washington__Whatcom_Transportation_Authority__mdb_mdb-284","agency_name":"Whatcom Transportation Authority","route_count":1,"route_ids":"331","route_short_names":"331","route_types":"3","route_type_names":"Bus","routes_json":"[{\"route_id\":\"331\",\"route_short_name\":\"331\",\"route_long_name\":\"Cordata/WCC&Downtown\",\"route_type\":\"3\",\"route_type_name\":\"Bus\",\"route_color\":\"FAA61A\",\"route_text_color\":\"000000\"}]"},"geometry":{"type":"Point","coordinates":[-122.47521,48.754787]}},{"type":"Feature","properties":{"stop_id":"518","stop_code":"3050","stop_name":"Cornwall Ave at Flora St","stop_desc":"","zone_id":"","stop_url":"","location_type":"","parent_station":"","stop_timezone":"","wheelchair_boarding":"1","feed_id":"Washington__Whatcom_Transportation_Authority__mdb_mdb-284","agency_name":"Whatcom Transportation Authority","route_count":1,"route_ids":"331","route_short_names":"331","route_types":"3","route_type_names":"Bus","routes_json":"[{\"route_id\":\"331\",\"route_short_name\":\"331\",\"route_long_name\":\"Cordata/WCC&Downtown\",\"route_type\":\"3\",\"route_type_name\":\"Bus\",\"route_color\":\"FAA61A\",\"route_text_color\":\"000000\"}]"},"geometry":{"type":"Point","coordinates":[-122.475295,48.752957]}},{"type":"Feature","properties":{"stop_id":"519","stop_code":"3338","stop_name":"Northshore Dr at Martin St","stop_desc":"","zone_id":"","stop_url":"","location_type":"","parent_station":"","stop_timezone":"","wheelchair_boarding":"2","feed_id":"Washington__Whatcom_Transportation_Authority__mdb_mdb-284","agency_name":"Whatcom Transportation Authority","route_count":1,"route_ids":"540","route_short_names":"540","route_types":"3","route_type_names":"Bus","routes_json":"[{\"route_id\":\"540\",\"route_short_name\":\"540\",\"route_long_name\":\"Sunset&Downtown\",\"route_type\":\"3\",\"route_type_name\":\"Bus\",\"route_color\":\"5F3075\",\"route_text_color\":\"FFFFFF\"}]"},"geometry":{"type":"Point","coordinates":[-122.415379,48.766246]}},{"type":"Feature","properties":{"stop_id":"520","stop_code":"2334","stop_name":"Northshore Rd at Britton Rd","stop_desc":"","zone_id":"","stop_url":"","location_type":"","parent_station":"","stop_timezone":"","wheelchair_boarding":"1","feed_id":"Washington__Whatcom_Transportation_Authority__mdb_mdb-284","agency_name":"Whatcom Transportation Authority","route_count":1,"route_ids":"540","route_short_names":"540","route_types":"3","route_type_names":"Bus","routes_json":"[{\"route_id\":\"540\",\"route_short_name\":\"540\",\"route_long_name\":\"Sunset&Downtown\",\"route_type\":\"3\",\"route_type_name\":\"Bus\",\"route_color\":\"5F3075\",\"route_text_color\":\"FFFFFF\"}]"},"geometry":{"type":"Point","coordinates":[-122.410892,48.769096]}},{"type":"Feature","properties":{"stop_id":"521","stop_code":"2348","stop_name":"Britton Rd at Alice St","stop_desc":"","zone_id":"","stop_url":"","location_type":"","parent_station":"","stop_timezone":"","wheelchair_boarding":"1","feed_id":"Washington__Whatcom_Transportation_Authority__mdb_mdb-284","agency_name":"Whatcom Transportation Authority","route_count":1,"route_ids":"540","route_short_names":"540","route_types":"3","route_type_names":"Bus","routes_json":"[{\"route_id\":\"540\",\"route_short_name\":\"540\",\"route_long_name\":\"Sunset&Downtown\",\"route_type\":\"3\",\"route_type_name\":\"Bus\",\"route_color\":\"5F3075\",\"route_text_color\":\"FFFFFF\"}]"},"geometry":{"type":"Point","coordinates":[-122.409887,48.77014]}},{"type":"Feature","properties":{"stop_id":"522","stop_code":"2483","stop_name":"Lahti Dr at Britton Rd","stop_desc":"","zone_id":"","stop_url":"","location_type":"","parent_station":"","stop_timezone":"","wheelchair_boarding":"2","feed_id":"Washington__Whatcom_Transportation_Authority__mdb_mdb-284","agency_name":"Whatcom Transportation Authority","route_count":1,"route_ids":"540","route_short_names":"540","route_types":"3","route_type_names":"Bus","routes_json":"[{\"route_id\":\"540\",\"route_short_name\":\"540\",\"route_long_name\":\"Sunset&Downtown\",\"route_type\":\"3\",\"route_type_name\":\"Bus\",\"route_color\":\"5F3075\",\"route_text_color\":\"FFFFFF\"}]"},"geometry":{"type":"Point","coordinates":[-122.410618,48.774852]}},{"type":"Feature","properties":{"stop_id":"523","stop_code":"2282","stop_name":"Lahti Dr a D'Linda St","stop_desc":"","zone_id":"","stop_url":"","location_type":"","parent_station":"","stop_timezone":"","wheelchair_boarding":"1","feed_id":"Washington__Whatcom_Transportation_Authority__mdb_mdb-284","agency_name":"Whatcom Transportation Authority","route_count":1,"route_ids":"540","route_short_names":"540","route_types":"3","route_type_names":"Bus","routes_json":"[{\"route_id\":\"540\",\"route_short_name\":\"540\",\"route_long_name\":\"Sunset&Downtown\",\"route_type\":\"3\",\"route_type_name\":\"Bus\",\"route_color\":\"5F3075\",\"route_text_color\":\"FFFFFF\"}]"},"geometry":{"type":"Point","coordinates":[-122.41262,48.775416]}},{"type":"Feature","properties":{"stop_id":"524","stop_code":"3347","stop_name":"Lahti Dr at Spring Coulee Rd","stop_desc":"","zone_id":"","stop_url":"","location_type":"","parent_station":"","stop_timezone":"","wheelchair_boarding":"2","feed_id":"Washington__Whatcom_Transportation_Authority__mdb_mdb-284","agency_name":"Whatcom Transportation Authority","route_count":1,"route_ids":"540","route_short_names":"540","route_types":"3","route_type_names":"Bus","routes_json":"[{\"route_id\":\"540\",\"route_short_name\":\"540\",\"route_long_name\":\"Sunset&Downtown\",\"route_type\":\"3\",\"route_type_name\":\"Bus\",\"route_color\":\"5F3075\",\"route_text_color\":\"FFFFFF\"}]"},"geometry":{"type":"Point","coordinates":[-122.414242,48.775793]}},{"type":"Feature","properties":{"stop_id":"525","stop_code":"3348","stop_name":"Spring Coulee Rd at Del Bonita Way","stop_desc":"","zone_id":"","stop_url":"","location_type":"","parent_station":"","stop_timezone":"","wheelchair_boarding":"2","feed_id":"Washington__Whatcom_Transportation_Authority__mdb_mdb-284","agency_name":"Whatcom Transportation Authority","route_count":1,"route_ids":"540","route_short_names":"540","route_types":"3","route_type_names":"Bus","routes_json":"[{\"route_id\":\"540\",\"route_short_name\":\"540\",\"route_long_name\":\"Sunset&Downtown\",\"route_type\":\"3\",\"route_type_name\":\"Bus\",\"route_color\":\"5F3075\",\"route_text_color\":\"FFFFFF\"}]"},"geometry":{"type":"Point","coordinates":[-122.416663,48.777837]}},{"type":"Feature","properties":{"stop_id":"526","stop_code":"2291","stop_name":"Spring Coulee Rd at MaGrath Rd","stop_desc":"","zone_id":"","stop_url":"","location_type":"","parent_station":"","stop_timezone":"","wheelchair_boarding":"1","feed_id":"Washington__Whatcom_Transportation_Authority__mdb_mdb-284","agency_name":"Whatcom Transportation Authority","route_count":1,"route_ids":"540","route_short_names":"540","route_types":"3","route_type_names":"Bus","routes_json":"[{\"route_id\":\"540\",\"route_short_name\":\"540\",\"route_long_name\":\"Sunset&Downtown\",\"route_type\":\"3\",\"route_type_name\":\"Bus\",\"route_color\":\"5F3075\",\"route_text_color\":\"FFFFFF\"}]"},"geometry":{"type":"Point","coordinates":[-122.42029,48.778812]}},{"type":"Feature","properties":{"stop_id":"527","stop_code":"8980","stop_name":"MaGrath Rd at McLeod Rd","stop_desc":"","zone_id":"","stop_url":"","location_type":"","parent_station":"","stop_timezone":"","wheelchair_boarding":"2","feed_id":"Washington__Whatcom_Transportation_Authority__mdb_mdb-284","agency_name":"Whatcom Transportation Authority","route_count":1,"route_ids":"540","route_short_names":"540","route_types":"3","route_type_names":"Bus","routes_json":"[{\"route_id\":\"540\",\"route_short_name\":\"540\",\"route_long_name\":\"Sunset&Downtown\",\"route_type\":\"3\",\"route_type_name\":\"Bus\",\"route_color\":\"5F3075\",\"route_text_color\":\"FFFFFF\"}]"},"geometry":{"type":"Point","coordinates":[-122.420895,48.781989]}},{"type":"Feature","properties":{"stop_id":"528","stop_code":"2278","stop_name":"McLeod Rd at Sunset Dr","stop_desc":"","zone_id":"","stop_url":"","location_type":"","parent_station":"","stop_timezone":"","wheelchair_boarding":"1","feed_id":"Washington__Whatcom_Transportation_Authority__mdb_mdb-284","agency_name":"Whatcom Transportation Authority","route_count":1,"route_ids":"540","route_short_names":"540","route_types":"3","route_type_names":"Bus","routes_json":"[{\"route_id\":\"540\",\"route_short_name\":\"540\",\"route_long_name\":\"Sunset&Downtown\",\"route_type\":\"3\",\"route_type_name\":\"Bus\",\"route_color\":\"5F3075\",\"route_text_color\":\"FFFFFF\"}]"},"geometry":{"type":"Point","coordinates":[-122.42885,48.782303]}},{"type":"Feature","properties":{"stop_id":"529","stop_code":"3052","stop_name":"Ellis St at Sunset Dr","stop_desc":"","zone_id":"","stop_url":"","location_type":"","parent_station":"","stop_timezone":"","wheelchair_boarding":"2","feed_id":"Washington__Whatcom_Transportation_Authority__mdb_mdb-284","agency_name":"Whatcom Transportation Authority","route_count":1,"route_ids":"9","route_short_names":"9","route_types":"3","route_type_names":"Bus","routes_json":"[{\"route_id\":\"9\",\"route_short_name\":\"9\",\"route_long_name\":\"Hospital&Downtown\",\"route_type\":\"3\",\"route_type_name\":\"Bus\",\"route_color\":\"F69896\",\"route_text_color\":\"000000\"}]"},"geometry":{"type":"Point","coordinates":[-122.472083,48.770257]}},{"type":"Feature","properties":{"stop_id":"530","stop_code":"2301","stop_name":"Squalicum Pkwy at Levin Ln","stop_desc":"","zone_id":"","stop_url":"","location_type":"","parent_station":"","stop_timezone":"","wheelchair_boarding":"1","feed_id":"Washington__Whatcom_Transportation_Authority__mdb_mdb-284","agency_name":"Whatcom Transportation Authority","route_count":2,"route_ids":"18|9","route_short_names":"18|9","route_types":"3","route_type_names":"Bus","routes_json":"[{\"route_id\":\"18\",\"route_short_name\":\"18\",\"route_long_name\":\"Hospital&Cordata/WCC\",\"route_type\":\"3\",\"route_type_name\":\"Bus\",\"route_color\":\"BBD976\",\"route_text_color\":\"000000\"},{\"route_id\":\"9\",\"route_short_name\":\"9\",\"route_long_name\":\"Hospital&Downtown\",\"route_type\":\"3\",\"route_type_name\":\"Bus\",\"route_color\":\"F69896\",\"route_text_color\":\"000000\"}]"},"geometry":{"type":"Point","coordinates":[-122.470659,48.772256]}},{"type":"Feature","properties":{"stop_id":"531","stop_code":"2302","stop_name":"Levin Ln at St. Francis","stop_desc":"","zone_id":"","stop_url":"","location_type":"","parent_station":"","stop_timezone":"","wheelchair_boarding":"1","feed_id":"Washington__Whatcom_Transportation_Authority__mdb_mdb-284","agency_name":"Whatcom Transportation Authority","route_count":2,"route_ids":"18|9","route_short_names":"18|9","route_types":"3","route_type_names":"Bus","routes_json":"[{\"route_id\":\"18\",\"route_short_name\":\"18\",\"route_long_name\":\"Hospital&Cordata/WCC\",\"route_type\":\"3\",\"route_type_name\":\"Bus\",\"route_color\":\"BBD976\",\"route_text_color\":\"000000\"},{\"route_id\":\"9\",\"route_short_name\":\"9\",\"route_long_name\":\"Hospital&Downtown\",\"route_type\":\"3\",\"route_type_name\":\"Bus\",\"route_color\":\"F69896\",\"route_text_color\":\"000000\"}]"},"geometry":{"type":"Point","coordinates":[-122.46978,48.772846]}},{"type":"Feature","properties":{"stop_id":"532","stop_code":"2303","stop_name":"The Willows","stop_desc":"","zone_id":"","stop_url":"","location_type":"","parent_station":"","stop_timezone":"","wheelchair_boarding":"2","feed_id":"Washington__Whatcom_Transportation_Authority__mdb_mdb-284","agency_name":"Whatcom Transportation Authority","route_count":2,"route_ids":"18|9","route_short_names":"18|9","route_types":"3","route_type_names":"Bus","routes_json":"[{\"route_id\":\"18\",\"route_short_name\":\"18\",\"route_long_name\":\"Hospital&Cordata/WCC\",\"route_type\":\"3\",\"route_type_name\":\"Bus\",\"route_color\":\"BBD976\",\"route_text_color\":\"000000\"},{\"route_id\":\"9\",\"route_short_name\":\"9\",\"route_long_name\":\"Hospital&Downtown\",\"route_type\":\"3\",\"route_type_name\":\"Bus\",\"route_color\":\"F69896\",\"route_text_color\":\"000000\"}]"},"geometry":{"type":"Point","coordinates":[-122.469531,48.774144]}},{"type":"Feature","properties":{"stop_id":"534","stop_code":"3150","stop_name":"Squalicum Pkwy at Ellis St","stop_desc":"","zone_id":"","stop_url":"","location_type":"","parent_station":"","stop_timezone":"","wheelchair_boarding":"2","feed_id":"Washington__Whatcom_Transportation_Authority__mdb_mdb-284","agency_name":"Whatcom Transportation Authority","route_count":1,"route_ids":"18","route_short_names":"18","route_types":"3","route_type_names":"Bus","routes_json":"[{\"route_id\":\"18\",\"route_short_name\":\"18\",\"route_long_name\":\"Hospital&Cordata/WCC\",\"route_type\":\"3\",\"route_type_name\":\"Bus\",\"route_color\":\"BBD976\",\"route_text_color\":\"000000\"}]"},"geometry":{"type":"Point","coordinates":[-122.473506,48.772145]}},{"type":"Feature","properties":{"stop_id":"535","stop_code":"3047","stop_name":"Squalicum Pkwy at Ellis St","stop_desc":"","zone_id":"","stop_url":"","location_type":"","parent_station":"","stop_timezone":"","wheelchair_boarding":"1","feed_id":"Washington__Whatcom_Transportation_Authority__mdb_mdb-284","agency_name":"Whatcom Transportation Authority","route_count":1,"route_ids":"18","route_short_names":"18","route_types":"3","route_type_names":"Bus","routes_json":"[{\"route_id\":\"18\",\"route_short_name\":\"18\",\"route_long_name\":\"Hospital&Cordata/WCC\",\"route_type\":\"3\",\"route_type_name\":\"Bus\",\"route_color\":\"BBD976\",\"route_text_color\":\"000000\"}]"},"geometry":{"type":"Point","coordinates":[-122.472613,48.772079]}},{"type":"Feature","properties":{"stop_id":"536","stop_code":"3048","stop_name":"Ellis St at Plymouth Dr","stop_desc":"","zone_id":"","stop_url":"","location_type":"","parent_station":"","stop_timezone":"","wheelchair_boarding":"2","feed_id":"Washington__Whatcom_Transportation_Authority__mdb_mdb-284","agency_name":"Whatcom Transportation Authority","route_count":1,"route_ids":"9","route_short_names":"9","route_types":"3","route_type_names":"Bus","routes_json":"[{\"route_id\":\"9\",\"route_short_name\":\"9\",\"route_long_name\":\"Hospital&Downtown\",\"route_type\":\"3\",\"route_type_name\":\"Bus\",\"route_color\":\"F69896\",\"route_text_color\":\"000000\"}]"},"geometry":{"type":"Point","coordinates":[-122.472257,48.7707]}},{"type":"Feature","properties":{"stop_id":"537","stop_code":"2835","stop_name":"Woburn St at Connecticut St","stop_desc":"","zone_id":"","stop_url":"","location_type":"","parent_station":"","stop_timezone":"","wheelchair_boarding":"2","feed_id":"Washington__Whatcom_Transportation_Authority__mdb_mdb-284","agency_name":"Whatcom Transportation Authority","route_count":2,"route_ids":"331|525","route_short_names":"331|525","route_types":"3","route_type_names":"Bus","routes_json":"[{\"route_id\":\"331\",\"route_short_name\":\"331\",\"route_long_name\":\"Cordata/WCC&Downtown\",\"route_type\":\"3\",\"route_type_name\":\"Bus\",\"route_color\":\"FAA61A\",\"route_text_color\":\"000000\"},{\"route_id\":\"525\",\"route_short_name\":\"525\",\"route_long_name\":\"Barkley&Downtown\",\"route_type\":\"3\",\"route_type_name\":\"Bus\",\"route_color\":\"8F53A1\",\"route_text_color\":\"FFFFFF\"}]"},"geometry":{"type":"Point","coordinates":[-122.445439,48.765621]}},{"type":"Feature","properties":{"stop_id":"538","stop_code":"9371","stop_name":"Woburn St at Maryland St","stop_desc":"","zone_id":"","stop_url":"","location_type":"","parent_station":"","stop_timezone":"","wheelchair_boarding":"2","feed_id":"Washington__Whatcom_Transportation_Authority__mdb_mdb-284","agency_name":"Whatcom Transportation Authority","route_count":2,"route_ids":"331|525","route_short_names":"331|525","route_types":"3","route_type_names":"Bus","routes_json":"[{\"route_id\":\"331\",\"route_short_name\":\"331\",\"route_long_name\":\"Cordata/WCC&Downtown\",\"route_type\":\"3\",\"route_type_name\":\"Bus\",\"route_color\":\"FAA61A\",\"route_text_color\":\"000000\"},{\"route_id\":\"525\",\"route_short_name\":\"525\",\"route_long_name\":\"Barkley&Downtown\",\"route_type\":\"3\",\"route_type_name\":\"Bus\",\"route_color\":\"8F53A1\",\"route_text_color\":\"FFFFFF\"}]"},"geometry":{"type":"Point","coordinates":[-122.445225,48.766968]}},{"type":"Feature","properties":{"stop_id":"539","stop_code":"3262","stop_name":"Woburn St at Rimland Dr","stop_desc":"","zone_id":"","stop_url":"","location_type":"","parent_station":"","stop_timezone":"","wheelchair_boarding":"1","feed_id":"Washington__Whatcom_Transportation_Authority__mdb_mdb-284","agency_name":"Whatcom Transportation Authority","route_count":1,"route_ids":"331","route_short_names":"331","route_types":"3","route_type_names":"Bus","routes_json":"[{\"route_id\":\"331\",\"route_short_name\":\"331\",\"route_long_name\":\"Cordata/WCC&Downtown\",\"route_type\":\"3\",\"route_type_name\":\"Bus\",\"route_color\":\"FAA61A\",\"route_text_color\":\"000000\"}]"},"geometry":{"type":"Point","coordinates":[-122.445142,48.773667]}},{"type":"Feature","properties":{"stop_id":"540","stop_code":"2621","stop_name":"Barkley Bvld at Woburn St","stop_desc":"","zone_id":"","stop_url":"","location_type":"","parent_station":"","stop_timezone":"","wheelchair_boarding":"1","feed_id":"Washington__Whatcom_Transportation_Authority__mdb_mdb-284","agency_name":"Whatcom Transportation Authority","route_count":1,"route_ids":"540","route_short_names":"540","route_types":"3","route_type_names":"Bus","routes_json":"[{\"route_id\":\"540\",\"route_short_name\":\"540\",\"route_long_name\":\"Sunset&Downtown\",\"route_type\":\"3\",\"route_type_name\":\"Bus\",\"route_color\":\"5F3075\",\"route_text_color\":\"FFFFFF\"}]"},"geometry":{"type":"Point","coordinates":[-122.447342,48.771188]}},{"type":"Feature","properties":{"stop_id":"541","stop_code":"2622","stop_name":"Barkley Bvld at St Paul St","stop_desc":"","zone_id":"","stop_url":"","location_type":"","parent_station":"","stop_timezone":"","wheelchair_boarding":"2","feed_id":"Washington__Whatcom_Transportation_Authority__mdb_mdb-284","agency_name":"Whatcom Transportation Authority","route_count":1,"route_ids":"540","route_short_names":"540","route_types":"3","route_type_names":"Bus","routes_json":"[{\"route_id\":\"540\",\"route_short_name\":\"540\",\"route_long_name\":\"Sunset&Downtown\",\"route_type\":\"3\",\"route_type_name\":\"Bus\",\"route_color\":\"5F3075\",\"route_text_color\":\"FFFFFF\"}]"},"geometry":{"type":"Point","coordinates":[-122.451116,48.77117]}},{"type":"Feature","properties":{"stop_id":"542","stop_code":"2623","stop_name":"Barkley Bvld at Pacific St","stop_desc":"","zone_id":"","stop_url":"","location_type":"","parent_station":"","stop_timezone":"","wheelchair_boarding":"2","feed_id":"Washington__Whatcom_Transportation_Authority__mdb_mdb-284","agency_name":"Whatcom Transportation Authority","route_count":1,"route_ids":"540","route_short_names":"540","route_types":"3","route_type_names":"Bus","routes_json":"[{\"route_id\":\"540\",\"route_short_name\":\"540\",\"route_long_name\":\"Sunset&Downtown\",\"route_type\":\"3\",\"route_type_name\":\"Bus\",\"route_color\":\"5F3075\",\"route_text_color\":\"FFFFFF\"}]"},"geometry":{"type":"Point","coordinates":[-122.455889,48.771182]}},{"type":"Feature","properties":{"stop_id":"543","stop_code":"3500","stop_name":"Magrath Rd at Welling Rd","stop_desc":"","zone_id":"","stop_url":"","location_type":"","parent_station":"","stop_timezone":"","wheelchair_boarding":"2","feed_id":"Washington__Whatcom_Transportation_Authority__mdb_mdb-284","agency_name":"Whatcom Transportation Authority","route_count":1,"route_ids":"540","route_short_names":"540","route_types":"3","route_type_names":"Bus","routes_json":"[{\"route_id\":\"540\",\"route_short_name\":\"540\",\"route_long_name\":\"Sunset&Downtown\",\"route_type\":\"3\",\"route_type_name\":\"Bus\",\"route_color\":\"5F3075\",\"route_text_color\":\"FFFFFF\"}]"},"geometry":{"type":"Point","coordinates":[-122.420526,48.78127]}},{"type":"Feature","properties":{"stop_id":"544","stop_code":"3352","stop_name":"Spring Coulee Rd at Pincher St","stop_desc":"","zone_id":"","stop_url":"","location_type":"","parent_station":"","stop_timezone":"","wheelchair_boarding":"2","feed_id":"Washington__Whatcom_Transportation_Authority__mdb_mdb-284","agency_name":"Whatcom Transportation Authority","route_count":1,"route_ids":"540","route_short_names":"540","route_types":"3","route_type_names":"Bus","routes_json":"[{\"route_id\":\"540\",\"route_short_name\":\"540\",\"route_long_name\":\"Sunset&Downtown\",\"route_type\":\"3\",\"route_type_name\":\"Bus\",\"route_color\":\"5F3075\",\"route_text_color\":\"FFFFFF\"}]"},"geometry":{"type":"Point","coordinates":[-122.418872,48.778537]}},{"type":"Feature","properties":{"stop_id":"545","stop_code":"3353","stop_name":"Spring Coulee Rd at Del Bonita Way","stop_desc":"","zone_id":"","stop_url":"","location_type":"","parent_station":"","stop_timezone":"","wheelchair_boarding":"2","feed_id":"Washington__Whatcom_Transportation_Authority__mdb_mdb-284","agency_name":"Whatcom Transportation Authority","route_count":1,"route_ids":"540","route_short_names":"540","route_types":"3","route_type_names":"Bus","routes_json":"[{\"route_id\":\"540\",\"route_short_name\":\"540\",\"route_long_name\":\"Sunset&Downtown\",\"route_type\":\"3\",\"route_type_name\":\"Bus\",\"route_color\":\"5F3075\",\"route_text_color\":\"FFFFFF\"}]"},"geometry":{"type":"Point","coordinates":[-122.4165,48.777676]}},{"type":"Feature","properties":{"stop_id":"546","stop_code":"2318","stop_name":"Lahti Dr at Britton Rd","stop_desc":"","zone_id":"","stop_url":"","location_type":"","parent_station":"","stop_timezone":"","wheelchair_boarding":"2","feed_id":"Washington__Whatcom_Transportation_Authority__mdb_mdb-284","agency_name":"Whatcom Transportation Authority","route_count":1,"route_ids":"540","route_short_names":"540","route_types":"3","route_type_names":"Bus","routes_json":"[{\"route_id\":\"540\",\"route_short_name\":\"540\",\"route_long_name\":\"Sunset&Downtown\",\"route_type\":\"3\",\"route_type_name\":\"Bus\",\"route_color\":\"5F3075\",\"route_text_color\":\"FFFFFF\"}]"},"geometry":{"type":"Point","coordinates":[-122.410021,48.774747]}},{"type":"Feature","properties":{"stop_id":"547","stop_code":"2320","stop_name":"Britton Rd at Alice St","stop_desc":"","zone_id":"","stop_url":"","location_type":"","parent_station":"","stop_timezone":"","wheelchair_boarding":"1","feed_id":"Washington__Whatcom_Transportation_Authority__mdb_mdb-284","agency_name":"Whatcom Transportation Authority","route_count":1,"route_ids":"540","route_short_names":"540","route_types":"3","route_type_names":"Bus","routes_json":"[{\"route_id\":\"540\",\"route_short_name\":\"540\",\"route_long_name\":\"Sunset&Downtown\",\"route_type\":\"3\",\"route_type_name\":\"Bus\",\"route_color\":\"5F3075\",\"route_text_color\":\"FFFFFF\"}]"},"geometry":{"type":"Point","coordinates":[-122.410035,48.769917]}},{"type":"Feature","properties":{"stop_id":"548","stop_code":"2321","stop_name":"Northshore Dr at Britton Rd","stop_desc":"","zone_id":"","stop_url":"","location_type":"","parent_station":"","stop_timezone":"","wheelchair_boarding":"1","feed_id":"Washington__Whatcom_Transportation_Authority__mdb_mdb-284","agency_name":"Whatcom Transportation Authority","route_count":1,"route_ids":"540","route_short_names":"540","route_types":"3","route_type_names":"Bus","routes_json":"[{\"route_id\":\"540\",\"route_short_name\":\"540\",\"route_long_name\":\"Sunset&Downtown\",\"route_type\":\"3\",\"route_type_name\":\"Bus\",\"route_color\":\"5F3075\",\"route_text_color\":\"FFFFFF\"}]"},"geometry":{"type":"Point","coordinates":[-122.411337,48.769217]}},{"type":"Feature","properties":{"stop_id":"549","stop_code":"3340","stop_name":"Northshore Dr at Martin St","stop_desc":"","zone_id":"","stop_url":"","location_type":"","parent_station":"","stop_timezone":"","wheelchair_boarding":"2","feed_id":"Washington__Whatcom_Transportation_Authority__mdb_mdb-284","agency_name":"Whatcom Transportation Authority","route_count":1,"route_ids":"540","route_short_names":"540","route_types":"3","route_type_names":"Bus","routes_json":"[{\"route_id\":\"540\",\"route_short_name\":\"540\",\"route_long_name\":\"Sunset&Downtown\",\"route_type\":\"3\",\"route_type_name\":\"Bus\",\"route_color\":\"5F3075\",\"route_text_color\":\"FFFFFF\"}]"},"geometry":{"type":"Point","coordinates":[-122.415577,48.766358]}},{"type":"Feature","properties":{"stop_id":"550","stop_code":"3297","stop_name":"Samish Way at Lincoln St","stop_desc":"","zone_id":"","stop_url":"","location_type":"","parent_station":"","stop_timezone":"","wheelchair_boarding":"1","feed_id":"Washington__Whatcom_Transportation_Authority__mdb_mdb-284","agency_name":"Whatcom Transportation Authority","route_count":1,"route_ids":"533","route_short_names":"533","route_types":"3","route_type_names":"Bus","routes_json":"[{\"route_id\":\"533\",\"route_short_name\":\"533\",\"route_long_name\":\"Yew St\",\"route_type\":\"3\",\"route_type_name\":\"Bus\",\"route_color\":\"F8C1D9\",\"route_text_color\":\"000000\"}]"},"geometry":{"type":"Point","coordinates":[-122.469747,48.730359]}},{"type":"Feature","properties":{"stop_id":"551","stop_code":"3298","stop_name":"Samish Way at Taylor Ave","stop_desc":"","zone_id":"","stop_url":"","location_type":"","parent_station":"","stop_timezone":"","wheelchair_boarding":"2","feed_id":"Washington__Whatcom_Transportation_Authority__mdb_mdb-284","agency_name":"Whatcom Transportation Authority","route_count":1,"route_ids":"533","route_short_names":"533","route_types":"3","route_type_names":"Bus","routes_json":"[{\"route_id\":\"533\",\"route_short_name\":\"533\",\"route_long_name\":\"Yew St\",\"route_type\":\"3\",\"route_type_name\":\"Bus\",\"route_color\":\"F8C1D9\",\"route_text_color\":\"000000\"}]"},"geometry":{"type":"Point","coordinates":[-122.471628,48.724525]}},{"type":"Feature","properties":{"stop_id":"553","stop_code":"3299","stop_name":"Samish Way at Evergreen Motel","stop_desc":"","zone_id":"","stop_url":"","location_type":"","parent_station":"","stop_timezone":"","wheelchair_boarding":"2","feed_id":"Washington__Whatcom_Transportation_Authority__mdb_mdb-284","agency_name":"Whatcom Transportation Authority","route_count":1,"route_ids":"533","route_short_names":"533","route_types":"3","route_type_names":"Bus","routes_json":"[{\"route_id\":\"533\",\"route_short_name\":\"533\",\"route_long_name\":\"Yew St\",\"route_type\":\"3\",\"route_type_name\":\"Bus\",\"route_color\":\"F8C1D9\",\"route_text_color\":\"000000\"}]"},"geometry":{"type":"Point","coordinates":[-122.47077,48.722042]}},{"type":"Feature","properties":{"stop_id":"555","stop_code":"2419","stop_name":"Samish Way at 36th St","stop_desc":"","zone_id":"","stop_url":"","location_type":"","parent_station":"","stop_timezone":"","wheelchair_boarding":"2","feed_id":"Washington__Whatcom_Transportation_Authority__mdb_mdb-284","agency_name":"Whatcom Transportation Authority","route_count":1,"route_ids":"533","route_short_names":"533","route_types":"3","route_type_names":"Bus","routes_json":"[{\"route_id\":\"533\",\"route_short_name\":\"533\",\"route_long_name\":\"Yew St\",\"route_type\":\"3\",\"route_type_name\":\"Bus\",\"route_color\":\"F8C1D9\",\"route_text_color\":\"000000\"}]"},"geometry":{"type":"Point","coordinates":[-122.46967,48.718834]}},{"type":"Feature","properties":{"stop_id":"557","stop_code":"3300","stop_name":"Samish Way at Donovan Ave","stop_desc":"","zone_id":"","stop_url":"","location_type":"","parent_station":"","stop_timezone":"","wheelchair_boarding":"2","feed_id":"Washington__Whatcom_Transportation_Authority__mdb_mdb-284","agency_name":"Whatcom Transportation Authority","route_count":1,"route_ids":"533","route_short_names":"533","route_types":"3","route_type_names":"Bus","routes_json":"[{\"route_id\":\"533\",\"route_short_name\":\"533\",\"route_long_name\":\"Yew St\",\"route_type\":\"3\",\"route_type_name\":\"Bus\",\"route_color\":\"F8C1D9\",\"route_text_color\":\"000000\"}]"},"geometry":{"type":"Point","coordinates":[-122.46903,48.716961]}},{"type":"Feature","properties":{"stop_id":"559","stop_code":"3301","stop_name":"Samish Way at Lindsay Ave","stop_desc":"","zone_id":"","stop_url":"","location_type":"","parent_station":"","stop_timezone":"","wheelchair_boarding":"2","feed_id":"Washington__Whatcom_Transportation_Authority__mdb_mdb-284","agency_name":"Whatcom Transportation Authority","route_count":1,"route_ids":"533","route_short_names":"533","route_types":"3","route_type_names":"Bus","routes_json":"[{\"route_id\":\"533\",\"route_short_name\":\"533\",\"route_long_name\":\"Yew St\",\"route_type\":\"3\",\"route_type_name\":\"Bus\",\"route_color\":\"F8C1D9\",\"route_text_color\":\"000000\"}]"},"geometry":{"type":"Point","coordinates":[-122.467981,48.713964]}},{"type":"Feature","properties":{"stop_id":"561","stop_code":"3302","stop_name":"Samish Way at Cody Ave","stop_desc":"","zone_id":"","stop_url":"","location_type":"","parent_station":"","stop_timezone":"","wheelchair_boarding":"1","feed_id":"Washington__Whatcom_Transportation_Authority__mdb_mdb-284","agency_name":"Whatcom Transportation Authority","route_count":1,"route_ids":"533","route_short_names":"533","route_types":"3","route_type_names":"Bus","routes_json":"[{\"route_id\":\"533\",\"route_short_name\":\"533\",\"route_long_name\":\"Yew St\",\"route_type\":\"3\",\"route_type_name\":\"Bus\",\"route_color\":\"F8C1D9\",\"route_text_color\":\"000000\"}]"},"geometry":{"type":"Point","coordinates":[-122.466688,48.711682]}},{"type":"Feature","properties":{"stop_id":"563","stop_code":"3303","stop_name":"Samish Way at 40th St","stop_desc":"","zone_id":"","stop_url":"","location_type":"","parent_station":"","stop_timezone":"","wheelchair_boarding":"1","feed_id":"Washington__Whatcom_Transportation_Authority__mdb_mdb-284","agency_name":"Whatcom Transportation Authority","route_count":1,"route_ids":"533","route_short_names":"533","route_types":"3","route_type_names":"Bus","routes_json":"[{\"route_id\":\"533\",\"route_short_name\":\"533\",\"route_long_name\":\"Yew St\",\"route_type\":\"3\",\"route_type_name\":\"Bus\",\"route_color\":\"F8C1D9\",\"route_text_color\":\"000000\"}]"},"geometry":{"type":"Point","coordinates":[-122.463537,48.709265]}},{"type":"Feature","properties":{"stop_id":"565","stop_code":"1031","stop_name":"Samish Way at College St","stop_desc":"","zone_id":"","stop_url":"","location_type":"","parent_station":"","stop_timezone":"","wheelchair_boarding":"2","feed_id":"Washington__Whatcom_Transportation_Authority__mdb_mdb-284","agency_name":"Whatcom Transportation Authority","route_count":1,"route_ids":"533","route_short_names":"533","route_types":"3","route_type_names":"Bus","routes_json":"[{\"route_id\":\"533\",\"route_short_name\":\"533\",\"route_long_name\":\"Yew St\",\"route_type\":\"3\",\"route_type_name\":\"Bus\",\"route_color\":\"F8C1D9\",\"route_text_color\":\"000000\"}]"},"geometry":{"type":"Point","coordinates":[-122.459385,48.707003]}},{"type":"Feature","properties":{"stop_id":"567","stop_code":"3304","stop_name":"Samish Way at W Lake Padden","stop_desc":"","zone_id":"","stop_url":"","location_type":"","parent_station":"","stop_timezone":"","wheelchair_boarding":"2","feed_id":"Washington__Whatcom_Transportation_Authority__mdb_mdb-284","agency_name":"Whatcom Transportation Authority","route_count":1,"route_ids":"533","route_short_names":"533","route_types":"3","route_type_names":"Bus","routes_json":"[{\"route_id\":\"533\",\"route_short_name\":\"533\",\"route_long_name\":\"Yew St\",\"route_type\":\"3\",\"route_type_name\":\"Bus\",\"route_color\":\"F8C1D9\",\"route_text_color\":\"000000\"}]"},"geometry":{"type":"Point","coordinates":[-122.454758,48.706352]}},{"type":"Feature","properties":{"stop_id":"571","stop_code":"3305","stop_name":"Samish Way at E Lake Padden","stop_desc":"","zone_id":"","stop_url":"","location_type":"","parent_station":"","stop_timezone":"","wheelchair_boarding":"1","feed_id":"Washington__Whatcom_Transportation_Authority__mdb_mdb-284","agency_name":"Whatcom Transportation Authority","route_count":1,"route_ids":"533","route_short_names":"533","route_types":"3","route_type_names":"Bus","routes_json":"[{\"route_id\":\"533\",\"route_short_name\":\"533\",\"route_long_name\":\"Yew St\",\"route_type\":\"3\",\"route_type_name\":\"Bus\",\"route_color\":\"F8C1D9\",\"route_text_color\":\"000000\"}]"},"geometry":{"type":"Point","coordinates":[-122.447179,48.706415]}},{"type":"Feature","properties":{"stop_id":"573","stop_code":"2420","stop_name":"Yew St at Cedar Grove","stop_desc":"","zone_id":"","stop_url":"","location_type":"","parent_station":"","stop_timezone":"","wheelchair_boarding":"1","feed_id":"Washington__Whatcom_Transportation_Authority__mdb_mdb-284","agency_name":"Whatcom Transportation Authority","route_count":1,"route_ids":"533","route_short_names":"533","route_types":"3","route_type_names":"Bus","routes_json":"[{\"route_id\":\"533\",\"route_short_name\":\"533\",\"route_long_name\":\"Yew St\",\"route_type\":\"3\",\"route_type_name\":\"Bus\",\"route_color\":\"F8C1D9\",\"route_text_color\":\"000000\"}]"},"geometry":{"type":"Point","coordinates":[-122.444013,48.708772]}},{"type":"Feature","properties":{"stop_id":"578","stop_code":"3309","stop_name":"Yew St at Palmer Rd","stop_desc":"","zone_id":"","stop_url":"","location_type":"","parent_station":"","stop_timezone":"","wheelchair_boarding":"1","feed_id":"Washington__Whatcom_Transportation_Authority__mdb_mdb-284","agency_name":"Whatcom Transportation Authority","route_count":1,"route_ids":"533","route_short_names":"533","route_types":"3","route_type_names":"Bus","routes_json":"[{\"route_id\":\"533\",\"route_short_name\":\"533\",\"route_long_name\":\"Yew St\",\"route_type\":\"3\",\"route_type_name\":\"Bus\",\"route_color\":\"F8C1D9\",\"route_text_color\":\"000000\"}]"},"geometry":{"type":"Point","coordinates":[-122.443494,48.721342]}},{"type":"Feature","properties":{"stop_id":"580","stop_code":"2422","stop_name":"Yew St at Bennett Rd","stop_desc":"","zone_id":"","stop_url":"","location_type":"","parent_station":"","stop_timezone":"","wheelchair_boarding":"2","feed_id":"Washington__Whatcom_Transportation_Authority__mdb_mdb-284","agency_name":"Whatcom Transportation Authority","route_count":1,"route_ids":"533","route_short_names":"533","route_types":"3","route_type_names":"Bus","routes_json":"[{\"route_id\":\"533\",\"route_short_name\":\"533\",\"route_long_name\":\"Yew St\",\"route_type\":\"3\",\"route_type_name\":\"Bus\",\"route_color\":\"F8C1D9\",\"route_text_color\":\"000000\"}]"},"geometry":{"type":"Point","coordinates":[-122.443567,48.725311]}},{"type":"Feature","properties":{"stop_id":"582","stop_code":"3311","stop_name":"Yew St at Reveille St","stop_desc":"","zone_id":"","stop_url":"","location_type":"","parent_station":"","stop_timezone":"","wheelchair_boarding":"2","feed_id":"Washington__Whatcom_Transportation_Authority__mdb_mdb-284","agency_name":"Whatcom Transportation Authority","route_count":1,"route_ids":"533","route_short_names":"533","route_types":"3","route_type_names":"Bus","routes_json":"[{\"route_id\":\"533\",\"route_short_name\":\"533\",\"route_long_name\":\"Yew St\",\"route_type\":\"3\",\"route_type_name\":\"Bus\",\"route_color\":\"F8C1D9\",\"route_text_color\":\"000000\"}]"},"geometry":{"type":"Point","coordinates":[-122.443031,48.728286]}},{"type":"Feature","properties":{"stop_id":"584","stop_code":"3312","stop_name":"Yew St at Democrat St","stop_desc":"","zone_id":"","stop_url":"","location_type":"","parent_station":"","stop_timezone":"","wheelchair_boarding":"2","feed_id":"Washington__Whatcom_Transportation_Authority__mdb_mdb-284","agency_name":"Whatcom Transportation Authority","route_count":1,"route_ids":"533","route_short_names":"533","route_types":"3","route_type_names":"Bus","routes_json":"[{\"route_id\":\"533\",\"route_short_name\":\"533\",\"route_long_name\":\"Yew St\",\"route_type\":\"3\",\"route_type_name\":\"Bus\",\"route_color\":\"F8C1D9\",\"route_text_color\":\"000000\"}]"},"geometry":{"type":"Point","coordinates":[-122.442707,48.730015]}},{"type":"Feature","properties":{"stop_id":"585","stop_code":"3313","stop_name":"Yew St at Woodbine Way","stop_desc":"","zone_id":"","stop_url":"","location_type":"","parent_station":"","stop_timezone":"","wheelchair_boarding":"2","feed_id":"Washington__Whatcom_Transportation_Authority__mdb_mdb-284","agency_name":"Whatcom Transportation Authority","route_count":1,"route_ids":"533","route_short_names":"533","route_types":"3","route_type_names":"Bus","routes_json":"[{\"route_id\":\"533\",\"route_short_name\":\"533\",\"route_long_name\":\"Yew St\",\"route_type\":\"3\",\"route_type_name\":\"Bus\",\"route_color\":\"F8C1D9\",\"route_text_color\":\"000000\"}]"},"geometry":{"type":"Point","coordinates":[-122.442395,48.7329]}},{"type":"Feature","properties":{"stop_id":"587","stop_code":"3314","stop_name":"Yew St at San Juan Blvd","stop_desc":"","zone_id":"","stop_url":"","location_type":"","parent_station":"","stop_timezone":"","wheelchair_boarding":"2","feed_id":"Washington__Whatcom_Transportation_Authority__mdb_mdb-284","agency_name":"Whatcom Transportation Authority","route_count":1,"route_ids":"533","route_short_names":"533","route_types":"3","route_type_names":"Bus","routes_json":"[{\"route_id\":\"533\",\"route_short_name\":\"533\",\"route_long_name\":\"Yew St\",\"route_type\":\"3\",\"route_type_name\":\"Bus\",\"route_color\":\"F8C1D9\",\"route_text_color\":\"000000\"}]"},"geometry":{"type":"Point","coordinates":[-122.442409,48.735073]}},{"type":"Feature","properties":{"stop_id":"590","stop_code":"2424","stop_name":"Yew St at 900 Block","stop_desc":"","zone_id":"","stop_url":"","location_type":"","parent_station":"","stop_timezone":"","wheelchair_boarding":"2","feed_id":"Washington__Whatcom_Transportation_Authority__mdb_mdb-284","agency_name":"Whatcom Transportation Authority","route_count":1,"route_ids":"533","route_short_names":"533","route_types":"3","route_type_names":"Bus","routes_json":"[{\"route_id\":\"533\",\"route_short_name\":\"533\",\"route_long_name\":\"Yew St\",\"route_type\":\"3\",\"route_type_name\":\"Bus\",\"route_color\":\"F8C1D9\",\"route_text_color\":\"000000\"}]"},"geometry":{"type":"Point","coordinates":[-122.442406,48.737364]}},{"type":"Feature","properties":{"stop_id":"591","stop_code":"3315","stop_name":"Yew St at Princeton Ct","stop_desc":"","zone_id":"","stop_url":"","location_type":"","parent_station":"","stop_timezone":"","wheelchair_boarding":"2","feed_id":"Washington__Whatcom_Transportation_Authority__mdb_mdb-284","agency_name":"Whatcom Transportation Authority","route_count":1,"route_ids":"533","route_short_names":"533","route_types":"3","route_type_names":"Bus","routes_json":"[{\"route_id\":\"533\",\"route_short_name\":\"533\",\"route_long_name\":\"Yew St\",\"route_type\":\"3\",\"route_type_name\":\"Bus\",\"route_color\":\"F8C1D9\",\"route_text_color\":\"000000\"}]"},"geometry":{"type":"Point","coordinates":[-122.442373,48.739984]}},{"type":"Feature","properties":{"stop_id":"593","stop_code":"3344","stop_name":"Alabama St at Crestline Dr","stop_desc":"","zone_id":"","stop_url":"","location_type":"","parent_station":"","stop_timezone":"","wheelchair_boarding":"2","feed_id":"Washington__Whatcom_Transportation_Authority__mdb_mdb-284","agency_name":"Whatcom Transportation Authority","route_count":2,"route_ids":"525|540","route_short_names":"525|540","route_types":"3","route_type_names":"Bus","routes_json":"[{\"route_id\":\"525\",\"route_short_name\":\"525\",\"route_long_name\":\"Barkley&Downtown\",\"route_type\":\"3\",\"route_type_name\":\"Bus\",\"route_color\":\"8F53A1\",\"route_text_color\":\"FFFFFF\"},{\"route_id\":\"540\",\"route_short_name\":\"540\",\"route_long_name\":\"Sunset&Downtown\",\"route_type\":\"3\",\"route_type_name\":\"Bus\",\"route_color\":\"5F3075\",\"route_text_color\":\"FFFFFF\"}]"},"geometry":{"type":"Point","coordinates":[-122.428097,48.762936]}},{"type":"Feature","properties":{"stop_id":"594","stop_code":"3345","stop_name":"Alabama St at Fir St","stop_desc":"","zone_id":"","stop_url":"","location_type":"","parent_station":"","stop_timezone":"","wheelchair_boarding":"2","feed_id":"Washington__Whatcom_Transportation_Authority__mdb_mdb-284","agency_name":"Whatcom Transportation Authority","route_count":2,"route_ids":"525|540","route_short_names":"525|540","route_types":"3","route_type_names":"Bus","routes_json":"[{\"route_id\":\"525\",\"route_short_name\":\"525\",\"route_long_name\":\"Barkley&Downtown\",\"route_type\":\"3\",\"route_type_name\":\"Bus\",\"route_color\":\"8F53A1\",\"route_text_color\":\"FFFFFF\"},{\"route_id\":\"540\",\"route_short_name\":\"540\",\"route_long_name\":\"Sunset&Downtown\",\"route_type\":\"3\",\"route_type_name\":\"Bus\",\"route_color\":\"5F3075\",\"route_text_color\":\"FFFFFF\"}]"},"geometry":{"type":"Point","coordinates":[-122.42402,48.762936]}},{"type":"Feature","properties":{"stop_id":"596","stop_code":"3296","stop_name":"Lincoln St at Maple St","stop_desc":"","zone_id":"","stop_url":"","location_type":"","parent_station":"","stop_timezone":"","wheelchair_boarding":"1","feed_id":"Washington__Whatcom_Transportation_Authority__mdb_mdb-284","agency_name":"Whatcom Transportation Authority","route_count":3,"route_ids":"190|190S|533","route_short_names":"190|190S|533","route_types":"3","route_type_names":"Bus","routes_json":"[{\"route_id\":\"190\",\"route_short_name\":\"190\",\"route_long_name\":\"Lincoln St&Downtown\",\"route_type\":\"3\",\"route_type_name\":\"Bus\",\"route_color\":\"0095DA\",\"route_text_color\":\"FFFFFF\"},{\"route_id\":\"190S\",\"route_short_name\":\"190S\",\"route_long_name\":\"Lincoln St&WWU\",\"route_type\":\"3\",\"route_type_name\":\"Bus\",\"route_color\":\"0095DA\",\"route_text_color\":\"000000\"},{\"route_id\":\"533\",\"route_short_name\":\"533\",\"route_long_name\":\"Yew St\",\"route_type\":\"3\",\"route_type_name\":\"Bus\",\"route_color\":\"F8C1D9\",\"route_text_color\":\"000000\"}]"},"geometry":{"type":"Point","coordinates":[-122.465458,48.737436]}},{"type":"Feature","properties":{"stop_id":"597","stop_code":"2414","stop_name":"Lincoln St at Maple St","stop_desc":"","zone_id":"","stop_url":"","location_type":"","parent_station":"","stop_timezone":"","wheelchair_boarding":"1","feed_id":"Washington__Whatcom_Transportation_Authority__mdb_mdb-284","agency_name":"Whatcom Transportation Authority","route_count":2,"route_ids":"190|190S","route_short_names":"190|190S","route_types":"3","route_type_names":"Bus","routes_json":"[{\"route_id\":\"190\",\"route_short_name\":\"190\",\"route_long_name\":\"Lincoln St&Downtown\",\"route_type\":\"3\",\"route_type_name\":\"Bus\",\"route_color\":\"0095DA\",\"route_text_color\":\"FFFFFF\"},{\"route_id\":\"190S\",\"route_short_name\":\"190S\",\"route_long_name\":\"Lincoln St&WWU\",\"route_type\":\"3\",\"route_type_name\":\"Bus\",\"route_color\":\"0095DA\",\"route_text_color\":\"000000\"}]"},"geometry":{"type":"Point","coordinates":[-122.46518,48.73727]}},{"type":"Feature","properties":{"stop_id":"598","stop_code":"2415","stop_name":"Lincoln St at Viking Circle","stop_desc":"","zone_id":"","stop_url":"","location_type":"","parent_station":"","stop_timezone":"","wheelchair_boarding":"1","feed_id":"Washington__Whatcom_Transportation_Authority__mdb_mdb-284","agency_name":"Whatcom Transportation Authority","route_count":2,"route_ids":"190|190S","route_short_names":"190|190S","route_types":"3","route_type_names":"Bus","routes_json":"[{\"route_id\":\"190\",\"route_short_name\":\"190\",\"route_long_name\":\"Lincoln St&Downtown\",\"route_type\":\"3\",\"route_type_name\":\"Bus\",\"route_color\":\"0095DA\",\"route_text_color\":\"FFFFFF\"},{\"route_id\":\"190S\",\"route_short_name\":\"190S\",\"route_long_name\":\"Lincoln St&WWU\",\"route_type\":\"3\",\"route_type_name\":\"Bus\",\"route_color\":\"0095DA\",\"route_text_color\":\"000000\"}]"},"geometry":{"type":"Point","coordinates":[-122.464293,48.739619]}},{"type":"Feature","properties":{"stop_id":"599","stop_code":"3295","stop_name":"Lincoln St at Viking Circle","stop_desc":"","zone_id":"","stop_url":"","location_type":"","parent_station":"","stop_timezone":"","wheelchair_boarding":"1","feed_id":"Washington__Whatcom_Transportation_Authority__mdb_mdb-284","agency_name":"Whatcom Transportation Authority","route_count":3,"route_ids":"190|190S|533","route_short_names":"190|190S|533","route_types":"3","route_type_names":"Bus","routes_json":"[{\"route_id\":\"190\",\"route_short_name\":\"190\",\"route_long_name\":\"Lincoln St&Downtown\",\"route_type\":\"3\",\"route_type_name\":\"Bus\",\"route_color\":\"0095DA\",\"route_text_color\":\"FFFFFF\"},{\"route_id\":\"190S\",\"route_short_name\":\"190S\",\"route_long_name\":\"Lincoln St&WWU\",\"route_type\":\"3\",\"route_type_name\":\"Bus\",\"route_color\":\"0095DA\",\"route_text_color\":\"000000\"},{\"route_id\":\"533\",\"route_short_name\":\"533\",\"route_long_name\":\"Yew St\",\"route_type\":\"3\",\"route_type_name\":\"Bus\",\"route_color\":\"F8C1D9\",\"route_text_color\":\"000000\"}]"},"geometry":{"type":"Point","coordinates":[-122.464446,48.74001]}},{"type":"Feature","properties":{"stop_id":"600","stop_code":"2416","stop_name":"Lincoln St at Mobile Estates","stop_desc":"","zone_id":"","stop_url":"","location_type":"","parent_station":"","stop_timezone":"","wheelchair_boarding":"1","feed_id":"Washington__Whatcom_Transportation_Authority__mdb_mdb-284","agency_name":"Whatcom Transportation Authority","route_count":2,"route_ids":"190|190S","route_short_names":"190|190S","route_types":"3","route_type_names":"Bus","routes_json":"[{\"route_id\":\"190\",\"route_short_name\":\"190\",\"route_long_name\":\"Lincoln St&Downtown\",\"route_type\":\"3\",\"route_type_name\":\"Bus\",\"route_color\":\"0095DA\",\"route_text_color\":\"FFFFFF\"},{\"route_id\":\"190S\",\"route_short_name\":\"190S\",\"route_long_name\":\"Lincoln St&WWU\",\"route_type\":\"3\",\"route_type_name\":\"Bus\",\"route_color\":\"0095DA\",\"route_text_color\":\"000000\"}]"},"geometry":{"type":"Point","coordinates":[-122.46332,48.74173]}},{"type":"Feature","properties":{"stop_id":"601","stop_code":"2214","stop_name":"Samish Way at Bill McDonald Pkwy","stop_desc":"","zone_id":"","stop_url":"","location_type":"","parent_station":"","stop_timezone":"","wheelchair_boarding":"1","feed_id":"Washington__Whatcom_Transportation_Authority__mdb_mdb-284","agency_name":"Whatcom Transportation Authority","route_count":3,"route_ids":"5|7|97","route_short_names":"5|7|97","route_types":"3","route_type_names":"Bus","routes_json":"[{\"route_id\":\"5\",\"route_short_name\":\"5\",\"route_long_name\":\"Samish/Fairhaven&Samish/Downtown\",\"route_type\":\"3\",\"route_type_name\":\"Bus\",\"route_color\":\"0000FF\",\"route_text_color\":\"FFFFFF\"},{\"route_id\":\"7\",\"route_short_name\":\"7\",\"route_long_name\":\"Samish/WWU&Samish/Downtown\",\"route_type\":\"3\",\"route_type_name\":\"Bus\",\"route_color\":\"0000FF\",\"route_text_color\":\"FFFFFF\"},{\"route_id\":\"97\",\"route_short_name\":\"97\",\"route_long_name\":\"WWU&Samish\",\"route_type\":\"3\",\"route_type_name\":\"Bus\",\"route_color\":\"034EA2\",\"route_text_color\":\"FFFFFF\"}]"},"geometry":{"type":"Point","coordinates":[-122.469724,48.734449]}},{"type":"Feature","properties":{"stop_id":"602","stop_code":"2055","stop_name":"Samish Way at Consolidation Ave","stop_desc":"","zone_id":"","stop_url":"","location_type":"","parent_station":"","stop_timezone":"","wheelchair_boarding":"1","feed_id":"Washington__Whatcom_Transportation_Authority__mdb_mdb-284","agency_name":"Whatcom Transportation Authority","route_count":3,"route_ids":"5|7|97","route_short_names":"5|7|97","route_types":"3","route_type_names":"Bus","routes_json":"[{\"route_id\":\"5\",\"route_short_name\":\"5\",\"route_long_name\":\"Samish/Fairhaven&Samish/Downtown\",\"route_type\":\"3\",\"route_type_name\":\"Bus\",\"route_color\":\"0000FF\",\"route_text_color\":\"FFFFFF\"},{\"route_id\":\"7\",\"route_short_name\":\"7\",\"route_long_name\":\"Samish/WWU&Samish/Downtown\",\"route_type\":\"3\",\"route_type_name\":\"Bus\",\"route_color\":\"0000FF\",\"route_text_color\":\"FFFFFF\"},{\"route_id\":\"97\",\"route_short_name\":\"97\",\"route_long_name\":\"WWU&Samish\",\"route_type\":\"3\",\"route_type_name\":\"Bus\",\"route_color\":\"034EA2\",\"route_text_color\":\"FFFFFF\"}]"},"geometry":{"type":"Point","coordinates":[-122.469709,48.736486]}},{"type":"Feature","properties":{"stop_id":"603","stop_code":"2216","stop_name":"Samish Way at Otis St","stop_desc":"","zone_id":"","stop_url":"","location_type":"","parent_station":"","stop_timezone":"","wheelchair_boarding":"1","feed_id":"Washington__Whatcom_Transportation_Authority__mdb_mdb-284","agency_name":"Whatcom Transportation Authority","route_count":3,"route_ids":"5|7|97","route_short_names":"5|7|97","route_types":"3","route_type_names":"Bus","routes_json":"[{\"route_id\":\"5\",\"route_short_name\":\"5\",\"route_long_name\":\"Samish/Fairhaven&Samish/Downtown\",\"route_type\":\"3\",\"route_type_name\":\"Bus\",\"route_color\":\"0000FF\",\"route_text_color\":\"FFFFFF\"},{\"route_id\":\"7\",\"route_short_name\":\"7\",\"route_long_name\":\"Samish/WWU&Samish/Downtown\",\"route_type\":\"3\",\"route_type_name\":\"Bus\",\"route_color\":\"0000FF\",\"route_text_color\":\"FFFFFF\"},{\"route_id\":\"97\",\"route_short_name\":\"97\",\"route_long_name\":\"WWU&Samish\",\"route_type\":\"3\",\"route_type_name\":\"Bus\",\"route_color\":\"034EA2\",\"route_text_color\":\"FFFFFF\"}]"},"geometry":{"type":"Point","coordinates":[-122.4697,48.739017]}},{"type":"Feature","properties":{"stop_id":"604","stop_code":"3087","stop_name":"Maple St at Edwards St","stop_desc":"","zone_id":"","stop_url":"","location_type":"","parent_station":"","stop_timezone":"","wheelchair_boarding":"1","feed_id":"Washington__Whatcom_Transportation_Authority__mdb_mdb-284","agency_name":"Whatcom Transportation Authority","route_count":3,"route_ids":"5|7|97","route_short_names":"5|7|97","route_types":"3","route_type_names":"Bus","routes_json":"[{\"route_id\":\"5\",\"route_short_name\":\"5\",\"route_long_name\":\"Samish/Fairhaven&Samish/Downtown\",\"route_type\":\"3\",\"route_type_name\":\"Bus\",\"route_color\":\"0000FF\",\"route_text_color\":\"FFFFFF\"},{\"route_id\":\"7\",\"route_short_name\":\"7\",\"route_long_name\":\"Samish/WWU&Samish/Downtown\",\"route_type\":\"3\",\"route_type_name\":\"Bus\",\"route_color\":\"0000FF\",\"route_text_color\":\"FFFFFF\"},{\"route_id\":\"97\",\"route_short_name\":\"97\",\"route_long_name\":\"WWU&Samish\",\"route_type\":\"3\",\"route_type_name\":\"Bus\",\"route_color\":\"034EA2\",\"route_text_color\":\"FFFFFF\"}]"},"geometry":{"type":"Point","coordinates":[-122.47134,48.740826]}},{"type":"Feature","properties":{"stop_id":"605","stop_code":"3088","stop_name":"Ellis St at Whatcom St","stop_desc":"","zone_id":"","stop_url":"","location_type":"","parent_station":"","stop_timezone":"","wheelchair_boarding":"1","feed_id":"Washington__Whatcom_Transportation_Authority__mdb_mdb-284","agency_name":"Whatcom Transportation Authority","route_count":3,"route_ids":"5|7|97","route_short_names":"5|7|97","route_types":"3","route_type_names":"Bus","routes_json":"[{\"route_id\":\"5\",\"route_short_name\":\"5\",\"route_long_name\":\"Samish/Fairhaven&Samish/Downtown\",\"route_type\":\"3\",\"route_type_name\":\"Bus\",\"route_color\":\"0000FF\",\"route_text_color\":\"FFFFFF\"},{\"route_id\":\"7\",\"route_short_name\":\"7\",\"route_long_name\":\"Samish/WWU&Samish/Downtown\",\"route_type\":\"3\",\"route_type_name\":\"Bus\",\"route_color\":\"0000FF\",\"route_text_color\":\"FFFFFF\"},{\"route_id\":\"97\",\"route_short_name\":\"97\",\"route_long_name\":\"WWU&Samish\",\"route_type\":\"3\",\"route_type_name\":\"Bus\",\"route_color\":\"034EA2\",\"route_text_color\":\"FFFFFF\"}]"},"geometry":{"type":"Point","coordinates":[-122.471756,48.742783]}},{"type":"Feature","properties":{"stop_id":"607","stop_code":"2045","stop_name":"Magnolia St at High St","stop_desc":"","zone_id":"","stop_url":"","location_type":"","parent_station":"","stop_timezone":"","wheelchair_boarding":"1","feed_id":"Washington__Whatcom_Transportation_Authority__mdb_mdb-284","agency_name":"Whatcom Transportation Authority","route_count":6,"route_ids":"14|190|512|525|533|540","route_short_names":"14|190|512|525|533|540","route_types":"3","route_type_names":"Bus","routes_json":"[{\"route_id\":\"14\",\"route_short_name\":\"14\",\"route_long_name\":\"Fairhaven&Downtown\",\"route_type\":\"3\",\"route_type_name\":\"Bus\",\"route_color\":\"009FC3\",\"route_text_color\":\"FFFFFF\"},{\"route_id\":\"190\",\"route_short_name\":\"190\",\"route_long_name\":\"Lincoln St&Downtown\",\"route_type\":\"3\",\"route_type_name\":\"Bus\",\"route_color\":\"0095DA\",\"route_text_color\":\"FFFFFF\"},{\"route_id\":\"512\",\"route_short_name\":\"512\",\"route_long_name\":\"Sudden Valley&Downtown\",\"route_type\":\"3\",\"route_type_name\":\"Bus\",\"route_color\":\"F287B7\",\"route_text_color\":\"000000\"},{\"route_id\":\"525\",\"route_short_name\":\"525\",\"route_long_name\":\"Barkley&Downtown\",\"route_type\":\"3\",\"route_type_name\":\"Bus\",\"route_color\":\"8F53A1\",\"route_text_color\":\"FFFFFF\"},{\"route_id\":\"533\",\"route_short_name\":\"533\",\"route_long_name\":\"Yew St\",\"route_type\":\"3\",\"route_type_name\":\"Bus\",\"route_color\":\"F8C1D9\",\"route_text_color\":\"000000\"},{\"route_id\":\"540\",\"route_short_name\":\"540\",\"route_long_name\":\"Sunset&Downtown\",\"route_type\":\"3\",\"route_type_name\":\"Bus\",\"route_color\":\"5F3075\",\"route_text_color\":\"FFFFFF\"}]"},"geometry":{"type":"Point","coordinates":[-122.47287,48.747589]}},{"type":"Feature","properties":{"stop_id":"608","stop_code":"3182","stop_name":"Ellis St at Maple St","stop_desc":"","zone_id":"","stop_url":"","location_type":"","parent_station":"","stop_timezone":"","wheelchair_boarding":"1","feed_id":"Washington__Whatcom_Transportation_Authority__mdb_mdb-284","agency_name":"Whatcom Transportation Authority","route_count":3,"route_ids":"5|7|98","route_short_names":"5|7|98","route_types":"3","route_type_names":"Bus","routes_json":"[{\"route_id\":\"5\",\"route_short_name\":\"5\",\"route_long_name\":\"Samish/Fairhaven&Samish/Downtown\",\"route_type\":\"3\",\"route_type_name\":\"Bus\",\"route_color\":\"0000FF\",\"route_text_color\":\"FFFFFF\"},{\"route_id\":\"7\",\"route_short_name\":\"7\",\"route_long_name\":\"Samish/WWU&Samish/Downtown\",\"route_type\":\"3\",\"route_type_name\":\"Bus\",\"route_color\":\"0000FF\",\"route_text_color\":\"FFFFFF\"},{\"route_id\":\"98\",\"route_short_name\":\"98\",\"route_long_name\":\"WWU&Samish\",\"route_type\":\"3\",\"route_type_name\":\"Bus\",\"route_color\":\"ABE1FA\",\"route_text_color\":\"000000\"}]"},"geometry":{"type":"Point","coordinates":[-122.47198,48.741283]}},{"type":"Feature","properties":{"stop_id":"611","stop_code":"9744","stop_name":"Bill McDonald Pkwy at Buchanan Towers","stop_desc":"","zone_id":"","stop_url":"","location_type":"","parent_station":"","stop_timezone":"","wheelchair_boarding":"1","feed_id":"Washington__Whatcom_Transportation_Authority__mdb_mdb-284","agency_name":"Whatcom Transportation Authority","route_count":3,"route_ids":"190|190S|97","route_short_names":"190|190S|97","route_types":"3","route_type_names":"Bus","routes_json":"[{\"route_id\":\"190\",\"route_short_name\":\"190\",\"route_long_name\":\"Lincoln St&Downtown\",\"route_type\":\"3\",\"route_type_name\":\"Bus\",\"route_color\":\"0095DA\",\"route_text_color\":\"FFFFFF\"},{\"route_id\":\"190S\",\"route_short_name\":\"190S\",\"route_long_name\":\"Lincoln St&WWU\",\"route_type\":\"3\",\"route_type_name\":\"Bus\",\"route_color\":\"0095DA\",\"route_text_color\":\"000000\"},{\"route_id\":\"97\",\"route_short_name\":\"97\",\"route_long_name\":\"WWU&Samish\",\"route_type\":\"3\",\"route_type_name\":\"Bus\",\"route_color\":\"034EA2\",\"route_text_color\":\"FFFFFF\"}]"},"geometry":{"type":"Point","coordinates":[-122.486871,48.726345]}},{"type":"Feature","properties":{"stop_id":"612","stop_code":"8182","stop_name":"Bill McDonald Pkwy at Campus Services","stop_desc":"","zone_id":"","stop_url":"","location_type":"","parent_station":"","stop_timezone":"","wheelchair_boarding":"1","feed_id":"Washington__Whatcom_Transportation_Authority__mdb_mdb-284","agency_name":"Whatcom Transportation Authority","route_count":6,"route_ids":"14|14S|190|190S|7|97","route_short_names":"14|14S|190|190S|7|97","route_types":"3","route_type_names":"Bus","routes_json":"[{\"route_id\":\"14\",\"route_short_name\":\"14\",\"route_long_name\":\"Fairhaven&Downtown\",\"route_type\":\"3\",\"route_type_name\":\"Bus\",\"route_color\":\"009FC3\",\"route_text_color\":\"FFFFFF\"},{\"route_id\":\"14S\",\"route_short_name\":\"14S\",\"route_long_name\":\"WWU&Billy Frank Jr\",\"route_type\":\"3\",\"route_type_name\":\"Bus\",\"route_color\":\"009FC3\",\"route_text_color\":\"000000\"},{\"route_id\":\"190\",\"route_short_name\":\"190\",\"route_long_name\":\"Lincoln St&Downtown\",\"route_type\":\"3\",\"route_type_name\":\"Bus\",\"route_color\":\"0095DA\",\"route_text_color\":\"FFFFFF\"},{\"route_id\":\"190S\",\"route_short_name\":\"190S\",\"route_long_name\":\"Lincoln St&WWU\",\"route_type\":\"3\",\"route_type_name\":\"Bus\",\"route_color\":\"0095DA\",\"route_text_color\":\"000000\"},{\"route_id\":\"7\",\"route_short_name\":\"7\",\"route_long_name\":\"Samish/WWU&Samish/Downtown\",\"route_type\":\"3\",\"route_type_name\":\"Bus\",\"route_color\":\"0000FF\",\"route_text_color\":\"FFFFFF\"},{\"route_id\":\"97\",\"route_short_name\":\"97\",\"route_long_name\":\"WWU&Samish\",\"route_type\":\"3\",\"route_type_name\":\"Bus\",\"route_color\":\"034EA2\",\"route_text_color\":\"FFFFFF\"}]"},"geometry":{"type":"Point","coordinates":[-122.490488,48.727148]}},{"type":"Feature","properties":{"stop_id":"613","stop_code":"3075","stop_name":"Bill McDonald Pkwy at Campus Services","stop_desc":"","zone_id":"","stop_url":"","location_type":"","parent_station":"","stop_timezone":"","wheelchair_boarding":"1","feed_id":"Washington__Whatcom_Transportation_Authority__mdb_mdb-284","agency_name":"Whatcom Transportation Authority","route_count":5,"route_ids":"14|14S|190|190S|98","route_short_names":"14|14S|190|190S|98","route_types":"3","route_type_names":"Bus","routes_json":"[{\"route_id\":\"14\",\"route_short_name\":\"14\",\"route_long_name\":\"Fairhaven&Downtown\",\"route_type\":\"3\",\"route_type_name\":\"Bus\",\"route_color\":\"009FC3\",\"route_text_color\":\"FFFFFF\"},{\"route_id\":\"14S\",\"route_short_name\":\"14S\",\"route_long_name\":\"WWU&Billy Frank Jr\",\"route_type\":\"3\",\"route_type_name\":\"Bus\",\"route_color\":\"009FC3\",\"route_text_color\":\"000000\"},{\"route_id\":\"190\",\"route_short_name\":\"190\",\"route_long_name\":\"Lincoln St&Downtown\",\"route_type\":\"3\",\"route_type_name\":\"Bus\",\"route_color\":\"0095DA\",\"route_text_color\":\"FFFFFF\"},{\"route_id\":\"190S\",\"route_short_name\":\"190S\",\"route_long_name\":\"Lincoln St&WWU\",\"route_type\":\"3\",\"route_type_name\":\"Bus\",\"route_color\":\"0095DA\",\"route_text_color\":\"000000\"},{\"route_id\":\"98\",\"route_short_name\":\"98\",\"route_long_name\":\"WWU&Samish\",\"route_type\":\"3\",\"route_type_name\":\"Bus\",\"route_color\":\"ABE1FA\",\"route_text_color\":\"000000\"}]"},"geometry":{"type":"Point","coordinates":[-122.49015,48.727673]}},{"type":"Feature","properties":{"stop_id":"614","stop_code":"2083","stop_name":"Bill McDonald Pkwy at Buchanan Towers","stop_desc":"","zone_id":"","stop_url":"","location_type":"","parent_station":"","stop_timezone":"","wheelchair_boarding":"1","feed_id":"Washington__Whatcom_Transportation_Authority__mdb_mdb-284","agency_name":"Whatcom Transportation Authority","route_count":6,"route_ids":"14|14S|190|190S|7|98","route_short_names":"14|14S|190|190S|7|98","route_types":"3","route_type_names":"Bus","routes_json":"[{\"route_id\":\"14\",\"route_short_name\":\"14\",\"route_long_name\":\"Fairhaven&Downtown\",\"route_type\":\"3\",\"route_type_name\":\"Bus\",\"route_color\":\"009FC3\",\"route_text_color\":\"FFFFFF\"},{\"route_id\":\"14S\",\"route_short_name\":\"14S\",\"route_long_name\":\"WWU&Billy Frank Jr\",\"route_type\":\"3\",\"route_type_name\":\"Bus\",\"route_color\":\"009FC3\",\"route_text_color\":\"000000\"},{\"route_id\":\"190\",\"route_short_name\":\"190\",\"route_long_name\":\"Lincoln St&Downtown\",\"route_type\":\"3\",\"route_type_name\":\"Bus\",\"route_color\":\"0095DA\",\"route_text_color\":\"FFFFFF\"},{\"route_id\":\"190S\",\"route_short_name\":\"190S\",\"route_long_name\":\"Lincoln St&WWU\",\"route_type\":\"3\",\"route_type_name\":\"Bus\",\"route_color\":\"0095DA\",\"route_text_color\":\"000000\"},{\"route_id\":\"7\",\"route_short_name\":\"7\",\"route_long_name\":\"Samish/WWU&Samish/Downtown\",\"route_type\":\"3\",\"route_type_name\":\"Bus\",\"route_color\":\"0000FF\",\"route_text_color\":\"FFFFFF\"},{\"route_id\":\"98\",\"route_short_name\":\"98\",\"route_long_name\":\"WWU&Samish\",\"route_type\":\"3\",\"route_type_name\":\"Bus\",\"route_color\":\"ABE1FA\",\"route_text_color\":\"000000\"}]"},"geometry":{"type":"Point","coordinates":[-122.486858,48.726524]}},{"type":"Feature","properties":{"stop_id":"615","stop_code":"2103","stop_name":"25th St at Bill McDonald Pkwy","stop_desc":"","zone_id":"","stop_url":"","location_type":"","parent_station":"","stop_timezone":"","wheelchair_boarding":"2","feed_id":"Washington__Whatcom_Transportation_Authority__mdb_mdb-284","agency_name":"Whatcom Transportation Authority","route_count":3,"route_ids":"14|14S|7","route_short_names":"14|14S|7","route_types":"3","route_type_names":"Bus","routes_json":"[{\"route_id\":\"14\",\"route_short_name\":\"14\",\"route_long_name\":\"Fairhaven&Downtown\",\"route_type\":\"3\",\"route_type_name\":\"Bus\",\"route_color\":\"009FC3\",\"route_text_color\":\"FFFFFF\"},{\"route_id\":\"14S\",\"route_short_name\":\"14S\",\"route_long_name\":\"WWU&Billy Frank Jr\",\"route_type\":\"3\",\"route_type_name\":\"Bus\",\"route_color\":\"009FC3\",\"route_text_color\":\"000000\"},{\"route_id\":\"7\",\"route_short_name\":\"7\",\"route_long_name\":\"Samish/WWU&Samish/Downtown\",\"route_type\":\"3\",\"route_type_name\":\"Bus\",\"route_color\":\"0000FF\",\"route_text_color\":\"FFFFFF\"}]"},"geometry":{"type":"Point","coordinates":[-122.485211,48.726223]}},{"type":"Feature","properties":{"stop_id":"616","stop_code":"2057","stop_name":"Bill McDonald Pkwy at Ferry Ave","stop_desc":"","zone_id":"","stop_url":"","location_type":"","parent_station":"","stop_timezone":"","wheelchair_boarding":"1","feed_id":"Washington__Whatcom_Transportation_Authority__mdb_mdb-284","agency_name":"Whatcom Transportation Authority","route_count":3,"route_ids":"190|190S|97","route_short_names":"190|190S|97","route_types":"3","route_type_names":"Bus","routes_json":"[{\"route_id\":\"190\",\"route_short_name\":\"190\",\"route_long_name\":\"Lincoln St&Downtown\",\"route_type\":\"3\",\"route_type_name\":\"Bus\",\"route_color\":\"0095DA\",\"route_text_color\":\"FFFFFF\"},{\"route_id\":\"190S\",\"route_short_name\":\"190S\",\"route_long_name\":\"Lincoln St&WWU\",\"route_type\":\"3\",\"route_type_name\":\"Bus\",\"route_color\":\"0095DA\",\"route_text_color\":\"000000\"},{\"route_id\":\"97\",\"route_short_name\":\"97\",\"route_long_name\":\"WWU&Samish\",\"route_type\":\"3\",\"route_type_name\":\"Bus\",\"route_color\":\"034EA2\",\"route_text_color\":\"FFFFFF\"}]"},"geometry":{"type":"Point","coordinates":[-122.481186,48.72916]}},{"type":"Feature","properties":{"stop_id":"617","stop_code":"3178","stop_name":"Bill McDonald Pkwy at Ferry Ave","stop_desc":"","zone_id":"","stop_url":"","location_type":"","parent_station":"","stop_timezone":"","wheelchair_boarding":"1","feed_id":"Washington__Whatcom_Transportation_Authority__mdb_mdb-284","agency_name":"Whatcom Transportation Authority","route_count":3,"route_ids":"190|190S|98","route_short_names":"190|190S|98","route_types":"3","route_type_names":"Bus","routes_json":"[{\"route_id\":\"190\",\"route_short_name\":\"190\",\"route_long_name\":\"Lincoln St&Downtown\",\"route_type\":\"3\",\"route_type_name\":\"Bus\",\"route_color\":\"0095DA\",\"route_text_color\":\"FFFFFF\"},{\"route_id\":\"190S\",\"route_short_name\":\"190S\",\"route_long_name\":\"Lincoln St&WWU\",\"route_type\":\"3\",\"route_type_name\":\"Bus\",\"route_color\":\"0095DA\",\"route_text_color\":\"000000\"},{\"route_id\":\"98\",\"route_short_name\":\"98\",\"route_long_name\":\"WWU&Samish\",\"route_type\":\"3\",\"route_type_name\":\"Bus\",\"route_color\":\"ABE1FA\",\"route_text_color\":\"000000\"}]"},"geometry":{"type":"Point","coordinates":[-122.480767,48.72971]}},{"type":"Feature","properties":{"stop_id":"619","stop_code":"2062","stop_name":"32nd St at Adams Ave","stop_desc":"","zone_id":"","stop_url":"","location_type":"","parent_station":"","stop_timezone":"","wheelchair_boarding":"2","feed_id":"Washington__Whatcom_Transportation_Authority__mdb_mdb-284","agency_name":"Whatcom Transportation Authority","route_count":2,"route_ids":"5|7","route_short_names":"5|7","route_types":"3","route_type_names":"Bus","routes_json":"[{\"route_id\":\"5\",\"route_short_name\":\"5\",\"route_long_name\":\"Samish/Fairhaven&Samish/Downtown\",\"route_type\":\"3\",\"route_type_name\":\"Bus\",\"route_color\":\"0000FF\",\"route_text_color\":\"FFFFFF\"},{\"route_id\":\"7\",\"route_short_name\":\"7\",\"route_long_name\":\"Samish/WWU&Samish/Downtown\",\"route_type\":\"3\",\"route_type_name\":\"Bus\",\"route_color\":\"0000FF\",\"route_text_color\":\"FFFFFF\"}]"},"geometry":{"type":"Point","coordinates":[-122.475486,48.728597]}},{"type":"Feature","properties":{"stop_id":"620","stop_code":"3073","stop_name":"32nd St at Adams Ave","stop_desc":"","zone_id":"","stop_url":"","location_type":"","parent_station":"","stop_timezone":"","wheelchair_boarding":"1","feed_id":"Washington__Whatcom_Transportation_Authority__mdb_mdb-284","agency_name":"Whatcom Transportation Authority","route_count":2,"route_ids":"5|7","route_short_names":"5|7","route_types":"3","route_type_names":"Bus","routes_json":"[{\"route_id\":\"5\",\"route_short_name\":\"5\",\"route_long_name\":\"Samish/Fairhaven&Samish/Downtown\",\"route_type\":\"3\",\"route_type_name\":\"Bus\",\"route_color\":\"0000FF\",\"route_text_color\":\"FFFFFF\"},{\"route_id\":\"7\",\"route_short_name\":\"7\",\"route_long_name\":\"Samish/WWU&Samish/Downtown\",\"route_type\":\"3\",\"route_type_name\":\"Bus\",\"route_color\":\"0000FF\",\"route_text_color\":\"FFFFFF\"}]"},"geometry":{"type":"Point","coordinates":[-122.47527,48.728653]}},{"type":"Feature","properties":{"stop_id":"621","stop_code":"2080","stop_name":"32nd St at Bennett Ave","stop_desc":"","zone_id":"","stop_url":"","location_type":"","parent_station":"","stop_timezone":"","wheelchair_boarding":"1","feed_id":"Washington__Whatcom_Transportation_Authority__mdb_mdb-284","agency_name":"Whatcom Transportation Authority","route_count":2,"route_ids":"5|7","route_short_names":"5|7","route_types":"3","route_type_names":"Bus","routes_json":"[{\"route_id\":\"5\",\"route_short_name\":\"5\",\"route_long_name\":\"Samish/Fairhaven&Samish/Downtown\",\"route_type\":\"3\",\"route_type_name\":\"Bus\",\"route_color\":\"0000FF\",\"route_text_color\":\"FFFFFF\"},{\"route_id\":\"7\",\"route_short_name\":\"7\",\"route_long_name\":\"Samish/WWU&Samish/Downtown\",\"route_type\":\"3\",\"route_type_name\":\"Bus\",\"route_color\":\"0000FF\",\"route_text_color\":\"FFFFFF\"}]"},"geometry":{"type":"Point","coordinates":[-122.475301,48.726581]}},{"type":"Feature","properties":{"stop_id":"622","stop_code":"2063","stop_name":"32nd St at Bennett Ave","stop_desc":"","zone_id":"","stop_url":"","location_type":"","parent_station":"","stop_timezone":"","wheelchair_boarding":"2","feed_id":"Washington__Whatcom_Transportation_Authority__mdb_mdb-284","agency_name":"Whatcom Transportation Authority","route_count":2,"route_ids":"5|7","route_short_names":"5|7","route_types":"3","route_type_names":"Bus","routes_json":"[{\"route_id\":\"5\",\"route_short_name\":\"5\",\"route_long_name\":\"Samish/Fairhaven&Samish/Downtown\",\"route_type\":\"3\",\"route_type_name\":\"Bus\",\"route_color\":\"0000FF\",\"route_text_color\":\"FFFFFF\"},{\"route_id\":\"7\",\"route_short_name\":\"7\",\"route_long_name\":\"Samish/WWU&Samish/Downtown\",\"route_type\":\"3\",\"route_type_name\":\"Bus\",\"route_color\":\"0000FF\",\"route_text_color\":\"FFFFFF\"}]"},"geometry":{"type":"Point","coordinates":[-122.475511,48.726071]}},{"type":"Feature","properties":{"stop_id":"623","stop_code":"3170","stop_name":"32nd St at Taylor Ave","stop_desc":"","zone_id":"","stop_url":"","location_type":"","parent_station":"","stop_timezone":"","wheelchair_boarding":"2","feed_id":"Washington__Whatcom_Transportation_Authority__mdb_mdb-284","agency_name":"Whatcom Transportation Authority","route_count":2,"route_ids":"5|7","route_short_names":"5|7","route_types":"3","route_type_names":"Bus","routes_json":"[{\"route_id\":\"5\",\"route_short_name\":\"5\",\"route_long_name\":\"Samish/Fairhaven&Samish/Downtown\",\"route_type\":\"3\",\"route_type_name\":\"Bus\",\"route_color\":\"0000FF\",\"route_text_color\":\"FFFFFF\"},{\"route_id\":\"7\",\"route_short_name\":\"7\",\"route_long_name\":\"Samish/WWU&Samish/Downtown\",\"route_type\":\"3\",\"route_type_name\":\"Bus\",\"route_color\":\"0000FF\",\"route_text_color\":\"FFFFFF\"}]"},"geometry":{"type":"Point","coordinates":[-122.47548,48.724759]}},{"type":"Feature","properties":{"stop_id":"624","stop_code":"3072","stop_name":"32nd St at Taylor Ave","stop_desc":"","zone_id":"","stop_url":"","location_type":"","parent_station":"","stop_timezone":"","wheelchair_boarding":"2","feed_id":"Washington__Whatcom_Transportation_Authority__mdb_mdb-284","agency_name":"Whatcom Transportation Authority","route_count":2,"route_ids":"5|7","route_short_names":"5|7","route_types":"3","route_type_names":"Bus","routes_json":"[{\"route_id\":\"5\",\"route_short_name\":\"5\",\"route_long_name\":\"Samish/Fairhaven&Samish/Downtown\",\"route_type\":\"3\",\"route_type_name\":\"Bus\",\"route_color\":\"0000FF\",\"route_text_color\":\"FFFFFF\"},{\"route_id\":\"7\",\"route_short_name\":\"7\",\"route_long_name\":\"Samish/WWU&Samish/Downtown\",\"route_type\":\"3\",\"route_type_name\":\"Bus\",\"route_color\":\"0000FF\",\"route_text_color\":\"FFFFFF\"}]"},"geometry":{"type":"Point","coordinates":[-122.475292,48.724542]}},{"type":"Feature","properties":{"stop_id":"625","stop_code":"2079","stop_name":"32nd St at Community Garden","stop_desc":"","zone_id":"","stop_url":"","location_type":"","parent_station":"","stop_timezone":"","wheelchair_boarding":"2","feed_id":"Washington__Whatcom_Transportation_Authority__mdb_mdb-284","agency_name":"Whatcom Transportation Authority","route_count":2,"route_ids":"5|7","route_short_names":"5|7","route_types":"3","route_type_names":"Bus","routes_json":"[{\"route_id\":\"5\",\"route_short_name\":\"5\",\"route_long_name\":\"Samish/Fairhaven&Samish/Downtown\",\"route_type\":\"3\",\"route_type_name\":\"Bus\",\"route_color\":\"0000FF\",\"route_text_color\":\"FFFFFF\"},{\"route_id\":\"7\",\"route_short_name\":\"7\",\"route_long_name\":\"Samish/WWU&Samish/Downtown\",\"route_type\":\"3\",\"route_type_name\":\"Bus\",\"route_color\":\"0000FF\",\"route_text_color\":\"FFFFFF\"}]"},"geometry":{"type":"Point","coordinates":[-122.475307,48.721742]}},{"type":"Feature","properties":{"stop_id":"626","stop_code":"2064","stop_name":"32nd St at Community Garden","stop_desc":"","zone_id":"","stop_url":"","location_type":"","parent_station":"","stop_timezone":"","wheelchair_boarding":"2","feed_id":"Washington__Whatcom_Transportation_Authority__mdb_mdb-284","agency_name":"Whatcom Transportation Authority","route_count":2,"route_ids":"5|7","route_short_names":"5|7","route_types":"3","route_type_names":"Bus","routes_json":"[{\"route_id\":\"5\",\"route_short_name\":\"5\",\"route_long_name\":\"Samish/Fairhaven&Samish/Downtown\",\"route_type\":\"3\",\"route_type_name\":\"Bus\",\"route_color\":\"0000FF\",\"route_text_color\":\"FFFFFF\"},{\"route_id\":\"7\",\"route_short_name\":\"7\",\"route_long_name\":\"Samish/WWU&Samish/Downtown\",\"route_type\":\"3\",\"route_type_name\":\"Bus\",\"route_color\":\"0000FF\",\"route_text_color\":\"FFFFFF\"}]"},"geometry":{"type":"Point","coordinates":[-122.475505,48.721516]}},{"type":"Feature","properties":{"stop_id":"627","stop_code":"3071","stop_name":"32nd St at McKenzie Ave","stop_desc":"","zone_id":"","stop_url":"","location_type":"","parent_station":"","stop_timezone":"","wheelchair_boarding":"2","feed_id":"Washington__Whatcom_Transportation_Authority__mdb_mdb-284","agency_name":"Whatcom Transportation Authority","route_count":2,"route_ids":"5|7","route_short_names":"5|7","route_types":"3","route_type_names":"Bus","routes_json":"[{\"route_id\":\"5\",\"route_short_name\":\"5\",\"route_long_name\":\"Samish/Fairhaven&Samish/Downtown\",\"route_type\":\"3\",\"route_type_name\":\"Bus\",\"route_color\":\"0000FF\",\"route_text_color\":\"FFFFFF\"},{\"route_id\":\"7\",\"route_short_name\":\"7\",\"route_long_name\":\"Samish/WWU&Samish/Downtown\",\"route_type\":\"3\",\"route_type_name\":\"Bus\",\"route_color\":\"0000FF\",\"route_text_color\":\"FFFFFF\"}]"},"geometry":{"type":"Point","coordinates":[-122.4753,48.719791]}},{"type":"Feature","properties":{"stop_id":"628","stop_code":"2065","stop_name":"32nd St at McKenzie Ave","stop_desc":"","zone_id":"","stop_url":"","location_type":"","parent_station":"","stop_timezone":"","wheelchair_boarding":"2","feed_id":"Washington__Whatcom_Transportation_Authority__mdb_mdb-284","agency_name":"Whatcom Transportation Authority","route_count":2,"route_ids":"5|7","route_short_names":"5|7","route_types":"3","route_type_names":"Bus","routes_json":"[{\"route_id\":\"5\",\"route_short_name\":\"5\",\"route_long_name\":\"Samish/Fairhaven&Samish/Downtown\",\"route_type\":\"3\",\"route_type_name\":\"Bus\",\"route_color\":\"0000FF\",\"route_text_color\":\"FFFFFF\"},{\"route_id\":\"7\",\"route_short_name\":\"7\",\"route_long_name\":\"Samish/WWU&Samish/Downtown\",\"route_type\":\"3\",\"route_type_name\":\"Bus\",\"route_color\":\"0000FF\",\"route_text_color\":\"FFFFFF\"}]"},"geometry":{"type":"Point","coordinates":[-122.475505,48.718821]}},{"type":"Feature","properties":{"stop_id":"629","stop_code":"3070","stop_name":"32nd St at Donovan Ave","stop_desc":"","zone_id":"","stop_url":"","location_type":"","parent_station":"","stop_timezone":"","wheelchair_boarding":"2","feed_id":"Washington__Whatcom_Transportation_Authority__mdb_mdb-284","agency_name":"Whatcom Transportation Authority","route_count":2,"route_ids":"5|7","route_short_names":"5|7","route_types":"3","route_type_names":"Bus","routes_json":"[{\"route_id\":\"5\",\"route_short_name\":\"5\",\"route_long_name\":\"Samish/Fairhaven&Samish/Downtown\",\"route_type\":\"3\",\"route_type_name\":\"Bus\",\"route_color\":\"0000FF\",\"route_text_color\":\"FFFFFF\"},{\"route_id\":\"7\",\"route_short_name\":\"7\",\"route_long_name\":\"Samish/WWU&Samish/Downtown\",\"route_type\":\"3\",\"route_type_name\":\"Bus\",\"route_color\":\"0000FF\",\"route_text_color\":\"FFFFFF\"}]"},"geometry":{"type":"Point","coordinates":[-122.47533,48.717682]}},{"type":"Feature","properties":{"stop_id":"630","stop_code":"2074","stop_name":"Donovan Ave at 21st St","stop_desc":"","zone_id":"","stop_url":"","location_type":"","parent_station":"","stop_timezone":"","wheelchair_boarding":"1","feed_id":"Washington__Whatcom_Transportation_Authority__mdb_mdb-284","agency_name":"Whatcom Transportation Authority","route_count":2,"route_ids":"14|7","route_short_names":"14|7","route_types":"3","route_type_names":"Bus","routes_json":"[{\"route_id\":\"14\",\"route_short_name\":\"14\",\"route_long_name\":\"Fairhaven&Downtown\",\"route_type\":\"3\",\"route_type_name\":\"Bus\",\"route_color\":\"009FC3\",\"route_text_color\":\"FFFFFF\"},{\"route_id\":\"7\",\"route_short_name\":\"7\",\"route_long_name\":\"Samish/WWU&Samish/Downtown\",\"route_type\":\"3\",\"route_type_name\":\"Bus\",\"route_color\":\"0000FF\",\"route_text_color\":\"FFFFFF\"}]"},"geometry":{"type":"Point","coordinates":[-122.48996,48.717587]}},{"type":"Feature","properties":{"stop_id":"631","stop_code":"3189","stop_name":"21st St at Harris Ave","stop_desc":"","zone_id":"","stop_url":"","location_type":"","parent_station":"","stop_timezone":"","wheelchair_boarding":"2","feed_id":"Washington__Whatcom_Transportation_Authority__mdb_mdb-284","agency_name":"Whatcom Transportation Authority","route_count":2,"route_ids":"14|7","route_short_names":"14|7","route_types":"3","route_type_names":"Bus","routes_json":"[{\"route_id\":\"14\",\"route_short_name\":\"14\",\"route_long_name\":\"Fairhaven&Downtown\",\"route_type\":\"3\",\"route_type_name\":\"Bus\",\"route_color\":\"009FC3\",\"route_text_color\":\"FFFFFF\"},{\"route_id\":\"7\",\"route_short_name\":\"7\",\"route_long_name\":\"Samish/WWU&Samish/Downtown\",\"route_type\":\"3\",\"route_type_name\":\"Bus\",\"route_color\":\"0000FF\",\"route_text_color\":\"FFFFFF\"}]"},"geometry":{"type":"Point","coordinates":[-122.49046,48.719913]}},{"type":"Feature","properties":{"stop_id":"632","stop_code":"3185","stop_name":"21st St at Knox Ave","stop_desc":"","zone_id":"","stop_url":"","location_type":"","parent_station":"","stop_timezone":"","wheelchair_boarding":"2","feed_id":"Washington__Whatcom_Transportation_Authority__mdb_mdb-284","agency_name":"Whatcom Transportation Authority","route_count":2,"route_ids":"14|7","route_short_names":"14|7","route_types":"3","route_type_names":"Bus","routes_json":"[{\"route_id\":\"14\",\"route_short_name\":\"14\",\"route_long_name\":\"Fairhaven&Downtown\",\"route_type\":\"3\",\"route_type_name\":\"Bus\",\"route_color\":\"009FC3\",\"route_text_color\":\"FFFFFF\"},{\"route_id\":\"7\",\"route_short_name\":\"7\",\"route_long_name\":\"Samish/WWU&Samish/Downtown\",\"route_type\":\"3\",\"route_type_name\":\"Bus\",\"route_color\":\"0000FF\",\"route_text_color\":\"FFFFFF\"}]"},"geometry":{"type":"Point","coordinates":[-122.490463,48.722589]}},{"type":"Feature","properties":{"stop_id":"633","stop_code":"3184","stop_name":"21st St at Taylor Ave","stop_desc":"","zone_id":"","stop_url":"","location_type":"","parent_station":"","stop_timezone":"","wheelchair_boarding":"2","feed_id":"Washington__Whatcom_Transportation_Authority__mdb_mdb-284","agency_name":"Whatcom Transportation Authority","route_count":2,"route_ids":"14|7","route_short_names":"14|7","route_types":"3","route_type_names":"Bus","routes_json":"[{\"route_id\":\"14\",\"route_short_name\":\"14\",\"route_long_name\":\"Fairhaven&Downtown\",\"route_type\":\"3\",\"route_type_name\":\"Bus\",\"route_color\":\"009FC3\",\"route_text_color\":\"FFFFFF\"},{\"route_id\":\"7\",\"route_short_name\":\"7\",\"route_long_name\":\"Samish/WWU&Samish/Downtown\",\"route_type\":\"3\",\"route_type_name\":\"Bus\",\"route_color\":\"0000FF\",\"route_text_color\":\"FFFFFF\"}]"},"geometry":{"type":"Point","coordinates":[-122.490432,48.72506]}},{"type":"Feature","properties":{"stop_id":"634","stop_code":"2102","stop_name":"Douglas Ave at 25th St","stop_desc":"","zone_id":"","stop_url":"","location_type":"","parent_station":"","stop_timezone":"","wheelchair_boarding":"1","feed_id":"Washington__Whatcom_Transportation_Authority__mdb_mdb-284","agency_name":"Whatcom Transportation Authority","route_count":3,"route_ids":"14|14S|7","route_short_names":"14|14S|7","route_types":"3","route_type_names":"Bus","routes_json":"[{\"route_id\":\"14\",\"route_short_name\":\"14\",\"route_long_name\":\"Fairhaven&Downtown\",\"route_type\":\"3\",\"route_type_name\":\"Bus\",\"route_color\":\"009FC3\",\"route_text_color\":\"FFFFFF\"},{\"route_id\":\"14S\",\"route_short_name\":\"14S\",\"route_long_name\":\"WWU&Billy Frank Jr\",\"route_type\":\"3\",\"route_type_name\":\"Bus\",\"route_color\":\"009FC3\",\"route_text_color\":\"000000\"},{\"route_id\":\"7\",\"route_short_name\":\"7\",\"route_long_name\":\"Samish/WWU&Samish/Downtown\",\"route_type\":\"3\",\"route_type_name\":\"Bus\",\"route_color\":\"0000FF\",\"route_text_color\":\"FFFFFF\"}]"},"geometry":{"type":"Point","coordinates":[-122.48576,48.723801]}},{"type":"Feature","properties":{"stop_id":"635","stop_code":"2101","stop_name":"24th St at Knox Ave","stop_desc":"","zone_id":"","stop_url":"","location_type":"","parent_station":"","stop_timezone":"","wheelchair_boarding":"1","feed_id":"Washington__Whatcom_Transportation_Authority__mdb_mdb-284","agency_name":"Whatcom Transportation Authority","route_count":3,"route_ids":"14|14S|7","route_short_names":"14|14S|7","route_types":"3","route_type_names":"Bus","routes_json":"[{\"route_id\":\"14\",\"route_short_name\":\"14\",\"route_long_name\":\"Fairhaven&Downtown\",\"route_type\":\"3\",\"route_type_name\":\"Bus\",\"route_color\":\"009FC3\",\"route_text_color\":\"FFFFFF\"},{\"route_id\":\"14S\",\"route_short_name\":\"14S\",\"route_long_name\":\"WWU&Billy Frank Jr\",\"route_type\":\"3\",\"route_type_name\":\"Bus\",\"route_color\":\"009FC3\",\"route_text_color\":\"000000\"},{\"route_id\":\"7\",\"route_short_name\":\"7\",\"route_long_name\":\"Samish/WWU&Samish/Downtown\",\"route_type\":\"3\",\"route_type_name\":\"Bus\",\"route_color\":\"0000FF\",\"route_text_color\":\"FFFFFF\"}]"},"geometry":{"type":"Point","coordinates":[-122.486128,48.722818]}},{"type":"Feature","properties":{"stop_id":"636","stop_code":"3192","stop_name":"24th St at Mill Ave","stop_desc":"","zone_id":"","stop_url":"","location_type":"","parent_station":"","stop_timezone":"","wheelchair_boarding":"1","feed_id":"Washington__Whatcom_Transportation_Authority__mdb_mdb-284","agency_name":"Whatcom Transportation Authority","route_count":3,"route_ids":"14|14S|7","route_short_names":"14|14S|7","route_types":"3","route_type_names":"Bus","routes_json":"[{\"route_id\":\"14\",\"route_short_name\":\"14\",\"route_long_name\":\"Fairhaven&Downtown\",\"route_type\":\"3\",\"route_type_name\":\"Bus\",\"route_color\":\"009FC3\",\"route_text_color\":\"FFFFFF\"},{\"route_id\":\"14S\",\"route_short_name\":\"14S\",\"route_long_name\":\"WWU&Billy Frank Jr\",\"route_type\":\"3\",\"route_type_name\":\"Bus\",\"route_color\":\"009FC3\",\"route_text_color\":\"000000\"},{\"route_id\":\"7\",\"route_short_name\":\"7\",\"route_long_name\":\"Samish/WWU&Samish/Downtown\",\"route_type\":\"3\",\"route_type_name\":\"Bus\",\"route_color\":\"0000FF\",\"route_text_color\":\"FFFFFF\"}]"},"geometry":{"type":"Point","coordinates":[-122.48611,48.720959]}},{"type":"Feature","properties":{"stop_id":"637","stop_code":"3191","stop_name":"24th St at McKenzie Ave","stop_desc":"","zone_id":"","stop_url":"","location_type":"","parent_station":"","stop_timezone":"","wheelchair_boarding":"2","feed_id":"Washington__Whatcom_Transportation_Authority__mdb_mdb-284","agency_name":"Whatcom Transportation Authority","route_count":3,"route_ids":"14|14S|7","route_short_names":"14|14S|7","route_types":"3","route_type_names":"Bus","routes_json":"[{\"route_id\":\"14\",\"route_short_name\":\"14\",\"route_long_name\":\"Fairhaven&Downtown\",\"route_type\":\"3\",\"route_type_name\":\"Bus\",\"route_color\":\"009FC3\",\"route_text_color\":\"FFFFFF\"},{\"route_id\":\"14S\",\"route_short_name\":\"14S\",\"route_long_name\":\"WWU&Billy Frank Jr\",\"route_type\":\"3\",\"route_type_name\":\"Bus\",\"route_color\":\"009FC3\",\"route_text_color\":\"000000\"},{\"route_id\":\"7\",\"route_short_name\":\"7\",\"route_long_name\":\"Samish/WWU&Samish/Downtown\",\"route_type\":\"3\",\"route_type_name\":\"Bus\",\"route_color\":\"0000FF\",\"route_text_color\":\"FFFFFF\"}]"},"geometry":{"type":"Point","coordinates":[-122.486155,48.719524]}},{"type":"Feature","properties":{"stop_id":"638","stop_code":"2067","stop_name":"Old Fairhaven Pkwy at 24th St","stop_desc":"","zone_id":"","stop_url":"","location_type":"","parent_station":"","stop_timezone":"","wheelchair_boarding":"1","feed_id":"Washington__Whatcom_Transportation_Authority__mdb_mdb-284","agency_name":"Whatcom Transportation Authority","route_count":1,"route_ids":"5","route_short_names":"5","route_types":"3","route_type_names":"Bus","routes_json":"[{\"route_id\":\"5\",\"route_short_name\":\"5\",\"route_long_name\":\"Samish/Fairhaven&Samish/Downtown\",\"route_type\":\"3\",\"route_type_name\":\"Bus\",\"route_color\":\"0000FF\",\"route_text_color\":\"FFFFFF\"}]"},"geometry":{"type":"Point","coordinates":[-122.486756,48.714993]}},{"type":"Feature","properties":{"stop_id":"639","stop_code":"2068","stop_name":"Old Fairhaven Pkwy at 22nd St","stop_desc":"","zone_id":"","stop_url":"","location_type":"","parent_station":"","stop_timezone":"","wheelchair_boarding":"1","feed_id":"Washington__Whatcom_Transportation_Authority__mdb_mdb-284","agency_name":"Whatcom Transportation Authority","route_count":1,"route_ids":"5","route_short_names":"5","route_types":"3","route_type_names":"Bus","routes_json":"[{\"route_id\":\"5\",\"route_short_name\":\"5\",\"route_long_name\":\"Samish/Fairhaven&Samish/Downtown\",\"route_type\":\"3\",\"route_type_name\":\"Bus\",\"route_color\":\"0000FF\",\"route_text_color\":\"FFFFFF\"}]"},"geometry":{"type":"Point","coordinates":[-122.48951,48.715926]}},{"type":"Feature","properties":{"stop_id":"640","stop_code":"2069","stop_name":"Old Fairhaven Pkwy at 20th St","stop_desc":"","zone_id":"","stop_url":"","location_type":"","parent_station":"","stop_timezone":"","wheelchair_boarding":"1","feed_id":"Washington__Whatcom_Transportation_Authority__mdb_mdb-284","agency_name":"Whatcom Transportation Authority","route_count":1,"route_ids":"5","route_short_names":"5","route_types":"3","route_type_names":"Bus","routes_json":"[{\"route_id\":\"5\",\"route_short_name\":\"5\",\"route_long_name\":\"Samish/Fairhaven&Samish/Downtown\",\"route_type\":\"3\",\"route_type_name\":\"Bus\",\"route_color\":\"0000FF\",\"route_text_color\":\"FFFFFF\"}]"},"geometry":{"type":"Point","coordinates":[-122.493554,48.715904]}},{"type":"Feature","properties":{"stop_id":"641","stop_code":"2070","stop_name":"Old Fairhaven Pkwy at 16th St","stop_desc":"","zone_id":"","stop_url":"","location_type":"","parent_station":"","stop_timezone":"","wheelchair_boarding":"2","feed_id":"Washington__Whatcom_Transportation_Authority__mdb_mdb-284","agency_name":"Whatcom Transportation Authority","route_count":1,"route_ids":"5","route_short_names":"5","route_types":"3","route_type_names":"Bus","routes_json":"[{\"route_id\":\"5\",\"route_short_name\":\"5\",\"route_long_name\":\"Samish/Fairhaven&Samish/Downtown\",\"route_type\":\"3\",\"route_type_name\":\"Bus\",\"route_color\":\"0000FF\",\"route_text_color\":\"FFFFFF\"}]"},"geometry":{"type":"Point","coordinates":[-122.497367,48.716719]}},{"type":"Feature","properties":{"stop_id":"642","stop_code":"3172","stop_name":"Old Fairhaven Pkwy at 14th St","stop_desc":"","zone_id":"","stop_url":"","location_type":"","parent_station":"","stop_timezone":"","wheelchair_boarding":"2","feed_id":"Washington__Whatcom_Transportation_Authority__mdb_mdb-284","agency_name":"Whatcom Transportation Authority","route_count":2,"route_ids":"14|5","route_short_names":"14|5","route_types":"3","route_type_names":"Bus","routes_json":"[{\"route_id\":\"14\",\"route_short_name\":\"14\",\"route_long_name\":\"Fairhaven&Downtown\",\"route_type\":\"3\",\"route_type_name\":\"Bus\",\"route_color\":\"009FC3\",\"route_text_color\":\"FFFFFF\"},{\"route_id\":\"5\",\"route_short_name\":\"5\",\"route_long_name\":\"Samish/Fairhaven&Samish/Downtown\",\"route_type\":\"3\",\"route_type_name\":\"Bus\",\"route_color\":\"0000FF\",\"route_text_color\":\"FFFFFF\"}]"},"geometry":{"type":"Point","coordinates":[-122.500386,48.717739]}},{"type":"Feature","properties":{"stop_id":"643","stop_code":"2100","stop_name":"Old Fairhaven Pkwy at 14th St","stop_desc":"","zone_id":"","stop_url":"","location_type":"","parent_station":"","stop_timezone":"","wheelchair_boarding":"2","feed_id":"Washington__Whatcom_Transportation_Authority__mdb_mdb-284","agency_name":"Whatcom Transportation Authority","route_count":1,"route_ids":"5","route_short_names":"5","route_types":"3","route_type_names":"Bus","routes_json":"[{\"route_id\":\"5\",\"route_short_name\":\"5\",\"route_long_name\":\"Samish/Fairhaven&Samish/Downtown\",\"route_type\":\"3\",\"route_type_name\":\"Bus\",\"route_color\":\"0000FF\",\"route_text_color\":\"FFFFFF\"}]"},"geometry":{"type":"Point","coordinates":[-122.500349,48.717585]}},{"type":"Feature","properties":{"stop_id":"655","stop_code":"3186","stop_name":"Harris Ave at 19th St","stop_desc":"","zone_id":"","stop_url":"","location_type":"","parent_station":"","stop_timezone":"","wheelchair_boarding":"1","feed_id":"Washington__Whatcom_Transportation_Authority__mdb_mdb-284","agency_name":"Whatcom Transportation Authority","route_count":1,"route_ids":"14","route_short_names":"14","route_types":"3","route_type_names":"Bus","routes_json":"[{\"route_id\":\"14\",\"route_short_name\":\"14\",\"route_long_name\":\"Fairhaven&Downtown\",\"route_type\":\"3\",\"route_type_name\":\"Bus\",\"route_color\":\"009FC3\",\"route_text_color\":\"FFFFFF\"}]"},"geometry":{"type":"Point","coordinates":[-122.493178,48.720224]}},{"type":"Feature","properties":{"stop_id":"656","stop_code":"2022","stop_name":"Harris Ave at 9th St","stop_desc":"","zone_id":"","stop_url":"","location_type":"","parent_station":"","stop_timezone":"","wheelchair_boarding":"1","feed_id":"Washington__Whatcom_Transportation_Authority__mdb_mdb-284","agency_name":"Whatcom Transportation Authority","route_count":3,"route_ids":"1|14|5","route_short_names":"1|14|5","route_types":"3","route_type_names":"Bus","routes_json":"[{\"route_id\":\"1\",\"route_short_name\":\"1\",\"route_long_name\":\"Fairhaven&Downtown\",\"route_type\":\"3\",\"route_type_name\":\"Bus\",\"route_color\":\"E5BFA1\",\"route_text_color\":\"000000\"},{\"route_id\":\"14\",\"route_short_name\":\"14\",\"route_long_name\":\"Fairhaven&Downtown\",\"route_type\":\"3\",\"route_type_name\":\"Bus\",\"route_color\":\"009FC3\",\"route_text_color\":\"FFFFFF\"},{\"route_id\":\"5\",\"route_short_name\":\"5\",\"route_long_name\":\"Samish/Fairhaven&Samish/Downtown\",\"route_type\":\"3\",\"route_type_name\":\"Bus\",\"route_color\":\"0000FF\",\"route_text_color\":\"FFFFFF\"}]"},"geometry":{"type":"Point","coordinates":[-122.505495,48.720227]}},{"type":"Feature","properties":{"stop_id":"657","stop_code":"3080","stop_name":"Harris Ave at 9th St","stop_desc":"","zone_id":"","stop_url":"","location_type":"","parent_station":"","stop_timezone":"","wheelchair_boarding":"1","feed_id":"Washington__Whatcom_Transportation_Authority__mdb_mdb-284","agency_name":"Whatcom Transportation Authority","route_count":3,"route_ids":"1|14|5","route_short_names":"1|14|5","route_types":"3","route_type_names":"Bus","routes_json":"[{\"route_id\":\"1\",\"route_short_name\":\"1\",\"route_long_name\":\"Fairhaven&Downtown\",\"route_type\":\"3\",\"route_type_name\":\"Bus\",\"route_color\":\"E5BFA1\",\"route_text_color\":\"000000\"},{\"route_id\":\"14\",\"route_short_name\":\"14\",\"route_long_name\":\"Fairhaven&Downtown\",\"route_type\":\"3\",\"route_type_name\":\"Bus\",\"route_color\":\"009FC3\",\"route_text_color\":\"FFFFFF\"},{\"route_id\":\"5\",\"route_short_name\":\"5\",\"route_long_name\":\"Samish/Fairhaven&Samish/Downtown\",\"route_type\":\"3\",\"route_type_name\":\"Bus\",\"route_color\":\"0000FF\",\"route_text_color\":\"FFFFFF\"}]"},"geometry":{"type":"Point","coordinates":[-122.505316,48.720058]}},{"type":"Feature","properties":{"stop_id":"660","stop_code":"2071","stop_name":"Harris Ave at 15th St","stop_desc":"","zone_id":"","stop_url":"","location_type":"","parent_station":"","stop_timezone":"","wheelchair_boarding":"1","feed_id":"Washington__Whatcom_Transportation_Authority__mdb_mdb-284","agency_name":"Whatcom Transportation Authority","route_count":1,"route_ids":"14","route_short_names":"14","route_types":"3","route_type_names":"Bus","routes_json":"[{\"route_id\":\"14\",\"route_short_name\":\"14\",\"route_long_name\":\"Fairhaven&Downtown\",\"route_type\":\"3\",\"route_type_name\":\"Bus\",\"route_color\":\"009FC3\",\"route_text_color\":\"FFFFFF\"}]"},"geometry":{"type":"Point","coordinates":[-122.49793,48.720071]}},{"type":"Feature","properties":{"stop_id":"661","stop_code":"3188","stop_name":"Harris Ave at 15th St","stop_desc":"","zone_id":"","stop_url":"","location_type":"","parent_station":"","stop_timezone":"","wheelchair_boarding":"2","feed_id":"Washington__Whatcom_Transportation_Authority__mdb_mdb-284","agency_name":"Whatcom Transportation Authority","route_count":1,"route_ids":"14","route_short_names":"14","route_types":"3","route_type_names":"Bus","routes_json":"[{\"route_id\":\"14\",\"route_short_name\":\"14\",\"route_long_name\":\"Fairhaven&Downtown\",\"route_type\":\"3\",\"route_type_name\":\"Bus\",\"route_color\":\"009FC3\",\"route_text_color\":\"FFFFFF\"}]"},"geometry":{"type":"Point","coordinates":[-122.49841,48.720209]}},{"type":"Feature","properties":{"stop_id":"662","stop_code":"2073","stop_name":"Harris Ave at 19th St","stop_desc":"","zone_id":"","stop_url":"","location_type":"","parent_station":"","stop_timezone":"","wheelchair_boarding":"1","feed_id":"Washington__Whatcom_Transportation_Authority__mdb_mdb-284","agency_name":"Whatcom Transportation Authority","route_count":1,"route_ids":"14","route_short_names":"14","route_types":"3","route_type_names":"Bus","routes_json":"[{\"route_id\":\"14\",\"route_short_name\":\"14\",\"route_long_name\":\"Fairhaven&Downtown\",\"route_type\":\"3\",\"route_type_name\":\"Bus\",\"route_color\":\"009FC3\",\"route_text_color\":\"FFFFFF\"}]"},"geometry":{"type":"Point","coordinates":[-122.493181,48.720128]}},{"type":"Feature","properties":{"stop_id":"664","stop_code":"3180","stop_name":"Highland Dr at Ridgeway","stop_desc":"","zone_id":"","stop_url":"","location_type":"","parent_station":"","stop_timezone":"","wheelchair_boarding":"1","feed_id":"Washington__Whatcom_Transportation_Authority__mdb_mdb-284","agency_name":"Whatcom Transportation Authority","route_count":5,"route_ids":"14|14S|190|190S|98","route_short_names":"14|14S|190|190S|98","route_types":"3","route_type_names":"Bus","routes_json":"[{\"route_id\":\"14\",\"route_short_name\":\"14\",\"route_long_name\":\"Fairhaven&Downtown\",\"route_type\":\"3\",\"route_type_name\":\"Bus\",\"route_color\":\"009FC3\",\"route_text_color\":\"FFFFFF\"},{\"route_id\":\"14S\",\"route_short_name\":\"14S\",\"route_long_name\":\"WWU&Billy Frank Jr\",\"route_type\":\"3\",\"route_type_name\":\"Bus\",\"route_color\":\"009FC3\",\"route_text_color\":\"000000\"},{\"route_id\":\"190\",\"route_short_name\":\"190\",\"route_long_name\":\"Lincoln St&Downtown\",\"route_type\":\"3\",\"route_type_name\":\"Bus\",\"route_color\":\"0095DA\",\"route_text_color\":\"FFFFFF\"},{\"route_id\":\"190S\",\"route_short_name\":\"190S\",\"route_long_name\":\"Lincoln St&WWU\",\"route_type\":\"3\",\"route_type_name\":\"Bus\",\"route_color\":\"0095DA\",\"route_text_color\":\"000000\"},{\"route_id\":\"98\",\"route_short_name\":\"98\",\"route_long_name\":\"WWU&Samish\",\"route_type\":\"3\",\"route_type_name\":\"Bus\",\"route_color\":\"ABE1FA\",\"route_text_color\":\"000000\"}]"},"geometry":{"type":"Point","coordinates":[-122.490459,48.73404]}},{"type":"Feature","properties":{"stop_id":"665","stop_code":"2131","stop_name":"Highland Dr at Ridgeway","stop_desc":"","zone_id":"","stop_url":"","location_type":"","parent_station":"","stop_timezone":"","wheelchair_boarding":"1","feed_id":"Washington__Whatcom_Transportation_Authority__mdb_mdb-284","agency_name":"Whatcom Transportation Authority","route_count":5,"route_ids":"14|14S|190|190S|97","route_short_names":"14|14S|190|190S|97","route_types":"3","route_type_names":"Bus","routes_json":"[{\"route_id\":\"14\",\"route_short_name\":\"14\",\"route_long_name\":\"Fairhaven&Downtown\",\"route_type\":\"3\",\"route_type_name\":\"Bus\",\"route_color\":\"009FC3\",\"route_text_color\":\"FFFFFF\"},{\"route_id\":\"14S\",\"route_short_name\":\"14S\",\"route_long_name\":\"WWU&Billy Frank Jr\",\"route_type\":\"3\",\"route_type_name\":\"Bus\",\"route_color\":\"009FC3\",\"route_text_color\":\"000000\"},{\"route_id\":\"190\",\"route_short_name\":\"190\",\"route_long_name\":\"Lincoln St&Downtown\",\"route_type\":\"3\",\"route_type_name\":\"Bus\",\"route_color\":\"0095DA\",\"route_text_color\":\"FFFFFF\"},{\"route_id\":\"190S\",\"route_short_name\":\"190S\",\"route_long_name\":\"Lincoln St&WWU\",\"route_type\":\"3\",\"route_type_name\":\"Bus\",\"route_color\":\"0095DA\",\"route_text_color\":\"000000\"},{\"route_id\":\"97\",\"route_short_name\":\"97\",\"route_long_name\":\"WWU&Samish\",\"route_type\":\"3\",\"route_type_name\":\"Bus\",\"route_color\":\"034EA2\",\"route_text_color\":\"FFFFFF\"}]"},"geometry":{"type":"Point","coordinates":[-122.490899,48.733671]}},{"type":"Feature","properties":{"stop_id":"666","stop_code":"2051","stop_name":"High St at Nash Hall","stop_desc":"","zone_id":"","stop_url":"","location_type":"","parent_station":"","stop_timezone":"","wheelchair_boarding":"1","feed_id":"Washington__Whatcom_Transportation_Authority__mdb_mdb-284","agency_name":"Whatcom Transportation Authority","route_count":5,"route_ids":"14|14S|190|190S|97","route_short_names":"14|14S|190|190S|97","route_types":"3","route_type_names":"Bus","routes_json":"[{\"route_id\":\"14\",\"route_short_name\":\"14\",\"route_long_name\":\"Fairhaven&Downtown\",\"route_type\":\"3\",\"route_type_name\":\"Bus\",\"route_color\":\"009FC3\",\"route_text_color\":\"FFFFFF\"},{\"route_id\":\"14S\",\"route_short_name\":\"14S\",\"route_long_name\":\"WWU&Billy Frank Jr\",\"route_type\":\"3\",\"route_type_name\":\"Bus\",\"route_color\":\"009FC3\",\"route_text_color\":\"000000\"},{\"route_id\":\"190\",\"route_short_name\":\"190\",\"route_long_name\":\"Lincoln St&Downtown\",\"route_type\":\"3\",\"route_type_name\":\"Bus\",\"route_color\":\"0095DA\",\"route_text_color\":\"FFFFFF\"},{\"route_id\":\"190S\",\"route_short_name\":\"190S\",\"route_long_name\":\"Lincoln St&WWU\",\"route_type\":\"3\",\"route_type_name\":\"Bus\",\"route_color\":\"0095DA\",\"route_text_color\":\"000000\"},{\"route_id\":\"97\",\"route_short_name\":\"97\",\"route_long_name\":\"WWU&Samish\",\"route_type\":\"3\",\"route_type_name\":\"Bus\",\"route_color\":\"034EA2\",\"route_text_color\":\"FFFFFF\"}]"},"geometry":{"type":"Point","coordinates":[-122.483756,48.739931]}},{"type":"Feature","properties":{"stop_id":"667","stop_code":"2086","stop_name":"High St at Higginson Hall","stop_desc":"","zone_id":"","stop_url":"","location_type":"","parent_station":"","stop_timezone":"","wheelchair_boarding":"1","feed_id":"Washington__Whatcom_Transportation_Authority__mdb_mdb-284","agency_name":"Whatcom Transportation Authority","route_count":4,"route_ids":"14|190|190S|98","route_short_names":"14|190|190S|98","route_types":"3","route_type_names":"Bus","routes_json":"[{\"route_id\":\"14\",\"route_short_name\":\"14\",\"route_long_name\":\"Fairhaven&Downtown\",\"route_type\":\"3\",\"route_type_name\":\"Bus\",\"route_color\":\"009FC3\",\"route_text_color\":\"FFFFFF\"},{\"route_id\":\"190\",\"route_short_name\":\"190\",\"route_long_name\":\"Lincoln St&Downtown\",\"route_type\":\"3\",\"route_type_name\":\"Bus\",\"route_color\":\"0095DA\",\"route_text_color\":\"FFFFFF\"},{\"route_id\":\"190S\",\"route_short_name\":\"190S\",\"route_long_name\":\"Lincoln St&WWU\",\"route_type\":\"3\",\"route_type_name\":\"Bus\",\"route_color\":\"0095DA\",\"route_text_color\":\"000000\"},{\"route_id\":\"98\",\"route_short_name\":\"98\",\"route_long_name\":\"WWU&Samish\",\"route_type\":\"3\",\"route_type_name\":\"Bus\",\"route_color\":\"ABE1FA\",\"route_text_color\":\"000000\"}]"},"geometry":{"type":"Point","coordinates":[-122.483519,48.739887]}},{"type":"Feature","properties":{"stop_id":"668","stop_code":"2049","stop_name":"Billy Frank Jr St at Laurel St","stop_desc":"","zone_id":"","stop_url":"","location_type":"","parent_station":"","stop_timezone":"","wheelchair_boarding":"1","feed_id":"Washington__Whatcom_Transportation_Authority__mdb_mdb-284","agency_name":"Whatcom Transportation Authority","route_count":5,"route_ids":"14|14S|190|190S|97","route_short_names":"14|14S|190|190S|97","route_types":"3","route_type_names":"Bus","routes_json":"[{\"route_id\":\"14\",\"route_short_name\":\"14\",\"route_long_name\":\"Fairhaven&Downtown\",\"route_type\":\"3\",\"route_type_name\":\"Bus\",\"route_color\":\"009FC3\",\"route_text_color\":\"FFFFFF\"},{\"route_id\":\"14S\",\"route_short_name\":\"14S\",\"route_long_name\":\"WWU&Billy Frank Jr\",\"route_type\":\"3\",\"route_type_name\":\"Bus\",\"route_color\":\"009FC3\",\"route_text_color\":\"000000\"},{\"route_id\":\"190\",\"route_short_name\":\"190\",\"route_long_name\":\"Lincoln St&Downtown\",\"route_type\":\"3\",\"route_type_name\":\"Bus\",\"route_color\":\"0095DA\",\"route_text_color\":\"FFFFFF\"},{\"route_id\":\"190S\",\"route_short_name\":\"190S\",\"route_long_name\":\"Lincoln St&WWU\",\"route_type\":\"3\",\"route_type_name\":\"Bus\",\"route_color\":\"0095DA\",\"route_text_color\":\"000000\"},{\"route_id\":\"97\",\"route_short_name\":\"97\",\"route_long_name\":\"WWU&Samish\",\"route_type\":\"3\",\"route_type_name\":\"Bus\",\"route_color\":\"034EA2\",\"route_text_color\":\"FFFFFF\"}]"},"geometry":{"type":"Point","coordinates":[-122.47797,48.742462]}},{"type":"Feature","properties":{"stop_id":"669","stop_code":"3078","stop_name":"Billy Frank Jr St at Laurel St","stop_desc":"","zone_id":"","stop_url":"","location_type":"","parent_station":"","stop_timezone":"","wheelchair_boarding":"2","feed_id":"Washington__Whatcom_Transportation_Authority__mdb_mdb-284","agency_name":"Whatcom Transportation Authority","route_count":4,"route_ids":"14|190|190S|98","route_short_names":"14|190|190S|98","route_types":"3","route_type_names":"Bus","routes_json":"[{\"route_id\":\"14\",\"route_short_name\":\"14\",\"route_long_name\":\"Fairhaven&Downtown\",\"route_type\":\"3\",\"route_type_name\":\"Bus\",\"route_color\":\"009FC3\",\"route_text_color\":\"FFFFFF\"},{\"route_id\":\"190\",\"route_short_name\":\"190\",\"route_long_name\":\"Lincoln St&Downtown\",\"route_type\":\"3\",\"route_type_name\":\"Bus\",\"route_color\":\"0095DA\",\"route_text_color\":\"FFFFFF\"},{\"route_id\":\"190S\",\"route_short_name\":\"190S\",\"route_long_name\":\"Lincoln St&WWU\",\"route_type\":\"3\",\"route_type_name\":\"Bus\",\"route_color\":\"0095DA\",\"route_text_color\":\"000000\"},{\"route_id\":\"98\",\"route_short_name\":\"98\",\"route_long_name\":\"WWU&Samish\",\"route_type\":\"3\",\"route_type_name\":\"Bus\",\"route_color\":\"ABE1FA\",\"route_text_color\":\"000000\"}]"},"geometry":{"type":"Point","coordinates":[-122.477196,48.742778]}},{"type":"Feature","properties":{"stop_id":"670","stop_code":"2047","stop_name":"Billy Frank Jr St at Chestnut St","stop_desc":"","zone_id":"","stop_url":"","location_type":"","parent_station":"","stop_timezone":"","wheelchair_boarding":"1","feed_id":"Washington__Whatcom_Transportation_Authority__mdb_mdb-284","agency_name":"Whatcom Transportation Authority","route_count":5,"route_ids":"14|14S|190|190S|97","route_short_names":"14|14S|190|190S|97","route_types":"3","route_type_names":"Bus","routes_json":"[{\"route_id\":\"14\",\"route_short_name\":\"14\",\"route_long_name\":\"Fairhaven&Downtown\",\"route_type\":\"3\",\"route_type_name\":\"Bus\",\"route_color\":\"009FC3\",\"route_text_color\":\"FFFFFF\"},{\"route_id\":\"14S\",\"route_short_name\":\"14S\",\"route_long_name\":\"WWU&Billy Frank Jr\",\"route_type\":\"3\",\"route_type_name\":\"Bus\",\"route_color\":\"009FC3\",\"route_text_color\":\"000000\"},{\"route_id\":\"190\",\"route_short_name\":\"190\",\"route_long_name\":\"Lincoln St&Downtown\",\"route_type\":\"3\",\"route_type_name\":\"Bus\",\"route_color\":\"0095DA\",\"route_text_color\":\"FFFFFF\"},{\"route_id\":\"190S\",\"route_short_name\":\"190S\",\"route_long_name\":\"Lincoln St&WWU\",\"route_type\":\"3\",\"route_type_name\":\"Bus\",\"route_color\":\"0095DA\",\"route_text_color\":\"000000\"},{\"route_id\":\"97\",\"route_short_name\":\"97\",\"route_long_name\":\"WWU&Samish\",\"route_type\":\"3\",\"route_type_name\":\"Bus\",\"route_color\":\"034EA2\",\"route_text_color\":\"FFFFFF\"}]"},"geometry":{"type":"Point","coordinates":[-122.474936,48.744488]}},{"type":"Feature","properties":{"stop_id":"671","stop_code":"3079","stop_name":"Billy Frank Jr St at Chestnut St","stop_desc":"","zone_id":"","stop_url":"","location_type":"","parent_station":"","stop_timezone":"","wheelchair_boarding":"2","feed_id":"Washington__Whatcom_Transportation_Authority__mdb_mdb-284","agency_name":"Whatcom Transportation Authority","route_count":4,"route_ids":"14|190|190S|98","route_short_names":"14|190|190S|98","route_types":"3","route_type_names":"Bus","routes_json":"[{\"route_id\":\"14\",\"route_short_name\":\"14\",\"route_long_name\":\"Fairhaven&Downtown\",\"route_type\":\"3\",\"route_type_name\":\"Bus\",\"route_color\":\"009FC3\",\"route_text_color\":\"FFFFFF\"},{\"route_id\":\"190\",\"route_short_name\":\"190\",\"route_long_name\":\"Lincoln St&Downtown\",\"route_type\":\"3\",\"route_type_name\":\"Bus\",\"route_color\":\"0095DA\",\"route_text_color\":\"FFFFFF\"},{\"route_id\":\"190S\",\"route_short_name\":\"190S\",\"route_long_name\":\"Lincoln St&WWU\",\"route_type\":\"3\",\"route_type_name\":\"Bus\",\"route_color\":\"0095DA\",\"route_text_color\":\"000000\"},{\"route_id\":\"98\",\"route_short_name\":\"98\",\"route_long_name\":\"WWU&Samish\",\"route_type\":\"3\",\"route_type_name\":\"Bus\",\"route_color\":\"ABE1FA\",\"route_text_color\":\"000000\"}]"},"geometry":{"type":"Point","coordinates":[-122.474103,48.744859]}},{"type":"Feature","properties":{"stop_id":"672","stop_code":"2046","stop_name":"Billy Frank Jr St at Holly St","stop_desc":"","zone_id":"","stop_url":"","location_type":"","parent_station":"","stop_timezone":"","wheelchair_boarding":"1","feed_id":"Washington__Whatcom_Transportation_Authority__mdb_mdb-284","agency_name":"Whatcom Transportation Authority","route_count":5,"route_ids":"14|14S|190|190S|97","route_short_names":"14|14S|190|190S|97","route_types":"3","route_type_names":"Bus","routes_json":"[{\"route_id\":\"14\",\"route_short_name\":\"14\",\"route_long_name\":\"Fairhaven&Downtown\",\"route_type\":\"3\",\"route_type_name\":\"Bus\",\"route_color\":\"009FC3\",\"route_text_color\":\"FFFFFF\"},{\"route_id\":\"14S\",\"route_short_name\":\"14S\",\"route_long_name\":\"WWU&Billy Frank Jr\",\"route_type\":\"3\",\"route_type_name\":\"Bus\",\"route_color\":\"009FC3\",\"route_text_color\":\"000000\"},{\"route_id\":\"190\",\"route_short_name\":\"190\",\"route_long_name\":\"Lincoln St&Downtown\",\"route_type\":\"3\",\"route_type_name\":\"Bus\",\"route_color\":\"0095DA\",\"route_text_color\":\"FFFFFF\"},{\"route_id\":\"190S\",\"route_short_name\":\"190S\",\"route_long_name\":\"Lincoln St&WWU\",\"route_type\":\"3\",\"route_type_name\":\"Bus\",\"route_color\":\"0095DA\",\"route_text_color\":\"000000\"},{\"route_id\":\"97\",\"route_short_name\":\"97\",\"route_long_name\":\"WWU&Samish\",\"route_type\":\"3\",\"route_type_name\":\"Bus\",\"route_color\":\"034EA2\",\"route_text_color\":\"FFFFFF\"}]"},"geometry":{"type":"Point","coordinates":[-122.472929,48.745853]}},{"type":"Feature","properties":{"stop_id":"673","stop_code":"2087","stop_name":"Holly St at Billy Frank Jr St","stop_desc":"","zone_id":"","stop_url":"","location_type":"","parent_station":"","stop_timezone":"","wheelchair_boarding":"1","feed_id":"Washington__Whatcom_Transportation_Authority__mdb_mdb-284","agency_name":"Whatcom Transportation Authority","route_count":7,"route_ids":"14|190|190S|512|525|533|540","route_short_names":"14|190|190S|512|525|533|540","route_types":"3","route_type_names":"Bus","routes_json":"[{\"route_id\":\"14\",\"route_short_name\":\"14\",\"route_long_name\":\"Fairhaven&Downtown\",\"route_type\":\"3\",\"route_type_name\":\"Bus\",\"route_color\":\"009FC3\",\"route_text_color\":\"FFFFFF\"},{\"route_id\":\"190\",\"route_short_name\":\"190\",\"route_long_name\":\"Lincoln St&Downtown\",\"route_type\":\"3\",\"route_type_name\":\"Bus\",\"route_color\":\"0095DA\",\"route_text_color\":\"FFFFFF\"},{\"route_id\":\"190S\",\"route_short_name\":\"190S\",\"route_long_name\":\"Lincoln St&WWU\",\"route_type\":\"3\",\"route_type_name\":\"Bus\",\"route_color\":\"0095DA\",\"route_text_color\":\"000000\"},{\"route_id\":\"512\",\"route_short_name\":\"512\",\"route_long_name\":\"Sudden Valley&Downtown\",\"route_type\":\"3\",\"route_type_name\":\"Bus\",\"route_color\":\"F287B7\",\"route_text_color\":\"000000\"},{\"route_id\":\"525\",\"route_short_name\":\"525\",\"route_long_name\":\"Barkley&Downtown\",\"route_type\":\"3\",\"route_type_name\":\"Bus\",\"route_color\":\"8F53A1\",\"route_text_color\":\"FFFFFF\"},{\"route_id\":\"533\",\"route_short_name\":\"533\",\"route_long_name\":\"Yew St\",\"route_type\":\"3\",\"route_type_name\":\"Bus\",\"route_color\":\"F8C1D9\",\"route_text_color\":\"000000\"},{\"route_id\":\"540\",\"route_short_name\":\"540\",\"route_long_name\":\"Sunset&Downtown\",\"route_type\":\"3\",\"route_type_name\":\"Bus\",\"route_color\":\"5F3075\",\"route_text_color\":\"FFFFFF\"}]"},"geometry":{"type":"Point","coordinates":[-122.473246,48.746021]}},{"type":"Feature","properties":{"stop_id":"676","stop_code":"3081","stop_name":"12th St at Mill Ave","stop_desc":"","zone_id":"","stop_url":"","location_type":"","parent_station":"","stop_timezone":"","wheelchair_boarding":"1","feed_id":"Washington__Whatcom_Transportation_Authority__mdb_mdb-284","agency_name":"Whatcom Transportation Authority","route_count":1,"route_ids":"1","route_short_names":"1","route_types":"3","route_type_names":"Bus","routes_json":"[{\"route_id\":\"1\",\"route_short_name\":\"1\",\"route_long_name\":\"Fairhaven&Downtown\",\"route_type\":\"3\",\"route_type_name\":\"Bus\",\"route_color\":\"E5BFA1\",\"route_text_color\":\"000000\"}]"},"geometry":{"type":"Point","coordinates":[-122.502217,48.721148]}},{"type":"Feature","properties":{"stop_id":"677","stop_code":"3279","stop_name":"12th St at Mill Ave","stop_desc":"","zone_id":"","stop_url":"","location_type":"","parent_station":"","stop_timezone":"","wheelchair_boarding":"2","feed_id":"Washington__Whatcom_Transportation_Authority__mdb_mdb-284","agency_name":"Whatcom Transportation Authority","route_count":1,"route_ids":"1","route_short_names":"1","route_types":"3","route_type_names":"Bus","routes_json":"[{\"route_id\":\"1\",\"route_short_name\":\"1\",\"route_long_name\":\"Fairhaven&Downtown\",\"route_type\":\"3\",\"route_type_name\":\"Bus\",\"route_color\":\"E5BFA1\",\"route_text_color\":\"000000\"}]"},"geometry":{"type":"Point","coordinates":[-122.50235,48.720658]}},{"type":"Feature","properties":{"stop_id":"681","stop_code":"3282","stop_name":"11th St at Taylor Ave","stop_desc":"","zone_id":"","stop_url":"","location_type":"","parent_station":"","stop_timezone":"","wheelchair_boarding":"1","feed_id":"Washington__Whatcom_Transportation_Authority__mdb_mdb-284","agency_name":"Whatcom Transportation Authority","route_count":1,"route_ids":"1","route_short_names":"1","route_types":"3","route_type_names":"Bus","routes_json":"[{\"route_id\":\"1\",\"route_short_name\":\"1\",\"route_long_name\":\"Fairhaven&Downtown\",\"route_type\":\"3\",\"route_type_name\":\"Bus\",\"route_color\":\"E5BFA1\",\"route_text_color\":\"000000\"}]"},"geometry":{"type":"Point","coordinates":[-122.50368,48.725727]}},{"type":"Feature","properties":{"stop_id":"682","stop_code":"3278","stop_name":"11th St at Bennett Ave","stop_desc":"","zone_id":"","stop_url":"","location_type":"","parent_station":"","stop_timezone":"","wheelchair_boarding":"1","feed_id":"Washington__Whatcom_Transportation_Authority__mdb_mdb-284","agency_name":"Whatcom Transportation Authority","route_count":1,"route_ids":"1","route_short_names":"1","route_types":"3","route_type_names":"Bus","routes_json":"[{\"route_id\":\"1\",\"route_short_name\":\"1\",\"route_long_name\":\"Fairhaven&Downtown\",\"route_type\":\"3\",\"route_type_name\":\"Bus\",\"route_color\":\"E5BFA1\",\"route_text_color\":\"000000\"}]"},"geometry":{"type":"Point","coordinates":[-122.503915,48.726221]}},{"type":"Feature","properties":{"stop_id":"685","stop_code":"3083","stop_name":"State St at 12th St","stop_desc":"","zone_id":"","stop_url":"","location_type":"","parent_station":"","stop_timezone":"","wheelchair_boarding":"2","feed_id":"Washington__Whatcom_Transportation_Authority__mdb_mdb-284","agency_name":"Whatcom Transportation Authority","route_count":1,"route_ids":"1","route_short_names":"1","route_types":"3","route_type_names":"Bus","routes_json":"[{\"route_id\":\"1\",\"route_short_name\":\"1\",\"route_long_name\":\"Fairhaven&Downtown\",\"route_type\":\"3\",\"route_type_name\":\"Bus\",\"route_color\":\"E5BFA1\",\"route_text_color\":\"000000\"}]"},"geometry":{"type":"Point","coordinates":[-122.502773,48.729219]}},{"type":"Feature","properties":{"stop_id":"686","stop_code":"3276","stop_name":"State St at 12th St","stop_desc":"","zone_id":"","stop_url":"","location_type":"","parent_station":"","stop_timezone":"","wheelchair_boarding":"2","feed_id":"Washington__Whatcom_Transportation_Authority__mdb_mdb-284","agency_name":"Whatcom Transportation Authority","route_count":1,"route_ids":"1","route_short_names":"1","route_types":"3","route_type_names":"Bus","routes_json":"[{\"route_id\":\"1\",\"route_short_name\":\"1\",\"route_long_name\":\"Fairhaven&Downtown\",\"route_type\":\"3\",\"route_type_name\":\"Bus\",\"route_color\":\"E5BFA1\",\"route_text_color\":\"000000\"}]"},"geometry":{"type":"Point","coordinates":[-122.503394,48.728956]}},{"type":"Feature","properties":{"stop_id":"689","stop_code":"3085","stop_name":"State St at 14th St","stop_desc":"","zone_id":"","stop_url":"","location_type":"","parent_station":"","stop_timezone":"","wheelchair_boarding":"1","feed_id":"Washington__Whatcom_Transportation_Authority__mdb_mdb-284","agency_name":"Whatcom Transportation Authority","route_count":1,"route_ids":"1","route_short_names":"1","route_types":"3","route_type_names":"Bus","routes_json":"[{\"route_id\":\"1\",\"route_short_name\":\"1\",\"route_long_name\":\"Fairhaven&Downtown\",\"route_type\":\"3\",\"route_type_name\":\"Bus\",\"route_color\":\"E5BFA1\",\"route_text_color\":\"000000\"}]"},"geometry":{"type":"Point","coordinates":[-122.499618,48.73199]}},{"type":"Feature","properties":{"stop_id":"690","stop_code":"3274","stop_name":"State St at 14th St","stop_desc":"","zone_id":"","stop_url":"","location_type":"","parent_station":"","stop_timezone":"","wheelchair_boarding":"1","feed_id":"Washington__Whatcom_Transportation_Authority__mdb_mdb-284","agency_name":"Whatcom Transportation Authority","route_count":1,"route_ids":"1","route_short_names":"1","route_types":"3","route_type_names":"Bus","routes_json":"[{\"route_id\":\"1\",\"route_short_name\":\"1\",\"route_long_name\":\"Fairhaven&Downtown\",\"route_type\":\"3\",\"route_type_name\":\"Bus\",\"route_color\":\"E5BFA1\",\"route_text_color\":\"000000\"}]"},"geometry":{"type":"Point","coordinates":[-122.49981,48.732132]}},{"type":"Feature","properties":{"stop_id":"691","stop_code":"3086","stop_name":"State St at 200 Block","stop_desc":"","zone_id":"","stop_url":"","location_type":"","parent_station":"","stop_timezone":"","wheelchair_boarding":"1","feed_id":"Washington__Whatcom_Transportation_Authority__mdb_mdb-284","agency_name":"Whatcom Transportation Authority","route_count":1,"route_ids":"1","route_short_names":"1","route_types":"3","route_type_names":"Bus","routes_json":"[{\"route_id\":\"1\",\"route_short_name\":\"1\",\"route_long_name\":\"Fairhaven&Downtown\",\"route_type\":\"3\",\"route_type_name\":\"Bus\",\"route_color\":\"E5BFA1\",\"route_text_color\":\"000000\"}]"},"geometry":{"type":"Point","coordinates":[-122.49736,48.734287]}},{"type":"Feature","properties":{"stop_id":"692","stop_code":"2005","stop_name":"State St at 200 Block","stop_desc":"","zone_id":"","stop_url":"","location_type":"","parent_station":"","stop_timezone":"","wheelchair_boarding":"2","feed_id":"Washington__Whatcom_Transportation_Authority__mdb_mdb-284","agency_name":"Whatcom Transportation Authority","route_count":1,"route_ids":"1","route_short_names":"1","route_types":"3","route_type_names":"Bus","routes_json":"[{\"route_id\":\"1\",\"route_short_name\":\"1\",\"route_long_name\":\"Fairhaven&Downtown\",\"route_type\":\"3\",\"route_type_name\":\"Bus\",\"route_color\":\"E5BFA1\",\"route_text_color\":\"000000\"}]"},"geometry":{"type":"Point","coordinates":[-122.497068,48.735007]}},{"type":"Feature","properties":{"stop_id":"694","stop_code":"2026","stop_name":"Forest St at Maple St","stop_desc":"","zone_id":"","stop_url":"","location_type":"","parent_station":"","stop_timezone":"","wheelchair_boarding":"1","feed_id":"Washington__Whatcom_Transportation_Authority__mdb_mdb-284","agency_name":"Whatcom Transportation Authority","route_count":1,"route_ids":"1","route_short_names":"1","route_types":"3","route_type_names":"Bus","routes_json":"[{\"route_id\":\"1\",\"route_short_name\":\"1\",\"route_long_name\":\"Fairhaven&Downtown\",\"route_type\":\"3\",\"route_type_name\":\"Bus\",\"route_color\":\"E5BFA1\",\"route_text_color\":\"000000\"}]"},"geometry":{"type":"Point","coordinates":[-122.47917,48.745533]}},{"type":"Feature","properties":{"stop_id":"695","stop_code":"3271","stop_name":"State St at Chestnut St","stop_desc":"","zone_id":"","stop_url":"","location_type":"","parent_station":"","stop_timezone":"","wheelchair_boarding":"1","feed_id":"Washington__Whatcom_Transportation_Authority__mdb_mdb-284","agency_name":"Whatcom Transportation Authority","route_count":1,"route_ids":"1","route_short_names":"1","route_types":"3","route_type_names":"Bus","routes_json":"[{\"route_id\":\"1\",\"route_short_name\":\"1\",\"route_long_name\":\"Fairhaven&Downtown\",\"route_type\":\"3\",\"route_type_name\":\"Bus\",\"route_color\":\"E5BFA1\",\"route_text_color\":\"000000\"}]"},"geometry":{"type":"Point","coordinates":[-122.47945,48.746983]}},{"type":"Feature","properties":{"stop_id":"698","stop_code":"2002","stop_name":"Boulevard at Wharf St","stop_desc":"","zone_id":"","stop_url":"","location_type":"","parent_station":"","stop_timezone":"","wheelchair_boarding":"2","feed_id":"Washington__Whatcom_Transportation_Authority__mdb_mdb-284","agency_name":"Whatcom Transportation Authority","route_count":1,"route_ids":"1","route_short_names":"1","route_types":"3","route_type_names":"Bus","routes_json":"[{\"route_id\":\"1\",\"route_short_name\":\"1\",\"route_long_name\":\"Fairhaven&Downtown\",\"route_type\":\"3\",\"route_type_name\":\"Bus\",\"route_color\":\"E5BFA1\",\"route_text_color\":\"000000\"}]"},"geometry":{"type":"Point","coordinates":[-122.485715,48.743265]}},{"type":"Feature","properties":{"stop_id":"699","stop_code":"2003","stop_name":"Boulevard at 500 Block","stop_desc":"","zone_id":"","stop_url":"","location_type":"","parent_station":"","stop_timezone":"","wheelchair_boarding":"2","feed_id":"Washington__Whatcom_Transportation_Authority__mdb_mdb-284","agency_name":"Whatcom Transportation Authority","route_count":1,"route_ids":"1","route_short_names":"1","route_types":"3","route_type_names":"Bus","routes_json":"[{\"route_id\":\"1\",\"route_short_name\":\"1\",\"route_long_name\":\"Fairhaven&Downtown\",\"route_type\":\"3\",\"route_type_name\":\"Bus\",\"route_color\":\"E5BFA1\",\"route_text_color\":\"000000\"}]"},"geometry":{"type":"Point","coordinates":[-122.48956,48.741341]}},{"type":"Feature","properties":{"stop_id":"700","stop_code":"2025","stop_name":"State St at Forest St","stop_desc":"","zone_id":"","stop_url":"","location_type":"","parent_station":"","stop_timezone":"","wheelchair_boarding":"1","feed_id":"Washington__Whatcom_Transportation_Authority__mdb_mdb-284","agency_name":"Whatcom Transportation Authority","route_count":1,"route_ids":"1","route_short_names":"1","route_types":"3","route_type_names":"Bus","routes_json":"[{\"route_id\":\"1\",\"route_short_name\":\"1\",\"route_long_name\":\"Fairhaven&Downtown\",\"route_type\":\"3\",\"route_type_name\":\"Bus\",\"route_color\":\"E5BFA1\",\"route_text_color\":\"000000\"}]"},"geometry":{"type":"Point","coordinates":[-122.484966,48.742964]}},{"type":"Feature","properties":{"stop_id":"702","stop_code":"2024","stop_name":"State St at South Hill Apartments","stop_desc":"","zone_id":"","stop_url":"","location_type":"","parent_station":"","stop_timezone":"","wheelchair_boarding":"1","feed_id":"Washington__Whatcom_Transportation_Authority__mdb_mdb-284","agency_name":"Whatcom Transportation Authority","route_count":1,"route_ids":"1","route_short_names":"1","route_types":"3","route_type_names":"Bus","routes_json":"[{\"route_id\":\"1\",\"route_short_name\":\"1\",\"route_long_name\":\"Fairhaven&Downtown\",\"route_type\":\"3\",\"route_type_name\":\"Bus\",\"route_color\":\"E5BFA1\",\"route_text_color\":\"000000\"}]"},"geometry":{"type":"Point","coordinates":[-122.49211,48.738167]}},{"type":"Feature","properties":{"stop_id":"704","stop_code":"2549","stop_name":"Hoff Rd at Marine Dr","stop_desc":"","zone_id":"","stop_url":"","location_type":"","parent_station":"","stop_timezone":"","wheelchair_boarding":"2","feed_id":"Washington__Whatcom_Transportation_Authority__mdb_mdb-284","agency_name":"Whatcom Transportation Authority","route_count":1,"route_ids":"50","route_short_names":"50","route_types":"3","route_type_names":"Bus","routes_json":"[{\"route_id\":\"50\",\"route_short_name\":\"50\",\"route_long_name\":\"LummiNation&Cordata/WCC\",\"route_type\":\"3\",\"route_type_name\":\"Bus\",\"route_color\":\"FFDD00\",\"route_text_color\":\"000000\"}]"},"geometry":{"type":"Point","coordinates":[-122.573726,48.783206]}},{"type":"Feature","properties":{"stop_id":"705","stop_code":"2442","stop_name":"Marine Dr at Hoff Rd","stop_desc":"","zone_id":"","stop_url":"","location_type":"","parent_station":"","stop_timezone":"","wheelchair_boarding":"2","feed_id":"Washington__Whatcom_Transportation_Authority__mdb_mdb-284","agency_name":"Whatcom Transportation Authority","route_count":1,"route_ids":"50","route_short_names":"50","route_types":"3","route_type_names":"Bus","routes_json":"[{\"route_id\":\"50\",\"route_short_name\":\"50\",\"route_long_name\":\"LummiNation&Cordata/WCC\",\"route_type\":\"3\",\"route_type_name\":\"Bus\",\"route_color\":\"FFDD00\",\"route_text_color\":\"000000\"}]"},"geometry":{"type":"Point","coordinates":[-122.573272,48.783145]}},{"type":"Feature","properties":{"stop_id":"707","stop_code":"3138","stop_name":"Maplewood Ave at Alderwood Ave","stop_desc":"","zone_id":"","stop_url":"","location_type":"","parent_station":"","stop_timezone":"","wheelchair_boarding":"2","feed_id":"Washington__Whatcom_Transportation_Authority__mdb_mdb-284","agency_name":"Whatcom Transportation Authority","route_count":1,"route_ids":"18","route_short_names":"18","route_types":"3","route_type_names":"Bus","routes_json":"[{\"route_id\":\"18\",\"route_short_name\":\"18\",\"route_long_name\":\"Hospital&Cordata/WCC\",\"route_type\":\"3\",\"route_type_name\":\"Bus\",\"route_color\":\"BBD976\",\"route_text_color\":\"000000\"}]"},"geometry":{"type":"Point","coordinates":[-122.506279,48.779242]}},{"type":"Feature","properties":{"stop_id":"708","stop_code":"2911","stop_name":"Maplewood Ave at McLeod Rd","stop_desc":"","zone_id":"","stop_url":"","location_type":"","parent_station":"","stop_timezone":"","wheelchair_boarding":"2","feed_id":"Washington__Whatcom_Transportation_Authority__mdb_mdb-284","agency_name":"Whatcom Transportation Authority","route_count":1,"route_ids":"18","route_short_names":"18","route_types":"3","route_type_names":"Bus","routes_json":"[{\"route_id\":\"18\",\"route_short_name\":\"18\",\"route_long_name\":\"Hospital&Cordata/WCC\",\"route_type\":\"3\",\"route_type_name\":\"Bus\",\"route_color\":\"BBD976\",\"route_text_color\":\"000000\"}]"},"geometry":{"type":"Point","coordinates":[-122.511242,48.782592]}},{"type":"Feature","properties":{"stop_id":"709","stop_code":"3139","stop_name":"Maplewood Ave at Bradley Ln","stop_desc":"","zone_id":"","stop_url":"","location_type":"","parent_station":"","stop_timezone":"","wheelchair_boarding":"2","feed_id":"Washington__Whatcom_Transportation_Authority__mdb_mdb-284","agency_name":"Whatcom Transportation Authority","route_count":1,"route_ids":"18","route_short_names":"18","route_types":"3","route_type_names":"Bus","routes_json":"[{\"route_id\":\"18\",\"route_short_name\":\"18\",\"route_long_name\":\"Hospital&Cordata/WCC\",\"route_type\":\"3\",\"route_type_name\":\"Bus\",\"route_color\":\"BBD976\",\"route_text_color\":\"000000\"}]"},"geometry":{"type":"Point","coordinates":[-122.514231,48.784648]}},{"type":"Feature","properties":{"stop_id":"710","stop_code":"4002","stop_name":"Maplewood Ave at Bakerview Rd","stop_desc":"","zone_id":"","stop_url":"","location_type":"","parent_station":"","stop_timezone":"","wheelchair_boarding":"2","feed_id":"Washington__Whatcom_Transportation_Authority__mdb_mdb-284","agency_name":"Whatcom Transportation Authority","route_count":1,"route_ids":"18","route_short_names":"18","route_types":"3","route_type_names":"Bus","routes_json":"[{\"route_id\":\"18\",\"route_short_name\":\"18\",\"route_long_name\":\"Hospital&Cordata/WCC\",\"route_type\":\"3\",\"route_type_name\":\"Bus\",\"route_color\":\"BBD976\",\"route_text_color\":\"000000\"}]"},"geometry":{"type":"Point","coordinates":[-122.516889,48.786451]}},{"type":"Feature","properties":{"stop_id":"713","stop_code":"2507","stop_name":"19th St at Kok Rd","stop_desc":"","zone_id":"","stop_url":"","location_type":"","parent_station":"","stop_timezone":"","wheelchair_boarding":"2","feed_id":"Washington__Whatcom_Transportation_Authority__mdb_mdb-284","agency_name":"Whatcom Transportation Authority","route_count":1,"route_ids":"26","route_short_names":"26","route_types":"3","route_type_names":"Bus","routes_json":"[{\"route_id\":\"26\",\"route_short_name\":\"26\",\"route_long_name\":\"Lynden&Cordata/WCC\",\"route_type\":\"3\",\"route_type_name\":\"Bus\",\"route_color\":\"7A6026\",\"route_text_color\":\"FFFFFF\"}]"},"geometry":{"type":"Point","coordinates":[-122.4817,48.936245]}},{"type":"Feature","properties":{"stop_id":"719","stop_code":"2725","stop_name":"Front St at 9th St","stop_desc":"","zone_id":"","stop_url":"","location_type":"","parent_station":"","stop_timezone":"","wheelchair_boarding":"2","feed_id":"Washington__Whatcom_Transportation_Authority__mdb_mdb-284","agency_name":"Whatcom Transportation Authority","route_count":1,"route_ids":"26","route_short_names":"26","route_types":"3","route_type_names":"Bus","routes_json":"[{\"route_id\":\"26\",\"route_short_name\":\"26\",\"route_long_name\":\"Lynden&Cordata/WCC\",\"route_type\":\"3\",\"route_type_name\":\"Bus\",\"route_color\":\"7A6026\",\"route_text_color\":\"FFFFFF\"}]"},"geometry":{"type":"Point","coordinates":[-122.458243,48.941257]}},{"type":"Feature","properties":{"stop_id":"720","stop_code":"2724","stop_name":"Front St at 7th St","stop_desc":"","zone_id":"","stop_url":"","location_type":"","parent_station":"","stop_timezone":"","wheelchair_boarding":"2","feed_id":"Washington__Whatcom_Transportation_Authority__mdb_mdb-284","agency_name":"Whatcom Transportation Authority","route_count":1,"route_ids":"26","route_short_names":"26","route_types":"3","route_type_names":"Bus","routes_json":"[{\"route_id\":\"26\",\"route_short_name\":\"26\",\"route_long_name\":\"Lynden&Cordata/WCC\",\"route_type\":\"3\",\"route_type_name\":\"Bus\",\"route_color\":\"7A6026\",\"route_text_color\":\"FFFFFF\"}]"},"geometry":{"type":"Point","coordinates":[-122.455929,48.941939]}},{"type":"Feature","properties":{"stop_id":"721","stop_code":"2726","stop_name":"Front St at 11th St","stop_desc":"","zone_id":"","stop_url":"","location_type":"","parent_station":"","stop_timezone":"","wheelchair_boarding":"2","feed_id":"Washington__Whatcom_Transportation_Authority__mdb_mdb-284","agency_name":"Whatcom Transportation Authority","route_count":1,"route_ids":"26","route_short_names":"26","route_types":"3","route_type_names":"Bus","routes_json":"[{\"route_id\":\"26\",\"route_short_name\":\"26\",\"route_long_name\":\"Lynden&Cordata/WCC\",\"route_type\":\"3\",\"route_type_name\":\"Bus\",\"route_color\":\"7A6026\",\"route_text_color\":\"FFFFFF\"}]"},"geometry":{"type":"Point","coordinates":[-122.460731,48.940528]}},{"type":"Feature","properties":{"stop_id":"722","stop_code":"2964","stop_name":"Front St at British Columbia Ave","stop_desc":"","zone_id":"","stop_url":"","location_type":"","parent_station":"","stop_timezone":"","wheelchair_boarding":"2","feed_id":"Washington__Whatcom_Transportation_Authority__mdb_mdb-284","agency_name":"Whatcom Transportation Authority","route_count":1,"route_ids":"26","route_short_names":"26","route_types":"3","route_type_names":"Bus","routes_json":"[{\"route_id\":\"26\",\"route_short_name\":\"26\",\"route_long_name\":\"Lynden&Cordata/WCC\",\"route_type\":\"3\",\"route_type_name\":\"Bus\",\"route_color\":\"7A6026\",\"route_text_color\":\"FFFFFF\"}]"},"geometry":{"type":"Point","coordinates":[-122.462924,48.939901]}},{"type":"Feature","properties":{"stop_id":"723","stop_code":"2727","stop_name":"Front St at 15th St","stop_desc":"","zone_id":"","stop_url":"","location_type":"","parent_station":"","stop_timezone":"","wheelchair_boarding":"2","feed_id":"Washington__Whatcom_Transportation_Authority__mdb_mdb-284","agency_name":"Whatcom Transportation Authority","route_count":1,"route_ids":"26","route_short_names":"26","route_types":"3","route_type_names":"Bus","routes_json":"[{\"route_id\":\"26\",\"route_short_name\":\"26\",\"route_long_name\":\"Lynden&Cordata/WCC\",\"route_type\":\"3\",\"route_type_name\":\"Bus\",\"route_color\":\"7A6026\",\"route_text_color\":\"FFFFFF\"}]"},"geometry":{"type":"Point","coordinates":[-122.466825,48.939704]}},{"type":"Feature","properties":{"stop_id":"724","stop_code":"2728","stop_name":"Front St at 17th St","stop_desc":"","zone_id":"","stop_url":"","location_type":"","parent_station":"","stop_timezone":"","wheelchair_boarding":"2","feed_id":"Washington__Whatcom_Transportation_Authority__mdb_mdb-284","agency_name":"Whatcom Transportation Authority","route_count":1,"route_ids":"26","route_short_names":"26","route_types":"3","route_type_names":"Bus","routes_json":"[{\"route_id\":\"26\",\"route_short_name\":\"26\",\"route_long_name\":\"Lynden&Cordata/WCC\",\"route_type\":\"3\",\"route_type_name\":\"Bus\",\"route_color\":\"7A6026\",\"route_text_color\":\"FFFFFF\"}]"},"geometry":{"type":"Point","coordinates":[-122.470381,48.939602]}},{"type":"Feature","properties":{"stop_id":"725","stop_code":"2729","stop_name":"Front St at Fairside Dr","stop_desc":"","zone_id":"","stop_url":"","location_type":"","parent_station":"","stop_timezone":"","wheelchair_boarding":"2","feed_id":"Washington__Whatcom_Transportation_Authority__mdb_mdb-284","agency_name":"Whatcom Transportation Authority","route_count":1,"route_ids":"26","route_short_names":"26","route_types":"3","route_type_names":"Bus","routes_json":"[{\"route_id\":\"26\",\"route_short_name\":\"26\",\"route_long_name\":\"Lynden&Cordata/WCC\",\"route_type\":\"3\",\"route_type_name\":\"Bus\",\"route_color\":\"7A6026\",\"route_text_color\":\"FFFFFF\"}]"},"geometry":{"type":"Point","coordinates":[-122.47449,48.939377]}},{"type":"Feature","properties":{"stop_id":"726","stop_code":"8911","stop_name":"Guide Meridian at Birch Bay Lynden Rd","stop_desc":"","zone_id":"","stop_url":"","location_type":"","parent_station":"","stop_timezone":"","wheelchair_boarding":"2","feed_id":"Washington__Whatcom_Transportation_Authority__mdb_mdb-284","agency_name":"Whatcom Transportation Authority","route_count":1,"route_ids":"26","route_short_names":"26","route_types":"3","route_type_names":"Bus","routes_json":"[{\"route_id\":\"26\",\"route_short_name\":\"26\",\"route_long_name\":\"Lynden&Cordata/WCC\",\"route_type\":\"3\",\"route_type_name\":\"Bus\",\"route_color\":\"7A6026\",\"route_text_color\":\"FFFFFF\"}]"},"geometry":{"type":"Point","coordinates":[-122.48563,48.934704]}},{"type":"Feature","properties":{"stop_id":"728","stop_code":"2956","stop_name":"Westerly Rd at Meridian St","stop_desc":"","zone_id":"","stop_url":"","location_type":"","parent_station":"","stop_timezone":"","wheelchair_boarding":"2","feed_id":"Washington__Whatcom_Transportation_Authority__mdb_mdb-284","agency_name":"Whatcom Transportation Authority","route_count":1,"route_ids":"48","route_short_names":"48","route_types":"3","route_type_names":"Bus","routes_json":"[{\"route_id\":\"48\",\"route_short_name\":\"48\",\"route_long_name\":\"Cordata/WCC&Bakerview Spur\",\"route_type\":\"3\",\"route_type_name\":\"Bus\",\"route_color\":\"F15A22\",\"route_text_color\":\"FFFFFF\"}]"},"geometry":{"type":"Point","coordinates":[-122.489014,48.791956]}},{"type":"Feature","properties":{"stop_id":"729","stop_code":"4001","stop_name":"Maplewood Ave at Bakerview Rd","stop_desc":"","zone_id":"","stop_url":"","location_type":"","parent_station":"","stop_timezone":"","wheelchair_boarding":"2","feed_id":"Washington__Whatcom_Transportation_Authority__mdb_mdb-284","agency_name":"Whatcom Transportation Authority","route_count":1,"route_ids":"18","route_short_names":"18","route_types":"3","route_type_names":"Bus","routes_json":"[{\"route_id\":\"18\",\"route_short_name\":\"18\",\"route_long_name\":\"Hospital&Cordata/WCC\",\"route_type\":\"3\",\"route_type_name\":\"Bus\",\"route_color\":\"BBD976\",\"route_text_color\":\"000000\"}]"},"geometry":{"type":"Point","coordinates":[-122.51709,48.786379]}},{"type":"Feature","properties":{"stop_id":"730","stop_code":"3153","stop_name":"Maplewood Ave at Bradley Ln","stop_desc":"","zone_id":"","stop_url":"","location_type":"","parent_station":"","stop_timezone":"","wheelchair_boarding":"1","feed_id":"Washington__Whatcom_Transportation_Authority__mdb_mdb-284","agency_name":"Whatcom Transportation Authority","route_count":1,"route_ids":"18","route_short_names":"18","route_types":"3","route_type_names":"Bus","routes_json":"[{\"route_id\":\"18\",\"route_short_name\":\"18\",\"route_long_name\":\"Hospital&Cordata/WCC\",\"route_type\":\"3\",\"route_type_name\":\"Bus\",\"route_color\":\"BBD976\",\"route_text_color\":\"000000\"}]"},"geometry":{"type":"Point","coordinates":[-122.514432,48.78458]}},{"type":"Feature","properties":{"stop_id":"731","stop_code":"2912","stop_name":"Maplewood Ave at McLeod Rd","stop_desc":"","zone_id":"","stop_url":"","location_type":"","parent_station":"","stop_timezone":"","wheelchair_boarding":"2","feed_id":"Washington__Whatcom_Transportation_Authority__mdb_mdb-284","agency_name":"Whatcom Transportation Authority","route_count":1,"route_ids":"18","route_short_names":"18","route_types":"3","route_type_names":"Bus","routes_json":"[{\"route_id\":\"18\",\"route_short_name\":\"18\",\"route_long_name\":\"Hospital&Cordata/WCC\",\"route_type\":\"3\",\"route_type_name\":\"Bus\",\"route_color\":\"BBD976\",\"route_text_color\":\"000000\"}]"},"geometry":{"type":"Point","coordinates":[-122.511101,48.782345]}},{"type":"Feature","properties":{"stop_id":"732","stop_code":"3154","stop_name":"Maplewood Ave at Alderwood Ave","stop_desc":"","zone_id":"","stop_url":"","location_type":"","parent_station":"","stop_timezone":"","wheelchair_boarding":"1","feed_id":"Washington__Whatcom_Transportation_Authority__mdb_mdb-284","agency_name":"Whatcom Transportation Authority","route_count":1,"route_ids":"18","route_short_names":"18","route_types":"3","route_type_names":"Bus","routes_json":"[{\"route_id\":\"18\",\"route_short_name\":\"18\",\"route_long_name\":\"Hospital&Cordata/WCC\",\"route_type\":\"3\",\"route_type_name\":\"Bus\",\"route_color\":\"BBD976\",\"route_text_color\":\"000000\"}]"},"geometry":{"type":"Point","coordinates":[-122.506496,48.779197]}},{"type":"Feature","properties":{"stop_id":"733","stop_code":"3155","stop_name":"Maplewood Ave at Cottonwood Ave","stop_desc":"","zone_id":"","stop_url":"","location_type":"","parent_station":"","stop_timezone":"","wheelchair_boarding":"1","feed_id":"Washington__Whatcom_Transportation_Authority__mdb_mdb-284","agency_name":"Whatcom Transportation Authority","route_count":1,"route_ids":"18","route_short_names":"18","route_types":"3","route_type_names":"Bus","routes_json":"[{\"route_id\":\"18\",\"route_short_name\":\"18\",\"route_long_name\":\"Hospital&Cordata/WCC\",\"route_type\":\"3\",\"route_type_name\":\"Bus\",\"route_color\":\"BBD976\",\"route_text_color\":\"000000\"}]"},"geometry":{"type":"Point","coordinates":[-122.50374,48.777359]}},{"type":"Feature","properties":{"stop_id":"734","stop_code":"3156","stop_name":"Maplewood Ave at Partridge Ln","stop_desc":"","zone_id":"","stop_url":"","location_type":"","parent_station":"","stop_timezone":"","wheelchair_boarding":"1","feed_id":"Washington__Whatcom_Transportation_Authority__mdb_mdb-284","agency_name":"Whatcom Transportation Authority","route_count":1,"route_ids":"18","route_short_names":"18","route_types":"3","route_type_names":"Bus","routes_json":"[{\"route_id\":\"18\",\"route_short_name\":\"18\",\"route_long_name\":\"Hospital&Cordata/WCC\",\"route_type\":\"3\",\"route_type_name\":\"Bus\",\"route_color\":\"BBD976\",\"route_text_color\":\"000000\"}]"},"geometry":{"type":"Point","coordinates":[-122.500123,48.776164]}},{"type":"Feature","properties":{"stop_id":"736","stop_code":"3307","stop_name":"Yew St at S Hills Dr","stop_desc":"","zone_id":"","stop_url":"","location_type":"","parent_station":"","stop_timezone":"","wheelchair_boarding":"2","feed_id":"Washington__Whatcom_Transportation_Authority__mdb_mdb-284","agency_name":"Whatcom Transportation Authority","route_count":1,"route_ids":"533","route_short_names":"533","route_types":"3","route_type_names":"Bus","routes_json":"[{\"route_id\":\"533\",\"route_short_name\":\"533\",\"route_long_name\":\"Yew St\",\"route_type\":\"3\",\"route_type_name\":\"Bus\",\"route_color\":\"F8C1D9\",\"route_text_color\":\"000000\"}]"},"geometry":{"type":"Point","coordinates":[-122.44204,48.710325]}},{"type":"Feature","properties":{"stop_id":"737","stop_code":"2421","stop_name":"Yew St at Tacoma Ave","stop_desc":"","zone_id":"","stop_url":"","location_type":"","parent_station":"","stop_timezone":"","wheelchair_boarding":"2","feed_id":"Washington__Whatcom_Transportation_Authority__mdb_mdb-284","agency_name":"Whatcom Transportation Authority","route_count":1,"route_ids":"533","route_short_names":"533","route_types":"3","route_type_names":"Bus","routes_json":"[{\"route_id\":\"533\",\"route_short_name\":\"533\",\"route_long_name\":\"Yew St\",\"route_type\":\"3\",\"route_type_name\":\"Bus\",\"route_color\":\"F8C1D9\",\"route_text_color\":\"000000\"}]"},"geometry":{"type":"Point","coordinates":[-122.440122,48.716317]}},{"type":"Feature","properties":{"stop_id":"738","stop_code":"2721","stop_name":"Division St at Hannegan Rd","stop_desc":"","zone_id":"","stop_url":"","location_type":"","parent_station":"","stop_timezone":"","wheelchair_boarding":"2","feed_id":"Washington__Whatcom_Transportation_Authority__mdb_mdb-284","agency_name":"Whatcom Transportation Authority","route_count":1,"route_ids":"49","route_short_names":"49","route_types":"3","route_type_names":"Bus","routes_json":"[{\"route_id\":\"49\",\"route_short_name\":\"49\",\"route_long_name\":\"Downtown&Bakerview Spur\",\"route_type\":\"3\",\"route_type_name\":\"Bus\",\"route_color\":\"DA1F3D\",\"route_text_color\":\"FFFFFF\"}]"},"geometry":{"type":"Point","coordinates":[-122.443824,48.782201]}},{"type":"Feature","properties":{"stop_id":"739","stop_code":"2720","stop_name":"Division St at Hannegan Rd","stop_desc":"","zone_id":"","stop_url":"","location_type":"","parent_station":"","stop_timezone":"","wheelchair_boarding":"1","feed_id":"Washington__Whatcom_Transportation_Authority__mdb_mdb-284","agency_name":"Whatcom Transportation Authority","route_count":1,"route_ids":"49","route_short_names":"49","route_types":"3","route_type_names":"Bus","routes_json":"[{\"route_id\":\"49\",\"route_short_name\":\"49\",\"route_long_name\":\"Downtown&Bakerview Spur\",\"route_type\":\"3\",\"route_type_name\":\"Bus\",\"route_color\":\"DA1F3D\",\"route_text_color\":\"FFFFFF\"}]"},"geometry":{"type":"Point","coordinates":[-122.444222,48.782096]}},{"type":"Feature","properties":{"stop_id":"740","stop_code":"7232","stop_name":"James St at Illinois St","stop_desc":"","zone_id":"","stop_url":"","location_type":"","parent_station":"","stop_timezone":"","wheelchair_boarding":"2","feed_id":"Washington__Whatcom_Transportation_Authority__mdb_mdb-284","agency_name":"Whatcom Transportation Authority","route_count":4,"route_ids":"49|72X|75|9","route_short_names":"49|72X|75|9","route_types":"3","route_type_names":"Bus","routes_json":"[{\"route_id\":\"49\",\"route_short_name\":\"49\",\"route_long_name\":\"Downtown&Bakerview Spur\",\"route_type\":\"3\",\"route_type_name\":\"Bus\",\"route_color\":\"DA1F3D\",\"route_text_color\":\"FFFFFF\"},{\"route_id\":\"72X\",\"route_short_name\":\"72X\",\"route_long_name\":\"Kendall&Bellingham\",\"route_type\":\"3\",\"route_type_name\":\"Bus\",\"route_color\":\"952D4F\",\"route_text_color\":\"FFFFFF\"},{\"route_id\":\"75\",\"route_short_name\":\"75\",\"route_long_name\":\"Blaine/Birch Bay&Bellingham\",\"route_type\":\"3\",\"route_type_name\":\"Bus\",\"route_color\":\"F05B7D\",\"route_text_color\":\"FFFFFF\"},{\"route_id\":\"9\",\"route_short_name\":\"9\",\"route_long_name\":\"Hospital&Downtown\",\"route_type\":\"3\",\"route_type_name\":\"Bus\",\"route_color\":\"F69896\",\"route_text_color\":\"000000\"}]"},"geometry":{"type":"Point","coordinates":[-122.464806,48.768781]}},{"type":"Feature","properties":{"stop_id":"741","stop_code":"2665","stop_name":"Airport Dr at Bennett Dr","stop_desc":"","zone_id":"","stop_url":"","location_type":"","parent_station":"","stop_timezone":"","wheelchair_boarding":"1","feed_id":"Washington__Whatcom_Transportation_Authority__mdb_mdb-284","agency_name":"Whatcom Transportation Authority","route_count":2,"route_ids":"3|50","route_short_names":"3|50","route_types":"3","route_type_names":"Bus","routes_json":"[{\"route_id\":\"3\",\"route_short_name\":\"3\",\"route_long_name\":\"Airport/Cordata&Airport/Downtown\",\"route_type\":\"3\",\"route_type_name\":\"Bus\",\"route_color\":\"D7DF23\",\"route_text_color\":\"000000\"},{\"route_id\":\"50\",\"route_short_name\":\"50\",\"route_long_name\":\"LummiNation&Cordata/WCC\",\"route_type\":\"3\",\"route_type_name\":\"Bus\",\"route_color\":\"FFDD00\",\"route_text_color\":\"000000\"}]"},"geometry":{"type":"Point","coordinates":[-122.521842,48.786109]}},{"type":"Feature","properties":{"stop_id":"742","stop_code":"4000","stop_name":"Airport Dr at Williamson Way","stop_desc":"","zone_id":"","stop_url":"","location_type":"","parent_station":"","stop_timezone":"","wheelchair_boarding":"2","feed_id":"Washington__Whatcom_Transportation_Authority__mdb_mdb-284","agency_name":"Whatcom Transportation Authority","route_count":1,"route_ids":"50","route_short_names":"50","route_types":"3","route_type_names":"Bus","routes_json":"[{\"route_id\":\"50\",\"route_short_name\":\"50\",\"route_long_name\":\"LummiNation&Cordata/WCC\",\"route_type\":\"3\",\"route_type_name\":\"Bus\",\"route_color\":\"FFDD00\",\"route_text_color\":\"000000\"}]"},"geometry":{"type":"Point","coordinates":[-122.531054,48.782093]}},{"type":"Feature","properties":{"stop_id":"743","stop_code":"2667","stop_name":"Alderwood Ave at Marine Dr","stop_desc":"","zone_id":"","stop_url":"","location_type":"","parent_station":"","stop_timezone":"","wheelchair_boarding":"1","feed_id":"Washington__Whatcom_Transportation_Authority__mdb_mdb-284","agency_name":"Whatcom Transportation Authority","route_count":1,"route_ids":"50","route_short_names":"50","route_types":"3","route_type_names":"Bus","routes_json":"[{\"route_id\":\"50\",\"route_short_name\":\"50\",\"route_long_name\":\"LummiNation&Cordata/WCC\",\"route_type\":\"3\",\"route_type_name\":\"Bus\",\"route_color\":\"FFDD00\",\"route_text_color\":\"000000\"}]"},"geometry":{"type":"Point","coordinates":[-122.537398,48.780559]}},{"type":"Feature","properties":{"stop_id":"744","stop_code":"2598","stop_name":"Kwina Rd at Chief Martin Rd","stop_desc":"","zone_id":"","stop_url":"","location_type":"","parent_station":"","stop_timezone":"","wheelchair_boarding":"2","feed_id":"Washington__Whatcom_Transportation_Authority__mdb_mdb-284","agency_name":"Whatcom Transportation Authority","route_count":1,"route_ids":"50","route_short_names":"50","route_types":"3","route_type_names":"Bus","routes_json":"[{\"route_id\":\"50\",\"route_short_name\":\"50\",\"route_long_name\":\"LummiNation&Cordata/WCC\",\"route_type\":\"3\",\"route_type_name\":\"Bus\",\"route_color\":\"FFDD00\",\"route_text_color\":\"000000\"}]"},"geometry":{"type":"Point","coordinates":[-122.627996,48.793887]}},{"type":"Feature","properties":{"stop_id":"745","stop_code":"3325","stop_name":"Kwina Rd at Chief Martin Rd","stop_desc":"","zone_id":"","stop_url":"","location_type":"","parent_station":"","stop_timezone":"","wheelchair_boarding":"2","feed_id":"Washington__Whatcom_Transportation_Authority__mdb_mdb-284","agency_name":"Whatcom Transportation Authority","route_count":1,"route_ids":"50","route_short_names":"50","route_types":"3","route_type_names":"Bus","routes_json":"[{\"route_id\":\"50\",\"route_short_name\":\"50\",\"route_long_name\":\"LummiNation&Cordata/WCC\",\"route_type\":\"3\",\"route_type_name\":\"Bus\",\"route_color\":\"FFDD00\",\"route_text_color\":\"000000\"}]"},"geometry":{"type":"Point","coordinates":[-122.62725,48.793759]}},{"type":"Feature","properties":{"stop_id":"746","stop_code":"2668","stop_name":"Alderwood Ave at Marine Dr","stop_desc":"","zone_id":"","stop_url":"","location_type":"","parent_station":"","stop_timezone":"","wheelchair_boarding":"2","feed_id":"Washington__Whatcom_Transportation_Authority__mdb_mdb-284","agency_name":"Whatcom Transportation Authority","route_count":1,"route_ids":"50","route_short_names":"50","route_types":"3","route_type_names":"Bus","routes_json":"[{\"route_id\":\"50\",\"route_short_name\":\"50\",\"route_long_name\":\"LummiNation&Cordata/WCC\",\"route_type\":\"3\",\"route_type_name\":\"Bus\",\"route_color\":\"FFDD00\",\"route_text_color\":\"000000\"}]"},"geometry":{"type":"Point","coordinates":[-122.53818,48.779802]}},{"type":"Feature","properties":{"stop_id":"747","stop_code":"3237","stop_name":"19th St at Kok Rd","stop_desc":"","zone_id":"","stop_url":"","location_type":"","parent_station":"","stop_timezone":"","wheelchair_boarding":"2","feed_id":"Washington__Whatcom_Transportation_Authority__mdb_mdb-284","agency_name":"Whatcom Transportation Authority","route_count":1,"route_ids":"26","route_short_names":"26","route_types":"3","route_type_names":"Bus","routes_json":"[{\"route_id\":\"26\",\"route_short_name\":\"26\",\"route_long_name\":\"Lynden&Cordata/WCC\",\"route_type\":\"3\",\"route_type_name\":\"Bus\",\"route_color\":\"7A6026\",\"route_text_color\":\"FFFFFF\"}]"},"geometry":{"type":"Point","coordinates":[-122.481873,48.936279]}},{"type":"Feature","properties":{"stop_id":"748","stop_code":"2965","stop_name":"3rd St at Main St","stop_desc":"","zone_id":"","stop_url":"","location_type":"","parent_station":"","stop_timezone":"","wheelchair_boarding":"1","feed_id":"Washington__Whatcom_Transportation_Authority__mdb_mdb-284","agency_name":"Whatcom Transportation Authority","route_count":1,"route_ids":"26","route_short_names":"26","route_types":"3","route_type_names":"Bus","routes_json":"[{\"route_id\":\"26\",\"route_short_name\":\"26\",\"route_long_name\":\"Lynden&Cordata/WCC\",\"route_type\":\"3\",\"route_type_name\":\"Bus\",\"route_color\":\"7A6026\",\"route_text_color\":\"FFFFFF\"}]"},"geometry":{"type":"Point","coordinates":[-122.452447,48.945922]}},{"type":"Feature","properties":{"stop_id":"749","stop_code":"9875","stop_name":"Woburn St at Rimland Dr","stop_desc":"","zone_id":"","stop_url":"","location_type":"","parent_station":"","stop_timezone":"","wheelchair_boarding":"1","feed_id":"Washington__Whatcom_Transportation_Authority__mdb_mdb-284","agency_name":"Whatcom Transportation Authority","route_count":3,"route_ids":"331|525|540","route_short_names":"331|525|540","route_types":"3","route_type_names":"Bus","routes_json":"[{\"route_id\":\"331\",\"route_short_name\":\"331\",\"route_long_name\":\"Cordata/WCC&Downtown\",\"route_type\":\"3\",\"route_type_name\":\"Bus\",\"route_color\":\"FAA61A\",\"route_text_color\":\"000000\"},{\"route_id\":\"525\",\"route_short_name\":\"525\",\"route_long_name\":\"Barkley&Downtown\",\"route_type\":\"3\",\"route_type_name\":\"Bus\",\"route_color\":\"8F53A1\",\"route_text_color\":\"FFFFFF\"},{\"route_id\":\"540\",\"route_short_name\":\"540\",\"route_long_name\":\"Sunset&Downtown\",\"route_type\":\"3\",\"route_type_name\":\"Bus\",\"route_color\":\"5F3075\",\"route_text_color\":\"FFFFFF\"}]"},"geometry":{"type":"Point","coordinates":[-122.445524,48.772847]}},{"type":"Feature","properties":{"stop_id":"750","stop_code":"9876","stop_name":"Woburn St at Sunset Dr","stop_desc":"","zone_id":"","stop_url":"","location_type":"","parent_station":"","stop_timezone":"","wheelchair_boarding":"1","feed_id":"Washington__Whatcom_Transportation_Authority__mdb_mdb-284","agency_name":"Whatcom Transportation Authority","route_count":2,"route_ids":"331|540","route_short_names":"331|540","route_types":"3","route_type_names":"Bus","routes_json":"[{\"route_id\":\"331\",\"route_short_name\":\"331\",\"route_long_name\":\"Cordata/WCC&Downtown\",\"route_type\":\"3\",\"route_type_name\":\"Bus\",\"route_color\":\"FAA61A\",\"route_text_color\":\"000000\"},{\"route_id\":\"540\",\"route_short_name\":\"540\",\"route_long_name\":\"Sunset&Downtown\",\"route_type\":\"3\",\"route_type_name\":\"Bus\",\"route_color\":\"5F3075\",\"route_text_color\":\"FFFFFF\"}]"},"geometry":{"type":"Point","coordinates":[-122.445491,48.775442]}},{"type":"Feature","properties":{"stop_id":"751","stop_code":"2705","stop_name":"Alabama St at Dean Ave","stop_desc":"","zone_id":"","stop_url":"","location_type":"","parent_station":"","stop_timezone":"","wheelchair_boarding":"2","feed_id":"Washington__Whatcom_Transportation_Authority__mdb_mdb-284","agency_name":"Whatcom Transportation Authority","route_count":1,"route_ids":"331","route_short_names":"331","route_types":"3","route_type_names":"Bus","routes_json":"[{\"route_id\":\"331\",\"route_short_name\":\"331\",\"route_long_name\":\"Cordata/WCC&Downtown\",\"route_type\":\"3\",\"route_type_name\":\"Bus\",\"route_color\":\"FAA61A\",\"route_text_color\":\"000000\"}]"},"geometry":{"type":"Point","coordinates":[-122.473225,48.762948]}},{"type":"Feature","properties":{"stop_id":"752","stop_code":"2711","stop_name":"Alabama St at Fir St","stop_desc":"","zone_id":"","stop_url":"","location_type":"","parent_station":"","stop_timezone":"","wheelchair_boarding":"2","feed_id":"Washington__Whatcom_Transportation_Authority__mdb_mdb-284","agency_name":"Whatcom Transportation Authority","route_count":2,"route_ids":"525|540","route_short_names":"525|540","route_types":"3","route_type_names":"Bus","routes_json":"[{\"route_id\":\"525\",\"route_short_name\":\"525\",\"route_long_name\":\"Barkley&Downtown\",\"route_type\":\"3\",\"route_type_name\":\"Bus\",\"route_color\":\"8F53A1\",\"route_text_color\":\"FFFFFF\"},{\"route_id\":\"540\",\"route_short_name\":\"540\",\"route_long_name\":\"Sunset&Downtown\",\"route_type\":\"3\",\"route_type_name\":\"Bus\",\"route_color\":\"5F3075\",\"route_text_color\":\"FFFFFF\"}]"},"geometry":{"type":"Point","coordinates":[-122.424133,48.763056]}},{"type":"Feature","properties":{"stop_id":"753","stop_code":"2712","stop_name":"Alabama St at Vista Dr","stop_desc":"","zone_id":"","stop_url":"","location_type":"","parent_station":"","stop_timezone":"","wheelchair_boarding":"1","feed_id":"Washington__Whatcom_Transportation_Authority__mdb_mdb-284","agency_name":"Whatcom Transportation Authority","route_count":2,"route_ids":"525|540","route_short_names":"525|540","route_types":"3","route_type_names":"Bus","routes_json":"[{\"route_id\":\"525\",\"route_short_name\":\"525\",\"route_long_name\":\"Barkley&Downtown\",\"route_type\":\"3\",\"route_type_name\":\"Bus\",\"route_color\":\"8F53A1\",\"route_text_color\":\"FFFFFF\"},{\"route_id\":\"540\",\"route_short_name\":\"540\",\"route_long_name\":\"Sunset&Downtown\",\"route_type\":\"3\",\"route_type_name\":\"Bus\",\"route_color\":\"5F3075\",\"route_text_color\":\"FFFFFF\"}]"},"geometry":{"type":"Point","coordinates":[-122.427339,48.763073]}},{"type":"Feature","properties":{"stop_id":"754","stop_code":"2955","stop_name":"Dupont St at G St","stop_desc":"","zone_id":"","stop_url":"","location_type":"","parent_station":"","stop_timezone":"","wheelchair_boarding":"2","feed_id":"Washington__Whatcom_Transportation_Authority__mdb_mdb-284","agency_name":"Whatcom Transportation Authority","route_count":1,"route_ids":"232","route_short_names":"232","route_types":"3","route_type_names":"Bus","routes_json":"[{\"route_id\":\"232\",\"route_short_name\":\"232\",\"route_long_name\":\"Cordata/WCC&Downtown\",\"route_type\":\"3\",\"route_type_name\":\"Bus\",\"route_color\":\"8DC63F\",\"route_text_color\":\"FFFFFF\"}]"},"geometry":{"type":"Point","coordinates":[-122.485407,48.757916]}},{"type":"Feature","properties":{"stop_id":"755","stop_code":"2986","stop_name":"Eldridge Ave at Gilligan Way","stop_desc":"","zone_id":"","stop_url":"","location_type":"","parent_station":"","stop_timezone":"","wheelchair_boarding":"2","feed_id":"Washington__Whatcom_Transportation_Authority__mdb_mdb-284","agency_name":"Whatcom Transportation Authority","route_count":2,"route_ids":"10|3","route_short_names":"10|3","route_types":"3","route_type_names":"Bus","routes_json":"[{\"route_id\":\"10\",\"route_short_name\":\"10\",\"route_long_name\":\"Eldridge&Downtown\",\"route_type\":\"3\",\"route_type_name\":\"Bus\",\"route_color\":\"B2D235\",\"route_text_color\":\"000000\"},{\"route_id\":\"3\",\"route_short_name\":\"3\",\"route_long_name\":\"Airport/Cordata&Airport/Downtown\",\"route_type\":\"3\",\"route_type_name\":\"Bus\",\"route_color\":\"D7DF23\",\"route_text_color\":\"000000\"}]"},"geometry":{"type":"Point","coordinates":[-122.512098,48.763998]}},{"type":"Feature","properties":{"stop_id":"756","stop_code":"8269","stop_name":"Cordata Pkwy at Sequoia Rd","stop_desc":"","zone_id":"","stop_url":"","location_type":"","parent_station":"","stop_timezone":"","wheelchair_boarding":"2","feed_id":"Washington__Whatcom_Transportation_Authority__mdb_mdb-284","agency_name":"Whatcom Transportation Authority","route_count":1,"route_ids":"24","route_short_names":"24","route_types":"3","route_type_names":"Bus","routes_json":"[{\"route_id\":\"24\",\"route_short_name\":\"24\",\"route_long_name\":\"Cordata\",\"route_type\":\"3\",\"route_type_name\":\"Bus\",\"route_color\":\"028848\",\"route_text_color\":\"FFFFFF\"}]"},"geometry":{"type":"Point","coordinates":[-122.497339,48.809044]}},{"type":"Feature","properties":{"stop_id":"757","stop_code":"2985","stop_name":"Tremont Ave at Corona Ct","stop_desc":"","zone_id":"","stop_url":"","location_type":"","parent_station":"","stop_timezone":"","wheelchair_boarding":"2","feed_id":"Washington__Whatcom_Transportation_Authority__mdb_mdb-284","agency_name":"Whatcom Transportation Authority","route_count":2,"route_ids":"24|29","route_short_names":"24|29","route_types":"3","route_type_names":"Bus","routes_json":"[{\"route_id\":\"24\",\"route_short_name\":\"24\",\"route_long_name\":\"Cordata\",\"route_type\":\"3\",\"route_type_name\":\"Bus\",\"route_color\":\"028848\",\"route_text_color\":\"FFFFFF\"},{\"route_id\":\"29\",\"route_short_name\":\"29\",\"route_long_name\":\"Cordata/Kline\",\"route_type\":\"3\",\"route_type_name\":\"Bus\",\"route_color\":\"50B848\",\"route_text_color\":\"FFFFFF\"}]"},"geometry":{"type":"Point","coordinates":[-122.501282,48.812192]}},{"type":"Feature","properties":{"stop_id":"758","stop_code":"2984","stop_name":"Cordata Pkwy at Tremont Ave","stop_desc":"","zone_id":"","stop_url":"","location_type":"","parent_station":"","stop_timezone":"","wheelchair_boarding":"1","feed_id":"Washington__Whatcom_Transportation_Authority__mdb_mdb-284","agency_name":"Whatcom Transportation Authority","route_count":1,"route_ids":"24","route_short_names":"24","route_types":"3","route_type_names":"Bus","routes_json":"[{\"route_id\":\"24\",\"route_short_name\":\"24\",\"route_long_name\":\"Cordata\",\"route_type\":\"3\",\"route_type_name\":\"Bus\",\"route_color\":\"028848\",\"route_text_color\":\"FFFFFF\"}]"},"geometry":{"type":"Point","coordinates":[-122.497491,48.811572]}},{"type":"Feature","properties":{"stop_id":"761","stop_code":"1101","stop_name":"Lakeway Dr at Portal Dr","stop_desc":"","zone_id":"","stop_url":"","location_type":"","parent_station":"","stop_timezone":"","wheelchair_boarding":"2","feed_id":"Washington__Whatcom_Transportation_Authority__mdb_mdb-284","agency_name":"Whatcom Transportation Authority","route_count":1,"route_ids":"512","route_short_names":"512","route_types":"3","route_type_names":"Bus","routes_json":"[{\"route_id\":\"512\",\"route_short_name\":\"512\",\"route_long_name\":\"Sudden Valley&Downtown\",\"route_type\":\"3\",\"route_type_name\":\"Bus\",\"route_color\":\"F287B7\",\"route_text_color\":\"000000\"}]"},"geometry":{"type":"Point","coordinates":[-122.423952,48.748028]}},{"type":"Feature","properties":{"stop_id":"762","stop_code":"1199","stop_name":"Lakeway Dr at Lowell Ave","stop_desc":"","zone_id":"","stop_url":"","location_type":"","parent_station":"","stop_timezone":"","wheelchair_boarding":"2","feed_id":"Washington__Whatcom_Transportation_Authority__mdb_mdb-284","agency_name":"Whatcom Transportation Authority","route_count":1,"route_ids":"512","route_short_names":"512","route_types":"3","route_type_names":"Bus","routes_json":"[{\"route_id\":\"512\",\"route_short_name\":\"512\",\"route_long_name\":\"Sudden Valley&Downtown\",\"route_type\":\"3\",\"route_type_name\":\"Bus\",\"route_color\":\"F287B7\",\"route_text_color\":\"000000\"}]"},"geometry":{"type":"Point","coordinates":[-122.418905,48.747482]}},{"type":"Feature","properties":{"stop_id":"763","stop_code":"1198","stop_name":"Lakeway Dr at Oriental Ave","stop_desc":"","zone_id":"","stop_url":"","location_type":"","parent_station":"","stop_timezone":"","wheelchair_boarding":"2","feed_id":"Washington__Whatcom_Transportation_Authority__mdb_mdb-284","agency_name":"Whatcom Transportation Authority","route_count":1,"route_ids":"512","route_short_names":"512","route_types":"3","route_type_names":"Bus","routes_json":"[{\"route_id\":\"512\",\"route_short_name\":\"512\",\"route_long_name\":\"Sudden Valley&Downtown\",\"route_type\":\"3\",\"route_type_name\":\"Bus\",\"route_color\":\"F287B7\",\"route_text_color\":\"000000\"}]"},"geometry":{"type":"Point","coordinates":[-122.415678,48.746115]}},{"type":"Feature","properties":{"stop_id":"764","stop_code":"1196","stop_name":"Lakeway Dr at Euclid Ave","stop_desc":"","zone_id":"","stop_url":"","location_type":"","parent_station":"","stop_timezone":"","wheelchair_boarding":"2","feed_id":"Washington__Whatcom_Transportation_Authority__mdb_mdb-284","agency_name":"Whatcom Transportation Authority","route_count":1,"route_ids":"512","route_short_names":"512","route_types":"3","route_type_names":"Bus","routes_json":"[{\"route_id\":\"512\",\"route_short_name\":\"512\",\"route_long_name\":\"Sudden Valley&Downtown\",\"route_type\":\"3\",\"route_type_name\":\"Bus\",\"route_color\":\"F287B7\",\"route_text_color\":\"000000\"}]"},"geometry":{"type":"Point","coordinates":[-122.410068,48.744547]}},{"type":"Feature","properties":{"stop_id":"765","stop_code":"1194","stop_name":"Cable St at Lakeview St","stop_desc":"","zone_id":"","stop_url":"","location_type":"","parent_station":"","stop_timezone":"","wheelchair_boarding":"2","feed_id":"Washington__Whatcom_Transportation_Authority__mdb_mdb-284","agency_name":"Whatcom Transportation Authority","route_count":1,"route_ids":"512","route_short_names":"512","route_types":"3","route_type_names":"Bus","routes_json":"[{\"route_id\":\"512\",\"route_short_name\":\"512\",\"route_long_name\":\"Sudden Valley&Downtown\",\"route_type\":\"3\",\"route_type_name\":\"Bus\",\"route_color\":\"F287B7\",\"route_text_color\":\"000000\"}]"},"geometry":{"type":"Point","coordinates":[-122.40586,48.746098]}},{"type":"Feature","properties":{"stop_id":"766","stop_code":"1192","stop_name":"Cable St at Geneva St","stop_desc":"","zone_id":"","stop_url":"","location_type":"","parent_station":"","stop_timezone":"","wheelchair_boarding":"1","feed_id":"Washington__Whatcom_Transportation_Authority__mdb_mdb-284","agency_name":"Whatcom Transportation Authority","route_count":1,"route_ids":"512","route_short_names":"512","route_types":"3","route_type_names":"Bus","routes_json":"[{\"route_id\":\"512\",\"route_short_name\":\"512\",\"route_long_name\":\"Sudden Valley&Downtown\",\"route_type\":\"3\",\"route_type_name\":\"Bus\",\"route_color\":\"F287B7\",\"route_text_color\":\"000000\"}]"},"geometry":{"type":"Point","coordinates":[-122.401126,48.746234]}},{"type":"Feature","properties":{"stop_id":"767","stop_code":"2127","stop_name":"Lakeway Dr at Portal Dr","stop_desc":"","zone_id":"","stop_url":"","location_type":"","parent_station":"","stop_timezone":"","wheelchair_boarding":"2","feed_id":"Washington__Whatcom_Transportation_Authority__mdb_mdb-284","agency_name":"Whatcom Transportation Authority","route_count":1,"route_ids":"512","route_short_names":"512","route_types":"3","route_type_names":"Bus","routes_json":"[{\"route_id\":\"512\",\"route_short_name\":\"512\",\"route_long_name\":\"Sudden Valley&Downtown\",\"route_type\":\"3\",\"route_type_name\":\"Bus\",\"route_color\":\"F287B7\",\"route_text_color\":\"000000\"}]"},"geometry":{"type":"Point","coordinates":[-122.423175,48.748379]}},{"type":"Feature","properties":{"stop_id":"768","stop_code":"5556","stop_name":"Bakerview Rd at Palisade Way","stop_desc":"","zone_id":"","stop_url":"","location_type":"","parent_station":"","stop_timezone":"","wheelchair_boarding":"1","feed_id":"Washington__Whatcom_Transportation_Authority__mdb_mdb-284","agency_name":"Whatcom Transportation Authority","route_count":4,"route_ids":"18|232|3|50","route_short_names":"18|232|3|50","route_types":"3","route_type_names":"Bus","routes_json":"[{\"route_id\":\"18\",\"route_short_name\":\"18\",\"route_long_name\":\"Hospital&Cordata/WCC\",\"route_type\":\"3\",\"route_type_name\":\"Bus\",\"route_color\":\"BBD976\",\"route_text_color\":\"000000\"},{\"route_id\":\"232\",\"route_short_name\":\"232\",\"route_long_name\":\"Cordata/WCC&Downtown\",\"route_type\":\"3\",\"route_type_name\":\"Bus\",\"route_color\":\"8DC63F\",\"route_text_color\":\"FFFFFF\"},{\"route_id\":\"3\",\"route_short_name\":\"3\",\"route_long_name\":\"Airport/Cordata&Airport/Downtown\",\"route_type\":\"3\",\"route_type_name\":\"Bus\",\"route_color\":\"D7DF23\",\"route_text_color\":\"000000\"},{\"route_id\":\"50\",\"route_short_name\":\"50\",\"route_long_name\":\"LummiNation&Cordata/WCC\",\"route_type\":\"3\",\"route_type_name\":\"Bus\",\"route_color\":\"FFDD00\",\"route_text_color\":\"000000\"}]"},"geometry":{"type":"Point","coordinates":[-122.503523,48.789612]}},{"type":"Feature","properties":{"stop_id":"769","stop_code":"5557","stop_name":"Bakerview Rd at Eliza Ave","stop_desc":"","zone_id":"","stop_url":"","location_type":"","parent_station":"","stop_timezone":"","wheelchair_boarding":"1","feed_id":"Washington__Whatcom_Transportation_Authority__mdb_mdb-284","agency_name":"Whatcom Transportation Authority","route_count":4,"route_ids":"18|232|3|50","route_short_names":"18|232|3|50","route_types":"3","route_type_names":"Bus","routes_json":"[{\"route_id\":\"18\",\"route_short_name\":\"18\",\"route_long_name\":\"Hospital&Cordata/WCC\",\"route_type\":\"3\",\"route_type_name\":\"Bus\",\"route_color\":\"BBD976\",\"route_text_color\":\"000000\"},{\"route_id\":\"232\",\"route_short_name\":\"232\",\"route_long_name\":\"Cordata/WCC&Downtown\",\"route_type\":\"3\",\"route_type_name\":\"Bus\",\"route_color\":\"8DC63F\",\"route_text_color\":\"FFFFFF\"},{\"route_id\":\"3\",\"route_short_name\":\"3\",\"route_long_name\":\"Airport/Cordata&Airport/Downtown\",\"route_type\":\"3\",\"route_type_name\":\"Bus\",\"route_color\":\"D7DF23\",\"route_text_color\":\"000000\"},{\"route_id\":\"50\",\"route_short_name\":\"50\",\"route_long_name\":\"LummiNation&Cordata/WCC\",\"route_type\":\"3\",\"route_type_name\":\"Bus\",\"route_color\":\"FFDD00\",\"route_text_color\":\"000000\"}]"},"geometry":{"type":"Point","coordinates":[-122.49959,48.789593]}},{"type":"Feature","properties":{"stop_id":"770","stop_code":"2963","stop_name":"Westerly Rd at Cordata Pkwy","stop_desc":"","zone_id":"","stop_url":"","location_type":"","parent_station":"","stop_timezone":"","wheelchair_boarding":"2","feed_id":"Washington__Whatcom_Transportation_Authority__mdb_mdb-284","agency_name":"Whatcom Transportation Authority","route_count":3,"route_ids":"18|3|50","route_short_names":"18|3|50","route_types":"3","route_type_names":"Bus","routes_json":"[{\"route_id\":\"18\",\"route_short_name\":\"18\",\"route_long_name\":\"Hospital&Cordata/WCC\",\"route_type\":\"3\",\"route_type_name\":\"Bus\",\"route_color\":\"BBD976\",\"route_text_color\":\"000000\"},{\"route_id\":\"3\",\"route_short_name\":\"3\",\"route_long_name\":\"Airport/Cordata&Airport/Downtown\",\"route_type\":\"3\",\"route_type_name\":\"Bus\",\"route_color\":\"D7DF23\",\"route_text_color\":\"000000\"},{\"route_id\":\"50\",\"route_short_name\":\"50\",\"route_long_name\":\"LummiNation&Cordata/WCC\",\"route_type\":\"3\",\"route_type_name\":\"Bus\",\"route_color\":\"FFDD00\",\"route_text_color\":\"000000\"}]"},"geometry":{"type":"Point","coordinates":[-122.492696,48.792036]}},{"type":"Feature","properties":{"stop_id":"771","stop_code":"2962","stop_name":"Maplewood Ave at Northwest Ave","stop_desc":"","zone_id":"","stop_url":"","location_type":"","parent_station":"","stop_timezone":"","wheelchair_boarding":"2","feed_id":"Washington__Whatcom_Transportation_Authority__mdb_mdb-284","agency_name":"Whatcom Transportation Authority","route_count":1,"route_ids":"18","route_short_names":"18","route_types":"3","route_type_names":"Bus","routes_json":"[{\"route_id\":\"18\",\"route_short_name\":\"18\",\"route_long_name\":\"Hospital&Cordata/WCC\",\"route_type\":\"3\",\"route_type_name\":\"Bus\",\"route_color\":\"BBD976\",\"route_text_color\":\"000000\"}]"},"geometry":{"type":"Point","coordinates":[-122.499456,48.776144]}},{"type":"Feature","properties":{"stop_id":"772","stop_code":"2699","stop_name":"Eliza Ave at Darby Dr","stop_desc":"","zone_id":"","stop_url":"","location_type":"","parent_station":"","stop_timezone":"","wheelchair_boarding":"1","feed_id":"Washington__Whatcom_Transportation_Authority__mdb_mdb-284","agency_name":"Whatcom Transportation Authority","route_count":4,"route_ids":"18|232|3|50","route_short_names":"18|232|3|50","route_types":"3","route_type_names":"Bus","routes_json":"[{\"route_id\":\"18\",\"route_short_name\":\"18\",\"route_long_name\":\"Hospital&Cordata/WCC\",\"route_type\":\"3\",\"route_type_name\":\"Bus\",\"route_color\":\"BBD976\",\"route_text_color\":\"000000\"},{\"route_id\":\"232\",\"route_short_name\":\"232\",\"route_long_name\":\"Cordata/WCC&Downtown\",\"route_type\":\"3\",\"route_type_name\":\"Bus\",\"route_color\":\"8DC63F\",\"route_text_color\":\"FFFFFF\"},{\"route_id\":\"3\",\"route_short_name\":\"3\",\"route_long_name\":\"Airport/Cordata&Airport/Downtown\",\"route_type\":\"3\",\"route_type_name\":\"Bus\",\"route_color\":\"D7DF23\",\"route_text_color\":\"000000\"},{\"route_id\":\"50\",\"route_short_name\":\"50\",\"route_long_name\":\"LummiNation&Cordata/WCC\",\"route_type\":\"3\",\"route_type_name\":\"Bus\",\"route_color\":\"FFDD00\",\"route_text_color\":\"000000\"}]"},"geometry":{"type":"Point","coordinates":[-122.497098,48.792448]}},{"type":"Feature","properties":{"stop_id":"773","stop_code":"5501","stop_name":"Bakerview Rd at Eliza Ave","stop_desc":"","zone_id":"","stop_url":"","location_type":"","parent_station":"","stop_timezone":"","wheelchair_boarding":"1","feed_id":"Washington__Whatcom_Transportation_Authority__mdb_mdb-284","agency_name":"Whatcom Transportation Authority","route_count":4,"route_ids":"18|232|3|50","route_short_names":"18|232|3|50","route_types":"3","route_type_names":"Bus","routes_json":"[{\"route_id\":\"18\",\"route_short_name\":\"18\",\"route_long_name\":\"Hospital&Cordata/WCC\",\"route_type\":\"3\",\"route_type_name\":\"Bus\",\"route_color\":\"BBD976\",\"route_text_color\":\"000000\"},{\"route_id\":\"232\",\"route_short_name\":\"232\",\"route_long_name\":\"Cordata/WCC&Downtown\",\"route_type\":\"3\",\"route_type_name\":\"Bus\",\"route_color\":\"8DC63F\",\"route_text_color\":\"FFFFFF\"},{\"route_id\":\"3\",\"route_short_name\":\"3\",\"route_long_name\":\"Airport/Cordata&Airport/Downtown\",\"route_type\":\"3\",\"route_type_name\":\"Bus\",\"route_color\":\"D7DF23\",\"route_text_color\":\"000000\"},{\"route_id\":\"50\",\"route_short_name\":\"50\",\"route_long_name\":\"LummiNation&Cordata/WCC\",\"route_type\":\"3\",\"route_type_name\":\"Bus\",\"route_color\":\"FFDD00\",\"route_text_color\":\"000000\"}]"},"geometry":{"type":"Point","coordinates":[-122.498365,48.789794]}},{"type":"Feature","properties":{"stop_id":"774","stop_code":"5502","stop_name":"Bakerview Rd at Palisade Way","stop_desc":"","zone_id":"","stop_url":"","location_type":"","parent_station":"","stop_timezone":"","wheelchair_boarding":"1","feed_id":"Washington__Whatcom_Transportation_Authority__mdb_mdb-284","agency_name":"Whatcom Transportation Authority","route_count":4,"route_ids":"18|232|3|50","route_short_names":"18|232|3|50","route_types":"3","route_type_names":"Bus","routes_json":"[{\"route_id\":\"18\",\"route_short_name\":\"18\",\"route_long_name\":\"Hospital&Cordata/WCC\",\"route_type\":\"3\",\"route_type_name\":\"Bus\",\"route_color\":\"BBD976\",\"route_text_color\":\"000000\"},{\"route_id\":\"232\",\"route_short_name\":\"232\",\"route_long_name\":\"Cordata/WCC&Downtown\",\"route_type\":\"3\",\"route_type_name\":\"Bus\",\"route_color\":\"8DC63F\",\"route_text_color\":\"FFFFFF\"},{\"route_id\":\"3\",\"route_short_name\":\"3\",\"route_long_name\":\"Airport/Cordata&Airport/Downtown\",\"route_type\":\"3\",\"route_type_name\":\"Bus\",\"route_color\":\"D7DF23\",\"route_text_color\":\"000000\"},{\"route_id\":\"50\",\"route_short_name\":\"50\",\"route_long_name\":\"LummiNation&Cordata/WCC\",\"route_type\":\"3\",\"route_type_name\":\"Bus\",\"route_color\":\"FFDD00\",\"route_text_color\":\"000000\"}]"},"geometry":{"type":"Point","coordinates":[-122.502943,48.789776]}},{"type":"Feature","properties":{"stop_id":"775","stop_code":"7225","stop_name":"Forest St at Ellis St","stop_desc":"","zone_id":"","stop_url":"","location_type":"","parent_station":"","stop_timezone":"","wheelchair_boarding":"1","feed_id":"Washington__Whatcom_Transportation_Authority__mdb_mdb-284","agency_name":"Whatcom Transportation Authority","route_count":7,"route_ids":"49|5|6|7|72X|75|9","route_short_names":"49|5|6|7|72X|75|9","route_types":"3","route_type_names":"Bus","routes_json":"[{\"route_id\":\"49\",\"route_short_name\":\"49\",\"route_long_name\":\"Downtown&Bakerview Spur\",\"route_type\":\"3\",\"route_type_name\":\"Bus\",\"route_color\":\"DA1F3D\",\"route_text_color\":\"FFFFFF\"},{\"route_id\":\"5\",\"route_short_name\":\"5\",\"route_long_name\":\"Samish/Fairhaven&Samish/Downtown\",\"route_type\":\"3\",\"route_type_name\":\"Bus\",\"route_color\":\"0000FF\",\"route_text_color\":\"FFFFFF\"},{\"route_id\":\"6\",\"route_short_name\":\"6\",\"route_long_name\":\"Fraser&Downtown\",\"route_type\":\"3\",\"route_type_name\":\"Bus\",\"route_color\":\"008040\",\"route_text_color\":\"FFFFFF\"},{\"route_id\":\"7\",\"route_short_name\":\"7\",\"route_long_name\":\"Samish/WWU&Samish/Downtown\",\"route_type\":\"3\",\"route_type_name\":\"Bus\",\"route_color\":\"0000FF\",\"route_text_color\":\"FFFFFF\"},{\"route_id\":\"72X\",\"route_short_name\":\"72X\",\"route_long_name\":\"Kendall&Bellingham\",\"route_type\":\"3\",\"route_type_name\":\"Bus\",\"route_color\":\"952D4F\",\"route_text_color\":\"FFFFFF\"},{\"route_id\":\"75\",\"route_short_name\":\"75\",\"route_long_name\":\"Blaine/Birch Bay&Bellingham\",\"route_type\":\"3\",\"route_type_name\":\"Bus\",\"route_color\":\"F05B7D\",\"route_text_color\":\"FFFFFF\"},{\"route_id\":\"9\",\"route_short_name\":\"9\",\"route_long_name\":\"Hospital&Downtown\",\"route_type\":\"3\",\"route_type_name\":\"Bus\",\"route_color\":\"F69896\",\"route_text_color\":\"000000\"}]"},"geometry":{"type":"Point","coordinates":[-122.472246,48.750195]}},{"type":"Feature","properties":{"stop_id":"776","stop_code":"7226","stop_name":"State St at Meador Ave","stop_desc":"","zone_id":"","stop_url":"","location_type":"","parent_station":"","stop_timezone":"","wheelchair_boarding":"1","feed_id":"Washington__Whatcom_Transportation_Authority__mdb_mdb-284","agency_name":"Whatcom Transportation Authority","route_count":4,"route_ids":"49|72X|75|9","route_short_names":"49|72X|75|9","route_types":"3","route_type_names":"Bus","routes_json":"[{\"route_id\":\"49\",\"route_short_name\":\"49\",\"route_long_name\":\"Downtown&Bakerview Spur\",\"route_type\":\"3\",\"route_type_name\":\"Bus\",\"route_color\":\"DA1F3D\",\"route_text_color\":\"FFFFFF\"},{\"route_id\":\"72X\",\"route_short_name\":\"72X\",\"route_long_name\":\"Kendall&Bellingham\",\"route_type\":\"3\",\"route_type_name\":\"Bus\",\"route_color\":\"952D4F\",\"route_text_color\":\"FFFFFF\"},{\"route_id\":\"75\",\"route_short_name\":\"75\",\"route_long_name\":\"Blaine/Birch Bay&Bellingham\",\"route_type\":\"3\",\"route_type_name\":\"Bus\",\"route_color\":\"F05B7D\",\"route_text_color\":\"FFFFFF\"},{\"route_id\":\"9\",\"route_short_name\":\"9\",\"route_long_name\":\"Hospital&Downtown\",\"route_type\":\"3\",\"route_type_name\":\"Bus\",\"route_color\":\"F69896\",\"route_text_color\":\"000000\"}]"},"geometry":{"type":"Point","coordinates":[-122.469553,48.753359]}},{"type":"Feature","properties":{"stop_id":"777","stop_code":"7231","stop_name":"James St at Maryland St","stop_desc":"","zone_id":"","stop_url":"","location_type":"","parent_station":"","stop_timezone":"","wheelchair_boarding":"2","feed_id":"Washington__Whatcom_Transportation_Authority__mdb_mdb-284","agency_name":"Whatcom Transportation Authority","route_count":4,"route_ids":"49|72X|75|9","route_short_names":"49|72X|75|9","route_types":"3","route_type_names":"Bus","routes_json":"[{\"route_id\":\"49\",\"route_short_name\":\"49\",\"route_long_name\":\"Downtown&Bakerview Spur\",\"route_type\":\"3\",\"route_type_name\":\"Bus\",\"route_color\":\"DA1F3D\",\"route_text_color\":\"FFFFFF\"},{\"route_id\":\"72X\",\"route_short_name\":\"72X\",\"route_long_name\":\"Kendall&Bellingham\",\"route_type\":\"3\",\"route_type_name\":\"Bus\",\"route_color\":\"952D4F\",\"route_text_color\":\"FFFFFF\"},{\"route_id\":\"75\",\"route_short_name\":\"75\",\"route_long_name\":\"Blaine/Birch Bay&Bellingham\",\"route_type\":\"3\",\"route_type_name\":\"Bus\",\"route_color\":\"F05B7D\",\"route_text_color\":\"FFFFFF\"},{\"route_id\":\"9\",\"route_short_name\":\"9\",\"route_long_name\":\"Hospital&Downtown\",\"route_type\":\"3\",\"route_type_name\":\"Bus\",\"route_color\":\"F69896\",\"route_text_color\":\"000000\"}]"},"geometry":{"type":"Point","coordinates":[-122.464825,48.766337]}},{"type":"Feature","properties":{"stop_id":"778","stop_code":"7261","stop_name":"State St at Iron St","stop_desc":"","zone_id":"","stop_url":"","location_type":"","parent_station":"","stop_timezone":"","wheelchair_boarding":"1","feed_id":"Washington__Whatcom_Transportation_Authority__mdb_mdb-284","agency_name":"Whatcom Transportation Authority","route_count":4,"route_ids":"49|72X|75|9","route_short_names":"49|72X|75|9","route_types":"3","route_type_names":"Bus","routes_json":"[{\"route_id\":\"49\",\"route_short_name\":\"49\",\"route_long_name\":\"Downtown&Bakerview Spur\",\"route_type\":\"3\",\"route_type_name\":\"Bus\",\"route_color\":\"DA1F3D\",\"route_text_color\":\"FFFFFF\"},{\"route_id\":\"72X\",\"route_short_name\":\"72X\",\"route_long_name\":\"Kendall&Bellingham\",\"route_type\":\"3\",\"route_type_name\":\"Bus\",\"route_color\":\"952D4F\",\"route_text_color\":\"FFFFFF\"},{\"route_id\":\"75\",\"route_short_name\":\"75\",\"route_long_name\":\"Blaine/Birch Bay&Bellingham\",\"route_type\":\"3\",\"route_type_name\":\"Bus\",\"route_color\":\"F05B7D\",\"route_text_color\":\"FFFFFF\"},{\"route_id\":\"9\",\"route_short_name\":\"9\",\"route_long_name\":\"Hospital&Downtown\",\"route_type\":\"3\",\"route_type_name\":\"Bus\",\"route_color\":\"F69896\",\"route_text_color\":\"000000\"}]"},"geometry":{"type":"Point","coordinates":[-122.466055,48.755941]}},{"type":"Feature","properties":{"stop_id":"779","stop_code":"7263","stop_name":"State St at Ellis St","stop_desc":"","zone_id":"","stop_url":"","location_type":"","parent_station":"","stop_timezone":"","wheelchair_boarding":"1","feed_id":"Washington__Whatcom_Transportation_Authority__mdb_mdb-284","agency_name":"Whatcom Transportation Authority","route_count":4,"route_ids":"49|72X|75|9","route_short_names":"49|72X|75|9","route_types":"3","route_type_names":"Bus","routes_json":"[{\"route_id\":\"49\",\"route_short_name\":\"49\",\"route_long_name\":\"Downtown&Bakerview Spur\",\"route_type\":\"3\",\"route_type_name\":\"Bus\",\"route_color\":\"DA1F3D\",\"route_text_color\":\"FFFFFF\"},{\"route_id\":\"72X\",\"route_short_name\":\"72X\",\"route_long_name\":\"Kendall&Bellingham\",\"route_type\":\"3\",\"route_type_name\":\"Bus\",\"route_color\":\"952D4F\",\"route_text_color\":\"FFFFFF\"},{\"route_id\":\"75\",\"route_short_name\":\"75\",\"route_long_name\":\"Blaine/Birch Bay&Bellingham\",\"route_type\":\"3\",\"route_type_name\":\"Bus\",\"route_color\":\"F05B7D\",\"route_text_color\":\"FFFFFF\"},{\"route_id\":\"9\",\"route_short_name\":\"9\",\"route_long_name\":\"Hospital&Downtown\",\"route_type\":\"3\",\"route_type_name\":\"Bus\",\"route_color\":\"F69896\",\"route_text_color\":\"000000\"}]"},"geometry":{"type":"Point","coordinates":[-122.471568,48.752242]}},{"type":"Feature","properties":{"stop_id":"780","stop_code":"7127","stop_name":"Pole Rd at Hannegan Rd","stop_desc":"","zone_id":"","stop_url":"","location_type":"","parent_station":"","stop_timezone":"","wheelchair_boarding":"1","feed_id":"Washington__Whatcom_Transportation_Authority__mdb_mdb-284","agency_name":"Whatcom Transportation Authority","route_count":1,"route_ids":"71X","route_short_names":"71X","route_types":"3","route_type_names":"Bus","routes_json":"[{\"route_id\":\"71X\",\"route_short_name\":\"71X\",\"route_long_name\":\"Everson/Nooksack/Sumas&Cordata\",\"route_type\":\"3\",\"route_type_name\":\"Bus\",\"route_color\":\"B47236\",\"route_text_color\":\"FFFFFF\"}]"},"geometry":{"type":"Point","coordinates":[-122.44417,48.891884]}},{"type":"Feature","properties":{"stop_id":"781","stop_code":"7152","stop_name":"Guide Meridian at Axton Rd","stop_desc":"","zone_id":"","stop_url":"","location_type":"","parent_station":"","stop_timezone":"","wheelchair_boarding":"2","feed_id":"Washington__Whatcom_Transportation_Authority__mdb_mdb-284","agency_name":"Whatcom Transportation Authority","route_count":2,"route_ids":"26|71X","route_short_names":"26|71X","route_types":"3","route_type_names":"Bus","routes_json":"[{\"route_id\":\"26\",\"route_short_name\":\"26\",\"route_long_name\":\"Lynden&Cordata/WCC\",\"route_type\":\"3\",\"route_type_name\":\"Bus\",\"route_color\":\"7A6026\",\"route_text_color\":\"FFFFFF\"},{\"route_id\":\"71X\",\"route_short_name\":\"71X\",\"route_long_name\":\"Everson/Nooksack/Sumas&Cordata\",\"route_type\":\"3\",\"route_type_name\":\"Bus\",\"route_color\":\"B47236\",\"route_text_color\":\"FFFFFF\"}]"},"geometry":{"type":"Point","coordinates":[-122.4858,48.848251]}},{"type":"Feature","properties":{"stop_id":"782","stop_code":"7154","stop_name":"Guide Meridian at Ten Mile Rd","stop_desc":"","zone_id":"","stop_url":"","location_type":"","parent_station":"","stop_timezone":"","wheelchair_boarding":"1","feed_id":"Washington__Whatcom_Transportation_Authority__mdb_mdb-284","agency_name":"Whatcom Transportation Authority","route_count":2,"route_ids":"26|71X","route_short_names":"26|71X","route_types":"3","route_type_names":"Bus","routes_json":"[{\"route_id\":\"26\",\"route_short_name\":\"26\",\"route_long_name\":\"Lynden&Cordata/WCC\",\"route_type\":\"3\",\"route_type_name\":\"Bus\",\"route_color\":\"7A6026\",\"route_text_color\":\"FFFFFF\"},{\"route_id\":\"71X\",\"route_short_name\":\"71X\",\"route_long_name\":\"Everson/Nooksack/Sumas&Cordata\",\"route_type\":\"3\",\"route_type_name\":\"Bus\",\"route_color\":\"B47236\",\"route_text_color\":\"FFFFFF\"}]"},"geometry":{"type":"Point","coordinates":[-122.48566,48.870419]}},{"type":"Feature","properties":{"stop_id":"783","stop_code":"7103","stop_name":"Pole Rd at Hannegan Rd","stop_desc":"","zone_id":"","stop_url":"","location_type":"","parent_station":"","stop_timezone":"","wheelchair_boarding":"1","feed_id":"Washington__Whatcom_Transportation_Authority__mdb_mdb-284","agency_name":"Whatcom Transportation Authority","route_count":1,"route_ids":"71X","route_short_names":"71X","route_types":"3","route_type_names":"Bus","routes_json":"[{\"route_id\":\"71X\",\"route_short_name\":\"71X\",\"route_long_name\":\"Everson/Nooksack/Sumas&Cordata\",\"route_type\":\"3\",\"route_type_name\":\"Bus\",\"route_color\":\"B47236\",\"route_text_color\":\"FFFFFF\"}]"},"geometry":{"type":"Point","coordinates":[-122.441881,48.891699]}},{"type":"Feature","properties":{"stop_id":"784","stop_code":"7236","stop_name":"Sunset Dr at 2500 Block","stop_desc":"","zone_id":"","stop_url":"","location_type":"","parent_station":"","stop_timezone":"","wheelchair_boarding":"2","feed_id":"Washington__Whatcom_Transportation_Authority__mdb_mdb-284","agency_name":"Whatcom Transportation Authority","route_count":2,"route_ids":"540|72X","route_short_names":"540|72X","route_types":"3","route_type_names":"Bus","routes_json":"[{\"route_id\":\"540\",\"route_short_name\":\"540\",\"route_long_name\":\"Sunset&Downtown\",\"route_type\":\"3\",\"route_type_name\":\"Bus\",\"route_color\":\"5F3075\",\"route_text_color\":\"FFFFFF\"},{\"route_id\":\"72X\",\"route_short_name\":\"72X\",\"route_long_name\":\"Kendall&Bellingham\",\"route_type\":\"3\",\"route_type_name\":\"Bus\",\"route_color\":\"952D4F\",\"route_text_color\":\"FFFFFF\"}]"},"geometry":{"type":"Point","coordinates":[-122.440899,48.777466]}},{"type":"Feature","properties":{"stop_id":"785","stop_code":"7237","stop_name":"Sunset Dr at Idell Dr","stop_desc":"","zone_id":"","stop_url":"","location_type":"","parent_station":"","stop_timezone":"","wheelchair_boarding":"2","feed_id":"Washington__Whatcom_Transportation_Authority__mdb_mdb-284","agency_name":"Whatcom Transportation Authority","route_count":2,"route_ids":"540|72X","route_short_names":"540|72X","route_types":"3","route_type_names":"Bus","routes_json":"[{\"route_id\":\"540\",\"route_short_name\":\"540\",\"route_long_name\":\"Sunset&Downtown\",\"route_type\":\"3\",\"route_type_name\":\"Bus\",\"route_color\":\"5F3075\",\"route_text_color\":\"FFFFFF\"},{\"route_id\":\"72X\",\"route_short_name\":\"72X\",\"route_long_name\":\"Kendall&Bellingham\",\"route_type\":\"3\",\"route_type_name\":\"Bus\",\"route_color\":\"952D4F\",\"route_text_color\":\"FFFFFF\"}]"},"geometry":{"type":"Point","coordinates":[-122.435342,48.779938]}},{"type":"Feature","properties":{"stop_id":"787","stop_code":"7210","stop_name":"Shamrock Rd at Golden Valley Dr","stop_desc":"","zone_id":"","stop_url":"","location_type":"","parent_station":"","stop_timezone":"","wheelchair_boarding":"2","feed_id":"Washington__Whatcom_Transportation_Authority__mdb_mdb-284","agency_name":"Whatcom Transportation Authority","route_count":1,"route_ids":"72X","route_short_names":"72X","route_types":"3","route_type_names":"Bus","routes_json":"[{\"route_id\":\"72X\",\"route_short_name\":\"72X\",\"route_long_name\":\"Kendall&Bellingham\",\"route_type\":\"3\",\"route_type_name\":\"Bus\",\"route_color\":\"952D4F\",\"route_text_color\":\"FFFFFF\"}]"},"geometry":{"type":"Point","coordinates":[-122.15026,48.952049]}},{"type":"Feature","properties":{"stop_id":"788","stop_code":"7251","stop_name":"Sunset Dr at Idell Dr","stop_desc":"","zone_id":"","stop_url":"","location_type":"","parent_station":"","stop_timezone":"","wheelchair_boarding":"2","feed_id":"Washington__Whatcom_Transportation_Authority__mdb_mdb-284","agency_name":"Whatcom Transportation Authority","route_count":2,"route_ids":"540|72X","route_short_names":"540|72X","route_types":"3","route_type_names":"Bus","routes_json":"[{\"route_id\":\"540\",\"route_short_name\":\"540\",\"route_long_name\":\"Sunset&Downtown\",\"route_type\":\"3\",\"route_type_name\":\"Bus\",\"route_color\":\"5F3075\",\"route_text_color\":\"FFFFFF\"},{\"route_id\":\"72X\",\"route_short_name\":\"72X\",\"route_long_name\":\"Kendall&Bellingham\",\"route_type\":\"3\",\"route_type_name\":\"Bus\",\"route_color\":\"952D4F\",\"route_text_color\":\"FFFFFF\"}]"},"geometry":{"type":"Point","coordinates":[-122.434591,48.780543]}},{"type":"Feature","properties":{"stop_id":"789","stop_code":"7254","stop_name":"Sunset Dr at Racine","stop_desc":"","zone_id":"","stop_url":"","location_type":"","parent_station":"","stop_timezone":"","wheelchair_boarding":"1","feed_id":"Washington__Whatcom_Transportation_Authority__mdb_mdb-284","agency_name":"Whatcom Transportation Authority","route_count":3,"route_ids":"331|49|72X","route_short_names":"331|49|72X","route_types":"3","route_type_names":"Bus","routes_json":"[{\"route_id\":\"331\",\"route_short_name\":\"331\",\"route_long_name\":\"Cordata/WCC&Downtown\",\"route_type\":\"3\",\"route_type_name\":\"Bus\",\"route_color\":\"FAA61A\",\"route_text_color\":\"000000\"},{\"route_id\":\"49\",\"route_short_name\":\"49\",\"route_long_name\":\"Downtown&Bakerview Spur\",\"route_type\":\"3\",\"route_type_name\":\"Bus\",\"route_color\":\"DA1F3D\",\"route_text_color\":\"FFFFFF\"},{\"route_id\":\"72X\",\"route_short_name\":\"72X\",\"route_long_name\":\"Kendall&Bellingham\",\"route_type\":\"3\",\"route_type_name\":\"Bus\",\"route_color\":\"952D4F\",\"route_text_color\":\"FFFFFF\"}]"},"geometry":{"type":"Point","coordinates":[-122.454763,48.774428]}},{"type":"Feature","properties":{"stop_id":"790","stop_code":"7256","stop_name":"James St at Illinois St","stop_desc":"","zone_id":"","stop_url":"","location_type":"","parent_station":"","stop_timezone":"","wheelchair_boarding":"2","feed_id":"Washington__Whatcom_Transportation_Authority__mdb_mdb-284","agency_name":"Whatcom Transportation Authority","route_count":4,"route_ids":"49|72X|75|9","route_short_names":"49|72X|75|9","route_types":"3","route_type_names":"Bus","routes_json":"[{\"route_id\":\"49\",\"route_short_name\":\"49\",\"route_long_name\":\"Downtown&Bakerview Spur\",\"route_type\":\"3\",\"route_type_name\":\"Bus\",\"route_color\":\"DA1F3D\",\"route_text_color\":\"FFFFFF\"},{\"route_id\":\"72X\",\"route_short_name\":\"72X\",\"route_long_name\":\"Kendall&Bellingham\",\"route_type\":\"3\",\"route_type_name\":\"Bus\",\"route_color\":\"952D4F\",\"route_text_color\":\"FFFFFF\"},{\"route_id\":\"75\",\"route_short_name\":\"75\",\"route_long_name\":\"Blaine/Birch Bay&Bellingham\",\"route_type\":\"3\",\"route_type_name\":\"Bus\",\"route_color\":\"F05B7D\",\"route_text_color\":\"FFFFFF\"},{\"route_id\":\"9\",\"route_short_name\":\"9\",\"route_long_name\":\"Hospital&Downtown\",\"route_type\":\"3\",\"route_type_name\":\"Bus\",\"route_color\":\"F69896\",\"route_text_color\":\"000000\"}]"},"geometry":{"type":"Point","coordinates":[-122.465023,48.768714]}},{"type":"Feature","properties":{"stop_id":"791","stop_code":"5509","stop_name":"Portal Way at 6200 Block","stop_desc":"","zone_id":"","stop_url":"","location_type":"","parent_station":"","stop_timezone":"","wheelchair_boarding":"2","feed_id":"Washington__Whatcom_Transportation_Authority__mdb_mdb-284","agency_name":"Whatcom Transportation Authority","route_count":1,"route_ids":"75","route_short_names":"75","route_types":"3","route_type_names":"Bus","routes_json":"[{\"route_id\":\"75\",\"route_short_name\":\"75\",\"route_long_name\":\"Blaine/Birch Bay&Bellingham\",\"route_type\":\"3\",\"route_type_name\":\"Bus\",\"route_color\":\"F05B7D\",\"route_text_color\":\"FFFFFF\"}]"},"geometry":{"type":"Point","coordinates":[-122.58436,48.868385]}},{"type":"Feature","properties":{"stop_id":"792","stop_code":"5511","stop_name":"Portal Way at Trigg Rd","stop_desc":"","zone_id":"","stop_url":"","location_type":"","parent_station":"","stop_timezone":"","wheelchair_boarding":"2","feed_id":"Washington__Whatcom_Transportation_Authority__mdb_mdb-284","agency_name":"Whatcom Transportation Authority","route_count":1,"route_ids":"75","route_short_names":"75","route_types":"3","route_type_names":"Bus","routes_json":"[{\"route_id\":\"75\",\"route_short_name\":\"75\",\"route_long_name\":\"Blaine/Birch Bay&Bellingham\",\"route_type\":\"3\",\"route_type_name\":\"Bus\",\"route_color\":\"F05B7D\",\"route_text_color\":\"FFFFFF\"}]"},"geometry":{"type":"Point","coordinates":[-122.584099,48.876683]}},{"type":"Feature","properties":{"stop_id":"793","stop_code":"5512","stop_name":"Enterprise Rd at Matz Rd","stop_desc":"","zone_id":"","stop_url":"","location_type":"","parent_station":"","stop_timezone":"","wheelchair_boarding":"2","feed_id":"Washington__Whatcom_Transportation_Authority__mdb_mdb-284","agency_name":"Whatcom Transportation Authority","route_count":1,"route_ids":"75","route_short_names":"75","route_types":"3","route_type_names":"Bus","routes_json":"[{\"route_id\":\"75\",\"route_short_name\":\"75\",\"route_long_name\":\"Blaine/Birch Bay&Bellingham\",\"route_type\":\"3\",\"route_type_name\":\"Bus\",\"route_color\":\"F05B7D\",\"route_text_color\":\"FFFFFF\"}]"},"geometry":{"type":"Point","coordinates":[-122.583751,48.886956]}},{"type":"Feature","properties":{"stop_id":"794","stop_code":"5545","stop_name":"Portal Way at Trigg Rd","stop_desc":"","zone_id":"","stop_url":"","location_type":"","parent_station":"","stop_timezone":"","wheelchair_boarding":"2","feed_id":"Washington__Whatcom_Transportation_Authority__mdb_mdb-284","agency_name":"Whatcom Transportation Authority","route_count":1,"route_ids":"75","route_short_names":"75","route_types":"3","route_type_names":"Bus","routes_json":"[{\"route_id\":\"75\",\"route_short_name\":\"75\",\"route_long_name\":\"Blaine/Birch Bay&Bellingham\",\"route_type\":\"3\",\"route_type_name\":\"Bus\",\"route_color\":\"F05B7D\",\"route_text_color\":\"FFFFFF\"}]"},"geometry":{"type":"Point","coordinates":[-122.584279,48.877205]}},{"type":"Feature","properties":{"stop_id":"795","stop_code":"5548","stop_name":"Portal Way at 6000 Block","stop_desc":"","zone_id":"","stop_url":"","location_type":"","parent_station":"","stop_timezone":"","wheelchair_boarding":"1","feed_id":"Washington__Whatcom_Transportation_Authority__mdb_mdb-284","agency_name":"Whatcom Transportation Authority","route_count":1,"route_ids":"75","route_short_names":"75","route_types":"3","route_type_names":"Bus","routes_json":"[{\"route_id\":\"75\",\"route_short_name\":\"75\",\"route_long_name\":\"Blaine/Birch Bay&Bellingham\",\"route_type\":\"3\",\"route_type_name\":\"Bus\",\"route_color\":\"F05B7D\",\"route_text_color\":\"FFFFFF\"}]"},"geometry":{"type":"Point","coordinates":[-122.58475,48.861266]}},{"type":"Feature","properties":{"stop_id":"796","stop_code":"2000","stop_name":"Cordata Station","stop_desc":"","zone_id":"","stop_url":"","location_type":"","parent_station":"","stop_timezone":"","wheelchair_boarding":"1","feed_id":"Washington__Whatcom_Transportation_Authority__mdb_mdb-284","agency_name":"Whatcom Transportation Authority","route_count":13,"route_ids":"15|18|232|24|26|27|29|3|331|45|48|50|71X","route_short_names":"15|18|232|24|26|27|29|3|331|45|48|50|71X","route_types":"3","route_type_names":"Bus","routes_json":"[{\"route_id\":\"15\",\"route_short_name\":\"15\",\"route_long_name\":\"Cordata/WCC&Downtown\",\"route_type\":\"3\",\"route_type_name\":\"Bus\",\"route_color\":\"F58220\",\"route_text_color\":\"FFFFFF\"},{\"route_id\":\"18\",\"route_short_name\":\"18\",\"route_long_name\":\"Hospital&Cordata/WCC\",\"route_type\":\"3\",\"route_type_name\":\"Bus\",\"route_color\":\"BBD976\",\"route_text_color\":\"000000\"},{\"route_id\":\"232\",\"route_short_name\":\"232\",\"route_long_name\":\"Cordata/WCC&Downtown\",\"route_type\":\"3\",\"route_type_name\":\"Bus\",\"route_color\":\"8DC63F\",\"route_text_color\":\"FFFFFF\"},{\"route_id\":\"24\",\"route_short_name\":\"24\",\"route_long_name\":\"Cordata\",\"route_type\":\"3\",\"route_type_name\":\"Bus\",\"route_color\":\"028848\",\"route_text_color\":\"FFFFFF\"},{\"route_id\":\"26\",\"route_short_name\":\"26\",\"route_long_name\":\"Lynden&Cordata/WCC\",\"route_type\":\"3\",\"route_type_name\":\"Bus\",\"route_color\":\"7A6026\",\"route_text_color\":\"FFFFFF\"},{\"route_id\":\"27\",\"route_short_name\":\"27\",\"route_long_name\":\"Ferndale&Cordata/WCC\",\"route_type\":\"3\",\"route_type_name\":\"Bus\",\"route_color\":\"94B0BE\",\"route_text_color\":\"FFFFFF\"},{\"route_id\":\"29\",\"route_short_name\":\"29\",\"route_long_name\":\"Cordata/Kline\",\"route_type\":\"3\",\"route_type_name\":\"Bus\",\"route_color\":\"50B848\",\"route_text_color\":\"FFFFFF\"},{\"route_id\":\"3\",\"route_short_name\":\"3\",\"route_long_name\":\"Airport/Cordata&Airport/Downtown\",\"route_type\":\"3\",\"route_type_name\":\"Bus\",\"route_color\":\"D7DF23\",\"route_text_color\":\"000000\"},{\"route_id\":\"331\",\"route_short_name\":\"331\",\"route_long_name\":\"Cordata/WCC&Downtown\",\"route_type\":\"3\",\"route_type_name\":\"Bus\",\"route_color\":\"FAA61A\",\"route_text_color\":\"000000\"},{\"route_id\":\"45\",\"route_short_name\":\"45\",\"route_long_name\":\"KingMountain&Cordata/WCC\",\"route_type\":\"3\",\"route_type_name\":\"Bus\",\"route_color\":\"E29957\",\"route_text_color\":\"FFFFFF\"},{\"route_id\":\"48\",\"route_short_name\":\"48\",\"route_long_name\":\"Cordata/WCC&Bakerview Spur\",\"route_type\":\"3\",\"route_type_name\":\"Bus\",\"route_color\":\"F15A22\",\"route_text_color\":\"FFFFFF\"},{\"route_id\":\"50\",\"route_short_name\":\"50\",\"route_long_name\":\"LummiNation&Cordata/WCC\",\"route_type\":\"3\",\"route_type_name\":\"Bus\",\"route_color\":\"FFDD00\",\"route_text_color\":\"000000\"},{\"route_id\":\"71X\",\"route_short_name\":\"71X\",\"route_long_name\":\"Everson/Nooksack/Sumas&Cordata\",\"route_type\":\"3\",\"route_type_name\":\"Bus\",\"route_color\":\"B47236\",\"route_text_color\":\"FFFFFF\"}]"},"geometry":{"type":"Point","coordinates":[-122.491074,48.792916]}},{"type":"Feature","properties":{"stop_id":"797","stop_code":"5504","stop_name":"Main St at 1800 Block","stop_desc":"","zone_id":"","stop_url":"","location_type":"","parent_station":"","stop_timezone":"","wheelchair_boarding":"1","feed_id":"Washington__Whatcom_Transportation_Authority__mdb_mdb-284","agency_name":"Whatcom Transportation Authority","route_count":1,"route_ids":"27","route_short_names":"27","route_types":"3","route_type_names":"Bus","routes_json":"[{\"route_id\":\"27\",\"route_short_name\":\"27\",\"route_long_name\":\"Ferndale&Cordata/WCC\",\"route_type\":\"3\",\"route_type_name\":\"Bus\",\"route_color\":\"94B0BE\",\"route_text_color\":\"FFFFFF\"}]"},"geometry":{"type":"Point","coordinates":[-122.581923,48.844838]}},{"type":"Feature","properties":{"stop_id":"798","stop_code":"5552","stop_name":"Main St at 1800 Block","stop_desc":"","zone_id":"","stop_url":"","location_type":"","parent_station":"","stop_timezone":"","wheelchair_boarding":"2","feed_id":"Washington__Whatcom_Transportation_Authority__mdb_mdb-284","agency_name":"Whatcom Transportation Authority","route_count":1,"route_ids":"27","route_short_names":"27","route_types":"3","route_type_names":"Bus","routes_json":"[{\"route_id\":\"27\",\"route_short_name\":\"27\",\"route_long_name\":\"Ferndale&Cordata/WCC\",\"route_type\":\"3\",\"route_type_name\":\"Bus\",\"route_color\":\"94B0BE\",\"route_text_color\":\"FFFFFF\"}]"},"geometry":{"type":"Point","coordinates":[-122.58306,48.84457]}},{"type":"Feature","properties":{"stop_id":"799","stop_code":"2255","stop_name":"Northwest Dr at Aldrich Rd","stop_desc":"","zone_id":"","stop_url":"","location_type":"","parent_station":"","stop_timezone":"","wheelchair_boarding":"1","feed_id":"Washington__Whatcom_Transportation_Authority__mdb_mdb-284","agency_name":"Whatcom Transportation Authority","route_count":1,"route_ids":"27","route_short_names":"27","route_types":"3","route_type_names":"Bus","routes_json":"[{\"route_id\":\"27\",\"route_short_name\":\"27\",\"route_long_name\":\"Ferndale&Cordata/WCC\",\"route_type\":\"3\",\"route_type_name\":\"Bus\",\"route_color\":\"94B0BE\",\"route_text_color\":\"FFFFFF\"}]"},"geometry":{"type":"Point","coordinates":[-122.50936,48.791744]}},{"type":"Feature","properties":{"stop_id":"801","stop_code":"3031","stop_name":"Woburn St at Texas St","stop_desc":"","zone_id":"","stop_url":"","location_type":"","parent_station":"","stop_timezone":"","wheelchair_boarding":"2","feed_id":"Washington__Whatcom_Transportation_Authority__mdb_mdb-284","agency_name":"Whatcom Transportation Authority","route_count":1,"route_ids":"540","route_short_names":"540","route_types":"3","route_type_names":"Bus","routes_json":"[{\"route_id\":\"540\",\"route_short_name\":\"540\",\"route_long_name\":\"Sunset&Downtown\",\"route_type\":\"3\",\"route_type_name\":\"Bus\",\"route_color\":\"5F3075\",\"route_text_color\":\"FFFFFF\"}]"},"geometry":{"type":"Point","coordinates":[-122.445225,48.761261]}},{"type":"Feature","properties":{"stop_id":"802","stop_code":"7238","stop_name":"Sunset Dr at Vining St","stop_desc":"","zone_id":"","stop_url":"","location_type":"","parent_station":"","stop_timezone":"","wheelchair_boarding":"1","feed_id":"Washington__Whatcom_Transportation_Authority__mdb_mdb-284","agency_name":"Whatcom Transportation Authority","route_count":2,"route_ids":"540|72X","route_short_names":"540|72X","route_types":"3","route_type_names":"Bus","routes_json":"[{\"route_id\":\"540\",\"route_short_name\":\"540\",\"route_long_name\":\"Sunset&Downtown\",\"route_type\":\"3\",\"route_type_name\":\"Bus\",\"route_color\":\"5F3075\",\"route_text_color\":\"FFFFFF\"},{\"route_id\":\"72X\",\"route_short_name\":\"72X\",\"route_long_name\":\"Kendall&Bellingham\",\"route_type\":\"3\",\"route_type_name\":\"Bus\",\"route_color\":\"952D4F\",\"route_text_color\":\"FFFFFF\"}]"},"geometry":{"type":"Point","coordinates":[-122.432044,48.781427]}},{"type":"Feature","properties":{"stop_id":"803","stop_code":"5527","stop_name":"Blaine Center","stop_desc":"","zone_id":"","stop_url":"","location_type":"","parent_station":"","stop_timezone":"","wheelchair_boarding":"1","feed_id":"Washington__Whatcom_Transportation_Authority__mdb_mdb-284","agency_name":"Whatcom Transportation Authority","route_count":1,"route_ids":"75","route_short_names":"75","route_types":"3","route_type_names":"Bus","routes_json":"[{\"route_id\":\"75\",\"route_short_name\":\"75\",\"route_long_name\":\"Blaine/Birch Bay&Bellingham\",\"route_type\":\"3\",\"route_type_name\":\"Bus\",\"route_color\":\"F05B7D\",\"route_text_color\":\"FFFFFF\"}]"},"geometry":{"type":"Point","coordinates":[-122.729328,48.993426]}},{"type":"Feature","properties":{"stop_id":"805","stop_code":"5526","stop_name":"H St at 8th St","stop_desc":"","zone_id":"","stop_url":"","location_type":"","parent_station":"","stop_timezone":"","wheelchair_boarding":"1","feed_id":"Washington__Whatcom_Transportation_Authority__mdb_mdb-284","agency_name":"Whatcom Transportation Authority","route_count":1,"route_ids":"75","route_short_names":"75","route_types":"3","route_type_names":"Bus","routes_json":"[{\"route_id\":\"75\",\"route_short_name\":\"75\",\"route_long_name\":\"Blaine/Birch Bay&Bellingham\",\"route_type\":\"3\",\"route_type_name\":\"Bus\",\"route_color\":\"F05B7D\",\"route_text_color\":\"FFFFFF\"}]"},"geometry":{"type":"Point","coordinates":[-122.73986,48.993938]}},{"type":"Feature","properties":{"stop_id":"806","stop_code":"3371","stop_name":"Westerly Rd at Eliza Ave","stop_desc":"","zone_id":"","stop_url":"","location_type":"","parent_station":"","stop_timezone":"","wheelchair_boarding":"2","feed_id":"Washington__Whatcom_Transportation_Authority__mdb_mdb-284","agency_name":"Whatcom Transportation Authority","route_count":3,"route_ids":"18|3|50","route_short_names":"18|3|50","route_types":"3","route_type_names":"Bus","routes_json":"[{\"route_id\":\"18\",\"route_short_name\":\"18\",\"route_long_name\":\"Hospital&Cordata/WCC\",\"route_type\":\"3\",\"route_type_name\":\"Bus\",\"route_color\":\"BBD976\",\"route_text_color\":\"000000\"},{\"route_id\":\"3\",\"route_short_name\":\"3\",\"route_long_name\":\"Airport/Cordata&Airport/Downtown\",\"route_type\":\"3\",\"route_type_name\":\"Bus\",\"route_color\":\"D7DF23\",\"route_text_color\":\"000000\"},{\"route_id\":\"50\",\"route_short_name\":\"50\",\"route_long_name\":\"LummiNation&Cordata/WCC\",\"route_type\":\"3\",\"route_type_name\":\"Bus\",\"route_color\":\"FFDD00\",\"route_text_color\":\"000000\"}]"},"geometry":{"type":"Point","coordinates":[-122.495718,48.793241]}},{"type":"Feature","properties":{"stop_id":"807","stop_code":"3373","stop_name":"Westerly Rd at Cordata Pkwy","stop_desc":"","zone_id":"","stop_url":"","location_type":"","parent_station":"","stop_timezone":"","wheelchair_boarding":"2","feed_id":"Washington__Whatcom_Transportation_Authority__mdb_mdb-284","agency_name":"Whatcom Transportation Authority","route_count":3,"route_ids":"18|3|50","route_short_names":"18|3|50","route_types":"3","route_type_names":"Bus","routes_json":"[{\"route_id\":\"18\",\"route_short_name\":\"18\",\"route_long_name\":\"Hospital&Cordata/WCC\",\"route_type\":\"3\",\"route_type_name\":\"Bus\",\"route_color\":\"BBD976\",\"route_text_color\":\"000000\"},{\"route_id\":\"3\",\"route_short_name\":\"3\",\"route_long_name\":\"Airport/Cordata&Airport/Downtown\",\"route_type\":\"3\",\"route_type_name\":\"Bus\",\"route_color\":\"D7DF23\",\"route_text_color\":\"000000\"},{\"route_id\":\"50\",\"route_short_name\":\"50\",\"route_long_name\":\"LummiNation&Cordata/WCC\",\"route_type\":\"3\",\"route_type_name\":\"Bus\",\"route_color\":\"FFDD00\",\"route_text_color\":\"000000\"}]"},"geometry":{"type":"Point","coordinates":[-122.492316,48.791897]}},{"type":"Feature","properties":{"stop_id":"808","stop_code":"3372","stop_name":"Westerly Rd at Eliza Ave","stop_desc":"","zone_id":"","stop_url":"","location_type":"","parent_station":"","stop_timezone":"","wheelchair_boarding":"2","feed_id":"Washington__Whatcom_Transportation_Authority__mdb_mdb-284","agency_name":"Whatcom Transportation Authority","route_count":3,"route_ids":"18|3|50","route_short_names":"18|3|50","route_types":"3","route_type_names":"Bus","routes_json":"[{\"route_id\":\"18\",\"route_short_name\":\"18\",\"route_long_name\":\"Hospital&Cordata/WCC\",\"route_type\":\"3\",\"route_type_name\":\"Bus\",\"route_color\":\"BBD976\",\"route_text_color\":\"000000\"},{\"route_id\":\"3\",\"route_short_name\":\"3\",\"route_long_name\":\"Airport/Cordata&Airport/Downtown\",\"route_type\":\"3\",\"route_type_name\":\"Bus\",\"route_color\":\"D7DF23\",\"route_text_color\":\"000000\"},{\"route_id\":\"50\",\"route_short_name\":\"50\",\"route_long_name\":\"LummiNation&Cordata/WCC\",\"route_type\":\"3\",\"route_type_name\":\"Bus\",\"route_color\":\"FFDD00\",\"route_text_color\":\"000000\"}]"},"geometry":{"type":"Point","coordinates":[-122.495659,48.793386]}},{"type":"Feature","properties":{"stop_id":"809","stop_code":"7158","stop_name":"Guide Meridian at Kelly Rd","stop_desc":"","zone_id":"","stop_url":"","location_type":"","parent_station":"","stop_timezone":"","wheelchair_boarding":"2","feed_id":"Washington__Whatcom_Transportation_Authority__mdb_mdb-284","agency_name":"Whatcom Transportation Authority","route_count":2,"route_ids":"26|71X","route_short_names":"26|71X","route_types":"3","route_type_names":"Bus","routes_json":"[{\"route_id\":\"26\",\"route_short_name\":\"26\",\"route_long_name\":\"Lynden&Cordata/WCC\",\"route_type\":\"3\",\"route_type_name\":\"Bus\",\"route_color\":\"7A6026\",\"route_text_color\":\"FFFFFF\"},{\"route_id\":\"71X\",\"route_short_name\":\"71X\",\"route_long_name\":\"Everson/Nooksack/Sumas&Cordata\",\"route_type\":\"3\",\"route_type_name\":\"Bus\",\"route_color\":\"B47236\",\"route_text_color\":\"FFFFFF\"}]"},"geometry":{"type":"Point","coordinates":[-122.48618,48.818283]}},{"type":"Feature","properties":{"stop_id":"810","stop_code":"7157","stop_name":"Guide Meridian at Kelly Rd","stop_desc":"","zone_id":"","stop_url":"","location_type":"","parent_station":"","stop_timezone":"","wheelchair_boarding":"2","feed_id":"Washington__Whatcom_Transportation_Authority__mdb_mdb-284","agency_name":"Whatcom Transportation Authority","route_count":2,"route_ids":"26|71X","route_short_names":"26|71X","route_types":"3","route_type_names":"Bus","routes_json":"[{\"route_id\":\"26\",\"route_short_name\":\"26\",\"route_long_name\":\"Lynden&Cordata/WCC\",\"route_type\":\"3\",\"route_type_name\":\"Bus\",\"route_color\":\"7A6026\",\"route_text_color\":\"FFFFFF\"},{\"route_id\":\"71X\",\"route_short_name\":\"71X\",\"route_long_name\":\"Everson/Nooksack/Sumas&Cordata\",\"route_type\":\"3\",\"route_type_name\":\"Bus\",\"route_color\":\"B47236\",\"route_text_color\":\"FFFFFF\"}]"},"geometry":{"type":"Point","coordinates":[-122.48574,48.819248]}},{"type":"Feature","properties":{"stop_id":"811","stop_code":"7159","stop_name":"1060 Pole Rd","stop_desc":"","zone_id":"","stop_url":"","location_type":"","parent_station":"","stop_timezone":"","wheelchair_boarding":"2","feed_id":"Washington__Whatcom_Transportation_Authority__mdb_mdb-284","agency_name":"Whatcom Transportation Authority","route_count":1,"route_ids":"71X","route_short_names":"71X","route_types":"3","route_type_names":"Bus","routes_json":"[{\"route_id\":\"71X\",\"route_short_name\":\"71X\",\"route_long_name\":\"Everson/Nooksack/Sumas&Cordata\",\"route_type\":\"3\",\"route_type_name\":\"Bus\",\"route_color\":\"B47236\",\"route_text_color\":\"FFFFFF\"}]"},"geometry":{"type":"Point","coordinates":[-122.43306,48.891811]}},{"type":"Feature","properties":{"stop_id":"812","stop_code":"2260","stop_name":"Kellogg Rd at Whatcom Community College","stop_desc":"","zone_id":"","stop_url":"","location_type":"","parent_station":"","stop_timezone":"","wheelchair_boarding":"1","feed_id":"Washington__Whatcom_Transportation_Authority__mdb_mdb-284","agency_name":"Whatcom Transportation Authority","route_count":2,"route_ids":"232|27","route_short_names":"232|27","route_types":"3","route_type_names":"Bus","routes_json":"[{\"route_id\":\"232\",\"route_short_name\":\"232\",\"route_long_name\":\"Cordata/WCC&Downtown\",\"route_type\":\"3\",\"route_type_name\":\"Bus\",\"route_color\":\"8DC63F\",\"route_text_color\":\"FFFFFF\"},{\"route_id\":\"27\",\"route_short_name\":\"27\",\"route_long_name\":\"Ferndale&Cordata/WCC\",\"route_type\":\"3\",\"route_type_name\":\"Bus\",\"route_color\":\"94B0BE\",\"route_text_color\":\"FFFFFF\"}]"},"geometry":{"type":"Point","coordinates":[-122.494229,48.795213]}},{"type":"Feature","properties":{"stop_id":"814","stop_code":"7295","stop_name":"Sunset Dr at Vining St","stop_desc":"","zone_id":"","stop_url":"","location_type":"","parent_station":"","stop_timezone":"","wheelchair_boarding":"2","feed_id":"Washington__Whatcom_Transportation_Authority__mdb_mdb-284","agency_name":"Whatcom Transportation Authority","route_count":2,"route_ids":"540|72X","route_short_names":"540|72X","route_types":"3","route_type_names":"Bus","routes_json":"[{\"route_id\":\"540\",\"route_short_name\":\"540\",\"route_long_name\":\"Sunset&Downtown\",\"route_type\":\"3\",\"route_type_name\":\"Bus\",\"route_color\":\"5F3075\",\"route_text_color\":\"FFFFFF\"},{\"route_id\":\"72X\",\"route_short_name\":\"72X\",\"route_long_name\":\"Kendall&Bellingham\",\"route_type\":\"3\",\"route_type_name\":\"Bus\",\"route_color\":\"952D4F\",\"route_text_color\":\"FFFFFF\"}]"},"geometry":{"type":"Point","coordinates":[-122.431662,48.781856]}},{"type":"Feature","properties":{"stop_id":"816","stop_code":"3379","stop_name":"Yew St at Wade King Elementary","stop_desc":"","zone_id":"","stop_url":"","location_type":"","parent_station":"","stop_timezone":"","wheelchair_boarding":"1","feed_id":"Washington__Whatcom_Transportation_Authority__mdb_mdb-284","agency_name":"Whatcom Transportation Authority","route_count":1,"route_ids":"533","route_short_names":"533","route_types":"3","route_type_names":"Bus","routes_json":"[{\"route_id\":\"533\",\"route_short_name\":\"533\",\"route_long_name\":\"Yew St\",\"route_type\":\"3\",\"route_type_name\":\"Bus\",\"route_color\":\"F8C1D9\",\"route_text_color\":\"000000\"}]"},"geometry":{"type":"Point","coordinates":[-122.442333,48.719678]}},{"type":"Feature","properties":{"stop_id":"817","stop_code":"7161","stop_name":"Guide Meridian at Hemmi Rd","stop_desc":"","zone_id":"","stop_url":"","location_type":"","parent_station":"","stop_timezone":"","wheelchair_boarding":"2","feed_id":"Washington__Whatcom_Transportation_Authority__mdb_mdb-284","agency_name":"Whatcom Transportation Authority","route_count":2,"route_ids":"26|71X","route_short_names":"26|71X","route_types":"3","route_type_names":"Bus","routes_json":"[{\"route_id\":\"26\",\"route_short_name\":\"26\",\"route_long_name\":\"Lynden&Cordata/WCC\",\"route_type\":\"3\",\"route_type_name\":\"Bus\",\"route_color\":\"7A6026\",\"route_text_color\":\"FFFFFF\"},{\"route_id\":\"71X\",\"route_short_name\":\"71X\",\"route_long_name\":\"Everson/Nooksack/Sumas&Cordata\",\"route_type\":\"3\",\"route_type_name\":\"Bus\",\"route_color\":\"B47236\",\"route_text_color\":\"FFFFFF\"}]"},"geometry":{"type":"Point","coordinates":[-122.48573,48.862896]}},{"type":"Feature","properties":{"stop_id":"818","stop_code":"7162","stop_name":"Guide Meridian at Pole Rd","stop_desc":"","zone_id":"","stop_url":"","location_type":"","parent_station":"","stop_timezone":"","wheelchair_boarding":"1","feed_id":"Washington__Whatcom_Transportation_Authority__mdb_mdb-284","agency_name":"Whatcom Transportation Authority","route_count":2,"route_ids":"26|71X","route_short_names":"26|71X","route_types":"3","route_type_names":"Bus","routes_json":"[{\"route_id\":\"26\",\"route_short_name\":\"26\",\"route_long_name\":\"Lynden&Cordata/WCC\",\"route_type\":\"3\",\"route_type_name\":\"Bus\",\"route_color\":\"7A6026\",\"route_text_color\":\"FFFFFF\"},{\"route_id\":\"71X\",\"route_short_name\":\"71X\",\"route_long_name\":\"Everson/Nooksack/Sumas&Cordata\",\"route_type\":\"3\",\"route_type_name\":\"Bus\",\"route_color\":\"B47236\",\"route_text_color\":\"FFFFFF\"}]"},"geometry":{"type":"Point","coordinates":[-122.485298,48.890637]}},{"type":"Feature","properties":{"stop_id":"819","stop_code":"7160","stop_name":"Guide Meridian at Hemmi Rd","stop_desc":"","zone_id":"","stop_url":"","location_type":"","parent_station":"","stop_timezone":"","wheelchair_boarding":"2","feed_id":"Washington__Whatcom_Transportation_Authority__mdb_mdb-284","agency_name":"Whatcom Transportation Authority","route_count":2,"route_ids":"26|71X","route_short_names":"26|71X","route_types":"3","route_type_names":"Bus","routes_json":"[{\"route_id\":\"26\",\"route_short_name\":\"26\",\"route_long_name\":\"Lynden&Cordata/WCC\",\"route_type\":\"3\",\"route_type_name\":\"Bus\",\"route_color\":\"7A6026\",\"route_text_color\":\"FFFFFF\"},{\"route_id\":\"71X\",\"route_short_name\":\"71X\",\"route_long_name\":\"Everson/Nooksack/Sumas&Cordata\",\"route_type\":\"3\",\"route_type_name\":\"Bus\",\"route_color\":\"B47236\",\"route_text_color\":\"FFFFFF\"}]"},"geometry":{"type":"Point","coordinates":[-122.48611,48.861958]}},{"type":"Feature","properties":{"stop_id":"820","stop_code":"3381","stop_name":"Lakeway Dr at Grant St","stop_desc":"","zone_id":"","stop_url":"","location_type":"","parent_station":"","stop_timezone":"","wheelchair_boarding":"1","feed_id":"Washington__Whatcom_Transportation_Authority__mdb_mdb-284","agency_name":"Whatcom Transportation Authority","route_count":4,"route_ids":"512|525|533|540","route_short_names":"512|525|533|540","route_types":"3","route_type_names":"Bus","routes_json":"[{\"route_id\":\"512\",\"route_short_name\":\"512\",\"route_long_name\":\"Sudden Valley&Downtown\",\"route_type\":\"3\",\"route_type_name\":\"Bus\",\"route_color\":\"F287B7\",\"route_text_color\":\"000000\"},{\"route_id\":\"525\",\"route_short_name\":\"525\",\"route_long_name\":\"Barkley&Downtown\",\"route_type\":\"3\",\"route_type_name\":\"Bus\",\"route_color\":\"8F53A1\",\"route_text_color\":\"FFFFFF\"},{\"route_id\":\"533\",\"route_short_name\":\"533\",\"route_long_name\":\"Yew St\",\"route_type\":\"3\",\"route_type_name\":\"Bus\",\"route_color\":\"F8C1D9\",\"route_text_color\":\"000000\"},{\"route_id\":\"540\",\"route_short_name\":\"540\",\"route_long_name\":\"Sunset&Downtown\",\"route_type\":\"3\",\"route_type_name\":\"Bus\",\"route_color\":\"5F3075\",\"route_text_color\":\"FFFFFF\"}]"},"geometry":{"type":"Point","coordinates":[-122.46889,48.744914]}},{"type":"Feature","properties":{"stop_id":"821","stop_code":"3382","stop_name":"Lake Louise Rd at 1800 Block","stop_desc":"","zone_id":"","stop_url":"","location_type":"","parent_station":"","stop_timezone":"","wheelchair_boarding":"2","feed_id":"Washington__Whatcom_Transportation_Authority__mdb_mdb-284","agency_name":"Whatcom Transportation Authority","route_count":1,"route_ids":"512","route_short_names":"512","route_types":"3","route_type_names":"Bus","routes_json":"[{\"route_id\":\"512\",\"route_short_name\":\"512\",\"route_long_name\":\"Sudden Valley&Downtown\",\"route_type\":\"3\",\"route_type_name\":\"Bus\",\"route_color\":\"F287B7\",\"route_text_color\":\"000000\"}]"},"geometry":{"type":"Point","coordinates":[-122.390805,48.735837]}},{"type":"Feature","properties":{"stop_id":"822","stop_code":"4721","stop_name":"1st Ave at Alder St","stop_desc":"","zone_id":"","stop_url":"","location_type":"","parent_station":"","stop_timezone":"","wheelchair_boarding":"2","feed_id":"Washington__Whatcom_Transportation_Authority__mdb_mdb-284","agency_name":"Whatcom Transportation Authority","route_count":1,"route_ids":"27","route_short_names":"27","route_types":"3","route_type_names":"Bus","routes_json":"[{\"route_id\":\"27\",\"route_short_name\":\"27\",\"route_long_name\":\"Ferndale&Cordata/WCC\",\"route_type\":\"3\",\"route_type_name\":\"Bus\",\"route_color\":\"94B0BE\",\"route_text_color\":\"FFFFFF\"}]"},"geometry":{"type":"Point","coordinates":[-122.590787,48.845355]}},{"type":"Feature","properties":{"stop_id":"823","stop_code":"2510","stop_name":"1st Ave at Cherry St","stop_desc":"","zone_id":"","stop_url":"","location_type":"","parent_station":"","stop_timezone":"","wheelchair_boarding":"2","feed_id":"Washington__Whatcom_Transportation_Authority__mdb_mdb-284","agency_name":"Whatcom Transportation Authority","route_count":1,"route_ids":"27","route_short_names":"27","route_types":"3","route_type_names":"Bus","routes_json":"[{\"route_id\":\"27\",\"route_short_name\":\"27\",\"route_long_name\":\"Ferndale&Cordata/WCC\",\"route_type\":\"3\",\"route_type_name\":\"Bus\",\"route_color\":\"94B0BE\",\"route_text_color\":\"FFFFFF\"}]"},"geometry":{"type":"Point","coordinates":[-122.591925,48.844046]}},{"type":"Feature","properties":{"stop_id":"824","stop_code":"2511","stop_name":"3rd Ave at Alder St","stop_desc":"","zone_id":"","stop_url":"","location_type":"","parent_station":"","stop_timezone":"","wheelchair_boarding":"1","feed_id":"Washington__Whatcom_Transportation_Authority__mdb_mdb-284","agency_name":"Whatcom Transportation Authority","route_count":1,"route_ids":"27","route_short_names":"27","route_types":"3","route_type_names":"Bus","routes_json":"[{\"route_id\":\"27\",\"route_short_name\":\"27\",\"route_long_name\":\"Ferndale&Cordata/WCC\",\"route_type\":\"3\",\"route_type_name\":\"Bus\",\"route_color\":\"94B0BE\",\"route_text_color\":\"FFFFFF\"}]"},"geometry":{"type":"Point","coordinates":[-122.592741,48.846557]}},{"type":"Feature","properties":{"stop_id":"825","stop_code":"2512","stop_name":"3rd Ave at Alder St","stop_desc":"","zone_id":"","stop_url":"","location_type":"","parent_station":"","stop_timezone":"","wheelchair_boarding":"1","feed_id":"Washington__Whatcom_Transportation_Authority__mdb_mdb-284","agency_name":"Whatcom Transportation Authority","route_count":1,"route_ids":"27","route_short_names":"27","route_types":"3","route_type_names":"Bus","routes_json":"[{\"route_id\":\"27\",\"route_short_name\":\"27\",\"route_long_name\":\"Ferndale&Cordata/WCC\",\"route_type\":\"3\",\"route_type_name\":\"Bus\",\"route_color\":\"94B0BE\",\"route_text_color\":\"FFFFFF\"}]"},"geometry":{"type":"Point","coordinates":[-122.593454,48.846148]}},{"type":"Feature","properties":{"stop_id":"826","stop_code":"2528","stop_name":"Cherry St at 2nd Ave","stop_desc":"","zone_id":"","stop_url":"","location_type":"","parent_station":"","stop_timezone":"","wheelchair_boarding":"1","feed_id":"Washington__Whatcom_Transportation_Authority__mdb_mdb-284","agency_name":"Whatcom Transportation Authority","route_count":1,"route_ids":"27","route_short_names":"27","route_types":"3","route_type_names":"Bus","routes_json":"[{\"route_id\":\"27\",\"route_short_name\":\"27\",\"route_long_name\":\"Ferndale&Cordata/WCC\",\"route_type\":\"3\",\"route_type_name\":\"Bus\",\"route_color\":\"94B0BE\",\"route_text_color\":\"FFFFFF\"}]"},"geometry":{"type":"Point","coordinates":[-122.59301,48.84418]}},{"type":"Feature","properties":{"stop_id":"827","stop_code":"2529","stop_name":"1st Ave at Main St","stop_desc":"","zone_id":"","stop_url":"","location_type":"","parent_station":"","stop_timezone":"","wheelchair_boarding":"2","feed_id":"Washington__Whatcom_Transportation_Authority__mdb_mdb-284","agency_name":"Whatcom Transportation Authority","route_count":1,"route_ids":"27","route_short_names":"27","route_types":"3","route_type_names":"Bus","routes_json":"[{\"route_id\":\"27\",\"route_short_name\":\"27\",\"route_long_name\":\"Ferndale&Cordata/WCC\",\"route_type\":\"3\",\"route_type_name\":\"Bus\",\"route_color\":\"94B0BE\",\"route_text_color\":\"FFFFFF\"}]"},"geometry":{"type":"Point","coordinates":[-122.590092,48.845752]}},{"type":"Feature","properties":{"stop_id":"828","stop_code":"3389","stop_name":"Bennett Dr at McAlpine Rd","stop_desc":"","zone_id":"","stop_url":"","location_type":"","parent_station":"","stop_timezone":"","wheelchair_boarding":"2","feed_id":"Washington__Whatcom_Transportation_Authority__mdb_mdb-284","agency_name":"Whatcom Transportation Authority","route_count":1,"route_ids":"3","route_short_names":"3","route_types":"3","route_type_names":"Bus","routes_json":"[{\"route_id\":\"3\",\"route_short_name\":\"3\",\"route_long_name\":\"Airport/Cordata&Airport/Downtown\",\"route_type\":\"3\",\"route_type_name\":\"Bus\",\"route_color\":\"D7DF23\",\"route_text_color\":\"000000\"}]"},"geometry":{"type":"Point","coordinates":[-122.520229,48.775129]}},{"type":"Feature","properties":{"stop_id":"829","stop_code":"3390","stop_name":"Bennett Dr at Cedarwood Ave","stop_desc":"","zone_id":"","stop_url":"","location_type":"","parent_station":"","stop_timezone":"","wheelchair_boarding":"2","feed_id":"Washington__Whatcom_Transportation_Authority__mdb_mdb-284","agency_name":"Whatcom Transportation Authority","route_count":1,"route_ids":"3","route_short_names":"3","route_types":"3","route_type_names":"Bus","routes_json":"[{\"route_id\":\"3\",\"route_short_name\":\"3\",\"route_long_name\":\"Airport/Cordata&Airport/Downtown\",\"route_type\":\"3\",\"route_type_name\":\"Bus\",\"route_color\":\"D7DF23\",\"route_text_color\":\"000000\"}]"},"geometry":{"type":"Point","coordinates":[-122.520288,48.771296]}},{"type":"Feature","properties":{"stop_id":"830","stop_code":"3391","stop_name":"Bennett Dr at Marine Dr","stop_desc":"","zone_id":"","stop_url":"","location_type":"","parent_station":"","stop_timezone":"","wheelchair_boarding":"1","feed_id":"Washington__Whatcom_Transportation_Authority__mdb_mdb-284","agency_name":"Whatcom Transportation Authority","route_count":1,"route_ids":"3","route_short_names":"3","route_types":"3","route_type_names":"Bus","routes_json":"[{\"route_id\":\"3\",\"route_short_name\":\"3\",\"route_long_name\":\"Airport/Cordata&Airport/Downtown\",\"route_type\":\"3\",\"route_type_name\":\"Bus\",\"route_color\":\"D7DF23\",\"route_text_color\":\"000000\"}]"},"geometry":{"type":"Point","coordinates":[-122.52031,48.76923]}},{"type":"Feature","properties":{"stop_id":"831","stop_code":"3392","stop_name":"Marine Dr at Bennett Dr","stop_desc":"","zone_id":"","stop_url":"","location_type":"","parent_station":"","stop_timezone":"","wheelchair_boarding":"2","feed_id":"Washington__Whatcom_Transportation_Authority__mdb_mdb-284","agency_name":"Whatcom Transportation Authority","route_count":1,"route_ids":"3","route_short_names":"3","route_types":"3","route_type_names":"Bus","routes_json":"[{\"route_id\":\"3\",\"route_short_name\":\"3\",\"route_long_name\":\"Airport/Cordata&Airport/Downtown\",\"route_type\":\"3\",\"route_type_name\":\"Bus\",\"route_color\":\"D7DF23\",\"route_text_color\":\"000000\"}]"},"geometry":{"type":"Point","coordinates":[-122.518269,48.767495]}},{"type":"Feature","properties":{"stop_id":"832","stop_code":"3393","stop_name":"Lindbergh Ave at Eldridge Ave","stop_desc":"","zone_id":"","stop_url":"","location_type":"","parent_station":"","stop_timezone":"","wheelchair_boarding":"1","feed_id":"Washington__Whatcom_Transportation_Authority__mdb_mdb-284","agency_name":"Whatcom Transportation Authority","route_count":2,"route_ids":"10|3","route_short_names":"10|3","route_types":"3","route_type_names":"Bus","routes_json":"[{\"route_id\":\"10\",\"route_short_name\":\"10\",\"route_long_name\":\"Eldridge&Downtown\",\"route_type\":\"3\",\"route_type_name\":\"Bus\",\"route_color\":\"B2D235\",\"route_text_color\":\"000000\"},{\"route_id\":\"3\",\"route_short_name\":\"3\",\"route_long_name\":\"Airport/Cordata&Airport/Downtown\",\"route_type\":\"3\",\"route_type_name\":\"Bus\",\"route_color\":\"D7DF23\",\"route_text_color\":\"000000\"}]"},"geometry":{"type":"Point","coordinates":[-122.51518,48.765975]}},{"type":"Feature","properties":{"stop_id":"833","stop_code":"5561","stop_name":"Alderson Rd at Birch Bay Dr","stop_desc":"","zone_id":"","stop_url":"","location_type":"","parent_station":"","stop_timezone":"","wheelchair_boarding":"2","feed_id":"Washington__Whatcom_Transportation_Authority__mdb_mdb-284","agency_name":"Whatcom Transportation Authority","route_count":1,"route_ids":"75","route_short_names":"75","route_types":"3","route_type_names":"Bus","routes_json":"[{\"route_id\":\"75\",\"route_short_name\":\"75\",\"route_long_name\":\"Blaine/Birch Bay&Bellingham\",\"route_type\":\"3\",\"route_type_name\":\"Bus\",\"route_color\":\"F05B7D\",\"route_text_color\":\"FFFFFF\"}]"},"geometry":{"type":"Point","coordinates":[-122.744237,48.9177]}},{"type":"Feature","properties":{"stop_id":"834","stop_code":"5562","stop_name":"Alderson Rd at Birch Bay Dr","stop_desc":"","zone_id":"","stop_url":"","location_type":"","parent_station":"","stop_timezone":"","wheelchair_boarding":"2","feed_id":"Washington__Whatcom_Transportation_Authority__mdb_mdb-284","agency_name":"Whatcom Transportation Authority","route_count":1,"route_ids":"75","route_short_names":"75","route_types":"3","route_type_names":"Bus","routes_json":"[{\"route_id\":\"75\",\"route_short_name\":\"75\",\"route_long_name\":\"Blaine/Birch Bay&Bellingham\",\"route_type\":\"3\",\"route_type_name\":\"Bus\",\"route_color\":\"F05B7D\",\"route_text_color\":\"FFFFFF\"}]"},"geometry":{"type":"Point","coordinates":[-122.744317,48.917811]}},{"type":"Feature","properties":{"stop_id":"835","stop_code":"5563","stop_name":"Birch Bay Dr at Beachcomber Dr","stop_desc":"","zone_id":"","stop_url":"","location_type":"","parent_station":"","stop_timezone":"","wheelchair_boarding":"1","feed_id":"Washington__Whatcom_Transportation_Authority__mdb_mdb-284","agency_name":"Whatcom Transportation Authority","route_count":1,"route_ids":"75","route_short_names":"75","route_types":"3","route_type_names":"Bus","routes_json":"[{\"route_id\":\"75\",\"route_short_name\":\"75\",\"route_long_name\":\"Blaine/Birch Bay&Bellingham\",\"route_type\":\"3\",\"route_type_name\":\"Bus\",\"route_color\":\"F05B7D\",\"route_text_color\":\"FFFFFF\"}]"},"geometry":{"type":"Point","coordinates":[-122.745248,48.925598]}},{"type":"Feature","properties":{"stop_id":"836","stop_code":"5564","stop_name":"Alderson Rd at Loft Ln","stop_desc":"","zone_id":"","stop_url":"","location_type":"","parent_station":"","stop_timezone":"","wheelchair_boarding":"2","feed_id":"Washington__Whatcom_Transportation_Authority__mdb_mdb-284","agency_name":"Whatcom Transportation Authority","route_count":1,"route_ids":"75","route_short_names":"75","route_types":"3","route_type_names":"Bus","routes_json":"[{\"route_id\":\"75\",\"route_short_name\":\"75\",\"route_long_name\":\"Blaine/Birch Bay&Bellingham\",\"route_type\":\"3\",\"route_type_name\":\"Bus\",\"route_color\":\"F05B7D\",\"route_text_color\":\"FFFFFF\"}]"},"geometry":{"type":"Point","coordinates":[-122.736898,48.917647]}},{"type":"Feature","properties":{"stop_id":"837","stop_code":"5565","stop_name":"Alderson Rd at Loft Ln","stop_desc":"","zone_id":"","stop_url":"","location_type":"","parent_station":"","stop_timezone":"","wheelchair_boarding":"2","feed_id":"Washington__Whatcom_Transportation_Authority__mdb_mdb-284","agency_name":"Whatcom Transportation Authority","route_count":1,"route_ids":"75","route_short_names":"75","route_types":"3","route_type_names":"Bus","routes_json":"[{\"route_id\":\"75\",\"route_short_name\":\"75\",\"route_long_name\":\"Blaine/Birch Bay&Bellingham\",\"route_type\":\"3\",\"route_type_name\":\"Bus\",\"route_color\":\"F05B7D\",\"route_text_color\":\"FFFFFF\"}]"},"geometry":{"type":"Point","coordinates":[-122.736663,48.917761]}},{"type":"Feature","properties":{"stop_id":"838","stop_code":"5566","stop_name":"Birch Bay Dr at Beachcomber Dr","stop_desc":"","zone_id":"","stop_url":"","location_type":"","parent_station":"","stop_timezone":"","wheelchair_boarding":"2","feed_id":"Washington__Whatcom_Transportation_Authority__mdb_mdb-284","agency_name":"Whatcom Transportation Authority","route_count":1,"route_ids":"75","route_short_names":"75","route_types":"3","route_type_names":"Bus","routes_json":"[{\"route_id\":\"75\",\"route_short_name\":\"75\",\"route_long_name\":\"Blaine/Birch Bay&Bellingham\",\"route_type\":\"3\",\"route_type_name\":\"Bus\",\"route_color\":\"F05B7D\",\"route_text_color\":\"FFFFFF\"}]"},"geometry":{"type":"Point","coordinates":[-122.745043,48.925648]}},{"type":"Feature","properties":{"stop_id":"839","stop_code":"3400","stop_name":"Hoff Rd at Country Ln","stop_desc":"","zone_id":"","stop_url":"","location_type":"","parent_station":"","stop_timezone":"","wheelchair_boarding":"2","feed_id":"Washington__Whatcom_Transportation_Authority__mdb_mdb-284","agency_name":"Whatcom Transportation Authority","route_count":1,"route_ids":"50","route_short_names":"50","route_types":"3","route_type_names":"Bus","routes_json":"[{\"route_id\":\"50\",\"route_short_name\":\"50\",\"route_long_name\":\"LummiNation&Cordata/WCC\",\"route_type\":\"3\",\"route_type_name\":\"Bus\",\"route_color\":\"FFDD00\",\"route_text_color\":\"000000\"}]"},"geometry":{"type":"Point","coordinates":[-122.573498,48.789636]}},{"type":"Feature","properties":{"stop_id":"840","stop_code":"3401","stop_name":"Marine Dr at Rural Ave","stop_desc":"","zone_id":"","stop_url":"","location_type":"","parent_station":"","stop_timezone":"","wheelchair_boarding":"2","feed_id":"Washington__Whatcom_Transportation_Authority__mdb_mdb-284","agency_name":"Whatcom Transportation Authority","route_count":1,"route_ids":"50","route_short_names":"50","route_types":"3","route_type_names":"Bus","routes_json":"[{\"route_id\":\"50\",\"route_short_name\":\"50\",\"route_long_name\":\"LummiNation&Cordata/WCC\",\"route_type\":\"3\",\"route_type_name\":\"Bus\",\"route_color\":\"FFDD00\",\"route_text_color\":\"000000\"}]"},"geometry":{"type":"Point","coordinates":[-122.580913,48.790399]}},{"type":"Feature","properties":{"stop_id":"841","stop_code":"3402","stop_name":"Hoff Rd at Country Ln","stop_desc":"","zone_id":"","stop_url":"","location_type":"","parent_station":"","stop_timezone":"","wheelchair_boarding":"2","feed_id":"Washington__Whatcom_Transportation_Authority__mdb_mdb-284","agency_name":"Whatcom Transportation Authority","route_count":1,"route_ids":"50","route_short_names":"50","route_types":"3","route_type_names":"Bus","routes_json":"[{\"route_id\":\"50\",\"route_short_name\":\"50\",\"route_long_name\":\"LummiNation&Cordata/WCC\",\"route_type\":\"3\",\"route_type_name\":\"Bus\",\"route_color\":\"FFDD00\",\"route_text_color\":\"000000\"}]"},"geometry":{"type":"Point","coordinates":[-122.573654,48.789378]}},{"type":"Feature","properties":{"stop_id":"842","stop_code":"3403","stop_name":"Chuckanut Park & Ride","stop_desc":"","zone_id":"","stop_url":"","location_type":"","parent_station":"","stop_timezone":"","wheelchair_boarding":"1","feed_id":"Washington__Whatcom_Transportation_Authority__mdb_mdb-284","agency_name":"Whatcom Transportation Authority","route_count":1,"route_ids":"80X","route_short_names":"80X","route_types":"3","route_type_names":"Bus","routes_json":"[{\"route_id\":\"80X\",\"route_short_name\":\"80X\",\"route_long_name\":\"Mt. Vernon&Bellingham\",\"route_type\":\"3\",\"route_type_name\":\"Bus\",\"route_color\":\"B86964\",\"route_text_color\":\"FFFFFF\"}]"},"geometry":{"type":"Point","coordinates":[-122.336821,48.482383]}},{"type":"Feature","properties":{"stop_id":"843","stop_code":"7296","stop_name":"East Whatcom Resource Center","stop_desc":"","zone_id":"","stop_url":"","location_type":"","parent_station":"","stop_timezone":"","wheelchair_boarding":"1","feed_id":"Washington__Whatcom_Transportation_Authority__mdb_mdb-284","agency_name":"Whatcom Transportation Authority","route_count":1,"route_ids":"72X","route_short_names":"72X","route_types":"3","route_type_names":"Bus","routes_json":"[{\"route_id\":\"72X\",\"route_short_name\":\"72X\",\"route_long_name\":\"Kendall&Bellingham\",\"route_type\":\"3\",\"route_type_name\":\"Bus\",\"route_color\":\"952D4F\",\"route_text_color\":\"FFFFFF\"}]"},"geometry":{"type":"Point","coordinates":[-122.150395,48.940418]}},{"type":"Feature","properties":{"stop_id":"844","stop_code":"3405","stop_name":"Nequalicum Ave at Eldridge Ave","stop_desc":"","zone_id":"","stop_url":"","location_type":"","parent_station":"","stop_timezone":"","wheelchair_boarding":"1","feed_id":"Washington__Whatcom_Transportation_Authority__mdb_mdb-284","agency_name":"Whatcom Transportation Authority","route_count":2,"route_ids":"10|3","route_short_names":"10|3","route_types":"3","route_type_names":"Bus","routes_json":"[{\"route_id\":\"10\",\"route_short_name\":\"10\",\"route_long_name\":\"Eldridge&Downtown\",\"route_type\":\"3\",\"route_type_name\":\"Bus\",\"route_color\":\"B2D235\",\"route_text_color\":\"000000\"},{\"route_id\":\"3\",\"route_short_name\":\"3\",\"route_long_name\":\"Airport/Cordata&Airport/Downtown\",\"route_type\":\"3\",\"route_type_name\":\"Bus\",\"route_color\":\"D7DF23\",\"route_text_color\":\"000000\"}]"},"geometry":{"type":"Point","coordinates":[-122.508404,48.763336]}},{"type":"Feature","properties":{"stop_id":"845","stop_code":"3411","stop_name":"Bennett Dr at Alderwood Ave","stop_desc":"","zone_id":"","stop_url":"","location_type":"","parent_station":"","stop_timezone":"","wheelchair_boarding":"2","feed_id":"Washington__Whatcom_Transportation_Authority__mdb_mdb-284","agency_name":"Whatcom Transportation Authority","route_count":1,"route_ids":"3","route_short_names":"3","route_types":"3","route_type_names":"Bus","routes_json":"[{\"route_id\":\"3\",\"route_short_name\":\"3\",\"route_long_name\":\"Airport/Cordata&Airport/Downtown\",\"route_type\":\"3\",\"route_type_name\":\"Bus\",\"route_color\":\"D7DF23\",\"route_text_color\":\"000000\"}]"},"geometry":{"type":"Point","coordinates":[-122.519986,48.778354]}},{"type":"Feature","properties":{"stop_id":"846","stop_code":"3412","stop_name":"Bennett Dr at Alderwood Ave","stop_desc":"","zone_id":"","stop_url":"","location_type":"","parent_station":"","stop_timezone":"","wheelchair_boarding":"2","feed_id":"Washington__Whatcom_Transportation_Authority__mdb_mdb-284","agency_name":"Whatcom Transportation Authority","route_count":1,"route_ids":"3","route_short_names":"3","route_types":"3","route_type_names":"Bus","routes_json":"[{\"route_id\":\"3\",\"route_short_name\":\"3\",\"route_long_name\":\"Airport/Cordata&Airport/Downtown\",\"route_type\":\"3\",\"route_type_name\":\"Bus\",\"route_color\":\"D7DF23\",\"route_text_color\":\"000000\"}]"},"geometry":{"type":"Point","coordinates":[-122.520183,48.778882]}},{"type":"Feature","properties":{"stop_id":"847","stop_code":"3413","stop_name":"Electric Ave at Alabama St","stop_desc":"","zone_id":"","stop_url":"","location_type":"","parent_station":"","stop_timezone":"","wheelchair_boarding":"1","feed_id":"Washington__Whatcom_Transportation_Authority__mdb_mdb-284","agency_name":"Whatcom Transportation Authority","route_count":1,"route_ids":"525","route_short_names":"525","route_types":"3","route_type_names":"Bus","routes_json":"[{\"route_id\":\"525\",\"route_short_name\":\"525\",\"route_long_name\":\"Barkley&Downtown\",\"route_type\":\"3\",\"route_type_name\":\"Bus\",\"route_color\":\"8F53A1\",\"route_text_color\":\"FFFFFF\"}]"},"geometry":{"type":"Point","coordinates":[-122.420689,48.762329]}},{"type":"Feature","properties":{"stop_id":"848","stop_code":"3414","stop_name":"Electric Ave at Alabama St","stop_desc":"","zone_id":"","stop_url":"","location_type":"","parent_station":"","stop_timezone":"","wheelchair_boarding":"1","feed_id":"Washington__Whatcom_Transportation_Authority__mdb_mdb-284","agency_name":"Whatcom Transportation Authority","route_count":1,"route_ids":"525","route_short_names":"525","route_types":"3","route_type_names":"Bus","routes_json":"[{\"route_id\":\"525\",\"route_short_name\":\"525\",\"route_long_name\":\"Barkley&Downtown\",\"route_type\":\"3\",\"route_type_name\":\"Bus\",\"route_color\":\"8F53A1\",\"route_text_color\":\"FFFFFF\"}]"},"geometry":{"type":"Point","coordinates":[-122.4209,48.762691]}},{"type":"Feature","properties":{"stop_id":"849","stop_code":"7163","stop_name":"Easterbrook Rd at Bowen Rd","stop_desc":"","zone_id":"","stop_url":"","location_type":"","parent_station":"","stop_timezone":"","wheelchair_boarding":"2","feed_id":"Washington__Whatcom_Transportation_Authority__mdb_mdb-284","agency_name":"Whatcom Transportation Authority","route_count":1,"route_ids":"71X","route_short_names":"71X","route_types":"3","route_type_names":"Bus","routes_json":"[{\"route_id\":\"71X\",\"route_short_name\":\"71X\",\"route_long_name\":\"Everson/Nooksack/Sumas&Cordata\",\"route_type\":\"3\",\"route_type_name\":\"Bus\",\"route_color\":\"B47236\",\"route_text_color\":\"FFFFFF\"}]"},"geometry":{"type":"Point","coordinates":[-122.266207,48.988305]}},{"type":"Feature","properties":{"stop_id":"850","stop_code":"5568","stop_name":"Birch Bay Dr at Harborview Rd","stop_desc":"","zone_id":"","stop_url":"","location_type":"","parent_station":"","stop_timezone":"","wheelchair_boarding":"2","feed_id":"Washington__Whatcom_Transportation_Authority__mdb_mdb-284","agency_name":"Whatcom Transportation Authority","route_count":1,"route_ids":"75","route_short_names":"75","route_types":"3","route_type_names":"Bus","routes_json":"[{\"route_id\":\"75\",\"route_short_name\":\"75\",\"route_long_name\":\"Blaine/Birch Bay&Bellingham\",\"route_type\":\"3\",\"route_type_name\":\"Bus\",\"route_color\":\"F05B7D\",\"route_text_color\":\"FFFFFF\"}]"},"geometry":{"type":"Point","coordinates":[-122.748248,48.933455]}},{"type":"Feature","properties":{"stop_id":"851","stop_code":"5567","stop_name":"Birch Bay Dr at Harborview Rd","stop_desc":"","zone_id":"","stop_url":"","location_type":"","parent_station":"","stop_timezone":"","wheelchair_boarding":"1","feed_id":"Washington__Whatcom_Transportation_Authority__mdb_mdb-284","agency_name":"Whatcom Transportation Authority","route_count":1,"route_ids":"75","route_short_names":"75","route_types":"3","route_type_names":"Bus","routes_json":"[{\"route_id\":\"75\",\"route_short_name\":\"75\",\"route_long_name\":\"Blaine/Birch Bay&Bellingham\",\"route_type\":\"3\",\"route_type_name\":\"Bus\",\"route_color\":\"F05B7D\",\"route_text_color\":\"FFFFFF\"}]"},"geometry":{"type":"Point","coordinates":[-122.74814,48.933633]}},{"type":"Feature","properties":{"stop_id":"852","stop_code":"3418","stop_name":"Alabama St at Orleans St","stop_desc":"","zone_id":"","stop_url":"","location_type":"","parent_station":"","stop_timezone":"","wheelchair_boarding":"1","feed_id":"Washington__Whatcom_Transportation_Authority__mdb_mdb-284","agency_name":"Whatcom Transportation Authority","route_count":1,"route_ids":"331","route_short_names":"331","route_types":"3","route_type_names":"Bus","routes_json":"[{\"route_id\":\"331\",\"route_short_name\":\"331\",\"route_long_name\":\"Cordata/WCC&Downtown\",\"route_type\":\"3\",\"route_type_name\":\"Bus\",\"route_color\":\"FAA61A\",\"route_text_color\":\"000000\"}]"},"geometry":{"type":"Point","coordinates":[-122.45876,48.763115]}},{"type":"Feature","properties":{"stop_id":"853","stop_code":"3417","stop_name":"Alabama St at Yew St","stop_desc":"","zone_id":"","stop_url":"","location_type":"","parent_station":"","stop_timezone":"","wheelchair_boarding":"1","feed_id":"Washington__Whatcom_Transportation_Authority__mdb_mdb-284","agency_name":"Whatcom Transportation Authority","route_count":2,"route_ids":"525|540","route_short_names":"525|540","route_types":"3","route_type_names":"Bus","routes_json":"[{\"route_id\":\"525\",\"route_short_name\":\"525\",\"route_long_name\":\"Barkley&Downtown\",\"route_type\":\"3\",\"route_type_name\":\"Bus\",\"route_color\":\"8F53A1\",\"route_text_color\":\"FFFFFF\"},{\"route_id\":\"540\",\"route_short_name\":\"540\",\"route_long_name\":\"Sunset&Downtown\",\"route_type\":\"3\",\"route_type_name\":\"Bus\",\"route_color\":\"5F3075\",\"route_text_color\":\"FFFFFF\"}]"},"geometry":{"type":"Point","coordinates":[-122.443223,48.763087]}},{"type":"Feature","properties":{"stop_id":"855","stop_code":"3428","stop_name":"Bellis Fair Pkwy at WinCo Foods","stop_desc":"","zone_id":"","stop_url":"","location_type":"","parent_station":"","stop_timezone":"","wheelchair_boarding":"1","feed_id":"Washington__Whatcom_Transportation_Authority__mdb_mdb-284","agency_name":"Whatcom Transportation Authority","route_count":1,"route_ids":"331","route_short_names":"331","route_types":"3","route_type_names":"Bus","routes_json":"[{\"route_id\":\"331\",\"route_short_name\":\"331\",\"route_long_name\":\"Cordata/WCC&Downtown\",\"route_type\":\"3\",\"route_type_name\":\"Bus\",\"route_color\":\"FAA61A\",\"route_text_color\":\"000000\"}]"},"geometry":{"type":"Point","coordinates":[-122.481629,48.787894]}},{"type":"Feature","properties":{"stop_id":"856","stop_code":"3429","stop_name":"Bellis Fair Pkwy at Value Village","stop_desc":"","zone_id":"","stop_url":"","location_type":"","parent_station":"","stop_timezone":"","wheelchair_boarding":"2","feed_id":"Washington__Whatcom_Transportation_Authority__mdb_mdb-284","agency_name":"Whatcom Transportation Authority","route_count":1,"route_ids":"331","route_short_names":"331","route_types":"3","route_type_names":"Bus","routes_json":"[{\"route_id\":\"331\",\"route_short_name\":\"331\",\"route_long_name\":\"Cordata/WCC&Downtown\",\"route_type\":\"3\",\"route_type_name\":\"Bus\",\"route_color\":\"FAA61A\",\"route_text_color\":\"000000\"}]"},"geometry":{"type":"Point","coordinates":[-122.484818,48.787274]}},{"type":"Feature","properties":{"stop_id":"857","stop_code":"3430","stop_name":"Bellis Fair Pkwy at Value Village","stop_desc":"","zone_id":"","stop_url":"","location_type":"","parent_station":"","stop_timezone":"","wheelchair_boarding":"1","feed_id":"Washington__Whatcom_Transportation_Authority__mdb_mdb-284","agency_name":"Whatcom Transportation Authority","route_count":1,"route_ids":"331","route_short_names":"331","route_types":"3","route_type_names":"Bus","routes_json":"[{\"route_id\":\"331\",\"route_short_name\":\"331\",\"route_long_name\":\"Cordata/WCC&Downtown\",\"route_type\":\"3\",\"route_type_name\":\"Bus\",\"route_color\":\"FAA61A\",\"route_text_color\":\"000000\"}]"},"geometry":{"type":"Point","coordinates":[-122.484642,48.787374]}},{"type":"Feature","properties":{"stop_id":"858","stop_code":"3431","stop_name":"Bellis Fair Pkwy at WinCo Foods","stop_desc":"","zone_id":"","stop_url":"","location_type":"","parent_station":"","stop_timezone":"","wheelchair_boarding":"1","feed_id":"Washington__Whatcom_Transportation_Authority__mdb_mdb-284","agency_name":"Whatcom Transportation Authority","route_count":1,"route_ids":"331","route_short_names":"331","route_types":"3","route_type_names":"Bus","routes_json":"[{\"route_id\":\"331\",\"route_short_name\":\"331\",\"route_long_name\":\"Cordata/WCC&Downtown\",\"route_type\":\"3\",\"route_type_name\":\"Bus\",\"route_color\":\"FAA61A\",\"route_text_color\":\"000000\"}]"},"geometry":{"type":"Point","coordinates":[-122.481633,48.787772]}},{"type":"Feature","properties":{"stop_id":"859","stop_code":"7298","stop_name":"Shamrock Rd at Bellwood Dr","stop_desc":"","zone_id":"","stop_url":"","location_type":"","parent_station":"","stop_timezone":"","wheelchair_boarding":"2","feed_id":"Washington__Whatcom_Transportation_Authority__mdb_mdb-284","agency_name":"Whatcom Transportation Authority","route_count":1,"route_ids":"72X","route_short_names":"72X","route_types":"3","route_type_names":"Bus","routes_json":"[{\"route_id\":\"72X\",\"route_short_name\":\"72X\",\"route_long_name\":\"Kendall&Bellingham\",\"route_type\":\"3\",\"route_type_name\":\"Bus\",\"route_color\":\"952D4F\",\"route_text_color\":\"FFFFFF\"}]"},"geometry":{"type":"Point","coordinates":[-122.144897,48.954798]}},{"type":"Feature","properties":{"stop_id":"860","stop_code":"7164","stop_name":"Sumas Ave at Morton St","stop_desc":"","zone_id":"","stop_url":"","location_type":"","parent_station":"","stop_timezone":"","wheelchair_boarding":"1","feed_id":"Washington__Whatcom_Transportation_Authority__mdb_mdb-284","agency_name":"Whatcom Transportation Authority","route_count":1,"route_ids":"71X","route_short_names":"71X","route_types":"3","route_type_names":"Bus","routes_json":"[{\"route_id\":\"71X\",\"route_short_name\":\"71X\",\"route_long_name\":\"Everson/Nooksack/Sumas&Cordata\",\"route_type\":\"3\",\"route_type_name\":\"Bus\",\"route_color\":\"B47236\",\"route_text_color\":\"FFFFFF\"}]"},"geometry":{"type":"Point","coordinates":[-122.262733,48.993536]}},{"type":"Feature","properties":{"stop_id":"861","stop_code":"7165","stop_name":"Sumas Ave at Columbia St","stop_desc":"","zone_id":"","stop_url":"","location_type":"","parent_station":"","stop_timezone":"","wheelchair_boarding":"2","feed_id":"Washington__Whatcom_Transportation_Authority__mdb_mdb-284","agency_name":"Whatcom Transportation Authority","route_count":1,"route_ids":"71X","route_short_names":"71X","route_types":"3","route_type_names":"Bus","routes_json":"[{\"route_id\":\"71X\",\"route_short_name\":\"71X\",\"route_long_name\":\"Everson/Nooksack/Sumas&Cordata\",\"route_type\":\"3\",\"route_type_name\":\"Bus\",\"route_color\":\"B47236\",\"route_text_color\":\"FFFFFF\"}]"},"geometry":{"type":"Point","coordinates":[-122.262716,48.996915]}},{"type":"Feature","properties":{"stop_id":"862","stop_code":"7166","stop_name":"Cherry St at 1st St","stop_desc":"","zone_id":"","stop_url":"","location_type":"","parent_station":"","stop_timezone":"","wheelchair_boarding":"1","feed_id":"Washington__Whatcom_Transportation_Authority__mdb_mdb-284","agency_name":"Whatcom Transportation Authority","route_count":1,"route_ids":"71X","route_short_names":"71X","route_types":"3","route_type_names":"Bus","routes_json":"[{\"route_id\":\"71X\",\"route_short_name\":\"71X\",\"route_long_name\":\"Everson/Nooksack/Sumas&Cordata\",\"route_type\":\"3\",\"route_type_name\":\"Bus\",\"route_color\":\"B47236\",\"route_text_color\":\"FFFFFF\"}]"},"geometry":{"type":"Point","coordinates":[-122.265083,48.998659]}},{"type":"Feature","properties":{"stop_id":"863","stop_code":"7167","stop_name":"Cherry St at Vancouver St","stop_desc":"","zone_id":"","stop_url":"","location_type":"","parent_station":"","stop_timezone":"","wheelchair_boarding":"1","feed_id":"Washington__Whatcom_Transportation_Authority__mdb_mdb-284","agency_name":"Whatcom Transportation Authority","route_count":1,"route_ids":"71X","route_short_names":"71X","route_types":"3","route_type_names":"Bus","routes_json":"[{\"route_id\":\"71X\",\"route_short_name\":\"71X\",\"route_long_name\":\"Everson/Nooksack/Sumas&Cordata\",\"route_type\":\"3\",\"route_type_name\":\"Bus\",\"route_color\":\"B47236\",\"route_text_color\":\"FFFFFF\"}]"},"geometry":{"type":"Point","coordinates":[-122.26506,48.995263]}},{"type":"Feature","properties":{"stop_id":"864","stop_code":"3433","stop_name":"Alabama St at Grant St","stop_desc":"","zone_id":"","stop_url":"","location_type":"","parent_station":"","stop_timezone":"","wheelchair_boarding":"2","feed_id":"Washington__Whatcom_Transportation_Authority__mdb_mdb-284","agency_name":"Whatcom Transportation Authority","route_count":1,"route_ids":"331","route_short_names":"331","route_types":"3","route_type_names":"Bus","routes_json":"[{\"route_id\":\"331\",\"route_short_name\":\"331\",\"route_long_name\":\"Cordata/WCC&Downtown\",\"route_type\":\"3\",\"route_type_name\":\"Bus\",\"route_color\":\"FAA61A\",\"route_text_color\":\"000000\"}]"},"geometry":{"type":"Point","coordinates":[-122.469938,48.763101]}},{"type":"Feature","properties":{"stop_id":"865","stop_code":"3435","stop_name":"4th Ave at Main St","stop_desc":"","zone_id":"","stop_url":"","location_type":"","parent_station":"","stop_timezone":"","wheelchair_boarding":"1","feed_id":"Washington__Whatcom_Transportation_Authority__mdb_mdb-284","agency_name":"Whatcom Transportation Authority","route_count":1,"route_ids":"27","route_short_names":"27","route_types":"3","route_type_names":"Bus","routes_json":"[{\"route_id\":\"27\",\"route_short_name\":\"27\",\"route_long_name\":\"Ferndale&Cordata/WCC\",\"route_type\":\"3\",\"route_type_name\":\"Bus\",\"route_color\":\"94B0BE\",\"route_text_color\":\"FFFFFF\"}]"},"geometry":{"type":"Point","coordinates":[-122.595112,48.847378]}},{"type":"Feature","properties":{"stop_id":"866","stop_code":"3436","stop_name":"Bakerview Rd at Kramer Ln","stop_desc":"","zone_id":"","stop_url":"","location_type":"","parent_station":"","stop_timezone":"","wheelchair_boarding":"2","feed_id":"Washington__Whatcom_Transportation_Authority__mdb_mdb-284","agency_name":"Whatcom Transportation Authority","route_count":2,"route_ids":"45|48","route_short_names":"45|48","route_types":"3","route_type_names":"Bus","routes_json":"[{\"route_id\":\"45\",\"route_short_name\":\"45\",\"route_long_name\":\"KingMountain&Cordata/WCC\",\"route_type\":\"3\",\"route_type_name\":\"Bus\",\"route_color\":\"E29957\",\"route_text_color\":\"FFFFFF\"},{\"route_id\":\"48\",\"route_short_name\":\"48\",\"route_long_name\":\"Cordata/WCC&Bakerview Spur\",\"route_type\":\"3\",\"route_type_name\":\"Bus\",\"route_color\":\"F15A22\",\"route_text_color\":\"FFFFFF\"}]"},"geometry":{"type":"Point","coordinates":[-122.455699,48.789534]}},{"type":"Feature","properties":{"stop_id":"867","stop_code":"3437","stop_name":"Bakerview Rd at Kramer Ln","stop_desc":"","zone_id":"","stop_url":"","location_type":"","parent_station":"","stop_timezone":"","wheelchair_boarding":"2","feed_id":"Washington__Whatcom_Transportation_Authority__mdb_mdb-284","agency_name":"Whatcom Transportation Authority","route_count":2,"route_ids":"45|48","route_short_names":"45|48","route_types":"3","route_type_names":"Bus","routes_json":"[{\"route_id\":\"45\",\"route_short_name\":\"45\",\"route_long_name\":\"KingMountain&Cordata/WCC\",\"route_type\":\"3\",\"route_type_name\":\"Bus\",\"route_color\":\"E29957\",\"route_text_color\":\"FFFFFF\"},{\"route_id\":\"48\",\"route_short_name\":\"48\",\"route_long_name\":\"Cordata/WCC&Bakerview Spur\",\"route_type\":\"3\",\"route_type_name\":\"Bus\",\"route_color\":\"F15A22\",\"route_text_color\":\"FFFFFF\"}]"},"geometry":{"type":"Point","coordinates":[-122.455439,48.789372]}},{"type":"Feature","properties":{"stop_id":"868","stop_code":"3438","stop_name":"Bellis Fair Mall","stop_desc":"","zone_id":"","stop_url":"","location_type":"","parent_station":"","stop_timezone":"","wheelchair_boarding":"1","feed_id":"Washington__Whatcom_Transportation_Authority__mdb_mdb-284","agency_name":"Whatcom Transportation Authority","route_count":2,"route_ids":"15|331","route_short_names":"15|331","route_types":"3","route_type_names":"Bus","routes_json":"[{\"route_id\":\"15\",\"route_short_name\":\"15\",\"route_long_name\":\"Cordata/WCC&Downtown\",\"route_type\":\"3\",\"route_type_name\":\"Bus\",\"route_color\":\"F58220\",\"route_text_color\":\"FFFFFF\"},{\"route_id\":\"331\",\"route_short_name\":\"331\",\"route_long_name\":\"Cordata/WCC&Downtown\",\"route_type\":\"3\",\"route_type_name\":\"Bus\",\"route_color\":\"FAA61A\",\"route_text_color\":\"000000\"}]"},"geometry":{"type":"Point","coordinates":[-122.488511,48.787738]}},{"type":"Feature","properties":{"stop_id":"869","stop_code":"3439","stop_name":"Bellis Fair Mall","stop_desc":"","zone_id":"","stop_url":"","location_type":"","parent_station":"","stop_timezone":"","wheelchair_boarding":"1","feed_id":"Washington__Whatcom_Transportation_Authority__mdb_mdb-284","agency_name":"Whatcom Transportation Authority","route_count":2,"route_ids":"15|331","route_short_names":"15|331","route_types":"3","route_type_names":"Bus","routes_json":"[{\"route_id\":\"15\",\"route_short_name\":\"15\",\"route_long_name\":\"Cordata/WCC&Downtown\",\"route_type\":\"3\",\"route_type_name\":\"Bus\",\"route_color\":\"F58220\",\"route_text_color\":\"FFFFFF\"},{\"route_id\":\"331\",\"route_short_name\":\"331\",\"route_long_name\":\"Cordata/WCC&Downtown\",\"route_type\":\"3\",\"route_type_name\":\"Bus\",\"route_color\":\"FAA61A\",\"route_text_color\":\"000000\"}]"},"geometry":{"type":"Point","coordinates":[-122.488917,48.787889]}},{"type":"Feature","properties":{"stop_id":"870","stop_code":"7270","stop_name":"Santa Fe Trail at Apache Dr N","stop_desc":"","zone_id":"","stop_url":"","location_type":"","parent_station":"","stop_timezone":"","wheelchair_boarding":"2","feed_id":"Washington__Whatcom_Transportation_Authority__mdb_mdb-284","agency_name":"Whatcom Transportation Authority","route_count":1,"route_ids":"72X","route_short_names":"72X","route_types":"3","route_type_names":"Bus","routes_json":"[{\"route_id\":\"72X\",\"route_short_name\":\"72X\",\"route_long_name\":\"Kendall&Bellingham\",\"route_type\":\"3\",\"route_type_name\":\"Bus\",\"route_color\":\"952D4F\",\"route_text_color\":\"FFFFFF\"}]"},"geometry":{"type":"Point","coordinates":[-122.13944,48.931216]}},{"type":"Feature","properties":{"stop_id":"871","stop_code":"7271","stop_name":"Santa Fe Trail at Apache Dr S","stop_desc":"","zone_id":"","stop_url":"","location_type":"","parent_station":"","stop_timezone":"","wheelchair_boarding":"2","feed_id":"Washington__Whatcom_Transportation_Authority__mdb_mdb-284","agency_name":"Whatcom Transportation Authority","route_count":1,"route_ids":"72X","route_short_names":"72X","route_types":"3","route_type_names":"Bus","routes_json":"[{\"route_id\":\"72X\",\"route_short_name\":\"72X\",\"route_long_name\":\"Kendall&Bellingham\",\"route_type\":\"3\",\"route_type_name\":\"Bus\",\"route_color\":\"952D4F\",\"route_text_color\":\"FFFFFF\"}]"},"geometry":{"type":"Point","coordinates":[-122.136193,48.929425]}},{"type":"Feature","properties":{"stop_id":"872","stop_code":"7272","stop_name":"Santa Fe Trail at 7800 blk","stop_desc":"","zone_id":"","stop_url":"","location_type":"","parent_station":"","stop_timezone":"","wheelchair_boarding":"2","feed_id":"Washington__Whatcom_Transportation_Authority__mdb_mdb-284","agency_name":"Whatcom Transportation Authority","route_count":1,"route_ids":"72X","route_short_names":"72X","route_types":"3","route_type_names":"Bus","routes_json":"[{\"route_id\":\"72X\",\"route_short_name\":\"72X\",\"route_long_name\":\"Kendall&Bellingham\",\"route_type\":\"3\",\"route_type_name\":\"Bus\",\"route_color\":\"952D4F\",\"route_text_color\":\"FFFFFF\"}]"},"geometry":{"type":"Point","coordinates":[-122.13584,48.92749]}},{"type":"Feature","properties":{"stop_id":"873","stop_code":"7273","stop_name":"Little Big Horn at Oregon Trail","stop_desc":"","zone_id":"","stop_url":"","location_type":"","parent_station":"","stop_timezone":"","wheelchair_boarding":"2","feed_id":"Washington__Whatcom_Transportation_Authority__mdb_mdb-284","agency_name":"Whatcom Transportation Authority","route_count":1,"route_ids":"72X","route_short_names":"72X","route_types":"3","route_type_names":"Bus","routes_json":"[{\"route_id\":\"72X\",\"route_short_name\":\"72X\",\"route_long_name\":\"Kendall&Bellingham\",\"route_type\":\"3\",\"route_type_name\":\"Bus\",\"route_color\":\"952D4F\",\"route_text_color\":\"FFFFFF\"}]"},"geometry":{"type":"Point","coordinates":[-122.136059,48.925152]}},{"type":"Feature","properties":{"stop_id":"874","stop_code":"7201","stop_name":"Oregon Trail at Chisholm Trail","stop_desc":"","zone_id":"","stop_url":"","location_type":"","parent_station":"","stop_timezone":"","wheelchair_boarding":"2","feed_id":"Washington__Whatcom_Transportation_Authority__mdb_mdb-284","agency_name":"Whatcom Transportation Authority","route_count":1,"route_ids":"72X","route_short_names":"72X","route_types":"3","route_type_names":"Bus","routes_json":"[{\"route_id\":\"72X\",\"route_short_name\":\"72X\",\"route_long_name\":\"Kendall&Bellingham\",\"route_type\":\"3\",\"route_type_name\":\"Bus\",\"route_color\":\"952D4F\",\"route_text_color\":\"FFFFFF\"}]"},"geometry":{"type":"Point","coordinates":[-122.138044,48.927183]}},{"type":"Feature","properties":{"stop_id":"875","stop_code":"7205","stop_name":"Oregon Trail at Kiowa Cut","stop_desc":"","zone_id":"","stop_url":"","location_type":"","parent_station":"","stop_timezone":"","wheelchair_boarding":"2","feed_id":"Washington__Whatcom_Transportation_Authority__mdb_mdb-284","agency_name":"Whatcom Transportation Authority","route_count":1,"route_ids":"72X","route_short_names":"72X","route_types":"3","route_type_names":"Bus","routes_json":"[{\"route_id\":\"72X\",\"route_short_name\":\"72X\",\"route_long_name\":\"Kendall&Bellingham\",\"route_type\":\"3\",\"route_type_name\":\"Bus\",\"route_color\":\"952D4F\",\"route_text_color\":\"FFFFFF\"}]"},"geometry":{"type":"Point","coordinates":[-122.140088,48.929757]}},{"type":"Feature","properties":{"stop_id":"876","stop_code":"3441","stop_name":"Deemer Rd at Telegraph Rd","stop_desc":"","zone_id":"","stop_url":"","location_type":"","parent_station":"","stop_timezone":"","wheelchair_boarding":"1","feed_id":"Washington__Whatcom_Transportation_Authority__mdb_mdb-284","agency_name":"Whatcom Transportation Authority","route_count":1,"route_ids":"331","route_short_names":"331","route_types":"3","route_type_names":"Bus","routes_json":"[{\"route_id\":\"331\",\"route_short_name\":\"331\",\"route_long_name\":\"Cordata/WCC&Downtown\",\"route_type\":\"3\",\"route_type_name\":\"Bus\",\"route_color\":\"FAA61A\",\"route_text_color\":\"000000\"}]"},"geometry":{"type":"Point","coordinates":[-122.478373,48.785587]}},{"type":"Feature","properties":{"stop_id":"877","stop_code":"3442","stop_name":"Deemer Rd at Telegraph Rd","stop_desc":"","zone_id":"","stop_url":"","location_type":"","parent_station":"","stop_timezone":"","wheelchair_boarding":"1","feed_id":"Washington__Whatcom_Transportation_Authority__mdb_mdb-284","agency_name":"Whatcom Transportation Authority","route_count":1,"route_ids":"331","route_short_names":"331","route_types":"3","route_type_names":"Bus","routes_json":"[{\"route_id\":\"331\",\"route_short_name\":\"331\",\"route_long_name\":\"Cordata/WCC&Downtown\",\"route_type\":\"3\",\"route_type_name\":\"Bus\",\"route_color\":\"FAA61A\",\"route_text_color\":\"000000\"}]"},"geometry":{"type":"Point","coordinates":[-122.478567,48.785495]}},{"type":"Feature","properties":{"stop_id":"878","stop_code":"7299","stop_name":"Santa Fe Trail at Santa Fe Trail","stop_desc":"","zone_id":"","stop_url":"","location_type":"","parent_station":"","stop_timezone":"","wheelchair_boarding":"2","feed_id":"Washington__Whatcom_Transportation_Authority__mdb_mdb-284","agency_name":"Whatcom Transportation Authority","route_count":1,"route_ids":"72X","route_short_names":"72X","route_types":"3","route_type_names":"Bus","routes_json":"[{\"route_id\":\"72X\",\"route_short_name\":\"72X\",\"route_long_name\":\"Kendall&Bellingham\",\"route_type\":\"3\",\"route_type_name\":\"Bus\",\"route_color\":\"952D4F\",\"route_text_color\":\"FFFFFF\"}]"},"geometry":{"type":"Point","coordinates":[-122.137436,48.930648]}},{"type":"Feature","properties":{"stop_id":"879","stop_code":"3443","stop_name":"Alabama St at Vining St","stop_desc":"","zone_id":"","stop_url":"","location_type":"","parent_station":"","stop_timezone":"","wheelchair_boarding":"1","feed_id":"Washington__Whatcom_Transportation_Authority__mdb_mdb-284","agency_name":"Whatcom Transportation Authority","route_count":2,"route_ids":"525|540","route_short_names":"525|540","route_types":"3","route_type_names":"Bus","routes_json":"[{\"route_id\":\"525\",\"route_short_name\":\"525\",\"route_long_name\":\"Barkley&Downtown\",\"route_type\":\"3\",\"route_type_name\":\"Bus\",\"route_color\":\"8F53A1\",\"route_text_color\":\"FFFFFF\"},{\"route_id\":\"540\",\"route_short_name\":\"540\",\"route_long_name\":\"Sunset&Downtown\",\"route_type\":\"3\",\"route_type_name\":\"Bus\",\"route_color\":\"5F3075\",\"route_text_color\":\"FFFFFF\"}]"},"geometry":{"type":"Point","coordinates":[-122.432757,48.763101]}},{"type":"Feature","properties":{"stop_id":"880","stop_code":"3444","stop_name":"Alabama St at Erie Terrace","stop_desc":"","zone_id":"","stop_url":"","location_type":"","parent_station":"","stop_timezone":"","wheelchair_boarding":"2","feed_id":"Washington__Whatcom_Transportation_Authority__mdb_mdb-284","agency_name":"Whatcom Transportation Authority","route_count":2,"route_ids":"525|540","route_short_names":"525|540","route_types":"3","route_type_names":"Bus","routes_json":"[{\"route_id\":\"525\",\"route_short_name\":\"525\",\"route_long_name\":\"Barkley&Downtown\",\"route_type\":\"3\",\"route_type_name\":\"Bus\",\"route_color\":\"8F53A1\",\"route_text_color\":\"FFFFFF\"},{\"route_id\":\"540\",\"route_short_name\":\"540\",\"route_long_name\":\"Sunset&Downtown\",\"route_type\":\"3\",\"route_type_name\":\"Bus\",\"route_color\":\"5F3075\",\"route_text_color\":\"FFFFFF\"}]"},"geometry":{"type":"Point","coordinates":[-122.433344,48.762927]}},{"type":"Feature","properties":{"stop_id":"881","stop_code":"3445","stop_name":"Bakerview Rd at Airport Way","stop_desc":"","zone_id":"","stop_url":"","location_type":"","parent_station":"","stop_timezone":"","wheelchair_boarding":"1","feed_id":"Washington__Whatcom_Transportation_Authority__mdb_mdb-284","agency_name":"Whatcom Transportation Authority","route_count":1,"route_ids":"3","route_short_names":"3","route_types":"3","route_type_names":"Bus","routes_json":"[{\"route_id\":\"3\",\"route_short_name\":\"3\",\"route_long_name\":\"Airport/Cordata&Airport/Downtown\",\"route_type\":\"3\",\"route_type_name\":\"Bus\",\"route_color\":\"D7DF23\",\"route_text_color\":\"000000\"}]"},"geometry":{"type":"Point","coordinates":[-122.529314,48.789519]}},{"type":"Feature","properties":{"stop_id":"882","stop_code":"3446","stop_name":"Puget St at Fraser","stop_desc":"","zone_id":"","stop_url":"","location_type":"","parent_station":"","stop_timezone":"","wheelchair_boarding":"2","feed_id":"Washington__Whatcom_Transportation_Authority__mdb_mdb-284","agency_name":"Whatcom Transportation Authority","route_count":1,"route_ids":"6","route_short_names":"6","route_types":"3","route_type_names":"Bus","routes_json":"[{\"route_id\":\"6\",\"route_short_name\":\"6\",\"route_long_name\":\"Fraser&Downtown\",\"route_type\":\"3\",\"route_type_name\":\"Bus\",\"route_color\":\"008040\",\"route_text_color\":\"FFFFFF\"}]"},"geometry":{"type":"Point","coordinates":[-122.454831,48.751155]}},{"type":"Feature","properties":{"stop_id":"883","stop_code":"3447","stop_name":"Bakerview Rd at Maplewood Ave","stop_desc":"","zone_id":"","stop_url":"","location_type":"","parent_station":"","stop_timezone":"","wheelchair_boarding":"2","feed_id":"Washington__Whatcom_Transportation_Authority__mdb_mdb-284","agency_name":"Whatcom Transportation Authority","route_count":1,"route_ids":"3","route_short_names":"3","route_types":"3","route_type_names":"Bus","routes_json":"[{\"route_id\":\"3\",\"route_short_name\":\"3\",\"route_long_name\":\"Airport/Cordata&Airport/Downtown\",\"route_type\":\"3\",\"route_type_name\":\"Bus\",\"route_color\":\"D7DF23\",\"route_text_color\":\"000000\"}]"},"geometry":{"type":"Point","coordinates":[-122.522757,48.789551]}},{"type":"Feature","properties":{"stop_id":"885","stop_code":"1004","stop_name":"Horton Rd at Ryzex Way","stop_desc":"","zone_id":"","stop_url":"","location_type":"","parent_station":"","stop_timezone":"","wheelchair_boarding":"2","feed_id":"Washington__Whatcom_Transportation_Authority__mdb_mdb-284","agency_name":"Whatcom Transportation Authority","route_count":1,"route_ids":"24","route_short_names":"24","route_types":"3","route_type_names":"Bus","routes_json":"[{\"route_id\":\"24\",\"route_short_name\":\"24\",\"route_long_name\":\"Cordata\",\"route_type\":\"3\",\"route_type_name\":\"Bus\",\"route_color\":\"028848\",\"route_text_color\":\"FFFFFF\"}]"},"geometry":{"type":"Point","coordinates":[-122.495071,48.806769]}},{"type":"Feature","properties":{"stop_id":"887","stop_code":"1009","stop_name":"Ellis St at Potter St","stop_desc":"","zone_id":"","stop_url":"","location_type":"","parent_station":"","stop_timezone":"","wheelchair_boarding":"2","feed_id":"Washington__Whatcom_Transportation_Authority__mdb_mdb-284","agency_name":"Whatcom Transportation Authority","route_count":3,"route_ids":"5|7|97","route_short_names":"5|7|97","route_types":"3","route_type_names":"Bus","routes_json":"[{\"route_id\":\"5\",\"route_short_name\":\"5\",\"route_long_name\":\"Samish/Fairhaven&Samish/Downtown\",\"route_type\":\"3\",\"route_type_name\":\"Bus\",\"route_color\":\"0000FF\",\"route_text_color\":\"FFFFFF\"},{\"route_id\":\"7\",\"route_short_name\":\"7\",\"route_long_name\":\"Samish/WWU&Samish/Downtown\",\"route_type\":\"3\",\"route_type_name\":\"Bus\",\"route_color\":\"0000FF\",\"route_text_color\":\"FFFFFF\"},{\"route_id\":\"97\",\"route_short_name\":\"97\",\"route_long_name\":\"WWU&Samish\",\"route_type\":\"3\",\"route_type_name\":\"Bus\",\"route_color\":\"034EA2\",\"route_text_color\":\"FFFFFF\"}]"},"geometry":{"type":"Point","coordinates":[-122.471622,48.746089]}},{"type":"Feature","properties":{"stop_id":"889","stop_code":"1006","stop_name":"Ellis St at Gladstone St","stop_desc":"","zone_id":"","stop_url":"","location_type":"","parent_station":"","stop_timezone":"","wheelchair_boarding":"1","feed_id":"Washington__Whatcom_Transportation_Authority__mdb_mdb-284","agency_name":"Whatcom Transportation Authority","route_count":3,"route_ids":"5|6|7","route_short_names":"5|6|7","route_types":"3","route_type_names":"Bus","routes_json":"[{\"route_id\":\"5\",\"route_short_name\":\"5\",\"route_long_name\":\"Samish/Fairhaven&Samish/Downtown\",\"route_type\":\"3\",\"route_type_name\":\"Bus\",\"route_color\":\"0000FF\",\"route_text_color\":\"FFFFFF\"},{\"route_id\":\"6\",\"route_short_name\":\"6\",\"route_long_name\":\"Fraser&Downtown\",\"route_type\":\"3\",\"route_type_name\":\"Bus\",\"route_color\":\"008040\",\"route_text_color\":\"FFFFFF\"},{\"route_id\":\"7\",\"route_short_name\":\"7\",\"route_long_name\":\"Samish/WWU&Samish/Downtown\",\"route_type\":\"3\",\"route_type_name\":\"Bus\",\"route_color\":\"0000FF\",\"route_text_color\":\"FFFFFF\"}]"},"geometry":{"type":"Point","coordinates":[-122.4718,48.749342]}},{"type":"Feature","properties":{"stop_id":"890","stop_code":"1008","stop_name":"Ellis St at High St","stop_desc":"","zone_id":"","stop_url":"","location_type":"","parent_station":"","stop_timezone":"","wheelchair_boarding":"2","feed_id":"Washington__Whatcom_Transportation_Authority__mdb_mdb-284","agency_name":"Whatcom Transportation Authority","route_count":2,"route_ids":"5|7","route_short_names":"5|7","route_types":"3","route_type_names":"Bus","routes_json":"[{\"route_id\":\"5\",\"route_short_name\":\"5\",\"route_long_name\":\"Samish/Fairhaven&Samish/Downtown\",\"route_type\":\"3\",\"route_type_name\":\"Bus\",\"route_color\":\"0000FF\",\"route_text_color\":\"FFFFFF\"},{\"route_id\":\"7\",\"route_short_name\":\"7\",\"route_long_name\":\"Samish/WWU&Samish/Downtown\",\"route_type\":\"3\",\"route_type_name\":\"Bus\",\"route_color\":\"0000FF\",\"route_text_color\":\"FFFFFF\"}]"},"geometry":{"type":"Point","coordinates":[-122.47183,48.747564]}},{"type":"Feature","properties":{"stop_id":"891","stop_code":"1011","stop_name":"Puget St at Gladstone St","stop_desc":"","zone_id":"","stop_url":"","location_type":"","parent_station":"","stop_timezone":"","wheelchair_boarding":"2","feed_id":"Washington__Whatcom_Transportation_Authority__mdb_mdb-284","agency_name":"Whatcom Transportation Authority","route_count":1,"route_ids":"6","route_short_names":"6","route_types":"3","route_type_names":"Bus","routes_json":"[{\"route_id\":\"6\",\"route_short_name\":\"6\",\"route_long_name\":\"Fraser&Downtown\",\"route_type\":\"3\",\"route_type_name\":\"Bus\",\"route_color\":\"008040\",\"route_text_color\":\"FFFFFF\"}]"},"geometry":{"type":"Point","coordinates":[-122.455424,48.74893]}},{"type":"Feature","properties":{"stop_id":"892","stop_code":"1012","stop_name":"Puget St at Civic Field","stop_desc":"","zone_id":"","stop_url":"","location_type":"","parent_station":"","stop_timezone":"","wheelchair_boarding":"2","feed_id":"Washington__Whatcom_Transportation_Authority__mdb_mdb-284","agency_name":"Whatcom Transportation Authority","route_count":1,"route_ids":"6","route_short_names":"6","route_types":"3","route_type_names":"Bus","routes_json":"[{\"route_id\":\"6\",\"route_short_name\":\"6\",\"route_long_name\":\"Fraser&Downtown\",\"route_type\":\"3\",\"route_type_name\":\"Bus\",\"route_color\":\"008040\",\"route_text_color\":\"FFFFFF\"}]"},"geometry":{"type":"Point","coordinates":[-122.455741,48.746852]}},{"type":"Feature","properties":{"stop_id":"893","stop_code":"1013","stop_name":"James St at Sunset Pond","stop_desc":"","zone_id":"","stop_url":"","location_type":"","parent_station":"","stop_timezone":"","wheelchair_boarding":"2","feed_id":"Washington__Whatcom_Transportation_Authority__mdb_mdb-284","agency_name":"Whatcom Transportation Authority","route_count":1,"route_ids":"331","route_short_names":"331","route_types":"3","route_type_names":"Bus","routes_json":"[{\"route_id\":\"331\",\"route_short_name\":\"331\",\"route_long_name\":\"Cordata/WCC&Downtown\",\"route_type\":\"3\",\"route_type_name\":\"Bus\",\"route_color\":\"FAA61A\",\"route_text_color\":\"000000\"}]"},"geometry":{"type":"Point","coordinates":[-122.464214,48.776638]}},{"type":"Feature","properties":{"stop_id":"894","stop_code":"1014","stop_name":"James St at McLeod Rd","stop_desc":"","zone_id":"","stop_url":"","location_type":"","parent_station":"","stop_timezone":"","wheelchair_boarding":"2","feed_id":"Washington__Whatcom_Transportation_Authority__mdb_mdb-284","agency_name":"Whatcom Transportation Authority","route_count":1,"route_ids":"331","route_short_names":"331","route_types":"3","route_type_names":"Bus","routes_json":"[{\"route_id\":\"331\",\"route_short_name\":\"331\",\"route_long_name\":\"Cordata/WCC&Downtown\",\"route_type\":\"3\",\"route_type_name\":\"Bus\",\"route_color\":\"FAA61A\",\"route_text_color\":\"000000\"}]"},"geometry":{"type":"Point","coordinates":[-122.464117,48.782772]}},{"type":"Feature","properties":{"stop_id":"895","stop_code":"1015","stop_name":"Telegraph Rd at James St","stop_desc":"","zone_id":"","stop_url":"","location_type":"","parent_station":"","stop_timezone":"","wheelchair_boarding":"2","feed_id":"Washington__Whatcom_Transportation_Authority__mdb_mdb-284","agency_name":"Whatcom Transportation Authority","route_count":1,"route_ids":"331","route_short_names":"331","route_types":"3","route_type_names":"Bus","routes_json":"[{\"route_id\":\"331\",\"route_short_name\":\"331\",\"route_long_name\":\"Cordata/WCC&Downtown\",\"route_type\":\"3\",\"route_type_name\":\"Bus\",\"route_color\":\"FAA61A\",\"route_text_color\":\"000000\"}]"},"geometry":{"type":"Point","coordinates":[-122.46899,48.786024]}},{"type":"Feature","properties":{"stop_id":"896","stop_code":"1016","stop_name":"Telegraph Rd at Primrose Ln","stop_desc":"","zone_id":"","stop_url":"","location_type":"","parent_station":"","stop_timezone":"","wheelchair_boarding":"2","feed_id":"Washington__Whatcom_Transportation_Authority__mdb_mdb-284","agency_name":"Whatcom Transportation Authority","route_count":1,"route_ids":"331","route_short_names":"331","route_types":"3","route_type_names":"Bus","routes_json":"[{\"route_id\":\"331\",\"route_short_name\":\"331\",\"route_long_name\":\"Cordata/WCC&Downtown\",\"route_type\":\"3\",\"route_type_name\":\"Bus\",\"route_color\":\"FAA61A\",\"route_text_color\":\"000000\"}]"},"geometry":{"type":"Point","coordinates":[-122.475916,48.785303]}},{"type":"Feature","properties":{"stop_id":"897","stop_code":"1017","stop_name":"Orleans St at Sunset Square","stop_desc":"","zone_id":"","stop_url":"","location_type":"","parent_station":"","stop_timezone":"","wheelchair_boarding":"1","feed_id":"Washington__Whatcom_Transportation_Authority__mdb_mdb-284","agency_name":"Whatcom Transportation Authority","route_count":1,"route_ids":"331","route_short_names":"331","route_types":"3","route_type_names":"Bus","routes_json":"[{\"route_id\":\"331\",\"route_short_name\":\"331\",\"route_long_name\":\"Cordata/WCC&Downtown\",\"route_type\":\"3\",\"route_type_name\":\"Bus\",\"route_color\":\"FAA61A\",\"route_text_color\":\"000000\"}]"},"geometry":{"type":"Point","coordinates":[-122.457565,48.774408]}},{"type":"Feature","properties":{"stop_id":"898","stop_code":"1018","stop_name":"Telegraph Rd at Primrose Ln","stop_desc":"","zone_id":"","stop_url":"","location_type":"","parent_station":"","stop_timezone":"","wheelchair_boarding":"1","feed_id":"Washington__Whatcom_Transportation_Authority__mdb_mdb-284","agency_name":"Whatcom Transportation Authority","route_count":1,"route_ids":"331","route_short_names":"331","route_types":"3","route_type_names":"Bus","routes_json":"[{\"route_id\":\"331\",\"route_short_name\":\"331\",\"route_long_name\":\"Cordata/WCC&Downtown\",\"route_type\":\"3\",\"route_type_name\":\"Bus\",\"route_color\":\"FAA61A\",\"route_text_color\":\"000000\"}]"},"geometry":{"type":"Point","coordinates":[-122.475611,48.785168]}},{"type":"Feature","properties":{"stop_id":"899","stop_code":"1019","stop_name":"Telegraph Rd at James St","stop_desc":"","zone_id":"","stop_url":"","location_type":"","parent_station":"","stop_timezone":"","wheelchair_boarding":"2","feed_id":"Washington__Whatcom_Transportation_Authority__mdb_mdb-284","agency_name":"Whatcom Transportation Authority","route_count":1,"route_ids":"331","route_short_names":"331","route_types":"3","route_type_names":"Bus","routes_json":"[{\"route_id\":\"331\",\"route_short_name\":\"331\",\"route_long_name\":\"Cordata/WCC&Downtown\",\"route_type\":\"3\",\"route_type_name\":\"Bus\",\"route_color\":\"FAA61A\",\"route_text_color\":\"000000\"}]"},"geometry":{"type":"Point","coordinates":[-122.468534,48.785891]}},{"type":"Feature","properties":{"stop_id":"900","stop_code":"1020","stop_name":"James St at McLeod Rd","stop_desc":"","zone_id":"","stop_url":"","location_type":"","parent_station":"","stop_timezone":"","wheelchair_boarding":"2","feed_id":"Washington__Whatcom_Transportation_Authority__mdb_mdb-284","agency_name":"Whatcom Transportation Authority","route_count":1,"route_ids":"331","route_short_names":"331","route_types":"3","route_type_names":"Bus","routes_json":"[{\"route_id\":\"331\",\"route_short_name\":\"331\",\"route_long_name\":\"Cordata/WCC&Downtown\",\"route_type\":\"3\",\"route_type_name\":\"Bus\",\"route_color\":\"FAA61A\",\"route_text_color\":\"000000\"}]"},"geometry":{"type":"Point","coordinates":[-122.464273,48.782831]}},{"type":"Feature","properties":{"stop_id":"901","stop_code":"1021","stop_name":"James St at Sunset Pond","stop_desc":"","zone_id":"","stop_url":"","location_type":"","parent_station":"","stop_timezone":"","wheelchair_boarding":"1","feed_id":"Washington__Whatcom_Transportation_Authority__mdb_mdb-284","agency_name":"Whatcom Transportation Authority","route_count":1,"route_ids":"331","route_short_names":"331","route_types":"3","route_type_names":"Bus","routes_json":"[{\"route_id\":\"331\",\"route_short_name\":\"331\",\"route_long_name\":\"Cordata/WCC&Downtown\",\"route_type\":\"3\",\"route_type_name\":\"Bus\",\"route_color\":\"FAA61A\",\"route_text_color\":\"000000\"}]"},"geometry":{"type":"Point","coordinates":[-122.464438,48.776019]}},{"type":"Feature","properties":{"stop_id":"902","stop_code":"1022","stop_name":"Orleans at Sunset Square","stop_desc":"","zone_id":"","stop_url":"","location_type":"","parent_station":"","stop_timezone":"","wheelchair_boarding":"1","feed_id":"Washington__Whatcom_Transportation_Authority__mdb_mdb-284","agency_name":"Whatcom Transportation Authority","route_count":1,"route_ids":"331","route_short_names":"331","route_types":"3","route_type_names":"Bus","routes_json":"[{\"route_id\":\"331\",\"route_short_name\":\"331\",\"route_long_name\":\"Cordata/WCC&Downtown\",\"route_type\":\"3\",\"route_type_name\":\"Bus\",\"route_color\":\"FAA61A\",\"route_text_color\":\"000000\"}]"},"geometry":{"type":"Point","coordinates":[-122.457753,48.774343]}},{"type":"Feature","properties":{"stop_id":"903","stop_code":"1023","stop_name":"Lahti Dr at Spring Coulee Rd","stop_desc":"","zone_id":"","stop_url":"","location_type":"","parent_station":"","stop_timezone":"","wheelchair_boarding":"2","feed_id":"Washington__Whatcom_Transportation_Authority__mdb_mdb-284","agency_name":"Whatcom Transportation Authority","route_count":1,"route_ids":"540","route_short_names":"540","route_types":"3","route_type_names":"Bus","routes_json":"[{\"route_id\":\"540\",\"route_short_name\":\"540\",\"route_long_name\":\"Sunset&Downtown\",\"route_type\":\"3\",\"route_type_name\":\"Bus\",\"route_color\":\"5F3075\",\"route_text_color\":\"FFFFFF\"}]"},"geometry":{"type":"Point","coordinates":[-122.414144,48.775685]}},{"type":"Feature","properties":{"stop_id":"904","stop_code":"5569","stop_name":"Birch Bay Dr at Club House Dr","stop_desc":"","zone_id":"","stop_url":"","location_type":"","parent_station":"","stop_timezone":"","wheelchair_boarding":"2","feed_id":"Washington__Whatcom_Transportation_Authority__mdb_mdb-284","agency_name":"Whatcom Transportation Authority","route_count":1,"route_ids":"75","route_short_names":"75","route_types":"3","route_type_names":"Bus","routes_json":"[{\"route_id\":\"75\",\"route_short_name\":\"75\",\"route_long_name\":\"Blaine/Birch Bay&Bellingham\",\"route_type\":\"3\",\"route_type_name\":\"Bus\",\"route_color\":\"F05B7D\",\"route_text_color\":\"FFFFFF\"}]"},"geometry":{"type":"Point","coordinates":[-122.745314,48.928559]}},{"type":"Feature","properties":{"stop_id":"905","stop_code":"5570","stop_name":"Anderson Rd at Sunset St","stop_desc":"","zone_id":"","stop_url":"","location_type":"","parent_station":"","stop_timezone":"","wheelchair_boarding":"2","feed_id":"Washington__Whatcom_Transportation_Authority__mdb_mdb-284","agency_name":"Whatcom Transportation Authority","route_count":1,"route_ids":"75","route_short_names":"75","route_types":"3","route_type_names":"Bus","routes_json":"[{\"route_id\":\"75\",\"route_short_name\":\"75\",\"route_long_name\":\"Blaine/Birch Bay&Bellingham\",\"route_type\":\"3\",\"route_type_name\":\"Bus\",\"route_color\":\"F05B7D\",\"route_text_color\":\"FFFFFF\"}]"},"geometry":{"type":"Point","coordinates":[-122.763853,48.943946]}},{"type":"Feature","properties":{"stop_id":"906","stop_code":"5571","stop_name":"Anderson Rd at Beach Way Dr","stop_desc":"","zone_id":"","stop_url":"","location_type":"","parent_station":"","stop_timezone":"","wheelchair_boarding":"2","feed_id":"Washington__Whatcom_Transportation_Authority__mdb_mdb-284","agency_name":"Whatcom Transportation Authority","route_count":1,"route_ids":"75","route_short_names":"75","route_types":"3","route_type_names":"Bus","routes_json":"[{\"route_id\":\"75\",\"route_short_name\":\"75\",\"route_long_name\":\"Blaine/Birch Bay&Bellingham\",\"route_type\":\"3\",\"route_type_name\":\"Bus\",\"route_color\":\"F05B7D\",\"route_text_color\":\"FFFFFF\"}]"},"geometry":{"type":"Point","coordinates":[-122.7561,48.943355]}},{"type":"Feature","properties":{"stop_id":"907","stop_code":"5572","stop_name":"Anderson Rd at Beach Way Dr","stop_desc":"","zone_id":"","stop_url":"","location_type":"","parent_station":"","stop_timezone":"","wheelchair_boarding":"2","feed_id":"Washington__Whatcom_Transportation_Authority__mdb_mdb-284","agency_name":"Whatcom Transportation Authority","route_count":1,"route_ids":"75","route_short_names":"75","route_types":"3","route_type_names":"Bus","routes_json":"[{\"route_id\":\"75\",\"route_short_name\":\"75\",\"route_long_name\":\"Blaine/Birch Bay&Bellingham\",\"route_type\":\"3\",\"route_type_name\":\"Bus\",\"route_color\":\"F05B7D\",\"route_text_color\":\"FFFFFF\"}]"},"geometry":{"type":"Point","coordinates":[-122.756054,48.943277]}},{"type":"Feature","properties":{"stop_id":"908","stop_code":"5573","stop_name":"Anderson Rd at Sunset St","stop_desc":"","zone_id":"","stop_url":"","location_type":"","parent_station":"","stop_timezone":"","wheelchair_boarding":"2","feed_id":"Washington__Whatcom_Transportation_Authority__mdb_mdb-284","agency_name":"Whatcom Transportation Authority","route_count":1,"route_ids":"75","route_short_names":"75","route_types":"3","route_type_names":"Bus","routes_json":"[{\"route_id\":\"75\",\"route_short_name\":\"75\",\"route_long_name\":\"Blaine/Birch Bay&Bellingham\",\"route_type\":\"3\",\"route_type_name\":\"Bus\",\"route_color\":\"F05B7D\",\"route_text_color\":\"FFFFFF\"}]"},"geometry":{"type":"Point","coordinates":[-122.763863,48.943862]}},{"type":"Feature","properties":{"stop_id":"909","stop_code":"5574","stop_name":"Birch Bay Dr at Club House Dr","stop_desc":"","zone_id":"","stop_url":"","location_type":"","parent_station":"","stop_timezone":"","wheelchair_boarding":"2","feed_id":"Washington__Whatcom_Transportation_Authority__mdb_mdb-284","agency_name":"Whatcom Transportation Authority","route_count":1,"route_ids":"75","route_short_names":"75","route_types":"3","route_type_names":"Bus","routes_json":"[{\"route_id\":\"75\",\"route_short_name\":\"75\",\"route_long_name\":\"Blaine/Birch Bay&Bellingham\",\"route_type\":\"3\",\"route_type_name\":\"Bus\",\"route_color\":\"F05B7D\",\"route_text_color\":\"FFFFFF\"}]"},"geometry":{"type":"Point","coordinates":[-122.745604,48.929024]}},{"type":"Feature","properties":{"stop_id":"910","stop_code":"7274","stop_name":"Peacefull Valley Dr at Flair Valley Dr","stop_desc":"","zone_id":"","stop_url":"","location_type":"","parent_station":"","stop_timezone":"","wheelchair_boarding":"2","feed_id":"Washington__Whatcom_Transportation_Authority__mdb_mdb-284","agency_name":"Whatcom Transportation Authority","route_count":1,"route_ids":"72X","route_short_names":"72X","route_types":"3","route_type_names":"Bus","routes_json":"[{\"route_id\":\"72X\",\"route_short_name\":\"72X\",\"route_long_name\":\"Kendall&Bellingham\",\"route_type\":\"3\",\"route_type_name\":\"Bus\",\"route_color\":\"952D4F\",\"route_text_color\":\"FFFFFF\"}]"},"geometry":{"type":"Point","coordinates":[-122.144836,48.938875]}},{"type":"Feature","properties":{"stop_id":"911","stop_code":"3448","stop_name":"Fraser St at Moore St","stop_desc":"","zone_id":"","stop_url":"","location_type":"","parent_station":"","stop_timezone":"","wheelchair_boarding":"2","feed_id":"Washington__Whatcom_Transportation_Authority__mdb_mdb-284","agency_name":"Whatcom Transportation Authority","route_count":1,"route_ids":"6","route_short_names":"6","route_types":"3","route_type_names":"Bus","routes_json":"[{\"route_id\":\"6\",\"route_short_name\":\"6\",\"route_long_name\":\"Fraser&Downtown\",\"route_type\":\"3\",\"route_type_name\":\"Bus\",\"route_color\":\"008040\",\"route_text_color\":\"FFFFFF\"}]"},"geometry":{"type":"Point","coordinates":[-122.461398,48.751777]}},{"type":"Feature","properties":{"stop_id":"912","stop_code":"3449","stop_name":"Maplewood Ave at Cottonwood Ave","stop_desc":"","zone_id":"","stop_url":"","location_type":"","parent_station":"","stop_timezone":"","wheelchair_boarding":"2","feed_id":"Washington__Whatcom_Transportation_Authority__mdb_mdb-284","agency_name":"Whatcom Transportation Authority","route_count":1,"route_ids":"18","route_short_names":"18","route_types":"3","route_type_names":"Bus","routes_json":"[{\"route_id\":\"18\",\"route_short_name\":\"18\",\"route_long_name\":\"Hospital&Cordata/WCC\",\"route_type\":\"3\",\"route_type_name\":\"Bus\",\"route_color\":\"BBD976\",\"route_text_color\":\"000000\"}]"},"geometry":{"type":"Point","coordinates":[-122.503466,48.777383]}},{"type":"Feature","properties":{"stop_id":"914","stop_code":"1024","stop_name":"Horton Rd at Meridian","stop_desc":"","zone_id":"","stop_url":"","location_type":"","parent_station":"","stop_timezone":"","wheelchair_boarding":"2","feed_id":"Washington__Whatcom_Transportation_Authority__mdb_mdb-284","agency_name":"Whatcom Transportation Authority","route_count":1,"route_ids":"24","route_short_names":"24","route_types":"3","route_type_names":"Bus","routes_json":"[{\"route_id\":\"24\",\"route_short_name\":\"24\",\"route_long_name\":\"Cordata\",\"route_type\":\"3\",\"route_type_name\":\"Bus\",\"route_color\":\"028848\",\"route_text_color\":\"FFFFFF\"}]"},"geometry":{"type":"Point","coordinates":[-122.487764,48.807953]}},{"type":"Feature","properties":{"stop_id":"915","stop_code":"5575","stop_name":"Lincoln Rd at Shintaffer Rd","stop_desc":"","zone_id":"","stop_url":"","location_type":"","parent_station":"","stop_timezone":"","wheelchair_boarding":"2","feed_id":"Washington__Whatcom_Transportation_Authority__mdb_mdb-284","agency_name":"Whatcom Transportation Authority","route_count":1,"route_ids":"75","route_short_names":"75","route_types":"3","route_type_names":"Bus","routes_json":"[{\"route_id\":\"75\",\"route_short_name\":\"75\",\"route_long_name\":\"Blaine/Birch Bay&Bellingham\",\"route_type\":\"3\",\"route_type_name\":\"Bus\",\"route_color\":\"F05B7D\",\"route_text_color\":\"FFFFFF\"}]"},"geometry":{"type":"Point","coordinates":[-122.763088,48.950743]}},{"type":"Feature","properties":{"stop_id":"916","stop_code":"5576","stop_name":"Lincoln Rd at Shintaffer Rd","stop_desc":"","zone_id":"","stop_url":"","location_type":"","parent_station":"","stop_timezone":"","wheelchair_boarding":"1","feed_id":"Washington__Whatcom_Transportation_Authority__mdb_mdb-284","agency_name":"Whatcom Transportation Authority","route_count":1,"route_ids":"75","route_short_names":"75","route_types":"3","route_type_names":"Bus","routes_json":"[{\"route_id\":\"75\",\"route_short_name\":\"75\",\"route_long_name\":\"Blaine/Birch Bay&Bellingham\",\"route_type\":\"3\",\"route_type_name\":\"Bus\",\"route_color\":\"F05B7D\",\"route_text_color\":\"FFFFFF\"}]"},"geometry":{"type":"Point","coordinates":[-122.763933,48.950587]}},{"type":"Feature","properties":{"stop_id":"917","stop_code":"3463","stop_name":"Main St at LaBounty Dr","stop_desc":"","zone_id":"","stop_url":"","location_type":"","parent_station":"","stop_timezone":"","wheelchair_boarding":"2","feed_id":"Washington__Whatcom_Transportation_Authority__mdb_mdb-284","agency_name":"Whatcom Transportation Authority","route_count":1,"route_ids":"27","route_short_names":"27","route_types":"3","route_type_names":"Bus","routes_json":"[{\"route_id\":\"27\",\"route_short_name\":\"27\",\"route_long_name\":\"Ferndale&Cordata/WCC\",\"route_type\":\"3\",\"route_type_name\":\"Bus\",\"route_color\":\"94B0BE\",\"route_text_color\":\"FFFFFF\"}]"},"geometry":{"type":"Point","coordinates":[-122.58005,48.8451]}},{"type":"Feature","properties":{"stop_id":"967","stop_code":"7245","stop_name":"Deming Rd at 4200 Block","stop_desc":"","zone_id":"","stop_url":"","location_type":"","parent_station":"","stop_timezone":"","wheelchair_boarding":"2","feed_id":"Washington__Whatcom_Transportation_Authority__mdb_mdb-284","agency_name":"Whatcom Transportation Authority","route_count":1,"route_ids":"72X","route_short_names":"72X","route_types":"3","route_type_names":"Bus","routes_json":"[{\"route_id\":\"72X\",\"route_short_name\":\"72X\",\"route_long_name\":\"Kendall&Bellingham\",\"route_type\":\"3\",\"route_type_name\":\"Bus\",\"route_color\":\"952D4F\",\"route_text_color\":\"FFFFFF\"}]"},"geometry":{"type":"Point","coordinates":[-122.259606,48.838513]}},{"type":"Feature","properties":{"stop_id":"968","stop_code":"7246","stop_name":"Deming Rd at 4800 Block","stop_desc":"","zone_id":"","stop_url":"","location_type":"","parent_station":"","stop_timezone":"","wheelchair_boarding":"2","feed_id":"Washington__Whatcom_Transportation_Authority__mdb_mdb-284","agency_name":"Whatcom Transportation Authority","route_count":1,"route_ids":"72X","route_short_names":"72X","route_types":"3","route_type_names":"Bus","routes_json":"[{\"route_id\":\"72X\",\"route_short_name\":\"72X\",\"route_long_name\":\"Kendall&Bellingham\",\"route_type\":\"3\",\"route_type_name\":\"Bus\",\"route_color\":\"952D4F\",\"route_text_color\":\"FFFFFF\"}]"},"geometry":{"type":"Point","coordinates":[-122.229234,48.826461]}},{"type":"Feature","properties":{"stop_id":"969","stop_code":"7247","stop_name":"Deming Rd at 4800 Block","stop_desc":"","zone_id":"","stop_url":"","location_type":"","parent_station":"","stop_timezone":"","wheelchair_boarding":"2","feed_id":"Washington__Whatcom_Transportation_Authority__mdb_mdb-284","agency_name":"Whatcom Transportation Authority","route_count":1,"route_ids":"72X","route_short_names":"72X","route_types":"3","route_type_names":"Bus","routes_json":"[{\"route_id\":\"72X\",\"route_short_name\":\"72X\",\"route_long_name\":\"Kendall&Bellingham\",\"route_type\":\"3\",\"route_type_name\":\"Bus\",\"route_color\":\"952D4F\",\"route_text_color\":\"FFFFFF\"}]"},"geometry":{"type":"Point","coordinates":[-122.228466,48.826328]}},{"type":"Feature","properties":{"stop_id":"970","stop_code":"7248","stop_name":"Deming Rd at 4200 Block","stop_desc":"","zone_id":"","stop_url":"","location_type":"","parent_station":"","stop_timezone":"","wheelchair_boarding":"2","feed_id":"Washington__Whatcom_Transportation_Authority__mdb_mdb-284","agency_name":"Whatcom Transportation Authority","route_count":1,"route_ids":"72X","route_short_names":"72X","route_types":"3","route_type_names":"Bus","routes_json":"[{\"route_id\":\"72X\",\"route_short_name\":\"72X\",\"route_long_name\":\"Kendall&Bellingham\",\"route_type\":\"3\",\"route_type_name\":\"Bus\",\"route_color\":\"952D4F\",\"route_text_color\":\"FFFFFF\"}]"},"geometry":{"type":"Point","coordinates":[-122.259488,48.83858]}},{"type":"Feature","properties":{"stop_id":"971","stop_code":"5577","stop_name":"Lincoln Rd at Harborview Rd","stop_desc":"","zone_id":"","stop_url":"","location_type":"","parent_station":"","stop_timezone":"","wheelchair_boarding":"2","feed_id":"Washington__Whatcom_Transportation_Authority__mdb_mdb-284","agency_name":"Whatcom Transportation Authority","route_count":1,"route_ids":"75","route_short_names":"75","route_types":"3","route_type_names":"Bus","routes_json":"[{\"route_id\":\"75\",\"route_short_name\":\"75\",\"route_long_name\":\"Blaine/Birch Bay&Bellingham\",\"route_type\":\"3\",\"route_type_name\":\"Bus\",\"route_color\":\"F05B7D\",\"route_text_color\":\"FFFFFF\"}]"},"geometry":{"type":"Point","coordinates":[-122.74911,48.950455]}},{"type":"Feature","properties":{"stop_id":"976","stop_code":"5578","stop_name":"Lincoln Rd at Harborview Rd","stop_desc":"","zone_id":"","stop_url":"","location_type":"","parent_station":"","stop_timezone":"","wheelchair_boarding":"2","feed_id":"Washington__Whatcom_Transportation_Authority__mdb_mdb-284","agency_name":"Whatcom Transportation Authority","route_count":1,"route_ids":"75","route_short_names":"75","route_types":"3","route_type_names":"Bus","routes_json":"[{\"route_id\":\"75\",\"route_short_name\":\"75\",\"route_long_name\":\"Blaine/Birch Bay&Bellingham\",\"route_type\":\"3\",\"route_type_name\":\"Bus\",\"route_color\":\"F05B7D\",\"route_text_color\":\"FFFFFF\"}]"},"geometry":{"type":"Point","coordinates":[-122.749537,48.950607]}},{"type":"Feature","properties":{"stop_id":"977","stop_code":"5579","stop_name":"Portal Way at Kaas Rd","stop_desc":"","zone_id":"","stop_url":"","location_type":"","parent_station":"","stop_timezone":"","wheelchair_boarding":"2","feed_id":"Washington__Whatcom_Transportation_Authority__mdb_mdb-284","agency_name":"Whatcom Transportation Authority","route_count":1,"route_ids":"75","route_short_names":"75","route_types":"3","route_type_names":"Bus","routes_json":"[{\"route_id\":\"75\",\"route_short_name\":\"75\",\"route_long_name\":\"Blaine/Birch Bay&Bellingham\",\"route_type\":\"3\",\"route_type_name\":\"Bus\",\"route_color\":\"F05B7D\",\"route_text_color\":\"FFFFFF\"}]"},"geometry":{"type":"Point","coordinates":[-122.584507,48.870619]}},{"type":"Feature","properties":{"stop_id":"979","stop_code":"1025","stop_name":"Champion St at Ellis St","stop_desc":"","zone_id":"","stop_url":"","location_type":"","parent_station":"","stop_timezone":"","wheelchair_boarding":"1","feed_id":"Washington__Whatcom_Transportation_Authority__mdb_mdb-284","agency_name":"Whatcom Transportation Authority","route_count":3,"route_ids":"5|6|7","route_short_names":"5|6|7","route_types":"3","route_type_names":"Bus","routes_json":"[{\"route_id\":\"5\",\"route_short_name\":\"5\",\"route_long_name\":\"Samish/Fairhaven&Samish/Downtown\",\"route_type\":\"3\",\"route_type_name\":\"Bus\",\"route_color\":\"0000FF\",\"route_text_color\":\"FFFFFF\"},{\"route_id\":\"6\",\"route_short_name\":\"6\",\"route_long_name\":\"Fraser&Downtown\",\"route_type\":\"3\",\"route_type_name\":\"Bus\",\"route_color\":\"008040\",\"route_text_color\":\"FFFFFF\"},{\"route_id\":\"7\",\"route_short_name\":\"7\",\"route_long_name\":\"Samish/WWU&Samish/Downtown\",\"route_type\":\"3\",\"route_type_name\":\"Bus\",\"route_color\":\"0000FF\",\"route_text_color\":\"FFFFFF\"}]"},"geometry":{"type":"Point","coordinates":[-122.472089,48.749265]}},{"type":"Feature","properties":{"stop_id":"980","stop_code":"5580","stop_name":"H St at 6th St","stop_desc":"","zone_id":"","stop_url":"","location_type":"","parent_station":"","stop_timezone":"","wheelchair_boarding":"2","feed_id":"Washington__Whatcom_Transportation_Authority__mdb_mdb-284","agency_name":"Whatcom Transportation Authority","route_count":1,"route_ids":"75","route_short_names":"75","route_types":"3","route_type_names":"Bus","routes_json":"[{\"route_id\":\"75\",\"route_short_name\":\"75\",\"route_long_name\":\"Blaine/Birch Bay&Bellingham\",\"route_type\":\"3\",\"route_type_name\":\"Bus\",\"route_color\":\"F05B7D\",\"route_text_color\":\"FFFFFF\"}]"},"geometry":{"type":"Point","coordinates":[-122.743856,48.993965]}},{"type":"Feature","properties":{"stop_id":"981","stop_code":"1027","stop_name":"Puget St at Fraser St","stop_desc":"","zone_id":"","stop_url":"","location_type":"","parent_station":"","stop_timezone":"","wheelchair_boarding":"2","feed_id":"Washington__Whatcom_Transportation_Authority__mdb_mdb-284","agency_name":"Whatcom Transportation Authority","route_count":1,"route_ids":"6","route_short_names":"6","route_types":"3","route_type_names":"Bus","routes_json":"[{\"route_id\":\"6\",\"route_short_name\":\"6\",\"route_long_name\":\"Fraser&Downtown\",\"route_type\":\"3\",\"route_type_name\":\"Bus\",\"route_color\":\"008040\",\"route_text_color\":\"FFFFFF\"}]"},"geometry":{"type":"Point","coordinates":[-122.454822,48.751668]}},{"type":"Feature","properties":{"stop_id":"982","stop_code":"1039","stop_name":"Birchwood Ave at 1200 Block","stop_desc":"","zone_id":"","stop_url":"","location_type":"","parent_station":"","stop_timezone":"","wheelchair_boarding":"2","feed_id":"Washington__Whatcom_Transportation_Authority__mdb_mdb-284","agency_name":"Whatcom Transportation Authority","route_count":1,"route_ids":"18","route_short_names":"18","route_types":"3","route_type_names":"Bus","routes_json":"[{\"route_id\":\"18\",\"route_short_name\":\"18\",\"route_long_name\":\"Hospital&Cordata/WCC\",\"route_type\":\"3\",\"route_type_name\":\"Bus\",\"route_color\":\"BBD976\",\"route_text_color\":\"000000\"}]"},"geometry":{"type":"Point","coordinates":[-122.489255,48.775953]}},{"type":"Feature","properties":{"stop_id":"983","stop_code":"1040","stop_name":"Birchwood Ave at Northwest Ave","stop_desc":"","zone_id":"","stop_url":"","location_type":"","parent_station":"","stop_timezone":"","wheelchair_boarding":"1","feed_id":"Washington__Whatcom_Transportation_Authority__mdb_mdb-284","agency_name":"Whatcom Transportation Authority","route_count":1,"route_ids":"18","route_short_names":"18","route_types":"3","route_type_names":"Bus","routes_json":"[{\"route_id\":\"18\",\"route_short_name\":\"18\",\"route_long_name\":\"Hospital&Cordata/WCC\",\"route_type\":\"3\",\"route_type_name\":\"Bus\",\"route_color\":\"BBD976\",\"route_text_color\":\"000000\"}]"},"geometry":{"type":"Point","coordinates":[-122.492907,48.775087]}},{"type":"Feature","properties":{"stop_id":"984","stop_code":"1041","stop_name":"Birchwood Ave at Northwest Ave","stop_desc":"","zone_id":"","stop_url":"","location_type":"","parent_station":"","stop_timezone":"","wheelchair_boarding":"2","feed_id":"Washington__Whatcom_Transportation_Authority__mdb_mdb-284","agency_name":"Whatcom Transportation Authority","route_count":1,"route_ids":"18","route_short_names":"18","route_types":"3","route_type_names":"Bus","routes_json":"[{\"route_id\":\"18\",\"route_short_name\":\"18\",\"route_long_name\":\"Hospital&Cordata/WCC\",\"route_type\":\"3\",\"route_type_name\":\"Bus\",\"route_color\":\"BBD976\",\"route_text_color\":\"000000\"}]"},"geometry":{"type":"Point","coordinates":[-122.492552,48.775069]}},{"type":"Feature","properties":{"stop_id":"985","stop_code":"1042","stop_name":"Birchwood Ave at 1200 Block","stop_desc":"","zone_id":"","stop_url":"","location_type":"","parent_station":"","stop_timezone":"","wheelchair_boarding":"2","feed_id":"Washington__Whatcom_Transportation_Authority__mdb_mdb-284","agency_name":"Whatcom Transportation Authority","route_count":1,"route_ids":"18","route_short_names":"18","route_types":"3","route_type_names":"Bus","routes_json":"[{\"route_id\":\"18\",\"route_short_name\":\"18\",\"route_long_name\":\"Hospital&Cordata/WCC\",\"route_type\":\"3\",\"route_type_name\":\"Bus\",\"route_color\":\"BBD976\",\"route_text_color\":\"000000\"}]"},"geometry":{"type":"Point","coordinates":[-122.489089,48.775865]}},{"type":"Feature","properties":{"stop_id":"986","stop_code":"1043","stop_name":"Bradley Rd at Bradley Meadows","stop_desc":"","zone_id":"","stop_url":"","location_type":"","parent_station":"","stop_timezone":"","wheelchair_boarding":"2","feed_id":"Washington__Whatcom_Transportation_Authority__mdb_mdb-284","agency_name":"Whatcom Transportation Authority","route_count":1,"route_ids":"26","route_short_names":"26","route_types":"3","route_type_names":"Bus","routes_json":"[{\"route_id\":\"26\",\"route_short_name\":\"26\",\"route_long_name\":\"Lynden&Cordata/WCC\",\"route_type\":\"3\",\"route_type_name\":\"Bus\",\"route_color\":\"7A6026\",\"route_text_color\":\"FFFFFF\"}]"},"geometry":{"type":"Point","coordinates":[-122.423116,48.953103]}},{"type":"Feature","properties":{"stop_id":"987","stop_code":"1044","stop_name":"Line Rd at Lynden Middle School","stop_desc":"","zone_id":"","stop_url":"","location_type":"","parent_station":"","stop_timezone":"","wheelchair_boarding":"1","feed_id":"Washington__Whatcom_Transportation_Authority__mdb_mdb-284","agency_name":"Whatcom Transportation Authority","route_count":1,"route_ids":"26","route_short_names":"26","route_types":"3","route_type_names":"Bus","routes_json":"[{\"route_id\":\"26\",\"route_short_name\":\"26\",\"route_long_name\":\"Lynden&Cordata/WCC\",\"route_type\":\"3\",\"route_type_name\":\"Bus\",\"route_color\":\"7A6026\",\"route_text_color\":\"FFFFFF\"}]"},"geometry":{"type":"Point","coordinates":[-122.418594,48.960246]}},{"type":"Feature","properties":{"stop_id":"988","stop_code":"1045","stop_name":"Aaron Dr at Mercedes Dr","stop_desc":"","zone_id":"","stop_url":"","location_type":"","parent_station":"","stop_timezone":"","wheelchair_boarding":"1","feed_id":"Washington__Whatcom_Transportation_Authority__mdb_mdb-284","agency_name":"Whatcom Transportation Authority","route_count":1,"route_ids":"26","route_short_names":"26","route_types":"3","route_type_names":"Bus","routes_json":"[{\"route_id\":\"26\",\"route_short_name\":\"26\",\"route_long_name\":\"Lynden&Cordata/WCC\",\"route_type\":\"3\",\"route_type_name\":\"Bus\",\"route_color\":\"7A6026\",\"route_text_color\":\"FFFFFF\"}]"},"geometry":{"type":"Point","coordinates":[-122.421176,48.962346]}},{"type":"Feature","properties":{"stop_id":"989","stop_code":"1046","stop_name":"Aaron Dr at Cherry St","stop_desc":"","zone_id":"","stop_url":"","location_type":"","parent_station":"","stop_timezone":"","wheelchair_boarding":"1","feed_id":"Washington__Whatcom_Transportation_Authority__mdb_mdb-284","agency_name":"Whatcom Transportation Authority","route_count":1,"route_ids":"26","route_short_names":"26","route_types":"3","route_type_names":"Bus","routes_json":"[{\"route_id\":\"26\",\"route_short_name\":\"26\",\"route_long_name\":\"Lynden&Cordata/WCC\",\"route_type\":\"3\",\"route_type_name\":\"Bus\",\"route_color\":\"7A6026\",\"route_text_color\":\"FFFFFF\"}]"},"geometry":{"type":"Point","coordinates":[-122.428629,48.962455]}},{"type":"Feature","properties":{"stop_id":"990","stop_code":"1032","stop_name":"Puget St at Civic Field","stop_desc":"","zone_id":"","stop_url":"","location_type":"","parent_station":"","stop_timezone":"","wheelchair_boarding":"2","feed_id":"Washington__Whatcom_Transportation_Authority__mdb_mdb-284","agency_name":"Whatcom Transportation Authority","route_count":1,"route_ids":"6","route_short_names":"6","route_types":"3","route_type_names":"Bus","routes_json":"[{\"route_id\":\"6\",\"route_short_name\":\"6\",\"route_long_name\":\"Fraser&Downtown\",\"route_type\":\"3\",\"route_type_name\":\"Bus\",\"route_color\":\"008040\",\"route_text_color\":\"FFFFFF\"}]"},"geometry":{"type":"Point","coordinates":[-122.455568,48.746829]}},{"type":"Feature","properties":{"stop_id":"991","stop_code":"1033","stop_name":"Puget St at Gladstone St","stop_desc":"","zone_id":"","stop_url":"","location_type":"","parent_station":"","stop_timezone":"","wheelchair_boarding":"1","feed_id":"Washington__Whatcom_Transportation_Authority__mdb_mdb-284","agency_name":"Whatcom Transportation Authority","route_count":1,"route_ids":"6","route_short_names":"6","route_types":"3","route_type_names":"Bus","routes_json":"[{\"route_id\":\"6\",\"route_short_name\":\"6\",\"route_long_name\":\"Fraser&Downtown\",\"route_type\":\"3\",\"route_type_name\":\"Bus\",\"route_color\":\"008040\",\"route_text_color\":\"FFFFFF\"}]"},"geometry":{"type":"Point","coordinates":[-122.455287,48.74918]}},{"type":"Feature","properties":{"stop_id":"992","stop_code":"1028","stop_name":"Fraser St at Moore St","stop_desc":"","zone_id":"","stop_url":"","location_type":"","parent_station":"","stop_timezone":"","wheelchair_boarding":"1","feed_id":"Washington__Whatcom_Transportation_Authority__mdb_mdb-284","agency_name":"Whatcom Transportation Authority","route_count":1,"route_ids":"6","route_short_names":"6","route_types":"3","route_type_names":"Bus","routes_json":"[{\"route_id\":\"6\",\"route_short_name\":\"6\",\"route_long_name\":\"Fraser&Downtown\",\"route_type\":\"3\",\"route_type_name\":\"Bus\",\"route_color\":\"008040\",\"route_text_color\":\"FFFFFF\"}]"},"geometry":{"type":"Point","coordinates":[-122.460616,48.75191]}},{"type":"Feature","properties":{"stop_id":"994","stop_code":"1036","stop_name":"York St at Humboldt St","stop_desc":"","zone_id":"","stop_url":"","location_type":"","parent_station":"","stop_timezone":"","wheelchair_boarding":"2","feed_id":"Washington__Whatcom_Transportation_Authority__mdb_mdb-284","agency_name":"Whatcom Transportation Authority","route_count":1,"route_ids":"6","route_short_names":"6","route_types":"3","route_type_names":"Bus","routes_json":"[{\"route_id\":\"6\",\"route_short_name\":\"6\",\"route_long_name\":\"Fraser&Downtown\",\"route_type\":\"3\",\"route_type_name\":\"Bus\",\"route_color\":\"008040\",\"route_text_color\":\"FFFFFF\"}]"},"geometry":{"type":"Point","coordinates":[-122.46781,48.750565]}},{"type":"Feature","properties":{"stop_id":"996","stop_code":"1047","stop_name":"Newmarket St at Barkely Blvd","stop_desc":"","zone_id":"","stop_url":"","location_type":"","parent_station":"","stop_timezone":"","wheelchair_boarding":"1","feed_id":"Washington__Whatcom_Transportation_Authority__mdb_mdb-284","agency_name":"Whatcom Transportation Authority","route_count":1,"route_ids":"525","route_short_names":"525","route_types":"3","route_type_names":"Bus","routes_json":"[{\"route_id\":\"525\",\"route_short_name\":\"525\",\"route_long_name\":\"Barkley&Downtown\",\"route_type\":\"3\",\"route_type_name\":\"Bus\",\"route_color\":\"8F53A1\",\"route_text_color\":\"FFFFFF\"}]"},"geometry":{"type":"Point","coordinates":[-122.44344,48.771758]}},{"type":"Feature","properties":{"stop_id":"998","stop_code":"7204","stop_name":"Deming Rd at Water St","stop_desc":"","zone_id":"","stop_url":"","location_type":"","parent_station":"","stop_timezone":"","wheelchair_boarding":"2","feed_id":"Washington__Whatcom_Transportation_Authority__mdb_mdb-284","agency_name":"Whatcom Transportation Authority","route_count":1,"route_ids":"72X","route_short_names":"72X","route_types":"3","route_type_names":"Bus","routes_json":"[{\"route_id\":\"72X\",\"route_short_name\":\"72X\",\"route_long_name\":\"Kendall&Bellingham\",\"route_type\":\"3\",\"route_type_name\":\"Bus\",\"route_color\":\"952D4F\",\"route_text_color\":\"FFFFFF\"}]"},"geometry":{"type":"Point","coordinates":[-122.214771,48.823289]}},{"type":"Feature","properties":{"stop_id":"999","stop_code":"1010","stop_name":"Bellingham Airport","stop_desc":"","zone_id":"","stop_url":"","location_type":"","parent_station":"","stop_timezone":"","wheelchair_boarding":"1","feed_id":"Washington__Whatcom_Transportation_Authority__mdb_mdb-284","agency_name":"Whatcom Transportation Authority","route_count":1,"route_ids":"3","route_short_names":"3","route_types":"3","route_type_names":"Bus","routes_json":"[{\"route_id\":\"3\",\"route_short_name\":\"3\",\"route_long_name\":\"Airport/Cordata&Airport/Downtown\",\"route_type\":\"3\",\"route_type_name\":\"Bus\",\"route_color\":\"D7DF23\",\"route_text_color\":\"000000\"}]"},"geometry":{"type":"Point","coordinates":[-122.532093,48.79509]}},{"type":"Feature","properties":{"stop_id":"1000","stop_code":"7293","stop_name":"Kendall Rd at Balfour Valley Dr","stop_desc":"","zone_id":"","stop_url":"","location_type":"","parent_station":"","stop_timezone":"","wheelchair_boarding":"1","feed_id":"Washington__Whatcom_Transportation_Authority__mdb_mdb-284","agency_name":"Whatcom Transportation Authority","route_count":1,"route_ids":"72X","route_short_names":"72X","route_types":"3","route_type_names":"Bus","routes_json":"[{\"route_id\":\"72X\",\"route_short_name\":\"72X\",\"route_long_name\":\"Kendall&Bellingham\",\"route_type\":\"3\",\"route_type_name\":\"Bus\",\"route_color\":\"952D4F\",\"route_text_color\":\"FFFFFF\"}]"},"geometry":{"type":"Point","coordinates":[-122.147324,48.937997]}},{"type":"Feature","properties":{"stop_id":"1003","stop_code":"3465","stop_name":"Northwest Dr at 4700 Block","stop_desc":"","zone_id":"","stop_url":"","location_type":"","parent_station":"","stop_timezone":"","wheelchair_boarding":"2","feed_id":"Washington__Whatcom_Transportation_Authority__mdb_mdb-284","agency_name":"Whatcom Transportation Authority","route_count":1,"route_ids":"27","route_short_names":"27","route_types":"3","route_type_names":"Bus","routes_json":"[{\"route_id\":\"27\",\"route_short_name\":\"27\",\"route_long_name\":\"Ferndale&Cordata/WCC\",\"route_type\":\"3\",\"route_type_name\":\"Bus\",\"route_color\":\"94B0BE\",\"route_text_color\":\"FFFFFF\"}]"},"geometry":{"type":"Point","coordinates":[-122.524244,48.811364]}},{"type":"Feature","properties":{"stop_id":"1004","stop_code":"1065","stop_name":"Line Rd at Kamm Rd","stop_desc":"","zone_id":"","stop_url":"","location_type":"","parent_station":"","stop_timezone":"","wheelchair_boarding":"1","feed_id":"Washington__Whatcom_Transportation_Authority__mdb_mdb-284","agency_name":"Whatcom Transportation Authority","route_count":1,"route_ids":"26","route_short_names":"26","route_types":"3","route_type_names":"Bus","routes_json":"[{\"route_id\":\"26\",\"route_short_name\":\"26\",\"route_long_name\":\"Lynden&Cordata/WCC\",\"route_type\":\"3\",\"route_type_name\":\"Bus\",\"route_color\":\"7A6026\",\"route_text_color\":\"FFFFFF\"}]"},"geometry":{"type":"Point","coordinates":[-122.418734,48.957296]}},{"type":"Feature","properties":{"stop_id":"1009","stop_code":"5581","stop_name":"Peace Portal Dr at Hughes Ave","stop_desc":"","zone_id":"","stop_url":"","location_type":"","parent_station":"","stop_timezone":"","wheelchair_boarding":"1","feed_id":"Washington__Whatcom_Transportation_Authority__mdb_mdb-284","agency_name":"Whatcom Transportation Authority","route_count":1,"route_ids":"75","route_short_names":"75","route_types":"3","route_type_names":"Bus","routes_json":"[{\"route_id\":\"75\",\"route_short_name\":\"75\",\"route_long_name\":\"Blaine/Birch Bay&Bellingham\",\"route_type\":\"3\",\"route_type_name\":\"Bus\",\"route_color\":\"F05B7D\",\"route_text_color\":\"FFFFFF\"}]"},"geometry":{"type":"Point","coordinates":[-122.733875,48.979429]}},{"type":"Feature","properties":{"stop_id":"1010","stop_code":"3350","stop_name":"McLeod Rd at Sunset Dr","stop_desc":"","zone_id":"","stop_url":"","location_type":"","parent_station":"","stop_timezone":"","wheelchair_boarding":"1","feed_id":"Washington__Whatcom_Transportation_Authority__mdb_mdb-284","agency_name":"Whatcom Transportation Authority","route_count":1,"route_ids":"540","route_short_names":"540","route_types":"3","route_type_names":"Bus","routes_json":"[{\"route_id\":\"540\",\"route_short_name\":\"540\",\"route_long_name\":\"Sunset&Downtown\",\"route_type\":\"3\",\"route_type_name\":\"Bus\",\"route_color\":\"5F3075\",\"route_text_color\":\"FFFFFF\"}]"},"geometry":{"type":"Point","coordinates":[-122.42809,48.782146]}},{"type":"Feature","properties":{"stop_id":"1012","stop_code":"5582","stop_name":"Peace Portal Dr at Hughes Ave","stop_desc":"","zone_id":"","stop_url":"","location_type":"","parent_station":"","stop_timezone":"","wheelchair_boarding":"1","feed_id":"Washington__Whatcom_Transportation_Authority__mdb_mdb-284","agency_name":"Whatcom Transportation Authority","route_count":1,"route_ids":"75","route_short_names":"75","route_types":"3","route_type_names":"Bus","routes_json":"[{\"route_id\":\"75\",\"route_short_name\":\"75\",\"route_long_name\":\"Blaine/Birch Bay&Bellingham\",\"route_type\":\"3\",\"route_type_name\":\"Bus\",\"route_color\":\"F05B7D\",\"route_text_color\":\"FFFFFF\"}]"},"geometry":{"type":"Point","coordinates":[-122.733547,48.979094]}},{"type":"Feature","properties":{"stop_id":"1013","stop_code":"1066","stop_name":"Meridian St at Birchwood Ave","stop_desc":"","zone_id":"","stop_url":"","location_type":"","parent_station":"","stop_timezone":"","wheelchair_boarding":"1","feed_id":"Washington__Whatcom_Transportation_Authority__mdb_mdb-284","agency_name":"Whatcom Transportation Authority","route_count":1,"route_ids":"15","route_short_names":"15","route_types":"3","route_type_names":"Bus","routes_json":"[{\"route_id\":\"15\",\"route_short_name\":\"15\",\"route_long_name\":\"Cordata/WCC&Downtown\",\"route_type\":\"3\",\"route_type_name\":\"Bus\",\"route_color\":\"F58220\",\"route_text_color\":\"FFFFFF\"}]"},"geometry":{"type":"Point","coordinates":[-122.48622,48.776735]}},{"type":"Feature","properties":{"stop_id":"1015","stop_code":"7264","stop_name":"Kendall Rd at Mt Baker Hwy","stop_desc":"","zone_id":"","stop_url":"","location_type":"","parent_station":"","stop_timezone":"","wheelchair_boarding":"1","feed_id":"Washington__Whatcom_Transportation_Authority__mdb_mdb-284","agency_name":"Whatcom Transportation Authority","route_count":1,"route_ids":"72X","route_short_names":"72X","route_types":"3","route_type_names":"Bus","routes_json":"[{\"route_id\":\"72X\",\"route_short_name\":\"72X\",\"route_long_name\":\"Kendall&Bellingham\",\"route_type\":\"3\",\"route_type_name\":\"Bus\",\"route_color\":\"952D4F\",\"route_text_color\":\"FFFFFF\"}]"},"geometry":{"type":"Point","coordinates":[-122.139498,48.917256]}},{"type":"Feature","properties":{"stop_id":"1018","stop_code":"1054","stop_name":"Cordata Pkwy at Stuart Rd","stop_desc":"","zone_id":"","stop_url":"","location_type":"","parent_station":"","stop_timezone":"","wheelchair_boarding":"1","feed_id":"Washington__Whatcom_Transportation_Authority__mdb_mdb-284","agency_name":"Whatcom Transportation Authority","route_count":2,"route_ids":"24|29","route_short_names":"24|29","route_types":"3","route_type_names":"Bus","routes_json":"[{\"route_id\":\"24\",\"route_short_name\":\"24\",\"route_long_name\":\"Cordata\",\"route_type\":\"3\",\"route_type_name\":\"Bus\",\"route_color\":\"028848\",\"route_text_color\":\"FFFFFF\"},{\"route_id\":\"29\",\"route_short_name\":\"29\",\"route_long_name\":\"Cordata/Kline\",\"route_type\":\"3\",\"route_type_name\":\"Bus\",\"route_color\":\"50B848\",\"route_text_color\":\"FFFFFF\"}]"},"geometry":{"type":"Point","coordinates":[-122.495261,48.79861]}},{"type":"Feature","properties":{"stop_id":"1019","stop_code":"7218","stop_name":"Mt Baker Hwy at Mosquito Lake Rd","stop_desc":"","zone_id":"","stop_url":"","location_type":"","parent_station":"","stop_timezone":"","wheelchair_boarding":"2","feed_id":"Washington__Whatcom_Transportation_Authority__mdb_mdb-284","agency_name":"Whatcom Transportation Authority","route_count":1,"route_ids":"72X","route_short_names":"72X","route_types":"3","route_type_names":"Bus","routes_json":"[{\"route_id\":\"72X\",\"route_short_name\":\"72X\",\"route_long_name\":\"Kendall&Bellingham\",\"route_type\":\"3\",\"route_type_name\":\"Bus\",\"route_color\":\"952D4F\",\"route_text_color\":\"FFFFFF\"}]"},"geometry":{"type":"Point","coordinates":[-122.16685,48.838299]}},{"type":"Feature","properties":{"stop_id":"1020","stop_code":"1067","stop_name":"Kellogg Rd at Village Dr","stop_desc":"","zone_id":"","stop_url":"","location_type":"","parent_station":"","stop_timezone":"","wheelchair_boarding":"2","feed_id":"Washington__Whatcom_Transportation_Authority__mdb_mdb-284","agency_name":"Whatcom Transportation Authority","route_count":1,"route_ids":"27","route_short_names":"27","route_types":"3","route_type_names":"Bus","routes_json":"[{\"route_id\":\"27\",\"route_short_name\":\"27\",\"route_long_name\":\"Ferndale&Cordata/WCC\",\"route_type\":\"3\",\"route_type_name\":\"Bus\",\"route_color\":\"94B0BE\",\"route_text_color\":\"FFFFFF\"}]"},"geometry":{"type":"Point","coordinates":[-122.49984,48.795773]}},{"type":"Feature","properties":{"stop_id":"1021","stop_code":"1068","stop_name":"June Rd at Fuchsia Dr","stop_desc":"","zone_id":"","stop_url":"","location_type":"","parent_station":"","stop_timezone":"","wheelchair_boarding":"1","feed_id":"Washington__Whatcom_Transportation_Authority__mdb_mdb-284","agency_name":"Whatcom Transportation Authority","route_count":1,"route_ids":"27","route_short_names":"27","route_types":"3","route_type_names":"Bus","routes_json":"[{\"route_id\":\"27\",\"route_short_name\":\"27\",\"route_long_name\":\"Ferndale&Cordata/WCC\",\"route_type\":\"3\",\"route_type_name\":\"Bus\",\"route_color\":\"94B0BE\",\"route_text_color\":\"FFFFFF\"}]"},"geometry":{"type":"Point","coordinates":[-122.503322,48.796905]}},{"type":"Feature","properties":{"stop_id":"1022","stop_code":"1069","stop_name":"June Rd at Aldrich Rd","stop_desc":"","zone_id":"","stop_url":"","location_type":"","parent_station":"","stop_timezone":"","wheelchair_boarding":"1","feed_id":"Washington__Whatcom_Transportation_Authority__mdb_mdb-284","agency_name":"Whatcom Transportation Authority","route_count":1,"route_ids":"27","route_short_names":"27","route_types":"3","route_type_names":"Bus","routes_json":"[{\"route_id\":\"27\",\"route_short_name\":\"27\",\"route_long_name\":\"Ferndale&Cordata/WCC\",\"route_type\":\"3\",\"route_type_name\":\"Bus\",\"route_color\":\"94B0BE\",\"route_text_color\":\"FFFFFF\"}]"},"geometry":{"type":"Point","coordinates":[-122.50776,48.796723]}},{"type":"Feature","properties":{"stop_id":"1023","stop_code":"1070","stop_name":"Aldrich Rd at Northwest Dr","stop_desc":"","zone_id":"","stop_url":"","location_type":"","parent_station":"","stop_timezone":"","wheelchair_boarding":"1","feed_id":"Washington__Whatcom_Transportation_Authority__mdb_mdb-284","agency_name":"Whatcom Transportation Authority","route_count":1,"route_ids":"27","route_short_names":"27","route_types":"3","route_type_names":"Bus","routes_json":"[{\"route_id\":\"27\",\"route_short_name\":\"27\",\"route_long_name\":\"Ferndale&Cordata/WCC\",\"route_type\":\"3\",\"route_type_name\":\"Bus\",\"route_color\":\"94B0BE\",\"route_text_color\":\"FFFFFF\"}]"},"geometry":{"type":"Point","coordinates":[-122.508166,48.791009]}},{"type":"Feature","properties":{"stop_id":"1024","stop_code":"1071","stop_name":"Aldrich Rd at Northwest Rd","stop_desc":"","zone_id":"","stop_url":"","location_type":"","parent_station":"","stop_timezone":"","wheelchair_boarding":"1","feed_id":"Washington__Whatcom_Transportation_Authority__mdb_mdb-284","agency_name":"Whatcom Transportation Authority","route_count":1,"route_ids":"27","route_short_names":"27","route_types":"3","route_type_names":"Bus","routes_json":"[{\"route_id\":\"27\",\"route_short_name\":\"27\",\"route_long_name\":\"Ferndale&Cordata/WCC\",\"route_type\":\"3\",\"route_type_name\":\"Bus\",\"route_color\":\"94B0BE\",\"route_text_color\":\"FFFFFF\"}]"},"geometry":{"type":"Point","coordinates":[-122.507898,48.79111]}},{"type":"Feature","properties":{"stop_id":"1025","stop_code":"1072","stop_name":"June Rd at Aldrich Rd","stop_desc":"","zone_id":"","stop_url":"","location_type":"","parent_station":"","stop_timezone":"","wheelchair_boarding":"1","feed_id":"Washington__Whatcom_Transportation_Authority__mdb_mdb-284","agency_name":"Whatcom Transportation Authority","route_count":1,"route_ids":"27","route_short_names":"27","route_types":"3","route_type_names":"Bus","routes_json":"[{\"route_id\":\"27\",\"route_short_name\":\"27\",\"route_long_name\":\"Ferndale&Cordata/WCC\",\"route_type\":\"3\",\"route_type_name\":\"Bus\",\"route_color\":\"94B0BE\",\"route_text_color\":\"FFFFFF\"}]"},"geometry":{"type":"Point","coordinates":[-122.507477,48.796588]}},{"type":"Feature","properties":{"stop_id":"1026","stop_code":"1073","stop_name":"June Rd at Fuchsia Dr","stop_desc":"","zone_id":"","stop_url":"","location_type":"","parent_station":"","stop_timezone":"","wheelchair_boarding":"1","feed_id":"Washington__Whatcom_Transportation_Authority__mdb_mdb-284","agency_name":"Whatcom Transportation Authority","route_count":1,"route_ids":"27","route_short_names":"27","route_types":"3","route_type_names":"Bus","routes_json":"[{\"route_id\":\"27\",\"route_short_name\":\"27\",\"route_long_name\":\"Ferndale&Cordata/WCC\",\"route_type\":\"3\",\"route_type_name\":\"Bus\",\"route_color\":\"94B0BE\",\"route_text_color\":\"FFFFFF\"}]"},"geometry":{"type":"Point","coordinates":[-122.502917,48.796798]}},{"type":"Feature","properties":{"stop_id":"1027","stop_code":"1074","stop_name":"Kellogg Rd at Village Dr","stop_desc":"","zone_id":"","stop_url":"","location_type":"","parent_station":"","stop_timezone":"","wheelchair_boarding":"1","feed_id":"Washington__Whatcom_Transportation_Authority__mdb_mdb-284","agency_name":"Whatcom Transportation Authority","route_count":1,"route_ids":"27","route_short_names":"27","route_types":"3","route_type_names":"Bus","routes_json":"[{\"route_id\":\"27\",\"route_short_name\":\"27\",\"route_long_name\":\"Ferndale&Cordata/WCC\",\"route_type\":\"3\",\"route_type_name\":\"Bus\",\"route_color\":\"94B0BE\",\"route_text_color\":\"FFFFFF\"}]"},"geometry":{"type":"Point","coordinates":[-122.500028,48.795691]}},{"type":"Feature","properties":{"stop_id":"1028","stop_code":"2262","stop_name":"Cordata Pkwy at Cordata Park","stop_desc":"","zone_id":"","stop_url":"","location_type":"","parent_station":"","stop_timezone":"","wheelchair_boarding":"1","feed_id":"Washington__Whatcom_Transportation_Authority__mdb_mdb-284","agency_name":"Whatcom Transportation Authority","route_count":1,"route_ids":"29","route_short_names":"29","route_types":"3","route_type_names":"Bus","routes_json":"[{\"route_id\":\"29\",\"route_short_name\":\"29\",\"route_long_name\":\"Cordata/Kline\",\"route_type\":\"3\",\"route_type_name\":\"Bus\",\"route_color\":\"50B848\",\"route_text_color\":\"FFFFFF\"}]"},"geometry":{"type":"Point","coordinates":[-122.495593,48.802377]}},{"type":"Feature","properties":{"stop_id":"1029","stop_code":"3374","stop_name":"Cordata Pkwy at Stuart Rd","stop_desc":"","zone_id":"","stop_url":"","location_type":"","parent_station":"","stop_timezone":"","wheelchair_boarding":"1","feed_id":"Washington__Whatcom_Transportation_Authority__mdb_mdb-284","agency_name":"Whatcom Transportation Authority","route_count":1,"route_ids":"29","route_short_names":"29","route_types":"3","route_type_names":"Bus","routes_json":"[{\"route_id\":\"29\",\"route_short_name\":\"29\",\"route_long_name\":\"Cordata/Kline\",\"route_type\":\"3\",\"route_type_name\":\"Bus\",\"route_color\":\"50B848\",\"route_text_color\":\"FFFFFF\"}]"},"geometry":{"type":"Point","coordinates":[-122.49459,48.798237]}},{"type":"Feature","properties":{"stop_id":"1030","stop_code":"1075","stop_name":"Commercial St at Central Ave","stop_desc":"","zone_id":"","stop_url":"","location_type":"","parent_station":"","stop_timezone":"","wheelchair_boarding":"1","feed_id":"Washington__Whatcom_Transportation_Authority__mdb_mdb-284","agency_name":"Whatcom Transportation Authority","route_count":1,"route_ids":"15","route_short_names":"15","route_types":"3","route_type_names":"Bus","routes_json":"[{\"route_id\":\"15\",\"route_short_name\":\"15\",\"route_long_name\":\"Cordata/WCC&Downtown\",\"route_type\":\"3\",\"route_type_name\":\"Bus\",\"route_color\":\"F58220\",\"route_text_color\":\"FFFFFF\"}]"},"geometry":{"type":"Point","coordinates":[-122.478078,48.7542]}},{"type":"Feature","properties":{"stop_id":"1031","stop_code":"1076","stop_name":"Commercial St at Young St","stop_desc":"","zone_id":"","stop_url":"","location_type":"","parent_station":"","stop_timezone":"","wheelchair_boarding":"1","feed_id":"Washington__Whatcom_Transportation_Authority__mdb_mdb-284","agency_name":"Whatcom Transportation Authority","route_count":1,"route_ids":"15","route_short_names":"15","route_types":"3","route_type_names":"Bus","routes_json":"[{\"route_id\":\"15\",\"route_short_name\":\"15\",\"route_long_name\":\"Cordata/WCC&Downtown\",\"route_type\":\"3\",\"route_type_name\":\"Bus\",\"route_color\":\"F58220\",\"route_text_color\":\"FFFFFF\"}]"},"geometry":{"type":"Point","coordinates":[-122.478107,48.755983]}},{"type":"Feature","properties":{"stop_id":"1032","stop_code":"1077","stop_name":"Commerical St at Central Ave","stop_desc":"","zone_id":"","stop_url":"","location_type":"","parent_station":"","stop_timezone":"","wheelchair_boarding":"1","feed_id":"Washington__Whatcom_Transportation_Authority__mdb_mdb-284","agency_name":"Whatcom Transportation Authority","route_count":1,"route_ids":"15","route_short_names":"15","route_types":"3","route_type_names":"Bus","routes_json":"[{\"route_id\":\"15\",\"route_short_name\":\"15\",\"route_long_name\":\"Cordata/WCC&Downtown\",\"route_type\":\"3\",\"route_type_name\":\"Bus\",\"route_color\":\"F58220\",\"route_text_color\":\"FFFFFF\"}]"},"geometry":{"type":"Point","coordinates":[-122.478157,48.753963]}},{"type":"Feature","properties":{"stop_id":"1033","stop_code":"1078","stop_name":"Horton Rd at Cordata Pkwy","stop_desc":"","zone_id":"","stop_url":"","location_type":"","parent_station":"","stop_timezone":"","wheelchair_boarding":"1","feed_id":"Washington__Whatcom_Transportation_Authority__mdb_mdb-284","agency_name":"Whatcom Transportation Authority","route_count":1,"route_ids":"29","route_short_names":"29","route_types":"3","route_type_names":"Bus","routes_json":"[{\"route_id\":\"29\",\"route_short_name\":\"29\",\"route_long_name\":\"Cordata/Kline\",\"route_type\":\"3\",\"route_type_name\":\"Bus\",\"route_color\":\"50B848\",\"route_text_color\":\"FFFFFF\"}]"},"geometry":{"type":"Point","coordinates":[-122.497507,48.805744]}},{"type":"Feature","properties":{"stop_id":"1034","stop_code":"1079","stop_name":"Horton Rd at Aldrich Rd","stop_desc":"","zone_id":"","stop_url":"","location_type":"","parent_station":"","stop_timezone":"","wheelchair_boarding":"1","feed_id":"Washington__Whatcom_Transportation_Authority__mdb_mdb-284","agency_name":"Whatcom Transportation Authority","route_count":1,"route_ids":"29","route_short_names":"29","route_types":"3","route_type_names":"Bus","routes_json":"[{\"route_id\":\"29\",\"route_short_name\":\"29\",\"route_long_name\":\"Cordata/Kline\",\"route_type\":\"3\",\"route_type_name\":\"Bus\",\"route_color\":\"50B848\",\"route_text_color\":\"FFFFFF\"}]"},"geometry":{"type":"Point","coordinates":[-122.507493,48.804357]}},{"type":"Feature","properties":{"stop_id":"1035","stop_code":"1080","stop_name":"Kline Rd at Green Vista Way","stop_desc":"","zone_id":"","stop_url":"","location_type":"","parent_station":"","stop_timezone":"","wheelchair_boarding":"1","feed_id":"Washington__Whatcom_Transportation_Authority__mdb_mdb-284","agency_name":"Whatcom Transportation Authority","route_count":1,"route_ids":"29","route_short_names":"29","route_types":"3","route_type_names":"Bus","routes_json":"[{\"route_id\":\"29\",\"route_short_name\":\"29\",\"route_long_name\":\"Cordata/Kline\",\"route_type\":\"3\",\"route_type_name\":\"Bus\",\"route_color\":\"50B848\",\"route_text_color\":\"FFFFFF\"}]"},"geometry":{"type":"Point","coordinates":[-122.506041,48.814979]}},{"type":"Feature","properties":{"stop_id":"1036","stop_code":"1082","stop_name":"Kline Rd at Spring Vista Way","stop_desc":"","zone_id":"","stop_url":"","location_type":"","parent_station":"","stop_timezone":"","wheelchair_boarding":"1","feed_id":"Washington__Whatcom_Transportation_Authority__mdb_mdb-284","agency_name":"Whatcom Transportation Authority","route_count":1,"route_ids":"29","route_short_names":"29","route_types":"3","route_type_names":"Bus","routes_json":"[{\"route_id\":\"29\",\"route_short_name\":\"29\",\"route_long_name\":\"Cordata/Kline\",\"route_type\":\"3\",\"route_type_name\":\"Bus\",\"route_color\":\"50B848\",\"route_text_color\":\"FFFFFF\"}]"},"geometry":{"type":"Point","coordinates":[-122.498585,48.815037]}},{"type":"Feature","properties":{"stop_id":"1037","stop_code":"1081","stop_name":"Kline Rd at Springside St","stop_desc":"","zone_id":"","stop_url":"","location_type":"","parent_station":"","stop_timezone":"","wheelchair_boarding":"1","feed_id":"Washington__Whatcom_Transportation_Authority__mdb_mdb-284","agency_name":"Whatcom Transportation Authority","route_count":1,"route_ids":"29","route_short_names":"29","route_types":"3","route_type_names":"Bus","routes_json":"[{\"route_id\":\"29\",\"route_short_name\":\"29\",\"route_long_name\":\"Cordata/Kline\",\"route_type\":\"3\",\"route_type_name\":\"Bus\",\"route_color\":\"50B848\",\"route_text_color\":\"FFFFFF\"}]"},"geometry":{"type":"Point","coordinates":[-122.50195,48.815023]}},{"type":"Feature","properties":{"stop_id":"1039","stop_code":"3464","stop_name":"4700 Block Northwest Dr","stop_desc":"","zone_id":"","stop_url":"","location_type":"","parent_station":"","stop_timezone":"","wheelchair_boarding":"2","feed_id":"Washington__Whatcom_Transportation_Authority__mdb_mdb-284","agency_name":"Whatcom Transportation Authority","route_count":1,"route_ids":"27","route_short_names":"27","route_types":"3","route_type_names":"Bus","routes_json":"[{\"route_id\":\"27\",\"route_short_name\":\"27\",\"route_long_name\":\"Ferndale&Cordata/WCC\",\"route_type\":\"3\",\"route_type_name\":\"Bus\",\"route_color\":\"94B0BE\",\"route_text_color\":\"FFFFFF\"}]"},"geometry":{"type":"Point","coordinates":[-122.524087,48.811442]}},{"type":"Feature","properties":{"stop_id":"1042","stop_code":"7276","stop_name":"Deming Rd at Macaulay Rd","stop_desc":"","zone_id":"","stop_url":"","location_type":"","parent_station":"","stop_timezone":"","wheelchair_boarding":"2","feed_id":"Washington__Whatcom_Transportation_Authority__mdb_mdb-284","agency_name":"Whatcom Transportation Authority","route_count":1,"route_ids":"72X","route_short_names":"72X","route_types":"3","route_type_names":"Bus","routes_json":"[{\"route_id\":\"72X\",\"route_short_name\":\"72X\",\"route_long_name\":\"Kendall&Bellingham\",\"route_type\":\"3\",\"route_type_name\":\"Bus\",\"route_color\":\"952D4F\",\"route_text_color\":\"FFFFFF\"}]"},"geometry":{"type":"Point","coordinates":[-122.23975,48.831417]}},{"type":"Feature","properties":{"stop_id":"1043","stop_code":"5583","stop_name":"Birch Bay Village","stop_desc":"","zone_id":"","stop_url":"","location_type":"","parent_station":"","stop_timezone":"","wheelchair_boarding":"2","feed_id":"Washington__Whatcom_Transportation_Authority__mdb_mdb-284","agency_name":"Whatcom Transportation Authority","route_count":1,"route_ids":"75","route_short_names":"75","route_types":"3","route_type_names":"Bus","routes_json":"[{\"route_id\":\"75\",\"route_short_name\":\"75\",\"route_long_name\":\"Blaine/Birch Bay&Bellingham\",\"route_type\":\"3\",\"route_type_name\":\"Bus\",\"route_color\":\"F05B7D\",\"route_text_color\":\"FFFFFF\"}]"},"geometry":{"type":"Point","coordinates":[-122.787478,48.943782]}},{"type":"Feature","properties":{"stop_id":"1044","stop_code":"5584","stop_name":"Birch Bay Dr at Birch Point Loop","stop_desc":"","zone_id":"","stop_url":"","location_type":"","parent_station":"","stop_timezone":"","wheelchair_boarding":"2","feed_id":"Washington__Whatcom_Transportation_Authority__mdb_mdb-284","agency_name":"Whatcom Transportation Authority","route_count":1,"route_ids":"75","route_short_names":"75","route_types":"3","route_type_names":"Bus","routes_json":"[{\"route_id\":\"75\",\"route_short_name\":\"75\",\"route_long_name\":\"Blaine/Birch Bay&Bellingham\",\"route_type\":\"3\",\"route_type_name\":\"Bus\",\"route_color\":\"F05B7D\",\"route_text_color\":\"FFFFFF\"}]"},"geometry":{"type":"Point","coordinates":[-122.77312,48.943067]}},{"type":"Feature","properties":{"stop_id":"1045","stop_code":"5585","stop_name":"2nd St at C St","stop_desc":"","zone_id":"","stop_url":"","location_type":"","parent_station":"","stop_timezone":"","wheelchair_boarding":"2","feed_id":"Washington__Whatcom_Transportation_Authority__mdb_mdb-284","agency_name":"Whatcom Transportation Authority","route_count":1,"route_ids":"75","route_short_names":"75","route_types":"3","route_type_names":"Bus","routes_json":"[{\"route_id\":\"75\",\"route_short_name\":\"75\",\"route_long_name\":\"Blaine/Birch Bay&Bellingham\",\"route_type\":\"3\",\"route_type_name\":\"Bus\",\"route_color\":\"F05B7D\",\"route_text_color\":\"FFFFFF\"}]"},"geometry":{"type":"Point","coordinates":[-122.751548,48.999092]}},{"type":"Feature","properties":{"stop_id":"1046","stop_code":"5587","stop_name":"C St at 5th","stop_desc":"","zone_id":"","stop_url":"","location_type":"","parent_station":"","stop_timezone":"","wheelchair_boarding":"2","feed_id":"Washington__Whatcom_Transportation_Authority__mdb_mdb-284","agency_name":"Whatcom Transportation Authority","route_count":1,"route_ids":"75","route_short_names":"75","route_types":"3","route_type_names":"Bus","routes_json":"[{\"route_id\":\"75\",\"route_short_name\":\"75\",\"route_long_name\":\"Blaine/Birch Bay&Bellingham\",\"route_type\":\"3\",\"route_type_name\":\"Bus\",\"route_color\":\"F05B7D\",\"route_text_color\":\"FFFFFF\"}]"},"geometry":{"type":"Point","coordinates":[-122.746203,48.999123]}},{"type":"Feature","properties":{"stop_id":"1047","stop_code":"5588","stop_name":"C St at 5th St","stop_desc":"","zone_id":"","stop_url":"","location_type":"","parent_station":"","stop_timezone":"","wheelchair_boarding":"2","feed_id":"Washington__Whatcom_Transportation_Authority__mdb_mdb-284","agency_name":"Whatcom Transportation Authority","route_count":1,"route_ids":"75","route_short_names":"75","route_types":"3","route_type_names":"Bus","routes_json":"[{\"route_id\":\"75\",\"route_short_name\":\"75\",\"route_long_name\":\"Blaine/Birch Bay&Bellingham\",\"route_type\":\"3\",\"route_type_name\":\"Bus\",\"route_color\":\"F05B7D\",\"route_text_color\":\"FFFFFF\"}]"},"geometry":{"type":"Point","coordinates":[-122.745772,48.999226]}},{"type":"Feature","properties":{"stop_id":"1048","stop_code":"5586","stop_name":"2nd St at C St","stop_desc":"","zone_id":"","stop_url":"","location_type":"","parent_station":"","stop_timezone":"","wheelchair_boarding":"2","feed_id":"Washington__Whatcom_Transportation_Authority__mdb_mdb-284","agency_name":"Whatcom Transportation Authority","route_count":1,"route_ids":"75","route_short_names":"75","route_types":"3","route_type_names":"Bus","routes_json":"[{\"route_id\":\"75\",\"route_short_name\":\"75\",\"route_long_name\":\"Blaine/Birch Bay&Bellingham\",\"route_type\":\"3\",\"route_type_name\":\"Bus\",\"route_color\":\"F05B7D\",\"route_text_color\":\"FFFFFF\"}]"},"geometry":{"type":"Point","coordinates":[-122.751641,48.999046]}},{"type":"Feature","properties":{"stop_id":"1049","stop_code":"7275","stop_name":"Deming Rd at Macaulay Rd","stop_desc":"","zone_id":"","stop_url":"","location_type":"","parent_station":"","stop_timezone":"","wheelchair_boarding":"2","feed_id":"Washington__Whatcom_Transportation_Authority__mdb_mdb-284","agency_name":"Whatcom Transportation Authority","route_count":1,"route_ids":"72X","route_short_names":"72X","route_types":"3","route_type_names":"Bus","routes_json":"[{\"route_id\":\"72X\",\"route_short_name\":\"72X\",\"route_long_name\":\"Kendall&Bellingham\",\"route_type\":\"3\",\"route_type_name\":\"Bus\",\"route_color\":\"952D4F\",\"route_text_color\":\"FFFFFF\"}]"},"geometry":{"type":"Point","coordinates":[-122.239897,48.831289]}},{"type":"Feature","properties":{"stop_id":"1050","stop_code":"3466","stop_name":"Bay-Lyn Dr at Grocery Outlet","stop_desc":"","zone_id":"","stop_url":"","location_type":"","parent_station":"","stop_timezone":"","wheelchair_boarding":"2","feed_id":"Washington__Whatcom_Transportation_Authority__mdb_mdb-284","agency_name":"Whatcom Transportation Authority","route_count":1,"route_ids":"26","route_short_names":"26","route_types":"3","route_type_names":"Bus","routes_json":"[{\"route_id\":\"26\",\"route_short_name\":\"26\",\"route_long_name\":\"Lynden&Cordata/WCC\",\"route_type\":\"3\",\"route_type_name\":\"Bus\",\"route_color\":\"7A6026\",\"route_text_color\":\"FFFFFF\"}]"},"geometry":{"type":"Point","coordinates":[-122.487483,48.933197]}},{"type":"Feature","properties":{"stop_id":"1051","stop_code":"3468","stop_name":"Bakerview Rd at Deemer Rd","stop_desc":"","zone_id":"","stop_url":"","location_type":"","parent_station":"","stop_timezone":"","wheelchair_boarding":"2","feed_id":"Washington__Whatcom_Transportation_Authority__mdb_mdb-284","agency_name":"Whatcom Transportation Authority","route_count":1,"route_ids":"48","route_short_names":"48","route_types":"3","route_type_names":"Bus","routes_json":"[{\"route_id\":\"48\",\"route_short_name\":\"48\",\"route_long_name\":\"Cordata/WCC&Bakerview Spur\",\"route_type\":\"3\",\"route_type_name\":\"Bus\",\"route_color\":\"F15A22\",\"route_text_color\":\"FFFFFF\"}]"},"geometry":{"type":"Point","coordinates":[-122.477673,48.789742]}},{"type":"Feature","properties":{"stop_id":"1052","stop_code":"3467","stop_name":"Bakerview Rd at Deemer Rd","stop_desc":"","zone_id":"","stop_url":"","location_type":"","parent_station":"","stop_timezone":"","wheelchair_boarding":"2","feed_id":"Washington__Whatcom_Transportation_Authority__mdb_mdb-284","agency_name":"Whatcom Transportation Authority","route_count":1,"route_ids":"48","route_short_names":"48","route_types":"3","route_type_names":"Bus","routes_json":"[{\"route_id\":\"48\",\"route_short_name\":\"48\",\"route_long_name\":\"Cordata/WCC&Bakerview Spur\",\"route_type\":\"3\",\"route_type_name\":\"Bus\",\"route_color\":\"F15A22\",\"route_text_color\":\"FFFFFF\"}]"},"geometry":{"type":"Point","coordinates":[-122.476167,48.789528]}},{"type":"Feature","properties":{"stop_id":"1055","stop_code":"2027","stop_name":"Forest St at Holly St","stop_desc":"","zone_id":"","stop_url":"","location_type":"","parent_station":"","stop_timezone":"","wheelchair_boarding":"2","feed_id":"Washington__Whatcom_Transportation_Authority__mdb_mdb-284","agency_name":"Whatcom Transportation Authority","route_count":9,"route_ids":"1|14|190|190S|47|512|525|533|540","route_short_names":"1|14|190|190S|47|512|525|533|540","route_types":"3","route_type_names":"Bus","routes_json":"[{\"route_id\":\"1\",\"route_short_name\":\"1\",\"route_long_name\":\"Fairhaven&Downtown\",\"route_type\":\"3\",\"route_type_name\":\"Bus\",\"route_color\":\"E5BFA1\",\"route_text_color\":\"000000\"},{\"route_id\":\"14\",\"route_short_name\":\"14\",\"route_long_name\":\"Fairhaven&Downtown\",\"route_type\":\"3\",\"route_type_name\":\"Bus\",\"route_color\":\"009FC3\",\"route_text_color\":\"FFFFFF\"},{\"route_id\":\"190\",\"route_short_name\":\"190\",\"route_long_name\":\"Lincoln St&Downtown\",\"route_type\":\"3\",\"route_type_name\":\"Bus\",\"route_color\":\"0095DA\",\"route_text_color\":\"FFFFFF\"},{\"route_id\":\"190S\",\"route_short_name\":\"190S\",\"route_long_name\":\"Lincoln St&WWU\",\"route_type\":\"3\",\"route_type_name\":\"Bus\",\"route_color\":\"0095DA\",\"route_text_color\":\"000000\"},{\"route_id\":\"47\",\"route_short_name\":\"47\",\"route_long_name\":\"Harbor&Downtown\",\"route_type\":\"3\",\"route_type_name\":\"Bus\",\"route_color\":\"E7EFC1\",\"route_text_color\":\"000000\"},{\"route_id\":\"512\",\"route_short_name\":\"512\",\"route_long_name\":\"Sudden Valley&Downtown\",\"route_type\":\"3\",\"route_type_name\":\"Bus\",\"route_color\":\"F287B7\",\"route_text_color\":\"000000\"},{\"route_id\":\"525\",\"route_short_name\":\"525\",\"route_long_name\":\"Barkley&Downtown\",\"route_type\":\"3\",\"route_type_name\":\"Bus\",\"route_color\":\"8F53A1\",\"route_text_color\":\"FFFFFF\"},{\"route_id\":\"533\",\"route_short_name\":\"533\",\"route_long_name\":\"Yew St\",\"route_type\":\"3\",\"route_type_name\":\"Bus\",\"route_color\":\"F8C1D9\",\"route_text_color\":\"000000\"},{\"route_id\":\"540\",\"route_short_name\":\"540\",\"route_long_name\":\"Sunset&Downtown\",\"route_type\":\"3\",\"route_type_name\":\"Bus\",\"route_color\":\"5F3075\",\"route_text_color\":\"FFFFFF\"}]"},"geometry":{"type":"Point","coordinates":[-122.475725,48.74787]}},{"type":"Feature","properties":{"stop_id":"1056","stop_code":"3408","stop_name":"Roeder Ave at Bellwether Way","stop_desc":"","zone_id":"","stop_url":"","location_type":"","parent_station":"","stop_timezone":"","wheelchair_boarding":"2","feed_id":"Washington__Whatcom_Transportation_Authority__mdb_mdb-284","agency_name":"Whatcom Transportation Authority","route_count":1,"route_ids":"47","route_short_names":"47","route_types":"3","route_type_names":"Bus","routes_json":"[{\"route_id\":\"47\",\"route_short_name\":\"47\",\"route_long_name\":\"Harbor&Downtown\",\"route_type\":\"3\",\"route_type_name\":\"Bus\",\"route_color\":\"E7EFC1\",\"route_text_color\":\"000000\"}]"},"geometry":{"type":"Point","coordinates":[-122.494396,48.757566]}},{"type":"Feature","properties":{"stop_id":"1057","stop_code":"3415","stop_name":"Roeder Ave at F St","stop_desc":"","zone_id":"","stop_url":"","location_type":"","parent_station":"","stop_timezone":"","wheelchair_boarding":"2","feed_id":"Washington__Whatcom_Transportation_Authority__mdb_mdb-284","agency_name":"Whatcom Transportation Authority","route_count":1,"route_ids":"47","route_short_names":"47","route_types":"3","route_type_names":"Bus","routes_json":"[{\"route_id\":\"47\",\"route_short_name\":\"47\",\"route_long_name\":\"Harbor&Downtown\",\"route_type\":\"3\",\"route_type_name\":\"Bus\",\"route_color\":\"E7EFC1\",\"route_text_color\":\"000000\"}]"},"geometry":{"type":"Point","coordinates":[-122.488215,48.754386]}},{"type":"Feature","properties":{"stop_id":"1058","stop_code":"3472","stop_name":"Squalicum Harbor","stop_desc":"","zone_id":"","stop_url":"","location_type":"","parent_station":"","stop_timezone":"","wheelchair_boarding":"2","feed_id":"Washington__Whatcom_Transportation_Authority__mdb_mdb-284","agency_name":"Whatcom Transportation Authority","route_count":1,"route_ids":"47","route_short_names":"47","route_types":"3","route_type_names":"Bus","routes_json":"[{\"route_id\":\"47\",\"route_short_name\":\"47\",\"route_long_name\":\"Harbor&Downtown\",\"route_type\":\"3\",\"route_type_name\":\"Bus\",\"route_color\":\"E7EFC1\",\"route_text_color\":\"000000\"}]"},"geometry":{"type":"Point","coordinates":[-122.503449,48.758501]}},{"type":"Feature","properties":{"stop_id":"1059","stop_code":"3469","stop_name":"Laurel St at Cornwall Ave","stop_desc":"","zone_id":"","stop_url":"","location_type":"","parent_station":"","stop_timezone":"","wheelchair_boarding":"2","feed_id":"Washington__Whatcom_Transportation_Authority__mdb_mdb-284","agency_name":"Whatcom Transportation Authority","route_count":1,"route_ids":"47","route_short_names":"47","route_types":"3","route_type_names":"Bus","routes_json":"[{\"route_id\":\"47\",\"route_short_name\":\"47\",\"route_long_name\":\"Harbor&Downtown\",\"route_type\":\"3\",\"route_type_name\":\"Bus\",\"route_color\":\"E7EFC1\",\"route_text_color\":\"000000\"}]"},"geometry":{"type":"Point","coordinates":[-122.484269,48.747154]}},{"type":"Feature","properties":{"stop_id":"1060","stop_code":"3470","stop_name":"Granary Ave at Chestnut St","stop_desc":"","zone_id":"","stop_url":"","location_type":"","parent_station":"","stop_timezone":"","wheelchair_boarding":"2","feed_id":"Washington__Whatcom_Transportation_Authority__mdb_mdb-284","agency_name":"Whatcom Transportation Authority","route_count":1,"route_ids":"47","route_short_names":"47","route_types":"3","route_type_names":"Bus","routes_json":"[{\"route_id\":\"47\",\"route_short_name\":\"47\",\"route_long_name\":\"Harbor&Downtown\",\"route_type\":\"3\",\"route_type_name\":\"Bus\",\"route_color\":\"E7EFC1\",\"route_text_color\":\"000000\"}]"},"geometry":{"type":"Point","coordinates":[-122.484113,48.750902]}},{"type":"Feature","properties":{"stop_id":"1061","stop_code":"3473","stop_name":"Granary Ave at Chestnut St","stop_desc":"","zone_id":"","stop_url":"","location_type":"","parent_station":"","stop_timezone":"","wheelchair_boarding":"2","feed_id":"Washington__Whatcom_Transportation_Authority__mdb_mdb-284","agency_name":"Whatcom Transportation Authority","route_count":1,"route_ids":"47","route_short_names":"47","route_types":"3","route_type_names":"Bus","routes_json":"[{\"route_id\":\"47\",\"route_short_name\":\"47\",\"route_long_name\":\"Harbor&Downtown\",\"route_type\":\"3\",\"route_type_name\":\"Bus\",\"route_color\":\"E7EFC1\",\"route_text_color\":\"000000\"}]"},"geometry":{"type":"Point","coordinates":[-122.484331,48.750935]}},{"type":"Feature","properties":{"stop_id":"1062","stop_code":"3474","stop_name":"Laurel St at Cornwall Ave","stop_desc":"","zone_id":"","stop_url":"","location_type":"","parent_station":"","stop_timezone":"","wheelchair_boarding":"2","feed_id":"Washington__Whatcom_Transportation_Authority__mdb_mdb-284","agency_name":"Whatcom Transportation Authority","route_count":1,"route_ids":"47","route_short_names":"47","route_types":"3","route_type_names":"Bus","routes_json":"[{\"route_id\":\"47\",\"route_short_name\":\"47\",\"route_long_name\":\"Harbor&Downtown\",\"route_type\":\"3\",\"route_type_name\":\"Bus\",\"route_color\":\"E7EFC1\",\"route_text_color\":\"000000\"}]"},"geometry":{"type":"Point","coordinates":[-122.484267,48.746927]}},{"type":"Feature","properties":{"stop_id":"1063","stop_code":"3471","stop_name":"Cornwall Ave at Chestnut St","stop_desc":"","zone_id":"","stop_url":"","location_type":"","parent_station":"","stop_timezone":"","wheelchair_boarding":"2","feed_id":"Washington__Whatcom_Transportation_Authority__mdb_mdb-284","agency_name":"Whatcom Transportation Authority","route_count":1,"route_ids":"47","route_short_names":"47","route_types":"3","route_type_names":"Bus","routes_json":"[{\"route_id\":\"47\",\"route_short_name\":\"47\",\"route_long_name\":\"Harbor&Downtown\",\"route_type\":\"3\",\"route_type_name\":\"Bus\",\"route_color\":\"E7EFC1\",\"route_text_color\":\"000000\"}]"},"geometry":{"type":"Point","coordinates":[-122.480826,48.74856]}},{"type":"Feature","properties":{"stop_id":"1064","stop_code":"1084","stop_name":"Samish Way at Pasco St","stop_desc":"","zone_id":"","stop_url":"","location_type":"","parent_station":"","stop_timezone":"","wheelchair_boarding":"2","feed_id":"Washington__Whatcom_Transportation_Authority__mdb_mdb-284","agency_name":"Whatcom Transportation Authority","route_count":3,"route_ids":"5|7|98","route_short_names":"5|7|98","route_types":"3","route_type_names":"Bus","routes_json":"[{\"route_id\":\"5\",\"route_short_name\":\"5\",\"route_long_name\":\"Samish/Fairhaven&Samish/Downtown\",\"route_type\":\"3\",\"route_type_name\":\"Bus\",\"route_color\":\"0000FF\",\"route_text_color\":\"FFFFFF\"},{\"route_id\":\"7\",\"route_short_name\":\"7\",\"route_long_name\":\"Samish/WWU&Samish/Downtown\",\"route_type\":\"3\",\"route_type_name\":\"Bus\",\"route_color\":\"0000FF\",\"route_text_color\":\"FFFFFF\"},{\"route_id\":\"98\",\"route_short_name\":\"98\",\"route_long_name\":\"WWU&Samish\",\"route_type\":\"3\",\"route_type_name\":\"Bus\",\"route_color\":\"ABE1FA\",\"route_text_color\":\"000000\"}]"},"geometry":{"type":"Point","coordinates":[-122.46993,48.738288]}},{"type":"Feature","properties":{"stop_id":"1065","stop_code":"1085","stop_name":"Samish Way at Consolidation Ave","stop_desc":"","zone_id":"","stop_url":"","location_type":"","parent_station":"","stop_timezone":"","wheelchair_boarding":"2","feed_id":"Washington__Whatcom_Transportation_Authority__mdb_mdb-284","agency_name":"Whatcom Transportation Authority","route_count":3,"route_ids":"5|7|98","route_short_names":"5|7|98","route_types":"3","route_type_names":"Bus","routes_json":"[{\"route_id\":\"5\",\"route_short_name\":\"5\",\"route_long_name\":\"Samish/Fairhaven&Samish/Downtown\",\"route_type\":\"3\",\"route_type_name\":\"Bus\",\"route_color\":\"0000FF\",\"route_text_color\":\"FFFFFF\"},{\"route_id\":\"7\",\"route_short_name\":\"7\",\"route_long_name\":\"Samish/WWU&Samish/Downtown\",\"route_type\":\"3\",\"route_type_name\":\"Bus\",\"route_color\":\"0000FF\",\"route_text_color\":\"FFFFFF\"},{\"route_id\":\"98\",\"route_short_name\":\"98\",\"route_long_name\":\"WWU&Samish\",\"route_type\":\"3\",\"route_type_name\":\"Bus\",\"route_color\":\"ABE1FA\",\"route_text_color\":\"000000\"}]"},"geometry":{"type":"Point","coordinates":[-122.470038,48.735187]}},{"type":"Feature","properties":{"stop_id":"1066","stop_code":"1083","stop_name":"State St at Rose St","stop_desc":"","zone_id":"","stop_url":"","location_type":"","parent_station":"","stop_timezone":"","wheelchair_boarding":"2","feed_id":"Washington__Whatcom_Transportation_Authority__mdb_mdb-284","agency_name":"Whatcom Transportation Authority","route_count":1,"route_ids":"1","route_short_names":"1","route_types":"3","route_type_names":"Bus","routes_json":"[{\"route_id\":\"1\",\"route_short_name\":\"1\",\"route_long_name\":\"Fairhaven&Downtown\",\"route_type\":\"3\",\"route_type_name\":\"Bus\",\"route_color\":\"E5BFA1\",\"route_text_color\":\"000000\"}]"},"geometry":{"type":"Point","coordinates":[-122.483198,48.744464]}},{"type":"Feature","properties":{"stop_id":"1067","stop_code":"5589","stop_name":"Hughes Ave at Odell St","stop_desc":"","zone_id":"","stop_url":"","location_type":"","parent_station":"","stop_timezone":"","wheelchair_boarding":"2","feed_id":"Washington__Whatcom_Transportation_Authority__mdb_mdb-284","agency_name":"Whatcom Transportation Authority","route_count":1,"route_ids":"75","route_short_names":"75","route_types":"3","route_type_names":"Bus","routes_json":"[{\"route_id\":\"75\",\"route_short_name\":\"75\",\"route_long_name\":\"Blaine/Birch Bay&Bellingham\",\"route_type\":\"3\",\"route_type_name\":\"Bus\",\"route_color\":\"F05B7D\",\"route_text_color\":\"FFFFFF\"}]"},"geometry":{"type":"Point","coordinates":[-122.726539,48.979148]}},{"type":"Feature","properties":{"stop_id":"1068","stop_code":"5590","stop_name":"Hughes Ave at Odell St","stop_desc":"","zone_id":"","stop_url":"","location_type":"","parent_station":"","stop_timezone":"","wheelchair_boarding":"2","feed_id":"Washington__Whatcom_Transportation_Authority__mdb_mdb-284","agency_name":"Whatcom Transportation Authority","route_count":1,"route_ids":"75","route_short_names":"75","route_types":"3","route_type_names":"Bus","routes_json":"[{\"route_id\":\"75\",\"route_short_name\":\"75\",\"route_long_name\":\"Blaine/Birch Bay&Bellingham\",\"route_type\":\"3\",\"route_type_name\":\"Bus\",\"route_color\":\"F05B7D\",\"route_text_color\":\"FFFFFF\"}]"},"geometry":{"type":"Point","coordinates":[-122.726593,48.979247]}},{"type":"Feature","properties":{"stop_id":"1069","stop_code":"1056","stop_name":"James St at Creston Way","stop_desc":"","zone_id":"","stop_url":"","location_type":"","parent_station":"","stop_timezone":"","wheelchair_boarding":"2","feed_id":"Washington__Whatcom_Transportation_Authority__mdb_mdb-284","agency_name":"Whatcom Transportation Authority","route_count":1,"route_ids":"45","route_short_names":"45","route_types":"3","route_type_names":"Bus","routes_json":"[{\"route_id\":\"45\",\"route_short_name\":\"45\",\"route_long_name\":\"KingMountain&Cordata/WCC\",\"route_type\":\"3\",\"route_type_name\":\"Bus\",\"route_color\":\"E29957\",\"route_text_color\":\"FFFFFF\"}]"},"geometry":{"type":"Point","coordinates":[-122.469519,48.799532]}},{"type":"Feature","properties":{"stop_id":"1070","stop_code":"1057","stop_name":"James St at Creston Way","stop_desc":"","zone_id":"","stop_url":"","location_type":"","parent_station":"","stop_timezone":"","wheelchair_boarding":"2","feed_id":"Washington__Whatcom_Transportation_Authority__mdb_mdb-284","agency_name":"Whatcom Transportation Authority","route_count":1,"route_ids":"45","route_short_names":"45","route_types":"3","route_type_names":"Bus","routes_json":"[{\"route_id\":\"45\",\"route_short_name\":\"45\",\"route_long_name\":\"KingMountain&Cordata/WCC\",\"route_type\":\"3\",\"route_type_name\":\"Bus\",\"route_color\":\"E29957\",\"route_text_color\":\"FFFFFF\"}]"},"geometry":{"type":"Point","coordinates":[-122.469523,48.800078]}},{"type":"Feature","properties":{"stop_id":"1071","stop_code":"1058","stop_name":"Cornwall Ave at Maple St","stop_desc":"","zone_id":"","stop_url":"","location_type":"","parent_station":"","stop_timezone":"","wheelchair_boarding":"2","feed_id":"Washington__Whatcom_Transportation_Authority__mdb_mdb-284","agency_name":"Whatcom Transportation Authority","route_count":1,"route_ids":"47","route_short_names":"47","route_types":"3","route_type_names":"Bus","routes_json":"[{\"route_id\":\"47\",\"route_short_name\":\"47\",\"route_long_name\":\"Harbor&Downtown\",\"route_type\":\"3\",\"route_type_name\":\"Bus\",\"route_color\":\"E7EFC1\",\"route_text_color\":\"000000\"}]"},"geometry":{"type":"Point","coordinates":[-122.482165,48.74789]}},{"type":"Feature","properties":{"stop_id":"1072","stop_code":"5591","stop_name":"Bell Rd at Peace Portal Dr","stop_desc":"","zone_id":"","stop_url":"","location_type":"","parent_station":"","stop_timezone":"","wheelchair_boarding":"2","feed_id":"Washington__Whatcom_Transportation_Authority__mdb_mdb-284","agency_name":"Whatcom Transportation Authority","route_count":1,"route_ids":"75","route_short_names":"75","route_types":"3","route_type_names":"Bus","routes_json":"[{\"route_id\":\"75\",\"route_short_name\":\"75\",\"route_long_name\":\"Blaine/Birch Bay&Bellingham\",\"route_type\":\"3\",\"route_type_name\":\"Bus\",\"route_color\":\"F05B7D\",\"route_text_color\":\"FFFFFF\"}]"},"geometry":{"type":"Point","coordinates":[-122.728313,48.976394]}},{"type":"Feature","properties":{"stop_id":"1073","stop_code":"5592","stop_name":"Bell Rd at Peace Portal Dr","stop_desc":"","zone_id":"","stop_url":"","location_type":"","parent_station":"","stop_timezone":"","wheelchair_boarding":"2","feed_id":"Washington__Whatcom_Transportation_Authority__mdb_mdb-284","agency_name":"Whatcom Transportation Authority","route_count":1,"route_ids":"75","route_short_names":"75","route_types":"3","route_type_names":"Bus","routes_json":"[{\"route_id\":\"75\",\"route_short_name\":\"75\",\"route_long_name\":\"Blaine/Birch Bay&Bellingham\",\"route_type\":\"3\",\"route_type_name\":\"Bus\",\"route_color\":\"F05B7D\",\"route_text_color\":\"FFFFFF\"}]"},"geometry":{"type":"Point","coordinates":[-122.728516,48.975991]}},{"type":"Feature","properties":{"stop_id":"1074","stop_code":"1086","stop_name":"James St at King Ave","stop_desc":"","zone_id":"","stop_url":"","location_type":"","parent_station":"","stop_timezone":"","wheelchair_boarding":"2","feed_id":"Washington__Whatcom_Transportation_Authority__mdb_mdb-284","agency_name":"Whatcom Transportation Authority","route_count":1,"route_ids":"45","route_short_names":"45","route_types":"3","route_type_names":"Bus","routes_json":"[{\"route_id\":\"45\",\"route_short_name\":\"45\",\"route_long_name\":\"KingMountain&Cordata/WCC\",\"route_type\":\"3\",\"route_type_name\":\"Bus\",\"route_color\":\"E29957\",\"route_text_color\":\"FFFFFF\"}]"},"geometry":{"type":"Point","coordinates":[-122.464264,48.795529]}},{"type":"Feature","properties":{"stop_id":"1075","stop_code":"1087","stop_name":"James St at Foothill Ct","stop_desc":"","zone_id":"","stop_url":"","location_type":"","parent_station":"","stop_timezone":"","wheelchair_boarding":"2","feed_id":"Washington__Whatcom_Transportation_Authority__mdb_mdb-284","agency_name":"Whatcom Transportation Authority","route_count":1,"route_ids":"45","route_short_names":"45","route_types":"3","route_type_names":"Bus","routes_json":"[{\"route_id\":\"45\",\"route_short_name\":\"45\",\"route_long_name\":\"KingMountain&Cordata/WCC\",\"route_type\":\"3\",\"route_type_name\":\"Bus\",\"route_color\":\"E29957\",\"route_text_color\":\"FFFFFF\"}]"},"geometry":{"type":"Point","coordinates":[-122.465623,48.798324]}},{"type":"Feature","properties":{"stop_id":"1076","stop_code":"1088","stop_name":"Creston Way at Kellogg Rd","stop_desc":"","zone_id":"","stop_url":"","location_type":"","parent_station":"","stop_timezone":"","wheelchair_boarding":"2","feed_id":"Washington__Whatcom_Transportation_Authority__mdb_mdb-284","agency_name":"Whatcom Transportation Authority","route_count":1,"route_ids":"45","route_short_names":"45","route_types":"3","route_type_names":"Bus","routes_json":"[{\"route_id\":\"45\",\"route_short_name\":\"45\",\"route_long_name\":\"KingMountain&Cordata/WCC\",\"route_type\":\"3\",\"route_type_name\":\"Bus\",\"route_color\":\"E29957\",\"route_text_color\":\"FFFFFF\"}]"},"geometry":{"type":"Point","coordinates":[-122.473563,48.795223]}},{"type":"Feature","properties":{"stop_id":"1077","stop_code":"1089","stop_name":"Kellogg Rd at Archer Dr","stop_desc":"","zone_id":"","stop_url":"","location_type":"","parent_station":"","stop_timezone":"","wheelchair_boarding":"2","feed_id":"Washington__Whatcom_Transportation_Authority__mdb_mdb-284","agency_name":"Whatcom Transportation Authority","route_count":1,"route_ids":"45","route_short_names":"45","route_types":"3","route_type_names":"Bus","routes_json":"[{\"route_id\":\"45\",\"route_short_name\":\"45\",\"route_long_name\":\"KingMountain&Cordata/WCC\",\"route_type\":\"3\",\"route_type_name\":\"Bus\",\"route_color\":\"E29957\",\"route_text_color\":\"FFFFFF\"}]"},"geometry":{"type":"Point","coordinates":[-122.480619,48.795169]}},{"type":"Feature","properties":{"stop_id":"1078","stop_code":"1090","stop_name":"Kellogg Rd at Tull Rd","stop_desc":"","zone_id":"","stop_url":"","location_type":"","parent_station":"","stop_timezone":"","wheelchair_boarding":"2","feed_id":"Washington__Whatcom_Transportation_Authority__mdb_mdb-284","agency_name":"Whatcom Transportation Authority","route_count":1,"route_ids":"45","route_short_names":"45","route_types":"3","route_type_names":"Bus","routes_json":"[{\"route_id\":\"45\",\"route_short_name\":\"45\",\"route_long_name\":\"KingMountain&Cordata/WCC\",\"route_type\":\"3\",\"route_type_name\":\"Bus\",\"route_color\":\"E29957\",\"route_text_color\":\"FFFFFF\"}]"},"geometry":{"type":"Point","coordinates":[-122.484541,48.795275]}},{"type":"Feature","properties":{"stop_id":"1079","stop_code":"1091","stop_name":"Kellogg Rd at Tull Rd","stop_desc":"","zone_id":"","stop_url":"","location_type":"","parent_station":"","stop_timezone":"","wheelchair_boarding":"2","feed_id":"Washington__Whatcom_Transportation_Authority__mdb_mdb-284","agency_name":"Whatcom Transportation Authority","route_count":1,"route_ids":"45","route_short_names":"45","route_types":"3","route_type_names":"Bus","routes_json":"[{\"route_id\":\"45\",\"route_short_name\":\"45\",\"route_long_name\":\"KingMountain&Cordata/WCC\",\"route_type\":\"3\",\"route_type_name\":\"Bus\",\"route_color\":\"E29957\",\"route_text_color\":\"FFFFFF\"}]"},"geometry":{"type":"Point","coordinates":[-122.484392,48.795111]}},{"type":"Feature","properties":{"stop_id":"1080","stop_code":"1092","stop_name":"Kellogg Rd at Archer Dr","stop_desc":"","zone_id":"","stop_url":"","location_type":"","parent_station":"","stop_timezone":"","wheelchair_boarding":"2","feed_id":"Washington__Whatcom_Transportation_Authority__mdb_mdb-284","agency_name":"Whatcom Transportation Authority","route_count":1,"route_ids":"45","route_short_names":"45","route_types":"3","route_type_names":"Bus","routes_json":"[{\"route_id\":\"45\",\"route_short_name\":\"45\",\"route_long_name\":\"KingMountain&Cordata/WCC\",\"route_type\":\"3\",\"route_type_name\":\"Bus\",\"route_color\":\"E29957\",\"route_text_color\":\"FFFFFF\"}]"},"geometry":{"type":"Point","coordinates":[-122.480573,48.795059]}},{"type":"Feature","properties":{"stop_id":"1081","stop_code":"1093","stop_name":"Creston Way at Kellogg Rd","stop_desc":"","zone_id":"","stop_url":"","location_type":"","parent_station":"","stop_timezone":"","wheelchair_boarding":"2","feed_id":"Washington__Whatcom_Transportation_Authority__mdb_mdb-284","agency_name":"Whatcom Transportation Authority","route_count":1,"route_ids":"45","route_short_names":"45","route_types":"3","route_type_names":"Bus","routes_json":"[{\"route_id\":\"45\",\"route_short_name\":\"45\",\"route_long_name\":\"KingMountain&Cordata/WCC\",\"route_type\":\"3\",\"route_type_name\":\"Bus\",\"route_color\":\"E29957\",\"route_text_color\":\"FFFFFF\"}]"},"geometry":{"type":"Point","coordinates":[-122.473446,48.795105]}},{"type":"Feature","properties":{"stop_id":"1082","stop_code":"1094","stop_name":"James St at Foothills Ct","stop_desc":"","zone_id":"","stop_url":"","location_type":"","parent_station":"","stop_timezone":"","wheelchair_boarding":"2","feed_id":"Washington__Whatcom_Transportation_Authority__mdb_mdb-284","agency_name":"Whatcom Transportation Authority","route_count":1,"route_ids":"45","route_short_names":"45","route_types":"3","route_type_names":"Bus","routes_json":"[{\"route_id\":\"45\",\"route_short_name\":\"45\",\"route_long_name\":\"KingMountain&Cordata/WCC\",\"route_type\":\"3\",\"route_type_name\":\"Bus\",\"route_color\":\"E29957\",\"route_text_color\":\"FFFFFF\"}]"},"geometry":{"type":"Point","coordinates":[-122.46556,48.798105]}},{"type":"Feature","properties":{"stop_id":"1083","stop_code":"1095","stop_name":"James St at King Ave","stop_desc":"","zone_id":"","stop_url":"","location_type":"","parent_station":"","stop_timezone":"","wheelchair_boarding":"2","feed_id":"Washington__Whatcom_Transportation_Authority__mdb_mdb-284","agency_name":"Whatcom Transportation Authority","route_count":1,"route_ids":"45","route_short_names":"45","route_types":"3","route_type_names":"Bus","routes_json":"[{\"route_id\":\"45\",\"route_short_name\":\"45\",\"route_long_name\":\"KingMountain&Cordata/WCC\",\"route_type\":\"3\",\"route_type_name\":\"Bus\",\"route_color\":\"E29957\",\"route_text_color\":\"FFFFFF\"}]"},"geometry":{"type":"Point","coordinates":[-122.464392,48.795407]}},{"type":"Feature","properties":{"stop_id":"1085","stop_code":"3290","stop_name":"James St at Meador Ave","stop_desc":"","zone_id":"","stop_url":"","location_type":"","parent_station":"","stop_timezone":"","wheelchair_boarding":"2","feed_id":"Washington__Whatcom_Transportation_Authority__mdb_mdb-284","agency_name":"Whatcom Transportation Authority","route_count":1,"route_ids":"6","route_short_names":"6","route_types":"3","route_type_names":"Bus","routes_json":"[{\"route_id\":\"6\",\"route_short_name\":\"6\",\"route_long_name\":\"Fraser&Downtown\",\"route_type\":\"3\",\"route_type_name\":\"Bus\",\"route_color\":\"008040\",\"route_text_color\":\"FFFFFF\"}]"},"geometry":{"type":"Point","coordinates":[-122.46506,48.753208]}},{"type":"Feature","properties":{"stop_id":"1086","stop_code":"1053","stop_name":"James St at Meador Ave","stop_desc":"","zone_id":"","stop_url":"","location_type":"","parent_station":"","stop_timezone":"","wheelchair_boarding":"2","feed_id":"Washington__Whatcom_Transportation_Authority__mdb_mdb-284","agency_name":"Whatcom Transportation Authority","route_count":1,"route_ids":"6","route_short_names":"6","route_types":"3","route_type_names":"Bus","routes_json":"[{\"route_id\":\"6\",\"route_short_name\":\"6\",\"route_long_name\":\"Fraser&Downtown\",\"route_type\":\"3\",\"route_type_name\":\"Bus\",\"route_color\":\"008040\",\"route_text_color\":\"FFFFFF\"}]"},"geometry":{"type":"Point","coordinates":[-122.46492,48.75312]}},{"type":"Feature","properties":{"stop_id":"1090","stop_code":"1059","stop_name":"Squalicum Pkwy at St. Joseph Hospital","stop_desc":"","zone_id":"","stop_url":"","location_type":"","parent_station":"","stop_timezone":"","wheelchair_boarding":"2","feed_id":"Washington__Whatcom_Transportation_Authority__mdb_mdb-284","agency_name":"Whatcom Transportation Authority","route_count":2,"route_ids":"18|9","route_short_names":"18|9","route_types":"3","route_type_names":"Bus","routes_json":"[{\"route_id\":\"18\",\"route_short_name\":\"18\",\"route_long_name\":\"Hospital&Cordata/WCC\",\"route_type\":\"3\",\"route_type_name\":\"Bus\",\"route_color\":\"BBD976\",\"route_text_color\":\"000000\"},{\"route_id\":\"9\",\"route_short_name\":\"9\",\"route_long_name\":\"Hospital&Downtown\",\"route_type\":\"3\",\"route_type_name\":\"Bus\",\"route_color\":\"F69896\",\"route_text_color\":\"000000\"}]"},"geometry":{"type":"Point","coordinates":[-122.470648,48.772375]}},{"type":"Feature","properties":{"stop_id":"1091","stop_code":"1111","stop_name":"Performing Arts Center","stop_desc":"","zone_id":"","stop_url":"","location_type":"","parent_station":"","stop_timezone":"","wheelchair_boarding":"2","feed_id":"Washington__Whatcom_Transportation_Authority__mdb_mdb-284","agency_name":"Whatcom Transportation Authority","route_count":5,"route_ids":"14|14S|190|190S|97","route_short_names":"14|14S|190|190S|97","route_types":"3","route_type_names":"Bus","routes_json":"[{\"route_id\":\"14\",\"route_short_name\":\"14\",\"route_long_name\":\"Fairhaven&Downtown\",\"route_type\":\"3\",\"route_type_name\":\"Bus\",\"route_color\":\"009FC3\",\"route_text_color\":\"FFFFFF\"},{\"route_id\":\"14S\",\"route_short_name\":\"14S\",\"route_long_name\":\"WWU&Billy Frank Jr\",\"route_type\":\"3\",\"route_type_name\":\"Bus\",\"route_color\":\"009FC3\",\"route_text_color\":\"000000\"},{\"route_id\":\"190\",\"route_short_name\":\"190\",\"route_long_name\":\"Lincoln St&Downtown\",\"route_type\":\"3\",\"route_type_name\":\"Bus\",\"route_color\":\"0095DA\",\"route_text_color\":\"FFFFFF\"},{\"route_id\":\"190S\",\"route_short_name\":\"190S\",\"route_long_name\":\"Lincoln St&WWU\",\"route_type\":\"3\",\"route_type_name\":\"Bus\",\"route_color\":\"0095DA\",\"route_text_color\":\"000000\"},{\"route_id\":\"97\",\"route_short_name\":\"97\",\"route_long_name\":\"WWU&Samish\",\"route_type\":\"3\",\"route_type_name\":\"Bus\",\"route_color\":\"034EA2\",\"route_text_color\":\"FFFFFF\"}]"},"geometry":{"type":"Point","coordinates":[-122.486851,48.737876]}},{"type":"Feature","properties":{"stop_id":"1092","stop_code":"1098","stop_name":"Donovan Ave at Happy Valley Park","stop_desc":"","zone_id":"","stop_url":"","location_type":"","parent_station":"","stop_timezone":"","wheelchair_boarding":"2","feed_id":"Washington__Whatcom_Transportation_Authority__mdb_mdb-284","agency_name":"Whatcom Transportation Authority","route_count":1,"route_ids":"7","route_short_names":"7","route_types":"3","route_type_names":"Bus","routes_json":"[{\"route_id\":\"7\",\"route_short_name\":\"7\",\"route_long_name\":\"Samish/WWU&Samish/Downtown\",\"route_type\":\"3\",\"route_type_name\":\"Bus\",\"route_color\":\"0000FF\",\"route_text_color\":\"FFFFFF\"}]"},"geometry":{"type":"Point","coordinates":[-122.481452,48.717333]}},{"type":"Feature","properties":{"stop_id":"1093","stop_code":"1096","stop_name":"Donovan Ave at Happy Valley Park","stop_desc":"","zone_id":"","stop_url":"","location_type":"","parent_station":"","stop_timezone":"","wheelchair_boarding":"2","feed_id":"Washington__Whatcom_Transportation_Authority__mdb_mdb-284","agency_name":"Whatcom Transportation Authority","route_count":1,"route_ids":"7","route_short_names":"7","route_types":"3","route_type_names":"Bus","routes_json":"[{\"route_id\":\"7\",\"route_short_name\":\"7\",\"route_long_name\":\"Samish/WWU&Samish/Downtown\",\"route_type\":\"3\",\"route_type_name\":\"Bus\",\"route_color\":\"0000FF\",\"route_text_color\":\"FFFFFF\"}]"},"geometry":{"type":"Point","coordinates":[-122.481526,48.717463]}},{"type":"Feature","properties":{"stop_id":"1094","stop_code":"7217","stop_name":"Squalicum Lake Rd at Y Rd","stop_desc":"","zone_id":"","stop_url":"","location_type":"","parent_station":"","stop_timezone":"","wheelchair_boarding":"2","feed_id":"Washington__Whatcom_Transportation_Authority__mdb_mdb-284","agency_name":"Whatcom Transportation Authority","route_count":1,"route_ids":"72X","route_short_names":"72X","route_types":"3","route_type_names":"Bus","routes_json":"[{\"route_id\":\"72X\",\"route_short_name\":\"72X\",\"route_long_name\":\"Kendall&Bellingham\",\"route_type\":\"3\",\"route_type_name\":\"Bus\",\"route_color\":\"952D4F\",\"route_text_color\":\"FFFFFF\"}]"},"geometry":{"type":"Point","coordinates":[-122.343914,48.804365]}},{"type":"Feature","properties":{"stop_id":"1095","stop_code":"7207","stop_name":"Y Rd at Squalicum Lake Rd","stop_desc":"","zone_id":"","stop_url":"","location_type":"","parent_station":"","stop_timezone":"","wheelchair_boarding":"2","feed_id":"Washington__Whatcom_Transportation_Authority__mdb_mdb-284","agency_name":"Whatcom Transportation Authority","route_count":1,"route_ids":"72X","route_short_names":"72X","route_types":"3","route_type_names":"Bus","routes_json":"[{\"route_id\":\"72X\",\"route_short_name\":\"72X\",\"route_long_name\":\"Kendall&Bellingham\",\"route_type\":\"3\",\"route_type_name\":\"Bus\",\"route_color\":\"952D4F\",\"route_text_color\":\"FFFFFF\"}]"},"geometry":{"type":"Point","coordinates":[-122.343778,48.804375]}}]}