{"type":"FeatureCollection","features":[{"type":"Feature","properties":{"stop_id":"22nd_street","stop_code":"22nd_street","platform_code":"","stop_name":"22nd Street Station","stop_desc":"","zone_id":"","stop_url":"","location_type":"1","parent_station":"","stop_timezone":"America/Los_Angeles","position":"","direction":"","wheelchair_boarding":"0","tts_stop_name":"twenty second street","feed_id":"California__Caltrain__mdb_mdb-54","agency_name":"Caltrain","route_count":0,"route_ids":"","route_short_names":"","route_types":"","route_type_names":"","routes_json":"[]","metadata_feed_id":"California__Caltrain__mdb_mdb-54","metadata_agency_names":"Caltrain","metadata_ntd_id":"90134","metadata_ntd_match_method":"manual_override","metadata_ntd_agency":"Peninsula Corridor Joint Powers Board, dba: Caltrain","metadata_ntd_city":"San Carlos","metadata_ntd_state":"CA","metadata_gtfs_route_count":5,"metadata_gtfs_trip_count":260,"metadata_gtfs_shape_count":18,"metadata_gtfs_stop_count":106,"metadata_ntd_agency_voms":72,"metadata_ntd_total_facilities":83,"metadata_ntd_maintenance_facilities":3,"metadata_ntd_passenger_stations":31,"metadata_tam_tier":"Tier I (Rail)","metadata_service_area_sq_miles":425,"metadata_service_area_population":3632769,"metadata_route_types_json":"{\"2\":5}","metadata_ntd_facilities_json":"{\"maintenance_facilities\":3,\"administrative_and_other_non_passenger_facilities\":21,\"passenger_stations_and_terminals\":31,\"parking_and_other_passenger_facilities\":28,\"total_facilities\":83,\"bus_transfer_centers\":0,\"elevated_fixed_guideway_stations\":5,\"at_grade_fixed_guideway_stations\":26,\"underground_fixed_guideway_stations\":0,\"simple_at_grade_platform_stations\":0,\"exclusive_grade_separated_platform_stations\":0,\"ferryboat_terminals\":0,\"surface_parking_lots\":26,\"parking_structures\":2}","metadata_tam_modes_json":"{\"CR\":{\"total_units_2024\":517.46,\"units_under_threshold_2024\":159.38,\"voms_2024\":144,\"total_modal_vrm_2024\":18185025,\"total_modal_upt_2024\":22215015}}"},"geometry":{"type":"Point","coordinates":[-122.392492,37.756972]}},{"type":"Feature","properties":{"stop_id":"2537740","stop_code":"2537740","platform_code":"","stop_name":"Stanford Caltrain Northbound","stop_desc":"","zone_id":"2277","stop_url":"","location_type":"0","parent_station":"stanford","stop_timezone":"","position":"","direction":"","wheelchair_boarding":"0","tts_stop_name":"","feed_id":"California__Caltrain__mdb_mdb-54","agency_name":"Caltrain","route_count":0,"route_ids":"","route_short_names":"","route_types":"","route_type_names":"","routes_json":"[]","metadata_feed_id":"California__Caltrain__mdb_mdb-54","metadata_agency_names":"Caltrain","metadata_ntd_id":"90134","metadata_ntd_match_method":"manual_override","metadata_ntd_agency":"Peninsula Corridor Joint Powers Board, dba: Caltrain","metadata_ntd_city":"San Carlos","metadata_ntd_state":"CA","metadata_gtfs_route_count":5,"metadata_gtfs_trip_count":260,"metadata_gtfs_shape_count":18,"metadata_gtfs_stop_count":106,"metadata_ntd_agency_voms":72,"metadata_ntd_total_facilities":83,"metadata_ntd_maintenance_facilities":3,"metadata_ntd_passenger_stations":31,"metadata_tam_tier":"Tier I (Rail)","metadata_service_area_sq_miles":425,"metadata_service_area_population":3632769,"metadata_route_types_json":"{\"2\":5}","metadata_ntd_facilities_json":"{\"maintenance_facilities\":3,\"administrative_and_other_non_passenger_facilities\":21,\"passenger_stations_and_terminals\":31,\"parking_and_other_passenger_facilities\":28,\"total_facilities\":83,\"bus_transfer_centers\":0,\"elevated_fixed_guideway_stations\":5,\"at_grade_fixed_guideway_stations\":26,\"underground_fixed_guideway_stations\":0,\"simple_at_grade_platform_stations\":0,\"exclusive_grade_separated_platform_stations\":0,\"ferryboat_terminals\":0,\"surface_parking_lots\":26,\"parking_structures\":2}","metadata_tam_modes_json":"{\"CR\":{\"total_units_2024\":517.46,\"units_under_threshold_2024\":159.38,\"voms_2024\":144,\"total_modal_vrm_2024\":18185025,\"total_modal_upt_2024\":22215015}}"},"geometry":{"type":"Point","coordinates":[-122.156405244089,37.4384910093506]}},{"type":"Feature","properties":{"stop_id":"2537744","stop_code":"2537744","platform_code":"","stop_name":"Stanford Caltrain Southbound","stop_desc":"","zone_id":"2277","stop_url":"","location_type":"0","parent_station":"stanford","stop_timezone":"","position":"","direction":"","wheelchair_boarding":"0","tts_stop_name":"","feed_id":"California__Caltrain__mdb_mdb-54","agency_name":"Caltrain","route_count":0,"route_ids":"","route_short_names":"","route_types":"","route_type_names":"","routes_json":"[]","metadata_feed_id":"California__Caltrain__mdb_mdb-54","metadata_agency_names":"Caltrain","metadata_ntd_id":"90134","metadata_ntd_match_method":"manual_override","metadata_ntd_agency":"Peninsula Corridor Joint Powers Board, dba: Caltrain","metadata_ntd_city":"San Carlos","metadata_ntd_state":"CA","metadata_gtfs_route_count":5,"metadata_gtfs_trip_count":260,"metadata_gtfs_shape_count":18,"metadata_gtfs_stop_count":106,"metadata_ntd_agency_voms":72,"metadata_ntd_total_facilities":83,"metadata_ntd_maintenance_facilities":3,"metadata_ntd_passenger_stations":31,"metadata_tam_tier":"Tier I (Rail)","metadata_service_area_sq_miles":425,"metadata_service_area_population":3632769,"metadata_route_types_json":"{\"2\":5}","metadata_ntd_facilities_json":"{\"maintenance_facilities\":3,\"administrative_and_other_non_passenger_facilities\":21,\"passenger_stations_and_terminals\":31,\"parking_and_other_passenger_facilities\":28,\"total_facilities\":83,\"bus_transfer_centers\":0,\"elevated_fixed_guideway_stations\":5,\"at_grade_fixed_guideway_stations\":26,\"underground_fixed_guideway_stations\":0,\"simple_at_grade_platform_stations\":0,\"exclusive_grade_separated_platform_stations\":0,\"ferryboat_terminals\":0,\"surface_parking_lots\":26,\"parking_structures\":2}","metadata_tam_modes_json":"{\"CR\":{\"total_units_2024\":517.46,\"units_under_threshold_2024\":159.38,\"voms_2024\":144,\"total_modal_vrm_2024\":18185025,\"total_modal_upt_2024\":22215015}}"},"geometry":{"type":"Point","coordinates":[-122.156481646777,37.438424746398]}},{"type":"Feature","properties":{"stop_id":"70011","stop_code":"70011","platform_code":"","stop_name":"San Francisco Caltrain Northbound","stop_desc":"","zone_id":"2275","stop_url":"","location_type":"0","parent_station":"san_francisco","stop_timezone":"","position":"","direction":"","wheelchair_boarding":"1","tts_stop_name":"","feed_id":"California__Caltrain__mdb_mdb-54","agency_name":"Caltrain","route_count":4,"route_ids":"77122|77121|77119|77120","route_short_names":"Express|Limited|Local Weekday|Local Weekend","route_types":"2","route_type_names":"Rail","routes_json":"[{\"route_id\":\"77122\",\"route_short_name\":\"Express\",\"route_long_name\":\"\",\"route_type\":\"2\",\"route_type_name\":\"Rail\",\"route_color\":\"CE202F\",\"route_text_color\":\"FFFFFF\"},{\"route_id\":\"77121\",\"route_short_name\":\"Limited\",\"route_long_name\":\"\",\"route_type\":\"2\",\"route_type_name\":\"Rail\",\"route_color\":\"99D7DC\",\"route_text_color\":\"000000\"},{\"route_id\":\"77119\",\"route_short_name\":\"Local Weekday\",\"route_long_name\":\"\",\"route_type\":\"2\",\"route_type_name\":\"Rail\",\"route_color\":\"DCDDDE\",\"route_text_color\":\"000000\"},{\"route_id\":\"77120\",\"route_short_name\":\"Local Weekend\",\"route_long_name\":\"\",\"route_type\":\"2\",\"route_type_name\":\"Rail\",\"route_color\":\"DCDDDE\",\"route_text_color\":\"000000\"}]","metadata_feed_id":"California__Caltrain__mdb_mdb-54","metadata_agency_names":"Caltrain","metadata_ntd_id":"90134","metadata_ntd_match_method":"manual_override","metadata_ntd_agency":"Peninsula Corridor Joint Powers Board, dba: Caltrain","metadata_ntd_city":"San Carlos","metadata_ntd_state":"CA","metadata_gtfs_route_count":5,"metadata_gtfs_trip_count":260,"metadata_gtfs_shape_count":18,"metadata_gtfs_stop_count":106,"metadata_ntd_agency_voms":72,"metadata_ntd_total_facilities":83,"metadata_ntd_maintenance_facilities":3,"metadata_ntd_passenger_stations":31,"metadata_tam_tier":"Tier I (Rail)","metadata_service_area_sq_miles":425,"metadata_service_area_population":3632769,"metadata_route_types_json":"{\"2\":5}","metadata_ntd_facilities_json":"{\"maintenance_facilities\":3,\"administrative_and_other_non_passenger_facilities\":21,\"passenger_stations_and_terminals\":31,\"parking_and_other_passenger_facilities\":28,\"total_facilities\":83,\"bus_transfer_centers\":0,\"elevated_fixed_guideway_stations\":5,\"at_grade_fixed_guideway_stations\":26,\"underground_fixed_guideway_stations\":0,\"simple_at_grade_platform_stations\":0,\"exclusive_grade_separated_platform_stations\":0,\"ferryboat_terminals\":0,\"surface_parking_lots\":26,\"parking_structures\":2}","metadata_tam_modes_json":"{\"CR\":{\"total_units_2024\":517.46,\"units_under_threshold_2024\":159.38,\"voms_2024\":144,\"total_modal_vrm_2024\":18185025,\"total_modal_upt_2024\":22215015}}"},"geometry":{"type":"Point","coordinates":[-122.394992,37.77639]}},{"type":"Feature","properties":{"stop_id":"70012","stop_code":"70012","platform_code":"","stop_name":"San Francisco Caltrain Southbound","stop_desc":"","zone_id":"2275","stop_url":"","location_type":"0","parent_station":"san_francisco","stop_timezone":"","position":"","direction":"","wheelchair_boarding":"1","tts_stop_name":"","feed_id":"California__Caltrain__mdb_mdb-54","agency_name":"Caltrain","route_count":4,"route_ids":"77122|77121|77119|77120","route_short_names":"Express|Limited|Local Weekday|Local Weekend","route_types":"2","route_type_names":"Rail","routes_json":"[{\"route_id\":\"77122\",\"route_short_name\":\"Express\",\"route_long_name\":\"\",\"route_type\":\"2\",\"route_type_name\":\"Rail\",\"route_color\":\"CE202F\",\"route_text_color\":\"FFFFFF\"},{\"route_id\":\"77121\",\"route_short_name\":\"Limited\",\"route_long_name\":\"\",\"route_type\":\"2\",\"route_type_name\":\"Rail\",\"route_color\":\"99D7DC\",\"route_text_color\":\"000000\"},{\"route_id\":\"77119\",\"route_short_name\":\"Local Weekday\",\"route_long_name\":\"\",\"route_type\":\"2\",\"route_type_name\":\"Rail\",\"route_color\":\"DCDDDE\",\"route_text_color\":\"000000\"},{\"route_id\":\"77120\",\"route_short_name\":\"Local Weekend\",\"route_long_name\":\"\",\"route_type\":\"2\",\"route_type_name\":\"Rail\",\"route_color\":\"DCDDDE\",\"route_text_color\":\"000000\"}]","metadata_feed_id":"California__Caltrain__mdb_mdb-54","metadata_agency_names":"Caltrain","metadata_ntd_id":"90134","metadata_ntd_match_method":"manual_override","metadata_ntd_agency":"Peninsula Corridor Joint Powers Board, dba: Caltrain","metadata_ntd_city":"San Carlos","metadata_ntd_state":"CA","metadata_gtfs_route_count":5,"metadata_gtfs_trip_count":260,"metadata_gtfs_shape_count":18,"metadata_gtfs_stop_count":106,"metadata_ntd_agency_voms":72,"metadata_ntd_total_facilities":83,"metadata_ntd_maintenance_facilities":3,"metadata_ntd_passenger_stations":31,"metadata_tam_tier":"Tier I (Rail)","metadata_service_area_sq_miles":425,"metadata_service_area_population":3632769,"metadata_route_types_json":"{\"2\":5}","metadata_ntd_facilities_json":"{\"maintenance_facilities\":3,\"administrative_and_other_non_passenger_facilities\":21,\"passenger_stations_and_terminals\":31,\"parking_and_other_passenger_facilities\":28,\"total_facilities\":83,\"bus_transfer_centers\":0,\"elevated_fixed_guideway_stations\":5,\"at_grade_fixed_guideway_stations\":26,\"underground_fixed_guideway_stations\":0,\"simple_at_grade_platform_stations\":0,\"exclusive_grade_separated_platform_stations\":0,\"ferryboat_terminals\":0,\"surface_parking_lots\":26,\"parking_structures\":2}","metadata_tam_modes_json":"{\"CR\":{\"total_units_2024\":517.46,\"units_under_threshold_2024\":159.38,\"voms_2024\":144,\"total_modal_vrm_2024\":18185025,\"total_modal_upt_2024\":22215015}}"},"geometry":{"type":"Point","coordinates":[-122.394935,37.776348]}},{"type":"Feature","properties":{"stop_id":"70021","stop_code":"70021","platform_code":"","stop_name":"22nd Street Caltrain Northbound","stop_desc":"","zone_id":"2275","stop_url":"","location_type":"0","parent_station":"22nd_street","stop_timezone":"","position":"","direction":"","wheelchair_boarding":"2","tts_stop_name":"","feed_id":"California__Caltrain__mdb_mdb-54","agency_name":"Caltrain","route_count":4,"route_ids":"77122|77121|77119|77120","route_short_names":"Express|Limited|Local Weekday|Local Weekend","route_types":"2","route_type_names":"Rail","routes_json":"[{\"route_id\":\"77122\",\"route_short_name\":\"Express\",\"route_long_name\":\"\",\"route_type\":\"2\",\"route_type_name\":\"Rail\",\"route_color\":\"CE202F\",\"route_text_color\":\"FFFFFF\"},{\"route_id\":\"77121\",\"route_short_name\":\"Limited\",\"route_long_name\":\"\",\"route_type\":\"2\",\"route_type_name\":\"Rail\",\"route_color\":\"99D7DC\",\"route_text_color\":\"000000\"},{\"route_id\":\"77119\",\"route_short_name\":\"Local Weekday\",\"route_long_name\":\"\",\"route_type\":\"2\",\"route_type_name\":\"Rail\",\"route_color\":\"DCDDDE\",\"route_text_color\":\"000000\"},{\"route_id\":\"77120\",\"route_short_name\":\"Local Weekend\",\"route_long_name\":\"\",\"route_type\":\"2\",\"route_type_name\":\"Rail\",\"route_color\":\"DCDDDE\",\"route_text_color\":\"000000\"}]","metadata_feed_id":"California__Caltrain__mdb_mdb-54","metadata_agency_names":"Caltrain","metadata_ntd_id":"90134","metadata_ntd_match_method":"manual_override","metadata_ntd_agency":"Peninsula Corridor Joint Powers Board, dba: Caltrain","metadata_ntd_city":"San Carlos","metadata_ntd_state":"CA","metadata_gtfs_route_count":5,"metadata_gtfs_trip_count":260,"metadata_gtfs_shape_count":18,"metadata_gtfs_stop_count":106,"metadata_ntd_agency_voms":72,"metadata_ntd_total_facilities":83,"metadata_ntd_maintenance_facilities":3,"metadata_ntd_passenger_stations":31,"metadata_tam_tier":"Tier I (Rail)","metadata_service_area_sq_miles":425,"metadata_service_area_population":3632769,"metadata_route_types_json":"{\"2\":5}","metadata_ntd_facilities_json":"{\"maintenance_facilities\":3,\"administrative_and_other_non_passenger_facilities\":21,\"passenger_stations_and_terminals\":31,\"parking_and_other_passenger_facilities\":28,\"total_facilities\":83,\"bus_transfer_centers\":0,\"elevated_fixed_guideway_stations\":5,\"at_grade_fixed_guideway_stations\":26,\"underground_fixed_guideway_stations\":0,\"simple_at_grade_platform_stations\":0,\"exclusive_grade_separated_platform_stations\":0,\"ferryboat_terminals\":0,\"surface_parking_lots\":26,\"parking_structures\":2}","metadata_tam_modes_json":"{\"CR\":{\"total_units_2024\":517.46,\"units_under_threshold_2024\":159.38,\"voms_2024\":144,\"total_modal_vrm_2024\":18185025,\"total_modal_upt_2024\":22215015}}"},"geometry":{"type":"Point","coordinates":[-122.39188,37.757599]}},{"type":"Feature","properties":{"stop_id":"70022","stop_code":"70022","platform_code":"","stop_name":"22nd Street Caltrain Southbound","stop_desc":"","zone_id":"2275","stop_url":"","location_type":"0","parent_station":"22nd_street","stop_timezone":"","position":"","direction":"","wheelchair_boarding":"2","tts_stop_name":"","feed_id":"California__Caltrain__mdb_mdb-54","agency_name":"Caltrain","route_count":4,"route_ids":"77122|77121|77119|77120","route_short_names":"Express|Limited|Local Weekday|Local Weekend","route_types":"2","route_type_names":"Rail","routes_json":"[{\"route_id\":\"77122\",\"route_short_name\":\"Express\",\"route_long_name\":\"\",\"route_type\":\"2\",\"route_type_name\":\"Rail\",\"route_color\":\"CE202F\",\"route_text_color\":\"FFFFFF\"},{\"route_id\":\"77121\",\"route_short_name\":\"Limited\",\"route_long_name\":\"\",\"route_type\":\"2\",\"route_type_name\":\"Rail\",\"route_color\":\"99D7DC\",\"route_text_color\":\"000000\"},{\"route_id\":\"77119\",\"route_short_name\":\"Local Weekday\",\"route_long_name\":\"\",\"route_type\":\"2\",\"route_type_name\":\"Rail\",\"route_color\":\"DCDDDE\",\"route_text_color\":\"000000\"},{\"route_id\":\"77120\",\"route_short_name\":\"Local Weekend\",\"route_long_name\":\"\",\"route_type\":\"2\",\"route_type_name\":\"Rail\",\"route_color\":\"DCDDDE\",\"route_text_color\":\"000000\"}]","metadata_feed_id":"California__Caltrain__mdb_mdb-54","metadata_agency_names":"Caltrain","metadata_ntd_id":"90134","metadata_ntd_match_method":"manual_override","metadata_ntd_agency":"Peninsula Corridor Joint Powers Board, dba: Caltrain","metadata_ntd_city":"San Carlos","metadata_ntd_state":"CA","metadata_gtfs_route_count":5,"metadata_gtfs_trip_count":260,"metadata_gtfs_shape_count":18,"metadata_gtfs_stop_count":106,"metadata_ntd_agency_voms":72,"metadata_ntd_total_facilities":83,"metadata_ntd_maintenance_facilities":3,"metadata_ntd_passenger_stations":31,"metadata_tam_tier":"Tier I (Rail)","metadata_service_area_sq_miles":425,"metadata_service_area_population":3632769,"metadata_route_types_json":"{\"2\":5}","metadata_ntd_facilities_json":"{\"maintenance_facilities\":3,\"administrative_and_other_non_passenger_facilities\":21,\"passenger_stations_and_terminals\":31,\"parking_and_other_passenger_facilities\":28,\"total_facilities\":83,\"bus_transfer_centers\":0,\"elevated_fixed_guideway_stations\":5,\"at_grade_fixed_guideway_stations\":26,\"underground_fixed_guideway_stations\":0,\"simple_at_grade_platform_stations\":0,\"exclusive_grade_separated_platform_stations\":0,\"ferryboat_terminals\":0,\"surface_parking_lots\":26,\"parking_structures\":2}","metadata_tam_modes_json":"{\"CR\":{\"total_units_2024\":517.46,\"units_under_threshold_2024\":159.38,\"voms_2024\":144,\"total_modal_vrm_2024\":18185025,\"total_modal_upt_2024\":22215015}}"},"geometry":{"type":"Point","coordinates":[-122.392404,37.757583]}},{"type":"Feature","properties":{"stop_id":"70031","stop_code":"70031","platform_code":"","stop_name":"Bayshore Caltrain Northbound","stop_desc":"","zone_id":"2275","stop_url":"","location_type":"0","parent_station":"bayshore","stop_timezone":"","position":"","direction":"","wheelchair_boarding":"1","tts_stop_name":"","feed_id":"California__Caltrain__mdb_mdb-54","agency_name":"Caltrain","route_count":2,"route_ids":"77119|77120","route_short_names":"Local Weekday|Local Weekend","route_types":"2","route_type_names":"Rail","routes_json":"[{\"route_id\":\"77119\",\"route_short_name\":\"Local Weekday\",\"route_long_name\":\"\",\"route_type\":\"2\",\"route_type_name\":\"Rail\",\"route_color\":\"DCDDDE\",\"route_text_color\":\"000000\"},{\"route_id\":\"77120\",\"route_short_name\":\"Local Weekend\",\"route_long_name\":\"\",\"route_type\":\"2\",\"route_type_name\":\"Rail\",\"route_color\":\"DCDDDE\",\"route_text_color\":\"000000\"}]","metadata_feed_id":"California__Caltrain__mdb_mdb-54","metadata_agency_names":"Caltrain","metadata_ntd_id":"90134","metadata_ntd_match_method":"manual_override","metadata_ntd_agency":"Peninsula Corridor Joint Powers Board, dba: Caltrain","metadata_ntd_city":"San Carlos","metadata_ntd_state":"CA","metadata_gtfs_route_count":5,"metadata_gtfs_trip_count":260,"metadata_gtfs_shape_count":18,"metadata_gtfs_stop_count":106,"metadata_ntd_agency_voms":72,"metadata_ntd_total_facilities":83,"metadata_ntd_maintenance_facilities":3,"metadata_ntd_passenger_stations":31,"metadata_tam_tier":"Tier I (Rail)","metadata_service_area_sq_miles":425,"metadata_service_area_population":3632769,"metadata_route_types_json":"{\"2\":5}","metadata_ntd_facilities_json":"{\"maintenance_facilities\":3,\"administrative_and_other_non_passenger_facilities\":21,\"passenger_stations_and_terminals\":31,\"parking_and_other_passenger_facilities\":28,\"total_facilities\":83,\"bus_transfer_centers\":0,\"elevated_fixed_guideway_stations\":5,\"at_grade_fixed_guideway_stations\":26,\"underground_fixed_guideway_stations\":0,\"simple_at_grade_platform_stations\":0,\"exclusive_grade_separated_platform_stations\":0,\"ferryboat_terminals\":0,\"surface_parking_lots\":26,\"parking_structures\":2}","metadata_tam_modes_json":"{\"CR\":{\"total_units_2024\":517.46,\"units_under_threshold_2024\":159.38,\"voms_2024\":144,\"total_modal_vrm_2024\":18185025,\"total_modal_upt_2024\":22215015}}"},"geometry":{"type":"Point","coordinates":[-122.401586,37.709537]}},{"type":"Feature","properties":{"stop_id":"70032","stop_code":"70032","platform_code":"","stop_name":"Bayshore Caltrain Southbound","stop_desc":"","zone_id":"2275","stop_url":"","location_type":"0","parent_station":"bayshore","stop_timezone":"","position":"","direction":"","wheelchair_boarding":"1","tts_stop_name":"","feed_id":"California__Caltrain__mdb_mdb-54","agency_name":"Caltrain","route_count":2,"route_ids":"77119|77120","route_short_names":"Local Weekday|Local Weekend","route_types":"2","route_type_names":"Rail","routes_json":"[{\"route_id\":\"77119\",\"route_short_name\":\"Local Weekday\",\"route_long_name\":\"\",\"route_type\":\"2\",\"route_type_name\":\"Rail\",\"route_color\":\"DCDDDE\",\"route_text_color\":\"000000\"},{\"route_id\":\"77120\",\"route_short_name\":\"Local Weekend\",\"route_long_name\":\"\",\"route_type\":\"2\",\"route_type_name\":\"Rail\",\"route_color\":\"DCDDDE\",\"route_text_color\":\"000000\"}]","metadata_feed_id":"California__Caltrain__mdb_mdb-54","metadata_agency_names":"Caltrain","metadata_ntd_id":"90134","metadata_ntd_match_method":"manual_override","metadata_ntd_agency":"Peninsula Corridor Joint Powers Board, dba: Caltrain","metadata_ntd_city":"San Carlos","metadata_ntd_state":"CA","metadata_gtfs_route_count":5,"metadata_gtfs_trip_count":260,"metadata_gtfs_shape_count":18,"metadata_gtfs_stop_count":106,"metadata_ntd_agency_voms":72,"metadata_ntd_total_facilities":83,"metadata_ntd_maintenance_facilities":3,"metadata_ntd_passenger_stations":31,"metadata_tam_tier":"Tier I (Rail)","metadata_service_area_sq_miles":425,"metadata_service_area_population":3632769,"metadata_route_types_json":"{\"2\":5}","metadata_ntd_facilities_json":"{\"maintenance_facilities\":3,\"administrative_and_other_non_passenger_facilities\":21,\"passenger_stations_and_terminals\":31,\"parking_and_other_passenger_facilities\":28,\"total_facilities\":83,\"bus_transfer_centers\":0,\"elevated_fixed_guideway_stations\":5,\"at_grade_fixed_guideway_stations\":26,\"underground_fixed_guideway_stations\":0,\"simple_at_grade_platform_stations\":0,\"exclusive_grade_separated_platform_stations\":0,\"ferryboat_terminals\":0,\"surface_parking_lots\":26,\"parking_structures\":2}","metadata_tam_modes_json":"{\"CR\":{\"total_units_2024\":517.46,\"units_under_threshold_2024\":159.38,\"voms_2024\":144,\"total_modal_vrm_2024\":18185025,\"total_modal_upt_2024\":22215015}}"},"geometry":{"type":"Point","coordinates":[-122.40198,37.709544]}},{"type":"Feature","properties":{"stop_id":"70041","stop_code":"70041","platform_code":"","stop_name":"South San Francisco Caltrain Northbound","stop_desc":"","zone_id":"2275","stop_url":"","location_type":"0","parent_station":"south_sf","stop_timezone":"","position":"","direction":"","wheelchair_boarding":"2","tts_stop_name":"","feed_id":"California__Caltrain__mdb_mdb-54","agency_name":"Caltrain","route_count":4,"route_ids":"77122|77121|77119|77120","route_short_names":"Express|Limited|Local Weekday|Local Weekend","route_types":"2","route_type_names":"Rail","routes_json":"[{\"route_id\":\"77122\",\"route_short_name\":\"Express\",\"route_long_name\":\"\",\"route_type\":\"2\",\"route_type_name\":\"Rail\",\"route_color\":\"CE202F\",\"route_text_color\":\"FFFFFF\"},{\"route_id\":\"77121\",\"route_short_name\":\"Limited\",\"route_long_name\":\"\",\"route_type\":\"2\",\"route_type_name\":\"Rail\",\"route_color\":\"99D7DC\",\"route_text_color\":\"000000\"},{\"route_id\":\"77119\",\"route_short_name\":\"Local Weekday\",\"route_long_name\":\"\",\"route_type\":\"2\",\"route_type_name\":\"Rail\",\"route_color\":\"DCDDDE\",\"route_text_color\":\"000000\"},{\"route_id\":\"77120\",\"route_short_name\":\"Local Weekend\",\"route_long_name\":\"\",\"route_type\":\"2\",\"route_type_name\":\"Rail\",\"route_color\":\"DCDDDE\",\"route_text_color\":\"000000\"}]","metadata_feed_id":"California__Caltrain__mdb_mdb-54","metadata_agency_names":"Caltrain","metadata_ntd_id":"90134","metadata_ntd_match_method":"manual_override","metadata_ntd_agency":"Peninsula Corridor Joint Powers Board, dba: Caltrain","metadata_ntd_city":"San Carlos","metadata_ntd_state":"CA","metadata_gtfs_route_count":5,"metadata_gtfs_trip_count":260,"metadata_gtfs_shape_count":18,"metadata_gtfs_stop_count":106,"metadata_ntd_agency_voms":72,"metadata_ntd_total_facilities":83,"metadata_ntd_maintenance_facilities":3,"metadata_ntd_passenger_stations":31,"metadata_tam_tier":"Tier I (Rail)","metadata_service_area_sq_miles":425,"metadata_service_area_population":3632769,"metadata_route_types_json":"{\"2\":5}","metadata_ntd_facilities_json":"{\"maintenance_facilities\":3,\"administrative_and_other_non_passenger_facilities\":21,\"passenger_stations_and_terminals\":31,\"parking_and_other_passenger_facilities\":28,\"total_facilities\":83,\"bus_transfer_centers\":0,\"elevated_fixed_guideway_stations\":5,\"at_grade_fixed_guideway_stations\":26,\"underground_fixed_guideway_stations\":0,\"simple_at_grade_platform_stations\":0,\"exclusive_grade_separated_platform_stations\":0,\"ferryboat_terminals\":0,\"surface_parking_lots\":26,\"parking_structures\":2}","metadata_tam_modes_json":"{\"CR\":{\"total_units_2024\":517.46,\"units_under_threshold_2024\":159.38,\"voms_2024\":144,\"total_modal_vrm_2024\":18185025,\"total_modal_upt_2024\":22215015}}"},"geometry":{"type":"Point","coordinates":[-122.404979051211,37.6559413947962]}},{"type":"Feature","properties":{"stop_id":"70042","stop_code":"70042","platform_code":"","stop_name":"South San Francisco Caltrain Southbound","stop_desc":"","zone_id":"2275","stop_url":"","location_type":"0","parent_station":"south_sf","stop_timezone":"","position":"","direction":"","wheelchair_boarding":"2","tts_stop_name":"","feed_id":"California__Caltrain__mdb_mdb-54","agency_name":"Caltrain","route_count":4,"route_ids":"77122|77121|77119|77120","route_short_names":"Express|Limited|Local Weekday|Local Weekend","route_types":"2","route_type_names":"Rail","routes_json":"[{\"route_id\":\"77122\",\"route_short_name\":\"Express\",\"route_long_name\":\"\",\"route_type\":\"2\",\"route_type_name\":\"Rail\",\"route_color\":\"CE202F\",\"route_text_color\":\"FFFFFF\"},{\"route_id\":\"77121\",\"route_short_name\":\"Limited\",\"route_long_name\":\"\",\"route_type\":\"2\",\"route_type_name\":\"Rail\",\"route_color\":\"99D7DC\",\"route_text_color\":\"000000\"},{\"route_id\":\"77119\",\"route_short_name\":\"Local Weekday\",\"route_long_name\":\"\",\"route_type\":\"2\",\"route_type_name\":\"Rail\",\"route_color\":\"DCDDDE\",\"route_text_color\":\"000000\"},{\"route_id\":\"77120\",\"route_short_name\":\"Local Weekend\",\"route_long_name\":\"\",\"route_type\":\"2\",\"route_type_name\":\"Rail\",\"route_color\":\"DCDDDE\",\"route_text_color\":\"000000\"}]","metadata_feed_id":"California__Caltrain__mdb_mdb-54","metadata_agency_names":"Caltrain","metadata_ntd_id":"90134","metadata_ntd_match_method":"manual_override","metadata_ntd_agency":"Peninsula Corridor Joint Powers Board, dba: Caltrain","metadata_ntd_city":"San Carlos","metadata_ntd_state":"CA","metadata_gtfs_route_count":5,"metadata_gtfs_trip_count":260,"metadata_gtfs_shape_count":18,"metadata_gtfs_stop_count":106,"metadata_ntd_agency_voms":72,"metadata_ntd_total_facilities":83,"metadata_ntd_maintenance_facilities":3,"metadata_ntd_passenger_stations":31,"metadata_tam_tier":"Tier I (Rail)","metadata_service_area_sq_miles":425,"metadata_service_area_population":3632769,"metadata_route_types_json":"{\"2\":5}","metadata_ntd_facilities_json":"{\"maintenance_facilities\":3,\"administrative_and_other_non_passenger_facilities\":21,\"passenger_stations_and_terminals\":31,\"parking_and_other_passenger_facilities\":28,\"total_facilities\":83,\"bus_transfer_centers\":0,\"elevated_fixed_guideway_stations\":5,\"at_grade_fixed_guideway_stations\":26,\"underground_fixed_guideway_stations\":0,\"simple_at_grade_platform_stations\":0,\"exclusive_grade_separated_platform_stations\":0,\"ferryboat_terminals\":0,\"surface_parking_lots\":26,\"parking_structures\":2}","metadata_tam_modes_json":"{\"CR\":{\"total_units_2024\":517.46,\"units_under_threshold_2024\":159.38,\"voms_2024\":144,\"total_modal_vrm_2024\":18185025,\"total_modal_upt_2024\":22215015}}"},"geometry":{"type":"Point","coordinates":[-122.404979709655,37.6559419333549]}},{"type":"Feature","properties":{"stop_id":"70051","stop_code":"70051","platform_code":"","stop_name":"San Bruno Caltrain Northbound","stop_desc":"","zone_id":"2275","stop_url":"","location_type":"0","parent_station":"san_bruno","stop_timezone":"","position":"","direction":"","wheelchair_boarding":"1","tts_stop_name":"","feed_id":"California__Caltrain__mdb_mdb-54","agency_name":"Caltrain","route_count":2,"route_ids":"77119|77120","route_short_names":"Local Weekday|Local Weekend","route_types":"2","route_type_names":"Rail","routes_json":"[{\"route_id\":\"77119\",\"route_short_name\":\"Local Weekday\",\"route_long_name\":\"\",\"route_type\":\"2\",\"route_type_name\":\"Rail\",\"route_color\":\"DCDDDE\",\"route_text_color\":\"000000\"},{\"route_id\":\"77120\",\"route_short_name\":\"Local Weekend\",\"route_long_name\":\"\",\"route_type\":\"2\",\"route_type_name\":\"Rail\",\"route_color\":\"DCDDDE\",\"route_text_color\":\"000000\"}]","metadata_feed_id":"California__Caltrain__mdb_mdb-54","metadata_agency_names":"Caltrain","metadata_ntd_id":"90134","metadata_ntd_match_method":"manual_override","metadata_ntd_agency":"Peninsula Corridor Joint Powers Board, dba: Caltrain","metadata_ntd_city":"San Carlos","metadata_ntd_state":"CA","metadata_gtfs_route_count":5,"metadata_gtfs_trip_count":260,"metadata_gtfs_shape_count":18,"metadata_gtfs_stop_count":106,"metadata_ntd_agency_voms":72,"metadata_ntd_total_facilities":83,"metadata_ntd_maintenance_facilities":3,"metadata_ntd_passenger_stations":31,"metadata_tam_tier":"Tier I (Rail)","metadata_service_area_sq_miles":425,"metadata_service_area_population":3632769,"metadata_route_types_json":"{\"2\":5}","metadata_ntd_facilities_json":"{\"maintenance_facilities\":3,\"administrative_and_other_non_passenger_facilities\":21,\"passenger_stations_and_terminals\":31,\"parking_and_other_passenger_facilities\":28,\"total_facilities\":83,\"bus_transfer_centers\":0,\"elevated_fixed_guideway_stations\":5,\"at_grade_fixed_guideway_stations\":26,\"underground_fixed_guideway_stations\":0,\"simple_at_grade_platform_stations\":0,\"exclusive_grade_separated_platform_stations\":0,\"ferryboat_terminals\":0,\"surface_parking_lots\":26,\"parking_structures\":2}","metadata_tam_modes_json":"{\"CR\":{\"total_units_2024\":517.46,\"units_under_threshold_2024\":159.38,\"voms_2024\":144,\"total_modal_vrm_2024\":18185025,\"total_modal_upt_2024\":22215015}}"},"geometry":{"type":"Point","coordinates":[-122.411592604101,37.6304996012158]}},{"type":"Feature","properties":{"stop_id":"70052","stop_code":"70052","platform_code":"","stop_name":"San Bruno Caltrain Southbound","stop_desc":"","zone_id":"2275","stop_url":"","location_type":"0","parent_station":"san_bruno","stop_timezone":"","position":"","direction":"","wheelchair_boarding":"1","tts_stop_name":"","feed_id":"California__Caltrain__mdb_mdb-54","agency_name":"Caltrain","route_count":2,"route_ids":"77119|77120","route_short_names":"Local Weekday|Local Weekend","route_types":"2","route_type_names":"Rail","routes_json":"[{\"route_id\":\"77119\",\"route_short_name\":\"Local Weekday\",\"route_long_name\":\"\",\"route_type\":\"2\",\"route_type_name\":\"Rail\",\"route_color\":\"DCDDDE\",\"route_text_color\":\"000000\"},{\"route_id\":\"77120\",\"route_short_name\":\"Local Weekend\",\"route_long_name\":\"\",\"route_type\":\"2\",\"route_type_name\":\"Rail\",\"route_color\":\"DCDDDE\",\"route_text_color\":\"000000\"}]","metadata_feed_id":"California__Caltrain__mdb_mdb-54","metadata_agency_names":"Caltrain","metadata_ntd_id":"90134","metadata_ntd_match_method":"manual_override","metadata_ntd_agency":"Peninsula Corridor Joint Powers Board, dba: Caltrain","metadata_ntd_city":"San Carlos","metadata_ntd_state":"CA","metadata_gtfs_route_count":5,"metadata_gtfs_trip_count":260,"metadata_gtfs_shape_count":18,"metadata_gtfs_stop_count":106,"metadata_ntd_agency_voms":72,"metadata_ntd_total_facilities":83,"metadata_ntd_maintenance_facilities":3,"metadata_ntd_passenger_stations":31,"metadata_tam_tier":"Tier I (Rail)","metadata_service_area_sq_miles":425,"metadata_service_area_population":3632769,"metadata_route_types_json":"{\"2\":5}","metadata_ntd_facilities_json":"{\"maintenance_facilities\":3,\"administrative_and_other_non_passenger_facilities\":21,\"passenger_stations_and_terminals\":31,\"parking_and_other_passenger_facilities\":28,\"total_facilities\":83,\"bus_transfer_centers\":0,\"elevated_fixed_guideway_stations\":5,\"at_grade_fixed_guideway_stations\":26,\"underground_fixed_guideway_stations\":0,\"simple_at_grade_platform_stations\":0,\"exclusive_grade_separated_platform_stations\":0,\"ferryboat_terminals\":0,\"surface_parking_lots\":26,\"parking_structures\":2}","metadata_tam_modes_json":"{\"CR\":{\"total_units_2024\":517.46,\"units_under_threshold_2024\":159.38,\"voms_2024\":144,\"total_modal_vrm_2024\":18185025,\"total_modal_upt_2024\":22215015}}"},"geometry":{"type":"Point","coordinates":[-122.411709050687,37.6304605129251]}},{"type":"Feature","properties":{"stop_id":"70061","stop_code":"70061","platform_code":"","stop_name":"Millbrae Caltrain Northbound","stop_desc":"","zone_id":"2276","stop_url":"","location_type":"0","parent_station":"place_MLBR","stop_timezone":"","position":"","direction":"","wheelchair_boarding":"1","tts_stop_name":"","feed_id":"California__Caltrain__mdb_mdb-54","agency_name":"Caltrain","route_count":4,"route_ids":"77122|77121|77119|77120","route_short_names":"Express|Limited|Local Weekday|Local Weekend","route_types":"2","route_type_names":"Rail","routes_json":"[{\"route_id\":\"77122\",\"route_short_name\":\"Express\",\"route_long_name\":\"\",\"route_type\":\"2\",\"route_type_name\":\"Rail\",\"route_color\":\"CE202F\",\"route_text_color\":\"FFFFFF\"},{\"route_id\":\"77121\",\"route_short_name\":\"Limited\",\"route_long_name\":\"\",\"route_type\":\"2\",\"route_type_name\":\"Rail\",\"route_color\":\"99D7DC\",\"route_text_color\":\"000000\"},{\"route_id\":\"77119\",\"route_short_name\":\"Local Weekday\",\"route_long_name\":\"\",\"route_type\":\"2\",\"route_type_name\":\"Rail\",\"route_color\":\"DCDDDE\",\"route_text_color\":\"000000\"},{\"route_id\":\"77120\",\"route_short_name\":\"Local Weekend\",\"route_long_name\":\"\",\"route_type\":\"2\",\"route_type_name\":\"Rail\",\"route_color\":\"DCDDDE\",\"route_text_color\":\"000000\"}]","metadata_feed_id":"California__Caltrain__mdb_mdb-54","metadata_agency_names":"Caltrain","metadata_ntd_id":"90134","metadata_ntd_match_method":"manual_override","metadata_ntd_agency":"Peninsula Corridor Joint Powers Board, dba: Caltrain","metadata_ntd_city":"San Carlos","metadata_ntd_state":"CA","metadata_gtfs_route_count":5,"metadata_gtfs_trip_count":260,"metadata_gtfs_shape_count":18,"metadata_gtfs_stop_count":106,"metadata_ntd_agency_voms":72,"metadata_ntd_total_facilities":83,"metadata_ntd_maintenance_facilities":3,"metadata_ntd_passenger_stations":31,"metadata_tam_tier":"Tier I (Rail)","metadata_service_area_sq_miles":425,"metadata_service_area_population":3632769,"metadata_route_types_json":"{\"2\":5}","metadata_ntd_facilities_json":"{\"maintenance_facilities\":3,\"administrative_and_other_non_passenger_facilities\":21,\"passenger_stations_and_terminals\":31,\"parking_and_other_passenger_facilities\":28,\"total_facilities\":83,\"bus_transfer_centers\":0,\"elevated_fixed_guideway_stations\":5,\"at_grade_fixed_guideway_stations\":26,\"underground_fixed_guideway_stations\":0,\"simple_at_grade_platform_stations\":0,\"exclusive_grade_separated_platform_stations\":0,\"ferryboat_terminals\":0,\"surface_parking_lots\":26,\"parking_structures\":2}","metadata_tam_modes_json":"{\"CR\":{\"total_units_2024\":517.46,\"units_under_threshold_2024\":159.38,\"voms_2024\":144,\"total_modal_vrm_2024\":18185025,\"total_modal_upt_2024\":22215015}}"},"geometry":{"type":"Point","coordinates":[-122.386647,37.59988]}},{"type":"Feature","properties":{"stop_id":"70062","stop_code":"70062","platform_code":"","stop_name":"Millbrae Caltrain Southbound","stop_desc":"","zone_id":"2276","stop_url":"","location_type":"0","parent_station":"place_MLBR","stop_timezone":"","position":"","direction":"","wheelchair_boarding":"1","tts_stop_name":"","feed_id":"California__Caltrain__mdb_mdb-54","agency_name":"Caltrain","route_count":4,"route_ids":"77122|77121|77119|77120","route_short_names":"Express|Limited|Local Weekday|Local Weekend","route_types":"2","route_type_names":"Rail","routes_json":"[{\"route_id\":\"77122\",\"route_short_name\":\"Express\",\"route_long_name\":\"\",\"route_type\":\"2\",\"route_type_name\":\"Rail\",\"route_color\":\"CE202F\",\"route_text_color\":\"FFFFFF\"},{\"route_id\":\"77121\",\"route_short_name\":\"Limited\",\"route_long_name\":\"\",\"route_type\":\"2\",\"route_type_name\":\"Rail\",\"route_color\":\"99D7DC\",\"route_text_color\":\"000000\"},{\"route_id\":\"77119\",\"route_short_name\":\"Local Weekday\",\"route_long_name\":\"\",\"route_type\":\"2\",\"route_type_name\":\"Rail\",\"route_color\":\"DCDDDE\",\"route_text_color\":\"000000\"},{\"route_id\":\"77120\",\"route_short_name\":\"Local Weekend\",\"route_long_name\":\"\",\"route_type\":\"2\",\"route_type_name\":\"Rail\",\"route_color\":\"DCDDDE\",\"route_text_color\":\"000000\"}]","metadata_feed_id":"California__Caltrain__mdb_mdb-54","metadata_agency_names":"Caltrain","metadata_ntd_id":"90134","metadata_ntd_match_method":"manual_override","metadata_ntd_agency":"Peninsula Corridor Joint Powers Board, dba: Caltrain","metadata_ntd_city":"San Carlos","metadata_ntd_state":"CA","metadata_gtfs_route_count":5,"metadata_gtfs_trip_count":260,"metadata_gtfs_shape_count":18,"metadata_gtfs_stop_count":106,"metadata_ntd_agency_voms":72,"metadata_ntd_total_facilities":83,"metadata_ntd_maintenance_facilities":3,"metadata_ntd_passenger_stations":31,"metadata_tam_tier":"Tier I (Rail)","metadata_service_area_sq_miles":425,"metadata_service_area_population":3632769,"metadata_route_types_json":"{\"2\":5}","metadata_ntd_facilities_json":"{\"maintenance_facilities\":3,\"administrative_and_other_non_passenger_facilities\":21,\"passenger_stations_and_terminals\":31,\"parking_and_other_passenger_facilities\":28,\"total_facilities\":83,\"bus_transfer_centers\":0,\"elevated_fixed_guideway_stations\":5,\"at_grade_fixed_guideway_stations\":26,\"underground_fixed_guideway_stations\":0,\"simple_at_grade_platform_stations\":0,\"exclusive_grade_separated_platform_stations\":0,\"ferryboat_terminals\":0,\"surface_parking_lots\":26,\"parking_structures\":2}","metadata_tam_modes_json":"{\"CR\":{\"total_units_2024\":517.46,\"units_under_threshold_2024\":159.38,\"voms_2024\":144,\"total_modal_vrm_2024\":18185025,\"total_modal_upt_2024\":22215015}}"},"geometry":{"type":"Point","coordinates":[-122.386832,37.599797]}},{"type":"Feature","properties":{"stop_id":"70071","stop_code":"70071","platform_code":"","stop_name":"Broadway Caltrain Northbound","stop_desc":"","zone_id":"2276","stop_url":"","location_type":"0","parent_station":"broadway","stop_timezone":"","position":"","direction":"","wheelchair_boarding":"2","tts_stop_name":"","feed_id":"California__Caltrain__mdb_mdb-54","agency_name":"Caltrain","route_count":1,"route_ids":"77120","route_short_names":"Local Weekend","route_types":"2","route_type_names":"Rail","routes_json":"[{\"route_id\":\"77120\",\"route_short_name\":\"Local Weekend\",\"route_long_name\":\"\",\"route_type\":\"2\",\"route_type_name\":\"Rail\",\"route_color\":\"DCDDDE\",\"route_text_color\":\"000000\"}]","metadata_feed_id":"California__Caltrain__mdb_mdb-54","metadata_agency_names":"Caltrain","metadata_ntd_id":"90134","metadata_ntd_match_method":"manual_override","metadata_ntd_agency":"Peninsula Corridor Joint Powers Board, dba: Caltrain","metadata_ntd_city":"San Carlos","metadata_ntd_state":"CA","metadata_gtfs_route_count":5,"metadata_gtfs_trip_count":260,"metadata_gtfs_shape_count":18,"metadata_gtfs_stop_count":106,"metadata_ntd_agency_voms":72,"metadata_ntd_total_facilities":83,"metadata_ntd_maintenance_facilities":3,"metadata_ntd_passenger_stations":31,"metadata_tam_tier":"Tier I (Rail)","metadata_service_area_sq_miles":425,"metadata_service_area_population":3632769,"metadata_route_types_json":"{\"2\":5}","metadata_ntd_facilities_json":"{\"maintenance_facilities\":3,\"administrative_and_other_non_passenger_facilities\":21,\"passenger_stations_and_terminals\":31,\"parking_and_other_passenger_facilities\":28,\"total_facilities\":83,\"bus_transfer_centers\":0,\"elevated_fixed_guideway_stations\":5,\"at_grade_fixed_guideway_stations\":26,\"underground_fixed_guideway_stations\":0,\"simple_at_grade_platform_stations\":0,\"exclusive_grade_separated_platform_stations\":0,\"ferryboat_terminals\":0,\"surface_parking_lots\":26,\"parking_structures\":2}","metadata_tam_modes_json":"{\"CR\":{\"total_units_2024\":517.46,\"units_under_threshold_2024\":159.38,\"voms_2024\":144,\"total_modal_vrm_2024\":18185025,\"total_modal_upt_2024\":22215015}}"},"geometry":{"type":"Point","coordinates":[-122.36265,37.58764]}},{"type":"Feature","properties":{"stop_id":"70072","stop_code":"70072","platform_code":"","stop_name":"Broadway Caltrain Southbound","stop_desc":"","zone_id":"2276","stop_url":"","location_type":"0","parent_station":"broadway","stop_timezone":"","position":"","direction":"","wheelchair_boarding":"2","tts_stop_name":"","feed_id":"California__Caltrain__mdb_mdb-54","agency_name":"Caltrain","route_count":1,"route_ids":"77120","route_short_names":"Local Weekend","route_types":"2","route_type_names":"Rail","routes_json":"[{\"route_id\":\"77120\",\"route_short_name\":\"Local Weekend\",\"route_long_name\":\"\",\"route_type\":\"2\",\"route_type_name\":\"Rail\",\"route_color\":\"DCDDDE\",\"route_text_color\":\"000000\"}]","metadata_feed_id":"California__Caltrain__mdb_mdb-54","metadata_agency_names":"Caltrain","metadata_ntd_id":"90134","metadata_ntd_match_method":"manual_override","metadata_ntd_agency":"Peninsula Corridor Joint Powers Board, dba: Caltrain","metadata_ntd_city":"San Carlos","metadata_ntd_state":"CA","metadata_gtfs_route_count":5,"metadata_gtfs_trip_count":260,"metadata_gtfs_shape_count":18,"metadata_gtfs_stop_count":106,"metadata_ntd_agency_voms":72,"metadata_ntd_total_facilities":83,"metadata_ntd_maintenance_facilities":3,"metadata_ntd_passenger_stations":31,"metadata_tam_tier":"Tier I (Rail)","metadata_service_area_sq_miles":425,"metadata_service_area_population":3632769,"metadata_route_types_json":"{\"2\":5}","metadata_ntd_facilities_json":"{\"maintenance_facilities\":3,\"administrative_and_other_non_passenger_facilities\":21,\"passenger_stations_and_terminals\":31,\"parking_and_other_passenger_facilities\":28,\"total_facilities\":83,\"bus_transfer_centers\":0,\"elevated_fixed_guideway_stations\":5,\"at_grade_fixed_guideway_stations\":26,\"underground_fixed_guideway_stations\":0,\"simple_at_grade_platform_stations\":0,\"exclusive_grade_separated_platform_stations\":0,\"ferryboat_terminals\":0,\"surface_parking_lots\":26,\"parking_structures\":2}","metadata_tam_modes_json":"{\"CR\":{\"total_units_2024\":517.46,\"units_under_threshold_2024\":159.38,\"voms_2024\":144,\"total_modal_vrm_2024\":18185025,\"total_modal_upt_2024\":22215015}}"},"geometry":{"type":"Point","coordinates":[-122.362708,37.587552]}},{"type":"Feature","properties":{"stop_id":"70081","stop_code":"70081","platform_code":"","stop_name":"Burlingame Caltrain Northbound","stop_desc":"","zone_id":"2276","stop_url":"","location_type":"0","parent_station":"burlingame","stop_timezone":"","position":"","direction":"","wheelchair_boarding":"1","tts_stop_name":"","feed_id":"California__Caltrain__mdb_mdb-54","agency_name":"Caltrain","route_count":2,"route_ids":"77119|77120","route_short_names":"Local Weekday|Local Weekend","route_types":"2","route_type_names":"Rail","routes_json":"[{\"route_id\":\"77119\",\"route_short_name\":\"Local Weekday\",\"route_long_name\":\"\",\"route_type\":\"2\",\"route_type_name\":\"Rail\",\"route_color\":\"DCDDDE\",\"route_text_color\":\"000000\"},{\"route_id\":\"77120\",\"route_short_name\":\"Local Weekend\",\"route_long_name\":\"\",\"route_type\":\"2\",\"route_type_name\":\"Rail\",\"route_color\":\"DCDDDE\",\"route_text_color\":\"000000\"}]","metadata_feed_id":"California__Caltrain__mdb_mdb-54","metadata_agency_names":"Caltrain","metadata_ntd_id":"90134","metadata_ntd_match_method":"manual_override","metadata_ntd_agency":"Peninsula Corridor Joint Powers Board, dba: Caltrain","metadata_ntd_city":"San Carlos","metadata_ntd_state":"CA","metadata_gtfs_route_count":5,"metadata_gtfs_trip_count":260,"metadata_gtfs_shape_count":18,"metadata_gtfs_stop_count":106,"metadata_ntd_agency_voms":72,"metadata_ntd_total_facilities":83,"metadata_ntd_maintenance_facilities":3,"metadata_ntd_passenger_stations":31,"metadata_tam_tier":"Tier I (Rail)","metadata_service_area_sq_miles":425,"metadata_service_area_population":3632769,"metadata_route_types_json":"{\"2\":5}","metadata_ntd_facilities_json":"{\"maintenance_facilities\":3,\"administrative_and_other_non_passenger_facilities\":21,\"passenger_stations_and_terminals\":31,\"parking_and_other_passenger_facilities\":28,\"total_facilities\":83,\"bus_transfer_centers\":0,\"elevated_fixed_guideway_stations\":5,\"at_grade_fixed_guideway_stations\":26,\"underground_fixed_guideway_stations\":0,\"simple_at_grade_platform_stations\":0,\"exclusive_grade_separated_platform_stations\":0,\"ferryboat_terminals\":0,\"surface_parking_lots\":26,\"parking_structures\":2}","metadata_tam_modes_json":"{\"CR\":{\"total_units_2024\":517.46,\"units_under_threshold_2024\":159.38,\"voms_2024\":144,\"total_modal_vrm_2024\":18185025,\"total_modal_upt_2024\":22215015}}"},"geometry":{"type":"Point","coordinates":[-122.3449,37.580197]}},{"type":"Feature","properties":{"stop_id":"70082","stop_code":"70082","platform_code":"","stop_name":"Burlingame Caltrain Southbound","stop_desc":"","zone_id":"2276","stop_url":"","location_type":"0","parent_station":"burlingame","stop_timezone":"","position":"","direction":"","wheelchair_boarding":"1","tts_stop_name":"","feed_id":"California__Caltrain__mdb_mdb-54","agency_name":"Caltrain","route_count":2,"route_ids":"77119|77120","route_short_names":"Local Weekday|Local Weekend","route_types":"2","route_type_names":"Rail","routes_json":"[{\"route_id\":\"77119\",\"route_short_name\":\"Local Weekday\",\"route_long_name\":\"\",\"route_type\":\"2\",\"route_type_name\":\"Rail\",\"route_color\":\"DCDDDE\",\"route_text_color\":\"000000\"},{\"route_id\":\"77120\",\"route_short_name\":\"Local Weekend\",\"route_long_name\":\"\",\"route_type\":\"2\",\"route_type_name\":\"Rail\",\"route_color\":\"DCDDDE\",\"route_text_color\":\"000000\"}]","metadata_feed_id":"California__Caltrain__mdb_mdb-54","metadata_agency_names":"Caltrain","metadata_ntd_id":"90134","metadata_ntd_match_method":"manual_override","metadata_ntd_agency":"Peninsula Corridor Joint Powers Board, dba: Caltrain","metadata_ntd_city":"San Carlos","metadata_ntd_state":"CA","metadata_gtfs_route_count":5,"metadata_gtfs_trip_count":260,"metadata_gtfs_shape_count":18,"metadata_gtfs_stop_count":106,"metadata_ntd_agency_voms":72,"metadata_ntd_total_facilities":83,"metadata_ntd_maintenance_facilities":3,"metadata_ntd_passenger_stations":31,"metadata_tam_tier":"Tier I (Rail)","metadata_service_area_sq_miles":425,"metadata_service_area_population":3632769,"metadata_route_types_json":"{\"2\":5}","metadata_ntd_facilities_json":"{\"maintenance_facilities\":3,\"administrative_and_other_non_passenger_facilities\":21,\"passenger_stations_and_terminals\":31,\"parking_and_other_passenger_facilities\":28,\"total_facilities\":83,\"bus_transfer_centers\":0,\"elevated_fixed_guideway_stations\":5,\"at_grade_fixed_guideway_stations\":26,\"underground_fixed_guideway_stations\":0,\"simple_at_grade_platform_stations\":0,\"exclusive_grade_separated_platform_stations\":0,\"ferryboat_terminals\":0,\"surface_parking_lots\":26,\"parking_structures\":2}","metadata_tam_modes_json":"{\"CR\":{\"total_units_2024\":517.46,\"units_under_threshold_2024\":159.38,\"voms_2024\":144,\"total_modal_vrm_2024\":18185025,\"total_modal_upt_2024\":22215015}}"},"geometry":{"type":"Point","coordinates":[-122.345075,37.580186]}},{"type":"Feature","properties":{"stop_id":"70091","stop_code":"70091","platform_code":"","stop_name":"San Mateo Caltrain Northbound","stop_desc":"","zone_id":"2276","stop_url":"","location_type":"0","parent_station":"san_mateo","stop_timezone":"","position":"","direction":"","wheelchair_boarding":"1","tts_stop_name":"","feed_id":"California__Caltrain__mdb_mdb-54","agency_name":"Caltrain","route_count":4,"route_ids":"77122|77121|77119|77120","route_short_names":"Express|Limited|Local Weekday|Local Weekend","route_types":"2","route_type_names":"Rail","routes_json":"[{\"route_id\":\"77122\",\"route_short_name\":\"Express\",\"route_long_name\":\"\",\"route_type\":\"2\",\"route_type_name\":\"Rail\",\"route_color\":\"CE202F\",\"route_text_color\":\"FFFFFF\"},{\"route_id\":\"77121\",\"route_short_name\":\"Limited\",\"route_long_name\":\"\",\"route_type\":\"2\",\"route_type_name\":\"Rail\",\"route_color\":\"99D7DC\",\"route_text_color\":\"000000\"},{\"route_id\":\"77119\",\"route_short_name\":\"Local Weekday\",\"route_long_name\":\"\",\"route_type\":\"2\",\"route_type_name\":\"Rail\",\"route_color\":\"DCDDDE\",\"route_text_color\":\"000000\"},{\"route_id\":\"77120\",\"route_short_name\":\"Local Weekend\",\"route_long_name\":\"\",\"route_type\":\"2\",\"route_type_name\":\"Rail\",\"route_color\":\"DCDDDE\",\"route_text_color\":\"000000\"}]","metadata_feed_id":"California__Caltrain__mdb_mdb-54","metadata_agency_names":"Caltrain","metadata_ntd_id":"90134","metadata_ntd_match_method":"manual_override","metadata_ntd_agency":"Peninsula Corridor Joint Powers Board, dba: Caltrain","metadata_ntd_city":"San Carlos","metadata_ntd_state":"CA","metadata_gtfs_route_count":5,"metadata_gtfs_trip_count":260,"metadata_gtfs_shape_count":18,"metadata_gtfs_stop_count":106,"metadata_ntd_agency_voms":72,"metadata_ntd_total_facilities":83,"metadata_ntd_maintenance_facilities":3,"metadata_ntd_passenger_stations":31,"metadata_tam_tier":"Tier I (Rail)","metadata_service_area_sq_miles":425,"metadata_service_area_population":3632769,"metadata_route_types_json":"{\"2\":5}","metadata_ntd_facilities_json":"{\"maintenance_facilities\":3,\"administrative_and_other_non_passenger_facilities\":21,\"passenger_stations_and_terminals\":31,\"parking_and_other_passenger_facilities\":28,\"total_facilities\":83,\"bus_transfer_centers\":0,\"elevated_fixed_guideway_stations\":5,\"at_grade_fixed_guideway_stations\":26,\"underground_fixed_guideway_stations\":0,\"simple_at_grade_platform_stations\":0,\"exclusive_grade_separated_platform_stations\":0,\"ferryboat_terminals\":0,\"surface_parking_lots\":26,\"parking_structures\":2}","metadata_tam_modes_json":"{\"CR\":{\"total_units_2024\":517.46,\"units_under_threshold_2024\":159.38,\"voms_2024\":144,\"total_modal_vrm_2024\":18185025,\"total_modal_upt_2024\":22215015}}"},"geometry":{"type":"Point","coordinates":[-122.323851,37.568087]}},{"type":"Feature","properties":{"stop_id":"70092","stop_code":"70092","platform_code":"","stop_name":"San Mateo Caltrain Southbound","stop_desc":"","zone_id":"2276","stop_url":"","location_type":"0","parent_station":"san_mateo","stop_timezone":"","position":"","direction":"","wheelchair_boarding":"1","tts_stop_name":"","feed_id":"California__Caltrain__mdb_mdb-54","agency_name":"Caltrain","route_count":4,"route_ids":"77122|77121|77119|77120","route_short_names":"Express|Limited|Local Weekday|Local Weekend","route_types":"2","route_type_names":"Rail","routes_json":"[{\"route_id\":\"77122\",\"route_short_name\":\"Express\",\"route_long_name\":\"\",\"route_type\":\"2\",\"route_type_name\":\"Rail\",\"route_color\":\"CE202F\",\"route_text_color\":\"FFFFFF\"},{\"route_id\":\"77121\",\"route_short_name\":\"Limited\",\"route_long_name\":\"\",\"route_type\":\"2\",\"route_type_name\":\"Rail\",\"route_color\":\"99D7DC\",\"route_text_color\":\"000000\"},{\"route_id\":\"77119\",\"route_short_name\":\"Local Weekday\",\"route_long_name\":\"\",\"route_type\":\"2\",\"route_type_name\":\"Rail\",\"route_color\":\"DCDDDE\",\"route_text_color\":\"000000\"},{\"route_id\":\"77120\",\"route_short_name\":\"Local Weekend\",\"route_long_name\":\"\",\"route_type\":\"2\",\"route_type_name\":\"Rail\",\"route_color\":\"DCDDDE\",\"route_text_color\":\"000000\"}]","metadata_feed_id":"California__Caltrain__mdb_mdb-54","metadata_agency_names":"Caltrain","metadata_ntd_id":"90134","metadata_ntd_match_method":"manual_override","metadata_ntd_agency":"Peninsula Corridor Joint Powers Board, dba: Caltrain","metadata_ntd_city":"San Carlos","metadata_ntd_state":"CA","metadata_gtfs_route_count":5,"metadata_gtfs_trip_count":260,"metadata_gtfs_shape_count":18,"metadata_gtfs_stop_count":106,"metadata_ntd_agency_voms":72,"metadata_ntd_total_facilities":83,"metadata_ntd_maintenance_facilities":3,"metadata_ntd_passenger_stations":31,"metadata_tam_tier":"Tier I (Rail)","metadata_service_area_sq_miles":425,"metadata_service_area_population":3632769,"metadata_route_types_json":"{\"2\":5}","metadata_ntd_facilities_json":"{\"maintenance_facilities\":3,\"administrative_and_other_non_passenger_facilities\":21,\"passenger_stations_and_terminals\":31,\"parking_and_other_passenger_facilities\":28,\"total_facilities\":83,\"bus_transfer_centers\":0,\"elevated_fixed_guideway_stations\":5,\"at_grade_fixed_guideway_stations\":26,\"underground_fixed_guideway_stations\":0,\"simple_at_grade_platform_stations\":0,\"exclusive_grade_separated_platform_stations\":0,\"ferryboat_terminals\":0,\"surface_parking_lots\":26,\"parking_structures\":2}","metadata_tam_modes_json":"{\"CR\":{\"total_units_2024\":517.46,\"units_under_threshold_2024\":159.38,\"voms_2024\":144,\"total_modal_vrm_2024\":18185025,\"total_modal_upt_2024\":22215015}}"},"geometry":{"type":"Point","coordinates":[-122.324092,37.568294]}},{"type":"Feature","properties":{"stop_id":"70101","stop_code":"70101","platform_code":"","stop_name":"Hayward Park Caltrain Northbound","stop_desc":"","zone_id":"2276","stop_url":"","location_type":"0","parent_station":"hayward_park","stop_timezone":"","position":"","direction":"","wheelchair_boarding":"1","tts_stop_name":"","feed_id":"California__Caltrain__mdb_mdb-54","agency_name":"Caltrain","route_count":2,"route_ids":"77119|77120","route_short_names":"Local Weekday|Local Weekend","route_types":"2","route_type_names":"Rail","routes_json":"[{\"route_id\":\"77119\",\"route_short_name\":\"Local Weekday\",\"route_long_name\":\"\",\"route_type\":\"2\",\"route_type_name\":\"Rail\",\"route_color\":\"DCDDDE\",\"route_text_color\":\"000000\"},{\"route_id\":\"77120\",\"route_short_name\":\"Local Weekend\",\"route_long_name\":\"\",\"route_type\":\"2\",\"route_type_name\":\"Rail\",\"route_color\":\"DCDDDE\",\"route_text_color\":\"000000\"}]","metadata_feed_id":"California__Caltrain__mdb_mdb-54","metadata_agency_names":"Caltrain","metadata_ntd_id":"90134","metadata_ntd_match_method":"manual_override","metadata_ntd_agency":"Peninsula Corridor Joint Powers Board, dba: Caltrain","metadata_ntd_city":"San Carlos","metadata_ntd_state":"CA","metadata_gtfs_route_count":5,"metadata_gtfs_trip_count":260,"metadata_gtfs_shape_count":18,"metadata_gtfs_stop_count":106,"metadata_ntd_agency_voms":72,"metadata_ntd_total_facilities":83,"metadata_ntd_maintenance_facilities":3,"metadata_ntd_passenger_stations":31,"metadata_tam_tier":"Tier I (Rail)","metadata_service_area_sq_miles":425,"metadata_service_area_population":3632769,"metadata_route_types_json":"{\"2\":5}","metadata_ntd_facilities_json":"{\"maintenance_facilities\":3,\"administrative_and_other_non_passenger_facilities\":21,\"passenger_stations_and_terminals\":31,\"parking_and_other_passenger_facilities\":28,\"total_facilities\":83,\"bus_transfer_centers\":0,\"elevated_fixed_guideway_stations\":5,\"at_grade_fixed_guideway_stations\":26,\"underground_fixed_guideway_stations\":0,\"simple_at_grade_platform_stations\":0,\"exclusive_grade_separated_platform_stations\":0,\"ferryboat_terminals\":0,\"surface_parking_lots\":26,\"parking_structures\":2}","metadata_tam_modes_json":"{\"CR\":{\"total_units_2024\":517.46,\"units_under_threshold_2024\":159.38,\"voms_2024\":144,\"total_modal_vrm_2024\":18185025,\"total_modal_upt_2024\":22215015}}"},"geometry":{"type":"Point","coordinates":[-122.309338,37.552938]}},{"type":"Feature","properties":{"stop_id":"70102","stop_code":"70102","platform_code":"","stop_name":"Hayward Park Caltrain Southbound","stop_desc":"","zone_id":"2276","stop_url":"","location_type":"0","parent_station":"hayward_park","stop_timezone":"","position":"","direction":"","wheelchair_boarding":"1","tts_stop_name":"","feed_id":"California__Caltrain__mdb_mdb-54","agency_name":"Caltrain","route_count":2,"route_ids":"77119|77120","route_short_names":"Local Weekday|Local Weekend","route_types":"2","route_type_names":"Rail","routes_json":"[{\"route_id\":\"77119\",\"route_short_name\":\"Local Weekday\",\"route_long_name\":\"\",\"route_type\":\"2\",\"route_type_name\":\"Rail\",\"route_color\":\"DCDDDE\",\"route_text_color\":\"000000\"},{\"route_id\":\"77120\",\"route_short_name\":\"Local Weekend\",\"route_long_name\":\"\",\"route_type\":\"2\",\"route_type_name\":\"Rail\",\"route_color\":\"DCDDDE\",\"route_text_color\":\"000000\"}]","metadata_feed_id":"California__Caltrain__mdb_mdb-54","metadata_agency_names":"Caltrain","metadata_ntd_id":"90134","metadata_ntd_match_method":"manual_override","metadata_ntd_agency":"Peninsula Corridor Joint Powers Board, dba: Caltrain","metadata_ntd_city":"San Carlos","metadata_ntd_state":"CA","metadata_gtfs_route_count":5,"metadata_gtfs_trip_count":260,"metadata_gtfs_shape_count":18,"metadata_gtfs_stop_count":106,"metadata_ntd_agency_voms":72,"metadata_ntd_total_facilities":83,"metadata_ntd_maintenance_facilities":3,"metadata_ntd_passenger_stations":31,"metadata_tam_tier":"Tier I (Rail)","metadata_service_area_sq_miles":425,"metadata_service_area_population":3632769,"metadata_route_types_json":"{\"2\":5}","metadata_ntd_facilities_json":"{\"maintenance_facilities\":3,\"administrative_and_other_non_passenger_facilities\":21,\"passenger_stations_and_terminals\":31,\"parking_and_other_passenger_facilities\":28,\"total_facilities\":83,\"bus_transfer_centers\":0,\"elevated_fixed_guideway_stations\":5,\"at_grade_fixed_guideway_stations\":26,\"underground_fixed_guideway_stations\":0,\"simple_at_grade_platform_stations\":0,\"exclusive_grade_separated_platform_stations\":0,\"ferryboat_terminals\":0,\"surface_parking_lots\":26,\"parking_structures\":2}","metadata_tam_modes_json":"{\"CR\":{\"total_units_2024\":517.46,\"units_under_threshold_2024\":159.38,\"voms_2024\":144,\"total_modal_vrm_2024\":18185025,\"total_modal_upt_2024\":22215015}}"},"geometry":{"type":"Point","coordinates":[-122.309608,37.552994]}},{"type":"Feature","properties":{"stop_id":"70111","stop_code":"70111","platform_code":"","stop_name":"Hillsdale Caltrain Northbound","stop_desc":"","zone_id":"2276","stop_url":"","location_type":"0","parent_station":"hillsdale","stop_timezone":"","position":"","direction":"","wheelchair_boarding":"0","tts_stop_name":"","feed_id":"California__Caltrain__mdb_mdb-54","agency_name":"Caltrain","route_count":4,"route_ids":"77122|77121|77119|77120","route_short_names":"Express|Limited|Local Weekday|Local Weekend","route_types":"2","route_type_names":"Rail","routes_json":"[{\"route_id\":\"77122\",\"route_short_name\":\"Express\",\"route_long_name\":\"\",\"route_type\":\"2\",\"route_type_name\":\"Rail\",\"route_color\":\"CE202F\",\"route_text_color\":\"FFFFFF\"},{\"route_id\":\"77121\",\"route_short_name\":\"Limited\",\"route_long_name\":\"\",\"route_type\":\"2\",\"route_type_name\":\"Rail\",\"route_color\":\"99D7DC\",\"route_text_color\":\"000000\"},{\"route_id\":\"77119\",\"route_short_name\":\"Local Weekday\",\"route_long_name\":\"\",\"route_type\":\"2\",\"route_type_name\":\"Rail\",\"route_color\":\"DCDDDE\",\"route_text_color\":\"000000\"},{\"route_id\":\"77120\",\"route_short_name\":\"Local Weekend\",\"route_long_name\":\"\",\"route_type\":\"2\",\"route_type_name\":\"Rail\",\"route_color\":\"DCDDDE\",\"route_text_color\":\"000000\"}]","metadata_feed_id":"California__Caltrain__mdb_mdb-54","metadata_agency_names":"Caltrain","metadata_ntd_id":"90134","metadata_ntd_match_method":"manual_override","metadata_ntd_agency":"Peninsula Corridor Joint Powers Board, dba: Caltrain","metadata_ntd_city":"San Carlos","metadata_ntd_state":"CA","metadata_gtfs_route_count":5,"metadata_gtfs_trip_count":260,"metadata_gtfs_shape_count":18,"metadata_gtfs_stop_count":106,"metadata_ntd_agency_voms":72,"metadata_ntd_total_facilities":83,"metadata_ntd_maintenance_facilities":3,"metadata_ntd_passenger_stations":31,"metadata_tam_tier":"Tier I (Rail)","metadata_service_area_sq_miles":425,"metadata_service_area_population":3632769,"metadata_route_types_json":"{\"2\":5}","metadata_ntd_facilities_json":"{\"maintenance_facilities\":3,\"administrative_and_other_non_passenger_facilities\":21,\"passenger_stations_and_terminals\":31,\"parking_and_other_passenger_facilities\":28,\"total_facilities\":83,\"bus_transfer_centers\":0,\"elevated_fixed_guideway_stations\":5,\"at_grade_fixed_guideway_stations\":26,\"underground_fixed_guideway_stations\":0,\"simple_at_grade_platform_stations\":0,\"exclusive_grade_separated_platform_stations\":0,\"ferryboat_terminals\":0,\"surface_parking_lots\":26,\"parking_structures\":2}","metadata_tam_modes_json":"{\"CR\":{\"total_units_2024\":517.46,\"units_under_threshold_2024\":159.38,\"voms_2024\":144,\"total_modal_vrm_2024\":18185025,\"total_modal_upt_2024\":22215015}}"},"geometry":{"type":"Point","coordinates":[-122.301496636584,37.5426076589713]}},{"type":"Feature","properties":{"stop_id":"70112","stop_code":"70112","platform_code":"","stop_name":"Hillsdale Caltrain Southbound","stop_desc":"","zone_id":"2276","stop_url":"","location_type":"0","parent_station":"hillsdale","stop_timezone":"","position":"","direction":"","wheelchair_boarding":"0","tts_stop_name":"","feed_id":"California__Caltrain__mdb_mdb-54","agency_name":"Caltrain","route_count":4,"route_ids":"77122|77121|77119|77120","route_short_names":"Express|Limited|Local Weekday|Local Weekend","route_types":"2","route_type_names":"Rail","routes_json":"[{\"route_id\":\"77122\",\"route_short_name\":\"Express\",\"route_long_name\":\"\",\"route_type\":\"2\",\"route_type_name\":\"Rail\",\"route_color\":\"CE202F\",\"route_text_color\":\"FFFFFF\"},{\"route_id\":\"77121\",\"route_short_name\":\"Limited\",\"route_long_name\":\"\",\"route_type\":\"2\",\"route_type_name\":\"Rail\",\"route_color\":\"99D7DC\",\"route_text_color\":\"000000\"},{\"route_id\":\"77119\",\"route_short_name\":\"Local Weekday\",\"route_long_name\":\"\",\"route_type\":\"2\",\"route_type_name\":\"Rail\",\"route_color\":\"DCDDDE\",\"route_text_color\":\"000000\"},{\"route_id\":\"77120\",\"route_short_name\":\"Local Weekend\",\"route_long_name\":\"\",\"route_type\":\"2\",\"route_type_name\":\"Rail\",\"route_color\":\"DCDDDE\",\"route_text_color\":\"000000\"}]","metadata_feed_id":"California__Caltrain__mdb_mdb-54","metadata_agency_names":"Caltrain","metadata_ntd_id":"90134","metadata_ntd_match_method":"manual_override","metadata_ntd_agency":"Peninsula Corridor Joint Powers Board, dba: Caltrain","metadata_ntd_city":"San Carlos","metadata_ntd_state":"CA","metadata_gtfs_route_count":5,"metadata_gtfs_trip_count":260,"metadata_gtfs_shape_count":18,"metadata_gtfs_stop_count":106,"metadata_ntd_agency_voms":72,"metadata_ntd_total_facilities":83,"metadata_ntd_maintenance_facilities":3,"metadata_ntd_passenger_stations":31,"metadata_tam_tier":"Tier I (Rail)","metadata_service_area_sq_miles":425,"metadata_service_area_population":3632769,"metadata_route_types_json":"{\"2\":5}","metadata_ntd_facilities_json":"{\"maintenance_facilities\":3,\"administrative_and_other_non_passenger_facilities\":21,\"passenger_stations_and_terminals\":31,\"parking_and_other_passenger_facilities\":28,\"total_facilities\":83,\"bus_transfer_centers\":0,\"elevated_fixed_guideway_stations\":5,\"at_grade_fixed_guideway_stations\":26,\"underground_fixed_guideway_stations\":0,\"simple_at_grade_platform_stations\":0,\"exclusive_grade_separated_platform_stations\":0,\"ferryboat_terminals\":0,\"surface_parking_lots\":26,\"parking_structures\":2}","metadata_tam_modes_json":"{\"CR\":{\"total_units_2024\":517.46,\"units_under_threshold_2024\":159.38,\"voms_2024\":144,\"total_modal_vrm_2024\":18185025,\"total_modal_upt_2024\":22215015}}"},"geometry":{"type":"Point","coordinates":[-122.301666,37.542536]}},{"type":"Feature","properties":{"stop_id":"70121","stop_code":"70121","platform_code":"","stop_name":"Belmont Caltrain Northbound","stop_desc":"","zone_id":"2276","stop_url":"","location_type":"0","parent_station":"belmont","stop_timezone":"","position":"","direction":"","wheelchair_boarding":"1","tts_stop_name":"","feed_id":"California__Caltrain__mdb_mdb-54","agency_name":"Caltrain","route_count":2,"route_ids":"77119|77120","route_short_names":"Local Weekday|Local Weekend","route_types":"2","route_type_names":"Rail","routes_json":"[{\"route_id\":\"77119\",\"route_short_name\":\"Local Weekday\",\"route_long_name\":\"\",\"route_type\":\"2\",\"route_type_name\":\"Rail\",\"route_color\":\"DCDDDE\",\"route_text_color\":\"000000\"},{\"route_id\":\"77120\",\"route_short_name\":\"Local Weekend\",\"route_long_name\":\"\",\"route_type\":\"2\",\"route_type_name\":\"Rail\",\"route_color\":\"DCDDDE\",\"route_text_color\":\"000000\"}]","metadata_feed_id":"California__Caltrain__mdb_mdb-54","metadata_agency_names":"Caltrain","metadata_ntd_id":"90134","metadata_ntd_match_method":"manual_override","metadata_ntd_agency":"Peninsula Corridor Joint Powers Board, dba: Caltrain","metadata_ntd_city":"San Carlos","metadata_ntd_state":"CA","metadata_gtfs_route_count":5,"metadata_gtfs_trip_count":260,"metadata_gtfs_shape_count":18,"metadata_gtfs_stop_count":106,"metadata_ntd_agency_voms":72,"metadata_ntd_total_facilities":83,"metadata_ntd_maintenance_facilities":3,"metadata_ntd_passenger_stations":31,"metadata_tam_tier":"Tier I (Rail)","metadata_service_area_sq_miles":425,"metadata_service_area_population":3632769,"metadata_route_types_json":"{\"2\":5}","metadata_ntd_facilities_json":"{\"maintenance_facilities\":3,\"administrative_and_other_non_passenger_facilities\":21,\"passenger_stations_and_terminals\":31,\"parking_and_other_passenger_facilities\":28,\"total_facilities\":83,\"bus_transfer_centers\":0,\"elevated_fixed_guideway_stations\":5,\"at_grade_fixed_guideway_stations\":26,\"underground_fixed_guideway_stations\":0,\"simple_at_grade_platform_stations\":0,\"exclusive_grade_separated_platform_stations\":0,\"ferryboat_terminals\":0,\"surface_parking_lots\":26,\"parking_structures\":2}","metadata_tam_modes_json":"{\"CR\":{\"total_units_2024\":517.46,\"units_under_threshold_2024\":159.38,\"voms_2024\":144,\"total_modal_vrm_2024\":18185025,\"total_modal_upt_2024\":22215015}}"},"geometry":{"type":"Point","coordinates":[-122.275738,37.52089]}},{"type":"Feature","properties":{"stop_id":"70122","stop_code":"70122","platform_code":"","stop_name":"Belmont Caltrain Southbound","stop_desc":"","zone_id":"2276","stop_url":"","location_type":"0","parent_station":"belmont","stop_timezone":"","position":"","direction":"","wheelchair_boarding":"1","tts_stop_name":"","feed_id":"California__Caltrain__mdb_mdb-54","agency_name":"Caltrain","route_count":2,"route_ids":"77119|77120","route_short_names":"Local Weekday|Local Weekend","route_types":"2","route_type_names":"Rail","routes_json":"[{\"route_id\":\"77119\",\"route_short_name\":\"Local Weekday\",\"route_long_name\":\"\",\"route_type\":\"2\",\"route_type_name\":\"Rail\",\"route_color\":\"DCDDDE\",\"route_text_color\":\"000000\"},{\"route_id\":\"77120\",\"route_short_name\":\"Local Weekend\",\"route_long_name\":\"\",\"route_type\":\"2\",\"route_type_name\":\"Rail\",\"route_color\":\"DCDDDE\",\"route_text_color\":\"000000\"}]","metadata_feed_id":"California__Caltrain__mdb_mdb-54","metadata_agency_names":"Caltrain","metadata_ntd_id":"90134","metadata_ntd_match_method":"manual_override","metadata_ntd_agency":"Peninsula Corridor Joint Powers Board, dba: Caltrain","metadata_ntd_city":"San Carlos","metadata_ntd_state":"CA","metadata_gtfs_route_count":5,"metadata_gtfs_trip_count":260,"metadata_gtfs_shape_count":18,"metadata_gtfs_stop_count":106,"metadata_ntd_agency_voms":72,"metadata_ntd_total_facilities":83,"metadata_ntd_maintenance_facilities":3,"metadata_ntd_passenger_stations":31,"metadata_tam_tier":"Tier I (Rail)","metadata_service_area_sq_miles":425,"metadata_service_area_population":3632769,"metadata_route_types_json":"{\"2\":5}","metadata_ntd_facilities_json":"{\"maintenance_facilities\":3,\"administrative_and_other_non_passenger_facilities\":21,\"passenger_stations_and_terminals\":31,\"parking_and_other_passenger_facilities\":28,\"total_facilities\":83,\"bus_transfer_centers\":0,\"elevated_fixed_guideway_stations\":5,\"at_grade_fixed_guideway_stations\":26,\"underground_fixed_guideway_stations\":0,\"simple_at_grade_platform_stations\":0,\"exclusive_grade_separated_platform_stations\":0,\"ferryboat_terminals\":0,\"surface_parking_lots\":26,\"parking_structures\":2}","metadata_tam_modes_json":"{\"CR\":{\"total_units_2024\":517.46,\"units_under_threshold_2024\":159.38,\"voms_2024\":144,\"total_modal_vrm_2024\":18185025,\"total_modal_upt_2024\":22215015}}"},"geometry":{"type":"Point","coordinates":[-122.275816,37.520844]}},{"type":"Feature","properties":{"stop_id":"70131","stop_code":"70131","platform_code":"","stop_name":"San Carlos Caltrain Northbound","stop_desc":"","zone_id":"2276","stop_url":"","location_type":"0","parent_station":"san_carlos","stop_timezone":"","position":"","direction":"","wheelchair_boarding":"1","tts_stop_name":"","feed_id":"California__Caltrain__mdb_mdb-54","agency_name":"Caltrain","route_count":2,"route_ids":"77119|77120","route_short_names":"Local Weekday|Local Weekend","route_types":"2","route_type_names":"Rail","routes_json":"[{\"route_id\":\"77119\",\"route_short_name\":\"Local Weekday\",\"route_long_name\":\"\",\"route_type\":\"2\",\"route_type_name\":\"Rail\",\"route_color\":\"DCDDDE\",\"route_text_color\":\"000000\"},{\"route_id\":\"77120\",\"route_short_name\":\"Local Weekend\",\"route_long_name\":\"\",\"route_type\":\"2\",\"route_type_name\":\"Rail\",\"route_color\":\"DCDDDE\",\"route_text_color\":\"000000\"}]","metadata_feed_id":"California__Caltrain__mdb_mdb-54","metadata_agency_names":"Caltrain","metadata_ntd_id":"90134","metadata_ntd_match_method":"manual_override","metadata_ntd_agency":"Peninsula Corridor Joint Powers Board, dba: Caltrain","metadata_ntd_city":"San Carlos","metadata_ntd_state":"CA","metadata_gtfs_route_count":5,"metadata_gtfs_trip_count":260,"metadata_gtfs_shape_count":18,"metadata_gtfs_stop_count":106,"metadata_ntd_agency_voms":72,"metadata_ntd_total_facilities":83,"metadata_ntd_maintenance_facilities":3,"metadata_ntd_passenger_stations":31,"metadata_tam_tier":"Tier I (Rail)","metadata_service_area_sq_miles":425,"metadata_service_area_population":3632769,"metadata_route_types_json":"{\"2\":5}","metadata_ntd_facilities_json":"{\"maintenance_facilities\":3,\"administrative_and_other_non_passenger_facilities\":21,\"passenger_stations_and_terminals\":31,\"parking_and_other_passenger_facilities\":28,\"total_facilities\":83,\"bus_transfer_centers\":0,\"elevated_fixed_guideway_stations\":5,\"at_grade_fixed_guideway_stations\":26,\"underground_fixed_guideway_stations\":0,\"simple_at_grade_platform_stations\":0,\"exclusive_grade_separated_platform_stations\":0,\"ferryboat_terminals\":0,\"surface_parking_lots\":26,\"parking_structures\":2}","metadata_tam_modes_json":"{\"CR\":{\"total_units_2024\":517.46,\"units_under_threshold_2024\":159.38,\"voms_2024\":144,\"total_modal_vrm_2024\":18185025,\"total_modal_upt_2024\":22215015}}"},"geometry":{"type":"Point","coordinates":[-122.26015,37.50805]}},{"type":"Feature","properties":{"stop_id":"70132","stop_code":"70132","platform_code":"","stop_name":"San Carlos Caltrain Southbound","stop_desc":"","zone_id":"2276","stop_url":"","location_type":"0","parent_station":"san_carlos","stop_timezone":"","position":"","direction":"","wheelchair_boarding":"1","tts_stop_name":"","feed_id":"California__Caltrain__mdb_mdb-54","agency_name":"Caltrain","route_count":2,"route_ids":"77119|77120","route_short_names":"Local Weekday|Local Weekend","route_types":"2","route_type_names":"Rail","routes_json":"[{\"route_id\":\"77119\",\"route_short_name\":\"Local Weekday\",\"route_long_name\":\"\",\"route_type\":\"2\",\"route_type_name\":\"Rail\",\"route_color\":\"DCDDDE\",\"route_text_color\":\"000000\"},{\"route_id\":\"77120\",\"route_short_name\":\"Local Weekend\",\"route_long_name\":\"\",\"route_type\":\"2\",\"route_type_name\":\"Rail\",\"route_color\":\"DCDDDE\",\"route_text_color\":\"000000\"}]","metadata_feed_id":"California__Caltrain__mdb_mdb-54","metadata_agency_names":"Caltrain","metadata_ntd_id":"90134","metadata_ntd_match_method":"manual_override","metadata_ntd_agency":"Peninsula Corridor Joint Powers Board, dba: Caltrain","metadata_ntd_city":"San Carlos","metadata_ntd_state":"CA","metadata_gtfs_route_count":5,"metadata_gtfs_trip_count":260,"metadata_gtfs_shape_count":18,"metadata_gtfs_stop_count":106,"metadata_ntd_agency_voms":72,"metadata_ntd_total_facilities":83,"metadata_ntd_maintenance_facilities":3,"metadata_ntd_passenger_stations":31,"metadata_tam_tier":"Tier I (Rail)","metadata_service_area_sq_miles":425,"metadata_service_area_population":3632769,"metadata_route_types_json":"{\"2\":5}","metadata_ntd_facilities_json":"{\"maintenance_facilities\":3,\"administrative_and_other_non_passenger_facilities\":21,\"passenger_stations_and_terminals\":31,\"parking_and_other_passenger_facilities\":28,\"total_facilities\":83,\"bus_transfer_centers\":0,\"elevated_fixed_guideway_stations\":5,\"at_grade_fixed_guideway_stations\":26,\"underground_fixed_guideway_stations\":0,\"simple_at_grade_platform_stations\":0,\"exclusive_grade_separated_platform_stations\":0,\"ferryboat_terminals\":0,\"surface_parking_lots\":26,\"parking_structures\":2}","metadata_tam_modes_json":"{\"CR\":{\"total_units_2024\":517.46,\"units_under_threshold_2024\":159.38,\"voms_2024\":144,\"total_modal_vrm_2024\":18185025,\"total_modal_upt_2024\":22215015}}"},"geometry":{"type":"Point","coordinates":[-122.260266,37.507933]}},{"type":"Feature","properties":{"stop_id":"70141","stop_code":"70141","platform_code":"","stop_name":"Redwood City Caltrain Northbound","stop_desc":"","zone_id":"2276","stop_url":"","location_type":"0","parent_station":"redwood_city","stop_timezone":"","position":"","direction":"","wheelchair_boarding":"1","tts_stop_name":"","feed_id":"California__Caltrain__mdb_mdb-54","agency_name":"Caltrain","route_count":4,"route_ids":"77122|77121|77119|77120","route_short_names":"Express|Limited|Local Weekday|Local Weekend","route_types":"2","route_type_names":"Rail","routes_json":"[{\"route_id\":\"77122\",\"route_short_name\":\"Express\",\"route_long_name\":\"\",\"route_type\":\"2\",\"route_type_name\":\"Rail\",\"route_color\":\"CE202F\",\"route_text_color\":\"FFFFFF\"},{\"route_id\":\"77121\",\"route_short_name\":\"Limited\",\"route_long_name\":\"\",\"route_type\":\"2\",\"route_type_name\":\"Rail\",\"route_color\":\"99D7DC\",\"route_text_color\":\"000000\"},{\"route_id\":\"77119\",\"route_short_name\":\"Local Weekday\",\"route_long_name\":\"\",\"route_type\":\"2\",\"route_type_name\":\"Rail\",\"route_color\":\"DCDDDE\",\"route_text_color\":\"000000\"},{\"route_id\":\"77120\",\"route_short_name\":\"Local Weekend\",\"route_long_name\":\"\",\"route_type\":\"2\",\"route_type_name\":\"Rail\",\"route_color\":\"DCDDDE\",\"route_text_color\":\"000000\"}]","metadata_feed_id":"California__Caltrain__mdb_mdb-54","metadata_agency_names":"Caltrain","metadata_ntd_id":"90134","metadata_ntd_match_method":"manual_override","metadata_ntd_agency":"Peninsula Corridor Joint Powers Board, dba: Caltrain","metadata_ntd_city":"San Carlos","metadata_ntd_state":"CA","metadata_gtfs_route_count":5,"metadata_gtfs_trip_count":260,"metadata_gtfs_shape_count":18,"metadata_gtfs_stop_count":106,"metadata_ntd_agency_voms":72,"metadata_ntd_total_facilities":83,"metadata_ntd_maintenance_facilities":3,"metadata_ntd_passenger_stations":31,"metadata_tam_tier":"Tier I (Rail)","metadata_service_area_sq_miles":425,"metadata_service_area_population":3632769,"metadata_route_types_json":"{\"2\":5}","metadata_ntd_facilities_json":"{\"maintenance_facilities\":3,\"administrative_and_other_non_passenger_facilities\":21,\"passenger_stations_and_terminals\":31,\"parking_and_other_passenger_facilities\":28,\"total_facilities\":83,\"bus_transfer_centers\":0,\"elevated_fixed_guideway_stations\":5,\"at_grade_fixed_guideway_stations\":26,\"underground_fixed_guideway_stations\":0,\"simple_at_grade_platform_stations\":0,\"exclusive_grade_separated_platform_stations\":0,\"ferryboat_terminals\":0,\"surface_parking_lots\":26,\"parking_structures\":2}","metadata_tam_modes_json":"{\"CR\":{\"total_units_2024\":517.46,\"units_under_threshold_2024\":159.38,\"voms_2024\":144,\"total_modal_vrm_2024\":18185025,\"total_modal_upt_2024\":22215015}}"},"geometry":{"type":"Point","coordinates":[-122.231936,37.486159]}},{"type":"Feature","properties":{"stop_id":"70142","stop_code":"70142","platform_code":"","stop_name":"Redwood City Caltrain Southbound","stop_desc":"","zone_id":"2276","stop_url":"","location_type":"0","parent_station":"redwood_city","stop_timezone":"","position":"","direction":"","wheelchair_boarding":"1","tts_stop_name":"","feed_id":"California__Caltrain__mdb_mdb-54","agency_name":"Caltrain","route_count":4,"route_ids":"77122|77121|77119|77120","route_short_names":"Express|Limited|Local Weekday|Local Weekend","route_types":"2","route_type_names":"Rail","routes_json":"[{\"route_id\":\"77122\",\"route_short_name\":\"Express\",\"route_long_name\":\"\",\"route_type\":\"2\",\"route_type_name\":\"Rail\",\"route_color\":\"CE202F\",\"route_text_color\":\"FFFFFF\"},{\"route_id\":\"77121\",\"route_short_name\":\"Limited\",\"route_long_name\":\"\",\"route_type\":\"2\",\"route_type_name\":\"Rail\",\"route_color\":\"99D7DC\",\"route_text_color\":\"000000\"},{\"route_id\":\"77119\",\"route_short_name\":\"Local Weekday\",\"route_long_name\":\"\",\"route_type\":\"2\",\"route_type_name\":\"Rail\",\"route_color\":\"DCDDDE\",\"route_text_color\":\"000000\"},{\"route_id\":\"77120\",\"route_short_name\":\"Local Weekend\",\"route_long_name\":\"\",\"route_type\":\"2\",\"route_type_name\":\"Rail\",\"route_color\":\"DCDDDE\",\"route_text_color\":\"000000\"}]","metadata_feed_id":"California__Caltrain__mdb_mdb-54","metadata_agency_names":"Caltrain","metadata_ntd_id":"90134","metadata_ntd_match_method":"manual_override","metadata_ntd_agency":"Peninsula Corridor Joint Powers Board, dba: Caltrain","metadata_ntd_city":"San Carlos","metadata_ntd_state":"CA","metadata_gtfs_route_count":5,"metadata_gtfs_trip_count":260,"metadata_gtfs_shape_count":18,"metadata_gtfs_stop_count":106,"metadata_ntd_agency_voms":72,"metadata_ntd_total_facilities":83,"metadata_ntd_maintenance_facilities":3,"metadata_ntd_passenger_stations":31,"metadata_tam_tier":"Tier I (Rail)","metadata_service_area_sq_miles":425,"metadata_service_area_population":3632769,"metadata_route_types_json":"{\"2\":5}","metadata_ntd_facilities_json":"{\"maintenance_facilities\":3,\"administrative_and_other_non_passenger_facilities\":21,\"passenger_stations_and_terminals\":31,\"parking_and_other_passenger_facilities\":28,\"total_facilities\":83,\"bus_transfer_centers\":0,\"elevated_fixed_guideway_stations\":5,\"at_grade_fixed_guideway_stations\":26,\"underground_fixed_guideway_stations\":0,\"simple_at_grade_platform_stations\":0,\"exclusive_grade_separated_platform_stations\":0,\"ferryboat_terminals\":0,\"surface_parking_lots\":26,\"parking_structures\":2}","metadata_tam_modes_json":"{\"CR\":{\"total_units_2024\":517.46,\"units_under_threshold_2024\":159.38,\"voms_2024\":144,\"total_modal_vrm_2024\":18185025,\"total_modal_upt_2024\":22215015}}"},"geometry":{"type":"Point","coordinates":[-122.232,37.486101]}},{"type":"Feature","properties":{"stop_id":"70161","stop_code":"70161","platform_code":"","stop_name":"Menlo Park Caltrain Northbound","stop_desc":"","zone_id":"2277","stop_url":"","location_type":"0","parent_station":"menlo_park","stop_timezone":"","position":"","direction":"","wheelchair_boarding":"1","tts_stop_name":"","feed_id":"California__Caltrain__mdb_mdb-54","agency_name":"Caltrain","route_count":3,"route_ids":"77121|77119|77120","route_short_names":"Limited|Local Weekday|Local Weekend","route_types":"2","route_type_names":"Rail","routes_json":"[{\"route_id\":\"77121\",\"route_short_name\":\"Limited\",\"route_long_name\":\"\",\"route_type\":\"2\",\"route_type_name\":\"Rail\",\"route_color\":\"99D7DC\",\"route_text_color\":\"000000\"},{\"route_id\":\"77119\",\"route_short_name\":\"Local Weekday\",\"route_long_name\":\"\",\"route_type\":\"2\",\"route_type_name\":\"Rail\",\"route_color\":\"DCDDDE\",\"route_text_color\":\"000000\"},{\"route_id\":\"77120\",\"route_short_name\":\"Local Weekend\",\"route_long_name\":\"\",\"route_type\":\"2\",\"route_type_name\":\"Rail\",\"route_color\":\"DCDDDE\",\"route_text_color\":\"000000\"}]","metadata_feed_id":"California__Caltrain__mdb_mdb-54","metadata_agency_names":"Caltrain","metadata_ntd_id":"90134","metadata_ntd_match_method":"manual_override","metadata_ntd_agency":"Peninsula Corridor Joint Powers Board, dba: Caltrain","metadata_ntd_city":"San Carlos","metadata_ntd_state":"CA","metadata_gtfs_route_count":5,"metadata_gtfs_trip_count":260,"metadata_gtfs_shape_count":18,"metadata_gtfs_stop_count":106,"metadata_ntd_agency_voms":72,"metadata_ntd_total_facilities":83,"metadata_ntd_maintenance_facilities":3,"metadata_ntd_passenger_stations":31,"metadata_tam_tier":"Tier I (Rail)","metadata_service_area_sq_miles":425,"metadata_service_area_population":3632769,"metadata_route_types_json":"{\"2\":5}","metadata_ntd_facilities_json":"{\"maintenance_facilities\":3,\"administrative_and_other_non_passenger_facilities\":21,\"passenger_stations_and_terminals\":31,\"parking_and_other_passenger_facilities\":28,\"total_facilities\":83,\"bus_transfer_centers\":0,\"elevated_fixed_guideway_stations\":5,\"at_grade_fixed_guideway_stations\":26,\"underground_fixed_guideway_stations\":0,\"simple_at_grade_platform_stations\":0,\"exclusive_grade_separated_platform_stations\":0,\"ferryboat_terminals\":0,\"surface_parking_lots\":26,\"parking_structures\":2}","metadata_tam_modes_json":"{\"CR\":{\"total_units_2024\":517.46,\"units_under_threshold_2024\":159.38,\"voms_2024\":144,\"total_modal_vrm_2024\":18185025,\"total_modal_upt_2024\":22215015}}"},"geometry":{"type":"Point","coordinates":[-122.182297,37.454856]}},{"type":"Feature","properties":{"stop_id":"70162","stop_code":"70162","platform_code":"","stop_name":"Menlo Park Caltrain Southbound","stop_desc":"","zone_id":"2277","stop_url":"","location_type":"0","parent_station":"menlo_park","stop_timezone":"","position":"","direction":"","wheelchair_boarding":"1","tts_stop_name":"","feed_id":"California__Caltrain__mdb_mdb-54","agency_name":"Caltrain","route_count":3,"route_ids":"77121|77119|77120","route_short_names":"Limited|Local Weekday|Local Weekend","route_types":"2","route_type_names":"Rail","routes_json":"[{\"route_id\":\"77121\",\"route_short_name\":\"Limited\",\"route_long_name\":\"\",\"route_type\":\"2\",\"route_type_name\":\"Rail\",\"route_color\":\"99D7DC\",\"route_text_color\":\"000000\"},{\"route_id\":\"77119\",\"route_short_name\":\"Local Weekday\",\"route_long_name\":\"\",\"route_type\":\"2\",\"route_type_name\":\"Rail\",\"route_color\":\"DCDDDE\",\"route_text_color\":\"000000\"},{\"route_id\":\"77120\",\"route_short_name\":\"Local Weekend\",\"route_long_name\":\"\",\"route_type\":\"2\",\"route_type_name\":\"Rail\",\"route_color\":\"DCDDDE\",\"route_text_color\":\"000000\"}]","metadata_feed_id":"California__Caltrain__mdb_mdb-54","metadata_agency_names":"Caltrain","metadata_ntd_id":"90134","metadata_ntd_match_method":"manual_override","metadata_ntd_agency":"Peninsula Corridor Joint Powers Board, dba: Caltrain","metadata_ntd_city":"San Carlos","metadata_ntd_state":"CA","metadata_gtfs_route_count":5,"metadata_gtfs_trip_count":260,"metadata_gtfs_shape_count":18,"metadata_gtfs_stop_count":106,"metadata_ntd_agency_voms":72,"metadata_ntd_total_facilities":83,"metadata_ntd_maintenance_facilities":3,"metadata_ntd_passenger_stations":31,"metadata_tam_tier":"Tier I (Rail)","metadata_service_area_sq_miles":425,"metadata_service_area_population":3632769,"metadata_route_types_json":"{\"2\":5}","metadata_ntd_facilities_json":"{\"maintenance_facilities\":3,\"administrative_and_other_non_passenger_facilities\":21,\"passenger_stations_and_terminals\":31,\"parking_and_other_passenger_facilities\":28,\"total_facilities\":83,\"bus_transfer_centers\":0,\"elevated_fixed_guideway_stations\":5,\"at_grade_fixed_guideway_stations\":26,\"underground_fixed_guideway_stations\":0,\"simple_at_grade_platform_stations\":0,\"exclusive_grade_separated_platform_stations\":0,\"ferryboat_terminals\":0,\"surface_parking_lots\":26,\"parking_structures\":2}","metadata_tam_modes_json":"{\"CR\":{\"total_units_2024\":517.46,\"units_under_threshold_2024\":159.38,\"voms_2024\":144,\"total_modal_vrm_2024\":18185025,\"total_modal_upt_2024\":22215015}}"},"geometry":{"type":"Point","coordinates":[-122.182405,37.454745]}},{"type":"Feature","properties":{"stop_id":"70171","stop_code":"70171","platform_code":"","stop_name":"Palo Alto Caltrain Northbound","stop_desc":"","zone_id":"2277","stop_url":"","location_type":"0","parent_station":"palo_alto","stop_timezone":"","position":"","direction":"","wheelchair_boarding":"1","tts_stop_name":"","feed_id":"California__Caltrain__mdb_mdb-54","agency_name":"Caltrain","route_count":4,"route_ids":"77122|77121|77119|77120","route_short_names":"Express|Limited|Local Weekday|Local Weekend","route_types":"2","route_type_names":"Rail","routes_json":"[{\"route_id\":\"77122\",\"route_short_name\":\"Express\",\"route_long_name\":\"\",\"route_type\":\"2\",\"route_type_name\":\"Rail\",\"route_color\":\"CE202F\",\"route_text_color\":\"FFFFFF\"},{\"route_id\":\"77121\",\"route_short_name\":\"Limited\",\"route_long_name\":\"\",\"route_type\":\"2\",\"route_type_name\":\"Rail\",\"route_color\":\"99D7DC\",\"route_text_color\":\"000000\"},{\"route_id\":\"77119\",\"route_short_name\":\"Local Weekday\",\"route_long_name\":\"\",\"route_type\":\"2\",\"route_type_name\":\"Rail\",\"route_color\":\"DCDDDE\",\"route_text_color\":\"000000\"},{\"route_id\":\"77120\",\"route_short_name\":\"Local Weekend\",\"route_long_name\":\"\",\"route_type\":\"2\",\"route_type_name\":\"Rail\",\"route_color\":\"DCDDDE\",\"route_text_color\":\"000000\"}]","metadata_feed_id":"California__Caltrain__mdb_mdb-54","metadata_agency_names":"Caltrain","metadata_ntd_id":"90134","metadata_ntd_match_method":"manual_override","metadata_ntd_agency":"Peninsula Corridor Joint Powers Board, dba: Caltrain","metadata_ntd_city":"San Carlos","metadata_ntd_state":"CA","metadata_gtfs_route_count":5,"metadata_gtfs_trip_count":260,"metadata_gtfs_shape_count":18,"metadata_gtfs_stop_count":106,"metadata_ntd_agency_voms":72,"metadata_ntd_total_facilities":83,"metadata_ntd_maintenance_facilities":3,"metadata_ntd_passenger_stations":31,"metadata_tam_tier":"Tier I (Rail)","metadata_service_area_sq_miles":425,"metadata_service_area_population":3632769,"metadata_route_types_json":"{\"2\":5}","metadata_ntd_facilities_json":"{\"maintenance_facilities\":3,\"administrative_and_other_non_passenger_facilities\":21,\"passenger_stations_and_terminals\":31,\"parking_and_other_passenger_facilities\":28,\"total_facilities\":83,\"bus_transfer_centers\":0,\"elevated_fixed_guideway_stations\":5,\"at_grade_fixed_guideway_stations\":26,\"underground_fixed_guideway_stations\":0,\"simple_at_grade_platform_stations\":0,\"exclusive_grade_separated_platform_stations\":0,\"ferryboat_terminals\":0,\"surface_parking_lots\":26,\"parking_structures\":2}","metadata_tam_modes_json":"{\"CR\":{\"total_units_2024\":517.46,\"units_under_threshold_2024\":159.38,\"voms_2024\":144,\"total_modal_vrm_2024\":18185025,\"total_modal_upt_2024\":22215015}}"},"geometry":{"type":"Point","coordinates":[-122.164614,37.443475]}},{"type":"Feature","properties":{"stop_id":"70172","stop_code":"70172","platform_code":"","stop_name":"Palo Alto Caltrain Southbound","stop_desc":"","zone_id":"2277","stop_url":"","location_type":"0","parent_station":"palo_alto","stop_timezone":"","position":"","direction":"","wheelchair_boarding":"1","tts_stop_name":"","feed_id":"California__Caltrain__mdb_mdb-54","agency_name":"Caltrain","route_count":4,"route_ids":"77122|77121|77119|77120","route_short_names":"Express|Limited|Local Weekday|Local Weekend","route_types":"2","route_type_names":"Rail","routes_json":"[{\"route_id\":\"77122\",\"route_short_name\":\"Express\",\"route_long_name\":\"\",\"route_type\":\"2\",\"route_type_name\":\"Rail\",\"route_color\":\"CE202F\",\"route_text_color\":\"FFFFFF\"},{\"route_id\":\"77121\",\"route_short_name\":\"Limited\",\"route_long_name\":\"\",\"route_type\":\"2\",\"route_type_name\":\"Rail\",\"route_color\":\"99D7DC\",\"route_text_color\":\"000000\"},{\"route_id\":\"77119\",\"route_short_name\":\"Local Weekday\",\"route_long_name\":\"\",\"route_type\":\"2\",\"route_type_name\":\"Rail\",\"route_color\":\"DCDDDE\",\"route_text_color\":\"000000\"},{\"route_id\":\"77120\",\"route_short_name\":\"Local Weekend\",\"route_long_name\":\"\",\"route_type\":\"2\",\"route_type_name\":\"Rail\",\"route_color\":\"DCDDDE\",\"route_text_color\":\"000000\"}]","metadata_feed_id":"California__Caltrain__mdb_mdb-54","metadata_agency_names":"Caltrain","metadata_ntd_id":"90134","metadata_ntd_match_method":"manual_override","metadata_ntd_agency":"Peninsula Corridor Joint Powers Board, dba: Caltrain","metadata_ntd_city":"San Carlos","metadata_ntd_state":"CA","metadata_gtfs_route_count":5,"metadata_gtfs_trip_count":260,"metadata_gtfs_shape_count":18,"metadata_gtfs_stop_count":106,"metadata_ntd_agency_voms":72,"metadata_ntd_total_facilities":83,"metadata_ntd_maintenance_facilities":3,"metadata_ntd_passenger_stations":31,"metadata_tam_tier":"Tier I (Rail)","metadata_service_area_sq_miles":425,"metadata_service_area_population":3632769,"metadata_route_types_json":"{\"2\":5}","metadata_ntd_facilities_json":"{\"maintenance_facilities\":3,\"administrative_and_other_non_passenger_facilities\":21,\"passenger_stations_and_terminals\":31,\"parking_and_other_passenger_facilities\":28,\"total_facilities\":83,\"bus_transfer_centers\":0,\"elevated_fixed_guideway_stations\":5,\"at_grade_fixed_guideway_stations\":26,\"underground_fixed_guideway_stations\":0,\"simple_at_grade_platform_stations\":0,\"exclusive_grade_separated_platform_stations\":0,\"ferryboat_terminals\":0,\"surface_parking_lots\":26,\"parking_structures\":2}","metadata_tam_modes_json":"{\"CR\":{\"total_units_2024\":517.46,\"units_under_threshold_2024\":159.38,\"voms_2024\":144,\"total_modal_vrm_2024\":18185025,\"total_modal_upt_2024\":22215015}}"},"geometry":{"type":"Point","coordinates":[-122.164697,37.443405]}},{"type":"Feature","properties":{"stop_id":"70191","stop_code":"70191","platform_code":"","stop_name":"California Avenue Caltrain Northbound","stop_desc":"","zone_id":"2277","stop_url":"","location_type":"0","parent_station":"california_ave","stop_timezone":"","position":"","direction":"","wheelchair_boarding":"1","tts_stop_name":"","feed_id":"California__Caltrain__mdb_mdb-54","agency_name":"Caltrain","route_count":3,"route_ids":"77121|77119|77120","route_short_names":"Limited|Local Weekday|Local Weekend","route_types":"2","route_type_names":"Rail","routes_json":"[{\"route_id\":\"77121\",\"route_short_name\":\"Limited\",\"route_long_name\":\"\",\"route_type\":\"2\",\"route_type_name\":\"Rail\",\"route_color\":\"99D7DC\",\"route_text_color\":\"000000\"},{\"route_id\":\"77119\",\"route_short_name\":\"Local Weekday\",\"route_long_name\":\"\",\"route_type\":\"2\",\"route_type_name\":\"Rail\",\"route_color\":\"DCDDDE\",\"route_text_color\":\"000000\"},{\"route_id\":\"77120\",\"route_short_name\":\"Local Weekend\",\"route_long_name\":\"\",\"route_type\":\"2\",\"route_type_name\":\"Rail\",\"route_color\":\"DCDDDE\",\"route_text_color\":\"000000\"}]","metadata_feed_id":"California__Caltrain__mdb_mdb-54","metadata_agency_names":"Caltrain","metadata_ntd_id":"90134","metadata_ntd_match_method":"manual_override","metadata_ntd_agency":"Peninsula Corridor Joint Powers Board, dba: Caltrain","metadata_ntd_city":"San Carlos","metadata_ntd_state":"CA","metadata_gtfs_route_count":5,"metadata_gtfs_trip_count":260,"metadata_gtfs_shape_count":18,"metadata_gtfs_stop_count":106,"metadata_ntd_agency_voms":72,"metadata_ntd_total_facilities":83,"metadata_ntd_maintenance_facilities":3,"metadata_ntd_passenger_stations":31,"metadata_tam_tier":"Tier I (Rail)","metadata_service_area_sq_miles":425,"metadata_service_area_population":3632769,"metadata_route_types_json":"{\"2\":5}","metadata_ntd_facilities_json":"{\"maintenance_facilities\":3,\"administrative_and_other_non_passenger_facilities\":21,\"passenger_stations_and_terminals\":31,\"parking_and_other_passenger_facilities\":28,\"total_facilities\":83,\"bus_transfer_centers\":0,\"elevated_fixed_guideway_stations\":5,\"at_grade_fixed_guideway_stations\":26,\"underground_fixed_guideway_stations\":0,\"simple_at_grade_platform_stations\":0,\"exclusive_grade_separated_platform_stations\":0,\"ferryboat_terminals\":0,\"surface_parking_lots\":26,\"parking_structures\":2}","metadata_tam_modes_json":"{\"CR\":{\"total_units_2024\":517.46,\"units_under_threshold_2024\":159.38,\"voms_2024\":144,\"total_modal_vrm_2024\":18185025,\"total_modal_upt_2024\":22215015}}"},"geometry":{"type":"Point","coordinates":[-122.141927,37.429365]}},{"type":"Feature","properties":{"stop_id":"70192","stop_code":"70192","platform_code":"","stop_name":"California Avenue Caltrain Southbound","stop_desc":"","zone_id":"2277","stop_url":"","location_type":"0","parent_station":"california_ave","stop_timezone":"","position":"","direction":"","wheelchair_boarding":"1","tts_stop_name":"","feed_id":"California__Caltrain__mdb_mdb-54","agency_name":"Caltrain","route_count":3,"route_ids":"77121|77119|77120","route_short_names":"Limited|Local Weekday|Local Weekend","route_types":"2","route_type_names":"Rail","routes_json":"[{\"route_id\":\"77121\",\"route_short_name\":\"Limited\",\"route_long_name\":\"\",\"route_type\":\"2\",\"route_type_name\":\"Rail\",\"route_color\":\"99D7DC\",\"route_text_color\":\"000000\"},{\"route_id\":\"77119\",\"route_short_name\":\"Local Weekday\",\"route_long_name\":\"\",\"route_type\":\"2\",\"route_type_name\":\"Rail\",\"route_color\":\"DCDDDE\",\"route_text_color\":\"000000\"},{\"route_id\":\"77120\",\"route_short_name\":\"Local Weekend\",\"route_long_name\":\"\",\"route_type\":\"2\",\"route_type_name\":\"Rail\",\"route_color\":\"DCDDDE\",\"route_text_color\":\"000000\"}]","metadata_feed_id":"California__Caltrain__mdb_mdb-54","metadata_agency_names":"Caltrain","metadata_ntd_id":"90134","metadata_ntd_match_method":"manual_override","metadata_ntd_agency":"Peninsula Corridor Joint Powers Board, dba: Caltrain","metadata_ntd_city":"San Carlos","metadata_ntd_state":"CA","metadata_gtfs_route_count":5,"metadata_gtfs_trip_count":260,"metadata_gtfs_shape_count":18,"metadata_gtfs_stop_count":106,"metadata_ntd_agency_voms":72,"metadata_ntd_total_facilities":83,"metadata_ntd_maintenance_facilities":3,"metadata_ntd_passenger_stations":31,"metadata_tam_tier":"Tier I (Rail)","metadata_service_area_sq_miles":425,"metadata_service_area_population":3632769,"metadata_route_types_json":"{\"2\":5}","metadata_ntd_facilities_json":"{\"maintenance_facilities\":3,\"administrative_and_other_non_passenger_facilities\":21,\"passenger_stations_and_terminals\":31,\"parking_and_other_passenger_facilities\":28,\"total_facilities\":83,\"bus_transfer_centers\":0,\"elevated_fixed_guideway_stations\":5,\"at_grade_fixed_guideway_stations\":26,\"underground_fixed_guideway_stations\":0,\"simple_at_grade_platform_stations\":0,\"exclusive_grade_separated_platform_stations\":0,\"ferryboat_terminals\":0,\"surface_parking_lots\":26,\"parking_structures\":2}","metadata_tam_modes_json":"{\"CR\":{\"total_units_2024\":517.46,\"units_under_threshold_2024\":159.38,\"voms_2024\":144,\"total_modal_vrm_2024\":18185025,\"total_modal_upt_2024\":22215015}}"},"geometry":{"type":"Point","coordinates":[-122.141978,37.429333]}},{"type":"Feature","properties":{"stop_id":"70201","stop_code":"70201","platform_code":"","stop_name":"San Antonio Caltrain Northbound","stop_desc":"","zone_id":"2277","stop_url":"","location_type":"0","parent_station":"san_antonio","stop_timezone":"","position":"","direction":"","wheelchair_boarding":"1","tts_stop_name":"","feed_id":"California__Caltrain__mdb_mdb-54","agency_name":"Caltrain","route_count":3,"route_ids":"77121|77119|77120","route_short_names":"Limited|Local Weekday|Local Weekend","route_types":"2","route_type_names":"Rail","routes_json":"[{\"route_id\":\"77121\",\"route_short_name\":\"Limited\",\"route_long_name\":\"\",\"route_type\":\"2\",\"route_type_name\":\"Rail\",\"route_color\":\"99D7DC\",\"route_text_color\":\"000000\"},{\"route_id\":\"77119\",\"route_short_name\":\"Local Weekday\",\"route_long_name\":\"\",\"route_type\":\"2\",\"route_type_name\":\"Rail\",\"route_color\":\"DCDDDE\",\"route_text_color\":\"000000\"},{\"route_id\":\"77120\",\"route_short_name\":\"Local Weekend\",\"route_long_name\":\"\",\"route_type\":\"2\",\"route_type_name\":\"Rail\",\"route_color\":\"DCDDDE\",\"route_text_color\":\"000000\"}]","metadata_feed_id":"California__Caltrain__mdb_mdb-54","metadata_agency_names":"Caltrain","metadata_ntd_id":"90134","metadata_ntd_match_method":"manual_override","metadata_ntd_agency":"Peninsula Corridor Joint Powers Board, dba: Caltrain","metadata_ntd_city":"San Carlos","metadata_ntd_state":"CA","metadata_gtfs_route_count":5,"metadata_gtfs_trip_count":260,"metadata_gtfs_shape_count":18,"metadata_gtfs_stop_count":106,"metadata_ntd_agency_voms":72,"metadata_ntd_total_facilities":83,"metadata_ntd_maintenance_facilities":3,"metadata_ntd_passenger_stations":31,"metadata_tam_tier":"Tier I (Rail)","metadata_service_area_sq_miles":425,"metadata_service_area_population":3632769,"metadata_route_types_json":"{\"2\":5}","metadata_ntd_facilities_json":"{\"maintenance_facilities\":3,\"administrative_and_other_non_passenger_facilities\":21,\"passenger_stations_and_terminals\":31,\"parking_and_other_passenger_facilities\":28,\"total_facilities\":83,\"bus_transfer_centers\":0,\"elevated_fixed_guideway_stations\":5,\"at_grade_fixed_guideway_stations\":26,\"underground_fixed_guideway_stations\":0,\"simple_at_grade_platform_stations\":0,\"exclusive_grade_separated_platform_stations\":0,\"ferryboat_terminals\":0,\"surface_parking_lots\":26,\"parking_structures\":2}","metadata_tam_modes_json":"{\"CR\":{\"total_units_2024\":517.46,\"units_under_threshold_2024\":159.38,\"voms_2024\":144,\"total_modal_vrm_2024\":18185025,\"total_modal_upt_2024\":22215015}}"},"geometry":{"type":"Point","coordinates":[-122.107002027212,37.4073321573797]}},{"type":"Feature","properties":{"stop_id":"70202","stop_code":"70202","platform_code":"","stop_name":"San Antonio Caltrain Southbound","stop_desc":"","zone_id":"2277","stop_url":"","location_type":"0","parent_station":"san_antonio","stop_timezone":"","position":"","direction":"","wheelchair_boarding":"1","tts_stop_name":"","feed_id":"California__Caltrain__mdb_mdb-54","agency_name":"Caltrain","route_count":3,"route_ids":"77121|77119|77120","route_short_names":"Limited|Local Weekday|Local Weekend","route_types":"2","route_type_names":"Rail","routes_json":"[{\"route_id\":\"77121\",\"route_short_name\":\"Limited\",\"route_long_name\":\"\",\"route_type\":\"2\",\"route_type_name\":\"Rail\",\"route_color\":\"99D7DC\",\"route_text_color\":\"000000\"},{\"route_id\":\"77119\",\"route_short_name\":\"Local Weekday\",\"route_long_name\":\"\",\"route_type\":\"2\",\"route_type_name\":\"Rail\",\"route_color\":\"DCDDDE\",\"route_text_color\":\"000000\"},{\"route_id\":\"77120\",\"route_short_name\":\"Local Weekend\",\"route_long_name\":\"\",\"route_type\":\"2\",\"route_type_name\":\"Rail\",\"route_color\":\"DCDDDE\",\"route_text_color\":\"000000\"}]","metadata_feed_id":"California__Caltrain__mdb_mdb-54","metadata_agency_names":"Caltrain","metadata_ntd_id":"90134","metadata_ntd_match_method":"manual_override","metadata_ntd_agency":"Peninsula Corridor Joint Powers Board, dba: Caltrain","metadata_ntd_city":"San Carlos","metadata_ntd_state":"CA","metadata_gtfs_route_count":5,"metadata_gtfs_trip_count":260,"metadata_gtfs_shape_count":18,"metadata_gtfs_stop_count":106,"metadata_ntd_agency_voms":72,"metadata_ntd_total_facilities":83,"metadata_ntd_maintenance_facilities":3,"metadata_ntd_passenger_stations":31,"metadata_tam_tier":"Tier I (Rail)","metadata_service_area_sq_miles":425,"metadata_service_area_population":3632769,"metadata_route_types_json":"{\"2\":5}","metadata_ntd_facilities_json":"{\"maintenance_facilities\":3,\"administrative_and_other_non_passenger_facilities\":21,\"passenger_stations_and_terminals\":31,\"parking_and_other_passenger_facilities\":28,\"total_facilities\":83,\"bus_transfer_centers\":0,\"elevated_fixed_guideway_stations\":5,\"at_grade_fixed_guideway_stations\":26,\"underground_fixed_guideway_stations\":0,\"simple_at_grade_platform_stations\":0,\"exclusive_grade_separated_platform_stations\":0,\"ferryboat_terminals\":0,\"surface_parking_lots\":26,\"parking_structures\":2}","metadata_tam_modes_json":"{\"CR\":{\"total_units_2024\":517.46,\"units_under_threshold_2024\":159.38,\"voms_2024\":144,\"total_modal_vrm_2024\":18185025,\"total_modal_upt_2024\":22215015}}"},"geometry":{"type":"Point","coordinates":[-122.10711621707,37.407239724099]}},{"type":"Feature","properties":{"stop_id":"70211","stop_code":"70211","platform_code":"","stop_name":"Mountain View Caltrain Northbound","stop_desc":"","zone_id":"2277","stop_url":"","location_type":"0","parent_station":"mountain_view","stop_timezone":"","position":"","direction":"","wheelchair_boarding":"1","tts_stop_name":"","feed_id":"California__Caltrain__mdb_mdb-54","agency_name":"Caltrain","route_count":4,"route_ids":"77122|77121|77119|77120","route_short_names":"Express|Limited|Local Weekday|Local Weekend","route_types":"2","route_type_names":"Rail","routes_json":"[{\"route_id\":\"77122\",\"route_short_name\":\"Express\",\"route_long_name\":\"\",\"route_type\":\"2\",\"route_type_name\":\"Rail\",\"route_color\":\"CE202F\",\"route_text_color\":\"FFFFFF\"},{\"route_id\":\"77121\",\"route_short_name\":\"Limited\",\"route_long_name\":\"\",\"route_type\":\"2\",\"route_type_name\":\"Rail\",\"route_color\":\"99D7DC\",\"route_text_color\":\"000000\"},{\"route_id\":\"77119\",\"route_short_name\":\"Local Weekday\",\"route_long_name\":\"\",\"route_type\":\"2\",\"route_type_name\":\"Rail\",\"route_color\":\"DCDDDE\",\"route_text_color\":\"000000\"},{\"route_id\":\"77120\",\"route_short_name\":\"Local Weekend\",\"route_long_name\":\"\",\"route_type\":\"2\",\"route_type_name\":\"Rail\",\"route_color\":\"DCDDDE\",\"route_text_color\":\"000000\"}]","metadata_feed_id":"California__Caltrain__mdb_mdb-54","metadata_agency_names":"Caltrain","metadata_ntd_id":"90134","metadata_ntd_match_method":"manual_override","metadata_ntd_agency":"Peninsula Corridor Joint Powers Board, dba: Caltrain","metadata_ntd_city":"San Carlos","metadata_ntd_state":"CA","metadata_gtfs_route_count":5,"metadata_gtfs_trip_count":260,"metadata_gtfs_shape_count":18,"metadata_gtfs_stop_count":106,"metadata_ntd_agency_voms":72,"metadata_ntd_total_facilities":83,"metadata_ntd_maintenance_facilities":3,"metadata_ntd_passenger_stations":31,"metadata_tam_tier":"Tier I (Rail)","metadata_service_area_sq_miles":425,"metadata_service_area_population":3632769,"metadata_route_types_json":"{\"2\":5}","metadata_ntd_facilities_json":"{\"maintenance_facilities\":3,\"administrative_and_other_non_passenger_facilities\":21,\"passenger_stations_and_terminals\":31,\"parking_and_other_passenger_facilities\":28,\"total_facilities\":83,\"bus_transfer_centers\":0,\"elevated_fixed_guideway_stations\":5,\"at_grade_fixed_guideway_stations\":26,\"underground_fixed_guideway_stations\":0,\"simple_at_grade_platform_stations\":0,\"exclusive_grade_separated_platform_stations\":0,\"ferryboat_terminals\":0,\"surface_parking_lots\":26,\"parking_structures\":2}","metadata_tam_modes_json":"{\"CR\":{\"total_units_2024\":517.46,\"units_under_threshold_2024\":159.38,\"voms_2024\":144,\"total_modal_vrm_2024\":18185025,\"total_modal_upt_2024\":22215015}}"},"geometry":{"type":"Point","coordinates":[-122.075956,37.394459]}},{"type":"Feature","properties":{"stop_id":"70212","stop_code":"70212","platform_code":"","stop_name":"Mountain View Caltrain Southbound","stop_desc":"","zone_id":"2277","stop_url":"","location_type":"0","parent_station":"mountain_view","stop_timezone":"","position":"","direction":"","wheelchair_boarding":"1","tts_stop_name":"","feed_id":"California__Caltrain__mdb_mdb-54","agency_name":"Caltrain","route_count":4,"route_ids":"77122|77121|77119|77120","route_short_names":"Express|Limited|Local Weekday|Local Weekend","route_types":"2","route_type_names":"Rail","routes_json":"[{\"route_id\":\"77122\",\"route_short_name\":\"Express\",\"route_long_name\":\"\",\"route_type\":\"2\",\"route_type_name\":\"Rail\",\"route_color\":\"CE202F\",\"route_text_color\":\"FFFFFF\"},{\"route_id\":\"77121\",\"route_short_name\":\"Limited\",\"route_long_name\":\"\",\"route_type\":\"2\",\"route_type_name\":\"Rail\",\"route_color\":\"99D7DC\",\"route_text_color\":\"000000\"},{\"route_id\":\"77119\",\"route_short_name\":\"Local Weekday\",\"route_long_name\":\"\",\"route_type\":\"2\",\"route_type_name\":\"Rail\",\"route_color\":\"DCDDDE\",\"route_text_color\":\"000000\"},{\"route_id\":\"77120\",\"route_short_name\":\"Local Weekend\",\"route_long_name\":\"\",\"route_type\":\"2\",\"route_type_name\":\"Rail\",\"route_color\":\"DCDDDE\",\"route_text_color\":\"000000\"}]","metadata_feed_id":"California__Caltrain__mdb_mdb-54","metadata_agency_names":"Caltrain","metadata_ntd_id":"90134","metadata_ntd_match_method":"manual_override","metadata_ntd_agency":"Peninsula Corridor Joint Powers Board, dba: Caltrain","metadata_ntd_city":"San Carlos","metadata_ntd_state":"CA","metadata_gtfs_route_count":5,"metadata_gtfs_trip_count":260,"metadata_gtfs_shape_count":18,"metadata_gtfs_stop_count":106,"metadata_ntd_agency_voms":72,"metadata_ntd_total_facilities":83,"metadata_ntd_maintenance_facilities":3,"metadata_ntd_passenger_stations":31,"metadata_tam_tier":"Tier I (Rail)","metadata_service_area_sq_miles":425,"metadata_service_area_population":3632769,"metadata_route_types_json":"{\"2\":5}","metadata_ntd_facilities_json":"{\"maintenance_facilities\":3,\"administrative_and_other_non_passenger_facilities\":21,\"passenger_stations_and_terminals\":31,\"parking_and_other_passenger_facilities\":28,\"total_facilities\":83,\"bus_transfer_centers\":0,\"elevated_fixed_guideway_stations\":5,\"at_grade_fixed_guideway_stations\":26,\"underground_fixed_guideway_stations\":0,\"simple_at_grade_platform_stations\":0,\"exclusive_grade_separated_platform_stations\":0,\"ferryboat_terminals\":0,\"surface_parking_lots\":26,\"parking_structures\":2}","metadata_tam_modes_json":"{\"CR\":{\"total_units_2024\":517.46,\"units_under_threshold_2024\":159.38,\"voms_2024\":144,\"total_modal_vrm_2024\":18185025,\"total_modal_upt_2024\":22215015}}"},"geometry":{"type":"Point","coordinates":[-122.075994,37.394402]}},{"type":"Feature","properties":{"stop_id":"70221","stop_code":"70221","platform_code":"","stop_name":"Sunnyvale Caltrain Northbound","stop_desc":"","zone_id":"2277","stop_url":"","location_type":"0","parent_station":"sunnyvale","stop_timezone":"","position":"","direction":"","wheelchair_boarding":"1","tts_stop_name":"","feed_id":"California__Caltrain__mdb_mdb-54","agency_name":"Caltrain","route_count":4,"route_ids":"77122|77121|77119|77120","route_short_names":"Express|Limited|Local Weekday|Local Weekend","route_types":"2","route_type_names":"Rail","routes_json":"[{\"route_id\":\"77122\",\"route_short_name\":\"Express\",\"route_long_name\":\"\",\"route_type\":\"2\",\"route_type_name\":\"Rail\",\"route_color\":\"CE202F\",\"route_text_color\":\"FFFFFF\"},{\"route_id\":\"77121\",\"route_short_name\":\"Limited\",\"route_long_name\":\"\",\"route_type\":\"2\",\"route_type_name\":\"Rail\",\"route_color\":\"99D7DC\",\"route_text_color\":\"000000\"},{\"route_id\":\"77119\",\"route_short_name\":\"Local Weekday\",\"route_long_name\":\"\",\"route_type\":\"2\",\"route_type_name\":\"Rail\",\"route_color\":\"DCDDDE\",\"route_text_color\":\"000000\"},{\"route_id\":\"77120\",\"route_short_name\":\"Local Weekend\",\"route_long_name\":\"\",\"route_type\":\"2\",\"route_type_name\":\"Rail\",\"route_color\":\"DCDDDE\",\"route_text_color\":\"000000\"}]","metadata_feed_id":"California__Caltrain__mdb_mdb-54","metadata_agency_names":"Caltrain","metadata_ntd_id":"90134","metadata_ntd_match_method":"manual_override","metadata_ntd_agency":"Peninsula Corridor Joint Powers Board, dba: Caltrain","metadata_ntd_city":"San Carlos","metadata_ntd_state":"CA","metadata_gtfs_route_count":5,"metadata_gtfs_trip_count":260,"metadata_gtfs_shape_count":18,"metadata_gtfs_stop_count":106,"metadata_ntd_agency_voms":72,"metadata_ntd_total_facilities":83,"metadata_ntd_maintenance_facilities":3,"metadata_ntd_passenger_stations":31,"metadata_tam_tier":"Tier I (Rail)","metadata_service_area_sq_miles":425,"metadata_service_area_population":3632769,"metadata_route_types_json":"{\"2\":5}","metadata_ntd_facilities_json":"{\"maintenance_facilities\":3,\"administrative_and_other_non_passenger_facilities\":21,\"passenger_stations_and_terminals\":31,\"parking_and_other_passenger_facilities\":28,\"total_facilities\":83,\"bus_transfer_centers\":0,\"elevated_fixed_guideway_stations\":5,\"at_grade_fixed_guideway_stations\":26,\"underground_fixed_guideway_stations\":0,\"simple_at_grade_platform_stations\":0,\"exclusive_grade_separated_platform_stations\":0,\"ferryboat_terminals\":0,\"surface_parking_lots\":26,\"parking_structures\":2}","metadata_tam_modes_json":"{\"CR\":{\"total_units_2024\":517.46,\"units_under_threshold_2024\":159.38,\"voms_2024\":144,\"total_modal_vrm_2024\":18185025,\"total_modal_upt_2024\":22215015}}"},"geometry":{"type":"Point","coordinates":[-122.031372,37.378916]}},{"type":"Feature","properties":{"stop_id":"70222","stop_code":"70222","platform_code":"","stop_name":"Sunnyvale Caltrain Southbound","stop_desc":"","zone_id":"2277","stop_url":"","location_type":"0","parent_station":"sunnyvale","stop_timezone":"","position":"","direction":"","wheelchair_boarding":"1","tts_stop_name":"","feed_id":"California__Caltrain__mdb_mdb-54","agency_name":"Caltrain","route_count":4,"route_ids":"77122|77121|77119|77120","route_short_names":"Express|Limited|Local Weekday|Local Weekend","route_types":"2","route_type_names":"Rail","routes_json":"[{\"route_id\":\"77122\",\"route_short_name\":\"Express\",\"route_long_name\":\"\",\"route_type\":\"2\",\"route_type_name\":\"Rail\",\"route_color\":\"CE202F\",\"route_text_color\":\"FFFFFF\"},{\"route_id\":\"77121\",\"route_short_name\":\"Limited\",\"route_long_name\":\"\",\"route_type\":\"2\",\"route_type_name\":\"Rail\",\"route_color\":\"99D7DC\",\"route_text_color\":\"000000\"},{\"route_id\":\"77119\",\"route_short_name\":\"Local Weekday\",\"route_long_name\":\"\",\"route_type\":\"2\",\"route_type_name\":\"Rail\",\"route_color\":\"DCDDDE\",\"route_text_color\":\"000000\"},{\"route_id\":\"77120\",\"route_short_name\":\"Local Weekend\",\"route_long_name\":\"\",\"route_type\":\"2\",\"route_type_name\":\"Rail\",\"route_color\":\"DCDDDE\",\"route_text_color\":\"000000\"}]","metadata_feed_id":"California__Caltrain__mdb_mdb-54","metadata_agency_names":"Caltrain","metadata_ntd_id":"90134","metadata_ntd_match_method":"manual_override","metadata_ntd_agency":"Peninsula Corridor Joint Powers Board, dba: Caltrain","metadata_ntd_city":"San Carlos","metadata_ntd_state":"CA","metadata_gtfs_route_count":5,"metadata_gtfs_trip_count":260,"metadata_gtfs_shape_count":18,"metadata_gtfs_stop_count":106,"metadata_ntd_agency_voms":72,"metadata_ntd_total_facilities":83,"metadata_ntd_maintenance_facilities":3,"metadata_ntd_passenger_stations":31,"metadata_tam_tier":"Tier I (Rail)","metadata_service_area_sq_miles":425,"metadata_service_area_population":3632769,"metadata_route_types_json":"{\"2\":5}","metadata_ntd_facilities_json":"{\"maintenance_facilities\":3,\"administrative_and_other_non_passenger_facilities\":21,\"passenger_stations_and_terminals\":31,\"parking_and_other_passenger_facilities\":28,\"total_facilities\":83,\"bus_transfer_centers\":0,\"elevated_fixed_guideway_stations\":5,\"at_grade_fixed_guideway_stations\":26,\"underground_fixed_guideway_stations\":0,\"simple_at_grade_platform_stations\":0,\"exclusive_grade_separated_platform_stations\":0,\"ferryboat_terminals\":0,\"surface_parking_lots\":26,\"parking_structures\":2}","metadata_tam_modes_json":"{\"CR\":{\"total_units_2024\":517.46,\"units_under_threshold_2024\":159.38,\"voms_2024\":144,\"total_modal_vrm_2024\":18185025,\"total_modal_upt_2024\":22215015}}"},"geometry":{"type":"Point","coordinates":[-122.031423,37.378789]}},{"type":"Feature","properties":{"stop_id":"70231","stop_code":"70231","platform_code":"","stop_name":"Lawrence Caltrain Northbound","stop_desc":"","zone_id":"2272","stop_url":"","location_type":"0","parent_station":"lawrence","stop_timezone":"","position":"","direction":"","wheelchair_boarding":"1","tts_stop_name":"","feed_id":"California__Caltrain__mdb_mdb-54","agency_name":"Caltrain","route_count":3,"route_ids":"77121|77119|77120","route_short_names":"Limited|Local Weekday|Local Weekend","route_types":"2","route_type_names":"Rail","routes_json":"[{\"route_id\":\"77121\",\"route_short_name\":\"Limited\",\"route_long_name\":\"\",\"route_type\":\"2\",\"route_type_name\":\"Rail\",\"route_color\":\"99D7DC\",\"route_text_color\":\"000000\"},{\"route_id\":\"77119\",\"route_short_name\":\"Local Weekday\",\"route_long_name\":\"\",\"route_type\":\"2\",\"route_type_name\":\"Rail\",\"route_color\":\"DCDDDE\",\"route_text_color\":\"000000\"},{\"route_id\":\"77120\",\"route_short_name\":\"Local Weekend\",\"route_long_name\":\"\",\"route_type\":\"2\",\"route_type_name\":\"Rail\",\"route_color\":\"DCDDDE\",\"route_text_color\":\"000000\"}]","metadata_feed_id":"California__Caltrain__mdb_mdb-54","metadata_agency_names":"Caltrain","metadata_ntd_id":"90134","metadata_ntd_match_method":"manual_override","metadata_ntd_agency":"Peninsula Corridor Joint Powers Board, dba: Caltrain","metadata_ntd_city":"San Carlos","metadata_ntd_state":"CA","metadata_gtfs_route_count":5,"metadata_gtfs_trip_count":260,"metadata_gtfs_shape_count":18,"metadata_gtfs_stop_count":106,"metadata_ntd_agency_voms":72,"metadata_ntd_total_facilities":83,"metadata_ntd_maintenance_facilities":3,"metadata_ntd_passenger_stations":31,"metadata_tam_tier":"Tier I (Rail)","metadata_service_area_sq_miles":425,"metadata_service_area_population":3632769,"metadata_route_types_json":"{\"2\":5}","metadata_ntd_facilities_json":"{\"maintenance_facilities\":3,\"administrative_and_other_non_passenger_facilities\":21,\"passenger_stations_and_terminals\":31,\"parking_and_other_passenger_facilities\":28,\"total_facilities\":83,\"bus_transfer_centers\":0,\"elevated_fixed_guideway_stations\":5,\"at_grade_fixed_guideway_stations\":26,\"underground_fixed_guideway_stations\":0,\"simple_at_grade_platform_stations\":0,\"exclusive_grade_separated_platform_stations\":0,\"ferryboat_terminals\":0,\"surface_parking_lots\":26,\"parking_structures\":2}","metadata_tam_modes_json":"{\"CR\":{\"total_units_2024\":517.46,\"units_under_threshold_2024\":159.38,\"voms_2024\":144,\"total_modal_vrm_2024\":18185025,\"total_modal_upt_2024\":22215015}}"},"geometry":{"type":"Point","coordinates":[-121.997114,37.370598]}},{"type":"Feature","properties":{"stop_id":"70232","stop_code":"70232","platform_code":"","stop_name":"Lawrence Caltrain Southbound","stop_desc":"","zone_id":"2272","stop_url":"","location_type":"0","parent_station":"lawrence","stop_timezone":"","position":"","direction":"","wheelchair_boarding":"1","tts_stop_name":"","feed_id":"California__Caltrain__mdb_mdb-54","agency_name":"Caltrain","route_count":3,"route_ids":"77121|77119|77120","route_short_names":"Limited|Local Weekday|Local Weekend","route_types":"2","route_type_names":"Rail","routes_json":"[{\"route_id\":\"77121\",\"route_short_name\":\"Limited\",\"route_long_name\":\"\",\"route_type\":\"2\",\"route_type_name\":\"Rail\",\"route_color\":\"99D7DC\",\"route_text_color\":\"000000\"},{\"route_id\":\"77119\",\"route_short_name\":\"Local Weekday\",\"route_long_name\":\"\",\"route_type\":\"2\",\"route_type_name\":\"Rail\",\"route_color\":\"DCDDDE\",\"route_text_color\":\"000000\"},{\"route_id\":\"77120\",\"route_short_name\":\"Local Weekend\",\"route_long_name\":\"\",\"route_type\":\"2\",\"route_type_name\":\"Rail\",\"route_color\":\"DCDDDE\",\"route_text_color\":\"000000\"}]","metadata_feed_id":"California__Caltrain__mdb_mdb-54","metadata_agency_names":"Caltrain","metadata_ntd_id":"90134","metadata_ntd_match_method":"manual_override","metadata_ntd_agency":"Peninsula Corridor Joint Powers Board, dba: Caltrain","metadata_ntd_city":"San Carlos","metadata_ntd_state":"CA","metadata_gtfs_route_count":5,"metadata_gtfs_trip_count":260,"metadata_gtfs_shape_count":18,"metadata_gtfs_stop_count":106,"metadata_ntd_agency_voms":72,"metadata_ntd_total_facilities":83,"metadata_ntd_maintenance_facilities":3,"metadata_ntd_passenger_stations":31,"metadata_tam_tier":"Tier I (Rail)","metadata_service_area_sq_miles":425,"metadata_service_area_population":3632769,"metadata_route_types_json":"{\"2\":5}","metadata_ntd_facilities_json":"{\"maintenance_facilities\":3,\"administrative_and_other_non_passenger_facilities\":21,\"passenger_stations_and_terminals\":31,\"parking_and_other_passenger_facilities\":28,\"total_facilities\":83,\"bus_transfer_centers\":0,\"elevated_fixed_guideway_stations\":5,\"at_grade_fixed_guideway_stations\":26,\"underground_fixed_guideway_stations\":0,\"simple_at_grade_platform_stations\":0,\"exclusive_grade_separated_platform_stations\":0,\"ferryboat_terminals\":0,\"surface_parking_lots\":26,\"parking_structures\":2}","metadata_tam_modes_json":"{\"CR\":{\"total_units_2024\":517.46,\"units_under_threshold_2024\":159.38,\"voms_2024\":144,\"total_modal_vrm_2024\":18185025,\"total_modal_upt_2024\":22215015}}"},"geometry":{"type":"Point","coordinates":[-121.997135,37.370484]}},{"type":"Feature","properties":{"stop_id":"70241","stop_code":"70241","platform_code":"","stop_name":"Santa Clara Caltrain Northbound","stop_desc":"","zone_id":"2272","stop_url":"","location_type":"0","parent_station":"santa_clara","stop_timezone":"","position":"","direction":"","wheelchair_boarding":"1","tts_stop_name":"","feed_id":"California__Caltrain__mdb_mdb-54","agency_name":"Caltrain","route_count":3,"route_ids":"77121|77119|77120","route_short_names":"Limited|Local Weekday|Local Weekend","route_types":"2","route_type_names":"Rail","routes_json":"[{\"route_id\":\"77121\",\"route_short_name\":\"Limited\",\"route_long_name\":\"\",\"route_type\":\"2\",\"route_type_name\":\"Rail\",\"route_color\":\"99D7DC\",\"route_text_color\":\"000000\"},{\"route_id\":\"77119\",\"route_short_name\":\"Local Weekday\",\"route_long_name\":\"\",\"route_type\":\"2\",\"route_type_name\":\"Rail\",\"route_color\":\"DCDDDE\",\"route_text_color\":\"000000\"},{\"route_id\":\"77120\",\"route_short_name\":\"Local Weekend\",\"route_long_name\":\"\",\"route_type\":\"2\",\"route_type_name\":\"Rail\",\"route_color\":\"DCDDDE\",\"route_text_color\":\"000000\"}]","metadata_feed_id":"California__Caltrain__mdb_mdb-54","metadata_agency_names":"Caltrain","metadata_ntd_id":"90134","metadata_ntd_match_method":"manual_override","metadata_ntd_agency":"Peninsula Corridor Joint Powers Board, dba: Caltrain","metadata_ntd_city":"San Carlos","metadata_ntd_state":"CA","metadata_gtfs_route_count":5,"metadata_gtfs_trip_count":260,"metadata_gtfs_shape_count":18,"metadata_gtfs_stop_count":106,"metadata_ntd_agency_voms":72,"metadata_ntd_total_facilities":83,"metadata_ntd_maintenance_facilities":3,"metadata_ntd_passenger_stations":31,"metadata_tam_tier":"Tier I (Rail)","metadata_service_area_sq_miles":425,"metadata_service_area_population":3632769,"metadata_route_types_json":"{\"2\":5}","metadata_ntd_facilities_json":"{\"maintenance_facilities\":3,\"administrative_and_other_non_passenger_facilities\":21,\"passenger_stations_and_terminals\":31,\"parking_and_other_passenger_facilities\":28,\"total_facilities\":83,\"bus_transfer_centers\":0,\"elevated_fixed_guideway_stations\":5,\"at_grade_fixed_guideway_stations\":26,\"underground_fixed_guideway_stations\":0,\"simple_at_grade_platform_stations\":0,\"exclusive_grade_separated_platform_stations\":0,\"ferryboat_terminals\":0,\"surface_parking_lots\":26,\"parking_structures\":2}","metadata_tam_modes_json":"{\"CR\":{\"total_units_2024\":517.46,\"units_under_threshold_2024\":159.38,\"voms_2024\":144,\"total_modal_vrm_2024\":18185025,\"total_modal_upt_2024\":22215015}}"},"geometry":{"type":"Point","coordinates":[-121.93608,37.353238]}},{"type":"Feature","properties":{"stop_id":"70242","stop_code":"70242","platform_code":"","stop_name":"Santa Clara Caltrain Southbound","stop_desc":"","zone_id":"2272","stop_url":"","location_type":"0","parent_station":"santa_clara","stop_timezone":"","position":"","direction":"","wheelchair_boarding":"1","tts_stop_name":"","feed_id":"California__Caltrain__mdb_mdb-54","agency_name":"Caltrain","route_count":3,"route_ids":"77121|77119|77120","route_short_names":"Limited|Local Weekday|Local Weekend","route_types":"2","route_type_names":"Rail","routes_json":"[{\"route_id\":\"77121\",\"route_short_name\":\"Limited\",\"route_long_name\":\"\",\"route_type\":\"2\",\"route_type_name\":\"Rail\",\"route_color\":\"99D7DC\",\"route_text_color\":\"000000\"},{\"route_id\":\"77119\",\"route_short_name\":\"Local Weekday\",\"route_long_name\":\"\",\"route_type\":\"2\",\"route_type_name\":\"Rail\",\"route_color\":\"DCDDDE\",\"route_text_color\":\"000000\"},{\"route_id\":\"77120\",\"route_short_name\":\"Local Weekend\",\"route_long_name\":\"\",\"route_type\":\"2\",\"route_type_name\":\"Rail\",\"route_color\":\"DCDDDE\",\"route_text_color\":\"000000\"}]","metadata_feed_id":"California__Caltrain__mdb_mdb-54","metadata_agency_names":"Caltrain","metadata_ntd_id":"90134","metadata_ntd_match_method":"manual_override","metadata_ntd_agency":"Peninsula Corridor Joint Powers Board, dba: Caltrain","metadata_ntd_city":"San Carlos","metadata_ntd_state":"CA","metadata_gtfs_route_count":5,"metadata_gtfs_trip_count":260,"metadata_gtfs_shape_count":18,"metadata_gtfs_stop_count":106,"metadata_ntd_agency_voms":72,"metadata_ntd_total_facilities":83,"metadata_ntd_maintenance_facilities":3,"metadata_ntd_passenger_stations":31,"metadata_tam_tier":"Tier I (Rail)","metadata_service_area_sq_miles":425,"metadata_service_area_population":3632769,"metadata_route_types_json":"{\"2\":5}","metadata_ntd_facilities_json":"{\"maintenance_facilities\":3,\"administrative_and_other_non_passenger_facilities\":21,\"passenger_stations_and_terminals\":31,\"parking_and_other_passenger_facilities\":28,\"total_facilities\":83,\"bus_transfer_centers\":0,\"elevated_fixed_guideway_stations\":5,\"at_grade_fixed_guideway_stations\":26,\"underground_fixed_guideway_stations\":0,\"simple_at_grade_platform_stations\":0,\"exclusive_grade_separated_platform_stations\":0,\"ferryboat_terminals\":0,\"surface_parking_lots\":26,\"parking_structures\":2}","metadata_tam_modes_json":"{\"CR\":{\"total_units_2024\":517.46,\"units_under_threshold_2024\":159.38,\"voms_2024\":144,\"total_modal_vrm_2024\":18185025,\"total_modal_upt_2024\":22215015}}"},"geometry":{"type":"Point","coordinates":[-121.936135,37.353189]}},{"type":"Feature","properties":{"stop_id":"70251","stop_code":"70251","platform_code":"","stop_name":"College Park Caltrain Northbound","stop_desc":"","zone_id":"2272","stop_url":"","location_type":"0","parent_station":"college_park","stop_timezone":"","position":"","direction":"","wheelchair_boarding":"2","tts_stop_name":"","feed_id":"California__Caltrain__mdb_mdb-54","agency_name":"Caltrain","route_count":1,"route_ids":"77119","route_short_names":"Local Weekday","route_types":"2","route_type_names":"Rail","routes_json":"[{\"route_id\":\"77119\",\"route_short_name\":\"Local Weekday\",\"route_long_name\":\"\",\"route_type\":\"2\",\"route_type_name\":\"Rail\",\"route_color\":\"DCDDDE\",\"route_text_color\":\"000000\"}]","metadata_feed_id":"California__Caltrain__mdb_mdb-54","metadata_agency_names":"Caltrain","metadata_ntd_id":"90134","metadata_ntd_match_method":"manual_override","metadata_ntd_agency":"Peninsula Corridor Joint Powers Board, dba: Caltrain","metadata_ntd_city":"San Carlos","metadata_ntd_state":"CA","metadata_gtfs_route_count":5,"metadata_gtfs_trip_count":260,"metadata_gtfs_shape_count":18,"metadata_gtfs_stop_count":106,"metadata_ntd_agency_voms":72,"metadata_ntd_total_facilities":83,"metadata_ntd_maintenance_facilities":3,"metadata_ntd_passenger_stations":31,"metadata_tam_tier":"Tier I (Rail)","metadata_service_area_sq_miles":425,"metadata_service_area_population":3632769,"metadata_route_types_json":"{\"2\":5}","metadata_ntd_facilities_json":"{\"maintenance_facilities\":3,\"administrative_and_other_non_passenger_facilities\":21,\"passenger_stations_and_terminals\":31,\"parking_and_other_passenger_facilities\":28,\"total_facilities\":83,\"bus_transfer_centers\":0,\"elevated_fixed_guideway_stations\":5,\"at_grade_fixed_guideway_stations\":26,\"underground_fixed_guideway_stations\":0,\"simple_at_grade_platform_stations\":0,\"exclusive_grade_separated_platform_stations\":0,\"ferryboat_terminals\":0,\"surface_parking_lots\":26,\"parking_structures\":2}","metadata_tam_modes_json":"{\"CR\":{\"total_units_2024\":517.46,\"units_under_threshold_2024\":159.38,\"voms_2024\":144,\"total_modal_vrm_2024\":18185025,\"total_modal_upt_2024\":22215015}}"},"geometry":{"type":"Point","coordinates":[-121.9146,37.342384]}},{"type":"Feature","properties":{"stop_id":"70252","stop_code":"70252","platform_code":"","stop_name":"College Park Caltrain Southbound","stop_desc":"","zone_id":"2272","stop_url":"","location_type":"0","parent_station":"college_park","stop_timezone":"","position":"","direction":"","wheelchair_boarding":"2","tts_stop_name":"","feed_id":"California__Caltrain__mdb_mdb-54","agency_name":"Caltrain","route_count":1,"route_ids":"77119","route_short_names":"Local Weekday","route_types":"2","route_type_names":"Rail","routes_json":"[{\"route_id\":\"77119\",\"route_short_name\":\"Local Weekday\",\"route_long_name\":\"\",\"route_type\":\"2\",\"route_type_name\":\"Rail\",\"route_color\":\"DCDDDE\",\"route_text_color\":\"000000\"}]","metadata_feed_id":"California__Caltrain__mdb_mdb-54","metadata_agency_names":"Caltrain","metadata_ntd_id":"90134","metadata_ntd_match_method":"manual_override","metadata_ntd_agency":"Peninsula Corridor Joint Powers Board, dba: Caltrain","metadata_ntd_city":"San Carlos","metadata_ntd_state":"CA","metadata_gtfs_route_count":5,"metadata_gtfs_trip_count":260,"metadata_gtfs_shape_count":18,"metadata_gtfs_stop_count":106,"metadata_ntd_agency_voms":72,"metadata_ntd_total_facilities":83,"metadata_ntd_maintenance_facilities":3,"metadata_ntd_passenger_stations":31,"metadata_tam_tier":"Tier I (Rail)","metadata_service_area_sq_miles":425,"metadata_service_area_population":3632769,"metadata_route_types_json":"{\"2\":5}","metadata_ntd_facilities_json":"{\"maintenance_facilities\":3,\"administrative_and_other_non_passenger_facilities\":21,\"passenger_stations_and_terminals\":31,\"parking_and_other_passenger_facilities\":28,\"total_facilities\":83,\"bus_transfer_centers\":0,\"elevated_fixed_guideway_stations\":5,\"at_grade_fixed_guideway_stations\":26,\"underground_fixed_guideway_stations\":0,\"simple_at_grade_platform_stations\":0,\"exclusive_grade_separated_platform_stations\":0,\"ferryboat_terminals\":0,\"surface_parking_lots\":26,\"parking_structures\":2}","metadata_tam_modes_json":"{\"CR\":{\"total_units_2024\":517.46,\"units_under_threshold_2024\":159.38,\"voms_2024\":144,\"total_modal_vrm_2024\":18185025,\"total_modal_upt_2024\":22215015}}"},"geometry":{"type":"Point","coordinates":[-121.914677,37.342338]}},{"type":"Feature","properties":{"stop_id":"70261","stop_code":"70261","platform_code":"","stop_name":"San Jose Diridon Caltrain Northbound","stop_desc":"","zone_id":"2272","stop_url":"","location_type":"0","parent_station":"sj_diridon","stop_timezone":"","position":"","direction":"","wheelchair_boarding":"1","tts_stop_name":"","feed_id":"California__Caltrain__mdb_mdb-54","agency_name":"Caltrain","route_count":5,"route_ids":"77122|77121|77119|77120|77123","route_short_names":"Express|Limited|Local Weekday|Local Weekend|South County","route_types":"2","route_type_names":"Rail","routes_json":"[{\"route_id\":\"77122\",\"route_short_name\":\"Express\",\"route_long_name\":\"\",\"route_type\":\"2\",\"route_type_name\":\"Rail\",\"route_color\":\"CE202F\",\"route_text_color\":\"FFFFFF\"},{\"route_id\":\"77121\",\"route_short_name\":\"Limited\",\"route_long_name\":\"\",\"route_type\":\"2\",\"route_type_name\":\"Rail\",\"route_color\":\"99D7DC\",\"route_text_color\":\"000000\"},{\"route_id\":\"77119\",\"route_short_name\":\"Local Weekday\",\"route_long_name\":\"\",\"route_type\":\"2\",\"route_type_name\":\"Rail\",\"route_color\":\"DCDDDE\",\"route_text_color\":\"000000\"},{\"route_id\":\"77120\",\"route_short_name\":\"Local Weekend\",\"route_long_name\":\"\",\"route_type\":\"2\",\"route_type_name\":\"Rail\",\"route_color\":\"DCDDDE\",\"route_text_color\":\"000000\"},{\"route_id\":\"77123\",\"route_short_name\":\"South County\",\"route_long_name\":\"South Santa Clara County Connector\",\"route_type\":\"2\",\"route_type_name\":\"Rail\",\"route_color\":\"FAE4A7\",\"route_text_color\":\"000000\"}]","metadata_feed_id":"California__Caltrain__mdb_mdb-54","metadata_agency_names":"Caltrain","metadata_ntd_id":"90134","metadata_ntd_match_method":"manual_override","metadata_ntd_agency":"Peninsula Corridor Joint Powers Board, dba: Caltrain","metadata_ntd_city":"San Carlos","metadata_ntd_state":"CA","metadata_gtfs_route_count":5,"metadata_gtfs_trip_count":260,"metadata_gtfs_shape_count":18,"metadata_gtfs_stop_count":106,"metadata_ntd_agency_voms":72,"metadata_ntd_total_facilities":83,"metadata_ntd_maintenance_facilities":3,"metadata_ntd_passenger_stations":31,"metadata_tam_tier":"Tier I (Rail)","metadata_service_area_sq_miles":425,"metadata_service_area_population":3632769,"metadata_route_types_json":"{\"2\":5}","metadata_ntd_facilities_json":"{\"maintenance_facilities\":3,\"administrative_and_other_non_passenger_facilities\":21,\"passenger_stations_and_terminals\":31,\"parking_and_other_passenger_facilities\":28,\"total_facilities\":83,\"bus_transfer_centers\":0,\"elevated_fixed_guideway_stations\":5,\"at_grade_fixed_guideway_stations\":26,\"underground_fixed_guideway_stations\":0,\"simple_at_grade_platform_stations\":0,\"exclusive_grade_separated_platform_stations\":0,\"ferryboat_terminals\":0,\"surface_parking_lots\":26,\"parking_structures\":2}","metadata_tam_modes_json":"{\"CR\":{\"total_units_2024\":517.46,\"units_under_threshold_2024\":159.38,\"voms_2024\":144,\"total_modal_vrm_2024\":18185025,\"total_modal_upt_2024\":22215015}}"},"geometry":{"type":"Point","coordinates":[-121.903011,37.329239]}},{"type":"Feature","properties":{"stop_id":"70262","stop_code":"70262","platform_code":"","stop_name":"San Jose Diridon Caltrain Southbound","stop_desc":"","zone_id":"2272","stop_url":"","location_type":"0","parent_station":"sj_diridon","stop_timezone":"","position":"","direction":"","wheelchair_boarding":"1","tts_stop_name":"","feed_id":"California__Caltrain__mdb_mdb-54","agency_name":"Caltrain","route_count":5,"route_ids":"77122|77121|77119|77120|77123","route_short_names":"Express|Limited|Local Weekday|Local Weekend|South County","route_types":"2","route_type_names":"Rail","routes_json":"[{\"route_id\":\"77122\",\"route_short_name\":\"Express\",\"route_long_name\":\"\",\"route_type\":\"2\",\"route_type_name\":\"Rail\",\"route_color\":\"CE202F\",\"route_text_color\":\"FFFFFF\"},{\"route_id\":\"77121\",\"route_short_name\":\"Limited\",\"route_long_name\":\"\",\"route_type\":\"2\",\"route_type_name\":\"Rail\",\"route_color\":\"99D7DC\",\"route_text_color\":\"000000\"},{\"route_id\":\"77119\",\"route_short_name\":\"Local Weekday\",\"route_long_name\":\"\",\"route_type\":\"2\",\"route_type_name\":\"Rail\",\"route_color\":\"DCDDDE\",\"route_text_color\":\"000000\"},{\"route_id\":\"77120\",\"route_short_name\":\"Local Weekend\",\"route_long_name\":\"\",\"route_type\":\"2\",\"route_type_name\":\"Rail\",\"route_color\":\"DCDDDE\",\"route_text_color\":\"000000\"},{\"route_id\":\"77123\",\"route_short_name\":\"South County\",\"route_long_name\":\"South Santa Clara County Connector\",\"route_type\":\"2\",\"route_type_name\":\"Rail\",\"route_color\":\"FAE4A7\",\"route_text_color\":\"000000\"}]","metadata_feed_id":"California__Caltrain__mdb_mdb-54","metadata_agency_names":"Caltrain","metadata_ntd_id":"90134","metadata_ntd_match_method":"manual_override","metadata_ntd_agency":"Peninsula Corridor Joint Powers Board, dba: Caltrain","metadata_ntd_city":"San Carlos","metadata_ntd_state":"CA","metadata_gtfs_route_count":5,"metadata_gtfs_trip_count":260,"metadata_gtfs_shape_count":18,"metadata_gtfs_stop_count":106,"metadata_ntd_agency_voms":72,"metadata_ntd_total_facilities":83,"metadata_ntd_maintenance_facilities":3,"metadata_ntd_passenger_stations":31,"metadata_tam_tier":"Tier I (Rail)","metadata_service_area_sq_miles":425,"metadata_service_area_population":3632769,"metadata_route_types_json":"{\"2\":5}","metadata_ntd_facilities_json":"{\"maintenance_facilities\":3,\"administrative_and_other_non_passenger_facilities\":21,\"passenger_stations_and_terminals\":31,\"parking_and_other_passenger_facilities\":28,\"total_facilities\":83,\"bus_transfer_centers\":0,\"elevated_fixed_guideway_stations\":5,\"at_grade_fixed_guideway_stations\":26,\"underground_fixed_guideway_stations\":0,\"simple_at_grade_platform_stations\":0,\"exclusive_grade_separated_platform_stations\":0,\"ferryboat_terminals\":0,\"surface_parking_lots\":26,\"parking_structures\":2}","metadata_tam_modes_json":"{\"CR\":{\"total_units_2024\":517.46,\"units_under_threshold_2024\":159.38,\"voms_2024\":144,\"total_modal_vrm_2024\":18185025,\"total_modal_upt_2024\":22215015}}"},"geometry":{"type":"Point","coordinates":[-121.903173,37.329231]}},{"type":"Feature","properties":{"stop_id":"70271","stop_code":"70271","platform_code":"","stop_name":"Tamien Caltrain Northbound","stop_desc":"","zone_id":"2272","stop_url":"","location_type":"0","parent_station":"tamien","stop_timezone":"","position":"","direction":"","wheelchair_boarding":"1","tts_stop_name":"","feed_id":"California__Caltrain__mdb_mdb-54","agency_name":"Caltrain","route_count":3,"route_ids":"77119|77120|77123","route_short_names":"Local Weekday|Local Weekend|South County","route_types":"2","route_type_names":"Rail","routes_json":"[{\"route_id\":\"77119\",\"route_short_name\":\"Local Weekday\",\"route_long_name\":\"\",\"route_type\":\"2\",\"route_type_name\":\"Rail\",\"route_color\":\"DCDDDE\",\"route_text_color\":\"000000\"},{\"route_id\":\"77120\",\"route_short_name\":\"Local Weekend\",\"route_long_name\":\"\",\"route_type\":\"2\",\"route_type_name\":\"Rail\",\"route_color\":\"DCDDDE\",\"route_text_color\":\"000000\"},{\"route_id\":\"77123\",\"route_short_name\":\"South County\",\"route_long_name\":\"South Santa Clara County Connector\",\"route_type\":\"2\",\"route_type_name\":\"Rail\",\"route_color\":\"FAE4A7\",\"route_text_color\":\"000000\"}]","metadata_feed_id":"California__Caltrain__mdb_mdb-54","metadata_agency_names":"Caltrain","metadata_ntd_id":"90134","metadata_ntd_match_method":"manual_override","metadata_ntd_agency":"Peninsula Corridor Joint Powers Board, dba: Caltrain","metadata_ntd_city":"San Carlos","metadata_ntd_state":"CA","metadata_gtfs_route_count":5,"metadata_gtfs_trip_count":260,"metadata_gtfs_shape_count":18,"metadata_gtfs_stop_count":106,"metadata_ntd_agency_voms":72,"metadata_ntd_total_facilities":83,"metadata_ntd_maintenance_facilities":3,"metadata_ntd_passenger_stations":31,"metadata_tam_tier":"Tier I (Rail)","metadata_service_area_sq_miles":425,"metadata_service_area_population":3632769,"metadata_route_types_json":"{\"2\":5}","metadata_ntd_facilities_json":"{\"maintenance_facilities\":3,\"administrative_and_other_non_passenger_facilities\":21,\"passenger_stations_and_terminals\":31,\"parking_and_other_passenger_facilities\":28,\"total_facilities\":83,\"bus_transfer_centers\":0,\"elevated_fixed_guideway_stations\":5,\"at_grade_fixed_guideway_stations\":26,\"underground_fixed_guideway_stations\":0,\"simple_at_grade_platform_stations\":0,\"exclusive_grade_separated_platform_stations\":0,\"ferryboat_terminals\":0,\"surface_parking_lots\":26,\"parking_structures\":2}","metadata_tam_modes_json":"{\"CR\":{\"total_units_2024\":517.46,\"units_under_threshold_2024\":159.38,\"voms_2024\":144,\"total_modal_vrm_2024\":18185025,\"total_modal_upt_2024\":22215015}}"},"geometry":{"type":"Point","coordinates":[-121.883721,37.31174]}},{"type":"Feature","properties":{"stop_id":"70272","stop_code":"70272","platform_code":"","stop_name":"Tamien Caltrain Southbound","stop_desc":"","zone_id":"2272","stop_url":"","location_type":"0","parent_station":"tamien","stop_timezone":"","position":"","direction":"","wheelchair_boarding":"1","tts_stop_name":"","feed_id":"California__Caltrain__mdb_mdb-54","agency_name":"Caltrain","route_count":3,"route_ids":"77119|77120|77123","route_short_names":"Local Weekday|Local Weekend|South County","route_types":"2","route_type_names":"Rail","routes_json":"[{\"route_id\":\"77119\",\"route_short_name\":\"Local Weekday\",\"route_long_name\":\"\",\"route_type\":\"2\",\"route_type_name\":\"Rail\",\"route_color\":\"DCDDDE\",\"route_text_color\":\"000000\"},{\"route_id\":\"77120\",\"route_short_name\":\"Local Weekend\",\"route_long_name\":\"\",\"route_type\":\"2\",\"route_type_name\":\"Rail\",\"route_color\":\"DCDDDE\",\"route_text_color\":\"000000\"},{\"route_id\":\"77123\",\"route_short_name\":\"South County\",\"route_long_name\":\"South Santa Clara County Connector\",\"route_type\":\"2\",\"route_type_name\":\"Rail\",\"route_color\":\"FAE4A7\",\"route_text_color\":\"000000\"}]","metadata_feed_id":"California__Caltrain__mdb_mdb-54","metadata_agency_names":"Caltrain","metadata_ntd_id":"90134","metadata_ntd_match_method":"manual_override","metadata_ntd_agency":"Peninsula Corridor Joint Powers Board, dba: Caltrain","metadata_ntd_city":"San Carlos","metadata_ntd_state":"CA","metadata_gtfs_route_count":5,"metadata_gtfs_trip_count":260,"metadata_gtfs_shape_count":18,"metadata_gtfs_stop_count":106,"metadata_ntd_agency_voms":72,"metadata_ntd_total_facilities":83,"metadata_ntd_maintenance_facilities":3,"metadata_ntd_passenger_stations":31,"metadata_tam_tier":"Tier I (Rail)","metadata_service_area_sq_miles":425,"metadata_service_area_population":3632769,"metadata_route_types_json":"{\"2\":5}","metadata_ntd_facilities_json":"{\"maintenance_facilities\":3,\"administrative_and_other_non_passenger_facilities\":21,\"passenger_stations_and_terminals\":31,\"parking_and_other_passenger_facilities\":28,\"total_facilities\":83,\"bus_transfer_centers\":0,\"elevated_fixed_guideway_stations\":5,\"at_grade_fixed_guideway_stations\":26,\"underground_fixed_guideway_stations\":0,\"simple_at_grade_platform_stations\":0,\"exclusive_grade_separated_platform_stations\":0,\"ferryboat_terminals\":0,\"surface_parking_lots\":26,\"parking_structures\":2}","metadata_tam_modes_json":"{\"CR\":{\"total_units_2024\":517.46,\"units_under_threshold_2024\":159.38,\"voms_2024\":144,\"total_modal_vrm_2024\":18185025,\"total_modal_upt_2024\":22215015}}"},"geometry":{"type":"Point","coordinates":[-121.883999,37.31175]}},{"type":"Feature","properties":{"stop_id":"70281","stop_code":"70281","platform_code":"","stop_name":"Capitol Caltrain Northbound","stop_desc":"","zone_id":"2273","stop_url":"","location_type":"0","parent_station":"capitol","stop_timezone":"","position":"","direction":"","wheelchair_boarding":"1","tts_stop_name":"","feed_id":"California__Caltrain__mdb_mdb-54","agency_name":"Caltrain","route_count":1,"route_ids":"77123","route_short_names":"South County","route_types":"2","route_type_names":"Rail","routes_json":"[{\"route_id\":\"77123\",\"route_short_name\":\"South County\",\"route_long_name\":\"South Santa Clara County Connector\",\"route_type\":\"2\",\"route_type_name\":\"Rail\",\"route_color\":\"FAE4A7\",\"route_text_color\":\"000000\"}]","metadata_feed_id":"California__Caltrain__mdb_mdb-54","metadata_agency_names":"Caltrain","metadata_ntd_id":"90134","metadata_ntd_match_method":"manual_override","metadata_ntd_agency":"Peninsula Corridor Joint Powers Board, dba: Caltrain","metadata_ntd_city":"San Carlos","metadata_ntd_state":"CA","metadata_gtfs_route_count":5,"metadata_gtfs_trip_count":260,"metadata_gtfs_shape_count":18,"metadata_gtfs_stop_count":106,"metadata_ntd_agency_voms":72,"metadata_ntd_total_facilities":83,"metadata_ntd_maintenance_facilities":3,"metadata_ntd_passenger_stations":31,"metadata_tam_tier":"Tier I (Rail)","metadata_service_area_sq_miles":425,"metadata_service_area_population":3632769,"metadata_route_types_json":"{\"2\":5}","metadata_ntd_facilities_json":"{\"maintenance_facilities\":3,\"administrative_and_other_non_passenger_facilities\":21,\"passenger_stations_and_terminals\":31,\"parking_and_other_passenger_facilities\":28,\"total_facilities\":83,\"bus_transfer_centers\":0,\"elevated_fixed_guideway_stations\":5,\"at_grade_fixed_guideway_stations\":26,\"underground_fixed_guideway_stations\":0,\"simple_at_grade_platform_stations\":0,\"exclusive_grade_separated_platform_stations\":0,\"ferryboat_terminals\":0,\"surface_parking_lots\":26,\"parking_structures\":2}","metadata_tam_modes_json":"{\"CR\":{\"total_units_2024\":517.46,\"units_under_threshold_2024\":159.38,\"voms_2024\":144,\"total_modal_vrm_2024\":18185025,\"total_modal_upt_2024\":22215015}}"},"geometry":{"type":"Point","coordinates":[-121.841955,37.284102]}},{"type":"Feature","properties":{"stop_id":"70282","stop_code":"70282","platform_code":"","stop_name":"Capitol Caltrain Southbound","stop_desc":"","zone_id":"2273","stop_url":"","location_type":"0","parent_station":"capitol","stop_timezone":"","position":"","direction":"","wheelchair_boarding":"1","tts_stop_name":"","feed_id":"California__Caltrain__mdb_mdb-54","agency_name":"Caltrain","route_count":1,"route_ids":"77123","route_short_names":"South County","route_types":"2","route_type_names":"Rail","routes_json":"[{\"route_id\":\"77123\",\"route_short_name\":\"South County\",\"route_long_name\":\"South Santa Clara County Connector\",\"route_type\":\"2\",\"route_type_name\":\"Rail\",\"route_color\":\"FAE4A7\",\"route_text_color\":\"000000\"}]","metadata_feed_id":"California__Caltrain__mdb_mdb-54","metadata_agency_names":"Caltrain","metadata_ntd_id":"90134","metadata_ntd_match_method":"manual_override","metadata_ntd_agency":"Peninsula Corridor Joint Powers Board, dba: Caltrain","metadata_ntd_city":"San Carlos","metadata_ntd_state":"CA","metadata_gtfs_route_count":5,"metadata_gtfs_trip_count":260,"metadata_gtfs_shape_count":18,"metadata_gtfs_stop_count":106,"metadata_ntd_agency_voms":72,"metadata_ntd_total_facilities":83,"metadata_ntd_maintenance_facilities":3,"metadata_ntd_passenger_stations":31,"metadata_tam_tier":"Tier I (Rail)","metadata_service_area_sq_miles":425,"metadata_service_area_population":3632769,"metadata_route_types_json":"{\"2\":5}","metadata_ntd_facilities_json":"{\"maintenance_facilities\":3,\"administrative_and_other_non_passenger_facilities\":21,\"passenger_stations_and_terminals\":31,\"parking_and_other_passenger_facilities\":28,\"total_facilities\":83,\"bus_transfer_centers\":0,\"elevated_fixed_guideway_stations\":5,\"at_grade_fixed_guideway_stations\":26,\"underground_fixed_guideway_stations\":0,\"simple_at_grade_platform_stations\":0,\"exclusive_grade_separated_platform_stations\":0,\"ferryboat_terminals\":0,\"surface_parking_lots\":26,\"parking_structures\":2}","metadata_tam_modes_json":"{\"CR\":{\"total_units_2024\":517.46,\"units_under_threshold_2024\":159.38,\"voms_2024\":144,\"total_modal_vrm_2024\":18185025,\"total_modal_upt_2024\":22215015}}"},"geometry":{"type":"Point","coordinates":[-121.842037,37.284062]}},{"type":"Feature","properties":{"stop_id":"70291","stop_code":"70291","platform_code":"","stop_name":"Blossom Hill Caltrain Northbound","stop_desc":"","zone_id":"2273","stop_url":"","location_type":"0","parent_station":"blossom_hill","stop_timezone":"","position":"","direction":"","wheelchair_boarding":"1","tts_stop_name":"","feed_id":"California__Caltrain__mdb_mdb-54","agency_name":"Caltrain","route_count":1,"route_ids":"77123","route_short_names":"South County","route_types":"2","route_type_names":"Rail","routes_json":"[{\"route_id\":\"77123\",\"route_short_name\":\"South County\",\"route_long_name\":\"South Santa Clara County Connector\",\"route_type\":\"2\",\"route_type_name\":\"Rail\",\"route_color\":\"FAE4A7\",\"route_text_color\":\"000000\"}]","metadata_feed_id":"California__Caltrain__mdb_mdb-54","metadata_agency_names":"Caltrain","metadata_ntd_id":"90134","metadata_ntd_match_method":"manual_override","metadata_ntd_agency":"Peninsula Corridor Joint Powers Board, dba: Caltrain","metadata_ntd_city":"San Carlos","metadata_ntd_state":"CA","metadata_gtfs_route_count":5,"metadata_gtfs_trip_count":260,"metadata_gtfs_shape_count":18,"metadata_gtfs_stop_count":106,"metadata_ntd_agency_voms":72,"metadata_ntd_total_facilities":83,"metadata_ntd_maintenance_facilities":3,"metadata_ntd_passenger_stations":31,"metadata_tam_tier":"Tier I (Rail)","metadata_service_area_sq_miles":425,"metadata_service_area_population":3632769,"metadata_route_types_json":"{\"2\":5}","metadata_ntd_facilities_json":"{\"maintenance_facilities\":3,\"administrative_and_other_non_passenger_facilities\":21,\"passenger_stations_and_terminals\":31,\"parking_and_other_passenger_facilities\":28,\"total_facilities\":83,\"bus_transfer_centers\":0,\"elevated_fixed_guideway_stations\":5,\"at_grade_fixed_guideway_stations\":26,\"underground_fixed_guideway_stations\":0,\"simple_at_grade_platform_stations\":0,\"exclusive_grade_separated_platform_stations\":0,\"ferryboat_terminals\":0,\"surface_parking_lots\":26,\"parking_structures\":2}","metadata_tam_modes_json":"{\"CR\":{\"total_units_2024\":517.46,\"units_under_threshold_2024\":159.38,\"voms_2024\":144,\"total_modal_vrm_2024\":18185025,\"total_modal_upt_2024\":22215015}}"},"geometry":{"type":"Point","coordinates":[-121.797643,37.252422]}},{"type":"Feature","properties":{"stop_id":"70292","stop_code":"70292","platform_code":"","stop_name":"Blossom Hill Caltrain Southbound","stop_desc":"","zone_id":"2273","stop_url":"","location_type":"0","parent_station":"blossom_hill","stop_timezone":"","position":"","direction":"","wheelchair_boarding":"1","tts_stop_name":"","feed_id":"California__Caltrain__mdb_mdb-54","agency_name":"Caltrain","route_count":1,"route_ids":"77123","route_short_names":"South County","route_types":"2","route_type_names":"Rail","routes_json":"[{\"route_id\":\"77123\",\"route_short_name\":\"South County\",\"route_long_name\":\"South Santa Clara County Connector\",\"route_type\":\"2\",\"route_type_name\":\"Rail\",\"route_color\":\"FAE4A7\",\"route_text_color\":\"000000\"}]","metadata_feed_id":"California__Caltrain__mdb_mdb-54","metadata_agency_names":"Caltrain","metadata_ntd_id":"90134","metadata_ntd_match_method":"manual_override","metadata_ntd_agency":"Peninsula Corridor Joint Powers Board, dba: Caltrain","metadata_ntd_city":"San Carlos","metadata_ntd_state":"CA","metadata_gtfs_route_count":5,"metadata_gtfs_trip_count":260,"metadata_gtfs_shape_count":18,"metadata_gtfs_stop_count":106,"metadata_ntd_agency_voms":72,"metadata_ntd_total_facilities":83,"metadata_ntd_maintenance_facilities":3,"metadata_ntd_passenger_stations":31,"metadata_tam_tier":"Tier I (Rail)","metadata_service_area_sq_miles":425,"metadata_service_area_population":3632769,"metadata_route_types_json":"{\"2\":5}","metadata_ntd_facilities_json":"{\"maintenance_facilities\":3,\"administrative_and_other_non_passenger_facilities\":21,\"passenger_stations_and_terminals\":31,\"parking_and_other_passenger_facilities\":28,\"total_facilities\":83,\"bus_transfer_centers\":0,\"elevated_fixed_guideway_stations\":5,\"at_grade_fixed_guideway_stations\":26,\"underground_fixed_guideway_stations\":0,\"simple_at_grade_platform_stations\":0,\"exclusive_grade_separated_platform_stations\":0,\"ferryboat_terminals\":0,\"surface_parking_lots\":26,\"parking_structures\":2}","metadata_tam_modes_json":"{\"CR\":{\"total_units_2024\":517.46,\"units_under_threshold_2024\":159.38,\"voms_2024\":144,\"total_modal_vrm_2024\":18185025,\"total_modal_upt_2024\":22215015}}"},"geometry":{"type":"Point","coordinates":[-121.797683,37.252379]}},{"type":"Feature","properties":{"stop_id":"70301","stop_code":"70301","platform_code":"","stop_name":"Morgan Hill Caltrain Northbound","stop_desc":"","zone_id":"2274","stop_url":"","location_type":"0","parent_station":"morgan_hill","stop_timezone":"","position":"","direction":"","wheelchair_boarding":"1","tts_stop_name":"","feed_id":"California__Caltrain__mdb_mdb-54","agency_name":"Caltrain","route_count":1,"route_ids":"77123","route_short_names":"South County","route_types":"2","route_type_names":"Rail","routes_json":"[{\"route_id\":\"77123\",\"route_short_name\":\"South County\",\"route_long_name\":\"South Santa Clara County Connector\",\"route_type\":\"2\",\"route_type_name\":\"Rail\",\"route_color\":\"FAE4A7\",\"route_text_color\":\"000000\"}]","metadata_feed_id":"California__Caltrain__mdb_mdb-54","metadata_agency_names":"Caltrain","metadata_ntd_id":"90134","metadata_ntd_match_method":"manual_override","metadata_ntd_agency":"Peninsula Corridor Joint Powers Board, dba: Caltrain","metadata_ntd_city":"San Carlos","metadata_ntd_state":"CA","metadata_gtfs_route_count":5,"metadata_gtfs_trip_count":260,"metadata_gtfs_shape_count":18,"metadata_gtfs_stop_count":106,"metadata_ntd_agency_voms":72,"metadata_ntd_total_facilities":83,"metadata_ntd_maintenance_facilities":3,"metadata_ntd_passenger_stations":31,"metadata_tam_tier":"Tier I (Rail)","metadata_service_area_sq_miles":425,"metadata_service_area_population":3632769,"metadata_route_types_json":"{\"2\":5}","metadata_ntd_facilities_json":"{\"maintenance_facilities\":3,\"administrative_and_other_non_passenger_facilities\":21,\"passenger_stations_and_terminals\":31,\"parking_and_other_passenger_facilities\":28,\"total_facilities\":83,\"bus_transfer_centers\":0,\"elevated_fixed_guideway_stations\":5,\"at_grade_fixed_guideway_stations\":26,\"underground_fixed_guideway_stations\":0,\"simple_at_grade_platform_stations\":0,\"exclusive_grade_separated_platform_stations\":0,\"ferryboat_terminals\":0,\"surface_parking_lots\":26,\"parking_structures\":2}","metadata_tam_modes_json":"{\"CR\":{\"total_units_2024\":517.46,\"units_under_threshold_2024\":159.38,\"voms_2024\":144,\"total_modal_vrm_2024\":18185025,\"total_modal_upt_2024\":22215015}}"},"geometry":{"type":"Point","coordinates":[-121.650244,37.129363]}},{"type":"Feature","properties":{"stop_id":"70302","stop_code":"70302","platform_code":"","stop_name":"Morgan Hill Caltrain Southbound","stop_desc":"","zone_id":"2274","stop_url":"","location_type":"0","parent_station":"morgan_hill","stop_timezone":"","position":"","direction":"","wheelchair_boarding":"1","tts_stop_name":"","feed_id":"California__Caltrain__mdb_mdb-54","agency_name":"Caltrain","route_count":1,"route_ids":"77123","route_short_names":"South County","route_types":"2","route_type_names":"Rail","routes_json":"[{\"route_id\":\"77123\",\"route_short_name\":\"South County\",\"route_long_name\":\"South Santa Clara County Connector\",\"route_type\":\"2\",\"route_type_name\":\"Rail\",\"route_color\":\"FAE4A7\",\"route_text_color\":\"000000\"}]","metadata_feed_id":"California__Caltrain__mdb_mdb-54","metadata_agency_names":"Caltrain","metadata_ntd_id":"90134","metadata_ntd_match_method":"manual_override","metadata_ntd_agency":"Peninsula Corridor Joint Powers Board, dba: Caltrain","metadata_ntd_city":"San Carlos","metadata_ntd_state":"CA","metadata_gtfs_route_count":5,"metadata_gtfs_trip_count":260,"metadata_gtfs_shape_count":18,"metadata_gtfs_stop_count":106,"metadata_ntd_agency_voms":72,"metadata_ntd_total_facilities":83,"metadata_ntd_maintenance_facilities":3,"metadata_ntd_passenger_stations":31,"metadata_tam_tier":"Tier I (Rail)","metadata_service_area_sq_miles":425,"metadata_service_area_population":3632769,"metadata_route_types_json":"{\"2\":5}","metadata_ntd_facilities_json":"{\"maintenance_facilities\":3,\"administrative_and_other_non_passenger_facilities\":21,\"passenger_stations_and_terminals\":31,\"parking_and_other_passenger_facilities\":28,\"total_facilities\":83,\"bus_transfer_centers\":0,\"elevated_fixed_guideway_stations\":5,\"at_grade_fixed_guideway_stations\":26,\"underground_fixed_guideway_stations\":0,\"simple_at_grade_platform_stations\":0,\"exclusive_grade_separated_platform_stations\":0,\"ferryboat_terminals\":0,\"surface_parking_lots\":26,\"parking_structures\":2}","metadata_tam_modes_json":"{\"CR\":{\"total_units_2024\":517.46,\"units_under_threshold_2024\":159.38,\"voms_2024\":144,\"total_modal_vrm_2024\":18185025,\"total_modal_upt_2024\":22215015}}"},"geometry":{"type":"Point","coordinates":[-121.650304,37.129321]}},{"type":"Feature","properties":{"stop_id":"70311","stop_code":"70311","platform_code":"","stop_name":"San Martin Caltrain Northbound","stop_desc":"","zone_id":"2274","stop_url":"","location_type":"0","parent_station":"san_martin","stop_timezone":"","position":"","direction":"","wheelchair_boarding":"1","tts_stop_name":"","feed_id":"California__Caltrain__mdb_mdb-54","agency_name":"Caltrain","route_count":1,"route_ids":"77123","route_short_names":"South County","route_types":"2","route_type_names":"Rail","routes_json":"[{\"route_id\":\"77123\",\"route_short_name\":\"South County\",\"route_long_name\":\"South Santa Clara County Connector\",\"route_type\":\"2\",\"route_type_name\":\"Rail\",\"route_color\":\"FAE4A7\",\"route_text_color\":\"000000\"}]","metadata_feed_id":"California__Caltrain__mdb_mdb-54","metadata_agency_names":"Caltrain","metadata_ntd_id":"90134","metadata_ntd_match_method":"manual_override","metadata_ntd_agency":"Peninsula Corridor Joint Powers Board, dba: Caltrain","metadata_ntd_city":"San Carlos","metadata_ntd_state":"CA","metadata_gtfs_route_count":5,"metadata_gtfs_trip_count":260,"metadata_gtfs_shape_count":18,"metadata_gtfs_stop_count":106,"metadata_ntd_agency_voms":72,"metadata_ntd_total_facilities":83,"metadata_ntd_maintenance_facilities":3,"metadata_ntd_passenger_stations":31,"metadata_tam_tier":"Tier I (Rail)","metadata_service_area_sq_miles":425,"metadata_service_area_population":3632769,"metadata_route_types_json":"{\"2\":5}","metadata_ntd_facilities_json":"{\"maintenance_facilities\":3,\"administrative_and_other_non_passenger_facilities\":21,\"passenger_stations_and_terminals\":31,\"parking_and_other_passenger_facilities\":28,\"total_facilities\":83,\"bus_transfer_centers\":0,\"elevated_fixed_guideway_stations\":5,\"at_grade_fixed_guideway_stations\":26,\"underground_fixed_guideway_stations\":0,\"simple_at_grade_platform_stations\":0,\"exclusive_grade_separated_platform_stations\":0,\"ferryboat_terminals\":0,\"surface_parking_lots\":26,\"parking_structures\":2}","metadata_tam_modes_json":"{\"CR\":{\"total_units_2024\":517.46,\"units_under_threshold_2024\":159.38,\"voms_2024\":144,\"total_modal_vrm_2024\":18185025,\"total_modal_upt_2024\":22215015}}"},"geometry":{"type":"Point","coordinates":[-121.610049,37.085225]}},{"type":"Feature","properties":{"stop_id":"70312","stop_code":"70312","platform_code":"","stop_name":"San Martin Caltrain Southbound","stop_desc":"","zone_id":"2274","stop_url":"","location_type":"0","parent_station":"san_martin","stop_timezone":"","position":"","direction":"","wheelchair_boarding":"1","tts_stop_name":"","feed_id":"California__Caltrain__mdb_mdb-54","agency_name":"Caltrain","route_count":1,"route_ids":"77123","route_short_names":"South County","route_types":"2","route_type_names":"Rail","routes_json":"[{\"route_id\":\"77123\",\"route_short_name\":\"South County\",\"route_long_name\":\"South Santa Clara County Connector\",\"route_type\":\"2\",\"route_type_name\":\"Rail\",\"route_color\":\"FAE4A7\",\"route_text_color\":\"000000\"}]","metadata_feed_id":"California__Caltrain__mdb_mdb-54","metadata_agency_names":"Caltrain","metadata_ntd_id":"90134","metadata_ntd_match_method":"manual_override","metadata_ntd_agency":"Peninsula Corridor Joint Powers Board, dba: Caltrain","metadata_ntd_city":"San Carlos","metadata_ntd_state":"CA","metadata_gtfs_route_count":5,"metadata_gtfs_trip_count":260,"metadata_gtfs_shape_count":18,"metadata_gtfs_stop_count":106,"metadata_ntd_agency_voms":72,"metadata_ntd_total_facilities":83,"metadata_ntd_maintenance_facilities":3,"metadata_ntd_passenger_stations":31,"metadata_tam_tier":"Tier I (Rail)","metadata_service_area_sq_miles":425,"metadata_service_area_population":3632769,"metadata_route_types_json":"{\"2\":5}","metadata_ntd_facilities_json":"{\"maintenance_facilities\":3,\"administrative_and_other_non_passenger_facilities\":21,\"passenger_stations_and_terminals\":31,\"parking_and_other_passenger_facilities\":28,\"total_facilities\":83,\"bus_transfer_centers\":0,\"elevated_fixed_guideway_stations\":5,\"at_grade_fixed_guideway_stations\":26,\"underground_fixed_guideway_stations\":0,\"simple_at_grade_platform_stations\":0,\"exclusive_grade_separated_platform_stations\":0,\"ferryboat_terminals\":0,\"surface_parking_lots\":26,\"parking_structures\":2}","metadata_tam_modes_json":"{\"CR\":{\"total_units_2024\":517.46,\"units_under_threshold_2024\":159.38,\"voms_2024\":144,\"total_modal_vrm_2024\":18185025,\"total_modal_upt_2024\":22215015}}"},"geometry":{"type":"Point","coordinates":[-121.610936,37.086653]}},{"type":"Feature","properties":{"stop_id":"70321","stop_code":"70321","platform_code":"","stop_name":"Gilroy Caltrain Northbound","stop_desc":"","zone_id":"2274","stop_url":"","location_type":"0","parent_station":"gilroy","stop_timezone":"","position":"","direction":"","wheelchair_boarding":"1","tts_stop_name":"","feed_id":"California__Caltrain__mdb_mdb-54","agency_name":"Caltrain","route_count":1,"route_ids":"77123","route_short_names":"South County","route_types":"2","route_type_names":"Rail","routes_json":"[{\"route_id\":\"77123\",\"route_short_name\":\"South County\",\"route_long_name\":\"South Santa Clara County Connector\",\"route_type\":\"2\",\"route_type_name\":\"Rail\",\"route_color\":\"FAE4A7\",\"route_text_color\":\"000000\"}]","metadata_feed_id":"California__Caltrain__mdb_mdb-54","metadata_agency_names":"Caltrain","metadata_ntd_id":"90134","metadata_ntd_match_method":"manual_override","metadata_ntd_agency":"Peninsula Corridor Joint Powers Board, dba: Caltrain","metadata_ntd_city":"San Carlos","metadata_ntd_state":"CA","metadata_gtfs_route_count":5,"metadata_gtfs_trip_count":260,"metadata_gtfs_shape_count":18,"metadata_gtfs_stop_count":106,"metadata_ntd_agency_voms":72,"metadata_ntd_total_facilities":83,"metadata_ntd_maintenance_facilities":3,"metadata_ntd_passenger_stations":31,"metadata_tam_tier":"Tier I (Rail)","metadata_service_area_sq_miles":425,"metadata_service_area_population":3632769,"metadata_route_types_json":"{\"2\":5}","metadata_ntd_facilities_json":"{\"maintenance_facilities\":3,\"administrative_and_other_non_passenger_facilities\":21,\"passenger_stations_and_terminals\":31,\"parking_and_other_passenger_facilities\":28,\"total_facilities\":83,\"bus_transfer_centers\":0,\"elevated_fixed_guideway_stations\":5,\"at_grade_fixed_guideway_stations\":26,\"underground_fixed_guideway_stations\":0,\"simple_at_grade_platform_stations\":0,\"exclusive_grade_separated_platform_stations\":0,\"ferryboat_terminals\":0,\"surface_parking_lots\":26,\"parking_structures\":2}","metadata_tam_modes_json":"{\"CR\":{\"total_units_2024\":517.46,\"units_under_threshold_2024\":159.38,\"voms_2024\":144,\"total_modal_vrm_2024\":18185025,\"total_modal_upt_2024\":22215015}}"},"geometry":{"type":"Point","coordinates":[-121.566088,37.003538]}},{"type":"Feature","properties":{"stop_id":"70322","stop_code":"70322","platform_code":"","stop_name":"Gilroy Caltrain Southbound","stop_desc":"","zone_id":"2274","stop_url":"","location_type":"0","parent_station":"gilroy","stop_timezone":"","position":"","direction":"","wheelchair_boarding":"1","tts_stop_name":"","feed_id":"California__Caltrain__mdb_mdb-54","agency_name":"Caltrain","route_count":1,"route_ids":"77123","route_short_names":"South County","route_types":"2","route_type_names":"Rail","routes_json":"[{\"route_id\":\"77123\",\"route_short_name\":\"South County\",\"route_long_name\":\"South Santa Clara County Connector\",\"route_type\":\"2\",\"route_type_name\":\"Rail\",\"route_color\":\"FAE4A7\",\"route_text_color\":\"000000\"}]","metadata_feed_id":"California__Caltrain__mdb_mdb-54","metadata_agency_names":"Caltrain","metadata_ntd_id":"90134","metadata_ntd_match_method":"manual_override","metadata_ntd_agency":"Peninsula Corridor Joint Powers Board, dba: Caltrain","metadata_ntd_city":"San Carlos","metadata_ntd_state":"CA","metadata_gtfs_route_count":5,"metadata_gtfs_trip_count":260,"metadata_gtfs_shape_count":18,"metadata_gtfs_stop_count":106,"metadata_ntd_agency_voms":72,"metadata_ntd_total_facilities":83,"metadata_ntd_maintenance_facilities":3,"metadata_ntd_passenger_stations":31,"metadata_tam_tier":"Tier I (Rail)","metadata_service_area_sq_miles":425,"metadata_service_area_population":3632769,"metadata_route_types_json":"{\"2\":5}","metadata_ntd_facilities_json":"{\"maintenance_facilities\":3,\"administrative_and_other_non_passenger_facilities\":21,\"passenger_stations_and_terminals\":31,\"parking_and_other_passenger_facilities\":28,\"total_facilities\":83,\"bus_transfer_centers\":0,\"elevated_fixed_guideway_stations\":5,\"at_grade_fixed_guideway_stations\":26,\"underground_fixed_guideway_stations\":0,\"simple_at_grade_platform_stations\":0,\"exclusive_grade_separated_platform_stations\":0,\"ferryboat_terminals\":0,\"surface_parking_lots\":26,\"parking_structures\":2}","metadata_tam_modes_json":"{\"CR\":{\"total_units_2024\":517.46,\"units_under_threshold_2024\":159.38,\"voms_2024\":144,\"total_modal_vrm_2024\":18185025,\"total_modal_upt_2024\":22215015}}"},"geometry":{"type":"Point","coordinates":[-121.566225,37.003485]}},{"type":"Feature","properties":{"stop_id":"777402","stop_code":"777402","platform_code":"","stop_name":"San Jose Shuttle","stop_desc":"","zone_id":"2272","stop_url":"","location_type":"0","parent_station":"","stop_timezone":"America/Los_Angeles","position":"","direction":"","wheelchair_boarding":"1","tts_stop_name":"","feed_id":"California__Caltrain__mdb_mdb-54","agency_name":"Caltrain","route_count":0,"route_ids":"","route_short_names":"","route_types":"","route_type_names":"","routes_json":"[]","metadata_feed_id":"California__Caltrain__mdb_mdb-54","metadata_agency_names":"Caltrain","metadata_ntd_id":"90134","metadata_ntd_match_method":"manual_override","metadata_ntd_agency":"Peninsula Corridor Joint Powers Board, dba: Caltrain","metadata_ntd_city":"San Carlos","metadata_ntd_state":"CA","metadata_gtfs_route_count":5,"metadata_gtfs_trip_count":260,"metadata_gtfs_shape_count":18,"metadata_gtfs_stop_count":106,"metadata_ntd_agency_voms":72,"metadata_ntd_total_facilities":83,"metadata_ntd_maintenance_facilities":3,"metadata_ntd_passenger_stations":31,"metadata_tam_tier":"Tier I (Rail)","metadata_service_area_sq_miles":425,"metadata_service_area_population":3632769,"metadata_route_types_json":"{\"2\":5}","metadata_ntd_facilities_json":"{\"maintenance_facilities\":3,\"administrative_and_other_non_passenger_facilities\":21,\"passenger_stations_and_terminals\":31,\"parking_and_other_passenger_facilities\":28,\"total_facilities\":83,\"bus_transfer_centers\":0,\"elevated_fixed_guideway_stations\":5,\"at_grade_fixed_guideway_stations\":26,\"underground_fixed_guideway_stations\":0,\"simple_at_grade_platform_stations\":0,\"exclusive_grade_separated_platform_stations\":0,\"ferryboat_terminals\":0,\"surface_parking_lots\":26,\"parking_structures\":2}","metadata_tam_modes_json":"{\"CR\":{\"total_units_2024\":517.46,\"units_under_threshold_2024\":159.38,\"voms_2024\":144,\"total_modal_vrm_2024\":18185025,\"total_modal_upt_2024\":22215015}}"},"geometry":{"type":"Point","coordinates":[-121.901985,37.330196]}},{"type":"Feature","properties":{"stop_id":"777403","stop_code":"777403","platform_code":"","stop_name":"Tamien Caltrain Shuttle","stop_desc":"","zone_id":"2272","stop_url":"","location_type":"0","parent_station":"","stop_timezone":"America/Los_Angeles","position":"","direction":"","wheelchair_boarding":"1","tts_stop_name":"","feed_id":"California__Caltrain__mdb_mdb-54","agency_name":"Caltrain","route_count":0,"route_ids":"","route_short_names":"","route_types":"","route_type_names":"","routes_json":"[]","metadata_feed_id":"California__Caltrain__mdb_mdb-54","metadata_agency_names":"Caltrain","metadata_ntd_id":"90134","metadata_ntd_match_method":"manual_override","metadata_ntd_agency":"Peninsula Corridor Joint Powers Board, dba: Caltrain","metadata_ntd_city":"San Carlos","metadata_ntd_state":"CA","metadata_gtfs_route_count":5,"metadata_gtfs_trip_count":260,"metadata_gtfs_shape_count":18,"metadata_gtfs_stop_count":106,"metadata_ntd_agency_voms":72,"metadata_ntd_total_facilities":83,"metadata_ntd_maintenance_facilities":3,"metadata_ntd_passenger_stations":31,"metadata_tam_tier":"Tier I (Rail)","metadata_service_area_sq_miles":425,"metadata_service_area_population":3632769,"metadata_route_types_json":"{\"2\":5}","metadata_ntd_facilities_json":"{\"maintenance_facilities\":3,\"administrative_and_other_non_passenger_facilities\":21,\"passenger_stations_and_terminals\":31,\"parking_and_other_passenger_facilities\":28,\"total_facilities\":83,\"bus_transfer_centers\":0,\"elevated_fixed_guideway_stations\":5,\"at_grade_fixed_guideway_stations\":26,\"underground_fixed_guideway_stations\":0,\"simple_at_grade_platform_stations\":0,\"exclusive_grade_separated_platform_stations\":0,\"ferryboat_terminals\":0,\"surface_parking_lots\":26,\"parking_structures\":2}","metadata_tam_modes_json":"{\"CR\":{\"total_units_2024\":517.46,\"units_under_threshold_2024\":159.38,\"voms_2024\":144,\"total_modal_vrm_2024\":18185025,\"total_modal_upt_2024\":22215015}}"},"geometry":{"type":"Point","coordinates":[-121.883403,37.311638]}},{"type":"Feature","properties":{"stop_id":"BAY-01-SB","stop_code":"BAY-01-SB","platform_code":"","stop_name":"Elevator: Bayshore Caltrain Southbound","stop_desc":"","zone_id":"","stop_url":"","location_type":"2","parent_station":"bayshore","stop_timezone":"","position":"","direction":"","wheelchair_boarding":"1","tts_stop_name":"","feed_id":"California__Caltrain__mdb_mdb-54","agency_name":"Caltrain","route_count":0,"route_ids":"","route_short_names":"","route_types":"","route_type_names":"","routes_json":"[]","metadata_feed_id":"California__Caltrain__mdb_mdb-54","metadata_agency_names":"Caltrain","metadata_ntd_id":"90134","metadata_ntd_match_method":"manual_override","metadata_ntd_agency":"Peninsula Corridor Joint Powers Board, dba: Caltrain","metadata_ntd_city":"San Carlos","metadata_ntd_state":"CA","metadata_gtfs_route_count":5,"metadata_gtfs_trip_count":260,"metadata_gtfs_shape_count":18,"metadata_gtfs_stop_count":106,"metadata_ntd_agency_voms":72,"metadata_ntd_total_facilities":83,"metadata_ntd_maintenance_facilities":3,"metadata_ntd_passenger_stations":31,"metadata_tam_tier":"Tier I (Rail)","metadata_service_area_sq_miles":425,"metadata_service_area_population":3632769,"metadata_route_types_json":"{\"2\":5}","metadata_ntd_facilities_json":"{\"maintenance_facilities\":3,\"administrative_and_other_non_passenger_facilities\":21,\"passenger_stations_and_terminals\":31,\"parking_and_other_passenger_facilities\":28,\"total_facilities\":83,\"bus_transfer_centers\":0,\"elevated_fixed_guideway_stations\":5,\"at_grade_fixed_guideway_stations\":26,\"underground_fixed_guideway_stations\":0,\"simple_at_grade_platform_stations\":0,\"exclusive_grade_separated_platform_stations\":0,\"ferryboat_terminals\":0,\"surface_parking_lots\":26,\"parking_structures\":2}","metadata_tam_modes_json":"{\"CR\":{\"total_units_2024\":517.46,\"units_under_threshold_2024\":159.38,\"voms_2024\":144,\"total_modal_vrm_2024\":18185025,\"total_modal_upt_2024\":22215015}}"},"geometry":{"type":"Point","coordinates":[-122.4019772,37.70764232]}},{"type":"Feature","properties":{"stop_id":"BAY-02-NB","stop_code":"BAY-02-NB","platform_code":"","stop_name":"Elevator: Bayshore Caltrain Northbound","stop_desc":"","zone_id":"","stop_url":"","location_type":"2","parent_station":"bayshore","stop_timezone":"","position":"","direction":"","wheelchair_boarding":"1","tts_stop_name":"","feed_id":"California__Caltrain__mdb_mdb-54","agency_name":"Caltrain","route_count":0,"route_ids":"","route_short_names":"","route_types":"","route_type_names":"","routes_json":"[]","metadata_feed_id":"California__Caltrain__mdb_mdb-54","metadata_agency_names":"Caltrain","metadata_ntd_id":"90134","metadata_ntd_match_method":"manual_override","metadata_ntd_agency":"Peninsula Corridor Joint Powers Board, dba: Caltrain","metadata_ntd_city":"San Carlos","metadata_ntd_state":"CA","metadata_gtfs_route_count":5,"metadata_gtfs_trip_count":260,"metadata_gtfs_shape_count":18,"metadata_gtfs_stop_count":106,"metadata_ntd_agency_voms":72,"metadata_ntd_total_facilities":83,"metadata_ntd_maintenance_facilities":3,"metadata_ntd_passenger_stations":31,"metadata_tam_tier":"Tier I (Rail)","metadata_service_area_sq_miles":425,"metadata_service_area_population":3632769,"metadata_route_types_json":"{\"2\":5}","metadata_ntd_facilities_json":"{\"maintenance_facilities\":3,\"administrative_and_other_non_passenger_facilities\":21,\"passenger_stations_and_terminals\":31,\"parking_and_other_passenger_facilities\":28,\"total_facilities\":83,\"bus_transfer_centers\":0,\"elevated_fixed_guideway_stations\":5,\"at_grade_fixed_guideway_stations\":26,\"underground_fixed_guideway_stations\":0,\"simple_at_grade_platform_stations\":0,\"exclusive_grade_separated_platform_stations\":0,\"ferryboat_terminals\":0,\"surface_parking_lots\":26,\"parking_structures\":2}","metadata_tam_modes_json":"{\"CR\":{\"total_units_2024\":517.46,\"units_under_threshold_2024\":159.38,\"voms_2024\":144,\"total_modal_vrm_2024\":18185025,\"total_modal_upt_2024\":22215015}}"},"geometry":{"type":"Point","coordinates":[-122.4016822,37.70764197]}},{"type":"Feature","properties":{"stop_id":"bayshore","stop_code":"bayshore","platform_code":"","stop_name":"Bayshore Station","stop_desc":"","zone_id":"","stop_url":"https://www.caltrain.com/station/bayshore","location_type":"1","parent_station":"","stop_timezone":"America/Los_Angeles","position":"","direction":"","wheelchair_boarding":"0","tts_stop_name":"bayshore","feed_id":"California__Caltrain__mdb_mdb-54","agency_name":"Caltrain","route_count":0,"route_ids":"","route_short_names":"","route_types":"","route_type_names":"","routes_json":"[]","metadata_feed_id":"California__Caltrain__mdb_mdb-54","metadata_agency_names":"Caltrain","metadata_ntd_id":"90134","metadata_ntd_match_method":"manual_override","metadata_ntd_agency":"Peninsula Corridor Joint Powers Board, dba: Caltrain","metadata_ntd_city":"San Carlos","metadata_ntd_state":"CA","metadata_gtfs_route_count":5,"metadata_gtfs_trip_count":260,"metadata_gtfs_shape_count":18,"metadata_gtfs_stop_count":106,"metadata_ntd_agency_voms":72,"metadata_ntd_total_facilities":83,"metadata_ntd_maintenance_facilities":3,"metadata_ntd_passenger_stations":31,"metadata_tam_tier":"Tier I (Rail)","metadata_service_area_sq_miles":425,"metadata_service_area_population":3632769,"metadata_route_types_json":"{\"2\":5}","metadata_ntd_facilities_json":"{\"maintenance_facilities\":3,\"administrative_and_other_non_passenger_facilities\":21,\"passenger_stations_and_terminals\":31,\"parking_and_other_passenger_facilities\":28,\"total_facilities\":83,\"bus_transfer_centers\":0,\"elevated_fixed_guideway_stations\":5,\"at_grade_fixed_guideway_stations\":26,\"underground_fixed_guideway_stations\":0,\"simple_at_grade_platform_stations\":0,\"exclusive_grade_separated_platform_stations\":0,\"ferryboat_terminals\":0,\"surface_parking_lots\":26,\"parking_structures\":2}","metadata_tam_modes_json":"{\"CR\":{\"total_units_2024\":517.46,\"units_under_threshold_2024\":159.38,\"voms_2024\":144,\"total_modal_vrm_2024\":18185025,\"total_modal_upt_2024\":22215015}}"},"geometry":{"type":"Point","coordinates":[-122.401665,37.70766]}},{"type":"Feature","properties":{"stop_id":"BEL-01-CB","stop_code":"BEL-01-CB","platform_code":"","stop_name":"Elevator: Belmont Caltrain Center Board","stop_desc":"","zone_id":"","stop_url":"","location_type":"2","parent_station":"belmont","stop_timezone":"","position":"","direction":"","wheelchair_boarding":"1","tts_stop_name":"","feed_id":"California__Caltrain__mdb_mdb-54","agency_name":"Caltrain","route_count":0,"route_ids":"","route_short_names":"","route_types":"","route_type_names":"","routes_json":"[]","metadata_feed_id":"California__Caltrain__mdb_mdb-54","metadata_agency_names":"Caltrain","metadata_ntd_id":"90134","metadata_ntd_match_method":"manual_override","metadata_ntd_agency":"Peninsula Corridor Joint Powers Board, dba: Caltrain","metadata_ntd_city":"San Carlos","metadata_ntd_state":"CA","metadata_gtfs_route_count":5,"metadata_gtfs_trip_count":260,"metadata_gtfs_shape_count":18,"metadata_gtfs_stop_count":106,"metadata_ntd_agency_voms":72,"metadata_ntd_total_facilities":83,"metadata_ntd_maintenance_facilities":3,"metadata_ntd_passenger_stations":31,"metadata_tam_tier":"Tier I (Rail)","metadata_service_area_sq_miles":425,"metadata_service_area_population":3632769,"metadata_route_types_json":"{\"2\":5}","metadata_ntd_facilities_json":"{\"maintenance_facilities\":3,\"administrative_and_other_non_passenger_facilities\":21,\"passenger_stations_and_terminals\":31,\"parking_and_other_passenger_facilities\":28,\"total_facilities\":83,\"bus_transfer_centers\":0,\"elevated_fixed_guideway_stations\":5,\"at_grade_fixed_guideway_stations\":26,\"underground_fixed_guideway_stations\":0,\"simple_at_grade_platform_stations\":0,\"exclusive_grade_separated_platform_stations\":0,\"ferryboat_terminals\":0,\"surface_parking_lots\":26,\"parking_structures\":2}","metadata_tam_modes_json":"{\"CR\":{\"total_units_2024\":517.46,\"units_under_threshold_2024\":159.38,\"voms_2024\":144,\"total_modal_vrm_2024\":18185025,\"total_modal_upt_2024\":22215015}}"},"geometry":{"type":"Point","coordinates":[-122.2763594,37.52129457]}},{"type":"Feature","properties":{"stop_id":"belmont","stop_code":"belmont","platform_code":"","stop_name":"Belmont Station","stop_desc":"","zone_id":"","stop_url":"","location_type":"1","parent_station":"","stop_timezone":"America/Los_Angeles","position":"","direction":"","wheelchair_boarding":"0","tts_stop_name":"belmont","feed_id":"California__Caltrain__mdb_mdb-54","agency_name":"Caltrain","route_count":0,"route_ids":"","route_short_names":"","route_types":"","route_type_names":"","routes_json":"[]","metadata_feed_id":"California__Caltrain__mdb_mdb-54","metadata_agency_names":"Caltrain","metadata_ntd_id":"90134","metadata_ntd_match_method":"manual_override","metadata_ntd_agency":"Peninsula Corridor Joint Powers Board, dba: Caltrain","metadata_ntd_city":"San Carlos","metadata_ntd_state":"CA","metadata_gtfs_route_count":5,"metadata_gtfs_trip_count":260,"metadata_gtfs_shape_count":18,"metadata_gtfs_stop_count":106,"metadata_ntd_agency_voms":72,"metadata_ntd_total_facilities":83,"metadata_ntd_maintenance_facilities":3,"metadata_ntd_passenger_stations":31,"metadata_tam_tier":"Tier I (Rail)","metadata_service_area_sq_miles":425,"metadata_service_area_population":3632769,"metadata_route_types_json":"{\"2\":5}","metadata_ntd_facilities_json":"{\"maintenance_facilities\":3,\"administrative_and_other_non_passenger_facilities\":21,\"passenger_stations_and_terminals\":31,\"parking_and_other_passenger_facilities\":28,\"total_facilities\":83,\"bus_transfer_centers\":0,\"elevated_fixed_guideway_stations\":5,\"at_grade_fixed_guideway_stations\":26,\"underground_fixed_guideway_stations\":0,\"simple_at_grade_platform_stations\":0,\"exclusive_grade_separated_platform_stations\":0,\"ferryboat_terminals\":0,\"surface_parking_lots\":26,\"parking_structures\":2}","metadata_tam_modes_json":"{\"CR\":{\"total_units_2024\":517.46,\"units_under_threshold_2024\":159.38,\"voms_2024\":144,\"total_modal_vrm_2024\":18185025,\"total_modal_upt_2024\":22215015}}"},"geometry":{"type":"Point","coordinates":[-122.2763,37.52133]}},{"type":"Feature","properties":{"stop_id":"blossom_hill","stop_code":"blossom_hill","platform_code":"","stop_name":"Blossom Hill Caltrain Station","stop_desc":"","zone_id":"","stop_url":"","location_type":"1","parent_station":"","stop_timezone":"America/Los_Angeles","position":"","direction":"","wheelchair_boarding":"0","tts_stop_name":"blossom hill","feed_id":"California__Caltrain__mdb_mdb-54","agency_name":"Caltrain","route_count":0,"route_ids":"","route_short_names":"","route_types":"","route_type_names":"","routes_json":"[]","metadata_feed_id":"California__Caltrain__mdb_mdb-54","metadata_agency_names":"Caltrain","metadata_ntd_id":"90134","metadata_ntd_match_method":"manual_override","metadata_ntd_agency":"Peninsula Corridor Joint Powers Board, dba: Caltrain","metadata_ntd_city":"San Carlos","metadata_ntd_state":"CA","metadata_gtfs_route_count":5,"metadata_gtfs_trip_count":260,"metadata_gtfs_shape_count":18,"metadata_gtfs_stop_count":106,"metadata_ntd_agency_voms":72,"metadata_ntd_total_facilities":83,"metadata_ntd_maintenance_facilities":3,"metadata_ntd_passenger_stations":31,"metadata_tam_tier":"Tier I (Rail)","metadata_service_area_sq_miles":425,"metadata_service_area_population":3632769,"metadata_route_types_json":"{\"2\":5}","metadata_ntd_facilities_json":"{\"maintenance_facilities\":3,\"administrative_and_other_non_passenger_facilities\":21,\"passenger_stations_and_terminals\":31,\"parking_and_other_passenger_facilities\":28,\"total_facilities\":83,\"bus_transfer_centers\":0,\"elevated_fixed_guideway_stations\":5,\"at_grade_fixed_guideway_stations\":26,\"underground_fixed_guideway_stations\":0,\"simple_at_grade_platform_stations\":0,\"exclusive_grade_separated_platform_stations\":0,\"ferryboat_terminals\":0,\"surface_parking_lots\":26,\"parking_structures\":2}","metadata_tam_modes_json":"{\"CR\":{\"total_units_2024\":517.46,\"units_under_threshold_2024\":159.38,\"voms_2024\":144,\"total_modal_vrm_2024\":18185025,\"total_modal_upt_2024\":22215015}}"},"geometry":{"type":"Point","coordinates":[-121.797907,37.252606]}},{"type":"Feature","properties":{"stop_id":"broadway","stop_code":"broadway","platform_code":"","stop_name":"Broadway Station","stop_desc":"","zone_id":"","stop_url":"","location_type":"1","parent_station":"","stop_timezone":"America/Los_Angeles","position":"","direction":"","wheelchair_boarding":"0","tts_stop_name":"broadway","feed_id":"California__Caltrain__mdb_mdb-54","agency_name":"Caltrain","route_count":0,"route_ids":"","route_short_names":"","route_types":"","route_type_names":"","routes_json":"[]","metadata_feed_id":"California__Caltrain__mdb_mdb-54","metadata_agency_names":"Caltrain","metadata_ntd_id":"90134","metadata_ntd_match_method":"manual_override","metadata_ntd_agency":"Peninsula Corridor Joint Powers Board, dba: Caltrain","metadata_ntd_city":"San Carlos","metadata_ntd_state":"CA","metadata_gtfs_route_count":5,"metadata_gtfs_trip_count":260,"metadata_gtfs_shape_count":18,"metadata_gtfs_stop_count":106,"metadata_ntd_agency_voms":72,"metadata_ntd_total_facilities":83,"metadata_ntd_maintenance_facilities":3,"metadata_ntd_passenger_stations":31,"metadata_tam_tier":"Tier I (Rail)","metadata_service_area_sq_miles":425,"metadata_service_area_population":3632769,"metadata_route_types_json":"{\"2\":5}","metadata_ntd_facilities_json":"{\"maintenance_facilities\":3,\"administrative_and_other_non_passenger_facilities\":21,\"passenger_stations_and_terminals\":31,\"parking_and_other_passenger_facilities\":28,\"total_facilities\":83,\"bus_transfer_centers\":0,\"elevated_fixed_guideway_stations\":5,\"at_grade_fixed_guideway_stations\":26,\"underground_fixed_guideway_stations\":0,\"simple_at_grade_platform_stations\":0,\"exclusive_grade_separated_platform_stations\":0,\"ferryboat_terminals\":0,\"surface_parking_lots\":26,\"parking_structures\":2}","metadata_tam_modes_json":"{\"CR\":{\"total_units_2024\":517.46,\"units_under_threshold_2024\":159.38,\"voms_2024\":144,\"total_modal_vrm_2024\":18185025,\"total_modal_upt_2024\":22215015}}"},"geometry":{"type":"Point","coordinates":[-122.362,37.58726]}},{"type":"Feature","properties":{"stop_id":"burlingame","stop_code":"burlingame","platform_code":"","stop_name":"Burlingame Station","stop_desc":"","zone_id":"","stop_url":"","location_type":"1","parent_station":"","stop_timezone":"America/Los_Angeles","position":"","direction":"","wheelchair_boarding":"0","tts_stop_name":"burlingame","feed_id":"California__Caltrain__mdb_mdb-54","agency_name":"Caltrain","route_count":0,"route_ids":"","route_short_names":"","route_types":"","route_type_names":"","routes_json":"[]","metadata_feed_id":"California__Caltrain__mdb_mdb-54","metadata_agency_names":"Caltrain","metadata_ntd_id":"90134","metadata_ntd_match_method":"manual_override","metadata_ntd_agency":"Peninsula Corridor Joint Powers Board, dba: Caltrain","metadata_ntd_city":"San Carlos","metadata_ntd_state":"CA","metadata_gtfs_route_count":5,"metadata_gtfs_trip_count":260,"metadata_gtfs_shape_count":18,"metadata_gtfs_stop_count":106,"metadata_ntd_agency_voms":72,"metadata_ntd_total_facilities":83,"metadata_ntd_maintenance_facilities":3,"metadata_ntd_passenger_stations":31,"metadata_tam_tier":"Tier I (Rail)","metadata_service_area_sq_miles":425,"metadata_service_area_population":3632769,"metadata_route_types_json":"{\"2\":5}","metadata_ntd_facilities_json":"{\"maintenance_facilities\":3,\"administrative_and_other_non_passenger_facilities\":21,\"passenger_stations_and_terminals\":31,\"parking_and_other_passenger_facilities\":28,\"total_facilities\":83,\"bus_transfer_centers\":0,\"elevated_fixed_guideway_stations\":5,\"at_grade_fixed_guideway_stations\":26,\"underground_fixed_guideway_stations\":0,\"simple_at_grade_platform_stations\":0,\"exclusive_grade_separated_platform_stations\":0,\"ferryboat_terminals\":0,\"surface_parking_lots\":26,\"parking_structures\":2}","metadata_tam_modes_json":"{\"CR\":{\"total_units_2024\":517.46,\"units_under_threshold_2024\":159.38,\"voms_2024\":144,\"total_modal_vrm_2024\":18185025,\"total_modal_upt_2024\":22215015}}"},"geometry":{"type":"Point","coordinates":[-122.34418,37.57985]}},{"type":"Feature","properties":{"stop_id":"california_ave","stop_code":"california_ave","platform_code":"","stop_name":"California Avenue Station","stop_desc":"","zone_id":"","stop_url":"","location_type":"1","parent_station":"","stop_timezone":"America/Los_Angeles","position":"","direction":"","wheelchair_boarding":"0","tts_stop_name":"california avenue","feed_id":"California__Caltrain__mdb_mdb-54","agency_name":"Caltrain","route_count":0,"route_ids":"","route_short_names":"","route_types":"","route_type_names":"","routes_json":"[]","metadata_feed_id":"California__Caltrain__mdb_mdb-54","metadata_agency_names":"Caltrain","metadata_ntd_id":"90134","metadata_ntd_match_method":"manual_override","metadata_ntd_agency":"Peninsula Corridor Joint Powers Board, dba: Caltrain","metadata_ntd_city":"San Carlos","metadata_ntd_state":"CA","metadata_gtfs_route_count":5,"metadata_gtfs_trip_count":260,"metadata_gtfs_shape_count":18,"metadata_gtfs_stop_count":106,"metadata_ntd_agency_voms":72,"metadata_ntd_total_facilities":83,"metadata_ntd_maintenance_facilities":3,"metadata_ntd_passenger_stations":31,"metadata_tam_tier":"Tier I (Rail)","metadata_service_area_sq_miles":425,"metadata_service_area_population":3632769,"metadata_route_types_json":"{\"2\":5}","metadata_ntd_facilities_json":"{\"maintenance_facilities\":3,\"administrative_and_other_non_passenger_facilities\":21,\"passenger_stations_and_terminals\":31,\"parking_and_other_passenger_facilities\":28,\"total_facilities\":83,\"bus_transfer_centers\":0,\"elevated_fixed_guideway_stations\":5,\"at_grade_fixed_guideway_stations\":26,\"underground_fixed_guideway_stations\":0,\"simple_at_grade_platform_stations\":0,\"exclusive_grade_separated_platform_stations\":0,\"ferryboat_terminals\":0,\"surface_parking_lots\":26,\"parking_structures\":2}","metadata_tam_modes_json":"{\"CR\":{\"total_units_2024\":517.46,\"units_under_threshold_2024\":159.38,\"voms_2024\":144,\"total_modal_vrm_2024\":18185025,\"total_modal_upt_2024\":22215015}}"},"geometry":{"type":"Point","coordinates":[-122.14113,37.428834]}},{"type":"Feature","properties":{"stop_id":"capitol","stop_code":"capitol","platform_code":"","stop_name":"Capitol Caltrain Station","stop_desc":"","zone_id":"","stop_url":"","location_type":"1","parent_station":"","stop_timezone":"America/Los_Angeles","position":"","direction":"","wheelchair_boarding":"0","tts_stop_name":"capitol","feed_id":"California__Caltrain__mdb_mdb-54","agency_name":"Caltrain","route_count":0,"route_ids":"","route_short_names":"","route_types":"","route_type_names":"","routes_json":"[]","metadata_feed_id":"California__Caltrain__mdb_mdb-54","metadata_agency_names":"Caltrain","metadata_ntd_id":"90134","metadata_ntd_match_method":"manual_override","metadata_ntd_agency":"Peninsula Corridor Joint Powers Board, dba: Caltrain","metadata_ntd_city":"San Carlos","metadata_ntd_state":"CA","metadata_gtfs_route_count":5,"metadata_gtfs_trip_count":260,"metadata_gtfs_shape_count":18,"metadata_gtfs_stop_count":106,"metadata_ntd_agency_voms":72,"metadata_ntd_total_facilities":83,"metadata_ntd_maintenance_facilities":3,"metadata_ntd_passenger_stations":31,"metadata_tam_tier":"Tier I (Rail)","metadata_service_area_sq_miles":425,"metadata_service_area_population":3632769,"metadata_route_types_json":"{\"2\":5}","metadata_ntd_facilities_json":"{\"maintenance_facilities\":3,\"administrative_and_other_non_passenger_facilities\":21,\"passenger_stations_and_terminals\":31,\"parking_and_other_passenger_facilities\":28,\"total_facilities\":83,\"bus_transfer_centers\":0,\"elevated_fixed_guideway_stations\":5,\"at_grade_fixed_guideway_stations\":26,\"underground_fixed_guideway_stations\":0,\"simple_at_grade_platform_stations\":0,\"exclusive_grade_separated_platform_stations\":0,\"ferryboat_terminals\":0,\"surface_parking_lots\":26,\"parking_structures\":2}","metadata_tam_modes_json":"{\"CR\":{\"total_units_2024\":517.46,\"units_under_threshold_2024\":159.38,\"voms_2024\":144,\"total_modal_vrm_2024\":18185025,\"total_modal_upt_2024\":22215015}}"},"geometry":{"type":"Point","coordinates":[-121.841899,37.284016]}},{"type":"Feature","properties":{"stop_id":"college_park","stop_code":"college_park","platform_code":"","stop_name":"College Park Station","stop_desc":"","zone_id":"","stop_url":"","location_type":"1","parent_station":"","stop_timezone":"America/Los_Angeles","position":"","direction":"","wheelchair_boarding":"0","tts_stop_name":"college park","feed_id":"California__Caltrain__mdb_mdb-54","agency_name":"Caltrain","route_count":0,"route_ids":"","route_short_names":"","route_types":"","route_type_names":"","routes_json":"[]","metadata_feed_id":"California__Caltrain__mdb_mdb-54","metadata_agency_names":"Caltrain","metadata_ntd_id":"90134","metadata_ntd_match_method":"manual_override","metadata_ntd_agency":"Peninsula Corridor Joint Powers Board, dba: Caltrain","metadata_ntd_city":"San Carlos","metadata_ntd_state":"CA","metadata_gtfs_route_count":5,"metadata_gtfs_trip_count":260,"metadata_gtfs_shape_count":18,"metadata_gtfs_stop_count":106,"metadata_ntd_agency_voms":72,"metadata_ntd_total_facilities":83,"metadata_ntd_maintenance_facilities":3,"metadata_ntd_passenger_stations":31,"metadata_tam_tier":"Tier I (Rail)","metadata_service_area_sq_miles":425,"metadata_service_area_population":3632769,"metadata_route_types_json":"{\"2\":5}","metadata_ntd_facilities_json":"{\"maintenance_facilities\":3,\"administrative_and_other_non_passenger_facilities\":21,\"passenger_stations_and_terminals\":31,\"parking_and_other_passenger_facilities\":28,\"total_facilities\":83,\"bus_transfer_centers\":0,\"elevated_fixed_guideway_stations\":5,\"at_grade_fixed_guideway_stations\":26,\"underground_fixed_guideway_stations\":0,\"simple_at_grade_platform_stations\":0,\"exclusive_grade_separated_platform_stations\":0,\"ferryboat_terminals\":0,\"surface_parking_lots\":26,\"parking_structures\":2}","metadata_tam_modes_json":"{\"CR\":{\"total_units_2024\":517.46,\"units_under_threshold_2024\":159.38,\"voms_2024\":144,\"total_modal_vrm_2024\":18185025,\"total_modal_upt_2024\":22215015}}"},"geometry":{"type":"Point","coordinates":[-121.91565,37.34289]}},{"type":"Feature","properties":{"stop_id":"gilroy","stop_code":"gilroy","platform_code":"","stop_name":"Gilroy Station","stop_desc":"","zone_id":"","stop_url":"","location_type":"1","parent_station":"","stop_timezone":"America/Los_Angeles","position":"","direction":"","wheelchair_boarding":"0","tts_stop_name":"gilroy","feed_id":"California__Caltrain__mdb_mdb-54","agency_name":"Caltrain","route_count":0,"route_ids":"","route_short_names":"","route_types":"","route_type_names":"","routes_json":"[]","metadata_feed_id":"California__Caltrain__mdb_mdb-54","metadata_agency_names":"Caltrain","metadata_ntd_id":"90134","metadata_ntd_match_method":"manual_override","metadata_ntd_agency":"Peninsula Corridor Joint Powers Board, dba: Caltrain","metadata_ntd_city":"San Carlos","metadata_ntd_state":"CA","metadata_gtfs_route_count":5,"metadata_gtfs_trip_count":260,"metadata_gtfs_shape_count":18,"metadata_gtfs_stop_count":106,"metadata_ntd_agency_voms":72,"metadata_ntd_total_facilities":83,"metadata_ntd_maintenance_facilities":3,"metadata_ntd_passenger_stations":31,"metadata_tam_tier":"Tier I (Rail)","metadata_service_area_sq_miles":425,"metadata_service_area_population":3632769,"metadata_route_types_json":"{\"2\":5}","metadata_ntd_facilities_json":"{\"maintenance_facilities\":3,\"administrative_and_other_non_passenger_facilities\":21,\"passenger_stations_and_terminals\":31,\"parking_and_other_passenger_facilities\":28,\"total_facilities\":83,\"bus_transfer_centers\":0,\"elevated_fixed_guideway_stations\":5,\"at_grade_fixed_guideway_stations\":26,\"underground_fixed_guideway_stations\":0,\"simple_at_grade_platform_stations\":0,\"exclusive_grade_separated_platform_stations\":0,\"ferryboat_terminals\":0,\"surface_parking_lots\":26,\"parking_structures\":2}","metadata_tam_modes_json":"{\"CR\":{\"total_units_2024\":517.46,\"units_under_threshold_2024\":159.38,\"voms_2024\":144,\"total_modal_vrm_2024\":18185025,\"total_modal_upt_2024\":22215015}}"},"geometry":{"type":"Point","coordinates":[-121.566727,37.004466]}},{"type":"Feature","properties":{"stop_id":"hayward_park","stop_code":"hayward_park","platform_code":"","stop_name":"Hayward Park Station","stop_desc":"","zone_id":"","stop_url":"","location_type":"1","parent_station":"","stop_timezone":"America/Los_Angeles","position":"","direction":"","wheelchair_boarding":"0","tts_stop_name":"hayward park","feed_id":"California__Caltrain__mdb_mdb-54","agency_name":"Caltrain","route_count":0,"route_ids":"","route_short_names":"","route_types":"","route_type_names":"","routes_json":"[]","metadata_feed_id":"California__Caltrain__mdb_mdb-54","metadata_agency_names":"Caltrain","metadata_ntd_id":"90134","metadata_ntd_match_method":"manual_override","metadata_ntd_agency":"Peninsula Corridor Joint Powers Board, dba: Caltrain","metadata_ntd_city":"San Carlos","metadata_ntd_state":"CA","metadata_gtfs_route_count":5,"metadata_gtfs_trip_count":260,"metadata_gtfs_shape_count":18,"metadata_gtfs_stop_count":106,"metadata_ntd_agency_voms":72,"metadata_ntd_total_facilities":83,"metadata_ntd_maintenance_facilities":3,"metadata_ntd_passenger_stations":31,"metadata_tam_tier":"Tier I (Rail)","metadata_service_area_sq_miles":425,"metadata_service_area_population":3632769,"metadata_route_types_json":"{\"2\":5}","metadata_ntd_facilities_json":"{\"maintenance_facilities\":3,\"administrative_and_other_non_passenger_facilities\":21,\"passenger_stations_and_terminals\":31,\"parking_and_other_passenger_facilities\":28,\"total_facilities\":83,\"bus_transfer_centers\":0,\"elevated_fixed_guideway_stations\":5,\"at_grade_fixed_guideway_stations\":26,\"underground_fixed_guideway_stations\":0,\"simple_at_grade_platform_stations\":0,\"exclusive_grade_separated_platform_stations\":0,\"ferryboat_terminals\":0,\"surface_parking_lots\":26,\"parking_structures\":2}","metadata_tam_modes_json":"{\"CR\":{\"total_units_2024\":517.46,\"units_under_threshold_2024\":159.38,\"voms_2024\":144,\"total_modal_vrm_2024\":18185025,\"total_modal_upt_2024\":22215015}}"},"geometry":{"type":"Point","coordinates":[-122.309494,37.553161]}},{"type":"Feature","properties":{"stop_id":"hillsdale","stop_code":"hillsdale","platform_code":"","stop_name":"Hillsdale Station","stop_desc":"","zone_id":"","stop_url":"","location_type":"1","parent_station":"","stop_timezone":"America/Los_Angeles","position":"","direction":"","wheelchair_boarding":"0","tts_stop_name":"hillsdale","feed_id":"California__Caltrain__mdb_mdb-54","agency_name":"Caltrain","route_count":0,"route_ids":"","route_short_names":"","route_types":"","route_type_names":"","routes_json":"[]","metadata_feed_id":"California__Caltrain__mdb_mdb-54","metadata_agency_names":"Caltrain","metadata_ntd_id":"90134","metadata_ntd_match_method":"manual_override","metadata_ntd_agency":"Peninsula Corridor Joint Powers Board, dba: Caltrain","metadata_ntd_city":"San Carlos","metadata_ntd_state":"CA","metadata_gtfs_route_count":5,"metadata_gtfs_trip_count":260,"metadata_gtfs_shape_count":18,"metadata_gtfs_stop_count":106,"metadata_ntd_agency_voms":72,"metadata_ntd_total_facilities":83,"metadata_ntd_maintenance_facilities":3,"metadata_ntd_passenger_stations":31,"metadata_tam_tier":"Tier I (Rail)","metadata_service_area_sq_miles":425,"metadata_service_area_population":3632769,"metadata_route_types_json":"{\"2\":5}","metadata_ntd_facilities_json":"{\"maintenance_facilities\":3,\"administrative_and_other_non_passenger_facilities\":21,\"passenger_stations_and_terminals\":31,\"parking_and_other_passenger_facilities\":28,\"total_facilities\":83,\"bus_transfer_centers\":0,\"elevated_fixed_guideway_stations\":5,\"at_grade_fixed_guideway_stations\":26,\"underground_fixed_guideway_stations\":0,\"simple_at_grade_platform_stations\":0,\"exclusive_grade_separated_platform_stations\":0,\"ferryboat_terminals\":0,\"surface_parking_lots\":26,\"parking_structures\":2}","metadata_tam_modes_json":"{\"CR\":{\"total_units_2024\":517.46,\"units_under_threshold_2024\":159.38,\"voms_2024\":144,\"total_modal_vrm_2024\":18185025,\"total_modal_upt_2024\":22215015}}"},"geometry":{"type":"Point","coordinates":[-122.301612061,37.542392678]}},{"type":"Feature","properties":{"stop_id":"lawrence","stop_code":"lawrence","platform_code":"","stop_name":"Lawrence Station","stop_desc":"","zone_id":"","stop_url":"","location_type":"1","parent_station":"","stop_timezone":"America/Los_Angeles","position":"","direction":"","wheelchair_boarding":"0","tts_stop_name":"lawrence","feed_id":"California__Caltrain__mdb_mdb-54","agency_name":"Caltrain","route_count":0,"route_ids":"","route_short_names":"","route_types":"","route_type_names":"","routes_json":"[]","metadata_feed_id":"California__Caltrain__mdb_mdb-54","metadata_agency_names":"Caltrain","metadata_ntd_id":"90134","metadata_ntd_match_method":"manual_override","metadata_ntd_agency":"Peninsula Corridor Joint Powers Board, dba: Caltrain","metadata_ntd_city":"San Carlos","metadata_ntd_state":"CA","metadata_gtfs_route_count":5,"metadata_gtfs_trip_count":260,"metadata_gtfs_shape_count":18,"metadata_gtfs_stop_count":106,"metadata_ntd_agency_voms":72,"metadata_ntd_total_facilities":83,"metadata_ntd_maintenance_facilities":3,"metadata_ntd_passenger_stations":31,"metadata_tam_tier":"Tier I (Rail)","metadata_service_area_sq_miles":425,"metadata_service_area_population":3632769,"metadata_route_types_json":"{\"2\":5}","metadata_ntd_facilities_json":"{\"maintenance_facilities\":3,\"administrative_and_other_non_passenger_facilities\":21,\"passenger_stations_and_terminals\":31,\"parking_and_other_passenger_facilities\":28,\"total_facilities\":83,\"bus_transfer_centers\":0,\"elevated_fixed_guideway_stations\":5,\"at_grade_fixed_guideway_stations\":26,\"underground_fixed_guideway_stations\":0,\"simple_at_grade_platform_stations\":0,\"exclusive_grade_separated_platform_stations\":0,\"ferryboat_terminals\":0,\"surface_parking_lots\":26,\"parking_structures\":2}","metadata_tam_modes_json":"{\"CR\":{\"total_units_2024\":517.46,\"units_under_threshold_2024\":159.38,\"voms_2024\":144,\"total_modal_vrm_2024\":18185025,\"total_modal_upt_2024\":22215015}}"},"geometry":{"type":"Point","coordinates":[-121.9969,37.3707]}},{"type":"Feature","properties":{"stop_id":"menlo_park","stop_code":"menlo_park","platform_code":"","stop_name":"Menlo Park Station","stop_desc":"","zone_id":"","stop_url":"","location_type":"1","parent_station":"","stop_timezone":"America/Los_Angeles","position":"","direction":"","wheelchair_boarding":"0","tts_stop_name":"menlo park","feed_id":"California__Caltrain__mdb_mdb-54","agency_name":"Caltrain","route_count":0,"route_ids":"","route_short_names":"","route_types":"","route_type_names":"","routes_json":"[]","metadata_feed_id":"California__Caltrain__mdb_mdb-54","metadata_agency_names":"Caltrain","metadata_ntd_id":"90134","metadata_ntd_match_method":"manual_override","metadata_ntd_agency":"Peninsula Corridor Joint Powers Board, dba: Caltrain","metadata_ntd_city":"San Carlos","metadata_ntd_state":"CA","metadata_gtfs_route_count":5,"metadata_gtfs_trip_count":260,"metadata_gtfs_shape_count":18,"metadata_gtfs_stop_count":106,"metadata_ntd_agency_voms":72,"metadata_ntd_total_facilities":83,"metadata_ntd_maintenance_facilities":3,"metadata_ntd_passenger_stations":31,"metadata_tam_tier":"Tier I (Rail)","metadata_service_area_sq_miles":425,"metadata_service_area_population":3632769,"metadata_route_types_json":"{\"2\":5}","metadata_ntd_facilities_json":"{\"maintenance_facilities\":3,\"administrative_and_other_non_passenger_facilities\":21,\"passenger_stations_and_terminals\":31,\"parking_and_other_passenger_facilities\":28,\"total_facilities\":83,\"bus_transfer_centers\":0,\"elevated_fixed_guideway_stations\":5,\"at_grade_fixed_guideway_stations\":26,\"underground_fixed_guideway_stations\":0,\"simple_at_grade_platform_stations\":0,\"exclusive_grade_separated_platform_stations\":0,\"ferryboat_terminals\":0,\"surface_parking_lots\":26,\"parking_structures\":2}","metadata_tam_modes_json":"{\"CR\":{\"total_units_2024\":517.46,\"units_under_threshold_2024\":159.38,\"voms_2024\":144,\"total_modal_vrm_2024\":18185025,\"total_modal_upt_2024\":22215015}}"},"geometry":{"type":"Point","coordinates":[-122.18245,37.4548]}},{"type":"Feature","properties":{"stop_id":"MIL-02-SB","stop_code":"MIL-02-SB","platform_code":"","stop_name":"Elevator: Millbrae Caltrain Southbound","stop_desc":"","zone_id":"","stop_url":"","location_type":"2","parent_station":"place_MLBR","stop_timezone":"","position":"","direction":"","wheelchair_boarding":"1","tts_stop_name":"","feed_id":"California__Caltrain__mdb_mdb-54","agency_name":"Caltrain","route_count":0,"route_ids":"","route_short_names":"","route_types":"","route_type_names":"","routes_json":"[]","metadata_feed_id":"California__Caltrain__mdb_mdb-54","metadata_agency_names":"Caltrain","metadata_ntd_id":"90134","metadata_ntd_match_method":"manual_override","metadata_ntd_agency":"Peninsula Corridor Joint Powers Board, dba: Caltrain","metadata_ntd_city":"San Carlos","metadata_ntd_state":"CA","metadata_gtfs_route_count":5,"metadata_gtfs_trip_count":260,"metadata_gtfs_shape_count":18,"metadata_gtfs_stop_count":106,"metadata_ntd_agency_voms":72,"metadata_ntd_total_facilities":83,"metadata_ntd_maintenance_facilities":3,"metadata_ntd_passenger_stations":31,"metadata_tam_tier":"Tier I (Rail)","metadata_service_area_sq_miles":425,"metadata_service_area_population":3632769,"metadata_route_types_json":"{\"2\":5}","metadata_ntd_facilities_json":"{\"maintenance_facilities\":3,\"administrative_and_other_non_passenger_facilities\":21,\"passenger_stations_and_terminals\":31,\"parking_and_other_passenger_facilities\":28,\"total_facilities\":83,\"bus_transfer_centers\":0,\"elevated_fixed_guideway_stations\":5,\"at_grade_fixed_guideway_stations\":26,\"underground_fixed_guideway_stations\":0,\"simple_at_grade_platform_stations\":0,\"exclusive_grade_separated_platform_stations\":0,\"ferryboat_terminals\":0,\"surface_parking_lots\":26,\"parking_structures\":2}","metadata_tam_modes_json":"{\"CR\":{\"total_units_2024\":517.46,\"units_under_threshold_2024\":159.38,\"voms_2024\":144,\"total_modal_vrm_2024\":18185025,\"total_modal_upt_2024\":22215015}}"},"geometry":{"type":"Point","coordinates":[-122.3870719,37.60001734]}},{"type":"Feature","properties":{"stop_id":"MIL-03-NB","stop_code":"MIL-03-NB","platform_code":"","stop_name":"Elevator: Millbrae Caltrain Northbound","stop_desc":"","zone_id":"","stop_url":"","location_type":"2","parent_station":"place_MLBR","stop_timezone":"","position":"","direction":"","wheelchair_boarding":"1","tts_stop_name":"","feed_id":"California__Caltrain__mdb_mdb-54","agency_name":"Caltrain","route_count":0,"route_ids":"","route_short_names":"","route_types":"","route_type_names":"","routes_json":"[]","metadata_feed_id":"California__Caltrain__mdb_mdb-54","metadata_agency_names":"Caltrain","metadata_ntd_id":"90134","metadata_ntd_match_method":"manual_override","metadata_ntd_agency":"Peninsula Corridor Joint Powers Board, dba: Caltrain","metadata_ntd_city":"San Carlos","metadata_ntd_state":"CA","metadata_gtfs_route_count":5,"metadata_gtfs_trip_count":260,"metadata_gtfs_shape_count":18,"metadata_gtfs_stop_count":106,"metadata_ntd_agency_voms":72,"metadata_ntd_total_facilities":83,"metadata_ntd_maintenance_facilities":3,"metadata_ntd_passenger_stations":31,"metadata_tam_tier":"Tier I (Rail)","metadata_service_area_sq_miles":425,"metadata_service_area_population":3632769,"metadata_route_types_json":"{\"2\":5}","metadata_ntd_facilities_json":"{\"maintenance_facilities\":3,\"administrative_and_other_non_passenger_facilities\":21,\"passenger_stations_and_terminals\":31,\"parking_and_other_passenger_facilities\":28,\"total_facilities\":83,\"bus_transfer_centers\":0,\"elevated_fixed_guideway_stations\":5,\"at_grade_fixed_guideway_stations\":26,\"underground_fixed_guideway_stations\":0,\"simple_at_grade_platform_stations\":0,\"exclusive_grade_separated_platform_stations\":0,\"ferryboat_terminals\":0,\"surface_parking_lots\":26,\"parking_structures\":2}","metadata_tam_modes_json":"{\"CR\":{\"total_units_2024\":517.46,\"units_under_threshold_2024\":159.38,\"voms_2024\":144,\"total_modal_vrm_2024\":18185025,\"total_modal_upt_2024\":22215015}}"},"geometry":{"type":"Point","coordinates":[-122.3867681,37.60005351]}},{"type":"Feature","properties":{"stop_id":"morgan_hill","stop_code":"morgan_hill","platform_code":"","stop_name":"Morgan Hill Station","stop_desc":"","zone_id":"","stop_url":"","location_type":"1","parent_station":"","stop_timezone":"America/Los_Angeles","position":"","direction":"","wheelchair_boarding":"0","tts_stop_name":"morgan hill","feed_id":"California__Caltrain__mdb_mdb-54","agency_name":"Caltrain","route_count":0,"route_ids":"","route_short_names":"","route_types":"","route_type_names":"","routes_json":"[]","metadata_feed_id":"California__Caltrain__mdb_mdb-54","metadata_agency_names":"Caltrain","metadata_ntd_id":"90134","metadata_ntd_match_method":"manual_override","metadata_ntd_agency":"Peninsula Corridor Joint Powers Board, dba: Caltrain","metadata_ntd_city":"San Carlos","metadata_ntd_state":"CA","metadata_gtfs_route_count":5,"metadata_gtfs_trip_count":260,"metadata_gtfs_shape_count":18,"metadata_gtfs_stop_count":106,"metadata_ntd_agency_voms":72,"metadata_ntd_total_facilities":83,"metadata_ntd_maintenance_facilities":3,"metadata_ntd_passenger_stations":31,"metadata_tam_tier":"Tier I (Rail)","metadata_service_area_sq_miles":425,"metadata_service_area_population":3632769,"metadata_route_types_json":"{\"2\":5}","metadata_ntd_facilities_json":"{\"maintenance_facilities\":3,\"administrative_and_other_non_passenger_facilities\":21,\"passenger_stations_and_terminals\":31,\"parking_and_other_passenger_facilities\":28,\"total_facilities\":83,\"bus_transfer_centers\":0,\"elevated_fixed_guideway_stations\":5,\"at_grade_fixed_guideway_stations\":26,\"underground_fixed_guideway_stations\":0,\"simple_at_grade_platform_stations\":0,\"exclusive_grade_separated_platform_stations\":0,\"ferryboat_terminals\":0,\"surface_parking_lots\":26,\"parking_structures\":2}","metadata_tam_modes_json":"{\"CR\":{\"total_units_2024\":517.46,\"units_under_threshold_2024\":159.38,\"voms_2024\":144,\"total_modal_vrm_2024\":18185025,\"total_modal_upt_2024\":22215015}}"},"geometry":{"type":"Point","coordinates":[-121.650558,37.129644]}},{"type":"Feature","properties":{"stop_id":"mountain_view","stop_code":"mountain_view","platform_code":"","stop_name":"Mountain View Station","stop_desc":"","zone_id":"","stop_url":"","location_type":"1","parent_station":"","stop_timezone":"America/Los_Angeles","position":"","direction":"","wheelchair_boarding":"0","tts_stop_name":"mountain view","feed_id":"California__Caltrain__mdb_mdb-54","agency_name":"Caltrain","route_count":0,"route_ids":"","route_short_names":"","route_types":"","route_type_names":"","routes_json":"[]","metadata_feed_id":"California__Caltrain__mdb_mdb-54","metadata_agency_names":"Caltrain","metadata_ntd_id":"90134","metadata_ntd_match_method":"manual_override","metadata_ntd_agency":"Peninsula Corridor Joint Powers Board, dba: Caltrain","metadata_ntd_city":"San Carlos","metadata_ntd_state":"CA","metadata_gtfs_route_count":5,"metadata_gtfs_trip_count":260,"metadata_gtfs_shape_count":18,"metadata_gtfs_stop_count":106,"metadata_ntd_agency_voms":72,"metadata_ntd_total_facilities":83,"metadata_ntd_maintenance_facilities":3,"metadata_ntd_passenger_stations":31,"metadata_tam_tier":"Tier I (Rail)","metadata_service_area_sq_miles":425,"metadata_service_area_population":3632769,"metadata_route_types_json":"{\"2\":5}","metadata_ntd_facilities_json":"{\"maintenance_facilities\":3,\"administrative_and_other_non_passenger_facilities\":21,\"passenger_stations_and_terminals\":31,\"parking_and_other_passenger_facilities\":28,\"total_facilities\":83,\"bus_transfer_centers\":0,\"elevated_fixed_guideway_stations\":5,\"at_grade_fixed_guideway_stations\":26,\"underground_fixed_guideway_stations\":0,\"simple_at_grade_platform_stations\":0,\"exclusive_grade_separated_platform_stations\":0,\"ferryboat_terminals\":0,\"surface_parking_lots\":26,\"parking_structures\":2}","metadata_tam_modes_json":"{\"CR\":{\"total_units_2024\":517.46,\"units_under_threshold_2024\":159.38,\"voms_2024\":144,\"total_modal_vrm_2024\":18185025,\"total_modal_upt_2024\":22215015}}"},"geometry":{"type":"Point","coordinates":[-122.07722,37.395067]}},{"type":"Feature","properties":{"stop_id":"palo_alto","stop_code":"palo_alto","platform_code":"","stop_name":"Palo Alto Station","stop_desc":"","zone_id":"","stop_url":"","location_type":"1","parent_station":"","stop_timezone":"America/Los_Angeles","position":"","direction":"","wheelchair_boarding":"0","tts_stop_name":"palo alto","feed_id":"California__Caltrain__mdb_mdb-54","agency_name":"Caltrain","route_count":0,"route_ids":"","route_short_names":"","route_types":"","route_type_names":"","routes_json":"[]","metadata_feed_id":"California__Caltrain__mdb_mdb-54","metadata_agency_names":"Caltrain","metadata_ntd_id":"90134","metadata_ntd_match_method":"manual_override","metadata_ntd_agency":"Peninsula Corridor Joint Powers Board, dba: Caltrain","metadata_ntd_city":"San Carlos","metadata_ntd_state":"CA","metadata_gtfs_route_count":5,"metadata_gtfs_trip_count":260,"metadata_gtfs_shape_count":18,"metadata_gtfs_stop_count":106,"metadata_ntd_agency_voms":72,"metadata_ntd_total_facilities":83,"metadata_ntd_maintenance_facilities":3,"metadata_ntd_passenger_stations":31,"metadata_tam_tier":"Tier I (Rail)","metadata_service_area_sq_miles":425,"metadata_service_area_population":3632769,"metadata_route_types_json":"{\"2\":5}","metadata_ntd_facilities_json":"{\"maintenance_facilities\":3,\"administrative_and_other_non_passenger_facilities\":21,\"passenger_stations_and_terminals\":31,\"parking_and_other_passenger_facilities\":28,\"total_facilities\":83,\"bus_transfer_centers\":0,\"elevated_fixed_guideway_stations\":5,\"at_grade_fixed_guideway_stations\":26,\"underground_fixed_guideway_stations\":0,\"simple_at_grade_platform_stations\":0,\"exclusive_grade_separated_platform_stations\":0,\"ferryboat_terminals\":0,\"surface_parking_lots\":26,\"parking_structures\":2}","metadata_tam_modes_json":"{\"CR\":{\"total_units_2024\":517.46,\"units_under_threshold_2024\":159.38,\"voms_2024\":144,\"total_modal_vrm_2024\":18185025,\"total_modal_upt_2024\":22215015}}"},"geometry":{"type":"Point","coordinates":[-122.16429,37.44322]}},{"type":"Feature","properties":{"stop_id":"place_MLBR","stop_code":"place_MLBR","platform_code":"","stop_name":"Millbrae","stop_desc":"","zone_id":"","stop_url":"","location_type":"1","parent_station":"","stop_timezone":"America/Los_Angeles","position":"","direction":"","wheelchair_boarding":"0","tts_stop_name":"millbrae","feed_id":"California__Caltrain__mdb_mdb-54","agency_name":"Caltrain","route_count":0,"route_ids":"","route_short_names":"","route_types":"","route_type_names":"","routes_json":"[]","metadata_feed_id":"California__Caltrain__mdb_mdb-54","metadata_agency_names":"Caltrain","metadata_ntd_id":"90134","metadata_ntd_match_method":"manual_override","metadata_ntd_agency":"Peninsula Corridor Joint Powers Board, dba: Caltrain","metadata_ntd_city":"San Carlos","metadata_ntd_state":"CA","metadata_gtfs_route_count":5,"metadata_gtfs_trip_count":260,"metadata_gtfs_shape_count":18,"metadata_gtfs_stop_count":106,"metadata_ntd_agency_voms":72,"metadata_ntd_total_facilities":83,"metadata_ntd_maintenance_facilities":3,"metadata_ntd_passenger_stations":31,"metadata_tam_tier":"Tier I (Rail)","metadata_service_area_sq_miles":425,"metadata_service_area_population":3632769,"metadata_route_types_json":"{\"2\":5}","metadata_ntd_facilities_json":"{\"maintenance_facilities\":3,\"administrative_and_other_non_passenger_facilities\":21,\"passenger_stations_and_terminals\":31,\"parking_and_other_passenger_facilities\":28,\"total_facilities\":83,\"bus_transfer_centers\":0,\"elevated_fixed_guideway_stations\":5,\"at_grade_fixed_guideway_stations\":26,\"underground_fixed_guideway_stations\":0,\"simple_at_grade_platform_stations\":0,\"exclusive_grade_separated_platform_stations\":0,\"ferryboat_terminals\":0,\"surface_parking_lots\":26,\"parking_structures\":2}","metadata_tam_modes_json":"{\"CR\":{\"total_units_2024\":517.46,\"units_under_threshold_2024\":159.38,\"voms_2024\":144,\"total_modal_vrm_2024\":18185025,\"total_modal_upt_2024\":22215015}}"},"geometry":{"type":"Point","coordinates":[-122.38675,37.5999]}},{"type":"Feature","properties":{"stop_id":"redwood_city","stop_code":"redwood_city","platform_code":"","stop_name":"Redwood City Station","stop_desc":"","zone_id":"","stop_url":"","location_type":"1","parent_station":"","stop_timezone":"America/Los_Angeles","position":"","direction":"","wheelchair_boarding":"0","tts_stop_name":"redwood city","feed_id":"California__Caltrain__mdb_mdb-54","agency_name":"Caltrain","route_count":0,"route_ids":"","route_short_names":"","route_types":"","route_type_names":"","routes_json":"[]","metadata_feed_id":"California__Caltrain__mdb_mdb-54","metadata_agency_names":"Caltrain","metadata_ntd_id":"90134","metadata_ntd_match_method":"manual_override","metadata_ntd_agency":"Peninsula Corridor Joint Powers Board, dba: Caltrain","metadata_ntd_city":"San Carlos","metadata_ntd_state":"CA","metadata_gtfs_route_count":5,"metadata_gtfs_trip_count":260,"metadata_gtfs_shape_count":18,"metadata_gtfs_stop_count":106,"metadata_ntd_agency_voms":72,"metadata_ntd_total_facilities":83,"metadata_ntd_maintenance_facilities":3,"metadata_ntd_passenger_stations":31,"metadata_tam_tier":"Tier I (Rail)","metadata_service_area_sq_miles":425,"metadata_service_area_population":3632769,"metadata_route_types_json":"{\"2\":5}","metadata_ntd_facilities_json":"{\"maintenance_facilities\":3,\"administrative_and_other_non_passenger_facilities\":21,\"passenger_stations_and_terminals\":31,\"parking_and_other_passenger_facilities\":28,\"total_facilities\":83,\"bus_transfer_centers\":0,\"elevated_fixed_guideway_stations\":5,\"at_grade_fixed_guideway_stations\":26,\"underground_fixed_guideway_stations\":0,\"simple_at_grade_platform_stations\":0,\"exclusive_grade_separated_platform_stations\":0,\"ferryboat_terminals\":0,\"surface_parking_lots\":26,\"parking_structures\":2}","metadata_tam_modes_json":"{\"CR\":{\"total_units_2024\":517.46,\"units_under_threshold_2024\":159.38,\"voms_2024\":144,\"total_modal_vrm_2024\":18185025,\"total_modal_upt_2024\":22215015}}"},"geometry":{"type":"Point","coordinates":[-122.2315,37.485865]}},{"type":"Feature","properties":{"stop_id":"san_antonio","stop_code":"san_antonio","platform_code":"","stop_name":"San Antonio Station","stop_desc":"","zone_id":"","stop_url":"","location_type":"1","parent_station":"","stop_timezone":"America/Los_Angeles","position":"","direction":"","wheelchair_boarding":"0","tts_stop_name":"san antonio","feed_id":"California__Caltrain__mdb_mdb-54","agency_name":"Caltrain","route_count":0,"route_ids":"","route_short_names":"","route_types":"","route_type_names":"","routes_json":"[]","metadata_feed_id":"California__Caltrain__mdb_mdb-54","metadata_agency_names":"Caltrain","metadata_ntd_id":"90134","metadata_ntd_match_method":"manual_override","metadata_ntd_agency":"Peninsula Corridor Joint Powers Board, dba: Caltrain","metadata_ntd_city":"San Carlos","metadata_ntd_state":"CA","metadata_gtfs_route_count":5,"metadata_gtfs_trip_count":260,"metadata_gtfs_shape_count":18,"metadata_gtfs_stop_count":106,"metadata_ntd_agency_voms":72,"metadata_ntd_total_facilities":83,"metadata_ntd_maintenance_facilities":3,"metadata_ntd_passenger_stations":31,"metadata_tam_tier":"Tier I (Rail)","metadata_service_area_sq_miles":425,"metadata_service_area_population":3632769,"metadata_route_types_json":"{\"2\":5}","metadata_ntd_facilities_json":"{\"maintenance_facilities\":3,\"administrative_and_other_non_passenger_facilities\":21,\"passenger_stations_and_terminals\":31,\"parking_and_other_passenger_facilities\":28,\"total_facilities\":83,\"bus_transfer_centers\":0,\"elevated_fixed_guideway_stations\":5,\"at_grade_fixed_guideway_stations\":26,\"underground_fixed_guideway_stations\":0,\"simple_at_grade_platform_stations\":0,\"exclusive_grade_separated_platform_stations\":0,\"ferryboat_terminals\":0,\"surface_parking_lots\":26,\"parking_structures\":2}","metadata_tam_modes_json":"{\"CR\":{\"total_units_2024\":517.46,\"units_under_threshold_2024\":159.38,\"voms_2024\":144,\"total_modal_vrm_2024\":18185025,\"total_modal_upt_2024\":22215015}}"},"geometry":{"type":"Point","coordinates":[-122.107115562,37.407239431]}},{"type":"Feature","properties":{"stop_id":"san_bruno","stop_code":"san_bruno","platform_code":"","stop_name":"San Bruno Caltrain Station","stop_desc":"","zone_id":"","stop_url":"","location_type":"1","parent_station":"","stop_timezone":"America/Los_Angeles","position":"","direction":"","wheelchair_boarding":"0","tts_stop_name":"san bruno","feed_id":"California__Caltrain__mdb_mdb-54","agency_name":"Caltrain","route_count":0,"route_ids":"","route_short_names":"","route_types":"","route_type_names":"","routes_json":"[]","metadata_feed_id":"California__Caltrain__mdb_mdb-54","metadata_agency_names":"Caltrain","metadata_ntd_id":"90134","metadata_ntd_match_method":"manual_override","metadata_ntd_agency":"Peninsula Corridor Joint Powers Board, dba: Caltrain","metadata_ntd_city":"San Carlos","metadata_ntd_state":"CA","metadata_gtfs_route_count":5,"metadata_gtfs_trip_count":260,"metadata_gtfs_shape_count":18,"metadata_gtfs_stop_count":106,"metadata_ntd_agency_voms":72,"metadata_ntd_total_facilities":83,"metadata_ntd_maintenance_facilities":3,"metadata_ntd_passenger_stations":31,"metadata_tam_tier":"Tier I (Rail)","metadata_service_area_sq_miles":425,"metadata_service_area_population":3632769,"metadata_route_types_json":"{\"2\":5}","metadata_ntd_facilities_json":"{\"maintenance_facilities\":3,\"administrative_and_other_non_passenger_facilities\":21,\"passenger_stations_and_terminals\":31,\"parking_and_other_passenger_facilities\":28,\"total_facilities\":83,\"bus_transfer_centers\":0,\"elevated_fixed_guideway_stations\":5,\"at_grade_fixed_guideway_stations\":26,\"underground_fixed_guideway_stations\":0,\"simple_at_grade_platform_stations\":0,\"exclusive_grade_separated_platform_stations\":0,\"ferryboat_terminals\":0,\"surface_parking_lots\":26,\"parking_structures\":2}","metadata_tam_modes_json":"{\"CR\":{\"total_units_2024\":517.46,\"units_under_threshold_2024\":159.38,\"voms_2024\":144,\"total_modal_vrm_2024\":18185025,\"total_modal_upt_2024\":22215015}}"},"geometry":{"type":"Point","coordinates":[-122.411709042,37.630460335]}},{"type":"Feature","properties":{"stop_id":"san_carlos","stop_code":"san_carlos","platform_code":"","stop_name":"San Carlos Station","stop_desc":"","zone_id":"","stop_url":"","location_type":"1","parent_station":"","stop_timezone":"America/Los_Angeles","position":"","direction":"","wheelchair_boarding":"0","tts_stop_name":"san carlos","feed_id":"California__Caltrain__mdb_mdb-54","agency_name":"Caltrain","route_count":0,"route_ids":"","route_short_names":"","route_types":"","route_type_names":"","routes_json":"[]","metadata_feed_id":"California__Caltrain__mdb_mdb-54","metadata_agency_names":"Caltrain","metadata_ntd_id":"90134","metadata_ntd_match_method":"manual_override","metadata_ntd_agency":"Peninsula Corridor Joint Powers Board, dba: Caltrain","metadata_ntd_city":"San Carlos","metadata_ntd_state":"CA","metadata_gtfs_route_count":5,"metadata_gtfs_trip_count":260,"metadata_gtfs_shape_count":18,"metadata_gtfs_stop_count":106,"metadata_ntd_agency_voms":72,"metadata_ntd_total_facilities":83,"metadata_ntd_maintenance_facilities":3,"metadata_ntd_passenger_stations":31,"metadata_tam_tier":"Tier I (Rail)","metadata_service_area_sq_miles":425,"metadata_service_area_population":3632769,"metadata_route_types_json":"{\"2\":5}","metadata_ntd_facilities_json":"{\"maintenance_facilities\":3,\"administrative_and_other_non_passenger_facilities\":21,\"passenger_stations_and_terminals\":31,\"parking_and_other_passenger_facilities\":28,\"total_facilities\":83,\"bus_transfer_centers\":0,\"elevated_fixed_guideway_stations\":5,\"at_grade_fixed_guideway_stations\":26,\"underground_fixed_guideway_stations\":0,\"simple_at_grade_platform_stations\":0,\"exclusive_grade_separated_platform_stations\":0,\"ferryboat_terminals\":0,\"surface_parking_lots\":26,\"parking_structures\":2}","metadata_tam_modes_json":"{\"CR\":{\"total_units_2024\":517.46,\"units_under_threshold_2024\":159.38,\"voms_2024\":144,\"total_modal_vrm_2024\":18185025,\"total_modal_upt_2024\":22215015}}"},"geometry":{"type":"Point","coordinates":[-122.2602,37.508033]}},{"type":"Feature","properties":{"stop_id":"san_francisco","stop_code":"san_francisco","platform_code":"","stop_name":"San Francisco Caltrain Station","stop_desc":"","zone_id":"","stop_url":"","location_type":"1","parent_station":"","stop_timezone":"America/Los_Angeles","position":"","direction":"","wheelchair_boarding":"0","tts_stop_name":"san francisco","feed_id":"California__Caltrain__mdb_mdb-54","agency_name":"Caltrain","route_count":0,"route_ids":"","route_short_names":"","route_types":"","route_type_names":"","routes_json":"[]","metadata_feed_id":"California__Caltrain__mdb_mdb-54","metadata_agency_names":"Caltrain","metadata_ntd_id":"90134","metadata_ntd_match_method":"manual_override","metadata_ntd_agency":"Peninsula Corridor Joint Powers Board, dba: Caltrain","metadata_ntd_city":"San Carlos","metadata_ntd_state":"CA","metadata_gtfs_route_count":5,"metadata_gtfs_trip_count":260,"metadata_gtfs_shape_count":18,"metadata_gtfs_stop_count":106,"metadata_ntd_agency_voms":72,"metadata_ntd_total_facilities":83,"metadata_ntd_maintenance_facilities":3,"metadata_ntd_passenger_stations":31,"metadata_tam_tier":"Tier I (Rail)","metadata_service_area_sq_miles":425,"metadata_service_area_population":3632769,"metadata_route_types_json":"{\"2\":5}","metadata_ntd_facilities_json":"{\"maintenance_facilities\":3,\"administrative_and_other_non_passenger_facilities\":21,\"passenger_stations_and_terminals\":31,\"parking_and_other_passenger_facilities\":28,\"total_facilities\":83,\"bus_transfer_centers\":0,\"elevated_fixed_guideway_stations\":5,\"at_grade_fixed_guideway_stations\":26,\"underground_fixed_guideway_stations\":0,\"simple_at_grade_platform_stations\":0,\"exclusive_grade_separated_platform_stations\":0,\"ferryboat_terminals\":0,\"surface_parking_lots\":26,\"parking_structures\":2}","metadata_tam_modes_json":"{\"CR\":{\"total_units_2024\":517.46,\"units_under_threshold_2024\":159.38,\"voms_2024\":144,\"total_modal_vrm_2024\":18185025,\"total_modal_upt_2024\":22215015}}"},"geometry":{"type":"Point","coordinates":[-122.394911,37.776404]}},{"type":"Feature","properties":{"stop_id":"san_martin","stop_code":"san_martin","platform_code":"","stop_name":"San Martin Station","stop_desc":"","zone_id":"","stop_url":"","location_type":"1","parent_station":"","stop_timezone":"America/Los_Angeles","position":"","direction":"","wheelchair_boarding":"0","tts_stop_name":"san martin","feed_id":"California__Caltrain__mdb_mdb-54","agency_name":"Caltrain","route_count":0,"route_ids":"","route_short_names":"","route_types":"","route_type_names":"","routes_json":"[]","metadata_feed_id":"California__Caltrain__mdb_mdb-54","metadata_agency_names":"Caltrain","metadata_ntd_id":"90134","metadata_ntd_match_method":"manual_override","metadata_ntd_agency":"Peninsula Corridor Joint Powers Board, dba: Caltrain","metadata_ntd_city":"San Carlos","metadata_ntd_state":"CA","metadata_gtfs_route_count":5,"metadata_gtfs_trip_count":260,"metadata_gtfs_shape_count":18,"metadata_gtfs_stop_count":106,"metadata_ntd_agency_voms":72,"metadata_ntd_total_facilities":83,"metadata_ntd_maintenance_facilities":3,"metadata_ntd_passenger_stations":31,"metadata_tam_tier":"Tier I (Rail)","metadata_service_area_sq_miles":425,"metadata_service_area_population":3632769,"metadata_route_types_json":"{\"2\":5}","metadata_ntd_facilities_json":"{\"maintenance_facilities\":3,\"administrative_and_other_non_passenger_facilities\":21,\"passenger_stations_and_terminals\":31,\"parking_and_other_passenger_facilities\":28,\"total_facilities\":83,\"bus_transfer_centers\":0,\"elevated_fixed_guideway_stations\":5,\"at_grade_fixed_guideway_stations\":26,\"underground_fixed_guideway_stations\":0,\"simple_at_grade_platform_stations\":0,\"exclusive_grade_separated_platform_stations\":0,\"ferryboat_terminals\":0,\"surface_parking_lots\":26,\"parking_structures\":2}","metadata_tam_modes_json":"{\"CR\":{\"total_units_2024\":517.46,\"units_under_threshold_2024\":159.38,\"voms_2024\":144,\"total_modal_vrm_2024\":18185025,\"total_modal_upt_2024\":22215015}}"},"geometry":{"type":"Point","coordinates":[-121.61048,37.085984]}},{"type":"Feature","properties":{"stop_id":"san_mateo","stop_code":"san_mateo","platform_code":"","stop_name":"San Mateo Station","stop_desc":"","zone_id":"","stop_url":"","location_type":"1","parent_station":"","stop_timezone":"America/Los_Angeles","position":"","direction":"","wheelchair_boarding":"0","tts_stop_name":"san mateo","feed_id":"California__Caltrain__mdb_mdb-54","agency_name":"Caltrain","route_count":0,"route_ids":"","route_short_names":"","route_types":"","route_type_names":"","routes_json":"[]","metadata_feed_id":"California__Caltrain__mdb_mdb-54","metadata_agency_names":"Caltrain","metadata_ntd_id":"90134","metadata_ntd_match_method":"manual_override","metadata_ntd_agency":"Peninsula Corridor Joint Powers Board, dba: Caltrain","metadata_ntd_city":"San Carlos","metadata_ntd_state":"CA","metadata_gtfs_route_count":5,"metadata_gtfs_trip_count":260,"metadata_gtfs_shape_count":18,"metadata_gtfs_stop_count":106,"metadata_ntd_agency_voms":72,"metadata_ntd_total_facilities":83,"metadata_ntd_maintenance_facilities":3,"metadata_ntd_passenger_stations":31,"metadata_tam_tier":"Tier I (Rail)","metadata_service_area_sq_miles":425,"metadata_service_area_population":3632769,"metadata_route_types_json":"{\"2\":5}","metadata_ntd_facilities_json":"{\"maintenance_facilities\":3,\"administrative_and_other_non_passenger_facilities\":21,\"passenger_stations_and_terminals\":31,\"parking_and_other_passenger_facilities\":28,\"total_facilities\":83,\"bus_transfer_centers\":0,\"elevated_fixed_guideway_stations\":5,\"at_grade_fixed_guideway_stations\":26,\"underground_fixed_guideway_stations\":0,\"simple_at_grade_platform_stations\":0,\"exclusive_grade_separated_platform_stations\":0,\"ferryboat_terminals\":0,\"surface_parking_lots\":26,\"parking_structures\":2}","metadata_tam_modes_json":"{\"CR\":{\"total_units_2024\":517.46,\"units_under_threshold_2024\":159.38,\"voms_2024\":144,\"total_modal_vrm_2024\":18185025,\"total_modal_upt_2024\":22215015}}"},"geometry":{"type":"Point","coordinates":[-122.3239,37.56824]}},{"type":"Feature","properties":{"stop_id":"santa_clara","stop_code":"santa_clara","platform_code":"","stop_name":"Santa Clara Caltrain Station","stop_desc":"","zone_id":"","stop_url":"","location_type":"1","parent_station":"","stop_timezone":"America/Los_Angeles","position":"","direction":"","wheelchair_boarding":"0","tts_stop_name":"santa clara","feed_id":"California__Caltrain__mdb_mdb-54","agency_name":"Caltrain","route_count":0,"route_ids":"","route_short_names":"","route_types":"","route_type_names":"","routes_json":"[]","metadata_feed_id":"California__Caltrain__mdb_mdb-54","metadata_agency_names":"Caltrain","metadata_ntd_id":"90134","metadata_ntd_match_method":"manual_override","metadata_ntd_agency":"Peninsula Corridor Joint Powers Board, dba: Caltrain","metadata_ntd_city":"San Carlos","metadata_ntd_state":"CA","metadata_gtfs_route_count":5,"metadata_gtfs_trip_count":260,"metadata_gtfs_shape_count":18,"metadata_gtfs_stop_count":106,"metadata_ntd_agency_voms":72,"metadata_ntd_total_facilities":83,"metadata_ntd_maintenance_facilities":3,"metadata_ntd_passenger_stations":31,"metadata_tam_tier":"Tier I (Rail)","metadata_service_area_sq_miles":425,"metadata_service_area_population":3632769,"metadata_route_types_json":"{\"2\":5}","metadata_ntd_facilities_json":"{\"maintenance_facilities\":3,\"administrative_and_other_non_passenger_facilities\":21,\"passenger_stations_and_terminals\":31,\"parking_and_other_passenger_facilities\":28,\"total_facilities\":83,\"bus_transfer_centers\":0,\"elevated_fixed_guideway_stations\":5,\"at_grade_fixed_guideway_stations\":26,\"underground_fixed_guideway_stations\":0,\"simple_at_grade_platform_stations\":0,\"exclusive_grade_separated_platform_stations\":0,\"ferryboat_terminals\":0,\"surface_parking_lots\":26,\"parking_structures\":2}","metadata_tam_modes_json":"{\"CR\":{\"total_units_2024\":517.46,\"units_under_threshold_2024\":159.38,\"voms_2024\":144,\"total_modal_vrm_2024\":18185025,\"total_modal_upt_2024\":22215015}}"},"geometry":{"type":"Point","coordinates":[-121.936465,37.353384]}},{"type":"Feature","properties":{"stop_id":"SBR-01-SB","stop_code":"SBR-01-SB","platform_code":"","stop_name":"Elevator: San Bruno Caltrain Southbound","stop_desc":"","zone_id":"","stop_url":"","location_type":"2","parent_station":"san_bruno","stop_timezone":"","position":"","direction":"","wheelchair_boarding":"1","tts_stop_name":"","feed_id":"California__Caltrain__mdb_mdb-54","agency_name":"Caltrain","route_count":0,"route_ids":"","route_short_names":"","route_types":"","route_type_names":"","routes_json":"[]","metadata_feed_id":"California__Caltrain__mdb_mdb-54","metadata_agency_names":"Caltrain","metadata_ntd_id":"90134","metadata_ntd_match_method":"manual_override","metadata_ntd_agency":"Peninsula Corridor Joint Powers Board, dba: Caltrain","metadata_ntd_city":"San Carlos","metadata_ntd_state":"CA","metadata_gtfs_route_count":5,"metadata_gtfs_trip_count":260,"metadata_gtfs_shape_count":18,"metadata_gtfs_stop_count":106,"metadata_ntd_agency_voms":72,"metadata_ntd_total_facilities":83,"metadata_ntd_maintenance_facilities":3,"metadata_ntd_passenger_stations":31,"metadata_tam_tier":"Tier I (Rail)","metadata_service_area_sq_miles":425,"metadata_service_area_population":3632769,"metadata_route_types_json":"{\"2\":5}","metadata_ntd_facilities_json":"{\"maintenance_facilities\":3,\"administrative_and_other_non_passenger_facilities\":21,\"passenger_stations_and_terminals\":31,\"parking_and_other_passenger_facilities\":28,\"total_facilities\":83,\"bus_transfer_centers\":0,\"elevated_fixed_guideway_stations\":5,\"at_grade_fixed_guideway_stations\":26,\"underground_fixed_guideway_stations\":0,\"simple_at_grade_platform_stations\":0,\"exclusive_grade_separated_platform_stations\":0,\"ferryboat_terminals\":0,\"surface_parking_lots\":26,\"parking_structures\":2}","metadata_tam_modes_json":"{\"CR\":{\"total_units_2024\":517.46,\"units_under_threshold_2024\":159.38,\"voms_2024\":144,\"total_modal_vrm_2024\":18185025,\"total_modal_upt_2024\":22215015}}"},"geometry":{"type":"Point","coordinates":[-122.4120764,37.63101455]}},{"type":"Feature","properties":{"stop_id":"SBR-02-NB","stop_code":"SBR-02-NB","platform_code":"","stop_name":"Elevator: San Bruno Caltrain Northbound","stop_desc":"","zone_id":"","stop_url":"","location_type":"2","parent_station":"san_bruno","stop_timezone":"","position":"","direction":"","wheelchair_boarding":"1","tts_stop_name":"","feed_id":"California__Caltrain__mdb_mdb-54","agency_name":"Caltrain","route_count":0,"route_ids":"","route_short_names":"","route_types":"","route_type_names":"","routes_json":"[]","metadata_feed_id":"California__Caltrain__mdb_mdb-54","metadata_agency_names":"Caltrain","metadata_ntd_id":"90134","metadata_ntd_match_method":"manual_override","metadata_ntd_agency":"Peninsula Corridor Joint Powers Board, dba: Caltrain","metadata_ntd_city":"San Carlos","metadata_ntd_state":"CA","metadata_gtfs_route_count":5,"metadata_gtfs_trip_count":260,"metadata_gtfs_shape_count":18,"metadata_gtfs_stop_count":106,"metadata_ntd_agency_voms":72,"metadata_ntd_total_facilities":83,"metadata_ntd_maintenance_facilities":3,"metadata_ntd_passenger_stations":31,"metadata_tam_tier":"Tier I (Rail)","metadata_service_area_sq_miles":425,"metadata_service_area_population":3632769,"metadata_route_types_json":"{\"2\":5}","metadata_ntd_facilities_json":"{\"maintenance_facilities\":3,\"administrative_and_other_non_passenger_facilities\":21,\"passenger_stations_and_terminals\":31,\"parking_and_other_passenger_facilities\":28,\"total_facilities\":83,\"bus_transfer_centers\":0,\"elevated_fixed_guideway_stations\":5,\"at_grade_fixed_guideway_stations\":26,\"underground_fixed_guideway_stations\":0,\"simple_at_grade_platform_stations\":0,\"exclusive_grade_separated_platform_stations\":0,\"ferryboat_terminals\":0,\"surface_parking_lots\":26,\"parking_structures\":2}","metadata_tam_modes_json":"{\"CR\":{\"total_units_2024\":517.46,\"units_under_threshold_2024\":159.38,\"voms_2024\":144,\"total_modal_vrm_2024\":18185025,\"total_modal_upt_2024\":22215015}}"},"geometry":{"type":"Point","coordinates":[-122.4116373,37.63093676]}},{"type":"Feature","properties":{"stop_id":"SJD-01-STB","stop_code":"SJD-01-STB","platform_code":"","stop_name":"Elevator: San Jose Diridon Caltrain Station Building","stop_desc":"","zone_id":"","stop_url":"","location_type":"2","parent_station":"sj_diridon","stop_timezone":"","position":"","direction":"","wheelchair_boarding":"1","tts_stop_name":"","feed_id":"California__Caltrain__mdb_mdb-54","agency_name":"Caltrain","route_count":0,"route_ids":"","route_short_names":"","route_types":"","route_type_names":"","routes_json":"[]","metadata_feed_id":"California__Caltrain__mdb_mdb-54","metadata_agency_names":"Caltrain","metadata_ntd_id":"90134","metadata_ntd_match_method":"manual_override","metadata_ntd_agency":"Peninsula Corridor Joint Powers Board, dba: Caltrain","metadata_ntd_city":"San Carlos","metadata_ntd_state":"CA","metadata_gtfs_route_count":5,"metadata_gtfs_trip_count":260,"metadata_gtfs_shape_count":18,"metadata_gtfs_stop_count":106,"metadata_ntd_agency_voms":72,"metadata_ntd_total_facilities":83,"metadata_ntd_maintenance_facilities":3,"metadata_ntd_passenger_stations":31,"metadata_tam_tier":"Tier I (Rail)","metadata_service_area_sq_miles":425,"metadata_service_area_population":3632769,"metadata_route_types_json":"{\"2\":5}","metadata_ntd_facilities_json":"{\"maintenance_facilities\":3,\"administrative_and_other_non_passenger_facilities\":21,\"passenger_stations_and_terminals\":31,\"parking_and_other_passenger_facilities\":28,\"total_facilities\":83,\"bus_transfer_centers\":0,\"elevated_fixed_guideway_stations\":5,\"at_grade_fixed_guideway_stations\":26,\"underground_fixed_guideway_stations\":0,\"simple_at_grade_platform_stations\":0,\"exclusive_grade_separated_platform_stations\":0,\"ferryboat_terminals\":0,\"surface_parking_lots\":26,\"parking_structures\":2}","metadata_tam_modes_json":"{\"CR\":{\"total_units_2024\":517.46,\"units_under_threshold_2024\":159.38,\"voms_2024\":144,\"total_modal_vrm_2024\":18185025,\"total_modal_upt_2024\":22215015}}"},"geometry":{"type":"Point","coordinates":[-121.9026427,37.32972911]}},{"type":"Feature","properties":{"stop_id":"sj_diridon","stop_code":"sj_diridon","platform_code":"","stop_name":"San Jose Diridon Station","stop_desc":"","zone_id":"","stop_url":"","location_type":"1","parent_station":"","stop_timezone":"America/Los_Angeles","position":"","direction":"","wheelchair_boarding":"0","tts_stop_name":"san jose diridon","feed_id":"California__Caltrain__mdb_mdb-54","agency_name":"Caltrain","route_count":0,"route_ids":"","route_short_names":"","route_types":"","route_type_names":"","routes_json":"[]","metadata_feed_id":"California__Caltrain__mdb_mdb-54","metadata_agency_names":"Caltrain","metadata_ntd_id":"90134","metadata_ntd_match_method":"manual_override","metadata_ntd_agency":"Peninsula Corridor Joint Powers Board, dba: Caltrain","metadata_ntd_city":"San Carlos","metadata_ntd_state":"CA","metadata_gtfs_route_count":5,"metadata_gtfs_trip_count":260,"metadata_gtfs_shape_count":18,"metadata_gtfs_stop_count":106,"metadata_ntd_agency_voms":72,"metadata_ntd_total_facilities":83,"metadata_ntd_maintenance_facilities":3,"metadata_ntd_passenger_stations":31,"metadata_tam_tier":"Tier I (Rail)","metadata_service_area_sq_miles":425,"metadata_service_area_population":3632769,"metadata_route_types_json":"{\"2\":5}","metadata_ntd_facilities_json":"{\"maintenance_facilities\":3,\"administrative_and_other_non_passenger_facilities\":21,\"passenger_stations_and_terminals\":31,\"parking_and_other_passenger_facilities\":28,\"total_facilities\":83,\"bus_transfer_centers\":0,\"elevated_fixed_guideway_stations\":5,\"at_grade_fixed_guideway_stations\":26,\"underground_fixed_guideway_stations\":0,\"simple_at_grade_platform_stations\":0,\"exclusive_grade_separated_platform_stations\":0,\"ferryboat_terminals\":0,\"surface_parking_lots\":26,\"parking_structures\":2}","metadata_tam_modes_json":"{\"CR\":{\"total_units_2024\":517.46,\"units_under_threshold_2024\":159.38,\"voms_2024\":144,\"total_modal_vrm_2024\":18185025,\"total_modal_upt_2024\":22215015}}"},"geometry":{"type":"Point","coordinates":[-121.903208,37.329694]}},{"type":"Feature","properties":{"stop_id":"SMT-01-NB","stop_code":"SMT-01-NB","platform_code":"","stop_name":"Elevator: San Mateo Caltrain Northbound","stop_desc":"","zone_id":"","stop_url":"","location_type":"2","parent_station":"san_mateo","stop_timezone":"","position":"","direction":"","wheelchair_boarding":"1","tts_stop_name":"","feed_id":"California__Caltrain__mdb_mdb-54","agency_name":"Caltrain","route_count":0,"route_ids":"","route_short_names":"","route_types":"","route_type_names":"","routes_json":"[]","metadata_feed_id":"California__Caltrain__mdb_mdb-54","metadata_agency_names":"Caltrain","metadata_ntd_id":"90134","metadata_ntd_match_method":"manual_override","metadata_ntd_agency":"Peninsula Corridor Joint Powers Board, dba: Caltrain","metadata_ntd_city":"San Carlos","metadata_ntd_state":"CA","metadata_gtfs_route_count":5,"metadata_gtfs_trip_count":260,"metadata_gtfs_shape_count":18,"metadata_gtfs_stop_count":106,"metadata_ntd_agency_voms":72,"metadata_ntd_total_facilities":83,"metadata_ntd_maintenance_facilities":3,"metadata_ntd_passenger_stations":31,"metadata_tam_tier":"Tier I (Rail)","metadata_service_area_sq_miles":425,"metadata_service_area_population":3632769,"metadata_route_types_json":"{\"2\":5}","metadata_ntd_facilities_json":"{\"maintenance_facilities\":3,\"administrative_and_other_non_passenger_facilities\":21,\"passenger_stations_and_terminals\":31,\"parking_and_other_passenger_facilities\":28,\"total_facilities\":83,\"bus_transfer_centers\":0,\"elevated_fixed_guideway_stations\":5,\"at_grade_fixed_guideway_stations\":26,\"underground_fixed_guideway_stations\":0,\"simple_at_grade_platform_stations\":0,\"exclusive_grade_separated_platform_stations\":0,\"ferryboat_terminals\":0,\"surface_parking_lots\":26,\"parking_structures\":2}","metadata_tam_modes_json":"{\"CR\":{\"total_units_2024\":517.46,\"units_under_threshold_2024\":159.38,\"voms_2024\":144,\"total_modal_vrm_2024\":18185025,\"total_modal_upt_2024\":22215015}}"},"geometry":{"type":"Point","coordinates":[-122.3238951,37.56824861]}},{"type":"Feature","properties":{"stop_id":"SMT-02-SB","stop_code":"SMT-02-SB","platform_code":"","stop_name":"Elevator: San Mateo Caltrain Southbound","stop_desc":"","zone_id":"","stop_url":"","location_type":"2","parent_station":"san_mateo","stop_timezone":"","position":"","direction":"","wheelchair_boarding":"1","tts_stop_name":"","feed_id":"California__Caltrain__mdb_mdb-54","agency_name":"Caltrain","route_count":0,"route_ids":"","route_short_names":"","route_types":"","route_type_names":"","routes_json":"[]","metadata_feed_id":"California__Caltrain__mdb_mdb-54","metadata_agency_names":"Caltrain","metadata_ntd_id":"90134","metadata_ntd_match_method":"manual_override","metadata_ntd_agency":"Peninsula Corridor Joint Powers Board, dba: Caltrain","metadata_ntd_city":"San Carlos","metadata_ntd_state":"CA","metadata_gtfs_route_count":5,"metadata_gtfs_trip_count":260,"metadata_gtfs_shape_count":18,"metadata_gtfs_stop_count":106,"metadata_ntd_agency_voms":72,"metadata_ntd_total_facilities":83,"metadata_ntd_maintenance_facilities":3,"metadata_ntd_passenger_stations":31,"metadata_tam_tier":"Tier I (Rail)","metadata_service_area_sq_miles":425,"metadata_service_area_population":3632769,"metadata_route_types_json":"{\"2\":5}","metadata_ntd_facilities_json":"{\"maintenance_facilities\":3,\"administrative_and_other_non_passenger_facilities\":21,\"passenger_stations_and_terminals\":31,\"parking_and_other_passenger_facilities\":28,\"total_facilities\":83,\"bus_transfer_centers\":0,\"elevated_fixed_guideway_stations\":5,\"at_grade_fixed_guideway_stations\":26,\"underground_fixed_guideway_stations\":0,\"simple_at_grade_platform_stations\":0,\"exclusive_grade_separated_platform_stations\":0,\"ferryboat_terminals\":0,\"surface_parking_lots\":26,\"parking_structures\":2}","metadata_tam_modes_json":"{\"CR\":{\"total_units_2024\":517.46,\"units_under_threshold_2024\":159.38,\"voms_2024\":144,\"total_modal_vrm_2024\":18185025,\"total_modal_upt_2024\":22215015}}"},"geometry":{"type":"Point","coordinates":[-122.3240982,37.56812106]}},{"type":"Feature","properties":{"stop_id":"south_sf","stop_code":"south_sf","platform_code":"","stop_name":"South San Francisco Caltrain Station","stop_desc":"","zone_id":"","stop_url":"","location_type":"1","parent_station":"","stop_timezone":"America/Los_Angeles","position":"","direction":"","wheelchair_boarding":"0","tts_stop_name":"south san francisco","feed_id":"California__Caltrain__mdb_mdb-54","agency_name":"Caltrain","route_count":0,"route_ids":"","route_short_names":"","route_types":"","route_type_names":"","routes_json":"[]","metadata_feed_id":"California__Caltrain__mdb_mdb-54","metadata_agency_names":"Caltrain","metadata_ntd_id":"90134","metadata_ntd_match_method":"manual_override","metadata_ntd_agency":"Peninsula Corridor Joint Powers Board, dba: Caltrain","metadata_ntd_city":"San Carlos","metadata_ntd_state":"CA","metadata_gtfs_route_count":5,"metadata_gtfs_trip_count":260,"metadata_gtfs_shape_count":18,"metadata_gtfs_stop_count":106,"metadata_ntd_agency_voms":72,"metadata_ntd_total_facilities":83,"metadata_ntd_maintenance_facilities":3,"metadata_ntd_passenger_stations":31,"metadata_tam_tier":"Tier I (Rail)","metadata_service_area_sq_miles":425,"metadata_service_area_population":3632769,"metadata_route_types_json":"{\"2\":5}","metadata_ntd_facilities_json":"{\"maintenance_facilities\":3,\"administrative_and_other_non_passenger_facilities\":21,\"passenger_stations_and_terminals\":31,\"parking_and_other_passenger_facilities\":28,\"total_facilities\":83,\"bus_transfer_centers\":0,\"elevated_fixed_guideway_stations\":5,\"at_grade_fixed_guideway_stations\":26,\"underground_fixed_guideway_stations\":0,\"simple_at_grade_platform_stations\":0,\"exclusive_grade_separated_platform_stations\":0,\"ferryboat_terminals\":0,\"surface_parking_lots\":26,\"parking_structures\":2}","metadata_tam_modes_json":"{\"CR\":{\"total_units_2024\":517.46,\"units_under_threshold_2024\":159.38,\"voms_2024\":144,\"total_modal_vrm_2024\":18185025,\"total_modal_upt_2024\":22215015}}"},"geometry":{"type":"Point","coordinates":[-122.404979006,37.655941416]}},{"type":"Feature","properties":{"stop_id":"stanford","stop_code":"stanford","platform_code":"","stop_name":"Stanford Station","stop_desc":"","zone_id":"","stop_url":"","location_type":"1","parent_station":"","stop_timezone":"America/Los_Angeles","position":"","direction":"","wheelchair_boarding":"0","tts_stop_name":"stanford","feed_id":"California__Caltrain__mdb_mdb-54","agency_name":"Caltrain","route_count":0,"route_ids":"","route_short_names":"","route_types":"","route_type_names":"","routes_json":"[]","metadata_feed_id":"California__Caltrain__mdb_mdb-54","metadata_agency_names":"Caltrain","metadata_ntd_id":"90134","metadata_ntd_match_method":"manual_override","metadata_ntd_agency":"Peninsula Corridor Joint Powers Board, dba: Caltrain","metadata_ntd_city":"San Carlos","metadata_ntd_state":"CA","metadata_gtfs_route_count":5,"metadata_gtfs_trip_count":260,"metadata_gtfs_shape_count":18,"metadata_gtfs_stop_count":106,"metadata_ntd_agency_voms":72,"metadata_ntd_total_facilities":83,"metadata_ntd_maintenance_facilities":3,"metadata_ntd_passenger_stations":31,"metadata_tam_tier":"Tier I (Rail)","metadata_service_area_sq_miles":425,"metadata_service_area_population":3632769,"metadata_route_types_json":"{\"2\":5}","metadata_ntd_facilities_json":"{\"maintenance_facilities\":3,\"administrative_and_other_non_passenger_facilities\":21,\"passenger_stations_and_terminals\":31,\"parking_and_other_passenger_facilities\":28,\"total_facilities\":83,\"bus_transfer_centers\":0,\"elevated_fixed_guideway_stations\":5,\"at_grade_fixed_guideway_stations\":26,\"underground_fixed_guideway_stations\":0,\"simple_at_grade_platform_stations\":0,\"exclusive_grade_separated_platform_stations\":0,\"ferryboat_terminals\":0,\"surface_parking_lots\":26,\"parking_structures\":2}","metadata_tam_modes_json":"{\"CR\":{\"total_units_2024\":517.46,\"units_under_threshold_2024\":159.38,\"voms_2024\":144,\"total_modal_vrm_2024\":18185025,\"total_modal_upt_2024\":22215015}}"},"geometry":{"type":"Point","coordinates":[-122.15715,37.43895]}},{"type":"Feature","properties":{"stop_id":"sunnyvale","stop_code":"sunnyvale","platform_code":"","stop_name":"Sunnyvale Station","stop_desc":"","zone_id":"","stop_url":"","location_type":"1","parent_station":"","stop_timezone":"America/Los_Angeles","position":"","direction":"","wheelchair_boarding":"0","tts_stop_name":"sunnyvale","feed_id":"California__Caltrain__mdb_mdb-54","agency_name":"Caltrain","route_count":0,"route_ids":"","route_short_names":"","route_types":"","route_type_names":"","routes_json":"[]","metadata_feed_id":"California__Caltrain__mdb_mdb-54","metadata_agency_names":"Caltrain","metadata_ntd_id":"90134","metadata_ntd_match_method":"manual_override","metadata_ntd_agency":"Peninsula Corridor Joint Powers Board, dba: Caltrain","metadata_ntd_city":"San Carlos","metadata_ntd_state":"CA","metadata_gtfs_route_count":5,"metadata_gtfs_trip_count":260,"metadata_gtfs_shape_count":18,"metadata_gtfs_stop_count":106,"metadata_ntd_agency_voms":72,"metadata_ntd_total_facilities":83,"metadata_ntd_maintenance_facilities":3,"metadata_ntd_passenger_stations":31,"metadata_tam_tier":"Tier I (Rail)","metadata_service_area_sq_miles":425,"metadata_service_area_population":3632769,"metadata_route_types_json":"{\"2\":5}","metadata_ntd_facilities_json":"{\"maintenance_facilities\":3,\"administrative_and_other_non_passenger_facilities\":21,\"passenger_stations_and_terminals\":31,\"parking_and_other_passenger_facilities\":28,\"total_facilities\":83,\"bus_transfer_centers\":0,\"elevated_fixed_guideway_stations\":5,\"at_grade_fixed_guideway_stations\":26,\"underground_fixed_guideway_stations\":0,\"simple_at_grade_platform_stations\":0,\"exclusive_grade_separated_platform_stations\":0,\"ferryboat_terminals\":0,\"surface_parking_lots\":26,\"parking_structures\":2}","metadata_tam_modes_json":"{\"CR\":{\"total_units_2024\":517.46,\"units_under_threshold_2024\":159.38,\"voms_2024\":144,\"total_modal_vrm_2024\":18185025,\"total_modal_upt_2024\":22215015}}"},"geometry":{"type":"Point","coordinates":[-122.0315,37.378934]}},{"type":"Feature","properties":{"stop_id":"TAM-01-CB","stop_code":"TAM-01-CB","platform_code":"","stop_name":"Elevator: Tamien Caltrain Center Board","stop_desc":"","zone_id":"","stop_url":"","location_type":"2","parent_station":"tamien","stop_timezone":"","position":"","direction":"","wheelchair_boarding":"1","tts_stop_name":"","feed_id":"California__Caltrain__mdb_mdb-54","agency_name":"Caltrain","route_count":0,"route_ids":"","route_short_names":"","route_types":"","route_type_names":"","routes_json":"[]","metadata_feed_id":"California__Caltrain__mdb_mdb-54","metadata_agency_names":"Caltrain","metadata_ntd_id":"90134","metadata_ntd_match_method":"manual_override","metadata_ntd_agency":"Peninsula Corridor Joint Powers Board, dba: Caltrain","metadata_ntd_city":"San Carlos","metadata_ntd_state":"CA","metadata_gtfs_route_count":5,"metadata_gtfs_trip_count":260,"metadata_gtfs_shape_count":18,"metadata_gtfs_stop_count":106,"metadata_ntd_agency_voms":72,"metadata_ntd_total_facilities":83,"metadata_ntd_maintenance_facilities":3,"metadata_ntd_passenger_stations":31,"metadata_tam_tier":"Tier I (Rail)","metadata_service_area_sq_miles":425,"metadata_service_area_population":3632769,"metadata_route_types_json":"{\"2\":5}","metadata_ntd_facilities_json":"{\"maintenance_facilities\":3,\"administrative_and_other_non_passenger_facilities\":21,\"passenger_stations_and_terminals\":31,\"parking_and_other_passenger_facilities\":28,\"total_facilities\":83,\"bus_transfer_centers\":0,\"elevated_fixed_guideway_stations\":5,\"at_grade_fixed_guideway_stations\":26,\"underground_fixed_guideway_stations\":0,\"simple_at_grade_platform_stations\":0,\"exclusive_grade_separated_platform_stations\":0,\"ferryboat_terminals\":0,\"surface_parking_lots\":26,\"parking_structures\":2}","metadata_tam_modes_json":"{\"CR\":{\"total_units_2024\":517.46,\"units_under_threshold_2024\":159.38,\"voms_2024\":144,\"total_modal_vrm_2024\":18185025,\"total_modal_upt_2024\":22215015}}"},"geometry":{"type":"Point","coordinates":[-121.8848646,37.31280745]}},{"type":"Feature","properties":{"stop_id":"tamien","stop_code":"tamien","platform_code":"","stop_name":"Tamien Caltrain Station","stop_desc":"","zone_id":"","stop_url":"","location_type":"1","parent_station":"","stop_timezone":"America/Los_Angeles","position":"","direction":"","wheelchair_boarding":"0","tts_stop_name":"tamien","feed_id":"California__Caltrain__mdb_mdb-54","agency_name":"Caltrain","route_count":0,"route_ids":"","route_short_names":"","route_types":"","route_type_names":"","routes_json":"[]","metadata_feed_id":"California__Caltrain__mdb_mdb-54","metadata_agency_names":"Caltrain","metadata_ntd_id":"90134","metadata_ntd_match_method":"manual_override","metadata_ntd_agency":"Peninsula Corridor Joint Powers Board, dba: Caltrain","metadata_ntd_city":"San Carlos","metadata_ntd_state":"CA","metadata_gtfs_route_count":5,"metadata_gtfs_trip_count":260,"metadata_gtfs_shape_count":18,"metadata_gtfs_stop_count":106,"metadata_ntd_agency_voms":72,"metadata_ntd_total_facilities":83,"metadata_ntd_maintenance_facilities":3,"metadata_ntd_passenger_stations":31,"metadata_tam_tier":"Tier I (Rail)","metadata_service_area_sq_miles":425,"metadata_service_area_population":3632769,"metadata_route_types_json":"{\"2\":5}","metadata_ntd_facilities_json":"{\"maintenance_facilities\":3,\"administrative_and_other_non_passenger_facilities\":21,\"passenger_stations_and_terminals\":31,\"parking_and_other_passenger_facilities\":28,\"total_facilities\":83,\"bus_transfer_centers\":0,\"elevated_fixed_guideway_stations\":5,\"at_grade_fixed_guideway_stations\":26,\"underground_fixed_guideway_stations\":0,\"simple_at_grade_platform_stations\":0,\"exclusive_grade_separated_platform_stations\":0,\"ferryboat_terminals\":0,\"surface_parking_lots\":26,\"parking_structures\":2}","metadata_tam_modes_json":"{\"CR\":{\"total_units_2024\":517.46,\"units_under_threshold_2024\":159.38,\"voms_2024\":144,\"total_modal_vrm_2024\":18185025,\"total_modal_upt_2024\":22215015}}"},"geometry":{"type":"Point","coordinates":[-121.8847,37.31269]}}],"metadata":{"feed_id":"California__Caltrain__mdb_mdb-54","ntd_id":"90134","feature_metadata_embedded":true}}