{"type":"FeatureCollection","features":[{"type":"Feature","properties":{"stop_id":"1001 Towson Ave__35.374455_-94.421312","stop_code":"","stop_name":"1001 Towson Ave","stop_desc":"","zone_id":"","stop_url":"","location_type":"","parent_station":"","stop_timezone":"","wheelchair_boarding":"","feed_id":"Arkansas__City_of_Fort_Smith__mdb_ntd-60086","agency_name":"City of Fort Smith Transit","route_count":1,"route_ids":"Shuttle","route_short_names":"","route_types":"3","route_type_names":"Bus","routes_json":"[{\"route_id\":\"Shuttle\",\"route_short_name\":\"\",\"route_long_name\":\"Shuttle\",\"route_type\":\"3\",\"route_type_name\":\"Bus\",\"route_color\":\"000000\",\"route_text_color\":\"FFFFFF\"}]","metadata_feed_id":"Arkansas__City_of_Fort_Smith__mdb_ntd-60086","metadata_agency_names":"City of Fort Smith Transit","metadata_ntd_id":"60086","metadata_ntd_match_method":"manual_override","metadata_ntd_agency":"City of Fort Smith, dba: Fort Smith Transit","metadata_ntd_city":"Fort Smith","metadata_ntd_state":"AR","metadata_gtfs_route_count":7,"metadata_gtfs_trip_count":147,"metadata_gtfs_shape_count":15,"metadata_gtfs_stop_count":409,"metadata_ntd_agency_voms":10,"metadata_ntd_total_facilities":4,"metadata_ntd_maintenance_facilities":2,"metadata_ntd_passenger_stations":1,"metadata_tam_tier":"Tier II","metadata_service_area_sq_miles":65,"metadata_service_area_population":86209,"metadata_route_types_json":"{\"3\":7}","metadata_ntd_facilities_json":"{\"maintenance_facilities\":2,\"administrative_and_other_non_passenger_facilities\":1,\"passenger_stations_and_terminals\":1,\"parking_and_other_passenger_facilities\":0,\"total_facilities\":4,\"bus_transfer_centers\":1,\"elevated_fixed_guideway_stations\":0,\"at_grade_fixed_guideway_stations\":0,\"underground_fixed_guideway_stations\":0,\"simple_at_grade_platform_stations\":0,\"exclusive_grade_separated_platform_stations\":0,\"ferryboat_terminals\":0,\"surface_parking_lots\":0,\"parking_structures\":0}","metadata_tam_modes_json":"{\"DR\":{\"total_units_2024\":5,\"units_under_threshold_2024\":0,\"voms_2024\":3,\"total_modal_vrm_2024\":163578,\"total_modal_upt_2024\":19821},\"MB\":{\"total_units_2024\":22,\"units_under_threshold_2024\":0,\"voms_2024\":14,\"total_modal_vrm_2024\":607970,\"total_modal_upt_2024\":469580}}"},"geometry":{"type":"Point","coordinates":[-94.421312,35.374455]}},{"type":"Feature","properties":{"stop_id":"10Box Cost Plus_Grand Ave @ N 32nd St_35.385885_-94.397549","stop_code":"","stop_name":"10 Box Cost Plus","stop_desc":"","zone_id":"","stop_url":"","location_type":"","parent_station":"","stop_timezone":"","wheelchair_boarding":"","feed_id":"Arkansas__City_of_Fort_Smith__mdb_ntd-60086","agency_name":"City of Fort Smith Transit","route_count":1,"route_ids":"Grand","route_short_names":"","route_types":"3","route_type_names":"Bus","routes_json":"[{\"route_id\":\"Grand\",\"route_short_name\":\"\",\"route_long_name\":\"Grand\",\"route_type\":\"3\",\"route_type_name\":\"Bus\",\"route_color\":\"FFD700\",\"route_text_color\":\"000000\"}]","metadata_feed_id":"Arkansas__City_of_Fort_Smith__mdb_ntd-60086","metadata_agency_names":"City of Fort Smith Transit","metadata_ntd_id":"60086","metadata_ntd_match_method":"manual_override","metadata_ntd_agency":"City of Fort Smith, dba: Fort Smith Transit","metadata_ntd_city":"Fort Smith","metadata_ntd_state":"AR","metadata_gtfs_route_count":7,"metadata_gtfs_trip_count":147,"metadata_gtfs_shape_count":15,"metadata_gtfs_stop_count":409,"metadata_ntd_agency_voms":10,"metadata_ntd_total_facilities":4,"metadata_ntd_maintenance_facilities":2,"metadata_ntd_passenger_stations":1,"metadata_tam_tier":"Tier II","metadata_service_area_sq_miles":65,"metadata_service_area_population":86209,"metadata_route_types_json":"{\"3\":7}","metadata_ntd_facilities_json":"{\"maintenance_facilities\":2,\"administrative_and_other_non_passenger_facilities\":1,\"passenger_stations_and_terminals\":1,\"parking_and_other_passenger_facilities\":0,\"total_facilities\":4,\"bus_transfer_centers\":1,\"elevated_fixed_guideway_stations\":0,\"at_grade_fixed_guideway_stations\":0,\"underground_fixed_guideway_stations\":0,\"simple_at_grade_platform_stations\":0,\"exclusive_grade_separated_platform_stations\":0,\"ferryboat_terminals\":0,\"surface_parking_lots\":0,\"parking_structures\":0}","metadata_tam_modes_json":"{\"DR\":{\"total_units_2024\":5,\"units_under_threshold_2024\":0,\"voms_2024\":3,\"total_modal_vrm_2024\":163578,\"total_modal_upt_2024\":19821},\"MB\":{\"total_units_2024\":22,\"units_under_threshold_2024\":0,\"voms_2024\":14,\"total_modal_vrm_2024\":607970,\"total_modal_upt_2024\":469580}}"},"geometry":{"type":"Point","coordinates":[-94.397549,35.385885]}},{"type":"Feature","properties":{"stop_id":"1150 Waldron Rd _1150 Waldron Rd _35.371116_-94.372698","stop_code":"","stop_name":"1150 Waldron Rd","stop_desc":"","zone_id":"","stop_url":"","location_type":"","parent_station":"","stop_timezone":"","wheelchair_boarding":"","feed_id":"Arkansas__City_of_Fort_Smith__mdb_ntd-60086","agency_name":"City of Fort Smith Transit","route_count":1,"route_ids":"Rogers Supercenter","route_short_names":"","route_types":"3","route_type_names":"Bus","routes_json":"[{\"route_id\":\"Rogers Supercenter\",\"route_short_name\":\"\",\"route_long_name\":\"Rogers Supercenter\",\"route_type\":\"3\",\"route_type_name\":\"Bus\",\"route_color\":\"F98E10\",\"route_text_color\":\"000000\"}]","metadata_feed_id":"Arkansas__City_of_Fort_Smith__mdb_ntd-60086","metadata_agency_names":"City of Fort Smith Transit","metadata_ntd_id":"60086","metadata_ntd_match_method":"manual_override","metadata_ntd_agency":"City of Fort Smith, dba: Fort Smith Transit","metadata_ntd_city":"Fort Smith","metadata_ntd_state":"AR","metadata_gtfs_route_count":7,"metadata_gtfs_trip_count":147,"metadata_gtfs_shape_count":15,"metadata_gtfs_stop_count":409,"metadata_ntd_agency_voms":10,"metadata_ntd_total_facilities":4,"metadata_ntd_maintenance_facilities":2,"metadata_ntd_passenger_stations":1,"metadata_tam_tier":"Tier II","metadata_service_area_sq_miles":65,"metadata_service_area_population":86209,"metadata_route_types_json":"{\"3\":7}","metadata_ntd_facilities_json":"{\"maintenance_facilities\":2,\"administrative_and_other_non_passenger_facilities\":1,\"passenger_stations_and_terminals\":1,\"parking_and_other_passenger_facilities\":0,\"total_facilities\":4,\"bus_transfer_centers\":1,\"elevated_fixed_guideway_stations\":0,\"at_grade_fixed_guideway_stations\":0,\"underground_fixed_guideway_stations\":0,\"simple_at_grade_platform_stations\":0,\"exclusive_grade_separated_platform_stations\":0,\"ferryboat_terminals\":0,\"surface_parking_lots\":0,\"parking_structures\":0}","metadata_tam_modes_json":"{\"DR\":{\"total_units_2024\":5,\"units_under_threshold_2024\":0,\"voms_2024\":3,\"total_modal_vrm_2024\":163578,\"total_modal_upt_2024\":19821},\"MB\":{\"total_units_2024\":22,\"units_under_threshold_2024\":0,\"voms_2024\":14,\"total_modal_vrm_2024\":607970,\"total_modal_upt_2024\":469580}}"},"geometry":{"type":"Point","coordinates":[-94.372698,35.371116]}},{"type":"Feature","properties":{"stop_id":"1215 Midland Blvd_1215 Midland Blvd_35.395906_-94.410339","stop_code":"","stop_name":"1215 Midland Blvd","stop_desc":"","zone_id":"","stop_url":"","location_type":"","parent_station":"","stop_timezone":"","wheelchair_boarding":"","feed_id":"Arkansas__City_of_Fort_Smith__mdb_ntd-60086","agency_name":"City of Fort Smith Transit","route_count":1,"route_ids":"Midland","route_short_names":"","route_types":"3","route_type_names":"Bus","routes_json":"[{\"route_id\":\"Midland\",\"route_short_name\":\"\",\"route_long_name\":\"Midland\",\"route_type\":\"3\",\"route_type_name\":\"Bus\",\"route_color\":\"F51414\",\"route_text_color\":\"FFFFFF\"}]","metadata_feed_id":"Arkansas__City_of_Fort_Smith__mdb_ntd-60086","metadata_agency_names":"City of Fort Smith Transit","metadata_ntd_id":"60086","metadata_ntd_match_method":"manual_override","metadata_ntd_agency":"City of Fort Smith, dba: Fort Smith Transit","metadata_ntd_city":"Fort Smith","metadata_ntd_state":"AR","metadata_gtfs_route_count":7,"metadata_gtfs_trip_count":147,"metadata_gtfs_shape_count":15,"metadata_gtfs_stop_count":409,"metadata_ntd_agency_voms":10,"metadata_ntd_total_facilities":4,"metadata_ntd_maintenance_facilities":2,"metadata_ntd_passenger_stations":1,"metadata_tam_tier":"Tier II","metadata_service_area_sq_miles":65,"metadata_service_area_population":86209,"metadata_route_types_json":"{\"3\":7}","metadata_ntd_facilities_json":"{\"maintenance_facilities\":2,\"administrative_and_other_non_passenger_facilities\":1,\"passenger_stations_and_terminals\":1,\"parking_and_other_passenger_facilities\":0,\"total_facilities\":4,\"bus_transfer_centers\":1,\"elevated_fixed_guideway_stations\":0,\"at_grade_fixed_guideway_stations\":0,\"underground_fixed_guideway_stations\":0,\"simple_at_grade_platform_stations\":0,\"exclusive_grade_separated_platform_stations\":0,\"ferryboat_terminals\":0,\"surface_parking_lots\":0,\"parking_structures\":0}","metadata_tam_modes_json":"{\"DR\":{\"total_units_2024\":5,\"units_under_threshold_2024\":0,\"voms_2024\":3,\"total_modal_vrm_2024\":163578,\"total_modal_upt_2024\":19821},\"MB\":{\"total_units_2024\":22,\"units_under_threshold_2024\":0,\"voms_2024\":14,\"total_modal_vrm_2024\":607970,\"total_modal_upt_2024\":469580}}"},"geometry":{"type":"Point","coordinates":[-94.410339,35.395906]}},{"type":"Feature","properties":{"stop_id":"1301 Towson Ave_1301 Towson Ave_35.370953_-94.421410","stop_code":"","stop_name":"1301 Towson Ave","stop_desc":"","zone_id":"","stop_url":"","location_type":"","parent_station":"","stop_timezone":"","wheelchair_boarding":"","feed_id":"Arkansas__City_of_Fort_Smith__mdb_ntd-60086","agency_name":"City of Fort Smith Transit","route_count":1,"route_ids":"Jenny Lind","route_short_names":"","route_types":"3","route_type_names":"Bus","routes_json":"[{\"route_id\":\"Jenny Lind\",\"route_short_name\":\"\",\"route_long_name\":\"Jenny Lind\",\"route_type\":\"3\",\"route_type_name\":\"Bus\",\"route_color\":\"8E00FF\",\"route_text_color\":\"FFFFFF\"}]","metadata_feed_id":"Arkansas__City_of_Fort_Smith__mdb_ntd-60086","metadata_agency_names":"City of Fort Smith Transit","metadata_ntd_id":"60086","metadata_ntd_match_method":"manual_override","metadata_ntd_agency":"City of Fort Smith, dba: Fort Smith Transit","metadata_ntd_city":"Fort Smith","metadata_ntd_state":"AR","metadata_gtfs_route_count":7,"metadata_gtfs_trip_count":147,"metadata_gtfs_shape_count":15,"metadata_gtfs_stop_count":409,"metadata_ntd_agency_voms":10,"metadata_ntd_total_facilities":4,"metadata_ntd_maintenance_facilities":2,"metadata_ntd_passenger_stations":1,"metadata_tam_tier":"Tier II","metadata_service_area_sq_miles":65,"metadata_service_area_population":86209,"metadata_route_types_json":"{\"3\":7}","metadata_ntd_facilities_json":"{\"maintenance_facilities\":2,\"administrative_and_other_non_passenger_facilities\":1,\"passenger_stations_and_terminals\":1,\"parking_and_other_passenger_facilities\":0,\"total_facilities\":4,\"bus_transfer_centers\":1,\"elevated_fixed_guideway_stations\":0,\"at_grade_fixed_guideway_stations\":0,\"underground_fixed_guideway_stations\":0,\"simple_at_grade_platform_stations\":0,\"exclusive_grade_separated_platform_stations\":0,\"ferryboat_terminals\":0,\"surface_parking_lots\":0,\"parking_structures\":0}","metadata_tam_modes_json":"{\"DR\":{\"total_units_2024\":5,\"units_under_threshold_2024\":0,\"voms_2024\":3,\"total_modal_vrm_2024\":163578,\"total_modal_upt_2024\":19821},\"MB\":{\"total_units_2024\":22,\"units_under_threshold_2024\":0,\"voms_2024\":14,\"total_modal_vrm_2024\":607970,\"total_modal_upt_2024\":469580}}"},"geometry":{"type":"Point","coordinates":[-94.42141,35.370953]}},{"type":"Feature","properties":{"stop_id":"1318 Highway 71 S__35.329500_-94.421281","stop_code":"","stop_name":"1318 Highway 71 S","stop_desc":"","zone_id":"","stop_url":"","location_type":"","parent_station":"","stop_timezone":"","wheelchair_boarding":"","feed_id":"Arkansas__City_of_Fort_Smith__mdb_ntd-60086","agency_name":"City of Fort Smith Transit","route_count":1,"route_ids":"Towson","route_short_names":"","route_types":"3","route_type_names":"Bus","routes_json":"[{\"route_id\":\"Towson\",\"route_short_name\":\"\",\"route_long_name\":\"Towson\",\"route_type\":\"3\",\"route_type_name\":\"Bus\",\"route_color\":\"70AD47\",\"route_text_color\":\"000000\"}]","metadata_feed_id":"Arkansas__City_of_Fort_Smith__mdb_ntd-60086","metadata_agency_names":"City of Fort Smith Transit","metadata_ntd_id":"60086","metadata_ntd_match_method":"manual_override","metadata_ntd_agency":"City of Fort Smith, dba: Fort Smith Transit","metadata_ntd_city":"Fort Smith","metadata_ntd_state":"AR","metadata_gtfs_route_count":7,"metadata_gtfs_trip_count":147,"metadata_gtfs_shape_count":15,"metadata_gtfs_stop_count":409,"metadata_ntd_agency_voms":10,"metadata_ntd_total_facilities":4,"metadata_ntd_maintenance_facilities":2,"metadata_ntd_passenger_stations":1,"metadata_tam_tier":"Tier II","metadata_service_area_sq_miles":65,"metadata_service_area_population":86209,"metadata_route_types_json":"{\"3\":7}","metadata_ntd_facilities_json":"{\"maintenance_facilities\":2,\"administrative_and_other_non_passenger_facilities\":1,\"passenger_stations_and_terminals\":1,\"parking_and_other_passenger_facilities\":0,\"total_facilities\":4,\"bus_transfer_centers\":1,\"elevated_fixed_guideway_stations\":0,\"at_grade_fixed_guideway_stations\":0,\"underground_fixed_guideway_stations\":0,\"simple_at_grade_platform_stations\":0,\"exclusive_grade_separated_platform_stations\":0,\"ferryboat_terminals\":0,\"surface_parking_lots\":0,\"parking_structures\":0}","metadata_tam_modes_json":"{\"DR\":{\"total_units_2024\":5,\"units_under_threshold_2024\":0,\"voms_2024\":3,\"total_modal_vrm_2024\":163578,\"total_modal_upt_2024\":19821},\"MB\":{\"total_units_2024\":22,\"units_under_threshold_2024\":0,\"voms_2024\":14,\"total_modal_vrm_2024\":607970,\"total_modal_upt_2024\":469580}}"},"geometry":{"type":"Point","coordinates":[-94.421281,35.3295]}},{"type":"Feature","properties":{"stop_id":"1500 Dodson Ave_1500 Dodson Ave_35.372495_-94.417870","stop_code":"","stop_name":"1500 Dodson Ave","stop_desc":"","zone_id":"","stop_url":"","location_type":"","parent_station":"","stop_timezone":"","wheelchair_boarding":"","feed_id":"Arkansas__City_of_Fort_Smith__mdb_ntd-60086","agency_name":"City of Fort Smith Transit","route_count":1,"route_ids":"Jenny Lind","route_short_names":"","route_types":"3","route_type_names":"Bus","routes_json":"[{\"route_id\":\"Jenny Lind\",\"route_short_name\":\"\",\"route_long_name\":\"Jenny Lind\",\"route_type\":\"3\",\"route_type_name\":\"Bus\",\"route_color\":\"8E00FF\",\"route_text_color\":\"FFFFFF\"}]","metadata_feed_id":"Arkansas__City_of_Fort_Smith__mdb_ntd-60086","metadata_agency_names":"City of Fort Smith Transit","metadata_ntd_id":"60086","metadata_ntd_match_method":"manual_override","metadata_ntd_agency":"City of Fort Smith, dba: Fort Smith Transit","metadata_ntd_city":"Fort Smith","metadata_ntd_state":"AR","metadata_gtfs_route_count":7,"metadata_gtfs_trip_count":147,"metadata_gtfs_shape_count":15,"metadata_gtfs_stop_count":409,"metadata_ntd_agency_voms":10,"metadata_ntd_total_facilities":4,"metadata_ntd_maintenance_facilities":2,"metadata_ntd_passenger_stations":1,"metadata_tam_tier":"Tier II","metadata_service_area_sq_miles":65,"metadata_service_area_population":86209,"metadata_route_types_json":"{\"3\":7}","metadata_ntd_facilities_json":"{\"maintenance_facilities\":2,\"administrative_and_other_non_passenger_facilities\":1,\"passenger_stations_and_terminals\":1,\"parking_and_other_passenger_facilities\":0,\"total_facilities\":4,\"bus_transfer_centers\":1,\"elevated_fixed_guideway_stations\":0,\"at_grade_fixed_guideway_stations\":0,\"underground_fixed_guideway_stations\":0,\"simple_at_grade_platform_stations\":0,\"exclusive_grade_separated_platform_stations\":0,\"ferryboat_terminals\":0,\"surface_parking_lots\":0,\"parking_structures\":0}","metadata_tam_modes_json":"{\"DR\":{\"total_units_2024\":5,\"units_under_threshold_2024\":0,\"voms_2024\":3,\"total_modal_vrm_2024\":163578,\"total_modal_upt_2024\":19821},\"MB\":{\"total_units_2024\":22,\"units_under_threshold_2024\":0,\"voms_2024\":14,\"total_modal_vrm_2024\":607970,\"total_modal_upt_2024\":469580}}"},"geometry":{"type":"Point","coordinates":[-94.41787,35.372495]}},{"type":"Feature","properties":{"stop_id":"2120 Grand Ave_2120 Grand Ave_35.386089_-94.405219","stop_code":"","stop_name":"2120 Grand Ave","stop_desc":"","zone_id":"","stop_url":"","location_type":"","parent_station":"","stop_timezone":"","wheelchair_boarding":"","feed_id":"Arkansas__City_of_Fort_Smith__mdb_ntd-60086","agency_name":"City of Fort Smith Transit","route_count":1,"route_ids":"Grand","route_short_names":"","route_types":"3","route_type_names":"Bus","routes_json":"[{\"route_id\":\"Grand\",\"route_short_name\":\"\",\"route_long_name\":\"Grand\",\"route_type\":\"3\",\"route_type_name\":\"Bus\",\"route_color\":\"FFD700\",\"route_text_color\":\"000000\"}]","metadata_feed_id":"Arkansas__City_of_Fort_Smith__mdb_ntd-60086","metadata_agency_names":"City of Fort Smith Transit","metadata_ntd_id":"60086","metadata_ntd_match_method":"manual_override","metadata_ntd_agency":"City of Fort Smith, dba: Fort Smith Transit","metadata_ntd_city":"Fort Smith","metadata_ntd_state":"AR","metadata_gtfs_route_count":7,"metadata_gtfs_trip_count":147,"metadata_gtfs_shape_count":15,"metadata_gtfs_stop_count":409,"metadata_ntd_agency_voms":10,"metadata_ntd_total_facilities":4,"metadata_ntd_maintenance_facilities":2,"metadata_ntd_passenger_stations":1,"metadata_tam_tier":"Tier II","metadata_service_area_sq_miles":65,"metadata_service_area_population":86209,"metadata_route_types_json":"{\"3\":7}","metadata_ntd_facilities_json":"{\"maintenance_facilities\":2,\"administrative_and_other_non_passenger_facilities\":1,\"passenger_stations_and_terminals\":1,\"parking_and_other_passenger_facilities\":0,\"total_facilities\":4,\"bus_transfer_centers\":1,\"elevated_fixed_guideway_stations\":0,\"at_grade_fixed_guideway_stations\":0,\"underground_fixed_guideway_stations\":0,\"simple_at_grade_platform_stations\":0,\"exclusive_grade_separated_platform_stations\":0,\"ferryboat_terminals\":0,\"surface_parking_lots\":0,\"parking_structures\":0}","metadata_tam_modes_json":"{\"DR\":{\"total_units_2024\":5,\"units_under_threshold_2024\":0,\"voms_2024\":3,\"total_modal_vrm_2024\":163578,\"total_modal_upt_2024\":19821},\"MB\":{\"total_units_2024\":22,\"units_under_threshold_2024\":0,\"voms_2024\":14,\"total_modal_vrm_2024\":607970,\"total_modal_upt_2024\":469580}}"},"geometry":{"type":"Point","coordinates":[-94.405219,35.386089]}},{"type":"Feature","properties":{"stop_id":"2301 Midland Blvd_2301 Midland Blvd_35.402020_-94.402771","stop_code":"","stop_name":"2301 Midland Blvd","stop_desc":"","zone_id":"","stop_url":"","location_type":"","parent_station":"","stop_timezone":"","wheelchair_boarding":"","feed_id":"Arkansas__City_of_Fort_Smith__mdb_ntd-60086","agency_name":"City of Fort Smith Transit","route_count":1,"route_ids":"Midland","route_short_names":"","route_types":"3","route_type_names":"Bus","routes_json":"[{\"route_id\":\"Midland\",\"route_short_name\":\"\",\"route_long_name\":\"Midland\",\"route_type\":\"3\",\"route_type_name\":\"Bus\",\"route_color\":\"F51414\",\"route_text_color\":\"FFFFFF\"}]","metadata_feed_id":"Arkansas__City_of_Fort_Smith__mdb_ntd-60086","metadata_agency_names":"City of Fort Smith Transit","metadata_ntd_id":"60086","metadata_ntd_match_method":"manual_override","metadata_ntd_agency":"City of Fort Smith, dba: Fort Smith Transit","metadata_ntd_city":"Fort Smith","metadata_ntd_state":"AR","metadata_gtfs_route_count":7,"metadata_gtfs_trip_count":147,"metadata_gtfs_shape_count":15,"metadata_gtfs_stop_count":409,"metadata_ntd_agency_voms":10,"metadata_ntd_total_facilities":4,"metadata_ntd_maintenance_facilities":2,"metadata_ntd_passenger_stations":1,"metadata_tam_tier":"Tier II","metadata_service_area_sq_miles":65,"metadata_service_area_population":86209,"metadata_route_types_json":"{\"3\":7}","metadata_ntd_facilities_json":"{\"maintenance_facilities\":2,\"administrative_and_other_non_passenger_facilities\":1,\"passenger_stations_and_terminals\":1,\"parking_and_other_passenger_facilities\":0,\"total_facilities\":4,\"bus_transfer_centers\":1,\"elevated_fixed_guideway_stations\":0,\"at_grade_fixed_guideway_stations\":0,\"underground_fixed_guideway_stations\":0,\"simple_at_grade_platform_stations\":0,\"exclusive_grade_separated_platform_stations\":0,\"ferryboat_terminals\":0,\"surface_parking_lots\":0,\"parking_structures\":0}","metadata_tam_modes_json":"{\"DR\":{\"total_units_2024\":5,\"units_under_threshold_2024\":0,\"voms_2024\":3,\"total_modal_vrm_2024\":163578,\"total_modal_upt_2024\":19821},\"MB\":{\"total_units_2024\":22,\"units_under_threshold_2024\":0,\"voms_2024\":14,\"total_modal_vrm_2024\":607970,\"total_modal_upt_2024\":469580}}"},"geometry":{"type":"Point","coordinates":[-94.402771,35.40202]}},{"type":"Feature","properties":{"stop_id":"2321 Rogers Ave _2321 Rogers Ave _35.377747_-94.407473","stop_code":"","stop_name":"2321 Rogers Ave","stop_desc":"","zone_id":"","stop_url":"","location_type":"","parent_station":"","stop_timezone":"","wheelchair_boarding":"","feed_id":"Arkansas__City_of_Fort_Smith__mdb_ntd-60086","agency_name":"City of Fort Smith Transit","route_count":1,"route_ids":"Rogers Express","route_short_names":"","route_types":"3","route_type_names":"Bus","routes_json":"[{\"route_id\":\"Rogers Express\",\"route_short_name\":\"\",\"route_long_name\":\"Rogers Express\",\"route_type\":\"3\",\"route_type_name\":\"Bus\",\"route_color\":\"4472C4\",\"route_text_color\":\"FFFFFF\"}]","metadata_feed_id":"Arkansas__City_of_Fort_Smith__mdb_ntd-60086","metadata_agency_names":"City of Fort Smith Transit","metadata_ntd_id":"60086","metadata_ntd_match_method":"manual_override","metadata_ntd_agency":"City of Fort Smith, dba: Fort Smith Transit","metadata_ntd_city":"Fort Smith","metadata_ntd_state":"AR","metadata_gtfs_route_count":7,"metadata_gtfs_trip_count":147,"metadata_gtfs_shape_count":15,"metadata_gtfs_stop_count":409,"metadata_ntd_agency_voms":10,"metadata_ntd_total_facilities":4,"metadata_ntd_maintenance_facilities":2,"metadata_ntd_passenger_stations":1,"metadata_tam_tier":"Tier II","metadata_service_area_sq_miles":65,"metadata_service_area_population":86209,"metadata_route_types_json":"{\"3\":7}","metadata_ntd_facilities_json":"{\"maintenance_facilities\":2,\"administrative_and_other_non_passenger_facilities\":1,\"passenger_stations_and_terminals\":1,\"parking_and_other_passenger_facilities\":0,\"total_facilities\":4,\"bus_transfer_centers\":1,\"elevated_fixed_guideway_stations\":0,\"at_grade_fixed_guideway_stations\":0,\"underground_fixed_guideway_stations\":0,\"simple_at_grade_platform_stations\":0,\"exclusive_grade_separated_platform_stations\":0,\"ferryboat_terminals\":0,\"surface_parking_lots\":0,\"parking_structures\":0}","metadata_tam_modes_json":"{\"DR\":{\"total_units_2024\":5,\"units_under_threshold_2024\":0,\"voms_2024\":3,\"total_modal_vrm_2024\":163578,\"total_modal_upt_2024\":19821},\"MB\":{\"total_units_2024\":22,\"units_under_threshold_2024\":0,\"voms_2024\":14,\"total_modal_vrm_2024\":607970,\"total_modal_upt_2024\":469580}}"},"geometry":{"type":"Point","coordinates":[-94.407473,35.377747]}},{"type":"Feature","properties":{"stop_id":"2701 Rogers Ave_2701 Rogers Ave_35.376075_-94.402953","stop_code":"","stop_name":"2701 Rogers Ave","stop_desc":"","zone_id":"","stop_url":"","location_type":"","parent_station":"","stop_timezone":"","wheelchair_boarding":"","feed_id":"Arkansas__City_of_Fort_Smith__mdb_ntd-60086","agency_name":"City of Fort Smith Transit","route_count":1,"route_ids":"Rogers Express","route_short_names":"","route_types":"3","route_type_names":"Bus","routes_json":"[{\"route_id\":\"Rogers Express\",\"route_short_name\":\"\",\"route_long_name\":\"Rogers Express\",\"route_type\":\"3\",\"route_type_name\":\"Bus\",\"route_color\":\"4472C4\",\"route_text_color\":\"FFFFFF\"}]","metadata_feed_id":"Arkansas__City_of_Fort_Smith__mdb_ntd-60086","metadata_agency_names":"City of Fort Smith Transit","metadata_ntd_id":"60086","metadata_ntd_match_method":"manual_override","metadata_ntd_agency":"City of Fort Smith, dba: Fort Smith Transit","metadata_ntd_city":"Fort Smith","metadata_ntd_state":"AR","metadata_gtfs_route_count":7,"metadata_gtfs_trip_count":147,"metadata_gtfs_shape_count":15,"metadata_gtfs_stop_count":409,"metadata_ntd_agency_voms":10,"metadata_ntd_total_facilities":4,"metadata_ntd_maintenance_facilities":2,"metadata_ntd_passenger_stations":1,"metadata_tam_tier":"Tier II","metadata_service_area_sq_miles":65,"metadata_service_area_population":86209,"metadata_route_types_json":"{\"3\":7}","metadata_ntd_facilities_json":"{\"maintenance_facilities\":2,\"administrative_and_other_non_passenger_facilities\":1,\"passenger_stations_and_terminals\":1,\"parking_and_other_passenger_facilities\":0,\"total_facilities\":4,\"bus_transfer_centers\":1,\"elevated_fixed_guideway_stations\":0,\"at_grade_fixed_guideway_stations\":0,\"underground_fixed_guideway_stations\":0,\"simple_at_grade_platform_stations\":0,\"exclusive_grade_separated_platform_stations\":0,\"ferryboat_terminals\":0,\"surface_parking_lots\":0,\"parking_structures\":0}","metadata_tam_modes_json":"{\"DR\":{\"total_units_2024\":5,\"units_under_threshold_2024\":0,\"voms_2024\":3,\"total_modal_vrm_2024\":163578,\"total_modal_upt_2024\":19821},\"MB\":{\"total_units_2024\":22,\"units_under_threshold_2024\":0,\"voms_2024\":14,\"total_modal_vrm_2024\":607970,\"total_modal_upt_2024\":469580}}"},"geometry":{"type":"Point","coordinates":[-94.402953,35.376075]}},{"type":"Feature","properties":{"stop_id":"2806 Towson Ave__35.357332_-94.421983","stop_code":"","stop_name":"2806 Towson Ave","stop_desc":"","zone_id":"","stop_url":"","location_type":"","parent_station":"","stop_timezone":"","wheelchair_boarding":"","feed_id":"Arkansas__City_of_Fort_Smith__mdb_ntd-60086","agency_name":"City of Fort Smith Transit","route_count":1,"route_ids":"Towson","route_short_names":"","route_types":"3","route_type_names":"Bus","routes_json":"[{\"route_id\":\"Towson\",\"route_short_name\":\"\",\"route_long_name\":\"Towson\",\"route_type\":\"3\",\"route_type_name\":\"Bus\",\"route_color\":\"70AD47\",\"route_text_color\":\"000000\"}]","metadata_feed_id":"Arkansas__City_of_Fort_Smith__mdb_ntd-60086","metadata_agency_names":"City of Fort Smith Transit","metadata_ntd_id":"60086","metadata_ntd_match_method":"manual_override","metadata_ntd_agency":"City of Fort Smith, dba: Fort Smith Transit","metadata_ntd_city":"Fort Smith","metadata_ntd_state":"AR","metadata_gtfs_route_count":7,"metadata_gtfs_trip_count":147,"metadata_gtfs_shape_count":15,"metadata_gtfs_stop_count":409,"metadata_ntd_agency_voms":10,"metadata_ntd_total_facilities":4,"metadata_ntd_maintenance_facilities":2,"metadata_ntd_passenger_stations":1,"metadata_tam_tier":"Tier II","metadata_service_area_sq_miles":65,"metadata_service_area_population":86209,"metadata_route_types_json":"{\"3\":7}","metadata_ntd_facilities_json":"{\"maintenance_facilities\":2,\"administrative_and_other_non_passenger_facilities\":1,\"passenger_stations_and_terminals\":1,\"parking_and_other_passenger_facilities\":0,\"total_facilities\":4,\"bus_transfer_centers\":1,\"elevated_fixed_guideway_stations\":0,\"at_grade_fixed_guideway_stations\":0,\"underground_fixed_guideway_stations\":0,\"simple_at_grade_platform_stations\":0,\"exclusive_grade_separated_platform_stations\":0,\"ferryboat_terminals\":0,\"surface_parking_lots\":0,\"parking_structures\":0}","metadata_tam_modes_json":"{\"DR\":{\"total_units_2024\":5,\"units_under_threshold_2024\":0,\"voms_2024\":3,\"total_modal_vrm_2024\":163578,\"total_modal_upt_2024\":19821},\"MB\":{\"total_units_2024\":22,\"units_under_threshold_2024\":0,\"voms_2024\":14,\"total_modal_vrm_2024\":607970,\"total_modal_upt_2024\":469580}}"},"geometry":{"type":"Point","coordinates":[-94.421983,35.357332]}},{"type":"Feature","properties":{"stop_id":"301 S E St__35.378575_-94.431808","stop_code":"","stop_name":"301 S E St","stop_desc":"","zone_id":"","stop_url":"","location_type":"","parent_station":"","stop_timezone":"","wheelchair_boarding":"","feed_id":"Arkansas__City_of_Fort_Smith__mdb_ntd-60086","agency_name":"City of Fort Smith Transit","route_count":1,"route_ids":"Shuttle","route_short_names":"","route_types":"3","route_type_names":"Bus","routes_json":"[{\"route_id\":\"Shuttle\",\"route_short_name\":\"\",\"route_long_name\":\"Shuttle\",\"route_type\":\"3\",\"route_type_name\":\"Bus\",\"route_color\":\"000000\",\"route_text_color\":\"FFFFFF\"}]","metadata_feed_id":"Arkansas__City_of_Fort_Smith__mdb_ntd-60086","metadata_agency_names":"City of Fort Smith Transit","metadata_ntd_id":"60086","metadata_ntd_match_method":"manual_override","metadata_ntd_agency":"City of Fort Smith, dba: Fort Smith Transit","metadata_ntd_city":"Fort Smith","metadata_ntd_state":"AR","metadata_gtfs_route_count":7,"metadata_gtfs_trip_count":147,"metadata_gtfs_shape_count":15,"metadata_gtfs_stop_count":409,"metadata_ntd_agency_voms":10,"metadata_ntd_total_facilities":4,"metadata_ntd_maintenance_facilities":2,"metadata_ntd_passenger_stations":1,"metadata_tam_tier":"Tier II","metadata_service_area_sq_miles":65,"metadata_service_area_population":86209,"metadata_route_types_json":"{\"3\":7}","metadata_ntd_facilities_json":"{\"maintenance_facilities\":2,\"administrative_and_other_non_passenger_facilities\":1,\"passenger_stations_and_terminals\":1,\"parking_and_other_passenger_facilities\":0,\"total_facilities\":4,\"bus_transfer_centers\":1,\"elevated_fixed_guideway_stations\":0,\"at_grade_fixed_guideway_stations\":0,\"underground_fixed_guideway_stations\":0,\"simple_at_grade_platform_stations\":0,\"exclusive_grade_separated_platform_stations\":0,\"ferryboat_terminals\":0,\"surface_parking_lots\":0,\"parking_structures\":0}","metadata_tam_modes_json":"{\"DR\":{\"total_units_2024\":5,\"units_under_threshold_2024\":0,\"voms_2024\":3,\"total_modal_vrm_2024\":163578,\"total_modal_upt_2024\":19821},\"MB\":{\"total_units_2024\":22,\"units_under_threshold_2024\":0,\"voms_2024\":14,\"total_modal_vrm_2024\":607970,\"total_modal_upt_2024\":469580}}"},"geometry":{"type":"Point","coordinates":[-94.431808,35.378575]}},{"type":"Feature","properties":{"stop_id":"310 N F St__35.393188_-94.422643","stop_code":"","stop_name":"310 N F St","stop_desc":"","zone_id":"","stop_url":"","location_type":"","parent_station":"","stop_timezone":"","wheelchair_boarding":"","feed_id":"Arkansas__City_of_Fort_Smith__mdb_ntd-60086","agency_name":"City of Fort Smith Transit","route_count":1,"route_ids":"Shuttle","route_short_names":"","route_types":"3","route_type_names":"Bus","routes_json":"[{\"route_id\":\"Shuttle\",\"route_short_name\":\"\",\"route_long_name\":\"Shuttle\",\"route_type\":\"3\",\"route_type_name\":\"Bus\",\"route_color\":\"000000\",\"route_text_color\":\"FFFFFF\"}]","metadata_feed_id":"Arkansas__City_of_Fort_Smith__mdb_ntd-60086","metadata_agency_names":"City of Fort Smith Transit","metadata_ntd_id":"60086","metadata_ntd_match_method":"manual_override","metadata_ntd_agency":"City of Fort Smith, dba: Fort Smith Transit","metadata_ntd_city":"Fort Smith","metadata_ntd_state":"AR","metadata_gtfs_route_count":7,"metadata_gtfs_trip_count":147,"metadata_gtfs_shape_count":15,"metadata_gtfs_stop_count":409,"metadata_ntd_agency_voms":10,"metadata_ntd_total_facilities":4,"metadata_ntd_maintenance_facilities":2,"metadata_ntd_passenger_stations":1,"metadata_tam_tier":"Tier II","metadata_service_area_sq_miles":65,"metadata_service_area_population":86209,"metadata_route_types_json":"{\"3\":7}","metadata_ntd_facilities_json":"{\"maintenance_facilities\":2,\"administrative_and_other_non_passenger_facilities\":1,\"passenger_stations_and_terminals\":1,\"parking_and_other_passenger_facilities\":0,\"total_facilities\":4,\"bus_transfer_centers\":1,\"elevated_fixed_guideway_stations\":0,\"at_grade_fixed_guideway_stations\":0,\"underground_fixed_guideway_stations\":0,\"simple_at_grade_platform_stations\":0,\"exclusive_grade_separated_platform_stations\":0,\"ferryboat_terminals\":0,\"surface_parking_lots\":0,\"parking_structures\":0}","metadata_tam_modes_json":"{\"DR\":{\"total_units_2024\":5,\"units_under_threshold_2024\":0,\"voms_2024\":3,\"total_modal_vrm_2024\":163578,\"total_modal_upt_2024\":19821},\"MB\":{\"total_units_2024\":22,\"units_under_threshold_2024\":0,\"voms_2024\":14,\"total_modal_vrm_2024\":607970,\"total_modal_upt_2024\":469580}}"},"geometry":{"type":"Point","coordinates":[-94.422643,35.393188]}},{"type":"Feature","properties":{"stop_id":"3101 N 32nd St_3101 N 32nd St_35.410664_-94.395735","stop_code":"","stop_name":"3101 N 32nd St","stop_desc":"","zone_id":"","stop_url":"","location_type":"","parent_station":"","stop_timezone":"","wheelchair_boarding":"","feed_id":"Arkansas__City_of_Fort_Smith__mdb_ntd-60086","agency_name":"City of Fort Smith Transit","route_count":1,"route_ids":"Midland","route_short_names":"","route_types":"3","route_type_names":"Bus","routes_json":"[{\"route_id\":\"Midland\",\"route_short_name\":\"\",\"route_long_name\":\"Midland\",\"route_type\":\"3\",\"route_type_name\":\"Bus\",\"route_color\":\"F51414\",\"route_text_color\":\"FFFFFF\"}]","metadata_feed_id":"Arkansas__City_of_Fort_Smith__mdb_ntd-60086","metadata_agency_names":"City of Fort Smith Transit","metadata_ntd_id":"60086","metadata_ntd_match_method":"manual_override","metadata_ntd_agency":"City of Fort Smith, dba: Fort Smith Transit","metadata_ntd_city":"Fort Smith","metadata_ntd_state":"AR","metadata_gtfs_route_count":7,"metadata_gtfs_trip_count":147,"metadata_gtfs_shape_count":15,"metadata_gtfs_stop_count":409,"metadata_ntd_agency_voms":10,"metadata_ntd_total_facilities":4,"metadata_ntd_maintenance_facilities":2,"metadata_ntd_passenger_stations":1,"metadata_tam_tier":"Tier II","metadata_service_area_sq_miles":65,"metadata_service_area_population":86209,"metadata_route_types_json":"{\"3\":7}","metadata_ntd_facilities_json":"{\"maintenance_facilities\":2,\"administrative_and_other_non_passenger_facilities\":1,\"passenger_stations_and_terminals\":1,\"parking_and_other_passenger_facilities\":0,\"total_facilities\":4,\"bus_transfer_centers\":1,\"elevated_fixed_guideway_stations\":0,\"at_grade_fixed_guideway_stations\":0,\"underground_fixed_guideway_stations\":0,\"simple_at_grade_platform_stations\":0,\"exclusive_grade_separated_platform_stations\":0,\"ferryboat_terminals\":0,\"surface_parking_lots\":0,\"parking_structures\":0}","metadata_tam_modes_json":"{\"DR\":{\"total_units_2024\":5,\"units_under_threshold_2024\":0,\"voms_2024\":3,\"total_modal_vrm_2024\":163578,\"total_modal_upt_2024\":19821},\"MB\":{\"total_units_2024\":22,\"units_under_threshold_2024\":0,\"voms_2024\":14,\"total_modal_vrm_2024\":607970,\"total_modal_upt_2024\":469580}}"},"geometry":{"type":"Point","coordinates":[-94.395735,35.410664]}},{"type":"Feature","properties":{"stop_id":"3201 Rogers Ave _3201 Rogers Ave _35.374172_-94.397778","stop_code":"","stop_name":"3201 Rogers Ave","stop_desc":"","zone_id":"","stop_url":"","location_type":"","parent_station":"","stop_timezone":"","wheelchair_boarding":"","feed_id":"Arkansas__City_of_Fort_Smith__mdb_ntd-60086","agency_name":"City of Fort Smith Transit","route_count":1,"route_ids":"Rogers Express","route_short_names":"","route_types":"3","route_type_names":"Bus","routes_json":"[{\"route_id\":\"Rogers Express\",\"route_short_name\":\"\",\"route_long_name\":\"Rogers Express\",\"route_type\":\"3\",\"route_type_name\":\"Bus\",\"route_color\":\"4472C4\",\"route_text_color\":\"FFFFFF\"}]","metadata_feed_id":"Arkansas__City_of_Fort_Smith__mdb_ntd-60086","metadata_agency_names":"City of Fort Smith Transit","metadata_ntd_id":"60086","metadata_ntd_match_method":"manual_override","metadata_ntd_agency":"City of Fort Smith, dba: Fort Smith Transit","metadata_ntd_city":"Fort Smith","metadata_ntd_state":"AR","metadata_gtfs_route_count":7,"metadata_gtfs_trip_count":147,"metadata_gtfs_shape_count":15,"metadata_gtfs_stop_count":409,"metadata_ntd_agency_voms":10,"metadata_ntd_total_facilities":4,"metadata_ntd_maintenance_facilities":2,"metadata_ntd_passenger_stations":1,"metadata_tam_tier":"Tier II","metadata_service_area_sq_miles":65,"metadata_service_area_population":86209,"metadata_route_types_json":"{\"3\":7}","metadata_ntd_facilities_json":"{\"maintenance_facilities\":2,\"administrative_and_other_non_passenger_facilities\":1,\"passenger_stations_and_terminals\":1,\"parking_and_other_passenger_facilities\":0,\"total_facilities\":4,\"bus_transfer_centers\":1,\"elevated_fixed_guideway_stations\":0,\"at_grade_fixed_guideway_stations\":0,\"underground_fixed_guideway_stations\":0,\"simple_at_grade_platform_stations\":0,\"exclusive_grade_separated_platform_stations\":0,\"ferryboat_terminals\":0,\"surface_parking_lots\":0,\"parking_structures\":0}","metadata_tam_modes_json":"{\"DR\":{\"total_units_2024\":5,\"units_under_threshold_2024\":0,\"voms_2024\":3,\"total_modal_vrm_2024\":163578,\"total_modal_upt_2024\":19821},\"MB\":{\"total_units_2024\":22,\"units_under_threshold_2024\":0,\"voms_2024\":14,\"total_modal_vrm_2024\":607970,\"total_modal_upt_2024\":469580}}"},"geometry":{"type":"Point","coordinates":[-94.397778,35.374172]}},{"type":"Feature","properties":{"stop_id":"3213 S. 62nd__35.350202_-94.364281","stop_code":"","stop_name":"3213 South 62nd","stop_desc":"","zone_id":"","stop_url":"","location_type":"","parent_station":"","stop_timezone":"","wheelchair_boarding":"","feed_id":"Arkansas__City_of_Fort_Smith__mdb_ntd-60086","agency_name":"City of Fort Smith Transit","route_count":1,"route_ids":"Towson","route_short_names":"","route_types":"3","route_type_names":"Bus","routes_json":"[{\"route_id\":\"Towson\",\"route_short_name\":\"\",\"route_long_name\":\"Towson\",\"route_type\":\"3\",\"route_type_name\":\"Bus\",\"route_color\":\"70AD47\",\"route_text_color\":\"000000\"}]","metadata_feed_id":"Arkansas__City_of_Fort_Smith__mdb_ntd-60086","metadata_agency_names":"City of Fort Smith Transit","metadata_ntd_id":"60086","metadata_ntd_match_method":"manual_override","metadata_ntd_agency":"City of Fort Smith, dba: Fort Smith Transit","metadata_ntd_city":"Fort Smith","metadata_ntd_state":"AR","metadata_gtfs_route_count":7,"metadata_gtfs_trip_count":147,"metadata_gtfs_shape_count":15,"metadata_gtfs_stop_count":409,"metadata_ntd_agency_voms":10,"metadata_ntd_total_facilities":4,"metadata_ntd_maintenance_facilities":2,"metadata_ntd_passenger_stations":1,"metadata_tam_tier":"Tier II","metadata_service_area_sq_miles":65,"metadata_service_area_population":86209,"metadata_route_types_json":"{\"3\":7}","metadata_ntd_facilities_json":"{\"maintenance_facilities\":2,\"administrative_and_other_non_passenger_facilities\":1,\"passenger_stations_and_terminals\":1,\"parking_and_other_passenger_facilities\":0,\"total_facilities\":4,\"bus_transfer_centers\":1,\"elevated_fixed_guideway_stations\":0,\"at_grade_fixed_guideway_stations\":0,\"underground_fixed_guideway_stations\":0,\"simple_at_grade_platform_stations\":0,\"exclusive_grade_separated_platform_stations\":0,\"ferryboat_terminals\":0,\"surface_parking_lots\":0,\"parking_structures\":0}","metadata_tam_modes_json":"{\"DR\":{\"total_units_2024\":5,\"units_under_threshold_2024\":0,\"voms_2024\":3,\"total_modal_vrm_2024\":163578,\"total_modal_upt_2024\":19821},\"MB\":{\"total_units_2024\":22,\"units_under_threshold_2024\":0,\"voms_2024\":14,\"total_modal_vrm_2024\":607970,\"total_modal_upt_2024\":469580}}"},"geometry":{"type":"Point","coordinates":[-94.364281,35.350202]}},{"type":"Feature","properties":{"stop_id":"3300 S 70th St_3300 S 70th St_35.349391_-94.355586","stop_code":"","stop_name":"3300 S 70th St","stop_desc":"","zone_id":"","stop_url":"","location_type":"","parent_station":"","stop_timezone":"","wheelchair_boarding":"","feed_id":"Arkansas__City_of_Fort_Smith__mdb_ntd-60086","agency_name":"City of Fort Smith Transit","route_count":1,"route_ids":"Rogers Supercenter","route_short_names":"","route_types":"3","route_type_names":"Bus","routes_json":"[{\"route_id\":\"Rogers Supercenter\",\"route_short_name\":\"\",\"route_long_name\":\"Rogers Supercenter\",\"route_type\":\"3\",\"route_type_name\":\"Bus\",\"route_color\":\"F98E10\",\"route_text_color\":\"000000\"}]","metadata_feed_id":"Arkansas__City_of_Fort_Smith__mdb_ntd-60086","metadata_agency_names":"City of Fort Smith Transit","metadata_ntd_id":"60086","metadata_ntd_match_method":"manual_override","metadata_ntd_agency":"City of Fort Smith, dba: Fort Smith Transit","metadata_ntd_city":"Fort Smith","metadata_ntd_state":"AR","metadata_gtfs_route_count":7,"metadata_gtfs_trip_count":147,"metadata_gtfs_shape_count":15,"metadata_gtfs_stop_count":409,"metadata_ntd_agency_voms":10,"metadata_ntd_total_facilities":4,"metadata_ntd_maintenance_facilities":2,"metadata_ntd_passenger_stations":1,"metadata_tam_tier":"Tier II","metadata_service_area_sq_miles":65,"metadata_service_area_population":86209,"metadata_route_types_json":"{\"3\":7}","metadata_ntd_facilities_json":"{\"maintenance_facilities\":2,\"administrative_and_other_non_passenger_facilities\":1,\"passenger_stations_and_terminals\":1,\"parking_and_other_passenger_facilities\":0,\"total_facilities\":4,\"bus_transfer_centers\":1,\"elevated_fixed_guideway_stations\":0,\"at_grade_fixed_guideway_stations\":0,\"underground_fixed_guideway_stations\":0,\"simple_at_grade_platform_stations\":0,\"exclusive_grade_separated_platform_stations\":0,\"ferryboat_terminals\":0,\"surface_parking_lots\":0,\"parking_structures\":0}","metadata_tam_modes_json":"{\"DR\":{\"total_units_2024\":5,\"units_under_threshold_2024\":0,\"voms_2024\":3,\"total_modal_vrm_2024\":163578,\"total_modal_upt_2024\":19821},\"MB\":{\"total_units_2024\":22,\"units_under_threshold_2024\":0,\"voms_2024\":14,\"total_modal_vrm_2024\":607970,\"total_modal_upt_2024\":469580}}"},"geometry":{"type":"Point","coordinates":[-94.355586,35.349391]}},{"type":"Feature","properties":{"stop_id":"3400 Rogers Ave_3400 Rogers Ave_35.372992_-94.394778","stop_code":"","stop_name":"3400 Rogers Ave","stop_desc":"","zone_id":"","stop_url":"","location_type":"","parent_station":"","stop_timezone":"","wheelchair_boarding":"","feed_id":"Arkansas__City_of_Fort_Smith__mdb_ntd-60086","agency_name":"City of Fort Smith Transit","route_count":1,"route_ids":"Rogers Express","route_short_names":"","route_types":"3","route_type_names":"Bus","routes_json":"[{\"route_id\":\"Rogers Express\",\"route_short_name\":\"\",\"route_long_name\":\"Rogers Express\",\"route_type\":\"3\",\"route_type_name\":\"Bus\",\"route_color\":\"4472C4\",\"route_text_color\":\"FFFFFF\"}]","metadata_feed_id":"Arkansas__City_of_Fort_Smith__mdb_ntd-60086","metadata_agency_names":"City of Fort Smith Transit","metadata_ntd_id":"60086","metadata_ntd_match_method":"manual_override","metadata_ntd_agency":"City of Fort Smith, dba: Fort Smith Transit","metadata_ntd_city":"Fort Smith","metadata_ntd_state":"AR","metadata_gtfs_route_count":7,"metadata_gtfs_trip_count":147,"metadata_gtfs_shape_count":15,"metadata_gtfs_stop_count":409,"metadata_ntd_agency_voms":10,"metadata_ntd_total_facilities":4,"metadata_ntd_maintenance_facilities":2,"metadata_ntd_passenger_stations":1,"metadata_tam_tier":"Tier II","metadata_service_area_sq_miles":65,"metadata_service_area_population":86209,"metadata_route_types_json":"{\"3\":7}","metadata_ntd_facilities_json":"{\"maintenance_facilities\":2,\"administrative_and_other_non_passenger_facilities\":1,\"passenger_stations_and_terminals\":1,\"parking_and_other_passenger_facilities\":0,\"total_facilities\":4,\"bus_transfer_centers\":1,\"elevated_fixed_guideway_stations\":0,\"at_grade_fixed_guideway_stations\":0,\"underground_fixed_guideway_stations\":0,\"simple_at_grade_platform_stations\":0,\"exclusive_grade_separated_platform_stations\":0,\"ferryboat_terminals\":0,\"surface_parking_lots\":0,\"parking_structures\":0}","metadata_tam_modes_json":"{\"DR\":{\"total_units_2024\":5,\"units_under_threshold_2024\":0,\"voms_2024\":3,\"total_modal_vrm_2024\":163578,\"total_modal_upt_2024\":19821},\"MB\":{\"total_units_2024\":22,\"units_under_threshold_2024\":0,\"voms_2024\":14,\"total_modal_vrm_2024\":607970,\"total_modal_upt_2024\":469580}}"},"geometry":{"type":"Point","coordinates":[-94.394778,35.372992]}},{"type":"Feature","properties":{"stop_id":"3401 Rogers Ave_3401 Rogers Ave_35.372969_-94.394614","stop_code":"","stop_name":"3401 Rogers Ave","stop_desc":"","zone_id":"","stop_url":"","location_type":"","parent_station":"","stop_timezone":"","wheelchair_boarding":"","feed_id":"Arkansas__City_of_Fort_Smith__mdb_ntd-60086","agency_name":"City of Fort Smith Transit","route_count":1,"route_ids":"Rogers Express","route_short_names":"","route_types":"3","route_type_names":"Bus","routes_json":"[{\"route_id\":\"Rogers Express\",\"route_short_name\":\"\",\"route_long_name\":\"Rogers Express\",\"route_type\":\"3\",\"route_type_name\":\"Bus\",\"route_color\":\"4472C4\",\"route_text_color\":\"FFFFFF\"}]","metadata_feed_id":"Arkansas__City_of_Fort_Smith__mdb_ntd-60086","metadata_agency_names":"City of Fort Smith Transit","metadata_ntd_id":"60086","metadata_ntd_match_method":"manual_override","metadata_ntd_agency":"City of Fort Smith, dba: Fort Smith Transit","metadata_ntd_city":"Fort Smith","metadata_ntd_state":"AR","metadata_gtfs_route_count":7,"metadata_gtfs_trip_count":147,"metadata_gtfs_shape_count":15,"metadata_gtfs_stop_count":409,"metadata_ntd_agency_voms":10,"metadata_ntd_total_facilities":4,"metadata_ntd_maintenance_facilities":2,"metadata_ntd_passenger_stations":1,"metadata_tam_tier":"Tier II","metadata_service_area_sq_miles":65,"metadata_service_area_population":86209,"metadata_route_types_json":"{\"3\":7}","metadata_ntd_facilities_json":"{\"maintenance_facilities\":2,\"administrative_and_other_non_passenger_facilities\":1,\"passenger_stations_and_terminals\":1,\"parking_and_other_passenger_facilities\":0,\"total_facilities\":4,\"bus_transfer_centers\":1,\"elevated_fixed_guideway_stations\":0,\"at_grade_fixed_guideway_stations\":0,\"underground_fixed_guideway_stations\":0,\"simple_at_grade_platform_stations\":0,\"exclusive_grade_separated_platform_stations\":0,\"ferryboat_terminals\":0,\"surface_parking_lots\":0,\"parking_structures\":0}","metadata_tam_modes_json":"{\"DR\":{\"total_units_2024\":5,\"units_under_threshold_2024\":0,\"voms_2024\":3,\"total_modal_vrm_2024\":163578,\"total_modal_upt_2024\":19821},\"MB\":{\"total_units_2024\":22,\"units_under_threshold_2024\":0,\"voms_2024\":14,\"total_modal_vrm_2024\":607970,\"total_modal_upt_2024\":469580}}"},"geometry":{"type":"Point","coordinates":[-94.394614,35.372969]}},{"type":"Feature","properties":{"stop_id":"3412 Park Ave_3412 Park Ave_35.378577_-94.395376","stop_code":"","stop_name":"3412 Park Ave","stop_desc":"","zone_id":"","stop_url":"","location_type":"","parent_station":"","stop_timezone":"","wheelchair_boarding":"","feed_id":"Arkansas__City_of_Fort_Smith__mdb_ntd-60086","agency_name":"City of Fort Smith Transit","route_count":1,"route_ids":"Grand","route_short_names":"","route_types":"3","route_type_names":"Bus","routes_json":"[{\"route_id\":\"Grand\",\"route_short_name\":\"\",\"route_long_name\":\"Grand\",\"route_type\":\"3\",\"route_type_name\":\"Bus\",\"route_color\":\"FFD700\",\"route_text_color\":\"000000\"}]","metadata_feed_id":"Arkansas__City_of_Fort_Smith__mdb_ntd-60086","metadata_agency_names":"City of Fort Smith Transit","metadata_ntd_id":"60086","metadata_ntd_match_method":"manual_override","metadata_ntd_agency":"City of Fort Smith, dba: Fort Smith Transit","metadata_ntd_city":"Fort Smith","metadata_ntd_state":"AR","metadata_gtfs_route_count":7,"metadata_gtfs_trip_count":147,"metadata_gtfs_shape_count":15,"metadata_gtfs_stop_count":409,"metadata_ntd_agency_voms":10,"metadata_ntd_total_facilities":4,"metadata_ntd_maintenance_facilities":2,"metadata_ntd_passenger_stations":1,"metadata_tam_tier":"Tier II","metadata_service_area_sq_miles":65,"metadata_service_area_population":86209,"metadata_route_types_json":"{\"3\":7}","metadata_ntd_facilities_json":"{\"maintenance_facilities\":2,\"administrative_and_other_non_passenger_facilities\":1,\"passenger_stations_and_terminals\":1,\"parking_and_other_passenger_facilities\":0,\"total_facilities\":4,\"bus_transfer_centers\":1,\"elevated_fixed_guideway_stations\":0,\"at_grade_fixed_guideway_stations\":0,\"underground_fixed_guideway_stations\":0,\"simple_at_grade_platform_stations\":0,\"exclusive_grade_separated_platform_stations\":0,\"ferryboat_terminals\":0,\"surface_parking_lots\":0,\"parking_structures\":0}","metadata_tam_modes_json":"{\"DR\":{\"total_units_2024\":5,\"units_under_threshold_2024\":0,\"voms_2024\":3,\"total_modal_vrm_2024\":163578,\"total_modal_upt_2024\":19821},\"MB\":{\"total_units_2024\":22,\"units_under_threshold_2024\":0,\"voms_2024\":14,\"total_modal_vrm_2024\":607970,\"total_modal_upt_2024\":469580}}"},"geometry":{"type":"Point","coordinates":[-94.395376,35.378577]}},{"type":"Feature","properties":{"stop_id":"3421 S 74th St_3421 S 74th St_35.348707_-94.351145","stop_code":"","stop_name":"3421 S 74th St","stop_desc":"","zone_id":"","stop_url":"","location_type":"","parent_station":"","stop_timezone":"","wheelchair_boarding":"","feed_id":"Arkansas__City_of_Fort_Smith__mdb_ntd-60086","agency_name":"City of Fort Smith Transit","route_count":1,"route_ids":"Rogers Supercenter","route_short_names":"","route_types":"3","route_type_names":"Bus","routes_json":"[{\"route_id\":\"Rogers Supercenter\",\"route_short_name\":\"\",\"route_long_name\":\"Rogers Supercenter\",\"route_type\":\"3\",\"route_type_name\":\"Bus\",\"route_color\":\"F98E10\",\"route_text_color\":\"000000\"}]","metadata_feed_id":"Arkansas__City_of_Fort_Smith__mdb_ntd-60086","metadata_agency_names":"City of Fort Smith Transit","metadata_ntd_id":"60086","metadata_ntd_match_method":"manual_override","metadata_ntd_agency":"City of Fort Smith, dba: Fort Smith Transit","metadata_ntd_city":"Fort Smith","metadata_ntd_state":"AR","metadata_gtfs_route_count":7,"metadata_gtfs_trip_count":147,"metadata_gtfs_shape_count":15,"metadata_gtfs_stop_count":409,"metadata_ntd_agency_voms":10,"metadata_ntd_total_facilities":4,"metadata_ntd_maintenance_facilities":2,"metadata_ntd_passenger_stations":1,"metadata_tam_tier":"Tier II","metadata_service_area_sq_miles":65,"metadata_service_area_population":86209,"metadata_route_types_json":"{\"3\":7}","metadata_ntd_facilities_json":"{\"maintenance_facilities\":2,\"administrative_and_other_non_passenger_facilities\":1,\"passenger_stations_and_terminals\":1,\"parking_and_other_passenger_facilities\":0,\"total_facilities\":4,\"bus_transfer_centers\":1,\"elevated_fixed_guideway_stations\":0,\"at_grade_fixed_guideway_stations\":0,\"underground_fixed_guideway_stations\":0,\"simple_at_grade_platform_stations\":0,\"exclusive_grade_separated_platform_stations\":0,\"ferryboat_terminals\":0,\"surface_parking_lots\":0,\"parking_structures\":0}","metadata_tam_modes_json":"{\"DR\":{\"total_units_2024\":5,\"units_under_threshold_2024\":0,\"voms_2024\":3,\"total_modal_vrm_2024\":163578,\"total_modal_upt_2024\":19821},\"MB\":{\"total_units_2024\":22,\"units_under_threshold_2024\":0,\"voms_2024\":14,\"total_modal_vrm_2024\":607970,\"total_modal_upt_2024\":469580}}"},"geometry":{"type":"Point","coordinates":[-94.351145,35.348707]}},{"type":"Feature","properties":{"stop_id":"3500 S 70th St_3500 S 70th St_35.347947_-94.355704","stop_code":"","stop_name":"3500 S 70th St","stop_desc":"","zone_id":"","stop_url":"","location_type":"","parent_station":"","stop_timezone":"","wheelchair_boarding":"","feed_id":"Arkansas__City_of_Fort_Smith__mdb_ntd-60086","agency_name":"City of Fort Smith Transit","route_count":1,"route_ids":"Rogers Supercenter","route_short_names":"","route_types":"3","route_type_names":"Bus","routes_json":"[{\"route_id\":\"Rogers Supercenter\",\"route_short_name\":\"\",\"route_long_name\":\"Rogers Supercenter\",\"route_type\":\"3\",\"route_type_name\":\"Bus\",\"route_color\":\"F98E10\",\"route_text_color\":\"000000\"}]","metadata_feed_id":"Arkansas__City_of_Fort_Smith__mdb_ntd-60086","metadata_agency_names":"City of Fort Smith Transit","metadata_ntd_id":"60086","metadata_ntd_match_method":"manual_override","metadata_ntd_agency":"City of Fort Smith, dba: Fort Smith Transit","metadata_ntd_city":"Fort Smith","metadata_ntd_state":"AR","metadata_gtfs_route_count":7,"metadata_gtfs_trip_count":147,"metadata_gtfs_shape_count":15,"metadata_gtfs_stop_count":409,"metadata_ntd_agency_voms":10,"metadata_ntd_total_facilities":4,"metadata_ntd_maintenance_facilities":2,"metadata_ntd_passenger_stations":1,"metadata_tam_tier":"Tier II","metadata_service_area_sq_miles":65,"metadata_service_area_population":86209,"metadata_route_types_json":"{\"3\":7}","metadata_ntd_facilities_json":"{\"maintenance_facilities\":2,\"administrative_and_other_non_passenger_facilities\":1,\"passenger_stations_and_terminals\":1,\"parking_and_other_passenger_facilities\":0,\"total_facilities\":4,\"bus_transfer_centers\":1,\"elevated_fixed_guideway_stations\":0,\"at_grade_fixed_guideway_stations\":0,\"underground_fixed_guideway_stations\":0,\"simple_at_grade_platform_stations\":0,\"exclusive_grade_separated_platform_stations\":0,\"ferryboat_terminals\":0,\"surface_parking_lots\":0,\"parking_structures\":0}","metadata_tam_modes_json":"{\"DR\":{\"total_units_2024\":5,\"units_under_threshold_2024\":0,\"voms_2024\":3,\"total_modal_vrm_2024\":163578,\"total_modal_upt_2024\":19821},\"MB\":{\"total_units_2024\":22,\"units_under_threshold_2024\":0,\"voms_2024\":14,\"total_modal_vrm_2024\":607970,\"total_modal_upt_2024\":469580}}"},"geometry":{"type":"Point","coordinates":[-94.355704,35.347947]}},{"type":"Feature","properties":{"stop_id":"3515 Park Ave_3515 Park Ave_35.378549_-94.394052","stop_code":"","stop_name":"3515 Park Ave","stop_desc":"","zone_id":"","stop_url":"","location_type":"","parent_station":"","stop_timezone":"","wheelchair_boarding":"","feed_id":"Arkansas__City_of_Fort_Smith__mdb_ntd-60086","agency_name":"City of Fort Smith Transit","route_count":1,"route_ids":"Grand","route_short_names":"","route_types":"3","route_type_names":"Bus","routes_json":"[{\"route_id\":\"Grand\",\"route_short_name\":\"\",\"route_long_name\":\"Grand\",\"route_type\":\"3\",\"route_type_name\":\"Bus\",\"route_color\":\"FFD700\",\"route_text_color\":\"000000\"}]","metadata_feed_id":"Arkansas__City_of_Fort_Smith__mdb_ntd-60086","metadata_agency_names":"City of Fort Smith Transit","metadata_ntd_id":"60086","metadata_ntd_match_method":"manual_override","metadata_ntd_agency":"City of Fort Smith, dba: Fort Smith Transit","metadata_ntd_city":"Fort Smith","metadata_ntd_state":"AR","metadata_gtfs_route_count":7,"metadata_gtfs_trip_count":147,"metadata_gtfs_shape_count":15,"metadata_gtfs_stop_count":409,"metadata_ntd_agency_voms":10,"metadata_ntd_total_facilities":4,"metadata_ntd_maintenance_facilities":2,"metadata_ntd_passenger_stations":1,"metadata_tam_tier":"Tier II","metadata_service_area_sq_miles":65,"metadata_service_area_population":86209,"metadata_route_types_json":"{\"3\":7}","metadata_ntd_facilities_json":"{\"maintenance_facilities\":2,\"administrative_and_other_non_passenger_facilities\":1,\"passenger_stations_and_terminals\":1,\"parking_and_other_passenger_facilities\":0,\"total_facilities\":4,\"bus_transfer_centers\":1,\"elevated_fixed_guideway_stations\":0,\"at_grade_fixed_guideway_stations\":0,\"underground_fixed_guideway_stations\":0,\"simple_at_grade_platform_stations\":0,\"exclusive_grade_separated_platform_stations\":0,\"ferryboat_terminals\":0,\"surface_parking_lots\":0,\"parking_structures\":0}","metadata_tam_modes_json":"{\"DR\":{\"total_units_2024\":5,\"units_under_threshold_2024\":0,\"voms_2024\":3,\"total_modal_vrm_2024\":163578,\"total_modal_upt_2024\":19821},\"MB\":{\"total_units_2024\":22,\"units_under_threshold_2024\":0,\"voms_2024\":14,\"total_modal_vrm_2024\":607970,\"total_modal_upt_2024\":469580}}"},"geometry":{"type":"Point","coordinates":[-94.394052,35.378549]}},{"type":"Feature","properties":{"stop_id":"3601 Jenny Lind Rd__35.349887_-94.413374","stop_code":"","stop_name":"3601 Jenny Lind Rd","stop_desc":"","zone_id":"","stop_url":"","location_type":"","parent_station":"","stop_timezone":"","wheelchair_boarding":"","feed_id":"Arkansas__City_of_Fort_Smith__mdb_ntd-60086","agency_name":"City of Fort Smith Transit","route_count":1,"route_ids":"Towson","route_short_names":"","route_types":"3","route_type_names":"Bus","routes_json":"[{\"route_id\":\"Towson\",\"route_short_name\":\"\",\"route_long_name\":\"Towson\",\"route_type\":\"3\",\"route_type_name\":\"Bus\",\"route_color\":\"70AD47\",\"route_text_color\":\"000000\"}]","metadata_feed_id":"Arkansas__City_of_Fort_Smith__mdb_ntd-60086","metadata_agency_names":"City of Fort Smith Transit","metadata_ntd_id":"60086","metadata_ntd_match_method":"manual_override","metadata_ntd_agency":"City of Fort Smith, dba: Fort Smith Transit","metadata_ntd_city":"Fort Smith","metadata_ntd_state":"AR","metadata_gtfs_route_count":7,"metadata_gtfs_trip_count":147,"metadata_gtfs_shape_count":15,"metadata_gtfs_stop_count":409,"metadata_ntd_agency_voms":10,"metadata_ntd_total_facilities":4,"metadata_ntd_maintenance_facilities":2,"metadata_ntd_passenger_stations":1,"metadata_tam_tier":"Tier II","metadata_service_area_sq_miles":65,"metadata_service_area_population":86209,"metadata_route_types_json":"{\"3\":7}","metadata_ntd_facilities_json":"{\"maintenance_facilities\":2,\"administrative_and_other_non_passenger_facilities\":1,\"passenger_stations_and_terminals\":1,\"parking_and_other_passenger_facilities\":0,\"total_facilities\":4,\"bus_transfer_centers\":1,\"elevated_fixed_guideway_stations\":0,\"at_grade_fixed_guideway_stations\":0,\"underground_fixed_guideway_stations\":0,\"simple_at_grade_platform_stations\":0,\"exclusive_grade_separated_platform_stations\":0,\"ferryboat_terminals\":0,\"surface_parking_lots\":0,\"parking_structures\":0}","metadata_tam_modes_json":"{\"DR\":{\"total_units_2024\":5,\"units_under_threshold_2024\":0,\"voms_2024\":3,\"total_modal_vrm_2024\":163578,\"total_modal_upt_2024\":19821},\"MB\":{\"total_units_2024\":22,\"units_under_threshold_2024\":0,\"voms_2024\":14,\"total_modal_vrm_2024\":607970,\"total_modal_upt_2024\":469580}}"},"geometry":{"type":"Point","coordinates":[-94.413374,35.349887]}},{"type":"Feature","properties":{"stop_id":"3609 Phoenix Ave__35.338355_-94.393819","stop_code":"","stop_name":"3609 Phoenix Ave","stop_desc":"","zone_id":"","stop_url":"","location_type":"","parent_station":"","stop_timezone":"","wheelchair_boarding":"","feed_id":"Arkansas__City_of_Fort_Smith__mdb_ntd-60086","agency_name":"City of Fort Smith Transit","route_count":1,"route_ids":"Towson","route_short_names":"","route_types":"3","route_type_names":"Bus","routes_json":"[{\"route_id\":\"Towson\",\"route_short_name\":\"\",\"route_long_name\":\"Towson\",\"route_type\":\"3\",\"route_type_name\":\"Bus\",\"route_color\":\"70AD47\",\"route_text_color\":\"000000\"}]","metadata_feed_id":"Arkansas__City_of_Fort_Smith__mdb_ntd-60086","metadata_agency_names":"City of Fort Smith Transit","metadata_ntd_id":"60086","metadata_ntd_match_method":"manual_override","metadata_ntd_agency":"City of Fort Smith, dba: Fort Smith Transit","metadata_ntd_city":"Fort Smith","metadata_ntd_state":"AR","metadata_gtfs_route_count":7,"metadata_gtfs_trip_count":147,"metadata_gtfs_shape_count":15,"metadata_gtfs_stop_count":409,"metadata_ntd_agency_voms":10,"metadata_ntd_total_facilities":4,"metadata_ntd_maintenance_facilities":2,"metadata_ntd_passenger_stations":1,"metadata_tam_tier":"Tier II","metadata_service_area_sq_miles":65,"metadata_service_area_population":86209,"metadata_route_types_json":"{\"3\":7}","metadata_ntd_facilities_json":"{\"maintenance_facilities\":2,\"administrative_and_other_non_passenger_facilities\":1,\"passenger_stations_and_terminals\":1,\"parking_and_other_passenger_facilities\":0,\"total_facilities\":4,\"bus_transfer_centers\":1,\"elevated_fixed_guideway_stations\":0,\"at_grade_fixed_guideway_stations\":0,\"underground_fixed_guideway_stations\":0,\"simple_at_grade_platform_stations\":0,\"exclusive_grade_separated_platform_stations\":0,\"ferryboat_terminals\":0,\"surface_parking_lots\":0,\"parking_structures\":0}","metadata_tam_modes_json":"{\"DR\":{\"total_units_2024\":5,\"units_under_threshold_2024\":0,\"voms_2024\":3,\"total_modal_vrm_2024\":163578,\"total_modal_upt_2024\":19821},\"MB\":{\"total_units_2024\":22,\"units_under_threshold_2024\":0,\"voms_2024\":14,\"total_modal_vrm_2024\":607970,\"total_modal_upt_2024\":469580}}"},"geometry":{"type":"Point","coordinates":[-94.393819,35.338355]}},{"type":"Feature","properties":{"stop_id":"3616 Towson Ave__35.351365_-94.422204","stop_code":"","stop_name":"3616 Towson Ave","stop_desc":"","zone_id":"","stop_url":"","location_type":"","parent_station":"","stop_timezone":"","wheelchair_boarding":"","feed_id":"Arkansas__City_of_Fort_Smith__mdb_ntd-60086","agency_name":"City of Fort Smith Transit","route_count":1,"route_ids":"Towson","route_short_names":"","route_types":"3","route_type_names":"Bus","routes_json":"[{\"route_id\":\"Towson\",\"route_short_name\":\"\",\"route_long_name\":\"Towson\",\"route_type\":\"3\",\"route_type_name\":\"Bus\",\"route_color\":\"70AD47\",\"route_text_color\":\"000000\"}]","metadata_feed_id":"Arkansas__City_of_Fort_Smith__mdb_ntd-60086","metadata_agency_names":"City of Fort Smith Transit","metadata_ntd_id":"60086","metadata_ntd_match_method":"manual_override","metadata_ntd_agency":"City of Fort Smith, dba: Fort Smith Transit","metadata_ntd_city":"Fort Smith","metadata_ntd_state":"AR","metadata_gtfs_route_count":7,"metadata_gtfs_trip_count":147,"metadata_gtfs_shape_count":15,"metadata_gtfs_stop_count":409,"metadata_ntd_agency_voms":10,"metadata_ntd_total_facilities":4,"metadata_ntd_maintenance_facilities":2,"metadata_ntd_passenger_stations":1,"metadata_tam_tier":"Tier II","metadata_service_area_sq_miles":65,"metadata_service_area_population":86209,"metadata_route_types_json":"{\"3\":7}","metadata_ntd_facilities_json":"{\"maintenance_facilities\":2,\"administrative_and_other_non_passenger_facilities\":1,\"passenger_stations_and_terminals\":1,\"parking_and_other_passenger_facilities\":0,\"total_facilities\":4,\"bus_transfer_centers\":1,\"elevated_fixed_guideway_stations\":0,\"at_grade_fixed_guideway_stations\":0,\"underground_fixed_guideway_stations\":0,\"simple_at_grade_platform_stations\":0,\"exclusive_grade_separated_platform_stations\":0,\"ferryboat_terminals\":0,\"surface_parking_lots\":0,\"parking_structures\":0}","metadata_tam_modes_json":"{\"DR\":{\"total_units_2024\":5,\"units_under_threshold_2024\":0,\"voms_2024\":3,\"total_modal_vrm_2024\":163578,\"total_modal_upt_2024\":19821},\"MB\":{\"total_units_2024\":22,\"units_under_threshold_2024\":0,\"voms_2024\":14,\"total_modal_vrm_2024\":607970,\"total_modal_upt_2024\":469580}}"},"geometry":{"type":"Point","coordinates":[-94.422204,35.351365]}},{"type":"Feature","properties":{"stop_id":"3718 Towson Ave__35.349614_-94.422284","stop_code":"","stop_name":"3718 Towson Ave","stop_desc":"","zone_id":"","stop_url":"","location_type":"","parent_station":"","stop_timezone":"","wheelchair_boarding":"","feed_id":"Arkansas__City_of_Fort_Smith__mdb_ntd-60086","agency_name":"City of Fort Smith Transit","route_count":1,"route_ids":"Towson","route_short_names":"","route_types":"3","route_type_names":"Bus","routes_json":"[{\"route_id\":\"Towson\",\"route_short_name\":\"\",\"route_long_name\":\"Towson\",\"route_type\":\"3\",\"route_type_name\":\"Bus\",\"route_color\":\"70AD47\",\"route_text_color\":\"000000\"}]","metadata_feed_id":"Arkansas__City_of_Fort_Smith__mdb_ntd-60086","metadata_agency_names":"City of Fort Smith Transit","metadata_ntd_id":"60086","metadata_ntd_match_method":"manual_override","metadata_ntd_agency":"City of Fort Smith, dba: Fort Smith Transit","metadata_ntd_city":"Fort Smith","metadata_ntd_state":"AR","metadata_gtfs_route_count":7,"metadata_gtfs_trip_count":147,"metadata_gtfs_shape_count":15,"metadata_gtfs_stop_count":409,"metadata_ntd_agency_voms":10,"metadata_ntd_total_facilities":4,"metadata_ntd_maintenance_facilities":2,"metadata_ntd_passenger_stations":1,"metadata_tam_tier":"Tier II","metadata_service_area_sq_miles":65,"metadata_service_area_population":86209,"metadata_route_types_json":"{\"3\":7}","metadata_ntd_facilities_json":"{\"maintenance_facilities\":2,\"administrative_and_other_non_passenger_facilities\":1,\"passenger_stations_and_terminals\":1,\"parking_and_other_passenger_facilities\":0,\"total_facilities\":4,\"bus_transfer_centers\":1,\"elevated_fixed_guideway_stations\":0,\"at_grade_fixed_guideway_stations\":0,\"underground_fixed_guideway_stations\":0,\"simple_at_grade_platform_stations\":0,\"exclusive_grade_separated_platform_stations\":0,\"ferryboat_terminals\":0,\"surface_parking_lots\":0,\"parking_structures\":0}","metadata_tam_modes_json":"{\"DR\":{\"total_units_2024\":5,\"units_under_threshold_2024\":0,\"voms_2024\":3,\"total_modal_vrm_2024\":163578,\"total_modal_upt_2024\":19821},\"MB\":{\"total_units_2024\":22,\"units_under_threshold_2024\":0,\"voms_2024\":14,\"total_modal_vrm_2024\":607970,\"total_modal_upt_2024\":469580}}"},"geometry":{"type":"Point","coordinates":[-94.422284,35.349614]}},{"type":"Feature","properties":{"stop_id":"3801 Rogers Ave_3801 Rogers Ave_35.371611_-94.389705","stop_code":"","stop_name":"3801 Rogers Ave","stop_desc":"","zone_id":"","stop_url":"","location_type":"","parent_station":"","stop_timezone":"","wheelchair_boarding":"","feed_id":"Arkansas__City_of_Fort_Smith__mdb_ntd-60086","agency_name":"City of Fort Smith Transit","route_count":1,"route_ids":"Rogers Express","route_short_names":"","route_types":"3","route_type_names":"Bus","routes_json":"[{\"route_id\":\"Rogers Express\",\"route_short_name\":\"\",\"route_long_name\":\"Rogers Express\",\"route_type\":\"3\",\"route_type_name\":\"Bus\",\"route_color\":\"4472C4\",\"route_text_color\":\"FFFFFF\"}]","metadata_feed_id":"Arkansas__City_of_Fort_Smith__mdb_ntd-60086","metadata_agency_names":"City of Fort Smith Transit","metadata_ntd_id":"60086","metadata_ntd_match_method":"manual_override","metadata_ntd_agency":"City of Fort Smith, dba: Fort Smith Transit","metadata_ntd_city":"Fort Smith","metadata_ntd_state":"AR","metadata_gtfs_route_count":7,"metadata_gtfs_trip_count":147,"metadata_gtfs_shape_count":15,"metadata_gtfs_stop_count":409,"metadata_ntd_agency_voms":10,"metadata_ntd_total_facilities":4,"metadata_ntd_maintenance_facilities":2,"metadata_ntd_passenger_stations":1,"metadata_tam_tier":"Tier II","metadata_service_area_sq_miles":65,"metadata_service_area_population":86209,"metadata_route_types_json":"{\"3\":7}","metadata_ntd_facilities_json":"{\"maintenance_facilities\":2,\"administrative_and_other_non_passenger_facilities\":1,\"passenger_stations_and_terminals\":1,\"parking_and_other_passenger_facilities\":0,\"total_facilities\":4,\"bus_transfer_centers\":1,\"elevated_fixed_guideway_stations\":0,\"at_grade_fixed_guideway_stations\":0,\"underground_fixed_guideway_stations\":0,\"simple_at_grade_platform_stations\":0,\"exclusive_grade_separated_platform_stations\":0,\"ferryboat_terminals\":0,\"surface_parking_lots\":0,\"parking_structures\":0}","metadata_tam_modes_json":"{\"DR\":{\"total_units_2024\":5,\"units_under_threshold_2024\":0,\"voms_2024\":3,\"total_modal_vrm_2024\":163578,\"total_modal_upt_2024\":19821},\"MB\":{\"total_units_2024\":22,\"units_under_threshold_2024\":0,\"voms_2024\":14,\"total_modal_vrm_2024\":607970,\"total_modal_upt_2024\":469580}}"},"geometry":{"type":"Point","coordinates":[-94.389705,35.371611]}},{"type":"Feature","properties":{"stop_id":"4008 Rogers Ave _4008 Rogers Ave _35.369970_-94.387500","stop_code":"","stop_name":"4008 Rogers Ave","stop_desc":"","zone_id":"","stop_url":"","location_type":"","parent_station":"","stop_timezone":"","wheelchair_boarding":"","feed_id":"Arkansas__City_of_Fort_Smith__mdb_ntd-60086","agency_name":"City of Fort Smith Transit","route_count":1,"route_ids":"Rogers Express","route_short_names":"","route_types":"3","route_type_names":"Bus","routes_json":"[{\"route_id\":\"Rogers Express\",\"route_short_name\":\"\",\"route_long_name\":\"Rogers Express\",\"route_type\":\"3\",\"route_type_name\":\"Bus\",\"route_color\":\"4472C4\",\"route_text_color\":\"FFFFFF\"}]","metadata_feed_id":"Arkansas__City_of_Fort_Smith__mdb_ntd-60086","metadata_agency_names":"City of Fort Smith Transit","metadata_ntd_id":"60086","metadata_ntd_match_method":"manual_override","metadata_ntd_agency":"City of Fort Smith, dba: Fort Smith Transit","metadata_ntd_city":"Fort Smith","metadata_ntd_state":"AR","metadata_gtfs_route_count":7,"metadata_gtfs_trip_count":147,"metadata_gtfs_shape_count":15,"metadata_gtfs_stop_count":409,"metadata_ntd_agency_voms":10,"metadata_ntd_total_facilities":4,"metadata_ntd_maintenance_facilities":2,"metadata_ntd_passenger_stations":1,"metadata_tam_tier":"Tier II","metadata_service_area_sq_miles":65,"metadata_service_area_population":86209,"metadata_route_types_json":"{\"3\":7}","metadata_ntd_facilities_json":"{\"maintenance_facilities\":2,\"administrative_and_other_non_passenger_facilities\":1,\"passenger_stations_and_terminals\":1,\"parking_and_other_passenger_facilities\":0,\"total_facilities\":4,\"bus_transfer_centers\":1,\"elevated_fixed_guideway_stations\":0,\"at_grade_fixed_guideway_stations\":0,\"underground_fixed_guideway_stations\":0,\"simple_at_grade_platform_stations\":0,\"exclusive_grade_separated_platform_stations\":0,\"ferryboat_terminals\":0,\"surface_parking_lots\":0,\"parking_structures\":0}","metadata_tam_modes_json":"{\"DR\":{\"total_units_2024\":5,\"units_under_threshold_2024\":0,\"voms_2024\":3,\"total_modal_vrm_2024\":163578,\"total_modal_upt_2024\":19821},\"MB\":{\"total_units_2024\":22,\"units_under_threshold_2024\":0,\"voms_2024\":14,\"total_modal_vrm_2024\":607970,\"total_modal_upt_2024\":469580}}"},"geometry":{"type":"Point","coordinates":[-94.3875,35.36997]}},{"type":"Feature","properties":{"stop_id":"4101 Towson Ave_4101 Towson Ave_35.344425_-94.422463","stop_code":"","stop_name":"4101 Towson Ave","stop_desc":"","zone_id":"","stop_url":"","location_type":"","parent_station":"","stop_timezone":"","wheelchair_boarding":"","feed_id":"Arkansas__City_of_Fort_Smith__mdb_ntd-60086","agency_name":"City of Fort Smith Transit","route_count":1,"route_ids":"Jenny Lind","route_short_names":"","route_types":"3","route_type_names":"Bus","routes_json":"[{\"route_id\":\"Jenny Lind\",\"route_short_name\":\"\",\"route_long_name\":\"Jenny Lind\",\"route_type\":\"3\",\"route_type_name\":\"Bus\",\"route_color\":\"8E00FF\",\"route_text_color\":\"FFFFFF\"}]","metadata_feed_id":"Arkansas__City_of_Fort_Smith__mdb_ntd-60086","metadata_agency_names":"City of Fort Smith Transit","metadata_ntd_id":"60086","metadata_ntd_match_method":"manual_override","metadata_ntd_agency":"City of Fort Smith, dba: Fort Smith Transit","metadata_ntd_city":"Fort Smith","metadata_ntd_state":"AR","metadata_gtfs_route_count":7,"metadata_gtfs_trip_count":147,"metadata_gtfs_shape_count":15,"metadata_gtfs_stop_count":409,"metadata_ntd_agency_voms":10,"metadata_ntd_total_facilities":4,"metadata_ntd_maintenance_facilities":2,"metadata_ntd_passenger_stations":1,"metadata_tam_tier":"Tier II","metadata_service_area_sq_miles":65,"metadata_service_area_population":86209,"metadata_route_types_json":"{\"3\":7}","metadata_ntd_facilities_json":"{\"maintenance_facilities\":2,\"administrative_and_other_non_passenger_facilities\":1,\"passenger_stations_and_terminals\":1,\"parking_and_other_passenger_facilities\":0,\"total_facilities\":4,\"bus_transfer_centers\":1,\"elevated_fixed_guideway_stations\":0,\"at_grade_fixed_guideway_stations\":0,\"underground_fixed_guideway_stations\":0,\"simple_at_grade_platform_stations\":0,\"exclusive_grade_separated_platform_stations\":0,\"ferryboat_terminals\":0,\"surface_parking_lots\":0,\"parking_structures\":0}","metadata_tam_modes_json":"{\"DR\":{\"total_units_2024\":5,\"units_under_threshold_2024\":0,\"voms_2024\":3,\"total_modal_vrm_2024\":163578,\"total_modal_upt_2024\":19821},\"MB\":{\"total_units_2024\":22,\"units_under_threshold_2024\":0,\"voms_2024\":14,\"total_modal_vrm_2024\":607970,\"total_modal_upt_2024\":469580}}"},"geometry":{"type":"Point","coordinates":[-94.422463,35.344425]}},{"type":"Feature","properties":{"stop_id":"4118 N 50th St_4118 N 50th St_35.419175_-94.375583","stop_code":"","stop_name":"4118 N 50th St","stop_desc":"","zone_id":"","stop_url":"","location_type":"","parent_station":"","stop_timezone":"","wheelchair_boarding":"","feed_id":"Arkansas__City_of_Fort_Smith__mdb_ntd-60086","agency_name":"City of Fort Smith Transit","route_count":1,"route_ids":"Midland","route_short_names":"","route_types":"3","route_type_names":"Bus","routes_json":"[{\"route_id\":\"Midland\",\"route_short_name\":\"\",\"route_long_name\":\"Midland\",\"route_type\":\"3\",\"route_type_name\":\"Bus\",\"route_color\":\"F51414\",\"route_text_color\":\"FFFFFF\"}]","metadata_feed_id":"Arkansas__City_of_Fort_Smith__mdb_ntd-60086","metadata_agency_names":"City of Fort Smith Transit","metadata_ntd_id":"60086","metadata_ntd_match_method":"manual_override","metadata_ntd_agency":"City of Fort Smith, dba: Fort Smith Transit","metadata_ntd_city":"Fort Smith","metadata_ntd_state":"AR","metadata_gtfs_route_count":7,"metadata_gtfs_trip_count":147,"metadata_gtfs_shape_count":15,"metadata_gtfs_stop_count":409,"metadata_ntd_agency_voms":10,"metadata_ntd_total_facilities":4,"metadata_ntd_maintenance_facilities":2,"metadata_ntd_passenger_stations":1,"metadata_tam_tier":"Tier II","metadata_service_area_sq_miles":65,"metadata_service_area_population":86209,"metadata_route_types_json":"{\"3\":7}","metadata_ntd_facilities_json":"{\"maintenance_facilities\":2,\"administrative_and_other_non_passenger_facilities\":1,\"passenger_stations_and_terminals\":1,\"parking_and_other_passenger_facilities\":0,\"total_facilities\":4,\"bus_transfer_centers\":1,\"elevated_fixed_guideway_stations\":0,\"at_grade_fixed_guideway_stations\":0,\"underground_fixed_guideway_stations\":0,\"simple_at_grade_platform_stations\":0,\"exclusive_grade_separated_platform_stations\":0,\"ferryboat_terminals\":0,\"surface_parking_lots\":0,\"parking_structures\":0}","metadata_tam_modes_json":"{\"DR\":{\"total_units_2024\":5,\"units_under_threshold_2024\":0,\"voms_2024\":3,\"total_modal_vrm_2024\":163578,\"total_modal_upt_2024\":19821},\"MB\":{\"total_units_2024\":22,\"units_under_threshold_2024\":0,\"voms_2024\":14,\"total_modal_vrm_2024\":607970,\"total_modal_upt_2024\":469580}}"},"geometry":{"type":"Point","coordinates":[-94.375583,35.419175]}},{"type":"Feature","properties":{"stop_id":"4125 Park Ave_4125 Park Ave_35.378340_-94.386745","stop_code":"","stop_name":"4125 Park Ave","stop_desc":"","zone_id":"","stop_url":"","location_type":"","parent_station":"","stop_timezone":"","wheelchair_boarding":"","feed_id":"Arkansas__City_of_Fort_Smith__mdb_ntd-60086","agency_name":"City of Fort Smith Transit","route_count":1,"route_ids":"Grand","route_short_names":"","route_types":"3","route_type_names":"Bus","routes_json":"[{\"route_id\":\"Grand\",\"route_short_name\":\"\",\"route_long_name\":\"Grand\",\"route_type\":\"3\",\"route_type_name\":\"Bus\",\"route_color\":\"FFD700\",\"route_text_color\":\"000000\"}]","metadata_feed_id":"Arkansas__City_of_Fort_Smith__mdb_ntd-60086","metadata_agency_names":"City of Fort Smith Transit","metadata_ntd_id":"60086","metadata_ntd_match_method":"manual_override","metadata_ntd_agency":"City of Fort Smith, dba: Fort Smith Transit","metadata_ntd_city":"Fort Smith","metadata_ntd_state":"AR","metadata_gtfs_route_count":7,"metadata_gtfs_trip_count":147,"metadata_gtfs_shape_count":15,"metadata_gtfs_stop_count":409,"metadata_ntd_agency_voms":10,"metadata_ntd_total_facilities":4,"metadata_ntd_maintenance_facilities":2,"metadata_ntd_passenger_stations":1,"metadata_tam_tier":"Tier II","metadata_service_area_sq_miles":65,"metadata_service_area_population":86209,"metadata_route_types_json":"{\"3\":7}","metadata_ntd_facilities_json":"{\"maintenance_facilities\":2,\"administrative_and_other_non_passenger_facilities\":1,\"passenger_stations_and_terminals\":1,\"parking_and_other_passenger_facilities\":0,\"total_facilities\":4,\"bus_transfer_centers\":1,\"elevated_fixed_guideway_stations\":0,\"at_grade_fixed_guideway_stations\":0,\"underground_fixed_guideway_stations\":0,\"simple_at_grade_platform_stations\":0,\"exclusive_grade_separated_platform_stations\":0,\"ferryboat_terminals\":0,\"surface_parking_lots\":0,\"parking_structures\":0}","metadata_tam_modes_json":"{\"DR\":{\"total_units_2024\":5,\"units_under_threshold_2024\":0,\"voms_2024\":3,\"total_modal_vrm_2024\":163578,\"total_modal_upt_2024\":19821},\"MB\":{\"total_units_2024\":22,\"units_under_threshold_2024\":0,\"voms_2024\":14,\"total_modal_vrm_2024\":607970,\"total_modal_upt_2024\":469580}}"},"geometry":{"type":"Point","coordinates":[-94.386745,35.37834]}},{"type":"Feature","properties":{"stop_id":"4200 Jenny Lind Rd_4200 Jenny Lind Rd_35.342893_-94.413677","stop_code":"","stop_name":"4200 Jenny Lind Rd","stop_desc":"","zone_id":"","stop_url":"","location_type":"","parent_station":"","stop_timezone":"","wheelchair_boarding":"","feed_id":"Arkansas__City_of_Fort_Smith__mdb_ntd-60086","agency_name":"City of Fort Smith Transit","route_count":1,"route_ids":"Jenny Lind","route_short_names":"","route_types":"3","route_type_names":"Bus","routes_json":"[{\"route_id\":\"Jenny Lind\",\"route_short_name\":\"\",\"route_long_name\":\"Jenny Lind\",\"route_type\":\"3\",\"route_type_name\":\"Bus\",\"route_color\":\"8E00FF\",\"route_text_color\":\"FFFFFF\"}]","metadata_feed_id":"Arkansas__City_of_Fort_Smith__mdb_ntd-60086","metadata_agency_names":"City of Fort Smith Transit","metadata_ntd_id":"60086","metadata_ntd_match_method":"manual_override","metadata_ntd_agency":"City of Fort Smith, dba: Fort Smith Transit","metadata_ntd_city":"Fort Smith","metadata_ntd_state":"AR","metadata_gtfs_route_count":7,"metadata_gtfs_trip_count":147,"metadata_gtfs_shape_count":15,"metadata_gtfs_stop_count":409,"metadata_ntd_agency_voms":10,"metadata_ntd_total_facilities":4,"metadata_ntd_maintenance_facilities":2,"metadata_ntd_passenger_stations":1,"metadata_tam_tier":"Tier II","metadata_service_area_sq_miles":65,"metadata_service_area_population":86209,"metadata_route_types_json":"{\"3\":7}","metadata_ntd_facilities_json":"{\"maintenance_facilities\":2,\"administrative_and_other_non_passenger_facilities\":1,\"passenger_stations_and_terminals\":1,\"parking_and_other_passenger_facilities\":0,\"total_facilities\":4,\"bus_transfer_centers\":1,\"elevated_fixed_guideway_stations\":0,\"at_grade_fixed_guideway_stations\":0,\"underground_fixed_guideway_stations\":0,\"simple_at_grade_platform_stations\":0,\"exclusive_grade_separated_platform_stations\":0,\"ferryboat_terminals\":0,\"surface_parking_lots\":0,\"parking_structures\":0}","metadata_tam_modes_json":"{\"DR\":{\"total_units_2024\":5,\"units_under_threshold_2024\":0,\"voms_2024\":3,\"total_modal_vrm_2024\":163578,\"total_modal_upt_2024\":19821},\"MB\":{\"total_units_2024\":22,\"units_under_threshold_2024\":0,\"voms_2024\":14,\"total_modal_vrm_2024\":607970,\"total_modal_upt_2024\":469580}}"},"geometry":{"type":"Point","coordinates":[-94.413677,35.342893]}},{"type":"Feature","properties":{"stop_id":"4200 Towson Ave__35.343651_-94.422498","stop_code":"","stop_name":"4200 Towson Ave","stop_desc":"","zone_id":"","stop_url":"","location_type":"","parent_station":"","stop_timezone":"","wheelchair_boarding":"","feed_id":"Arkansas__City_of_Fort_Smith__mdb_ntd-60086","agency_name":"City of Fort Smith Transit","route_count":1,"route_ids":"Towson","route_short_names":"","route_types":"3","route_type_names":"Bus","routes_json":"[{\"route_id\":\"Towson\",\"route_short_name\":\"\",\"route_long_name\":\"Towson\",\"route_type\":\"3\",\"route_type_name\":\"Bus\",\"route_color\":\"70AD47\",\"route_text_color\":\"000000\"}]","metadata_feed_id":"Arkansas__City_of_Fort_Smith__mdb_ntd-60086","metadata_agency_names":"City of Fort Smith Transit","metadata_ntd_id":"60086","metadata_ntd_match_method":"manual_override","metadata_ntd_agency":"City of Fort Smith, dba: Fort Smith Transit","metadata_ntd_city":"Fort Smith","metadata_ntd_state":"AR","metadata_gtfs_route_count":7,"metadata_gtfs_trip_count":147,"metadata_gtfs_shape_count":15,"metadata_gtfs_stop_count":409,"metadata_ntd_agency_voms":10,"metadata_ntd_total_facilities":4,"metadata_ntd_maintenance_facilities":2,"metadata_ntd_passenger_stations":1,"metadata_tam_tier":"Tier II","metadata_service_area_sq_miles":65,"metadata_service_area_population":86209,"metadata_route_types_json":"{\"3\":7}","metadata_ntd_facilities_json":"{\"maintenance_facilities\":2,\"administrative_and_other_non_passenger_facilities\":1,\"passenger_stations_and_terminals\":1,\"parking_and_other_passenger_facilities\":0,\"total_facilities\":4,\"bus_transfer_centers\":1,\"elevated_fixed_guideway_stations\":0,\"at_grade_fixed_guideway_stations\":0,\"underground_fixed_guideway_stations\":0,\"simple_at_grade_platform_stations\":0,\"exclusive_grade_separated_platform_stations\":0,\"ferryboat_terminals\":0,\"surface_parking_lots\":0,\"parking_structures\":0}","metadata_tam_modes_json":"{\"DR\":{\"total_units_2024\":5,\"units_under_threshold_2024\":0,\"voms_2024\":3,\"total_modal_vrm_2024\":163578,\"total_modal_upt_2024\":19821},\"MB\":{\"total_units_2024\":22,\"units_under_threshold_2024\":0,\"voms_2024\":14,\"total_modal_vrm_2024\":607970,\"total_modal_upt_2024\":469580}}"},"geometry":{"type":"Point","coordinates":[-94.422498,35.343651]}},{"type":"Feature","properties":{"stop_id":"4203 N 6th St_4203 N 6th St_35.419539_-94.387494","stop_code":"","stop_name":"4203 N 6th St","stop_desc":"","zone_id":"","stop_url":"","location_type":"","parent_station":"","stop_timezone":"","wheelchair_boarding":"","feed_id":"Arkansas__City_of_Fort_Smith__mdb_ntd-60086","agency_name":"City of Fort Smith Transit","route_count":1,"route_ids":"Midland","route_short_names":"","route_types":"3","route_type_names":"Bus","routes_json":"[{\"route_id\":\"Midland\",\"route_short_name\":\"\",\"route_long_name\":\"Midland\",\"route_type\":\"3\",\"route_type_name\":\"Bus\",\"route_color\":\"F51414\",\"route_text_color\":\"FFFFFF\"}]","metadata_feed_id":"Arkansas__City_of_Fort_Smith__mdb_ntd-60086","metadata_agency_names":"City of Fort Smith Transit","metadata_ntd_id":"60086","metadata_ntd_match_method":"manual_override","metadata_ntd_agency":"City of Fort Smith, dba: Fort Smith Transit","metadata_ntd_city":"Fort Smith","metadata_ntd_state":"AR","metadata_gtfs_route_count":7,"metadata_gtfs_trip_count":147,"metadata_gtfs_shape_count":15,"metadata_gtfs_stop_count":409,"metadata_ntd_agency_voms":10,"metadata_ntd_total_facilities":4,"metadata_ntd_maintenance_facilities":2,"metadata_ntd_passenger_stations":1,"metadata_tam_tier":"Tier II","metadata_service_area_sq_miles":65,"metadata_service_area_population":86209,"metadata_route_types_json":"{\"3\":7}","metadata_ntd_facilities_json":"{\"maintenance_facilities\":2,\"administrative_and_other_non_passenger_facilities\":1,\"passenger_stations_and_terminals\":1,\"parking_and_other_passenger_facilities\":0,\"total_facilities\":4,\"bus_transfer_centers\":1,\"elevated_fixed_guideway_stations\":0,\"at_grade_fixed_guideway_stations\":0,\"underground_fixed_guideway_stations\":0,\"simple_at_grade_platform_stations\":0,\"exclusive_grade_separated_platform_stations\":0,\"ferryboat_terminals\":0,\"surface_parking_lots\":0,\"parking_structures\":0}","metadata_tam_modes_json":"{\"DR\":{\"total_units_2024\":5,\"units_under_threshold_2024\":0,\"voms_2024\":3,\"total_modal_vrm_2024\":163578,\"total_modal_upt_2024\":19821},\"MB\":{\"total_units_2024\":22,\"units_under_threshold_2024\":0,\"voms_2024\":14,\"total_modal_vrm_2024\":607970,\"total_modal_upt_2024\":469580}}"},"geometry":{"type":"Point","coordinates":[-94.387494,35.419539]}},{"type":"Feature","properties":{"stop_id":"4207 Grand Ave__35.385610_-94.385413","stop_code":"","stop_name":"4207 Grand Ave","stop_desc":"","zone_id":"","stop_url":"","location_type":"","parent_station":"","stop_timezone":"","wheelchair_boarding":"","feed_id":"Arkansas__City_of_Fort_Smith__mdb_ntd-60086","agency_name":"City of Fort Smith Transit","route_count":1,"route_ids":"Grand","route_short_names":"","route_types":"3","route_type_names":"Bus","routes_json":"[{\"route_id\":\"Grand\",\"route_short_name\":\"\",\"route_long_name\":\"Grand\",\"route_type\":\"3\",\"route_type_name\":\"Bus\",\"route_color\":\"FFD700\",\"route_text_color\":\"000000\"}]","metadata_feed_id":"Arkansas__City_of_Fort_Smith__mdb_ntd-60086","metadata_agency_names":"City of Fort Smith Transit","metadata_ntd_id":"60086","metadata_ntd_match_method":"manual_override","metadata_ntd_agency":"City of Fort Smith, dba: Fort Smith Transit","metadata_ntd_city":"Fort Smith","metadata_ntd_state":"AR","metadata_gtfs_route_count":7,"metadata_gtfs_trip_count":147,"metadata_gtfs_shape_count":15,"metadata_gtfs_stop_count":409,"metadata_ntd_agency_voms":10,"metadata_ntd_total_facilities":4,"metadata_ntd_maintenance_facilities":2,"metadata_ntd_passenger_stations":1,"metadata_tam_tier":"Tier II","metadata_service_area_sq_miles":65,"metadata_service_area_population":86209,"metadata_route_types_json":"{\"3\":7}","metadata_ntd_facilities_json":"{\"maintenance_facilities\":2,\"administrative_and_other_non_passenger_facilities\":1,\"passenger_stations_and_terminals\":1,\"parking_and_other_passenger_facilities\":0,\"total_facilities\":4,\"bus_transfer_centers\":1,\"elevated_fixed_guideway_stations\":0,\"at_grade_fixed_guideway_stations\":0,\"underground_fixed_guideway_stations\":0,\"simple_at_grade_platform_stations\":0,\"exclusive_grade_separated_platform_stations\":0,\"ferryboat_terminals\":0,\"surface_parking_lots\":0,\"parking_structures\":0}","metadata_tam_modes_json":"{\"DR\":{\"total_units_2024\":5,\"units_under_threshold_2024\":0,\"voms_2024\":3,\"total_modal_vrm_2024\":163578,\"total_modal_upt_2024\":19821},\"MB\":{\"total_units_2024\":22,\"units_under_threshold_2024\":0,\"voms_2024\":14,\"total_modal_vrm_2024\":607970,\"total_modal_upt_2024\":469580}}"},"geometry":{"type":"Point","coordinates":[-94.385413,35.38561]}},{"type":"Feature","properties":{"stop_id":"4220 Kelley Hwy_4220 Kelley Hwy_35.403812_-94.383857","stop_code":"","stop_name":"4220 Kelley Hwy","stop_desc":"","zone_id":"","stop_url":"","location_type":"","parent_station":"","stop_timezone":"","wheelchair_boarding":"","feed_id":"Arkansas__City_of_Fort_Smith__mdb_ntd-60086","agency_name":"City of Fort Smith Transit","route_count":1,"route_ids":"Midland","route_short_names":"","route_types":"3","route_type_names":"Bus","routes_json":"[{\"route_id\":\"Midland\",\"route_short_name\":\"\",\"route_long_name\":\"Midland\",\"route_type\":\"3\",\"route_type_name\":\"Bus\",\"route_color\":\"F51414\",\"route_text_color\":\"FFFFFF\"}]","metadata_feed_id":"Arkansas__City_of_Fort_Smith__mdb_ntd-60086","metadata_agency_names":"City of Fort Smith Transit","metadata_ntd_id":"60086","metadata_ntd_match_method":"manual_override","metadata_ntd_agency":"City of Fort Smith, dba: Fort Smith Transit","metadata_ntd_city":"Fort Smith","metadata_ntd_state":"AR","metadata_gtfs_route_count":7,"metadata_gtfs_trip_count":147,"metadata_gtfs_shape_count":15,"metadata_gtfs_stop_count":409,"metadata_ntd_agency_voms":10,"metadata_ntd_total_facilities":4,"metadata_ntd_maintenance_facilities":2,"metadata_ntd_passenger_stations":1,"metadata_tam_tier":"Tier II","metadata_service_area_sq_miles":65,"metadata_service_area_population":86209,"metadata_route_types_json":"{\"3\":7}","metadata_ntd_facilities_json":"{\"maintenance_facilities\":2,\"administrative_and_other_non_passenger_facilities\":1,\"passenger_stations_and_terminals\":1,\"parking_and_other_passenger_facilities\":0,\"total_facilities\":4,\"bus_transfer_centers\":1,\"elevated_fixed_guideway_stations\":0,\"at_grade_fixed_guideway_stations\":0,\"underground_fixed_guideway_stations\":0,\"simple_at_grade_platform_stations\":0,\"exclusive_grade_separated_platform_stations\":0,\"ferryboat_terminals\":0,\"surface_parking_lots\":0,\"parking_structures\":0}","metadata_tam_modes_json":"{\"DR\":{\"total_units_2024\":5,\"units_under_threshold_2024\":0,\"voms_2024\":3,\"total_modal_vrm_2024\":163578,\"total_modal_upt_2024\":19821},\"MB\":{\"total_units_2024\":22,\"units_under_threshold_2024\":0,\"voms_2024\":14,\"total_modal_vrm_2024\":607970,\"total_modal_upt_2024\":469580}}"},"geometry":{"type":"Point","coordinates":[-94.383857,35.403812]}},{"type":"Feature","properties":{"stop_id":"4300 Rogers Ave _4300 Rogers Ave _35.368863_-94.384597","stop_code":"","stop_name":"4300 Rogers Ave","stop_desc":"","zone_id":"","stop_url":"","location_type":"","parent_station":"","stop_timezone":"","wheelchair_boarding":"","feed_id":"Arkansas__City_of_Fort_Smith__mdb_ntd-60086","agency_name":"City of Fort Smith Transit","route_count":1,"route_ids":"Rogers Express","route_short_names":"","route_types":"3","route_type_names":"Bus","routes_json":"[{\"route_id\":\"Rogers Express\",\"route_short_name\":\"\",\"route_long_name\":\"Rogers Express\",\"route_type\":\"3\",\"route_type_name\":\"Bus\",\"route_color\":\"4472C4\",\"route_text_color\":\"FFFFFF\"}]","metadata_feed_id":"Arkansas__City_of_Fort_Smith__mdb_ntd-60086","metadata_agency_names":"City of Fort Smith Transit","metadata_ntd_id":"60086","metadata_ntd_match_method":"manual_override","metadata_ntd_agency":"City of Fort Smith, dba: Fort Smith Transit","metadata_ntd_city":"Fort Smith","metadata_ntd_state":"AR","metadata_gtfs_route_count":7,"metadata_gtfs_trip_count":147,"metadata_gtfs_shape_count":15,"metadata_gtfs_stop_count":409,"metadata_ntd_agency_voms":10,"metadata_ntd_total_facilities":4,"metadata_ntd_maintenance_facilities":2,"metadata_ntd_passenger_stations":1,"metadata_tam_tier":"Tier II","metadata_service_area_sq_miles":65,"metadata_service_area_population":86209,"metadata_route_types_json":"{\"3\":7}","metadata_ntd_facilities_json":"{\"maintenance_facilities\":2,\"administrative_and_other_non_passenger_facilities\":1,\"passenger_stations_and_terminals\":1,\"parking_and_other_passenger_facilities\":0,\"total_facilities\":4,\"bus_transfer_centers\":1,\"elevated_fixed_guideway_stations\":0,\"at_grade_fixed_guideway_stations\":0,\"underground_fixed_guideway_stations\":0,\"simple_at_grade_platform_stations\":0,\"exclusive_grade_separated_platform_stations\":0,\"ferryboat_terminals\":0,\"surface_parking_lots\":0,\"parking_structures\":0}","metadata_tam_modes_json":"{\"DR\":{\"total_units_2024\":5,\"units_under_threshold_2024\":0,\"voms_2024\":3,\"total_modal_vrm_2024\":163578,\"total_modal_upt_2024\":19821},\"MB\":{\"total_units_2024\":22,\"units_under_threshold_2024\":0,\"voms_2024\":14,\"total_modal_vrm_2024\":607970,\"total_modal_upt_2024\":469580}}"},"geometry":{"type":"Point","coordinates":[-94.384597,35.368863]}},{"type":"Feature","properties":{"stop_id":"4310 Towson Ave__35.342595_-94.422529","stop_code":"","stop_name":"4310 Towson Ave","stop_desc":"","zone_id":"","stop_url":"","location_type":"","parent_station":"","stop_timezone":"","wheelchair_boarding":"","feed_id":"Arkansas__City_of_Fort_Smith__mdb_ntd-60086","agency_name":"City of Fort Smith Transit","route_count":1,"route_ids":"Towson","route_short_names":"","route_types":"3","route_type_names":"Bus","routes_json":"[{\"route_id\":\"Towson\",\"route_short_name\":\"\",\"route_long_name\":\"Towson\",\"route_type\":\"3\",\"route_type_name\":\"Bus\",\"route_color\":\"70AD47\",\"route_text_color\":\"000000\"}]","metadata_feed_id":"Arkansas__City_of_Fort_Smith__mdb_ntd-60086","metadata_agency_names":"City of Fort Smith Transit","metadata_ntd_id":"60086","metadata_ntd_match_method":"manual_override","metadata_ntd_agency":"City of Fort Smith, dba: Fort Smith Transit","metadata_ntd_city":"Fort Smith","metadata_ntd_state":"AR","metadata_gtfs_route_count":7,"metadata_gtfs_trip_count":147,"metadata_gtfs_shape_count":15,"metadata_gtfs_stop_count":409,"metadata_ntd_agency_voms":10,"metadata_ntd_total_facilities":4,"metadata_ntd_maintenance_facilities":2,"metadata_ntd_passenger_stations":1,"metadata_tam_tier":"Tier II","metadata_service_area_sq_miles":65,"metadata_service_area_population":86209,"metadata_route_types_json":"{\"3\":7}","metadata_ntd_facilities_json":"{\"maintenance_facilities\":2,\"administrative_and_other_non_passenger_facilities\":1,\"passenger_stations_and_terminals\":1,\"parking_and_other_passenger_facilities\":0,\"total_facilities\":4,\"bus_transfer_centers\":1,\"elevated_fixed_guideway_stations\":0,\"at_grade_fixed_guideway_stations\":0,\"underground_fixed_guideway_stations\":0,\"simple_at_grade_platform_stations\":0,\"exclusive_grade_separated_platform_stations\":0,\"ferryboat_terminals\":0,\"surface_parking_lots\":0,\"parking_structures\":0}","metadata_tam_modes_json":"{\"DR\":{\"total_units_2024\":5,\"units_under_threshold_2024\":0,\"voms_2024\":3,\"total_modal_vrm_2024\":163578,\"total_modal_upt_2024\":19821},\"MB\":{\"total_units_2024\":22,\"units_under_threshold_2024\":0,\"voms_2024\":14,\"total_modal_vrm_2024\":607970,\"total_modal_upt_2024\":469580}}"},"geometry":{"type":"Point","coordinates":[-94.422529,35.342595]}},{"type":"Feature","properties":{"stop_id":"4418 Rogers Ave_4418 Rogers Ave_35.368434_-94.383499","stop_code":"","stop_name":"4418 Rogers Ave","stop_desc":"","zone_id":"","stop_url":"","location_type":"","parent_station":"","stop_timezone":"","wheelchair_boarding":"","feed_id":"Arkansas__City_of_Fort_Smith__mdb_ntd-60086","agency_name":"City of Fort Smith Transit","route_count":1,"route_ids":"Rogers Express","route_short_names":"","route_types":"3","route_type_names":"Bus","routes_json":"[{\"route_id\":\"Rogers Express\",\"route_short_name\":\"\",\"route_long_name\":\"Rogers Express\",\"route_type\":\"3\",\"route_type_name\":\"Bus\",\"route_color\":\"4472C4\",\"route_text_color\":\"FFFFFF\"}]","metadata_feed_id":"Arkansas__City_of_Fort_Smith__mdb_ntd-60086","metadata_agency_names":"City of Fort Smith Transit","metadata_ntd_id":"60086","metadata_ntd_match_method":"manual_override","metadata_ntd_agency":"City of Fort Smith, dba: Fort Smith Transit","metadata_ntd_city":"Fort Smith","metadata_ntd_state":"AR","metadata_gtfs_route_count":7,"metadata_gtfs_trip_count":147,"metadata_gtfs_shape_count":15,"metadata_gtfs_stop_count":409,"metadata_ntd_agency_voms":10,"metadata_ntd_total_facilities":4,"metadata_ntd_maintenance_facilities":2,"metadata_ntd_passenger_stations":1,"metadata_tam_tier":"Tier II","metadata_service_area_sq_miles":65,"metadata_service_area_population":86209,"metadata_route_types_json":"{\"3\":7}","metadata_ntd_facilities_json":"{\"maintenance_facilities\":2,\"administrative_and_other_non_passenger_facilities\":1,\"passenger_stations_and_terminals\":1,\"parking_and_other_passenger_facilities\":0,\"total_facilities\":4,\"bus_transfer_centers\":1,\"elevated_fixed_guideway_stations\":0,\"at_grade_fixed_guideway_stations\":0,\"underground_fixed_guideway_stations\":0,\"simple_at_grade_platform_stations\":0,\"exclusive_grade_separated_platform_stations\":0,\"ferryboat_terminals\":0,\"surface_parking_lots\":0,\"parking_structures\":0}","metadata_tam_modes_json":"{\"DR\":{\"total_units_2024\":5,\"units_under_threshold_2024\":0,\"voms_2024\":3,\"total_modal_vrm_2024\":163578,\"total_modal_upt_2024\":19821},\"MB\":{\"total_units_2024\":22,\"units_under_threshold_2024\":0,\"voms_2024\":14,\"total_modal_vrm_2024\":607970,\"total_modal_upt_2024\":469580}}"},"geometry":{"type":"Point","coordinates":[-94.383499,35.368434]}},{"type":"Feature","properties":{"stop_id":"4419 Rogers Ave_4419 Rogers Ave_35.368532_-94.383568","stop_code":"","stop_name":"4419 Rogers Ave","stop_desc":"","zone_id":"","stop_url":"","location_type":"","parent_station":"","stop_timezone":"","wheelchair_boarding":"","feed_id":"Arkansas__City_of_Fort_Smith__mdb_ntd-60086","agency_name":"City of Fort Smith Transit","route_count":1,"route_ids":"Rogers Express","route_short_names":"","route_types":"3","route_type_names":"Bus","routes_json":"[{\"route_id\":\"Rogers Express\",\"route_short_name\":\"\",\"route_long_name\":\"Rogers Express\",\"route_type\":\"3\",\"route_type_name\":\"Bus\",\"route_color\":\"4472C4\",\"route_text_color\":\"FFFFFF\"}]","metadata_feed_id":"Arkansas__City_of_Fort_Smith__mdb_ntd-60086","metadata_agency_names":"City of Fort Smith Transit","metadata_ntd_id":"60086","metadata_ntd_match_method":"manual_override","metadata_ntd_agency":"City of Fort Smith, dba: Fort Smith Transit","metadata_ntd_city":"Fort Smith","metadata_ntd_state":"AR","metadata_gtfs_route_count":7,"metadata_gtfs_trip_count":147,"metadata_gtfs_shape_count":15,"metadata_gtfs_stop_count":409,"metadata_ntd_agency_voms":10,"metadata_ntd_total_facilities":4,"metadata_ntd_maintenance_facilities":2,"metadata_ntd_passenger_stations":1,"metadata_tam_tier":"Tier II","metadata_service_area_sq_miles":65,"metadata_service_area_population":86209,"metadata_route_types_json":"{\"3\":7}","metadata_ntd_facilities_json":"{\"maintenance_facilities\":2,\"administrative_and_other_non_passenger_facilities\":1,\"passenger_stations_and_terminals\":1,\"parking_and_other_passenger_facilities\":0,\"total_facilities\":4,\"bus_transfer_centers\":1,\"elevated_fixed_guideway_stations\":0,\"at_grade_fixed_guideway_stations\":0,\"underground_fixed_guideway_stations\":0,\"simple_at_grade_platform_stations\":0,\"exclusive_grade_separated_platform_stations\":0,\"ferryboat_terminals\":0,\"surface_parking_lots\":0,\"parking_structures\":0}","metadata_tam_modes_json":"{\"DR\":{\"total_units_2024\":5,\"units_under_threshold_2024\":0,\"voms_2024\":3,\"total_modal_vrm_2024\":163578,\"total_modal_upt_2024\":19821},\"MB\":{\"total_units_2024\":22,\"units_under_threshold_2024\":0,\"voms_2024\":14,\"total_modal_vrm_2024\":607970,\"total_modal_upt_2024\":469580}}"},"geometry":{"type":"Point","coordinates":[-94.383568,35.368532]}},{"type":"Feature","properties":{"stop_id":"4500 Towson Ave__35.341007_-94.422583","stop_code":"","stop_name":"4500 Towson Ave","stop_desc":"","zone_id":"","stop_url":"","location_type":"","parent_station":"","stop_timezone":"","wheelchair_boarding":"","feed_id":"Arkansas__City_of_Fort_Smith__mdb_ntd-60086","agency_name":"City of Fort Smith Transit","route_count":1,"route_ids":"Towson","route_short_names":"","route_types":"3","route_type_names":"Bus","routes_json":"[{\"route_id\":\"Towson\",\"route_short_name\":\"\",\"route_long_name\":\"Towson\",\"route_type\":\"3\",\"route_type_name\":\"Bus\",\"route_color\":\"70AD47\",\"route_text_color\":\"000000\"}]","metadata_feed_id":"Arkansas__City_of_Fort_Smith__mdb_ntd-60086","metadata_agency_names":"City of Fort Smith Transit","metadata_ntd_id":"60086","metadata_ntd_match_method":"manual_override","metadata_ntd_agency":"City of Fort Smith, dba: Fort Smith Transit","metadata_ntd_city":"Fort Smith","metadata_ntd_state":"AR","metadata_gtfs_route_count":7,"metadata_gtfs_trip_count":147,"metadata_gtfs_shape_count":15,"metadata_gtfs_stop_count":409,"metadata_ntd_agency_voms":10,"metadata_ntd_total_facilities":4,"metadata_ntd_maintenance_facilities":2,"metadata_ntd_passenger_stations":1,"metadata_tam_tier":"Tier II","metadata_service_area_sq_miles":65,"metadata_service_area_population":86209,"metadata_route_types_json":"{\"3\":7}","metadata_ntd_facilities_json":"{\"maintenance_facilities\":2,\"administrative_and_other_non_passenger_facilities\":1,\"passenger_stations_and_terminals\":1,\"parking_and_other_passenger_facilities\":0,\"total_facilities\":4,\"bus_transfer_centers\":1,\"elevated_fixed_guideway_stations\":0,\"at_grade_fixed_guideway_stations\":0,\"underground_fixed_guideway_stations\":0,\"simple_at_grade_platform_stations\":0,\"exclusive_grade_separated_platform_stations\":0,\"ferryboat_terminals\":0,\"surface_parking_lots\":0,\"parking_structures\":0}","metadata_tam_modes_json":"{\"DR\":{\"total_units_2024\":5,\"units_under_threshold_2024\":0,\"voms_2024\":3,\"total_modal_vrm_2024\":163578,\"total_modal_upt_2024\":19821},\"MB\":{\"total_units_2024\":22,\"units_under_threshold_2024\":0,\"voms_2024\":14,\"total_modal_vrm_2024\":607970,\"total_modal_upt_2024\":469580}}"},"geometry":{"type":"Point","coordinates":[-94.422583,35.341007]}},{"type":"Feature","properties":{"stop_id":"4619 Rogers Ave_4619 Rogers Ave_35.368281_-94.380440","stop_code":"","stop_name":"4619 Rogers Ave","stop_desc":"","zone_id":"","stop_url":"","location_type":"","parent_station":"","stop_timezone":"","wheelchair_boarding":"","feed_id":"Arkansas__City_of_Fort_Smith__mdb_ntd-60086","agency_name":"City of Fort Smith Transit","route_count":1,"route_ids":"Rogers Express","route_short_names":"","route_types":"3","route_type_names":"Bus","routes_json":"[{\"route_id\":\"Rogers Express\",\"route_short_name\":\"\",\"route_long_name\":\"Rogers Express\",\"route_type\":\"3\",\"route_type_name\":\"Bus\",\"route_color\":\"4472C4\",\"route_text_color\":\"FFFFFF\"}]","metadata_feed_id":"Arkansas__City_of_Fort_Smith__mdb_ntd-60086","metadata_agency_names":"City of Fort Smith Transit","metadata_ntd_id":"60086","metadata_ntd_match_method":"manual_override","metadata_ntd_agency":"City of Fort Smith, dba: Fort Smith Transit","metadata_ntd_city":"Fort Smith","metadata_ntd_state":"AR","metadata_gtfs_route_count":7,"metadata_gtfs_trip_count":147,"metadata_gtfs_shape_count":15,"metadata_gtfs_stop_count":409,"metadata_ntd_agency_voms":10,"metadata_ntd_total_facilities":4,"metadata_ntd_maintenance_facilities":2,"metadata_ntd_passenger_stations":1,"metadata_tam_tier":"Tier II","metadata_service_area_sq_miles":65,"metadata_service_area_population":86209,"metadata_route_types_json":"{\"3\":7}","metadata_ntd_facilities_json":"{\"maintenance_facilities\":2,\"administrative_and_other_non_passenger_facilities\":1,\"passenger_stations_and_terminals\":1,\"parking_and_other_passenger_facilities\":0,\"total_facilities\":4,\"bus_transfer_centers\":1,\"elevated_fixed_guideway_stations\":0,\"at_grade_fixed_guideway_stations\":0,\"underground_fixed_guideway_stations\":0,\"simple_at_grade_platform_stations\":0,\"exclusive_grade_separated_platform_stations\":0,\"ferryboat_terminals\":0,\"surface_parking_lots\":0,\"parking_structures\":0}","metadata_tam_modes_json":"{\"DR\":{\"total_units_2024\":5,\"units_under_threshold_2024\":0,\"voms_2024\":3,\"total_modal_vrm_2024\":163578,\"total_modal_upt_2024\":19821},\"MB\":{\"total_units_2024\":22,\"units_under_threshold_2024\":0,\"voms_2024\":14,\"total_modal_vrm_2024\":607970,\"total_modal_upt_2024\":469580}}"},"geometry":{"type":"Point","coordinates":[-94.38044,35.368281]}},{"type":"Feature","properties":{"stop_id":"4800 Towson Ave__35.338251_-94.422699","stop_code":"","stop_name":"4800 Towson Ave","stop_desc":"","zone_id":"","stop_url":"","location_type":"","parent_station":"","stop_timezone":"","wheelchair_boarding":"","feed_id":"Arkansas__City_of_Fort_Smith__mdb_ntd-60086","agency_name":"City of Fort Smith Transit","route_count":1,"route_ids":"Towson","route_short_names":"","route_types":"3","route_type_names":"Bus","routes_json":"[{\"route_id\":\"Towson\",\"route_short_name\":\"\",\"route_long_name\":\"Towson\",\"route_type\":\"3\",\"route_type_name\":\"Bus\",\"route_color\":\"70AD47\",\"route_text_color\":\"000000\"}]","metadata_feed_id":"Arkansas__City_of_Fort_Smith__mdb_ntd-60086","metadata_agency_names":"City of Fort Smith Transit","metadata_ntd_id":"60086","metadata_ntd_match_method":"manual_override","metadata_ntd_agency":"City of Fort Smith, dba: Fort Smith Transit","metadata_ntd_city":"Fort Smith","metadata_ntd_state":"AR","metadata_gtfs_route_count":7,"metadata_gtfs_trip_count":147,"metadata_gtfs_shape_count":15,"metadata_gtfs_stop_count":409,"metadata_ntd_agency_voms":10,"metadata_ntd_total_facilities":4,"metadata_ntd_maintenance_facilities":2,"metadata_ntd_passenger_stations":1,"metadata_tam_tier":"Tier II","metadata_service_area_sq_miles":65,"metadata_service_area_population":86209,"metadata_route_types_json":"{\"3\":7}","metadata_ntd_facilities_json":"{\"maintenance_facilities\":2,\"administrative_and_other_non_passenger_facilities\":1,\"passenger_stations_and_terminals\":1,\"parking_and_other_passenger_facilities\":0,\"total_facilities\":4,\"bus_transfer_centers\":1,\"elevated_fixed_guideway_stations\":0,\"at_grade_fixed_guideway_stations\":0,\"underground_fixed_guideway_stations\":0,\"simple_at_grade_platform_stations\":0,\"exclusive_grade_separated_platform_stations\":0,\"ferryboat_terminals\":0,\"surface_parking_lots\":0,\"parking_structures\":0}","metadata_tam_modes_json":"{\"DR\":{\"total_units_2024\":5,\"units_under_threshold_2024\":0,\"voms_2024\":3,\"total_modal_vrm_2024\":163578,\"total_modal_upt_2024\":19821},\"MB\":{\"total_units_2024\":22,\"units_under_threshold_2024\":0,\"voms_2024\":14,\"total_modal_vrm_2024\":607970,\"total_modal_upt_2024\":469580}}"},"geometry":{"type":"Point","coordinates":[-94.422699,35.338251]}},{"type":"Feature","properties":{"stop_id":"4901 Rogers Ave_4901 Rogers Ave_35.366652_-94.378088","stop_code":"","stop_name":"4901 Rogers Ave","stop_desc":"","zone_id":"","stop_url":"","location_type":"","parent_station":"","stop_timezone":"","wheelchair_boarding":"","feed_id":"Arkansas__City_of_Fort_Smith__mdb_ntd-60086","agency_name":"City of Fort Smith Transit","route_count":1,"route_ids":"Rogers Express","route_short_names":"","route_types":"3","route_type_names":"Bus","routes_json":"[{\"route_id\":\"Rogers Express\",\"route_short_name\":\"\",\"route_long_name\":\"Rogers Express\",\"route_type\":\"3\",\"route_type_name\":\"Bus\",\"route_color\":\"4472C4\",\"route_text_color\":\"FFFFFF\"}]","metadata_feed_id":"Arkansas__City_of_Fort_Smith__mdb_ntd-60086","metadata_agency_names":"City of Fort Smith Transit","metadata_ntd_id":"60086","metadata_ntd_match_method":"manual_override","metadata_ntd_agency":"City of Fort Smith, dba: Fort Smith Transit","metadata_ntd_city":"Fort Smith","metadata_ntd_state":"AR","metadata_gtfs_route_count":7,"metadata_gtfs_trip_count":147,"metadata_gtfs_shape_count":15,"metadata_gtfs_stop_count":409,"metadata_ntd_agency_voms":10,"metadata_ntd_total_facilities":4,"metadata_ntd_maintenance_facilities":2,"metadata_ntd_passenger_stations":1,"metadata_tam_tier":"Tier II","metadata_service_area_sq_miles":65,"metadata_service_area_population":86209,"metadata_route_types_json":"{\"3\":7}","metadata_ntd_facilities_json":"{\"maintenance_facilities\":2,\"administrative_and_other_non_passenger_facilities\":1,\"passenger_stations_and_terminals\":1,\"parking_and_other_passenger_facilities\":0,\"total_facilities\":4,\"bus_transfer_centers\":1,\"elevated_fixed_guideway_stations\":0,\"at_grade_fixed_guideway_stations\":0,\"underground_fixed_guideway_stations\":0,\"simple_at_grade_platform_stations\":0,\"exclusive_grade_separated_platform_stations\":0,\"ferryboat_terminals\":0,\"surface_parking_lots\":0,\"parking_structures\":0}","metadata_tam_modes_json":"{\"DR\":{\"total_units_2024\":5,\"units_under_threshold_2024\":0,\"voms_2024\":3,\"total_modal_vrm_2024\":163578,\"total_modal_upt_2024\":19821},\"MB\":{\"total_units_2024\":22,\"units_under_threshold_2024\":0,\"voms_2024\":14,\"total_modal_vrm_2024\":607970,\"total_modal_upt_2024\":469580}}"},"geometry":{"type":"Point","coordinates":[-94.378088,35.366652]}},{"type":"Feature","properties":{"stop_id":"4901 Towson Ave_4901 Towson Ave_35.337446_-94.422704","stop_code":"","stop_name":"4901 Towson Ave","stop_desc":"","zone_id":"","stop_url":"","location_type":"","parent_station":"","stop_timezone":"","wheelchair_boarding":"","feed_id":"Arkansas__City_of_Fort_Smith__mdb_ntd-60086","agency_name":"City of Fort Smith Transit","route_count":1,"route_ids":"Jenny Lind","route_short_names":"","route_types":"3","route_type_names":"Bus","routes_json":"[{\"route_id\":\"Jenny Lind\",\"route_short_name\":\"\",\"route_long_name\":\"Jenny Lind\",\"route_type\":\"3\",\"route_type_name\":\"Bus\",\"route_color\":\"8E00FF\",\"route_text_color\":\"FFFFFF\"}]","metadata_feed_id":"Arkansas__City_of_Fort_Smith__mdb_ntd-60086","metadata_agency_names":"City of Fort Smith Transit","metadata_ntd_id":"60086","metadata_ntd_match_method":"manual_override","metadata_ntd_agency":"City of Fort Smith, dba: Fort Smith Transit","metadata_ntd_city":"Fort Smith","metadata_ntd_state":"AR","metadata_gtfs_route_count":7,"metadata_gtfs_trip_count":147,"metadata_gtfs_shape_count":15,"metadata_gtfs_stop_count":409,"metadata_ntd_agency_voms":10,"metadata_ntd_total_facilities":4,"metadata_ntd_maintenance_facilities":2,"metadata_ntd_passenger_stations":1,"metadata_tam_tier":"Tier II","metadata_service_area_sq_miles":65,"metadata_service_area_population":86209,"metadata_route_types_json":"{\"3\":7}","metadata_ntd_facilities_json":"{\"maintenance_facilities\":2,\"administrative_and_other_non_passenger_facilities\":1,\"passenger_stations_and_terminals\":1,\"parking_and_other_passenger_facilities\":0,\"total_facilities\":4,\"bus_transfer_centers\":1,\"elevated_fixed_guideway_stations\":0,\"at_grade_fixed_guideway_stations\":0,\"underground_fixed_guideway_stations\":0,\"simple_at_grade_platform_stations\":0,\"exclusive_grade_separated_platform_stations\":0,\"ferryboat_terminals\":0,\"surface_parking_lots\":0,\"parking_structures\":0}","metadata_tam_modes_json":"{\"DR\":{\"total_units_2024\":5,\"units_under_threshold_2024\":0,\"voms_2024\":3,\"total_modal_vrm_2024\":163578,\"total_modal_upt_2024\":19821},\"MB\":{\"total_units_2024\":22,\"units_under_threshold_2024\":0,\"voms_2024\":14,\"total_modal_vrm_2024\":607970,\"total_modal_upt_2024\":469580}}"},"geometry":{"type":"Point","coordinates":[-94.422704,35.337446]}},{"type":"Feature","properties":{"stop_id":"5000 Rogers Ave_5000 Rogers Ave_35.364922_-94.376372","stop_code":"","stop_name":"5000 Rogers Ave","stop_desc":"","zone_id":"","stop_url":"","location_type":"","parent_station":"","stop_timezone":"","wheelchair_boarding":"","feed_id":"Arkansas__City_of_Fort_Smith__mdb_ntd-60086","agency_name":"City of Fort Smith Transit","route_count":1,"route_ids":"Rogers Express","route_short_names":"","route_types":"3","route_type_names":"Bus","routes_json":"[{\"route_id\":\"Rogers Express\",\"route_short_name\":\"\",\"route_long_name\":\"Rogers Express\",\"route_type\":\"3\",\"route_type_name\":\"Bus\",\"route_color\":\"4472C4\",\"route_text_color\":\"FFFFFF\"}]","metadata_feed_id":"Arkansas__City_of_Fort_Smith__mdb_ntd-60086","metadata_agency_names":"City of Fort Smith Transit","metadata_ntd_id":"60086","metadata_ntd_match_method":"manual_override","metadata_ntd_agency":"City of Fort Smith, dba: Fort Smith Transit","metadata_ntd_city":"Fort Smith","metadata_ntd_state":"AR","metadata_gtfs_route_count":7,"metadata_gtfs_trip_count":147,"metadata_gtfs_shape_count":15,"metadata_gtfs_stop_count":409,"metadata_ntd_agency_voms":10,"metadata_ntd_total_facilities":4,"metadata_ntd_maintenance_facilities":2,"metadata_ntd_passenger_stations":1,"metadata_tam_tier":"Tier II","metadata_service_area_sq_miles":65,"metadata_service_area_population":86209,"metadata_route_types_json":"{\"3\":7}","metadata_ntd_facilities_json":"{\"maintenance_facilities\":2,\"administrative_and_other_non_passenger_facilities\":1,\"passenger_stations_and_terminals\":1,\"parking_and_other_passenger_facilities\":0,\"total_facilities\":4,\"bus_transfer_centers\":1,\"elevated_fixed_guideway_stations\":0,\"at_grade_fixed_guideway_stations\":0,\"underground_fixed_guideway_stations\":0,\"simple_at_grade_platform_stations\":0,\"exclusive_grade_separated_platform_stations\":0,\"ferryboat_terminals\":0,\"surface_parking_lots\":0,\"parking_structures\":0}","metadata_tam_modes_json":"{\"DR\":{\"total_units_2024\":5,\"units_under_threshold_2024\":0,\"voms_2024\":3,\"total_modal_vrm_2024\":163578,\"total_modal_upt_2024\":19821},\"MB\":{\"total_units_2024\":22,\"units_under_threshold_2024\":0,\"voms_2024\":14,\"total_modal_vrm_2024\":607970,\"total_modal_upt_2024\":469580}}"},"geometry":{"type":"Point","coordinates":[-94.376372,35.364922]}},{"type":"Feature","properties":{"stop_id":"5001 Kelley Hwy_5001 Kelley Hwy_35.403675_-94.375297","stop_code":"","stop_name":"5001 Kelley Hwy","stop_desc":"","zone_id":"","stop_url":"","location_type":"","parent_station":"","stop_timezone":"","wheelchair_boarding":"","feed_id":"Arkansas__City_of_Fort_Smith__mdb_ntd-60086","agency_name":"City of Fort Smith Transit","route_count":1,"route_ids":"Midland","route_short_names":"","route_types":"3","route_type_names":"Bus","routes_json":"[{\"route_id\":\"Midland\",\"route_short_name\":\"\",\"route_long_name\":\"Midland\",\"route_type\":\"3\",\"route_type_name\":\"Bus\",\"route_color\":\"F51414\",\"route_text_color\":\"FFFFFF\"}]","metadata_feed_id":"Arkansas__City_of_Fort_Smith__mdb_ntd-60086","metadata_agency_names":"City of Fort Smith Transit","metadata_ntd_id":"60086","metadata_ntd_match_method":"manual_override","metadata_ntd_agency":"City of Fort Smith, dba: Fort Smith Transit","metadata_ntd_city":"Fort Smith","metadata_ntd_state":"AR","metadata_gtfs_route_count":7,"metadata_gtfs_trip_count":147,"metadata_gtfs_shape_count":15,"metadata_gtfs_stop_count":409,"metadata_ntd_agency_voms":10,"metadata_ntd_total_facilities":4,"metadata_ntd_maintenance_facilities":2,"metadata_ntd_passenger_stations":1,"metadata_tam_tier":"Tier II","metadata_service_area_sq_miles":65,"metadata_service_area_population":86209,"metadata_route_types_json":"{\"3\":7}","metadata_ntd_facilities_json":"{\"maintenance_facilities\":2,\"administrative_and_other_non_passenger_facilities\":1,\"passenger_stations_and_terminals\":1,\"parking_and_other_passenger_facilities\":0,\"total_facilities\":4,\"bus_transfer_centers\":1,\"elevated_fixed_guideway_stations\":0,\"at_grade_fixed_guideway_stations\":0,\"underground_fixed_guideway_stations\":0,\"simple_at_grade_platform_stations\":0,\"exclusive_grade_separated_platform_stations\":0,\"ferryboat_terminals\":0,\"surface_parking_lots\":0,\"parking_structures\":0}","metadata_tam_modes_json":"{\"DR\":{\"total_units_2024\":5,\"units_under_threshold_2024\":0,\"voms_2024\":3,\"total_modal_vrm_2024\":163578,\"total_modal_upt_2024\":19821},\"MB\":{\"total_units_2024\":22,\"units_under_threshold_2024\":0,\"voms_2024\":14,\"total_modal_vrm_2024\":607970,\"total_modal_upt_2024\":469580}}"},"geometry":{"type":"Point","coordinates":[-94.375297,35.403675]}},{"type":"Feature","properties":{"stop_id":"5001 Towson Ave_5001 Towson Ave_35.335668_-94.422770","stop_code":"","stop_name":"5001 Towson Ave","stop_desc":"","zone_id":"","stop_url":"","location_type":"","parent_station":"","stop_timezone":"","wheelchair_boarding":"","feed_id":"Arkansas__City_of_Fort_Smith__mdb_ntd-60086","agency_name":"City of Fort Smith Transit","route_count":1,"route_ids":"Jenny Lind","route_short_names":"","route_types":"3","route_type_names":"Bus","routes_json":"[{\"route_id\":\"Jenny Lind\",\"route_short_name\":\"\",\"route_long_name\":\"Jenny Lind\",\"route_type\":\"3\",\"route_type_name\":\"Bus\",\"route_color\":\"8E00FF\",\"route_text_color\":\"FFFFFF\"}]","metadata_feed_id":"Arkansas__City_of_Fort_Smith__mdb_ntd-60086","metadata_agency_names":"City of Fort Smith Transit","metadata_ntd_id":"60086","metadata_ntd_match_method":"manual_override","metadata_ntd_agency":"City of Fort Smith, dba: Fort Smith Transit","metadata_ntd_city":"Fort Smith","metadata_ntd_state":"AR","metadata_gtfs_route_count":7,"metadata_gtfs_trip_count":147,"metadata_gtfs_shape_count":15,"metadata_gtfs_stop_count":409,"metadata_ntd_agency_voms":10,"metadata_ntd_total_facilities":4,"metadata_ntd_maintenance_facilities":2,"metadata_ntd_passenger_stations":1,"metadata_tam_tier":"Tier II","metadata_service_area_sq_miles":65,"metadata_service_area_population":86209,"metadata_route_types_json":"{\"3\":7}","metadata_ntd_facilities_json":"{\"maintenance_facilities\":2,\"administrative_and_other_non_passenger_facilities\":1,\"passenger_stations_and_terminals\":1,\"parking_and_other_passenger_facilities\":0,\"total_facilities\":4,\"bus_transfer_centers\":1,\"elevated_fixed_guideway_stations\":0,\"at_grade_fixed_guideway_stations\":0,\"underground_fixed_guideway_stations\":0,\"simple_at_grade_platform_stations\":0,\"exclusive_grade_separated_platform_stations\":0,\"ferryboat_terminals\":0,\"surface_parking_lots\":0,\"parking_structures\":0}","metadata_tam_modes_json":"{\"DR\":{\"total_units_2024\":5,\"units_under_threshold_2024\":0,\"voms_2024\":3,\"total_modal_vrm_2024\":163578,\"total_modal_upt_2024\":19821},\"MB\":{\"total_units_2024\":22,\"units_under_threshold_2024\":0,\"voms_2024\":14,\"total_modal_vrm_2024\":607970,\"total_modal_upt_2024\":469580}}"},"geometry":{"type":"Point","coordinates":[-94.42277,35.335668]}},{"type":"Feature","properties":{"stop_id":"5011 Jenny Lind Rd__35.335970_-94.413842","stop_code":"","stop_name":"5011 Jenny Lind Rd","stop_desc":"","zone_id":"","stop_url":"","location_type":"","parent_station":"","stop_timezone":"","wheelchair_boarding":"","feed_id":"Arkansas__City_of_Fort_Smith__mdb_ntd-60086","agency_name":"City of Fort Smith Transit","route_count":1,"route_ids":"Towson","route_short_names":"","route_types":"3","route_type_names":"Bus","routes_json":"[{\"route_id\":\"Towson\",\"route_short_name\":\"\",\"route_long_name\":\"Towson\",\"route_type\":\"3\",\"route_type_name\":\"Bus\",\"route_color\":\"70AD47\",\"route_text_color\":\"000000\"}]","metadata_feed_id":"Arkansas__City_of_Fort_Smith__mdb_ntd-60086","metadata_agency_names":"City of Fort Smith Transit","metadata_ntd_id":"60086","metadata_ntd_match_method":"manual_override","metadata_ntd_agency":"City of Fort Smith, dba: Fort Smith Transit","metadata_ntd_city":"Fort Smith","metadata_ntd_state":"AR","metadata_gtfs_route_count":7,"metadata_gtfs_trip_count":147,"metadata_gtfs_shape_count":15,"metadata_gtfs_stop_count":409,"metadata_ntd_agency_voms":10,"metadata_ntd_total_facilities":4,"metadata_ntd_maintenance_facilities":2,"metadata_ntd_passenger_stations":1,"metadata_tam_tier":"Tier II","metadata_service_area_sq_miles":65,"metadata_service_area_population":86209,"metadata_route_types_json":"{\"3\":7}","metadata_ntd_facilities_json":"{\"maintenance_facilities\":2,\"administrative_and_other_non_passenger_facilities\":1,\"passenger_stations_and_terminals\":1,\"parking_and_other_passenger_facilities\":0,\"total_facilities\":4,\"bus_transfer_centers\":1,\"elevated_fixed_guideway_stations\":0,\"at_grade_fixed_guideway_stations\":0,\"underground_fixed_guideway_stations\":0,\"simple_at_grade_platform_stations\":0,\"exclusive_grade_separated_platform_stations\":0,\"ferryboat_terminals\":0,\"surface_parking_lots\":0,\"parking_structures\":0}","metadata_tam_modes_json":"{\"DR\":{\"total_units_2024\":5,\"units_under_threshold_2024\":0,\"voms_2024\":3,\"total_modal_vrm_2024\":163578,\"total_modal_upt_2024\":19821},\"MB\":{\"total_units_2024\":22,\"units_under_threshold_2024\":0,\"voms_2024\":14,\"total_modal_vrm_2024\":607970,\"total_modal_upt_2024\":469580}}"},"geometry":{"type":"Point","coordinates":[-94.413842,35.33597]}},{"type":"Feature","properties":{"stop_id":"5103 Towson Ave_5103 Towson Ave_35.335079_-94.422794","stop_code":"","stop_name":"5103 Towson Ave","stop_desc":"","zone_id":"","stop_url":"","location_type":"","parent_station":"","stop_timezone":"","wheelchair_boarding":"","feed_id":"Arkansas__City_of_Fort_Smith__mdb_ntd-60086","agency_name":"City of Fort Smith Transit","route_count":1,"route_ids":"Jenny Lind","route_short_names":"","route_types":"3","route_type_names":"Bus","routes_json":"[{\"route_id\":\"Jenny Lind\",\"route_short_name\":\"\",\"route_long_name\":\"Jenny Lind\",\"route_type\":\"3\",\"route_type_name\":\"Bus\",\"route_color\":\"8E00FF\",\"route_text_color\":\"FFFFFF\"}]","metadata_feed_id":"Arkansas__City_of_Fort_Smith__mdb_ntd-60086","metadata_agency_names":"City of Fort Smith Transit","metadata_ntd_id":"60086","metadata_ntd_match_method":"manual_override","metadata_ntd_agency":"City of Fort Smith, dba: Fort Smith Transit","metadata_ntd_city":"Fort Smith","metadata_ntd_state":"AR","metadata_gtfs_route_count":7,"metadata_gtfs_trip_count":147,"metadata_gtfs_shape_count":15,"metadata_gtfs_stop_count":409,"metadata_ntd_agency_voms":10,"metadata_ntd_total_facilities":4,"metadata_ntd_maintenance_facilities":2,"metadata_ntd_passenger_stations":1,"metadata_tam_tier":"Tier II","metadata_service_area_sq_miles":65,"metadata_service_area_population":86209,"metadata_route_types_json":"{\"3\":7}","metadata_ntd_facilities_json":"{\"maintenance_facilities\":2,\"administrative_and_other_non_passenger_facilities\":1,\"passenger_stations_and_terminals\":1,\"parking_and_other_passenger_facilities\":0,\"total_facilities\":4,\"bus_transfer_centers\":1,\"elevated_fixed_guideway_stations\":0,\"at_grade_fixed_guideway_stations\":0,\"underground_fixed_guideway_stations\":0,\"simple_at_grade_platform_stations\":0,\"exclusive_grade_separated_platform_stations\":0,\"ferryboat_terminals\":0,\"surface_parking_lots\":0,\"parking_structures\":0}","metadata_tam_modes_json":"{\"DR\":{\"total_units_2024\":5,\"units_under_threshold_2024\":0,\"voms_2024\":3,\"total_modal_vrm_2024\":163578,\"total_modal_upt_2024\":19821},\"MB\":{\"total_units_2024\":22,\"units_under_threshold_2024\":0,\"voms_2024\":14,\"total_modal_vrm_2024\":607970,\"total_modal_upt_2024\":469580}}"},"geometry":{"type":"Point","coordinates":[-94.422794,35.335079]}},{"type":"Feature","properties":{"stop_id":"5111 Central Mall Main_5111 Central Mall Main_35.363852_-94.374864","stop_code":"","stop_name":"5111 Central Mall Main","stop_desc":"","zone_id":"","stop_url":"","location_type":"","parent_station":"","stop_timezone":"","wheelchair_boarding":"","feed_id":"Arkansas__City_of_Fort_Smith__mdb_ntd-60086","agency_name":"City of Fort Smith Transit","route_count":1,"route_ids":"Rogers Supercenter","route_short_names":"","route_types":"3","route_type_names":"Bus","routes_json":"[{\"route_id\":\"Rogers Supercenter\",\"route_short_name\":\"\",\"route_long_name\":\"Rogers Supercenter\",\"route_type\":\"3\",\"route_type_name\":\"Bus\",\"route_color\":\"F98E10\",\"route_text_color\":\"000000\"}]","metadata_feed_id":"Arkansas__City_of_Fort_Smith__mdb_ntd-60086","metadata_agency_names":"City of Fort Smith Transit","metadata_ntd_id":"60086","metadata_ntd_match_method":"manual_override","metadata_ntd_agency":"City of Fort Smith, dba: Fort Smith Transit","metadata_ntd_city":"Fort Smith","metadata_ntd_state":"AR","metadata_gtfs_route_count":7,"metadata_gtfs_trip_count":147,"metadata_gtfs_shape_count":15,"metadata_gtfs_stop_count":409,"metadata_ntd_agency_voms":10,"metadata_ntd_total_facilities":4,"metadata_ntd_maintenance_facilities":2,"metadata_ntd_passenger_stations":1,"metadata_tam_tier":"Tier II","metadata_service_area_sq_miles":65,"metadata_service_area_population":86209,"metadata_route_types_json":"{\"3\":7}","metadata_ntd_facilities_json":"{\"maintenance_facilities\":2,\"administrative_and_other_non_passenger_facilities\":1,\"passenger_stations_and_terminals\":1,\"parking_and_other_passenger_facilities\":0,\"total_facilities\":4,\"bus_transfer_centers\":1,\"elevated_fixed_guideway_stations\":0,\"at_grade_fixed_guideway_stations\":0,\"underground_fixed_guideway_stations\":0,\"simple_at_grade_platform_stations\":0,\"exclusive_grade_separated_platform_stations\":0,\"ferryboat_terminals\":0,\"surface_parking_lots\":0,\"parking_structures\":0}","metadata_tam_modes_json":"{\"DR\":{\"total_units_2024\":5,\"units_under_threshold_2024\":0,\"voms_2024\":3,\"total_modal_vrm_2024\":163578,\"total_modal_upt_2024\":19821},\"MB\":{\"total_units_2024\":22,\"units_under_threshold_2024\":0,\"voms_2024\":14,\"total_modal_vrm_2024\":607970,\"total_modal_upt_2024\":469580}}"},"geometry":{"type":"Point","coordinates":[-94.374864,35.363852]}},{"type":"Feature","properties":{"stop_id":"5200 Towson Ave__35.334161_-94.422825","stop_code":"","stop_name":"5200 Towson Ave","stop_desc":"","zone_id":"","stop_url":"","location_type":"","parent_station":"","stop_timezone":"","wheelchair_boarding":"","feed_id":"Arkansas__City_of_Fort_Smith__mdb_ntd-60086","agency_name":"City of Fort Smith Transit","route_count":1,"route_ids":"Towson","route_short_names":"","route_types":"3","route_type_names":"Bus","routes_json":"[{\"route_id\":\"Towson\",\"route_short_name\":\"\",\"route_long_name\":\"Towson\",\"route_type\":\"3\",\"route_type_name\":\"Bus\",\"route_color\":\"70AD47\",\"route_text_color\":\"000000\"}]","metadata_feed_id":"Arkansas__City_of_Fort_Smith__mdb_ntd-60086","metadata_agency_names":"City of Fort Smith Transit","metadata_ntd_id":"60086","metadata_ntd_match_method":"manual_override","metadata_ntd_agency":"City of Fort Smith, dba: Fort Smith Transit","metadata_ntd_city":"Fort Smith","metadata_ntd_state":"AR","metadata_gtfs_route_count":7,"metadata_gtfs_trip_count":147,"metadata_gtfs_shape_count":15,"metadata_gtfs_stop_count":409,"metadata_ntd_agency_voms":10,"metadata_ntd_total_facilities":4,"metadata_ntd_maintenance_facilities":2,"metadata_ntd_passenger_stations":1,"metadata_tam_tier":"Tier II","metadata_service_area_sq_miles":65,"metadata_service_area_population":86209,"metadata_route_types_json":"{\"3\":7}","metadata_ntd_facilities_json":"{\"maintenance_facilities\":2,\"administrative_and_other_non_passenger_facilities\":1,\"passenger_stations_and_terminals\":1,\"parking_and_other_passenger_facilities\":0,\"total_facilities\":4,\"bus_transfer_centers\":1,\"elevated_fixed_guideway_stations\":0,\"at_grade_fixed_guideway_stations\":0,\"underground_fixed_guideway_stations\":0,\"simple_at_grade_platform_stations\":0,\"exclusive_grade_separated_platform_stations\":0,\"ferryboat_terminals\":0,\"surface_parking_lots\":0,\"parking_structures\":0}","metadata_tam_modes_json":"{\"DR\":{\"total_units_2024\":5,\"units_under_threshold_2024\":0,\"voms_2024\":3,\"total_modal_vrm_2024\":163578,\"total_modal_upt_2024\":19821},\"MB\":{\"total_units_2024\":22,\"units_under_threshold_2024\":0,\"voms_2024\":14,\"total_modal_vrm_2024\":607970,\"total_modal_upt_2024\":469580}}"},"geometry":{"type":"Point","coordinates":[-94.422825,35.334161]}},{"type":"Feature","properties":{"stop_id":"5401 Jenny Lind Rd__35.331903_-94.414033","stop_code":"","stop_name":"5401 Jenny Lind Rd","stop_desc":"","zone_id":"","stop_url":"","location_type":"","parent_station":"","stop_timezone":"","wheelchair_boarding":"","feed_id":"Arkansas__City_of_Fort_Smith__mdb_ntd-60086","agency_name":"City of Fort Smith Transit","route_count":1,"route_ids":"Towson","route_short_names":"","route_types":"3","route_type_names":"Bus","routes_json":"[{\"route_id\":\"Towson\",\"route_short_name\":\"\",\"route_long_name\":\"Towson\",\"route_type\":\"3\",\"route_type_name\":\"Bus\",\"route_color\":\"70AD47\",\"route_text_color\":\"000000\"}]","metadata_feed_id":"Arkansas__City_of_Fort_Smith__mdb_ntd-60086","metadata_agency_names":"City of Fort Smith Transit","metadata_ntd_id":"60086","metadata_ntd_match_method":"manual_override","metadata_ntd_agency":"City of Fort Smith, dba: Fort Smith Transit","metadata_ntd_city":"Fort Smith","metadata_ntd_state":"AR","metadata_gtfs_route_count":7,"metadata_gtfs_trip_count":147,"metadata_gtfs_shape_count":15,"metadata_gtfs_stop_count":409,"metadata_ntd_agency_voms":10,"metadata_ntd_total_facilities":4,"metadata_ntd_maintenance_facilities":2,"metadata_ntd_passenger_stations":1,"metadata_tam_tier":"Tier II","metadata_service_area_sq_miles":65,"metadata_service_area_population":86209,"metadata_route_types_json":"{\"3\":7}","metadata_ntd_facilities_json":"{\"maintenance_facilities\":2,\"administrative_and_other_non_passenger_facilities\":1,\"passenger_stations_and_terminals\":1,\"parking_and_other_passenger_facilities\":0,\"total_facilities\":4,\"bus_transfer_centers\":1,\"elevated_fixed_guideway_stations\":0,\"at_grade_fixed_guideway_stations\":0,\"underground_fixed_guideway_stations\":0,\"simple_at_grade_platform_stations\":0,\"exclusive_grade_separated_platform_stations\":0,\"ferryboat_terminals\":0,\"surface_parking_lots\":0,\"parking_structures\":0}","metadata_tam_modes_json":"{\"DR\":{\"total_units_2024\":5,\"units_under_threshold_2024\":0,\"voms_2024\":3,\"total_modal_vrm_2024\":163578,\"total_modal_upt_2024\":19821},\"MB\":{\"total_units_2024\":22,\"units_under_threshold_2024\":0,\"voms_2024\":14,\"total_modal_vrm_2024\":607970,\"total_modal_upt_2024\":469580}}"},"geometry":{"type":"Point","coordinates":[-94.414033,35.331903]}},{"type":"Feature","properties":{"stop_id":"5402 Kinkead Ave_5402 Kinkead Ave_35.381610_-94.372181","stop_code":"","stop_name":"5402 Kinkead Ave","stop_desc":"","zone_id":"","stop_url":"","location_type":"","parent_station":"","stop_timezone":"","wheelchair_boarding":"","feed_id":"Arkansas__City_of_Fort_Smith__mdb_ntd-60086","agency_name":"City of Fort Smith Transit","route_count":1,"route_ids":"Rogers Supercenter","route_short_names":"","route_types":"3","route_type_names":"Bus","routes_json":"[{\"route_id\":\"Rogers Supercenter\",\"route_short_name\":\"\",\"route_long_name\":\"Rogers Supercenter\",\"route_type\":\"3\",\"route_type_name\":\"Bus\",\"route_color\":\"F98E10\",\"route_text_color\":\"000000\"}]","metadata_feed_id":"Arkansas__City_of_Fort_Smith__mdb_ntd-60086","metadata_agency_names":"City of Fort Smith Transit","metadata_ntd_id":"60086","metadata_ntd_match_method":"manual_override","metadata_ntd_agency":"City of Fort Smith, dba: Fort Smith Transit","metadata_ntd_city":"Fort Smith","metadata_ntd_state":"AR","metadata_gtfs_route_count":7,"metadata_gtfs_trip_count":147,"metadata_gtfs_shape_count":15,"metadata_gtfs_stop_count":409,"metadata_ntd_agency_voms":10,"metadata_ntd_total_facilities":4,"metadata_ntd_maintenance_facilities":2,"metadata_ntd_passenger_stations":1,"metadata_tam_tier":"Tier II","metadata_service_area_sq_miles":65,"metadata_service_area_population":86209,"metadata_route_types_json":"{\"3\":7}","metadata_ntd_facilities_json":"{\"maintenance_facilities\":2,\"administrative_and_other_non_passenger_facilities\":1,\"passenger_stations_and_terminals\":1,\"parking_and_other_passenger_facilities\":0,\"total_facilities\":4,\"bus_transfer_centers\":1,\"elevated_fixed_guideway_stations\":0,\"at_grade_fixed_guideway_stations\":0,\"underground_fixed_guideway_stations\":0,\"simple_at_grade_platform_stations\":0,\"exclusive_grade_separated_platform_stations\":0,\"ferryboat_terminals\":0,\"surface_parking_lots\":0,\"parking_structures\":0}","metadata_tam_modes_json":"{\"DR\":{\"total_units_2024\":5,\"units_under_threshold_2024\":0,\"voms_2024\":3,\"total_modal_vrm_2024\":163578,\"total_modal_upt_2024\":19821},\"MB\":{\"total_units_2024\":22,\"units_under_threshold_2024\":0,\"voms_2024\":14,\"total_modal_vrm_2024\":607970,\"total_modal_upt_2024\":469580}}"},"geometry":{"type":"Point","coordinates":[-94.372181,35.38161]}},{"type":"Feature","properties":{"stop_id":"5600 Kinkead Ave_5600 Kinkead Ave_35.381647_-94.370048","stop_code":"","stop_name":"5600 Kinkead Ave","stop_desc":"","zone_id":"","stop_url":"","location_type":"","parent_station":"","stop_timezone":"","wheelchair_boarding":"","feed_id":"Arkansas__City_of_Fort_Smith__mdb_ntd-60086","agency_name":"City of Fort Smith Transit","route_count":2,"route_ids":"Grand|Rogers Supercenter","route_short_names":"","route_types":"3","route_type_names":"Bus","routes_json":"[{\"route_id\":\"Grand\",\"route_short_name\":\"\",\"route_long_name\":\"Grand\",\"route_type\":\"3\",\"route_type_name\":\"Bus\",\"route_color\":\"FFD700\",\"route_text_color\":\"000000\"},{\"route_id\":\"Rogers Supercenter\",\"route_short_name\":\"\",\"route_long_name\":\"Rogers Supercenter\",\"route_type\":\"3\",\"route_type_name\":\"Bus\",\"route_color\":\"F98E10\",\"route_text_color\":\"000000\"}]","metadata_feed_id":"Arkansas__City_of_Fort_Smith__mdb_ntd-60086","metadata_agency_names":"City of Fort Smith Transit","metadata_ntd_id":"60086","metadata_ntd_match_method":"manual_override","metadata_ntd_agency":"City of Fort Smith, dba: Fort Smith Transit","metadata_ntd_city":"Fort Smith","metadata_ntd_state":"AR","metadata_gtfs_route_count":7,"metadata_gtfs_trip_count":147,"metadata_gtfs_shape_count":15,"metadata_gtfs_stop_count":409,"metadata_ntd_agency_voms":10,"metadata_ntd_total_facilities":4,"metadata_ntd_maintenance_facilities":2,"metadata_ntd_passenger_stations":1,"metadata_tam_tier":"Tier II","metadata_service_area_sq_miles":65,"metadata_service_area_population":86209,"metadata_route_types_json":"{\"3\":7}","metadata_ntd_facilities_json":"{\"maintenance_facilities\":2,\"administrative_and_other_non_passenger_facilities\":1,\"passenger_stations_and_terminals\":1,\"parking_and_other_passenger_facilities\":0,\"total_facilities\":4,\"bus_transfer_centers\":1,\"elevated_fixed_guideway_stations\":0,\"at_grade_fixed_guideway_stations\":0,\"underground_fixed_guideway_stations\":0,\"simple_at_grade_platform_stations\":0,\"exclusive_grade_separated_platform_stations\":0,\"ferryboat_terminals\":0,\"surface_parking_lots\":0,\"parking_structures\":0}","metadata_tam_modes_json":"{\"DR\":{\"total_units_2024\":5,\"units_under_threshold_2024\":0,\"voms_2024\":3,\"total_modal_vrm_2024\":163578,\"total_modal_upt_2024\":19821},\"MB\":{\"total_units_2024\":22,\"units_under_threshold_2024\":0,\"voms_2024\":14,\"total_modal_vrm_2024\":607970,\"total_modal_upt_2024\":469580}}"},"geometry":{"type":"Point","coordinates":[-94.370048,35.381647]}},{"type":"Feature","properties":{"stop_id":"5605 Rogers Ave_5605 Rogers Ave_35.362791_-94.371359","stop_code":"","stop_name":"5605 Rogers Ave","stop_desc":"","zone_id":"","stop_url":"","location_type":"","parent_station":"","stop_timezone":"","wheelchair_boarding":"","feed_id":"Arkansas__City_of_Fort_Smith__mdb_ntd-60086","agency_name":"City of Fort Smith Transit","route_count":2,"route_ids":"Rogers Express|Rogers Supercenter","route_short_names":"","route_types":"3","route_type_names":"Bus","routes_json":"[{\"route_id\":\"Rogers Express\",\"route_short_name\":\"\",\"route_long_name\":\"Rogers Express\",\"route_type\":\"3\",\"route_type_name\":\"Bus\",\"route_color\":\"4472C4\",\"route_text_color\":\"FFFFFF\"},{\"route_id\":\"Rogers Supercenter\",\"route_short_name\":\"\",\"route_long_name\":\"Rogers Supercenter\",\"route_type\":\"3\",\"route_type_name\":\"Bus\",\"route_color\":\"F98E10\",\"route_text_color\":\"000000\"}]","metadata_feed_id":"Arkansas__City_of_Fort_Smith__mdb_ntd-60086","metadata_agency_names":"City of Fort Smith Transit","metadata_ntd_id":"60086","metadata_ntd_match_method":"manual_override","metadata_ntd_agency":"City of Fort Smith, dba: Fort Smith Transit","metadata_ntd_city":"Fort Smith","metadata_ntd_state":"AR","metadata_gtfs_route_count":7,"metadata_gtfs_trip_count":147,"metadata_gtfs_shape_count":15,"metadata_gtfs_stop_count":409,"metadata_ntd_agency_voms":10,"metadata_ntd_total_facilities":4,"metadata_ntd_maintenance_facilities":2,"metadata_ntd_passenger_stations":1,"metadata_tam_tier":"Tier II","metadata_service_area_sq_miles":65,"metadata_service_area_population":86209,"metadata_route_types_json":"{\"3\":7}","metadata_ntd_facilities_json":"{\"maintenance_facilities\":2,\"administrative_and_other_non_passenger_facilities\":1,\"passenger_stations_and_terminals\":1,\"parking_and_other_passenger_facilities\":0,\"total_facilities\":4,\"bus_transfer_centers\":1,\"elevated_fixed_guideway_stations\":0,\"at_grade_fixed_guideway_stations\":0,\"underground_fixed_guideway_stations\":0,\"simple_at_grade_platform_stations\":0,\"exclusive_grade_separated_platform_stations\":0,\"ferryboat_terminals\":0,\"surface_parking_lots\":0,\"parking_structures\":0}","metadata_tam_modes_json":"{\"DR\":{\"total_units_2024\":5,\"units_under_threshold_2024\":0,\"voms_2024\":3,\"total_modal_vrm_2024\":163578,\"total_modal_upt_2024\":19821},\"MB\":{\"total_units_2024\":22,\"units_under_threshold_2024\":0,\"voms_2024\":14,\"total_modal_vrm_2024\":607970,\"total_modal_upt_2024\":469580}}"},"geometry":{"type":"Point","coordinates":[-94.371359,35.362791]}},{"type":"Feature","properties":{"stop_id":"5607 Rogers Ave_5607 Rogers Ave_35.362007_-94.370788","stop_code":"","stop_name":"5607 Rogers Ave","stop_desc":"","zone_id":"","stop_url":"","location_type":"","parent_station":"","stop_timezone":"","wheelchair_boarding":"","feed_id":"Arkansas__City_of_Fort_Smith__mdb_ntd-60086","agency_name":"City of Fort Smith Transit","route_count":2,"route_ids":"Rogers Express|Rogers Supercenter","route_short_names":"","route_types":"3","route_type_names":"Bus","routes_json":"[{\"route_id\":\"Rogers Express\",\"route_short_name\":\"\",\"route_long_name\":\"Rogers Express\",\"route_type\":\"3\",\"route_type_name\":\"Bus\",\"route_color\":\"4472C4\",\"route_text_color\":\"FFFFFF\"},{\"route_id\":\"Rogers Supercenter\",\"route_short_name\":\"\",\"route_long_name\":\"Rogers Supercenter\",\"route_type\":\"3\",\"route_type_name\":\"Bus\",\"route_color\":\"F98E10\",\"route_text_color\":\"000000\"}]","metadata_feed_id":"Arkansas__City_of_Fort_Smith__mdb_ntd-60086","metadata_agency_names":"City of Fort Smith Transit","metadata_ntd_id":"60086","metadata_ntd_match_method":"manual_override","metadata_ntd_agency":"City of Fort Smith, dba: Fort Smith Transit","metadata_ntd_city":"Fort Smith","metadata_ntd_state":"AR","metadata_gtfs_route_count":7,"metadata_gtfs_trip_count":147,"metadata_gtfs_shape_count":15,"metadata_gtfs_stop_count":409,"metadata_ntd_agency_voms":10,"metadata_ntd_total_facilities":4,"metadata_ntd_maintenance_facilities":2,"metadata_ntd_passenger_stations":1,"metadata_tam_tier":"Tier II","metadata_service_area_sq_miles":65,"metadata_service_area_population":86209,"metadata_route_types_json":"{\"3\":7}","metadata_ntd_facilities_json":"{\"maintenance_facilities\":2,\"administrative_and_other_non_passenger_facilities\":1,\"passenger_stations_and_terminals\":1,\"parking_and_other_passenger_facilities\":0,\"total_facilities\":4,\"bus_transfer_centers\":1,\"elevated_fixed_guideway_stations\":0,\"at_grade_fixed_guideway_stations\":0,\"underground_fixed_guideway_stations\":0,\"simple_at_grade_platform_stations\":0,\"exclusive_grade_separated_platform_stations\":0,\"ferryboat_terminals\":0,\"surface_parking_lots\":0,\"parking_structures\":0}","metadata_tam_modes_json":"{\"DR\":{\"total_units_2024\":5,\"units_under_threshold_2024\":0,\"voms_2024\":3,\"total_modal_vrm_2024\":163578,\"total_modal_upt_2024\":19821},\"MB\":{\"total_units_2024\":22,\"units_under_threshold_2024\":0,\"voms_2024\":14,\"total_modal_vrm_2024\":607970,\"total_modal_upt_2024\":469580}}"},"geometry":{"type":"Point","coordinates":[-94.370788,35.362007]}},{"type":"Feature","properties":{"stop_id":"5800 Grand Ave__35.384458_-94.367640","stop_code":"","stop_name":"5800 Grand Ave","stop_desc":"","zone_id":"","stop_url":"","location_type":"","parent_station":"","stop_timezone":"","wheelchair_boarding":"","feed_id":"Arkansas__City_of_Fort_Smith__mdb_ntd-60086","agency_name":"City of Fort Smith Transit","route_count":2,"route_ids":"Grand|Rogers Supercenter","route_short_names":"","route_types":"3","route_type_names":"Bus","routes_json":"[{\"route_id\":\"Grand\",\"route_short_name\":\"\",\"route_long_name\":\"Grand\",\"route_type\":\"3\",\"route_type_name\":\"Bus\",\"route_color\":\"FFD700\",\"route_text_color\":\"000000\"},{\"route_id\":\"Rogers Supercenter\",\"route_short_name\":\"\",\"route_long_name\":\"Rogers Supercenter\",\"route_type\":\"3\",\"route_type_name\":\"Bus\",\"route_color\":\"F98E10\",\"route_text_color\":\"000000\"}]","metadata_feed_id":"Arkansas__City_of_Fort_Smith__mdb_ntd-60086","metadata_agency_names":"City of Fort Smith Transit","metadata_ntd_id":"60086","metadata_ntd_match_method":"manual_override","metadata_ntd_agency":"City of Fort Smith, dba: Fort Smith Transit","metadata_ntd_city":"Fort Smith","metadata_ntd_state":"AR","metadata_gtfs_route_count":7,"metadata_gtfs_trip_count":147,"metadata_gtfs_shape_count":15,"metadata_gtfs_stop_count":409,"metadata_ntd_agency_voms":10,"metadata_ntd_total_facilities":4,"metadata_ntd_maintenance_facilities":2,"metadata_ntd_passenger_stations":1,"metadata_tam_tier":"Tier II","metadata_service_area_sq_miles":65,"metadata_service_area_population":86209,"metadata_route_types_json":"{\"3\":7}","metadata_ntd_facilities_json":"{\"maintenance_facilities\":2,\"administrative_and_other_non_passenger_facilities\":1,\"passenger_stations_and_terminals\":1,\"parking_and_other_passenger_facilities\":0,\"total_facilities\":4,\"bus_transfer_centers\":1,\"elevated_fixed_guideway_stations\":0,\"at_grade_fixed_guideway_stations\":0,\"underground_fixed_guideway_stations\":0,\"simple_at_grade_platform_stations\":0,\"exclusive_grade_separated_platform_stations\":0,\"ferryboat_terminals\":0,\"surface_parking_lots\":0,\"parking_structures\":0}","metadata_tam_modes_json":"{\"DR\":{\"total_units_2024\":5,\"units_under_threshold_2024\":0,\"voms_2024\":3,\"total_modal_vrm_2024\":163578,\"total_modal_upt_2024\":19821},\"MB\":{\"total_units_2024\":22,\"units_under_threshold_2024\":0,\"voms_2024\":14,\"total_modal_vrm_2024\":607970,\"total_modal_upt_2024\":469580}}"},"geometry":{"type":"Point","coordinates":[-94.36764,35.384458]}},{"type":"Feature","properties":{"stop_id":"612 S 12th St_612 S 12th St_35.377819_-94.420022","stop_code":"","stop_name":"612 S 12th St","stop_desc":"","zone_id":"","stop_url":"","location_type":"","parent_station":"","stop_timezone":"","wheelchair_boarding":"","feed_id":"Arkansas__City_of_Fort_Smith__mdb_ntd-60086","agency_name":"City of Fort Smith Transit","route_count":1,"route_ids":"Shuttle","route_short_names":"","route_types":"3","route_type_names":"Bus","routes_json":"[{\"route_id\":\"Shuttle\",\"route_short_name\":\"\",\"route_long_name\":\"Shuttle\",\"route_type\":\"3\",\"route_type_name\":\"Bus\",\"route_color\":\"000000\",\"route_text_color\":\"FFFFFF\"}]","metadata_feed_id":"Arkansas__City_of_Fort_Smith__mdb_ntd-60086","metadata_agency_names":"City of Fort Smith Transit","metadata_ntd_id":"60086","metadata_ntd_match_method":"manual_override","metadata_ntd_agency":"City of Fort Smith, dba: Fort Smith Transit","metadata_ntd_city":"Fort Smith","metadata_ntd_state":"AR","metadata_gtfs_route_count":7,"metadata_gtfs_trip_count":147,"metadata_gtfs_shape_count":15,"metadata_gtfs_stop_count":409,"metadata_ntd_agency_voms":10,"metadata_ntd_total_facilities":4,"metadata_ntd_maintenance_facilities":2,"metadata_ntd_passenger_stations":1,"metadata_tam_tier":"Tier II","metadata_service_area_sq_miles":65,"metadata_service_area_population":86209,"metadata_route_types_json":"{\"3\":7}","metadata_ntd_facilities_json":"{\"maintenance_facilities\":2,\"administrative_and_other_non_passenger_facilities\":1,\"passenger_stations_and_terminals\":1,\"parking_and_other_passenger_facilities\":0,\"total_facilities\":4,\"bus_transfer_centers\":1,\"elevated_fixed_guideway_stations\":0,\"at_grade_fixed_guideway_stations\":0,\"underground_fixed_guideway_stations\":0,\"simple_at_grade_platform_stations\":0,\"exclusive_grade_separated_platform_stations\":0,\"ferryboat_terminals\":0,\"surface_parking_lots\":0,\"parking_structures\":0}","metadata_tam_modes_json":"{\"DR\":{\"total_units_2024\":5,\"units_under_threshold_2024\":0,\"voms_2024\":3,\"total_modal_vrm_2024\":163578,\"total_modal_upt_2024\":19821},\"MB\":{\"total_units_2024\":22,\"units_under_threshold_2024\":0,\"voms_2024\":14,\"total_modal_vrm_2024\":607970,\"total_modal_upt_2024\":469580}}"},"geometry":{"type":"Point","coordinates":[-94.420022,35.377819]}},{"type":"Feature","properties":{"stop_id":"615 N B St_615 N B St_35.388611_-94.423396","stop_code":"","stop_name":"615 N B St","stop_desc":"","zone_id":"","stop_url":"","location_type":"","parent_station":"","stop_timezone":"","wheelchair_boarding":"","feed_id":"Arkansas__City_of_Fort_Smith__mdb_ntd-60086","agency_name":"City of Fort Smith Transit","route_count":1,"route_ids":"Midland","route_short_names":"","route_types":"3","route_type_names":"Bus","routes_json":"[{\"route_id\":\"Midland\",\"route_short_name\":\"\",\"route_long_name\":\"Midland\",\"route_type\":\"3\",\"route_type_name\":\"Bus\",\"route_color\":\"F51414\",\"route_text_color\":\"FFFFFF\"}]","metadata_feed_id":"Arkansas__City_of_Fort_Smith__mdb_ntd-60086","metadata_agency_names":"City of Fort Smith Transit","metadata_ntd_id":"60086","metadata_ntd_match_method":"manual_override","metadata_ntd_agency":"City of Fort Smith, dba: Fort Smith Transit","metadata_ntd_city":"Fort Smith","metadata_ntd_state":"AR","metadata_gtfs_route_count":7,"metadata_gtfs_trip_count":147,"metadata_gtfs_shape_count":15,"metadata_gtfs_stop_count":409,"metadata_ntd_agency_voms":10,"metadata_ntd_total_facilities":4,"metadata_ntd_maintenance_facilities":2,"metadata_ntd_passenger_stations":1,"metadata_tam_tier":"Tier II","metadata_service_area_sq_miles":65,"metadata_service_area_population":86209,"metadata_route_types_json":"{\"3\":7}","metadata_ntd_facilities_json":"{\"maintenance_facilities\":2,\"administrative_and_other_non_passenger_facilities\":1,\"passenger_stations_and_terminals\":1,\"parking_and_other_passenger_facilities\":0,\"total_facilities\":4,\"bus_transfer_centers\":1,\"elevated_fixed_guideway_stations\":0,\"at_grade_fixed_guideway_stations\":0,\"underground_fixed_guideway_stations\":0,\"simple_at_grade_platform_stations\":0,\"exclusive_grade_separated_platform_stations\":0,\"ferryboat_terminals\":0,\"surface_parking_lots\":0,\"parking_structures\":0}","metadata_tam_modes_json":"{\"DR\":{\"total_units_2024\":5,\"units_under_threshold_2024\":0,\"voms_2024\":3,\"total_modal_vrm_2024\":163578,\"total_modal_upt_2024\":19821},\"MB\":{\"total_units_2024\":22,\"units_under_threshold_2024\":0,\"voms_2024\":14,\"total_modal_vrm_2024\":607970,\"total_modal_upt_2024\":469580}}"},"geometry":{"type":"Point","coordinates":[-94.423396,35.388611]}},{"type":"Feature","properties":{"stop_id":"616 Rogers Ave @ State Bldg_616 Rogers Ave @ State Bldg_35.386124_-94.425713","stop_code":"","stop_name":"616 Rogers Ave @ State Bldg","stop_desc":"","zone_id":"","stop_url":"","location_type":"","parent_station":"","stop_timezone":"","wheelchair_boarding":"","feed_id":"Arkansas__City_of_Fort_Smith__mdb_ntd-60086","agency_name":"City of Fort Smith Transit","route_count":1,"route_ids":"Rogers Express","route_short_names":"","route_types":"3","route_type_names":"Bus","routes_json":"[{\"route_id\":\"Rogers Express\",\"route_short_name\":\"\",\"route_long_name\":\"Rogers Express\",\"route_type\":\"3\",\"route_type_name\":\"Bus\",\"route_color\":\"4472C4\",\"route_text_color\":\"FFFFFF\"}]","metadata_feed_id":"Arkansas__City_of_Fort_Smith__mdb_ntd-60086","metadata_agency_names":"City of Fort Smith Transit","metadata_ntd_id":"60086","metadata_ntd_match_method":"manual_override","metadata_ntd_agency":"City of Fort Smith, dba: Fort Smith Transit","metadata_ntd_city":"Fort Smith","metadata_ntd_state":"AR","metadata_gtfs_route_count":7,"metadata_gtfs_trip_count":147,"metadata_gtfs_shape_count":15,"metadata_gtfs_stop_count":409,"metadata_ntd_agency_voms":10,"metadata_ntd_total_facilities":4,"metadata_ntd_maintenance_facilities":2,"metadata_ntd_passenger_stations":1,"metadata_tam_tier":"Tier II","metadata_service_area_sq_miles":65,"metadata_service_area_population":86209,"metadata_route_types_json":"{\"3\":7}","metadata_ntd_facilities_json":"{\"maintenance_facilities\":2,\"administrative_and_other_non_passenger_facilities\":1,\"passenger_stations_and_terminals\":1,\"parking_and_other_passenger_facilities\":0,\"total_facilities\":4,\"bus_transfer_centers\":1,\"elevated_fixed_guideway_stations\":0,\"at_grade_fixed_guideway_stations\":0,\"underground_fixed_guideway_stations\":0,\"simple_at_grade_platform_stations\":0,\"exclusive_grade_separated_platform_stations\":0,\"ferryboat_terminals\":0,\"surface_parking_lots\":0,\"parking_structures\":0}","metadata_tam_modes_json":"{\"DR\":{\"total_units_2024\":5,\"units_under_threshold_2024\":0,\"voms_2024\":3,\"total_modal_vrm_2024\":163578,\"total_modal_upt_2024\":19821},\"MB\":{\"total_units_2024\":22,\"units_under_threshold_2024\":0,\"voms_2024\":14,\"total_modal_vrm_2024\":607970,\"total_modal_upt_2024\":469580}}"},"geometry":{"type":"Point","coordinates":[-94.425713,35.386124]}},{"type":"Feature","properties":{"stop_id":"6217 Hwy 271_6217 Hwy 271_35.323911_-94.422213","stop_code":"","stop_name":"6217 Hwy 271","stop_desc":"","zone_id":"","stop_url":"","location_type":"","parent_station":"","stop_timezone":"","wheelchair_boarding":"","feed_id":"Arkansas__City_of_Fort_Smith__mdb_ntd-60086","agency_name":"City of Fort Smith Transit","route_count":1,"route_ids":"Jenny Lind","route_short_names":"","route_types":"3","route_type_names":"Bus","routes_json":"[{\"route_id\":\"Jenny Lind\",\"route_short_name\":\"\",\"route_long_name\":\"Jenny Lind\",\"route_type\":\"3\",\"route_type_name\":\"Bus\",\"route_color\":\"8E00FF\",\"route_text_color\":\"FFFFFF\"}]","metadata_feed_id":"Arkansas__City_of_Fort_Smith__mdb_ntd-60086","metadata_agency_names":"City of Fort Smith Transit","metadata_ntd_id":"60086","metadata_ntd_match_method":"manual_override","metadata_ntd_agency":"City of Fort Smith, dba: Fort Smith Transit","metadata_ntd_city":"Fort Smith","metadata_ntd_state":"AR","metadata_gtfs_route_count":7,"metadata_gtfs_trip_count":147,"metadata_gtfs_shape_count":15,"metadata_gtfs_stop_count":409,"metadata_ntd_agency_voms":10,"metadata_ntd_total_facilities":4,"metadata_ntd_maintenance_facilities":2,"metadata_ntd_passenger_stations":1,"metadata_tam_tier":"Tier II","metadata_service_area_sq_miles":65,"metadata_service_area_population":86209,"metadata_route_types_json":"{\"3\":7}","metadata_ntd_facilities_json":"{\"maintenance_facilities\":2,\"administrative_and_other_non_passenger_facilities\":1,\"passenger_stations_and_terminals\":1,\"parking_and_other_passenger_facilities\":0,\"total_facilities\":4,\"bus_transfer_centers\":1,\"elevated_fixed_guideway_stations\":0,\"at_grade_fixed_guideway_stations\":0,\"underground_fixed_guideway_stations\":0,\"simple_at_grade_platform_stations\":0,\"exclusive_grade_separated_platform_stations\":0,\"ferryboat_terminals\":0,\"surface_parking_lots\":0,\"parking_structures\":0}","metadata_tam_modes_json":"{\"DR\":{\"total_units_2024\":5,\"units_under_threshold_2024\":0,\"voms_2024\":3,\"total_modal_vrm_2024\":163578,\"total_modal_upt_2024\":19821},\"MB\":{\"total_units_2024\":22,\"units_under_threshold_2024\":0,\"voms_2024\":14,\"total_modal_vrm_2024\":607970,\"total_modal_upt_2024\":469580}}"},"geometry":{"type":"Point","coordinates":[-94.422213,35.323911]}},{"type":"Feature","properties":{"stop_id":"6410 Hwy 271 S_6410 Hwy 271 S_35.322499_-94.422916","stop_code":"","stop_name":"6410 Hwy 271 S","stop_desc":"","zone_id":"","stop_url":"","location_type":"","parent_station":"","stop_timezone":"","wheelchair_boarding":"","feed_id":"Arkansas__City_of_Fort_Smith__mdb_ntd-60086","agency_name":"City of Fort Smith Transit","route_count":1,"route_ids":"Jenny Lind","route_short_names":"","route_types":"3","route_type_names":"Bus","routes_json":"[{\"route_id\":\"Jenny Lind\",\"route_short_name\":\"\",\"route_long_name\":\"Jenny Lind\",\"route_type\":\"3\",\"route_type_name\":\"Bus\",\"route_color\":\"8E00FF\",\"route_text_color\":\"FFFFFF\"}]","metadata_feed_id":"Arkansas__City_of_Fort_Smith__mdb_ntd-60086","metadata_agency_names":"City of Fort Smith Transit","metadata_ntd_id":"60086","metadata_ntd_match_method":"manual_override","metadata_ntd_agency":"City of Fort Smith, dba: Fort Smith Transit","metadata_ntd_city":"Fort Smith","metadata_ntd_state":"AR","metadata_gtfs_route_count":7,"metadata_gtfs_trip_count":147,"metadata_gtfs_shape_count":15,"metadata_gtfs_stop_count":409,"metadata_ntd_agency_voms":10,"metadata_ntd_total_facilities":4,"metadata_ntd_maintenance_facilities":2,"metadata_ntd_passenger_stations":1,"metadata_tam_tier":"Tier II","metadata_service_area_sq_miles":65,"metadata_service_area_population":86209,"metadata_route_types_json":"{\"3\":7}","metadata_ntd_facilities_json":"{\"maintenance_facilities\":2,\"administrative_and_other_non_passenger_facilities\":1,\"passenger_stations_and_terminals\":1,\"parking_and_other_passenger_facilities\":0,\"total_facilities\":4,\"bus_transfer_centers\":1,\"elevated_fixed_guideway_stations\":0,\"at_grade_fixed_guideway_stations\":0,\"underground_fixed_guideway_stations\":0,\"simple_at_grade_platform_stations\":0,\"exclusive_grade_separated_platform_stations\":0,\"ferryboat_terminals\":0,\"surface_parking_lots\":0,\"parking_structures\":0}","metadata_tam_modes_json":"{\"DR\":{\"total_units_2024\":5,\"units_under_threshold_2024\":0,\"voms_2024\":3,\"total_modal_vrm_2024\":163578,\"total_modal_upt_2024\":19821},\"MB\":{\"total_units_2024\":22,\"units_under_threshold_2024\":0,\"voms_2024\":14,\"total_modal_vrm_2024\":607970,\"total_modal_upt_2024\":469580}}"},"geometry":{"type":"Point","coordinates":[-94.422916,35.322499]}},{"type":"Feature","properties":{"stop_id":"700 Rogers Ave__35.385695_-94.425069","stop_code":"","stop_name":"700 Rogers Ave","stop_desc":"","zone_id":"","stop_url":"","location_type":"","parent_station":"","stop_timezone":"","wheelchair_boarding":"","feed_id":"Arkansas__City_of_Fort_Smith__mdb_ntd-60086","agency_name":"City of Fort Smith Transit","route_count":1,"route_ids":"Grand","route_short_names":"","route_types":"3","route_type_names":"Bus","routes_json":"[{\"route_id\":\"Grand\",\"route_short_name\":\"\",\"route_long_name\":\"Grand\",\"route_type\":\"3\",\"route_type_name\":\"Bus\",\"route_color\":\"FFD700\",\"route_text_color\":\"000000\"}]","metadata_feed_id":"Arkansas__City_of_Fort_Smith__mdb_ntd-60086","metadata_agency_names":"City of Fort Smith Transit","metadata_ntd_id":"60086","metadata_ntd_match_method":"manual_override","metadata_ntd_agency":"City of Fort Smith, dba: Fort Smith Transit","metadata_ntd_city":"Fort Smith","metadata_ntd_state":"AR","metadata_gtfs_route_count":7,"metadata_gtfs_trip_count":147,"metadata_gtfs_shape_count":15,"metadata_gtfs_stop_count":409,"metadata_ntd_agency_voms":10,"metadata_ntd_total_facilities":4,"metadata_ntd_maintenance_facilities":2,"metadata_ntd_passenger_stations":1,"metadata_tam_tier":"Tier II","metadata_service_area_sq_miles":65,"metadata_service_area_population":86209,"metadata_route_types_json":"{\"3\":7}","metadata_ntd_facilities_json":"{\"maintenance_facilities\":2,\"administrative_and_other_non_passenger_facilities\":1,\"passenger_stations_and_terminals\":1,\"parking_and_other_passenger_facilities\":0,\"total_facilities\":4,\"bus_transfer_centers\":1,\"elevated_fixed_guideway_stations\":0,\"at_grade_fixed_guideway_stations\":0,\"underground_fixed_guideway_stations\":0,\"simple_at_grade_platform_stations\":0,\"exclusive_grade_separated_platform_stations\":0,\"ferryboat_terminals\":0,\"surface_parking_lots\":0,\"parking_structures\":0}","metadata_tam_modes_json":"{\"DR\":{\"total_units_2024\":5,\"units_under_threshold_2024\":0,\"voms_2024\":3,\"total_modal_vrm_2024\":163578,\"total_modal_upt_2024\":19821},\"MB\":{\"total_units_2024\":22,\"units_under_threshold_2024\":0,\"voms_2024\":14,\"total_modal_vrm_2024\":607970,\"total_modal_upt_2024\":469580}}"},"geometry":{"type":"Point","coordinates":[-94.425069,35.385695]}},{"type":"Feature","properties":{"stop_id":"7110 Rogers Ave_7110 Rogers Ave_35.354669_-94.355348","stop_code":"","stop_name":"7110 Rogers Ave","stop_desc":"","zone_id":"","stop_url":"","location_type":"","parent_station":"","stop_timezone":"","wheelchair_boarding":"","feed_id":"Arkansas__City_of_Fort_Smith__mdb_ntd-60086","agency_name":"City of Fort Smith Transit","route_count":1,"route_ids":"Rogers Express","route_short_names":"","route_types":"3","route_type_names":"Bus","routes_json":"[{\"route_id\":\"Rogers Express\",\"route_short_name\":\"\",\"route_long_name\":\"Rogers Express\",\"route_type\":\"3\",\"route_type_name\":\"Bus\",\"route_color\":\"4472C4\",\"route_text_color\":\"FFFFFF\"}]","metadata_feed_id":"Arkansas__City_of_Fort_Smith__mdb_ntd-60086","metadata_agency_names":"City of Fort Smith Transit","metadata_ntd_id":"60086","metadata_ntd_match_method":"manual_override","metadata_ntd_agency":"City of Fort Smith, dba: Fort Smith Transit","metadata_ntd_city":"Fort Smith","metadata_ntd_state":"AR","metadata_gtfs_route_count":7,"metadata_gtfs_trip_count":147,"metadata_gtfs_shape_count":15,"metadata_gtfs_stop_count":409,"metadata_ntd_agency_voms":10,"metadata_ntd_total_facilities":4,"metadata_ntd_maintenance_facilities":2,"metadata_ntd_passenger_stations":1,"metadata_tam_tier":"Tier II","metadata_service_area_sq_miles":65,"metadata_service_area_population":86209,"metadata_route_types_json":"{\"3\":7}","metadata_ntd_facilities_json":"{\"maintenance_facilities\":2,\"administrative_and_other_non_passenger_facilities\":1,\"passenger_stations_and_terminals\":1,\"parking_and_other_passenger_facilities\":0,\"total_facilities\":4,\"bus_transfer_centers\":1,\"elevated_fixed_guideway_stations\":0,\"at_grade_fixed_guideway_stations\":0,\"underground_fixed_guideway_stations\":0,\"simple_at_grade_platform_stations\":0,\"exclusive_grade_separated_platform_stations\":0,\"ferryboat_terminals\":0,\"surface_parking_lots\":0,\"parking_structures\":0}","metadata_tam_modes_json":"{\"DR\":{\"total_units_2024\":5,\"units_under_threshold_2024\":0,\"voms_2024\":3,\"total_modal_vrm_2024\":163578,\"total_modal_upt_2024\":19821},\"MB\":{\"total_units_2024\":22,\"units_under_threshold_2024\":0,\"voms_2024\":14,\"total_modal_vrm_2024\":607970,\"total_modal_upt_2024\":469580}}"},"geometry":{"type":"Point","coordinates":[-94.355348,35.354669]}},{"type":"Feature","properties":{"stop_id":"7205 Hwy 271  _7205 Hwy 271  _35.315353_-94.423128","stop_code":"","stop_name":"7205 Hwy 271","stop_desc":"","zone_id":"","stop_url":"","location_type":"","parent_station":"","stop_timezone":"","wheelchair_boarding":"","feed_id":"Arkansas__City_of_Fort_Smith__mdb_ntd-60086","agency_name":"City of Fort Smith Transit","route_count":1,"route_ids":"Jenny Lind","route_short_names":"","route_types":"3","route_type_names":"Bus","routes_json":"[{\"route_id\":\"Jenny Lind\",\"route_short_name\":\"\",\"route_long_name\":\"Jenny Lind\",\"route_type\":\"3\",\"route_type_name\":\"Bus\",\"route_color\":\"8E00FF\",\"route_text_color\":\"FFFFFF\"}]","metadata_feed_id":"Arkansas__City_of_Fort_Smith__mdb_ntd-60086","metadata_agency_names":"City of Fort Smith Transit","metadata_ntd_id":"60086","metadata_ntd_match_method":"manual_override","metadata_ntd_agency":"City of Fort Smith, dba: Fort Smith Transit","metadata_ntd_city":"Fort Smith","metadata_ntd_state":"AR","metadata_gtfs_route_count":7,"metadata_gtfs_trip_count":147,"metadata_gtfs_shape_count":15,"metadata_gtfs_stop_count":409,"metadata_ntd_agency_voms":10,"metadata_ntd_total_facilities":4,"metadata_ntd_maintenance_facilities":2,"metadata_ntd_passenger_stations":1,"metadata_tam_tier":"Tier II","metadata_service_area_sq_miles":65,"metadata_service_area_population":86209,"metadata_route_types_json":"{\"3\":7}","metadata_ntd_facilities_json":"{\"maintenance_facilities\":2,\"administrative_and_other_non_passenger_facilities\":1,\"passenger_stations_and_terminals\":1,\"parking_and_other_passenger_facilities\":0,\"total_facilities\":4,\"bus_transfer_centers\":1,\"elevated_fixed_guideway_stations\":0,\"at_grade_fixed_guideway_stations\":0,\"underground_fixed_guideway_stations\":0,\"simple_at_grade_platform_stations\":0,\"exclusive_grade_separated_platform_stations\":0,\"ferryboat_terminals\":0,\"surface_parking_lots\":0,\"parking_structures\":0}","metadata_tam_modes_json":"{\"DR\":{\"total_units_2024\":5,\"units_under_threshold_2024\":0,\"voms_2024\":3,\"total_modal_vrm_2024\":163578,\"total_modal_upt_2024\":19821},\"MB\":{\"total_units_2024\":22,\"units_under_threshold_2024\":0,\"voms_2024\":14,\"total_modal_vrm_2024\":607970,\"total_modal_upt_2024\":469580}}"},"geometry":{"type":"Point","coordinates":[-94.423128,35.315353]}},{"type":"Feature","properties":{"stop_id":"7310 Rogers Ave _7310 Rogers Ave _35.353017_-94.352297","stop_code":"","stop_name":"7310 Rogers Ave","stop_desc":"","zone_id":"","stop_url":"","location_type":"","parent_station":"","stop_timezone":"","wheelchair_boarding":"","feed_id":"Arkansas__City_of_Fort_Smith__mdb_ntd-60086","agency_name":"City of Fort Smith Transit","route_count":1,"route_ids":"Rogers Express","route_short_names":"","route_types":"3","route_type_names":"Bus","routes_json":"[{\"route_id\":\"Rogers Express\",\"route_short_name\":\"\",\"route_long_name\":\"Rogers Express\",\"route_type\":\"3\",\"route_type_name\":\"Bus\",\"route_color\":\"4472C4\",\"route_text_color\":\"FFFFFF\"}]","metadata_feed_id":"Arkansas__City_of_Fort_Smith__mdb_ntd-60086","metadata_agency_names":"City of Fort Smith Transit","metadata_ntd_id":"60086","metadata_ntd_match_method":"manual_override","metadata_ntd_agency":"City of Fort Smith, dba: Fort Smith Transit","metadata_ntd_city":"Fort Smith","metadata_ntd_state":"AR","metadata_gtfs_route_count":7,"metadata_gtfs_trip_count":147,"metadata_gtfs_shape_count":15,"metadata_gtfs_stop_count":409,"metadata_ntd_agency_voms":10,"metadata_ntd_total_facilities":4,"metadata_ntd_maintenance_facilities":2,"metadata_ntd_passenger_stations":1,"metadata_tam_tier":"Tier II","metadata_service_area_sq_miles":65,"metadata_service_area_population":86209,"metadata_route_types_json":"{\"3\":7}","metadata_ntd_facilities_json":"{\"maintenance_facilities\":2,\"administrative_and_other_non_passenger_facilities\":1,\"passenger_stations_and_terminals\":1,\"parking_and_other_passenger_facilities\":0,\"total_facilities\":4,\"bus_transfer_centers\":1,\"elevated_fixed_guideway_stations\":0,\"at_grade_fixed_guideway_stations\":0,\"underground_fixed_guideway_stations\":0,\"simple_at_grade_platform_stations\":0,\"exclusive_grade_separated_platform_stations\":0,\"ferryboat_terminals\":0,\"surface_parking_lots\":0,\"parking_structures\":0}","metadata_tam_modes_json":"{\"DR\":{\"total_units_2024\":5,\"units_under_threshold_2024\":0,\"voms_2024\":3,\"total_modal_vrm_2024\":163578,\"total_modal_upt_2024\":19821},\"MB\":{\"total_units_2024\":22,\"units_under_threshold_2024\":0,\"voms_2024\":14,\"total_modal_vrm_2024\":607970,\"total_modal_upt_2024\":469580}}"},"geometry":{"type":"Point","coordinates":[-94.352297,35.353017]}},{"type":"Feature","properties":{"stop_id":"7401 Rogers Ave_7401 Rogers Ave_35.352431_-94.350151","stop_code":"","stop_name":"7401 Rogers Ave","stop_desc":"","zone_id":"","stop_url":"","location_type":"","parent_station":"","stop_timezone":"","wheelchair_boarding":"","feed_id":"Arkansas__City_of_Fort_Smith__mdb_ntd-60086","agency_name":"City of Fort Smith Transit","route_count":1,"route_ids":"Rogers Express","route_short_names":"","route_types":"3","route_type_names":"Bus","routes_json":"[{\"route_id\":\"Rogers Express\",\"route_short_name\":\"\",\"route_long_name\":\"Rogers Express\",\"route_type\":\"3\",\"route_type_name\":\"Bus\",\"route_color\":\"4472C4\",\"route_text_color\":\"FFFFFF\"}]","metadata_feed_id":"Arkansas__City_of_Fort_Smith__mdb_ntd-60086","metadata_agency_names":"City of Fort Smith Transit","metadata_ntd_id":"60086","metadata_ntd_match_method":"manual_override","metadata_ntd_agency":"City of Fort Smith, dba: Fort Smith Transit","metadata_ntd_city":"Fort Smith","metadata_ntd_state":"AR","metadata_gtfs_route_count":7,"metadata_gtfs_trip_count":147,"metadata_gtfs_shape_count":15,"metadata_gtfs_stop_count":409,"metadata_ntd_agency_voms":10,"metadata_ntd_total_facilities":4,"metadata_ntd_maintenance_facilities":2,"metadata_ntd_passenger_stations":1,"metadata_tam_tier":"Tier II","metadata_service_area_sq_miles":65,"metadata_service_area_population":86209,"metadata_route_types_json":"{\"3\":7}","metadata_ntd_facilities_json":"{\"maintenance_facilities\":2,\"administrative_and_other_non_passenger_facilities\":1,\"passenger_stations_and_terminals\":1,\"parking_and_other_passenger_facilities\":0,\"total_facilities\":4,\"bus_transfer_centers\":1,\"elevated_fixed_guideway_stations\":0,\"at_grade_fixed_guideway_stations\":0,\"underground_fixed_guideway_stations\":0,\"simple_at_grade_platform_stations\":0,\"exclusive_grade_separated_platform_stations\":0,\"ferryboat_terminals\":0,\"surface_parking_lots\":0,\"parking_structures\":0}","metadata_tam_modes_json":"{\"DR\":{\"total_units_2024\":5,\"units_under_threshold_2024\":0,\"voms_2024\":3,\"total_modal_vrm_2024\":163578,\"total_modal_upt_2024\":19821},\"MB\":{\"total_units_2024\":22,\"units_under_threshold_2024\":0,\"voms_2024\":14,\"total_modal_vrm_2024\":607970,\"total_modal_upt_2024\":469580}}"},"geometry":{"type":"Point","coordinates":[-94.350151,35.352431]}},{"type":"Feature","properties":{"stop_id":"7434 Rogers Ave_7434 Rogers Ave_35.351550_-94.349817","stop_code":"","stop_name":"7434 Rogers Ave","stop_desc":"","zone_id":"","stop_url":"","location_type":"","parent_station":"","stop_timezone":"","wheelchair_boarding":"","feed_id":"Arkansas__City_of_Fort_Smith__mdb_ntd-60086","agency_name":"City of Fort Smith Transit","route_count":2,"route_ids":"Rogers Express|Rogers Supercenter","route_short_names":"","route_types":"3","route_type_names":"Bus","routes_json":"[{\"route_id\":\"Rogers Express\",\"route_short_name\":\"\",\"route_long_name\":\"Rogers Express\",\"route_type\":\"3\",\"route_type_name\":\"Bus\",\"route_color\":\"4472C4\",\"route_text_color\":\"FFFFFF\"},{\"route_id\":\"Rogers Supercenter\",\"route_short_name\":\"\",\"route_long_name\":\"Rogers Supercenter\",\"route_type\":\"3\",\"route_type_name\":\"Bus\",\"route_color\":\"F98E10\",\"route_text_color\":\"000000\"}]","metadata_feed_id":"Arkansas__City_of_Fort_Smith__mdb_ntd-60086","metadata_agency_names":"City of Fort Smith Transit","metadata_ntd_id":"60086","metadata_ntd_match_method":"manual_override","metadata_ntd_agency":"City of Fort Smith, dba: Fort Smith Transit","metadata_ntd_city":"Fort Smith","metadata_ntd_state":"AR","metadata_gtfs_route_count":7,"metadata_gtfs_trip_count":147,"metadata_gtfs_shape_count":15,"metadata_gtfs_stop_count":409,"metadata_ntd_agency_voms":10,"metadata_ntd_total_facilities":4,"metadata_ntd_maintenance_facilities":2,"metadata_ntd_passenger_stations":1,"metadata_tam_tier":"Tier II","metadata_service_area_sq_miles":65,"metadata_service_area_population":86209,"metadata_route_types_json":"{\"3\":7}","metadata_ntd_facilities_json":"{\"maintenance_facilities\":2,\"administrative_and_other_non_passenger_facilities\":1,\"passenger_stations_and_terminals\":1,\"parking_and_other_passenger_facilities\":0,\"total_facilities\":4,\"bus_transfer_centers\":1,\"elevated_fixed_guideway_stations\":0,\"at_grade_fixed_guideway_stations\":0,\"underground_fixed_guideway_stations\":0,\"simple_at_grade_platform_stations\":0,\"exclusive_grade_separated_platform_stations\":0,\"ferryboat_terminals\":0,\"surface_parking_lots\":0,\"parking_structures\":0}","metadata_tam_modes_json":"{\"DR\":{\"total_units_2024\":5,\"units_under_threshold_2024\":0,\"voms_2024\":3,\"total_modal_vrm_2024\":163578,\"total_modal_upt_2024\":19821},\"MB\":{\"total_units_2024\":22,\"units_under_threshold_2024\":0,\"voms_2024\":14,\"total_modal_vrm_2024\":607970,\"total_modal_upt_2024\":469580}}"},"geometry":{"type":"Point","coordinates":[-94.349817,35.35155]}},{"type":"Feature","properties":{"stop_id":"7500 Jenny Lind Rd_7500 Jenny Lind Rd_35.313234_-94.413104","stop_code":"","stop_name":"7500 Jenny Lind Rd","stop_desc":"","zone_id":"","stop_url":"","location_type":"","parent_station":"","stop_timezone":"","wheelchair_boarding":"","feed_id":"Arkansas__City_of_Fort_Smith__mdb_ntd-60086","agency_name":"City of Fort Smith Transit","route_count":1,"route_ids":"Jenny Lind","route_short_names":"","route_types":"3","route_type_names":"Bus","routes_json":"[{\"route_id\":\"Jenny Lind\",\"route_short_name\":\"\",\"route_long_name\":\"Jenny Lind\",\"route_type\":\"3\",\"route_type_name\":\"Bus\",\"route_color\":\"8E00FF\",\"route_text_color\":\"FFFFFF\"}]","metadata_feed_id":"Arkansas__City_of_Fort_Smith__mdb_ntd-60086","metadata_agency_names":"City of Fort Smith Transit","metadata_ntd_id":"60086","metadata_ntd_match_method":"manual_override","metadata_ntd_agency":"City of Fort Smith, dba: Fort Smith Transit","metadata_ntd_city":"Fort Smith","metadata_ntd_state":"AR","metadata_gtfs_route_count":7,"metadata_gtfs_trip_count":147,"metadata_gtfs_shape_count":15,"metadata_gtfs_stop_count":409,"metadata_ntd_agency_voms":10,"metadata_ntd_total_facilities":4,"metadata_ntd_maintenance_facilities":2,"metadata_ntd_passenger_stations":1,"metadata_tam_tier":"Tier II","metadata_service_area_sq_miles":65,"metadata_service_area_population":86209,"metadata_route_types_json":"{\"3\":7}","metadata_ntd_facilities_json":"{\"maintenance_facilities\":2,\"administrative_and_other_non_passenger_facilities\":1,\"passenger_stations_and_terminals\":1,\"parking_and_other_passenger_facilities\":0,\"total_facilities\":4,\"bus_transfer_centers\":1,\"elevated_fixed_guideway_stations\":0,\"at_grade_fixed_guideway_stations\":0,\"underground_fixed_guideway_stations\":0,\"simple_at_grade_platform_stations\":0,\"exclusive_grade_separated_platform_stations\":0,\"ferryboat_terminals\":0,\"surface_parking_lots\":0,\"parking_structures\":0}","metadata_tam_modes_json":"{\"DR\":{\"total_units_2024\":5,\"units_under_threshold_2024\":0,\"voms_2024\":3,\"total_modal_vrm_2024\":163578,\"total_modal_upt_2024\":19821},\"MB\":{\"total_units_2024\":22,\"units_under_threshold_2024\":0,\"voms_2024\":14,\"total_modal_vrm_2024\":607970,\"total_modal_upt_2024\":469580}}"},"geometry":{"type":"Point","coordinates":[-94.413104,35.313234]}},{"type":"Feature","properties":{"stop_id":"7701 Rogers Ave_7701 Rogers Ave_35.350965_-94.346852","stop_code":"","stop_name":"7701 Rogers Ave","stop_desc":"","zone_id":"","stop_url":"","location_type":"","parent_station":"","stop_timezone":"","wheelchair_boarding":"","feed_id":"Arkansas__City_of_Fort_Smith__mdb_ntd-60086","agency_name":"City of Fort Smith Transit","route_count":1,"route_ids":"Rogers Express","route_short_names":"","route_types":"3","route_type_names":"Bus","routes_json":"[{\"route_id\":\"Rogers Express\",\"route_short_name\":\"\",\"route_long_name\":\"Rogers Express\",\"route_type\":\"3\",\"route_type_name\":\"Bus\",\"route_color\":\"4472C4\",\"route_text_color\":\"FFFFFF\"}]","metadata_feed_id":"Arkansas__City_of_Fort_Smith__mdb_ntd-60086","metadata_agency_names":"City of Fort Smith Transit","metadata_ntd_id":"60086","metadata_ntd_match_method":"manual_override","metadata_ntd_agency":"City of Fort Smith, dba: Fort Smith Transit","metadata_ntd_city":"Fort Smith","metadata_ntd_state":"AR","metadata_gtfs_route_count":7,"metadata_gtfs_trip_count":147,"metadata_gtfs_shape_count":15,"metadata_gtfs_stop_count":409,"metadata_ntd_agency_voms":10,"metadata_ntd_total_facilities":4,"metadata_ntd_maintenance_facilities":2,"metadata_ntd_passenger_stations":1,"metadata_tam_tier":"Tier II","metadata_service_area_sq_miles":65,"metadata_service_area_population":86209,"metadata_route_types_json":"{\"3\":7}","metadata_ntd_facilities_json":"{\"maintenance_facilities\":2,\"administrative_and_other_non_passenger_facilities\":1,\"passenger_stations_and_terminals\":1,\"parking_and_other_passenger_facilities\":0,\"total_facilities\":4,\"bus_transfer_centers\":1,\"elevated_fixed_guideway_stations\":0,\"at_grade_fixed_guideway_stations\":0,\"underground_fixed_guideway_stations\":0,\"simple_at_grade_platform_stations\":0,\"exclusive_grade_separated_platform_stations\":0,\"ferryboat_terminals\":0,\"surface_parking_lots\":0,\"parking_structures\":0}","metadata_tam_modes_json":"{\"DR\":{\"total_units_2024\":5,\"units_under_threshold_2024\":0,\"voms_2024\":3,\"total_modal_vrm_2024\":163578,\"total_modal_upt_2024\":19821},\"MB\":{\"total_units_2024\":22,\"units_under_threshold_2024\":0,\"voms_2024\":14,\"total_modal_vrm_2024\":607970,\"total_modal_upt_2024\":469580}}"},"geometry":{"type":"Point","coordinates":[-94.346852,35.350965]}},{"type":"Feature","properties":{"stop_id":"7800 Rogers Ave_7800 Rogers Ave_35.349552_-94.346784","stop_code":"","stop_name":"7800 Rogers Ave","stop_desc":"","zone_id":"","stop_url":"","location_type":"","parent_station":"","stop_timezone":"","wheelchair_boarding":"","feed_id":"Arkansas__City_of_Fort_Smith__mdb_ntd-60086","agency_name":"City of Fort Smith Transit","route_count":2,"route_ids":"Rogers Express|Rogers Supercenter","route_short_names":"","route_types":"3","route_type_names":"Bus","routes_json":"[{\"route_id\":\"Rogers Express\",\"route_short_name\":\"\",\"route_long_name\":\"Rogers Express\",\"route_type\":\"3\",\"route_type_name\":\"Bus\",\"route_color\":\"4472C4\",\"route_text_color\":\"FFFFFF\"},{\"route_id\":\"Rogers Supercenter\",\"route_short_name\":\"\",\"route_long_name\":\"Rogers Supercenter\",\"route_type\":\"3\",\"route_type_name\":\"Bus\",\"route_color\":\"F98E10\",\"route_text_color\":\"000000\"}]","metadata_feed_id":"Arkansas__City_of_Fort_Smith__mdb_ntd-60086","metadata_agency_names":"City of Fort Smith Transit","metadata_ntd_id":"60086","metadata_ntd_match_method":"manual_override","metadata_ntd_agency":"City of Fort Smith, dba: Fort Smith Transit","metadata_ntd_city":"Fort Smith","metadata_ntd_state":"AR","metadata_gtfs_route_count":7,"metadata_gtfs_trip_count":147,"metadata_gtfs_shape_count":15,"metadata_gtfs_stop_count":409,"metadata_ntd_agency_voms":10,"metadata_ntd_total_facilities":4,"metadata_ntd_maintenance_facilities":2,"metadata_ntd_passenger_stations":1,"metadata_tam_tier":"Tier II","metadata_service_area_sq_miles":65,"metadata_service_area_population":86209,"metadata_route_types_json":"{\"3\":7}","metadata_ntd_facilities_json":"{\"maintenance_facilities\":2,\"administrative_and_other_non_passenger_facilities\":1,\"passenger_stations_and_terminals\":1,\"parking_and_other_passenger_facilities\":0,\"total_facilities\":4,\"bus_transfer_centers\":1,\"elevated_fixed_guideway_stations\":0,\"at_grade_fixed_guideway_stations\":0,\"underground_fixed_guideway_stations\":0,\"simple_at_grade_platform_stations\":0,\"exclusive_grade_separated_platform_stations\":0,\"ferryboat_terminals\":0,\"surface_parking_lots\":0,\"parking_structures\":0}","metadata_tam_modes_json":"{\"DR\":{\"total_units_2024\":5,\"units_under_threshold_2024\":0,\"voms_2024\":3,\"total_modal_vrm_2024\":163578,\"total_modal_upt_2024\":19821},\"MB\":{\"total_units_2024\":22,\"units_under_threshold_2024\":0,\"voms_2024\":14,\"total_modal_vrm_2024\":607970,\"total_modal_upt_2024\":469580}}"},"geometry":{"type":"Point","coordinates":[-94.346784,35.349552]}},{"type":"Feature","properties":{"stop_id":"7915 Hwy 271 S_7915 Hwy 271 S_35.309746_-94.422759","stop_code":"","stop_name":"7915 Hwy 271 S","stop_desc":"","zone_id":"","stop_url":"","location_type":"","parent_station":"","stop_timezone":"","wheelchair_boarding":"","feed_id":"Arkansas__City_of_Fort_Smith__mdb_ntd-60086","agency_name":"City of Fort Smith Transit","route_count":1,"route_ids":"Jenny Lind","route_short_names":"","route_types":"3","route_type_names":"Bus","routes_json":"[{\"route_id\":\"Jenny Lind\",\"route_short_name\":\"\",\"route_long_name\":\"Jenny Lind\",\"route_type\":\"3\",\"route_type_name\":\"Bus\",\"route_color\":\"8E00FF\",\"route_text_color\":\"FFFFFF\"}]","metadata_feed_id":"Arkansas__City_of_Fort_Smith__mdb_ntd-60086","metadata_agency_names":"City of Fort Smith Transit","metadata_ntd_id":"60086","metadata_ntd_match_method":"manual_override","metadata_ntd_agency":"City of Fort Smith, dba: Fort Smith Transit","metadata_ntd_city":"Fort Smith","metadata_ntd_state":"AR","metadata_gtfs_route_count":7,"metadata_gtfs_trip_count":147,"metadata_gtfs_shape_count":15,"metadata_gtfs_stop_count":409,"metadata_ntd_agency_voms":10,"metadata_ntd_total_facilities":4,"metadata_ntd_maintenance_facilities":2,"metadata_ntd_passenger_stations":1,"metadata_tam_tier":"Tier II","metadata_service_area_sq_miles":65,"metadata_service_area_population":86209,"metadata_route_types_json":"{\"3\":7}","metadata_ntd_facilities_json":"{\"maintenance_facilities\":2,\"administrative_and_other_non_passenger_facilities\":1,\"passenger_stations_and_terminals\":1,\"parking_and_other_passenger_facilities\":0,\"total_facilities\":4,\"bus_transfer_centers\":1,\"elevated_fixed_guideway_stations\":0,\"at_grade_fixed_guideway_stations\":0,\"underground_fixed_guideway_stations\":0,\"simple_at_grade_platform_stations\":0,\"exclusive_grade_separated_platform_stations\":0,\"ferryboat_terminals\":0,\"surface_parking_lots\":0,\"parking_structures\":0}","metadata_tam_modes_json":"{\"DR\":{\"total_units_2024\":5,\"units_under_threshold_2024\":0,\"voms_2024\":3,\"total_modal_vrm_2024\":163578,\"total_modal_upt_2024\":19821},\"MB\":{\"total_units_2024\":22,\"units_under_threshold_2024\":0,\"voms_2024\":14,\"total_modal_vrm_2024\":607970,\"total_modal_upt_2024\":469580}}"},"geometry":{"type":"Point","coordinates":[-94.422759,35.309746]}},{"type":"Feature","properties":{"stop_id":"8000 Phoenix Ave_8000 Phoenix Ave_35.346036_-94.343758","stop_code":"","stop_name":"8000 Phoenix Ave","stop_desc":"","zone_id":"","stop_url":"","location_type":"","parent_station":"","stop_timezone":"","wheelchair_boarding":"","feed_id":"Arkansas__City_of_Fort_Smith__mdb_ntd-60086","agency_name":"City of Fort Smith Transit","route_count":1,"route_ids":"Rogers Supercenter","route_short_names":"","route_types":"3","route_type_names":"Bus","routes_json":"[{\"route_id\":\"Rogers Supercenter\",\"route_short_name\":\"\",\"route_long_name\":\"Rogers Supercenter\",\"route_type\":\"3\",\"route_type_name\":\"Bus\",\"route_color\":\"F98E10\",\"route_text_color\":\"000000\"}]","metadata_feed_id":"Arkansas__City_of_Fort_Smith__mdb_ntd-60086","metadata_agency_names":"City of Fort Smith Transit","metadata_ntd_id":"60086","metadata_ntd_match_method":"manual_override","metadata_ntd_agency":"City of Fort Smith, dba: Fort Smith Transit","metadata_ntd_city":"Fort Smith","metadata_ntd_state":"AR","metadata_gtfs_route_count":7,"metadata_gtfs_trip_count":147,"metadata_gtfs_shape_count":15,"metadata_gtfs_stop_count":409,"metadata_ntd_agency_voms":10,"metadata_ntd_total_facilities":4,"metadata_ntd_maintenance_facilities":2,"metadata_ntd_passenger_stations":1,"metadata_tam_tier":"Tier II","metadata_service_area_sq_miles":65,"metadata_service_area_population":86209,"metadata_route_types_json":"{\"3\":7}","metadata_ntd_facilities_json":"{\"maintenance_facilities\":2,\"administrative_and_other_non_passenger_facilities\":1,\"passenger_stations_and_terminals\":1,\"parking_and_other_passenger_facilities\":0,\"total_facilities\":4,\"bus_transfer_centers\":1,\"elevated_fixed_guideway_stations\":0,\"at_grade_fixed_guideway_stations\":0,\"underground_fixed_guideway_stations\":0,\"simple_at_grade_platform_stations\":0,\"exclusive_grade_separated_platform_stations\":0,\"ferryboat_terminals\":0,\"surface_parking_lots\":0,\"parking_structures\":0}","metadata_tam_modes_json":"{\"DR\":{\"total_units_2024\":5,\"units_under_threshold_2024\":0,\"voms_2024\":3,\"total_modal_vrm_2024\":163578,\"total_modal_upt_2024\":19821},\"MB\":{\"total_units_2024\":22,\"units_under_threshold_2024\":0,\"voms_2024\":14,\"total_modal_vrm_2024\":607970,\"total_modal_upt_2024\":469580}}"},"geometry":{"type":"Point","coordinates":[-94.343758,35.346036]}},{"type":"Feature","properties":{"stop_id":"8001 Rogers Ave_8001 Rogers Ave_35.350866_-94.343382","stop_code":"","stop_name":"8001 Rogers Ave","stop_desc":"","zone_id":"","stop_url":"","location_type":"","parent_station":"","stop_timezone":"","wheelchair_boarding":"","feed_id":"Arkansas__City_of_Fort_Smith__mdb_ntd-60086","agency_name":"City of Fort Smith Transit","route_count":1,"route_ids":"Rogers Express","route_short_names":"","route_types":"3","route_type_names":"Bus","routes_json":"[{\"route_id\":\"Rogers Express\",\"route_short_name\":\"\",\"route_long_name\":\"Rogers Express\",\"route_type\":\"3\",\"route_type_name\":\"Bus\",\"route_color\":\"4472C4\",\"route_text_color\":\"FFFFFF\"}]","metadata_feed_id":"Arkansas__City_of_Fort_Smith__mdb_ntd-60086","metadata_agency_names":"City of Fort Smith Transit","metadata_ntd_id":"60086","metadata_ntd_match_method":"manual_override","metadata_ntd_agency":"City of Fort Smith, dba: Fort Smith Transit","metadata_ntd_city":"Fort Smith","metadata_ntd_state":"AR","metadata_gtfs_route_count":7,"metadata_gtfs_trip_count":147,"metadata_gtfs_shape_count":15,"metadata_gtfs_stop_count":409,"metadata_ntd_agency_voms":10,"metadata_ntd_total_facilities":4,"metadata_ntd_maintenance_facilities":2,"metadata_ntd_passenger_stations":1,"metadata_tam_tier":"Tier II","metadata_service_area_sq_miles":65,"metadata_service_area_population":86209,"metadata_route_types_json":"{\"3\":7}","metadata_ntd_facilities_json":"{\"maintenance_facilities\":2,\"administrative_and_other_non_passenger_facilities\":1,\"passenger_stations_and_terminals\":1,\"parking_and_other_passenger_facilities\":0,\"total_facilities\":4,\"bus_transfer_centers\":1,\"elevated_fixed_guideway_stations\":0,\"at_grade_fixed_guideway_stations\":0,\"underground_fixed_guideway_stations\":0,\"simple_at_grade_platform_stations\":0,\"exclusive_grade_separated_platform_stations\":0,\"ferryboat_terminals\":0,\"surface_parking_lots\":0,\"parking_structures\":0}","metadata_tam_modes_json":"{\"DR\":{\"total_units_2024\":5,\"units_under_threshold_2024\":0,\"voms_2024\":3,\"total_modal_vrm_2024\":163578,\"total_modal_upt_2024\":19821},\"MB\":{\"total_units_2024\":22,\"units_under_threshold_2024\":0,\"voms_2024\":14,\"total_modal_vrm_2024\":607970,\"total_modal_upt_2024\":469580}}"},"geometry":{"type":"Point","coordinates":[-94.343382,35.350866]}},{"type":"Feature","properties":{"stop_id":"8100 Highway 71 S_8100 Highway 71 S_35.307809_-94.395845","stop_code":"","stop_name":"8100 Highway 71 S","stop_desc":"","zone_id":"","stop_url":"","location_type":"","parent_station":"","stop_timezone":"","wheelchair_boarding":"","feed_id":"Arkansas__City_of_Fort_Smith__mdb_ntd-60086","agency_name":"City of Fort Smith Transit","route_count":1,"route_ids":"Jenny Lind","route_short_names":"","route_types":"3","route_type_names":"Bus","routes_json":"[{\"route_id\":\"Jenny Lind\",\"route_short_name\":\"\",\"route_long_name\":\"Jenny Lind\",\"route_type\":\"3\",\"route_type_name\":\"Bus\",\"route_color\":\"8E00FF\",\"route_text_color\":\"FFFFFF\"}]","metadata_feed_id":"Arkansas__City_of_Fort_Smith__mdb_ntd-60086","metadata_agency_names":"City of Fort Smith Transit","metadata_ntd_id":"60086","metadata_ntd_match_method":"manual_override","metadata_ntd_agency":"City of Fort Smith, dba: Fort Smith Transit","metadata_ntd_city":"Fort Smith","metadata_ntd_state":"AR","metadata_gtfs_route_count":7,"metadata_gtfs_trip_count":147,"metadata_gtfs_shape_count":15,"metadata_gtfs_stop_count":409,"metadata_ntd_agency_voms":10,"metadata_ntd_total_facilities":4,"metadata_ntd_maintenance_facilities":2,"metadata_ntd_passenger_stations":1,"metadata_tam_tier":"Tier II","metadata_service_area_sq_miles":65,"metadata_service_area_population":86209,"metadata_route_types_json":"{\"3\":7}","metadata_ntd_facilities_json":"{\"maintenance_facilities\":2,\"administrative_and_other_non_passenger_facilities\":1,\"passenger_stations_and_terminals\":1,\"parking_and_other_passenger_facilities\":0,\"total_facilities\":4,\"bus_transfer_centers\":1,\"elevated_fixed_guideway_stations\":0,\"at_grade_fixed_guideway_stations\":0,\"underground_fixed_guideway_stations\":0,\"simple_at_grade_platform_stations\":0,\"exclusive_grade_separated_platform_stations\":0,\"ferryboat_terminals\":0,\"surface_parking_lots\":0,\"parking_structures\":0}","metadata_tam_modes_json":"{\"DR\":{\"total_units_2024\":5,\"units_under_threshold_2024\":0,\"voms_2024\":3,\"total_modal_vrm_2024\":163578,\"total_modal_upt_2024\":19821},\"MB\":{\"total_units_2024\":22,\"units_under_threshold_2024\":0,\"voms_2024\":14,\"total_modal_vrm_2024\":607970,\"total_modal_upt_2024\":469580}}"},"geometry":{"type":"Point","coordinates":[-94.395845,35.307809]}},{"type":"Feature","properties":{"stop_id":"8150 Rogers Ave_8150 Rogers Ave_35.348752_-94.341864","stop_code":"","stop_name":"8150 Rogers Ave","stop_desc":"","zone_id":"","stop_url":"","location_type":"","parent_station":"","stop_timezone":"","wheelchair_boarding":"","feed_id":"Arkansas__City_of_Fort_Smith__mdb_ntd-60086","agency_name":"City of Fort Smith Transit","route_count":1,"route_ids":"Rogers Express","route_short_names":"","route_types":"3","route_type_names":"Bus","routes_json":"[{\"route_id\":\"Rogers Express\",\"route_short_name\":\"\",\"route_long_name\":\"Rogers Express\",\"route_type\":\"3\",\"route_type_name\":\"Bus\",\"route_color\":\"4472C4\",\"route_text_color\":\"FFFFFF\"}]","metadata_feed_id":"Arkansas__City_of_Fort_Smith__mdb_ntd-60086","metadata_agency_names":"City of Fort Smith Transit","metadata_ntd_id":"60086","metadata_ntd_match_method":"manual_override","metadata_ntd_agency":"City of Fort Smith, dba: Fort Smith Transit","metadata_ntd_city":"Fort Smith","metadata_ntd_state":"AR","metadata_gtfs_route_count":7,"metadata_gtfs_trip_count":147,"metadata_gtfs_shape_count":15,"metadata_gtfs_stop_count":409,"metadata_ntd_agency_voms":10,"metadata_ntd_total_facilities":4,"metadata_ntd_maintenance_facilities":2,"metadata_ntd_passenger_stations":1,"metadata_tam_tier":"Tier II","metadata_service_area_sq_miles":65,"metadata_service_area_population":86209,"metadata_route_types_json":"{\"3\":7}","metadata_ntd_facilities_json":"{\"maintenance_facilities\":2,\"administrative_and_other_non_passenger_facilities\":1,\"passenger_stations_and_terminals\":1,\"parking_and_other_passenger_facilities\":0,\"total_facilities\":4,\"bus_transfer_centers\":1,\"elevated_fixed_guideway_stations\":0,\"at_grade_fixed_guideway_stations\":0,\"underground_fixed_guideway_stations\":0,\"simple_at_grade_platform_stations\":0,\"exclusive_grade_separated_platform_stations\":0,\"ferryboat_terminals\":0,\"surface_parking_lots\":0,\"parking_structures\":0}","metadata_tam_modes_json":"{\"DR\":{\"total_units_2024\":5,\"units_under_threshold_2024\":0,\"voms_2024\":3,\"total_modal_vrm_2024\":163578,\"total_modal_upt_2024\":19821},\"MB\":{\"total_units_2024\":22,\"units_under_threshold_2024\":0,\"voms_2024\":14,\"total_modal_vrm_2024\":607970,\"total_modal_upt_2024\":469580}}"},"geometry":{"type":"Point","coordinates":[-94.341864,35.348752]}},{"type":"Feature","properties":{"stop_id":"8210 Rogers Ave _8210 Rogers Ave _35.348139_-94.341375","stop_code":"","stop_name":"8210 Rogers Ave","stop_desc":"","zone_id":"","stop_url":"","location_type":"","parent_station":"","stop_timezone":"","wheelchair_boarding":"","feed_id":"Arkansas__City_of_Fort_Smith__mdb_ntd-60086","agency_name":"City of Fort Smith Transit","route_count":1,"route_ids":"Rogers Express","route_short_names":"","route_types":"3","route_type_names":"Bus","routes_json":"[{\"route_id\":\"Rogers Express\",\"route_short_name\":\"\",\"route_long_name\":\"Rogers Express\",\"route_type\":\"3\",\"route_type_name\":\"Bus\",\"route_color\":\"4472C4\",\"route_text_color\":\"FFFFFF\"}]","metadata_feed_id":"Arkansas__City_of_Fort_Smith__mdb_ntd-60086","metadata_agency_names":"City of Fort Smith Transit","metadata_ntd_id":"60086","metadata_ntd_match_method":"manual_override","metadata_ntd_agency":"City of Fort Smith, dba: Fort Smith Transit","metadata_ntd_city":"Fort Smith","metadata_ntd_state":"AR","metadata_gtfs_route_count":7,"metadata_gtfs_trip_count":147,"metadata_gtfs_shape_count":15,"metadata_gtfs_stop_count":409,"metadata_ntd_agency_voms":10,"metadata_ntd_total_facilities":4,"metadata_ntd_maintenance_facilities":2,"metadata_ntd_passenger_stations":1,"metadata_tam_tier":"Tier II","metadata_service_area_sq_miles":65,"metadata_service_area_population":86209,"metadata_route_types_json":"{\"3\":7}","metadata_ntd_facilities_json":"{\"maintenance_facilities\":2,\"administrative_and_other_non_passenger_facilities\":1,\"passenger_stations_and_terminals\":1,\"parking_and_other_passenger_facilities\":0,\"total_facilities\":4,\"bus_transfer_centers\":1,\"elevated_fixed_guideway_stations\":0,\"at_grade_fixed_guideway_stations\":0,\"underground_fixed_guideway_stations\":0,\"simple_at_grade_platform_stations\":0,\"exclusive_grade_separated_platform_stations\":0,\"ferryboat_terminals\":0,\"surface_parking_lots\":0,\"parking_structures\":0}","metadata_tam_modes_json":"{\"DR\":{\"total_units_2024\":5,\"units_under_threshold_2024\":0,\"voms_2024\":3,\"total_modal_vrm_2024\":163578,\"total_modal_upt_2024\":19821},\"MB\":{\"total_units_2024\":22,\"units_under_threshold_2024\":0,\"voms_2024\":14,\"total_modal_vrm_2024\":607970,\"total_modal_upt_2024\":469580}}"},"geometry":{"type":"Point","coordinates":[-94.341375,35.348139]}},{"type":"Feature","properties":{"stop_id":"8400 Phoenix Ave_8400 Phoenix Ave_35.345841_-94.338902","stop_code":"","stop_name":"8400 Phoenix Ave","stop_desc":"","zone_id":"","stop_url":"","location_type":"","parent_station":"","stop_timezone":"","wheelchair_boarding":"","feed_id":"Arkansas__City_of_Fort_Smith__mdb_ntd-60086","agency_name":"City of Fort Smith Transit","route_count":1,"route_ids":"Rogers Supercenter","route_short_names":"","route_types":"3","route_type_names":"Bus","routes_json":"[{\"route_id\":\"Rogers Supercenter\",\"route_short_name\":\"\",\"route_long_name\":\"Rogers Supercenter\",\"route_type\":\"3\",\"route_type_name\":\"Bus\",\"route_color\":\"F98E10\",\"route_text_color\":\"000000\"}]","metadata_feed_id":"Arkansas__City_of_Fort_Smith__mdb_ntd-60086","metadata_agency_names":"City of Fort Smith Transit","metadata_ntd_id":"60086","metadata_ntd_match_method":"manual_override","metadata_ntd_agency":"City of Fort Smith, dba: Fort Smith Transit","metadata_ntd_city":"Fort Smith","metadata_ntd_state":"AR","metadata_gtfs_route_count":7,"metadata_gtfs_trip_count":147,"metadata_gtfs_shape_count":15,"metadata_gtfs_stop_count":409,"metadata_ntd_agency_voms":10,"metadata_ntd_total_facilities":4,"metadata_ntd_maintenance_facilities":2,"metadata_ntd_passenger_stations":1,"metadata_tam_tier":"Tier II","metadata_service_area_sq_miles":65,"metadata_service_area_population":86209,"metadata_route_types_json":"{\"3\":7}","metadata_ntd_facilities_json":"{\"maintenance_facilities\":2,\"administrative_and_other_non_passenger_facilities\":1,\"passenger_stations_and_terminals\":1,\"parking_and_other_passenger_facilities\":0,\"total_facilities\":4,\"bus_transfer_centers\":1,\"elevated_fixed_guideway_stations\":0,\"at_grade_fixed_guideway_stations\":0,\"underground_fixed_guideway_stations\":0,\"simple_at_grade_platform_stations\":0,\"exclusive_grade_separated_platform_stations\":0,\"ferryboat_terminals\":0,\"surface_parking_lots\":0,\"parking_structures\":0}","metadata_tam_modes_json":"{\"DR\":{\"total_units_2024\":5,\"units_under_threshold_2024\":0,\"voms_2024\":3,\"total_modal_vrm_2024\":163578,\"total_modal_upt_2024\":19821},\"MB\":{\"total_units_2024\":22,\"units_under_threshold_2024\":0,\"voms_2024\":14,\"total_modal_vrm_2024\":607970,\"total_modal_upt_2024\":469580}}"},"geometry":{"type":"Point","coordinates":[-94.338902,35.345841]}},{"type":"Feature","properties":{"stop_id":"Academy Sports + Outdoors__35.338524_-94.377072","stop_code":"","stop_name":"Academy Sports + Outdoors","stop_desc":"","zone_id":"","stop_url":"","location_type":"","parent_station":"","stop_timezone":"","wheelchair_boarding":"","feed_id":"Arkansas__City_of_Fort_Smith__mdb_ntd-60086","agency_name":"City of Fort Smith Transit","route_count":1,"route_ids":"Towson","route_short_names":"","route_types":"3","route_type_names":"Bus","routes_json":"[{\"route_id\":\"Towson\",\"route_short_name\":\"\",\"route_long_name\":\"Towson\",\"route_type\":\"3\",\"route_type_name\":\"Bus\",\"route_color\":\"70AD47\",\"route_text_color\":\"000000\"}]","metadata_feed_id":"Arkansas__City_of_Fort_Smith__mdb_ntd-60086","metadata_agency_names":"City of Fort Smith Transit","metadata_ntd_id":"60086","metadata_ntd_match_method":"manual_override","metadata_ntd_agency":"City of Fort Smith, dba: Fort Smith Transit","metadata_ntd_city":"Fort Smith","metadata_ntd_state":"AR","metadata_gtfs_route_count":7,"metadata_gtfs_trip_count":147,"metadata_gtfs_shape_count":15,"metadata_gtfs_stop_count":409,"metadata_ntd_agency_voms":10,"metadata_ntd_total_facilities":4,"metadata_ntd_maintenance_facilities":2,"metadata_ntd_passenger_stations":1,"metadata_tam_tier":"Tier II","metadata_service_area_sq_miles":65,"metadata_service_area_population":86209,"metadata_route_types_json":"{\"3\":7}","metadata_ntd_facilities_json":"{\"maintenance_facilities\":2,\"administrative_and_other_non_passenger_facilities\":1,\"passenger_stations_and_terminals\":1,\"parking_and_other_passenger_facilities\":0,\"total_facilities\":4,\"bus_transfer_centers\":1,\"elevated_fixed_guideway_stations\":0,\"at_grade_fixed_guideway_stations\":0,\"underground_fixed_guideway_stations\":0,\"simple_at_grade_platform_stations\":0,\"exclusive_grade_separated_platform_stations\":0,\"ferryboat_terminals\":0,\"surface_parking_lots\":0,\"parking_structures\":0}","metadata_tam_modes_json":"{\"DR\":{\"total_units_2024\":5,\"units_under_threshold_2024\":0,\"voms_2024\":3,\"total_modal_vrm_2024\":163578,\"total_modal_upt_2024\":19821},\"MB\":{\"total_units_2024\":22,\"units_under_threshold_2024\":0,\"voms_2024\":14,\"total_modal_vrm_2024\":607970,\"total_modal_upt_2024\":469580}}"},"geometry":{"type":"Point","coordinates":[-94.377072,35.338524]}},{"type":"Feature","properties":{"stop_id":"Adult Education Center_Rogers Ave @ S 21st StAdult Education Center_35.379027_-94.410482","stop_code":"","stop_name":"Adult Education Center","stop_desc":"","zone_id":"","stop_url":"","location_type":"","parent_station":"","stop_timezone":"","wheelchair_boarding":"","feed_id":"Arkansas__City_of_Fort_Smith__mdb_ntd-60086","agency_name":"City of Fort Smith Transit","route_count":1,"route_ids":"Rogers Express","route_short_names":"","route_types":"3","route_type_names":"Bus","routes_json":"[{\"route_id\":\"Rogers Express\",\"route_short_name\":\"\",\"route_long_name\":\"Rogers Express\",\"route_type\":\"3\",\"route_type_name\":\"Bus\",\"route_color\":\"4472C4\",\"route_text_color\":\"FFFFFF\"}]","metadata_feed_id":"Arkansas__City_of_Fort_Smith__mdb_ntd-60086","metadata_agency_names":"City of Fort Smith Transit","metadata_ntd_id":"60086","metadata_ntd_match_method":"manual_override","metadata_ntd_agency":"City of Fort Smith, dba: Fort Smith Transit","metadata_ntd_city":"Fort Smith","metadata_ntd_state":"AR","metadata_gtfs_route_count":7,"metadata_gtfs_trip_count":147,"metadata_gtfs_shape_count":15,"metadata_gtfs_stop_count":409,"metadata_ntd_agency_voms":10,"metadata_ntd_total_facilities":4,"metadata_ntd_maintenance_facilities":2,"metadata_ntd_passenger_stations":1,"metadata_tam_tier":"Tier II","metadata_service_area_sq_miles":65,"metadata_service_area_population":86209,"metadata_route_types_json":"{\"3\":7}","metadata_ntd_facilities_json":"{\"maintenance_facilities\":2,\"administrative_and_other_non_passenger_facilities\":1,\"passenger_stations_and_terminals\":1,\"parking_and_other_passenger_facilities\":0,\"total_facilities\":4,\"bus_transfer_centers\":1,\"elevated_fixed_guideway_stations\":0,\"at_grade_fixed_guideway_stations\":0,\"underground_fixed_guideway_stations\":0,\"simple_at_grade_platform_stations\":0,\"exclusive_grade_separated_platform_stations\":0,\"ferryboat_terminals\":0,\"surface_parking_lots\":0,\"parking_structures\":0}","metadata_tam_modes_json":"{\"DR\":{\"total_units_2024\":5,\"units_under_threshold_2024\":0,\"voms_2024\":3,\"total_modal_vrm_2024\":163578,\"total_modal_upt_2024\":19821},\"MB\":{\"total_units_2024\":22,\"units_under_threshold_2024\":0,\"voms_2024\":14,\"total_modal_vrm_2024\":607970,\"total_modal_upt_2024\":469580}}"},"geometry":{"type":"Point","coordinates":[-94.410482,35.379027]}},{"type":"Feature","properties":{"stop_id":"Airport Blvd.__35.339189_-94.375970","stop_code":"","stop_name":"Airport Blvd.","stop_desc":"","zone_id":"","stop_url":"","location_type":"","parent_station":"","stop_timezone":"","wheelchair_boarding":"","feed_id":"Arkansas__City_of_Fort_Smith__mdb_ntd-60086","agency_name":"City of Fort Smith Transit","route_count":1,"route_ids":"Towson","route_short_names":"","route_types":"3","route_type_names":"Bus","routes_json":"[{\"route_id\":\"Towson\",\"route_short_name\":\"\",\"route_long_name\":\"Towson\",\"route_type\":\"3\",\"route_type_name\":\"Bus\",\"route_color\":\"70AD47\",\"route_text_color\":\"000000\"}]","metadata_feed_id":"Arkansas__City_of_Fort_Smith__mdb_ntd-60086","metadata_agency_names":"City of Fort Smith Transit","metadata_ntd_id":"60086","metadata_ntd_match_method":"manual_override","metadata_ntd_agency":"City of Fort Smith, dba: Fort Smith Transit","metadata_ntd_city":"Fort Smith","metadata_ntd_state":"AR","metadata_gtfs_route_count":7,"metadata_gtfs_trip_count":147,"metadata_gtfs_shape_count":15,"metadata_gtfs_stop_count":409,"metadata_ntd_agency_voms":10,"metadata_ntd_total_facilities":4,"metadata_ntd_maintenance_facilities":2,"metadata_ntd_passenger_stations":1,"metadata_tam_tier":"Tier II","metadata_service_area_sq_miles":65,"metadata_service_area_population":86209,"metadata_route_types_json":"{\"3\":7}","metadata_ntd_facilities_json":"{\"maintenance_facilities\":2,\"administrative_and_other_non_passenger_facilities\":1,\"passenger_stations_and_terminals\":1,\"parking_and_other_passenger_facilities\":0,\"total_facilities\":4,\"bus_transfer_centers\":1,\"elevated_fixed_guideway_stations\":0,\"at_grade_fixed_guideway_stations\":0,\"underground_fixed_guideway_stations\":0,\"simple_at_grade_platform_stations\":0,\"exclusive_grade_separated_platform_stations\":0,\"ferryboat_terminals\":0,\"surface_parking_lots\":0,\"parking_structures\":0}","metadata_tam_modes_json":"{\"DR\":{\"total_units_2024\":5,\"units_under_threshold_2024\":0,\"voms_2024\":3,\"total_modal_vrm_2024\":163578,\"total_modal_upt_2024\":19821},\"MB\":{\"total_units_2024\":22,\"units_under_threshold_2024\":0,\"voms_2024\":14,\"total_modal_vrm_2024\":607970,\"total_modal_upt_2024\":469580}}"},"geometry":{"type":"Point","coordinates":[-94.37597,35.339189]}},{"type":"Feature","properties":{"stop_id":"ArcBest__35.312113_-94.341891","stop_code":"","stop_name":"ArcBest","stop_desc":"","zone_id":"","stop_url":"","location_type":"","parent_station":"","stop_timezone":"","wheelchair_boarding":"","feed_id":"Arkansas__City_of_Fort_Smith__mdb_ntd-60086","agency_name":"City of Fort Smith Transit","route_count":0,"route_ids":"","route_short_names":"","route_types":"","route_type_names":"","routes_json":"[]","metadata_feed_id":"Arkansas__City_of_Fort_Smith__mdb_ntd-60086","metadata_agency_names":"City of Fort Smith Transit","metadata_ntd_id":"60086","metadata_ntd_match_method":"manual_override","metadata_ntd_agency":"City of Fort Smith, dba: Fort Smith Transit","metadata_ntd_city":"Fort Smith","metadata_ntd_state":"AR","metadata_gtfs_route_count":7,"metadata_gtfs_trip_count":147,"metadata_gtfs_shape_count":15,"metadata_gtfs_stop_count":409,"metadata_ntd_agency_voms":10,"metadata_ntd_total_facilities":4,"metadata_ntd_maintenance_facilities":2,"metadata_ntd_passenger_stations":1,"metadata_tam_tier":"Tier II","metadata_service_area_sq_miles":65,"metadata_service_area_population":86209,"metadata_route_types_json":"{\"3\":7}","metadata_ntd_facilities_json":"{\"maintenance_facilities\":2,\"administrative_and_other_non_passenger_facilities\":1,\"passenger_stations_and_terminals\":1,\"parking_and_other_passenger_facilities\":0,\"total_facilities\":4,\"bus_transfer_centers\":1,\"elevated_fixed_guideway_stations\":0,\"at_grade_fixed_guideway_stations\":0,\"underground_fixed_guideway_stations\":0,\"simple_at_grade_platform_stations\":0,\"exclusive_grade_separated_platform_stations\":0,\"ferryboat_terminals\":0,\"surface_parking_lots\":0,\"parking_structures\":0}","metadata_tam_modes_json":"{\"DR\":{\"total_units_2024\":5,\"units_under_threshold_2024\":0,\"voms_2024\":3,\"total_modal_vrm_2024\":163578,\"total_modal_upt_2024\":19821},\"MB\":{\"total_units_2024\":22,\"units_under_threshold_2024\":0,\"voms_2024\":14,\"total_modal_vrm_2024\":607970,\"total_modal_upt_2024\":469580}}"},"geometry":{"type":"Point","coordinates":[-94.341891,35.312113]}},{"type":"Feature","properties":{"stop_id":"Arvest Bank_5000 Rogers Ave_35.364922_-94.376372","stop_code":"","stop_name":"Arvest Bank","stop_desc":"","zone_id":"","stop_url":"","location_type":"","parent_station":"","stop_timezone":"","wheelchair_boarding":"","feed_id":"Arkansas__City_of_Fort_Smith__mdb_ntd-60086","agency_name":"City of Fort Smith Transit","route_count":1,"route_ids":"Rogers Supercenter","route_short_names":"","route_types":"3","route_type_names":"Bus","routes_json":"[{\"route_id\":\"Rogers Supercenter\",\"route_short_name\":\"\",\"route_long_name\":\"Rogers Supercenter\",\"route_type\":\"3\",\"route_type_name\":\"Bus\",\"route_color\":\"F98E10\",\"route_text_color\":\"000000\"}]","metadata_feed_id":"Arkansas__City_of_Fort_Smith__mdb_ntd-60086","metadata_agency_names":"City of Fort Smith Transit","metadata_ntd_id":"60086","metadata_ntd_match_method":"manual_override","metadata_ntd_agency":"City of Fort Smith, dba: Fort Smith Transit","metadata_ntd_city":"Fort Smith","metadata_ntd_state":"AR","metadata_gtfs_route_count":7,"metadata_gtfs_trip_count":147,"metadata_gtfs_shape_count":15,"metadata_gtfs_stop_count":409,"metadata_ntd_agency_voms":10,"metadata_ntd_total_facilities":4,"metadata_ntd_maintenance_facilities":2,"metadata_ntd_passenger_stations":1,"metadata_tam_tier":"Tier II","metadata_service_area_sq_miles":65,"metadata_service_area_population":86209,"metadata_route_types_json":"{\"3\":7}","metadata_ntd_facilities_json":"{\"maintenance_facilities\":2,\"administrative_and_other_non_passenger_facilities\":1,\"passenger_stations_and_terminals\":1,\"parking_and_other_passenger_facilities\":0,\"total_facilities\":4,\"bus_transfer_centers\":1,\"elevated_fixed_guideway_stations\":0,\"at_grade_fixed_guideway_stations\":0,\"underground_fixed_guideway_stations\":0,\"simple_at_grade_platform_stations\":0,\"exclusive_grade_separated_platform_stations\":0,\"ferryboat_terminals\":0,\"surface_parking_lots\":0,\"parking_structures\":0}","metadata_tam_modes_json":"{\"DR\":{\"total_units_2024\":5,\"units_under_threshold_2024\":0,\"voms_2024\":3,\"total_modal_vrm_2024\":163578,\"total_modal_upt_2024\":19821},\"MB\":{\"total_units_2024\":22,\"units_under_threshold_2024\":0,\"voms_2024\":14,\"total_modal_vrm_2024\":607970,\"total_modal_upt_2024\":469580}}"},"geometry":{"type":"Point","coordinates":[-94.376372,35.364922]}},{"type":"Feature","properties":{"stop_id":"Arvest Bank - 3200 Rogers Ave _3200 Rogers Ave Arvest Bank_35.374318_-94.398062","stop_code":"","stop_name":"Arvest Bank - 3200 Rogers Ave","stop_desc":"","zone_id":"","stop_url":"","location_type":"","parent_station":"","stop_timezone":"","wheelchair_boarding":"","feed_id":"Arkansas__City_of_Fort_Smith__mdb_ntd-60086","agency_name":"City of Fort Smith Transit","route_count":0,"route_ids":"","route_short_names":"","route_types":"","route_type_names":"","routes_json":"[]","metadata_feed_id":"Arkansas__City_of_Fort_Smith__mdb_ntd-60086","metadata_agency_names":"City of Fort Smith Transit","metadata_ntd_id":"60086","metadata_ntd_match_method":"manual_override","metadata_ntd_agency":"City of Fort Smith, dba: Fort Smith Transit","metadata_ntd_city":"Fort Smith","metadata_ntd_state":"AR","metadata_gtfs_route_count":7,"metadata_gtfs_trip_count":147,"metadata_gtfs_shape_count":15,"metadata_gtfs_stop_count":409,"metadata_ntd_agency_voms":10,"metadata_ntd_total_facilities":4,"metadata_ntd_maintenance_facilities":2,"metadata_ntd_passenger_stations":1,"metadata_tam_tier":"Tier II","metadata_service_area_sq_miles":65,"metadata_service_area_population":86209,"metadata_route_types_json":"{\"3\":7}","metadata_ntd_facilities_json":"{\"maintenance_facilities\":2,\"administrative_and_other_non_passenger_facilities\":1,\"passenger_stations_and_terminals\":1,\"parking_and_other_passenger_facilities\":0,\"total_facilities\":4,\"bus_transfer_centers\":1,\"elevated_fixed_guideway_stations\":0,\"at_grade_fixed_guideway_stations\":0,\"underground_fixed_guideway_stations\":0,\"simple_at_grade_platform_stations\":0,\"exclusive_grade_separated_platform_stations\":0,\"ferryboat_terminals\":0,\"surface_parking_lots\":0,\"parking_structures\":0}","metadata_tam_modes_json":"{\"DR\":{\"total_units_2024\":5,\"units_under_threshold_2024\":0,\"voms_2024\":3,\"total_modal_vrm_2024\":163578,\"total_modal_upt_2024\":19821},\"MB\":{\"total_units_2024\":22,\"units_under_threshold_2024\":0,\"voms_2024\":14,\"total_modal_vrm_2024\":607970,\"total_modal_upt_2024\":469580}}"},"geometry":{"type":"Point","coordinates":[-94.398062,35.374318]}},{"type":"Feature","properties":{"stop_id":"Baptist Health_Lexington Ave @ S I StBaptist Health_35.374409_-94.417815","stop_code":"","stop_name":"Baptist Health","stop_desc":"","zone_id":"","stop_url":"","location_type":"","parent_station":"","stop_timezone":"","wheelchair_boarding":"","feed_id":"Arkansas__City_of_Fort_Smith__mdb_ntd-60086","agency_name":"City of Fort Smith Transit","route_count":3,"route_ids":"Jenny Lind|Shuttle|Towson","route_short_names":"","route_types":"3","route_type_names":"Bus","routes_json":"[{\"route_id\":\"Jenny Lind\",\"route_short_name\":\"\",\"route_long_name\":\"Jenny Lind\",\"route_type\":\"3\",\"route_type_name\":\"Bus\",\"route_color\":\"8E00FF\",\"route_text_color\":\"FFFFFF\"},{\"route_id\":\"Shuttle\",\"route_short_name\":\"\",\"route_long_name\":\"Shuttle\",\"route_type\":\"3\",\"route_type_name\":\"Bus\",\"route_color\":\"000000\",\"route_text_color\":\"FFFFFF\"},{\"route_id\":\"Towson\",\"route_short_name\":\"\",\"route_long_name\":\"Towson\",\"route_type\":\"3\",\"route_type_name\":\"Bus\",\"route_color\":\"70AD47\",\"route_text_color\":\"000000\"}]","metadata_feed_id":"Arkansas__City_of_Fort_Smith__mdb_ntd-60086","metadata_agency_names":"City of Fort Smith Transit","metadata_ntd_id":"60086","metadata_ntd_match_method":"manual_override","metadata_ntd_agency":"City of Fort Smith, dba: Fort Smith Transit","metadata_ntd_city":"Fort Smith","metadata_ntd_state":"AR","metadata_gtfs_route_count":7,"metadata_gtfs_trip_count":147,"metadata_gtfs_shape_count":15,"metadata_gtfs_stop_count":409,"metadata_ntd_agency_voms":10,"metadata_ntd_total_facilities":4,"metadata_ntd_maintenance_facilities":2,"metadata_ntd_passenger_stations":1,"metadata_tam_tier":"Tier II","metadata_service_area_sq_miles":65,"metadata_service_area_population":86209,"metadata_route_types_json":"{\"3\":7}","metadata_ntd_facilities_json":"{\"maintenance_facilities\":2,\"administrative_and_other_non_passenger_facilities\":1,\"passenger_stations_and_terminals\":1,\"parking_and_other_passenger_facilities\":0,\"total_facilities\":4,\"bus_transfer_centers\":1,\"elevated_fixed_guideway_stations\":0,\"at_grade_fixed_guideway_stations\":0,\"underground_fixed_guideway_stations\":0,\"simple_at_grade_platform_stations\":0,\"exclusive_grade_separated_platform_stations\":0,\"ferryboat_terminals\":0,\"surface_parking_lots\":0,\"parking_structures\":0}","metadata_tam_modes_json":"{\"DR\":{\"total_units_2024\":5,\"units_under_threshold_2024\":0,\"voms_2024\":3,\"total_modal_vrm_2024\":163578,\"total_modal_upt_2024\":19821},\"MB\":{\"total_units_2024\":22,\"units_under_threshold_2024\":0,\"voms_2024\":14,\"total_modal_vrm_2024\":607970,\"total_modal_upt_2024\":469580}}"},"geometry":{"type":"Point","coordinates":[-94.417815,35.374409]}},{"type":"Feature","properties":{"stop_id":"Beckman Center_N 31st St @ Brooks DrBeckman Center_35.399180_-94.397212","stop_code":"","stop_name":"Beckman Center","stop_desc":"","zone_id":"","stop_url":"","location_type":"","parent_station":"","stop_timezone":"","wheelchair_boarding":"","feed_id":"Arkansas__City_of_Fort_Smith__mdb_ntd-60086","agency_name":"City of Fort Smith Transit","route_count":1,"route_ids":"Midland","route_short_names":"","route_types":"3","route_type_names":"Bus","routes_json":"[{\"route_id\":\"Midland\",\"route_short_name\":\"\",\"route_long_name\":\"Midland\",\"route_type\":\"3\",\"route_type_name\":\"Bus\",\"route_color\":\"F51414\",\"route_text_color\":\"FFFFFF\"}]","metadata_feed_id":"Arkansas__City_of_Fort_Smith__mdb_ntd-60086","metadata_agency_names":"City of Fort Smith Transit","metadata_ntd_id":"60086","metadata_ntd_match_method":"manual_override","metadata_ntd_agency":"City of Fort Smith, dba: Fort Smith Transit","metadata_ntd_city":"Fort Smith","metadata_ntd_state":"AR","metadata_gtfs_route_count":7,"metadata_gtfs_trip_count":147,"metadata_gtfs_shape_count":15,"metadata_gtfs_stop_count":409,"metadata_ntd_agency_voms":10,"metadata_ntd_total_facilities":4,"metadata_ntd_maintenance_facilities":2,"metadata_ntd_passenger_stations":1,"metadata_tam_tier":"Tier II","metadata_service_area_sq_miles":65,"metadata_service_area_population":86209,"metadata_route_types_json":"{\"3\":7}","metadata_ntd_facilities_json":"{\"maintenance_facilities\":2,\"administrative_and_other_non_passenger_facilities\":1,\"passenger_stations_and_terminals\":1,\"parking_and_other_passenger_facilities\":0,\"total_facilities\":4,\"bus_transfer_centers\":1,\"elevated_fixed_guideway_stations\":0,\"at_grade_fixed_guideway_stations\":0,\"underground_fixed_guideway_stations\":0,\"simple_at_grade_platform_stations\":0,\"exclusive_grade_separated_platform_stations\":0,\"ferryboat_terminals\":0,\"surface_parking_lots\":0,\"parking_structures\":0}","metadata_tam_modes_json":"{\"DR\":{\"total_units_2024\":5,\"units_under_threshold_2024\":0,\"voms_2024\":3,\"total_modal_vrm_2024\":163578,\"total_modal_upt_2024\":19821},\"MB\":{\"total_units_2024\":22,\"units_under_threshold_2024\":0,\"voms_2024\":14,\"total_modal_vrm_2024\":607970,\"total_modal_upt_2024\":469580}}"},"geometry":{"type":"Point","coordinates":[-94.397212,35.39918]}},{"type":"Feature","properties":{"stop_id":"Brooken Hill Dr @ Hwy 253 _Brooken Hill Dr @ Hwy 253 _35.291551_-94.423524","stop_code":"","stop_name":"Brooken Hill Dr @ Hwy 253","stop_desc":"","zone_id":"","stop_url":"","location_type":"","parent_station":"","stop_timezone":"","wheelchair_boarding":"","feed_id":"Arkansas__City_of_Fort_Smith__mdb_ntd-60086","agency_name":"City of Fort Smith Transit","route_count":1,"route_ids":"Jenny Lind","route_short_names":"","route_types":"3","route_type_names":"Bus","routes_json":"[{\"route_id\":\"Jenny Lind\",\"route_short_name\":\"\",\"route_long_name\":\"Jenny Lind\",\"route_type\":\"3\",\"route_type_name\":\"Bus\",\"route_color\":\"8E00FF\",\"route_text_color\":\"FFFFFF\"}]","metadata_feed_id":"Arkansas__City_of_Fort_Smith__mdb_ntd-60086","metadata_agency_names":"City of Fort Smith Transit","metadata_ntd_id":"60086","metadata_ntd_match_method":"manual_override","metadata_ntd_agency":"City of Fort Smith, dba: Fort Smith Transit","metadata_ntd_city":"Fort Smith","metadata_ntd_state":"AR","metadata_gtfs_route_count":7,"metadata_gtfs_trip_count":147,"metadata_gtfs_shape_count":15,"metadata_gtfs_stop_count":409,"metadata_ntd_agency_voms":10,"metadata_ntd_total_facilities":4,"metadata_ntd_maintenance_facilities":2,"metadata_ntd_passenger_stations":1,"metadata_tam_tier":"Tier II","metadata_service_area_sq_miles":65,"metadata_service_area_population":86209,"metadata_route_types_json":"{\"3\":7}","metadata_ntd_facilities_json":"{\"maintenance_facilities\":2,\"administrative_and_other_non_passenger_facilities\":1,\"passenger_stations_and_terminals\":1,\"parking_and_other_passenger_facilities\":0,\"total_facilities\":4,\"bus_transfer_centers\":1,\"elevated_fixed_guideway_stations\":0,\"at_grade_fixed_guideway_stations\":0,\"underground_fixed_guideway_stations\":0,\"simple_at_grade_platform_stations\":0,\"exclusive_grade_separated_platform_stations\":0,\"ferryboat_terminals\":0,\"surface_parking_lots\":0,\"parking_structures\":0}","metadata_tam_modes_json":"{\"DR\":{\"total_units_2024\":5,\"units_under_threshold_2024\":0,\"voms_2024\":3,\"total_modal_vrm_2024\":163578,\"total_modal_upt_2024\":19821},\"MB\":{\"total_units_2024\":22,\"units_under_threshold_2024\":0,\"voms_2024\":14,\"total_modal_vrm_2024\":607970,\"total_modal_upt_2024\":469580}}"},"geometry":{"type":"Point","coordinates":[-94.423524,35.291551]}},{"type":"Feature","properties":{"stop_id":"Buddy Smith House VA__35.389278_-94.418701","stop_code":"","stop_name":"Buddy Smith House VA","stop_desc":"","zone_id":"","stop_url":"","location_type":"","parent_station":"","stop_timezone":"","wheelchair_boarding":"","feed_id":"Arkansas__City_of_Fort_Smith__mdb_ntd-60086","agency_name":"City of Fort Smith Transit","route_count":1,"route_ids":"Shuttle","route_short_names":"","route_types":"3","route_type_names":"Bus","routes_json":"[{\"route_id\":\"Shuttle\",\"route_short_name\":\"\",\"route_long_name\":\"Shuttle\",\"route_type\":\"3\",\"route_type_name\":\"Bus\",\"route_color\":\"000000\",\"route_text_color\":\"FFFFFF\"}]","metadata_feed_id":"Arkansas__City_of_Fort_Smith__mdb_ntd-60086","metadata_agency_names":"City of Fort Smith Transit","metadata_ntd_id":"60086","metadata_ntd_match_method":"manual_override","metadata_ntd_agency":"City of Fort Smith, dba: Fort Smith Transit","metadata_ntd_city":"Fort Smith","metadata_ntd_state":"AR","metadata_gtfs_route_count":7,"metadata_gtfs_trip_count":147,"metadata_gtfs_shape_count":15,"metadata_gtfs_stop_count":409,"metadata_ntd_agency_voms":10,"metadata_ntd_total_facilities":4,"metadata_ntd_maintenance_facilities":2,"metadata_ntd_passenger_stations":1,"metadata_tam_tier":"Tier II","metadata_service_area_sq_miles":65,"metadata_service_area_population":86209,"metadata_route_types_json":"{\"3\":7}","metadata_ntd_facilities_json":"{\"maintenance_facilities\":2,\"administrative_and_other_non_passenger_facilities\":1,\"passenger_stations_and_terminals\":1,\"parking_and_other_passenger_facilities\":0,\"total_facilities\":4,\"bus_transfer_centers\":1,\"elevated_fixed_guideway_stations\":0,\"at_grade_fixed_guideway_stations\":0,\"underground_fixed_guideway_stations\":0,\"simple_at_grade_platform_stations\":0,\"exclusive_grade_separated_platform_stations\":0,\"ferryboat_terminals\":0,\"surface_parking_lots\":0,\"parking_structures\":0}","metadata_tam_modes_json":"{\"DR\":{\"total_units_2024\":5,\"units_under_threshold_2024\":0,\"voms_2024\":3,\"total_modal_vrm_2024\":163578,\"total_modal_upt_2024\":19821},\"MB\":{\"total_units_2024\":22,\"units_under_threshold_2024\":0,\"voms_2024\":14,\"total_modal_vrm_2024\":607970,\"total_modal_upt_2024\":469580}}"},"geometry":{"type":"Point","coordinates":[-94.418701,35.389278]}},{"type":"Feature","properties":{"stop_id":"Calvert McBride Printing Inc.__35.305560_-94.391469","stop_code":"","stop_name":"Calvert McBride Printing Inc.","stop_desc":"","zone_id":"","stop_url":"","location_type":"","parent_station":"","stop_timezone":"","wheelchair_boarding":"","feed_id":"Arkansas__City_of_Fort_Smith__mdb_ntd-60086","agency_name":"City of Fort Smith Transit","route_count":0,"route_ids":"","route_short_names":"","route_types":"","route_type_names":"","routes_json":"[]","metadata_feed_id":"Arkansas__City_of_Fort_Smith__mdb_ntd-60086","metadata_agency_names":"City of Fort Smith Transit","metadata_ntd_id":"60086","metadata_ntd_match_method":"manual_override","metadata_ntd_agency":"City of Fort Smith, dba: Fort Smith Transit","metadata_ntd_city":"Fort Smith","metadata_ntd_state":"AR","metadata_gtfs_route_count":7,"metadata_gtfs_trip_count":147,"metadata_gtfs_shape_count":15,"metadata_gtfs_stop_count":409,"metadata_ntd_agency_voms":10,"metadata_ntd_total_facilities":4,"metadata_ntd_maintenance_facilities":2,"metadata_ntd_passenger_stations":1,"metadata_tam_tier":"Tier II","metadata_service_area_sq_miles":65,"metadata_service_area_population":86209,"metadata_route_types_json":"{\"3\":7}","metadata_ntd_facilities_json":"{\"maintenance_facilities\":2,\"administrative_and_other_non_passenger_facilities\":1,\"passenger_stations_and_terminals\":1,\"parking_and_other_passenger_facilities\":0,\"total_facilities\":4,\"bus_transfer_centers\":1,\"elevated_fixed_guideway_stations\":0,\"at_grade_fixed_guideway_stations\":0,\"underground_fixed_guideway_stations\":0,\"simple_at_grade_platform_stations\":0,\"exclusive_grade_separated_platform_stations\":0,\"ferryboat_terminals\":0,\"surface_parking_lots\":0,\"parking_structures\":0}","metadata_tam_modes_json":"{\"DR\":{\"total_units_2024\":5,\"units_under_threshold_2024\":0,\"voms_2024\":3,\"total_modal_vrm_2024\":163578,\"total_modal_upt_2024\":19821},\"MB\":{\"total_units_2024\":22,\"units_under_threshold_2024\":0,\"voms_2024\":14,\"total_modal_vrm_2024\":607970,\"total_modal_upt_2024\":469580}}"},"geometry":{"type":"Point","coordinates":[-94.391469,35.30556]}},{"type":"Feature","properties":{"stop_id":"Central Mall Food Court_5111 Rogers Ave_35.367527_-94.372804","stop_code":"","stop_name":"Central Mall Food Court","stop_desc":"","zone_id":"","stop_url":"","location_type":"","parent_station":"","stop_timezone":"","wheelchair_boarding":"","feed_id":"Arkansas__City_of_Fort_Smith__mdb_ntd-60086","agency_name":"City of Fort Smith Transit","route_count":1,"route_ids":"Rogers Supercenter","route_short_names":"","route_types":"3","route_type_names":"Bus","routes_json":"[{\"route_id\":\"Rogers Supercenter\",\"route_short_name\":\"\",\"route_long_name\":\"Rogers Supercenter\",\"route_type\":\"3\",\"route_type_name\":\"Bus\",\"route_color\":\"F98E10\",\"route_text_color\":\"000000\"}]","metadata_feed_id":"Arkansas__City_of_Fort_Smith__mdb_ntd-60086","metadata_agency_names":"City of Fort Smith Transit","metadata_ntd_id":"60086","metadata_ntd_match_method":"manual_override","metadata_ntd_agency":"City of Fort Smith, dba: Fort Smith Transit","metadata_ntd_city":"Fort Smith","metadata_ntd_state":"AR","metadata_gtfs_route_count":7,"metadata_gtfs_trip_count":147,"metadata_gtfs_shape_count":15,"metadata_gtfs_stop_count":409,"metadata_ntd_agency_voms":10,"metadata_ntd_total_facilities":4,"metadata_ntd_maintenance_facilities":2,"metadata_ntd_passenger_stations":1,"metadata_tam_tier":"Tier II","metadata_service_area_sq_miles":65,"metadata_service_area_population":86209,"metadata_route_types_json":"{\"3\":7}","metadata_ntd_facilities_json":"{\"maintenance_facilities\":2,\"administrative_and_other_non_passenger_facilities\":1,\"passenger_stations_and_terminals\":1,\"parking_and_other_passenger_facilities\":0,\"total_facilities\":4,\"bus_transfer_centers\":1,\"elevated_fixed_guideway_stations\":0,\"at_grade_fixed_guideway_stations\":0,\"underground_fixed_guideway_stations\":0,\"simple_at_grade_platform_stations\":0,\"exclusive_grade_separated_platform_stations\":0,\"ferryboat_terminals\":0,\"surface_parking_lots\":0,\"parking_structures\":0}","metadata_tam_modes_json":"{\"DR\":{\"total_units_2024\":5,\"units_under_threshold_2024\":0,\"voms_2024\":3,\"total_modal_vrm_2024\":163578,\"total_modal_upt_2024\":19821},\"MB\":{\"total_units_2024\":22,\"units_under_threshold_2024\":0,\"voms_2024\":14,\"total_modal_vrm_2024\":607970,\"total_modal_upt_2024\":469580}}"},"geometry":{"type":"Point","coordinates":[-94.372804,35.367527]}},{"type":"Feature","properties":{"stop_id":"Central Mall Main Entrance_Central Mall Main Entrance_35.363691_-94.374654","stop_code":"","stop_name":"Central Mall Main Entrance","stop_desc":"","zone_id":"","stop_url":"","location_type":"","parent_station":"","stop_timezone":"","wheelchair_boarding":"","feed_id":"Arkansas__City_of_Fort_Smith__mdb_ntd-60086","agency_name":"City of Fort Smith Transit","route_count":1,"route_ids":"Rogers Express","route_short_names":"","route_types":"3","route_type_names":"Bus","routes_json":"[{\"route_id\":\"Rogers Express\",\"route_short_name\":\"\",\"route_long_name\":\"Rogers Express\",\"route_type\":\"3\",\"route_type_name\":\"Bus\",\"route_color\":\"4472C4\",\"route_text_color\":\"FFFFFF\"}]","metadata_feed_id":"Arkansas__City_of_Fort_Smith__mdb_ntd-60086","metadata_agency_names":"City of Fort Smith Transit","metadata_ntd_id":"60086","metadata_ntd_match_method":"manual_override","metadata_ntd_agency":"City of Fort Smith, dba: Fort Smith Transit","metadata_ntd_city":"Fort Smith","metadata_ntd_state":"AR","metadata_gtfs_route_count":7,"metadata_gtfs_trip_count":147,"metadata_gtfs_shape_count":15,"metadata_gtfs_stop_count":409,"metadata_ntd_agency_voms":10,"metadata_ntd_total_facilities":4,"metadata_ntd_maintenance_facilities":2,"metadata_ntd_passenger_stations":1,"metadata_tam_tier":"Tier II","metadata_service_area_sq_miles":65,"metadata_service_area_population":86209,"metadata_route_types_json":"{\"3\":7}","metadata_ntd_facilities_json":"{\"maintenance_facilities\":2,\"administrative_and_other_non_passenger_facilities\":1,\"passenger_stations_and_terminals\":1,\"parking_and_other_passenger_facilities\":0,\"total_facilities\":4,\"bus_transfer_centers\":1,\"elevated_fixed_guideway_stations\":0,\"at_grade_fixed_guideway_stations\":0,\"underground_fixed_guideway_stations\":0,\"simple_at_grade_platform_stations\":0,\"exclusive_grade_separated_platform_stations\":0,\"ferryboat_terminals\":0,\"surface_parking_lots\":0,\"parking_structures\":0}","metadata_tam_modes_json":"{\"DR\":{\"total_units_2024\":5,\"units_under_threshold_2024\":0,\"voms_2024\":3,\"total_modal_vrm_2024\":163578,\"total_modal_upt_2024\":19821},\"MB\":{\"total_units_2024\":22,\"units_under_threshold_2024\":0,\"voms_2024\":14,\"total_modal_vrm_2024\":607970,\"total_modal_upt_2024\":469580}}"},"geometry":{"type":"Point","coordinates":[-94.374654,35.363691]}},{"type":"Feature","properties":{"stop_id":"Chaffee Barbershop Museum__35.312359_-94.301184","stop_code":"","stop_name":"Chaffee Barbershop Museum","stop_desc":"","zone_id":"","stop_url":"","location_type":"","parent_station":"","stop_timezone":"","wheelchair_boarding":"","feed_id":"Arkansas__City_of_Fort_Smith__mdb_ntd-60086","agency_name":"City of Fort Smith Transit","route_count":0,"route_ids":"","route_short_names":"","route_types":"","route_type_names":"","routes_json":"[]","metadata_feed_id":"Arkansas__City_of_Fort_Smith__mdb_ntd-60086","metadata_agency_names":"City of Fort Smith Transit","metadata_ntd_id":"60086","metadata_ntd_match_method":"manual_override","metadata_ntd_agency":"City of Fort Smith, dba: Fort Smith Transit","metadata_ntd_city":"Fort Smith","metadata_ntd_state":"AR","metadata_gtfs_route_count":7,"metadata_gtfs_trip_count":147,"metadata_gtfs_shape_count":15,"metadata_gtfs_stop_count":409,"metadata_ntd_agency_voms":10,"metadata_ntd_total_facilities":4,"metadata_ntd_maintenance_facilities":2,"metadata_ntd_passenger_stations":1,"metadata_tam_tier":"Tier II","metadata_service_area_sq_miles":65,"metadata_service_area_population":86209,"metadata_route_types_json":"{\"3\":7}","metadata_ntd_facilities_json":"{\"maintenance_facilities\":2,\"administrative_and_other_non_passenger_facilities\":1,\"passenger_stations_and_terminals\":1,\"parking_and_other_passenger_facilities\":0,\"total_facilities\":4,\"bus_transfer_centers\":1,\"elevated_fixed_guideway_stations\":0,\"at_grade_fixed_guideway_stations\":0,\"underground_fixed_guideway_stations\":0,\"simple_at_grade_platform_stations\":0,\"exclusive_grade_separated_platform_stations\":0,\"ferryboat_terminals\":0,\"surface_parking_lots\":0,\"parking_structures\":0}","metadata_tam_modes_json":"{\"DR\":{\"total_units_2024\":5,\"units_under_threshold_2024\":0,\"voms_2024\":3,\"total_modal_vrm_2024\":163578,\"total_modal_upt_2024\":19821},\"MB\":{\"total_units_2024\":22,\"units_under_threshold_2024\":0,\"voms_2024\":14,\"total_modal_vrm_2024\":607970,\"total_modal_upt_2024\":469580}}"},"geometry":{"type":"Point","coordinates":[-94.301184,35.312359]}},{"type":"Feature","properties":{"stop_id":"Chaffee Crossing Clinic__35.308754_-94.308216","stop_code":"","stop_name":"Chaffee Crossing Clinic","stop_desc":"","zone_id":"","stop_url":"","location_type":"","parent_station":"","stop_timezone":"","wheelchair_boarding":"","feed_id":"Arkansas__City_of_Fort_Smith__mdb_ntd-60086","agency_name":"City of Fort Smith Transit","route_count":0,"route_ids":"","route_short_names":"","route_types":"","route_type_names":"","routes_json":"[]","metadata_feed_id":"Arkansas__City_of_Fort_Smith__mdb_ntd-60086","metadata_agency_names":"City of Fort Smith Transit","metadata_ntd_id":"60086","metadata_ntd_match_method":"manual_override","metadata_ntd_agency":"City of Fort Smith, dba: Fort Smith Transit","metadata_ntd_city":"Fort Smith","metadata_ntd_state":"AR","metadata_gtfs_route_count":7,"metadata_gtfs_trip_count":147,"metadata_gtfs_shape_count":15,"metadata_gtfs_stop_count":409,"metadata_ntd_agency_voms":10,"metadata_ntd_total_facilities":4,"metadata_ntd_maintenance_facilities":2,"metadata_ntd_passenger_stations":1,"metadata_tam_tier":"Tier II","metadata_service_area_sq_miles":65,"metadata_service_area_population":86209,"metadata_route_types_json":"{\"3\":7}","metadata_ntd_facilities_json":"{\"maintenance_facilities\":2,\"administrative_and_other_non_passenger_facilities\":1,\"passenger_stations_and_terminals\":1,\"parking_and_other_passenger_facilities\":0,\"total_facilities\":4,\"bus_transfer_centers\":1,\"elevated_fixed_guideway_stations\":0,\"at_grade_fixed_guideway_stations\":0,\"underground_fixed_guideway_stations\":0,\"simple_at_grade_platform_stations\":0,\"exclusive_grade_separated_platform_stations\":0,\"ferryboat_terminals\":0,\"surface_parking_lots\":0,\"parking_structures\":0}","metadata_tam_modes_json":"{\"DR\":{\"total_units_2024\":5,\"units_under_threshold_2024\":0,\"voms_2024\":3,\"total_modal_vrm_2024\":163578,\"total_modal_upt_2024\":19821},\"MB\":{\"total_units_2024\":22,\"units_under_threshold_2024\":0,\"voms_2024\":14,\"total_modal_vrm_2024\":607970,\"total_modal_upt_2024\":469580}}"},"geometry":{"type":"Point","coordinates":[-94.308216,35.308754]}},{"type":"Feature","properties":{"stop_id":"Chaffee Crossing Mini Storage__35.323577_-94.339817","stop_code":"","stop_name":"Chaffee Crossing Mini Storage","stop_desc":"","zone_id":"","stop_url":"","location_type":"","parent_station":"","stop_timezone":"","wheelchair_boarding":"","feed_id":"Arkansas__City_of_Fort_Smith__mdb_ntd-60086","agency_name":"City of Fort Smith Transit","route_count":0,"route_ids":"","route_short_names":"","route_types":"","route_type_names":"","routes_json":"[]","metadata_feed_id":"Arkansas__City_of_Fort_Smith__mdb_ntd-60086","metadata_agency_names":"City of Fort Smith Transit","metadata_ntd_id":"60086","metadata_ntd_match_method":"manual_override","metadata_ntd_agency":"City of Fort Smith, dba: Fort Smith Transit","metadata_ntd_city":"Fort Smith","metadata_ntd_state":"AR","metadata_gtfs_route_count":7,"metadata_gtfs_trip_count":147,"metadata_gtfs_shape_count":15,"metadata_gtfs_stop_count":409,"metadata_ntd_agency_voms":10,"metadata_ntd_total_facilities":4,"metadata_ntd_maintenance_facilities":2,"metadata_ntd_passenger_stations":1,"metadata_tam_tier":"Tier II","metadata_service_area_sq_miles":65,"metadata_service_area_population":86209,"metadata_route_types_json":"{\"3\":7}","metadata_ntd_facilities_json":"{\"maintenance_facilities\":2,\"administrative_and_other_non_passenger_facilities\":1,\"passenger_stations_and_terminals\":1,\"parking_and_other_passenger_facilities\":0,\"total_facilities\":4,\"bus_transfer_centers\":1,\"elevated_fixed_guideway_stations\":0,\"at_grade_fixed_guideway_stations\":0,\"underground_fixed_guideway_stations\":0,\"simple_at_grade_platform_stations\":0,\"exclusive_grade_separated_platform_stations\":0,\"ferryboat_terminals\":0,\"surface_parking_lots\":0,\"parking_structures\":0}","metadata_tam_modes_json":"{\"DR\":{\"total_units_2024\":5,\"units_under_threshold_2024\":0,\"voms_2024\":3,\"total_modal_vrm_2024\":163578,\"total_modal_upt_2024\":19821},\"MB\":{\"total_units_2024\":22,\"units_under_threshold_2024\":0,\"voms_2024\":14,\"total_modal_vrm_2024\":607970,\"total_modal_upt_2024\":469580}}"},"geometry":{"type":"Point","coordinates":[-94.339817,35.323577]}},{"type":"Feature","properties":{"stop_id":"Cherry Tree East Apartments__35.349990_-94.361002","stop_code":"","stop_name":"Cherry Tree East Apartments","stop_desc":"","zone_id":"","stop_url":"","location_type":"","parent_station":"","stop_timezone":"","wheelchair_boarding":"","feed_id":"Arkansas__City_of_Fort_Smith__mdb_ntd-60086","agency_name":"City of Fort Smith Transit","route_count":1,"route_ids":"Towson","route_short_names":"","route_types":"3","route_type_names":"Bus","routes_json":"[{\"route_id\":\"Towson\",\"route_short_name\":\"\",\"route_long_name\":\"Towson\",\"route_type\":\"3\",\"route_type_name\":\"Bus\",\"route_color\":\"70AD47\",\"route_text_color\":\"000000\"}]","metadata_feed_id":"Arkansas__City_of_Fort_Smith__mdb_ntd-60086","metadata_agency_names":"City of Fort Smith Transit","metadata_ntd_id":"60086","metadata_ntd_match_method":"manual_override","metadata_ntd_agency":"City of Fort Smith, dba: Fort Smith Transit","metadata_ntd_city":"Fort Smith","metadata_ntd_state":"AR","metadata_gtfs_route_count":7,"metadata_gtfs_trip_count":147,"metadata_gtfs_shape_count":15,"metadata_gtfs_stop_count":409,"metadata_ntd_agency_voms":10,"metadata_ntd_total_facilities":4,"metadata_ntd_maintenance_facilities":2,"metadata_ntd_passenger_stations":1,"metadata_tam_tier":"Tier II","metadata_service_area_sq_miles":65,"metadata_service_area_population":86209,"metadata_route_types_json":"{\"3\":7}","metadata_ntd_facilities_json":"{\"maintenance_facilities\":2,\"administrative_and_other_non_passenger_facilities\":1,\"passenger_stations_and_terminals\":1,\"parking_and_other_passenger_facilities\":0,\"total_facilities\":4,\"bus_transfer_centers\":1,\"elevated_fixed_guideway_stations\":0,\"at_grade_fixed_guideway_stations\":0,\"underground_fixed_guideway_stations\":0,\"simple_at_grade_platform_stations\":0,\"exclusive_grade_separated_platform_stations\":0,\"ferryboat_terminals\":0,\"surface_parking_lots\":0,\"parking_structures\":0}","metadata_tam_modes_json":"{\"DR\":{\"total_units_2024\":5,\"units_under_threshold_2024\":0,\"voms_2024\":3,\"total_modal_vrm_2024\":163578,\"total_modal_upt_2024\":19821},\"MB\":{\"total_units_2024\":22,\"units_under_threshold_2024\":0,\"voms_2024\":14,\"total_modal_vrm_2024\":607970,\"total_modal_upt_2024\":469580}}"},"geometry":{"type":"Point","coordinates":[-94.361002,35.34999]}},{"type":"Feature","properties":{"stop_id":"Clothes Closet__35.390896_-94.426274","stop_code":"","stop_name":"Clothes Closet","stop_desc":"","zone_id":"","stop_url":"","location_type":"","parent_station":"","stop_timezone":"","wheelchair_boarding":"","feed_id":"Arkansas__City_of_Fort_Smith__mdb_ntd-60086","agency_name":"City of Fort Smith Transit","route_count":1,"route_ids":"Shuttle","route_short_names":"","route_types":"3","route_type_names":"Bus","routes_json":"[{\"route_id\":\"Shuttle\",\"route_short_name\":\"\",\"route_long_name\":\"Shuttle\",\"route_type\":\"3\",\"route_type_name\":\"Bus\",\"route_color\":\"000000\",\"route_text_color\":\"FFFFFF\"}]","metadata_feed_id":"Arkansas__City_of_Fort_Smith__mdb_ntd-60086","metadata_agency_names":"City of Fort Smith Transit","metadata_ntd_id":"60086","metadata_ntd_match_method":"manual_override","metadata_ntd_agency":"City of Fort Smith, dba: Fort Smith Transit","metadata_ntd_city":"Fort Smith","metadata_ntd_state":"AR","metadata_gtfs_route_count":7,"metadata_gtfs_trip_count":147,"metadata_gtfs_shape_count":15,"metadata_gtfs_stop_count":409,"metadata_ntd_agency_voms":10,"metadata_ntd_total_facilities":4,"metadata_ntd_maintenance_facilities":2,"metadata_ntd_passenger_stations":1,"metadata_tam_tier":"Tier II","metadata_service_area_sq_miles":65,"metadata_service_area_population":86209,"metadata_route_types_json":"{\"3\":7}","metadata_ntd_facilities_json":"{\"maintenance_facilities\":2,\"administrative_and_other_non_passenger_facilities\":1,\"passenger_stations_and_terminals\":1,\"parking_and_other_passenger_facilities\":0,\"total_facilities\":4,\"bus_transfer_centers\":1,\"elevated_fixed_guideway_stations\":0,\"at_grade_fixed_guideway_stations\":0,\"underground_fixed_guideway_stations\":0,\"simple_at_grade_platform_stations\":0,\"exclusive_grade_separated_platform_stations\":0,\"ferryboat_terminals\":0,\"surface_parking_lots\":0,\"parking_structures\":0}","metadata_tam_modes_json":"{\"DR\":{\"total_units_2024\":5,\"units_under_threshold_2024\":0,\"voms_2024\":3,\"total_modal_vrm_2024\":163578,\"total_modal_upt_2024\":19821},\"MB\":{\"total_units_2024\":22,\"units_under_threshold_2024\":0,\"voms_2024\":14,\"total_modal_vrm_2024\":607970,\"total_modal_upt_2024\":469580}}"},"geometry":{"type":"Point","coordinates":[-94.426274,35.390896]}},{"type":"Feature","properties":{"stop_id":"Community Rescue Mission__35.393188_-94.422643","stop_code":"","stop_name":"Community Rescue Mission","stop_desc":"","zone_id":"","stop_url":"","location_type":"","parent_station":"","stop_timezone":"","wheelchair_boarding":"","feed_id":"Arkansas__City_of_Fort_Smith__mdb_ntd-60086","agency_name":"City of Fort Smith Transit","route_count":1,"route_ids":"Shuttle","route_short_names":"","route_types":"3","route_type_names":"Bus","routes_json":"[{\"route_id\":\"Shuttle\",\"route_short_name\":\"\",\"route_long_name\":\"Shuttle\",\"route_type\":\"3\",\"route_type_name\":\"Bus\",\"route_color\":\"000000\",\"route_text_color\":\"FFFFFF\"}]","metadata_feed_id":"Arkansas__City_of_Fort_Smith__mdb_ntd-60086","metadata_agency_names":"City of Fort Smith Transit","metadata_ntd_id":"60086","metadata_ntd_match_method":"manual_override","metadata_ntd_agency":"City of Fort Smith, dba: Fort Smith Transit","metadata_ntd_city":"Fort Smith","metadata_ntd_state":"AR","metadata_gtfs_route_count":7,"metadata_gtfs_trip_count":147,"metadata_gtfs_shape_count":15,"metadata_gtfs_stop_count":409,"metadata_ntd_agency_voms":10,"metadata_ntd_total_facilities":4,"metadata_ntd_maintenance_facilities":2,"metadata_ntd_passenger_stations":1,"metadata_tam_tier":"Tier II","metadata_service_area_sq_miles":65,"metadata_service_area_population":86209,"metadata_route_types_json":"{\"3\":7}","metadata_ntd_facilities_json":"{\"maintenance_facilities\":2,\"administrative_and_other_non_passenger_facilities\":1,\"passenger_stations_and_terminals\":1,\"parking_and_other_passenger_facilities\":0,\"total_facilities\":4,\"bus_transfer_centers\":1,\"elevated_fixed_guideway_stations\":0,\"at_grade_fixed_guideway_stations\":0,\"underground_fixed_guideway_stations\":0,\"simple_at_grade_platform_stations\":0,\"exclusive_grade_separated_platform_stations\":0,\"ferryboat_terminals\":0,\"surface_parking_lots\":0,\"parking_structures\":0}","metadata_tam_modes_json":"{\"DR\":{\"total_units_2024\":5,\"units_under_threshold_2024\":0,\"voms_2024\":3,\"total_modal_vrm_2024\":163578,\"total_modal_upt_2024\":19821},\"MB\":{\"total_units_2024\":22,\"units_under_threshold_2024\":0,\"voms_2024\":14,\"total_modal_vrm_2024\":607970,\"total_modal_upt_2024\":469580}}"},"geometry":{"type":"Point","coordinates":[-94.422643,35.393188]}},{"type":"Feature","properties":{"stop_id":"Division St @ N 29th St_Division St @ N 29th St_35.400537_-94.399889","stop_code":"","stop_name":"Division St @ N 29th St","stop_desc":"","zone_id":"","stop_url":"","location_type":"","parent_station":"","stop_timezone":"","wheelchair_boarding":"","feed_id":"Arkansas__City_of_Fort_Smith__mdb_ntd-60086","agency_name":"City of Fort Smith Transit","route_count":1,"route_ids":"Midland","route_short_names":"","route_types":"3","route_type_names":"Bus","routes_json":"[{\"route_id\":\"Midland\",\"route_short_name\":\"\",\"route_long_name\":\"Midland\",\"route_type\":\"3\",\"route_type_name\":\"Bus\",\"route_color\":\"F51414\",\"route_text_color\":\"FFFFFF\"}]","metadata_feed_id":"Arkansas__City_of_Fort_Smith__mdb_ntd-60086","metadata_agency_names":"City of Fort Smith Transit","metadata_ntd_id":"60086","metadata_ntd_match_method":"manual_override","metadata_ntd_agency":"City of Fort Smith, dba: Fort Smith Transit","metadata_ntd_city":"Fort Smith","metadata_ntd_state":"AR","metadata_gtfs_route_count":7,"metadata_gtfs_trip_count":147,"metadata_gtfs_shape_count":15,"metadata_gtfs_stop_count":409,"metadata_ntd_agency_voms":10,"metadata_ntd_total_facilities":4,"metadata_ntd_maintenance_facilities":2,"metadata_ntd_passenger_stations":1,"metadata_tam_tier":"Tier II","metadata_service_area_sq_miles":65,"metadata_service_area_population":86209,"metadata_route_types_json":"{\"3\":7}","metadata_ntd_facilities_json":"{\"maintenance_facilities\":2,\"administrative_and_other_non_passenger_facilities\":1,\"passenger_stations_and_terminals\":1,\"parking_and_other_passenger_facilities\":0,\"total_facilities\":4,\"bus_transfer_centers\":1,\"elevated_fixed_guideway_stations\":0,\"at_grade_fixed_guideway_stations\":0,\"underground_fixed_guideway_stations\":0,\"simple_at_grade_platform_stations\":0,\"exclusive_grade_separated_platform_stations\":0,\"ferryboat_terminals\":0,\"surface_parking_lots\":0,\"parking_structures\":0}","metadata_tam_modes_json":"{\"DR\":{\"total_units_2024\":5,\"units_under_threshold_2024\":0,\"voms_2024\":3,\"total_modal_vrm_2024\":163578,\"total_modal_upt_2024\":19821},\"MB\":{\"total_units_2024\":22,\"units_under_threshold_2024\":0,\"voms_2024\":14,\"total_modal_vrm_2024\":607970,\"total_modal_upt_2024\":469580}}"},"geometry":{"type":"Point","coordinates":[-94.399889,35.400537]}},{"type":"Feature","properties":{"stop_id":"Division St @ N 31st St_Division St @ N 31st St_35.400461_-94.397181","stop_code":"","stop_name":"Division St @ N 31st St","stop_desc":"","zone_id":"","stop_url":"","location_type":"","parent_station":"","stop_timezone":"","wheelchair_boarding":"","feed_id":"Arkansas__City_of_Fort_Smith__mdb_ntd-60086","agency_name":"City of Fort Smith Transit","route_count":1,"route_ids":"Midland","route_short_names":"","route_types":"3","route_type_names":"Bus","routes_json":"[{\"route_id\":\"Midland\",\"route_short_name\":\"\",\"route_long_name\":\"Midland\",\"route_type\":\"3\",\"route_type_name\":\"Bus\",\"route_color\":\"F51414\",\"route_text_color\":\"FFFFFF\"}]","metadata_feed_id":"Arkansas__City_of_Fort_Smith__mdb_ntd-60086","metadata_agency_names":"City of Fort Smith Transit","metadata_ntd_id":"60086","metadata_ntd_match_method":"manual_override","metadata_ntd_agency":"City of Fort Smith, dba: Fort Smith Transit","metadata_ntd_city":"Fort Smith","metadata_ntd_state":"AR","metadata_gtfs_route_count":7,"metadata_gtfs_trip_count":147,"metadata_gtfs_shape_count":15,"metadata_gtfs_stop_count":409,"metadata_ntd_agency_voms":10,"metadata_ntd_total_facilities":4,"metadata_ntd_maintenance_facilities":2,"metadata_ntd_passenger_stations":1,"metadata_tam_tier":"Tier II","metadata_service_area_sq_miles":65,"metadata_service_area_population":86209,"metadata_route_types_json":"{\"3\":7}","metadata_ntd_facilities_json":"{\"maintenance_facilities\":2,\"administrative_and_other_non_passenger_facilities\":1,\"passenger_stations_and_terminals\":1,\"parking_and_other_passenger_facilities\":0,\"total_facilities\":4,\"bus_transfer_centers\":1,\"elevated_fixed_guideway_stations\":0,\"at_grade_fixed_guideway_stations\":0,\"underground_fixed_guideway_stations\":0,\"simple_at_grade_platform_stations\":0,\"exclusive_grade_separated_platform_stations\":0,\"ferryboat_terminals\":0,\"surface_parking_lots\":0,\"parking_structures\":0}","metadata_tam_modes_json":"{\"DR\":{\"total_units_2024\":5,\"units_under_threshold_2024\":0,\"voms_2024\":3,\"total_modal_vrm_2024\":163578,\"total_modal_upt_2024\":19821},\"MB\":{\"total_units_2024\":22,\"units_under_threshold_2024\":0,\"voms_2024\":14,\"total_modal_vrm_2024\":607970,\"total_modal_upt_2024\":469580}}"},"geometry":{"type":"Point","coordinates":[-94.397181,35.400461]}},{"type":"Feature","properties":{"stop_id":"Division St @ N 32nd St_Division St @ N 32nd St_35.400473_-94.396031","stop_code":"","stop_name":"Division St @ N 32nd St","stop_desc":"","zone_id":"","stop_url":"","location_type":"","parent_station":"","stop_timezone":"","wheelchair_boarding":"","feed_id":"Arkansas__City_of_Fort_Smith__mdb_ntd-60086","agency_name":"City of Fort Smith Transit","route_count":1,"route_ids":"Midland","route_short_names":"","route_types":"3","route_type_names":"Bus","routes_json":"[{\"route_id\":\"Midland\",\"route_short_name\":\"\",\"route_long_name\":\"Midland\",\"route_type\":\"3\",\"route_type_name\":\"Bus\",\"route_color\":\"F51414\",\"route_text_color\":\"FFFFFF\"}]","metadata_feed_id":"Arkansas__City_of_Fort_Smith__mdb_ntd-60086","metadata_agency_names":"City of Fort Smith Transit","metadata_ntd_id":"60086","metadata_ntd_match_method":"manual_override","metadata_ntd_agency":"City of Fort Smith, dba: Fort Smith Transit","metadata_ntd_city":"Fort Smith","metadata_ntd_state":"AR","metadata_gtfs_route_count":7,"metadata_gtfs_trip_count":147,"metadata_gtfs_shape_count":15,"metadata_gtfs_stop_count":409,"metadata_ntd_agency_voms":10,"metadata_ntd_total_facilities":4,"metadata_ntd_maintenance_facilities":2,"metadata_ntd_passenger_stations":1,"metadata_tam_tier":"Tier II","metadata_service_area_sq_miles":65,"metadata_service_area_population":86209,"metadata_route_types_json":"{\"3\":7}","metadata_ntd_facilities_json":"{\"maintenance_facilities\":2,\"administrative_and_other_non_passenger_facilities\":1,\"passenger_stations_and_terminals\":1,\"parking_and_other_passenger_facilities\":0,\"total_facilities\":4,\"bus_transfer_centers\":1,\"elevated_fixed_guideway_stations\":0,\"at_grade_fixed_guideway_stations\":0,\"underground_fixed_guideway_stations\":0,\"simple_at_grade_platform_stations\":0,\"exclusive_grade_separated_platform_stations\":0,\"ferryboat_terminals\":0,\"surface_parking_lots\":0,\"parking_structures\":0}","metadata_tam_modes_json":"{\"DR\":{\"total_units_2024\":5,\"units_under_threshold_2024\":0,\"voms_2024\":3,\"total_modal_vrm_2024\":163578,\"total_modal_upt_2024\":19821},\"MB\":{\"total_units_2024\":22,\"units_under_threshold_2024\":0,\"voms_2024\":14,\"total_modal_vrm_2024\":607970,\"total_modal_upt_2024\":469580}}"},"geometry":{"type":"Point","coordinates":[-94.396031,35.400473]}},{"type":"Feature","properties":{"stop_id":"Division St @ N May Ave_Division St @ N May Ave_35.400647_-94.401762","stop_code":"","stop_name":"Division St @ N May Ave","stop_desc":"","zone_id":"","stop_url":"","location_type":"","parent_station":"","stop_timezone":"","wheelchair_boarding":"","feed_id":"Arkansas__City_of_Fort_Smith__mdb_ntd-60086","agency_name":"City of Fort Smith Transit","route_count":1,"route_ids":"Midland","route_short_names":"","route_types":"3","route_type_names":"Bus","routes_json":"[{\"route_id\":\"Midland\",\"route_short_name\":\"\",\"route_long_name\":\"Midland\",\"route_type\":\"3\",\"route_type_name\":\"Bus\",\"route_color\":\"F51414\",\"route_text_color\":\"FFFFFF\"}]","metadata_feed_id":"Arkansas__City_of_Fort_Smith__mdb_ntd-60086","metadata_agency_names":"City of Fort Smith Transit","metadata_ntd_id":"60086","metadata_ntd_match_method":"manual_override","metadata_ntd_agency":"City of Fort Smith, dba: Fort Smith Transit","metadata_ntd_city":"Fort Smith","metadata_ntd_state":"AR","metadata_gtfs_route_count":7,"metadata_gtfs_trip_count":147,"metadata_gtfs_shape_count":15,"metadata_gtfs_stop_count":409,"metadata_ntd_agency_voms":10,"metadata_ntd_total_facilities":4,"metadata_ntd_maintenance_facilities":2,"metadata_ntd_passenger_stations":1,"metadata_tam_tier":"Tier II","metadata_service_area_sq_miles":65,"metadata_service_area_population":86209,"metadata_route_types_json":"{\"3\":7}","metadata_ntd_facilities_json":"{\"maintenance_facilities\":2,\"administrative_and_other_non_passenger_facilities\":1,\"passenger_stations_and_terminals\":1,\"parking_and_other_passenger_facilities\":0,\"total_facilities\":4,\"bus_transfer_centers\":1,\"elevated_fixed_guideway_stations\":0,\"at_grade_fixed_guideway_stations\":0,\"underground_fixed_guideway_stations\":0,\"simple_at_grade_platform_stations\":0,\"exclusive_grade_separated_platform_stations\":0,\"ferryboat_terminals\":0,\"surface_parking_lots\":0,\"parking_structures\":0}","metadata_tam_modes_json":"{\"DR\":{\"total_units_2024\":5,\"units_under_threshold_2024\":0,\"voms_2024\":3,\"total_modal_vrm_2024\":163578,\"total_modal_upt_2024\":19821},\"MB\":{\"total_units_2024\":22,\"units_under_threshold_2024\":0,\"voms_2024\":14,\"total_modal_vrm_2024\":607970,\"total_modal_upt_2024\":469580}}"},"geometry":{"type":"Point","coordinates":[-94.401762,35.400647]}},{"type":"Feature","properties":{"stop_id":"Division St @ N T St_Division St @ N T St_35.400672_-94.404042","stop_code":"","stop_name":"Division St @ N T St","stop_desc":"","zone_id":"","stop_url":"","location_type":"","parent_station":"","stop_timezone":"","wheelchair_boarding":"","feed_id":"Arkansas__City_of_Fort_Smith__mdb_ntd-60086","agency_name":"City of Fort Smith Transit","route_count":1,"route_ids":"Midland","route_short_names":"","route_types":"3","route_type_names":"Bus","routes_json":"[{\"route_id\":\"Midland\",\"route_short_name\":\"\",\"route_long_name\":\"Midland\",\"route_type\":\"3\",\"route_type_name\":\"Bus\",\"route_color\":\"F51414\",\"route_text_color\":\"FFFFFF\"}]","metadata_feed_id":"Arkansas__City_of_Fort_Smith__mdb_ntd-60086","metadata_agency_names":"City of Fort Smith Transit","metadata_ntd_id":"60086","metadata_ntd_match_method":"manual_override","metadata_ntd_agency":"City of Fort Smith, dba: Fort Smith Transit","metadata_ntd_city":"Fort Smith","metadata_ntd_state":"AR","metadata_gtfs_route_count":7,"metadata_gtfs_trip_count":147,"metadata_gtfs_shape_count":15,"metadata_gtfs_stop_count":409,"metadata_ntd_agency_voms":10,"metadata_ntd_total_facilities":4,"metadata_ntd_maintenance_facilities":2,"metadata_ntd_passenger_stations":1,"metadata_tam_tier":"Tier II","metadata_service_area_sq_miles":65,"metadata_service_area_population":86209,"metadata_route_types_json":"{\"3\":7}","metadata_ntd_facilities_json":"{\"maintenance_facilities\":2,\"administrative_and_other_non_passenger_facilities\":1,\"passenger_stations_and_terminals\":1,\"parking_and_other_passenger_facilities\":0,\"total_facilities\":4,\"bus_transfer_centers\":1,\"elevated_fixed_guideway_stations\":0,\"at_grade_fixed_guideway_stations\":0,\"underground_fixed_guideway_stations\":0,\"simple_at_grade_platform_stations\":0,\"exclusive_grade_separated_platform_stations\":0,\"ferryboat_terminals\":0,\"surface_parking_lots\":0,\"parking_structures\":0}","metadata_tam_modes_json":"{\"DR\":{\"total_units_2024\":5,\"units_under_threshold_2024\":0,\"voms_2024\":3,\"total_modal_vrm_2024\":163578,\"total_modal_upt_2024\":19821},\"MB\":{\"total_units_2024\":22,\"units_under_threshold_2024\":0,\"voms_2024\":14,\"total_modal_vrm_2024\":607970,\"total_modal_upt_2024\":469580}}"},"geometry":{"type":"Point","coordinates":[-94.404042,35.400672]}},{"type":"Feature","properties":{"stop_id":"DMV__35.348658_-94.360019","stop_code":"","stop_name":"DMV","stop_desc":"","zone_id":"","stop_url":"","location_type":"","parent_station":"","stop_timezone":"","wheelchair_boarding":"","feed_id":"Arkansas__City_of_Fort_Smith__mdb_ntd-60086","agency_name":"City of Fort Smith Transit","route_count":1,"route_ids":"Towson","route_short_names":"","route_types":"3","route_type_names":"Bus","routes_json":"[{\"route_id\":\"Towson\",\"route_short_name\":\"\",\"route_long_name\":\"Towson\",\"route_type\":\"3\",\"route_type_name\":\"Bus\",\"route_color\":\"70AD47\",\"route_text_color\":\"000000\"}]","metadata_feed_id":"Arkansas__City_of_Fort_Smith__mdb_ntd-60086","metadata_agency_names":"City of Fort Smith Transit","metadata_ntd_id":"60086","metadata_ntd_match_method":"manual_override","metadata_ntd_agency":"City of Fort Smith, dba: Fort Smith Transit","metadata_ntd_city":"Fort Smith","metadata_ntd_state":"AR","metadata_gtfs_route_count":7,"metadata_gtfs_trip_count":147,"metadata_gtfs_shape_count":15,"metadata_gtfs_stop_count":409,"metadata_ntd_agency_voms":10,"metadata_ntd_total_facilities":4,"metadata_ntd_maintenance_facilities":2,"metadata_ntd_passenger_stations":1,"metadata_tam_tier":"Tier II","metadata_service_area_sq_miles":65,"metadata_service_area_population":86209,"metadata_route_types_json":"{\"3\":7}","metadata_ntd_facilities_json":"{\"maintenance_facilities\":2,\"administrative_and_other_non_passenger_facilities\":1,\"passenger_stations_and_terminals\":1,\"parking_and_other_passenger_facilities\":0,\"total_facilities\":4,\"bus_transfer_centers\":1,\"elevated_fixed_guideway_stations\":0,\"at_grade_fixed_guideway_stations\":0,\"underground_fixed_guideway_stations\":0,\"simple_at_grade_platform_stations\":0,\"exclusive_grade_separated_platform_stations\":0,\"ferryboat_terminals\":0,\"surface_parking_lots\":0,\"parking_structures\":0}","metadata_tam_modes_json":"{\"DR\":{\"total_units_2024\":5,\"units_under_threshold_2024\":0,\"voms_2024\":3,\"total_modal_vrm_2024\":163578,\"total_modal_upt_2024\":19821},\"MB\":{\"total_units_2024\":22,\"units_under_threshold_2024\":0,\"voms_2024\":14,\"total_modal_vrm_2024\":607970,\"total_modal_upt_2024\":469580}}"},"geometry":{"type":"Point","coordinates":[-94.360019,35.348658]}},{"type":"Feature","properties":{"stop_id":"Dodson Ave @ Lexington Ave__35.372498_-94.417847","stop_code":"","stop_name":"Dodson Ave @ Lexington Ave","stop_desc":"","zone_id":"","stop_url":"","location_type":"","parent_station":"","stop_timezone":"","wheelchair_boarding":"","feed_id":"Arkansas__City_of_Fort_Smith__mdb_ntd-60086","agency_name":"City of Fort Smith Transit","route_count":2,"route_ids":"Shuttle|Towson","route_short_names":"","route_types":"3","route_type_names":"Bus","routes_json":"[{\"route_id\":\"Shuttle\",\"route_short_name\":\"\",\"route_long_name\":\"Shuttle\",\"route_type\":\"3\",\"route_type_name\":\"Bus\",\"route_color\":\"000000\",\"route_text_color\":\"FFFFFF\"},{\"route_id\":\"Towson\",\"route_short_name\":\"\",\"route_long_name\":\"Towson\",\"route_type\":\"3\",\"route_type_name\":\"Bus\",\"route_color\":\"70AD47\",\"route_text_color\":\"000000\"}]","metadata_feed_id":"Arkansas__City_of_Fort_Smith__mdb_ntd-60086","metadata_agency_names":"City of Fort Smith Transit","metadata_ntd_id":"60086","metadata_ntd_match_method":"manual_override","metadata_ntd_agency":"City of Fort Smith, dba: Fort Smith Transit","metadata_ntd_city":"Fort Smith","metadata_ntd_state":"AR","metadata_gtfs_route_count":7,"metadata_gtfs_trip_count":147,"metadata_gtfs_shape_count":15,"metadata_gtfs_stop_count":409,"metadata_ntd_agency_voms":10,"metadata_ntd_total_facilities":4,"metadata_ntd_maintenance_facilities":2,"metadata_ntd_passenger_stations":1,"metadata_tam_tier":"Tier II","metadata_service_area_sq_miles":65,"metadata_service_area_population":86209,"metadata_route_types_json":"{\"3\":7}","metadata_ntd_facilities_json":"{\"maintenance_facilities\":2,\"administrative_and_other_non_passenger_facilities\":1,\"passenger_stations_and_terminals\":1,\"parking_and_other_passenger_facilities\":0,\"total_facilities\":4,\"bus_transfer_centers\":1,\"elevated_fixed_guideway_stations\":0,\"at_grade_fixed_guideway_stations\":0,\"underground_fixed_guideway_stations\":0,\"simple_at_grade_platform_stations\":0,\"exclusive_grade_separated_platform_stations\":0,\"ferryboat_terminals\":0,\"surface_parking_lots\":0,\"parking_structures\":0}","metadata_tam_modes_json":"{\"DR\":{\"total_units_2024\":5,\"units_under_threshold_2024\":0,\"voms_2024\":3,\"total_modal_vrm_2024\":163578,\"total_modal_upt_2024\":19821},\"MB\":{\"total_units_2024\":22,\"units_under_threshold_2024\":0,\"voms_2024\":14,\"total_modal_vrm_2024\":607970,\"total_modal_upt_2024\":469580}}"},"geometry":{"type":"Point","coordinates":[-94.417847,35.372498]}},{"type":"Feature","properties":{"stop_id":"Dodson Ave @ S 17th St__35.372412_-94.415472","stop_code":"","stop_name":"Dodson Ave @ S 17th St","stop_desc":"","zone_id":"","stop_url":"","location_type":"","parent_station":"","stop_timezone":"","wheelchair_boarding":"","feed_id":"Arkansas__City_of_Fort_Smith__mdb_ntd-60086","agency_name":"City of Fort Smith Transit","route_count":3,"route_ids":"Jenny Lind|Shuttle|Towson","route_short_names":"","route_types":"3","route_type_names":"Bus","routes_json":"[{\"route_id\":\"Jenny Lind\",\"route_short_name\":\"\",\"route_long_name\":\"Jenny Lind\",\"route_type\":\"3\",\"route_type_name\":\"Bus\",\"route_color\":\"8E00FF\",\"route_text_color\":\"FFFFFF\"},{\"route_id\":\"Shuttle\",\"route_short_name\":\"\",\"route_long_name\":\"Shuttle\",\"route_type\":\"3\",\"route_type_name\":\"Bus\",\"route_color\":\"000000\",\"route_text_color\":\"FFFFFF\"},{\"route_id\":\"Towson\",\"route_short_name\":\"\",\"route_long_name\":\"Towson\",\"route_type\":\"3\",\"route_type_name\":\"Bus\",\"route_color\":\"70AD47\",\"route_text_color\":\"000000\"}]","metadata_feed_id":"Arkansas__City_of_Fort_Smith__mdb_ntd-60086","metadata_agency_names":"City of Fort Smith Transit","metadata_ntd_id":"60086","metadata_ntd_match_method":"manual_override","metadata_ntd_agency":"City of Fort Smith, dba: Fort Smith Transit","metadata_ntd_city":"Fort Smith","metadata_ntd_state":"AR","metadata_gtfs_route_count":7,"metadata_gtfs_trip_count":147,"metadata_gtfs_shape_count":15,"metadata_gtfs_stop_count":409,"metadata_ntd_agency_voms":10,"metadata_ntd_total_facilities":4,"metadata_ntd_maintenance_facilities":2,"metadata_ntd_passenger_stations":1,"metadata_tam_tier":"Tier II","metadata_service_area_sq_miles":65,"metadata_service_area_population":86209,"metadata_route_types_json":"{\"3\":7}","metadata_ntd_facilities_json":"{\"maintenance_facilities\":2,\"administrative_and_other_non_passenger_facilities\":1,\"passenger_stations_and_terminals\":1,\"parking_and_other_passenger_facilities\":0,\"total_facilities\":4,\"bus_transfer_centers\":1,\"elevated_fixed_guideway_stations\":0,\"at_grade_fixed_guideway_stations\":0,\"underground_fixed_guideway_stations\":0,\"simple_at_grade_platform_stations\":0,\"exclusive_grade_separated_platform_stations\":0,\"ferryboat_terminals\":0,\"surface_parking_lots\":0,\"parking_structures\":0}","metadata_tam_modes_json":"{\"DR\":{\"total_units_2024\":5,\"units_under_threshold_2024\":0,\"voms_2024\":3,\"total_modal_vrm_2024\":163578,\"total_modal_upt_2024\":19821},\"MB\":{\"total_units_2024\":22,\"units_under_threshold_2024\":0,\"voms_2024\":14,\"total_modal_vrm_2024\":607970,\"total_modal_upt_2024\":469580}}"},"geometry":{"type":"Point","coordinates":[-94.415472,35.372412]}},{"type":"Feature","properties":{"stop_id":"Dodson Ave @ S 19th St_Dodson Ave @ S 19th St_35.372374_-94.413723","stop_code":"","stop_name":"Dodson Ave @ S 19th St","stop_desc":"","zone_id":"","stop_url":"","location_type":"","parent_station":"","stop_timezone":"","wheelchair_boarding":"","feed_id":"Arkansas__City_of_Fort_Smith__mdb_ntd-60086","agency_name":"City of Fort Smith Transit","route_count":1,"route_ids":"Towson","route_short_names":"","route_types":"3","route_type_names":"Bus","routes_json":"[{\"route_id\":\"Towson\",\"route_short_name\":\"\",\"route_long_name\":\"Towson\",\"route_type\":\"3\",\"route_type_name\":\"Bus\",\"route_color\":\"70AD47\",\"route_text_color\":\"000000\"}]","metadata_feed_id":"Arkansas__City_of_Fort_Smith__mdb_ntd-60086","metadata_agency_names":"City of Fort Smith Transit","metadata_ntd_id":"60086","metadata_ntd_match_method":"manual_override","metadata_ntd_agency":"City of Fort Smith, dba: Fort Smith Transit","metadata_ntd_city":"Fort Smith","metadata_ntd_state":"AR","metadata_gtfs_route_count":7,"metadata_gtfs_trip_count":147,"metadata_gtfs_shape_count":15,"metadata_gtfs_stop_count":409,"metadata_ntd_agency_voms":10,"metadata_ntd_total_facilities":4,"metadata_ntd_maintenance_facilities":2,"metadata_ntd_passenger_stations":1,"metadata_tam_tier":"Tier II","metadata_service_area_sq_miles":65,"metadata_service_area_population":86209,"metadata_route_types_json":"{\"3\":7}","metadata_ntd_facilities_json":"{\"maintenance_facilities\":2,\"administrative_and_other_non_passenger_facilities\":1,\"passenger_stations_and_terminals\":1,\"parking_and_other_passenger_facilities\":0,\"total_facilities\":4,\"bus_transfer_centers\":1,\"elevated_fixed_guideway_stations\":0,\"at_grade_fixed_guideway_stations\":0,\"underground_fixed_guideway_stations\":0,\"simple_at_grade_platform_stations\":0,\"exclusive_grade_separated_platform_stations\":0,\"ferryboat_terminals\":0,\"surface_parking_lots\":0,\"parking_structures\":0}","metadata_tam_modes_json":"{\"DR\":{\"total_units_2024\":5,\"units_under_threshold_2024\":0,\"voms_2024\":3,\"total_modal_vrm_2024\":163578,\"total_modal_upt_2024\":19821},\"MB\":{\"total_units_2024\":22,\"units_under_threshold_2024\":0,\"voms_2024\":14,\"total_modal_vrm_2024\":607970,\"total_modal_upt_2024\":469580}}"},"geometry":{"type":"Point","coordinates":[-94.413723,35.372374]}},{"type":"Feature","properties":{"stop_id":"Dollar General__35.386196_-94.409032","stop_code":"","stop_name":"Dollar General","stop_desc":"","zone_id":"","stop_url":"","location_type":"","parent_station":"","stop_timezone":"","wheelchair_boarding":"","feed_id":"Arkansas__City_of_Fort_Smith__mdb_ntd-60086","agency_name":"City of Fort Smith Transit","route_count":1,"route_ids":"Shuttle","route_short_names":"","route_types":"3","route_type_names":"Bus","routes_json":"[{\"route_id\":\"Shuttle\",\"route_short_name\":\"\",\"route_long_name\":\"Shuttle\",\"route_type\":\"3\",\"route_type_name\":\"Bus\",\"route_color\":\"000000\",\"route_text_color\":\"FFFFFF\"}]","metadata_feed_id":"Arkansas__City_of_Fort_Smith__mdb_ntd-60086","metadata_agency_names":"City of Fort Smith Transit","metadata_ntd_id":"60086","metadata_ntd_match_method":"manual_override","metadata_ntd_agency":"City of Fort Smith, dba: Fort Smith Transit","metadata_ntd_city":"Fort Smith","metadata_ntd_state":"AR","metadata_gtfs_route_count":7,"metadata_gtfs_trip_count":147,"metadata_gtfs_shape_count":15,"metadata_gtfs_stop_count":409,"metadata_ntd_agency_voms":10,"metadata_ntd_total_facilities":4,"metadata_ntd_maintenance_facilities":2,"metadata_ntd_passenger_stations":1,"metadata_tam_tier":"Tier II","metadata_service_area_sq_miles":65,"metadata_service_area_population":86209,"metadata_route_types_json":"{\"3\":7}","metadata_ntd_facilities_json":"{\"maintenance_facilities\":2,\"administrative_and_other_non_passenger_facilities\":1,\"passenger_stations_and_terminals\":1,\"parking_and_other_passenger_facilities\":0,\"total_facilities\":4,\"bus_transfer_centers\":1,\"elevated_fixed_guideway_stations\":0,\"at_grade_fixed_guideway_stations\":0,\"underground_fixed_guideway_stations\":0,\"simple_at_grade_platform_stations\":0,\"exclusive_grade_separated_platform_stations\":0,\"ferryboat_terminals\":0,\"surface_parking_lots\":0,\"parking_structures\":0}","metadata_tam_modes_json":"{\"DR\":{\"total_units_2024\":5,\"units_under_threshold_2024\":0,\"voms_2024\":3,\"total_modal_vrm_2024\":163578,\"total_modal_upt_2024\":19821},\"MB\":{\"total_units_2024\":22,\"units_under_threshold_2024\":0,\"voms_2024\":14,\"total_modal_vrm_2024\":607970,\"total_modal_upt_2024\":469580}}"},"geometry":{"type":"Point","coordinates":[-94.409032,35.386196]}},{"type":"Feature","properties":{"stop_id":"Dollar General Zero__35.324823_-94.346862","stop_code":"","stop_name":"Dollar General Zero","stop_desc":"","zone_id":"","stop_url":"","location_type":"","parent_station":"","stop_timezone":"","wheelchair_boarding":"","feed_id":"Arkansas__City_of_Fort_Smith__mdb_ntd-60086","agency_name":"City of Fort Smith Transit","route_count":0,"route_ids":"","route_short_names":"","route_types":"","route_type_names":"","routes_json":"[]","metadata_feed_id":"Arkansas__City_of_Fort_Smith__mdb_ntd-60086","metadata_agency_names":"City of Fort Smith Transit","metadata_ntd_id":"60086","metadata_ntd_match_method":"manual_override","metadata_ntd_agency":"City of Fort Smith, dba: Fort Smith Transit","metadata_ntd_city":"Fort Smith","metadata_ntd_state":"AR","metadata_gtfs_route_count":7,"metadata_gtfs_trip_count":147,"metadata_gtfs_shape_count":15,"metadata_gtfs_stop_count":409,"metadata_ntd_agency_voms":10,"metadata_ntd_total_facilities":4,"metadata_ntd_maintenance_facilities":2,"metadata_ntd_passenger_stations":1,"metadata_tam_tier":"Tier II","metadata_service_area_sq_miles":65,"metadata_service_area_population":86209,"metadata_route_types_json":"{\"3\":7}","metadata_ntd_facilities_json":"{\"maintenance_facilities\":2,\"administrative_and_other_non_passenger_facilities\":1,\"passenger_stations_and_terminals\":1,\"parking_and_other_passenger_facilities\":0,\"total_facilities\":4,\"bus_transfer_centers\":1,\"elevated_fixed_guideway_stations\":0,\"at_grade_fixed_guideway_stations\":0,\"underground_fixed_guideway_stations\":0,\"simple_at_grade_platform_stations\":0,\"exclusive_grade_separated_platform_stations\":0,\"ferryboat_terminals\":0,\"surface_parking_lots\":0,\"parking_structures\":0}","metadata_tam_modes_json":"{\"DR\":{\"total_units_2024\":5,\"units_under_threshold_2024\":0,\"voms_2024\":3,\"total_modal_vrm_2024\":163578,\"total_modal_upt_2024\":19821},\"MB\":{\"total_units_2024\":22,\"units_under_threshold_2024\":0,\"voms_2024\":14,\"total_modal_vrm_2024\":607970,\"total_modal_upt_2024\":469580}}"},"geometry":{"type":"Point","coordinates":[-94.346862,35.324823]}},{"type":"Feature","properties":{"stop_id":"Dollar Tree (Shuttle)_Dollar Tree (Shuttle)_35.385830_-94.410090","stop_code":"","stop_name":"Dollar Tree (Shuttle)","stop_desc":"","zone_id":"","stop_url":"","location_type":"","parent_station":"","stop_timezone":"","wheelchair_boarding":"","feed_id":"Arkansas__City_of_Fort_Smith__mdb_ntd-60086","agency_name":"City of Fort Smith Transit","route_count":1,"route_ids":"Shuttle","route_short_names":"","route_types":"3","route_type_names":"Bus","routes_json":"[{\"route_id\":\"Shuttle\",\"route_short_name\":\"\",\"route_long_name\":\"Shuttle\",\"route_type\":\"3\",\"route_type_name\":\"Bus\",\"route_color\":\"000000\",\"route_text_color\":\"FFFFFF\"}]","metadata_feed_id":"Arkansas__City_of_Fort_Smith__mdb_ntd-60086","metadata_agency_names":"City of Fort Smith Transit","metadata_ntd_id":"60086","metadata_ntd_match_method":"manual_override","metadata_ntd_agency":"City of Fort Smith, dba: Fort Smith Transit","metadata_ntd_city":"Fort Smith","metadata_ntd_state":"AR","metadata_gtfs_route_count":7,"metadata_gtfs_trip_count":147,"metadata_gtfs_shape_count":15,"metadata_gtfs_stop_count":409,"metadata_ntd_agency_voms":10,"metadata_ntd_total_facilities":4,"metadata_ntd_maintenance_facilities":2,"metadata_ntd_passenger_stations":1,"metadata_tam_tier":"Tier II","metadata_service_area_sq_miles":65,"metadata_service_area_population":86209,"metadata_route_types_json":"{\"3\":7}","metadata_ntd_facilities_json":"{\"maintenance_facilities\":2,\"administrative_and_other_non_passenger_facilities\":1,\"passenger_stations_and_terminals\":1,\"parking_and_other_passenger_facilities\":0,\"total_facilities\":4,\"bus_transfer_centers\":1,\"elevated_fixed_guideway_stations\":0,\"at_grade_fixed_guideway_stations\":0,\"underground_fixed_guideway_stations\":0,\"simple_at_grade_platform_stations\":0,\"exclusive_grade_separated_platform_stations\":0,\"ferryboat_terminals\":0,\"surface_parking_lots\":0,\"parking_structures\":0}","metadata_tam_modes_json":"{\"DR\":{\"total_units_2024\":5,\"units_under_threshold_2024\":0,\"voms_2024\":3,\"total_modal_vrm_2024\":163578,\"total_modal_upt_2024\":19821},\"MB\":{\"total_units_2024\":22,\"units_under_threshold_2024\":0,\"voms_2024\":14,\"total_modal_vrm_2024\":607970,\"total_modal_upt_2024\":469580}}"},"geometry":{"type":"Point","coordinates":[-94.41009,35.38583]}},{"type":"Feature","properties":{"stop_id":"Euper Ln & S Waldron Rd_Euper Ln & S Waldron Rd_35.364330_-94.372848","stop_code":"","stop_name":"Euper Ln & S Waldron Rd","stop_desc":"","zone_id":"","stop_url":"","location_type":"","parent_station":"","stop_timezone":"","wheelchair_boarding":"","feed_id":"Arkansas__City_of_Fort_Smith__mdb_ntd-60086","agency_name":"City of Fort Smith Transit","route_count":1,"route_ids":"Rogers Supercenter","route_short_names":"","route_types":"3","route_type_names":"Bus","routes_json":"[{\"route_id\":\"Rogers Supercenter\",\"route_short_name\":\"\",\"route_long_name\":\"Rogers Supercenter\",\"route_type\":\"3\",\"route_type_name\":\"Bus\",\"route_color\":\"F98E10\",\"route_text_color\":\"000000\"}]","metadata_feed_id":"Arkansas__City_of_Fort_Smith__mdb_ntd-60086","metadata_agency_names":"City of Fort Smith Transit","metadata_ntd_id":"60086","metadata_ntd_match_method":"manual_override","metadata_ntd_agency":"City of Fort Smith, dba: Fort Smith Transit","metadata_ntd_city":"Fort Smith","metadata_ntd_state":"AR","metadata_gtfs_route_count":7,"metadata_gtfs_trip_count":147,"metadata_gtfs_shape_count":15,"metadata_gtfs_stop_count":409,"metadata_ntd_agency_voms":10,"metadata_ntd_total_facilities":4,"metadata_ntd_maintenance_facilities":2,"metadata_ntd_passenger_stations":1,"metadata_tam_tier":"Tier II","metadata_service_area_sq_miles":65,"metadata_service_area_population":86209,"metadata_route_types_json":"{\"3\":7}","metadata_ntd_facilities_json":"{\"maintenance_facilities\":2,\"administrative_and_other_non_passenger_facilities\":1,\"passenger_stations_and_terminals\":1,\"parking_and_other_passenger_facilities\":0,\"total_facilities\":4,\"bus_transfer_centers\":1,\"elevated_fixed_guideway_stations\":0,\"at_grade_fixed_guideway_stations\":0,\"underground_fixed_guideway_stations\":0,\"simple_at_grade_platform_stations\":0,\"exclusive_grade_separated_platform_stations\":0,\"ferryboat_terminals\":0,\"surface_parking_lots\":0,\"parking_structures\":0}","metadata_tam_modes_json":"{\"DR\":{\"total_units_2024\":5,\"units_under_threshold_2024\":0,\"voms_2024\":3,\"total_modal_vrm_2024\":163578,\"total_modal_upt_2024\":19821},\"MB\":{\"total_units_2024\":22,\"units_under_threshold_2024\":0,\"voms_2024\":14,\"total_modal_vrm_2024\":607970,\"total_modal_upt_2024\":469580}}"},"geometry":{"type":"Point","coordinates":[-94.372848,35.36433]}},{"type":"Feature","properties":{"stop_id":"EVANS ENTERPRISES__35.305376_-94.382773","stop_code":"","stop_name":"Evans Enterprises","stop_desc":"","zone_id":"","stop_url":"","location_type":"","parent_station":"","stop_timezone":"","wheelchair_boarding":"","feed_id":"Arkansas__City_of_Fort_Smith__mdb_ntd-60086","agency_name":"City of Fort Smith Transit","route_count":0,"route_ids":"","route_short_names":"","route_types":"","route_type_names":"","routes_json":"[]","metadata_feed_id":"Arkansas__City_of_Fort_Smith__mdb_ntd-60086","metadata_agency_names":"City of Fort Smith Transit","metadata_ntd_id":"60086","metadata_ntd_match_method":"manual_override","metadata_ntd_agency":"City of Fort Smith, dba: Fort Smith Transit","metadata_ntd_city":"Fort Smith","metadata_ntd_state":"AR","metadata_gtfs_route_count":7,"metadata_gtfs_trip_count":147,"metadata_gtfs_shape_count":15,"metadata_gtfs_stop_count":409,"metadata_ntd_agency_voms":10,"metadata_ntd_total_facilities":4,"metadata_ntd_maintenance_facilities":2,"metadata_ntd_passenger_stations":1,"metadata_tam_tier":"Tier II","metadata_service_area_sq_miles":65,"metadata_service_area_population":86209,"metadata_route_types_json":"{\"3\":7}","metadata_ntd_facilities_json":"{\"maintenance_facilities\":2,\"administrative_and_other_non_passenger_facilities\":1,\"passenger_stations_and_terminals\":1,\"parking_and_other_passenger_facilities\":0,\"total_facilities\":4,\"bus_transfer_centers\":1,\"elevated_fixed_guideway_stations\":0,\"at_grade_fixed_guideway_stations\":0,\"underground_fixed_guideway_stations\":0,\"simple_at_grade_platform_stations\":0,\"exclusive_grade_separated_platform_stations\":0,\"ferryboat_terminals\":0,\"surface_parking_lots\":0,\"parking_structures\":0}","metadata_tam_modes_json":"{\"DR\":{\"total_units_2024\":5,\"units_under_threshold_2024\":0,\"voms_2024\":3,\"total_modal_vrm_2024\":163578,\"total_modal_upt_2024\":19821},\"MB\":{\"total_units_2024\":22,\"units_under_threshold_2024\":0,\"voms_2024\":14,\"total_modal_vrm_2024\":607970,\"total_modal_upt_2024\":469580}}"},"geometry":{"type":"Point","coordinates":[-94.382773,35.305376]}},{"type":"Feature","properties":{"stop_id":"Fed Ex__35.338101_-94.382539","stop_code":"","stop_name":"Fed Ex","stop_desc":"","zone_id":"","stop_url":"","location_type":"","parent_station":"","stop_timezone":"","wheelchair_boarding":"","feed_id":"Arkansas__City_of_Fort_Smith__mdb_ntd-60086","agency_name":"City of Fort Smith Transit","route_count":1,"route_ids":"Towson","route_short_names":"","route_types":"3","route_type_names":"Bus","routes_json":"[{\"route_id\":\"Towson\",\"route_short_name\":\"\",\"route_long_name\":\"Towson\",\"route_type\":\"3\",\"route_type_name\":\"Bus\",\"route_color\":\"70AD47\",\"route_text_color\":\"000000\"}]","metadata_feed_id":"Arkansas__City_of_Fort_Smith__mdb_ntd-60086","metadata_agency_names":"City of Fort Smith Transit","metadata_ntd_id":"60086","metadata_ntd_match_method":"manual_override","metadata_ntd_agency":"City of Fort Smith, dba: Fort Smith Transit","metadata_ntd_city":"Fort Smith","metadata_ntd_state":"AR","metadata_gtfs_route_count":7,"metadata_gtfs_trip_count":147,"metadata_gtfs_shape_count":15,"metadata_gtfs_stop_count":409,"metadata_ntd_agency_voms":10,"metadata_ntd_total_facilities":4,"metadata_ntd_maintenance_facilities":2,"metadata_ntd_passenger_stations":1,"metadata_tam_tier":"Tier II","metadata_service_area_sq_miles":65,"metadata_service_area_population":86209,"metadata_route_types_json":"{\"3\":7}","metadata_ntd_facilities_json":"{\"maintenance_facilities\":2,\"administrative_and_other_non_passenger_facilities\":1,\"passenger_stations_and_terminals\":1,\"parking_and_other_passenger_facilities\":0,\"total_facilities\":4,\"bus_transfer_centers\":1,\"elevated_fixed_guideway_stations\":0,\"at_grade_fixed_guideway_stations\":0,\"underground_fixed_guideway_stations\":0,\"simple_at_grade_platform_stations\":0,\"exclusive_grade_separated_platform_stations\":0,\"ferryboat_terminals\":0,\"surface_parking_lots\":0,\"parking_structures\":0}","metadata_tam_modes_json":"{\"DR\":{\"total_units_2024\":5,\"units_under_threshold_2024\":0,\"voms_2024\":3,\"total_modal_vrm_2024\":163578,\"total_modal_upt_2024\":19821},\"MB\":{\"total_units_2024\":22,\"units_under_threshold_2024\":0,\"voms_2024\":14,\"total_modal_vrm_2024\":607970,\"total_modal_upt_2024\":469580}}"},"geometry":{"type":"Point","coordinates":[-94.382539,35.338101]}},{"type":"Feature","properties":{"stop_id":"Fort Smith Brewing Company__35.310124_-94.299350","stop_code":"","stop_name":"Fort Smith Brewing Company","stop_desc":"","zone_id":"","stop_url":"","location_type":"","parent_station":"","stop_timezone":"","wheelchair_boarding":"","feed_id":"Arkansas__City_of_Fort_Smith__mdb_ntd-60086","agency_name":"City of Fort Smith Transit","route_count":0,"route_ids":"","route_short_names":"","route_types":"","route_type_names":"","routes_json":"[]","metadata_feed_id":"Arkansas__City_of_Fort_Smith__mdb_ntd-60086","metadata_agency_names":"City of Fort Smith Transit","metadata_ntd_id":"60086","metadata_ntd_match_method":"manual_override","metadata_ntd_agency":"City of Fort Smith, dba: Fort Smith Transit","metadata_ntd_city":"Fort Smith","metadata_ntd_state":"AR","metadata_gtfs_route_count":7,"metadata_gtfs_trip_count":147,"metadata_gtfs_shape_count":15,"metadata_gtfs_stop_count":409,"metadata_ntd_agency_voms":10,"metadata_ntd_total_facilities":4,"metadata_ntd_maintenance_facilities":2,"metadata_ntd_passenger_stations":1,"metadata_tam_tier":"Tier II","metadata_service_area_sq_miles":65,"metadata_service_area_population":86209,"metadata_route_types_json":"{\"3\":7}","metadata_ntd_facilities_json":"{\"maintenance_facilities\":2,\"administrative_and_other_non_passenger_facilities\":1,\"passenger_stations_and_terminals\":1,\"parking_and_other_passenger_facilities\":0,\"total_facilities\":4,\"bus_transfer_centers\":1,\"elevated_fixed_guideway_stations\":0,\"at_grade_fixed_guideway_stations\":0,\"underground_fixed_guideway_stations\":0,\"simple_at_grade_platform_stations\":0,\"exclusive_grade_separated_platform_stations\":0,\"ferryboat_terminals\":0,\"surface_parking_lots\":0,\"parking_structures\":0}","metadata_tam_modes_json":"{\"DR\":{\"total_units_2024\":5,\"units_under_threshold_2024\":0,\"voms_2024\":3,\"total_modal_vrm_2024\":163578,\"total_modal_upt_2024\":19821},\"MB\":{\"total_units_2024\":22,\"units_under_threshold_2024\":0,\"voms_2024\":14,\"total_modal_vrm_2024\":607970,\"total_modal_upt_2024\":469580}}"},"geometry":{"type":"Point","coordinates":[-94.29935,35.310124]}},{"type":"Feature","properties":{"stop_id":"Fort Smith Escape Room__35.325431_-94.386976","stop_code":"","stop_name":"Fort Smith Escape Room","stop_desc":"","zone_id":"","stop_url":"","location_type":"","parent_station":"","stop_timezone":"","wheelchair_boarding":"","feed_id":"Arkansas__City_of_Fort_Smith__mdb_ntd-60086","agency_name":"City of Fort Smith Transit","route_count":0,"route_ids":"","route_short_names":"","route_types":"","route_type_names":"","routes_json":"[]","metadata_feed_id":"Arkansas__City_of_Fort_Smith__mdb_ntd-60086","metadata_agency_names":"City of Fort Smith Transit","metadata_ntd_id":"60086","metadata_ntd_match_method":"manual_override","metadata_ntd_agency":"City of Fort Smith, dba: Fort Smith Transit","metadata_ntd_city":"Fort Smith","metadata_ntd_state":"AR","metadata_gtfs_route_count":7,"metadata_gtfs_trip_count":147,"metadata_gtfs_shape_count":15,"metadata_gtfs_stop_count":409,"metadata_ntd_agency_voms":10,"metadata_ntd_total_facilities":4,"metadata_ntd_maintenance_facilities":2,"metadata_ntd_passenger_stations":1,"metadata_tam_tier":"Tier II","metadata_service_area_sq_miles":65,"metadata_service_area_population":86209,"metadata_route_types_json":"{\"3\":7}","metadata_ntd_facilities_json":"{\"maintenance_facilities\":2,\"administrative_and_other_non_passenger_facilities\":1,\"passenger_stations_and_terminals\":1,\"parking_and_other_passenger_facilities\":0,\"total_facilities\":4,\"bus_transfer_centers\":1,\"elevated_fixed_guideway_stations\":0,\"at_grade_fixed_guideway_stations\":0,\"underground_fixed_guideway_stations\":0,\"simple_at_grade_platform_stations\":0,\"exclusive_grade_separated_platform_stations\":0,\"ferryboat_terminals\":0,\"surface_parking_lots\":0,\"parking_structures\":0}","metadata_tam_modes_json":"{\"DR\":{\"total_units_2024\":5,\"units_under_threshold_2024\":0,\"voms_2024\":3,\"total_modal_vrm_2024\":163578,\"total_modal_upt_2024\":19821},\"MB\":{\"total_units_2024\":22,\"units_under_threshold_2024\":0,\"voms_2024\":14,\"total_modal_vrm_2024\":607970,\"total_modal_upt_2024\":469580}}"},"geometry":{"type":"Point","coordinates":[-94.386976,35.325431]}},{"type":"Feature","properties":{"stop_id":"Fort Smith Office_6821 Jenny Lind Rd_35.316529_-94.413262","stop_code":"","stop_name":"Fort Smith Office","stop_desc":"","zone_id":"","stop_url":"","location_type":"","parent_station":"","stop_timezone":"","wheelchair_boarding":"","feed_id":"Arkansas__City_of_Fort_Smith__mdb_ntd-60086","agency_name":"City of Fort Smith Transit","route_count":1,"route_ids":"Jenny Lind","route_short_names":"","route_types":"3","route_type_names":"Bus","routes_json":"[{\"route_id\":\"Jenny Lind\",\"route_short_name\":\"\",\"route_long_name\":\"Jenny Lind\",\"route_type\":\"3\",\"route_type_name\":\"Bus\",\"route_color\":\"8E00FF\",\"route_text_color\":\"FFFFFF\"}]","metadata_feed_id":"Arkansas__City_of_Fort_Smith__mdb_ntd-60086","metadata_agency_names":"City of Fort Smith Transit","metadata_ntd_id":"60086","metadata_ntd_match_method":"manual_override","metadata_ntd_agency":"City of Fort Smith, dba: Fort Smith Transit","metadata_ntd_city":"Fort Smith","metadata_ntd_state":"AR","metadata_gtfs_route_count":7,"metadata_gtfs_trip_count":147,"metadata_gtfs_shape_count":15,"metadata_gtfs_stop_count":409,"metadata_ntd_agency_voms":10,"metadata_ntd_total_facilities":4,"metadata_ntd_maintenance_facilities":2,"metadata_ntd_passenger_stations":1,"metadata_tam_tier":"Tier II","metadata_service_area_sq_miles":65,"metadata_service_area_population":86209,"metadata_route_types_json":"{\"3\":7}","metadata_ntd_facilities_json":"{\"maintenance_facilities\":2,\"administrative_and_other_non_passenger_facilities\":1,\"passenger_stations_and_terminals\":1,\"parking_and_other_passenger_facilities\":0,\"total_facilities\":4,\"bus_transfer_centers\":1,\"elevated_fixed_guideway_stations\":0,\"at_grade_fixed_guideway_stations\":0,\"underground_fixed_guideway_stations\":0,\"simple_at_grade_platform_stations\":0,\"exclusive_grade_separated_platform_stations\":0,\"ferryboat_terminals\":0,\"surface_parking_lots\":0,\"parking_structures\":0}","metadata_tam_modes_json":"{\"DR\":{\"total_units_2024\":5,\"units_under_threshold_2024\":0,\"voms_2024\":3,\"total_modal_vrm_2024\":163578,\"total_modal_upt_2024\":19821},\"MB\":{\"total_units_2024\":22,\"units_under_threshold_2024\":0,\"voms_2024\":14,\"total_modal_vrm_2024\":607970,\"total_modal_upt_2024\":469580}}"},"geometry":{"type":"Point","coordinates":[-94.413262,35.316529]}},{"type":"Feature","properties":{"stop_id":"Fort Smith Reg Public Library_S 28th St @ Market Trace _35.301879_-94.405392","stop_code":"","stop_name":"Fort Smith Reg Public Library","stop_desc":"","zone_id":"","stop_url":"","location_type":"","parent_station":"","stop_timezone":"","wheelchair_boarding":"","feed_id":"Arkansas__City_of_Fort_Smith__mdb_ntd-60086","agency_name":"City of Fort Smith Transit","route_count":1,"route_ids":"Jenny Lind","route_short_names":"","route_types":"3","route_type_names":"Bus","routes_json":"[{\"route_id\":\"Jenny Lind\",\"route_short_name\":\"\",\"route_long_name\":\"Jenny Lind\",\"route_type\":\"3\",\"route_type_name\":\"Bus\",\"route_color\":\"8E00FF\",\"route_text_color\":\"FFFFFF\"}]","metadata_feed_id":"Arkansas__City_of_Fort_Smith__mdb_ntd-60086","metadata_agency_names":"City of Fort Smith Transit","metadata_ntd_id":"60086","metadata_ntd_match_method":"manual_override","metadata_ntd_agency":"City of Fort Smith, dba: Fort Smith Transit","metadata_ntd_city":"Fort Smith","metadata_ntd_state":"AR","metadata_gtfs_route_count":7,"metadata_gtfs_trip_count":147,"metadata_gtfs_shape_count":15,"metadata_gtfs_stop_count":409,"metadata_ntd_agency_voms":10,"metadata_ntd_total_facilities":4,"metadata_ntd_maintenance_facilities":2,"metadata_ntd_passenger_stations":1,"metadata_tam_tier":"Tier II","metadata_service_area_sq_miles":65,"metadata_service_area_population":86209,"metadata_route_types_json":"{\"3\":7}","metadata_ntd_facilities_json":"{\"maintenance_facilities\":2,\"administrative_and_other_non_passenger_facilities\":1,\"passenger_stations_and_terminals\":1,\"parking_and_other_passenger_facilities\":0,\"total_facilities\":4,\"bus_transfer_centers\":1,\"elevated_fixed_guideway_stations\":0,\"at_grade_fixed_guideway_stations\":0,\"underground_fixed_guideway_stations\":0,\"simple_at_grade_platform_stations\":0,\"exclusive_grade_separated_platform_stations\":0,\"ferryboat_terminals\":0,\"surface_parking_lots\":0,\"parking_structures\":0}","metadata_tam_modes_json":"{\"DR\":{\"total_units_2024\":5,\"units_under_threshold_2024\":0,\"voms_2024\":3,\"total_modal_vrm_2024\":163578,\"total_modal_upt_2024\":19821},\"MB\":{\"total_units_2024\":22,\"units_under_threshold_2024\":0,\"voms_2024\":14,\"total_modal_vrm_2024\":607970,\"total_modal_upt_2024\":469580}}"},"geometry":{"type":"Point","coordinates":[-94.405392,35.301879]}},{"type":"Feature","properties":{"stop_id":"Fort Smith Regional Dialysis Center_2201 Brooken Hill DrFort Smith Regional Dialysis Center_35.298031_-94.412055","stop_code":"","stop_name":"Fort Smith Regional Dialysis Center","stop_desc":"","zone_id":"","stop_url":"","location_type":"","parent_station":"","stop_timezone":"","wheelchair_boarding":"","feed_id":"Arkansas__City_of_Fort_Smith__mdb_ntd-60086","agency_name":"City of Fort Smith Transit","route_count":1,"route_ids":"Jenny Lind","route_short_names":"","route_types":"3","route_type_names":"Bus","routes_json":"[{\"route_id\":\"Jenny Lind\",\"route_short_name\":\"\",\"route_long_name\":\"Jenny Lind\",\"route_type\":\"3\",\"route_type_name\":\"Bus\",\"route_color\":\"8E00FF\",\"route_text_color\":\"FFFFFF\"}]","metadata_feed_id":"Arkansas__City_of_Fort_Smith__mdb_ntd-60086","metadata_agency_names":"City of Fort Smith Transit","metadata_ntd_id":"60086","metadata_ntd_match_method":"manual_override","metadata_ntd_agency":"City of Fort Smith, dba: Fort Smith Transit","metadata_ntd_city":"Fort Smith","metadata_ntd_state":"AR","metadata_gtfs_route_count":7,"metadata_gtfs_trip_count":147,"metadata_gtfs_shape_count":15,"metadata_gtfs_stop_count":409,"metadata_ntd_agency_voms":10,"metadata_ntd_total_facilities":4,"metadata_ntd_maintenance_facilities":2,"metadata_ntd_passenger_stations":1,"metadata_tam_tier":"Tier II","metadata_service_area_sq_miles":65,"metadata_service_area_population":86209,"metadata_route_types_json":"{\"3\":7}","metadata_ntd_facilities_json":"{\"maintenance_facilities\":2,\"administrative_and_other_non_passenger_facilities\":1,\"passenger_stations_and_terminals\":1,\"parking_and_other_passenger_facilities\":0,\"total_facilities\":4,\"bus_transfer_centers\":1,\"elevated_fixed_guideway_stations\":0,\"at_grade_fixed_guideway_stations\":0,\"underground_fixed_guideway_stations\":0,\"simple_at_grade_platform_stations\":0,\"exclusive_grade_separated_platform_stations\":0,\"ferryboat_terminals\":0,\"surface_parking_lots\":0,\"parking_structures\":0}","metadata_tam_modes_json":"{\"DR\":{\"total_units_2024\":5,\"units_under_threshold_2024\":0,\"voms_2024\":3,\"total_modal_vrm_2024\":163578,\"total_modal_upt_2024\":19821},\"MB\":{\"total_units_2024\":22,\"units_under_threshold_2024\":0,\"voms_2024\":14,\"total_modal_vrm_2024\":607970,\"total_modal_upt_2024\":469580}}"},"geometry":{"type":"Point","coordinates":[-94.412055,35.298031]}},{"type":"Feature","properties":{"stop_id":"Fort Smith Senior Center_Cavanaugh Rd @ S 28th St_35.311677_-94.405321","stop_code":"","stop_name":"Fort Smith Senior Center","stop_desc":"","zone_id":"","stop_url":"","location_type":"","parent_station":"","stop_timezone":"","wheelchair_boarding":"","feed_id":"Arkansas__City_of_Fort_Smith__mdb_ntd-60086","agency_name":"City of Fort Smith Transit","route_count":1,"route_ids":"Jenny Lind","route_short_names":"","route_types":"3","route_type_names":"Bus","routes_json":"[{\"route_id\":\"Jenny Lind\",\"route_short_name\":\"\",\"route_long_name\":\"Jenny Lind\",\"route_type\":\"3\",\"route_type_name\":\"Bus\",\"route_color\":\"8E00FF\",\"route_text_color\":\"FFFFFF\"}]","metadata_feed_id":"Arkansas__City_of_Fort_Smith__mdb_ntd-60086","metadata_agency_names":"City of Fort Smith Transit","metadata_ntd_id":"60086","metadata_ntd_match_method":"manual_override","metadata_ntd_agency":"City of Fort Smith, dba: Fort Smith Transit","metadata_ntd_city":"Fort Smith","metadata_ntd_state":"AR","metadata_gtfs_route_count":7,"metadata_gtfs_trip_count":147,"metadata_gtfs_shape_count":15,"metadata_gtfs_stop_count":409,"metadata_ntd_agency_voms":10,"metadata_ntd_total_facilities":4,"metadata_ntd_maintenance_facilities":2,"metadata_ntd_passenger_stations":1,"metadata_tam_tier":"Tier II","metadata_service_area_sq_miles":65,"metadata_service_area_population":86209,"metadata_route_types_json":"{\"3\":7}","metadata_ntd_facilities_json":"{\"maintenance_facilities\":2,\"administrative_and_other_non_passenger_facilities\":1,\"passenger_stations_and_terminals\":1,\"parking_and_other_passenger_facilities\":0,\"total_facilities\":4,\"bus_transfer_centers\":1,\"elevated_fixed_guideway_stations\":0,\"at_grade_fixed_guideway_stations\":0,\"underground_fixed_guideway_stations\":0,\"simple_at_grade_platform_stations\":0,\"exclusive_grade_separated_platform_stations\":0,\"ferryboat_terminals\":0,\"surface_parking_lots\":0,\"parking_structures\":0}","metadata_tam_modes_json":"{\"DR\":{\"total_units_2024\":5,\"units_under_threshold_2024\":0,\"voms_2024\":3,\"total_modal_vrm_2024\":163578,\"total_modal_upt_2024\":19821},\"MB\":{\"total_units_2024\":22,\"units_under_threshold_2024\":0,\"voms_2024\":14,\"total_modal_vrm_2024\":607970,\"total_modal_upt_2024\":469580}}"},"geometry":{"type":"Point","coordinates":[-94.405321,35.311677]}},{"type":"Feature","properties":{"stop_id":"Four Corks Wine and Spirits__35.324016_-94.342413","stop_code":"","stop_name":"Four Corks Wine and Spirits","stop_desc":"","zone_id":"","stop_url":"","location_type":"","parent_station":"","stop_timezone":"","wheelchair_boarding":"","feed_id":"Arkansas__City_of_Fort_Smith__mdb_ntd-60086","agency_name":"City of Fort Smith Transit","route_count":0,"route_ids":"","route_short_names":"","route_types":"","route_type_names":"","routes_json":"[]","metadata_feed_id":"Arkansas__City_of_Fort_Smith__mdb_ntd-60086","metadata_agency_names":"City of Fort Smith Transit","metadata_ntd_id":"60086","metadata_ntd_match_method":"manual_override","metadata_ntd_agency":"City of Fort Smith, dba: Fort Smith Transit","metadata_ntd_city":"Fort Smith","metadata_ntd_state":"AR","metadata_gtfs_route_count":7,"metadata_gtfs_trip_count":147,"metadata_gtfs_shape_count":15,"metadata_gtfs_stop_count":409,"metadata_ntd_agency_voms":10,"metadata_ntd_total_facilities":4,"metadata_ntd_maintenance_facilities":2,"metadata_ntd_passenger_stations":1,"metadata_tam_tier":"Tier II","metadata_service_area_sq_miles":65,"metadata_service_area_population":86209,"metadata_route_types_json":"{\"3\":7}","metadata_ntd_facilities_json":"{\"maintenance_facilities\":2,\"administrative_and_other_non_passenger_facilities\":1,\"passenger_stations_and_terminals\":1,\"parking_and_other_passenger_facilities\":0,\"total_facilities\":4,\"bus_transfer_centers\":1,\"elevated_fixed_guideway_stations\":0,\"at_grade_fixed_guideway_stations\":0,\"underground_fixed_guideway_stations\":0,\"simple_at_grade_platform_stations\":0,\"exclusive_grade_separated_platform_stations\":0,\"ferryboat_terminals\":0,\"surface_parking_lots\":0,\"parking_structures\":0}","metadata_tam_modes_json":"{\"DR\":{\"total_units_2024\":5,\"units_under_threshold_2024\":0,\"voms_2024\":3,\"total_modal_vrm_2024\":163578,\"total_modal_upt_2024\":19821},\"MB\":{\"total_units_2024\":22,\"units_under_threshold_2024\":0,\"voms_2024\":14,\"total_modal_vrm_2024\":607970,\"total_modal_upt_2024\":469580}}"},"geometry":{"type":"Point","coordinates":[-94.342413,35.324016]}},{"type":"Feature","properties":{"stop_id":"Futral Dr @ Clara Cir_Futral Dr @ Clara Cir_35.399587_-94.394067","stop_code":"","stop_name":"Futral Dr @ Clara Cir","stop_desc":"","zone_id":"","stop_url":"","location_type":"","parent_station":"","stop_timezone":"","wheelchair_boarding":"","feed_id":"Arkansas__City_of_Fort_Smith__mdb_ntd-60086","agency_name":"City of Fort Smith Transit","route_count":1,"route_ids":"Midland","route_short_names":"","route_types":"3","route_type_names":"Bus","routes_json":"[{\"route_id\":\"Midland\",\"route_short_name\":\"\",\"route_long_name\":\"Midland\",\"route_type\":\"3\",\"route_type_name\":\"Bus\",\"route_color\":\"F51414\",\"route_text_color\":\"FFFFFF\"}]","metadata_feed_id":"Arkansas__City_of_Fort_Smith__mdb_ntd-60086","metadata_agency_names":"City of Fort Smith Transit","metadata_ntd_id":"60086","metadata_ntd_match_method":"manual_override","metadata_ntd_agency":"City of Fort Smith, dba: Fort Smith Transit","metadata_ntd_city":"Fort Smith","metadata_ntd_state":"AR","metadata_gtfs_route_count":7,"metadata_gtfs_trip_count":147,"metadata_gtfs_shape_count":15,"metadata_gtfs_stop_count":409,"metadata_ntd_agency_voms":10,"metadata_ntd_total_facilities":4,"metadata_ntd_maintenance_facilities":2,"metadata_ntd_passenger_stations":1,"metadata_tam_tier":"Tier II","metadata_service_area_sq_miles":65,"metadata_service_area_population":86209,"metadata_route_types_json":"{\"3\":7}","metadata_ntd_facilities_json":"{\"maintenance_facilities\":2,\"administrative_and_other_non_passenger_facilities\":1,\"passenger_stations_and_terminals\":1,\"parking_and_other_passenger_facilities\":0,\"total_facilities\":4,\"bus_transfer_centers\":1,\"elevated_fixed_guideway_stations\":0,\"at_grade_fixed_guideway_stations\":0,\"underground_fixed_guideway_stations\":0,\"simple_at_grade_platform_stations\":0,\"exclusive_grade_separated_platform_stations\":0,\"ferryboat_terminals\":0,\"surface_parking_lots\":0,\"parking_structures\":0}","metadata_tam_modes_json":"{\"DR\":{\"total_units_2024\":5,\"units_under_threshold_2024\":0,\"voms_2024\":3,\"total_modal_vrm_2024\":163578,\"total_modal_upt_2024\":19821},\"MB\":{\"total_units_2024\":22,\"units_under_threshold_2024\":0,\"voms_2024\":14,\"total_modal_vrm_2024\":607970,\"total_modal_upt_2024\":469580}}"},"geometry":{"type":"Point","coordinates":[-94.394067,35.399587]}},{"type":"Feature","properties":{"stop_id":"Futral Dr @ Division St_Futral Dr @ Division St_35.400393_-94.393859","stop_code":"","stop_name":"Futral Dr @ Division St","stop_desc":"","zone_id":"","stop_url":"","location_type":"","parent_station":"","stop_timezone":"","wheelchair_boarding":"","feed_id":"Arkansas__City_of_Fort_Smith__mdb_ntd-60086","agency_name":"City of Fort Smith Transit","route_count":1,"route_ids":"Midland","route_short_names":"","route_types":"3","route_type_names":"Bus","routes_json":"[{\"route_id\":\"Midland\",\"route_short_name\":\"\",\"route_long_name\":\"Midland\",\"route_type\":\"3\",\"route_type_name\":\"Bus\",\"route_color\":\"F51414\",\"route_text_color\":\"FFFFFF\"}]","metadata_feed_id":"Arkansas__City_of_Fort_Smith__mdb_ntd-60086","metadata_agency_names":"City of Fort Smith Transit","metadata_ntd_id":"60086","metadata_ntd_match_method":"manual_override","metadata_ntd_agency":"City of Fort Smith, dba: Fort Smith Transit","metadata_ntd_city":"Fort Smith","metadata_ntd_state":"AR","metadata_gtfs_route_count":7,"metadata_gtfs_trip_count":147,"metadata_gtfs_shape_count":15,"metadata_gtfs_stop_count":409,"metadata_ntd_agency_voms":10,"metadata_ntd_total_facilities":4,"metadata_ntd_maintenance_facilities":2,"metadata_ntd_passenger_stations":1,"metadata_tam_tier":"Tier II","metadata_service_area_sq_miles":65,"metadata_service_area_population":86209,"metadata_route_types_json":"{\"3\":7}","metadata_ntd_facilities_json":"{\"maintenance_facilities\":2,\"administrative_and_other_non_passenger_facilities\":1,\"passenger_stations_and_terminals\":1,\"parking_and_other_passenger_facilities\":0,\"total_facilities\":4,\"bus_transfer_centers\":1,\"elevated_fixed_guideway_stations\":0,\"at_grade_fixed_guideway_stations\":0,\"underground_fixed_guideway_stations\":0,\"simple_at_grade_platform_stations\":0,\"exclusive_grade_separated_platform_stations\":0,\"ferryboat_terminals\":0,\"surface_parking_lots\":0,\"parking_structures\":0}","metadata_tam_modes_json":"{\"DR\":{\"total_units_2024\":5,\"units_under_threshold_2024\":0,\"voms_2024\":3,\"total_modal_vrm_2024\":163578,\"total_modal_upt_2024\":19821},\"MB\":{\"total_units_2024\":22,\"units_under_threshold_2024\":0,\"voms_2024\":14,\"total_modal_vrm_2024\":607970,\"total_modal_upt_2024\":469580}}"},"geometry":{"type":"Point","coordinates":[-94.393859,35.400393]}},{"type":"Feature","properties":{"stop_id":"Futral Dr @ Ridgeway Dr_Futral Dr @ Ridgeway Dr_35.398431_-94.395920","stop_code":"","stop_name":"Futral Dr @ Ridgeway Dr","stop_desc":"","zone_id":"","stop_url":"","location_type":"","parent_station":"","stop_timezone":"","wheelchair_boarding":"","feed_id":"Arkansas__City_of_Fort_Smith__mdb_ntd-60086","agency_name":"City of Fort Smith Transit","route_count":1,"route_ids":"Midland","route_short_names":"","route_types":"3","route_type_names":"Bus","routes_json":"[{\"route_id\":\"Midland\",\"route_short_name\":\"\",\"route_long_name\":\"Midland\",\"route_type\":\"3\",\"route_type_name\":\"Bus\",\"route_color\":\"F51414\",\"route_text_color\":\"FFFFFF\"}]","metadata_feed_id":"Arkansas__City_of_Fort_Smith__mdb_ntd-60086","metadata_agency_names":"City of Fort Smith Transit","metadata_ntd_id":"60086","metadata_ntd_match_method":"manual_override","metadata_ntd_agency":"City of Fort Smith, dba: Fort Smith Transit","metadata_ntd_city":"Fort Smith","metadata_ntd_state":"AR","metadata_gtfs_route_count":7,"metadata_gtfs_trip_count":147,"metadata_gtfs_shape_count":15,"metadata_gtfs_stop_count":409,"metadata_ntd_agency_voms":10,"metadata_ntd_total_facilities":4,"metadata_ntd_maintenance_facilities":2,"metadata_ntd_passenger_stations":1,"metadata_tam_tier":"Tier II","metadata_service_area_sq_miles":65,"metadata_service_area_population":86209,"metadata_route_types_json":"{\"3\":7}","metadata_ntd_facilities_json":"{\"maintenance_facilities\":2,\"administrative_and_other_non_passenger_facilities\":1,\"passenger_stations_and_terminals\":1,\"parking_and_other_passenger_facilities\":0,\"total_facilities\":4,\"bus_transfer_centers\":1,\"elevated_fixed_guideway_stations\":0,\"at_grade_fixed_guideway_stations\":0,\"underground_fixed_guideway_stations\":0,\"simple_at_grade_platform_stations\":0,\"exclusive_grade_separated_platform_stations\":0,\"ferryboat_terminals\":0,\"surface_parking_lots\":0,\"parking_structures\":0}","metadata_tam_modes_json":"{\"DR\":{\"total_units_2024\":5,\"units_under_threshold_2024\":0,\"voms_2024\":3,\"total_modal_vrm_2024\":163578,\"total_modal_upt_2024\":19821},\"MB\":{\"total_units_2024\":22,\"units_under_threshold_2024\":0,\"voms_2024\":14,\"total_modal_vrm_2024\":607970,\"total_modal_upt_2024\":469580}}"},"geometry":{"type":"Point","coordinates":[-94.39592,35.398431]}},{"type":"Feature","properties":{"stop_id":"Garrison Ave @ N 10th St_Garrison Ave @ N 10th St_35.384827_-94.421653","stop_code":"","stop_name":"Garrison Ave @ N 10th St","stop_desc":"","zone_id":"","stop_url":"","location_type":"","parent_station":"","stop_timezone":"","wheelchair_boarding":"","feed_id":"Arkansas__City_of_Fort_Smith__mdb_ntd-60086","agency_name":"City of Fort Smith Transit","route_count":1,"route_ids":"Rogers Express","route_short_names":"","route_types":"3","route_type_names":"Bus","routes_json":"[{\"route_id\":\"Rogers Express\",\"route_short_name\":\"\",\"route_long_name\":\"Rogers Express\",\"route_type\":\"3\",\"route_type_name\":\"Bus\",\"route_color\":\"4472C4\",\"route_text_color\":\"FFFFFF\"}]","metadata_feed_id":"Arkansas__City_of_Fort_Smith__mdb_ntd-60086","metadata_agency_names":"City of Fort Smith Transit","metadata_ntd_id":"60086","metadata_ntd_match_method":"manual_override","metadata_ntd_agency":"City of Fort Smith, dba: Fort Smith Transit","metadata_ntd_city":"Fort Smith","metadata_ntd_state":"AR","metadata_gtfs_route_count":7,"metadata_gtfs_trip_count":147,"metadata_gtfs_shape_count":15,"metadata_gtfs_stop_count":409,"metadata_ntd_agency_voms":10,"metadata_ntd_total_facilities":4,"metadata_ntd_maintenance_facilities":2,"metadata_ntd_passenger_stations":1,"metadata_tam_tier":"Tier II","metadata_service_area_sq_miles":65,"metadata_service_area_population":86209,"metadata_route_types_json":"{\"3\":7}","metadata_ntd_facilities_json":"{\"maintenance_facilities\":2,\"administrative_and_other_non_passenger_facilities\":1,\"passenger_stations_and_terminals\":1,\"parking_and_other_passenger_facilities\":0,\"total_facilities\":4,\"bus_transfer_centers\":1,\"elevated_fixed_guideway_stations\":0,\"at_grade_fixed_guideway_stations\":0,\"underground_fixed_guideway_stations\":0,\"simple_at_grade_platform_stations\":0,\"exclusive_grade_separated_platform_stations\":0,\"ferryboat_terminals\":0,\"surface_parking_lots\":0,\"parking_structures\":0}","metadata_tam_modes_json":"{\"DR\":{\"total_units_2024\":5,\"units_under_threshold_2024\":0,\"voms_2024\":3,\"total_modal_vrm_2024\":163578,\"total_modal_upt_2024\":19821},\"MB\":{\"total_units_2024\":22,\"units_under_threshold_2024\":0,\"voms_2024\":14,\"total_modal_vrm_2024\":607970,\"total_modal_upt_2024\":469580}}"},"geometry":{"type":"Point","coordinates":[-94.421653,35.384827]}},{"type":"Feature","properties":{"stop_id":"Garrison Ave @ N 12th St_Garrison Ave @ N 12th St_35.383590_-94.419801","stop_code":"","stop_name":"Garrison Ave @ N 12th St","stop_desc":"","zone_id":"","stop_url":"","location_type":"","parent_station":"","stop_timezone":"","wheelchair_boarding":"","feed_id":"Arkansas__City_of_Fort_Smith__mdb_ntd-60086","agency_name":"City of Fort Smith Transit","route_count":1,"route_ids":"Rogers Express","route_short_names":"","route_types":"3","route_type_names":"Bus","routes_json":"[{\"route_id\":\"Rogers Express\",\"route_short_name\":\"\",\"route_long_name\":\"Rogers Express\",\"route_type\":\"3\",\"route_type_name\":\"Bus\",\"route_color\":\"4472C4\",\"route_text_color\":\"FFFFFF\"}]","metadata_feed_id":"Arkansas__City_of_Fort_Smith__mdb_ntd-60086","metadata_agency_names":"City of Fort Smith Transit","metadata_ntd_id":"60086","metadata_ntd_match_method":"manual_override","metadata_ntd_agency":"City of Fort Smith, dba: Fort Smith Transit","metadata_ntd_city":"Fort Smith","metadata_ntd_state":"AR","metadata_gtfs_route_count":7,"metadata_gtfs_trip_count":147,"metadata_gtfs_shape_count":15,"metadata_gtfs_stop_count":409,"metadata_ntd_agency_voms":10,"metadata_ntd_total_facilities":4,"metadata_ntd_maintenance_facilities":2,"metadata_ntd_passenger_stations":1,"metadata_tam_tier":"Tier II","metadata_service_area_sq_miles":65,"metadata_service_area_population":86209,"metadata_route_types_json":"{\"3\":7}","metadata_ntd_facilities_json":"{\"maintenance_facilities\":2,\"administrative_and_other_non_passenger_facilities\":1,\"passenger_stations_and_terminals\":1,\"parking_and_other_passenger_facilities\":0,\"total_facilities\":4,\"bus_transfer_centers\":1,\"elevated_fixed_guideway_stations\":0,\"at_grade_fixed_guideway_stations\":0,\"underground_fixed_guideway_stations\":0,\"simple_at_grade_platform_stations\":0,\"exclusive_grade_separated_platform_stations\":0,\"ferryboat_terminals\":0,\"surface_parking_lots\":0,\"parking_structures\":0}","metadata_tam_modes_json":"{\"DR\":{\"total_units_2024\":5,\"units_under_threshold_2024\":0,\"voms_2024\":3,\"total_modal_vrm_2024\":163578,\"total_modal_upt_2024\":19821},\"MB\":{\"total_units_2024\":22,\"units_under_threshold_2024\":0,\"voms_2024\":14,\"total_modal_vrm_2024\":607970,\"total_modal_upt_2024\":469580}}"},"geometry":{"type":"Point","coordinates":[-94.419801,35.38359]}},{"type":"Feature","properties":{"stop_id":"Garrison Ave @ N 7th St_Garrison Ave @ N 7th St_35.386636_-94.424357","stop_code":"","stop_name":"Garrison Ave @ N 7th St","stop_desc":"","zone_id":"","stop_url":"","location_type":"","parent_station":"","stop_timezone":"","wheelchair_boarding":"","feed_id":"Arkansas__City_of_Fort_Smith__mdb_ntd-60086","agency_name":"City of Fort Smith Transit","route_count":1,"route_ids":"Rogers Express","route_short_names":"","route_types":"3","route_type_names":"Bus","routes_json":"[{\"route_id\":\"Rogers Express\",\"route_short_name\":\"\",\"route_long_name\":\"Rogers Express\",\"route_type\":\"3\",\"route_type_name\":\"Bus\",\"route_color\":\"4472C4\",\"route_text_color\":\"FFFFFF\"}]","metadata_feed_id":"Arkansas__City_of_Fort_Smith__mdb_ntd-60086","metadata_agency_names":"City of Fort Smith Transit","metadata_ntd_id":"60086","metadata_ntd_match_method":"manual_override","metadata_ntd_agency":"City of Fort Smith, dba: Fort Smith Transit","metadata_ntd_city":"Fort Smith","metadata_ntd_state":"AR","metadata_gtfs_route_count":7,"metadata_gtfs_trip_count":147,"metadata_gtfs_shape_count":15,"metadata_gtfs_stop_count":409,"metadata_ntd_agency_voms":10,"metadata_ntd_total_facilities":4,"metadata_ntd_maintenance_facilities":2,"metadata_ntd_passenger_stations":1,"metadata_tam_tier":"Tier II","metadata_service_area_sq_miles":65,"metadata_service_area_population":86209,"metadata_route_types_json":"{\"3\":7}","metadata_ntd_facilities_json":"{\"maintenance_facilities\":2,\"administrative_and_other_non_passenger_facilities\":1,\"passenger_stations_and_terminals\":1,\"parking_and_other_passenger_facilities\":0,\"total_facilities\":4,\"bus_transfer_centers\":1,\"elevated_fixed_guideway_stations\":0,\"at_grade_fixed_guideway_stations\":0,\"underground_fixed_guideway_stations\":0,\"simple_at_grade_platform_stations\":0,\"exclusive_grade_separated_platform_stations\":0,\"ferryboat_terminals\":0,\"surface_parking_lots\":0,\"parking_structures\":0}","metadata_tam_modes_json":"{\"DR\":{\"total_units_2024\":5,\"units_under_threshold_2024\":0,\"voms_2024\":3,\"total_modal_vrm_2024\":163578,\"total_modal_upt_2024\":19821},\"MB\":{\"total_units_2024\":22,\"units_under_threshold_2024\":0,\"voms_2024\":14,\"total_modal_vrm_2024\":607970,\"total_modal_upt_2024\":469580}}"},"geometry":{"type":"Point","coordinates":[-94.424357,35.386636]}},{"type":"Feature","properties":{"stop_id":"Gerber Products_Newlon Rd @ Harriet AveGerber Products_35.429409_-94.384089","stop_code":"","stop_name":"Gerber Products","stop_desc":"","zone_id":"","stop_url":"","location_type":"","parent_station":"","stop_timezone":"","wheelchair_boarding":"","feed_id":"Arkansas__City_of_Fort_Smith__mdb_ntd-60086","agency_name":"City of Fort Smith Transit","route_count":1,"route_ids":"Midland","route_short_names":"","route_types":"3","route_type_names":"Bus","routes_json":"[{\"route_id\":\"Midland\",\"route_short_name\":\"\",\"route_long_name\":\"Midland\",\"route_type\":\"3\",\"route_type_name\":\"Bus\",\"route_color\":\"F51414\",\"route_text_color\":\"FFFFFF\"}]","metadata_feed_id":"Arkansas__City_of_Fort_Smith__mdb_ntd-60086","metadata_agency_names":"City of Fort Smith Transit","metadata_ntd_id":"60086","metadata_ntd_match_method":"manual_override","metadata_ntd_agency":"City of Fort Smith, dba: Fort Smith Transit","metadata_ntd_city":"Fort Smith","metadata_ntd_state":"AR","metadata_gtfs_route_count":7,"metadata_gtfs_trip_count":147,"metadata_gtfs_shape_count":15,"metadata_gtfs_stop_count":409,"metadata_ntd_agency_voms":10,"metadata_ntd_total_facilities":4,"metadata_ntd_maintenance_facilities":2,"metadata_ntd_passenger_stations":1,"metadata_tam_tier":"Tier II","metadata_service_area_sq_miles":65,"metadata_service_area_population":86209,"metadata_route_types_json":"{\"3\":7}","metadata_ntd_facilities_json":"{\"maintenance_facilities\":2,\"administrative_and_other_non_passenger_facilities\":1,\"passenger_stations_and_terminals\":1,\"parking_and_other_passenger_facilities\":0,\"total_facilities\":4,\"bus_transfer_centers\":1,\"elevated_fixed_guideway_stations\":0,\"at_grade_fixed_guideway_stations\":0,\"underground_fixed_guideway_stations\":0,\"simple_at_grade_platform_stations\":0,\"exclusive_grade_separated_platform_stations\":0,\"ferryboat_terminals\":0,\"surface_parking_lots\":0,\"parking_structures\":0}","metadata_tam_modes_json":"{\"DR\":{\"total_units_2024\":5,\"units_under_threshold_2024\":0,\"voms_2024\":3,\"total_modal_vrm_2024\":163578,\"total_modal_upt_2024\":19821},\"MB\":{\"total_units_2024\":22,\"units_under_threshold_2024\":0,\"voms_2024\":14,\"total_modal_vrm_2024\":607970,\"total_modal_upt_2024\":469580}}"},"geometry":{"type":"Point","coordinates":[-94.384089,35.429409]}},{"type":"Feature","properties":{"stop_id":"Glatfelter__35.299644_-94.327148","stop_code":"","stop_name":"Glatfelter","stop_desc":"","zone_id":"","stop_url":"","location_type":"","parent_station":"","stop_timezone":"","wheelchair_boarding":"","feed_id":"Arkansas__City_of_Fort_Smith__mdb_ntd-60086","agency_name":"City of Fort Smith Transit","route_count":0,"route_ids":"","route_short_names":"","route_types":"","route_type_names":"","routes_json":"[]","metadata_feed_id":"Arkansas__City_of_Fort_Smith__mdb_ntd-60086","metadata_agency_names":"City of Fort Smith Transit","metadata_ntd_id":"60086","metadata_ntd_match_method":"manual_override","metadata_ntd_agency":"City of Fort Smith, dba: Fort Smith Transit","metadata_ntd_city":"Fort Smith","metadata_ntd_state":"AR","metadata_gtfs_route_count":7,"metadata_gtfs_trip_count":147,"metadata_gtfs_shape_count":15,"metadata_gtfs_stop_count":409,"metadata_ntd_agency_voms":10,"metadata_ntd_total_facilities":4,"metadata_ntd_maintenance_facilities":2,"metadata_ntd_passenger_stations":1,"metadata_tam_tier":"Tier II","metadata_service_area_sq_miles":65,"metadata_service_area_population":86209,"metadata_route_types_json":"{\"3\":7}","metadata_ntd_facilities_json":"{\"maintenance_facilities\":2,\"administrative_and_other_non_passenger_facilities\":1,\"passenger_stations_and_terminals\":1,\"parking_and_other_passenger_facilities\":0,\"total_facilities\":4,\"bus_transfer_centers\":1,\"elevated_fixed_guideway_stations\":0,\"at_grade_fixed_guideway_stations\":0,\"underground_fixed_guideway_stations\":0,\"simple_at_grade_platform_stations\":0,\"exclusive_grade_separated_platform_stations\":0,\"ferryboat_terminals\":0,\"surface_parking_lots\":0,\"parking_structures\":0}","metadata_tam_modes_json":"{\"DR\":{\"total_units_2024\":5,\"units_under_threshold_2024\":0,\"voms_2024\":3,\"total_modal_vrm_2024\":163578,\"total_modal_upt_2024\":19821},\"MB\":{\"total_units_2024\":22,\"units_under_threshold_2024\":0,\"voms_2024\":14,\"total_modal_vrm_2024\":607970,\"total_modal_upt_2024\":469580}}"},"geometry":{"type":"Point","coordinates":[-94.327148,35.299644]}},{"type":"Feature","properties":{"stop_id":"Grand Ave @ Lecta Ave_Grand Ave @ Lecta Ave_35.385971_-94.400839","stop_code":"","stop_name":"Grand Ave @ Lecta Ave","stop_desc":"","zone_id":"","stop_url":"","location_type":"","parent_station":"","stop_timezone":"","wheelchair_boarding":"","feed_id":"Arkansas__City_of_Fort_Smith__mdb_ntd-60086","agency_name":"City of Fort Smith Transit","route_count":1,"route_ids":"Grand","route_short_names":"","route_types":"3","route_type_names":"Bus","routes_json":"[{\"route_id\":\"Grand\",\"route_short_name\":\"\",\"route_long_name\":\"Grand\",\"route_type\":\"3\",\"route_type_name\":\"Bus\",\"route_color\":\"FFD700\",\"route_text_color\":\"000000\"}]","metadata_feed_id":"Arkansas__City_of_Fort_Smith__mdb_ntd-60086","metadata_agency_names":"City of Fort Smith Transit","metadata_ntd_id":"60086","metadata_ntd_match_method":"manual_override","metadata_ntd_agency":"City of Fort Smith, dba: Fort Smith Transit","metadata_ntd_city":"Fort Smith","metadata_ntd_state":"AR","metadata_gtfs_route_count":7,"metadata_gtfs_trip_count":147,"metadata_gtfs_shape_count":15,"metadata_gtfs_stop_count":409,"metadata_ntd_agency_voms":10,"metadata_ntd_total_facilities":4,"metadata_ntd_maintenance_facilities":2,"metadata_ntd_passenger_stations":1,"metadata_tam_tier":"Tier II","metadata_service_area_sq_miles":65,"metadata_service_area_population":86209,"metadata_route_types_json":"{\"3\":7}","metadata_ntd_facilities_json":"{\"maintenance_facilities\":2,\"administrative_and_other_non_passenger_facilities\":1,\"passenger_stations_and_terminals\":1,\"parking_and_other_passenger_facilities\":0,\"total_facilities\":4,\"bus_transfer_centers\":1,\"elevated_fixed_guideway_stations\":0,\"at_grade_fixed_guideway_stations\":0,\"underground_fixed_guideway_stations\":0,\"simple_at_grade_platform_stations\":0,\"exclusive_grade_separated_platform_stations\":0,\"ferryboat_terminals\":0,\"surface_parking_lots\":0,\"parking_structures\":0}","metadata_tam_modes_json":"{\"DR\":{\"total_units_2024\":5,\"units_under_threshold_2024\":0,\"voms_2024\":3,\"total_modal_vrm_2024\":163578,\"total_modal_upt_2024\":19821},\"MB\":{\"total_units_2024\":22,\"units_under_threshold_2024\":0,\"voms_2024\":14,\"total_modal_vrm_2024\":607970,\"total_modal_upt_2024\":469580}}"},"geometry":{"type":"Point","coordinates":[-94.400839,35.385971]}},{"type":"Feature","properties":{"stop_id":"Grand Ave @ N 11th St__35.386539_-94.418315","stop_code":"","stop_name":"Grand Ave @ N 11th St","stop_desc":"","zone_id":"","stop_url":"","location_type":"","parent_station":"","stop_timezone":"","wheelchair_boarding":"","feed_id":"Arkansas__City_of_Fort_Smith__mdb_ntd-60086","agency_name":"City of Fort Smith Transit","route_count":1,"route_ids":"Grand","route_short_names":"","route_types":"3","route_type_names":"Bus","routes_json":"[{\"route_id\":\"Grand\",\"route_short_name\":\"\",\"route_long_name\":\"Grand\",\"route_type\":\"3\",\"route_type_name\":\"Bus\",\"route_color\":\"FFD700\",\"route_text_color\":\"000000\"}]","metadata_feed_id":"Arkansas__City_of_Fort_Smith__mdb_ntd-60086","metadata_agency_names":"City of Fort Smith Transit","metadata_ntd_id":"60086","metadata_ntd_match_method":"manual_override","metadata_ntd_agency":"City of Fort Smith, dba: Fort Smith Transit","metadata_ntd_city":"Fort Smith","metadata_ntd_state":"AR","metadata_gtfs_route_count":7,"metadata_gtfs_trip_count":147,"metadata_gtfs_shape_count":15,"metadata_gtfs_stop_count":409,"metadata_ntd_agency_voms":10,"metadata_ntd_total_facilities":4,"metadata_ntd_maintenance_facilities":2,"metadata_ntd_passenger_stations":1,"metadata_tam_tier":"Tier II","metadata_service_area_sq_miles":65,"metadata_service_area_population":86209,"metadata_route_types_json":"{\"3\":7}","metadata_ntd_facilities_json":"{\"maintenance_facilities\":2,\"administrative_and_other_non_passenger_facilities\":1,\"passenger_stations_and_terminals\":1,\"parking_and_other_passenger_facilities\":0,\"total_facilities\":4,\"bus_transfer_centers\":1,\"elevated_fixed_guideway_stations\":0,\"at_grade_fixed_guideway_stations\":0,\"underground_fixed_guideway_stations\":0,\"simple_at_grade_platform_stations\":0,\"exclusive_grade_separated_platform_stations\":0,\"ferryboat_terminals\":0,\"surface_parking_lots\":0,\"parking_structures\":0}","metadata_tam_modes_json":"{\"DR\":{\"total_units_2024\":5,\"units_under_threshold_2024\":0,\"voms_2024\":3,\"total_modal_vrm_2024\":163578,\"total_modal_upt_2024\":19821},\"MB\":{\"total_units_2024\":22,\"units_under_threshold_2024\":0,\"voms_2024\":14,\"total_modal_vrm_2024\":607970,\"total_modal_upt_2024\":469580}}"},"geometry":{"type":"Point","coordinates":[-94.418315,35.386539]}},{"type":"Feature","properties":{"stop_id":"Grand Ave @ N 12th St_Grand Ave @ N 12th St_35.386490_-94.416991","stop_code":"","stop_name":"Grand Ave @ N 12th St","stop_desc":"","zone_id":"","stop_url":"","location_type":"","parent_station":"","stop_timezone":"","wheelchair_boarding":"","feed_id":"Arkansas__City_of_Fort_Smith__mdb_ntd-60086","agency_name":"City of Fort Smith Transit","route_count":1,"route_ids":"Grand","route_short_names":"","route_types":"3","route_type_names":"Bus","routes_json":"[{\"route_id\":\"Grand\",\"route_short_name\":\"\",\"route_long_name\":\"Grand\",\"route_type\":\"3\",\"route_type_name\":\"Bus\",\"route_color\":\"FFD700\",\"route_text_color\":\"000000\"}]","metadata_feed_id":"Arkansas__City_of_Fort_Smith__mdb_ntd-60086","metadata_agency_names":"City of Fort Smith Transit","metadata_ntd_id":"60086","metadata_ntd_match_method":"manual_override","metadata_ntd_agency":"City of Fort Smith, dba: Fort Smith Transit","metadata_ntd_city":"Fort Smith","metadata_ntd_state":"AR","metadata_gtfs_route_count":7,"metadata_gtfs_trip_count":147,"metadata_gtfs_shape_count":15,"metadata_gtfs_stop_count":409,"metadata_ntd_agency_voms":10,"metadata_ntd_total_facilities":4,"metadata_ntd_maintenance_facilities":2,"metadata_ntd_passenger_stations":1,"metadata_tam_tier":"Tier II","metadata_service_area_sq_miles":65,"metadata_service_area_population":86209,"metadata_route_types_json":"{\"3\":7}","metadata_ntd_facilities_json":"{\"maintenance_facilities\":2,\"administrative_and_other_non_passenger_facilities\":1,\"passenger_stations_and_terminals\":1,\"parking_and_other_passenger_facilities\":0,\"total_facilities\":4,\"bus_transfer_centers\":1,\"elevated_fixed_guideway_stations\":0,\"at_grade_fixed_guideway_stations\":0,\"underground_fixed_guideway_stations\":0,\"simple_at_grade_platform_stations\":0,\"exclusive_grade_separated_platform_stations\":0,\"ferryboat_terminals\":0,\"surface_parking_lots\":0,\"parking_structures\":0}","metadata_tam_modes_json":"{\"DR\":{\"total_units_2024\":5,\"units_under_threshold_2024\":0,\"voms_2024\":3,\"total_modal_vrm_2024\":163578,\"total_modal_upt_2024\":19821},\"MB\":{\"total_units_2024\":22,\"units_under_threshold_2024\":0,\"voms_2024\":14,\"total_modal_vrm_2024\":607970,\"total_modal_upt_2024\":469580}}"},"geometry":{"type":"Point","coordinates":[-94.416991,35.38649]}},{"type":"Feature","properties":{"stop_id":"Grand Ave @ N 13th St__35.386411_-94.415466","stop_code":"","stop_name":"Grand Ave @ N 13th St","stop_desc":"","zone_id":"","stop_url":"","location_type":"","parent_station":"","stop_timezone":"","wheelchair_boarding":"","feed_id":"Arkansas__City_of_Fort_Smith__mdb_ntd-60086","agency_name":"City of Fort Smith Transit","route_count":1,"route_ids":"Grand","route_short_names":"","route_types":"3","route_type_names":"Bus","routes_json":"[{\"route_id\":\"Grand\",\"route_short_name\":\"\",\"route_long_name\":\"Grand\",\"route_type\":\"3\",\"route_type_name\":\"Bus\",\"route_color\":\"FFD700\",\"route_text_color\":\"000000\"}]","metadata_feed_id":"Arkansas__City_of_Fort_Smith__mdb_ntd-60086","metadata_agency_names":"City of Fort Smith Transit","metadata_ntd_id":"60086","metadata_ntd_match_method":"manual_override","metadata_ntd_agency":"City of Fort Smith, dba: Fort Smith Transit","metadata_ntd_city":"Fort Smith","metadata_ntd_state":"AR","metadata_gtfs_route_count":7,"metadata_gtfs_trip_count":147,"metadata_gtfs_shape_count":15,"metadata_gtfs_stop_count":409,"metadata_ntd_agency_voms":10,"metadata_ntd_total_facilities":4,"metadata_ntd_maintenance_facilities":2,"metadata_ntd_passenger_stations":1,"metadata_tam_tier":"Tier II","metadata_service_area_sq_miles":65,"metadata_service_area_population":86209,"metadata_route_types_json":"{\"3\":7}","metadata_ntd_facilities_json":"{\"maintenance_facilities\":2,\"administrative_and_other_non_passenger_facilities\":1,\"passenger_stations_and_terminals\":1,\"parking_and_other_passenger_facilities\":0,\"total_facilities\":4,\"bus_transfer_centers\":1,\"elevated_fixed_guideway_stations\":0,\"at_grade_fixed_guideway_stations\":0,\"underground_fixed_guideway_stations\":0,\"simple_at_grade_platform_stations\":0,\"exclusive_grade_separated_platform_stations\":0,\"ferryboat_terminals\":0,\"surface_parking_lots\":0,\"parking_structures\":0}","metadata_tam_modes_json":"{\"DR\":{\"total_units_2024\":5,\"units_under_threshold_2024\":0,\"voms_2024\":3,\"total_modal_vrm_2024\":163578,\"total_modal_upt_2024\":19821},\"MB\":{\"total_units_2024\":22,\"units_under_threshold_2024\":0,\"voms_2024\":14,\"total_modal_vrm_2024\":607970,\"total_modal_upt_2024\":469580}}"},"geometry":{"type":"Point","coordinates":[-94.415466,35.386411]}},{"type":"Feature","properties":{"stop_id":"Grand Ave @ N 14th St_Grand Ave @ N 14th St_35.386353_-94.414338","stop_code":"","stop_name":"Grand Ave @ N 14th St","stop_desc":"","zone_id":"","stop_url":"","location_type":"","parent_station":"","stop_timezone":"","wheelchair_boarding":"","feed_id":"Arkansas__City_of_Fort_Smith__mdb_ntd-60086","agency_name":"City of Fort Smith Transit","route_count":2,"route_ids":"Grand|Shuttle","route_short_names":"","route_types":"3","route_type_names":"Bus","routes_json":"[{\"route_id\":\"Grand\",\"route_short_name\":\"\",\"route_long_name\":\"Grand\",\"route_type\":\"3\",\"route_type_name\":\"Bus\",\"route_color\":\"FFD700\",\"route_text_color\":\"000000\"},{\"route_id\":\"Shuttle\",\"route_short_name\":\"\",\"route_long_name\":\"Shuttle\",\"route_type\":\"3\",\"route_type_name\":\"Bus\",\"route_color\":\"000000\",\"route_text_color\":\"FFFFFF\"}]","metadata_feed_id":"Arkansas__City_of_Fort_Smith__mdb_ntd-60086","metadata_agency_names":"City of Fort Smith Transit","metadata_ntd_id":"60086","metadata_ntd_match_method":"manual_override","metadata_ntd_agency":"City of Fort Smith, dba: Fort Smith Transit","metadata_ntd_city":"Fort Smith","metadata_ntd_state":"AR","metadata_gtfs_route_count":7,"metadata_gtfs_trip_count":147,"metadata_gtfs_shape_count":15,"metadata_gtfs_stop_count":409,"metadata_ntd_agency_voms":10,"metadata_ntd_total_facilities":4,"metadata_ntd_maintenance_facilities":2,"metadata_ntd_passenger_stations":1,"metadata_tam_tier":"Tier II","metadata_service_area_sq_miles":65,"metadata_service_area_population":86209,"metadata_route_types_json":"{\"3\":7}","metadata_ntd_facilities_json":"{\"maintenance_facilities\":2,\"administrative_and_other_non_passenger_facilities\":1,\"passenger_stations_and_terminals\":1,\"parking_and_other_passenger_facilities\":0,\"total_facilities\":4,\"bus_transfer_centers\":1,\"elevated_fixed_guideway_stations\":0,\"at_grade_fixed_guideway_stations\":0,\"underground_fixed_guideway_stations\":0,\"simple_at_grade_platform_stations\":0,\"exclusive_grade_separated_platform_stations\":0,\"ferryboat_terminals\":0,\"surface_parking_lots\":0,\"parking_structures\":0}","metadata_tam_modes_json":"{\"DR\":{\"total_units_2024\":5,\"units_under_threshold_2024\":0,\"voms_2024\":3,\"total_modal_vrm_2024\":163578,\"total_modal_upt_2024\":19821},\"MB\":{\"total_units_2024\":22,\"units_under_threshold_2024\":0,\"voms_2024\":14,\"total_modal_vrm_2024\":607970,\"total_modal_upt_2024\":469580}}"},"geometry":{"type":"Point","coordinates":[-94.414338,35.386353]}},{"type":"Feature","properties":{"stop_id":"Grand Ave @ N 16th St_Grand Ave @ N 16th St_35.386290_-94.411089","stop_code":"","stop_name":"Grand Ave @ N 16th St","stop_desc":"","zone_id":"","stop_url":"","location_type":"","parent_station":"","stop_timezone":"","wheelchair_boarding":"","feed_id":"Arkansas__City_of_Fort_Smith__mdb_ntd-60086","agency_name":"City of Fort Smith Transit","route_count":2,"route_ids":"Grand|Shuttle","route_short_names":"","route_types":"3","route_type_names":"Bus","routes_json":"[{\"route_id\":\"Grand\",\"route_short_name\":\"\",\"route_long_name\":\"Grand\",\"route_type\":\"3\",\"route_type_name\":\"Bus\",\"route_color\":\"FFD700\",\"route_text_color\":\"000000\"},{\"route_id\":\"Shuttle\",\"route_short_name\":\"\",\"route_long_name\":\"Shuttle\",\"route_type\":\"3\",\"route_type_name\":\"Bus\",\"route_color\":\"000000\",\"route_text_color\":\"FFFFFF\"}]","metadata_feed_id":"Arkansas__City_of_Fort_Smith__mdb_ntd-60086","metadata_agency_names":"City of Fort Smith Transit","metadata_ntd_id":"60086","metadata_ntd_match_method":"manual_override","metadata_ntd_agency":"City of Fort Smith, dba: Fort Smith Transit","metadata_ntd_city":"Fort Smith","metadata_ntd_state":"AR","metadata_gtfs_route_count":7,"metadata_gtfs_trip_count":147,"metadata_gtfs_shape_count":15,"metadata_gtfs_stop_count":409,"metadata_ntd_agency_voms":10,"metadata_ntd_total_facilities":4,"metadata_ntd_maintenance_facilities":2,"metadata_ntd_passenger_stations":1,"metadata_tam_tier":"Tier II","metadata_service_area_sq_miles":65,"metadata_service_area_population":86209,"metadata_route_types_json":"{\"3\":7}","metadata_ntd_facilities_json":"{\"maintenance_facilities\":2,\"administrative_and_other_non_passenger_facilities\":1,\"passenger_stations_and_terminals\":1,\"parking_and_other_passenger_facilities\":0,\"total_facilities\":4,\"bus_transfer_centers\":1,\"elevated_fixed_guideway_stations\":0,\"at_grade_fixed_guideway_stations\":0,\"underground_fixed_guideway_stations\":0,\"simple_at_grade_platform_stations\":0,\"exclusive_grade_separated_platform_stations\":0,\"ferryboat_terminals\":0,\"surface_parking_lots\":0,\"parking_structures\":0}","metadata_tam_modes_json":"{\"DR\":{\"total_units_2024\":5,\"units_under_threshold_2024\":0,\"voms_2024\":3,\"total_modal_vrm_2024\":163578,\"total_modal_upt_2024\":19821},\"MB\":{\"total_units_2024\":22,\"units_under_threshold_2024\":0,\"voms_2024\":14,\"total_modal_vrm_2024\":607970,\"total_modal_upt_2024\":469580}}"},"geometry":{"type":"Point","coordinates":[-94.411089,35.38629]}},{"type":"Feature","properties":{"stop_id":"Grand Ave @ N 18th St_Grand Ave @ N 18th St_35.386173_-94.408313","stop_code":"","stop_name":"Grand Ave @ N 18th St","stop_desc":"","zone_id":"","stop_url":"","location_type":"","parent_station":"","stop_timezone":"","wheelchair_boarding":"","feed_id":"Arkansas__City_of_Fort_Smith__mdb_ntd-60086","agency_name":"City of Fort Smith Transit","route_count":1,"route_ids":"Grand","route_short_names":"","route_types":"3","route_type_names":"Bus","routes_json":"[{\"route_id\":\"Grand\",\"route_short_name\":\"\",\"route_long_name\":\"Grand\",\"route_type\":\"3\",\"route_type_name\":\"Bus\",\"route_color\":\"FFD700\",\"route_text_color\":\"000000\"}]","metadata_feed_id":"Arkansas__City_of_Fort_Smith__mdb_ntd-60086","metadata_agency_names":"City of Fort Smith Transit","metadata_ntd_id":"60086","metadata_ntd_match_method":"manual_override","metadata_ntd_agency":"City of Fort Smith, dba: Fort Smith Transit","metadata_ntd_city":"Fort Smith","metadata_ntd_state":"AR","metadata_gtfs_route_count":7,"metadata_gtfs_trip_count":147,"metadata_gtfs_shape_count":15,"metadata_gtfs_stop_count":409,"metadata_ntd_agency_voms":10,"metadata_ntd_total_facilities":4,"metadata_ntd_maintenance_facilities":2,"metadata_ntd_passenger_stations":1,"metadata_tam_tier":"Tier II","metadata_service_area_sq_miles":65,"metadata_service_area_population":86209,"metadata_route_types_json":"{\"3\":7}","metadata_ntd_facilities_json":"{\"maintenance_facilities\":2,\"administrative_and_other_non_passenger_facilities\":1,\"passenger_stations_and_terminals\":1,\"parking_and_other_passenger_facilities\":0,\"total_facilities\":4,\"bus_transfer_centers\":1,\"elevated_fixed_guideway_stations\":0,\"at_grade_fixed_guideway_stations\":0,\"underground_fixed_guideway_stations\":0,\"simple_at_grade_platform_stations\":0,\"exclusive_grade_separated_platform_stations\":0,\"ferryboat_terminals\":0,\"surface_parking_lots\":0,\"parking_structures\":0}","metadata_tam_modes_json":"{\"DR\":{\"total_units_2024\":5,\"units_under_threshold_2024\":0,\"voms_2024\":3,\"total_modal_vrm_2024\":163578,\"total_modal_upt_2024\":19821},\"MB\":{\"total_units_2024\":22,\"units_under_threshold_2024\":0,\"voms_2024\":14,\"total_modal_vrm_2024\":607970,\"total_modal_upt_2024\":469580}}"},"geometry":{"type":"Point","coordinates":[-94.408313,35.386173]}},{"type":"Feature","properties":{"stop_id":"Grand Ave @ N 19th St__35.386137_-94.406859","stop_code":"","stop_name":"Grand Ave @ N 19th St","stop_desc":"","zone_id":"","stop_url":"","location_type":"","parent_station":"","stop_timezone":"","wheelchair_boarding":"","feed_id":"Arkansas__City_of_Fort_Smith__mdb_ntd-60086","agency_name":"City of Fort Smith Transit","route_count":1,"route_ids":"Grand","route_short_names":"","route_types":"3","route_type_names":"Bus","routes_json":"[{\"route_id\":\"Grand\",\"route_short_name\":\"\",\"route_long_name\":\"Grand\",\"route_type\":\"3\",\"route_type_name\":\"Bus\",\"route_color\":\"FFD700\",\"route_text_color\":\"000000\"}]","metadata_feed_id":"Arkansas__City_of_Fort_Smith__mdb_ntd-60086","metadata_agency_names":"City of Fort Smith Transit","metadata_ntd_id":"60086","metadata_ntd_match_method":"manual_override","metadata_ntd_agency":"City of Fort Smith, dba: Fort Smith Transit","metadata_ntd_city":"Fort Smith","metadata_ntd_state":"AR","metadata_gtfs_route_count":7,"metadata_gtfs_trip_count":147,"metadata_gtfs_shape_count":15,"metadata_gtfs_stop_count":409,"metadata_ntd_agency_voms":10,"metadata_ntd_total_facilities":4,"metadata_ntd_maintenance_facilities":2,"metadata_ntd_passenger_stations":1,"metadata_tam_tier":"Tier II","metadata_service_area_sq_miles":65,"metadata_service_area_population":86209,"metadata_route_types_json":"{\"3\":7}","metadata_ntd_facilities_json":"{\"maintenance_facilities\":2,\"administrative_and_other_non_passenger_facilities\":1,\"passenger_stations_and_terminals\":1,\"parking_and_other_passenger_facilities\":0,\"total_facilities\":4,\"bus_transfer_centers\":1,\"elevated_fixed_guideway_stations\":0,\"at_grade_fixed_guideway_stations\":0,\"underground_fixed_guideway_stations\":0,\"simple_at_grade_platform_stations\":0,\"exclusive_grade_separated_platform_stations\":0,\"ferryboat_terminals\":0,\"surface_parking_lots\":0,\"parking_structures\":0}","metadata_tam_modes_json":"{\"DR\":{\"total_units_2024\":5,\"units_under_threshold_2024\":0,\"voms_2024\":3,\"total_modal_vrm_2024\":163578,\"total_modal_upt_2024\":19821},\"MB\":{\"total_units_2024\":22,\"units_under_threshold_2024\":0,\"voms_2024\":14,\"total_modal_vrm_2024\":607970,\"total_modal_upt_2024\":469580}}"},"geometry":{"type":"Point","coordinates":[-94.406859,35.386137]}},{"type":"Feature","properties":{"stop_id":"Grand Ave @ N 21st St__35.386110_-94.405559","stop_code":"","stop_name":"Grand Ave @ N 21st St","stop_desc":"","zone_id":"","stop_url":"","location_type":"","parent_station":"","stop_timezone":"","wheelchair_boarding":"","feed_id":"Arkansas__City_of_Fort_Smith__mdb_ntd-60086","agency_name":"City of Fort Smith Transit","route_count":1,"route_ids":"Grand","route_short_names":"","route_types":"3","route_type_names":"Bus","routes_json":"[{\"route_id\":\"Grand\",\"route_short_name\":\"\",\"route_long_name\":\"Grand\",\"route_type\":\"3\",\"route_type_name\":\"Bus\",\"route_color\":\"FFD700\",\"route_text_color\":\"000000\"}]","metadata_feed_id":"Arkansas__City_of_Fort_Smith__mdb_ntd-60086","metadata_agency_names":"City of Fort Smith Transit","metadata_ntd_id":"60086","metadata_ntd_match_method":"manual_override","metadata_ntd_agency":"City of Fort Smith, dba: Fort Smith Transit","metadata_ntd_city":"Fort Smith","metadata_ntd_state":"AR","metadata_gtfs_route_count":7,"metadata_gtfs_trip_count":147,"metadata_gtfs_shape_count":15,"metadata_gtfs_stop_count":409,"metadata_ntd_agency_voms":10,"metadata_ntd_total_facilities":4,"metadata_ntd_maintenance_facilities":2,"metadata_ntd_passenger_stations":1,"metadata_tam_tier":"Tier II","metadata_service_area_sq_miles":65,"metadata_service_area_population":86209,"metadata_route_types_json":"{\"3\":7}","metadata_ntd_facilities_json":"{\"maintenance_facilities\":2,\"administrative_and_other_non_passenger_facilities\":1,\"passenger_stations_and_terminals\":1,\"parking_and_other_passenger_facilities\":0,\"total_facilities\":4,\"bus_transfer_centers\":1,\"elevated_fixed_guideway_stations\":0,\"at_grade_fixed_guideway_stations\":0,\"underground_fixed_guideway_stations\":0,\"simple_at_grade_platform_stations\":0,\"exclusive_grade_separated_platform_stations\":0,\"ferryboat_terminals\":0,\"surface_parking_lots\":0,\"parking_structures\":0}","metadata_tam_modes_json":"{\"DR\":{\"total_units_2024\":5,\"units_under_threshold_2024\":0,\"voms_2024\":3,\"total_modal_vrm_2024\":163578,\"total_modal_upt_2024\":19821},\"MB\":{\"total_units_2024\":22,\"units_under_threshold_2024\":0,\"voms_2024\":14,\"total_modal_vrm_2024\":607970,\"total_modal_upt_2024\":469580}}"},"geometry":{"type":"Point","coordinates":[-94.405559,35.38611]}},{"type":"Feature","properties":{"stop_id":"Grand Ave @ N 30th St__35.385957_-94.400141","stop_code":"","stop_name":"Grand Ave @ N 30th St","stop_desc":"","zone_id":"","stop_url":"","location_type":"","parent_station":"","stop_timezone":"","wheelchair_boarding":"","feed_id":"Arkansas__City_of_Fort_Smith__mdb_ntd-60086","agency_name":"City of Fort Smith Transit","route_count":1,"route_ids":"Grand","route_short_names":"","route_types":"3","route_type_names":"Bus","routes_json":"[{\"route_id\":\"Grand\",\"route_short_name\":\"\",\"route_long_name\":\"Grand\",\"route_type\":\"3\",\"route_type_name\":\"Bus\",\"route_color\":\"FFD700\",\"route_text_color\":\"000000\"}]","metadata_feed_id":"Arkansas__City_of_Fort_Smith__mdb_ntd-60086","metadata_agency_names":"City of Fort Smith Transit","metadata_ntd_id":"60086","metadata_ntd_match_method":"manual_override","metadata_ntd_agency":"City of Fort Smith, dba: Fort Smith Transit","metadata_ntd_city":"Fort Smith","metadata_ntd_state":"AR","metadata_gtfs_route_count":7,"metadata_gtfs_trip_count":147,"metadata_gtfs_shape_count":15,"metadata_gtfs_stop_count":409,"metadata_ntd_agency_voms":10,"metadata_ntd_total_facilities":4,"metadata_ntd_maintenance_facilities":2,"metadata_ntd_passenger_stations":1,"metadata_tam_tier":"Tier II","metadata_service_area_sq_miles":65,"metadata_service_area_population":86209,"metadata_route_types_json":"{\"3\":7}","metadata_ntd_facilities_json":"{\"maintenance_facilities\":2,\"administrative_and_other_non_passenger_facilities\":1,\"passenger_stations_and_terminals\":1,\"parking_and_other_passenger_facilities\":0,\"total_facilities\":4,\"bus_transfer_centers\":1,\"elevated_fixed_guideway_stations\":0,\"at_grade_fixed_guideway_stations\":0,\"underground_fixed_guideway_stations\":0,\"simple_at_grade_platform_stations\":0,\"exclusive_grade_separated_platform_stations\":0,\"ferryboat_terminals\":0,\"surface_parking_lots\":0,\"parking_structures\":0}","metadata_tam_modes_json":"{\"DR\":{\"total_units_2024\":5,\"units_under_threshold_2024\":0,\"voms_2024\":3,\"total_modal_vrm_2024\":163578,\"total_modal_upt_2024\":19821},\"MB\":{\"total_units_2024\":22,\"units_under_threshold_2024\":0,\"voms_2024\":14,\"total_modal_vrm_2024\":607970,\"total_modal_upt_2024\":469580}}"},"geometry":{"type":"Point","coordinates":[-94.400141,35.385957]}},{"type":"Feature","properties":{"stop_id":"Grand Ave @ N 34th St_Grand Ave @ N 34th St_35.385849_-94.394889","stop_code":"","stop_name":"Grand Ave @ N 34th St","stop_desc":"","zone_id":"","stop_url":"","location_type":"","parent_station":"","stop_timezone":"","wheelchair_boarding":"","feed_id":"Arkansas__City_of_Fort_Smith__mdb_ntd-60086","agency_name":"City of Fort Smith Transit","route_count":1,"route_ids":"Grand","route_short_names":"","route_types":"3","route_type_names":"Bus","routes_json":"[{\"route_id\":\"Grand\",\"route_short_name\":\"\",\"route_long_name\":\"Grand\",\"route_type\":\"3\",\"route_type_name\":\"Bus\",\"route_color\":\"FFD700\",\"route_text_color\":\"000000\"}]","metadata_feed_id":"Arkansas__City_of_Fort_Smith__mdb_ntd-60086","metadata_agency_names":"City of Fort Smith Transit","metadata_ntd_id":"60086","metadata_ntd_match_method":"manual_override","metadata_ntd_agency":"City of Fort Smith, dba: Fort Smith Transit","metadata_ntd_city":"Fort Smith","metadata_ntd_state":"AR","metadata_gtfs_route_count":7,"metadata_gtfs_trip_count":147,"metadata_gtfs_shape_count":15,"metadata_gtfs_stop_count":409,"metadata_ntd_agency_voms":10,"metadata_ntd_total_facilities":4,"metadata_ntd_maintenance_facilities":2,"metadata_ntd_passenger_stations":1,"metadata_tam_tier":"Tier II","metadata_service_area_sq_miles":65,"metadata_service_area_population":86209,"metadata_route_types_json":"{\"3\":7}","metadata_ntd_facilities_json":"{\"maintenance_facilities\":2,\"administrative_and_other_non_passenger_facilities\":1,\"passenger_stations_and_terminals\":1,\"parking_and_other_passenger_facilities\":0,\"total_facilities\":4,\"bus_transfer_centers\":1,\"elevated_fixed_guideway_stations\":0,\"at_grade_fixed_guideway_stations\":0,\"underground_fixed_guideway_stations\":0,\"simple_at_grade_platform_stations\":0,\"exclusive_grade_separated_platform_stations\":0,\"ferryboat_terminals\":0,\"surface_parking_lots\":0,\"parking_structures\":0}","metadata_tam_modes_json":"{\"DR\":{\"total_units_2024\":5,\"units_under_threshold_2024\":0,\"voms_2024\":3,\"total_modal_vrm_2024\":163578,\"total_modal_upt_2024\":19821},\"MB\":{\"total_units_2024\":22,\"units_under_threshold_2024\":0,\"voms_2024\":14,\"total_modal_vrm_2024\":607970,\"total_modal_upt_2024\":469580}}"},"geometry":{"type":"Point","coordinates":[-94.394889,35.385849]}},{"type":"Feature","properties":{"stop_id":"Grand Ave @ N 36th St_Grand Ave @ N 36th St_35.385822_-94.392493","stop_code":"","stop_name":"Grand Ave @ N 36th St","stop_desc":"","zone_id":"","stop_url":"","location_type":"","parent_station":"","stop_timezone":"","wheelchair_boarding":"","feed_id":"Arkansas__City_of_Fort_Smith__mdb_ntd-60086","agency_name":"City of Fort Smith Transit","route_count":1,"route_ids":"Grand","route_short_names":"","route_types":"3","route_type_names":"Bus","routes_json":"[{\"route_id\":\"Grand\",\"route_short_name\":\"\",\"route_long_name\":\"Grand\",\"route_type\":\"3\",\"route_type_name\":\"Bus\",\"route_color\":\"FFD700\",\"route_text_color\":\"000000\"}]","metadata_feed_id":"Arkansas__City_of_Fort_Smith__mdb_ntd-60086","metadata_agency_names":"City of Fort Smith Transit","metadata_ntd_id":"60086","metadata_ntd_match_method":"manual_override","metadata_ntd_agency":"City of Fort Smith, dba: Fort Smith Transit","metadata_ntd_city":"Fort Smith","metadata_ntd_state":"AR","metadata_gtfs_route_count":7,"metadata_gtfs_trip_count":147,"metadata_gtfs_shape_count":15,"metadata_gtfs_stop_count":409,"metadata_ntd_agency_voms":10,"metadata_ntd_total_facilities":4,"metadata_ntd_maintenance_facilities":2,"metadata_ntd_passenger_stations":1,"metadata_tam_tier":"Tier II","metadata_service_area_sq_miles":65,"metadata_service_area_population":86209,"metadata_route_types_json":"{\"3\":7}","metadata_ntd_facilities_json":"{\"maintenance_facilities\":2,\"administrative_and_other_non_passenger_facilities\":1,\"passenger_stations_and_terminals\":1,\"parking_and_other_passenger_facilities\":0,\"total_facilities\":4,\"bus_transfer_centers\":1,\"elevated_fixed_guideway_stations\":0,\"at_grade_fixed_guideway_stations\":0,\"underground_fixed_guideway_stations\":0,\"simple_at_grade_platform_stations\":0,\"exclusive_grade_separated_platform_stations\":0,\"ferryboat_terminals\":0,\"surface_parking_lots\":0,\"parking_structures\":0}","metadata_tam_modes_json":"{\"DR\":{\"total_units_2024\":5,\"units_under_threshold_2024\":0,\"voms_2024\":3,\"total_modal_vrm_2024\":163578,\"total_modal_upt_2024\":19821},\"MB\":{\"total_units_2024\":22,\"units_under_threshold_2024\":0,\"voms_2024\":14,\"total_modal_vrm_2024\":607970,\"total_modal_upt_2024\":469580}}"},"geometry":{"type":"Point","coordinates":[-94.392493,35.385822]}},{"type":"Feature","properties":{"stop_id":"Grand Ave @ N 38th St_Grand Ave @ N 38th St_35.385717_-94.390127","stop_code":"","stop_name":"Grand Ave @ N 38th St","stop_desc":"","zone_id":"","stop_url":"","location_type":"","parent_station":"","stop_timezone":"","wheelchair_boarding":"","feed_id":"Arkansas__City_of_Fort_Smith__mdb_ntd-60086","agency_name":"City of Fort Smith Transit","route_count":1,"route_ids":"Grand","route_short_names":"","route_types":"3","route_type_names":"Bus","routes_json":"[{\"route_id\":\"Grand\",\"route_short_name\":\"\",\"route_long_name\":\"Grand\",\"route_type\":\"3\",\"route_type_name\":\"Bus\",\"route_color\":\"FFD700\",\"route_text_color\":\"000000\"}]","metadata_feed_id":"Arkansas__City_of_Fort_Smith__mdb_ntd-60086","metadata_agency_names":"City of Fort Smith Transit","metadata_ntd_id":"60086","metadata_ntd_match_method":"manual_override","metadata_ntd_agency":"City of Fort Smith, dba: Fort Smith Transit","metadata_ntd_city":"Fort Smith","metadata_ntd_state":"AR","metadata_gtfs_route_count":7,"metadata_gtfs_trip_count":147,"metadata_gtfs_shape_count":15,"metadata_gtfs_stop_count":409,"metadata_ntd_agency_voms":10,"metadata_ntd_total_facilities":4,"metadata_ntd_maintenance_facilities":2,"metadata_ntd_passenger_stations":1,"metadata_tam_tier":"Tier II","metadata_service_area_sq_miles":65,"metadata_service_area_population":86209,"metadata_route_types_json":"{\"3\":7}","metadata_ntd_facilities_json":"{\"maintenance_facilities\":2,\"administrative_and_other_non_passenger_facilities\":1,\"passenger_stations_and_terminals\":1,\"parking_and_other_passenger_facilities\":0,\"total_facilities\":4,\"bus_transfer_centers\":1,\"elevated_fixed_guideway_stations\":0,\"at_grade_fixed_guideway_stations\":0,\"underground_fixed_guideway_stations\":0,\"simple_at_grade_platform_stations\":0,\"exclusive_grade_separated_platform_stations\":0,\"ferryboat_terminals\":0,\"surface_parking_lots\":0,\"parking_structures\":0}","metadata_tam_modes_json":"{\"DR\":{\"total_units_2024\":5,\"units_under_threshold_2024\":0,\"voms_2024\":3,\"total_modal_vrm_2024\":163578,\"total_modal_upt_2024\":19821},\"MB\":{\"total_units_2024\":22,\"units_under_threshold_2024\":0,\"voms_2024\":14,\"total_modal_vrm_2024\":607970,\"total_modal_upt_2024\":469580}}"},"geometry":{"type":"Point","coordinates":[-94.390127,35.385717]}},{"type":"Feature","properties":{"stop_id":"Grand Ave @ N 40th St_Grand Ave @ N 40th St_35.385666_-94.387767","stop_code":"","stop_name":"Grand Ave @ N 40th St","stop_desc":"","zone_id":"","stop_url":"","location_type":"","parent_station":"","stop_timezone":"","wheelchair_boarding":"","feed_id":"Arkansas__City_of_Fort_Smith__mdb_ntd-60086","agency_name":"City of Fort Smith Transit","route_count":1,"route_ids":"Grand","route_short_names":"","route_types":"3","route_type_names":"Bus","routes_json":"[{\"route_id\":\"Grand\",\"route_short_name\":\"\",\"route_long_name\":\"Grand\",\"route_type\":\"3\",\"route_type_name\":\"Bus\",\"route_color\":\"FFD700\",\"route_text_color\":\"000000\"}]","metadata_feed_id":"Arkansas__City_of_Fort_Smith__mdb_ntd-60086","metadata_agency_names":"City of Fort Smith Transit","metadata_ntd_id":"60086","metadata_ntd_match_method":"manual_override","metadata_ntd_agency":"City of Fort Smith, dba: Fort Smith Transit","metadata_ntd_city":"Fort Smith","metadata_ntd_state":"AR","metadata_gtfs_route_count":7,"metadata_gtfs_trip_count":147,"metadata_gtfs_shape_count":15,"metadata_gtfs_stop_count":409,"metadata_ntd_agency_voms":10,"metadata_ntd_total_facilities":4,"metadata_ntd_maintenance_facilities":2,"metadata_ntd_passenger_stations":1,"metadata_tam_tier":"Tier II","metadata_service_area_sq_miles":65,"metadata_service_area_population":86209,"metadata_route_types_json":"{\"3\":7}","metadata_ntd_facilities_json":"{\"maintenance_facilities\":2,\"administrative_and_other_non_passenger_facilities\":1,\"passenger_stations_and_terminals\":1,\"parking_and_other_passenger_facilities\":0,\"total_facilities\":4,\"bus_transfer_centers\":1,\"elevated_fixed_guideway_stations\":0,\"at_grade_fixed_guideway_stations\":0,\"underground_fixed_guideway_stations\":0,\"simple_at_grade_platform_stations\":0,\"exclusive_grade_separated_platform_stations\":0,\"ferryboat_terminals\":0,\"surface_parking_lots\":0,\"parking_structures\":0}","metadata_tam_modes_json":"{\"DR\":{\"total_units_2024\":5,\"units_under_threshold_2024\":0,\"voms_2024\":3,\"total_modal_vrm_2024\":163578,\"total_modal_upt_2024\":19821},\"MB\":{\"total_units_2024\":22,\"units_under_threshold_2024\":0,\"voms_2024\":14,\"total_modal_vrm_2024\":607970,\"total_modal_upt_2024\":469580}}"},"geometry":{"type":"Point","coordinates":[-94.387767,35.385666]}},{"type":"Feature","properties":{"stop_id":"Grand Ave @ N 44th St_Grand Ave @ N 44th St_35.385588_-94.383351","stop_code":"","stop_name":"Grand Ave @ N 44th St","stop_desc":"","zone_id":"","stop_url":"","location_type":"","parent_station":"","stop_timezone":"","wheelchair_boarding":"","feed_id":"Arkansas__City_of_Fort_Smith__mdb_ntd-60086","agency_name":"City of Fort Smith Transit","route_count":1,"route_ids":"Grand","route_short_names":"","route_types":"3","route_type_names":"Bus","routes_json":"[{\"route_id\":\"Grand\",\"route_short_name\":\"\",\"route_long_name\":\"Grand\",\"route_type\":\"3\",\"route_type_name\":\"Bus\",\"route_color\":\"FFD700\",\"route_text_color\":\"000000\"}]","metadata_feed_id":"Arkansas__City_of_Fort_Smith__mdb_ntd-60086","metadata_agency_names":"City of Fort Smith Transit","metadata_ntd_id":"60086","metadata_ntd_match_method":"manual_override","metadata_ntd_agency":"City of Fort Smith, dba: Fort Smith Transit","metadata_ntd_city":"Fort Smith","metadata_ntd_state":"AR","metadata_gtfs_route_count":7,"metadata_gtfs_trip_count":147,"metadata_gtfs_shape_count":15,"metadata_gtfs_stop_count":409,"metadata_ntd_agency_voms":10,"metadata_ntd_total_facilities":4,"metadata_ntd_maintenance_facilities":2,"metadata_ntd_passenger_stations":1,"metadata_tam_tier":"Tier II","metadata_service_area_sq_miles":65,"metadata_service_area_population":86209,"metadata_route_types_json":"{\"3\":7}","metadata_ntd_facilities_json":"{\"maintenance_facilities\":2,\"administrative_and_other_non_passenger_facilities\":1,\"passenger_stations_and_terminals\":1,\"parking_and_other_passenger_facilities\":0,\"total_facilities\":4,\"bus_transfer_centers\":1,\"elevated_fixed_guideway_stations\":0,\"at_grade_fixed_guideway_stations\":0,\"underground_fixed_guideway_stations\":0,\"simple_at_grade_platform_stations\":0,\"exclusive_grade_separated_platform_stations\":0,\"ferryboat_terminals\":0,\"surface_parking_lots\":0,\"parking_structures\":0}","metadata_tam_modes_json":"{\"DR\":{\"total_units_2024\":5,\"units_under_threshold_2024\":0,\"voms_2024\":3,\"total_modal_vrm_2024\":163578,\"total_modal_upt_2024\":19821},\"MB\":{\"total_units_2024\":22,\"units_under_threshold_2024\":0,\"voms_2024\":14,\"total_modal_vrm_2024\":607970,\"total_modal_upt_2024\":469580}}"},"geometry":{"type":"Point","coordinates":[-94.383351,35.385588]}},{"type":"Feature","properties":{"stop_id":"Grand Ave @ N 45th St_Grand Ave @ N 45th St_35.385568_-94.382138","stop_code":"","stop_name":"Grand Ave @ N 45th St","stop_desc":"","zone_id":"","stop_url":"","location_type":"","parent_station":"","stop_timezone":"","wheelchair_boarding":"","feed_id":"Arkansas__City_of_Fort_Smith__mdb_ntd-60086","agency_name":"City of Fort Smith Transit","route_count":1,"route_ids":"Grand","route_short_names":"","route_types":"3","route_type_names":"Bus","routes_json":"[{\"route_id\":\"Grand\",\"route_short_name\":\"\",\"route_long_name\":\"Grand\",\"route_type\":\"3\",\"route_type_name\":\"Bus\",\"route_color\":\"FFD700\",\"route_text_color\":\"000000\"}]","metadata_feed_id":"Arkansas__City_of_Fort_Smith__mdb_ntd-60086","metadata_agency_names":"City of Fort Smith Transit","metadata_ntd_id":"60086","metadata_ntd_match_method":"manual_override","metadata_ntd_agency":"City of Fort Smith, dba: Fort Smith Transit","metadata_ntd_city":"Fort Smith","metadata_ntd_state":"AR","metadata_gtfs_route_count":7,"metadata_gtfs_trip_count":147,"metadata_gtfs_shape_count":15,"metadata_gtfs_stop_count":409,"metadata_ntd_agency_voms":10,"metadata_ntd_total_facilities":4,"metadata_ntd_maintenance_facilities":2,"metadata_ntd_passenger_stations":1,"metadata_tam_tier":"Tier II","metadata_service_area_sq_miles":65,"metadata_service_area_population":86209,"metadata_route_types_json":"{\"3\":7}","metadata_ntd_facilities_json":"{\"maintenance_facilities\":2,\"administrative_and_other_non_passenger_facilities\":1,\"passenger_stations_and_terminals\":1,\"parking_and_other_passenger_facilities\":0,\"total_facilities\":4,\"bus_transfer_centers\":1,\"elevated_fixed_guideway_stations\":0,\"at_grade_fixed_guideway_stations\":0,\"underground_fixed_guideway_stations\":0,\"simple_at_grade_platform_stations\":0,\"exclusive_grade_separated_platform_stations\":0,\"ferryboat_terminals\":0,\"surface_parking_lots\":0,\"parking_structures\":0}","metadata_tam_modes_json":"{\"DR\":{\"total_units_2024\":5,\"units_under_threshold_2024\":0,\"voms_2024\":3,\"total_modal_vrm_2024\":163578,\"total_modal_upt_2024\":19821},\"MB\":{\"total_units_2024\":22,\"units_under_threshold_2024\":0,\"voms_2024\":14,\"total_modal_vrm_2024\":607970,\"total_modal_upt_2024\":469580}}"},"geometry":{"type":"Point","coordinates":[-94.382138,35.385568]}},{"type":"Feature","properties":{"stop_id":"Grand Ave @ N 46th St__35.385526_-94.381041","stop_code":"","stop_name":"Grand Ave @ N 46th St","stop_desc":"","zone_id":"","stop_url":"","location_type":"","parent_station":"","stop_timezone":"","wheelchair_boarding":"","feed_id":"Arkansas__City_of_Fort_Smith__mdb_ntd-60086","agency_name":"City of Fort Smith Transit","route_count":1,"route_ids":"Grand","route_short_names":"","route_types":"3","route_type_names":"Bus","routes_json":"[{\"route_id\":\"Grand\",\"route_short_name\":\"\",\"route_long_name\":\"Grand\",\"route_type\":\"3\",\"route_type_name\":\"Bus\",\"route_color\":\"FFD700\",\"route_text_color\":\"000000\"}]","metadata_feed_id":"Arkansas__City_of_Fort_Smith__mdb_ntd-60086","metadata_agency_names":"City of Fort Smith Transit","metadata_ntd_id":"60086","metadata_ntd_match_method":"manual_override","metadata_ntd_agency":"City of Fort Smith, dba: Fort Smith Transit","metadata_ntd_city":"Fort Smith","metadata_ntd_state":"AR","metadata_gtfs_route_count":7,"metadata_gtfs_trip_count":147,"metadata_gtfs_shape_count":15,"metadata_gtfs_stop_count":409,"metadata_ntd_agency_voms":10,"metadata_ntd_total_facilities":4,"metadata_ntd_maintenance_facilities":2,"metadata_ntd_passenger_stations":1,"metadata_tam_tier":"Tier II","metadata_service_area_sq_miles":65,"metadata_service_area_population":86209,"metadata_route_types_json":"{\"3\":7}","metadata_ntd_facilities_json":"{\"maintenance_facilities\":2,\"administrative_and_other_non_passenger_facilities\":1,\"passenger_stations_and_terminals\":1,\"parking_and_other_passenger_facilities\":0,\"total_facilities\":4,\"bus_transfer_centers\":1,\"elevated_fixed_guideway_stations\":0,\"at_grade_fixed_guideway_stations\":0,\"underground_fixed_guideway_stations\":0,\"simple_at_grade_platform_stations\":0,\"exclusive_grade_separated_platform_stations\":0,\"ferryboat_terminals\":0,\"surface_parking_lots\":0,\"parking_structures\":0}","metadata_tam_modes_json":"{\"DR\":{\"total_units_2024\":5,\"units_under_threshold_2024\":0,\"voms_2024\":3,\"total_modal_vrm_2024\":163578,\"total_modal_upt_2024\":19821},\"MB\":{\"total_units_2024\":22,\"units_under_threshold_2024\":0,\"voms_2024\":14,\"total_modal_vrm_2024\":607970,\"total_modal_upt_2024\":469580}}"},"geometry":{"type":"Point","coordinates":[-94.381041,35.385526]}},{"type":"Feature","properties":{"stop_id":"Grand Ave @ N 47th St_Grand Ave @ N 47th St_35.385498_-94.380039","stop_code":"","stop_name":"Grand Ave @ N 47th St","stop_desc":"","zone_id":"","stop_url":"","location_type":"","parent_station":"","stop_timezone":"","wheelchair_boarding":"","feed_id":"Arkansas__City_of_Fort_Smith__mdb_ntd-60086","agency_name":"City of Fort Smith Transit","route_count":1,"route_ids":"Grand","route_short_names":"","route_types":"3","route_type_names":"Bus","routes_json":"[{\"route_id\":\"Grand\",\"route_short_name\":\"\",\"route_long_name\":\"Grand\",\"route_type\":\"3\",\"route_type_name\":\"Bus\",\"route_color\":\"FFD700\",\"route_text_color\":\"000000\"}]","metadata_feed_id":"Arkansas__City_of_Fort_Smith__mdb_ntd-60086","metadata_agency_names":"City of Fort Smith Transit","metadata_ntd_id":"60086","metadata_ntd_match_method":"manual_override","metadata_ntd_agency":"City of Fort Smith, dba: Fort Smith Transit","metadata_ntd_city":"Fort Smith","metadata_ntd_state":"AR","metadata_gtfs_route_count":7,"metadata_gtfs_trip_count":147,"metadata_gtfs_shape_count":15,"metadata_gtfs_stop_count":409,"metadata_ntd_agency_voms":10,"metadata_ntd_total_facilities":4,"metadata_ntd_maintenance_facilities":2,"metadata_ntd_passenger_stations":1,"metadata_tam_tier":"Tier II","metadata_service_area_sq_miles":65,"metadata_service_area_population":86209,"metadata_route_types_json":"{\"3\":7}","metadata_ntd_facilities_json":"{\"maintenance_facilities\":2,\"administrative_and_other_non_passenger_facilities\":1,\"passenger_stations_and_terminals\":1,\"parking_and_other_passenger_facilities\":0,\"total_facilities\":4,\"bus_transfer_centers\":1,\"elevated_fixed_guideway_stations\":0,\"at_grade_fixed_guideway_stations\":0,\"underground_fixed_guideway_stations\":0,\"simple_at_grade_platform_stations\":0,\"exclusive_grade_separated_platform_stations\":0,\"ferryboat_terminals\":0,\"surface_parking_lots\":0,\"parking_structures\":0}","metadata_tam_modes_json":"{\"DR\":{\"total_units_2024\":5,\"units_under_threshold_2024\":0,\"voms_2024\":3,\"total_modal_vrm_2024\":163578,\"total_modal_upt_2024\":19821},\"MB\":{\"total_units_2024\":22,\"units_under_threshold_2024\":0,\"voms_2024\":14,\"total_modal_vrm_2024\":607970,\"total_modal_upt_2024\":469580}}"},"geometry":{"type":"Point","coordinates":[-94.380039,35.385498]}},{"type":"Feature","properties":{"stop_id":"Grand Ave @ N 48th St__35.385486_-94.378819","stop_code":"","stop_name":"Grand Ave @ N 48th St","stop_desc":"","zone_id":"","stop_url":"","location_type":"","parent_station":"","stop_timezone":"","wheelchair_boarding":"","feed_id":"Arkansas__City_of_Fort_Smith__mdb_ntd-60086","agency_name":"City of Fort Smith Transit","route_count":1,"route_ids":"Grand","route_short_names":"","route_types":"3","route_type_names":"Bus","routes_json":"[{\"route_id\":\"Grand\",\"route_short_name\":\"\",\"route_long_name\":\"Grand\",\"route_type\":\"3\",\"route_type_name\":\"Bus\",\"route_color\":\"FFD700\",\"route_text_color\":\"000000\"}]","metadata_feed_id":"Arkansas__City_of_Fort_Smith__mdb_ntd-60086","metadata_agency_names":"City of Fort Smith Transit","metadata_ntd_id":"60086","metadata_ntd_match_method":"manual_override","metadata_ntd_agency":"City of Fort Smith, dba: Fort Smith Transit","metadata_ntd_city":"Fort Smith","metadata_ntd_state":"AR","metadata_gtfs_route_count":7,"metadata_gtfs_trip_count":147,"metadata_gtfs_shape_count":15,"metadata_gtfs_stop_count":409,"metadata_ntd_agency_voms":10,"metadata_ntd_total_facilities":4,"metadata_ntd_maintenance_facilities":2,"metadata_ntd_passenger_stations":1,"metadata_tam_tier":"Tier II","metadata_service_area_sq_miles":65,"metadata_service_area_population":86209,"metadata_route_types_json":"{\"3\":7}","metadata_ntd_facilities_json":"{\"maintenance_facilities\":2,\"administrative_and_other_non_passenger_facilities\":1,\"passenger_stations_and_terminals\":1,\"parking_and_other_passenger_facilities\":0,\"total_facilities\":4,\"bus_transfer_centers\":1,\"elevated_fixed_guideway_stations\":0,\"at_grade_fixed_guideway_stations\":0,\"underground_fixed_guideway_stations\":0,\"simple_at_grade_platform_stations\":0,\"exclusive_grade_separated_platform_stations\":0,\"ferryboat_terminals\":0,\"surface_parking_lots\":0,\"parking_structures\":0}","metadata_tam_modes_json":"{\"DR\":{\"total_units_2024\":5,\"units_under_threshold_2024\":0,\"voms_2024\":3,\"total_modal_vrm_2024\":163578,\"total_modal_upt_2024\":19821},\"MB\":{\"total_units_2024\":22,\"units_under_threshold_2024\":0,\"voms_2024\":14,\"total_modal_vrm_2024\":607970,\"total_modal_upt_2024\":469580}}"},"geometry":{"type":"Point","coordinates":[-94.378819,35.385486]}},{"type":"Feature","properties":{"stop_id":"Grand Ave @ N 50th St_Grand Ave @ N 50th St_35.385417_-94.376619","stop_code":"","stop_name":"Grand Ave @ N 50th St","stop_desc":"","zone_id":"","stop_url":"","location_type":"","parent_station":"","stop_timezone":"","wheelchair_boarding":"","feed_id":"Arkansas__City_of_Fort_Smith__mdb_ntd-60086","agency_name":"City of Fort Smith Transit","route_count":1,"route_ids":"Grand","route_short_names":"","route_types":"3","route_type_names":"Bus","routes_json":"[{\"route_id\":\"Grand\",\"route_short_name\":\"\",\"route_long_name\":\"Grand\",\"route_type\":\"3\",\"route_type_name\":\"Bus\",\"route_color\":\"FFD700\",\"route_text_color\":\"000000\"}]","metadata_feed_id":"Arkansas__City_of_Fort_Smith__mdb_ntd-60086","metadata_agency_names":"City of Fort Smith Transit","metadata_ntd_id":"60086","metadata_ntd_match_method":"manual_override","metadata_ntd_agency":"City of Fort Smith, dba: Fort Smith Transit","metadata_ntd_city":"Fort Smith","metadata_ntd_state":"AR","metadata_gtfs_route_count":7,"metadata_gtfs_trip_count":147,"metadata_gtfs_shape_count":15,"metadata_gtfs_stop_count":409,"metadata_ntd_agency_voms":10,"metadata_ntd_total_facilities":4,"metadata_ntd_maintenance_facilities":2,"metadata_ntd_passenger_stations":1,"metadata_tam_tier":"Tier II","metadata_service_area_sq_miles":65,"metadata_service_area_population":86209,"metadata_route_types_json":"{\"3\":7}","metadata_ntd_facilities_json":"{\"maintenance_facilities\":2,\"administrative_and_other_non_passenger_facilities\":1,\"passenger_stations_and_terminals\":1,\"parking_and_other_passenger_facilities\":0,\"total_facilities\":4,\"bus_transfer_centers\":1,\"elevated_fixed_guideway_stations\":0,\"at_grade_fixed_guideway_stations\":0,\"underground_fixed_guideway_stations\":0,\"simple_at_grade_platform_stations\":0,\"exclusive_grade_separated_platform_stations\":0,\"ferryboat_terminals\":0,\"surface_parking_lots\":0,\"parking_structures\":0}","metadata_tam_modes_json":"{\"DR\":{\"total_units_2024\":5,\"units_under_threshold_2024\":0,\"voms_2024\":3,\"total_modal_vrm_2024\":163578,\"total_modal_upt_2024\":19821},\"MB\":{\"total_units_2024\":22,\"units_under_threshold_2024\":0,\"voms_2024\":14,\"total_modal_vrm_2024\":607970,\"total_modal_upt_2024\":469580}}"},"geometry":{"type":"Point","coordinates":[-94.376619,35.385417]}},{"type":"Feature","properties":{"stop_id":"Grand Ave @ N 52nd St__35.385372_-94.374369","stop_code":"","stop_name":"Grand Ave @ N 52nd St","stop_desc":"","zone_id":"","stop_url":"","location_type":"","parent_station":"","stop_timezone":"","wheelchair_boarding":"","feed_id":"Arkansas__City_of_Fort_Smith__mdb_ntd-60086","agency_name":"City of Fort Smith Transit","route_count":1,"route_ids":"Grand","route_short_names":"","route_types":"3","route_type_names":"Bus","routes_json":"[{\"route_id\":\"Grand\",\"route_short_name\":\"\",\"route_long_name\":\"Grand\",\"route_type\":\"3\",\"route_type_name\":\"Bus\",\"route_color\":\"FFD700\",\"route_text_color\":\"000000\"}]","metadata_feed_id":"Arkansas__City_of_Fort_Smith__mdb_ntd-60086","metadata_agency_names":"City of Fort Smith Transit","metadata_ntd_id":"60086","metadata_ntd_match_method":"manual_override","metadata_ntd_agency":"City of Fort Smith, dba: Fort Smith Transit","metadata_ntd_city":"Fort Smith","metadata_ntd_state":"AR","metadata_gtfs_route_count":7,"metadata_gtfs_trip_count":147,"metadata_gtfs_shape_count":15,"metadata_gtfs_stop_count":409,"metadata_ntd_agency_voms":10,"metadata_ntd_total_facilities":4,"metadata_ntd_maintenance_facilities":2,"metadata_ntd_passenger_stations":1,"metadata_tam_tier":"Tier II","metadata_service_area_sq_miles":65,"metadata_service_area_population":86209,"metadata_route_types_json":"{\"3\":7}","metadata_ntd_facilities_json":"{\"maintenance_facilities\":2,\"administrative_and_other_non_passenger_facilities\":1,\"passenger_stations_and_terminals\":1,\"parking_and_other_passenger_facilities\":0,\"total_facilities\":4,\"bus_transfer_centers\":1,\"elevated_fixed_guideway_stations\":0,\"at_grade_fixed_guideway_stations\":0,\"underground_fixed_guideway_stations\":0,\"simple_at_grade_platform_stations\":0,\"exclusive_grade_separated_platform_stations\":0,\"ferryboat_terminals\":0,\"surface_parking_lots\":0,\"parking_structures\":0}","metadata_tam_modes_json":"{\"DR\":{\"total_units_2024\":5,\"units_under_threshold_2024\":0,\"voms_2024\":3,\"total_modal_vrm_2024\":163578,\"total_modal_upt_2024\":19821},\"MB\":{\"total_units_2024\":22,\"units_under_threshold_2024\":0,\"voms_2024\":14,\"total_modal_vrm_2024\":607970,\"total_modal_upt_2024\":469580}}"},"geometry":{"type":"Point","coordinates":[-94.374369,35.385372]}},{"type":"Feature","properties":{"stop_id":"Grand Ave @ N 58th St__35.385156_-94.367610","stop_code":"","stop_name":"Grand Ave @ N 58th St","stop_desc":"","zone_id":"","stop_url":"","location_type":"","parent_station":"","stop_timezone":"","wheelchair_boarding":"","feed_id":"Arkansas__City_of_Fort_Smith__mdb_ntd-60086","agency_name":"City of Fort Smith Transit","route_count":1,"route_ids":"Grand","route_short_names":"","route_types":"3","route_type_names":"Bus","routes_json":"[{\"route_id\":\"Grand\",\"route_short_name\":\"\",\"route_long_name\":\"Grand\",\"route_type\":\"3\",\"route_type_name\":\"Bus\",\"route_color\":\"FFD700\",\"route_text_color\":\"000000\"}]","metadata_feed_id":"Arkansas__City_of_Fort_Smith__mdb_ntd-60086","metadata_agency_names":"City of Fort Smith Transit","metadata_ntd_id":"60086","metadata_ntd_match_method":"manual_override","metadata_ntd_agency":"City of Fort Smith, dba: Fort Smith Transit","metadata_ntd_city":"Fort Smith","metadata_ntd_state":"AR","metadata_gtfs_route_count":7,"metadata_gtfs_trip_count":147,"metadata_gtfs_shape_count":15,"metadata_gtfs_stop_count":409,"metadata_ntd_agency_voms":10,"metadata_ntd_total_facilities":4,"metadata_ntd_maintenance_facilities":2,"metadata_ntd_passenger_stations":1,"metadata_tam_tier":"Tier II","metadata_service_area_sq_miles":65,"metadata_service_area_population":86209,"metadata_route_types_json":"{\"3\":7}","metadata_ntd_facilities_json":"{\"maintenance_facilities\":2,\"administrative_and_other_non_passenger_facilities\":1,\"passenger_stations_and_terminals\":1,\"parking_and_other_passenger_facilities\":0,\"total_facilities\":4,\"bus_transfer_centers\":1,\"elevated_fixed_guideway_stations\":0,\"at_grade_fixed_guideway_stations\":0,\"underground_fixed_guideway_stations\":0,\"simple_at_grade_platform_stations\":0,\"exclusive_grade_separated_platform_stations\":0,\"ferryboat_terminals\":0,\"surface_parking_lots\":0,\"parking_structures\":0}","metadata_tam_modes_json":"{\"DR\":{\"total_units_2024\":5,\"units_under_threshold_2024\":0,\"voms_2024\":3,\"total_modal_vrm_2024\":163578,\"total_modal_upt_2024\":19821},\"MB\":{\"total_units_2024\":22,\"units_under_threshold_2024\":0,\"voms_2024\":14,\"total_modal_vrm_2024\":607970,\"total_modal_upt_2024\":469580}}"},"geometry":{"type":"Point","coordinates":[-94.36761,35.385156]}},{"type":"Feature","properties":{"stop_id":"Grand Ave @ N Albert Pike Ave_Grand Ave @ N Albert Pike Ave_35.385615_-94.385502","stop_code":"","stop_name":"Grand Ave @ N Albert Pike Ave","stop_desc":"","zone_id":"","stop_url":"","location_type":"","parent_station":"","stop_timezone":"","wheelchair_boarding":"","feed_id":"Arkansas__City_of_Fort_Smith__mdb_ntd-60086","agency_name":"City of Fort Smith Transit","route_count":1,"route_ids":"Grand","route_short_names":"","route_types":"3","route_type_names":"Bus","routes_json":"[{\"route_id\":\"Grand\",\"route_short_name\":\"\",\"route_long_name\":\"Grand\",\"route_type\":\"3\",\"route_type_name\":\"Bus\",\"route_color\":\"FFD700\",\"route_text_color\":\"000000\"}]","metadata_feed_id":"Arkansas__City_of_Fort_Smith__mdb_ntd-60086","metadata_agency_names":"City of Fort Smith Transit","metadata_ntd_id":"60086","metadata_ntd_match_method":"manual_override","metadata_ntd_agency":"City of Fort Smith, dba: Fort Smith Transit","metadata_ntd_city":"Fort Smith","metadata_ntd_state":"AR","metadata_gtfs_route_count":7,"metadata_gtfs_trip_count":147,"metadata_gtfs_shape_count":15,"metadata_gtfs_stop_count":409,"metadata_ntd_agency_voms":10,"metadata_ntd_total_facilities":4,"metadata_ntd_maintenance_facilities":2,"metadata_ntd_passenger_stations":1,"metadata_tam_tier":"Tier II","metadata_service_area_sq_miles":65,"metadata_service_area_population":86209,"metadata_route_types_json":"{\"3\":7}","metadata_ntd_facilities_json":"{\"maintenance_facilities\":2,\"administrative_and_other_non_passenger_facilities\":1,\"passenger_stations_and_terminals\":1,\"parking_and_other_passenger_facilities\":0,\"total_facilities\":4,\"bus_transfer_centers\":1,\"elevated_fixed_guideway_stations\":0,\"at_grade_fixed_guideway_stations\":0,\"underground_fixed_guideway_stations\":0,\"simple_at_grade_platform_stations\":0,\"exclusive_grade_separated_platform_stations\":0,\"ferryboat_terminals\":0,\"surface_parking_lots\":0,\"parking_structures\":0}","metadata_tam_modes_json":"{\"DR\":{\"total_units_2024\":5,\"units_under_threshold_2024\":0,\"voms_2024\":3,\"total_modal_vrm_2024\":163578,\"total_modal_upt_2024\":19821},\"MB\":{\"total_units_2024\":22,\"units_under_threshold_2024\":0,\"voms_2024\":14,\"total_modal_vrm_2024\":607970,\"total_modal_upt_2024\":469580}}"},"geometry":{"type":"Point","coordinates":[-94.385502,35.385615]}},{"type":"Feature","properties":{"stop_id":"Grand Ave @ N Greenwood Ave_Grand Ave @ N Greenwood Ave_35.386020_-94.403223","stop_code":"","stop_name":"Grand Ave @ N Greenwood Ave","stop_desc":"","zone_id":"","stop_url":"","location_type":"","parent_station":"","stop_timezone":"","wheelchair_boarding":"","feed_id":"Arkansas__City_of_Fort_Smith__mdb_ntd-60086","agency_name":"City of Fort Smith Transit","route_count":1,"route_ids":"Grand","route_short_names":"","route_types":"3","route_type_names":"Bus","routes_json":"[{\"route_id\":\"Grand\",\"route_short_name\":\"\",\"route_long_name\":\"Grand\",\"route_type\":\"3\",\"route_type_name\":\"Bus\",\"route_color\":\"FFD700\",\"route_text_color\":\"000000\"}]","metadata_feed_id":"Arkansas__City_of_Fort_Smith__mdb_ntd-60086","metadata_agency_names":"City of Fort Smith Transit","metadata_ntd_id":"60086","metadata_ntd_match_method":"manual_override","metadata_ntd_agency":"City of Fort Smith, dba: Fort Smith Transit","metadata_ntd_city":"Fort Smith","metadata_ntd_state":"AR","metadata_gtfs_route_count":7,"metadata_gtfs_trip_count":147,"metadata_gtfs_shape_count":15,"metadata_gtfs_stop_count":409,"metadata_ntd_agency_voms":10,"metadata_ntd_total_facilities":4,"metadata_ntd_maintenance_facilities":2,"metadata_ntd_passenger_stations":1,"metadata_tam_tier":"Tier II","metadata_service_area_sq_miles":65,"metadata_service_area_population":86209,"metadata_route_types_json":"{\"3\":7}","metadata_ntd_facilities_json":"{\"maintenance_facilities\":2,\"administrative_and_other_non_passenger_facilities\":1,\"passenger_stations_and_terminals\":1,\"parking_and_other_passenger_facilities\":0,\"total_facilities\":4,\"bus_transfer_centers\":1,\"elevated_fixed_guideway_stations\":0,\"at_grade_fixed_guideway_stations\":0,\"underground_fixed_guideway_stations\":0,\"simple_at_grade_platform_stations\":0,\"exclusive_grade_separated_platform_stations\":0,\"ferryboat_terminals\":0,\"surface_parking_lots\":0,\"parking_structures\":0}","metadata_tam_modes_json":"{\"DR\":{\"total_units_2024\":5,\"units_under_threshold_2024\":0,\"voms_2024\":3,\"total_modal_vrm_2024\":163578,\"total_modal_upt_2024\":19821},\"MB\":{\"total_units_2024\":22,\"units_under_threshold_2024\":0,\"voms_2024\":14,\"total_modal_vrm_2024\":607970,\"total_modal_upt_2024\":469580}}"},"geometry":{"type":"Point","coordinates":[-94.403223,35.38602]}},{"type":"Feature","properties":{"stop_id":"Graphic Packaging International__35.309528_-94.315139","stop_code":"","stop_name":"Graphic Packaging International","stop_desc":"","zone_id":"","stop_url":"","location_type":"","parent_station":"","stop_timezone":"","wheelchair_boarding":"","feed_id":"Arkansas__City_of_Fort_Smith__mdb_ntd-60086","agency_name":"City of Fort Smith Transit","route_count":0,"route_ids":"","route_short_names":"","route_types":"","route_type_names":"","routes_json":"[]","metadata_feed_id":"Arkansas__City_of_Fort_Smith__mdb_ntd-60086","metadata_agency_names":"City of Fort Smith Transit","metadata_ntd_id":"60086","metadata_ntd_match_method":"manual_override","metadata_ntd_agency":"City of Fort Smith, dba: Fort Smith Transit","metadata_ntd_city":"Fort Smith","metadata_ntd_state":"AR","metadata_gtfs_route_count":7,"metadata_gtfs_trip_count":147,"metadata_gtfs_shape_count":15,"metadata_gtfs_stop_count":409,"metadata_ntd_agency_voms":10,"metadata_ntd_total_facilities":4,"metadata_ntd_maintenance_facilities":2,"metadata_ntd_passenger_stations":1,"metadata_tam_tier":"Tier II","metadata_service_area_sq_miles":65,"metadata_service_area_population":86209,"metadata_route_types_json":"{\"3\":7}","metadata_ntd_facilities_json":"{\"maintenance_facilities\":2,\"administrative_and_other_non_passenger_facilities\":1,\"passenger_stations_and_terminals\":1,\"parking_and_other_passenger_facilities\":0,\"total_facilities\":4,\"bus_transfer_centers\":1,\"elevated_fixed_guideway_stations\":0,\"at_grade_fixed_guideway_stations\":0,\"underground_fixed_guideway_stations\":0,\"simple_at_grade_platform_stations\":0,\"exclusive_grade_separated_platform_stations\":0,\"ferryboat_terminals\":0,\"surface_parking_lots\":0,\"parking_structures\":0}","metadata_tam_modes_json":"{\"DR\":{\"total_units_2024\":5,\"units_under_threshold_2024\":0,\"voms_2024\":3,\"total_modal_vrm_2024\":163578,\"total_modal_upt_2024\":19821},\"MB\":{\"total_units_2024\":22,\"units_under_threshold_2024\":0,\"voms_2024\":14,\"total_modal_vrm_2024\":607970,\"total_modal_upt_2024\":469580}}"},"geometry":{"type":"Point","coordinates":[-94.315139,35.309528]}},{"type":"Feature","properties":{"stop_id":"Hair Benders_Jenny Lind Rd @ S U St_35.362728_-94.412903","stop_code":"","stop_name":"Hair Benders","stop_desc":"","zone_id":"","stop_url":"","location_type":"","parent_station":"","stop_timezone":"","wheelchair_boarding":"","feed_id":"Arkansas__City_of_Fort_Smith__mdb_ntd-60086","agency_name":"City of Fort Smith Transit","route_count":1,"route_ids":"Jenny Lind","route_short_names":"","route_types":"3","route_type_names":"Bus","routes_json":"[{\"route_id\":\"Jenny Lind\",\"route_short_name\":\"\",\"route_long_name\":\"Jenny Lind\",\"route_type\":\"3\",\"route_type_name\":\"Bus\",\"route_color\":\"8E00FF\",\"route_text_color\":\"FFFFFF\"}]","metadata_feed_id":"Arkansas__City_of_Fort_Smith__mdb_ntd-60086","metadata_agency_names":"City of Fort Smith Transit","metadata_ntd_id":"60086","metadata_ntd_match_method":"manual_override","metadata_ntd_agency":"City of Fort Smith, dba: Fort Smith Transit","metadata_ntd_city":"Fort Smith","metadata_ntd_state":"AR","metadata_gtfs_route_count":7,"metadata_gtfs_trip_count":147,"metadata_gtfs_shape_count":15,"metadata_gtfs_stop_count":409,"metadata_ntd_agency_voms":10,"metadata_ntd_total_facilities":4,"metadata_ntd_maintenance_facilities":2,"metadata_ntd_passenger_stations":1,"metadata_tam_tier":"Tier II","metadata_service_area_sq_miles":65,"metadata_service_area_population":86209,"metadata_route_types_json":"{\"3\":7}","metadata_ntd_facilities_json":"{\"maintenance_facilities\":2,\"administrative_and_other_non_passenger_facilities\":1,\"passenger_stations_and_terminals\":1,\"parking_and_other_passenger_facilities\":0,\"total_facilities\":4,\"bus_transfer_centers\":1,\"elevated_fixed_guideway_stations\":0,\"at_grade_fixed_guideway_stations\":0,\"underground_fixed_guideway_stations\":0,\"simple_at_grade_platform_stations\":0,\"exclusive_grade_separated_platform_stations\":0,\"ferryboat_terminals\":0,\"surface_parking_lots\":0,\"parking_structures\":0}","metadata_tam_modes_json":"{\"DR\":{\"total_units_2024\":5,\"units_under_threshold_2024\":0,\"voms_2024\":3,\"total_modal_vrm_2024\":163578,\"total_modal_upt_2024\":19821},\"MB\":{\"total_units_2024\":22,\"units_under_threshold_2024\":0,\"voms_2024\":14,\"total_modal_vrm_2024\":607970,\"total_modal_upt_2024\":469580}}"},"geometry":{"type":"Point","coordinates":[-94.412903,35.362728]}},{"type":"Feature","properties":{"stop_id":"Harriet Ave @ Meyers St_Harriet Ave @ Meyers St_35.429364_-94.381529","stop_code":"","stop_name":"Harriet Ave @ Meyers St","stop_desc":"","zone_id":"","stop_url":"","location_type":"","parent_station":"","stop_timezone":"","wheelchair_boarding":"","feed_id":"Arkansas__City_of_Fort_Smith__mdb_ntd-60086","agency_name":"City of Fort Smith Transit","route_count":1,"route_ids":"Midland","route_short_names":"","route_types":"3","route_type_names":"Bus","routes_json":"[{\"route_id\":\"Midland\",\"route_short_name\":\"\",\"route_long_name\":\"Midland\",\"route_type\":\"3\",\"route_type_name\":\"Bus\",\"route_color\":\"F51414\",\"route_text_color\":\"FFFFFF\"}]","metadata_feed_id":"Arkansas__City_of_Fort_Smith__mdb_ntd-60086","metadata_agency_names":"City of Fort Smith Transit","metadata_ntd_id":"60086","metadata_ntd_match_method":"manual_override","metadata_ntd_agency":"City of Fort Smith, dba: Fort Smith Transit","metadata_ntd_city":"Fort Smith","metadata_ntd_state":"AR","metadata_gtfs_route_count":7,"metadata_gtfs_trip_count":147,"metadata_gtfs_shape_count":15,"metadata_gtfs_stop_count":409,"metadata_ntd_agency_voms":10,"metadata_ntd_total_facilities":4,"metadata_ntd_maintenance_facilities":2,"metadata_ntd_passenger_stations":1,"metadata_tam_tier":"Tier II","metadata_service_area_sq_miles":65,"metadata_service_area_population":86209,"metadata_route_types_json":"{\"3\":7}","metadata_ntd_facilities_json":"{\"maintenance_facilities\":2,\"administrative_and_other_non_passenger_facilities\":1,\"passenger_stations_and_terminals\":1,\"parking_and_other_passenger_facilities\":0,\"total_facilities\":4,\"bus_transfer_centers\":1,\"elevated_fixed_guideway_stations\":0,\"at_grade_fixed_guideway_stations\":0,\"underground_fixed_guideway_stations\":0,\"simple_at_grade_platform_stations\":0,\"exclusive_grade_separated_platform_stations\":0,\"ferryboat_terminals\":0,\"surface_parking_lots\":0,\"parking_structures\":0}","metadata_tam_modes_json":"{\"DR\":{\"total_units_2024\":5,\"units_under_threshold_2024\":0,\"voms_2024\":3,\"total_modal_vrm_2024\":163578,\"total_modal_upt_2024\":19821},\"MB\":{\"total_units_2024\":22,\"units_under_threshold_2024\":0,\"voms_2024\":14,\"total_modal_vrm_2024\":607970,\"total_modal_upt_2024\":469580}}"},"geometry":{"type":"Point","coordinates":[-94.381529,35.429364]}},{"type":"Feature","properties":{"stop_id":"Harriet Ave @ N 6th St_Harriet Ave @ N 6th St_35.427321_-94.377371","stop_code":"","stop_name":"Harriet Ave @ N 6th St","stop_desc":"","zone_id":"","stop_url":"","location_type":"","parent_station":"","stop_timezone":"","wheelchair_boarding":"","feed_id":"Arkansas__City_of_Fort_Smith__mdb_ntd-60086","agency_name":"City of Fort Smith Transit","route_count":1,"route_ids":"Midland","route_short_names":"","route_types":"3","route_type_names":"Bus","routes_json":"[{\"route_id\":\"Midland\",\"route_short_name\":\"\",\"route_long_name\":\"Midland\",\"route_type\":\"3\",\"route_type_name\":\"Bus\",\"route_color\":\"F51414\",\"route_text_color\":\"FFFFFF\"}]","metadata_feed_id":"Arkansas__City_of_Fort_Smith__mdb_ntd-60086","metadata_agency_names":"City of Fort Smith Transit","metadata_ntd_id":"60086","metadata_ntd_match_method":"manual_override","metadata_ntd_agency":"City of Fort Smith, dba: Fort Smith Transit","metadata_ntd_city":"Fort Smith","metadata_ntd_state":"AR","metadata_gtfs_route_count":7,"metadata_gtfs_trip_count":147,"metadata_gtfs_shape_count":15,"metadata_gtfs_stop_count":409,"metadata_ntd_agency_voms":10,"metadata_ntd_total_facilities":4,"metadata_ntd_maintenance_facilities":2,"metadata_ntd_passenger_stations":1,"metadata_tam_tier":"Tier II","metadata_service_area_sq_miles":65,"metadata_service_area_population":86209,"metadata_route_types_json":"{\"3\":7}","metadata_ntd_facilities_json":"{\"maintenance_facilities\":2,\"administrative_and_other_non_passenger_facilities\":1,\"passenger_stations_and_terminals\":1,\"parking_and_other_passenger_facilities\":0,\"total_facilities\":4,\"bus_transfer_centers\":1,\"elevated_fixed_guideway_stations\":0,\"at_grade_fixed_guideway_stations\":0,\"underground_fixed_guideway_stations\":0,\"simple_at_grade_platform_stations\":0,\"exclusive_grade_separated_platform_stations\":0,\"ferryboat_terminals\":0,\"surface_parking_lots\":0,\"parking_structures\":0}","metadata_tam_modes_json":"{\"DR\":{\"total_units_2024\":5,\"units_under_threshold_2024\":0,\"voms_2024\":3,\"total_modal_vrm_2024\":163578,\"total_modal_upt_2024\":19821},\"MB\":{\"total_units_2024\":22,\"units_under_threshold_2024\":0,\"voms_2024\":14,\"total_modal_vrm_2024\":607970,\"total_modal_upt_2024\":469580}}"},"geometry":{"type":"Point","coordinates":[-94.377371,35.427321]}},{"type":"Feature","properties":{"stop_id":"Health Dept/Soc Security_3112 S 70th St_35.351958_-94.355714","stop_code":"","stop_name":"Health Dept/Soc Security","stop_desc":"","zone_id":"","stop_url":"","location_type":"","parent_station":"","stop_timezone":"","wheelchair_boarding":"","feed_id":"Arkansas__City_of_Fort_Smith__mdb_ntd-60086","agency_name":"City of Fort Smith Transit","route_count":1,"route_ids":"Rogers Supercenter","route_short_names":"","route_types":"3","route_type_names":"Bus","routes_json":"[{\"route_id\":\"Rogers Supercenter\",\"route_short_name\":\"\",\"route_long_name\":\"Rogers Supercenter\",\"route_type\":\"3\",\"route_type_name\":\"Bus\",\"route_color\":\"F98E10\",\"route_text_color\":\"000000\"}]","metadata_feed_id":"Arkansas__City_of_Fort_Smith__mdb_ntd-60086","metadata_agency_names":"City of Fort Smith Transit","metadata_ntd_id":"60086","metadata_ntd_match_method":"manual_override","metadata_ntd_agency":"City of Fort Smith, dba: Fort Smith Transit","metadata_ntd_city":"Fort Smith","metadata_ntd_state":"AR","metadata_gtfs_route_count":7,"metadata_gtfs_trip_count":147,"metadata_gtfs_shape_count":15,"metadata_gtfs_stop_count":409,"metadata_ntd_agency_voms":10,"metadata_ntd_total_facilities":4,"metadata_ntd_maintenance_facilities":2,"metadata_ntd_passenger_stations":1,"metadata_tam_tier":"Tier II","metadata_service_area_sq_miles":65,"metadata_service_area_population":86209,"metadata_route_types_json":"{\"3\":7}","metadata_ntd_facilities_json":"{\"maintenance_facilities\":2,\"administrative_and_other_non_passenger_facilities\":1,\"passenger_stations_and_terminals\":1,\"parking_and_other_passenger_facilities\":0,\"total_facilities\":4,\"bus_transfer_centers\":1,\"elevated_fixed_guideway_stations\":0,\"at_grade_fixed_guideway_stations\":0,\"underground_fixed_guideway_stations\":0,\"simple_at_grade_platform_stations\":0,\"exclusive_grade_separated_platform_stations\":0,\"ferryboat_terminals\":0,\"surface_parking_lots\":0,\"parking_structures\":0}","metadata_tam_modes_json":"{\"DR\":{\"total_units_2024\":5,\"units_under_threshold_2024\":0,\"voms_2024\":3,\"total_modal_vrm_2024\":163578,\"total_modal_upt_2024\":19821},\"MB\":{\"total_units_2024\":22,\"units_under_threshold_2024\":0,\"voms_2024\":14,\"total_modal_vrm_2024\":607970,\"total_modal_upt_2024\":469580}}"},"geometry":{"type":"Point","coordinates":[-94.355714,35.351958]}},{"type":"Feature","properties":{"stop_id":"Hope Chest__35.394943_-94.421493","stop_code":"","stop_name":"Hope Chest","stop_desc":"","zone_id":"","stop_url":"","location_type":"","parent_station":"","stop_timezone":"","wheelchair_boarding":"","feed_id":"Arkansas__City_of_Fort_Smith__mdb_ntd-60086","agency_name":"City of Fort Smith Transit","route_count":1,"route_ids":"Shuttle","route_short_names":"","route_types":"3","route_type_names":"Bus","routes_json":"[{\"route_id\":\"Shuttle\",\"route_short_name\":\"\",\"route_long_name\":\"Shuttle\",\"route_type\":\"3\",\"route_type_name\":\"Bus\",\"route_color\":\"000000\",\"route_text_color\":\"FFFFFF\"}]","metadata_feed_id":"Arkansas__City_of_Fort_Smith__mdb_ntd-60086","metadata_agency_names":"City of Fort Smith Transit","metadata_ntd_id":"60086","metadata_ntd_match_method":"manual_override","metadata_ntd_agency":"City of Fort Smith, dba: Fort Smith Transit","metadata_ntd_city":"Fort Smith","metadata_ntd_state":"AR","metadata_gtfs_route_count":7,"metadata_gtfs_trip_count":147,"metadata_gtfs_shape_count":15,"metadata_gtfs_stop_count":409,"metadata_ntd_agency_voms":10,"metadata_ntd_total_facilities":4,"metadata_ntd_maintenance_facilities":2,"metadata_ntd_passenger_stations":1,"metadata_tam_tier":"Tier II","metadata_service_area_sq_miles":65,"metadata_service_area_population":86209,"metadata_route_types_json":"{\"3\":7}","metadata_ntd_facilities_json":"{\"maintenance_facilities\":2,\"administrative_and_other_non_passenger_facilities\":1,\"passenger_stations_and_terminals\":1,\"parking_and_other_passenger_facilities\":0,\"total_facilities\":4,\"bus_transfer_centers\":1,\"elevated_fixed_guideway_stations\":0,\"at_grade_fixed_guideway_stations\":0,\"underground_fixed_guideway_stations\":0,\"simple_at_grade_platform_stations\":0,\"exclusive_grade_separated_platform_stations\":0,\"ferryboat_terminals\":0,\"surface_parking_lots\":0,\"parking_structures\":0}","metadata_tam_modes_json":"{\"DR\":{\"total_units_2024\":5,\"units_under_threshold_2024\":0,\"voms_2024\":3,\"total_modal_vrm_2024\":163578,\"total_modal_upt_2024\":19821},\"MB\":{\"total_units_2024\":22,\"units_under_threshold_2024\":0,\"voms_2024\":14,\"total_modal_vrm_2024\":607970,\"total_modal_upt_2024\":469580}}"},"geometry":{"type":"Point","coordinates":[-94.421493,35.394943]}},{"type":"Feature","properties":{"stop_id":"Huntington Chase Apartments__35.320542_-94.341325","stop_code":"","stop_name":"Huntington Chase Apartments","stop_desc":"","zone_id":"","stop_url":"","location_type":"","parent_station":"","stop_timezone":"","wheelchair_boarding":"","feed_id":"Arkansas__City_of_Fort_Smith__mdb_ntd-60086","agency_name":"City of Fort Smith Transit","route_count":0,"route_ids":"","route_short_names":"","route_types":"","route_type_names":"","routes_json":"[]","metadata_feed_id":"Arkansas__City_of_Fort_Smith__mdb_ntd-60086","metadata_agency_names":"City of Fort Smith Transit","metadata_ntd_id":"60086","metadata_ntd_match_method":"manual_override","metadata_ntd_agency":"City of Fort Smith, dba: Fort Smith Transit","metadata_ntd_city":"Fort Smith","metadata_ntd_state":"AR","metadata_gtfs_route_count":7,"metadata_gtfs_trip_count":147,"metadata_gtfs_shape_count":15,"metadata_gtfs_stop_count":409,"metadata_ntd_agency_voms":10,"metadata_ntd_total_facilities":4,"metadata_ntd_maintenance_facilities":2,"metadata_ntd_passenger_stations":1,"metadata_tam_tier":"Tier II","metadata_service_area_sq_miles":65,"metadata_service_area_population":86209,"metadata_route_types_json":"{\"3\":7}","metadata_ntd_facilities_json":"{\"maintenance_facilities\":2,\"administrative_and_other_non_passenger_facilities\":1,\"passenger_stations_and_terminals\":1,\"parking_and_other_passenger_facilities\":0,\"total_facilities\":4,\"bus_transfer_centers\":1,\"elevated_fixed_guideway_stations\":0,\"at_grade_fixed_guideway_stations\":0,\"underground_fixed_guideway_stations\":0,\"simple_at_grade_platform_stations\":0,\"exclusive_grade_separated_platform_stations\":0,\"ferryboat_terminals\":0,\"surface_parking_lots\":0,\"parking_structures\":0}","metadata_tam_modes_json":"{\"DR\":{\"total_units_2024\":5,\"units_under_threshold_2024\":0,\"voms_2024\":3,\"total_modal_vrm_2024\":163578,\"total_modal_upt_2024\":19821},\"MB\":{\"total_units_2024\":22,\"units_under_threshold_2024\":0,\"voms_2024\":14,\"total_modal_vrm_2024\":607970,\"total_modal_upt_2024\":469580}}"},"geometry":{"type":"Point","coordinates":[-94.341325,35.320542]}},{"type":"Feature","properties":{"stop_id":"Hwy 271 s @ Cavanaugh Rd_Hwy 271 s @ Cavanaugh Rd_35.312087_-94.422636","stop_code":"","stop_name":"Hwy 271 s @ Cavanaugh Rd","stop_desc":"","zone_id":"","stop_url":"","location_type":"","parent_station":"","stop_timezone":"","wheelchair_boarding":"","feed_id":"Arkansas__City_of_Fort_Smith__mdb_ntd-60086","agency_name":"City of Fort Smith Transit","route_count":1,"route_ids":"Jenny Lind","route_short_names":"","route_types":"3","route_type_names":"Bus","routes_json":"[{\"route_id\":\"Jenny Lind\",\"route_short_name\":\"\",\"route_long_name\":\"Jenny Lind\",\"route_type\":\"3\",\"route_type_name\":\"Bus\",\"route_color\":\"8E00FF\",\"route_text_color\":\"FFFFFF\"}]","metadata_feed_id":"Arkansas__City_of_Fort_Smith__mdb_ntd-60086","metadata_agency_names":"City of Fort Smith Transit","metadata_ntd_id":"60086","metadata_ntd_match_method":"manual_override","metadata_ntd_agency":"City of Fort Smith, dba: Fort Smith Transit","metadata_ntd_city":"Fort Smith","metadata_ntd_state":"AR","metadata_gtfs_route_count":7,"metadata_gtfs_trip_count":147,"metadata_gtfs_shape_count":15,"metadata_gtfs_stop_count":409,"metadata_ntd_agency_voms":10,"metadata_ntd_total_facilities":4,"metadata_ntd_maintenance_facilities":2,"metadata_ntd_passenger_stations":1,"metadata_tam_tier":"Tier II","metadata_service_area_sq_miles":65,"metadata_service_area_population":86209,"metadata_route_types_json":"{\"3\":7}","metadata_ntd_facilities_json":"{\"maintenance_facilities\":2,\"administrative_and_other_non_passenger_facilities\":1,\"passenger_stations_and_terminals\":1,\"parking_and_other_passenger_facilities\":0,\"total_facilities\":4,\"bus_transfer_centers\":1,\"elevated_fixed_guideway_stations\":0,\"at_grade_fixed_guideway_stations\":0,\"underground_fixed_guideway_stations\":0,\"simple_at_grade_platform_stations\":0,\"exclusive_grade_separated_platform_stations\":0,\"ferryboat_terminals\":0,\"surface_parking_lots\":0,\"parking_structures\":0}","metadata_tam_modes_json":"{\"DR\":{\"total_units_2024\":5,\"units_under_threshold_2024\":0,\"voms_2024\":3,\"total_modal_vrm_2024\":163578,\"total_modal_upt_2024\":19821},\"MB\":{\"total_units_2024\":22,\"units_under_threshold_2024\":0,\"voms_2024\":14,\"total_modal_vrm_2024\":607970,\"total_modal_upt_2024\":469580}}"},"geometry":{"type":"Point","coordinates":[-94.422636,35.312087]}},{"type":"Feature","properties":{"stop_id":"Hwy 271 S @ Harvard Ave_Hwy 271 S @ Harvard Ave_35.304436_-94.422962","stop_code":"","stop_name":"Hwy 271 S @ Harvard Ave","stop_desc":"","zone_id":"","stop_url":"","location_type":"","parent_station":"","stop_timezone":"","wheelchair_boarding":"","feed_id":"Arkansas__City_of_Fort_Smith__mdb_ntd-60086","agency_name":"City of Fort Smith Transit","route_count":1,"route_ids":"Jenny Lind","route_short_names":"","route_types":"3","route_type_names":"Bus","routes_json":"[{\"route_id\":\"Jenny Lind\",\"route_short_name\":\"\",\"route_long_name\":\"Jenny Lind\",\"route_type\":\"3\",\"route_type_name\":\"Bus\",\"route_color\":\"8E00FF\",\"route_text_color\":\"FFFFFF\"}]","metadata_feed_id":"Arkansas__City_of_Fort_Smith__mdb_ntd-60086","metadata_agency_names":"City of Fort Smith Transit","metadata_ntd_id":"60086","metadata_ntd_match_method":"manual_override","metadata_ntd_agency":"City of Fort Smith, dba: Fort Smith Transit","metadata_ntd_city":"Fort Smith","metadata_ntd_state":"AR","metadata_gtfs_route_count":7,"metadata_gtfs_trip_count":147,"metadata_gtfs_shape_count":15,"metadata_gtfs_stop_count":409,"metadata_ntd_agency_voms":10,"metadata_ntd_total_facilities":4,"metadata_ntd_maintenance_facilities":2,"metadata_ntd_passenger_stations":1,"metadata_tam_tier":"Tier II","metadata_service_area_sq_miles":65,"metadata_service_area_population":86209,"metadata_route_types_json":"{\"3\":7}","metadata_ntd_facilities_json":"{\"maintenance_facilities\":2,\"administrative_and_other_non_passenger_facilities\":1,\"passenger_stations_and_terminals\":1,\"parking_and_other_passenger_facilities\":0,\"total_facilities\":4,\"bus_transfer_centers\":1,\"elevated_fixed_guideway_stations\":0,\"at_grade_fixed_guideway_stations\":0,\"underground_fixed_guideway_stations\":0,\"simple_at_grade_platform_stations\":0,\"exclusive_grade_separated_platform_stations\":0,\"ferryboat_terminals\":0,\"surface_parking_lots\":0,\"parking_structures\":0}","metadata_tam_modes_json":"{\"DR\":{\"total_units_2024\":5,\"units_under_threshold_2024\":0,\"voms_2024\":3,\"total_modal_vrm_2024\":163578,\"total_modal_upt_2024\":19821},\"MB\":{\"total_units_2024\":22,\"units_under_threshold_2024\":0,\"voms_2024\":14,\"total_modal_vrm_2024\":607970,\"total_modal_upt_2024\":469580}}"},"geometry":{"type":"Point","coordinates":[-94.422962,35.304436]}},{"type":"Feature","properties":{"stop_id":"Hwy 271 S @ Mabel Ave_Hwy 271 S @ Mabel Ave_35.313534_-94.422563","stop_code":"","stop_name":"Hwy 271 S @ Mabel Ave","stop_desc":"","zone_id":"","stop_url":"","location_type":"","parent_station":"","stop_timezone":"","wheelchair_boarding":"","feed_id":"Arkansas__City_of_Fort_Smith__mdb_ntd-60086","agency_name":"City of Fort Smith Transit","route_count":1,"route_ids":"Jenny Lind","route_short_names":"","route_types":"3","route_type_names":"Bus","routes_json":"[{\"route_id\":\"Jenny Lind\",\"route_short_name\":\"\",\"route_long_name\":\"Jenny Lind\",\"route_type\":\"3\",\"route_type_name\":\"Bus\",\"route_color\":\"8E00FF\",\"route_text_color\":\"FFFFFF\"}]","metadata_feed_id":"Arkansas__City_of_Fort_Smith__mdb_ntd-60086","metadata_agency_names":"City of Fort Smith Transit","metadata_ntd_id":"60086","metadata_ntd_match_method":"manual_override","metadata_ntd_agency":"City of Fort Smith, dba: Fort Smith Transit","metadata_ntd_city":"Fort Smith","metadata_ntd_state":"AR","metadata_gtfs_route_count":7,"metadata_gtfs_trip_count":147,"metadata_gtfs_shape_count":15,"metadata_gtfs_stop_count":409,"metadata_ntd_agency_voms":10,"metadata_ntd_total_facilities":4,"metadata_ntd_maintenance_facilities":2,"metadata_ntd_passenger_stations":1,"metadata_tam_tier":"Tier II","metadata_service_area_sq_miles":65,"metadata_service_area_population":86209,"metadata_route_types_json":"{\"3\":7}","metadata_ntd_facilities_json":"{\"maintenance_facilities\":2,\"administrative_and_other_non_passenger_facilities\":1,\"passenger_stations_and_terminals\":1,\"parking_and_other_passenger_facilities\":0,\"total_facilities\":4,\"bus_transfer_centers\":1,\"elevated_fixed_guideway_stations\":0,\"at_grade_fixed_guideway_stations\":0,\"underground_fixed_guideway_stations\":0,\"simple_at_grade_platform_stations\":0,\"exclusive_grade_separated_platform_stations\":0,\"ferryboat_terminals\":0,\"surface_parking_lots\":0,\"parking_structures\":0}","metadata_tam_modes_json":"{\"DR\":{\"total_units_2024\":5,\"units_under_threshold_2024\":0,\"voms_2024\":3,\"total_modal_vrm_2024\":163578,\"total_modal_upt_2024\":19821},\"MB\":{\"total_units_2024\":22,\"units_under_threshold_2024\":0,\"voms_2024\":14,\"total_modal_vrm_2024\":607970,\"total_modal_upt_2024\":469580}}"},"geometry":{"type":"Point","coordinates":[-94.422563,35.313534]}},{"type":"Feature","properties":{"stop_id":"Hwy 271 S @ Quebec Dr_Hwy 271 S @ Quebec Dr_35.300621_-94.423098","stop_code":"","stop_name":"Hwy 271 S @ Quebec Dr","stop_desc":"","zone_id":"","stop_url":"","location_type":"","parent_station":"","stop_timezone":"","wheelchair_boarding":"","feed_id":"Arkansas__City_of_Fort_Smith__mdb_ntd-60086","agency_name":"City of Fort Smith Transit","route_count":1,"route_ids":"Jenny Lind","route_short_names":"","route_types":"3","route_type_names":"Bus","routes_json":"[{\"route_id\":\"Jenny Lind\",\"route_short_name\":\"\",\"route_long_name\":\"Jenny Lind\",\"route_type\":\"3\",\"route_type_name\":\"Bus\",\"route_color\":\"8E00FF\",\"route_text_color\":\"FFFFFF\"}]","metadata_feed_id":"Arkansas__City_of_Fort_Smith__mdb_ntd-60086","metadata_agency_names":"City of Fort Smith Transit","metadata_ntd_id":"60086","metadata_ntd_match_method":"manual_override","metadata_ntd_agency":"City of Fort Smith, dba: Fort Smith Transit","metadata_ntd_city":"Fort Smith","metadata_ntd_state":"AR","metadata_gtfs_route_count":7,"metadata_gtfs_trip_count":147,"metadata_gtfs_shape_count":15,"metadata_gtfs_stop_count":409,"metadata_ntd_agency_voms":10,"metadata_ntd_total_facilities":4,"metadata_ntd_maintenance_facilities":2,"metadata_ntd_passenger_stations":1,"metadata_tam_tier":"Tier II","metadata_service_area_sq_miles":65,"metadata_service_area_population":86209,"metadata_route_types_json":"{\"3\":7}","metadata_ntd_facilities_json":"{\"maintenance_facilities\":2,\"administrative_and_other_non_passenger_facilities\":1,\"passenger_stations_and_terminals\":1,\"parking_and_other_passenger_facilities\":0,\"total_facilities\":4,\"bus_transfer_centers\":1,\"elevated_fixed_guideway_stations\":0,\"at_grade_fixed_guideway_stations\":0,\"underground_fixed_guideway_stations\":0,\"simple_at_grade_platform_stations\":0,\"exclusive_grade_separated_platform_stations\":0,\"ferryboat_terminals\":0,\"surface_parking_lots\":0,\"parking_structures\":0}","metadata_tam_modes_json":"{\"DR\":{\"total_units_2024\":5,\"units_under_threshold_2024\":0,\"voms_2024\":3,\"total_modal_vrm_2024\":163578,\"total_modal_upt_2024\":19821},\"MB\":{\"total_units_2024\":22,\"units_under_threshold_2024\":0,\"voms_2024\":14,\"total_modal_vrm_2024\":607970,\"total_modal_upt_2024\":469580}}"},"geometry":{"type":"Point","coordinates":[-94.423098,35.300621]}},{"type":"Feature","properties":{"stop_id":"Hwy 271 S@ Zero St_Hwy 271 S@ Zero St_35.328035_-94.422059","stop_code":"","stop_name":"Hwy 271 S@ Zero St","stop_desc":"","zone_id":"","stop_url":"","location_type":"","parent_station":"","stop_timezone":"","wheelchair_boarding":"","feed_id":"Arkansas__City_of_Fort_Smith__mdb_ntd-60086","agency_name":"City of Fort Smith Transit","route_count":1,"route_ids":"Jenny Lind","route_short_names":"","route_types":"3","route_type_names":"Bus","routes_json":"[{\"route_id\":\"Jenny Lind\",\"route_short_name\":\"\",\"route_long_name\":\"Jenny Lind\",\"route_type\":\"3\",\"route_type_name\":\"Bus\",\"route_color\":\"8E00FF\",\"route_text_color\":\"FFFFFF\"}]","metadata_feed_id":"Arkansas__City_of_Fort_Smith__mdb_ntd-60086","metadata_agency_names":"City of Fort Smith Transit","metadata_ntd_id":"60086","metadata_ntd_match_method":"manual_override","metadata_ntd_agency":"City of Fort Smith, dba: Fort Smith Transit","metadata_ntd_city":"Fort Smith","metadata_ntd_state":"AR","metadata_gtfs_route_count":7,"metadata_gtfs_trip_count":147,"metadata_gtfs_shape_count":15,"metadata_gtfs_stop_count":409,"metadata_ntd_agency_voms":10,"metadata_ntd_total_facilities":4,"metadata_ntd_maintenance_facilities":2,"metadata_ntd_passenger_stations":1,"metadata_tam_tier":"Tier II","metadata_service_area_sq_miles":65,"metadata_service_area_population":86209,"metadata_route_types_json":"{\"3\":7}","metadata_ntd_facilities_json":"{\"maintenance_facilities\":2,\"administrative_and_other_non_passenger_facilities\":1,\"passenger_stations_and_terminals\":1,\"parking_and_other_passenger_facilities\":0,\"total_facilities\":4,\"bus_transfer_centers\":1,\"elevated_fixed_guideway_stations\":0,\"at_grade_fixed_guideway_stations\":0,\"underground_fixed_guideway_stations\":0,\"simple_at_grade_platform_stations\":0,\"exclusive_grade_separated_platform_stations\":0,\"ferryboat_terminals\":0,\"surface_parking_lots\":0,\"parking_structures\":0}","metadata_tam_modes_json":"{\"DR\":{\"total_units_2024\":5,\"units_under_threshold_2024\":0,\"voms_2024\":3,\"total_modal_vrm_2024\":163578,\"total_modal_upt_2024\":19821},\"MB\":{\"total_units_2024\":22,\"units_under_threshold_2024\":0,\"voms_2024\":14,\"total_modal_vrm_2024\":607970,\"total_modal_upt_2024\":469580}}"},"geometry":{"type":"Point","coordinates":[-94.422059,35.328035]}},{"type":"Feature","properties":{"stop_id":"Hwy 71 S @ Zero St_Hwy 71 S @ Zero St_35.329288_-94.420874","stop_code":"","stop_name":"Hwy 71 S @ Zero St","stop_desc":"","zone_id":"","stop_url":"","location_type":"","parent_station":"","stop_timezone":"","wheelchair_boarding":"","feed_id":"Arkansas__City_of_Fort_Smith__mdb_ntd-60086","agency_name":"City of Fort Smith Transit","route_count":1,"route_ids":"Towson","route_short_names":"","route_types":"3","route_type_names":"Bus","routes_json":"[{\"route_id\":\"Towson\",\"route_short_name\":\"\",\"route_long_name\":\"Towson\",\"route_type\":\"3\",\"route_type_name\":\"Bus\",\"route_color\":\"70AD47\",\"route_text_color\":\"000000\"}]","metadata_feed_id":"Arkansas__City_of_Fort_Smith__mdb_ntd-60086","metadata_agency_names":"City of Fort Smith Transit","metadata_ntd_id":"60086","metadata_ntd_match_method":"manual_override","metadata_ntd_agency":"City of Fort Smith, dba: Fort Smith Transit","metadata_ntd_city":"Fort Smith","metadata_ntd_state":"AR","metadata_gtfs_route_count":7,"metadata_gtfs_trip_count":147,"metadata_gtfs_shape_count":15,"metadata_gtfs_stop_count":409,"metadata_ntd_agency_voms":10,"metadata_ntd_total_facilities":4,"metadata_ntd_maintenance_facilities":2,"metadata_ntd_passenger_stations":1,"metadata_tam_tier":"Tier II","metadata_service_area_sq_miles":65,"metadata_service_area_population":86209,"metadata_route_types_json":"{\"3\":7}","metadata_ntd_facilities_json":"{\"maintenance_facilities\":2,\"administrative_and_other_non_passenger_facilities\":1,\"passenger_stations_and_terminals\":1,\"parking_and_other_passenger_facilities\":0,\"total_facilities\":4,\"bus_transfer_centers\":1,\"elevated_fixed_guideway_stations\":0,\"at_grade_fixed_guideway_stations\":0,\"underground_fixed_guideway_stations\":0,\"simple_at_grade_platform_stations\":0,\"exclusive_grade_separated_platform_stations\":0,\"ferryboat_terminals\":0,\"surface_parking_lots\":0,\"parking_structures\":0}","metadata_tam_modes_json":"{\"DR\":{\"total_units_2024\":5,\"units_under_threshold_2024\":0,\"voms_2024\":3,\"total_modal_vrm_2024\":163578,\"total_modal_upt_2024\":19821},\"MB\":{\"total_units_2024\":22,\"units_under_threshold_2024\":0,\"voms_2024\":14,\"total_modal_vrm_2024\":607970,\"total_modal_upt_2024\":469580}}"},"geometry":{"type":"Point","coordinates":[-94.420874,35.329288]}},{"type":"Feature","properties":{"stop_id":"International Paper Co__35.305348_-94.384559","stop_code":"","stop_name":"International Paper Co","stop_desc":"","zone_id":"","stop_url":"","location_type":"","parent_station":"","stop_timezone":"","wheelchair_boarding":"","feed_id":"Arkansas__City_of_Fort_Smith__mdb_ntd-60086","agency_name":"City of Fort Smith Transit","route_count":0,"route_ids":"","route_short_names":"","route_types":"","route_type_names":"","routes_json":"[]","metadata_feed_id":"Arkansas__City_of_Fort_Smith__mdb_ntd-60086","metadata_agency_names":"City of Fort Smith Transit","metadata_ntd_id":"60086","metadata_ntd_match_method":"manual_override","metadata_ntd_agency":"City of Fort Smith, dba: Fort Smith Transit","metadata_ntd_city":"Fort Smith","metadata_ntd_state":"AR","metadata_gtfs_route_count":7,"metadata_gtfs_trip_count":147,"metadata_gtfs_shape_count":15,"metadata_gtfs_stop_count":409,"metadata_ntd_agency_voms":10,"metadata_ntd_total_facilities":4,"metadata_ntd_maintenance_facilities":2,"metadata_ntd_passenger_stations":1,"metadata_tam_tier":"Tier II","metadata_service_area_sq_miles":65,"metadata_service_area_population":86209,"metadata_route_types_json":"{\"3\":7}","metadata_ntd_facilities_json":"{\"maintenance_facilities\":2,\"administrative_and_other_non_passenger_facilities\":1,\"passenger_stations_and_terminals\":1,\"parking_and_other_passenger_facilities\":0,\"total_facilities\":4,\"bus_transfer_centers\":1,\"elevated_fixed_guideway_stations\":0,\"at_grade_fixed_guideway_stations\":0,\"underground_fixed_guideway_stations\":0,\"simple_at_grade_platform_stations\":0,\"exclusive_grade_separated_platform_stations\":0,\"ferryboat_terminals\":0,\"surface_parking_lots\":0,\"parking_structures\":0}","metadata_tam_modes_json":"{\"DR\":{\"total_units_2024\":5,\"units_under_threshold_2024\":0,\"voms_2024\":3,\"total_modal_vrm_2024\":163578,\"total_modal_upt_2024\":19821},\"MB\":{\"total_units_2024\":22,\"units_under_threshold_2024\":0,\"voms_2024\":14,\"total_modal_vrm_2024\":607970,\"total_modal_upt_2024\":469580}}"},"geometry":{"type":"Point","coordinates":[-94.384559,35.305348]}},{"type":"Feature","properties":{"stop_id":"Janet Huckabee Nature Center__35.303697_-94.334736","stop_code":"","stop_name":"Janet Huckabee Nature Center","stop_desc":"","zone_id":"","stop_url":"","location_type":"","parent_station":"","stop_timezone":"","wheelchair_boarding":"","feed_id":"Arkansas__City_of_Fort_Smith__mdb_ntd-60086","agency_name":"City of Fort Smith Transit","route_count":0,"route_ids":"","route_short_names":"","route_types":"","route_type_names":"","routes_json":"[]","metadata_feed_id":"Arkansas__City_of_Fort_Smith__mdb_ntd-60086","metadata_agency_names":"City of Fort Smith Transit","metadata_ntd_id":"60086","metadata_ntd_match_method":"manual_override","metadata_ntd_agency":"City of Fort Smith, dba: Fort Smith Transit","metadata_ntd_city":"Fort Smith","metadata_ntd_state":"AR","metadata_gtfs_route_count":7,"metadata_gtfs_trip_count":147,"metadata_gtfs_shape_count":15,"metadata_gtfs_stop_count":409,"metadata_ntd_agency_voms":10,"metadata_ntd_total_facilities":4,"metadata_ntd_maintenance_facilities":2,"metadata_ntd_passenger_stations":1,"metadata_tam_tier":"Tier II","metadata_service_area_sq_miles":65,"metadata_service_area_population":86209,"metadata_route_types_json":"{\"3\":7}","metadata_ntd_facilities_json":"{\"maintenance_facilities\":2,\"administrative_and_other_non_passenger_facilities\":1,\"passenger_stations_and_terminals\":1,\"parking_and_other_passenger_facilities\":0,\"total_facilities\":4,\"bus_transfer_centers\":1,\"elevated_fixed_guideway_stations\":0,\"at_grade_fixed_guideway_stations\":0,\"underground_fixed_guideway_stations\":0,\"simple_at_grade_platform_stations\":0,\"exclusive_grade_separated_platform_stations\":0,\"ferryboat_terminals\":0,\"surface_parking_lots\":0,\"parking_structures\":0}","metadata_tam_modes_json":"{\"DR\":{\"total_units_2024\":5,\"units_under_threshold_2024\":0,\"voms_2024\":3,\"total_modal_vrm_2024\":163578,\"total_modal_upt_2024\":19821},\"MB\":{\"total_units_2024\":22,\"units_under_threshold_2024\":0,\"voms_2024\":14,\"total_modal_vrm_2024\":607970,\"total_modal_upt_2024\":469580}}"},"geometry":{"type":"Point","coordinates":[-94.334736,35.303697]}},{"type":"Feature","properties":{"stop_id":"Jenny Lind Rd @ Boston St__35.355321_-94.413173","stop_code":"","stop_name":"Jenny Lind Rd @ Boston St","stop_desc":"","zone_id":"","stop_url":"","location_type":"","parent_station":"","stop_timezone":"","wheelchair_boarding":"","feed_id":"Arkansas__City_of_Fort_Smith__mdb_ntd-60086","agency_name":"City of Fort Smith Transit","route_count":2,"route_ids":"Jenny Lind|Towson","route_short_names":"","route_types":"3","route_type_names":"Bus","routes_json":"[{\"route_id\":\"Jenny Lind\",\"route_short_name\":\"\",\"route_long_name\":\"Jenny Lind\",\"route_type\":\"3\",\"route_type_name\":\"Bus\",\"route_color\":\"8E00FF\",\"route_text_color\":\"FFFFFF\"},{\"route_id\":\"Towson\",\"route_short_name\":\"\",\"route_long_name\":\"Towson\",\"route_type\":\"3\",\"route_type_name\":\"Bus\",\"route_color\":\"70AD47\",\"route_text_color\":\"000000\"}]","metadata_feed_id":"Arkansas__City_of_Fort_Smith__mdb_ntd-60086","metadata_agency_names":"City of Fort Smith Transit","metadata_ntd_id":"60086","metadata_ntd_match_method":"manual_override","metadata_ntd_agency":"City of Fort Smith, dba: Fort Smith Transit","metadata_ntd_city":"Fort Smith","metadata_ntd_state":"AR","metadata_gtfs_route_count":7,"metadata_gtfs_trip_count":147,"metadata_gtfs_shape_count":15,"metadata_gtfs_stop_count":409,"metadata_ntd_agency_voms":10,"metadata_ntd_total_facilities":4,"metadata_ntd_maintenance_facilities":2,"metadata_ntd_passenger_stations":1,"metadata_tam_tier":"Tier II","metadata_service_area_sq_miles":65,"metadata_service_area_population":86209,"metadata_route_types_json":"{\"3\":7}","metadata_ntd_facilities_json":"{\"maintenance_facilities\":2,\"administrative_and_other_non_passenger_facilities\":1,\"passenger_stations_and_terminals\":1,\"parking_and_other_passenger_facilities\":0,\"total_facilities\":4,\"bus_transfer_centers\":1,\"elevated_fixed_guideway_stations\":0,\"at_grade_fixed_guideway_stations\":0,\"underground_fixed_guideway_stations\":0,\"simple_at_grade_platform_stations\":0,\"exclusive_grade_separated_platform_stations\":0,\"ferryboat_terminals\":0,\"surface_parking_lots\":0,\"parking_structures\":0}","metadata_tam_modes_json":"{\"DR\":{\"total_units_2024\":5,\"units_under_threshold_2024\":0,\"voms_2024\":3,\"total_modal_vrm_2024\":163578,\"total_modal_upt_2024\":19821},\"MB\":{\"total_units_2024\":22,\"units_under_threshold_2024\":0,\"voms_2024\":14,\"total_modal_vrm_2024\":607970,\"total_modal_upt_2024\":469580}}"},"geometry":{"type":"Point","coordinates":[-94.413173,35.355321]}},{"type":"Feature","properties":{"stop_id":"Jenny Lind Rd @ Brazil Ave_Jenny Lind Rd @ Brazil Ave_35.326152_-94.414182","stop_code":"","stop_name":"Jenny Lind Rd @ Brazil Ave","stop_desc":"","zone_id":"","stop_url":"","location_type":"","parent_station":"","stop_timezone":"","wheelchair_boarding":"","feed_id":"Arkansas__City_of_Fort_Smith__mdb_ntd-60086","agency_name":"City of Fort Smith Transit","route_count":1,"route_ids":"Jenny Lind","route_short_names":"","route_types":"3","route_type_names":"Bus","routes_json":"[{\"route_id\":\"Jenny Lind\",\"route_short_name\":\"\",\"route_long_name\":\"Jenny Lind\",\"route_type\":\"3\",\"route_type_name\":\"Bus\",\"route_color\":\"8E00FF\",\"route_text_color\":\"FFFFFF\"}]","metadata_feed_id":"Arkansas__City_of_Fort_Smith__mdb_ntd-60086","metadata_agency_names":"City of Fort Smith Transit","metadata_ntd_id":"60086","metadata_ntd_match_method":"manual_override","metadata_ntd_agency":"City of Fort Smith, dba: Fort Smith Transit","metadata_ntd_city":"Fort Smith","metadata_ntd_state":"AR","metadata_gtfs_route_count":7,"metadata_gtfs_trip_count":147,"metadata_gtfs_shape_count":15,"metadata_gtfs_stop_count":409,"metadata_ntd_agency_voms":10,"metadata_ntd_total_facilities":4,"metadata_ntd_maintenance_facilities":2,"metadata_ntd_passenger_stations":1,"metadata_tam_tier":"Tier II","metadata_service_area_sq_miles":65,"metadata_service_area_population":86209,"metadata_route_types_json":"{\"3\":7}","metadata_ntd_facilities_json":"{\"maintenance_facilities\":2,\"administrative_and_other_non_passenger_facilities\":1,\"passenger_stations_and_terminals\":1,\"parking_and_other_passenger_facilities\":0,\"total_facilities\":4,\"bus_transfer_centers\":1,\"elevated_fixed_guideway_stations\":0,\"at_grade_fixed_guideway_stations\":0,\"underground_fixed_guideway_stations\":0,\"simple_at_grade_platform_stations\":0,\"exclusive_grade_separated_platform_stations\":0,\"ferryboat_terminals\":0,\"surface_parking_lots\":0,\"parking_structures\":0}","metadata_tam_modes_json":"{\"DR\":{\"total_units_2024\":5,\"units_under_threshold_2024\":0,\"voms_2024\":3,\"total_modal_vrm_2024\":163578,\"total_modal_upt_2024\":19821},\"MB\":{\"total_units_2024\":22,\"units_under_threshold_2024\":0,\"voms_2024\":14,\"total_modal_vrm_2024\":607970,\"total_modal_upt_2024\":469580}}"},"geometry":{"type":"Point","coordinates":[-94.414182,35.326152]}},{"type":"Feature","properties":{"stop_id":"Jenny Lind Rd @ Country Club Ave__35.357103_-94.413092","stop_code":"","stop_name":"Jenny Lind Rd @ Country Club Ave","stop_desc":"","zone_id":"","stop_url":"","location_type":"","parent_station":"","stop_timezone":"","wheelchair_boarding":"","feed_id":"Arkansas__City_of_Fort_Smith__mdb_ntd-60086","agency_name":"City of Fort Smith Transit","route_count":1,"route_ids":"Towson","route_short_names":"","route_types":"3","route_type_names":"Bus","routes_json":"[{\"route_id\":\"Towson\",\"route_short_name\":\"\",\"route_long_name\":\"Towson\",\"route_type\":\"3\",\"route_type_name\":\"Bus\",\"route_color\":\"70AD47\",\"route_text_color\":\"000000\"}]","metadata_feed_id":"Arkansas__City_of_Fort_Smith__mdb_ntd-60086","metadata_agency_names":"City of Fort Smith Transit","metadata_ntd_id":"60086","metadata_ntd_match_method":"manual_override","metadata_ntd_agency":"City of Fort Smith, dba: Fort Smith Transit","metadata_ntd_city":"Fort Smith","metadata_ntd_state":"AR","metadata_gtfs_route_count":7,"metadata_gtfs_trip_count":147,"metadata_gtfs_shape_count":15,"metadata_gtfs_stop_count":409,"metadata_ntd_agency_voms":10,"metadata_ntd_total_facilities":4,"metadata_ntd_maintenance_facilities":2,"metadata_ntd_passenger_stations":1,"metadata_tam_tier":"Tier II","metadata_service_area_sq_miles":65,"metadata_service_area_population":86209,"metadata_route_types_json":"{\"3\":7}","metadata_ntd_facilities_json":"{\"maintenance_facilities\":2,\"administrative_and_other_non_passenger_facilities\":1,\"passenger_stations_and_terminals\":1,\"parking_and_other_passenger_facilities\":0,\"total_facilities\":4,\"bus_transfer_centers\":1,\"elevated_fixed_guideway_stations\":0,\"at_grade_fixed_guideway_stations\":0,\"underground_fixed_guideway_stations\":0,\"simple_at_grade_platform_stations\":0,\"exclusive_grade_separated_platform_stations\":0,\"ferryboat_terminals\":0,\"surface_parking_lots\":0,\"parking_structures\":0}","metadata_tam_modes_json":"{\"DR\":{\"total_units_2024\":5,\"units_under_threshold_2024\":0,\"voms_2024\":3,\"total_modal_vrm_2024\":163578,\"total_modal_upt_2024\":19821},\"MB\":{\"total_units_2024\":22,\"units_under_threshold_2024\":0,\"voms_2024\":14,\"total_modal_vrm_2024\":607970,\"total_modal_upt_2024\":469580}}"},"geometry":{"type":"Point","coordinates":[-94.413092,35.357103]}},{"type":"Feature","properties":{"stop_id":"Jenny Lind Rd @ Fianna Oaks Dr_Jenny Lind Rd @ Fianna Oaks Dr_35.299839_-94.409720","stop_code":"","stop_name":"Jenny Lind Rd @ Fianna Oaks Dr","stop_desc":"","zone_id":"","stop_url":"","location_type":"","parent_station":"","stop_timezone":"","wheelchair_boarding":"","feed_id":"Arkansas__City_of_Fort_Smith__mdb_ntd-60086","agency_name":"City of Fort Smith Transit","route_count":1,"route_ids":"Jenny Lind","route_short_names":"","route_types":"3","route_type_names":"Bus","routes_json":"[{\"route_id\":\"Jenny Lind\",\"route_short_name\":\"\",\"route_long_name\":\"Jenny Lind\",\"route_type\":\"3\",\"route_type_name\":\"Bus\",\"route_color\":\"8E00FF\",\"route_text_color\":\"FFFFFF\"}]","metadata_feed_id":"Arkansas__City_of_Fort_Smith__mdb_ntd-60086","metadata_agency_names":"City of Fort Smith Transit","metadata_ntd_id":"60086","metadata_ntd_match_method":"manual_override","metadata_ntd_agency":"City of Fort Smith, dba: Fort Smith Transit","metadata_ntd_city":"Fort Smith","metadata_ntd_state":"AR","metadata_gtfs_route_count":7,"metadata_gtfs_trip_count":147,"metadata_gtfs_shape_count":15,"metadata_gtfs_stop_count":409,"metadata_ntd_agency_voms":10,"metadata_ntd_total_facilities":4,"metadata_ntd_maintenance_facilities":2,"metadata_ntd_passenger_stations":1,"metadata_tam_tier":"Tier II","metadata_service_area_sq_miles":65,"metadata_service_area_population":86209,"metadata_route_types_json":"{\"3\":7}","metadata_ntd_facilities_json":"{\"maintenance_facilities\":2,\"administrative_and_other_non_passenger_facilities\":1,\"passenger_stations_and_terminals\":1,\"parking_and_other_passenger_facilities\":0,\"total_facilities\":4,\"bus_transfer_centers\":1,\"elevated_fixed_guideway_stations\":0,\"at_grade_fixed_guideway_stations\":0,\"underground_fixed_guideway_stations\":0,\"simple_at_grade_platform_stations\":0,\"exclusive_grade_separated_platform_stations\":0,\"ferryboat_terminals\":0,\"surface_parking_lots\":0,\"parking_structures\":0}","metadata_tam_modes_json":"{\"DR\":{\"total_units_2024\":5,\"units_under_threshold_2024\":0,\"voms_2024\":3,\"total_modal_vrm_2024\":163578,\"total_modal_upt_2024\":19821},\"MB\":{\"total_units_2024\":22,\"units_under_threshold_2024\":0,\"voms_2024\":14,\"total_modal_vrm_2024\":607970,\"total_modal_upt_2024\":469580}}"},"geometry":{"type":"Point","coordinates":[-94.40972,35.299839]}},{"type":"Feature","properties":{"stop_id":"Jenny Lind Rd @ Independence St__35.347672_-94.413527","stop_code":"","stop_name":"Jenny Lind Rd @ Independence St","stop_desc":"","zone_id":"","stop_url":"","location_type":"","parent_station":"","stop_timezone":"","wheelchair_boarding":"","feed_id":"Arkansas__City_of_Fort_Smith__mdb_ntd-60086","agency_name":"City of Fort Smith Transit","route_count":2,"route_ids":"Jenny Lind|Towson","route_short_names":"","route_types":"3","route_type_names":"Bus","routes_json":"[{\"route_id\":\"Jenny Lind\",\"route_short_name\":\"\",\"route_long_name\":\"Jenny Lind\",\"route_type\":\"3\",\"route_type_name\":\"Bus\",\"route_color\":\"8E00FF\",\"route_text_color\":\"FFFFFF\"},{\"route_id\":\"Towson\",\"route_short_name\":\"\",\"route_long_name\":\"Towson\",\"route_type\":\"3\",\"route_type_name\":\"Bus\",\"route_color\":\"70AD47\",\"route_text_color\":\"000000\"}]","metadata_feed_id":"Arkansas__City_of_Fort_Smith__mdb_ntd-60086","metadata_agency_names":"City of Fort Smith Transit","metadata_ntd_id":"60086","metadata_ntd_match_method":"manual_override","metadata_ntd_agency":"City of Fort Smith, dba: Fort Smith Transit","metadata_ntd_city":"Fort Smith","metadata_ntd_state":"AR","metadata_gtfs_route_count":7,"metadata_gtfs_trip_count":147,"metadata_gtfs_shape_count":15,"metadata_gtfs_stop_count":409,"metadata_ntd_agency_voms":10,"metadata_ntd_total_facilities":4,"metadata_ntd_maintenance_facilities":2,"metadata_ntd_passenger_stations":1,"metadata_tam_tier":"Tier II","metadata_service_area_sq_miles":65,"metadata_service_area_population":86209,"metadata_route_types_json":"{\"3\":7}","metadata_ntd_facilities_json":"{\"maintenance_facilities\":2,\"administrative_and_other_non_passenger_facilities\":1,\"passenger_stations_and_terminals\":1,\"parking_and_other_passenger_facilities\":0,\"total_facilities\":4,\"bus_transfer_centers\":1,\"elevated_fixed_guideway_stations\":0,\"at_grade_fixed_guideway_stations\":0,\"underground_fixed_guideway_stations\":0,\"simple_at_grade_platform_stations\":0,\"exclusive_grade_separated_platform_stations\":0,\"ferryboat_terminals\":0,\"surface_parking_lots\":0,\"parking_structures\":0}","metadata_tam_modes_json":"{\"DR\":{\"total_units_2024\":5,\"units_under_threshold_2024\":0,\"voms_2024\":3,\"total_modal_vrm_2024\":163578,\"total_modal_upt_2024\":19821},\"MB\":{\"total_units_2024\":22,\"units_under_threshold_2024\":0,\"voms_2024\":14,\"total_modal_vrm_2024\":607970,\"total_modal_upt_2024\":469580}}"},"geometry":{"type":"Point","coordinates":[-94.413527,35.347672]}},{"type":"Feature","properties":{"stop_id":"Jenny Lind Rd @ Jackson St__35.346204_-94.413551","stop_code":"","stop_name":"Jenny Lind Rd @ Jackson St","stop_desc":"","zone_id":"","stop_url":"","location_type":"","parent_station":"","stop_timezone":"","wheelchair_boarding":"","feed_id":"Arkansas__City_of_Fort_Smith__mdb_ntd-60086","agency_name":"City of Fort Smith Transit","route_count":2,"route_ids":"Jenny Lind|Towson","route_short_names":"","route_types":"3","route_type_names":"Bus","routes_json":"[{\"route_id\":\"Jenny Lind\",\"route_short_name\":\"\",\"route_long_name\":\"Jenny Lind\",\"route_type\":\"3\",\"route_type_name\":\"Bus\",\"route_color\":\"8E00FF\",\"route_text_color\":\"FFFFFF\"},{\"route_id\":\"Towson\",\"route_short_name\":\"\",\"route_long_name\":\"Towson\",\"route_type\":\"3\",\"route_type_name\":\"Bus\",\"route_color\":\"70AD47\",\"route_text_color\":\"000000\"}]","metadata_feed_id":"Arkansas__City_of_Fort_Smith__mdb_ntd-60086","metadata_agency_names":"City of Fort Smith Transit","metadata_ntd_id":"60086","metadata_ntd_match_method":"manual_override","metadata_ntd_agency":"City of Fort Smith, dba: Fort Smith Transit","metadata_ntd_city":"Fort Smith","metadata_ntd_state":"AR","metadata_gtfs_route_count":7,"metadata_gtfs_trip_count":147,"metadata_gtfs_shape_count":15,"metadata_gtfs_stop_count":409,"metadata_ntd_agency_voms":10,"metadata_ntd_total_facilities":4,"metadata_ntd_maintenance_facilities":2,"metadata_ntd_passenger_stations":1,"metadata_tam_tier":"Tier II","metadata_service_area_sq_miles":65,"metadata_service_area_population":86209,"metadata_route_types_json":"{\"3\":7}","metadata_ntd_facilities_json":"{\"maintenance_facilities\":2,\"administrative_and_other_non_passenger_facilities\":1,\"passenger_stations_and_terminals\":1,\"parking_and_other_passenger_facilities\":0,\"total_facilities\":4,\"bus_transfer_centers\":1,\"elevated_fixed_guideway_stations\":0,\"at_grade_fixed_guideway_stations\":0,\"underground_fixed_guideway_stations\":0,\"simple_at_grade_platform_stations\":0,\"exclusive_grade_separated_platform_stations\":0,\"ferryboat_terminals\":0,\"surface_parking_lots\":0,\"parking_structures\":0}","metadata_tam_modes_json":"{\"DR\":{\"total_units_2024\":5,\"units_under_threshold_2024\":0,\"voms_2024\":3,\"total_modal_vrm_2024\":163578,\"total_modal_upt_2024\":19821},\"MB\":{\"total_units_2024\":22,\"units_under_threshold_2024\":0,\"voms_2024\":14,\"total_modal_vrm_2024\":607970,\"total_modal_upt_2024\":469580}}"},"geometry":{"type":"Point","coordinates":[-94.413551,35.346204]}},{"type":"Feature","properties":{"stop_id":"Jenny Lind Rd @ Louisville St__35.342523_-94.413672","stop_code":"","stop_name":"Jenny Lind Rd @ Louisville St","stop_desc":"","zone_id":"","stop_url":"","location_type":"","parent_station":"","stop_timezone":"","wheelchair_boarding":"","feed_id":"Arkansas__City_of_Fort_Smith__mdb_ntd-60086","agency_name":"City of Fort Smith Transit","route_count":1,"route_ids":"Towson","route_short_names":"","route_types":"3","route_type_names":"Bus","routes_json":"[{\"route_id\":\"Towson\",\"route_short_name\":\"\",\"route_long_name\":\"Towson\",\"route_type\":\"3\",\"route_type_name\":\"Bus\",\"route_color\":\"70AD47\",\"route_text_color\":\"000000\"}]","metadata_feed_id":"Arkansas__City_of_Fort_Smith__mdb_ntd-60086","metadata_agency_names":"City of Fort Smith Transit","metadata_ntd_id":"60086","metadata_ntd_match_method":"manual_override","metadata_ntd_agency":"City of Fort Smith, dba: Fort Smith Transit","metadata_ntd_city":"Fort Smith","metadata_ntd_state":"AR","metadata_gtfs_route_count":7,"metadata_gtfs_trip_count":147,"metadata_gtfs_shape_count":15,"metadata_gtfs_stop_count":409,"metadata_ntd_agency_voms":10,"metadata_ntd_total_facilities":4,"metadata_ntd_maintenance_facilities":2,"metadata_ntd_passenger_stations":1,"metadata_tam_tier":"Tier II","metadata_service_area_sq_miles":65,"metadata_service_area_population":86209,"metadata_route_types_json":"{\"3\":7}","metadata_ntd_facilities_json":"{\"maintenance_facilities\":2,\"administrative_and_other_non_passenger_facilities\":1,\"passenger_stations_and_terminals\":1,\"parking_and_other_passenger_facilities\":0,\"total_facilities\":4,\"bus_transfer_centers\":1,\"elevated_fixed_guideway_stations\":0,\"at_grade_fixed_guideway_stations\":0,\"underground_fixed_guideway_stations\":0,\"simple_at_grade_platform_stations\":0,\"exclusive_grade_separated_platform_stations\":0,\"ferryboat_terminals\":0,\"surface_parking_lots\":0,\"parking_structures\":0}","metadata_tam_modes_json":"{\"DR\":{\"total_units_2024\":5,\"units_under_threshold_2024\":0,\"voms_2024\":3,\"total_modal_vrm_2024\":163578,\"total_modal_upt_2024\":19821},\"MB\":{\"total_units_2024\":22,\"units_under_threshold_2024\":0,\"voms_2024\":14,\"total_modal_vrm_2024\":607970,\"total_modal_upt_2024\":469580}}"},"geometry":{"type":"Point","coordinates":[-94.413672,35.342523]}},{"type":"Feature","properties":{"stop_id":"Jenny Lind Rd @ Osage St_Jenny Lind Rd @ Osage St_35.340998_-94.413660","stop_code":"","stop_name":"Jenny Lind Rd @ Osage St","stop_desc":"","zone_id":"","stop_url":"","location_type":"","parent_station":"","stop_timezone":"","wheelchair_boarding":"","feed_id":"Arkansas__City_of_Fort_Smith__mdb_ntd-60086","agency_name":"City of Fort Smith Transit","route_count":1,"route_ids":"Jenny Lind","route_short_names":"","route_types":"3","route_type_names":"Bus","routes_json":"[{\"route_id\":\"Jenny Lind\",\"route_short_name\":\"\",\"route_long_name\":\"Jenny Lind\",\"route_type\":\"3\",\"route_type_name\":\"Bus\",\"route_color\":\"8E00FF\",\"route_text_color\":\"FFFFFF\"}]","metadata_feed_id":"Arkansas__City_of_Fort_Smith__mdb_ntd-60086","metadata_agency_names":"City of Fort Smith Transit","metadata_ntd_id":"60086","metadata_ntd_match_method":"manual_override","metadata_ntd_agency":"City of Fort Smith, dba: Fort Smith Transit","metadata_ntd_city":"Fort Smith","metadata_ntd_state":"AR","metadata_gtfs_route_count":7,"metadata_gtfs_trip_count":147,"metadata_gtfs_shape_count":15,"metadata_gtfs_stop_count":409,"metadata_ntd_agency_voms":10,"metadata_ntd_total_facilities":4,"metadata_ntd_maintenance_facilities":2,"metadata_ntd_passenger_stations":1,"metadata_tam_tier":"Tier II","metadata_service_area_sq_miles":65,"metadata_service_area_population":86209,"metadata_route_types_json":"{\"3\":7}","metadata_ntd_facilities_json":"{\"maintenance_facilities\":2,\"administrative_and_other_non_passenger_facilities\":1,\"passenger_stations_and_terminals\":1,\"parking_and_other_passenger_facilities\":0,\"total_facilities\":4,\"bus_transfer_centers\":1,\"elevated_fixed_guideway_stations\":0,\"at_grade_fixed_guideway_stations\":0,\"underground_fixed_guideway_stations\":0,\"simple_at_grade_platform_stations\":0,\"exclusive_grade_separated_platform_stations\":0,\"ferryboat_terminals\":0,\"surface_parking_lots\":0,\"parking_structures\":0}","metadata_tam_modes_json":"{\"DR\":{\"total_units_2024\":5,\"units_under_threshold_2024\":0,\"voms_2024\":3,\"total_modal_vrm_2024\":163578,\"total_modal_upt_2024\":19821},\"MB\":{\"total_units_2024\":22,\"units_under_threshold_2024\":0,\"voms_2024\":14,\"total_modal_vrm_2024\":607970,\"total_modal_upt_2024\":469580}}"},"geometry":{"type":"Point","coordinates":[-94.41366,35.340998]}},{"type":"Feature","properties":{"stop_id":"Jenny Lind Rd @ Phoenix Ave__35.338959_-94.413771","stop_code":"","stop_name":"Jenny Lind Rd @ Phoenix Ave","stop_desc":"","zone_id":"","stop_url":"","location_type":"","parent_station":"","stop_timezone":"","wheelchair_boarding":"","feed_id":"Arkansas__City_of_Fort_Smith__mdb_ntd-60086","agency_name":"City of Fort Smith Transit","route_count":0,"route_ids":"","route_short_names":"","route_types":"","route_type_names":"","routes_json":"[]","metadata_feed_id":"Arkansas__City_of_Fort_Smith__mdb_ntd-60086","metadata_agency_names":"City of Fort Smith Transit","metadata_ntd_id":"60086","metadata_ntd_match_method":"manual_override","metadata_ntd_agency":"City of Fort Smith, dba: Fort Smith Transit","metadata_ntd_city":"Fort Smith","metadata_ntd_state":"AR","metadata_gtfs_route_count":7,"metadata_gtfs_trip_count":147,"metadata_gtfs_shape_count":15,"metadata_gtfs_stop_count":409,"metadata_ntd_agency_voms":10,"metadata_ntd_total_facilities":4,"metadata_ntd_maintenance_facilities":2,"metadata_ntd_passenger_stations":1,"metadata_tam_tier":"Tier II","metadata_service_area_sq_miles":65,"metadata_service_area_population":86209,"metadata_route_types_json":"{\"3\":7}","metadata_ntd_facilities_json":"{\"maintenance_facilities\":2,\"administrative_and_other_non_passenger_facilities\":1,\"passenger_stations_and_terminals\":1,\"parking_and_other_passenger_facilities\":0,\"total_facilities\":4,\"bus_transfer_centers\":1,\"elevated_fixed_guideway_stations\":0,\"at_grade_fixed_guideway_stations\":0,\"underground_fixed_guideway_stations\":0,\"simple_at_grade_platform_stations\":0,\"exclusive_grade_separated_platform_stations\":0,\"ferryboat_terminals\":0,\"surface_parking_lots\":0,\"parking_structures\":0}","metadata_tam_modes_json":"{\"DR\":{\"total_units_2024\":5,\"units_under_threshold_2024\":0,\"voms_2024\":3,\"total_modal_vrm_2024\":163578,\"total_modal_upt_2024\":19821},\"MB\":{\"total_units_2024\":22,\"units_under_threshold_2024\":0,\"voms_2024\":14,\"total_modal_vrm_2024\":607970,\"total_modal_upt_2024\":469580}}"},"geometry":{"type":"Point","coordinates":[-94.413771,35.338959]}},{"type":"Feature","properties":{"stop_id":"Jenny Lind Rd @ S L St__35.371420_-94.412595","stop_code":"","stop_name":"Jenny Lind Rd @ S L St","stop_desc":"","zone_id":"","stop_url":"","location_type":"","parent_station":"","stop_timezone":"","wheelchair_boarding":"","feed_id":"Arkansas__City_of_Fort_Smith__mdb_ntd-60086","agency_name":"City of Fort Smith Transit","route_count":1,"route_ids":"Towson","route_short_names":"","route_types":"3","route_type_names":"Bus","routes_json":"[{\"route_id\":\"Towson\",\"route_short_name\":\"\",\"route_long_name\":\"Towson\",\"route_type\":\"3\",\"route_type_name\":\"Bus\",\"route_color\":\"70AD47\",\"route_text_color\":\"000000\"}]","metadata_feed_id":"Arkansas__City_of_Fort_Smith__mdb_ntd-60086","metadata_agency_names":"City of Fort Smith Transit","metadata_ntd_id":"60086","metadata_ntd_match_method":"manual_override","metadata_ntd_agency":"City of Fort Smith, dba: Fort Smith Transit","metadata_ntd_city":"Fort Smith","metadata_ntd_state":"AR","metadata_gtfs_route_count":7,"metadata_gtfs_trip_count":147,"metadata_gtfs_shape_count":15,"metadata_gtfs_stop_count":409,"metadata_ntd_agency_voms":10,"metadata_ntd_total_facilities":4,"metadata_ntd_maintenance_facilities":2,"metadata_ntd_passenger_stations":1,"metadata_tam_tier":"Tier II","metadata_service_area_sq_miles":65,"metadata_service_area_population":86209,"metadata_route_types_json":"{\"3\":7}","metadata_ntd_facilities_json":"{\"maintenance_facilities\":2,\"administrative_and_other_non_passenger_facilities\":1,\"passenger_stations_and_terminals\":1,\"parking_and_other_passenger_facilities\":0,\"total_facilities\":4,\"bus_transfer_centers\":1,\"elevated_fixed_guideway_stations\":0,\"at_grade_fixed_guideway_stations\":0,\"underground_fixed_guideway_stations\":0,\"simple_at_grade_platform_stations\":0,\"exclusive_grade_separated_platform_stations\":0,\"ferryboat_terminals\":0,\"surface_parking_lots\":0,\"parking_structures\":0}","metadata_tam_modes_json":"{\"DR\":{\"total_units_2024\":5,\"units_under_threshold_2024\":0,\"voms_2024\":3,\"total_modal_vrm_2024\":163578,\"total_modal_upt_2024\":19821},\"MB\":{\"total_units_2024\":22,\"units_under_threshold_2024\":0,\"voms_2024\":14,\"total_modal_vrm_2024\":607970,\"total_modal_upt_2024\":469580}}"},"geometry":{"type":"Point","coordinates":[-94.412595,35.37142]}},{"type":"Feature","properties":{"stop_id":"Jenny Lind Rd @ S M St_Jenny Lind Rd @ S M St_35.370483_-94.412602","stop_code":"","stop_name":"Jenny Lind Rd @ S M St","stop_desc":"","zone_id":"","stop_url":"","location_type":"","parent_station":"","stop_timezone":"","wheelchair_boarding":"","feed_id":"Arkansas__City_of_Fort_Smith__mdb_ntd-60086","agency_name":"City of Fort Smith Transit","route_count":1,"route_ids":"Jenny Lind","route_short_names":"","route_types":"3","route_type_names":"Bus","routes_json":"[{\"route_id\":\"Jenny Lind\",\"route_short_name\":\"\",\"route_long_name\":\"Jenny Lind\",\"route_type\":\"3\",\"route_type_name\":\"Bus\",\"route_color\":\"8E00FF\",\"route_text_color\":\"FFFFFF\"}]","metadata_feed_id":"Arkansas__City_of_Fort_Smith__mdb_ntd-60086","metadata_agency_names":"City of Fort Smith Transit","metadata_ntd_id":"60086","metadata_ntd_match_method":"manual_override","metadata_ntd_agency":"City of Fort Smith, dba: Fort Smith Transit","metadata_ntd_city":"Fort Smith","metadata_ntd_state":"AR","metadata_gtfs_route_count":7,"metadata_gtfs_trip_count":147,"metadata_gtfs_shape_count":15,"metadata_gtfs_stop_count":409,"metadata_ntd_agency_voms":10,"metadata_ntd_total_facilities":4,"metadata_ntd_maintenance_facilities":2,"metadata_ntd_passenger_stations":1,"metadata_tam_tier":"Tier II","metadata_service_area_sq_miles":65,"metadata_service_area_population":86209,"metadata_route_types_json":"{\"3\":7}","metadata_ntd_facilities_json":"{\"maintenance_facilities\":2,\"administrative_and_other_non_passenger_facilities\":1,\"passenger_stations_and_terminals\":1,\"parking_and_other_passenger_facilities\":0,\"total_facilities\":4,\"bus_transfer_centers\":1,\"elevated_fixed_guideway_stations\":0,\"at_grade_fixed_guideway_stations\":0,\"underground_fixed_guideway_stations\":0,\"simple_at_grade_platform_stations\":0,\"exclusive_grade_separated_platform_stations\":0,\"ferryboat_terminals\":0,\"surface_parking_lots\":0,\"parking_structures\":0}","metadata_tam_modes_json":"{\"DR\":{\"total_units_2024\":5,\"units_under_threshold_2024\":0,\"voms_2024\":3,\"total_modal_vrm_2024\":163578,\"total_modal_upt_2024\":19821},\"MB\":{\"total_units_2024\":22,\"units_under_threshold_2024\":0,\"voms_2024\":14,\"total_modal_vrm_2024\":607970,\"total_modal_upt_2024\":469580}}"},"geometry":{"type":"Point","coordinates":[-94.412602,35.370483]}},{"type":"Feature","properties":{"stop_id":"Jenny Lind Rd @ S N St__35.369460_-94.412669","stop_code":"","stop_name":"Jenny Lind Rd @ S N St","stop_desc":"","zone_id":"","stop_url":"","location_type":"","parent_station":"","stop_timezone":"","wheelchair_boarding":"","feed_id":"Arkansas__City_of_Fort_Smith__mdb_ntd-60086","agency_name":"City of Fort Smith Transit","route_count":1,"route_ids":"Towson","route_short_names":"","route_types":"3","route_type_names":"Bus","routes_json":"[{\"route_id\":\"Towson\",\"route_short_name\":\"\",\"route_long_name\":\"Towson\",\"route_type\":\"3\",\"route_type_name\":\"Bus\",\"route_color\":\"70AD47\",\"route_text_color\":\"000000\"}]","metadata_feed_id":"Arkansas__City_of_Fort_Smith__mdb_ntd-60086","metadata_agency_names":"City of Fort Smith Transit","metadata_ntd_id":"60086","metadata_ntd_match_method":"manual_override","metadata_ntd_agency":"City of Fort Smith, dba: Fort Smith Transit","metadata_ntd_city":"Fort Smith","metadata_ntd_state":"AR","metadata_gtfs_route_count":7,"metadata_gtfs_trip_count":147,"metadata_gtfs_shape_count":15,"metadata_gtfs_stop_count":409,"metadata_ntd_agency_voms":10,"metadata_ntd_total_facilities":4,"metadata_ntd_maintenance_facilities":2,"metadata_ntd_passenger_stations":1,"metadata_tam_tier":"Tier II","metadata_service_area_sq_miles":65,"metadata_service_area_population":86209,"metadata_route_types_json":"{\"3\":7}","metadata_ntd_facilities_json":"{\"maintenance_facilities\":2,\"administrative_and_other_non_passenger_facilities\":1,\"passenger_stations_and_terminals\":1,\"parking_and_other_passenger_facilities\":0,\"total_facilities\":4,\"bus_transfer_centers\":1,\"elevated_fixed_guideway_stations\":0,\"at_grade_fixed_guideway_stations\":0,\"underground_fixed_guideway_stations\":0,\"simple_at_grade_platform_stations\":0,\"exclusive_grade_separated_platform_stations\":0,\"ferryboat_terminals\":0,\"surface_parking_lots\":0,\"parking_structures\":0}","metadata_tam_modes_json":"{\"DR\":{\"total_units_2024\":5,\"units_under_threshold_2024\":0,\"voms_2024\":3,\"total_modal_vrm_2024\":163578,\"total_modal_upt_2024\":19821},\"MB\":{\"total_units_2024\":22,\"units_under_threshold_2024\":0,\"voms_2024\":14,\"total_modal_vrm_2024\":607970,\"total_modal_upt_2024\":469580}}"},"geometry":{"type":"Point","coordinates":[-94.412669,35.36946]}},{"type":"Feature","properties":{"stop_id":"Jenny Lind Rd @ S P St__35.367543_-94.412741","stop_code":"","stop_name":"Jenny Lind Rd @ S P St","stop_desc":"","zone_id":"","stop_url":"","location_type":"","parent_station":"","stop_timezone":"","wheelchair_boarding":"","feed_id":"Arkansas__City_of_Fort_Smith__mdb_ntd-60086","agency_name":"City of Fort Smith Transit","route_count":2,"route_ids":"Jenny Lind|Towson","route_short_names":"","route_types":"3","route_type_names":"Bus","routes_json":"[{\"route_id\":\"Jenny Lind\",\"route_short_name\":\"\",\"route_long_name\":\"Jenny Lind\",\"route_type\":\"3\",\"route_type_name\":\"Bus\",\"route_color\":\"8E00FF\",\"route_text_color\":\"FFFFFF\"},{\"route_id\":\"Towson\",\"route_short_name\":\"\",\"route_long_name\":\"Towson\",\"route_type\":\"3\",\"route_type_name\":\"Bus\",\"route_color\":\"70AD47\",\"route_text_color\":\"000000\"}]","metadata_feed_id":"Arkansas__City_of_Fort_Smith__mdb_ntd-60086","metadata_agency_names":"City of Fort Smith Transit","metadata_ntd_id":"60086","metadata_ntd_match_method":"manual_override","metadata_ntd_agency":"City of Fort Smith, dba: Fort Smith Transit","metadata_ntd_city":"Fort Smith","metadata_ntd_state":"AR","metadata_gtfs_route_count":7,"metadata_gtfs_trip_count":147,"metadata_gtfs_shape_count":15,"metadata_gtfs_stop_count":409,"metadata_ntd_agency_voms":10,"metadata_ntd_total_facilities":4,"metadata_ntd_maintenance_facilities":2,"metadata_ntd_passenger_stations":1,"metadata_tam_tier":"Tier II","metadata_service_area_sq_miles":65,"metadata_service_area_population":86209,"metadata_route_types_json":"{\"3\":7}","metadata_ntd_facilities_json":"{\"maintenance_facilities\":2,\"administrative_and_other_non_passenger_facilities\":1,\"passenger_stations_and_terminals\":1,\"parking_and_other_passenger_facilities\":0,\"total_facilities\":4,\"bus_transfer_centers\":1,\"elevated_fixed_guideway_stations\":0,\"at_grade_fixed_guideway_stations\":0,\"underground_fixed_guideway_stations\":0,\"simple_at_grade_platform_stations\":0,\"exclusive_grade_separated_platform_stations\":0,\"ferryboat_terminals\":0,\"surface_parking_lots\":0,\"parking_structures\":0}","metadata_tam_modes_json":"{\"DR\":{\"total_units_2024\":5,\"units_under_threshold_2024\":0,\"voms_2024\":3,\"total_modal_vrm_2024\":163578,\"total_modal_upt_2024\":19821},\"MB\":{\"total_units_2024\":22,\"units_under_threshold_2024\":0,\"voms_2024\":14,\"total_modal_vrm_2024\":607970,\"total_modal_upt_2024\":469580}}"},"geometry":{"type":"Point","coordinates":[-94.412741,35.367543]}},{"type":"Feature","properties":{"stop_id":"Jenny Lind Rd @ S Q St__35.366580_-94.412772","stop_code":"","stop_name":"Jenny Lind Rd @ S Q St","stop_desc":"","zone_id":"","stop_url":"","location_type":"","parent_station":"","stop_timezone":"","wheelchair_boarding":"","feed_id":"Arkansas__City_of_Fort_Smith__mdb_ntd-60086","agency_name":"City of Fort Smith Transit","route_count":1,"route_ids":"Towson","route_short_names":"","route_types":"3","route_type_names":"Bus","routes_json":"[{\"route_id\":\"Towson\",\"route_short_name\":\"\",\"route_long_name\":\"Towson\",\"route_type\":\"3\",\"route_type_name\":\"Bus\",\"route_color\":\"70AD47\",\"route_text_color\":\"000000\"}]","metadata_feed_id":"Arkansas__City_of_Fort_Smith__mdb_ntd-60086","metadata_agency_names":"City of Fort Smith Transit","metadata_ntd_id":"60086","metadata_ntd_match_method":"manual_override","metadata_ntd_agency":"City of Fort Smith, dba: Fort Smith Transit","metadata_ntd_city":"Fort Smith","metadata_ntd_state":"AR","metadata_gtfs_route_count":7,"metadata_gtfs_trip_count":147,"metadata_gtfs_shape_count":15,"metadata_gtfs_stop_count":409,"metadata_ntd_agency_voms":10,"metadata_ntd_total_facilities":4,"metadata_ntd_maintenance_facilities":2,"metadata_ntd_passenger_stations":1,"metadata_tam_tier":"Tier II","metadata_service_area_sq_miles":65,"metadata_service_area_population":86209,"metadata_route_types_json":"{\"3\":7}","metadata_ntd_facilities_json":"{\"maintenance_facilities\":2,\"administrative_and_other_non_passenger_facilities\":1,\"passenger_stations_and_terminals\":1,\"parking_and_other_passenger_facilities\":0,\"total_facilities\":4,\"bus_transfer_centers\":1,\"elevated_fixed_guideway_stations\":0,\"at_grade_fixed_guideway_stations\":0,\"underground_fixed_guideway_stations\":0,\"simple_at_grade_platform_stations\":0,\"exclusive_grade_separated_platform_stations\":0,\"ferryboat_terminals\":0,\"surface_parking_lots\":0,\"parking_structures\":0}","metadata_tam_modes_json":"{\"DR\":{\"total_units_2024\":5,\"units_under_threshold_2024\":0,\"voms_2024\":3,\"total_modal_vrm_2024\":163578,\"total_modal_upt_2024\":19821},\"MB\":{\"total_units_2024\":22,\"units_under_threshold_2024\":0,\"voms_2024\":14,\"total_modal_vrm_2024\":607970,\"total_modal_upt_2024\":469580}}"},"geometry":{"type":"Point","coordinates":[-94.412772,35.36658]}},{"type":"Feature","properties":{"stop_id":"Jenny Lind Rd @ S R St_Jenny Lind Rd @ S R St_35.365677_-94.412808","stop_code":"","stop_name":"Jenny Lind Rd @ S R St","stop_desc":"","zone_id":"","stop_url":"","location_type":"","parent_station":"","stop_timezone":"","wheelchair_boarding":"","feed_id":"Arkansas__City_of_Fort_Smith__mdb_ntd-60086","agency_name":"City of Fort Smith Transit","route_count":1,"route_ids":"Towson","route_short_names":"","route_types":"3","route_type_names":"Bus","routes_json":"[{\"route_id\":\"Towson\",\"route_short_name\":\"\",\"route_long_name\":\"Towson\",\"route_type\":\"3\",\"route_type_name\":\"Bus\",\"route_color\":\"70AD47\",\"route_text_color\":\"000000\"}]","metadata_feed_id":"Arkansas__City_of_Fort_Smith__mdb_ntd-60086","metadata_agency_names":"City of Fort Smith Transit","metadata_ntd_id":"60086","metadata_ntd_match_method":"manual_override","metadata_ntd_agency":"City of Fort Smith, dba: Fort Smith Transit","metadata_ntd_city":"Fort Smith","metadata_ntd_state":"AR","metadata_gtfs_route_count":7,"metadata_gtfs_trip_count":147,"metadata_gtfs_shape_count":15,"metadata_gtfs_stop_count":409,"metadata_ntd_agency_voms":10,"metadata_ntd_total_facilities":4,"metadata_ntd_maintenance_facilities":2,"metadata_ntd_passenger_stations":1,"metadata_tam_tier":"Tier II","metadata_service_area_sq_miles":65,"metadata_service_area_population":86209,"metadata_route_types_json":"{\"3\":7}","metadata_ntd_facilities_json":"{\"maintenance_facilities\":2,\"administrative_and_other_non_passenger_facilities\":1,\"passenger_stations_and_terminals\":1,\"parking_and_other_passenger_facilities\":0,\"total_facilities\":4,\"bus_transfer_centers\":1,\"elevated_fixed_guideway_stations\":0,\"at_grade_fixed_guideway_stations\":0,\"underground_fixed_guideway_stations\":0,\"simple_at_grade_platform_stations\":0,\"exclusive_grade_separated_platform_stations\":0,\"ferryboat_terminals\":0,\"surface_parking_lots\":0,\"parking_structures\":0}","metadata_tam_modes_json":"{\"DR\":{\"total_units_2024\":5,\"units_under_threshold_2024\":0,\"voms_2024\":3,\"total_modal_vrm_2024\":163578,\"total_modal_upt_2024\":19821},\"MB\":{\"total_units_2024\":22,\"units_under_threshold_2024\":0,\"voms_2024\":14,\"total_modal_vrm_2024\":607970,\"total_modal_upt_2024\":469580}}"},"geometry":{"type":"Point","coordinates":[-94.412808,35.365677]}},{"type":"Feature","properties":{"stop_id":"Jenny Lind Rd @ S S St__35.364681_-94.412840","stop_code":"","stop_name":"Jenny Lind Rd @ S S St","stop_desc":"","zone_id":"","stop_url":"","location_type":"","parent_station":"","stop_timezone":"","wheelchair_boarding":"","feed_id":"Arkansas__City_of_Fort_Smith__mdb_ntd-60086","agency_name":"City of Fort Smith Transit","route_count":1,"route_ids":"Jenny Lind","route_short_names":"","route_types":"3","route_type_names":"Bus","routes_json":"[{\"route_id\":\"Jenny Lind\",\"route_short_name\":\"\",\"route_long_name\":\"Jenny Lind\",\"route_type\":\"3\",\"route_type_name\":\"Bus\",\"route_color\":\"8E00FF\",\"route_text_color\":\"FFFFFF\"}]","metadata_feed_id":"Arkansas__City_of_Fort_Smith__mdb_ntd-60086","metadata_agency_names":"City of Fort Smith Transit","metadata_ntd_id":"60086","metadata_ntd_match_method":"manual_override","metadata_ntd_agency":"City of Fort Smith, dba: Fort Smith Transit","metadata_ntd_city":"Fort Smith","metadata_ntd_state":"AR","metadata_gtfs_route_count":7,"metadata_gtfs_trip_count":147,"metadata_gtfs_shape_count":15,"metadata_gtfs_stop_count":409,"metadata_ntd_agency_voms":10,"metadata_ntd_total_facilities":4,"metadata_ntd_maintenance_facilities":2,"metadata_ntd_passenger_stations":1,"metadata_tam_tier":"Tier II","metadata_service_area_sq_miles":65,"metadata_service_area_population":86209,"metadata_route_types_json":"{\"3\":7}","metadata_ntd_facilities_json":"{\"maintenance_facilities\":2,\"administrative_and_other_non_passenger_facilities\":1,\"passenger_stations_and_terminals\":1,\"parking_and_other_passenger_facilities\":0,\"total_facilities\":4,\"bus_transfer_centers\":1,\"elevated_fixed_guideway_stations\":0,\"at_grade_fixed_guideway_stations\":0,\"underground_fixed_guideway_stations\":0,\"simple_at_grade_platform_stations\":0,\"exclusive_grade_separated_platform_stations\":0,\"ferryboat_terminals\":0,\"surface_parking_lots\":0,\"parking_structures\":0}","metadata_tam_modes_json":"{\"DR\":{\"total_units_2024\":5,\"units_under_threshold_2024\":0,\"voms_2024\":3,\"total_modal_vrm_2024\":163578,\"total_modal_upt_2024\":19821},\"MB\":{\"total_units_2024\":22,\"units_under_threshold_2024\":0,\"voms_2024\":14,\"total_modal_vrm_2024\":607970,\"total_modal_upt_2024\":469580}}"},"geometry":{"type":"Point","coordinates":[-94.41284,35.364681]}},{"type":"Feature","properties":{"stop_id":"Jenny Lind Rd @ S X St__35.359848_-94.413002","stop_code":"","stop_name":"Jenny Lind Rd @ S X St","stop_desc":"","zone_id":"","stop_url":"","location_type":"","parent_station":"","stop_timezone":"","wheelchair_boarding":"","feed_id":"Arkansas__City_of_Fort_Smith__mdb_ntd-60086","agency_name":"City of Fort Smith Transit","route_count":1,"route_ids":"Towson","route_short_names":"","route_types":"3","route_type_names":"Bus","routes_json":"[{\"route_id\":\"Towson\",\"route_short_name\":\"\",\"route_long_name\":\"Towson\",\"route_type\":\"3\",\"route_type_name\":\"Bus\",\"route_color\":\"70AD47\",\"route_text_color\":\"000000\"}]","metadata_feed_id":"Arkansas__City_of_Fort_Smith__mdb_ntd-60086","metadata_agency_names":"City of Fort Smith Transit","metadata_ntd_id":"60086","metadata_ntd_match_method":"manual_override","metadata_ntd_agency":"City of Fort Smith, dba: Fort Smith Transit","metadata_ntd_city":"Fort Smith","metadata_ntd_state":"AR","metadata_gtfs_route_count":7,"metadata_gtfs_trip_count":147,"metadata_gtfs_shape_count":15,"metadata_gtfs_stop_count":409,"metadata_ntd_agency_voms":10,"metadata_ntd_total_facilities":4,"metadata_ntd_maintenance_facilities":2,"metadata_ntd_passenger_stations":1,"metadata_tam_tier":"Tier II","metadata_service_area_sq_miles":65,"metadata_service_area_population":86209,"metadata_route_types_json":"{\"3\":7}","metadata_ntd_facilities_json":"{\"maintenance_facilities\":2,\"administrative_and_other_non_passenger_facilities\":1,\"passenger_stations_and_terminals\":1,\"parking_and_other_passenger_facilities\":0,\"total_facilities\":4,\"bus_transfer_centers\":1,\"elevated_fixed_guideway_stations\":0,\"at_grade_fixed_guideway_stations\":0,\"underground_fixed_guideway_stations\":0,\"simple_at_grade_platform_stations\":0,\"exclusive_grade_separated_platform_stations\":0,\"ferryboat_terminals\":0,\"surface_parking_lots\":0,\"parking_structures\":0}","metadata_tam_modes_json":"{\"DR\":{\"total_units_2024\":5,\"units_under_threshold_2024\":0,\"voms_2024\":3,\"total_modal_vrm_2024\":163578,\"total_modal_upt_2024\":19821},\"MB\":{\"total_units_2024\":22,\"units_under_threshold_2024\":0,\"voms_2024\":14,\"total_modal_vrm_2024\":607970,\"total_modal_upt_2024\":469580}}"},"geometry":{"type":"Point","coordinates":[-94.413002,35.359848]}},{"type":"Feature","properties":{"stop_id":"Jenny Lind Rd @ S Z St__35.357931_-94.413060","stop_code":"","stop_name":"Jenny Lind Rd @ S Z St","stop_desc":"","zone_id":"","stop_url":"","location_type":"","parent_station":"","stop_timezone":"","wheelchair_boarding":"","feed_id":"Arkansas__City_of_Fort_Smith__mdb_ntd-60086","agency_name":"City of Fort Smith Transit","route_count":2,"route_ids":"Jenny Lind|Towson","route_short_names":"","route_types":"3","route_type_names":"Bus","routes_json":"[{\"route_id\":\"Jenny Lind\",\"route_short_name\":\"\",\"route_long_name\":\"Jenny Lind\",\"route_type\":\"3\",\"route_type_name\":\"Bus\",\"route_color\":\"8E00FF\",\"route_text_color\":\"FFFFFF\"},{\"route_id\":\"Towson\",\"route_short_name\":\"\",\"route_long_name\":\"Towson\",\"route_type\":\"3\",\"route_type_name\":\"Bus\",\"route_color\":\"70AD47\",\"route_text_color\":\"000000\"}]","metadata_feed_id":"Arkansas__City_of_Fort_Smith__mdb_ntd-60086","metadata_agency_names":"City of Fort Smith Transit","metadata_ntd_id":"60086","metadata_ntd_match_method":"manual_override","metadata_ntd_agency":"City of Fort Smith, dba: Fort Smith Transit","metadata_ntd_city":"Fort Smith","metadata_ntd_state":"AR","metadata_gtfs_route_count":7,"metadata_gtfs_trip_count":147,"metadata_gtfs_shape_count":15,"metadata_gtfs_stop_count":409,"metadata_ntd_agency_voms":10,"metadata_ntd_total_facilities":4,"metadata_ntd_maintenance_facilities":2,"metadata_ntd_passenger_stations":1,"metadata_tam_tier":"Tier II","metadata_service_area_sq_miles":65,"metadata_service_area_population":86209,"metadata_route_types_json":"{\"3\":7}","metadata_ntd_facilities_json":"{\"maintenance_facilities\":2,\"administrative_and_other_non_passenger_facilities\":1,\"passenger_stations_and_terminals\":1,\"parking_and_other_passenger_facilities\":0,\"total_facilities\":4,\"bus_transfer_centers\":1,\"elevated_fixed_guideway_stations\":0,\"at_grade_fixed_guideway_stations\":0,\"underground_fixed_guideway_stations\":0,\"simple_at_grade_platform_stations\":0,\"exclusive_grade_separated_platform_stations\":0,\"ferryboat_terminals\":0,\"surface_parking_lots\":0,\"parking_structures\":0}","metadata_tam_modes_json":"{\"DR\":{\"total_units_2024\":5,\"units_under_threshold_2024\":0,\"voms_2024\":3,\"total_modal_vrm_2024\":163578,\"total_modal_upt_2024\":19821},\"MB\":{\"total_units_2024\":22,\"units_under_threshold_2024\":0,\"voms_2024\":14,\"total_modal_vrm_2024\":607970,\"total_modal_upt_2024\":469580}}"},"geometry":{"type":"Point","coordinates":[-94.41306,35.357931]}},{"type":"Feature","properties":{"stop_id":"Jenny Lind Rd @ S Zero St__35.327934_-94.414131","stop_code":"","stop_name":"Jenny Lind Rd @ S Zero St","stop_desc":"","zone_id":"","stop_url":"","location_type":"","parent_station":"","stop_timezone":"","wheelchair_boarding":"","feed_id":"Arkansas__City_of_Fort_Smith__mdb_ntd-60086","agency_name":"City of Fort Smith Transit","route_count":1,"route_ids":"Towson","route_short_names":"","route_types":"3","route_type_names":"Bus","routes_json":"[{\"route_id\":\"Towson\",\"route_short_name\":\"\",\"route_long_name\":\"Towson\",\"route_type\":\"3\",\"route_type_name\":\"Bus\",\"route_color\":\"70AD47\",\"route_text_color\":\"000000\"}]","metadata_feed_id":"Arkansas__City_of_Fort_Smith__mdb_ntd-60086","metadata_agency_names":"City of Fort Smith Transit","metadata_ntd_id":"60086","metadata_ntd_match_method":"manual_override","metadata_ntd_agency":"City of Fort Smith, dba: Fort Smith Transit","metadata_ntd_city":"Fort Smith","metadata_ntd_state":"AR","metadata_gtfs_route_count":7,"metadata_gtfs_trip_count":147,"metadata_gtfs_shape_count":15,"metadata_gtfs_stop_count":409,"metadata_ntd_agency_voms":10,"metadata_ntd_total_facilities":4,"metadata_ntd_maintenance_facilities":2,"metadata_ntd_passenger_stations":1,"metadata_tam_tier":"Tier II","metadata_service_area_sq_miles":65,"metadata_service_area_population":86209,"metadata_route_types_json":"{\"3\":7}","metadata_ntd_facilities_json":"{\"maintenance_facilities\":2,\"administrative_and_other_non_passenger_facilities\":1,\"passenger_stations_and_terminals\":1,\"parking_and_other_passenger_facilities\":0,\"total_facilities\":4,\"bus_transfer_centers\":1,\"elevated_fixed_guideway_stations\":0,\"at_grade_fixed_guideway_stations\":0,\"underground_fixed_guideway_stations\":0,\"simple_at_grade_platform_stations\":0,\"exclusive_grade_separated_platform_stations\":0,\"ferryboat_terminals\":0,\"surface_parking_lots\":0,\"parking_structures\":0}","metadata_tam_modes_json":"{\"DR\":{\"total_units_2024\":5,\"units_under_threshold_2024\":0,\"voms_2024\":3,\"total_modal_vrm_2024\":163578,\"total_modal_upt_2024\":19821},\"MB\":{\"total_units_2024\":22,\"units_under_threshold_2024\":0,\"voms_2024\":14,\"total_modal_vrm_2024\":607970,\"total_modal_upt_2024\":469580}}"},"geometry":{"type":"Point","coordinates":[-94.414131,35.327934]}},{"type":"Feature","properties":{"stop_id":"Jenny Lind Rd @ Utica Pl__35.333604_-94.413947","stop_code":"","stop_name":"Jenny Lind Rd @ Utica Pl","stop_desc":"","zone_id":"","stop_url":"","location_type":"","parent_station":"","stop_timezone":"","wheelchair_boarding":"","feed_id":"Arkansas__City_of_Fort_Smith__mdb_ntd-60086","agency_name":"City of Fort Smith Transit","route_count":1,"route_ids":"Towson","route_short_names":"","route_types":"3","route_type_names":"Bus","routes_json":"[{\"route_id\":\"Towson\",\"route_short_name\":\"\",\"route_long_name\":\"Towson\",\"route_type\":\"3\",\"route_type_name\":\"Bus\",\"route_color\":\"70AD47\",\"route_text_color\":\"000000\"}]","metadata_feed_id":"Arkansas__City_of_Fort_Smith__mdb_ntd-60086","metadata_agency_names":"City of Fort Smith Transit","metadata_ntd_id":"60086","metadata_ntd_match_method":"manual_override","metadata_ntd_agency":"City of Fort Smith, dba: Fort Smith Transit","metadata_ntd_city":"Fort Smith","metadata_ntd_state":"AR","metadata_gtfs_route_count":7,"metadata_gtfs_trip_count":147,"metadata_gtfs_shape_count":15,"metadata_gtfs_stop_count":409,"metadata_ntd_agency_voms":10,"metadata_ntd_total_facilities":4,"metadata_ntd_maintenance_facilities":2,"metadata_ntd_passenger_stations":1,"metadata_tam_tier":"Tier II","metadata_service_area_sq_miles":65,"metadata_service_area_population":86209,"metadata_route_types_json":"{\"3\":7}","metadata_ntd_facilities_json":"{\"maintenance_facilities\":2,\"administrative_and_other_non_passenger_facilities\":1,\"passenger_stations_and_terminals\":1,\"parking_and_other_passenger_facilities\":0,\"total_facilities\":4,\"bus_transfer_centers\":1,\"elevated_fixed_guideway_stations\":0,\"at_grade_fixed_guideway_stations\":0,\"underground_fixed_guideway_stations\":0,\"simple_at_grade_platform_stations\":0,\"exclusive_grade_separated_platform_stations\":0,\"ferryboat_terminals\":0,\"surface_parking_lots\":0,\"parking_structures\":0}","metadata_tam_modes_json":"{\"DR\":{\"total_units_2024\":5,\"units_under_threshold_2024\":0,\"voms_2024\":3,\"total_modal_vrm_2024\":163578,\"total_modal_upt_2024\":19821},\"MB\":{\"total_units_2024\":22,\"units_under_threshold_2024\":0,\"voms_2024\":14,\"total_modal_vrm_2024\":607970,\"total_modal_upt_2024\":469580}}"},"geometry":{"type":"Point","coordinates":[-94.413947,35.333604]}},{"type":"Feature","properties":{"stop_id":"Jenny Lind Rd @ Water Treatment_Jenny Lind Rd @ Water Treatment_35.329660_-94.413980","stop_code":"","stop_name":"Jenny Lind Rd @ Water Treatment","stop_desc":"","zone_id":"","stop_url":"","location_type":"","parent_station":"","stop_timezone":"","wheelchair_boarding":"","feed_id":"Arkansas__City_of_Fort_Smith__mdb_ntd-60086","agency_name":"City of Fort Smith Transit","route_count":1,"route_ids":"Towson","route_short_names":"","route_types":"3","route_type_names":"Bus","routes_json":"[{\"route_id\":\"Towson\",\"route_short_name\":\"\",\"route_long_name\":\"Towson\",\"route_type\":\"3\",\"route_type_name\":\"Bus\",\"route_color\":\"70AD47\",\"route_text_color\":\"000000\"}]","metadata_feed_id":"Arkansas__City_of_Fort_Smith__mdb_ntd-60086","metadata_agency_names":"City of Fort Smith Transit","metadata_ntd_id":"60086","metadata_ntd_match_method":"manual_override","metadata_ntd_agency":"City of Fort Smith, dba: Fort Smith Transit","metadata_ntd_city":"Fort Smith","metadata_ntd_state":"AR","metadata_gtfs_route_count":7,"metadata_gtfs_trip_count":147,"metadata_gtfs_shape_count":15,"metadata_gtfs_stop_count":409,"metadata_ntd_agency_voms":10,"metadata_ntd_total_facilities":4,"metadata_ntd_maintenance_facilities":2,"metadata_ntd_passenger_stations":1,"metadata_tam_tier":"Tier II","metadata_service_area_sq_miles":65,"metadata_service_area_population":86209,"metadata_route_types_json":"{\"3\":7}","metadata_ntd_facilities_json":"{\"maintenance_facilities\":2,\"administrative_and_other_non_passenger_facilities\":1,\"passenger_stations_and_terminals\":1,\"parking_and_other_passenger_facilities\":0,\"total_facilities\":4,\"bus_transfer_centers\":1,\"elevated_fixed_guideway_stations\":0,\"at_grade_fixed_guideway_stations\":0,\"underground_fixed_guideway_stations\":0,\"simple_at_grade_platform_stations\":0,\"exclusive_grade_separated_platform_stations\":0,\"ferryboat_terminals\":0,\"surface_parking_lots\":0,\"parking_structures\":0}","metadata_tam_modes_json":"{\"DR\":{\"total_units_2024\":5,\"units_under_threshold_2024\":0,\"voms_2024\":3,\"total_modal_vrm_2024\":163578,\"total_modal_upt_2024\":19821},\"MB\":{\"total_units_2024\":22,\"units_under_threshold_2024\":0,\"voms_2024\":14,\"total_modal_vrm_2024\":607970,\"total_modal_upt_2024\":469580}}"},"geometry":{"type":"Point","coordinates":[-94.41398,35.32966]}},{"type":"Feature","properties":{"stop_id":"JJ'S__35.342184_-94.374361","stop_code":"","stop_name":"JJ'S","stop_desc":"","zone_id":"","stop_url":"","location_type":"","parent_station":"","stop_timezone":"","wheelchair_boarding":"","feed_id":"Arkansas__City_of_Fort_Smith__mdb_ntd-60086","agency_name":"City of Fort Smith Transit","route_count":1,"route_ids":"Towson","route_short_names":"","route_types":"3","route_type_names":"Bus","routes_json":"[{\"route_id\":\"Towson\",\"route_short_name\":\"\",\"route_long_name\":\"Towson\",\"route_type\":\"3\",\"route_type_name\":\"Bus\",\"route_color\":\"70AD47\",\"route_text_color\":\"000000\"}]","metadata_feed_id":"Arkansas__City_of_Fort_Smith__mdb_ntd-60086","metadata_agency_names":"City of Fort Smith Transit","metadata_ntd_id":"60086","metadata_ntd_match_method":"manual_override","metadata_ntd_agency":"City of Fort Smith, dba: Fort Smith Transit","metadata_ntd_city":"Fort Smith","metadata_ntd_state":"AR","metadata_gtfs_route_count":7,"metadata_gtfs_trip_count":147,"metadata_gtfs_shape_count":15,"metadata_gtfs_stop_count":409,"metadata_ntd_agency_voms":10,"metadata_ntd_total_facilities":4,"metadata_ntd_maintenance_facilities":2,"metadata_ntd_passenger_stations":1,"metadata_tam_tier":"Tier II","metadata_service_area_sq_miles":65,"metadata_service_area_population":86209,"metadata_route_types_json":"{\"3\":7}","metadata_ntd_facilities_json":"{\"maintenance_facilities\":2,\"administrative_and_other_non_passenger_facilities\":1,\"passenger_stations_and_terminals\":1,\"parking_and_other_passenger_facilities\":0,\"total_facilities\":4,\"bus_transfer_centers\":1,\"elevated_fixed_guideway_stations\":0,\"at_grade_fixed_guideway_stations\":0,\"underground_fixed_guideway_stations\":0,\"simple_at_grade_platform_stations\":0,\"exclusive_grade_separated_platform_stations\":0,\"ferryboat_terminals\":0,\"surface_parking_lots\":0,\"parking_structures\":0}","metadata_tam_modes_json":"{\"DR\":{\"total_units_2024\":5,\"units_under_threshold_2024\":0,\"voms_2024\":3,\"total_modal_vrm_2024\":163578,\"total_modal_upt_2024\":19821},\"MB\":{\"total_units_2024\":22,\"units_under_threshold_2024\":0,\"voms_2024\":14,\"total_modal_vrm_2024\":607970,\"total_modal_upt_2024\":469580}}"},"geometry":{"type":"Point","coordinates":[-94.374361,35.342184]}},{"type":"Feature","properties":{"stop_id":"Jody's Auto Service Center_Towson Ave @ Boston StJody's Auto Service Center_35.355582_-94.422069","stop_code":"","stop_name":"Jody's Auto Service Center","stop_desc":"","zone_id":"","stop_url":"","location_type":"","parent_station":"","stop_timezone":"","wheelchair_boarding":"","feed_id":"Arkansas__City_of_Fort_Smith__mdb_ntd-60086","agency_name":"City of Fort Smith Transit","route_count":2,"route_ids":"Jenny Lind|Towson","route_short_names":"","route_types":"3","route_type_names":"Bus","routes_json":"[{\"route_id\":\"Jenny Lind\",\"route_short_name\":\"\",\"route_long_name\":\"Jenny Lind\",\"route_type\":\"3\",\"route_type_name\":\"Bus\",\"route_color\":\"8E00FF\",\"route_text_color\":\"FFFFFF\"},{\"route_id\":\"Towson\",\"route_short_name\":\"\",\"route_long_name\":\"Towson\",\"route_type\":\"3\",\"route_type_name\":\"Bus\",\"route_color\":\"70AD47\",\"route_text_color\":\"000000\"}]","metadata_feed_id":"Arkansas__City_of_Fort_Smith__mdb_ntd-60086","metadata_agency_names":"City of Fort Smith Transit","metadata_ntd_id":"60086","metadata_ntd_match_method":"manual_override","metadata_ntd_agency":"City of Fort Smith, dba: Fort Smith Transit","metadata_ntd_city":"Fort Smith","metadata_ntd_state":"AR","metadata_gtfs_route_count":7,"metadata_gtfs_trip_count":147,"metadata_gtfs_shape_count":15,"metadata_gtfs_stop_count":409,"metadata_ntd_agency_voms":10,"metadata_ntd_total_facilities":4,"metadata_ntd_maintenance_facilities":2,"metadata_ntd_passenger_stations":1,"metadata_tam_tier":"Tier II","metadata_service_area_sq_miles":65,"metadata_service_area_population":86209,"metadata_route_types_json":"{\"3\":7}","metadata_ntd_facilities_json":"{\"maintenance_facilities\":2,\"administrative_and_other_non_passenger_facilities\":1,\"passenger_stations_and_terminals\":1,\"parking_and_other_passenger_facilities\":0,\"total_facilities\":4,\"bus_transfer_centers\":1,\"elevated_fixed_guideway_stations\":0,\"at_grade_fixed_guideway_stations\":0,\"underground_fixed_guideway_stations\":0,\"simple_at_grade_platform_stations\":0,\"exclusive_grade_separated_platform_stations\":0,\"ferryboat_terminals\":0,\"surface_parking_lots\":0,\"parking_structures\":0}","metadata_tam_modes_json":"{\"DR\":{\"total_units_2024\":5,\"units_under_threshold_2024\":0,\"voms_2024\":3,\"total_modal_vrm_2024\":163578,\"total_modal_upt_2024\":19821},\"MB\":{\"total_units_2024\":22,\"units_under_threshold_2024\":0,\"voms_2024\":14,\"total_modal_vrm_2024\":607970,\"total_modal_upt_2024\":469580}}"},"geometry":{"type":"Point","coordinates":[-94.422069,35.355582]}},{"type":"Feature","properties":{"stop_id":"Kelley Hwy @ N 32nd St_Kelley Hwy @ N 32nd St_35.404029_-94.395942","stop_code":"","stop_name":"Kelley Hwy @ N 32nd St","stop_desc":"","zone_id":"","stop_url":"","location_type":"","parent_station":"","stop_timezone":"","wheelchair_boarding":"","feed_id":"Arkansas__City_of_Fort_Smith__mdb_ntd-60086","agency_name":"City of Fort Smith Transit","route_count":1,"route_ids":"Midland","route_short_names":"","route_types":"3","route_type_names":"Bus","routes_json":"[{\"route_id\":\"Midland\",\"route_short_name\":\"\",\"route_long_name\":\"Midland\",\"route_type\":\"3\",\"route_type_name\":\"Bus\",\"route_color\":\"F51414\",\"route_text_color\":\"FFFFFF\"}]","metadata_feed_id":"Arkansas__City_of_Fort_Smith__mdb_ntd-60086","metadata_agency_names":"City of Fort Smith Transit","metadata_ntd_id":"60086","metadata_ntd_match_method":"manual_override","metadata_ntd_agency":"City of Fort Smith, dba: Fort Smith Transit","metadata_ntd_city":"Fort Smith","metadata_ntd_state":"AR","metadata_gtfs_route_count":7,"metadata_gtfs_trip_count":147,"metadata_gtfs_shape_count":15,"metadata_gtfs_stop_count":409,"metadata_ntd_agency_voms":10,"metadata_ntd_total_facilities":4,"metadata_ntd_maintenance_facilities":2,"metadata_ntd_passenger_stations":1,"metadata_tam_tier":"Tier II","metadata_service_area_sq_miles":65,"metadata_service_area_population":86209,"metadata_route_types_json":"{\"3\":7}","metadata_ntd_facilities_json":"{\"maintenance_facilities\":2,\"administrative_and_other_non_passenger_facilities\":1,\"passenger_stations_and_terminals\":1,\"parking_and_other_passenger_facilities\":0,\"total_facilities\":4,\"bus_transfer_centers\":1,\"elevated_fixed_guideway_stations\":0,\"at_grade_fixed_guideway_stations\":0,\"underground_fixed_guideway_stations\":0,\"simple_at_grade_platform_stations\":0,\"exclusive_grade_separated_platform_stations\":0,\"ferryboat_terminals\":0,\"surface_parking_lots\":0,\"parking_structures\":0}","metadata_tam_modes_json":"{\"DR\":{\"total_units_2024\":5,\"units_under_threshold_2024\":0,\"voms_2024\":3,\"total_modal_vrm_2024\":163578,\"total_modal_upt_2024\":19821},\"MB\":{\"total_units_2024\":22,\"units_under_threshold_2024\":0,\"voms_2024\":14,\"total_modal_vrm_2024\":607970,\"total_modal_upt_2024\":469580}}"},"geometry":{"type":"Point","coordinates":[-94.395942,35.404029]}},{"type":"Feature","properties":{"stop_id":"Kelley Hwy @ N 35th St_Kelley Hwy @ N 35th St_35.403957_-94.392261","stop_code":"","stop_name":"Kelley Hwy @ N 35th St","stop_desc":"","zone_id":"","stop_url":"","location_type":"","parent_station":"","stop_timezone":"","wheelchair_boarding":"","feed_id":"Arkansas__City_of_Fort_Smith__mdb_ntd-60086","agency_name":"City of Fort Smith Transit","route_count":1,"route_ids":"Midland","route_short_names":"","route_types":"3","route_type_names":"Bus","routes_json":"[{\"route_id\":\"Midland\",\"route_short_name\":\"\",\"route_long_name\":\"Midland\",\"route_type\":\"3\",\"route_type_name\":\"Bus\",\"route_color\":\"F51414\",\"route_text_color\":\"FFFFFF\"}]","metadata_feed_id":"Arkansas__City_of_Fort_Smith__mdb_ntd-60086","metadata_agency_names":"City of Fort Smith Transit","metadata_ntd_id":"60086","metadata_ntd_match_method":"manual_override","metadata_ntd_agency":"City of Fort Smith, dba: Fort Smith Transit","metadata_ntd_city":"Fort Smith","metadata_ntd_state":"AR","metadata_gtfs_route_count":7,"metadata_gtfs_trip_count":147,"metadata_gtfs_shape_count":15,"metadata_gtfs_stop_count":409,"metadata_ntd_agency_voms":10,"metadata_ntd_total_facilities":4,"metadata_ntd_maintenance_facilities":2,"metadata_ntd_passenger_stations":1,"metadata_tam_tier":"Tier II","metadata_service_area_sq_miles":65,"metadata_service_area_population":86209,"metadata_route_types_json":"{\"3\":7}","metadata_ntd_facilities_json":"{\"maintenance_facilities\":2,\"administrative_and_other_non_passenger_facilities\":1,\"passenger_stations_and_terminals\":1,\"parking_and_other_passenger_facilities\":0,\"total_facilities\":4,\"bus_transfer_centers\":1,\"elevated_fixed_guideway_stations\":0,\"at_grade_fixed_guideway_stations\":0,\"underground_fixed_guideway_stations\":0,\"simple_at_grade_platform_stations\":0,\"exclusive_grade_separated_platform_stations\":0,\"ferryboat_terminals\":0,\"surface_parking_lots\":0,\"parking_structures\":0}","metadata_tam_modes_json":"{\"DR\":{\"total_units_2024\":5,\"units_under_threshold_2024\":0,\"voms_2024\":3,\"total_modal_vrm_2024\":163578,\"total_modal_upt_2024\":19821},\"MB\":{\"total_units_2024\":22,\"units_under_threshold_2024\":0,\"voms_2024\":14,\"total_modal_vrm_2024\":607970,\"total_modal_upt_2024\":469580}}"},"geometry":{"type":"Point","coordinates":[-94.392261,35.403957]}},{"type":"Feature","properties":{"stop_id":"Kelley Hwy @ N 36th St_Kelley Hwy @ N 36th St_35.403930_-94.391042","stop_code":"","stop_name":"Kelley Hwy @ N 36th St","stop_desc":"","zone_id":"","stop_url":"","location_type":"","parent_station":"","stop_timezone":"","wheelchair_boarding":"","feed_id":"Arkansas__City_of_Fort_Smith__mdb_ntd-60086","agency_name":"City of Fort Smith Transit","route_count":1,"route_ids":"Midland","route_short_names":"","route_types":"3","route_type_names":"Bus","routes_json":"[{\"route_id\":\"Midland\",\"route_short_name\":\"\",\"route_long_name\":\"Midland\",\"route_type\":\"3\",\"route_type_name\":\"Bus\",\"route_color\":\"F51414\",\"route_text_color\":\"FFFFFF\"}]","metadata_feed_id":"Arkansas__City_of_Fort_Smith__mdb_ntd-60086","metadata_agency_names":"City of Fort Smith Transit","metadata_ntd_id":"60086","metadata_ntd_match_method":"manual_override","metadata_ntd_agency":"City of Fort Smith, dba: Fort Smith Transit","metadata_ntd_city":"Fort Smith","metadata_ntd_state":"AR","metadata_gtfs_route_count":7,"metadata_gtfs_trip_count":147,"metadata_gtfs_shape_count":15,"metadata_gtfs_stop_count":409,"metadata_ntd_agency_voms":10,"metadata_ntd_total_facilities":4,"metadata_ntd_maintenance_facilities":2,"metadata_ntd_passenger_stations":1,"metadata_tam_tier":"Tier II","metadata_service_area_sq_miles":65,"metadata_service_area_population":86209,"metadata_route_types_json":"{\"3\":7}","metadata_ntd_facilities_json":"{\"maintenance_facilities\":2,\"administrative_and_other_non_passenger_facilities\":1,\"passenger_stations_and_terminals\":1,\"parking_and_other_passenger_facilities\":0,\"total_facilities\":4,\"bus_transfer_centers\":1,\"elevated_fixed_guideway_stations\":0,\"at_grade_fixed_guideway_stations\":0,\"underground_fixed_guideway_stations\":0,\"simple_at_grade_platform_stations\":0,\"exclusive_grade_separated_platform_stations\":0,\"ferryboat_terminals\":0,\"surface_parking_lots\":0,\"parking_structures\":0}","metadata_tam_modes_json":"{\"DR\":{\"total_units_2024\":5,\"units_under_threshold_2024\":0,\"voms_2024\":3,\"total_modal_vrm_2024\":163578,\"total_modal_upt_2024\":19821},\"MB\":{\"total_units_2024\":22,\"units_under_threshold_2024\":0,\"voms_2024\":14,\"total_modal_vrm_2024\":607970,\"total_modal_upt_2024\":469580}}"},"geometry":{"type":"Point","coordinates":[-94.391042,35.40393]}},{"type":"Feature","properties":{"stop_id":"Kelley Hwy @ N 38th St_Kelley Hwy @ N 38th St_35.403912_-94.389318","stop_code":"","stop_name":"Kelley Hwy @ N 38th St","stop_desc":"","zone_id":"","stop_url":"","location_type":"","parent_station":"","stop_timezone":"","wheelchair_boarding":"","feed_id":"Arkansas__City_of_Fort_Smith__mdb_ntd-60086","agency_name":"City of Fort Smith Transit","route_count":1,"route_ids":"Midland","route_short_names":"","route_types":"3","route_type_names":"Bus","routes_json":"[{\"route_id\":\"Midland\",\"route_short_name\":\"\",\"route_long_name\":\"Midland\",\"route_type\":\"3\",\"route_type_name\":\"Bus\",\"route_color\":\"F51414\",\"route_text_color\":\"FFFFFF\"}]","metadata_feed_id":"Arkansas__City_of_Fort_Smith__mdb_ntd-60086","metadata_agency_names":"City of Fort Smith Transit","metadata_ntd_id":"60086","metadata_ntd_match_method":"manual_override","metadata_ntd_agency":"City of Fort Smith, dba: Fort Smith Transit","metadata_ntd_city":"Fort Smith","metadata_ntd_state":"AR","metadata_gtfs_route_count":7,"metadata_gtfs_trip_count":147,"metadata_gtfs_shape_count":15,"metadata_gtfs_stop_count":409,"metadata_ntd_agency_voms":10,"metadata_ntd_total_facilities":4,"metadata_ntd_maintenance_facilities":2,"metadata_ntd_passenger_stations":1,"metadata_tam_tier":"Tier II","metadata_service_area_sq_miles":65,"metadata_service_area_population":86209,"metadata_route_types_json":"{\"3\":7}","metadata_ntd_facilities_json":"{\"maintenance_facilities\":2,\"administrative_and_other_non_passenger_facilities\":1,\"passenger_stations_and_terminals\":1,\"parking_and_other_passenger_facilities\":0,\"total_facilities\":4,\"bus_transfer_centers\":1,\"elevated_fixed_guideway_stations\":0,\"at_grade_fixed_guideway_stations\":0,\"underground_fixed_guideway_stations\":0,\"simple_at_grade_platform_stations\":0,\"exclusive_grade_separated_platform_stations\":0,\"ferryboat_terminals\":0,\"surface_parking_lots\":0,\"parking_structures\":0}","metadata_tam_modes_json":"{\"DR\":{\"total_units_2024\":5,\"units_under_threshold_2024\":0,\"voms_2024\":3,\"total_modal_vrm_2024\":163578,\"total_modal_upt_2024\":19821},\"MB\":{\"total_units_2024\":22,\"units_under_threshold_2024\":0,\"voms_2024\":14,\"total_modal_vrm_2024\":607970,\"total_modal_upt_2024\":469580}}"},"geometry":{"type":"Point","coordinates":[-94.389318,35.403912]}},{"type":"Feature","properties":{"stop_id":"Kelley Hwy @ N 40th St_Kelley Hwy @ N 40th St_35.403849_-94.387122","stop_code":"","stop_name":"Kelley Hwy @ N 40th St","stop_desc":"","zone_id":"","stop_url":"","location_type":"","parent_station":"","stop_timezone":"","wheelchair_boarding":"","feed_id":"Arkansas__City_of_Fort_Smith__mdb_ntd-60086","agency_name":"City of Fort Smith Transit","route_count":1,"route_ids":"Midland","route_short_names":"","route_types":"3","route_type_names":"Bus","routes_json":"[{\"route_id\":\"Midland\",\"route_short_name\":\"\",\"route_long_name\":\"Midland\",\"route_type\":\"3\",\"route_type_name\":\"Bus\",\"route_color\":\"F51414\",\"route_text_color\":\"FFFFFF\"}]","metadata_feed_id":"Arkansas__City_of_Fort_Smith__mdb_ntd-60086","metadata_agency_names":"City of Fort Smith Transit","metadata_ntd_id":"60086","metadata_ntd_match_method":"manual_override","metadata_ntd_agency":"City of Fort Smith, dba: Fort Smith Transit","metadata_ntd_city":"Fort Smith","metadata_ntd_state":"AR","metadata_gtfs_route_count":7,"metadata_gtfs_trip_count":147,"metadata_gtfs_shape_count":15,"metadata_gtfs_stop_count":409,"metadata_ntd_agency_voms":10,"metadata_ntd_total_facilities":4,"metadata_ntd_maintenance_facilities":2,"metadata_ntd_passenger_stations":1,"metadata_tam_tier":"Tier II","metadata_service_area_sq_miles":65,"metadata_service_area_population":86209,"metadata_route_types_json":"{\"3\":7}","metadata_ntd_facilities_json":"{\"maintenance_facilities\":2,\"administrative_and_other_non_passenger_facilities\":1,\"passenger_stations_and_terminals\":1,\"parking_and_other_passenger_facilities\":0,\"total_facilities\":4,\"bus_transfer_centers\":1,\"elevated_fixed_guideway_stations\":0,\"at_grade_fixed_guideway_stations\":0,\"underground_fixed_guideway_stations\":0,\"simple_at_grade_platform_stations\":0,\"exclusive_grade_separated_platform_stations\":0,\"ferryboat_terminals\":0,\"surface_parking_lots\":0,\"parking_structures\":0}","metadata_tam_modes_json":"{\"DR\":{\"total_units_2024\":5,\"units_under_threshold_2024\":0,\"voms_2024\":3,\"total_modal_vrm_2024\":163578,\"total_modal_upt_2024\":19821},\"MB\":{\"total_units_2024\":22,\"units_under_threshold_2024\":0,\"voms_2024\":14,\"total_modal_vrm_2024\":607970,\"total_modal_upt_2024\":469580}}"},"geometry":{"type":"Point","coordinates":[-94.387122,35.403849]}},{"type":"Feature","properties":{"stop_id":"Kelley Hwy @ N 47th Ter_Kelley Hwy @ N 47th Ter_35.403732_-94.379189","stop_code":"","stop_name":"Kelley Hwy @ N 47th Ter","stop_desc":"","zone_id":"","stop_url":"","location_type":"","parent_station":"","stop_timezone":"","wheelchair_boarding":"","feed_id":"Arkansas__City_of_Fort_Smith__mdb_ntd-60086","agency_name":"City of Fort Smith Transit","route_count":1,"route_ids":"Midland","route_short_names":"","route_types":"3","route_type_names":"Bus","routes_json":"[{\"route_id\":\"Midland\",\"route_short_name\":\"\",\"route_long_name\":\"Midland\",\"route_type\":\"3\",\"route_type_name\":\"Bus\",\"route_color\":\"F51414\",\"route_text_color\":\"FFFFFF\"}]","metadata_feed_id":"Arkansas__City_of_Fort_Smith__mdb_ntd-60086","metadata_agency_names":"City of Fort Smith Transit","metadata_ntd_id":"60086","metadata_ntd_match_method":"manual_override","metadata_ntd_agency":"City of Fort Smith, dba: Fort Smith Transit","metadata_ntd_city":"Fort Smith","metadata_ntd_state":"AR","metadata_gtfs_route_count":7,"metadata_gtfs_trip_count":147,"metadata_gtfs_shape_count":15,"metadata_gtfs_stop_count":409,"metadata_ntd_agency_voms":10,"metadata_ntd_total_facilities":4,"metadata_ntd_maintenance_facilities":2,"metadata_ntd_passenger_stations":1,"metadata_tam_tier":"Tier II","metadata_service_area_sq_miles":65,"metadata_service_area_population":86209,"metadata_route_types_json":"{\"3\":7}","metadata_ntd_facilities_json":"{\"maintenance_facilities\":2,\"administrative_and_other_non_passenger_facilities\":1,\"passenger_stations_and_terminals\":1,\"parking_and_other_passenger_facilities\":0,\"total_facilities\":4,\"bus_transfer_centers\":1,\"elevated_fixed_guideway_stations\":0,\"at_grade_fixed_guideway_stations\":0,\"underground_fixed_guideway_stations\":0,\"simple_at_grade_platform_stations\":0,\"exclusive_grade_separated_platform_stations\":0,\"ferryboat_terminals\":0,\"surface_parking_lots\":0,\"parking_structures\":0}","metadata_tam_modes_json":"{\"DR\":{\"total_units_2024\":5,\"units_under_threshold_2024\":0,\"voms_2024\":3,\"total_modal_vrm_2024\":163578,\"total_modal_upt_2024\":19821},\"MB\":{\"total_units_2024\":22,\"units_under_threshold_2024\":0,\"voms_2024\":14,\"total_modal_vrm_2024\":607970,\"total_modal_upt_2024\":469580}}"},"geometry":{"type":"Point","coordinates":[-94.379189,35.403732]}},{"type":"Feature","properties":{"stop_id":"Kelley Hwy @ N 50th St_Kelley Hwy @ N 50th St_35.403678_-94.376070","stop_code":"","stop_name":"Kelley Hwy @ N 50th St","stop_desc":"","zone_id":"","stop_url":"","location_type":"","parent_station":"","stop_timezone":"","wheelchair_boarding":"","feed_id":"Arkansas__City_of_Fort_Smith__mdb_ntd-60086","agency_name":"City of Fort Smith Transit","route_count":1,"route_ids":"Midland","route_short_names":"","route_types":"3","route_type_names":"Bus","routes_json":"[{\"route_id\":\"Midland\",\"route_short_name\":\"\",\"route_long_name\":\"Midland\",\"route_type\":\"3\",\"route_type_name\":\"Bus\",\"route_color\":\"F51414\",\"route_text_color\":\"FFFFFF\"}]","metadata_feed_id":"Arkansas__City_of_Fort_Smith__mdb_ntd-60086","metadata_agency_names":"City of Fort Smith Transit","metadata_ntd_id":"60086","metadata_ntd_match_method":"manual_override","metadata_ntd_agency":"City of Fort Smith, dba: Fort Smith Transit","metadata_ntd_city":"Fort Smith","metadata_ntd_state":"AR","metadata_gtfs_route_count":7,"metadata_gtfs_trip_count":147,"metadata_gtfs_shape_count":15,"metadata_gtfs_stop_count":409,"metadata_ntd_agency_voms":10,"metadata_ntd_total_facilities":4,"metadata_ntd_maintenance_facilities":2,"metadata_ntd_passenger_stations":1,"metadata_tam_tier":"Tier II","metadata_service_area_sq_miles":65,"metadata_service_area_population":86209,"metadata_route_types_json":"{\"3\":7}","metadata_ntd_facilities_json":"{\"maintenance_facilities\":2,\"administrative_and_other_non_passenger_facilities\":1,\"passenger_stations_and_terminals\":1,\"parking_and_other_passenger_facilities\":0,\"total_facilities\":4,\"bus_transfer_centers\":1,\"elevated_fixed_guideway_stations\":0,\"at_grade_fixed_guideway_stations\":0,\"underground_fixed_guideway_stations\":0,\"simple_at_grade_platform_stations\":0,\"exclusive_grade_separated_platform_stations\":0,\"ferryboat_terminals\":0,\"surface_parking_lots\":0,\"parking_structures\":0}","metadata_tam_modes_json":"{\"DR\":{\"total_units_2024\":5,\"units_under_threshold_2024\":0,\"voms_2024\":3,\"total_modal_vrm_2024\":163578,\"total_modal_upt_2024\":19821},\"MB\":{\"total_units_2024\":22,\"units_under_threshold_2024\":0,\"voms_2024\":14,\"total_modal_vrm_2024\":607970,\"total_modal_upt_2024\":469580}}"},"geometry":{"type":"Point","coordinates":[-94.37607,35.403678]}},{"type":"Feature","properties":{"stop_id":"Kelley Hwy @ N 52nd St_Kelley Hwy @ N 52nd St_35.403660_-94.373784","stop_code":"","stop_name":"Kelley Hwy @ N 52nd St","stop_desc":"","zone_id":"","stop_url":"","location_type":"","parent_station":"","stop_timezone":"","wheelchair_boarding":"","feed_id":"Arkansas__City_of_Fort_Smith__mdb_ntd-60086","agency_name":"City of Fort Smith Transit","route_count":1,"route_ids":"Midland","route_short_names":"","route_types":"3","route_type_names":"Bus","routes_json":"[{\"route_id\":\"Midland\",\"route_short_name\":\"\",\"route_long_name\":\"Midland\",\"route_type\":\"3\",\"route_type_name\":\"Bus\",\"route_color\":\"F51414\",\"route_text_color\":\"FFFFFF\"}]","metadata_feed_id":"Arkansas__City_of_Fort_Smith__mdb_ntd-60086","metadata_agency_names":"City of Fort Smith Transit","metadata_ntd_id":"60086","metadata_ntd_match_method":"manual_override","metadata_ntd_agency":"City of Fort Smith, dba: Fort Smith Transit","metadata_ntd_city":"Fort Smith","metadata_ntd_state":"AR","metadata_gtfs_route_count":7,"metadata_gtfs_trip_count":147,"metadata_gtfs_shape_count":15,"metadata_gtfs_stop_count":409,"metadata_ntd_agency_voms":10,"metadata_ntd_total_facilities":4,"metadata_ntd_maintenance_facilities":2,"metadata_ntd_passenger_stations":1,"metadata_tam_tier":"Tier II","metadata_service_area_sq_miles":65,"metadata_service_area_population":86209,"metadata_route_types_json":"{\"3\":7}","metadata_ntd_facilities_json":"{\"maintenance_facilities\":2,\"administrative_and_other_non_passenger_facilities\":1,\"passenger_stations_and_terminals\":1,\"parking_and_other_passenger_facilities\":0,\"total_facilities\":4,\"bus_transfer_centers\":1,\"elevated_fixed_guideway_stations\":0,\"at_grade_fixed_guideway_stations\":0,\"underground_fixed_guideway_stations\":0,\"simple_at_grade_platform_stations\":0,\"exclusive_grade_separated_platform_stations\":0,\"ferryboat_terminals\":0,\"surface_parking_lots\":0,\"parking_structures\":0}","metadata_tam_modes_json":"{\"DR\":{\"total_units_2024\":5,\"units_under_threshold_2024\":0,\"voms_2024\":3,\"total_modal_vrm_2024\":163578,\"total_modal_upt_2024\":19821},\"MB\":{\"total_units_2024\":22,\"units_under_threshold_2024\":0,\"voms_2024\":14,\"total_modal_vrm_2024\":607970,\"total_modal_upt_2024\":469580}}"},"geometry":{"type":"Point","coordinates":[-94.373784,35.40366]}},{"type":"Feature","properties":{"stop_id":"Kelley Hwy @ N 54th St_Kelley Hwy @ N 54th St_35.403633_-94.371579","stop_code":"","stop_name":"Kelley Hwy @ N 54th St","stop_desc":"","zone_id":"","stop_url":"","location_type":"","parent_station":"","stop_timezone":"","wheelchair_boarding":"","feed_id":"Arkansas__City_of_Fort_Smith__mdb_ntd-60086","agency_name":"City of Fort Smith Transit","route_count":1,"route_ids":"Midland","route_short_names":"","route_types":"3","route_type_names":"Bus","routes_json":"[{\"route_id\":\"Midland\",\"route_short_name\":\"\",\"route_long_name\":\"Midland\",\"route_type\":\"3\",\"route_type_name\":\"Bus\",\"route_color\":\"F51414\",\"route_text_color\":\"FFFFFF\"}]","metadata_feed_id":"Arkansas__City_of_Fort_Smith__mdb_ntd-60086","metadata_agency_names":"City of Fort Smith Transit","metadata_ntd_id":"60086","metadata_ntd_match_method":"manual_override","metadata_ntd_agency":"City of Fort Smith, dba: Fort Smith Transit","metadata_ntd_city":"Fort Smith","metadata_ntd_state":"AR","metadata_gtfs_route_count":7,"metadata_gtfs_trip_count":147,"metadata_gtfs_shape_count":15,"metadata_gtfs_stop_count":409,"metadata_ntd_agency_voms":10,"metadata_ntd_total_facilities":4,"metadata_ntd_maintenance_facilities":2,"metadata_ntd_passenger_stations":1,"metadata_tam_tier":"Tier II","metadata_service_area_sq_miles":65,"metadata_service_area_population":86209,"metadata_route_types_json":"{\"3\":7}","metadata_ntd_facilities_json":"{\"maintenance_facilities\":2,\"administrative_and_other_non_passenger_facilities\":1,\"passenger_stations_and_terminals\":1,\"parking_and_other_passenger_facilities\":0,\"total_facilities\":4,\"bus_transfer_centers\":1,\"elevated_fixed_guideway_stations\":0,\"at_grade_fixed_guideway_stations\":0,\"underground_fixed_guideway_stations\":0,\"simple_at_grade_platform_stations\":0,\"exclusive_grade_separated_platform_stations\":0,\"ferryboat_terminals\":0,\"surface_parking_lots\":0,\"parking_structures\":0}","metadata_tam_modes_json":"{\"DR\":{\"total_units_2024\":5,\"units_under_threshold_2024\":0,\"voms_2024\":3,\"total_modal_vrm_2024\":163578,\"total_modal_upt_2024\":19821},\"MB\":{\"total_units_2024\":22,\"units_under_threshold_2024\":0,\"voms_2024\":14,\"total_modal_vrm_2024\":607970,\"total_modal_upt_2024\":469580}}"},"geometry":{"type":"Point","coordinates":[-94.371579,35.403633]}},{"type":"Feature","properties":{"stop_id":"Kelley Hwy @ N 55th Ln_Kelley Hwy @ N 55th Ln_35.403617_-94.371125","stop_code":"","stop_name":"Kelley Hwy @ N 55th Ln","stop_desc":"","zone_id":"","stop_url":"","location_type":"","parent_station":"","stop_timezone":"","wheelchair_boarding":"","feed_id":"Arkansas__City_of_Fort_Smith__mdb_ntd-60086","agency_name":"City of Fort Smith Transit","route_count":1,"route_ids":"Midland","route_short_names":"","route_types":"3","route_type_names":"Bus","routes_json":"[{\"route_id\":\"Midland\",\"route_short_name\":\"\",\"route_long_name\":\"Midland\",\"route_type\":\"3\",\"route_type_name\":\"Bus\",\"route_color\":\"F51414\",\"route_text_color\":\"FFFFFF\"}]","metadata_feed_id":"Arkansas__City_of_Fort_Smith__mdb_ntd-60086","metadata_agency_names":"City of Fort Smith Transit","metadata_ntd_id":"60086","metadata_ntd_match_method":"manual_override","metadata_ntd_agency":"City of Fort Smith, dba: Fort Smith Transit","metadata_ntd_city":"Fort Smith","metadata_ntd_state":"AR","metadata_gtfs_route_count":7,"metadata_gtfs_trip_count":147,"metadata_gtfs_shape_count":15,"metadata_gtfs_stop_count":409,"metadata_ntd_agency_voms":10,"metadata_ntd_total_facilities":4,"metadata_ntd_maintenance_facilities":2,"metadata_ntd_passenger_stations":1,"metadata_tam_tier":"Tier II","metadata_service_area_sq_miles":65,"metadata_service_area_population":86209,"metadata_route_types_json":"{\"3\":7}","metadata_ntd_facilities_json":"{\"maintenance_facilities\":2,\"administrative_and_other_non_passenger_facilities\":1,\"passenger_stations_and_terminals\":1,\"parking_and_other_passenger_facilities\":0,\"total_facilities\":4,\"bus_transfer_centers\":1,\"elevated_fixed_guideway_stations\":0,\"at_grade_fixed_guideway_stations\":0,\"underground_fixed_guideway_stations\":0,\"simple_at_grade_platform_stations\":0,\"exclusive_grade_separated_platform_stations\":0,\"ferryboat_terminals\":0,\"surface_parking_lots\":0,\"parking_structures\":0}","metadata_tam_modes_json":"{\"DR\":{\"total_units_2024\":5,\"units_under_threshold_2024\":0,\"voms_2024\":3,\"total_modal_vrm_2024\":163578,\"total_modal_upt_2024\":19821},\"MB\":{\"total_units_2024\":22,\"units_under_threshold_2024\":0,\"voms_2024\":14,\"total_modal_vrm_2024\":607970,\"total_modal_upt_2024\":469580}}"},"geometry":{"type":"Point","coordinates":[-94.371125,35.403617]}},{"type":"Feature","properties":{"stop_id":"Kelley Hwy @ N 57th Ln_Kelley Hwy @ N 57th Ln_35.403579_-94.369109","stop_code":"","stop_name":"Kelley Hwy @ N 57th Ln","stop_desc":"","zone_id":"","stop_url":"","location_type":"","parent_station":"","stop_timezone":"","wheelchair_boarding":"","feed_id":"Arkansas__City_of_Fort_Smith__mdb_ntd-60086","agency_name":"City of Fort Smith Transit","route_count":1,"route_ids":"Midland","route_short_names":"","route_types":"3","route_type_names":"Bus","routes_json":"[{\"route_id\":\"Midland\",\"route_short_name\":\"\",\"route_long_name\":\"Midland\",\"route_type\":\"3\",\"route_type_name\":\"Bus\",\"route_color\":\"F51414\",\"route_text_color\":\"FFFFFF\"}]","metadata_feed_id":"Arkansas__City_of_Fort_Smith__mdb_ntd-60086","metadata_agency_names":"City of Fort Smith Transit","metadata_ntd_id":"60086","metadata_ntd_match_method":"manual_override","metadata_ntd_agency":"City of Fort Smith, dba: Fort Smith Transit","metadata_ntd_city":"Fort Smith","metadata_ntd_state":"AR","metadata_gtfs_route_count":7,"metadata_gtfs_trip_count":147,"metadata_gtfs_shape_count":15,"metadata_gtfs_stop_count":409,"metadata_ntd_agency_voms":10,"metadata_ntd_total_facilities":4,"metadata_ntd_maintenance_facilities":2,"metadata_ntd_passenger_stations":1,"metadata_tam_tier":"Tier II","metadata_service_area_sq_miles":65,"metadata_service_area_population":86209,"metadata_route_types_json":"{\"3\":7}","metadata_ntd_facilities_json":"{\"maintenance_facilities\":2,\"administrative_and_other_non_passenger_facilities\":1,\"passenger_stations_and_terminals\":1,\"parking_and_other_passenger_facilities\":0,\"total_facilities\":4,\"bus_transfer_centers\":1,\"elevated_fixed_guideway_stations\":0,\"at_grade_fixed_guideway_stations\":0,\"underground_fixed_guideway_stations\":0,\"simple_at_grade_platform_stations\":0,\"exclusive_grade_separated_platform_stations\":0,\"ferryboat_terminals\":0,\"surface_parking_lots\":0,\"parking_structures\":0}","metadata_tam_modes_json":"{\"DR\":{\"total_units_2024\":5,\"units_under_threshold_2024\":0,\"voms_2024\":3,\"total_modal_vrm_2024\":163578,\"total_modal_upt_2024\":19821},\"MB\":{\"total_units_2024\":22,\"units_under_threshold_2024\":0,\"voms_2024\":14,\"total_modal_vrm_2024\":607970,\"total_modal_upt_2024\":469580}}"},"geometry":{"type":"Point","coordinates":[-94.369109,35.403579]}},{"type":"Feature","properties":{"stop_id":"Kelley Hwy @ N Albert Pike Ave_Kelley Hwy @ N Albert Pike Ave_35.403831_-94.384931","stop_code":"","stop_name":"Kelley Hwy @ N Albert Pike Ave","stop_desc":"","zone_id":"","stop_url":"","location_type":"","parent_station":"","stop_timezone":"","wheelchair_boarding":"","feed_id":"Arkansas__City_of_Fort_Smith__mdb_ntd-60086","agency_name":"City of Fort Smith Transit","route_count":1,"route_ids":"Midland","route_short_names":"","route_types":"3","route_type_names":"Bus","routes_json":"[{\"route_id\":\"Midland\",\"route_short_name\":\"\",\"route_long_name\":\"Midland\",\"route_type\":\"3\",\"route_type_name\":\"Bus\",\"route_color\":\"F51414\",\"route_text_color\":\"FFFFFF\"}]","metadata_feed_id":"Arkansas__City_of_Fort_Smith__mdb_ntd-60086","metadata_agency_names":"City of Fort Smith Transit","metadata_ntd_id":"60086","metadata_ntd_match_method":"manual_override","metadata_ntd_agency":"City of Fort Smith, dba: Fort Smith Transit","metadata_ntd_city":"Fort Smith","metadata_ntd_state":"AR","metadata_gtfs_route_count":7,"metadata_gtfs_trip_count":147,"metadata_gtfs_shape_count":15,"metadata_gtfs_stop_count":409,"metadata_ntd_agency_voms":10,"metadata_ntd_total_facilities":4,"metadata_ntd_maintenance_facilities":2,"metadata_ntd_passenger_stations":1,"metadata_tam_tier":"Tier II","metadata_service_area_sq_miles":65,"metadata_service_area_population":86209,"metadata_route_types_json":"{\"3\":7}","metadata_ntd_facilities_json":"{\"maintenance_facilities\":2,\"administrative_and_other_non_passenger_facilities\":1,\"passenger_stations_and_terminals\":1,\"parking_and_other_passenger_facilities\":0,\"total_facilities\":4,\"bus_transfer_centers\":1,\"elevated_fixed_guideway_stations\":0,\"at_grade_fixed_guideway_stations\":0,\"underground_fixed_guideway_stations\":0,\"simple_at_grade_platform_stations\":0,\"exclusive_grade_separated_platform_stations\":0,\"ferryboat_terminals\":0,\"surface_parking_lots\":0,\"parking_structures\":0}","metadata_tam_modes_json":"{\"DR\":{\"total_units_2024\":5,\"units_under_threshold_2024\":0,\"voms_2024\":3,\"total_modal_vrm_2024\":163578,\"total_modal_upt_2024\":19821},\"MB\":{\"total_units_2024\":22,\"units_under_threshold_2024\":0,\"voms_2024\":14,\"total_modal_vrm_2024\":607970,\"total_modal_upt_2024\":469580}}"},"geometry":{"type":"Point","coordinates":[-94.384931,35.403831]}},{"type":"Feature","properties":{"stop_id":"Kinkead Ave @ N 58th St_Kinkead Ave @ N 58th St_35.381610_-94.367808","stop_code":"","stop_name":"Kinkead Ave @ N 58th St","stop_desc":"","zone_id":"","stop_url":"","location_type":"","parent_station":"","stop_timezone":"","wheelchair_boarding":"","feed_id":"Arkansas__City_of_Fort_Smith__mdb_ntd-60086","agency_name":"City of Fort Smith Transit","route_count":2,"route_ids":"Grand|Rogers Supercenter","route_short_names":"","route_types":"3","route_type_names":"Bus","routes_json":"[{\"route_id\":\"Grand\",\"route_short_name\":\"\",\"route_long_name\":\"Grand\",\"route_type\":\"3\",\"route_type_name\":\"Bus\",\"route_color\":\"FFD700\",\"route_text_color\":\"000000\"},{\"route_id\":\"Rogers Supercenter\",\"route_short_name\":\"\",\"route_long_name\":\"Rogers Supercenter\",\"route_type\":\"3\",\"route_type_name\":\"Bus\",\"route_color\":\"F98E10\",\"route_text_color\":\"000000\"}]","metadata_feed_id":"Arkansas__City_of_Fort_Smith__mdb_ntd-60086","metadata_agency_names":"City of Fort Smith Transit","metadata_ntd_id":"60086","metadata_ntd_match_method":"manual_override","metadata_ntd_agency":"City of Fort Smith, dba: Fort Smith Transit","metadata_ntd_city":"Fort Smith","metadata_ntd_state":"AR","metadata_gtfs_route_count":7,"metadata_gtfs_trip_count":147,"metadata_gtfs_shape_count":15,"metadata_gtfs_stop_count":409,"metadata_ntd_agency_voms":10,"metadata_ntd_total_facilities":4,"metadata_ntd_maintenance_facilities":2,"metadata_ntd_passenger_stations":1,"metadata_tam_tier":"Tier II","metadata_service_area_sq_miles":65,"metadata_service_area_population":86209,"metadata_route_types_json":"{\"3\":7}","metadata_ntd_facilities_json":"{\"maintenance_facilities\":2,\"administrative_and_other_non_passenger_facilities\":1,\"passenger_stations_and_terminals\":1,\"parking_and_other_passenger_facilities\":0,\"total_facilities\":4,\"bus_transfer_centers\":1,\"elevated_fixed_guideway_stations\":0,\"at_grade_fixed_guideway_stations\":0,\"underground_fixed_guideway_stations\":0,\"simple_at_grade_platform_stations\":0,\"exclusive_grade_separated_platform_stations\":0,\"ferryboat_terminals\":0,\"surface_parking_lots\":0,\"parking_structures\":0}","metadata_tam_modes_json":"{\"DR\":{\"total_units_2024\":5,\"units_under_threshold_2024\":0,\"voms_2024\":3,\"total_modal_vrm_2024\":163578,\"total_modal_upt_2024\":19821},\"MB\":{\"total_units_2024\":22,\"units_under_threshold_2024\":0,\"voms_2024\":14,\"total_modal_vrm_2024\":607970,\"total_modal_upt_2024\":469580}}"},"geometry":{"type":"Point","coordinates":[-94.367808,35.38161]}},{"type":"Feature","properties":{"stop_id":"Kinkead Ave @ N Albert Pike Ave_Kinkead Ave @ N Albert Pike Ave_35.381961_-94.385642","stop_code":"","stop_name":"Kinkead Ave @ N Albert Pike Ave","stop_desc":"","zone_id":"","stop_url":"","location_type":"","parent_station":"","stop_timezone":"","wheelchair_boarding":"","feed_id":"Arkansas__City_of_Fort_Smith__mdb_ntd-60086","agency_name":"City of Fort Smith Transit","route_count":1,"route_ids":"Grand","route_short_names":"","route_types":"3","route_type_names":"Bus","routes_json":"[{\"route_id\":\"Grand\",\"route_short_name\":\"\",\"route_long_name\":\"Grand\",\"route_type\":\"3\",\"route_type_name\":\"Bus\",\"route_color\":\"FFD700\",\"route_text_color\":\"000000\"}]","metadata_feed_id":"Arkansas__City_of_Fort_Smith__mdb_ntd-60086","metadata_agency_names":"City of Fort Smith Transit","metadata_ntd_id":"60086","metadata_ntd_match_method":"manual_override","metadata_ntd_agency":"City of Fort Smith, dba: Fort Smith Transit","metadata_ntd_city":"Fort Smith","metadata_ntd_state":"AR","metadata_gtfs_route_count":7,"metadata_gtfs_trip_count":147,"metadata_gtfs_shape_count":15,"metadata_gtfs_stop_count":409,"metadata_ntd_agency_voms":10,"metadata_ntd_total_facilities":4,"metadata_ntd_maintenance_facilities":2,"metadata_ntd_passenger_stations":1,"metadata_tam_tier":"Tier II","metadata_service_area_sq_miles":65,"metadata_service_area_population":86209,"metadata_route_types_json":"{\"3\":7}","metadata_ntd_facilities_json":"{\"maintenance_facilities\":2,\"administrative_and_other_non_passenger_facilities\":1,\"passenger_stations_and_terminals\":1,\"parking_and_other_passenger_facilities\":0,\"total_facilities\":4,\"bus_transfer_centers\":1,\"elevated_fixed_guideway_stations\":0,\"at_grade_fixed_guideway_stations\":0,\"underground_fixed_guideway_stations\":0,\"simple_at_grade_platform_stations\":0,\"exclusive_grade_separated_platform_stations\":0,\"ferryboat_terminals\":0,\"surface_parking_lots\":0,\"parking_structures\":0}","metadata_tam_modes_json":"{\"DR\":{\"total_units_2024\":5,\"units_under_threshold_2024\":0,\"voms_2024\":3,\"total_modal_vrm_2024\":163578,\"total_modal_upt_2024\":19821},\"MB\":{\"total_units_2024\":22,\"units_under_threshold_2024\":0,\"voms_2024\":14,\"total_modal_vrm_2024\":607970,\"total_modal_upt_2024\":469580}}"},"geometry":{"type":"Point","coordinates":[-94.385642,35.381961]}},{"type":"Feature","properties":{"stop_id":"Lewis Mattress_Rogers Ave @ N 20th StLewis Mattress_35.379588_-94.411697","stop_code":"","stop_name":"Lewis Mattress","stop_desc":"","zone_id":"","stop_url":"","location_type":"","parent_station":"","stop_timezone":"","wheelchair_boarding":"","feed_id":"Arkansas__City_of_Fort_Smith__mdb_ntd-60086","agency_name":"City of Fort Smith Transit","route_count":1,"route_ids":"Rogers Express","route_short_names":"","route_types":"3","route_type_names":"Bus","routes_json":"[{\"route_id\":\"Rogers Express\",\"route_short_name\":\"\",\"route_long_name\":\"Rogers Express\",\"route_type\":\"3\",\"route_type_name\":\"Bus\",\"route_color\":\"4472C4\",\"route_text_color\":\"FFFFFF\"}]","metadata_feed_id":"Arkansas__City_of_Fort_Smith__mdb_ntd-60086","metadata_agency_names":"City of Fort Smith Transit","metadata_ntd_id":"60086","metadata_ntd_match_method":"manual_override","metadata_ntd_agency":"City of Fort Smith, dba: Fort Smith Transit","metadata_ntd_city":"Fort Smith","metadata_ntd_state":"AR","metadata_gtfs_route_count":7,"metadata_gtfs_trip_count":147,"metadata_gtfs_shape_count":15,"metadata_gtfs_stop_count":409,"metadata_ntd_agency_voms":10,"metadata_ntd_total_facilities":4,"metadata_ntd_maintenance_facilities":2,"metadata_ntd_passenger_stations":1,"metadata_tam_tier":"Tier II","metadata_service_area_sq_miles":65,"metadata_service_area_population":86209,"metadata_route_types_json":"{\"3\":7}","metadata_ntd_facilities_json":"{\"maintenance_facilities\":2,\"administrative_and_other_non_passenger_facilities\":1,\"passenger_stations_and_terminals\":1,\"parking_and_other_passenger_facilities\":0,\"total_facilities\":4,\"bus_transfer_centers\":1,\"elevated_fixed_guideway_stations\":0,\"at_grade_fixed_guideway_stations\":0,\"underground_fixed_guideway_stations\":0,\"simple_at_grade_platform_stations\":0,\"exclusive_grade_separated_platform_stations\":0,\"ferryboat_terminals\":0,\"surface_parking_lots\":0,\"parking_structures\":0}","metadata_tam_modes_json":"{\"DR\":{\"total_units_2024\":5,\"units_under_threshold_2024\":0,\"voms_2024\":3,\"total_modal_vrm_2024\":163578,\"total_modal_upt_2024\":19821},\"MB\":{\"total_units_2024\":22,\"units_under_threshold_2024\":0,\"voms_2024\":14,\"total_modal_vrm_2024\":607970,\"total_modal_upt_2024\":469580}}"},"geometry":{"type":"Point","coordinates":[-94.411697,35.379588]}},{"type":"Feature","properties":{"stop_id":"Lexington Ave @ Dodson Ave__35.372509_-94.417866","stop_code":"","stop_name":"Lexington Ave @ Dodson Ave","stop_desc":"","zone_id":"","stop_url":"","location_type":"","parent_station":"","stop_timezone":"","wheelchair_boarding":"","feed_id":"Arkansas__City_of_Fort_Smith__mdb_ntd-60086","agency_name":"City of Fort Smith Transit","route_count":1,"route_ids":"Towson","route_short_names":"","route_types":"3","route_type_names":"Bus","routes_json":"[{\"route_id\":\"Towson\",\"route_short_name\":\"\",\"route_long_name\":\"Towson\",\"route_type\":\"3\",\"route_type_name\":\"Bus\",\"route_color\":\"70AD47\",\"route_text_color\":\"000000\"}]","metadata_feed_id":"Arkansas__City_of_Fort_Smith__mdb_ntd-60086","metadata_agency_names":"City of Fort Smith Transit","metadata_ntd_id":"60086","metadata_ntd_match_method":"manual_override","metadata_ntd_agency":"City of Fort Smith, dba: Fort Smith Transit","metadata_ntd_city":"Fort Smith","metadata_ntd_state":"AR","metadata_gtfs_route_count":7,"metadata_gtfs_trip_count":147,"metadata_gtfs_shape_count":15,"metadata_gtfs_stop_count":409,"metadata_ntd_agency_voms":10,"metadata_ntd_total_facilities":4,"metadata_ntd_maintenance_facilities":2,"metadata_ntd_passenger_stations":1,"metadata_tam_tier":"Tier II","metadata_service_area_sq_miles":65,"metadata_service_area_population":86209,"metadata_route_types_json":"{\"3\":7}","metadata_ntd_facilities_json":"{\"maintenance_facilities\":2,\"administrative_and_other_non_passenger_facilities\":1,\"passenger_stations_and_terminals\":1,\"parking_and_other_passenger_facilities\":0,\"total_facilities\":4,\"bus_transfer_centers\":1,\"elevated_fixed_guideway_stations\":0,\"at_grade_fixed_guideway_stations\":0,\"underground_fixed_guideway_stations\":0,\"simple_at_grade_platform_stations\":0,\"exclusive_grade_separated_platform_stations\":0,\"ferryboat_terminals\":0,\"surface_parking_lots\":0,\"parking_structures\":0}","metadata_tam_modes_json":"{\"DR\":{\"total_units_2024\":5,\"units_under_threshold_2024\":0,\"voms_2024\":3,\"total_modal_vrm_2024\":163578,\"total_modal_upt_2024\":19821},\"MB\":{\"total_units_2024\":22,\"units_under_threshold_2024\":0,\"voms_2024\":14,\"total_modal_vrm_2024\":607970,\"total_modal_upt_2024\":469580}}"},"geometry":{"type":"Point","coordinates":[-94.417866,35.372509]}},{"type":"Feature","properties":{"stop_id":"Lexington Ave @ S J St_Lexington Ave @ S J St_35.373513_-94.417799","stop_code":"","stop_name":"Lexington Ave @ S J St","stop_desc":"","zone_id":"","stop_url":"","location_type":"","parent_station":"","stop_timezone":"","wheelchair_boarding":"","feed_id":"Arkansas__City_of_Fort_Smith__mdb_ntd-60086","agency_name":"City of Fort Smith Transit","route_count":2,"route_ids":"Jenny Lind|Shuttle","route_short_names":"","route_types":"3","route_type_names":"Bus","routes_json":"[{\"route_id\":\"Jenny Lind\",\"route_short_name\":\"\",\"route_long_name\":\"Jenny Lind\",\"route_type\":\"3\",\"route_type_name\":\"Bus\",\"route_color\":\"8E00FF\",\"route_text_color\":\"FFFFFF\"},{\"route_id\":\"Shuttle\",\"route_short_name\":\"\",\"route_long_name\":\"Shuttle\",\"route_type\":\"3\",\"route_type_name\":\"Bus\",\"route_color\":\"000000\",\"route_text_color\":\"FFFFFF\"}]","metadata_feed_id":"Arkansas__City_of_Fort_Smith__mdb_ntd-60086","metadata_agency_names":"City of Fort Smith Transit","metadata_ntd_id":"60086","metadata_ntd_match_method":"manual_override","metadata_ntd_agency":"City of Fort Smith, dba: Fort Smith Transit","metadata_ntd_city":"Fort Smith","metadata_ntd_state":"AR","metadata_gtfs_route_count":7,"metadata_gtfs_trip_count":147,"metadata_gtfs_shape_count":15,"metadata_gtfs_stop_count":409,"metadata_ntd_agency_voms":10,"metadata_ntd_total_facilities":4,"metadata_ntd_maintenance_facilities":2,"metadata_ntd_passenger_stations":1,"metadata_tam_tier":"Tier II","metadata_service_area_sq_miles":65,"metadata_service_area_population":86209,"metadata_route_types_json":"{\"3\":7}","metadata_ntd_facilities_json":"{\"maintenance_facilities\":2,\"administrative_and_other_non_passenger_facilities\":1,\"passenger_stations_and_terminals\":1,\"parking_and_other_passenger_facilities\":0,\"total_facilities\":4,\"bus_transfer_centers\":1,\"elevated_fixed_guideway_stations\":0,\"at_grade_fixed_guideway_stations\":0,\"underground_fixed_guideway_stations\":0,\"simple_at_grade_platform_stations\":0,\"exclusive_grade_separated_platform_stations\":0,\"ferryboat_terminals\":0,\"surface_parking_lots\":0,\"parking_structures\":0}","metadata_tam_modes_json":"{\"DR\":{\"total_units_2024\":5,\"units_under_threshold_2024\":0,\"voms_2024\":3,\"total_modal_vrm_2024\":163578,\"total_modal_upt_2024\":19821},\"MB\":{\"total_units_2024\":22,\"units_under_threshold_2024\":0,\"voms_2024\":14,\"total_modal_vrm_2024\":607970,\"total_modal_upt_2024\":469580}}"},"geometry":{"type":"Point","coordinates":[-94.417799,35.373513]}},{"type":"Feature","properties":{"stop_id":"Littleton Oil Co_3401 Cavanaugh Rd_35.313880_-94.400518","stop_code":"","stop_name":"Littleton Oil Co","stop_desc":"","zone_id":"","stop_url":"","location_type":"","parent_station":"","stop_timezone":"","wheelchair_boarding":"","feed_id":"Arkansas__City_of_Fort_Smith__mdb_ntd-60086","agency_name":"City of Fort Smith Transit","route_count":1,"route_ids":"Jenny Lind","route_short_names":"","route_types":"3","route_type_names":"Bus","routes_json":"[{\"route_id\":\"Jenny Lind\",\"route_short_name\":\"\",\"route_long_name\":\"Jenny Lind\",\"route_type\":\"3\",\"route_type_name\":\"Bus\",\"route_color\":\"8E00FF\",\"route_text_color\":\"FFFFFF\"}]","metadata_feed_id":"Arkansas__City_of_Fort_Smith__mdb_ntd-60086","metadata_agency_names":"City of Fort Smith Transit","metadata_ntd_id":"60086","metadata_ntd_match_method":"manual_override","metadata_ntd_agency":"City of Fort Smith, dba: Fort Smith Transit","metadata_ntd_city":"Fort Smith","metadata_ntd_state":"AR","metadata_gtfs_route_count":7,"metadata_gtfs_trip_count":147,"metadata_gtfs_shape_count":15,"metadata_gtfs_stop_count":409,"metadata_ntd_agency_voms":10,"metadata_ntd_total_facilities":4,"metadata_ntd_maintenance_facilities":2,"metadata_ntd_passenger_stations":1,"metadata_tam_tier":"Tier II","metadata_service_area_sq_miles":65,"metadata_service_area_population":86209,"metadata_route_types_json":"{\"3\":7}","metadata_ntd_facilities_json":"{\"maintenance_facilities\":2,\"administrative_and_other_non_passenger_facilities\":1,\"passenger_stations_and_terminals\":1,\"parking_and_other_passenger_facilities\":0,\"total_facilities\":4,\"bus_transfer_centers\":1,\"elevated_fixed_guideway_stations\":0,\"at_grade_fixed_guideway_stations\":0,\"underground_fixed_guideway_stations\":0,\"simple_at_grade_platform_stations\":0,\"exclusive_grade_separated_platform_stations\":0,\"ferryboat_terminals\":0,\"surface_parking_lots\":0,\"parking_structures\":0}","metadata_tam_modes_json":"{\"DR\":{\"total_units_2024\":5,\"units_under_threshold_2024\":0,\"voms_2024\":3,\"total_modal_vrm_2024\":163578,\"total_modal_upt_2024\":19821},\"MB\":{\"total_units_2024\":22,\"units_under_threshold_2024\":0,\"voms_2024\":14,\"total_modal_vrm_2024\":607970,\"total_modal_upt_2024\":469580}}"},"geometry":{"type":"Point","coordinates":[-94.400518,35.31388]}},{"type":"Feature","properties":{"stop_id":"Mars Petcare__35.309697_-94.321672","stop_code":"","stop_name":"Mars Petcare","stop_desc":"","zone_id":"","stop_url":"","location_type":"","parent_station":"","stop_timezone":"","wheelchair_boarding":"","feed_id":"Arkansas__City_of_Fort_Smith__mdb_ntd-60086","agency_name":"City of Fort Smith Transit","route_count":0,"route_ids":"","route_short_names":"","route_types":"","route_type_names":"","routes_json":"[]","metadata_feed_id":"Arkansas__City_of_Fort_Smith__mdb_ntd-60086","metadata_agency_names":"City of Fort Smith Transit","metadata_ntd_id":"60086","metadata_ntd_match_method":"manual_override","metadata_ntd_agency":"City of Fort Smith, dba: Fort Smith Transit","metadata_ntd_city":"Fort Smith","metadata_ntd_state":"AR","metadata_gtfs_route_count":7,"metadata_gtfs_trip_count":147,"metadata_gtfs_shape_count":15,"metadata_gtfs_stop_count":409,"metadata_ntd_agency_voms":10,"metadata_ntd_total_facilities":4,"metadata_ntd_maintenance_facilities":2,"metadata_ntd_passenger_stations":1,"metadata_tam_tier":"Tier II","metadata_service_area_sq_miles":65,"metadata_service_area_population":86209,"metadata_route_types_json":"{\"3\":7}","metadata_ntd_facilities_json":"{\"maintenance_facilities\":2,\"administrative_and_other_non_passenger_facilities\":1,\"passenger_stations_and_terminals\":1,\"parking_and_other_passenger_facilities\":0,\"total_facilities\":4,\"bus_transfer_centers\":1,\"elevated_fixed_guideway_stations\":0,\"at_grade_fixed_guideway_stations\":0,\"underground_fixed_guideway_stations\":0,\"simple_at_grade_platform_stations\":0,\"exclusive_grade_separated_platform_stations\":0,\"ferryboat_terminals\":0,\"surface_parking_lots\":0,\"parking_structures\":0}","metadata_tam_modes_json":"{\"DR\":{\"total_units_2024\":5,\"units_under_threshold_2024\":0,\"voms_2024\":3,\"total_modal_vrm_2024\":163578,\"total_modal_upt_2024\":19821},\"MB\":{\"total_units_2024\":22,\"units_under_threshold_2024\":0,\"voms_2024\":14,\"total_modal_vrm_2024\":607970,\"total_modal_upt_2024\":469580}}"},"geometry":{"type":"Point","coordinates":[-94.321672,35.309697]}},{"type":"Feature","properties":{"stop_id":"McClure Amphitheater__35.313337_-94.343299","stop_code":"","stop_name":"McClure Amphitheater","stop_desc":"","zone_id":"","stop_url":"","location_type":"","parent_station":"","stop_timezone":"","wheelchair_boarding":"","feed_id":"Arkansas__City_of_Fort_Smith__mdb_ntd-60086","agency_name":"City of Fort Smith Transit","route_count":0,"route_ids":"","route_short_names":"","route_types":"","route_type_names":"","routes_json":"[]","metadata_feed_id":"Arkansas__City_of_Fort_Smith__mdb_ntd-60086","metadata_agency_names":"City of Fort Smith Transit","metadata_ntd_id":"60086","metadata_ntd_match_method":"manual_override","metadata_ntd_agency":"City of Fort Smith, dba: Fort Smith Transit","metadata_ntd_city":"Fort Smith","metadata_ntd_state":"AR","metadata_gtfs_route_count":7,"metadata_gtfs_trip_count":147,"metadata_gtfs_shape_count":15,"metadata_gtfs_stop_count":409,"metadata_ntd_agency_voms":10,"metadata_ntd_total_facilities":4,"metadata_ntd_maintenance_facilities":2,"metadata_ntd_passenger_stations":1,"metadata_tam_tier":"Tier II","metadata_service_area_sq_miles":65,"metadata_service_area_population":86209,"metadata_route_types_json":"{\"3\":7}","metadata_ntd_facilities_json":"{\"maintenance_facilities\":2,\"administrative_and_other_non_passenger_facilities\":1,\"passenger_stations_and_terminals\":1,\"parking_and_other_passenger_facilities\":0,\"total_facilities\":4,\"bus_transfer_centers\":1,\"elevated_fixed_guideway_stations\":0,\"at_grade_fixed_guideway_stations\":0,\"underground_fixed_guideway_stations\":0,\"simple_at_grade_platform_stations\":0,\"exclusive_grade_separated_platform_stations\":0,\"ferryboat_terminals\":0,\"surface_parking_lots\":0,\"parking_structures\":0}","metadata_tam_modes_json":"{\"DR\":{\"total_units_2024\":5,\"units_under_threshold_2024\":0,\"voms_2024\":3,\"total_modal_vrm_2024\":163578,\"total_modal_upt_2024\":19821},\"MB\":{\"total_units_2024\":22,\"units_under_threshold_2024\":0,\"voms_2024\":14,\"total_modal_vrm_2024\":607970,\"total_modal_upt_2024\":469580}}"},"geometry":{"type":"Point","coordinates":[-94.343299,35.313337]}},{"type":"Feature","properties":{"stop_id":"Medley Equipment Company__35.313307_-94.386956","stop_code":"","stop_name":"Medley Equipment Company","stop_desc":"","zone_id":"","stop_url":"","location_type":"","parent_station":"","stop_timezone":"","wheelchair_boarding":"","feed_id":"Arkansas__City_of_Fort_Smith__mdb_ntd-60086","agency_name":"City of Fort Smith Transit","route_count":0,"route_ids":"","route_short_names":"","route_types":"","route_type_names":"","routes_json":"[]","metadata_feed_id":"Arkansas__City_of_Fort_Smith__mdb_ntd-60086","metadata_agency_names":"City of Fort Smith Transit","metadata_ntd_id":"60086","metadata_ntd_match_method":"manual_override","metadata_ntd_agency":"City of Fort Smith, dba: Fort Smith Transit","metadata_ntd_city":"Fort Smith","metadata_ntd_state":"AR","metadata_gtfs_route_count":7,"metadata_gtfs_trip_count":147,"metadata_gtfs_shape_count":15,"metadata_gtfs_stop_count":409,"metadata_ntd_agency_voms":10,"metadata_ntd_total_facilities":4,"metadata_ntd_maintenance_facilities":2,"metadata_ntd_passenger_stations":1,"metadata_tam_tier":"Tier II","metadata_service_area_sq_miles":65,"metadata_service_area_population":86209,"metadata_route_types_json":"{\"3\":7}","metadata_ntd_facilities_json":"{\"maintenance_facilities\":2,\"administrative_and_other_non_passenger_facilities\":1,\"passenger_stations_and_terminals\":1,\"parking_and_other_passenger_facilities\":0,\"total_facilities\":4,\"bus_transfer_centers\":1,\"elevated_fixed_guideway_stations\":0,\"at_grade_fixed_guideway_stations\":0,\"underground_fixed_guideway_stations\":0,\"simple_at_grade_platform_stations\":0,\"exclusive_grade_separated_platform_stations\":0,\"ferryboat_terminals\":0,\"surface_parking_lots\":0,\"parking_structures\":0}","metadata_tam_modes_json":"{\"DR\":{\"total_units_2024\":5,\"units_under_threshold_2024\":0,\"voms_2024\":3,\"total_modal_vrm_2024\":163578,\"total_modal_upt_2024\":19821},\"MB\":{\"total_units_2024\":22,\"units_under_threshold_2024\":0,\"voms_2024\":14,\"total_modal_vrm_2024\":607970,\"total_modal_upt_2024\":469580}}"},"geometry":{"type":"Point","coordinates":[-94.386956,35.313307]}},{"type":"Feature","properties":{"stop_id":"Mercy Care Clinic_Rogers Ave @ 68th St_35.355861_-94.358039","stop_code":"","stop_name":"Mercy Care Clinic","stop_desc":"","zone_id":"","stop_url":"","location_type":"","parent_station":"","stop_timezone":"","wheelchair_boarding":"","feed_id":"Arkansas__City_of_Fort_Smith__mdb_ntd-60086","agency_name":"City of Fort Smith Transit","route_count":2,"route_ids":"Rogers Express|Rogers Supercenter","route_short_names":"","route_types":"3","route_type_names":"Bus","routes_json":"[{\"route_id\":\"Rogers Express\",\"route_short_name\":\"\",\"route_long_name\":\"Rogers Express\",\"route_type\":\"3\",\"route_type_name\":\"Bus\",\"route_color\":\"4472C4\",\"route_text_color\":\"FFFFFF\"},{\"route_id\":\"Rogers Supercenter\",\"route_short_name\":\"\",\"route_long_name\":\"Rogers Supercenter\",\"route_type\":\"3\",\"route_type_name\":\"Bus\",\"route_color\":\"F98E10\",\"route_text_color\":\"000000\"}]","metadata_feed_id":"Arkansas__City_of_Fort_Smith__mdb_ntd-60086","metadata_agency_names":"City of Fort Smith Transit","metadata_ntd_id":"60086","metadata_ntd_match_method":"manual_override","metadata_ntd_agency":"City of Fort Smith, dba: Fort Smith Transit","metadata_ntd_city":"Fort Smith","metadata_ntd_state":"AR","metadata_gtfs_route_count":7,"metadata_gtfs_trip_count":147,"metadata_gtfs_shape_count":15,"metadata_gtfs_stop_count":409,"metadata_ntd_agency_voms":10,"metadata_ntd_total_facilities":4,"metadata_ntd_maintenance_facilities":2,"metadata_ntd_passenger_stations":1,"metadata_tam_tier":"Tier II","metadata_service_area_sq_miles":65,"metadata_service_area_population":86209,"metadata_route_types_json":"{\"3\":7}","metadata_ntd_facilities_json":"{\"maintenance_facilities\":2,\"administrative_and_other_non_passenger_facilities\":1,\"passenger_stations_and_terminals\":1,\"parking_and_other_passenger_facilities\":0,\"total_facilities\":4,\"bus_transfer_centers\":1,\"elevated_fixed_guideway_stations\":0,\"at_grade_fixed_guideway_stations\":0,\"underground_fixed_guideway_stations\":0,\"simple_at_grade_platform_stations\":0,\"exclusive_grade_separated_platform_stations\":0,\"ferryboat_terminals\":0,\"surface_parking_lots\":0,\"parking_structures\":0}","metadata_tam_modes_json":"{\"DR\":{\"total_units_2024\":5,\"units_under_threshold_2024\":0,\"voms_2024\":3,\"total_modal_vrm_2024\":163578,\"total_modal_upt_2024\":19821},\"MB\":{\"total_units_2024\":22,\"units_under_threshold_2024\":0,\"voms_2024\":14,\"total_modal_vrm_2024\":607970,\"total_modal_upt_2024\":469580}}"},"geometry":{"type":"Point","coordinates":[-94.358039,35.355861]}},{"type":"Feature","properties":{"stop_id":"Mercy Hospital_Mercy Hospital7001 Rogers Ave @ Mercy Hospital_35.354773_-94.355589","stop_code":"","stop_name":"Mercy Hospital","stop_desc":"","zone_id":"","stop_url":"","location_type":"","parent_station":"","stop_timezone":"","wheelchair_boarding":"","feed_id":"Arkansas__City_of_Fort_Smith__mdb_ntd-60086","agency_name":"City of Fort Smith Transit","route_count":1,"route_ids":"Rogers Express","route_short_names":"","route_types":"3","route_type_names":"Bus","routes_json":"[{\"route_id\":\"Rogers Express\",\"route_short_name\":\"\",\"route_long_name\":\"Rogers Express\",\"route_type\":\"3\",\"route_type_name\":\"Bus\",\"route_color\":\"4472C4\",\"route_text_color\":\"FFFFFF\"}]","metadata_feed_id":"Arkansas__City_of_Fort_Smith__mdb_ntd-60086","metadata_agency_names":"City of Fort Smith Transit","metadata_ntd_id":"60086","metadata_ntd_match_method":"manual_override","metadata_ntd_agency":"City of Fort Smith, dba: Fort Smith Transit","metadata_ntd_city":"Fort Smith","metadata_ntd_state":"AR","metadata_gtfs_route_count":7,"metadata_gtfs_trip_count":147,"metadata_gtfs_shape_count":15,"metadata_gtfs_stop_count":409,"metadata_ntd_agency_voms":10,"metadata_ntd_total_facilities":4,"metadata_ntd_maintenance_facilities":2,"metadata_ntd_passenger_stations":1,"metadata_tam_tier":"Tier II","metadata_service_area_sq_miles":65,"metadata_service_area_population":86209,"metadata_route_types_json":"{\"3\":7}","metadata_ntd_facilities_json":"{\"maintenance_facilities\":2,\"administrative_and_other_non_passenger_facilities\":1,\"passenger_stations_and_terminals\":1,\"parking_and_other_passenger_facilities\":0,\"total_facilities\":4,\"bus_transfer_centers\":1,\"elevated_fixed_guideway_stations\":0,\"at_grade_fixed_guideway_stations\":0,\"underground_fixed_guideway_stations\":0,\"simple_at_grade_platform_stations\":0,\"exclusive_grade_separated_platform_stations\":0,\"ferryboat_terminals\":0,\"surface_parking_lots\":0,\"parking_structures\":0}","metadata_tam_modes_json":"{\"DR\":{\"total_units_2024\":5,\"units_under_threshold_2024\":0,\"voms_2024\":3,\"total_modal_vrm_2024\":163578,\"total_modal_upt_2024\":19821},\"MB\":{\"total_units_2024\":22,\"units_under_threshold_2024\":0,\"voms_2024\":14,\"total_modal_vrm_2024\":607970,\"total_modal_upt_2024\":469580}}"},"geometry":{"type":"Point","coordinates":[-94.355589,35.354773]}},{"type":"Feature","properties":{"stop_id":"Mercy Rehabilitation Hospital__35.321223_-94.315063","stop_code":"","stop_name":"Mercy Rehabilitation Hospital","stop_desc":"","zone_id":"","stop_url":"","location_type":"","parent_station":"","stop_timezone":"","wheelchair_boarding":"","feed_id":"Arkansas__City_of_Fort_Smith__mdb_ntd-60086","agency_name":"City of Fort Smith Transit","route_count":0,"route_ids":"","route_short_names":"","route_types":"","route_type_names":"","routes_json":"[]","metadata_feed_id":"Arkansas__City_of_Fort_Smith__mdb_ntd-60086","metadata_agency_names":"City of Fort Smith Transit","metadata_ntd_id":"60086","metadata_ntd_match_method":"manual_override","metadata_ntd_agency":"City of Fort Smith, dba: Fort Smith Transit","metadata_ntd_city":"Fort Smith","metadata_ntd_state":"AR","metadata_gtfs_route_count":7,"metadata_gtfs_trip_count":147,"metadata_gtfs_shape_count":15,"metadata_gtfs_stop_count":409,"metadata_ntd_agency_voms":10,"metadata_ntd_total_facilities":4,"metadata_ntd_maintenance_facilities":2,"metadata_ntd_passenger_stations":1,"metadata_tam_tier":"Tier II","metadata_service_area_sq_miles":65,"metadata_service_area_population":86209,"metadata_route_types_json":"{\"3\":7}","metadata_ntd_facilities_json":"{\"maintenance_facilities\":2,\"administrative_and_other_non_passenger_facilities\":1,\"passenger_stations_and_terminals\":1,\"parking_and_other_passenger_facilities\":0,\"total_facilities\":4,\"bus_transfer_centers\":1,\"elevated_fixed_guideway_stations\":0,\"at_grade_fixed_guideway_stations\":0,\"underground_fixed_guideway_stations\":0,\"simple_at_grade_platform_stations\":0,\"exclusive_grade_separated_platform_stations\":0,\"ferryboat_terminals\":0,\"surface_parking_lots\":0,\"parking_structures\":0}","metadata_tam_modes_json":"{\"DR\":{\"total_units_2024\":5,\"units_under_threshold_2024\":0,\"voms_2024\":3,\"total_modal_vrm_2024\":163578,\"total_modal_upt_2024\":19821},\"MB\":{\"total_units_2024\":22,\"units_under_threshold_2024\":0,\"voms_2024\":14,\"total_modal_vrm_2024\":607970,\"total_modal_upt_2024\":469580}}"},"geometry":{"type":"Point","coordinates":[-94.315063,35.321223]}},{"type":"Feature","properties":{"stop_id":"Mercy River Valley - S 79th St @ We Knight Dr_ S 79th St @ We Knight Dr_35.348139_-94.345061","stop_code":"","stop_name":"Mercy River Valley - S 79th St @ We Knight Dr","stop_desc":"","zone_id":"","stop_url":"","location_type":"","parent_station":"","stop_timezone":"","wheelchair_boarding":"","feed_id":"Arkansas__City_of_Fort_Smith__mdb_ntd-60086","agency_name":"City of Fort Smith Transit","route_count":1,"route_ids":"Rogers Supercenter","route_short_names":"","route_types":"3","route_type_names":"Bus","routes_json":"[{\"route_id\":\"Rogers Supercenter\",\"route_short_name\":\"\",\"route_long_name\":\"Rogers Supercenter\",\"route_type\":\"3\",\"route_type_name\":\"Bus\",\"route_color\":\"F98E10\",\"route_text_color\":\"000000\"}]","metadata_feed_id":"Arkansas__City_of_Fort_Smith__mdb_ntd-60086","metadata_agency_names":"City of Fort Smith Transit","metadata_ntd_id":"60086","metadata_ntd_match_method":"manual_override","metadata_ntd_agency":"City of Fort Smith, dba: Fort Smith Transit","metadata_ntd_city":"Fort Smith","metadata_ntd_state":"AR","metadata_gtfs_route_count":7,"metadata_gtfs_trip_count":147,"metadata_gtfs_shape_count":15,"metadata_gtfs_stop_count":409,"metadata_ntd_agency_voms":10,"metadata_ntd_total_facilities":4,"metadata_ntd_maintenance_facilities":2,"metadata_ntd_passenger_stations":1,"metadata_tam_tier":"Tier II","metadata_service_area_sq_miles":65,"metadata_service_area_population":86209,"metadata_route_types_json":"{\"3\":7}","metadata_ntd_facilities_json":"{\"maintenance_facilities\":2,\"administrative_and_other_non_passenger_facilities\":1,\"passenger_stations_and_terminals\":1,\"parking_and_other_passenger_facilities\":0,\"total_facilities\":4,\"bus_transfer_centers\":1,\"elevated_fixed_guideway_stations\":0,\"at_grade_fixed_guideway_stations\":0,\"underground_fixed_guideway_stations\":0,\"simple_at_grade_platform_stations\":0,\"exclusive_grade_separated_platform_stations\":0,\"ferryboat_terminals\":0,\"surface_parking_lots\":0,\"parking_structures\":0}","metadata_tam_modes_json":"{\"DR\":{\"total_units_2024\":5,\"units_under_threshold_2024\":0,\"voms_2024\":3,\"total_modal_vrm_2024\":163578,\"total_modal_upt_2024\":19821},\"MB\":{\"total_units_2024\":22,\"units_under_threshold_2024\":0,\"voms_2024\":14,\"total_modal_vrm_2024\":607970,\"total_modal_upt_2024\":469580}}"},"geometry":{"type":"Point","coordinates":[-94.345061,35.348139]}},{"type":"Feature","properties":{"stop_id":"Midland Blvd @ N N St_Midland Blvd @ N N St_35.395858_-94.410343","stop_code":"","stop_name":"Midland Blvd @ N N St","stop_desc":"","zone_id":"","stop_url":"","location_type":"","parent_station":"","stop_timezone":"","wheelchair_boarding":"","feed_id":"Arkansas__City_of_Fort_Smith__mdb_ntd-60086","agency_name":"City of Fort Smith Transit","route_count":1,"route_ids":"Midland","route_short_names":"","route_types":"3","route_type_names":"Bus","routes_json":"[{\"route_id\":\"Midland\",\"route_short_name\":\"\",\"route_long_name\":\"Midland\",\"route_type\":\"3\",\"route_type_name\":\"Bus\",\"route_color\":\"F51414\",\"route_text_color\":\"FFFFFF\"}]","metadata_feed_id":"Arkansas__City_of_Fort_Smith__mdb_ntd-60086","metadata_agency_names":"City of Fort Smith Transit","metadata_ntd_id":"60086","metadata_ntd_match_method":"manual_override","metadata_ntd_agency":"City of Fort Smith, dba: Fort Smith Transit","metadata_ntd_city":"Fort Smith","metadata_ntd_state":"AR","metadata_gtfs_route_count":7,"metadata_gtfs_trip_count":147,"metadata_gtfs_shape_count":15,"metadata_gtfs_stop_count":409,"metadata_ntd_agency_voms":10,"metadata_ntd_total_facilities":4,"metadata_ntd_maintenance_facilities":2,"metadata_ntd_passenger_stations":1,"metadata_tam_tier":"Tier II","metadata_service_area_sq_miles":65,"metadata_service_area_population":86209,"metadata_route_types_json":"{\"3\":7}","metadata_ntd_facilities_json":"{\"maintenance_facilities\":2,\"administrative_and_other_non_passenger_facilities\":1,\"passenger_stations_and_terminals\":1,\"parking_and_other_passenger_facilities\":0,\"total_facilities\":4,\"bus_transfer_centers\":1,\"elevated_fixed_guideway_stations\":0,\"at_grade_fixed_guideway_stations\":0,\"underground_fixed_guideway_stations\":0,\"simple_at_grade_platform_stations\":0,\"exclusive_grade_separated_platform_stations\":0,\"ferryboat_terminals\":0,\"surface_parking_lots\":0,\"parking_structures\":0}","metadata_tam_modes_json":"{\"DR\":{\"total_units_2024\":5,\"units_under_threshold_2024\":0,\"voms_2024\":3,\"total_modal_vrm_2024\":163578,\"total_modal_upt_2024\":19821},\"MB\":{\"total_units_2024\":22,\"units_under_threshold_2024\":0,\"voms_2024\":14,\"total_modal_vrm_2024\":607970,\"total_modal_upt_2024\":469580}}"},"geometry":{"type":"Point","coordinates":[-94.410343,35.395858]}},{"type":"Feature","properties":{"stop_id":"Midland Blvd @ N Q St_Midland Blvd @ N Q St_35.397815_-94.407817","stop_code":"","stop_name":"Midland Blvd @ N Q St","stop_desc":"","zone_id":"","stop_url":"","location_type":"","parent_station":"","stop_timezone":"","wheelchair_boarding":"","feed_id":"Arkansas__City_of_Fort_Smith__mdb_ntd-60086","agency_name":"City of Fort Smith Transit","route_count":1,"route_ids":"Midland","route_short_names":"","route_types":"3","route_type_names":"Bus","routes_json":"[{\"route_id\":\"Midland\",\"route_short_name\":\"\",\"route_long_name\":\"Midland\",\"route_type\":\"3\",\"route_type_name\":\"Bus\",\"route_color\":\"F51414\",\"route_text_color\":\"FFFFFF\"}]","metadata_feed_id":"Arkansas__City_of_Fort_Smith__mdb_ntd-60086","metadata_agency_names":"City of Fort Smith Transit","metadata_ntd_id":"60086","metadata_ntd_match_method":"manual_override","metadata_ntd_agency":"City of Fort Smith, dba: Fort Smith Transit","metadata_ntd_city":"Fort Smith","metadata_ntd_state":"AR","metadata_gtfs_route_count":7,"metadata_gtfs_trip_count":147,"metadata_gtfs_shape_count":15,"metadata_gtfs_stop_count":409,"metadata_ntd_agency_voms":10,"metadata_ntd_total_facilities":4,"metadata_ntd_maintenance_facilities":2,"metadata_ntd_passenger_stations":1,"metadata_tam_tier":"Tier II","metadata_service_area_sq_miles":65,"metadata_service_area_population":86209,"metadata_route_types_json":"{\"3\":7}","metadata_ntd_facilities_json":"{\"maintenance_facilities\":2,\"administrative_and_other_non_passenger_facilities\":1,\"passenger_stations_and_terminals\":1,\"parking_and_other_passenger_facilities\":0,\"total_facilities\":4,\"bus_transfer_centers\":1,\"elevated_fixed_guideway_stations\":0,\"at_grade_fixed_guideway_stations\":0,\"underground_fixed_guideway_stations\":0,\"simple_at_grade_platform_stations\":0,\"exclusive_grade_separated_platform_stations\":0,\"ferryboat_terminals\":0,\"surface_parking_lots\":0,\"parking_structures\":0}","metadata_tam_modes_json":"{\"DR\":{\"total_units_2024\":5,\"units_under_threshold_2024\":0,\"voms_2024\":3,\"total_modal_vrm_2024\":163578,\"total_modal_upt_2024\":19821},\"MB\":{\"total_units_2024\":22,\"units_under_threshold_2024\":0,\"voms_2024\":14,\"total_modal_vrm_2024\":607970,\"total_modal_upt_2024\":469580}}"},"geometry":{"type":"Point","coordinates":[-94.407817,35.397815]}},{"type":"Feature","properties":{"stop_id":"Midland Blvd @ N S St_Midland Blvd @ N S St_35.399708_-94.405369","stop_code":"","stop_name":"Midland Blvd @ N S St","stop_desc":"","zone_id":"","stop_url":"","location_type":"","parent_station":"","stop_timezone":"","wheelchair_boarding":"","feed_id":"Arkansas__City_of_Fort_Smith__mdb_ntd-60086","agency_name":"City of Fort Smith Transit","route_count":1,"route_ids":"Midland","route_short_names":"","route_types":"3","route_type_names":"Bus","routes_json":"[{\"route_id\":\"Midland\",\"route_short_name\":\"\",\"route_long_name\":\"Midland\",\"route_type\":\"3\",\"route_type_name\":\"Bus\",\"route_color\":\"F51414\",\"route_text_color\":\"FFFFFF\"}]","metadata_feed_id":"Arkansas__City_of_Fort_Smith__mdb_ntd-60086","metadata_agency_names":"City of Fort Smith Transit","metadata_ntd_id":"60086","metadata_ntd_match_method":"manual_override","metadata_ntd_agency":"City of Fort Smith, dba: Fort Smith Transit","metadata_ntd_city":"Fort Smith","metadata_ntd_state":"AR","metadata_gtfs_route_count":7,"metadata_gtfs_trip_count":147,"metadata_gtfs_shape_count":15,"metadata_gtfs_stop_count":409,"metadata_ntd_agency_voms":10,"metadata_ntd_total_facilities":4,"metadata_ntd_maintenance_facilities":2,"metadata_ntd_passenger_stations":1,"metadata_tam_tier":"Tier II","metadata_service_area_sq_miles":65,"metadata_service_area_population":86209,"metadata_route_types_json":"{\"3\":7}","metadata_ntd_facilities_json":"{\"maintenance_facilities\":2,\"administrative_and_other_non_passenger_facilities\":1,\"passenger_stations_and_terminals\":1,\"parking_and_other_passenger_facilities\":0,\"total_facilities\":4,\"bus_transfer_centers\":1,\"elevated_fixed_guideway_stations\":0,\"at_grade_fixed_guideway_stations\":0,\"underground_fixed_guideway_stations\":0,\"simple_at_grade_platform_stations\":0,\"exclusive_grade_separated_platform_stations\":0,\"ferryboat_terminals\":0,\"surface_parking_lots\":0,\"parking_structures\":0}","metadata_tam_modes_json":"{\"DR\":{\"total_units_2024\":5,\"units_under_threshold_2024\":0,\"voms_2024\":3,\"total_modal_vrm_2024\":163578,\"total_modal_upt_2024\":19821},\"MB\":{\"total_units_2024\":22,\"units_under_threshold_2024\":0,\"voms_2024\":14,\"total_modal_vrm_2024\":607970,\"total_modal_upt_2024\":469580}}"},"geometry":{"type":"Point","coordinates":[-94.405369,35.399708]}},{"type":"Feature","properties":{"stop_id":"Midland Bowl_N 32nd St @ Kelley HwyMidland Bowl _35.404029_-94.395942","stop_code":"","stop_name":"Midland Bowl","stop_desc":"","zone_id":"","stop_url":"","location_type":"","parent_station":"","stop_timezone":"","wheelchair_boarding":"","feed_id":"Arkansas__City_of_Fort_Smith__mdb_ntd-60086","agency_name":"City of Fort Smith Transit","route_count":1,"route_ids":"Midland","route_short_names":"","route_types":"3","route_type_names":"Bus","routes_json":"[{\"route_id\":\"Midland\",\"route_short_name\":\"\",\"route_long_name\":\"Midland\",\"route_type\":\"3\",\"route_type_name\":\"Bus\",\"route_color\":\"F51414\",\"route_text_color\":\"FFFFFF\"}]","metadata_feed_id":"Arkansas__City_of_Fort_Smith__mdb_ntd-60086","metadata_agency_names":"City of Fort Smith Transit","metadata_ntd_id":"60086","metadata_ntd_match_method":"manual_override","metadata_ntd_agency":"City of Fort Smith, dba: Fort Smith Transit","metadata_ntd_city":"Fort Smith","metadata_ntd_state":"AR","metadata_gtfs_route_count":7,"metadata_gtfs_trip_count":147,"metadata_gtfs_shape_count":15,"metadata_gtfs_stop_count":409,"metadata_ntd_agency_voms":10,"metadata_ntd_total_facilities":4,"metadata_ntd_maintenance_facilities":2,"metadata_ntd_passenger_stations":1,"metadata_tam_tier":"Tier II","metadata_service_area_sq_miles":65,"metadata_service_area_population":86209,"metadata_route_types_json":"{\"3\":7}","metadata_ntd_facilities_json":"{\"maintenance_facilities\":2,\"administrative_and_other_non_passenger_facilities\":1,\"passenger_stations_and_terminals\":1,\"parking_and_other_passenger_facilities\":0,\"total_facilities\":4,\"bus_transfer_centers\":1,\"elevated_fixed_guideway_stations\":0,\"at_grade_fixed_guideway_stations\":0,\"underground_fixed_guideway_stations\":0,\"simple_at_grade_platform_stations\":0,\"exclusive_grade_separated_platform_stations\":0,\"ferryboat_terminals\":0,\"surface_parking_lots\":0,\"parking_structures\":0}","metadata_tam_modes_json":"{\"DR\":{\"total_units_2024\":5,\"units_under_threshold_2024\":0,\"voms_2024\":3,\"total_modal_vrm_2024\":163578,\"total_modal_upt_2024\":19821},\"MB\":{\"total_units_2024\":22,\"units_under_threshold_2024\":0,\"voms_2024\":14,\"total_modal_vrm_2024\":607970,\"total_modal_upt_2024\":469580}}"},"geometry":{"type":"Point","coordinates":[-94.395942,35.404029]}},{"type":"Feature","properties":{"stop_id":"Midland Pawn_Midland Blvd @ N T StMidland Pawn_35.400974_-94.403873","stop_code":"","stop_name":"Midland Pawn","stop_desc":"","zone_id":"","stop_url":"","location_type":"","parent_station":"","stop_timezone":"","wheelchair_boarding":"","feed_id":"Arkansas__City_of_Fort_Smith__mdb_ntd-60086","agency_name":"City of Fort Smith Transit","route_count":1,"route_ids":"Midland","route_short_names":"","route_types":"3","route_type_names":"Bus","routes_json":"[{\"route_id\":\"Midland\",\"route_short_name\":\"\",\"route_long_name\":\"Midland\",\"route_type\":\"3\",\"route_type_name\":\"Bus\",\"route_color\":\"F51414\",\"route_text_color\":\"FFFFFF\"}]","metadata_feed_id":"Arkansas__City_of_Fort_Smith__mdb_ntd-60086","metadata_agency_names":"City of Fort Smith Transit","metadata_ntd_id":"60086","metadata_ntd_match_method":"manual_override","metadata_ntd_agency":"City of Fort Smith, dba: Fort Smith Transit","metadata_ntd_city":"Fort Smith","metadata_ntd_state":"AR","metadata_gtfs_route_count":7,"metadata_gtfs_trip_count":147,"metadata_gtfs_shape_count":15,"metadata_gtfs_stop_count":409,"metadata_ntd_agency_voms":10,"metadata_ntd_total_facilities":4,"metadata_ntd_maintenance_facilities":2,"metadata_ntd_passenger_stations":1,"metadata_tam_tier":"Tier II","metadata_service_area_sq_miles":65,"metadata_service_area_population":86209,"metadata_route_types_json":"{\"3\":7}","metadata_ntd_facilities_json":"{\"maintenance_facilities\":2,\"administrative_and_other_non_passenger_facilities\":1,\"passenger_stations_and_terminals\":1,\"parking_and_other_passenger_facilities\":0,\"total_facilities\":4,\"bus_transfer_centers\":1,\"elevated_fixed_guideway_stations\":0,\"at_grade_fixed_guideway_stations\":0,\"underground_fixed_guideway_stations\":0,\"simple_at_grade_platform_stations\":0,\"exclusive_grade_separated_platform_stations\":0,\"ferryboat_terminals\":0,\"surface_parking_lots\":0,\"parking_structures\":0}","metadata_tam_modes_json":"{\"DR\":{\"total_units_2024\":5,\"units_under_threshold_2024\":0,\"voms_2024\":3,\"total_modal_vrm_2024\":163578,\"total_modal_upt_2024\":19821},\"MB\":{\"total_units_2024\":22,\"units_under_threshold_2024\":0,\"voms_2024\":14,\"total_modal_vrm_2024\":607970,\"total_modal_upt_2024\":469580}}"},"geometry":{"type":"Point","coordinates":[-94.403873,35.400974]}},{"type":"Feature","properties":{"stop_id":"Midtown Apartments_Rogers Ave @ Lexington AveMidtown Apartments_35.381943_-94.417511","stop_code":"","stop_name":"Midtown Apartments","stop_desc":"","zone_id":"","stop_url":"","location_type":"","parent_station":"","stop_timezone":"","wheelchair_boarding":"","feed_id":"Arkansas__City_of_Fort_Smith__mdb_ntd-60086","agency_name":"City of Fort Smith Transit","route_count":1,"route_ids":"Rogers Express","route_short_names":"","route_types":"3","route_type_names":"Bus","routes_json":"[{\"route_id\":\"Rogers Express\",\"route_short_name\":\"\",\"route_long_name\":\"Rogers Express\",\"route_type\":\"3\",\"route_type_name\":\"Bus\",\"route_color\":\"4472C4\",\"route_text_color\":\"FFFFFF\"}]","metadata_feed_id":"Arkansas__City_of_Fort_Smith__mdb_ntd-60086","metadata_agency_names":"City of Fort Smith Transit","metadata_ntd_id":"60086","metadata_ntd_match_method":"manual_override","metadata_ntd_agency":"City of Fort Smith, dba: Fort Smith Transit","metadata_ntd_city":"Fort Smith","metadata_ntd_state":"AR","metadata_gtfs_route_count":7,"metadata_gtfs_trip_count":147,"metadata_gtfs_shape_count":15,"metadata_gtfs_stop_count":409,"metadata_ntd_agency_voms":10,"metadata_ntd_total_facilities":4,"metadata_ntd_maintenance_facilities":2,"metadata_ntd_passenger_stations":1,"metadata_tam_tier":"Tier II","metadata_service_area_sq_miles":65,"metadata_service_area_population":86209,"metadata_route_types_json":"{\"3\":7}","metadata_ntd_facilities_json":"{\"maintenance_facilities\":2,\"administrative_and_other_non_passenger_facilities\":1,\"passenger_stations_and_terminals\":1,\"parking_and_other_passenger_facilities\":0,\"total_facilities\":4,\"bus_transfer_centers\":1,\"elevated_fixed_guideway_stations\":0,\"at_grade_fixed_guideway_stations\":0,\"underground_fixed_guideway_stations\":0,\"simple_at_grade_platform_stations\":0,\"exclusive_grade_separated_platform_stations\":0,\"ferryboat_terminals\":0,\"surface_parking_lots\":0,\"parking_structures\":0}","metadata_tam_modes_json":"{\"DR\":{\"total_units_2024\":5,\"units_under_threshold_2024\":0,\"voms_2024\":3,\"total_modal_vrm_2024\":163578,\"total_modal_upt_2024\":19821},\"MB\":{\"total_units_2024\":22,\"units_under_threshold_2024\":0,\"voms_2024\":14,\"total_modal_vrm_2024\":607970,\"total_modal_upt_2024\":469580}}"},"geometry":{"type":"Point","coordinates":[-94.417511,35.381943]}},{"type":"Feature","properties":{"stop_id":"Midtown Apartments - 1411 Rogers Ave _1411 Rogers Ave Midtown Apartments_35.381908_-94.417444","stop_code":"","stop_name":"Midtown Apartments - 1411 Rogers Ave","stop_desc":"","zone_id":"","stop_url":"","location_type":"","parent_station":"","stop_timezone":"","wheelchair_boarding":"","feed_id":"Arkansas__City_of_Fort_Smith__mdb_ntd-60086","agency_name":"City of Fort Smith Transit","route_count":1,"route_ids":"Rogers Express","route_short_names":"","route_types":"3","route_type_names":"Bus","routes_json":"[{\"route_id\":\"Rogers Express\",\"route_short_name\":\"\",\"route_long_name\":\"Rogers Express\",\"route_type\":\"3\",\"route_type_name\":\"Bus\",\"route_color\":\"4472C4\",\"route_text_color\":\"FFFFFF\"}]","metadata_feed_id":"Arkansas__City_of_Fort_Smith__mdb_ntd-60086","metadata_agency_names":"City of Fort Smith Transit","metadata_ntd_id":"60086","metadata_ntd_match_method":"manual_override","metadata_ntd_agency":"City of Fort Smith, dba: Fort Smith Transit","metadata_ntd_city":"Fort Smith","metadata_ntd_state":"AR","metadata_gtfs_route_count":7,"metadata_gtfs_trip_count":147,"metadata_gtfs_shape_count":15,"metadata_gtfs_stop_count":409,"metadata_ntd_agency_voms":10,"metadata_ntd_total_facilities":4,"metadata_ntd_maintenance_facilities":2,"metadata_ntd_passenger_stations":1,"metadata_tam_tier":"Tier II","metadata_service_area_sq_miles":65,"metadata_service_area_population":86209,"metadata_route_types_json":"{\"3\":7}","metadata_ntd_facilities_json":"{\"maintenance_facilities\":2,\"administrative_and_other_non_passenger_facilities\":1,\"passenger_stations_and_terminals\":1,\"parking_and_other_passenger_facilities\":0,\"total_facilities\":4,\"bus_transfer_centers\":1,\"elevated_fixed_guideway_stations\":0,\"at_grade_fixed_guideway_stations\":0,\"underground_fixed_guideway_stations\":0,\"simple_at_grade_platform_stations\":0,\"exclusive_grade_separated_platform_stations\":0,\"ferryboat_terminals\":0,\"surface_parking_lots\":0,\"parking_structures\":0}","metadata_tam_modes_json":"{\"DR\":{\"total_units_2024\":5,\"units_under_threshold_2024\":0,\"voms_2024\":3,\"total_modal_vrm_2024\":163578,\"total_modal_upt_2024\":19821},\"MB\":{\"total_units_2024\":22,\"units_under_threshold_2024\":0,\"voms_2024\":14,\"total_modal_vrm_2024\":607970,\"total_modal_upt_2024\":469580}}"},"geometry":{"type":"Point","coordinates":[-94.417444,35.381908]}},{"type":"Feature","properties":{"stop_id":"N 10th St @ N F St_N 10th St @ N F St_35.389428_-94.417037","stop_code":"","stop_name":"N 10th St @ N F St","stop_desc":"","zone_id":"","stop_url":"","location_type":"","parent_station":"","stop_timezone":"","wheelchair_boarding":"","feed_id":"Arkansas__City_of_Fort_Smith__mdb_ntd-60086","agency_name":"City of Fort Smith Transit","route_count":1,"route_ids":"Midland","route_short_names":"","route_types":"3","route_type_names":"Bus","routes_json":"[{\"route_id\":\"Midland\",\"route_short_name\":\"\",\"route_long_name\":\"Midland\",\"route_type\":\"3\",\"route_type_name\":\"Bus\",\"route_color\":\"F51414\",\"route_text_color\":\"FFFFFF\"}]","metadata_feed_id":"Arkansas__City_of_Fort_Smith__mdb_ntd-60086","metadata_agency_names":"City of Fort Smith Transit","metadata_ntd_id":"60086","metadata_ntd_match_method":"manual_override","metadata_ntd_agency":"City of Fort Smith, dba: Fort Smith Transit","metadata_ntd_city":"Fort Smith","metadata_ntd_state":"AR","metadata_gtfs_route_count":7,"metadata_gtfs_trip_count":147,"metadata_gtfs_shape_count":15,"metadata_gtfs_stop_count":409,"metadata_ntd_agency_voms":10,"metadata_ntd_total_facilities":4,"metadata_ntd_maintenance_facilities":2,"metadata_ntd_passenger_stations":1,"metadata_tam_tier":"Tier II","metadata_service_area_sq_miles":65,"metadata_service_area_population":86209,"metadata_route_types_json":"{\"3\":7}","metadata_ntd_facilities_json":"{\"maintenance_facilities\":2,\"administrative_and_other_non_passenger_facilities\":1,\"passenger_stations_and_terminals\":1,\"parking_and_other_passenger_facilities\":0,\"total_facilities\":4,\"bus_transfer_centers\":1,\"elevated_fixed_guideway_stations\":0,\"at_grade_fixed_guideway_stations\":0,\"underground_fixed_guideway_stations\":0,\"simple_at_grade_platform_stations\":0,\"exclusive_grade_separated_platform_stations\":0,\"ferryboat_terminals\":0,\"surface_parking_lots\":0,\"parking_structures\":0}","metadata_tam_modes_json":"{\"DR\":{\"total_units_2024\":5,\"units_under_threshold_2024\":0,\"voms_2024\":3,\"total_modal_vrm_2024\":163578,\"total_modal_upt_2024\":19821},\"MB\":{\"total_units_2024\":22,\"units_under_threshold_2024\":0,\"voms_2024\":14,\"total_modal_vrm_2024\":607970,\"total_modal_upt_2024\":469580}}"},"geometry":{"type":"Point","coordinates":[-94.417037,35.389428]}},{"type":"Feature","properties":{"stop_id":"N 10th St @ N G St_N 10th St @ N G St_35.390182_-94.416296","stop_code":"","stop_name":"N 10th St @ N G St","stop_desc":"","zone_id":"","stop_url":"","location_type":"","parent_station":"","stop_timezone":"","wheelchair_boarding":"","feed_id":"Arkansas__City_of_Fort_Smith__mdb_ntd-60086","agency_name":"City of Fort Smith Transit","route_count":1,"route_ids":"Midland","route_short_names":"","route_types":"3","route_type_names":"Bus","routes_json":"[{\"route_id\":\"Midland\",\"route_short_name\":\"\",\"route_long_name\":\"Midland\",\"route_type\":\"3\",\"route_type_name\":\"Bus\",\"route_color\":\"F51414\",\"route_text_color\":\"FFFFFF\"}]","metadata_feed_id":"Arkansas__City_of_Fort_Smith__mdb_ntd-60086","metadata_agency_names":"City of Fort Smith Transit","metadata_ntd_id":"60086","metadata_ntd_match_method":"manual_override","metadata_ntd_agency":"City of Fort Smith, dba: Fort Smith Transit","metadata_ntd_city":"Fort Smith","metadata_ntd_state":"AR","metadata_gtfs_route_count":7,"metadata_gtfs_trip_count":147,"metadata_gtfs_shape_count":15,"metadata_gtfs_stop_count":409,"metadata_ntd_agency_voms":10,"metadata_ntd_total_facilities":4,"metadata_ntd_maintenance_facilities":2,"metadata_ntd_passenger_stations":1,"metadata_tam_tier":"Tier II","metadata_service_area_sq_miles":65,"metadata_service_area_population":86209,"metadata_route_types_json":"{\"3\":7}","metadata_ntd_facilities_json":"{\"maintenance_facilities\":2,\"administrative_and_other_non_passenger_facilities\":1,\"passenger_stations_and_terminals\":1,\"parking_and_other_passenger_facilities\":0,\"total_facilities\":4,\"bus_transfer_centers\":1,\"elevated_fixed_guideway_stations\":0,\"at_grade_fixed_guideway_stations\":0,\"underground_fixed_guideway_stations\":0,\"simple_at_grade_platform_stations\":0,\"exclusive_grade_separated_platform_stations\":0,\"ferryboat_terminals\":0,\"surface_parking_lots\":0,\"parking_structures\":0}","metadata_tam_modes_json":"{\"DR\":{\"total_units_2024\":5,\"units_under_threshold_2024\":0,\"voms_2024\":3,\"total_modal_vrm_2024\":163578,\"total_modal_upt_2024\":19821},\"MB\":{\"total_units_2024\":22,\"units_under_threshold_2024\":0,\"voms_2024\":14,\"total_modal_vrm_2024\":607970,\"total_modal_upt_2024\":469580}}"},"geometry":{"type":"Point","coordinates":[-94.416296,35.390182]}},{"type":"Feature","properties":{"stop_id":"N 10th St @ N I St_N 10th St @ N I St_35.391670_-94.414827","stop_code":"","stop_name":"N 10th St @ N I St","stop_desc":"","zone_id":"","stop_url":"","location_type":"","parent_station":"","stop_timezone":"","wheelchair_boarding":"","feed_id":"Arkansas__City_of_Fort_Smith__mdb_ntd-60086","agency_name":"City of Fort Smith Transit","route_count":1,"route_ids":"Midland","route_short_names":"","route_types":"3","route_type_names":"Bus","routes_json":"[{\"route_id\":\"Midland\",\"route_short_name\":\"\",\"route_long_name\":\"Midland\",\"route_type\":\"3\",\"route_type_name\":\"Bus\",\"route_color\":\"F51414\",\"route_text_color\":\"FFFFFF\"}]","metadata_feed_id":"Arkansas__City_of_Fort_Smith__mdb_ntd-60086","metadata_agency_names":"City of Fort Smith Transit","metadata_ntd_id":"60086","metadata_ntd_match_method":"manual_override","metadata_ntd_agency":"City of Fort Smith, dba: Fort Smith Transit","metadata_ntd_city":"Fort Smith","metadata_ntd_state":"AR","metadata_gtfs_route_count":7,"metadata_gtfs_trip_count":147,"metadata_gtfs_shape_count":15,"metadata_gtfs_stop_count":409,"metadata_ntd_agency_voms":10,"metadata_ntd_total_facilities":4,"metadata_ntd_maintenance_facilities":2,"metadata_ntd_passenger_stations":1,"metadata_tam_tier":"Tier II","metadata_service_area_sq_miles":65,"metadata_service_area_population":86209,"metadata_route_types_json":"{\"3\":7}","metadata_ntd_facilities_json":"{\"maintenance_facilities\":2,\"administrative_and_other_non_passenger_facilities\":1,\"passenger_stations_and_terminals\":1,\"parking_and_other_passenger_facilities\":0,\"total_facilities\":4,\"bus_transfer_centers\":1,\"elevated_fixed_guideway_stations\":0,\"at_grade_fixed_guideway_stations\":0,\"underground_fixed_guideway_stations\":0,\"simple_at_grade_platform_stations\":0,\"exclusive_grade_separated_platform_stations\":0,\"ferryboat_terminals\":0,\"surface_parking_lots\":0,\"parking_structures\":0}","metadata_tam_modes_json":"{\"DR\":{\"total_units_2024\":5,\"units_under_threshold_2024\":0,\"voms_2024\":3,\"total_modal_vrm_2024\":163578,\"total_modal_upt_2024\":19821},\"MB\":{\"total_units_2024\":22,\"units_under_threshold_2024\":0,\"voms_2024\":14,\"total_modal_vrm_2024\":607970,\"total_modal_upt_2024\":469580}}"},"geometry":{"type":"Point","coordinates":[-94.414827,35.39167]}},{"type":"Feature","properties":{"stop_id":"N 10th St @ N K St_N 10th St @ N K St_35.393169_-94.413345","stop_code":"","stop_name":"N 10th St @ N K St","stop_desc":"","zone_id":"","stop_url":"","location_type":"","parent_station":"","stop_timezone":"","wheelchair_boarding":"","feed_id":"Arkansas__City_of_Fort_Smith__mdb_ntd-60086","agency_name":"City of Fort Smith Transit","route_count":1,"route_ids":"Midland","route_short_names":"","route_types":"3","route_type_names":"Bus","routes_json":"[{\"route_id\":\"Midland\",\"route_short_name\":\"\",\"route_long_name\":\"Midland\",\"route_type\":\"3\",\"route_type_name\":\"Bus\",\"route_color\":\"F51414\",\"route_text_color\":\"FFFFFF\"}]","metadata_feed_id":"Arkansas__City_of_Fort_Smith__mdb_ntd-60086","metadata_agency_names":"City of Fort Smith Transit","metadata_ntd_id":"60086","metadata_ntd_match_method":"manual_override","metadata_ntd_agency":"City of Fort Smith, dba: Fort Smith Transit","metadata_ntd_city":"Fort Smith","metadata_ntd_state":"AR","metadata_gtfs_route_count":7,"metadata_gtfs_trip_count":147,"metadata_gtfs_shape_count":15,"metadata_gtfs_stop_count":409,"metadata_ntd_agency_voms":10,"metadata_ntd_total_facilities":4,"metadata_ntd_maintenance_facilities":2,"metadata_ntd_passenger_stations":1,"metadata_tam_tier":"Tier II","metadata_service_area_sq_miles":65,"metadata_service_area_population":86209,"metadata_route_types_json":"{\"3\":7}","metadata_ntd_facilities_json":"{\"maintenance_facilities\":2,\"administrative_and_other_non_passenger_facilities\":1,\"passenger_stations_and_terminals\":1,\"parking_and_other_passenger_facilities\":0,\"total_facilities\":4,\"bus_transfer_centers\":1,\"elevated_fixed_guideway_stations\":0,\"at_grade_fixed_guideway_stations\":0,\"underground_fixed_guideway_stations\":0,\"simple_at_grade_platform_stations\":0,\"exclusive_grade_separated_platform_stations\":0,\"ferryboat_terminals\":0,\"surface_parking_lots\":0,\"parking_structures\":0}","metadata_tam_modes_json":"{\"DR\":{\"total_units_2024\":5,\"units_under_threshold_2024\":0,\"voms_2024\":3,\"total_modal_vrm_2024\":163578,\"total_modal_upt_2024\":19821},\"MB\":{\"total_units_2024\":22,\"units_under_threshold_2024\":0,\"voms_2024\":14,\"total_modal_vrm_2024\":607970,\"total_modal_upt_2024\":469580}}"},"geometry":{"type":"Point","coordinates":[-94.413345,35.393169]}},{"type":"Feature","properties":{"stop_id":"N 11th St @ N B St_N 11th St @ N B St_35.385853_-94.419144","stop_code":"","stop_name":"N 11th St @ N B St","stop_desc":"","zone_id":"","stop_url":"","location_type":"","parent_station":"","stop_timezone":"","wheelchair_boarding":"","feed_id":"Arkansas__City_of_Fort_Smith__mdb_ntd-60086","agency_name":"City of Fort Smith Transit","route_count":2,"route_ids":"Grand|Midland","route_short_names":"","route_types":"3","route_type_names":"Bus","routes_json":"[{\"route_id\":\"Grand\",\"route_short_name\":\"\",\"route_long_name\":\"Grand\",\"route_type\":\"3\",\"route_type_name\":\"Bus\",\"route_color\":\"FFD700\",\"route_text_color\":\"000000\"},{\"route_id\":\"Midland\",\"route_short_name\":\"\",\"route_long_name\":\"Midland\",\"route_type\":\"3\",\"route_type_name\":\"Bus\",\"route_color\":\"F51414\",\"route_text_color\":\"FFFFFF\"}]","metadata_feed_id":"Arkansas__City_of_Fort_Smith__mdb_ntd-60086","metadata_agency_names":"City of Fort Smith Transit","metadata_ntd_id":"60086","metadata_ntd_match_method":"manual_override","metadata_ntd_agency":"City of Fort Smith, dba: Fort Smith Transit","metadata_ntd_city":"Fort Smith","metadata_ntd_state":"AR","metadata_gtfs_route_count":7,"metadata_gtfs_trip_count":147,"metadata_gtfs_shape_count":15,"metadata_gtfs_stop_count":409,"metadata_ntd_agency_voms":10,"metadata_ntd_total_facilities":4,"metadata_ntd_maintenance_facilities":2,"metadata_ntd_passenger_stations":1,"metadata_tam_tier":"Tier II","metadata_service_area_sq_miles":65,"metadata_service_area_population":86209,"metadata_route_types_json":"{\"3\":7}","metadata_ntd_facilities_json":"{\"maintenance_facilities\":2,\"administrative_and_other_non_passenger_facilities\":1,\"passenger_stations_and_terminals\":1,\"parking_and_other_passenger_facilities\":0,\"total_facilities\":4,\"bus_transfer_centers\":1,\"elevated_fixed_guideway_stations\":0,\"at_grade_fixed_guideway_stations\":0,\"underground_fixed_guideway_stations\":0,\"simple_at_grade_platform_stations\":0,\"exclusive_grade_separated_platform_stations\":0,\"ferryboat_terminals\":0,\"surface_parking_lots\":0,\"parking_structures\":0}","metadata_tam_modes_json":"{\"DR\":{\"total_units_2024\":5,\"units_under_threshold_2024\":0,\"voms_2024\":3,\"total_modal_vrm_2024\":163578,\"total_modal_upt_2024\":19821},\"MB\":{\"total_units_2024\":22,\"units_under_threshold_2024\":0,\"voms_2024\":14,\"total_modal_vrm_2024\":607970,\"total_modal_upt_2024\":469580}}"},"geometry":{"type":"Point","coordinates":[-94.419144,35.385853]}},{"type":"Feature","properties":{"stop_id":"N 12th St @ N D St_N 12th St @ N D St_35.386776_-94.416632","stop_code":"","stop_name":"N 12th St @ N D St","stop_desc":"","zone_id":"","stop_url":"","location_type":"","parent_station":"","stop_timezone":"","wheelchair_boarding":"","feed_id":"Arkansas__City_of_Fort_Smith__mdb_ntd-60086","agency_name":"City of Fort Smith Transit","route_count":1,"route_ids":"Shuttle","route_short_names":"","route_types":"3","route_type_names":"Bus","routes_json":"[{\"route_id\":\"Shuttle\",\"route_short_name\":\"\",\"route_long_name\":\"Shuttle\",\"route_type\":\"3\",\"route_type_name\":\"Bus\",\"route_color\":\"000000\",\"route_text_color\":\"FFFFFF\"}]","metadata_feed_id":"Arkansas__City_of_Fort_Smith__mdb_ntd-60086","metadata_agency_names":"City of Fort Smith Transit","metadata_ntd_id":"60086","metadata_ntd_match_method":"manual_override","metadata_ntd_agency":"City of Fort Smith, dba: Fort Smith Transit","metadata_ntd_city":"Fort Smith","metadata_ntd_state":"AR","metadata_gtfs_route_count":7,"metadata_gtfs_trip_count":147,"metadata_gtfs_shape_count":15,"metadata_gtfs_stop_count":409,"metadata_ntd_agency_voms":10,"metadata_ntd_total_facilities":4,"metadata_ntd_maintenance_facilities":2,"metadata_ntd_passenger_stations":1,"metadata_tam_tier":"Tier II","metadata_service_area_sq_miles":65,"metadata_service_area_population":86209,"metadata_route_types_json":"{\"3\":7}","metadata_ntd_facilities_json":"{\"maintenance_facilities\":2,\"administrative_and_other_non_passenger_facilities\":1,\"passenger_stations_and_terminals\":1,\"parking_and_other_passenger_facilities\":0,\"total_facilities\":4,\"bus_transfer_centers\":1,\"elevated_fixed_guideway_stations\":0,\"at_grade_fixed_guideway_stations\":0,\"underground_fixed_guideway_stations\":0,\"simple_at_grade_platform_stations\":0,\"exclusive_grade_separated_platform_stations\":0,\"ferryboat_terminals\":0,\"surface_parking_lots\":0,\"parking_structures\":0}","metadata_tam_modes_json":"{\"DR\":{\"total_units_2024\":5,\"units_under_threshold_2024\":0,\"voms_2024\":3,\"total_modal_vrm_2024\":163578,\"total_modal_upt_2024\":19821},\"MB\":{\"total_units_2024\":22,\"units_under_threshold_2024\":0,\"voms_2024\":14,\"total_modal_vrm_2024\":607970,\"total_modal_upt_2024\":469580}}"},"geometry":{"type":"Point","coordinates":[-94.416632,35.386776]}},{"type":"Feature","properties":{"stop_id":"N 12th St @ N F St_N 12th St @ N F St_35.388173_-94.415252","stop_code":"","stop_name":"N 12th St @ N F St","stop_desc":"","zone_id":"","stop_url":"","location_type":"","parent_station":"","stop_timezone":"","wheelchair_boarding":"","feed_id":"Arkansas__City_of_Fort_Smith__mdb_ntd-60086","agency_name":"City of Fort Smith Transit","route_count":1,"route_ids":"Midland","route_short_names":"","route_types":"3","route_type_names":"Bus","routes_json":"[{\"route_id\":\"Midland\",\"route_short_name\":\"\",\"route_long_name\":\"Midland\",\"route_type\":\"3\",\"route_type_name\":\"Bus\",\"route_color\":\"F51414\",\"route_text_color\":\"FFFFFF\"}]","metadata_feed_id":"Arkansas__City_of_Fort_Smith__mdb_ntd-60086","metadata_agency_names":"City of Fort Smith Transit","metadata_ntd_id":"60086","metadata_ntd_match_method":"manual_override","metadata_ntd_agency":"City of Fort Smith, dba: Fort Smith Transit","metadata_ntd_city":"Fort Smith","metadata_ntd_state":"AR","metadata_gtfs_route_count":7,"metadata_gtfs_trip_count":147,"metadata_gtfs_shape_count":15,"metadata_gtfs_stop_count":409,"metadata_ntd_agency_voms":10,"metadata_ntd_total_facilities":4,"metadata_ntd_maintenance_facilities":2,"metadata_ntd_passenger_stations":1,"metadata_tam_tier":"Tier II","metadata_service_area_sq_miles":65,"metadata_service_area_population":86209,"metadata_route_types_json":"{\"3\":7}","metadata_ntd_facilities_json":"{\"maintenance_facilities\":2,\"administrative_and_other_non_passenger_facilities\":1,\"passenger_stations_and_terminals\":1,\"parking_and_other_passenger_facilities\":0,\"total_facilities\":4,\"bus_transfer_centers\":1,\"elevated_fixed_guideway_stations\":0,\"at_grade_fixed_guideway_stations\":0,\"underground_fixed_guideway_stations\":0,\"simple_at_grade_platform_stations\":0,\"exclusive_grade_separated_platform_stations\":0,\"ferryboat_terminals\":0,\"surface_parking_lots\":0,\"parking_structures\":0}","metadata_tam_modes_json":"{\"DR\":{\"total_units_2024\":5,\"units_under_threshold_2024\":0,\"voms_2024\":3,\"total_modal_vrm_2024\":163578,\"total_modal_upt_2024\":19821},\"MB\":{\"total_units_2024\":22,\"units_under_threshold_2024\":0,\"voms_2024\":14,\"total_modal_vrm_2024\":607970,\"total_modal_upt_2024\":469580}}"},"geometry":{"type":"Point","coordinates":[-94.415252,35.388173]}},{"type":"Feature","properties":{"stop_id":"N 12th St @ N H St_N 12th St @ N H St_35.389693_-94.413776","stop_code":"","stop_name":"N 12th St @ N H St","stop_desc":"","zone_id":"","stop_url":"","location_type":"","parent_station":"","stop_timezone":"","wheelchair_boarding":"","feed_id":"Arkansas__City_of_Fort_Smith__mdb_ntd-60086","agency_name":"City of Fort Smith Transit","route_count":1,"route_ids":"Midland","route_short_names":"","route_types":"3","route_type_names":"Bus","routes_json":"[{\"route_id\":\"Midland\",\"route_short_name\":\"\",\"route_long_name\":\"Midland\",\"route_type\":\"3\",\"route_type_name\":\"Bus\",\"route_color\":\"F51414\",\"route_text_color\":\"FFFFFF\"}]","metadata_feed_id":"Arkansas__City_of_Fort_Smith__mdb_ntd-60086","metadata_agency_names":"City of Fort Smith Transit","metadata_ntd_id":"60086","metadata_ntd_match_method":"manual_override","metadata_ntd_agency":"City of Fort Smith, dba: Fort Smith Transit","metadata_ntd_city":"Fort Smith","metadata_ntd_state":"AR","metadata_gtfs_route_count":7,"metadata_gtfs_trip_count":147,"metadata_gtfs_shape_count":15,"metadata_gtfs_stop_count":409,"metadata_ntd_agency_voms":10,"metadata_ntd_total_facilities":4,"metadata_ntd_maintenance_facilities":2,"metadata_ntd_passenger_stations":1,"metadata_tam_tier":"Tier II","metadata_service_area_sq_miles":65,"metadata_service_area_population":86209,"metadata_route_types_json":"{\"3\":7}","metadata_ntd_facilities_json":"{\"maintenance_facilities\":2,\"administrative_and_other_non_passenger_facilities\":1,\"passenger_stations_and_terminals\":1,\"parking_and_other_passenger_facilities\":0,\"total_facilities\":4,\"bus_transfer_centers\":1,\"elevated_fixed_guideway_stations\":0,\"at_grade_fixed_guideway_stations\":0,\"underground_fixed_guideway_stations\":0,\"simple_at_grade_platform_stations\":0,\"exclusive_grade_separated_platform_stations\":0,\"ferryboat_terminals\":0,\"surface_parking_lots\":0,\"parking_structures\":0}","metadata_tam_modes_json":"{\"DR\":{\"total_units_2024\":5,\"units_under_threshold_2024\":0,\"voms_2024\":3,\"total_modal_vrm_2024\":163578,\"total_modal_upt_2024\":19821},\"MB\":{\"total_units_2024\":22,\"units_under_threshold_2024\":0,\"voms_2024\":14,\"total_modal_vrm_2024\":607970,\"total_modal_upt_2024\":469580}}"},"geometry":{"type":"Point","coordinates":[-94.413776,35.389693]}},{"type":"Feature","properties":{"stop_id":"N 12th St @ N K St_N 12th St @ N K St_35.391897_-94.411593","stop_code":"","stop_name":"N 12th St @ N K St","stop_desc":"","zone_id":"","stop_url":"","location_type":"","parent_station":"","stop_timezone":"","wheelchair_boarding":"","feed_id":"Arkansas__City_of_Fort_Smith__mdb_ntd-60086","agency_name":"City of Fort Smith Transit","route_count":1,"route_ids":"Midland","route_short_names":"","route_types":"3","route_type_names":"Bus","routes_json":"[{\"route_id\":\"Midland\",\"route_short_name\":\"\",\"route_long_name\":\"Midland\",\"route_type\":\"3\",\"route_type_name\":\"Bus\",\"route_color\":\"F51414\",\"route_text_color\":\"FFFFFF\"}]","metadata_feed_id":"Arkansas__City_of_Fort_Smith__mdb_ntd-60086","metadata_agency_names":"City of Fort Smith Transit","metadata_ntd_id":"60086","metadata_ntd_match_method":"manual_override","metadata_ntd_agency":"City of Fort Smith, dba: Fort Smith Transit","metadata_ntd_city":"Fort Smith","metadata_ntd_state":"AR","metadata_gtfs_route_count":7,"metadata_gtfs_trip_count":147,"metadata_gtfs_shape_count":15,"metadata_gtfs_stop_count":409,"metadata_ntd_agency_voms":10,"metadata_ntd_total_facilities":4,"metadata_ntd_maintenance_facilities":2,"metadata_ntd_passenger_stations":1,"metadata_tam_tier":"Tier II","metadata_service_area_sq_miles":65,"metadata_service_area_population":86209,"metadata_route_types_json":"{\"3\":7}","metadata_ntd_facilities_json":"{\"maintenance_facilities\":2,\"administrative_and_other_non_passenger_facilities\":1,\"passenger_stations_and_terminals\":1,\"parking_and_other_passenger_facilities\":0,\"total_facilities\":4,\"bus_transfer_centers\":1,\"elevated_fixed_guideway_stations\":0,\"at_grade_fixed_guideway_stations\":0,\"underground_fixed_guideway_stations\":0,\"simple_at_grade_platform_stations\":0,\"exclusive_grade_separated_platform_stations\":0,\"ferryboat_terminals\":0,\"surface_parking_lots\":0,\"parking_structures\":0}","metadata_tam_modes_json":"{\"DR\":{\"total_units_2024\":5,\"units_under_threshold_2024\":0,\"voms_2024\":3,\"total_modal_vrm_2024\":163578,\"total_modal_upt_2024\":19821},\"MB\":{\"total_units_2024\":22,\"units_under_threshold_2024\":0,\"voms_2024\":14,\"total_modal_vrm_2024\":607970,\"total_modal_upt_2024\":469580}}"},"geometry":{"type":"Point","coordinates":[-94.411593,35.391897]}},{"type":"Feature","properties":{"stop_id":"N 12th St @ N M St_N 12th St @ N M St_35.393391_-94.410108","stop_code":"","stop_name":"N 12th St @ N M St","stop_desc":"","zone_id":"","stop_url":"","location_type":"","parent_station":"","stop_timezone":"","wheelchair_boarding":"","feed_id":"Arkansas__City_of_Fort_Smith__mdb_ntd-60086","agency_name":"City of Fort Smith Transit","route_count":1,"route_ids":"Midland","route_short_names":"","route_types":"3","route_type_names":"Bus","routes_json":"[{\"route_id\":\"Midland\",\"route_short_name\":\"\",\"route_long_name\":\"Midland\",\"route_type\":\"3\",\"route_type_name\":\"Bus\",\"route_color\":\"F51414\",\"route_text_color\":\"FFFFFF\"}]","metadata_feed_id":"Arkansas__City_of_Fort_Smith__mdb_ntd-60086","metadata_agency_names":"City of Fort Smith Transit","metadata_ntd_id":"60086","metadata_ntd_match_method":"manual_override","metadata_ntd_agency":"City of Fort Smith, dba: Fort Smith Transit","metadata_ntd_city":"Fort Smith","metadata_ntd_state":"AR","metadata_gtfs_route_count":7,"metadata_gtfs_trip_count":147,"metadata_gtfs_shape_count":15,"metadata_gtfs_stop_count":409,"metadata_ntd_agency_voms":10,"metadata_ntd_total_facilities":4,"metadata_ntd_maintenance_facilities":2,"metadata_ntd_passenger_stations":1,"metadata_tam_tier":"Tier II","metadata_service_area_sq_miles":65,"metadata_service_area_population":86209,"metadata_route_types_json":"{\"3\":7}","metadata_ntd_facilities_json":"{\"maintenance_facilities\":2,\"administrative_and_other_non_passenger_facilities\":1,\"passenger_stations_and_terminals\":1,\"parking_and_other_passenger_facilities\":0,\"total_facilities\":4,\"bus_transfer_centers\":1,\"elevated_fixed_guideway_stations\":0,\"at_grade_fixed_guideway_stations\":0,\"underground_fixed_guideway_stations\":0,\"simple_at_grade_platform_stations\":0,\"exclusive_grade_separated_platform_stations\":0,\"ferryboat_terminals\":0,\"surface_parking_lots\":0,\"parking_structures\":0}","metadata_tam_modes_json":"{\"DR\":{\"total_units_2024\":5,\"units_under_threshold_2024\":0,\"voms_2024\":3,\"total_modal_vrm_2024\":163578,\"total_modal_upt_2024\":19821},\"MB\":{\"total_units_2024\":22,\"units_under_threshold_2024\":0,\"voms_2024\":14,\"total_modal_vrm_2024\":607970,\"total_modal_upt_2024\":469580}}"},"geometry":{"type":"Point","coordinates":[-94.410108,35.393391]}},{"type":"Feature","properties":{"stop_id":"N 15 @ Rogers Ave__35.381844_-94.417019","stop_code":"","stop_name":"N 15 @ Rogers Ave","stop_desc":"","zone_id":"","stop_url":"","location_type":"","parent_station":"","stop_timezone":"","wheelchair_boarding":"","feed_id":"Arkansas__City_of_Fort_Smith__mdb_ntd-60086","agency_name":"City of Fort Smith Transit","route_count":1,"route_ids":"Shuttle","route_short_names":"","route_types":"3","route_type_names":"Bus","routes_json":"[{\"route_id\":\"Shuttle\",\"route_short_name\":\"\",\"route_long_name\":\"Shuttle\",\"route_type\":\"3\",\"route_type_name\":\"Bus\",\"route_color\":\"000000\",\"route_text_color\":\"FFFFFF\"}]","metadata_feed_id":"Arkansas__City_of_Fort_Smith__mdb_ntd-60086","metadata_agency_names":"City of Fort Smith Transit","metadata_ntd_id":"60086","metadata_ntd_match_method":"manual_override","metadata_ntd_agency":"City of Fort Smith, dba: Fort Smith Transit","metadata_ntd_city":"Fort Smith","metadata_ntd_state":"AR","metadata_gtfs_route_count":7,"metadata_gtfs_trip_count":147,"metadata_gtfs_shape_count":15,"metadata_gtfs_stop_count":409,"metadata_ntd_agency_voms":10,"metadata_ntd_total_facilities":4,"metadata_ntd_maintenance_facilities":2,"metadata_ntd_passenger_stations":1,"metadata_tam_tier":"Tier II","metadata_service_area_sq_miles":65,"metadata_service_area_population":86209,"metadata_route_types_json":"{\"3\":7}","metadata_ntd_facilities_json":"{\"maintenance_facilities\":2,\"administrative_and_other_non_passenger_facilities\":1,\"passenger_stations_and_terminals\":1,\"parking_and_other_passenger_facilities\":0,\"total_facilities\":4,\"bus_transfer_centers\":1,\"elevated_fixed_guideway_stations\":0,\"at_grade_fixed_guideway_stations\":0,\"underground_fixed_guideway_stations\":0,\"simple_at_grade_platform_stations\":0,\"exclusive_grade_separated_platform_stations\":0,\"ferryboat_terminals\":0,\"surface_parking_lots\":0,\"parking_structures\":0}","metadata_tam_modes_json":"{\"DR\":{\"total_units_2024\":5,\"units_under_threshold_2024\":0,\"voms_2024\":3,\"total_modal_vrm_2024\":163578,\"total_modal_upt_2024\":19821},\"MB\":{\"total_units_2024\":22,\"units_under_threshold_2024\":0,\"voms_2024\":14,\"total_modal_vrm_2024\":607970,\"total_modal_upt_2024\":469580}}"},"geometry":{"type":"Point","coordinates":[-94.417019,35.381844]}},{"type":"Feature","properties":{"stop_id":"N 17th St & N B St_N 17th St & N B St_35.382180_-94.413680","stop_code":"","stop_name":"N 17th St & N B St","stop_desc":"","zone_id":"","stop_url":"","location_type":"","parent_station":"","stop_timezone":"","wheelchair_boarding":"","feed_id":"Arkansas__City_of_Fort_Smith__mdb_ntd-60086","agency_name":"City of Fort Smith Transit","route_count":1,"route_ids":"Shuttle","route_short_names":"","route_types":"3","route_type_names":"Bus","routes_json":"[{\"route_id\":\"Shuttle\",\"route_short_name\":\"\",\"route_long_name\":\"Shuttle\",\"route_type\":\"3\",\"route_type_name\":\"Bus\",\"route_color\":\"000000\",\"route_text_color\":\"FFFFFF\"}]","metadata_feed_id":"Arkansas__City_of_Fort_Smith__mdb_ntd-60086","metadata_agency_names":"City of Fort Smith Transit","metadata_ntd_id":"60086","metadata_ntd_match_method":"manual_override","metadata_ntd_agency":"City of Fort Smith, dba: Fort Smith Transit","metadata_ntd_city":"Fort Smith","metadata_ntd_state":"AR","metadata_gtfs_route_count":7,"metadata_gtfs_trip_count":147,"metadata_gtfs_shape_count":15,"metadata_gtfs_stop_count":409,"metadata_ntd_agency_voms":10,"metadata_ntd_total_facilities":4,"metadata_ntd_maintenance_facilities":2,"metadata_ntd_passenger_stations":1,"metadata_tam_tier":"Tier II","metadata_service_area_sq_miles":65,"metadata_service_area_population":86209,"metadata_route_types_json":"{\"3\":7}","metadata_ntd_facilities_json":"{\"maintenance_facilities\":2,\"administrative_and_other_non_passenger_facilities\":1,\"passenger_stations_and_terminals\":1,\"parking_and_other_passenger_facilities\":0,\"total_facilities\":4,\"bus_transfer_centers\":1,\"elevated_fixed_guideway_stations\":0,\"at_grade_fixed_guideway_stations\":0,\"underground_fixed_guideway_stations\":0,\"simple_at_grade_platform_stations\":0,\"exclusive_grade_separated_platform_stations\":0,\"ferryboat_terminals\":0,\"surface_parking_lots\":0,\"parking_structures\":0}","metadata_tam_modes_json":"{\"DR\":{\"total_units_2024\":5,\"units_under_threshold_2024\":0,\"voms_2024\":3,\"total_modal_vrm_2024\":163578,\"total_modal_upt_2024\":19821},\"MB\":{\"total_units_2024\":22,\"units_under_threshold_2024\":0,\"voms_2024\":14,\"total_modal_vrm_2024\":607970,\"total_modal_upt_2024\":469580}}"},"geometry":{"type":"Point","coordinates":[-94.41368,35.38218]}},{"type":"Feature","properties":{"stop_id":"N 19 St @ N B St__35.380830_-94.411944","stop_code":"","stop_name":"N 19 St @ N B St","stop_desc":"","zone_id":"","stop_url":"","location_type":"","parent_station":"","stop_timezone":"","wheelchair_boarding":"","feed_id":"Arkansas__City_of_Fort_Smith__mdb_ntd-60086","agency_name":"City of Fort Smith Transit","route_count":1,"route_ids":"Shuttle","route_short_names":"","route_types":"3","route_type_names":"Bus","routes_json":"[{\"route_id\":\"Shuttle\",\"route_short_name\":\"\",\"route_long_name\":\"Shuttle\",\"route_type\":\"3\",\"route_type_name\":\"Bus\",\"route_color\":\"000000\",\"route_text_color\":\"FFFFFF\"}]","metadata_feed_id":"Arkansas__City_of_Fort_Smith__mdb_ntd-60086","metadata_agency_names":"City of Fort Smith Transit","metadata_ntd_id":"60086","metadata_ntd_match_method":"manual_override","metadata_ntd_agency":"City of Fort Smith, dba: Fort Smith Transit","metadata_ntd_city":"Fort Smith","metadata_ntd_state":"AR","metadata_gtfs_route_count":7,"metadata_gtfs_trip_count":147,"metadata_gtfs_shape_count":15,"metadata_gtfs_stop_count":409,"metadata_ntd_agency_voms":10,"metadata_ntd_total_facilities":4,"metadata_ntd_maintenance_facilities":2,"metadata_ntd_passenger_stations":1,"metadata_tam_tier":"Tier II","metadata_service_area_sq_miles":65,"metadata_service_area_population":86209,"metadata_route_types_json":"{\"3\":7}","metadata_ntd_facilities_json":"{\"maintenance_facilities\":2,\"administrative_and_other_non_passenger_facilities\":1,\"passenger_stations_and_terminals\":1,\"parking_and_other_passenger_facilities\":0,\"total_facilities\":4,\"bus_transfer_centers\":1,\"elevated_fixed_guideway_stations\":0,\"at_grade_fixed_guideway_stations\":0,\"underground_fixed_guideway_stations\":0,\"simple_at_grade_platform_stations\":0,\"exclusive_grade_separated_platform_stations\":0,\"ferryboat_terminals\":0,\"surface_parking_lots\":0,\"parking_structures\":0}","metadata_tam_modes_json":"{\"DR\":{\"total_units_2024\":5,\"units_under_threshold_2024\":0,\"voms_2024\":3,\"total_modal_vrm_2024\":163578,\"total_modal_upt_2024\":19821},\"MB\":{\"total_units_2024\":22,\"units_under_threshold_2024\":0,\"voms_2024\":14,\"total_modal_vrm_2024\":607970,\"total_modal_upt_2024\":469580}}"},"geometry":{"type":"Point","coordinates":[-94.411944,35.38083]}},{"type":"Feature","properties":{"stop_id":"N 31st St @ Futral Dr_N 31st St @ Futral Dr_35.397693_-94.397238","stop_code":"","stop_name":"N 31st St @ Futral Dr","stop_desc":"","zone_id":"","stop_url":"","location_type":"","parent_station":"","stop_timezone":"","wheelchair_boarding":"","feed_id":"Arkansas__City_of_Fort_Smith__mdb_ntd-60086","agency_name":"City of Fort Smith Transit","route_count":1,"route_ids":"Midland","route_short_names":"","route_types":"3","route_type_names":"Bus","routes_json":"[{\"route_id\":\"Midland\",\"route_short_name\":\"\",\"route_long_name\":\"Midland\",\"route_type\":\"3\",\"route_type_name\":\"Bus\",\"route_color\":\"F51414\",\"route_text_color\":\"FFFFFF\"}]","metadata_feed_id":"Arkansas__City_of_Fort_Smith__mdb_ntd-60086","metadata_agency_names":"City of Fort Smith Transit","metadata_ntd_id":"60086","metadata_ntd_match_method":"manual_override","metadata_ntd_agency":"City of Fort Smith, dba: Fort Smith Transit","metadata_ntd_city":"Fort Smith","metadata_ntd_state":"AR","metadata_gtfs_route_count":7,"metadata_gtfs_trip_count":147,"metadata_gtfs_shape_count":15,"metadata_gtfs_stop_count":409,"metadata_ntd_agency_voms":10,"metadata_ntd_total_facilities":4,"metadata_ntd_maintenance_facilities":2,"metadata_ntd_passenger_stations":1,"metadata_tam_tier":"Tier II","metadata_service_area_sq_miles":65,"metadata_service_area_population":86209,"metadata_route_types_json":"{\"3\":7}","metadata_ntd_facilities_json":"{\"maintenance_facilities\":2,\"administrative_and_other_non_passenger_facilities\":1,\"passenger_stations_and_terminals\":1,\"parking_and_other_passenger_facilities\":0,\"total_facilities\":4,\"bus_transfer_centers\":1,\"elevated_fixed_guideway_stations\":0,\"at_grade_fixed_guideway_stations\":0,\"underground_fixed_guideway_stations\":0,\"simple_at_grade_platform_stations\":0,\"exclusive_grade_separated_platform_stations\":0,\"ferryboat_terminals\":0,\"surface_parking_lots\":0,\"parking_structures\":0}","metadata_tam_modes_json":"{\"DR\":{\"total_units_2024\":5,\"units_under_threshold_2024\":0,\"voms_2024\":3,\"total_modal_vrm_2024\":163578,\"total_modal_upt_2024\":19821},\"MB\":{\"total_units_2024\":22,\"units_under_threshold_2024\":0,\"voms_2024\":14,\"total_modal_vrm_2024\":607970,\"total_modal_upt_2024\":469580}}"},"geometry":{"type":"Point","coordinates":[-94.397238,35.397693]}},{"type":"Feature","properties":{"stop_id":"N 32nd St @ Birnie Ave_N 32nd St @ Birnie Ave_35.405937_-94.395893","stop_code":"","stop_name":"N 32nd St @ Birnie Ave","stop_desc":"","zone_id":"","stop_url":"","location_type":"","parent_station":"","stop_timezone":"","wheelchair_boarding":"","feed_id":"Arkansas__City_of_Fort_Smith__mdb_ntd-60086","agency_name":"City of Fort Smith Transit","route_count":1,"route_ids":"Midland","route_short_names":"","route_types":"3","route_type_names":"Bus","routes_json":"[{\"route_id\":\"Midland\",\"route_short_name\":\"\",\"route_long_name\":\"Midland\",\"route_type\":\"3\",\"route_type_name\":\"Bus\",\"route_color\":\"F51414\",\"route_text_color\":\"FFFFFF\"}]","metadata_feed_id":"Arkansas__City_of_Fort_Smith__mdb_ntd-60086","metadata_agency_names":"City of Fort Smith Transit","metadata_ntd_id":"60086","metadata_ntd_match_method":"manual_override","metadata_ntd_agency":"City of Fort Smith, dba: Fort Smith Transit","metadata_ntd_city":"Fort Smith","metadata_ntd_state":"AR","metadata_gtfs_route_count":7,"metadata_gtfs_trip_count":147,"metadata_gtfs_shape_count":15,"metadata_gtfs_stop_count":409,"metadata_ntd_agency_voms":10,"metadata_ntd_total_facilities":4,"metadata_ntd_maintenance_facilities":2,"metadata_ntd_passenger_stations":1,"metadata_tam_tier":"Tier II","metadata_service_area_sq_miles":65,"metadata_service_area_population":86209,"metadata_route_types_json":"{\"3\":7}","metadata_ntd_facilities_json":"{\"maintenance_facilities\":2,\"administrative_and_other_non_passenger_facilities\":1,\"passenger_stations_and_terminals\":1,\"parking_and_other_passenger_facilities\":0,\"total_facilities\":4,\"bus_transfer_centers\":1,\"elevated_fixed_guideway_stations\":0,\"at_grade_fixed_guideway_stations\":0,\"underground_fixed_guideway_stations\":0,\"simple_at_grade_platform_stations\":0,\"exclusive_grade_separated_platform_stations\":0,\"ferryboat_terminals\":0,\"surface_parking_lots\":0,\"parking_structures\":0}","metadata_tam_modes_json":"{\"DR\":{\"total_units_2024\":5,\"units_under_threshold_2024\":0,\"voms_2024\":3,\"total_modal_vrm_2024\":163578,\"total_modal_upt_2024\":19821},\"MB\":{\"total_units_2024\":22,\"units_under_threshold_2024\":0,\"voms_2024\":14,\"total_modal_vrm_2024\":607970,\"total_modal_upt_2024\":469580}}"},"geometry":{"type":"Point","coordinates":[-94.395893,35.405937]}},{"type":"Feature","properties":{"stop_id":"N 32nd St @ Carnes Ave_N 32nd St @ Carnes Ave_35.402912_-94.395975","stop_code":"","stop_name":"N 32nd St @ Carnes Ave","stop_desc":"","zone_id":"","stop_url":"","location_type":"","parent_station":"","stop_timezone":"","wheelchair_boarding":"","feed_id":"Arkansas__City_of_Fort_Smith__mdb_ntd-60086","agency_name":"City of Fort Smith Transit","route_count":1,"route_ids":"Midland","route_short_names":"","route_types":"3","route_type_names":"Bus","routes_json":"[{\"route_id\":\"Midland\",\"route_short_name\":\"\",\"route_long_name\":\"Midland\",\"route_type\":\"3\",\"route_type_name\":\"Bus\",\"route_color\":\"F51414\",\"route_text_color\":\"FFFFFF\"}]","metadata_feed_id":"Arkansas__City_of_Fort_Smith__mdb_ntd-60086","metadata_agency_names":"City of Fort Smith Transit","metadata_ntd_id":"60086","metadata_ntd_match_method":"manual_override","metadata_ntd_agency":"City of Fort Smith, dba: Fort Smith Transit","metadata_ntd_city":"Fort Smith","metadata_ntd_state":"AR","metadata_gtfs_route_count":7,"metadata_gtfs_trip_count":147,"metadata_gtfs_shape_count":15,"metadata_gtfs_stop_count":409,"metadata_ntd_agency_voms":10,"metadata_ntd_total_facilities":4,"metadata_ntd_maintenance_facilities":2,"metadata_ntd_passenger_stations":1,"metadata_tam_tier":"Tier II","metadata_service_area_sq_miles":65,"metadata_service_area_population":86209,"metadata_route_types_json":"{\"3\":7}","metadata_ntd_facilities_json":"{\"maintenance_facilities\":2,\"administrative_and_other_non_passenger_facilities\":1,\"passenger_stations_and_terminals\":1,\"parking_and_other_passenger_facilities\":0,\"total_facilities\":4,\"bus_transfer_centers\":1,\"elevated_fixed_guideway_stations\":0,\"at_grade_fixed_guideway_stations\":0,\"underground_fixed_guideway_stations\":0,\"simple_at_grade_platform_stations\":0,\"exclusive_grade_separated_platform_stations\":0,\"ferryboat_terminals\":0,\"surface_parking_lots\":0,\"parking_structures\":0}","metadata_tam_modes_json":"{\"DR\":{\"total_units_2024\":5,\"units_under_threshold_2024\":0,\"voms_2024\":3,\"total_modal_vrm_2024\":163578,\"total_modal_upt_2024\":19821},\"MB\":{\"total_units_2024\":22,\"units_under_threshold_2024\":0,\"voms_2024\":14,\"total_modal_vrm_2024\":607970,\"total_modal_upt_2024\":469580}}"},"geometry":{"type":"Point","coordinates":[-94.395975,35.402912]}},{"type":"Feature","properties":{"stop_id":"N 32nd St @ Harris Ave_N 32nd St @ Harris Ave_35.411913_-94.395740","stop_code":"","stop_name":"N 32nd St @ Harris Ave","stop_desc":"","zone_id":"","stop_url":"","location_type":"","parent_station":"","stop_timezone":"","wheelchair_boarding":"","feed_id":"Arkansas__City_of_Fort_Smith__mdb_ntd-60086","agency_name":"City of Fort Smith Transit","route_count":1,"route_ids":"Midland","route_short_names":"","route_types":"3","route_type_names":"Bus","routes_json":"[{\"route_id\":\"Midland\",\"route_short_name\":\"\",\"route_long_name\":\"Midland\",\"route_type\":\"3\",\"route_type_name\":\"Bus\",\"route_color\":\"F51414\",\"route_text_color\":\"FFFFFF\"}]","metadata_feed_id":"Arkansas__City_of_Fort_Smith__mdb_ntd-60086","metadata_agency_names":"City of Fort Smith Transit","metadata_ntd_id":"60086","metadata_ntd_match_method":"manual_override","metadata_ntd_agency":"City of Fort Smith, dba: Fort Smith Transit","metadata_ntd_city":"Fort Smith","metadata_ntd_state":"AR","metadata_gtfs_route_count":7,"metadata_gtfs_trip_count":147,"metadata_gtfs_shape_count":15,"metadata_gtfs_stop_count":409,"metadata_ntd_agency_voms":10,"metadata_ntd_total_facilities":4,"metadata_ntd_maintenance_facilities":2,"metadata_ntd_passenger_stations":1,"metadata_tam_tier":"Tier II","metadata_service_area_sq_miles":65,"metadata_service_area_population":86209,"metadata_route_types_json":"{\"3\":7}","metadata_ntd_facilities_json":"{\"maintenance_facilities\":2,\"administrative_and_other_non_passenger_facilities\":1,\"passenger_stations_and_terminals\":1,\"parking_and_other_passenger_facilities\":0,\"total_facilities\":4,\"bus_transfer_centers\":1,\"elevated_fixed_guideway_stations\":0,\"at_grade_fixed_guideway_stations\":0,\"underground_fixed_guideway_stations\":0,\"simple_at_grade_platform_stations\":0,\"exclusive_grade_separated_platform_stations\":0,\"ferryboat_terminals\":0,\"surface_parking_lots\":0,\"parking_structures\":0}","metadata_tam_modes_json":"{\"DR\":{\"total_units_2024\":5,\"units_under_threshold_2024\":0,\"voms_2024\":3,\"total_modal_vrm_2024\":163578,\"total_modal_upt_2024\":19821},\"MB\":{\"total_units_2024\":22,\"units_under_threshold_2024\":0,\"voms_2024\":14,\"total_modal_vrm_2024\":607970,\"total_modal_upt_2024\":469580}}"},"geometry":{"type":"Point","coordinates":[-94.39574,35.411913]}},{"type":"Feature","properties":{"stop_id":"N 32nd St @ Midland Blvd_N 32nd St @ Midland Blvd_35.407845_-94.395803","stop_code":"","stop_name":"N 32nd St @ Midland Blvd","stop_desc":"","zone_id":"","stop_url":"","location_type":"","parent_station":"","stop_timezone":"","wheelchair_boarding":"","feed_id":"Arkansas__City_of_Fort_Smith__mdb_ntd-60086","agency_name":"City of Fort Smith Transit","route_count":1,"route_ids":"Midland","route_short_names":"","route_types":"3","route_type_names":"Bus","routes_json":"[{\"route_id\":\"Midland\",\"route_short_name\":\"\",\"route_long_name\":\"Midland\",\"route_type\":\"3\",\"route_type_name\":\"Bus\",\"route_color\":\"F51414\",\"route_text_color\":\"FFFFFF\"}]","metadata_feed_id":"Arkansas__City_of_Fort_Smith__mdb_ntd-60086","metadata_agency_names":"City of Fort Smith Transit","metadata_ntd_id":"60086","metadata_ntd_match_method":"manual_override","metadata_ntd_agency":"City of Fort Smith, dba: Fort Smith Transit","metadata_ntd_city":"Fort Smith","metadata_ntd_state":"AR","metadata_gtfs_route_count":7,"metadata_gtfs_trip_count":147,"metadata_gtfs_shape_count":15,"metadata_gtfs_stop_count":409,"metadata_ntd_agency_voms":10,"metadata_ntd_total_facilities":4,"metadata_ntd_maintenance_facilities":2,"metadata_ntd_passenger_stations":1,"metadata_tam_tier":"Tier II","metadata_service_area_sq_miles":65,"metadata_service_area_population":86209,"metadata_route_types_json":"{\"3\":7}","metadata_ntd_facilities_json":"{\"maintenance_facilities\":2,\"administrative_and_other_non_passenger_facilities\":1,\"passenger_stations_and_terminals\":1,\"parking_and_other_passenger_facilities\":0,\"total_facilities\":4,\"bus_transfer_centers\":1,\"elevated_fixed_guideway_stations\":0,\"at_grade_fixed_guideway_stations\":0,\"underground_fixed_guideway_stations\":0,\"simple_at_grade_platform_stations\":0,\"exclusive_grade_separated_platform_stations\":0,\"ferryboat_terminals\":0,\"surface_parking_lots\":0,\"parking_structures\":0}","metadata_tam_modes_json":"{\"DR\":{\"total_units_2024\":5,\"units_under_threshold_2024\":0,\"voms_2024\":3,\"total_modal_vrm_2024\":163578,\"total_modal_upt_2024\":19821},\"MB\":{\"total_units_2024\":22,\"units_under_threshold_2024\":0,\"voms_2024\":14,\"total_modal_vrm_2024\":607970,\"total_modal_upt_2024\":469580}}"},"geometry":{"type":"Point","coordinates":[-94.395803,35.407845]}},{"type":"Feature","properties":{"stop_id":"N 32nd St @ N 6th St_N 32nd St @ N 6th St_35.413254_-94.395681","stop_code":"","stop_name":"N 32nd St @ N 6th St","stop_desc":"","zone_id":"","stop_url":"","location_type":"","parent_station":"","stop_timezone":"","wheelchair_boarding":"","feed_id":"Arkansas__City_of_Fort_Smith__mdb_ntd-60086","agency_name":"City of Fort Smith Transit","route_count":1,"route_ids":"Midland","route_short_names":"","route_types":"3","route_type_names":"Bus","routes_json":"[{\"route_id\":\"Midland\",\"route_short_name\":\"\",\"route_long_name\":\"Midland\",\"route_type\":\"3\",\"route_type_name\":\"Bus\",\"route_color\":\"F51414\",\"route_text_color\":\"FFFFFF\"}]","metadata_feed_id":"Arkansas__City_of_Fort_Smith__mdb_ntd-60086","metadata_agency_names":"City of Fort Smith Transit","metadata_ntd_id":"60086","metadata_ntd_match_method":"manual_override","metadata_ntd_agency":"City of Fort Smith, dba: Fort Smith Transit","metadata_ntd_city":"Fort Smith","metadata_ntd_state":"AR","metadata_gtfs_route_count":7,"metadata_gtfs_trip_count":147,"metadata_gtfs_shape_count":15,"metadata_gtfs_stop_count":409,"metadata_ntd_agency_voms":10,"metadata_ntd_total_facilities":4,"metadata_ntd_maintenance_facilities":2,"metadata_ntd_passenger_stations":1,"metadata_tam_tier":"Tier II","metadata_service_area_sq_miles":65,"metadata_service_area_population":86209,"metadata_route_types_json":"{\"3\":7}","metadata_ntd_facilities_json":"{\"maintenance_facilities\":2,\"administrative_and_other_non_passenger_facilities\":1,\"passenger_stations_and_terminals\":1,\"parking_and_other_passenger_facilities\":0,\"total_facilities\":4,\"bus_transfer_centers\":1,\"elevated_fixed_guideway_stations\":0,\"at_grade_fixed_guideway_stations\":0,\"underground_fixed_guideway_stations\":0,\"simple_at_grade_platform_stations\":0,\"exclusive_grade_separated_platform_stations\":0,\"ferryboat_terminals\":0,\"surface_parking_lots\":0,\"parking_structures\":0}","metadata_tam_modes_json":"{\"DR\":{\"total_units_2024\":5,\"units_under_threshold_2024\":0,\"voms_2024\":3,\"total_modal_vrm_2024\":163578,\"total_modal_upt_2024\":19821},\"MB\":{\"total_units_2024\":22,\"units_under_threshold_2024\":0,\"voms_2024\":14,\"total_modal_vrm_2024\":607970,\"total_modal_upt_2024\":469580}}"},"geometry":{"type":"Point","coordinates":[-94.395681,35.413254]}},{"type":"Feature","properties":{"stop_id":"N 32nd St @ Wirsing Ave_N 32nd St @ Wirsing Ave_35.406828_-94.395861","stop_code":"","stop_name":"N 32nd St @ Wirsing Ave","stop_desc":"","zone_id":"","stop_url":"","location_type":"","parent_station":"","stop_timezone":"","wheelchair_boarding":"","feed_id":"Arkansas__City_of_Fort_Smith__mdb_ntd-60086","agency_name":"City of Fort Smith Transit","route_count":1,"route_ids":"Midland","route_short_names":"","route_types":"3","route_type_names":"Bus","routes_json":"[{\"route_id\":\"Midland\",\"route_short_name\":\"\",\"route_long_name\":\"Midland\",\"route_type\":\"3\",\"route_type_name\":\"Bus\",\"route_color\":\"F51414\",\"route_text_color\":\"FFFFFF\"}]","metadata_feed_id":"Arkansas__City_of_Fort_Smith__mdb_ntd-60086","metadata_agency_names":"City of Fort Smith Transit","metadata_ntd_id":"60086","metadata_ntd_match_method":"manual_override","metadata_ntd_agency":"City of Fort Smith, dba: Fort Smith Transit","metadata_ntd_city":"Fort Smith","metadata_ntd_state":"AR","metadata_gtfs_route_count":7,"metadata_gtfs_trip_count":147,"metadata_gtfs_shape_count":15,"metadata_gtfs_stop_count":409,"metadata_ntd_agency_voms":10,"metadata_ntd_total_facilities":4,"metadata_ntd_maintenance_facilities":2,"metadata_ntd_passenger_stations":1,"metadata_tam_tier":"Tier II","metadata_service_area_sq_miles":65,"metadata_service_area_population":86209,"metadata_route_types_json":"{\"3\":7}","metadata_ntd_facilities_json":"{\"maintenance_facilities\":2,\"administrative_and_other_non_passenger_facilities\":1,\"passenger_stations_and_terminals\":1,\"parking_and_other_passenger_facilities\":0,\"total_facilities\":4,\"bus_transfer_centers\":1,\"elevated_fixed_guideway_stations\":0,\"at_grade_fixed_guideway_stations\":0,\"underground_fixed_guideway_stations\":0,\"simple_at_grade_platform_stations\":0,\"exclusive_grade_separated_platform_stations\":0,\"ferryboat_terminals\":0,\"surface_parking_lots\":0,\"parking_structures\":0}","metadata_tam_modes_json":"{\"DR\":{\"total_units_2024\":5,\"units_under_threshold_2024\":0,\"voms_2024\":3,\"total_modal_vrm_2024\":163578,\"total_modal_upt_2024\":19821},\"MB\":{\"total_units_2024\":22,\"units_under_threshold_2024\":0,\"voms_2024\":14,\"total_modal_vrm_2024\":607970,\"total_modal_upt_2024\":469580}}"},"geometry":{"type":"Point","coordinates":[-94.395861,35.406828]}},{"type":"Feature","properties":{"stop_id":"N 38th St @ Grand Ave__35.385728_-94.390161","stop_code":"","stop_name":"N 38th St @ Grand Ave","stop_desc":"","zone_id":"","stop_url":"","location_type":"","parent_station":"","stop_timezone":"","wheelchair_boarding":"","feed_id":"Arkansas__City_of_Fort_Smith__mdb_ntd-60086","agency_name":"City of Fort Smith Transit","route_count":1,"route_ids":"Grand","route_short_names":"","route_types":"3","route_type_names":"Bus","routes_json":"[{\"route_id\":\"Grand\",\"route_short_name\":\"\",\"route_long_name\":\"Grand\",\"route_type\":\"3\",\"route_type_name\":\"Bus\",\"route_color\":\"FFD700\",\"route_text_color\":\"000000\"}]","metadata_feed_id":"Arkansas__City_of_Fort_Smith__mdb_ntd-60086","metadata_agency_names":"City of Fort Smith Transit","metadata_ntd_id":"60086","metadata_ntd_match_method":"manual_override","metadata_ntd_agency":"City of Fort Smith, dba: Fort Smith Transit","metadata_ntd_city":"Fort Smith","metadata_ntd_state":"AR","metadata_gtfs_route_count":7,"metadata_gtfs_trip_count":147,"metadata_gtfs_shape_count":15,"metadata_gtfs_stop_count":409,"metadata_ntd_agency_voms":10,"metadata_ntd_total_facilities":4,"metadata_ntd_maintenance_facilities":2,"metadata_ntd_passenger_stations":1,"metadata_tam_tier":"Tier II","metadata_service_area_sq_miles":65,"metadata_service_area_population":86209,"metadata_route_types_json":"{\"3\":7}","metadata_ntd_facilities_json":"{\"maintenance_facilities\":2,\"administrative_and_other_non_passenger_facilities\":1,\"passenger_stations_and_terminals\":1,\"parking_and_other_passenger_facilities\":0,\"total_facilities\":4,\"bus_transfer_centers\":1,\"elevated_fixed_guideway_stations\":0,\"at_grade_fixed_guideway_stations\":0,\"underground_fixed_guideway_stations\":0,\"simple_at_grade_platform_stations\":0,\"exclusive_grade_separated_platform_stations\":0,\"ferryboat_terminals\":0,\"surface_parking_lots\":0,\"parking_structures\":0}","metadata_tam_modes_json":"{\"DR\":{\"total_units_2024\":5,\"units_under_threshold_2024\":0,\"voms_2024\":3,\"total_modal_vrm_2024\":163578,\"total_modal_upt_2024\":19821},\"MB\":{\"total_units_2024\":22,\"units_under_threshold_2024\":0,\"voms_2024\":14,\"total_modal_vrm_2024\":607970,\"total_modal_upt_2024\":469580}}"},"geometry":{"type":"Point","coordinates":[-94.390161,35.385728]}},{"type":"Feature","properties":{"stop_id":"N 38th St @ N L St__35.389339_-94.390076","stop_code":"","stop_name":"N 38th St @ N L St","stop_desc":"","zone_id":"","stop_url":"","location_type":"","parent_station":"","stop_timezone":"","wheelchair_boarding":"","feed_id":"Arkansas__City_of_Fort_Smith__mdb_ntd-60086","agency_name":"City of Fort Smith Transit","route_count":1,"route_ids":"Grand","route_short_names":"","route_types":"3","route_type_names":"Bus","routes_json":"[{\"route_id\":\"Grand\",\"route_short_name\":\"\",\"route_long_name\":\"Grand\",\"route_type\":\"3\",\"route_type_name\":\"Bus\",\"route_color\":\"FFD700\",\"route_text_color\":\"000000\"}]","metadata_feed_id":"Arkansas__City_of_Fort_Smith__mdb_ntd-60086","metadata_agency_names":"City of Fort Smith Transit","metadata_ntd_id":"60086","metadata_ntd_match_method":"manual_override","metadata_ntd_agency":"City of Fort Smith, dba: Fort Smith Transit","metadata_ntd_city":"Fort Smith","metadata_ntd_state":"AR","metadata_gtfs_route_count":7,"metadata_gtfs_trip_count":147,"metadata_gtfs_shape_count":15,"metadata_gtfs_stop_count":409,"metadata_ntd_agency_voms":10,"metadata_ntd_total_facilities":4,"metadata_ntd_maintenance_facilities":2,"metadata_ntd_passenger_stations":1,"metadata_tam_tier":"Tier II","metadata_service_area_sq_miles":65,"metadata_service_area_population":86209,"metadata_route_types_json":"{\"3\":7}","metadata_ntd_facilities_json":"{\"maintenance_facilities\":2,\"administrative_and_other_non_passenger_facilities\":1,\"passenger_stations_and_terminals\":1,\"parking_and_other_passenger_facilities\":0,\"total_facilities\":4,\"bus_transfer_centers\":1,\"elevated_fixed_guideway_stations\":0,\"at_grade_fixed_guideway_stations\":0,\"underground_fixed_guideway_stations\":0,\"simple_at_grade_platform_stations\":0,\"exclusive_grade_separated_platform_stations\":0,\"ferryboat_terminals\":0,\"surface_parking_lots\":0,\"parking_structures\":0}","metadata_tam_modes_json":"{\"DR\":{\"total_units_2024\":5,\"units_under_threshold_2024\":0,\"voms_2024\":3,\"total_modal_vrm_2024\":163578,\"total_modal_upt_2024\":19821},\"MB\":{\"total_units_2024\":22,\"units_under_threshold_2024\":0,\"voms_2024\":14,\"total_modal_vrm_2024\":607970,\"total_modal_upt_2024\":469580}}"},"geometry":{"type":"Point","coordinates":[-94.390076,35.389339]}},{"type":"Feature","properties":{"stop_id":"N 50th St @ Berkley Ave_N 50th St @ Berkley Ave_35.416422_-94.375683","stop_code":"","stop_name":"N 50th St @ Berkley Ave","stop_desc":"","zone_id":"","stop_url":"","location_type":"","parent_station":"","stop_timezone":"","wheelchair_boarding":"","feed_id":"Arkansas__City_of_Fort_Smith__mdb_ntd-60086","agency_name":"City of Fort Smith Transit","route_count":1,"route_ids":"Midland","route_short_names":"","route_types":"3","route_type_names":"Bus","routes_json":"[{\"route_id\":\"Midland\",\"route_short_name\":\"\",\"route_long_name\":\"Midland\",\"route_type\":\"3\",\"route_type_name\":\"Bus\",\"route_color\":\"F51414\",\"route_text_color\":\"FFFFFF\"}]","metadata_feed_id":"Arkansas__City_of_Fort_Smith__mdb_ntd-60086","metadata_agency_names":"City of Fort Smith Transit","metadata_ntd_id":"60086","metadata_ntd_match_method":"manual_override","metadata_ntd_agency":"City of Fort Smith, dba: Fort Smith Transit","metadata_ntd_city":"Fort Smith","metadata_ntd_state":"AR","metadata_gtfs_route_count":7,"metadata_gtfs_trip_count":147,"metadata_gtfs_shape_count":15,"metadata_gtfs_stop_count":409,"metadata_ntd_agency_voms":10,"metadata_ntd_total_facilities":4,"metadata_ntd_maintenance_facilities":2,"metadata_ntd_passenger_stations":1,"metadata_tam_tier":"Tier II","metadata_service_area_sq_miles":65,"metadata_service_area_population":86209,"metadata_route_types_json":"{\"3\":7}","metadata_ntd_facilities_json":"{\"maintenance_facilities\":2,\"administrative_and_other_non_passenger_facilities\":1,\"passenger_stations_and_terminals\":1,\"parking_and_other_passenger_facilities\":0,\"total_facilities\":4,\"bus_transfer_centers\":1,\"elevated_fixed_guideway_stations\":0,\"at_grade_fixed_guideway_stations\":0,\"underground_fixed_guideway_stations\":0,\"simple_at_grade_platform_stations\":0,\"exclusive_grade_separated_platform_stations\":0,\"ferryboat_terminals\":0,\"surface_parking_lots\":0,\"parking_structures\":0}","metadata_tam_modes_json":"{\"DR\":{\"total_units_2024\":5,\"units_under_threshold_2024\":0,\"voms_2024\":3,\"total_modal_vrm_2024\":163578,\"total_modal_upt_2024\":19821},\"MB\":{\"total_units_2024\":22,\"units_under_threshold_2024\":0,\"voms_2024\":14,\"total_modal_vrm_2024\":607970,\"total_modal_upt_2024\":469580}}"},"geometry":{"type":"Point","coordinates":[-94.375683,35.416422]}},{"type":"Feature","properties":{"stop_id":"N 50th St @ Clarendon Ave_N 50th St @ Clarendon Ave_35.415513_-94.375710","stop_code":"","stop_name":"N 50th St @ Clarendon Ave","stop_desc":"","zone_id":"","stop_url":"","location_type":"","parent_station":"","stop_timezone":"","wheelchair_boarding":"","feed_id":"Arkansas__City_of_Fort_Smith__mdb_ntd-60086","agency_name":"City of Fort Smith Transit","route_count":1,"route_ids":"Midland","route_short_names":"","route_types":"3","route_type_names":"Bus","routes_json":"[{\"route_id\":\"Midland\",\"route_short_name\":\"\",\"route_long_name\":\"Midland\",\"route_type\":\"3\",\"route_type_name\":\"Bus\",\"route_color\":\"F51414\",\"route_text_color\":\"FFFFFF\"}]","metadata_feed_id":"Arkansas__City_of_Fort_Smith__mdb_ntd-60086","metadata_agency_names":"City of Fort Smith Transit","metadata_ntd_id":"60086","metadata_ntd_match_method":"manual_override","metadata_ntd_agency":"City of Fort Smith, dba: Fort Smith Transit","metadata_ntd_city":"Fort Smith","metadata_ntd_state":"AR","metadata_gtfs_route_count":7,"metadata_gtfs_trip_count":147,"metadata_gtfs_shape_count":15,"metadata_gtfs_stop_count":409,"metadata_ntd_agency_voms":10,"metadata_ntd_total_facilities":4,"metadata_ntd_maintenance_facilities":2,"metadata_ntd_passenger_stations":1,"metadata_tam_tier":"Tier II","metadata_service_area_sq_miles":65,"metadata_service_area_population":86209,"metadata_route_types_json":"{\"3\":7}","metadata_ntd_facilities_json":"{\"maintenance_facilities\":2,\"administrative_and_other_non_passenger_facilities\":1,\"passenger_stations_and_terminals\":1,\"parking_and_other_passenger_facilities\":0,\"total_facilities\":4,\"bus_transfer_centers\":1,\"elevated_fixed_guideway_stations\":0,\"at_grade_fixed_guideway_stations\":0,\"underground_fixed_guideway_stations\":0,\"simple_at_grade_platform_stations\":0,\"exclusive_grade_separated_platform_stations\":0,\"ferryboat_terminals\":0,\"surface_parking_lots\":0,\"parking_structures\":0}","metadata_tam_modes_json":"{\"DR\":{\"total_units_2024\":5,\"units_under_threshold_2024\":0,\"voms_2024\":3,\"total_modal_vrm_2024\":163578,\"total_modal_upt_2024\":19821},\"MB\":{\"total_units_2024\":22,\"units_under_threshold_2024\":0,\"voms_2024\":14,\"total_modal_vrm_2024\":607970,\"total_modal_upt_2024\":469580}}"},"geometry":{"type":"Point","coordinates":[-94.37571,35.415513]}},{"type":"Feature","properties":{"stop_id":"N 50th St @ Johnson St_N 50th St @ Johnson St_35.407260_-94.375997","stop_code":"","stop_name":"N 50th St @ Johnson St","stop_desc":"","zone_id":"","stop_url":"","location_type":"","parent_station":"","stop_timezone":"","wheelchair_boarding":"","feed_id":"Arkansas__City_of_Fort_Smith__mdb_ntd-60086","agency_name":"City of Fort Smith Transit","route_count":1,"route_ids":"Midland","route_short_names":"","route_types":"3","route_type_names":"Bus","routes_json":"[{\"route_id\":\"Midland\",\"route_short_name\":\"\",\"route_long_name\":\"Midland\",\"route_type\":\"3\",\"route_type_name\":\"Bus\",\"route_color\":\"F51414\",\"route_text_color\":\"FFFFFF\"}]","metadata_feed_id":"Arkansas__City_of_Fort_Smith__mdb_ntd-60086","metadata_agency_names":"City of Fort Smith Transit","metadata_ntd_id":"60086","metadata_ntd_match_method":"manual_override","metadata_ntd_agency":"City of Fort Smith, dba: Fort Smith Transit","metadata_ntd_city":"Fort Smith","metadata_ntd_state":"AR","metadata_gtfs_route_count":7,"metadata_gtfs_trip_count":147,"metadata_gtfs_shape_count":15,"metadata_gtfs_stop_count":409,"metadata_ntd_agency_voms":10,"metadata_ntd_total_facilities":4,"metadata_ntd_maintenance_facilities":2,"metadata_ntd_passenger_stations":1,"metadata_tam_tier":"Tier II","metadata_service_area_sq_miles":65,"metadata_service_area_population":86209,"metadata_route_types_json":"{\"3\":7}","metadata_ntd_facilities_json":"{\"maintenance_facilities\":2,\"administrative_and_other_non_passenger_facilities\":1,\"passenger_stations_and_terminals\":1,\"parking_and_other_passenger_facilities\":0,\"total_facilities\":4,\"bus_transfer_centers\":1,\"elevated_fixed_guideway_stations\":0,\"at_grade_fixed_guideway_stations\":0,\"underground_fixed_guideway_stations\":0,\"simple_at_grade_platform_stations\":0,\"exclusive_grade_separated_platform_stations\":0,\"ferryboat_terminals\":0,\"surface_parking_lots\":0,\"parking_structures\":0}","metadata_tam_modes_json":"{\"DR\":{\"total_units_2024\":5,\"units_under_threshold_2024\":0,\"voms_2024\":3,\"total_modal_vrm_2024\":163578,\"total_modal_upt_2024\":19821},\"MB\":{\"total_units_2024\":22,\"units_under_threshold_2024\":0,\"voms_2024\":14,\"total_modal_vrm_2024\":607970,\"total_modal_upt_2024\":469580}}"},"geometry":{"type":"Point","coordinates":[-94.375997,35.40726]}},{"type":"Feature","properties":{"stop_id":"N 50th St @ Kelley Hwy_N 50th St @ Kelley Hwy_35.403678_-94.376070","stop_code":"","stop_name":"N 50th St @ Kelley Hwy","stop_desc":"","zone_id":"","stop_url":"","location_type":"","parent_station":"","stop_timezone":"","wheelchair_boarding":"","feed_id":"Arkansas__City_of_Fort_Smith__mdb_ntd-60086","agency_name":"City of Fort Smith Transit","route_count":0,"route_ids":"","route_short_names":"","route_types":"","route_type_names":"","routes_json":"[]","metadata_feed_id":"Arkansas__City_of_Fort_Smith__mdb_ntd-60086","metadata_agency_names":"City of Fort Smith Transit","metadata_ntd_id":"60086","metadata_ntd_match_method":"manual_override","metadata_ntd_agency":"City of Fort Smith, dba: Fort Smith Transit","metadata_ntd_city":"Fort Smith","metadata_ntd_state":"AR","metadata_gtfs_route_count":7,"metadata_gtfs_trip_count":147,"metadata_gtfs_shape_count":15,"metadata_gtfs_stop_count":409,"metadata_ntd_agency_voms":10,"metadata_ntd_total_facilities":4,"metadata_ntd_maintenance_facilities":2,"metadata_ntd_passenger_stations":1,"metadata_tam_tier":"Tier II","metadata_service_area_sq_miles":65,"metadata_service_area_population":86209,"metadata_route_types_json":"{\"3\":7}","metadata_ntd_facilities_json":"{\"maintenance_facilities\":2,\"administrative_and_other_non_passenger_facilities\":1,\"passenger_stations_and_terminals\":1,\"parking_and_other_passenger_facilities\":0,\"total_facilities\":4,\"bus_transfer_centers\":1,\"elevated_fixed_guideway_stations\":0,\"at_grade_fixed_guideway_stations\":0,\"underground_fixed_guideway_stations\":0,\"simple_at_grade_platform_stations\":0,\"exclusive_grade_separated_platform_stations\":0,\"ferryboat_terminals\":0,\"surface_parking_lots\":0,\"parking_structures\":0}","metadata_tam_modes_json":"{\"DR\":{\"total_units_2024\":5,\"units_under_threshold_2024\":0,\"voms_2024\":3,\"total_modal_vrm_2024\":163578,\"total_modal_upt_2024\":19821},\"MB\":{\"total_units_2024\":22,\"units_under_threshold_2024\":0,\"voms_2024\":14,\"total_modal_vrm_2024\":607970,\"total_modal_upt_2024\":469580}}"},"geometry":{"type":"Point","coordinates":[-94.37607,35.403678]}},{"type":"Feature","properties":{"stop_id":"N 50th St @ Poplar St_N 50th St @ Poplar St_35.421912_-94.375512","stop_code":"","stop_name":"N 50th St @ Poplar St","stop_desc":"","zone_id":"","stop_url":"","location_type":"","parent_station":"","stop_timezone":"","wheelchair_boarding":"","feed_id":"Arkansas__City_of_Fort_Smith__mdb_ntd-60086","agency_name":"City of Fort Smith Transit","route_count":1,"route_ids":"Midland","route_short_names":"","route_types":"3","route_type_names":"Bus","routes_json":"[{\"route_id\":\"Midland\",\"route_short_name\":\"\",\"route_long_name\":\"Midland\",\"route_type\":\"3\",\"route_type_name\":\"Bus\",\"route_color\":\"F51414\",\"route_text_color\":\"FFFFFF\"}]","metadata_feed_id":"Arkansas__City_of_Fort_Smith__mdb_ntd-60086","metadata_agency_names":"City of Fort Smith Transit","metadata_ntd_id":"60086","metadata_ntd_match_method":"manual_override","metadata_ntd_agency":"City of Fort Smith, dba: Fort Smith Transit","metadata_ntd_city":"Fort Smith","metadata_ntd_state":"AR","metadata_gtfs_route_count":7,"metadata_gtfs_trip_count":147,"metadata_gtfs_shape_count":15,"metadata_gtfs_stop_count":409,"metadata_ntd_agency_voms":10,"metadata_ntd_total_facilities":4,"metadata_ntd_maintenance_facilities":2,"metadata_ntd_passenger_stations":1,"metadata_tam_tier":"Tier II","metadata_service_area_sq_miles":65,"metadata_service_area_population":86209,"metadata_route_types_json":"{\"3\":7}","metadata_ntd_facilities_json":"{\"maintenance_facilities\":2,\"administrative_and_other_non_passenger_facilities\":1,\"passenger_stations_and_terminals\":1,\"parking_and_other_passenger_facilities\":0,\"total_facilities\":4,\"bus_transfer_centers\":1,\"elevated_fixed_guideway_stations\":0,\"at_grade_fixed_guideway_stations\":0,\"underground_fixed_guideway_stations\":0,\"simple_at_grade_platform_stations\":0,\"exclusive_grade_separated_platform_stations\":0,\"ferryboat_terminals\":0,\"surface_parking_lots\":0,\"parking_structures\":0}","metadata_tam_modes_json":"{\"DR\":{\"total_units_2024\":5,\"units_under_threshold_2024\":0,\"voms_2024\":3,\"total_modal_vrm_2024\":163578,\"total_modal_upt_2024\":19821},\"MB\":{\"total_units_2024\":22,\"units_under_threshold_2024\":0,\"voms_2024\":14,\"total_modal_vrm_2024\":607970,\"total_modal_upt_2024\":469580}}"},"geometry":{"type":"Point","coordinates":[-94.375512,35.421912]}},{"type":"Feature","properties":{"stop_id":"N 50th St @ Spradling Ave_N 50th St @ Spradling Ave_35.414643_-94.375738","stop_code":"","stop_name":"N 50th St @ Spradling Ave","stop_desc":"","zone_id":"","stop_url":"","location_type":"","parent_station":"","stop_timezone":"","wheelchair_boarding":"","feed_id":"Arkansas__City_of_Fort_Smith__mdb_ntd-60086","agency_name":"City of Fort Smith Transit","route_count":1,"route_ids":"Midland","route_short_names":"","route_types":"3","route_type_names":"Bus","routes_json":"[{\"route_id\":\"Midland\",\"route_short_name\":\"\",\"route_long_name\":\"Midland\",\"route_type\":\"3\",\"route_type_name\":\"Bus\",\"route_color\":\"F51414\",\"route_text_color\":\"FFFFFF\"}]","metadata_feed_id":"Arkansas__City_of_Fort_Smith__mdb_ntd-60086","metadata_agency_names":"City of Fort Smith Transit","metadata_ntd_id":"60086","metadata_ntd_match_method":"manual_override","metadata_ntd_agency":"City of Fort Smith, dba: Fort Smith Transit","metadata_ntd_city":"Fort Smith","metadata_ntd_state":"AR","metadata_gtfs_route_count":7,"metadata_gtfs_trip_count":147,"metadata_gtfs_shape_count":15,"metadata_gtfs_stop_count":409,"metadata_ntd_agency_voms":10,"metadata_ntd_total_facilities":4,"metadata_ntd_maintenance_facilities":2,"metadata_ntd_passenger_stations":1,"metadata_tam_tier":"Tier II","metadata_service_area_sq_miles":65,"metadata_service_area_population":86209,"metadata_route_types_json":"{\"3\":7}","metadata_ntd_facilities_json":"{\"maintenance_facilities\":2,\"administrative_and_other_non_passenger_facilities\":1,\"passenger_stations_and_terminals\":1,\"parking_and_other_passenger_facilities\":0,\"total_facilities\":4,\"bus_transfer_centers\":1,\"elevated_fixed_guideway_stations\":0,\"at_grade_fixed_guideway_stations\":0,\"underground_fixed_guideway_stations\":0,\"simple_at_grade_platform_stations\":0,\"exclusive_grade_separated_platform_stations\":0,\"ferryboat_terminals\":0,\"surface_parking_lots\":0,\"parking_structures\":0}","metadata_tam_modes_json":"{\"DR\":{\"total_units_2024\":5,\"units_under_threshold_2024\":0,\"voms_2024\":3,\"total_modal_vrm_2024\":163578,\"total_modal_upt_2024\":19821},\"MB\":{\"total_units_2024\":22,\"units_under_threshold_2024\":0,\"voms_2024\":14,\"total_modal_vrm_2024\":607970,\"total_modal_upt_2024\":469580}}"},"geometry":{"type":"Point","coordinates":[-94.375738,35.414643]}},{"type":"Feature","properties":{"stop_id":"N 58th St @ Grand Ave__35.385151_-94.367594","stop_code":"","stop_name":"N 58th St @ Grand Ave","stop_desc":"","zone_id":"","stop_url":"","location_type":"","parent_station":"","stop_timezone":"","wheelchair_boarding":"","feed_id":"Arkansas__City_of_Fort_Smith__mdb_ntd-60086","agency_name":"City of Fort Smith Transit","route_count":1,"route_ids":"Grand","route_short_names":"","route_types":"3","route_type_names":"Bus","routes_json":"[{\"route_id\":\"Grand\",\"route_short_name\":\"\",\"route_long_name\":\"Grand\",\"route_type\":\"3\",\"route_type_name\":\"Bus\",\"route_color\":\"FFD700\",\"route_text_color\":\"000000\"}]","metadata_feed_id":"Arkansas__City_of_Fort_Smith__mdb_ntd-60086","metadata_agency_names":"City of Fort Smith Transit","metadata_ntd_id":"60086","metadata_ntd_match_method":"manual_override","metadata_ntd_agency":"City of Fort Smith, dba: Fort Smith Transit","metadata_ntd_city":"Fort Smith","metadata_ntd_state":"AR","metadata_gtfs_route_count":7,"metadata_gtfs_trip_count":147,"metadata_gtfs_shape_count":15,"metadata_gtfs_stop_count":409,"metadata_ntd_agency_voms":10,"metadata_ntd_total_facilities":4,"metadata_ntd_maintenance_facilities":2,"metadata_ntd_passenger_stations":1,"metadata_tam_tier":"Tier II","metadata_service_area_sq_miles":65,"metadata_service_area_population":86209,"metadata_route_types_json":"{\"3\":7}","metadata_ntd_facilities_json":"{\"maintenance_facilities\":2,\"administrative_and_other_non_passenger_facilities\":1,\"passenger_stations_and_terminals\":1,\"parking_and_other_passenger_facilities\":0,\"total_facilities\":4,\"bus_transfer_centers\":1,\"elevated_fixed_guideway_stations\":0,\"at_grade_fixed_guideway_stations\":0,\"underground_fixed_guideway_stations\":0,\"simple_at_grade_platform_stations\":0,\"exclusive_grade_separated_platform_stations\":0,\"ferryboat_terminals\":0,\"surface_parking_lots\":0,\"parking_structures\":0}","metadata_tam_modes_json":"{\"DR\":{\"total_units_2024\":5,\"units_under_threshold_2024\":0,\"voms_2024\":3,\"total_modal_vrm_2024\":163578,\"total_modal_upt_2024\":19821},\"MB\":{\"total_units_2024\":22,\"units_under_threshold_2024\":0,\"voms_2024\":14,\"total_modal_vrm_2024\":607970,\"total_modal_upt_2024\":469580}}"},"geometry":{"type":"Point","coordinates":[-94.367594,35.385151]}},{"type":"Feature","properties":{"stop_id":"N 5th St @ N A St_N 5th St @ N A St_35.388711_-94.425381","stop_code":"","stop_name":"N 5th St @ N A St","stop_desc":"","zone_id":"","stop_url":"","location_type":"","parent_station":"","stop_timezone":"","wheelchair_boarding":"","feed_id":"Arkansas__City_of_Fort_Smith__mdb_ntd-60086","agency_name":"City of Fort Smith Transit","route_count":1,"route_ids":"Midland","route_short_names":"","route_types":"3","route_type_names":"Bus","routes_json":"[{\"route_id\":\"Midland\",\"route_short_name\":\"\",\"route_long_name\":\"Midland\",\"route_type\":\"3\",\"route_type_name\":\"Bus\",\"route_color\":\"F51414\",\"route_text_color\":\"FFFFFF\"}]","metadata_feed_id":"Arkansas__City_of_Fort_Smith__mdb_ntd-60086","metadata_agency_names":"City of Fort Smith Transit","metadata_ntd_id":"60086","metadata_ntd_match_method":"manual_override","metadata_ntd_agency":"City of Fort Smith, dba: Fort Smith Transit","metadata_ntd_city":"Fort Smith","metadata_ntd_state":"AR","metadata_gtfs_route_count":7,"metadata_gtfs_trip_count":147,"metadata_gtfs_shape_count":15,"metadata_gtfs_stop_count":409,"metadata_ntd_agency_voms":10,"metadata_ntd_total_facilities":4,"metadata_ntd_maintenance_facilities":2,"metadata_ntd_passenger_stations":1,"metadata_tam_tier":"Tier II","metadata_service_area_sq_miles":65,"metadata_service_area_population":86209,"metadata_route_types_json":"{\"3\":7}","metadata_ntd_facilities_json":"{\"maintenance_facilities\":2,\"administrative_and_other_non_passenger_facilities\":1,\"passenger_stations_and_terminals\":1,\"parking_and_other_passenger_facilities\":0,\"total_facilities\":4,\"bus_transfer_centers\":1,\"elevated_fixed_guideway_stations\":0,\"at_grade_fixed_guideway_stations\":0,\"underground_fixed_guideway_stations\":0,\"simple_at_grade_platform_stations\":0,\"exclusive_grade_separated_platform_stations\":0,\"ferryboat_terminals\":0,\"surface_parking_lots\":0,\"parking_structures\":0}","metadata_tam_modes_json":"{\"DR\":{\"total_units_2024\":5,\"units_under_threshold_2024\":0,\"voms_2024\":3,\"total_modal_vrm_2024\":163578,\"total_modal_upt_2024\":19821},\"MB\":{\"total_units_2024\":22,\"units_under_threshold_2024\":0,\"voms_2024\":14,\"total_modal_vrm_2024\":607970,\"total_modal_upt_2024\":469580}}"},"geometry":{"type":"Point","coordinates":[-94.425381,35.388711]}},{"type":"Feature","properties":{"stop_id":"N 6th St @ Crystal Ln_N 6th St @ Crystal Ln_35.420805_-94.385817","stop_code":"","stop_name":"N 6th St @ Crystal Ln","stop_desc":"","zone_id":"","stop_url":"","location_type":"","parent_station":"","stop_timezone":"","wheelchair_boarding":"","feed_id":"Arkansas__City_of_Fort_Smith__mdb_ntd-60086","agency_name":"City of Fort Smith Transit","route_count":1,"route_ids":"Midland","route_short_names":"","route_types":"3","route_type_names":"Bus","routes_json":"[{\"route_id\":\"Midland\",\"route_short_name\":\"\",\"route_long_name\":\"Midland\",\"route_type\":\"3\",\"route_type_name\":\"Bus\",\"route_color\":\"F51414\",\"route_text_color\":\"FFFFFF\"}]","metadata_feed_id":"Arkansas__City_of_Fort_Smith__mdb_ntd-60086","metadata_agency_names":"City of Fort Smith Transit","metadata_ntd_id":"60086","metadata_ntd_match_method":"manual_override","metadata_ntd_agency":"City of Fort Smith, dba: Fort Smith Transit","metadata_ntd_city":"Fort Smith","metadata_ntd_state":"AR","metadata_gtfs_route_count":7,"metadata_gtfs_trip_count":147,"metadata_gtfs_shape_count":15,"metadata_gtfs_stop_count":409,"metadata_ntd_agency_voms":10,"metadata_ntd_total_facilities":4,"metadata_ntd_maintenance_facilities":2,"metadata_ntd_passenger_stations":1,"metadata_tam_tier":"Tier II","metadata_service_area_sq_miles":65,"metadata_service_area_population":86209,"metadata_route_types_json":"{\"3\":7}","metadata_ntd_facilities_json":"{\"maintenance_facilities\":2,\"administrative_and_other_non_passenger_facilities\":1,\"passenger_stations_and_terminals\":1,\"parking_and_other_passenger_facilities\":0,\"total_facilities\":4,\"bus_transfer_centers\":1,\"elevated_fixed_guideway_stations\":0,\"at_grade_fixed_guideway_stations\":0,\"underground_fixed_guideway_stations\":0,\"simple_at_grade_platform_stations\":0,\"exclusive_grade_separated_platform_stations\":0,\"ferryboat_terminals\":0,\"surface_parking_lots\":0,\"parking_structures\":0}","metadata_tam_modes_json":"{\"DR\":{\"total_units_2024\":5,\"units_under_threshold_2024\":0,\"voms_2024\":3,\"total_modal_vrm_2024\":163578,\"total_modal_upt_2024\":19821},\"MB\":{\"total_units_2024\":22,\"units_under_threshold_2024\":0,\"voms_2024\":14,\"total_modal_vrm_2024\":607970,\"total_modal_upt_2024\":469580}}"},"geometry":{"type":"Point","coordinates":[-94.385817,35.420805]}},{"type":"Feature","properties":{"stop_id":"N 6th St @ Eller Ave_N 6th St @ Eller Ave_35.417160_-94.390650","stop_code":"","stop_name":"N 6th St @ Eller Ave","stop_desc":"","zone_id":"","stop_url":"","location_type":"","parent_station":"","stop_timezone":"","wheelchair_boarding":"","feed_id":"Arkansas__City_of_Fort_Smith__mdb_ntd-60086","agency_name":"City of Fort Smith Transit","route_count":1,"route_ids":"Midland","route_short_names":"","route_types":"3","route_type_names":"Bus","routes_json":"[{\"route_id\":\"Midland\",\"route_short_name\":\"\",\"route_long_name\":\"Midland\",\"route_type\":\"3\",\"route_type_name\":\"Bus\",\"route_color\":\"F51414\",\"route_text_color\":\"FFFFFF\"}]","metadata_feed_id":"Arkansas__City_of_Fort_Smith__mdb_ntd-60086","metadata_agency_names":"City of Fort Smith Transit","metadata_ntd_id":"60086","metadata_ntd_match_method":"manual_override","metadata_ntd_agency":"City of Fort Smith, dba: Fort Smith Transit","metadata_ntd_city":"Fort Smith","metadata_ntd_state":"AR","metadata_gtfs_route_count":7,"metadata_gtfs_trip_count":147,"metadata_gtfs_shape_count":15,"metadata_gtfs_stop_count":409,"metadata_ntd_agency_voms":10,"metadata_ntd_total_facilities":4,"metadata_ntd_maintenance_facilities":2,"metadata_ntd_passenger_stations":1,"metadata_tam_tier":"Tier II","metadata_service_area_sq_miles":65,"metadata_service_area_population":86209,"metadata_route_types_json":"{\"3\":7}","metadata_ntd_facilities_json":"{\"maintenance_facilities\":2,\"administrative_and_other_non_passenger_facilities\":1,\"passenger_stations_and_terminals\":1,\"parking_and_other_passenger_facilities\":0,\"total_facilities\":4,\"bus_transfer_centers\":1,\"elevated_fixed_guideway_stations\":0,\"at_grade_fixed_guideway_stations\":0,\"underground_fixed_guideway_stations\":0,\"simple_at_grade_platform_stations\":0,\"exclusive_grade_separated_platform_stations\":0,\"ferryboat_terminals\":0,\"surface_parking_lots\":0,\"parking_structures\":0}","metadata_tam_modes_json":"{\"DR\":{\"total_units_2024\":5,\"units_under_threshold_2024\":0,\"voms_2024\":3,\"total_modal_vrm_2024\":163578,\"total_modal_upt_2024\":19821},\"MB\":{\"total_units_2024\":22,\"units_under_threshold_2024\":0,\"voms_2024\":14,\"total_modal_vrm_2024\":607970,\"total_modal_upt_2024\":469580}}"},"geometry":{"type":"Point","coordinates":[-94.39065,35.41716]}},{"type":"Feature","properties":{"stop_id":"N 6th St @ Garrison Ave_N 6th St @ Garrison Ave_35.387244_-94.425228","stop_code":"","stop_name":"N 6th St @ Garrison Ave","stop_desc":"","zone_id":"","stop_url":"","location_type":"","parent_station":"","stop_timezone":"","wheelchair_boarding":"","feed_id":"Arkansas__City_of_Fort_Smith__mdb_ntd-60086","agency_name":"City of Fort Smith Transit","route_count":2,"route_ids":"Rogers Express|Shuttle","route_short_names":"","route_types":"3","route_type_names":"Bus","routes_json":"[{\"route_id\":\"Rogers Express\",\"route_short_name\":\"\",\"route_long_name\":\"Rogers Express\",\"route_type\":\"3\",\"route_type_name\":\"Bus\",\"route_color\":\"4472C4\",\"route_text_color\":\"FFFFFF\"},{\"route_id\":\"Shuttle\",\"route_short_name\":\"\",\"route_long_name\":\"Shuttle\",\"route_type\":\"3\",\"route_type_name\":\"Bus\",\"route_color\":\"000000\",\"route_text_color\":\"FFFFFF\"}]","metadata_feed_id":"Arkansas__City_of_Fort_Smith__mdb_ntd-60086","metadata_agency_names":"City of Fort Smith Transit","metadata_ntd_id":"60086","metadata_ntd_match_method":"manual_override","metadata_ntd_agency":"City of Fort Smith, dba: Fort Smith Transit","metadata_ntd_city":"Fort Smith","metadata_ntd_state":"AR","metadata_gtfs_route_count":7,"metadata_gtfs_trip_count":147,"metadata_gtfs_shape_count":15,"metadata_gtfs_stop_count":409,"metadata_ntd_agency_voms":10,"metadata_ntd_total_facilities":4,"metadata_ntd_maintenance_facilities":2,"metadata_ntd_passenger_stations":1,"metadata_tam_tier":"Tier II","metadata_service_area_sq_miles":65,"metadata_service_area_population":86209,"metadata_route_types_json":"{\"3\":7}","metadata_ntd_facilities_json":"{\"maintenance_facilities\":2,\"administrative_and_other_non_passenger_facilities\":1,\"passenger_stations_and_terminals\":1,\"parking_and_other_passenger_facilities\":0,\"total_facilities\":4,\"bus_transfer_centers\":1,\"elevated_fixed_guideway_stations\":0,\"at_grade_fixed_guideway_stations\":0,\"underground_fixed_guideway_stations\":0,\"simple_at_grade_platform_stations\":0,\"exclusive_grade_separated_platform_stations\":0,\"ferryboat_terminals\":0,\"surface_parking_lots\":0,\"parking_structures\":0}","metadata_tam_modes_json":"{\"DR\":{\"total_units_2024\":5,\"units_under_threshold_2024\":0,\"voms_2024\":3,\"total_modal_vrm_2024\":163578,\"total_modal_upt_2024\":19821},\"MB\":{\"total_units_2024\":22,\"units_under_threshold_2024\":0,\"voms_2024\":14,\"total_modal_vrm_2024\":607970,\"total_modal_upt_2024\":469580}}"},"geometry":{"type":"Point","coordinates":[-94.425228,35.387244]}},{"type":"Feature","properties":{"stop_id":"N 6th St @ Newlon Rd_N 6th St @ Newlon Rd_35.425503_-94.379711","stop_code":"","stop_name":"N 6th St @ Newlon Rd","stop_desc":"","zone_id":"","stop_url":"","location_type":"","parent_station":"","stop_timezone":"","wheelchair_boarding":"","feed_id":"Arkansas__City_of_Fort_Smith__mdb_ntd-60086","agency_name":"City of Fort Smith Transit","route_count":1,"route_ids":"Midland","route_short_names":"","route_types":"3","route_type_names":"Bus","routes_json":"[{\"route_id\":\"Midland\",\"route_short_name\":\"\",\"route_long_name\":\"Midland\",\"route_type\":\"3\",\"route_type_name\":\"Bus\",\"route_color\":\"F51414\",\"route_text_color\":\"FFFFFF\"}]","metadata_feed_id":"Arkansas__City_of_Fort_Smith__mdb_ntd-60086","metadata_agency_names":"City of Fort Smith Transit","metadata_ntd_id":"60086","metadata_ntd_match_method":"manual_override","metadata_ntd_agency":"City of Fort Smith, dba: Fort Smith Transit","metadata_ntd_city":"Fort Smith","metadata_ntd_state":"AR","metadata_gtfs_route_count":7,"metadata_gtfs_trip_count":147,"metadata_gtfs_shape_count":15,"metadata_gtfs_stop_count":409,"metadata_ntd_agency_voms":10,"metadata_ntd_total_facilities":4,"metadata_ntd_maintenance_facilities":2,"metadata_ntd_passenger_stations":1,"metadata_tam_tier":"Tier II","metadata_service_area_sq_miles":65,"metadata_service_area_population":86209,"metadata_route_types_json":"{\"3\":7}","metadata_ntd_facilities_json":"{\"maintenance_facilities\":2,\"administrative_and_other_non_passenger_facilities\":1,\"passenger_stations_and_terminals\":1,\"parking_and_other_passenger_facilities\":0,\"total_facilities\":4,\"bus_transfer_centers\":1,\"elevated_fixed_guideway_stations\":0,\"at_grade_fixed_guideway_stations\":0,\"underground_fixed_guideway_stations\":0,\"simple_at_grade_platform_stations\":0,\"exclusive_grade_separated_platform_stations\":0,\"ferryboat_terminals\":0,\"surface_parking_lots\":0,\"parking_structures\":0}","metadata_tam_modes_json":"{\"DR\":{\"total_units_2024\":5,\"units_under_threshold_2024\":0,\"voms_2024\":3,\"total_modal_vrm_2024\":163578,\"total_modal_upt_2024\":19821},\"MB\":{\"total_units_2024\":22,\"units_under_threshold_2024\":0,\"voms_2024\":14,\"total_modal_vrm_2024\":607970,\"total_modal_upt_2024\":469580}}"},"geometry":{"type":"Point","coordinates":[-94.379711,35.425503]}},{"type":"Feature","properties":{"stop_id":"N 6th St @ Northview Dr_N 6th St @ Northview Dr_35.418861_-94.388382","stop_code":"","stop_name":"N 6th St @ Northview Dr","stop_desc":"","zone_id":"","stop_url":"","location_type":"","parent_station":"","stop_timezone":"","wheelchair_boarding":"","feed_id":"Arkansas__City_of_Fort_Smith__mdb_ntd-60086","agency_name":"City of Fort Smith Transit","route_count":1,"route_ids":"Midland","route_short_names":"","route_types":"3","route_type_names":"Bus","routes_json":"[{\"route_id\":\"Midland\",\"route_short_name\":\"\",\"route_long_name\":\"Midland\",\"route_type\":\"3\",\"route_type_name\":\"Bus\",\"route_color\":\"F51414\",\"route_text_color\":\"FFFFFF\"}]","metadata_feed_id":"Arkansas__City_of_Fort_Smith__mdb_ntd-60086","metadata_agency_names":"City of Fort Smith Transit","metadata_ntd_id":"60086","metadata_ntd_match_method":"manual_override","metadata_ntd_agency":"City of Fort Smith, dba: Fort Smith Transit","metadata_ntd_city":"Fort Smith","metadata_ntd_state":"AR","metadata_gtfs_route_count":7,"metadata_gtfs_trip_count":147,"metadata_gtfs_shape_count":15,"metadata_gtfs_stop_count":409,"metadata_ntd_agency_voms":10,"metadata_ntd_total_facilities":4,"metadata_ntd_maintenance_facilities":2,"metadata_ntd_passenger_stations":1,"metadata_tam_tier":"Tier II","metadata_service_area_sq_miles":65,"metadata_service_area_population":86209,"metadata_route_types_json":"{\"3\":7}","metadata_ntd_facilities_json":"{\"maintenance_facilities\":2,\"administrative_and_other_non_passenger_facilities\":1,\"passenger_stations_and_terminals\":1,\"parking_and_other_passenger_facilities\":0,\"total_facilities\":4,\"bus_transfer_centers\":1,\"elevated_fixed_guideway_stations\":0,\"at_grade_fixed_guideway_stations\":0,\"underground_fixed_guideway_stations\":0,\"simple_at_grade_platform_stations\":0,\"exclusive_grade_separated_platform_stations\":0,\"ferryboat_terminals\":0,\"surface_parking_lots\":0,\"parking_structures\":0}","metadata_tam_modes_json":"{\"DR\":{\"total_units_2024\":5,\"units_under_threshold_2024\":0,\"voms_2024\":3,\"total_modal_vrm_2024\":163578,\"total_modal_upt_2024\":19821},\"MB\":{\"total_units_2024\":22,\"units_under_threshold_2024\":0,\"voms_2024\":14,\"total_modal_vrm_2024\":607970,\"total_modal_upt_2024\":469580}}"},"geometry":{"type":"Point","coordinates":[-94.388382,35.418861]}},{"type":"Feature","properties":{"stop_id":"N 6th St @ Spradling Ave_N 6th St @ Spradling Ave_35.415000_-94.393503","stop_code":"","stop_name":"N 6th St @ Spradling Ave","stop_desc":"","zone_id":"","stop_url":"","location_type":"","parent_station":"","stop_timezone":"","wheelchair_boarding":"","feed_id":"Arkansas__City_of_Fort_Smith__mdb_ntd-60086","agency_name":"City of Fort Smith Transit","route_count":1,"route_ids":"Midland","route_short_names":"","route_types":"3","route_type_names":"Bus","routes_json":"[{\"route_id\":\"Midland\",\"route_short_name\":\"\",\"route_long_name\":\"Midland\",\"route_type\":\"3\",\"route_type_name\":\"Bus\",\"route_color\":\"F51414\",\"route_text_color\":\"FFFFFF\"}]","metadata_feed_id":"Arkansas__City_of_Fort_Smith__mdb_ntd-60086","metadata_agency_names":"City of Fort Smith Transit","metadata_ntd_id":"60086","metadata_ntd_match_method":"manual_override","metadata_ntd_agency":"City of Fort Smith, dba: Fort Smith Transit","metadata_ntd_city":"Fort Smith","metadata_ntd_state":"AR","metadata_gtfs_route_count":7,"metadata_gtfs_trip_count":147,"metadata_gtfs_shape_count":15,"metadata_gtfs_stop_count":409,"metadata_ntd_agency_voms":10,"metadata_ntd_total_facilities":4,"metadata_ntd_maintenance_facilities":2,"metadata_ntd_passenger_stations":1,"metadata_tam_tier":"Tier II","metadata_service_area_sq_miles":65,"metadata_service_area_population":86209,"metadata_route_types_json":"{\"3\":7}","metadata_ntd_facilities_json":"{\"maintenance_facilities\":2,\"administrative_and_other_non_passenger_facilities\":1,\"passenger_stations_and_terminals\":1,\"parking_and_other_passenger_facilities\":0,\"total_facilities\":4,\"bus_transfer_centers\":1,\"elevated_fixed_guideway_stations\":0,\"at_grade_fixed_guideway_stations\":0,\"underground_fixed_guideway_stations\":0,\"simple_at_grade_platform_stations\":0,\"exclusive_grade_separated_platform_stations\":0,\"ferryboat_terminals\":0,\"surface_parking_lots\":0,\"parking_structures\":0}","metadata_tam_modes_json":"{\"DR\":{\"total_units_2024\":5,\"units_under_threshold_2024\":0,\"voms_2024\":3,\"total_modal_vrm_2024\":163578,\"total_modal_upt_2024\":19821},\"MB\":{\"total_units_2024\":22,\"units_under_threshold_2024\":0,\"voms_2024\":14,\"total_modal_vrm_2024\":607970,\"total_modal_upt_2024\":469580}}"},"geometry":{"type":"Point","coordinates":[-94.393503,35.415]}},{"type":"Feature","properties":{"stop_id":"N Albert Pike Ave @ Hon Ave_N Albert Pike Ave @ Hon Ave_35.380143_-94.385642","stop_code":"","stop_name":"N Albert Pike Ave @ Hon Ave","stop_desc":"","zone_id":"","stop_url":"","location_type":"","parent_station":"","stop_timezone":"","wheelchair_boarding":"","feed_id":"Arkansas__City_of_Fort_Smith__mdb_ntd-60086","agency_name":"City of Fort Smith Transit","route_count":1,"route_ids":"Grand","route_short_names":"","route_types":"3","route_type_names":"Bus","routes_json":"[{\"route_id\":\"Grand\",\"route_short_name\":\"\",\"route_long_name\":\"Grand\",\"route_type\":\"3\",\"route_type_name\":\"Bus\",\"route_color\":\"FFD700\",\"route_text_color\":\"000000\"}]","metadata_feed_id":"Arkansas__City_of_Fort_Smith__mdb_ntd-60086","metadata_agency_names":"City of Fort Smith Transit","metadata_ntd_id":"60086","metadata_ntd_match_method":"manual_override","metadata_ntd_agency":"City of Fort Smith, dba: Fort Smith Transit","metadata_ntd_city":"Fort Smith","metadata_ntd_state":"AR","metadata_gtfs_route_count":7,"metadata_gtfs_trip_count":147,"metadata_gtfs_shape_count":15,"metadata_gtfs_stop_count":409,"metadata_ntd_agency_voms":10,"metadata_ntd_total_facilities":4,"metadata_ntd_maintenance_facilities":2,"metadata_ntd_passenger_stations":1,"metadata_tam_tier":"Tier II","metadata_service_area_sq_miles":65,"metadata_service_area_population":86209,"metadata_route_types_json":"{\"3\":7}","metadata_ntd_facilities_json":"{\"maintenance_facilities\":2,\"administrative_and_other_non_passenger_facilities\":1,\"passenger_stations_and_terminals\":1,\"parking_and_other_passenger_facilities\":0,\"total_facilities\":4,\"bus_transfer_centers\":1,\"elevated_fixed_guideway_stations\":0,\"at_grade_fixed_guideway_stations\":0,\"underground_fixed_guideway_stations\":0,\"simple_at_grade_platform_stations\":0,\"exclusive_grade_separated_platform_stations\":0,\"ferryboat_terminals\":0,\"surface_parking_lots\":0,\"parking_structures\":0}","metadata_tam_modes_json":"{\"DR\":{\"total_units_2024\":5,\"units_under_threshold_2024\":0,\"voms_2024\":3,\"total_modal_vrm_2024\":163578,\"total_modal_upt_2024\":19821},\"MB\":{\"total_units_2024\":22,\"units_under_threshold_2024\":0,\"voms_2024\":14,\"total_modal_vrm_2024\":607970,\"total_modal_upt_2024\":469580}}"},"geometry":{"type":"Point","coordinates":[-94.385642,35.380143]}},{"type":"Feature","properties":{"stop_id":"N Albert Pike Ave @ N L St__35.389289_-94.385433","stop_code":"","stop_name":"N Albert Pike Ave @ N L St","stop_desc":"","zone_id":"","stop_url":"","location_type":"","parent_station":"","stop_timezone":"","wheelchair_boarding":"","feed_id":"Arkansas__City_of_Fort_Smith__mdb_ntd-60086","agency_name":"City of Fort Smith Transit","route_count":1,"route_ids":"Grand","route_short_names":"","route_types":"3","route_type_names":"Bus","routes_json":"[{\"route_id\":\"Grand\",\"route_short_name\":\"\",\"route_long_name\":\"Grand\",\"route_type\":\"3\",\"route_type_name\":\"Bus\",\"route_color\":\"FFD700\",\"route_text_color\":\"000000\"}]","metadata_feed_id":"Arkansas__City_of_Fort_Smith__mdb_ntd-60086","metadata_agency_names":"City of Fort Smith Transit","metadata_ntd_id":"60086","metadata_ntd_match_method":"manual_override","metadata_ntd_agency":"City of Fort Smith, dba: Fort Smith Transit","metadata_ntd_city":"Fort Smith","metadata_ntd_state":"AR","metadata_gtfs_route_count":7,"metadata_gtfs_trip_count":147,"metadata_gtfs_shape_count":15,"metadata_gtfs_stop_count":409,"metadata_ntd_agency_voms":10,"metadata_ntd_total_facilities":4,"metadata_ntd_maintenance_facilities":2,"metadata_ntd_passenger_stations":1,"metadata_tam_tier":"Tier II","metadata_service_area_sq_miles":65,"metadata_service_area_population":86209,"metadata_route_types_json":"{\"3\":7}","metadata_ntd_facilities_json":"{\"maintenance_facilities\":2,\"administrative_and_other_non_passenger_facilities\":1,\"passenger_stations_and_terminals\":1,\"parking_and_other_passenger_facilities\":0,\"total_facilities\":4,\"bus_transfer_centers\":1,\"elevated_fixed_guideway_stations\":0,\"at_grade_fixed_guideway_stations\":0,\"underground_fixed_guideway_stations\":0,\"simple_at_grade_platform_stations\":0,\"exclusive_grade_separated_platform_stations\":0,\"ferryboat_terminals\":0,\"surface_parking_lots\":0,\"parking_structures\":0}","metadata_tam_modes_json":"{\"DR\":{\"total_units_2024\":5,\"units_under_threshold_2024\":0,\"voms_2024\":3,\"total_modal_vrm_2024\":163578,\"total_modal_upt_2024\":19821},\"MB\":{\"total_units_2024\":22,\"units_under_threshold_2024\":0,\"voms_2024\":14,\"total_modal_vrm_2024\":607970,\"total_modal_upt_2024\":469580}}"},"geometry":{"type":"Point","coordinates":[-94.385433,35.389289]}},{"type":"Feature","properties":{"stop_id":"N Albert Pike Ave @ N N St__35.391399_-94.385056","stop_code":"","stop_name":"N Albert Pike Ave @ N N St","stop_desc":"","zone_id":"","stop_url":"","location_type":"","parent_station":"","stop_timezone":"","wheelchair_boarding":"","feed_id":"Arkansas__City_of_Fort_Smith__mdb_ntd-60086","agency_name":"City of Fort Smith Transit","route_count":1,"route_ids":"Grand","route_short_names":"","route_types":"3","route_type_names":"Bus","routes_json":"[{\"route_id\":\"Grand\",\"route_short_name\":\"\",\"route_long_name\":\"Grand\",\"route_type\":\"3\",\"route_type_name\":\"Bus\",\"route_color\":\"FFD700\",\"route_text_color\":\"000000\"}]","metadata_feed_id":"Arkansas__City_of_Fort_Smith__mdb_ntd-60086","metadata_agency_names":"City of Fort Smith Transit","metadata_ntd_id":"60086","metadata_ntd_match_method":"manual_override","metadata_ntd_agency":"City of Fort Smith, dba: Fort Smith Transit","metadata_ntd_city":"Fort Smith","metadata_ntd_state":"AR","metadata_gtfs_route_count":7,"metadata_gtfs_trip_count":147,"metadata_gtfs_shape_count":15,"metadata_gtfs_stop_count":409,"metadata_ntd_agency_voms":10,"metadata_ntd_total_facilities":4,"metadata_ntd_maintenance_facilities":2,"metadata_ntd_passenger_stations":1,"metadata_tam_tier":"Tier II","metadata_service_area_sq_miles":65,"metadata_service_area_population":86209,"metadata_route_types_json":"{\"3\":7}","metadata_ntd_facilities_json":"{\"maintenance_facilities\":2,\"administrative_and_other_non_passenger_facilities\":1,\"passenger_stations_and_terminals\":1,\"parking_and_other_passenger_facilities\":0,\"total_facilities\":4,\"bus_transfer_centers\":1,\"elevated_fixed_guideway_stations\":0,\"at_grade_fixed_guideway_stations\":0,\"underground_fixed_guideway_stations\":0,\"simple_at_grade_platform_stations\":0,\"exclusive_grade_separated_platform_stations\":0,\"ferryboat_terminals\":0,\"surface_parking_lots\":0,\"parking_structures\":0}","metadata_tam_modes_json":"{\"DR\":{\"total_units_2024\":5,\"units_under_threshold_2024\":0,\"voms_2024\":3,\"total_modal_vrm_2024\":163578,\"total_modal_upt_2024\":19821},\"MB\":{\"total_units_2024\":22,\"units_under_threshold_2024\":0,\"voms_2024\":14,\"total_modal_vrm_2024\":607970,\"total_modal_upt_2024\":469580}}"},"geometry":{"type":"Point","coordinates":[-94.385056,35.391399]}},{"type":"Feature","properties":{"stop_id":"N B St @ N 6th St__35.388876_-94.423768","stop_code":"","stop_name":"N B St @ N 6th St","stop_desc":"","zone_id":"","stop_url":"","location_type":"","parent_station":"","stop_timezone":"","wheelchair_boarding":"","feed_id":"Arkansas__City_of_Fort_Smith__mdb_ntd-60086","agency_name":"City of Fort Smith Transit","route_count":1,"route_ids":"Shuttle","route_short_names":"","route_types":"3","route_type_names":"Bus","routes_json":"[{\"route_id\":\"Shuttle\",\"route_short_name\":\"\",\"route_long_name\":\"Shuttle\",\"route_type\":\"3\",\"route_type_name\":\"Bus\",\"route_color\":\"000000\",\"route_text_color\":\"FFFFFF\"}]","metadata_feed_id":"Arkansas__City_of_Fort_Smith__mdb_ntd-60086","metadata_agency_names":"City of Fort Smith Transit","metadata_ntd_id":"60086","metadata_ntd_match_method":"manual_override","metadata_ntd_agency":"City of Fort Smith, dba: Fort Smith Transit","metadata_ntd_city":"Fort Smith","metadata_ntd_state":"AR","metadata_gtfs_route_count":7,"metadata_gtfs_trip_count":147,"metadata_gtfs_shape_count":15,"metadata_gtfs_stop_count":409,"metadata_ntd_agency_voms":10,"metadata_ntd_total_facilities":4,"metadata_ntd_maintenance_facilities":2,"metadata_ntd_passenger_stations":1,"metadata_tam_tier":"Tier II","metadata_service_area_sq_miles":65,"metadata_service_area_population":86209,"metadata_route_types_json":"{\"3\":7}","metadata_ntd_facilities_json":"{\"maintenance_facilities\":2,\"administrative_and_other_non_passenger_facilities\":1,\"passenger_stations_and_terminals\":1,\"parking_and_other_passenger_facilities\":0,\"total_facilities\":4,\"bus_transfer_centers\":1,\"elevated_fixed_guideway_stations\":0,\"at_grade_fixed_guideway_stations\":0,\"underground_fixed_guideway_stations\":0,\"simple_at_grade_platform_stations\":0,\"exclusive_grade_separated_platform_stations\":0,\"ferryboat_terminals\":0,\"surface_parking_lots\":0,\"parking_structures\":0}","metadata_tam_modes_json":"{\"DR\":{\"total_units_2024\":5,\"units_under_threshold_2024\":0,\"voms_2024\":3,\"total_modal_vrm_2024\":163578,\"total_modal_upt_2024\":19821},\"MB\":{\"total_units_2024\":22,\"units_under_threshold_2024\":0,\"voms_2024\":14,\"total_modal_vrm_2024\":607970,\"total_modal_upt_2024\":469580}}"},"geometry":{"type":"Point","coordinates":[-94.423768,35.388876]}},{"type":"Feature","properties":{"stop_id":"N B St @ N 8th St_N B St @ N 8th St_35.387624_-94.421894","stop_code":"","stop_name":"N B St @ N 8th St","stop_desc":"","zone_id":"","stop_url":"","location_type":"","parent_station":"","stop_timezone":"","wheelchair_boarding":"","feed_id":"Arkansas__City_of_Fort_Smith__mdb_ntd-60086","agency_name":"City of Fort Smith Transit","route_count":1,"route_ids":"Midland","route_short_names":"","route_types":"3","route_type_names":"Bus","routes_json":"[{\"route_id\":\"Midland\",\"route_short_name\":\"\",\"route_long_name\":\"Midland\",\"route_type\":\"3\",\"route_type_name\":\"Bus\",\"route_color\":\"F51414\",\"route_text_color\":\"FFFFFF\"}]","metadata_feed_id":"Arkansas__City_of_Fort_Smith__mdb_ntd-60086","metadata_agency_names":"City of Fort Smith Transit","metadata_ntd_id":"60086","metadata_ntd_match_method":"manual_override","metadata_ntd_agency":"City of Fort Smith, dba: Fort Smith Transit","metadata_ntd_city":"Fort Smith","metadata_ntd_state":"AR","metadata_gtfs_route_count":7,"metadata_gtfs_trip_count":147,"metadata_gtfs_shape_count":15,"metadata_gtfs_stop_count":409,"metadata_ntd_agency_voms":10,"metadata_ntd_total_facilities":4,"metadata_ntd_maintenance_facilities":2,"metadata_ntd_passenger_stations":1,"metadata_tam_tier":"Tier II","metadata_service_area_sq_miles":65,"metadata_service_area_population":86209,"metadata_route_types_json":"{\"3\":7}","metadata_ntd_facilities_json":"{\"maintenance_facilities\":2,\"administrative_and_other_non_passenger_facilities\":1,\"passenger_stations_and_terminals\":1,\"parking_and_other_passenger_facilities\":0,\"total_facilities\":4,\"bus_transfer_centers\":1,\"elevated_fixed_guideway_stations\":0,\"at_grade_fixed_guideway_stations\":0,\"underground_fixed_guideway_stations\":0,\"simple_at_grade_platform_stations\":0,\"exclusive_grade_separated_platform_stations\":0,\"ferryboat_terminals\":0,\"surface_parking_lots\":0,\"parking_structures\":0}","metadata_tam_modes_json":"{\"DR\":{\"total_units_2024\":5,\"units_under_threshold_2024\":0,\"voms_2024\":3,\"total_modal_vrm_2024\":163578,\"total_modal_upt_2024\":19821},\"MB\":{\"total_units_2024\":22,\"units_under_threshold_2024\":0,\"voms_2024\":14,\"total_modal_vrm_2024\":607970,\"total_modal_upt_2024\":469580}}"},"geometry":{"type":"Point","coordinates":[-94.421894,35.387624]}},{"type":"Feature","properties":{"stop_id":"N Greenwood Ave @ Blackburn St_N Greenwood Ave @ Blackburn St_35.380008_-94.403394","stop_code":"","stop_name":"N Greenwood Ave @ Blackburn St","stop_desc":"","zone_id":"","stop_url":"","location_type":"","parent_station":"","stop_timezone":"","wheelchair_boarding":"","feed_id":"Arkansas__City_of_Fort_Smith__mdb_ntd-60086","agency_name":"City of Fort Smith Transit","route_count":1,"route_ids":"Grand","route_short_names":"","route_types":"3","route_type_names":"Bus","routes_json":"[{\"route_id\":\"Grand\",\"route_short_name\":\"\",\"route_long_name\":\"Grand\",\"route_type\":\"3\",\"route_type_name\":\"Bus\",\"route_color\":\"FFD700\",\"route_text_color\":\"000000\"}]","metadata_feed_id":"Arkansas__City_of_Fort_Smith__mdb_ntd-60086","metadata_agency_names":"City of Fort Smith Transit","metadata_ntd_id":"60086","metadata_ntd_match_method":"manual_override","metadata_ntd_agency":"City of Fort Smith, dba: Fort Smith Transit","metadata_ntd_city":"Fort Smith","metadata_ntd_state":"AR","metadata_gtfs_route_count":7,"metadata_gtfs_trip_count":147,"metadata_gtfs_shape_count":15,"metadata_gtfs_stop_count":409,"metadata_ntd_agency_voms":10,"metadata_ntd_total_facilities":4,"metadata_ntd_maintenance_facilities":2,"metadata_ntd_passenger_stations":1,"metadata_tam_tier":"Tier II","metadata_service_area_sq_miles":65,"metadata_service_area_population":86209,"metadata_route_types_json":"{\"3\":7}","metadata_ntd_facilities_json":"{\"maintenance_facilities\":2,\"administrative_and_other_non_passenger_facilities\":1,\"passenger_stations_and_terminals\":1,\"parking_and_other_passenger_facilities\":0,\"total_facilities\":4,\"bus_transfer_centers\":1,\"elevated_fixed_guideway_stations\":0,\"at_grade_fixed_guideway_stations\":0,\"underground_fixed_guideway_stations\":0,\"simple_at_grade_platform_stations\":0,\"exclusive_grade_separated_platform_stations\":0,\"ferryboat_terminals\":0,\"surface_parking_lots\":0,\"parking_structures\":0}","metadata_tam_modes_json":"{\"DR\":{\"total_units_2024\":5,\"units_under_threshold_2024\":0,\"voms_2024\":3,\"total_modal_vrm_2024\":163578,\"total_modal_upt_2024\":19821},\"MB\":{\"total_units_2024\":22,\"units_under_threshold_2024\":0,\"voms_2024\":14,\"total_modal_vrm_2024\":607970,\"total_modal_upt_2024\":469580}}"},"geometry":{"type":"Point","coordinates":[-94.403394,35.380008]}},{"type":"Feature","properties":{"stop_id":"N Greenwood Ave @ Kinkead Ave_N Greenwood Ave @ Kinkead Ave_35.382384_-94.403349","stop_code":"","stop_name":"N Greenwood Ave @ Kinkead Ave","stop_desc":"","zone_id":"","stop_url":"","location_type":"","parent_station":"","stop_timezone":"","wheelchair_boarding":"","feed_id":"Arkansas__City_of_Fort_Smith__mdb_ntd-60086","agency_name":"City of Fort Smith Transit","route_count":1,"route_ids":"Grand","route_short_names":"","route_types":"3","route_type_names":"Bus","routes_json":"[{\"route_id\":\"Grand\",\"route_short_name\":\"\",\"route_long_name\":\"Grand\",\"route_type\":\"3\",\"route_type_name\":\"Bus\",\"route_color\":\"FFD700\",\"route_text_color\":\"000000\"}]","metadata_feed_id":"Arkansas__City_of_Fort_Smith__mdb_ntd-60086","metadata_agency_names":"City of Fort Smith Transit","metadata_ntd_id":"60086","metadata_ntd_match_method":"manual_override","metadata_ntd_agency":"City of Fort Smith, dba: Fort Smith Transit","metadata_ntd_city":"Fort Smith","metadata_ntd_state":"AR","metadata_gtfs_route_count":7,"metadata_gtfs_trip_count":147,"metadata_gtfs_shape_count":15,"metadata_gtfs_stop_count":409,"metadata_ntd_agency_voms":10,"metadata_ntd_total_facilities":4,"metadata_ntd_maintenance_facilities":2,"metadata_ntd_passenger_stations":1,"metadata_tam_tier":"Tier II","metadata_service_area_sq_miles":65,"metadata_service_area_population":86209,"metadata_route_types_json":"{\"3\":7}","metadata_ntd_facilities_json":"{\"maintenance_facilities\":2,\"administrative_and_other_non_passenger_facilities\":1,\"passenger_stations_and_terminals\":1,\"parking_and_other_passenger_facilities\":0,\"total_facilities\":4,\"bus_transfer_centers\":1,\"elevated_fixed_guideway_stations\":0,\"at_grade_fixed_guideway_stations\":0,\"underground_fixed_guideway_stations\":0,\"simple_at_grade_platform_stations\":0,\"exclusive_grade_separated_platform_stations\":0,\"ferryboat_terminals\":0,\"surface_parking_lots\":0,\"parking_structures\":0}","metadata_tam_modes_json":"{\"DR\":{\"total_units_2024\":5,\"units_under_threshold_2024\":0,\"voms_2024\":3,\"total_modal_vrm_2024\":163578,\"total_modal_upt_2024\":19821},\"MB\":{\"total_units_2024\":22,\"units_under_threshold_2024\":0,\"voms_2024\":14,\"total_modal_vrm_2024\":607970,\"total_modal_upt_2024\":469580}}"},"geometry":{"type":"Point","coordinates":[-94.403349,35.382384]}},{"type":"Feature","properties":{"stop_id":"N Greenwood Ave @ N P St_N Greenwood Ave @ N P St_35.394291_-94.403358","stop_code":"","stop_name":"N Greenwood Ave @ N P St","stop_desc":"","zone_id":"","stop_url":"","location_type":"","parent_station":"","stop_timezone":"","wheelchair_boarding":"","feed_id":"Arkansas__City_of_Fort_Smith__mdb_ntd-60086","agency_name":"City of Fort Smith Transit","route_count":1,"route_ids":"Midland","route_short_names":"","route_types":"3","route_type_names":"Bus","routes_json":"[{\"route_id\":\"Midland\",\"route_short_name\":\"\",\"route_long_name\":\"Midland\",\"route_type\":\"3\",\"route_type_name\":\"Bus\",\"route_color\":\"F51414\",\"route_text_color\":\"FFFFFF\"}]","metadata_feed_id":"Arkansas__City_of_Fort_Smith__mdb_ntd-60086","metadata_agency_names":"City of Fort Smith Transit","metadata_ntd_id":"60086","metadata_ntd_match_method":"manual_override","metadata_ntd_agency":"City of Fort Smith, dba: Fort Smith Transit","metadata_ntd_city":"Fort Smith","metadata_ntd_state":"AR","metadata_gtfs_route_count":7,"metadata_gtfs_trip_count":147,"metadata_gtfs_shape_count":15,"metadata_gtfs_stop_count":409,"metadata_ntd_agency_voms":10,"metadata_ntd_total_facilities":4,"metadata_ntd_maintenance_facilities":2,"metadata_ntd_passenger_stations":1,"metadata_tam_tier":"Tier II","metadata_service_area_sq_miles":65,"metadata_service_area_population":86209,"metadata_route_types_json":"{\"3\":7}","metadata_ntd_facilities_json":"{\"maintenance_facilities\":2,\"administrative_and_other_non_passenger_facilities\":1,\"passenger_stations_and_terminals\":1,\"parking_and_other_passenger_facilities\":0,\"total_facilities\":4,\"bus_transfer_centers\":1,\"elevated_fixed_guideway_stations\":0,\"at_grade_fixed_guideway_stations\":0,\"underground_fixed_guideway_stations\":0,\"simple_at_grade_platform_stations\":0,\"exclusive_grade_separated_platform_stations\":0,\"ferryboat_terminals\":0,\"surface_parking_lots\":0,\"parking_structures\":0}","metadata_tam_modes_json":"{\"DR\":{\"total_units_2024\":5,\"units_under_threshold_2024\":0,\"voms_2024\":3,\"total_modal_vrm_2024\":163578,\"total_modal_upt_2024\":19821},\"MB\":{\"total_units_2024\":22,\"units_under_threshold_2024\":0,\"voms_2024\":14,\"total_modal_vrm_2024\":607970,\"total_modal_upt_2024\":469580}}"},"geometry":{"type":"Point","coordinates":[-94.403358,35.394291]}},{"type":"Feature","properties":{"stop_id":"N Greenwood Ave @ N R St_N Greenwood Ave @ N R St_35.396195_-94.403343","stop_code":"","stop_name":"N Greenwood Ave @ N R St","stop_desc":"","zone_id":"","stop_url":"","location_type":"","parent_station":"","stop_timezone":"","wheelchair_boarding":"","feed_id":"Arkansas__City_of_Fort_Smith__mdb_ntd-60086","agency_name":"City of Fort Smith Transit","route_count":1,"route_ids":"Midland","route_short_names":"","route_types":"3","route_type_names":"Bus","routes_json":"[{\"route_id\":\"Midland\",\"route_short_name\":\"\",\"route_long_name\":\"Midland\",\"route_type\":\"3\",\"route_type_name\":\"Bus\",\"route_color\":\"F51414\",\"route_text_color\":\"FFFFFF\"}]","metadata_feed_id":"Arkansas__City_of_Fort_Smith__mdb_ntd-60086","metadata_agency_names":"City of Fort Smith Transit","metadata_ntd_id":"60086","metadata_ntd_match_method":"manual_override","metadata_ntd_agency":"City of Fort Smith, dba: Fort Smith Transit","metadata_ntd_city":"Fort Smith","metadata_ntd_state":"AR","metadata_gtfs_route_count":7,"metadata_gtfs_trip_count":147,"metadata_gtfs_shape_count":15,"metadata_gtfs_stop_count":409,"metadata_ntd_agency_voms":10,"metadata_ntd_total_facilities":4,"metadata_ntd_maintenance_facilities":2,"metadata_ntd_passenger_stations":1,"metadata_tam_tier":"Tier II","metadata_service_area_sq_miles":65,"metadata_service_area_population":86209,"metadata_route_types_json":"{\"3\":7}","metadata_ntd_facilities_json":"{\"maintenance_facilities\":2,\"administrative_and_other_non_passenger_facilities\":1,\"passenger_stations_and_terminals\":1,\"parking_and_other_passenger_facilities\":0,\"total_facilities\":4,\"bus_transfer_centers\":1,\"elevated_fixed_guideway_stations\":0,\"at_grade_fixed_guideway_stations\":0,\"underground_fixed_guideway_stations\":0,\"simple_at_grade_platform_stations\":0,\"exclusive_grade_separated_platform_stations\":0,\"ferryboat_terminals\":0,\"surface_parking_lots\":0,\"parking_structures\":0}","metadata_tam_modes_json":"{\"DR\":{\"total_units_2024\":5,\"units_under_threshold_2024\":0,\"voms_2024\":3,\"total_modal_vrm_2024\":163578,\"total_modal_upt_2024\":19821},\"MB\":{\"total_units_2024\":22,\"units_under_threshold_2024\":0,\"voms_2024\":14,\"total_modal_vrm_2024\":607970,\"total_modal_upt_2024\":469580}}"},"geometry":{"type":"Point","coordinates":[-94.403343,35.396195]}},{"type":"Feature","properties":{"stop_id":"N H St @ N 10th St_N H St @ N 10th St_35.390986_-94.415764","stop_code":"","stop_name":"N H St @ N 10th St","stop_desc":"","zone_id":"","stop_url":"","location_type":"","parent_station":"","stop_timezone":"","wheelchair_boarding":"","feed_id":"Arkansas__City_of_Fort_Smith__mdb_ntd-60086","agency_name":"City of Fort Smith Transit","route_count":1,"route_ids":"Shuttle","route_short_names":"","route_types":"3","route_type_names":"Bus","routes_json":"[{\"route_id\":\"Shuttle\",\"route_short_name\":\"\",\"route_long_name\":\"Shuttle\",\"route_type\":\"3\",\"route_type_name\":\"Bus\",\"route_color\":\"000000\",\"route_text_color\":\"FFFFFF\"}]","metadata_feed_id":"Arkansas__City_of_Fort_Smith__mdb_ntd-60086","metadata_agency_names":"City of Fort Smith Transit","metadata_ntd_id":"60086","metadata_ntd_match_method":"manual_override","metadata_ntd_agency":"City of Fort Smith, dba: Fort Smith Transit","metadata_ntd_city":"Fort Smith","metadata_ntd_state":"AR","metadata_gtfs_route_count":7,"metadata_gtfs_trip_count":147,"metadata_gtfs_shape_count":15,"metadata_gtfs_stop_count":409,"metadata_ntd_agency_voms":10,"metadata_ntd_total_facilities":4,"metadata_ntd_maintenance_facilities":2,"metadata_ntd_passenger_stations":1,"metadata_tam_tier":"Tier II","metadata_service_area_sq_miles":65,"metadata_service_area_population":86209,"metadata_route_types_json":"{\"3\":7}","metadata_ntd_facilities_json":"{\"maintenance_facilities\":2,\"administrative_and_other_non_passenger_facilities\":1,\"passenger_stations_and_terminals\":1,\"parking_and_other_passenger_facilities\":0,\"total_facilities\":4,\"bus_transfer_centers\":1,\"elevated_fixed_guideway_stations\":0,\"at_grade_fixed_guideway_stations\":0,\"underground_fixed_guideway_stations\":0,\"simple_at_grade_platform_stations\":0,\"exclusive_grade_separated_platform_stations\":0,\"ferryboat_terminals\":0,\"surface_parking_lots\":0,\"parking_structures\":0}","metadata_tam_modes_json":"{\"DR\":{\"total_units_2024\":5,\"units_under_threshold_2024\":0,\"voms_2024\":3,\"total_modal_vrm_2024\":163578,\"total_modal_upt_2024\":19821},\"MB\":{\"total_units_2024\":22,\"units_under_threshold_2024\":0,\"voms_2024\":14,\"total_modal_vrm_2024\":607970,\"total_modal_upt_2024\":469580}}"},"geometry":{"type":"Point","coordinates":[-94.415764,35.390986]}},{"type":"Feature","properties":{"stop_id":"N H St @ N 12th St_N H St @ N 12th St_35.389787_-94.413977","stop_code":"","stop_name":"N H St @ N 12th St","stop_desc":"","zone_id":"","stop_url":"","location_type":"","parent_station":"","stop_timezone":"","wheelchair_boarding":"","feed_id":"Arkansas__City_of_Fort_Smith__mdb_ntd-60086","agency_name":"City of Fort Smith Transit","route_count":1,"route_ids":"Shuttle","route_short_names":"","route_types":"3","route_type_names":"Bus","routes_json":"[{\"route_id\":\"Shuttle\",\"route_short_name\":\"\",\"route_long_name\":\"Shuttle\",\"route_type\":\"3\",\"route_type_name\":\"Bus\",\"route_color\":\"000000\",\"route_text_color\":\"FFFFFF\"}]","metadata_feed_id":"Arkansas__City_of_Fort_Smith__mdb_ntd-60086","metadata_agency_names":"City of Fort Smith Transit","metadata_ntd_id":"60086","metadata_ntd_match_method":"manual_override","metadata_ntd_agency":"City of Fort Smith, dba: Fort Smith Transit","metadata_ntd_city":"Fort Smith","metadata_ntd_state":"AR","metadata_gtfs_route_count":7,"metadata_gtfs_trip_count":147,"metadata_gtfs_shape_count":15,"metadata_gtfs_stop_count":409,"metadata_ntd_agency_voms":10,"metadata_ntd_total_facilities":4,"metadata_ntd_maintenance_facilities":2,"metadata_ntd_passenger_stations":1,"metadata_tam_tier":"Tier II","metadata_service_area_sq_miles":65,"metadata_service_area_population":86209,"metadata_route_types_json":"{\"3\":7}","metadata_ntd_facilities_json":"{\"maintenance_facilities\":2,\"administrative_and_other_non_passenger_facilities\":1,\"passenger_stations_and_terminals\":1,\"parking_and_other_passenger_facilities\":0,\"total_facilities\":4,\"bus_transfer_centers\":1,\"elevated_fixed_guideway_stations\":0,\"at_grade_fixed_guideway_stations\":0,\"underground_fixed_guideway_stations\":0,\"simple_at_grade_platform_stations\":0,\"exclusive_grade_separated_platform_stations\":0,\"ferryboat_terminals\":0,\"surface_parking_lots\":0,\"parking_structures\":0}","metadata_tam_modes_json":"{\"DR\":{\"total_units_2024\":5,\"units_under_threshold_2024\":0,\"voms_2024\":3,\"total_modal_vrm_2024\":163578,\"total_modal_upt_2024\":19821},\"MB\":{\"total_units_2024\":22,\"units_under_threshold_2024\":0,\"voms_2024\":14,\"total_modal_vrm_2024\":607970,\"total_modal_upt_2024\":469580}}"},"geometry":{"type":"Point","coordinates":[-94.413977,35.389787]}},{"type":"Feature","properties":{"stop_id":"N H St @ N 6th St__35.393425_-94.419438","stop_code":"","stop_name":"N H St @ N 6th St","stop_desc":"","zone_id":"","stop_url":"","location_type":"","parent_station":"","stop_timezone":"","wheelchair_boarding":"","feed_id":"Arkansas__City_of_Fort_Smith__mdb_ntd-60086","agency_name":"City of Fort Smith Transit","route_count":1,"route_ids":"Shuttle","route_short_names":"","route_types":"3","route_type_names":"Bus","routes_json":"[{\"route_id\":\"Shuttle\",\"route_short_name\":\"\",\"route_long_name\":\"Shuttle\",\"route_type\":\"3\",\"route_type_name\":\"Bus\",\"route_color\":\"000000\",\"route_text_color\":\"FFFFFF\"}]","metadata_feed_id":"Arkansas__City_of_Fort_Smith__mdb_ntd-60086","metadata_agency_names":"City of Fort Smith Transit","metadata_ntd_id":"60086","metadata_ntd_match_method":"manual_override","metadata_ntd_agency":"City of Fort Smith, dba: Fort Smith Transit","metadata_ntd_city":"Fort Smith","metadata_ntd_state":"AR","metadata_gtfs_route_count":7,"metadata_gtfs_trip_count":147,"metadata_gtfs_shape_count":15,"metadata_gtfs_stop_count":409,"metadata_ntd_agency_voms":10,"metadata_ntd_total_facilities":4,"metadata_ntd_maintenance_facilities":2,"metadata_ntd_passenger_stations":1,"metadata_tam_tier":"Tier II","metadata_service_area_sq_miles":65,"metadata_service_area_population":86209,"metadata_route_types_json":"{\"3\":7}","metadata_ntd_facilities_json":"{\"maintenance_facilities\":2,\"administrative_and_other_non_passenger_facilities\":1,\"passenger_stations_and_terminals\":1,\"parking_and_other_passenger_facilities\":0,\"total_facilities\":4,\"bus_transfer_centers\":1,\"elevated_fixed_guideway_stations\":0,\"at_grade_fixed_guideway_stations\":0,\"underground_fixed_guideway_stations\":0,\"simple_at_grade_platform_stations\":0,\"exclusive_grade_separated_platform_stations\":0,\"ferryboat_terminals\":0,\"surface_parking_lots\":0,\"parking_structures\":0}","metadata_tam_modes_json":"{\"DR\":{\"total_units_2024\":5,\"units_under_threshold_2024\":0,\"voms_2024\":3,\"total_modal_vrm_2024\":163578,\"total_modal_upt_2024\":19821},\"MB\":{\"total_units_2024\":22,\"units_under_threshold_2024\":0,\"voms_2024\":14,\"total_modal_vrm_2024\":607970,\"total_modal_upt_2024\":469580}}"},"geometry":{"type":"Point","coordinates":[-94.419438,35.393425]}},{"type":"Feature","properties":{"stop_id":"N O St @ Belle Ave_N O St @ Belle Ave_35.393382_-94.404060","stop_code":"","stop_name":"N O St @ Belle Ave","stop_desc":"","zone_id":"","stop_url":"","location_type":"","parent_station":"","stop_timezone":"","wheelchair_boarding":"","feed_id":"Arkansas__City_of_Fort_Smith__mdb_ntd-60086","agency_name":"City of Fort Smith Transit","route_count":1,"route_ids":"Midland","route_short_names":"","route_types":"3","route_type_names":"Bus","routes_json":"[{\"route_id\":\"Midland\",\"route_short_name\":\"\",\"route_long_name\":\"Midland\",\"route_type\":\"3\",\"route_type_name\":\"Bus\",\"route_color\":\"F51414\",\"route_text_color\":\"FFFFFF\"}]","metadata_feed_id":"Arkansas__City_of_Fort_Smith__mdb_ntd-60086","metadata_agency_names":"City of Fort Smith Transit","metadata_ntd_id":"60086","metadata_ntd_match_method":"manual_override","metadata_ntd_agency":"City of Fort Smith, dba: Fort Smith Transit","metadata_ntd_city":"Fort Smith","metadata_ntd_state":"AR","metadata_gtfs_route_count":7,"metadata_gtfs_trip_count":147,"metadata_gtfs_shape_count":15,"metadata_gtfs_stop_count":409,"metadata_ntd_agency_voms":10,"metadata_ntd_total_facilities":4,"metadata_ntd_maintenance_facilities":2,"metadata_ntd_passenger_stations":1,"metadata_tam_tier":"Tier II","metadata_service_area_sq_miles":65,"metadata_service_area_population":86209,"metadata_route_types_json":"{\"3\":7}","metadata_ntd_facilities_json":"{\"maintenance_facilities\":2,\"administrative_and_other_non_passenger_facilities\":1,\"passenger_stations_and_terminals\":1,\"parking_and_other_passenger_facilities\":0,\"total_facilities\":4,\"bus_transfer_centers\":1,\"elevated_fixed_guideway_stations\":0,\"at_grade_fixed_guideway_stations\":0,\"underground_fixed_guideway_stations\":0,\"simple_at_grade_platform_stations\":0,\"exclusive_grade_separated_platform_stations\":0,\"ferryboat_terminals\":0,\"surface_parking_lots\":0,\"parking_structures\":0}","metadata_tam_modes_json":"{\"DR\":{\"total_units_2024\":5,\"units_under_threshold_2024\":0,\"voms_2024\":3,\"total_modal_vrm_2024\":163578,\"total_modal_upt_2024\":19821},\"MB\":{\"total_units_2024\":22,\"units_under_threshold_2024\":0,\"voms_2024\":14,\"total_modal_vrm_2024\":607970,\"total_modal_upt_2024\":469580}}"},"geometry":{"type":"Point","coordinates":[-94.40406,35.393382]}},{"type":"Feature","properties":{"stop_id":"N O St @ N 13th St_N O St @ N 13th St_35.393517_-94.408439","stop_code":"","stop_name":"N O St @ N 13th St","stop_desc":"","zone_id":"","stop_url":"","location_type":"","parent_station":"","stop_timezone":"","wheelchair_boarding":"","feed_id":"Arkansas__City_of_Fort_Smith__mdb_ntd-60086","agency_name":"City of Fort Smith Transit","route_count":1,"route_ids":"Midland","route_short_names":"","route_types":"3","route_type_names":"Bus","routes_json":"[{\"route_id\":\"Midland\",\"route_short_name\":\"\",\"route_long_name\":\"Midland\",\"route_type\":\"3\",\"route_type_name\":\"Bus\",\"route_color\":\"F51414\",\"route_text_color\":\"FFFFFF\"}]","metadata_feed_id":"Arkansas__City_of_Fort_Smith__mdb_ntd-60086","metadata_agency_names":"City of Fort Smith Transit","metadata_ntd_id":"60086","metadata_ntd_match_method":"manual_override","metadata_ntd_agency":"City of Fort Smith, dba: Fort Smith Transit","metadata_ntd_city":"Fort Smith","metadata_ntd_state":"AR","metadata_gtfs_route_count":7,"metadata_gtfs_trip_count":147,"metadata_gtfs_shape_count":15,"metadata_gtfs_stop_count":409,"metadata_ntd_agency_voms":10,"metadata_ntd_total_facilities":4,"metadata_ntd_maintenance_facilities":2,"metadata_ntd_passenger_stations":1,"metadata_tam_tier":"Tier II","metadata_service_area_sq_miles":65,"metadata_service_area_population":86209,"metadata_route_types_json":"{\"3\":7}","metadata_ntd_facilities_json":"{\"maintenance_facilities\":2,\"administrative_and_other_non_passenger_facilities\":1,\"passenger_stations_and_terminals\":1,\"parking_and_other_passenger_facilities\":0,\"total_facilities\":4,\"bus_transfer_centers\":1,\"elevated_fixed_guideway_stations\":0,\"at_grade_fixed_guideway_stations\":0,\"underground_fixed_guideway_stations\":0,\"simple_at_grade_platform_stations\":0,\"exclusive_grade_separated_platform_stations\":0,\"ferryboat_terminals\":0,\"surface_parking_lots\":0,\"parking_structures\":0}","metadata_tam_modes_json":"{\"DR\":{\"total_units_2024\":5,\"units_under_threshold_2024\":0,\"voms_2024\":3,\"total_modal_vrm_2024\":163578,\"total_modal_upt_2024\":19821},\"MB\":{\"total_units_2024\":22,\"units_under_threshold_2024\":0,\"voms_2024\":14,\"total_modal_vrm_2024\":607970,\"total_modal_upt_2024\":469580}}"},"geometry":{"type":"Point","coordinates":[-94.408439,35.393517]}},{"type":"Feature","properties":{"stop_id":"N O St @ N 21st St_N O St @ N 21st St_35.393409_-94.405158","stop_code":"","stop_name":"N O St @ N 21st St","stop_desc":"","zone_id":"","stop_url":"","location_type":"","parent_station":"","stop_timezone":"","wheelchair_boarding":"","feed_id":"Arkansas__City_of_Fort_Smith__mdb_ntd-60086","agency_name":"City of Fort Smith Transit","route_count":1,"route_ids":"Midland","route_short_names":"","route_types":"3","route_type_names":"Bus","routes_json":"[{\"route_id\":\"Midland\",\"route_short_name\":\"\",\"route_long_name\":\"Midland\",\"route_type\":\"3\",\"route_type_name\":\"Bus\",\"route_color\":\"F51414\",\"route_text_color\":\"FFFFFF\"}]","metadata_feed_id":"Arkansas__City_of_Fort_Smith__mdb_ntd-60086","metadata_agency_names":"City of Fort Smith Transit","metadata_ntd_id":"60086","metadata_ntd_match_method":"manual_override","metadata_ntd_agency":"City of Fort Smith, dba: Fort Smith Transit","metadata_ntd_city":"Fort Smith","metadata_ntd_state":"AR","metadata_gtfs_route_count":7,"metadata_gtfs_trip_count":147,"metadata_gtfs_shape_count":15,"metadata_gtfs_stop_count":409,"metadata_ntd_agency_voms":10,"metadata_ntd_total_facilities":4,"metadata_ntd_maintenance_facilities":2,"metadata_ntd_passenger_stations":1,"metadata_tam_tier":"Tier II","metadata_service_area_sq_miles":65,"metadata_service_area_population":86209,"metadata_route_types_json":"{\"3\":7}","metadata_ntd_facilities_json":"{\"maintenance_facilities\":2,\"administrative_and_other_non_passenger_facilities\":1,\"passenger_stations_and_terminals\":1,\"parking_and_other_passenger_facilities\":0,\"total_facilities\":4,\"bus_transfer_centers\":1,\"elevated_fixed_guideway_stations\":0,\"at_grade_fixed_guideway_stations\":0,\"underground_fixed_guideway_stations\":0,\"simple_at_grade_platform_stations\":0,\"exclusive_grade_separated_platform_stations\":0,\"ferryboat_terminals\":0,\"surface_parking_lots\":0,\"parking_structures\":0}","metadata_tam_modes_json":"{\"DR\":{\"total_units_2024\":5,\"units_under_threshold_2024\":0,\"voms_2024\":3,\"total_modal_vrm_2024\":163578,\"total_modal_upt_2024\":19821},\"MB\":{\"total_units_2024\":22,\"units_under_threshold_2024\":0,\"voms_2024\":14,\"total_modal_vrm_2024\":607970,\"total_modal_upt_2024\":469580}}"},"geometry":{"type":"Point","coordinates":[-94.405158,35.393409]}},{"type":"Feature","properties":{"stop_id":"N O St @ N 38th St__35.393039_-94.389992","stop_code":"","stop_name":"N O St @ N 38th St","stop_desc":"","zone_id":"","stop_url":"","location_type":"","parent_station":"","stop_timezone":"","wheelchair_boarding":"","feed_id":"Arkansas__City_of_Fort_Smith__mdb_ntd-60086","agency_name":"City of Fort Smith Transit","route_count":1,"route_ids":"Grand","route_short_names":"","route_types":"3","route_type_names":"Bus","routes_json":"[{\"route_id\":\"Grand\",\"route_short_name\":\"\",\"route_long_name\":\"Grand\",\"route_type\":\"3\",\"route_type_name\":\"Bus\",\"route_color\":\"FFD700\",\"route_text_color\":\"000000\"}]","metadata_feed_id":"Arkansas__City_of_Fort_Smith__mdb_ntd-60086","metadata_agency_names":"City of Fort Smith Transit","metadata_ntd_id":"60086","metadata_ntd_match_method":"manual_override","metadata_ntd_agency":"City of Fort Smith, dba: Fort Smith Transit","metadata_ntd_city":"Fort Smith","metadata_ntd_state":"AR","metadata_gtfs_route_count":7,"metadata_gtfs_trip_count":147,"metadata_gtfs_shape_count":15,"metadata_gtfs_stop_count":409,"metadata_ntd_agency_voms":10,"metadata_ntd_total_facilities":4,"metadata_ntd_maintenance_facilities":2,"metadata_ntd_passenger_stations":1,"metadata_tam_tier":"Tier II","metadata_service_area_sq_miles":65,"metadata_service_area_population":86209,"metadata_route_types_json":"{\"3\":7}","metadata_ntd_facilities_json":"{\"maintenance_facilities\":2,\"administrative_and_other_non_passenger_facilities\":1,\"passenger_stations_and_terminals\":1,\"parking_and_other_passenger_facilities\":0,\"total_facilities\":4,\"bus_transfer_centers\":1,\"elevated_fixed_guideway_stations\":0,\"at_grade_fixed_guideway_stations\":0,\"underground_fixed_guideway_stations\":0,\"simple_at_grade_platform_stations\":0,\"exclusive_grade_separated_platform_stations\":0,\"ferryboat_terminals\":0,\"surface_parking_lots\":0,\"parking_structures\":0}","metadata_tam_modes_json":"{\"DR\":{\"total_units_2024\":5,\"units_under_threshold_2024\":0,\"voms_2024\":3,\"total_modal_vrm_2024\":163578,\"total_modal_upt_2024\":19821},\"MB\":{\"total_units_2024\":22,\"units_under_threshold_2024\":0,\"voms_2024\":14,\"total_modal_vrm_2024\":607970,\"total_modal_upt_2024\":469580}}"},"geometry":{"type":"Point","coordinates":[-94.389992,35.393039]}},{"type":"Feature","properties":{"stop_id":"N S St @ Midland Blvd_N S St @ Midland Blvd_35.399727_-94.405419","stop_code":"","stop_name":"N S St @ Midland Blvd","stop_desc":"","zone_id":"","stop_url":"","location_type":"","parent_station":"","stop_timezone":"","wheelchair_boarding":"","feed_id":"Arkansas__City_of_Fort_Smith__mdb_ntd-60086","agency_name":"City of Fort Smith Transit","route_count":1,"route_ids":"Midland","route_short_names":"","route_types":"3","route_type_names":"Bus","routes_json":"[{\"route_id\":\"Midland\",\"route_short_name\":\"\",\"route_long_name\":\"Midland\",\"route_type\":\"3\",\"route_type_name\":\"Bus\",\"route_color\":\"F51414\",\"route_text_color\":\"FFFFFF\"}]","metadata_feed_id":"Arkansas__City_of_Fort_Smith__mdb_ntd-60086","metadata_agency_names":"City of Fort Smith Transit","metadata_ntd_id":"60086","metadata_ntd_match_method":"manual_override","metadata_ntd_agency":"City of Fort Smith, dba: Fort Smith Transit","metadata_ntd_city":"Fort Smith","metadata_ntd_state":"AR","metadata_gtfs_route_count":7,"metadata_gtfs_trip_count":147,"metadata_gtfs_shape_count":15,"metadata_gtfs_stop_count":409,"metadata_ntd_agency_voms":10,"metadata_ntd_total_facilities":4,"metadata_ntd_maintenance_facilities":2,"metadata_ntd_passenger_stations":1,"metadata_tam_tier":"Tier II","metadata_service_area_sq_miles":65,"metadata_service_area_population":86209,"metadata_route_types_json":"{\"3\":7}","metadata_ntd_facilities_json":"{\"maintenance_facilities\":2,\"administrative_and_other_non_passenger_facilities\":1,\"passenger_stations_and_terminals\":1,\"parking_and_other_passenger_facilities\":0,\"total_facilities\":4,\"bus_transfer_centers\":1,\"elevated_fixed_guideway_stations\":0,\"at_grade_fixed_guideway_stations\":0,\"underground_fixed_guideway_stations\":0,\"simple_at_grade_platform_stations\":0,\"exclusive_grade_separated_platform_stations\":0,\"ferryboat_terminals\":0,\"surface_parking_lots\":0,\"parking_structures\":0}","metadata_tam_modes_json":"{\"DR\":{\"total_units_2024\":5,\"units_under_threshold_2024\":0,\"voms_2024\":3,\"total_modal_vrm_2024\":163578,\"total_modal_upt_2024\":19821},\"MB\":{\"total_units_2024\":22,\"units_under_threshold_2024\":0,\"voms_2024\":14,\"total_modal_vrm_2024\":607970,\"total_modal_upt_2024\":469580}}"},"geometry":{"type":"Point","coordinates":[-94.405419,35.399727]}},{"type":"Feature","properties":{"stop_id":"N S St @ N 13th St_N S St @ N 13th St_35.398251_-94.403660","stop_code":"","stop_name":"N S St @ N 13th St","stop_desc":"","zone_id":"","stop_url":"","location_type":"","parent_station":"","stop_timezone":"","wheelchair_boarding":"","feed_id":"Arkansas__City_of_Fort_Smith__mdb_ntd-60086","agency_name":"City of Fort Smith Transit","route_count":1,"route_ids":"Midland","route_short_names":"","route_types":"3","route_type_names":"Bus","routes_json":"[{\"route_id\":\"Midland\",\"route_short_name\":\"\",\"route_long_name\":\"Midland\",\"route_type\":\"3\",\"route_type_name\":\"Bus\",\"route_color\":\"F51414\",\"route_text_color\":\"FFFFFF\"}]","metadata_feed_id":"Arkansas__City_of_Fort_Smith__mdb_ntd-60086","metadata_agency_names":"City of Fort Smith Transit","metadata_ntd_id":"60086","metadata_ntd_match_method":"manual_override","metadata_ntd_agency":"City of Fort Smith, dba: Fort Smith Transit","metadata_ntd_city":"Fort Smith","metadata_ntd_state":"AR","metadata_gtfs_route_count":7,"metadata_gtfs_trip_count":147,"metadata_gtfs_shape_count":15,"metadata_gtfs_stop_count":409,"metadata_ntd_agency_voms":10,"metadata_ntd_total_facilities":4,"metadata_ntd_maintenance_facilities":2,"metadata_ntd_passenger_stations":1,"metadata_tam_tier":"Tier II","metadata_service_area_sq_miles":65,"metadata_service_area_population":86209,"metadata_route_types_json":"{\"3\":7}","metadata_ntd_facilities_json":"{\"maintenance_facilities\":2,\"administrative_and_other_non_passenger_facilities\":1,\"passenger_stations_and_terminals\":1,\"parking_and_other_passenger_facilities\":0,\"total_facilities\":4,\"bus_transfer_centers\":1,\"elevated_fixed_guideway_stations\":0,\"at_grade_fixed_guideway_stations\":0,\"underground_fixed_guideway_stations\":0,\"simple_at_grade_platform_stations\":0,\"exclusive_grade_separated_platform_stations\":0,\"ferryboat_terminals\":0,\"surface_parking_lots\":0,\"parking_structures\":0}","metadata_tam_modes_json":"{\"DR\":{\"total_units_2024\":5,\"units_under_threshold_2024\":0,\"voms_2024\":3,\"total_modal_vrm_2024\":163578,\"total_modal_upt_2024\":19821},\"MB\":{\"total_units_2024\":22,\"units_under_threshold_2024\":0,\"voms_2024\":14,\"total_modal_vrm_2024\":607970,\"total_modal_upt_2024\":469580}}"},"geometry":{"type":"Point","coordinates":[-94.40366,35.398251]}},{"type":"Feature","properties":{"stop_id":"N Waldron Rd @ Alabama Ave_N Waldron Rd @ Alabama Ave_35.383523_-94.372335","stop_code":"","stop_name":"N Waldron Rd @ Alabama Ave","stop_desc":"","zone_id":"","stop_url":"","location_type":"","parent_station":"","stop_timezone":"","wheelchair_boarding":"","feed_id":"Arkansas__City_of_Fort_Smith__mdb_ntd-60086","agency_name":"City of Fort Smith Transit","route_count":1,"route_ids":"Grand","route_short_names":"","route_types":"3","route_type_names":"Bus","routes_json":"[{\"route_id\":\"Grand\",\"route_short_name\":\"\",\"route_long_name\":\"Grand\",\"route_type\":\"3\",\"route_type_name\":\"Bus\",\"route_color\":\"FFD700\",\"route_text_color\":\"000000\"}]","metadata_feed_id":"Arkansas__City_of_Fort_Smith__mdb_ntd-60086","metadata_agency_names":"City of Fort Smith Transit","metadata_ntd_id":"60086","metadata_ntd_match_method":"manual_override","metadata_ntd_agency":"City of Fort Smith, dba: Fort Smith Transit","metadata_ntd_city":"Fort Smith","metadata_ntd_state":"AR","metadata_gtfs_route_count":7,"metadata_gtfs_trip_count":147,"metadata_gtfs_shape_count":15,"metadata_gtfs_stop_count":409,"metadata_ntd_agency_voms":10,"metadata_ntd_total_facilities":4,"metadata_ntd_maintenance_facilities":2,"metadata_ntd_passenger_stations":1,"metadata_tam_tier":"Tier II","metadata_service_area_sq_miles":65,"metadata_service_area_population":86209,"metadata_route_types_json":"{\"3\":7}","metadata_ntd_facilities_json":"{\"maintenance_facilities\":2,\"administrative_and_other_non_passenger_facilities\":1,\"passenger_stations_and_terminals\":1,\"parking_and_other_passenger_facilities\":0,\"total_facilities\":4,\"bus_transfer_centers\":1,\"elevated_fixed_guideway_stations\":0,\"at_grade_fixed_guideway_stations\":0,\"underground_fixed_guideway_stations\":0,\"simple_at_grade_platform_stations\":0,\"exclusive_grade_separated_platform_stations\":0,\"ferryboat_terminals\":0,\"surface_parking_lots\":0,\"parking_structures\":0}","metadata_tam_modes_json":"{\"DR\":{\"total_units_2024\":5,\"units_under_threshold_2024\":0,\"voms_2024\":3,\"total_modal_vrm_2024\":163578,\"total_modal_upt_2024\":19821},\"MB\":{\"total_units_2024\":22,\"units_under_threshold_2024\":0,\"voms_2024\":14,\"total_modal_vrm_2024\":607970,\"total_modal_upt_2024\":469580}}"},"geometry":{"type":"Point","coordinates":[-94.372335,35.383523]}},{"type":"Feature","properties":{"stop_id":"Newlon Rd @ Henderson St_Newlon Rd @ Henderson St_35.427373_-94.381849","stop_code":"","stop_name":"Newlon Rd @ Henderson St","stop_desc":"","zone_id":"","stop_url":"","location_type":"","parent_station":"","stop_timezone":"","wheelchair_boarding":"","feed_id":"Arkansas__City_of_Fort_Smith__mdb_ntd-60086","agency_name":"City of Fort Smith Transit","route_count":1,"route_ids":"Midland","route_short_names":"","route_types":"3","route_type_names":"Bus","routes_json":"[{\"route_id\":\"Midland\",\"route_short_name\":\"\",\"route_long_name\":\"Midland\",\"route_type\":\"3\",\"route_type_name\":\"Bus\",\"route_color\":\"F51414\",\"route_text_color\":\"FFFFFF\"}]","metadata_feed_id":"Arkansas__City_of_Fort_Smith__mdb_ntd-60086","metadata_agency_names":"City of Fort Smith Transit","metadata_ntd_id":"60086","metadata_ntd_match_method":"manual_override","metadata_ntd_agency":"City of Fort Smith, dba: Fort Smith Transit","metadata_ntd_city":"Fort Smith","metadata_ntd_state":"AR","metadata_gtfs_route_count":7,"metadata_gtfs_trip_count":147,"metadata_gtfs_shape_count":15,"metadata_gtfs_stop_count":409,"metadata_ntd_agency_voms":10,"metadata_ntd_total_facilities":4,"metadata_ntd_maintenance_facilities":2,"metadata_ntd_passenger_stations":1,"metadata_tam_tier":"Tier II","metadata_service_area_sq_miles":65,"metadata_service_area_population":86209,"metadata_route_types_json":"{\"3\":7}","metadata_ntd_facilities_json":"{\"maintenance_facilities\":2,\"administrative_and_other_non_passenger_facilities\":1,\"passenger_stations_and_terminals\":1,\"parking_and_other_passenger_facilities\":0,\"total_facilities\":4,\"bus_transfer_centers\":1,\"elevated_fixed_guideway_stations\":0,\"at_grade_fixed_guideway_stations\":0,\"underground_fixed_guideway_stations\":0,\"simple_at_grade_platform_stations\":0,\"exclusive_grade_separated_platform_stations\":0,\"ferryboat_terminals\":0,\"surface_parking_lots\":0,\"parking_structures\":0}","metadata_tam_modes_json":"{\"DR\":{\"total_units_2024\":5,\"units_under_threshold_2024\":0,\"voms_2024\":3,\"total_modal_vrm_2024\":163578,\"total_modal_upt_2024\":19821},\"MB\":{\"total_units_2024\":22,\"units_under_threshold_2024\":0,\"voms_2024\":14,\"total_modal_vrm_2024\":607970,\"total_modal_upt_2024\":469580}}"},"geometry":{"type":"Point","coordinates":[-94.381849,35.427373]}},{"type":"Feature","properties":{"stop_id":"Newlon Rd @ Midland Blvd_Newlon Rd @ Midland Blvd_35.422947_-94.375481","stop_code":"","stop_name":"Newlon Rd @ Midland Blvd","stop_desc":"","zone_id":"","stop_url":"","location_type":"","parent_station":"","stop_timezone":"","wheelchair_boarding":"","feed_id":"Arkansas__City_of_Fort_Smith__mdb_ntd-60086","agency_name":"City of Fort Smith Transit","route_count":1,"route_ids":"Midland","route_short_names":"","route_types":"3","route_type_names":"Bus","routes_json":"[{\"route_id\":\"Midland\",\"route_short_name\":\"\",\"route_long_name\":\"Midland\",\"route_type\":\"3\",\"route_type_name\":\"Bus\",\"route_color\":\"F51414\",\"route_text_color\":\"FFFFFF\"}]","metadata_feed_id":"Arkansas__City_of_Fort_Smith__mdb_ntd-60086","metadata_agency_names":"City of Fort Smith Transit","metadata_ntd_id":"60086","metadata_ntd_match_method":"manual_override","metadata_ntd_agency":"City of Fort Smith, dba: Fort Smith Transit","metadata_ntd_city":"Fort Smith","metadata_ntd_state":"AR","metadata_gtfs_route_count":7,"metadata_gtfs_trip_count":147,"metadata_gtfs_shape_count":15,"metadata_gtfs_stop_count":409,"metadata_ntd_agency_voms":10,"metadata_ntd_total_facilities":4,"metadata_ntd_maintenance_facilities":2,"metadata_ntd_passenger_stations":1,"metadata_tam_tier":"Tier II","metadata_service_area_sq_miles":65,"metadata_service_area_population":86209,"metadata_route_types_json":"{\"3\":7}","metadata_ntd_facilities_json":"{\"maintenance_facilities\":2,\"administrative_and_other_non_passenger_facilities\":1,\"passenger_stations_and_terminals\":1,\"parking_and_other_passenger_facilities\":0,\"total_facilities\":4,\"bus_transfer_centers\":1,\"elevated_fixed_guideway_stations\":0,\"at_grade_fixed_guideway_stations\":0,\"underground_fixed_guideway_stations\":0,\"simple_at_grade_platform_stations\":0,\"exclusive_grade_separated_platform_stations\":0,\"ferryboat_terminals\":0,\"surface_parking_lots\":0,\"parking_structures\":0}","metadata_tam_modes_json":"{\"DR\":{\"total_units_2024\":5,\"units_under_threshold_2024\":0,\"voms_2024\":3,\"total_modal_vrm_2024\":163578,\"total_modal_upt_2024\":19821},\"MB\":{\"total_units_2024\":22,\"units_under_threshold_2024\":0,\"voms_2024\":14,\"total_modal_vrm_2024\":607970,\"total_modal_upt_2024\":469580}}"},"geometry":{"type":"Point","coordinates":[-94.375481,35.422947]}},{"type":"Feature","properties":{"stop_id":"North Village Apartments_N 12th St @ N E StNorth Village Apartments_35.387488_-94.415947","stop_code":"","stop_name":"North Village Apartments","stop_desc":"","zone_id":"","stop_url":"","location_type":"","parent_station":"","stop_timezone":"","wheelchair_boarding":"","feed_id":"Arkansas__City_of_Fort_Smith__mdb_ntd-60086","agency_name":"City of Fort Smith Transit","route_count":1,"route_ids":"Midland","route_short_names":"","route_types":"3","route_type_names":"Bus","routes_json":"[{\"route_id\":\"Midland\",\"route_short_name\":\"\",\"route_long_name\":\"Midland\",\"route_type\":\"3\",\"route_type_name\":\"Bus\",\"route_color\":\"F51414\",\"route_text_color\":\"FFFFFF\"}]","metadata_feed_id":"Arkansas__City_of_Fort_Smith__mdb_ntd-60086","metadata_agency_names":"City of Fort Smith Transit","metadata_ntd_id":"60086","metadata_ntd_match_method":"manual_override","metadata_ntd_agency":"City of Fort Smith, dba: Fort Smith Transit","metadata_ntd_city":"Fort Smith","metadata_ntd_state":"AR","metadata_gtfs_route_count":7,"metadata_gtfs_trip_count":147,"metadata_gtfs_shape_count":15,"metadata_gtfs_stop_count":409,"metadata_ntd_agency_voms":10,"metadata_ntd_total_facilities":4,"metadata_ntd_maintenance_facilities":2,"metadata_ntd_passenger_stations":1,"metadata_tam_tier":"Tier II","metadata_service_area_sq_miles":65,"metadata_service_area_population":86209,"metadata_route_types_json":"{\"3\":7}","metadata_ntd_facilities_json":"{\"maintenance_facilities\":2,\"administrative_and_other_non_passenger_facilities\":1,\"passenger_stations_and_terminals\":1,\"parking_and_other_passenger_facilities\":0,\"total_facilities\":4,\"bus_transfer_centers\":1,\"elevated_fixed_guideway_stations\":0,\"at_grade_fixed_guideway_stations\":0,\"underground_fixed_guideway_stations\":0,\"simple_at_grade_platform_stations\":0,\"exclusive_grade_separated_platform_stations\":0,\"ferryboat_terminals\":0,\"surface_parking_lots\":0,\"parking_structures\":0}","metadata_tam_modes_json":"{\"DR\":{\"total_units_2024\":5,\"units_under_threshold_2024\":0,\"voms_2024\":3,\"total_modal_vrm_2024\":163578,\"total_modal_upt_2024\":19821},\"MB\":{\"total_units_2024\":22,\"units_under_threshold_2024\":0,\"voms_2024\":14,\"total_modal_vrm_2024\":607970,\"total_modal_upt_2024\":469580}}"},"geometry":{"type":"Point","coordinates":[-94.415947,35.387488]}},{"type":"Feature","properties":{"stop_id":"Oakbrook Apartments - 5801 N 58th St_5801 N 58th St_35.382490_-94.367721","stop_code":"","stop_name":"Oakbrook Apartments - 5801 N 58th St","stop_desc":"","zone_id":"","stop_url":"","location_type":"","parent_station":"","stop_timezone":"","wheelchair_boarding":"","feed_id":"Arkansas__City_of_Fort_Smith__mdb_ntd-60086","agency_name":"City of Fort Smith Transit","route_count":1,"route_ids":"Grand","route_short_names":"","route_types":"3","route_type_names":"Bus","routes_json":"[{\"route_id\":\"Grand\",\"route_short_name\":\"\",\"route_long_name\":\"Grand\",\"route_type\":\"3\",\"route_type_name\":\"Bus\",\"route_color\":\"FFD700\",\"route_text_color\":\"000000\"}]","metadata_feed_id":"Arkansas__City_of_Fort_Smith__mdb_ntd-60086","metadata_agency_names":"City of Fort Smith Transit","metadata_ntd_id":"60086","metadata_ntd_match_method":"manual_override","metadata_ntd_agency":"City of Fort Smith, dba: Fort Smith Transit","metadata_ntd_city":"Fort Smith","metadata_ntd_state":"AR","metadata_gtfs_route_count":7,"metadata_gtfs_trip_count":147,"metadata_gtfs_shape_count":15,"metadata_gtfs_stop_count":409,"metadata_ntd_agency_voms":10,"metadata_ntd_total_facilities":4,"metadata_ntd_maintenance_facilities":2,"metadata_ntd_passenger_stations":1,"metadata_tam_tier":"Tier II","metadata_service_area_sq_miles":65,"metadata_service_area_population":86209,"metadata_route_types_json":"{\"3\":7}","metadata_ntd_facilities_json":"{\"maintenance_facilities\":2,\"administrative_and_other_non_passenger_facilities\":1,\"passenger_stations_and_terminals\":1,\"parking_and_other_passenger_facilities\":0,\"total_facilities\":4,\"bus_transfer_centers\":1,\"elevated_fixed_guideway_stations\":0,\"at_grade_fixed_guideway_stations\":0,\"underground_fixed_guideway_stations\":0,\"simple_at_grade_platform_stations\":0,\"exclusive_grade_separated_platform_stations\":0,\"ferryboat_terminals\":0,\"surface_parking_lots\":0,\"parking_structures\":0}","metadata_tam_modes_json":"{\"DR\":{\"total_units_2024\":5,\"units_under_threshold_2024\":0,\"voms_2024\":3,\"total_modal_vrm_2024\":163578,\"total_modal_upt_2024\":19821},\"MB\":{\"total_units_2024\":22,\"units_under_threshold_2024\":0,\"voms_2024\":14,\"total_modal_vrm_2024\":607970,\"total_modal_upt_2024\":469580}}"},"geometry":{"type":"Point","coordinates":[-94.367721,35.38249]}},{"type":"Feature","properties":{"stop_id":"Oakbrook Apartments - N 58th St_N 58th StOakbrook Apartments_35.381753_-94.367748","stop_code":"","stop_name":"Oakbrook Apartments - N 58th St","stop_desc":"","zone_id":"","stop_url":"","location_type":"","parent_station":"","stop_timezone":"","wheelchair_boarding":"","feed_id":"Arkansas__City_of_Fort_Smith__mdb_ntd-60086","agency_name":"City of Fort Smith Transit","route_count":1,"route_ids":"Rogers Supercenter","route_short_names":"","route_types":"3","route_type_names":"Bus","routes_json":"[{\"route_id\":\"Rogers Supercenter\",\"route_short_name\":\"\",\"route_long_name\":\"Rogers Supercenter\",\"route_type\":\"3\",\"route_type_name\":\"Bus\",\"route_color\":\"F98E10\",\"route_text_color\":\"000000\"}]","metadata_feed_id":"Arkansas__City_of_Fort_Smith__mdb_ntd-60086","metadata_agency_names":"City of Fort Smith Transit","metadata_ntd_id":"60086","metadata_ntd_match_method":"manual_override","metadata_ntd_agency":"City of Fort Smith, dba: Fort Smith Transit","metadata_ntd_city":"Fort Smith","metadata_ntd_state":"AR","metadata_gtfs_route_count":7,"metadata_gtfs_trip_count":147,"metadata_gtfs_shape_count":15,"metadata_gtfs_stop_count":409,"metadata_ntd_agency_voms":10,"metadata_ntd_total_facilities":4,"metadata_ntd_maintenance_facilities":2,"metadata_ntd_passenger_stations":1,"metadata_tam_tier":"Tier II","metadata_service_area_sq_miles":65,"metadata_service_area_population":86209,"metadata_route_types_json":"{\"3\":7}","metadata_ntd_facilities_json":"{\"maintenance_facilities\":2,\"administrative_and_other_non_passenger_facilities\":1,\"passenger_stations_and_terminals\":1,\"parking_and_other_passenger_facilities\":0,\"total_facilities\":4,\"bus_transfer_centers\":1,\"elevated_fixed_guideway_stations\":0,\"at_grade_fixed_guideway_stations\":0,\"underground_fixed_guideway_stations\":0,\"simple_at_grade_platform_stations\":0,\"exclusive_grade_separated_platform_stations\":0,\"ferryboat_terminals\":0,\"surface_parking_lots\":0,\"parking_structures\":0}","metadata_tam_modes_json":"{\"DR\":{\"total_units_2024\":5,\"units_under_threshold_2024\":0,\"voms_2024\":3,\"total_modal_vrm_2024\":163578,\"total_modal_upt_2024\":19821},\"MB\":{\"total_units_2024\":22,\"units_under_threshold_2024\":0,\"voms_2024\":14,\"total_modal_vrm_2024\":607970,\"total_modal_upt_2024\":469580}}"},"geometry":{"type":"Point","coordinates":[-94.367748,35.381753]}},{"type":"Feature","properties":{"stop_id":"Park Ave @ May Ave_Park Ave @ May Ave_35.378730_-94.402233","stop_code":"","stop_name":"Park Ave @ May Ave","stop_desc":"","zone_id":"","stop_url":"","location_type":"","parent_station":"","stop_timezone":"","wheelchair_boarding":"","feed_id":"Arkansas__City_of_Fort_Smith__mdb_ntd-60086","agency_name":"City of Fort Smith Transit","route_count":1,"route_ids":"Grand","route_short_names":"","route_types":"3","route_type_names":"Bus","routes_json":"[{\"route_id\":\"Grand\",\"route_short_name\":\"\",\"route_long_name\":\"Grand\",\"route_type\":\"3\",\"route_type_name\":\"Bus\",\"route_color\":\"FFD700\",\"route_text_color\":\"000000\"}]","metadata_feed_id":"Arkansas__City_of_Fort_Smith__mdb_ntd-60086","metadata_agency_names":"City of Fort Smith Transit","metadata_ntd_id":"60086","metadata_ntd_match_method":"manual_override","metadata_ntd_agency":"City of Fort Smith, dba: Fort Smith Transit","metadata_ntd_city":"Fort Smith","metadata_ntd_state":"AR","metadata_gtfs_route_count":7,"metadata_gtfs_trip_count":147,"metadata_gtfs_shape_count":15,"metadata_gtfs_stop_count":409,"metadata_ntd_agency_voms":10,"metadata_ntd_total_facilities":4,"metadata_ntd_maintenance_facilities":2,"metadata_ntd_passenger_stations":1,"metadata_tam_tier":"Tier II","metadata_service_area_sq_miles":65,"metadata_service_area_population":86209,"metadata_route_types_json":"{\"3\":7}","metadata_ntd_facilities_json":"{\"maintenance_facilities\":2,\"administrative_and_other_non_passenger_facilities\":1,\"passenger_stations_and_terminals\":1,\"parking_and_other_passenger_facilities\":0,\"total_facilities\":4,\"bus_transfer_centers\":1,\"elevated_fixed_guideway_stations\":0,\"at_grade_fixed_guideway_stations\":0,\"underground_fixed_guideway_stations\":0,\"simple_at_grade_platform_stations\":0,\"exclusive_grade_separated_platform_stations\":0,\"ferryboat_terminals\":0,\"surface_parking_lots\":0,\"parking_structures\":0}","metadata_tam_modes_json":"{\"DR\":{\"total_units_2024\":5,\"units_under_threshold_2024\":0,\"voms_2024\":3,\"total_modal_vrm_2024\":163578,\"total_modal_upt_2024\":19821},\"MB\":{\"total_units_2024\":22,\"units_under_threshold_2024\":0,\"voms_2024\":14,\"total_modal_vrm_2024\":607970,\"total_modal_upt_2024\":469580}}"},"geometry":{"type":"Point","coordinates":[-94.402233,35.37873]}},{"type":"Feature","properties":{"stop_id":"Park Ave @ Melrose Ave_Park Ave @ Melrose Ave_35.378613_-94.396950","stop_code":"","stop_name":"Park Ave @ Melrose Ave","stop_desc":"","zone_id":"","stop_url":"","location_type":"","parent_station":"","stop_timezone":"","wheelchair_boarding":"","feed_id":"Arkansas__City_of_Fort_Smith__mdb_ntd-60086","agency_name":"City of Fort Smith Transit","route_count":1,"route_ids":"Grand","route_short_names":"","route_types":"3","route_type_names":"Bus","routes_json":"[{\"route_id\":\"Grand\",\"route_short_name\":\"\",\"route_long_name\":\"Grand\",\"route_type\":\"3\",\"route_type_name\":\"Bus\",\"route_color\":\"FFD700\",\"route_text_color\":\"000000\"}]","metadata_feed_id":"Arkansas__City_of_Fort_Smith__mdb_ntd-60086","metadata_agency_names":"City of Fort Smith Transit","metadata_ntd_id":"60086","metadata_ntd_match_method":"manual_override","metadata_ntd_agency":"City of Fort Smith, dba: Fort Smith Transit","metadata_ntd_city":"Fort Smith","metadata_ntd_state":"AR","metadata_gtfs_route_count":7,"metadata_gtfs_trip_count":147,"metadata_gtfs_shape_count":15,"metadata_gtfs_stop_count":409,"metadata_ntd_agency_voms":10,"metadata_ntd_total_facilities":4,"metadata_ntd_maintenance_facilities":2,"metadata_ntd_passenger_stations":1,"metadata_tam_tier":"Tier II","metadata_service_area_sq_miles":65,"metadata_service_area_population":86209,"metadata_route_types_json":"{\"3\":7}","metadata_ntd_facilities_json":"{\"maintenance_facilities\":2,\"administrative_and_other_non_passenger_facilities\":1,\"passenger_stations_and_terminals\":1,\"parking_and_other_passenger_facilities\":0,\"total_facilities\":4,\"bus_transfer_centers\":1,\"elevated_fixed_guideway_stations\":0,\"at_grade_fixed_guideway_stations\":0,\"underground_fixed_guideway_stations\":0,\"simple_at_grade_platform_stations\":0,\"exclusive_grade_separated_platform_stations\":0,\"ferryboat_terminals\":0,\"surface_parking_lots\":0,\"parking_structures\":0}","metadata_tam_modes_json":"{\"DR\":{\"total_units_2024\":5,\"units_under_threshold_2024\":0,\"voms_2024\":3,\"total_modal_vrm_2024\":163578,\"total_modal_upt_2024\":19821},\"MB\":{\"total_units_2024\":22,\"units_under_threshold_2024\":0,\"voms_2024\":14,\"total_modal_vrm_2024\":607970,\"total_modal_upt_2024\":469580}}"},"geometry":{"type":"Point","coordinates":[-94.39695,35.378613]}},{"type":"Feature","properties":{"stop_id":"Park Ave @ N 30th St_Park Ave @ N 30th St_35.378667_-94.399659","stop_code":"","stop_name":"Park Ave @ N 30th St","stop_desc":"","zone_id":"","stop_url":"","location_type":"","parent_station":"","stop_timezone":"","wheelchair_boarding":"","feed_id":"Arkansas__City_of_Fort_Smith__mdb_ntd-60086","agency_name":"City of Fort Smith Transit","route_count":1,"route_ids":"Grand","route_short_names":"","route_types":"3","route_type_names":"Bus","routes_json":"[{\"route_id\":\"Grand\",\"route_short_name\":\"\",\"route_long_name\":\"Grand\",\"route_type\":\"3\",\"route_type_name\":\"Bus\",\"route_color\":\"FFD700\",\"route_text_color\":\"000000\"}]","metadata_feed_id":"Arkansas__City_of_Fort_Smith__mdb_ntd-60086","metadata_agency_names":"City of Fort Smith Transit","metadata_ntd_id":"60086","metadata_ntd_match_method":"manual_override","metadata_ntd_agency":"City of Fort Smith, dba: Fort Smith Transit","metadata_ntd_city":"Fort Smith","metadata_ntd_state":"AR","metadata_gtfs_route_count":7,"metadata_gtfs_trip_count":147,"metadata_gtfs_shape_count":15,"metadata_gtfs_stop_count":409,"metadata_ntd_agency_voms":10,"metadata_ntd_total_facilities":4,"metadata_ntd_maintenance_facilities":2,"metadata_ntd_passenger_stations":1,"metadata_tam_tier":"Tier II","metadata_service_area_sq_miles":65,"metadata_service_area_population":86209,"metadata_route_types_json":"{\"3\":7}","metadata_ntd_facilities_json":"{\"maintenance_facilities\":2,\"administrative_and_other_non_passenger_facilities\":1,\"passenger_stations_and_terminals\":1,\"parking_and_other_passenger_facilities\":0,\"total_facilities\":4,\"bus_transfer_centers\":1,\"elevated_fixed_guideway_stations\":0,\"at_grade_fixed_guideway_stations\":0,\"underground_fixed_guideway_stations\":0,\"simple_at_grade_platform_stations\":0,\"exclusive_grade_separated_platform_stations\":0,\"ferryboat_terminals\":0,\"surface_parking_lots\":0,\"parking_structures\":0}","metadata_tam_modes_json":"{\"DR\":{\"total_units_2024\":5,\"units_under_threshold_2024\":0,\"voms_2024\":3,\"total_modal_vrm_2024\":163578,\"total_modal_upt_2024\":19821},\"MB\":{\"total_units_2024\":22,\"units_under_threshold_2024\":0,\"voms_2024\":14,\"total_modal_vrm_2024\":607970,\"total_modal_upt_2024\":469580}}"},"geometry":{"type":"Point","coordinates":[-94.399659,35.378667]}},{"type":"Feature","properties":{"stop_id":"Park Ave @ N 36th St_Park Ave @ N 36th St_35.378532_-94.393530","stop_code":"","stop_name":"Park Ave @ N 36th St","stop_desc":"","zone_id":"","stop_url":"","location_type":"","parent_station":"","stop_timezone":"","wheelchair_boarding":"","feed_id":"Arkansas__City_of_Fort_Smith__mdb_ntd-60086","agency_name":"City of Fort Smith Transit","route_count":1,"route_ids":"Grand","route_short_names":"","route_types":"3","route_type_names":"Bus","routes_json":"[{\"route_id\":\"Grand\",\"route_short_name\":\"\",\"route_long_name\":\"Grand\",\"route_type\":\"3\",\"route_type_name\":\"Bus\",\"route_color\":\"FFD700\",\"route_text_color\":\"000000\"}]","metadata_feed_id":"Arkansas__City_of_Fort_Smith__mdb_ntd-60086","metadata_agency_names":"City of Fort Smith Transit","metadata_ntd_id":"60086","metadata_ntd_match_method":"manual_override","metadata_ntd_agency":"City of Fort Smith, dba: Fort Smith Transit","metadata_ntd_city":"Fort Smith","metadata_ntd_state":"AR","metadata_gtfs_route_count":7,"metadata_gtfs_trip_count":147,"metadata_gtfs_shape_count":15,"metadata_gtfs_stop_count":409,"metadata_ntd_agency_voms":10,"metadata_ntd_total_facilities":4,"metadata_ntd_maintenance_facilities":2,"metadata_ntd_passenger_stations":1,"metadata_tam_tier":"Tier II","metadata_service_area_sq_miles":65,"metadata_service_area_population":86209,"metadata_route_types_json":"{\"3\":7}","metadata_ntd_facilities_json":"{\"maintenance_facilities\":2,\"administrative_and_other_non_passenger_facilities\":1,\"passenger_stations_and_terminals\":1,\"parking_and_other_passenger_facilities\":0,\"total_facilities\":4,\"bus_transfer_centers\":1,\"elevated_fixed_guideway_stations\":0,\"at_grade_fixed_guideway_stations\":0,\"underground_fixed_guideway_stations\":0,\"simple_at_grade_platform_stations\":0,\"exclusive_grade_separated_platform_stations\":0,\"ferryboat_terminals\":0,\"surface_parking_lots\":0,\"parking_structures\":0}","metadata_tam_modes_json":"{\"DR\":{\"total_units_2024\":5,\"units_under_threshold_2024\":0,\"voms_2024\":3,\"total_modal_vrm_2024\":163578,\"total_modal_upt_2024\":19821},\"MB\":{\"total_units_2024\":22,\"units_under_threshold_2024\":0,\"voms_2024\":14,\"total_modal_vrm_2024\":607970,\"total_modal_upt_2024\":469580}}"},"geometry":{"type":"Point","coordinates":[-94.39353,35.378532]}},{"type":"Feature","properties":{"stop_id":"Park Ave @ N 39th St_Park Ave @ N 39th St_35.378442_-94.389561","stop_code":"","stop_name":"Park Ave @ N 39th St","stop_desc":"","zone_id":"","stop_url":"","location_type":"","parent_station":"","stop_timezone":"","wheelchair_boarding":"","feed_id":"Arkansas__City_of_Fort_Smith__mdb_ntd-60086","agency_name":"City of Fort Smith Transit","route_count":1,"route_ids":"Grand","route_short_names":"","route_types":"3","route_type_names":"Bus","routes_json":"[{\"route_id\":\"Grand\",\"route_short_name\":\"\",\"route_long_name\":\"Grand\",\"route_type\":\"3\",\"route_type_name\":\"Bus\",\"route_color\":\"FFD700\",\"route_text_color\":\"000000\"}]","metadata_feed_id":"Arkansas__City_of_Fort_Smith__mdb_ntd-60086","metadata_agency_names":"City of Fort Smith Transit","metadata_ntd_id":"60086","metadata_ntd_match_method":"manual_override","metadata_ntd_agency":"City of Fort Smith, dba: Fort Smith Transit","metadata_ntd_city":"Fort Smith","metadata_ntd_state":"AR","metadata_gtfs_route_count":7,"metadata_gtfs_trip_count":147,"metadata_gtfs_shape_count":15,"metadata_gtfs_stop_count":409,"metadata_ntd_agency_voms":10,"metadata_ntd_total_facilities":4,"metadata_ntd_maintenance_facilities":2,"metadata_ntd_passenger_stations":1,"metadata_tam_tier":"Tier II","metadata_service_area_sq_miles":65,"metadata_service_area_population":86209,"metadata_route_types_json":"{\"3\":7}","metadata_ntd_facilities_json":"{\"maintenance_facilities\":2,\"administrative_and_other_non_passenger_facilities\":1,\"passenger_stations_and_terminals\":1,\"parking_and_other_passenger_facilities\":0,\"total_facilities\":4,\"bus_transfer_centers\":1,\"elevated_fixed_guideway_stations\":0,\"at_grade_fixed_guideway_stations\":0,\"underground_fixed_guideway_stations\":0,\"simple_at_grade_platform_stations\":0,\"exclusive_grade_separated_platform_stations\":0,\"ferryboat_terminals\":0,\"surface_parking_lots\":0,\"parking_structures\":0}","metadata_tam_modes_json":"{\"DR\":{\"total_units_2024\":5,\"units_under_threshold_2024\":0,\"voms_2024\":3,\"total_modal_vrm_2024\":163578,\"total_modal_upt_2024\":19821},\"MB\":{\"total_units_2024\":22,\"units_under_threshold_2024\":0,\"voms_2024\":14,\"total_modal_vrm_2024\":607970,\"total_modal_upt_2024\":469580}}"},"geometry":{"type":"Point","coordinates":[-94.389561,35.378442]}},{"type":"Feature","properties":{"stop_id":"Park Ave @ N 40th St_Park Ave @ N 40th St_35.378406_-94.388531","stop_code":"","stop_name":"Park Ave @ N 40th St","stop_desc":"","zone_id":"","stop_url":"","location_type":"","parent_station":"","stop_timezone":"","wheelchair_boarding":"","feed_id":"Arkansas__City_of_Fort_Smith__mdb_ntd-60086","agency_name":"City of Fort Smith Transit","route_count":1,"route_ids":"Grand","route_short_names":"","route_types":"3","route_type_names":"Bus","routes_json":"[{\"route_id\":\"Grand\",\"route_short_name\":\"\",\"route_long_name\":\"Grand\",\"route_type\":\"3\",\"route_type_name\":\"Bus\",\"route_color\":\"FFD700\",\"route_text_color\":\"000000\"}]","metadata_feed_id":"Arkansas__City_of_Fort_Smith__mdb_ntd-60086","metadata_agency_names":"City of Fort Smith Transit","metadata_ntd_id":"60086","metadata_ntd_match_method":"manual_override","metadata_ntd_agency":"City of Fort Smith, dba: Fort Smith Transit","metadata_ntd_city":"Fort Smith","metadata_ntd_state":"AR","metadata_gtfs_route_count":7,"metadata_gtfs_trip_count":147,"metadata_gtfs_shape_count":15,"metadata_gtfs_stop_count":409,"metadata_ntd_agency_voms":10,"metadata_ntd_total_facilities":4,"metadata_ntd_maintenance_facilities":2,"metadata_ntd_passenger_stations":1,"metadata_tam_tier":"Tier II","metadata_service_area_sq_miles":65,"metadata_service_area_population":86209,"metadata_route_types_json":"{\"3\":7}","metadata_ntd_facilities_json":"{\"maintenance_facilities\":2,\"administrative_and_other_non_passenger_facilities\":1,\"passenger_stations_and_terminals\":1,\"parking_and_other_passenger_facilities\":0,\"total_facilities\":4,\"bus_transfer_centers\":1,\"elevated_fixed_guideway_stations\":0,\"at_grade_fixed_guideway_stations\":0,\"underground_fixed_guideway_stations\":0,\"simple_at_grade_platform_stations\":0,\"exclusive_grade_separated_platform_stations\":0,\"ferryboat_terminals\":0,\"surface_parking_lots\":0,\"parking_structures\":0}","metadata_tam_modes_json":"{\"DR\":{\"total_units_2024\":5,\"units_under_threshold_2024\":0,\"voms_2024\":3,\"total_modal_vrm_2024\":163578,\"total_modal_upt_2024\":19821},\"MB\":{\"total_units_2024\":22,\"units_under_threshold_2024\":0,\"voms_2024\":14,\"total_modal_vrm_2024\":607970,\"total_modal_upt_2024\":469580}}"},"geometry":{"type":"Point","coordinates":[-94.388531,35.378406]}},{"type":"Feature","properties":{"stop_id":"Peak Innovation Center__35.322752_-94.323649","stop_code":"","stop_name":"Peak Innovation Center","stop_desc":"","zone_id":"","stop_url":"","location_type":"","parent_station":"","stop_timezone":"","wheelchair_boarding":"","feed_id":"Arkansas__City_of_Fort_Smith__mdb_ntd-60086","agency_name":"City of Fort Smith Transit","route_count":0,"route_ids":"","route_short_names":"","route_types":"","route_type_names":"","routes_json":"[]","metadata_feed_id":"Arkansas__City_of_Fort_Smith__mdb_ntd-60086","metadata_agency_names":"City of Fort Smith Transit","metadata_ntd_id":"60086","metadata_ntd_match_method":"manual_override","metadata_ntd_agency":"City of Fort Smith, dba: Fort Smith Transit","metadata_ntd_city":"Fort Smith","metadata_ntd_state":"AR","metadata_gtfs_route_count":7,"metadata_gtfs_trip_count":147,"metadata_gtfs_shape_count":15,"metadata_gtfs_stop_count":409,"metadata_ntd_agency_voms":10,"metadata_ntd_total_facilities":4,"metadata_ntd_maintenance_facilities":2,"metadata_ntd_passenger_stations":1,"metadata_tam_tier":"Tier II","metadata_service_area_sq_miles":65,"metadata_service_area_population":86209,"metadata_route_types_json":"{\"3\":7}","metadata_ntd_facilities_json":"{\"maintenance_facilities\":2,\"administrative_and_other_non_passenger_facilities\":1,\"passenger_stations_and_terminals\":1,\"parking_and_other_passenger_facilities\":0,\"total_facilities\":4,\"bus_transfer_centers\":1,\"elevated_fixed_guideway_stations\":0,\"at_grade_fixed_guideway_stations\":0,\"underground_fixed_guideway_stations\":0,\"simple_at_grade_platform_stations\":0,\"exclusive_grade_separated_platform_stations\":0,\"ferryboat_terminals\":0,\"surface_parking_lots\":0,\"parking_structures\":0}","metadata_tam_modes_json":"{\"DR\":{\"total_units_2024\":5,\"units_under_threshold_2024\":0,\"voms_2024\":3,\"total_modal_vrm_2024\":163578,\"total_modal_upt_2024\":19821},\"MB\":{\"total_units_2024\":22,\"units_under_threshold_2024\":0,\"voms_2024\":14,\"total_modal_vrm_2024\":607970,\"total_modal_upt_2024\":469580}}"},"geometry":{"type":"Point","coordinates":[-94.323649,35.322752]}},{"type":"Feature","properties":{"stop_id":"Pernod Ricard USA__35.313184_-94.386883","stop_code":"","stop_name":"Pernod Ricard USA","stop_desc":"","zone_id":"","stop_url":"","location_type":"","parent_station":"","stop_timezone":"","wheelchair_boarding":"","feed_id":"Arkansas__City_of_Fort_Smith__mdb_ntd-60086","agency_name":"City of Fort Smith Transit","route_count":0,"route_ids":"","route_short_names":"","route_types":"","route_type_names":"","routes_json":"[]","metadata_feed_id":"Arkansas__City_of_Fort_Smith__mdb_ntd-60086","metadata_agency_names":"City of Fort Smith Transit","metadata_ntd_id":"60086","metadata_ntd_match_method":"manual_override","metadata_ntd_agency":"City of Fort Smith, dba: Fort Smith Transit","metadata_ntd_city":"Fort Smith","metadata_ntd_state":"AR","metadata_gtfs_route_count":7,"metadata_gtfs_trip_count":147,"metadata_gtfs_shape_count":15,"metadata_gtfs_stop_count":409,"metadata_ntd_agency_voms":10,"metadata_ntd_total_facilities":4,"metadata_ntd_maintenance_facilities":2,"metadata_ntd_passenger_stations":1,"metadata_tam_tier":"Tier II","metadata_service_area_sq_miles":65,"metadata_service_area_population":86209,"metadata_route_types_json":"{\"3\":7}","metadata_ntd_facilities_json":"{\"maintenance_facilities\":2,\"administrative_and_other_non_passenger_facilities\":1,\"passenger_stations_and_terminals\":1,\"parking_and_other_passenger_facilities\":0,\"total_facilities\":4,\"bus_transfer_centers\":1,\"elevated_fixed_guideway_stations\":0,\"at_grade_fixed_guideway_stations\":0,\"underground_fixed_guideway_stations\":0,\"simple_at_grade_platform_stations\":0,\"exclusive_grade_separated_platform_stations\":0,\"ferryboat_terminals\":0,\"surface_parking_lots\":0,\"parking_structures\":0}","metadata_tam_modes_json":"{\"DR\":{\"total_units_2024\":5,\"units_under_threshold_2024\":0,\"voms_2024\":3,\"total_modal_vrm_2024\":163578,\"total_modal_upt_2024\":19821},\"MB\":{\"total_units_2024\":22,\"units_under_threshold_2024\":0,\"voms_2024\":14,\"total_modal_vrm_2024\":607970,\"total_modal_upt_2024\":469580}}"},"geometry":{"type":"Point","coordinates":[-94.386883,35.313184]}},{"type":"Feature","properties":{"stop_id":"Phoenix & South 31st Street_Phoenix Ave @ S 30th StPhoenix & South 31st Street_35.338556_-94.401909","stop_code":"","stop_name":"Phoenix & South 31st Street","stop_desc":"","zone_id":"","stop_url":"","location_type":"","parent_station":"","stop_timezone":"","wheelchair_boarding":"","feed_id":"Arkansas__City_of_Fort_Smith__mdb_ntd-60086","agency_name":"City of Fort Smith Transit","route_count":1,"route_ids":"Towson","route_short_names":"","route_types":"3","route_type_names":"Bus","routes_json":"[{\"route_id\":\"Towson\",\"route_short_name\":\"\",\"route_long_name\":\"Towson\",\"route_type\":\"3\",\"route_type_name\":\"Bus\",\"route_color\":\"70AD47\",\"route_text_color\":\"000000\"}]","metadata_feed_id":"Arkansas__City_of_Fort_Smith__mdb_ntd-60086","metadata_agency_names":"City of Fort Smith Transit","metadata_ntd_id":"60086","metadata_ntd_match_method":"manual_override","metadata_ntd_agency":"City of Fort Smith, dba: Fort Smith Transit","metadata_ntd_city":"Fort Smith","metadata_ntd_state":"AR","metadata_gtfs_route_count":7,"metadata_gtfs_trip_count":147,"metadata_gtfs_shape_count":15,"metadata_gtfs_stop_count":409,"metadata_ntd_agency_voms":10,"metadata_ntd_total_facilities":4,"metadata_ntd_maintenance_facilities":2,"metadata_ntd_passenger_stations":1,"metadata_tam_tier":"Tier II","metadata_service_area_sq_miles":65,"metadata_service_area_population":86209,"metadata_route_types_json":"{\"3\":7}","metadata_ntd_facilities_json":"{\"maintenance_facilities\":2,\"administrative_and_other_non_passenger_facilities\":1,\"passenger_stations_and_terminals\":1,\"parking_and_other_passenger_facilities\":0,\"total_facilities\":4,\"bus_transfer_centers\":1,\"elevated_fixed_guideway_stations\":0,\"at_grade_fixed_guideway_stations\":0,\"underground_fixed_guideway_stations\":0,\"simple_at_grade_platform_stations\":0,\"exclusive_grade_separated_platform_stations\":0,\"ferryboat_terminals\":0,\"surface_parking_lots\":0,\"parking_structures\":0}","metadata_tam_modes_json":"{\"DR\":{\"total_units_2024\":5,\"units_under_threshold_2024\":0,\"voms_2024\":3,\"total_modal_vrm_2024\":163578,\"total_modal_upt_2024\":19821},\"MB\":{\"total_units_2024\":22,\"units_under_threshold_2024\":0,\"voms_2024\":14,\"total_modal_vrm_2024\":607970,\"total_modal_upt_2024\":469580}}"},"geometry":{"type":"Point","coordinates":[-94.401909,35.338556]}},{"type":"Feature","properties":{"stop_id":"Phoenix Ave @ Jenny Lind Rd__35.338959_-94.413771","stop_code":"","stop_name":"Phoenix Ave @ Jenny Lind Rd","stop_desc":"","zone_id":"","stop_url":"","location_type":"","parent_station":"","stop_timezone":"","wheelchair_boarding":"","feed_id":"Arkansas__City_of_Fort_Smith__mdb_ntd-60086","agency_name":"City of Fort Smith Transit","route_count":1,"route_ids":"Towson","route_short_names":"","route_types":"3","route_type_names":"Bus","routes_json":"[{\"route_id\":\"Towson\",\"route_short_name\":\"\",\"route_long_name\":\"Towson\",\"route_type\":\"3\",\"route_type_name\":\"Bus\",\"route_color\":\"70AD47\",\"route_text_color\":\"000000\"}]","metadata_feed_id":"Arkansas__City_of_Fort_Smith__mdb_ntd-60086","metadata_agency_names":"City of Fort Smith Transit","metadata_ntd_id":"60086","metadata_ntd_match_method":"manual_override","metadata_ntd_agency":"City of Fort Smith, dba: Fort Smith Transit","metadata_ntd_city":"Fort Smith","metadata_ntd_state":"AR","metadata_gtfs_route_count":7,"metadata_gtfs_trip_count":147,"metadata_gtfs_shape_count":15,"metadata_gtfs_stop_count":409,"metadata_ntd_agency_voms":10,"metadata_ntd_total_facilities":4,"metadata_ntd_maintenance_facilities":2,"metadata_ntd_passenger_stations":1,"metadata_tam_tier":"Tier II","metadata_service_area_sq_miles":65,"metadata_service_area_population":86209,"metadata_route_types_json":"{\"3\":7}","metadata_ntd_facilities_json":"{\"maintenance_facilities\":2,\"administrative_and_other_non_passenger_facilities\":1,\"passenger_stations_and_terminals\":1,\"parking_and_other_passenger_facilities\":0,\"total_facilities\":4,\"bus_transfer_centers\":1,\"elevated_fixed_guideway_stations\":0,\"at_grade_fixed_guideway_stations\":0,\"underground_fixed_guideway_stations\":0,\"simple_at_grade_platform_stations\":0,\"exclusive_grade_separated_platform_stations\":0,\"ferryboat_terminals\":0,\"surface_parking_lots\":0,\"parking_structures\":0}","metadata_tam_modes_json":"{\"DR\":{\"total_units_2024\":5,\"units_under_threshold_2024\":0,\"voms_2024\":3,\"total_modal_vrm_2024\":163578,\"total_modal_upt_2024\":19821},\"MB\":{\"total_units_2024\":22,\"units_under_threshold_2024\":0,\"voms_2024\":14,\"total_modal_vrm_2024\":607970,\"total_modal_upt_2024\":469580}}"},"geometry":{"type":"Point","coordinates":[-94.413771,35.338959]}},{"type":"Feature","properties":{"stop_id":"Phoenix Ave @ S 22nd St__35.338887_-94.411449","stop_code":"","stop_name":"Phoenix Ave @ S 22nd St","stop_desc":"","zone_id":"","stop_url":"","location_type":"","parent_station":"","stop_timezone":"","wheelchair_boarding":"","feed_id":"Arkansas__City_of_Fort_Smith__mdb_ntd-60086","agency_name":"City of Fort Smith Transit","route_count":1,"route_ids":"Towson","route_short_names":"","route_types":"3","route_type_names":"Bus","routes_json":"[{\"route_id\":\"Towson\",\"route_short_name\":\"\",\"route_long_name\":\"Towson\",\"route_type\":\"3\",\"route_type_name\":\"Bus\",\"route_color\":\"70AD47\",\"route_text_color\":\"000000\"}]","metadata_feed_id":"Arkansas__City_of_Fort_Smith__mdb_ntd-60086","metadata_agency_names":"City of Fort Smith Transit","metadata_ntd_id":"60086","metadata_ntd_match_method":"manual_override","metadata_ntd_agency":"City of Fort Smith, dba: Fort Smith Transit","metadata_ntd_city":"Fort Smith","metadata_ntd_state":"AR","metadata_gtfs_route_count":7,"metadata_gtfs_trip_count":147,"metadata_gtfs_shape_count":15,"metadata_gtfs_stop_count":409,"metadata_ntd_agency_voms":10,"metadata_ntd_total_facilities":4,"metadata_ntd_maintenance_facilities":2,"metadata_ntd_passenger_stations":1,"metadata_tam_tier":"Tier II","metadata_service_area_sq_miles":65,"metadata_service_area_population":86209,"metadata_route_types_json":"{\"3\":7}","metadata_ntd_facilities_json":"{\"maintenance_facilities\":2,\"administrative_and_other_non_passenger_facilities\":1,\"passenger_stations_and_terminals\":1,\"parking_and_other_passenger_facilities\":0,\"total_facilities\":4,\"bus_transfer_centers\":1,\"elevated_fixed_guideway_stations\":0,\"at_grade_fixed_guideway_stations\":0,\"underground_fixed_guideway_stations\":0,\"simple_at_grade_platform_stations\":0,\"exclusive_grade_separated_platform_stations\":0,\"ferryboat_terminals\":0,\"surface_parking_lots\":0,\"parking_structures\":0}","metadata_tam_modes_json":"{\"DR\":{\"total_units_2024\":5,\"units_under_threshold_2024\":0,\"voms_2024\":3,\"total_modal_vrm_2024\":163578,\"total_modal_upt_2024\":19821},\"MB\":{\"total_units_2024\":22,\"units_under_threshold_2024\":0,\"voms_2024\":14,\"total_modal_vrm_2024\":607970,\"total_modal_upt_2024\":469580}}"},"geometry":{"type":"Point","coordinates":[-94.411449,35.338887]}},{"type":"Feature","properties":{"stop_id":"Phoenix Ave @ S 24th St__35.338806_-94.409289","stop_code":"","stop_name":"Phoenix Ave @ S 24th St","stop_desc":"","zone_id":"","stop_url":"","location_type":"","parent_station":"","stop_timezone":"","wheelchair_boarding":"","feed_id":"Arkansas__City_of_Fort_Smith__mdb_ntd-60086","agency_name":"City of Fort Smith Transit","route_count":1,"route_ids":"Towson","route_short_names":"","route_types":"3","route_type_names":"Bus","routes_json":"[{\"route_id\":\"Towson\",\"route_short_name\":\"\",\"route_long_name\":\"Towson\",\"route_type\":\"3\",\"route_type_name\":\"Bus\",\"route_color\":\"70AD47\",\"route_text_color\":\"000000\"}]","metadata_feed_id":"Arkansas__City_of_Fort_Smith__mdb_ntd-60086","metadata_agency_names":"City of Fort Smith Transit","metadata_ntd_id":"60086","metadata_ntd_match_method":"manual_override","metadata_ntd_agency":"City of Fort Smith, dba: Fort Smith Transit","metadata_ntd_city":"Fort Smith","metadata_ntd_state":"AR","metadata_gtfs_route_count":7,"metadata_gtfs_trip_count":147,"metadata_gtfs_shape_count":15,"metadata_gtfs_stop_count":409,"metadata_ntd_agency_voms":10,"metadata_ntd_total_facilities":4,"metadata_ntd_maintenance_facilities":2,"metadata_ntd_passenger_stations":1,"metadata_tam_tier":"Tier II","metadata_service_area_sq_miles":65,"metadata_service_area_population":86209,"metadata_route_types_json":"{\"3\":7}","metadata_ntd_facilities_json":"{\"maintenance_facilities\":2,\"administrative_and_other_non_passenger_facilities\":1,\"passenger_stations_and_terminals\":1,\"parking_and_other_passenger_facilities\":0,\"total_facilities\":4,\"bus_transfer_centers\":1,\"elevated_fixed_guideway_stations\":0,\"at_grade_fixed_guideway_stations\":0,\"underground_fixed_guideway_stations\":0,\"simple_at_grade_platform_stations\":0,\"exclusive_grade_separated_platform_stations\":0,\"ferryboat_terminals\":0,\"surface_parking_lots\":0,\"parking_structures\":0}","metadata_tam_modes_json":"{\"DR\":{\"total_units_2024\":5,\"units_under_threshold_2024\":0,\"voms_2024\":3,\"total_modal_vrm_2024\":163578,\"total_modal_upt_2024\":19821},\"MB\":{\"total_units_2024\":22,\"units_under_threshold_2024\":0,\"voms_2024\":14,\"total_modal_vrm_2024\":607970,\"total_modal_upt_2024\":469580}}"},"geometry":{"type":"Point","coordinates":[-94.409289,35.338806]}},{"type":"Feature","properties":{"stop_id":"Phoenix Ave @ S 26th St__35.338707_-94.406329","stop_code":"","stop_name":"Phoenix Ave @ S 26th St","stop_desc":"","zone_id":"","stop_url":"","location_type":"","parent_station":"","stop_timezone":"","wheelchair_boarding":"","feed_id":"Arkansas__City_of_Fort_Smith__mdb_ntd-60086","agency_name":"City of Fort Smith Transit","route_count":1,"route_ids":"Towson","route_short_names":"","route_types":"3","route_type_names":"Bus","routes_json":"[{\"route_id\":\"Towson\",\"route_short_name\":\"\",\"route_long_name\":\"Towson\",\"route_type\":\"3\",\"route_type_name\":\"Bus\",\"route_color\":\"70AD47\",\"route_text_color\":\"000000\"}]","metadata_feed_id":"Arkansas__City_of_Fort_Smith__mdb_ntd-60086","metadata_agency_names":"City of Fort Smith Transit","metadata_ntd_id":"60086","metadata_ntd_match_method":"manual_override","metadata_ntd_agency":"City of Fort Smith, dba: Fort Smith Transit","metadata_ntd_city":"Fort Smith","metadata_ntd_state":"AR","metadata_gtfs_route_count":7,"metadata_gtfs_trip_count":147,"metadata_gtfs_shape_count":15,"metadata_gtfs_stop_count":409,"metadata_ntd_agency_voms":10,"metadata_ntd_total_facilities":4,"metadata_ntd_maintenance_facilities":2,"metadata_ntd_passenger_stations":1,"metadata_tam_tier":"Tier II","metadata_service_area_sq_miles":65,"metadata_service_area_population":86209,"metadata_route_types_json":"{\"3\":7}","metadata_ntd_facilities_json":"{\"maintenance_facilities\":2,\"administrative_and_other_non_passenger_facilities\":1,\"passenger_stations_and_terminals\":1,\"parking_and_other_passenger_facilities\":0,\"total_facilities\":4,\"bus_transfer_centers\":1,\"elevated_fixed_guideway_stations\":0,\"at_grade_fixed_guideway_stations\":0,\"underground_fixed_guideway_stations\":0,\"simple_at_grade_platform_stations\":0,\"exclusive_grade_separated_platform_stations\":0,\"ferryboat_terminals\":0,\"surface_parking_lots\":0,\"parking_structures\":0}","metadata_tam_modes_json":"{\"DR\":{\"total_units_2024\":5,\"units_under_threshold_2024\":0,\"voms_2024\":3,\"total_modal_vrm_2024\":163578,\"total_modal_upt_2024\":19821},\"MB\":{\"total_units_2024\":22,\"units_under_threshold_2024\":0,\"voms_2024\":14,\"total_modal_vrm_2024\":607970,\"total_modal_upt_2024\":469580}}"},"geometry":{"type":"Point","coordinates":[-94.406329,35.338707]}},{"type":"Feature","properties":{"stop_id":"Phoenix Ave @ S 28th St__35.338635_-94.403988","stop_code":"","stop_name":"Phoenix Ave @ S 28th St","stop_desc":"","zone_id":"","stop_url":"","location_type":"","parent_station":"","stop_timezone":"","wheelchair_boarding":"","feed_id":"Arkansas__City_of_Fort_Smith__mdb_ntd-60086","agency_name":"City of Fort Smith Transit","route_count":1,"route_ids":"Towson","route_short_names":"","route_types":"3","route_type_names":"Bus","routes_json":"[{\"route_id\":\"Towson\",\"route_short_name\":\"\",\"route_long_name\":\"Towson\",\"route_type\":\"3\",\"route_type_name\":\"Bus\",\"route_color\":\"70AD47\",\"route_text_color\":\"000000\"}]","metadata_feed_id":"Arkansas__City_of_Fort_Smith__mdb_ntd-60086","metadata_agency_names":"City of Fort Smith Transit","metadata_ntd_id":"60086","metadata_ntd_match_method":"manual_override","metadata_ntd_agency":"City of Fort Smith, dba: Fort Smith Transit","metadata_ntd_city":"Fort Smith","metadata_ntd_state":"AR","metadata_gtfs_route_count":7,"metadata_gtfs_trip_count":147,"metadata_gtfs_shape_count":15,"metadata_gtfs_stop_count":409,"metadata_ntd_agency_voms":10,"metadata_ntd_total_facilities":4,"metadata_ntd_maintenance_facilities":2,"metadata_ntd_passenger_stations":1,"metadata_tam_tier":"Tier II","metadata_service_area_sq_miles":65,"metadata_service_area_population":86209,"metadata_route_types_json":"{\"3\":7}","metadata_ntd_facilities_json":"{\"maintenance_facilities\":2,\"administrative_and_other_non_passenger_facilities\":1,\"passenger_stations_and_terminals\":1,\"parking_and_other_passenger_facilities\":0,\"total_facilities\":4,\"bus_transfer_centers\":1,\"elevated_fixed_guideway_stations\":0,\"at_grade_fixed_guideway_stations\":0,\"underground_fixed_guideway_stations\":0,\"simple_at_grade_platform_stations\":0,\"exclusive_grade_separated_platform_stations\":0,\"ferryboat_terminals\":0,\"surface_parking_lots\":0,\"parking_structures\":0}","metadata_tam_modes_json":"{\"DR\":{\"total_units_2024\":5,\"units_under_threshold_2024\":0,\"voms_2024\":3,\"total_modal_vrm_2024\":163578,\"total_modal_upt_2024\":19821},\"MB\":{\"total_units_2024\":22,\"units_under_threshold_2024\":0,\"voms_2024\":14,\"total_modal_vrm_2024\":607970,\"total_modal_upt_2024\":469580}}"},"geometry":{"type":"Point","coordinates":[-94.403988,35.338635]}},{"type":"Feature","properties":{"stop_id":"Phoenix Ave @ S 32nd St__35.338518_-94.398971","stop_code":"","stop_name":"Phoenix Ave @ S 32nd St","stop_desc":"","zone_id":"","stop_url":"","location_type":"","parent_station":"","stop_timezone":"","wheelchair_boarding":"","feed_id":"Arkansas__City_of_Fort_Smith__mdb_ntd-60086","agency_name":"City of Fort Smith Transit","route_count":1,"route_ids":"Towson","route_short_names":"","route_types":"3","route_type_names":"Bus","routes_json":"[{\"route_id\":\"Towson\",\"route_short_name\":\"\",\"route_long_name\":\"Towson\",\"route_type\":\"3\",\"route_type_name\":\"Bus\",\"route_color\":\"70AD47\",\"route_text_color\":\"000000\"}]","metadata_feed_id":"Arkansas__City_of_Fort_Smith__mdb_ntd-60086","metadata_agency_names":"City of Fort Smith Transit","metadata_ntd_id":"60086","metadata_ntd_match_method":"manual_override","metadata_ntd_agency":"City of Fort Smith, dba: Fort Smith Transit","metadata_ntd_city":"Fort Smith","metadata_ntd_state":"AR","metadata_gtfs_route_count":7,"metadata_gtfs_trip_count":147,"metadata_gtfs_shape_count":15,"metadata_gtfs_stop_count":409,"metadata_ntd_agency_voms":10,"metadata_ntd_total_facilities":4,"metadata_ntd_maintenance_facilities":2,"metadata_ntd_passenger_stations":1,"metadata_tam_tier":"Tier II","metadata_service_area_sq_miles":65,"metadata_service_area_population":86209,"metadata_route_types_json":"{\"3\":7}","metadata_ntd_facilities_json":"{\"maintenance_facilities\":2,\"administrative_and_other_non_passenger_facilities\":1,\"passenger_stations_and_terminals\":1,\"parking_and_other_passenger_facilities\":0,\"total_facilities\":4,\"bus_transfer_centers\":1,\"elevated_fixed_guideway_stations\":0,\"at_grade_fixed_guideway_stations\":0,\"underground_fixed_guideway_stations\":0,\"simple_at_grade_platform_stations\":0,\"exclusive_grade_separated_platform_stations\":0,\"ferryboat_terminals\":0,\"surface_parking_lots\":0,\"parking_structures\":0}","metadata_tam_modes_json":"{\"DR\":{\"total_units_2024\":5,\"units_under_threshold_2024\":0,\"voms_2024\":3,\"total_modal_vrm_2024\":163578,\"total_modal_upt_2024\":19821},\"MB\":{\"total_units_2024\":22,\"units_under_threshold_2024\":0,\"voms_2024\":14,\"total_modal_vrm_2024\":607970,\"total_modal_upt_2024\":469580}}"},"geometry":{"type":"Point","coordinates":[-94.398971,35.338518]}},{"type":"Feature","properties":{"stop_id":"Phoenix Ave @ S 34th St__35.338464_-94.396532","stop_code":"","stop_name":"Phoenix Ave @ S 34th St","stop_desc":"","zone_id":"","stop_url":"","location_type":"","parent_station":"","stop_timezone":"","wheelchair_boarding":"","feed_id":"Arkansas__City_of_Fort_Smith__mdb_ntd-60086","agency_name":"City of Fort Smith Transit","route_count":1,"route_ids":"Towson","route_short_names":"","route_types":"3","route_type_names":"Bus","routes_json":"[{\"route_id\":\"Towson\",\"route_short_name\":\"\",\"route_long_name\":\"Towson\",\"route_type\":\"3\",\"route_type_name\":\"Bus\",\"route_color\":\"70AD47\",\"route_text_color\":\"000000\"}]","metadata_feed_id":"Arkansas__City_of_Fort_Smith__mdb_ntd-60086","metadata_agency_names":"City of Fort Smith Transit","metadata_ntd_id":"60086","metadata_ntd_match_method":"manual_override","metadata_ntd_agency":"City of Fort Smith, dba: Fort Smith Transit","metadata_ntd_city":"Fort Smith","metadata_ntd_state":"AR","metadata_gtfs_route_count":7,"metadata_gtfs_trip_count":147,"metadata_gtfs_shape_count":15,"metadata_gtfs_stop_count":409,"metadata_ntd_agency_voms":10,"metadata_ntd_total_facilities":4,"metadata_ntd_maintenance_facilities":2,"metadata_ntd_passenger_stations":1,"metadata_tam_tier":"Tier II","metadata_service_area_sq_miles":65,"metadata_service_area_population":86209,"metadata_route_types_json":"{\"3\":7}","metadata_ntd_facilities_json":"{\"maintenance_facilities\":2,\"administrative_and_other_non_passenger_facilities\":1,\"passenger_stations_and_terminals\":1,\"parking_and_other_passenger_facilities\":0,\"total_facilities\":4,\"bus_transfer_centers\":1,\"elevated_fixed_guideway_stations\":0,\"at_grade_fixed_guideway_stations\":0,\"underground_fixed_guideway_stations\":0,\"simple_at_grade_platform_stations\":0,\"exclusive_grade_separated_platform_stations\":0,\"ferryboat_terminals\":0,\"surface_parking_lots\":0,\"parking_structures\":0}","metadata_tam_modes_json":"{\"DR\":{\"total_units_2024\":5,\"units_under_threshold_2024\":0,\"voms_2024\":3,\"total_modal_vrm_2024\":163578,\"total_modal_upt_2024\":19821},\"MB\":{\"total_units_2024\":22,\"units_under_threshold_2024\":0,\"voms_2024\":14,\"total_modal_vrm_2024\":607970,\"total_modal_upt_2024\":469580}}"},"geometry":{"type":"Point","coordinates":[-94.396532,35.338464]}},{"type":"Feature","properties":{"stop_id":"PLANTERS__35.305465_-94.388668","stop_code":"","stop_name":"PLANTERS","stop_desc":"","zone_id":"","stop_url":"","location_type":"","parent_station":"","stop_timezone":"","wheelchair_boarding":"","feed_id":"Arkansas__City_of_Fort_Smith__mdb_ntd-60086","agency_name":"City of Fort Smith Transit","route_count":0,"route_ids":"","route_short_names":"","route_types":"","route_type_names":"","routes_json":"[]","metadata_feed_id":"Arkansas__City_of_Fort_Smith__mdb_ntd-60086","metadata_agency_names":"City of Fort Smith Transit","metadata_ntd_id":"60086","metadata_ntd_match_method":"manual_override","metadata_ntd_agency":"City of Fort Smith, dba: Fort Smith Transit","metadata_ntd_city":"Fort Smith","metadata_ntd_state":"AR","metadata_gtfs_route_count":7,"metadata_gtfs_trip_count":147,"metadata_gtfs_shape_count":15,"metadata_gtfs_stop_count":409,"metadata_ntd_agency_voms":10,"metadata_ntd_total_facilities":4,"metadata_ntd_maintenance_facilities":2,"metadata_ntd_passenger_stations":1,"metadata_tam_tier":"Tier II","metadata_service_area_sq_miles":65,"metadata_service_area_population":86209,"metadata_route_types_json":"{\"3\":7}","metadata_ntd_facilities_json":"{\"maintenance_facilities\":2,\"administrative_and_other_non_passenger_facilities\":1,\"passenger_stations_and_terminals\":1,\"parking_and_other_passenger_facilities\":0,\"total_facilities\":4,\"bus_transfer_centers\":1,\"elevated_fixed_guideway_stations\":0,\"at_grade_fixed_guideway_stations\":0,\"underground_fixed_guideway_stations\":0,\"simple_at_grade_platform_stations\":0,\"exclusive_grade_separated_platform_stations\":0,\"ferryboat_terminals\":0,\"surface_parking_lots\":0,\"parking_structures\":0}","metadata_tam_modes_json":"{\"DR\":{\"total_units_2024\":5,\"units_under_threshold_2024\":0,\"voms_2024\":3,\"total_modal_vrm_2024\":163578,\"total_modal_upt_2024\":19821},\"MB\":{\"total_units_2024\":22,\"units_under_threshold_2024\":0,\"voms_2024\":14,\"total_modal_vrm_2024\":607970,\"total_modal_upt_2024\":469580}}"},"geometry":{"type":"Point","coordinates":[-94.388668,35.305465]}},{"type":"Feature","properties":{"stop_id":"Ramsey Junior High School_Jenny Lind Rd @ Fresno StRamsey Junior High School_35.351681_-94.413290","stop_code":"","stop_name":"Ramsey Junior High School","stop_desc":"","zone_id":"","stop_url":"","location_type":"","parent_station":"","stop_timezone":"","wheelchair_boarding":"","feed_id":"Arkansas__City_of_Fort_Smith__mdb_ntd-60086","agency_name":"City of Fort Smith Transit","route_count":1,"route_ids":"Towson","route_short_names":"","route_types":"3","route_type_names":"Bus","routes_json":"[{\"route_id\":\"Towson\",\"route_short_name\":\"\",\"route_long_name\":\"Towson\",\"route_type\":\"3\",\"route_type_name\":\"Bus\",\"route_color\":\"70AD47\",\"route_text_color\":\"000000\"}]","metadata_feed_id":"Arkansas__City_of_Fort_Smith__mdb_ntd-60086","metadata_agency_names":"City of Fort Smith Transit","metadata_ntd_id":"60086","metadata_ntd_match_method":"manual_override","metadata_ntd_agency":"City of Fort Smith, dba: Fort Smith Transit","metadata_ntd_city":"Fort Smith","metadata_ntd_state":"AR","metadata_gtfs_route_count":7,"metadata_gtfs_trip_count":147,"metadata_gtfs_shape_count":15,"metadata_gtfs_stop_count":409,"metadata_ntd_agency_voms":10,"metadata_ntd_total_facilities":4,"metadata_ntd_maintenance_facilities":2,"metadata_ntd_passenger_stations":1,"metadata_tam_tier":"Tier II","metadata_service_area_sq_miles":65,"metadata_service_area_population":86209,"metadata_route_types_json":"{\"3\":7}","metadata_ntd_facilities_json":"{\"maintenance_facilities\":2,\"administrative_and_other_non_passenger_facilities\":1,\"passenger_stations_and_terminals\":1,\"parking_and_other_passenger_facilities\":0,\"total_facilities\":4,\"bus_transfer_centers\":1,\"elevated_fixed_guideway_stations\":0,\"at_grade_fixed_guideway_stations\":0,\"underground_fixed_guideway_stations\":0,\"simple_at_grade_platform_stations\":0,\"exclusive_grade_separated_platform_stations\":0,\"ferryboat_terminals\":0,\"surface_parking_lots\":0,\"parking_structures\":0}","metadata_tam_modes_json":"{\"DR\":{\"total_units_2024\":5,\"units_under_threshold_2024\":0,\"voms_2024\":3,\"total_modal_vrm_2024\":163578,\"total_modal_upt_2024\":19821},\"MB\":{\"total_units_2024\":22,\"units_under_threshold_2024\":0,\"voms_2024\":14,\"total_modal_vrm_2024\":607970,\"total_modal_upt_2024\":469580}}"},"geometry":{"type":"Point","coordinates":[-94.41329,35.351681]}},{"type":"Feature","properties":{"stop_id":"Rock Creek Apartments_N 50th St @ Armour StRock Creek Apartments_35.409096_-94.375931","stop_code":"","stop_name":"Rock Creek Apartments","stop_desc":"","zone_id":"","stop_url":"","location_type":"","parent_station":"","stop_timezone":"","wheelchair_boarding":"","feed_id":"Arkansas__City_of_Fort_Smith__mdb_ntd-60086","agency_name":"City of Fort Smith Transit","route_count":1,"route_ids":"Midland","route_short_names":"","route_types":"3","route_type_names":"Bus","routes_json":"[{\"route_id\":\"Midland\",\"route_short_name\":\"\",\"route_long_name\":\"Midland\",\"route_type\":\"3\",\"route_type_name\":\"Bus\",\"route_color\":\"F51414\",\"route_text_color\":\"FFFFFF\"}]","metadata_feed_id":"Arkansas__City_of_Fort_Smith__mdb_ntd-60086","metadata_agency_names":"City of Fort Smith Transit","metadata_ntd_id":"60086","metadata_ntd_match_method":"manual_override","metadata_ntd_agency":"City of Fort Smith, dba: Fort Smith Transit","metadata_ntd_city":"Fort Smith","metadata_ntd_state":"AR","metadata_gtfs_route_count":7,"metadata_gtfs_trip_count":147,"metadata_gtfs_shape_count":15,"metadata_gtfs_stop_count":409,"metadata_ntd_agency_voms":10,"metadata_ntd_total_facilities":4,"metadata_ntd_maintenance_facilities":2,"metadata_ntd_passenger_stations":1,"metadata_tam_tier":"Tier II","metadata_service_area_sq_miles":65,"metadata_service_area_population":86209,"metadata_route_types_json":"{\"3\":7}","metadata_ntd_facilities_json":"{\"maintenance_facilities\":2,\"administrative_and_other_non_passenger_facilities\":1,\"passenger_stations_and_terminals\":1,\"parking_and_other_passenger_facilities\":0,\"total_facilities\":4,\"bus_transfer_centers\":1,\"elevated_fixed_guideway_stations\":0,\"at_grade_fixed_guideway_stations\":0,\"underground_fixed_guideway_stations\":0,\"simple_at_grade_platform_stations\":0,\"exclusive_grade_separated_platform_stations\":0,\"ferryboat_terminals\":0,\"surface_parking_lots\":0,\"parking_structures\":0}","metadata_tam_modes_json":"{\"DR\":{\"total_units_2024\":5,\"units_under_threshold_2024\":0,\"voms_2024\":3,\"total_modal_vrm_2024\":163578,\"total_modal_upt_2024\":19821},\"MB\":{\"total_units_2024\":22,\"units_under_threshold_2024\":0,\"voms_2024\":14,\"total_modal_vrm_2024\":607970,\"total_modal_upt_2024\":469580}}"},"geometry":{"type":"Point","coordinates":[-94.375931,35.409096]}},{"type":"Feature","properties":{"stop_id":"Rogers Ave @ 46th _Rogers Ave @ 46th _35.367975_-94.381682","stop_code":"","stop_name":"Rogers Ave @ 46th","stop_desc":"","zone_id":"","stop_url":"","location_type":"","parent_station":"","stop_timezone":"","wheelchair_boarding":"","feed_id":"Arkansas__City_of_Fort_Smith__mdb_ntd-60086","agency_name":"City of Fort Smith Transit","route_count":1,"route_ids":"Rogers Express","route_short_names":"","route_types":"3","route_type_names":"Bus","routes_json":"[{\"route_id\":\"Rogers Express\",\"route_short_name\":\"\",\"route_long_name\":\"Rogers Express\",\"route_type\":\"3\",\"route_type_name\":\"Bus\",\"route_color\":\"4472C4\",\"route_text_color\":\"FFFFFF\"}]","metadata_feed_id":"Arkansas__City_of_Fort_Smith__mdb_ntd-60086","metadata_agency_names":"City of Fort Smith Transit","metadata_ntd_id":"60086","metadata_ntd_match_method":"manual_override","metadata_ntd_agency":"City of Fort Smith, dba: Fort Smith Transit","metadata_ntd_city":"Fort Smith","metadata_ntd_state":"AR","metadata_gtfs_route_count":7,"metadata_gtfs_trip_count":147,"metadata_gtfs_shape_count":15,"metadata_gtfs_stop_count":409,"metadata_ntd_agency_voms":10,"metadata_ntd_total_facilities":4,"metadata_ntd_maintenance_facilities":2,"metadata_ntd_passenger_stations":1,"metadata_tam_tier":"Tier II","metadata_service_area_sq_miles":65,"metadata_service_area_population":86209,"metadata_route_types_json":"{\"3\":7}","metadata_ntd_facilities_json":"{\"maintenance_facilities\":2,\"administrative_and_other_non_passenger_facilities\":1,\"passenger_stations_and_terminals\":1,\"parking_and_other_passenger_facilities\":0,\"total_facilities\":4,\"bus_transfer_centers\":1,\"elevated_fixed_guideway_stations\":0,\"at_grade_fixed_guideway_stations\":0,\"underground_fixed_guideway_stations\":0,\"simple_at_grade_platform_stations\":0,\"exclusive_grade_separated_platform_stations\":0,\"ferryboat_terminals\":0,\"surface_parking_lots\":0,\"parking_structures\":0}","metadata_tam_modes_json":"{\"DR\":{\"total_units_2024\":5,\"units_under_threshold_2024\":0,\"voms_2024\":3,\"total_modal_vrm_2024\":163578,\"total_modal_upt_2024\":19821},\"MB\":{\"total_units_2024\":22,\"units_under_threshold_2024\":0,\"voms_2024\":14,\"total_modal_vrm_2024\":607970,\"total_modal_upt_2024\":469580}}"},"geometry":{"type":"Point","coordinates":[-94.381682,35.367975]}},{"type":"Feature","properties":{"stop_id":"Rogers Ave @ 56th St_Rogers Ave @ 56th St_35.362044_-94.370850","stop_code":"","stop_name":"Rogers Ave @ 56th St","stop_desc":"","zone_id":"","stop_url":"","location_type":"","parent_station":"","stop_timezone":"","wheelchair_boarding":"","feed_id":"Arkansas__City_of_Fort_Smith__mdb_ntd-60086","agency_name":"City of Fort Smith Transit","route_count":2,"route_ids":"Rogers Express|Rogers Supercenter","route_short_names":"","route_types":"3","route_type_names":"Bus","routes_json":"[{\"route_id\":\"Rogers Express\",\"route_short_name\":\"\",\"route_long_name\":\"Rogers Express\",\"route_type\":\"3\",\"route_type_name\":\"Bus\",\"route_color\":\"4472C4\",\"route_text_color\":\"FFFFFF\"},{\"route_id\":\"Rogers Supercenter\",\"route_short_name\":\"\",\"route_long_name\":\"Rogers Supercenter\",\"route_type\":\"3\",\"route_type_name\":\"Bus\",\"route_color\":\"F98E10\",\"route_text_color\":\"000000\"}]","metadata_feed_id":"Arkansas__City_of_Fort_Smith__mdb_ntd-60086","metadata_agency_names":"City of Fort Smith Transit","metadata_ntd_id":"60086","metadata_ntd_match_method":"manual_override","metadata_ntd_agency":"City of Fort Smith, dba: Fort Smith Transit","metadata_ntd_city":"Fort Smith","metadata_ntd_state":"AR","metadata_gtfs_route_count":7,"metadata_gtfs_trip_count":147,"metadata_gtfs_shape_count":15,"metadata_gtfs_stop_count":409,"metadata_ntd_agency_voms":10,"metadata_ntd_total_facilities":4,"metadata_ntd_maintenance_facilities":2,"metadata_ntd_passenger_stations":1,"metadata_tam_tier":"Tier II","metadata_service_area_sq_miles":65,"metadata_service_area_population":86209,"metadata_route_types_json":"{\"3\":7}","metadata_ntd_facilities_json":"{\"maintenance_facilities\":2,\"administrative_and_other_non_passenger_facilities\":1,\"passenger_stations_and_terminals\":1,\"parking_and_other_passenger_facilities\":0,\"total_facilities\":4,\"bus_transfer_centers\":1,\"elevated_fixed_guideway_stations\":0,\"at_grade_fixed_guideway_stations\":0,\"underground_fixed_guideway_stations\":0,\"simple_at_grade_platform_stations\":0,\"exclusive_grade_separated_platform_stations\":0,\"ferryboat_terminals\":0,\"surface_parking_lots\":0,\"parking_structures\":0}","metadata_tam_modes_json":"{\"DR\":{\"total_units_2024\":5,\"units_under_threshold_2024\":0,\"voms_2024\":3,\"total_modal_vrm_2024\":163578,\"total_modal_upt_2024\":19821},\"MB\":{\"total_units_2024\":22,\"units_under_threshold_2024\":0,\"voms_2024\":14,\"total_modal_vrm_2024\":607970,\"total_modal_upt_2024\":469580}}"},"geometry":{"type":"Point","coordinates":[-94.37085,35.362044]}},{"type":"Feature","properties":{"stop_id":"Rogers Ave @ 58th St_Rogers Ave @ 58th St_35.361072_-94.368461","stop_code":"","stop_name":"Rogers Ave @ 58th St","stop_desc":"","zone_id":"","stop_url":"","location_type":"","parent_station":"","stop_timezone":"","wheelchair_boarding":"","feed_id":"Arkansas__City_of_Fort_Smith__mdb_ntd-60086","agency_name":"City of Fort Smith Transit","route_count":2,"route_ids":"Rogers Express|Rogers Supercenter","route_short_names":"","route_types":"3","route_type_names":"Bus","routes_json":"[{\"route_id\":\"Rogers Express\",\"route_short_name\":\"\",\"route_long_name\":\"Rogers Express\",\"route_type\":\"3\",\"route_type_name\":\"Bus\",\"route_color\":\"4472C4\",\"route_text_color\":\"FFFFFF\"},{\"route_id\":\"Rogers Supercenter\",\"route_short_name\":\"\",\"route_long_name\":\"Rogers Supercenter\",\"route_type\":\"3\",\"route_type_name\":\"Bus\",\"route_color\":\"F98E10\",\"route_text_color\":\"000000\"}]","metadata_feed_id":"Arkansas__City_of_Fort_Smith__mdb_ntd-60086","metadata_agency_names":"City of Fort Smith Transit","metadata_ntd_id":"60086","metadata_ntd_match_method":"manual_override","metadata_ntd_agency":"City of Fort Smith, dba: Fort Smith Transit","metadata_ntd_city":"Fort Smith","metadata_ntd_state":"AR","metadata_gtfs_route_count":7,"metadata_gtfs_trip_count":147,"metadata_gtfs_shape_count":15,"metadata_gtfs_stop_count":409,"metadata_ntd_agency_voms":10,"metadata_ntd_total_facilities":4,"metadata_ntd_maintenance_facilities":2,"metadata_ntd_passenger_stations":1,"metadata_tam_tier":"Tier II","metadata_service_area_sq_miles":65,"metadata_service_area_population":86209,"metadata_route_types_json":"{\"3\":7}","metadata_ntd_facilities_json":"{\"maintenance_facilities\":2,\"administrative_and_other_non_passenger_facilities\":1,\"passenger_stations_and_terminals\":1,\"parking_and_other_passenger_facilities\":0,\"total_facilities\":4,\"bus_transfer_centers\":1,\"elevated_fixed_guideway_stations\":0,\"at_grade_fixed_guideway_stations\":0,\"underground_fixed_guideway_stations\":0,\"simple_at_grade_platform_stations\":0,\"exclusive_grade_separated_platform_stations\":0,\"ferryboat_terminals\":0,\"surface_parking_lots\":0,\"parking_structures\":0}","metadata_tam_modes_json":"{\"DR\":{\"total_units_2024\":5,\"units_under_threshold_2024\":0,\"voms_2024\":3,\"total_modal_vrm_2024\":163578,\"total_modal_upt_2024\":19821},\"MB\":{\"total_units_2024\":22,\"units_under_threshold_2024\":0,\"voms_2024\":14,\"total_modal_vrm_2024\":607970,\"total_modal_upt_2024\":469580}}"},"geometry":{"type":"Point","coordinates":[-94.368461,35.361072]}},{"type":"Feature","properties":{"stop_id":"Rogers Ave @ 66th St_Rogers Ave @ 66th St_35.356626_-94.359780","stop_code":"","stop_name":"Rogers Ave @ 66th St","stop_desc":"","zone_id":"","stop_url":"","location_type":"","parent_station":"","stop_timezone":"","wheelchair_boarding":"","feed_id":"Arkansas__City_of_Fort_Smith__mdb_ntd-60086","agency_name":"City of Fort Smith Transit","route_count":2,"route_ids":"Rogers Express|Rogers Supercenter","route_short_names":"","route_types":"3","route_type_names":"Bus","routes_json":"[{\"route_id\":\"Rogers Express\",\"route_short_name\":\"\",\"route_long_name\":\"Rogers Express\",\"route_type\":\"3\",\"route_type_name\":\"Bus\",\"route_color\":\"4472C4\",\"route_text_color\":\"FFFFFF\"},{\"route_id\":\"Rogers Supercenter\",\"route_short_name\":\"\",\"route_long_name\":\"Rogers Supercenter\",\"route_type\":\"3\",\"route_type_name\":\"Bus\",\"route_color\":\"F98E10\",\"route_text_color\":\"000000\"}]","metadata_feed_id":"Arkansas__City_of_Fort_Smith__mdb_ntd-60086","metadata_agency_names":"City of Fort Smith Transit","metadata_ntd_id":"60086","metadata_ntd_match_method":"manual_override","metadata_ntd_agency":"City of Fort Smith, dba: Fort Smith Transit","metadata_ntd_city":"Fort Smith","metadata_ntd_state":"AR","metadata_gtfs_route_count":7,"metadata_gtfs_trip_count":147,"metadata_gtfs_shape_count":15,"metadata_gtfs_stop_count":409,"metadata_ntd_agency_voms":10,"metadata_ntd_total_facilities":4,"metadata_ntd_maintenance_facilities":2,"metadata_ntd_passenger_stations":1,"metadata_tam_tier":"Tier II","metadata_service_area_sq_miles":65,"metadata_service_area_population":86209,"metadata_route_types_json":"{\"3\":7}","metadata_ntd_facilities_json":"{\"maintenance_facilities\":2,\"administrative_and_other_non_passenger_facilities\":1,\"passenger_stations_and_terminals\":1,\"parking_and_other_passenger_facilities\":0,\"total_facilities\":4,\"bus_transfer_centers\":1,\"elevated_fixed_guideway_stations\":0,\"at_grade_fixed_guideway_stations\":0,\"underground_fixed_guideway_stations\":0,\"simple_at_grade_platform_stations\":0,\"exclusive_grade_separated_platform_stations\":0,\"ferryboat_terminals\":0,\"surface_parking_lots\":0,\"parking_structures\":0}","metadata_tam_modes_json":"{\"DR\":{\"total_units_2024\":5,\"units_under_threshold_2024\":0,\"voms_2024\":3,\"total_modal_vrm_2024\":163578,\"total_modal_upt_2024\":19821},\"MB\":{\"total_units_2024\":22,\"units_under_threshold_2024\":0,\"voms_2024\":14,\"total_modal_vrm_2024\":607970,\"total_modal_upt_2024\":469580}}"},"geometry":{"type":"Point","coordinates":[-94.35978,35.356626]}},{"type":"Feature","properties":{"stop_id":"Rogers Ave @ 68th St_Rogers Ave @ 68th St_35.355861_-94.358039","stop_code":"","stop_name":"Rogers Ave @ 68th St","stop_desc":"","zone_id":"","stop_url":"","location_type":"","parent_station":"","stop_timezone":"","wheelchair_boarding":"","feed_id":"Arkansas__City_of_Fort_Smith__mdb_ntd-60086","agency_name":"City of Fort Smith Transit","route_count":1,"route_ids":"Rogers Express","route_short_names":"","route_types":"3","route_type_names":"Bus","routes_json":"[{\"route_id\":\"Rogers Express\",\"route_short_name\":\"\",\"route_long_name\":\"Rogers Express\",\"route_type\":\"3\",\"route_type_name\":\"Bus\",\"route_color\":\"4472C4\",\"route_text_color\":\"FFFFFF\"}]","metadata_feed_id":"Arkansas__City_of_Fort_Smith__mdb_ntd-60086","metadata_agency_names":"City of Fort Smith Transit","metadata_ntd_id":"60086","metadata_ntd_match_method":"manual_override","metadata_ntd_agency":"City of Fort Smith, dba: Fort Smith Transit","metadata_ntd_city":"Fort Smith","metadata_ntd_state":"AR","metadata_gtfs_route_count":7,"metadata_gtfs_trip_count":147,"metadata_gtfs_shape_count":15,"metadata_gtfs_stop_count":409,"metadata_ntd_agency_voms":10,"metadata_ntd_total_facilities":4,"metadata_ntd_maintenance_facilities":2,"metadata_ntd_passenger_stations":1,"metadata_tam_tier":"Tier II","metadata_service_area_sq_miles":65,"metadata_service_area_population":86209,"metadata_route_types_json":"{\"3\":7}","metadata_ntd_facilities_json":"{\"maintenance_facilities\":2,\"administrative_and_other_non_passenger_facilities\":1,\"passenger_stations_and_terminals\":1,\"parking_and_other_passenger_facilities\":0,\"total_facilities\":4,\"bus_transfer_centers\":1,\"elevated_fixed_guideway_stations\":0,\"at_grade_fixed_guideway_stations\":0,\"underground_fixed_guideway_stations\":0,\"simple_at_grade_platform_stations\":0,\"exclusive_grade_separated_platform_stations\":0,\"ferryboat_terminals\":0,\"surface_parking_lots\":0,\"parking_structures\":0}","metadata_tam_modes_json":"{\"DR\":{\"total_units_2024\":5,\"units_under_threshold_2024\":0,\"voms_2024\":3,\"total_modal_vrm_2024\":163578,\"total_modal_upt_2024\":19821},\"MB\":{\"total_units_2024\":22,\"units_under_threshold_2024\":0,\"voms_2024\":14,\"total_modal_vrm_2024\":607970,\"total_modal_upt_2024\":469580}}"},"geometry":{"type":"Point","coordinates":[-94.358039,35.355861]}},{"type":"Feature","properties":{"stop_id":"Rogers Ave @ 70th St_Rogers Ave @ 70th St_35.354679_-94.355339","stop_code":"","stop_name":"Rogers Ave @ 70th St","stop_desc":"","zone_id":"","stop_url":"","location_type":"","parent_station":"","stop_timezone":"","wheelchair_boarding":"","feed_id":"Arkansas__City_of_Fort_Smith__mdb_ntd-60086","agency_name":"City of Fort Smith Transit","route_count":2,"route_ids":"Rogers Express|Rogers Supercenter","route_short_names":"","route_types":"3","route_type_names":"Bus","routes_json":"[{\"route_id\":\"Rogers Express\",\"route_short_name\":\"\",\"route_long_name\":\"Rogers Express\",\"route_type\":\"3\",\"route_type_name\":\"Bus\",\"route_color\":\"4472C4\",\"route_text_color\":\"FFFFFF\"},{\"route_id\":\"Rogers Supercenter\",\"route_short_name\":\"\",\"route_long_name\":\"Rogers Supercenter\",\"route_type\":\"3\",\"route_type_name\":\"Bus\",\"route_color\":\"F98E10\",\"route_text_color\":\"000000\"}]","metadata_feed_id":"Arkansas__City_of_Fort_Smith__mdb_ntd-60086","metadata_agency_names":"City of Fort Smith Transit","metadata_ntd_id":"60086","metadata_ntd_match_method":"manual_override","metadata_ntd_agency":"City of Fort Smith, dba: Fort Smith Transit","metadata_ntd_city":"Fort Smith","metadata_ntd_state":"AR","metadata_gtfs_route_count":7,"metadata_gtfs_trip_count":147,"metadata_gtfs_shape_count":15,"metadata_gtfs_stop_count":409,"metadata_ntd_agency_voms":10,"metadata_ntd_total_facilities":4,"metadata_ntd_maintenance_facilities":2,"metadata_ntd_passenger_stations":1,"metadata_tam_tier":"Tier II","metadata_service_area_sq_miles":65,"metadata_service_area_population":86209,"metadata_route_types_json":"{\"3\":7}","metadata_ntd_facilities_json":"{\"maintenance_facilities\":2,\"administrative_and_other_non_passenger_facilities\":1,\"passenger_stations_and_terminals\":1,\"parking_and_other_passenger_facilities\":0,\"total_facilities\":4,\"bus_transfer_centers\":1,\"elevated_fixed_guideway_stations\":0,\"at_grade_fixed_guideway_stations\":0,\"underground_fixed_guideway_stations\":0,\"simple_at_grade_platform_stations\":0,\"exclusive_grade_separated_platform_stations\":0,\"ferryboat_terminals\":0,\"surface_parking_lots\":0,\"parking_structures\":0}","metadata_tam_modes_json":"{\"DR\":{\"total_units_2024\":5,\"units_under_threshold_2024\":0,\"voms_2024\":3,\"total_modal_vrm_2024\":163578,\"total_modal_upt_2024\":19821},\"MB\":{\"total_units_2024\":22,\"units_under_threshold_2024\":0,\"voms_2024\":14,\"total_modal_vrm_2024\":607970,\"total_modal_upt_2024\":469580}}"},"geometry":{"type":"Point","coordinates":[-94.355339,35.354679]}},{"type":"Feature","properties":{"stop_id":"Rogers Ave @ 7th St__35.385845_-94.425280","stop_code":"","stop_name":"Rogers Ave @ 7th St","stop_desc":"","zone_id":"","stop_url":"","location_type":"","parent_station":"","stop_timezone":"","wheelchair_boarding":"","feed_id":"Arkansas__City_of_Fort_Smith__mdb_ntd-60086","agency_name":"City of Fort Smith Transit","route_count":1,"route_ids":"Shuttle","route_short_names":"","route_types":"3","route_type_names":"Bus","routes_json":"[{\"route_id\":\"Shuttle\",\"route_short_name\":\"\",\"route_long_name\":\"Shuttle\",\"route_type\":\"3\",\"route_type_name\":\"Bus\",\"route_color\":\"000000\",\"route_text_color\":\"FFFFFF\"}]","metadata_feed_id":"Arkansas__City_of_Fort_Smith__mdb_ntd-60086","metadata_agency_names":"City of Fort Smith Transit","metadata_ntd_id":"60086","metadata_ntd_match_method":"manual_override","metadata_ntd_agency":"City of Fort Smith, dba: Fort Smith Transit","metadata_ntd_city":"Fort Smith","metadata_ntd_state":"AR","metadata_gtfs_route_count":7,"metadata_gtfs_trip_count":147,"metadata_gtfs_shape_count":15,"metadata_gtfs_stop_count":409,"metadata_ntd_agency_voms":10,"metadata_ntd_total_facilities":4,"metadata_ntd_maintenance_facilities":2,"metadata_ntd_passenger_stations":1,"metadata_tam_tier":"Tier II","metadata_service_area_sq_miles":65,"metadata_service_area_population":86209,"metadata_route_types_json":"{\"3\":7}","metadata_ntd_facilities_json":"{\"maintenance_facilities\":2,\"administrative_and_other_non_passenger_facilities\":1,\"passenger_stations_and_terminals\":1,\"parking_and_other_passenger_facilities\":0,\"total_facilities\":4,\"bus_transfer_centers\":1,\"elevated_fixed_guideway_stations\":0,\"at_grade_fixed_guideway_stations\":0,\"underground_fixed_guideway_stations\":0,\"simple_at_grade_platform_stations\":0,\"exclusive_grade_separated_platform_stations\":0,\"ferryboat_terminals\":0,\"surface_parking_lots\":0,\"parking_structures\":0}","metadata_tam_modes_json":"{\"DR\":{\"total_units_2024\":5,\"units_under_threshold_2024\":0,\"voms_2024\":3,\"total_modal_vrm_2024\":163578,\"total_modal_upt_2024\":19821},\"MB\":{\"total_units_2024\":22,\"units_under_threshold_2024\":0,\"voms_2024\":14,\"total_modal_vrm_2024\":607970,\"total_modal_upt_2024\":469580}}"},"geometry":{"type":"Point","coordinates":[-94.42528,35.385845]}},{"type":"Feature","properties":{"stop_id":"Rogers Ave @ Adelaide St_Rogers Ave @ Adelaide St_35.374318_-94.398062","stop_code":"","stop_name":"Rogers Ave @ Adelaide St","stop_desc":"","zone_id":"","stop_url":"","location_type":"","parent_station":"","stop_timezone":"","wheelchair_boarding":"","feed_id":"Arkansas__City_of_Fort_Smith__mdb_ntd-60086","agency_name":"City of Fort Smith Transit","route_count":1,"route_ids":"Rogers Express","route_short_names":"","route_types":"3","route_type_names":"Bus","routes_json":"[{\"route_id\":\"Rogers Express\",\"route_short_name\":\"\",\"route_long_name\":\"Rogers Express\",\"route_type\":\"3\",\"route_type_name\":\"Bus\",\"route_color\":\"4472C4\",\"route_text_color\":\"FFFFFF\"}]","metadata_feed_id":"Arkansas__City_of_Fort_Smith__mdb_ntd-60086","metadata_agency_names":"City of Fort Smith Transit","metadata_ntd_id":"60086","metadata_ntd_match_method":"manual_override","metadata_ntd_agency":"City of Fort Smith, dba: Fort Smith Transit","metadata_ntd_city":"Fort Smith","metadata_ntd_state":"AR","metadata_gtfs_route_count":7,"metadata_gtfs_trip_count":147,"metadata_gtfs_shape_count":15,"metadata_gtfs_stop_count":409,"metadata_ntd_agency_voms":10,"metadata_ntd_total_facilities":4,"metadata_ntd_maintenance_facilities":2,"metadata_ntd_passenger_stations":1,"metadata_tam_tier":"Tier II","metadata_service_area_sq_miles":65,"metadata_service_area_population":86209,"metadata_route_types_json":"{\"3\":7}","metadata_ntd_facilities_json":"{\"maintenance_facilities\":2,\"administrative_and_other_non_passenger_facilities\":1,\"passenger_stations_and_terminals\":1,\"parking_and_other_passenger_facilities\":0,\"total_facilities\":4,\"bus_transfer_centers\":1,\"elevated_fixed_guideway_stations\":0,\"at_grade_fixed_guideway_stations\":0,\"underground_fixed_guideway_stations\":0,\"simple_at_grade_platform_stations\":0,\"exclusive_grade_separated_platform_stations\":0,\"ferryboat_terminals\":0,\"surface_parking_lots\":0,\"parking_structures\":0}","metadata_tam_modes_json":"{\"DR\":{\"total_units_2024\":5,\"units_under_threshold_2024\":0,\"voms_2024\":3,\"total_modal_vrm_2024\":163578,\"total_modal_upt_2024\":19821},\"MB\":{\"total_units_2024\":22,\"units_under_threshold_2024\":0,\"voms_2024\":14,\"total_modal_vrm_2024\":607970,\"total_modal_upt_2024\":469580}}"},"geometry":{"type":"Point","coordinates":[-94.398062,35.374318]}},{"type":"Feature","properties":{"stop_id":"Rogers Ave @ Albert Pike Ave_Rogers Ave @ Albert Pike Ave_35.369428_-94.385998","stop_code":"","stop_name":"Rogers Ave @ Albert Pike Ave","stop_desc":"","zone_id":"","stop_url":"","location_type":"","parent_station":"","stop_timezone":"","wheelchair_boarding":"","feed_id":"Arkansas__City_of_Fort_Smith__mdb_ntd-60086","agency_name":"City of Fort Smith Transit","route_count":1,"route_ids":"Rogers Express","route_short_names":"","route_types":"3","route_type_names":"Bus","routes_json":"[{\"route_id\":\"Rogers Express\",\"route_short_name\":\"\",\"route_long_name\":\"Rogers Express\",\"route_type\":\"3\",\"route_type_name\":\"Bus\",\"route_color\":\"4472C4\",\"route_text_color\":\"FFFFFF\"}]","metadata_feed_id":"Arkansas__City_of_Fort_Smith__mdb_ntd-60086","metadata_agency_names":"City of Fort Smith Transit","metadata_ntd_id":"60086","metadata_ntd_match_method":"manual_override","metadata_ntd_agency":"City of Fort Smith, dba: Fort Smith Transit","metadata_ntd_city":"Fort Smith","metadata_ntd_state":"AR","metadata_gtfs_route_count":7,"metadata_gtfs_trip_count":147,"metadata_gtfs_shape_count":15,"metadata_gtfs_stop_count":409,"metadata_ntd_agency_voms":10,"metadata_ntd_total_facilities":4,"metadata_ntd_maintenance_facilities":2,"metadata_ntd_passenger_stations":1,"metadata_tam_tier":"Tier II","metadata_service_area_sq_miles":65,"metadata_service_area_population":86209,"metadata_route_types_json":"{\"3\":7}","metadata_ntd_facilities_json":"{\"maintenance_facilities\":2,\"administrative_and_other_non_passenger_facilities\":1,\"passenger_stations_and_terminals\":1,\"parking_and_other_passenger_facilities\":0,\"total_facilities\":4,\"bus_transfer_centers\":1,\"elevated_fixed_guideway_stations\":0,\"at_grade_fixed_guideway_stations\":0,\"underground_fixed_guideway_stations\":0,\"simple_at_grade_platform_stations\":0,\"exclusive_grade_separated_platform_stations\":0,\"ferryboat_terminals\":0,\"surface_parking_lots\":0,\"parking_structures\":0}","metadata_tam_modes_json":"{\"DR\":{\"total_units_2024\":5,\"units_under_threshold_2024\":0,\"voms_2024\":3,\"total_modal_vrm_2024\":163578,\"total_modal_upt_2024\":19821},\"MB\":{\"total_units_2024\":22,\"units_under_threshold_2024\":0,\"voms_2024\":14,\"total_modal_vrm_2024\":607970,\"total_modal_upt_2024\":469580}}"},"geometry":{"type":"Point","coordinates":[-94.385998,35.369428]}},{"type":"Feature","properties":{"stop_id":"Rogers Ave @ Belle Ave_Rogers Ave @ Belle Ave_35.376732_-94.405532","stop_code":"","stop_name":"Rogers Ave @ Belle Ave","stop_desc":"","zone_id":"","stop_url":"","location_type":"","parent_station":"","stop_timezone":"","wheelchair_boarding":"","feed_id":"Arkansas__City_of_Fort_Smith__mdb_ntd-60086","agency_name":"City of Fort Smith Transit","route_count":1,"route_ids":"Rogers Express","route_short_names":"","route_types":"3","route_type_names":"Bus","routes_json":"[{\"route_id\":\"Rogers Express\",\"route_short_name\":\"\",\"route_long_name\":\"Rogers Express\",\"route_type\":\"3\",\"route_type_name\":\"Bus\",\"route_color\":\"4472C4\",\"route_text_color\":\"FFFFFF\"}]","metadata_feed_id":"Arkansas__City_of_Fort_Smith__mdb_ntd-60086","metadata_agency_names":"City of Fort Smith Transit","metadata_ntd_id":"60086","metadata_ntd_match_method":"manual_override","metadata_ntd_agency":"City of Fort Smith, dba: Fort Smith Transit","metadata_ntd_city":"Fort Smith","metadata_ntd_state":"AR","metadata_gtfs_route_count":7,"metadata_gtfs_trip_count":147,"metadata_gtfs_shape_count":15,"metadata_gtfs_stop_count":409,"metadata_ntd_agency_voms":10,"metadata_ntd_total_facilities":4,"metadata_ntd_maintenance_facilities":2,"metadata_ntd_passenger_stations":1,"metadata_tam_tier":"Tier II","metadata_service_area_sq_miles":65,"metadata_service_area_population":86209,"metadata_route_types_json":"{\"3\":7}","metadata_ntd_facilities_json":"{\"maintenance_facilities\":2,\"administrative_and_other_non_passenger_facilities\":1,\"passenger_stations_and_terminals\":1,\"parking_and_other_passenger_facilities\":0,\"total_facilities\":4,\"bus_transfer_centers\":1,\"elevated_fixed_guideway_stations\":0,\"at_grade_fixed_guideway_stations\":0,\"underground_fixed_guideway_stations\":0,\"simple_at_grade_platform_stations\":0,\"exclusive_grade_separated_platform_stations\":0,\"ferryboat_terminals\":0,\"surface_parking_lots\":0,\"parking_structures\":0}","metadata_tam_modes_json":"{\"DR\":{\"total_units_2024\":5,\"units_under_threshold_2024\":0,\"voms_2024\":3,\"total_modal_vrm_2024\":163578,\"total_modal_upt_2024\":19821},\"MB\":{\"total_units_2024\":22,\"units_under_threshold_2024\":0,\"voms_2024\":14,\"total_modal_vrm_2024\":607970,\"total_modal_upt_2024\":469580}}"},"geometry":{"type":"Point","coordinates":[-94.405532,35.376732]}},{"type":"Feature","properties":{"stop_id":"Rogers Ave @ Cliff Dr_Rogers Ave @ Cliff Dr_35.358021_-94.361832","stop_code":"","stop_name":"Rogers Ave @ Cliff Dr","stop_desc":"","zone_id":"","stop_url":"","location_type":"","parent_station":"","stop_timezone":"","wheelchair_boarding":"","feed_id":"Arkansas__City_of_Fort_Smith__mdb_ntd-60086","agency_name":"City of Fort Smith Transit","route_count":2,"route_ids":"Rogers Express|Rogers Supercenter","route_short_names":"","route_types":"3","route_type_names":"Bus","routes_json":"[{\"route_id\":\"Rogers Express\",\"route_short_name\":\"\",\"route_long_name\":\"Rogers Express\",\"route_type\":\"3\",\"route_type_name\":\"Bus\",\"route_color\":\"4472C4\",\"route_text_color\":\"FFFFFF\"},{\"route_id\":\"Rogers Supercenter\",\"route_short_name\":\"\",\"route_long_name\":\"Rogers Supercenter\",\"route_type\":\"3\",\"route_type_name\":\"Bus\",\"route_color\":\"F98E10\",\"route_text_color\":\"000000\"}]","metadata_feed_id":"Arkansas__City_of_Fort_Smith__mdb_ntd-60086","metadata_agency_names":"City of Fort Smith Transit","metadata_ntd_id":"60086","metadata_ntd_match_method":"manual_override","metadata_ntd_agency":"City of Fort Smith, dba: Fort Smith Transit","metadata_ntd_city":"Fort Smith","metadata_ntd_state":"AR","metadata_gtfs_route_count":7,"metadata_gtfs_trip_count":147,"metadata_gtfs_shape_count":15,"metadata_gtfs_stop_count":409,"metadata_ntd_agency_voms":10,"metadata_ntd_total_facilities":4,"metadata_ntd_maintenance_facilities":2,"metadata_ntd_passenger_stations":1,"metadata_tam_tier":"Tier II","metadata_service_area_sq_miles":65,"metadata_service_area_population":86209,"metadata_route_types_json":"{\"3\":7}","metadata_ntd_facilities_json":"{\"maintenance_facilities\":2,\"administrative_and_other_non_passenger_facilities\":1,\"passenger_stations_and_terminals\":1,\"parking_and_other_passenger_facilities\":0,\"total_facilities\":4,\"bus_transfer_centers\":1,\"elevated_fixed_guideway_stations\":0,\"at_grade_fixed_guideway_stations\":0,\"underground_fixed_guideway_stations\":0,\"simple_at_grade_platform_stations\":0,\"exclusive_grade_separated_platform_stations\":0,\"ferryboat_terminals\":0,\"surface_parking_lots\":0,\"parking_structures\":0}","metadata_tam_modes_json":"{\"DR\":{\"total_units_2024\":5,\"units_under_threshold_2024\":0,\"voms_2024\":3,\"total_modal_vrm_2024\":163578,\"total_modal_upt_2024\":19821},\"MB\":{\"total_units_2024\":22,\"units_under_threshold_2024\":0,\"voms_2024\":14,\"total_modal_vrm_2024\":607970,\"total_modal_upt_2024\":469580}}"},"geometry":{"type":"Point","coordinates":[-94.361832,35.358021]}},{"type":"Feature","properties":{"stop_id":"Rogers Ave @ Greenwood Ave_Rogers Ave @ Greenwood Ave_35.375823_-94.403574","stop_code":"","stop_name":"Rogers Ave @ Greenwood Ave","stop_desc":"","zone_id":"","stop_url":"","location_type":"","parent_station":"","stop_timezone":"","wheelchair_boarding":"","feed_id":"Arkansas__City_of_Fort_Smith__mdb_ntd-60086","agency_name":"City of Fort Smith Transit","route_count":1,"route_ids":"Rogers Express","route_short_names":"","route_types":"3","route_type_names":"Bus","routes_json":"[{\"route_id\":\"Rogers Express\",\"route_short_name\":\"\",\"route_long_name\":\"Rogers Express\",\"route_type\":\"3\",\"route_type_name\":\"Bus\",\"route_color\":\"4472C4\",\"route_text_color\":\"FFFFFF\"}]","metadata_feed_id":"Arkansas__City_of_Fort_Smith__mdb_ntd-60086","metadata_agency_names":"City of Fort Smith Transit","metadata_ntd_id":"60086","metadata_ntd_match_method":"manual_override","metadata_ntd_agency":"City of Fort Smith, dba: Fort Smith Transit","metadata_ntd_city":"Fort Smith","metadata_ntd_state":"AR","metadata_gtfs_route_count":7,"metadata_gtfs_trip_count":147,"metadata_gtfs_shape_count":15,"metadata_gtfs_stop_count":409,"metadata_ntd_agency_voms":10,"metadata_ntd_total_facilities":4,"metadata_ntd_maintenance_facilities":2,"metadata_ntd_passenger_stations":1,"metadata_tam_tier":"Tier II","metadata_service_area_sq_miles":65,"metadata_service_area_population":86209,"metadata_route_types_json":"{\"3\":7}","metadata_ntd_facilities_json":"{\"maintenance_facilities\":2,\"administrative_and_other_non_passenger_facilities\":1,\"passenger_stations_and_terminals\":1,\"parking_and_other_passenger_facilities\":0,\"total_facilities\":4,\"bus_transfer_centers\":1,\"elevated_fixed_guideway_stations\":0,\"at_grade_fixed_guideway_stations\":0,\"underground_fixed_guideway_stations\":0,\"simple_at_grade_platform_stations\":0,\"exclusive_grade_separated_platform_stations\":0,\"ferryboat_terminals\":0,\"surface_parking_lots\":0,\"parking_structures\":0}","metadata_tam_modes_json":"{\"DR\":{\"total_units_2024\":5,\"units_under_threshold_2024\":0,\"voms_2024\":3,\"total_modal_vrm_2024\":163578,\"total_modal_upt_2024\":19821},\"MB\":{\"total_units_2024\":22,\"units_under_threshold_2024\":0,\"voms_2024\":14,\"total_modal_vrm_2024\":607970,\"total_modal_upt_2024\":469580}}"},"geometry":{"type":"Point","coordinates":[-94.403574,35.375823]}},{"type":"Feature","properties":{"stop_id":"Rogers Ave @ Massard Rd__35.348247_-94.340628","stop_code":"","stop_name":"Rogers Ave @ Massard Rd","stop_desc":"","zone_id":"","stop_url":"","location_type":"","parent_station":"","stop_timezone":"","wheelchair_boarding":"","feed_id":"Arkansas__City_of_Fort_Smith__mdb_ntd-60086","agency_name":"City of Fort Smith Transit","route_count":2,"route_ids":"Rogers Express|Rogers Supercenter","route_short_names":"","route_types":"3","route_type_names":"Bus","routes_json":"[{\"route_id\":\"Rogers Express\",\"route_short_name\":\"\",\"route_long_name\":\"Rogers Express\",\"route_type\":\"3\",\"route_type_name\":\"Bus\",\"route_color\":\"4472C4\",\"route_text_color\":\"FFFFFF\"},{\"route_id\":\"Rogers Supercenter\",\"route_short_name\":\"\",\"route_long_name\":\"Rogers Supercenter\",\"route_type\":\"3\",\"route_type_name\":\"Bus\",\"route_color\":\"F98E10\",\"route_text_color\":\"000000\"}]","metadata_feed_id":"Arkansas__City_of_Fort_Smith__mdb_ntd-60086","metadata_agency_names":"City of Fort Smith Transit","metadata_ntd_id":"60086","metadata_ntd_match_method":"manual_override","metadata_ntd_agency":"City of Fort Smith, dba: Fort Smith Transit","metadata_ntd_city":"Fort Smith","metadata_ntd_state":"AR","metadata_gtfs_route_count":7,"metadata_gtfs_trip_count":147,"metadata_gtfs_shape_count":15,"metadata_gtfs_stop_count":409,"metadata_ntd_agency_voms":10,"metadata_ntd_total_facilities":4,"metadata_ntd_maintenance_facilities":2,"metadata_ntd_passenger_stations":1,"metadata_tam_tier":"Tier II","metadata_service_area_sq_miles":65,"metadata_service_area_population":86209,"metadata_route_types_json":"{\"3\":7}","metadata_ntd_facilities_json":"{\"maintenance_facilities\":2,\"administrative_and_other_non_passenger_facilities\":1,\"passenger_stations_and_terminals\":1,\"parking_and_other_passenger_facilities\":0,\"total_facilities\":4,\"bus_transfer_centers\":1,\"elevated_fixed_guideway_stations\":0,\"at_grade_fixed_guideway_stations\":0,\"underground_fixed_guideway_stations\":0,\"simple_at_grade_platform_stations\":0,\"exclusive_grade_separated_platform_stations\":0,\"ferryboat_terminals\":0,\"surface_parking_lots\":0,\"parking_structures\":0}","metadata_tam_modes_json":"{\"DR\":{\"total_units_2024\":5,\"units_under_threshold_2024\":0,\"voms_2024\":3,\"total_modal_vrm_2024\":163578,\"total_modal_upt_2024\":19821},\"MB\":{\"total_units_2024\":22,\"units_under_threshold_2024\":0,\"voms_2024\":14,\"total_modal_vrm_2024\":607970,\"total_modal_upt_2024\":469580}}"},"geometry":{"type":"Point","coordinates":[-94.340628,35.348247]}},{"type":"Feature","properties":{"stop_id":"Rogers Ave @ N 17th St_Rogers Ave @ N 17th St_35.380971_-94.414842","stop_code":"","stop_name":"Rogers Ave @ N 17th St","stop_desc":"","zone_id":"","stop_url":"","location_type":"","parent_station":"","stop_timezone":"","wheelchair_boarding":"","feed_id":"Arkansas__City_of_Fort_Smith__mdb_ntd-60086","agency_name":"City of Fort Smith Transit","route_count":1,"route_ids":"Rogers Express","route_short_names":"","route_types":"3","route_type_names":"Bus","routes_json":"[{\"route_id\":\"Rogers Express\",\"route_short_name\":\"\",\"route_long_name\":\"Rogers Express\",\"route_type\":\"3\",\"route_type_name\":\"Bus\",\"route_color\":\"4472C4\",\"route_text_color\":\"FFFFFF\"}]","metadata_feed_id":"Arkansas__City_of_Fort_Smith__mdb_ntd-60086","metadata_agency_names":"City of Fort Smith Transit","metadata_ntd_id":"60086","metadata_ntd_match_method":"manual_override","metadata_ntd_agency":"City of Fort Smith, dba: Fort Smith Transit","metadata_ntd_city":"Fort Smith","metadata_ntd_state":"AR","metadata_gtfs_route_count":7,"metadata_gtfs_trip_count":147,"metadata_gtfs_shape_count":15,"metadata_gtfs_stop_count":409,"metadata_ntd_agency_voms":10,"metadata_ntd_total_facilities":4,"metadata_ntd_maintenance_facilities":2,"metadata_ntd_passenger_stations":1,"metadata_tam_tier":"Tier II","metadata_service_area_sq_miles":65,"metadata_service_area_population":86209,"metadata_route_types_json":"{\"3\":7}","metadata_ntd_facilities_json":"{\"maintenance_facilities\":2,\"administrative_and_other_non_passenger_facilities\":1,\"passenger_stations_and_terminals\":1,\"parking_and_other_passenger_facilities\":0,\"total_facilities\":4,\"bus_transfer_centers\":1,\"elevated_fixed_guideway_stations\":0,\"at_grade_fixed_guideway_stations\":0,\"underground_fixed_guideway_stations\":0,\"simple_at_grade_platform_stations\":0,\"exclusive_grade_separated_platform_stations\":0,\"ferryboat_terminals\":0,\"surface_parking_lots\":0,\"parking_structures\":0}","metadata_tam_modes_json":"{\"DR\":{\"total_units_2024\":5,\"units_under_threshold_2024\":0,\"voms_2024\":3,\"total_modal_vrm_2024\":163578,\"total_modal_upt_2024\":19821},\"MB\":{\"total_units_2024\":22,\"units_under_threshold_2024\":0,\"voms_2024\":14,\"total_modal_vrm_2024\":607970,\"total_modal_upt_2024\":469580}}"},"geometry":{"type":"Point","coordinates":[-94.414842,35.380971]}},{"type":"Feature","properties":{"stop_id":"Rogers Ave @ N 8th St_Rogers Ave @ N 8th St_35.385220_-94.424292","stop_code":"","stop_name":"Rogers Ave @ N 8th St","stop_desc":"","zone_id":"","stop_url":"","location_type":"","parent_station":"","stop_timezone":"","wheelchair_boarding":"","feed_id":"Arkansas__City_of_Fort_Smith__mdb_ntd-60086","agency_name":"City of Fort Smith Transit","route_count":1,"route_ids":"Grand","route_short_names":"","route_types":"3","route_type_names":"Bus","routes_json":"[{\"route_id\":\"Grand\",\"route_short_name\":\"\",\"route_long_name\":\"Grand\",\"route_type\":\"3\",\"route_type_name\":\"Bus\",\"route_color\":\"FFD700\",\"route_text_color\":\"000000\"}]","metadata_feed_id":"Arkansas__City_of_Fort_Smith__mdb_ntd-60086","metadata_agency_names":"City of Fort Smith Transit","metadata_ntd_id":"60086","metadata_ntd_match_method":"manual_override","metadata_ntd_agency":"City of Fort Smith, dba: Fort Smith Transit","metadata_ntd_city":"Fort Smith","metadata_ntd_state":"AR","metadata_gtfs_route_count":7,"metadata_gtfs_trip_count":147,"metadata_gtfs_shape_count":15,"metadata_gtfs_stop_count":409,"metadata_ntd_agency_voms":10,"metadata_ntd_total_facilities":4,"metadata_ntd_maintenance_facilities":2,"metadata_ntd_passenger_stations":1,"metadata_tam_tier":"Tier II","metadata_service_area_sq_miles":65,"metadata_service_area_population":86209,"metadata_route_types_json":"{\"3\":7}","metadata_ntd_facilities_json":"{\"maintenance_facilities\":2,\"administrative_and_other_non_passenger_facilities\":1,\"passenger_stations_and_terminals\":1,\"parking_and_other_passenger_facilities\":0,\"total_facilities\":4,\"bus_transfer_centers\":1,\"elevated_fixed_guideway_stations\":0,\"at_grade_fixed_guideway_stations\":0,\"underground_fixed_guideway_stations\":0,\"simple_at_grade_platform_stations\":0,\"exclusive_grade_separated_platform_stations\":0,\"ferryboat_terminals\":0,\"surface_parking_lots\":0,\"parking_structures\":0}","metadata_tam_modes_json":"{\"DR\":{\"total_units_2024\":5,\"units_under_threshold_2024\":0,\"voms_2024\":3,\"total_modal_vrm_2024\":163578,\"total_modal_upt_2024\":19821},\"MB\":{\"total_units_2024\":22,\"units_under_threshold_2024\":0,\"voms_2024\":14,\"total_modal_vrm_2024\":607970,\"total_modal_upt_2024\":469580}}"},"geometry":{"type":"Point","coordinates":[-94.424292,35.38522]}},{"type":"Feature","properties":{"stop_id":"Rogers Ave @ S 10th St__35.383973_-94.422520","stop_code":"","stop_name":"Rogers Ave @ S 10th St","stop_desc":"","zone_id":"","stop_url":"","location_type":"","parent_station":"","stop_timezone":"","wheelchair_boarding":"","feed_id":"Arkansas__City_of_Fort_Smith__mdb_ntd-60086","agency_name":"City of Fort Smith Transit","route_count":1,"route_ids":"Shuttle","route_short_names":"","route_types":"3","route_type_names":"Bus","routes_json":"[{\"route_id\":\"Shuttle\",\"route_short_name\":\"\",\"route_long_name\":\"Shuttle\",\"route_type\":\"3\",\"route_type_name\":\"Bus\",\"route_color\":\"000000\",\"route_text_color\":\"FFFFFF\"}]","metadata_feed_id":"Arkansas__City_of_Fort_Smith__mdb_ntd-60086","metadata_agency_names":"City of Fort Smith Transit","metadata_ntd_id":"60086","metadata_ntd_match_method":"manual_override","metadata_ntd_agency":"City of Fort Smith, dba: Fort Smith Transit","metadata_ntd_city":"Fort Smith","metadata_ntd_state":"AR","metadata_gtfs_route_count":7,"metadata_gtfs_trip_count":147,"metadata_gtfs_shape_count":15,"metadata_gtfs_stop_count":409,"metadata_ntd_agency_voms":10,"metadata_ntd_total_facilities":4,"metadata_ntd_maintenance_facilities":2,"metadata_ntd_passenger_stations":1,"metadata_tam_tier":"Tier II","metadata_service_area_sq_miles":65,"metadata_service_area_population":86209,"metadata_route_types_json":"{\"3\":7}","metadata_ntd_facilities_json":"{\"maintenance_facilities\":2,\"administrative_and_other_non_passenger_facilities\":1,\"passenger_stations_and_terminals\":1,\"parking_and_other_passenger_facilities\":0,\"total_facilities\":4,\"bus_transfer_centers\":1,\"elevated_fixed_guideway_stations\":0,\"at_grade_fixed_guideway_stations\":0,\"underground_fixed_guideway_stations\":0,\"simple_at_grade_platform_stations\":0,\"exclusive_grade_separated_platform_stations\":0,\"ferryboat_terminals\":0,\"surface_parking_lots\":0,\"parking_structures\":0}","metadata_tam_modes_json":"{\"DR\":{\"total_units_2024\":5,\"units_under_threshold_2024\":0,\"voms_2024\":3,\"total_modal_vrm_2024\":163578,\"total_modal_upt_2024\":19821},\"MB\":{\"total_units_2024\":22,\"units_under_threshold_2024\":0,\"voms_2024\":14,\"total_modal_vrm_2024\":607970,\"total_modal_upt_2024\":469580}}"},"geometry":{"type":"Point","coordinates":[-94.42252,35.383973]}},{"type":"Feature","properties":{"stop_id":"Rogers Ave @ S 17th St_Rogers Ave @ S 17th St_35.381068_-94.415122","stop_code":"","stop_name":"Rogers Ave @ S 17th St","stop_desc":"","zone_id":"","stop_url":"","location_type":"","parent_station":"","stop_timezone":"","wheelchair_boarding":"","feed_id":"Arkansas__City_of_Fort_Smith__mdb_ntd-60086","agency_name":"City of Fort Smith Transit","route_count":1,"route_ids":"Rogers Express","route_short_names":"","route_types":"3","route_type_names":"Bus","routes_json":"[{\"route_id\":\"Rogers Express\",\"route_short_name\":\"\",\"route_long_name\":\"Rogers Express\",\"route_type\":\"3\",\"route_type_name\":\"Bus\",\"route_color\":\"4472C4\",\"route_text_color\":\"FFFFFF\"}]","metadata_feed_id":"Arkansas__City_of_Fort_Smith__mdb_ntd-60086","metadata_agency_names":"City of Fort Smith Transit","metadata_ntd_id":"60086","metadata_ntd_match_method":"manual_override","metadata_ntd_agency":"City of Fort Smith, dba: Fort Smith Transit","metadata_ntd_city":"Fort Smith","metadata_ntd_state":"AR","metadata_gtfs_route_count":7,"metadata_gtfs_trip_count":147,"metadata_gtfs_shape_count":15,"metadata_gtfs_stop_count":409,"metadata_ntd_agency_voms":10,"metadata_ntd_total_facilities":4,"metadata_ntd_maintenance_facilities":2,"metadata_ntd_passenger_stations":1,"metadata_tam_tier":"Tier II","metadata_service_area_sq_miles":65,"metadata_service_area_population":86209,"metadata_route_types_json":"{\"3\":7}","metadata_ntd_facilities_json":"{\"maintenance_facilities\":2,\"administrative_and_other_non_passenger_facilities\":1,\"passenger_stations_and_terminals\":1,\"parking_and_other_passenger_facilities\":0,\"total_facilities\":4,\"bus_transfer_centers\":1,\"elevated_fixed_guideway_stations\":0,\"at_grade_fixed_guideway_stations\":0,\"underground_fixed_guideway_stations\":0,\"simple_at_grade_platform_stations\":0,\"exclusive_grade_separated_platform_stations\":0,\"ferryboat_terminals\":0,\"surface_parking_lots\":0,\"parking_structures\":0}","metadata_tam_modes_json":"{\"DR\":{\"total_units_2024\":5,\"units_under_threshold_2024\":0,\"voms_2024\":3,\"total_modal_vrm_2024\":163578,\"total_modal_upt_2024\":19821},\"MB\":{\"total_units_2024\":22,\"units_under_threshold_2024\":0,\"voms_2024\":14,\"total_modal_vrm_2024\":607970,\"total_modal_upt_2024\":469580}}"},"geometry":{"type":"Point","coordinates":[-94.415122,35.381068]}},{"type":"Feature","properties":{"stop_id":"Rogers Ave @ S 19th St_Rogers Ave @ S 19th St_35.380141_-94.412838","stop_code":"","stop_name":"Rogers Ave @ S 19th St","stop_desc":"","zone_id":"","stop_url":"","location_type":"","parent_station":"","stop_timezone":"","wheelchair_boarding":"","feed_id":"Arkansas__City_of_Fort_Smith__mdb_ntd-60086","agency_name":"City of Fort Smith Transit","route_count":1,"route_ids":"Rogers Express","route_short_names":"","route_types":"3","route_type_names":"Bus","routes_json":"[{\"route_id\":\"Rogers Express\",\"route_short_name\":\"\",\"route_long_name\":\"Rogers Express\",\"route_type\":\"3\",\"route_type_name\":\"Bus\",\"route_color\":\"4472C4\",\"route_text_color\":\"FFFFFF\"}]","metadata_feed_id":"Arkansas__City_of_Fort_Smith__mdb_ntd-60086","metadata_agency_names":"City of Fort Smith Transit","metadata_ntd_id":"60086","metadata_ntd_match_method":"manual_override","metadata_ntd_agency":"City of Fort Smith, dba: Fort Smith Transit","metadata_ntd_city":"Fort Smith","metadata_ntd_state":"AR","metadata_gtfs_route_count":7,"metadata_gtfs_trip_count":147,"metadata_gtfs_shape_count":15,"metadata_gtfs_stop_count":409,"metadata_ntd_agency_voms":10,"metadata_ntd_total_facilities":4,"metadata_ntd_maintenance_facilities":2,"metadata_ntd_passenger_stations":1,"metadata_tam_tier":"Tier II","metadata_service_area_sq_miles":65,"metadata_service_area_population":86209,"metadata_route_types_json":"{\"3\":7}","metadata_ntd_facilities_json":"{\"maintenance_facilities\":2,\"administrative_and_other_non_passenger_facilities\":1,\"passenger_stations_and_terminals\":1,\"parking_and_other_passenger_facilities\":0,\"total_facilities\":4,\"bus_transfer_centers\":1,\"elevated_fixed_guideway_stations\":0,\"at_grade_fixed_guideway_stations\":0,\"underground_fixed_guideway_stations\":0,\"simple_at_grade_platform_stations\":0,\"exclusive_grade_separated_platform_stations\":0,\"ferryboat_terminals\":0,\"surface_parking_lots\":0,\"parking_structures\":0}","metadata_tam_modes_json":"{\"DR\":{\"total_units_2024\":5,\"units_under_threshold_2024\":0,\"voms_2024\":3,\"total_modal_vrm_2024\":163578,\"total_modal_upt_2024\":19821},\"MB\":{\"total_units_2024\":22,\"units_under_threshold_2024\":0,\"voms_2024\":14,\"total_modal_vrm_2024\":607970,\"total_modal_upt_2024\":469580}}"},"geometry":{"type":"Point","coordinates":[-94.412838,35.380141]}},{"type":"Feature","properties":{"stop_id":"Rogers Ave @ S 25th St_Rogers Ave @ S 25th St_35.376822_-94.405743","stop_code":"","stop_name":"Rogers Ave @ S 25th St","stop_desc":"","zone_id":"","stop_url":"","location_type":"","parent_station":"","stop_timezone":"","wheelchair_boarding":"","feed_id":"Arkansas__City_of_Fort_Smith__mdb_ntd-60086","agency_name":"City of Fort Smith Transit","route_count":1,"route_ids":"Rogers Express","route_short_names":"","route_types":"3","route_type_names":"Bus","routes_json":"[{\"route_id\":\"Rogers Express\",\"route_short_name\":\"\",\"route_long_name\":\"Rogers Express\",\"route_type\":\"3\",\"route_type_name\":\"Bus\",\"route_color\":\"4472C4\",\"route_text_color\":\"FFFFFF\"}]","metadata_feed_id":"Arkansas__City_of_Fort_Smith__mdb_ntd-60086","metadata_agency_names":"City of Fort Smith Transit","metadata_ntd_id":"60086","metadata_ntd_match_method":"manual_override","metadata_ntd_agency":"City of Fort Smith, dba: Fort Smith Transit","metadata_ntd_city":"Fort Smith","metadata_ntd_state":"AR","metadata_gtfs_route_count":7,"metadata_gtfs_trip_count":147,"metadata_gtfs_shape_count":15,"metadata_gtfs_stop_count":409,"metadata_ntd_agency_voms":10,"metadata_ntd_total_facilities":4,"metadata_ntd_maintenance_facilities":2,"metadata_ntd_passenger_stations":1,"metadata_tam_tier":"Tier II","metadata_service_area_sq_miles":65,"metadata_service_area_population":86209,"metadata_route_types_json":"{\"3\":7}","metadata_ntd_facilities_json":"{\"maintenance_facilities\":2,\"administrative_and_other_non_passenger_facilities\":1,\"passenger_stations_and_terminals\":1,\"parking_and_other_passenger_facilities\":0,\"total_facilities\":4,\"bus_transfer_centers\":1,\"elevated_fixed_guideway_stations\":0,\"at_grade_fixed_guideway_stations\":0,\"underground_fixed_guideway_stations\":0,\"simple_at_grade_platform_stations\":0,\"exclusive_grade_separated_platform_stations\":0,\"ferryboat_terminals\":0,\"surface_parking_lots\":0,\"parking_structures\":0}","metadata_tam_modes_json":"{\"DR\":{\"total_units_2024\":5,\"units_under_threshold_2024\":0,\"voms_2024\":3,\"total_modal_vrm_2024\":163578,\"total_modal_upt_2024\":19821},\"MB\":{\"total_units_2024\":22,\"units_under_threshold_2024\":0,\"voms_2024\":14,\"total_modal_vrm_2024\":607970,\"total_modal_upt_2024\":469580}}"},"geometry":{"type":"Point","coordinates":[-94.405743,35.376822]}},{"type":"Feature","properties":{"stop_id":"Rogers Ave @ S 40th St_Rogers Ave @ S 40th St_35.370621_-94.388742","stop_code":"","stop_name":"Rogers Ave @ S 40th St","stop_desc":"","zone_id":"","stop_url":"","location_type":"","parent_station":"","stop_timezone":"","wheelchair_boarding":"","feed_id":"Arkansas__City_of_Fort_Smith__mdb_ntd-60086","agency_name":"City of Fort Smith Transit","route_count":1,"route_ids":"Rogers Express","route_short_names":"","route_types":"3","route_type_names":"Bus","routes_json":"[{\"route_id\":\"Rogers Express\",\"route_short_name\":\"\",\"route_long_name\":\"Rogers Express\",\"route_type\":\"3\",\"route_type_name\":\"Bus\",\"route_color\":\"4472C4\",\"route_text_color\":\"FFFFFF\"}]","metadata_feed_id":"Arkansas__City_of_Fort_Smith__mdb_ntd-60086","metadata_agency_names":"City of Fort Smith Transit","metadata_ntd_id":"60086","metadata_ntd_match_method":"manual_override","metadata_ntd_agency":"City of Fort Smith, dba: Fort Smith Transit","metadata_ntd_city":"Fort Smith","metadata_ntd_state":"AR","metadata_gtfs_route_count":7,"metadata_gtfs_trip_count":147,"metadata_gtfs_shape_count":15,"metadata_gtfs_stop_count":409,"metadata_ntd_agency_voms":10,"metadata_ntd_total_facilities":4,"metadata_ntd_maintenance_facilities":2,"metadata_ntd_passenger_stations":1,"metadata_tam_tier":"Tier II","metadata_service_area_sq_miles":65,"metadata_service_area_population":86209,"metadata_route_types_json":"{\"3\":7}","metadata_ntd_facilities_json":"{\"maintenance_facilities\":2,\"administrative_and_other_non_passenger_facilities\":1,\"passenger_stations_and_terminals\":1,\"parking_and_other_passenger_facilities\":0,\"total_facilities\":4,\"bus_transfer_centers\":1,\"elevated_fixed_guideway_stations\":0,\"at_grade_fixed_guideway_stations\":0,\"underground_fixed_guideway_stations\":0,\"simple_at_grade_platform_stations\":0,\"exclusive_grade_separated_platform_stations\":0,\"ferryboat_terminals\":0,\"surface_parking_lots\":0,\"parking_structures\":0}","metadata_tam_modes_json":"{\"DR\":{\"total_units_2024\":5,\"units_under_threshold_2024\":0,\"voms_2024\":3,\"total_modal_vrm_2024\":163578,\"total_modal_upt_2024\":19821},\"MB\":{\"total_units_2024\":22,\"units_under_threshold_2024\":0,\"voms_2024\":14,\"total_modal_vrm_2024\":607970,\"total_modal_upt_2024\":469580}}"},"geometry":{"type":"Point","coordinates":[-94.388742,35.370621]}},{"type":"Feature","properties":{"stop_id":"Rogers Ave @ S 79th St_Rogers Ave @ S 79th St_35.350218_-94.345119","stop_code":"","stop_name":"Rogers Ave @ S 79th St","stop_desc":"","zone_id":"","stop_url":"","location_type":"","parent_station":"","stop_timezone":"","wheelchair_boarding":"","feed_id":"Arkansas__City_of_Fort_Smith__mdb_ntd-60086","agency_name":"City of Fort Smith Transit","route_count":2,"route_ids":"Rogers Express|Rogers Supercenter","route_short_names":"","route_types":"3","route_type_names":"Bus","routes_json":"[{\"route_id\":\"Rogers Express\",\"route_short_name\":\"\",\"route_long_name\":\"Rogers Express\",\"route_type\":\"3\",\"route_type_name\":\"Bus\",\"route_color\":\"4472C4\",\"route_text_color\":\"FFFFFF\"},{\"route_id\":\"Rogers Supercenter\",\"route_short_name\":\"\",\"route_long_name\":\"Rogers Supercenter\",\"route_type\":\"3\",\"route_type_name\":\"Bus\",\"route_color\":\"F98E10\",\"route_text_color\":\"000000\"}]","metadata_feed_id":"Arkansas__City_of_Fort_Smith__mdb_ntd-60086","metadata_agency_names":"City of Fort Smith Transit","metadata_ntd_id":"60086","metadata_ntd_match_method":"manual_override","metadata_ntd_agency":"City of Fort Smith, dba: Fort Smith Transit","metadata_ntd_city":"Fort Smith","metadata_ntd_state":"AR","metadata_gtfs_route_count":7,"metadata_gtfs_trip_count":147,"metadata_gtfs_shape_count":15,"metadata_gtfs_stop_count":409,"metadata_ntd_agency_voms":10,"metadata_ntd_total_facilities":4,"metadata_ntd_maintenance_facilities":2,"metadata_ntd_passenger_stations":1,"metadata_tam_tier":"Tier II","metadata_service_area_sq_miles":65,"metadata_service_area_population":86209,"metadata_route_types_json":"{\"3\":7}","metadata_ntd_facilities_json":"{\"maintenance_facilities\":2,\"administrative_and_other_non_passenger_facilities\":1,\"passenger_stations_and_terminals\":1,\"parking_and_other_passenger_facilities\":0,\"total_facilities\":4,\"bus_transfer_centers\":1,\"elevated_fixed_guideway_stations\":0,\"at_grade_fixed_guideway_stations\":0,\"underground_fixed_guideway_stations\":0,\"simple_at_grade_platform_stations\":0,\"exclusive_grade_separated_platform_stations\":0,\"ferryboat_terminals\":0,\"surface_parking_lots\":0,\"parking_structures\":0}","metadata_tam_modes_json":"{\"DR\":{\"total_units_2024\":5,\"units_under_threshold_2024\":0,\"voms_2024\":3,\"total_modal_vrm_2024\":163578,\"total_modal_upt_2024\":19821},\"MB\":{\"total_units_2024\":22,\"units_under_threshold_2024\":0,\"voms_2024\":14,\"total_modal_vrm_2024\":607970,\"total_modal_upt_2024\":469580}}"},"geometry":{"type":"Point","coordinates":[-94.345119,35.350218]}},{"type":"Feature","properties":{"stop_id":"Rogers Ave @ S 7th St_Rogers Ave @ S 7th St_35.385777_-94.425228","stop_code":"","stop_name":"Rogers Ave @ S 7th St","stop_desc":"","zone_id":"","stop_url":"","location_type":"","parent_station":"","stop_timezone":"","wheelchair_boarding":"","feed_id":"Arkansas__City_of_Fort_Smith__mdb_ntd-60086","agency_name":"City of Fort Smith Transit","route_count":1,"route_ids":"Grand","route_short_names":"","route_types":"3","route_type_names":"Bus","routes_json":"[{\"route_id\":\"Grand\",\"route_short_name\":\"\",\"route_long_name\":\"Grand\",\"route_type\":\"3\",\"route_type_name\":\"Bus\",\"route_color\":\"FFD700\",\"route_text_color\":\"000000\"}]","metadata_feed_id":"Arkansas__City_of_Fort_Smith__mdb_ntd-60086","metadata_agency_names":"City of Fort Smith Transit","metadata_ntd_id":"60086","metadata_ntd_match_method":"manual_override","metadata_ntd_agency":"City of Fort Smith, dba: Fort Smith Transit","metadata_ntd_city":"Fort Smith","metadata_ntd_state":"AR","metadata_gtfs_route_count":7,"metadata_gtfs_trip_count":147,"metadata_gtfs_shape_count":15,"metadata_gtfs_stop_count":409,"metadata_ntd_agency_voms":10,"metadata_ntd_total_facilities":4,"metadata_ntd_maintenance_facilities":2,"metadata_ntd_passenger_stations":1,"metadata_tam_tier":"Tier II","metadata_service_area_sq_miles":65,"metadata_service_area_population":86209,"metadata_route_types_json":"{\"3\":7}","metadata_ntd_facilities_json":"{\"maintenance_facilities\":2,\"administrative_and_other_non_passenger_facilities\":1,\"passenger_stations_and_terminals\":1,\"parking_and_other_passenger_facilities\":0,\"total_facilities\":4,\"bus_transfer_centers\":1,\"elevated_fixed_guideway_stations\":0,\"at_grade_fixed_guideway_stations\":0,\"underground_fixed_guideway_stations\":0,\"simple_at_grade_platform_stations\":0,\"exclusive_grade_separated_platform_stations\":0,\"ferryboat_terminals\":0,\"surface_parking_lots\":0,\"parking_structures\":0}","metadata_tam_modes_json":"{\"DR\":{\"total_units_2024\":5,\"units_under_threshold_2024\":0,\"voms_2024\":3,\"total_modal_vrm_2024\":163578,\"total_modal_upt_2024\":19821},\"MB\":{\"total_units_2024\":22,\"units_under_threshold_2024\":0,\"voms_2024\":14,\"total_modal_vrm_2024\":607970,\"total_modal_upt_2024\":469580}}"},"geometry":{"type":"Point","coordinates":[-94.425228,35.385777]}},{"type":"Feature","properties":{"stop_id":"Rogers Ave @ S 8th St_Rogers Ave @ S 8th St_35.385197_-94.424290","stop_code":"","stop_name":"Rogers Ave @ S 8th St","stop_desc":"","zone_id":"","stop_url":"","location_type":"","parent_station":"","stop_timezone":"","wheelchair_boarding":"","feed_id":"Arkansas__City_of_Fort_Smith__mdb_ntd-60086","agency_name":"City of Fort Smith Transit","route_count":1,"route_ids":"Rogers Express","route_short_names":"","route_types":"3","route_type_names":"Bus","routes_json":"[{\"route_id\":\"Rogers Express\",\"route_short_name\":\"\",\"route_long_name\":\"Rogers Express\",\"route_type\":\"3\",\"route_type_name\":\"Bus\",\"route_color\":\"4472C4\",\"route_text_color\":\"FFFFFF\"}]","metadata_feed_id":"Arkansas__City_of_Fort_Smith__mdb_ntd-60086","metadata_agency_names":"City of Fort Smith Transit","metadata_ntd_id":"60086","metadata_ntd_match_method":"manual_override","metadata_ntd_agency":"City of Fort Smith, dba: Fort Smith Transit","metadata_ntd_city":"Fort Smith","metadata_ntd_state":"AR","metadata_gtfs_route_count":7,"metadata_gtfs_trip_count":147,"metadata_gtfs_shape_count":15,"metadata_gtfs_stop_count":409,"metadata_ntd_agency_voms":10,"metadata_ntd_total_facilities":4,"metadata_ntd_maintenance_facilities":2,"metadata_ntd_passenger_stations":1,"metadata_tam_tier":"Tier II","metadata_service_area_sq_miles":65,"metadata_service_area_population":86209,"metadata_route_types_json":"{\"3\":7}","metadata_ntd_facilities_json":"{\"maintenance_facilities\":2,\"administrative_and_other_non_passenger_facilities\":1,\"passenger_stations_and_terminals\":1,\"parking_and_other_passenger_facilities\":0,\"total_facilities\":4,\"bus_transfer_centers\":1,\"elevated_fixed_guideway_stations\":0,\"at_grade_fixed_guideway_stations\":0,\"underground_fixed_guideway_stations\":0,\"simple_at_grade_platform_stations\":0,\"exclusive_grade_separated_platform_stations\":0,\"ferryboat_terminals\":0,\"surface_parking_lots\":0,\"parking_structures\":0}","metadata_tam_modes_json":"{\"DR\":{\"total_units_2024\":5,\"units_under_threshold_2024\":0,\"voms_2024\":3,\"total_modal_vrm_2024\":163578,\"total_modal_upt_2024\":19821},\"MB\":{\"total_units_2024\":22,\"units_under_threshold_2024\":0,\"voms_2024\":14,\"total_modal_vrm_2024\":607970,\"total_modal_upt_2024\":469580}}"},"geometry":{"type":"Point","coordinates":[-94.42429,35.385197]}},{"type":"Feature","properties":{"stop_id":"Rogers Ave @ S 9th St_Rogers Ave @ S 9th St_35.384554_-94.423384","stop_code":"","stop_name":"Rogers Ave @ S 9th St","stop_desc":"","zone_id":"","stop_url":"","location_type":"","parent_station":"","stop_timezone":"","wheelchair_boarding":"","feed_id":"Arkansas__City_of_Fort_Smith__mdb_ntd-60086","agency_name":"City of Fort Smith Transit","route_count":2,"route_ids":"Grand|Rogers Express","route_short_names":"","route_types":"3","route_type_names":"Bus","routes_json":"[{\"route_id\":\"Grand\",\"route_short_name\":\"\",\"route_long_name\":\"Grand\",\"route_type\":\"3\",\"route_type_name\":\"Bus\",\"route_color\":\"FFD700\",\"route_text_color\":\"000000\"},{\"route_id\":\"Rogers Express\",\"route_short_name\":\"\",\"route_long_name\":\"Rogers Express\",\"route_type\":\"3\",\"route_type_name\":\"Bus\",\"route_color\":\"4472C4\",\"route_text_color\":\"FFFFFF\"}]","metadata_feed_id":"Arkansas__City_of_Fort_Smith__mdb_ntd-60086","metadata_agency_names":"City of Fort Smith Transit","metadata_ntd_id":"60086","metadata_ntd_match_method":"manual_override","metadata_ntd_agency":"City of Fort Smith, dba: Fort Smith Transit","metadata_ntd_city":"Fort Smith","metadata_ntd_state":"AR","metadata_gtfs_route_count":7,"metadata_gtfs_trip_count":147,"metadata_gtfs_shape_count":15,"metadata_gtfs_stop_count":409,"metadata_ntd_agency_voms":10,"metadata_ntd_total_facilities":4,"metadata_ntd_maintenance_facilities":2,"metadata_ntd_passenger_stations":1,"metadata_tam_tier":"Tier II","metadata_service_area_sq_miles":65,"metadata_service_area_population":86209,"metadata_route_types_json":"{\"3\":7}","metadata_ntd_facilities_json":"{\"maintenance_facilities\":2,\"administrative_and_other_non_passenger_facilities\":1,\"passenger_stations_and_terminals\":1,\"parking_and_other_passenger_facilities\":0,\"total_facilities\":4,\"bus_transfer_centers\":1,\"elevated_fixed_guideway_stations\":0,\"at_grade_fixed_guideway_stations\":0,\"underground_fixed_guideway_stations\":0,\"simple_at_grade_platform_stations\":0,\"exclusive_grade_separated_platform_stations\":0,\"ferryboat_terminals\":0,\"surface_parking_lots\":0,\"parking_structures\":0}","metadata_tam_modes_json":"{\"DR\":{\"total_units_2024\":5,\"units_under_threshold_2024\":0,\"voms_2024\":3,\"total_modal_vrm_2024\":163578,\"total_modal_upt_2024\":19821},\"MB\":{\"total_units_2024\":22,\"units_under_threshold_2024\":0,\"voms_2024\":14,\"total_modal_vrm_2024\":607970,\"total_modal_upt_2024\":469580}}"},"geometry":{"type":"Point","coordinates":[-94.423384,35.384554]}},{"type":"Feature","properties":{"stop_id":"Rogers Ave @ S E St_Rogers Ave @ S E St_35.378019_-94.408349","stop_code":"","stop_name":"Rogers Ave @ S E St","stop_desc":"","zone_id":"","stop_url":"","location_type":"","parent_station":"","stop_timezone":"","wheelchair_boarding":"","feed_id":"Arkansas__City_of_Fort_Smith__mdb_ntd-60086","agency_name":"City of Fort Smith Transit","route_count":1,"route_ids":"Rogers Express","route_short_names":"","route_types":"3","route_type_names":"Bus","routes_json":"[{\"route_id\":\"Rogers Express\",\"route_short_name\":\"\",\"route_long_name\":\"Rogers Express\",\"route_type\":\"3\",\"route_type_name\":\"Bus\",\"route_color\":\"4472C4\",\"route_text_color\":\"FFFFFF\"}]","metadata_feed_id":"Arkansas__City_of_Fort_Smith__mdb_ntd-60086","metadata_agency_names":"City of Fort Smith Transit","metadata_ntd_id":"60086","metadata_ntd_match_method":"manual_override","metadata_ntd_agency":"City of Fort Smith, dba: Fort Smith Transit","metadata_ntd_city":"Fort Smith","metadata_ntd_state":"AR","metadata_gtfs_route_count":7,"metadata_gtfs_trip_count":147,"metadata_gtfs_shape_count":15,"metadata_gtfs_stop_count":409,"metadata_ntd_agency_voms":10,"metadata_ntd_total_facilities":4,"metadata_ntd_maintenance_facilities":2,"metadata_ntd_passenger_stations":1,"metadata_tam_tier":"Tier II","metadata_service_area_sq_miles":65,"metadata_service_area_population":86209,"metadata_route_types_json":"{\"3\":7}","metadata_ntd_facilities_json":"{\"maintenance_facilities\":2,\"administrative_and_other_non_passenger_facilities\":1,\"passenger_stations_and_terminals\":1,\"parking_and_other_passenger_facilities\":0,\"total_facilities\":4,\"bus_transfer_centers\":1,\"elevated_fixed_guideway_stations\":0,\"at_grade_fixed_guideway_stations\":0,\"underground_fixed_guideway_stations\":0,\"simple_at_grade_platform_stations\":0,\"exclusive_grade_separated_platform_stations\":0,\"ferryboat_terminals\":0,\"surface_parking_lots\":0,\"parking_structures\":0}","metadata_tam_modes_json":"{\"DR\":{\"total_units_2024\":5,\"units_under_threshold_2024\":0,\"voms_2024\":3,\"total_modal_vrm_2024\":163578,\"total_modal_upt_2024\":19821},\"MB\":{\"total_units_2024\":22,\"units_under_threshold_2024\":0,\"voms_2024\":14,\"total_modal_vrm_2024\":607970,\"total_modal_upt_2024\":469580}}"},"geometry":{"type":"Point","coordinates":[-94.408349,35.378019]}},{"type":"Feature","properties":{"stop_id":"Rogers Ave @ Sweet Ln._Rogers Ave @ Sweet Ln._35.375067_-94.399862","stop_code":"","stop_name":"Rogers Ave @ Sweet Ln.","stop_desc":"","zone_id":"","stop_url":"","location_type":"","parent_station":"","stop_timezone":"","wheelchair_boarding":"","feed_id":"Arkansas__City_of_Fort_Smith__mdb_ntd-60086","agency_name":"City of Fort Smith Transit","route_count":1,"route_ids":"Rogers Express","route_short_names":"","route_types":"3","route_type_names":"Bus","routes_json":"[{\"route_id\":\"Rogers Express\",\"route_short_name\":\"\",\"route_long_name\":\"Rogers Express\",\"route_type\":\"3\",\"route_type_name\":\"Bus\",\"route_color\":\"4472C4\",\"route_text_color\":\"FFFFFF\"}]","metadata_feed_id":"Arkansas__City_of_Fort_Smith__mdb_ntd-60086","metadata_agency_names":"City of Fort Smith Transit","metadata_ntd_id":"60086","metadata_ntd_match_method":"manual_override","metadata_ntd_agency":"City of Fort Smith, dba: Fort Smith Transit","metadata_ntd_city":"Fort Smith","metadata_ntd_state":"AR","metadata_gtfs_route_count":7,"metadata_gtfs_trip_count":147,"metadata_gtfs_shape_count":15,"metadata_gtfs_stop_count":409,"metadata_ntd_agency_voms":10,"metadata_ntd_total_facilities":4,"metadata_ntd_maintenance_facilities":2,"metadata_ntd_passenger_stations":1,"metadata_tam_tier":"Tier II","metadata_service_area_sq_miles":65,"metadata_service_area_population":86209,"metadata_route_types_json":"{\"3\":7}","metadata_ntd_facilities_json":"{\"maintenance_facilities\":2,\"administrative_and_other_non_passenger_facilities\":1,\"passenger_stations_and_terminals\":1,\"parking_and_other_passenger_facilities\":0,\"total_facilities\":4,\"bus_transfer_centers\":1,\"elevated_fixed_guideway_stations\":0,\"at_grade_fixed_guideway_stations\":0,\"underground_fixed_guideway_stations\":0,\"simple_at_grade_platform_stations\":0,\"exclusive_grade_separated_platform_stations\":0,\"ferryboat_terminals\":0,\"surface_parking_lots\":0,\"parking_structures\":0}","metadata_tam_modes_json":"{\"DR\":{\"total_units_2024\":5,\"units_under_threshold_2024\":0,\"voms_2024\":3,\"total_modal_vrm_2024\":163578,\"total_modal_upt_2024\":19821},\"MB\":{\"total_units_2024\":22,\"units_under_threshold_2024\":0,\"voms_2024\":14,\"total_modal_vrm_2024\":607970,\"total_modal_upt_2024\":469580}}"},"geometry":{"type":"Point","coordinates":[-94.399862,35.375067]}},{"type":"Feature","properties":{"stop_id":"Rogers Ave @ Towson Ave_Rogers Ave @ Towson Ave_35.383136_-94.421041","stop_code":"","stop_name":"Rogers Ave @ Towson Ave","stop_desc":"","zone_id":"","stop_url":"","location_type":"","parent_station":"","stop_timezone":"","wheelchair_boarding":"","feed_id":"Arkansas__City_of_Fort_Smith__mdb_ntd-60086","agency_name":"City of Fort Smith Transit","route_count":1,"route_ids":"Rogers Express","route_short_names":"","route_types":"3","route_type_names":"Bus","routes_json":"[{\"route_id\":\"Rogers Express\",\"route_short_name\":\"\",\"route_long_name\":\"Rogers Express\",\"route_type\":\"3\",\"route_type_name\":\"Bus\",\"route_color\":\"4472C4\",\"route_text_color\":\"FFFFFF\"}]","metadata_feed_id":"Arkansas__City_of_Fort_Smith__mdb_ntd-60086","metadata_agency_names":"City of Fort Smith Transit","metadata_ntd_id":"60086","metadata_ntd_match_method":"manual_override","metadata_ntd_agency":"City of Fort Smith, dba: Fort Smith Transit","metadata_ntd_city":"Fort Smith","metadata_ntd_state":"AR","metadata_gtfs_route_count":7,"metadata_gtfs_trip_count":147,"metadata_gtfs_shape_count":15,"metadata_gtfs_stop_count":409,"metadata_ntd_agency_voms":10,"metadata_ntd_total_facilities":4,"metadata_ntd_maintenance_facilities":2,"metadata_ntd_passenger_stations":1,"metadata_tam_tier":"Tier II","metadata_service_area_sq_miles":65,"metadata_service_area_population":86209,"metadata_route_types_json":"{\"3\":7}","metadata_ntd_facilities_json":"{\"maintenance_facilities\":2,\"administrative_and_other_non_passenger_facilities\":1,\"passenger_stations_and_terminals\":1,\"parking_and_other_passenger_facilities\":0,\"total_facilities\":4,\"bus_transfer_centers\":1,\"elevated_fixed_guideway_stations\":0,\"at_grade_fixed_guideway_stations\":0,\"underground_fixed_guideway_stations\":0,\"simple_at_grade_platform_stations\":0,\"exclusive_grade_separated_platform_stations\":0,\"ferryboat_terminals\":0,\"surface_parking_lots\":0,\"parking_structures\":0}","metadata_tam_modes_json":"{\"DR\":{\"total_units_2024\":5,\"units_under_threshold_2024\":0,\"voms_2024\":3,\"total_modal_vrm_2024\":163578,\"total_modal_upt_2024\":19821},\"MB\":{\"total_units_2024\":22,\"units_under_threshold_2024\":0,\"voms_2024\":14,\"total_modal_vrm_2024\":607970,\"total_modal_upt_2024\":469580}}"},"geometry":{"type":"Point","coordinates":[-94.421041,35.383136]}},{"type":"Feature","properties":{"stop_id":"Rogers Ave @ Waldron Rd_Rogers Ave @ Waldron Rd_35.362863_-94.372862","stop_code":"","stop_name":"Rogers Ave @ Waldron Rd","stop_desc":"","zone_id":"","stop_url":"","location_type":"","parent_station":"","stop_timezone":"","wheelchair_boarding":"","feed_id":"Arkansas__City_of_Fort_Smith__mdb_ntd-60086","agency_name":"City of Fort Smith Transit","route_count":2,"route_ids":"Rogers Express|Rogers Supercenter","route_short_names":"","route_types":"3","route_type_names":"Bus","routes_json":"[{\"route_id\":\"Rogers Express\",\"route_short_name\":\"\",\"route_long_name\":\"Rogers Express\",\"route_type\":\"3\",\"route_type_name\":\"Bus\",\"route_color\":\"4472C4\",\"route_text_color\":\"FFFFFF\"},{\"route_id\":\"Rogers Supercenter\",\"route_short_name\":\"\",\"route_long_name\":\"Rogers Supercenter\",\"route_type\":\"3\",\"route_type_name\":\"Bus\",\"route_color\":\"F98E10\",\"route_text_color\":\"000000\"}]","metadata_feed_id":"Arkansas__City_of_Fort_Smith__mdb_ntd-60086","metadata_agency_names":"City of Fort Smith Transit","metadata_ntd_id":"60086","metadata_ntd_match_method":"manual_override","metadata_ntd_agency":"City of Fort Smith, dba: Fort Smith Transit","metadata_ntd_city":"Fort Smith","metadata_ntd_state":"AR","metadata_gtfs_route_count":7,"metadata_gtfs_trip_count":147,"metadata_gtfs_shape_count":15,"metadata_gtfs_stop_count":409,"metadata_ntd_agency_voms":10,"metadata_ntd_total_facilities":4,"metadata_ntd_maintenance_facilities":2,"metadata_ntd_passenger_stations":1,"metadata_tam_tier":"Tier II","metadata_service_area_sq_miles":65,"metadata_service_area_population":86209,"metadata_route_types_json":"{\"3\":7}","metadata_ntd_facilities_json":"{\"maintenance_facilities\":2,\"administrative_and_other_non_passenger_facilities\":1,\"passenger_stations_and_terminals\":1,\"parking_and_other_passenger_facilities\":0,\"total_facilities\":4,\"bus_transfer_centers\":1,\"elevated_fixed_guideway_stations\":0,\"at_grade_fixed_guideway_stations\":0,\"underground_fixed_guideway_stations\":0,\"simple_at_grade_platform_stations\":0,\"exclusive_grade_separated_platform_stations\":0,\"ferryboat_terminals\":0,\"surface_parking_lots\":0,\"parking_structures\":0}","metadata_tam_modes_json":"{\"DR\":{\"total_units_2024\":5,\"units_under_threshold_2024\":0,\"voms_2024\":3,\"total_modal_vrm_2024\":163578,\"total_modal_upt_2024\":19821},\"MB\":{\"total_units_2024\":22,\"units_under_threshold_2024\":0,\"voms_2024\":14,\"total_modal_vrm_2024\":607970,\"total_modal_upt_2024\":469580}}"},"geometry":{"type":"Point","coordinates":[-94.372862,35.362863]}},{"type":"Feature","properties":{"stop_id":"S 10th St @ Rogers Ave_S 10th St @ Rogers Ave_35.383968_-94.422510","stop_code":"","stop_name":"S 10th St @ Rogers Ave","stop_desc":"","zone_id":"","stop_url":"","location_type":"","parent_station":"","stop_timezone":"","wheelchair_boarding":"","feed_id":"Arkansas__City_of_Fort_Smith__mdb_ntd-60086","agency_name":"City of Fort Smith Transit","route_count":1,"route_ids":"Midland","route_short_names":"","route_types":"3","route_type_names":"Bus","routes_json":"[{\"route_id\":\"Midland\",\"route_short_name\":\"\",\"route_long_name\":\"Midland\",\"route_type\":\"3\",\"route_type_name\":\"Bus\",\"route_color\":\"F51414\",\"route_text_color\":\"FFFFFF\"}]","metadata_feed_id":"Arkansas__City_of_Fort_Smith__mdb_ntd-60086","metadata_agency_names":"City of Fort Smith Transit","metadata_ntd_id":"60086","metadata_ntd_match_method":"manual_override","metadata_ntd_agency":"City of Fort Smith, dba: Fort Smith Transit","metadata_ntd_city":"Fort Smith","metadata_ntd_state":"AR","metadata_gtfs_route_count":7,"metadata_gtfs_trip_count":147,"metadata_gtfs_shape_count":15,"metadata_gtfs_stop_count":409,"metadata_ntd_agency_voms":10,"metadata_ntd_total_facilities":4,"metadata_ntd_maintenance_facilities":2,"metadata_ntd_passenger_stations":1,"metadata_tam_tier":"Tier II","metadata_service_area_sq_miles":65,"metadata_service_area_population":86209,"metadata_route_types_json":"{\"3\":7}","metadata_ntd_facilities_json":"{\"maintenance_facilities\":2,\"administrative_and_other_non_passenger_facilities\":1,\"passenger_stations_and_terminals\":1,\"parking_and_other_passenger_facilities\":0,\"total_facilities\":4,\"bus_transfer_centers\":1,\"elevated_fixed_guideway_stations\":0,\"at_grade_fixed_guideway_stations\":0,\"underground_fixed_guideway_stations\":0,\"simple_at_grade_platform_stations\":0,\"exclusive_grade_separated_platform_stations\":0,\"ferryboat_terminals\":0,\"surface_parking_lots\":0,\"parking_structures\":0}","metadata_tam_modes_json":"{\"DR\":{\"total_units_2024\":5,\"units_under_threshold_2024\":0,\"voms_2024\":3,\"total_modal_vrm_2024\":163578,\"total_modal_upt_2024\":19821},\"MB\":{\"total_units_2024\":22,\"units_under_threshold_2024\":0,\"voms_2024\":14,\"total_modal_vrm_2024\":607970,\"total_modal_upt_2024\":469580}}"},"geometry":{"type":"Point","coordinates":[-94.42251,35.383968]}},{"type":"Feature","properties":{"stop_id":"S 10th St @ S A St_S 10th St @ S A St_35.382240_-94.423419","stop_code":"","stop_name":"S 10th St @ S A St","stop_desc":"","zone_id":"","stop_url":"","location_type":"","parent_station":"","stop_timezone":"","wheelchair_boarding":"","feed_id":"Arkansas__City_of_Fort_Smith__mdb_ntd-60086","agency_name":"City of Fort Smith Transit","route_count":1,"route_ids":"Midland","route_short_names":"","route_types":"3","route_type_names":"Bus","routes_json":"[{\"route_id\":\"Midland\",\"route_short_name\":\"\",\"route_long_name\":\"Midland\",\"route_type\":\"3\",\"route_type_name\":\"Bus\",\"route_color\":\"F51414\",\"route_text_color\":\"FFFFFF\"}]","metadata_feed_id":"Arkansas__City_of_Fort_Smith__mdb_ntd-60086","metadata_agency_names":"City of Fort Smith Transit","metadata_ntd_id":"60086","metadata_ntd_match_method":"manual_override","metadata_ntd_agency":"City of Fort Smith, dba: Fort Smith Transit","metadata_ntd_city":"Fort Smith","metadata_ntd_state":"AR","metadata_gtfs_route_count":7,"metadata_gtfs_trip_count":147,"metadata_gtfs_shape_count":15,"metadata_gtfs_stop_count":409,"metadata_ntd_agency_voms":10,"metadata_ntd_total_facilities":4,"metadata_ntd_maintenance_facilities":2,"metadata_ntd_passenger_stations":1,"metadata_tam_tier":"Tier II","metadata_service_area_sq_miles":65,"metadata_service_area_population":86209,"metadata_route_types_json":"{\"3\":7}","metadata_ntd_facilities_json":"{\"maintenance_facilities\":2,\"administrative_and_other_non_passenger_facilities\":1,\"passenger_stations_and_terminals\":1,\"parking_and_other_passenger_facilities\":0,\"total_facilities\":4,\"bus_transfer_centers\":1,\"elevated_fixed_guideway_stations\":0,\"at_grade_fixed_guideway_stations\":0,\"underground_fixed_guideway_stations\":0,\"simple_at_grade_platform_stations\":0,\"exclusive_grade_separated_platform_stations\":0,\"ferryboat_terminals\":0,\"surface_parking_lots\":0,\"parking_structures\":0}","metadata_tam_modes_json":"{\"DR\":{\"total_units_2024\":5,\"units_under_threshold_2024\":0,\"voms_2024\":3,\"total_modal_vrm_2024\":163578,\"total_modal_upt_2024\":19821},\"MB\":{\"total_units_2024\":22,\"units_under_threshold_2024\":0,\"voms_2024\":14,\"total_modal_vrm_2024\":607970,\"total_modal_upt_2024\":469580}}"},"geometry":{"type":"Point","coordinates":[-94.423419,35.38224]}},{"type":"Feature","properties":{"stop_id":"S 24th St @ Tulsa St__35.335440_-94.409429","stop_code":"","stop_name":"S 24th St @ Tulsa St","stop_desc":"","zone_id":"","stop_url":"","location_type":"","parent_station":"","stop_timezone":"","wheelchair_boarding":"","feed_id":"Arkansas__City_of_Fort_Smith__mdb_ntd-60086","agency_name":"City of Fort Smith Transit","route_count":2,"route_ids":"Jenny Lind|Towson","route_short_names":"","route_types":"3","route_type_names":"Bus","routes_json":"[{\"route_id\":\"Jenny Lind\",\"route_short_name\":\"\",\"route_long_name\":\"Jenny Lind\",\"route_type\":\"3\",\"route_type_name\":\"Bus\",\"route_color\":\"8E00FF\",\"route_text_color\":\"FFFFFF\"},{\"route_id\":\"Towson\",\"route_short_name\":\"\",\"route_long_name\":\"Towson\",\"route_type\":\"3\",\"route_type_name\":\"Bus\",\"route_color\":\"70AD47\",\"route_text_color\":\"000000\"}]","metadata_feed_id":"Arkansas__City_of_Fort_Smith__mdb_ntd-60086","metadata_agency_names":"City of Fort Smith Transit","metadata_ntd_id":"60086","metadata_ntd_match_method":"manual_override","metadata_ntd_agency":"City of Fort Smith, dba: Fort Smith Transit","metadata_ntd_city":"Fort Smith","metadata_ntd_state":"AR","metadata_gtfs_route_count":7,"metadata_gtfs_trip_count":147,"metadata_gtfs_shape_count":15,"metadata_gtfs_stop_count":409,"metadata_ntd_agency_voms":10,"metadata_ntd_total_facilities":4,"metadata_ntd_maintenance_facilities":2,"metadata_ntd_passenger_stations":1,"metadata_tam_tier":"Tier II","metadata_service_area_sq_miles":65,"metadata_service_area_population":86209,"metadata_route_types_json":"{\"3\":7}","metadata_ntd_facilities_json":"{\"maintenance_facilities\":2,\"administrative_and_other_non_passenger_facilities\":1,\"passenger_stations_and_terminals\":1,\"parking_and_other_passenger_facilities\":0,\"total_facilities\":4,\"bus_transfer_centers\":1,\"elevated_fixed_guideway_stations\":0,\"at_grade_fixed_guideway_stations\":0,\"underground_fixed_guideway_stations\":0,\"simple_at_grade_platform_stations\":0,\"exclusive_grade_separated_platform_stations\":0,\"ferryboat_terminals\":0,\"surface_parking_lots\":0,\"parking_structures\":0}","metadata_tam_modes_json":"{\"DR\":{\"total_units_2024\":5,\"units_under_threshold_2024\":0,\"voms_2024\":3,\"total_modal_vrm_2024\":163578,\"total_modal_upt_2024\":19821},\"MB\":{\"total_units_2024\":22,\"units_under_threshold_2024\":0,\"voms_2024\":14,\"total_modal_vrm_2024\":607970,\"total_modal_upt_2024\":469580}}"},"geometry":{"type":"Point","coordinates":[-94.409429,35.33544]}},{"type":"Feature","properties":{"stop_id":"S 24th St @ Vicksburg St__35.332609_-94.409542","stop_code":"","stop_name":"S 24th St @ Vicksburg St","stop_desc":"","zone_id":"","stop_url":"","location_type":"","parent_station":"","stop_timezone":"","wheelchair_boarding":"","feed_id":"Arkansas__City_of_Fort_Smith__mdb_ntd-60086","agency_name":"City of Fort Smith Transit","route_count":2,"route_ids":"Jenny Lind|Towson","route_short_names":"","route_types":"3","route_type_names":"Bus","routes_json":"[{\"route_id\":\"Jenny Lind\",\"route_short_name\":\"\",\"route_long_name\":\"Jenny Lind\",\"route_type\":\"3\",\"route_type_name\":\"Bus\",\"route_color\":\"8E00FF\",\"route_text_color\":\"FFFFFF\"},{\"route_id\":\"Towson\",\"route_short_name\":\"\",\"route_long_name\":\"Towson\",\"route_type\":\"3\",\"route_type_name\":\"Bus\",\"route_color\":\"70AD47\",\"route_text_color\":\"000000\"}]","metadata_feed_id":"Arkansas__City_of_Fort_Smith__mdb_ntd-60086","metadata_agency_names":"City of Fort Smith Transit","metadata_ntd_id":"60086","metadata_ntd_match_method":"manual_override","metadata_ntd_agency":"City of Fort Smith, dba: Fort Smith Transit","metadata_ntd_city":"Fort Smith","metadata_ntd_state":"AR","metadata_gtfs_route_count":7,"metadata_gtfs_trip_count":147,"metadata_gtfs_shape_count":15,"metadata_gtfs_stop_count":409,"metadata_ntd_agency_voms":10,"metadata_ntd_total_facilities":4,"metadata_ntd_maintenance_facilities":2,"metadata_ntd_passenger_stations":1,"metadata_tam_tier":"Tier II","metadata_service_area_sq_miles":65,"metadata_service_area_population":86209,"metadata_route_types_json":"{\"3\":7}","metadata_ntd_facilities_json":"{\"maintenance_facilities\":2,\"administrative_and_other_non_passenger_facilities\":1,\"passenger_stations_and_terminals\":1,\"parking_and_other_passenger_facilities\":0,\"total_facilities\":4,\"bus_transfer_centers\":1,\"elevated_fixed_guideway_stations\":0,\"at_grade_fixed_guideway_stations\":0,\"underground_fixed_guideway_stations\":0,\"simple_at_grade_platform_stations\":0,\"exclusive_grade_separated_platform_stations\":0,\"ferryboat_terminals\":0,\"surface_parking_lots\":0,\"parking_structures\":0}","metadata_tam_modes_json":"{\"DR\":{\"total_units_2024\":5,\"units_under_threshold_2024\":0,\"voms_2024\":3,\"total_modal_vrm_2024\":163578,\"total_modal_upt_2024\":19821},\"MB\":{\"total_units_2024\":22,\"units_under_threshold_2024\":0,\"voms_2024\":14,\"total_modal_vrm_2024\":607970,\"total_modal_upt_2024\":469580}}"},"geometry":{"type":"Point","coordinates":[-94.409542,35.332609]}},{"type":"Feature","properties":{"stop_id":"S 24th St @ Walmart Blvd_S 24th St @ Walmart Blvd_35.329530_-94.409750","stop_code":"","stop_name":"S 24th St @ Walmart Blvd","stop_desc":"","zone_id":"","stop_url":"","location_type":"","parent_station":"","stop_timezone":"","wheelchair_boarding":"","feed_id":"Arkansas__City_of_Fort_Smith__mdb_ntd-60086","agency_name":"City of Fort Smith Transit","route_count":2,"route_ids":"Jenny Lind|Towson","route_short_names":"","route_types":"3","route_type_names":"Bus","routes_json":"[{\"route_id\":\"Jenny Lind\",\"route_short_name\":\"\",\"route_long_name\":\"Jenny Lind\",\"route_type\":\"3\",\"route_type_name\":\"Bus\",\"route_color\":\"8E00FF\",\"route_text_color\":\"FFFFFF\"},{\"route_id\":\"Towson\",\"route_short_name\":\"\",\"route_long_name\":\"Towson\",\"route_type\":\"3\",\"route_type_name\":\"Bus\",\"route_color\":\"70AD47\",\"route_text_color\":\"000000\"}]","metadata_feed_id":"Arkansas__City_of_Fort_Smith__mdb_ntd-60086","metadata_agency_names":"City of Fort Smith Transit","metadata_ntd_id":"60086","metadata_ntd_match_method":"manual_override","metadata_ntd_agency":"City of Fort Smith, dba: Fort Smith Transit","metadata_ntd_city":"Fort Smith","metadata_ntd_state":"AR","metadata_gtfs_route_count":7,"metadata_gtfs_trip_count":147,"metadata_gtfs_shape_count":15,"metadata_gtfs_stop_count":409,"metadata_ntd_agency_voms":10,"metadata_ntd_total_facilities":4,"metadata_ntd_maintenance_facilities":2,"metadata_ntd_passenger_stations":1,"metadata_tam_tier":"Tier II","metadata_service_area_sq_miles":65,"metadata_service_area_population":86209,"metadata_route_types_json":"{\"3\":7}","metadata_ntd_facilities_json":"{\"maintenance_facilities\":2,\"administrative_and_other_non_passenger_facilities\":1,\"passenger_stations_and_terminals\":1,\"parking_and_other_passenger_facilities\":0,\"total_facilities\":4,\"bus_transfer_centers\":1,\"elevated_fixed_guideway_stations\":0,\"at_grade_fixed_guideway_stations\":0,\"underground_fixed_guideway_stations\":0,\"simple_at_grade_platform_stations\":0,\"exclusive_grade_separated_platform_stations\":0,\"ferryboat_terminals\":0,\"surface_parking_lots\":0,\"parking_structures\":0}","metadata_tam_modes_json":"{\"DR\":{\"total_units_2024\":5,\"units_under_threshold_2024\":0,\"voms_2024\":3,\"total_modal_vrm_2024\":163578,\"total_modal_upt_2024\":19821},\"MB\":{\"total_units_2024\":22,\"units_under_threshold_2024\":0,\"voms_2024\":14,\"total_modal_vrm_2024\":607970,\"total_modal_upt_2024\":469580}}"},"geometry":{"type":"Point","coordinates":[-94.40975,35.32953]}},{"type":"Feature","properties":{"stop_id":"S 31st St @ Phoenix Ave__35.338524_-94.400377","stop_code":"","stop_name":"S 31st St @ Phoenix Ave","stop_desc":"","zone_id":"","stop_url":"","location_type":"","parent_station":"","stop_timezone":"","wheelchair_boarding":"","feed_id":"Arkansas__City_of_Fort_Smith__mdb_ntd-60086","agency_name":"City of Fort Smith Transit","route_count":1,"route_ids":"Towson","route_short_names":"","route_types":"3","route_type_names":"Bus","routes_json":"[{\"route_id\":\"Towson\",\"route_short_name\":\"\",\"route_long_name\":\"Towson\",\"route_type\":\"3\",\"route_type_name\":\"Bus\",\"route_color\":\"70AD47\",\"route_text_color\":\"000000\"}]","metadata_feed_id":"Arkansas__City_of_Fort_Smith__mdb_ntd-60086","metadata_agency_names":"City of Fort Smith Transit","metadata_ntd_id":"60086","metadata_ntd_match_method":"manual_override","metadata_ntd_agency":"City of Fort Smith, dba: Fort Smith Transit","metadata_ntd_city":"Fort Smith","metadata_ntd_state":"AR","metadata_gtfs_route_count":7,"metadata_gtfs_trip_count":147,"metadata_gtfs_shape_count":15,"metadata_gtfs_stop_count":409,"metadata_ntd_agency_voms":10,"metadata_ntd_total_facilities":4,"metadata_ntd_maintenance_facilities":2,"metadata_ntd_passenger_stations":1,"metadata_tam_tier":"Tier II","metadata_service_area_sq_miles":65,"metadata_service_area_population":86209,"metadata_route_types_json":"{\"3\":7}","metadata_ntd_facilities_json":"{\"maintenance_facilities\":2,\"administrative_and_other_non_passenger_facilities\":1,\"passenger_stations_and_terminals\":1,\"parking_and_other_passenger_facilities\":0,\"total_facilities\":4,\"bus_transfer_centers\":1,\"elevated_fixed_guideway_stations\":0,\"at_grade_fixed_guideway_stations\":0,\"underground_fixed_guideway_stations\":0,\"simple_at_grade_platform_stations\":0,\"exclusive_grade_separated_platform_stations\":0,\"ferryboat_terminals\":0,\"surface_parking_lots\":0,\"parking_structures\":0}","metadata_tam_modes_json":"{\"DR\":{\"total_units_2024\":5,\"units_under_threshold_2024\":0,\"voms_2024\":3,\"total_modal_vrm_2024\":163578,\"total_modal_upt_2024\":19821},\"MB\":{\"total_units_2024\":22,\"units_under_threshold_2024\":0,\"voms_2024\":14,\"total_modal_vrm_2024\":607970,\"total_modal_upt_2024\":469580}}"},"geometry":{"type":"Point","coordinates":[-94.400377,35.338524]}},{"type":"Feature","properties":{"stop_id":"S 31st St @ Quincy St__35.337496_-94.400434","stop_code":"","stop_name":"S 31st St @ Quincy St","stop_desc":"","zone_id":"","stop_url":"","location_type":"","parent_station":"","stop_timezone":"","wheelchair_boarding":"","feed_id":"Arkansas__City_of_Fort_Smith__mdb_ntd-60086","agency_name":"City of Fort Smith Transit","route_count":1,"route_ids":"Towson","route_short_names":"","route_types":"3","route_type_names":"Bus","routes_json":"[{\"route_id\":\"Towson\",\"route_short_name\":\"\",\"route_long_name\":\"Towson\",\"route_type\":\"3\",\"route_type_name\":\"Bus\",\"route_color\":\"70AD47\",\"route_text_color\":\"000000\"}]","metadata_feed_id":"Arkansas__City_of_Fort_Smith__mdb_ntd-60086","metadata_agency_names":"City of Fort Smith Transit","metadata_ntd_id":"60086","metadata_ntd_match_method":"manual_override","metadata_ntd_agency":"City of Fort Smith, dba: Fort Smith Transit","metadata_ntd_city":"Fort Smith","metadata_ntd_state":"AR","metadata_gtfs_route_count":7,"metadata_gtfs_trip_count":147,"metadata_gtfs_shape_count":15,"metadata_gtfs_stop_count":409,"metadata_ntd_agency_voms":10,"metadata_ntd_total_facilities":4,"metadata_ntd_maintenance_facilities":2,"metadata_ntd_passenger_stations":1,"metadata_tam_tier":"Tier II","metadata_service_area_sq_miles":65,"metadata_service_area_population":86209,"metadata_route_types_json":"{\"3\":7}","metadata_ntd_facilities_json":"{\"maintenance_facilities\":2,\"administrative_and_other_non_passenger_facilities\":1,\"passenger_stations_and_terminals\":1,\"parking_and_other_passenger_facilities\":0,\"total_facilities\":4,\"bus_transfer_centers\":1,\"elevated_fixed_guideway_stations\":0,\"at_grade_fixed_guideway_stations\":0,\"underground_fixed_guideway_stations\":0,\"simple_at_grade_platform_stations\":0,\"exclusive_grade_separated_platform_stations\":0,\"ferryboat_terminals\":0,\"surface_parking_lots\":0,\"parking_structures\":0}","metadata_tam_modes_json":"{\"DR\":{\"total_units_2024\":5,\"units_under_threshold_2024\":0,\"voms_2024\":3,\"total_modal_vrm_2024\":163578,\"total_modal_upt_2024\":19821},\"MB\":{\"total_units_2024\":22,\"units_under_threshold_2024\":0,\"voms_2024\":14,\"total_modal_vrm_2024\":607970,\"total_modal_upt_2024\":469580}}"},"geometry":{"type":"Point","coordinates":[-94.400434,35.337496]}},{"type":"Feature","properties":{"stop_id":"S 31st St @ Tulsa St__35.334923_-94.400547","stop_code":"","stop_name":"S 31st St @ Tulsa St","stop_desc":"","zone_id":"","stop_url":"","location_type":"","parent_station":"","stop_timezone":"","wheelchair_boarding":"","feed_id":"Arkansas__City_of_Fort_Smith__mdb_ntd-60086","agency_name":"City of Fort Smith Transit","route_count":1,"route_ids":"Towson","route_short_names":"","route_types":"3","route_type_names":"Bus","routes_json":"[{\"route_id\":\"Towson\",\"route_short_name\":\"\",\"route_long_name\":\"Towson\",\"route_type\":\"3\",\"route_type_name\":\"Bus\",\"route_color\":\"70AD47\",\"route_text_color\":\"000000\"}]","metadata_feed_id":"Arkansas__City_of_Fort_Smith__mdb_ntd-60086","metadata_agency_names":"City of Fort Smith Transit","metadata_ntd_id":"60086","metadata_ntd_match_method":"manual_override","metadata_ntd_agency":"City of Fort Smith, dba: Fort Smith Transit","metadata_ntd_city":"Fort Smith","metadata_ntd_state":"AR","metadata_gtfs_route_count":7,"metadata_gtfs_trip_count":147,"metadata_gtfs_shape_count":15,"metadata_gtfs_stop_count":409,"metadata_ntd_agency_voms":10,"metadata_ntd_total_facilities":4,"metadata_ntd_maintenance_facilities":2,"metadata_ntd_passenger_stations":1,"metadata_tam_tier":"Tier II","metadata_service_area_sq_miles":65,"metadata_service_area_population":86209,"metadata_route_types_json":"{\"3\":7}","metadata_ntd_facilities_json":"{\"maintenance_facilities\":2,\"administrative_and_other_non_passenger_facilities\":1,\"passenger_stations_and_terminals\":1,\"parking_and_other_passenger_facilities\":0,\"total_facilities\":4,\"bus_transfer_centers\":1,\"elevated_fixed_guideway_stations\":0,\"at_grade_fixed_guideway_stations\":0,\"underground_fixed_guideway_stations\":0,\"simple_at_grade_platform_stations\":0,\"exclusive_grade_separated_platform_stations\":0,\"ferryboat_terminals\":0,\"surface_parking_lots\":0,\"parking_structures\":0}","metadata_tam_modes_json":"{\"DR\":{\"total_units_2024\":5,\"units_under_threshold_2024\":0,\"voms_2024\":3,\"total_modal_vrm_2024\":163578,\"total_modal_upt_2024\":19821},\"MB\":{\"total_units_2024\":22,\"units_under_threshold_2024\":0,\"voms_2024\":14,\"total_modal_vrm_2024\":607970,\"total_modal_upt_2024\":469580}}"},"geometry":{"type":"Point","coordinates":[-94.400547,35.334923]}},{"type":"Feature","properties":{"stop_id":"S 31st St @ Vicksburg St__35.332385_-94.400679","stop_code":"","stop_name":"S 31st St @ Vicksburg St","stop_desc":"","zone_id":"","stop_url":"","location_type":"","parent_station":"","stop_timezone":"","wheelchair_boarding":"","feed_id":"Arkansas__City_of_Fort_Smith__mdb_ntd-60086","agency_name":"City of Fort Smith Transit","route_count":1,"route_ids":"Towson","route_short_names":"","route_types":"3","route_type_names":"Bus","routes_json":"[{\"route_id\":\"Towson\",\"route_short_name\":\"\",\"route_long_name\":\"Towson\",\"route_type\":\"3\",\"route_type_name\":\"Bus\",\"route_color\":\"70AD47\",\"route_text_color\":\"000000\"}]","metadata_feed_id":"Arkansas__City_of_Fort_Smith__mdb_ntd-60086","metadata_agency_names":"City of Fort Smith Transit","metadata_ntd_id":"60086","metadata_ntd_match_method":"manual_override","metadata_ntd_agency":"City of Fort Smith, dba: Fort Smith Transit","metadata_ntd_city":"Fort Smith","metadata_ntd_state":"AR","metadata_gtfs_route_count":7,"metadata_gtfs_trip_count":147,"metadata_gtfs_shape_count":15,"metadata_gtfs_stop_count":409,"metadata_ntd_agency_voms":10,"metadata_ntd_total_facilities":4,"metadata_ntd_maintenance_facilities":2,"metadata_ntd_passenger_stations":1,"metadata_tam_tier":"Tier II","metadata_service_area_sq_miles":65,"metadata_service_area_population":86209,"metadata_route_types_json":"{\"3\":7}","metadata_ntd_facilities_json":"{\"maintenance_facilities\":2,\"administrative_and_other_non_passenger_facilities\":1,\"passenger_stations_and_terminals\":1,\"parking_and_other_passenger_facilities\":0,\"total_facilities\":4,\"bus_transfer_centers\":1,\"elevated_fixed_guideway_stations\":0,\"at_grade_fixed_guideway_stations\":0,\"underground_fixed_guideway_stations\":0,\"simple_at_grade_platform_stations\":0,\"exclusive_grade_separated_platform_stations\":0,\"ferryboat_terminals\":0,\"surface_parking_lots\":0,\"parking_structures\":0}","metadata_tam_modes_json":"{\"DR\":{\"total_units_2024\":5,\"units_under_threshold_2024\":0,\"voms_2024\":3,\"total_modal_vrm_2024\":163578,\"total_modal_upt_2024\":19821},\"MB\":{\"total_units_2024\":22,\"units_under_threshold_2024\":0,\"voms_2024\":14,\"total_modal_vrm_2024\":607970,\"total_modal_upt_2024\":469580}}"},"geometry":{"type":"Point","coordinates":[-94.400679,35.332385]}},{"type":"Feature","properties":{"stop_id":"S 5th St @ Parker Ave_S 5th St @ Parker Ave_35.386200_-94.427843","stop_code":"","stop_name":"S 5th St @ Parker Ave","stop_desc":"","zone_id":"","stop_url":"","location_type":"","parent_station":"","stop_timezone":"","wheelchair_boarding":"","feed_id":"Arkansas__City_of_Fort_Smith__mdb_ntd-60086","agency_name":"City of Fort Smith Transit","route_count":1,"route_ids":"Midland","route_short_names":"","route_types":"3","route_type_names":"Bus","routes_json":"[{\"route_id\":\"Midland\",\"route_short_name\":\"\",\"route_long_name\":\"Midland\",\"route_type\":\"3\",\"route_type_name\":\"Bus\",\"route_color\":\"F51414\",\"route_text_color\":\"FFFFFF\"}]","metadata_feed_id":"Arkansas__City_of_Fort_Smith__mdb_ntd-60086","metadata_agency_names":"City of Fort Smith Transit","metadata_ntd_id":"60086","metadata_ntd_match_method":"manual_override","metadata_ntd_agency":"City of Fort Smith, dba: Fort Smith Transit","metadata_ntd_city":"Fort Smith","metadata_ntd_state":"AR","metadata_gtfs_route_count":7,"metadata_gtfs_trip_count":147,"metadata_gtfs_shape_count":15,"metadata_gtfs_stop_count":409,"metadata_ntd_agency_voms":10,"metadata_ntd_total_facilities":4,"metadata_ntd_maintenance_facilities":2,"metadata_ntd_passenger_stations":1,"metadata_tam_tier":"Tier II","metadata_service_area_sq_miles":65,"metadata_service_area_population":86209,"metadata_route_types_json":"{\"3\":7}","metadata_ntd_facilities_json":"{\"maintenance_facilities\":2,\"administrative_and_other_non_passenger_facilities\":1,\"passenger_stations_and_terminals\":1,\"parking_and_other_passenger_facilities\":0,\"total_facilities\":4,\"bus_transfer_centers\":1,\"elevated_fixed_guideway_stations\":0,\"at_grade_fixed_guideway_stations\":0,\"underground_fixed_guideway_stations\":0,\"simple_at_grade_platform_stations\":0,\"exclusive_grade_separated_platform_stations\":0,\"ferryboat_terminals\":0,\"surface_parking_lots\":0,\"parking_structures\":0}","metadata_tam_modes_json":"{\"DR\":{\"total_units_2024\":5,\"units_under_threshold_2024\":0,\"voms_2024\":3,\"total_modal_vrm_2024\":163578,\"total_modal_upt_2024\":19821},\"MB\":{\"total_units_2024\":22,\"units_under_threshold_2024\":0,\"voms_2024\":14,\"total_modal_vrm_2024\":607970,\"total_modal_upt_2024\":469580}}"},"geometry":{"type":"Point","coordinates":[-94.427843,35.3862]}},{"type":"Feature","properties":{"stop_id":"S 6th St @ Parker Ave__35.385548_-94.426938","stop_code":"","stop_name":"S 6th St @ Parker Ave","stop_desc":"","zone_id":"","stop_url":"","location_type":"","parent_station":"","stop_timezone":"","wheelchair_boarding":"","feed_id":"Arkansas__City_of_Fort_Smith__mdb_ntd-60086","agency_name":"City of Fort Smith Transit","route_count":1,"route_ids":"Shuttle","route_short_names":"","route_types":"3","route_type_names":"Bus","routes_json":"[{\"route_id\":\"Shuttle\",\"route_short_name\":\"\",\"route_long_name\":\"Shuttle\",\"route_type\":\"3\",\"route_type_name\":\"Bus\",\"route_color\":\"000000\",\"route_text_color\":\"FFFFFF\"}]","metadata_feed_id":"Arkansas__City_of_Fort_Smith__mdb_ntd-60086","metadata_agency_names":"City of Fort Smith Transit","metadata_ntd_id":"60086","metadata_ntd_match_method":"manual_override","metadata_ntd_agency":"City of Fort Smith, dba: Fort Smith Transit","metadata_ntd_city":"Fort Smith","metadata_ntd_state":"AR","metadata_gtfs_route_count":7,"metadata_gtfs_trip_count":147,"metadata_gtfs_shape_count":15,"metadata_gtfs_stop_count":409,"metadata_ntd_agency_voms":10,"metadata_ntd_total_facilities":4,"metadata_ntd_maintenance_facilities":2,"metadata_ntd_passenger_stations":1,"metadata_tam_tier":"Tier II","metadata_service_area_sq_miles":65,"metadata_service_area_population":86209,"metadata_route_types_json":"{\"3\":7}","metadata_ntd_facilities_json":"{\"maintenance_facilities\":2,\"administrative_and_other_non_passenger_facilities\":1,\"passenger_stations_and_terminals\":1,\"parking_and_other_passenger_facilities\":0,\"total_facilities\":4,\"bus_transfer_centers\":1,\"elevated_fixed_guideway_stations\":0,\"at_grade_fixed_guideway_stations\":0,\"underground_fixed_guideway_stations\":0,\"simple_at_grade_platform_stations\":0,\"exclusive_grade_separated_platform_stations\":0,\"ferryboat_terminals\":0,\"surface_parking_lots\":0,\"parking_structures\":0}","metadata_tam_modes_json":"{\"DR\":{\"total_units_2024\":5,\"units_under_threshold_2024\":0,\"voms_2024\":3,\"total_modal_vrm_2024\":163578,\"total_modal_upt_2024\":19821},\"MB\":{\"total_units_2024\":22,\"units_under_threshold_2024\":0,\"voms_2024\":14,\"total_modal_vrm_2024\":607970,\"total_modal_upt_2024\":469580}}"},"geometry":{"type":"Point","coordinates":[-94.426938,35.385548]}},{"type":"Feature","properties":{"stop_id":"S 6th St @ Parker Ave - EastWest_S 6th St @ Parker Ave_35.385618_-94.426802","stop_code":"","stop_name":"S 6th St @ Parker Ave - EastWest","stop_desc":"","zone_id":"","stop_url":"","location_type":"","parent_station":"","stop_timezone":"","wheelchair_boarding":"","feed_id":"Arkansas__City_of_Fort_Smith__mdb_ntd-60086","agency_name":"City of Fort Smith Transit","route_count":2,"route_ids":"Grand|Rogers Express","route_short_names":"","route_types":"3","route_type_names":"Bus","routes_json":"[{\"route_id\":\"Grand\",\"route_short_name\":\"\",\"route_long_name\":\"Grand\",\"route_type\":\"3\",\"route_type_name\":\"Bus\",\"route_color\":\"FFD700\",\"route_text_color\":\"000000\"},{\"route_id\":\"Rogers Express\",\"route_short_name\":\"\",\"route_long_name\":\"Rogers Express\",\"route_type\":\"3\",\"route_type_name\":\"Bus\",\"route_color\":\"4472C4\",\"route_text_color\":\"FFFFFF\"}]","metadata_feed_id":"Arkansas__City_of_Fort_Smith__mdb_ntd-60086","metadata_agency_names":"City of Fort Smith Transit","metadata_ntd_id":"60086","metadata_ntd_match_method":"manual_override","metadata_ntd_agency":"City of Fort Smith, dba: Fort Smith Transit","metadata_ntd_city":"Fort Smith","metadata_ntd_state":"AR","metadata_gtfs_route_count":7,"metadata_gtfs_trip_count":147,"metadata_gtfs_shape_count":15,"metadata_gtfs_stop_count":409,"metadata_ntd_agency_voms":10,"metadata_ntd_total_facilities":4,"metadata_ntd_maintenance_facilities":2,"metadata_ntd_passenger_stations":1,"metadata_tam_tier":"Tier II","metadata_service_area_sq_miles":65,"metadata_service_area_population":86209,"metadata_route_types_json":"{\"3\":7}","metadata_ntd_facilities_json":"{\"maintenance_facilities\":2,\"administrative_and_other_non_passenger_facilities\":1,\"passenger_stations_and_terminals\":1,\"parking_and_other_passenger_facilities\":0,\"total_facilities\":4,\"bus_transfer_centers\":1,\"elevated_fixed_guideway_stations\":0,\"at_grade_fixed_guideway_stations\":0,\"underground_fixed_guideway_stations\":0,\"simple_at_grade_platform_stations\":0,\"exclusive_grade_separated_platform_stations\":0,\"ferryboat_terminals\":0,\"surface_parking_lots\":0,\"parking_structures\":0}","metadata_tam_modes_json":"{\"DR\":{\"total_units_2024\":5,\"units_under_threshold_2024\":0,\"voms_2024\":3,\"total_modal_vrm_2024\":163578,\"total_modal_upt_2024\":19821},\"MB\":{\"total_units_2024\":22,\"units_under_threshold_2024\":0,\"voms_2024\":14,\"total_modal_vrm_2024\":607970,\"total_modal_upt_2024\":469580}}"},"geometry":{"type":"Point","coordinates":[-94.426802,35.385618]}},{"type":"Feature","properties":{"stop_id":"S 74th St @ Madison Ave_S 74th St @ Madison Ave_35.347671_-94.351194","stop_code":"","stop_name":"S 74th St @ Madison Ave","stop_desc":"","zone_id":"","stop_url":"","location_type":"","parent_station":"","stop_timezone":"","wheelchair_boarding":"","feed_id":"Arkansas__City_of_Fort_Smith__mdb_ntd-60086","agency_name":"City of Fort Smith Transit","route_count":1,"route_ids":"Rogers Supercenter","route_short_names":"","route_types":"3","route_type_names":"Bus","routes_json":"[{\"route_id\":\"Rogers Supercenter\",\"route_short_name\":\"\",\"route_long_name\":\"Rogers Supercenter\",\"route_type\":\"3\",\"route_type_name\":\"Bus\",\"route_color\":\"F98E10\",\"route_text_color\":\"000000\"}]","metadata_feed_id":"Arkansas__City_of_Fort_Smith__mdb_ntd-60086","metadata_agency_names":"City of Fort Smith Transit","metadata_ntd_id":"60086","metadata_ntd_match_method":"manual_override","metadata_ntd_agency":"City of Fort Smith, dba: Fort Smith Transit","metadata_ntd_city":"Fort Smith","metadata_ntd_state":"AR","metadata_gtfs_route_count":7,"metadata_gtfs_trip_count":147,"metadata_gtfs_shape_count":15,"metadata_gtfs_stop_count":409,"metadata_ntd_agency_voms":10,"metadata_ntd_total_facilities":4,"metadata_ntd_maintenance_facilities":2,"metadata_ntd_passenger_stations":1,"metadata_tam_tier":"Tier II","metadata_service_area_sq_miles":65,"metadata_service_area_population":86209,"metadata_route_types_json":"{\"3\":7}","metadata_ntd_facilities_json":"{\"maintenance_facilities\":2,\"administrative_and_other_non_passenger_facilities\":1,\"passenger_stations_and_terminals\":1,\"parking_and_other_passenger_facilities\":0,\"total_facilities\":4,\"bus_transfer_centers\":1,\"elevated_fixed_guideway_stations\":0,\"at_grade_fixed_guideway_stations\":0,\"underground_fixed_guideway_stations\":0,\"simple_at_grade_platform_stations\":0,\"exclusive_grade_separated_platform_stations\":0,\"ferryboat_terminals\":0,\"surface_parking_lots\":0,\"parking_structures\":0}","metadata_tam_modes_json":"{\"DR\":{\"total_units_2024\":5,\"units_under_threshold_2024\":0,\"voms_2024\":3,\"total_modal_vrm_2024\":163578,\"total_modal_upt_2024\":19821},\"MB\":{\"total_units_2024\":22,\"units_under_threshold_2024\":0,\"voms_2024\":14,\"total_modal_vrm_2024\":607970,\"total_modal_upt_2024\":469580}}"},"geometry":{"type":"Point","coordinates":[-94.351194,35.347671]}},{"type":"Feature","properties":{"stop_id":"S 74th St @ Rogers Ave_S 74th St @ Rogers Ave_35.352819_-94.351068","stop_code":"","stop_name":"S 74th St @ Rogers Ave","stop_desc":"","zone_id":"","stop_url":"","location_type":"","parent_station":"","stop_timezone":"","wheelchair_boarding":"","feed_id":"Arkansas__City_of_Fort_Smith__mdb_ntd-60086","agency_name":"City of Fort Smith Transit","route_count":1,"route_ids":"Rogers Supercenter","route_short_names":"","route_types":"3","route_type_names":"Bus","routes_json":"[{\"route_id\":\"Rogers Supercenter\",\"route_short_name\":\"\",\"route_long_name\":\"Rogers Supercenter\",\"route_type\":\"3\",\"route_type_name\":\"Bus\",\"route_color\":\"F98E10\",\"route_text_color\":\"000000\"}]","metadata_feed_id":"Arkansas__City_of_Fort_Smith__mdb_ntd-60086","metadata_agency_names":"City of Fort Smith Transit","metadata_ntd_id":"60086","metadata_ntd_match_method":"manual_override","metadata_ntd_agency":"City of Fort Smith, dba: Fort Smith Transit","metadata_ntd_city":"Fort Smith","metadata_ntd_state":"AR","metadata_gtfs_route_count":7,"metadata_gtfs_trip_count":147,"metadata_gtfs_shape_count":15,"metadata_gtfs_stop_count":409,"metadata_ntd_agency_voms":10,"metadata_ntd_total_facilities":4,"metadata_ntd_maintenance_facilities":2,"metadata_ntd_passenger_stations":1,"metadata_tam_tier":"Tier II","metadata_service_area_sq_miles":65,"metadata_service_area_population":86209,"metadata_route_types_json":"{\"3\":7}","metadata_ntd_facilities_json":"{\"maintenance_facilities\":2,\"administrative_and_other_non_passenger_facilities\":1,\"passenger_stations_and_terminals\":1,\"parking_and_other_passenger_facilities\":0,\"total_facilities\":4,\"bus_transfer_centers\":1,\"elevated_fixed_guideway_stations\":0,\"at_grade_fixed_guideway_stations\":0,\"underground_fixed_guideway_stations\":0,\"simple_at_grade_platform_stations\":0,\"exclusive_grade_separated_platform_stations\":0,\"ferryboat_terminals\":0,\"surface_parking_lots\":0,\"parking_structures\":0}","metadata_tam_modes_json":"{\"DR\":{\"total_units_2024\":5,\"units_under_threshold_2024\":0,\"voms_2024\":3,\"total_modal_vrm_2024\":163578,\"total_modal_upt_2024\":19821},\"MB\":{\"total_units_2024\":22,\"units_under_threshold_2024\":0,\"voms_2024\":14,\"total_modal_vrm_2024\":607970,\"total_modal_upt_2024\":469580}}"},"geometry":{"type":"Point","coordinates":[-94.351068,35.352819]}},{"type":"Feature","properties":{"stop_id":"S 9th St @ Rogers Ave__35.384562_-94.423392","stop_code":"","stop_name":"S 9th St @ Rogers Ave","stop_desc":"","zone_id":"","stop_url":"","location_type":"","parent_station":"","stop_timezone":"","wheelchair_boarding":"","feed_id":"Arkansas__City_of_Fort_Smith__mdb_ntd-60086","agency_name":"City of Fort Smith Transit","route_count":1,"route_ids":"Grand","route_short_names":"","route_types":"3","route_type_names":"Bus","routes_json":"[{\"route_id\":\"Grand\",\"route_short_name\":\"\",\"route_long_name\":\"Grand\",\"route_type\":\"3\",\"route_type_name\":\"Bus\",\"route_color\":\"FFD700\",\"route_text_color\":\"000000\"}]","metadata_feed_id":"Arkansas__City_of_Fort_Smith__mdb_ntd-60086","metadata_agency_names":"City of Fort Smith Transit","metadata_ntd_id":"60086","metadata_ntd_match_method":"manual_override","metadata_ntd_agency":"City of Fort Smith, dba: Fort Smith Transit","metadata_ntd_city":"Fort Smith","metadata_ntd_state":"AR","metadata_gtfs_route_count":7,"metadata_gtfs_trip_count":147,"metadata_gtfs_shape_count":15,"metadata_gtfs_stop_count":409,"metadata_ntd_agency_voms":10,"metadata_ntd_total_facilities":4,"metadata_ntd_maintenance_facilities":2,"metadata_ntd_passenger_stations":1,"metadata_tam_tier":"Tier II","metadata_service_area_sq_miles":65,"metadata_service_area_population":86209,"metadata_route_types_json":"{\"3\":7}","metadata_ntd_facilities_json":"{\"maintenance_facilities\":2,\"administrative_and_other_non_passenger_facilities\":1,\"passenger_stations_and_terminals\":1,\"parking_and_other_passenger_facilities\":0,\"total_facilities\":4,\"bus_transfer_centers\":1,\"elevated_fixed_guideway_stations\":0,\"at_grade_fixed_guideway_stations\":0,\"underground_fixed_guideway_stations\":0,\"simple_at_grade_platform_stations\":0,\"exclusive_grade_separated_platform_stations\":0,\"ferryboat_terminals\":0,\"surface_parking_lots\":0,\"parking_structures\":0}","metadata_tam_modes_json":"{\"DR\":{\"total_units_2024\":5,\"units_under_threshold_2024\":0,\"voms_2024\":3,\"total_modal_vrm_2024\":163578,\"total_modal_upt_2024\":19821},\"MB\":{\"total_units_2024\":22,\"units_under_threshold_2024\":0,\"voms_2024\":14,\"total_modal_vrm_2024\":607970,\"total_modal_upt_2024\":469580}}"},"geometry":{"type":"Point","coordinates":[-94.423392,35.384562]}},{"type":"Feature","properties":{"stop_id":"S B St @ 9th St_S B St @ 9th St_35.381313_-94.424625","stop_code":"","stop_name":"S B St @ 9th St","stop_desc":"","zone_id":"","stop_url":"","location_type":"","parent_station":"","stop_timezone":"","wheelchair_boarding":"","feed_id":"Arkansas__City_of_Fort_Smith__mdb_ntd-60086","agency_name":"City of Fort Smith Transit","route_count":4,"route_ids":"Jenny Lind|Midland|Shuttle|Towson","route_short_names":"","route_types":"3","route_type_names":"Bus","routes_json":"[{\"route_id\":\"Jenny Lind\",\"route_short_name\":\"\",\"route_long_name\":\"Jenny Lind\",\"route_type\":\"3\",\"route_type_name\":\"Bus\",\"route_color\":\"8E00FF\",\"route_text_color\":\"FFFFFF\"},{\"route_id\":\"Midland\",\"route_short_name\":\"\",\"route_long_name\":\"Midland\",\"route_type\":\"3\",\"route_type_name\":\"Bus\",\"route_color\":\"F51414\",\"route_text_color\":\"FFFFFF\"},{\"route_id\":\"Shuttle\",\"route_short_name\":\"\",\"route_long_name\":\"Shuttle\",\"route_type\":\"3\",\"route_type_name\":\"Bus\",\"route_color\":\"000000\",\"route_text_color\":\"FFFFFF\"},{\"route_id\":\"Towson\",\"route_short_name\":\"\",\"route_long_name\":\"Towson\",\"route_type\":\"3\",\"route_type_name\":\"Bus\",\"route_color\":\"70AD47\",\"route_text_color\":\"000000\"}]","metadata_feed_id":"Arkansas__City_of_Fort_Smith__mdb_ntd-60086","metadata_agency_names":"City of Fort Smith Transit","metadata_ntd_id":"60086","metadata_ntd_match_method":"manual_override","metadata_ntd_agency":"City of Fort Smith, dba: Fort Smith Transit","metadata_ntd_city":"Fort Smith","metadata_ntd_state":"AR","metadata_gtfs_route_count":7,"metadata_gtfs_trip_count":147,"metadata_gtfs_shape_count":15,"metadata_gtfs_stop_count":409,"metadata_ntd_agency_voms":10,"metadata_ntd_total_facilities":4,"metadata_ntd_maintenance_facilities":2,"metadata_ntd_passenger_stations":1,"metadata_tam_tier":"Tier II","metadata_service_area_sq_miles":65,"metadata_service_area_population":86209,"metadata_route_types_json":"{\"3\":7}","metadata_ntd_facilities_json":"{\"maintenance_facilities\":2,\"administrative_and_other_non_passenger_facilities\":1,\"passenger_stations_and_terminals\":1,\"parking_and_other_passenger_facilities\":0,\"total_facilities\":4,\"bus_transfer_centers\":1,\"elevated_fixed_guideway_stations\":0,\"at_grade_fixed_guideway_stations\":0,\"underground_fixed_guideway_stations\":0,\"simple_at_grade_platform_stations\":0,\"exclusive_grade_separated_platform_stations\":0,\"ferryboat_terminals\":0,\"surface_parking_lots\":0,\"parking_structures\":0}","metadata_tam_modes_json":"{\"DR\":{\"total_units_2024\":5,\"units_under_threshold_2024\":0,\"voms_2024\":3,\"total_modal_vrm_2024\":163578,\"total_modal_upt_2024\":19821},\"MB\":{\"total_units_2024\":22,\"units_under_threshold_2024\":0,\"voms_2024\":14,\"total_modal_vrm_2024\":607970,\"total_modal_upt_2024\":469580}}"},"geometry":{"type":"Point","coordinates":[-94.424625,35.381313]}},{"type":"Feature","properties":{"stop_id":"S B St @ S 11th St__35.381250_-94.422290","stop_code":"","stop_name":"S B St @ S 11th St","stop_desc":"","zone_id":"","stop_url":"","location_type":"","parent_station":"","stop_timezone":"","wheelchair_boarding":"","feed_id":"Arkansas__City_of_Fort_Smith__mdb_ntd-60086","agency_name":"City of Fort Smith Transit","route_count":2,"route_ids":"Shuttle|Towson","route_short_names":"","route_types":"3","route_type_names":"Bus","routes_json":"[{\"route_id\":\"Shuttle\",\"route_short_name\":\"\",\"route_long_name\":\"Shuttle\",\"route_type\":\"3\",\"route_type_name\":\"Bus\",\"route_color\":\"000000\",\"route_text_color\":\"FFFFFF\"},{\"route_id\":\"Towson\",\"route_short_name\":\"\",\"route_long_name\":\"Towson\",\"route_type\":\"3\",\"route_type_name\":\"Bus\",\"route_color\":\"70AD47\",\"route_text_color\":\"000000\"}]","metadata_feed_id":"Arkansas__City_of_Fort_Smith__mdb_ntd-60086","metadata_agency_names":"City of Fort Smith Transit","metadata_ntd_id":"60086","metadata_ntd_match_method":"manual_override","metadata_ntd_agency":"City of Fort Smith, dba: Fort Smith Transit","metadata_ntd_city":"Fort Smith","metadata_ntd_state":"AR","metadata_gtfs_route_count":7,"metadata_gtfs_trip_count":147,"metadata_gtfs_shape_count":15,"metadata_gtfs_stop_count":409,"metadata_ntd_agency_voms":10,"metadata_ntd_total_facilities":4,"metadata_ntd_maintenance_facilities":2,"metadata_ntd_passenger_stations":1,"metadata_tam_tier":"Tier II","metadata_service_area_sq_miles":65,"metadata_service_area_population":86209,"metadata_route_types_json":"{\"3\":7}","metadata_ntd_facilities_json":"{\"maintenance_facilities\":2,\"administrative_and_other_non_passenger_facilities\":1,\"passenger_stations_and_terminals\":1,\"parking_and_other_passenger_facilities\":0,\"total_facilities\":4,\"bus_transfer_centers\":1,\"elevated_fixed_guideway_stations\":0,\"at_grade_fixed_guideway_stations\":0,\"underground_fixed_guideway_stations\":0,\"simple_at_grade_platform_stations\":0,\"exclusive_grade_separated_platform_stations\":0,\"ferryboat_terminals\":0,\"surface_parking_lots\":0,\"parking_structures\":0}","metadata_tam_modes_json":"{\"DR\":{\"total_units_2024\":5,\"units_under_threshold_2024\":0,\"voms_2024\":3,\"total_modal_vrm_2024\":163578,\"total_modal_upt_2024\":19821},\"MB\":{\"total_units_2024\":22,\"units_under_threshold_2024\":0,\"voms_2024\":14,\"total_modal_vrm_2024\":607970,\"total_modal_upt_2024\":469580}}"},"geometry":{"type":"Point","coordinates":[-94.42229,35.38125]}},{"type":"Feature","properties":{"stop_id":"S D St @ Towson Ave__35.379328_-94.421162","stop_code":"","stop_name":"S D St @ Towson Ave","stop_desc":"","zone_id":"","stop_url":"","location_type":"","parent_station":"","stop_timezone":"","wheelchair_boarding":"","feed_id":"Arkansas__City_of_Fort_Smith__mdb_ntd-60086","agency_name":"City of Fort Smith Transit","route_count":1,"route_ids":"Towson","route_short_names":"","route_types":"3","route_type_names":"Bus","routes_json":"[{\"route_id\":\"Towson\",\"route_short_name\":\"\",\"route_long_name\":\"Towson\",\"route_type\":\"3\",\"route_type_name\":\"Bus\",\"route_color\":\"70AD47\",\"route_text_color\":\"000000\"}]","metadata_feed_id":"Arkansas__City_of_Fort_Smith__mdb_ntd-60086","metadata_agency_names":"City of Fort Smith Transit","metadata_ntd_id":"60086","metadata_ntd_match_method":"manual_override","metadata_ntd_agency":"City of Fort Smith, dba: Fort Smith Transit","metadata_ntd_city":"Fort Smith","metadata_ntd_state":"AR","metadata_gtfs_route_count":7,"metadata_gtfs_trip_count":147,"metadata_gtfs_shape_count":15,"metadata_gtfs_stop_count":409,"metadata_ntd_agency_voms":10,"metadata_ntd_total_facilities":4,"metadata_ntd_maintenance_facilities":2,"metadata_ntd_passenger_stations":1,"metadata_tam_tier":"Tier II","metadata_service_area_sq_miles":65,"metadata_service_area_population":86209,"metadata_route_types_json":"{\"3\":7}","metadata_ntd_facilities_json":"{\"maintenance_facilities\":2,\"administrative_and_other_non_passenger_facilities\":1,\"passenger_stations_and_terminals\":1,\"parking_and_other_passenger_facilities\":0,\"total_facilities\":4,\"bus_transfer_centers\":1,\"elevated_fixed_guideway_stations\":0,\"at_grade_fixed_guideway_stations\":0,\"underground_fixed_guideway_stations\":0,\"simple_at_grade_platform_stations\":0,\"exclusive_grade_separated_platform_stations\":0,\"ferryboat_terminals\":0,\"surface_parking_lots\":0,\"parking_structures\":0}","metadata_tam_modes_json":"{\"DR\":{\"total_units_2024\":5,\"units_under_threshold_2024\":0,\"voms_2024\":3,\"total_modal_vrm_2024\":163578,\"total_modal_upt_2024\":19821},\"MB\":{\"total_units_2024\":22,\"units_under_threshold_2024\":0,\"voms_2024\":14,\"total_modal_vrm_2024\":607970,\"total_modal_upt_2024\":469580}}"},"geometry":{"type":"Point","coordinates":[-94.421162,35.379328]}},{"type":"Feature","properties":{"stop_id":"S G St @ Lexington Ave__35.376318_-94.417731","stop_code":"","stop_name":"S G St @ Lexington Ave","stop_desc":"","zone_id":"","stop_url":"","location_type":"","parent_station":"","stop_timezone":"","wheelchair_boarding":"","feed_id":"Arkansas__City_of_Fort_Smith__mdb_ntd-60086","agency_name":"City of Fort Smith Transit","route_count":2,"route_ids":"Jenny Lind|Towson","route_short_names":"","route_types":"3","route_type_names":"Bus","routes_json":"[{\"route_id\":\"Jenny Lind\",\"route_short_name\":\"\",\"route_long_name\":\"Jenny Lind\",\"route_type\":\"3\",\"route_type_name\":\"Bus\",\"route_color\":\"8E00FF\",\"route_text_color\":\"FFFFFF\"},{\"route_id\":\"Towson\",\"route_short_name\":\"\",\"route_long_name\":\"Towson\",\"route_type\":\"3\",\"route_type_name\":\"Bus\",\"route_color\":\"70AD47\",\"route_text_color\":\"000000\"}]","metadata_feed_id":"Arkansas__City_of_Fort_Smith__mdb_ntd-60086","metadata_agency_names":"City of Fort Smith Transit","metadata_ntd_id":"60086","metadata_ntd_match_method":"manual_override","metadata_ntd_agency":"City of Fort Smith, dba: Fort Smith Transit","metadata_ntd_city":"Fort Smith","metadata_ntd_state":"AR","metadata_gtfs_route_count":7,"metadata_gtfs_trip_count":147,"metadata_gtfs_shape_count":15,"metadata_gtfs_stop_count":409,"metadata_ntd_agency_voms":10,"metadata_ntd_total_facilities":4,"metadata_ntd_maintenance_facilities":2,"metadata_ntd_passenger_stations":1,"metadata_tam_tier":"Tier II","metadata_service_area_sq_miles":65,"metadata_service_area_population":86209,"metadata_route_types_json":"{\"3\":7}","metadata_ntd_facilities_json":"{\"maintenance_facilities\":2,\"administrative_and_other_non_passenger_facilities\":1,\"passenger_stations_and_terminals\":1,\"parking_and_other_passenger_facilities\":0,\"total_facilities\":4,\"bus_transfer_centers\":1,\"elevated_fixed_guideway_stations\":0,\"at_grade_fixed_guideway_stations\":0,\"underground_fixed_guideway_stations\":0,\"simple_at_grade_platform_stations\":0,\"exclusive_grade_separated_platform_stations\":0,\"ferryboat_terminals\":0,\"surface_parking_lots\":0,\"parking_structures\":0}","metadata_tam_modes_json":"{\"DR\":{\"total_units_2024\":5,\"units_under_threshold_2024\":0,\"voms_2024\":3,\"total_modal_vrm_2024\":163578,\"total_modal_upt_2024\":19821},\"MB\":{\"total_units_2024\":22,\"units_under_threshold_2024\":0,\"voms_2024\":14,\"total_modal_vrm_2024\":607970,\"total_modal_upt_2024\":469580}}"},"geometry":{"type":"Point","coordinates":[-94.417731,35.376318]}},{"type":"Feature","properties":{"stop_id":"S G St @ S 12th St_S G St @ S 12th St_35.376372_-94.420062","stop_code":"","stop_name":"S G St @ S 12th St","stop_desc":"","zone_id":"","stop_url":"","location_type":"","parent_station":"","stop_timezone":"","wheelchair_boarding":"","feed_id":"Arkansas__City_of_Fort_Smith__mdb_ntd-60086","agency_name":"City of Fort Smith Transit","route_count":1,"route_ids":"Shuttle","route_short_names":"","route_types":"3","route_type_names":"Bus","routes_json":"[{\"route_id\":\"Shuttle\",\"route_short_name\":\"\",\"route_long_name\":\"Shuttle\",\"route_type\":\"3\",\"route_type_name\":\"Bus\",\"route_color\":\"000000\",\"route_text_color\":\"FFFFFF\"}]","metadata_feed_id":"Arkansas__City_of_Fort_Smith__mdb_ntd-60086","metadata_agency_names":"City of Fort Smith Transit","metadata_ntd_id":"60086","metadata_ntd_match_method":"manual_override","metadata_ntd_agency":"City of Fort Smith, dba: Fort Smith Transit","metadata_ntd_city":"Fort Smith","metadata_ntd_state":"AR","metadata_gtfs_route_count":7,"metadata_gtfs_trip_count":147,"metadata_gtfs_shape_count":15,"metadata_gtfs_stop_count":409,"metadata_ntd_agency_voms":10,"metadata_ntd_total_facilities":4,"metadata_ntd_maintenance_facilities":2,"metadata_ntd_passenger_stations":1,"metadata_tam_tier":"Tier II","metadata_service_area_sq_miles":65,"metadata_service_area_population":86209,"metadata_route_types_json":"{\"3\":7}","metadata_ntd_facilities_json":"{\"maintenance_facilities\":2,\"administrative_and_other_non_passenger_facilities\":1,\"passenger_stations_and_terminals\":1,\"parking_and_other_passenger_facilities\":0,\"total_facilities\":4,\"bus_transfer_centers\":1,\"elevated_fixed_guideway_stations\":0,\"at_grade_fixed_guideway_stations\":0,\"underground_fixed_guideway_stations\":0,\"simple_at_grade_platform_stations\":0,\"exclusive_grade_separated_platform_stations\":0,\"ferryboat_terminals\":0,\"surface_parking_lots\":0,\"parking_structures\":0}","metadata_tam_modes_json":"{\"DR\":{\"total_units_2024\":5,\"units_under_threshold_2024\":0,\"voms_2024\":3,\"total_modal_vrm_2024\":163578,\"total_modal_upt_2024\":19821},\"MB\":{\"total_units_2024\":22,\"units_under_threshold_2024\":0,\"voms_2024\":14,\"total_modal_vrm_2024\":607970,\"total_modal_upt_2024\":469580}}"},"geometry":{"type":"Point","coordinates":[-94.420062,35.376372]}},{"type":"Feature","properties":{"stop_id":"S Savannah St @ S 24th St__35.336022_-94.409425","stop_code":"","stop_name":"S Savannah St @ S 24th St","stop_desc":"","zone_id":"","stop_url":"","location_type":"","parent_station":"","stop_timezone":"","wheelchair_boarding":"","feed_id":"Arkansas__City_of_Fort_Smith__mdb_ntd-60086","agency_name":"City of Fort Smith Transit","route_count":2,"route_ids":"Jenny Lind|Towson","route_short_names":"","route_types":"3","route_type_names":"Bus","routes_json":"[{\"route_id\":\"Jenny Lind\",\"route_short_name\":\"\",\"route_long_name\":\"Jenny Lind\",\"route_type\":\"3\",\"route_type_name\":\"Bus\",\"route_color\":\"8E00FF\",\"route_text_color\":\"FFFFFF\"},{\"route_id\":\"Towson\",\"route_short_name\":\"\",\"route_long_name\":\"Towson\",\"route_type\":\"3\",\"route_type_name\":\"Bus\",\"route_color\":\"70AD47\",\"route_text_color\":\"000000\"}]","metadata_feed_id":"Arkansas__City_of_Fort_Smith__mdb_ntd-60086","metadata_agency_names":"City of Fort Smith Transit","metadata_ntd_id":"60086","metadata_ntd_match_method":"manual_override","metadata_ntd_agency":"City of Fort Smith, dba: Fort Smith Transit","metadata_ntd_city":"Fort Smith","metadata_ntd_state":"AR","metadata_gtfs_route_count":7,"metadata_gtfs_trip_count":147,"metadata_gtfs_shape_count":15,"metadata_gtfs_stop_count":409,"metadata_ntd_agency_voms":10,"metadata_ntd_total_facilities":4,"metadata_ntd_maintenance_facilities":2,"metadata_ntd_passenger_stations":1,"metadata_tam_tier":"Tier II","metadata_service_area_sq_miles":65,"metadata_service_area_population":86209,"metadata_route_types_json":"{\"3\":7}","metadata_ntd_facilities_json":"{\"maintenance_facilities\":2,\"administrative_and_other_non_passenger_facilities\":1,\"passenger_stations_and_terminals\":1,\"parking_and_other_passenger_facilities\":0,\"total_facilities\":4,\"bus_transfer_centers\":1,\"elevated_fixed_guideway_stations\":0,\"at_grade_fixed_guideway_stations\":0,\"underground_fixed_guideway_stations\":0,\"simple_at_grade_platform_stations\":0,\"exclusive_grade_separated_platform_stations\":0,\"ferryboat_terminals\":0,\"surface_parking_lots\":0,\"parking_structures\":0}","metadata_tam_modes_json":"{\"DR\":{\"total_units_2024\":5,\"units_under_threshold_2024\":0,\"voms_2024\":3,\"total_modal_vrm_2024\":163578,\"total_modal_upt_2024\":19821},\"MB\":{\"total_units_2024\":22,\"units_under_threshold_2024\":0,\"voms_2024\":14,\"total_modal_vrm_2024\":607970,\"total_modal_upt_2024\":469580}}"},"geometry":{"type":"Point","coordinates":[-94.409425,35.336022]}},{"type":"Feature","properties":{"stop_id":"S Waldron Rd @ Ellsworth Rd_S Waldron Rd @ Ellsworth Rd_35.366130_-94.372821","stop_code":"","stop_name":"S Waldron Rd @ Ellsworth Rd","stop_desc":"","zone_id":"","stop_url":"","location_type":"","parent_station":"","stop_timezone":"","wheelchair_boarding":"","feed_id":"Arkansas__City_of_Fort_Smith__mdb_ntd-60086","agency_name":"City of Fort Smith Transit","route_count":1,"route_ids":"Rogers Supercenter","route_short_names":"","route_types":"3","route_type_names":"Bus","routes_json":"[{\"route_id\":\"Rogers Supercenter\",\"route_short_name\":\"\",\"route_long_name\":\"Rogers Supercenter\",\"route_type\":\"3\",\"route_type_name\":\"Bus\",\"route_color\":\"F98E10\",\"route_text_color\":\"000000\"}]","metadata_feed_id":"Arkansas__City_of_Fort_Smith__mdb_ntd-60086","metadata_agency_names":"City of Fort Smith Transit","metadata_ntd_id":"60086","metadata_ntd_match_method":"manual_override","metadata_ntd_agency":"City of Fort Smith, dba: Fort Smith Transit","metadata_ntd_city":"Fort Smith","metadata_ntd_state":"AR","metadata_gtfs_route_count":7,"metadata_gtfs_trip_count":147,"metadata_gtfs_shape_count":15,"metadata_gtfs_stop_count":409,"metadata_ntd_agency_voms":10,"metadata_ntd_total_facilities":4,"metadata_ntd_maintenance_facilities":2,"metadata_ntd_passenger_stations":1,"metadata_tam_tier":"Tier II","metadata_service_area_sq_miles":65,"metadata_service_area_population":86209,"metadata_route_types_json":"{\"3\":7}","metadata_ntd_facilities_json":"{\"maintenance_facilities\":2,\"administrative_and_other_non_passenger_facilities\":1,\"passenger_stations_and_terminals\":1,\"parking_and_other_passenger_facilities\":0,\"total_facilities\":4,\"bus_transfer_centers\":1,\"elevated_fixed_guideway_stations\":0,\"at_grade_fixed_guideway_stations\":0,\"underground_fixed_guideway_stations\":0,\"simple_at_grade_platform_stations\":0,\"exclusive_grade_separated_platform_stations\":0,\"ferryboat_terminals\":0,\"surface_parking_lots\":0,\"parking_structures\":0}","metadata_tam_modes_json":"{\"DR\":{\"total_units_2024\":5,\"units_under_threshold_2024\":0,\"voms_2024\":3,\"total_modal_vrm_2024\":163578,\"total_modal_upt_2024\":19821},\"MB\":{\"total_units_2024\":22,\"units_under_threshold_2024\":0,\"voms_2024\":14,\"total_modal_vrm_2024\":607970,\"total_modal_upt_2024\":469580}}"},"geometry":{"type":"Point","coordinates":[-94.372821,35.36613]}},{"type":"Feature","properties":{"stop_id":"S. 62nd & Phoenix__35.347945_-94.368300","stop_code":"","stop_name":"S. 62nd & Phoenix","stop_desc":"","zone_id":"","stop_url":"","location_type":"","parent_station":"","stop_timezone":"","wheelchair_boarding":"","feed_id":"Arkansas__City_of_Fort_Smith__mdb_ntd-60086","agency_name":"City of Fort Smith Transit","route_count":1,"route_ids":"Towson","route_short_names":"","route_types":"3","route_type_names":"Bus","routes_json":"[{\"route_id\":\"Towson\",\"route_short_name\":\"\",\"route_long_name\":\"Towson\",\"route_type\":\"3\",\"route_type_name\":\"Bus\",\"route_color\":\"70AD47\",\"route_text_color\":\"000000\"}]","metadata_feed_id":"Arkansas__City_of_Fort_Smith__mdb_ntd-60086","metadata_agency_names":"City of Fort Smith Transit","metadata_ntd_id":"60086","metadata_ntd_match_method":"manual_override","metadata_ntd_agency":"City of Fort Smith, dba: Fort Smith Transit","metadata_ntd_city":"Fort Smith","metadata_ntd_state":"AR","metadata_gtfs_route_count":7,"metadata_gtfs_trip_count":147,"metadata_gtfs_shape_count":15,"metadata_gtfs_stop_count":409,"metadata_ntd_agency_voms":10,"metadata_ntd_total_facilities":4,"metadata_ntd_maintenance_facilities":2,"metadata_ntd_passenger_stations":1,"metadata_tam_tier":"Tier II","metadata_service_area_sq_miles":65,"metadata_service_area_population":86209,"metadata_route_types_json":"{\"3\":7}","metadata_ntd_facilities_json":"{\"maintenance_facilities\":2,\"administrative_and_other_non_passenger_facilities\":1,\"passenger_stations_and_terminals\":1,\"parking_and_other_passenger_facilities\":0,\"total_facilities\":4,\"bus_transfer_centers\":1,\"elevated_fixed_guideway_stations\":0,\"at_grade_fixed_guideway_stations\":0,\"underground_fixed_guideway_stations\":0,\"simple_at_grade_platform_stations\":0,\"exclusive_grade_separated_platform_stations\":0,\"ferryboat_terminals\":0,\"surface_parking_lots\":0,\"parking_structures\":0}","metadata_tam_modes_json":"{\"DR\":{\"total_units_2024\":5,\"units_under_threshold_2024\":0,\"voms_2024\":3,\"total_modal_vrm_2024\":163578,\"total_modal_upt_2024\":19821},\"MB\":{\"total_units_2024\":22,\"units_under_threshold_2024\":0,\"voms_2024\":14,\"total_modal_vrm_2024\":607970,\"total_modal_upt_2024\":469580}}"},"geometry":{"type":"Point","coordinates":[-94.3683,35.347945]}},{"type":"Feature","properties":{"stop_id":"Sears - Central Mall_5111 Central Mall Main_35.365080_-94.373740","stop_code":"","stop_name":"Sears - Central Mall","stop_desc":"","zone_id":"","stop_url":"","location_type":"","parent_station":"","stop_timezone":"","wheelchair_boarding":"","feed_id":"Arkansas__City_of_Fort_Smith__mdb_ntd-60086","agency_name":"City of Fort Smith Transit","route_count":1,"route_ids":"Rogers Express","route_short_names":"","route_types":"3","route_type_names":"Bus","routes_json":"[{\"route_id\":\"Rogers Express\",\"route_short_name\":\"\",\"route_long_name\":\"Rogers Express\",\"route_type\":\"3\",\"route_type_name\":\"Bus\",\"route_color\":\"4472C4\",\"route_text_color\":\"FFFFFF\"}]","metadata_feed_id":"Arkansas__City_of_Fort_Smith__mdb_ntd-60086","metadata_agency_names":"City of Fort Smith Transit","metadata_ntd_id":"60086","metadata_ntd_match_method":"manual_override","metadata_ntd_agency":"City of Fort Smith, dba: Fort Smith Transit","metadata_ntd_city":"Fort Smith","metadata_ntd_state":"AR","metadata_gtfs_route_count":7,"metadata_gtfs_trip_count":147,"metadata_gtfs_shape_count":15,"metadata_gtfs_stop_count":409,"metadata_ntd_agency_voms":10,"metadata_ntd_total_facilities":4,"metadata_ntd_maintenance_facilities":2,"metadata_ntd_passenger_stations":1,"metadata_tam_tier":"Tier II","metadata_service_area_sq_miles":65,"metadata_service_area_population":86209,"metadata_route_types_json":"{\"3\":7}","metadata_ntd_facilities_json":"{\"maintenance_facilities\":2,\"administrative_and_other_non_passenger_facilities\":1,\"passenger_stations_and_terminals\":1,\"parking_and_other_passenger_facilities\":0,\"total_facilities\":4,\"bus_transfer_centers\":1,\"elevated_fixed_guideway_stations\":0,\"at_grade_fixed_guideway_stations\":0,\"underground_fixed_guideway_stations\":0,\"simple_at_grade_platform_stations\":0,\"exclusive_grade_separated_platform_stations\":0,\"ferryboat_terminals\":0,\"surface_parking_lots\":0,\"parking_structures\":0}","metadata_tam_modes_json":"{\"DR\":{\"total_units_2024\":5,\"units_under_threshold_2024\":0,\"voms_2024\":3,\"total_modal_vrm_2024\":163578,\"total_modal_upt_2024\":19821},\"MB\":{\"total_units_2024\":22,\"units_under_threshold_2024\":0,\"voms_2024\":14,\"total_modal_vrm_2024\":607970,\"total_modal_upt_2024\":469580}}"},"geometry":{"type":"Point","coordinates":[-94.37374,35.36508]}},{"type":"Feature","properties":{"stop_id":"Shoppers Value_Jenny Lind Rd @ Fresno St_35.351574_-94.413319","stop_code":"","stop_name":"Shoppers Value","stop_desc":"","zone_id":"","stop_url":"","location_type":"","parent_station":"","stop_timezone":"","wheelchair_boarding":"","feed_id":"Arkansas__City_of_Fort_Smith__mdb_ntd-60086","agency_name":"City of Fort Smith Transit","route_count":1,"route_ids":"Jenny Lind","route_short_names":"","route_types":"3","route_type_names":"Bus","routes_json":"[{\"route_id\":\"Jenny Lind\",\"route_short_name\":\"\",\"route_long_name\":\"Jenny Lind\",\"route_type\":\"3\",\"route_type_name\":\"Bus\",\"route_color\":\"8E00FF\",\"route_text_color\":\"FFFFFF\"}]","metadata_feed_id":"Arkansas__City_of_Fort_Smith__mdb_ntd-60086","metadata_agency_names":"City of Fort Smith Transit","metadata_ntd_id":"60086","metadata_ntd_match_method":"manual_override","metadata_ntd_agency":"City of Fort Smith, dba: Fort Smith Transit","metadata_ntd_city":"Fort Smith","metadata_ntd_state":"AR","metadata_gtfs_route_count":7,"metadata_gtfs_trip_count":147,"metadata_gtfs_shape_count":15,"metadata_gtfs_stop_count":409,"metadata_ntd_agency_voms":10,"metadata_ntd_total_facilities":4,"metadata_ntd_maintenance_facilities":2,"metadata_ntd_passenger_stations":1,"metadata_tam_tier":"Tier II","metadata_service_area_sq_miles":65,"metadata_service_area_population":86209,"metadata_route_types_json":"{\"3\":7}","metadata_ntd_facilities_json":"{\"maintenance_facilities\":2,\"administrative_and_other_non_passenger_facilities\":1,\"passenger_stations_and_terminals\":1,\"parking_and_other_passenger_facilities\":0,\"total_facilities\":4,\"bus_transfer_centers\":1,\"elevated_fixed_guideway_stations\":0,\"at_grade_fixed_guideway_stations\":0,\"underground_fixed_guideway_stations\":0,\"simple_at_grade_platform_stations\":0,\"exclusive_grade_separated_platform_stations\":0,\"ferryboat_terminals\":0,\"surface_parking_lots\":0,\"parking_structures\":0}","metadata_tam_modes_json":"{\"DR\":{\"total_units_2024\":5,\"units_under_threshold_2024\":0,\"voms_2024\":3,\"total_modal_vrm_2024\":163578,\"total_modal_upt_2024\":19821},\"MB\":{\"total_units_2024\":22,\"units_under_threshold_2024\":0,\"voms_2024\":14,\"total_modal_vrm_2024\":607970,\"total_modal_upt_2024\":469580}}"},"geometry":{"type":"Point","coordinates":[-94.413319,35.351574]}},{"type":"Feature","properties":{"stop_id":"Shoppers Value - 9263 Hwy 271 S_9263 Hwy 271 S_35.297815_-94.423239","stop_code":"","stop_name":"Shoppers Value - 9263 Hwy 271 S","stop_desc":"","zone_id":"","stop_url":"","location_type":"","parent_station":"","stop_timezone":"","wheelchair_boarding":"","feed_id":"Arkansas__City_of_Fort_Smith__mdb_ntd-60086","agency_name":"City of Fort Smith Transit","route_count":1,"route_ids":"Jenny Lind","route_short_names":"","route_types":"3","route_type_names":"Bus","routes_json":"[{\"route_id\":\"Jenny Lind\",\"route_short_name\":\"\",\"route_long_name\":\"Jenny Lind\",\"route_type\":\"3\",\"route_type_name\":\"Bus\",\"route_color\":\"8E00FF\",\"route_text_color\":\"FFFFFF\"}]","metadata_feed_id":"Arkansas__City_of_Fort_Smith__mdb_ntd-60086","metadata_agency_names":"City of Fort Smith Transit","metadata_ntd_id":"60086","metadata_ntd_match_method":"manual_override","metadata_ntd_agency":"City of Fort Smith, dba: Fort Smith Transit","metadata_ntd_city":"Fort Smith","metadata_ntd_state":"AR","metadata_gtfs_route_count":7,"metadata_gtfs_trip_count":147,"metadata_gtfs_shape_count":15,"metadata_gtfs_stop_count":409,"metadata_ntd_agency_voms":10,"metadata_ntd_total_facilities":4,"metadata_ntd_maintenance_facilities":2,"metadata_ntd_passenger_stations":1,"metadata_tam_tier":"Tier II","metadata_service_area_sq_miles":65,"metadata_service_area_population":86209,"metadata_route_types_json":"{\"3\":7}","metadata_ntd_facilities_json":"{\"maintenance_facilities\":2,\"administrative_and_other_non_passenger_facilities\":1,\"passenger_stations_and_terminals\":1,\"parking_and_other_passenger_facilities\":0,\"total_facilities\":4,\"bus_transfer_centers\":1,\"elevated_fixed_guideway_stations\":0,\"at_grade_fixed_guideway_stations\":0,\"underground_fixed_guideway_stations\":0,\"simple_at_grade_platform_stations\":0,\"exclusive_grade_separated_platform_stations\":0,\"ferryboat_terminals\":0,\"surface_parking_lots\":0,\"parking_structures\":0}","metadata_tam_modes_json":"{\"DR\":{\"total_units_2024\":5,\"units_under_threshold_2024\":0,\"voms_2024\":3,\"total_modal_vrm_2024\":163578,\"total_modal_upt_2024\":19821},\"MB\":{\"total_units_2024\":22,\"units_under_threshold_2024\":0,\"voms_2024\":14,\"total_modal_vrm_2024\":607970,\"total_modal_upt_2024\":469580}}"},"geometry":{"type":"Point","coordinates":[-94.423239,35.297815]}},{"type":"Feature","properties":{"stop_id":"Silgan Plastic__35.317050_-94.387344","stop_code":"","stop_name":"Silgan Plastic","stop_desc":"","zone_id":"","stop_url":"","location_type":"","parent_station":"","stop_timezone":"","wheelchair_boarding":"","feed_id":"Arkansas__City_of_Fort_Smith__mdb_ntd-60086","agency_name":"City of Fort Smith Transit","route_count":0,"route_ids":"","route_short_names":"","route_types":"","route_type_names":"","routes_json":"[]","metadata_feed_id":"Arkansas__City_of_Fort_Smith__mdb_ntd-60086","metadata_agency_names":"City of Fort Smith Transit","metadata_ntd_id":"60086","metadata_ntd_match_method":"manual_override","metadata_ntd_agency":"City of Fort Smith, dba: Fort Smith Transit","metadata_ntd_city":"Fort Smith","metadata_ntd_state":"AR","metadata_gtfs_route_count":7,"metadata_gtfs_trip_count":147,"metadata_gtfs_shape_count":15,"metadata_gtfs_stop_count":409,"metadata_ntd_agency_voms":10,"metadata_ntd_total_facilities":4,"metadata_ntd_maintenance_facilities":2,"metadata_ntd_passenger_stations":1,"metadata_tam_tier":"Tier II","metadata_service_area_sq_miles":65,"metadata_service_area_population":86209,"metadata_route_types_json":"{\"3\":7}","metadata_ntd_facilities_json":"{\"maintenance_facilities\":2,\"administrative_and_other_non_passenger_facilities\":1,\"passenger_stations_and_terminals\":1,\"parking_and_other_passenger_facilities\":0,\"total_facilities\":4,\"bus_transfer_centers\":1,\"elevated_fixed_guideway_stations\":0,\"at_grade_fixed_guideway_stations\":0,\"underground_fixed_guideway_stations\":0,\"simple_at_grade_platform_stations\":0,\"exclusive_grade_separated_platform_stations\":0,\"ferryboat_terminals\":0,\"surface_parking_lots\":0,\"parking_structures\":0}","metadata_tam_modes_json":"{\"DR\":{\"total_units_2024\":5,\"units_under_threshold_2024\":0,\"voms_2024\":3,\"total_modal_vrm_2024\":163578,\"total_modal_upt_2024\":19821},\"MB\":{\"total_units_2024\":22,\"units_under_threshold_2024\":0,\"voms_2024\":14,\"total_modal_vrm_2024\":607970,\"total_modal_upt_2024\":469580}}"},"geometry":{"type":"Point","coordinates":[-94.387344,35.31705]}},{"type":"Feature","properties":{"stop_id":"Sodie's Wine & Spirits__35.343337_-94.374062","stop_code":"","stop_name":"Sodie's Wine & Spirits","stop_desc":"","zone_id":"","stop_url":"","location_type":"","parent_station":"","stop_timezone":"","wheelchair_boarding":"","feed_id":"Arkansas__City_of_Fort_Smith__mdb_ntd-60086","agency_name":"City of Fort Smith Transit","route_count":1,"route_ids":"Towson","route_short_names":"","route_types":"3","route_type_names":"Bus","routes_json":"[{\"route_id\":\"Towson\",\"route_short_name\":\"\",\"route_long_name\":\"Towson\",\"route_type\":\"3\",\"route_type_name\":\"Bus\",\"route_color\":\"70AD47\",\"route_text_color\":\"000000\"}]","metadata_feed_id":"Arkansas__City_of_Fort_Smith__mdb_ntd-60086","metadata_agency_names":"City of Fort Smith Transit","metadata_ntd_id":"60086","metadata_ntd_match_method":"manual_override","metadata_ntd_agency":"City of Fort Smith, dba: Fort Smith Transit","metadata_ntd_city":"Fort Smith","metadata_ntd_state":"AR","metadata_gtfs_route_count":7,"metadata_gtfs_trip_count":147,"metadata_gtfs_shape_count":15,"metadata_gtfs_stop_count":409,"metadata_ntd_agency_voms":10,"metadata_ntd_total_facilities":4,"metadata_ntd_maintenance_facilities":2,"metadata_ntd_passenger_stations":1,"metadata_tam_tier":"Tier II","metadata_service_area_sq_miles":65,"metadata_service_area_population":86209,"metadata_route_types_json":"{\"3\":7}","metadata_ntd_facilities_json":"{\"maintenance_facilities\":2,\"administrative_and_other_non_passenger_facilities\":1,\"passenger_stations_and_terminals\":1,\"parking_and_other_passenger_facilities\":0,\"total_facilities\":4,\"bus_transfer_centers\":1,\"elevated_fixed_guideway_stations\":0,\"at_grade_fixed_guideway_stations\":0,\"underground_fixed_guideway_stations\":0,\"simple_at_grade_platform_stations\":0,\"exclusive_grade_separated_platform_stations\":0,\"ferryboat_terminals\":0,\"surface_parking_lots\":0,\"parking_structures\":0}","metadata_tam_modes_json":"{\"DR\":{\"total_units_2024\":5,\"units_under_threshold_2024\":0,\"voms_2024\":3,\"total_modal_vrm_2024\":163578,\"total_modal_upt_2024\":19821},\"MB\":{\"total_units_2024\":22,\"units_under_threshold_2024\":0,\"voms_2024\":14,\"total_modal_vrm_2024\":607970,\"total_modal_upt_2024\":469580}}"},"geometry":{"type":"Point","coordinates":[-94.374062,35.343337]}},{"type":"Feature","properties":{"stop_id":"Southbrooke Apartments_8201 Hwy 271 SSouthbrooke Apartments_35.307180_-94.422871","stop_code":"","stop_name":"Southbrooke Apartments","stop_desc":"","zone_id":"","stop_url":"","location_type":"","parent_station":"","stop_timezone":"","wheelchair_boarding":"","feed_id":"Arkansas__City_of_Fort_Smith__mdb_ntd-60086","agency_name":"City of Fort Smith Transit","route_count":1,"route_ids":"Jenny Lind","route_short_names":"","route_types":"3","route_type_names":"Bus","routes_json":"[{\"route_id\":\"Jenny Lind\",\"route_short_name\":\"\",\"route_long_name\":\"Jenny Lind\",\"route_type\":\"3\",\"route_type_name\":\"Bus\",\"route_color\":\"8E00FF\",\"route_text_color\":\"FFFFFF\"}]","metadata_feed_id":"Arkansas__City_of_Fort_Smith__mdb_ntd-60086","metadata_agency_names":"City of Fort Smith Transit","metadata_ntd_id":"60086","metadata_ntd_match_method":"manual_override","metadata_ntd_agency":"City of Fort Smith, dba: Fort Smith Transit","metadata_ntd_city":"Fort Smith","metadata_ntd_state":"AR","metadata_gtfs_route_count":7,"metadata_gtfs_trip_count":147,"metadata_gtfs_shape_count":15,"metadata_gtfs_stop_count":409,"metadata_ntd_agency_voms":10,"metadata_ntd_total_facilities":4,"metadata_ntd_maintenance_facilities":2,"metadata_ntd_passenger_stations":1,"metadata_tam_tier":"Tier II","metadata_service_area_sq_miles":65,"metadata_service_area_population":86209,"metadata_route_types_json":"{\"3\":7}","metadata_ntd_facilities_json":"{\"maintenance_facilities\":2,\"administrative_and_other_non_passenger_facilities\":1,\"passenger_stations_and_terminals\":1,\"parking_and_other_passenger_facilities\":0,\"total_facilities\":4,\"bus_transfer_centers\":1,\"elevated_fixed_guideway_stations\":0,\"at_grade_fixed_guideway_stations\":0,\"underground_fixed_guideway_stations\":0,\"simple_at_grade_platform_stations\":0,\"exclusive_grade_separated_platform_stations\":0,\"ferryboat_terminals\":0,\"surface_parking_lots\":0,\"parking_structures\":0}","metadata_tam_modes_json":"{\"DR\":{\"total_units_2024\":5,\"units_under_threshold_2024\":0,\"voms_2024\":3,\"total_modal_vrm_2024\":163578,\"total_modal_upt_2024\":19821},\"MB\":{\"total_units_2024\":22,\"units_under_threshold_2024\":0,\"voms_2024\":14,\"total_modal_vrm_2024\":607970,\"total_modal_upt_2024\":469580}}"},"geometry":{"type":"Point","coordinates":[-94.422871,35.30718]}},{"type":"Feature","properties":{"stop_id":"Starbucks__35.338116_-94.383205","stop_code":"","stop_name":"Starbucks","stop_desc":"","zone_id":"","stop_url":"","location_type":"","parent_station":"","stop_timezone":"","wheelchair_boarding":"","feed_id":"Arkansas__City_of_Fort_Smith__mdb_ntd-60086","agency_name":"City of Fort Smith Transit","route_count":1,"route_ids":"Towson","route_short_names":"","route_types":"3","route_type_names":"Bus","routes_json":"[{\"route_id\":\"Towson\",\"route_short_name\":\"\",\"route_long_name\":\"Towson\",\"route_type\":\"3\",\"route_type_name\":\"Bus\",\"route_color\":\"70AD47\",\"route_text_color\":\"000000\"}]","metadata_feed_id":"Arkansas__City_of_Fort_Smith__mdb_ntd-60086","metadata_agency_names":"City of Fort Smith Transit","metadata_ntd_id":"60086","metadata_ntd_match_method":"manual_override","metadata_ntd_agency":"City of Fort Smith, dba: Fort Smith Transit","metadata_ntd_city":"Fort Smith","metadata_ntd_state":"AR","metadata_gtfs_route_count":7,"metadata_gtfs_trip_count":147,"metadata_gtfs_shape_count":15,"metadata_gtfs_stop_count":409,"metadata_ntd_agency_voms":10,"metadata_ntd_total_facilities":4,"metadata_ntd_maintenance_facilities":2,"metadata_ntd_passenger_stations":1,"metadata_tam_tier":"Tier II","metadata_service_area_sq_miles":65,"metadata_service_area_population":86209,"metadata_route_types_json":"{\"3\":7}","metadata_ntd_facilities_json":"{\"maintenance_facilities\":2,\"administrative_and_other_non_passenger_facilities\":1,\"passenger_stations_and_terminals\":1,\"parking_and_other_passenger_facilities\":0,\"total_facilities\":4,\"bus_transfer_centers\":1,\"elevated_fixed_guideway_stations\":0,\"at_grade_fixed_guideway_stations\":0,\"underground_fixed_guideway_stations\":0,\"simple_at_grade_platform_stations\":0,\"exclusive_grade_separated_platform_stations\":0,\"ferryboat_terminals\":0,\"surface_parking_lots\":0,\"parking_structures\":0}","metadata_tam_modes_json":"{\"DR\":{\"total_units_2024\":5,\"units_under_threshold_2024\":0,\"voms_2024\":3,\"total_modal_vrm_2024\":163578,\"total_modal_upt_2024\":19821},\"MB\":{\"total_units_2024\":22,\"units_under_threshold_2024\":0,\"voms_2024\":14,\"total_modal_vrm_2024\":607970,\"total_modal_upt_2024\":469580}}"},"geometry":{"type":"Point","coordinates":[-94.383205,35.338116]}},{"type":"Feature","properties":{"stop_id":"SUNOCO__35.326984_-94.371827","stop_code":"","stop_name":"SUNOCO","stop_desc":"","zone_id":"","stop_url":"","location_type":"","parent_station":"","stop_timezone":"","wheelchair_boarding":"","feed_id":"Arkansas__City_of_Fort_Smith__mdb_ntd-60086","agency_name":"City of Fort Smith Transit","route_count":0,"route_ids":"","route_short_names":"","route_types":"","route_type_names":"","routes_json":"[]","metadata_feed_id":"Arkansas__City_of_Fort_Smith__mdb_ntd-60086","metadata_agency_names":"City of Fort Smith Transit","metadata_ntd_id":"60086","metadata_ntd_match_method":"manual_override","metadata_ntd_agency":"City of Fort Smith, dba: Fort Smith Transit","metadata_ntd_city":"Fort Smith","metadata_ntd_state":"AR","metadata_gtfs_route_count":7,"metadata_gtfs_trip_count":147,"metadata_gtfs_shape_count":15,"metadata_gtfs_stop_count":409,"metadata_ntd_agency_voms":10,"metadata_ntd_total_facilities":4,"metadata_ntd_maintenance_facilities":2,"metadata_ntd_passenger_stations":1,"metadata_tam_tier":"Tier II","metadata_service_area_sq_miles":65,"metadata_service_area_population":86209,"metadata_route_types_json":"{\"3\":7}","metadata_ntd_facilities_json":"{\"maintenance_facilities\":2,\"administrative_and_other_non_passenger_facilities\":1,\"passenger_stations_and_terminals\":1,\"parking_and_other_passenger_facilities\":0,\"total_facilities\":4,\"bus_transfer_centers\":1,\"elevated_fixed_guideway_stations\":0,\"at_grade_fixed_guideway_stations\":0,\"underground_fixed_guideway_stations\":0,\"simple_at_grade_platform_stations\":0,\"exclusive_grade_separated_platform_stations\":0,\"ferryboat_terminals\":0,\"surface_parking_lots\":0,\"parking_structures\":0}","metadata_tam_modes_json":"{\"DR\":{\"total_units_2024\":5,\"units_under_threshold_2024\":0,\"voms_2024\":3,\"total_modal_vrm_2024\":163578,\"total_modal_upt_2024\":19821},\"MB\":{\"total_units_2024\":22,\"units_under_threshold_2024\":0,\"voms_2024\":14,\"total_modal_vrm_2024\":607970,\"total_modal_upt_2024\":469580}}"},"geometry":{"type":"Point","coordinates":[-94.371827,35.326984]}},{"type":"Feature","properties":{"stop_id":"Taco Bell_4910 Towson AveTaco Bell_35.337208_-94.422713","stop_code":"","stop_name":"Taco Bell","stop_desc":"","zone_id":"","stop_url":"","location_type":"","parent_station":"","stop_timezone":"","wheelchair_boarding":"","feed_id":"Arkansas__City_of_Fort_Smith__mdb_ntd-60086","agency_name":"City of Fort Smith Transit","route_count":1,"route_ids":"Towson","route_short_names":"","route_types":"3","route_type_names":"Bus","routes_json":"[{\"route_id\":\"Towson\",\"route_short_name\":\"\",\"route_long_name\":\"Towson\",\"route_type\":\"3\",\"route_type_name\":\"Bus\",\"route_color\":\"70AD47\",\"route_text_color\":\"000000\"}]","metadata_feed_id":"Arkansas__City_of_Fort_Smith__mdb_ntd-60086","metadata_agency_names":"City of Fort Smith Transit","metadata_ntd_id":"60086","metadata_ntd_match_method":"manual_override","metadata_ntd_agency":"City of Fort Smith, dba: Fort Smith Transit","metadata_ntd_city":"Fort Smith","metadata_ntd_state":"AR","metadata_gtfs_route_count":7,"metadata_gtfs_trip_count":147,"metadata_gtfs_shape_count":15,"metadata_gtfs_stop_count":409,"metadata_ntd_agency_voms":10,"metadata_ntd_total_facilities":4,"metadata_ntd_maintenance_facilities":2,"metadata_ntd_passenger_stations":1,"metadata_tam_tier":"Tier II","metadata_service_area_sq_miles":65,"metadata_service_area_population":86209,"metadata_route_types_json":"{\"3\":7}","metadata_ntd_facilities_json":"{\"maintenance_facilities\":2,\"administrative_and_other_non_passenger_facilities\":1,\"passenger_stations_and_terminals\":1,\"parking_and_other_passenger_facilities\":0,\"total_facilities\":4,\"bus_transfer_centers\":1,\"elevated_fixed_guideway_stations\":0,\"at_grade_fixed_guideway_stations\":0,\"underground_fixed_guideway_stations\":0,\"simple_at_grade_platform_stations\":0,\"exclusive_grade_separated_platform_stations\":0,\"ferryboat_terminals\":0,\"surface_parking_lots\":0,\"parking_structures\":0}","metadata_tam_modes_json":"{\"DR\":{\"total_units_2024\":5,\"units_under_threshold_2024\":0,\"voms_2024\":3,\"total_modal_vrm_2024\":163578,\"total_modal_upt_2024\":19821},\"MB\":{\"total_units_2024\":22,\"units_under_threshold_2024\":0,\"voms_2024\":14,\"total_modal_vrm_2024\":607970,\"total_modal_upt_2024\":469580}}"},"geometry":{"type":"Point","coordinates":[-94.422713,35.337208]}},{"type":"Feature","properties":{"stop_id":"Target__35.338740_-94.387850","stop_code":"","stop_name":"Target","stop_desc":"","zone_id":"","stop_url":"","location_type":"","parent_station":"","stop_timezone":"","wheelchair_boarding":"","feed_id":"Arkansas__City_of_Fort_Smith__mdb_ntd-60086","agency_name":"City of Fort Smith Transit","route_count":1,"route_ids":"Towson","route_short_names":"","route_types":"3","route_type_names":"Bus","routes_json":"[{\"route_id\":\"Towson\",\"route_short_name\":\"\",\"route_long_name\":\"Towson\",\"route_type\":\"3\",\"route_type_name\":\"Bus\",\"route_color\":\"70AD47\",\"route_text_color\":\"000000\"}]","metadata_feed_id":"Arkansas__City_of_Fort_Smith__mdb_ntd-60086","metadata_agency_names":"City of Fort Smith Transit","metadata_ntd_id":"60086","metadata_ntd_match_method":"manual_override","metadata_ntd_agency":"City of Fort Smith, dba: Fort Smith Transit","metadata_ntd_city":"Fort Smith","metadata_ntd_state":"AR","metadata_gtfs_route_count":7,"metadata_gtfs_trip_count":147,"metadata_gtfs_shape_count":15,"metadata_gtfs_stop_count":409,"metadata_ntd_agency_voms":10,"metadata_ntd_total_facilities":4,"metadata_ntd_maintenance_facilities":2,"metadata_ntd_passenger_stations":1,"metadata_tam_tier":"Tier II","metadata_service_area_sq_miles":65,"metadata_service_area_population":86209,"metadata_route_types_json":"{\"3\":7}","metadata_ntd_facilities_json":"{\"maintenance_facilities\":2,\"administrative_and_other_non_passenger_facilities\":1,\"passenger_stations_and_terminals\":1,\"parking_and_other_passenger_facilities\":0,\"total_facilities\":4,\"bus_transfer_centers\":1,\"elevated_fixed_guideway_stations\":0,\"at_grade_fixed_guideway_stations\":0,\"underground_fixed_guideway_stations\":0,\"simple_at_grade_platform_stations\":0,\"exclusive_grade_separated_platform_stations\":0,\"ferryboat_terminals\":0,\"surface_parking_lots\":0,\"parking_structures\":0}","metadata_tam_modes_json":"{\"DR\":{\"total_units_2024\":5,\"units_under_threshold_2024\":0,\"voms_2024\":3,\"total_modal_vrm_2024\":163578,\"total_modal_upt_2024\":19821},\"MB\":{\"total_units_2024\":22,\"units_under_threshold_2024\":0,\"voms_2024\":14,\"total_modal_vrm_2024\":607970,\"total_modal_upt_2024\":469580}}"},"geometry":{"type":"Point","coordinates":[-94.38785,35.33874]}},{"type":"Feature","properties":{"stop_id":"The McPherson Company_Hwy 271 S @ E Geren RdThe McPherson Company_35.318437_-94.424293","stop_code":"","stop_name":"The McPherson Company","stop_desc":"","zone_id":"","stop_url":"","location_type":"","parent_station":"","stop_timezone":"","wheelchair_boarding":"","feed_id":"Arkansas__City_of_Fort_Smith__mdb_ntd-60086","agency_name":"City of Fort Smith Transit","route_count":1,"route_ids":"Jenny Lind","route_short_names":"","route_types":"3","route_type_names":"Bus","routes_json":"[{\"route_id\":\"Jenny Lind\",\"route_short_name\":\"\",\"route_long_name\":\"Jenny Lind\",\"route_type\":\"3\",\"route_type_name\":\"Bus\",\"route_color\":\"8E00FF\",\"route_text_color\":\"FFFFFF\"}]","metadata_feed_id":"Arkansas__City_of_Fort_Smith__mdb_ntd-60086","metadata_agency_names":"City of Fort Smith Transit","metadata_ntd_id":"60086","metadata_ntd_match_method":"manual_override","metadata_ntd_agency":"City of Fort Smith, dba: Fort Smith Transit","metadata_ntd_city":"Fort Smith","metadata_ntd_state":"AR","metadata_gtfs_route_count":7,"metadata_gtfs_trip_count":147,"metadata_gtfs_shape_count":15,"metadata_gtfs_stop_count":409,"metadata_ntd_agency_voms":10,"metadata_ntd_total_facilities":4,"metadata_ntd_maintenance_facilities":2,"metadata_ntd_passenger_stations":1,"metadata_tam_tier":"Tier II","metadata_service_area_sq_miles":65,"metadata_service_area_population":86209,"metadata_route_types_json":"{\"3\":7}","metadata_ntd_facilities_json":"{\"maintenance_facilities\":2,\"administrative_and_other_non_passenger_facilities\":1,\"passenger_stations_and_terminals\":1,\"parking_and_other_passenger_facilities\":0,\"total_facilities\":4,\"bus_transfer_centers\":1,\"elevated_fixed_guideway_stations\":0,\"at_grade_fixed_guideway_stations\":0,\"underground_fixed_guideway_stations\":0,\"simple_at_grade_platform_stations\":0,\"exclusive_grade_separated_platform_stations\":0,\"ferryboat_terminals\":0,\"surface_parking_lots\":0,\"parking_structures\":0}","metadata_tam_modes_json":"{\"DR\":{\"total_units_2024\":5,\"units_under_threshold_2024\":0,\"voms_2024\":3,\"total_modal_vrm_2024\":163578,\"total_modal_upt_2024\":19821},\"MB\":{\"total_units_2024\":22,\"units_under_threshold_2024\":0,\"voms_2024\":14,\"total_modal_vrm_2024\":607970,\"total_modal_upt_2024\":469580}}"},"geometry":{"type":"Point","coordinates":[-94.424293,35.318437]}},{"type":"Feature","properties":{"stop_id":"The Timbers Apartments_1224 N Albert Pike Ave_35.387684_-94.385425","stop_code":"","stop_name":"The Timbers Apartments","stop_desc":"","zone_id":"","stop_url":"","location_type":"","parent_station":"","stop_timezone":"","wheelchair_boarding":"","feed_id":"Arkansas__City_of_Fort_Smith__mdb_ntd-60086","agency_name":"City of Fort Smith Transit","route_count":1,"route_ids":"Grand","route_short_names":"","route_types":"3","route_type_names":"Bus","routes_json":"[{\"route_id\":\"Grand\",\"route_short_name\":\"\",\"route_long_name\":\"Grand\",\"route_type\":\"3\",\"route_type_name\":\"Bus\",\"route_color\":\"FFD700\",\"route_text_color\":\"000000\"}]","metadata_feed_id":"Arkansas__City_of_Fort_Smith__mdb_ntd-60086","metadata_agency_names":"City of Fort Smith Transit","metadata_ntd_id":"60086","metadata_ntd_match_method":"manual_override","metadata_ntd_agency":"City of Fort Smith, dba: Fort Smith Transit","metadata_ntd_city":"Fort Smith","metadata_ntd_state":"AR","metadata_gtfs_route_count":7,"metadata_gtfs_trip_count":147,"metadata_gtfs_shape_count":15,"metadata_gtfs_stop_count":409,"metadata_ntd_agency_voms":10,"metadata_ntd_total_facilities":4,"metadata_ntd_maintenance_facilities":2,"metadata_ntd_passenger_stations":1,"metadata_tam_tier":"Tier II","metadata_service_area_sq_miles":65,"metadata_service_area_population":86209,"metadata_route_types_json":"{\"3\":7}","metadata_ntd_facilities_json":"{\"maintenance_facilities\":2,\"administrative_and_other_non_passenger_facilities\":1,\"passenger_stations_and_terminals\":1,\"parking_and_other_passenger_facilities\":0,\"total_facilities\":4,\"bus_transfer_centers\":1,\"elevated_fixed_guideway_stations\":0,\"at_grade_fixed_guideway_stations\":0,\"underground_fixed_guideway_stations\":0,\"simple_at_grade_platform_stations\":0,\"exclusive_grade_separated_platform_stations\":0,\"ferryboat_terminals\":0,\"surface_parking_lots\":0,\"parking_structures\":0}","metadata_tam_modes_json":"{\"DR\":{\"total_units_2024\":5,\"units_under_threshold_2024\":0,\"voms_2024\":3,\"total_modal_vrm_2024\":163578,\"total_modal_upt_2024\":19821},\"MB\":{\"total_units_2024\":22,\"units_under_threshold_2024\":0,\"voms_2024\":14,\"total_modal_vrm_2024\":607970,\"total_modal_upt_2024\":469580}}"},"geometry":{"type":"Point","coordinates":[-94.385425,35.387684]}},{"type":"Feature","properties":{"stop_id":"THE VILLAGE AT HERITAGE__35.316396_-94.317978","stop_code":"","stop_name":"The Village at Heritage","stop_desc":"","zone_id":"","stop_url":"","location_type":"","parent_station":"","stop_timezone":"","wheelchair_boarding":"","feed_id":"Arkansas__City_of_Fort_Smith__mdb_ntd-60086","agency_name":"City of Fort Smith Transit","route_count":0,"route_ids":"","route_short_names":"","route_types":"","route_type_names":"","routes_json":"[]","metadata_feed_id":"Arkansas__City_of_Fort_Smith__mdb_ntd-60086","metadata_agency_names":"City of Fort Smith Transit","metadata_ntd_id":"60086","metadata_ntd_match_method":"manual_override","metadata_ntd_agency":"City of Fort Smith, dba: Fort Smith Transit","metadata_ntd_city":"Fort Smith","metadata_ntd_state":"AR","metadata_gtfs_route_count":7,"metadata_gtfs_trip_count":147,"metadata_gtfs_shape_count":15,"metadata_gtfs_stop_count":409,"metadata_ntd_agency_voms":10,"metadata_ntd_total_facilities":4,"metadata_ntd_maintenance_facilities":2,"metadata_ntd_passenger_stations":1,"metadata_tam_tier":"Tier II","metadata_service_area_sq_miles":65,"metadata_service_area_population":86209,"metadata_route_types_json":"{\"3\":7}","metadata_ntd_facilities_json":"{\"maintenance_facilities\":2,\"administrative_and_other_non_passenger_facilities\":1,\"passenger_stations_and_terminals\":1,\"parking_and_other_passenger_facilities\":0,\"total_facilities\":4,\"bus_transfer_centers\":1,\"elevated_fixed_guideway_stations\":0,\"at_grade_fixed_guideway_stations\":0,\"underground_fixed_guideway_stations\":0,\"simple_at_grade_platform_stations\":0,\"exclusive_grade_separated_platform_stations\":0,\"ferryboat_terminals\":0,\"surface_parking_lots\":0,\"parking_structures\":0}","metadata_tam_modes_json":"{\"DR\":{\"total_units_2024\":5,\"units_under_threshold_2024\":0,\"voms_2024\":3,\"total_modal_vrm_2024\":163578,\"total_modal_upt_2024\":19821},\"MB\":{\"total_units_2024\":22,\"units_under_threshold_2024\":0,\"voms_2024\":14,\"total_modal_vrm_2024\":607970,\"total_modal_upt_2024\":469580}}"},"geometry":{"type":"Point","coordinates":[-94.317978,35.316396]}},{"type":"Feature","properties":{"stop_id":"The Vue Venue__35.311273_-94.299375","stop_code":"","stop_name":"The Vue Venue","stop_desc":"","zone_id":"","stop_url":"","location_type":"","parent_station":"","stop_timezone":"","wheelchair_boarding":"","feed_id":"Arkansas__City_of_Fort_Smith__mdb_ntd-60086","agency_name":"City of Fort Smith Transit","route_count":0,"route_ids":"","route_short_names":"","route_types":"","route_type_names":"","routes_json":"[]","metadata_feed_id":"Arkansas__City_of_Fort_Smith__mdb_ntd-60086","metadata_agency_names":"City of Fort Smith Transit","metadata_ntd_id":"60086","metadata_ntd_match_method":"manual_override","metadata_ntd_agency":"City of Fort Smith, dba: Fort Smith Transit","metadata_ntd_city":"Fort Smith","metadata_ntd_state":"AR","metadata_gtfs_route_count":7,"metadata_gtfs_trip_count":147,"metadata_gtfs_shape_count":15,"metadata_gtfs_stop_count":409,"metadata_ntd_agency_voms":10,"metadata_ntd_total_facilities":4,"metadata_ntd_maintenance_facilities":2,"metadata_ntd_passenger_stations":1,"metadata_tam_tier":"Tier II","metadata_service_area_sq_miles":65,"metadata_service_area_population":86209,"metadata_route_types_json":"{\"3\":7}","metadata_ntd_facilities_json":"{\"maintenance_facilities\":2,\"administrative_and_other_non_passenger_facilities\":1,\"passenger_stations_and_terminals\":1,\"parking_and_other_passenger_facilities\":0,\"total_facilities\":4,\"bus_transfer_centers\":1,\"elevated_fixed_guideway_stations\":0,\"at_grade_fixed_guideway_stations\":0,\"underground_fixed_guideway_stations\":0,\"simple_at_grade_platform_stations\":0,\"exclusive_grade_separated_platform_stations\":0,\"ferryboat_terminals\":0,\"surface_parking_lots\":0,\"parking_structures\":0}","metadata_tam_modes_json":"{\"DR\":{\"total_units_2024\":5,\"units_under_threshold_2024\":0,\"voms_2024\":3,\"total_modal_vrm_2024\":163578,\"total_modal_upt_2024\":19821},\"MB\":{\"total_units_2024\":22,\"units_under_threshold_2024\":0,\"voms_2024\":14,\"total_modal_vrm_2024\":607970,\"total_modal_upt_2024\":469580}}"},"geometry":{"type":"Point","coordinates":[-94.299375,35.311273]}},{"type":"Feature","properties":{"stop_id":"Towson Ave @ Alley Way_Towson Ave @ Alley Way_35.383670_-94.420914","stop_code":"","stop_name":"Towson Ave @ Alley Way","stop_desc":"","zone_id":"","stop_url":"","location_type":"","parent_station":"","stop_timezone":"","wheelchair_boarding":"","feed_id":"Arkansas__City_of_Fort_Smith__mdb_ntd-60086","agency_name":"City of Fort Smith Transit","route_count":1,"route_ids":"Grand","route_short_names":"","route_types":"3","route_type_names":"Bus","routes_json":"[{\"route_id\":\"Grand\",\"route_short_name\":\"\",\"route_long_name\":\"Grand\",\"route_type\":\"3\",\"route_type_name\":\"Bus\",\"route_color\":\"FFD700\",\"route_text_color\":\"000000\"}]","metadata_feed_id":"Arkansas__City_of_Fort_Smith__mdb_ntd-60086","metadata_agency_names":"City of Fort Smith Transit","metadata_ntd_id":"60086","metadata_ntd_match_method":"manual_override","metadata_ntd_agency":"City of Fort Smith, dba: Fort Smith Transit","metadata_ntd_city":"Fort Smith","metadata_ntd_state":"AR","metadata_gtfs_route_count":7,"metadata_gtfs_trip_count":147,"metadata_gtfs_shape_count":15,"metadata_gtfs_stop_count":409,"metadata_ntd_agency_voms":10,"metadata_ntd_total_facilities":4,"metadata_ntd_maintenance_facilities":2,"metadata_ntd_passenger_stations":1,"metadata_tam_tier":"Tier II","metadata_service_area_sq_miles":65,"metadata_service_area_population":86209,"metadata_route_types_json":"{\"3\":7}","metadata_ntd_facilities_json":"{\"maintenance_facilities\":2,\"administrative_and_other_non_passenger_facilities\":1,\"passenger_stations_and_terminals\":1,\"parking_and_other_passenger_facilities\":0,\"total_facilities\":4,\"bus_transfer_centers\":1,\"elevated_fixed_guideway_stations\":0,\"at_grade_fixed_guideway_stations\":0,\"underground_fixed_guideway_stations\":0,\"simple_at_grade_platform_stations\":0,\"exclusive_grade_separated_platform_stations\":0,\"ferryboat_terminals\":0,\"surface_parking_lots\":0,\"parking_structures\":0}","metadata_tam_modes_json":"{\"DR\":{\"total_units_2024\":5,\"units_under_threshold_2024\":0,\"voms_2024\":3,\"total_modal_vrm_2024\":163578,\"total_modal_upt_2024\":19821},\"MB\":{\"total_units_2024\":22,\"units_under_threshold_2024\":0,\"voms_2024\":14,\"total_modal_vrm_2024\":607970,\"total_modal_upt_2024\":469580}}"},"geometry":{"type":"Point","coordinates":[-94.420914,35.38367]}},{"type":"Feature","properties":{"stop_id":"Towson Ave @ Country Club Ave_Towson Ave @ Country Club Ave_35.357391_-94.422004","stop_code":"","stop_name":"Towson Ave @ Country Club Ave","stop_desc":"","zone_id":"","stop_url":"","location_type":"","parent_station":"","stop_timezone":"","wheelchair_boarding":"","feed_id":"Arkansas__City_of_Fort_Smith__mdb_ntd-60086","agency_name":"City of Fort Smith Transit","route_count":1,"route_ids":"Jenny Lind","route_short_names":"","route_types":"3","route_type_names":"Bus","routes_json":"[{\"route_id\":\"Jenny Lind\",\"route_short_name\":\"\",\"route_long_name\":\"Jenny Lind\",\"route_type\":\"3\",\"route_type_name\":\"Bus\",\"route_color\":\"8E00FF\",\"route_text_color\":\"FFFFFF\"}]","metadata_feed_id":"Arkansas__City_of_Fort_Smith__mdb_ntd-60086","metadata_agency_names":"City of Fort Smith Transit","metadata_ntd_id":"60086","metadata_ntd_match_method":"manual_override","metadata_ntd_agency":"City of Fort Smith, dba: Fort Smith Transit","metadata_ntd_city":"Fort Smith","metadata_ntd_state":"AR","metadata_gtfs_route_count":7,"metadata_gtfs_trip_count":147,"metadata_gtfs_shape_count":15,"metadata_gtfs_stop_count":409,"metadata_ntd_agency_voms":10,"metadata_ntd_total_facilities":4,"metadata_ntd_maintenance_facilities":2,"metadata_ntd_passenger_stations":1,"metadata_tam_tier":"Tier II","metadata_service_area_sq_miles":65,"metadata_service_area_population":86209,"metadata_route_types_json":"{\"3\":7}","metadata_ntd_facilities_json":"{\"maintenance_facilities\":2,\"administrative_and_other_non_passenger_facilities\":1,\"passenger_stations_and_terminals\":1,\"parking_and_other_passenger_facilities\":0,\"total_facilities\":4,\"bus_transfer_centers\":1,\"elevated_fixed_guideway_stations\":0,\"at_grade_fixed_guideway_stations\":0,\"underground_fixed_guideway_stations\":0,\"simple_at_grade_platform_stations\":0,\"exclusive_grade_separated_platform_stations\":0,\"ferryboat_terminals\":0,\"surface_parking_lots\":0,\"parking_structures\":0}","metadata_tam_modes_json":"{\"DR\":{\"total_units_2024\":5,\"units_under_threshold_2024\":0,\"voms_2024\":3,\"total_modal_vrm_2024\":163578,\"total_modal_upt_2024\":19821},\"MB\":{\"total_units_2024\":22,\"units_under_threshold_2024\":0,\"voms_2024\":14,\"total_modal_vrm_2024\":607970,\"total_modal_upt_2024\":469580}}"},"geometry":{"type":"Point","coordinates":[-94.422004,35.357391]}},{"type":"Feature","properties":{"stop_id":"Towson Ave @ Dallas St_Towson Ave @ Dallas St_35.353773_-94.422154","stop_code":"","stop_name":"Towson Ave @ Dallas St","stop_desc":"","zone_id":"","stop_url":"","location_type":"","parent_station":"","stop_timezone":"","wheelchair_boarding":"","feed_id":"Arkansas__City_of_Fort_Smith__mdb_ntd-60086","agency_name":"City of Fort Smith Transit","route_count":1,"route_ids":"Jenny Lind","route_short_names":"","route_types":"3","route_type_names":"Bus","routes_json":"[{\"route_id\":\"Jenny Lind\",\"route_short_name\":\"\",\"route_long_name\":\"Jenny Lind\",\"route_type\":\"3\",\"route_type_name\":\"Bus\",\"route_color\":\"8E00FF\",\"route_text_color\":\"FFFFFF\"}]","metadata_feed_id":"Arkansas__City_of_Fort_Smith__mdb_ntd-60086","metadata_agency_names":"City of Fort Smith Transit","metadata_ntd_id":"60086","metadata_ntd_match_method":"manual_override","metadata_ntd_agency":"City of Fort Smith, dba: Fort Smith Transit","metadata_ntd_city":"Fort Smith","metadata_ntd_state":"AR","metadata_gtfs_route_count":7,"metadata_gtfs_trip_count":147,"metadata_gtfs_shape_count":15,"metadata_gtfs_stop_count":409,"metadata_ntd_agency_voms":10,"metadata_ntd_total_facilities":4,"metadata_ntd_maintenance_facilities":2,"metadata_ntd_passenger_stations":1,"metadata_tam_tier":"Tier II","metadata_service_area_sq_miles":65,"metadata_service_area_population":86209,"metadata_route_types_json":"{\"3\":7}","metadata_ntd_facilities_json":"{\"maintenance_facilities\":2,\"administrative_and_other_non_passenger_facilities\":1,\"passenger_stations_and_terminals\":1,\"parking_and_other_passenger_facilities\":0,\"total_facilities\":4,\"bus_transfer_centers\":1,\"elevated_fixed_guideway_stations\":0,\"at_grade_fixed_guideway_stations\":0,\"underground_fixed_guideway_stations\":0,\"simple_at_grade_platform_stations\":0,\"exclusive_grade_separated_platform_stations\":0,\"ferryboat_terminals\":0,\"surface_parking_lots\":0,\"parking_structures\":0}","metadata_tam_modes_json":"{\"DR\":{\"total_units_2024\":5,\"units_under_threshold_2024\":0,\"voms_2024\":3,\"total_modal_vrm_2024\":163578,\"total_modal_upt_2024\":19821},\"MB\":{\"total_units_2024\":22,\"units_under_threshold_2024\":0,\"voms_2024\":14,\"total_modal_vrm_2024\":607970,\"total_modal_upt_2024\":469580}}"},"geometry":{"type":"Point","coordinates":[-94.422154,35.353773]}},{"type":"Feature","properties":{"stop_id":"Towson Ave @ Dodson Ave__35.371992_-94.421424","stop_code":"","stop_name":"Towson Ave @ Dodson Ave","stop_desc":"","zone_id":"","stop_url":"","location_type":"","parent_station":"","stop_timezone":"","wheelchair_boarding":"","feed_id":"Arkansas__City_of_Fort_Smith__mdb_ntd-60086","agency_name":"City of Fort Smith Transit","route_count":2,"route_ids":"Jenny Lind|Towson","route_short_names":"","route_types":"3","route_type_names":"Bus","routes_json":"[{\"route_id\":\"Jenny Lind\",\"route_short_name\":\"\",\"route_long_name\":\"Jenny Lind\",\"route_type\":\"3\",\"route_type_name\":\"Bus\",\"route_color\":\"8E00FF\",\"route_text_color\":\"FFFFFF\"},{\"route_id\":\"Towson\",\"route_short_name\":\"\",\"route_long_name\":\"Towson\",\"route_type\":\"3\",\"route_type_name\":\"Bus\",\"route_color\":\"70AD47\",\"route_text_color\":\"000000\"}]","metadata_feed_id":"Arkansas__City_of_Fort_Smith__mdb_ntd-60086","metadata_agency_names":"City of Fort Smith Transit","metadata_ntd_id":"60086","metadata_ntd_match_method":"manual_override","metadata_ntd_agency":"City of Fort Smith, dba: Fort Smith Transit","metadata_ntd_city":"Fort Smith","metadata_ntd_state":"AR","metadata_gtfs_route_count":7,"metadata_gtfs_trip_count":147,"metadata_gtfs_shape_count":15,"metadata_gtfs_stop_count":409,"metadata_ntd_agency_voms":10,"metadata_ntd_total_facilities":4,"metadata_ntd_maintenance_facilities":2,"metadata_ntd_passenger_stations":1,"metadata_tam_tier":"Tier II","metadata_service_area_sq_miles":65,"metadata_service_area_population":86209,"metadata_route_types_json":"{\"3\":7}","metadata_ntd_facilities_json":"{\"maintenance_facilities\":2,\"administrative_and_other_non_passenger_facilities\":1,\"passenger_stations_and_terminals\":1,\"parking_and_other_passenger_facilities\":0,\"total_facilities\":4,\"bus_transfer_centers\":1,\"elevated_fixed_guideway_stations\":0,\"at_grade_fixed_guideway_stations\":0,\"underground_fixed_guideway_stations\":0,\"simple_at_grade_platform_stations\":0,\"exclusive_grade_separated_platform_stations\":0,\"ferryboat_terminals\":0,\"surface_parking_lots\":0,\"parking_structures\":0}","metadata_tam_modes_json":"{\"DR\":{\"total_units_2024\":5,\"units_under_threshold_2024\":0,\"voms_2024\":3,\"total_modal_vrm_2024\":163578,\"total_modal_upt_2024\":19821},\"MB\":{\"total_units_2024\":22,\"units_under_threshold_2024\":0,\"voms_2024\":14,\"total_modal_vrm_2024\":607970,\"total_modal_upt_2024\":469580}}"},"geometry":{"type":"Point","coordinates":[-94.421424,35.371992]}},{"type":"Feature","properties":{"stop_id":"Towson Ave @ Fresno St__35.351919_-94.422212","stop_code":"","stop_name":"Towson Ave @ Fresno St","stop_desc":"","zone_id":"","stop_url":"","location_type":"","parent_station":"","stop_timezone":"","wheelchair_boarding":"","feed_id":"Arkansas__City_of_Fort_Smith__mdb_ntd-60086","agency_name":"City of Fort Smith Transit","route_count":2,"route_ids":"Jenny Lind|Towson","route_short_names":"","route_types":"3","route_type_names":"Bus","routes_json":"[{\"route_id\":\"Jenny Lind\",\"route_short_name\":\"\",\"route_long_name\":\"Jenny Lind\",\"route_type\":\"3\",\"route_type_name\":\"Bus\",\"route_color\":\"8E00FF\",\"route_text_color\":\"FFFFFF\"},{\"route_id\":\"Towson\",\"route_short_name\":\"\",\"route_long_name\":\"Towson\",\"route_type\":\"3\",\"route_type_name\":\"Bus\",\"route_color\":\"70AD47\",\"route_text_color\":\"000000\"}]","metadata_feed_id":"Arkansas__City_of_Fort_Smith__mdb_ntd-60086","metadata_agency_names":"City of Fort Smith Transit","metadata_ntd_id":"60086","metadata_ntd_match_method":"manual_override","metadata_ntd_agency":"City of Fort Smith, dba: Fort Smith Transit","metadata_ntd_city":"Fort Smith","metadata_ntd_state":"AR","metadata_gtfs_route_count":7,"metadata_gtfs_trip_count":147,"metadata_gtfs_shape_count":15,"metadata_gtfs_stop_count":409,"metadata_ntd_agency_voms":10,"metadata_ntd_total_facilities":4,"metadata_ntd_maintenance_facilities":2,"metadata_ntd_passenger_stations":1,"metadata_tam_tier":"Tier II","metadata_service_area_sq_miles":65,"metadata_service_area_population":86209,"metadata_route_types_json":"{\"3\":7}","metadata_ntd_facilities_json":"{\"maintenance_facilities\":2,\"administrative_and_other_non_passenger_facilities\":1,\"passenger_stations_and_terminals\":1,\"parking_and_other_passenger_facilities\":0,\"total_facilities\":4,\"bus_transfer_centers\":1,\"elevated_fixed_guideway_stations\":0,\"at_grade_fixed_guideway_stations\":0,\"underground_fixed_guideway_stations\":0,\"simple_at_grade_platform_stations\":0,\"exclusive_grade_separated_platform_stations\":0,\"ferryboat_terminals\":0,\"surface_parking_lots\":0,\"parking_structures\":0}","metadata_tam_modes_json":"{\"DR\":{\"total_units_2024\":5,\"units_under_threshold_2024\":0,\"voms_2024\":3,\"total_modal_vrm_2024\":163578,\"total_modal_upt_2024\":19821},\"MB\":{\"total_units_2024\":22,\"units_under_threshold_2024\":0,\"voms_2024\":14,\"total_modal_vrm_2024\":607970,\"total_modal_upt_2024\":469580}}"},"geometry":{"type":"Point","coordinates":[-94.422212,35.351919]}},{"type":"Feature","properties":{"stop_id":"Towson Ave @ Garrison Ave_Towson Ave @ Garrison Ave_35.384357_-94.420955","stop_code":"","stop_name":"Towson Ave @ Garrison Ave","stop_desc":"","zone_id":"","stop_url":"","location_type":"","parent_station":"","stop_timezone":"","wheelchair_boarding":"","feed_id":"Arkansas__City_of_Fort_Smith__mdb_ntd-60086","agency_name":"City of Fort Smith Transit","route_count":1,"route_ids":"Midland","route_short_names":"","route_types":"3","route_type_names":"Bus","routes_json":"[{\"route_id\":\"Midland\",\"route_short_name\":\"\",\"route_long_name\":\"Midland\",\"route_type\":\"3\",\"route_type_name\":\"Bus\",\"route_color\":\"F51414\",\"route_text_color\":\"FFFFFF\"}]","metadata_feed_id":"Arkansas__City_of_Fort_Smith__mdb_ntd-60086","metadata_agency_names":"City of Fort Smith Transit","metadata_ntd_id":"60086","metadata_ntd_match_method":"manual_override","metadata_ntd_agency":"City of Fort Smith, dba: Fort Smith Transit","metadata_ntd_city":"Fort Smith","metadata_ntd_state":"AR","metadata_gtfs_route_count":7,"metadata_gtfs_trip_count":147,"metadata_gtfs_shape_count":15,"metadata_gtfs_stop_count":409,"metadata_ntd_agency_voms":10,"metadata_ntd_total_facilities":4,"metadata_ntd_maintenance_facilities":2,"metadata_ntd_passenger_stations":1,"metadata_tam_tier":"Tier II","metadata_service_area_sq_miles":65,"metadata_service_area_population":86209,"metadata_route_types_json":"{\"3\":7}","metadata_ntd_facilities_json":"{\"maintenance_facilities\":2,\"administrative_and_other_non_passenger_facilities\":1,\"passenger_stations_and_terminals\":1,\"parking_and_other_passenger_facilities\":0,\"total_facilities\":4,\"bus_transfer_centers\":1,\"elevated_fixed_guideway_stations\":0,\"at_grade_fixed_guideway_stations\":0,\"underground_fixed_guideway_stations\":0,\"simple_at_grade_platform_stations\":0,\"exclusive_grade_separated_platform_stations\":0,\"ferryboat_terminals\":0,\"surface_parking_lots\":0,\"parking_structures\":0}","metadata_tam_modes_json":"{\"DR\":{\"total_units_2024\":5,\"units_under_threshold_2024\":0,\"voms_2024\":3,\"total_modal_vrm_2024\":163578,\"total_modal_upt_2024\":19821},\"MB\":{\"total_units_2024\":22,\"units_under_threshold_2024\":0,\"voms_2024\":14,\"total_modal_vrm_2024\":607970,\"total_modal_upt_2024\":469580}}"},"geometry":{"type":"Point","coordinates":[-94.420955,35.384357]}},{"type":"Feature","properties":{"stop_id":"Towson Ave @ Independence St__35.347689_-94.422380","stop_code":"","stop_name":"Towson Ave @ Independence St","stop_desc":"","zone_id":"","stop_url":"","location_type":"","parent_station":"","stop_timezone":"","wheelchair_boarding":"","feed_id":"Arkansas__City_of_Fort_Smith__mdb_ntd-60086","agency_name":"City of Fort Smith Transit","route_count":2,"route_ids":"Jenny Lind|Towson","route_short_names":"","route_types":"3","route_type_names":"Bus","routes_json":"[{\"route_id\":\"Jenny Lind\",\"route_short_name\":\"\",\"route_long_name\":\"Jenny Lind\",\"route_type\":\"3\",\"route_type_name\":\"Bus\",\"route_color\":\"8E00FF\",\"route_text_color\":\"FFFFFF\"},{\"route_id\":\"Towson\",\"route_short_name\":\"\",\"route_long_name\":\"Towson\",\"route_type\":\"3\",\"route_type_name\":\"Bus\",\"route_color\":\"70AD47\",\"route_text_color\":\"000000\"}]","metadata_feed_id":"Arkansas__City_of_Fort_Smith__mdb_ntd-60086","metadata_agency_names":"City of Fort Smith Transit","metadata_ntd_id":"60086","metadata_ntd_match_method":"manual_override","metadata_ntd_agency":"City of Fort Smith, dba: Fort Smith Transit","metadata_ntd_city":"Fort Smith","metadata_ntd_state":"AR","metadata_gtfs_route_count":7,"metadata_gtfs_trip_count":147,"metadata_gtfs_shape_count":15,"metadata_gtfs_stop_count":409,"metadata_ntd_agency_voms":10,"metadata_ntd_total_facilities":4,"metadata_ntd_maintenance_facilities":2,"metadata_ntd_passenger_stations":1,"metadata_tam_tier":"Tier II","metadata_service_area_sq_miles":65,"metadata_service_area_population":86209,"metadata_route_types_json":"{\"3\":7}","metadata_ntd_facilities_json":"{\"maintenance_facilities\":2,\"administrative_and_other_non_passenger_facilities\":1,\"passenger_stations_and_terminals\":1,\"parking_and_other_passenger_facilities\":0,\"total_facilities\":4,\"bus_transfer_centers\":1,\"elevated_fixed_guideway_stations\":0,\"at_grade_fixed_guideway_stations\":0,\"underground_fixed_guideway_stations\":0,\"simple_at_grade_platform_stations\":0,\"exclusive_grade_separated_platform_stations\":0,\"ferryboat_terminals\":0,\"surface_parking_lots\":0,\"parking_structures\":0}","metadata_tam_modes_json":"{\"DR\":{\"total_units_2024\":5,\"units_under_threshold_2024\":0,\"voms_2024\":3,\"total_modal_vrm_2024\":163578,\"total_modal_upt_2024\":19821},\"MB\":{\"total_units_2024\":22,\"units_under_threshold_2024\":0,\"voms_2024\":14,\"total_modal_vrm_2024\":607970,\"total_modal_upt_2024\":469580}}"},"geometry":{"type":"Point","coordinates":[-94.42238,35.347689]}},{"type":"Feature","properties":{"stop_id":"Towson Ave @ Jackson St__35.346447_-94.422429","stop_code":"","stop_name":"Towson Ave @ Jackson St","stop_desc":"","zone_id":"","stop_url":"","location_type":"","parent_station":"","stop_timezone":"","wheelchair_boarding":"","feed_id":"Arkansas__City_of_Fort_Smith__mdb_ntd-60086","agency_name":"City of Fort Smith Transit","route_count":1,"route_ids":"Towson","route_short_names":"","route_types":"3","route_type_names":"Bus","routes_json":"[{\"route_id\":\"Towson\",\"route_short_name\":\"\",\"route_long_name\":\"Towson\",\"route_type\":\"3\",\"route_type_name\":\"Bus\",\"route_color\":\"70AD47\",\"route_text_color\":\"000000\"}]","metadata_feed_id":"Arkansas__City_of_Fort_Smith__mdb_ntd-60086","metadata_agency_names":"City of Fort Smith Transit","metadata_ntd_id":"60086","metadata_ntd_match_method":"manual_override","metadata_ntd_agency":"City of Fort Smith, dba: Fort Smith Transit","metadata_ntd_city":"Fort Smith","metadata_ntd_state":"AR","metadata_gtfs_route_count":7,"metadata_gtfs_trip_count":147,"metadata_gtfs_shape_count":15,"metadata_gtfs_stop_count":409,"metadata_ntd_agency_voms":10,"metadata_ntd_total_facilities":4,"metadata_ntd_maintenance_facilities":2,"metadata_ntd_passenger_stations":1,"metadata_tam_tier":"Tier II","metadata_service_area_sq_miles":65,"metadata_service_area_population":86209,"metadata_route_types_json":"{\"3\":7}","metadata_ntd_facilities_json":"{\"maintenance_facilities\":2,\"administrative_and_other_non_passenger_facilities\":1,\"passenger_stations_and_terminals\":1,\"parking_and_other_passenger_facilities\":0,\"total_facilities\":4,\"bus_transfer_centers\":1,\"elevated_fixed_guideway_stations\":0,\"at_grade_fixed_guideway_stations\":0,\"underground_fixed_guideway_stations\":0,\"simple_at_grade_platform_stations\":0,\"exclusive_grade_separated_platform_stations\":0,\"ferryboat_terminals\":0,\"surface_parking_lots\":0,\"parking_structures\":0}","metadata_tam_modes_json":"{\"DR\":{\"total_units_2024\":5,\"units_under_threshold_2024\":0,\"voms_2024\":3,\"total_modal_vrm_2024\":163578,\"total_modal_upt_2024\":19821},\"MB\":{\"total_units_2024\":22,\"units_under_threshold_2024\":0,\"voms_2024\":14,\"total_modal_vrm_2024\":607970,\"total_modal_upt_2024\":469580}}"},"geometry":{"type":"Point","coordinates":[-94.422429,35.346447]}},{"type":"Feature","properties":{"stop_id":"Towson Ave @ Phoenix Ave_Towson Ave @ Phoenix Ave_35.339046_-94.422678","stop_code":"","stop_name":"Towson Ave @ Phoenix Ave","stop_desc":"","zone_id":"","stop_url":"","location_type":"","parent_station":"","stop_timezone":"","wheelchair_boarding":"","feed_id":"Arkansas__City_of_Fort_Smith__mdb_ntd-60086","agency_name":"City of Fort Smith Transit","route_count":1,"route_ids":"Jenny Lind","route_short_names":"","route_types":"3","route_type_names":"Bus","routes_json":"[{\"route_id\":\"Jenny Lind\",\"route_short_name\":\"\",\"route_long_name\":\"Jenny Lind\",\"route_type\":\"3\",\"route_type_name\":\"Bus\",\"route_color\":\"8E00FF\",\"route_text_color\":\"FFFFFF\"}]","metadata_feed_id":"Arkansas__City_of_Fort_Smith__mdb_ntd-60086","metadata_agency_names":"City of Fort Smith Transit","metadata_ntd_id":"60086","metadata_ntd_match_method":"manual_override","metadata_ntd_agency":"City of Fort Smith, dba: Fort Smith Transit","metadata_ntd_city":"Fort Smith","metadata_ntd_state":"AR","metadata_gtfs_route_count":7,"metadata_gtfs_trip_count":147,"metadata_gtfs_shape_count":15,"metadata_gtfs_stop_count":409,"metadata_ntd_agency_voms":10,"metadata_ntd_total_facilities":4,"metadata_ntd_maintenance_facilities":2,"metadata_ntd_passenger_stations":1,"metadata_tam_tier":"Tier II","metadata_service_area_sq_miles":65,"metadata_service_area_population":86209,"metadata_route_types_json":"{\"3\":7}","metadata_ntd_facilities_json":"{\"maintenance_facilities\":2,\"administrative_and_other_non_passenger_facilities\":1,\"passenger_stations_and_terminals\":1,\"parking_and_other_passenger_facilities\":0,\"total_facilities\":4,\"bus_transfer_centers\":1,\"elevated_fixed_guideway_stations\":0,\"at_grade_fixed_guideway_stations\":0,\"underground_fixed_guideway_stations\":0,\"simple_at_grade_platform_stations\":0,\"exclusive_grade_separated_platform_stations\":0,\"ferryboat_terminals\":0,\"surface_parking_lots\":0,\"parking_structures\":0}","metadata_tam_modes_json":"{\"DR\":{\"total_units_2024\":5,\"units_under_threshold_2024\":0,\"voms_2024\":3,\"total_modal_vrm_2024\":163578,\"total_modal_upt_2024\":19821},\"MB\":{\"total_units_2024\":22,\"units_under_threshold_2024\":0,\"voms_2024\":14,\"total_modal_vrm_2024\":607970,\"total_modal_upt_2024\":469580}}"},"geometry":{"type":"Point","coordinates":[-94.422678,35.339046]}},{"type":"Feature","properties":{"stop_id":"Towson Ave @ S B St__35.381275_-94.421101","stop_code":"","stop_name":"Towson Ave @ S B St","stop_desc":"","zone_id":"","stop_url":"","location_type":"","parent_station":"","stop_timezone":"","wheelchair_boarding":"","feed_id":"Arkansas__City_of_Fort_Smith__mdb_ntd-60086","agency_name":"City of Fort Smith Transit","route_count":1,"route_ids":"Towson","route_short_names":"","route_types":"3","route_type_names":"Bus","routes_json":"[{\"route_id\":\"Towson\",\"route_short_name\":\"\",\"route_long_name\":\"Towson\",\"route_type\":\"3\",\"route_type_name\":\"Bus\",\"route_color\":\"70AD47\",\"route_text_color\":\"000000\"}]","metadata_feed_id":"Arkansas__City_of_Fort_Smith__mdb_ntd-60086","metadata_agency_names":"City of Fort Smith Transit","metadata_ntd_id":"60086","metadata_ntd_match_method":"manual_override","metadata_ntd_agency":"City of Fort Smith, dba: Fort Smith Transit","metadata_ntd_city":"Fort Smith","metadata_ntd_state":"AR","metadata_gtfs_route_count":7,"metadata_gtfs_trip_count":147,"metadata_gtfs_shape_count":15,"metadata_gtfs_stop_count":409,"metadata_ntd_agency_voms":10,"metadata_ntd_total_facilities":4,"metadata_ntd_maintenance_facilities":2,"metadata_ntd_passenger_stations":1,"metadata_tam_tier":"Tier II","metadata_service_area_sq_miles":65,"metadata_service_area_population":86209,"metadata_route_types_json":"{\"3\":7}","metadata_ntd_facilities_json":"{\"maintenance_facilities\":2,\"administrative_and_other_non_passenger_facilities\":1,\"passenger_stations_and_terminals\":1,\"parking_and_other_passenger_facilities\":0,\"total_facilities\":4,\"bus_transfer_centers\":1,\"elevated_fixed_guideway_stations\":0,\"at_grade_fixed_guideway_stations\":0,\"underground_fixed_guideway_stations\":0,\"simple_at_grade_platform_stations\":0,\"exclusive_grade_separated_platform_stations\":0,\"ferryboat_terminals\":0,\"surface_parking_lots\":0,\"parking_structures\":0}","metadata_tam_modes_json":"{\"DR\":{\"total_units_2024\":5,\"units_under_threshold_2024\":0,\"voms_2024\":3,\"total_modal_vrm_2024\":163578,\"total_modal_upt_2024\":19821},\"MB\":{\"total_units_2024\":22,\"units_under_threshold_2024\":0,\"voms_2024\":14,\"total_modal_vrm_2024\":607970,\"total_modal_upt_2024\":469580}}"},"geometry":{"type":"Point","coordinates":[-94.421101,35.381275]}},{"type":"Feature","properties":{"stop_id":"Towson Ave @ S C St__35.380295_-94.421151","stop_code":"","stop_name":"Towson Ave @ S C St","stop_desc":"","zone_id":"","stop_url":"","location_type":"","parent_station":"","stop_timezone":"","wheelchair_boarding":"","feed_id":"Arkansas__City_of_Fort_Smith__mdb_ntd-60086","agency_name":"City of Fort Smith Transit","route_count":2,"route_ids":"Jenny Lind|Towson","route_short_names":"","route_types":"3","route_type_names":"Bus","routes_json":"[{\"route_id\":\"Jenny Lind\",\"route_short_name\":\"\",\"route_long_name\":\"Jenny Lind\",\"route_type\":\"3\",\"route_type_name\":\"Bus\",\"route_color\":\"8E00FF\",\"route_text_color\":\"FFFFFF\"},{\"route_id\":\"Towson\",\"route_short_name\":\"\",\"route_long_name\":\"Towson\",\"route_type\":\"3\",\"route_type_name\":\"Bus\",\"route_color\":\"70AD47\",\"route_text_color\":\"000000\"}]","metadata_feed_id":"Arkansas__City_of_Fort_Smith__mdb_ntd-60086","metadata_agency_names":"City of Fort Smith Transit","metadata_ntd_id":"60086","metadata_ntd_match_method":"manual_override","metadata_ntd_agency":"City of Fort Smith, dba: Fort Smith Transit","metadata_ntd_city":"Fort Smith","metadata_ntd_state":"AR","metadata_gtfs_route_count":7,"metadata_gtfs_trip_count":147,"metadata_gtfs_shape_count":15,"metadata_gtfs_stop_count":409,"metadata_ntd_agency_voms":10,"metadata_ntd_total_facilities":4,"metadata_ntd_maintenance_facilities":2,"metadata_ntd_passenger_stations":1,"metadata_tam_tier":"Tier II","metadata_service_area_sq_miles":65,"metadata_service_area_population":86209,"metadata_route_types_json":"{\"3\":7}","metadata_ntd_facilities_json":"{\"maintenance_facilities\":2,\"administrative_and_other_non_passenger_facilities\":1,\"passenger_stations_and_terminals\":1,\"parking_and_other_passenger_facilities\":0,\"total_facilities\":4,\"bus_transfer_centers\":1,\"elevated_fixed_guideway_stations\":0,\"at_grade_fixed_guideway_stations\":0,\"underground_fixed_guideway_stations\":0,\"simple_at_grade_platform_stations\":0,\"exclusive_grade_separated_platform_stations\":0,\"ferryboat_terminals\":0,\"surface_parking_lots\":0,\"parking_structures\":0}","metadata_tam_modes_json":"{\"DR\":{\"total_units_2024\":5,\"units_under_threshold_2024\":0,\"voms_2024\":3,\"total_modal_vrm_2024\":163578,\"total_modal_upt_2024\":19821},\"MB\":{\"total_units_2024\":22,\"units_under_threshold_2024\":0,\"voms_2024\":14,\"total_modal_vrm_2024\":607970,\"total_modal_upt_2024\":469580}}"},"geometry":{"type":"Point","coordinates":[-94.421151,35.380295]}},{"type":"Feature","properties":{"stop_id":"Towson Ave @ S F St__35.377222_-94.421262","stop_code":"","stop_name":"Towson Ave @ S F St","stop_desc":"","zone_id":"","stop_url":"","location_type":"","parent_station":"","stop_timezone":"","wheelchair_boarding":"","feed_id":"Arkansas__City_of_Fort_Smith__mdb_ntd-60086","agency_name":"City of Fort Smith Transit","route_count":2,"route_ids":"Jenny Lind|Towson","route_short_names":"","route_types":"3","route_type_names":"Bus","routes_json":"[{\"route_id\":\"Jenny Lind\",\"route_short_name\":\"\",\"route_long_name\":\"Jenny Lind\",\"route_type\":\"3\",\"route_type_name\":\"Bus\",\"route_color\":\"8E00FF\",\"route_text_color\":\"FFFFFF\"},{\"route_id\":\"Towson\",\"route_short_name\":\"\",\"route_long_name\":\"Towson\",\"route_type\":\"3\",\"route_type_name\":\"Bus\",\"route_color\":\"70AD47\",\"route_text_color\":\"000000\"}]","metadata_feed_id":"Arkansas__City_of_Fort_Smith__mdb_ntd-60086","metadata_agency_names":"City of Fort Smith Transit","metadata_ntd_id":"60086","metadata_ntd_match_method":"manual_override","metadata_ntd_agency":"City of Fort Smith, dba: Fort Smith Transit","metadata_ntd_city":"Fort Smith","metadata_ntd_state":"AR","metadata_gtfs_route_count":7,"metadata_gtfs_trip_count":147,"metadata_gtfs_shape_count":15,"metadata_gtfs_stop_count":409,"metadata_ntd_agency_voms":10,"metadata_ntd_total_facilities":4,"metadata_ntd_maintenance_facilities":2,"metadata_ntd_passenger_stations":1,"metadata_tam_tier":"Tier II","metadata_service_area_sq_miles":65,"metadata_service_area_population":86209,"metadata_route_types_json":"{\"3\":7}","metadata_ntd_facilities_json":"{\"maintenance_facilities\":2,\"administrative_and_other_non_passenger_facilities\":1,\"passenger_stations_and_terminals\":1,\"parking_and_other_passenger_facilities\":0,\"total_facilities\":4,\"bus_transfer_centers\":1,\"elevated_fixed_guideway_stations\":0,\"at_grade_fixed_guideway_stations\":0,\"underground_fixed_guideway_stations\":0,\"simple_at_grade_platform_stations\":0,\"exclusive_grade_separated_platform_stations\":0,\"ferryboat_terminals\":0,\"surface_parking_lots\":0,\"parking_structures\":0}","metadata_tam_modes_json":"{\"DR\":{\"total_units_2024\":5,\"units_under_threshold_2024\":0,\"voms_2024\":3,\"total_modal_vrm_2024\":163578,\"total_modal_upt_2024\":19821},\"MB\":{\"total_units_2024\":22,\"units_under_threshold_2024\":0,\"voms_2024\":14,\"total_modal_vrm_2024\":607970,\"total_modal_upt_2024\":469580}}"},"geometry":{"type":"Point","coordinates":[-94.421262,35.377222]}},{"type":"Feature","properties":{"stop_id":"Towson Ave @ S I St__35.374514_-94.421335","stop_code":"","stop_name":"Towson Ave @ S I St","stop_desc":"","zone_id":"","stop_url":"","location_type":"","parent_station":"","stop_timezone":"","wheelchair_boarding":"","feed_id":"Arkansas__City_of_Fort_Smith__mdb_ntd-60086","agency_name":"City of Fort Smith Transit","route_count":2,"route_ids":"Jenny Lind|Towson","route_short_names":"","route_types":"3","route_type_names":"Bus","routes_json":"[{\"route_id\":\"Jenny Lind\",\"route_short_name\":\"\",\"route_long_name\":\"Jenny Lind\",\"route_type\":\"3\",\"route_type_name\":\"Bus\",\"route_color\":\"8E00FF\",\"route_text_color\":\"FFFFFF\"},{\"route_id\":\"Towson\",\"route_short_name\":\"\",\"route_long_name\":\"Towson\",\"route_type\":\"3\",\"route_type_name\":\"Bus\",\"route_color\":\"70AD47\",\"route_text_color\":\"000000\"}]","metadata_feed_id":"Arkansas__City_of_Fort_Smith__mdb_ntd-60086","metadata_agency_names":"City of Fort Smith Transit","metadata_ntd_id":"60086","metadata_ntd_match_method":"manual_override","metadata_ntd_agency":"City of Fort Smith, dba: Fort Smith Transit","metadata_ntd_city":"Fort Smith","metadata_ntd_state":"AR","metadata_gtfs_route_count":7,"metadata_gtfs_trip_count":147,"metadata_gtfs_shape_count":15,"metadata_gtfs_stop_count":409,"metadata_ntd_agency_voms":10,"metadata_ntd_total_facilities":4,"metadata_ntd_maintenance_facilities":2,"metadata_ntd_passenger_stations":1,"metadata_tam_tier":"Tier II","metadata_service_area_sq_miles":65,"metadata_service_area_population":86209,"metadata_route_types_json":"{\"3\":7}","metadata_ntd_facilities_json":"{\"maintenance_facilities\":2,\"administrative_and_other_non_passenger_facilities\":1,\"passenger_stations_and_terminals\":1,\"parking_and_other_passenger_facilities\":0,\"total_facilities\":4,\"bus_transfer_centers\":1,\"elevated_fixed_guideway_stations\":0,\"at_grade_fixed_guideway_stations\":0,\"underground_fixed_guideway_stations\":0,\"simple_at_grade_platform_stations\":0,\"exclusive_grade_separated_platform_stations\":0,\"ferryboat_terminals\":0,\"surface_parking_lots\":0,\"parking_structures\":0}","metadata_tam_modes_json":"{\"DR\":{\"total_units_2024\":5,\"units_under_threshold_2024\":0,\"voms_2024\":3,\"total_modal_vrm_2024\":163578,\"total_modal_upt_2024\":19821},\"MB\":{\"total_units_2024\":22,\"units_under_threshold_2024\":0,\"voms_2024\":14,\"total_modal_vrm_2024\":607970,\"total_modal_upt_2024\":469580}}"},"geometry":{"type":"Point","coordinates":[-94.421335,35.374514]}},{"type":"Feature","properties":{"stop_id":"Towson Ave @ S O St__35.368365_-94.421539","stop_code":"","stop_name":"Towson Ave @ S O St","stop_desc":"","zone_id":"","stop_url":"","location_type":"","parent_station":"","stop_timezone":"","wheelchair_boarding":"","feed_id":"Arkansas__City_of_Fort_Smith__mdb_ntd-60086","agency_name":"City of Fort Smith Transit","route_count":2,"route_ids":"Jenny Lind|Towson","route_short_names":"","route_types":"3","route_type_names":"Bus","routes_json":"[{\"route_id\":\"Jenny Lind\",\"route_short_name\":\"\",\"route_long_name\":\"Jenny Lind\",\"route_type\":\"3\",\"route_type_name\":\"Bus\",\"route_color\":\"8E00FF\",\"route_text_color\":\"FFFFFF\"},{\"route_id\":\"Towson\",\"route_short_name\":\"\",\"route_long_name\":\"Towson\",\"route_type\":\"3\",\"route_type_name\":\"Bus\",\"route_color\":\"70AD47\",\"route_text_color\":\"000000\"}]","metadata_feed_id":"Arkansas__City_of_Fort_Smith__mdb_ntd-60086","metadata_agency_names":"City of Fort Smith Transit","metadata_ntd_id":"60086","metadata_ntd_match_method":"manual_override","metadata_ntd_agency":"City of Fort Smith, dba: Fort Smith Transit","metadata_ntd_city":"Fort Smith","metadata_ntd_state":"AR","metadata_gtfs_route_count":7,"metadata_gtfs_trip_count":147,"metadata_gtfs_shape_count":15,"metadata_gtfs_stop_count":409,"metadata_ntd_agency_voms":10,"metadata_ntd_total_facilities":4,"metadata_ntd_maintenance_facilities":2,"metadata_ntd_passenger_stations":1,"metadata_tam_tier":"Tier II","metadata_service_area_sq_miles":65,"metadata_service_area_population":86209,"metadata_route_types_json":"{\"3\":7}","metadata_ntd_facilities_json":"{\"maintenance_facilities\":2,\"administrative_and_other_non_passenger_facilities\":1,\"passenger_stations_and_terminals\":1,\"parking_and_other_passenger_facilities\":0,\"total_facilities\":4,\"bus_transfer_centers\":1,\"elevated_fixed_guideway_stations\":0,\"at_grade_fixed_guideway_stations\":0,\"underground_fixed_guideway_stations\":0,\"simple_at_grade_platform_stations\":0,\"exclusive_grade_separated_platform_stations\":0,\"ferryboat_terminals\":0,\"surface_parking_lots\":0,\"parking_structures\":0}","metadata_tam_modes_json":"{\"DR\":{\"total_units_2024\":5,\"units_under_threshold_2024\":0,\"voms_2024\":3,\"total_modal_vrm_2024\":163578,\"total_modal_upt_2024\":19821},\"MB\":{\"total_units_2024\":22,\"units_under_threshold_2024\":0,\"voms_2024\":14,\"total_modal_vrm_2024\":607970,\"total_modal_upt_2024\":469580}}"},"geometry":{"type":"Point","coordinates":[-94.421539,35.368365]}},{"type":"Feature","properties":{"stop_id":"Towson Ave @ S Q St__35.366412_-94.421607","stop_code":"","stop_name":"Towson Ave @ S Q St","stop_desc":"","zone_id":"","stop_url":"","location_type":"","parent_station":"","stop_timezone":"","wheelchair_boarding":"","feed_id":"Arkansas__City_of_Fort_Smith__mdb_ntd-60086","agency_name":"City of Fort Smith Transit","route_count":1,"route_ids":"Towson","route_short_names":"","route_types":"3","route_type_names":"Bus","routes_json":"[{\"route_id\":\"Towson\",\"route_short_name\":\"\",\"route_long_name\":\"Towson\",\"route_type\":\"3\",\"route_type_name\":\"Bus\",\"route_color\":\"70AD47\",\"route_text_color\":\"000000\"}]","metadata_feed_id":"Arkansas__City_of_Fort_Smith__mdb_ntd-60086","metadata_agency_names":"City of Fort Smith Transit","metadata_ntd_id":"60086","metadata_ntd_match_method":"manual_override","metadata_ntd_agency":"City of Fort Smith, dba: Fort Smith Transit","metadata_ntd_city":"Fort Smith","metadata_ntd_state":"AR","metadata_gtfs_route_count":7,"metadata_gtfs_trip_count":147,"metadata_gtfs_shape_count":15,"metadata_gtfs_stop_count":409,"metadata_ntd_agency_voms":10,"metadata_ntd_total_facilities":4,"metadata_ntd_maintenance_facilities":2,"metadata_ntd_passenger_stations":1,"metadata_tam_tier":"Tier II","metadata_service_area_sq_miles":65,"metadata_service_area_population":86209,"metadata_route_types_json":"{\"3\":7}","metadata_ntd_facilities_json":"{\"maintenance_facilities\":2,\"administrative_and_other_non_passenger_facilities\":1,\"passenger_stations_and_terminals\":1,\"parking_and_other_passenger_facilities\":0,\"total_facilities\":4,\"bus_transfer_centers\":1,\"elevated_fixed_guideway_stations\":0,\"at_grade_fixed_guideway_stations\":0,\"underground_fixed_guideway_stations\":0,\"simple_at_grade_platform_stations\":0,\"exclusive_grade_separated_platform_stations\":0,\"ferryboat_terminals\":0,\"surface_parking_lots\":0,\"parking_structures\":0}","metadata_tam_modes_json":"{\"DR\":{\"total_units_2024\":5,\"units_under_threshold_2024\":0,\"voms_2024\":3,\"total_modal_vrm_2024\":163578,\"total_modal_upt_2024\":19821},\"MB\":{\"total_units_2024\":22,\"units_under_threshold_2024\":0,\"voms_2024\":14,\"total_modal_vrm_2024\":607970,\"total_modal_upt_2024\":469580}}"},"geometry":{"type":"Point","coordinates":[-94.421607,35.366412]}},{"type":"Feature","properties":{"stop_id":"Towson Ave @ S U St__35.362881_-94.421804","stop_code":"","stop_name":"Towson Ave @ S U St","stop_desc":"","zone_id":"","stop_url":"","location_type":"","parent_station":"","stop_timezone":"","wheelchair_boarding":"","feed_id":"Arkansas__City_of_Fort_Smith__mdb_ntd-60086","agency_name":"City of Fort Smith Transit","route_count":2,"route_ids":"Jenny Lind|Towson","route_short_names":"","route_types":"3","route_type_names":"Bus","routes_json":"[{\"route_id\":\"Jenny Lind\",\"route_short_name\":\"\",\"route_long_name\":\"Jenny Lind\",\"route_type\":\"3\",\"route_type_name\":\"Bus\",\"route_color\":\"8E00FF\",\"route_text_color\":\"FFFFFF\"},{\"route_id\":\"Towson\",\"route_short_name\":\"\",\"route_long_name\":\"Towson\",\"route_type\":\"3\",\"route_type_name\":\"Bus\",\"route_color\":\"70AD47\",\"route_text_color\":\"000000\"}]","metadata_feed_id":"Arkansas__City_of_Fort_Smith__mdb_ntd-60086","metadata_agency_names":"City of Fort Smith Transit","metadata_ntd_id":"60086","metadata_ntd_match_method":"manual_override","metadata_ntd_agency":"City of Fort Smith, dba: Fort Smith Transit","metadata_ntd_city":"Fort Smith","metadata_ntd_state":"AR","metadata_gtfs_route_count":7,"metadata_gtfs_trip_count":147,"metadata_gtfs_shape_count":15,"metadata_gtfs_stop_count":409,"metadata_ntd_agency_voms":10,"metadata_ntd_total_facilities":4,"metadata_ntd_maintenance_facilities":2,"metadata_ntd_passenger_stations":1,"metadata_tam_tier":"Tier II","metadata_service_area_sq_miles":65,"metadata_service_area_population":86209,"metadata_route_types_json":"{\"3\":7}","metadata_ntd_facilities_json":"{\"maintenance_facilities\":2,\"administrative_and_other_non_passenger_facilities\":1,\"passenger_stations_and_terminals\":1,\"parking_and_other_passenger_facilities\":0,\"total_facilities\":4,\"bus_transfer_centers\":1,\"elevated_fixed_guideway_stations\":0,\"at_grade_fixed_guideway_stations\":0,\"underground_fixed_guideway_stations\":0,\"simple_at_grade_platform_stations\":0,\"exclusive_grade_separated_platform_stations\":0,\"ferryboat_terminals\":0,\"surface_parking_lots\":0,\"parking_structures\":0}","metadata_tam_modes_json":"{\"DR\":{\"total_units_2024\":5,\"units_under_threshold_2024\":0,\"voms_2024\":3,\"total_modal_vrm_2024\":163578,\"total_modal_upt_2024\":19821},\"MB\":{\"total_units_2024\":22,\"units_under_threshold_2024\":0,\"voms_2024\":14,\"total_modal_vrm_2024\":607970,\"total_modal_upt_2024\":469580}}"},"geometry":{"type":"Point","coordinates":[-94.421804,35.362881]}},{"type":"Feature","properties":{"stop_id":"Towson Ave @ S W St__35.361009_-94.421862","stop_code":"","stop_name":"Towson Ave @ S W St","stop_desc":"","zone_id":"","stop_url":"","location_type":"","parent_station":"","stop_timezone":"","wheelchair_boarding":"","feed_id":"Arkansas__City_of_Fort_Smith__mdb_ntd-60086","agency_name":"City of Fort Smith Transit","route_count":2,"route_ids":"Jenny Lind|Towson","route_short_names":"","route_types":"3","route_type_names":"Bus","routes_json":"[{\"route_id\":\"Jenny Lind\",\"route_short_name\":\"\",\"route_long_name\":\"Jenny Lind\",\"route_type\":\"3\",\"route_type_name\":\"Bus\",\"route_color\":\"8E00FF\",\"route_text_color\":\"FFFFFF\"},{\"route_id\":\"Towson\",\"route_short_name\":\"\",\"route_long_name\":\"Towson\",\"route_type\":\"3\",\"route_type_name\":\"Bus\",\"route_color\":\"70AD47\",\"route_text_color\":\"000000\"}]","metadata_feed_id":"Arkansas__City_of_Fort_Smith__mdb_ntd-60086","metadata_agency_names":"City of Fort Smith Transit","metadata_ntd_id":"60086","metadata_ntd_match_method":"manual_override","metadata_ntd_agency":"City of Fort Smith, dba: Fort Smith Transit","metadata_ntd_city":"Fort Smith","metadata_ntd_state":"AR","metadata_gtfs_route_count":7,"metadata_gtfs_trip_count":147,"metadata_gtfs_shape_count":15,"metadata_gtfs_stop_count":409,"metadata_ntd_agency_voms":10,"metadata_ntd_total_facilities":4,"metadata_ntd_maintenance_facilities":2,"metadata_ntd_passenger_stations":1,"metadata_tam_tier":"Tier II","metadata_service_area_sq_miles":65,"metadata_service_area_population":86209,"metadata_route_types_json":"{\"3\":7}","metadata_ntd_facilities_json":"{\"maintenance_facilities\":2,\"administrative_and_other_non_passenger_facilities\":1,\"passenger_stations_and_terminals\":1,\"parking_and_other_passenger_facilities\":0,\"total_facilities\":4,\"bus_transfer_centers\":1,\"elevated_fixed_guideway_stations\":0,\"at_grade_fixed_guideway_stations\":0,\"underground_fixed_guideway_stations\":0,\"simple_at_grade_platform_stations\":0,\"exclusive_grade_separated_platform_stations\":0,\"ferryboat_terminals\":0,\"surface_parking_lots\":0,\"parking_structures\":0}","metadata_tam_modes_json":"{\"DR\":{\"total_units_2024\":5,\"units_under_threshold_2024\":0,\"voms_2024\":3,\"total_modal_vrm_2024\":163578,\"total_modal_upt_2024\":19821},\"MB\":{\"total_units_2024\":22,\"units_under_threshold_2024\":0,\"voms_2024\":14,\"total_modal_vrm_2024\":607970,\"total_modal_upt_2024\":469580}}"},"geometry":{"type":"Point","coordinates":[-94.421862,35.361009]}},{"type":"Feature","properties":{"stop_id":"Towson Ave @ S Y St__35.359316_-94.421904","stop_code":"","stop_name":"Towson Ave @ S Y St","stop_desc":"","zone_id":"","stop_url":"","location_type":"","parent_station":"","stop_timezone":"","wheelchair_boarding":"","feed_id":"Arkansas__City_of_Fort_Smith__mdb_ntd-60086","agency_name":"City of Fort Smith Transit","route_count":1,"route_ids":"Towson","route_short_names":"","route_types":"3","route_type_names":"Bus","routes_json":"[{\"route_id\":\"Towson\",\"route_short_name\":\"\",\"route_long_name\":\"Towson\",\"route_type\":\"3\",\"route_type_name\":\"Bus\",\"route_color\":\"70AD47\",\"route_text_color\":\"000000\"}]","metadata_feed_id":"Arkansas__City_of_Fort_Smith__mdb_ntd-60086","metadata_agency_names":"City of Fort Smith Transit","metadata_ntd_id":"60086","metadata_ntd_match_method":"manual_override","metadata_ntd_agency":"City of Fort Smith, dba: Fort Smith Transit","metadata_ntd_city":"Fort Smith","metadata_ntd_state":"AR","metadata_gtfs_route_count":7,"metadata_gtfs_trip_count":147,"metadata_gtfs_shape_count":15,"metadata_gtfs_stop_count":409,"metadata_ntd_agency_voms":10,"metadata_ntd_total_facilities":4,"metadata_ntd_maintenance_facilities":2,"metadata_ntd_passenger_stations":1,"metadata_tam_tier":"Tier II","metadata_service_area_sq_miles":65,"metadata_service_area_population":86209,"metadata_route_types_json":"{\"3\":7}","metadata_ntd_facilities_json":"{\"maintenance_facilities\":2,\"administrative_and_other_non_passenger_facilities\":1,\"passenger_stations_and_terminals\":1,\"parking_and_other_passenger_facilities\":0,\"total_facilities\":4,\"bus_transfer_centers\":1,\"elevated_fixed_guideway_stations\":0,\"at_grade_fixed_guideway_stations\":0,\"underground_fixed_guideway_stations\":0,\"simple_at_grade_platform_stations\":0,\"exclusive_grade_separated_platform_stations\":0,\"ferryboat_terminals\":0,\"surface_parking_lots\":0,\"parking_structures\":0}","metadata_tam_modes_json":"{\"DR\":{\"total_units_2024\":5,\"units_under_threshold_2024\":0,\"voms_2024\":3,\"total_modal_vrm_2024\":163578,\"total_modal_upt_2024\":19821},\"MB\":{\"total_units_2024\":22,\"units_under_threshold_2024\":0,\"voms_2024\":14,\"total_modal_vrm_2024\":607970,\"total_modal_upt_2024\":469580}}"},"geometry":{"type":"Point","coordinates":[-94.421904,35.359316]}},{"type":"Feature","properties":{"stop_id":"Towson Ave @ Vicksburg St - La Huerta_La Huerta_35.332708_-94.422920","stop_code":"","stop_name":"Towson Ave @ Vicksburg St - La Huerta","stop_desc":"","zone_id":"","stop_url":"","location_type":"","parent_station":"","stop_timezone":"","wheelchair_boarding":"","feed_id":"Arkansas__City_of_Fort_Smith__mdb_ntd-60086","agency_name":"City of Fort Smith Transit","route_count":2,"route_ids":"Jenny Lind|Towson","route_short_names":"","route_types":"3","route_type_names":"Bus","routes_json":"[{\"route_id\":\"Jenny Lind\",\"route_short_name\":\"\",\"route_long_name\":\"Jenny Lind\",\"route_type\":\"3\",\"route_type_name\":\"Bus\",\"route_color\":\"8E00FF\",\"route_text_color\":\"FFFFFF\"},{\"route_id\":\"Towson\",\"route_short_name\":\"\",\"route_long_name\":\"Towson\",\"route_type\":\"3\",\"route_type_name\":\"Bus\",\"route_color\":\"70AD47\",\"route_text_color\":\"000000\"}]","metadata_feed_id":"Arkansas__City_of_Fort_Smith__mdb_ntd-60086","metadata_agency_names":"City of Fort Smith Transit","metadata_ntd_id":"60086","metadata_ntd_match_method":"manual_override","metadata_ntd_agency":"City of Fort Smith, dba: Fort Smith Transit","metadata_ntd_city":"Fort Smith","metadata_ntd_state":"AR","metadata_gtfs_route_count":7,"metadata_gtfs_trip_count":147,"metadata_gtfs_shape_count":15,"metadata_gtfs_stop_count":409,"metadata_ntd_agency_voms":10,"metadata_ntd_total_facilities":4,"metadata_ntd_maintenance_facilities":2,"metadata_ntd_passenger_stations":1,"metadata_tam_tier":"Tier II","metadata_service_area_sq_miles":65,"metadata_service_area_population":86209,"metadata_route_types_json":"{\"3\":7}","metadata_ntd_facilities_json":"{\"maintenance_facilities\":2,\"administrative_and_other_non_passenger_facilities\":1,\"passenger_stations_and_terminals\":1,\"parking_and_other_passenger_facilities\":0,\"total_facilities\":4,\"bus_transfer_centers\":1,\"elevated_fixed_guideway_stations\":0,\"at_grade_fixed_guideway_stations\":0,\"underground_fixed_guideway_stations\":0,\"simple_at_grade_platform_stations\":0,\"exclusive_grade_separated_platform_stations\":0,\"ferryboat_terminals\":0,\"surface_parking_lots\":0,\"parking_structures\":0}","metadata_tam_modes_json":"{\"DR\":{\"total_units_2024\":5,\"units_under_threshold_2024\":0,\"voms_2024\":3,\"total_modal_vrm_2024\":163578,\"total_modal_upt_2024\":19821},\"MB\":{\"total_units_2024\":22,\"units_under_threshold_2024\":0,\"voms_2024\":14,\"total_modal_vrm_2024\":607970,\"total_modal_upt_2024\":469580}}"},"geometry":{"type":"Point","coordinates":[-94.42292,35.332708]}},{"type":"Feature","properties":{"stop_id":"Towson Ave@  Knoxville St_Towson Ave@  Knoxville St_35.345264_-94.422396","stop_code":"","stop_name":"Towson Ave@  Knoxville St","stop_desc":"","zone_id":"","stop_url":"","location_type":"","parent_station":"","stop_timezone":"","wheelchair_boarding":"","feed_id":"Arkansas__City_of_Fort_Smith__mdb_ntd-60086","agency_name":"City of Fort Smith Transit","route_count":1,"route_ids":"Jenny Lind","route_short_names":"","route_types":"3","route_type_names":"Bus","routes_json":"[{\"route_id\":\"Jenny Lind\",\"route_short_name\":\"\",\"route_long_name\":\"Jenny Lind\",\"route_type\":\"3\",\"route_type_name\":\"Bus\",\"route_color\":\"8E00FF\",\"route_text_color\":\"FFFFFF\"}]","metadata_feed_id":"Arkansas__City_of_Fort_Smith__mdb_ntd-60086","metadata_agency_names":"City of Fort Smith Transit","metadata_ntd_id":"60086","metadata_ntd_match_method":"manual_override","metadata_ntd_agency":"City of Fort Smith, dba: Fort Smith Transit","metadata_ntd_city":"Fort Smith","metadata_ntd_state":"AR","metadata_gtfs_route_count":7,"metadata_gtfs_trip_count":147,"metadata_gtfs_shape_count":15,"metadata_gtfs_stop_count":409,"metadata_ntd_agency_voms":10,"metadata_ntd_total_facilities":4,"metadata_ntd_maintenance_facilities":2,"metadata_ntd_passenger_stations":1,"metadata_tam_tier":"Tier II","metadata_service_area_sq_miles":65,"metadata_service_area_population":86209,"metadata_route_types_json":"{\"3\":7}","metadata_ntd_facilities_json":"{\"maintenance_facilities\":2,\"administrative_and_other_non_passenger_facilities\":1,\"passenger_stations_and_terminals\":1,\"parking_and_other_passenger_facilities\":0,\"total_facilities\":4,\"bus_transfer_centers\":1,\"elevated_fixed_guideway_stations\":0,\"at_grade_fixed_guideway_stations\":0,\"underground_fixed_guideway_stations\":0,\"simple_at_grade_platform_stations\":0,\"exclusive_grade_separated_platform_stations\":0,\"ferryboat_terminals\":0,\"surface_parking_lots\":0,\"parking_structures\":0}","metadata_tam_modes_json":"{\"DR\":{\"total_units_2024\":5,\"units_under_threshold_2024\":0,\"voms_2024\":3,\"total_modal_vrm_2024\":163578,\"total_modal_upt_2024\":19821},\"MB\":{\"total_units_2024\":22,\"units_under_threshold_2024\":0,\"voms_2024\":14,\"total_modal_vrm_2024\":607970,\"total_modal_upt_2024\":469580}}"},"geometry":{"type":"Point","coordinates":[-94.422396,35.345264]}},{"type":"Feature","properties":{"stop_id":"Transfer Station_Transfer Station_35.382305_-94.425703","stop_code":"","stop_name":"Transfer Station","stop_desc":"","zone_id":"","stop_url":"","location_type":"","parent_station":"","stop_timezone":"","wheelchair_boarding":"","feed_id":"Arkansas__City_of_Fort_Smith__mdb_ntd-60086","agency_name":"City of Fort Smith Transit","route_count":6,"route_ids":"Grand|Jenny Lind|Midland|Rogers Express|Shuttle|Towson","route_short_names":"","route_types":"3","route_type_names":"Bus","routes_json":"[{\"route_id\":\"Grand\",\"route_short_name\":\"\",\"route_long_name\":\"Grand\",\"route_type\":\"3\",\"route_type_name\":\"Bus\",\"route_color\":\"FFD700\",\"route_text_color\":\"000000\"},{\"route_id\":\"Jenny Lind\",\"route_short_name\":\"\",\"route_long_name\":\"Jenny Lind\",\"route_type\":\"3\",\"route_type_name\":\"Bus\",\"route_color\":\"8E00FF\",\"route_text_color\":\"FFFFFF\"},{\"route_id\":\"Midland\",\"route_short_name\":\"\",\"route_long_name\":\"Midland\",\"route_type\":\"3\",\"route_type_name\":\"Bus\",\"route_color\":\"F51414\",\"route_text_color\":\"FFFFFF\"},{\"route_id\":\"Rogers Express\",\"route_short_name\":\"\",\"route_long_name\":\"Rogers Express\",\"route_type\":\"3\",\"route_type_name\":\"Bus\",\"route_color\":\"4472C4\",\"route_text_color\":\"FFFFFF\"},{\"route_id\":\"Shuttle\",\"route_short_name\":\"\",\"route_long_name\":\"Shuttle\",\"route_type\":\"3\",\"route_type_name\":\"Bus\",\"route_color\":\"000000\",\"route_text_color\":\"FFFFFF\"},{\"route_id\":\"Towson\",\"route_short_name\":\"\",\"route_long_name\":\"Towson\",\"route_type\":\"3\",\"route_type_name\":\"Bus\",\"route_color\":\"70AD47\",\"route_text_color\":\"000000\"}]","metadata_feed_id":"Arkansas__City_of_Fort_Smith__mdb_ntd-60086","metadata_agency_names":"City of Fort Smith Transit","metadata_ntd_id":"60086","metadata_ntd_match_method":"manual_override","metadata_ntd_agency":"City of Fort Smith, dba: Fort Smith Transit","metadata_ntd_city":"Fort Smith","metadata_ntd_state":"AR","metadata_gtfs_route_count":7,"metadata_gtfs_trip_count":147,"metadata_gtfs_shape_count":15,"metadata_gtfs_stop_count":409,"metadata_ntd_agency_voms":10,"metadata_ntd_total_facilities":4,"metadata_ntd_maintenance_facilities":2,"metadata_ntd_passenger_stations":1,"metadata_tam_tier":"Tier II","metadata_service_area_sq_miles":65,"metadata_service_area_population":86209,"metadata_route_types_json":"{\"3\":7}","metadata_ntd_facilities_json":"{\"maintenance_facilities\":2,\"administrative_and_other_non_passenger_facilities\":1,\"passenger_stations_and_terminals\":1,\"parking_and_other_passenger_facilities\":0,\"total_facilities\":4,\"bus_transfer_centers\":1,\"elevated_fixed_guideway_stations\":0,\"at_grade_fixed_guideway_stations\":0,\"underground_fixed_guideway_stations\":0,\"simple_at_grade_platform_stations\":0,\"exclusive_grade_separated_platform_stations\":0,\"ferryboat_terminals\":0,\"surface_parking_lots\":0,\"parking_structures\":0}","metadata_tam_modes_json":"{\"DR\":{\"total_units_2024\":5,\"units_under_threshold_2024\":0,\"voms_2024\":3,\"total_modal_vrm_2024\":163578,\"total_modal_upt_2024\":19821},\"MB\":{\"total_units_2024\":22,\"units_under_threshold_2024\":0,\"voms_2024\":14,\"total_modal_vrm_2024\":607970,\"total_modal_upt_2024\":469580}}"},"geometry":{"type":"Point","coordinates":[-94.425703,35.382305]}},{"type":"Feature","properties":{"stop_id":"University AR Medical Sciences - S E St @ S 14th St_S E St @ S 14th St_35.378424_-94.418885","stop_code":"","stop_name":"University AR Medical Sciences - S E St @ S 14th St","stop_desc":"","zone_id":"","stop_url":"","location_type":"","parent_station":"","stop_timezone":"","wheelchair_boarding":"","feed_id":"Arkansas__City_of_Fort_Smith__mdb_ntd-60086","agency_name":"City of Fort Smith Transit","route_count":2,"route_ids":"Jenny Lind|Shuttle","route_short_names":"","route_types":"3","route_type_names":"Bus","routes_json":"[{\"route_id\":\"Jenny Lind\",\"route_short_name\":\"\",\"route_long_name\":\"Jenny Lind\",\"route_type\":\"3\",\"route_type_name\":\"Bus\",\"route_color\":\"8E00FF\",\"route_text_color\":\"FFFFFF\"},{\"route_id\":\"Shuttle\",\"route_short_name\":\"\",\"route_long_name\":\"Shuttle\",\"route_type\":\"3\",\"route_type_name\":\"Bus\",\"route_color\":\"000000\",\"route_text_color\":\"FFFFFF\"}]","metadata_feed_id":"Arkansas__City_of_Fort_Smith__mdb_ntd-60086","metadata_agency_names":"City of Fort Smith Transit","metadata_ntd_id":"60086","metadata_ntd_match_method":"manual_override","metadata_ntd_agency":"City of Fort Smith, dba: Fort Smith Transit","metadata_ntd_city":"Fort Smith","metadata_ntd_state":"AR","metadata_gtfs_route_count":7,"metadata_gtfs_trip_count":147,"metadata_gtfs_shape_count":15,"metadata_gtfs_stop_count":409,"metadata_ntd_agency_voms":10,"metadata_ntd_total_facilities":4,"metadata_ntd_maintenance_facilities":2,"metadata_ntd_passenger_stations":1,"metadata_tam_tier":"Tier II","metadata_service_area_sq_miles":65,"metadata_service_area_population":86209,"metadata_route_types_json":"{\"3\":7}","metadata_ntd_facilities_json":"{\"maintenance_facilities\":2,\"administrative_and_other_non_passenger_facilities\":1,\"passenger_stations_and_terminals\":1,\"parking_and_other_passenger_facilities\":0,\"total_facilities\":4,\"bus_transfer_centers\":1,\"elevated_fixed_guideway_stations\":0,\"at_grade_fixed_guideway_stations\":0,\"underground_fixed_guideway_stations\":0,\"simple_at_grade_platform_stations\":0,\"exclusive_grade_separated_platform_stations\":0,\"ferryboat_terminals\":0,\"surface_parking_lots\":0,\"parking_structures\":0}","metadata_tam_modes_json":"{\"DR\":{\"total_units_2024\":5,\"units_under_threshold_2024\":0,\"voms_2024\":3,\"total_modal_vrm_2024\":163578,\"total_modal_upt_2024\":19821},\"MB\":{\"total_units_2024\":22,\"units_under_threshold_2024\":0,\"voms_2024\":14,\"total_modal_vrm_2024\":607970,\"total_modal_upt_2024\":469580}}"},"geometry":{"type":"Point","coordinates":[-94.418885,35.378424]}},{"type":"Feature","properties":{"stop_id":"University of Arkansas_Grand Ave @ N Waldron RdUniversity of Arkansas_35.385322_-94.372138","stop_code":"","stop_name":"University of Arkansas","stop_desc":"","zone_id":"","stop_url":"","location_type":"","parent_station":"","stop_timezone":"","wheelchair_boarding":"","feed_id":"Arkansas__City_of_Fort_Smith__mdb_ntd-60086","agency_name":"City of Fort Smith Transit","route_count":1,"route_ids":"Grand","route_short_names":"","route_types":"3","route_type_names":"Bus","routes_json":"[{\"route_id\":\"Grand\",\"route_short_name\":\"\",\"route_long_name\":\"Grand\",\"route_type\":\"3\",\"route_type_name\":\"Bus\",\"route_color\":\"FFD700\",\"route_text_color\":\"000000\"}]","metadata_feed_id":"Arkansas__City_of_Fort_Smith__mdb_ntd-60086","metadata_agency_names":"City of Fort Smith Transit","metadata_ntd_id":"60086","metadata_ntd_match_method":"manual_override","metadata_ntd_agency":"City of Fort Smith, dba: Fort Smith Transit","metadata_ntd_city":"Fort Smith","metadata_ntd_state":"AR","metadata_gtfs_route_count":7,"metadata_gtfs_trip_count":147,"metadata_gtfs_shape_count":15,"metadata_gtfs_stop_count":409,"metadata_ntd_agency_voms":10,"metadata_ntd_total_facilities":4,"metadata_ntd_maintenance_facilities":2,"metadata_ntd_passenger_stations":1,"metadata_tam_tier":"Tier II","metadata_service_area_sq_miles":65,"metadata_service_area_population":86209,"metadata_route_types_json":"{\"3\":7}","metadata_ntd_facilities_json":"{\"maintenance_facilities\":2,\"administrative_and_other_non_passenger_facilities\":1,\"passenger_stations_and_terminals\":1,\"parking_and_other_passenger_facilities\":0,\"total_facilities\":4,\"bus_transfer_centers\":1,\"elevated_fixed_guideway_stations\":0,\"at_grade_fixed_guideway_stations\":0,\"underground_fixed_guideway_stations\":0,\"simple_at_grade_platform_stations\":0,\"exclusive_grade_separated_platform_stations\":0,\"ferryboat_terminals\":0,\"surface_parking_lots\":0,\"parking_structures\":0}","metadata_tam_modes_json":"{\"DR\":{\"total_units_2024\":5,\"units_under_threshold_2024\":0,\"voms_2024\":3,\"total_modal_vrm_2024\":163578,\"total_modal_upt_2024\":19821},\"MB\":{\"total_units_2024\":22,\"units_under_threshold_2024\":0,\"voms_2024\":14,\"total_modal_vrm_2024\":607970,\"total_modal_upt_2024\":469580}}"},"geometry":{"type":"Point","coordinates":[-94.372138,35.385322]}},{"type":"Feature","properties":{"stop_id":"University of Arkansas Medical Sciences_1301 S E StUniversity of Arkansas Medical Sciences_35.378305_-94.419686","stop_code":"","stop_name":"University of Arkansas Medical Sciences","stop_desc":"","zone_id":"","stop_url":"","location_type":"","parent_station":"","stop_timezone":"","wheelchair_boarding":"","feed_id":"Arkansas__City_of_Fort_Smith__mdb_ntd-60086","agency_name":"City of Fort Smith Transit","route_count":1,"route_ids":"Towson","route_short_names":"","route_types":"3","route_type_names":"Bus","routes_json":"[{\"route_id\":\"Towson\",\"route_short_name\":\"\",\"route_long_name\":\"Towson\",\"route_type\":\"3\",\"route_type_name\":\"Bus\",\"route_color\":\"70AD47\",\"route_text_color\":\"000000\"}]","metadata_feed_id":"Arkansas__City_of_Fort_Smith__mdb_ntd-60086","metadata_agency_names":"City of Fort Smith Transit","metadata_ntd_id":"60086","metadata_ntd_match_method":"manual_override","metadata_ntd_agency":"City of Fort Smith, dba: Fort Smith Transit","metadata_ntd_city":"Fort Smith","metadata_ntd_state":"AR","metadata_gtfs_route_count":7,"metadata_gtfs_trip_count":147,"metadata_gtfs_shape_count":15,"metadata_gtfs_stop_count":409,"metadata_ntd_agency_voms":10,"metadata_ntd_total_facilities":4,"metadata_ntd_maintenance_facilities":2,"metadata_ntd_passenger_stations":1,"metadata_tam_tier":"Tier II","metadata_service_area_sq_miles":65,"metadata_service_area_population":86209,"metadata_route_types_json":"{\"3\":7}","metadata_ntd_facilities_json":"{\"maintenance_facilities\":2,\"administrative_and_other_non_passenger_facilities\":1,\"passenger_stations_and_terminals\":1,\"parking_and_other_passenger_facilities\":0,\"total_facilities\":4,\"bus_transfer_centers\":1,\"elevated_fixed_guideway_stations\":0,\"at_grade_fixed_guideway_stations\":0,\"underground_fixed_guideway_stations\":0,\"simple_at_grade_platform_stations\":0,\"exclusive_grade_separated_platform_stations\":0,\"ferryboat_terminals\":0,\"surface_parking_lots\":0,\"parking_structures\":0}","metadata_tam_modes_json":"{\"DR\":{\"total_units_2024\":5,\"units_under_threshold_2024\":0,\"voms_2024\":3,\"total_modal_vrm_2024\":163578,\"total_modal_upt_2024\":19821},\"MB\":{\"total_units_2024\":22,\"units_under_threshold_2024\":0,\"voms_2024\":14,\"total_modal_vrm_2024\":607970,\"total_modal_upt_2024\":469580}}"},"geometry":{"type":"Point","coordinates":[-94.419686,35.378305]}},{"type":"Feature","properties":{"stop_id":"US Postal Service - 3401 S 74th St_3401 S 74th St_35.348975_-94.351140","stop_code":"","stop_name":"US Postal Service - 3401 S 74th St","stop_desc":"","zone_id":"","stop_url":"","location_type":"","parent_station":"","stop_timezone":"","wheelchair_boarding":"","feed_id":"Arkansas__City_of_Fort_Smith__mdb_ntd-60086","agency_name":"City of Fort Smith Transit","route_count":1,"route_ids":"Rogers Supercenter","route_short_names":"","route_types":"3","route_type_names":"Bus","routes_json":"[{\"route_id\":\"Rogers Supercenter\",\"route_short_name\":\"\",\"route_long_name\":\"Rogers Supercenter\",\"route_type\":\"3\",\"route_type_name\":\"Bus\",\"route_color\":\"F98E10\",\"route_text_color\":\"000000\"}]","metadata_feed_id":"Arkansas__City_of_Fort_Smith__mdb_ntd-60086","metadata_agency_names":"City of Fort Smith Transit","metadata_ntd_id":"60086","metadata_ntd_match_method":"manual_override","metadata_ntd_agency":"City of Fort Smith, dba: Fort Smith Transit","metadata_ntd_city":"Fort Smith","metadata_ntd_state":"AR","metadata_gtfs_route_count":7,"metadata_gtfs_trip_count":147,"metadata_gtfs_shape_count":15,"metadata_gtfs_stop_count":409,"metadata_ntd_agency_voms":10,"metadata_ntd_total_facilities":4,"metadata_ntd_maintenance_facilities":2,"metadata_ntd_passenger_stations":1,"metadata_tam_tier":"Tier II","metadata_service_area_sq_miles":65,"metadata_service_area_population":86209,"metadata_route_types_json":"{\"3\":7}","metadata_ntd_facilities_json":"{\"maintenance_facilities\":2,\"administrative_and_other_non_passenger_facilities\":1,\"passenger_stations_and_terminals\":1,\"parking_and_other_passenger_facilities\":0,\"total_facilities\":4,\"bus_transfer_centers\":1,\"elevated_fixed_guideway_stations\":0,\"at_grade_fixed_guideway_stations\":0,\"underground_fixed_guideway_stations\":0,\"simple_at_grade_platform_stations\":0,\"exclusive_grade_separated_platform_stations\":0,\"ferryboat_terminals\":0,\"surface_parking_lots\":0,\"parking_structures\":0}","metadata_tam_modes_json":"{\"DR\":{\"total_units_2024\":5,\"units_under_threshold_2024\":0,\"voms_2024\":3,\"total_modal_vrm_2024\":163578,\"total_modal_upt_2024\":19821},\"MB\":{\"total_units_2024\":22,\"units_under_threshold_2024\":0,\"voms_2024\":14,\"total_modal_vrm_2024\":607970,\"total_modal_upt_2024\":469580}}"},"geometry":{"type":"Point","coordinates":[-94.35114,35.348975]}},{"type":"Feature","properties":{"stop_id":"VA's Clinic__35.348553_-94.367106","stop_code":"","stop_name":"VA's Clinic","stop_desc":"","zone_id":"","stop_url":"","location_type":"","parent_station":"","stop_timezone":"","wheelchair_boarding":"","feed_id":"Arkansas__City_of_Fort_Smith__mdb_ntd-60086","agency_name":"City of Fort Smith Transit","route_count":1,"route_ids":"Towson","route_short_names":"","route_types":"3","route_type_names":"Bus","routes_json":"[{\"route_id\":\"Towson\",\"route_short_name\":\"\",\"route_long_name\":\"Towson\",\"route_type\":\"3\",\"route_type_name\":\"Bus\",\"route_color\":\"70AD47\",\"route_text_color\":\"000000\"}]","metadata_feed_id":"Arkansas__City_of_Fort_Smith__mdb_ntd-60086","metadata_agency_names":"City of Fort Smith Transit","metadata_ntd_id":"60086","metadata_ntd_match_method":"manual_override","metadata_ntd_agency":"City of Fort Smith, dba: Fort Smith Transit","metadata_ntd_city":"Fort Smith","metadata_ntd_state":"AR","metadata_gtfs_route_count":7,"metadata_gtfs_trip_count":147,"metadata_gtfs_shape_count":15,"metadata_gtfs_stop_count":409,"metadata_ntd_agency_voms":10,"metadata_ntd_total_facilities":4,"metadata_ntd_maintenance_facilities":2,"metadata_ntd_passenger_stations":1,"metadata_tam_tier":"Tier II","metadata_service_area_sq_miles":65,"metadata_service_area_population":86209,"metadata_route_types_json":"{\"3\":7}","metadata_ntd_facilities_json":"{\"maintenance_facilities\":2,\"administrative_and_other_non_passenger_facilities\":1,\"passenger_stations_and_terminals\":1,\"parking_and_other_passenger_facilities\":0,\"total_facilities\":4,\"bus_transfer_centers\":1,\"elevated_fixed_guideway_stations\":0,\"at_grade_fixed_guideway_stations\":0,\"underground_fixed_guideway_stations\":0,\"simple_at_grade_platform_stations\":0,\"exclusive_grade_separated_platform_stations\":0,\"ferryboat_terminals\":0,\"surface_parking_lots\":0,\"parking_structures\":0}","metadata_tam_modes_json":"{\"DR\":{\"total_units_2024\":5,\"units_under_threshold_2024\":0,\"voms_2024\":3,\"total_modal_vrm_2024\":163578,\"total_modal_upt_2024\":19821},\"MB\":{\"total_units_2024\":22,\"units_under_threshold_2024\":0,\"voms_2024\":14,\"total_modal_vrm_2024\":607970,\"total_modal_upt_2024\":469580}}"},"geometry":{"type":"Point","coordinates":[-94.367106,35.348553]}},{"type":"Feature","properties":{"stop_id":"VP Pick N Tote_Grinnell Ave @ Hwy 71 S_35.305281_-94.394274","stop_code":"","stop_name":"VP Pick N Tote","stop_desc":"","zone_id":"","stop_url":"","location_type":"","parent_station":"","stop_timezone":"","wheelchair_boarding":"","feed_id":"Arkansas__City_of_Fort_Smith__mdb_ntd-60086","agency_name":"City of Fort Smith Transit","route_count":1,"route_ids":"Jenny Lind","route_short_names":"","route_types":"3","route_type_names":"Bus","routes_json":"[{\"route_id\":\"Jenny Lind\",\"route_short_name\":\"\",\"route_long_name\":\"Jenny Lind\",\"route_type\":\"3\",\"route_type_name\":\"Bus\",\"route_color\":\"8E00FF\",\"route_text_color\":\"FFFFFF\"}]","metadata_feed_id":"Arkansas__City_of_Fort_Smith__mdb_ntd-60086","metadata_agency_names":"City of Fort Smith Transit","metadata_ntd_id":"60086","metadata_ntd_match_method":"manual_override","metadata_ntd_agency":"City of Fort Smith, dba: Fort Smith Transit","metadata_ntd_city":"Fort Smith","metadata_ntd_state":"AR","metadata_gtfs_route_count":7,"metadata_gtfs_trip_count":147,"metadata_gtfs_shape_count":15,"metadata_gtfs_stop_count":409,"metadata_ntd_agency_voms":10,"metadata_ntd_total_facilities":4,"metadata_ntd_maintenance_facilities":2,"metadata_ntd_passenger_stations":1,"metadata_tam_tier":"Tier II","metadata_service_area_sq_miles":65,"metadata_service_area_population":86209,"metadata_route_types_json":"{\"3\":7}","metadata_ntd_facilities_json":"{\"maintenance_facilities\":2,\"administrative_and_other_non_passenger_facilities\":1,\"passenger_stations_and_terminals\":1,\"parking_and_other_passenger_facilities\":0,\"total_facilities\":4,\"bus_transfer_centers\":1,\"elevated_fixed_guideway_stations\":0,\"at_grade_fixed_guideway_stations\":0,\"underground_fixed_guideway_stations\":0,\"simple_at_grade_platform_stations\":0,\"exclusive_grade_separated_platform_stations\":0,\"ferryboat_terminals\":0,\"surface_parking_lots\":0,\"parking_structures\":0}","metadata_tam_modes_json":"{\"DR\":{\"total_units_2024\":5,\"units_under_threshold_2024\":0,\"voms_2024\":3,\"total_modal_vrm_2024\":163578,\"total_modal_upt_2024\":19821},\"MB\":{\"total_units_2024\":22,\"units_under_threshold_2024\":0,\"voms_2024\":14,\"total_modal_vrm_2024\":607970,\"total_modal_upt_2024\":469580}}"},"geometry":{"type":"Point","coordinates":[-94.394274,35.305281]}},{"type":"Feature","properties":{"stop_id":"Waldron Rd  @ Fern St_Waldron Rd  @ Fern St_35.372907_-94.372560","stop_code":"","stop_name":"Waldron Rd  @ Fern St","stop_desc":"","zone_id":"","stop_url":"","location_type":"","parent_station":"","stop_timezone":"","wheelchair_boarding":"","feed_id":"Arkansas__City_of_Fort_Smith__mdb_ntd-60086","agency_name":"City of Fort Smith Transit","route_count":1,"route_ids":"Rogers Supercenter","route_short_names":"","route_types":"3","route_type_names":"Bus","routes_json":"[{\"route_id\":\"Rogers Supercenter\",\"route_short_name\":\"\",\"route_long_name\":\"Rogers Supercenter\",\"route_type\":\"3\",\"route_type_name\":\"Bus\",\"route_color\":\"F98E10\",\"route_text_color\":\"000000\"}]","metadata_feed_id":"Arkansas__City_of_Fort_Smith__mdb_ntd-60086","metadata_agency_names":"City of Fort Smith Transit","metadata_ntd_id":"60086","metadata_ntd_match_method":"manual_override","metadata_ntd_agency":"City of Fort Smith, dba: Fort Smith Transit","metadata_ntd_city":"Fort Smith","metadata_ntd_state":"AR","metadata_gtfs_route_count":7,"metadata_gtfs_trip_count":147,"metadata_gtfs_shape_count":15,"metadata_gtfs_stop_count":409,"metadata_ntd_agency_voms":10,"metadata_ntd_total_facilities":4,"metadata_ntd_maintenance_facilities":2,"metadata_ntd_passenger_stations":1,"metadata_tam_tier":"Tier II","metadata_service_area_sq_miles":65,"metadata_service_area_population":86209,"metadata_route_types_json":"{\"3\":7}","metadata_ntd_facilities_json":"{\"maintenance_facilities\":2,\"administrative_and_other_non_passenger_facilities\":1,\"passenger_stations_and_terminals\":1,\"parking_and_other_passenger_facilities\":0,\"total_facilities\":4,\"bus_transfer_centers\":1,\"elevated_fixed_guideway_stations\":0,\"at_grade_fixed_guideway_stations\":0,\"underground_fixed_guideway_stations\":0,\"simple_at_grade_platform_stations\":0,\"exclusive_grade_separated_platform_stations\":0,\"ferryboat_terminals\":0,\"surface_parking_lots\":0,\"parking_structures\":0}","metadata_tam_modes_json":"{\"DR\":{\"total_units_2024\":5,\"units_under_threshold_2024\":0,\"voms_2024\":3,\"total_modal_vrm_2024\":163578,\"total_modal_upt_2024\":19821},\"MB\":{\"total_units_2024\":22,\"units_under_threshold_2024\":0,\"voms_2024\":14,\"total_modal_vrm_2024\":607970,\"total_modal_upt_2024\":469580}}"},"geometry":{"type":"Point","coordinates":[-94.37256,35.372907]}},{"type":"Feature","properties":{"stop_id":"Waldron Rd @ Duncan Rd _Waldron Rd @ Duncan Rd _35.367939_-94.372754","stop_code":"","stop_name":"Waldron Rd @ Duncan Rd","stop_desc":"","zone_id":"","stop_url":"","location_type":"","parent_station":"","stop_timezone":"","wheelchair_boarding":"","feed_id":"Arkansas__City_of_Fort_Smith__mdb_ntd-60086","agency_name":"City of Fort Smith Transit","route_count":1,"route_ids":"Rogers Supercenter","route_short_names":"","route_types":"3","route_type_names":"Bus","routes_json":"[{\"route_id\":\"Rogers Supercenter\",\"route_short_name\":\"\",\"route_long_name\":\"Rogers Supercenter\",\"route_type\":\"3\",\"route_type_name\":\"Bus\",\"route_color\":\"F98E10\",\"route_text_color\":\"000000\"}]","metadata_feed_id":"Arkansas__City_of_Fort_Smith__mdb_ntd-60086","metadata_agency_names":"City of Fort Smith Transit","metadata_ntd_id":"60086","metadata_ntd_match_method":"manual_override","metadata_ntd_agency":"City of Fort Smith, dba: Fort Smith Transit","metadata_ntd_city":"Fort Smith","metadata_ntd_state":"AR","metadata_gtfs_route_count":7,"metadata_gtfs_trip_count":147,"metadata_gtfs_shape_count":15,"metadata_gtfs_stop_count":409,"metadata_ntd_agency_voms":10,"metadata_ntd_total_facilities":4,"metadata_ntd_maintenance_facilities":2,"metadata_ntd_passenger_stations":1,"metadata_tam_tier":"Tier II","metadata_service_area_sq_miles":65,"metadata_service_area_population":86209,"metadata_route_types_json":"{\"3\":7}","metadata_ntd_facilities_json":"{\"maintenance_facilities\":2,\"administrative_and_other_non_passenger_facilities\":1,\"passenger_stations_and_terminals\":1,\"parking_and_other_passenger_facilities\":0,\"total_facilities\":4,\"bus_transfer_centers\":1,\"elevated_fixed_guideway_stations\":0,\"at_grade_fixed_guideway_stations\":0,\"underground_fixed_guideway_stations\":0,\"simple_at_grade_platform_stations\":0,\"exclusive_grade_separated_platform_stations\":0,\"ferryboat_terminals\":0,\"surface_parking_lots\":0,\"parking_structures\":0}","metadata_tam_modes_json":"{\"DR\":{\"total_units_2024\":5,\"units_under_threshold_2024\":0,\"voms_2024\":3,\"total_modal_vrm_2024\":163578,\"total_modal_upt_2024\":19821},\"MB\":{\"total_units_2024\":22,\"units_under_threshold_2024\":0,\"voms_2024\":14,\"total_modal_vrm_2024\":607970,\"total_modal_upt_2024\":469580}}"},"geometry":{"type":"Point","coordinates":[-94.372754,35.367939]}},{"type":"Feature","properties":{"stop_id":"Waldron Rd @ Euper Ln_Waldron Rd @ Euper Ln_35.364330_-94.372848","stop_code":"","stop_name":"Waldron Rd @ Euper Ln","stop_desc":"","zone_id":"","stop_url":"","location_type":"","parent_station":"","stop_timezone":"","wheelchair_boarding":"","feed_id":"Arkansas__City_of_Fort_Smith__mdb_ntd-60086","agency_name":"City of Fort Smith Transit","route_count":1,"route_ids":"Rogers Supercenter","route_short_names":"","route_types":"3","route_type_names":"Bus","routes_json":"[{\"route_id\":\"Rogers Supercenter\",\"route_short_name\":\"\",\"route_long_name\":\"Rogers Supercenter\",\"route_type\":\"3\",\"route_type_name\":\"Bus\",\"route_color\":\"F98E10\",\"route_text_color\":\"000000\"}]","metadata_feed_id":"Arkansas__City_of_Fort_Smith__mdb_ntd-60086","metadata_agency_names":"City of Fort Smith Transit","metadata_ntd_id":"60086","metadata_ntd_match_method":"manual_override","metadata_ntd_agency":"City of Fort Smith, dba: Fort Smith Transit","metadata_ntd_city":"Fort Smith","metadata_ntd_state":"AR","metadata_gtfs_route_count":7,"metadata_gtfs_trip_count":147,"metadata_gtfs_shape_count":15,"metadata_gtfs_stop_count":409,"metadata_ntd_agency_voms":10,"metadata_ntd_total_facilities":4,"metadata_ntd_maintenance_facilities":2,"metadata_ntd_passenger_stations":1,"metadata_tam_tier":"Tier II","metadata_service_area_sq_miles":65,"metadata_service_area_population":86209,"metadata_route_types_json":"{\"3\":7}","metadata_ntd_facilities_json":"{\"maintenance_facilities\":2,\"administrative_and_other_non_passenger_facilities\":1,\"passenger_stations_and_terminals\":1,\"parking_and_other_passenger_facilities\":0,\"total_facilities\":4,\"bus_transfer_centers\":1,\"elevated_fixed_guideway_stations\":0,\"at_grade_fixed_guideway_stations\":0,\"underground_fixed_guideway_stations\":0,\"simple_at_grade_platform_stations\":0,\"exclusive_grade_separated_platform_stations\":0,\"ferryboat_terminals\":0,\"surface_parking_lots\":0,\"parking_structures\":0}","metadata_tam_modes_json":"{\"DR\":{\"total_units_2024\":5,\"units_under_threshold_2024\":0,\"voms_2024\":3,\"total_modal_vrm_2024\":163578,\"total_modal_upt_2024\":19821},\"MB\":{\"total_units_2024\":22,\"units_under_threshold_2024\":0,\"voms_2024\":14,\"total_modal_vrm_2024\":607970,\"total_modal_upt_2024\":469580}}"},"geometry":{"type":"Point","coordinates":[-94.372848,35.36433]}},{"type":"Feature","properties":{"stop_id":"Waldron Rd @ Free Ferry Rd_Waldron Rd @ Free Ferry Rd_35.374256_-94.372474","stop_code":"","stop_name":"Waldron Rd @ Free Ferry Rd","stop_desc":"","zone_id":"","stop_url":"","location_type":"","parent_station":"","stop_timezone":"","wheelchair_boarding":"","feed_id":"Arkansas__City_of_Fort_Smith__mdb_ntd-60086","agency_name":"City of Fort Smith Transit","route_count":1,"route_ids":"Rogers Supercenter","route_short_names":"","route_types":"3","route_type_names":"Bus","routes_json":"[{\"route_id\":\"Rogers Supercenter\",\"route_short_name\":\"\",\"route_long_name\":\"Rogers Supercenter\",\"route_type\":\"3\",\"route_type_name\":\"Bus\",\"route_color\":\"F98E10\",\"route_text_color\":\"000000\"}]","metadata_feed_id":"Arkansas__City_of_Fort_Smith__mdb_ntd-60086","metadata_agency_names":"City of Fort Smith Transit","metadata_ntd_id":"60086","metadata_ntd_match_method":"manual_override","metadata_ntd_agency":"City of Fort Smith, dba: Fort Smith Transit","metadata_ntd_city":"Fort Smith","metadata_ntd_state":"AR","metadata_gtfs_route_count":7,"metadata_gtfs_trip_count":147,"metadata_gtfs_shape_count":15,"metadata_gtfs_stop_count":409,"metadata_ntd_agency_voms":10,"metadata_ntd_total_facilities":4,"metadata_ntd_maintenance_facilities":2,"metadata_ntd_passenger_stations":1,"metadata_tam_tier":"Tier II","metadata_service_area_sq_miles":65,"metadata_service_area_population":86209,"metadata_route_types_json":"{\"3\":7}","metadata_ntd_facilities_json":"{\"maintenance_facilities\":2,\"administrative_and_other_non_passenger_facilities\":1,\"passenger_stations_and_terminals\":1,\"parking_and_other_passenger_facilities\":0,\"total_facilities\":4,\"bus_transfer_centers\":1,\"elevated_fixed_guideway_stations\":0,\"at_grade_fixed_guideway_stations\":0,\"underground_fixed_guideway_stations\":0,\"simple_at_grade_platform_stations\":0,\"exclusive_grade_separated_platform_stations\":0,\"ferryboat_terminals\":0,\"surface_parking_lots\":0,\"parking_structures\":0}","metadata_tam_modes_json":"{\"DR\":{\"total_units_2024\":5,\"units_under_threshold_2024\":0,\"voms_2024\":3,\"total_modal_vrm_2024\":163578,\"total_modal_upt_2024\":19821},\"MB\":{\"total_units_2024\":22,\"units_under_threshold_2024\":0,\"voms_2024\":14,\"total_modal_vrm_2024\":607970,\"total_modal_upt_2024\":469580}}"},"geometry":{"type":"Point","coordinates":[-94.372474,35.374256]}},{"type":"Feature","properties":{"stop_id":"Waldron Rd @ Gordon Ln_Waldron Rd @ Gordon Ln_35.369793_-94.372713","stop_code":"","stop_name":"Waldron Rd @ Gordon Ln","stop_desc":"","zone_id":"","stop_url":"","location_type":"","parent_station":"","stop_timezone":"","wheelchair_boarding":"","feed_id":"Arkansas__City_of_Fort_Smith__mdb_ntd-60086","agency_name":"City of Fort Smith Transit","route_count":1,"route_ids":"Rogers Supercenter","route_short_names":"","route_types":"3","route_type_names":"Bus","routes_json":"[{\"route_id\":\"Rogers Supercenter\",\"route_short_name\":\"\",\"route_long_name\":\"Rogers Supercenter\",\"route_type\":\"3\",\"route_type_name\":\"Bus\",\"route_color\":\"F98E10\",\"route_text_color\":\"000000\"}]","metadata_feed_id":"Arkansas__City_of_Fort_Smith__mdb_ntd-60086","metadata_agency_names":"City of Fort Smith Transit","metadata_ntd_id":"60086","metadata_ntd_match_method":"manual_override","metadata_ntd_agency":"City of Fort Smith, dba: Fort Smith Transit","metadata_ntd_city":"Fort Smith","metadata_ntd_state":"AR","metadata_gtfs_route_count":7,"metadata_gtfs_trip_count":147,"metadata_gtfs_shape_count":15,"metadata_gtfs_stop_count":409,"metadata_ntd_agency_voms":10,"metadata_ntd_total_facilities":4,"metadata_ntd_maintenance_facilities":2,"metadata_ntd_passenger_stations":1,"metadata_tam_tier":"Tier II","metadata_service_area_sq_miles":65,"metadata_service_area_population":86209,"metadata_route_types_json":"{\"3\":7}","metadata_ntd_facilities_json":"{\"maintenance_facilities\":2,\"administrative_and_other_non_passenger_facilities\":1,\"passenger_stations_and_terminals\":1,\"parking_and_other_passenger_facilities\":0,\"total_facilities\":4,\"bus_transfer_centers\":1,\"elevated_fixed_guideway_stations\":0,\"at_grade_fixed_guideway_stations\":0,\"underground_fixed_guideway_stations\":0,\"simple_at_grade_platform_stations\":0,\"exclusive_grade_separated_platform_stations\":0,\"ferryboat_terminals\":0,\"surface_parking_lots\":0,\"parking_structures\":0}","metadata_tam_modes_json":"{\"DR\":{\"total_units_2024\":5,\"units_under_threshold_2024\":0,\"voms_2024\":3,\"total_modal_vrm_2024\":163578,\"total_modal_upt_2024\":19821},\"MB\":{\"total_units_2024\":22,\"units_under_threshold_2024\":0,\"voms_2024\":14,\"total_modal_vrm_2024\":607970,\"total_modal_upt_2024\":469580}}"},"geometry":{"type":"Point","coordinates":[-94.372713,35.369793]}},{"type":"Feature","properties":{"stop_id":"Waldron Rd @ Park Ave_Waldron Rd @ Park Ave_35.378010_-94.372362","stop_code":"","stop_name":"Waldron Rd @ Park Ave","stop_desc":"","zone_id":"","stop_url":"","location_type":"","parent_station":"","stop_timezone":"","wheelchair_boarding":"","feed_id":"Arkansas__City_of_Fort_Smith__mdb_ntd-60086","agency_name":"City of Fort Smith Transit","route_count":1,"route_ids":"Rogers Supercenter","route_short_names":"","route_types":"3","route_type_names":"Bus","routes_json":"[{\"route_id\":\"Rogers Supercenter\",\"route_short_name\":\"\",\"route_long_name\":\"Rogers Supercenter\",\"route_type\":\"3\",\"route_type_name\":\"Bus\",\"route_color\":\"F98E10\",\"route_text_color\":\"000000\"}]","metadata_feed_id":"Arkansas__City_of_Fort_Smith__mdb_ntd-60086","metadata_agency_names":"City of Fort Smith Transit","metadata_ntd_id":"60086","metadata_ntd_match_method":"manual_override","metadata_ntd_agency":"City of Fort Smith, dba: Fort Smith Transit","metadata_ntd_city":"Fort Smith","metadata_ntd_state":"AR","metadata_gtfs_route_count":7,"metadata_gtfs_trip_count":147,"metadata_gtfs_shape_count":15,"metadata_gtfs_stop_count":409,"metadata_ntd_agency_voms":10,"metadata_ntd_total_facilities":4,"metadata_ntd_maintenance_facilities":2,"metadata_ntd_passenger_stations":1,"metadata_tam_tier":"Tier II","metadata_service_area_sq_miles":65,"metadata_service_area_population":86209,"metadata_route_types_json":"{\"3\":7}","metadata_ntd_facilities_json":"{\"maintenance_facilities\":2,\"administrative_and_other_non_passenger_facilities\":1,\"passenger_stations_and_terminals\":1,\"parking_and_other_passenger_facilities\":0,\"total_facilities\":4,\"bus_transfer_centers\":1,\"elevated_fixed_guideway_stations\":0,\"at_grade_fixed_guideway_stations\":0,\"underground_fixed_guideway_stations\":0,\"simple_at_grade_platform_stations\":0,\"exclusive_grade_separated_platform_stations\":0,\"ferryboat_terminals\":0,\"surface_parking_lots\":0,\"parking_structures\":0}","metadata_tam_modes_json":"{\"DR\":{\"total_units_2024\":5,\"units_under_threshold_2024\":0,\"voms_2024\":3,\"total_modal_vrm_2024\":163578,\"total_modal_upt_2024\":19821},\"MB\":{\"total_units_2024\":22,\"units_under_threshold_2024\":0,\"voms_2024\":14,\"total_modal_vrm_2024\":607970,\"total_modal_upt_2024\":469580}}"},"geometry":{"type":"Point","coordinates":[-94.372362,35.37801]}},{"type":"Feature","properties":{"stop_id":"Walmart @ Zero_2425 S Zero St._35.329472_-94.407332","stop_code":"","stop_name":"Walmart @ Zero","stop_desc":"","zone_id":"","stop_url":"","location_type":"","parent_station":"","stop_timezone":"","wheelchair_boarding":"","feed_id":"Arkansas__City_of_Fort_Smith__mdb_ntd-60086","agency_name":"City of Fort Smith Transit","route_count":2,"route_ids":"Jenny Lind|Towson","route_short_names":"","route_types":"3","route_type_names":"Bus","routes_json":"[{\"route_id\":\"Jenny Lind\",\"route_short_name\":\"\",\"route_long_name\":\"Jenny Lind\",\"route_type\":\"3\",\"route_type_name\":\"Bus\",\"route_color\":\"8E00FF\",\"route_text_color\":\"FFFFFF\"},{\"route_id\":\"Towson\",\"route_short_name\":\"\",\"route_long_name\":\"Towson\",\"route_type\":\"3\",\"route_type_name\":\"Bus\",\"route_color\":\"70AD47\",\"route_text_color\":\"000000\"}]","metadata_feed_id":"Arkansas__City_of_Fort_Smith__mdb_ntd-60086","metadata_agency_names":"City of Fort Smith Transit","metadata_ntd_id":"60086","metadata_ntd_match_method":"manual_override","metadata_ntd_agency":"City of Fort Smith, dba: Fort Smith Transit","metadata_ntd_city":"Fort Smith","metadata_ntd_state":"AR","metadata_gtfs_route_count":7,"metadata_gtfs_trip_count":147,"metadata_gtfs_shape_count":15,"metadata_gtfs_stop_count":409,"metadata_ntd_agency_voms":10,"metadata_ntd_total_facilities":4,"metadata_ntd_maintenance_facilities":2,"metadata_ntd_passenger_stations":1,"metadata_tam_tier":"Tier II","metadata_service_area_sq_miles":65,"metadata_service_area_population":86209,"metadata_route_types_json":"{\"3\":7}","metadata_ntd_facilities_json":"{\"maintenance_facilities\":2,\"administrative_and_other_non_passenger_facilities\":1,\"passenger_stations_and_terminals\":1,\"parking_and_other_passenger_facilities\":0,\"total_facilities\":4,\"bus_transfer_centers\":1,\"elevated_fixed_guideway_stations\":0,\"at_grade_fixed_guideway_stations\":0,\"underground_fixed_guideway_stations\":0,\"simple_at_grade_platform_stations\":0,\"exclusive_grade_separated_platform_stations\":0,\"ferryboat_terminals\":0,\"surface_parking_lots\":0,\"parking_structures\":0}","metadata_tam_modes_json":"{\"DR\":{\"total_units_2024\":5,\"units_under_threshold_2024\":0,\"voms_2024\":3,\"total_modal_vrm_2024\":163578,\"total_modal_upt_2024\":19821},\"MB\":{\"total_units_2024\":22,\"units_under_threshold_2024\":0,\"voms_2024\":14,\"total_modal_vrm_2024\":607970,\"total_modal_upt_2024\":469580}}"},"geometry":{"type":"Point","coordinates":[-94.407332,35.329472]}},{"type":"Feature","properties":{"stop_id":"Walmart Neighborhood 71__35.302584_-94.392625","stop_code":"","stop_name":"Walmart Neighborhood 71","stop_desc":"","zone_id":"","stop_url":"","location_type":"","parent_station":"","stop_timezone":"","wheelchair_boarding":"","feed_id":"Arkansas__City_of_Fort_Smith__mdb_ntd-60086","agency_name":"City of Fort Smith Transit","route_count":1,"route_ids":"Jenny Lind","route_short_names":"","route_types":"3","route_type_names":"Bus","routes_json":"[{\"route_id\":\"Jenny Lind\",\"route_short_name\":\"\",\"route_long_name\":\"Jenny Lind\",\"route_type\":\"3\",\"route_type_name\":\"Bus\",\"route_color\":\"8E00FF\",\"route_text_color\":\"FFFFFF\"}]","metadata_feed_id":"Arkansas__City_of_Fort_Smith__mdb_ntd-60086","metadata_agency_names":"City of Fort Smith Transit","metadata_ntd_id":"60086","metadata_ntd_match_method":"manual_override","metadata_ntd_agency":"City of Fort Smith, dba: Fort Smith Transit","metadata_ntd_city":"Fort Smith","metadata_ntd_state":"AR","metadata_gtfs_route_count":7,"metadata_gtfs_trip_count":147,"metadata_gtfs_shape_count":15,"metadata_gtfs_stop_count":409,"metadata_ntd_agency_voms":10,"metadata_ntd_total_facilities":4,"metadata_ntd_maintenance_facilities":2,"metadata_ntd_passenger_stations":1,"metadata_tam_tier":"Tier II","metadata_service_area_sq_miles":65,"metadata_service_area_population":86209,"metadata_route_types_json":"{\"3\":7}","metadata_ntd_facilities_json":"{\"maintenance_facilities\":2,\"administrative_and_other_non_passenger_facilities\":1,\"passenger_stations_and_terminals\":1,\"parking_and_other_passenger_facilities\":0,\"total_facilities\":4,\"bus_transfer_centers\":1,\"elevated_fixed_guideway_stations\":0,\"at_grade_fixed_guideway_stations\":0,\"underground_fixed_guideway_stations\":0,\"simple_at_grade_platform_stations\":0,\"exclusive_grade_separated_platform_stations\":0,\"ferryboat_terminals\":0,\"surface_parking_lots\":0,\"parking_structures\":0}","metadata_tam_modes_json":"{\"DR\":{\"total_units_2024\":5,\"units_under_threshold_2024\":0,\"voms_2024\":3,\"total_modal_vrm_2024\":163578,\"total_modal_upt_2024\":19821},\"MB\":{\"total_units_2024\":22,\"units_under_threshold_2024\":0,\"voms_2024\":14,\"total_modal_vrm_2024\":607970,\"total_modal_upt_2024\":469580}}"},"geometry":{"type":"Point","coordinates":[-94.392625,35.302584]}},{"type":"Feature","properties":{"stop_id":"Wal-Mart SC - 8301 Rogers Ave_8301 Rogers Ave Wal-Mart SC_35.347978_-94.337181","stop_code":"","stop_name":"Wal-Mart SC - 8301 Rogers Ave","stop_desc":"","zone_id":"","stop_url":"","location_type":"","parent_station":"","stop_timezone":"","wheelchair_boarding":"","feed_id":"Arkansas__City_of_Fort_Smith__mdb_ntd-60086","agency_name":"City of Fort Smith Transit","route_count":1,"route_ids":"Rogers Supercenter","route_short_names":"","route_types":"3","route_type_names":"Bus","routes_json":"[{\"route_id\":\"Rogers Supercenter\",\"route_short_name\":\"\",\"route_long_name\":\"Rogers Supercenter\",\"route_type\":\"3\",\"route_type_name\":\"Bus\",\"route_color\":\"F98E10\",\"route_text_color\":\"000000\"}]","metadata_feed_id":"Arkansas__City_of_Fort_Smith__mdb_ntd-60086","metadata_agency_names":"City of Fort Smith Transit","metadata_ntd_id":"60086","metadata_ntd_match_method":"manual_override","metadata_ntd_agency":"City of Fort Smith, dba: Fort Smith Transit","metadata_ntd_city":"Fort Smith","metadata_ntd_state":"AR","metadata_gtfs_route_count":7,"metadata_gtfs_trip_count":147,"metadata_gtfs_shape_count":15,"metadata_gtfs_stop_count":409,"metadata_ntd_agency_voms":10,"metadata_ntd_total_facilities":4,"metadata_ntd_maintenance_facilities":2,"metadata_ntd_passenger_stations":1,"metadata_tam_tier":"Tier II","metadata_service_area_sq_miles":65,"metadata_service_area_population":86209,"metadata_route_types_json":"{\"3\":7}","metadata_ntd_facilities_json":"{\"maintenance_facilities\":2,\"administrative_and_other_non_passenger_facilities\":1,\"passenger_stations_and_terminals\":1,\"parking_and_other_passenger_facilities\":0,\"total_facilities\":4,\"bus_transfer_centers\":1,\"elevated_fixed_guideway_stations\":0,\"at_grade_fixed_guideway_stations\":0,\"underground_fixed_guideway_stations\":0,\"simple_at_grade_platform_stations\":0,\"exclusive_grade_separated_platform_stations\":0,\"ferryboat_terminals\":0,\"surface_parking_lots\":0,\"parking_structures\":0}","metadata_tam_modes_json":"{\"DR\":{\"total_units_2024\":5,\"units_under_threshold_2024\":0,\"voms_2024\":3,\"total_modal_vrm_2024\":163578,\"total_modal_upt_2024\":19821},\"MB\":{\"total_units_2024\":22,\"units_under_threshold_2024\":0,\"voms_2024\":14,\"total_modal_vrm_2024\":607970,\"total_modal_upt_2024\":469580}}"},"geometry":{"type":"Point","coordinates":[-94.337181,35.347978]}},{"type":"Feature","properties":{"stop_id":"Walmart Supercenter - 5727 Kelley Hwy_5727 Kelley HwyWalmart Supercenter_35.403493_-94.367809","stop_code":"","stop_name":"Walmart Supercenter - 5727 Kelley Hwy","stop_desc":"","zone_id":"","stop_url":"","location_type":"","parent_station":"","stop_timezone":"","wheelchair_boarding":"","feed_id":"Arkansas__City_of_Fort_Smith__mdb_ntd-60086","agency_name":"City of Fort Smith Transit","route_count":2,"route_ids":"Grand|Midland","route_short_names":"","route_types":"3","route_type_names":"Bus","routes_json":"[{\"route_id\":\"Grand\",\"route_short_name\":\"\",\"route_long_name\":\"Grand\",\"route_type\":\"3\",\"route_type_name\":\"Bus\",\"route_color\":\"FFD700\",\"route_text_color\":\"000000\"},{\"route_id\":\"Midland\",\"route_short_name\":\"\",\"route_long_name\":\"Midland\",\"route_type\":\"3\",\"route_type_name\":\"Bus\",\"route_color\":\"F51414\",\"route_text_color\":\"FFFFFF\"}]","metadata_feed_id":"Arkansas__City_of_Fort_Smith__mdb_ntd-60086","metadata_agency_names":"City of Fort Smith Transit","metadata_ntd_id":"60086","metadata_ntd_match_method":"manual_override","metadata_ntd_agency":"City of Fort Smith, dba: Fort Smith Transit","metadata_ntd_city":"Fort Smith","metadata_ntd_state":"AR","metadata_gtfs_route_count":7,"metadata_gtfs_trip_count":147,"metadata_gtfs_shape_count":15,"metadata_gtfs_stop_count":409,"metadata_ntd_agency_voms":10,"metadata_ntd_total_facilities":4,"metadata_ntd_maintenance_facilities":2,"metadata_ntd_passenger_stations":1,"metadata_tam_tier":"Tier II","metadata_service_area_sq_miles":65,"metadata_service_area_population":86209,"metadata_route_types_json":"{\"3\":7}","metadata_ntd_facilities_json":"{\"maintenance_facilities\":2,\"administrative_and_other_non_passenger_facilities\":1,\"passenger_stations_and_terminals\":1,\"parking_and_other_passenger_facilities\":0,\"total_facilities\":4,\"bus_transfer_centers\":1,\"elevated_fixed_guideway_stations\":0,\"at_grade_fixed_guideway_stations\":0,\"underground_fixed_guideway_stations\":0,\"simple_at_grade_platform_stations\":0,\"exclusive_grade_separated_platform_stations\":0,\"ferryboat_terminals\":0,\"surface_parking_lots\":0,\"parking_structures\":0}","metadata_tam_modes_json":"{\"DR\":{\"total_units_2024\":5,\"units_under_threshold_2024\":0,\"voms_2024\":3,\"total_modal_vrm_2024\":163578,\"total_modal_upt_2024\":19821},\"MB\":{\"total_units_2024\":22,\"units_under_threshold_2024\":0,\"voms_2024\":14,\"total_modal_vrm_2024\":607970,\"total_modal_upt_2024\":469580}}"},"geometry":{"type":"Point","coordinates":[-94.367809,35.403493]}},{"type":"Feature","properties":{"stop_id":"West Apartments_N 50th St @ Plum StWest Apartments_35.418267_-94.375629","stop_code":"","stop_name":"West Apartments","stop_desc":"","zone_id":"","stop_url":"","location_type":"","parent_station":"","stop_timezone":"","wheelchair_boarding":"","feed_id":"Arkansas__City_of_Fort_Smith__mdb_ntd-60086","agency_name":"City of Fort Smith Transit","route_count":1,"route_ids":"Midland","route_short_names":"","route_types":"3","route_type_names":"Bus","routes_json":"[{\"route_id\":\"Midland\",\"route_short_name\":\"\",\"route_long_name\":\"Midland\",\"route_type\":\"3\",\"route_type_name\":\"Bus\",\"route_color\":\"F51414\",\"route_text_color\":\"FFFFFF\"}]","metadata_feed_id":"Arkansas__City_of_Fort_Smith__mdb_ntd-60086","metadata_agency_names":"City of Fort Smith Transit","metadata_ntd_id":"60086","metadata_ntd_match_method":"manual_override","metadata_ntd_agency":"City of Fort Smith, dba: Fort Smith Transit","metadata_ntd_city":"Fort Smith","metadata_ntd_state":"AR","metadata_gtfs_route_count":7,"metadata_gtfs_trip_count":147,"metadata_gtfs_shape_count":15,"metadata_gtfs_stop_count":409,"metadata_ntd_agency_voms":10,"metadata_ntd_total_facilities":4,"metadata_ntd_maintenance_facilities":2,"metadata_ntd_passenger_stations":1,"metadata_tam_tier":"Tier II","metadata_service_area_sq_miles":65,"metadata_service_area_population":86209,"metadata_route_types_json":"{\"3\":7}","metadata_ntd_facilities_json":"{\"maintenance_facilities\":2,\"administrative_and_other_non_passenger_facilities\":1,\"passenger_stations_and_terminals\":1,\"parking_and_other_passenger_facilities\":0,\"total_facilities\":4,\"bus_transfer_centers\":1,\"elevated_fixed_guideway_stations\":0,\"at_grade_fixed_guideway_stations\":0,\"underground_fixed_guideway_stations\":0,\"simple_at_grade_platform_stations\":0,\"exclusive_grade_separated_platform_stations\":0,\"ferryboat_terminals\":0,\"surface_parking_lots\":0,\"parking_structures\":0}","metadata_tam_modes_json":"{\"DR\":{\"total_units_2024\":5,\"units_under_threshold_2024\":0,\"voms_2024\":3,\"total_modal_vrm_2024\":163578,\"total_modal_upt_2024\":19821},\"MB\":{\"total_units_2024\":22,\"units_under_threshold_2024\":0,\"voms_2024\":14,\"total_modal_vrm_2024\":607970,\"total_modal_upt_2024\":469580}}"},"geometry":{"type":"Point","coordinates":[-94.375629,35.418267]}},{"type":"Feature","properties":{"stop_id":"Wheeler Ave @ S 7th St_Wheeler Ave @ S 7th St_35.383203_-94.427258","stop_code":"","stop_name":"Wheeler Ave @ S 7th St","stop_desc":"","zone_id":"","stop_url":"","location_type":"","parent_station":"","stop_timezone":"","wheelchair_boarding":"","feed_id":"Arkansas__City_of_Fort_Smith__mdb_ntd-60086","agency_name":"City of Fort Smith Transit","route_count":3,"route_ids":"Grand|Rogers Express|Shuttle","route_short_names":"","route_types":"3","route_type_names":"Bus","routes_json":"[{\"route_id\":\"Grand\",\"route_short_name\":\"\",\"route_long_name\":\"Grand\",\"route_type\":\"3\",\"route_type_name\":\"Bus\",\"route_color\":\"FFD700\",\"route_text_color\":\"000000\"},{\"route_id\":\"Rogers Express\",\"route_short_name\":\"\",\"route_long_name\":\"Rogers Express\",\"route_type\":\"3\",\"route_type_name\":\"Bus\",\"route_color\":\"4472C4\",\"route_text_color\":\"FFFFFF\"},{\"route_id\":\"Shuttle\",\"route_short_name\":\"\",\"route_long_name\":\"Shuttle\",\"route_type\":\"3\",\"route_type_name\":\"Bus\",\"route_color\":\"000000\",\"route_text_color\":\"FFFFFF\"}]","metadata_feed_id":"Arkansas__City_of_Fort_Smith__mdb_ntd-60086","metadata_agency_names":"City of Fort Smith Transit","metadata_ntd_id":"60086","metadata_ntd_match_method":"manual_override","metadata_ntd_agency":"City of Fort Smith, dba: Fort Smith Transit","metadata_ntd_city":"Fort Smith","metadata_ntd_state":"AR","metadata_gtfs_route_count":7,"metadata_gtfs_trip_count":147,"metadata_gtfs_shape_count":15,"metadata_gtfs_stop_count":409,"metadata_ntd_agency_voms":10,"metadata_ntd_total_facilities":4,"metadata_ntd_maintenance_facilities":2,"metadata_ntd_passenger_stations":1,"metadata_tam_tier":"Tier II","metadata_service_area_sq_miles":65,"metadata_service_area_population":86209,"metadata_route_types_json":"{\"3\":7}","metadata_ntd_facilities_json":"{\"maintenance_facilities\":2,\"administrative_and_other_non_passenger_facilities\":1,\"passenger_stations_and_terminals\":1,\"parking_and_other_passenger_facilities\":0,\"total_facilities\":4,\"bus_transfer_centers\":1,\"elevated_fixed_guideway_stations\":0,\"at_grade_fixed_guideway_stations\":0,\"underground_fixed_guideway_stations\":0,\"simple_at_grade_platform_stations\":0,\"exclusive_grade_separated_platform_stations\":0,\"ferryboat_terminals\":0,\"surface_parking_lots\":0,\"parking_structures\":0}","metadata_tam_modes_json":"{\"DR\":{\"total_units_2024\":5,\"units_under_threshold_2024\":0,\"voms_2024\":3,\"total_modal_vrm_2024\":163578,\"total_modal_upt_2024\":19821},\"MB\":{\"total_units_2024\":22,\"units_under_threshold_2024\":0,\"voms_2024\":14,\"total_modal_vrm_2024\":607970,\"total_modal_upt_2024\":469580}}"},"geometry":{"type":"Point","coordinates":[-94.427258,35.383203]}},{"type":"Feature","properties":{"stop_id":"White Rabbit Tattoo Parlour__35.309997_-94.303833","stop_code":"","stop_name":"White Rabbit Tattoo Parlour","stop_desc":"","zone_id":"","stop_url":"","location_type":"","parent_station":"","stop_timezone":"","wheelchair_boarding":"","feed_id":"Arkansas__City_of_Fort_Smith__mdb_ntd-60086","agency_name":"City of Fort Smith Transit","route_count":0,"route_ids":"","route_short_names":"","route_types":"","route_type_names":"","routes_json":"[]","metadata_feed_id":"Arkansas__City_of_Fort_Smith__mdb_ntd-60086","metadata_agency_names":"City of Fort Smith Transit","metadata_ntd_id":"60086","metadata_ntd_match_method":"manual_override","metadata_ntd_agency":"City of Fort Smith, dba: Fort Smith Transit","metadata_ntd_city":"Fort Smith","metadata_ntd_state":"AR","metadata_gtfs_route_count":7,"metadata_gtfs_trip_count":147,"metadata_gtfs_shape_count":15,"metadata_gtfs_stop_count":409,"metadata_ntd_agency_voms":10,"metadata_ntd_total_facilities":4,"metadata_ntd_maintenance_facilities":2,"metadata_ntd_passenger_stations":1,"metadata_tam_tier":"Tier II","metadata_service_area_sq_miles":65,"metadata_service_area_population":86209,"metadata_route_types_json":"{\"3\":7}","metadata_ntd_facilities_json":"{\"maintenance_facilities\":2,\"administrative_and_other_non_passenger_facilities\":1,\"passenger_stations_and_terminals\":1,\"parking_and_other_passenger_facilities\":0,\"total_facilities\":4,\"bus_transfer_centers\":1,\"elevated_fixed_guideway_stations\":0,\"at_grade_fixed_guideway_stations\":0,\"underground_fixed_guideway_stations\":0,\"simple_at_grade_platform_stations\":0,\"exclusive_grade_separated_platform_stations\":0,\"ferryboat_terminals\":0,\"surface_parking_lots\":0,\"parking_structures\":0}","metadata_tam_modes_json":"{\"DR\":{\"total_units_2024\":5,\"units_under_threshold_2024\":0,\"voms_2024\":3,\"total_modal_vrm_2024\":163578,\"total_modal_upt_2024\":19821},\"MB\":{\"total_units_2024\":22,\"units_under_threshold_2024\":0,\"voms_2024\":14,\"total_modal_vrm_2024\":607970,\"total_modal_upt_2024\":469580}}"},"geometry":{"type":"Point","coordinates":[-94.303833,35.309997]}},{"type":"Feature","properties":{"stop_id":"Zero St @ Hwy 271 S_Zero St @ Hwy 271 S_35.329683_-94.421653","stop_code":"","stop_name":"Zero St @ Hwy 271 S","stop_desc":"","zone_id":"","stop_url":"","location_type":"","parent_station":"","stop_timezone":"","wheelchair_boarding":"","feed_id":"Arkansas__City_of_Fort_Smith__mdb_ntd-60086","agency_name":"City of Fort Smith Transit","route_count":1,"route_ids":"Towson","route_short_names":"","route_types":"3","route_type_names":"Bus","routes_json":"[{\"route_id\":\"Towson\",\"route_short_name\":\"\",\"route_long_name\":\"Towson\",\"route_type\":\"3\",\"route_type_name\":\"Bus\",\"route_color\":\"70AD47\",\"route_text_color\":\"000000\"}]","metadata_feed_id":"Arkansas__City_of_Fort_Smith__mdb_ntd-60086","metadata_agency_names":"City of Fort Smith Transit","metadata_ntd_id":"60086","metadata_ntd_match_method":"manual_override","metadata_ntd_agency":"City of Fort Smith, dba: Fort Smith Transit","metadata_ntd_city":"Fort Smith","metadata_ntd_state":"AR","metadata_gtfs_route_count":7,"metadata_gtfs_trip_count":147,"metadata_gtfs_shape_count":15,"metadata_gtfs_stop_count":409,"metadata_ntd_agency_voms":10,"metadata_ntd_total_facilities":4,"metadata_ntd_maintenance_facilities":2,"metadata_ntd_passenger_stations":1,"metadata_tam_tier":"Tier II","metadata_service_area_sq_miles":65,"metadata_service_area_population":86209,"metadata_route_types_json":"{\"3\":7}","metadata_ntd_facilities_json":"{\"maintenance_facilities\":2,\"administrative_and_other_non_passenger_facilities\":1,\"passenger_stations_and_terminals\":1,\"parking_and_other_passenger_facilities\":0,\"total_facilities\":4,\"bus_transfer_centers\":1,\"elevated_fixed_guideway_stations\":0,\"at_grade_fixed_guideway_stations\":0,\"underground_fixed_guideway_stations\":0,\"simple_at_grade_platform_stations\":0,\"exclusive_grade_separated_platform_stations\":0,\"ferryboat_terminals\":0,\"surface_parking_lots\":0,\"parking_structures\":0}","metadata_tam_modes_json":"{\"DR\":{\"total_units_2024\":5,\"units_under_threshold_2024\":0,\"voms_2024\":3,\"total_modal_vrm_2024\":163578,\"total_modal_upt_2024\":19821},\"MB\":{\"total_units_2024\":22,\"units_under_threshold_2024\":0,\"voms_2024\":14,\"total_modal_vrm_2024\":607970,\"total_modal_upt_2024\":469580}}"},"geometry":{"type":"Point","coordinates":[-94.421653,35.329683]}}],"metadata":{"feed_id":"Arkansas__City_of_Fort_Smith__mdb_ntd-60086","ntd_id":"60086","feature_metadata_embedded":true}}