{"type":"FeatureCollection","features":[{"type":"Feature","properties":{"agency":"Link413","shape_id":"p_1425662"},"geometry":{"type":"LineString","coordinates":[[-73.254527,42.451721],[-73.25459,42.451729],[-73.254614,42.451665],[-73.254643,42.451628],[-73.254685,42.451599],[-73.254904,42.451514],[-73.254945,42.451489],[-73.254977,42.451453],[-73.254999,42.451417],[-73.255006,42.451372],[-73.255,42.451332],[-73.254977,42.451292],[-73.254954,42.451269],[-73.254938,42.451254],[-73.254882,42.451234],[-73.254827,42.451227],[-73.254766,42.451237],[-73.254714,42.45126],[-73.254248,42.451536],[-73.254201,42.451578],[-73.254173,42.451622],[-73.254154,42.451671],[-73.253705,42.45161],[-73.253467,42.451577],[-73.253156,42.451533],[-73.252991,42.451548],[-73.252619,42.452915],[-73.252531,42.453252],[-73.252437,42.453597],[-73.252368,42.45385],[-73.252356,42.453892],[-73.252283,42.454096],[-73.252177,42.454392],[-73.252099,42.454609],[-73.251791,42.455247],[-73.251647,42.455505],[-73.251484,42.455798],[-73.25124,42.456215],[-73.251033,42.45658],[-73.250935,42.456749],[-73.250663,42.457071],[-73.25057,42.457181],[-73.250365,42.457433],[-73.250207,42.457628],[-73.250118,42.457721],[-73.249829,42.458024],[-73.249777,42.45807],[-73.249632,42.458197],[-73.249503,42.45831],[-73.249105,42.45863],[-73.249023,42.4587],[-73.248147,42.458539],[-73.247657,42.458456],[-73.246831,42.458313],[-73.245639,42.458095],[-73.24561,42.45809],[-73.245457,42.458062],[-73.244214,42.45787],[-73.242999,42.457679],[-73.241718,42.457496],[-73.240386,42.457291],[-73.239758,42.457193],[-73.239056,42.457088],[-73.237674,42.456876],[-73.237619,42.456867],[-73.236441,42.456685],[-73.236374,42.456675],[-73.236285,42.456661],[-73.235175,42.4565],[-73.235036,42.456479],[-73.234898,42.456458],[-73.234513,42.456399],[-73.234371,42.456395],[-73.234174,42.456413],[-73.233967,42.456453],[-73.23382,42.456485],[-73.233546,42.456545],[-73.23183,42.456924],[-73.230474,42.457223],[-73.229858,42.457355],[-73.229148,42.457515],[-73.228818,42.457588],[-73.228465,42.457643],[-73.228308,42.457669],[-73.228153,42.457702],[-73.228008,42.457741],[-73.227755,42.457831],[-73.227501,42.457928],[-73.227244,42.458031],[-73.226063,42.458506],[-73.224792,42.45902],[-73.223341,42.459604],[-73.223212,42.459657],[-73.220642,42.460697],[-73.220572,42.460726],[-73.220415,42.46079],[-73.219568,42.461135],[-73.218301,42.461642],[-73.218166,42.461698],[-73.217169,42.462104],[-73.216561,42.462351],[-73.215244,42.462878],[-73.215148,42.462917],[-73.21436,42.463237],[-73.214223,42.463293],[-73.21304,42.463768],[-73.211486,42.464397],[-73.211385,42.464437],[-73.209626,42.465148],[-73.208585,42.46558],[-73.207517,42.466011],[-73.20732,42.466093],[-73.207126,42.466175],[-73.206925,42.466256],[-73.206697,42.466341],[-73.206468,42.466433],[-73.206239,42.466533],[-73.205825,42.466723],[-73.205417,42.466919],[-73.2053,42.466958],[-73.205164,42.467011],[-73.205003,42.467074],[-73.204753,42.467182],[-73.203894,42.467564],[-73.203766,42.467621],[-73.203531,42.467731],[-73.203483,42.467828],[-73.203445,42.467921],[-73.203425,42.467992],[-73.203414,42.46805],[-73.20341,42.46812],[-73.203417,42.468191],[-73.203464,42.468459],[-73.203572,42.469051],[-73.203639,42.469474],[-73.203693,42.469795],[-73.203686,42.469753],[-73.203736,42.470047],[-73.203752,42.470138],[-73.203821,42.470548],[-73.203865,42.470799],[-73.203905,42.47098],[-73.203978,42.471263],[-73.204092,42.471929],[-73.204156,42.472303],[-73.204325,42.473295],[-73.204332,42.473336],[-73.20451,42.474375],[-73.204653,42.475215],[-73.204861,42.476431],[-73.204973,42.477138],[-73.204996,42.477331],[-73.205011,42.477534],[-73.20502,42.477732],[-73.205065,42.478799],[-73.205075,42.479111],[-73.205079,42.479343],[-73.205077,42.479525],[-73.205061,42.479698],[-73.205032,42.479858],[-73.204984,42.480021],[-73.204926,42.480177],[-73.204859,42.480325],[-73.204774,42.480477],[-73.204683,42.480619],[-73.204576,42.480759],[-73.204466,42.480885],[-73.204346,42.481007],[-73.204221,42.481121],[-73.204087,42.481236],[-73.203403,42.481803],[-73.203267,42.481918],[-73.203133,42.482041],[-73.203023,42.482159],[-73.20292,42.482281],[-73.202823,42.482409],[-73.202725,42.482558],[-73.202641,42.482704],[-73.202565,42.482856],[-73.202498,42.483019],[-73.202446,42.483195],[-73.202409,42.48336],[-73.202383,42.483523],[-73.202267,42.484398],[-73.202108,42.485532],[-73.202007,42.48631],[-73.201974,42.486592],[-73.201966,42.486763],[-73.20197,42.486915],[-73.201986,42.487045],[-73.202012,42.487195],[-73.202046,42.487343],[-73.2021,42.487505],[-73.202163,42.487652],[-73.20226,42.487836],[-73.202375,42.48803],[-73.202611,42.488422],[-73.202821,42.488758],[-73.203191,42.489351],[-73.203268,42.489488],[-73.203339,42.489631],[-73.2034,42.489789],[-73.203455,42.489947],[-73.203507,42.490144],[-73.203532,42.490323],[-73.203538,42.490521],[-73.203528,42.490707],[-73.203505,42.490878],[-73.203472,42.491046],[-73.203422,42.491218],[-73.203357,42.491379],[-73.203275,42.491546],[-73.203181,42.491704],[-73.203081,42.491847],[-73.20294,42.492049],[-73.202691,42.492393],[-73.202335,42.492877],[-73.201768,42.493677],[-73.201888,42.493721],[-73.202019,42.493763],[-73.202303,42.493844],[-73.202744,42.493969],[-73.203536,42.494198],[-73.203862,42.494319],[-73.203978,42.494366],[-73.204075,42.494418],[-73.204156,42.494476],[-73.204212,42.494537],[-73.204264,42.494612],[-73.204316,42.494751],[-73.204378,42.494918],[-73.204504,42.495252],[-73.204567,42.495421],[-73.204597,42.495492],[-73.204628,42.495541],[-73.204664,42.495583],[-73.204706,42.495624],[-73.204773,42.495668],[-73.204849,42.495702],[-73.204952,42.495721],[-73.205079,42.495723],[-73.205996,42.495665],[-73.206156,42.495651],[-73.206147,42.495518],[-73.206135,42.495454],[-73.206082,42.495349],[-73.206073,42.495314],[-73.206061,42.495181],[-73.206065,42.495137],[-73.206088,42.495012],[-73.206087,42.494955],[-73.206074,42.494837],[-73.206056,42.494665],[-73.206038,42.494501],[-73.206032,42.494449],[-73.206022,42.494403],[-73.205996,42.494352],[-73.205963,42.494313],[-73.205902,42.494271],[-73.205785,42.494194],[-73.205711,42.494171],[-73.205639,42.494164],[-73.205525,42.49417],[-73.2055235730949,42.494156003492],[-73.20521207286,42.494166729895],[-73.205046637136,42.493955383997],[-73.204909563027,42.493780990182],[-73.204847590771,42.49302513935],[-73.204922129726,42.492980920887],[-73.204298731438,42.492825240104],[-73.203994516024,42.493045332915],[-73.203855819362,42.493301732239],[-73.203872301719,42.493578261808],[-73.204041475439,42.494056694877],[-73.203911485578,42.494167358607],[-73.203574965622,42.494206824437],[-73.201766,42.493675],[-73.200714,42.495162],[-73.200294,42.495727],[-73.199867,42.496181],[-73.199707,42.49633],[-73.199371,42.496601],[-73.1986,42.497188],[-73.198013,42.497684],[-73.197677,42.498016],[-73.197242,42.498535],[-73.196983,42.498897],[-73.196746,42.49929],[-73.196487,42.499813],[-73.19635,42.500198],[-73.196205,42.500671],[-73.195182,42.504257],[-73.194664,42.506038],[-73.194511,42.506511],[-73.194305,42.506973],[-73.19403,42.507427],[-73.193626,42.508029],[-73.193328,42.508563],[-73.193092,42.509067],[-73.192909,42.509574],[-73.192764,42.510093],[-73.192703,42.510364],[-73.192634,42.51086],[-73.192611,42.511081],[-73.192596,42.511547],[-73.192581,42.51263],[-73.192581,42.512863],[-73.192558,42.515548],[-73.192512,42.517227],[-73.192337,42.521514],[-73.192306,42.52222],[-73.19223,42.522876],[-73.191764,42.524967],[-73.191146,42.527618],[-73.191024,42.528026],[-73.190841,42.528446],[-73.190605,42.528842],[-73.190353,42.529197],[-73.188659,42.531093],[-73.187492,42.53239],[-73.18682,42.533046],[-73.186157,42.533618],[-73.183357,42.535964],[-73.18107062100775,42.53780372015379],[-73.181129,42.537796],[-73.180892,42.53794],[-73.180641,42.53807],[-73.180107,42.538307],[-73.178756,42.538837],[-73.178604,42.538898],[-73.17572,42.540035],[-73.174972,42.540332],[-73.174743,42.54042],[-73.174316,42.540618],[-73.17398,42.540817],[-73.173667,42.541061],[-73.173393,42.541324],[-73.170845,42.54404],[-73.170532,42.544387],[-73.169273,42.54589],[-73.169006,42.546188],[-73.168869,42.546318],[-73.168731,42.546432],[-73.168563,42.546546],[-73.168235,42.546737],[-73.167861,42.546894],[-73.167404,42.547046],[-73.166763,42.547302],[-73.166542,42.547412],[-73.166343,42.547534],[-73.166015,42.547775],[-73.165748,42.548019],[-73.165512,42.548301],[-73.165328,42.548587],[-73.165199,42.548866],[-73.165115,42.549167],[-73.165069,42.549449],[-73.165069,42.549777],[-73.1651,42.550632],[-73.165161,42.552162],[-73.165191,42.55297],[-73.165229,42.553718],[-73.165245,42.553855],[-73.16529,42.554077],[-73.16542,42.554409],[-73.166259,42.556022],[-73.166755,42.556983],[-73.167343,42.55828],[-73.167434,42.558586],[-73.167449,42.558723],[-73.167442,42.559005],[-73.167388,42.559268],[-73.167274,42.559532],[-73.167068,42.559848],[-73.16674,42.560352],[-73.166557,42.56063],[-73.166191,42.561191],[-73.165596,42.562095],[-73.165519,42.562053],[-73.165412,42.562019],[-73.165206,42.561981],[-73.165,42.561969],[-73.164787,42.561954],[-73.16436,42.561958],[-73.16336,42.562007],[-73.160278,42.562175],[-73.15921,42.562221],[-73.158584,42.562202],[-73.15775932365759,42.56211072729423],[-73.15752231235166,42.56256953753217],[-73.15753269500483,42.5625536938181],[-73.157109813492,42.563424877625],[-73.156761,42.564193],[-73.15657,42.564537],[-73.156341,42.564876],[-73.155952,42.565395],[-73.154266,42.567726],[-73.156608,42.568626],[-73.156677,42.568668],[-73.156784,42.568767],[-73.156105,42.569141],[-73.155822,42.56932],[-73.155563,42.569522],[-73.155334,42.569755],[-73.155151,42.570007],[-73.155006,42.570285],[-73.154441,42.571548],[-73.153533,42.573577],[-73.152824,42.575164],[-73.15261,42.575641],[-73.152412,42.576019],[-73.152168,42.576381],[-73.151672,42.577011],[-73.151428,42.577316],[-73.15129,42.577457],[-73.151031,42.577709],[-73.150772,42.577934],[-73.149421,42.578975],[-73.149101,42.579269],[-73.148841,42.57954],[-73.148704,42.579689],[-73.14833,42.58015],[-73.148155,42.580425],[-73.148071,42.580585],[-73.148002,42.580738],[-73.147819,42.581249],[-73.147644,42.581878],[-73.147567,42.582145],[-73.147247,42.583301],[-73.147125,42.583751],[-73.146888,42.584579],[-73.146789,42.585006],[-73.146751,42.585247],[-73.146713,42.585655],[-73.146652,42.586994],[-73.146606,42.587844],[-73.146598,42.587951],[-73.146575,42.588539],[-73.14653,42.589427],[-73.146507,42.589912],[-73.146461,42.59053],[-73.146438,42.590694],[-73.146354,42.591014],[-73.146156,42.591476],[-73.145881,42.591922],[-73.145545,42.592315],[-73.145256,42.59259],[-73.144958,42.592823],[-73.143836,42.59362],[-73.141937,42.594944],[-73.141494,42.595283],[-73.141242,42.595508],[-73.141029,42.595748],[-73.140937,42.595874],[-73.140258,42.597145],[-73.139976,42.59764],[-73.139656,42.598266],[-73.137992,42.601696],[-73.137901,42.601875],[-73.13771,42.602188],[-73.137603,42.602344],[-73.137351,42.602622],[-73.135559,42.604305],[-73.134414,42.605358],[-73.133903,42.605861],[-73.13346,42.606342],[-73.133178,42.606681],[-73.132629,42.60741],[-73.132514,42.607536],[-73.132255,42.607765],[-73.131942,42.607982],[-73.131553,42.608207],[-73.131179,42.608398],[-73.130973,42.608505],[-73.129386,42.609329],[-73.128723,42.609626],[-73.128288,42.609794],[-73.128082,42.609878],[-73.127113,42.610248],[-73.126564,42.61045],[-73.126388,42.610515],[-73.126167,42.610637],[-73.126075,42.610706],[-73.125831,42.610969],[-73.12535,42.611843],[-73.125137,42.612224],[-73.124114,42.614044],[-73.124015,42.614223],[-73.123764,42.614662],[-73.123641,42.614845],[-73.123558,42.614978],[-73.123458,42.615127],[-73.123329,42.615322],[-73.12313,42.615634],[-73.122489,42.616622],[-73.12178,42.617717],[-73.120895,42.619083],[-73.120343588291,42.61984813267],[-73.120196628469,42.619924767341],[-73.120029271243,42.6199374261],[-73.119913406122,42.619904280782],[-73.11960661544484,42.61949548421976],[-73.11957553333633,42.61947773577015],[-73.119533,42.619438],[-73.11948,42.619382],[-73.119409,42.619328],[-73.119307,42.619268],[-73.1192,42.619214],[-73.118559,42.618917],[-73.118325,42.618782],[-73.118171,42.618674],[-73.118016,42.618536],[-73.117237,42.619369],[-73.116526,42.620099],[-73.115956,42.620688],[-73.115868,42.620774],[-73.11542,42.621209],[-73.115062,42.621602],[-73.114617,42.622037],[-73.114584,42.622083],[-73.1143211492469,42.6224440479184],[-73.1142326874225,42.6226465592363],[-73.1130836960894,42.6251108954164],[-73.116234,42.624996],[-73.116909,42.624964],[-73.117196,42.624955],[-73.117489,42.62495],[-73.117965,42.62494],[-73.118194,42.624942],[-73.118372,42.624945],[-73.118469,42.624957],[-73.118563,42.624978],[-73.118644,42.625008],[-73.118728,42.625052],[-73.118831,42.625107],[-73.118937,42.625163],[-73.118797,42.625311],[-73.118668,42.625459],[-73.11854,42.625616],[-73.117933,42.626416],[-73.117735,42.626676],[-73.117646,42.626794],[-73.117561,42.626899],[-73.117504,42.626966],[-73.117439,42.627038],[-73.11737,42.627112],[-73.1173,42.627185],[-73.116478,42.62803],[-73.11629,42.628225],[-73.116183,42.628348],[-73.116081,42.628482],[-73.115992,42.628616],[-73.115803,42.628932],[-73.114943,42.630404],[-73.114873,42.63054],[-73.114816,42.630665],[-73.114772,42.63079],[-73.114733,42.630923],[-73.114301,42.632499],[-73.113821,42.63417],[-73.113159,42.6364],[-73.113054,42.636829],[-73.112992,42.637047],[-73.112804,42.637698],[-73.112671,42.638136],[-73.112401,42.63895],[-73.11235,42.639124],[-73.112315,42.63928],[-73.112287,42.639432],[-73.112272,42.639598],[-73.112266,42.639756],[-73.112266,42.63991],[-73.112293,42.640807],[-73.112296,42.641091],[-73.11229,42.641373],[-73.112275,42.641679],[-73.112266,42.641819],[-73.11222,42.64253],[-73.112197,42.642883],[-73.11218,42.643233],[-73.112117,42.644446],[-73.112056,42.645549],[-73.11204,42.646014],[-73.112023,42.646336],[-73.112008,42.646564],[-73.111984,42.6468],[-73.111942,42.647058],[-73.111893,42.64729],[-73.111829,42.647569],[-73.111755,42.64788],[-73.111511,42.648881],[-73.111288,42.649796],[-73.111219,42.650082],[-73.111064,42.650719],[-73.110531,42.652902],[-73.110212,42.654218],[-73.10973,42.65621],[-73.109639,42.656573],[-73.109507,42.656889],[-73.109469,42.657008],[-73.109341,42.65751],[-73.109231,42.657928],[-73.108934,42.659135],[-73.108475,42.660972],[-73.108141,42.662207],[-73.108074,42.662453],[-73.108008,42.662713],[-73.107958,42.662944],[-73.10792,42.663176],[-73.107897,42.6634],[-73.107876,42.663647],[-73.107781,42.665168],[-73.107778,42.665222],[-73.108292,42.665306],[-73.108691,42.665382],[-73.109574,42.66541],[-73.10973036772444,42.665379752928345],[-73.1097937474438,42.66532196314802],[-73.11019177204412,42.665338740826485]]}},{"type":"Feature","properties":{"agency":"Link413","shape_id":"p_1425664"},"geometry":{"type":"LineString","coordinates":[[-73.109841,42.665262],[-73.10994,42.6636],[-73.109941,42.66357],[-73.109944,42.663381],[-73.109954,42.663259],[-73.109875,42.663157],[-73.109627,42.663055],[-73.109263,42.662926],[-73.109061,42.662854],[-73.109032,42.662875],[-73.108922,42.662926],[-73.108805,42.662961],[-73.108619,42.663001],[-73.10844,42.663043],[-73.108085,42.663137],[-73.108124,42.662932],[-73.108167,42.66274],[-73.108234,42.662479],[-73.108296,42.662236],[-73.108889,42.659956],[-73.109082,42.659214],[-73.109103,42.659127],[-73.10938,42.65795],[-73.109477,42.657528],[-73.109536,42.657275],[-73.109595,42.657014],[-73.109612,42.656896],[-73.109639,42.656573],[-73.10973,42.65621],[-73.110212,42.654218],[-73.110531,42.652902],[-73.111064,42.650719],[-73.111219,42.650082],[-73.111288,42.649796],[-73.111511,42.648881],[-73.111755,42.64788],[-73.111829,42.647569],[-73.111893,42.64729],[-73.111942,42.647058],[-73.111984,42.6468],[-73.112008,42.646564],[-73.112023,42.646336],[-73.11204,42.646014],[-73.112056,42.645549],[-73.112117,42.644446],[-73.11218,42.643233],[-73.112197,42.642883],[-73.11222,42.64253],[-73.112266,42.641819],[-73.112275,42.641679],[-73.11229,42.641373],[-73.112296,42.641091],[-73.112293,42.640807],[-73.112266,42.63991],[-73.112266,42.639756],[-73.112272,42.639598],[-73.112287,42.639432],[-73.112315,42.63928],[-73.11235,42.639124],[-73.112401,42.63895],[-73.112671,42.638136],[-73.112804,42.637698],[-73.112992,42.637047],[-73.113054,42.636829],[-73.113159,42.6364],[-73.113821,42.63417],[-73.114301,42.632499],[-73.114733,42.630923],[-73.114772,42.63079],[-73.114816,42.630665],[-73.114873,42.63054],[-73.114943,42.630404],[-73.115803,42.628932],[-73.115992,42.628616],[-73.116081,42.628482],[-73.116183,42.628348],[-73.11629,42.628225],[-73.116478,42.62803],[-73.1173,42.627185],[-73.11737,42.627112],[-73.117439,42.627038],[-73.117504,42.626966],[-73.117561,42.626899],[-73.117646,42.626794],[-73.117735,42.626676],[-73.118061,42.626247],[-73.11854,42.625616],[-73.118668,42.625459],[-73.118797,42.625311],[-73.118937,42.625163],[-73.119015,42.625078],[-73.118912,42.625029],[-73.118836,42.624993],[-73.118753,42.624967],[-73.118662,42.624954],[-73.118567,42.624946],[-73.118372,42.624945],[-73.118194,42.624942],[-73.117965,42.62494],[-73.117489,42.62495],[-73.117196,42.624955],[-73.116909,42.624964],[-73.116234,42.624996],[-73.115783,42.625015],[-73.115056,42.625034],[-73.114371,42.625045],[-73.113087,42.625084],[-73.113397,42.624429],[-73.113517,42.624176],[-73.113628,42.623941],[-73.113704,42.623775],[-73.113808,42.623549],[-73.113846,42.623466],[-73.113928,42.623286],[-73.114139,42.622846],[-73.114268,42.622577],[-73.114337,42.622455],[-73.114381,42.622376],[-73.114481,42.62223],[-73.114584,42.622083],[-73.114617,42.622037],[-73.115062,42.621602],[-73.11542,42.621209],[-73.115956,42.620688],[-73.116526,42.620099],[-73.117237,42.619369],[-73.118016,42.618536],[-73.118171,42.618674],[-73.118325,42.618782],[-73.118559,42.618917],[-73.1191029634617,42.6191719135669],[-73.119113,42.619174],[-73.1192,42.619214],[-73.119307,42.619268],[-73.119409,42.619328],[-73.11948,42.619382],[-73.119533,42.619438],[-73.120077,42.620126],[-73.120158,42.620068],[-73.120232,42.620002],[-73.120305,42.619925],[-73.120378,42.619838],[-73.120439,42.619763],[-73.120893,42.619082],[-73.121782,42.617718],[-73.122491,42.616624],[-73.123128,42.615634],[-73.123331,42.615324],[-73.123462,42.615126],[-73.123558,42.61498],[-73.123645,42.614848],[-73.123766,42.614663],[-73.123881,42.61447],[-73.124018,42.614223],[-73.124117,42.614046],[-73.125135,42.612224],[-73.12535,42.611842],[-73.125766,42.611077],[-73.125829,42.610971],[-73.125905,42.610873],[-73.125996,42.610778],[-73.126079,42.610705],[-73.126168,42.610638],[-73.126274,42.610574],[-73.126392,42.610516],[-73.126566,42.610451],[-73.127115,42.61025],[-73.128079,42.609878],[-73.128291,42.609796],[-73.128725,42.609627],[-73.128962,42.609528],[-73.129174,42.609432],[-73.129387,42.60933],[-73.130977,42.608504],[-73.131183,42.608397],[-73.131552,42.608206],[-73.131747,42.6081],[-73.131946,42.607984],[-73.132109,42.607876],[-73.132257,42.607766],[-73.132394,42.607651],[-73.132516,42.607536],[-73.132628,42.607409],[-73.132736,42.607271],[-73.133179,42.606684],[-73.133322,42.606507],[-73.133462,42.606344],[-73.133612,42.606177],[-73.133759,42.606017],[-73.133907,42.605862],[-73.134078,42.605688],[-73.134261,42.605506],[-73.134416,42.605358],[-73.135557,42.604304],[-73.136447,42.603487],[-73.136812,42.603142],[-73.137121,42.602849],[-73.13735,42.602622],[-73.13748,42.602487],[-73.137602,42.602345],[-73.137713,42.602191],[-73.137819,42.602021],[-73.1379,42.601875],[-73.137992,42.601697],[-73.139658,42.598266],[-73.139808,42.597968],[-73.139976,42.597643],[-73.140255,42.597145],[-73.140328,42.597009],[-73.140779,42.596161],[-73.140859,42.596015],[-73.140942,42.595877],[-73.141033,42.595747],[-73.141135,42.595625],[-73.141247,42.595508],[-73.141374,42.595388],[-73.141497,42.595283],[-73.141623,42.595181],[-73.141775,42.595065],[-73.141941,42.594945],[-73.143835,42.59362],[-73.144959,42.592822],[-73.145111,42.592709],[-73.145256,42.592589],[-73.145408,42.592448],[-73.145544,42.592316],[-73.145678,42.592172],[-73.145784,42.592047],[-73.145878,42.591923],[-73.145978,42.591773],[-73.146067,42.591625],[-73.146153,42.591476],[-73.146226,42.591328],[-73.146293,42.591174],[-73.146353,42.591015],[-73.146402,42.590851],[-73.146439,42.590696],[-73.146464,42.590532],[-73.146479,42.590368],[-73.146492,42.590198],[-73.14651,42.589913],[-73.146533,42.589429],[-73.146574,42.588541],[-73.146602,42.587951],[-73.146607,42.587845],[-73.146654,42.586994],[-73.146688,42.586198],[-73.146712,42.585658],[-73.146726,42.585454],[-73.14675,42.585248],[-73.146792,42.585008],[-73.146838,42.584796],[-73.146893,42.58458],[-73.146958,42.584347],[-73.147081,42.583917],[-73.147126,42.583753],[-73.147249,42.5833],[-73.147569,42.582148],[-73.147643,42.58188],[-73.147822,42.581249],[-73.147879,42.58107],[-73.147938,42.580901],[-73.148003,42.58074],[-73.148073,42.580585],[-73.148154,42.580427],[-73.148239,42.58029],[-73.148333,42.58015],[-73.148444,42.580007],[-73.14857,42.579855],[-73.148708,42.57969],[-73.148841,42.57954],[-73.14897,42.579402],[-73.149102,42.57927],[-73.14926,42.579122],[-73.149424,42.578975],[-73.149586,42.578843],[-73.149767,42.578702],[-73.150626,42.578051],[-73.150772,42.577936],[-73.150905,42.577824],[-73.151036,42.577708],[-73.151165,42.577586],[-73.151291,42.577459],[-73.151426,42.577315],[-73.151548,42.577171],[-73.151675,42.577014],[-73.15205,42.576542],[-73.152165,42.576382],[-73.152293,42.576203],[-73.15241,42.576019],[-73.152515,42.575835],[-73.152613,42.575643],[-73.152708,42.575435],[-73.152826,42.575166],[-73.153537,42.573577],[-73.154444,42.571547],[-73.154834,42.57066],[-73.155009,42.570285],[-73.155079,42.570143],[-73.155154,42.570008],[-73.15524,42.569884],[-73.155336,42.569756],[-73.155445,42.569637],[-73.15556,42.569524],[-73.155686,42.569421],[-73.155824,42.569321],[-73.155962,42.569231],[-73.156107,42.569143],[-73.156282,42.569045],[-73.156783,42.568768],[-73.156731,42.568716],[-73.156675,42.568668],[-73.156606,42.568628],[-73.154267,42.567728],[-73.155954,42.565398],[-73.156341,42.564875],[-73.15647,42.564692],[-73.15657,42.564537],[-73.156662,42.564375],[-73.156759,42.564192],[-73.156855,42.564003],[-73.157141,42.563416],[-73.157524,42.562623],[-73.157768,42.562117],[-73.158251,42.562173],[-73.158584,42.562203],[-73.158811,42.562218],[-73.159009,42.562224],[-73.15921,42.56222],[-73.15943,42.562211],[-73.160282,42.562176],[-73.161393,42.562124],[-73.161992,42.562088],[-73.162388,42.562063],[-73.163341,42.562008],[-73.164363,42.56196],[-73.164576,42.561954],[-73.16479,42.561956],[-73.165003,42.561968],[-73.165207,42.561983],[-73.165318,42.561999],[-73.165417,42.562022],[-73.165517,42.562053],[-73.165598,42.562097],[-73.165688,42.56196],[-73.166191,42.561193],[-73.166557,42.560632],[-73.166702,42.560408],[-73.166738,42.560353],[-73.167073,42.559848],[-73.167198,42.559661],[-73.167273,42.559535],[-73.167338,42.559398],[-73.167387,42.559269],[-73.16742,42.559144],[-73.167443,42.559006],[-73.167454,42.558862],[-73.16745,42.558724],[-73.167436,42.558588],[-73.167398,42.558431],[-73.167346,42.558281],[-73.167282,42.558128],[-73.166752,42.556986],[-73.166665,42.556798],[-73.166566,42.556604],[-73.166264,42.556024],[-73.165424,42.55441],[-73.165368,42.55429],[-73.165326,42.554188],[-73.165289,42.554078],[-73.165265,42.553969],[-73.165245,42.553854],[-73.165231,42.553718],[-73.165218,42.553559],[-73.165207,42.553406],[-73.165193,42.55297],[-73.165164,42.552163],[-73.165104,42.550632],[-73.165072,42.549778],[-73.165064,42.549594],[-73.165072,42.549452],[-73.165087,42.549307],[-73.165113,42.549167],[-73.165146,42.549032],[-73.165201,42.548869],[-73.165261,42.548723],[-73.165332,42.548587],[-73.165419,42.548442],[-73.165515,42.548304],[-73.165627,42.548159],[-73.165751,42.54802],[-73.165879,42.547894],[-73.166013,42.547777],[-73.16617,42.547653],[-73.16634,42.547534],[-73.166544,42.547413],[-73.166763,42.547302],[-73.166982,42.547206],[-73.167196,42.547124],[-73.167404,42.547048],[-73.16786,42.546893],[-73.168055,42.546818],[-73.168235,42.546739],[-73.168395,42.546652],[-73.168568,42.546549],[-73.168736,42.546432],[-73.168872,42.546319],[-73.169009,42.54619],[-73.169139,42.546043],[-73.16927,42.54589],[-73.16977,42.545288],[-73.170395,42.54455],[-73.170537,42.544388],[-73.17069,42.544214],[-73.170848,42.544041],[-73.172298,42.542506],[-73.173258,42.54147],[-73.173396,42.541326],[-73.173527,42.541194],[-73.17367,42.541063],[-73.173832,42.540929],[-73.173984,42.540819],[-73.174137,42.54072],[-73.174316,42.540619],[-73.17453,42.540515],[-73.174745,42.540422],[-73.174974,42.540333],[-73.17572,42.540037],[-73.178605,42.538898],[-73.178755,42.538839],[-73.180108,42.538307],[-73.180384,42.538193],[-73.180642,42.538073],[-73.180894,42.53794],[-73.181132,42.537796],[-73.181351,42.53764],[-73.181551,42.537484],[-73.181897,42.537193],[-73.181739,42.537322],[-73.183357,42.535964],[-73.186157,42.533618],[-73.18682,42.533046],[-73.187492,42.53239],[-73.188659,42.531093],[-73.190353,42.529197],[-73.190605,42.528842],[-73.190841,42.528446],[-73.191024,42.528026],[-73.191146,42.527618],[-73.191764,42.524967],[-73.19223,42.522876],[-73.192306,42.52222],[-73.192337,42.521514],[-73.192512,42.517227],[-73.192558,42.515548],[-73.192581,42.512863],[-73.192581,42.51263],[-73.192596,42.511547],[-73.192611,42.511081],[-73.192634,42.51086],[-73.192703,42.510364],[-73.192764,42.510093],[-73.192909,42.509574],[-73.193092,42.509067],[-73.193328,42.508563],[-73.193626,42.508029],[-73.19403,42.507427],[-73.194305,42.506973],[-73.194511,42.506511],[-73.194664,42.506038],[-73.195182,42.504257],[-73.196205,42.500671],[-73.19635,42.500198],[-73.196487,42.499813],[-73.196746,42.49929],[-73.196983,42.498897],[-73.197242,42.498535],[-73.197677,42.498016],[-73.198013,42.497684],[-73.1986,42.497188],[-73.199371,42.496601],[-73.199707,42.49633],[-73.199867,42.496181],[-73.200294,42.495727],[-73.200714,42.495162],[-73.201766,42.493675],[-73.203511749351,42.494190819521],[-73.203939377331,42.494330065125],[-73.204147826902,42.494451108224],[-73.20424668727,42.4945590946],[-73.204639440208,42.495599953369],[-73.204835816677,42.49572088875],[-73.206173185476,42.495664673988],[-73.206106944606,42.49536958058],[-73.206063095335,42.495190390418],[-73.206105543715,42.495009821483],[-73.20604324950715,42.49436904843935],[-73.20592633003966,42.49426870575803],[-73.20572699193174,42.49419380202326],[-73.2055196742055,42.494157523400105],[-73.205525,42.49417],[-73.205239,42.494185],[-73.205183,42.494176],[-73.205144,42.494146],[-73.205059,42.494034],[-73.204978,42.493921],[-73.204939,42.493867],[-73.204923,42.493816],[-73.204912,42.493694],[-73.204896,42.493526],[-73.204879,42.493356],[-73.204863,42.493187],[-73.204848,42.493026],[-73.20484,42.492948],[-73.204602,42.492901],[-73.204256,42.492833],[-73.204152,42.492908],[-73.204066,42.492975],[-73.203976,42.493066],[-73.203914,42.493156],[-73.203875,42.493236],[-73.203852,42.493323],[-73.203844,42.493404],[-73.20385,42.49349],[-73.203869,42.493576],[-73.20393,42.493744],[-73.204032,42.494001],[-73.20403,42.494048],[-73.20401,42.494085],[-73.203969,42.494126],[-73.203918,42.494158],[-73.203853,42.494187],[-73.20378,42.494204],[-73.20369,42.494206],[-73.203536,42.494197],[-73.202744,42.493969],[-73.202303,42.493844],[-73.202019,42.493763],[-73.201888,42.493721],[-73.201768,42.493677],[-73.202335,42.492877],[-73.202691,42.492393],[-73.20294,42.492049],[-73.203081,42.491847],[-73.20318,42.491704],[-73.203275,42.491546],[-73.203357,42.491379],[-73.203421,42.491218],[-73.203472,42.491046],[-73.203505,42.490877],[-73.203527,42.490706],[-73.203538,42.490521],[-73.203532,42.490323],[-73.203507,42.490144],[-73.203455,42.489947],[-73.2034,42.489788],[-73.203339,42.489631],[-73.203268,42.489488],[-73.203191,42.489351],[-73.202821,42.488758],[-73.202611,42.488422],[-73.202375,42.48803],[-73.20226,42.487836],[-73.202163,42.487652],[-73.2021,42.487505],[-73.202046,42.487343],[-73.202011,42.487195],[-73.201986,42.487045],[-73.20197,42.486914],[-73.201966,42.486763],[-73.201974,42.486592],[-73.202007,42.48631],[-73.202108,42.485532],[-73.202267,42.484398],[-73.202383,42.483523],[-73.202409,42.48336],[-73.202446,42.483195],[-73.202498,42.483018],[-73.202564,42.482856],[-73.202641,42.482703],[-73.202725,42.482558],[-73.202822,42.482409],[-73.20292,42.482281],[-73.203023,42.482159],[-73.203133,42.482041],[-73.203267,42.481918],[-73.203403,42.481803],[-73.204087,42.481235],[-73.20422,42.481121],[-73.204346,42.481007],[-73.204466,42.480885],[-73.204576,42.480759],[-73.204683,42.480619],[-73.204774,42.480477],[-73.204859,42.480325],[-73.204926,42.480177],[-73.204984,42.480021],[-73.205032,42.479858],[-73.20506,42.479698],[-73.205077,42.479525],[-73.205079,42.479343],[-73.205075,42.47911],[-73.205065,42.478799],[-73.20502,42.477732],[-73.205011,42.477534],[-73.204996,42.477331],[-73.204973,42.477138],[-73.204861,42.476431],[-73.204653,42.475215],[-73.20451,42.474375],[-73.204332,42.473336],[-73.204325,42.473295],[-73.204156,42.472303],[-73.204092,42.471929],[-73.203978,42.471263],[-73.203968,42.470969],[-73.203957,42.470802],[-73.203929,42.470534],[-73.203882,42.470126],[-73.204118,42.470103],[-73.204215,42.470093],[-73.204278,42.470085],[-73.204334,42.470073],[-73.204379,42.47006],[-73.204434,42.470041],[-73.205094,42.469979],[-73.205142,42.469968],[-73.205184,42.469945],[-73.205395,42.469743],[-73.205429,42.469703],[-73.205437,42.469662],[-73.205422,42.469576],[-73.205392,42.469407],[-73.205332,42.469071],[-73.205322,42.46903],[-73.205304,42.468992],[-73.205291,42.468957],[-73.205281,42.468904],[-73.205252,42.468738],[-73.205205,42.468475],[-73.205255,42.468447],[-73.205311,42.468436],[-73.205585,42.468431],[-73.206062,42.468423],[-73.206093,42.468261],[-73.205836,42.468215],[-73.20574,42.46819],[-73.205666,42.468157],[-73.2056,42.468112],[-73.205562,42.468076],[-73.20553,42.468032],[-73.205507,42.467984],[-73.205493,42.467929],[-73.20549,42.467869],[-73.205493,42.467638],[-73.205562,42.467298],[-73.205592,42.467212],[-73.205628,42.467137],[-73.205671,42.467074],[-73.20573,42.467006],[-73.205757,42.466981],[-73.205806,42.466936],[-73.205889,42.466872],[-73.206083,42.466736],[-73.206759,42.46643],[-73.207123,42.466264],[-73.207324,42.466177],[-73.207532,42.466091],[-73.209248,42.465417],[-73.209697,42.46524],[-73.211332,42.46458],[-73.21152,42.464506],[-73.213118,42.463867],[-73.214162,42.463449],[-73.214296,42.463395],[-73.215461,42.462918],[-73.216632,42.462439],[-73.218,42.461891],[-73.218114,42.461846],[-73.218234,42.461797],[-73.21932,42.461357],[-73.22043,42.460908],[-73.22048,42.460887],[-73.220629,42.460828],[-73.221939,42.460298],[-73.223082,42.459837],[-73.223213,42.459784],[-73.224512,42.459254],[-73.226076,42.458624],[-73.226187,42.45858],[-73.226934,42.458279],[-73.227186,42.458171],[-73.227433,42.458065],[-73.227656,42.457975],[-73.227893,42.457888],[-73.228033,42.457848],[-73.228205,42.457793],[-73.228372,42.457738],[-73.228818,42.457588],[-73.229148,42.457515],[-73.229858,42.457355],[-73.230474,42.457223],[-73.23183,42.456924],[-73.23382,42.456485],[-73.233967,42.456453],[-73.234174,42.456413],[-73.234371,42.456395],[-73.234513,42.456399],[-73.234898,42.456458],[-73.235036,42.456479],[-73.235175,42.4565],[-73.235626,42.456565],[-73.236285,42.456661],[-73.236267,42.456732],[-73.236285,42.456661],[-73.237674,42.456876],[-73.239056,42.457088],[-73.239758,42.457193],[-73.240386,42.457291],[-73.241718,42.457496],[-73.242999,42.457679],[-73.244214,42.45787],[-73.244561,42.457924],[-73.24456,42.457924],[-73.245457,42.458062],[-73.246831,42.458313],[-73.247657,42.458456],[-73.248147,42.458539],[-73.249023,42.4587],[-73.249105,42.45863],[-73.249503,42.45831],[-73.249632,42.458197],[-73.249777,42.45807],[-73.249829,42.458024],[-73.249842,42.45801],[-73.250118,42.457721],[-73.250207,42.457628],[-73.250365,42.457433],[-73.25057,42.457181],[-73.250935,42.456749],[-73.25107,42.45659],[-73.251254,42.456346],[-73.251579,42.455873],[-73.251798,42.455479],[-73.251909,42.455281],[-73.252182,42.45478],[-73.252441,42.454092],[-73.252672,42.453273],[-73.252756,42.452939],[-73.25289,42.45243],[-73.253156,42.451533],[-73.253467,42.451577],[-73.253705,42.45161],[-73.254154,42.451671],[-73.254527,42.451721]]}},{"type":"Feature","properties":{"agency":"Link413","shape_id":"p_1425688"},"geometry":{"type":"LineString","coordinates":[[-73.125725,42.438283],[-73.12593,42.438883],[-73.126036,42.439232],[-73.126131,42.439516],[-73.126284,42.439957],[-73.126387,42.440225],[-73.126429,42.440274],[-73.126496,42.440352],[-73.126552,42.440413],[-73.126609,42.440475],[-73.126666,42.440536],[-73.126727,42.440606],[-73.126787,42.440675],[-73.12685,42.440744],[-73.126902,42.440799],[-73.126954,42.440853],[-73.127009,42.440905],[-73.127046,42.440937],[-73.127085,42.440969],[-73.127124,42.441],[-73.12718,42.441041],[-73.127239,42.44108],[-73.127299,42.441118],[-73.127322,42.44113],[-73.127366,42.441156],[-73.127436,42.441192],[-73.127506,42.441229],[-73.128442,42.441658],[-73.128488,42.44168],[-73.128511,42.44169],[-73.128589,42.441729],[-73.128664,42.441771],[-73.128731,42.441818],[-73.12881,42.441893],[-73.128875,42.441977],[-73.128928,42.442065],[-73.128951,42.442109],[-73.128971,42.442154],[-73.128985,42.442199],[-73.128991,42.442245],[-73.128992,42.442291],[-73.128991,42.442338],[-73.128989,42.442413],[-73.128985,42.442488],[-73.128983,42.442507],[-73.12898,42.442562],[-73.128969,42.442674],[-73.128959,42.442785],[-73.128954,42.442896],[-73.128955,42.442958],[-73.128957,42.44302],[-73.128964,42.443082],[-73.128979,42.443157],[-73.129001,42.44323],[-73.129029,42.443302],[-73.12909,42.443411],[-73.129168,42.443514],[-73.12926,42.44364],[-73.129364,42.443768],[-73.129404,42.443814],[-73.12943,42.443847],[-73.129465,42.443896],[-73.129519,42.443981],[-73.129534,42.444008],[-73.12955,42.444041],[-73.129564,42.444072],[-73.129585,42.444124],[-73.129604,42.444183],[-73.129619,42.444251],[-73.129628,42.444312],[-73.129631,42.444363],[-73.129634,42.444431],[-73.129632,42.444491],[-73.129627,42.444546],[-73.129618,42.444599],[-73.129567,42.444836],[-73.129523,42.445065],[-73.129501,42.445207],[-73.129495,42.445264],[-73.129493,42.445336],[-73.129496,42.44541],[-73.129502,42.44548],[-73.129511,42.445535],[-73.129522,42.445591],[-73.129539,42.445649],[-73.129557,42.4457],[-73.129578,42.44575],[-73.129605,42.445809],[-73.129634,42.445865],[-73.129664,42.445917],[-73.129702,42.445984],[-73.129768,42.44609],[-73.129912,42.446312],[-73.130062,42.446545],[-73.130261,42.446839],[-73.130689,42.44745],[-73.130885,42.447735],[-73.131035,42.447962],[-73.131119,42.448108],[-73.13117,42.448197],[-73.131204,42.448283],[-73.131258,42.448442],[-73.131353,42.448792],[-73.131564,42.449845],[-73.131436,42.450386],[-73.131054,42.451057],[-73.12981,42.452774],[-73.129309,42.453483],[-73.129195,42.453711],[-73.129117,42.453927],[-73.128978,42.454398],[-73.128932,42.454824],[-73.128939,42.455055],[-73.128986,42.455258],[-73.129013,42.455339],[-73.129053,42.455447],[-73.129101,42.455549],[-73.129146,42.455633],[-73.129194,42.455717],[-73.1293,42.455883],[-73.129448,42.456104],[-73.129594,42.456317],[-73.129717,42.456498],[-73.129823,42.456666],[-73.129933,42.456853],[-73.130008,42.456996],[-73.130099,42.457182],[-73.130141,42.457272],[-73.130159,42.457312],[-73.130199,42.457409],[-73.130219,42.457464],[-73.130359,42.457853],[-73.130406,42.457988],[-73.130463,42.458154],[-73.13053,42.458341],[-73.130581,42.458486],[-73.130621,42.458598],[-73.130662,42.458701],[-73.130698,42.458789],[-73.130735,42.458865],[-73.13078,42.458953],[-73.130823,42.459028],[-73.130873,42.459099],[-73.130929,42.459171],[-73.130986,42.459237],[-73.131098,42.459357],[-73.131268,42.459536],[-73.131381,42.459661],[-73.132128,42.460575],[-73.132325,42.460813],[-73.132543,42.461068],[-73.132579,42.461113],[-73.132734,42.461277],[-73.132825,42.461364],[-73.132929,42.461462],[-73.133056,42.461566],[-73.133178,42.461658],[-73.133305,42.461743],[-73.133494,42.461862],[-73.133701,42.46198],[-73.133942,42.462112],[-73.134132,42.462211],[-73.134418,42.462355],[-73.134603,42.462438],[-73.134751,42.462497],[-73.134916,42.462561],[-73.135124,42.462625],[-73.135277,42.462666],[-73.135433,42.462701],[-73.135688,42.46275],[-73.135863,42.462779],[-73.136191,42.46283],[-73.136348,42.462857],[-73.136465,42.46288],[-73.13656,42.462905],[-73.136685,42.462942],[-73.136804,42.462988],[-73.136917,42.463042],[-73.137016,42.463099],[-73.1371,42.463151],[-73.137171,42.463208],[-73.13728,42.463307],[-73.137334,42.463371],[-73.137386,42.463442],[-73.137433,42.463515],[-73.137483,42.463605],[-73.13757,42.46378],[-73.137614,42.463877],[-73.137668,42.46398],[-73.137721,42.464066],[-73.137775,42.464148],[-73.137821,42.464208],[-73.137898,42.464304],[-73.138026,42.464433],[-73.138146,42.46454],[-73.13844,42.464773],[-73.138758,42.465048],[-73.138868,42.465147],[-73.138966,42.465245],[-73.139033,42.465319],[-73.139195,42.465522],[-73.139348,42.465728],[-73.139503,42.465946],[-73.139657,42.46615],[-73.139813,42.466361],[-73.139877,42.466444],[-73.139944,42.466527],[-73.140044,42.466638],[-73.140098,42.466691],[-73.140151,42.466742],[-73.140224,42.4668],[-73.140329,42.466884],[-73.140422,42.466954],[-73.140521,42.467017],[-73.140579,42.467052],[-73.140649,42.467091],[-73.140771,42.467157],[-73.140938,42.467238],[-73.141088,42.467309],[-73.141263,42.467393],[-73.141414,42.46746],[-73.141617,42.467552],[-73.141985,42.467716],[-73.142175,42.467813],[-73.14229,42.467868],[-73.142413,42.467935],[-73.142513,42.467995],[-73.142643,42.468084],[-73.14275,42.468156],[-73.14282,42.468207],[-73.142888,42.468267],[-73.142968,42.46835],[-73.14304,42.468438],[-73.143111,42.468526],[-73.143234,42.468683],[-73.14335,42.468842],[-73.143457,42.469004],[-73.143477,42.469039],[-73.143518,42.469107],[-73.143696,42.469357],[-73.143827,42.469555],[-73.14397,42.469751],[-73.144046,42.469849],[-73.14409,42.469937],[-73.144135,42.470049],[-73.144156,42.470108],[-73.144196,42.470218],[-73.144243,42.4704],[-73.144275,42.470528],[-73.144331,42.470743],[-73.144627,42.471896],[-73.144816,42.472616],[-73.144895,42.472911],[-73.144948,42.473097],[-73.144966,42.473149],[-73.144985,42.473197],[-73.145014,42.473256],[-73.145045,42.47331],[-73.145073,42.473354],[-73.145106,42.473394],[-73.145144,42.473438],[-73.145205,42.473499],[-73.145264,42.473549],[-73.145311,42.473585],[-73.145375,42.47363],[-73.145445,42.473671],[-73.145514,42.473706],[-73.145589,42.473737],[-73.145659,42.473761],[-73.145734,42.473782],[-73.145801,42.473798],[-73.145868,42.473811],[-73.14593,42.473819],[-73.145994,42.473824],[-73.14618,42.473832],[-73.147183,42.473853],[-73.149329,42.473898],[-73.150915,42.473934],[-73.152992,42.474006],[-73.154259,42.47405],[-73.154847,42.474071],[-73.155315,42.474088],[-73.155652,42.474099],[-73.155785,42.474102],[-73.1562,42.474113],[-73.156286,42.474115],[-73.156609,42.474125],[-73.15703,42.474137],[-73.15712,42.474138],[-73.157645,42.474158],[-73.157837,42.474165],[-73.158092,42.474173],[-73.158255,42.474178],[-73.158365,42.47418],[-73.158587,42.474183],[-73.158814,42.474177],[-73.159008,42.474165],[-73.159116,42.474157],[-73.159224,42.474145],[-73.159377,42.474122],[-73.15947,42.474104],[-73.159663,42.474063],[-73.160023,42.473979],[-73.160077,42.473968],[-73.160294,42.47392],[-73.16036,42.473903],[-73.160563,42.473853],[-73.160857,42.473774],[-73.161176,42.473685],[-73.162186,42.473388],[-73.162366,42.473334],[-73.162649,42.473249],[-73.162752,42.473218],[-73.162782,42.473209],[-73.16333,42.473049],[-73.163638,42.472961],[-73.163735,42.472937],[-73.163833,42.472914],[-73.16394,42.472897],[-73.164038,42.472885],[-73.164168,42.472877],[-73.164274,42.472878],[-73.164332,42.472881],[-73.164632,42.472907],[-73.164952,42.472937],[-73.165372,42.472974],[-73.166529,42.473075],[-73.167211,42.47312],[-73.167601,42.473143],[-73.167955,42.473164],[-73.168134,42.473175],[-73.168396,42.473191],[-73.16848,42.473196],[-73.168825,42.473217],[-73.169195,42.47324],[-73.170233,42.473291],[-73.171181,42.473342],[-73.171403,42.473355],[-73.171392,42.473429],[-73.171388,42.473457],[-73.17137,42.473568],[-73.171361,42.473632],[-73.171329,42.47384],[-73.171292,42.474076],[-73.171256,42.474304],[-73.171098,42.475395],[-73.171021,42.47592],[-73.170973,42.476244],[-73.170939,42.476466],[-73.170834,42.477108],[-73.170824,42.477178],[-73.170786,42.477462],[-73.17072,42.477876],[-73.17054,42.479053],[-73.170611,42.479077],[-73.170786,42.479135],[-73.171063,42.479226],[-73.171643,42.479415],[-73.171922,42.479504],[-73.172446,42.47968],[-73.172824,42.479804],[-73.173604,42.480058],[-73.174186,42.480249],[-73.174774,42.480441],[-73.1751,42.480539],[-73.175141,42.480551],[-73.175231,42.480578],[-73.175268,42.480585],[-73.17524,42.480433],[-73.175226,42.480249],[-73.175211,42.479542],[-73.175198,42.479204],[-73.175185,42.478471],[-73.175164,42.477469],[-73.175165,42.476856],[-73.175168,42.4766],[-73.175168,42.476574],[-73.175202,42.476343],[-73.175227,42.4762],[-73.175272,42.476045],[-73.175444,42.475562],[-73.17559,42.475175],[-73.175643,42.475043],[-73.175662,42.474994],[-73.17574,42.474801],[-73.175856,42.474508],[-73.17589,42.474423],[-73.176082,42.473913],[-73.17615,42.473743],[-73.176231,42.47354],[-73.176276,42.473364],[-73.176284,42.47329],[-73.176282,42.473282],[-73.176266,42.473215],[-73.176242,42.473186],[-73.176196,42.47313],[-73.17634,42.473063],[-73.176476,42.472987],[-73.17669,42.472838],[-73.176748,42.47279],[-73.176876,42.472685],[-73.177078,42.472507],[-73.177311,42.472304],[-73.177598,42.472012],[-73.177899,42.471719],[-73.17803,42.471604],[-73.178194,42.471556],[-73.178344,42.47148],[-73.178505,42.471402],[-73.178639,42.471349],[-73.178772,42.471302],[-73.178956,42.471245],[-73.178987,42.471237],[-73.179123,42.47121],[-73.179174,42.4712],[-73.179817,42.471086],[-73.180004,42.471021],[-73.180268,42.470978],[-73.180384,42.470963],[-73.180673,42.470927],[-73.181026,42.470889],[-73.181311,42.470865],[-73.181515,42.470854],[-73.18172,42.470841],[-73.182083,42.47083],[-73.182507,42.470826],[-73.183454,42.470847],[-73.184141,42.47086],[-73.184816,42.470875],[-73.185201,42.470884],[-73.185356,42.470887],[-73.186046,42.470902],[-73.186613,42.470908],[-73.186918,42.470911],[-73.187434,42.470909],[-73.187739,42.470905],[-73.187991,42.470899],[-73.188426,42.470885],[-73.18889,42.470858],[-73.189484,42.470807],[-73.189938,42.470761],[-73.19035,42.470715],[-73.190528,42.470694],[-73.190912,42.470649],[-73.191449,42.470579],[-73.191963,42.470514],[-73.192463,42.470447],[-73.193004,42.47037],[-73.193632,42.470309],[-73.194028,42.470262],[-73.194448,42.470208],[-73.195104,42.47012],[-73.195588,42.470054],[-73.195681,42.470041],[-73.1963,42.469954],[-73.196571,42.469917],[-73.196717,42.469893],[-73.196673,42.469803],[-73.196643,42.469706],[-73.196632,42.46967],[-73.196541,42.469376],[-73.196454,42.469095],[-73.196442,42.468713],[-73.196452,42.468651],[-73.196468,42.468587],[-73.196495,42.468526],[-73.196538,42.468465],[-73.196592,42.468411],[-73.196654,42.468369],[-73.196722,42.468335],[-73.196986,42.468224],[-73.197284,42.468125],[-73.197207,42.467917],[-73.197172,42.467784],[-73.197034,42.467214],[-73.197028,42.467157],[-73.197033,42.467092],[-73.197053,42.467022],[-73.197166,42.466708],[-73.197202,42.466618],[-73.197254,42.466537],[-73.197325,42.466458],[-73.197405,42.466395],[-73.197498,42.466333],[-73.197592,42.466272],[-73.197658,42.466211],[-73.197705,42.466137],[-73.197739,42.466058],[-73.19775,42.465986],[-73.197744,42.465903],[-73.197606,42.465336],[-73.197665,42.465313],[-73.197734,42.465295],[-73.197813,42.465284],[-73.197872,42.465276],[-73.197877,42.465275],[-73.197813,42.465284],[-73.197872,42.465276],[-73.198045,42.465253],[-73.198305,42.465219],[-73.198538,42.465189],[-73.198703,42.465168],[-73.198775,42.465169],[-73.198837,42.46518],[-73.198898,42.46518],[-73.199026,42.465164],[-73.199258,42.465134],[-73.199494,42.465104],[-73.199563,42.465112],[-73.199683,42.465138],[-73.199746,42.465145],[-73.199981,42.465114],[-73.200208,42.465085],[-73.200346,42.465634],[-73.200345,42.46567],[-73.200334,42.465709],[-73.200313,42.465741],[-73.200041,42.4661],[-73.200016,42.466141],[-73.2,42.466182],[-73.199994,42.466219],[-73.199998,42.466257],[-73.200115,42.466756],[-73.200117,42.466811],[-73.200105,42.466862],[-73.200075,42.466908],[-73.20004,42.466942],[-73.199991,42.466976],[-73.199938,42.467002],[-73.199728,42.467084],[-73.19885,42.467425],[-73.198689,42.467439],[-73.198599,42.467447],[-73.198221,42.467496],[-73.19814,42.46751],[-73.198066,42.467532],[-73.197994,42.467564],[-73.197779,42.467677],[-73.197668,42.467733],[-73.197564,42.46778],[-73.197444,42.467827],[-73.197321,42.467869],[-73.197264,42.46789],[-73.197207,42.467917],[-73.197098,42.467967],[-73.197015,42.468002],[-73.196288,42.468261],[-73.196227,42.468291],[-73.196167,42.468332],[-73.19612,42.46838],[-73.196198,42.468486],[-73.19626,42.468596],[-73.196314,42.468713],[-73.196365,42.468836],[-73.196408,42.468955],[-73.196454,42.469095],[-73.196541,42.469376],[-73.196632,42.46967],[-73.196643,42.469706],[-73.196673,42.469803],[-73.196717,42.469893],[-73.196783,42.469882],[-73.196923,42.469858],[-73.197167,42.469817],[-73.197401,42.469773],[-73.197987,42.469658],[-73.198022,42.469651],[-73.198278,42.4696],[-73.198484,42.469557],[-73.198546,42.469544],[-73.198724,42.469504],[-73.19883,42.469481],[-73.199103,42.469415],[-73.199385,42.469342],[-73.199664,42.469266],[-73.19993,42.469188],[-73.20017,42.469114],[-73.200232,42.469096],[-73.200446,42.469031],[-73.20074,42.46894],[-73.201057,42.46884],[-73.201346,42.468746],[-73.201615,42.468658],[-73.201854,42.468576],[-73.202081,42.468493],[-73.202305,42.468405],[-73.202518,42.468317],[-73.203238,42.468014],[-73.203294,42.467989],[-73.203445,42.467921],[-73.203617,42.467845],[-73.205107,42.467179],[-73.205144,42.467162],[-73.205251,42.467113],[-73.205307,42.467177],[-73.20535,42.46724],[-73.205376,42.467297],[-73.205389,42.467355],[-73.205393,42.467425],[-73.205386,42.467883],[-73.20539,42.467941],[-73.205401,42.468032],[-73.205398,42.468088],[-73.205376,42.468132],[-73.205328,42.46817],[-73.205265,42.468202],[-73.205195,42.468228],[-73.205113,42.468249],[-73.205147,42.468404],[-73.205172,42.468441],[-73.205205,42.468475],[-73.205255,42.468447],[-73.205311,42.468436],[-73.205585,42.468431],[-73.206062,42.468423],[-73.206093,42.468261],[-73.205836,42.468215],[-73.20574,42.46819],[-73.205666,42.468157],[-73.2056,42.468112],[-73.205562,42.468076],[-73.20553,42.468032],[-73.205507,42.467984],[-73.205493,42.467929],[-73.20549,42.467869],[-73.205493,42.467638],[-73.205496,42.467431],[-73.205494,42.467352],[-73.205486,42.467272],[-73.20546,42.467193],[-73.205416,42.467121],[-73.205371,42.467058],[-73.2053,42.466958],[-73.205253,42.466893],[-73.205179,42.466806],[-73.205112,42.466739],[-73.205033,42.466681],[-73.204942,42.466635],[-73.204836,42.466592],[-73.204657,42.466522],[-73.204578,42.466487],[-73.204651,42.46638],[-73.204957,42.46592],[-73.205008,42.465854],[-73.205073,42.465776],[-73.205146,42.465685],[-73.205209,42.4656],[-73.205343,42.465406],[-73.205352,42.465389],[-73.205375,42.465339],[-73.205398,42.465206],[-73.205581,42.464931],[-73.205757,42.464668],[-73.206115,42.464012],[-73.20652,42.463195],[-73.206817,42.462692],[-73.207015,42.462394],[-73.207244,42.462081],[-73.207489,42.461784],[-73.208351,42.460803],[-73.208746134918,42.460374093478],[-73.209041338623,42.460037656717],[-73.209340974205,42.459710647444],[-73.209684744705,42.459356909037],[-73.210088779099,42.458979363798],[-73.210488058861,42.45865618174],[-73.210809219574,42.458366363356],[-73.21162530005928,42.45953657719534],[-73.211607,42.459522],[-73.212332,42.460561],[-73.212465,42.460764],[-73.212521,42.460847],[-73.212805,42.461248],[-73.213291,42.461933],[-73.213633,42.46243],[-73.213935,42.462867],[-73.214169,42.463213],[-73.214223,42.463293],[-73.214296,42.463395],[-73.214331,42.463444],[-73.214296,42.463395],[-73.215461,42.462918],[-73.21552,42.462998],[-73.216268,42.46401],[-73.21667,42.46455],[-73.216783,42.464696],[-73.216843,42.464774],[-73.216877,42.464847],[-73.216939,42.464979],[-73.216969,42.465109],[-73.216956,42.465221],[-73.216945,42.465332],[-73.21663603184744,42.46551637959882],[-73.21638465711217,42.46572962956816],[-73.21621497916573,42.465882612794815],[-73.21617098858728,42.4660448673238],[-73.21614231560116,42.4663436270944],[-73.21619259054776,42.46648270140636],[-73.21633713102092,42.466607868022464],[-73.21657593701912,42.46658468903863],[-73.2167581837026,42.466501244624425],[-73.216799,42.466363],[-73.216822982803,42.466396492808],[-73.216870669312,42.466026297939],[-73.217114453705,42.465762055157],[-73.217204159393,42.465629933348],[-73.217195368057,42.465548043372],[-73.216954937996,42.465297364012],[-73.216972,42.46511],[-73.216941,42.464977],[-73.216842,42.464771],[-73.218017,42.464313],[-73.219314,42.463787],[-73.220703,42.46323],[-73.221725,42.462821],[-73.222,42.462684],[-73.222145,42.462554],[-73.22229,42.462345],[-73.222427,42.4622],[-73.222518,42.462139],[-73.223114,42.461883],[-73.224388,42.461376],[-73.225685,42.460853],[-73.227256,42.460216],[-73.227348,42.460178],[-73.228546,42.459674],[-73.228851,42.459602],[-73.229454,42.459503],[-73.229888,42.45943],[-73.230873,42.459259],[-73.231246,42.459194],[-73.231857,42.459098],[-73.232429,42.459022],[-73.232643,42.459014],[-73.233001,42.459049],[-73.233909,42.459148],[-73.23442,42.459194],[-73.23484,42.459239],[-73.235557,42.459316],[-73.235786,42.459346],[-73.236755,42.459407],[-73.237007,42.459423],[-73.237182,42.459453],[-73.237373,42.459514],[-73.237609,42.459667],[-73.237792,42.459823],[-73.237991,42.45993],[-73.23822,42.460006],[-73.238426,42.460063],[-73.238739,42.460121],[-73.239089,42.460159],[-73.239402,42.460163],[-73.239692,42.46014],[-73.240158,42.460105],[-73.240707,42.460083],[-73.240966,42.460102],[-73.241783,42.460231],[-73.242141,42.4603],[-73.242286,42.460353],[-73.243011,42.460643],[-73.243553,42.460834],[-73.247161,42.461372],[-73.247306,42.460945],[-73.247367,42.460769],[-73.247451,42.460659],[-73.24794,42.459903],[-73.247962,42.459819],[-73.2481,42.459613],[-73.248367,42.459316],[-73.248794,42.458892],[-73.249023,42.458698],[-73.24983112368015,42.45801907951784],[-73.249842,42.45801],[-73.250118,42.457721],[-73.250207,42.457628],[-73.250365,42.457433],[-73.25057,42.457181],[-73.250935,42.456749],[-73.25107,42.45659],[-73.251254,42.456346],[-73.251579,42.455873],[-73.251798,42.455479],[-73.251909,42.455281],[-73.252182,42.45478],[-73.252441,42.454092],[-73.252672,42.453273],[-73.252756,42.452939],[-73.25289,42.45243],[-73.253156,42.451533],[-73.253467,42.451577],[-73.253705,42.45161],[-73.254154,42.451671],[-73.254527,42.451721]]}},{"type":"Feature","properties":{"agency":"Link413","shape_id":"p_1425690"},"geometry":{"type":"LineString","coordinates":[[-73.254223,42.451558],[-73.254201,42.451578],[-73.254173,42.451622],[-73.254154,42.451671],[-73.253705,42.45161],[-73.253467,42.451577],[-73.253156,42.451533],[-73.252991,42.451548],[-73.252619,42.452915],[-73.252531,42.453252],[-73.252356,42.453892],[-73.252283,42.454096],[-73.252177,42.454392],[-73.252099,42.454609],[-73.251791,42.455247],[-73.251484,42.455798],[-73.25124,42.456215],[-73.251033,42.45658],[-73.250935,42.456749],[-73.25057,42.457181],[-73.250365,42.457433],[-73.250207,42.457628],[-73.250118,42.457721],[-73.249829,42.458024],[-73.249777,42.45807],[-73.249912,42.458504],[-73.25005,42.458908],[-73.250098,42.459049],[-73.250109,42.45908],[-73.250314,42.459768],[-73.250483,42.460176],[-73.250597,42.460522],[-73.250675,42.460794],[-73.250034,42.460909],[-73.249513,42.460995],[-73.249247,42.461044],[-73.248846,42.461114],[-73.248604,42.461152],[-73.248571,42.46115],[-73.248354,42.461138],[-73.247305,42.460948],[-73.24716,42.461372],[-73.245795,42.461167],[-73.244482,42.460974],[-73.243818,42.460876],[-73.243555,42.460833],[-73.24301,42.460643],[-73.24251,42.460436],[-73.242283,42.460353],[-73.242142,42.460301],[-73.24178,42.460231],[-73.241381,42.460165],[-73.241023,42.460105],[-73.24097,42.460101],[-73.240708,42.460083],[-73.240408,42.460089],[-73.24016,42.460106],[-73.240039,42.460114],[-73.239691,42.460141],[-73.239399,42.460165],[-73.239188,42.460158],[-73.239089,42.460161],[-73.238745,42.460121],[-73.23874,42.460121],[-73.238448,42.460071],[-73.238423,42.460065],[-73.238219,42.460008],[-73.238139,42.459986],[-73.237994,42.459929],[-73.237792,42.459823],[-73.237671,42.459717],[-73.237607,42.459669],[-73.237524,42.459606],[-73.237372,42.459515],[-73.23718,42.459452],[-73.237005,42.459423],[-73.236892,42.459412],[-73.236757,42.459407],[-73.236376,42.459391],[-73.235861,42.459353],[-73.235783,42.459346],[-73.23556,42.459316],[-73.235305,42.459289],[-73.235087,42.459265],[-73.234844,42.45924],[-73.234634,42.459218],[-73.234418,42.459196],[-73.234274,42.459181],[-73.233937,42.459151],[-73.233908,42.459148],[-73.23347,42.4591],[-73.233132,42.459065],[-73.233003,42.459048],[-73.232884,42.459032],[-73.232734,42.459014],[-73.23264,42.459013],[-73.232588,42.459013],[-73.232427,42.459021],[-73.232096,42.459059],[-73.231857,42.459099],[-73.231688,42.459126],[-73.23125,42.459195],[-73.231168,42.459207],[-73.23087,42.45926],[-73.230464,42.459332],[-73.229968,42.459417],[-73.229892,42.45943],[-73.22951,42.459496],[-73.229457,42.459504],[-73.229092,42.459566],[-73.228853,42.459603],[-73.228549,42.459673],[-73.228206,42.459827],[-73.227349,42.460178],[-73.227254,42.460217],[-73.225686,42.460852],[-73.224388,42.461376],[-73.223118,42.461886],[-73.222639,42.462085],[-73.222523,42.46214],[-73.222428,42.462201],[-73.222358,42.462263],[-73.222293,42.462345],[-73.222201,42.462487],[-73.222148,42.462554],[-73.222079,42.462621],[-73.221998,42.462683],[-73.221913,42.462733],[-73.22182,42.462782],[-73.221722,42.462822],[-73.220702,42.46323],[-73.220014,42.463507],[-73.219319,42.463788],[-73.218692,42.464044],[-73.21802,42.464312],[-73.217645,42.46446],[-73.216843,42.464774],[-73.216939,42.464979],[-73.216969,42.465109],[-73.216956,42.465221],[-73.216945,42.465332],[-73.21664738950474,42.46553682504634],[-73.21649653597224,42.46562492337202],[-73.21637711025703,42.46575938899497],[-73.21623254229027,42.46591240125488],[-73.21616340108976,42.46602368266053],[-73.2161382588267,42.4661720575547],[-73.2161319732724,42.46627406509992],[-73.2161382588267,42.46636679907698],[-73.21617597220985,42.46647807967486],[-73.21627654123915,42.466566176676],[-73.21640225250869,42.46661254347373],[-73.21659710499011,42.46659399675536],[-73.21671653070526,42.46653835658418],[-73.21679195747154,42.46647344299424],[-73.216799,42.466363],[-73.216801,42.466347],[-73.21682,42.466245],[-73.216853,42.466132],[-73.216866,42.466034],[-73.216907,42.46595],[-73.216971,42.465864],[-73.21705,42.465794],[-73.217127,42.46571],[-73.21718,42.465643],[-73.217188,42.465561],[-73.217147,42.465469],[-73.217085,42.465416],[-73.216945,42.465332],[-73.216956,42.465221],[-73.216969,42.465109],[-73.216939,42.464979],[-73.216877,42.464847],[-73.216843,42.464774],[-73.216783,42.464696],[-73.21667,42.46455],[-73.216268,42.46401],[-73.21552,42.462998],[-73.215461,42.462918],[-73.216632,42.462439],[-73.218,42.461891],[-73.218114,42.461846],[-73.218234,42.461797],[-73.218166,42.461698],[-73.217169,42.462104],[-73.216561,42.462351],[-73.215244,42.462878],[-73.215148,42.462917],[-73.21436,42.463237],[-73.214223,42.463293],[-73.214169,42.463213],[-73.213935,42.462867],[-73.213633,42.46243],[-73.213291,42.461933],[-73.212805,42.461248],[-73.212521,42.460847],[-73.212465,42.460764],[-73.212332,42.460561],[-73.212301,42.460517],[-73.212303,42.460517],[-73.211502,42.459347275383],[-73.210809219574,42.458378236444],[-73.209667302902,42.45937251735],[-73.208944007271,42.460134110421],[-73.208351,42.460803],[-73.207489,42.461784],[-73.207244,42.462081],[-73.207015,42.462394],[-73.206817,42.462692],[-73.20652,42.463195],[-73.206115,42.464012],[-73.205757,42.464668],[-73.205581,42.464931],[-73.205398,42.465206],[-73.205261,42.465305],[-73.204956,42.465698],[-73.204627,42.466171],[-73.204452,42.466426],[-73.204406,42.466499],[-73.20482530515665,42.46670673844187],[-73.20507009102107,42.46688255744832],[-73.20526431137993,42.4671250569929],[-73.20538470511167,42.4672815873825],[-73.20538458790469,42.467934625548025],[-73.20541311614669,42.46800226696829],[-73.20540496521829,42.46808644285787],[-73.2053784747121,42.468149574695246],[-73.20511264107614,42.468261836633616],[-73.20514665211003,42.468414381306815],[-73.20520530346191,42.46847300339519],[-73.20530922776568,42.46843993451577],[-73.205585113796,42.46843741002235],[-73.20558349231811,42.46842978797375],[-73.206062,42.468421],[-73.206092,42.468261],[-73.205741,42.468189],[-73.205596,42.468112],[-73.205558,42.468074],[-73.205528,42.468032],[-73.20549,42.467929],[-73.20549,42.467636],[-73.205497,42.46735],[-73.205482,42.467269],[-73.205459,42.467193],[-73.205368,42.467056],[-73.205299,42.466957],[-73.205162,42.46701],[-73.203765,42.46762],[-73.203529,42.467731],[-73.20243,42.4682],[-73.201683,42.468517],[-73.201141,42.468711],[-73.200454,42.468929],[-73.199333,42.469261],[-73.198501,42.469463],[-73.197647,42.469642],[-73.19667,42.469802],[-73.196632,42.469669],[-73.19654,42.469375],[-73.196456,42.469093],[-73.196441,42.468711],[-73.196464,42.468585],[-73.196495,42.468524],[-73.196594,42.46841],[-73.196655,42.468368],[-73.196983,42.468223],[-73.19728,42.468124],[-73.198030120377,42.467791372912],[-73.199342699753,42.467219914274],[-73.200041293671,42.466922261077],[-73.200114276474,42.466768604797],[-73.199971784409,42.466223058453],[-73.200012513245,42.466032256734],[-73.200363835999,42.465635764132],[-73.200192174622,42.465076892813],[-73.199693410728,42.465143788349],[-73.199331376003,42.465117877076],[-73.197875,42.465274],[-73.197877,42.465275],[-73.197872,42.465276],[-73.197813,42.465284],[-73.197734,42.465295],[-73.197665,42.465313],[-73.197606,42.465336],[-73.197744,42.465903],[-73.19775,42.465986],[-73.197739,42.466058],[-73.197705,42.466137],[-73.197658,42.466211],[-73.197592,42.466272],[-73.197498,42.466333],[-73.197405,42.466395],[-73.197325,42.466458],[-73.197254,42.466537],[-73.197202,42.466618],[-73.197166,42.466708],[-73.197053,42.467022],[-73.197033,42.467092],[-73.197028,42.467157],[-73.197034,42.467214],[-73.197172,42.467784],[-73.197207,42.467917],[-73.197098,42.467967],[-73.197015,42.468002],[-73.196288,42.468261],[-73.196227,42.468291],[-73.196167,42.468332],[-73.19612,42.46838],[-73.196198,42.468486],[-73.19626,42.468596],[-73.196314,42.468713],[-73.196365,42.468836],[-73.196408,42.468955],[-73.196454,42.469095],[-73.196541,42.469376],[-73.196632,42.46967],[-73.196643,42.469706],[-73.196673,42.469803],[-73.196478,42.469837],[-73.196261,42.469869],[-73.195555,42.469965],[-73.195071,42.470035],[-73.194426,42.470136],[-73.194009,42.4702],[-73.193618,42.470261],[-73.193004,42.47037],[-73.192463,42.470447],[-73.191963,42.470514],[-73.191449,42.470579],[-73.190912,42.470649],[-73.190528,42.470694],[-73.19035,42.470715],[-73.189938,42.470761],[-73.189484,42.470807],[-73.18889,42.470858],[-73.188426,42.470885],[-73.187991,42.470899],[-73.187739,42.470905],[-73.187434,42.470909],[-73.186918,42.470911],[-73.186613,42.470908],[-73.186046,42.470902],[-73.185356,42.470887],[-73.185201,42.470884],[-73.184816,42.470875],[-73.184141,42.47086],[-73.183454,42.470847],[-73.182507,42.470826],[-73.182083,42.47083],[-73.18172,42.470841],[-73.181515,42.470854],[-73.181311,42.470865],[-73.181026,42.470889],[-73.180673,42.470927],[-73.180384,42.470963],[-73.180268,42.470978],[-73.180004,42.471021],[-73.179804,42.471025],[-73.1795,42.471073],[-73.179339,42.471101],[-73.179173,42.471131],[-73.179069,42.471149],[-73.178982,42.471165],[-73.178895,42.471184],[-73.178804,42.471208],[-73.178717,42.471233],[-73.178551,42.471293],[-73.178399,42.471357],[-73.178294,42.471409],[-73.178185,42.471468],[-73.178127,42.471507],[-73.17803,42.471604],[-73.177899,42.471719],[-73.177598,42.472012],[-73.177311,42.472304],[-73.177078,42.472507],[-73.176876,42.472685],[-73.176748,42.47279],[-73.17669,42.472838],[-73.176476,42.472987],[-73.17634,42.473063],[-73.176196,42.47313],[-73.176242,42.473186],[-73.176266,42.473215],[-73.176282,42.473282],[-73.176284,42.47329],[-73.176276,42.473364],[-73.176231,42.47354],[-73.17615,42.473743],[-73.176082,42.473913],[-73.17589,42.474423],[-73.175856,42.474508],[-73.17574,42.474801],[-73.175662,42.474994],[-73.175643,42.475043],[-73.17559,42.475175],[-73.175444,42.475562],[-73.175272,42.476045],[-73.175227,42.4762],[-73.175202,42.476343],[-73.175168,42.476574],[-73.175168,42.4766],[-73.175165,42.476856],[-73.175164,42.477469],[-73.175185,42.478471],[-73.175198,42.479204],[-73.175211,42.479542],[-73.175226,42.480249],[-73.175237,42.480394],[-73.17524,42.480433],[-73.175268,42.480585],[-73.175231,42.480578],[-73.175141,42.480551],[-73.174774,42.480441],[-73.174186,42.480249],[-73.173604,42.480058],[-73.172824,42.479804],[-73.172446,42.47968],[-73.171922,42.479504],[-73.171643,42.479415],[-73.171063,42.479226],[-73.170786,42.479135],[-73.170618,42.479079],[-73.170611,42.479077],[-73.17054,42.479053],[-73.17072,42.477876],[-73.170786,42.477462],[-73.170824,42.477178],[-73.170834,42.477108],[-73.170939,42.476466],[-73.170973,42.476244],[-73.171021,42.47592],[-73.171098,42.475395],[-73.171256,42.474304],[-73.171329,42.47384],[-73.171361,42.473632],[-73.17137,42.473568],[-73.171388,42.473457],[-73.171392,42.473429],[-73.171403,42.473355],[-73.171181,42.473342],[-73.170846,42.473324],[-73.1708538948735,42.4733145497478],[-73.170249,42.473278],[-73.169189,42.47322],[-73.168144,42.473155],[-73.167922,42.473144],[-73.167213,42.473106],[-73.165359,42.472957],[-73.164375,42.472873],[-73.164047,42.472869],[-73.163619,42.472946],[-73.163314,42.473037],[-73.162719,42.473213],[-73.162185,42.473369],[-73.161178,42.473655],[-73.160842,42.473762],[-73.160026,42.473968],[-73.15979,42.474025],[-73.159454,42.474082],[-73.159011,42.474143],[-73.158554,42.474166],[-73.158363,42.474163],[-73.157661,42.47414],[-73.157119,42.474136],[-73.156394,42.474105],[-73.155326,42.474071],[-73.154853,42.474052],[-73.154258,42.474033],[-73.152992,42.473983],[-73.150932,42.473915],[-73.149337,42.473876],[-73.146049,42.473808],[-73.145805,42.473785],[-73.145614,42.473739],[-73.145393,42.473621],[-73.145278,42.473548],[-73.14508,42.473358],[-73.144966,42.473152],[-73.144515,42.471469],[-73.144279,42.470527],[-73.14418,42.470199],[-73.144134,42.470104],[-73.144073,42.469913],[-73.143814,42.469509],[-73.143699,42.469356],[-73.143516,42.469108],[-73.143234,42.468681],[-73.14289,42.468265],[-73.142677,42.468093],[-73.142402,42.467906],[-73.141662,42.467544],[-73.140884,42.467185],[-73.140594,42.467037],[-73.140342,42.466873],[-73.140129,42.46669],[-73.140106,42.466667],[-73.139907,42.466449],[-73.13919,42.465484],[-73.139045,42.465305],[-73.138862,42.46511],[-73.138236,42.464591],[-73.137931,42.464317],[-73.137825,42.464195],[-73.137725,42.46405],[-73.13742,42.463466],[-73.137306,42.46331],[-73.137069,42.463108],[-73.13684,42.462989],[-73.136573,42.46289],[-73.13636,42.462837],[-73.135276,42.462646],[-73.134887,42.462528],[-73.134437,42.462348],[-73.13372,42.461975],[-73.133224,42.461673],[-73.13298,42.46149],[-73.13272,42.461246],[-73.132408,42.460895],[-73.131393,42.459663],[-73.130874,42.459083],[-73.130714,42.458831],[-73.130271,42.457576],[-73.130157,42.45729],[-73.129928,42.456821],[-73.129722,42.456489],[-73.129333,42.455921],[-73.12915,42.4556],[-73.128997,42.45528],[-73.128944,42.455036],[-73.128929,42.454822],[-73.128974,42.454399],[-73.129081,42.454025],[-73.129196,42.453731],[-73.12931,42.45351],[-73.129508,42.453182],[-73.129806,42.452774],[-73.131057,42.451057],[-73.131256,42.450748],[-73.13137,42.450542],[-73.13153,42.45013],[-73.131561,42.449939],[-73.131553,42.449733],[-73.131523,42.449512],[-73.131309,42.4486],[-73.131149,42.448139],[-73.130683,42.447429],[-73.129905,42.446292],[-73.129638,42.445865],[-73.129539,42.445621],[-73.129501,42.44548],[-73.129486,42.445392],[-73.129493,42.445217],[-73.12957,42.444831],[-73.129623,42.44453],[-73.129623,42.444282],[-73.129592,42.444137],[-73.129554,42.444038],[-73.129432,42.443847],[-73.129089,42.443412],[-73.128997,42.443229],[-73.128952,42.442958],[-73.128982,42.442508],[-73.12899,42.442245],[-73.128952,42.442108],[-73.128875,42.441978],[-73.12873,42.441818],[-73.128509,42.441688],[-73.127502,42.44123],[-73.127319,42.441131],[-73.12712,42.441001],[-73.127006,42.440906],[-73.126548,42.440414],[-73.126388,42.440223],[-73.126071787697,42.439991629727],[-73.125323325062,42.439548747165],[-73.124792328697,42.439273928216],[-73.124370980812,42.4389991531],[-73.123881357132,42.43852129629],[-73.1250646782096,42.4382141513559],[-73.1256646572488,42.438107962338],[-73.1257262284163,42.43829448957433]]}},{"type":"Feature","properties":{"agency":"Link413","shape_id":"p_1425691"},"geometry":{"type":"LineString","coordinates":[[-73.254527,42.451721],[-73.254589,42.451729],[-73.254777,42.451755],[-73.254928,42.451775],[-73.255131,42.451803],[-73.255255,42.451576],[-73.255302,42.451512],[-73.255545,42.451335],[-73.255852,42.451206],[-73.256156,42.451142],[-73.256443,42.45111],[-73.256771,42.451077],[-73.256917,42.451053],[-73.25707,42.451015],[-73.257212,42.45097],[-73.257354,42.450916],[-73.257502,42.450851],[-73.25763,42.450776],[-73.257783,42.450671],[-73.257958,42.45053],[-73.258767,42.449853],[-73.25891,42.449741],[-73.259039,42.449656],[-73.259135,42.449604],[-73.259218,42.449565],[-73.2593,42.449532],[-73.259386,42.449503],[-73.25948,42.449479],[-73.259554,42.449464],[-73.259687,42.449447],[-73.259775,42.449442],[-73.259893,42.449437],[-73.260016,42.449439],[-73.260148,42.449446],[-73.260561,42.449487],[-73.260702,42.449512],[-73.261207,42.449595],[-73.261766,42.449688],[-73.261998,42.449727],[-73.262096,42.449744],[-73.262943,42.449893],[-73.263153,42.44993],[-73.263384,42.449966],[-73.263768,42.450028],[-73.263992,42.450064],[-73.264306,42.450118],[-73.265023,42.450223],[-73.265188,42.450248],[-73.266024,42.450374],[-73.266187,42.450398],[-73.266299,42.450415],[-73.267127,42.450538],[-73.267991,42.450656],[-73.268073,42.450667],[-73.268263,42.450689],[-73.268764,42.450746],[-73.26942,42.450824],[-73.270615,42.450989],[-73.270758,42.451007],[-73.271556,42.451108],[-73.272353,42.451198],[-73.272741,42.451232],[-73.272931,42.451248],[-73.272951,42.45125],[-73.27312,42.451266],[-73.273554,42.451307],[-73.27459,42.451437],[-73.275659,42.451597],[-73.276597,42.451734],[-73.277165,42.451814],[-73.277485,42.451871],[-73.278717,42.452089],[-73.279894,42.452286],[-73.280969,42.452436],[-73.280983,42.452438],[-73.281059,42.45245],[-73.282082,42.452572],[-73.283318,42.452728],[-73.283401,42.45274],[-73.284111,42.452843],[-73.284157,42.45285],[-73.284065,42.453297],[-73.28392,42.453564],[-73.283722,42.453793],[-73.283295,42.454117],[-73.282722,42.454491],[-73.282333,42.454758],[-73.282059,42.454971],[-73.281822,42.455242],[-73.281654,42.455463],[-73.281601,42.455563],[-73.281387,42.455986],[-73.281219,42.456562],[-73.28112,42.457092],[-73.281097,42.457378],[-73.281097,42.457417],[-73.281136,42.457657],[-73.281227,42.457779],[-73.281349,42.457878],[-73.28138,42.457897],[-73.281456,42.457943],[-73.28154,42.457977],[-73.281609,42.458],[-73.281647,42.458004],[-73.281341,42.45787],[-73.281556911709,42.457991717241],[-73.281758613596,42.458005269683],[-73.281854278031,42.457970655598],[-73.282005599068,42.457902141503],[-73.282138144642,42.457633761652],[-73.281999787106,42.457612740133],[-73.281104487961,42.457490422987],[-73.281097,42.457378],[-73.28112,42.457092],[-73.281219,42.456562],[-73.281387,42.455986],[-73.281654,42.455463],[-73.281822,42.455242],[-73.282058,42.454971],[-73.282333,42.454757],[-73.283294,42.454116],[-73.283721,42.453792],[-73.28392,42.453563],[-73.284065,42.453296],[-73.284156,42.45285],[-73.28495,42.45296],[-73.288551,42.453548],[-73.289077,42.453636],[-73.290489,42.453861],[-73.291976,42.45409],[-73.292266,42.454135],[-73.293533,42.45433],[-73.29441,42.45446],[-73.29811,42.455047],[-73.298355,42.455085],[-73.303382,42.455875],[-73.304374,42.456035],[-73.307365,42.456512],[-73.308685,42.456703],[-73.314468,42.457569],[-73.314496006283,42.458021760712],[-73.314443546295,42.458260802557],[-73.314295710976,42.458600364811],[-73.31429516375434,42.45865711899691],[-73.31471722990227,42.458764402975845],[-73.31486796780993,42.45878926143314]]}},{"type":"Feature","properties":{"agency":"Link413","shape_id":"p_1425692"},"geometry":{"type":"LineString","coordinates":[[-73.315024,42.458763],[-73.31504,42.458763],[-73.315155,42.458744],[-73.315264,42.45871],[-73.31533,42.458673],[-73.315523,42.458736],[-73.315706,42.458831],[-73.315886,42.458887],[-73.316065,42.45893],[-73.316242,42.45896],[-73.316478,42.458961],[-73.316603,42.458968],[-73.316761,42.458989],[-73.316951,42.459026],[-73.31714,42.459053],[-73.317203,42.459055],[-73.317276,42.459026],[-73.317332,42.458967],[-73.317391,42.458873],[-73.317446,42.45874],[-73.317481,42.458656],[-73.317492,42.458628],[-73.317511,42.458533],[-73.317509,42.45845],[-73.3175,42.458378],[-73.317497,42.458357],[-73.317478,42.458263],[-73.317431,42.458163],[-73.317419,42.458093],[-73.31743,42.458016],[-73.316801,42.457918],[-73.316833,42.457924],[-73.316383,42.457851],[-73.314468,42.457569],[-73.308685,42.456703],[-73.307365,42.456512],[-73.304375,42.456036],[-73.303383,42.455875],[-73.298355,42.455086],[-73.298111,42.455048],[-73.294411,42.45446],[-73.293533,42.45433],[-73.293236,42.454285],[-73.292267,42.454136],[-73.291977,42.45409],[-73.290489,42.453861],[-73.289078,42.453636],[-73.288551,42.453548],[-73.288185,42.453487],[-73.287193,42.453327],[-73.287163,42.45332],[-73.285873,42.453114],[-73.28495,42.452961],[-73.284157,42.45285],[-73.284111,42.452843],[-73.283401,42.45274],[-73.283318,42.452728],[-73.282082,42.452572],[-73.281059,42.45245],[-73.280983,42.452438],[-73.279999,42.452297],[-73.28001,42.452302],[-73.279894,42.452286],[-73.278717,42.452089],[-73.277485,42.451871],[-73.277165,42.451814],[-73.276597,42.451734],[-73.275659,42.451597],[-73.27459,42.451437],[-73.273554,42.451307],[-73.27312,42.451266],[-73.272951,42.45125],[-73.272931,42.451248],[-73.272741,42.451232],[-73.272353,42.451198],[-73.271556,42.451108],[-73.270758,42.451007],[-73.270615,42.450989],[-73.26942,42.450824],[-73.268764,42.450746],[-73.268263,42.450689],[-73.268073,42.450667],[-73.267991,42.450656],[-73.267127,42.450538],[-73.266299,42.450415],[-73.266187,42.450398],[-73.266024,42.450374],[-73.265188,42.450248],[-73.265023,42.450223],[-73.26495,42.450212],[-73.264306,42.450118],[-73.263992,42.450064],[-73.263768,42.450028],[-73.263384,42.449966],[-73.263153,42.44993],[-73.262943,42.449893],[-73.262096,42.449744],[-73.262055,42.449431],[-73.262009,42.449223],[-73.261963,42.449069],[-73.261839,42.448751],[-73.261724,42.448535],[-73.261595,42.448344],[-73.261585,42.448331],[-73.26154,42.448279],[-73.261513,42.448246],[-73.261505,42.448237],[-73.261372,42.44808],[-73.261273,42.447994],[-73.261153,42.447912],[-73.261043,42.447856],[-73.260919,42.447806],[-73.260737,42.447752],[-73.26059,42.447721],[-73.260476,42.447703],[-73.260383,42.447691],[-73.260171,42.447668],[-73.259998,42.447651],[-73.25986,42.447642],[-73.25976,42.44764],[-73.259684,42.447641],[-73.25963,42.447641],[-73.259497,42.447649],[-73.25935,42.447666],[-73.259333,42.447669],[-73.259372,42.44765],[-73.25937,42.44765],[-73.259222,42.44768],[-73.259018,42.447719],[-73.258818,42.447778],[-73.257833,42.448088],[-73.257659,42.448146],[-73.25769,42.448293],[-73.257803,42.44883],[-73.257848,42.449181],[-73.257842,42.449351],[-73.257818,42.449529],[-73.257767,42.449706],[-73.257702,42.449897],[-73.257616,42.450106],[-73.257544,42.450231],[-73.257458,42.450386],[-73.257333,42.450507],[-73.25717,42.450614],[-73.257003,42.450687],[-73.256832,42.450757],[-73.256597,42.450821],[-73.256291,42.45088],[-73.256058,42.450936],[-73.2558,42.451021],[-73.255479,42.451159],[-73.255246,42.451343],[-73.255054,42.451552],[-73.254928,42.451775],[-73.25459,42.451729],[-73.254527,42.451721]]}},{"type":"Feature","properties":{"agency":"Link413","shape_id":"p_1425708"},"geometry":{"type":"LineString","coordinates":[[-73.254527,42.451721],[-73.254589,42.451729],[-73.254777,42.451755],[-73.254928,42.451775],[-73.255131,42.451803],[-73.255255,42.451576],[-73.255302,42.451512],[-73.255612,42.451236],[-73.255867,42.451111],[-73.256022,42.451062],[-73.256186,42.451023],[-73.256462,42.450972],[-73.256609,42.450943],[-73.256721,42.450919],[-73.256865,42.450883],[-73.256991,42.450841],[-73.257103,42.450794],[-73.257225,42.45073],[-73.257342,42.450658],[-73.257441,42.450584],[-73.257521,42.450516],[-73.257599,42.450431],[-73.257649,42.450366],[-73.257698,42.450297],[-73.257737,42.450221],[-73.257772,42.450142],[-73.257803,42.450054],[-73.257877,42.449829],[-73.257952,42.449622],[-73.25798,42.449524],[-73.257995,42.449447],[-73.258004,42.449369],[-73.258007,42.449264],[-73.258003,42.449149],[-73.257993,42.449039],[-73.257981,42.448935],[-73.257959,42.448811],[-73.25791,42.448559],[-73.257886,42.448439],[-73.25788,42.448411],[-73.257844,42.448235],[-73.257818,42.448117],[-73.257789,42.447984],[-73.257753,42.447816],[-73.257717,42.447536],[-73.257664,42.447372],[-73.2577,42.447193],[-73.257791,42.446754],[-73.257818,42.446579],[-73.257916,42.446063],[-73.25795,42.445803],[-73.257957,42.445655],[-73.257946,42.445481],[-73.257941,42.445398],[-73.258083,42.445371],[-73.258253,42.445312],[-73.258413,42.445239],[-73.260462,42.444072],[-73.260676,42.443955],[-73.261086,42.443738],[-73.261136,42.443711],[-73.261652,42.443429],[-73.262511,42.442974],[-73.262714,42.44289],[-73.262854,42.442842],[-73.262982,42.442813],[-73.26315,42.442779],[-73.263373,42.442745],[-73.263642,42.442699],[-73.263881,42.442664],[-73.263926,42.442657],[-73.263994,42.442647],[-73.264245,42.442624],[-73.264578,42.442628],[-73.264939,42.442667],[-73.265537,42.442736],[-73.265607,42.442744],[-73.266235,42.442813],[-73.266256,42.442815],[-73.266472,42.442838],[-73.266531,42.442845],[-73.266615,42.442853],[-73.266624,42.442854],[-73.266934,42.442887],[-73.26701,42.442897],[-73.267224,42.442925],[-73.267434,42.442977],[-73.267702,42.443071],[-73.267967,42.443151],[-73.268049,42.443176],[-73.268252,42.443247],[-73.26841,42.443302],[-73.268768,42.44339],[-73.269157,42.443485],[-73.269421,42.443538],[-73.269833,42.443607],[-73.269909,42.443617],[-73.269967,42.443627],[-73.270287,42.443681],[-73.270392,42.443693],[-73.270772,42.443739],[-73.271002,42.443758],[-73.271205,42.443761],[-73.271455,42.443735],[-73.271876,42.443696],[-73.271942,42.443689],[-73.272413,42.443638],[-73.272805,42.443582],[-73.273192,42.443544],[-73.273625,42.443468],[-73.274025,42.44337],[-73.274298,42.443291],[-73.27441,42.443258],[-73.274835,42.443139],[-73.275114,42.443059],[-73.275259,42.443017],[-73.275498,42.442943],[-73.276441,42.442668],[-73.27722,42.442437],[-73.277716,42.442299],[-73.277909,42.442246],[-73.278515,42.442053],[-73.279043,42.44188],[-73.27965,42.441672],[-73.279732,42.441644],[-73.280318,42.441442],[-73.280957,42.441201],[-73.281694,42.440958],[-73.282365,42.440722],[-73.282594,42.440637],[-73.282947,42.440512],[-73.283151,42.440442],[-73.283269,42.440403],[-73.283386,42.440364],[-73.283506,42.440329],[-73.283622,42.4403],[-73.283739,42.440274],[-73.283856,42.44025],[-73.283933,42.440234],[-73.284011,42.44022],[-73.284089,42.440208],[-73.284153,42.440199],[-73.284218,42.440192],[-73.284283,42.440184],[-73.284386,42.440174],[-73.28449,42.440164],[-73.284593,42.440154],[-73.284747,42.440141],[-73.284792,42.440137],[-73.284901,42.440129],[-73.285056,42.440117],[-73.285203,42.440104],[-73.285499,42.44008],[-73.285568,42.440074],[-73.285638,42.440068],[-73.285708,42.440063],[-73.285831,42.440059],[-73.285954,42.440058],[-73.286078,42.440058],[-73.286298,42.44006],[-73.286407,42.440064],[-73.286564,42.440073],[-73.28672,42.440084],[-73.286817,42.440092],[-73.286876,42.440096],[-73.287027,42.440106],[-73.287178,42.440115],[-73.287329,42.440129],[-73.287396,42.440136],[-73.287462,42.440145],[-73.287528,42.440153],[-73.287914,42.440215],[-73.288107,42.440247],[-73.288251,42.440273],[-73.288395,42.4403],[-73.288539,42.440324],[-73.288784,42.440357],[-73.289276,42.440411],[-73.289319,42.440417],[-73.289361,42.440423],[-73.289404,42.440427],[-73.289533,42.440438],[-73.289664,42.440443],[-73.289794,42.440447],[-73.289953,42.44045],[-73.290113,42.440451],[-73.290272,42.440448],[-73.290297,42.440446],[-73.290363,42.440444],[-73.290453,42.440439],[-73.290543,42.440433],[-73.290847,42.440417],[-73.290998,42.440405],[-73.291155,42.44039],[-73.291312,42.440371],[-73.291468,42.440351],[-73.291587,42.440336],[-73.291744,42.440316],[-73.292018,42.440278],[-73.292293,42.44024],[-73.292793,42.440164],[-73.293043,42.440127],[-73.293224,42.4401],[-73.293405,42.440074],[-73.29356,42.440052],[-73.293772,42.440024],[-73.29387,42.440011],[-73.293959,42.44],[-73.294077,42.439985],[-73.294146,42.439976],[-73.29439,42.439944],[-73.294634,42.439911],[-73.294786,42.439893],[-73.294879,42.439883],[-73.295001,42.439874],[-73.295068,42.439866],[-73.295163,42.439858],[-73.295556,42.439825],[-73.295729,42.439811],[-73.295902,42.439796],[-73.296076,42.439781],[-73.296215,42.439769],[-73.296355,42.439758],[-73.296495,42.439746],[-73.29674,42.439727],[-73.296986,42.439708],[-73.297231,42.439686],[-73.297369,42.439674],[-73.297508,42.43966],[-73.297646,42.439646],[-73.29785,42.439624],[-73.298053,42.439602],[-73.298257,42.43958],[-73.298329,42.439572],[-73.298402,42.439564],[-73.298474,42.439556],[-73.298618,42.439539],[-73.298761,42.439521],[-73.298905,42.439501],[-73.299217,42.439455],[-73.299372,42.439428],[-73.299528,42.439396],[-73.299683,42.439362],[-73.299837,42.439327],[-73.299984,42.439293],[-73.30013,42.439259],[-73.300275,42.439222],[-73.3004,42.439187],[-73.300648,42.439113],[-73.300788,42.439068],[-73.300926,42.439022],[-73.301063,42.438973],[-73.301176,42.43893],[-73.301197,42.438922],[-73.301329,42.438868],[-73.301461,42.438813],[-73.301557,42.438772],[-73.301653,42.43873],[-73.301749,42.438687],[-73.301815,42.438656],[-73.302804,42.438177],[-73.303005,42.438078],[-73.303589,42.437791],[-73.306492,42.436393],[-73.306671,42.436307],[-73.308113,42.435599],[-73.308761,42.435289],[-73.309061,42.435147],[-73.309304,42.435018],[-73.313983,42.432754],[-73.314487,42.432503],[-73.315791,42.431879],[-73.316491,42.431627],[-73.316642,42.431584],[-73.316772,42.43155],[-73.316903,42.431518],[-73.317036,42.43149],[-73.317163,42.431466],[-73.317292,42.431446],[-73.317421,42.431429],[-73.317523,42.431417],[-73.317569,42.431413],[-73.317717,42.4314],[-73.317865,42.431391],[-73.317963,42.431385],[-73.31806,42.43138],[-73.318158,42.431375],[-73.31822996988268,42.43050559116807],[-73.3178414812745,42.430227159936976],[-73.31727282403594,42.43017313582362],[-73.3169687894725,42.43021884853826],[-73.31679425111226,42.4302396270335],[-73.31662534302144,42.430189758632565],[-73.31661971275197,42.43010664454323],[-73.31679425111226,42.43004846461474],[-73.31735727808132,42.430193914334495],[-73.3178245904654,42.43021469283801],[-73.31807795260096,42.430368453552006],[-73.31821870934309,42.43054299228399],[-73.318175,42.431211]]}},{"type":"Feature","properties":{"agency":"Link413","shape_id":"p_1425711"},"geometry":{"type":"LineString","coordinates":[[-73.318175,42.431211],[-73.318173,42.431229],[-73.318158,42.431375],[-73.31806,42.43138],[-73.317963,42.431385],[-73.317865,42.431391],[-73.317717,42.4314],[-73.317569,42.431413],[-73.317523,42.431417],[-73.317421,42.431429],[-73.317292,42.431446],[-73.317163,42.431466],[-73.317036,42.43149],[-73.316903,42.431518],[-73.316772,42.43155],[-73.316642,42.431584],[-73.316621,42.431543],[-73.3166,42.431501],[-73.316572,42.431463],[-73.316549,42.431442],[-73.316525,42.431422],[-73.316498,42.431404],[-73.316464,42.431383],[-73.316426,42.431365],[-73.316387,42.431351],[-73.316324,42.431343],[-73.316258,42.431346],[-73.316191,42.431348],[-73.316157,42.431347],[-73.316144,42.431347],[-73.316147,42.431347],[-73.31335575085572,42.431343594578095],[-73.31144980994478,42.4313316269413],[-73.31126686248872,42.43132082445706],[-73.31110220977888,42.43134783066483],[-73.31087169598393,42.4314072442821],[-73.31068874852788,42.431463957227606],[-73.3101284353789,42.43182592423176],[-73.30940543368797,42.43225017805992],[-73.30887468826273,42.43256874012545],[-73.3084750165207,42.432721204869154],[-73.30813821449111,42.43287698368022],[-73.30776521269694,42.43309578684816],[-73.30739472120062,42.43357356175204],[-73.30704893778338,42.43396797432939],[-73.30650556384215,42.43409060630589],[-73.3031175153166,42.43475370875655],[-73.30115474477967,42.43520110004593],[-73.30092513830283,42.43535908709654],[-73.3006668864483,42.43573322663735],[-73.30030342087585,42.43702504976349],[-73.30000456687141,42.43789112811686],[-73.29936812138364,42.438487372449885],[-73.29866117446443,42.43902832594921],[-73.29833397741223,42.43943983352332],[-73.298332,42.439571],[-73.298256,42.439579],[-73.29805,42.439602],[-73.297852,42.439625],[-73.297646,42.439648],[-73.297508,42.439659],[-73.297371,42.439674],[-73.297234,42.439686],[-73.296989,42.439709],[-73.296738,42.439728],[-73.296494,42.439747],[-73.296356,42.439758],[-73.296211,42.43977],[-73.296074,42.439781],[-73.295898,42.439796],[-73.295731,42.439812],[-73.295555,42.439823],[-73.295425,42.439835],[-73.295296,42.439846],[-73.295166,42.439857],[-73.295067,42.439865],[-73.294998,42.439873],[-73.294876,42.439884],[-73.294785,42.439892],[-73.294632,42.439911],[-73.294388,42.439945],[-73.294144,42.439976],[-73.294075,42.439983],[-73.293961,42.439999],[-73.293869,42.44001],[-73.29377,42.440025],[-73.293556,42.440052],[-73.293404,42.440075],[-73.293221,42.440102],[-73.293045,42.440128],[-73.292793,42.440163],[-73.292542,42.440201],[-73.29229,42.440239],[-73.29174,42.440315],[-73.291588,42.440334],[-73.291466,42.44035],[-73.291313,42.440372],[-73.291153,42.440392],[-73.291,42.440407],[-73.290848,42.440418],[-73.290695,42.440426],[-73.290543,42.440434],[-73.290451,42.440437],[-73.290359,42.440445],[-73.290298,42.440445],[-73.290276,42.440449],[-73.290115,42.440453],[-73.289955,42.440449],[-73.289795,42.440449],[-73.289665,42.440441],[-73.289536,42.440437],[-73.289406,42.440426],[-73.28936,42.440422],[-73.289322,42.440418],[-73.289276,42.440411],[-73.289032,42.440384],[-73.28878,42.440357],[-73.288536,42.440323],[-73.288399,42.4403],[-73.288254,42.440273],[-73.288109,42.440247],[-73.28791,42.440216],[-73.28772,42.440186],[-73.287529,42.440151],[-73.28746,42.440144],[-73.287399,42.440136],[-73.287331,42.440128],[-73.287178,42.440117],[-73.287025,42.440105],[-73.286964,42.440102],[-73.286873,42.440098],[-73.286819,42.44009],[-73.28672,42.440083],[-73.286568,42.440071],[-73.286407,42.440063],[-73.286301,42.44006],[-73.285828,42.44006],[-73.285706,42.440063],[-73.285637,42.440067],[-73.285568,42.440075],[-73.2855,42.440079],[-73.285355,42.44009],[-73.285202,42.440105],[-73.285057,42.440117],[-73.284904,42.440128],[-73.28479,42.440136],[-73.284744,42.44014],[-73.284592,42.440155],[-73.284492,42.440163],[-73.284386,42.440174],[-73.284286,42.440186],[-73.284218,42.440193],[-73.284157,42.440201],[-73.284088,42.440208],[-73.284012,42.44022],[-73.283936,42.440235],[-73.283859,42.44025],[-73.283737,42.440273],[-73.283623,42.4403],[-73.283508,42.440331],[-73.283386,42.440365],[-73.283272,42.440403],[-73.28315,42.440441],[-73.282944,42.440514],[-73.282593,42.440636],[-73.282364,42.440723],[-73.281693,42.440956],[-73.28096,42.4412],[-73.280319,42.441441],[-73.279732,42.441643],[-73.279648,42.441673],[-73.279045,42.441879],[-73.278519,42.442055],[-73.277908,42.442245],[-73.277718,42.442299],[-73.277222,42.442436],[-73.276443,42.442669],[-73.275497,42.442944],[-73.275261,42.443016],[-73.275139,42.44305],[-73.275137,42.443052],[-73.274835,42.443139],[-73.27441,42.443258],[-73.274298,42.443291],[-73.274025,42.44337],[-73.273625,42.443468],[-73.273192,42.443544],[-73.272805,42.443582],[-73.272413,42.443638],[-73.271942,42.443689],[-73.271876,42.443696],[-73.271455,42.443735],[-73.271205,42.443761],[-73.271002,42.443758],[-73.270772,42.443739],[-73.270392,42.443693],[-73.270287,42.443681],[-73.269967,42.443627],[-73.269909,42.443617],[-73.269833,42.443607],[-73.269421,42.443538],[-73.269157,42.443485],[-73.268768,42.44339],[-73.26841,42.443302],[-73.268252,42.443247],[-73.268049,42.443176],[-73.267967,42.443151],[-73.267702,42.443071],[-73.267434,42.442977],[-73.267224,42.442925],[-73.26701,42.442897],[-73.266934,42.442887],[-73.266624,42.442854],[-73.266615,42.442853],[-73.266531,42.442845],[-73.266472,42.442838],[-73.266256,42.442815],[-73.266235,42.442813],[-73.265607,42.442744],[-73.265537,42.442736],[-73.264939,42.442667],[-73.264578,42.442628],[-73.264245,42.442624],[-73.263994,42.442647],[-73.263926,42.442657],[-73.263853,42.442668],[-73.263642,42.442699],[-73.263373,42.442745],[-73.26315,42.442779],[-73.262982,42.442813],[-73.262854,42.442842],[-73.262714,42.44289],[-73.262511,42.442974],[-73.261652,42.443429],[-73.261136,42.443711],[-73.261086,42.443738],[-73.260676,42.443955],[-73.260462,42.444072],[-73.258413,42.445239],[-73.258253,42.445312],[-73.258083,42.445371],[-73.257941,42.445398],[-73.257946,42.445481],[-73.257957,42.445655],[-73.25795,42.445803],[-73.257916,42.446063],[-73.257818,42.446579],[-73.257791,42.446754],[-73.2577,42.447193],[-73.257664,42.447372],[-73.257599,42.44746],[-73.257578,42.447542],[-73.257588,42.447684],[-73.257639,42.447969],[-73.257674,42.44816],[-73.257698,42.448286],[-73.257724,42.448428],[-73.25781,42.448904],[-73.257843,42.44905],[-73.257856,42.449169],[-73.257865,42.449338],[-73.257854,42.44942],[-73.257837,42.449515],[-73.257767,42.449706],[-73.257702,42.449897],[-73.257624,42.450108],[-73.257591,42.450197],[-73.257539,42.450287],[-73.257491,42.450353],[-73.257401,42.450453],[-73.257319,42.450526],[-73.257213,42.450603],[-73.257091,42.450674],[-73.256956,42.45074],[-73.256802,42.450792],[-73.256677,42.450821],[-73.256564,42.450846],[-73.256358,42.450882],[-73.256134,42.450925],[-73.255995,42.450955],[-73.255884,42.450989],[-73.2558,42.451021],[-73.255479,42.451159],[-73.255246,42.451343],[-73.255054,42.451552],[-73.255029,42.451596],[-73.254928,42.451775],[-73.254777,42.451755],[-73.254589,42.451729],[-73.254527,42.451721]]}},{"type":"Feature","properties":{"agency":"Link413","shape_id":"p_1433053"},"geometry":{"type":"LineString","coordinates":[[-73.109841,42.665262],[-73.10994,42.6636],[-73.109941,42.66357],[-73.109944,42.663381],[-73.109954,42.663259],[-73.109875,42.663157],[-73.109627,42.663055],[-73.109263,42.662926],[-73.109061,42.662854],[-73.109032,42.662875],[-73.108922,42.662926],[-73.108805,42.662961],[-73.108619,42.663001],[-73.10844,42.663043],[-73.108085,42.663137],[-73.108124,42.662932],[-73.108167,42.66274],[-73.108234,42.662479],[-73.108296,42.662236],[-73.108889,42.659956],[-73.109082,42.659214],[-73.109103,42.659127],[-73.10938,42.65795],[-73.109477,42.657528],[-73.109536,42.657275],[-73.109595,42.657014],[-73.109612,42.656896],[-73.109639,42.656573],[-73.10973,42.65621],[-73.110212,42.654218],[-73.110531,42.652902],[-73.111064,42.650719],[-73.111219,42.650082],[-73.111288,42.649796],[-73.111511,42.648881],[-73.111755,42.64788],[-73.111829,42.647569],[-73.111893,42.64729],[-73.111942,42.647058],[-73.111984,42.6468],[-73.112008,42.646564],[-73.112023,42.646336],[-73.11204,42.646014],[-73.112056,42.645549],[-73.112117,42.644446],[-73.11218,42.643233],[-73.112197,42.642883],[-73.11222,42.64253],[-73.112266,42.641819],[-73.112275,42.641679],[-73.11229,42.641373],[-73.112296,42.641091],[-73.112293,42.640807],[-73.112266,42.63991],[-73.112266,42.639756],[-73.112272,42.639598],[-73.112287,42.639432],[-73.112315,42.63928],[-73.11235,42.639124],[-73.112401,42.63895],[-73.112671,42.638136],[-73.112804,42.637698],[-73.112992,42.637047],[-73.113054,42.636829],[-73.113159,42.6364],[-73.113821,42.63417],[-73.114301,42.632499],[-73.114733,42.630923],[-73.114772,42.63079],[-73.114816,42.630665],[-73.114873,42.63054],[-73.114943,42.630404],[-73.115803,42.628932],[-73.115992,42.628616],[-73.116081,42.628482],[-73.116183,42.628348],[-73.11629,42.628225],[-73.116478,42.62803],[-73.1173,42.627185],[-73.11737,42.627112],[-73.117439,42.627038],[-73.117504,42.626966],[-73.117561,42.626899],[-73.117646,42.626794],[-73.117735,42.626676],[-73.118061,42.626247],[-73.11854,42.625616],[-73.118668,42.625459],[-73.118797,42.625311],[-73.118937,42.625163],[-73.119015,42.625078],[-73.118912,42.625029],[-73.118836,42.624993],[-73.118753,42.624967],[-73.118662,42.624954],[-73.118567,42.624946],[-73.118372,42.624945],[-73.118194,42.624942],[-73.117965,42.62494],[-73.117489,42.62495],[-73.117196,42.624955],[-73.116909,42.624964],[-73.116234,42.624996],[-73.115783,42.625015],[-73.115056,42.625034],[-73.114371,42.625045],[-73.113087,42.625084],[-73.113397,42.624429],[-73.113517,42.624176],[-73.113628,42.623941],[-73.113704,42.623775],[-73.113808,42.623549],[-73.113846,42.623466],[-73.113928,42.623286],[-73.114139,42.622846],[-73.114268,42.622577],[-73.114337,42.622455],[-73.114381,42.622376],[-73.114481,42.62223],[-73.114584,42.622083],[-73.114617,42.622037],[-73.115062,42.621602],[-73.11542,42.621209],[-73.115956,42.620688],[-73.116526,42.620099],[-73.117237,42.619369],[-73.118016,42.618536],[-73.118171,42.618674],[-73.118325,42.618782],[-73.118559,42.618917],[-73.1191029634617,42.6191719135669],[-73.119113,42.619174],[-73.1192,42.619214],[-73.119307,42.619268],[-73.119409,42.619328],[-73.11948,42.619382],[-73.119533,42.619438],[-73.120077,42.620126],[-73.120158,42.620068],[-73.120232,42.620002],[-73.120305,42.619925],[-73.120378,42.619838],[-73.120439,42.619763],[-73.120893,42.619082],[-73.121782,42.617718],[-73.122491,42.616624],[-73.123128,42.615634],[-73.123331,42.615324],[-73.123462,42.615126],[-73.123558,42.61498],[-73.123645,42.614848],[-73.123766,42.614663],[-73.123881,42.61447],[-73.124018,42.614223],[-73.124117,42.614046],[-73.125135,42.612224],[-73.12535,42.611842],[-73.125766,42.611077],[-73.125829,42.610971],[-73.125905,42.610873],[-73.125996,42.610778],[-73.126079,42.610705],[-73.126168,42.610638],[-73.126274,42.610574],[-73.126392,42.610516],[-73.126566,42.610451],[-73.127115,42.61025],[-73.128079,42.609878],[-73.128291,42.609796],[-73.128725,42.609627],[-73.128962,42.609528],[-73.129174,42.609432],[-73.129387,42.60933],[-73.130977,42.608504],[-73.131183,42.608397],[-73.131552,42.608206],[-73.131747,42.6081],[-73.131946,42.607984],[-73.132109,42.607876],[-73.132257,42.607766],[-73.132394,42.607651],[-73.132516,42.607536],[-73.132628,42.607409],[-73.132736,42.607271],[-73.133179,42.606684],[-73.133322,42.606507],[-73.133462,42.606344],[-73.133612,42.606177],[-73.133759,42.606017],[-73.133907,42.605862],[-73.134078,42.605688],[-73.134261,42.605506],[-73.134416,42.605358],[-73.135557,42.604304],[-73.136447,42.603487],[-73.136812,42.603142],[-73.137121,42.602849],[-73.13735,42.602622],[-73.13748,42.602487],[-73.137602,42.602345],[-73.137713,42.602191],[-73.137819,42.602021],[-73.1379,42.601875],[-73.137992,42.601697],[-73.139658,42.598266],[-73.139808,42.597968],[-73.139976,42.597643],[-73.140255,42.597145],[-73.140328,42.597009],[-73.140779,42.596161],[-73.140859,42.596015],[-73.140942,42.595877],[-73.141033,42.595747],[-73.141135,42.595625],[-73.141247,42.595508],[-73.141374,42.595388],[-73.141497,42.595283],[-73.141623,42.595181],[-73.141775,42.595065],[-73.141941,42.594945],[-73.143835,42.59362],[-73.144959,42.592822],[-73.145111,42.592709],[-73.145256,42.592589],[-73.145408,42.592448],[-73.145544,42.592316],[-73.145678,42.592172],[-73.145784,42.592047],[-73.145878,42.591923],[-73.145978,42.591773],[-73.146067,42.591625],[-73.146153,42.591476],[-73.146226,42.591328],[-73.146293,42.591174],[-73.146353,42.591015],[-73.146402,42.590851],[-73.146439,42.590696],[-73.146464,42.590532],[-73.146479,42.590368],[-73.146492,42.590198],[-73.14651,42.589913],[-73.146533,42.589429],[-73.146574,42.588541],[-73.146602,42.587951],[-73.146607,42.587845],[-73.146654,42.586994],[-73.146688,42.586198],[-73.146712,42.585658],[-73.146726,42.585454],[-73.14675,42.585248],[-73.146792,42.585008],[-73.146838,42.584796],[-73.146893,42.58458],[-73.146958,42.584347],[-73.147081,42.583917],[-73.147126,42.583753],[-73.147249,42.5833],[-73.147569,42.582148],[-73.147643,42.58188],[-73.147822,42.581249],[-73.147879,42.58107],[-73.147938,42.580901],[-73.148003,42.58074],[-73.148073,42.580585],[-73.148154,42.580427],[-73.148239,42.58029],[-73.148333,42.58015],[-73.148444,42.580007],[-73.14857,42.579855],[-73.148708,42.57969],[-73.148841,42.57954],[-73.14897,42.579402],[-73.149102,42.57927],[-73.14926,42.579122],[-73.149424,42.578975],[-73.149586,42.578843],[-73.149767,42.578702],[-73.150626,42.578051],[-73.150772,42.577936],[-73.150905,42.577824],[-73.151036,42.577708],[-73.151165,42.577586],[-73.151291,42.577459],[-73.151426,42.577315],[-73.151548,42.577171],[-73.151675,42.577014],[-73.15205,42.576542],[-73.152165,42.576382],[-73.152293,42.576203],[-73.15241,42.576019],[-73.152515,42.575835],[-73.152613,42.575643],[-73.152708,42.575435],[-73.152826,42.575166],[-73.153537,42.573577],[-73.154444,42.571547],[-73.154834,42.57066],[-73.155009,42.570285],[-73.155079,42.570143],[-73.155154,42.570008],[-73.15524,42.569884],[-73.155336,42.569756],[-73.155445,42.569637],[-73.15556,42.569524],[-73.155686,42.569421],[-73.155824,42.569321],[-73.155962,42.569231],[-73.156107,42.569143],[-73.156282,42.569045],[-73.156783,42.568768],[-73.156731,42.568716],[-73.156675,42.568668],[-73.156606,42.568628],[-73.154267,42.567728],[-73.155954,42.565398],[-73.156341,42.564875],[-73.15647,42.564692],[-73.15657,42.564537],[-73.156662,42.564375],[-73.156759,42.564192],[-73.156855,42.564003],[-73.157141,42.563416],[-73.157524,42.562623],[-73.157768,42.562117],[-73.158251,42.562173],[-73.158584,42.562203],[-73.158811,42.562218],[-73.159009,42.562224],[-73.15921,42.56222],[-73.15943,42.562211],[-73.160282,42.562176],[-73.161393,42.562124],[-73.161992,42.562088],[-73.162388,42.562063],[-73.163341,42.562008],[-73.164363,42.56196],[-73.164576,42.561954],[-73.16479,42.561956],[-73.165003,42.561968],[-73.165207,42.561983],[-73.165318,42.561999],[-73.165417,42.562022],[-73.165517,42.562053],[-73.165598,42.562097],[-73.165688,42.56196],[-73.166191,42.561193],[-73.166557,42.560632],[-73.166702,42.560408],[-73.166738,42.560353],[-73.167073,42.559848],[-73.167198,42.559661],[-73.167273,42.559535],[-73.167338,42.559398],[-73.167387,42.559269],[-73.16742,42.559144],[-73.167443,42.559006],[-73.167454,42.558862],[-73.16745,42.558724],[-73.167436,42.558588],[-73.167398,42.558431],[-73.167346,42.558281],[-73.167282,42.558128],[-73.166752,42.556986],[-73.166665,42.556798],[-73.166566,42.556604],[-73.166264,42.556024],[-73.165424,42.55441],[-73.165368,42.55429],[-73.165326,42.554188],[-73.165289,42.554078],[-73.165265,42.553969],[-73.165245,42.553854],[-73.165231,42.553718],[-73.165218,42.553559],[-73.165207,42.553406],[-73.165193,42.55297],[-73.165164,42.552163],[-73.165104,42.550632],[-73.165072,42.549778],[-73.165064,42.549594],[-73.165072,42.549452],[-73.165087,42.549307],[-73.165113,42.549167],[-73.165146,42.549032],[-73.165201,42.548869],[-73.165261,42.548723],[-73.165332,42.548587],[-73.165419,42.548442],[-73.165515,42.548304],[-73.165627,42.548159],[-73.165751,42.54802],[-73.165879,42.547894],[-73.166013,42.547777],[-73.16617,42.547653],[-73.16634,42.547534],[-73.166544,42.547413],[-73.166763,42.547302],[-73.166982,42.547206],[-73.167196,42.547124],[-73.167404,42.547048],[-73.16786,42.546893],[-73.168055,42.546818],[-73.168235,42.546739],[-73.168395,42.546652],[-73.168568,42.546549],[-73.168736,42.546432],[-73.168872,42.546319],[-73.169009,42.54619],[-73.169139,42.546043],[-73.16927,42.54589],[-73.16977,42.545288],[-73.170395,42.54455],[-73.170537,42.544388],[-73.17069,42.544214],[-73.170848,42.544041],[-73.172298,42.542506],[-73.173258,42.54147],[-73.173396,42.541326],[-73.173527,42.541194],[-73.17367,42.541063],[-73.173832,42.540929],[-73.173984,42.540819],[-73.174137,42.54072],[-73.174316,42.540619],[-73.17453,42.540515],[-73.174745,42.540422],[-73.174974,42.540333],[-73.17572,42.540037],[-73.178605,42.538898],[-73.178755,42.538839],[-73.180108,42.538307],[-73.180384,42.538193],[-73.180642,42.538073],[-73.180894,42.53794],[-73.181132,42.537796],[-73.181351,42.53764],[-73.181551,42.537484],[-73.181897,42.537193],[-73.181739,42.537322],[-73.183357,42.535964],[-73.186157,42.533618],[-73.18682,42.533046],[-73.187492,42.53239],[-73.188659,42.531093],[-73.190353,42.529197],[-73.190605,42.528842],[-73.190841,42.528446],[-73.191024,42.528026],[-73.191146,42.527618],[-73.191764,42.524967],[-73.19223,42.522876],[-73.192306,42.52222],[-73.192337,42.521514],[-73.192512,42.517227],[-73.192558,42.515548],[-73.192581,42.512863],[-73.192581,42.51263],[-73.192596,42.511547],[-73.192611,42.511081],[-73.192634,42.51086],[-73.192703,42.510364],[-73.192764,42.510093],[-73.192909,42.509574],[-73.193092,42.509067],[-73.193328,42.508563],[-73.193626,42.508029],[-73.19403,42.507427],[-73.194305,42.506973],[-73.194511,42.506511],[-73.194664,42.506038],[-73.195182,42.504257],[-73.196205,42.500671],[-73.19635,42.500198],[-73.196487,42.499813],[-73.196746,42.49929],[-73.196983,42.498897],[-73.197242,42.498535],[-73.197677,42.498016],[-73.198013,42.497684],[-73.1986,42.497188],[-73.199371,42.496601],[-73.199707,42.49633],[-73.199867,42.496181],[-73.200294,42.495727],[-73.200714,42.495162],[-73.201766,42.493675],[-73.203511749351,42.494190819521],[-73.203939377331,42.494330065125],[-73.204147826902,42.494451108224],[-73.20424668727,42.4945590946],[-73.204639440208,42.495599953369],[-73.204835816677,42.49572088875],[-73.206173185476,42.495664673988],[-73.206106944606,42.49536958058],[-73.206063095335,42.495190390418],[-73.206105543715,42.495009821483],[-73.20604324950715,42.49436904843935],[-73.20592633003966,42.49426870575803],[-73.20572699193174,42.49419380202326],[-73.2055196742055,42.494157523400105],[-73.205525,42.49417],[-73.205239,42.494185],[-73.205183,42.494176],[-73.205144,42.494146],[-73.205059,42.494034],[-73.204978,42.493921],[-73.204939,42.493867],[-73.204923,42.493816],[-73.204912,42.493694],[-73.204896,42.493526],[-73.204879,42.493356],[-73.204863,42.493187],[-73.204848,42.493026],[-73.20484,42.492948],[-73.204602,42.492901],[-73.204256,42.492833],[-73.204152,42.492908],[-73.204066,42.492975],[-73.203976,42.493066],[-73.203914,42.493156],[-73.203875,42.493236],[-73.203852,42.493323],[-73.203844,42.493404],[-73.20385,42.49349],[-73.203869,42.493576],[-73.20393,42.493744],[-73.204032,42.494001],[-73.20403,42.494048],[-73.20401,42.494085],[-73.203969,42.494126],[-73.203918,42.494158],[-73.203853,42.494187],[-73.20378,42.494204],[-73.20369,42.494206],[-73.203536,42.494197],[-73.202744,42.493969],[-73.202303,42.493844],[-73.202019,42.493763],[-73.201888,42.493721],[-73.201768,42.493677],[-73.202335,42.492877],[-73.202691,42.492393],[-73.20294,42.492049],[-73.203081,42.491847],[-73.20318,42.491704],[-73.203275,42.491546],[-73.203357,42.491379],[-73.203421,42.491218],[-73.203472,42.491046],[-73.203505,42.490877],[-73.203527,42.490706],[-73.203538,42.490521],[-73.203532,42.490323],[-73.203507,42.490144],[-73.203455,42.489947],[-73.2034,42.489788],[-73.203339,42.489631],[-73.203268,42.489488],[-73.203191,42.489351],[-73.202821,42.488758],[-73.202611,42.488422],[-73.202375,42.48803],[-73.20226,42.487836],[-73.202163,42.487652],[-73.2021,42.487505],[-73.202046,42.487343],[-73.202011,42.487195],[-73.201986,42.487045],[-73.20197,42.486914],[-73.201966,42.486763],[-73.201974,42.486592],[-73.202007,42.48631],[-73.202108,42.485532],[-73.202267,42.484398],[-73.202383,42.483523],[-73.202409,42.48336],[-73.202446,42.483195],[-73.202498,42.483018],[-73.202564,42.482856],[-73.202641,42.482703],[-73.202725,42.482558],[-73.202822,42.482409],[-73.20292,42.482281],[-73.203023,42.482159],[-73.203133,42.482041],[-73.203267,42.481918],[-73.203403,42.481803],[-73.204087,42.481235],[-73.20422,42.481121],[-73.204346,42.481007],[-73.204466,42.480885],[-73.204576,42.480759],[-73.204683,42.480619],[-73.204774,42.480477],[-73.204859,42.480325],[-73.204926,42.480177],[-73.204984,42.480021],[-73.205032,42.479858],[-73.20506,42.479698],[-73.205077,42.479525],[-73.205079,42.479343],[-73.205075,42.47911],[-73.205065,42.478799],[-73.20502,42.477732],[-73.205011,42.477534],[-73.204996,42.477331],[-73.204973,42.477138],[-73.204861,42.476431],[-73.204653,42.475215],[-73.20451,42.474375],[-73.204332,42.473336],[-73.204325,42.473295],[-73.204156,42.472303],[-73.204092,42.471929],[-73.203978,42.471263],[-73.203968,42.470969],[-73.203957,42.470802],[-73.203929,42.470534],[-73.203882,42.470126],[-73.204118,42.470103],[-73.204215,42.470093],[-73.204278,42.470085],[-73.204334,42.470073],[-73.204379,42.47006],[-73.204434,42.470041],[-73.205094,42.469979],[-73.205142,42.469968],[-73.205184,42.469945],[-73.205395,42.469743],[-73.205429,42.469703],[-73.205437,42.469662],[-73.205422,42.469576],[-73.205392,42.469407],[-73.205332,42.469071],[-73.205322,42.46903],[-73.205304,42.468992],[-73.205291,42.468957],[-73.205281,42.468904],[-73.205252,42.468738],[-73.205205,42.468475],[-73.205255,42.468447],[-73.205311,42.468436],[-73.205585,42.468431]]}},{"type":"Feature","properties":{"agency":"Link413","shape_id":"p_1433105"},"geometry":{"type":"LineString","coordinates":[[-73.19532248836396,42.45988174315608],[-73.19729181316423,42.46013474237992],[-73.197988271713,42.460280704614],[-73.19840669632,42.460478583065],[-73.198589086533,42.460621055162],[-73.198691010475,42.460510243559],[-73.198556900024,42.460454837684],[-73.198363780975,42.460415262029],[-73.197795152664,42.460233213693],[-73.1972986039353,42.46013223743682],[-73.19531909297534,42.45987923820283],[-73.194614052773,42.459877030636],[-73.193482160568,42.460106571061],[-73.192771375179,42.460163956035],[-73.191864,42.460067],[-73.189888,42.459785],[-73.189628,42.459716],[-73.18914,42.459617],[-73.189109,42.459705],[-73.188941,42.460353],[-73.188903,42.460563],[-73.188812,42.460964],[-73.188751,42.461196],[-73.188697,42.461563],[-73.188697,42.461799],[-73.188735,42.462001],[-73.188796,42.462203],[-73.188888,42.462398],[-73.189018,42.462585],[-73.189224,42.462791],[-73.18943,42.462947],[-73.189659,42.463092],[-73.191322,42.464019],[-73.192062,42.464447],[-73.192321,42.464645],[-73.19252,42.464847],[-73.192634,42.464992],[-73.193206,42.466262],[-73.193351,42.466548],[-73.193481,42.466739],[-73.193756,42.466999],[-73.193984,42.467159],[-73.194396,42.467369],[-73.194808,42.467548],[-73.195421246696,42.46781276796],[-73.195807484795,42.468052172001],[-73.19611862104,42.468322242404],[-73.196184335161,42.468383082279],[-73.196735529114,42.468313339002],[-73.197319981578,42.468107936998],[-73.198049273329,42.467783821403],[-73.198888535649,42.467408261529],[-73.200033704348,42.466947437726],[-73.200093986776,42.466869375352],[-73.199961150154,42.466217521509],[-73.200059252006,42.466039866249],[-73.20034510849,42.465696006921],[-73.200208395523,42.465099948921],[-73.199844962318,42.465152965969],[-73.199442249351,42.465114923117],[-73.197875,42.465274],[-73.197813,42.465284],[-73.197872,42.465276],[-73.198045,42.465253],[-73.198305,42.465219],[-73.198538,42.465189],[-73.198703,42.465168],[-73.198775,42.465169],[-73.198837,42.46518],[-73.198898,42.46518],[-73.199026,42.465164],[-73.199258,42.465134],[-73.199494,42.465104],[-73.199563,42.465112],[-73.199683,42.465138],[-73.199746,42.465145],[-73.199981,42.465114],[-73.200208,42.465085],[-73.200346,42.465634],[-73.200345,42.46567],[-73.200334,42.465709],[-73.200313,42.465741],[-73.200041,42.4661],[-73.200016,42.466141],[-73.2,42.466182],[-73.199994,42.466219],[-73.199998,42.466257],[-73.200115,42.466756],[-73.200117,42.466811],[-73.200105,42.466862],[-73.200075,42.466908],[-73.20004,42.466942],[-73.199991,42.466976],[-73.199938,42.467002],[-73.199728,42.467084],[-73.19885,42.467425],[-73.198689,42.467439],[-73.198599,42.467447],[-73.198221,42.467496],[-73.19814,42.46751],[-73.198066,42.467532],[-73.197994,42.467564],[-73.197779,42.467677],[-73.197668,42.467733],[-73.197564,42.46778],[-73.197444,42.467827],[-73.197321,42.467869],[-73.197264,42.46789],[-73.197207,42.467917],[-73.197098,42.467967],[-73.197015,42.468002],[-73.196288,42.468261],[-73.196227,42.468291],[-73.196167,42.468332],[-73.19612,42.46838],[-73.196198,42.468486],[-73.19626,42.468596],[-73.196314,42.468713],[-73.196365,42.468836],[-73.196408,42.468955],[-73.196454,42.469095],[-73.196541,42.469376],[-73.196632,42.46967],[-73.196643,42.469706],[-73.196673,42.469803],[-73.196717,42.469893],[-73.196783,42.469882],[-73.196923,42.469858],[-73.197167,42.469817],[-73.197401,42.469773],[-73.197987,42.469658],[-73.198022,42.469651],[-73.198278,42.4696],[-73.198484,42.469557],[-73.198546,42.469544],[-73.198724,42.469504],[-73.19883,42.469481],[-73.199103,42.469415],[-73.199385,42.469342],[-73.199664,42.469266],[-73.19993,42.469188],[-73.20017,42.469114],[-73.200232,42.469096],[-73.200446,42.469031],[-73.20074,42.46894],[-73.201057,42.46884],[-73.201346,42.468746],[-73.201615,42.468658],[-73.201854,42.468576],[-73.202081,42.468493],[-73.202305,42.468405],[-73.202518,42.468317],[-73.203238,42.468014],[-73.203294,42.467989],[-73.203445,42.467921],[-73.203617,42.467845],[-73.205107,42.467179],[-73.205144,42.467162],[-73.205251,42.467113],[-73.205307,42.467177],[-73.20535,42.46724],[-73.205376,42.467297],[-73.205389,42.467355],[-73.205393,42.467425],[-73.205386,42.467883],[-73.20539,42.467941],[-73.205401,42.468032],[-73.205398,42.468088],[-73.205376,42.468132],[-73.205328,42.46817],[-73.205265,42.468202],[-73.205195,42.468228],[-73.205113,42.468249],[-73.205147,42.468404],[-73.205172,42.468441],[-73.205205,42.468475],[-73.205255,42.468447],[-73.205311,42.468436],[-73.205585,42.468431],[-73.206062,42.468423],[-73.206093,42.468261],[-73.205836,42.468215],[-73.20574,42.46819],[-73.205666,42.468157],[-73.2056,42.468112],[-73.205562,42.468076],[-73.20553,42.468032],[-73.205507,42.467984],[-73.205493,42.467929],[-73.20549,42.467869],[-73.205493,42.467638],[-73.205496,42.467431],[-73.205494,42.467352],[-73.205486,42.467272],[-73.20546,42.467193],[-73.205416,42.467121],[-73.205371,42.467058],[-73.2053,42.466958],[-73.205253,42.466893],[-73.205179,42.466806],[-73.205112,42.466739],[-73.205033,42.466681],[-73.204942,42.466635],[-73.204836,42.466592],[-73.204657,42.466522],[-73.204578,42.466487],[-73.204651,42.46638],[-73.204957,42.46592],[-73.205008,42.465854],[-73.205073,42.465776],[-73.205146,42.465685],[-73.205209,42.4656],[-73.205343,42.465406],[-73.205352,42.465389],[-73.205375,42.465339],[-73.205398,42.465206],[-73.205581,42.464931],[-73.205757,42.464668],[-73.206115,42.464012],[-73.20652,42.463195],[-73.206817,42.462692],[-73.207015,42.462394],[-73.207244,42.462081],[-73.207489,42.461784],[-73.208351,42.460803],[-73.208702,42.460407],[-73.209114,42.459934],[-73.209487,42.459533],[-73.20977,42.459259],[-73.210105,42.458965],[-73.210807,42.458366],[-73.211517,42.457763],[-73.212287,42.457118],[-73.213066,42.456493],[-73.21347,42.456165],[-73.213348,42.456073],[-73.213272,42.455966],[-73.213241,42.455848],[-73.213249,42.455295],[-73.213249,42.455059],[-73.213264,42.454944],[-73.213287,42.454799],[-73.213333,42.45473],[-73.213409,42.454662],[-73.213508,42.454608],[-73.214141,42.454521],[-73.217262,42.454154],[-73.218246,42.454048],[-73.220001,42.454002],[-73.220344,42.453979],[-73.220802,42.453872],[-73.221672,42.453567],[-73.221946,42.453487],[-73.22216,42.453437],[-73.222534,42.453392],[-73.224319,42.45325],[-73.226181,42.453128],[-73.226524,42.453105],[-73.226631,42.452545],[-73.226844,42.451786],[-73.226997,42.451187],[-73.227096,42.45087],[-73.22718,42.450702],[-73.22747,42.450294],[-73.227821,42.449867],[-73.228103,42.449592],[-73.228431,42.449378],[-73.229164,42.448947],[-73.229904,42.448547],[-73.230079,42.448451],[-73.230339,42.44836],[-73.231201,42.448188],[-73.232246,42.447998],[-73.233238,42.447834],[-73.233764,42.447734],[-73.234016,42.447639],[-73.23426,42.447494],[-73.234474,42.447292],[-73.234733,42.447002],[-73.234954,42.446723],[-73.235458,42.44614],[-73.235794,42.445743],[-73.236038,42.445621],[-73.236221,42.445556],[-73.236473,42.445465],[-73.237564,42.445041],[-73.238449,42.444702],[-73.239089,42.444469],[-73.23928703319358,42.444388578046926],[-73.239635,42.44421],[-73.239701,42.444217],[-73.239983,42.444244],[-73.240621,42.444288],[-73.240995,42.444315],[-73.241583,42.444363],[-73.241938,42.44439],[-73.242367,42.444448],[-73.242562,42.444475],[-73.242718,42.444499],[-73.242869,42.444527],[-73.24303,42.444562],[-73.243143,42.444589],[-73.243318,42.444637],[-73.243363,42.444649],[-73.243449,42.444677],[-73.243563,42.444724],[-73.243633,42.444759],[-73.24369,42.444795],[-73.243735,42.444825],[-73.243803,42.444884],[-73.24386,42.444948],[-73.243913,42.445018],[-73.244053,42.44525],[-73.244104,42.445331],[-73.244403,42.44583],[-73.244815,42.446452],[-73.244803,42.446525],[-73.244901,42.446687],[-73.245002,42.446855],[-73.245026,42.446894],[-73.245121,42.446953],[-73.245187,42.447024],[-73.245204,42.447054],[-73.245214,42.447084],[-73.245346,42.447116],[-73.245486,42.447148],[-73.245831,42.447218],[-73.246,42.447252],[-73.246218,42.447296],[-73.246738,42.447396],[-73.246846,42.447417],[-73.247273,42.447493],[-73.247821,42.447589],[-73.248265,42.447668],[-73.248392,42.447691],[-73.249684,42.447881],[-73.250014,42.44793],[-73.250558,42.448013],[-73.251015,42.448079],[-73.251186,42.448103],[-73.251916,42.448201],[-73.25217,42.448243],[-73.252327,42.448275],[-73.252472,42.448309],[-73.252578,42.448341],[-73.25267,42.448373],[-73.25278,42.448452],[-73.252862,42.4485],[-73.252939,42.448538],[-73.253045,42.448573],[-73.253162,42.448603],[-73.253313,42.448628],[-73.253447,42.448645],[-73.253485,42.44865],[-73.25348855304378,42.44865691854088],[-73.253639,42.448684],[-73.253692,42.448719],[-73.25373,42.448764],[-73.253753,42.448883],[-73.253601,42.449413],[-73.253379,42.450244],[-73.25299,42.451549],[-73.253158,42.451534],[-73.253463,42.451576],[-73.253707,42.45161],[-73.254546966934,42.451728392705]]}},{"type":"Feature","properties":{"agency":"Link413","shape_id":"p_1436577"},"geometry":{"type":"LineString","coordinates":[[-73.111838,42.698961],[-73.111688,42.698935],[-73.111434,42.698891],[-73.110475,42.698723],[-73.110432,42.698724],[-73.110388,42.698724],[-73.110311,42.698739],[-73.110227,42.698769],[-73.109966,42.69872],[-73.109858,42.698686],[-73.109752,42.698642],[-73.109662,42.698595],[-73.109578,42.698542],[-73.109531,42.698528],[-73.109479,42.698527],[-73.109431,42.698536],[-73.109385,42.698556],[-73.109341,42.698588],[-73.109281,42.698944],[-73.109257,42.699051],[-73.109002,42.700011],[-73.108977,42.700157],[-73.108921,42.700259],[-73.108853,42.700366],[-73.108738,42.700538],[-73.108326,42.701159],[-73.108087,42.701518],[-73.108011,42.701626],[-73.107947,42.701704],[-73.107884,42.70177],[-73.107746,42.701899],[-73.107594,42.702042],[-73.107637,42.702083],[-73.107689,42.702121],[-73.107749,42.702152],[-73.108615,42.70249],[-73.108744,42.702531],[-73.108869,42.702558],[-73.108989,42.702575],[-73.109122,42.702587],[-73.110493,42.702686],[-73.110951,42.702713],[-73.111681,42.702758],[-73.111688,42.702658],[-73.111701,42.702471],[-73.111725,42.70214],[-73.111743,42.701941],[-73.111746,42.701908],[-73.111759,42.701795],[-73.111767,42.701728],[-73.111861,42.701024],[-73.111875,42.700918],[-73.111883,42.700853],[-73.111895,42.700754],[-73.111905,42.70064],[-73.111926,42.700587],[-73.111955,42.700539],[-73.111994,42.700497],[-73.112048,42.700457],[-73.112109,42.700427],[-73.112169,42.700405],[-73.112241,42.700388],[-73.112313,42.700375],[-73.112443,42.700357],[-73.112716,42.700369],[-73.112954,42.700377],[-73.113204,42.700383],[-73.113439,42.700385],[-73.113686,42.700382],[-73.114952,42.700344],[-73.115178,42.700342],[-73.115365,42.700346],[-73.115491,42.700352],[-73.115783,42.700366],[-73.116134,42.700378],[-73.119108,42.70038],[-73.120575,42.700385],[-73.120791,42.700388],[-73.120975,42.700396],[-73.12117,42.700408],[-73.121352,42.700428],[-73.121515,42.700452],[-73.121674,42.700487],[-73.121829,42.700533],[-73.121987,42.700592],[-73.12243,42.700773],[-73.122905,42.700968],[-73.123042,42.701018],[-73.123191,42.701056],[-73.123349,42.701079],[-73.123487,42.701086],[-73.123626,42.701084],[-73.123785,42.701069],[-73.123929,42.701043],[-73.124073,42.700998],[-73.12421,42.700944],[-73.124349,42.700877],[-73.1249,42.700571],[-73.12505,42.700492],[-73.12518,42.700428],[-73.12529,42.700379],[-73.125414,42.700328],[-73.125538,42.700278],[-73.126498,42.699905],[-73.126723,42.699819],[-73.12695,42.699739],[-73.12716,42.699669],[-73.127364,42.699604],[-73.127802,42.699472],[-73.129555,42.698932],[-73.130814,42.698541],[-73.13099,42.698487],[-73.131154,42.698445],[-73.131306,42.698421],[-73.131476,42.698407],[-73.131633,42.698409],[-73.131791,42.698422],[-73.131947,42.698441],[-73.132939,42.698586],[-73.133025,42.698599],[-73.133901,42.698726],[-73.134082,42.698747],[-73.134177,42.698755],[-73.134352,42.698758],[-73.134513,42.698753],[-73.13467,42.698742],[-73.134823,42.698727],[-73.137007,42.698431],[-73.137129,42.698415],[-73.138327,42.698253],[-73.139518,42.698091],[-73.139651,42.698073],[-73.140039,42.69802],[-73.140257,42.697992],[-73.140467,42.69797],[-73.140671,42.697957],[-73.14089,42.697946],[-73.141094,42.697943],[-73.141316,42.697946],[-73.141724,42.697954],[-73.142616,42.697972],[-73.143504,42.697989],[-73.143908,42.697997],[-73.145253,42.698024],[-73.145281,42.697366],[-73.14529342909977,42.69720420587947],[-73.1466218731377,42.69722650798676],[-73.146588,42.698053],[-73.146861,42.698064],[-73.147126,42.698078],[-73.147376,42.698098],[-73.147722,42.698133],[-73.148607,42.698223],[-73.148738,42.698237],[-73.14961,42.698321],[-73.150548,42.698414],[-73.150614,42.698421],[-73.151061,42.698465],[-73.151338,42.698496],[-73.151602,42.698535],[-73.151845,42.698582],[-73.152089,42.69864],[-73.152334,42.698708],[-73.152579,42.698785],[-73.152831,42.698873],[-73.153086,42.698967],[-73.153187,42.699006],[-73.153444,42.699106],[-73.153611,42.699171],[-73.155029,42.699723],[-73.155212,42.699792],[-73.155392,42.699857],[-73.155537,42.699899],[-73.155688,42.699924],[-73.155832,42.699947],[-73.155987,42.699954],[-73.156135,42.699961],[-73.156287,42.699954],[-73.156426,42.699941],[-73.157005,42.699874],[-73.159373,42.699603],[-73.160284,42.699495],[-73.160576,42.699461],[-73.160818,42.699439],[-73.161037,42.699427],[-73.161258,42.699423],[-73.161486,42.699429],[-73.161717,42.699445],[-73.161952,42.699471],[-73.162199,42.699504],[-73.162434,42.699545],[-73.162698,42.699604],[-73.162956,42.699669],[-73.163192,42.699734],[-73.164253,42.700039],[-73.164491,42.700104],[-73.164734,42.700166],[-73.165,42.700219],[-73.165261,42.700266],[-73.165404,42.70029],[-73.165793,42.700355],[-73.166195,42.700422],[-73.166605,42.70049],[-73.16664,42.700496],[-73.166641,42.700497],[-73.166946,42.700542],[-73.167259,42.700592],[-73.167549,42.700626],[-73.167816,42.700657],[-73.168106,42.700684],[-73.168442,42.700722],[-73.16877,42.700756],[-73.169098,42.700787],[-73.169449,42.700817],[-73.169807,42.700844],[-73.170166,42.700871],[-73.170502,42.700897],[-73.170845,42.700916],[-73.172203,42.701],[-73.172455,42.701015],[-73.17524,42.701183],[-73.176117,42.701237],[-73.176262,42.701244],[-73.178108,42.701355],[-73.178421,42.701374],[-73.179031,42.701412],[-73.181877,42.701584],[-73.182152,42.701599],[-73.182838,42.701645],[-73.183037,42.701656],[-73.18325,42.701672],[-73.183472,42.701694],[-73.183685,42.701729],[-73.183899,42.701771],[-73.184128,42.701824],[-73.184357,42.701889],[-73.184578,42.701962],[-73.184799,42.702045],[-73.184998,42.702133],[-73.185181,42.702229],[-73.185371,42.702332],[-73.186348,42.702908],[-73.18679,42.703167],[-73.187279,42.703453],[-73.187744,42.703728],[-73.187935,42.703846],[-73.188126,42.703968],[-73.188309,42.704102],[-73.188499,42.704247],[-73.18866,42.70438],[-73.188828,42.704517],[-73.188972,42.704655],[-73.18911,42.704788],[-73.189262,42.704945],[-73.189407,42.705093],[-73.190628,42.706436],[-73.190773,42.706593],[-73.190887,42.706715],[-73.19091,42.706734],[-73.191017,42.706841],[-73.191132,42.706947],[-73.191246,42.70705],[-73.191353,42.707146],[-73.191498,42.707264],[-73.191635,42.707367],[-73.191757,42.707462],[-73.191895,42.707558],[-73.192986,42.708317],[-73.193214,42.708481],[-73.193436,42.70863],[-73.193703,42.70882],[-73.193932,42.708981],[-73.194153,42.709141],[-73.194344,42.709278],[-73.194534,42.709419],[-73.194817,42.709637],[-73.195099,42.709858],[-73.195564,42.710213],[-73.195679,42.7103],[-73.195801,42.710381],[-73.195946,42.710457],[-73.196091,42.710522],[-73.196236,42.710579],[-73.196404,42.710629],[-73.196579,42.71067],[-73.196777,42.710705],[-73.197189,42.710789],[-73.197083,42.711002],[-73.197052,42.711056],[-73.196922,42.711407],[-73.196632,42.711929],[-73.196091,42.712914],[-73.195938,42.713196],[-73.195686,42.713661],[-73.195641,42.713745],[-73.19558,42.713818],[-73.195511,42.713898],[-73.195427,42.713982],[-73.195213,42.714149],[-73.195015,42.714333],[-73.194916,42.71442],[-73.194786,42.714527],[-73.194664,42.714634],[-73.194603,42.714687],[-73.194542,42.714741],[-73.194405,42.714859],[-73.194275,42.714981],[-73.194138,42.715099],[-73.194092,42.715141],[-73.194016,42.71521],[-73.193893,42.715317],[-73.193764,42.715427],[-73.193626,42.715549],[-73.193558,42.715611],[-73.194496,42.716187],[-73.19503,42.716515],[-73.195396,42.716591],[-73.195808,42.716686],[-73.19635,42.716801],[-73.19696,42.716934],[-73.196999,42.716942],[-73.197105,42.716965],[-73.1983991135238,42.7172834623906],[-73.198572875882,42.7172718564858],[-73.1987150450842,42.717074555772],[-73.1993716841771,42.7152048295236],[-73.20076009633513,42.71150755302784],[-73.20204225567598,42.71186762274692],[-73.202166443884,42.71189475120323],[-73.20239468167242,42.71136204480888],[-73.2026061372707,42.71141383590847],[-73.202604,42.711411],[-73.202382,42.711364],[-73.202192,42.711841],[-73.202164,42.711898],[-73.202083,42.711876],[-73.201071,42.711587],[-73.200919,42.711546],[-73.200766,42.711508],[-73.20068,42.71149],[-73.2006,42.711472],[-73.200095,42.71137],[-73.199712,42.711292],[-73.199506,42.711251],[-73.199564,42.711116],[-73.199647,42.710913],[-73.199564,42.711116],[-73.199506,42.711251],[-73.199712,42.711292],[-73.200095,42.71137],[-73.2006,42.711472],[-73.20068,42.71149],[-73.200766,42.711508],[-73.200919,42.711546],[-73.201071,42.711587],[-73.202083,42.711876],[-73.202164,42.711898],[-73.202536,42.712004],[-73.202779,42.712069],[-73.203008,42.712132],[-73.203085,42.712152],[-73.203113,42.712161],[-73.203448,42.712255],[-73.203577,42.712292],[-73.203898,42.712385],[-73.20421,42.712477],[-73.204386,42.712526],[-73.204481,42.712553],[-73.204613,42.712588],[-73.204822,42.71264],[-73.205017,42.712682],[-73.205207,42.71272],[-73.205463,42.712767],[-73.205546,42.712781],[-73.205924,42.712846],[-73.206075,42.712875],[-73.206241,42.712904],[-73.206326,42.71292],[-73.206449,42.712939],[-73.207099,42.713076],[-73.207641,42.713191],[-73.207745,42.713213],[-73.208725,42.713424],[-73.208877,42.713452],[-73.209021,42.713471],[-73.20909,42.713487],[-73.209152,42.713508],[-73.209218,42.713536],[-73.209274,42.713568],[-73.209324,42.713609],[-73.209347,42.713639],[-73.209385,42.713673],[-73.209419,42.713692],[-73.209471,42.713713],[-73.20953,42.713732],[-73.209582,42.713745],[-73.20964,42.713759],[-73.210052,42.713849],[-73.210781,42.714009],[-73.210897,42.714033],[-73.210956,42.71404],[-73.211009,42.714038],[-73.211065,42.714028],[-73.211132,42.714007],[-73.211196,42.713966],[-73.211239,42.71392],[-73.211268,42.713867],[-73.211319,42.713828],[-73.211381,42.713786],[-73.211453,42.713742],[-73.211527,42.713703],[-73.211604,42.713665],[-73.211695,42.713628],[-73.21199,42.713553],[-73.212275,42.713486],[-73.212555,42.713423],[-73.213492,42.713232],[-73.213711,42.713181],[-73.21391,42.71313],[-73.214081,42.713075],[-73.214239,42.713008],[-73.214392,42.712927],[-73.214537,42.712831],[-73.214685,42.712716],[-73.2152,42.71231],[-73.215335,42.712209],[-73.215467,42.712115],[-73.215602,42.712023],[-73.215744,42.711928],[-73.21591,42.711828],[-73.216069,42.711738],[-73.216218,42.711659],[-73.216355,42.711597],[-73.216499,42.711543],[-73.216655,42.711495],[-73.216811,42.711456],[-73.216977,42.711421],[-73.217119,42.711393],[-73.217579,42.711309],[-73.217807,42.711265],[-73.218007,42.711217],[-73.218217,42.711157],[-73.218428,42.711088],[-73.218611,42.711022],[-73.218804,42.710944],[-73.21899,42.710857],[-73.219169,42.710766],[-73.220049,42.710306],[-73.220218,42.710213],[-73.220374,42.71012],[-73.220516,42.710028],[-73.220641,42.709932],[-73.220762,42.709827],[-73.220857,42.709728],[-73.22094,42.709633],[-73.221026,42.709523],[-73.221114,42.709401],[-73.221194,42.709287],[-73.221275,42.709165],[-73.221381,42.709006],[-73.221478,42.708853],[-73.221581,42.708682],[-73.221659,42.708544],[-73.221728,42.70841],[-73.221792,42.708274],[-73.221851,42.708128],[-73.221891,42.708015],[-73.221914,42.707946],[-73.221954,42.707795],[-73.221987,42.707642],[-73.222014,42.707475],[-73.222062,42.707164],[-73.222347,42.705124],[-73.222359,42.705023],[-73.222506,42.703841],[-73.222528,42.703642],[-73.222555,42.703443],[-73.222564,42.703381]]}},{"type":"Feature","properties":{"agency":"Link413","shape_id":"p_1436578"},"geometry":{"type":"LineString","coordinates":[[-73.222566,42.703373],[-73.222555,42.703443],[-73.222528,42.703642],[-73.222506,42.703841],[-73.222359,42.705023],[-73.222347,42.705124],[-73.222062,42.707164],[-73.222014,42.707475],[-73.221987,42.707642],[-73.221954,42.707795],[-73.221914,42.707946],[-73.221891,42.708015],[-73.221851,42.708128],[-73.221792,42.708274],[-73.221728,42.70841],[-73.221659,42.708544],[-73.221581,42.708682],[-73.221478,42.708853],[-73.221381,42.709006],[-73.221275,42.709165],[-73.221194,42.709287],[-73.221114,42.709401],[-73.221026,42.709523],[-73.22094,42.709633],[-73.220857,42.709728],[-73.220762,42.709827],[-73.220641,42.709932],[-73.220516,42.710028],[-73.220374,42.71012],[-73.220218,42.710213],[-73.220049,42.710306],[-73.219169,42.710766],[-73.21899,42.710857],[-73.218804,42.710944],[-73.218611,42.711022],[-73.218428,42.711088],[-73.218217,42.711157],[-73.218007,42.711217],[-73.217807,42.711265],[-73.217579,42.711309],[-73.217119,42.711393],[-73.216977,42.711421],[-73.216811,42.711456],[-73.216655,42.711495],[-73.216499,42.711543],[-73.216355,42.711597],[-73.216218,42.711659],[-73.216069,42.711738],[-73.21591,42.711828],[-73.215744,42.711928],[-73.215602,42.712023],[-73.215467,42.712115],[-73.215335,42.712209],[-73.2152,42.71231],[-73.214685,42.712716],[-73.214537,42.712831],[-73.214392,42.712927],[-73.214239,42.713008],[-73.214081,42.713075],[-73.21391,42.71313],[-73.213711,42.713181],[-73.213492,42.713232],[-73.212555,42.713423],[-73.212275,42.713486],[-73.21199,42.713553],[-73.211695,42.713628],[-73.211455,42.713684],[-73.211379,42.713694],[-73.211314,42.71369],[-73.211245,42.713679],[-73.211188,42.713661],[-73.211126,42.713638],[-73.211031,42.71361],[-73.210929,42.713585],[-73.210607,42.713513],[-73.210493,42.713487],[-73.210228,42.713427],[-73.209686,42.713305],[-73.209621,42.7133],[-73.209606,42.713301],[-73.209561,42.713301],[-73.209509,42.713309],[-73.209461,42.713323],[-73.209411,42.713345],[-73.209366,42.713379],[-73.209321,42.713414],[-73.20927,42.713443],[-73.209211,42.713465],[-73.209152,42.713474],[-73.209093,42.713476],[-73.209021,42.713471],[-73.208877,42.713452],[-73.208725,42.713424],[-73.207745,42.713213],[-73.207641,42.713191],[-73.207099,42.713076],[-73.206449,42.712939],[-73.206326,42.71292],[-73.206241,42.712904],[-73.206075,42.712875],[-73.205924,42.712846],[-73.205546,42.712781],[-73.205463,42.712767],[-73.205207,42.71272],[-73.205017,42.712682],[-73.204822,42.71264],[-73.204613,42.712588],[-73.204481,42.712553],[-73.204386,42.712526],[-73.20421,42.712477],[-73.203898,42.712385],[-73.203577,42.712292],[-73.203448,42.712255],[-73.203113,42.712161],[-73.203085,42.712152],[-73.203008,42.712132],[-73.202779,42.712069],[-73.202536,42.712004],[-73.20256,42.711948],[-73.202634,42.71177],[-73.202766,42.711446],[-73.202604,42.711411],[-73.2025996898858,42.7114116134282],[-73.2027501400737,42.71144936141698],[-73.2025409776178,42.71200479345816],[-73.202179,42.711895],[-73.201073,42.711586],[-73.20092,42.711548],[-73.200768,42.71151],[-73.200638,42.711845],[-73.200195,42.713039],[-73.199913,42.713799],[-73.19989,42.713863],[-73.199791,42.714134],[-73.199455,42.715031],[-73.199127,42.715931],[-73.199081,42.716049],[-73.197922,42.71582],[-73.197823,42.715839],[-73.197739,42.715916],[-73.197693,42.715954],[-73.197411,42.717026],[-73.197197,42.716984],[-73.197243,42.716991],[-73.196999,42.716942],[-73.19696,42.716934],[-73.19635,42.716801],[-73.195808,42.716686],[-73.195396,42.716591],[-73.195168,42.716545],[-73.19503,42.716515],[-73.194496,42.716187],[-73.193558,42.715611],[-73.193626,42.715549],[-73.193764,42.715427],[-73.193893,42.715317],[-73.194016,42.71521],[-73.194092,42.715141],[-73.194138,42.715099],[-73.194275,42.714981],[-73.194405,42.714859],[-73.194542,42.714741],[-73.194603,42.714687],[-73.194664,42.714634],[-73.194786,42.714527],[-73.194916,42.71442],[-73.195015,42.714333],[-73.195213,42.714149],[-73.195427,42.713982],[-73.195511,42.713898],[-73.19558,42.713818],[-73.195641,42.713745],[-73.195686,42.713661],[-73.195938,42.713196],[-73.196091,42.712914],[-73.196632,42.711929],[-73.196922,42.711407],[-73.197128,42.711082],[-73.197166,42.711021],[-73.197289,42.710808],[-73.197243,42.7108],[-73.197189,42.710789],[-73.196777,42.710705],[-73.196579,42.71067],[-73.196404,42.710629],[-73.196236,42.710579],[-73.196091,42.710522],[-73.195946,42.710457],[-73.195801,42.710381],[-73.195679,42.7103],[-73.195564,42.710213],[-73.195099,42.709858],[-73.194817,42.709637],[-73.194534,42.709419],[-73.194344,42.709278],[-73.194153,42.709141],[-73.193932,42.708981],[-73.193703,42.70882],[-73.193436,42.70863],[-73.193214,42.708481],[-73.192986,42.708317],[-73.191895,42.707558],[-73.191757,42.707462],[-73.191635,42.707367],[-73.191498,42.707264],[-73.191353,42.707146],[-73.191246,42.70705],[-73.191132,42.706947],[-73.191017,42.706841],[-73.191055,42.706814],[-73.191086,42.706787],[-73.191109,42.706753],[-73.191116,42.706718],[-73.191116,42.7066],[-73.191124,42.706505],[-73.191147,42.706398],[-73.191246,42.706032],[-73.191299,42.705833],[-73.191322,42.705753],[-73.191338,42.705673],[-73.191345,42.705593],[-73.191338,42.705524],[-73.191322,42.705452],[-73.191292,42.705376],[-73.191254,42.705303],[-73.191208,42.705242],[-73.191139,42.705177],[-73.191063,42.70512],[-73.190392,42.704662],[-73.190063,42.704433],[-73.189751,42.704216],[-73.189453,42.704018],[-73.189224,42.703869],[-73.188789,42.703583],[-73.187485,42.702744],[-73.187408,42.702694],[-73.186989,42.702415],[-73.186882,42.702347],[-73.186783,42.70229],[-73.186745,42.702271],[-73.186699,42.702244],[-73.186607,42.702206],[-73.186516,42.702175],[-73.186424,42.702145],[-73.18631,42.70211],[-73.18615,42.702068],[-73.185883,42.702007],[-73.185516,42.701923],[-73.185493,42.70192],[-73.185379,42.701893],[-73.185135,42.701843],[-73.18502,42.701828],[-73.184952,42.701824],[-73.184875,42.701824],[-73.184807,42.701832],[-73.184746,42.701847],[-73.184677,42.701881],[-73.184631,42.70192],[-73.184578,42.701962],[-73.184357,42.701889],[-73.184128,42.701824],[-73.183899,42.701771],[-73.183685,42.701729],[-73.183472,42.701694],[-73.18325,42.701672],[-73.183037,42.701656],[-73.182838,42.701645],[-73.182152,42.701599],[-73.181877,42.701584],[-73.179031,42.701412],[-73.178421,42.701374],[-73.178108,42.701355],[-73.176262,42.701244],[-73.176117,42.701237],[-73.17524,42.701183],[-73.172455,42.701015],[-73.172203,42.701],[-73.170845,42.700916],[-73.170502,42.700897],[-73.170166,42.700871],[-73.169807,42.700844],[-73.169449,42.700817],[-73.169098,42.700787],[-73.16877,42.700756],[-73.168442,42.700722],[-73.168106,42.700684],[-73.167816,42.700657],[-73.167549,42.700626],[-73.167259,42.700592],[-73.166946,42.700542],[-73.166603,42.700489],[-73.166191,42.700424],[-73.166153,42.700417],[-73.166196,42.70026],[-73.166094,42.700246],[-73.165877,42.700216],[-73.165628,42.700183],[-73.165439,42.700157],[-73.165404,42.70029],[-73.165261,42.700266],[-73.165,42.700219],[-73.164734,42.700166],[-73.164491,42.700104],[-73.164253,42.700039],[-73.163192,42.699734],[-73.162956,42.699669],[-73.162698,42.699604],[-73.162434,42.699545],[-73.162199,42.699504],[-73.161952,42.699471],[-73.161717,42.699445],[-73.161486,42.699429],[-73.161258,42.699423],[-73.161037,42.699427],[-73.160818,42.699439],[-73.160576,42.699461],[-73.160284,42.699495],[-73.159373,42.699603],[-73.157005,42.699874],[-73.156426,42.699941],[-73.156287,42.699954],[-73.156135,42.699961],[-73.155987,42.699954],[-73.155832,42.699947],[-73.155688,42.699924],[-73.155537,42.699899],[-73.155392,42.699857],[-73.155212,42.699792],[-73.155029,42.699723],[-73.153611,42.699171],[-73.153444,42.699106],[-73.153187,42.699006],[-73.153086,42.698967],[-73.152831,42.698873],[-73.152579,42.698785],[-73.152334,42.698708],[-73.152089,42.69864],[-73.151845,42.698582],[-73.151602,42.698535],[-73.151338,42.698496],[-73.151061,42.698465],[-73.150614,42.698421],[-73.150548,42.698414],[-73.14961,42.698321],[-73.148738,42.698237],[-73.148607,42.698223],[-73.147722,42.698133],[-73.147376,42.698098],[-73.147126,42.698078],[-73.146861,42.698064],[-73.146588,42.698053],[-73.14659906853892,42.69720980916625],[-73.14527111680196,42.69719566460006],[-73.145281,42.697373],[-73.145253,42.698024],[-73.143908,42.697997],[-73.143504,42.697989],[-73.142616,42.697972],[-73.141724,42.697954],[-73.141316,42.697946],[-73.141094,42.697943],[-73.14089,42.697946],[-73.140671,42.697957],[-73.140467,42.69797],[-73.140257,42.697992],[-73.140039,42.69802],[-73.139651,42.698073],[-73.139518,42.698091],[-73.138327,42.698253],[-73.137129,42.698415],[-73.137007,42.698431],[-73.134823,42.698727],[-73.13467,42.698742],[-73.134513,42.698753],[-73.134352,42.698758],[-73.134177,42.698755],[-73.134082,42.698747],[-73.133901,42.698726],[-73.133025,42.698599],[-73.132939,42.698586],[-73.131947,42.698441],[-73.131791,42.698422],[-73.131633,42.698409],[-73.131476,42.698407],[-73.131306,42.698421],[-73.131154,42.698445],[-73.13099,42.698487],[-73.130814,42.698541],[-73.129555,42.698932],[-73.127802,42.699472],[-73.127364,42.699604],[-73.12716,42.699669],[-73.12695,42.699739],[-73.126723,42.699819],[-73.126498,42.699905],[-73.125538,42.700278],[-73.125414,42.700328],[-73.12529,42.700379],[-73.12518,42.700428],[-73.12505,42.700492],[-73.1249,42.700571],[-73.124349,42.700877],[-73.12421,42.700944],[-73.124073,42.700998],[-73.123929,42.701043],[-73.123785,42.701069],[-73.123626,42.701084],[-73.123487,42.701086],[-73.123349,42.701079],[-73.123191,42.701056],[-73.123042,42.701018],[-73.122905,42.700968],[-73.12243,42.700773],[-73.121987,42.700592],[-73.121829,42.700533],[-73.121674,42.700487],[-73.121515,42.700452],[-73.121352,42.700428],[-73.12117,42.700408],[-73.120975,42.700396],[-73.120791,42.700388],[-73.120575,42.700385],[-73.119108,42.70038],[-73.116134,42.700378],[-73.115888,42.700333],[-73.1158,42.700309],[-73.115717,42.700276],[-73.115673,42.700252],[-73.115625,42.700221],[-73.115571,42.7002],[-73.115523,42.700186],[-73.115473,42.700162],[-73.115284,42.700045],[-73.114867,42.699785],[-73.114819,42.699761],[-73.114767,42.699739],[-73.114531,42.699646],[-73.114446,42.699575],[-73.11416,42.699427],[-73.114081,42.699391],[-73.113979,42.699352],[-73.113879,42.699321],[-73.113764,42.699298],[-73.112953,42.699156],[-73.112146,42.699022],[-73.111836,42.69897]]}},{"type":"Feature","properties":{"agency":"Link413","shape_id":"p_1436579"},"geometry":{"type":"LineString","coordinates":[[-73.254527,42.451721],[-73.254589,42.451729],[-73.254777,42.451755],[-73.254928,42.451775],[-73.255131,42.451803],[-73.255255,42.451576],[-73.255302,42.451512],[-73.255545,42.451335],[-73.255852,42.451206],[-73.256156,42.451142],[-73.256443,42.45111],[-73.256771,42.451077],[-73.256917,42.451053],[-73.25707,42.451015],[-73.257212,42.45097],[-73.257354,42.450916],[-73.257502,42.450851],[-73.25763,42.450776],[-73.257783,42.450671],[-73.257958,42.45053],[-73.258767,42.449853],[-73.25891,42.449741],[-73.259039,42.449656],[-73.259135,42.449604],[-73.259218,42.449565],[-73.2593,42.449532],[-73.259386,42.449503],[-73.25948,42.449479],[-73.259554,42.449464],[-73.259687,42.449447],[-73.259775,42.449442],[-73.259893,42.449437],[-73.260016,42.449439],[-73.260148,42.449446],[-73.260561,42.449487],[-73.260702,42.449512],[-73.261207,42.449595],[-73.261766,42.449688],[-73.261998,42.449727],[-73.262096,42.449744],[-73.262943,42.449893],[-73.263153,42.44993],[-73.263384,42.449966],[-73.263768,42.450028],[-73.263992,42.450064],[-73.264306,42.450118],[-73.265023,42.450223],[-73.265188,42.450248],[-73.266024,42.450374],[-73.266187,42.450398],[-73.266299,42.450415],[-73.267127,42.450538],[-73.267991,42.450656],[-73.268073,42.450667],[-73.268263,42.450689],[-73.268764,42.450746],[-73.26942,42.450824],[-73.270615,42.450989],[-73.270758,42.451007],[-73.271556,42.451108],[-73.272353,42.451198],[-73.272741,42.451232],[-73.272931,42.451248],[-73.272951,42.45125],[-73.27312,42.451266],[-73.273554,42.451307],[-73.27459,42.451437],[-73.275659,42.451597],[-73.276597,42.451734],[-73.277165,42.451814],[-73.277485,42.451871],[-73.278717,42.452089],[-73.279894,42.452286],[-73.280969,42.452436],[-73.281073,42.452451],[-73.282079,42.452573],[-73.283315,42.452729],[-73.283401,42.452741],[-73.284112,42.452842],[-73.284159,42.452849],[-73.284948,42.452962],[-73.285876,42.453115],[-73.287161,42.453321],[-73.287191,42.453326],[-73.288185,42.453487],[-73.288552,42.453548],[-73.289081,42.453635],[-73.289207,42.453655],[-73.29049,42.453862],[-73.291976,42.454092],[-73.292268,42.454137],[-73.293235,42.454286],[-73.29353,42.454332],[-73.294411,42.454461],[-73.298111,42.455049],[-73.298352,42.455084],[-73.303381,42.455877],[-73.304372,42.456034],[-73.307366,42.456512],[-73.308688,42.456705],[-73.314467,42.457569],[-73.314497,42.457733],[-73.314507,42.457878],[-73.314501,42.457995],[-73.314485,42.458112],[-73.314464,42.458211],[-73.31443,42.458311],[-73.314371,42.458438],[-73.31429,42.4586],[-73.314407,42.458639],[-73.314545,42.45868],[-73.314775,42.458735],[-73.314928,42.458763],[-73.315024,42.458763]]}},{"type":"Feature","properties":{"agency":"Link413","shape_id":"p_1436582"},"geometry":{"type":"LineString","coordinates":[[-73.254527,42.451721],[-73.254154,42.451671],[-73.253705,42.45161],[-73.253467,42.451577],[-73.253156,42.451533],[-73.253184,42.451413],[-73.253498,42.450275],[-73.253623,42.449827],[-73.253722,42.449468],[-73.253882,42.448887],[-73.253985,42.448532],[-73.25403,42.448364],[-73.253965,42.448318],[-73.253946,42.448306],[-73.253876,42.44825],[-73.253811,42.448201],[-73.253757,42.448167],[-73.2537,42.448139],[-73.253631,42.448113],[-73.253559,42.44809],[-73.253422,42.448053],[-73.253269,42.448029],[-73.253147,42.448019],[-73.253036,42.448017],[-73.252923,42.44803],[-73.252828,42.448059],[-73.252682,42.448118],[-73.252598,42.448148],[-73.252515,42.44816],[-73.252432,42.448162],[-73.252353,42.448153],[-73.251947,42.44809],[-73.251222,42.447979],[-73.25062,42.447886],[-73.250049,42.447798],[-73.249717,42.447738],[-73.248949,42.447636],[-73.248424,42.447561],[-73.246889,42.447291],[-73.245829,42.447087],[-73.245121,42.446953],[-73.245011,42.446942],[-73.24494,42.446941],[-73.244885,42.446944],[-73.244829,42.446953],[-73.244734,42.446971],[-73.244657,42.446996],[-73.244569,42.447033],[-73.244095,42.447256],[-73.243481,42.447565],[-73.242628,42.447931],[-73.242263,42.448097],[-73.242114,42.448165],[-73.241489,42.448456],[-73.241241,42.44857],[-73.241044,42.448653],[-73.240639,42.44884],[-73.239869,42.449188],[-73.239288,42.449452],[-73.237297,42.450374],[-73.237063,42.450486],[-73.236778,42.450613],[-73.236375,42.450787],[-73.236005,42.450935],[-73.234271,42.451553],[-73.234269,42.451553],[-73.233849,42.451698],[-73.233215,42.451901],[-73.232197,42.452213],[-73.231665,42.452365],[-73.230922,42.452578],[-73.230474,42.452712],[-73.23013,42.452794],[-73.229781,42.452855],[-73.229708,42.452862],[-73.229658,42.452863],[-73.22961,42.452857],[-73.229574,42.45285],[-73.229536,42.452838],[-73.229502,42.452824],[-73.229469,42.452802],[-73.229417,42.452767],[-73.229336,42.452725],[-73.229249,42.452696],[-73.22919,42.452691],[-73.229131,42.45269],[-73.229087,42.452694],[-73.229034,42.452704],[-73.22898,42.452716],[-73.228813,42.452765],[-73.228434,42.45283],[-73.227926,42.452907],[-73.227602,42.452962],[-73.227277,42.453012],[-73.227013,42.453051],[-73.226872,42.453073],[-73.226685,42.453094],[-73.226521,42.453107],[-73.22614,42.45314],[-73.225723,42.453166],[-73.224984,42.453205],[-73.224321,42.453252],[-73.223602,42.453306],[-73.223076,42.453345],[-73.222882,42.453359],[-73.222795,42.453367],[-73.222708,42.453374],[-73.222621,42.453382],[-73.222445,42.453402],[-73.222357,42.453413],[-73.222225,42.453429],[-73.222159,42.453439],[-73.222104,42.45345],[-73.222051,42.453463],[-73.221997,42.453476],[-73.221944,42.453489],[-73.22184,42.453517],[-73.221798,42.45353],[-73.221756,42.453542],[-73.221714,42.453555],[-73.221591,42.453597],[-73.221124,42.453777],[-73.220975,42.453828],[-73.220878,42.453861],[-73.220783,42.453889],[-73.220678,42.453916],[-73.220579,42.453939],[-73.220476,42.453961],[-73.220389,42.453975],[-73.220296,42.453989],[-73.220182,42.454],[-73.220073,42.454008],[-73.21994,42.454013],[-73.219579,42.454023],[-73.219025,42.454035],[-73.218687,42.454042],[-73.218406,42.454052],[-73.218202,42.454063],[-73.217994,42.454077],[-73.217739,42.454099],[-73.217251,42.454156],[-73.217066,42.454179],[-73.21592,42.454323],[-73.215394,42.45439],[-73.214947,42.454446],[-73.214246,42.454531],[-73.214141,42.454544],[-73.213598,42.454612],[-73.213302,42.454645],[-73.213246,42.454651],[-73.213256,42.455],[-73.213258,42.455061],[-73.21325,42.455296],[-73.213231,42.4556],[-73.213176,42.455855],[-73.213172,42.455915],[-73.213179,42.455966],[-73.213197,42.456025],[-73.213229,42.45607],[-73.213256,42.456101],[-73.213297,42.456128],[-73.213353,42.456153],[-73.213471,42.456166],[-73.213266,42.45633],[-73.213069,42.456493],[-73.212811,42.45671],[-73.21267,42.45682],[-73.212437,42.457],[-73.212289,42.457119],[-73.21152,42.457764],[-73.211262,42.457983],[-73.210812,42.458367],[-73.210109,42.458964],[-73.209991,42.459068],[-73.209929,42.459121],[-73.209796,42.459241],[-73.209775,42.45926],[-73.209627,42.459398],[-73.209485,42.459534],[-73.209357,42.459668],[-73.209235,42.4598],[-73.209111,42.459937],[-73.2087,42.460406],[-73.208351,42.460804],[-73.207621,42.461636],[-73.207369,42.461932],[-73.207248,42.462082],[-73.207129,42.462239],[-73.207017,42.462395],[-73.206915,42.462545],[-73.206818,42.462693],[-73.206721,42.462852],[-73.206617,42.463025],[-73.206521,42.463194],[-73.206431,42.463365],[-73.206344,42.463542],[-73.206208,42.463824],[-73.206114,42.464014],[-73.206022,42.464192],[-73.205961,42.46431],[-73.205933,42.464364],[-73.205844,42.464524],[-73.205758,42.464668],[-73.205652,42.464829],[-73.205583,42.464932],[-73.205414,42.465185],[-73.2054,42.465206],[-73.205316,42.465263],[-73.205264,42.465306],[-73.205218,42.465358],[-73.204959,42.465698],[-73.204863,42.465832],[-73.204641,42.466154],[-73.204627,42.466171],[-73.204452,42.466426],[-73.204406,42.466499],[-73.20482530515665,42.46670673844187],[-73.20507009102107,42.46688255744832],[-73.20526431137993,42.4671250569929],[-73.20538470511167,42.4672815873825],[-73.20538458790469,42.467934625548025],[-73.20541311614669,42.46800226696829],[-73.20540496521829,42.46808644285787],[-73.2053784747121,42.468149574695246],[-73.20511264107614,42.468261836633616],[-73.20514665211003,42.468414381306815],[-73.20520530346191,42.46847300339519],[-73.20530922776568,42.46843993451577],[-73.205585113796,42.46843741002235],[-73.20558349231811,42.46842978797375],[-73.206062,42.468421],[-73.206092,42.468261],[-73.205741,42.468189],[-73.205596,42.468112],[-73.205558,42.468074],[-73.205528,42.468032],[-73.20549,42.467929],[-73.20549,42.467636],[-73.205497,42.46735],[-73.205482,42.467269],[-73.205459,42.467193],[-73.205368,42.467056],[-73.205299,42.466957],[-73.205162,42.46701],[-73.203765,42.46762],[-73.203529,42.467731],[-73.20243,42.4682],[-73.201683,42.468517],[-73.201141,42.468711],[-73.200454,42.468929],[-73.199333,42.469261],[-73.198501,42.469463],[-73.197647,42.469642],[-73.19667,42.469802],[-73.196632,42.469669],[-73.19654,42.469375],[-73.196456,42.469093],[-73.196441,42.468711],[-73.196464,42.468585],[-73.196495,42.468524],[-73.196594,42.46841],[-73.196655,42.468368],[-73.196983,42.468223],[-73.19728,42.468124],[-73.198030120377,42.467791372912],[-73.199342699753,42.467219914274],[-73.200041293671,42.466922261077],[-73.200114276474,42.466768604797],[-73.199971784409,42.466223058453],[-73.200012513245,42.466032256734],[-73.200363835999,42.465635764132],[-73.200192174622,42.465076892813],[-73.199693410728,42.465143788349],[-73.199331376003,42.465117877076],[-73.197875,42.465274],[-73.197814,42.465282],[-73.197731,42.465293],[-73.197608,42.465335],[-73.197746,42.4659],[-73.197746,42.465984],[-73.197738,42.466056],[-73.197708,42.466136],[-73.197593,42.46627],[-73.197402,42.466392],[-73.19725,42.466537],[-73.197166,42.466705],[-73.197036,42.46709],[-73.197036,42.467212],[-73.197204,42.467918],[-73.197013,42.468002],[-73.196289,42.468261],[-73.196166,42.46833],[-73.196121,42.468379],[-73.19593,42.46817],[-73.195678,42.467967],[-73.195365,42.467792],[-73.194808,42.467548],[-73.194396,42.467369],[-73.193984,42.467159],[-73.193756,42.466999],[-73.193481,42.466739],[-73.193351,42.466548],[-73.193206,42.466262],[-73.192634,42.464992],[-73.19252,42.464847],[-73.192321,42.464645],[-73.192062,42.464447],[-73.191322,42.464019],[-73.189659,42.463092],[-73.18943,42.462947],[-73.189224,42.462791],[-73.189018,42.462585],[-73.188888,42.462398],[-73.188796,42.462203],[-73.188735,42.462001],[-73.188697,42.461799],[-73.188697,42.461563],[-73.188751,42.461196],[-73.188812,42.460964],[-73.188903,42.460563],[-73.188941,42.460353],[-73.189109,42.459705],[-73.189346,42.459739],[-73.189888,42.459785],[-73.191864,42.460067],[-73.192285895348,42.460126358989],[-73.192701637745,42.460156040869],[-73.192991316319,42.460158019661],[-73.193415105343,42.460120422611],[-73.193720877171,42.460070952774],[-73.194136619568,42.45997399178],[-73.194630146027,42.459880988237],[-73.195011019707,42.459867136633],[-73.195319473743,42.459875051836]]}},{"type":"Feature","properties":{"agency":"Link413","shape_id":"p_1436584"},"geometry":{"type":"LineString","coordinates":[[-73.195349,42.45994],[-73.195364,42.459877],[-73.195208,42.459869],[-73.195039,42.459867],[-73.194878,42.459871],[-73.194717,42.45988],[-73.194546,42.459899],[-73.194372,42.459927],[-73.194197,42.459962],[-73.193838,42.460046],[-73.193674,42.460079],[-73.193505,42.460107],[-73.193344,42.460128],[-73.19318,42.460145],[-73.193008,42.460156],[-73.192828,42.46016],[-73.19266,42.460156],[-73.192452,42.460143],[-73.192259,42.460124],[-73.19206,42.460097],[-73.191861,42.460069],[-73.191357,42.459997],[-73.190575,42.459885],[-73.18989,42.459785],[-73.189626,42.459716],[-73.189487,42.459687],[-73.189369,42.459659],[-73.18925,42.459639],[-73.189183,42.459626],[-73.189139,42.459618],[-73.189413,42.458591],[-73.189456,42.458428],[-73.19001,42.456344],[-73.190181,42.455716],[-73.190383,42.454966],[-73.190554,42.454248],[-73.190719,42.453662],[-73.190859,42.453129],[-73.190885,42.453042],[-73.190986,42.452602],[-73.190996,42.452455],[-73.191,42.452358],[-73.190998,42.452185],[-73.191027,42.451967],[-73.191053,42.451826],[-73.191099,42.451658],[-73.191345,42.450754],[-73.191434,42.450444],[-73.191691,42.449533],[-73.191965,42.448586],[-73.191988,42.448507],[-73.192171,42.447834],[-73.192235,42.447597],[-73.192437,42.446888],[-73.19251,42.446632],[-73.192566,42.446438],[-73.192616,42.446267],[-73.192665,42.446101],[-73.192731,42.445874],[-73.192882,42.445335],[-73.192887,42.445316],[-73.192917,42.445212],[-73.193064,42.444701],[-73.193132,42.444464],[-73.193221,42.44415],[-73.19323,42.444117],[-73.193328,42.443771],[-73.193333,42.443754],[-73.193407,42.443492],[-73.193519,42.443096],[-73.193803,42.442094],[-73.193814,42.442057],[-73.193993,42.441439],[-73.194059,42.44121],[-73.194271,42.440447],[-73.194357,42.44014],[-73.194451,42.439814],[-73.194604,42.439289],[-73.194681,42.439024],[-73.194844,42.438407],[-73.194989,42.437914],[-73.195057,42.437683],[-73.195156,42.437317],[-73.195199,42.437176],[-73.195258,42.436978],[-73.195351,42.436611],[-73.195374,42.436532],[-73.19543,42.436342],[-73.195534,42.435965],[-73.19573,42.435275],[-73.195783,42.435096],[-73.196024,42.434285],[-73.196251,42.433467],[-73.196356,42.433095],[-73.196411,42.432899],[-73.196496,42.432594],[-73.196586,42.432275],[-73.196798,42.431532],[-73.196989,42.430869],[-73.196997,42.430844],[-73.19719,42.430116],[-73.197201,42.430073],[-73.197223,42.429989],[-73.197235,42.429939],[-73.197312,42.429864],[-73.197345,42.429851],[-73.197376,42.429843],[-73.197467,42.429828],[-73.19753,42.429824],[-73.197593,42.429824],[-73.197655,42.429827],[-73.197718,42.429833],[-73.197775,42.429841],[-73.197832,42.429851],[-73.197889,42.429862],[-73.198166,42.429906],[-73.19889,42.43003],[-73.199612,42.430154],[-73.199725,42.430172],[-73.200566,42.430308],[-73.201697,42.430496],[-73.201736,42.430503],[-73.202021,42.430547],[-73.202649,42.430646],[-73.202763,42.430664],[-73.203378,42.43076],[-73.204222,42.430889],[-73.204907,42.431004],[-73.205827,42.43115],[-73.205864,42.431156],[-73.206107,42.431195],[-73.206406,42.431245],[-73.206682,42.431285],[-73.207486,42.431405],[-73.208492,42.431572],[-73.208723,42.431605],[-73.209554,42.431748],[-73.2103,42.431864],[-73.210513,42.431897],[-73.21153,42.43204],[-73.211847,42.432079],[-73.212889,42.432245],[-73.213558,42.43235],[-73.213804,42.432389],[-73.214139,42.432443],[-73.215376,42.432639],[-73.215551,42.432666],[-73.215725,42.432692],[-73.215765,42.432751],[-73.21585,42.432853],[-73.215888,42.432922],[-73.215936,42.432986],[-73.216028,42.43303],[-73.216559,42.433366],[-73.217502,42.433988],[-73.218449,42.434601],[-73.21932,42.43517],[-73.219385,42.435213],[-73.220172,42.435726],[-73.22025,42.435779],[-73.221195,42.436417],[-73.221218,42.436433],[-73.222207,42.437092],[-73.222462,42.437262],[-73.223173,42.437735],[-73.223315,42.437835],[-73.224144,42.438364],[-73.224343,42.438485],[-73.225085,42.438968],[-73.225112,42.438985],[-73.225405,42.439182],[-73.225894,42.439509],[-73.226389,42.439833],[-73.226699,42.440035],[-73.227571,42.440605],[-73.228106,42.440952],[-73.228155,42.440985],[-73.228485,42.441208],[-73.228669,42.441332],[-73.229233,42.441712],[-73.229564,42.441917],[-73.229728,42.442022],[-73.230084,42.442253],[-73.230232,42.442336],[-73.230352,42.442401],[-73.230386,42.44242],[-73.23055,42.442485],[-73.230737,42.44253],[-73.230771,42.442538],[-73.231242,42.442635],[-73.231791,42.442749],[-73.232139,42.442811],[-73.233029,42.442979],[-73.233821,42.443128],[-73.234722,42.44329],[-73.234768,42.443299],[-73.234961,42.443337],[-73.235156,42.443377],[-73.235279,42.443401],[-73.235921,42.443525],[-73.23603,42.443546],[-73.236173,42.44357],[-73.236387,42.443606],[-73.237182,42.443753],[-73.238295,42.443966],[-73.238383,42.443983],[-73.23872,42.444048],[-73.239167,42.444136],[-73.239561,42.444202],[-73.239635,42.44421],[-73.239701,42.444217],[-73.239983,42.444244],[-73.240621,42.444288],[-73.240995,42.444315],[-73.241583,42.444363],[-73.241938,42.44439],[-73.242367,42.444448],[-73.242562,42.444475],[-73.242718,42.444499],[-73.242869,42.444527],[-73.24303,42.444562],[-73.243143,42.444589],[-73.243318,42.444637],[-73.243363,42.444649],[-73.243449,42.444677],[-73.243563,42.444724],[-73.243633,42.444759],[-73.24369,42.444795],[-73.243735,42.444825],[-73.243803,42.444884],[-73.24386,42.444948],[-73.243913,42.445018],[-73.244053,42.44525],[-73.244104,42.445331],[-73.244403,42.44583],[-73.244815,42.446452],[-73.244803,42.446525],[-73.244901,42.446687],[-73.245002,42.446855],[-73.245026,42.446894],[-73.245121,42.446953],[-73.245187,42.447024],[-73.245204,42.447054],[-73.245214,42.447084],[-73.245346,42.447116],[-73.245486,42.447148],[-73.245831,42.447218],[-73.246,42.447252],[-73.246218,42.447296],[-73.246738,42.447396],[-73.246846,42.447417],[-73.247273,42.447493],[-73.247821,42.447589],[-73.248265,42.447668],[-73.248392,42.447691],[-73.249684,42.447881],[-73.250014,42.44793],[-73.250558,42.448013],[-73.251015,42.448079],[-73.251186,42.448103],[-73.251916,42.448201],[-73.25217,42.448243],[-73.252327,42.448275],[-73.252472,42.448309],[-73.252578,42.448341],[-73.25267,42.448373],[-73.25278,42.448413],[-73.252995,42.448484],[-73.253048,42.448497],[-73.253196,42.448531],[-73.253324,42.448546],[-73.253451,42.448553],[-73.253585,42.448555],[-73.25371,42.448548],[-73.253721,42.448547],[-73.253865,42.448533],[-73.253929,42.44853],[-73.253985,42.448532],[-73.254047,42.448536],[-73.25411,42.448544],[-73.254122,42.448546],[-73.254588,42.448615],[-73.255003,42.448684],[-73.255335,42.448741],[-73.255463,42.448757],[-73.255676,42.448773],[-73.255762,42.448777],[-73.25585,42.448777],[-73.255962,42.448772],[-73.256065,42.448763],[-73.256171,42.448749],[-73.256257,42.448734],[-73.256344,42.448714],[-73.256424,42.448695],[-73.256504,42.448671],[-73.256945,42.448529],[-73.257516,42.448344],[-73.257698,42.448286],[-73.257844,42.448235],[-73.25805,42.448165],[-73.258724,42.447937],[-73.258737,42.447933],[-73.258922,42.447874],[-73.259057,42.44784],[-73.259155,42.447819],[-73.259317,42.44779],[-73.259502,42.447767],[-73.259706,42.447753],[-73.259809,42.447747],[-73.259846,42.447745],[-73.259931,42.447743],[-73.259981,42.447742],[-73.26025,42.447752],[-73.260454,42.447774],[-73.260556,42.447791],[-73.260653,42.44781],[-73.260743,42.447837],[-73.260822,42.44786],[-73.260949,42.447917],[-73.26105,42.447977],[-73.261088,42.447998],[-73.261107,42.448013],[-73.261137,42.448037],[-73.261174,42.448072],[-73.2613,42.448193],[-73.26138,42.448289],[-73.261456,42.44838],[-73.261495,42.448427],[-73.26157,42.448534],[-73.261641,42.448654],[-73.261712,42.448791],[-73.261778,42.448937],[-73.261816,42.449046],[-73.261868,42.449216],[-73.261895,42.449335],[-73.261998,42.449727],[-73.262096,42.449744],[-73.262943,42.449893],[-73.263087,42.449918],[-73.263153,42.44993],[-73.263384,42.449966],[-73.263768,42.450028],[-73.263992,42.450064],[-73.264306,42.450118],[-73.26495,42.450212],[-73.265023,42.450223],[-73.265059,42.45028],[-73.265058,42.450453],[-73.264973,42.450765],[-73.26488,42.45116],[-73.264776,42.451586],[-73.264366,42.453168],[-73.264184,42.453871],[-73.264108,42.454202],[-73.264098,42.454245],[-73.263976,42.454725],[-73.26387,42.455018],[-73.263812,42.45516],[-73.263762,42.455282],[-73.263577,42.455733],[-73.263408,42.456154],[-73.26322,42.456712],[-73.263111,42.457045],[-73.263097,42.457197],[-73.262497,42.457091],[-73.262001,42.45702],[-73.261722,42.456978],[-73.261358,42.456923],[-73.261159,42.456898],[-73.260924,42.456863],[-73.260638,42.45682],[-73.260387,42.456778],[-73.259907,42.456705],[-73.259701,42.456673],[-73.25930489355822,42.456627744791376],[-73.2571361242046,42.45628869067341],[-73.25600739666001,42.45611618875034],[-73.25643757251868,42.45451953299835],[-73.25667418202777,42.45367496824386],[-73.257086,42.452064],[-73.255345,42.451832],[-73.255131,42.451803],[-73.254928,42.451775],[-73.254777,42.451755],[-73.254589,42.451729],[-73.254527,42.451721]]}},{"type":"Feature","properties":{"agency":"Link413","shape_id":"p_1436585"},"geometry":{"type":"LineString","coordinates":[[-73.233833,42.295086],[-73.233902,42.295124],[-73.233902,42.29517],[-73.233894,42.2953],[-73.233894,42.29533],[-73.233902,42.295471],[-73.233414,42.295574],[-73.233391,42.295544],[-73.23336,42.295517],[-73.233322,42.295502],[-73.233284,42.295494],[-73.233238,42.295498],[-73.233192,42.295509],[-73.233162,42.295532],[-73.233139,42.295559],[-73.233131,42.295593],[-73.233131,42.295624],[-73.233154,42.295658],[-73.233185,42.295681],[-73.233231,42.2957],[-73.233383,42.296131],[-73.233391,42.296146],[-73.233398,42.296165],[-73.233406,42.296181],[-73.233429,42.296211],[-73.233452,42.296242],[-73.233475,42.296272],[-73.233566,42.296356],[-73.233665,42.296436],[-73.233772,42.296516],[-73.233849,42.2966],[-73.234108,42.296848],[-73.234146,42.29689],[-73.234238,42.296928],[-73.234261,42.296932],[-73.234283,42.296944],[-73.234337,42.296955],[-73.23439,42.296959],[-73.234444,42.296955],[-73.234482,42.296951],[-73.23452,42.29694],[-73.23455,42.296925],[-73.234589,42.296909],[-73.234665,42.296871],[-73.235329,42.296528],[-73.235458,42.296501],[-73.235626,42.29649],[-73.235733,42.296528],[-73.235855,42.296612],[-73.235954,42.296749],[-73.236092,42.296741],[-73.236305,42.296684],[-73.236359,42.296673],[-73.236526,42.296635],[-73.236755,42.2966],[-73.237,42.296581],[-73.237198,42.296577],[-73.237526,42.296589],[-73.23777,42.296612],[-73.238007,42.296646],[-73.238098,42.296619],[-73.238213,42.296562],[-73.238312,42.296513],[-73.238388,42.296455],[-73.238457,42.296398],[-73.238533,42.296326],[-73.238586,42.296253],[-73.238678,42.296139],[-73.238747,42.29604],[-73.238884,42.295834],[-73.239105,42.295502],[-73.239151,42.295429],[-73.239212,42.295296],[-73.239288,42.295189],[-73.239418,42.295284],[-73.239609,42.295364],[-73.240273,42.29562],[-73.240379,42.295483],[-73.240417,42.295429],[-73.24041808552563,42.295432723110366],[-73.24058820334056,42.29519171941257],[-73.24068335397254,42.29504029184272],[-73.24048648452681,42.294870720236986],[-73.240115,42.294407],[-73.239855,42.294304],[-73.241579,42.291414],[-73.241693,42.291223],[-73.242169,42.290428],[-73.243358,42.288434],[-73.243412,42.288353],[-73.243465,42.288272],[-73.243519,42.28819],[-73.243586,42.288095],[-73.243724,42.287905],[-73.243783,42.287822],[-73.243843,42.287738],[-73.243905,42.287656],[-73.243968,42.287577],[-73.244032,42.287498],[-73.244094,42.287418],[-73.244148,42.287341],[-73.244201,42.287263],[-73.244257,42.287186],[-73.244318,42.287109],[-73.244381,42.287033],[-73.24442,42.286989],[-73.244447,42.286958],[-73.244498,42.286901],[-73.24455,42.286844],[-73.244603,42.286787],[-73.244659,42.28673],[-73.244716,42.286674],[-73.244772,42.286618],[-73.244853,42.286531],[-73.244932,42.286442],[-73.245012,42.286354],[-73.245093,42.28628],[-73.245175,42.286206],[-73.245256,42.286131],[-73.245328,42.286059],[-73.2454,42.285986],[-73.245473,42.285914],[-73.245539,42.285853],[-73.245605,42.285793],[-73.24565,42.285754],[-73.245674,42.285734],[-73.245789,42.285641],[-73.246027,42.285461],[-73.24648,42.285086],[-73.247236,42.284503],[-73.247862,42.284026],[-73.247887,42.284007],[-73.248298,42.283701],[-73.249003,42.283165],[-73.249067,42.283117],[-73.249276,42.282978],[-73.249411,42.28288],[-73.249697,42.282623],[-73.250666,42.281858],[-73.250987,42.281604],[-73.251565,42.281168],[-73.252024,42.280823],[-73.252642,42.280344],[-73.252662,42.280329],[-73.253202,42.279923],[-73.253314,42.279859],[-73.253445,42.279783],[-73.253576,42.279709],[-73.253681,42.279649],[-73.253786,42.279591],[-73.253894,42.279535],[-73.253997,42.279487],[-73.254103,42.279442],[-73.254209,42.279398],[-73.254209,42.279397],[-73.254246,42.279382],[-73.25431,42.279355],[-73.254412,42.279314],[-73.254515,42.279275],[-73.254645,42.27923],[-73.254777,42.279188],[-73.25491,42.279149],[-73.254993,42.279126],[-73.255027,42.279117],[-73.255145,42.279086],[-73.255218,42.279069],[-73.255264,42.279057],[-73.255391,42.279028],[-73.25552,42.279001],[-73.25565,42.278976],[-73.255768,42.278957],[-73.255888,42.27894],[-73.256008,42.278924],[-73.256106,42.278911],[-73.256205,42.2789],[-73.256305,42.278891],[-73.256417,42.278883],[-73.25653,42.278875],[-73.256643,42.27887],[-73.256754,42.278868],[-73.256866,42.278867],[-73.256977,42.278867],[-73.257728,42.278865],[-73.258161,42.278865],[-73.258765,42.278867],[-73.259347,42.278869],[-73.259664,42.278867],[-73.260088,42.278863],[-73.261153,42.278857],[-73.261737,42.278844],[-73.26251,42.278829],[-73.263493,42.278817],[-73.264396,42.278798],[-73.265296,42.278783],[-73.266137,42.278768],[-73.26618,42.278768],[-73.266783,42.278751],[-73.267297,42.278741],[-73.267759,42.278741],[-73.268164,42.278737],[-73.268408,42.278735],[-73.269333,42.278727],[-73.270225,42.278716],[-73.270942,42.278704],[-73.271359,42.278695],[-73.271828,42.278682],[-73.272249,42.278671],[-73.272825,42.278643],[-73.273469,42.278609],[-73.274087,42.278588],[-73.274251,42.278576],[-73.274334,42.27857],[-73.274506,42.278552],[-73.274592,42.278542],[-73.274671,42.278533],[-73.274749,42.278524],[-73.274827,42.278513],[-73.274924,42.278494],[-73.27502,42.278472],[-73.275115,42.278451],[-73.27534,42.278409],[-73.276364,42.27815],[-73.277307,42.277925],[-73.277891,42.277795],[-73.277979,42.277779],[-73.278067,42.277761],[-73.278156,42.277745],[-73.27825,42.27773],[-73.27844,42.2777],[-73.278538,42.277684],[-73.278734,42.277654],[-73.278841,42.27764],[-73.278948,42.277627],[-73.279055,42.277615],[-73.280266,42.277493],[-73.280876,42.277439],[-73.281442,42.277383],[-73.282201,42.277294],[-73.282223,42.277291],[-73.282441,42.27726],[-73.283341,42.277141],[-73.284287,42.277014],[-73.285131,42.276893],[-73.285832,42.276805],[-73.285986,42.276787],[-73.286064,42.27678],[-73.286152,42.276774],[-73.286241,42.27677],[-73.286329,42.276766],[-73.286432,42.276761],[-73.286636,42.276753],[-73.287664,42.276721],[-73.28838,42.276701],[-73.288466,42.276696],[-73.288551,42.276691],[-73.288637,42.276685],[-73.288731,42.276676],[-73.288824,42.276664],[-73.288928,42.276649],[-73.289057,42.276636],[-73.289127,42.276628],[-73.289474,42.276573],[-73.290447,42.276418],[-73.291241,42.276292],[-73.291516,42.276259],[-73.291621,42.276254],[-73.291725,42.276248],[-73.29183,42.276245],[-73.291948,42.276245],[-73.292067,42.276247],[-73.292184,42.276251],[-73.292285,42.276258],[-73.292387,42.276267],[-73.292487,42.276278],[-73.292618,42.276294],[-73.292749,42.276312],[-73.292878,42.276335],[-73.293013,42.276363],[-73.293147,42.276395],[-73.293278,42.276431],[-73.293438,42.276482],[-73.293595,42.276539],[-73.293749,42.276599],[-73.293849,42.276638],[-73.293948,42.276679],[-73.294044,42.276723],[-73.294158,42.276785],[-73.294267,42.276852],[-73.294374,42.276921],[-73.294486,42.276996],[-73.294595,42.277072],[-73.294699,42.277152],[-73.294801,42.277241],[-73.294898,42.277332],[-73.294991,42.277427],[-73.295063,42.277506],[-73.295133,42.277587],[-73.295202,42.277668],[-73.295659,42.278169],[-73.296252,42.278821],[-73.296634,42.279234],[-73.296741,42.279349],[-73.297159,42.279693],[-73.297671,42.280051],[-73.298156,42.280407],[-73.298596,42.280662],[-73.298958,42.28085],[-73.299444,42.281025],[-73.299924,42.281226],[-73.300383,42.281422],[-73.30093,42.281639],[-73.301031,42.281685],[-73.301161,42.281714],[-73.301366,42.281732],[-73.301512,42.28173],[-73.301736,42.281727],[-73.302627,42.281698],[-73.302815,42.281695],[-73.303672,42.281679],[-73.304669,42.281665],[-73.304898,42.281661],[-73.305565,42.281648],[-73.306364,42.281616],[-73.306402,42.281615],[-73.307386,42.281592],[-73.307983,42.281582],[-73.30842,42.28159],[-73.308657,42.281603],[-73.30892,42.281629],[-73.309269,42.281689],[-73.30978,42.281776],[-73.309956,42.281814],[-73.310188,42.281863],[-73.31055,42.281945],[-73.310614,42.281965],[-73.311265,42.282109],[-73.312011,42.282274],[-73.312124,42.282299],[-73.312376,42.282358],[-73.312593,42.282407],[-73.31296,42.282489],[-73.313279,42.282558],[-73.313876,42.28269],[-73.314095,42.282736],[-73.314538,42.282832],[-73.314781,42.282884],[-73.315253,42.282986],[-73.315685,42.283081],[-73.316172,42.283186],[-73.317266,42.283423],[-73.318068,42.283594],[-73.318798,42.283749],[-73.318884,42.283767],[-73.319081,42.283809],[-73.319357,42.283866],[-73.319765,42.283949],[-73.320016,42.283997],[-73.320466,42.284083],[-73.321011,42.284197],[-73.321602,42.284304],[-73.321982,42.284365],[-73.32226,42.284393],[-73.322369,42.28439],[-73.322484,42.284384],[-73.322603,42.284366],[-73.322855,42.284299],[-73.323014,42.284244],[-73.323074,42.284225],[-73.323215,42.284178],[-73.323466,42.284096],[-73.323815,42.283982],[-73.324043,42.283907],[-73.325151,42.283524],[-73.32559,42.283385],[-73.325597,42.283383],[-73.325723,42.283343],[-73.325807,42.283323],[-73.325845,42.283315],[-73.325872,42.283314],[-73.325917,42.283319],[-73.326233,42.283356],[-73.326308,42.283365],[-73.326346,42.28337],[-73.326402,42.283389],[-73.326473,42.28342],[-73.326513,42.283443],[-73.326532,42.283454],[-73.326612,42.283515],[-73.326887,42.283765],[-73.327316,42.284165],[-73.327517,42.28435],[-73.327617,42.28448],[-73.327696,42.284613],[-73.327773,42.28473],[-73.327865,42.284818],[-73.327963,42.284897],[-73.328085,42.284953],[-73.328229,42.284978],[-73.328393,42.284986],[-73.328615,42.284982],[-73.328642,42.284982],[-73.329116,42.284955],[-73.329848,42.284891],[-73.329948,42.28488],[-73.330087,42.284865],[-73.330327,42.284839],[-73.330937,42.284769],[-73.330943,42.284768],[-73.331455,42.284684],[-73.331955,42.284595],[-73.33224,42.284544],[-73.332351,42.28452],[-73.332505,42.284497],[-73.332621,42.284473],[-73.332748,42.284443],[-73.332889,42.284404],[-73.333148,42.284337],[-73.33331,42.284267],[-73.333382,42.284236],[-73.333474,42.284197],[-73.333735,42.28407],[-73.333748,42.284063],[-73.334079,42.283935],[-73.334322,42.283825],[-73.334546,42.283724],[-73.334789,42.283626],[-73.334812,42.283616],[-73.33512,42.283524],[-73.335579,42.283391],[-73.336055,42.283262],[-73.336225,42.283211],[-73.336475,42.283147],[-73.33684,42.283048],[-73.337278,42.282956],[-73.337692,42.28289],[-73.33779,42.282874],[-73.338387,42.282775],[-73.338875,42.282713],[-73.339331,42.282697],[-73.340106,42.282718],[-73.340853,42.282748],[-73.341219,42.282795],[-73.341406,42.282837],[-73.341515,42.282874],[-73.341739,42.282949],[-73.341911,42.282985],[-73.342102,42.283014],[-73.342669,42.283079],[-73.343034,42.283119],[-73.343444,42.283167],[-73.34395,42.283249],[-73.344003,42.283147],[-73.344208,42.282824],[-73.344428,42.282493],[-73.344584,42.282291],[-73.344745,42.282142],[-73.344936,42.282025],[-73.345263,42.281884],[-73.346176,42.281553],[-73.347053,42.281246],[-73.348183,42.280846],[-73.348668,42.280673],[-73.349496,42.280377],[-73.350108,42.280188],[-73.350351,42.280178],[-73.35041,42.280176],[-73.350835,42.280252],[-73.351126,42.280395],[-73.351314,42.280565],[-73.351495,42.280786],[-73.351663,42.281042],[-73.351979,42.281627],[-73.352163,42.281828],[-73.352395,42.281983],[-73.352579,42.282044],[-73.352677,42.282077],[-73.352926,42.28211],[-73.353171,42.282092],[-73.353452,42.282045],[-73.354482,42.28179],[-73.354786,42.281681],[-73.355039,42.281556],[-73.355283,42.281399],[-73.355474,42.281236],[-73.355635,42.281072],[-73.35586,42.280814],[-73.356197,42.280522],[-73.356487,42.280281],[-73.357088,42.279848],[-73.357728,42.27946],[-73.358114,42.279218],[-73.35848,42.278951],[-73.35875,42.278719],[-73.359396,42.278151],[-73.359666,42.277907],[-73.3597,42.277874],[-73.359784,42.277791],[-73.359934,42.2776],[-73.360036,42.277444],[-73.360094,42.277301],[-73.360122,42.27721],[-73.360138,42.277083],[-73.36015,42.276862],[-73.360151,42.276509],[-73.360146,42.276073],[-73.360146,42.275981],[-73.360173,42.275754],[-73.360186,42.275666],[-73.360196,42.275603],[-73.360334,42.275015],[-73.360506,42.274349],[-73.36058,42.274156],[-73.360663,42.273989],[-73.360722,42.273871],[-73.360949,42.273551],[-73.36115,42.273325],[-73.361343,42.273156],[-73.36152,42.273029],[-73.36158,42.272986],[-73.361854,42.272806],[-73.362159,42.27263],[-73.36236,42.272498],[-73.36255,42.272373],[-73.362771,42.272208],[-73.362908,42.272083],[-73.363072,42.271908],[-73.363225,42.271717],[-73.363523,42.271259],[-73.363701,42.270979],[-73.363982,42.270546],[-73.364291,42.270061],[-73.364527,42.269677],[-73.364719,42.269372],[-73.364911,42.269075],[-73.365044,42.268872],[-73.365215,42.268605],[-73.365296,42.268475],[-73.365374,42.268343],[-73.36548,42.268151],[-73.365526,42.268053],[-73.365579,42.267921],[-73.365599,42.267853],[-73.365623,42.267747],[-73.365637,42.267639],[-73.36564,42.267531],[-73.365631,42.267438],[-73.365591,42.267251],[-73.36555,42.267113],[-73.365451,42.266838],[-73.365301,42.266409],[-73.365162,42.266003],[-73.36501,42.265536],[-73.364903,42.265253],[-73.364852,42.265112],[-73.36474,42.264746],[-73.364655,42.264491],[-73.364618,42.264364],[-73.364592,42.264247],[-73.36457,42.26413],[-73.364534,42.263878],[-73.364478,42.263321],[-73.364426,42.262901],[-73.364404,42.262763],[-73.36438,42.262633],[-73.364353,42.262503],[-73.364322,42.262374],[-73.364283,42.262231],[-73.364239,42.26209],[-73.364188,42.26195],[-73.364134,42.261816],[-73.364074,42.261683],[-73.364009,42.261551],[-73.363944,42.261426],[-73.363876,42.261303],[-73.363798,42.261182],[-73.363718,42.261078],[-73.363288,42.260579],[-73.363087,42.260352],[-73.362991,42.260237],[-73.362899,42.260121],[-73.362811,42.260004],[-73.362736,42.259883],[-73.362685,42.259776],[-73.362643,42.259667],[-73.362608,42.259557],[-73.362583,42.259452],[-73.362565,42.259346],[-73.362554,42.259239],[-73.362548,42.259139],[-73.362548,42.259039],[-73.362557,42.258939],[-73.362577,42.258831],[-73.362608,42.258723],[-73.362649,42.258618],[-73.362704,42.258496],[-73.362839,42.258323],[-73.36291,42.258222],[-73.362984,42.258122],[-73.363063,42.258024],[-73.363145,42.257931],[-73.363231,42.257839],[-73.36332,42.257749],[-73.363354,42.257714],[-73.363389,42.257679],[-73.363425,42.257645],[-73.363512,42.257575],[-73.363607,42.257511],[-73.363705,42.257449],[-73.363833,42.257378],[-73.363855,42.257367],[-73.363968,42.257311],[-73.364099,42.257242],[-73.364242,42.257161],[-73.364382,42.257077],[-73.364516,42.256988],[-73.364611,42.256915],[-73.364703,42.25684],[-73.364793,42.256762],[-73.364893,42.256673],[-73.36489878968894,42.25667407360493],[-73.365024,42.256552],[-73.365142,42.25645],[-73.365261,42.256348],[-73.365381,42.256247],[-73.365499,42.256147],[-73.365618,42.256047],[-73.365733,42.255945],[-73.365849,42.255838],[-73.365961,42.255729],[-73.366061,42.255615],[-73.366124,42.25553],[-73.366182,42.255443],[-73.366232,42.255354],[-73.36628,42.255241],[-73.366317,42.255125],[-73.366345,42.255008],[-73.366358,42.254956],[-73.366366,42.254922],[-73.36637,42.254904],[-73.366369,42.254854],[-73.366356,42.254819],[-73.366338,42.254784],[-73.366319,42.254749],[-73.366106,42.254692],[-73.366056,42.254678],[-73.366014,42.254665],[-73.365942,42.254642],[-73.365861,42.254622],[-73.365811,42.254607],[-73.365778,42.254598],[-73.365632,42.254556],[-73.365485,42.254513],[-73.365432,42.254499],[-73.36529,42.254463],[-73.365196,42.254433],[-73.36511,42.254397],[-73.365035,42.254341],[-73.364976,42.254278],[-73.364958,42.254237],[-73.364949,42.254193],[-73.364941,42.254148],[-73.364929,42.254076],[-73.364919,42.254004],[-73.36491,42.253931],[-73.364894,42.253819],[-73.364879,42.253705],[-73.364866,42.253592],[-73.364853,42.253471],[-73.364847,42.253402],[-73.364842,42.25335],[-73.364831,42.253229],[-73.364821,42.253115],[-73.364797,42.252887],[-73.364784,42.252784],[-73.36477,42.252681],[-73.364751,42.252579],[-73.364729,42.252491],[-73.364703,42.252404],[-73.364674,42.252318],[-73.364638,42.252224],[-73.364597,42.252132],[-73.364553,42.25204],[-73.364497,42.251942],[-73.364437,42.251845],[-73.364377,42.251749],[-73.364318,42.25165],[-73.364202,42.251452],[-73.364141,42.251352],[-73.364081,42.251251],[-73.364019,42.25115],[-73.363891,42.250954],[-73.363828,42.250855],[-73.363782,42.250775],[-73.363738,42.250694],[-73.36369,42.250615],[-73.363644,42.250543],[-73.363594,42.250473],[-73.363538,42.250406],[-73.363474,42.250343],[-73.363402,42.250284],[-73.363326,42.250228],[-73.363281,42.250199],[-73.363234,42.25017],[-73.363185,42.250144],[-73.363096,42.250113],[-73.363,42.250092],[-73.362904,42.250072],[-73.362771,42.250044],[-73.362636,42.25002],[-73.362501,42.249995],[-73.362325,42.249964],[-73.362239,42.249949],[-73.362148,42.249933],[-73.361972,42.249903],[-73.361806,42.249874],[-73.36164,42.249846],[-73.361473,42.249819],[-73.361288,42.249792],[-73.361103,42.249767],[-73.360917,42.249743],[-73.36077,42.249724],[-73.360622,42.249705],[-73.360475,42.249688],[-73.360376,42.249677],[-73.360278,42.249667],[-73.360213,42.24966],[-73.360179,42.249657],[-73.360031,42.24964],[-73.359883,42.249624],[-73.359734,42.249607],[-73.359597,42.249594],[-73.359459,42.249581],[-73.359411,42.249575],[-73.359323,42.249565],[-73.35919,42.249544],[-73.359058,42.249519],[-73.35893,42.249486],[-73.358797,42.249443],[-73.358674,42.249394],[-73.358669,42.249392],[-73.358549,42.249333],[-73.35844,42.249266],[-73.358339,42.249193],[-73.358246,42.249114],[-73.358156,42.249021],[-73.358076,42.248922],[-73.357998,42.248822],[-73.357924,42.248729],[-73.357912,42.248712],[-73.357852,42.248635],[-73.35778,42.248542],[-73.357702,42.248444],[-73.357623,42.248346],[-73.357546,42.248248],[-73.357475,42.248154],[-73.357406,42.248058],[-73.357336,42.247965],[-73.357261,42.247863],[-73.357186,42.247763],[-73.35711,42.247663],[-73.357022,42.247555],[-73.356933,42.247448],[-73.356847,42.24734],[-73.356767,42.247235],[-73.35669,42.24713],[-73.356622,42.247022],[-73.356573,42.246927],[-73.356529,42.246831],[-73.356489,42.246734],[-73.356446,42.246624],[-73.356407,42.246513],[-73.356371,42.246403],[-73.356335,42.246288],[-73.356302,42.246172],[-73.35627,42.246057],[-73.356264,42.246037],[-73.356235,42.245939],[-73.3562,42.24582],[-73.356173,42.245701],[-73.356148,42.245549],[-73.356148,42.245463],[-73.356146,42.245433],[-73.356142,42.245299],[-73.356149,42.245132],[-73.356164,42.244967],[-73.35618,42.2448],[-73.356216,42.244654],[-73.356252,42.244507],[-73.35629,42.24436],[-73.356348,42.244149],[-73.356468,42.243729],[-73.356523,42.243531],[-73.356631,42.243137],[-73.356689,42.242937],[-73.356714,42.242836],[-73.356728,42.242761],[-73.356741,42.242686],[-73.356744,42.24266],[-73.35675,42.242611],[-73.356755,42.242527],[-73.356756,42.242442],[-73.356756,42.242358],[-73.356754,42.242256],[-73.35675,42.242154],[-73.356743,42.242053],[-73.35674,42.242013],[-73.356735,42.241967],[-73.356726,42.241881],[-73.356714,42.241796],[-73.356707,42.241753],[-73.356699,42.241709],[-73.356692,42.241666],[-73.356676,42.241582],[-73.356668,42.241541],[-73.356646,42.241454],[-73.356634,42.241415],[-73.35662,42.241367],[-73.356592,42.241281],[-73.35655,42.241153],[-73.356503,42.241025],[-73.356449,42.2409],[-73.356397,42.240795],[-73.35634,42.240692],[-73.356274,42.240591],[-73.356223,42.240526],[-73.356204,42.240504],[-73.356168,42.240464],[-73.356111,42.240401],[-73.356049,42.240341],[-73.355965,42.240259],[-73.355806,42.240124],[-73.355644,42.23999],[-73.355479,42.23985],[-73.355311,42.239713],[-73.355135,42.239581],[-73.355026,42.239506],[-73.354915,42.239432],[-73.354799,42.239364],[-73.354684,42.239304],[-73.354565,42.239249],[-73.354443,42.239197],[-73.354329,42.239154],[-73.354212,42.239114],[-73.354096,42.239074],[-73.353987,42.239038],[-73.35384,42.238989],[-73.353583,42.238907],[-73.353325,42.238825],[-73.353198,42.238785],[-73.35302,42.238729],[-73.352803,42.23866],[-73.352715,42.238632],[-73.352409,42.238536],[-73.351971,42.238402],[-73.351534,42.238267],[-73.351099,42.238129],[-73.350937,42.238078],[-73.350776,42.238028],[-73.350622,42.237968],[-73.350559,42.237936],[-73.350498,42.237904],[-73.350437,42.23787],[-73.350184,42.237714],[-73.349945,42.237545],[-73.349706,42.237374],[-73.349407,42.237168],[-73.349239,42.23705],[-73.34911,42.23696],[-73.348811,42.236752],[-73.348552,42.236574],[-73.348324,42.236418],[-73.348292,42.236396],[-73.348034,42.236217],[-73.347918,42.236138],[-73.347803,42.236059],[-73.347695,42.235976],[-73.34762,42.235908],[-73.347548,42.235838],[-73.347482,42.235766],[-73.347429,42.235699],[-73.347396,42.235652],[-73.34738,42.23563],[-73.347335,42.235559],[-73.347306,42.235508],[-73.347278,42.235456],[-73.347251,42.235404],[-73.347185,42.235259],[-73.347126,42.235111],[-73.347068,42.234964],[-73.346966,42.234708],[-73.346866,42.234452],[-73.346764,42.234196],[-73.346676,42.233984],[-73.346586,42.233771],[-73.346497,42.23356],[-73.346422,42.233378],[-73.346349,42.233197],[-73.346275,42.233016],[-73.346113,42.232622],[-73.346033,42.232425],[-73.345952,42.232221],[-73.345873,42.232017],[-73.345796,42.231812],[-73.345747,42.231677],[-73.345698,42.231541],[-73.345657,42.231403],[-73.345624,42.231256],[-73.345599,42.231108],[-73.345575,42.23096],[-73.345511,42.230578],[-73.345478,42.230387],[-73.345462,42.230299],[-73.345447,42.230211],[-73.345428,42.230124],[-73.345413,42.230062],[-73.345396,42.230001],[-73.345377,42.229939],[-73.345354,42.229872],[-73.345328,42.229805],[-73.3453,42.229739],[-73.345262,42.229662],[-73.345221,42.229587],[-73.345178,42.229512],[-73.345105,42.229395],[-73.345027,42.22928],[-73.344946,42.229165],[-73.344821,42.229005],[-73.34469,42.228846],[-73.344574,42.228683],[-73.344526,42.2286],[-73.344481,42.228516],[-73.344443,42.22843],[-73.344411,42.228337],[-73.344387,42.228243],[-73.344368,42.228147],[-73.34435,42.227996],[-73.34434,42.22769],[-73.344327,42.227451],[-73.344314,42.227213],[-73.344302,42.226975],[-73.344294,42.226718],[-73.344285,42.226461],[-73.344265,42.226204],[-73.344257,42.226139],[-73.344247,42.226072],[-73.344237,42.226006],[-73.344219,42.225916],[-73.344198,42.225827],[-73.344174,42.225738],[-73.344137,42.225631],[-73.344053,42.225417],[-73.343995,42.225256],[-73.343938,42.225095],[-73.34388,42.224935],[-73.343822,42.224789],[-73.343763,42.224643],[-73.343709,42.224496],[-73.343665,42.224366],[-73.343625,42.224236],[-73.343591,42.224105],[-73.343558,42.22393],[-73.343536,42.223754],[-73.343517,42.223578],[-73.343497,42.223379],[-73.343481,42.22318],[-73.343467,42.22298],[-73.343452,42.222768],[-73.34344,42.222557],[-73.343427,42.222345],[-73.343415,42.222138],[-73.343403,42.221932],[-73.343388,42.221726],[-73.343382,42.22164],[-73.343375,42.221553],[-73.343344,42.221338],[-73.343308,42.221189],[-73.343271,42.221097],[-73.343228,42.221005],[-73.343189,42.220913],[-73.343159,42.220824],[-73.343134,42.220733],[-73.343118,42.220642],[-73.343113,42.22061],[-73.343111,42.220585],[-73.343109,42.220527],[-73.343108,42.220469],[-73.343107,42.220387],[-73.343108,42.220328],[-73.343108,42.220303],[-73.343112,42.220221],[-73.34313,42.220074],[-73.343186,42.219782],[-73.343225,42.219551],[-73.343263,42.21932],[-73.343302,42.21909],[-73.343354,42.21877],[-73.343407,42.21845],[-73.343418,42.21838],[-73.34346,42.21813],[-73.343572,42.2175],[-73.343628,42.217186],[-73.343674,42.21692],[-73.343764,42.216388],[-73.343816,42.216097],[-73.34392,42.215513],[-73.343963,42.215258],[-73.344005,42.215003],[-73.344054,42.214748],[-73.34411,42.214494],[-73.344172,42.214239],[-73.34424,42.213987],[-73.344318,42.21373],[-73.344359,42.213606],[-73.344402,42.213475],[-73.344492,42.213221],[-73.344559,42.213051],[-73.344614,42.212913],[-73.344744,42.212607],[-73.344817,42.212419],[-73.344898,42.212204],[-73.345043,42.211875],[-73.345179,42.211568],[-73.34542,42.211008],[-73.34553,42.210729],[-73.345362,42.210681],[-73.34524,42.21068],[-73.345174,42.210682],[-73.345129,42.210599],[-73.345117,42.210455],[-73.34512513369512,42.21021876462783],[-73.34468400448999,42.21022539889731],[-73.34469978349682,42.210223646241474],[-73.34449328563463,42.21022332317975],[-73.34449732714496,42.21080014236753],[-73.3447762670046,42.210806807027865],[-73.345174,42.210682],[-73.34524,42.21068],[-73.345362,42.210681],[-73.34553,42.210729],[-73.345747,42.210254],[-73.345808,42.210134],[-73.345876,42.209844],[-73.345929,42.209607],[-73.345955,42.209446],[-73.345974,42.209333],[-73.346012,42.209087],[-73.346077,42.208651],[-73.346152,42.208203],[-73.346243,42.207582],[-73.346308,42.207175],[-73.346391,42.206715],[-73.346444,42.206257],[-73.346538,42.205681],[-73.346611,42.205197],[-73.346625,42.205101],[-73.346686,42.204703],[-73.346712,42.204529],[-73.346762,42.204203],[-73.34682,42.203688],[-73.346826,42.203627],[-73.346864,42.203388],[-73.346903,42.203199],[-73.346994,42.202945],[-73.347102,42.202682],[-73.347272,42.202393],[-73.347479,42.202152],[-73.347659,42.201961],[-73.347847,42.201821],[-73.34805,42.201662],[-73.348218,42.201583],[-73.348523,42.201506],[-73.348746,42.201495],[-73.348987,42.201511],[-73.349345,42.201614],[-73.349628,42.201727],[-73.350129,42.201939],[-73.350906,42.20223],[-73.351224,42.202337],[-73.35151,42.202399],[-73.351891,42.202456],[-73.352212,42.202466],[-73.352567,42.202463],[-73.352872,42.202418],[-73.3532,42.202355],[-73.353645,42.202249],[-73.354032,42.202152],[-73.354565,42.202018],[-73.355009,42.201911],[-73.355236,42.201856],[-73.35553120896037,42.20179389388275],[-73.355542,42.201778],[-73.355961,42.201672],[-73.356558,42.201525],[-73.357,42.201439],[-73.357227,42.201409],[-73.357552,42.201413],[-73.357555,42.201414],[-73.357643,42.20142],[-73.357711,42.201424],[-73.357838,42.201433],[-73.35805,42.201442],[-73.358078,42.201444],[-73.358242,42.201451],[-73.358245,42.201399],[-73.358343,42.20117],[-73.358573,42.200752],[-73.358694,42.20056],[-73.358905,42.20031],[-73.359194,42.200057],[-73.359731,42.19964],[-73.360087,42.199377],[-73.360267,42.199245],[-73.360484,42.199077],[-73.36078,42.198848],[-73.360839,42.198799],[-73.361034,42.19864],[-73.36106,42.198603],[-73.361141,42.198493],[-73.361178,42.19841],[-73.361237,42.198245],[-73.361251,42.198127],[-73.361219,42.197822],[-73.36114,42.197488],[-73.361113,42.197374],[-73.361067,42.197197],[-73.36103,42.197054],[-73.361013,42.196911],[-73.361004,42.196837],[-73.361012,42.196483],[-73.361021,42.196436],[-73.36105,42.196277],[-73.361102,42.196109],[-73.361093,42.196139],[-73.361108,42.196089],[-73.361193,42.195884],[-73.361372,42.195558],[-73.361424,42.195497],[-73.361618,42.195269],[-73.361788,42.195073],[-73.361957,42.194877],[-73.362305,42.194482],[-73.362319,42.194467],[-73.362428,42.194351],[-73.362901,42.19382],[-73.363265,42.193363],[-73.363659,42.192827],[-73.363785,42.192683],[-73.363929,42.192776],[-73.364265,42.192914],[-73.364431,42.192977],[-73.364796,42.193116],[-73.365567,42.193363],[-73.365788,42.193364],[-73.366504,42.193335],[-73.367169,42.193318],[-73.36821,42.193267],[-73.368735,42.193178],[-73.368982,42.193158],[-73.369335,42.193148],[-73.369302,42.192833],[-73.369299,42.192808],[-73.369301,42.19281],[-73.369263,42.19249],[-73.36924,42.192219],[-73.369728,42.192177],[-73.370277,42.192139],[-73.3703,42.192139],[-73.370384,42.192135],[-73.370888,42.192081],[-73.371529,42.192024],[-73.372154,42.191982],[-73.372292,42.191971],[-73.372246,42.191853],[-73.3722,42.191788],[-73.372131,42.191727],[-73.372009,42.19165],[-73.371857,42.191574],[-73.371758,42.191521],[-73.371704,42.191475],[-73.371651,42.191425],[-73.371628,42.191372],[-73.371605,42.191292],[-73.371582,42.191044],[-73.371559,42.190865],[-73.371563,42.190864],[-73.371553,42.190782],[-73.371535,42.190626],[-73.371511,42.190477],[-73.371494,42.190374],[-73.371462,42.190172],[-73.371436,42.19003],[-73.37137,42.190005],[-73.371311,42.190006],[-73.371198,42.190022],[-73.371049,42.190056],[-73.370967,42.19008],[-73.370884,42.190093],[-73.37081,42.190102],[-73.370671,42.190089],[-73.370578,42.190082],[-73.37046,42.19008],[-73.370339,42.190092],[-73.370029,42.190117],[-73.36977,42.190139],[-73.369542,42.190158],[-73.3693,42.19017],[-73.369174,42.190171],[-73.369113,42.19017],[-73.369078,42.189903],[-73.369044,42.189549],[-73.368983,42.189229],[-73.368942,42.188866],[-73.368887,42.188545],[-73.368811,42.188144],[-73.368775,42.187894],[-73.36875,42.187716],[-73.36871,42.187323],[-73.368636,42.187051],[-73.368382,42.186851],[-73.367991,42.186626],[-73.367822,42.186519],[-73.367718,42.186453],[-73.367817,42.186356],[-73.368269,42.185914],[-73.3687,42.185521],[-73.369211,42.185029],[-73.369542,42.184715],[-73.370022,42.184264],[-73.369899,42.184165],[-73.369812,42.1841],[-73.369753,42.184051],[-73.369606,42.184015],[-73.369355,42.183991],[-73.369092,42.18399],[-73.368778,42.183988],[-73.367672,42.183993],[-73.367501,42.183991],[-73.367345,42.183989],[-73.366905,42.183984],[-73.366707,42.183983],[-73.366528,42.183981],[-73.366515,42.183981],[-73.366012,42.183977],[-73.365447,42.183967],[-73.364565,42.183959],[-73.364568,42.183144],[-73.364569,42.182745],[-73.364592,42.182085],[-73.364591,42.181638],[-73.364583,42.181422],[-73.364556,42.18121],[-73.36565102029141,42.18111672424658],[-73.36553123164478,42.1807083970516]]}},{"type":"Feature","properties":{"agency":"Link413","shape_id":"p_1436586"},"geometry":{"type":"LineString","coordinates":[[-73.233833,42.295086],[-73.233902,42.295124],[-73.233902,42.29517],[-73.233894,42.2953],[-73.233894,42.29533],[-73.233902,42.295471],[-73.233414,42.295574],[-73.233391,42.295544],[-73.23336,42.295517],[-73.233322,42.295502],[-73.233284,42.295494],[-73.233238,42.295498],[-73.233192,42.295509],[-73.233162,42.295532],[-73.233139,42.295559],[-73.233131,42.295593],[-73.233131,42.295624],[-73.233154,42.295658],[-73.233185,42.295681],[-73.233231,42.2957],[-73.233383,42.296131],[-73.233391,42.296146],[-73.233398,42.296165],[-73.233406,42.296181],[-73.233429,42.296211],[-73.233452,42.296242],[-73.233475,42.296272],[-73.233566,42.296356],[-73.233665,42.296436],[-73.233772,42.296516],[-73.233849,42.2966],[-73.234108,42.296848],[-73.234146,42.29689],[-73.234238,42.296928],[-73.234261,42.296932],[-73.234283,42.296944],[-73.234337,42.296955],[-73.23439,42.296959],[-73.234444,42.296955],[-73.234482,42.296951],[-73.23452,42.29694],[-73.23455,42.296925],[-73.234589,42.296909],[-73.234665,42.296871],[-73.235329,42.296528],[-73.235458,42.296501],[-73.235626,42.29649],[-73.235733,42.296528],[-73.235855,42.296612],[-73.235954,42.296749],[-73.236092,42.296741],[-73.236305,42.296684],[-73.236359,42.296673],[-73.236526,42.296635],[-73.236755,42.2966],[-73.237,42.296581],[-73.237198,42.296577],[-73.237526,42.296589],[-73.23777,42.296612],[-73.238007,42.296646],[-73.238098,42.296619],[-73.238213,42.296562],[-73.238312,42.296513],[-73.238388,42.296455],[-73.238457,42.296398],[-73.238533,42.296326],[-73.238586,42.296253],[-73.238678,42.296139],[-73.238747,42.29604],[-73.238884,42.295834],[-73.239105,42.295502],[-73.239151,42.295429],[-73.239212,42.295296],[-73.239288,42.295189],[-73.239418,42.295284],[-73.239609,42.295364],[-73.240273,42.29562],[-73.240379,42.295483],[-73.240417,42.295429],[-73.24041808552563,42.295432723110366],[-73.24058820334056,42.29519171941257],[-73.24068335397254,42.29504029184272],[-73.24048648452681,42.294870720236986],[-73.240115,42.294407],[-73.239855,42.294304],[-73.241579,42.291414],[-73.241693,42.291223],[-73.242169,42.290428],[-73.243358,42.288434],[-73.243412,42.288353],[-73.243465,42.288272],[-73.243519,42.28819],[-73.243586,42.288095],[-73.243724,42.287905],[-73.243783,42.287822],[-73.243843,42.287738],[-73.243905,42.287656],[-73.243968,42.287577],[-73.244032,42.287498],[-73.244094,42.287418],[-73.244148,42.287341],[-73.244201,42.287263],[-73.244257,42.287186],[-73.244318,42.287109],[-73.244381,42.287033],[-73.24442,42.286989],[-73.244447,42.286958],[-73.244498,42.286901],[-73.24455,42.286844],[-73.244603,42.286787],[-73.244659,42.28673],[-73.244716,42.286674],[-73.244772,42.286618],[-73.244853,42.286531],[-73.244932,42.286442],[-73.245012,42.286354],[-73.245093,42.28628],[-73.245175,42.286206],[-73.245256,42.286131],[-73.245328,42.286059],[-73.2454,42.285986],[-73.245473,42.285914],[-73.245539,42.285853],[-73.245605,42.285793],[-73.24565,42.285754],[-73.245674,42.285734],[-73.245789,42.285641],[-73.246027,42.285461],[-73.24648,42.285086],[-73.247236,42.284503],[-73.247862,42.284026],[-73.247887,42.284007],[-73.248298,42.283701],[-73.249003,42.283165],[-73.249067,42.283117],[-73.249276,42.282978],[-73.249411,42.28288],[-73.249697,42.282623],[-73.250666,42.281858],[-73.250987,42.281604],[-73.251565,42.281168],[-73.252024,42.280823],[-73.252642,42.280344],[-73.252662,42.280329],[-73.253202,42.279923],[-73.253314,42.279859],[-73.253445,42.279783],[-73.253576,42.279709],[-73.253681,42.279649],[-73.253786,42.279591],[-73.253894,42.279535],[-73.253997,42.279487],[-73.254103,42.279442],[-73.254209,42.279398],[-73.254209,42.279397],[-73.254246,42.279382],[-73.25431,42.279355],[-73.254412,42.279314],[-73.254515,42.279275],[-73.254645,42.27923],[-73.254777,42.279188],[-73.25491,42.279149],[-73.254993,42.279126],[-73.255027,42.279117],[-73.255145,42.279086],[-73.255218,42.279069],[-73.255264,42.279057],[-73.255391,42.279028],[-73.25552,42.279001],[-73.25565,42.278976],[-73.255768,42.278957],[-73.255888,42.27894],[-73.256008,42.278924],[-73.256106,42.278911],[-73.256205,42.2789],[-73.256305,42.278891],[-73.256417,42.278883],[-73.25653,42.278875],[-73.256643,42.27887],[-73.256754,42.278868],[-73.256866,42.278867],[-73.256977,42.278867],[-73.257728,42.278865],[-73.258161,42.278865],[-73.258765,42.278867],[-73.259347,42.278869],[-73.259664,42.278867],[-73.260088,42.278863],[-73.261153,42.278857],[-73.261737,42.278844],[-73.26251,42.278829],[-73.263493,42.278817],[-73.264396,42.278798],[-73.265296,42.278783],[-73.266137,42.278768],[-73.26618,42.278768],[-73.266783,42.278751],[-73.267297,42.278741],[-73.267759,42.278741],[-73.268164,42.278737],[-73.268408,42.278735],[-73.269333,42.278727],[-73.270225,42.278716],[-73.270942,42.278704],[-73.271359,42.278695],[-73.271828,42.278682],[-73.272249,42.278671],[-73.272825,42.278643],[-73.273469,42.278609],[-73.274087,42.278588],[-73.274251,42.278576],[-73.274334,42.27857],[-73.274506,42.278552],[-73.274592,42.278542],[-73.274671,42.278533],[-73.274749,42.278524],[-73.274827,42.278513],[-73.274924,42.278494],[-73.27502,42.278472],[-73.275115,42.278451],[-73.27534,42.278409],[-73.276364,42.27815],[-73.277307,42.277925],[-73.277891,42.277795],[-73.277979,42.277779],[-73.278067,42.277761],[-73.278156,42.277745],[-73.27825,42.27773],[-73.27844,42.2777],[-73.278538,42.277684],[-73.278734,42.277654],[-73.278841,42.27764],[-73.278948,42.277627],[-73.279055,42.277615],[-73.280266,42.277493],[-73.280876,42.277439],[-73.281442,42.277383],[-73.282201,42.277294],[-73.282223,42.277291],[-73.282441,42.27726],[-73.283341,42.277141],[-73.284287,42.277014],[-73.285131,42.276893],[-73.285832,42.276805],[-73.285986,42.276787],[-73.286064,42.27678],[-73.286152,42.276774],[-73.286241,42.27677],[-73.286329,42.276766],[-73.286432,42.276761],[-73.286636,42.276753],[-73.287664,42.276721],[-73.28838,42.276701],[-73.288466,42.276696],[-73.288551,42.276691],[-73.288637,42.276685],[-73.288731,42.276676],[-73.288824,42.276664],[-73.288928,42.276649],[-73.289057,42.276636],[-73.289127,42.276628],[-73.289474,42.276573],[-73.290447,42.276418],[-73.291241,42.276292],[-73.291516,42.276259],[-73.291621,42.276254],[-73.291725,42.276248],[-73.29183,42.276245],[-73.291948,42.276245],[-73.292067,42.276247],[-73.292184,42.276251],[-73.292285,42.276258],[-73.292387,42.276267],[-73.292487,42.276278],[-73.292618,42.276294],[-73.292749,42.276312],[-73.292878,42.276335],[-73.293013,42.276363],[-73.293147,42.276395],[-73.293278,42.276431],[-73.293438,42.276482],[-73.293595,42.276539],[-73.293749,42.276599],[-73.293849,42.276638],[-73.293948,42.276679],[-73.294044,42.276723],[-73.294158,42.276785],[-73.294267,42.276852],[-73.294374,42.276921],[-73.294486,42.276996],[-73.294595,42.277072],[-73.294699,42.277152],[-73.294801,42.277241],[-73.294898,42.277332],[-73.294991,42.277427],[-73.295063,42.277506],[-73.295133,42.277587],[-73.295202,42.277668],[-73.295659,42.278169],[-73.296252,42.278821],[-73.296634,42.279234],[-73.296741,42.279349],[-73.297159,42.279693],[-73.297671,42.280051],[-73.298156,42.280407],[-73.298596,42.280662],[-73.298958,42.28085],[-73.299444,42.281025],[-73.299924,42.281226],[-73.300383,42.281422],[-73.30093,42.281639],[-73.301031,42.281685],[-73.301161,42.281714],[-73.301366,42.281732],[-73.301512,42.28173],[-73.301736,42.281727],[-73.302627,42.281698],[-73.302815,42.281695],[-73.303672,42.281679],[-73.304669,42.281665],[-73.304898,42.281661],[-73.305565,42.281648],[-73.306364,42.281616],[-73.306402,42.281615],[-73.307386,42.281592],[-73.307983,42.281582],[-73.30842,42.28159],[-73.308657,42.281603],[-73.30892,42.281629],[-73.309269,42.281689],[-73.30978,42.281776],[-73.309956,42.281814],[-73.310188,42.281863],[-73.31055,42.281945],[-73.310614,42.281965],[-73.311265,42.282109],[-73.312011,42.282274],[-73.312124,42.282299],[-73.312376,42.282358],[-73.312593,42.282407],[-73.31296,42.282489],[-73.313279,42.282558],[-73.313876,42.28269],[-73.314095,42.282736],[-73.314538,42.282832],[-73.314781,42.282884],[-73.315253,42.282986],[-73.315685,42.283081],[-73.316172,42.283186],[-73.317266,42.283423],[-73.318068,42.283594],[-73.318798,42.283749],[-73.318884,42.283767],[-73.319081,42.283809],[-73.319357,42.283866],[-73.319765,42.283949],[-73.320016,42.283997],[-73.320466,42.284083],[-73.321011,42.284197],[-73.321602,42.284304],[-73.321982,42.284365],[-73.32226,42.284393],[-73.322369,42.28439],[-73.322484,42.284384],[-73.322603,42.284366],[-73.322855,42.284299],[-73.323014,42.284244],[-73.323074,42.284225],[-73.323215,42.284178],[-73.323466,42.284096],[-73.323815,42.283982],[-73.324043,42.283907],[-73.325151,42.283524],[-73.32559,42.283385],[-73.325597,42.283383],[-73.325723,42.283343],[-73.325807,42.283323],[-73.325845,42.283315],[-73.325872,42.283314],[-73.325917,42.283319],[-73.326233,42.283356],[-73.326308,42.283365],[-73.326346,42.28337],[-73.326402,42.283389],[-73.326473,42.28342],[-73.326513,42.283443],[-73.326532,42.283454],[-73.326612,42.283515],[-73.326887,42.283765],[-73.327316,42.284165],[-73.327517,42.28435],[-73.327617,42.28448],[-73.327696,42.284613],[-73.327773,42.28473],[-73.327865,42.284818],[-73.327963,42.284897],[-73.328085,42.284953],[-73.328229,42.284978],[-73.328393,42.284986],[-73.328615,42.284982],[-73.328642,42.284982],[-73.329116,42.284955],[-73.329848,42.284891],[-73.329948,42.28488],[-73.330087,42.284865],[-73.330327,42.284839],[-73.330937,42.284769],[-73.330943,42.284768],[-73.331455,42.284684],[-73.331955,42.284595],[-73.33224,42.284544],[-73.332351,42.28452],[-73.332505,42.284497],[-73.332621,42.284473],[-73.332748,42.284443],[-73.332889,42.284404],[-73.333148,42.284337],[-73.33331,42.284267],[-73.333382,42.284236],[-73.333474,42.284197],[-73.333735,42.28407],[-73.333748,42.284063],[-73.334079,42.283935],[-73.334322,42.283825],[-73.334546,42.283724],[-73.334789,42.283626],[-73.334812,42.283616],[-73.33512,42.283524],[-73.335579,42.283391],[-73.336055,42.283262],[-73.336225,42.283211],[-73.336475,42.283147],[-73.33684,42.283048],[-73.337278,42.282956],[-73.337692,42.28289],[-73.33779,42.282874],[-73.338387,42.282775],[-73.338875,42.282713],[-73.339331,42.282697],[-73.340106,42.282718],[-73.340853,42.282748],[-73.341219,42.282795],[-73.341406,42.282837],[-73.341515,42.282874],[-73.341739,42.282949],[-73.341911,42.282985],[-73.342102,42.283014],[-73.342669,42.283079],[-73.343034,42.283119],[-73.343444,42.283167],[-73.34395,42.283249],[-73.344003,42.283147],[-73.344208,42.282824],[-73.344428,42.282493],[-73.344584,42.282291],[-73.344745,42.282142],[-73.344936,42.282025],[-73.345263,42.281884],[-73.346176,42.281553],[-73.347053,42.281246],[-73.348183,42.280846],[-73.348668,42.280673],[-73.349496,42.280377],[-73.350108,42.280188],[-73.350351,42.280178],[-73.35041,42.280176],[-73.350835,42.280252],[-73.351126,42.280395],[-73.351314,42.280565],[-73.351495,42.280786],[-73.351663,42.281042],[-73.351979,42.281627],[-73.352163,42.281828],[-73.352395,42.281983],[-73.352579,42.282044],[-73.352677,42.282077],[-73.352926,42.28211],[-73.353171,42.282092],[-73.353452,42.282045],[-73.354482,42.28179],[-73.354786,42.281681],[-73.355039,42.281556],[-73.355283,42.281399],[-73.355474,42.281236],[-73.355635,42.281072],[-73.35586,42.280814],[-73.356197,42.280522],[-73.356487,42.280281],[-73.357088,42.279848],[-73.357728,42.27946],[-73.358114,42.279218],[-73.35848,42.278951],[-73.35875,42.278719],[-73.359396,42.278151],[-73.359666,42.277907],[-73.3597,42.277874],[-73.359784,42.277791],[-73.359934,42.2776],[-73.360036,42.277444],[-73.360094,42.277301],[-73.360122,42.27721],[-73.360138,42.277083],[-73.36015,42.276862],[-73.360151,42.276509],[-73.360146,42.276073],[-73.360146,42.275981],[-73.360173,42.275754],[-73.360186,42.275666],[-73.360196,42.275603],[-73.360334,42.275015],[-73.360506,42.274349],[-73.36058,42.274156],[-73.360663,42.273989],[-73.360722,42.273871],[-73.360949,42.273551],[-73.36115,42.273325],[-73.361343,42.273156],[-73.36152,42.273029],[-73.36158,42.272986],[-73.361854,42.272806],[-73.362159,42.27263],[-73.36236,42.272498],[-73.36255,42.272373],[-73.362771,42.272208],[-73.362908,42.272083],[-73.363072,42.271908],[-73.363225,42.271717],[-73.363523,42.271259],[-73.363701,42.270979],[-73.363982,42.270546],[-73.364291,42.270061],[-73.364527,42.269677],[-73.364719,42.269372],[-73.364911,42.269075],[-73.365044,42.268872],[-73.365215,42.268605],[-73.365296,42.268475],[-73.365374,42.268343],[-73.36548,42.268151],[-73.365526,42.268053],[-73.365579,42.267921],[-73.365599,42.267853],[-73.365623,42.267747],[-73.365637,42.267639],[-73.36564,42.267531],[-73.365631,42.267438],[-73.365591,42.267251],[-73.36555,42.267113],[-73.365451,42.266838],[-73.365301,42.266409],[-73.365162,42.266003],[-73.36501,42.265536],[-73.364903,42.265253],[-73.364852,42.265112],[-73.36474,42.264746],[-73.364655,42.264491],[-73.364618,42.264364],[-73.364592,42.264247],[-73.36457,42.26413],[-73.364534,42.263878],[-73.364478,42.263321],[-73.364426,42.262901],[-73.364404,42.262763],[-73.36438,42.262633],[-73.364353,42.262503],[-73.364322,42.262374],[-73.364283,42.262231],[-73.364239,42.26209],[-73.364188,42.26195],[-73.364134,42.261816],[-73.364074,42.261683],[-73.364009,42.261551],[-73.363944,42.261426],[-73.363876,42.261303],[-73.363798,42.261182],[-73.363718,42.261078],[-73.363288,42.260579],[-73.363087,42.260352],[-73.362991,42.260237],[-73.362899,42.260121],[-73.362811,42.260004],[-73.362736,42.259883],[-73.362685,42.259776],[-73.362643,42.259667],[-73.362608,42.259557],[-73.362583,42.259452],[-73.362565,42.259346],[-73.362554,42.259239],[-73.362548,42.259139],[-73.362548,42.259039],[-73.362557,42.258939],[-73.362577,42.258831],[-73.362608,42.258723],[-73.362649,42.258618],[-73.362704,42.258496],[-73.362839,42.258323],[-73.36291,42.258222],[-73.362984,42.258122],[-73.363063,42.258024],[-73.363145,42.257931],[-73.363231,42.257839],[-73.36332,42.257749],[-73.363354,42.257714],[-73.363389,42.257679],[-73.363425,42.257645],[-73.363512,42.257575],[-73.363607,42.257511],[-73.363705,42.257449],[-73.363833,42.257378],[-73.363855,42.257367],[-73.363968,42.257311],[-73.364099,42.257242],[-73.364242,42.257161],[-73.364382,42.257077],[-73.364516,42.256988],[-73.364611,42.256915],[-73.364703,42.25684],[-73.364793,42.256762],[-73.364893,42.256673],[-73.36489878968894,42.25667407360493],[-73.365024,42.256552],[-73.365142,42.25645],[-73.365261,42.256348],[-73.365381,42.256247],[-73.365499,42.256147],[-73.365618,42.256047],[-73.365733,42.255945],[-73.365849,42.255838],[-73.365961,42.255729],[-73.366061,42.255615],[-73.366124,42.25553],[-73.366182,42.255443],[-73.366232,42.255354],[-73.36628,42.255241],[-73.366317,42.255125],[-73.366345,42.255008],[-73.366358,42.254956],[-73.366366,42.254922],[-73.36637,42.254904],[-73.366369,42.254854],[-73.366356,42.254819],[-73.366338,42.254784],[-73.366319,42.254749],[-73.366106,42.254692],[-73.366056,42.254678],[-73.366014,42.254665],[-73.365942,42.254642],[-73.365861,42.254622],[-73.365811,42.254607],[-73.365778,42.254598],[-73.365632,42.254556],[-73.365485,42.254513],[-73.365432,42.254499],[-73.36529,42.254463],[-73.365196,42.254433],[-73.36511,42.254397],[-73.365035,42.254341],[-73.364976,42.254278],[-73.364958,42.254237],[-73.364949,42.254193],[-73.364941,42.254148],[-73.364929,42.254076],[-73.364919,42.254004],[-73.36491,42.253931],[-73.364894,42.253819],[-73.364879,42.253705],[-73.364866,42.253592],[-73.364853,42.253471],[-73.364847,42.253402],[-73.364842,42.25335],[-73.364831,42.253229],[-73.364821,42.253115],[-73.364797,42.252887],[-73.364784,42.252784],[-73.36477,42.252681],[-73.364751,42.252579],[-73.364729,42.252491],[-73.364703,42.252404],[-73.364674,42.252318],[-73.364638,42.252224],[-73.364597,42.252132],[-73.364553,42.25204],[-73.364497,42.251942],[-73.364437,42.251845],[-73.364377,42.251749],[-73.364318,42.25165],[-73.364202,42.251452],[-73.364141,42.251352],[-73.364081,42.251251],[-73.364019,42.25115],[-73.363891,42.250954],[-73.363828,42.250855],[-73.363782,42.250775],[-73.363738,42.250694],[-73.36369,42.250615],[-73.363644,42.250543],[-73.363594,42.250473],[-73.363538,42.250406],[-73.363474,42.250343],[-73.363402,42.250284],[-73.363326,42.250228],[-73.363281,42.250199],[-73.363234,42.25017],[-73.363185,42.250144],[-73.363096,42.250113],[-73.363,42.250092],[-73.362904,42.250072],[-73.362771,42.250044],[-73.362636,42.25002],[-73.362501,42.249995],[-73.362325,42.249964],[-73.362239,42.249949],[-73.362148,42.249933],[-73.361972,42.249903],[-73.361806,42.249874],[-73.36164,42.249846],[-73.361473,42.249819],[-73.361288,42.249792],[-73.361103,42.249767],[-73.360917,42.249743],[-73.36077,42.249724],[-73.360622,42.249705],[-73.360475,42.249688],[-73.360376,42.249677],[-73.360278,42.249667],[-73.360213,42.24966],[-73.360179,42.249657],[-73.360031,42.24964],[-73.359883,42.249624],[-73.359734,42.249607],[-73.359597,42.249594],[-73.359459,42.249581],[-73.359411,42.249575],[-73.359323,42.249565],[-73.35919,42.249544],[-73.359058,42.249519],[-73.35893,42.249486],[-73.358797,42.249443],[-73.358674,42.249394],[-73.358669,42.249392],[-73.358549,42.249333],[-73.35844,42.249266],[-73.358339,42.249193],[-73.358246,42.249114],[-73.358156,42.249021],[-73.358076,42.248922],[-73.357998,42.248822],[-73.357924,42.248729],[-73.357912,42.248712],[-73.357852,42.248635],[-73.35778,42.248542],[-73.357702,42.248444],[-73.357623,42.248346],[-73.357546,42.248248],[-73.357475,42.248154],[-73.357406,42.248058],[-73.357336,42.247965],[-73.357261,42.247863],[-73.357186,42.247763],[-73.35711,42.247663],[-73.357022,42.247555],[-73.356933,42.247448],[-73.356847,42.24734],[-73.356767,42.247235],[-73.35669,42.24713],[-73.356622,42.247022],[-73.356573,42.246927],[-73.356529,42.246831],[-73.356489,42.246734],[-73.356446,42.246624],[-73.356407,42.246513],[-73.356371,42.246403],[-73.356335,42.246288],[-73.356302,42.246172],[-73.35627,42.246057],[-73.356264,42.246037],[-73.356235,42.245939],[-73.3562,42.24582],[-73.356173,42.245701],[-73.356148,42.245549],[-73.356148,42.245463],[-73.356146,42.245433],[-73.356142,42.245299],[-73.356149,42.245132],[-73.356164,42.244967],[-73.35618,42.2448],[-73.356216,42.244654],[-73.356252,42.244507],[-73.35629,42.24436],[-73.356348,42.244149],[-73.356468,42.243729],[-73.356523,42.243531],[-73.356631,42.243137],[-73.356689,42.242937],[-73.356714,42.242836],[-73.356728,42.242761],[-73.356741,42.242686],[-73.356744,42.24266],[-73.35675,42.242611],[-73.356755,42.242527],[-73.356756,42.242442],[-73.356756,42.242358],[-73.356754,42.242256],[-73.35675,42.242154],[-73.356743,42.242053],[-73.35674,42.242013],[-73.356735,42.241967],[-73.356726,42.241881],[-73.356714,42.241796],[-73.356707,42.241753],[-73.356699,42.241709],[-73.356692,42.241666],[-73.356676,42.241582],[-73.356668,42.241541],[-73.356646,42.241454],[-73.356634,42.241415],[-73.35662,42.241367],[-73.356592,42.241281],[-73.35655,42.241153],[-73.356503,42.241025],[-73.356449,42.2409],[-73.356397,42.240795],[-73.35634,42.240692],[-73.356274,42.240591],[-73.356223,42.240526],[-73.356204,42.240504],[-73.356168,42.240464],[-73.356111,42.240401],[-73.356049,42.240341],[-73.355965,42.240259],[-73.355806,42.240124],[-73.355644,42.23999],[-73.355479,42.23985],[-73.355311,42.239713],[-73.355135,42.239581],[-73.355026,42.239506],[-73.354915,42.239432],[-73.354799,42.239364],[-73.354684,42.239304],[-73.354565,42.239249],[-73.354443,42.239197],[-73.354329,42.239154],[-73.354212,42.239114],[-73.354096,42.239074],[-73.353987,42.239038],[-73.35384,42.238989],[-73.353583,42.238907],[-73.353325,42.238825],[-73.353198,42.238785],[-73.35302,42.238729],[-73.352803,42.23866],[-73.352715,42.238632],[-73.352409,42.238536],[-73.351971,42.238402],[-73.351534,42.238267],[-73.351099,42.238129],[-73.350937,42.238078],[-73.350776,42.238028],[-73.350622,42.237968],[-73.350559,42.237936],[-73.350498,42.237904],[-73.350437,42.23787],[-73.350184,42.237714],[-73.349945,42.237545],[-73.349706,42.237374],[-73.349407,42.237168],[-73.349239,42.23705],[-73.34911,42.23696],[-73.348811,42.236752],[-73.348552,42.236574],[-73.348324,42.236418],[-73.348292,42.236396],[-73.348034,42.236217],[-73.347918,42.236138],[-73.347803,42.236059],[-73.347695,42.235976],[-73.34762,42.235908],[-73.347548,42.235838],[-73.347482,42.235766],[-73.347429,42.235699],[-73.347396,42.235652],[-73.34738,42.23563],[-73.347335,42.235559],[-73.347306,42.235508],[-73.347278,42.235456],[-73.347251,42.235404],[-73.347185,42.235259],[-73.347126,42.235111],[-73.347068,42.234964],[-73.346966,42.234708],[-73.346866,42.234452],[-73.346764,42.234196],[-73.346676,42.233984],[-73.346586,42.233771],[-73.346497,42.23356],[-73.346422,42.233378],[-73.346349,42.233197],[-73.346275,42.233016],[-73.346113,42.232622],[-73.346033,42.232425],[-73.345952,42.232221],[-73.345873,42.232017],[-73.345796,42.231812],[-73.345747,42.231677],[-73.345698,42.231541],[-73.345657,42.231403],[-73.345624,42.231256],[-73.345599,42.231108],[-73.345575,42.23096],[-73.345511,42.230578],[-73.345478,42.230387],[-73.345462,42.230299],[-73.345447,42.230211],[-73.345428,42.230124],[-73.345413,42.230062],[-73.345396,42.230001],[-73.345377,42.229939],[-73.345354,42.229872],[-73.345328,42.229805],[-73.3453,42.229739],[-73.345262,42.229662],[-73.345221,42.229587],[-73.345178,42.229512],[-73.345105,42.229395],[-73.345027,42.22928],[-73.344946,42.229165],[-73.344821,42.229005],[-73.34469,42.228846],[-73.344574,42.228683],[-73.344526,42.2286],[-73.344481,42.228516],[-73.344443,42.22843],[-73.344411,42.228337],[-73.344387,42.228243],[-73.344368,42.228147],[-73.34435,42.227996],[-73.34434,42.22769],[-73.344327,42.227451],[-73.344314,42.227213],[-73.344302,42.226975],[-73.344294,42.226718],[-73.344285,42.226461],[-73.344265,42.226204],[-73.344257,42.226139],[-73.344247,42.226072],[-73.344237,42.226006],[-73.344219,42.225916],[-73.344198,42.225827],[-73.344174,42.225738],[-73.344137,42.225631],[-73.344053,42.225417],[-73.343995,42.225256],[-73.343938,42.225095],[-73.34388,42.224935],[-73.343822,42.224789],[-73.343763,42.224643],[-73.343709,42.224496],[-73.343665,42.224366],[-73.343625,42.224236],[-73.343591,42.224105],[-73.343558,42.22393],[-73.343536,42.223754],[-73.343517,42.223578],[-73.343497,42.223379],[-73.343481,42.22318],[-73.343467,42.22298],[-73.343452,42.222768],[-73.34344,42.222557],[-73.343427,42.222345],[-73.343415,42.222138],[-73.343403,42.221932],[-73.343388,42.221726],[-73.343382,42.22164],[-73.343375,42.221553],[-73.343344,42.221338],[-73.343308,42.221189],[-73.343271,42.221097],[-73.343228,42.221005],[-73.343189,42.220913],[-73.343159,42.220824],[-73.343134,42.220733],[-73.343118,42.220642],[-73.343113,42.22061],[-73.343111,42.220585],[-73.343109,42.220527],[-73.343108,42.220469],[-73.343107,42.220387],[-73.343108,42.220328],[-73.343108,42.220303],[-73.343112,42.220221],[-73.34313,42.220074],[-73.343186,42.219782],[-73.343225,42.219551],[-73.343263,42.21932],[-73.343302,42.21909],[-73.343354,42.21877],[-73.343407,42.21845],[-73.343418,42.21838],[-73.34346,42.21813],[-73.343572,42.2175],[-73.343628,42.217186],[-73.343674,42.21692],[-73.343764,42.216388],[-73.343816,42.216097],[-73.34392,42.215513],[-73.343963,42.215258],[-73.344005,42.215003],[-73.344054,42.214748],[-73.34411,42.214494],[-73.344172,42.214239],[-73.34424,42.213987],[-73.344318,42.21373],[-73.344359,42.213606],[-73.344402,42.213475],[-73.344492,42.213221],[-73.344559,42.213051],[-73.344614,42.212913],[-73.344744,42.212607],[-73.344817,42.212419],[-73.344898,42.212204],[-73.345043,42.211875],[-73.345179,42.211568],[-73.34542,42.211008],[-73.34553,42.210729],[-73.345362,42.210681],[-73.34524,42.21068],[-73.345174,42.210682],[-73.345129,42.210599],[-73.345117,42.210455],[-73.34512513369512,42.21021876462783],[-73.34468400448999,42.21022539889731],[-73.34469978349682,42.210223646241474],[-73.34449328563463,42.21022332317975],[-73.34449732714496,42.21080014236753],[-73.3447762670046,42.210806807027865],[-73.345174,42.210682],[-73.34524,42.21068],[-73.345362,42.210681],[-73.34553,42.210729],[-73.345747,42.210254],[-73.345808,42.210134],[-73.345876,42.209844],[-73.345929,42.209607],[-73.345955,42.209446],[-73.345974,42.209333],[-73.346012,42.209087],[-73.346077,42.208651],[-73.346152,42.208203],[-73.346243,42.207582],[-73.346308,42.207175],[-73.346391,42.206715],[-73.346444,42.206257],[-73.346538,42.205681],[-73.346611,42.205197],[-73.346625,42.205101],[-73.346686,42.204703],[-73.346712,42.204529],[-73.346762,42.204203],[-73.34682,42.203688],[-73.346826,42.203627],[-73.346864,42.203388],[-73.346903,42.203199],[-73.346994,42.202945],[-73.347102,42.202682],[-73.347272,42.202393],[-73.347479,42.202152],[-73.347659,42.201961],[-73.347847,42.201821],[-73.34805,42.201662],[-73.348218,42.201583],[-73.348523,42.201506],[-73.348746,42.201495],[-73.348987,42.201511],[-73.349345,42.201614],[-73.349628,42.201727],[-73.350129,42.201939],[-73.350906,42.20223],[-73.351224,42.202337],[-73.35151,42.202399],[-73.351891,42.202456],[-73.352212,42.202466],[-73.352567,42.202463],[-73.352872,42.202418],[-73.3532,42.202355],[-73.353645,42.202249],[-73.354032,42.202152],[-73.354565,42.202018],[-73.355009,42.201911],[-73.355236,42.201856],[-73.35553120896037,42.20179389388275],[-73.355542,42.201778],[-73.355961,42.201672],[-73.356558,42.201525],[-73.357,42.201439],[-73.357227,42.201409],[-73.357552,42.201413],[-73.357555,42.201414],[-73.357643,42.20142],[-73.357711,42.201424],[-73.357838,42.201433],[-73.35805,42.201442],[-73.358078,42.201444],[-73.358242,42.201451],[-73.358245,42.201399],[-73.358343,42.20117],[-73.358573,42.200752],[-73.358694,42.20056],[-73.358905,42.20031],[-73.359194,42.200057],[-73.359731,42.19964],[-73.360087,42.199377],[-73.360267,42.199245],[-73.360484,42.199077],[-73.36078,42.198848],[-73.360839,42.198799],[-73.361034,42.19864],[-73.36106,42.198603],[-73.361141,42.198493],[-73.361178,42.19841],[-73.361237,42.198245],[-73.361251,42.198127],[-73.361219,42.197822],[-73.36114,42.197488],[-73.361113,42.197374],[-73.361067,42.197197],[-73.36103,42.197054],[-73.361013,42.196911],[-73.361004,42.196837],[-73.361012,42.196483],[-73.361021,42.196436],[-73.36105,42.196277],[-73.361102,42.196109],[-73.361093,42.196139],[-73.361108,42.196089],[-73.361193,42.195884],[-73.361372,42.195558],[-73.361424,42.195497],[-73.361618,42.195269],[-73.361788,42.195073],[-73.361957,42.194877],[-73.362305,42.194482],[-73.362319,42.194467],[-73.362428,42.194351],[-73.362901,42.19382],[-73.363265,42.193363],[-73.363659,42.192827],[-73.363785,42.192683],[-73.363929,42.192776],[-73.364265,42.192914],[-73.364431,42.192977],[-73.364433,42.192978],[-73.364799,42.193115],[-73.36557,42.193363],[-73.365791,42.193363],[-73.366501,42.193336],[-73.367172,42.193317],[-73.36821,42.193268],[-73.368736,42.193176],[-73.36898,42.193157],[-73.369331,42.19315],[-73.369675,42.193172],[-73.370049,42.193218],[-73.370522,42.193302],[-73.370628,42.193321],[-73.370987,42.193394],[-73.371094,42.193485],[-73.371246,42.19363],[-73.371399,42.193851],[-73.371506,42.194096],[-73.371605,42.194374],[-73.371696,42.194565],[-73.371834,42.19492],[-73.371956,42.195217],[-73.372139,42.195705],[-73.372215,42.195896],[-73.372253,42.195988],[-73.372353,42.196125],[-73.372704,42.196369],[-73.373093,42.19656],[-73.373558,42.196796],[-73.374107,42.19701],[-73.374542,42.197121],[-73.375015,42.197296],[-73.375412,42.197449],[-73.375771,42.197681],[-73.376228,42.198074],[-73.376572,42.198303],[-73.376823,42.198479],[-73.3769,42.198521],[-73.377083,42.198635],[-73.377319,42.198788],[-73.377579,42.199017],[-73.377914,42.199268],[-73.37822,42.199593],[-73.378502,42.199898],[-73.378761,42.200191],[-73.37915,42.20063],[-73.379356,42.200886],[-73.379578,42.201176],[-73.379723,42.201447],[-73.379814,42.201641],[-73.37986,42.20174],[-73.379944,42.202061],[-73.380142,42.202766],[-73.380295,42.203327],[-73.380539,42.203926],[-73.380737,42.204193],[-73.380951,42.204414],[-73.38089,42.204483],[-73.380867,42.204586],[-73.380844,42.204887],[-73.380814,42.205135],[-73.380745,42.205311],[-73.380707,42.205399],[-73.380653,42.205524],[-73.380615,42.20562],[-73.380547,42.205845],[-73.380516,42.205944],[-73.380455,42.206177],[-73.380905,42.206135],[-73.381004,42.206135],[-73.381027,42.205967],[-73.380966,42.205769],[-73.380836,42.205624],[-73.380653,42.205524],[-73.380707,42.205399],[-73.380745,42.205311],[-73.380814,42.205135],[-73.380844,42.204887],[-73.380867,42.204586],[-73.38089,42.204483],[-73.380951,42.204414],[-73.380737,42.204193],[-73.380539,42.203926],[-73.380295,42.203327],[-73.380142,42.202766],[-73.379944,42.202061],[-73.37986,42.20174],[-73.379814,42.201641],[-73.379723,42.201447],[-73.379578,42.201176],[-73.379356,42.200886],[-73.37915,42.20063],[-73.378761,42.200191],[-73.378502,42.199898],[-73.37822,42.199593],[-73.377914,42.199268],[-73.377579,42.199017],[-73.377319,42.198788],[-73.377083,42.198635],[-73.3769,42.198521],[-73.376823,42.198479],[-73.376572,42.198303],[-73.376228,42.198074],[-73.375771,42.197681],[-73.375412,42.197449],[-73.375015,42.197296],[-73.374542,42.197121],[-73.374107,42.19701],[-73.373558,42.196796],[-73.373093,42.19656],[-73.372704,42.196369],[-73.372353,42.196125],[-73.372253,42.195988],[-73.372215,42.195896],[-73.372139,42.195705],[-73.371956,42.195217],[-73.371834,42.19492],[-73.371696,42.194565],[-73.371605,42.194374],[-73.371506,42.194096],[-73.371399,42.193851],[-73.371246,42.19363],[-73.371094,42.193485],[-73.370987,42.193394],[-73.370628,42.193321],[-73.370522,42.193302],[-73.370049,42.193218],[-73.369675,42.193172],[-73.369331,42.19315],[-73.369301,42.192833],[-73.369301,42.19281],[-73.369299,42.192809],[-73.369263,42.192491],[-73.369238,42.192219],[-73.369226,42.191942],[-73.369203,42.19155],[-73.369161,42.191139],[-73.369155,42.191078],[-73.369131,42.190614],[-73.369127,42.190516],[-73.369116,42.190196],[-73.369115,42.190188],[-73.369113,42.19017],[-73.369078,42.189903],[-73.369044,42.189549],[-73.369005,42.189344],[-73.368983,42.189229],[-73.368942,42.188866],[-73.368887,42.188545],[-73.368873,42.188473],[-73.368811,42.188144],[-73.368775,42.187894],[-73.36875,42.187716],[-73.36871,42.187323],[-73.368636,42.187051],[-73.368382,42.186851],[-73.368198,42.186745],[-73.367991,42.186626],[-73.367822,42.186519],[-73.367718,42.186453],[-73.368086,42.186103],[-73.368749,42.185473],[-73.369316,42.184935],[-73.369368,42.184885],[-73.370022,42.184264],[-73.369899,42.184165],[-73.369812,42.1841],[-73.369753,42.184051],[-73.369606,42.184015],[-73.369355,42.183991],[-73.369092,42.18399],[-73.368778,42.183988],[-73.368478,42.183989],[-73.368137,42.183991],[-73.367672,42.183993],[-73.367501,42.183991],[-73.367345,42.183989],[-73.366904,42.183984],[-73.366707,42.183983],[-73.366612,42.183982],[-73.366515,42.183981],[-73.366012,42.183977],[-73.365447,42.183967],[-73.364565,42.183959],[-73.364568,42.183144],[-73.364569,42.182745],[-73.364592,42.182085],[-73.364591,42.181638],[-73.364583,42.181422],[-73.364556,42.18121],[-73.36565102029141,42.18111672424658],[-73.36553123164478,42.1807083970516]]}},{"type":"Feature","properties":{"agency":"Link413","shape_id":"p_1436587"},"geometry":{"type":"LineString","coordinates":[[-73.365529,42.180635],[-73.365527,42.180625],[-73.365518,42.180587],[-73.36548,42.180429],[-73.365318,42.180386],[-73.365113,42.180332],[-73.364876,42.18027],[-73.36475,42.180237],[-73.364552,42.180243],[-73.364351,42.180292],[-73.364187,42.180376],[-73.363843,42.179949],[-73.363682,42.179744],[-73.363373,42.179363],[-73.363062,42.178969],[-73.362797,42.17864],[-73.362582,42.17836],[-73.36247,42.178186],[-73.362416,42.178101],[-73.362382,42.178037],[-73.362286,42.177845],[-73.362189,42.177574],[-73.362152,42.177385],[-73.362103,42.177136],[-73.362051,42.176843],[-73.362024,42.176623],[-73.362016,42.176389],[-73.362072,42.175977],[-73.362171,42.17555],[-73.36225,42.175189],[-73.3624790227217,42.174214212880486],[-73.36247414562781,42.17421783046976],[-73.3622440320233,42.1752198265631],[-73.361495,42.175105],[-73.361455,42.175243],[-73.361433,42.175402],[-73.361382,42.175613],[-73.36134,42.175807],[-73.361313,42.175949],[-73.361309,42.175993],[-73.361296,42.176127],[-73.361282,42.176245],[-73.361285,42.17634],[-73.361465,42.176348],[-73.362016,42.176389],[-73.362024,42.176623],[-73.362051,42.176843],[-73.362103,42.177136],[-73.362152,42.177385],[-73.362189,42.177574],[-73.362286,42.177845],[-73.362382,42.178037],[-73.362416,42.178101],[-73.36247,42.178186],[-73.362582,42.17836],[-73.362797,42.17864],[-73.363062,42.178969],[-73.363373,42.179363],[-73.363682,42.179744],[-73.363843,42.179949],[-73.364198,42.180402],[-73.36437,42.18071],[-73.364473,42.180933],[-73.364556,42.18121],[-73.364583,42.181422],[-73.364591,42.181638],[-73.364592,42.182085],[-73.364569,42.182745],[-73.364568,42.183144],[-73.364565,42.183959],[-73.365447,42.183967],[-73.366012,42.183977],[-73.366528,42.183981],[-73.366707,42.183983],[-73.366717,42.183983],[-73.366905,42.183984],[-73.367345,42.183989],[-73.367501,42.183991],[-73.367672,42.183993],[-73.368778,42.183988],[-73.369092,42.18399],[-73.369355,42.183991],[-73.369606,42.184015],[-73.369753,42.184051],[-73.369812,42.1841],[-73.369899,42.184165],[-73.370022,42.184264],[-73.369542,42.184715],[-73.369211,42.185029],[-73.3687,42.185521],[-73.368269,42.185914],[-73.367817,42.186356],[-73.367718,42.186453],[-73.36818791922568,42.18673182464991],[-73.367923,42.186583],[-73.367991,42.186626],[-73.368382,42.186851],[-73.368636,42.187051],[-73.36871,42.187323],[-73.36875,42.187716],[-73.368775,42.187894],[-73.368811,42.188144],[-73.368887,42.188545],[-73.368942,42.188866],[-73.368983,42.189229],[-73.369044,42.189549],[-73.369078,42.189903],[-73.369113,42.19017],[-73.369174,42.190171],[-73.3693,42.19017],[-73.369542,42.190158],[-73.36977,42.190139],[-73.370029,42.190117],[-73.370339,42.190092],[-73.37046,42.19008],[-73.370578,42.190082],[-73.370671,42.190089],[-73.37081,42.190102],[-73.370884,42.190093],[-73.370967,42.19008],[-73.371049,42.190056],[-73.371198,42.190022],[-73.371311,42.190006],[-73.37137,42.190005],[-73.371436,42.19003],[-73.371462,42.190172],[-73.371494,42.190374],[-73.371511,42.190477],[-73.371535,42.190626],[-73.371553,42.190782],[-73.371566,42.190885],[-73.371585,42.191042],[-73.371607,42.191293],[-73.371627,42.191373],[-73.371652,42.191425],[-73.371703,42.191476],[-73.37176,42.19152],[-73.371856,42.191576],[-73.372009,42.191651],[-73.37213,42.191725],[-73.372202,42.191787],[-73.372243,42.191851],[-73.372288,42.19197],[-73.372158,42.191981],[-73.371529,42.192024],[-73.370891,42.192083],[-73.370386,42.192133],[-73.3703,42.192138],[-73.370275,42.192139],[-73.369728,42.192175],[-73.369238,42.192219],[-73.369263,42.192491],[-73.369302,42.192833],[-73.369302,42.192835],[-73.369335,42.193148],[-73.368982,42.193158],[-73.368735,42.193178],[-73.36821,42.193267],[-73.367169,42.193318],[-73.366504,42.193335],[-73.365788,42.193364],[-73.365567,42.193363],[-73.364796,42.193116],[-73.364576,42.193032],[-73.364265,42.192914],[-73.363929,42.192776],[-73.363785,42.192683],[-73.363659,42.192827],[-73.363628,42.192869],[-73.363265,42.193363],[-73.362901,42.19382],[-73.362428,42.194351],[-73.362329,42.194456],[-73.362305,42.194482],[-73.361957,42.194877],[-73.361788,42.195073],[-73.361618,42.195269],[-73.361424,42.195497],[-73.361372,42.195558],[-73.361193,42.195884],[-73.361108,42.196089],[-73.36105,42.196277],[-73.361021,42.196436],[-73.360883,42.196415],[-73.361011,42.196535],[-73.361004,42.196837],[-73.361013,42.196911],[-73.36103,42.197054],[-73.361067,42.197197],[-73.361113,42.197374],[-73.36114,42.197488],[-73.361219,42.197822],[-73.361251,42.198127],[-73.361237,42.198245],[-73.361178,42.19841],[-73.361141,42.198493],[-73.36106,42.198603],[-73.361034,42.19864],[-73.360818,42.198817],[-73.36078,42.198848],[-73.360484,42.199077],[-73.360267,42.199245],[-73.360087,42.199377],[-73.359731,42.19964],[-73.359194,42.200057],[-73.358905,42.20031],[-73.358694,42.20056],[-73.358573,42.200752],[-73.358343,42.20117],[-73.358245,42.201399],[-73.358242,42.201451],[-73.358078,42.201444],[-73.35805,42.201442],[-73.357838,42.201433],[-73.357711,42.201424],[-73.357643,42.20142],[-73.357555,42.201414],[-73.357552,42.201413],[-73.357227,42.201409],[-73.357,42.201439],[-73.356558,42.201525],[-73.356301,42.201588],[-73.355961,42.201672],[-73.355236,42.201856],[-73.355009,42.201911],[-73.354565,42.202018],[-73.354032,42.202152],[-73.353645,42.202249],[-73.3532,42.202355],[-73.352872,42.202418],[-73.352567,42.202463],[-73.352212,42.202466],[-73.351891,42.202456],[-73.35151,42.202399],[-73.351224,42.202337],[-73.350906,42.20223],[-73.350129,42.201939],[-73.349628,42.201727],[-73.349345,42.201614],[-73.348987,42.201511],[-73.348746,42.201495],[-73.348523,42.201506],[-73.348218,42.201583],[-73.34805,42.201662],[-73.347847,42.201821],[-73.347659,42.201961],[-73.347479,42.202152],[-73.347272,42.202393],[-73.347102,42.202682],[-73.346994,42.202945],[-73.346903,42.203199],[-73.346864,42.203388],[-73.346826,42.203627],[-73.34682,42.203688],[-73.346762,42.204203],[-73.346712,42.204529],[-73.346686,42.204703],[-73.346625,42.205101],[-73.34661,42.205204],[-73.346538,42.205681],[-73.346444,42.206257],[-73.346391,42.206715],[-73.346308,42.207175],[-73.346243,42.207582],[-73.346152,42.208203],[-73.346077,42.208651],[-73.346012,42.209087],[-73.345974,42.209333],[-73.345955,42.209446],[-73.345929,42.209607],[-73.345876,42.209844],[-73.345808,42.210134],[-73.345747,42.210254],[-73.34553,42.210729],[-73.345362,42.210681],[-73.34524,42.21068],[-73.345174,42.210682],[-73.345129,42.210599],[-73.345117,42.210455],[-73.34510295393899,42.210236674388256],[-73.34468370332455,42.21025596211473],[-73.34470713968724,42.21025789088424],[-73.3444910042824,42.21025789088424],[-73.34448058816268,42.21080394096319],[-73.34479845087769,42.21080220075592],[-73.345174,42.210682],[-73.34524,42.21068],[-73.345362,42.210681],[-73.34553,42.210729],[-73.34542,42.211008],[-73.345179,42.211568],[-73.345043,42.211875],[-73.344898,42.212204],[-73.344817,42.212419],[-73.344744,42.212607],[-73.344614,42.212913],[-73.344559,42.213051],[-73.344492,42.213221],[-73.344402,42.213475],[-73.344359,42.213606],[-73.344318,42.21373],[-73.34424,42.213987],[-73.344172,42.214239],[-73.34411,42.214494],[-73.344054,42.214748],[-73.344005,42.215003],[-73.343963,42.215258],[-73.34392,42.215513],[-73.343816,42.216097],[-73.343764,42.216388],[-73.343674,42.21692],[-73.343628,42.217186],[-73.343572,42.2175],[-73.34346,42.21813],[-73.343418,42.21838],[-73.343407,42.21845],[-73.343354,42.21877],[-73.343302,42.21909],[-73.343263,42.21932],[-73.343225,42.219551],[-73.343186,42.219782],[-73.34313,42.220074],[-73.343112,42.220221],[-73.343108,42.220303],[-73.343108,42.220328],[-73.343069,42.220411],[-73.343031,42.220495],[-73.342997,42.22058],[-73.342958,42.220706],[-73.342928,42.220835],[-73.342899,42.220964],[-73.342865,42.221104],[-73.34297,42.221159],[-73.34305,42.221201],[-73.34319,42.221337],[-73.343294,42.221421],[-73.343375,42.221553],[-73.343382,42.22164],[-73.343388,42.221726],[-73.343403,42.221932],[-73.343415,42.222138],[-73.343427,42.222345],[-73.34344,42.222557],[-73.343452,42.222768],[-73.343467,42.22298],[-73.343481,42.22318],[-73.343497,42.223379],[-73.343517,42.223578],[-73.343536,42.223754],[-73.343558,42.22393],[-73.343591,42.224105],[-73.343625,42.224236],[-73.343665,42.224366],[-73.343709,42.224496],[-73.343763,42.224643],[-73.343822,42.224789],[-73.34388,42.224935],[-73.343938,42.225095],[-73.343995,42.225256],[-73.344053,42.225417],[-73.344137,42.225631],[-73.344174,42.225738],[-73.344198,42.225827],[-73.344219,42.225916],[-73.344237,42.226006],[-73.344247,42.226072],[-73.344257,42.226139],[-73.344265,42.226204],[-73.344285,42.226461],[-73.344294,42.226718],[-73.344302,42.226975],[-73.344314,42.227213],[-73.344327,42.227451],[-73.34434,42.22769],[-73.34435,42.227996],[-73.344368,42.228147],[-73.344387,42.228243],[-73.344411,42.228337],[-73.344443,42.22843],[-73.344481,42.228516],[-73.344526,42.2286],[-73.344574,42.228683],[-73.34469,42.228846],[-73.344821,42.229005],[-73.344946,42.229165],[-73.345027,42.22928],[-73.345105,42.229395],[-73.345178,42.229512],[-73.345221,42.229587],[-73.345262,42.229662],[-73.3453,42.229739],[-73.345328,42.229805],[-73.345354,42.229872],[-73.345377,42.229939],[-73.345396,42.230001],[-73.345413,42.230062],[-73.345428,42.230124],[-73.345447,42.230211],[-73.345462,42.230299],[-73.345478,42.230387],[-73.345511,42.230578],[-73.345575,42.23096],[-73.345599,42.231108],[-73.345624,42.231256],[-73.345657,42.231403],[-73.345698,42.231541],[-73.345747,42.231677],[-73.345796,42.231812],[-73.345873,42.232017],[-73.345952,42.232221],[-73.346033,42.232425],[-73.346113,42.232622],[-73.346275,42.233016],[-73.346349,42.233197],[-73.346422,42.233378],[-73.346497,42.23356],[-73.346586,42.233771],[-73.346676,42.233984],[-73.346764,42.234196],[-73.346866,42.234452],[-73.346966,42.234708],[-73.347068,42.234964],[-73.347126,42.235111],[-73.347185,42.235259],[-73.347251,42.235404],[-73.347278,42.235456],[-73.347306,42.235508],[-73.347335,42.235559],[-73.34738,42.23563],[-73.347396,42.235652],[-73.347429,42.235699],[-73.347482,42.235766],[-73.347548,42.235838],[-73.34762,42.235908],[-73.347695,42.235976],[-73.347803,42.236059],[-73.347918,42.236138],[-73.348034,42.236217],[-73.348292,42.236396],[-73.348324,42.236418],[-73.348552,42.236574],[-73.348811,42.236752],[-73.34911,42.23696],[-73.349239,42.23705],[-73.349407,42.237168],[-73.349706,42.237374],[-73.349945,42.237545],[-73.350184,42.237714],[-73.350437,42.23787],[-73.350498,42.237904],[-73.350559,42.237936],[-73.350622,42.237968],[-73.350776,42.238028],[-73.350937,42.238078],[-73.351099,42.238129],[-73.351534,42.238267],[-73.351971,42.238402],[-73.352409,42.238536],[-73.352715,42.238632],[-73.352803,42.23866],[-73.35302,42.238729],[-73.353198,42.238785],[-73.353325,42.238825],[-73.353583,42.238907],[-73.35384,42.238989],[-73.353987,42.239038],[-73.354096,42.239074],[-73.354212,42.239114],[-73.354329,42.239154],[-73.354443,42.239197],[-73.354565,42.239249],[-73.354684,42.239304],[-73.354799,42.239364],[-73.354915,42.239432],[-73.355026,42.239506],[-73.355135,42.239581],[-73.355311,42.239713],[-73.355479,42.23985],[-73.355644,42.23999],[-73.355806,42.240124],[-73.355965,42.240259],[-73.356049,42.240341],[-73.356111,42.240401],[-73.356168,42.240464],[-73.356204,42.240504],[-73.356223,42.240526],[-73.356274,42.240591],[-73.35634,42.240692],[-73.356397,42.240795],[-73.356449,42.2409],[-73.356503,42.241025],[-73.35655,42.241153],[-73.356592,42.241281],[-73.35662,42.241367],[-73.356634,42.241415],[-73.356646,42.241454],[-73.356668,42.241541],[-73.356676,42.241582],[-73.356692,42.241666],[-73.356699,42.241709],[-73.356707,42.241753],[-73.356714,42.241796],[-73.356726,42.241881],[-73.356735,42.241967],[-73.35674,42.242013],[-73.356743,42.242053],[-73.35675,42.242154],[-73.356754,42.242256],[-73.356756,42.242358],[-73.356756,42.242442],[-73.356755,42.242527],[-73.35675,42.242611],[-73.356744,42.24266],[-73.356741,42.242686],[-73.356728,42.242761],[-73.356714,42.242836],[-73.356689,42.242937],[-73.356631,42.243137],[-73.356523,42.243531],[-73.356468,42.243729],[-73.356348,42.244149],[-73.35629,42.24436],[-73.356252,42.244507],[-73.356216,42.244654],[-73.35618,42.2448],[-73.356164,42.244967],[-73.356149,42.245132],[-73.356142,42.245299],[-73.356146,42.245433],[-73.356148,42.245463],[-73.356148,42.245549],[-73.356173,42.245701],[-73.3562,42.24582],[-73.356235,42.245939],[-73.356264,42.246037],[-73.35627,42.246057],[-73.356302,42.246172],[-73.356335,42.246288],[-73.356371,42.246403],[-73.356407,42.246513],[-73.356446,42.246624],[-73.356489,42.246734],[-73.356529,42.246831],[-73.356573,42.246927],[-73.356622,42.247022],[-73.35669,42.24713],[-73.356767,42.247235],[-73.356847,42.24734],[-73.356933,42.247448],[-73.357022,42.247555],[-73.35711,42.247663],[-73.357186,42.247763],[-73.357261,42.247863],[-73.357336,42.247965],[-73.357406,42.248058],[-73.357475,42.248154],[-73.357546,42.248248],[-73.357623,42.248346],[-73.357702,42.248444],[-73.35778,42.248542],[-73.357852,42.248635],[-73.357912,42.248712],[-73.357924,42.248729],[-73.357998,42.248822],[-73.358076,42.248922],[-73.358156,42.249021],[-73.358246,42.249114],[-73.358339,42.249193],[-73.35844,42.249266],[-73.358549,42.249333],[-73.358669,42.249392],[-73.358674,42.249394],[-73.358797,42.249443],[-73.35893,42.249486],[-73.359058,42.249519],[-73.35919,42.249544],[-73.359323,42.249565],[-73.359411,42.249575],[-73.359459,42.249581],[-73.359597,42.249594],[-73.359734,42.249607],[-73.359883,42.249624],[-73.360031,42.24964],[-73.360179,42.249657],[-73.360197,42.249659],[-73.360199,42.249657],[-73.360475,42.249688],[-73.362239,42.249949],[-73.363096,42.250113],[-73.363326,42.250228],[-73.363644,42.250543],[-73.364553,42.25204],[-73.364729,42.252491],[-73.364797,42.252887],[-73.364847,42.253402],[-73.364958,42.254237],[-73.36511,42.254397],[-73.36529,42.254463],[-73.365432,42.254499],[-73.365485,42.254513],[-73.365632,42.254556],[-73.365778,42.254598],[-73.365811,42.254607],[-73.365861,42.254622],[-73.365942,42.254642],[-73.366014,42.254665],[-73.366056,42.254678],[-73.366106,42.254692],[-73.366319,42.254749],[-73.366338,42.254784],[-73.36637,42.254904],[-73.366366,42.254918],[-73.366232,42.255354],[-73.365961,42.255729],[-73.364793,42.256762],[-73.364703,42.25684],[-73.364611,42.256915],[-73.364516,42.256988],[-73.364382,42.257077],[-73.364242,42.257161],[-73.364099,42.257242],[-73.363968,42.257311],[-73.363855,42.257367],[-73.363833,42.257378],[-73.363705,42.257449],[-73.363607,42.257511],[-73.363512,42.257575],[-73.363425,42.257645],[-73.363389,42.257679],[-73.363354,42.257714],[-73.36332,42.257749],[-73.363231,42.257839],[-73.363145,42.257931],[-73.363063,42.258024],[-73.362984,42.258122],[-73.36291,42.258222],[-73.362839,42.258323],[-73.362704,42.258496],[-73.362649,42.258618],[-73.362608,42.258723],[-73.362577,42.258831],[-73.362557,42.258939],[-73.362548,42.259039],[-73.362548,42.259139],[-73.362554,42.259239],[-73.362565,42.259346],[-73.362583,42.259452],[-73.362608,42.259557],[-73.362643,42.259667],[-73.362685,42.259776],[-73.362736,42.259883],[-73.362811,42.260004],[-73.362899,42.260121],[-73.362991,42.260237],[-73.363087,42.260352],[-73.363288,42.260579],[-73.363718,42.261078],[-73.363798,42.261182],[-73.363876,42.261303],[-73.363944,42.261426],[-73.364009,42.261551],[-73.364074,42.261683],[-73.364134,42.261816],[-73.364188,42.26195],[-73.364239,42.26209],[-73.364283,42.262231],[-73.364322,42.262374],[-73.364353,42.262503],[-73.36438,42.262633],[-73.364404,42.262763],[-73.364426,42.262901],[-73.364478,42.263321],[-73.364534,42.263878],[-73.36457,42.26413],[-73.364592,42.264247],[-73.364618,42.264364],[-73.364655,42.264491],[-73.36474,42.264746],[-73.364852,42.265112],[-73.364903,42.265253],[-73.36501,42.265536],[-73.365162,42.266003],[-73.365301,42.266409],[-73.365451,42.266838],[-73.36555,42.267113],[-73.365591,42.267251],[-73.365631,42.267438],[-73.36564,42.267531],[-73.365637,42.267639],[-73.365623,42.267747],[-73.365599,42.267853],[-73.365579,42.267921],[-73.365526,42.268053],[-73.36548,42.268151],[-73.365374,42.268343],[-73.365296,42.268475],[-73.365215,42.268605],[-73.365044,42.268872],[-73.364911,42.269075],[-73.364719,42.269372],[-73.364527,42.269677],[-73.364291,42.270061],[-73.363982,42.270546],[-73.363701,42.270979],[-73.363523,42.271259],[-73.363225,42.271717],[-73.363072,42.271908],[-73.362908,42.272083],[-73.362771,42.272208],[-73.36255,42.272373],[-73.36236,42.272498],[-73.362159,42.27263],[-73.361854,42.272806],[-73.36158,42.272986],[-73.36152,42.273029],[-73.361343,42.273156],[-73.36115,42.273325],[-73.360949,42.273551],[-73.360722,42.273871],[-73.360663,42.273989],[-73.36058,42.274156],[-73.360506,42.274349],[-73.360334,42.275015],[-73.360196,42.275603],[-73.360186,42.275666],[-73.360173,42.275754],[-73.360146,42.275981],[-73.360146,42.276073],[-73.360151,42.276509],[-73.36015,42.276862],[-73.360138,42.277083],[-73.360122,42.27721],[-73.360094,42.277301],[-73.360036,42.277444],[-73.359934,42.2776],[-73.359784,42.277791],[-73.3597,42.277874],[-73.359666,42.277907],[-73.359396,42.278151],[-73.35875,42.278719],[-73.35848,42.278951],[-73.358114,42.279218],[-73.357728,42.27946],[-73.357088,42.279848],[-73.356487,42.280281],[-73.356197,42.280522],[-73.35586,42.280814],[-73.355635,42.281072],[-73.355474,42.281236],[-73.355283,42.281399],[-73.355039,42.281556],[-73.354786,42.281681],[-73.354482,42.28179],[-73.353452,42.282045],[-73.353171,42.282092],[-73.352926,42.28211],[-73.352677,42.282077],[-73.352579,42.282044],[-73.352395,42.281983],[-73.352163,42.281828],[-73.351979,42.281627],[-73.351663,42.281042],[-73.351495,42.280786],[-73.351314,42.280565],[-73.351126,42.280395],[-73.350835,42.280252],[-73.35041,42.280176],[-73.350351,42.280178],[-73.350108,42.280188],[-73.349496,42.280377],[-73.348668,42.280673],[-73.348183,42.280846],[-73.347053,42.281246],[-73.346176,42.281553],[-73.345263,42.281884],[-73.344936,42.282025],[-73.344745,42.282142],[-73.344584,42.282291],[-73.344428,42.282493],[-73.344208,42.282824],[-73.344003,42.283147],[-73.34395,42.283249],[-73.343444,42.283167],[-73.343034,42.283119],[-73.342669,42.283079],[-73.342102,42.283014],[-73.341911,42.282985],[-73.341739,42.282949],[-73.341515,42.282874],[-73.341406,42.282837],[-73.341219,42.282795],[-73.340853,42.282748],[-73.340106,42.282718],[-73.339331,42.282697],[-73.338875,42.282713],[-73.338387,42.282775],[-73.33779,42.282874],[-73.337692,42.28289],[-73.337278,42.282956],[-73.33684,42.283048],[-73.336475,42.283147],[-73.336225,42.283211],[-73.336055,42.283262],[-73.335579,42.283391],[-73.33512,42.283524],[-73.334812,42.283616],[-73.334789,42.283626],[-73.334546,42.283724],[-73.334322,42.283825],[-73.334079,42.283935],[-73.333748,42.284063],[-73.333735,42.28407],[-73.333474,42.284197],[-73.333382,42.284236],[-73.33331,42.284267],[-73.333148,42.284337],[-73.332889,42.284404],[-73.332748,42.284443],[-73.332621,42.284473],[-73.332505,42.284497],[-73.332351,42.28452],[-73.33224,42.284544],[-73.331955,42.284595],[-73.331455,42.284684],[-73.330943,42.284768],[-73.330937,42.284769],[-73.330327,42.284839],[-73.330087,42.284865],[-73.329948,42.28488],[-73.329848,42.284891],[-73.329116,42.284955],[-73.328642,42.284982],[-73.328615,42.284982],[-73.328393,42.284986],[-73.328229,42.284978],[-73.328085,42.284953],[-73.327963,42.284897],[-73.327865,42.284818],[-73.327773,42.28473],[-73.327696,42.284613],[-73.327617,42.28448],[-73.327517,42.28435],[-73.327316,42.284165],[-73.326887,42.283765],[-73.326612,42.283515],[-73.326532,42.283454],[-73.326513,42.283443],[-73.326473,42.28342],[-73.326402,42.283389],[-73.326346,42.28337],[-73.326308,42.283365],[-73.326233,42.283356],[-73.325917,42.283319],[-73.325872,42.283314],[-73.325845,42.283315],[-73.325807,42.283323],[-73.325723,42.283343],[-73.325597,42.283383],[-73.32559,42.283385],[-73.325151,42.283524],[-73.324043,42.283907],[-73.323815,42.283982],[-73.323466,42.284096],[-73.323215,42.284178],[-73.323074,42.284225],[-73.323014,42.284244],[-73.322855,42.284299],[-73.322603,42.284366],[-73.322484,42.284384],[-73.322369,42.28439],[-73.32226,42.284393],[-73.321982,42.284365],[-73.321602,42.284304],[-73.321011,42.284197],[-73.320466,42.284083],[-73.320016,42.283997],[-73.319765,42.283949],[-73.319357,42.283866],[-73.319081,42.283809],[-73.318884,42.283767],[-73.318798,42.283749],[-73.318068,42.283594],[-73.317266,42.283423],[-73.316172,42.283186],[-73.315685,42.283081],[-73.315253,42.282986],[-73.314781,42.282884],[-73.314538,42.282832],[-73.314095,42.282736],[-73.313876,42.28269],[-73.313279,42.282558],[-73.31296,42.282489],[-73.312593,42.282407],[-73.312376,42.282358],[-73.312124,42.282299],[-73.312011,42.282274],[-73.311265,42.282109],[-73.310135,42.28186],[-73.309983,42.281826],[-73.309656,42.281758],[-73.309474,42.281722],[-73.309302,42.281694],[-73.309174,42.281678],[-73.309057,42.281666],[-73.308845,42.281644],[-73.308658,42.28163],[-73.30847,42.281622],[-73.308464,42.281592],[-73.30842,42.28159],[-73.307983,42.281582],[-73.307386,42.281592],[-73.306402,42.281615],[-73.306364,42.281616],[-73.305565,42.281648],[-73.305375,42.281733],[-73.305087,42.281923],[-73.304779,42.282187],[-73.304748,42.282206],[-73.304604,42.282305],[-73.304356,42.282475],[-73.303717,42.282896],[-73.302969,42.283391],[-73.302117,42.283936],[-73.301553,42.284299],[-73.301404,42.284396],[-73.301262,42.284505],[-73.30115,42.284595],[-73.301004,42.284724],[-73.300875,42.284855],[-73.30073,42.285017],[-73.30035,42.28554],[-73.30017,42.285809],[-73.299991,42.286076],[-73.299651,42.286572],[-73.299442,42.286863],[-73.299153,42.28735],[-73.298817,42.287937],[-73.298641,42.288267],[-73.298344,42.288824],[-73.297899,42.289667],[-73.297471,42.29046],[-73.296982,42.290367],[-73.293782,42.289781],[-73.292196,42.289498],[-73.291756,42.289458],[-73.291085,42.289467],[-73.289871,42.289688],[-73.289834,42.289694],[-73.289198,42.289795],[-73.288681,42.289875],[-73.28865,42.28988],[-73.288584,42.289888],[-73.288519,42.289895],[-73.288453,42.289904],[-73.288359,42.289918],[-73.288173,42.28995],[-73.287481,42.290025],[-73.286642,42.290102],[-73.285814,42.290169],[-73.285008,42.290253],[-73.284887,42.290259],[-73.284766,42.290264],[-73.284699,42.290268],[-73.284645,42.290272],[-73.284552,42.290281],[-73.284459,42.290292],[-73.284367,42.290305],[-73.284283,42.290323],[-73.284201,42.290342],[-73.284119,42.290363],[-73.284019,42.29039],[-73.283919,42.290418],[-73.28382,42.290447],[-73.283436,42.290571],[-73.282726,42.290805],[-73.282605,42.290844],[-73.28183,42.291097],[-73.281248,42.291294],[-73.280689,42.291491],[-73.28061,42.29152],[-73.28053,42.29155],[-73.280451,42.291579],[-73.280279,42.291645],[-73.280192,42.291677],[-73.280082,42.291714],[-73.27997,42.291749],[-73.279858,42.291782],[-73.279731,42.291822],[-73.279603,42.291859],[-73.279475,42.291895],[-73.279385,42.291918],[-73.279296,42.29194],[-73.279206,42.291961],[-73.278296,42.292168],[-73.277633,42.292335],[-73.277532,42.292364],[-73.277432,42.292393],[-73.277332,42.292424],[-73.277255,42.29245],[-73.277177,42.292477],[-73.2771,42.292504],[-73.27702,42.292535],[-73.276862,42.292599],[-73.276779,42.292632],[-73.276696,42.292664],[-73.276615,42.292699],[-73.276554,42.292726],[-73.276494,42.292754],[-73.276434,42.292783],[-73.27635,42.292819],[-73.276266,42.292856],[-73.276181,42.292893],[-73.276082,42.292936],[-73.275882,42.293024],[-73.275722,42.293094],[-73.275641,42.293129],[-73.275569,42.293161],[-73.275496,42.293193],[-73.275422,42.293223],[-73.275344,42.29325],[-73.275265,42.293275],[-73.275186,42.293301],[-73.275119,42.293326],[-73.275052,42.293353],[-73.274985,42.293378],[-73.274884,42.293413],[-73.274781,42.293447],[-73.274679,42.293481],[-73.27459,42.293511],[-73.2745,42.29354],[-73.27441,42.29357],[-73.274038,42.293716],[-73.274014,42.293725],[-73.273363,42.294042],[-73.272695,42.294361],[-73.272616,42.294401],[-73.272182,42.294617],[-73.272119,42.294653],[-73.272055,42.294688],[-73.271991,42.294724],[-73.271902,42.294772],[-73.271724,42.29487],[-73.271643,42.294914],[-73.271563,42.294958],[-73.271486,42.295006],[-73.271419,42.295056],[-73.271291,42.29516],[-73.271237,42.295201],[-73.271182,42.295242],[-73.271129,42.295283],[-73.27106,42.295344],[-73.270993,42.295406],[-73.270926,42.295469],[-73.270217,42.296116],[-73.269952,42.296357],[-73.269648,42.296635],[-73.26933,42.29696],[-73.268806,42.297501],[-73.268567,42.297751],[-73.268523,42.297807],[-73.268478,42.297864],[-73.268433,42.29792],[-73.268386,42.297978],[-73.268339,42.298037],[-73.268291,42.298095],[-73.268234,42.298161],[-73.268176,42.298227],[-73.268118,42.298292],[-73.268075,42.29834],[-73.268031,42.298388],[-73.267985,42.298434],[-73.267923,42.298489],[-73.267791,42.298595],[-73.267512,42.298802],[-73.267226,42.29902],[-73.267181,42.299049],[-73.267137,42.299078],[-73.267094,42.299108],[-73.26702,42.29917],[-73.266951,42.299236],[-73.266884,42.299302],[-73.26681,42.299371],[-73.266737,42.29944],[-73.266667,42.299511],[-73.266622,42.299562],[-73.266577,42.299612],[-73.266489,42.299712],[-73.266444,42.299762],[-73.266398,42.299811],[-73.26635,42.299859],[-73.2663,42.299908],[-73.266248,42.299954],[-73.266192,42.3],[-73.266134,42.300045],[-73.266073,42.300087],[-73.266007,42.300128],[-73.265939,42.300168],[-73.265872,42.300207],[-73.265625,42.300318],[-73.265124,42.300542],[-73.26501,42.300593],[-73.264896,42.300643],[-73.264783,42.300693],[-73.264657,42.300751],[-73.264533,42.300809],[-73.264407,42.300865],[-73.264316,42.300905],[-73.264224,42.300944],[-73.264131,42.300981],[-73.264058,42.301007],[-73.264017,42.301021],[-73.263783,42.301095],[-73.263655,42.301141],[-73.263632,42.30115],[-73.263527,42.301188],[-73.263398,42.301232],[-73.263301,42.301263],[-73.263204,42.301291],[-73.263105,42.301317],[-73.263001,42.301341],[-73.262791,42.301385],[-73.262646,42.301418],[-73.262502,42.301452],[-73.262356,42.301485],[-73.262234,42.301512],[-73.262112,42.301538],[-73.261989,42.301563],[-73.261789,42.301599],[-73.261689,42.301618],[-73.261634,42.301631],[-73.261542,42.301653],[-73.261469,42.301669],[-73.261365,42.30169],[-73.261261,42.30171],[-73.261156,42.301727],[-73.261086,42.301738],[-73.261015,42.301748],[-73.260896,42.301755],[-73.260472,42.301763],[-73.2603,42.301762],[-73.259262,42.301752],[-73.258509,42.301759],[-73.25829,42.301768],[-73.258223,42.301772],[-73.258155,42.301776],[-73.258088,42.30178],[-73.25783,42.301798],[-73.257738,42.301805],[-73.257646,42.301813],[-73.257554,42.30182],[-73.257515,42.301825],[-73.257476,42.301829],[-73.257437,42.301834],[-73.257399,42.30184],[-73.257323,42.301854],[-73.257286,42.301861],[-73.257214,42.301875],[-73.256462,42.302086],[-73.256363,42.302113],[-73.256115,42.302187],[-73.256106,42.30219],[-73.255712,42.302308],[-73.255444,42.302389],[-73.254517,42.302665],[-73.253696,42.302914],[-73.253463,42.302991],[-73.252283,42.303375],[-73.25211,42.303431],[-73.2518,42.303552],[-73.251531,42.303649],[-73.251428,42.303682],[-73.25127,42.303731],[-73.251109,42.303775],[-73.250926,42.303819],[-73.250622,42.30389],[-73.250502,42.303914],[-73.250365,42.30394],[-73.249998,42.303996],[-73.249326,42.30409],[-73.249096,42.304086],[-73.248677,42.304147],[-73.248219,42.304199],[-73.248056,42.304252],[-73.246867,42.30439],[-73.246616,42.304423],[-73.246474,42.304425],[-73.24647,42.304425],[-73.246404,42.304424],[-73.246326,42.304416],[-73.246249,42.304406],[-73.246173,42.304391],[-73.246096,42.30437],[-73.246056,42.304357],[-73.246022,42.304346],[-73.24595,42.304317],[-73.245889,42.304287],[-73.24583,42.304255],[-73.245776,42.304218],[-73.245729,42.304179],[-73.245688,42.304142],[-73.245639,42.304094],[-73.245599,42.304052],[-73.245552,42.304004],[-73.2455,42.303953],[-73.244339,42.30259],[-73.242873,42.300862],[-73.242587,42.300529],[-73.241984,42.299822],[-73.241168,42.298854],[-73.24113,42.298809],[-73.240906,42.298555],[-73.24034,42.297945],[-73.240226,42.297822],[-73.240096,42.297698],[-73.239969,42.297591],[-73.23974,42.297419],[-73.239659,42.297358],[-73.239402,42.297165],[-73.23931,42.297099],[-73.239212,42.297035],[-73.23911,42.296974],[-73.239004,42.296915],[-73.238863,42.296787],[-73.238799,42.296719],[-73.238742,42.296649],[-73.238693,42.296569],[-73.238665,42.296501],[-73.238646,42.296427],[-73.238637,42.29635],[-73.238647,42.296277],[-73.238679,42.296138],[-73.238744,42.296041],[-73.238884,42.295833],[-73.239107,42.295501],[-73.23915,42.29543],[-73.239212,42.295294],[-73.239288,42.295187],[-73.23940518101672,42.29528058614798],[-73.24027068633534,42.29560754593143],[-73.240415,42.295428],[-73.240484,42.295332],[-73.240594,42.295178],[-73.240714,42.295012],[-73.240476,42.294916],[-73.240115,42.294407],[-73.239855,42.294304],[-73.239582,42.294761],[-73.239288,42.295187],[-73.239212,42.295294],[-73.239023,42.295471],[-73.238923,42.295566],[-73.238817,42.295655],[-73.238721,42.295737],[-73.238615,42.295832],[-73.2385,42.295942],[-73.23841,42.296032],[-73.238322,42.296138],[-73.238205,42.296285],[-73.238157,42.296333],[-73.238095,42.296381],[-73.238032,42.296421],[-73.237954,42.296451],[-73.237869,42.29647],[-73.237781,42.296475],[-73.237656,42.296473],[-73.237501,42.296461],[-73.237307,42.296451],[-73.237147,42.296449],[-73.236973,42.296455],[-73.236819,42.296468],[-73.236648,42.296496],[-73.236481,42.29654],[-73.236263,42.296605],[-73.236057,42.296682],[-73.236016,42.296626],[-73.235969,42.29657],[-73.235866,42.296463],[-73.235773,42.296425],[-73.235645,42.296405],[-73.235498,42.296416],[-73.235407,42.296455],[-73.235328,42.296527],[-73.234664,42.296872],[-73.234627,42.296891],[-73.234591,42.29691],[-73.234553,42.296926],[-73.234518,42.296939],[-73.234481,42.29695],[-73.234444,42.296957],[-73.234392,42.296959],[-73.234338,42.296954],[-73.234287,42.296944],[-73.234259,42.296934],[-73.234239,42.296929],[-73.234194,42.296908],[-73.234149,42.296889],[-73.234107,42.296848],[-73.233852,42.296599],[-73.233769,42.296518],[-73.233597,42.296298],[-73.233516,42.296188],[-73.233492,42.296151],[-73.233468,42.296115],[-73.233444,42.296078],[-73.233401,42.295879],[-73.233393,42.295842],[-73.233385,42.295803],[-73.233379,42.295765],[-73.233377,42.295742],[-73.233364,42.295679],[-73.233391,42.295658],[-73.233408,42.295632],[-73.233415,42.295603],[-73.233411,42.295575],[-73.2339,42.295472],[-73.233894,42.29533],[-73.233893,42.2953],[-73.233904,42.295171],[-73.233906,42.295123],[-73.233909,42.295046],[-73.233917,42.294965],[-73.233921,42.294881],[-73.233804,42.294772],[-73.233665,42.294724],[-73.233615,42.294729],[-73.233606,42.29473],[-73.233576,42.294766],[-73.233571,42.294818],[-73.233587,42.294895],[-73.233678,42.295002],[-73.233819,42.295077]]}},{"type":"Feature","properties":{"agency":"Link413","shape_id":"p_1436588"},"geometry":{"type":"LineString","coordinates":[[-73.365529,42.180635],[-73.365527,42.180625],[-73.365518,42.180587],[-73.36548,42.180429],[-73.365318,42.180386],[-73.365113,42.180332],[-73.364876,42.18027],[-73.36475,42.180237],[-73.364552,42.180243],[-73.364351,42.180292],[-73.364187,42.180376],[-73.363843,42.179949],[-73.363682,42.179744],[-73.363373,42.179363],[-73.363062,42.178969],[-73.362797,42.17864],[-73.362582,42.17836],[-73.36247,42.178186],[-73.362416,42.178101],[-73.362382,42.178037],[-73.362286,42.177845],[-73.362189,42.177574],[-73.362152,42.177385],[-73.362103,42.177136],[-73.362051,42.176843],[-73.362024,42.176623],[-73.362016,42.176389],[-73.362072,42.175977],[-73.362171,42.17555],[-73.36225,42.175189],[-73.3624790227217,42.174214212880486],[-73.36247414562781,42.17421783046976],[-73.3622440320233,42.1752198265631],[-73.361495,42.175105],[-73.361455,42.175243],[-73.361433,42.175402],[-73.361382,42.175613],[-73.36134,42.175807],[-73.361313,42.175949],[-73.361309,42.175993],[-73.361296,42.176127],[-73.361282,42.176245],[-73.361285,42.17634],[-73.361465,42.176348],[-73.362016,42.176389],[-73.362024,42.176623],[-73.362051,42.176843],[-73.362103,42.177136],[-73.362152,42.177385],[-73.362189,42.177574],[-73.362286,42.177845],[-73.362382,42.178037],[-73.362416,42.178101],[-73.36247,42.178186],[-73.362582,42.17836],[-73.362797,42.17864],[-73.363062,42.178969],[-73.363373,42.179363],[-73.363682,42.179744],[-73.363843,42.179949],[-73.364198,42.180402],[-73.36437,42.18071],[-73.364473,42.180933],[-73.364556,42.18121],[-73.364583,42.181422],[-73.364591,42.181638],[-73.364592,42.182085],[-73.364569,42.182745],[-73.364568,42.183144],[-73.364565,42.183959],[-73.365447,42.183967],[-73.366012,42.183977],[-73.366528,42.183981],[-73.366707,42.183983],[-73.366717,42.183983],[-73.366905,42.183984],[-73.367345,42.183989],[-73.367501,42.183991],[-73.367672,42.183993],[-73.368778,42.183988],[-73.369092,42.18399],[-73.369355,42.183991],[-73.369606,42.184015],[-73.369753,42.184051],[-73.369812,42.1841],[-73.369899,42.184165],[-73.370022,42.184264],[-73.369542,42.184715],[-73.369211,42.185029],[-73.3687,42.185521],[-73.368269,42.185914],[-73.367817,42.186356],[-73.367718,42.186453],[-73.36818791922568,42.18673182464991],[-73.368186,42.186738],[-73.368198,42.186745],[-73.368382,42.186851],[-73.368636,42.187051],[-73.36871,42.187323],[-73.36875,42.187716],[-73.368775,42.187894],[-73.368811,42.188144],[-73.368873,42.188473],[-73.368887,42.188545],[-73.368942,42.188866],[-73.368983,42.189229],[-73.369005,42.189344],[-73.369044,42.189549],[-73.369078,42.189903],[-73.369113,42.19017],[-73.369115,42.190188],[-73.369116,42.190196],[-73.369127,42.190516],[-73.369131,42.190614],[-73.369155,42.191078],[-73.369161,42.191139],[-73.369203,42.19155],[-73.369226,42.191942],[-73.369238,42.192219],[-73.369263,42.192491],[-73.369302,42.192833],[-73.369308,42.19289],[-73.369335,42.193148],[-73.369674,42.193174],[-73.370051,42.19322],[-73.370518,42.193301],[-73.370629,42.193323],[-73.37099,42.193393],[-73.371092,42.193487],[-73.371245,42.193629],[-73.371398,42.19385],[-73.371503,42.194094],[-73.371605,42.194375],[-73.371693,42.194563],[-73.371832,42.19492],[-73.371957,42.195216],[-73.372137,42.195704],[-73.372217,42.195898],[-73.372254,42.195987],[-73.37235,42.196126],[-73.372707,42.196368],[-73.373094,42.196559],[-73.373557,42.196798],[-73.374106,42.19701],[-73.374539,42.197122],[-73.375013,42.197298],[-73.375414,42.19745],[-73.375769,42.19768],[-73.376232,42.198073],[-73.37657,42.198303],[-73.376827,42.198478],[-73.376896,42.19852],[-73.377085,42.198634],[-73.377321,42.198786],[-73.377576,42.199018],[-73.377911,42.19927],[-73.378219,42.199591],[-73.378501,42.199896],[-73.378762,42.20019],[-73.379153,42.20063],[-73.379355,42.200887],[-73.37958,42.201175],[-73.37972,42.201446],[-73.379813,42.201642],[-73.379859,42.201739],[-73.379941,42.202061],[-73.380146,42.202768],[-73.380294,42.203327],[-73.380539,42.203927],[-73.380738,42.204195],[-73.380954,42.204414],[-73.38089,42.204484],[-73.380864,42.204587],[-73.380843,42.204886],[-73.380817,42.205137],[-73.380744,42.205309],[-73.380706,42.205397],[-73.380654,42.205523],[-73.380838,42.205622],[-73.380966,42.205769],[-73.381025,42.205968],[-73.381004,42.206136],[-73.380923,42.206135],[-73.380911,42.206136],[-73.380923,42.206135],[-73.381004,42.206136],[-73.381025,42.205968],[-73.380966,42.205769],[-73.380838,42.205622],[-73.380654,42.205523],[-73.380706,42.205397],[-73.380744,42.205309],[-73.380817,42.205137],[-73.380843,42.204886],[-73.380864,42.204587],[-73.38089,42.204484],[-73.380954,42.204414],[-73.380738,42.204195],[-73.380539,42.203927],[-73.380294,42.203327],[-73.380146,42.202768],[-73.379941,42.202061],[-73.379859,42.201739],[-73.379813,42.201642],[-73.37972,42.201446],[-73.37958,42.201175],[-73.379355,42.200887],[-73.379153,42.20063],[-73.378762,42.20019],[-73.378501,42.199896],[-73.378219,42.199591],[-73.377911,42.19927],[-73.377576,42.199018],[-73.377321,42.198786],[-73.377085,42.198634],[-73.376896,42.19852],[-73.376827,42.198478],[-73.37657,42.198303],[-73.376232,42.198073],[-73.375769,42.19768],[-73.375414,42.19745],[-73.375013,42.197298],[-73.374539,42.197122],[-73.374106,42.19701],[-73.373557,42.196798],[-73.373094,42.196559],[-73.372707,42.196368],[-73.37235,42.196126],[-73.372254,42.195987],[-73.372217,42.195898],[-73.372137,42.195704],[-73.371957,42.195216],[-73.371832,42.19492],[-73.371693,42.194563],[-73.371605,42.194375],[-73.371503,42.194094],[-73.371398,42.19385],[-73.371245,42.193629],[-73.371092,42.193487],[-73.37099,42.193393],[-73.370629,42.193323],[-73.370518,42.193301],[-73.370051,42.19322],[-73.369674,42.193174],[-73.369335,42.193148],[-73.368982,42.193158],[-73.368735,42.193178],[-73.36821,42.193267],[-73.367169,42.193318],[-73.366504,42.193335],[-73.365788,42.193364],[-73.365567,42.193363],[-73.365337,42.193289],[-73.365179,42.193239],[-73.364796,42.193116],[-73.364576,42.193032],[-73.364265,42.192914],[-73.363929,42.192776],[-73.363785,42.192683],[-73.363659,42.192827],[-73.363628,42.192869],[-73.363265,42.193363],[-73.362901,42.19382],[-73.362428,42.194351],[-73.362329,42.194456],[-73.362305,42.194482],[-73.361957,42.194877],[-73.361788,42.195073],[-73.361618,42.195269],[-73.361424,42.195497],[-73.361372,42.195558],[-73.361193,42.195884],[-73.361108,42.196089],[-73.36105,42.196277],[-73.361021,42.196436],[-73.360883,42.196415],[-73.361011,42.196535],[-73.361004,42.196837],[-73.361013,42.196911],[-73.36103,42.197054],[-73.361067,42.197197],[-73.361113,42.197374],[-73.36114,42.197488],[-73.361219,42.197822],[-73.361251,42.198127],[-73.361237,42.198245],[-73.361178,42.19841],[-73.361141,42.198493],[-73.36106,42.198603],[-73.361034,42.19864],[-73.360818,42.198817],[-73.36078,42.198848],[-73.360484,42.199077],[-73.360267,42.199245],[-73.360087,42.199377],[-73.359731,42.19964],[-73.359194,42.200057],[-73.358905,42.20031],[-73.358694,42.20056],[-73.358573,42.200752],[-73.358343,42.20117],[-73.358245,42.201399],[-73.358242,42.201451],[-73.358078,42.201444],[-73.35805,42.201442],[-73.357838,42.201433],[-73.357711,42.201424],[-73.357643,42.20142],[-73.357555,42.201414],[-73.357552,42.201413],[-73.357227,42.201409],[-73.357,42.201439],[-73.356558,42.201525],[-73.356301,42.201588],[-73.355961,42.201672],[-73.355236,42.201856],[-73.355009,42.201911],[-73.354565,42.202018],[-73.354032,42.202152],[-73.353645,42.202249],[-73.3532,42.202355],[-73.352872,42.202418],[-73.352567,42.202463],[-73.352212,42.202466],[-73.351891,42.202456],[-73.35151,42.202399],[-73.351224,42.202337],[-73.350906,42.20223],[-73.350129,42.201939],[-73.349628,42.201727],[-73.349345,42.201614],[-73.348987,42.201511],[-73.348746,42.201495],[-73.348523,42.201506],[-73.348218,42.201583],[-73.34805,42.201662],[-73.347847,42.201821],[-73.347659,42.201961],[-73.347479,42.202152],[-73.347272,42.202393],[-73.347102,42.202682],[-73.346994,42.202945],[-73.346903,42.203199],[-73.346864,42.203388],[-73.346826,42.203627],[-73.34682,42.203688],[-73.346762,42.204203],[-73.346712,42.204529],[-73.346686,42.204703],[-73.346625,42.205101],[-73.34661,42.205204],[-73.346538,42.205681],[-73.346444,42.206257],[-73.346391,42.206715],[-73.346308,42.207175],[-73.346243,42.207582],[-73.346152,42.208203],[-73.346077,42.208651],[-73.346012,42.209087],[-73.345974,42.209333],[-73.345955,42.209446],[-73.345929,42.209607],[-73.345876,42.209844],[-73.345808,42.210134],[-73.345747,42.210254],[-73.34553,42.210729],[-73.345362,42.210681],[-73.34524,42.21068],[-73.345174,42.210682],[-73.345129,42.210599],[-73.345117,42.210455],[-73.34510295393899,42.210236674388256],[-73.34468370332455,42.21025596211473],[-73.34470713968724,42.21025789088424],[-73.3444910042824,42.21025789088424],[-73.34448058816268,42.21080394096319],[-73.34479845087769,42.21080220075592],[-73.345174,42.210682],[-73.34524,42.21068],[-73.345362,42.210681],[-73.34553,42.210729],[-73.34542,42.211008],[-73.345179,42.211568],[-73.345043,42.211875],[-73.344898,42.212204],[-73.344817,42.212419],[-73.344744,42.212607],[-73.344614,42.212913],[-73.344559,42.213051],[-73.344492,42.213221],[-73.344402,42.213475],[-73.344359,42.213606],[-73.344318,42.21373],[-73.34424,42.213987],[-73.344172,42.214239],[-73.34411,42.214494],[-73.344054,42.214748],[-73.344005,42.215003],[-73.343963,42.215258],[-73.34392,42.215513],[-73.343816,42.216097],[-73.343764,42.216388],[-73.343674,42.21692],[-73.343628,42.217186],[-73.343572,42.2175],[-73.34346,42.21813],[-73.343418,42.21838],[-73.343407,42.21845],[-73.343354,42.21877],[-73.343302,42.21909],[-73.343263,42.21932],[-73.343225,42.219551],[-73.343186,42.219782],[-73.34313,42.220074],[-73.343112,42.220221],[-73.343108,42.220303],[-73.343108,42.220328],[-73.343069,42.220411],[-73.343031,42.220495],[-73.342997,42.22058],[-73.342958,42.220706],[-73.342928,42.220835],[-73.342899,42.220964],[-73.342865,42.221104],[-73.34297,42.221159],[-73.34305,42.221201],[-73.34319,42.221337],[-73.343294,42.221421],[-73.343375,42.221553],[-73.343382,42.22164],[-73.343388,42.221726],[-73.343403,42.221932],[-73.343415,42.222138],[-73.343427,42.222345],[-73.34344,42.222557],[-73.343452,42.222768],[-73.343467,42.22298],[-73.343481,42.22318],[-73.343497,42.223379],[-73.343517,42.223578],[-73.343536,42.223754],[-73.343558,42.22393],[-73.343591,42.224105],[-73.343625,42.224236],[-73.343665,42.224366],[-73.343709,42.224496],[-73.343763,42.224643],[-73.343822,42.224789],[-73.34388,42.224935],[-73.343938,42.225095],[-73.343995,42.225256],[-73.344053,42.225417],[-73.344137,42.225631],[-73.344174,42.225738],[-73.344198,42.225827],[-73.344219,42.225916],[-73.344237,42.226006],[-73.344247,42.226072],[-73.344257,42.226139],[-73.344265,42.226204],[-73.344285,42.226461],[-73.344294,42.226718],[-73.344302,42.226975],[-73.344314,42.227213],[-73.344327,42.227451],[-73.34434,42.22769],[-73.34435,42.227996],[-73.344368,42.228147],[-73.344387,42.228243],[-73.344411,42.228337],[-73.344443,42.22843],[-73.344481,42.228516],[-73.344526,42.2286],[-73.344574,42.228683],[-73.34469,42.228846],[-73.344821,42.229005],[-73.344946,42.229165],[-73.345027,42.22928],[-73.345105,42.229395],[-73.345178,42.229512],[-73.345221,42.229587],[-73.345262,42.229662],[-73.3453,42.229739],[-73.345328,42.229805],[-73.345354,42.229872],[-73.345377,42.229939],[-73.345396,42.230001],[-73.345413,42.230062],[-73.345428,42.230124],[-73.345447,42.230211],[-73.345462,42.230299],[-73.345478,42.230387],[-73.345511,42.230578],[-73.345575,42.23096],[-73.345599,42.231108],[-73.345624,42.231256],[-73.345657,42.231403],[-73.345698,42.231541],[-73.345747,42.231677],[-73.345796,42.231812],[-73.345873,42.232017],[-73.345952,42.232221],[-73.346033,42.232425],[-73.346113,42.232622],[-73.346275,42.233016],[-73.346349,42.233197],[-73.346422,42.233378],[-73.346497,42.23356],[-73.346586,42.233771],[-73.346676,42.233984],[-73.346764,42.234196],[-73.346866,42.234452],[-73.346966,42.234708],[-73.347068,42.234964],[-73.347126,42.235111],[-73.347185,42.235259],[-73.347251,42.235404],[-73.347278,42.235456],[-73.347306,42.235508],[-73.347335,42.235559],[-73.34738,42.23563],[-73.347396,42.235652],[-73.347429,42.235699],[-73.347482,42.235766],[-73.347548,42.235838],[-73.34762,42.235908],[-73.347695,42.235976],[-73.347803,42.236059],[-73.347918,42.236138],[-73.348034,42.236217],[-73.348292,42.236396],[-73.348324,42.236418],[-73.348552,42.236574],[-73.348811,42.236752],[-73.34911,42.23696],[-73.349239,42.23705],[-73.349407,42.237168],[-73.349706,42.237374],[-73.349945,42.237545],[-73.350184,42.237714],[-73.350437,42.23787],[-73.350498,42.237904],[-73.350559,42.237936],[-73.350622,42.237968],[-73.350776,42.238028],[-73.350937,42.238078],[-73.351099,42.238129],[-73.351534,42.238267],[-73.351971,42.238402],[-73.352409,42.238536],[-73.352715,42.238632],[-73.352803,42.23866],[-73.35302,42.238729],[-73.353198,42.238785],[-73.353325,42.238825],[-73.353583,42.238907],[-73.35384,42.238989],[-73.353987,42.239038],[-73.354096,42.239074],[-73.354212,42.239114],[-73.354329,42.239154],[-73.354443,42.239197],[-73.354565,42.239249],[-73.354684,42.239304],[-73.354799,42.239364],[-73.354915,42.239432],[-73.355026,42.239506],[-73.355135,42.239581],[-73.355311,42.239713],[-73.355479,42.23985],[-73.355644,42.23999],[-73.355806,42.240124],[-73.355965,42.240259],[-73.356049,42.240341],[-73.356111,42.240401],[-73.356168,42.240464],[-73.356204,42.240504],[-73.356223,42.240526],[-73.356274,42.240591],[-73.35634,42.240692],[-73.356397,42.240795],[-73.356449,42.2409],[-73.356503,42.241025],[-73.35655,42.241153],[-73.356592,42.241281],[-73.35662,42.241367],[-73.356634,42.241415],[-73.356646,42.241454],[-73.356668,42.241541],[-73.356676,42.241582],[-73.356692,42.241666],[-73.356699,42.241709],[-73.356707,42.241753],[-73.356714,42.241796],[-73.356726,42.241881],[-73.356735,42.241967],[-73.35674,42.242013],[-73.356743,42.242053],[-73.35675,42.242154],[-73.356754,42.242256],[-73.356756,42.242358],[-73.356756,42.242442],[-73.356755,42.242527],[-73.35675,42.242611],[-73.356744,42.24266],[-73.356741,42.242686],[-73.356728,42.242761],[-73.356714,42.242836],[-73.356689,42.242937],[-73.356631,42.243137],[-73.356523,42.243531],[-73.356468,42.243729],[-73.356348,42.244149],[-73.35629,42.24436],[-73.356252,42.244507],[-73.356216,42.244654],[-73.35618,42.2448],[-73.356164,42.244967],[-73.356149,42.245132],[-73.356142,42.245299],[-73.356146,42.245433],[-73.356148,42.245463],[-73.356148,42.245549],[-73.356173,42.245701],[-73.3562,42.24582],[-73.356235,42.245939],[-73.356264,42.246037],[-73.35627,42.246057],[-73.356302,42.246172],[-73.356335,42.246288],[-73.356371,42.246403],[-73.356407,42.246513],[-73.356446,42.246624],[-73.356489,42.246734],[-73.356529,42.246831],[-73.356573,42.246927],[-73.356622,42.247022],[-73.35669,42.24713],[-73.356767,42.247235],[-73.356847,42.24734],[-73.356933,42.247448],[-73.357022,42.247555],[-73.35711,42.247663],[-73.357186,42.247763],[-73.357261,42.247863],[-73.357336,42.247965],[-73.357406,42.248058],[-73.357475,42.248154],[-73.357546,42.248248],[-73.357623,42.248346],[-73.357702,42.248444],[-73.35778,42.248542],[-73.357852,42.248635],[-73.357912,42.248712],[-73.357924,42.248729],[-73.357998,42.248822],[-73.358076,42.248922],[-73.358156,42.249021],[-73.358246,42.249114],[-73.358339,42.249193],[-73.35844,42.249266],[-73.358549,42.249333],[-73.358669,42.249392],[-73.358674,42.249394],[-73.358797,42.249443],[-73.35893,42.249486],[-73.359058,42.249519],[-73.35919,42.249544],[-73.359323,42.249565],[-73.359411,42.249575],[-73.359459,42.249581],[-73.359597,42.249594],[-73.359734,42.249607],[-73.359883,42.249624],[-73.360031,42.24964],[-73.360179,42.249657],[-73.360197,42.249659],[-73.360199,42.249657],[-73.360475,42.249688],[-73.362239,42.249949],[-73.363096,42.250113],[-73.363326,42.250228],[-73.363644,42.250543],[-73.364553,42.25204],[-73.364729,42.252491],[-73.364797,42.252887],[-73.364847,42.253402],[-73.364958,42.254237],[-73.36511,42.254397],[-73.36529,42.254463],[-73.365432,42.254499],[-73.365485,42.254513],[-73.365632,42.254556],[-73.365778,42.254598],[-73.365811,42.254607],[-73.365861,42.254622],[-73.365942,42.254642],[-73.366014,42.254665],[-73.366056,42.254678],[-73.366106,42.254692],[-73.366319,42.254749],[-73.366338,42.254784],[-73.36637,42.254904],[-73.366366,42.254918],[-73.366232,42.255354],[-73.365961,42.255729],[-73.364793,42.256762],[-73.364703,42.25684],[-73.364611,42.256915],[-73.364516,42.256988],[-73.364382,42.257077],[-73.364242,42.257161],[-73.364099,42.257242],[-73.363968,42.257311],[-73.363855,42.257367],[-73.363833,42.257378],[-73.363705,42.257449],[-73.363607,42.257511],[-73.363512,42.257575],[-73.363425,42.257645],[-73.363389,42.257679],[-73.363354,42.257714],[-73.36332,42.257749],[-73.363231,42.257839],[-73.363145,42.257931],[-73.363063,42.258024],[-73.362984,42.258122],[-73.36291,42.258222],[-73.362839,42.258323],[-73.362704,42.258496],[-73.362649,42.258618],[-73.362608,42.258723],[-73.362577,42.258831],[-73.362557,42.258939],[-73.362548,42.259039],[-73.362548,42.259139],[-73.362554,42.259239],[-73.362565,42.259346],[-73.362583,42.259452],[-73.362608,42.259557],[-73.362643,42.259667],[-73.362685,42.259776],[-73.362736,42.259883],[-73.362811,42.260004],[-73.362899,42.260121],[-73.362991,42.260237],[-73.363087,42.260352],[-73.363288,42.260579],[-73.363718,42.261078],[-73.363798,42.261182],[-73.363876,42.261303],[-73.363944,42.261426],[-73.364009,42.261551],[-73.364074,42.261683],[-73.364134,42.261816],[-73.364188,42.26195],[-73.364239,42.26209],[-73.364283,42.262231],[-73.364322,42.262374],[-73.364353,42.262503],[-73.36438,42.262633],[-73.364404,42.262763],[-73.364426,42.262901],[-73.364478,42.263321],[-73.364534,42.263878],[-73.36457,42.26413],[-73.364592,42.264247],[-73.364618,42.264364],[-73.364655,42.264491],[-73.36474,42.264746],[-73.364852,42.265112],[-73.364903,42.265253],[-73.36501,42.265536],[-73.365162,42.266003],[-73.365301,42.266409],[-73.365451,42.266838],[-73.36555,42.267113],[-73.365591,42.267251],[-73.365631,42.267438],[-73.36564,42.267531],[-73.365637,42.267639],[-73.365623,42.267747],[-73.365599,42.267853],[-73.365579,42.267921],[-73.365526,42.268053],[-73.36548,42.268151],[-73.365374,42.268343],[-73.365296,42.268475],[-73.365215,42.268605],[-73.365044,42.268872],[-73.364911,42.269075],[-73.364719,42.269372],[-73.364527,42.269677],[-73.364291,42.270061],[-73.363982,42.270546],[-73.363701,42.270979],[-73.363523,42.271259],[-73.363225,42.271717],[-73.363072,42.271908],[-73.362908,42.272083],[-73.362771,42.272208],[-73.36255,42.272373],[-73.36236,42.272498],[-73.362159,42.27263],[-73.361854,42.272806],[-73.36158,42.272986],[-73.36152,42.273029],[-73.361343,42.273156],[-73.36115,42.273325],[-73.360949,42.273551],[-73.360722,42.273871],[-73.360663,42.273989],[-73.36058,42.274156],[-73.360506,42.274349],[-73.360334,42.275015],[-73.360196,42.275603],[-73.360186,42.275666],[-73.360173,42.275754],[-73.360146,42.275981],[-73.360146,42.276073],[-73.360151,42.276509],[-73.36015,42.276862],[-73.360138,42.277083],[-73.360122,42.27721],[-73.360094,42.277301],[-73.360036,42.277444],[-73.359934,42.2776],[-73.359784,42.277791],[-73.3597,42.277874],[-73.359666,42.277907],[-73.359396,42.278151],[-73.35875,42.278719],[-73.35848,42.278951],[-73.358114,42.279218],[-73.357728,42.27946],[-73.357088,42.279848],[-73.356487,42.280281],[-73.356197,42.280522],[-73.35586,42.280814],[-73.355635,42.281072],[-73.355474,42.281236],[-73.355283,42.281399],[-73.355039,42.281556],[-73.354786,42.281681],[-73.354482,42.28179],[-73.353452,42.282045],[-73.353171,42.282092],[-73.352926,42.28211],[-73.352677,42.282077],[-73.352579,42.282044],[-73.352395,42.281983],[-73.352163,42.281828],[-73.351979,42.281627],[-73.351663,42.281042],[-73.351495,42.280786],[-73.351314,42.280565],[-73.351126,42.280395],[-73.350835,42.280252],[-73.35041,42.280176],[-73.350351,42.280178],[-73.350108,42.280188],[-73.349496,42.280377],[-73.348668,42.280673],[-73.348183,42.280846],[-73.347053,42.281246],[-73.346176,42.281553],[-73.345263,42.281884],[-73.344936,42.282025],[-73.344745,42.282142],[-73.344584,42.282291],[-73.344428,42.282493],[-73.344208,42.282824],[-73.344003,42.283147],[-73.34395,42.283249],[-73.343444,42.283167],[-73.343034,42.283119],[-73.342669,42.283079],[-73.342102,42.283014],[-73.341911,42.282985],[-73.341739,42.282949],[-73.341515,42.282874],[-73.341406,42.282837],[-73.341219,42.282795],[-73.340853,42.282748],[-73.340106,42.282718],[-73.339331,42.282697],[-73.338875,42.282713],[-73.338387,42.282775],[-73.33779,42.282874],[-73.337692,42.28289],[-73.337278,42.282956],[-73.33684,42.283048],[-73.336475,42.283147],[-73.336225,42.283211],[-73.336055,42.283262],[-73.335579,42.283391],[-73.33512,42.283524],[-73.334812,42.283616],[-73.334789,42.283626],[-73.334546,42.283724],[-73.334322,42.283825],[-73.334079,42.283935],[-73.333748,42.284063],[-73.333735,42.28407],[-73.333474,42.284197],[-73.333382,42.284236],[-73.33331,42.284267],[-73.333148,42.284337],[-73.332889,42.284404],[-73.332748,42.284443],[-73.332621,42.284473],[-73.332505,42.284497],[-73.332351,42.28452],[-73.33224,42.284544],[-73.331955,42.284595],[-73.331455,42.284684],[-73.330943,42.284768],[-73.330937,42.284769],[-73.330327,42.284839],[-73.330087,42.284865],[-73.329948,42.28488],[-73.329848,42.284891],[-73.329116,42.284955],[-73.328642,42.284982],[-73.328615,42.284982],[-73.328393,42.284986],[-73.328229,42.284978],[-73.328085,42.284953],[-73.327963,42.284897],[-73.327865,42.284818],[-73.327773,42.28473],[-73.327696,42.284613],[-73.327617,42.28448],[-73.327517,42.28435],[-73.327316,42.284165],[-73.326887,42.283765],[-73.326612,42.283515],[-73.326532,42.283454],[-73.326513,42.283443],[-73.326473,42.28342],[-73.326402,42.283389],[-73.326346,42.28337],[-73.326308,42.283365],[-73.326233,42.283356],[-73.325917,42.283319],[-73.325872,42.283314],[-73.325845,42.283315],[-73.325807,42.283323],[-73.325723,42.283343],[-73.325597,42.283383],[-73.32559,42.283385],[-73.325151,42.283524],[-73.324043,42.283907],[-73.323815,42.283982],[-73.323466,42.284096],[-73.323215,42.284178],[-73.323074,42.284225],[-73.323014,42.284244],[-73.322855,42.284299],[-73.322603,42.284366],[-73.322484,42.284384],[-73.322369,42.28439],[-73.32226,42.284393],[-73.321982,42.284365],[-73.321602,42.284304],[-73.321011,42.284197],[-73.320466,42.284083],[-73.320016,42.283997],[-73.319765,42.283949],[-73.319357,42.283866],[-73.319081,42.283809],[-73.318884,42.283767],[-73.318798,42.283749],[-73.318068,42.283594],[-73.317266,42.283423],[-73.316172,42.283186],[-73.315685,42.283081],[-73.315253,42.282986],[-73.314781,42.282884],[-73.314538,42.282832],[-73.314095,42.282736],[-73.313876,42.28269],[-73.313279,42.282558],[-73.31296,42.282489],[-73.312593,42.282407],[-73.312376,42.282358],[-73.312124,42.282299],[-73.312011,42.282274],[-73.311265,42.282109],[-73.310135,42.28186],[-73.309983,42.281826],[-73.309656,42.281758],[-73.309474,42.281722],[-73.309302,42.281694],[-73.309174,42.281678],[-73.309057,42.281666],[-73.308845,42.281644],[-73.308658,42.28163],[-73.30847,42.281622],[-73.308464,42.281592],[-73.30842,42.28159],[-73.307983,42.281582],[-73.307386,42.281592],[-73.306402,42.281615],[-73.306364,42.281616],[-73.305565,42.281648],[-73.305375,42.281733],[-73.305087,42.281923],[-73.304779,42.282187],[-73.304748,42.282206],[-73.304604,42.282305],[-73.304356,42.282475],[-73.303717,42.282896],[-73.302969,42.283391],[-73.302117,42.283936],[-73.301553,42.284299],[-73.301404,42.284396],[-73.301262,42.284505],[-73.30115,42.284595],[-73.301004,42.284724],[-73.300875,42.284855],[-73.30073,42.285017],[-73.30035,42.28554],[-73.30017,42.285809],[-73.299991,42.286076],[-73.299651,42.286572],[-73.299442,42.286863],[-73.299153,42.28735],[-73.298817,42.287937],[-73.298641,42.288267],[-73.298344,42.288824],[-73.297899,42.289667],[-73.297471,42.29046],[-73.296982,42.290367],[-73.293782,42.289781],[-73.292196,42.289498],[-73.291756,42.289458],[-73.291085,42.289467],[-73.289871,42.289688],[-73.289834,42.289694],[-73.289198,42.289795],[-73.288681,42.289875],[-73.28865,42.28988],[-73.288584,42.289888],[-73.288519,42.289895],[-73.288453,42.289904],[-73.288359,42.289918],[-73.288173,42.28995],[-73.287481,42.290025],[-73.286642,42.290102],[-73.285814,42.290169],[-73.285008,42.290253],[-73.284887,42.290259],[-73.284766,42.290264],[-73.284699,42.290268],[-73.284645,42.290272],[-73.284552,42.290281],[-73.284459,42.290292],[-73.284367,42.290305],[-73.284283,42.290323],[-73.284201,42.290342],[-73.284119,42.290363],[-73.284019,42.29039],[-73.283919,42.290418],[-73.28382,42.290447],[-73.283436,42.290571],[-73.282726,42.290805],[-73.282605,42.290844],[-73.28183,42.291097],[-73.281248,42.291294],[-73.280689,42.291491],[-73.28061,42.29152],[-73.28053,42.29155],[-73.280451,42.291579],[-73.280279,42.291645],[-73.280192,42.291677],[-73.280082,42.291714],[-73.27997,42.291749],[-73.279858,42.291782],[-73.279731,42.291822],[-73.279603,42.291859],[-73.279475,42.291895],[-73.279385,42.291918],[-73.279296,42.29194],[-73.279206,42.291961],[-73.278296,42.292168],[-73.277633,42.292335],[-73.277532,42.292364],[-73.277432,42.292393],[-73.277332,42.292424],[-73.277255,42.29245],[-73.277177,42.292477],[-73.2771,42.292504],[-73.27702,42.292535],[-73.276862,42.292599],[-73.276779,42.292632],[-73.276696,42.292664],[-73.276615,42.292699],[-73.276554,42.292726],[-73.276494,42.292754],[-73.276434,42.292783],[-73.27635,42.292819],[-73.276266,42.292856],[-73.276181,42.292893],[-73.276082,42.292936],[-73.275882,42.293024],[-73.275722,42.293094],[-73.275641,42.293129],[-73.275569,42.293161],[-73.275496,42.293193],[-73.275422,42.293223],[-73.275344,42.29325],[-73.275265,42.293275],[-73.275186,42.293301],[-73.275119,42.293326],[-73.275052,42.293353],[-73.274985,42.293378],[-73.274884,42.293413],[-73.274781,42.293447],[-73.274679,42.293481],[-73.27459,42.293511],[-73.2745,42.29354],[-73.27441,42.29357],[-73.274038,42.293716],[-73.274014,42.293725],[-73.273363,42.294042],[-73.272695,42.294361],[-73.272616,42.294401],[-73.272182,42.294617],[-73.272119,42.294653],[-73.272055,42.294688],[-73.271991,42.294724],[-73.271902,42.294772],[-73.271724,42.29487],[-73.271643,42.294914],[-73.271563,42.294958],[-73.271486,42.295006],[-73.271419,42.295056],[-73.271291,42.29516],[-73.271237,42.295201],[-73.271182,42.295242],[-73.271129,42.295283],[-73.27106,42.295344],[-73.270993,42.295406],[-73.270926,42.295469],[-73.270217,42.296116],[-73.269952,42.296357],[-73.269648,42.296635],[-73.26933,42.29696],[-73.268806,42.297501],[-73.268567,42.297751],[-73.268523,42.297807],[-73.268478,42.297864],[-73.268433,42.29792],[-73.268386,42.297978],[-73.268339,42.298037],[-73.268291,42.298095],[-73.268234,42.298161],[-73.268176,42.298227],[-73.268118,42.298292],[-73.268075,42.29834],[-73.268031,42.298388],[-73.267985,42.298434],[-73.267923,42.298489],[-73.267791,42.298595],[-73.267512,42.298802],[-73.267226,42.29902],[-73.267181,42.299049],[-73.267137,42.299078],[-73.267094,42.299108],[-73.26702,42.29917],[-73.266951,42.299236],[-73.266884,42.299302],[-73.26681,42.299371],[-73.266737,42.29944],[-73.266667,42.299511],[-73.266622,42.299562],[-73.266577,42.299612],[-73.266489,42.299712],[-73.266444,42.299762],[-73.266398,42.299811],[-73.26635,42.299859],[-73.2663,42.299908],[-73.266248,42.299954],[-73.266192,42.3],[-73.266134,42.300045],[-73.266073,42.300087],[-73.266007,42.300128],[-73.265939,42.300168],[-73.265872,42.300207],[-73.265625,42.300318],[-73.265124,42.300542],[-73.26501,42.300593],[-73.264896,42.300643],[-73.264783,42.300693],[-73.264657,42.300751],[-73.264533,42.300809],[-73.264407,42.300865],[-73.264316,42.300905],[-73.264224,42.300944],[-73.264131,42.300981],[-73.264058,42.301007],[-73.264017,42.301021],[-73.263783,42.301095],[-73.263655,42.301141],[-73.263632,42.30115],[-73.263527,42.301188],[-73.263398,42.301232],[-73.263301,42.301263],[-73.263204,42.301291],[-73.263105,42.301317],[-73.263001,42.301341],[-73.262791,42.301385],[-73.262646,42.301418],[-73.262502,42.301452],[-73.262356,42.301485],[-73.262234,42.301512],[-73.262112,42.301538],[-73.261989,42.301563],[-73.261789,42.301599],[-73.261689,42.301618],[-73.261634,42.301631],[-73.261542,42.301653],[-73.261469,42.301669],[-73.261365,42.30169],[-73.261261,42.30171],[-73.261156,42.301727],[-73.261086,42.301738],[-73.261015,42.301748],[-73.260896,42.301755],[-73.260472,42.301763],[-73.2603,42.301762],[-73.259262,42.301752],[-73.258509,42.301759],[-73.25829,42.301768],[-73.258223,42.301772],[-73.258155,42.301776],[-73.258088,42.30178],[-73.25783,42.301798],[-73.257738,42.301805],[-73.257646,42.301813],[-73.257554,42.30182],[-73.257515,42.301825],[-73.257476,42.301829],[-73.257437,42.301834],[-73.257399,42.30184],[-73.257323,42.301854],[-73.257286,42.301861],[-73.257214,42.301875],[-73.256462,42.302086],[-73.256363,42.302113],[-73.256115,42.302187],[-73.256106,42.30219],[-73.255712,42.302308],[-73.255444,42.302389],[-73.254517,42.302665],[-73.253696,42.302914],[-73.253463,42.302991],[-73.252283,42.303375],[-73.25211,42.303431],[-73.2518,42.303552],[-73.251531,42.303649],[-73.251428,42.303682],[-73.25127,42.303731],[-73.251109,42.303775],[-73.250926,42.303819],[-73.250622,42.30389],[-73.250502,42.303914],[-73.250365,42.30394],[-73.249998,42.303996],[-73.249326,42.30409],[-73.249096,42.304086],[-73.248677,42.304147],[-73.248219,42.304199],[-73.248056,42.304252],[-73.246867,42.30439],[-73.246616,42.304423],[-73.246474,42.304425],[-73.24647,42.304425],[-73.246404,42.304424],[-73.246326,42.304416],[-73.246249,42.304406],[-73.246173,42.304391],[-73.246096,42.30437],[-73.246056,42.304357],[-73.246022,42.304346],[-73.24595,42.304317],[-73.245889,42.304287],[-73.24583,42.304255],[-73.245776,42.304218],[-73.245729,42.304179],[-73.245688,42.304142],[-73.245639,42.304094],[-73.245599,42.304052],[-73.245552,42.304004],[-73.2455,42.303953],[-73.244339,42.30259],[-73.242873,42.300862],[-73.242587,42.300529],[-73.241984,42.299822],[-73.241168,42.298854],[-73.24113,42.298809],[-73.240906,42.298555],[-73.24034,42.297945],[-73.240226,42.297822],[-73.240096,42.297698],[-73.239969,42.297591],[-73.23974,42.297419],[-73.239659,42.297358],[-73.239402,42.297165],[-73.23931,42.297099],[-73.239212,42.297035],[-73.23911,42.296974],[-73.239004,42.296915],[-73.238863,42.296787],[-73.238799,42.296719],[-73.238742,42.296649],[-73.238693,42.296569],[-73.238665,42.296501],[-73.238646,42.296427],[-73.238637,42.29635],[-73.238647,42.296277],[-73.238679,42.296138],[-73.238744,42.296041],[-73.238884,42.295833],[-73.239107,42.295501],[-73.23915,42.29543],[-73.239212,42.295294],[-73.239288,42.295187],[-73.23940518101672,42.29528058614798],[-73.24027068633534,42.29560754593143],[-73.240415,42.295428],[-73.240484,42.295332],[-73.240594,42.295178],[-73.240714,42.295012],[-73.240476,42.294916],[-73.240115,42.294407],[-73.239855,42.294304],[-73.239582,42.294761],[-73.239288,42.295187],[-73.239212,42.295294],[-73.239023,42.295471],[-73.238923,42.295566],[-73.238817,42.295655],[-73.238721,42.295737],[-73.238615,42.295832],[-73.2385,42.295942],[-73.23841,42.296032],[-73.238322,42.296138],[-73.238205,42.296285],[-73.238157,42.296333],[-73.238095,42.296381],[-73.238032,42.296421],[-73.237954,42.296451],[-73.237869,42.29647],[-73.237781,42.296475],[-73.237656,42.296473],[-73.237501,42.296461],[-73.237307,42.296451],[-73.237147,42.296449],[-73.236973,42.296455],[-73.236819,42.296468],[-73.236648,42.296496],[-73.236481,42.29654],[-73.236263,42.296605],[-73.236057,42.296682],[-73.236016,42.296626],[-73.235969,42.29657],[-73.235866,42.296463],[-73.235773,42.296425],[-73.235645,42.296405],[-73.235498,42.296416],[-73.235407,42.296455],[-73.235328,42.296527],[-73.234664,42.296872],[-73.234627,42.296891],[-73.234591,42.29691],[-73.234553,42.296926],[-73.234518,42.296939],[-73.234481,42.29695],[-73.234444,42.296957],[-73.234392,42.296959],[-73.234338,42.296954],[-73.234287,42.296944],[-73.234259,42.296934],[-73.234239,42.296929],[-73.234194,42.296908],[-73.234149,42.296889],[-73.234107,42.296848],[-73.233852,42.296599],[-73.233769,42.296518],[-73.233597,42.296298],[-73.233516,42.296188],[-73.233492,42.296151],[-73.233468,42.296115],[-73.233444,42.296078],[-73.233401,42.295879],[-73.233393,42.295842],[-73.233385,42.295803],[-73.233379,42.295765],[-73.233377,42.295742],[-73.233364,42.295679],[-73.233391,42.295658],[-73.233408,42.295632],[-73.233415,42.295603],[-73.233411,42.295575],[-73.2339,42.295472],[-73.233894,42.29533],[-73.233893,42.2953],[-73.233904,42.295171],[-73.233906,42.295123],[-73.233909,42.295046],[-73.233917,42.294965],[-73.233921,42.294881],[-73.233804,42.294772],[-73.233665,42.294724],[-73.233615,42.294729],[-73.233606,42.29473],[-73.233576,42.294766],[-73.233571,42.294818],[-73.233587,42.294895],[-73.233678,42.295002],[-73.233819,42.295077]]}},{"type":"Feature","properties":{"agency":"Link413","shape_id":"p_1436589"},"geometry":{"type":"LineString","coordinates":[[-73.111838,42.698961],[-73.111688,42.698935],[-73.110475,42.698723],[-73.110388,42.698724],[-73.110311,42.698739],[-73.110227,42.698769],[-73.110287,42.698675],[-73.110335,42.698586],[-73.110378,42.698497],[-73.110411,42.698408],[-73.110429,42.698335],[-73.110433,42.698257],[-73.11043,42.69817],[-73.110416,42.698088],[-73.110413,42.698036],[-73.11042,42.697974],[-73.110417,42.697896],[-73.110407,42.697811],[-73.11029,42.697098],[-73.110133,42.69621],[-73.10998,42.695706],[-73.109926,42.695524],[-73.10987,42.695312],[-73.10984,42.695221],[-73.109799,42.695124],[-73.109742,42.695034],[-73.109664,42.69494],[-73.109273,42.694532],[-73.109213,42.694461],[-73.109151,42.69437],[-73.109098,42.694304],[-73.108178,42.693345],[-73.107418,42.692558],[-73.107247,42.692375],[-73.107131,42.692241],[-73.107013,42.692092],[-73.106768,42.691769],[-73.106617,42.69157],[-73.106064,42.69084],[-73.106022,42.690784],[-73.105976,42.690724],[-73.1058,42.690491],[-73.105553,42.690166],[-73.105497,42.690091],[-73.105102,42.689578],[-73.10508,42.689548],[-73.105037,42.689487],[-73.104994,42.689424],[-73.10495,42.689357],[-73.104899,42.689279],[-73.104804,42.689131],[-73.104646,42.688889],[-73.104615,42.688837],[-73.104594,42.688801],[-73.104579,42.688773],[-73.104568,42.688747],[-73.104556,42.688716],[-73.104547,42.688687],[-73.104544,42.688674],[-73.10454,42.68866],[-73.104535,42.688625],[-73.104532,42.688593],[-73.10453,42.688563],[-73.104527,42.688527],[-73.104521,42.688495],[-73.104513,42.688465],[-73.104512,42.688463],[-73.104499,42.688431],[-73.104477,42.688385],[-73.104454,42.688344],[-73.104281,42.688064],[-73.104225,42.687969],[-73.104176,42.687881],[-73.104063,42.68766],[-73.103947,42.687429],[-73.103838,42.687201],[-73.103374,42.686198],[-73.1033,42.686047],[-73.103217,42.685903],[-73.103114,42.685764],[-73.103001,42.685637],[-73.102871,42.685509],[-73.102738,42.685391],[-73.102258,42.684973],[-73.102077,42.684811],[-73.101902,42.684647],[-73.101741,42.684486],[-73.101573,42.684311],[-73.100447,42.683142],[-73.099992,42.68268],[-73.099813,42.682503],[-73.09967,42.682372],[-73.099538,42.682263],[-73.099416,42.682174],[-73.099269,42.68208],[-73.099034,42.681926],[-73.098919,42.68185],[-73.098812,42.681768],[-73.098714,42.681677],[-73.098634,42.68159],[-73.098563,42.681497],[-73.098508,42.681397],[-73.098461,42.681297],[-73.098406,42.681167],[-73.098176,42.680577],[-73.098091,42.680372],[-73.097993,42.680152],[-73.097816,42.679771],[-73.097735,42.67959],[-73.097657,42.679395],[-73.097591,42.679206],[-73.097523,42.679],[-73.097464,42.678806],[-73.097412,42.678616],[-73.097369,42.678431],[-73.097347,42.678313],[-73.097326,42.678182],[-73.097314,42.678051],[-73.09731,42.677919],[-73.097316,42.677788],[-73.097327,42.677655],[-73.097352,42.677442],[-73.097395,42.677064],[-73.097444,42.676643],[-73.097469,42.67648],[-73.097483,42.676405],[-73.097512,42.676278],[-73.097547,42.676141],[-73.097654,42.675755],[-73.097711,42.675543],[-73.097763,42.67532],[-73.097853,42.67488],[-73.098099,42.673679],[-73.098237,42.672979],[-73.098356,42.6724],[-73.098506,42.671605],[-73.098527,42.671488],[-73.098565,42.671251],[-73.098599,42.671022],[-73.098729,42.670033],[-73.098744,42.669875],[-73.098755,42.669722],[-73.098758,42.669566],[-73.09875,42.669414],[-73.098719,42.669032],[-73.098628,42.668098],[-73.098612,42.667932],[-73.098596,42.667779],[-73.098573,42.667633],[-73.098545,42.667509],[-73.09851,42.667369],[-73.098465,42.667211],[-73.098162,42.666193],[-73.098145,42.666106],[-73.098137,42.666015],[-73.098141,42.665928],[-73.098154,42.665839],[-73.098181,42.665749],[-73.098218,42.665668],[-73.098274,42.665581],[-73.098352,42.665494],[-73.098429,42.665426],[-73.098517,42.665358],[-73.098633,42.665289],[-73.098736,42.66524],[-73.098869,42.66519],[-73.099026,42.665149],[-73.099174,42.66513],[-73.099316,42.665122],[-73.099483,42.665123],[-73.099911,42.665144],[-73.100955,42.665196],[-73.101253,42.665208],[-73.101535,42.665217],[-73.101874,42.665222],[-73.102186,42.665222],[-73.102493,42.665214],[-73.103763,42.665176],[-73.104103,42.665165],[-73.10432,42.665159],[-73.104611,42.665151],[-73.105433,42.665131],[-73.105699,42.66513],[-73.105942,42.665134],[-73.106202,42.665143],[-73.10666,42.665153],[-73.107122,42.6652],[-73.107253,42.665211],[-73.107392,42.665217],[-73.107645,42.665228],[-73.107785,42.665235],[-73.10794,42.665242],[-73.108109,42.665248],[-73.108191,42.66525],[-73.108255,42.665255],[-73.108318,42.665264],[-73.108374,42.665278],[-73.108568,42.665334],[-73.108643,42.665355],[-73.108662,42.665361],[-73.108726,42.665375],[-73.10878,42.665379],[-73.109051,42.665377],[-73.109142,42.665379],[-73.109565,42.665396],[-73.109624,42.665392],[-73.109674,42.665382],[-73.109715,42.665365],[-73.109754,42.665344],[-73.109788,42.665319],[-73.109815,42.665291],[-73.109833,42.665261],[-73.110195,42.66527],[-73.109833,42.665261],[-73.109815,42.665291],[-73.109788,42.665319],[-73.109754,42.665344],[-73.109715,42.665365],[-73.109674,42.665382],[-73.109624,42.665392],[-73.109565,42.665396],[-73.109142,42.665379],[-73.109051,42.665377],[-73.10878,42.665379],[-73.108726,42.665375],[-73.108662,42.665361],[-73.108643,42.665355],[-73.108568,42.665334],[-73.108374,42.665278],[-73.108318,42.665264],[-73.108255,42.665255],[-73.108191,42.66525],[-73.108109,42.665248],[-73.10794,42.665242],[-73.107921,42.66522],[-73.107899,42.665202],[-73.107874,42.665187],[-73.107847,42.665174],[-73.107819,42.665163],[-73.107791,42.665156],[-73.107527,42.665144],[-73.107389,42.665141],[-73.10725,42.665143],[-73.10666,42.665153],[-73.106202,42.665143],[-73.105942,42.665134],[-73.105699,42.66513],[-73.105433,42.665131],[-73.104611,42.665151],[-73.10432,42.665159],[-73.104103,42.665165],[-73.103763,42.665176],[-73.102493,42.665214],[-73.102186,42.665222],[-73.101874,42.665222],[-73.101535,42.665217],[-73.101253,42.665208],[-73.100955,42.665196],[-73.099911,42.665144],[-73.099483,42.665123],[-73.099316,42.665122],[-73.099174,42.66513],[-73.099026,42.665149],[-73.098869,42.66519],[-73.098736,42.66524],[-73.098633,42.665289],[-73.098517,42.665358],[-73.098429,42.665426],[-73.098352,42.665494],[-73.098274,42.665581],[-73.098218,42.665668],[-73.098181,42.665749],[-73.098154,42.665839],[-73.098141,42.665928],[-73.098137,42.666015],[-73.098145,42.666106],[-73.098162,42.666193],[-73.098465,42.667211],[-73.09851,42.667369],[-73.098545,42.667509],[-73.098573,42.667633],[-73.098596,42.667779],[-73.098612,42.667932],[-73.098628,42.668098],[-73.098719,42.669032],[-73.09875,42.669414],[-73.098758,42.669566],[-73.098755,42.669722],[-73.098744,42.669875],[-73.098729,42.670033],[-73.098599,42.671022],[-73.098565,42.671251],[-73.098527,42.671488],[-73.098506,42.671605],[-73.098356,42.6724],[-73.098237,42.672979],[-73.098099,42.673679],[-73.097853,42.67488],[-73.097763,42.67532],[-73.097711,42.675543],[-73.097654,42.675755],[-73.097547,42.676141],[-73.097512,42.676278],[-73.097483,42.676405],[-73.097469,42.67648],[-73.097444,42.676643],[-73.097395,42.677064],[-73.097352,42.677442],[-73.097327,42.677655],[-73.097316,42.677788],[-73.09731,42.677919],[-73.097314,42.678051],[-73.097326,42.678182],[-73.097347,42.678313],[-73.097369,42.678431],[-73.097412,42.678616],[-73.097464,42.678806],[-73.097523,42.679],[-73.097591,42.679206],[-73.097657,42.679395],[-73.097735,42.67959],[-73.097816,42.679771],[-73.097993,42.680152],[-73.098091,42.680372],[-73.098176,42.680577],[-73.098406,42.681167],[-73.098461,42.681297],[-73.098508,42.681397],[-73.098563,42.681497],[-73.098634,42.68159],[-73.098714,42.681677],[-73.098812,42.681768],[-73.098919,42.68185],[-73.099034,42.681926],[-73.099269,42.68208],[-73.099416,42.682174],[-73.099538,42.682263],[-73.09967,42.682372],[-73.099813,42.682503],[-73.099992,42.68268],[-73.100447,42.683142],[-73.101573,42.684311],[-73.101741,42.684486],[-73.101902,42.684647],[-73.102077,42.684811],[-73.102258,42.684973],[-73.102738,42.685391],[-73.102871,42.685509],[-73.103001,42.685637],[-73.103114,42.685764],[-73.103217,42.685903],[-73.1033,42.686047],[-73.103374,42.686198],[-73.103838,42.687201],[-73.103947,42.687429],[-73.104063,42.68766],[-73.104176,42.687881],[-73.104225,42.687969],[-73.104281,42.688064],[-73.104454,42.688344],[-73.104477,42.688385],[-73.104499,42.688431],[-73.104512,42.688463],[-73.104513,42.688465],[-73.104521,42.688495],[-73.104527,42.688527],[-73.10453,42.688563],[-73.104532,42.688593],[-73.104535,42.688625],[-73.10454,42.68866],[-73.104544,42.688674],[-73.104547,42.688687],[-73.104556,42.688716],[-73.104568,42.688747],[-73.104579,42.688773],[-73.104594,42.688801],[-73.104615,42.688837],[-73.104646,42.688889],[-73.104804,42.689131],[-73.104899,42.689279],[-73.10495,42.689357],[-73.104994,42.689424],[-73.105037,42.689487],[-73.10508,42.689548],[-73.105102,42.689578],[-73.105497,42.690091],[-73.105553,42.690166],[-73.1058,42.690491],[-73.105888,42.690608],[-73.106065,42.690842],[-73.106768,42.691769],[-73.107013,42.692092],[-73.107131,42.692241],[-73.107247,42.692375],[-73.107418,42.692558],[-73.108178,42.693345],[-73.109098,42.694304],[-73.109151,42.69437],[-73.109213,42.694461],[-73.109273,42.694532],[-73.109664,42.69494],[-73.109742,42.695034],[-73.109799,42.695124],[-73.10984,42.695221],[-73.10987,42.695312],[-73.109926,42.695524],[-73.10998,42.695706],[-73.110133,42.69621],[-73.111796,42.696188],[-73.11188,42.696198],[-73.111961,42.696217],[-73.112031,42.696244],[-73.112097,42.696285],[-73.112151,42.69633],[-73.112348,42.696543],[-73.11249,42.696696],[-73.113264,42.697531],[-73.113309,42.697584],[-73.113339,42.697643],[-73.113359,42.697706],[-73.113362,42.697764],[-73.113353,42.69783],[-73.113335,42.697901],[-73.113236,42.698225],[-73.112953,42.699156],[-73.111838,42.698961]]}},{"type":"Feature","properties":{"agency":"Link413","shape_id":"p_1436591"},"geometry":{"type":"LineString","coordinates":[[-73.111831,42.698982],[-73.11168,42.698956],[-73.111427,42.698912],[-73.110506,42.698751],[-73.110436,42.698739],[-73.110374,42.698731],[-73.110315,42.698726],[-73.110257,42.698725],[-73.110182,42.698724],[-73.110101,42.698717],[-73.110022,42.698705],[-73.10995,42.69869],[-73.109874,42.69867],[-73.109785,42.698641],[-73.109726,42.698616],[-73.109656,42.698582],[-73.109593,42.698546],[-73.109531,42.698528],[-73.109479,42.698527],[-73.109431,42.698536],[-73.109385,42.698556],[-73.109341,42.698588],[-73.109281,42.698944],[-73.109257,42.699051],[-73.109002,42.700011],[-73.108989,42.700073],[-73.108977,42.700157],[-73.108921,42.700259],[-73.108861,42.700351],[-73.108851,42.700366],[-73.108738,42.700535],[-73.108798,42.700539],[-73.10886,42.70054],[-73.108932,42.700535],[-73.108992,42.700526],[-73.109146,42.700495],[-73.109708,42.700382],[-73.109851,42.700355],[-73.109981,42.700334],[-73.11012,42.700317],[-73.110249,42.700306],[-73.110377,42.700299],[-73.110504,42.700296],[-73.110618,42.700298],[-73.110754,42.700303],[-73.111687,42.70035],[-73.111697,42.70035],[-73.111732,42.700352],[-73.111908,42.700361],[-73.111907,42.700371],[-73.111902,42.700422],[-73.1119,42.700446],[-73.111893,42.700549],[-73.111887,42.700639],[-73.111886,42.700663],[-73.111883,42.70076],[-73.111875,42.700855],[-73.111883,42.700855],[-73.112065,42.700862],[-73.112191,42.700867],[-73.112197,42.700867],[-73.112266,42.700869],[-73.112821,42.700886],[-73.113265,42.700898],[-73.113277,42.700898],[-73.11351,42.700899],[-73.113702,42.700899],[-73.113701,42.700824],[-73.113702,42.700794],[-73.113702,42.700721],[-73.113707,42.700519],[-73.113708,42.700505],[-73.113716,42.700347],[-73.113718,42.700292],[-73.113718,42.700263],[-73.113724,42.699781],[-73.113726,42.699587],[-73.113727,42.699548],[-73.113729,42.699489],[-73.113735,42.699432],[-73.113742,42.699394],[-73.113749,42.699359],[-73.11376,42.699319],[-73.113766,42.699297],[-73.11379,42.699216],[-73.113795,42.699201],[-73.113858,42.698986],[-73.113875,42.698925],[-73.113892,42.698866],[-73.113904,42.698811],[-73.113915,42.698753],[-73.113924,42.698697],[-73.113931,42.698637],[-73.113937,42.698576],[-73.11394,42.698516],[-73.113941,42.69846],[-73.11394,42.698401],[-73.113938,42.698335],[-73.113935,42.698272],[-73.113884,42.697722],[-73.113796,42.696957],[-73.113789,42.696903],[-73.113785,42.696848],[-73.113782,42.696793],[-73.113781,42.696736],[-73.113782,42.696678],[-73.113786,42.696624],[-73.113793,42.69657],[-73.1138,42.696519],[-73.11381,42.696469],[-73.113821,42.696417],[-73.113836,42.69636],[-73.113919,42.696052],[-73.113922,42.696042],[-73.113948,42.695951],[-73.114151,42.695287],[-73.114348,42.694636],[-73.114378,42.694532],[-73.114403,42.694426],[-73.11444,42.694263],[-73.114528,42.6939],[-73.114569,42.693717],[-73.11461,42.693531],[-73.114641,42.693369],[-73.114671,42.693183],[-73.114691,42.693038],[-73.114698,42.692908],[-73.114695,42.692775],[-73.114682,42.692627],[-73.114653,42.692493],[-73.114617,42.692363],[-73.114561,42.692223],[-73.114453,42.69201],[-73.11422,42.691558],[-73.114159,42.691443],[-73.114083,42.691317],[-73.113989,42.691184],[-73.113888,42.691071],[-73.11377,42.690957],[-73.113564,42.690773],[-73.113382,42.690607],[-73.113024,42.690281],[-73.112835,42.690104],[-73.112632,42.689917],[-73.112446,42.689739],[-73.112275,42.689576],[-73.112106,42.689409],[-73.111924,42.689227],[-73.111844,42.689146],[-73.110363,42.687602],[-73.108523,42.685684],[-73.107731,42.684858],[-73.107456,42.684569],[-73.107344,42.684448],[-73.10723,42.68432],[-73.107115,42.684178],[-73.10702,42.684044],[-73.106935,42.683904],[-73.106864,42.683766],[-73.106799,42.683612],[-73.106751,42.683471],[-73.106709,42.683322],[-73.106683,42.683183],[-73.106667,42.683037],[-73.106658,42.682878],[-73.106661,42.682742],[-73.106677,42.682591],[-73.106704,42.682439],[-73.106748,42.682235],[-73.106778,42.682078],[-73.106804,42.681922],[-73.10682,42.681779],[-73.10683,42.681629],[-73.106829,42.681479],[-73.106819,42.681331],[-73.106792,42.681169],[-73.106753,42.681011],[-73.106593,42.680457],[-73.106562,42.68034],[-73.106542,42.680251],[-73.10652,42.680132],[-73.106506,42.680022],[-73.106499,42.679927],[-73.106496,42.679768],[-73.106505,42.679605],[-73.106522,42.679439],[-73.106545,42.679286],[-73.106578,42.679136],[-73.106625,42.678972],[-73.10668,42.678818],[-73.106759,42.678624],[-73.106985,42.678118],[-73.107049,42.677959],[-73.107102,42.677798],[-73.107145,42.677645],[-73.107177,42.677475],[-73.107199,42.677305],[-73.107211,42.677132],[-73.107212,42.676721],[-73.107261,42.676147],[-73.107311,42.675549],[-73.107331,42.675085],[-73.107353,42.674646],[-73.107364,42.674389],[-73.10741,42.673656],[-73.107575,42.67099],[-73.10758,42.670913],[-73.107631,42.670068],[-73.107767,42.667899],[-73.107856,42.666486],[-73.107901,42.66621],[-73.10792,42.666143],[-73.107948,42.666076],[-73.107985,42.666008],[-73.108023,42.665946],[-73.108145,42.665767],[-73.108221,42.665651],[-73.108271,42.665569],[-73.108299,42.665511],[-73.108322,42.665457],[-73.108346,42.665396],[-73.108363,42.665337],[-73.108374,42.665278],[-73.108568,42.665334],[-73.108643,42.665355],[-73.108662,42.665361],[-73.108726,42.665375],[-73.10878,42.665379],[-73.109051,42.665377],[-73.109142,42.665379],[-73.109565,42.665396],[-73.109624,42.665392],[-73.109674,42.665382],[-73.109715,42.665365],[-73.109754,42.665344],[-73.109788,42.665319],[-73.109815,42.665291],[-73.109833,42.665261],[-73.110195,42.66527]]}},{"type":"Feature","properties":{"agency":"Link413","shape_id":"p_1436593"},"geometry":{"type":"LineString","coordinates":[[-73.111838,42.698961],[-73.111688,42.698935],[-73.110475,42.698723],[-73.110388,42.698724],[-73.110311,42.698739],[-73.110227,42.698769],[-73.110287,42.698675],[-73.110335,42.698586],[-73.110378,42.698497],[-73.110411,42.698408],[-73.110429,42.698335],[-73.110433,42.698257],[-73.11043,42.69817],[-73.110416,42.698088],[-73.110413,42.698036],[-73.11042,42.697974],[-73.110417,42.697896],[-73.110407,42.697811],[-73.11029,42.697098],[-73.110133,42.69621],[-73.10998,42.695706],[-73.109926,42.695524],[-73.10987,42.695312],[-73.10984,42.695221],[-73.109799,42.695124],[-73.109742,42.695034],[-73.109664,42.69494],[-73.109273,42.694532],[-73.109213,42.694461],[-73.109151,42.69437],[-73.109098,42.694304],[-73.108178,42.693345],[-73.107418,42.692558],[-73.107247,42.692375],[-73.107131,42.692241],[-73.107013,42.692092],[-73.106768,42.691769],[-73.106617,42.69157],[-73.106064,42.69084],[-73.106022,42.690784],[-73.105976,42.690724],[-73.1058,42.690491],[-73.105553,42.690166],[-73.105497,42.690091],[-73.105102,42.689578],[-73.10508,42.689548],[-73.105037,42.689487],[-73.104994,42.689424],[-73.10495,42.689357],[-73.104899,42.689279],[-73.104804,42.689131],[-73.104646,42.688889],[-73.104615,42.688837],[-73.104594,42.688801],[-73.104579,42.688773],[-73.104568,42.688747],[-73.104556,42.688716],[-73.104547,42.688687],[-73.104544,42.688674],[-73.10454,42.68866],[-73.104535,42.688625],[-73.104532,42.688593],[-73.10453,42.688563],[-73.104527,42.688527],[-73.104521,42.688495],[-73.104513,42.688465],[-73.104512,42.688463],[-73.104499,42.688431],[-73.104477,42.688385],[-73.104454,42.688344],[-73.104281,42.688064],[-73.104225,42.687969],[-73.104176,42.687881],[-73.104063,42.68766],[-73.103947,42.687429],[-73.103838,42.687201],[-73.103374,42.686198],[-73.1033,42.686047],[-73.103217,42.685903],[-73.103114,42.685764],[-73.103001,42.685637],[-73.102871,42.685509],[-73.102738,42.685391],[-73.102258,42.684973],[-73.102077,42.684811],[-73.101902,42.684647],[-73.101741,42.684486],[-73.101573,42.684311],[-73.100447,42.683142],[-73.099992,42.68268],[-73.099813,42.682503],[-73.09967,42.682372],[-73.099538,42.682263],[-73.099416,42.682174],[-73.099269,42.68208],[-73.099034,42.681926],[-73.098919,42.68185],[-73.098812,42.681768],[-73.098714,42.681677],[-73.098634,42.68159],[-73.098563,42.681497],[-73.098508,42.681397],[-73.098461,42.681297],[-73.098406,42.681167],[-73.098176,42.680577],[-73.098091,42.680372],[-73.097993,42.680152],[-73.097816,42.679771],[-73.097735,42.67959],[-73.097657,42.679395],[-73.097591,42.679206],[-73.097523,42.679],[-73.097464,42.678806],[-73.097412,42.678616],[-73.097369,42.678431],[-73.097347,42.678313],[-73.097326,42.678182],[-73.097314,42.678051],[-73.09731,42.677919],[-73.097316,42.677788],[-73.097327,42.677655],[-73.097352,42.677442],[-73.097395,42.677064],[-73.097444,42.676643],[-73.097469,42.67648],[-73.097483,42.676405],[-73.097512,42.676278],[-73.097547,42.676141],[-73.097654,42.675755],[-73.097711,42.675543],[-73.097763,42.67532],[-73.097853,42.67488],[-73.098099,42.673679],[-73.098237,42.672979],[-73.098356,42.6724],[-73.098506,42.671605],[-73.098527,42.671488],[-73.098565,42.671251],[-73.098599,42.671022],[-73.098729,42.670033],[-73.098744,42.669875],[-73.098755,42.669722],[-73.098758,42.669566],[-73.09875,42.669414],[-73.098719,42.669032],[-73.098628,42.668098],[-73.098612,42.667932],[-73.098596,42.667779],[-73.098573,42.667633],[-73.098545,42.667509],[-73.09851,42.667369],[-73.098465,42.667211],[-73.098162,42.666193],[-73.098145,42.666106],[-73.098137,42.666015],[-73.098141,42.665928],[-73.098154,42.665839],[-73.098181,42.665749],[-73.098218,42.665668],[-73.098274,42.665581],[-73.098352,42.665494],[-73.098429,42.665426],[-73.098517,42.665358],[-73.098633,42.665289],[-73.098736,42.66524],[-73.098869,42.66519],[-73.099026,42.665149],[-73.099174,42.66513],[-73.099316,42.665122],[-73.099483,42.665123],[-73.099911,42.665144],[-73.100955,42.665196],[-73.101253,42.665208],[-73.101535,42.665217],[-73.101874,42.665222],[-73.102186,42.665222],[-73.102493,42.665214],[-73.103763,42.665176],[-73.104103,42.665165],[-73.10432,42.665159],[-73.104611,42.665151],[-73.105433,42.665131],[-73.105699,42.66513],[-73.105942,42.665134],[-73.106202,42.665143],[-73.10666,42.665153],[-73.107122,42.6652],[-73.107253,42.665211],[-73.107392,42.665217],[-73.107645,42.665228],[-73.107785,42.665235],[-73.10794,42.665242],[-73.108109,42.665248],[-73.108191,42.66525],[-73.108255,42.665255],[-73.108318,42.665264],[-73.108374,42.665278],[-73.108568,42.665334],[-73.108643,42.665355],[-73.108662,42.665361],[-73.108726,42.665375],[-73.10878,42.665379],[-73.109051,42.665377],[-73.109142,42.665379],[-73.109565,42.665396],[-73.109624,42.665392],[-73.109674,42.665382],[-73.109715,42.665365],[-73.109754,42.665344],[-73.109788,42.665319],[-73.109815,42.665291],[-73.109833,42.665261],[-73.110195,42.66527]]}},{"type":"Feature","properties":{"agency":"Link413","shape_id":"p_1436594"},"geometry":{"type":"LineString","coordinates":[[-73.110195,42.66527],[-73.109833,42.665261],[-73.109815,42.665291],[-73.109788,42.665319],[-73.109754,42.665344],[-73.109715,42.665365],[-73.109674,42.665382],[-73.109624,42.665392],[-73.109565,42.665396],[-73.109142,42.665379],[-73.109051,42.665377],[-73.10878,42.665379],[-73.108726,42.665375],[-73.108662,42.665361],[-73.108643,42.665355],[-73.108568,42.665334],[-73.108374,42.665278],[-73.108318,42.665264],[-73.108255,42.665255],[-73.108191,42.66525],[-73.108109,42.665248],[-73.10794,42.665242],[-73.107921,42.66522],[-73.107899,42.665202],[-73.107874,42.665187],[-73.107847,42.665174],[-73.107819,42.665163],[-73.107791,42.665156],[-73.107527,42.665144],[-73.107389,42.665141],[-73.10725,42.665143],[-73.10666,42.665153],[-73.106202,42.665143],[-73.105942,42.665134],[-73.105699,42.66513],[-73.105433,42.665131],[-73.104611,42.665151],[-73.10432,42.665159],[-73.104103,42.665165],[-73.103763,42.665176],[-73.102493,42.665214],[-73.102186,42.665222],[-73.101874,42.665222],[-73.101535,42.665217],[-73.101253,42.665208],[-73.100955,42.665196],[-73.099911,42.665144],[-73.099483,42.665123],[-73.099316,42.665122],[-73.099174,42.66513],[-73.099026,42.665149],[-73.098869,42.66519],[-73.098736,42.66524],[-73.098633,42.665289],[-73.098517,42.665358],[-73.098429,42.665426],[-73.098352,42.665494],[-73.098274,42.665581],[-73.098218,42.665668],[-73.098181,42.665749],[-73.098154,42.665839],[-73.098141,42.665928],[-73.098137,42.666015],[-73.098145,42.666106],[-73.098162,42.666193],[-73.098465,42.667211],[-73.09851,42.667369],[-73.098545,42.667509],[-73.098573,42.667633],[-73.098596,42.667779],[-73.098612,42.667932],[-73.098628,42.668098],[-73.098719,42.669032],[-73.09875,42.669414],[-73.098758,42.669566],[-73.098755,42.669722],[-73.098744,42.669875],[-73.098729,42.670033],[-73.098599,42.671022],[-73.098565,42.671251],[-73.098527,42.671488],[-73.098506,42.671605],[-73.098356,42.6724],[-73.098237,42.672979],[-73.098099,42.673679],[-73.097853,42.67488],[-73.097763,42.67532],[-73.097711,42.675543],[-73.097654,42.675755],[-73.097547,42.676141],[-73.097512,42.676278],[-73.097483,42.676405],[-73.097469,42.67648],[-73.097444,42.676643],[-73.097395,42.677064],[-73.097352,42.677442],[-73.097327,42.677655],[-73.097316,42.677788],[-73.09731,42.677919],[-73.097314,42.678051],[-73.097326,42.678182],[-73.097347,42.678313],[-73.097369,42.678431],[-73.097412,42.678616],[-73.097464,42.678806],[-73.097523,42.679],[-73.097591,42.679206],[-73.097657,42.679395],[-73.097735,42.67959],[-73.097816,42.679771],[-73.097993,42.680152],[-73.098091,42.680372],[-73.098176,42.680577],[-73.098406,42.681167],[-73.098461,42.681297],[-73.098508,42.681397],[-73.098563,42.681497],[-73.098634,42.68159],[-73.098714,42.681677],[-73.098812,42.681768],[-73.098919,42.68185],[-73.099034,42.681926],[-73.099269,42.68208],[-73.099416,42.682174],[-73.099538,42.682263],[-73.09967,42.682372],[-73.099813,42.682503],[-73.099992,42.68268],[-73.100447,42.683142],[-73.101573,42.684311],[-73.101741,42.684486],[-73.101902,42.684647],[-73.102077,42.684811],[-73.102258,42.684973],[-73.102738,42.685391],[-73.102871,42.685509],[-73.103001,42.685637],[-73.103114,42.685764],[-73.103217,42.685903],[-73.1033,42.686047],[-73.103374,42.686198],[-73.103838,42.687201],[-73.103947,42.687429],[-73.104063,42.68766],[-73.104176,42.687881],[-73.104225,42.687969],[-73.104281,42.688064],[-73.104454,42.688344],[-73.104477,42.688385],[-73.104499,42.688431],[-73.104512,42.688463],[-73.104513,42.688465],[-73.104521,42.688495],[-73.104527,42.688527],[-73.10453,42.688563],[-73.104532,42.688593],[-73.104535,42.688625],[-73.10454,42.68866],[-73.104544,42.688674],[-73.104547,42.688687],[-73.104556,42.688716],[-73.104568,42.688747],[-73.104579,42.688773],[-73.104594,42.688801],[-73.104615,42.688837],[-73.104646,42.688889],[-73.104804,42.689131],[-73.104899,42.689279],[-73.10495,42.689357],[-73.104994,42.689424],[-73.105037,42.689487],[-73.10508,42.689548],[-73.105102,42.689578],[-73.105497,42.690091],[-73.105553,42.690166],[-73.1058,42.690491],[-73.105888,42.690608],[-73.106065,42.690842],[-73.106768,42.691769],[-73.107013,42.692092],[-73.107131,42.692241],[-73.107247,42.692375],[-73.107418,42.692558],[-73.108178,42.693345],[-73.109098,42.694304],[-73.109151,42.69437],[-73.109213,42.694461],[-73.109273,42.694532],[-73.109664,42.69494],[-73.109742,42.695034],[-73.109799,42.695124],[-73.10984,42.695221],[-73.10987,42.695312],[-73.109926,42.695524],[-73.10998,42.695706],[-73.110133,42.69621],[-73.111796,42.696188],[-73.11188,42.696198],[-73.111961,42.696217],[-73.112031,42.696244],[-73.112097,42.696285],[-73.112151,42.69633],[-73.112348,42.696543],[-73.11249,42.696696],[-73.113264,42.697531],[-73.113309,42.697584],[-73.113339,42.697643],[-73.113359,42.697706],[-73.113362,42.697764],[-73.113353,42.69783],[-73.113335,42.697901],[-73.113236,42.698225],[-73.112953,42.699156],[-73.111838,42.698961]]}},{"type":"Feature","properties":{"agency":"Link413","shape_id":"p_1436595"},"geometry":{"type":"LineString","coordinates":[[-73.11185307336734,42.69896580743156],[-73.110473,42.698722],[-73.110389,42.698722],[-73.110229,42.698768],[-73.109829425812,42.698696281009],[-73.109553158283,42.698538581934],[-73.109459280968,42.698528725728],[-73.109341263771,42.698583920459],[-73.109322488308,42.698700223481],[-73.109129369259,42.699549820305],[-73.10898170166813,42.70018152472895],[-73.108756542206,42.700517676304],[-73.108220100403,42.700541330437],[-73.107190132141,42.700438829129],[-73.105752468109,42.700304788703],[-73.103864192963,42.700131324191],[-73.103016614914,42.700202287004],[-73.102447986603,42.700328442917],[-73.101546764374,42.70078575595],[-73.099443912506,42.701873832038],[-73.098403215408,42.702402093988],[-73.097920417786,42.702480938669],[-73.097577095032,42.702441516341],[-73.096160888672,42.702070945232],[-73.095710277557,42.701794986586],[-73.095399141312,42.701463834592],[-73.094701766968,42.701010468878],[-73.094154596329,42.700525561016],[-73.093685209751,42.700054447719],[-73.093194365501,42.699662179108],[-73.092663288116,42.699244282183],[-73.0919739604,42.698568150541],[-73.092505037785,42.698589834177],[-73.093250691891,42.698627287713],[-73.094438910484,42.698727820776],[-73.095501065254,42.698852008453],[-73.096761703491,42.69902941899],[-73.096804618835,42.698936771328],[-73.096806171966,42.698437270259],[-73.096828886261,42.697334407559],[-73.096831550293,42.696285894865],[-73.096885468292,42.694769385497],[-73.096901698456,42.693332956897],[-73.09693127121,42.692299300697],[-73.096600706062,42.692301114446],[-73.094006356506,42.692192527518],[-73.093736391255,42.692270752455],[-73.093595172036,42.692396291774],[-73.09347366614,42.692607941079],[-73.093455959904,42.693102208452],[-73.093399089761,42.69335737291],[-73.093338993654,42.693670559446],[-73.093154428425,42.693886880301],[-73.092903315163,42.693956785715],[-73.0918696105025,42.6938910687515],[-73.0918710510091,42.6938916906693],[-73.090907486871,42.6938344968577],[-73.0908035775151,42.6938528827296],[-73.090611152793,42.6939066260083],[-73.09041,42.69398],[-73.09034,42.694],[-73.09028,42.69404],[-73.09023,42.69407],[-73.09019,42.69411],[-73.09016,42.69415],[-73.09014,42.69419],[-73.08987,42.69465],[-73.08977,42.69481],[-73.08971,42.69491],[-73.08967,42.69503],[-73.08966,42.69509],[-73.08961,42.69555],[-73.08959,42.69562],[-73.08956,42.69567],[-73.08952,42.69571],[-73.08947,42.69575],[-73.08941,42.69579],[-73.08955,42.69589],[-73.08968,42.69599],[-73.08991,42.69622],[-73.09002,42.69635],[-73.09059,42.69699],[-73.09174,42.69831],[-73.09182,42.69841],[-73.0919,42.69849],[-73.09197,42.69857],[-73.09212,42.69872],[-73.09254,42.69913],[-73.09272,42.69929],[-73.09281,42.69936],[-73.09351,42.6999],[-73.0936,42.69998],[-73.09369,42.70005],[-73.09377,42.70014],[-73.0942,42.70058],[-73.09435,42.70072],[-73.0945,42.70085],[-73.09461,42.70094],[-73.09472,42.70102],[-73.09485,42.7011],[-73.09516,42.70129],[-73.09528,42.70137],[-73.09539,42.70145],[-73.0955,42.70155],[-73.09569,42.70174],[-73.09579,42.70183],[-73.09589,42.70191],[-73.096,42.70198],[-73.0962,42.70208],[-73.09629,42.70211],[-73.09639,42.70215],[-73.09665,42.70221],[-73.09759,42.70245],[-73.09771,42.70248],[-73.09784,42.70249],[-73.09796,42.70249],[-73.09822,42.70245],[-73.09834,42.70242],[-73.09845,42.70238],[-73.09856,42.70233],[-73.09869,42.70227],[-73.09885,42.70219],[-73.09928,42.70197],[-73.1001,42.70155],[-73.10202,42.70055],[-73.10217,42.70047],[-73.10231,42.70041],[-73.10246,42.70034],[-73.10255,42.70032],[-73.1026,42.7003],[-73.1027,42.70027],[-73.10272,42.70027],[-73.10284,42.70024],[-73.10299,42.70021],[-73.10313,42.70019],[-73.10333,42.70017],[-73.10355,42.70015],[-73.104,42.70015],[-73.10427,42.70016],[-73.10459,42.70018],[-73.10624,42.70034],[-73.10627,42.70046],[-73.10629,42.70058],[-73.10633,42.7007],[-73.10636,42.70081],[-73.10639,42.70088],[-73.10643,42.70096],[-73.10649,42.70104],[-73.10656,42.70111],[-73.10665,42.70118],[-73.10719,42.70157],[-73.10727,42.70163],[-73.10734,42.70171],[-73.1074,42.70178],[-73.10746,42.70188],[-73.10752,42.70196],[-73.10759,42.70204],[-73.10753,42.70211],[-73.10747,42.70217],[-73.10737,42.70229],[-73.10691,42.70288],[-73.10687,42.70293],[-73.10665,42.70321],[-73.1066,42.70328],[-73.10656,42.70337],[-73.10652,42.70345],[-73.10647,42.70364],[-73.10644,42.70375],[-73.10641,42.70387],[-73.10639,42.704],[-73.10628,42.70458],[-73.10627,42.70464],[-73.10628,42.70472],[-73.1063,42.7048],[-73.10635,42.70492],[-73.10637,42.70496],[-73.10648,42.70517],[-73.10651,42.70523],[-73.10653,42.7053],[-73.10673,42.70582],[-73.10678,42.70594],[-73.10809135437,42.705928324467],[-73.108147680759,42.705981541615],[-73.108163774014,42.706119511787],[-73.108257651329,42.706328437463],[-73.108375668526,42.70647626181],[-73.10849905014,42.706529478488],[-73.10860902071,42.706568898221],[-73.108751177788,42.706594521033],[-73.108928203583,42.706570869207],[-73.109271526337,42.706525536514],[-73.10936377556881,42.7065590231947],[-73.1094559541905,42.70663804878015],[-73.10950545752553,42.70670578491482],[-73.10956008189991,42.706745924816005],[-73.109577,42.706734],[-73.109632,42.706751],[-73.109651,42.706753],[-73.109701,42.706758],[-73.109817,42.706761],[-73.109823,42.706715],[-73.109836,42.706665],[-73.109866,42.706609],[-73.109897,42.706556],[-73.109936,42.7065],[-73.109949,42.706451],[-73.10996,42.706379],[-73.109969,42.706311],[-73.109992,42.706077],[-73.110074,42.706105],[-73.110159,42.706126],[-73.110243,42.706138],[-73.110322,42.706144],[-73.110779,42.706178],[-73.110839,42.706175],[-73.11089,42.706166],[-73.11094,42.706149],[-73.110987,42.706119],[-73.111018,42.706081],[-73.111037,42.706037],[-73.111327,42.705218],[-73.111959,42.705285],[-73.112173,42.705308],[-73.112389,42.705329],[-73.11259,42.705344],[-73.113219,42.705388],[-73.113411,42.705401],[-73.113557,42.705412],[-73.1137,42.705424],[-73.113733,42.704801],[-73.113736,42.70474],[-73.11375,42.70438],[-73.113754,42.704214],[-73.113756,42.704028],[-73.113756,42.703842],[-73.113745,42.703488],[-73.113704,42.702802],[-73.113684,42.702518],[-73.113673,42.702353],[-73.113664,42.7022],[-73.113656,42.702021],[-73.113652,42.701868],[-73.113646,42.70152],[-73.113645,42.701465],[-73.113646,42.701433],[-73.113651,42.701272],[-73.11366,42.701184],[-73.113693,42.701042],[-73.113703,42.700966],[-73.113703,42.7009],[-73.113717,42.700505],[-73.113721,42.700257],[-73.113722,42.699764],[-73.113722,42.699534],[-73.113725,42.699482],[-73.113734,42.699423],[-73.113764,42.699298],[-73.112953,42.699156],[-73.112146,42.699022],[-73.111836,42.69897]]}},{"type":"Feature","properties":{"agency":"Link413","shape_id":"p_1436596"},"geometry":{"type":"LineString","coordinates":[[-73.11185307336734,42.69896580743156],[-73.110473,42.698722],[-73.110389,42.698722],[-73.110229,42.698768],[-73.109829425812,42.698696281009],[-73.109553158283,42.698538581934],[-73.109459280968,42.698528725728],[-73.109341263771,42.698583920459],[-73.109322488308,42.698700223481],[-73.109129369259,42.699549820305],[-73.10898170166813,42.70018152472895],[-73.108756542206,42.700517676304],[-73.108220100403,42.700541330437],[-73.107190132141,42.700438829129],[-73.105752468109,42.700304788703],[-73.103864192963,42.700131324191],[-73.103016614914,42.700202287004],[-73.102447986603,42.700328442917],[-73.101546764374,42.70078575595],[-73.099443912506,42.701873832038],[-73.098403215408,42.702402093988],[-73.097920417786,42.702480938669],[-73.097577095032,42.702441516341],[-73.096160888672,42.702070945232],[-73.095710277557,42.701794986586],[-73.095399141312,42.701463834592],[-73.094701766968,42.701010468878],[-73.094154596329,42.700525561016],[-73.093685209751,42.700054447719],[-73.093194365501,42.699662179108],[-73.092663288116,42.699244282183],[-73.0919739604,42.698568150541],[-73.092505037785,42.698589834177],[-73.093250691891,42.698627287713],[-73.094438910484,42.698727820776],[-73.095501065254,42.698852008453],[-73.096761703491,42.69902941899],[-73.096804618835,42.698936771328],[-73.096806171966,42.698437270259],[-73.096828886261,42.697334407559],[-73.096831550293,42.696285894865],[-73.096885468292,42.694769385497],[-73.096901698456,42.693332956897],[-73.09693127121,42.692299300697],[-73.096600706062,42.692301114446],[-73.094006356506,42.692192527518],[-73.093736391255,42.692270752455],[-73.093595172036,42.692396291774],[-73.09347366614,42.692607941079],[-73.093455959904,42.693102208452],[-73.093399089761,42.69335737291],[-73.093338993654,42.693670559446],[-73.093154428425,42.693886880301],[-73.092903315163,42.693956785715],[-73.0918696105025,42.6938910687515],[-73.091895,42.693896],[-73.091861,42.693894],[-73.091663,42.693881],[-73.091277,42.693856],[-73.091003,42.693839],[-73.090912,42.693837],[-73.09082,42.693846],[-73.090724,42.693868],[-73.090413,42.693975],[-73.090343,42.694004],[-73.090284,42.694038],[-73.090233,42.694074],[-73.090195,42.694112],[-73.090164,42.694152],[-73.090138,42.694192],[-73.089865,42.694653],[-73.08977,42.694814],[-73.089711,42.694914],[-73.089685,42.69497],[-73.089667,42.69503],[-73.089657,42.695091],[-73.089605,42.695554],[-73.089589,42.695617],[-73.089561,42.69567],[-73.08952,42.695714],[-73.089472,42.695754],[-73.089415,42.695792],[-73.08955,42.695892],[-73.089679,42.695995],[-73.089804,42.69611],[-73.089913,42.696222],[-73.090025,42.696346],[-73.090588,42.696986],[-73.090778,42.697205],[-73.091133,42.697615],[-73.09174,42.698314],[-73.091823,42.698408],[-73.091899,42.698493],[-73.091974,42.698571],[-73.092125,42.698721],[-73.092541,42.699129],[-73.092625,42.699209],[-73.09272,42.699291],[-73.09281,42.699364],[-73.093507,42.699904],[-73.093605,42.699984],[-73.093686,42.700054],[-73.093775,42.70014],[-73.094203,42.700577],[-73.094346,42.700715],[-73.094496,42.70085],[-73.094612,42.700941],[-73.09472,42.701017],[-73.094847,42.701098],[-73.095159,42.701289],[-73.095282,42.701371],[-73.095388,42.701452],[-73.095497,42.701553],[-73.095585,42.701642],[-73.095688,42.701742],[-73.095791,42.701832],[-73.095894,42.701912],[-73.095998,42.701978],[-73.096115,42.702041],[-73.096201,42.702078],[-73.096288,42.702113],[-73.096392,42.702147],[-73.096648,42.702213],[-73.097594,42.702454],[-73.097714,42.702475],[-73.097837,42.702488],[-73.097957,42.702485],[-73.098086,42.702472],[-73.098217,42.702449],[-73.09834,42.702416],[-73.09845,42.702378],[-73.098558,42.702331],[-73.098692,42.702267],[-73.098852,42.702188],[-73.099281,42.701972],[-73.09969,42.701762],[-73.100095,42.701553],[-73.101895,42.700611],[-73.102016,42.700547],[-73.102167,42.700472],[-73.102307,42.700407],[-73.102458,42.700344],[-73.102548,42.700316],[-73.102602,42.700298],[-73.102696,42.700275],[-73.102724,42.700268],[-73.102838,42.700243],[-73.102988,42.700215],[-73.103125,42.700195],[-73.103327,42.700173],[-73.103547,42.700154],[-73.10377,42.700146],[-73.103999,42.70015],[-73.104281,42.700164],[-73.10459,42.700184],[-73.106242,42.700344],[-73.106585,42.700377],[-73.10678,42.700396],[-73.106967,42.700414],[-73.107218,42.700437],[-73.107442,42.700458],[-73.107664,42.700479],[-73.108132,42.70053],[-73.108296,42.700548],[-73.10837,42.700555],[-73.108433,42.700559],[-73.1085,42.700559],[-73.108583,42.700554],[-73.108663,42.700545],[-73.108738,42.700535],[-73.108798,42.700539],[-73.10886,42.70054],[-73.108932,42.700535],[-73.108992,42.700526],[-73.109146,42.700495],[-73.109708,42.700382],[-73.109851,42.700355],[-73.109981,42.700334],[-73.11012,42.700317],[-73.110249,42.700306],[-73.110377,42.700299],[-73.110504,42.700296],[-73.110618,42.700298],[-73.110754,42.700303],[-73.111687,42.70035],[-73.111697,42.70035],[-73.111732,42.700352],[-73.111908,42.700361],[-73.111914,42.700361],[-73.112019,42.700367],[-73.112149,42.700372],[-73.112209,42.700374],[-73.112282,42.700373],[-73.112351,42.700368],[-73.112439,42.700354],[-73.112473,42.700356],[-73.112716,42.700368],[-73.11287,42.700375],[-73.113022,42.700379],[-73.113178,42.700382],[-73.113319,42.700384],[-73.113467,42.700385],[-73.113618,42.700384],[-73.113778,42.700382],[-73.113932,42.700377],[-73.114808,42.700342],[-73.114978,42.700338],[-73.115139,42.700338],[-73.115305,42.700341],[-73.11541,42.700345],[-73.115491,42.700348],[-73.115515,42.700349],[-73.115693,42.700358],[-73.11591,42.700366],[-73.11611,42.700372],[-73.116134,42.700372],[-73.116333,42.700375],[-73.116562,42.700376],[-73.116962,42.700379],[-73.118015,42.700381],[-73.119109,42.700386],[-73.120561,42.700386],[-73.120791,42.700388],[-73.120975,42.700396],[-73.12117,42.700408],[-73.121352,42.700428],[-73.121515,42.700452],[-73.121674,42.700487],[-73.121829,42.700533],[-73.121987,42.700592],[-73.12243,42.700773],[-73.122905,42.700968],[-73.123042,42.701018],[-73.123191,42.701056],[-73.123349,42.701079],[-73.123487,42.701086],[-73.123626,42.701084],[-73.123785,42.701069],[-73.123929,42.701043],[-73.124073,42.700998],[-73.12421,42.700944],[-73.124349,42.700877],[-73.1249,42.700571],[-73.12505,42.700492],[-73.12518,42.700428],[-73.12529,42.700379],[-73.125414,42.700328],[-73.125538,42.700278],[-73.126498,42.699905],[-73.126723,42.699819],[-73.12695,42.699739],[-73.12716,42.699669],[-73.127364,42.699604],[-73.127802,42.699472],[-73.129555,42.698932],[-73.130814,42.698541],[-73.13099,42.698487],[-73.131154,42.698445],[-73.131306,42.698421],[-73.131476,42.698407],[-73.131633,42.698409],[-73.131791,42.698422],[-73.131947,42.698441],[-73.132939,42.698586],[-73.133025,42.698599],[-73.133901,42.698726],[-73.134082,42.698747],[-73.134177,42.698755],[-73.134352,42.698758],[-73.134513,42.698753],[-73.13467,42.698742],[-73.134823,42.698727],[-73.136013,42.698568],[-73.136243,42.698538],[-73.136466,42.698508],[-73.137001,42.698434],[-73.136979,42.698343],[-73.136974,42.69832],[-73.13697,42.698299],[-73.136966,42.698276],[-73.136965,42.69825],[-73.136968,42.698223],[-73.136977,42.698198],[-73.136992,42.698176],[-73.137013,42.698156],[-73.137039,42.698138],[-73.137144,42.698078],[-73.137154,42.698072],[-73.137144,42.698078],[-73.137039,42.698138],[-73.137013,42.698156],[-73.136992,42.698176],[-73.136977,42.698198],[-73.136968,42.698223],[-73.136965,42.69825],[-73.136966,42.698276],[-73.13697,42.698299],[-73.136974,42.69832],[-73.136979,42.698343],[-73.137001,42.698434],[-73.137129,42.698417],[-73.13714,42.698416],[-73.138327,42.698253],[-73.138346,42.69825],[-73.139518,42.698091],[-73.139651,42.698073],[-73.140039,42.69802],[-73.140257,42.697992],[-73.140467,42.69797],[-73.140671,42.697957],[-73.14089,42.697946],[-73.141094,42.697943],[-73.141316,42.697946],[-73.141724,42.697954],[-73.142616,42.697972],[-73.143504,42.697989],[-73.143908,42.697997],[-73.145253,42.698024],[-73.145281,42.697366],[-73.145253,42.698024],[-73.143908,42.697997],[-73.143504,42.697989],[-73.142616,42.697972],[-73.141724,42.697954],[-73.141316,42.697946],[-73.141094,42.697943],[-73.14089,42.697946],[-73.140671,42.697957],[-73.140467,42.69797],[-73.140257,42.697992],[-73.140039,42.69802],[-73.139651,42.698073],[-73.139518,42.698091],[-73.138327,42.698253],[-73.13714,42.698416],[-73.137129,42.698417],[-73.137001,42.698434],[-73.136466,42.698508],[-73.136243,42.698538],[-73.136013,42.698568],[-73.134823,42.698727],[-73.13467,42.698742],[-73.134513,42.698753],[-73.134352,42.698758],[-73.134177,42.698755],[-73.134082,42.698747],[-73.133901,42.698726],[-73.133025,42.698599],[-73.132939,42.698586],[-73.131947,42.698441],[-73.131791,42.698422],[-73.131633,42.698409],[-73.131476,42.698407],[-73.131306,42.698421],[-73.131154,42.698445],[-73.13099,42.698487],[-73.130814,42.698541],[-73.129555,42.698932],[-73.127802,42.699472],[-73.127364,42.699604],[-73.12716,42.699669],[-73.12695,42.699739],[-73.126723,42.699819],[-73.126498,42.699905],[-73.125538,42.700278],[-73.125414,42.700328],[-73.12529,42.700379],[-73.12518,42.700428],[-73.12505,42.700492],[-73.1249,42.700571],[-73.124349,42.700877],[-73.12421,42.700944],[-73.124073,42.700998],[-73.123929,42.701043],[-73.123785,42.701069],[-73.123626,42.701084],[-73.123487,42.701086],[-73.123349,42.701079],[-73.123191,42.701056],[-73.123042,42.701018],[-73.122905,42.700968],[-73.12243,42.700773],[-73.121987,42.700592],[-73.121829,42.700533],[-73.121674,42.700487],[-73.121515,42.700452],[-73.121352,42.700428],[-73.12117,42.700408],[-73.120975,42.700396],[-73.120791,42.700388],[-73.120561,42.700386],[-73.119109,42.700386],[-73.118015,42.700381],[-73.116962,42.700379],[-73.116562,42.700376],[-73.116333,42.700375],[-73.116134,42.700372],[-73.11611,42.700372],[-73.116017,42.700359],[-73.115948,42.700347],[-73.11588,42.700332],[-73.115816,42.700316],[-73.115761,42.700297],[-73.115707,42.700274],[-73.115661,42.700248],[-73.115622,42.700226],[-73.115602,42.700215],[-73.115555,42.7002],[-73.115512,42.700182],[-73.115467,42.700159],[-73.115286,42.700047],[-73.114861,42.69978],[-73.114835,42.699764],[-73.114807,42.699749],[-73.114785,42.699738],[-73.114761,42.699728],[-73.114569,42.699657],[-73.114389,42.699554],[-73.114257,42.699476],[-73.114213,42.699452],[-73.11417,42.699431],[-73.114099,42.699401],[-73.114029,42.699376],[-73.113967,42.699357],[-73.113938,42.69935],[-73.11376,42.699319],[-73.113612,42.699293],[-73.113073,42.699199],[-73.113053,42.699195],[-73.112948,42.699177],[-73.112836,42.699158],[-73.112147,42.699037],[-73.111831,42.698982]]}},{"type":"Feature","properties":{"agency":"Link413","shape_id":"p_1436597"},"geometry":{"type":"LineString","coordinates":[[-73.11185307336734,42.69896580743156],[-73.110473,42.698722],[-73.110389,42.698722],[-73.110229,42.698768],[-73.109829425812,42.698696281009],[-73.109553158283,42.698538581934],[-73.109459280968,42.698528725728],[-73.109341263771,42.698583920459],[-73.109322488308,42.698700223481],[-73.109129369259,42.699549820305],[-73.10898170166813,42.70018152472895],[-73.108756542206,42.700517676304],[-73.108220100403,42.700541330437],[-73.107190132141,42.700438829129],[-73.105752468109,42.700304788703],[-73.103864192963,42.700131324191],[-73.103016614914,42.700202287004],[-73.102447986603,42.700328442917],[-73.101546764374,42.70078575595],[-73.099443912506,42.701873832038],[-73.098403215408,42.702402093988],[-73.097920417786,42.702480938669],[-73.097577095032,42.702441516341],[-73.096160888672,42.702070945232],[-73.095710277557,42.701794986586],[-73.095399141312,42.701463834592],[-73.094701766968,42.701010468878],[-73.094154596329,42.700525561016],[-73.093685209751,42.700054447719],[-73.093194365501,42.699662179108],[-73.092663288116,42.699244282183],[-73.0919739604,42.698568150541],[-73.092505037785,42.698589834177],[-73.093250691891,42.698627287713],[-73.094438910484,42.698727820776],[-73.095501065254,42.698852008453],[-73.096761703491,42.69902941899],[-73.096804618835,42.698936771328],[-73.096806171966,42.698437270259],[-73.096828886261,42.697334407559],[-73.096831550293,42.696285894865],[-73.096885468292,42.694769385497],[-73.096901698456,42.693332956897],[-73.09693127121,42.692299300697],[-73.096600706062,42.692301114446],[-73.094006356506,42.692192527518],[-73.093736391255,42.692270752455],[-73.093595172036,42.692396291774],[-73.09347366614,42.692607941079],[-73.093455959904,42.693102208452],[-73.093399089761,42.69335737291],[-73.093338993654,42.693670559446],[-73.093154428425,42.693886880301],[-73.092903315163,42.693956785715],[-73.0918696105025,42.6938910687515],[-73.091895,42.693896],[-73.091861,42.693894],[-73.091663,42.693881],[-73.091277,42.693856],[-73.091003,42.693839],[-73.090912,42.693837],[-73.09082,42.693846],[-73.090724,42.693868],[-73.090413,42.693975],[-73.090343,42.694004],[-73.090284,42.694038],[-73.090233,42.694074],[-73.090195,42.694112],[-73.090164,42.694152],[-73.090138,42.694192],[-73.089865,42.694653],[-73.08977,42.694814],[-73.089711,42.694914],[-73.089685,42.69497],[-73.089667,42.69503],[-73.089657,42.695091],[-73.089605,42.695554],[-73.089589,42.695617],[-73.089561,42.69567],[-73.08952,42.695714],[-73.089472,42.695754],[-73.089415,42.695792],[-73.08955,42.695892],[-73.089679,42.695995],[-73.089804,42.69611],[-73.089913,42.696222],[-73.090025,42.696346],[-73.090588,42.696986],[-73.090778,42.697205],[-73.091133,42.697615],[-73.09174,42.698314],[-73.091823,42.698408],[-73.091899,42.698493],[-73.091974,42.698571],[-73.092125,42.698721],[-73.092541,42.699129],[-73.092625,42.699209],[-73.09272,42.699291],[-73.09281,42.699364],[-73.093507,42.699904],[-73.093605,42.699984],[-73.093686,42.700054],[-73.093775,42.70014],[-73.094203,42.700577],[-73.094346,42.700715],[-73.094496,42.70085],[-73.094612,42.700941],[-73.09472,42.701017],[-73.094847,42.701098],[-73.095159,42.701289],[-73.095282,42.701371],[-73.095388,42.701452],[-73.095497,42.701553],[-73.095585,42.701642],[-73.095688,42.701742],[-73.095791,42.701832],[-73.095894,42.701912],[-73.095998,42.701978],[-73.096115,42.702041],[-73.096201,42.702078],[-73.096288,42.702113],[-73.096392,42.702147],[-73.096648,42.702213],[-73.097594,42.702454],[-73.097714,42.702475],[-73.097837,42.702488],[-73.097957,42.702485],[-73.098086,42.702472],[-73.098217,42.702449],[-73.09834,42.702416],[-73.09845,42.702378],[-73.098558,42.702331],[-73.098692,42.702267],[-73.098852,42.702188],[-73.099281,42.701972],[-73.09969,42.701762],[-73.100095,42.701553],[-73.101895,42.700611],[-73.102016,42.700547],[-73.102167,42.700472],[-73.102307,42.700407],[-73.102458,42.700344],[-73.102548,42.700316],[-73.102602,42.700298],[-73.102696,42.700275],[-73.102724,42.700268],[-73.102838,42.700243],[-73.102988,42.700215],[-73.103125,42.700195],[-73.103327,42.700173],[-73.103547,42.700154],[-73.10377,42.700146],[-73.103999,42.70015],[-73.104281,42.700164],[-73.10459,42.700184],[-73.106242,42.700344],[-73.106585,42.700377],[-73.10678,42.700396],[-73.106967,42.700414],[-73.107218,42.700437],[-73.107442,42.700458],[-73.107664,42.700479],[-73.108132,42.70053],[-73.108296,42.700548],[-73.10837,42.700555],[-73.108433,42.700559],[-73.1085,42.700559],[-73.108583,42.700554],[-73.108663,42.700545],[-73.108738,42.700535],[-73.108798,42.700539],[-73.10886,42.70054],[-73.108932,42.700535],[-73.108992,42.700526],[-73.109146,42.700495],[-73.109708,42.700382],[-73.109851,42.700355],[-73.109981,42.700334],[-73.11012,42.700317],[-73.110249,42.700306],[-73.110377,42.700299],[-73.110504,42.700296],[-73.110618,42.700298],[-73.110754,42.700303],[-73.111687,42.70035],[-73.111697,42.70035],[-73.111732,42.700352],[-73.111908,42.700361],[-73.111907,42.700371],[-73.111902,42.700422],[-73.1119,42.700446],[-73.111893,42.700549],[-73.111887,42.700639],[-73.111886,42.700663],[-73.111883,42.70076],[-73.111875,42.700855],[-73.111883,42.700855],[-73.112065,42.700862],[-73.112191,42.700867],[-73.112197,42.700867],[-73.112266,42.700869],[-73.112821,42.700886],[-73.113265,42.700898],[-73.113277,42.700898],[-73.11351,42.700899],[-73.113702,42.700899],[-73.113702,42.700988],[-73.113701,42.700994],[-73.113697,42.701036],[-73.113688,42.701084],[-73.113663,42.701185],[-73.113653,42.701234],[-73.113647,42.701284],[-73.113644,42.70134],[-73.113644,42.701385],[-73.113645,42.701441],[-73.113646,42.70152],[-73.113645,42.701465],[-73.113646,42.701433],[-73.113651,42.701272],[-73.11366,42.701184],[-73.113693,42.701042],[-73.113703,42.700966],[-73.113703,42.7009],[-73.113717,42.700505],[-73.113721,42.700257],[-73.113722,42.699764],[-73.113722,42.699534],[-73.113725,42.699482],[-73.113734,42.699423],[-73.113764,42.699298],[-73.112953,42.699156],[-73.112146,42.699022],[-73.111836,42.69897]]}},{"type":"Feature","properties":{"agency":"Link413","shape_id":"p_1436598"},"geometry":{"type":"LineString","coordinates":[[-73.254527,42.451721],[-73.254589,42.451729],[-73.254614,42.451665],[-73.254643,42.451628],[-73.254685,42.451599],[-73.254904,42.451514],[-73.254944,42.451489],[-73.254977,42.451453],[-73.254999,42.451417],[-73.255006,42.451372],[-73.255,42.451332],[-73.254977,42.451292],[-73.254956,42.451272],[-73.254937,42.451254],[-73.254882,42.451234],[-73.254827,42.451227],[-73.254765,42.451237],[-73.254714,42.45126],[-73.254248,42.451536],[-73.254201,42.451577],[-73.254173,42.451622],[-73.254154,42.451671],[-73.254589,42.451729],[-73.254928,42.451775],[-73.255139,42.451802],[-73.255255,42.451576],[-73.255302,42.451512],[-73.255612,42.451236],[-73.255867,42.451111],[-73.256174,42.451018],[-73.256609,42.450932],[-73.256974,42.450823],[-73.257219,42.450719],[-73.257439,42.450561],[-73.257617,42.450384],[-73.257707,42.450225],[-73.257796,42.450045],[-73.257877,42.449829],[-73.257952,42.449622],[-73.25798,42.449524],[-73.257995,42.449447],[-73.258004,42.449369],[-73.258007,42.449264],[-73.258003,42.449149],[-73.257993,42.449039],[-73.257981,42.448935],[-73.257959,42.448811],[-73.257886,42.448439],[-73.257844,42.448235],[-73.257818,42.448117],[-73.257674,42.44816],[-73.257458,42.44824],[-73.257235,42.448314],[-73.256656,42.448504],[-73.256537,42.448542],[-73.256376,42.448589],[-73.256205,42.448627],[-73.256025,42.448651],[-73.255858,42.44866],[-73.255694,42.448658],[-73.255602,42.448653],[-73.255517,42.448645],[-73.255361,42.448628],[-73.255186,42.448604],[-73.25504,42.44858],[-73.254463,42.448486],[-73.254243,42.448448],[-73.254156,42.448424],[-73.254094,42.448399],[-73.25403,42.448364],[-73.254088,42.448196],[-73.254233,42.447667],[-73.254407,42.446973],[-73.254425,42.446906],[-73.254438,42.446861],[-73.254558,42.446397],[-73.254583,42.446298],[-73.254838,42.445312],[-73.255123,42.444212],[-73.255266,42.443477],[-73.255433,42.442853],[-73.255499,42.4426],[-73.255638,42.442122],[-73.255692,42.441995],[-73.255722,42.441924],[-73.255879,42.441653],[-73.256229,42.441118],[-73.256782,42.440281],[-73.25692,42.440014],[-73.256954,42.439893],[-73.25697,42.439764],[-73.256969,42.439632],[-73.256847,42.438692],[-73.256785,42.438177],[-73.256806,42.437849],[-73.256835,42.437709],[-73.257053,42.436962],[-73.25715,42.436596],[-73.257206,42.436384],[-73.257239,42.436204],[-73.257426,42.435421],[-73.257718,42.43436],[-73.257762,42.434208],[-73.257918,42.433702],[-73.257973,42.433523],[-73.258015,42.433387],[-73.258169,42.432806],[-73.258389,42.431844],[-73.258432,42.431629],[-73.25866,42.430639],[-73.258929,42.429497],[-73.25915,42.428426],[-73.259548,42.426847],[-73.259593,42.426657],[-73.259647,42.426418],[-73.259677,42.426252],[-73.259697,42.426137],[-73.259705,42.426104],[-73.259793,42.425815],[-73.259882,42.425611],[-73.259967,42.425423],[-73.260009,42.425329],[-73.260055,42.425235],[-73.260162,42.42503],[-73.260806,42.423921],[-73.260941,42.423626],[-73.261008,42.423434],[-73.261056,42.423102],[-73.261061,42.422926],[-73.261052,42.422719],[-73.260835,42.421775],[-73.260345,42.420029],[-73.260292,42.419682],[-73.260295,42.419394],[-73.260387,42.418795],[-73.260501,42.418329],[-73.260574,42.418031],[-73.260687,42.417598],[-73.260781,42.417238],[-73.260845,42.416992],[-73.260913,42.416641],[-73.260984,42.41628],[-73.261091,42.415584],[-73.261488,42.41385],[-73.261529,42.413656],[-73.261647,42.413105],[-73.261796,42.41253],[-73.262139,42.411784],[-73.262487,42.411005],[-73.262745,42.410383],[-73.262918,42.40998],[-73.263082,42.409557],[-73.263213,42.409218],[-73.263406,42.408654],[-73.263531,42.40829],[-73.263661,42.408016],[-73.263968,42.40737],[-73.264105,42.407083],[-73.265091,42.404934],[-73.265165,42.404769],[-73.265811,42.403382],[-73.266118,42.402719],[-73.26625,42.402434],[-73.266491,42.401924],[-73.266663,42.401506],[-73.2668,42.401078],[-73.266847,42.400915],[-73.267034,42.40018],[-73.267085,42.39993],[-73.267174,42.399615],[-73.267335,42.399245],[-73.2676,42.398863],[-73.267799,42.398623],[-73.26804,42.398376],[-73.268287,42.398146],[-73.268603,42.397882],[-73.269766,42.397058],[-73.270173,42.396767],[-73.270448,42.396518],[-73.270686,42.396199],[-73.27083,42.395957],[-73.270834,42.395952],[-73.271491,42.39489],[-73.272185,42.393774],[-73.272366,42.393419],[-73.272525,42.393024],[-73.272646,42.392623],[-73.272809,42.39196],[-73.273211,42.39007],[-73.273503,42.388674],[-73.273843,42.387039],[-73.274,42.386528],[-73.27415,42.386112],[-73.274317,42.385728],[-73.27485,42.384605],[-73.275097,42.384085],[-73.275232,42.383795],[-73.275817,42.382706],[-73.27616,42.381957],[-73.276349,42.381576],[-73.276493,42.381189],[-73.276603,42.380763],[-73.276651,42.380371],[-73.276688,42.38007],[-73.276708,42.379903],[-73.276715,42.379854],[-73.276813,42.379134],[-73.276817,42.379109],[-73.276828,42.379036],[-73.277019,42.37772],[-73.277055,42.377412],[-73.277067,42.377318],[-73.277106,42.376985],[-73.277216,42.375954],[-73.277247,42.375624],[-73.277276,42.375263],[-73.27736,42.373957],[-73.277389,42.373811],[-73.27742,42.373703],[-73.277455,42.373602],[-73.277493,42.373503],[-73.277538,42.373411],[-73.277592,42.373311],[-73.277671,42.373182],[-73.27776,42.373046],[-73.27784,42.372933],[-73.277923,42.372829],[-73.278005,42.372734],[-73.278135,42.372597],[-73.27831,42.372408],[-73.279112,42.371526],[-73.279281,42.371351],[-73.279451,42.371176],[-73.279616,42.371011],[-73.279745,42.370875],[-73.279948,42.370653],[-73.280071,42.370508],[-73.28018,42.370358],[-73.280207,42.370301],[-73.28023,42.3702],[-73.280308,42.370074],[-73.280382,42.369932],[-73.280451,42.369785],[-73.280523,42.369612],[-73.280738,42.369102],[-73.280855,42.368837],[-73.280913,42.368701],[-73.280968,42.368562],[-73.281011,42.36844],[-73.281071,42.368261],[-73.281124,42.368097],[-73.281174,42.367912],[-73.281219,42.367724],[-73.28126,42.367541],[-73.281302,42.367325],[-73.281338,42.367126],[-73.281375,42.366921],[-73.281404,42.366724],[-73.281428,42.366542],[-73.281458,42.3663],[-73.28148,42.366098],[-73.281522,42.365614],[-73.281588,42.364679],[-73.28161,42.364414],[-73.281624,42.364319],[-73.281638,42.364231],[-73.281673,42.364071],[-73.281726,42.363936],[-73.281762,42.363843],[-73.281867,42.363646],[-73.282218,42.36296],[-73.282394,42.362611],[-73.283007,42.361348],[-73.283039,42.361283],[-73.283154,42.361037],[-73.283396,42.360552],[-73.283703,42.359924],[-73.28397,42.35937],[-73.284032,42.35924],[-73.284197,42.35889],[-73.284566,42.358112],[-73.284586,42.358061],[-73.284933,42.357401],[-73.284965,42.357322],[-73.284989,42.357244],[-73.284999,42.357159],[-73.284999,42.357108],[-73.284993,42.357057],[-73.284978,42.357003],[-73.284955,42.356956],[-73.284921,42.35691],[-73.28488,42.35687],[-73.284807,42.356814],[-73.284718,42.356751],[-73.284328,42.356526],[-73.284328,42.356525],[-73.283907,42.35628],[-73.283839,42.356242],[-73.283729,42.356179],[-73.28306,42.355784],[-73.282303,42.355347],[-73.28208,42.355215],[-73.281561,42.354911],[-73.281427,42.354834],[-73.28089,42.354524],[-73.280101,42.354076],[-73.277537,42.352569],[-73.276256,42.35181],[-73.275638,42.351449],[-73.273254,42.350047],[-73.273148,42.349983],[-73.272497,42.349615],[-73.272219,42.349453],[-73.271943,42.349285],[-73.271544,42.349034],[-73.271431,42.34889],[-73.271284,42.348705],[-73.271236,42.348628],[-73.271183,42.348528],[-73.271152,42.348492],[-73.271114,42.348456],[-73.271117,42.348427],[-73.271113,42.348395],[-73.271101,42.348359],[-73.270941,42.347927],[-73.270869,42.347713],[-73.27079,42.347444],[-73.270723,42.347197],[-73.270629,42.346799],[-73.270483,42.346158],[-73.270454,42.346061],[-73.270413,42.345961],[-73.270365,42.345875],[-73.270302,42.345787],[-73.270212,42.345683],[-73.270249,42.345555],[-73.270287,42.345422],[-73.270326,42.345274],[-73.270358,42.345118],[-73.270383,42.344958],[-73.270399,42.34479],[-73.270407,42.344626],[-73.270404,42.344475],[-73.270397,42.344335],[-73.270382,42.344196],[-73.27036,42.344053],[-73.270335,42.343908],[-73.2703,42.343761],[-73.270261,42.343621],[-73.270241,42.343558],[-73.270229,42.343521],[-73.27021,42.343467],[-73.270152,42.343316],[-73.270086,42.343147],[-73.270006,42.342952],[-73.269578,42.341928],[-73.269394,42.341558],[-73.269231,42.341237],[-73.268935,42.340533],[-73.268279,42.338862],[-73.268193,42.338654],[-73.268085,42.338386],[-73.267999,42.338213],[-73.267915,42.338072],[-73.267654,42.337696],[-73.266264,42.335812],[-73.266091,42.335563],[-73.265954,42.335309],[-73.265788,42.334971],[-73.264851,42.332413],[-73.263491,42.328773],[-73.263381,42.328504],[-73.263115,42.328039],[-73.262583,42.327185],[-73.261946,42.326222],[-73.261709,42.32591],[-73.261533,42.32567],[-73.261447,42.325534],[-73.2614,42.325398],[-73.261307,42.325134],[-73.26123,42.324855],[-73.261191,42.324639],[-73.261121,42.32434],[-73.261027,42.324018],[-73.260942,42.323736],[-73.260909,42.323677],[-73.260877,42.323618],[-73.260775,42.323435],[-73.2606,42.323171],[-73.260322,42.322822],[-73.260016,42.322451],[-73.259673,42.322075],[-73.25942,42.321765],[-73.259236,42.321551],[-73.259065,42.321353],[-73.259016,42.321297],[-73.258944,42.321198],[-73.258833,42.321045],[-73.258685,42.320812],[-73.258503,42.320472],[-73.258359,42.320191],[-73.258228,42.319868],[-73.258116,42.319483],[-73.257966,42.319079],[-73.257956,42.319047],[-73.257722,42.318347],[-73.257645,42.318147],[-73.257518,42.317815],[-73.257376,42.317484],[-73.257337,42.317398],[-73.257225,42.317151],[-73.257034,42.316818],[-73.256927,42.316636],[-73.256791,42.316404],[-73.256659,42.316173],[-73.256512,42.315915],[-73.256456,42.315817],[-73.256272,42.315528],[-73.256255,42.315501],[-73.256143,42.315236],[-73.256029,42.314905],[-73.256014,42.314864],[-73.255905,42.314553],[-73.255878,42.314476],[-73.255735,42.313999],[-73.255605,42.313593],[-73.255595,42.313561],[-73.255548,42.313412],[-73.255427,42.313026],[-73.255355,42.3128],[-73.255334,42.312736],[-73.255324,42.312639],[-73.255303,42.312496],[-73.255297,42.312235],[-73.255296,42.31217],[-73.255278,42.31176],[-73.255268,42.311536],[-73.255253,42.311328],[-73.255233,42.311183],[-73.255193,42.311079],[-73.255131,42.310982],[-73.255087,42.310912],[-73.255041,42.310869],[-73.255018,42.310847],[-73.254893,42.310742],[-73.254706,42.310595],[-73.254557,42.310499],[-73.2545,42.310461],[-73.254434,42.310418],[-73.254361,42.31037],[-73.254203,42.310291],[-73.254047,42.310232],[-73.253968,42.310218],[-73.2539,42.310206],[-73.253662,42.310179],[-73.252806,42.310122],[-73.252577,42.310106],[-73.252466,42.3101],[-73.252389,42.310093],[-73.252164,42.31007],[-73.252055,42.310053],[-73.25199,42.31003],[-73.251936,42.31],[-73.251876,42.309933],[-73.251812,42.309818],[-73.251783,42.309767],[-73.251661,42.309553],[-73.251482,42.30924],[-73.25124,42.308785],[-73.251038,42.308422],[-73.25082,42.308029],[-73.250448,42.30736],[-73.250009,42.306594],[-73.249717,42.306082],[-73.249507,42.305709],[-73.249606,42.305681],[-73.249731,42.305645],[-73.249819,42.305623],[-73.250037,42.305574],[-73.25011,42.305646],[-73.250156,42.305687],[-73.250201,42.305722],[-73.250257,42.305759],[-73.250304,42.305784],[-73.250486,42.305875],[-73.250566,42.305918],[-73.250615,42.305948],[-73.250668,42.305984],[-73.250709,42.306014],[-73.250758,42.306054],[-73.250823,42.306112],[-73.25091,42.306204],[-73.250823,42.306112],[-73.250758,42.306054],[-73.250709,42.306014],[-73.250668,42.305984],[-73.250615,42.305948],[-73.250566,42.305918],[-73.250486,42.305875],[-73.250304,42.305784],[-73.250257,42.305759],[-73.250201,42.305722],[-73.250156,42.305687],[-73.25011,42.305646],[-73.250037,42.305574],[-73.249819,42.305623],[-73.249731,42.305645],[-73.249606,42.305681],[-73.249507,42.305709],[-73.249091,42.304983],[-73.249042,42.304894],[-73.248755,42.304382],[-73.248726,42.304292],[-73.248704,42.304201],[-73.24881,42.304194],[-73.24904,42.304161],[-73.24932,42.304088],[-73.249998,42.303996],[-73.250089,42.303982],[-73.250365,42.303939],[-73.250502,42.303914],[-73.250622,42.30389],[-73.250925,42.303818],[-73.251109,42.303775],[-73.25127,42.303731],[-73.251427,42.303682],[-73.251531,42.303649],[-73.2518,42.303552],[-73.25211,42.303431],[-73.252282,42.303375],[-73.252834,42.303196],[-73.253463,42.302991],[-73.253696,42.302914],[-73.254521,42.302673],[-73.255449,42.302399],[-73.255621,42.302349],[-73.255716,42.302321],[-73.255903,42.302264],[-73.256087,42.302208],[-73.256109,42.302201],[-73.256143,42.302191],[-73.256291,42.302148],[-73.256401,42.302112],[-73.256461,42.302093],[-73.256912,42.301963],[-73.257208,42.301884],[-73.257276,42.301869],[-73.257334,42.301857],[-73.257458,42.301833],[-73.257517,42.301825],[-73.257561,42.30182],[-73.257646,42.301813],[-73.257738,42.301805],[-73.257829,42.301801],[-73.257916,42.301796],[-73.258004,42.301792],[-73.25809,42.301788],[-73.258157,42.301786],[-73.258225,42.301782],[-73.258291,42.301779],[-73.258365,42.301776],[-73.258439,42.301772],[-73.258514,42.301769],[-73.259263,42.301755],[-73.2603,42.301762],[-73.260472,42.301763],[-73.260694,42.301765],[-73.260804,42.301764],[-73.260896,42.30176],[-73.260924,42.301759],[-73.260926,42.301759],[-73.260954,42.301757],[-73.261007,42.301752],[-73.26108,42.301742],[-73.261128,42.301736],[-73.261193,42.301726],[-73.261279,42.301712],[-73.261388,42.301692],[-73.261486,42.301675],[-73.261558,42.301661],[-73.261638,42.301649],[-73.261714,42.301632],[-73.261807,42.301613],[-73.261891,42.301597],[-73.262019,42.301569],[-73.262136,42.301546],[-73.262256,42.30152],[-73.262392,42.301493],[-73.262526,42.301465],[-73.26266,42.301436],[-73.262803,42.301403],[-73.262929,42.301373],[-73.263031,42.301349],[-73.263128,42.301324],[-73.263232,42.301294],[-73.263296,42.301277],[-73.263388,42.301245],[-73.263512,42.301205],[-73.263624,42.301172],[-73.263733,42.301136],[-73.263823,42.301105],[-73.263936,42.30107],[-73.264016,42.301035],[-73.264069,42.301013],[-73.264123,42.300991],[-73.264224,42.300944],[-73.264316,42.300905],[-73.264407,42.300865],[-73.264533,42.300809],[-73.264657,42.300751],[-73.264783,42.300693],[-73.264896,42.300643],[-73.26501,42.300593],[-73.265124,42.300542],[-73.265625,42.300318],[-73.265872,42.300207],[-73.265939,42.300168],[-73.266007,42.300128],[-73.266073,42.300087],[-73.266134,42.300045],[-73.266192,42.3],[-73.266248,42.299954],[-73.2663,42.299908],[-73.26635,42.299859],[-73.266398,42.299811],[-73.266444,42.299762],[-73.266489,42.299712],[-73.266577,42.299612],[-73.266622,42.299562],[-73.266667,42.299511],[-73.266737,42.29944],[-73.26681,42.299371],[-73.266884,42.299302],[-73.266951,42.299236],[-73.26702,42.29917],[-73.267094,42.299108],[-73.267137,42.299078],[-73.267181,42.299049],[-73.267226,42.29902],[-73.267512,42.298802],[-73.267791,42.298595],[-73.267923,42.298489],[-73.267985,42.298434],[-73.268031,42.298388],[-73.268075,42.29834],[-73.268118,42.298292],[-73.268176,42.298227],[-73.268234,42.298161],[-73.268291,42.298095],[-73.268339,42.298037],[-73.268386,42.297978],[-73.268433,42.29792],[-73.268478,42.297864],[-73.268523,42.297807],[-73.268567,42.297751],[-73.268806,42.297501],[-73.26933,42.29696],[-73.269648,42.296635],[-73.269952,42.296357],[-73.270217,42.296116],[-73.270272,42.296066],[-73.270926,42.295469],[-73.270993,42.295406],[-73.27106,42.295344],[-73.271129,42.295283],[-73.271182,42.295242],[-73.271237,42.295201],[-73.271291,42.29516],[-73.271419,42.295056],[-73.271486,42.295006],[-73.271563,42.294958],[-73.271643,42.294914],[-73.271724,42.29487],[-73.271902,42.294772],[-73.271991,42.294724],[-73.272055,42.294688],[-73.272119,42.294653],[-73.272182,42.294617],[-73.272607,42.294406],[-73.272616,42.294401],[-73.272695,42.294361],[-73.273363,42.294042],[-73.274014,42.293725],[-73.274038,42.293716],[-73.27441,42.29357],[-73.2745,42.29354],[-73.27459,42.293511],[-73.274679,42.293481],[-73.274781,42.293447],[-73.274884,42.293413],[-73.274985,42.293378],[-73.275052,42.293353],[-73.275119,42.293326],[-73.275186,42.293301],[-73.275265,42.293275],[-73.275344,42.29325],[-73.275422,42.293223],[-73.275496,42.293193],[-73.275569,42.293161],[-73.275641,42.293129],[-73.275722,42.293094],[-73.275882,42.293024],[-73.276082,42.292936],[-73.276181,42.292893],[-73.276266,42.292856],[-73.27635,42.292819],[-73.276434,42.292783],[-73.276494,42.292754],[-73.276554,42.292726],[-73.276615,42.292699],[-73.276696,42.292664],[-73.276779,42.292632],[-73.276862,42.292599],[-73.27702,42.292535],[-73.2771,42.292504],[-73.277177,42.292477],[-73.277255,42.29245],[-73.277332,42.292424],[-73.277432,42.292393],[-73.277532,42.292364],[-73.277633,42.292335],[-73.278296,42.292168],[-73.279206,42.291961],[-73.279296,42.29194],[-73.279385,42.291918],[-73.279475,42.291895],[-73.279626,42.291853],[-73.279731,42.291822],[-73.279858,42.291782],[-73.27997,42.291749],[-73.280082,42.291714],[-73.280192,42.291677],[-73.280279,42.291645],[-73.280451,42.291579],[-73.28053,42.29155],[-73.28061,42.29152],[-73.280689,42.291491],[-73.281248,42.291294],[-73.28183,42.291097],[-73.282605,42.290844],[-73.282726,42.290805],[-73.283436,42.290571],[-73.28382,42.290447],[-73.283919,42.290418],[-73.284019,42.29039],[-73.284119,42.290363],[-73.284201,42.290342],[-73.284283,42.290323],[-73.284367,42.290305],[-73.284459,42.290292],[-73.284552,42.290281],[-73.284645,42.290272],[-73.284699,42.290268],[-73.284766,42.290264],[-73.284887,42.290259],[-73.285008,42.290253],[-73.285814,42.290169],[-73.286642,42.290102],[-73.287481,42.290025],[-73.288173,42.28995],[-73.288359,42.289918],[-73.288453,42.289904],[-73.288519,42.289895],[-73.288584,42.289888],[-73.28865,42.28988],[-73.288681,42.289875],[-73.289198,42.289795],[-73.289834,42.289694],[-73.289871,42.289688],[-73.291085,42.289467],[-73.291756,42.289458],[-73.292196,42.289498],[-73.293782,42.289781],[-73.296982,42.290367],[-73.297471,42.29046],[-73.297899,42.289667],[-73.298344,42.288824],[-73.298641,42.288267],[-73.298817,42.287937],[-73.299153,42.28735],[-73.299442,42.286863],[-73.299651,42.286572],[-73.299991,42.286076],[-73.30017,42.285809],[-73.30035,42.28554],[-73.30073,42.285017],[-73.300875,42.284855],[-73.301004,42.284724],[-73.30115,42.284595],[-73.301262,42.284505],[-73.301404,42.284396],[-73.301553,42.284299],[-73.302117,42.283936],[-73.302969,42.283391],[-73.303717,42.282896],[-73.304739,42.282233],[-73.304959,42.282102],[-73.305035,42.282049],[-73.30511,42.282],[-73.305434,42.281808],[-73.305467,42.281781],[-73.305496,42.281751],[-73.305511,42.281731],[-73.305544,42.281663],[-73.30589,42.28165],[-73.306365,42.281636],[-73.308046,42.281619],[-73.308318,42.28162],[-73.308486,42.281622],[-73.308658,42.28163],[-73.308845,42.281644],[-73.309057,42.281666],[-73.309174,42.281678],[-73.309302,42.281694],[-73.309474,42.281722],[-73.309656,42.281758],[-73.309983,42.281826],[-73.310135,42.28186],[-73.310614,42.281965],[-73.310616,42.28196],[-73.310646,42.281967],[-73.311501,42.282143],[-73.311691,42.282192],[-73.312103,42.282303],[-73.31237,42.282364],[-73.312454,42.282234],[-73.312454,42.282181],[-73.312469,42.282005],[-73.312469,42.281734],[-73.312462,42.281258],[-73.312462,42.280952],[-73.312454,42.280617],[-73.312492,42.280403],[-73.312515,42.280296],[-73.312584,42.28009],[-73.312691,42.279922],[-73.312798,42.279804],[-73.312958,42.279675],[-73.313057,42.279617],[-73.313141,42.279568],[-73.313385,42.279427],[-73.313843,42.27919],[-73.314201,42.278996],[-73.314766,42.278687],[-73.316093,42.277973],[-73.316429,42.277771],[-73.316574,42.277679],[-73.317177,42.277256],[-73.317787,42.276806],[-73.318245,42.276447],[-73.318336,42.276375],[-73.319176,42.275623],[-73.319191,42.275612],[-73.319283,42.27552],[-73.319855,42.274979],[-73.320633,42.274216],[-73.321236,42.273628],[-73.321526,42.273342],[-73.322327,42.27256],[-73.322968,42.271915],[-73.323746,42.271149],[-73.324127,42.27071],[-73.324509,42.270126],[-73.324768,42.269642],[-73.324959,42.269291],[-73.325348,42.268501],[-73.325989,42.267235],[-73.326401,42.266399],[-73.326927,42.265347],[-73.327408,42.2644],[-73.327766,42.263695],[-73.328117,42.262955],[-73.328316,42.262547],[-73.328438,42.262245],[-73.328506,42.261978],[-73.328552,42.261692],[-73.328568,42.261364],[-73.32856,42.260929],[-73.328514,42.26059],[-73.328438,42.25988],[-73.328384,42.259438],[-73.328346,42.25914],[-73.328278,42.258404],[-73.328232,42.258026],[-73.328217,42.257603],[-73.328217,42.257408],[-73.328224,42.257198],[-73.328239,42.257038],[-73.328255,42.256912],[-73.32827,42.256771],[-73.3283,42.256611],[-73.328346,42.256363],[-73.328407,42.256149],[-73.328491,42.255905],[-73.328674,42.255386],[-73.32872,42.255249],[-73.328926,42.254688],[-73.329132,42.25415],[-73.329453,42.253277],[-73.329765,42.252411],[-73.329994,42.251842],[-73.329994,42.251835],[-73.330124,42.251534],[-73.330368,42.251045],[-73.330376,42.251026],[-73.330505,42.250771],[-73.330627,42.250504],[-73.330643,42.250484],[-73.330879,42.250038],[-73.331078,42.249649],[-73.331337,42.249115],[-73.331505,42.248768],[-73.331596,42.248573],[-73.331757,42.248295],[-73.331932,42.247971],[-73.33213,42.247623],[-73.332352,42.247253],[-73.332428,42.247143],[-73.332657,42.246796],[-73.332848,42.246506],[-73.333191,42.245991],[-73.333298,42.245831],[-73.333466,42.245571],[-73.3339,42.24493],[-73.334244,42.244396],[-73.334419,42.244137],[-73.334541,42.24395],[-73.334648,42.243763],[-73.334724,42.243607],[-73.334785,42.243484],[-73.334854,42.243309],[-73.334915,42.24313],[-73.334961,42.242935],[-73.334999,42.242771],[-73.335022,42.242588],[-73.335037,42.242367],[-73.335045,42.242126],[-73.335022,42.241619],[-73.334991,42.241173],[-73.334953,42.240608],[-73.33493,42.240273],[-73.334808,42.238289],[-73.334747,42.236343],[-73.334892,42.235802],[-73.335213,42.235226],[-73.335915,42.234482],[-73.338875,42.232342],[-73.339333,42.231834],[-73.339676,42.231346],[-73.33992,42.230743],[-73.340973,42.2271],[-73.341347,42.225662],[-73.34156,42.22506],[-73.342033,42.223717],[-73.34256,42.222427],[-73.342613,42.222256],[-73.342751,42.222004],[-73.342812,42.221874],[-73.342873,42.221737],[-73.342918,42.221596],[-73.342964,42.221458],[-73.342972,42.221424],[-73.343002,42.22134],[-73.343048,42.221203],[-73.343056,42.221149],[-73.343117,42.220612],[-73.343109,42.220585],[-73.343109,42.220222],[-73.343132,42.220074],[-73.343155,42.219929],[-73.343185,42.219784],[-73.343224,42.219551],[-73.343262,42.219318],[-73.343292,42.219154],[-73.343353,42.218769],[-73.343407,42.218449],[-73.343414,42.21838],[-73.34346,42.218128],[-73.343513,42.217815],[-73.343575,42.217499],[-73.343628,42.217186],[-73.343674,42.216919],[-73.343719,42.216656],[-73.343781,42.216347],[-73.343819,42.216099],[-73.343864,42.215805],[-73.343918,42.215511],[-73.343964,42.21526],[-73.344002,42.215004],[-73.344055,42.214748],[-73.344109,42.214493],[-73.34417,42.214237],[-73.344238,42.213985],[-73.344315,42.21373],[-73.34436,42.213608],[-73.344398,42.213474],[-73.34449,42.213223],[-73.344559,42.213051],[-73.344612,42.212914],[-73.344742,42.212608],[-73.344818,42.212418],[-73.344894,42.212204],[-73.345039,42.211876],[-73.345177,42.211567],[-73.345421,42.211006],[-73.345528,42.210728],[-73.34536,42.210682],[-73.345261,42.210663],[-73.345154,42.210674],[-73.345146,42.2103],[-73.345093,42.210243],[-73.344955,42.210243],[-73.344711,42.210239],[-73.344714,42.210238],[-73.344955,42.210242],[-73.345096,42.210244],[-73.345149,42.210299],[-73.345151,42.210676],[-73.345259,42.210665],[-73.345362,42.210681],[-73.34553,42.210729],[-73.34555,42.210686],[-73.345718,42.210317],[-73.345747,42.210254],[-73.345808,42.210134],[-73.345876,42.209844],[-73.345929,42.209607],[-73.345955,42.209446],[-73.345974,42.209333],[-73.346012,42.209087],[-73.346077,42.208651],[-73.346098,42.208528],[-73.346152,42.208203],[-73.346158,42.208162],[-73.346243,42.207582],[-73.346308,42.207175],[-73.346367,42.20685],[-73.346391,42.206715],[-73.346397,42.206658],[-73.346423,42.206439],[-73.346444,42.206257],[-73.346538,42.205681],[-73.346625,42.205101],[-73.346686,42.204703],[-73.346712,42.204529],[-73.346737,42.204367],[-73.346762,42.204203],[-73.346797,42.203894],[-73.34682,42.203688],[-73.346826,42.203627],[-73.346864,42.203388],[-73.346903,42.203199],[-73.346994,42.202945],[-73.347102,42.202682],[-73.347272,42.202393],[-73.347479,42.202152],[-73.347659,42.201961],[-73.347847,42.201821],[-73.34805,42.201662],[-73.348218,42.201583],[-73.348523,42.201506],[-73.348746,42.201494],[-73.348986,42.201511],[-73.349345,42.201614],[-73.349628,42.201727],[-73.350129,42.201939],[-73.350906,42.20223],[-73.351224,42.202337],[-73.35151,42.202399],[-73.351891,42.202456],[-73.352212,42.202466],[-73.352567,42.202463],[-73.352872,42.202418],[-73.3532,42.202355],[-73.353645,42.202249],[-73.354032,42.202152],[-73.354565,42.202018],[-73.355009,42.201911],[-73.355236,42.201856],[-73.355961,42.201672],[-73.356301,42.201588],[-73.356558,42.201525],[-73.357,42.201439],[-73.357227,42.201409],[-73.357552,42.201413],[-73.357555,42.201414],[-73.357643,42.20142],[-73.357711,42.201424],[-73.357838,42.201433],[-73.35805,42.201442],[-73.358078,42.201444],[-73.358242,42.201451],[-73.358245,42.201399],[-73.358343,42.20117],[-73.358573,42.200752],[-73.358694,42.20056],[-73.358905,42.20031],[-73.359194,42.200057],[-73.359731,42.19964],[-73.360087,42.199377],[-73.360267,42.199245],[-73.360484,42.199077],[-73.36078,42.198848],[-73.361034,42.19864],[-73.36106,42.198603],[-73.361141,42.198493],[-73.361178,42.19841],[-73.361237,42.198245],[-73.361251,42.198127],[-73.361219,42.197822],[-73.36114,42.197488],[-73.361113,42.197374],[-73.361067,42.197197],[-73.36103,42.197054],[-73.361013,42.196911],[-73.361004,42.196837],[-73.361012,42.196483],[-73.361021,42.196436],[-73.36105,42.196277],[-73.361108,42.196089],[-73.361193,42.195884],[-73.361372,42.195558],[-73.361424,42.195497],[-73.361618,42.195269],[-73.361787,42.195073],[-73.361957,42.194877],[-73.362305,42.194482],[-73.362428,42.194351],[-73.362901,42.19382],[-73.363107,42.19356],[-73.363216,42.193422],[-73.36368,42.192832],[-73.363769,42.192715],[-73.364078,42.192297],[-73.364283,42.192061],[-73.364305,42.192036],[-73.3645,42.191753],[-73.364573,42.191658],[-73.364738,42.191376],[-73.364822,42.191096],[-73.364844,42.19081],[-73.364826,42.190586],[-73.364821,42.190529],[-73.3648,42.190397],[-73.364756,42.190244],[-73.36463,42.189852],[-73.364638,42.189808],[-73.364614,42.189639],[-73.364606,42.1895],[-73.364616,42.189464],[-73.364633,42.189428],[-73.36468,42.189369],[-73.364745,42.189347],[-73.364797,42.189312],[-73.36483,42.189267],[-73.36484,42.189209],[-73.36483,42.189165],[-73.364805,42.189128],[-73.364756,42.18909],[-73.364721,42.189074],[-73.364666,42.18906],[-73.364661,42.189057],[-73.364602,42.188997],[-73.364562,42.188931],[-73.364545,42.188887],[-73.364476,42.188651],[-73.364453,42.188619],[-73.364437,42.188476],[-73.364432,42.188421],[-73.364359,42.187725],[-73.364289,42.187227],[-73.364254,42.186919],[-73.364229,42.186637],[-73.364229,42.186631],[-73.364233,42.186377],[-73.364265,42.186113],[-73.364331,42.185737],[-73.364415,42.185339],[-73.364426,42.185275],[-73.364491,42.184899],[-73.364492,42.184893],[-73.364524,42.184644],[-73.364527,42.184617],[-73.364549,42.184364],[-73.364565,42.183959],[-73.364568,42.183144],[-73.364569,42.182745],[-73.364592,42.182085],[-73.364591,42.181638],[-73.364583,42.181422],[-73.364574,42.181352],[-73.364556,42.18121],[-73.364855,42.181163],[-73.365644,42.181111],[-73.365624,42.181029],[-73.365604,42.180948],[-73.365584,42.180864],[-73.365564,42.180781],[-73.365546,42.180703],[-73.365527,42.180625]]}},{"type":"Feature","properties":{"agency":"Link413","shape_id":"p_1436599"},"geometry":{"type":"LineString","coordinates":[[-73.365527,42.180625],[-73.365546,42.180703],[-73.365564,42.180781],[-73.365584,42.180864],[-73.365604,42.180948],[-73.365624,42.181029],[-73.365644,42.181111],[-73.364855,42.181163],[-73.364556,42.18121],[-73.364574,42.181352],[-73.364583,42.181422],[-73.364591,42.181638],[-73.364592,42.182085],[-73.364569,42.182745],[-73.364568,42.183144],[-73.364565,42.183959],[-73.364549,42.184364],[-73.364527,42.184617],[-73.364524,42.184644],[-73.364492,42.184893],[-73.364491,42.184899],[-73.364426,42.185275],[-73.364415,42.185339],[-73.364331,42.185737],[-73.364265,42.186113],[-73.364233,42.186377],[-73.364229,42.186631],[-73.364229,42.186637],[-73.364254,42.186919],[-73.364289,42.187227],[-73.364359,42.187725],[-73.364432,42.188421],[-73.364437,42.188476],[-73.364453,42.188619],[-73.364434,42.188658],[-73.364481,42.189004],[-73.364479,42.189054],[-73.364468,42.189104],[-73.36444,42.189128],[-73.36442,42.189155],[-73.364408,42.189185],[-73.364404,42.189216],[-73.364408,42.189247],[-73.36442,42.189276],[-73.36444,42.189304],[-73.364478,42.189335],[-73.364482,42.189346],[-73.364506,42.189441],[-73.364518,42.189566],[-73.364541,42.189672],[-73.364566,42.189746],[-73.364596,42.189818],[-73.36463,42.189852],[-73.364756,42.190244],[-73.3648,42.190397],[-73.364821,42.190529],[-73.364826,42.190586],[-73.364844,42.19081],[-73.364822,42.191096],[-73.364738,42.191376],[-73.364573,42.191658],[-73.3645,42.191753],[-73.364305,42.192036],[-73.364283,42.192061],[-73.364078,42.192297],[-73.363769,42.192715],[-73.36368,42.192832],[-73.363216,42.193422],[-73.363107,42.19356],[-73.362901,42.19382],[-73.362428,42.194351],[-73.362305,42.194482],[-73.361957,42.194877],[-73.361787,42.195073],[-73.361618,42.195269],[-73.361424,42.195497],[-73.361372,42.195558],[-73.361193,42.195884],[-73.361108,42.196089],[-73.36105,42.196277],[-73.361021,42.196436],[-73.361012,42.196483],[-73.361004,42.196837],[-73.361013,42.196911],[-73.36103,42.197054],[-73.361067,42.197197],[-73.361113,42.197374],[-73.36114,42.197488],[-73.361219,42.197822],[-73.361251,42.198127],[-73.361237,42.198245],[-73.361178,42.19841],[-73.361141,42.198493],[-73.36106,42.198603],[-73.361034,42.19864],[-73.36078,42.198848],[-73.360484,42.199077],[-73.360267,42.199245],[-73.360087,42.199377],[-73.359731,42.19964],[-73.359194,42.200057],[-73.358905,42.20031],[-73.358694,42.20056],[-73.358573,42.200752],[-73.358343,42.20117],[-73.358245,42.201399],[-73.358242,42.201451],[-73.358078,42.201444],[-73.35805,42.201442],[-73.357838,42.201433],[-73.357711,42.201424],[-73.357643,42.20142],[-73.357555,42.201414],[-73.357552,42.201413],[-73.357227,42.201409],[-73.357,42.201439],[-73.356558,42.201525],[-73.355961,42.201672],[-73.355542,42.201778],[-73.355236,42.201856],[-73.355009,42.201911],[-73.354565,42.202018],[-73.354032,42.202152],[-73.353645,42.202249],[-73.3532,42.202355],[-73.352872,42.202418],[-73.352567,42.202463],[-73.352212,42.202466],[-73.351891,42.202456],[-73.35151,42.202399],[-73.351224,42.202337],[-73.350906,42.20223],[-73.350129,42.201939],[-73.349628,42.201727],[-73.349345,42.201614],[-73.348986,42.201511],[-73.348746,42.201494],[-73.348523,42.201506],[-73.348218,42.201583],[-73.34805,42.201662],[-73.347847,42.201821],[-73.347659,42.201961],[-73.347479,42.202152],[-73.347272,42.202393],[-73.347102,42.202682],[-73.346994,42.202945],[-73.346903,42.203199],[-73.346864,42.203388],[-73.346826,42.203627],[-73.34682,42.203688],[-73.346797,42.203894],[-73.346762,42.204203],[-73.346737,42.204367],[-73.346712,42.204529],[-73.346686,42.204703],[-73.346625,42.205101],[-73.346538,42.205681],[-73.346444,42.206257],[-73.346423,42.206439],[-73.346397,42.206658],[-73.346391,42.206715],[-73.346367,42.20685],[-73.346308,42.207175],[-73.346243,42.207582],[-73.346158,42.208162],[-73.346152,42.208203],[-73.346098,42.208528],[-73.346077,42.208651],[-73.346012,42.209087],[-73.345974,42.209333],[-73.345955,42.209446],[-73.345929,42.209607],[-73.345876,42.209844],[-73.345808,42.210134],[-73.345747,42.210254],[-73.345718,42.210317],[-73.34555,42.210686],[-73.34553,42.210729],[-73.345362,42.210681],[-73.345259,42.210665],[-73.345151,42.210676],[-73.345149,42.210299],[-73.345096,42.210244],[-73.344955,42.210242],[-73.344714,42.210238],[-73.344955,42.210242],[-73.345096,42.210244],[-73.345149,42.210299],[-73.345151,42.210676],[-73.345259,42.210665],[-73.345362,42.210681],[-73.34553,42.210729],[-73.34542,42.211008],[-73.345344,42.211184],[-73.345333,42.21121],[-73.345225,42.211461],[-73.345179,42.211568],[-73.345108,42.211729],[-73.345043,42.211875],[-73.344898,42.212204],[-73.344817,42.212419],[-73.344744,42.212607],[-73.344636,42.212862],[-73.344614,42.212913],[-73.344559,42.213051],[-73.344492,42.213221],[-73.344435,42.213381],[-73.344402,42.213475],[-73.344359,42.213606],[-73.344318,42.21373],[-73.34424,42.213987],[-73.344172,42.214239],[-73.34411,42.214494],[-73.344054,42.214748],[-73.344005,42.215003],[-73.343963,42.215258],[-73.34392,42.215513],[-73.343868,42.215805],[-73.343847,42.215925],[-73.343816,42.216097],[-73.343782,42.216325],[-73.343768,42.216396],[-73.343719,42.216654],[-73.343674,42.21692],[-73.343628,42.217186],[-73.343572,42.2175],[-73.34346,42.21813],[-73.343418,42.21838],[-73.343407,42.21845],[-73.343354,42.21877],[-73.343304,42.219116],[-73.343263,42.21932],[-73.343225,42.219551],[-73.343186,42.219782],[-73.34313,42.220074],[-73.343112,42.220221],[-73.343108,42.220303],[-73.343108,42.220328],[-73.343069,42.220411],[-73.343031,42.220495],[-73.342997,42.22058],[-73.342958,42.220706],[-73.342928,42.220835],[-73.342899,42.220964],[-73.342865,42.221104],[-73.342832,42.221244],[-73.342819,42.221301],[-73.3428,42.221384],[-73.342766,42.221535],[-73.342732,42.221685],[-73.3427,42.221835],[-73.342676,42.221964],[-73.342654,42.222094],[-73.342626,42.222222],[-73.342615,42.222255],[-73.342558,42.222428],[-73.342035,42.223716],[-73.341558,42.225058],[-73.341344,42.225662],[-73.340975,42.227099],[-73.339923,42.230745],[-73.339676,42.231345],[-73.339332,42.231835],[-73.338877,42.232342],[-73.335912,42.234481],[-73.335214,42.235224],[-73.334894,42.235803],[-73.334747,42.236345],[-73.334806,42.238287],[-73.334927,42.240273],[-73.334956,42.240609],[-73.335045,42.242125],[-73.334997,42.242772],[-73.334775,42.243451],[-73.334421,42.244137],[-73.332428,42.247143],[-73.331599,42.248572],[-73.331499,42.248771],[-73.330631,42.250504],[-73.33053,42.250744],[-73.330494,42.250819],[-73.330378,42.251026],[-73.330124,42.251535],[-73.329454,42.253278],[-73.328926,42.254689],[-73.328721,42.25525],[-73.328516,42.255909],[-73.328298,42.25661],[-73.328224,42.257199],[-73.328235,42.258026],[-73.328277,42.258402],[-73.328349,42.259139],[-73.328384,42.259436],[-73.328388,42.259469],[-73.328437,42.259881],[-73.328514,42.26059],[-73.328562,42.260928],[-73.328564,42.261365],[-73.32855,42.261693],[-73.328505,42.261979],[-73.328434,42.262245],[-73.328317,42.262548],[-73.328119,42.262955],[-73.327765,42.263695],[-73.327407,42.2644],[-73.326926,42.265345],[-73.326401,42.266401],[-73.325985,42.267234],[-73.32535,42.268502],[-73.324955,42.269292],[-73.324767,42.269643],[-73.324506,42.270128],[-73.324124,42.270711],[-73.323745,42.271147],[-73.32297,42.271916],[-73.322323,42.272559],[-73.321528,42.273342],[-73.321233,42.27363],[-73.32063,42.274217],[-73.319854,42.274979],[-73.319264,42.275577],[-73.319207,42.275631],[-73.318762,42.27604],[-73.318434,42.276321],[-73.318274,42.27645],[-73.317785,42.276806],[-73.317178,42.277256],[-73.316571,42.27768],[-73.316428,42.277773],[-73.316091,42.277972],[-73.314768,42.278688],[-73.314227,42.278988],[-73.314203,42.279001],[-73.313844,42.279192],[-73.31383,42.279199],[-73.313382,42.279428],[-73.313142,42.279568],[-73.313054,42.279619],[-73.312962,42.279673],[-73.312879,42.279738],[-73.312799,42.279807],[-73.312733,42.279878],[-73.312665,42.27996],[-73.312613,42.280038],[-73.312559,42.280127],[-73.312515,42.28022],[-73.312481,42.280318],[-73.312462,42.280414],[-73.312455,42.280527],[-73.312459,42.281332],[-73.312406,42.281533],[-73.312391,42.281634],[-73.312365,42.281738],[-73.312329,42.281845],[-73.312194,42.282165],[-73.312185,42.282185],[-73.312124,42.282299],[-73.312011,42.282274],[-73.311265,42.282109],[-73.310135,42.28186],[-73.309983,42.281826],[-73.309656,42.281758],[-73.309474,42.281722],[-73.309302,42.281694],[-73.309174,42.281678],[-73.309057,42.281666],[-73.308845,42.281644],[-73.308658,42.28163],[-73.30847,42.281622],[-73.308318,42.28162],[-73.308046,42.281619],[-73.306365,42.281636],[-73.30589,42.28165],[-73.305544,42.281663],[-73.305369,42.28175],[-73.305135,42.281892],[-73.305044,42.281956],[-73.304913,42.28206],[-73.304739,42.282233],[-73.303717,42.282896],[-73.302969,42.283391],[-73.302117,42.283936],[-73.301553,42.284299],[-73.301404,42.284396],[-73.301262,42.284505],[-73.30115,42.284595],[-73.301004,42.284724],[-73.300875,42.284855],[-73.30073,42.285017],[-73.30035,42.28554],[-73.30017,42.285809],[-73.299991,42.286076],[-73.299651,42.286572],[-73.299442,42.286863],[-73.299153,42.28735],[-73.298817,42.287937],[-73.298641,42.288267],[-73.298344,42.288824],[-73.297899,42.289667],[-73.297471,42.29046],[-73.296982,42.290367],[-73.293782,42.289781],[-73.292196,42.289498],[-73.291756,42.289458],[-73.291085,42.289467],[-73.289871,42.289688],[-73.289834,42.289694],[-73.289198,42.289795],[-73.288681,42.289875],[-73.28865,42.28988],[-73.288584,42.289888],[-73.288519,42.289895],[-73.288453,42.289904],[-73.288359,42.289918],[-73.288173,42.28995],[-73.287481,42.290025],[-73.286642,42.290102],[-73.285814,42.290169],[-73.285008,42.290253],[-73.284887,42.290259],[-73.284766,42.290264],[-73.284699,42.290268],[-73.284645,42.290272],[-73.284552,42.290281],[-73.284459,42.290292],[-73.284367,42.290305],[-73.284283,42.290323],[-73.284201,42.290342],[-73.284119,42.290363],[-73.284019,42.29039],[-73.283919,42.290418],[-73.28382,42.290447],[-73.283436,42.290571],[-73.282726,42.290805],[-73.282605,42.290844],[-73.28183,42.291097],[-73.281248,42.291294],[-73.280689,42.291491],[-73.28061,42.29152],[-73.28053,42.29155],[-73.280451,42.291579],[-73.280279,42.291645],[-73.280192,42.291677],[-73.280082,42.291714],[-73.27997,42.291749],[-73.279858,42.291782],[-73.279731,42.291822],[-73.279626,42.291853],[-73.279475,42.291895],[-73.279385,42.291918],[-73.279296,42.29194],[-73.279206,42.291961],[-73.278296,42.292168],[-73.277633,42.292335],[-73.277532,42.292364],[-73.277432,42.292393],[-73.277332,42.292424],[-73.277255,42.29245],[-73.277177,42.292477],[-73.2771,42.292504],[-73.27702,42.292535],[-73.276862,42.292599],[-73.276779,42.292632],[-73.276696,42.292664],[-73.276615,42.292699],[-73.276554,42.292726],[-73.276494,42.292754],[-73.276434,42.292783],[-73.27635,42.292819],[-73.276266,42.292856],[-73.276181,42.292893],[-73.276082,42.292936],[-73.275882,42.293024],[-73.275722,42.293094],[-73.275641,42.293129],[-73.275569,42.293161],[-73.275496,42.293193],[-73.275422,42.293223],[-73.275344,42.29325],[-73.275265,42.293275],[-73.275186,42.293301],[-73.275119,42.293326],[-73.275052,42.293353],[-73.274985,42.293378],[-73.274884,42.293413],[-73.274781,42.293447],[-73.274679,42.293481],[-73.27459,42.293511],[-73.2745,42.29354],[-73.27441,42.29357],[-73.274038,42.293716],[-73.274014,42.293725],[-73.273363,42.294042],[-73.272695,42.294361],[-73.272616,42.294401],[-73.272607,42.294406],[-73.272182,42.294617],[-73.272119,42.294653],[-73.272055,42.294688],[-73.271991,42.294724],[-73.271902,42.294772],[-73.271724,42.29487],[-73.271643,42.294914],[-73.271563,42.294958],[-73.271486,42.295006],[-73.271419,42.295056],[-73.271291,42.29516],[-73.271237,42.295201],[-73.271182,42.295242],[-73.271129,42.295283],[-73.27106,42.295344],[-73.270993,42.295406],[-73.270926,42.295469],[-73.270272,42.296066],[-73.270217,42.296116],[-73.269952,42.296357],[-73.269648,42.296635],[-73.26933,42.29696],[-73.268806,42.297501],[-73.268567,42.297751],[-73.268523,42.297807],[-73.268478,42.297864],[-73.268433,42.29792],[-73.268386,42.297978],[-73.268339,42.298037],[-73.268291,42.298095],[-73.268234,42.298161],[-73.268176,42.298227],[-73.268118,42.298292],[-73.268075,42.29834],[-73.268031,42.298388],[-73.267985,42.298434],[-73.267923,42.298489],[-73.267791,42.298595],[-73.267512,42.298802],[-73.267226,42.29902],[-73.267181,42.299049],[-73.267137,42.299078],[-73.267094,42.299108],[-73.26702,42.29917],[-73.266951,42.299236],[-73.266884,42.299302],[-73.26681,42.299371],[-73.266737,42.29944],[-73.266667,42.299511],[-73.266622,42.299562],[-73.266577,42.299612],[-73.266489,42.299712],[-73.266444,42.299762],[-73.266398,42.299811],[-73.26635,42.299859],[-73.2663,42.299908],[-73.266248,42.299954],[-73.266192,42.3],[-73.266134,42.300045],[-73.266073,42.300087],[-73.266007,42.300128],[-73.265939,42.300168],[-73.265872,42.300207],[-73.265625,42.300318],[-73.265124,42.300542],[-73.26501,42.300593],[-73.264896,42.300643],[-73.264783,42.300693],[-73.264657,42.300751],[-73.264533,42.300809],[-73.264407,42.300865],[-73.264316,42.300905],[-73.264224,42.300944],[-73.264123,42.300991],[-73.264069,42.301013],[-73.264016,42.301035],[-73.263936,42.30107],[-73.263823,42.301105],[-73.263733,42.301136],[-73.263624,42.301172],[-73.263512,42.301205],[-73.263388,42.301245],[-73.263296,42.301277],[-73.263232,42.301294],[-73.263128,42.301324],[-73.263031,42.301349],[-73.262929,42.301373],[-73.262803,42.301403],[-73.26266,42.301436],[-73.262526,42.301465],[-73.262392,42.301493],[-73.262256,42.30152],[-73.262136,42.301546],[-73.262019,42.301569],[-73.261891,42.301597],[-73.261807,42.301613],[-73.261714,42.301632],[-73.261638,42.301649],[-73.261558,42.301661],[-73.261486,42.301675],[-73.261388,42.301692],[-73.261279,42.301712],[-73.261193,42.301726],[-73.261128,42.301736],[-73.26108,42.301742],[-73.261007,42.301752],[-73.260954,42.301757],[-73.260926,42.301759],[-73.260924,42.301759],[-73.260896,42.30176],[-73.260804,42.301764],[-73.260694,42.301765],[-73.260472,42.301763],[-73.2603,42.301762],[-73.259263,42.301755],[-73.258514,42.301769],[-73.258439,42.301772],[-73.258365,42.301776],[-73.258291,42.301779],[-73.258225,42.301782],[-73.258157,42.301786],[-73.25809,42.301788],[-73.258004,42.301792],[-73.257916,42.301796],[-73.257829,42.301801],[-73.257738,42.301805],[-73.257646,42.301813],[-73.257561,42.30182],[-73.257517,42.301825],[-73.257458,42.301833],[-73.257334,42.301857],[-73.257276,42.301869],[-73.257208,42.301884],[-73.256912,42.301963],[-73.256461,42.302093],[-73.256401,42.302112],[-73.256291,42.302148],[-73.256143,42.302191],[-73.256109,42.302201],[-73.256087,42.302208],[-73.255903,42.302264],[-73.255716,42.302321],[-73.255621,42.302349],[-73.255449,42.302399],[-73.254521,42.302673],[-73.253696,42.302914],[-73.253463,42.302991],[-73.252834,42.303196],[-73.252282,42.303375],[-73.25211,42.303431],[-73.2518,42.303552],[-73.251531,42.303649],[-73.251427,42.303682],[-73.25127,42.303731],[-73.251109,42.303775],[-73.250925,42.303818],[-73.250622,42.30389],[-73.250502,42.303914],[-73.250365,42.303939],[-73.250089,42.303982],[-73.249998,42.303996],[-73.24932,42.304088],[-73.249021,42.304094],[-73.248691,42.304139],[-73.248704,42.304201],[-73.248726,42.304292],[-73.248755,42.304382],[-73.248968,42.304763],[-73.249042,42.304894],[-73.249091,42.304983],[-73.249507,42.305709],[-73.249717,42.306082],[-73.250009,42.306594],[-73.250448,42.30736],[-73.25082,42.308029],[-73.251038,42.308422],[-73.25124,42.308785],[-73.251482,42.30924],[-73.251661,42.309553],[-73.251783,42.309767],[-73.251812,42.309818],[-73.251876,42.309933],[-73.251936,42.31],[-73.25199,42.31003],[-73.252055,42.310053],[-73.252164,42.31007],[-73.252389,42.310093],[-73.252466,42.3101],[-73.252577,42.310106],[-73.252806,42.310122],[-73.253662,42.310179],[-73.2539,42.310206],[-73.253968,42.310218],[-73.254047,42.310232],[-73.254203,42.310291],[-73.254361,42.31037],[-73.254434,42.310418],[-73.2545,42.310461],[-73.254557,42.310499],[-73.254706,42.310595],[-73.254893,42.310742],[-73.255018,42.310847],[-73.255041,42.310869],[-73.255087,42.310912],[-73.255131,42.310982],[-73.255193,42.311079],[-73.255233,42.311183],[-73.255253,42.311328],[-73.255268,42.311536],[-73.255278,42.31176],[-73.255296,42.31217],[-73.255297,42.312235],[-73.255303,42.312496],[-73.255324,42.312639],[-73.255334,42.312736],[-73.255355,42.3128],[-73.255427,42.313026],[-73.255548,42.313412],[-73.255595,42.313561],[-73.255605,42.313593],[-73.255735,42.313999],[-73.255878,42.314476],[-73.255905,42.314553],[-73.256014,42.314864],[-73.256029,42.314905],[-73.256143,42.315236],[-73.256255,42.315501],[-73.256272,42.315528],[-73.256456,42.315817],[-73.256512,42.315915],[-73.256659,42.316173],[-73.256791,42.316404],[-73.256927,42.316636],[-73.257034,42.316818],[-73.257225,42.317151],[-73.257337,42.317398],[-73.257376,42.317484],[-73.257518,42.317815],[-73.257645,42.318147],[-73.257722,42.318347],[-73.257956,42.319047],[-73.257966,42.319079],[-73.258116,42.319483],[-73.258228,42.319868],[-73.258359,42.320191],[-73.258503,42.320472],[-73.258685,42.320812],[-73.258833,42.321045],[-73.258944,42.321198],[-73.259016,42.321297],[-73.259065,42.321353],[-73.259236,42.321551],[-73.25942,42.321765],[-73.259673,42.322075],[-73.260016,42.322451],[-73.260322,42.322822],[-73.2606,42.323171],[-73.260775,42.323435],[-73.260877,42.323618],[-73.260909,42.323677],[-73.260942,42.323736],[-73.261027,42.324018],[-73.261121,42.32434],[-73.261191,42.324639],[-73.26123,42.324855],[-73.261307,42.325134],[-73.2614,42.325398],[-73.261447,42.325534],[-73.261533,42.32567],[-73.261709,42.32591],[-73.261946,42.326222],[-73.262583,42.327185],[-73.263115,42.328039],[-73.263381,42.328504],[-73.263491,42.328773],[-73.264851,42.332413],[-73.265788,42.334971],[-73.265954,42.335309],[-73.266091,42.335563],[-73.266264,42.335812],[-73.267654,42.337696],[-73.267915,42.338072],[-73.267999,42.338213],[-73.268085,42.338386],[-73.268193,42.338654],[-73.268279,42.338862],[-73.268935,42.340533],[-73.269231,42.341237],[-73.269336,42.341699],[-73.269949,42.343197],[-73.27001,42.343359],[-73.270035,42.343426],[-73.270047,42.343454],[-73.270105,42.343618],[-73.270121,42.343667],[-73.270158,42.343785],[-73.27019,42.343915],[-73.270217,42.344048],[-73.270238,42.344204],[-73.270252,42.344339],[-73.270261,42.344477],[-73.270261,42.34462],[-73.270255,42.344782],[-73.270242,42.34494],[-73.270216,42.345098],[-73.270182,42.345258],[-73.270147,42.345398],[-73.27011,42.345526],[-73.270065,42.345649],[-73.270007,42.345797],[-73.269694,42.346524],[-73.269464,42.347016],[-73.269367,42.347236],[-73.269243,42.347542],[-73.269205,42.347635],[-73.269414,42.34776],[-73.269504,42.34781],[-73.270921,42.348665],[-73.271544,42.349034],[-73.271943,42.349285],[-73.272219,42.349453],[-73.272497,42.349615],[-73.273148,42.349983],[-73.273254,42.350047],[-73.275638,42.351449],[-73.276256,42.35181],[-73.277537,42.352569],[-73.280101,42.354076],[-73.28089,42.354524],[-73.281427,42.354834],[-73.281561,42.354911],[-73.28208,42.355215],[-73.282303,42.355347],[-73.28306,42.355784],[-73.283729,42.356179],[-73.283839,42.356242],[-73.283907,42.35628],[-73.284518,42.356635],[-73.284643,42.356706],[-73.284734,42.356757],[-73.284742,42.356763],[-73.284807,42.356809],[-73.284874,42.356861],[-73.284921,42.356908],[-73.284955,42.356956],[-73.284978,42.357003],[-73.284993,42.357057],[-73.285002,42.357107],[-73.285002,42.357152],[-73.284998,42.357197],[-73.284989,42.357244],[-73.284909,42.35745],[-73.284679,42.357921],[-73.284606,42.35807],[-73.284588,42.35811],[-73.284211,42.358892],[-73.284143,42.359034],[-73.284026,42.35928],[-73.283981,42.35937],[-73.283766,42.359824],[-73.283715,42.359931],[-73.283686,42.35999],[-73.283408,42.360553],[-73.283176,42.361043],[-73.283056,42.361285],[-73.282402,42.362626],[-73.282218,42.36296],[-73.281867,42.363646],[-73.281762,42.363843],[-73.281726,42.363936],[-73.281673,42.364071],[-73.281638,42.364231],[-73.281624,42.364319],[-73.28161,42.364414],[-73.281588,42.364679],[-73.281522,42.365614],[-73.28148,42.366098],[-73.281458,42.3663],[-73.281428,42.366542],[-73.281404,42.366724],[-73.281375,42.366921],[-73.281338,42.367126],[-73.281302,42.367325],[-73.28126,42.367541],[-73.281219,42.367724],[-73.281174,42.367912],[-73.281124,42.368097],[-73.281071,42.368261],[-73.281011,42.36844],[-73.280968,42.368562],[-73.280913,42.368701],[-73.280855,42.368837],[-73.280738,42.369102],[-73.280523,42.369612],[-73.280451,42.369785],[-73.280382,42.369932],[-73.280308,42.370074],[-73.28023,42.3702],[-73.280135,42.370272],[-73.280083,42.370324],[-73.279967,42.370464],[-73.279849,42.370601],[-73.279726,42.370731],[-73.279603,42.370851],[-73.279469,42.370971],[-73.279331,42.371085],[-73.279183,42.371201],[-73.279038,42.371306],[-73.278896,42.371407],[-73.278736,42.371514],[-73.278579,42.371614],[-73.278245,42.371825],[-73.278038,42.371957],[-73.27785,42.372083],[-73.277529,42.3723],[-73.277441,42.372351],[-73.277376,42.372385],[-73.277341,42.372414],[-73.277316,42.372445],[-73.277293,42.372486],[-73.277212,42.374021],[-73.277153,42.374959],[-73.277133,42.375274],[-73.277102,42.375627],[-73.277071,42.375943],[-73.27696,42.376974],[-73.27692,42.377308],[-73.276912,42.377402],[-73.276873,42.377702],[-73.276708,42.378862],[-73.276667,42.379181],[-73.276577,42.379876],[-73.276497,42.380398],[-73.276459,42.380755],[-73.276378,42.381174],[-73.276241,42.381549],[-73.276047,42.381926],[-73.275939,42.382129],[-73.275689,42.382636],[-73.275608,42.382807],[-73.275232,42.383795],[-73.275097,42.384085],[-73.27485,42.384605],[-73.274317,42.385728],[-73.27415,42.386112],[-73.274,42.386528],[-73.273843,42.387039],[-73.273503,42.388674],[-73.273211,42.39007],[-73.272809,42.39196],[-73.272646,42.392623],[-73.272525,42.393024],[-73.272366,42.393419],[-73.272185,42.393774],[-73.271491,42.39489],[-73.270834,42.395952],[-73.27083,42.395957],[-73.270686,42.396199],[-73.270448,42.396518],[-73.270173,42.396767],[-73.269766,42.397058],[-73.268603,42.397882],[-73.268287,42.398146],[-73.26804,42.398376],[-73.267799,42.398623],[-73.2676,42.398863],[-73.267335,42.399245],[-73.267193,42.399657],[-73.267088,42.400017],[-73.267034,42.40018],[-73.266847,42.400915],[-73.2668,42.401078],[-73.266663,42.401506],[-73.266491,42.401924],[-73.26625,42.402434],[-73.266118,42.402719],[-73.265811,42.403382],[-73.265165,42.404769],[-73.265084,42.404945],[-73.265015,42.405099],[-73.264105,42.407083],[-73.263968,42.40737],[-73.263661,42.408016],[-73.263531,42.40829],[-73.263357,42.408654],[-73.263129,42.409122],[-73.262614,42.41034],[-73.26237,42.410942],[-73.261989,42.411881],[-73.261796,42.41253],[-73.261761,42.412665],[-73.261647,42.413105],[-73.261529,42.413656],[-73.261488,42.41385],[-73.261158,42.415289],[-73.261091,42.415584],[-73.260984,42.41628],[-73.260913,42.416641],[-73.260845,42.416992],[-73.260781,42.417238],[-73.260687,42.417598],[-73.260574,42.418031],[-73.260387,42.418795],[-73.260295,42.419394],[-73.260292,42.419682],[-73.260309,42.419795],[-73.260345,42.420029],[-73.260835,42.421775],[-73.261052,42.422719],[-73.261061,42.422926],[-73.261056,42.423102],[-73.261008,42.423434],[-73.260941,42.423626],[-73.260806,42.423921],[-73.260162,42.42503],[-73.260055,42.425235],[-73.260009,42.425329],[-73.259967,42.425423],[-73.259882,42.425611],[-73.259793,42.425815],[-73.259705,42.426104],[-73.259697,42.426137],[-73.259677,42.426252],[-73.259647,42.426418],[-73.259593,42.426657],[-73.259548,42.426847],[-73.259176,42.428357],[-73.258929,42.429497],[-73.25866,42.430639],[-73.258626,42.430788],[-73.258607,42.430868],[-73.258507,42.431304],[-73.258432,42.431629],[-73.258389,42.431844],[-73.258169,42.432806],[-73.258055,42.433234],[-73.258015,42.433387],[-73.257973,42.433523],[-73.257918,42.433702],[-73.257762,42.434208],[-73.257718,42.43436],[-73.257426,42.435421],[-73.257406,42.435506],[-73.257239,42.436204],[-73.257183,42.436373],[-73.257127,42.436585],[-73.257053,42.436962],[-73.256835,42.437709],[-73.256806,42.437849],[-73.256793,42.438053],[-73.256785,42.438177],[-73.256847,42.438692],[-73.256969,42.439632],[-73.256971,42.439698],[-73.256968,42.439764],[-73.256961,42.439827],[-73.25695,42.439892],[-73.256935,42.439954],[-73.256917,42.440016],[-73.256884,42.440103],[-73.256843,42.44019],[-73.256787,42.440286],[-73.256655,42.440489],[-73.256576,42.440612],[-73.256469,42.440776],[-73.256245,42.441121],[-73.255879,42.441653],[-73.255722,42.441924],[-73.255692,42.441995],[-73.255638,42.442122],[-73.255499,42.4426],[-73.255433,42.442853],[-73.255266,42.443477],[-73.254965,42.44425],[-73.254703,42.445295],[-73.254439,42.446279],[-73.254353,42.446601],[-73.254312,42.446753],[-73.254261,42.446944],[-73.254132,42.447508],[-73.25407,42.447842],[-73.253981,42.448178],[-73.253946,42.448306],[-73.253934,42.448344],[-73.253865,42.448533],[-73.253827,42.448653],[-73.25381,42.448717],[-73.253758,42.448847],[-73.253611,42.449421],[-73.253391,42.450225],[-73.253044,42.451374],[-73.252991,42.451548],[-73.253156,42.451533],[-73.253262,42.451548],[-73.253297,42.451553],[-73.253467,42.451577],[-73.253705,42.45161],[-73.254154,42.451671],[-73.254301,42.45169],[-73.254527,42.451721]]}},{"type":"Feature","properties":{"agency":"Link413","shape_id":"p_1438579"},"geometry":{"type":"LineString","coordinates":[[-73.228247,42.52151],[-73.2282,42.521236],[-73.228104,42.520738],[-73.228062,42.520496],[-73.228021,42.520243],[-73.227988,42.519989],[-73.22796,42.519721],[-73.227943,42.519539],[-73.227899,42.51894],[-73.227869,42.518455],[-73.22784,42.517946],[-73.227832,42.517746],[-73.227829,42.51755],[-73.227831,42.517375],[-73.227832,42.517303],[-73.227842,42.51701],[-73.227856,42.516734],[-73.227871,42.516512],[-73.227891,42.516288],[-73.227915,42.516002],[-73.227934,42.515779],[-73.227951,42.515583],[-73.227978,42.515371],[-73.228016,42.515172],[-73.228066,42.514975],[-73.228116,42.514826],[-73.228175,42.514662],[-73.228242,42.514499],[-73.228315,42.514333],[-73.228727,42.513464],[-73.228886,42.513132],[-73.229189,42.512491],[-73.229277,42.512318],[-73.229369,42.512151],[-73.22947,42.511987],[-73.229586,42.511813],[-73.22972,42.511628],[-73.22987,42.511442],[-73.230025,42.51126],[-73.230197,42.51108],[-73.230369,42.510907],[-73.230715,42.510589],[-73.231033,42.510303],[-73.231234,42.510115],[-73.231438,42.509908],[-73.231632,42.509705],[-73.231829,42.509491],[-73.232019,42.509278],[-73.232204,42.50906],[-73.232432,42.508787],[-73.232651,42.508517],[-73.232928,42.508193],[-73.233193,42.507891],[-73.233457,42.507599],[-73.233696,42.507352],[-73.233935,42.507117],[-73.2342,42.506872],[-73.234474,42.50663],[-73.234778,42.506378],[-73.235085,42.506128],[-73.23537,42.505907],[-73.235646,42.50569],[-73.235833,42.505537],[-73.236016,42.505385],[-73.236182,42.505232],[-73.236341,42.505065],[-73.236476,42.504893],[-73.236601,42.504694],[-73.236696,42.50451],[-73.236777,42.504327],[-73.236914,42.503993],[-73.237034,42.503702],[-73.237176,42.503355],[-73.237251,42.503162],[-73.237371,42.502832],[-73.237436,42.502637],[-73.237498,42.502442],[-73.237525,42.502352],[-73.237552,42.502254],[-73.237599,42.502075],[-73.237643,42.501881],[-73.237681,42.501688],[-73.237711,42.5015],[-73.237787,42.50098],[-73.237808,42.500839],[-73.237881,42.500307],[-73.237642,42.500287],[-73.237464,42.500272],[-73.237642,42.500287],[-73.237881,42.500307],[-73.238002,42.499419],[-73.238031,42.499168],[-73.238044,42.499001],[-73.238042,42.498832],[-73.238028,42.49867],[-73.238,42.498513],[-73.23796,42.498366],[-73.237903,42.498192],[-73.237726,42.497686],[-73.237552,42.497202],[-73.237499,42.497045],[-73.237466,42.496918],[-73.237445,42.496793],[-73.237434,42.496677],[-73.237426,42.496436],[-73.237425,42.496359],[-73.237423,42.49604],[-73.23742,42.495817],[-73.237418,42.495715],[-73.237419,42.495641],[-73.237419,42.495584],[-73.237431,42.49545],[-73.237457,42.495326],[-73.237492,42.495209],[-73.237545,42.495093],[-73.237612,42.494985],[-73.237696,42.49487],[-73.237806,42.494742],[-73.237912,42.494637],[-73.238031,42.494536],[-73.238163,42.494433],[-73.238291,42.494332],[-73.238442,42.494215],[-73.238587,42.494111],[-73.238724,42.494018],[-73.238862,42.493929],[-73.239012,42.493844],[-73.23918,42.493755],[-73.240497,42.49312],[-73.240774,42.492993],[-73.241,42.492887],[-73.241227,42.492786],[-73.241456,42.4927],[-73.241698,42.492619],[-73.241943,42.492551],[-73.2423,42.492465],[-73.24257,42.492388],[-73.242906,42.492285],[-73.243133,42.492196],[-73.243294,42.49212],[-73.243434,42.492049],[-73.243532,42.491994],[-73.24376,42.491845],[-73.243954,42.491705],[-73.244114,42.491558],[-73.244273,42.49142],[-73.244572,42.491132],[-73.244749,42.490927],[-73.24591,42.489696],[-73.246027,42.489566],[-73.246135,42.489431],[-73.246232,42.489289],[-73.246331,42.489128],[-73.246416,42.488958],[-73.246488,42.488775],[-73.246535,42.488614],[-73.246569,42.488438],[-73.24659,42.488276],[-73.246601,42.488091],[-73.246599,42.487956],[-73.246586,42.487798],[-73.246558,42.487639],[-73.246518,42.48748],[-73.246459,42.487306],[-73.246348,42.487028],[-73.246274,42.486836],[-73.246203,42.486626],[-73.24614,42.486422],[-73.246085,42.486216],[-73.246035,42.486023],[-73.245996,42.485836],[-73.245961,42.485643],[-73.245932,42.485455],[-73.24591,42.485267],[-73.245892,42.485077],[-73.245881,42.484892],[-73.245878,42.484695],[-73.245883,42.48452],[-73.24589,42.484347],[-73.245904,42.484176],[-73.245924,42.484021],[-73.245953,42.483846],[-73.245996,42.483665],[-73.246041,42.483494],[-73.246096,42.483313],[-73.246161,42.483126],[-73.246233,42.48293],[-73.246293,42.482762],[-73.246333,42.482624],[-73.246367,42.482466],[-73.246392,42.482305],[-73.246405,42.482134],[-73.246405,42.48196],[-73.246395,42.481758],[-73.246368,42.481575],[-73.24633,42.481411],[-73.246283,42.481245],[-73.246203,42.480987],[-73.245682,42.479265],[-73.245551,42.478838],[-73.245307,42.47805],[-73.245185,42.477636],[-73.245107,42.477377],[-73.245078,42.477269],[-73.244845,42.476479],[-73.244771,42.4762],[-73.24469,42.475925],[-73.244658,42.475817],[-73.244625,42.475706],[-73.244522,42.475358],[-73.244341,42.47475],[-73.243463,42.474617],[-73.244341,42.47475],[-73.244147,42.47409],[-73.244117,42.473974],[-73.244095,42.473855],[-73.244086,42.473773],[-73.244087,42.473773],[-73.244083,42.473739],[-73.244083,42.473616],[-73.244092,42.473489],[-73.244125,42.473154],[-73.244157,42.472893],[-73.244184,42.472723],[-73.244215,42.472546],[-73.24425,42.472377],[-73.244314,42.47214],[-73.244566,42.471278],[-73.24484,42.470348],[-73.245482,42.468141],[-73.245636,42.467614],[-73.245684,42.467437],[-73.245708,42.467341],[-73.24573,42.467256],[-73.245763,42.46711],[-73.245792,42.466952],[-73.245813,42.466815],[-73.245833,42.466661],[-73.245925,42.465803],[-73.245944,42.465595],[-73.245959,42.465453],[-73.245977,42.465313],[-73.246004,42.465173],[-73.246037,42.465034],[-73.246676,42.462783],[-73.246705,42.462689],[-73.24675,42.462536],[-73.246796,42.462393],[-73.246852,42.462228],[-73.246907,42.46207],[-73.246969,42.461895],[-73.247111,42.461508],[-73.24716,42.461372],[-73.247305,42.460948],[-73.248354,42.461138],[-73.248604,42.461152],[-73.248846,42.461114],[-73.249219,42.461049],[-73.249513,42.460995],[-73.250034,42.460909],[-73.25036,42.460851],[-73.250675,42.460794],[-73.250917,42.460698],[-73.251029,42.460634],[-73.251122,42.460556],[-73.25123,42.460426],[-73.251526,42.459875],[-73.251899,42.45927],[-73.251955,42.459191],[-73.252326,42.458534],[-73.252469,42.458297],[-73.252812,42.457646],[-73.25297,42.457337],[-73.253155,42.456994],[-73.253199,42.456912],[-73.253338,42.456608],[-73.253413,42.456418],[-73.253561,42.456104],[-73.253765,42.455696],[-73.254062,42.455103],[-73.254181,42.454829],[-73.254274,42.454577],[-73.254307,42.454488],[-73.254466,42.45362],[-73.254701,42.452695],[-73.254814,42.45258],[-73.254915,42.452317],[-73.255052,42.45198],[-73.255131,42.451803],[-73.254928,42.451775],[-73.254777,42.451755],[-73.254589,42.451729],[-73.254527,42.451721]]}},{"type":"Feature","properties":{"agency":"Link413","shape_id":"p_1438580"},"geometry":{"type":"LineString","coordinates":[[-73.254527,42.451721],[-73.254589,42.451729],[-73.254777,42.451755],[-73.254928,42.451775],[-73.254727,42.452397],[-73.254693,42.452539],[-73.254701,42.452695],[-73.254466,42.45362],[-73.254307,42.454488],[-73.254274,42.454577],[-73.254181,42.454829],[-73.254062,42.455103],[-73.253765,42.455696],[-73.253561,42.456104],[-73.253413,42.456418],[-73.253338,42.456608],[-73.253199,42.456912],[-73.253155,42.456994],[-73.25297,42.457337],[-73.252812,42.457646],[-73.252469,42.458297],[-73.252326,42.458534],[-73.251955,42.459191],[-73.251899,42.45927],[-73.251526,42.459875],[-73.25123,42.460426],[-73.251122,42.460556],[-73.251029,42.460634],[-73.250917,42.460698],[-73.250675,42.460794],[-73.25036,42.460851],[-73.250675,42.460794],[-73.250791,42.461145],[-73.250886,42.461436],[-73.250991,42.461763],[-73.251022,42.461864],[-73.251127,42.462197],[-73.251332,42.462457],[-73.251805,42.462883],[-73.251948,42.463056],[-73.252055,42.463214],[-73.252404,42.463715],[-73.252645,42.464036],[-73.252755,42.464183],[-73.252811,42.464259],[-73.252947,42.464443],[-73.252994,42.464502],[-73.253046,42.464586],[-73.253071,42.464673],[-73.253027,42.464925],[-73.252938,42.465398],[-73.252924,42.465472],[-73.252824,42.465958],[-73.252736,42.46622],[-73.252559,42.466441],[-73.252455,42.466524],[-73.252278,42.466666],[-73.251797,42.467062],[-73.251722,42.467128],[-73.251264,42.467525],[-73.250781,42.467942],[-73.250499,42.468179],[-73.250444,42.468225],[-73.250088,42.468537],[-73.249865,42.468763],[-73.249735,42.468971],[-73.249598,42.469231],[-73.249463,42.469526],[-73.249442,42.469572],[-73.249285,42.469936],[-73.249096,42.470411],[-73.248891,42.470875],[-73.248672,42.471382],[-73.248409,42.471936],[-73.248139,42.47236],[-73.247764,42.472809],[-73.247585,42.472987],[-73.24745,42.47312],[-73.247108,42.473461],[-73.246716,42.473799],[-73.246385,42.474023],[-73.24632,42.474066],[-73.246095,42.474216],[-73.245895,42.47435],[-73.245693,42.474493],[-73.245558,42.474598],[-73.245445,42.474704],[-73.245346,42.474811],[-73.245263,42.474925],[-73.245194,42.475033],[-73.245138,42.475146],[-73.245092,42.475267],[-73.245009,42.475495],[-73.244975,42.475559],[-73.244936,42.475601],[-73.244878,42.475636],[-73.24482,42.475663],[-73.244747,42.475681],[-73.244625,42.475706],[-73.244522,42.475358],[-73.244341,42.47475],[-73.244147,42.47409],[-73.244117,42.473974],[-73.24409584547288,42.4738910829096],[-73.24409584547288,42.47390057568092],[-73.244117,42.473974],[-73.244147,42.47409],[-73.244341,42.47475],[-73.243336,42.474598],[-73.242348,42.474449],[-73.241646,42.474349],[-73.240956,42.474256],[-73.241646,42.474349],[-73.242348,42.474449],[-73.243336,42.474598],[-73.244341,42.47475],[-73.244522,42.475358],[-73.244625,42.475706],[-73.244658,42.475817],[-73.24469,42.475925],[-73.244771,42.4762],[-73.244845,42.476479],[-73.245078,42.477269],[-73.245107,42.477377],[-73.245185,42.477636],[-73.245307,42.47805],[-73.245551,42.478838],[-73.245682,42.479265],[-73.246203,42.480987],[-73.246283,42.481245],[-73.24633,42.481411],[-73.246368,42.481575],[-73.246395,42.481758],[-73.246405,42.48196],[-73.246405,42.482134],[-73.246392,42.482305],[-73.246367,42.482466],[-73.246333,42.482624],[-73.246293,42.482762],[-73.246233,42.48293],[-73.246161,42.483126],[-73.246096,42.483313],[-73.246041,42.483494],[-73.245996,42.483665],[-73.245953,42.483846],[-73.245924,42.484021],[-73.245904,42.484176],[-73.24589,42.484347],[-73.245883,42.48452],[-73.245878,42.484695],[-73.245881,42.484892],[-73.245892,42.485077],[-73.24591,42.485267],[-73.245932,42.485455],[-73.245961,42.485643],[-73.245996,42.485836],[-73.246035,42.486023],[-73.246085,42.486216],[-73.24614,42.486422],[-73.246203,42.486626],[-73.246274,42.486836],[-73.246348,42.487028],[-73.246459,42.487306],[-73.246518,42.48748],[-73.246558,42.487639],[-73.246586,42.487798],[-73.246599,42.487956],[-73.246601,42.488091],[-73.24659,42.488276],[-73.246569,42.488438],[-73.246535,42.488614],[-73.246488,42.488775],[-73.246416,42.488958],[-73.246331,42.489128],[-73.246232,42.489289],[-73.246135,42.489431],[-73.246027,42.489566],[-73.24591,42.489696],[-73.244749,42.490927],[-73.244572,42.491132],[-73.244273,42.49142],[-73.244114,42.491558],[-73.243954,42.491705],[-73.24376,42.491845],[-73.243532,42.491994],[-73.243434,42.492049],[-73.243294,42.49212],[-73.243133,42.492196],[-73.242906,42.492285],[-73.24257,42.492388],[-73.2423,42.492465],[-73.241943,42.492551],[-73.241698,42.492619],[-73.241456,42.4927],[-73.241227,42.492786],[-73.241,42.492887],[-73.240774,42.492993],[-73.240497,42.49312],[-73.23998989253519,42.49335833413304],[-73.23918,42.493755],[-73.239012,42.493844],[-73.238862,42.493929],[-73.238724,42.494018],[-73.238587,42.494111],[-73.238442,42.494215],[-73.238291,42.494332],[-73.238163,42.494433],[-73.238031,42.494536],[-73.237912,42.494637],[-73.237806,42.494742],[-73.237696,42.49487],[-73.237612,42.494985],[-73.237545,42.495093],[-73.237492,42.495209],[-73.237457,42.495326],[-73.237431,42.49545],[-73.237419,42.495584],[-73.237419,42.495641],[-73.237418,42.495715],[-73.23742,42.495817],[-73.237423,42.49604],[-73.237425,42.496359],[-73.237426,42.496436],[-73.237434,42.496677],[-73.237445,42.496793],[-73.237466,42.496918],[-73.237499,42.497045],[-73.237552,42.497202],[-73.237726,42.497686],[-73.237903,42.498192],[-73.23796,42.498366],[-73.238,42.498513],[-73.238028,42.49867],[-73.238042,42.498832],[-73.238044,42.499001],[-73.238031,42.499168],[-73.238002,42.499419],[-73.237881,42.500307],[-73.237642,42.500287],[-73.237464,42.500272],[-73.237642,42.500287],[-73.237881,42.500307],[-73.237808,42.500839],[-73.237787,42.50098],[-73.237711,42.5015],[-73.237681,42.501688],[-73.237643,42.501881],[-73.237599,42.502075],[-73.237552,42.502254],[-73.237525,42.502352],[-73.237498,42.502442],[-73.237436,42.502637],[-73.237371,42.502832],[-73.237251,42.503162],[-73.237176,42.503355],[-73.237034,42.503702],[-73.236914,42.503993],[-73.236777,42.504327],[-73.236696,42.50451],[-73.236601,42.504694],[-73.236476,42.504893],[-73.236341,42.505065],[-73.236182,42.505232],[-73.236016,42.505385],[-73.235833,42.505537],[-73.235646,42.50569],[-73.23537,42.505907],[-73.235085,42.506128],[-73.234778,42.506378],[-73.234474,42.50663],[-73.2342,42.506872],[-73.233935,42.507117],[-73.233696,42.507352],[-73.233457,42.507599],[-73.233193,42.507891],[-73.232928,42.508193],[-73.232651,42.508517],[-73.232432,42.508787],[-73.232204,42.50906],[-73.232019,42.509278],[-73.231829,42.509491],[-73.231632,42.509705],[-73.231438,42.509908],[-73.231234,42.510115],[-73.231033,42.510303],[-73.230715,42.510589],[-73.230369,42.510907],[-73.230197,42.51108],[-73.230025,42.51126],[-73.22987,42.511442],[-73.22972,42.511628],[-73.229586,42.511813],[-73.22947,42.511987],[-73.229369,42.512151],[-73.229277,42.512318],[-73.229189,42.512491],[-73.228886,42.513132],[-73.228727,42.513464],[-73.228315,42.514333],[-73.228242,42.514499],[-73.228175,42.514662],[-73.228116,42.514826],[-73.228066,42.514975],[-73.228016,42.515172],[-73.227978,42.515371],[-73.227951,42.515583],[-73.227934,42.515779],[-73.227915,42.516002],[-73.227891,42.516288],[-73.227871,42.516512],[-73.227856,42.516734],[-73.227842,42.51701],[-73.227832,42.517303],[-73.227831,42.517375],[-73.227829,42.51755],[-73.227832,42.517746],[-73.22784,42.517946],[-73.227869,42.518455],[-73.227899,42.51894],[-73.227943,42.519539],[-73.22796,42.519721],[-73.227988,42.519989],[-73.228021,42.520243],[-73.228062,42.520496],[-73.228104,42.520738],[-73.2282,42.521236],[-73.228247,42.52151]]}},{"type":"Feature","properties":{"agency":"Link413","shape_id":"p_1440746"},"geometry":{"type":"LineString","coordinates":[[-73.228247,42.52151],[-73.2282,42.521236],[-73.228104,42.520738],[-73.228062,42.520496],[-73.228021,42.520243],[-73.227988,42.519989],[-73.22796,42.519721],[-73.227943,42.519539],[-73.227899,42.51894],[-73.227869,42.518455],[-73.22784,42.517946],[-73.227832,42.517746],[-73.227829,42.51755],[-73.227831,42.517375],[-73.227832,42.517303],[-73.227842,42.51701],[-73.227856,42.516734],[-73.227871,42.516512],[-73.227891,42.516288],[-73.227915,42.516002],[-73.227934,42.515779],[-73.227951,42.515583],[-73.227978,42.515371],[-73.228016,42.515172],[-73.228066,42.514975],[-73.228116,42.514826],[-73.228175,42.514662],[-73.228242,42.514499],[-73.228315,42.514333],[-73.228727,42.513464],[-73.228886,42.513132],[-73.229189,42.512491],[-73.229277,42.512318],[-73.229369,42.512151],[-73.22947,42.511987],[-73.229586,42.511813],[-73.22972,42.511628],[-73.22987,42.511442],[-73.230025,42.51126],[-73.230197,42.51108],[-73.230369,42.510907],[-73.230715,42.510589],[-73.231033,42.510303],[-73.231234,42.510115],[-73.231438,42.509908],[-73.231632,42.509705],[-73.231829,42.509491],[-73.232019,42.509278],[-73.232204,42.50906],[-73.232432,42.508787],[-73.232651,42.508517],[-73.232928,42.508193],[-73.233193,42.507891],[-73.233457,42.507599],[-73.233696,42.507352],[-73.233935,42.507117],[-73.2342,42.506872],[-73.234474,42.50663],[-73.234778,42.506378],[-73.235085,42.506128],[-73.23537,42.505907],[-73.235646,42.50569],[-73.235833,42.505537],[-73.236016,42.505385],[-73.236182,42.505232],[-73.236341,42.505065],[-73.236476,42.504893],[-73.236601,42.504694],[-73.236696,42.50451],[-73.236777,42.504327],[-73.236914,42.503993],[-73.237034,42.503702],[-73.237176,42.503355],[-73.237251,42.503162],[-73.237371,42.502832],[-73.237436,42.502637],[-73.237498,42.502442],[-73.237525,42.502352],[-73.237552,42.502254],[-73.237599,42.502075],[-73.237643,42.501881],[-73.237681,42.501688],[-73.237711,42.5015],[-73.237787,42.50098],[-73.237808,42.500839],[-73.237881,42.500307],[-73.237642,42.500287],[-73.237464,42.500272],[-73.237642,42.500287],[-73.237881,42.500307],[-73.238002,42.499419],[-73.238031,42.499168],[-73.238044,42.499001],[-73.238042,42.498832],[-73.238028,42.49867],[-73.238,42.498513],[-73.23796,42.498366],[-73.237903,42.498192],[-73.237726,42.497686],[-73.237552,42.497202],[-73.237499,42.497045],[-73.237466,42.496918],[-73.237445,42.496793],[-73.237434,42.496677],[-73.237426,42.496436],[-73.237425,42.496359],[-73.237423,42.49604],[-73.23742,42.495817],[-73.237418,42.495715],[-73.237419,42.495641],[-73.237419,42.495584],[-73.237431,42.49545],[-73.237457,42.495326],[-73.237492,42.495209],[-73.237545,42.495093],[-73.237612,42.494985],[-73.237696,42.49487],[-73.237806,42.494742],[-73.237912,42.494637],[-73.238031,42.494536],[-73.238163,42.494433],[-73.238291,42.494332],[-73.238442,42.494215],[-73.238587,42.494111],[-73.238724,42.494018],[-73.238862,42.493929],[-73.239012,42.493844],[-73.23918,42.493755],[-73.240497,42.49312],[-73.240774,42.492993],[-73.241,42.492887],[-73.241227,42.492786],[-73.241456,42.4927],[-73.241698,42.492619],[-73.241943,42.492551],[-73.2423,42.492465],[-73.24257,42.492388],[-73.242906,42.492285],[-73.243133,42.492196],[-73.243294,42.49212],[-73.243434,42.492049],[-73.243532,42.491994],[-73.24376,42.491845],[-73.243954,42.491705],[-73.244114,42.491558],[-73.244273,42.49142],[-73.244572,42.491132],[-73.244749,42.490927],[-73.24591,42.489696],[-73.246027,42.489566],[-73.246135,42.489431],[-73.246232,42.489289],[-73.246331,42.489128],[-73.246416,42.488958],[-73.246488,42.488775],[-73.246535,42.488614],[-73.246569,42.488438],[-73.24659,42.488276],[-73.246601,42.488091],[-73.246599,42.487956],[-73.246586,42.487798],[-73.246558,42.487639],[-73.246518,42.48748],[-73.246459,42.487306],[-73.246348,42.487028],[-73.246274,42.486836],[-73.246203,42.486626],[-73.24614,42.486422],[-73.246085,42.486216],[-73.246035,42.486023],[-73.245996,42.485836],[-73.245961,42.485643],[-73.245932,42.485455],[-73.24591,42.485267],[-73.245892,42.485077],[-73.245881,42.484892],[-73.245878,42.484695],[-73.245883,42.48452],[-73.24589,42.484347],[-73.245897,42.484258],[-73.245904,42.484176],[-73.245924,42.484021],[-73.245953,42.483846],[-73.246132,42.483873],[-73.246259,42.483901],[-73.246439,42.483959],[-73.246539,42.483996],[-73.246644,42.484043],[-73.24676,42.484101],[-73.246877,42.48417],[-73.246987,42.484233],[-73.247106,42.484296],[-73.247222,42.484349],[-73.247281,42.484375],[-73.247349,42.484403],[-73.247356,42.484406],[-73.24748,42.484455],[-73.247931,42.484621],[-73.248851,42.484954],[-73.248998,42.485005],[-73.249147,42.485053],[-73.249303,42.485096],[-73.249463,42.485131],[-73.249636,42.485165],[-73.250108,42.485285],[-73.250914,42.485523],[-73.25161,42.485735],[-73.252077,42.485868],[-73.252585,42.486005],[-73.252979,42.48611],[-73.253072,42.486135],[-73.253551,42.486266],[-73.253944,42.486383],[-73.253978,42.486394],[-73.254316,42.486479],[-73.254677,42.486575],[-73.254884,42.486631],[-73.255555,42.486827],[-73.255761,42.486884],[-73.256083,42.486971],[-73.256112,42.486979],[-73.25638,42.48705],[-73.256513,42.487083],[-73.256637,42.487114],[-73.256921,42.487173],[-73.257105,42.487197],[-73.257262,42.487223],[-73.257663,42.487276],[-73.258015,42.487328],[-73.258168,42.487351],[-73.258503,42.487401],[-73.258644,42.487166],[-73.258939,42.486674],[-73.25945,42.485891],[-73.259804,42.485324],[-73.260095,42.484885],[-73.260456,42.484334],[-73.260591,42.484089],[-73.260686,42.483921],[-73.260982,42.483038],[-73.261151,42.482632],[-73.261248,42.4824],[-73.261353,42.482178],[-73.261611,42.481641],[-73.261821,42.4813],[-73.262029,42.48098],[-73.262197,42.480717],[-73.262432,42.48035],[-73.262616,42.480069],[-73.262644,42.480026],[-73.262934,42.479575],[-73.262977,42.479514],[-73.263179,42.479223],[-73.263319,42.478985],[-73.263359,42.478874],[-73.263381,42.478814],[-73.263447,42.478462],[-73.263502,42.478243],[-73.263524,42.478155],[-73.263647,42.477662],[-73.263752,42.477423],[-73.263787,42.477343],[-73.263991,42.47689],[-73.264149,42.476531],[-73.264339,42.476242],[-73.264616,42.475981],[-73.26479208882368,42.47586864074708],[-73.26478993919828,42.4758690369836],[-73.264871,42.475828],[-73.2651,42.475726],[-73.265426,42.475575],[-73.265456,42.475561],[-73.265484,42.475547],[-73.2659,42.47534],[-73.266355,42.475067],[-73.266734,42.474801],[-73.267209,42.474458],[-73.267576,42.474141],[-73.267932,42.473766],[-73.268248,42.473412],[-73.268604,42.472947],[-73.268841,42.472574],[-73.269043,42.472229],[-73.269211,42.471829],[-73.269212,42.471829],[-73.26932,42.471545],[-73.269427,42.4712],[-73.269592,42.470634],[-73.269785,42.469931],[-73.269971,42.469261],[-73.27021,42.468446],[-73.270428,42.467683],[-73.270463,42.467557],[-73.270593,42.467099],[-73.270771,42.466602],[-73.270988,42.466222],[-73.271115,42.466051],[-73.271243,42.465883],[-73.271474,42.465641],[-73.271758,42.465392],[-73.272138,42.465116],[-73.272529,42.464855],[-73.272858,42.464604],[-73.273183,42.464381],[-73.273492,42.46407],[-73.273746,42.463773],[-73.273761,42.463755],[-73.273558,42.463735],[-73.273379,42.463713],[-73.273073,42.463676],[-73.272662,42.463612],[-73.27246,42.46358],[-73.271782,42.463485],[-73.271622,42.463464],[-73.271111,42.463396],[-73.27065,42.463331],[-73.2705,42.46331],[-73.270092,42.463245],[-73.269708,42.463184],[-73.268939,42.463082],[-73.268464,42.46301],[-73.268143,42.462966],[-73.267818,42.46292],[-73.267246,42.462837],[-73.266924,42.462788],[-73.266531,42.462729],[-73.266404,42.462711],[-73.265793,42.462626],[-73.26532,42.462556],[-73.265179,42.462535],[-73.264455,42.462423],[-73.264248,42.462396],[-73.263821,42.462339],[-73.263093,42.462229],[-73.263171,42.461857],[-73.26326,42.461478],[-73.263278,42.461399],[-73.263416,42.46084],[-73.26345,42.46063],[-73.263478,42.460471],[-73.263492,42.46037],[-73.263553,42.459814],[-73.263573,42.459533],[-73.263585,42.459377],[-73.263587,42.459354],[-73.263611,42.459097],[-73.263555,42.458808],[-73.263512,42.458649],[-73.263449,42.458417],[-73.263405,42.458254],[-73.263322,42.457938],[-73.263219,42.457584],[-73.263097,42.457197],[-73.262497,42.457091],[-73.262001,42.45702],[-73.261722,42.456978],[-73.261358,42.456923],[-73.261159,42.456898],[-73.260924,42.456863],[-73.260638,42.45682],[-73.260387,42.456778],[-73.259907,42.456705],[-73.259701,42.456673],[-73.25930489355822,42.456627744791376],[-73.2571361242046,42.45628869067341],[-73.25600739666001,42.45611618875034],[-73.25643757251868,42.45451953299835],[-73.25667418202777,42.45367496824386],[-73.257086,42.452064],[-73.255345,42.451832],[-73.255131,42.451803],[-73.254928,42.451775],[-73.254777,42.451755],[-73.254589,42.451729],[-73.254527,42.451721]]}},{"type":"Feature","properties":{"agency":"Link413","shape_id":"p_1440747"},"geometry":{"type":"LineString","coordinates":[[-73.254527,42.451721],[-73.254589,42.451729],[-73.254928,42.451775],[-73.255139,42.451802],[-73.257086,42.452064],[-73.257025,42.452333],[-73.256824,42.453075],[-73.256742,42.453416],[-73.256679,42.453675],[-73.256567,42.454037],[-73.256449,42.454527],[-73.256339,42.454886],[-73.256328,42.45492],[-73.256167,42.455555],[-73.25603,42.456028],[-73.256002,42.456118],[-73.256557,42.456199],[-73.25715,42.456286],[-73.258373,42.456473],[-73.259303,42.456629],[-73.25960771936295,42.45666317154593],[-73.259607,42.456662],[-73.259676,42.45667],[-73.259701,42.456673],[-73.260387,42.456778],[-73.260638,42.45682],[-73.260924,42.456863],[-73.261159,42.456898],[-73.261358,42.456923],[-73.261722,42.456978],[-73.262001,42.45702],[-73.262497,42.457091],[-73.263097,42.457197],[-73.263219,42.457584],[-73.263322,42.457938],[-73.263405,42.458254],[-73.263449,42.458417],[-73.263512,42.458649],[-73.263555,42.458808],[-73.263611,42.459097],[-73.263587,42.459354],[-73.263585,42.459377],[-73.263573,42.459533],[-73.263553,42.459814],[-73.263492,42.46037],[-73.263478,42.460471],[-73.26345,42.46063],[-73.263416,42.46084],[-73.263278,42.461399],[-73.26326,42.461478],[-73.263171,42.461857],[-73.263093,42.462229],[-73.263821,42.462339],[-73.264248,42.462396],[-73.264455,42.462423],[-73.265179,42.462535],[-73.26532,42.462556],[-73.265793,42.462626],[-73.266404,42.462711],[-73.266531,42.462729],[-73.266924,42.462788],[-73.267246,42.462837],[-73.267818,42.46292],[-73.268143,42.462966],[-73.268464,42.46301],[-73.268939,42.463082],[-73.269708,42.463184],[-73.270092,42.463245],[-73.2705,42.46331],[-73.27065,42.463331],[-73.271111,42.463396],[-73.271622,42.463464],[-73.271782,42.463485],[-73.27246,42.46358],[-73.272662,42.463612],[-73.273073,42.463676],[-73.273558,42.463735],[-73.273761,42.463755],[-73.273492,42.46407],[-73.273357,42.464206],[-73.273183,42.464381],[-73.272858,42.464604],[-73.272529,42.464855],[-73.272138,42.465116],[-73.271758,42.465392],[-73.271474,42.465641],[-73.271243,42.465883],[-73.271115,42.466051],[-73.270988,42.466222],[-73.270771,42.466602],[-73.270593,42.467099],[-73.270463,42.467557],[-73.270428,42.467683],[-73.27021,42.468446],[-73.269971,42.469261],[-73.269785,42.469931],[-73.269592,42.470634],[-73.269427,42.4712],[-73.26932,42.471545],[-73.269212,42.471829],[-73.269211,42.471829],[-73.269043,42.472229],[-73.268841,42.472574],[-73.268604,42.472947],[-73.268248,42.473412],[-73.267932,42.473766],[-73.267576,42.474141],[-73.267209,42.474458],[-73.266734,42.474801],[-73.266355,42.475067],[-73.2659,42.47534],[-73.265484,42.475547],[-73.265456,42.475561],[-73.265426,42.475575],[-73.2651,42.475726],[-73.26492201092009,42.47580165112933],[-73.26492124039898,42.47580201945391],[-73.264616,42.475981],[-73.264339,42.476242],[-73.264149,42.476531],[-73.263991,42.47689],[-73.263787,42.477343],[-73.263752,42.477423],[-73.263647,42.477662],[-73.263524,42.478155],[-73.263502,42.478243],[-73.263447,42.478462],[-73.263381,42.478814],[-73.263359,42.478874],[-73.263319,42.478985],[-73.263179,42.479223],[-73.262977,42.479514],[-73.262934,42.479575],[-73.262644,42.480026],[-73.262616,42.480069],[-73.262432,42.48035],[-73.262197,42.480717],[-73.262029,42.48098],[-73.261821,42.4813],[-73.261611,42.481641],[-73.261353,42.482178],[-73.261248,42.4824],[-73.261151,42.482632],[-73.260982,42.483038],[-73.260686,42.483921],[-73.260591,42.484089],[-73.260456,42.484334],[-73.260095,42.484885],[-73.259804,42.485324],[-73.25945,42.485891],[-73.258939,42.486674],[-73.258503,42.487401],[-73.258168,42.487351],[-73.258015,42.487328],[-73.257663,42.487276],[-73.257262,42.487223],[-73.257105,42.487197],[-73.256921,42.487173],[-73.256637,42.487114],[-73.256513,42.487083],[-73.25638,42.48705],[-73.256112,42.486979],[-73.256083,42.486971],[-73.255761,42.486884],[-73.255555,42.486827],[-73.254884,42.486631],[-73.254677,42.486575],[-73.254316,42.486479],[-73.253978,42.486394],[-73.253944,42.486383],[-73.253551,42.486266],[-73.253072,42.486135],[-73.252979,42.48611],[-73.252585,42.486005],[-73.252077,42.485868],[-73.25161,42.485735],[-73.250914,42.485523],[-73.250108,42.485285],[-73.249636,42.485165],[-73.249463,42.485131],[-73.249303,42.485096],[-73.249147,42.485053],[-73.248998,42.485005],[-73.248851,42.484954],[-73.247931,42.484621],[-73.24748,42.484455],[-73.247356,42.484406],[-73.247349,42.484403],[-73.247281,42.484375],[-73.247222,42.484349],[-73.247106,42.484296],[-73.246987,42.484233],[-73.246877,42.48417],[-73.24676,42.484101],[-73.246644,42.484043],[-73.246539,42.483996],[-73.246439,42.483959],[-73.246259,42.483901],[-73.246132,42.483873],[-73.245953,42.483846],[-73.245924,42.484021],[-73.245904,42.484176],[-73.24589,42.484347],[-73.245883,42.48452],[-73.245878,42.484695],[-73.245881,42.484892],[-73.245892,42.485077],[-73.24591,42.485267],[-73.245932,42.485455],[-73.245961,42.485643],[-73.245996,42.485836],[-73.246035,42.486023],[-73.246085,42.486216],[-73.24614,42.486422],[-73.246203,42.486626],[-73.246274,42.486836],[-73.246348,42.487028],[-73.246459,42.487306],[-73.246518,42.48748],[-73.246558,42.487639],[-73.246586,42.487798],[-73.246599,42.487956],[-73.246601,42.488091],[-73.24659,42.488276],[-73.246569,42.488438],[-73.246535,42.488614],[-73.246488,42.488775],[-73.246416,42.488958],[-73.246331,42.489128],[-73.246232,42.489289],[-73.246135,42.489431],[-73.246027,42.489566],[-73.24591,42.489696],[-73.244749,42.490927],[-73.244572,42.491132],[-73.244273,42.49142],[-73.244114,42.491558],[-73.243954,42.491705],[-73.24376,42.491845],[-73.243532,42.491994],[-73.243434,42.492049],[-73.243294,42.49212],[-73.243133,42.492196],[-73.242906,42.492285],[-73.24257,42.492388],[-73.2423,42.492465],[-73.241943,42.492551],[-73.241698,42.492619],[-73.241456,42.4927],[-73.241227,42.492786],[-73.241,42.492887],[-73.240774,42.492993],[-73.240497,42.49312],[-73.23918,42.493755],[-73.239012,42.493844],[-73.238862,42.493929],[-73.238724,42.494018],[-73.238587,42.494111],[-73.238442,42.494215],[-73.238291,42.494332],[-73.238163,42.494433],[-73.238031,42.494536],[-73.237912,42.494637],[-73.237806,42.494742],[-73.237696,42.49487],[-73.237612,42.494985],[-73.237545,42.495093],[-73.237492,42.495209],[-73.237457,42.495326],[-73.237431,42.49545],[-73.237419,42.495584],[-73.237419,42.495641],[-73.237418,42.495715],[-73.23742,42.495817],[-73.237423,42.49604],[-73.237425,42.496359],[-73.237426,42.496436],[-73.237434,42.496677],[-73.237445,42.496793],[-73.237466,42.496918],[-73.237499,42.497045],[-73.237552,42.497202],[-73.237726,42.497686],[-73.237903,42.498192],[-73.23796,42.498366],[-73.238,42.498513],[-73.238028,42.49867],[-73.238042,42.498832],[-73.238044,42.499001],[-73.238031,42.499168],[-73.238002,42.499419],[-73.237881,42.500307],[-73.237642,42.500287],[-73.237464,42.500272],[-73.237642,42.500287],[-73.237881,42.500307],[-73.237808,42.500839],[-73.237787,42.50098],[-73.237711,42.5015],[-73.237681,42.501688],[-73.237643,42.501881],[-73.237599,42.502075],[-73.237552,42.502254],[-73.237525,42.502352],[-73.237498,42.502442],[-73.237436,42.502637],[-73.237371,42.502832],[-73.237251,42.503162],[-73.237176,42.503355],[-73.237034,42.503702],[-73.236914,42.503993],[-73.236777,42.504327],[-73.236696,42.50451],[-73.236601,42.504694],[-73.236476,42.504893],[-73.236341,42.505065],[-73.236182,42.505232],[-73.236016,42.505385],[-73.235833,42.505537],[-73.235646,42.50569],[-73.23537,42.505907],[-73.235085,42.506128],[-73.234778,42.506378],[-73.234474,42.50663],[-73.2342,42.506872],[-73.233935,42.507117],[-73.233696,42.507352],[-73.233457,42.507599],[-73.233193,42.507891],[-73.232928,42.508193],[-73.232651,42.508517],[-73.232432,42.508787],[-73.232204,42.50906],[-73.232019,42.509278],[-73.231829,42.509491],[-73.231632,42.509705],[-73.231438,42.509908],[-73.231234,42.510115],[-73.231033,42.510303],[-73.230715,42.510589],[-73.230369,42.510907],[-73.230197,42.51108],[-73.230025,42.51126],[-73.22987,42.511442],[-73.22972,42.511628],[-73.229586,42.511813],[-73.22947,42.511987],[-73.229369,42.512151],[-73.229277,42.512318],[-73.229189,42.512491],[-73.228886,42.513132],[-73.228727,42.513464],[-73.228315,42.514333],[-73.228242,42.514499],[-73.228175,42.514662],[-73.228116,42.514826],[-73.228066,42.514975],[-73.228016,42.515172],[-73.227978,42.515371],[-73.227951,42.515583],[-73.227934,42.515779],[-73.227915,42.516002],[-73.227891,42.516288],[-73.227871,42.516512],[-73.227856,42.516734],[-73.227842,42.51701],[-73.227832,42.517303],[-73.227831,42.517375],[-73.227829,42.51755],[-73.227832,42.517746],[-73.22784,42.517946],[-73.227869,42.518455],[-73.227899,42.51894],[-73.227943,42.519539],[-73.22796,42.519721],[-73.227988,42.519989],[-73.228021,42.520243],[-73.228062,42.520496],[-73.228104,42.520738],[-73.2282,42.521236],[-73.228247,42.52151]]}},{"type":"Feature","properties":{"agency":"Link413","shape_id":"p_1441493"},"geometry":{"type":"LineString","coordinates":[[-73.254674,42.451284],[-73.254248,42.451536],[-73.254197,42.451582],[-73.254173,42.451622],[-73.254154,42.451671],[-73.253705,42.45161],[-73.253467,42.451577],[-73.253297,42.451553],[-73.253262,42.451548],[-73.253156,42.451533],[-73.253163,42.451502],[-73.25318,42.451429],[-73.253184,42.451413],[-73.253462,42.450405],[-73.253498,42.450275],[-73.25354,42.450124],[-73.253623,42.449827],[-73.253711,42.44951],[-73.253713,42.449504],[-73.253714,42.449502],[-73.253722,42.449468],[-73.253882,42.448887],[-73.253945,42.448672],[-73.253985,42.448532],[-73.25403,42.448364],[-73.253965,42.448318],[-73.253946,42.448306],[-73.253876,42.44825],[-73.253811,42.448202],[-73.253757,42.448167],[-73.2537,42.448139],[-73.253631,42.448113],[-73.253559,42.44809],[-73.253422,42.448053],[-73.253269,42.448029],[-73.253147,42.448019],[-73.253036,42.448017],[-73.252923,42.44803],[-73.252828,42.448059],[-73.252682,42.448118],[-73.252598,42.448148],[-73.25252,42.44816],[-73.252432,42.448162],[-73.252353,42.448153],[-73.251947,42.44809],[-73.251222,42.447979],[-73.25108,42.447957],[-73.251052,42.447953],[-73.25062,42.447886],[-73.250049,42.447798],[-73.249717,42.447738],[-73.248949,42.447636],[-73.2485,42.447572],[-73.248424,42.447561],[-73.248305,42.44754],[-73.246889,42.447291],[-73.246786,42.447271],[-73.245829,42.447087],[-73.245416,42.447009],[-73.245383,42.447003],[-73.245121,42.446953],[-73.245011,42.446942],[-73.244939,42.446942],[-73.244885,42.446944],[-73.244829,42.446953],[-73.244734,42.446971],[-73.244657,42.446996],[-73.244619,42.447012],[-73.244569,42.447033],[-73.244238,42.447188],[-73.244104,42.447251],[-73.244095,42.447256],[-73.243922,42.447343],[-73.243728,42.44744],[-73.243481,42.447565],[-73.243349,42.447622],[-73.243193,42.447689],[-73.243168,42.4477],[-73.243038,42.447755],[-73.242628,42.447931],[-73.242114,42.448165],[-73.241487,42.448477],[-73.24133,42.448547],[-73.241071,42.448665],[-73.240662,42.44885],[-73.240057,42.449127],[-73.240055,42.449128],[-73.239941,42.44918],[-73.239305,42.449466],[-73.237357,42.450354],[-73.237061,42.45049],[-73.236681,42.450662],[-73.236371,42.450803],[-73.236128,42.450904],[-73.235907,42.450986],[-73.23425,42.45156],[-73.233849,42.451698],[-73.233215,42.451901],[-73.232197,42.452213],[-73.231665,42.452365],[-73.230922,42.452578],[-73.230474,42.452712],[-73.229998,42.452854],[-73.229523,42.452985],[-73.229294,42.45298],[-73.229158,42.452999],[-73.229125,42.453004],[-73.228887,42.453031],[-73.228655,42.45305],[-73.228604,42.453054],[-73.228345,42.453074],[-73.228143,42.453094],[-73.227953,42.453121],[-73.227786,42.453156],[-73.227605,42.453205],[-73.227447,42.453255],[-73.227316,42.453305],[-73.227179,42.453365],[-73.227058,42.453424],[-73.226952,42.453475],[-73.226753,42.453567],[-73.226618,42.453615],[-73.226504,42.453655],[-73.226347,42.4537],[-73.226211,42.453732],[-73.226063,42.453759],[-73.225894,42.453783],[-73.223538,42.454073],[-73.223272,42.454115],[-73.222902,42.454186],[-73.222434,42.45425],[-73.221414,42.454378],[-73.220253,42.4545],[-73.219674,42.454562],[-73.219094,42.45463],[-73.217521,42.454825],[-73.216773,42.454917],[-73.215457,42.455077],[-73.215308,42.455096],[-73.215164,42.455117],[-73.215007,42.455148],[-73.214866,42.455183],[-73.214708,42.455234],[-73.214566,42.455291],[-73.214447,42.455348],[-73.214328,42.455414],[-73.214218,42.455494],[-73.21365,42.455959],[-73.213471,42.456166],[-73.213266,42.45633],[-73.213069,42.456493],[-73.212811,42.45671],[-73.21267,42.45682],[-73.212437,42.457],[-73.212289,42.457119],[-73.21152,42.457764],[-73.211262,42.457983],[-73.210812,42.458367],[-73.210109,42.458964],[-73.209991,42.459068],[-73.209929,42.459121],[-73.209796,42.459241],[-73.209775,42.45926],[-73.209627,42.459398],[-73.209485,42.459534],[-73.209357,42.459668],[-73.209235,42.4598],[-73.209111,42.459937],[-73.2087,42.460406],[-73.208351,42.460804],[-73.207621,42.461636],[-73.207523,42.461752],[-73.207369,42.461932],[-73.207248,42.462082],[-73.207129,42.462239],[-73.207017,42.462395],[-73.206915,42.462545],[-73.206818,42.462693],[-73.206721,42.462852],[-73.206617,42.463025],[-73.206521,42.463194],[-73.206431,42.463365],[-73.206344,42.463542],[-73.206208,42.463824],[-73.206114,42.464014],[-73.206022,42.464192],[-73.205961,42.46431],[-73.205933,42.464364],[-73.205844,42.464524],[-73.205758,42.464668],[-73.205652,42.464829],[-73.205632,42.464859],[-73.205583,42.464932],[-73.205513,42.465037],[-73.205414,42.465185],[-73.2054,42.465206],[-73.205316,42.465263],[-73.205264,42.465306],[-73.205218,42.465358],[-73.204959,42.465698],[-73.204863,42.465832],[-73.204545,42.466294],[-73.204454,42.466426],[-73.204403,42.4665],[-73.204323,42.466615],[-73.204315,42.466627],[-73.204127,42.466893],[-73.203939,42.46715],[-73.20362,42.467596],[-73.203603,42.467621],[-73.203531,42.467731],[-73.203483,42.467828],[-73.203445,42.467921],[-73.203425,42.467992],[-73.203414,42.46805],[-73.20341,42.46812],[-73.203417,42.468191],[-73.203464,42.468459],[-73.203545,42.468904],[-73.203545,42.468905],[-73.203562,42.468995],[-73.203572,42.469051],[-73.203574,42.469059],[-73.203639,42.469474],[-73.203736,42.470047],[-73.203752,42.470138],[-73.203767,42.470229],[-73.203776,42.47028],[-73.203776,42.470282],[-73.203777,42.470285],[-73.203786,42.470341],[-73.203821,42.470548],[-73.203864,42.470799],[-73.203905,42.47098],[-73.203978,42.471263],[-73.204092,42.471929],[-73.204156,42.472303],[-73.204325,42.473295],[-73.204332,42.473336],[-73.20451,42.474375],[-73.204653,42.475215],[-73.204861,42.476431],[-73.204973,42.477138],[-73.204996,42.477331],[-73.205011,42.477534],[-73.20502,42.477732],[-73.205065,42.478799],[-73.205075,42.47911],[-73.205079,42.479343],[-73.205077,42.479525],[-73.20506,42.479698],[-73.205032,42.479858],[-73.204984,42.480021],[-73.204926,42.480177],[-73.204859,42.480325],[-73.204774,42.480477],[-73.204683,42.480619],[-73.204576,42.480759],[-73.204466,42.480885],[-73.204346,42.481007],[-73.20422,42.481121],[-73.204087,42.481235],[-73.203403,42.481803],[-73.203267,42.481918],[-73.203133,42.482041],[-73.203023,42.482159],[-73.20292,42.482281],[-73.202822,42.482409],[-73.202725,42.482558],[-73.202641,42.482703],[-73.202564,42.482856],[-73.202498,42.483018],[-73.202446,42.483195],[-73.202409,42.48336],[-73.202383,42.483523],[-73.202267,42.484398],[-73.202108,42.485532],[-73.202007,42.48631],[-73.201974,42.486592],[-73.201966,42.486763],[-73.20197,42.486914],[-73.201986,42.487045],[-73.202011,42.487195],[-73.202046,42.487343],[-73.2021,42.487505],[-73.202163,42.487652],[-73.20226,42.487836],[-73.202375,42.48803],[-73.202611,42.488422],[-73.202707,42.488577],[-73.202821,42.488758],[-73.203191,42.489351],[-73.203268,42.489488],[-73.203339,42.489631],[-73.2034,42.489788],[-73.203455,42.489947],[-73.203507,42.490144],[-73.203532,42.490323],[-73.203538,42.490521],[-73.203527,42.490706],[-73.203505,42.490877],[-73.203472,42.491046],[-73.203421,42.491218],[-73.203357,42.491379],[-73.203275,42.491546],[-73.20318,42.491704],[-73.203081,42.491847],[-73.20294,42.492049],[-73.202691,42.492393],[-73.202335,42.492877],[-73.201826,42.493596],[-73.201768,42.493677],[-73.201722,42.493742],[-73.201718,42.493748],[-73.201343,42.49428],[-73.200712,42.495164],[-73.200538,42.495408],[-73.200415,42.495573],[-73.200291,42.495726],[-73.20016,42.495879],[-73.200021,42.496031],[-73.199868,42.496183],[-73.199705,42.49633],[-73.199548,42.496461],[-73.199371,42.496601],[-73.199198,42.496735],[-73.198601,42.497188],[-73.1984,42.497347],[-73.198204,42.497516],[-73.198016,42.497685],[-73.197847,42.497845],[-73.19768,42.498017],[-73.19752,42.498197],[-73.197379,42.498366],[-73.197245,42.498535],[-73.197115,42.49871],[-73.196987,42.498898],[-73.196863,42.499093],[-73.196748,42.499291],[-73.196645,42.499487],[-73.196561,42.499654],[-73.196491,42.499814],[-73.196429,42.499979],[-73.196353,42.500199],[-73.196275,42.50044],[-73.196206,42.500674],[-73.195185,42.504257],[-73.194667,42.506039],[-73.194592,42.506286],[-73.194513,42.506514],[-73.194415,42.506748],[-73.194303,42.506974],[-73.194173,42.507201],[-73.194033,42.507428],[-73.19363,42.508031],[-73.193472,42.508299],[-73.193329,42.508564],[-73.193201,42.508822],[-73.193096,42.509067],[-73.193002,42.509315],[-73.192912,42.509575],[-73.192834,42.509845],[-73.192766,42.510094],[-73.192705,42.510364],[-73.192663,42.510614],[-73.192632,42.510861],[-73.192614,42.511083],[-73.192603,42.511313],[-73.192597,42.511546],[-73.192584,42.512631],[-73.192581,42.512862],[-73.192557,42.51555],[-73.192531,42.516442],[-73.192514,42.517229],[-73.192339,42.521515],[-73.192326,42.52188],[-73.192307,42.522219],[-73.192277,42.522549],[-73.192231,42.522878],[-73.192162,42.523224],[-73.191764,42.524969],[-73.191145,42.527619],[-73.191091,42.527824],[-73.191024,42.528028],[-73.190938,42.528236],[-73.190839,42.528446],[-73.190729,42.528645],[-73.190607,42.528844],[-73.190475,42.529037],[-73.190353,42.529196],[-73.190198,42.529375],[-73.188661,42.531096],[-73.187719,42.532144],[-73.187489,42.532392],[-73.187273,42.532615],[-73.187044,42.532836],[-73.18682,42.533048],[-73.186581,42.533259],[-73.186154,42.533619],[-73.185821,42.5339],[-73.183358,42.535965],[-73.181551,42.537484],[-73.181351,42.53764],[-73.181132,42.537796],[-73.180894,42.53794],[-73.180642,42.538073],[-73.180384,42.538193],[-73.180108,42.538307],[-73.178755,42.538839],[-73.178605,42.538898],[-73.17572,42.540037],[-73.174974,42.540333],[-73.174745,42.540422],[-73.17453,42.540515],[-73.174316,42.540619],[-73.174137,42.54072],[-73.173984,42.540819],[-73.173832,42.540929],[-73.17367,42.541063],[-73.173527,42.541194],[-73.173396,42.541326],[-73.173258,42.54147],[-73.172298,42.542506],[-73.170848,42.544041],[-73.17069,42.544214],[-73.170537,42.544388],[-73.170395,42.54455],[-73.16977,42.545288],[-73.16927,42.54589],[-73.169139,42.546043],[-73.169009,42.54619],[-73.168872,42.546319],[-73.168736,42.546432],[-73.168568,42.546549],[-73.168395,42.546652],[-73.168235,42.546739],[-73.168055,42.546818],[-73.16786,42.546893],[-73.167404,42.547048],[-73.167196,42.547124],[-73.166982,42.547206],[-73.166763,42.547302],[-73.166544,42.547413],[-73.16634,42.547534],[-73.16617,42.547653],[-73.166013,42.547777],[-73.165879,42.547894],[-73.165751,42.54802],[-73.165627,42.548159],[-73.165515,42.548304],[-73.165419,42.548442],[-73.165332,42.548587],[-73.165261,42.548723],[-73.165201,42.548869],[-73.165146,42.549032],[-73.165113,42.549167],[-73.165087,42.549307],[-73.165072,42.549452],[-73.165064,42.549594],[-73.165072,42.549778],[-73.165104,42.550632],[-73.165164,42.552163],[-73.165193,42.55297],[-73.165207,42.553406],[-73.165218,42.553559],[-73.165231,42.553718],[-73.165244,42.553854],[-73.165245,42.553865],[-73.165265,42.553969],[-73.16529,42.554081],[-73.165326,42.554188],[-73.165368,42.55429],[-73.165428,42.554422],[-73.165469,42.554496],[-73.165631,42.554807],[-73.165768,42.555071],[-73.166264,42.556024],[-73.166566,42.556604],[-73.166665,42.556798],[-73.166752,42.556986],[-73.166904,42.557314],[-73.166905,42.557315],[-73.167282,42.558128],[-73.167346,42.558281],[-73.167398,42.558431],[-73.167433,42.558577],[-73.167433,42.558578],[-73.167436,42.558588],[-73.16745,42.558724],[-73.167451,42.558749],[-73.167454,42.558862],[-73.167443,42.559006],[-73.16742,42.559144],[-73.167387,42.559269],[-73.167338,42.559398],[-73.167273,42.559535],[-73.167198,42.559661],[-73.167073,42.559848],[-73.166803,42.560255],[-73.166738,42.560353],[-73.166702,42.560408],[-73.16663,42.560519],[-73.166628,42.560523],[-73.166557,42.560632],[-73.166191,42.561193],[-73.165705,42.561934],[-73.165688,42.56196],[-73.165656,42.562009],[-73.165655,42.562011],[-73.165598,42.562097],[-73.165543,42.562182],[-73.165542,42.562184],[-73.165393,42.562413],[-73.165264,42.562623],[-73.165148,42.562817],[-73.16491,42.56323],[-73.164772,42.563461],[-73.16463,42.563692],[-73.164594,42.56375],[-73.164592,42.563753],[-73.164248,42.564305],[-73.164188,42.5644],[-73.163557,42.565357],[-73.16347,42.565481],[-73.163373,42.565605],[-73.163267,42.565724],[-73.163155,42.565839],[-73.163029,42.565958],[-73.162899,42.566076],[-73.16276,42.566195],[-73.162621,42.566308],[-73.162485,42.56641],[-73.162338,42.566513],[-73.162187,42.566611],[-73.162015,42.566715],[-73.161838,42.566811],[-73.161641,42.566909],[-73.161444,42.567001],[-73.161242,42.56709],[-73.161145,42.567128],[-73.161143,42.567129],[-73.161092,42.567149],[-73.161031,42.567172],[-73.16098,42.567189],[-73.160804,42.567248],[-73.160579,42.567316],[-73.160079,42.567466],[-73.159817,42.567546],[-73.159361,42.567692],[-73.159356,42.567694],[-73.159352,42.567695],[-73.15935,42.567696],[-73.159277,42.567719],[-73.158547,42.567956],[-73.158267,42.568049],[-73.157998,42.568145],[-73.157751,42.568246],[-73.15753,42.568358],[-73.157257,42.568507],[-73.156783,42.568768],[-73.156282,42.569045],[-73.156107,42.569143],[-73.155962,42.569231],[-73.155824,42.569321],[-73.155686,42.569421],[-73.15556,42.569524],[-73.155445,42.569637],[-73.155336,42.569756],[-73.15524,42.569884],[-73.155154,42.570008],[-73.155079,42.570143],[-73.155009,42.570285],[-73.154834,42.57066],[-73.154444,42.571547],[-73.153537,42.573577],[-73.152826,42.575166],[-73.152708,42.575435],[-73.152613,42.575643],[-73.152515,42.575835],[-73.15241,42.576019],[-73.152293,42.576203],[-73.152165,42.576382],[-73.15205,42.576542],[-73.151675,42.577014],[-73.151548,42.577171],[-73.151426,42.577315],[-73.151291,42.577459],[-73.151165,42.577586],[-73.151036,42.577708],[-73.150905,42.577824],[-73.150772,42.577936],[-73.150626,42.578051],[-73.149767,42.578702],[-73.149586,42.578843],[-73.149424,42.578975],[-73.14926,42.579122],[-73.149102,42.57927],[-73.14897,42.579402],[-73.148841,42.57954],[-73.148708,42.57969],[-73.14857,42.579855],[-73.148444,42.580007],[-73.148333,42.58015],[-73.148239,42.58029],[-73.148154,42.580427],[-73.148073,42.580585],[-73.148003,42.58074],[-73.147938,42.580901],[-73.147879,42.58107],[-73.147822,42.581249],[-73.147643,42.58188],[-73.147569,42.582148],[-73.147249,42.5833],[-73.147126,42.583753],[-73.147095,42.583867],[-73.147081,42.583917],[-73.146958,42.584347],[-73.146924,42.584469],[-73.146838,42.584796],[-73.146792,42.585008],[-73.14675,42.585248],[-73.146726,42.585454],[-73.146712,42.585658],[-73.146688,42.586198],[-73.146654,42.586994],[-73.146607,42.587845],[-73.146602,42.587951],[-73.146574,42.588541],[-73.146533,42.589429],[-73.14651,42.589913],[-73.146492,42.590198],[-73.146479,42.590368],[-73.146464,42.590532],[-73.146439,42.590696],[-73.146402,42.590851],[-73.146353,42.591015],[-73.146293,42.591174],[-73.146226,42.591328],[-73.146153,42.591476],[-73.146067,42.591625],[-73.145978,42.591773],[-73.145878,42.591923],[-73.145784,42.592047],[-73.145678,42.592172],[-73.145544,42.592316],[-73.145408,42.592448],[-73.145256,42.592589],[-73.145111,42.592709],[-73.144959,42.592822],[-73.143835,42.59362],[-73.141941,42.594945],[-73.141775,42.595065],[-73.141623,42.595181],[-73.141497,42.595283],[-73.141374,42.595388],[-73.141247,42.595508],[-73.141135,42.595625],[-73.141033,42.595747],[-73.140942,42.595877],[-73.140859,42.596015],[-73.140779,42.596161],[-73.140328,42.597009],[-73.140255,42.597145],[-73.139976,42.597643],[-73.139808,42.597968],[-73.139658,42.598266],[-73.137992,42.601697],[-73.1379,42.601875],[-73.137819,42.602021],[-73.137713,42.602191],[-73.137602,42.602345],[-73.13748,42.602487],[-73.13735,42.602622],[-73.137121,42.602849],[-73.136812,42.603142],[-73.136447,42.603487],[-73.135557,42.604304],[-73.134416,42.605358],[-73.134261,42.605506],[-73.134078,42.605688],[-73.133907,42.605862],[-73.133759,42.606017],[-73.133612,42.606177],[-73.133462,42.606344],[-73.133322,42.606507],[-73.133179,42.606684],[-73.132736,42.607271],[-73.132628,42.607409],[-73.132516,42.607536],[-73.132394,42.607651],[-73.132257,42.607766],[-73.132109,42.607876],[-73.131946,42.607984],[-73.131747,42.6081],[-73.131552,42.608206],[-73.131183,42.608397],[-73.130977,42.608504],[-73.129387,42.60933],[-73.129174,42.609432],[-73.128962,42.609528],[-73.128725,42.609627],[-73.128291,42.609796],[-73.128079,42.609878],[-73.127965,42.609922],[-73.127294,42.610181],[-73.12729,42.610182],[-73.127288,42.610183],[-73.127285,42.610184],[-73.127115,42.61025],[-73.126679,42.61041],[-73.126674,42.610412],[-73.126566,42.610451],[-73.126392,42.610516],[-73.126274,42.610574],[-73.126168,42.610638],[-73.126079,42.610705],[-73.125996,42.610778],[-73.125905,42.610873],[-73.125829,42.610971],[-73.125766,42.611077],[-73.12535,42.611842],[-73.125135,42.612224],[-73.124464,42.613426],[-73.124463,42.613428],[-73.12423,42.613843],[-73.124229,42.613844],[-73.124227,42.613848],[-73.124225,42.613851],[-73.124225,42.613852],[-73.124224,42.613854],[-73.124221,42.613859],[-73.124117,42.614046],[-73.124018,42.614223],[-73.123982,42.614288],[-73.12398,42.614292],[-73.123881,42.61447],[-73.123766,42.614663],[-73.123645,42.614848],[-73.123629,42.614873],[-73.123558,42.61498],[-73.123462,42.615126],[-73.123399,42.615221],[-73.123397,42.615224],[-73.123331,42.615324],[-73.123228,42.615481],[-73.123225,42.615485],[-73.123159,42.615586],[-73.123158,42.615588],[-73.123157,42.615589],[-73.123128,42.615634],[-73.122903,42.615984],[-73.122902,42.615986],[-73.1229,42.615989],[-73.122898,42.615991],[-73.122623,42.616419],[-73.122518,42.616582],[-73.122491,42.616624],[-73.121782,42.617718],[-73.120893,42.619082],[-73.120439,42.619763],[-73.120378,42.619838],[-73.120305,42.619925],[-73.120232,42.620002],[-73.120158,42.620068],[-73.120077,42.620126],[-73.120159,42.62023],[-73.120296,42.620402],[-73.120352,42.62048],[-73.12041,42.620566],[-73.12044,42.620618],[-73.120465,42.620678],[-73.12048,42.62073],[-73.120485,42.620785],[-73.120484,42.620853],[-73.120476,42.620917],[-73.120307,42.621792],[-73.120307,42.621796],[-73.120293,42.621868],[-73.120291,42.621874],[-73.120285,42.621908],[-73.120124,42.622752],[-73.120116,42.622794],[-73.120115,42.622797],[-73.120115,42.622799],[-73.12011,42.622823],[-73.120109,42.622826],[-73.119936,42.623718],[-73.119936,42.62372],[-73.119925,42.623775],[-73.11991,42.623849],[-73.119887,42.62396],[-73.119862,42.624052],[-73.119829,42.624141],[-73.119805,42.624185],[-73.119805,42.624186],[-73.119784,42.624224],[-73.119748,42.624272],[-73.119746,42.624274],[-73.119725,42.624303],[-73.119659,42.624381],[-73.119233,42.624842],[-73.119205,42.624873],[-73.119087,42.625],[-73.119015,42.625078],[-73.118936,42.625163],[-73.118797,42.625311],[-73.118668,42.625459],[-73.118553,42.625603],[-73.118551,42.625606],[-73.118522,42.625643],[-73.118515,42.625651],[-73.117976,42.626359],[-73.117975,42.626361],[-73.117969,42.626368],[-73.117968,42.62637],[-73.117967,42.626371],[-73.117735,42.626676],[-73.117646,42.626794],[-73.117561,42.626899],[-73.117504,42.626965],[-73.117439,42.627038],[-73.11737,42.627112],[-73.1173,42.627184],[-73.117236,42.62725],[-73.117228,42.627258],[-73.117093,42.627397],[-73.117085,42.627405],[-73.116975,42.627518],[-73.116969,42.627524],[-73.116801,42.627697],[-73.116798,42.6277],[-73.116478,42.628029],[-73.11629,42.628225],[-73.116242,42.62828],[-73.116239,42.628283],[-73.116183,42.628348],[-73.116081,42.628482],[-73.116008,42.628592],[-73.116007,42.628593],[-73.115992,42.628616],[-73.115814,42.628914],[-73.115811,42.628918],[-73.115803,42.628932],[-73.11579,42.628954],[-73.115788,42.628957],[-73.115408,42.629608],[-73.115407,42.629609],[-73.114943,42.630404],[-73.114873,42.63054],[-73.114816,42.630665],[-73.114772,42.63079],[-73.114733,42.630923],[-73.114702,42.631035],[-73.1147,42.631039],[-73.114684,42.631096],[-73.114683,42.631098],[-73.114544,42.631608],[-73.114543,42.631612],[-73.114486,42.631822],[-73.114485,42.631825],[-73.114311,42.63246],[-73.11431,42.632462],[-73.114301,42.632498],[-73.114261,42.632636],[-73.11426,42.632638],[-73.114065,42.633318],[-73.114065,42.633319],[-73.113888,42.633935],[-73.113887,42.633937],[-73.113821,42.63417],[-73.113803,42.634233],[-73.113803,42.634234],[-73.113784,42.634297],[-73.113784,42.634298],[-73.113675,42.634671],[-73.113675,42.634672],[-73.113204,42.636277],[-73.113204,42.636278],[-73.113203,42.636281],[-73.113065,42.63675],[-73.113041,42.63678],[-73.113031,42.636793],[-73.112988,42.636838],[-73.112938,42.63688],[-73.112877,42.636922],[-73.112861,42.63693],[-73.112845,42.63694],[-73.112832,42.63695],[-73.112819,42.636962],[-73.112808,42.636976],[-73.112799,42.63699],[-73.112792,42.637006],[-73.112788,42.63702],[-73.112786,42.637033],[-73.112786,42.637048],[-73.112788,42.637062],[-73.112793,42.637076],[-73.112798,42.637089],[-73.112807,42.637103],[-73.112837,42.637182],[-73.112856,42.637256],[-73.112867,42.637334],[-73.112866,42.637414],[-73.112773,42.637701],[-73.112631,42.638132],[-73.112467,42.638678],[-73.112404,42.638904],[-73.11235,42.639124],[-73.112315,42.639279],[-73.112287,42.639432],[-73.112272,42.639598],[-73.112266,42.639756],[-73.112266,42.63991],[-73.112293,42.640807],[-73.112296,42.641091],[-73.11229,42.641373],[-73.112275,42.641679],[-73.112266,42.641819],[-73.112234,42.64231],[-73.112234,42.642316],[-73.11222,42.64253],[-73.112197,42.642883],[-73.112192,42.642991],[-73.11219,42.643031],[-73.11219,42.643034],[-73.11218,42.643233],[-73.112117,42.644446],[-73.112056,42.645549],[-73.11204,42.646013],[-73.112023,42.646336],[-73.112008,42.646564],[-73.111984,42.6468],[-73.111941,42.647058],[-73.111893,42.647289],[-73.111829,42.647569],[-73.111755,42.647879],[-73.111511,42.648881],[-73.111288,42.649796],[-73.111219,42.650082],[-73.111064,42.650719],[-73.110531,42.652902],[-73.110212,42.654218],[-73.10973,42.65621],[-73.109639,42.656573],[-73.109507,42.656889],[-73.109469,42.657008],[-73.109341,42.65751],[-73.109231,42.657928],[-73.108975,42.658969],[-73.108934,42.659135],[-73.108475,42.660972],[-73.108153,42.662195],[-73.108046,42.662608],[-73.108019,42.662715],[-73.107994,42.662822],[-73.107973,42.66292],[-73.107955,42.663023],[-73.10794,42.663132],[-73.107937,42.663157],[-73.107928,42.663237],[-73.107917,42.663342],[-73.107908,42.663448],[-73.107901,42.663547],[-73.107888,42.663752],[-73.10785,42.664309],[-73.107804,42.664971],[-73.107791,42.665156],[-73.107785,42.665235],[-73.107703,42.666438],[-73.107609,42.667889],[-73.107474,42.670095],[-73.107425,42.670894],[-73.107256,42.673643],[-73.107208,42.674389],[-73.107197,42.67463],[-73.107189,42.674869],[-73.107183,42.675113],[-73.107181,42.675547],[-73.107212,42.676721],[-73.107211,42.677132],[-73.107199,42.677305],[-73.107177,42.677475],[-73.107145,42.677645],[-73.107102,42.677798],[-73.107049,42.677959],[-73.106985,42.678118],[-73.106759,42.678624],[-73.10668,42.678818],[-73.106625,42.678972],[-73.106578,42.679136],[-73.106545,42.679286],[-73.106522,42.679439],[-73.106505,42.679605],[-73.106496,42.679768],[-73.106499,42.679927],[-73.106506,42.680022],[-73.10652,42.680132],[-73.106542,42.680251],[-73.106562,42.68034],[-73.106593,42.680457],[-73.106753,42.681011],[-73.106792,42.681169],[-73.106819,42.681331],[-73.106829,42.681479],[-73.10683,42.681629],[-73.10682,42.681779],[-73.106804,42.681922],[-73.106778,42.682078],[-73.106748,42.682235],[-73.106704,42.682439],[-73.106677,42.682591],[-73.106661,42.682742],[-73.106658,42.682878],[-73.106667,42.683037],[-73.106683,42.683183],[-73.106709,42.683322],[-73.106751,42.683471],[-73.106799,42.683612],[-73.106864,42.683766],[-73.106935,42.683904],[-73.10702,42.684044],[-73.107115,42.684178],[-73.10723,42.68432],[-73.107344,42.684448],[-73.107456,42.684569],[-73.107731,42.684858],[-73.108523,42.685684],[-73.108616,42.685781],[-73.108898,42.686075],[-73.109475,42.686676],[-73.109709,42.68692],[-73.110216,42.687448],[-73.110363,42.687602],[-73.110631,42.687881],[-73.110906,42.688168],[-73.111191,42.688465],[-73.111587,42.688878],[-73.111844,42.689146],[-73.111924,42.689227],[-73.112106,42.689409],[-73.112275,42.689576],[-73.112446,42.689739],[-73.112632,42.689917],[-73.112835,42.690104],[-73.113024,42.690281],[-73.113382,42.690607],[-73.113564,42.690773],[-73.11377,42.690957],[-73.113888,42.691071],[-73.113989,42.691184],[-73.114083,42.691317],[-73.114159,42.691443],[-73.11422,42.691558],[-73.114453,42.69201],[-73.114561,42.692223],[-73.114572,42.692251],[-73.114573,42.692253],[-73.114617,42.692363],[-73.114653,42.692493],[-73.114682,42.692627],[-73.114695,42.692775],[-73.114698,42.692908],[-73.114691,42.693038],[-73.114671,42.693183],[-73.114641,42.693369],[-73.11461,42.693531],[-73.114569,42.693717],[-73.114528,42.6939],[-73.114433,42.694275],[-73.114393,42.694429],[-73.114366,42.69453],[-73.114337,42.694634],[-73.114284,42.694821],[-73.114141,42.695286],[-73.113987,42.695784],[-73.113976,42.695821],[-73.113963,42.695866],[-73.11394,42.695953],[-73.113926,42.696001],[-73.113915,42.696041],[-73.113912,42.696051],[-73.113814,42.696395],[-73.113796,42.696461],[-73.113783,42.696522],[-73.113773,42.696583],[-73.113766,42.696652],[-73.113761,42.696726],[-73.113761,42.696801],[-73.113765,42.696879],[-73.113773,42.696961],[-73.113859,42.697702],[-73.113864,42.697752],[-73.113867,42.697794],[-73.11387,42.697841],[-73.113874,42.697889],[-73.113916,42.698275],[-73.113925,42.698375],[-73.113927,42.698468],[-73.113925,42.698554],[-73.113918,42.698649],[-73.113905,42.69876],[-73.113889,42.69884],[-73.113874,42.698917],[-73.113858,42.698986],[-73.113795,42.699201],[-73.11379,42.699216],[-73.113766,42.699297],[-73.11376,42.699319],[-73.113612,42.699293],[-73.113073,42.699199],[-73.113053,42.699195],[-73.112948,42.699177],[-73.112836,42.699158],[-73.112147,42.699037],[-73.111831,42.698982]]}},{"type":"Feature","properties":{"agency":"Link413","shape_id":"p_1441494"},"geometry":{"type":"LineString","coordinates":[[-73.111831,42.698982],[-73.11168,42.698956],[-73.111427,42.698912],[-73.1111,42.698855],[-73.110506,42.698751],[-73.110436,42.698739],[-73.110374,42.698731],[-73.110315,42.698726],[-73.110257,42.698725],[-73.110292,42.698677],[-73.110323,42.698629],[-73.110333,42.698606],[-73.110391,42.698472],[-73.110406,42.698432],[-73.11041,42.698422],[-73.110426,42.698368],[-73.110436,42.698315],[-73.110437,42.698261],[-73.110433,42.698207],[-73.110428,42.698155],[-73.110412,42.698039],[-73.110413,42.698013],[-73.110416,42.697981],[-73.11042,42.697946],[-73.110419,42.697918],[-73.110404,42.697811],[-73.110388,42.697694],[-73.110299,42.697153],[-73.11029,42.697098],[-73.110281,42.697047],[-73.11015,42.696306],[-73.110133,42.69621],[-73.110102,42.696097],[-73.10998,42.695706],[-73.109926,42.695524],[-73.109916,42.695486],[-73.10987,42.695312],[-73.10984,42.695221],[-73.109799,42.695124],[-73.109741,42.695034],[-73.109663,42.69494],[-73.109554,42.694826],[-73.109273,42.694532],[-73.109213,42.694461],[-73.10915,42.694369],[-73.109116,42.694326],[-73.109098,42.694304],[-73.108595,42.69378],[-73.108178,42.693345],[-73.107474,42.692617],[-73.107418,42.692558],[-73.107366,42.692503],[-73.107247,42.692375],[-73.107131,42.692241],[-73.107013,42.692092],[-73.106801,42.691812],[-73.106768,42.691768],[-73.106701,42.691679],[-73.10665,42.691613],[-73.106064,42.69084],[-73.106058,42.690832],[-73.106057,42.69083],[-73.106022,42.690784],[-73.105976,42.690724],[-73.1058,42.690491],[-73.105553,42.690166],[-73.105497,42.690091],[-73.105126,42.689609],[-73.105125,42.689608],[-73.105121,42.689602],[-73.10512,42.689601],[-73.105102,42.689578],[-73.10508,42.689548],[-73.105037,42.689487],[-73.104994,42.689424],[-73.10495,42.689357],[-73.104899,42.689279],[-73.104804,42.689131],[-73.104646,42.688889],[-73.104615,42.688837],[-73.104594,42.688801],[-73.104579,42.688773],[-73.104568,42.688747],[-73.104556,42.688716],[-73.104547,42.688687],[-73.104544,42.688674],[-73.10454,42.68866],[-73.104535,42.688625],[-73.104532,42.688593],[-73.10453,42.688563],[-73.104527,42.688527],[-73.104521,42.688495],[-73.104513,42.688465],[-73.104512,42.688463],[-73.104499,42.688431],[-73.104477,42.688385],[-73.104454,42.688344],[-73.104281,42.688064],[-73.104225,42.687969],[-73.104176,42.687881],[-73.104063,42.68766],[-73.103947,42.687429],[-73.103838,42.687201],[-73.103374,42.686198],[-73.1033,42.686047],[-73.103217,42.685903],[-73.103114,42.685764],[-73.103001,42.685637],[-73.102871,42.685509],[-73.102738,42.685391],[-73.102258,42.684973],[-73.102077,42.684811],[-73.101902,42.684647],[-73.101741,42.684486],[-73.101573,42.684311],[-73.100447,42.683142],[-73.099992,42.68268],[-73.099813,42.682503],[-73.09967,42.682372],[-73.099538,42.682263],[-73.099416,42.682174],[-73.099269,42.68208],[-73.099034,42.681926],[-73.098919,42.68185],[-73.098812,42.681768],[-73.098714,42.681677],[-73.098634,42.68159],[-73.098563,42.681497],[-73.098508,42.681397],[-73.098461,42.681297],[-73.098406,42.681167],[-73.098176,42.680577],[-73.098091,42.680372],[-73.097993,42.680152],[-73.097816,42.679771],[-73.097735,42.67959],[-73.097657,42.679395],[-73.097591,42.679206],[-73.097523,42.679],[-73.097464,42.678806],[-73.097412,42.678616],[-73.097369,42.678431],[-73.097347,42.678313],[-73.097326,42.678182],[-73.097314,42.678051],[-73.09731,42.677919],[-73.097316,42.677788],[-73.097327,42.677655],[-73.097352,42.677442],[-73.097395,42.677064],[-73.097444,42.676643],[-73.097469,42.67648],[-73.097483,42.676405],[-73.097512,42.676278],[-73.097547,42.676141],[-73.097654,42.675755],[-73.097711,42.675543],[-73.097763,42.67532],[-73.097853,42.67488],[-73.098099,42.673679],[-73.098152,42.673409],[-73.098237,42.672979],[-73.098356,42.6724],[-73.098506,42.671605],[-73.098527,42.671488],[-73.098565,42.671251],[-73.098599,42.671022],[-73.098729,42.670033],[-73.098744,42.669875],[-73.098755,42.669722],[-73.098758,42.669566],[-73.09875,42.669414],[-73.098719,42.669032],[-73.098628,42.668098],[-73.098612,42.667932],[-73.098596,42.667779],[-73.098573,42.667633],[-73.098545,42.667509],[-73.09851,42.667369],[-73.098465,42.667211],[-73.098162,42.666193],[-73.098145,42.666106],[-73.098137,42.666015],[-73.098141,42.665928],[-73.098154,42.665839],[-73.098181,42.665749],[-73.098218,42.665668],[-73.098274,42.665581],[-73.098352,42.665494],[-73.098429,42.665426],[-73.098517,42.665358],[-73.098633,42.665289],[-73.098736,42.66524],[-73.098869,42.66519],[-73.099026,42.665149],[-73.099174,42.66513],[-73.099316,42.665122],[-73.099483,42.665123],[-73.099911,42.665144],[-73.100955,42.665196],[-73.101253,42.665208],[-73.101535,42.665217],[-73.101874,42.665222],[-73.102186,42.665222],[-73.102493,42.665214],[-73.103763,42.665176],[-73.104103,42.665165],[-73.10432,42.665159],[-73.104611,42.665151],[-73.105433,42.665131],[-73.105699,42.66513],[-73.105942,42.665134],[-73.106202,42.665143],[-73.10666,42.665153],[-73.107122,42.6652],[-73.107253,42.665211],[-73.107392,42.665217],[-73.107645,42.665228],[-73.107785,42.665235],[-73.10794,42.665242],[-73.108003,42.664342],[-73.108053,42.663604],[-73.10806,42.663497],[-73.108068,42.663394],[-73.108077,42.663289],[-73.108088,42.663187],[-73.108098,42.663119],[-73.108102,42.66309],[-73.108119,42.662982],[-73.108141,42.662869],[-73.108164,42.66276],[-73.10819,42.662659],[-73.108219,42.662548],[-73.108303,42.662231],[-73.108873,42.660019],[-73.109058,42.659305],[-73.109096,42.659156],[-73.10938,42.65795],[-73.109477,42.657528],[-73.109536,42.657275],[-73.109594,42.657014],[-73.109612,42.656895],[-73.109639,42.656573],[-73.10973,42.65621],[-73.110212,42.654218],[-73.110531,42.652902],[-73.111064,42.650719],[-73.111219,42.650082],[-73.111288,42.649796],[-73.111511,42.648881],[-73.111755,42.647879],[-73.111829,42.647569],[-73.111893,42.647289],[-73.111941,42.647058],[-73.111984,42.6468],[-73.112008,42.646564],[-73.112023,42.646336],[-73.11204,42.646013],[-73.112056,42.645549],[-73.112117,42.644446],[-73.11218,42.643233],[-73.11219,42.643034],[-73.11219,42.643031],[-73.112192,42.642991],[-73.112197,42.642883],[-73.11222,42.64253],[-73.112234,42.642316],[-73.112234,42.64231],[-73.112266,42.641819],[-73.112275,42.641679],[-73.11229,42.641373],[-73.112296,42.641091],[-73.112293,42.640807],[-73.112266,42.63991],[-73.112266,42.639756],[-73.112272,42.639598],[-73.112287,42.639432],[-73.112315,42.639279],[-73.11235,42.639124],[-73.112404,42.638904],[-73.112467,42.638678],[-73.112631,42.638132],[-73.112773,42.637701],[-73.112866,42.637414],[-73.112903,42.637342],[-73.112947,42.637277],[-73.113007,42.637212],[-73.113078,42.637155],[-73.113096,42.637145],[-73.113111,42.637134],[-73.113127,42.63712],[-73.11314,42.637104],[-73.11315,42.637087],[-73.113157,42.637067],[-73.11316,42.637049],[-73.11316,42.637029],[-73.113156,42.63701],[-73.113147,42.636988],[-73.113134,42.636971],[-73.113126,42.636961],[-73.113106,42.636918],[-73.113084,42.636863],[-73.113069,42.636806],[-73.113065,42.63675],[-73.113203,42.636281],[-73.113204,42.636278],[-73.113204,42.636277],[-73.113675,42.634672],[-73.113675,42.634671],[-73.113784,42.634298],[-73.113784,42.634297],[-73.113803,42.634234],[-73.113803,42.634233],[-73.113821,42.63417],[-73.113887,42.633937],[-73.113888,42.633935],[-73.114065,42.633319],[-73.114065,42.633318],[-73.11426,42.632638],[-73.114261,42.632636],[-73.114301,42.632498],[-73.11431,42.632462],[-73.114311,42.63246],[-73.114485,42.631825],[-73.114486,42.631822],[-73.114543,42.631612],[-73.114544,42.631608],[-73.114683,42.631098],[-73.114684,42.631096],[-73.1147,42.631039],[-73.114702,42.631035],[-73.114733,42.630923],[-73.114772,42.63079],[-73.114816,42.630665],[-73.114873,42.63054],[-73.114943,42.630404],[-73.115407,42.629609],[-73.115408,42.629608],[-73.115788,42.628957],[-73.11579,42.628954],[-73.115803,42.628932],[-73.115811,42.628918],[-73.115814,42.628914],[-73.115992,42.628616],[-73.116007,42.628593],[-73.116008,42.628592],[-73.116081,42.628482],[-73.116183,42.628348],[-73.116239,42.628283],[-73.116242,42.62828],[-73.11629,42.628225],[-73.116478,42.628029],[-73.116798,42.6277],[-73.116801,42.627697],[-73.116969,42.627524],[-73.116975,42.627518],[-73.117085,42.627405],[-73.117093,42.627397],[-73.117228,42.627258],[-73.117236,42.62725],[-73.1173,42.627184],[-73.11737,42.627112],[-73.117439,42.627038],[-73.117504,42.626965],[-73.117561,42.626899],[-73.117646,42.626794],[-73.117735,42.626676],[-73.117967,42.626371],[-73.117968,42.62637],[-73.117969,42.626368],[-73.117975,42.626361],[-73.117976,42.626359],[-73.118515,42.625651],[-73.118522,42.625643],[-73.118551,42.625606],[-73.118553,42.625603],[-73.118668,42.625459],[-73.118797,42.625311],[-73.118936,42.625163],[-73.119015,42.625078],[-73.119087,42.625],[-73.119205,42.624873],[-73.119233,42.624842],[-73.119659,42.624381],[-73.119725,42.624303],[-73.119746,42.624274],[-73.119748,42.624272],[-73.119784,42.624224],[-73.119805,42.624186],[-73.119805,42.624185],[-73.119829,42.624141],[-73.119862,42.624052],[-73.119887,42.62396],[-73.11991,42.623849],[-73.119925,42.623775],[-73.119936,42.62372],[-73.119936,42.623718],[-73.120109,42.622826],[-73.12011,42.622823],[-73.120115,42.622799],[-73.120115,42.622797],[-73.120116,42.622794],[-73.120124,42.622752],[-73.120285,42.621908],[-73.120291,42.621874],[-73.120293,42.621868],[-73.120307,42.621796],[-73.120307,42.621792],[-73.120476,42.620917],[-73.120484,42.620853],[-73.120485,42.620785],[-73.12048,42.62073],[-73.120465,42.620678],[-73.12044,42.620618],[-73.12041,42.620566],[-73.120306,42.620329],[-73.120292,42.620293],[-73.120282,42.620259],[-73.120272,42.620221],[-73.120268,42.620185],[-73.120269,42.620145],[-73.120274,42.620107],[-73.120285,42.620064],[-73.1203,42.620019],[-73.120316,42.619979],[-73.120336,42.619938],[-73.12036,42.619894],[-73.120389,42.619842],[-73.120439,42.619763],[-73.120893,42.619082],[-73.121782,42.617718],[-73.122491,42.616624],[-73.122518,42.616582],[-73.122623,42.616419],[-73.122898,42.615991],[-73.1229,42.615989],[-73.122902,42.615986],[-73.122903,42.615984],[-73.123128,42.615634],[-73.123157,42.615589],[-73.123158,42.615588],[-73.123159,42.615586],[-73.123225,42.615485],[-73.123228,42.615481],[-73.123331,42.615324],[-73.123397,42.615224],[-73.123399,42.615221],[-73.123462,42.615126],[-73.123558,42.61498],[-73.123629,42.614873],[-73.123645,42.614848],[-73.123766,42.614663],[-73.123881,42.61447],[-73.12398,42.614292],[-73.123982,42.614288],[-73.124018,42.614223],[-73.124117,42.614046],[-73.124221,42.613859],[-73.124224,42.613854],[-73.124225,42.613852],[-73.124225,42.613851],[-73.124227,42.613848],[-73.124229,42.613844],[-73.12423,42.613843],[-73.124463,42.613428],[-73.124464,42.613426],[-73.125135,42.612224],[-73.12535,42.611842],[-73.125766,42.611077],[-73.125829,42.610971],[-73.125905,42.610873],[-73.125996,42.610778],[-73.126079,42.610705],[-73.126168,42.610638],[-73.126274,42.610574],[-73.126392,42.610516],[-73.126566,42.610451],[-73.126674,42.610412],[-73.126679,42.61041],[-73.127115,42.61025],[-73.127285,42.610184],[-73.127288,42.610183],[-73.12729,42.610182],[-73.127294,42.610181],[-73.127965,42.609922],[-73.128079,42.609878],[-73.128291,42.609796],[-73.128725,42.609627],[-73.128962,42.609528],[-73.129174,42.609432],[-73.129387,42.60933],[-73.130977,42.608504],[-73.131183,42.608397],[-73.131552,42.608206],[-73.131747,42.6081],[-73.131946,42.607984],[-73.132109,42.607876],[-73.132257,42.607766],[-73.132394,42.607651],[-73.132516,42.607536],[-73.132628,42.607409],[-73.132736,42.607271],[-73.133179,42.606684],[-73.133322,42.606507],[-73.133462,42.606344],[-73.133612,42.606177],[-73.133759,42.606017],[-73.133907,42.605862],[-73.134078,42.605688],[-73.134261,42.605506],[-73.134416,42.605358],[-73.135557,42.604304],[-73.136447,42.603487],[-73.136812,42.603142],[-73.137121,42.602849],[-73.13735,42.602622],[-73.13748,42.602487],[-73.137602,42.602345],[-73.137713,42.602191],[-73.137819,42.602021],[-73.1379,42.601875],[-73.137992,42.601697],[-73.139658,42.598266],[-73.139808,42.597968],[-73.139976,42.597643],[-73.140255,42.597145],[-73.140328,42.597009],[-73.140779,42.596161],[-73.140859,42.596015],[-73.140942,42.595877],[-73.141033,42.595747],[-73.141135,42.595625],[-73.141247,42.595508],[-73.141374,42.595388],[-73.141497,42.595283],[-73.141623,42.595181],[-73.141775,42.595065],[-73.141941,42.594945],[-73.143835,42.59362],[-73.144959,42.592822],[-73.145111,42.592709],[-73.145256,42.592589],[-73.145408,42.592448],[-73.145544,42.592316],[-73.145678,42.592172],[-73.145784,42.592047],[-73.145878,42.591923],[-73.145978,42.591773],[-73.146067,42.591625],[-73.146153,42.591476],[-73.146226,42.591328],[-73.146293,42.591174],[-73.146353,42.591015],[-73.146402,42.590851],[-73.146439,42.590696],[-73.146464,42.590532],[-73.146479,42.590368],[-73.146492,42.590198],[-73.14651,42.589913],[-73.146533,42.589429],[-73.146574,42.588541],[-73.146602,42.587951],[-73.146607,42.587845],[-73.146654,42.586994],[-73.146688,42.586198],[-73.146712,42.585658],[-73.146726,42.585454],[-73.14675,42.585248],[-73.146792,42.585008],[-73.146838,42.584796],[-73.146924,42.584469],[-73.146958,42.584347],[-73.147081,42.583917],[-73.147095,42.583867],[-73.147126,42.583753],[-73.147249,42.5833],[-73.147569,42.582148],[-73.147643,42.58188],[-73.147822,42.581249],[-73.147879,42.58107],[-73.147938,42.580901],[-73.148003,42.58074],[-73.148073,42.580585],[-73.148154,42.580427],[-73.148239,42.58029],[-73.148333,42.58015],[-73.148444,42.580007],[-73.14857,42.579855],[-73.148708,42.57969],[-73.148841,42.57954],[-73.14897,42.579402],[-73.149102,42.57927],[-73.14926,42.579122],[-73.149424,42.578975],[-73.149586,42.578843],[-73.149767,42.578702],[-73.150626,42.578051],[-73.150772,42.577936],[-73.150905,42.577824],[-73.151036,42.577708],[-73.151165,42.577586],[-73.151291,42.577459],[-73.151426,42.577315],[-73.151548,42.577171],[-73.151675,42.577014],[-73.15205,42.576542],[-73.152165,42.576382],[-73.152293,42.576203],[-73.15241,42.576019],[-73.152515,42.575835],[-73.152613,42.575643],[-73.152708,42.575435],[-73.152826,42.575166],[-73.153537,42.573577],[-73.154444,42.571547],[-73.154834,42.57066],[-73.155009,42.570285],[-73.155079,42.570143],[-73.155154,42.570008],[-73.15524,42.569884],[-73.155336,42.569756],[-73.155445,42.569637],[-73.15556,42.569524],[-73.155686,42.569421],[-73.155824,42.569321],[-73.155962,42.569231],[-73.156107,42.569143],[-73.156282,42.569045],[-73.156783,42.568768],[-73.157257,42.568507],[-73.15753,42.568358],[-73.157751,42.568246],[-73.157998,42.568145],[-73.158267,42.568049],[-73.158547,42.567956],[-73.159277,42.567719],[-73.15935,42.567696],[-73.159352,42.567695],[-73.159356,42.567694],[-73.159361,42.567692],[-73.159817,42.567546],[-73.160079,42.567466],[-73.160579,42.567316],[-73.160804,42.567248],[-73.16098,42.567189],[-73.161031,42.567172],[-73.161092,42.567149],[-73.161143,42.567129],[-73.161145,42.567128],[-73.161242,42.56709],[-73.161444,42.567001],[-73.161641,42.566909],[-73.161838,42.566811],[-73.162015,42.566715],[-73.162187,42.566611],[-73.162338,42.566513],[-73.162485,42.56641],[-73.162621,42.566308],[-73.16276,42.566195],[-73.162899,42.566076],[-73.163029,42.565958],[-73.163155,42.565839],[-73.163267,42.565724],[-73.163373,42.565605],[-73.16347,42.565481],[-73.163557,42.565357],[-73.164188,42.5644],[-73.164248,42.564305],[-73.164592,42.563753],[-73.164594,42.56375],[-73.16463,42.563692],[-73.164772,42.563461],[-73.16491,42.56323],[-73.165148,42.562817],[-73.165264,42.562623],[-73.165393,42.562413],[-73.165542,42.562184],[-73.165543,42.562182],[-73.165598,42.562097],[-73.165655,42.562011],[-73.165656,42.562009],[-73.165688,42.56196],[-73.165705,42.561934],[-73.166191,42.561193],[-73.166557,42.560632],[-73.166628,42.560523],[-73.16663,42.560519],[-73.166702,42.560408],[-73.166738,42.560353],[-73.166803,42.560255],[-73.167073,42.559848],[-73.167198,42.559661],[-73.167273,42.559535],[-73.167338,42.559398],[-73.167387,42.559269],[-73.16742,42.559144],[-73.167443,42.559006],[-73.167454,42.558862],[-73.167451,42.558749],[-73.16745,42.558724],[-73.167436,42.558588],[-73.167433,42.558578],[-73.167433,42.558577],[-73.167398,42.558431],[-73.167346,42.558281],[-73.167282,42.558128],[-73.166905,42.557315],[-73.166904,42.557314],[-73.166752,42.556986],[-73.166665,42.556798],[-73.166566,42.556604],[-73.166264,42.556024],[-73.165768,42.555071],[-73.165631,42.554807],[-73.165469,42.554496],[-73.165428,42.554422],[-73.165368,42.55429],[-73.165326,42.554188],[-73.16529,42.554081],[-73.165265,42.553969],[-73.165245,42.553865],[-73.165244,42.553854],[-73.165231,42.553718],[-73.165218,42.553559],[-73.165207,42.553406],[-73.165193,42.55297],[-73.165164,42.552163],[-73.165104,42.550632],[-73.165072,42.549778],[-73.165064,42.549594],[-73.165072,42.549452],[-73.165087,42.549307],[-73.165113,42.549167],[-73.165146,42.549032],[-73.165201,42.548869],[-73.165261,42.548723],[-73.165332,42.548587],[-73.165419,42.548442],[-73.165515,42.548304],[-73.165627,42.548159],[-73.165751,42.54802],[-73.165879,42.547894],[-73.166013,42.547777],[-73.16617,42.547653],[-73.16634,42.547534],[-73.166544,42.547413],[-73.166763,42.547302],[-73.166982,42.547206],[-73.167196,42.547124],[-73.167404,42.547048],[-73.16786,42.546893],[-73.168055,42.546818],[-73.168235,42.546739],[-73.168395,42.546652],[-73.168568,42.546549],[-73.168736,42.546432],[-73.168872,42.546319],[-73.169009,42.54619],[-73.169139,42.546043],[-73.16927,42.54589],[-73.16977,42.545288],[-73.170395,42.54455],[-73.170537,42.544388],[-73.17069,42.544214],[-73.170848,42.544041],[-73.172298,42.542506],[-73.173258,42.54147],[-73.173396,42.541326],[-73.173527,42.541194],[-73.17367,42.541063],[-73.173832,42.540929],[-73.173984,42.540819],[-73.174137,42.54072],[-73.174316,42.540619],[-73.17453,42.540515],[-73.174745,42.540422],[-73.174974,42.540333],[-73.17572,42.540037],[-73.178605,42.538898],[-73.178755,42.538839],[-73.180108,42.538307],[-73.180384,42.538193],[-73.180642,42.538073],[-73.180894,42.53794],[-73.181132,42.537796],[-73.181351,42.53764],[-73.181551,42.537484],[-73.183358,42.535965],[-73.185821,42.5339],[-73.186154,42.533619],[-73.186581,42.533259],[-73.18682,42.533048],[-73.187044,42.532836],[-73.187273,42.532615],[-73.187489,42.532392],[-73.187719,42.532144],[-73.188661,42.531096],[-73.190198,42.529375],[-73.190353,42.529196],[-73.190475,42.529037],[-73.190607,42.528844],[-73.190729,42.528645],[-73.190839,42.528446],[-73.190938,42.528236],[-73.191024,42.528028],[-73.191091,42.527824],[-73.191145,42.527619],[-73.191764,42.524969],[-73.192162,42.523224],[-73.192231,42.522878],[-73.192277,42.522549],[-73.192307,42.522219],[-73.192326,42.52188],[-73.192339,42.521515],[-73.192514,42.517229],[-73.192531,42.516442],[-73.192557,42.51555],[-73.192581,42.512862],[-73.192584,42.512631],[-73.192597,42.511546],[-73.192603,42.511313],[-73.192614,42.511083],[-73.192632,42.510861],[-73.192663,42.510614],[-73.192705,42.510364],[-73.192766,42.510094],[-73.192834,42.509845],[-73.192912,42.509575],[-73.193002,42.509315],[-73.193096,42.509067],[-73.193201,42.508822],[-73.193329,42.508564],[-73.193472,42.508299],[-73.19363,42.508031],[-73.194033,42.507428],[-73.194173,42.507201],[-73.194303,42.506974],[-73.194415,42.506748],[-73.194513,42.506514],[-73.194592,42.506286],[-73.194667,42.506039],[-73.195185,42.504257],[-73.196206,42.500674],[-73.196275,42.50044],[-73.196353,42.500199],[-73.196429,42.499979],[-73.196491,42.499814],[-73.196561,42.499654],[-73.196645,42.499487],[-73.196748,42.499291],[-73.196863,42.499093],[-73.196987,42.498898],[-73.197115,42.49871],[-73.197245,42.498535],[-73.197379,42.498366],[-73.19752,42.498197],[-73.19768,42.498017],[-73.197847,42.497845],[-73.198016,42.497685],[-73.198204,42.497516],[-73.1984,42.497347],[-73.198601,42.497188],[-73.199198,42.496735],[-73.199371,42.496601],[-73.199548,42.496461],[-73.199705,42.49633],[-73.199868,42.496183],[-73.200021,42.496031],[-73.20016,42.495879],[-73.200291,42.495726],[-73.200415,42.495573],[-73.200538,42.495408],[-73.200712,42.495164],[-73.201343,42.49428],[-73.201718,42.493748],[-73.201722,42.493742],[-73.201768,42.493677],[-73.201826,42.493596],[-73.202335,42.492877],[-73.202691,42.492393],[-73.20294,42.492049],[-73.203081,42.491847],[-73.20318,42.491704],[-73.203275,42.491546],[-73.203357,42.491379],[-73.203421,42.491218],[-73.203472,42.491046],[-73.203505,42.490877],[-73.203527,42.490706],[-73.203538,42.490521],[-73.203532,42.490323],[-73.203507,42.490144],[-73.203455,42.489947],[-73.2034,42.489788],[-73.203339,42.489631],[-73.203268,42.489488],[-73.203191,42.489351],[-73.202821,42.488758],[-73.202707,42.488577],[-73.202611,42.488422],[-73.202375,42.48803],[-73.20226,42.487836],[-73.202163,42.487652],[-73.2021,42.487505],[-73.202046,42.487343],[-73.202011,42.487195],[-73.201986,42.487045],[-73.20197,42.486914],[-73.201966,42.486763],[-73.201974,42.486592],[-73.202007,42.48631],[-73.202108,42.485532],[-73.202267,42.484398],[-73.202383,42.483523],[-73.202409,42.48336],[-73.202446,42.483195],[-73.202498,42.483018],[-73.202564,42.482856],[-73.202641,42.482703],[-73.202725,42.482558],[-73.202822,42.482409],[-73.20292,42.482281],[-73.203023,42.482159],[-73.203133,42.482041],[-73.203267,42.481918],[-73.203403,42.481803],[-73.204087,42.481235],[-73.20422,42.481121],[-73.204346,42.481007],[-73.204466,42.480885],[-73.204576,42.480759],[-73.204683,42.480619],[-73.204774,42.480477],[-73.204859,42.480325],[-73.204926,42.480177],[-73.204984,42.480021],[-73.205032,42.479858],[-73.20506,42.479698],[-73.205077,42.479525],[-73.205079,42.479343],[-73.205075,42.47911],[-73.205065,42.478799],[-73.20502,42.477732],[-73.205011,42.477534],[-73.204996,42.477331],[-73.204973,42.477138],[-73.204861,42.476431],[-73.204653,42.475215],[-73.20451,42.474375],[-73.204332,42.473336],[-73.204325,42.473295],[-73.204156,42.472303],[-73.204092,42.471929],[-73.203978,42.471263],[-73.203968,42.470969],[-73.203957,42.470802],[-73.203929,42.470534],[-73.203906,42.470337],[-73.203906,42.470334],[-73.203882,42.470126],[-73.203871,42.470036],[-73.203775,42.469451],[-73.203762,42.469332],[-73.20376,42.469306],[-73.20376,42.469305],[-73.203757,42.469276],[-73.203752,42.469212],[-73.203743,42.469082],[-73.20374,42.469045],[-73.203739,42.469033],[-73.203734,42.468947],[-73.203715,42.468808],[-73.203697,42.46868],[-73.203645,42.468358],[-73.203592,42.468023],[-73.203589,42.467971],[-73.203597,42.46791],[-73.203617,42.467845],[-73.203656,42.467775],[-73.203766,42.467621],[-73.204459,42.466661],[-73.204522,42.466569],[-73.204578,42.466487],[-73.204651,42.46638],[-73.204957,42.46592],[-73.205008,42.465854],[-73.205073,42.465776],[-73.205146,42.465685],[-73.205209,42.4656],[-73.205343,42.465406],[-73.205375,42.465341],[-73.205393,42.465276],[-73.2054,42.465206],[-73.205414,42.465185],[-73.205513,42.465037],[-73.205583,42.464932],[-73.205632,42.464859],[-73.205652,42.464829],[-73.205758,42.464668],[-73.205844,42.464524],[-73.205933,42.464364],[-73.205961,42.46431],[-73.206022,42.464192],[-73.206114,42.464014],[-73.206208,42.463824],[-73.206344,42.463542],[-73.206431,42.463365],[-73.206521,42.463194],[-73.206617,42.463025],[-73.206721,42.462852],[-73.206818,42.462693],[-73.206915,42.462545],[-73.207017,42.462395],[-73.207129,42.462239],[-73.207248,42.462082],[-73.207369,42.461932],[-73.207523,42.461752],[-73.207621,42.461636],[-73.208351,42.460804],[-73.2087,42.460406],[-73.209111,42.459937],[-73.209235,42.4598],[-73.209357,42.459668],[-73.209485,42.459534],[-73.209627,42.459398],[-73.209775,42.45926],[-73.209796,42.459241],[-73.209929,42.459121],[-73.209991,42.459068],[-73.210109,42.458964],[-73.210812,42.458367],[-73.211262,42.457983],[-73.21152,42.457764],[-73.212289,42.457119],[-73.212437,42.457],[-73.21267,42.45682],[-73.212811,42.45671],[-73.213069,42.456493],[-73.213266,42.45633],[-73.213471,42.456166],[-73.213758,42.456022],[-73.214179,42.455697],[-73.214402,42.45553],[-73.214627,42.455404],[-73.214754,42.455348],[-73.214884,42.455302],[-73.21502,42.455264],[-73.215164,42.455235],[-73.215305,42.455213],[-73.215569,42.45518],[-73.216795,42.455031],[-73.217569,42.454936],[-73.219136,42.454743],[-73.221474,42.454479],[-73.221679,42.454454],[-73.222573,42.454346],[-73.223079,42.45427],[-73.223483,42.454175],[-73.22396,42.454101],[-73.225782,42.453879],[-73.225992,42.453852],[-73.226156,42.453826],[-73.22631,42.453795],[-73.226454,42.453758],[-73.226584,42.45372],[-73.226712,42.453675],[-73.226836,42.453626],[-73.226956,42.453573],[-73.227191,42.453463],[-73.22735,42.453396],[-73.227499,42.453342],[-73.227657,42.453294],[-73.227845,42.453251],[-73.22807,42.453218],[-73.228284,42.453197],[-73.228678,42.453168],[-73.228908,42.453143],[-73.229075,42.453123],[-73.229212,42.453102],[-73.229324,42.453082],[-73.229523,42.452985],[-73.229998,42.452854],[-73.230474,42.452712],[-73.230922,42.452578],[-73.231665,42.452365],[-73.232197,42.452213],[-73.233215,42.451901],[-73.233849,42.451698],[-73.23425,42.45156],[-73.235907,42.450986],[-73.236128,42.450904],[-73.236371,42.450803],[-73.236681,42.450662],[-73.237061,42.45049],[-73.237357,42.450354],[-73.239305,42.449466],[-73.239941,42.44918],[-73.240055,42.449128],[-73.240057,42.449127],[-73.240662,42.44885],[-73.241071,42.448665],[-73.24133,42.448547],[-73.241487,42.448477],[-73.242114,42.448165],[-73.242628,42.447931],[-73.243038,42.447755],[-73.243168,42.4477],[-73.243193,42.447689],[-73.243349,42.447622],[-73.243481,42.447565],[-73.244158,42.447325],[-73.244313,42.447259],[-73.24455,42.447157],[-73.244682,42.447114],[-73.244763,42.447093],[-73.244848,42.447077],[-73.244958,42.447061],[-73.245031,42.447062],[-73.245123,42.447071],[-73.245214,42.447084],[-73.245346,42.447116],[-73.245486,42.447148],[-73.245831,42.447218],[-73.246,42.447252],[-73.246218,42.447296],[-73.246738,42.447396],[-73.246846,42.447417],[-73.247273,42.447493],[-73.247821,42.447589],[-73.248102,42.447639],[-73.248265,42.447668],[-73.248392,42.447691],[-73.24886,42.44776],[-73.249312,42.447825],[-73.249684,42.447881],[-73.250014,42.44793],[-73.250558,42.448013],[-73.251015,42.448079],[-73.251186,42.448103],[-73.251321,42.448121],[-73.251916,42.448201],[-73.25217,42.448243],[-73.252327,42.448275],[-73.252472,42.448309],[-73.252578,42.448341],[-73.25267,42.448373],[-73.25278,42.448413],[-73.252995,42.448484],[-73.253048,42.448497],[-73.253196,42.448531],[-73.253324,42.448546],[-73.253451,42.448553],[-73.253585,42.448555],[-73.25371,42.448548],[-73.253721,42.448547],[-73.253865,42.448533],[-73.253929,42.44853],[-73.253985,42.448532],[-73.254047,42.448536],[-73.25411,42.448544],[-73.254122,42.448546],[-73.254588,42.448615],[-73.255003,42.448684],[-73.255127,42.448705],[-73.255335,42.448741],[-73.255463,42.448757],[-73.255676,42.448773],[-73.255762,42.448777],[-73.25585,42.448777],[-73.255962,42.448772],[-73.256065,42.448763],[-73.256171,42.448749],[-73.256257,42.448734],[-73.256344,42.448714],[-73.256424,42.448695],[-73.256504,42.448671],[-73.256945,42.448529],[-73.257085,42.448483],[-73.257516,42.448344],[-73.257698,42.448286],[-73.257724,42.448428],[-73.257745,42.448545],[-73.257778,42.448726],[-73.257809,42.448896],[-73.25781,42.448904],[-73.257843,42.44905],[-73.257856,42.449169],[-73.257865,42.449338],[-73.257854,42.44942],[-73.257837,42.449515],[-73.257767,42.449706],[-73.257702,42.449897],[-73.257624,42.450108],[-73.257591,42.450197],[-73.257539,42.450287],[-73.257491,42.450353],[-73.257401,42.450453],[-73.257319,42.450526],[-73.257213,42.450603],[-73.257091,42.450674],[-73.256956,42.45074],[-73.256802,42.450792],[-73.256677,42.450821],[-73.256564,42.450846],[-73.25646,42.450864],[-73.256358,42.450882],[-73.256134,42.450925],[-73.255995,42.450955],[-73.255884,42.450989],[-73.2558,42.451021],[-73.255479,42.451159],[-73.255246,42.451343],[-73.255054,42.451552],[-73.255029,42.451596],[-73.254928,42.451775],[-73.254777,42.451755],[-73.254589,42.451729],[-73.254612,42.451669],[-73.254643,42.451628],[-73.254685,42.451599],[-73.254904,42.451514],[-73.254944,42.451489],[-73.254977,42.451453],[-73.254999,42.451417],[-73.255006,42.451372],[-73.255,42.451332],[-73.254977,42.451292],[-73.254937,42.451254],[-73.254882,42.451234],[-73.254827,42.451227],[-73.254765,42.451237],[-73.254714,42.45126],[-73.254674,42.451284]]}},{"type":"Feature","properties":{"agency":"Link413","shape_id":"p_1441532"},"geometry":{"type":"LineString","coordinates":[[-73.111831,42.698982],[-73.11168,42.698956],[-73.111427,42.698912],[-73.1111,42.698855],[-73.110506,42.698751],[-73.110436,42.698739],[-73.110374,42.698731],[-73.110315,42.698726],[-73.110257,42.698725],[-73.110292,42.698677],[-73.110323,42.698629],[-73.110333,42.698606],[-73.110391,42.698472],[-73.110406,42.698432],[-73.11041,42.698422],[-73.110426,42.698368],[-73.110436,42.698315],[-73.110437,42.698261],[-73.110433,42.698207],[-73.110428,42.698155],[-73.110412,42.698039],[-73.110413,42.698013],[-73.110416,42.697981],[-73.11042,42.697946],[-73.110419,42.697918],[-73.110388,42.697694],[-73.110299,42.697153],[-73.11029,42.697098],[-73.110281,42.697047],[-73.11015,42.696306],[-73.110133,42.69621],[-73.110102,42.696097],[-73.10998,42.695706],[-73.109926,42.695524],[-73.109916,42.695486],[-73.10987,42.695312],[-73.10984,42.695221],[-73.109799,42.695124],[-73.109741,42.695034],[-73.109663,42.69494],[-73.109554,42.694826],[-73.109273,42.694532],[-73.109213,42.694461],[-73.10915,42.694369],[-73.109116,42.694326],[-73.109098,42.694304],[-73.108595,42.69378],[-73.108178,42.693345],[-73.107474,42.692617],[-73.107418,42.692558],[-73.107366,42.692503],[-73.107247,42.692375],[-73.107131,42.692241],[-73.107013,42.692092],[-73.106801,42.691812],[-73.106768,42.691768],[-73.106701,42.691679],[-73.10665,42.691613],[-73.106064,42.69084],[-73.106058,42.690832],[-73.106057,42.69083],[-73.106022,42.690784],[-73.105976,42.690724],[-73.1058,42.690491],[-73.105553,42.690166],[-73.105497,42.690091],[-73.105126,42.689609],[-73.105125,42.689608],[-73.105121,42.689602],[-73.10512,42.689601],[-73.105102,42.689578],[-73.10508,42.689548],[-73.105037,42.689487],[-73.104994,42.689424],[-73.10495,42.689357],[-73.104899,42.689279],[-73.104804,42.689131],[-73.104646,42.688889],[-73.104615,42.688837],[-73.104594,42.688801],[-73.104579,42.688773],[-73.104568,42.688747],[-73.104556,42.688716],[-73.104547,42.688687],[-73.104544,42.688674],[-73.10454,42.68866],[-73.104535,42.688625],[-73.104532,42.688593],[-73.10453,42.688563],[-73.104527,42.688527],[-73.104521,42.688495],[-73.104513,42.688465],[-73.104512,42.688463],[-73.104499,42.688431],[-73.104477,42.688385],[-73.104454,42.688344],[-73.104281,42.688064],[-73.104225,42.687969],[-73.104176,42.687881],[-73.104063,42.68766],[-73.103947,42.687429],[-73.103838,42.687201],[-73.103374,42.686198],[-73.1033,42.686047],[-73.103217,42.685903],[-73.103114,42.685764],[-73.103001,42.685637],[-73.102871,42.685509],[-73.102738,42.685391],[-73.102258,42.684973],[-73.102077,42.684811],[-73.101902,42.684647],[-73.101741,42.684486],[-73.101573,42.684311],[-73.100447,42.683142],[-73.099992,42.68268],[-73.099813,42.682503],[-73.09967,42.682372],[-73.099538,42.682263],[-73.099416,42.682174],[-73.099269,42.68208],[-73.099034,42.681926],[-73.098919,42.68185],[-73.098812,42.681768],[-73.098714,42.681677],[-73.098634,42.68159],[-73.098563,42.681497],[-73.098508,42.681397],[-73.098461,42.681297],[-73.098406,42.681167],[-73.098176,42.680577],[-73.098091,42.680372],[-73.097993,42.680152],[-73.097816,42.679771],[-73.097735,42.67959],[-73.097657,42.679395],[-73.097591,42.679206],[-73.097523,42.679],[-73.097464,42.678806],[-73.097412,42.678616],[-73.097369,42.678431],[-73.097347,42.678313],[-73.097326,42.678182],[-73.097314,42.678051],[-73.09731,42.677919],[-73.097316,42.677788],[-73.097327,42.677655],[-73.097352,42.677442],[-73.097395,42.677064],[-73.097444,42.676643],[-73.097469,42.67648],[-73.097483,42.676405],[-73.097512,42.676278],[-73.097547,42.676141],[-73.097654,42.675755],[-73.097711,42.675543],[-73.097763,42.67532],[-73.097853,42.67488],[-73.098099,42.673679],[-73.098152,42.673409],[-73.098237,42.672979],[-73.098356,42.6724],[-73.098506,42.671605],[-73.098527,42.671488],[-73.098565,42.671251],[-73.098599,42.671022],[-73.098729,42.670033],[-73.098744,42.669875],[-73.098755,42.669722],[-73.098758,42.669566],[-73.09875,42.669414],[-73.098719,42.669032],[-73.098628,42.668098],[-73.098612,42.667932],[-73.098596,42.667779],[-73.098573,42.667633],[-73.098545,42.667509],[-73.09851,42.667369],[-73.098465,42.667211],[-73.098162,42.666193],[-73.098145,42.666106],[-73.098137,42.666015],[-73.098141,42.665928],[-73.098154,42.665839],[-73.098181,42.665749],[-73.098218,42.665668],[-73.098274,42.665581],[-73.098352,42.665494],[-73.098429,42.665426],[-73.098517,42.665358],[-73.098633,42.665289],[-73.098736,42.66524],[-73.098869,42.66519],[-73.099026,42.665149],[-73.099174,42.66513],[-73.099316,42.665122],[-73.099483,42.665123],[-73.099911,42.665144],[-73.100955,42.665196],[-73.101253,42.665208],[-73.101535,42.665217],[-73.101874,42.665222],[-73.102186,42.665222],[-73.102493,42.665214],[-73.103763,42.665176],[-73.104103,42.665165],[-73.10432,42.665159],[-73.104611,42.665151],[-73.105433,42.665131],[-73.105699,42.66513],[-73.105942,42.665134],[-73.106202,42.665143],[-73.10666,42.665153],[-73.107122,42.6652],[-73.107253,42.665211],[-73.107392,42.665217],[-73.107645,42.665228],[-73.107785,42.665235],[-73.10794,42.665242],[-73.108003,42.664342],[-73.108053,42.663604],[-73.10806,42.663497],[-73.108068,42.663394],[-73.108077,42.663289],[-73.108088,42.663187],[-73.108098,42.663119],[-73.108102,42.66309],[-73.108119,42.662982],[-73.108141,42.662869],[-73.108164,42.66276],[-73.10819,42.662659],[-73.108219,42.662548],[-73.108303,42.662231],[-73.108873,42.660019],[-73.109058,42.659305],[-73.109096,42.659156],[-73.10938,42.65795],[-73.109477,42.657528],[-73.109536,42.657275],[-73.109594,42.657014],[-73.109612,42.656895],[-73.109639,42.656573],[-73.10973,42.65621],[-73.110212,42.654218],[-73.110531,42.652902],[-73.111064,42.650719],[-73.111219,42.650082],[-73.111288,42.649796],[-73.111511,42.648881],[-73.111755,42.647879],[-73.111829,42.647569],[-73.111893,42.647289],[-73.111941,42.647058],[-73.111984,42.6468],[-73.112008,42.646564],[-73.112023,42.646336],[-73.11204,42.646013],[-73.112056,42.645549],[-73.112117,42.644446],[-73.11218,42.643233],[-73.11219,42.643034],[-73.11219,42.643031],[-73.112192,42.642991],[-73.112197,42.642883],[-73.11222,42.64253],[-73.112234,42.642316],[-73.112234,42.64231],[-73.112266,42.641819],[-73.112275,42.641679],[-73.11229,42.641373],[-73.112296,42.641091],[-73.112293,42.640807],[-73.112266,42.63991],[-73.112266,42.639756],[-73.112272,42.639598],[-73.112287,42.639432],[-73.112315,42.639279],[-73.11235,42.639124],[-73.112404,42.638904],[-73.112467,42.638678],[-73.112631,42.638132],[-73.112773,42.637701],[-73.112866,42.637414],[-73.112903,42.637342],[-73.112947,42.637277],[-73.113007,42.637212],[-73.113078,42.637155],[-73.113096,42.637145],[-73.113111,42.637134],[-73.113127,42.63712],[-73.11314,42.637104],[-73.11315,42.637087],[-73.113157,42.637067],[-73.11316,42.637049],[-73.11316,42.637029],[-73.113156,42.63701],[-73.113147,42.636988],[-73.113134,42.636971],[-73.113126,42.636961],[-73.113106,42.636918],[-73.113084,42.636863],[-73.113069,42.636806],[-73.113065,42.63675],[-73.113203,42.636281],[-73.113204,42.636278],[-73.113204,42.636277],[-73.113675,42.634672],[-73.113675,42.634671],[-73.113784,42.634298],[-73.113784,42.634297],[-73.113803,42.634234],[-73.113803,42.634233],[-73.113821,42.63417],[-73.113887,42.633937],[-73.113888,42.633935],[-73.114065,42.633319],[-73.114065,42.633318],[-73.11426,42.632638],[-73.114261,42.632636],[-73.114301,42.632498],[-73.11431,42.632462],[-73.114311,42.63246],[-73.114485,42.631825],[-73.114486,42.631822],[-73.114543,42.631612],[-73.114544,42.631608],[-73.114683,42.631098],[-73.114684,42.631096],[-73.1147,42.631039],[-73.114702,42.631035],[-73.114733,42.630923],[-73.114772,42.63079],[-73.114816,42.630665],[-73.114873,42.63054],[-73.114943,42.630404],[-73.115407,42.629609],[-73.115408,42.629608],[-73.115788,42.628957],[-73.11579,42.628954],[-73.115803,42.628932],[-73.115811,42.628918],[-73.115814,42.628914],[-73.115992,42.628616],[-73.116007,42.628593],[-73.116008,42.628592],[-73.116081,42.628482],[-73.116183,42.628348],[-73.116239,42.628283],[-73.116242,42.62828],[-73.11629,42.628225],[-73.116478,42.628029],[-73.116798,42.6277],[-73.116801,42.627697],[-73.116969,42.627524],[-73.116975,42.627518],[-73.117085,42.627405],[-73.117093,42.627397],[-73.117228,42.627258],[-73.117236,42.62725],[-73.1173,42.627184],[-73.11737,42.627112],[-73.117439,42.627038],[-73.117504,42.626965],[-73.117561,42.626899],[-73.117646,42.626794],[-73.117735,42.626676],[-73.117922,42.626431],[-73.117967,42.626371],[-73.117968,42.62637],[-73.117969,42.626368],[-73.117975,42.626361],[-73.117976,42.626359],[-73.118515,42.625651],[-73.118522,42.625643],[-73.118551,42.625606],[-73.118553,42.625603],[-73.118668,42.625459],[-73.118797,42.625311],[-73.118936,42.625163],[-73.119015,42.625078],[-73.119087,42.625],[-73.119205,42.624873],[-73.119233,42.624842],[-73.119659,42.624381],[-73.119725,42.624303],[-73.119746,42.624274],[-73.119748,42.624272],[-73.119784,42.624224],[-73.119805,42.624186],[-73.119805,42.624185],[-73.119829,42.624141],[-73.119862,42.624052],[-73.119887,42.62396],[-73.11991,42.623849],[-73.119925,42.623775],[-73.119936,42.62372],[-73.119936,42.623718],[-73.120109,42.622826],[-73.12011,42.622823],[-73.120115,42.622799],[-73.120115,42.622797],[-73.120116,42.622794],[-73.120124,42.622752],[-73.120285,42.621908],[-73.120291,42.621874],[-73.120293,42.621868],[-73.120307,42.621796],[-73.120307,42.621792],[-73.120476,42.620917],[-73.120484,42.620853],[-73.120485,42.620785],[-73.12048,42.62073],[-73.120465,42.620678],[-73.12044,42.620618],[-73.12041,42.620566],[-73.120352,42.62048],[-73.120296,42.620402],[-73.120159,42.62023],[-73.120077,42.620126],[-73.119698,42.619646],[-73.119533,42.619438],[-73.11948,42.619382],[-73.119409,42.619328],[-73.119307,42.619268],[-73.1192,42.619214],[-73.118559,42.618917],[-73.118325,42.618782],[-73.118171,42.618674],[-73.118016,42.618535],[-73.117844,42.618332],[-73.117733,42.618201],[-73.117023,42.617298],[-73.11689,42.617131],[-73.116798,42.616994],[-73.116761,42.6168],[-73.116807,42.616604],[-73.116941,42.616403],[-73.11717,42.616098],[-73.117372,42.615773],[-73.117485,42.615549],[-73.117584,42.61532],[-73.117743,42.614924],[-73.118087,42.614104],[-73.11818,42.613796],[-73.118292,42.613385],[-73.118344,42.613194],[-73.118429,42.612778],[-73.118469,42.612458],[-73.118474,42.612417],[-73.118474,42.612054],[-73.118463,42.611733],[-73.118454,42.611424],[-73.118489,42.61109],[-73.118565,42.610732],[-73.118576,42.610696],[-73.118682,42.610353],[-73.118775,42.609967],[-73.118838,42.609494],[-73.118848,42.609182],[-73.118821,42.608861],[-73.11878,42.608404],[-73.118769,42.608244],[-73.118743,42.607892],[-73.11871,42.607085],[-73.118688,42.60684],[-73.118655,42.606614],[-73.118603,42.606382],[-73.118442,42.605841],[-73.118221,42.605115],[-73.117343,42.602222],[-73.117275,42.601948],[-73.117225,42.601659],[-73.117209,42.60137],[-73.117216,42.601145],[-73.117256,42.600915],[-73.117332,42.600675],[-73.117425,42.600449],[-73.117515,42.600288],[-73.117668,42.600013],[-73.117697,42.599956],[-73.11774,42.599873],[-73.117798,42.599751],[-73.117808,42.599731],[-73.117861,42.599597],[-73.117908,42.599451],[-73.117939,42.599317],[-73.117958,42.599164],[-73.117972,42.598997],[-73.117977,42.598842],[-73.118014,42.59677],[-73.118014,42.59664],[-73.118012,42.596535],[-73.118006,42.596431],[-73.117992,42.596324],[-73.117992,42.596323],[-73.117967,42.596207],[-73.117933,42.596088],[-73.117889,42.595948],[-73.117836,42.595778],[-73.117516,42.594767],[-73.117291,42.594063],[-73.117241,42.593917],[-73.117182,42.593782],[-73.11711,42.593652],[-73.117037,42.593528],[-73.116964,42.593418],[-73.116874,42.593295],[-73.116792,42.593186],[-73.116685,42.593047],[-73.11651,42.592824],[-73.115673,42.591761],[-73.115586,42.591651],[-73.115494,42.59154],[-73.115385,42.591423],[-73.115259,42.591308],[-73.11512,42.591196],[-73.114971,42.59109],[-73.114811,42.59098],[-73.114645,42.59087],[-73.114515,42.590778],[-73.114378,42.590676],[-73.114271,42.590585],[-73.114175,42.590492],[-73.114091,42.590392],[-73.114034,42.590314],[-73.114001,42.590264],[-73.11398,42.590232],[-73.113975,42.590224],[-73.113879,42.59006],[-73.113872,42.590048],[-73.113771,42.589888],[-73.113713,42.589796],[-73.113662,42.58972],[-73.113611,42.58965],[-73.113548,42.589574],[-73.113489,42.58951],[-73.113389,42.589411],[-73.113279,42.589313],[-73.113227,42.589269],[-73.113163,42.589215],[-73.113061,42.589131],[-73.112975,42.589062],[-73.112915,42.589014],[-73.112707,42.58885],[-73.112536,42.588719],[-73.112378,42.58861],[-73.112216,42.58851],[-73.112058,42.588422],[-73.11189,42.588336],[-73.111704,42.588252],[-73.111509,42.58817],[-73.111321,42.588101],[-73.111108,42.588033],[-73.11091,42.587978],[-73.110718,42.587931],[-73.110509,42.58789],[-73.1103,42.587857],[-73.109765,42.587787],[-73.108129,42.587573],[-73.107739,42.587499],[-73.107217,42.587378],[-73.106769,42.587203],[-73.106299,42.587001],[-73.105269,42.586534],[-73.103615,42.585776],[-73.102611,42.585253],[-73.100402,42.583926],[-73.099035,42.582772],[-73.098207,42.582056],[-73.097717,42.581632],[-73.09721,42.581292],[-73.09523,42.580269],[-73.094861,42.580106],[-73.09464,42.580029],[-73.094491,42.579989],[-73.094328,42.579944],[-73.094137,42.579915],[-73.093921,42.579888],[-73.093664,42.579874],[-73.093347,42.579872],[-73.093004,42.579889],[-73.092777,42.579921],[-73.092541,42.579984],[-73.09234,42.580062],[-73.092178,42.580142],[-73.09202,42.580232],[-73.091851,42.580361],[-73.091672,42.580526],[-73.091488,42.580713],[-73.091187,42.580995],[-73.091007,42.581151],[-73.089541,42.582183],[-73.089459,42.582254],[-73.08939,42.58234],[-73.089317,42.582454],[-73.089068,42.583074],[-73.089022,42.583156],[-73.088955,42.58324],[-73.088822,42.58338],[-73.088716,42.583446],[-73.088565,42.583532],[-73.088414,42.583589],[-73.08781,42.583792],[-73.087574,42.583891],[-73.087289,42.584045],[-73.086955,42.584256],[-73.086673,42.584421],[-73.086494,42.584523],[-73.086391,42.584574],[-73.08616,42.584674],[-73.085863,42.584787],[-73.085491,42.584889],[-73.08522,42.584935],[-73.084922,42.584968],[-73.084631,42.584978],[-73.084374,42.584972],[-73.084039,42.584933],[-73.083722,42.584873],[-73.083467,42.584803],[-73.083172,42.584695],[-73.082928,42.584577],[-73.0825,42.584323],[-73.082443,42.584291],[-73.082204,42.584142],[-73.079887,42.582712],[-73.079504,42.582501],[-73.078786,42.582222],[-73.078351,42.582126],[-73.07577,42.5818],[-73.075231,42.581711],[-73.074748,42.581631],[-73.073809,42.58139],[-73.071978,42.580793],[-73.071822,42.58075],[-73.071619,42.580724],[-73.071364,42.580688],[-73.071071,42.580661],[-73.070688,42.580646],[-73.070397,42.580659],[-73.070086,42.580694],[-73.0697,42.580762],[-73.06935,42.580846],[-73.06831,42.581252],[-73.068054,42.581352],[-73.06777,42.581449],[-73.06746,42.581523],[-73.067005,42.581595],[-73.066672,42.581629],[-73.066304,42.581631],[-73.06594,42.581607],[-73.065621,42.581568],[-73.065397,42.58153],[-73.064456,42.581384],[-73.063341,42.581194],[-73.063193,42.581155],[-73.06288,42.581068],[-73.061996,42.580749],[-73.055881,42.578377],[-73.055226,42.577937],[-73.053898,42.576861],[-73.053432,42.576483],[-73.052693,42.576044],[-73.051571,42.575613],[-73.048508,42.574811],[-73.047881,42.574615],[-73.047312,42.574359],[-73.046646,42.573961],[-73.042327,42.57096],[-73.041429,42.570353],[-73.041051,42.570158],[-73.040645,42.570012],[-73.040264,42.569907],[-73.03972,42.569823],[-73.038993,42.569739],[-73.035217,42.569393],[-73.033456,42.569205],[-73.032886,42.569088],[-73.032744,42.569047],[-73.032606,42.569004],[-73.032472,42.568958],[-73.032338,42.568908],[-73.032206,42.568857],[-73.032075,42.568803],[-73.031947,42.568747],[-73.031792,42.568676],[-73.031659,42.568608],[-73.03153,42.568537],[-73.031382,42.568451],[-73.031257,42.568377],[-73.031135,42.568301],[-73.030681,42.568024],[-73.030482,42.567906],[-73.030141,42.567699],[-73.029345,42.567215],[-73.029164,42.567103],[-73.027953,42.56637],[-73.026828,42.565681],[-73.026633,42.565552],[-73.026446,42.565422],[-73.026262,42.565289],[-73.026127,42.565184],[-73.026005,42.565085],[-73.025769,42.564885],[-73.025655,42.564784],[-73.025433,42.564576],[-73.02533,42.564471],[-73.025231,42.564366],[-73.025105,42.564224],[-73.024984,42.564083],[-73.024868,42.563941],[-73.024756,42.563797],[-73.024685,42.563709],[-73.024296,42.563227],[-73.023884,42.562697],[-73.023751,42.562526],[-73.022312,42.560742],[-73.021773,42.56028],[-73.021468,42.560044],[-73.017659,42.558058],[-73.016912,42.557723],[-73.01645,42.557571],[-73.016236,42.5575],[-73.013021,42.556793],[-73.01019,42.556211],[-73.000455,42.554224],[-72.999504,42.554011],[-72.997875,42.553668],[-72.997117,42.553466],[-72.996638,42.553304],[-72.996031,42.55302],[-72.995046,42.552457],[-72.99411,42.551921],[-72.993106,42.551319],[-72.992624,42.551031],[-72.991412,42.550319],[-72.990489,42.549776],[-72.988296,42.548485],[-72.987138,42.547804],[-72.986442,42.547395],[-72.985057,42.546579],[-72.984988,42.546538],[-72.984903,42.546488],[-72.984667,42.546349],[-72.984443,42.546217],[-72.983583,42.54571],[-72.983049,42.54528],[-72.983001,42.545233],[-72.982811,42.545045],[-72.982414,42.544651],[-72.981923,42.544164],[-72.981181,42.543552],[-72.98062,42.54322],[-72.980088,42.542974],[-72.979411,42.542735],[-72.978681,42.54254],[-72.976194,42.541853],[-72.97478,42.541465],[-72.973131,42.54107],[-72.971656,42.540767],[-72.970728,42.540596],[-72.969764,42.540501],[-72.968012,42.540523],[-72.967412,42.540486],[-72.967063,42.540435],[-72.966809,42.540385],[-72.966519,42.540305],[-72.966101,42.540143],[-72.965837,42.540022],[-72.965532,42.539846],[-72.965216,42.539653],[-72.964957,42.539532],[-72.964683,42.539409],[-72.964389,42.5393],[-72.964002,42.539194],[-72.963646,42.539133],[-72.96331,42.539099],[-72.963092,42.539087],[-72.962839,42.539083],[-72.962541,42.539106],[-72.959265,42.539561],[-72.956246,42.539673],[-72.955166,42.539764],[-72.950582,42.540511],[-72.949131,42.540691],[-72.947132,42.54087],[-72.945633,42.540941],[-72.945098,42.540966],[-72.943781,42.540979],[-72.941678,42.540958],[-72.94105,42.540915],[-72.94098,42.540903],[-72.940611,42.540839],[-72.940414,42.540792],[-72.940278,42.540757],[-72.94017,42.540723],[-72.939965,42.540656],[-72.939765,42.540581],[-72.939565,42.540497],[-72.939367,42.540402],[-72.939176,42.540302],[-72.939085,42.540249],[-72.938996,42.540192],[-72.938911,42.540131],[-72.938757,42.540014],[-72.938554,42.539845],[-72.93843,42.539733],[-72.938368,42.539671],[-72.938252,42.539543],[-72.938144,42.539405],[-72.938016,42.539233],[-72.937953,42.539137],[-72.937904,42.539047],[-72.937715,42.538651],[-72.937508,42.538061],[-72.937245,42.537388],[-72.937128,42.537118],[-72.937021,42.536902],[-72.936871,42.536626],[-72.936631,42.536207],[-72.936465,42.53591],[-72.93635,42.535675],[-72.936259,42.535461],[-72.936178,42.535213],[-72.936112,42.534987],[-72.935894,42.534277],[-72.935711,42.533701],[-72.935594,42.533329],[-72.935482,42.533082],[-72.935362,42.532821],[-72.935254,42.5326],[-72.935152,42.532429],[-72.935032,42.53224],[-72.934901,42.532072],[-72.934744,42.531867],[-72.934579,42.531671],[-72.934441,42.531515],[-72.93425,42.531299],[-72.933986,42.531023],[-72.93358,42.530556],[-72.932928,42.529845],[-72.932327,42.529221],[-72.931808,42.528719],[-72.931424,42.528328],[-72.931003,42.52791],[-72.930642,42.52757],[-72.930426,42.527366],[-72.930238,42.527164],[-72.930089,42.526989],[-72.929853,42.526682],[-72.929647,42.52638],[-72.929367,42.526026],[-72.929122,42.525712],[-72.928927,42.525498],[-72.928865,42.525434],[-72.928772,42.525339],[-72.928563,42.52513],[-72.928261,42.524825],[-72.927899,42.524469],[-72.927718,42.524262],[-72.92752,42.523996],[-72.927293,42.523654],[-72.927001,42.523212],[-72.92665,42.522695],[-72.926255,42.522041],[-72.926105,42.521759],[-72.925953,42.521473],[-72.925684,42.520927],[-72.925585,42.520699],[-72.92545,42.520426],[-72.92526,42.520104],[-72.925072,42.519833],[-72.924881,42.519591],[-72.924613,42.519277],[-72.924518,42.519172],[-72.924516,42.51917],[-72.924236,42.518863],[-72.923834,42.51842],[-72.923435,42.517979],[-72.923049,42.517543],[-72.922704,42.517123],[-72.922454,42.516843],[-72.922247,42.516673],[-72.921998,42.516521],[-72.921682,42.516356],[-72.921352,42.5162],[-72.920918,42.516023],[-72.920395,42.515849],[-72.919931,42.515716],[-72.919574,42.51563],[-72.919147,42.515551],[-72.918856,42.515525],[-72.918779,42.515518],[-72.918559,42.515518],[-72.918319,42.515523],[-72.918088,42.515547],[-72.917853,42.515589],[-72.917591,42.515644],[-72.917231,42.515722],[-72.916967,42.515772],[-72.916695,42.515814],[-72.916498,42.515843],[-72.916423,42.515854],[-72.916056,42.515908],[-72.915774,42.515945],[-72.915408,42.515991],[-72.914899,42.516062],[-72.914235,42.516153],[-72.914206,42.516157],[-72.913373,42.516265],[-72.912662,42.516359],[-72.912499,42.51638],[-72.912458,42.516386],[-72.911853,42.516471],[-72.911714,42.516491],[-72.910653,42.516627],[-72.909773,42.516747],[-72.909474,42.516783],[-72.908892,42.516857],[-72.908847,42.516862],[-72.908179,42.516942],[-72.907805,42.516986],[-72.907598,42.51701],[-72.90705,42.517078],[-72.906233,42.517174],[-72.905567,42.517251],[-72.904863,42.517332],[-72.904041,42.517427],[-72.903528,42.517481],[-72.903246,42.517505],[-72.90304,42.517513],[-72.902869,42.517522],[-72.902771,42.517522],[-72.902673,42.517523],[-72.902576,42.517523],[-72.902431,42.51752],[-72.902285,42.517515],[-72.902141,42.517508],[-72.901928,42.517498],[-72.901715,42.517485],[-72.901503,42.517473],[-72.901029,42.517445],[-72.900793,42.517431],[-72.900195,42.517399],[-72.899896,42.517382],[-72.899654,42.517368],[-72.899522,42.517359],[-72.899412,42.517352],[-72.89917,42.517336],[-72.898912,42.517319],[-72.898653,42.517302],[-72.898396,42.517279],[-72.898211,42.517259],[-72.898026,42.517235],[-72.897842,42.517207],[-72.897618,42.517167],[-72.897396,42.51712],[-72.897316,42.517103],[-72.897174,42.517072],[-72.896838,42.517002],[-72.896671,42.516965],[-72.896445,42.516916],[-72.89622,42.516867],[-72.895996,42.516817],[-72.895788,42.51677],[-72.895581,42.516723],[-72.895374,42.516673],[-72.895151,42.516619],[-72.89493,42.516563],[-72.89471,42.516504],[-72.894549,42.516456],[-72.894229,42.516356],[-72.894056,42.516301],[-72.893883,42.516245],[-72.89371,42.51619],[-72.893525,42.51613],[-72.893339,42.51607],[-72.893153,42.516011],[-72.892966,42.515952],[-72.892778,42.515894],[-72.892591,42.515835],[-72.892407,42.515779],[-72.892225,42.515722],[-72.892044,42.515661],[-72.891882,42.515601],[-72.891722,42.515538],[-72.891566,42.515471],[-72.891426,42.515406],[-72.891288,42.515337],[-72.891154,42.515266],[-72.891035,42.515197],[-72.890918,42.515127],[-72.890805,42.515054],[-72.890675,42.51496],[-72.89055,42.514861],[-72.890427,42.514761],[-72.890288,42.514648],[-72.890014,42.514418],[-72.889863,42.514291],[-72.889712,42.514163],[-72.88956,42.514036],[-72.889409,42.513911],[-72.889258,42.513787],[-72.889108,42.513661],[-72.888854,42.513445],[-72.888829,42.513423],[-72.888729,42.513336],[-72.888602,42.513223],[-72.888477,42.51311],[-72.888469,42.513102],[-72.888355,42.512995],[-72.888253,42.512891],[-72.888153,42.512786],[-72.888056,42.51268],[-72.887969,42.512581],[-72.887883,42.512481],[-72.887798,42.512381],[-72.887701,42.51225],[-72.887622,42.512142],[-72.887604,42.512118],[-72.887507,42.511987],[-72.887398,42.511842],[-72.887288,42.511696],[-72.88718,42.511549],[-72.887072,42.511394],[-72.886965,42.511239],[-72.886856,42.511085],[-72.886773,42.51097],[-72.886688,42.510856],[-72.886599,42.510744],[-72.886511,42.51064],[-72.88642,42.510537],[-72.886325,42.510437],[-72.886243,42.510354],[-72.88616,42.510273],[-72.886072,42.510193],[-72.885957,42.510097],[-72.885836,42.510005],[-72.885714,42.509914],[-72.885588,42.509817],[-72.885461,42.509722],[-72.885334,42.509626],[-72.88519,42.509516],[-72.884902,42.509294],[-72.884807,42.50922],[-72.884712,42.509145],[-72.884617,42.509071],[-72.884415,42.508921],[-72.884316,42.508844],[-72.884227,42.508768],[-72.884139,42.508691],[-72.884054,42.508612],[-72.883974,42.508535],[-72.883818,42.508379],[-72.883713,42.508271],[-72.883609,42.508162],[-72.883504,42.508054],[-72.883343,42.50789],[-72.883181,42.507726],[-72.883021,42.507562],[-72.88287,42.507404],[-72.88272,42.507245],[-72.882571,42.507085],[-72.882386,42.506881],[-72.882202,42.506676],[-72.882175,42.506645],[-72.882019,42.506471],[-72.881951,42.506394],[-72.881503,42.505867],[-72.88149,42.505851],[-72.881204,42.505511],[-72.880983,42.505275],[-72.880718,42.50502],[-72.879933,42.504304],[-72.879912,42.504285],[-72.879212,42.503648],[-72.878972,42.50346],[-72.878847,42.503372],[-72.878742,42.503307],[-72.878633,42.503244],[-72.878521,42.503187],[-72.878388,42.503125],[-72.87825,42.503068],[-72.878109,42.503017],[-72.877938,42.502967],[-72.877586,42.502881],[-72.877573,42.502878],[-72.877527,42.502868],[-72.877468,42.502855],[-72.877408,42.502843],[-72.877289,42.502817],[-72.87717,42.50279],[-72.877142,42.502783],[-72.877053,42.502761],[-72.876955,42.502734],[-72.876857,42.502704],[-72.876761,42.502672],[-72.876649,42.502633],[-72.876538,42.502592],[-72.87643,42.502546],[-72.876331,42.502498],[-72.876139,42.502392],[-72.875935,42.502261],[-72.875418,42.501907],[-72.874075,42.501],[-72.873979,42.500915],[-72.873317,42.500285],[-72.872904,42.49982],[-72.872333,42.499178],[-72.872207,42.499037],[-72.872166,42.49899],[-72.871442,42.498295],[-72.871283,42.498142],[-72.870696,42.497652],[-72.870263,42.497397],[-72.870108,42.497339],[-72.868365,42.496685],[-72.86675,42.496209],[-72.865713,42.495903],[-72.865335,42.495793],[-72.864248,42.495475],[-72.863794,42.49528],[-72.862569,42.494547],[-72.862518,42.494516],[-72.861882,42.494243],[-72.861233,42.494087],[-72.860362,42.493965],[-72.859747,42.493929],[-72.85848,42.494055],[-72.857632,42.494331],[-72.857179,42.494586],[-72.856181,42.495482],[-72.85555,42.495871],[-72.854222,42.496519],[-72.853889,42.496711],[-72.853532,42.496994],[-72.853226,42.497346],[-72.85303,42.497701],[-72.852733,42.498545],[-72.852631,42.499348],[-72.852503,42.49982],[-72.852166,42.500482],[-72.851988,42.500831],[-72.851706,42.50199],[-72.851611,42.502144],[-72.85148,42.502264],[-72.851448,42.502283],[-72.851284,42.502379],[-72.851112,42.502434],[-72.850938,42.502468],[-72.850405,42.50246],[-72.850183,42.502455],[-72.849114,42.50244],[-72.849025,42.502453],[-72.848863,42.502503],[-72.848757,42.502535],[-72.848322,42.502818],[-72.847116,42.503919],[-72.846985,42.504039],[-72.846521,42.504352],[-72.844046,42.505623],[-72.843619,42.505843],[-72.842878,42.506178],[-72.841682,42.506596],[-72.841275,42.506739],[-72.840186,42.507023],[-72.839452,42.507215],[-72.839024,42.507398],[-72.838768,42.507625],[-72.837374,42.509341],[-72.837148,42.509516],[-72.836856,42.509668],[-72.836654,42.50974],[-72.836599,42.50976],[-72.836369,42.509808],[-72.83588,42.509839],[-72.834676,42.509781],[-72.834139,42.509711],[-72.833858,42.509618],[-72.831379,42.508539],[-72.830918,42.508431],[-72.830569,42.508403],[-72.829595,42.508476],[-72.829149,42.508455],[-72.826481,42.508159],[-72.826093,42.508101],[-72.82585,42.508046],[-72.825661,42.507987],[-72.825494,42.507915],[-72.825228,42.507821],[-72.825118,42.507801],[-72.824948,42.507794],[-72.824853,42.507811],[-72.824753,42.507829],[-72.82461,42.507879],[-72.824477,42.507941],[-72.824364,42.508032],[-72.824085,42.508328],[-72.823282,42.509277],[-72.823196,42.509448],[-72.823169,42.509502],[-72.82307,42.509781],[-72.822954,42.510094],[-72.822865,42.51028],[-72.82265,42.510659],[-72.822268,42.51119],[-72.822195,42.511285],[-72.822092,42.51138],[-72.821982,42.511456],[-72.82187,42.511514],[-72.821706,42.511575],[-72.821573,42.511604],[-72.8214,42.511614],[-72.821229,42.511608],[-72.82109,42.511587],[-72.820774,42.511514],[-72.818783,42.510974],[-72.818647,42.510932],[-72.818425,42.510886],[-72.818281,42.510853],[-72.818209,42.510841],[-72.81805,42.510831],[-72.817825,42.510811],[-72.816452,42.510685],[-72.815524,42.510599],[-72.814186,42.510447],[-72.813593,42.510377],[-72.812684,42.510269],[-72.811373,42.510126],[-72.809967,42.509955],[-72.809186,42.509873],[-72.809172,42.510049],[-72.809141,42.510221],[-72.809114,42.51041],[-72.809088,42.510635],[-72.809082,42.510781],[-72.809062,42.511055],[-72.809032,42.511532],[-72.808997,42.511852],[-72.808984,42.511984],[-72.808958,42.512181],[-72.808924,42.512353],[-72.808865,42.512616],[-72.8088,42.512891],[-72.808773,42.512985],[-72.80869,42.5132],[-72.808631,42.513384],[-72.808559,42.513581],[-72.808484,42.513755],[-72.808409,42.513917],[-72.808329,42.514072],[-72.808246,42.514222],[-72.808166,42.514373],[-72.808123,42.514447],[-72.808025,42.514609],[-72.807894,42.514806],[-72.807718,42.515081],[-72.807396,42.515583],[-72.807324,42.515698],[-72.807183,42.515968],[-72.807045,42.516269],[-72.80698,42.51642],[-72.806906,42.516613],[-72.806831,42.516834],[-72.806793,42.516959],[-72.806759,42.517084],[-72.806724,42.517226],[-72.806693,42.517369],[-72.806667,42.517511],[-72.806646,42.517657],[-72.806629,42.517803],[-72.806606,42.518085],[-72.806599,42.518222],[-72.806596,42.518357],[-72.806597,42.518495],[-72.806612,42.51877],[-72.806631,42.518937],[-72.806715,42.519458],[-72.806777,42.51983],[-72.806859,42.520349],[-72.806918,42.520707],[-72.806978,42.521039],[-72.807022,42.521319],[-72.807045,42.521489],[-72.807072,42.521724],[-72.807095,42.52196],[-72.807124,42.522339],[-72.807147,42.522698],[-72.807163,42.523034],[-72.807166,42.523253],[-72.807159,42.523692],[-72.807153,42.523911],[-72.807128,42.524552],[-72.807106,42.524958],[-72.807084,42.525191],[-72.807032,42.525656],[-72.806938,42.526237],[-72.80689,42.526527],[-72.806817,42.526942],[-72.80674,42.527357],[-72.8066,42.528123],[-72.806537,42.528475],[-72.8064,42.529205],[-72.806369,42.529352],[-72.80636,42.529394],[-72.806312,42.529585],[-72.806275,42.529786],[-72.806247,42.529988],[-72.806216,42.530189],[-72.806175,42.530411],[-72.80613,42.530633],[-72.806078,42.530853],[-72.80603,42.531028],[-72.805979,42.531201],[-72.805869,42.531561],[-72.80581,42.531749],[-72.805705,42.53207],[-72.805651,42.532232],[-72.805446,42.532824],[-72.805394,42.532977],[-72.805337,42.533145],[-72.805155,42.533674],[-72.804934,42.534314],[-72.804799,42.534704],[-72.804555,42.535429],[-72.804431,42.535791],[-72.804262,42.536248],[-72.804181,42.536477],[-72.804098,42.536735],[-72.80402,42.536994],[-72.803946,42.537254],[-72.803864,42.537563],[-72.803771,42.537938],[-72.803696,42.538225],[-72.803668,42.538369],[-72.80366,42.53846],[-72.80365,42.538642],[-72.803652,42.538805],[-72.803656,42.538886],[-72.803673,42.539046],[-72.803707,42.539212],[-72.803732,42.539297],[-72.803763,42.539381],[-72.803862,42.539578],[-72.803946,42.539758],[-72.803982,42.53985],[-72.804029,42.540004],[-72.804068,42.540172],[-72.804084,42.540263],[-72.804091,42.540353],[-72.804089,42.540427],[-72.804069,42.540575],[-72.804049,42.540663],[-72.804024,42.540751],[-72.803993,42.540838],[-72.803956,42.540921],[-72.803913,42.541003],[-72.803865,42.541083],[-72.803813,42.54116],[-72.803757,42.541234],[-72.803695,42.541306],[-72.80362,42.541381],[-72.803538,42.541452],[-72.803451,42.541519],[-72.803353,42.541585],[-72.803145,42.541706],[-72.803052,42.541757],[-72.802765,42.541908],[-72.802664,42.541958],[-72.802344,42.542121],[-72.802236,42.542181],[-72.802134,42.542243],[-72.802036,42.542307],[-72.801943,42.542375],[-72.801867,42.542441],[-72.801796,42.54251],[-72.801665,42.542657],[-72.801606,42.542735],[-72.801552,42.542815],[-72.801498,42.542914],[-72.801453,42.543016],[-72.801372,42.543224],[-72.801256,42.543563],[-72.801107,42.544012],[-72.801079,42.544109],[-72.801055,42.544216],[-72.801035,42.544324],[-72.801009,42.544532],[-72.801001,42.544734],[-72.801006,42.544841],[-72.801016,42.544946],[-72.801033,42.545052],[-72.80106,42.545162],[-72.801129,42.545379],[-72.801202,42.545616],[-72.801236,42.545734],[-72.801282,42.545908],[-72.8013,42.545996],[-72.801315,42.546107],[-72.801324,42.546218],[-72.801334,42.546506],[-72.801332,42.546824],[-72.801335,42.546939],[-72.801347,42.547081],[-72.801385,42.547365],[-72.801406,42.547497],[-72.801477,42.547892],[-72.801556,42.548292],[-72.801612,42.548561],[-72.801702,42.549017],[-72.801797,42.549523],[-72.801875,42.54992],[-72.801949,42.550323],[-72.801992,42.550567],[-72.802021,42.550689],[-72.802056,42.550802],[-72.802098,42.550915],[-72.802145,42.551026],[-72.802201,42.551142],[-72.802263,42.551257],[-72.802392,42.551472],[-72.802458,42.551573],[-72.802553,42.551693],[-72.80261,42.551756],[-72.802779,42.55192],[-72.802907,42.552029],[-72.803165,42.552244],[-72.803412,42.552447],[-72.803624,42.552627],[-72.803964,42.552929],[-72.804042,42.553005],[-72.804121,42.553089],[-72.804196,42.553175],[-72.804331,42.553347],[-72.804391,42.553432],[-72.804447,42.553519],[-72.804495,42.553607],[-72.804579,42.553786],[-72.804622,42.553886],[-72.804699,42.554088],[-72.804735,42.554197],[-72.8048,42.554418],[-72.804894,42.554727],[-72.804955,42.55496],[-72.804981,42.555076],[-72.805021,42.555302],[-72.805038,42.555415],[-72.805067,42.555637],[-72.80511,42.555997],[-72.805133,42.556242],[-72.80514,42.556362],[-72.805143,42.556482],[-72.805139,42.556602],[-72.805131,42.556722],[-72.805116,42.556842],[-72.805097,42.556947],[-72.805073,42.557051],[-72.805043,42.557154],[-72.805005,42.557254],[-72.80486,42.55757],[-72.804745,42.557805],[-72.804619,42.558025],[-72.804558,42.558136],[-72.804405,42.558446],[-72.804242,42.558755],[-72.804099,42.55902],[-72.804025,42.559192],[-72.803998,42.55928],[-72.803985,42.559365],[-72.80398,42.559451],[-72.803977,42.559623],[-72.803987,42.559794],[-72.804,42.559883],[-72.804033,42.560062],[-72.804075,42.560359],[-72.804113,42.560599],[-72.804128,42.560719],[-72.804143,42.560945],[-72.804149,42.561169],[-72.804149,42.56128],[-72.804145,42.56139],[-72.804135,42.561502],[-72.804105,42.561725],[-72.804067,42.562078],[-72.804013,42.562459],[-72.803989,42.562617],[-72.803958,42.562862],[-72.803944,42.562996],[-72.803929,42.563108],[-72.803903,42.563267],[-72.803886,42.563367],[-72.803799,42.563986],[-72.80377,42.564121],[-72.803731,42.564254],[-72.803669,42.564419],[-72.803607,42.564569],[-72.803546,42.564693],[-72.803498,42.564779],[-72.803436,42.564871],[-72.803368,42.564961],[-72.803298,42.56505],[-72.803219,42.565146],[-72.803145,42.56523],[-72.803137,42.565239],[-72.803055,42.565333],[-72.802964,42.565438],[-72.802874,42.565544],[-72.802788,42.56565],[-72.802699,42.565768],[-72.802646,42.565842],[-72.802614,42.565886],[-72.802534,42.566006],[-72.802465,42.566118],[-72.802399,42.56623],[-72.802338,42.566345],[-72.802287,42.566451],[-72.802193,42.566667],[-72.802147,42.566801],[-72.8021,42.566934],[-72.802054,42.567068],[-72.802008,42.567206],[-72.801961,42.567344],[-72.801915,42.567482],[-72.801841,42.5677],[-72.801839,42.567704],[-72.801804,42.567809],[-72.801728,42.568034],[-72.801695,42.568148],[-72.801666,42.568278],[-72.801644,42.56841],[-72.801628,42.568542],[-72.80162,42.568637],[-72.801616,42.568829],[-72.80163,42.569036],[-72.801643,42.56914],[-72.801661,42.569246],[-72.801706,42.569459],[-72.801783,42.569779],[-72.801835,42.570031],[-72.80189,42.570317],[-72.801903,42.570405],[-72.801919,42.570621],[-72.801919,42.570729],[-72.801914,42.570848],[-72.801877,42.57119],[-72.801864,42.571292],[-72.801846,42.571393],[-72.801816,42.571515],[-72.801654,42.572035],[-72.801609,42.572173],[-72.801515,42.572449],[-72.80145,42.572648],[-72.801338,42.573003],[-72.801199,42.573424],[-72.801092,42.573753],[-72.80098,42.574105],[-72.800922,42.574293],[-72.800806,42.574653],[-72.800691,42.574999],[-72.800618,42.575228],[-72.800552,42.575436],[-72.800489,42.575621],[-72.800466,42.575684],[-72.800404,42.575866],[-72.800313,42.576146],[-72.800272,42.576286],[-72.800231,42.57645],[-72.800158,42.57678],[-72.800124,42.576986],[-72.800094,42.577184],[-72.800058,42.57744],[-72.799863,42.578704],[-72.79986,42.578735],[-72.799831,42.578995],[-72.799785,42.579242],[-72.799752,42.579439],[-72.799719,42.579623],[-72.799704,42.579708],[-72.799685,42.579793],[-72.799655,42.579891],[-72.79962,42.57999],[-72.799542,42.580179],[-72.7995,42.580271],[-72.799392,42.58049],[-72.799324,42.580617],[-72.799249,42.580742],[-72.799177,42.580847],[-72.7991,42.580949],[-72.799017,42.581049],[-72.798926,42.58115],[-72.798828,42.581249],[-72.798727,42.581346],[-72.798615,42.581444],[-72.798383,42.581635],[-72.79702,42.582812],[-72.795877,42.583782],[-72.795759,42.583883],[-72.795453,42.584134],[-72.795357,42.584207],[-72.795249,42.584283],[-72.794898,42.584509],[-72.794642,42.584668],[-72.793799,42.585196],[-72.793402,42.585454],[-72.793182,42.585592],[-72.792942,42.58577],[-72.792743,42.585926],[-72.792446,42.586152],[-72.791933,42.586558],[-72.791118,42.587191],[-72.790522,42.587709],[-72.790201,42.588],[-72.789892,42.588332],[-72.789834,42.588395],[-72.789295,42.588925],[-72.789178,42.589035],[-72.788934,42.589263],[-72.788732,42.589433],[-72.788601,42.589546],[-72.788551,42.589585],[-72.788447,42.589659],[-72.788383,42.589704],[-72.788298,42.589766],[-72.78826,42.589794],[-72.788205,42.589843],[-72.7881,42.589945],[-72.78797,42.590056],[-72.787908,42.590113],[-72.787789,42.590239],[-72.787683,42.590364],[-72.787586,42.590485],[-72.787434,42.590668],[-72.787331,42.590801],[-72.787187,42.591005],[-72.787103,42.591149],[-72.786999,42.591367],[-72.786944,42.591508],[-72.786923,42.591578],[-72.786889,42.59172],[-72.786854,42.591908],[-72.786779,42.592375],[-72.786746,42.592597],[-72.786726,42.592754],[-72.786693,42.592908],[-72.786645,42.593058],[-72.786578,42.593222],[-72.786489,42.59342],[-72.786458,42.593477],[-72.786416,42.593537],[-72.786322,42.593656],[-72.786215,42.593795],[-72.786143,42.593883],[-72.785939,42.594114],[-72.785724,42.594366],[-72.785246,42.594927],[-72.785233,42.594941],[-72.784763,42.595514],[-72.784533,42.595777],[-72.784356,42.596023],[-72.784256,42.596166],[-72.783963,42.596639],[-72.783894,42.596776],[-72.783762,42.597023],[-72.783559,42.597448],[-72.783425,42.597706],[-72.783372,42.597816],[-72.783263,42.598003],[-72.783211,42.598076],[-72.783154,42.598147],[-72.78304,42.59828],[-72.782849,42.598486],[-72.782755,42.598585],[-72.782603,42.59872],[-72.782522,42.598784],[-72.782373,42.598894],[-72.782235,42.598981],[-72.781949,42.599137],[-72.781782,42.599219],[-72.781613,42.599294],[-72.781346,42.5994],[-72.781183,42.599461],[-72.781004,42.599519],[-72.780808,42.599575],[-72.780652,42.599629],[-72.780318,42.599737],[-72.780173,42.599787],[-72.779961,42.599864],[-72.779759,42.599953],[-72.779694,42.599987],[-72.779498,42.600101],[-72.779414,42.600147],[-72.779278,42.600267],[-72.779027,42.600492],[-72.77894,42.600578],[-72.778853,42.600675],[-72.778772,42.600776],[-72.778696,42.600878],[-72.778601,42.601017],[-72.778423,42.6013],[-72.778313,42.601464],[-72.778213,42.60161],[-72.778127,42.601741],[-72.778081,42.601812],[-72.777954,42.602002],[-72.777901,42.602077],[-72.777602,42.602492],[-72.777526,42.602586],[-72.777404,42.602716],[-72.777336,42.602778],[-72.777245,42.602851],[-72.777146,42.60292],[-72.776914,42.603073],[-72.776778,42.603156],[-72.776577,42.603274],[-72.776353,42.603401],[-72.776211,42.603485],[-72.776051,42.603585],[-72.775894,42.603688],[-72.775747,42.603798],[-72.775646,42.603883],[-72.77555,42.60397],[-72.77546,42.604062],[-72.775362,42.604175],[-72.775274,42.604293],[-72.775196,42.604414],[-72.775142,42.604512],[-72.775094,42.604612],[-72.775052,42.604713],[-72.775012,42.604835],[-72.77498,42.604958],[-72.774958,42.605082],[-72.774946,42.605238],[-72.774948,42.605395],[-72.774962,42.605789],[-72.775007,42.606506],[-72.775023,42.606747],[-72.775036,42.606989],[-72.775058,42.607512],[-72.775087,42.607926],[-72.775107,42.608175],[-72.77511,42.6083],[-72.775094,42.608508],[-72.775077,42.608612],[-72.775055,42.608711],[-72.775027,42.60881],[-72.774993,42.608907],[-72.774949,42.609014],[-72.774898,42.609119],[-72.774838,42.609221],[-72.774761,42.609324],[-72.774674,42.609424],[-72.774584,42.609522],[-72.774436,42.609676],[-72.774331,42.609781],[-72.774096,42.610012],[-72.77379,42.610308],[-72.773528,42.610567],[-72.773393,42.610694],[-72.77322,42.610848],[-72.773128,42.610921],[-72.772964,42.611041],[-72.772876,42.611096],[-72.772768,42.611156],[-72.772655,42.611211],[-72.772427,42.611316],[-72.772065,42.611471],[-72.771254,42.611805],[-72.770721,42.61203],[-72.770484,42.612127],[-72.770369,42.61218],[-72.770247,42.612247],[-72.77013,42.612318],[-72.770018,42.612394],[-72.769919,42.612471],[-72.769616,42.6127],[-72.769405,42.612864],[-72.769306,42.612938],[-72.769193,42.613029],[-72.769039,42.613117],[-72.768945,42.613163],[-72.768801,42.61323],[-72.768724,42.613262],[-72.768629,42.613296],[-72.768506,42.613331],[-72.76838,42.613362],[-72.768276,42.613383],[-72.768117,42.613409],[-72.767668,42.613463],[-72.767438,42.613492],[-72.767133,42.613528],[-72.76691,42.613549],[-72.766705,42.613572],[-72.766363,42.613613],[-72.766173,42.613635],[-72.765915,42.613661],[-72.765619,42.613688],[-72.765302,42.613712],[-72.765165,42.613719],[-72.764889,42.613728],[-72.764597,42.613727],[-72.76427,42.613718],[-72.763694,42.613695],[-72.763269,42.613681],[-72.762671,42.613652],[-72.762342,42.61364],[-72.761987,42.613622],[-72.761502,42.6136],[-72.76118,42.61359],[-72.761012,42.613587],[-72.760844,42.61359],[-72.760684,42.613601],[-72.760524,42.613618],[-72.760398,42.613636],[-72.760164,42.613677],[-72.759815,42.613747],[-72.759464,42.61382],[-72.758966,42.613941],[-72.758756,42.613991],[-72.758336,42.614095],[-72.757913,42.614201],[-72.757244,42.614366],[-72.756491,42.614556],[-72.755586,42.614789],[-72.755004,42.614927],[-72.754808,42.614975],[-72.754254,42.615123],[-72.754044,42.61518],[-72.753835,42.615239],[-72.753628,42.615302],[-72.753443,42.615365],[-72.753077,42.615496],[-72.752732,42.615625],[-72.752559,42.615686],[-72.752191,42.615802],[-72.752009,42.615863],[-72.75182,42.615935],[-72.751448,42.616089],[-72.750876,42.616318],[-72.750247,42.616546],[-72.749359,42.616878],[-72.748663,42.617158],[-72.748146,42.61731],[-72.747773,42.617381],[-72.747194,42.617435],[-72.746898,42.617431],[-72.746423,42.617379],[-72.746263,42.617353],[-72.746122,42.617326],[-72.74597,42.617285],[-72.745943,42.617276],[-72.745847,42.617245],[-72.745658,42.617171],[-72.745313,42.617028],[-72.74524,42.616999],[-72.745164,42.616973],[-72.745085,42.616949],[-72.745016,42.616933],[-72.744951,42.616921],[-72.744881,42.616912],[-72.744809,42.616906],[-72.744746,42.616904],[-72.744678,42.616905],[-72.744617,42.61691],[-72.74458,42.616915],[-72.744576,42.616915],[-72.744537,42.616922],[-72.744503,42.61693],[-72.744465,42.616939],[-72.744417,42.616954],[-72.744365,42.616972],[-72.744316,42.61699],[-72.744266,42.617013],[-72.744217,42.617037],[-72.744167,42.617065],[-72.744114,42.617096],[-72.744061,42.617131],[-72.74402,42.617163],[-72.743976,42.6172],[-72.74396,42.617215],[-72.743959,42.617217],[-72.743939,42.617237],[-72.743903,42.617277],[-72.743872,42.61732],[-72.743843,42.617367],[-72.743822,42.617412],[-72.743801,42.617462],[-72.743788,42.617509],[-72.743779,42.617558],[-72.743775,42.61761],[-72.743776,42.617665],[-72.743782,42.617722],[-72.743793,42.617778],[-72.743811,42.617834],[-72.743835,42.617886],[-72.743861,42.617934],[-72.743894,42.61798],[-72.74393,42.618024],[-72.743968,42.618063],[-72.744008,42.618098],[-72.744055,42.618131],[-72.744104,42.61816],[-72.744158,42.618187],[-72.744218,42.61821],[-72.744279,42.61823],[-72.744347,42.618248],[-72.744419,42.61826],[-72.744487,42.618267],[-72.74455,42.618269],[-72.744611,42.618266],[-72.744674,42.61826],[-72.744736,42.61825],[-72.744799,42.618235],[-72.744857,42.618216],[-72.744917,42.618194],[-72.744971,42.618169],[-72.745025,42.618139],[-72.745078,42.618103],[-72.745125,42.618064],[-72.745196,42.618021],[-72.745252,42.617982],[-72.745295,42.617945],[-72.745334,42.617904],[-72.745362,42.61787],[-72.745381,42.617835],[-72.745392,42.617799],[-72.745396,42.617763],[-72.745932,42.618028],[-72.746082,42.618102],[-72.747043,42.618575],[-72.747945,42.619021],[-72.74853,42.619309],[-72.748683,42.619385],[-72.749065,42.619571],[-72.749221,42.619397],[-72.749264,42.619349],[-72.74941,42.619187],[-72.749236,42.619091],[-72.749011,42.618998],[-72.748874,42.619159],[-72.748824,42.619218],[-72.748683,42.619385],[-72.74853,42.619309],[-72.747945,42.619021],[-72.747043,42.618575],[-72.746082,42.618102],[-72.745932,42.618028],[-72.745396,42.617763],[-72.74503,42.617582],[-72.744664,42.617402],[-72.74454,42.617341],[-72.744417,42.617279],[-72.744295,42.617217],[-72.744217,42.617176],[-72.744124,42.617127],[-72.744044,42.617083],[-72.743956,42.617034],[-72.743878,42.616987],[-72.743787,42.616932],[-72.743709,42.616882],[-72.743619,42.616823],[-72.743511,42.616752],[-72.743399,42.616672],[-72.743277,42.616584],[-72.742861,42.616276],[-72.742676,42.616141],[-72.742523,42.616036],[-72.742373,42.615933],[-72.742204,42.615827],[-72.74203,42.615718],[-72.741848,42.615607],[-72.741454,42.615381],[-72.740905,42.61511],[-72.7408,42.615058],[-72.739905,42.614665],[-72.739367,42.61443],[-72.739158,42.614339],[-72.739154,42.614337],[-72.739042,42.614288],[-72.738833,42.614197],[-72.738424,42.61402],[-72.73775,42.613725],[-72.737272,42.613518],[-72.737034,42.613414],[-72.735929,42.612935],[-72.735741,42.612853],[-72.735365,42.61269],[-72.735029,42.61254],[-72.734573,42.612317],[-72.734433,42.612234],[-72.734418,42.612225],[-72.734417,42.612224],[-72.734403,42.612216],[-72.734398,42.612213],[-72.734308,42.61216],[-72.734173,42.612072],[-72.734101,42.612025],[-72.73407,42.612004],[-72.733612,42.611636],[-72.733116,42.611238],[-72.732702,42.610859],[-72.732619,42.610769],[-72.732355,42.610482],[-72.73198,42.610017],[-72.731813,42.609777],[-72.731635,42.609521],[-72.731386,42.609078],[-72.730914,42.608235],[-72.730891,42.608192],[-72.73086,42.608133],[-72.730554,42.607554],[-72.730475,42.607358],[-72.730365,42.607085],[-72.730225,42.606581],[-72.730188,42.606409],[-72.730166,42.606228],[-72.730162,42.606195],[-72.730142,42.6059],[-72.73014,42.605528],[-72.730176,42.605141],[-72.730222,42.604882],[-72.730531,42.60364],[-72.730674,42.603152],[-72.730759,42.602712],[-72.730775,42.602219],[-72.730755,42.60189],[-72.730709,42.601512],[-72.730615,42.601103],[-72.730512,42.600795],[-72.730418,42.600555],[-72.730172,42.600044],[-72.729821,42.599458],[-72.72949,42.598848],[-72.729288,42.598473],[-72.728974,42.597895],[-72.728697,42.597362],[-72.72847,42.596941],[-72.727836,42.595774],[-72.727516,42.595184],[-72.727306,42.594857],[-72.727059,42.594536],[-72.726794,42.594289],[-72.72658,42.594086],[-72.726284,42.593842],[-72.726134,42.593721],[-72.726006,42.593619],[-72.725561,42.593274],[-72.725318,42.593091],[-72.725175,42.593001],[-72.72492,42.592861],[-72.72479,42.592796],[-72.72465,42.592735],[-72.724571,42.592704],[-72.724316,42.592616],[-72.724042,42.592534],[-72.723869,42.592485],[-72.723716,42.592448],[-72.723409,42.592379],[-72.722998,42.592278],[-72.722844,42.592238],[-72.72264,42.592182],[-72.722439,42.592123],[-72.722149,42.592029],[-72.722006,42.591978],[-72.721551,42.591803],[-72.721108,42.59161],[-72.720405,42.591285],[-72.720213,42.591184],[-72.720088,42.59111],[-72.719983,42.591044],[-72.719768,42.590904],[-72.719639,42.590809],[-72.719514,42.590708],[-72.719339,42.590548],[-72.719235,42.590441],[-72.719146,42.590343],[-72.719059,42.59024],[-72.7189,42.590024],[-72.718802,42.58987],[-72.718698,42.589692],[-72.718582,42.589484],[-72.718426,42.589195],[-72.71824,42.58884],[-72.718144,42.588663],[-72.718084,42.58856],[-72.717838,42.588149],[-72.71779,42.58808],[-72.717639,42.58788],[-72.717471,42.587674],[-72.717327,42.587513],[-72.717212,42.587393],[-72.717101,42.587283],[-72.716993,42.587183],[-72.71687,42.587075],[-72.716731,42.586961],[-72.716577,42.586839],[-72.715998,42.586404],[-72.715313,42.585902],[-72.714313,42.585173],[-72.71364,42.584681],[-72.713519,42.584599],[-72.713408,42.584533],[-72.713158,42.584404],[-72.712991,42.584334],[-72.712835,42.584276],[-72.712673,42.584226],[-72.712438,42.584169],[-72.712253,42.584134],[-72.711989,42.584094],[-72.711696,42.584059],[-72.711689,42.584059],[-72.711573,42.584046],[-72.710814,42.583965],[-72.710113,42.583891],[-72.709214,42.583796],[-72.708256,42.5837],[-72.707671,42.58364],[-72.707422,42.583622],[-72.707103,42.583595],[-72.706945,42.583585],[-72.706705,42.583573],[-72.706468,42.58357],[-72.70631,42.583571],[-72.705984,42.583576],[-72.705703,42.583591],[-72.70543,42.583617],[-72.705193,42.583642],[-72.704805,42.583697],[-72.704638,42.583725],[-72.704468,42.583757],[-72.7043,42.583792],[-72.704147,42.583826],[-72.703935,42.58388],[-72.703789,42.58392],[-72.703647,42.583962],[-72.703439,42.584027],[-72.703298,42.584074],[-72.703085,42.584153],[-72.702944,42.584209],[-72.70267,42.584322],[-72.702194,42.584534],[-72.701194,42.584992],[-72.700282,42.585412],[-72.699704,42.585684],[-72.699701,42.585685],[-72.699245,42.5859],[-72.698556,42.586206],[-72.697891,42.586509],[-72.696855,42.586994],[-72.695973,42.587399],[-72.695541,42.587599],[-72.694787,42.58795],[-72.694055,42.588295],[-72.693499,42.588547],[-72.692984,42.58878],[-72.692712,42.588885],[-72.692466,42.588969],[-72.692214,42.589061],[-72.691578,42.589258],[-72.690899,42.589462],[-72.690557,42.589553],[-72.689674,42.589802],[-72.688997,42.590028],[-72.688504,42.590223],[-72.687886,42.590504],[-72.687468,42.590704],[-72.686509,42.591168],[-72.686331,42.591257],[-72.685135,42.591827],[-72.684261,42.59222],[-72.683297,42.592607],[-72.682044,42.593126],[-72.680996,42.593621],[-72.680749,42.593748],[-72.679887,42.594189],[-72.679112,42.594577],[-72.678116,42.595052],[-72.677166,42.595475],[-72.676382,42.595766],[-72.675734,42.595976],[-72.675039,42.596161],[-72.674227,42.596342],[-72.673032,42.596579],[-72.672759,42.596644],[-72.672625,42.59668],[-72.672414,42.596748],[-72.672311,42.596786],[-72.672188,42.596837],[-72.672069,42.596894],[-72.671954,42.596955],[-72.67185,42.597016],[-72.671749,42.597082],[-72.671555,42.597222],[-72.671499,42.597267],[-72.671373,42.597373],[-72.671221,42.597517],[-72.671153,42.597593],[-72.671087,42.597683],[-72.671029,42.597777],[-72.670929,42.597954],[-72.670843,42.598119],[-72.670492,42.599443],[-72.67048,42.59956],[-72.670473,42.599904],[-72.670473,42.600015],[-72.67048,42.600125],[-72.670507,42.600285],[-72.670564,42.600516],[-72.670597,42.600618],[-72.670634,42.600719],[-72.670677,42.600817],[-72.670772,42.601012],[-72.670933,42.601303],[-72.671761,42.602612],[-72.671934,42.602885],[-72.672212,42.603324],[-72.67227,42.603419],[-72.672344,42.60356],[-72.672403,42.603678],[-72.672488,42.603858],[-72.672526,42.60395],[-72.67258,42.604093],[-72.6726,42.604165],[-72.672611,42.604228],[-72.672625,42.604356],[-72.672652,42.604567],[-72.672647,42.604719],[-72.672632,42.604886],[-72.672286,42.607984],[-72.672239,42.608246],[-72.672216,42.608352],[-72.672178,42.608495],[-72.672174,42.608508],[-72.672133,42.60864],[-72.672087,42.608771],[-72.671984,42.609031],[-72.671945,42.609113],[-72.671924,42.609158],[-72.671847,42.609299],[-72.671763,42.609438],[-72.671586,42.609707],[-72.671493,42.609839],[-72.671392,42.609967],[-72.67128,42.61009],[-72.67117,42.610199],[-72.671035,42.610325],[-72.670893,42.610454],[-72.670746,42.61058],[-72.670594,42.610702],[-72.670427,42.610825],[-72.670254,42.610944],[-72.670074,42.611057],[-72.66993,42.611142],[-72.669782,42.611223],[-72.669632,42.611302],[-72.669374,42.611431],[-72.668958,42.611628],[-72.668751,42.611729],[-72.668448,42.611884],[-72.668244,42.611983],[-72.668079,42.612056],[-72.667911,42.612127],[-72.667741,42.612193],[-72.667564,42.612258],[-72.667384,42.612319],[-72.667201,42.612376],[-72.666921,42.612454],[-72.666778,42.61249],[-72.666563,42.612539],[-72.666392,42.612575],[-72.66622,42.612608],[-72.666047,42.612636],[-72.665896,42.612656],[-72.665743,42.612673],[-72.66559,42.612685],[-72.665402,42.612695],[-72.665214,42.6127],[-72.665026,42.612701],[-72.664841,42.612699],[-72.664656,42.612694],[-72.6643,42.612675],[-72.66413,42.612662],[-72.66396,42.612644],[-72.663777,42.612616],[-72.663595,42.612581],[-72.663111,42.612481],[-72.662963,42.612446],[-72.66282,42.612407],[-72.66268,42.612364],[-72.662434,42.61228],[-72.662223,42.612199],[-72.662055,42.61213],[-72.661889,42.612056],[-72.661726,42.61198],[-72.66157,42.611903],[-72.661416,42.611822],[-72.661265,42.611739],[-72.661073,42.611625],[-72.660539,42.611289],[-72.66038,42.611188],[-72.660218,42.611091],[-72.660076,42.611011],[-72.659931,42.610933],[-72.659554,42.610739],[-72.659436,42.610683],[-72.659293,42.610621],[-72.659002,42.610504],[-72.656714,42.609623],[-72.656198,42.609451],[-72.655594,42.609284],[-72.655072,42.609156],[-72.655036,42.609148],[-72.654827,42.6091],[-72.65434,42.608988],[-72.653431,42.608779],[-72.653161,42.608727],[-72.652888,42.608696],[-72.652676,42.608687],[-72.652479,42.608678],[-72.652303,42.608681],[-72.652128,42.608693],[-72.651952,42.608704],[-72.651792,42.608721],[-72.651548,42.608751],[-72.651355,42.608798],[-72.651101,42.608862],[-72.650849,42.608942],[-72.650622,42.609026],[-72.650245,42.609188],[-72.649167,42.609652],[-72.648732,42.609817],[-72.648495,42.609891],[-72.648244,42.609952],[-72.648036,42.60999],[-72.647803,42.610026],[-72.647633,42.610042],[-72.647351,42.610051],[-72.647134,42.610054],[-72.646826,42.610034],[-72.646545,42.610004],[-72.646259,42.609956],[-72.646126,42.609927],[-72.645992,42.609893],[-72.645858,42.609857],[-72.645724,42.609814],[-72.645597,42.60977],[-72.64547,42.609719],[-72.64535,42.609667],[-72.645234,42.609614],[-72.645118,42.609555],[-72.645,42.609491],[-72.644894,42.609428],[-72.644794,42.609366],[-72.644689,42.609295],[-72.644589,42.609221],[-72.644492,42.609143],[-72.6444,42.609062],[-72.644311,42.608979],[-72.644215,42.608886],[-72.644119,42.608786],[-72.644017,42.608678],[-72.643741,42.608386],[-72.643334,42.607949],[-72.642445,42.60699],[-72.641942,42.606452],[-72.641917,42.606425],[-72.641723,42.606219],[-72.641342,42.605805],[-72.640907,42.605342],[-72.638973,42.603279],[-72.638297,42.602559],[-72.637958,42.602196],[-72.637835,42.602061],[-72.63772,42.601931],[-72.637611,42.6018],[-72.637506,42.601667],[-72.637406,42.601536],[-72.637307,42.601402],[-72.637095,42.601114],[-72.6369,42.6008],[-72.636681,42.60039],[-72.636491,42.599978],[-72.636314,42.599559],[-72.636132,42.599154],[-72.635981,42.598845],[-72.635525,42.598025],[-72.635309,42.59763],[-72.635035,42.597217],[-72.63482,42.596918],[-72.633621,42.595295],[-72.633347,42.594926],[-72.633133,42.594632],[-72.633018,42.594469],[-72.632911,42.594309],[-72.632811,42.594153],[-72.632712,42.593992],[-72.632609,42.593818],[-72.632525,42.593671],[-72.632441,42.593515],[-72.632355,42.593344],[-72.632276,42.593179],[-72.632201,42.593014],[-72.63213,42.592859],[-72.632058,42.592696],[-72.631994,42.592535],[-72.631934,42.592377],[-72.631879,42.592215],[-72.631809,42.591999],[-72.631711,42.591685],[-72.631399,42.590676],[-72.63135,42.590512],[-72.631297,42.590343],[-72.631241,42.590174],[-72.631186,42.590014],[-72.631142,42.589894],[-72.63109,42.589764],[-72.631034,42.58964],[-72.630979,42.58953],[-72.630916,42.589409],[-72.630847,42.589285],[-72.630775,42.589168],[-72.630702,42.589053],[-72.630612,42.58892],[-72.630516,42.588789],[-72.630425,42.588671],[-72.630326,42.588553],[-72.630222,42.588433],[-72.630115,42.588316],[-72.630014,42.58821],[-72.629903,42.5881],[-72.629783,42.587991],[-72.629661,42.587887],[-72.62956,42.587804],[-72.629478,42.587738],[-72.629332,42.587623],[-72.629218,42.587536],[-72.629104,42.587451],[-72.628862,42.58725],[-72.628757,42.587169],[-72.628667,42.587107],[-72.628577,42.587048],[-72.628483,42.586988],[-72.628383,42.586929],[-72.628277,42.58687],[-72.628171,42.586814],[-72.628029,42.586742],[-72.627915,42.586688],[-72.627788,42.586629],[-72.627666,42.586577],[-72.627537,42.586526],[-72.627399,42.586475],[-72.627267,42.586427],[-72.627127,42.586379],[-72.626979,42.58633],[-72.626828,42.586284],[-72.626663,42.586235],[-72.626505,42.586191],[-72.626323,42.586142],[-72.62614,42.586097],[-72.626029,42.586073],[-72.625741,42.586016],[-72.625531,42.585976],[-72.625331,42.585938],[-72.624902,42.585861],[-72.624401,42.58577],[-72.624381,42.585766],[-72.62424,42.58574],[-72.623554,42.585615],[-72.623287,42.585566],[-72.623225,42.585554],[-72.623162,42.585539],[-72.623105,42.585523],[-72.623047,42.585505],[-72.622994,42.585484],[-72.622939,42.585459],[-72.622887,42.585427],[-72.622836,42.585391],[-72.622791,42.585355],[-72.62275,42.585317],[-72.622711,42.585274],[-72.622669,42.585225],[-72.62255,42.585077],[-72.622519,42.585038],[-72.622511,42.585028],[-72.622446,42.584946],[-72.622392,42.584884],[-72.622329,42.58482],[-72.622268,42.584769],[-72.622195,42.584717],[-72.622125,42.584675],[-72.622043,42.584636],[-72.621952,42.584599],[-72.621869,42.584575],[-72.621775,42.584552],[-72.621669,42.584534],[-72.621572,42.584524],[-72.621458,42.584521],[-72.621352,42.584527],[-72.621317,42.584531],[-72.621314,42.584531],[-72.621242,42.58454],[-72.621143,42.584559],[-72.621064,42.584581],[-72.620982,42.584609],[-72.620897,42.584645],[-72.62081,42.584685],[-72.620782,42.584698],[-72.620675,42.58475],[-72.620652,42.584761],[-72.62038,42.584891],[-72.62032,42.584916],[-72.620261,42.584936],[-72.6202,42.584953],[-72.620135,42.584969],[-72.62006,42.58498],[-72.619987,42.584985],[-72.619902,42.584985],[-72.619809,42.584984],[-72.619532,42.584973],[-72.6192,42.584916],[-72.61899,42.58488],[-72.618796,42.584848],[-72.618497,42.584797],[-72.618193,42.584735],[-72.617968,42.584688],[-72.61776,42.58465],[-72.617525,42.58461],[-72.617395,42.584588],[-72.617258,42.584568],[-72.617115,42.584551],[-72.616959,42.584538],[-72.616785,42.584527],[-72.616617,42.584518],[-72.616506,42.584514],[-72.616406,42.584512],[-72.616297,42.584512],[-72.61619,42.584514],[-72.616067,42.584523],[-72.615947,42.584531],[-72.615834,42.584543],[-72.615731,42.584554],[-72.615605,42.584572],[-72.615462,42.584594],[-72.61532,42.584619],[-72.615181,42.584645],[-72.615062,42.58467],[-72.614945,42.584698],[-72.614838,42.584726],[-72.614736,42.584757],[-72.614634,42.58479],[-72.61449,42.584837],[-72.614252,42.584918],[-72.614014,42.585],[-72.613804,42.585071],[-72.613627,42.585135],[-72.613445,42.585202],[-72.613294,42.58526],[-72.613154,42.585317],[-72.612938,42.585404],[-72.612917,42.585413],[-72.612751,42.585482],[-72.612566,42.585559],[-72.612546,42.585568],[-72.612342,42.585652],[-72.612312,42.585665],[-72.611883,42.585852],[-72.611467,42.586025],[-72.611246,42.586122],[-72.61067,42.586385],[-72.610466,42.586487],[-72.610025,42.586716],[-72.609653,42.586906],[-72.609489,42.586992],[-72.609355,42.587049],[-72.609252,42.587086],[-72.609162,42.587111],[-72.609048,42.587133],[-72.609001,42.587142],[-72.608902,42.587158],[-72.608795,42.587172],[-72.608691,42.587186],[-72.608542,42.587206],[-72.608448,42.587218],[-72.608334,42.587232],[-72.607441,42.587339],[-72.607031,42.587385],[-72.606707,42.587417],[-72.606642,42.587424],[-72.606548,42.587435],[-72.606456,42.587445],[-72.606225,42.587471],[-72.606079,42.587488],[-72.605899,42.587508],[-72.605848,42.587513],[-72.605427,42.587563],[-72.604978,42.587617],[-72.604747,42.587643],[-72.604523,42.587669],[-72.60406,42.587721],[-72.603725,42.587762],[-72.603157,42.587833],[-72.602869,42.587867],[-72.602684,42.587889],[-72.602559,42.587904],[-72.602337,42.587931],[-72.602043,42.587969],[-72.601974,42.587975],[-72.601795,42.58799],[-72.601588,42.587996],[-72.601351,42.587996],[-72.60108,42.587966],[-72.601032,42.58796],[-72.600941,42.58795],[-72.600728,42.587923],[-72.600689,42.587918],[-72.600398,42.587867],[-72.600241,42.587839],[-72.600326,42.587702],[-72.600338,42.587683],[-72.600468,42.587432],[-72.600524,42.587293],[-72.600593,42.587123],[-72.600609,42.587044],[-72.600661,42.586846],[-72.600685,42.586765],[-72.600736,42.586588],[-72.600772,42.586461],[-72.600806,42.586344],[-72.600669,42.586323],[-72.600639,42.586319],[-72.600407,42.586289],[-72.60037773877153,42.5862380326829],[-72.60039273877152,42.5861730326829],[-72.60051232090913,42.58579328244957],[-72.60061757155867,42.58557372037987],[-72.6006263424463,42.58547362564994],[-72.60057152439948,42.58539613284563]]}},{"type":"Feature","properties":{"agency":"Link413","shape_id":"p_1441543"},"geometry":{"type":"LineString","coordinates":[[-72.60057282801776,42.58536952144058],[-72.60048650207739,42.58521351232005],[-72.60036878488593,42.5851952149286],[-72.60025237566309,42.58525973728536],[-72.60032823785352,42.585378188602505],[-72.60041194785613,42.585416709307424],[-72.60047080645556,42.58550186796671],[-72.60051766100585,42.58567967673536],[-72.60043566100585,42.58603367673536],[-72.60042066100586,42.58609867673536],[-72.600407,42.586289],[-72.600639,42.586319],[-72.600669,42.586323],[-72.600806,42.586344],[-72.600844,42.586209],[-72.600984,42.585747],[-72.601003,42.585676],[-72.601005,42.585669],[-72.601064,42.585481],[-72.601119,42.585303],[-72.601132,42.585259],[-72.601276,42.585252],[-72.601656,42.585198],[-72.602189,42.585172],[-72.602312,42.585162],[-72.602391,42.585157],[-72.602485,42.58515],[-72.602595,42.585139],[-72.602604,42.585138],[-72.602713,42.585123],[-72.602818,42.585105],[-72.60288,42.585092],[-72.602934,42.585079],[-72.603037,42.585049],[-72.603139,42.585014],[-72.603231,42.58498],[-72.603297,42.584955],[-72.603391,42.584916],[-72.603464,42.584883],[-72.603516,42.584856],[-72.603599,42.584813],[-72.603672,42.58477],[-72.603765,42.584712],[-72.603818,42.584672],[-72.603844,42.584649],[-72.603862,42.584632],[-72.603994,42.584516],[-72.604107,42.584411],[-72.604124,42.584395],[-72.604312,42.584213],[-72.604537,42.583997],[-72.604725,42.583814],[-72.604782,42.583758],[-72.604805,42.583735],[-72.604868,42.58365],[-72.604964,42.583559],[-72.60517,42.583388],[-72.605223,42.58335],[-72.605332,42.583264],[-72.605354,42.583249],[-72.605365,42.583241],[-72.605664,42.583032],[-72.606048,42.582778],[-72.606239,42.582648],[-72.606355,42.582575],[-72.606519,42.582489],[-72.606621,42.582443],[-72.606726,42.582401],[-72.606814,42.582371],[-72.60691,42.582343],[-72.607071,42.582306],[-72.60721,42.582281],[-72.607343,42.582264],[-72.607505,42.582253],[-72.607674,42.582252],[-72.607834,42.582259],[-72.608017,42.58227],[-72.608227,42.582289],[-72.608325,42.5823],[-72.608396,42.582308],[-72.60846,42.582316],[-72.608569,42.582329],[-72.608693,42.582348],[-72.608724,42.582353],[-72.608862,42.58238],[-72.609009,42.58241],[-72.609327,42.58248],[-72.609642,42.582557],[-72.609964,42.582636],[-72.610196,42.582694],[-72.610398,42.58276],[-72.610414,42.582766],[-72.610506,42.582803],[-72.610613,42.582855],[-72.610689,42.582896],[-72.610718,42.582912],[-72.610728,42.582918],[-72.610812,42.582973],[-72.61091,42.583043],[-72.610961,42.583085],[-72.611028,42.583145],[-72.611091,42.58321],[-72.611157,42.583289],[-72.611234,42.583395],[-72.611309,42.583491],[-72.611406,42.583618],[-72.611553,42.583836],[-72.611894,42.584318],[-72.612139,42.584643],[-72.61227,42.584826],[-72.612384,42.584986],[-72.612449,42.585078],[-72.612514,42.585167],[-72.612663,42.585365],[-72.612742,42.585471],[-72.612751,42.585482],[-72.612917,42.585413],[-72.612938,42.585404],[-72.613154,42.585317],[-72.613294,42.58526],[-72.613445,42.585202],[-72.613627,42.585135],[-72.613804,42.585071],[-72.614014,42.585],[-72.614252,42.584918],[-72.61449,42.584837],[-72.614634,42.58479],[-72.614736,42.584757],[-72.614838,42.584726],[-72.614945,42.584698],[-72.615062,42.58467],[-72.615181,42.584645],[-72.61532,42.584619],[-72.615462,42.584594],[-72.615605,42.584572],[-72.615731,42.584554],[-72.615834,42.584543],[-72.615947,42.584531],[-72.616067,42.584523],[-72.61619,42.584514],[-72.616297,42.584512],[-72.616406,42.584512],[-72.616506,42.584514],[-72.616617,42.584518],[-72.616785,42.584527],[-72.616959,42.584538],[-72.617115,42.584551],[-72.617258,42.584568],[-72.617395,42.584588],[-72.617525,42.58461],[-72.61776,42.58465],[-72.617968,42.584688],[-72.618193,42.584735],[-72.618497,42.584797],[-72.618796,42.584848],[-72.61899,42.58488],[-72.6192,42.584916],[-72.619532,42.584973],[-72.619735,42.585038],[-72.619818,42.585067],[-72.619889,42.585093],[-72.619951,42.58512],[-72.620009,42.585152],[-72.620059,42.585186],[-72.620112,42.585227],[-72.620156,42.585266],[-72.620204,42.585316],[-72.620243,42.585363],[-72.620292,42.585428],[-72.62046,42.585655],[-72.620475,42.585676],[-72.620497,42.585701],[-72.620535,42.585746],[-72.620596,42.585813],[-72.62067,42.58588],[-72.620735,42.585929],[-72.620818,42.585979],[-72.620831,42.585986],[-72.620892,42.586016],[-72.620962,42.586047],[-72.621044,42.586077],[-72.621138,42.586103],[-72.621232,42.586122],[-72.621324,42.586137],[-72.621418,42.586146],[-72.621523,42.586146],[-72.621559,42.586144],[-72.621616,42.58614],[-72.621705,42.586127],[-72.621716,42.586125],[-72.621788,42.58611],[-72.621876,42.586089],[-72.621955,42.586063],[-72.62204,42.586027],[-72.622163,42.585972],[-72.6222,42.585955],[-72.622239,42.585936],[-72.622538,42.585791],[-72.622594,42.585768],[-72.62265,42.585748],[-72.622712,42.585729],[-72.622775,42.585715],[-72.622842,42.585701],[-72.622911,42.585691],[-72.622981,42.585683],[-72.623057,42.585679],[-72.623128,42.58568],[-72.623202,42.585684],[-72.623275,42.585692],[-72.623491,42.585728],[-72.623983,42.585817],[-72.624203,42.585856],[-72.624344,42.585882],[-72.624445,42.5859],[-72.625125,42.586025],[-72.625515,42.586097],[-72.6257,42.586131],[-72.625898,42.586168],[-72.626098,42.586207],[-72.626279,42.586246],[-72.626453,42.586287],[-72.62661,42.586326],[-72.62678,42.586371],[-72.626937,42.586416],[-72.627081,42.586462],[-72.62722,42.586508],[-72.627349,42.586555],[-72.627484,42.586607],[-72.627612,42.58666],[-72.627731,42.586711],[-72.627831,42.586756],[-72.627924,42.586799],[-72.628013,42.586841],[-72.628103,42.586884],[-72.628208,42.586938],[-72.628318,42.586995],[-72.628422,42.587051],[-72.628512,42.587101],[-72.628608,42.587158],[-72.628702,42.587215],[-72.628815,42.587283],[-72.629104,42.587451],[-72.629218,42.587536],[-72.629332,42.587623],[-72.629478,42.587738],[-72.62956,42.587804],[-72.629661,42.587887],[-72.629783,42.587991],[-72.629903,42.5881],[-72.630014,42.58821],[-72.630115,42.588316],[-72.630222,42.588433],[-72.630326,42.588553],[-72.630425,42.588671],[-72.630516,42.588789],[-72.630612,42.58892],[-72.630702,42.589053],[-72.630775,42.589168],[-72.630847,42.589285],[-72.630916,42.589409],[-72.630979,42.58953],[-72.631034,42.58964],[-72.63109,42.589764],[-72.631142,42.589894],[-72.631186,42.590014],[-72.631241,42.590174],[-72.631297,42.590343],[-72.63135,42.590512],[-72.631399,42.590676],[-72.631711,42.591685],[-72.631809,42.591999],[-72.631879,42.592215],[-72.631934,42.592377],[-72.631994,42.592535],[-72.632058,42.592696],[-72.63213,42.592859],[-72.632201,42.593014],[-72.632276,42.593179],[-72.632355,42.593344],[-72.632441,42.593515],[-72.632525,42.593671],[-72.632609,42.593818],[-72.632712,42.593992],[-72.632811,42.594153],[-72.632911,42.594309],[-72.633018,42.594469],[-72.633133,42.594632],[-72.633347,42.594926],[-72.633621,42.595295],[-72.63482,42.596918],[-72.635035,42.597217],[-72.635309,42.59763],[-72.635525,42.598025],[-72.635981,42.598845],[-72.636132,42.599154],[-72.636314,42.599559],[-72.636491,42.599978],[-72.636681,42.60039],[-72.6369,42.6008],[-72.637095,42.601114],[-72.637307,42.601402],[-72.637406,42.601536],[-72.637506,42.601667],[-72.637611,42.6018],[-72.63772,42.601931],[-72.637835,42.602061],[-72.637958,42.602196],[-72.638297,42.602559],[-72.638973,42.603279],[-72.640907,42.605342],[-72.641342,42.605805],[-72.641723,42.606219],[-72.641917,42.606425],[-72.641942,42.606452],[-72.642445,42.60699],[-72.643334,42.607949],[-72.643741,42.608386],[-72.644017,42.608678],[-72.644119,42.608786],[-72.644215,42.608886],[-72.644311,42.608979],[-72.6444,42.609062],[-72.644492,42.609143],[-72.644589,42.609221],[-72.644689,42.609295],[-72.644794,42.609366],[-72.644894,42.609428],[-72.645,42.609491],[-72.645118,42.609555],[-72.645234,42.609614],[-72.64535,42.609667],[-72.64547,42.609719],[-72.645597,42.60977],[-72.645724,42.609814],[-72.645858,42.609857],[-72.645992,42.609893],[-72.646126,42.609927],[-72.646259,42.609956],[-72.646545,42.610004],[-72.646826,42.610034],[-72.647134,42.610054],[-72.647351,42.610051],[-72.647633,42.610042],[-72.647803,42.610026],[-72.648036,42.60999],[-72.648244,42.609952],[-72.648495,42.609891],[-72.648732,42.609817],[-72.649167,42.609652],[-72.650245,42.609188],[-72.650622,42.609026],[-72.650849,42.608942],[-72.651101,42.608862],[-72.651355,42.608798],[-72.651548,42.608751],[-72.651792,42.608721],[-72.651952,42.608704],[-72.652128,42.608693],[-72.652303,42.608681],[-72.652479,42.608678],[-72.652676,42.608687],[-72.652888,42.608696],[-72.653161,42.608727],[-72.653431,42.608779],[-72.65434,42.608988],[-72.654827,42.6091],[-72.655036,42.609148],[-72.655072,42.609156],[-72.655594,42.609284],[-72.656198,42.609451],[-72.656714,42.609623],[-72.659002,42.610504],[-72.659293,42.610621],[-72.659436,42.610683],[-72.659554,42.610739],[-72.659931,42.610933],[-72.660076,42.611011],[-72.660218,42.611091],[-72.66038,42.611188],[-72.660539,42.611289],[-72.661073,42.611625],[-72.661265,42.611739],[-72.661416,42.611822],[-72.66157,42.611903],[-72.661726,42.61198],[-72.661889,42.612056],[-72.662055,42.61213],[-72.662223,42.612199],[-72.662434,42.61228],[-72.66268,42.612364],[-72.66282,42.612407],[-72.662963,42.612446],[-72.663111,42.612481],[-72.663595,42.612581],[-72.663777,42.612616],[-72.66396,42.612644],[-72.66413,42.612662],[-72.6643,42.612675],[-72.664656,42.612694],[-72.664841,42.612699],[-72.665026,42.612701],[-72.665214,42.6127],[-72.665402,42.612695],[-72.66559,42.612685],[-72.665743,42.612673],[-72.665896,42.612656],[-72.666047,42.612636],[-72.66622,42.612608],[-72.666392,42.612575],[-72.666563,42.612539],[-72.666778,42.61249],[-72.666921,42.612454],[-72.667201,42.612376],[-72.667384,42.612319],[-72.667564,42.612258],[-72.667741,42.612193],[-72.667911,42.612127],[-72.668079,42.612056],[-72.668244,42.611983],[-72.668448,42.611884],[-72.668751,42.611729],[-72.668958,42.611628],[-72.669374,42.611431],[-72.669632,42.611302],[-72.669782,42.611223],[-72.66993,42.611142],[-72.670074,42.611057],[-72.670254,42.610944],[-72.670427,42.610825],[-72.670594,42.610702],[-72.670746,42.61058],[-72.670893,42.610454],[-72.671035,42.610325],[-72.67117,42.610199],[-72.67128,42.61009],[-72.671392,42.609967],[-72.671493,42.609839],[-72.671586,42.609707],[-72.671763,42.609438],[-72.671847,42.609299],[-72.671924,42.609158],[-72.671945,42.609113],[-72.671984,42.609031],[-72.672087,42.608771],[-72.672133,42.60864],[-72.672174,42.608508],[-72.672178,42.608495],[-72.672216,42.608352],[-72.672239,42.608246],[-72.672286,42.607984],[-72.672632,42.604886],[-72.672647,42.604719],[-72.672652,42.604567],[-72.672625,42.604356],[-72.672611,42.604228],[-72.6726,42.604165],[-72.67258,42.604093],[-72.672526,42.60395],[-72.672488,42.603858],[-72.672403,42.603678],[-72.672344,42.60356],[-72.67227,42.603419],[-72.672212,42.603324],[-72.671934,42.602885],[-72.671761,42.602612],[-72.670933,42.601303],[-72.670772,42.601012],[-72.670677,42.600817],[-72.670634,42.600719],[-72.670597,42.600618],[-72.670564,42.600516],[-72.670507,42.600285],[-72.67048,42.600125],[-72.670473,42.600015],[-72.670473,42.599904],[-72.67048,42.59956],[-72.670492,42.599443],[-72.670843,42.598119],[-72.670929,42.597954],[-72.671029,42.597777],[-72.671087,42.597683],[-72.671153,42.597593],[-72.671221,42.597517],[-72.671373,42.597373],[-72.671499,42.597267],[-72.671555,42.597222],[-72.671749,42.597082],[-72.67185,42.597016],[-72.671954,42.596955],[-72.672069,42.596894],[-72.672188,42.596837],[-72.672311,42.596786],[-72.672414,42.596748],[-72.672625,42.59668],[-72.672759,42.596644],[-72.673032,42.596579],[-72.674227,42.596342],[-72.675039,42.596161],[-72.675734,42.595976],[-72.676382,42.595766],[-72.677166,42.595475],[-72.678116,42.595052],[-72.679112,42.594577],[-72.679887,42.594189],[-72.680749,42.593748],[-72.680996,42.593621],[-72.682044,42.593126],[-72.683297,42.592607],[-72.684261,42.59222],[-72.685135,42.591827],[-72.686331,42.591257],[-72.686509,42.591168],[-72.687468,42.590704],[-72.687886,42.590504],[-72.688504,42.590223],[-72.688997,42.590028],[-72.689674,42.589802],[-72.690557,42.589553],[-72.690899,42.589462],[-72.691578,42.589258],[-72.692214,42.589061],[-72.692466,42.588969],[-72.692712,42.588885],[-72.692984,42.58878],[-72.693499,42.588547],[-72.694055,42.588295],[-72.694787,42.58795],[-72.695541,42.587599],[-72.695973,42.587399],[-72.696855,42.586994],[-72.697891,42.586509],[-72.698556,42.586206],[-72.699245,42.5859],[-72.699701,42.585685],[-72.699704,42.585684],[-72.700282,42.585412],[-72.701194,42.584992],[-72.702194,42.584534],[-72.70267,42.584322],[-72.702944,42.584209],[-72.703085,42.584153],[-72.703298,42.584074],[-72.703439,42.584027],[-72.703647,42.583962],[-72.703789,42.58392],[-72.703935,42.58388],[-72.704147,42.583826],[-72.7043,42.583792],[-72.704468,42.583757],[-72.704638,42.583725],[-72.704805,42.583697],[-72.705193,42.583642],[-72.70543,42.583617],[-72.705703,42.583591],[-72.705984,42.583576],[-72.70631,42.583571],[-72.706468,42.58357],[-72.706705,42.583573],[-72.706945,42.583585],[-72.707103,42.583595],[-72.707422,42.583622],[-72.707671,42.58364],[-72.708256,42.5837],[-72.709214,42.583796],[-72.710113,42.583891],[-72.710814,42.583965],[-72.711573,42.584046],[-72.711689,42.584059],[-72.711696,42.584059],[-72.711989,42.584094],[-72.712253,42.584134],[-72.712438,42.584169],[-72.712673,42.584226],[-72.712835,42.584276],[-72.712991,42.584334],[-72.713158,42.584404],[-72.713408,42.584533],[-72.713519,42.584599],[-72.71364,42.584681],[-72.714313,42.585173],[-72.715313,42.585902],[-72.715998,42.586404],[-72.716577,42.586839],[-72.716731,42.586961],[-72.71687,42.587075],[-72.716993,42.587183],[-72.717101,42.587283],[-72.717212,42.587393],[-72.717327,42.587513],[-72.717471,42.587674],[-72.717639,42.58788],[-72.71779,42.58808],[-72.717838,42.588149],[-72.718084,42.58856],[-72.718144,42.588663],[-72.71824,42.58884],[-72.718426,42.589195],[-72.718582,42.589484],[-72.718698,42.589692],[-72.718802,42.58987],[-72.7189,42.590024],[-72.719059,42.59024],[-72.719146,42.590343],[-72.719235,42.590441],[-72.719339,42.590548],[-72.719514,42.590708],[-72.719639,42.590809],[-72.719768,42.590904],[-72.719983,42.591044],[-72.720088,42.59111],[-72.720213,42.591184],[-72.720405,42.591285],[-72.721108,42.59161],[-72.721551,42.591803],[-72.722006,42.591978],[-72.722149,42.592029],[-72.722439,42.592123],[-72.72264,42.592182],[-72.722844,42.592238],[-72.722998,42.592278],[-72.723409,42.592379],[-72.723716,42.592448],[-72.723869,42.592485],[-72.724042,42.592534],[-72.724316,42.592616],[-72.724571,42.592704],[-72.72465,42.592735],[-72.72479,42.592796],[-72.72492,42.592861],[-72.725175,42.593001],[-72.725318,42.593091],[-72.725561,42.593274],[-72.726006,42.593619],[-72.726134,42.593721],[-72.726284,42.593842],[-72.72658,42.594086],[-72.726794,42.594289],[-72.727059,42.594536],[-72.727306,42.594857],[-72.727516,42.595184],[-72.727836,42.595774],[-72.72847,42.596941],[-72.728697,42.597362],[-72.728974,42.597895],[-72.729288,42.598473],[-72.72949,42.598848],[-72.729821,42.599458],[-72.730172,42.600044],[-72.730418,42.600555],[-72.730512,42.600795],[-72.730615,42.601103],[-72.730709,42.601512],[-72.730755,42.60189],[-72.730775,42.602219],[-72.730759,42.602712],[-72.730674,42.603152],[-72.730531,42.60364],[-72.730222,42.604882],[-72.730176,42.605141],[-72.73014,42.605528],[-72.730142,42.6059],[-72.730162,42.606195],[-72.730166,42.606228],[-72.730188,42.606409],[-72.730225,42.606581],[-72.730365,42.607085],[-72.730475,42.607358],[-72.730554,42.607554],[-72.73086,42.608133],[-72.730891,42.608192],[-72.730914,42.608235],[-72.731386,42.609078],[-72.731635,42.609521],[-72.731813,42.609777],[-72.73198,42.610017],[-72.732355,42.610482],[-72.732619,42.610769],[-72.732702,42.610859],[-72.733116,42.611238],[-72.733612,42.611636],[-72.73407,42.612004],[-72.734101,42.612025],[-72.734173,42.612072],[-72.734308,42.61216],[-72.734398,42.612213],[-72.734403,42.612216],[-72.734417,42.612224],[-72.734418,42.612225],[-72.734433,42.612234],[-72.734573,42.612317],[-72.735029,42.61254],[-72.735365,42.61269],[-72.735741,42.612853],[-72.735929,42.612935],[-72.737034,42.613414],[-72.737272,42.613518],[-72.73775,42.613725],[-72.738424,42.61402],[-72.738833,42.614197],[-72.739042,42.614288],[-72.739154,42.614337],[-72.739158,42.614339],[-72.739367,42.61443],[-72.739905,42.614665],[-72.7408,42.615058],[-72.740905,42.61511],[-72.741454,42.615381],[-72.741848,42.615607],[-72.74203,42.615718],[-72.742204,42.615827],[-72.742373,42.615933],[-72.742523,42.616036],[-72.742676,42.616141],[-72.742861,42.616276],[-72.743277,42.616584],[-72.743399,42.616672],[-72.743511,42.616752],[-72.743619,42.616823],[-72.743709,42.616882],[-72.743787,42.616932],[-72.743878,42.616987],[-72.743956,42.617034],[-72.744044,42.617083],[-72.744124,42.617127],[-72.744217,42.617176],[-72.744295,42.617217],[-72.744417,42.617279],[-72.74454,42.617341],[-72.744664,42.617402],[-72.74503,42.617582],[-72.745396,42.617763],[-72.745932,42.618028],[-72.746082,42.618102],[-72.747043,42.618575],[-72.747945,42.619021],[-72.74853,42.619309],[-72.748683,42.619385],[-72.749065,42.619571],[-72.749221,42.619397],[-72.749264,42.619349],[-72.74941,42.619187],[-72.749236,42.619091],[-72.749011,42.618998],[-72.748874,42.619159],[-72.748824,42.619218],[-72.748683,42.619385],[-72.74853,42.619309],[-72.747945,42.619021],[-72.747043,42.618575],[-72.746082,42.618102],[-72.745932,42.618028],[-72.745396,42.617763],[-72.745388,42.617767],[-72.745349,42.617786],[-72.745306,42.617812],[-72.74527,42.617842],[-72.745245,42.617872],[-72.745219,42.617911],[-72.745212,42.617924],[-72.745195,42.617953],[-72.745165,42.618003],[-72.745125,42.618064],[-72.745078,42.618103],[-72.745025,42.618139],[-72.744971,42.618169],[-72.744917,42.618194],[-72.744857,42.618216],[-72.744799,42.618235],[-72.744736,42.61825],[-72.744674,42.61826],[-72.744611,42.618266],[-72.74455,42.618269],[-72.744487,42.618267],[-72.744419,42.61826],[-72.744347,42.618248],[-72.744279,42.61823],[-72.744218,42.61821],[-72.744158,42.618187],[-72.744104,42.61816],[-72.744055,42.618131],[-72.744008,42.618098],[-72.743968,42.618063],[-72.74393,42.618024],[-72.743894,42.61798],[-72.743861,42.617934],[-72.743835,42.617886],[-72.743811,42.617834],[-72.743793,42.617778],[-72.743782,42.617722],[-72.743776,42.617665],[-72.743775,42.61761],[-72.743779,42.617558],[-72.743788,42.617509],[-72.743801,42.617462],[-72.743822,42.617412],[-72.743843,42.617367],[-72.743872,42.61732],[-72.743903,42.617277],[-72.743939,42.617237],[-72.743959,42.617217],[-72.74396,42.617215],[-72.743976,42.6172],[-72.74402,42.617163],[-72.744061,42.617131],[-72.744114,42.617096],[-72.744167,42.617065],[-72.744217,42.617037],[-72.744266,42.617013],[-72.744316,42.61699],[-72.744365,42.616972],[-72.744417,42.616954],[-72.744465,42.616939],[-72.744503,42.61693],[-72.744537,42.616922],[-72.744576,42.616915],[-72.74458,42.616915],[-72.744617,42.61691],[-72.744678,42.616905],[-72.744746,42.616904],[-72.744809,42.616906],[-72.744881,42.616912],[-72.744951,42.616921],[-72.745016,42.616933],[-72.745085,42.616949],[-72.745164,42.616973],[-72.74524,42.616999],[-72.745313,42.617028],[-72.745658,42.617171],[-72.745847,42.617245],[-72.745943,42.617276],[-72.74597,42.617285],[-72.746122,42.617326],[-72.746263,42.617353],[-72.746423,42.617379],[-72.746898,42.617431],[-72.747194,42.617435],[-72.747773,42.617381],[-72.748146,42.61731],[-72.748663,42.617158],[-72.749359,42.616878],[-72.750247,42.616546],[-72.750876,42.616318],[-72.751448,42.616089],[-72.75182,42.615935],[-72.752009,42.615863],[-72.752191,42.615802],[-72.752559,42.615686],[-72.752732,42.615625],[-72.753077,42.615496],[-72.753443,42.615365],[-72.753628,42.615302],[-72.753835,42.615239],[-72.754044,42.61518],[-72.754254,42.615123],[-72.754808,42.614975],[-72.755004,42.614927],[-72.755586,42.614789],[-72.756491,42.614556],[-72.757244,42.614366],[-72.757913,42.614201],[-72.758336,42.614095],[-72.758756,42.613991],[-72.758966,42.613941],[-72.759464,42.61382],[-72.759815,42.613747],[-72.760164,42.613677],[-72.760398,42.613636],[-72.760524,42.613618],[-72.760684,42.613601],[-72.760844,42.61359],[-72.761012,42.613587],[-72.76118,42.61359],[-72.761502,42.6136],[-72.761987,42.613622],[-72.762342,42.61364],[-72.762671,42.613652],[-72.763269,42.613681],[-72.763694,42.613695],[-72.76427,42.613718],[-72.764597,42.613727],[-72.764889,42.613728],[-72.765165,42.613719],[-72.765302,42.613712],[-72.765619,42.613688],[-72.765915,42.613661],[-72.766173,42.613635],[-72.766363,42.613613],[-72.766705,42.613572],[-72.76691,42.613549],[-72.767133,42.613528],[-72.767438,42.613492],[-72.767668,42.613463],[-72.768117,42.613409],[-72.768276,42.613383],[-72.76838,42.613362],[-72.768506,42.613331],[-72.768629,42.613296],[-72.768724,42.613262],[-72.768801,42.61323],[-72.768945,42.613163],[-72.769039,42.613117],[-72.769193,42.613029],[-72.769306,42.612938],[-72.769405,42.612864],[-72.769616,42.6127],[-72.769919,42.612471],[-72.770018,42.612394],[-72.77013,42.612318],[-72.770247,42.612247],[-72.770369,42.61218],[-72.770484,42.612127],[-72.770721,42.61203],[-72.771254,42.611805],[-72.772065,42.611471],[-72.772427,42.611316],[-72.772655,42.611211],[-72.772768,42.611156],[-72.772876,42.611096],[-72.772964,42.611041],[-72.773128,42.610921],[-72.77322,42.610848],[-72.773393,42.610694],[-72.773528,42.610567],[-72.77379,42.610308],[-72.774096,42.610012],[-72.774331,42.609781],[-72.774436,42.609676],[-72.774584,42.609522],[-72.774674,42.609424],[-72.774761,42.609324],[-72.774838,42.609221],[-72.774898,42.609119],[-72.774949,42.609014],[-72.774993,42.608907],[-72.775027,42.60881],[-72.775055,42.608711],[-72.775077,42.608612],[-72.775094,42.608508],[-72.77511,42.6083],[-72.775107,42.608175],[-72.775087,42.607926],[-72.775058,42.607512],[-72.775036,42.606989],[-72.775023,42.606747],[-72.775007,42.606506],[-72.774962,42.605789],[-72.774948,42.605395],[-72.774946,42.605238],[-72.774958,42.605082],[-72.77498,42.604958],[-72.775012,42.604835],[-72.775052,42.604713],[-72.775094,42.604612],[-72.775142,42.604512],[-72.775196,42.604414],[-72.775274,42.604293],[-72.775362,42.604175],[-72.77546,42.604062],[-72.77555,42.60397],[-72.775646,42.603883],[-72.775747,42.603798],[-72.775894,42.603688],[-72.776051,42.603585],[-72.776211,42.603485],[-72.776353,42.603401],[-72.776577,42.603274],[-72.776778,42.603156],[-72.776914,42.603073],[-72.777146,42.60292],[-72.777245,42.602851],[-72.777336,42.602778],[-72.777404,42.602716],[-72.777526,42.602586],[-72.777602,42.602492],[-72.777901,42.602077],[-72.777954,42.602002],[-72.778081,42.601812],[-72.778127,42.601741],[-72.778213,42.60161],[-72.778313,42.601464],[-72.778423,42.6013],[-72.778601,42.601017],[-72.778696,42.600878],[-72.778772,42.600776],[-72.778853,42.600675],[-72.77894,42.600578],[-72.779027,42.600492],[-72.779278,42.600267],[-72.779414,42.600147],[-72.779498,42.600101],[-72.779694,42.599987],[-72.779759,42.599953],[-72.779961,42.599864],[-72.780173,42.599787],[-72.780318,42.599737],[-72.780652,42.599629],[-72.780808,42.599575],[-72.781004,42.599519],[-72.781183,42.599461],[-72.781346,42.5994],[-72.781613,42.599294],[-72.781782,42.599219],[-72.781949,42.599137],[-72.782235,42.598981],[-72.782373,42.598894],[-72.782522,42.598784],[-72.782603,42.59872],[-72.782755,42.598585],[-72.782849,42.598486],[-72.78304,42.59828],[-72.783154,42.598147],[-72.783211,42.598076],[-72.783263,42.598003],[-72.783372,42.597816],[-72.783425,42.597706],[-72.783559,42.597448],[-72.783762,42.597023],[-72.783894,42.596776],[-72.783963,42.596639],[-72.784256,42.596166],[-72.784356,42.596023],[-72.784533,42.595777],[-72.784763,42.595514],[-72.785233,42.594941],[-72.785246,42.594927],[-72.785724,42.594366],[-72.785939,42.594114],[-72.786143,42.593883],[-72.786215,42.593795],[-72.786322,42.593656],[-72.786416,42.593537],[-72.786458,42.593477],[-72.786489,42.59342],[-72.786578,42.593222],[-72.786645,42.593058],[-72.786693,42.592908],[-72.786726,42.592754],[-72.786746,42.592597],[-72.786779,42.592375],[-72.786854,42.591908],[-72.786889,42.59172],[-72.786923,42.591578],[-72.786944,42.591508],[-72.786999,42.591367],[-72.787103,42.591149],[-72.787187,42.591005],[-72.787331,42.590801],[-72.787434,42.590668],[-72.787586,42.590485],[-72.787683,42.590364],[-72.787789,42.590239],[-72.787908,42.590113],[-72.78797,42.590056],[-72.7881,42.589945],[-72.788205,42.589843],[-72.78826,42.589794],[-72.788298,42.589766],[-72.788383,42.589704],[-72.788447,42.589659],[-72.788551,42.589585],[-72.788601,42.589546],[-72.788732,42.589433],[-72.788934,42.589263],[-72.789178,42.589035],[-72.789295,42.588925],[-72.789834,42.588395],[-72.789892,42.588332],[-72.790201,42.588],[-72.790522,42.587709],[-72.791118,42.587191],[-72.791933,42.586558],[-72.792446,42.586152],[-72.792743,42.585926],[-72.792942,42.58577],[-72.793182,42.585592],[-72.793402,42.585454],[-72.793799,42.585196],[-72.794642,42.584668],[-72.794898,42.584509],[-72.795249,42.584283],[-72.795357,42.584207],[-72.795453,42.584134],[-72.795759,42.583883],[-72.795877,42.583782],[-72.79702,42.582812],[-72.798383,42.581635],[-72.798615,42.581444],[-72.798727,42.581346],[-72.798828,42.581249],[-72.798926,42.58115],[-72.799017,42.581049],[-72.7991,42.580949],[-72.799177,42.580847],[-72.799249,42.580742],[-72.799324,42.580617],[-72.799392,42.58049],[-72.7995,42.580271],[-72.799542,42.580179],[-72.79962,42.57999],[-72.799655,42.579891],[-72.799685,42.579793],[-72.799704,42.579708],[-72.799719,42.579623],[-72.799752,42.579439],[-72.799785,42.579242],[-72.799831,42.578995],[-72.79986,42.578735],[-72.799863,42.578704],[-72.800058,42.57744],[-72.800094,42.577184],[-72.800124,42.576986],[-72.800158,42.57678],[-72.800231,42.57645],[-72.800272,42.576286],[-72.800313,42.576146],[-72.800404,42.575866],[-72.800466,42.575684],[-72.800489,42.575621],[-72.800552,42.575436],[-72.800618,42.575228],[-72.800691,42.574999],[-72.800806,42.574653],[-72.800922,42.574293],[-72.80098,42.574105],[-72.801092,42.573753],[-72.801199,42.573424],[-72.801338,42.573003],[-72.80145,42.572648],[-72.801515,42.572449],[-72.801609,42.572173],[-72.801654,42.572035],[-72.801816,42.571515],[-72.801846,42.571393],[-72.801864,42.571292],[-72.801877,42.57119],[-72.801914,42.570848],[-72.801919,42.570729],[-72.801919,42.570621],[-72.801903,42.570405],[-72.80189,42.570317],[-72.801835,42.570031],[-72.801783,42.569779],[-72.801706,42.569459],[-72.801661,42.569246],[-72.801643,42.56914],[-72.80163,42.569036],[-72.801616,42.568829],[-72.80162,42.568637],[-72.801628,42.568542],[-72.801644,42.56841],[-72.801666,42.568278],[-72.801695,42.568148],[-72.801728,42.568034],[-72.801804,42.567809],[-72.801839,42.567704],[-72.801841,42.5677],[-72.801915,42.567482],[-72.801961,42.567344],[-72.802008,42.567206],[-72.802054,42.567068],[-72.8021,42.566934],[-72.802147,42.566801],[-72.802193,42.566667],[-72.802287,42.566451],[-72.802338,42.566345],[-72.802399,42.56623],[-72.802465,42.566118],[-72.802534,42.566006],[-72.802614,42.565886],[-72.802646,42.565842],[-72.802699,42.565768],[-72.802788,42.56565],[-72.802874,42.565544],[-72.802964,42.565438],[-72.803055,42.565333],[-72.803137,42.565239],[-72.803145,42.56523],[-72.803219,42.565146],[-72.803298,42.56505],[-72.803368,42.564961],[-72.803436,42.564871],[-72.803498,42.564779],[-72.803546,42.564693],[-72.803607,42.564569],[-72.803669,42.564419],[-72.803731,42.564254],[-72.80377,42.564121],[-72.803799,42.563986],[-72.803886,42.563367],[-72.803903,42.563267],[-72.803929,42.563108],[-72.803944,42.562996],[-72.803958,42.562862],[-72.803989,42.562617],[-72.804013,42.562459],[-72.804067,42.562078],[-72.804105,42.561725],[-72.804135,42.561502],[-72.804145,42.56139],[-72.804149,42.56128],[-72.804149,42.561169],[-72.804143,42.560945],[-72.804128,42.560719],[-72.804113,42.560599],[-72.804075,42.560359],[-72.804033,42.560062],[-72.804,42.559883],[-72.803987,42.559794],[-72.803977,42.559623],[-72.80398,42.559451],[-72.803985,42.559365],[-72.803998,42.55928],[-72.804025,42.559192],[-72.804099,42.55902],[-72.804242,42.558755],[-72.804405,42.558446],[-72.804558,42.558136],[-72.804619,42.558025],[-72.804745,42.557805],[-72.80486,42.55757],[-72.805005,42.557254],[-72.805043,42.557154],[-72.805073,42.557051],[-72.805097,42.556947],[-72.805116,42.556842],[-72.805131,42.556722],[-72.805139,42.556602],[-72.805143,42.556482],[-72.80514,42.556362],[-72.805133,42.556242],[-72.80511,42.555997],[-72.805067,42.555637],[-72.805038,42.555415],[-72.805021,42.555302],[-72.804981,42.555076],[-72.804955,42.55496],[-72.804894,42.554727],[-72.8048,42.554418],[-72.804735,42.554197],[-72.804699,42.554088],[-72.804622,42.553886],[-72.804579,42.553786],[-72.804495,42.553607],[-72.804447,42.553519],[-72.804391,42.553432],[-72.804331,42.553347],[-72.804196,42.553175],[-72.804121,42.553089],[-72.804042,42.553005],[-72.803964,42.552929],[-72.803624,42.552627],[-72.803412,42.552447],[-72.803165,42.552244],[-72.802907,42.552029],[-72.802779,42.55192],[-72.80261,42.551756],[-72.802553,42.551693],[-72.802458,42.551573],[-72.802392,42.551472],[-72.802263,42.551257],[-72.802201,42.551142],[-72.802145,42.551026],[-72.802098,42.550915],[-72.802056,42.550802],[-72.802021,42.550689],[-72.801992,42.550567],[-72.801949,42.550323],[-72.801875,42.54992],[-72.801797,42.549523],[-72.801702,42.549017],[-72.801612,42.548561],[-72.801556,42.548292],[-72.801477,42.547892],[-72.801406,42.547497],[-72.801385,42.547365],[-72.801347,42.547081],[-72.801335,42.546939],[-72.801332,42.546824],[-72.801334,42.546506],[-72.801324,42.546218],[-72.801315,42.546107],[-72.8013,42.545996],[-72.801282,42.545908],[-72.801236,42.545734],[-72.801202,42.545616],[-72.801129,42.545379],[-72.80106,42.545162],[-72.801033,42.545052],[-72.801016,42.544946],[-72.801006,42.544841],[-72.801001,42.544734],[-72.801009,42.544532],[-72.801035,42.544324],[-72.801055,42.544216],[-72.801079,42.544109],[-72.801107,42.544012],[-72.801256,42.543563],[-72.801372,42.543224],[-72.801453,42.543016],[-72.801498,42.542914],[-72.801552,42.542815],[-72.801606,42.542735],[-72.801665,42.542657],[-72.801796,42.54251],[-72.801867,42.542441],[-72.801943,42.542375],[-72.802036,42.542307],[-72.802134,42.542243],[-72.802236,42.542181],[-72.802344,42.542121],[-72.802664,42.541958],[-72.802765,42.541908],[-72.803052,42.541757],[-72.803145,42.541706],[-72.803353,42.541585],[-72.803451,42.541519],[-72.803538,42.541452],[-72.80362,42.541381],[-72.803695,42.541306],[-72.803757,42.541234],[-72.803813,42.54116],[-72.803865,42.541083],[-72.803913,42.541003],[-72.803956,42.540921],[-72.803993,42.540838],[-72.804024,42.540751],[-72.804049,42.540663],[-72.804069,42.540575],[-72.804089,42.540427],[-72.804091,42.540353],[-72.804084,42.540263],[-72.804068,42.540172],[-72.804029,42.540004],[-72.803982,42.53985],[-72.803946,42.539758],[-72.803862,42.539578],[-72.803763,42.539381],[-72.803732,42.539297],[-72.803707,42.539212],[-72.803673,42.539046],[-72.803656,42.538886],[-72.803652,42.538805],[-72.80365,42.538642],[-72.80366,42.53846],[-72.803668,42.538369],[-72.803696,42.538225],[-72.803771,42.537938],[-72.803864,42.537563],[-72.803946,42.537254],[-72.80402,42.536994],[-72.804098,42.536735],[-72.804181,42.536477],[-72.804262,42.536248],[-72.804431,42.535791],[-72.804555,42.535429],[-72.804799,42.534704],[-72.804934,42.534314],[-72.805155,42.533674],[-72.805337,42.533145],[-72.805394,42.532977],[-72.805446,42.532824],[-72.805651,42.532232],[-72.805705,42.53207],[-72.80581,42.531749],[-72.805869,42.531561],[-72.805979,42.531201],[-72.80603,42.531028],[-72.806078,42.530853],[-72.80613,42.530633],[-72.806175,42.530411],[-72.806216,42.530189],[-72.806247,42.529988],[-72.806275,42.529786],[-72.806312,42.529585],[-72.80636,42.529394],[-72.8064,42.529205],[-72.806407,42.529165],[-72.806537,42.528475],[-72.8066,42.528123],[-72.80674,42.527357],[-72.806817,42.526942],[-72.80689,42.526527],[-72.806938,42.526237],[-72.807032,42.525656],[-72.807084,42.525191],[-72.807106,42.524958],[-72.807128,42.524552],[-72.807153,42.523911],[-72.807159,42.523692],[-72.807166,42.523253],[-72.807163,42.523034],[-72.807147,42.522698],[-72.807124,42.522339],[-72.807095,42.52196],[-72.807072,42.521724],[-72.807045,42.521489],[-72.807022,42.521319],[-72.806978,42.521039],[-72.806918,42.520707],[-72.806859,42.520349],[-72.806777,42.51983],[-72.806715,42.519458],[-72.806631,42.518937],[-72.806612,42.51877],[-72.806597,42.518495],[-72.806596,42.518357],[-72.806599,42.518222],[-72.806606,42.518085],[-72.806629,42.517803],[-72.806646,42.517657],[-72.806667,42.517511],[-72.806693,42.517369],[-72.806724,42.517226],[-72.806759,42.517084],[-72.806793,42.516959],[-72.806831,42.516834],[-72.806906,42.516613],[-72.80698,42.51642],[-72.807045,42.516269],[-72.807183,42.515968],[-72.807324,42.515698],[-72.807396,42.515583],[-72.807718,42.515081],[-72.807894,42.514806],[-72.808025,42.514609],[-72.808123,42.514447],[-72.808166,42.514373],[-72.808246,42.514222],[-72.808329,42.514072],[-72.808409,42.513917],[-72.808484,42.513755],[-72.808559,42.513581],[-72.808631,42.513384],[-72.80869,42.5132],[-72.808773,42.512985],[-72.8088,42.512891],[-72.808865,42.512616],[-72.808924,42.512353],[-72.808958,42.512181],[-72.808984,42.511984],[-72.808997,42.511852],[-72.809032,42.511532],[-72.809062,42.511055],[-72.809082,42.510781],[-72.809088,42.510635],[-72.809114,42.51041],[-72.809141,42.510221],[-72.809172,42.510049],[-72.809186,42.509873],[-72.809967,42.509955],[-72.811373,42.510126],[-72.812684,42.510269],[-72.813593,42.510377],[-72.814186,42.510447],[-72.815524,42.510599],[-72.816452,42.510685],[-72.817825,42.510811],[-72.81805,42.510831],[-72.818209,42.510841],[-72.818281,42.510853],[-72.818425,42.510886],[-72.818647,42.510932],[-72.818783,42.510974],[-72.820774,42.511514],[-72.82109,42.511587],[-72.821229,42.511608],[-72.8214,42.511614],[-72.821573,42.511604],[-72.821706,42.511575],[-72.82187,42.511514],[-72.821982,42.511456],[-72.822092,42.51138],[-72.822195,42.511285],[-72.822268,42.51119],[-72.82265,42.510659],[-72.822865,42.51028],[-72.822954,42.510094],[-72.82307,42.509781],[-72.823169,42.509502],[-72.823196,42.509448],[-72.823282,42.509277],[-72.824085,42.508328],[-72.824364,42.508032],[-72.824477,42.507941],[-72.82461,42.507879],[-72.824753,42.507829],[-72.824853,42.507811],[-72.824948,42.507794],[-72.825118,42.507801],[-72.825228,42.507821],[-72.825494,42.507915],[-72.825661,42.507987],[-72.82585,42.508046],[-72.826093,42.508101],[-72.826481,42.508159],[-72.829149,42.508455],[-72.829595,42.508476],[-72.830569,42.508403],[-72.830918,42.508431],[-72.831379,42.508539],[-72.833858,42.509618],[-72.834139,42.509711],[-72.834676,42.509781],[-72.83588,42.509839],[-72.836369,42.509808],[-72.836599,42.50976],[-72.836654,42.50974],[-72.836856,42.509668],[-72.837148,42.509516],[-72.837374,42.509341],[-72.838768,42.507625],[-72.839024,42.507398],[-72.839452,42.507215],[-72.840186,42.507023],[-72.841275,42.506739],[-72.841682,42.506596],[-72.842878,42.506178],[-72.843619,42.505843],[-72.844046,42.505623],[-72.846521,42.504352],[-72.846985,42.504039],[-72.847116,42.503919],[-72.848322,42.502818],[-72.848757,42.502535],[-72.848863,42.502503],[-72.849025,42.502453],[-72.849114,42.50244],[-72.850183,42.502455],[-72.850405,42.50246],[-72.850938,42.502468],[-72.851112,42.502434],[-72.851284,42.502379],[-72.851448,42.502283],[-72.85148,42.502264],[-72.851611,42.502144],[-72.851706,42.50199],[-72.851988,42.500831],[-72.852166,42.500482],[-72.852503,42.49982],[-72.852631,42.499348],[-72.852733,42.498545],[-72.85303,42.497701],[-72.853226,42.497346],[-72.853532,42.496994],[-72.853889,42.496711],[-72.854222,42.496519],[-72.85555,42.495871],[-72.856181,42.495482],[-72.857179,42.494586],[-72.857632,42.494331],[-72.85848,42.494055],[-72.859747,42.493929],[-72.860362,42.493965],[-72.861233,42.494087],[-72.861882,42.494243],[-72.862518,42.494516],[-72.862569,42.494547],[-72.863794,42.49528],[-72.864248,42.495475],[-72.865335,42.495793],[-72.865713,42.495903],[-72.86675,42.496209],[-72.868365,42.496685],[-72.870108,42.497339],[-72.870263,42.497397],[-72.870696,42.497652],[-72.871283,42.498142],[-72.871442,42.498295],[-72.872166,42.49899],[-72.872207,42.499037],[-72.872333,42.499178],[-72.872904,42.49982],[-72.873317,42.500285],[-72.873979,42.500915],[-72.874075,42.501],[-72.875418,42.501907],[-72.875935,42.502261],[-72.876139,42.502392],[-72.876331,42.502498],[-72.87643,42.502546],[-72.876538,42.502592],[-72.876649,42.502633],[-72.876761,42.502672],[-72.876857,42.502704],[-72.876955,42.502734],[-72.877053,42.502761],[-72.877142,42.502783],[-72.87717,42.50279],[-72.877289,42.502817],[-72.877408,42.502843],[-72.877468,42.502855],[-72.877527,42.502868],[-72.877573,42.502878],[-72.877586,42.502881],[-72.877938,42.502967],[-72.878109,42.503017],[-72.87825,42.503068],[-72.878388,42.503125],[-72.878521,42.503187],[-72.878633,42.503244],[-72.878742,42.503307],[-72.878847,42.503372],[-72.878972,42.50346],[-72.879212,42.503648],[-72.879912,42.504285],[-72.879933,42.504304],[-72.880718,42.50502],[-72.880983,42.505275],[-72.881204,42.505511],[-72.88149,42.505851],[-72.881503,42.505867],[-72.881951,42.506394],[-72.882019,42.506471],[-72.882175,42.506645],[-72.882202,42.506676],[-72.882386,42.506881],[-72.882571,42.507085],[-72.88272,42.507245],[-72.88287,42.507404],[-72.883021,42.507562],[-72.883181,42.507726],[-72.883343,42.50789],[-72.883504,42.508054],[-72.883609,42.508162],[-72.883713,42.508271],[-72.883818,42.508379],[-72.883974,42.508535],[-72.884054,42.508612],[-72.884139,42.508691],[-72.884227,42.508768],[-72.884316,42.508844],[-72.884415,42.508921],[-72.884617,42.509071],[-72.884712,42.509145],[-72.884807,42.50922],[-72.884902,42.509294],[-72.88519,42.509516],[-72.885334,42.509626],[-72.885461,42.509722],[-72.885588,42.509817],[-72.885714,42.509914],[-72.885836,42.510005],[-72.885957,42.510097],[-72.886072,42.510193],[-72.88616,42.510273],[-72.886243,42.510354],[-72.886325,42.510437],[-72.88642,42.510537],[-72.886511,42.51064],[-72.886599,42.510744],[-72.886688,42.510856],[-72.886773,42.51097],[-72.886856,42.511085],[-72.886965,42.511239],[-72.887072,42.511394],[-72.88718,42.511549],[-72.887288,42.511696],[-72.887398,42.511842],[-72.887507,42.511987],[-72.887604,42.512118],[-72.887622,42.512142],[-72.887701,42.51225],[-72.887798,42.512381],[-72.887883,42.512481],[-72.887969,42.512581],[-72.888056,42.51268],[-72.888153,42.512786],[-72.888253,42.512891],[-72.888355,42.512995],[-72.888469,42.513102],[-72.888477,42.51311],[-72.888602,42.513223],[-72.888729,42.513336],[-72.888829,42.513423],[-72.888854,42.513445],[-72.889108,42.513661],[-72.889258,42.513787],[-72.889409,42.513911],[-72.88956,42.514036],[-72.889712,42.514163],[-72.889863,42.514291],[-72.890014,42.514418],[-72.890288,42.514648],[-72.890427,42.514761],[-72.89055,42.514861],[-72.890675,42.51496],[-72.890805,42.515054],[-72.890918,42.515127],[-72.891035,42.515197],[-72.891154,42.515266],[-72.891288,42.515337],[-72.891426,42.515406],[-72.891566,42.515471],[-72.891722,42.515538],[-72.891882,42.515601],[-72.892044,42.515661],[-72.892225,42.515722],[-72.892407,42.515779],[-72.892591,42.515835],[-72.892778,42.515894],[-72.892966,42.515952],[-72.893153,42.516011],[-72.893339,42.51607],[-72.893525,42.51613],[-72.89371,42.51619],[-72.893883,42.516245],[-72.894056,42.516301],[-72.894229,42.516356],[-72.894549,42.516456],[-72.89471,42.516504],[-72.89493,42.516563],[-72.895151,42.516619],[-72.895374,42.516673],[-72.895581,42.516723],[-72.895788,42.51677],[-72.895996,42.516817],[-72.89622,42.516867],[-72.896445,42.516916],[-72.896671,42.516965],[-72.896838,42.517002],[-72.897174,42.517072],[-72.897316,42.517103],[-72.897396,42.51712],[-72.897618,42.517167],[-72.897842,42.517207],[-72.898026,42.517235],[-72.898211,42.517259],[-72.898396,42.517279],[-72.898653,42.517302],[-72.898912,42.517319],[-72.89917,42.517336],[-72.899412,42.517352],[-72.899522,42.517359],[-72.899654,42.517368],[-72.899896,42.517382],[-72.900195,42.517399],[-72.900793,42.517431],[-72.901029,42.517445],[-72.901503,42.517473],[-72.901715,42.517485],[-72.901928,42.517498],[-72.902141,42.517508],[-72.902285,42.517515],[-72.902431,42.51752],[-72.902576,42.517523],[-72.902673,42.517523],[-72.902771,42.517522],[-72.902869,42.517522],[-72.90304,42.517513],[-72.903246,42.517505],[-72.903528,42.517481],[-72.904041,42.517427],[-72.904863,42.517332],[-72.905567,42.517251],[-72.906233,42.517174],[-72.90705,42.517078],[-72.907598,42.51701],[-72.907805,42.516986],[-72.908179,42.516942],[-72.908847,42.516862],[-72.908892,42.516857],[-72.909474,42.516783],[-72.909773,42.516747],[-72.910653,42.516627],[-72.911714,42.516491],[-72.911853,42.516471],[-72.912458,42.516386],[-72.912499,42.51638],[-72.913122,42.516298],[-72.913373,42.516265],[-72.914206,42.516157],[-72.914235,42.516153],[-72.914899,42.516062],[-72.915408,42.515991],[-72.915774,42.515945],[-72.916056,42.515908],[-72.916423,42.515854],[-72.916498,42.515843],[-72.916695,42.515814],[-72.916967,42.515772],[-72.917231,42.515722],[-72.917591,42.515644],[-72.917853,42.515589],[-72.918088,42.515547],[-72.918319,42.515523],[-72.918559,42.515518],[-72.918779,42.515518],[-72.918856,42.515525],[-72.919147,42.515551],[-72.919574,42.51563],[-72.919931,42.515716],[-72.920395,42.515849],[-72.920918,42.516023],[-72.921352,42.5162],[-72.921682,42.516356],[-72.921998,42.516521],[-72.922247,42.516673],[-72.922454,42.516843],[-72.922704,42.517123],[-72.923049,42.517543],[-72.923435,42.517979],[-72.923834,42.51842],[-72.924236,42.518863],[-72.924516,42.51917],[-72.924518,42.519172],[-72.924613,42.519277],[-72.924881,42.519591],[-72.925072,42.519833],[-72.92526,42.520104],[-72.92545,42.520426],[-72.925585,42.520699],[-72.925684,42.520927],[-72.925953,42.521473],[-72.926105,42.521759],[-72.926255,42.522041],[-72.92665,42.522695],[-72.927001,42.523212],[-72.927293,42.523654],[-72.92752,42.523996],[-72.927718,42.524262],[-72.927899,42.524469],[-72.928261,42.524825],[-72.928563,42.52513],[-72.928772,42.525339],[-72.928865,42.525434],[-72.928927,42.525498],[-72.929122,42.525712],[-72.929367,42.526026],[-72.929647,42.52638],[-72.929853,42.526682],[-72.930089,42.526989],[-72.930238,42.527164],[-72.930426,42.527366],[-72.930642,42.52757],[-72.931003,42.52791],[-72.931424,42.528328],[-72.931808,42.528719],[-72.932327,42.529221],[-72.932928,42.529845],[-72.93358,42.530556],[-72.933986,42.531023],[-72.93425,42.531299],[-72.934441,42.531515],[-72.934579,42.531671],[-72.934744,42.531867],[-72.934901,42.532072],[-72.935032,42.53224],[-72.935152,42.532429],[-72.935254,42.5326],[-72.935362,42.532821],[-72.935482,42.533082],[-72.935594,42.533329],[-72.935711,42.533701],[-72.935894,42.534277],[-72.936112,42.534987],[-72.936178,42.535213],[-72.936259,42.535461],[-72.93635,42.535675],[-72.936465,42.53591],[-72.936631,42.536207],[-72.936871,42.536626],[-72.937021,42.536902],[-72.937128,42.537118],[-72.937245,42.537388],[-72.937508,42.538061],[-72.937715,42.538651],[-72.937904,42.539047],[-72.937953,42.539137],[-72.938016,42.539233],[-72.938144,42.539405],[-72.938252,42.539543],[-72.938368,42.539671],[-72.93843,42.539733],[-72.938554,42.539845],[-72.938757,42.540014],[-72.938911,42.540131],[-72.938996,42.540192],[-72.939085,42.540249],[-72.939176,42.540302],[-72.939367,42.540402],[-72.939565,42.540497],[-72.939765,42.540581],[-72.939965,42.540656],[-72.94017,42.540723],[-72.940278,42.540757],[-72.940414,42.540792],[-72.940611,42.540839],[-72.94098,42.540903],[-72.94105,42.540915],[-72.941678,42.540958],[-72.943781,42.540979],[-72.945098,42.540966],[-72.945633,42.540941],[-72.947132,42.54087],[-72.949131,42.540691],[-72.950582,42.540511],[-72.955166,42.539764],[-72.956246,42.539673],[-72.959265,42.539561],[-72.962541,42.539106],[-72.962839,42.539083],[-72.963092,42.539087],[-72.96331,42.539099],[-72.963646,42.539133],[-72.964002,42.539194],[-72.964389,42.5393],[-72.964683,42.539409],[-72.964957,42.539532],[-72.965216,42.539653],[-72.965532,42.539846],[-72.965837,42.540022],[-72.966101,42.540143],[-72.966519,42.540305],[-72.966809,42.540385],[-72.967063,42.540435],[-72.967412,42.540486],[-72.968012,42.540523],[-72.969764,42.540501],[-72.970728,42.540596],[-72.971656,42.540767],[-72.973131,42.54107],[-72.97478,42.541465],[-72.976194,42.541853],[-72.978681,42.54254],[-72.979411,42.542735],[-72.980088,42.542974],[-72.98062,42.54322],[-72.981181,42.543552],[-72.981923,42.544164],[-72.982414,42.544651],[-72.982811,42.545045],[-72.983001,42.545233],[-72.983049,42.54528],[-72.983583,42.54571],[-72.984443,42.546217],[-72.984667,42.546349],[-72.984903,42.546488],[-72.984988,42.546538],[-72.985057,42.546579],[-72.986442,42.547395],[-72.987138,42.547804],[-72.988296,42.548485],[-72.990489,42.549776],[-72.991412,42.550319],[-72.992624,42.551031],[-72.993106,42.551319],[-72.99411,42.551921],[-72.995046,42.552457],[-72.996031,42.55302],[-72.996638,42.553304],[-72.997117,42.553466],[-72.997875,42.553668],[-72.999504,42.554011],[-73.000455,42.554224],[-73.01019,42.556211],[-73.013021,42.556793],[-73.016236,42.5575],[-73.01645,42.557571],[-73.016912,42.557723],[-73.017659,42.558058],[-73.021468,42.560044],[-73.021773,42.56028],[-73.022312,42.560742],[-73.023751,42.562526],[-73.023884,42.562697],[-73.024296,42.563227],[-73.02469,42.563715],[-73.024756,42.563797],[-73.024868,42.563941],[-73.024984,42.564083],[-73.025105,42.564224],[-73.025231,42.564366],[-73.02533,42.564471],[-73.025433,42.564576],[-73.025655,42.564784],[-73.025769,42.564885],[-73.026005,42.565085],[-73.026127,42.565184],[-73.026262,42.565289],[-73.026446,42.565422],[-73.026633,42.565552],[-73.026828,42.565681],[-73.027953,42.56637],[-73.029164,42.567103],[-73.029345,42.567215],[-73.030141,42.567699],[-73.030482,42.567906],[-73.030681,42.568024],[-73.031135,42.568301],[-73.031257,42.568377],[-73.031382,42.568451],[-73.03153,42.568537],[-73.031659,42.568608],[-73.031792,42.568676],[-73.031947,42.568747],[-73.032075,42.568803],[-73.032206,42.568857],[-73.032338,42.568908],[-73.032472,42.568958],[-73.032606,42.569004],[-73.032744,42.569047],[-73.032886,42.569088],[-73.033456,42.569205],[-73.035217,42.569393],[-73.038993,42.569739],[-73.03972,42.569823],[-73.040264,42.569907],[-73.040645,42.570012],[-73.041051,42.570158],[-73.041429,42.570353],[-73.042327,42.57096],[-73.046646,42.573961],[-73.047312,42.574359],[-73.047881,42.574615],[-73.048508,42.574811],[-73.051571,42.575613],[-73.052693,42.576044],[-73.053432,42.576483],[-73.053898,42.576861],[-73.055226,42.577937],[-73.055881,42.578377],[-73.061996,42.580749],[-73.06288,42.581068],[-73.063193,42.581155],[-73.063341,42.581194],[-73.064456,42.581384],[-73.065397,42.58153],[-73.065621,42.581568],[-73.06594,42.581607],[-73.066304,42.581631],[-73.066672,42.581629],[-73.067005,42.581595],[-73.06746,42.581523],[-73.06777,42.581449],[-73.068054,42.581352],[-73.06831,42.581252],[-73.06935,42.580846],[-73.0697,42.580762],[-73.070086,42.580694],[-73.070397,42.580659],[-73.070688,42.580646],[-73.071071,42.580661],[-73.071364,42.580688],[-73.071619,42.580724],[-73.071822,42.58075],[-73.071978,42.580793],[-73.073809,42.58139],[-73.074748,42.581631],[-73.075231,42.581711],[-73.07577,42.5818],[-73.078351,42.582126],[-73.078786,42.582222],[-73.079504,42.582501],[-73.079887,42.582712],[-73.082204,42.584142],[-73.082443,42.584291],[-73.0825,42.584323],[-73.082928,42.584577],[-73.083172,42.584695],[-73.083467,42.584803],[-73.083722,42.584873],[-73.084039,42.584933],[-73.084374,42.584972],[-73.084631,42.584978],[-73.084922,42.584968],[-73.08522,42.584935],[-73.085491,42.584889],[-73.085863,42.584787],[-73.08616,42.584674],[-73.086391,42.584574],[-73.086494,42.584523],[-73.086673,42.584421],[-73.086955,42.584256],[-73.087289,42.584045],[-73.087574,42.583891],[-73.08781,42.583792],[-73.088414,42.583589],[-73.088565,42.583532],[-73.088716,42.583446],[-73.088822,42.58338],[-73.088955,42.58324],[-73.089022,42.583156],[-73.089068,42.583074],[-73.089317,42.582454],[-73.08939,42.58234],[-73.089459,42.582254],[-73.089541,42.582183],[-73.091007,42.581151],[-73.091187,42.580995],[-73.091488,42.580713],[-73.091672,42.580526],[-73.091851,42.580361],[-73.09202,42.580232],[-73.092178,42.580142],[-73.09234,42.580062],[-73.092541,42.579984],[-73.092777,42.579921],[-73.093004,42.579889],[-73.093347,42.579872],[-73.093664,42.579874],[-73.093921,42.579888],[-73.094137,42.579915],[-73.094328,42.579944],[-73.094491,42.579989],[-73.09464,42.580029],[-73.094861,42.580106],[-73.09523,42.580269],[-73.09721,42.581292],[-73.097717,42.581632],[-73.098207,42.582056],[-73.099035,42.582772],[-73.100402,42.583926],[-73.102611,42.585253],[-73.103615,42.585776],[-73.105269,42.586534],[-73.106299,42.587001],[-73.106769,42.587203],[-73.107217,42.587378],[-73.107739,42.587499],[-73.108129,42.587573],[-73.109765,42.587787],[-73.1103,42.587857],[-73.110509,42.58789],[-73.110718,42.587931],[-73.11091,42.587978],[-73.111108,42.588033],[-73.111321,42.588101],[-73.111509,42.58817],[-73.111704,42.588252],[-73.11189,42.588336],[-73.112058,42.588422],[-73.112216,42.58851],[-73.112378,42.58861],[-73.112536,42.588719],[-73.112707,42.58885],[-73.112915,42.589014],[-73.112975,42.589062],[-73.113061,42.589131],[-73.113163,42.589215],[-73.113227,42.589269],[-73.113279,42.589313],[-73.113389,42.589411],[-73.113489,42.58951],[-73.113548,42.589574],[-73.113611,42.58965],[-73.113662,42.58972],[-73.113713,42.589796],[-73.113771,42.589888],[-73.113872,42.590048],[-73.113879,42.59006],[-73.113975,42.590224],[-73.11398,42.590232],[-73.114001,42.590264],[-73.114034,42.590314],[-73.114091,42.590392],[-73.114175,42.590492],[-73.114271,42.590585],[-73.114378,42.590676],[-73.114515,42.590778],[-73.114645,42.59087],[-73.114811,42.59098],[-73.114971,42.59109],[-73.11512,42.591196],[-73.115259,42.591308],[-73.115385,42.591423],[-73.115494,42.59154],[-73.115586,42.591651],[-73.115673,42.591761],[-73.11651,42.592824],[-73.116685,42.593047],[-73.116792,42.593186],[-73.116874,42.593295],[-73.116964,42.593418],[-73.117037,42.593528],[-73.11711,42.593652],[-73.117182,42.593782],[-73.117241,42.593917],[-73.117291,42.594063],[-73.117516,42.594767],[-73.117836,42.595778],[-73.117889,42.595948],[-73.117933,42.596088],[-73.117967,42.596207],[-73.117992,42.596323],[-73.117992,42.596324],[-73.118006,42.596431],[-73.118012,42.596535],[-73.118014,42.59664],[-73.118014,42.59677],[-73.117977,42.598842],[-73.117972,42.598997],[-73.117958,42.599164],[-73.117939,42.599317],[-73.117908,42.599451],[-73.117861,42.599597],[-73.117808,42.599731],[-73.117798,42.599751],[-73.11774,42.599873],[-73.117697,42.599956],[-73.117668,42.600013],[-73.117515,42.600288],[-73.117425,42.600449],[-73.117332,42.600675],[-73.117256,42.600915],[-73.117216,42.601145],[-73.117209,42.60137],[-73.117225,42.601659],[-73.117275,42.601948],[-73.117343,42.602222],[-73.118221,42.605115],[-73.118442,42.605841],[-73.118603,42.606382],[-73.118655,42.606614],[-73.118688,42.60684],[-73.11871,42.607085],[-73.118743,42.607892],[-73.118769,42.608244],[-73.11878,42.608404],[-73.118821,42.608861],[-73.118848,42.609182],[-73.118838,42.609494],[-73.118775,42.609967],[-73.118682,42.610353],[-73.118576,42.610696],[-73.118565,42.610732],[-73.118489,42.61109],[-73.118454,42.611424],[-73.118463,42.611733],[-73.118474,42.612054],[-73.118474,42.612417],[-73.118469,42.612458],[-73.118429,42.612778],[-73.118344,42.613194],[-73.118292,42.613385],[-73.11818,42.613796],[-73.118087,42.614104],[-73.117743,42.614924],[-73.117584,42.61532],[-73.117485,42.615549],[-73.117372,42.615773],[-73.11717,42.616098],[-73.116941,42.616403],[-73.116807,42.616604],[-73.116761,42.6168],[-73.116798,42.616994],[-73.11689,42.617131],[-73.117023,42.617298],[-73.117733,42.618201],[-73.117844,42.618332],[-73.118016,42.618535],[-73.118171,42.618674],[-73.118325,42.618782],[-73.118559,42.618917],[-73.1192,42.619214],[-73.119307,42.619268],[-73.119409,42.619328],[-73.11948,42.619382],[-73.119533,42.619438],[-73.120077,42.620126],[-73.120159,42.62023],[-73.120296,42.620402],[-73.120352,42.62048],[-73.12041,42.620566],[-73.12044,42.620618],[-73.120465,42.620678],[-73.12048,42.62073],[-73.120485,42.620785],[-73.120484,42.620853],[-73.120476,42.620917],[-73.120307,42.621792],[-73.120307,42.621796],[-73.120293,42.621868],[-73.120291,42.621874],[-73.120285,42.621908],[-73.120124,42.622752],[-73.120116,42.622794],[-73.120115,42.622797],[-73.120115,42.622799],[-73.12011,42.622823],[-73.120109,42.622826],[-73.119936,42.623718],[-73.119936,42.62372],[-73.119925,42.623775],[-73.11991,42.623849],[-73.119887,42.62396],[-73.119862,42.624052],[-73.119829,42.624141],[-73.119805,42.624185],[-73.119805,42.624186],[-73.119784,42.624224],[-73.119748,42.624272],[-73.119746,42.624274],[-73.119725,42.624303],[-73.119659,42.624381],[-73.119233,42.624842],[-73.119205,42.624873],[-73.119087,42.625],[-73.119015,42.625078],[-73.118936,42.625163],[-73.118797,42.625311],[-73.118668,42.625459],[-73.118553,42.625603],[-73.118551,42.625606],[-73.118522,42.625643],[-73.118515,42.625651],[-73.117976,42.626359],[-73.117975,42.626361],[-73.117969,42.626368],[-73.117968,42.62637],[-73.117967,42.626371],[-73.117857,42.626516],[-73.117735,42.626676],[-73.117646,42.626794],[-73.117561,42.626899],[-73.117504,42.626965],[-73.117439,42.627038],[-73.11737,42.627112],[-73.1173,42.627184],[-73.117236,42.62725],[-73.117228,42.627258],[-73.117093,42.627397],[-73.117085,42.627405],[-73.116975,42.627518],[-73.116969,42.627524],[-73.116801,42.627697],[-73.116798,42.6277],[-73.116478,42.628029],[-73.11629,42.628225],[-73.116242,42.62828],[-73.116239,42.628283],[-73.116183,42.628348],[-73.116081,42.628482],[-73.116008,42.628592],[-73.116007,42.628593],[-73.115992,42.628616],[-73.115814,42.628914],[-73.115811,42.628918],[-73.115803,42.628932],[-73.11579,42.628954],[-73.115788,42.628957],[-73.115408,42.629608],[-73.115407,42.629609],[-73.114943,42.630404],[-73.114873,42.63054],[-73.114816,42.630665],[-73.114772,42.63079],[-73.114733,42.630923],[-73.114702,42.631035],[-73.1147,42.631039],[-73.114684,42.631096],[-73.114683,42.631098],[-73.114544,42.631608],[-73.114543,42.631612],[-73.114486,42.631822],[-73.114485,42.631825],[-73.114311,42.63246],[-73.11431,42.632462],[-73.114301,42.632498],[-73.114261,42.632636],[-73.11426,42.632638],[-73.114065,42.633318],[-73.114065,42.633319],[-73.113888,42.633935],[-73.113887,42.633937],[-73.113821,42.63417],[-73.113803,42.634233],[-73.113803,42.634234],[-73.113784,42.634297],[-73.113784,42.634298],[-73.113675,42.634671],[-73.113675,42.634672],[-73.113204,42.636277],[-73.113204,42.636278],[-73.113203,42.636281],[-73.113065,42.63675],[-73.113041,42.63678],[-73.113031,42.636793],[-73.112988,42.636838],[-73.112938,42.63688],[-73.112877,42.636922],[-73.112861,42.63693],[-73.112845,42.63694],[-73.112832,42.63695],[-73.112819,42.636962],[-73.112808,42.636976],[-73.112799,42.63699],[-73.112792,42.637006],[-73.112788,42.63702],[-73.112786,42.637033],[-73.112786,42.637048],[-73.112788,42.637062],[-73.112793,42.637076],[-73.112798,42.637089],[-73.112807,42.637103],[-73.112837,42.637182],[-73.112856,42.637256],[-73.112867,42.637334],[-73.112866,42.637414],[-73.112773,42.637701],[-73.112631,42.638132],[-73.112467,42.638678],[-73.112404,42.638904],[-73.11235,42.639124],[-73.112315,42.639279],[-73.112287,42.639432],[-73.112272,42.639598],[-73.112266,42.639756],[-73.112266,42.63991],[-73.112293,42.640807],[-73.112296,42.641091],[-73.11229,42.641373],[-73.112275,42.641679],[-73.112266,42.641819],[-73.112234,42.64231],[-73.112234,42.642316],[-73.11222,42.64253],[-73.112197,42.642883],[-73.112192,42.642991],[-73.11219,42.643031],[-73.11219,42.643034],[-73.11218,42.643233],[-73.112117,42.644446],[-73.112056,42.645549],[-73.11204,42.646013],[-73.112023,42.646336],[-73.112008,42.646564],[-73.111984,42.6468],[-73.111941,42.647058],[-73.111893,42.647289],[-73.111829,42.647569],[-73.111755,42.647879],[-73.111511,42.648881],[-73.111288,42.649796],[-73.111219,42.650082],[-73.111064,42.650719],[-73.110531,42.652902],[-73.110212,42.654218],[-73.10973,42.65621],[-73.109639,42.656573],[-73.109507,42.656889],[-73.109469,42.657008],[-73.109341,42.65751],[-73.109231,42.657928],[-73.108975,42.658969],[-73.108934,42.659135],[-73.108475,42.660972],[-73.108153,42.662195],[-73.108046,42.662608],[-73.108019,42.662715],[-73.107994,42.662822],[-73.107973,42.66292],[-73.107955,42.663023],[-73.10794,42.663132],[-73.107937,42.663157],[-73.107928,42.663237],[-73.107917,42.663342],[-73.107908,42.663448],[-73.107901,42.663547],[-73.107888,42.663752],[-73.10785,42.664309],[-73.107804,42.664971],[-73.107791,42.665156],[-73.107785,42.665235],[-73.107703,42.666438],[-73.107609,42.667889],[-73.107474,42.670095],[-73.107425,42.670894],[-73.107256,42.673643],[-73.107208,42.674389],[-73.107197,42.67463],[-73.107189,42.674869],[-73.107183,42.675113],[-73.107181,42.675547],[-73.107212,42.676721],[-73.107211,42.677132],[-73.107199,42.677305],[-73.107177,42.677475],[-73.107145,42.677645],[-73.107102,42.677798],[-73.107049,42.677959],[-73.106985,42.678118],[-73.106759,42.678624],[-73.10668,42.678818],[-73.106625,42.678972],[-73.106578,42.679136],[-73.106545,42.679286],[-73.106522,42.679439],[-73.106505,42.679605],[-73.106496,42.679768],[-73.106499,42.679927],[-73.106506,42.680022],[-73.10652,42.680132],[-73.106542,42.680251],[-73.106562,42.68034],[-73.106593,42.680457],[-73.106753,42.681011],[-73.106792,42.681169],[-73.106819,42.681331],[-73.106829,42.681479],[-73.10683,42.681629],[-73.10682,42.681779],[-73.106804,42.681922],[-73.106778,42.682078],[-73.106748,42.682235],[-73.106704,42.682439],[-73.106677,42.682591],[-73.106661,42.682742],[-73.106658,42.682878],[-73.106667,42.683037],[-73.106683,42.683183],[-73.106709,42.683322],[-73.106751,42.683471],[-73.106799,42.683612],[-73.106864,42.683766],[-73.106935,42.683904],[-73.10702,42.684044],[-73.107115,42.684178],[-73.10723,42.68432],[-73.107344,42.684448],[-73.107456,42.684569],[-73.107731,42.684858],[-73.108523,42.685684],[-73.108616,42.685781],[-73.108898,42.686075],[-73.109475,42.686676],[-73.109709,42.68692],[-73.110216,42.687448],[-73.110363,42.687602],[-73.110631,42.687881],[-73.110906,42.688168],[-73.111191,42.688465],[-73.111587,42.688878],[-73.111844,42.689146],[-73.111924,42.689227],[-73.112106,42.689409],[-73.112275,42.689576],[-73.112446,42.689739],[-73.112632,42.689917],[-73.112835,42.690104],[-73.113024,42.690281],[-73.113382,42.690607],[-73.113564,42.690773],[-73.11377,42.690957],[-73.113888,42.691071],[-73.113989,42.691184],[-73.114083,42.691317],[-73.114159,42.691443],[-73.11422,42.691558],[-73.114453,42.69201],[-73.114561,42.692223],[-73.114572,42.692251],[-73.114573,42.692253],[-73.114617,42.692363],[-73.114653,42.692493],[-73.114682,42.692627],[-73.114695,42.692775],[-73.114698,42.692908],[-73.114691,42.693038],[-73.114671,42.693183],[-73.114641,42.693369],[-73.11461,42.693531],[-73.114569,42.693717],[-73.114528,42.6939],[-73.114433,42.694275],[-73.114393,42.694429],[-73.114366,42.69453],[-73.114337,42.694634],[-73.114284,42.694821],[-73.114141,42.695286],[-73.113987,42.695784],[-73.113976,42.695821],[-73.113963,42.695866],[-73.11394,42.695953],[-73.113926,42.696001],[-73.113915,42.696041],[-73.113912,42.696051],[-73.113814,42.696395],[-73.113796,42.696461],[-73.113783,42.696522],[-73.113773,42.696583],[-73.113766,42.696652],[-73.113761,42.696726],[-73.113761,42.696801],[-73.113765,42.696879],[-73.113773,42.696961],[-73.113859,42.697702],[-73.113864,42.697752],[-73.113867,42.697794],[-73.11387,42.697841],[-73.113874,42.697889],[-73.113916,42.698275],[-73.113925,42.698375],[-73.113927,42.698468],[-73.113925,42.698554],[-73.113918,42.698649],[-73.113905,42.69876],[-73.113889,42.69884],[-73.113874,42.698917],[-73.113858,42.698986],[-73.113795,42.699201],[-73.11379,42.699216],[-73.113766,42.699297],[-73.11376,42.699319],[-73.113612,42.699293],[-73.113073,42.699199],[-73.113053,42.699195],[-73.112948,42.699177],[-73.112836,42.699158],[-73.112147,42.699037],[-73.111831,42.698982]]}},{"type":"Feature","properties":{"agency":"Link413","shape_id":"p_1441544"},"geometry":{"type":"LineString","coordinates":[[-73.254674,42.451284],[-73.254248,42.451536],[-73.254197,42.451582],[-73.254173,42.451622],[-73.254154,42.451671],[-73.253705,42.45161],[-73.253467,42.451577],[-73.253297,42.451553],[-73.253262,42.451548],[-73.253156,42.451533],[-73.253163,42.451502],[-73.25318,42.451429],[-73.253184,42.451413],[-73.253462,42.450405],[-73.253498,42.450275],[-73.25354,42.450124],[-73.253623,42.449827],[-73.253711,42.44951],[-73.253713,42.449504],[-73.253714,42.449502],[-73.253722,42.449468],[-73.253882,42.448887],[-73.253945,42.448672],[-73.253985,42.448532],[-73.25403,42.448364],[-73.253965,42.448318],[-73.253946,42.448306],[-73.253876,42.44825],[-73.253811,42.448202],[-73.253757,42.448167],[-73.2537,42.448139],[-73.253631,42.448113],[-73.253559,42.44809],[-73.253422,42.448053],[-73.253269,42.448029],[-73.253147,42.448019],[-73.253036,42.448017],[-73.252923,42.44803],[-73.252828,42.448059],[-73.252682,42.448118],[-73.252598,42.448148],[-73.25252,42.44816],[-73.252432,42.448162],[-73.252353,42.448153],[-73.251947,42.44809],[-73.251222,42.447979],[-73.25108,42.447957],[-73.251052,42.447953],[-73.25062,42.447886],[-73.250049,42.447798],[-73.249717,42.447738],[-73.248949,42.447636],[-73.2485,42.447572],[-73.248424,42.447561],[-73.248305,42.44754],[-73.246889,42.447291],[-73.246786,42.447271],[-73.245829,42.447087],[-73.245416,42.447009],[-73.245383,42.447003],[-73.245121,42.446953],[-73.245011,42.446942],[-73.244939,42.446942],[-73.244885,42.446944],[-73.244829,42.446953],[-73.244734,42.446971],[-73.244657,42.446996],[-73.244619,42.447012],[-73.244569,42.447033],[-73.244238,42.447188],[-73.244104,42.447251],[-73.244095,42.447256],[-73.243922,42.447343],[-73.243728,42.44744],[-73.243481,42.447565],[-73.243349,42.447622],[-73.243193,42.447689],[-73.243168,42.4477],[-73.243038,42.447755],[-73.242628,42.447931],[-73.242114,42.448165],[-73.241487,42.448477],[-73.24133,42.448547],[-73.241071,42.448665],[-73.240662,42.44885],[-73.240057,42.449127],[-73.240055,42.449128],[-73.239941,42.44918],[-73.239305,42.449466],[-73.237357,42.450354],[-73.237061,42.45049],[-73.236681,42.450662],[-73.236371,42.450803],[-73.236128,42.450904],[-73.235907,42.450986],[-73.23425,42.45156],[-73.233849,42.451698],[-73.233215,42.451901],[-73.232197,42.452213],[-73.231665,42.452365],[-73.230922,42.452578],[-73.230474,42.452712],[-73.229998,42.452854],[-73.229523,42.452985],[-73.229294,42.45298],[-73.229158,42.452999],[-73.229125,42.453004],[-73.228887,42.453031],[-73.228655,42.45305],[-73.228604,42.453054],[-73.228345,42.453074],[-73.228143,42.453094],[-73.227953,42.453121],[-73.227786,42.453156],[-73.227605,42.453205],[-73.227447,42.453255],[-73.227316,42.453305],[-73.227179,42.453365],[-73.227058,42.453424],[-73.226952,42.453475],[-73.226753,42.453567],[-73.226618,42.453615],[-73.226504,42.453655],[-73.226347,42.4537],[-73.226211,42.453732],[-73.226063,42.453759],[-73.225894,42.453783],[-73.223538,42.454073],[-73.223272,42.454115],[-73.222902,42.454186],[-73.222434,42.45425],[-73.221414,42.454378],[-73.220253,42.4545],[-73.219674,42.454562],[-73.219094,42.45463],[-73.217521,42.454825],[-73.216773,42.454917],[-73.215457,42.455077],[-73.215308,42.455096],[-73.215164,42.455117],[-73.215007,42.455148],[-73.214866,42.455183],[-73.214708,42.455234],[-73.214566,42.455291],[-73.214447,42.455348],[-73.214328,42.455414],[-73.214218,42.455494],[-73.21365,42.455959],[-73.213471,42.456166],[-73.213266,42.45633],[-73.213069,42.456493],[-73.212811,42.45671],[-73.21267,42.45682],[-73.212437,42.457],[-73.212289,42.457119],[-73.21152,42.457764],[-73.211262,42.457983],[-73.210812,42.458367],[-73.210109,42.458964],[-73.209991,42.459068],[-73.209929,42.459121],[-73.209796,42.459241],[-73.209775,42.45926],[-73.209627,42.459398],[-73.209485,42.459534],[-73.209357,42.459668],[-73.209235,42.4598],[-73.209111,42.459937],[-73.2087,42.460406],[-73.208351,42.460804],[-73.207621,42.461636],[-73.207523,42.461752],[-73.207369,42.461932],[-73.207248,42.462082],[-73.207129,42.462239],[-73.207017,42.462395],[-73.206915,42.462545],[-73.206818,42.462693],[-73.206721,42.462852],[-73.206617,42.463025],[-73.206521,42.463194],[-73.206431,42.463365],[-73.206344,42.463542],[-73.206208,42.463824],[-73.206114,42.464014],[-73.206022,42.464192],[-73.205961,42.46431],[-73.205933,42.464364],[-73.205844,42.464524],[-73.205758,42.464668],[-73.205652,42.464829],[-73.205632,42.464859],[-73.205583,42.464932],[-73.205513,42.465037],[-73.205414,42.465185],[-73.2054,42.465206],[-73.205316,42.465263],[-73.205264,42.465306],[-73.205218,42.465358],[-73.204959,42.465698],[-73.204863,42.465832],[-73.204545,42.466294],[-73.204454,42.466426],[-73.204403,42.4665],[-73.204323,42.466615],[-73.204315,42.466627],[-73.204127,42.466893],[-73.203939,42.46715],[-73.20362,42.467596],[-73.203603,42.467621],[-73.203531,42.467731],[-73.203153,42.467892],[-73.20243,42.4682],[-73.201858,42.468446],[-73.201684,42.468519],[-73.201494,42.468591],[-73.201321,42.468652],[-73.201146,42.468712],[-73.200725,42.468843],[-73.200692,42.468853],[-73.200455,42.468928],[-73.200184,42.469012],[-73.199905,42.469098],[-73.199623,42.46918],[-73.199335,42.46926],[-73.199061,42.469332],[-73.19878,42.4694],[-73.198504,42.469462],[-73.198229,42.469523],[-73.19796,42.46958],[-73.197651,42.469642],[-73.197371,42.469689],[-73.197115,42.469727],[-73.196909,42.469762],[-73.196845,42.469773],[-73.196673,42.469803],[-73.196557,42.469823],[-73.196478,42.469837],[-73.196261,42.469869],[-73.195555,42.469965],[-73.195071,42.470035],[-73.194426,42.470136],[-73.194009,42.4702],[-73.193618,42.470261],[-73.193004,42.47037],[-73.192463,42.470447],[-73.191963,42.470514],[-73.191449,42.470579],[-73.190912,42.470649],[-73.190544,42.470692],[-73.190528,42.470694],[-73.190505,42.470697],[-73.19035,42.470715],[-73.189938,42.470761],[-73.189484,42.470807],[-73.18889,42.470858],[-73.188426,42.470885],[-73.187991,42.470899],[-73.187739,42.470905],[-73.187434,42.470909],[-73.186918,42.470911],[-73.186613,42.470908],[-73.186046,42.470902],[-73.185724,42.470895],[-73.185406,42.470888],[-73.185356,42.470887],[-73.1853,42.470886],[-73.185299,42.470886],[-73.185201,42.470884],[-73.184816,42.470875],[-73.184141,42.47086],[-73.183454,42.470847],[-73.182507,42.470826],[-73.182083,42.47083],[-73.18172,42.470841],[-73.181515,42.470854],[-73.181311,42.470865],[-73.181026,42.470889],[-73.180673,42.470927],[-73.180384,42.470963],[-73.180268,42.470978],[-73.180004,42.471021],[-73.179804,42.471025],[-73.1795,42.471073],[-73.179339,42.471101],[-73.179173,42.471131],[-73.179069,42.471149],[-73.178982,42.471165],[-73.178895,42.471184],[-73.178804,42.471208],[-73.178717,42.471233],[-73.178551,42.471293],[-73.178399,42.471357],[-73.178294,42.471409],[-73.178185,42.471468],[-73.178127,42.471507],[-73.17803,42.471604],[-73.177899,42.471719],[-73.177598,42.472012],[-73.177311,42.472304],[-73.177078,42.472507],[-73.176876,42.472685],[-73.176748,42.47279],[-73.17669,42.472838],[-73.176476,42.472987],[-73.17634,42.473063],[-73.176196,42.47313],[-73.176095,42.473179],[-73.175985,42.473223],[-73.1758,42.473281],[-73.175617,42.473333],[-73.175418,42.473377],[-73.17521,42.473415],[-73.175008,42.473447],[-73.174876,42.473465],[-73.174718,42.473482],[-73.17455,42.473491],[-73.174406,42.473493],[-73.174236,42.47349],[-73.173983,42.47348],[-73.173515,42.473459],[-73.173422,42.473455],[-73.173417,42.473455],[-73.172481,42.47341],[-73.17238,42.473405],[-73.171999,42.473386],[-73.171792,42.473375],[-73.171403,42.473355],[-73.171181,42.473342],[-73.170233,42.473291],[-73.169195,42.47324],[-73.168825,42.473217],[-73.16848,42.473196],[-73.168396,42.473191],[-73.168134,42.473175],[-73.167955,42.473164],[-73.167601,42.473143],[-73.167582,42.473142],[-73.167211,42.47312],[-73.166529,42.473075],[-73.165372,42.472974],[-73.1653,42.472968],[-73.164952,42.472937],[-73.164632,42.472907],[-73.164332,42.472881],[-73.164274,42.472878],[-73.164263,42.472878],[-73.164168,42.472877],[-73.164038,42.472885],[-73.16394,42.472897],[-73.163833,42.472914],[-73.163735,42.472937],[-73.163638,42.472961],[-73.16333,42.473049],[-73.163207,42.473083],[-73.162782,42.473209],[-73.162752,42.473218],[-73.162649,42.473249],[-73.162366,42.473334],[-73.162186,42.473388],[-73.161176,42.473685],[-73.160857,42.473774],[-73.160563,42.473853],[-73.16036,42.473903],[-73.160294,42.47392],[-73.160142,42.473954],[-73.160077,42.473968],[-73.160023,42.473979],[-73.159663,42.474063],[-73.15947,42.474104],[-73.159457,42.474197],[-73.159425,42.474352],[-73.159425,42.474353],[-73.159421,42.474371],[-73.159414,42.474513],[-73.159329,42.474667],[-73.159277,42.474759],[-73.159276,42.474761],[-73.159261,42.474786],[-73.159167,42.474948],[-73.159036,42.475177],[-73.158998,42.475244],[-73.158782,42.475623],[-73.158775,42.475636],[-73.158774,42.475637],[-73.158774,42.475638],[-73.158772,42.475641],[-73.158751,42.475677],[-73.158732,42.475711],[-73.158707,42.475755],[-73.158572,42.475992],[-73.15828,42.476521],[-73.158037,42.47693],[-73.157764,42.477395],[-73.157594,42.477704],[-73.157361,42.478132],[-73.157101,42.478629],[-73.156871,42.479086],[-73.156583,42.479576],[-73.156518,42.479698],[-73.156516,42.479702],[-73.156494,42.479742],[-73.156283,42.480137],[-73.156046,42.480555],[-73.156019,42.480598],[-73.155992,42.48064],[-73.155902,42.480778],[-73.155823,42.48088],[-73.155802,42.480904],[-73.155736,42.480979],[-73.155686,42.481032],[-73.155593,42.481119],[-73.155535,42.481163],[-73.155308,42.48133],[-73.155109,42.481463],[-73.154907,42.48157],[-73.154223,42.481893],[-73.154214,42.481897],[-73.153893,42.48205],[-73.153316,42.482322],[-73.153136,42.482407],[-73.152721,42.482592],[-73.152086,42.482896],[-73.151614,42.483123],[-73.151367,42.48324],[-73.150915,42.483447],[-73.150853,42.483476],[-73.150436,42.48365],[-73.149968,42.483817],[-73.149507,42.483991],[-73.149463,42.484006],[-73.149164,42.484113],[-73.148866,42.484222],[-73.148652,42.484272],[-73.148582,42.484282],[-73.148449,42.484299],[-73.148325,42.484316],[-73.148114,42.484335],[-73.147924,42.484339],[-73.147686,42.484322],[-73.147324,42.484268],[-73.146906,42.484196],[-73.146618,42.484147],[-73.146269,42.484099],[-73.145979,42.484074],[-73.145684,42.48405],[-73.145335,42.484036],[-73.144943,42.484035],[-73.14455,42.484019],[-73.144189,42.484022],[-73.143818,42.484038],[-73.143669,42.484062],[-73.143381,42.484101],[-73.142207,42.4843],[-73.142085,42.48432],[-73.141728,42.484376],[-73.141158,42.484467],[-73.140905,42.484507],[-73.139761,42.484689],[-73.138869,42.484847],[-73.137704,42.485054],[-73.137063,42.485197],[-73.137058,42.485198],[-73.136864,42.485242],[-73.136752,42.485269],[-73.135841,42.485528],[-73.134753,42.485903],[-73.133833,42.486287],[-73.132808,42.486734],[-73.132045,42.487094],[-73.131773,42.487216],[-73.131476,42.487345],[-73.130972,42.487565],[-73.130348,42.487813],[-73.129771,42.488034],[-73.128818,42.488357],[-73.127523,42.488773],[-73.126378,42.489151],[-73.12599,42.489269],[-73.125782,42.489339],[-73.124982,42.489605],[-73.124179,42.489899],[-73.124073,42.489941],[-73.124037,42.489956],[-73.123137,42.490346],[-73.122245,42.490779],[-73.121327,42.491223],[-73.121194,42.491291],[-73.120478,42.491653],[-73.119635,42.492052],[-73.118842,42.492444],[-73.118718,42.492502],[-73.118656,42.492532],[-73.118505,42.492605],[-73.118355,42.492681],[-73.118206,42.492757],[-73.11812,42.492801],[-73.117972,42.492876],[-73.117758,42.492973],[-73.117598,42.493053],[-73.117354,42.493171],[-73.116991,42.493316],[-73.116694,42.493409],[-73.116385,42.493487],[-73.114192,42.493914],[-73.113662,42.493982],[-73.113087,42.494017],[-73.111829,42.494033],[-73.111389,42.49407],[-73.111117,42.494105],[-73.110867,42.494151],[-73.110556,42.494251],[-73.108532,42.494947],[-73.107564,42.495271],[-73.107535,42.495282],[-73.105624,42.49595],[-73.104941,42.496235],[-73.1046,42.496424],[-73.104378,42.496575],[-73.103922,42.496947],[-73.103644,42.497296],[-73.103474,42.497585],[-73.1025,42.50025],[-73.102232,42.500695],[-73.101983,42.500972],[-73.10171,42.501217],[-73.101387,42.501439],[-73.099082,42.502873],[-73.096836,42.504238],[-73.095968,42.504683],[-73.090436,42.50717],[-73.08942,42.507635],[-73.088543,42.508056],[-73.086412,42.509313],[-73.084579,42.510568],[-73.083714,42.510958],[-73.083094,42.511129],[-73.082249,42.511248],[-73.0787,42.511256],[-73.075986,42.511245],[-73.074842,42.511247],[-73.072802,42.511257],[-73.071995,42.511236],[-73.071532,42.511166],[-73.070184,42.510839],[-73.068903,42.510641],[-73.068398,42.510572],[-73.067904,42.510552],[-73.067005,42.510612],[-73.066529,42.510724],[-73.064494,42.511537],[-73.064027,42.511663],[-73.063541,42.511745],[-73.063055,42.511781],[-73.062574,42.511767],[-73.059378,42.511604],[-73.058781,42.511557],[-73.058247,42.511467],[-73.057723,42.511373],[-73.05738,42.511305],[-73.057338,42.511297],[-73.057037,42.511236],[-73.056701,42.51117],[-73.055488,42.510926],[-73.054195,42.510663],[-73.045756,42.508945],[-73.044155,42.508442],[-73.042502,42.507748],[-73.041373,42.507162],[-73.040165,42.506343],[-73.039025,42.505262],[-73.037424,42.503276],[-73.036715,42.502481],[-73.036016,42.50185],[-73.034994,42.501123],[-73.0339,42.500513],[-73.033664,42.500414],[-73.032821,42.500062],[-73.028446,42.498661],[-73.025334,42.497664],[-73.023083,42.496946],[-73.022121,42.496687],[-73.021701,42.496602],[-73.021465,42.496571],[-73.020658,42.496482],[-73.019781,42.496466],[-73.016894,42.496735],[-73.011518,42.497049],[-73.010859,42.497082],[-73.009414,42.497017],[-73.008034,42.496759],[-73.006683,42.49628],[-73.00593,42.495902],[-73.002919,42.494191],[-73.002842,42.494146],[-72.998197,42.491505],[-72.996507,42.490423],[-72.996281,42.490271],[-72.98802,42.48463],[-72.986991,42.483913],[-72.98575,42.483125],[-72.984866,42.482822],[-72.983853,42.482693],[-72.983426,42.482698],[-72.982762,42.482784],[-72.982562,42.482827],[-72.982095,42.482969],[-72.981815,42.48308],[-72.981458,42.483261],[-72.981181,42.483437],[-72.980911,42.483653],[-72.980676,42.483879],[-72.980601,42.483969],[-72.980376,42.48427],[-72.980215,42.484575],[-72.980037,42.484999],[-72.979758,42.485696],[-72.979464,42.48644],[-72.979191,42.48712],[-72.978939,42.487748],[-72.978737,42.488248],[-72.978503,42.488831],[-72.978424,42.489008],[-72.978304,42.489219],[-72.978105,42.489493],[-72.977937,42.489679],[-72.977832,42.489774],[-72.977742,42.489857],[-72.977522,42.490028],[-72.977258,42.4902],[-72.976914,42.490378],[-72.976609,42.490504],[-72.976324,42.490602],[-72.975854,42.490718],[-72.975842,42.490721],[-72.975422,42.490778],[-72.975414,42.490779],[-72.97494,42.490836],[-72.974861,42.490845],[-72.974223,42.490919],[-72.973522,42.490999],[-72.973097,42.491029],[-72.973057,42.491031],[-72.972943,42.491036],[-72.97284,42.491041],[-72.972741,42.491044],[-72.972421,42.491046],[-72.972073,42.491031],[-72.971622,42.490997],[-72.971136,42.490938],[-72.970674,42.490858],[-72.970174,42.490748],[-72.969634,42.490595],[-72.969264,42.490467],[-72.969174,42.490441],[-72.969077,42.490402],[-72.968962,42.490354],[-72.968834,42.490301],[-72.968723,42.49025],[-72.968509,42.490156],[-72.968163,42.489995],[-72.967764,42.489808],[-72.967256,42.489575],[-72.966902,42.489423],[-72.96656,42.489302],[-72.966533,42.489293],[-72.966262,42.489208],[-72.965944,42.489122],[-72.96564,42.489061],[-72.965388,42.489014],[-72.96509,42.488971],[-72.964849,42.488947],[-72.964548,42.488926],[-72.964321,42.488921],[-72.964016,42.488918],[-72.963775,42.488931],[-72.963726,42.488933],[-72.963723,42.488934],[-72.963458,42.488953],[-72.963155,42.488987],[-72.963131,42.488991],[-72.962894,42.48903],[-72.962785,42.489046],[-72.962423,42.489121],[-72.962005,42.489231],[-72.961711,42.489317],[-72.961209,42.48946],[-72.960731,42.48959],[-72.960701,42.489598],[-72.960246,42.489718],[-72.959762,42.489825],[-72.959271,42.489924],[-72.95919,42.489938],[-72.958825,42.490004],[-72.958308,42.49008],[-72.957654,42.490168],[-72.957541,42.490183],[-72.956908,42.490267],[-72.956197,42.490354],[-72.955684,42.490406],[-72.955253,42.490431],[-72.954792,42.490436],[-72.954395,42.49042],[-72.954028,42.490398],[-72.953564,42.490343],[-72.953167,42.490277],[-72.952604,42.490157],[-72.952276,42.490064],[-72.951912,42.48995],[-72.95157,42.489825],[-72.951163,42.489655],[-72.950776,42.489467],[-72.950678,42.489413],[-72.950407,42.489262],[-72.950236,42.489154],[-72.950057,42.489042],[-72.949758,42.488825],[-72.949423,42.488557],[-72.949117,42.488294],[-72.948835,42.488053],[-72.948521,42.487806],[-72.94822,42.487587],[-72.947911,42.487384],[-72.947581,42.487194],[-72.947285,42.487046],[-72.946993,42.486913],[-72.946697,42.486789],[-72.946607,42.486755],[-72.946393,42.486687],[-72.945981,42.486572],[-72.945671,42.486497],[-72.945372,42.486418],[-72.944937,42.486301],[-72.944539,42.486238],[-72.944065,42.486185],[-72.943763,42.486156],[-72.943066,42.48609],[-72.942793,42.486059],[-72.942439,42.48601],[-72.942121,42.48595],[-72.941822,42.485883],[-72.941511,42.485803],[-72.941116,42.485684],[-72.94075,42.485549],[-72.9404,42.485401],[-72.940023,42.485219],[-72.939666,42.485023],[-72.93947,42.484897],[-72.939362,42.484827],[-72.939028,42.484579],[-72.938757,42.484378],[-72.938542,42.48422],[-72.938333,42.484076],[-72.938096,42.483918],[-72.937829,42.48376],[-72.937583,42.483629],[-72.937364,42.483519],[-72.937063,42.483387],[-72.936747,42.483267],[-72.936446,42.483166],[-72.936103,42.483057],[-72.935575,42.482947],[-72.935288,42.482891],[-72.93498,42.482842],[-72.934827,42.48282],[-72.93392,42.482683],[-72.933579,42.482617],[-72.933429,42.482584],[-72.93313,42.482511],[-72.93294,42.482449],[-72.932068,42.482168],[-72.931183,42.48187],[-72.930403,42.481603],[-72.929243,42.481213],[-72.927995,42.480786],[-72.927469,42.480581],[-72.926994,42.480347],[-72.926522,42.480087],[-72.926099,42.479809],[-72.925782,42.479582],[-72.925729,42.479544],[-72.925451,42.479307],[-72.925212,42.479081],[-72.925088,42.478949],[-72.924966,42.478812],[-72.924854,42.478679],[-72.924741,42.478538],[-72.92461,42.478349],[-72.924334,42.477971],[-72.923979,42.477484],[-72.92361,42.476985],[-72.923246,42.476481],[-72.923139,42.476335],[-72.92282,42.475898],[-72.922807,42.47588],[-72.922562,42.475547],[-72.922403,42.475349],[-72.92239,42.475332],[-72.92226,42.475193],[-72.922141,42.475073],[-72.922043,42.474976],[-72.92193,42.474877],[-72.921884,42.474837],[-72.92183,42.474791],[-72.921792,42.474758],[-72.921628,42.474626],[-72.921461,42.474505],[-72.921292,42.474396],[-72.92108,42.474266],[-72.920837,42.474131],[-72.920727,42.474077],[-72.92068,42.474053],[-72.920604,42.474017],[-72.92032,42.473887],[-72.920087,42.473793],[-72.919834,42.473704],[-72.919576,42.473625],[-72.919328,42.473557],[-72.919126,42.47351],[-72.91892,42.473463],[-72.918565,42.473403],[-72.918085,42.473324],[-72.917346,42.47321],[-72.916388,42.473058],[-72.915561,42.472926],[-72.914705,42.472792],[-72.913798,42.472647],[-72.913572,42.47261],[-72.91337,42.472577],[-72.913091,42.472527],[-72.912869,42.472485],[-72.912644,42.472439],[-72.912457,42.472395],[-72.912249,42.472344],[-72.912027,42.472283],[-72.911793,42.472215],[-72.911621,42.47216],[-72.91145,42.4721],[-72.911274,42.472034],[-72.911067,42.471959],[-72.910819,42.471853],[-72.910557,42.471739],[-72.910339,42.47163],[-72.910115,42.471517],[-72.909886,42.471388],[-72.909598,42.471216],[-72.909388,42.471088],[-72.909166,42.470937],[-72.908955,42.470785],[-72.908737,42.470615],[-72.908552,42.470467],[-72.908415,42.470348],[-72.908287,42.470219],[-72.908163,42.470106],[-72.90804,42.469985],[-72.907935,42.469868],[-72.907827,42.469748],[-72.907696,42.469597],[-72.907588,42.469461],[-72.907461,42.469302],[-72.907346,42.469133],[-72.907211,42.468931],[-72.907099,42.468741],[-72.90699,42.468555],[-72.906891,42.468343],[-72.906744,42.468007],[-72.906716,42.467946],[-72.906542,42.46755],[-72.906317,42.467018],[-72.905939,42.466156],[-72.905779,42.465779],[-72.905637,42.465452],[-72.905478,42.465081],[-72.90533,42.464738],[-72.905235,42.464515],[-72.905152,42.464307],[-72.904948,42.463916],[-72.904711,42.463575],[-72.904436,42.463259],[-72.904051,42.462926],[-72.903634,42.462637],[-72.903147,42.46239],[-72.902622,42.462183],[-72.902183,42.462057],[-72.901737,42.461963],[-72.901419,42.461917],[-72.901056,42.461882],[-72.900727,42.461886],[-72.900504,42.461886],[-72.900393,42.461888],[-72.900276,42.461894],[-72.900158,42.461902],[-72.900041,42.46191],[-72.899791,42.46193],[-72.899667,42.461939],[-72.899565,42.461947],[-72.899463,42.461954],[-72.899361,42.461959],[-72.899263,42.461962],[-72.899202,42.461963],[-72.899164,42.461964],[-72.899066,42.461965],[-72.898947,42.461966],[-72.898818,42.461956],[-72.898694,42.461949],[-72.898472,42.461928],[-72.898293,42.461903],[-72.898251,42.461897],[-72.898033,42.461857],[-72.897825,42.461811],[-72.89762,42.461756],[-72.89742,42.461693],[-72.897251,42.461633],[-72.897086,42.461567],[-72.896925,42.461496],[-72.896777,42.461423],[-72.896634,42.461344],[-72.896494,42.461262],[-72.896342,42.461161],[-72.896194,42.461056],[-72.896047,42.46095],[-72.895966,42.460874],[-72.895885,42.460797],[-72.895806,42.460719],[-72.895718,42.460627],[-72.895675,42.460581],[-72.895421,42.460326],[-72.895168,42.460071],[-72.894386,42.459263],[-72.8942,42.459071],[-72.894105,42.458977],[-72.894042,42.458918],[-72.894007,42.458886],[-72.893908,42.458797],[-72.893805,42.45871],[-72.893706,42.45863],[-72.893604,42.45855],[-72.8935,42.458473],[-72.893387,42.458391],[-72.893272,42.45831],[-72.893154,42.458231],[-72.893037,42.458154],[-72.892918,42.458079],[-72.892796,42.458007],[-72.892644,42.457923],[-72.892489,42.457843],[-72.892332,42.457766],[-72.892091,42.457653],[-72.891845,42.457546],[-72.891594,42.457447],[-72.891359,42.457365],[-72.89112,42.457288],[-72.890881,42.457212],[-72.89021,42.457012],[-72.889666,42.456861],[-72.889321,42.456764],[-72.888719,42.456595],[-72.888321,42.456482],[-72.888107,42.456415],[-72.88788,42.456358],[-72.887764,42.456328],[-72.887648,42.456297],[-72.887531,42.456268],[-72.887251,42.456205],[-72.886968,42.456148],[-72.886682,42.456101],[-72.886446,42.45607],[-72.886208,42.456044],[-72.885971,42.456019],[-72.885124,42.455947],[-72.885008,42.455939],[-72.88445,42.455899],[-72.884365,42.455893],[-72.884339,42.455889],[-72.884291,42.455883],[-72.884217,42.455874],[-72.884144,42.455863],[-72.884088,42.455853],[-72.884031,42.455843],[-72.883975,42.455832],[-72.883825,42.455802],[-72.883751,42.455786],[-72.883629,42.455754],[-72.88351,42.455716],[-72.883396,42.455674],[-72.883274,42.455619],[-72.883157,42.455557],[-72.883046,42.455491],[-72.882931,42.455414],[-72.882822,42.455332],[-72.882716,42.455248],[-72.882611,42.455161],[-72.882508,42.455072],[-72.882406,42.454983],[-72.882329,42.454919],[-72.882253,42.454855],[-72.882175,42.454792],[-72.882076,42.454715],[-72.881976,42.454639],[-72.881873,42.454566],[-72.881759,42.45449],[-72.881643,42.454416],[-72.881523,42.454345],[-72.881413,42.454283],[-72.881302,42.454222],[-72.881188,42.454164],[-72.881068,42.454107],[-72.880824,42.453999],[-72.880645,42.45392],[-72.880255,42.453749],[-72.879068,42.453226],[-72.878332,42.452904],[-72.877162,42.45239],[-72.876994,42.452305],[-72.876827,42.452221],[-72.876663,42.452132],[-72.876573,42.452079],[-72.876484,42.452025],[-72.876397,42.45197],[-72.876324,42.451923],[-72.876182,42.451827],[-72.876102,42.451766],[-72.876023,42.451705],[-72.875945,42.451643],[-72.875865,42.451577],[-72.875786,42.45151],[-72.87571,42.451443],[-72.875654,42.451388],[-72.875599,42.451333],[-72.875545,42.451278],[-72.874904,42.450598],[-72.874427,42.450082],[-72.874213,42.449826],[-72.87411,42.449697],[-72.874027,42.449584],[-72.873948,42.449471],[-72.873868,42.449358],[-72.873341,42.448507],[-72.873307,42.448453],[-72.873272,42.4484],[-72.873236,42.448346],[-72.873168,42.44825],[-72.873097,42.448154],[-72.873023,42.448061],[-72.87293,42.447947],[-72.872832,42.447835],[-72.87273,42.447727],[-72.872613,42.447614],[-72.87249,42.447504],[-72.872362,42.447398],[-72.872215,42.447284],[-72.872062,42.447174],[-72.87191,42.447064],[-72.870997,42.446513],[-72.870831,42.446399],[-72.870666,42.446285],[-72.870515,42.446162],[-72.870415,42.446061],[-72.870323,42.445955],[-72.870241,42.445845],[-72.870182,42.445748],[-72.870129,42.445648],[-72.870076,42.445549],[-72.869707,42.444698],[-72.869675,42.444612],[-72.869659,42.444567],[-72.869644,42.444526],[-72.869613,42.44444],[-72.869597,42.444396],[-72.869582,42.444352],[-72.869568,42.444307],[-72.869547,42.444233],[-72.869509,42.444085],[-72.869479,42.44395],[-72.869402,42.44361],[-72.869188,42.442632],[-72.868996,42.441747],[-72.868985,42.441703],[-72.868974,42.441658],[-72.868961,42.441613],[-72.868947,42.44157],[-72.868915,42.441484],[-72.868868,42.441391],[-72.86882,42.441297],[-72.868766,42.441205],[-72.868715,42.441136],[-72.868659,42.441069],[-72.868604,42.441002],[-72.868518,42.440925],[-72.868433,42.440848],[-72.868342,42.440774],[-72.868204,42.440675],[-72.868058,42.440584],[-72.867903,42.440501],[-72.867719,42.440421],[-72.867524,42.440354],[-72.867324,42.440299],[-72.867169,42.440266],[-72.867011,42.440242],[-72.866851,42.440224],[-72.866642,42.440216],[-72.866432,42.44022],[-72.866223,42.440236],[-72.866022,42.440263],[-72.865823,42.440302],[-72.865624,42.44034],[-72.8648,42.440533],[-72.863055,42.440945],[-72.862936,42.440976],[-72.862817,42.441009],[-72.862699,42.441043],[-72.862581,42.441085],[-72.862463,42.441129],[-72.862346,42.441173],[-72.862187,42.441252],[-72.862028,42.441332],[-72.861874,42.441415],[-72.86176,42.441485],[-72.86165,42.441557],[-72.861545,42.441633],[-72.861379,42.441774],[-72.861075,42.442074],[-72.861024,42.442147],[-72.860972,42.44222],[-72.860923,42.442293],[-72.860865,42.442391],[-72.860838,42.442441],[-72.86079,42.442528],[-72.860745,42.442617],[-72.86071,42.442685],[-72.8607,42.442705],[-72.860654,42.442824],[-72.860354,42.443648],[-72.860066,42.444437],[-72.859975,42.444682],[-72.859775,42.44522],[-72.859734,42.445308],[-72.859694,42.445396],[-72.859649,42.445482],[-72.859593,42.445577],[-72.859531,42.445672],[-72.859463,42.445763],[-72.859389,42.445854],[-72.859253,42.446],[-72.859224,42.446029],[-72.859128,42.446116],[-72.859028,42.4462],[-72.858927,42.446284],[-72.858804,42.446359],[-72.857868,42.446943],[-72.85769,42.447079],[-72.857678,42.44709],[-72.857604,42.44715],[-72.857559,42.447189],[-72.857529,42.447217],[-72.857515,42.447229],[-72.857472,42.44727],[-72.857381,42.447366],[-72.857295,42.447464],[-72.85721,42.447563],[-72.856915,42.447989],[-72.85687,42.448054],[-72.856868,42.448057],[-72.85675,42.448229],[-72.856047,42.449245],[-72.855984,42.449345],[-72.855921,42.449444],[-72.855863,42.449546],[-72.855817,42.449636],[-72.855775,42.449728],[-72.855738,42.449821],[-72.8557,42.449936],[-72.85567,42.450054],[-72.855645,42.450171],[-72.855627,42.450298],[-72.855614,42.450426],[-72.855602,42.450554],[-72.855552,42.452242],[-72.855546,42.452373],[-72.85554,42.452503],[-72.855527,42.452634],[-72.855509,42.452735],[-72.855486,42.452836],[-72.855459,42.452935],[-72.855428,42.453026],[-72.855394,42.453115],[-72.855359,42.453205],[-72.855335,42.453272],[-72.85531,42.453338],[-72.855286,42.453406],[-72.855226,42.453498],[-72.855168,42.453582],[-72.855063,42.453705],[-72.854944,42.453839],[-72.854882,42.453895],[-72.8548,42.45398],[-72.854692,42.454071],[-72.853053,42.455191],[-72.852858,42.455289],[-72.852675,42.455373],[-72.852505,42.455436],[-72.852151,42.455528],[-72.851867,42.455572],[-72.851584,42.455608],[-72.851152,42.455617],[-72.85097,42.455608],[-72.850822,42.455602],[-72.850548,42.455552],[-72.84951,42.455239],[-72.848137,42.454824],[-72.847982,42.454778],[-72.84742,42.454614],[-72.847119,42.454538],[-72.846867,42.454494],[-72.846571,42.454463],[-72.846114,42.454468],[-72.845741,42.454508],[-72.845416,42.454568],[-72.844942,42.454738],[-72.843778,42.455169],[-72.843406,42.455321],[-72.84325,42.455379],[-72.843083,42.455431],[-72.842818,42.455497],[-72.842599,42.455545],[-72.842111,42.45561],[-72.841329,42.455672],[-72.840655,42.455723],[-72.839941,42.455775],[-72.839507,42.455812],[-72.838623,42.455851],[-72.83804,42.455827],[-72.837235,42.455724],[-72.836661,42.455649],[-72.836311,42.455617],[-72.83597,42.455612],[-72.835546,42.45563],[-72.835418,42.455645],[-72.835075,42.455688],[-72.834569,42.455774],[-72.834388,42.455795],[-72.834045,42.455851],[-72.833812,42.455888],[-72.833721,42.455903],[-72.833472,42.455943],[-72.832703,42.45607],[-72.832135,42.456154],[-72.831774,42.45618],[-72.831477,42.456176],[-72.831119,42.456155],[-72.830681,42.456089],[-72.830274,42.455997],[-72.829561,42.455739],[-72.829146,42.455581],[-72.829078,42.455559],[-72.828736,42.455447],[-72.828684,42.455433],[-72.828604,42.455411],[-72.82824,42.45531],[-72.828145,42.455284],[-72.828133,42.455281],[-72.827374,42.455111],[-72.826329,42.454847],[-72.825861,42.454656],[-72.825386,42.454394],[-72.825086,42.454229],[-72.825055,42.454212],[-72.824117,42.453694],[-72.823633,42.453418],[-72.823499,42.453315],[-72.823411,42.453247],[-72.823142,42.453009],[-72.82287,42.452726],[-72.822646,42.452428],[-72.822475,42.452118],[-72.822337,42.451788],[-72.822262,42.45154],[-72.822224,42.451334],[-72.822158,42.451086],[-72.822041,42.450874],[-72.821909,42.450659],[-72.821722,42.450433],[-72.821467,42.450203],[-72.821136,42.44997],[-72.820845,42.449828],[-72.820584,42.449716],[-72.820116,42.449591],[-72.819721,42.449514],[-72.818868,42.44935],[-72.817526,42.449101],[-72.817077,42.449024],[-72.816632,42.448987],[-72.816343,42.448978],[-72.816228,42.448974],[-72.81578,42.448967],[-72.815098,42.448947],[-72.814761,42.448928],[-72.814247,42.448849],[-72.813132,42.448545],[-72.811022,42.447912],[-72.810163,42.447655],[-72.809351,42.44741],[-72.808707,42.447214],[-72.808302,42.447108],[-72.807677,42.446959],[-72.80702,42.446821],[-72.80637,42.446713],[-72.806243,42.446691],[-72.806099,42.446665],[-72.805704,42.446619],[-72.804993,42.446543],[-72.804832,42.446527],[-72.80412,42.446448],[-72.80387,42.446406],[-72.803419,42.446278],[-72.803221,42.446218],[-72.802925,42.446054],[-72.802628,42.445894],[-72.802349,42.445681],[-72.802152,42.4455],[-72.801943,42.445276],[-72.801781,42.445038],[-72.800853,42.443211],[-72.800774,42.443019],[-72.800689,42.442814],[-72.80063,42.442668],[-72.800498,42.442356],[-72.800497,42.442353],[-72.800481,42.442316],[-72.800431,42.442194],[-72.800301,42.441879],[-72.800219,42.441681],[-72.80007,42.441293],[-72.800043,42.441222],[-72.800043,42.441221],[-72.800042,42.441219],[-72.800041,42.441216],[-72.800036,42.441205],[-72.800035,42.441201],[-72.800034,42.441199],[-72.800033,42.441196],[-72.799999,42.441108],[-72.799935,42.440947],[-72.799861,42.440762],[-72.799944,42.440737],[-72.800084,42.440699],[-72.800048,42.44061],[-72.800084,42.440699],[-72.799944,42.440737],[-72.799861,42.440762],[-72.799744,42.44047],[-72.799612,42.44014],[-72.799522,42.439918],[-72.799332,42.439497],[-72.799129,42.439039],[-72.798977,42.438719],[-72.798798,42.438322],[-72.798502,42.437645],[-72.798368,42.437367],[-72.798206,42.437053],[-72.798138,42.436892],[-72.798082,42.436759],[-72.798026,42.436625],[-72.797967,42.436491],[-72.797923,42.436397],[-72.797878,42.436303],[-72.797861,42.436271],[-72.797828,42.43621],[-72.797788,42.436141],[-72.797746,42.436073],[-72.797698,42.436007],[-72.797639,42.43594],[-72.797122,42.43556],[-72.796439,42.435184],[-72.796392,42.435158],[-72.793384,42.433505],[-72.793366,42.433493],[-72.79024,42.431786],[-72.78968,42.431425],[-72.789288,42.431053],[-72.788623,42.430149],[-72.788301,42.429805],[-72.788078,42.429566],[-72.787644,42.429197],[-72.786807,42.428618],[-72.786529,42.428431],[-72.78628,42.428264],[-72.784084,42.426786],[-72.783837,42.426639],[-72.783581,42.426516],[-72.78093,42.4255],[-72.780614,42.425335],[-72.78032,42.425105],[-72.780006,42.424769],[-72.779557,42.424126],[-72.779019,42.423411],[-72.778571,42.423057],[-72.777694,42.422367],[-72.77732,42.421873],[-72.777267,42.421803],[-72.776678,42.420436],[-72.776546,42.42013],[-72.776442,42.419828],[-72.776092,42.418771],[-72.776024,42.41861],[-72.775959,42.418503],[-72.775884,42.418402],[-72.77577,42.418256],[-72.775625,42.418119],[-72.775442,42.417987],[-72.775127,42.417821],[-72.774821,42.417706],[-72.77447,42.417637],[-72.774119,42.417596],[-72.77233,42.417582],[-72.772105,42.417584],[-72.770536,42.417572],[-72.770388,42.417571],[-72.769928,42.417535],[-72.769565,42.417482],[-72.767649,42.417116],[-72.767379,42.417065],[-72.766688,42.416972],[-72.765859,42.416881],[-72.765155,42.41675],[-72.764783,42.416664],[-72.764297,42.41652],[-72.76394,42.416381],[-72.763623,42.416221],[-72.762438,42.415485],[-72.761815,42.415082],[-72.761303,42.414751],[-72.760366,42.414014],[-72.760054,42.413746],[-72.759965,42.413669],[-72.759752,42.413474],[-72.759486,42.413166],[-72.759196,42.412728],[-72.75892,42.412233],[-72.758641,42.411344],[-72.758587,42.411042],[-72.758579,42.410853],[-72.758652,42.410213],[-72.758651,42.410033],[-72.758589,42.409669],[-72.758452,42.409214],[-72.758304,42.408895],[-72.758152,42.408665],[-72.757595,42.408003],[-72.757384,42.40778],[-72.755401,42.406044],[-72.755199,42.405903],[-72.754973,42.405782],[-72.754551,42.405615],[-72.754358,42.405553],[-72.754152,42.405487],[-72.751439,42.40469],[-72.750748,42.404462],[-72.75036,42.404339],[-72.749777,42.404061],[-72.748953,42.403611],[-72.748684,42.403468],[-72.748533,42.403395],[-72.748315,42.40329],[-72.747938,42.403149],[-72.747576,42.403063],[-72.74667,42.402914],[-72.746393,42.402847],[-72.746225,42.402795],[-72.746004,42.402694],[-72.745785,42.402548],[-72.745659,42.402433],[-72.745535,42.402287],[-72.745324,42.401973],[-72.745235,42.401669],[-72.745141,42.401347],[-72.745065,42.401149],[-72.744975,42.400983],[-72.744825,42.40077],[-72.744283,42.400196],[-72.744045,42.399954],[-72.74372,42.399624],[-72.742387,42.398269],[-72.742004,42.397852],[-72.741293,42.396877],[-72.740911,42.396476],[-72.740228,42.395904],[-72.739817,42.395659],[-72.739693,42.395611],[-72.739303,42.395473],[-72.738421,42.395193],[-72.73783,42.394972],[-72.737347,42.394775],[-72.736902,42.394551],[-72.736795,42.394492],[-72.736689,42.394431],[-72.736574,42.394355],[-72.736346,42.394203],[-72.736118,42.394073],[-72.735853,42.393952],[-72.735629,42.393881],[-72.735424,42.393834],[-72.735009,42.39377],[-72.734449,42.393695],[-72.734176,42.393656],[-72.733894,42.393613],[-72.733404,42.393507],[-72.732538,42.393248],[-72.731511,42.392942],[-72.731137,42.392843],[-72.731134,42.392842],[-72.731104,42.392834],[-72.73109,42.39283],[-72.731086,42.392829],[-72.73103,42.392814],[-72.730929,42.392793],[-72.730483,42.392701],[-72.730364,42.392678],[-72.730274,42.392651],[-72.730222,42.392636],[-72.73016,42.392607],[-72.730029,42.392519],[-72.729811,42.392276],[-72.72974,42.392184],[-72.729735,42.392177],[-72.729608,42.392012],[-72.72945,42.391808],[-72.729307,42.39168],[-72.729043,42.391516],[-72.728912,42.391465],[-72.728778,42.391426],[-72.728514,42.391368],[-72.726976,42.391189],[-72.72652,42.391136],[-72.725676,42.391037],[-72.725097,42.39097],[-72.724677,42.390921],[-72.7243,42.390877],[-72.724156,42.39086],[-72.723847,42.390816],[-72.723549,42.390775],[-72.723182,42.390723],[-72.722729,42.390613],[-72.722334,42.390482],[-72.722064,42.390364],[-72.721961,42.39031],[-72.721678,42.390162],[-72.721584,42.390113],[-72.721147,42.389849],[-72.721088,42.389813],[-72.720759,42.389618],[-72.720444,42.38942],[-72.720387,42.389381],[-72.719466,42.388791],[-72.719051,42.388524],[-72.718654,42.388257],[-72.718452,42.388121],[-72.718326,42.388033],[-72.718053,42.387843],[-72.717829,42.387646],[-72.717787,42.387607],[-72.717745,42.387567],[-72.717704,42.387526],[-72.71767,42.387491],[-72.717637,42.387456],[-72.717605,42.387421],[-72.717583,42.387391],[-72.717561,42.38736],[-72.717539,42.38733],[-72.717512,42.387293],[-72.717484,42.387255],[-72.717458,42.387217],[-72.717433,42.387175],[-72.71741,42.387134],[-72.717386,42.387091],[-72.717364,42.387057],[-72.717341,42.387023],[-72.71732,42.386989],[-72.7173,42.386953],[-72.717282,42.386918],[-72.717264,42.386882],[-72.717243,42.386835],[-72.717205,42.386741],[-72.717178,42.386664],[-72.717152,42.386586],[-72.717127,42.386509],[-72.717046,42.386206],[-72.716895,42.38564],[-72.716832,42.385448],[-72.716742,42.385171],[-72.716635,42.384908],[-72.716551,42.384701],[-72.71641,42.384392],[-72.716341,42.384251],[-72.716234,42.38407],[-72.716137,42.383925],[-72.716034,42.383782],[-72.715951,42.38368],[-72.71578,42.383499],[-72.715591,42.383313],[-72.715481,42.38321],[-72.715233,42.382987],[-72.714997,42.382789],[-72.714909,42.382723],[-72.714827,42.382667],[-72.714712,42.382597],[-72.714602,42.382526],[-72.714513,42.382481],[-72.71438,42.382424],[-72.71429,42.382391],[-72.714134,42.382342],[-72.71394,42.382294],[-72.713798,42.382261],[-72.713476,42.382194],[-72.712644,42.382008],[-72.71212,42.381891],[-72.711672,42.381785],[-72.711037,42.381635],[-72.710474,42.381496],[-72.709808,42.381332],[-72.708967,42.381112],[-72.708639,42.381018],[-72.708268,42.380911],[-72.70808,42.380852],[-72.707981,42.380821],[-72.70766,42.380721],[-72.707504,42.380665],[-72.707367,42.380597],[-72.707297,42.380553],[-72.707176,42.380466],[-72.70711,42.380408],[-72.70702,42.380319],[-72.706921,42.380201],[-72.706881,42.380138],[-72.706847,42.380073],[-72.706767,42.379889],[-72.70674,42.379793],[-72.706613,42.379288],[-72.70622,42.377658],[-72.706192,42.37752],[-72.706159,42.377381],[-72.706115,42.37724],[-72.706066,42.377144],[-72.705947,42.376955],[-72.705817,42.376796],[-72.705749,42.376718],[-72.705639,42.376601],[-72.70531,42.376276],[-72.705112,42.376083],[-72.704916,42.3759],[-72.704713,42.375719],[-72.704609,42.375629],[-72.704502,42.375541],[-72.704391,42.375455],[-72.704294,42.375384],[-72.704199,42.375314],[-72.704078,42.375228],[-72.703817,42.375053],[-72.703638,42.374943],[-72.703465,42.374858],[-72.703374,42.374818],[-72.703237,42.374762],[-72.703126,42.37472],[-72.703123,42.374719],[-72.703087,42.374706],[-72.70265,42.374566],[-72.70255,42.374529],[-72.702511,42.374515],[-72.702493,42.374509],[-72.702489,42.374508],[-72.702474,42.374503],[-72.702329,42.374454],[-72.702063,42.374361],[-72.701978,42.374333],[-72.701845,42.374281],[-72.701841,42.37428],[-72.701806,42.374266],[-72.701803,42.374265],[-72.701799,42.374264],[-72.701741,42.374241],[-72.701483,42.374133],[-72.70122,42.37402],[-72.700953,42.373904],[-72.700423,42.373671],[-72.700358,42.373643],[-72.699965,42.373473],[-72.69978,42.373418],[-72.699677,42.373382],[-72.69956,42.373341],[-72.699429,42.373299],[-72.699175,42.373224],[-72.698952,42.373163],[-72.698382,42.373014],[-72.69829,42.372989],[-72.698004,42.372916],[-72.697661,42.372827],[-72.697039,42.372662],[-72.696917,42.372629],[-72.696383,42.372486],[-72.696253,42.372451],[-72.696114,42.372412],[-72.695989,42.37237],[-72.695873,42.372327],[-72.695799,42.372294],[-72.695728,42.37226],[-72.695678,42.372233],[-72.695594,42.372181],[-72.6955,42.372118],[-72.695427,42.372062],[-72.695368,42.372012],[-72.695312,42.371961],[-72.695261,42.371907],[-72.695213,42.371853],[-72.695183,42.371813],[-72.695159,42.371776],[-72.695109,42.371696],[-72.695019,42.371525],[-72.694894,42.371294],[-72.694832,42.37117],[-72.694602,42.370689],[-72.694471,42.370392],[-72.694278,42.369993],[-72.694247,42.369935],[-72.694091,42.369661],[-72.693985,42.369458],[-72.693935,42.369356],[-72.693852,42.369168],[-72.693788,42.368996],[-72.693755,42.368886],[-72.693705,42.368665],[-72.693574,42.367887],[-72.693565,42.367794],[-72.693559,42.3677],[-72.693556,42.367623],[-72.693556,42.367547],[-72.693557,42.367495],[-72.693557,42.36747],[-72.693563,42.367362],[-72.693572,42.367253],[-72.693584,42.367145],[-72.693598,42.367031],[-72.693614,42.366919],[-72.693632,42.366807],[-72.69374,42.366182],[-72.69383,42.365665],[-72.693926,42.365113],[-72.693975,42.364732],[-72.694002,42.36438],[-72.694038,42.363552],[-72.694036,42.363186],[-72.694027,42.363054],[-72.694024,42.363013],[-72.694001,42.362859],[-72.693977,42.362737],[-72.693941,42.362594],[-72.69391,42.362504],[-72.693827,42.362295],[-72.693776,42.362202],[-72.693707,42.362078],[-72.693344,42.361452],[-72.693232,42.361259],[-72.693091,42.36098],[-72.693032,42.360838],[-72.692951,42.360586],[-72.692638,42.359471],[-72.692597,42.359323],[-72.692459,42.358831],[-72.69218,42.35779],[-72.692097,42.357481],[-72.691655,42.35583],[-72.691614,42.355671],[-72.691534,42.355353],[-72.691479,42.355143],[-72.691425,42.354934],[-72.691369,42.354725],[-72.691239,42.354247],[-72.691174,42.354009],[-72.691141,42.353836],[-72.69088,42.352864],[-72.690329,42.350835],[-72.690163,42.350212],[-72.690109,42.350036],[-72.690107,42.350029],[-72.690068,42.349933],[-72.690023,42.349837],[-72.689964,42.349723],[-72.68991,42.349635],[-72.689848,42.349554],[-72.689776,42.34948],[-72.689737,42.349439],[-72.689573,42.349281],[-72.689485,42.349205],[-72.689394,42.349132],[-72.689288,42.349053],[-72.689178,42.348977],[-72.689065,42.348904],[-72.688929,42.348825],[-72.688789,42.348749],[-72.68865,42.348674],[-72.688507,42.348595],[-72.688365,42.348517],[-72.688222,42.348439],[-72.688069,42.348355],[-72.687916,42.348272],[-72.687763,42.348188],[-72.687489,42.348036],[-72.687352,42.347962],[-72.686925,42.347739],[-72.686423,42.347473],[-72.686248,42.347383],[-72.686229,42.347372],[-72.686171,42.347339],[-72.685965,42.347228],[-72.685154,42.346789],[-72.685008,42.346713],[-72.684863,42.346636],[-72.684725,42.346561],[-72.684588,42.346486],[-72.684454,42.346409],[-72.68436,42.346351],[-72.684267,42.346292],[-72.684175,42.346231],[-72.684094,42.346175],[-72.684014,42.346118],[-72.683937,42.346055],[-72.683854,42.345984],[-72.683772,42.345912],[-72.683687,42.345837],[-72.683601,42.345758],[-72.68357,42.345728],[-72.683442,42.345603],[-72.683259,42.345408],[-72.683235,42.345382],[-72.683218,42.345363],[-72.682987,42.34511],[-72.682716,42.344821],[-72.682402,42.344508],[-72.682333,42.344441],[-72.681896,42.343991],[-72.681752,42.343869],[-72.681524,42.343744],[-72.68147,42.343712],[-72.681466,42.343709],[-72.681437,42.343692],[-72.681383,42.343642],[-72.681329,42.34358],[-72.681325,42.343524],[-72.681294,42.343472],[-72.681242,42.343432],[-72.681205,42.343419],[-72.681173,42.343407],[-72.681053,42.343319],[-72.681027,42.343297],[-72.681009,42.343281],[-72.680902,42.343161],[-72.680723,42.342975],[-72.680641,42.342945],[-72.680314,42.34266],[-72.679943,42.342335],[-72.679422,42.34188],[-72.678842,42.341372],[-72.678271,42.340884],[-72.678129,42.340763],[-72.67751,42.340258],[-72.677505,42.340254],[-72.677476,42.340231],[-72.677446,42.340207],[-72.677444,42.340205],[-72.677436,42.340198],[-72.677255,42.340059],[-72.677073,42.339905],[-72.676896,42.339749],[-72.676163,42.339023],[-72.675925,42.338787],[-72.675652,42.338504],[-72.675355,42.338184],[-72.675153,42.337964],[-72.675149,42.33796],[-72.675125,42.337934],[-72.675085,42.337891],[-72.675083,42.337889],[-72.674034,42.336738],[-72.673795,42.336476],[-72.673568,42.336244],[-72.673545,42.336223],[-72.673523,42.336203],[-72.673504,42.336186],[-72.673374,42.336066],[-72.673182,42.335935],[-72.673152,42.335915],[-72.672949,42.335809],[-72.67271,42.335708],[-72.672285,42.335584],[-72.67227,42.335581],[-72.672091,42.335546],[-72.671992,42.335528],[-72.67187,42.335505],[-72.67139,42.335413],[-72.67123,42.335383],[-72.671206,42.335378],[-72.670659,42.33528],[-72.670655,42.335279],[-72.6706,42.335269],[-72.670528,42.335256],[-72.67031,42.335216],[-72.670182,42.335191],[-72.670016,42.33516],[-72.669806,42.335121],[-72.669662,42.335093],[-72.669611,42.335083],[-72.669207,42.335012],[-72.669124,42.334997],[-72.669121,42.334996],[-72.669117,42.334995],[-72.669098,42.334992],[-72.669087,42.33499],[-72.668992,42.334974],[-72.668967,42.33497],[-72.668689,42.334924],[-72.668541,42.3349],[-72.668377,42.334874],[-72.667765,42.334774],[-72.667671,42.334759],[-72.667583,42.334744],[-72.667398,42.334716],[-72.667242,42.334697],[-72.667111,42.33468],[-72.667025,42.33467],[-72.66679,42.334653],[-72.666733,42.334648],[-72.666678,42.334645],[-72.666416,42.33463],[-72.666413,42.33463],[-72.666356,42.334627],[-72.666269,42.334622],[-72.665577,42.33458],[-72.665399,42.334569],[-72.665258,42.33456],[-72.664969,42.334547],[-72.664517,42.334506],[-72.664302,42.334488],[-72.664265,42.334485],[-72.664157,42.334477],[-72.663803,42.33445],[-72.66372,42.334444],[-72.663695,42.334441],[-72.663691,42.334441],[-72.663498,42.334414],[-72.663358,42.334391],[-72.663205,42.334358],[-72.663199,42.334356],[-72.663053,42.334318],[-72.662903,42.334277],[-72.662728,42.334229],[-72.662554,42.33418],[-72.662406,42.334134],[-72.662244,42.334077],[-72.662058,42.334008],[-72.662,42.333988],[-72.661814,42.333925],[-72.661659,42.333877],[-72.661504,42.333831],[-72.66142,42.333807],[-72.661334,42.333783],[-72.661162,42.333739],[-72.660991,42.333694],[-72.660733,42.333633],[-72.659914,42.333458],[-72.65921,42.333306],[-72.657366,42.332886],[-72.656864,42.33278],[-72.656418,42.332691],[-72.656239,42.332651],[-72.655998,42.332592],[-72.655891,42.332561],[-72.655792,42.332529],[-72.655694,42.332498],[-72.655516,42.332435],[-72.655146,42.332295],[-72.654937,42.332216],[-72.654801,42.332165],[-72.654588,42.332086],[-72.654474,42.332042],[-72.654413,42.332019],[-72.654266,42.331964],[-72.654115,42.331908],[-72.653682,42.331747],[-72.653417,42.331646],[-72.65289,42.331446],[-72.652839,42.331423],[-72.652698,42.331359],[-72.652447,42.331215],[-72.652397,42.331184],[-72.652287,42.331116],[-72.652231,42.331081],[-72.652168,42.33104],[-72.65211,42.331003],[-72.651855,42.330818],[-72.651439,42.330484],[-72.651268,42.330319],[-72.651084,42.330119],[-72.65093,42.329937],[-72.650873,42.329851],[-72.650782,42.329708],[-72.650686,42.329548],[-72.650587,42.329361],[-72.650523,42.329212],[-72.650477,42.329072],[-72.65044,42.328893],[-72.650413,42.328684],[-72.650418,42.328167],[-72.650404,42.327949],[-72.650365,42.327716],[-72.650297,42.327458],[-72.650188,42.327113],[-72.650011,42.326607],[-72.649928,42.326404],[-72.649715,42.325893],[-72.649649,42.325779],[-72.649648,42.325777],[-72.649491,42.325498],[-72.649305,42.325189],[-72.64922,42.32504],[-72.649128,42.324938],[-72.649017,42.324799],[-72.648602,42.324418],[-72.648447,42.324298],[-72.648291,42.324201],[-72.648084,42.324103],[-72.647786,42.323972],[-72.647605,42.323893],[-72.647543,42.323865],[-72.647347,42.323777],[-72.647115,42.323674],[-72.64706,42.323652],[-72.646999,42.323625],[-72.646325,42.32333],[-72.646219,42.323284],[-72.646161,42.323258],[-72.64586,42.323123],[-72.6457,42.323052],[-72.645274,42.322862],[-72.644969,42.322721],[-72.644731,42.322599],[-72.644716,42.322591],[-72.644403,42.322426],[-72.644305,42.322372],[-72.644262,42.322348],[-72.644232,42.322332],[-72.64422,42.322326],[-72.644217,42.322324],[-72.644213,42.322322],[-72.643804,42.322101],[-72.643466,42.321918],[-72.642865,42.321593],[-72.642253,42.321261],[-72.64184,42.321041],[-72.641832,42.321037],[-72.641809,42.321025],[-72.641739,42.32099],[-72.64146,42.32086],[-72.641127,42.320728],[-72.640877,42.320629],[-72.640586,42.320514],[-72.640421,42.320455],[-72.640327,42.320422],[-72.640322,42.32042],[-72.640319,42.320419],[-72.640159,42.320362],[-72.640101,42.320342],[-72.64004,42.320325],[-72.640025,42.320321],[-72.64002,42.32032],[-72.639952,42.320305],[-72.639846,42.320279],[-72.639722,42.320252],[-72.639629,42.320234],[-72.639537,42.320217],[-72.639416,42.320196],[-72.639296,42.320175],[-72.638985,42.320113],[-72.63891,42.3201],[-72.638854,42.320091],[-72.638825,42.320086],[-72.63882,42.320085],[-72.638587,42.320047],[-72.638491,42.320026],[-72.638381,42.320003],[-72.63821,42.319957],[-72.638198,42.319953],[-72.637995,42.319888],[-72.637845,42.319825],[-72.63772,42.319769],[-72.637398,42.3196],[-72.636213,42.318982],[-72.636137,42.318936],[-72.636044,42.318878],[-72.635999,42.318851],[-72.635954,42.318822],[-72.635911,42.318793],[-72.635874,42.318765],[-72.635838,42.318736],[-72.635804,42.318707],[-72.635763,42.318668],[-72.635717,42.318625],[-72.635666,42.318572],[-72.635321,42.318212],[-72.635277,42.31817],[-72.635214,42.318108],[-72.635175,42.318013],[-72.635129,42.317965],[-72.635075,42.317912],[-72.635016,42.317861],[-72.634948,42.317818],[-72.634887,42.317788],[-72.634878,42.317784],[-72.634858,42.317775],[-72.634853,42.317773],[-72.634837,42.317766],[-72.634759,42.31774],[-72.634687,42.31773],[-72.634637,42.317722],[-72.634592,42.317717],[-72.634549,42.317714],[-72.634494,42.317711],[-72.634442,42.317709],[-72.634383,42.317708],[-72.634237,42.317746],[-72.634155,42.317743],[-72.634139,42.317742],[-72.633872,42.317744],[-72.633831,42.317745],[-72.633656,42.317754],[-72.6336,42.317757],[-72.633249,42.317776],[-72.633182,42.317779],[-72.633167,42.31778],[-72.633069,42.317785],[-72.632981,42.317788],[-72.632832,42.317796],[-72.632723,42.317805],[-72.632616,42.317815],[-72.632507,42.31783],[-72.632406,42.317844],[-72.632307,42.31786],[-72.632209,42.31788],[-72.632078,42.317908],[-72.631982,42.317934],[-72.631933,42.317949],[-72.631857,42.317975],[-72.631782,42.318014],[-72.631476,42.318289],[-72.631302,42.318452],[-72.631216,42.318538],[-72.631112,42.318633],[-72.631003,42.318709],[-72.630917,42.318768],[-72.630841,42.31883],[-72.630296,42.319183],[-72.629882,42.319444],[-72.629734,42.319529],[-72.629612,42.319445],[-72.629411,42.319306],[-72.629336,42.319256],[-72.629165,42.319139],[-72.629077,42.319079],[-72.628984,42.319017],[-72.628977,42.319013],[-72.628695,42.318825],[-72.628379,42.318615],[-72.628286,42.318551],[-72.627879,42.318271],[-72.627843,42.318246],[-72.627837,42.318242],[-72.627835,42.31824],[-72.627804,42.31822],[-72.627783,42.318206],[-72.627782,42.318206],[-72.62778,42.318205],[-72.627695,42.318145],[-72.627651,42.318112],[-72.627466,42.317979]]}},{"type":"Feature","properties":{"agency":"Link413","shape_id":"p_1441545"},"geometry":{"type":"LineString","coordinates":[[-72.627466,42.317979],[-72.627346,42.317893],[-72.627258,42.31783],[-72.626842,42.317531],[-72.626568,42.317326],[-72.626565,42.317323],[-72.626562,42.317321],[-72.626545,42.317308],[-72.626543,42.317307],[-72.626541,42.317305],[-72.626517,42.317287],[-72.626465,42.317246],[-72.626293,42.317095],[-72.626169,42.316962],[-72.626072,42.316835],[-72.625994,42.316705],[-72.625961,42.316642],[-72.625961,42.316641],[-72.625901,42.316527],[-72.625738,42.316185],[-72.6257,42.316112],[-72.625682,42.316067],[-72.625427,42.315531],[-72.625201,42.315039],[-72.625174,42.314981],[-72.625163,42.314959],[-72.625118,42.314859],[-72.625116,42.314854],[-72.625116,42.314853],[-72.625109,42.314838],[-72.625101,42.314819],[-72.625053,42.314709],[-72.625015,42.314614],[-72.624952,42.314445],[-72.62491,42.314325],[-72.624863,42.314156],[-72.624848,42.314096],[-72.624823,42.313986],[-72.624781,42.313805],[-72.62478,42.313802],[-72.624773,42.313771],[-72.624767,42.313745],[-72.62475,42.313673],[-72.624687,42.313403],[-72.624636,42.313186],[-72.624553,42.312829],[-72.624496,42.312583],[-72.624477,42.312502],[-72.624397,42.312097],[-72.624382,42.311979],[-72.624366,42.311858],[-72.624356,42.311778],[-72.624369,42.311706],[-72.624391,42.311678],[-72.624449,42.311629],[-72.624474,42.311617],[-72.624512,42.311579],[-72.624532,42.311535],[-72.624532,42.311488],[-72.624512,42.311443],[-72.624473,42.311406],[-72.624424,42.311381],[-72.624367,42.311367],[-72.624308,42.311368],[-72.624267,42.311377],[-72.624202,42.311406],[-72.624166,42.311441],[-72.624145,42.311482],[-72.624142,42.311526],[-72.624157,42.311569],[-72.624189,42.311606],[-72.624221,42.311666],[-72.624247,42.311715],[-72.624312,42.31186],[-72.624397,42.312097],[-72.624477,42.312502],[-72.624496,42.312583],[-72.624553,42.312829],[-72.624636,42.313186],[-72.624687,42.313403],[-72.62475,42.313673],[-72.624767,42.313745],[-72.624773,42.313771],[-72.62478,42.313802],[-72.624781,42.313805],[-72.624823,42.313986],[-72.624848,42.314096],[-72.624863,42.314156],[-72.62491,42.314325],[-72.624952,42.314445],[-72.625015,42.314614],[-72.625053,42.314709],[-72.625101,42.314819],[-72.625109,42.314838],[-72.625116,42.314853],[-72.625116,42.314854],[-72.625118,42.314859],[-72.625163,42.314959],[-72.625174,42.314981],[-72.625201,42.315039],[-72.625427,42.315531],[-72.625682,42.316067],[-72.6257,42.316112],[-72.625738,42.316185],[-72.625901,42.316527],[-72.625961,42.316641],[-72.625961,42.316642],[-72.625994,42.316705],[-72.626072,42.316835],[-72.626169,42.316962],[-72.626293,42.317095],[-72.626465,42.317246],[-72.626517,42.317287],[-72.626541,42.317305],[-72.626543,42.317307],[-72.626545,42.317308],[-72.626562,42.317321],[-72.626565,42.317323],[-72.626568,42.317326],[-72.626842,42.317531],[-72.627258,42.31783],[-72.627346,42.317893],[-72.627651,42.318112],[-72.627695,42.318145],[-72.62778,42.318205],[-72.627782,42.318206],[-72.627783,42.318206],[-72.627804,42.31822],[-72.627835,42.31824],[-72.627837,42.318242],[-72.627843,42.318246],[-72.627879,42.318271],[-72.628286,42.318551],[-72.628379,42.318615],[-72.628695,42.318825],[-72.628977,42.319013],[-72.628984,42.319017],[-72.629077,42.319079],[-72.629165,42.319139],[-72.629336,42.319256],[-72.629411,42.319306],[-72.629612,42.319445],[-72.629734,42.319529],[-72.629882,42.319444],[-72.630174,42.31926],[-72.630296,42.319183],[-72.630841,42.31883],[-72.630917,42.318768],[-72.631003,42.318709],[-72.631112,42.318633],[-72.631216,42.318538],[-72.631302,42.318452],[-72.631476,42.318289],[-72.631782,42.318014],[-72.631857,42.317975],[-72.631933,42.317949],[-72.631982,42.317934],[-72.632078,42.317908],[-72.632209,42.31788],[-72.632307,42.31786],[-72.632406,42.317844],[-72.632507,42.31783],[-72.632616,42.317815],[-72.632723,42.317805],[-72.632832,42.317796],[-72.632981,42.317788],[-72.633069,42.317785],[-72.633182,42.317779],[-72.633227,42.317777],[-72.633249,42.317776],[-72.6336,42.317757],[-72.633656,42.317754],[-72.633831,42.317745],[-72.633872,42.317744],[-72.634139,42.317742],[-72.634155,42.317743],[-72.634237,42.317746],[-72.634377,42.317804],[-72.634488,42.317818],[-72.634566,42.31783],[-72.634644,42.317847],[-72.63472,42.317865],[-72.634766,42.317878],[-72.634805,42.317891],[-72.634824,42.3179],[-72.634885,42.317929],[-72.634952,42.317964],[-72.635033,42.318011],[-72.635096,42.318049],[-72.635214,42.318108],[-72.635277,42.31817],[-72.635321,42.318212],[-72.635666,42.318572],[-72.635717,42.318625],[-72.635763,42.318668],[-72.635804,42.318707],[-72.635838,42.318736],[-72.635874,42.318765],[-72.635911,42.318793],[-72.635954,42.318822],[-72.635999,42.318851],[-72.636044,42.318878],[-72.636137,42.318936],[-72.636213,42.318982],[-72.637398,42.3196],[-72.63772,42.319769],[-72.637845,42.319825],[-72.637995,42.319888],[-72.638198,42.319953],[-72.63821,42.319957],[-72.638381,42.320003],[-72.638491,42.320026],[-72.638587,42.320047],[-72.63882,42.320085],[-72.638825,42.320086],[-72.638854,42.320091],[-72.63891,42.3201],[-72.638985,42.320113],[-72.639296,42.320175],[-72.639416,42.320196],[-72.639537,42.320217],[-72.639629,42.320234],[-72.639722,42.320252],[-72.639846,42.320279],[-72.639952,42.320305],[-72.64002,42.32032],[-72.640025,42.320321],[-72.64004,42.320325],[-72.640101,42.320342],[-72.640159,42.320362],[-72.640319,42.320419],[-72.640322,42.32042],[-72.640327,42.320422],[-72.640421,42.320455],[-72.640586,42.320514],[-72.640877,42.320629],[-72.641127,42.320728],[-72.64146,42.32086],[-72.641739,42.32099],[-72.641809,42.321025],[-72.641832,42.321037],[-72.64184,42.321041],[-72.642253,42.321261],[-72.642865,42.321593],[-72.643466,42.321918],[-72.643804,42.322101],[-72.644213,42.322322],[-72.644217,42.322324],[-72.64422,42.322326],[-72.644232,42.322332],[-72.644262,42.322348],[-72.644305,42.322372],[-72.644403,42.322426],[-72.644716,42.322591],[-72.644731,42.322599],[-72.644969,42.322721],[-72.645274,42.322862],[-72.6457,42.323052],[-72.64586,42.323123],[-72.646161,42.323258],[-72.646219,42.323284],[-72.646325,42.32333],[-72.646999,42.323625],[-72.64706,42.323652],[-72.647115,42.323674],[-72.647347,42.323777],[-72.647543,42.323865],[-72.647605,42.323893],[-72.647786,42.323972],[-72.648084,42.324103],[-72.648291,42.324201],[-72.648447,42.324298],[-72.648602,42.324418],[-72.649017,42.324799],[-72.64908,42.324946],[-72.649147,42.325068],[-72.649245,42.325216],[-72.649254,42.32523],[-72.649443,42.325516],[-72.649601,42.325803],[-72.64962,42.325841],[-72.649656,42.325911],[-72.649662,42.325923],[-72.649928,42.326404],[-72.650011,42.326607],[-72.650188,42.327113],[-72.650297,42.327458],[-72.650365,42.327716],[-72.650404,42.327949],[-72.650418,42.328167],[-72.650413,42.328684],[-72.65044,42.328893],[-72.650477,42.329072],[-72.650523,42.329212],[-72.650587,42.329361],[-72.650686,42.329548],[-72.650782,42.329708],[-72.650873,42.329851],[-72.65093,42.329937],[-72.651084,42.330119],[-72.651268,42.330319],[-72.651439,42.330484],[-72.651855,42.330818],[-72.65211,42.331003],[-72.652168,42.33104],[-72.652231,42.331081],[-72.652287,42.331116],[-72.652397,42.331184],[-72.652447,42.331215],[-72.652698,42.331359],[-72.652839,42.331423],[-72.65289,42.331446],[-72.653417,42.331646],[-72.653682,42.331747],[-72.654115,42.331908],[-72.654266,42.331964],[-72.654413,42.332019],[-72.654474,42.332042],[-72.654588,42.332086],[-72.654801,42.332165],[-72.654937,42.332216],[-72.655146,42.332295],[-72.655516,42.332435],[-72.655694,42.332498],[-72.655792,42.332529],[-72.655891,42.332561],[-72.655998,42.332592],[-72.656239,42.332651],[-72.656418,42.332691],[-72.656864,42.33278],[-72.657366,42.332886],[-72.65921,42.333306],[-72.659914,42.333458],[-72.660733,42.333633],[-72.660991,42.333694],[-72.661162,42.333739],[-72.661334,42.333783],[-72.66142,42.333807],[-72.661504,42.333831],[-72.661659,42.333877],[-72.661814,42.333925],[-72.662,42.333988],[-72.662058,42.334008],[-72.662244,42.334077],[-72.662406,42.334134],[-72.662554,42.33418],[-72.662728,42.334229],[-72.662903,42.334277],[-72.663053,42.334318],[-72.663199,42.334356],[-72.663205,42.334358],[-72.663358,42.334391],[-72.663498,42.334414],[-72.663691,42.334441],[-72.663695,42.334441],[-72.66372,42.334444],[-72.663803,42.33445],[-72.664157,42.334477],[-72.664265,42.334485],[-72.664302,42.334488],[-72.664517,42.334506],[-72.664969,42.334547],[-72.665258,42.33456],[-72.665399,42.334569],[-72.665577,42.33458],[-72.666269,42.334622],[-72.666356,42.334627],[-72.666413,42.33463],[-72.666416,42.33463],[-72.666678,42.334645],[-72.666733,42.334648],[-72.66679,42.334653],[-72.667025,42.33467],[-72.667111,42.33468],[-72.667242,42.334697],[-72.667398,42.334716],[-72.667583,42.334744],[-72.667671,42.334759],[-72.667765,42.334774],[-72.668377,42.334874],[-72.668541,42.3349],[-72.668689,42.334924],[-72.668967,42.33497],[-72.668992,42.334974],[-72.669087,42.33499],[-72.669098,42.334992],[-72.669117,42.334995],[-72.669121,42.334996],[-72.669124,42.334997],[-72.669207,42.335012],[-72.669611,42.335083],[-72.669662,42.335093],[-72.669806,42.335121],[-72.670016,42.33516],[-72.670182,42.335191],[-72.67031,42.335216],[-72.670528,42.335256],[-72.6706,42.335269],[-72.670655,42.335279],[-72.670659,42.33528],[-72.671206,42.335378],[-72.67123,42.335383],[-72.67139,42.335413],[-72.67187,42.335505],[-72.671992,42.335528],[-72.672091,42.335546],[-72.67227,42.335581],[-72.672285,42.335584],[-72.67271,42.335708],[-72.672949,42.335809],[-72.673152,42.335915],[-72.673182,42.335935],[-72.673374,42.336066],[-72.673504,42.336186],[-72.673523,42.336203],[-72.673545,42.336223],[-72.673568,42.336244],[-72.673795,42.336476],[-72.674034,42.336738],[-72.675083,42.337889],[-72.675085,42.337891],[-72.675125,42.337934],[-72.675149,42.33796],[-72.675153,42.337964],[-72.675355,42.338184],[-72.675652,42.338504],[-72.675925,42.338787],[-72.676163,42.339023],[-72.676896,42.339749],[-72.677073,42.339905],[-72.677255,42.340059],[-72.677436,42.340198],[-72.677444,42.340205],[-72.677446,42.340207],[-72.677476,42.340231],[-72.677505,42.340254],[-72.67751,42.340258],[-72.678129,42.340763],[-72.678271,42.340884],[-72.678842,42.341372],[-72.679422,42.34188],[-72.679943,42.342335],[-72.680314,42.34266],[-72.680641,42.342945],[-72.680663,42.343003],[-72.680801,42.343134],[-72.680904,42.34328],[-72.680907,42.343284],[-72.680911,42.34329],[-72.680915,42.343295],[-72.68093,42.343316],[-72.68094,42.343469],[-72.680911,42.343511],[-72.6809,42.343558],[-72.680912,42.343613],[-72.680931,42.343638],[-72.680949,42.343661],[-72.681005,42.343697],[-72.681085,42.343718],[-72.681171,42.343714],[-72.681342,42.34376],[-72.681345,42.343761],[-72.681376,42.343769],[-72.68152,42.343821],[-72.681697,42.343921],[-72.681839,42.344034],[-72.682333,42.344441],[-72.682402,42.344508],[-72.682716,42.344821],[-72.682987,42.34511],[-72.683218,42.345363],[-72.683235,42.345382],[-72.683259,42.345408],[-72.683442,42.345603],[-72.68357,42.345728],[-72.683601,42.345758],[-72.683687,42.345837],[-72.683772,42.345912],[-72.683854,42.345984],[-72.683937,42.346055],[-72.684014,42.346118],[-72.684094,42.346175],[-72.684175,42.346231],[-72.684267,42.346292],[-72.68436,42.346351],[-72.684454,42.346409],[-72.684588,42.346486],[-72.684725,42.346561],[-72.684863,42.346636],[-72.685008,42.346713],[-72.685154,42.346789],[-72.685965,42.347228],[-72.686171,42.347339],[-72.686229,42.347372],[-72.686248,42.347383],[-72.686423,42.347473],[-72.686925,42.347739],[-72.687352,42.347962],[-72.687489,42.348036],[-72.687763,42.348188],[-72.687916,42.348272],[-72.688069,42.348355],[-72.688222,42.348439],[-72.688365,42.348517],[-72.688507,42.348595],[-72.68865,42.348674],[-72.688789,42.348749],[-72.688929,42.348825],[-72.689065,42.348904],[-72.689178,42.348977],[-72.689288,42.349053],[-72.689394,42.349132],[-72.689485,42.349205],[-72.689573,42.349281],[-72.689737,42.349439],[-72.689776,42.34948],[-72.689848,42.349554],[-72.68991,42.349635],[-72.689964,42.349723],[-72.690023,42.349837],[-72.690068,42.349933],[-72.690107,42.350029],[-72.690109,42.350036],[-72.690163,42.350212],[-72.690329,42.350835],[-72.69088,42.352864],[-72.691141,42.353836],[-72.691174,42.354009],[-72.691239,42.354247],[-72.691369,42.354725],[-72.691425,42.354934],[-72.691479,42.355143],[-72.691534,42.355353],[-72.691614,42.355671],[-72.691655,42.35583],[-72.692097,42.357481],[-72.69218,42.35779],[-72.692459,42.358831],[-72.692597,42.359323],[-72.692638,42.359471],[-72.692951,42.360586],[-72.693032,42.360838],[-72.693091,42.36098],[-72.693232,42.361259],[-72.693344,42.361452],[-72.693707,42.362078],[-72.693776,42.362202],[-72.693827,42.362295],[-72.69391,42.362504],[-72.693941,42.362594],[-72.693977,42.362737],[-72.694001,42.362859],[-72.694024,42.363013],[-72.694027,42.363054],[-72.694036,42.363186],[-72.694038,42.363552],[-72.694002,42.36438],[-72.693975,42.364732],[-72.693926,42.365113],[-72.69383,42.365665],[-72.69374,42.366182],[-72.693632,42.366807],[-72.693614,42.366919],[-72.693598,42.367031],[-72.693584,42.367145],[-72.693572,42.367253],[-72.693563,42.367362],[-72.693557,42.36747],[-72.693557,42.367495],[-72.693556,42.367547],[-72.693556,42.367623],[-72.693559,42.3677],[-72.693565,42.367794],[-72.693574,42.367887],[-72.693705,42.368665],[-72.693755,42.368886],[-72.693788,42.368996],[-72.693852,42.369168],[-72.693935,42.369356],[-72.693985,42.369458],[-72.694091,42.369661],[-72.694247,42.369935],[-72.694278,42.369993],[-72.694471,42.370392],[-72.694602,42.370689],[-72.694832,42.37117],[-72.694894,42.371294],[-72.695019,42.371525],[-72.695109,42.371696],[-72.695159,42.371776],[-72.695183,42.371813],[-72.695213,42.371853],[-72.695261,42.371907],[-72.695312,42.371961],[-72.695368,42.372012],[-72.695427,42.372062],[-72.6955,42.372118],[-72.695594,42.372181],[-72.695678,42.372233],[-72.695728,42.37226],[-72.695799,42.372294],[-72.695873,42.372327],[-72.695989,42.37237],[-72.696114,42.372412],[-72.696253,42.372451],[-72.696383,42.372486],[-72.696917,42.372629],[-72.697039,42.372662],[-72.697661,42.372827],[-72.698004,42.372916],[-72.69829,42.372989],[-72.698382,42.373014],[-72.698952,42.373163],[-72.699175,42.373224],[-72.699429,42.373299],[-72.69956,42.373341],[-72.699677,42.373382],[-72.69978,42.373418],[-72.699965,42.373473],[-72.700358,42.373643],[-72.700423,42.373671],[-72.700953,42.373904],[-72.70122,42.37402],[-72.701483,42.374133],[-72.701741,42.374241],[-72.701799,42.374264],[-72.701803,42.374265],[-72.701806,42.374266],[-72.701841,42.37428],[-72.701845,42.374281],[-72.701978,42.374333],[-72.702063,42.374361],[-72.702329,42.374454],[-72.702474,42.374503],[-72.702489,42.374508],[-72.702493,42.374509],[-72.702511,42.374515],[-72.70255,42.374529],[-72.70265,42.374566],[-72.703087,42.374706],[-72.703123,42.374719],[-72.703126,42.37472],[-72.703237,42.374762],[-72.703374,42.374818],[-72.703465,42.374858],[-72.703638,42.374943],[-72.703817,42.375053],[-72.704078,42.375228],[-72.704199,42.375314],[-72.704294,42.375384],[-72.704391,42.375455],[-72.704502,42.375541],[-72.704609,42.375629],[-72.704713,42.375719],[-72.704916,42.3759],[-72.705112,42.376083],[-72.70531,42.376276],[-72.705639,42.376601],[-72.705749,42.376718],[-72.705817,42.376796],[-72.705947,42.376955],[-72.706066,42.377144],[-72.706115,42.37724],[-72.706159,42.377381],[-72.706192,42.37752],[-72.70622,42.377658],[-72.706613,42.379288],[-72.70674,42.379793],[-72.706767,42.379889],[-72.706847,42.380073],[-72.706881,42.380138],[-72.706921,42.380201],[-72.70702,42.380319],[-72.70711,42.380408],[-72.707176,42.380466],[-72.707297,42.380553],[-72.707367,42.380597],[-72.707504,42.380665],[-72.70766,42.380721],[-72.707981,42.380821],[-72.70808,42.380852],[-72.708268,42.380911],[-72.708639,42.381018],[-72.708967,42.381112],[-72.709808,42.381332],[-72.710474,42.381496],[-72.711037,42.381635],[-72.711672,42.381785],[-72.71212,42.381891],[-72.712644,42.382008],[-72.713476,42.382194],[-72.713798,42.382261],[-72.71394,42.382294],[-72.714134,42.382342],[-72.71429,42.382391],[-72.71438,42.382424],[-72.714513,42.382481],[-72.714602,42.382526],[-72.714712,42.382597],[-72.714827,42.382667],[-72.714909,42.382723],[-72.714997,42.382789],[-72.715233,42.382987],[-72.715481,42.38321],[-72.715591,42.383313],[-72.71578,42.383499],[-72.715951,42.38368],[-72.716034,42.383782],[-72.716137,42.383925],[-72.716234,42.38407],[-72.716341,42.384251],[-72.71641,42.384392],[-72.716551,42.384701],[-72.716635,42.384908],[-72.716742,42.385171],[-72.716832,42.385448],[-72.716895,42.38564],[-72.717046,42.386206],[-72.717127,42.386509],[-72.717152,42.386586],[-72.717178,42.386664],[-72.717205,42.386741],[-72.717243,42.386835],[-72.717264,42.386882],[-72.717282,42.386918],[-72.7173,42.386953],[-72.71732,42.386989],[-72.717341,42.387023],[-72.717364,42.387057],[-72.717386,42.387091],[-72.71741,42.387134],[-72.717433,42.387175],[-72.717458,42.387217],[-72.717484,42.387255],[-72.717512,42.387293],[-72.717539,42.38733],[-72.717561,42.38736],[-72.717583,42.387391],[-72.717605,42.387421],[-72.717637,42.387456],[-72.71767,42.387491],[-72.717704,42.387526],[-72.717745,42.387567],[-72.717787,42.387607],[-72.717829,42.387646],[-72.718053,42.387843],[-72.718326,42.388033],[-72.718452,42.388121],[-72.718654,42.388257],[-72.719051,42.388524],[-72.719466,42.388791],[-72.720387,42.389381],[-72.720444,42.38942],[-72.720759,42.389618],[-72.721088,42.389813],[-72.721147,42.389849],[-72.721584,42.390113],[-72.721678,42.390162],[-72.721961,42.39031],[-72.722064,42.390364],[-72.722334,42.390482],[-72.722729,42.390613],[-72.723182,42.390723],[-72.723549,42.390775],[-72.723847,42.390816],[-72.724156,42.39086],[-72.7243,42.390877],[-72.724677,42.390921],[-72.725097,42.39097],[-72.725676,42.391037],[-72.72652,42.391136],[-72.726976,42.391189],[-72.728514,42.391368],[-72.728778,42.391426],[-72.728912,42.391465],[-72.729043,42.391516],[-72.729307,42.39168],[-72.72945,42.391808],[-72.729735,42.392177],[-72.729811,42.392276],[-72.730013,42.392501],[-72.73016,42.392607],[-72.730222,42.392636],[-72.730274,42.392651],[-72.730364,42.392678],[-72.730483,42.392701],[-72.730929,42.392793],[-72.73103,42.392814],[-72.731086,42.392829],[-72.73109,42.39283],[-72.731104,42.392834],[-72.731134,42.392842],[-72.731137,42.392843],[-72.731511,42.392942],[-72.732538,42.393248],[-72.733404,42.393507],[-72.733894,42.393613],[-72.734176,42.393656],[-72.734449,42.393695],[-72.735009,42.39377],[-72.735424,42.393834],[-72.735629,42.393881],[-72.735853,42.393952],[-72.736118,42.394073],[-72.736346,42.394203],[-72.736574,42.394355],[-72.736689,42.394431],[-72.736795,42.394492],[-72.736902,42.394551],[-72.737347,42.394775],[-72.73783,42.394972],[-72.738421,42.395193],[-72.739303,42.395473],[-72.739693,42.395611],[-72.739817,42.395659],[-72.740228,42.395904],[-72.740911,42.396476],[-72.741293,42.396877],[-72.742004,42.397852],[-72.742387,42.398269],[-72.74372,42.399624],[-72.744045,42.399954],[-72.744283,42.400196],[-72.744825,42.40077],[-72.744975,42.400983],[-72.745065,42.401149],[-72.745141,42.401347],[-72.745235,42.401669],[-72.745324,42.401973],[-72.745535,42.402287],[-72.745659,42.402433],[-72.745785,42.402548],[-72.746004,42.402694],[-72.746225,42.402795],[-72.746393,42.402847],[-72.74667,42.402914],[-72.747576,42.403063],[-72.747938,42.403149],[-72.748315,42.40329],[-72.748533,42.403395],[-72.748684,42.403468],[-72.748953,42.403611],[-72.749777,42.404061],[-72.75036,42.404339],[-72.750748,42.404462],[-72.751439,42.40469],[-72.754152,42.405487],[-72.754358,42.405553],[-72.754551,42.405615],[-72.754973,42.405782],[-72.755199,42.405903],[-72.755401,42.406044],[-72.757384,42.40778],[-72.757595,42.408003],[-72.758152,42.408665],[-72.758304,42.408895],[-72.758452,42.409214],[-72.758589,42.409669],[-72.758651,42.410033],[-72.758652,42.410213],[-72.758579,42.410853],[-72.758587,42.411042],[-72.758641,42.411344],[-72.75892,42.412233],[-72.759196,42.412728],[-72.759486,42.413166],[-72.759752,42.413474],[-72.759965,42.413669],[-72.760054,42.413746],[-72.760366,42.414014],[-72.761303,42.414751],[-72.761815,42.415082],[-72.762438,42.415485],[-72.763623,42.416221],[-72.76394,42.416381],[-72.764297,42.41652],[-72.764783,42.416664],[-72.765155,42.41675],[-72.765859,42.416881],[-72.766688,42.416972],[-72.767379,42.417065],[-72.767649,42.417116],[-72.769565,42.417482],[-72.769928,42.417535],[-72.770388,42.417571],[-72.770536,42.417572],[-72.772105,42.417584],[-72.77233,42.417582],[-72.774119,42.417596],[-72.77447,42.417637],[-72.774821,42.417706],[-72.775127,42.417821],[-72.775442,42.417987],[-72.775625,42.418119],[-72.77577,42.418256],[-72.775884,42.418402],[-72.775959,42.418503],[-72.776024,42.41861],[-72.776092,42.418771],[-72.776442,42.419828],[-72.776546,42.42013],[-72.776678,42.420436],[-72.777267,42.421803],[-72.77732,42.421873],[-72.777694,42.422367],[-72.778571,42.423057],[-72.779019,42.423411],[-72.779557,42.424126],[-72.780006,42.424769],[-72.78032,42.425105],[-72.780614,42.425335],[-72.78093,42.4255],[-72.783581,42.426516],[-72.783837,42.426639],[-72.784084,42.426786],[-72.78628,42.428264],[-72.786529,42.428431],[-72.786807,42.428618],[-72.787644,42.429197],[-72.788078,42.429566],[-72.788301,42.429805],[-72.788623,42.430149],[-72.789288,42.431053],[-72.78968,42.431425],[-72.79024,42.431786],[-72.793366,42.433493],[-72.793384,42.433505],[-72.796392,42.435158],[-72.796439,42.435184],[-72.797122,42.43556],[-72.797639,42.43594],[-72.797698,42.436007],[-72.797746,42.436073],[-72.797788,42.436141],[-72.797828,42.43621],[-72.797861,42.436271],[-72.797878,42.436303],[-72.797923,42.436397],[-72.797967,42.436491],[-72.798026,42.436625],[-72.798082,42.436759],[-72.798138,42.436892],[-72.798206,42.437053],[-72.798368,42.437367],[-72.798502,42.437645],[-72.798798,42.438322],[-72.798977,42.438719],[-72.799129,42.439039],[-72.799332,42.439497],[-72.799522,42.439918],[-72.799612,42.44014],[-72.799744,42.44047],[-72.799861,42.440762],[-72.799944,42.440737],[-72.800084,42.440699],[-72.800048,42.44061],[-72.800084,42.440699],[-72.799944,42.440737],[-72.799861,42.440762],[-72.799935,42.440947],[-72.799999,42.441108],[-72.800033,42.441196],[-72.800034,42.441199],[-72.800035,42.441201],[-72.800036,42.441205],[-72.800041,42.441216],[-72.800042,42.441219],[-72.800043,42.441221],[-72.800043,42.441222],[-72.80007,42.441293],[-72.800219,42.441681],[-72.800301,42.441879],[-72.800431,42.442194],[-72.800481,42.442316],[-72.800497,42.442353],[-72.800498,42.442356],[-72.80063,42.442668],[-72.800689,42.442814],[-72.800774,42.443019],[-72.800853,42.443211],[-72.801781,42.445038],[-72.801943,42.445276],[-72.802152,42.4455],[-72.802349,42.445681],[-72.802628,42.445894],[-72.802925,42.446054],[-72.803221,42.446218],[-72.803419,42.446278],[-72.80387,42.446406],[-72.80412,42.446448],[-72.804832,42.446527],[-72.804993,42.446543],[-72.805704,42.446619],[-72.806099,42.446665],[-72.806243,42.446691],[-72.80637,42.446713],[-72.80702,42.446821],[-72.807677,42.446959],[-72.808302,42.447108],[-72.808707,42.447214],[-72.809351,42.44741],[-72.810163,42.447655],[-72.811022,42.447912],[-72.813132,42.448545],[-72.814247,42.448849],[-72.814761,42.448928],[-72.815098,42.448947],[-72.81578,42.448967],[-72.816228,42.448974],[-72.816343,42.448978],[-72.816632,42.448987],[-72.817077,42.449024],[-72.817526,42.449101],[-72.818868,42.44935],[-72.819721,42.449514],[-72.820116,42.449591],[-72.820584,42.449716],[-72.820845,42.449828],[-72.821136,42.44997],[-72.821467,42.450203],[-72.821722,42.450433],[-72.821909,42.450659],[-72.822041,42.450874],[-72.822158,42.451086],[-72.822224,42.451334],[-72.822262,42.45154],[-72.822337,42.451788],[-72.822475,42.452118],[-72.822646,42.452428],[-72.82287,42.452726],[-72.823142,42.453009],[-72.823411,42.453247],[-72.823499,42.453315],[-72.823633,42.453418],[-72.824117,42.453694],[-72.825055,42.454212],[-72.825086,42.454229],[-72.825386,42.454394],[-72.825861,42.454656],[-72.826329,42.454847],[-72.827374,42.455111],[-72.828133,42.455281],[-72.828145,42.455284],[-72.82824,42.45531],[-72.828604,42.455411],[-72.828684,42.455433],[-72.828736,42.455447],[-72.829078,42.455559],[-72.829146,42.455581],[-72.829561,42.455739],[-72.830274,42.455997],[-72.830681,42.456089],[-72.831119,42.456155],[-72.831477,42.456176],[-72.831774,42.45618],[-72.832135,42.456154],[-72.832703,42.45607],[-72.833472,42.455943],[-72.833721,42.455903],[-72.833812,42.455888],[-72.834045,42.455851],[-72.834388,42.455795],[-72.834569,42.455774],[-72.835075,42.455688],[-72.835418,42.455645],[-72.835546,42.45563],[-72.83597,42.455612],[-72.836311,42.455617],[-72.836661,42.455649],[-72.837235,42.455724],[-72.83804,42.455827],[-72.838623,42.455851],[-72.839507,42.455812],[-72.839941,42.455775],[-72.840655,42.455723],[-72.841329,42.455672],[-72.842111,42.45561],[-72.842599,42.455545],[-72.842818,42.455497],[-72.843083,42.455431],[-72.84325,42.455379],[-72.843406,42.455321],[-72.843778,42.455169],[-72.844942,42.454738],[-72.845416,42.454568],[-72.845741,42.454508],[-72.846114,42.454468],[-72.846571,42.454463],[-72.846867,42.454494],[-72.847119,42.454538],[-72.84742,42.454614],[-72.847982,42.454778],[-72.848137,42.454824],[-72.84951,42.455239],[-72.850548,42.455552],[-72.850822,42.455602],[-72.85097,42.455608],[-72.851152,42.455617],[-72.851584,42.455608],[-72.851867,42.455572],[-72.852151,42.455528],[-72.852505,42.455436],[-72.852675,42.455373],[-72.852858,42.455289],[-72.853053,42.455191],[-72.854692,42.454071],[-72.8548,42.45398],[-72.854882,42.453895],[-72.854944,42.453839],[-72.855063,42.453705],[-72.855168,42.453582],[-72.855226,42.453498],[-72.855286,42.453406],[-72.85531,42.453338],[-72.855335,42.453272],[-72.855359,42.453205],[-72.855394,42.453115],[-72.855428,42.453026],[-72.855459,42.452935],[-72.855486,42.452836],[-72.855509,42.452735],[-72.855527,42.452634],[-72.85554,42.452503],[-72.855546,42.452373],[-72.855552,42.452242],[-72.855602,42.450554],[-72.855614,42.450426],[-72.855627,42.450298],[-72.855645,42.450171],[-72.85567,42.450054],[-72.8557,42.449936],[-72.855738,42.449821],[-72.855775,42.449728],[-72.855817,42.449636],[-72.855863,42.449546],[-72.855921,42.449444],[-72.855984,42.449345],[-72.856047,42.449245],[-72.85675,42.448229],[-72.856868,42.448057],[-72.85687,42.448054],[-72.856915,42.447989],[-72.85721,42.447563],[-72.857295,42.447464],[-72.857381,42.447366],[-72.857472,42.44727],[-72.857515,42.447229],[-72.857529,42.447217],[-72.857559,42.447189],[-72.857604,42.44715],[-72.857678,42.44709],[-72.85769,42.447079],[-72.857868,42.446943],[-72.858804,42.446359],[-72.858927,42.446284],[-72.859028,42.4462],[-72.859128,42.446116],[-72.859224,42.446029],[-72.859253,42.446],[-72.859389,42.445854],[-72.859463,42.445763],[-72.859531,42.445672],[-72.859593,42.445577],[-72.859649,42.445482],[-72.859694,42.445396],[-72.859734,42.445308],[-72.859775,42.44522],[-72.859975,42.444682],[-72.860066,42.444437],[-72.860354,42.443648],[-72.860654,42.442824],[-72.8607,42.442705],[-72.86071,42.442685],[-72.860745,42.442617],[-72.86079,42.442528],[-72.860838,42.442441],[-72.860865,42.442391],[-72.860923,42.442293],[-72.860972,42.44222],[-72.861024,42.442147],[-72.861075,42.442074],[-72.861379,42.441774],[-72.861545,42.441633],[-72.86165,42.441557],[-72.86176,42.441485],[-72.861874,42.441415],[-72.862028,42.441332],[-72.862187,42.441252],[-72.862346,42.441173],[-72.862463,42.441129],[-72.862581,42.441085],[-72.862699,42.441043],[-72.862817,42.441009],[-72.862936,42.440976],[-72.863055,42.440945],[-72.8648,42.440533],[-72.865624,42.44034],[-72.865823,42.440302],[-72.866022,42.440263],[-72.866223,42.440236],[-72.866432,42.44022],[-72.866642,42.440216],[-72.866851,42.440224],[-72.867011,42.440242],[-72.867169,42.440266],[-72.867324,42.440299],[-72.867524,42.440354],[-72.867719,42.440421],[-72.867903,42.440501],[-72.868058,42.440584],[-72.868204,42.440675],[-72.868342,42.440774],[-72.868433,42.440848],[-72.868518,42.440925],[-72.868604,42.441002],[-72.868659,42.441069],[-72.868715,42.441136],[-72.868766,42.441205],[-72.86882,42.441297],[-72.868868,42.441391],[-72.868915,42.441484],[-72.868947,42.44157],[-72.868961,42.441613],[-72.868974,42.441658],[-72.868985,42.441703],[-72.868996,42.441747],[-72.869188,42.442632],[-72.869402,42.44361],[-72.869479,42.44395],[-72.869509,42.444085],[-72.869547,42.444233],[-72.869568,42.444307],[-72.869582,42.444352],[-72.869597,42.444396],[-72.869613,42.44444],[-72.869644,42.444526],[-72.869659,42.444567],[-72.869675,42.444612],[-72.869707,42.444698],[-72.870076,42.445549],[-72.870129,42.445648],[-72.870182,42.445748],[-72.870241,42.445845],[-72.870323,42.445955],[-72.870415,42.446061],[-72.870515,42.446162],[-72.870666,42.446285],[-72.870831,42.446399],[-72.870997,42.446513],[-72.87191,42.447064],[-72.872062,42.447174],[-72.872215,42.447284],[-72.872362,42.447398],[-72.87249,42.447504],[-72.872613,42.447614],[-72.87273,42.447727],[-72.872832,42.447835],[-72.87293,42.447947],[-72.873023,42.448061],[-72.873097,42.448154],[-72.873168,42.44825],[-72.873236,42.448346],[-72.873272,42.4484],[-72.873307,42.448453],[-72.873341,42.448507],[-72.873868,42.449358],[-72.873948,42.449471],[-72.874027,42.449584],[-72.87411,42.449697],[-72.874213,42.449826],[-72.874427,42.450082],[-72.874904,42.450598],[-72.875545,42.451278],[-72.875599,42.451333],[-72.875654,42.451388],[-72.87571,42.451443],[-72.875786,42.45151],[-72.875865,42.451577],[-72.875945,42.451643],[-72.876023,42.451705],[-72.876102,42.451766],[-72.876182,42.451827],[-72.876324,42.451923],[-72.876397,42.45197],[-72.876484,42.452025],[-72.876573,42.452079],[-72.876663,42.452132],[-72.876827,42.452221],[-72.876994,42.452305],[-72.877162,42.45239],[-72.878332,42.452904],[-72.879068,42.453226],[-72.880255,42.453749],[-72.880645,42.45392],[-72.880824,42.453999],[-72.881068,42.454107],[-72.881188,42.454164],[-72.881302,42.454222],[-72.881413,42.454283],[-72.881523,42.454345],[-72.881643,42.454416],[-72.881759,42.45449],[-72.881873,42.454566],[-72.881976,42.454639],[-72.882076,42.454715],[-72.882175,42.454792],[-72.882253,42.454855],[-72.882329,42.454919],[-72.882406,42.454983],[-72.882508,42.455072],[-72.882611,42.455161],[-72.882716,42.455248],[-72.882822,42.455332],[-72.882931,42.455414],[-72.883046,42.455491],[-72.883157,42.455557],[-72.883274,42.455619],[-72.883396,42.455674],[-72.88351,42.455716],[-72.883629,42.455754],[-72.883751,42.455786],[-72.883825,42.455802],[-72.883975,42.455832],[-72.884031,42.455843],[-72.884088,42.455853],[-72.884144,42.455863],[-72.884217,42.455874],[-72.884291,42.455883],[-72.884339,42.455889],[-72.884365,42.455893],[-72.88445,42.455899],[-72.885008,42.455939],[-72.885124,42.455947],[-72.885971,42.456019],[-72.886208,42.456044],[-72.886446,42.45607],[-72.886682,42.456101],[-72.886968,42.456148],[-72.887251,42.456205],[-72.887531,42.456268],[-72.887648,42.456297],[-72.887764,42.456328],[-72.88788,42.456358],[-72.888107,42.456415],[-72.888321,42.456482],[-72.888719,42.456595],[-72.889666,42.456861],[-72.889988,42.45695],[-72.89021,42.457012],[-72.890881,42.457212],[-72.89112,42.457288],[-72.891359,42.457365],[-72.891594,42.457447],[-72.891845,42.457546],[-72.892091,42.457653],[-72.892332,42.457766],[-72.892489,42.457843],[-72.892644,42.457923],[-72.892796,42.458007],[-72.892918,42.458079],[-72.893037,42.458154],[-72.893154,42.458231],[-72.893272,42.45831],[-72.893387,42.458391],[-72.8935,42.458473],[-72.893604,42.45855],[-72.893706,42.45863],[-72.893805,42.45871],[-72.893908,42.458797],[-72.894007,42.458886],[-72.894042,42.458918],[-72.894105,42.458977],[-72.8942,42.459071],[-72.894386,42.459263],[-72.895168,42.460071],[-72.895421,42.460326],[-72.895675,42.460581],[-72.895718,42.460627],[-72.895806,42.460719],[-72.895885,42.460797],[-72.895966,42.460874],[-72.896047,42.46095],[-72.896194,42.461056],[-72.896342,42.461161],[-72.896494,42.461262],[-72.896634,42.461344],[-72.896777,42.461423],[-72.896925,42.461496],[-72.897086,42.461567],[-72.897251,42.461633],[-72.89742,42.461693],[-72.89762,42.461756],[-72.897825,42.461811],[-72.898033,42.461857],[-72.898251,42.461897],[-72.898293,42.461903],[-72.898472,42.461928],[-72.898694,42.461949],[-72.898818,42.461956],[-72.898947,42.461966],[-72.899066,42.461965],[-72.899164,42.461964],[-72.899202,42.461963],[-72.899263,42.461962],[-72.899361,42.461959],[-72.899463,42.461954],[-72.899565,42.461947],[-72.899667,42.461939],[-72.899791,42.46193],[-72.900041,42.46191],[-72.900158,42.461902],[-72.900276,42.461894],[-72.900393,42.461888],[-72.900504,42.461886],[-72.900727,42.461886],[-72.901056,42.461882],[-72.901419,42.461917],[-72.901737,42.461963],[-72.902183,42.462057],[-72.902622,42.462183],[-72.903147,42.46239],[-72.903634,42.462637],[-72.904051,42.462926],[-72.904436,42.463259],[-72.904711,42.463575],[-72.904948,42.463916],[-72.905152,42.464307],[-72.905235,42.464515],[-72.90533,42.464738],[-72.905478,42.465081],[-72.905637,42.465452],[-72.905779,42.465779],[-72.905939,42.466156],[-72.906317,42.467018],[-72.906542,42.46755],[-72.906716,42.467946],[-72.906744,42.468007],[-72.906891,42.468343],[-72.90699,42.468555],[-72.907099,42.468741],[-72.907211,42.468931],[-72.907346,42.469133],[-72.907461,42.469302],[-72.907588,42.469461],[-72.907696,42.469597],[-72.907827,42.469748],[-72.907935,42.469868],[-72.90804,42.469985],[-72.908163,42.470106],[-72.908287,42.470219],[-72.908415,42.470348],[-72.908552,42.470467],[-72.908737,42.470615],[-72.908955,42.470785],[-72.909166,42.470937],[-72.909388,42.471088],[-72.909598,42.471216],[-72.909886,42.471388],[-72.910115,42.471517],[-72.910339,42.47163],[-72.910557,42.471739],[-72.910819,42.471853],[-72.911067,42.471959],[-72.911274,42.472034],[-72.91145,42.4721],[-72.911621,42.47216],[-72.911793,42.472215],[-72.912027,42.472283],[-72.912249,42.472344],[-72.912457,42.472395],[-72.912644,42.472439],[-72.912869,42.472485],[-72.913091,42.472527],[-72.91337,42.472577],[-72.913572,42.47261],[-72.913798,42.472647],[-72.914705,42.472792],[-72.915561,42.472926],[-72.916388,42.473058],[-72.917346,42.47321],[-72.918085,42.473324],[-72.918565,42.473403],[-72.91892,42.473463],[-72.919126,42.47351],[-72.919328,42.473557],[-72.919576,42.473625],[-72.919834,42.473704],[-72.920087,42.473793],[-72.92032,42.473887],[-72.920604,42.474017],[-72.92068,42.474053],[-72.920727,42.474077],[-72.920837,42.474131],[-72.92108,42.474266],[-72.921292,42.474396],[-72.921461,42.474505],[-72.921628,42.474626],[-72.921792,42.474758],[-72.92183,42.474791],[-72.921884,42.474837],[-72.92193,42.474877],[-72.922043,42.474976],[-72.922141,42.475073],[-72.92226,42.475193],[-72.92239,42.475332],[-72.922403,42.475349],[-72.922562,42.475547],[-72.922807,42.47588],[-72.92282,42.475898],[-72.923139,42.476335],[-72.923246,42.476481],[-72.92361,42.476985],[-72.923979,42.477484],[-72.924334,42.477971],[-72.92461,42.478349],[-72.924741,42.478538],[-72.924854,42.478679],[-72.924966,42.478812],[-72.925088,42.478949],[-72.925212,42.479081],[-72.925451,42.479307],[-72.925729,42.479544],[-72.925782,42.479582],[-72.926099,42.479809],[-72.926522,42.480087],[-72.926994,42.480347],[-72.927469,42.480581],[-72.927995,42.480786],[-72.929243,42.481213],[-72.930403,42.481603],[-72.931183,42.48187],[-72.932068,42.482168],[-72.93294,42.482449],[-72.93313,42.482511],[-72.933429,42.482584],[-72.933579,42.482617],[-72.93392,42.482683],[-72.934827,42.48282],[-72.93498,42.482842],[-72.935288,42.482891],[-72.935575,42.482947],[-72.936103,42.483057],[-72.936446,42.483166],[-72.936747,42.483267],[-72.937063,42.483387],[-72.937364,42.483519],[-72.937583,42.483629],[-72.937829,42.48376],[-72.938096,42.483918],[-72.938333,42.484076],[-72.938542,42.48422],[-72.938757,42.484378],[-72.939028,42.484579],[-72.939362,42.484827],[-72.93947,42.484897],[-72.939666,42.485023],[-72.940023,42.485219],[-72.9404,42.485401],[-72.94075,42.485549],[-72.941116,42.485684],[-72.941511,42.485803],[-72.941822,42.485883],[-72.942121,42.48595],[-72.942439,42.48601],[-72.942793,42.486059],[-72.943066,42.48609],[-72.943763,42.486156],[-72.944065,42.486185],[-72.944539,42.486238],[-72.944937,42.486301],[-72.945372,42.486418],[-72.945671,42.486497],[-72.945981,42.486572],[-72.946393,42.486687],[-72.946607,42.486755],[-72.946697,42.486789],[-72.946993,42.486913],[-72.947285,42.487046],[-72.947581,42.487194],[-72.947911,42.487384],[-72.94822,42.487587],[-72.948521,42.487806],[-72.948835,42.488053],[-72.949117,42.488294],[-72.949423,42.488557],[-72.949758,42.488825],[-72.950057,42.489042],[-72.950236,42.489154],[-72.950407,42.489262],[-72.950678,42.489413],[-72.950776,42.489467],[-72.951163,42.489655],[-72.95157,42.489825],[-72.951912,42.48995],[-72.952276,42.490064],[-72.952604,42.490157],[-72.953167,42.490277],[-72.953564,42.490343],[-72.954028,42.490398],[-72.954395,42.49042],[-72.954792,42.490436],[-72.955253,42.490431],[-72.955684,42.490406],[-72.956197,42.490354],[-72.956908,42.490267],[-72.957541,42.490183],[-72.957654,42.490168],[-72.958308,42.49008],[-72.958825,42.490004],[-72.95919,42.489938],[-72.959271,42.489924],[-72.959762,42.489825],[-72.960246,42.489718],[-72.960701,42.489598],[-72.960731,42.48959],[-72.961209,42.48946],[-72.961711,42.489317],[-72.962005,42.489231],[-72.962423,42.489121],[-72.962785,42.489046],[-72.962894,42.48903],[-72.963131,42.488991],[-72.963155,42.488987],[-72.963458,42.488953],[-72.963723,42.488934],[-72.963726,42.488933],[-72.963775,42.488931],[-72.964016,42.488918],[-72.964321,42.488921],[-72.964548,42.488926],[-72.964849,42.488947],[-72.96509,42.488971],[-72.965388,42.489014],[-72.96564,42.489061],[-72.965944,42.489122],[-72.966262,42.489208],[-72.966533,42.489293],[-72.96656,42.489302],[-72.966902,42.489423],[-72.967256,42.489575],[-72.967764,42.489808],[-72.968163,42.489995],[-72.968509,42.490156],[-72.968723,42.49025],[-72.968834,42.490301],[-72.968962,42.490354],[-72.969077,42.490402],[-72.969174,42.490441],[-72.969264,42.490467],[-72.969634,42.490595],[-72.970174,42.490748],[-72.970674,42.490858],[-72.971136,42.490938],[-72.971622,42.490997],[-72.972073,42.491031],[-72.972421,42.491046],[-72.972741,42.491044],[-72.97284,42.491041],[-72.972943,42.491036],[-72.973057,42.491031],[-72.973097,42.491029],[-72.973522,42.490999],[-72.974223,42.490919],[-72.974861,42.490845],[-72.97494,42.490836],[-72.975414,42.490779],[-72.975422,42.490778],[-72.975842,42.490721],[-72.975854,42.490718],[-72.976324,42.490602],[-72.976609,42.490504],[-72.976914,42.490378],[-72.977258,42.4902],[-72.977522,42.490028],[-72.977742,42.489857],[-72.977832,42.489774],[-72.977937,42.489679],[-72.978105,42.489493],[-72.978304,42.489219],[-72.978424,42.489008],[-72.978503,42.488831],[-72.978737,42.488248],[-72.978939,42.487748],[-72.979191,42.48712],[-72.979464,42.48644],[-72.979758,42.485696],[-72.980037,42.484999],[-72.980215,42.484575],[-72.980376,42.48427],[-72.980601,42.483969],[-72.980676,42.483879],[-72.980911,42.483653],[-72.981181,42.483437],[-72.981458,42.483261],[-72.981815,42.48308],[-72.982095,42.482969],[-72.982562,42.482827],[-72.982762,42.482784],[-72.983426,42.482698],[-72.983853,42.482693],[-72.984866,42.482822],[-72.98575,42.483125],[-72.986991,42.483913],[-72.98802,42.48463],[-72.996281,42.490271],[-72.996507,42.490423],[-72.998197,42.491505],[-73.002842,42.494146],[-73.002919,42.494191],[-73.00593,42.495902],[-73.006683,42.49628],[-73.008034,42.496759],[-73.009414,42.497017],[-73.010859,42.497082],[-73.011518,42.497049],[-73.016894,42.496735],[-73.019781,42.496466],[-73.020658,42.496482],[-73.021465,42.496571],[-73.021701,42.496602],[-73.022121,42.496687],[-73.023083,42.496946],[-73.025334,42.497664],[-73.028446,42.498661],[-73.032821,42.500062],[-73.033664,42.500414],[-73.0339,42.500513],[-73.034994,42.501123],[-73.036016,42.50185],[-73.036715,42.502481],[-73.037424,42.503276],[-73.039025,42.505262],[-73.040165,42.506343],[-73.041373,42.507162],[-73.042502,42.507748],[-73.044155,42.508442],[-73.045756,42.508945],[-73.054195,42.510663],[-73.055488,42.510926],[-73.056701,42.51117],[-73.056652,42.51123],[-73.056701,42.51117],[-73.057037,42.511236],[-73.057338,42.511297],[-73.05738,42.511305],[-73.057723,42.511373],[-73.058247,42.511467],[-73.058781,42.511557],[-73.059378,42.511604],[-73.062574,42.511767],[-73.063055,42.511781],[-73.063541,42.511745],[-73.064027,42.511663],[-73.064494,42.511537],[-73.066529,42.510724],[-73.067005,42.510612],[-73.067904,42.510552],[-73.068398,42.510572],[-73.068903,42.510641],[-73.070184,42.510839],[-73.071532,42.511166],[-73.071995,42.511236],[-73.072802,42.511257],[-73.074842,42.511247],[-73.075986,42.511245],[-73.0787,42.511256],[-73.082249,42.511248],[-73.083094,42.511129],[-73.083714,42.510958],[-73.084579,42.510568],[-73.086412,42.509313],[-73.088543,42.508056],[-73.08942,42.507635],[-73.090436,42.50717],[-73.095968,42.504683],[-73.096836,42.504238],[-73.099082,42.502873],[-73.101387,42.501439],[-73.10171,42.501217],[-73.101983,42.500972],[-73.102232,42.500695],[-73.1025,42.50025],[-73.103474,42.497585],[-73.103644,42.497296],[-73.103922,42.496947],[-73.104378,42.496575],[-73.1046,42.496424],[-73.104941,42.496235],[-73.105624,42.49595],[-73.107535,42.495282],[-73.107564,42.495271],[-73.108532,42.494947],[-73.110556,42.494251],[-73.110867,42.494151],[-73.111117,42.494105],[-73.111389,42.49407],[-73.111829,42.494033],[-73.113087,42.494017],[-73.113662,42.493982],[-73.114192,42.493914],[-73.116385,42.493487],[-73.116694,42.493409],[-73.116991,42.493316],[-73.117354,42.493171],[-73.117598,42.493053],[-73.117758,42.492973],[-73.117972,42.492876],[-73.11812,42.492801],[-73.118206,42.492757],[-73.118355,42.492681],[-73.118505,42.492605],[-73.118656,42.492532],[-73.118718,42.492502],[-73.118842,42.492444],[-73.119635,42.492052],[-73.120478,42.491653],[-73.121194,42.491291],[-73.121327,42.491223],[-73.122245,42.490779],[-73.123137,42.490346],[-73.124037,42.489956],[-73.124073,42.489941],[-73.124179,42.489899],[-73.124982,42.489605],[-73.125782,42.489339],[-73.12599,42.489269],[-73.126378,42.489151],[-73.127523,42.488773],[-73.128818,42.488357],[-73.129771,42.488034],[-73.130348,42.487813],[-73.130972,42.487565],[-73.131476,42.487345],[-73.131773,42.487216],[-73.132045,42.487094],[-73.132808,42.486734],[-73.133833,42.486287],[-73.134753,42.485903],[-73.135841,42.485528],[-73.136752,42.485269],[-73.136864,42.485242],[-73.137058,42.485198],[-73.137063,42.485197],[-73.137704,42.485054],[-73.138869,42.484847],[-73.139761,42.484689],[-73.140905,42.484507],[-73.141158,42.484467],[-73.141728,42.484376],[-73.142085,42.48432],[-73.142207,42.4843],[-73.143381,42.484101],[-73.143669,42.484062],[-73.143818,42.484038],[-73.144189,42.484022],[-73.14455,42.484019],[-73.144943,42.484035],[-73.145335,42.484036],[-73.145684,42.48405],[-73.145979,42.484074],[-73.146269,42.484099],[-73.146618,42.484147],[-73.146906,42.484196],[-73.147324,42.484268],[-73.147686,42.484322],[-73.147924,42.484339],[-73.148114,42.484335],[-73.148325,42.484316],[-73.148449,42.484299],[-73.148582,42.484282],[-73.148652,42.484272],[-73.148866,42.484222],[-73.149164,42.484113],[-73.149463,42.484006],[-73.149507,42.483991],[-73.149968,42.483817],[-73.150436,42.48365],[-73.150853,42.483476],[-73.150915,42.483447],[-73.151367,42.48324],[-73.151614,42.483123],[-73.152086,42.482896],[-73.152721,42.482592],[-73.153136,42.482407],[-73.153316,42.482322],[-73.153893,42.48205],[-73.154214,42.481897],[-73.154223,42.481893],[-73.154907,42.48157],[-73.155109,42.481463],[-73.155308,42.48133],[-73.155535,42.481163],[-73.155593,42.481119],[-73.155686,42.481032],[-73.155736,42.480979],[-73.155802,42.480904],[-73.155823,42.48088],[-73.155902,42.480778],[-73.155992,42.48064],[-73.156019,42.480598],[-73.156046,42.480555],[-73.156283,42.480137],[-73.156494,42.479742],[-73.156516,42.479702],[-73.156518,42.479698],[-73.156583,42.479576],[-73.156871,42.479086],[-73.157101,42.478629],[-73.157361,42.478132],[-73.157594,42.477704],[-73.157764,42.477395],[-73.158037,42.47693],[-73.15828,42.476521],[-73.158572,42.475992],[-73.158707,42.475755],[-73.158732,42.475711],[-73.158751,42.475677],[-73.158772,42.475641],[-73.158774,42.475638],[-73.158774,42.475637],[-73.158775,42.475636],[-73.158782,42.475623],[-73.158998,42.475244],[-73.159036,42.475177],[-73.159167,42.474948],[-73.159261,42.474786],[-73.159276,42.474761],[-73.159277,42.474759],[-73.159329,42.474667],[-73.159414,42.474513],[-73.15952,42.474401],[-73.159522,42.474399],[-73.159531,42.474389],[-73.159563,42.474331],[-73.159582,42.474297],[-73.159622,42.474261],[-73.159691,42.474203],[-73.159747,42.474158],[-73.159856,42.474084],[-73.160023,42.473979],[-73.160077,42.473968],[-73.160142,42.473954],[-73.160294,42.47392],[-73.16036,42.473903],[-73.160563,42.473853],[-73.160857,42.473774],[-73.161176,42.473685],[-73.162186,42.473388],[-73.162366,42.473334],[-73.162649,42.473249],[-73.162752,42.473218],[-73.162782,42.473209],[-73.163207,42.473083],[-73.16333,42.473049],[-73.163638,42.472961],[-73.163735,42.472937],[-73.163833,42.472914],[-73.16394,42.472897],[-73.164038,42.472885],[-73.164168,42.472877],[-73.164263,42.472878],[-73.164274,42.472878],[-73.164332,42.472881],[-73.164632,42.472907],[-73.164952,42.472937],[-73.1653,42.472968],[-73.165372,42.472974],[-73.166529,42.473075],[-73.167211,42.47312],[-73.167582,42.473142],[-73.167601,42.473143],[-73.167955,42.473164],[-73.168134,42.473175],[-73.168396,42.473191],[-73.16848,42.473196],[-73.168825,42.473217],[-73.169195,42.47324],[-73.170233,42.473291],[-73.171181,42.473342],[-73.171403,42.473355],[-73.171733,42.473372],[-73.171792,42.473375],[-73.17238,42.473405],[-73.172481,42.47341],[-73.173417,42.473455],[-73.173422,42.473455],[-73.173515,42.473459],[-73.173983,42.47348],[-73.174236,42.47349],[-73.174406,42.473493],[-73.17455,42.473491],[-73.174718,42.473482],[-73.174876,42.473465],[-73.175008,42.473447],[-73.17521,42.473415],[-73.175418,42.473377],[-73.175617,42.473333],[-73.1758,42.473281],[-73.175985,42.473223],[-73.176095,42.473179],[-73.176196,42.47313],[-73.17634,42.473063],[-73.176476,42.472987],[-73.17669,42.472838],[-73.176748,42.47279],[-73.176876,42.472685],[-73.177078,42.472507],[-73.177311,42.472304],[-73.177598,42.472012],[-73.177899,42.471719],[-73.17803,42.471604],[-73.178194,42.471556],[-73.178344,42.47148],[-73.178505,42.471402],[-73.178639,42.471349],[-73.178772,42.471302],[-73.178956,42.471245],[-73.178987,42.471237],[-73.179123,42.47121],[-73.179174,42.4712],[-73.179817,42.471086],[-73.180004,42.471021],[-73.180268,42.470978],[-73.180384,42.470963],[-73.180673,42.470927],[-73.181026,42.470889],[-73.181311,42.470865],[-73.181515,42.470854],[-73.18172,42.470841],[-73.182083,42.47083],[-73.182507,42.470826],[-73.183454,42.470847],[-73.184141,42.47086],[-73.184816,42.470875],[-73.185201,42.470884],[-73.185299,42.470886],[-73.1853,42.470886],[-73.185356,42.470887],[-73.185406,42.470888],[-73.185724,42.470895],[-73.186046,42.470902],[-73.186613,42.470908],[-73.186918,42.470911],[-73.187434,42.470909],[-73.187739,42.470905],[-73.187991,42.470899],[-73.188426,42.470885],[-73.18889,42.470858],[-73.189484,42.470807],[-73.189938,42.470761],[-73.19035,42.470715],[-73.190505,42.470697],[-73.190528,42.470694],[-73.190544,42.470692],[-73.190912,42.470649],[-73.191449,42.470579],[-73.191963,42.470514],[-73.192463,42.470447],[-73.193004,42.47037],[-73.193632,42.470309],[-73.194028,42.470262],[-73.194448,42.470208],[-73.195104,42.47012],[-73.195588,42.470054],[-73.195681,42.470041],[-73.1963,42.469954],[-73.196571,42.469917],[-73.196613,42.46991],[-73.196717,42.469893],[-73.196783,42.469882],[-73.19679,42.469881],[-73.196827,42.469874],[-73.196923,42.469858],[-73.197167,42.469817],[-73.197401,42.469773],[-73.197987,42.469658],[-73.198022,42.469651],[-73.198278,42.4696],[-73.198484,42.469557],[-73.198546,42.469544],[-73.198724,42.469504],[-73.19883,42.469481],[-73.199103,42.469415],[-73.199385,42.469342],[-73.199664,42.469266],[-73.19993,42.469188],[-73.20017,42.469114],[-73.200232,42.469096],[-73.200446,42.469031],[-73.20074,42.46894],[-73.201057,42.46884],[-73.201346,42.468746],[-73.201615,42.468658],[-73.201854,42.468576],[-73.202081,42.468493],[-73.202305,42.468405],[-73.202518,42.468317],[-73.203238,42.468014],[-73.203294,42.467989],[-73.203445,42.467921],[-73.203617,42.467845],[-73.203656,42.467775],[-73.203766,42.467621],[-73.204459,42.466661],[-73.204522,42.466569],[-73.204578,42.466487],[-73.204651,42.46638],[-73.204957,42.46592],[-73.205008,42.465854],[-73.205073,42.465776],[-73.205146,42.465685],[-73.205209,42.4656],[-73.205343,42.465406],[-73.205375,42.465341],[-73.205393,42.465276],[-73.2054,42.465206],[-73.205414,42.465185],[-73.205513,42.465037],[-73.205583,42.464932],[-73.205632,42.464859],[-73.205652,42.464829],[-73.205758,42.464668],[-73.205844,42.464524],[-73.205933,42.464364],[-73.205961,42.46431],[-73.206022,42.464192],[-73.206114,42.464014],[-73.206208,42.463824],[-73.206344,42.463542],[-73.206431,42.463365],[-73.206521,42.463194],[-73.206617,42.463025],[-73.206721,42.462852],[-73.206818,42.462693],[-73.206915,42.462545],[-73.207017,42.462395],[-73.207129,42.462239],[-73.207248,42.462082],[-73.207369,42.461932],[-73.207523,42.461752],[-73.207621,42.461636],[-73.208351,42.460804],[-73.2087,42.460406],[-73.209111,42.459937],[-73.209235,42.4598],[-73.209357,42.459668],[-73.209485,42.459534],[-73.209627,42.459398],[-73.209775,42.45926],[-73.209796,42.459241],[-73.209929,42.459121],[-73.209991,42.459068],[-73.210109,42.458964],[-73.210812,42.458367],[-73.211262,42.457983],[-73.21152,42.457764],[-73.212289,42.457119],[-73.212437,42.457],[-73.21267,42.45682],[-73.212811,42.45671],[-73.213069,42.456493],[-73.213266,42.45633],[-73.213471,42.456166],[-73.213758,42.456022],[-73.214179,42.455697],[-73.214402,42.45553],[-73.214627,42.455404],[-73.214754,42.455348],[-73.214884,42.455302],[-73.21502,42.455264],[-73.215164,42.455235],[-73.215305,42.455213],[-73.215569,42.45518],[-73.216795,42.455031],[-73.217569,42.454936],[-73.219136,42.454743],[-73.221474,42.454479],[-73.221679,42.454454],[-73.222573,42.454346],[-73.223079,42.45427],[-73.223483,42.454175],[-73.22396,42.454101],[-73.225782,42.453879],[-73.225992,42.453852],[-73.226156,42.453826],[-73.22631,42.453795],[-73.226454,42.453758],[-73.226584,42.45372],[-73.226712,42.453675],[-73.226836,42.453626],[-73.226956,42.453573],[-73.227191,42.453463],[-73.22735,42.453396],[-73.227499,42.453342],[-73.227657,42.453294],[-73.227845,42.453251],[-73.22807,42.453218],[-73.228284,42.453197],[-73.228678,42.453168],[-73.228908,42.453143],[-73.229075,42.453123],[-73.229212,42.453102],[-73.229324,42.453082],[-73.229523,42.452985],[-73.229998,42.452854],[-73.230474,42.452712],[-73.230922,42.452578],[-73.231665,42.452365],[-73.232197,42.452213],[-73.233215,42.451901],[-73.233849,42.451698],[-73.23425,42.45156],[-73.235907,42.450986],[-73.236128,42.450904],[-73.236371,42.450803],[-73.236681,42.450662],[-73.237061,42.45049],[-73.237357,42.450354],[-73.239305,42.449466],[-73.239941,42.44918],[-73.240055,42.449128],[-73.240057,42.449127],[-73.240662,42.44885],[-73.241071,42.448665],[-73.24133,42.448547],[-73.241487,42.448477],[-73.242114,42.448165],[-73.242628,42.447931],[-73.243038,42.447755],[-73.243168,42.4477],[-73.243193,42.447689],[-73.243349,42.447622],[-73.243481,42.447565],[-73.244158,42.447325],[-73.244313,42.447259],[-73.24455,42.447157],[-73.244682,42.447114],[-73.244763,42.447093],[-73.244848,42.447077],[-73.244958,42.447061],[-73.245031,42.447062],[-73.245123,42.447071],[-73.245214,42.447084],[-73.245346,42.447116],[-73.245486,42.447148],[-73.245831,42.447218],[-73.246,42.447252],[-73.246218,42.447296],[-73.246738,42.447396],[-73.246846,42.447417],[-73.247273,42.447493],[-73.247821,42.447589],[-73.248102,42.447639],[-73.248265,42.447668],[-73.248392,42.447691],[-73.24886,42.44776],[-73.249312,42.447825],[-73.249684,42.447881],[-73.250014,42.44793],[-73.250558,42.448013],[-73.251015,42.448079],[-73.251186,42.448103],[-73.251321,42.448121],[-73.251916,42.448201],[-73.25217,42.448243],[-73.252327,42.448275],[-73.252472,42.448309],[-73.252578,42.448341],[-73.25267,42.448373],[-73.25278,42.448413],[-73.252995,42.448484],[-73.253048,42.448497],[-73.253196,42.448531],[-73.253324,42.448546],[-73.253451,42.448553],[-73.253585,42.448555],[-73.25371,42.448548],[-73.253721,42.448547],[-73.253865,42.448533],[-73.253929,42.44853],[-73.253985,42.448532],[-73.254047,42.448536],[-73.25411,42.448544],[-73.254122,42.448546],[-73.254588,42.448615],[-73.255003,42.448684],[-73.25518,42.448714],[-73.255335,42.448741],[-73.255463,42.448757],[-73.255676,42.448773],[-73.255762,42.448777],[-73.25585,42.448777],[-73.255962,42.448772],[-73.256065,42.448763],[-73.256171,42.448749],[-73.256257,42.448734],[-73.256344,42.448714],[-73.256424,42.448695],[-73.256504,42.448671],[-73.256945,42.448529],[-73.257085,42.448483],[-73.257516,42.448344],[-73.257698,42.448286],[-73.257724,42.448428],[-73.257745,42.448545],[-73.257778,42.448726],[-73.257809,42.448896],[-73.25781,42.448904],[-73.257843,42.44905],[-73.257856,42.449169],[-73.257865,42.449338],[-73.257854,42.44942],[-73.257837,42.449515],[-73.257767,42.449706],[-73.257702,42.449897],[-73.257624,42.450108],[-73.257591,42.450197],[-73.257539,42.450287],[-73.257491,42.450353],[-73.257401,42.450453],[-73.257319,42.450526],[-73.257213,42.450603],[-73.257091,42.450674],[-73.256956,42.45074],[-73.256802,42.450792],[-73.256677,42.450821],[-73.256564,42.450846],[-73.256358,42.450882],[-73.256134,42.450925],[-73.255995,42.450955],[-73.255884,42.450989],[-73.2558,42.451021],[-73.255479,42.451159],[-73.255246,42.451343],[-73.255054,42.451552],[-73.255029,42.451596],[-73.254928,42.451775],[-73.254777,42.451755],[-73.254589,42.451729],[-73.254612,42.451669],[-73.254643,42.451628],[-73.254685,42.451599],[-73.254904,42.451514],[-73.254944,42.451489],[-73.254977,42.451453],[-73.254999,42.451417],[-73.255006,42.451372],[-73.255,42.451332],[-73.254977,42.451292],[-73.254937,42.451254],[-73.254882,42.451234],[-73.254827,42.451227],[-73.254765,42.451237],[-73.254714,42.45126],[-73.254674,42.451284]]}},{"type":"Feature","properties":{"agency":"Link413","shape_id":"p_6409"},"geometry":{"type":"LineString","coordinates":[[-73.24893617280694,42.30478779494439],[-73.24905,42.304896],[-73.249132,42.305059],[-73.249489,42.305691],[-73.249698,42.306081],[-73.250082,42.306747],[-73.250428,42.307342],[-73.250805,42.308016],[-73.25124,42.308785],[-73.251478,42.309219],[-73.2516446738033,42.3095178732571],[-73.2522069862558,42.3093607776116],[-73.25238579016704,42.30962124716507],[-73.25238579016704,42.30962244236801],[-73.2524069195647,42.3100954274155],[-73.252164,42.31007],[-73.252055,42.310054],[-73.25199,42.31003],[-73.251936,42.31],[-73.251914,42.310078],[-73.251881,42.310122],[-73.251813,42.310179],[-73.25174,42.310215],[-73.251594,42.310256],[-73.25113,42.310386],[-73.250853,42.310475],[-73.250619,42.31058],[-73.250269,42.310776],[-73.249953,42.310953],[-73.24964,42.311109],[-73.249376,42.311245],[-73.249155,42.311358],[-73.248973,42.31143],[-73.248969,42.311432],[-73.248678,42.311547],[-73.248333,42.311674],[-73.248122,42.311746],[-73.247884,42.311799],[-73.247706,42.311846],[-73.247489,42.311863],[-73.247266,42.311845],[-73.247033,42.311812],[-73.246701,42.311788],[-73.246411,42.311793],[-73.246206,42.311827],[-73.246094,42.311859],[-73.245977,42.311906],[-73.245506,42.311944],[-73.245051,42.312022],[-73.244515,42.312105],[-73.244036,42.312183],[-73.243912,42.312203],[-73.243317,42.312301],[-73.242859,42.312374],[-73.24276,42.31239],[-73.242544,42.312425],[-73.241954,42.312534],[-73.24146,42.312611],[-73.241315,42.312634],[-73.240807,42.312716],[-73.240282,42.312806],[-73.239783,42.312906],[-73.239327,42.312986],[-73.238887,42.313071],[-73.238441,42.313145],[-73.238127,42.31321],[-73.237706,42.31329],[-73.237411,42.313331],[-73.23721,42.313354],[-73.236959,42.313372],[-73.236752,42.313391],[-73.23643,42.313411],[-73.236147,42.313413],[-73.235513,42.313411],[-73.234901,42.313401],[-73.23471,42.313402],[-73.234224,42.313405],[-73.234222,42.313407],[-73.234123,42.313407],[-73.233657,42.313392],[-73.233932,42.313938],[-73.234474,42.315082],[-73.234886,42.315975],[-73.236122,42.318553],[-73.236785,42.319992],[-73.237915,42.32236],[-73.238845,42.324302],[-73.23899,42.32463],[-73.239158,42.325],[-73.239273,42.325199],[-73.239463,42.325469],[-73.239547,42.32555],[-73.239639,42.32558],[-73.23973,42.325595],[-73.23999,42.325576],[-73.240036,42.32579],[-73.240158,42.326099],[-73.240287,42.326309],[-73.240592,42.326637],[-73.241165,42.327152],[-73.242012,42.327945],[-73.243507,42.329338],[-73.243751,42.329559],[-73.244857,42.3306],[-73.244995,42.330749],[-73.245231,42.331062],[-73.245552,42.331565],[-73.245613,42.331657],[-73.245796,42.331901],[-73.246269,42.332592],[-73.246444,42.332859],[-73.246623664435,42.333082865173],[-73.246464051215,42.33313035646],[-73.24626035145835,42.33338901633795],[-73.24626349192488,42.33339214935447],[-73.246103,42.333633],[-73.245926,42.333923],[-73.245747,42.334222],[-73.245718,42.334272],[-73.245402,42.3348],[-73.245124,42.335242],[-73.245024,42.335433],[-73.244965,42.335537],[-73.244956,42.335598],[-73.244949,42.335749],[-73.24494512449922,42.335952957877936],[-73.24494630747589,42.335955581278],[-73.244945,42.336046],[-73.244955,42.33666],[-73.244955,42.337119],[-73.24495,42.337428],[-73.244952,42.3378],[-73.24495,42.338042],[-73.244958,42.338181],[-73.244968,42.338365],[-73.245007,42.338541],[-73.245085,42.338958],[-73.245245,42.339793],[-73.2453,42.340048],[-73.245374,42.340394],[-73.245408,42.340575],[-73.245511,42.341138],[-73.245685,42.342072],[-73.245771,42.342594],[-73.245858,42.343091],[-73.245942,42.3436],[-73.246003,42.343931],[-73.246035,42.344155],[-73.246047,42.344233],[-73.246093,42.344476],[-73.246115,42.344666],[-73.246133,42.344825],[-73.246142,42.345013],[-73.246144,42.34522],[-73.246132,42.345448],[-73.246104,42.345718],[-73.246081,42.345844],[-73.246077,42.345861],[-73.24597,42.346276],[-73.2458,42.346939],[-73.245654,42.347493],[-73.245529,42.348032],[-73.245396,42.348559],[-73.245256,42.349098],[-73.245175,42.349458],[-73.245171,42.349477],[-73.245121,42.349695],[-73.245083,42.349848],[-73.245125,42.350015],[-73.245198,42.35011],[-73.245271,42.350166],[-73.245543,42.35026],[-73.245753,42.350343],[-73.245982,42.350464],[-73.246209,42.350602],[-73.246611,42.350931],[-73.247008,42.35132],[-73.247284,42.351555],[-73.24755,42.351751],[-73.247926,42.351922],[-73.248406,42.35216],[-73.248602,42.352253],[-73.249166,42.352521],[-73.249789,42.352815],[-73.250374,42.353101],[-73.250933,42.35339],[-73.251366,42.353599],[-73.252225,42.354027],[-73.252701,42.354262],[-73.253141,42.354495],[-73.253397,42.354617],[-73.253627,42.354726],[-73.254376,42.355095],[-73.25443,42.35512],[-73.254687,42.35524],[-73.254908,42.355329],[-73.255146,42.355413],[-73.255366,42.355478],[-73.255436,42.355499],[-73.255776,42.355587],[-73.255869,42.355612],[-73.25623,42.355705],[-73.25642,42.355744],[-73.256595,42.355772],[-73.256697,42.355779],[-73.256763,42.355784],[-73.256995,42.355778],[-73.257141,42.355767],[-73.257532,42.355726],[-73.257755,42.355695],[-73.257875,42.355679],[-73.258144,42.355665],[-73.258462,42.355663],[-73.25889,42.355657],[-73.25936,42.355651],[-73.260343,42.355652],[-73.26133,42.355654],[-73.2618,42.35565],[-73.262276,42.355646],[-73.263313,42.35563],[-73.263645,42.355626],[-73.264327,42.355618],[-73.264886,42.355607],[-73.265771,42.3556],[-73.265942,42.355598],[-73.2666,42.355592],[-73.267248,42.355584],[-73.267557,42.355584],[-73.267778,42.355586],[-73.268165,42.355603],[-73.268549,42.355632],[-73.268831,42.355659],[-73.269137,42.355679],[-73.269443,42.355694],[-73.269748,42.355704],[-73.27,42.355702],[-73.270273,42.355688],[-73.270799,42.355661],[-73.271669,42.355615],[-73.272285,42.355584],[-73.272322,42.355582],[-73.272666,42.35556],[-73.272774,42.355553],[-73.273365,42.355515],[-73.273797,42.355492],[-73.274358,42.355457],[-73.274907,42.355416],[-73.275606,42.355378],[-73.276118,42.355342],[-73.276257,42.355336],[-73.276608,42.355319],[-73.27701,42.3553],[-73.277162,42.355291],[-73.277268,42.355297],[-73.277429,42.3553],[-73.277641,42.355333],[-73.277837,42.355383],[-73.278054,42.355471],[-73.27833,42.355632],[-73.278861,42.356007],[-73.279014,42.356117],[-73.279259,42.356292],[-73.279279,42.356307],[-73.279711,42.356621],[-73.27985,42.356722],[-73.279875,42.356741],[-73.28059,42.357275],[-73.28068,42.357338],[-73.280832,42.35743],[-73.280955,42.357481],[-73.28118,42.357509],[-73.281346,42.357517],[-73.281857,42.357494],[-73.281974,42.357495],[-73.282094,42.357507],[-73.282954,42.357656],[-73.283166,42.357211],[-73.283424,42.356672],[-73.283482,42.356563],[-73.283625,42.356339],[-73.28369,42.356255],[-73.283794,42.35621],[-73.284718,42.356751],[-73.284738,42.356765],[-73.284742,42.356763],[-73.284807,42.356809],[-73.284874,42.356861],[-73.284921,42.356908],[-73.284955,42.356956],[-73.284978,42.357003],[-73.284993,42.357057],[-73.285002,42.357107],[-73.285002,42.357152],[-73.284998,42.357197],[-73.284989,42.357244],[-73.284909,42.35745],[-73.284679,42.357921],[-73.284606,42.35807],[-73.284588,42.35811],[-73.284211,42.358892],[-73.284143,42.359034],[-73.284026,42.35928],[-73.283981,42.35937],[-73.283766,42.359824],[-73.283715,42.359931],[-73.283686,42.35999],[-73.283408,42.360553],[-73.283176,42.361043],[-73.283056,42.361285],[-73.282402,42.362626],[-73.282218,42.36296],[-73.281867,42.363646],[-73.281762,42.363843],[-73.281726,42.363936],[-73.281673,42.364071],[-73.281638,42.364231],[-73.281624,42.364319],[-73.28161,42.364414],[-73.281588,42.364679],[-73.281522,42.365614],[-73.28148,42.366098],[-73.281458,42.3663],[-73.281428,42.366542],[-73.281404,42.366724],[-73.281375,42.366921],[-73.281338,42.367126],[-73.281302,42.367325],[-73.28126,42.367541],[-73.281219,42.367724],[-73.281174,42.367912],[-73.281124,42.368097],[-73.281071,42.368261],[-73.281011,42.36844],[-73.280968,42.368562],[-73.280913,42.368701],[-73.280855,42.368837],[-73.280738,42.369102],[-73.280523,42.369612],[-73.280451,42.369785],[-73.280382,42.369932],[-73.280308,42.370074],[-73.28023,42.3702],[-73.280135,42.370272],[-73.280083,42.370324],[-73.279967,42.370464],[-73.279849,42.370601],[-73.279726,42.370731],[-73.279603,42.370851],[-73.279469,42.370971],[-73.279331,42.371085],[-73.279183,42.371201],[-73.279038,42.371306],[-73.278896,42.371407],[-73.278736,42.371514],[-73.278579,42.371614],[-73.278245,42.371825],[-73.278038,42.371957],[-73.27785,42.372083],[-73.277529,42.3723],[-73.277441,42.372351],[-73.277376,42.372385],[-73.277341,42.372414],[-73.277316,42.372445],[-73.277293,42.372486],[-73.277212,42.374021],[-73.277153,42.374959],[-73.277133,42.375274],[-73.277102,42.375627],[-73.277071,42.375943],[-73.27696,42.376974],[-73.27692,42.377308],[-73.276912,42.377402],[-73.276873,42.377702],[-73.276708,42.378862],[-73.276667,42.379181],[-73.276577,42.379876],[-73.276497,42.380398],[-73.276459,42.380755],[-73.276378,42.381174],[-73.276241,42.381549],[-73.276047,42.381926],[-73.275939,42.382129],[-73.275689,42.382636],[-73.275608,42.382807],[-73.275232,42.383795],[-73.275097,42.384085],[-73.27485,42.384605],[-73.274317,42.385728],[-73.27415,42.386112],[-73.274,42.386528],[-73.273843,42.387039],[-73.273503,42.388674],[-73.273211,42.39007],[-73.272809,42.39196],[-73.272646,42.392623],[-73.272525,42.393024],[-73.272366,42.393419],[-73.272185,42.393774],[-73.271491,42.39489],[-73.270834,42.395952],[-73.27083,42.395957],[-73.270686,42.396199],[-73.270448,42.396518],[-73.270173,42.396767],[-73.269766,42.397058],[-73.268603,42.397882],[-73.268287,42.398146],[-73.26804,42.398376],[-73.267799,42.398623],[-73.2676,42.398863],[-73.267335,42.399245],[-73.267193,42.399657],[-73.267088,42.400017],[-73.267034,42.40018],[-73.266847,42.400915],[-73.2668,42.401078],[-73.266663,42.401506],[-73.266491,42.401924],[-73.26625,42.402434],[-73.266118,42.402719],[-73.265811,42.403382],[-73.265165,42.404769],[-73.265084,42.404945],[-73.265015,42.405099],[-73.264105,42.407083],[-73.263968,42.40737],[-73.263661,42.408016],[-73.263531,42.40829],[-73.263357,42.408654],[-73.263129,42.409122],[-73.262614,42.41034],[-73.26237,42.410942],[-73.261989,42.411881],[-73.261796,42.41253],[-73.261761,42.412665],[-73.261647,42.413105],[-73.261529,42.413656],[-73.261488,42.41385],[-73.261158,42.415289],[-73.261091,42.415584],[-73.260984,42.41628],[-73.260913,42.416641],[-73.260845,42.416992],[-73.260781,42.417238],[-73.260687,42.417598],[-73.260574,42.418031],[-73.260387,42.418795],[-73.260295,42.419394],[-73.260292,42.419682],[-73.260309,42.419795],[-73.260345,42.420029],[-73.260835,42.421775],[-73.261052,42.422719],[-73.261061,42.422926],[-73.261056,42.423102],[-73.261008,42.423434],[-73.260941,42.423626],[-73.260806,42.423921],[-73.260162,42.42503],[-73.260055,42.425235],[-73.260009,42.425329],[-73.259967,42.425423],[-73.259882,42.425611],[-73.259793,42.425815],[-73.259705,42.426104],[-73.259697,42.426137],[-73.259677,42.426252],[-73.259647,42.426418],[-73.259593,42.426657],[-73.259548,42.426847],[-73.259176,42.428357],[-73.258929,42.429497],[-73.25866,42.430639],[-73.258626,42.430788],[-73.258607,42.430868],[-73.258507,42.431304],[-73.258432,42.431629],[-73.258389,42.431844],[-73.258169,42.432806],[-73.258055,42.433234],[-73.258015,42.433387],[-73.257973,42.433523],[-73.257918,42.433702],[-73.257762,42.434208],[-73.257718,42.43436],[-73.257426,42.435421],[-73.257406,42.435506],[-73.257239,42.436204],[-73.257183,42.436373],[-73.257127,42.436585],[-73.257053,42.436962],[-73.256835,42.437709],[-73.256806,42.437849],[-73.256793,42.438053],[-73.256785,42.438177],[-73.256847,42.438692],[-73.256969,42.439632],[-73.256971,42.439698],[-73.256968,42.439764],[-73.256961,42.439827],[-73.25695,42.439892],[-73.256935,42.439954],[-73.256917,42.440016],[-73.256884,42.440103],[-73.256843,42.44019],[-73.256787,42.440286],[-73.256655,42.440489],[-73.256576,42.440612],[-73.256469,42.440776],[-73.256245,42.441121],[-73.255879,42.441653],[-73.255722,42.441924],[-73.255692,42.441995],[-73.255638,42.442122],[-73.255499,42.4426],[-73.255433,42.442853],[-73.255266,42.443477],[-73.254965,42.44425],[-73.254703,42.445295],[-73.254439,42.446279],[-73.254353,42.446601],[-73.254312,42.446753],[-73.254261,42.446944],[-73.254132,42.447508],[-73.25407,42.447842],[-73.253981,42.448178],[-73.253946,42.448306],[-73.253934,42.448344],[-73.253865,42.448533],[-73.253827,42.448653],[-73.25381,42.448717],[-73.253758,42.448847],[-73.253611,42.449421],[-73.253391,42.450225],[-73.253044,42.451374],[-73.252991,42.451548],[-73.253156,42.451533],[-73.253262,42.451548],[-73.253297,42.451553],[-73.253467,42.451577],[-73.253705,42.45161],[-73.254154,42.451671],[-73.254301,42.45169],[-73.254527,42.451721]]}},{"type":"Feature","properties":{"agency":"Link413","shape_id":"p_898133"},"geometry":{"type":"LineString","coordinates":[[-73.25451470871941,42.45172773324623],[-73.25415,42.451671],[-73.253707,42.45161],[-73.253463,42.451576],[-73.253158,42.451534],[-73.253544031769,42.450172305755],[-73.254045668015,42.448417434521],[-73.25371245538,42.448102411029],[-73.253057377663,42.448024887392],[-73.252777190491,42.448123174333],[-73.252434544983,42.448164250179],[-73.25122,42.447978],[-73.250617,42.447887],[-73.249717,42.447738],[-73.248947,42.447635],[-73.24842,42.447559],[-73.246887,42.447292],[-73.245826,42.447086],[-73.245544,42.447021],[-73.245522509262,42.447006270313],[-73.245109,42.446884],[-73.244982440476,42.446713540396],[-73.244812,42.446453],[-73.2444,42.445831],[-73.244102,42.445331],[-73.243865,42.444976],[-73.243728,42.444839],[-73.243675,42.444797],[-73.243438,42.444675],[-73.243278,42.444622],[-73.242996,42.444541],[-73.242713,42.444488],[-73.241935,42.444389],[-73.241584,42.444362],[-73.239982,42.444244],[-73.239562,42.444202],[-73.239166,42.444137],[-73.23838,42.443981],[-73.237182,42.443752],[-73.23603,42.443546],[-73.235153,42.443378],[-73.234771,42.443298],[-73.234634,42.443275],[-73.233818,42.443126],[-73.233032,42.442977],[-73.232139,42.44281],[-73.231788,42.442749],[-73.231239,42.442634],[-73.230735,42.442531],[-73.230552,42.442485],[-73.230354,42.442401],[-73.230087,42.442253],[-73.229728,42.44202],[-73.22956,42.441917],[-73.228485,42.441207],[-73.228157,42.440986],[-73.227569,42.440605],[-73.226387,42.439834],[-73.225891,42.43951],[-73.225402,42.439182],[-73.225112,42.438983],[-73.224342,42.438484],[-73.223312,42.437835],[-73.222465,42.437263],[-73.222206,42.437091],[-73.221191,42.436416],[-73.220252,42.435779],[-73.219383,42.435211],[-73.21656,42.433364],[-73.216026,42.433029],[-73.215934,42.432987],[-73.215728,42.432693],[-73.214141,42.432441],[-73.213577,42.432353],[-73.21289,42.432243],[-73.211845,42.432079],[-73.211532,42.432041],[-73.210296,42.431865],[-73.208724,42.431606],[-73.208488,42.431571],[-73.207489,42.431404],[-73.206108,42.431194],[-73.205863,42.431156],[-73.204223,42.430889],[-73.202766,42.430664],[-73.201736,42.430503],[-73.201698,42.430496],[-73.199722,42.430171],[-73.198165,42.429904],[-73.197715,42.429832],[-73.1975081732762,42.42982411898524],[-73.19731770899989,42.42985968804007],[-73.19723509798995,42.42993760113285],[-73.19718461348529,42.43014593349349],[-73.19709041638372,42.43047786737088],[-73.1970905287247,42.4304829900769],[-73.19699,42.43087],[-73.196357,42.433094],[-73.19568055011199,42.43542288974439],[-73.195694,42.435421],[-73.195534,42.435966],[-73.195389,42.43652],[-73.195259,42.436977],[-73.195152,42.437317],[-73.195061,42.437672],[-73.19487,42.438366],[-73.194679,42.439026],[-73.19445,42.439816],[-73.194359,42.44014],[-73.194267,42.440449],[-73.194061,42.441212],[-73.193817,42.442059],[-73.19352,42.443096],[-73.193336,42.443752],[-73.19323,42.444118],[-73.19313,42.444466],[-73.192917,42.445213],[-73.192886,42.445316],[-73.192734,42.445873],[-73.192513,42.446632],[-73.192436,42.446888],[-73.192238,42.447598],[-73.192001,42.448448],[-73.191689,42.449532],[-73.191437,42.450443],[-73.191345,42.450752],[-73.191086,42.451672],[-73.191025,42.451962],[-73.19101,42.452057],[-73.190987,42.452148],[-73.191002,42.452358],[-73.191063,42.452362],[-73.191452,42.452381],[-73.191505,42.452381],[-73.19191,42.452389],[-73.192352,42.452393],[-73.19239,42.452396],[-73.193085,42.452396],[-73.194054,42.452404],[-73.194687,42.452408],[-73.195404,42.452412],[-73.195557,42.452412],[-73.195404,42.452412],[-73.194687,42.452408],[-73.194054,42.452404],[-73.193085,42.452396],[-73.19239,42.452396],[-73.192352,42.452393],[-73.19191,42.452389],[-73.191505,42.452381],[-73.191452,42.452381],[-73.191193,42.452446],[-73.191154,42.452473],[-73.191147,42.45248],[-73.191101,42.452522],[-73.191055,42.452602],[-73.191032,42.45266],[-73.190933,42.452888],[-73.190887,42.453041],[-73.190857,42.453129],[-73.19072,42.453663],[-73.190552,42.454247],[-73.190384,42.454967],[-73.190178,42.455715],[-73.19001,42.456345],[-73.18914,42.459618],[-73.18911,42.459705],[-73.189156,42.459713],[-73.189346,42.45974],[-73.189636,42.459766],[-73.189888,42.459785],[-73.190575,42.459885],[-73.191864,42.460068],[-73.192062,42.460098],[-73.192261,42.460125],[-73.192451,42.460144],[-73.192657,42.460155],[-73.192825,42.460159],[-73.193008,42.460155],[-73.193184,42.460144],[-73.193344,42.460129],[-73.193504,42.460106],[-73.193672,42.460079],[-73.19384,42.460045],[-73.194199,42.459961],[-73.194374,42.459927],[-73.19455,42.4599],[-73.194717,42.459881],[-73.194878,42.459873],[-73.195038,42.459866],[-73.195206,42.459869],[-73.195366,42.459877],[-73.195351,42.459942]]}},{"type":"Feature","properties":{"agency":"Link413","shape_id":"p_900329"},"geometry":{"type":"LineString","coordinates":[[-73.254613,42.451668],[-73.254614,42.451665],[-73.254643,42.451628],[-73.254685,42.451599],[-73.254904,42.451514],[-73.254925,42.451501],[-73.254944,42.451489],[-73.254977,42.451453],[-73.254999,42.451417],[-73.255006,42.451372],[-73.255,42.451332],[-73.254977,42.451292],[-73.254937,42.451254],[-73.254882,42.451234],[-73.254827,42.451227],[-73.254765,42.451237],[-73.254714,42.45126],[-73.254248,42.451536],[-73.254224,42.451557],[-73.254201,42.451577],[-73.254173,42.451622],[-73.254154,42.451671],[-73.254589,42.451729],[-73.254928,42.451775],[-73.255139,42.451802],[-73.255255,42.451576],[-73.255302,42.451512],[-73.255612,42.451236],[-73.255867,42.451111],[-73.256174,42.451018],[-73.256609,42.450932],[-73.256974,42.450823],[-73.257219,42.450719],[-73.257439,42.450561],[-73.257617,42.450384],[-73.257707,42.450225],[-73.257796,42.450045],[-73.257877,42.449829],[-73.257952,42.449622],[-73.25798,42.449524],[-73.257995,42.449447],[-73.258004,42.449369],[-73.258007,42.449264],[-73.258003,42.449149],[-73.257993,42.449039],[-73.257981,42.448935],[-73.257959,42.448811],[-73.257886,42.448439],[-73.257844,42.448235],[-73.257818,42.448117],[-73.257674,42.44816],[-73.257458,42.44824],[-73.257235,42.448314],[-73.256962,42.448404],[-73.256656,42.448504],[-73.256537,42.448542],[-73.256376,42.448589],[-73.256205,42.448627],[-73.256025,42.448651],[-73.255858,42.44866],[-73.255694,42.448658],[-73.255602,42.448653],[-73.255517,42.448645],[-73.255361,42.448628],[-73.255186,42.448604],[-73.25504,42.44858],[-73.254463,42.448486],[-73.254243,42.448448],[-73.254156,42.448424],[-73.254094,42.448399],[-73.25403,42.448364],[-73.254088,42.448196],[-73.254233,42.447667],[-73.254407,42.446973],[-73.254438,42.446861],[-73.254558,42.446397],[-73.254583,42.446298],[-73.254838,42.445312],[-73.255123,42.444212],[-73.255266,42.443477],[-73.255433,42.442853],[-73.255499,42.4426],[-73.255638,42.442122],[-73.255692,42.441995],[-73.255722,42.441924],[-73.255879,42.441653],[-73.256229,42.441118],[-73.256782,42.440281],[-73.25692,42.440014],[-73.256954,42.439893],[-73.25697,42.439764],[-73.256969,42.439632],[-73.256847,42.438692],[-73.256785,42.438177],[-73.256806,42.437849],[-73.256835,42.437709],[-73.257053,42.436962],[-73.25715,42.436596],[-73.257206,42.436384],[-73.257239,42.436204],[-73.257426,42.435421],[-73.257718,42.43436],[-73.257762,42.434208],[-73.257918,42.433702],[-73.257973,42.433523],[-73.258015,42.433387],[-73.258169,42.432806],[-73.258389,42.431844],[-73.258432,42.431629],[-73.25866,42.430639],[-73.258929,42.429497],[-73.25915,42.428426],[-73.259548,42.426847],[-73.259593,42.426657],[-73.259647,42.426418],[-73.259677,42.426252],[-73.259697,42.426137],[-73.259705,42.426104],[-73.259793,42.425815],[-73.259882,42.425611],[-73.259967,42.425423],[-73.260009,42.425329],[-73.260055,42.425235],[-73.260162,42.42503],[-73.260806,42.423921],[-73.260941,42.423626],[-73.261008,42.423434],[-73.261056,42.423102],[-73.261061,42.422926],[-73.261052,42.422719],[-73.260835,42.421775],[-73.260345,42.420029],[-73.260292,42.419682],[-73.260295,42.419394],[-73.260387,42.418795],[-73.260501,42.418329],[-73.260574,42.418031],[-73.260687,42.417598],[-73.260781,42.417238],[-73.260845,42.416992],[-73.260913,42.416641],[-73.260984,42.41628],[-73.261091,42.415584],[-73.261488,42.41385],[-73.261529,42.413656],[-73.261647,42.413105],[-73.261796,42.41253],[-73.262139,42.411784],[-73.262487,42.411005],[-73.262631,42.410821],[-73.262774,42.410725],[-73.262914,42.410677],[-73.26304,42.410641],[-73.263166,42.410623],[-73.263332,42.410622],[-73.263343,42.410625],[-73.264731,42.410949],[-73.264767,42.410873],[-73.264862,42.41063],[-73.265172,42.410679],[-73.2653,42.410596],[-73.265611,42.410358],[-73.265643,42.41027],[-73.265776,42.409903],[-73.265098,42.409796],[-73.26509819250157,42.40980118965567],[-73.26487013007164,42.40976635083081],[-73.26468925287858,42.410514002258026],[-73.2648622657481,42.410618517428816],[-73.26476396297745,42.41087399822777],[-73.26352166661506,42.41052271188392],[-73.26328957457227,42.41042117174524],[-73.26310476536685,42.41033117230731],[-73.26301039470813,42.41022375343656],[-73.26293961670757,42.41011633443679],[-73.2629199561477,42.40998859262962],[-73.263406,42.408654],[-73.263531,42.40829],[-73.263661,42.408016],[-73.263968,42.40737],[-73.264105,42.407083],[-73.26517974047336,42.40476937231497],[-73.26617992781316,42.40503478368953],[-73.2658595553075,42.40563484002672],[-73.26675816111796,42.4058656293966],[-73.26674462843354,42.4058580195331],[-73.26693985950796,42.40589683074569],[-73.26721017946824,42.40530911546404],[-73.265165,42.404769],[-73.265811,42.403382],[-73.26625,42.402434],[-73.266491,42.401924],[-73.266663,42.401506],[-73.2668,42.401078],[-73.266847,42.400915],[-73.267034,42.40018],[-73.267085,42.39993],[-73.267174,42.399615],[-73.267335,42.399245],[-73.2676,42.398863],[-73.267799,42.398623],[-73.26804,42.398376],[-73.268287,42.398146],[-73.268603,42.397882],[-73.269766,42.397058],[-73.270173,42.396767],[-73.270448,42.396518],[-73.270686,42.396199],[-73.27083,42.395957],[-73.270834,42.395952],[-73.271491,42.39489],[-73.272185,42.393774],[-73.272366,42.393419],[-73.272525,42.393024],[-73.272646,42.392623],[-73.272809,42.39196],[-73.273211,42.39007],[-73.273503,42.388674],[-73.273843,42.387039],[-73.274,42.386528],[-73.27415,42.386112],[-73.274317,42.385728],[-73.27485,42.384605],[-73.275097,42.384085],[-73.275232,42.383795],[-73.275818,42.382706],[-73.276156,42.381957],[-73.276349,42.381576],[-73.276493,42.381189],[-73.276604,42.380763],[-73.276651,42.380371],[-73.276688,42.38007],[-73.276708,42.379904],[-73.276715,42.379854],[-73.276814,42.379134],[-73.276817,42.379109],[-73.276828,42.379036],[-73.277019,42.37772],[-73.277055,42.377413],[-73.277067,42.377318],[-73.277106,42.376985],[-73.277216,42.375954],[-73.277247,42.375624],[-73.277276,42.375263],[-73.27736,42.373957],[-73.27739,42.373811],[-73.27742,42.373703],[-73.277455,42.373602],[-73.277493,42.373503],[-73.277538,42.373411],[-73.277592,42.373311],[-73.277671,42.373182],[-73.27776,42.373047],[-73.27784,42.372933],[-73.277923,42.372829],[-73.278005,42.372734],[-73.278135,42.372597],[-73.27831,42.372409],[-73.279112,42.371526],[-73.279281,42.371351],[-73.279452,42.371176],[-73.279616,42.371011],[-73.279746,42.370875],[-73.279949,42.370653],[-73.280071,42.370508],[-73.28018,42.370358],[-73.280208,42.370301],[-73.28023,42.3702],[-73.280308,42.370075],[-73.280382,42.369932],[-73.280451,42.369785],[-73.280523,42.369612],[-73.280738,42.369102],[-73.280855,42.368837],[-73.280913,42.368701],[-73.280968,42.368562],[-73.281011,42.36844],[-73.281071,42.368261],[-73.281124,42.368097],[-73.281174,42.367912],[-73.28122,42.367725],[-73.28126,42.367541],[-73.281302,42.367325],[-73.281339,42.367126],[-73.281375,42.366921],[-73.281404,42.366724],[-73.281428,42.366542],[-73.281458,42.3663],[-73.28148,42.366098],[-73.281522,42.365614],[-73.281588,42.364679],[-73.28161,42.364414],[-73.281625,42.364319],[-73.281638,42.364231],[-73.281673,42.364071],[-73.281726,42.363936],[-73.281762,42.363843],[-73.281867,42.363646],[-73.282218,42.36296],[-73.282394,42.362611],[-73.283007,42.361348],[-73.283039,42.361283],[-73.283155,42.361038],[-73.283396,42.360552],[-73.283703,42.359924],[-73.28397,42.35937],[-73.284032,42.35924],[-73.284197,42.358891],[-73.284566,42.358112],[-73.284586,42.358061],[-73.284942,42.357309],[-73.28498,42.357239],[-73.284999,42.357159],[-73.284999,42.357077],[-73.284969,42.35698],[-73.284885,42.356877],[-73.284809,42.356815],[-73.284718,42.356751],[-73.284329,42.356523],[-73.283794,42.35621],[-73.28369,42.356255],[-73.283625,42.356339],[-73.283482,42.356563],[-73.283424,42.356672],[-73.283166,42.357211],[-73.282954,42.357656],[-73.282094,42.357507],[-73.281974,42.357495],[-73.281857,42.357494],[-73.281346,42.357517],[-73.28118,42.357509],[-73.280955,42.357481],[-73.280832,42.35743],[-73.28068,42.357338],[-73.28059,42.357275],[-73.279875,42.356741],[-73.27985,42.356722],[-73.279711,42.356621],[-73.279279,42.356307],[-73.279259,42.356292],[-73.279014,42.356117],[-73.278861,42.356007],[-73.27833,42.355632],[-73.278054,42.355471],[-73.277837,42.355383],[-73.277641,42.355333],[-73.277429,42.3553],[-73.277268,42.355297],[-73.277162,42.355291],[-73.27701,42.3553],[-73.276608,42.355319],[-73.276257,42.355336],[-73.276118,42.355342],[-73.275606,42.355378],[-73.274907,42.355416],[-73.274358,42.355457],[-73.273797,42.355492],[-73.273365,42.355515],[-73.272774,42.355553],[-73.272666,42.35556],[-73.272322,42.355582],[-73.272285,42.355584],[-73.271669,42.355615],[-73.270799,42.355661],[-73.270273,42.355688],[-73.27,42.355702],[-73.269748,42.355704],[-73.269443,42.355694],[-73.269137,42.355679],[-73.268831,42.355659],[-73.268549,42.355632],[-73.268165,42.355603],[-73.267778,42.355586],[-73.267557,42.355584],[-73.267248,42.355584],[-73.2666,42.355592],[-73.265942,42.355598],[-73.265771,42.3556],[-73.264886,42.355607],[-73.264327,42.355618],[-73.263645,42.355626],[-73.263313,42.35563],[-73.262276,42.355646],[-73.2618,42.35565],[-73.26133,42.355654],[-73.261163,42.355654],[-73.260343,42.355652],[-73.25936,42.355651],[-73.25889,42.355657],[-73.258462,42.355663],[-73.258144,42.355665],[-73.257875,42.355679],[-73.257755,42.355695],[-73.257532,42.355726],[-73.257141,42.355767],[-73.256995,42.355778],[-73.256763,42.355784],[-73.256697,42.355779],[-73.256595,42.355772],[-73.25642,42.355744],[-73.25623,42.355705],[-73.255869,42.355612],[-73.255776,42.355587],[-73.255436,42.355499],[-73.255146,42.355413],[-73.254908,42.355329],[-73.254687,42.35524],[-73.25443,42.35512],[-73.254376,42.355095],[-73.253627,42.354726],[-73.253397,42.354617],[-73.253141,42.354495],[-73.252701,42.354262],[-73.252225,42.354027],[-73.251366,42.353599],[-73.250933,42.35339],[-73.250374,42.353101],[-73.249789,42.352815],[-73.249166,42.352521],[-73.248602,42.352253],[-73.248406,42.35216],[-73.247926,42.351922],[-73.24755,42.351751],[-73.247284,42.351555],[-73.247008,42.35132],[-73.246611,42.350931],[-73.24636,42.350726],[-73.246209,42.350602],[-73.245982,42.350464],[-73.245753,42.350343],[-73.245543,42.35026],[-73.245271,42.350166],[-73.245198,42.35011],[-73.245125,42.350015],[-73.245083,42.349848],[-73.245121,42.349695],[-73.245171,42.349477],[-73.245175,42.349458],[-73.245256,42.349098],[-73.245396,42.348559],[-73.245529,42.348032],[-73.245654,42.347493],[-73.2458,42.346939],[-73.24597,42.346276],[-73.246081,42.345844],[-73.246104,42.345718],[-73.246132,42.345448],[-73.246144,42.34522],[-73.246142,42.345013],[-73.246133,42.344825],[-73.246115,42.344666],[-73.246093,42.344476],[-73.246047,42.344233],[-73.246035,42.344155],[-73.246003,42.343931],[-73.245942,42.3436],[-73.245858,42.343091],[-73.245771,42.342594],[-73.245685,42.342072],[-73.245511,42.341138],[-73.245408,42.340575],[-73.245374,42.340394],[-73.2453,42.340048],[-73.245245,42.339793],[-73.24515,42.339299],[-73.245085,42.338958],[-73.245007,42.338541],[-73.244968,42.338365],[-73.244958,42.338181],[-73.24495,42.338042],[-73.244952,42.3378],[-73.24495,42.337428],[-73.244955,42.337119],[-73.244955,42.33666],[-73.244945,42.336046],[-73.244949,42.335762],[-73.244949,42.335749],[-73.244956,42.335598],[-73.244965,42.335537],[-73.245024,42.335433],[-73.245124,42.335242],[-73.245402,42.3348],[-73.245718,42.334272],[-73.245747,42.334222],[-73.245926,42.333923],[-73.246103,42.333633],[-73.246305,42.333358],[-73.246461,42.333131],[-73.246577,42.333047],[-73.246494,42.332927],[-73.24651360367,42.332929997278],[-73.246444,42.332859],[-73.246269,42.332592],[-73.245796,42.331901],[-73.245613,42.331657],[-73.245552,42.331565],[-73.245231,42.331062],[-73.244995,42.330749],[-73.244857,42.3306],[-73.243751,42.329559],[-73.243507,42.329338],[-73.242012,42.327945],[-73.241165,42.327152],[-73.240592,42.326637],[-73.240287,42.326309],[-73.240158,42.326099],[-73.240036,42.32579],[-73.23999,42.325576],[-73.23973,42.325595],[-73.239639,42.32558],[-73.239547,42.32555],[-73.239463,42.325469],[-73.239273,42.325199],[-73.239158,42.325],[-73.23899,42.32463],[-73.238845,42.324302],[-73.237915,42.32236],[-73.236785,42.319992],[-73.236122,42.318553],[-73.234886,42.315975],[-73.234474,42.315082],[-73.233932,42.313938],[-73.233802,42.313674],[-73.233792,42.313659],[-73.233661,42.313393],[-73.234122,42.313406],[-73.23471,42.313402],[-73.234901,42.313401],[-73.235513,42.313411],[-73.236147,42.313413],[-73.23643,42.313411],[-73.236752,42.313391],[-73.236959,42.313372],[-73.23721,42.313354],[-73.237411,42.313331],[-73.237706,42.31329],[-73.238127,42.31321],[-73.238441,42.313145],[-73.238887,42.313071],[-73.239327,42.312986],[-73.239783,42.312906],[-73.240282,42.312806],[-73.240807,42.312716],[-73.241315,42.312634],[-73.24146,42.312611],[-73.241954,42.312534],[-73.242544,42.312425],[-73.24276,42.31239],[-73.243317,42.312301],[-73.243912,42.312203],[-73.244036,42.312183],[-73.244515,42.312105],[-73.245051,42.312022],[-73.245506,42.311944],[-73.245977,42.311906],[-73.246094,42.311859],[-73.246206,42.311827],[-73.246411,42.311793],[-73.246701,42.311788],[-73.247033,42.311812],[-73.247266,42.311845],[-73.247489,42.311863],[-73.247706,42.311846],[-73.247884,42.311799],[-73.248122,42.311746],[-73.248333,42.311674],[-73.248678,42.311547],[-73.248969,42.311432],[-73.248973,42.31143],[-73.249155,42.311358],[-73.249376,42.311245],[-73.24964,42.311109],[-73.249953,42.310953],[-73.250269,42.310776],[-73.250619,42.31058],[-73.250853,42.310475],[-73.25113,42.310386],[-73.251594,42.310256],[-73.25174,42.310215],[-73.251813,42.310179],[-73.251881,42.310122],[-73.251914,42.310078],[-73.251936,42.31],[-73.251876,42.309933],[-73.251812,42.309818],[-73.2523736294146,42.3096592188657],[-73.25229070417876,42.30952201885052],[-73.2522907041788,42.3095246633706],[-73.2522084560765,42.30939243703],[-73.2516613273857,42.3095537531319],[-73.251478,42.309219],[-73.25124,42.308785],[-73.252258,42.308552],[-73.251938,42.307792],[-73.251696,42.307218],[-73.251644,42.307116],[-73.251616,42.307065],[-73.251578,42.307009],[-73.251536,42.306954],[-73.251495,42.306899],[-73.251453,42.306838],[-73.25141,42.306777],[-73.251366,42.306717],[-73.251332,42.306674],[-73.251297,42.306631],[-73.251262,42.306589],[-73.251027,42.306328],[-73.250947,42.306239],[-73.250926,42.306216],[-73.250812,42.30609],[-73.250768,42.306047],[-73.250723,42.306005],[-73.250674,42.305965],[-73.250627,42.305938],[-73.250578,42.305912],[-73.250528,42.305887],[-73.249971,42.305564],[-73.249489,42.305691],[-73.249132,42.305059],[-73.24905,42.304896],[-73.24879,42.304372],[-73.248704,42.304201],[-73.248686,42.304166],[-73.248038,42.304243],[-73.246867,42.30439],[-73.246616,42.304423],[-73.246474,42.304425],[-73.24647,42.304425],[-73.246404,42.304424],[-73.246326,42.304416],[-73.246249,42.304406],[-73.246173,42.304391],[-73.246096,42.30437],[-73.246056,42.304357],[-73.246022,42.304346],[-73.24595,42.304317],[-73.245889,42.304287],[-73.24583,42.304255],[-73.245776,42.304218],[-73.245729,42.304179],[-73.245688,42.304142],[-73.245639,42.304094],[-73.245599,42.304052],[-73.245552,42.304004],[-73.2455,42.303953],[-73.244339,42.30259],[-73.242873,42.300862],[-73.242587,42.300529],[-73.241984,42.299822],[-73.24113,42.298809],[-73.240906,42.298555],[-73.24034,42.297945],[-73.240226,42.297822],[-73.240096,42.297698],[-73.239969,42.297591],[-73.23974,42.297419],[-73.239659,42.297358],[-73.239402,42.297165],[-73.23931,42.297099],[-73.239212,42.297035],[-73.23911,42.296974],[-73.239004,42.296915],[-73.238863,42.296787],[-73.238799,42.296719],[-73.238742,42.296649],[-73.238693,42.296569],[-73.238665,42.296501],[-73.238646,42.296427],[-73.238637,42.29635],[-73.238647,42.296277],[-73.238679,42.296138],[-73.238884,42.295833],[-73.239107,42.295501],[-73.23915,42.29543],[-73.239212,42.295294],[-73.2393119146849,42.2953083712606],[-73.2402808441436,42.295657626943],[-73.2404579073952,42.2954357042847],[-73.240415,42.295428],[-73.240484,42.295332],[-73.240594,42.295178],[-73.240714,42.295012],[-73.240476,42.294916],[-73.240115,42.294407],[-73.239855,42.294304],[-73.239582,42.294761],[-73.239288,42.295187],[-73.239212,42.295294],[-73.239023,42.295471],[-73.238923,42.295566],[-73.238817,42.295655],[-73.238721,42.295737],[-73.238615,42.295832],[-73.2385,42.295942],[-73.23841,42.296032],[-73.238322,42.296138],[-73.238205,42.296285],[-73.238157,42.296333],[-73.238095,42.296381],[-73.238032,42.296421],[-73.237954,42.296451],[-73.237869,42.29647],[-73.237781,42.296475],[-73.237656,42.296473],[-73.237501,42.296461],[-73.237307,42.296451],[-73.237147,42.296449],[-73.236973,42.296455],[-73.236819,42.296468],[-73.236648,42.296496],[-73.236481,42.29654],[-73.236263,42.296605],[-73.236057,42.296682],[-73.236016,42.296626],[-73.235969,42.29657],[-73.235866,42.296463],[-73.235773,42.296425],[-73.235645,42.296405],[-73.235498,42.296416],[-73.235407,42.296455],[-73.235328,42.296527],[-73.234664,42.296872],[-73.234627,42.296891],[-73.234591,42.29691],[-73.234553,42.296926],[-73.234518,42.296939],[-73.234481,42.29695],[-73.234444,42.296957],[-73.234392,42.296959],[-73.234338,42.296954],[-73.234287,42.296944],[-73.234259,42.296934],[-73.234239,42.296929],[-73.234194,42.296908],[-73.234149,42.296889],[-73.234107,42.296848],[-73.233852,42.296599],[-73.233769,42.296518],[-73.233597,42.296298],[-73.233516,42.296188],[-73.233492,42.296151],[-73.233468,42.296115],[-73.233444,42.296078],[-73.233401,42.295879],[-73.233393,42.295842],[-73.233385,42.295803],[-73.233379,42.295765],[-73.233377,42.295742],[-73.233364,42.295679],[-73.233391,42.295658],[-73.233408,42.295632],[-73.233415,42.295603],[-73.233411,42.295575],[-73.2339,42.295472],[-73.233894,42.29533],[-73.233893,42.2953],[-73.233904,42.295171],[-73.233906,42.295123],[-73.233909,42.295046],[-73.233917,42.294965],[-73.233921,42.294881],[-73.233804,42.294772],[-73.233665,42.294724],[-73.233615,42.294729],[-73.233606,42.29473],[-73.233576,42.294766],[-73.233571,42.294818],[-73.233587,42.294895],[-73.233678,42.295002],[-73.233819,42.295077]]}},{"type":"Feature","properties":{"agency":"Link413","shape_id":"p_900331"},"geometry":{"type":"LineString","coordinates":[[-73.233833,42.295086],[-73.233902,42.295124],[-73.233902,42.29517],[-73.233894,42.2953],[-73.233894,42.29533],[-73.233902,42.295471],[-73.233414,42.295574],[-73.233391,42.295544],[-73.23336,42.295517],[-73.233322,42.295502],[-73.233284,42.295494],[-73.233238,42.295498],[-73.233192,42.295509],[-73.233162,42.295532],[-73.233139,42.295559],[-73.233131,42.295593],[-73.233131,42.295624],[-73.233154,42.295658],[-73.233185,42.295681],[-73.233231,42.2957],[-73.233383,42.296131],[-73.233391,42.296146],[-73.233398,42.296165],[-73.233406,42.296181],[-73.233429,42.296211],[-73.233452,42.296242],[-73.233475,42.296272],[-73.233566,42.296356],[-73.233665,42.296436],[-73.233772,42.296516],[-73.233849,42.2966],[-73.234108,42.296848],[-73.234146,42.29689],[-73.234238,42.296928],[-73.234261,42.296932],[-73.234283,42.296944],[-73.234337,42.296955],[-73.23439,42.296959],[-73.234444,42.296955],[-73.234482,42.296951],[-73.23452,42.29694],[-73.23455,42.296925],[-73.234589,42.296909],[-73.234665,42.296871],[-73.235329,42.296528],[-73.235458,42.296501],[-73.235626,42.29649],[-73.235733,42.296528],[-73.235855,42.296612],[-73.235954,42.296749],[-73.236092,42.296741],[-73.236305,42.296684],[-73.236359,42.296673],[-73.236526,42.296635],[-73.236755,42.2966],[-73.237,42.296581],[-73.237198,42.296577],[-73.237526,42.296589],[-73.23777,42.296612],[-73.238007,42.296646],[-73.238098,42.296619],[-73.238213,42.296562],[-73.238312,42.296513],[-73.238388,42.296455],[-73.238457,42.296398],[-73.238533,42.296326],[-73.238586,42.296253],[-73.238678,42.296139],[-73.238747,42.29604],[-73.238884,42.295834],[-73.239105,42.295502],[-73.239151,42.295429],[-73.239212,42.295296],[-73.239288,42.295189],[-73.239418,42.295284],[-73.239609,42.295364],[-73.240273,42.29562],[-73.240379,42.295483],[-73.240417,42.295429],[-73.240486,42.29533],[-73.240593,42.295177],[-73.240715,42.295013],[-73.240479,42.294914],[-73.240234,42.294811],[-73.24015,42.294777],[-73.240028,42.294827],[-73.239922,42.294914],[-73.239815,42.295067],[-73.239716,42.295216],[-73.239609,42.295364],[-73.239418,42.295284],[-73.239288,42.295189],[-73.239212,42.295296],[-73.239021,42.295471],[-73.238922,42.295567],[-73.238815,42.295654],[-73.238724,42.295738],[-73.238617,42.295834],[-73.238503,42.29594],[-73.238411,42.296032],[-73.238319,42.296139],[-73.238281,42.296219],[-73.238251,42.296299],[-73.238228,42.296391],[-73.238213,42.296478],[-73.238213,42.29668],[-73.238388,42.296722],[-73.238609,42.296776],[-73.238823,42.296844],[-73.239006,42.296913],[-73.239113,42.296974],[-73.239212,42.297035],[-73.239311,42.2971],[-73.239403,42.297165],[-73.239662,42.297359],[-73.239738,42.297421],[-73.239967,42.297592],[-73.240097,42.297699],[-73.240227,42.297821],[-73.240341,42.297947],[-73.240906,42.298557],[-73.241127,42.298809],[-73.241165,42.298855],[-73.241982,42.29982],[-73.242584,42.300529],[-73.242874,42.300861],[-73.244339,42.302589],[-73.245499,42.303951],[-73.245552,42.304005],[-73.245598,42.30405],[-73.245636,42.304092],[-73.245689,42.304142],[-73.245728,42.30418],[-73.245773,42.304218],[-73.245827,42.304256],[-73.245888,42.304287],[-73.245949,42.304317],[-73.246025,42.304344],[-73.246056,42.304356],[-73.246094,42.304371],[-73.24617,42.30439],[-73.246246,42.304405],[-73.246323,42.304417],[-73.246407,42.304424],[-73.246613,42.304424],[-73.246872,42.304401],[-73.24707,42.304379],[-73.247879,42.304276],[-73.247986,42.30426],[-73.248108,42.304245],[-73.24826,42.304268],[-73.248413,42.304249],[-73.248489,42.304256],[-73.248535,42.304268],[-73.248589,42.304283],[-73.248627,42.304306],[-73.248756,42.304382],[-73.24897,42.304764],[-73.24893617280694,42.30478779494439],[-73.24905,42.304896],[-73.249132,42.305059],[-73.249489,42.305691],[-73.249698,42.306081],[-73.250082,42.306747],[-73.250428,42.307342],[-73.250805,42.308016],[-73.25124,42.308785],[-73.251478,42.309219],[-73.2516446738033,42.3095178732571],[-73.2522069862558,42.3093607776116],[-73.25238579016704,42.30962124716507],[-73.25238579016704,42.30962244236801],[-73.2524069195647,42.3100954274155],[-73.252164,42.31007],[-73.252055,42.310054],[-73.25199,42.31003],[-73.251936,42.31],[-73.251914,42.310078],[-73.251881,42.310122],[-73.251813,42.310179],[-73.25174,42.310215],[-73.251594,42.310256],[-73.25113,42.310386],[-73.250853,42.310475],[-73.250619,42.31058],[-73.250269,42.310776],[-73.249953,42.310953],[-73.24964,42.311109],[-73.249376,42.311245],[-73.249155,42.311358],[-73.248973,42.31143],[-73.248969,42.311432],[-73.248678,42.311547],[-73.248333,42.311674],[-73.248122,42.311746],[-73.247884,42.311799],[-73.247706,42.311846],[-73.247489,42.311863],[-73.247266,42.311845],[-73.247033,42.311812],[-73.246701,42.311788],[-73.246411,42.311793],[-73.246206,42.311827],[-73.246094,42.311859],[-73.245977,42.311906],[-73.245506,42.311944],[-73.245051,42.312022],[-73.244515,42.312105],[-73.244036,42.312183],[-73.243912,42.312203],[-73.243317,42.312301],[-73.242859,42.312374],[-73.24276,42.31239],[-73.242544,42.312425],[-73.241954,42.312534],[-73.24146,42.312611],[-73.241315,42.312634],[-73.240807,42.312716],[-73.240282,42.312806],[-73.239783,42.312906],[-73.239327,42.312986],[-73.238887,42.313071],[-73.238441,42.313145],[-73.238127,42.31321],[-73.237706,42.31329],[-73.237411,42.313331],[-73.23721,42.313354],[-73.236959,42.313372],[-73.236752,42.313391],[-73.23643,42.313411],[-73.236147,42.313413],[-73.235513,42.313411],[-73.234901,42.313401],[-73.23471,42.313402],[-73.234224,42.313405],[-73.234222,42.313407],[-73.234123,42.313407],[-73.233657,42.313392],[-73.233932,42.313938],[-73.234474,42.315082],[-73.234886,42.315975],[-73.236122,42.318553],[-73.236785,42.319992],[-73.237915,42.32236],[-73.238845,42.324302],[-73.23899,42.32463],[-73.239158,42.325],[-73.239273,42.325199],[-73.239463,42.325469],[-73.239547,42.32555],[-73.239639,42.32558],[-73.23973,42.325595],[-73.23999,42.325576],[-73.240036,42.32579],[-73.240158,42.326099],[-73.240287,42.326309],[-73.240592,42.326637],[-73.241165,42.327152],[-73.242012,42.327945],[-73.243507,42.329338],[-73.243751,42.329559],[-73.244857,42.3306],[-73.244995,42.330749],[-73.245231,42.331062],[-73.245552,42.331565],[-73.245613,42.331657],[-73.245796,42.331901],[-73.246269,42.332592],[-73.246444,42.332859],[-73.246623664435,42.333082865173],[-73.246464051215,42.33313035646],[-73.24626035145835,42.33338901633795],[-73.24626349192488,42.33339214935447],[-73.246103,42.333633],[-73.245926,42.333923],[-73.245747,42.334222],[-73.245718,42.334272],[-73.245402,42.3348],[-73.245124,42.335242],[-73.245024,42.335433],[-73.244965,42.335537],[-73.244956,42.335598],[-73.244949,42.335749],[-73.24494512449922,42.335952957877936],[-73.24494630747589,42.335955581278],[-73.244945,42.336046],[-73.244955,42.33666],[-73.244955,42.337119],[-73.24495,42.337428],[-73.244952,42.3378],[-73.24495,42.338042],[-73.244958,42.338181],[-73.244968,42.338365],[-73.245007,42.338541],[-73.245085,42.338958],[-73.245245,42.339793],[-73.2453,42.340048],[-73.245374,42.340394],[-73.245408,42.340575],[-73.245511,42.341138],[-73.245685,42.342072],[-73.245771,42.342594],[-73.245858,42.343091],[-73.245942,42.3436],[-73.246003,42.343931],[-73.246035,42.344155],[-73.246047,42.344233],[-73.246093,42.344476],[-73.246115,42.344666],[-73.246133,42.344825],[-73.246142,42.345013],[-73.246144,42.34522],[-73.246132,42.345448],[-73.246104,42.345718],[-73.246081,42.345844],[-73.246077,42.345861],[-73.24597,42.346276],[-73.2458,42.346939],[-73.245654,42.347493],[-73.245529,42.348032],[-73.245396,42.348559],[-73.245256,42.349098],[-73.245175,42.349458],[-73.245171,42.349477],[-73.245121,42.349695],[-73.245083,42.349848],[-73.245125,42.350015],[-73.245198,42.35011],[-73.245271,42.350166],[-73.245543,42.35026],[-73.245753,42.350343],[-73.245982,42.350464],[-73.246209,42.350602],[-73.246611,42.350931],[-73.247008,42.35132],[-73.247284,42.351555],[-73.24755,42.351751],[-73.247926,42.351922],[-73.248406,42.35216],[-73.248602,42.352253],[-73.249166,42.352521],[-73.249789,42.352815],[-73.250374,42.353101],[-73.250933,42.35339],[-73.251366,42.353599],[-73.252225,42.354027],[-73.252701,42.354262],[-73.253141,42.354495],[-73.253397,42.354617],[-73.253627,42.354726],[-73.254376,42.355095],[-73.25443,42.35512],[-73.254687,42.35524],[-73.254908,42.355329],[-73.255146,42.355413],[-73.255366,42.355478],[-73.255436,42.355499],[-73.255776,42.355587],[-73.255869,42.355612],[-73.25623,42.355705],[-73.25642,42.355744],[-73.256595,42.355772],[-73.256697,42.355779],[-73.256763,42.355784],[-73.256995,42.355778],[-73.257141,42.355767],[-73.257532,42.355726],[-73.257755,42.355695],[-73.257875,42.355679],[-73.258144,42.355665],[-73.258462,42.355663],[-73.25889,42.355657],[-73.25936,42.355651],[-73.260343,42.355652],[-73.26133,42.355654],[-73.2618,42.35565],[-73.262276,42.355646],[-73.263313,42.35563],[-73.263645,42.355626],[-73.264327,42.355618],[-73.264886,42.355607],[-73.265771,42.3556],[-73.265942,42.355598],[-73.2666,42.355592],[-73.267248,42.355584],[-73.267557,42.355584],[-73.267778,42.355586],[-73.268165,42.355603],[-73.268549,42.355632],[-73.268831,42.355659],[-73.269137,42.355679],[-73.269443,42.355694],[-73.269748,42.355704],[-73.27,42.355702],[-73.270273,42.355688],[-73.270799,42.355661],[-73.271669,42.355615],[-73.272285,42.355584],[-73.272322,42.355582],[-73.272666,42.35556],[-73.272774,42.355553],[-73.273365,42.355515],[-73.273797,42.355492],[-73.274358,42.355457],[-73.274907,42.355416],[-73.275606,42.355378],[-73.276118,42.355342],[-73.276257,42.355336],[-73.276608,42.355319],[-73.27701,42.3553],[-73.277162,42.355291],[-73.277268,42.355297],[-73.277429,42.3553],[-73.277641,42.355333],[-73.277837,42.355383],[-73.278054,42.355471],[-73.27833,42.355632],[-73.278861,42.356007],[-73.279014,42.356117],[-73.279259,42.356292],[-73.279279,42.356307],[-73.279711,42.356621],[-73.27985,42.356722],[-73.279875,42.356741],[-73.28059,42.357275],[-73.28068,42.357338],[-73.280832,42.35743],[-73.280955,42.357481],[-73.28118,42.357509],[-73.281346,42.357517],[-73.281857,42.357494],[-73.281974,42.357495],[-73.282094,42.357507],[-73.282954,42.357656],[-73.283166,42.357211],[-73.283424,42.356672],[-73.283482,42.356563],[-73.283625,42.356339],[-73.28369,42.356255],[-73.283794,42.35621],[-73.284718,42.356751],[-73.284738,42.356765],[-73.284809,42.356815],[-73.284885,42.356877],[-73.284969,42.35698],[-73.284999,42.357077],[-73.284999,42.357159],[-73.28498,42.357239],[-73.284942,42.357309],[-73.284586,42.358061],[-73.284566,42.358112],[-73.284197,42.358891],[-73.284032,42.35924],[-73.28397,42.35937],[-73.283703,42.359924],[-73.283396,42.360552],[-73.283155,42.361038],[-73.283039,42.361283],[-73.283007,42.361348],[-73.282394,42.362611],[-73.282218,42.36296],[-73.281867,42.363646],[-73.281762,42.363843],[-73.281726,42.363936],[-73.281673,42.364071],[-73.281638,42.364231],[-73.281625,42.364319],[-73.28161,42.364414],[-73.281588,42.364679],[-73.281522,42.365614],[-73.28148,42.366098],[-73.281458,42.3663],[-73.281428,42.366542],[-73.281404,42.366724],[-73.281375,42.366921],[-73.281339,42.367126],[-73.281302,42.367325],[-73.28126,42.367541],[-73.28122,42.367725],[-73.281185,42.367868],[-73.281174,42.367912],[-73.281124,42.368097],[-73.281071,42.368261],[-73.281011,42.36844],[-73.280968,42.368562],[-73.280913,42.368701],[-73.280855,42.368837],[-73.280738,42.369102],[-73.280523,42.369612],[-73.280451,42.369785],[-73.280382,42.369932],[-73.280308,42.370075],[-73.28023,42.3702],[-73.280135,42.370272],[-73.280083,42.370324],[-73.279967,42.370464],[-73.279849,42.370601],[-73.279726,42.370731],[-73.279603,42.370851],[-73.279469,42.370971],[-73.279332,42.371085],[-73.279183,42.371201],[-73.279038,42.371306],[-73.278896,42.371407],[-73.278736,42.371514],[-73.278579,42.371614],[-73.278245,42.371826],[-73.278038,42.371957],[-73.277851,42.372083],[-73.277521,42.372303],[-73.277441,42.372351],[-73.2773,42.372349],[-73.277212,42.374021],[-73.277133,42.375274],[-73.277102,42.375627],[-73.277071,42.375943],[-73.27696,42.376974],[-73.27692,42.377308],[-73.276912,42.377402],[-73.276874,42.377702],[-73.276708,42.378862],[-73.276577,42.379876],[-73.276498,42.380398],[-73.276459,42.380755],[-73.276378,42.381174],[-73.276241,42.381549],[-73.276047,42.381926],[-73.275939,42.38213],[-73.275689,42.382636],[-73.275608,42.382807],[-73.275232,42.383795],[-73.275097,42.384085],[-73.27485,42.384605],[-73.274317,42.385728],[-73.27415,42.386112],[-73.274,42.386528],[-73.273843,42.387039],[-73.273503,42.388674],[-73.273211,42.39007],[-73.272809,42.39196],[-73.272646,42.392623],[-73.272525,42.393024],[-73.272366,42.393419],[-73.272185,42.393774],[-73.271491,42.39489],[-73.270834,42.395952],[-73.27083,42.395957],[-73.270686,42.396199],[-73.270448,42.396518],[-73.270173,42.396767],[-73.269766,42.397058],[-73.268603,42.397882],[-73.268287,42.398146],[-73.26804,42.398376],[-73.267799,42.398623],[-73.2676,42.398863],[-73.267335,42.399245],[-73.267174,42.399615],[-73.267085,42.39993],[-73.267034,42.40018],[-73.266847,42.400915],[-73.2668,42.401078],[-73.266663,42.401506],[-73.266491,42.401924],[-73.26625,42.402434],[-73.265811,42.403382],[-73.265165,42.404769],[-73.2662037488354,42.40503313484129],[-73.26587712418305,42.40566287520622],[-73.2668116335996,42.405917449301285],[-73.2668025606981,42.40591074999415],[-73.26696587302426,42.40594424651661],[-73.2672834247669,42.40531450897615],[-73.26516036452648,42.40477185772895],[-73.264105,42.407083],[-73.263968,42.40737],[-73.263661,42.408016],[-73.263531,42.40829],[-73.263406,42.408654],[-73.2626135215113,42.41033566854719],[-73.26274555788194,42.41037358010004],[-73.26281524374535,42.4104602350173],[-73.26299184215992,42.410530619968085],[-73.2647032052305,42.410940342436135],[-73.26476922341583,42.41086722792522],[-73.2648700922034,42.41060837878527],[-73.26507045866681,42.41061330109426],[-73.26528318393513,42.40984152846187],[-73.26508879705052,42.40980903256386],[-73.265094,42.409795],[-73.264676,42.409729],[-73.264532,42.410158],[-73.264428,42.410468],[-73.264862,42.41063],[-73.264767,42.410873],[-73.263517,42.410524],[-73.263328,42.410464],[-73.263179,42.410417],[-73.263065,42.41039],[-73.262971,42.410378],[-73.262886,42.410377],[-73.262745,42.410383],[-73.262614,42.41034],[-73.26237,42.410942],[-73.261989,42.411881],[-73.261796,42.41253],[-73.261647,42.413105],[-73.261529,42.413656],[-73.261488,42.41385],[-73.261091,42.415584],[-73.260984,42.41628],[-73.260913,42.416641],[-73.260845,42.416992],[-73.260781,42.417238],[-73.260687,42.417598],[-73.260574,42.418031],[-73.260501,42.418329],[-73.260387,42.418795],[-73.260295,42.419394],[-73.260292,42.419682],[-73.260345,42.420029],[-73.260835,42.421775],[-73.261052,42.422719],[-73.261061,42.422926],[-73.261056,42.423102],[-73.261008,42.423434],[-73.260941,42.423626],[-73.260806,42.423921],[-73.260162,42.42503],[-73.260055,42.425235],[-73.260009,42.425329],[-73.259967,42.425423],[-73.259882,42.425611],[-73.259793,42.425815],[-73.259705,42.426104],[-73.259697,42.426137],[-73.259677,42.426252],[-73.259647,42.426418],[-73.259593,42.426657],[-73.259548,42.426847],[-73.25915,42.428426],[-73.258929,42.429497],[-73.25866,42.430639],[-73.258432,42.431629],[-73.258389,42.431844],[-73.258169,42.432806],[-73.258015,42.433387],[-73.257973,42.433523],[-73.257918,42.433702],[-73.257762,42.434208],[-73.257718,42.43436],[-73.257426,42.435421],[-73.257239,42.436204],[-73.257206,42.436384],[-73.25715,42.436596],[-73.257053,42.436962],[-73.256835,42.437709],[-73.256806,42.437849],[-73.256785,42.438177],[-73.256847,42.438692],[-73.256969,42.439632],[-73.25697,42.439764],[-73.256954,42.439893],[-73.25692,42.440014],[-73.256782,42.440281],[-73.256229,42.441118],[-73.255879,42.441653],[-73.255722,42.441924],[-73.255692,42.441995],[-73.255638,42.442122],[-73.255499,42.4426],[-73.255433,42.442853],[-73.255266,42.443477],[-73.254965,42.44425],[-73.254703,42.445295],[-73.254438,42.446283],[-73.254353,42.446601],[-73.254312,42.446753],[-73.25426,42.446944],[-73.254132,42.447508],[-73.25407,42.447842],[-73.253983,42.448177],[-73.253946,42.448306],[-73.253934,42.448344],[-73.253865,42.448533],[-73.253929,42.44853],[-73.253985,42.448532],[-73.254047,42.448536],[-73.25411,42.448544],[-73.254588,42.448615],[-73.254774,42.448646],[-73.255003,42.448684],[-73.255335,42.448741],[-73.255463,42.448757],[-73.255676,42.448773],[-73.255762,42.448777],[-73.25585,42.448777],[-73.255962,42.448772],[-73.256065,42.448763],[-73.256171,42.448749],[-73.256257,42.448734],[-73.256344,42.448714],[-73.256424,42.448695],[-73.256504,42.448671],[-73.256945,42.448529],[-73.257698,42.448286],[-73.257724,42.448426],[-73.25781,42.448904],[-73.257851,42.44905],[-73.257865,42.449171],[-73.257865,42.449338],[-73.257854,42.449427],[-73.257837,42.449515],[-73.257767,42.449706],[-73.257702,42.449897],[-73.257616,42.450106],[-73.257544,42.450231],[-73.257458,42.450386],[-73.257333,42.450507],[-73.25717,42.450614],[-73.257003,42.450687],[-73.256832,42.450757],[-73.256597,42.450821],[-73.256291,42.45088],[-73.256058,42.450936],[-73.2558,42.451021],[-73.255479,42.451159],[-73.255311,42.451292],[-73.255246,42.451343],[-73.255054,42.451552],[-73.254928,42.451775],[-73.254589,42.451729],[-73.254604,42.45169]]}}]}