{"type":"FeatureCollection","features":[{"type":"Feature","properties":{"agency":"Olean Area Transit System","shape_id":"05ss"},"geometry":{"type":"LineString","coordinates":[[-78.42618,42.09153],[-78.42606,42.09148],[-78.42738,42.08856],[-78.42635,42.0881],[-78.42595,42.08785],[-78.42558,42.08757],[-78.42549,42.08749],[-78.42497,42.08689],[-78.4236,42.08511],[-78.42212,42.08337],[-78.42171,42.08282],[-78.42049,42.08111],[-78.42038,42.08092],[-78.42031,42.08079],[-78.42023,42.08058],[-78.42019,42.08002],[-78.41733,42.07962],[-78.41688,42.07954],[-78.41618,42.07939],[-78.41556,42.07922],[-78.41287,42.07836],[-78.41299,42.07813],[-78.41331,42.07763],[-78.41293,42.0775],[-78.41313,42.07716],[-78.41395,42.07594],[-78.41463,42.07614],[-78.41541,42.07642],[-78.41706,42.07705],[-78.41984,42.07809],[-78.41996,42.07811],[-78.42009,42.07812],[-78.42036,42.07812],[-78.4228,42.07782],[-78.42445,42.07764],[-78.42492,42.07762],[-78.42679,42.07762],[-78.42788,42.07761],[-78.4284,42.07758],[-78.42949,42.07749],[-78.42967,42.07754],[-78.42969,42.07756],[-78.42972,42.07759],[-78.42976,42.0776],[-78.42982,42.07769],[-78.42985,42.08003],[-78.42985,42.08127],[-78.42984,42.08138],[-78.42979,42.08141],[-78.42976,42.08145],[-78.42975,42.08147],[-78.42975,42.08153],[-78.42979,42.08158],[-78.42985,42.08161],[-78.42987,42.08172],[-78.42987,42.08281],[-78.42986,42.08292],[-78.4298,42.08295],[-78.42976,42.083],[-78.42977,42.08306],[-78.42979,42.0831],[-78.42982,42.08312],[-78.42986,42.08314],[-78.42988,42.08325],[-78.42989,42.08419],[-78.42901,42.08419],[-78.42791,42.0842],[-78.42901,42.08419],[-78.42989,42.08419],[-78.42989,42.085],[-78.42988,42.08509],[-78.42984,42.08511],[-78.42981,42.08514],[-78.42978,42.08517],[-78.42978,42.08521],[-78.42978,42.08524],[-78.4298,42.08527],[-78.42984,42.0853],[-78.42988,42.08532],[-78.42992,42.08533],[-78.42997,42.08532],[-78.43001,42.08531],[-78.43004,42.0853],[-78.43009,42.08525],[-78.43037,42.08521],[-78.43321,42.08518],[-78.44231,42.08513],[-78.44478,42.08513],[-78.44509,42.08515],[-78.44528,42.08517],[-78.4456,42.08526],[-78.44573,42.0853],[-78.44586,42.08537],[-78.44611,42.0855],[-78.44745,42.08638],[-78.44769,42.08617],[-78.4481,42.08585],[-78.44894,42.08514],[-78.44913,42.08495],[-78.44928,42.08476],[-78.44961,42.08427],[-78.44985,42.08397],[-78.45011,42.08372],[-78.45046,42.08349],[-78.45066,42.08338],[-78.45082,42.08332],[-78.45109,42.08322],[-78.45129,42.08317],[-78.45168,42.08312],[-78.45179,42.08311],[-78.4538,42.08299],[-78.45562,42.0829],[-78.456,42.0829],[-78.45629,42.08293],[-78.45675,42.08303],[-78.45774,42.08328],[-78.45802,42.08332],[-78.45818,42.08334],[-78.45833,42.08335],[-78.46,42.08343],[-78.46035,42.08342],[-78.46065,42.08338],[-78.46269,42.08309],[-78.46291,42.08308],[-78.46322,42.08309],[-78.46334,42.0831],[-78.46337,42.08303],[-78.46339,42.08294],[-78.46336,42.08226],[-78.46335,42.08142],[-78.46336,42.08095],[-78.46336,42.08002],[-78.46647,42.07999],[-78.46646,42.07983],[-78.46745,42.07983],[-78.46851,42.07982],[-78.46853,42.0798],[-78.46852,42.07807],[-78.4683,42.07797],[-78.46825,42.07794],[-78.46822,42.07791],[-78.46819,42.07784],[-78.4682,42.07776],[-78.46839,42.07736],[-78.46843,42.07721],[-78.46843,42.0771],[-78.46842,42.07677],[-78.46953,42.07686],[-78.47176,42.07705],[-78.47201,42.07708],[-78.47237,42.07714],[-78.47274,42.07722],[-78.47344,42.0774],[-78.47398,42.07759],[-78.4744,42.07778],[-78.47474,42.07794],[-78.47516,42.07818],[-78.47698,42.0793],[-78.47807,42.08003],[-78.48034,42.08158],[-78.48117,42.08213],[-78.48157,42.08237],[-78.48335,42.08333],[-78.4849,42.08419],[-78.48574,42.08468],[-78.4883,42.08622],[-78.49126,42.08805],[-78.49285,42.08905],[-78.4944,42.09001],[-78.49445,42.09004],[-78.49506,42.09043],[-78.49535,42.09065],[-78.49597,42.09117],[-78.49587,42.09123],[-78.49535,42.09158],[-78.49535,42.09065],[-78.49791,42.09278],[-78.4983,42.09308],[-78.49912,42.09366],[-78.49962,42.094],[-78.50004,42.09427],[-78.50032,42.09444],[-78.50051,42.09454],[-78.50075,42.09464],[-78.50092,42.09471],[-78.50196,42.09508],[-78.5052,42.09615],[-78.50654,42.09661],[-78.50872,42.09734],[-78.51648,42.09976],[-78.51916,42.10058],[-78.5197,42.10074],[-78.51998,42.10081],[-78.52103,42.10106],[-78.52178,42.10127],[-78.52303,42.10166],[-78.52579,42.10251],[-78.5297,42.10375],[-78.53202,42.10448],[-78.53431,42.10524],[-78.53766,42.10644],[-78.54229,42.10813],[-78.54302,42.10837],[-78.54321,42.10842],[-78.54346,42.10847],[-78.54363,42.10849],[-78.54403,42.10851],[-78.54429,42.10849],[-78.54457,42.10846],[-78.54667,42.10813],[-78.54711,42.10806],[-78.54747,42.10804],[-78.54937,42.10799],[-78.54986,42.10796],[-78.5503,42.10791],[-78.5508,42.10782],[-78.55128,42.1077],[-78.55162,42.10757],[-78.55197,42.10738],[-78.55259,42.10697],[-78.55471,42.10555],[-78.55529,42.10517],[-78.5558,42.10489],[-78.55662,42.1045],[-78.55735,42.10422],[-78.55768,42.10412],[-78.55802,42.10404],[-78.55826,42.104],[-78.55892,42.10391],[-78.55926,42.10385],[-78.55958,42.10377],[-78.55987,42.10367],[-78.56023,42.10352],[-78.56122,42.10308],[-78.56459,42.10169],[-78.56497,42.10151],[-78.56617,42.10085],[-78.56669,42.10058],[-78.56707,42.1004],[-78.57001,42.09915],[-78.57038,42.09897],[-78.57075,42.09877],[-78.57215,42.09789],[-78.57258,42.09769],[-78.57307,42.09751],[-78.57578,42.09671],[-78.57633,42.09656],[-78.5768,42.09645],[-78.577,42.09642],[-78.58013,42.09599],[-78.58139,42.09584],[-78.58267,42.09565],[-78.58514,42.09533],[-78.58686,42.09507],[-78.58907,42.0947],[-78.5907,42.09438],[-78.59185,42.09416],[-78.59266,42.09402],[-78.59291,42.09399],[-78.59349,42.09393],[-78.59375,42.09392],[-78.5942,42.09391],[-78.59495,42.09392],[-78.59531,42.09395],[-78.59569,42.094],[-78.59615,42.0941],[-78.59659,42.09424],[-78.59732,42.09451],[-78.59824,42.09488],[-78.59863,42.09503],[-78.59895,42.09513],[-78.59948,42.09528],[-78.59973,42.09533],[-78.60034,42.09544],[-78.60089,42.09548],[-78.60128,42.09549],[-78.60208,42.09546],[-78.60227,42.09544],[-78.60309,42.09528],[-78.60481,42.0949],[-78.6055,42.09476],[-78.60566,42.09473],[-78.60621,42.0947],[-78.60667,42.09469],[-78.60691,42.0947],[-78.60715,42.09473],[-78.60743,42.09477],[-78.60779,42.09485],[-78.60811,42.09493],[-78.60877,42.09515],[-78.61011,42.09563],[-78.61036,42.09571],[-78.61062,42.09577],[-78.61101,42.09584],[-78.61151,42.09589],[-78.61174,42.09591],[-78.61213,42.09591],[-78.61252,42.09589],[-78.61352,42.09576],[-78.61376,42.09574],[-78.61401,42.09573],[-78.61487,42.09573],[-78.61542,42.09577],[-78.61697,42.09594],[-78.61713,42.09595],[-78.61936,42.09596],[-78.62021,42.09598],[-78.62089,42.09603],[-78.62189,42.09615],[-78.625,42.09666],[-78.6255,42.09673],[-78.62644,42.09684],[-78.62749,42.09691],[-78.6276,42.09631],[-78.62783,42.09478],[-78.62786,42.09428],[-78.62789,42.09413],[-78.62805,42.09351],[-78.62813,42.09325],[-78.62832,42.09273],[-78.62854,42.0923],[-78.62867,42.09234],[-78.62854,42.0923],[-78.62832,42.09273],[-78.62813,42.09325],[-78.62805,42.09351],[-78.62789,42.09413],[-78.62786,42.09428],[-78.62783,42.09478],[-78.6276,42.09631],[-78.62749,42.09691],[-78.62781,42.09696],[-78.63287,42.09738],[-78.63343,42.09747],[-78.63398,42.0976],[-78.63419,42.09765],[-78.63466,42.09781],[-78.63642,42.09848],[-78.63688,42.09868],[-78.63721,42.09884],[-78.6375,42.099],[-78.63792,42.0993],[-78.63814,42.09947],[-78.63983,42.1009],[-78.64034,42.10131],[-78.6405,42.10146],[-78.64105,42.1019],[-78.64149,42.10222],[-78.642,42.10254],[-78.6424,42.10277],[-78.64326,42.10319],[-78.64415,42.10362],[-78.64469,42.1039],[-78.64535,42.10431],[-78.64569,42.10455],[-78.64629,42.10503],[-78.6482,42.1066],[-78.64994,42.10794],[-78.65024,42.10818],[-78.65043,42.10836],[-78.6506,42.10853],[-78.65088,42.10888],[-78.65102,42.10908],[-78.65127,42.10952],[-78.6514,42.10981],[-78.6515,42.11006],[-78.6516,42.11035],[-78.65171,42.11078],[-78.65178,42.11124],[-78.65182,42.11178],[-78.65181,42.11198],[-78.65173,42.1132],[-78.65173,42.11376],[-78.65176,42.1141],[-78.65184,42.11453],[-78.65203,42.11529],[-78.65249,42.11702],[-78.65284,42.1184],[-78.65331,42.12016],[-78.65377,42.12201],[-78.65395,42.12286],[-78.65406,42.12353],[-78.6547,42.12723],[-78.65476,42.12772],[-78.65477,42.12842],[-78.65474,42.12905],[-78.65472,42.12927],[-78.65463,42.12986],[-78.65371,42.13482],[-78.65349,42.13616],[-78.65348,42.13642],[-78.65353,42.13689],[-78.65356,42.13707],[-78.65375,42.13768],[-78.65411,42.13876],[-78.65442,42.13966],[-78.65534,42.14202],[-78.65571,42.14296],[-78.6559,42.14332],[-78.65599,42.14345],[-78.65625,42.14378],[-78.65654,42.14409],[-78.65682,42.14433],[-78.65709,42.14452],[-78.66025,42.14649],[-78.66299,42.14819],[-78.66346,42.14851],[-78.66389,42.14887],[-78.66411,42.14909],[-78.66433,42.14934],[-78.66626,42.15186],[-78.66657,42.15224],[-78.66676,42.15243],[-78.66695,42.1526],[-78.66724,42.15281],[-78.66775,42.15314],[-78.67019,42.15458],[-78.67239,42.15587],[-78.67279,42.15608],[-78.67304,42.15619],[-78.67333,42.15631],[-78.6736,42.1564],[-78.67418,42.15658],[-78.67763,42.15755],[-78.6814,42.15857],[-78.68633,42.15996],[-78.68661,42.16001],[-78.68678,42.16003],[-78.68691,42.16003],[-78.68713,42.16002],[-78.68722,42.16001],[-78.68753,42.15993],[-78.68773,42.15987],[-78.68811,42.15971],[-78.68837,42.15969],[-78.68906,42.15966],[-78.68949,42.15962],[-78.69045,42.15941],[-78.6924,42.15899],[-78.69507,42.15843],[-78.69525,42.15895],[-78.69552,42.15961],[-78.69594,42.16073],[-78.69599,42.16093],[-78.696,42.16103],[-78.696,42.16139],[-78.69586,42.16228],[-78.69577,42.1628],[-78.69558,42.16358],[-78.69502,42.16537],[-78.69494,42.16559],[-78.69487,42.16574],[-78.69475,42.16593],[-78.69427,42.16653],[-78.69457,42.1666],[-78.69427,42.16653],[-78.69475,42.16593],[-78.69487,42.16574],[-78.69494,42.16559],[-78.69502,42.16537],[-78.69558,42.16358],[-78.69577,42.1628],[-78.69586,42.16228],[-78.696,42.16139],[-78.696,42.16103],[-78.69599,42.16093],[-78.69594,42.16073],[-78.69552,42.15961],[-78.69525,42.15895],[-78.69507,42.15843],[-78.69607,42.15822],[-78.69684,42.15804],[-78.69847,42.15757],[-78.69898,42.15744],[-78.69934,42.15737],[-78.70041,42.15718],[-78.70109,42.15706],[-78.70142,42.15699],[-78.70157,42.15697],[-78.70261,42.15678],[-78.70281,42.15673],[-78.70296,42.15668],[-78.70307,42.15662],[-78.70348,42.15631],[-78.70464,42.15543],[-78.7067,42.15381],[-78.70687,42.15371],[-78.707,42.15367],[-78.70725,42.1536],[-78.70751,42.15357],[-78.70772,42.15357],[-78.70798,42.15362],[-78.70937,42.15394],[-78.71021,42.15411],[-78.71338,42.15462],[-78.7148,42.15486],[-78.7161,42.15506],[-78.71588,42.15568],[-78.71534,42.15565],[-78.71588,42.15568],[-78.71574,42.15608],[-78.71568,42.15629],[-78.71533,42.15735],[-78.71514,42.15788],[-78.71564,42.15807],[-78.71686,42.15856],[-78.71699,42.15862],[-78.716521,42.159548],[-78.71652,42.15955],[-78.7165,42.15958],[-78.71595,42.15944],[-78.71473,42.15915],[-78.71394,42.15897],[-78.71304,42.15881],[-78.71313,42.1585],[-78.71212,42.15832],[-78.71188,42.15828],[-78.71164,42.15878],[-78.71155,42.15887],[-78.7114,42.15891],[-78.71125,42.15889],[-78.71071,42.15873],[-78.70986,42.15849],[-78.70975,42.15843],[-78.70971,42.15837],[-78.70969,42.15828],[-78.70972,42.1582],[-78.71025,42.15726],[-78.710251,42.157257],[-78.7103,42.15714],[-78.71093,42.15717],[-78.71213,42.15732],[-78.71339,42.15752],[-78.71441,42.15769],[-78.71475,42.15776],[-78.71496,42.15782],[-78.71564,42.15807],[-78.71686,42.15856],[-78.71699,42.15862],[-78.7167,42.15919],[-78.71699,42.15862],[-78.71686,42.15856],[-78.71564,42.15807],[-78.71514,42.15788],[-78.71533,42.15735],[-78.71568,42.15629],[-78.71574,42.15608],[-78.71588,42.15568],[-78.71534,42.15565],[-78.71588,42.15568],[-78.7161,42.15506],[-78.72168,42.15594],[-78.72419,42.15634],[-78.7318,42.15758],[-78.73647,42.15836],[-78.73659,42.15799],[-78.73663,42.15779],[-78.73666,42.15722],[-78.73632,42.15716],[-78.73666,42.15722],[-78.73663,42.15779],[-78.73659,42.15799],[-78.73647,42.15836],[-78.73638,42.15858],[-78.73601,42.15989],[-78.7364,42.15995],[-78.73652,42.15949],[-78.7364,42.15995],[-78.73614,42.15991],[-78.73659,42.15837],[-78.73963,42.15887],[-78.74209,42.15929],[-78.74254,42.16013],[-78.74307,42.16109],[-78.74276,42.16054],[-78.74373,42.16022],[-78.74372,42.16017],[-78.74378,42.16007],[-78.74393,42.16005],[-78.74436,42.15992],[-78.74434,42.15988],[-78.74486,42.15971],[-78.74434,42.15988],[-78.74415,42.15934],[-78.74462,42.15929],[-78.74535,42.15917],[-78.74569,42.15909],[-78.74613,42.15897],[-78.74669,42.15878],[-78.74694,42.15868],[-78.74717,42.15857],[-78.74758,42.15836],[-78.74796,42.15816],[-78.74823,42.15832],[-78.74835,42.15836],[-78.74846,42.15837],[-78.74859,42.15837],[-78.74927,42.15831],[-78.74977,42.15828],[-78.75036,42.15828],[-78.75094,42.15831],[-78.75172,42.15842],[-78.75322,42.15868],[-78.75568,42.15912],[-78.75619,42.15919],[-78.75699,42.15927],[-78.75752,42.15929],[-78.75836,42.15928],[-78.7588,42.15925],[-78.75927,42.15921],[-78.75981,42.15912],[-78.75939,42.15727],[-78.75937,42.15698],[-78.75938,42.15684],[-78.75942,42.15666],[-78.75952,42.15642],[-78.75964,42.15623],[-78.75976,42.15609],[-78.75985,42.156],[-78.76008,42.15581],[-78.7602,42.15573],[-78.76038,42.15564],[-78.76057,42.15556],[-78.76095,42.15545],[-78.7611,42.15542],[-78.76137,42.15538],[-78.76326,42.15521],[-78.76351,42.15518],[-78.76367,42.15514],[-78.76383,42.15509],[-78.764,42.15501],[-78.76416,42.15491],[-78.76427,42.15482],[-78.76436,42.15472],[-78.76445,42.15459],[-78.76451,42.15447],[-78.76455,42.15435],[-78.76468,42.15358],[-78.76478,42.15322],[-78.7649,42.15295],[-78.76497,42.15281],[-78.76508,42.15265],[-78.76529,42.15243],[-78.76553,42.1522],[-78.76565,42.15212],[-78.76596,42.15195],[-78.76619,42.15185],[-78.76637,42.15178],[-78.76674,42.15166],[-78.76679,42.15175],[-78.76686,42.15183],[-78.7673,42.15207],[-78.76763,42.15222],[-78.76767,42.1523],[-78.76767,42.15233],[-78.76764,42.15236],[-78.76757,42.15244],[-78.76755,42.15248],[-78.76755,42.15253],[-78.76758,42.15257],[-78.76767,42.15263],[-78.76774,42.15258],[-78.76799,42.15238],[-78.7673,42.15207],[-78.76686,42.15183],[-78.76679,42.15175],[-78.76674,42.15166],[-78.76637,42.15178],[-78.76619,42.15185],[-78.76596,42.15195],[-78.76565,42.15212],[-78.76553,42.1522],[-78.76529,42.15243],[-78.76508,42.15265],[-78.76497,42.15281],[-78.7649,42.15295],[-78.76478,42.15322],[-78.76468,42.15358],[-78.76455,42.15435],[-78.76451,42.15447],[-78.76445,42.15459],[-78.76436,42.15472],[-78.76427,42.15482],[-78.76416,42.15491],[-78.764,42.15501],[-78.76383,42.15509],[-78.76367,42.15514],[-78.76351,42.15518],[-78.76326,42.15521],[-78.76137,42.15538],[-78.7611,42.15542],[-78.76095,42.15545],[-78.76057,42.15556],[-78.76038,42.15564],[-78.7602,42.15573],[-78.76008,42.15581],[-78.75985,42.156],[-78.75976,42.15609],[-78.75964,42.15623],[-78.75952,42.15642],[-78.75942,42.15666],[-78.75938,42.15684],[-78.75937,42.15698],[-78.75939,42.15727],[-78.75981,42.15912],[-78.75927,42.15921],[-78.75903,42.15923],[-78.7588,42.15925],[-78.75836,42.15928],[-78.75752,42.15929],[-78.75699,42.15927],[-78.75619,42.15919],[-78.75568,42.15912],[-78.75322,42.15868],[-78.75172,42.15842],[-78.75094,42.15831],[-78.75036,42.15828],[-78.74977,42.15828],[-78.74927,42.15831],[-78.74859,42.15837],[-78.74846,42.15837],[-78.74835,42.15836],[-78.74823,42.15832],[-78.74796,42.15816],[-78.74816,42.15803],[-78.74887,42.15748],[-78.74978,42.15669],[-78.75014,42.15621],[-78.75057,42.15558],[-78.75071,42.15536],[-78.75164,42.15361],[-78.75174,42.15334],[-78.75211,42.1526],[-78.75219,42.15238],[-78.75221,42.15221],[-78.75217,42.15186],[-78.75186,42.15192],[-78.75173,42.15196],[-78.75162,42.15203],[-78.75139,42.15218],[-78.75122,42.15227],[-78.75091,42.15223],[-78.75072,42.15224],[-78.75048,42.1523],[-78.75005,42.15244]]}},{"type":"Feature","properties":{"agency":"Olean Area Transit System","shape_id":"0ccs"},"geometry":{"type":"LineString","coordinates":[[-78.75005,42.15244],[-78.74966,42.15257],[-78.74962,42.15265],[-78.74961,42.15274],[-78.74966,42.15285],[-78.7499,42.15279],[-78.75035,42.15265],[-78.75072,42.15252],[-78.751,42.1524],[-78.75139,42.15218],[-78.75162,42.15203],[-78.75173,42.15196],[-78.75186,42.15192],[-78.75217,42.15186],[-78.75221,42.15221],[-78.75219,42.15238],[-78.75211,42.1526],[-78.75174,42.15334],[-78.75164,42.15361],[-78.75071,42.15536],[-78.75057,42.15558],[-78.75014,42.15621],[-78.74978,42.15669],[-78.74887,42.15748],[-78.74816,42.15803],[-78.74796,42.15816],[-78.74758,42.15836],[-78.74717,42.15857],[-78.74694,42.15868],[-78.74669,42.15878],[-78.74613,42.15897],[-78.74569,42.15909],[-78.74547,42.15914],[-78.74492,42.15924],[-78.74481,42.15887],[-78.74492,42.15924],[-78.74462,42.15929],[-78.74415,42.15934],[-78.74434,42.15988],[-78.74486,42.15971],[-78.74434,42.15988],[-78.74415,42.15934],[-78.74342,42.15937],[-78.74295,42.15936],[-78.74224,42.15931],[-78.73896,42.15876],[-78.73624,42.15832],[-78.7318,42.15758],[-78.72425,42.15635],[-78.724248,42.15635],[-78.72168,42.15594],[-78.7161,42.15506],[-78.7148,42.15486],[-78.71338,42.15462],[-78.71021,42.15411],[-78.70937,42.15394],[-78.70798,42.15362],[-78.70772,42.15357],[-78.70751,42.15357],[-78.70737,42.15358],[-78.70725,42.1536],[-78.707,42.15367],[-78.70687,42.15371],[-78.7067,42.15381],[-78.70464,42.15543],[-78.70348,42.15631],[-78.70307,42.15662],[-78.70296,42.15668],[-78.70281,42.15673],[-78.70261,42.15678],[-78.70157,42.15697],[-78.70142,42.15699],[-78.70109,42.15706],[-78.70041,42.15718],[-78.69934,42.15737],[-78.69898,42.15744],[-78.69847,42.15757],[-78.69684,42.15804],[-78.6967,42.15807],[-78.69607,42.15822],[-78.6924,42.15899],[-78.69045,42.15941],[-78.68949,42.15962],[-78.68906,42.15966],[-78.68837,42.15969],[-78.68811,42.15971],[-78.68773,42.15987],[-78.68753,42.15993],[-78.68722,42.16001],[-78.68713,42.16002],[-78.68691,42.16003],[-78.68678,42.16003],[-78.68661,42.16001],[-78.68633,42.15996],[-78.6814,42.15857],[-78.67763,42.15755],[-78.67418,42.15658],[-78.6736,42.1564],[-78.67333,42.15631],[-78.67279,42.15608],[-78.67239,42.15587],[-78.67019,42.15458],[-78.66775,42.15314],[-78.66724,42.15281],[-78.66695,42.1526],[-78.66676,42.15243],[-78.66657,42.15224],[-78.66626,42.15186],[-78.66433,42.14934],[-78.66411,42.14909],[-78.66389,42.14887],[-78.66346,42.14851],[-78.66299,42.14819],[-78.65709,42.14452],[-78.65682,42.14433],[-78.65654,42.14409],[-78.65625,42.14378],[-78.65599,42.14345],[-78.6559,42.14332],[-78.65571,42.14296],[-78.65534,42.14202],[-78.65442,42.13966],[-78.65411,42.13876],[-78.65375,42.13768],[-78.65356,42.13707],[-78.65353,42.13689],[-78.65348,42.13642],[-78.65349,42.13616],[-78.65359,42.1355],[-78.65371,42.13482],[-78.65453,42.130381],[-78.65453,42.13038],[-78.65463,42.12986],[-78.65472,42.12927],[-78.65474,42.12905],[-78.65477,42.12842],[-78.65476,42.12772],[-78.6547,42.12723],[-78.65392,42.12272],[-78.65377,42.12201],[-78.65331,42.12016],[-78.65284,42.1184],[-78.65248,42.11701],[-78.65203,42.11532],[-78.65184,42.11453],[-78.65176,42.1141],[-78.65173,42.11376],[-78.65174,42.11335],[-78.65172,42.11319],[-78.65181,42.11198],[-78.65182,42.11178],[-78.65178,42.11124],[-78.65171,42.11078],[-78.6516,42.11035],[-78.6515,42.11006],[-78.6514,42.10981],[-78.65127,42.10952],[-78.65102,42.10908],[-78.65088,42.10888],[-78.6506,42.10853],[-78.65043,42.10836],[-78.65024,42.10818],[-78.64994,42.10794],[-78.6482,42.1066],[-78.64629,42.10503],[-78.64569,42.10455],[-78.64535,42.10431],[-78.64469,42.1039],[-78.64415,42.10362],[-78.64326,42.10319],[-78.6424,42.10277],[-78.642,42.10254],[-78.64149,42.10222],[-78.64105,42.1019],[-78.6405,42.10146],[-78.64034,42.10131],[-78.63983,42.1009],[-78.63814,42.09947],[-78.63792,42.0993],[-78.6375,42.099],[-78.63721,42.09884],[-78.63688,42.09868],[-78.63642,42.09848],[-78.63466,42.09781],[-78.63419,42.09765],[-78.63398,42.0976],[-78.63343,42.09747],[-78.63287,42.09738],[-78.62781,42.09696],[-78.62749,42.09691],[-78.62644,42.09684],[-78.6255,42.09673],[-78.625,42.09666],[-78.62189,42.09615],[-78.62089,42.09603],[-78.62021,42.09598],[-78.61936,42.09596],[-78.61713,42.09595],[-78.61697,42.09594],[-78.61542,42.09577],[-78.61487,42.09573],[-78.61401,42.09573],[-78.61376,42.09574],[-78.61352,42.09576],[-78.61252,42.09589],[-78.61213,42.09591],[-78.61174,42.09591],[-78.61151,42.09589],[-78.61101,42.09584],[-78.61062,42.09577],[-78.61036,42.09571],[-78.61011,42.09563],[-78.60877,42.09515],[-78.60811,42.09493],[-78.60779,42.09485],[-78.60743,42.09477],[-78.60715,42.09473],[-78.60691,42.0947],[-78.60667,42.09469],[-78.60621,42.0947],[-78.60566,42.09473],[-78.6055,42.09476],[-78.60481,42.0949],[-78.60309,42.09528],[-78.60227,42.09544],[-78.60208,42.09546],[-78.60128,42.09549],[-78.60089,42.09548],[-78.60034,42.09544],[-78.59973,42.09533],[-78.59948,42.09528],[-78.59895,42.09513],[-78.59863,42.09503],[-78.59824,42.09488],[-78.59732,42.09451],[-78.59659,42.09424],[-78.59615,42.0941],[-78.59569,42.094],[-78.59531,42.09395],[-78.59495,42.09392],[-78.5942,42.09391],[-78.59375,42.09392],[-78.59349,42.09393],[-78.59291,42.09399],[-78.59275,42.09401],[-78.59185,42.09416],[-78.5907,42.09438],[-78.58907,42.0947],[-78.58686,42.09507],[-78.58514,42.09533],[-78.58267,42.09565],[-78.58139,42.09584],[-78.57976,42.09604],[-78.577,42.09642],[-78.5768,42.09645],[-78.57633,42.09656],[-78.57578,42.09671],[-78.57307,42.09751],[-78.57258,42.09769],[-78.57215,42.09789],[-78.57075,42.09877],[-78.57038,42.09897],[-78.57001,42.09915],[-78.56707,42.1004],[-78.56669,42.10058],[-78.56617,42.10085],[-78.56497,42.10151],[-78.56459,42.10169],[-78.56122,42.10308],[-78.56023,42.10352],[-78.55987,42.10367],[-78.55958,42.10377],[-78.55926,42.10385],[-78.55892,42.10391],[-78.55826,42.104],[-78.55802,42.10404],[-78.55768,42.10412],[-78.55735,42.10422],[-78.55662,42.1045],[-78.5558,42.10489],[-78.55529,42.10517],[-78.55471,42.10555],[-78.55259,42.10697],[-78.55197,42.10738],[-78.55162,42.10757],[-78.55128,42.1077],[-78.5508,42.10782],[-78.5503,42.10791],[-78.54986,42.10796],[-78.54937,42.10799],[-78.54747,42.10804],[-78.54711,42.10806],[-78.54667,42.10813],[-78.54457,42.10846],[-78.54429,42.10849],[-78.54403,42.10851],[-78.54363,42.10849],[-78.54346,42.10847],[-78.54321,42.10842],[-78.54302,42.10837],[-78.54229,42.10813],[-78.53766,42.10644],[-78.53431,42.10524],[-78.53202,42.10448],[-78.5297,42.10375],[-78.52579,42.10251],[-78.52303,42.10166],[-78.52178,42.10127],[-78.52103,42.10106],[-78.51998,42.10081],[-78.5197,42.10074],[-78.51916,42.10058],[-78.51648,42.09976],[-78.50872,42.09734],[-78.50654,42.09661],[-78.5052,42.09615],[-78.50196,42.09508],[-78.50075,42.09464],[-78.50051,42.09454],[-78.50032,42.09444],[-78.50004,42.09427],[-78.49962,42.094],[-78.49912,42.09366],[-78.4983,42.09308],[-78.49791,42.09278],[-78.49535,42.09065],[-78.49506,42.09043],[-78.49445,42.09004],[-78.4944,42.09001],[-78.49285,42.08905],[-78.49006,42.0873],[-78.4883,42.08622],[-78.48574,42.08468],[-78.4849,42.08419],[-78.48335,42.08333],[-78.48157,42.08237],[-78.48117,42.08213],[-78.48034,42.08158],[-78.47807,42.08003],[-78.47698,42.0793],[-78.47516,42.07818],[-78.47474,42.07794],[-78.4744,42.07778],[-78.47398,42.07759],[-78.47344,42.0774],[-78.47274,42.07722],[-78.47237,42.07714],[-78.47201,42.07708],[-78.47176,42.07705],[-78.46953,42.07686],[-78.46842,42.07677],[-78.46843,42.0771],[-78.46843,42.07721],[-78.46839,42.07736],[-78.4682,42.07776],[-78.46819,42.07784],[-78.46822,42.07791],[-78.46825,42.07794],[-78.4683,42.07797],[-78.46852,42.07807],[-78.46853,42.0798],[-78.46851,42.07982],[-78.46772,42.07982],[-78.46646,42.07983],[-78.46647,42.07999],[-78.46336,42.08002],[-78.46335,42.07952],[-78.46327,42.07858],[-78.46324,42.07789],[-78.46325,42.07701],[-78.46134,42.07701],[-78.46056,42.07702],[-78.45822,42.0771],[-78.45728,42.07715],[-78.45438,42.07726],[-78.45251,42.07731],[-78.45154,42.07732],[-78.45099,42.07734],[-78.44927,42.07736],[-78.44698,42.07738],[-78.44396,42.07739],[-78.43874,42.07743],[-78.43875,42.07758],[-78.43874,42.07743],[-78.43521,42.07746],[-78.43388,42.07746],[-78.43144,42.07748],[-78.43027,42.07747],[-78.43015,42.07745],[-78.42998,42.07746],[-78.42996,42.07743],[-78.42991,42.07739],[-78.42985,42.07737],[-78.42979,42.07737],[-78.42976,42.07738],[-78.4297,42.07741],[-78.42968,42.07743],[-78.42966,42.07748],[-78.42967,42.07754],[-78.42969,42.07756],[-78.42972,42.07759],[-78.42976,42.0776],[-78.42982,42.07769],[-78.42985,42.08003],[-78.42985,42.08127],[-78.42984,42.08138],[-78.42979,42.08141],[-78.42976,42.08145],[-78.42975,42.08147],[-78.42975,42.08153],[-78.42979,42.08158],[-78.42985,42.08161],[-78.42987,42.08172],[-78.42987,42.08281],[-78.42986,42.08292],[-78.4298,42.08295],[-78.42976,42.083],[-78.42977,42.08306],[-78.42979,42.0831],[-78.42982,42.08312],[-78.42986,42.08314],[-78.42988,42.08325],[-78.42989,42.08419],[-78.42901,42.08419],[-78.42791,42.0842],[-78.42901,42.08419],[-78.42989,42.08419],[-78.42989,42.085],[-78.42988,42.08509],[-78.42984,42.08511],[-78.42981,42.08514],[-78.42978,42.08517],[-78.42978,42.08521],[-78.42978,42.08524],[-78.4298,42.08527],[-78.42984,42.0853],[-78.42988,42.08532],[-78.4299,42.08541],[-78.42991,42.08677],[-78.42991,42.086774],[-78.42991,42.08686],[-78.42989,42.08696],[-78.42984,42.08698],[-78.42967,42.08701],[-78.42934,42.08703],[-78.42868,42.08702],[-78.42843,42.08704],[-78.42826,42.08708],[-78.42808,42.08718],[-78.42799,42.08725],[-78.42791,42.08735],[-78.42743,42.08841],[-78.42738,42.08856],[-78.42645,42.09063],[-78.42673,42.09071],[-78.42692,42.09083],[-78.42734,42.09093]]}},{"type":"Feature","properties":{"agency":"Olean Area Transit System","shape_id":"450b24e8-136a-4738-9362-257c385aac65"},"geometry":{"type":"LineString","coordinates":[[-78.42791,42.084197],[-78.42791,42.0842],[-78.42791,42.08392],[-78.42815,42.0838],[-78.42824,42.08378],[-78.42831,42.08376],[-78.42887,42.08346],[-78.42892,42.08342],[-78.42893,42.08339],[-78.42892,42.08336],[-78.42881,42.08324],[-78.42885,42.08326],[-78.42888,42.08326],[-78.42926,42.08308],[-78.42939,42.08307],[-78.42977,42.08306],[-78.42979,42.0831],[-78.42982,42.08312],[-78.42986,42.08314],[-78.42991,42.08315],[-78.42995,42.08315],[-78.42999,42.08314],[-78.43003,42.08312],[-78.43006,42.08309],[-78.43008,42.08306],[-78.43008,42.08301],[-78.43005,42.08296],[-78.43002,42.08294],[-78.42999,42.08292],[-78.42997,42.08281],[-78.42996,42.08172],[-78.42997,42.08161],[-78.43003,42.08157],[-78.43007,42.08152],[-78.43007,42.08146],[-78.43005,42.08143],[-78.43002,42.0814],[-78.42998,42.08138],[-78.42996,42.08127],[-78.42993,42.07948],[-78.42991,42.07769],[-78.42988,42.0776],[-78.42992,42.07758],[-78.42995,42.07756],[-78.42998,42.07753],[-78.43015,42.07749],[-78.43027,42.07747],[-78.43144,42.07748],[-78.43388,42.07746],[-78.43521,42.07746],[-78.44396,42.07739],[-78.44698,42.07738],[-78.44927,42.07736],[-78.45251,42.07731],[-78.45438,42.07726],[-78.45728,42.07715],[-78.45822,42.0771],[-78.46056,42.07702],[-78.46134,42.07701],[-78.46347,42.07701],[-78.46487,42.0769],[-78.46684,42.07678],[-78.46769,42.07675],[-78.46817,42.07675],[-78.46953,42.07686],[-78.47135,42.07701],[-78.47134,42.07765],[-78.47135,42.078588],[-78.47135,42.07859],[-78.47142,42.08088],[-78.46926,42.08096],[-78.4691,42.08099],[-78.4691,42.0813],[-78.468982,42.081321],[-78.46898,42.08131],[-78.4691,42.0813],[-78.4691,42.08099],[-78.46926,42.08096],[-78.47142,42.08088],[-78.47135,42.07843],[-78.47135,42.078429],[-78.47134,42.07765],[-78.47135,42.07701],[-78.46953,42.07686],[-78.46817,42.07675],[-78.46769,42.07675],[-78.46684,42.07678],[-78.46487,42.0769],[-78.46347,42.07701],[-78.46325,42.07701],[-78.46319,42.07693],[-78.46318,42.07557],[-78.46317,42.0745],[-78.46314,42.07448],[-78.463062,42.074482],[-78.46306,42.07448],[-78.46153,42.07448],[-78.4615,42.07448],[-78.46149,42.0745],[-78.46148,42.0754],[-78.46148,42.075403],[-78.46148,42.0754],[-78.46148,42.07559],[-78.46156,42.07557],[-78.4616,42.07556],[-78.462767,42.07557],[-78.46277,42.07557],[-78.46318,42.07557],[-78.46319,42.07693],[-78.46325,42.07701],[-78.46134,42.07701],[-78.46056,42.07702],[-78.45932,42.07707],[-78.45933,42.07694],[-78.459313,42.075668]]}},{"type":"Feature","properties":{"agency":"Olean Area Transit System","shape_id":"48633742-ef46-4af2-8261-17987fdbc3ea"},"geometry":{"type":"LineString","coordinates":[[-78.44833,42.08213],[-78.4482,42.08207],[-78.4482,42.08141],[-78.44466,42.08142],[-78.44465,42.07986],[-78.44462,42.07818],[-78.44462,42.07739],[-78.43756,42.07744],[-78.43388,42.07746],[-78.43144,42.07748],[-78.43146,42.07943],[-78.43146,42.07949],[-78.42993,42.07948],[-78.42992,42.07897],[-78.42991,42.07769],[-78.42988,42.0776],[-78.42992,42.07758],[-78.42995,42.07756],[-78.42998,42.07753],[-78.43015,42.07749],[-78.43027,42.07747],[-78.43144,42.07748],[-78.43254,42.07747],[-78.43253,42.07552],[-78.43251,42.07532],[-78.43251,42.07506],[-78.4325,42.07464],[-78.4313,42.07465],[-78.43028,42.07464],[-78.43006,42.07465],[-78.42983,42.07469],[-78.42982,42.0722],[-78.42985,42.07137],[-78.43,42.06983],[-78.43004,42.06963],[-78.43009,42.06951],[-78.43024,42.06929],[-78.43086,42.06867],[-78.43131,42.0682],[-78.43265,42.06666],[-78.4332,42.06606],[-78.43339,42.06592],[-78.43358,42.0658],[-78.43391,42.06563],[-78.43456,42.06539],[-78.43515,42.06519],[-78.43569,42.06499],[-78.43625,42.06473],[-78.43658,42.06456],[-78.43703,42.06429],[-78.4371,42.06437],[-78.43714,42.06446],[-78.43716,42.06454],[-78.43715,42.0649],[-78.43783,42.06489],[-78.43783,42.06535],[-78.43783,42.06489],[-78.43715,42.0649],[-78.43716,42.06454],[-78.43714,42.06446],[-78.4371,42.06437],[-78.43703,42.06429],[-78.43658,42.06456],[-78.43625,42.06473],[-78.43569,42.06499],[-78.43515,42.06519],[-78.43456,42.06539],[-78.43391,42.06563],[-78.43358,42.0658],[-78.43339,42.06592],[-78.4332,42.06606],[-78.43265,42.06666],[-78.43131,42.0682],[-78.43086,42.06867],[-78.43024,42.06929],[-78.43009,42.06951],[-78.43004,42.06963],[-78.43,42.06983],[-78.42985,42.07137],[-78.42984,42.07168],[-78.42982,42.0722],[-78.42983,42.07339],[-78.42982,42.07339],[-78.42983,42.07339],[-78.42983,42.07469],[-78.42982,42.07551],[-78.42985,42.07716],[-78.42984,42.07727],[-78.42979,42.07737],[-78.42976,42.07738],[-78.4297,42.07741],[-78.42968,42.07743],[-78.42966,42.07748],[-78.4284,42.07758],[-78.42788,42.07761],[-78.42776,42.07761],[-78.42492,42.07762],[-78.42445,42.07764],[-78.4228,42.07782],[-78.42036,42.07812],[-78.42009,42.07812],[-78.41996,42.07811],[-78.41984,42.07809],[-78.41706,42.07705],[-78.41541,42.07642],[-78.41463,42.07614],[-78.41395,42.07594],[-78.41323,42.07701],[-78.41313,42.07716],[-78.41293,42.0775],[-78.41331,42.07763],[-78.41299,42.07813],[-78.41287,42.07836],[-78.41511,42.07908],[-78.41509,42.07915],[-78.41488,42.07963],[-78.41509,42.07915],[-78.41511,42.07908],[-78.41556,42.07922],[-78.41618,42.07939],[-78.41688,42.07954],[-78.41733,42.07962],[-78.42019,42.08002],[-78.42023,42.08058],[-78.42031,42.08079],[-78.42038,42.08092],[-78.42049,42.08111],[-78.42175,42.08287],[-78.42212,42.08337],[-78.4236,42.08511],[-78.42497,42.08689],[-78.42549,42.08749],[-78.42558,42.08757],[-78.42595,42.08785],[-78.42635,42.0881],[-78.42738,42.08856],[-78.42664,42.0902],[-78.42752,42.09041],[-78.42664,42.0902],[-78.42606,42.09148],[-78.42618,42.09153],[-78.42606,42.09148],[-78.42738,42.08856],[-78.42743,42.08841],[-78.42791,42.08735],[-78.42799,42.08725],[-78.42808,42.08718],[-78.42803,42.08714],[-78.42796,42.08706],[-78.42794,42.08702],[-78.42792,42.0869],[-78.42793,42.08601],[-78.42791,42.0842],[-78.42901,42.08419],[-78.42989,42.08419],[-78.42989,42.085],[-78.42988,42.08509],[-78.42984,42.08511],[-78.42981,42.08514],[-78.42978,42.08517],[-78.42978,42.08521],[-78.42978,42.08524],[-78.4298,42.08527],[-78.42984,42.0853],[-78.42988,42.08532],[-78.42992,42.08533],[-78.42997,42.08532],[-78.43001,42.08531],[-78.43004,42.0853],[-78.43009,42.08525],[-78.43037,42.08521],[-78.4314,42.0852],[-78.43141,42.08564],[-78.43143,42.08776],[-78.43159,42.08787],[-78.4317,42.08795],[-78.43188,42.08813],[-78.43197,42.08825],[-78.43349,42.09038],[-78.43418,42.09138],[-78.43449,42.09179],[-78.43446,42.09181],[-78.43449,42.09179],[-78.43418,42.09138],[-78.43349,42.09038],[-78.43197,42.08825],[-78.43188,42.08813],[-78.4317,42.08795],[-78.43159,42.08787],[-78.43143,42.08776],[-78.43108,42.08757],[-78.43038,42.08723],[-78.43016,42.08709],[-78.4301,42.08704],[-78.43007,42.087],[-78.43002,42.08697],[-78.43,42.08679],[-78.42999,42.08541],[-78.43001,42.08531],[-78.43004,42.0853],[-78.43009,42.08525],[-78.43037,42.08521],[-78.43321,42.08518],[-78.43883,42.08514],[-78.44231,42.08513],[-78.44478,42.08513],[-78.44478,42.08515],[-78.44478,42.08513],[-78.44509,42.08515],[-78.44528,42.08517],[-78.4456,42.08526],[-78.44573,42.0853],[-78.44586,42.08537],[-78.44611,42.0855],[-78.44769,42.08654],[-78.44803,42.08678],[-78.44892,42.0874],[-78.44932,42.08708],[-78.44937,42.08707],[-78.44947,42.08706],[-78.45039,42.08703],[-78.45045,42.087],[-78.45049,42.08697],[-78.45053,42.08691],[-78.45054,42.08677],[-78.45052,42.08658],[-78.45054,42.08677],[-78.45053,42.08691],[-78.45049,42.08697],[-78.45045,42.087],[-78.45039,42.08703],[-78.44947,42.08706],[-78.44937,42.08707],[-78.44932,42.08708],[-78.44892,42.0874],[-78.44803,42.08678],[-78.44769,42.08654],[-78.44611,42.0855],[-78.44586,42.08537],[-78.44573,42.0853],[-78.4456,42.08526],[-78.44528,42.08517],[-78.44509,42.08515],[-78.44478,42.08513],[-78.4447,42.08325],[-78.44466,42.08142],[-78.4482,42.08141],[-78.4482,42.08243],[-78.44817,42.08253],[-78.4482,42.08243],[-78.4482,42.08141],[-78.44816,42.07858],[-78.44816,42.07737],[-78.44927,42.07736],[-78.45099,42.07734],[-78.45154,42.07732],[-78.45251,42.07731],[-78.45438,42.07726],[-78.45728,42.07715],[-78.45822,42.0771],[-78.46056,42.07702],[-78.46134,42.07701],[-78.46325,42.07701],[-78.46324,42.07789],[-78.46327,42.07858],[-78.46335,42.07952],[-78.46336,42.08002],[-78.46647,42.07999],[-78.46646,42.07983],[-78.46745,42.07983],[-78.46646,42.07983],[-78.46647,42.07999],[-78.46336,42.08002],[-78.46335,42.07952],[-78.46327,42.07858],[-78.46324,42.07789],[-78.46325,42.07701],[-78.46319,42.07693],[-78.46318,42.07557],[-78.46317,42.0745],[-78.46314,42.07448],[-78.46307,42.07448],[-78.46314,42.07448],[-78.46317,42.0745],[-78.46318,42.07557],[-78.46319,42.07693],[-78.46325,42.07701],[-78.46134,42.07701],[-78.46056,42.07702],[-78.45932,42.07707],[-78.45933,42.07694],[-78.45931,42.07566]]}},{"type":"Feature","properties":{"agency":"Olean Area Transit System","shape_id":"686c"},"geometry":{"type":"LineString","coordinates":[[-78.42618,42.09153],[-78.42606,42.09148],[-78.42738,42.08856],[-78.42635,42.0881],[-78.42595,42.08785],[-78.42558,42.08757],[-78.42549,42.08749],[-78.42497,42.08689],[-78.4236,42.08511],[-78.42341,42.08514],[-78.42203,42.08515],[-78.42131,42.08514],[-78.42051,42.08516],[-78.42131,42.08514],[-78.42203,42.08515],[-78.42341,42.08514],[-78.4236,42.08511],[-78.42212,42.08337],[-78.42171,42.08282],[-78.42156,42.08286],[-78.41886,42.08286],[-78.41741,42.08285],[-78.416711,42.08286],[-78.41671,42.08286],[-78.41604,42.08286],[-78.41524,42.08283],[-78.41385,42.08249],[-78.41363,42.08245],[-78.41509,42.07915],[-78.41511,42.07908],[-78.41287,42.07836],[-78.41511,42.07908],[-78.41509,42.07915],[-78.41488,42.07963],[-78.41509,42.07915],[-78.41511,42.07908],[-78.41556,42.07922],[-78.41618,42.07939],[-78.41688,42.07954],[-78.41733,42.07962],[-78.42019,42.08002],[-78.42023,42.08058],[-78.42031,42.08079],[-78.42038,42.08092],[-78.42049,42.08111],[-78.42175,42.08287],[-78.42212,42.08337],[-78.4236,42.08511],[-78.42497,42.08689],[-78.42549,42.08749],[-78.42558,42.08757],[-78.42595,42.08785],[-78.42635,42.0881],[-78.42738,42.08856],[-78.42743,42.08841],[-78.42791,42.08735],[-78.42799,42.08725],[-78.42808,42.08718],[-78.42803,42.08714],[-78.42796,42.08706],[-78.42794,42.08702],[-78.42792,42.0869],[-78.42793,42.08601],[-78.42791,42.0842],[-78.42791,42.08392],[-78.42815,42.0838],[-78.42824,42.08378],[-78.42831,42.08376],[-78.42887,42.08346],[-78.42892,42.08342],[-78.42893,42.08339],[-78.42892,42.08336],[-78.42881,42.08324],[-78.42885,42.08326],[-78.42888,42.08326],[-78.42926,42.08308],[-78.42939,42.08307],[-78.42977,42.08306],[-78.42979,42.0831],[-78.42982,42.08312],[-78.42986,42.08314],[-78.42991,42.08315],[-78.42995,42.08315],[-78.42999,42.08314],[-78.43003,42.08312],[-78.43006,42.08309],[-78.43008,42.08306],[-78.43008,42.08301],[-78.43005,42.08296],[-78.43002,42.08294],[-78.42999,42.08292],[-78.42997,42.08281],[-78.42996,42.08172],[-78.42997,42.08161],[-78.43003,42.08157],[-78.43007,42.08152],[-78.43007,42.08146],[-78.43005,42.08143],[-78.43002,42.0814],[-78.42998,42.08138],[-78.42996,42.08127],[-78.42993,42.07948],[-78.42991,42.07769],[-78.42988,42.0776],[-78.42992,42.07758],[-78.42995,42.07756],[-78.42998,42.07753],[-78.42998,42.07748],[-78.42996,42.07743],[-78.42991,42.07739],[-78.42985,42.07716],[-78.42984,42.07696],[-78.42982,42.07556],[-78.42983,42.07469],[-78.42983,42.07339],[-78.42982,42.07339],[-78.42983,42.07339],[-78.42983,42.07469],[-78.42982,42.07556],[-78.42985,42.07716],[-78.42984,42.07727],[-78.42979,42.07737],[-78.42976,42.07738],[-78.4297,42.07741],[-78.42968,42.07743],[-78.42966,42.07748],[-78.42967,42.07754],[-78.42969,42.07756],[-78.42972,42.07759],[-78.42976,42.0776],[-78.42984,42.07761],[-78.42992,42.07758],[-78.42995,42.07756],[-78.42998,42.07753],[-78.43015,42.07749],[-78.43027,42.07747],[-78.43144,42.07748],[-78.43388,42.07746],[-78.43756,42.07744],[-78.44462,42.07739],[-78.44462,42.07818],[-78.44465,42.07946],[-78.44462,42.07818],[-78.44462,42.07739],[-78.43756,42.07744],[-78.43388,42.07746],[-78.43144,42.07748],[-78.43146,42.07949],[-78.42993,42.07948],[-78.42992,42.07897],[-78.42991,42.07769],[-78.42988,42.0776],[-78.42992,42.07758],[-78.42995,42.07756],[-78.42998,42.07753],[-78.43015,42.07749],[-78.43027,42.07747],[-78.43144,42.07748],[-78.43388,42.07746],[-78.43756,42.07744],[-78.44927,42.07736],[-78.45251,42.07731],[-78.45438,42.07726],[-78.45728,42.07715],[-78.45822,42.0771],[-78.46056,42.07702],[-78.46134,42.07701],[-78.46325,42.07701],[-78.46324,42.07789],[-78.46327,42.07858],[-78.46335,42.07952],[-78.46336,42.08002],[-78.46647,42.07999],[-78.46646,42.07983],[-78.46745,42.07983],[-78.46851,42.07982],[-78.46853,42.0798],[-78.46852,42.07807],[-78.4683,42.07797],[-78.46825,42.07794],[-78.46822,42.07791],[-78.46819,42.07784],[-78.4682,42.07776],[-78.46839,42.07736],[-78.46843,42.07721],[-78.46843,42.0771],[-78.46842,42.07677],[-78.46953,42.07686],[-78.47176,42.07705],[-78.47201,42.07708],[-78.47237,42.07714],[-78.47274,42.07722],[-78.47344,42.0774],[-78.47398,42.07759],[-78.4744,42.07778],[-78.47474,42.07794],[-78.47516,42.07818],[-78.47698,42.0793],[-78.47807,42.08003],[-78.48034,42.08158],[-78.48117,42.08213],[-78.48157,42.08237],[-78.48335,42.08333],[-78.4849,42.08419],[-78.48574,42.08468],[-78.4883,42.08622],[-78.49126,42.08805],[-78.49285,42.08905],[-78.4944,42.09001],[-78.49445,42.09004],[-78.49506,42.09043],[-78.49535,42.09065],[-78.49597,42.09117],[-78.49587,42.09123],[-78.49535,42.09158],[-78.49535,42.09065],[-78.49791,42.09278],[-78.4983,42.09308],[-78.49912,42.09366],[-78.49962,42.094],[-78.49965,42.09388],[-78.49969,42.09379],[-78.49979,42.09365],[-78.50033,42.09297],[-78.50083,42.09234],[-78.50106,42.09201],[-78.50125,42.09169],[-78.50133,42.09148],[-78.50158,42.09001],[-78.50167,42.08964],[-78.50173,42.08942],[-78.50191,42.08934],[-78.50199,42.08932],[-78.50207,42.08933],[-78.50215,42.08936],[-78.50225,42.08945],[-78.50231,42.08956],[-78.50249,42.08997],[-78.50257,42.09011],[-78.50264,42.09018],[-78.50335,42.0907],[-78.50393,42.0911],[-78.50419,42.09126],[-78.50461,42.09145],[-78.50513,42.0916],[-78.50518,42.09137],[-78.50519,42.09121],[-78.50525,42.09088],[-78.50528,42.0908],[-78.50525,42.09088],[-78.50519,42.09121],[-78.50463,42.09104],[-78.5045,42.0913],[-78.50445,42.09138],[-78.50419,42.09126],[-78.50393,42.0911],[-78.50335,42.0907],[-78.50264,42.09018],[-78.50257,42.09011],[-78.50249,42.08997],[-78.50231,42.08956],[-78.50225,42.08945],[-78.50215,42.08936],[-78.50207,42.08933],[-78.50199,42.08932],[-78.50191,42.08934],[-78.50173,42.08942],[-78.50167,42.08964],[-78.50158,42.09001],[-78.50133,42.09148],[-78.50125,42.09169],[-78.50106,42.09201],[-78.50083,42.09234],[-78.50033,42.09297],[-78.49979,42.09365],[-78.49969,42.09379],[-78.49965,42.09388],[-78.49962,42.094],[-78.50004,42.09427],[-78.50032,42.09444],[-78.50056,42.09455],[-78.50075,42.09464],[-78.50092,42.09471],[-78.50196,42.09508],[-78.5052,42.09615],[-78.50654,42.09661],[-78.50872,42.09734],[-78.51648,42.09976],[-78.51851,42.10038],[-78.51848,42.10043],[-78.51851,42.10038],[-78.5197,42.10074],[-78.52012,42.10084],[-78.52103,42.10106],[-78.52178,42.10127],[-78.52303,42.10166],[-78.52579,42.10251],[-78.5297,42.10375],[-78.53202,42.10448],[-78.53431,42.10524],[-78.53766,42.10644],[-78.54229,42.10813],[-78.54302,42.10837],[-78.54321,42.10842],[-78.54346,42.10847],[-78.54363,42.10849],[-78.54403,42.10851],[-78.54429,42.10849],[-78.54457,42.10846],[-78.54667,42.10813],[-78.54711,42.10806],[-78.54747,42.10804],[-78.54937,42.10799],[-78.54986,42.10796],[-78.5503,42.10791],[-78.5508,42.10782],[-78.55128,42.1077],[-78.55162,42.10757],[-78.55197,42.10738],[-78.55259,42.10697],[-78.55471,42.10555],[-78.55529,42.10517],[-78.5558,42.10489],[-78.55662,42.1045],[-78.55735,42.10422],[-78.55768,42.10412],[-78.55802,42.10404],[-78.55826,42.104],[-78.55892,42.10391],[-78.55926,42.10385],[-78.55958,42.10377],[-78.55987,42.10367],[-78.56023,42.10352],[-78.56122,42.10308],[-78.56459,42.10169],[-78.56497,42.10151],[-78.56617,42.10085],[-78.56669,42.10058],[-78.56707,42.1004],[-78.57001,42.09915],[-78.57038,42.09897],[-78.57075,42.09877],[-78.57215,42.09789],[-78.57258,42.09769],[-78.57307,42.09751],[-78.57578,42.09671],[-78.57633,42.09656],[-78.5768,42.09645],[-78.577,42.09642],[-78.58013,42.09599],[-78.58139,42.09584],[-78.58267,42.09565],[-78.58514,42.09533],[-78.58686,42.09507],[-78.58907,42.0947],[-78.5907,42.09438],[-78.59185,42.09416],[-78.59266,42.09402],[-78.59291,42.09399],[-78.59349,42.09393],[-78.59375,42.09392],[-78.5942,42.09391],[-78.59495,42.09392],[-78.59531,42.09395],[-78.59569,42.094],[-78.59615,42.0941],[-78.59659,42.09424],[-78.59732,42.09451],[-78.59824,42.09488],[-78.59863,42.09503],[-78.59895,42.09513],[-78.59948,42.09528],[-78.59973,42.09533],[-78.60034,42.09544],[-78.60089,42.09548],[-78.60128,42.09549],[-78.60208,42.09546],[-78.60227,42.09544],[-78.60309,42.09528],[-78.60481,42.0949],[-78.6055,42.09476],[-78.60566,42.09473],[-78.60621,42.0947],[-78.60667,42.09469],[-78.60691,42.0947],[-78.60715,42.09473],[-78.60743,42.09477],[-78.60779,42.09485],[-78.60811,42.09493],[-78.60877,42.09515],[-78.61011,42.09563],[-78.61036,42.09571],[-78.61062,42.09577],[-78.61101,42.09584],[-78.61151,42.09589],[-78.61174,42.09591],[-78.61213,42.09591],[-78.61252,42.09589],[-78.61352,42.09576],[-78.61376,42.09574],[-78.61401,42.09573],[-78.61487,42.09573],[-78.61542,42.09577],[-78.61697,42.09594],[-78.61713,42.09595],[-78.61936,42.09596],[-78.62021,42.09598],[-78.62089,42.09603],[-78.62189,42.09615],[-78.625,42.09666],[-78.6255,42.09673],[-78.62644,42.09684],[-78.62749,42.09691],[-78.6276,42.09631],[-78.62783,42.09478],[-78.62786,42.09428],[-78.62789,42.09413],[-78.62805,42.09351],[-78.62813,42.09325],[-78.62832,42.09273],[-78.62854,42.0923],[-78.62867,42.09234],[-78.62854,42.0923],[-78.62832,42.09273],[-78.62813,42.09325],[-78.62805,42.09351],[-78.62789,42.09413],[-78.62786,42.09428],[-78.62783,42.09478],[-78.6276,42.09631],[-78.62749,42.09691],[-78.62781,42.09696],[-78.63287,42.09738],[-78.63343,42.09747],[-78.63398,42.0976],[-78.63419,42.09765],[-78.63466,42.09781],[-78.63642,42.09848],[-78.63688,42.09868],[-78.63721,42.09884],[-78.6375,42.099],[-78.63792,42.0993],[-78.63814,42.09947],[-78.63983,42.1009],[-78.64034,42.10131],[-78.6405,42.10146],[-78.64105,42.1019],[-78.64149,42.10222],[-78.642,42.10254],[-78.6424,42.10277],[-78.64326,42.10319],[-78.64415,42.10362],[-78.64469,42.1039],[-78.64535,42.10431],[-78.64569,42.10455],[-78.64629,42.10503],[-78.6482,42.1066],[-78.64994,42.10794],[-78.65024,42.10818],[-78.65043,42.10836],[-78.6506,42.10853],[-78.65088,42.10888],[-78.65102,42.10908],[-78.65127,42.10952],[-78.6514,42.10981],[-78.6515,42.11006],[-78.6516,42.11035],[-78.65171,42.11078],[-78.65178,42.11124],[-78.65182,42.11178],[-78.65181,42.11198],[-78.65173,42.1132],[-78.65173,42.11376],[-78.65176,42.1141],[-78.65184,42.11453],[-78.65203,42.11529],[-78.65249,42.11702],[-78.65284,42.1184],[-78.65331,42.12016],[-78.65377,42.12201],[-78.65395,42.12286],[-78.65406,42.12353],[-78.6547,42.12723],[-78.65476,42.12772],[-78.65477,42.12842],[-78.65474,42.12905],[-78.65472,42.12927],[-78.65463,42.12986],[-78.65371,42.13482],[-78.65349,42.13616],[-78.65348,42.13642],[-78.65353,42.13689],[-78.65356,42.13707],[-78.65375,42.13768],[-78.65411,42.13876],[-78.65442,42.13966],[-78.65534,42.14202],[-78.65571,42.14296],[-78.6559,42.14332],[-78.65599,42.14345],[-78.65625,42.14378],[-78.65654,42.14409],[-78.65682,42.14433],[-78.65709,42.14452],[-78.66025,42.14649],[-78.66299,42.14819],[-78.66346,42.14851],[-78.66389,42.14887],[-78.66411,42.14909],[-78.66433,42.14934],[-78.66626,42.15186],[-78.66657,42.15224],[-78.66676,42.15243],[-78.66695,42.1526],[-78.66724,42.15281],[-78.66775,42.15314],[-78.67019,42.15458],[-78.67239,42.15587],[-78.67279,42.15608],[-78.67304,42.15619],[-78.67333,42.15631],[-78.6736,42.1564],[-78.67418,42.15658],[-78.67763,42.15755],[-78.6814,42.15857],[-78.68633,42.15996],[-78.68661,42.16001],[-78.68678,42.16003],[-78.68691,42.16003],[-78.68713,42.16002],[-78.68722,42.16001],[-78.68753,42.15993],[-78.68773,42.15987],[-78.68811,42.15971],[-78.68837,42.15969],[-78.68906,42.15966],[-78.68949,42.15962],[-78.69045,42.15941],[-78.6924,42.15899],[-78.69507,42.15843],[-78.69525,42.15895],[-78.69552,42.15961],[-78.69594,42.16073],[-78.69599,42.16093],[-78.696,42.16103],[-78.696,42.16139],[-78.69586,42.16228],[-78.69577,42.1628],[-78.69558,42.16358],[-78.69502,42.16537],[-78.69494,42.16559],[-78.69487,42.16574],[-78.69475,42.16593],[-78.69427,42.16653],[-78.69457,42.1666],[-78.69427,42.16653],[-78.69475,42.16593],[-78.69487,42.16574],[-78.69494,42.16559],[-78.69502,42.16537],[-78.69558,42.16358],[-78.69577,42.1628],[-78.69586,42.16228],[-78.696,42.16139],[-78.696,42.16103],[-78.69599,42.16093],[-78.69594,42.16073],[-78.69552,42.15961],[-78.69525,42.15895],[-78.69507,42.15843],[-78.69607,42.15822],[-78.69684,42.15804],[-78.69847,42.15757],[-78.69898,42.15744],[-78.69934,42.15737],[-78.70041,42.15718],[-78.70109,42.15706],[-78.70142,42.15699],[-78.70157,42.15697],[-78.70261,42.15678],[-78.70281,42.15673],[-78.70296,42.15668],[-78.70307,42.15662],[-78.70348,42.15631],[-78.70464,42.15543],[-78.7067,42.15381],[-78.70687,42.15371],[-78.707,42.15367],[-78.70725,42.1536],[-78.70751,42.15357],[-78.70772,42.15357],[-78.70798,42.15362],[-78.70937,42.15394],[-78.71021,42.15411],[-78.71338,42.15462],[-78.7148,42.15486],[-78.7161,42.15506],[-78.71588,42.15568],[-78.71534,42.15565],[-78.71588,42.15568],[-78.71574,42.15608],[-78.71568,42.15629],[-78.71533,42.15735],[-78.71514,42.15788],[-78.71496,42.15782],[-78.71475,42.15776],[-78.71434,42.15767],[-78.71339,42.15752],[-78.71213,42.15732],[-78.71093,42.15717],[-78.7103,42.15714],[-78.71009,42.15713],[-78.70893,42.15696],[-78.7088,42.15722],[-78.70872,42.15735],[-78.70868,42.1574],[-78.70853,42.15748],[-78.70843,42.15758],[-78.70827,42.15785],[-78.70819,42.15798],[-78.70816,42.15801],[-78.70802,42.15807],[-78.70795,42.15808],[-78.70788,42.15808],[-78.70779,42.15807],[-78.70715,42.15789],[-78.70697,42.15781],[-78.70691,42.15777],[-78.70681,42.15766],[-78.70679,42.15758],[-78.70681,42.15746],[-78.70686,42.15735],[-78.70692,42.1573],[-78.70697,42.15727],[-78.70723,42.15721],[-78.70728,42.15718],[-78.70732,42.15713],[-78.70735,42.15707],[-78.70742,42.15673],[-78.71009,42.15713],[-78.7103,42.15714],[-78.71023,42.15729],[-78.70972,42.1582],[-78.70969,42.15828],[-78.70971,42.15837],[-78.70975,42.15843],[-78.70986,42.15849],[-78.71071,42.15873],[-78.71125,42.15889],[-78.7114,42.15891],[-78.71155,42.15887],[-78.71164,42.15878],[-78.71188,42.15828],[-78.71212,42.15832],[-78.71313,42.1585],[-78.71298,42.15899],[-78.71298,42.15906],[-78.71299,42.15909],[-78.71298,42.15906],[-78.71298,42.15899],[-78.71304,42.15881],[-78.71394,42.15897],[-78.71473,42.15915],[-78.71589,42.15942],[-78.7165,42.15958],[-78.7167,42.15919],[-78.71699,42.15862],[-78.71686,42.15856],[-78.71577,42.15812],[-78.71514,42.15788],[-78.71533,42.15735],[-78.71568,42.15629],[-78.71574,42.15608],[-78.71588,42.15568],[-78.71534,42.15565],[-78.71588,42.15568],[-78.7161,42.15506],[-78.72168,42.15594],[-78.72419,42.15634],[-78.7318,42.15758],[-78.73647,42.15836],[-78.73659,42.15799],[-78.73663,42.15779],[-78.73666,42.15722],[-78.73632,42.15716],[-78.73666,42.15722],[-78.73663,42.15779],[-78.73659,42.15799],[-78.73647,42.15836],[-78.73638,42.15858],[-78.73601,42.15989],[-78.7364,42.15995],[-78.73652,42.15949],[-78.7364,42.15995],[-78.73675,42.16001],[-78.73684,42.16003],[-78.7369,42.16007],[-78.73694,42.16015],[-78.73695,42.16021],[-78.73693,42.16033],[-78.7362,42.16306],[-78.73633,42.16307],[-78.73673,42.16307],[-78.73804,42.16299],[-78.73853,42.16294],[-78.73885,42.16289],[-78.73926,42.16281],[-78.739264,42.162809],[-78.73978,42.1627],[-78.74059,42.16252],[-78.74125,42.16233],[-78.74235,42.16194],[-78.74333,42.16156],[-78.74307,42.16109],[-78.74276,42.16054],[-78.74373,42.16022],[-78.74372,42.16017],[-78.74378,42.16007],[-78.74393,42.16005],[-78.74436,42.15992],[-78.74434,42.15988],[-78.74486,42.15971],[-78.74434,42.15988],[-78.74415,42.15934],[-78.74462,42.15929],[-78.74535,42.15917],[-78.74569,42.15909],[-78.74613,42.15897],[-78.74669,42.15878],[-78.74694,42.15868],[-78.74717,42.15857],[-78.74758,42.15836],[-78.74796,42.15816],[-78.74823,42.15832],[-78.74835,42.15836],[-78.74846,42.15837],[-78.74859,42.15837],[-78.74927,42.15831],[-78.74977,42.15828],[-78.75036,42.15828],[-78.75094,42.15831],[-78.75172,42.15842],[-78.75322,42.15868],[-78.75568,42.15912],[-78.75619,42.15919],[-78.75699,42.15927],[-78.75752,42.15929],[-78.75836,42.15928],[-78.7588,42.15925],[-78.75927,42.15921],[-78.75981,42.15912],[-78.75939,42.15727],[-78.75937,42.15698],[-78.75938,42.15684],[-78.75942,42.15666],[-78.75952,42.15642],[-78.75964,42.15623],[-78.75976,42.15609],[-78.75985,42.156],[-78.76008,42.15581],[-78.7602,42.15573],[-78.76038,42.15564],[-78.76057,42.15556],[-78.76095,42.15545],[-78.7611,42.15542],[-78.76137,42.15538],[-78.76326,42.15521],[-78.76351,42.15518],[-78.76367,42.15514],[-78.76383,42.15509],[-78.764,42.15501],[-78.76416,42.15491],[-78.76427,42.15482],[-78.76436,42.15472],[-78.76445,42.15459],[-78.76451,42.15447],[-78.76455,42.15435],[-78.76468,42.15358],[-78.76478,42.15322],[-78.7649,42.15295],[-78.76497,42.15281],[-78.76508,42.15265],[-78.76529,42.15243],[-78.76553,42.1522],[-78.76565,42.15212],[-78.76596,42.15195],[-78.76619,42.15185],[-78.76637,42.15178],[-78.76674,42.15166],[-78.76679,42.15175],[-78.76686,42.15183],[-78.7673,42.15207],[-78.76763,42.15222],[-78.76767,42.1523],[-78.76767,42.15233],[-78.76764,42.15236],[-78.76757,42.15244],[-78.76755,42.15248],[-78.76755,42.15253],[-78.76758,42.15257],[-78.76767,42.15263],[-78.76774,42.15258],[-78.76799,42.15238],[-78.7673,42.15207],[-78.76686,42.15183],[-78.76679,42.15175],[-78.76674,42.15166],[-78.76637,42.15178],[-78.76619,42.15185],[-78.76596,42.15195],[-78.76565,42.15212],[-78.76553,42.1522],[-78.76529,42.15243],[-78.76508,42.15265],[-78.76497,42.15281],[-78.7649,42.15295],[-78.76478,42.15322],[-78.76468,42.15358],[-78.76455,42.15435],[-78.76451,42.15447],[-78.76445,42.15459],[-78.76436,42.15472],[-78.76427,42.15482],[-78.76416,42.15491],[-78.764,42.15501],[-78.76383,42.15509],[-78.76367,42.15514],[-78.76351,42.15518],[-78.76326,42.15521],[-78.76137,42.15538],[-78.7611,42.15542],[-78.76095,42.15545],[-78.76057,42.15556],[-78.76038,42.15564],[-78.7602,42.15573],[-78.76008,42.15581],[-78.75985,42.156],[-78.75976,42.15609],[-78.75964,42.15623],[-78.75952,42.15642],[-78.75942,42.15666],[-78.75938,42.15684],[-78.75937,42.15698],[-78.75939,42.15727],[-78.75981,42.15912],[-78.75927,42.15921],[-78.75903,42.15923],[-78.7588,42.15925],[-78.75836,42.15928],[-78.75752,42.15929],[-78.75699,42.15927],[-78.75701,42.15813],[-78.75699,42.15799],[-78.75694,42.15785],[-78.75689,42.15776],[-78.75673,42.15757],[-78.75663,42.1575],[-78.75647,42.15744],[-78.75631,42.15741],[-78.75614,42.15741],[-78.75485,42.1575],[-78.75614,42.15741],[-78.75631,42.15741],[-78.75647,42.15744],[-78.75663,42.1575],[-78.75673,42.15757],[-78.75689,42.15776],[-78.75694,42.15785],[-78.75699,42.15799],[-78.75701,42.15813],[-78.75699,42.15927],[-78.75619,42.15919],[-78.75568,42.15912],[-78.75384,42.15879],[-78.75397,42.15848],[-78.75408,42.15831],[-78.75414,42.1582],[-78.75419,42.15801],[-78.7542,42.15792],[-78.75418,42.15784],[-78.75404,42.15763],[-78.75385,42.15748],[-78.75357,42.15738],[-78.75276,42.15716],[-78.75251,42.15706],[-78.75246,42.15702],[-78.75242,42.15698],[-78.75237,42.15657],[-78.75234,42.15609],[-78.75229,42.156],[-78.75241,42.15592],[-78.75252,42.15586],[-78.75262,42.15583],[-78.75274,42.15582],[-78.75287,42.15583],[-78.75313,42.15588],[-78.75339,42.1559],[-78.75351,42.15598],[-78.75376,42.1563],[-78.75375,42.15632],[-78.75374,42.15635],[-78.75374,42.15638],[-78.75378,42.15642],[-78.75384,42.15644],[-78.75378,42.15642],[-78.75374,42.15638],[-78.75374,42.15635],[-78.75375,42.15632],[-78.75376,42.1563],[-78.75351,42.15598],[-78.75339,42.1559],[-78.75313,42.15588],[-78.75287,42.15583],[-78.75274,42.15582],[-78.75262,42.15583],[-78.75252,42.15586],[-78.75241,42.15592],[-78.75229,42.156],[-78.7522,42.15593],[-78.75199,42.15584],[-78.75176,42.1558],[-78.75147,42.15581],[-78.75131,42.15584],[-78.75109,42.15592],[-78.75102,42.15595],[-78.75092,42.15602],[-78.75067,42.15624],[-78.75009,42.15683],[-78.74978,42.15669],[-78.75014,42.15621],[-78.75057,42.15558],[-78.75071,42.15536],[-78.75164,42.15361],[-78.75174,42.15334],[-78.75211,42.1526],[-78.75219,42.15238],[-78.75221,42.15221],[-78.75217,42.15186],[-78.75186,42.15192],[-78.75173,42.15196],[-78.75162,42.15203],[-78.75139,42.15218],[-78.75122,42.15227],[-78.75091,42.15223],[-78.75072,42.15224],[-78.75048,42.1523],[-78.75005,42.15244]]}},{"type":"Feature","properties":{"agency":"Olean Area Transit System","shape_id":"6p4q"},"geometry":{"type":"LineString","coordinates":[[-78.44833,42.08213],[-78.4482,42.08207],[-78.4482,42.08141],[-78.44817,42.07984],[-78.447604,42.07984],[-78.4476,42.07984],[-78.44585,42.07985],[-78.44583,42.07908],[-78.44583,42.079076],[-78.4458,42.07739],[-78.44396,42.07739],[-78.43521,42.07746],[-78.43388,42.07746],[-78.43249,42.07747],[-78.43248,42.07627],[-78.43251,42.07532],[-78.43251,42.07506],[-78.4325,42.07464],[-78.4313,42.07465],[-78.43028,42.07464],[-78.43006,42.07465],[-78.42983,42.07469],[-78.42982,42.0722],[-78.42985,42.07137],[-78.43,42.06983],[-78.43004,42.06963],[-78.43009,42.06951],[-78.43024,42.06929],[-78.43086,42.06867],[-78.43131,42.0682],[-78.43265,42.06666],[-78.4332,42.06606],[-78.43339,42.06592],[-78.43358,42.0658],[-78.43391,42.06563],[-78.43456,42.06539],[-78.43515,42.06519],[-78.43569,42.06499],[-78.43625,42.06473],[-78.43658,42.06456],[-78.43703,42.06429],[-78.4371,42.06437],[-78.43714,42.06446],[-78.43716,42.06454],[-78.43715,42.0649],[-78.43783,42.06489],[-78.43783,42.06535],[-78.43783,42.06616],[-78.43783,42.06619],[-78.4378,42.06624],[-78.43777,42.06626],[-78.43714,42.06628],[-78.43716,42.06454],[-78.43714,42.06446],[-78.4371,42.06437],[-78.43703,42.06429],[-78.43658,42.06456],[-78.43625,42.06473],[-78.43569,42.06499],[-78.43515,42.06519],[-78.43456,42.06539],[-78.43391,42.06563],[-78.43358,42.0658],[-78.43339,42.06592],[-78.4332,42.06606],[-78.43265,42.06666],[-78.43131,42.0682],[-78.43086,42.06867],[-78.43024,42.06929],[-78.43009,42.06951],[-78.43004,42.06963],[-78.43,42.06983],[-78.42985,42.07137],[-78.42984,42.07168],[-78.42982,42.0722],[-78.42983,42.07339],[-78.42982,42.07339],[-78.42983,42.07339],[-78.42983,42.07469],[-78.42982,42.07556],[-78.42985,42.07716],[-78.42984,42.07727],[-78.42979,42.07737],[-78.42976,42.07738],[-78.4297,42.07741],[-78.42968,42.07743],[-78.42966,42.07748],[-78.4284,42.07758],[-78.42788,42.07761],[-78.42679,42.07762],[-78.42492,42.07762],[-78.42445,42.07764],[-78.4228,42.07782],[-78.42036,42.07812],[-78.42009,42.07812],[-78.42009,42.07829],[-78.42019,42.08002],[-78.41733,42.07962],[-78.41688,42.07954],[-78.41618,42.07939],[-78.41556,42.07922],[-78.41511,42.07908],[-78.41509,42.07915],[-78.41488,42.07963],[-78.41509,42.07915],[-78.41511,42.07908],[-78.41556,42.07922],[-78.41618,42.07939],[-78.41688,42.07954],[-78.41733,42.07962],[-78.42019,42.08002],[-78.42023,42.08058],[-78.42031,42.08079],[-78.42038,42.08092],[-78.42049,42.08111],[-78.42175,42.08287],[-78.42212,42.08337],[-78.4236,42.08511],[-78.42497,42.08689],[-78.42549,42.08749],[-78.42558,42.08757],[-78.42595,42.08785],[-78.42635,42.0881],[-78.42738,42.08856],[-78.42606,42.09148],[-78.42618,42.09153],[-78.42606,42.09148],[-78.42738,42.08856],[-78.42743,42.08841],[-78.42791,42.08735],[-78.42799,42.08725],[-78.42808,42.08718],[-78.42803,42.08714],[-78.42796,42.08706],[-78.42794,42.08702],[-78.42792,42.0869],[-78.42793,42.08601],[-78.42791,42.0842],[-78.42901,42.08419],[-78.42989,42.08419],[-78.42989,42.085],[-78.42988,42.08509],[-78.42984,42.08511],[-78.42981,42.08514],[-78.42978,42.08517],[-78.42978,42.08521],[-78.42978,42.08524],[-78.4298,42.08527],[-78.42984,42.0853],[-78.42988,42.08532],[-78.42992,42.08533],[-78.42997,42.08532],[-78.43001,42.08531],[-78.43004,42.0853],[-78.43009,42.08525],[-78.43037,42.08521],[-78.4314,42.0852],[-78.43141,42.08564],[-78.43143,42.08776],[-78.43159,42.08787],[-78.4317,42.08795],[-78.43188,42.08813],[-78.43197,42.08825],[-78.43349,42.09038],[-78.43418,42.09138],[-78.43449,42.09179],[-78.43446,42.09181],[-78.43628,42.09094],[-78.43606,42.09068],[-78.43597,42.09055],[-78.43591,42.09036],[-78.43585,42.09004],[-78.435849,42.090035],[-78.43549,42.08805],[-78.43528,42.08679],[-78.43524,42.08568],[-78.43524,42.08517],[-78.44231,42.08513],[-78.44478,42.08513],[-78.44509,42.08515],[-78.44528,42.08517],[-78.4456,42.08526],[-78.44573,42.0853],[-78.44586,42.08537],[-78.44611,42.0855],[-78.44745,42.08638],[-78.44769,42.08617],[-78.4481,42.08585],[-78.44894,42.08514],[-78.44913,42.08495],[-78.44928,42.08476],[-78.44961,42.08427],[-78.44985,42.08397],[-78.45011,42.08372],[-78.45046,42.08349],[-78.45066,42.08338],[-78.45082,42.08332],[-78.45109,42.08322],[-78.45129,42.08317],[-78.45168,42.08312],[-78.45179,42.08311],[-78.4538,42.08299],[-78.45562,42.0829],[-78.456,42.0829],[-78.45629,42.08293],[-78.45675,42.08303],[-78.45774,42.08328],[-78.45818,42.08334],[-78.46,42.08343],[-78.46035,42.08342],[-78.46065,42.08338],[-78.46269,42.08309],[-78.46291,42.08308],[-78.46322,42.08309],[-78.46347,42.08312],[-78.4645,42.08337],[-78.46487,42.08345],[-78.46522,42.08349],[-78.4657,42.08351],[-78.46608,42.08349],[-78.46734,42.08337],[-78.46974,42.0831],[-78.47041,42.08304],[-78.47105,42.083],[-78.47335,42.08302],[-78.47415,42.08299],[-78.47441,42.08297],[-78.47471,42.08294],[-78.4751,42.08287],[-78.47547,42.08275],[-78.47585,42.0826],[-78.47617,42.08243],[-78.47648,42.08222],[-78.47699,42.08182],[-78.4779,42.08108],[-78.47869,42.08046],[-78.477905,42.079914],[-78.4779,42.07991],[-78.47698,42.0793],[-78.47516,42.07818],[-78.47474,42.07794],[-78.4744,42.07778],[-78.47398,42.07759],[-78.47344,42.0774],[-78.47274,42.07722],[-78.47237,42.07714],[-78.47201,42.07708],[-78.47176,42.07705],[-78.47109,42.07699],[-78.46842,42.07677],[-78.46843,42.0771],[-78.46843,42.07721],[-78.46839,42.07736],[-78.4682,42.07776],[-78.46819,42.07784],[-78.46822,42.07791],[-78.46825,42.07794],[-78.4683,42.07797],[-78.46852,42.07807],[-78.46853,42.0798],[-78.46851,42.07982],[-78.46745,42.07983],[-78.46646,42.07983],[-78.46646,42.07927],[-78.46647,42.07922],[-78.46649,42.07919],[-78.46652,42.07915],[-78.46655,42.07913],[-78.46684,42.079],[-78.46687,42.07895],[-78.46686,42.07814],[-78.46686,42.078137],[-78.46684,42.07678],[-78.46487,42.0769],[-78.46347,42.07701],[-78.46325,42.07701],[-78.46319,42.07693],[-78.46318,42.07557],[-78.46317,42.0745],[-78.46314,42.07448],[-78.46307,42.07448],[-78.46153,42.07448],[-78.4615,42.07448],[-78.46149,42.0745],[-78.46148,42.07536],[-78.46148,42.07536],[-78.46148,42.07559],[-78.46156,42.07557],[-78.4616,42.07556],[-78.46244,42.07557],[-78.46244,42.07557],[-78.46318,42.07557],[-78.46319,42.07693],[-78.46325,42.07701],[-78.46134,42.07701],[-78.46056,42.07702],[-78.45932,42.07707],[-78.45933,42.07694],[-78.45931,42.07566],[-78.45933,42.07694],[-78.45932,42.07707],[-78.45822,42.0771],[-78.45728,42.07715],[-78.45438,42.07726],[-78.45251,42.07731],[-78.45154,42.07732],[-78.45099,42.07734],[-78.44927,42.07736],[-78.44698,42.07738],[-78.44396,42.07739],[-78.43521,42.07746],[-78.43388,42.07746],[-78.43144,42.07748],[-78.4303,42.07747],[-78.43015,42.07745],[-78.42998,42.07746],[-78.42996,42.07743],[-78.42991,42.07739],[-78.42985,42.07737],[-78.42979,42.07737],[-78.42976,42.07738],[-78.4297,42.07741],[-78.42968,42.07743],[-78.42966,42.07748],[-78.42967,42.07754],[-78.42969,42.07756],[-78.42972,42.07759],[-78.42976,42.0776],[-78.42982,42.07769],[-78.42985,42.08003],[-78.42985,42.08127],[-78.42984,42.08138],[-78.42979,42.08141],[-78.42976,42.08145],[-78.42975,42.08147],[-78.42975,42.08153],[-78.42979,42.08158],[-78.42985,42.08161],[-78.42987,42.08172],[-78.42987,42.08281],[-78.42986,42.08292],[-78.4298,42.08295],[-78.42976,42.083],[-78.42977,42.08306],[-78.42979,42.0831],[-78.42982,42.08312],[-78.42986,42.08314],[-78.42988,42.08325],[-78.42989,42.08419],[-78.42901,42.08419],[-78.42791,42.0842]]}},{"type":"Feature","properties":{"agency":"Olean Area Transit System","shape_id":"8off"},"geometry":{"type":"LineString","coordinates":[[-78.75005,42.15244],[-78.74966,42.15257],[-78.74962,42.15265],[-78.74961,42.15274],[-78.74966,42.15285],[-78.7499,42.15279],[-78.75035,42.15265],[-78.75072,42.15252],[-78.751,42.1524],[-78.75139,42.15218],[-78.75162,42.15203],[-78.75173,42.15196],[-78.75186,42.15192],[-78.75217,42.15186],[-78.75221,42.15221],[-78.75219,42.15238],[-78.75211,42.1526],[-78.75174,42.15334],[-78.75164,42.15361],[-78.75071,42.15536],[-78.75057,42.15558],[-78.75014,42.15621],[-78.74978,42.15669],[-78.74887,42.15748],[-78.74816,42.15803],[-78.74796,42.15816],[-78.74758,42.15836],[-78.74717,42.15857],[-78.74694,42.15868],[-78.74669,42.15878],[-78.74613,42.15897],[-78.74569,42.15909],[-78.74547,42.15914],[-78.74492,42.15924],[-78.74481,42.15887],[-78.74482,42.15887],[-78.74492,42.15924],[-78.74462,42.15929],[-78.74415,42.15934],[-78.74434,42.15988],[-78.744858,42.159711],[-78.74486,42.15971],[-78.745226,42.159591],[-78.74523,42.15959],[-78.74534,42.15956],[-78.74554,42.1599],[-78.74574,42.15981],[-78.74562,42.15949],[-78.74557,42.15937],[-78.74555,42.15927],[-78.74547,42.15914],[-78.74492,42.15924],[-78.74481,42.158871],[-78.74492,42.15924],[-78.74535,42.15917],[-78.74569,42.15909],[-78.74613,42.15897],[-78.74669,42.15878],[-78.74694,42.15868],[-78.74717,42.15857],[-78.74758,42.15836],[-78.74796,42.15816],[-78.74823,42.15832],[-78.74835,42.15836],[-78.74846,42.15837],[-78.74859,42.15837],[-78.74927,42.15831],[-78.74977,42.15828],[-78.75036,42.15828],[-78.75094,42.15831],[-78.75172,42.15842],[-78.75322,42.15868],[-78.75568,42.15912],[-78.75619,42.15919],[-78.75699,42.15927],[-78.75752,42.15929],[-78.75836,42.15928],[-78.7588,42.15925],[-78.75903,42.15923],[-78.75927,42.15921],[-78.75981,42.15912],[-78.75939,42.15727],[-78.75937,42.15698],[-78.75938,42.15684],[-78.75942,42.15666],[-78.75952,42.15642],[-78.75964,42.15623],[-78.75976,42.15609],[-78.75985,42.156],[-78.76008,42.15581],[-78.7602,42.15573],[-78.76038,42.15564],[-78.76057,42.15556],[-78.76095,42.15545],[-78.7611,42.15542],[-78.76137,42.15538],[-78.76326,42.15521],[-78.76351,42.15518],[-78.76367,42.15514],[-78.76383,42.15509],[-78.764,42.15501],[-78.76416,42.15491],[-78.76427,42.15482],[-78.76436,42.15472],[-78.76445,42.15459],[-78.76451,42.15447],[-78.76455,42.15435],[-78.76468,42.15358],[-78.76478,42.15322],[-78.7649,42.15295],[-78.76497,42.15281],[-78.76508,42.15265],[-78.76529,42.15243],[-78.76553,42.1522],[-78.76565,42.15212],[-78.76596,42.15195],[-78.76619,42.15185],[-78.76637,42.15178],[-78.76674,42.15166],[-78.76679,42.15175],[-78.76686,42.15183],[-78.7673,42.15207],[-78.76799,42.15238],[-78.76774,42.15258],[-78.76767,42.15263],[-78.76758,42.15257],[-78.76755,42.15253],[-78.76755,42.15248],[-78.76757,42.15244],[-78.76764,42.15236],[-78.76767,42.15233],[-78.76767,42.1523],[-78.76763,42.15222],[-78.7673,42.15207],[-78.76686,42.15183],[-78.76679,42.15175],[-78.76674,42.15166],[-78.76637,42.15178],[-78.76619,42.15185],[-78.76596,42.15195],[-78.76565,42.15212],[-78.76553,42.1522],[-78.76529,42.15243],[-78.76508,42.15265],[-78.76497,42.15281],[-78.7649,42.15295],[-78.76478,42.15322],[-78.76468,42.15358],[-78.76455,42.15435],[-78.76451,42.15447],[-78.76445,42.15459],[-78.76436,42.15472],[-78.76427,42.15482],[-78.76416,42.15491],[-78.764,42.15501],[-78.76383,42.15509],[-78.76367,42.15514],[-78.76351,42.15518],[-78.76326,42.15521],[-78.76137,42.15538],[-78.7611,42.15542],[-78.76095,42.15545],[-78.76057,42.15556],[-78.76038,42.15564],[-78.7602,42.15573],[-78.76008,42.15581],[-78.75985,42.156],[-78.75976,42.15609],[-78.75964,42.15623],[-78.75952,42.15642],[-78.75942,42.15666],[-78.75938,42.15684],[-78.75937,42.15698],[-78.75939,42.15727],[-78.75981,42.15912],[-78.75927,42.15921],[-78.7588,42.15925],[-78.75836,42.15928],[-78.75752,42.15929],[-78.75699,42.15927],[-78.75619,42.15919],[-78.75568,42.15912],[-78.75322,42.15868],[-78.75172,42.15842],[-78.75094,42.15831],[-78.75036,42.15828],[-78.74977,42.15828],[-78.74927,42.15831],[-78.74859,42.15837],[-78.74846,42.15837],[-78.74835,42.15836],[-78.74823,42.15832],[-78.74796,42.15816],[-78.74758,42.15836],[-78.74717,42.15857],[-78.74694,42.15868],[-78.74669,42.15878],[-78.74613,42.15897],[-78.74569,42.15909],[-78.74535,42.15917],[-78.74462,42.15929],[-78.74415,42.15934],[-78.74434,42.15988],[-78.74486,42.15971],[-78.74434,42.15988],[-78.74436,42.15992],[-78.74393,42.16005],[-78.74378,42.16007],[-78.74372,42.16017],[-78.74373,42.16022],[-78.74276,42.16054],[-78.74307,42.16109],[-78.74254,42.16013],[-78.74209,42.15929],[-78.73963,42.15887],[-78.73659,42.15837],[-78.73614,42.15991],[-78.7364,42.15995],[-78.73652,42.15949],[-78.7364,42.15995],[-78.73601,42.15989],[-78.73638,42.15858],[-78.73647,42.15836],[-78.73659,42.15799],[-78.73663,42.15779],[-78.73666,42.15722],[-78.73632,42.15716],[-78.73666,42.15722],[-78.73663,42.15779],[-78.73659,42.15799],[-78.73647,42.15836],[-78.7318,42.15758],[-78.72419,42.15634],[-78.72168,42.15594],[-78.7161,42.15506],[-78.71588,42.15568],[-78.71534,42.15565],[-78.71588,42.15568],[-78.71574,42.15608],[-78.71568,42.15629],[-78.71533,42.15735],[-78.71514,42.15788],[-78.71577,42.15812],[-78.71686,42.15856],[-78.71699,42.15862],[-78.7167,42.15919],[-78.7165,42.15958],[-78.71589,42.15942],[-78.71473,42.15915],[-78.71394,42.15897],[-78.71304,42.15881],[-78.71298,42.15899],[-78.71298,42.15906],[-78.71299,42.15909],[-78.71298,42.15906],[-78.71298,42.15899],[-78.71313,42.1585],[-78.71212,42.15832],[-78.71188,42.15828],[-78.71164,42.15878],[-78.71155,42.15887],[-78.7114,42.15891],[-78.71125,42.15889],[-78.71071,42.15873],[-78.70986,42.15849],[-78.70975,42.15843],[-78.70971,42.15837],[-78.70969,42.15828],[-78.70972,42.1582],[-78.71023,42.15729],[-78.7103,42.15714],[-78.71009,42.15713],[-78.70893,42.15696],[-78.7088,42.15722],[-78.70872,42.15735],[-78.70868,42.1574],[-78.70853,42.15748],[-78.70843,42.15758],[-78.70827,42.15785],[-78.70843,42.15758],[-78.70853,42.15748],[-78.70868,42.1574],[-78.70872,42.15735],[-78.7088,42.15722],[-78.70893,42.15696],[-78.71009,42.15713],[-78.7103,42.15714],[-78.71093,42.15717],[-78.71213,42.15732],[-78.71339,42.15752],[-78.71434,42.15767],[-78.71475,42.15776],[-78.71496,42.15782],[-78.71514,42.15788],[-78.71533,42.15735],[-78.71568,42.15629],[-78.71574,42.15608],[-78.71588,42.15568],[-78.71534,42.15565],[-78.71588,42.15568],[-78.7161,42.15506],[-78.7148,42.15486],[-78.71338,42.15462],[-78.71021,42.15411],[-78.70937,42.15394],[-78.70798,42.15362],[-78.70772,42.15357],[-78.70751,42.15357],[-78.70725,42.1536],[-78.707,42.15367],[-78.70687,42.15371],[-78.7067,42.15381],[-78.70464,42.15543],[-78.70348,42.15631],[-78.70307,42.15662],[-78.70296,42.15668],[-78.70281,42.15673],[-78.70261,42.15678],[-78.70157,42.15697],[-78.70142,42.15699],[-78.70109,42.15706],[-78.70041,42.15718],[-78.69934,42.15737],[-78.69898,42.15744],[-78.69847,42.15757],[-78.69684,42.15804],[-78.69607,42.15822],[-78.69507,42.15843],[-78.69525,42.15895],[-78.69552,42.15961],[-78.69594,42.16073],[-78.69599,42.16093],[-78.696,42.16103],[-78.696,42.16139],[-78.69586,42.16228],[-78.69577,42.1628],[-78.69558,42.16358],[-78.69502,42.16537],[-78.69494,42.16559],[-78.69487,42.16574],[-78.69479,42.16616],[-78.69473,42.16632],[-78.6946,42.16661],[-78.69457,42.1666],[-78.69427,42.16653],[-78.69475,42.16593],[-78.69487,42.16574],[-78.69494,42.16559],[-78.69502,42.16537],[-78.69558,42.16358],[-78.69577,42.1628],[-78.69586,42.16228],[-78.696,42.16139],[-78.696,42.16103],[-78.69449,42.16087],[-78.69086,42.16054],[-78.69045,42.15941],[-78.68949,42.15962],[-78.68906,42.15966],[-78.68837,42.15969],[-78.68811,42.15971],[-78.68773,42.15987],[-78.68753,42.15993],[-78.68722,42.16001],[-78.68713,42.16002],[-78.68678,42.16003],[-78.68661,42.16001],[-78.68633,42.15996],[-78.6814,42.15857],[-78.67763,42.15755],[-78.67418,42.15658],[-78.6736,42.1564],[-78.67333,42.15631],[-78.67304,42.15619],[-78.67279,42.15608],[-78.67239,42.15587],[-78.67019,42.15458],[-78.66775,42.15314],[-78.66724,42.15281],[-78.66695,42.1526],[-78.66676,42.15243],[-78.66657,42.15224],[-78.66626,42.15186],[-78.66433,42.14934],[-78.66411,42.14909],[-78.66389,42.14887],[-78.66346,42.14851],[-78.66299,42.14819],[-78.66016,42.14643],[-78.65958,42.14678],[-78.65873,42.14727],[-78.65819,42.14763],[-78.65625,42.14884],[-78.65611,42.14893],[-78.65592,42.149],[-78.65567,42.14907],[-78.6552,42.14911],[-78.65315,42.14925],[-78.65275,42.14929],[-78.65238,42.14937],[-78.65182,42.14957],[-78.65074,42.14998],[-78.64837,42.1508],[-78.64784,42.15096],[-78.64762,42.151],[-78.64649,42.15117],[-78.64518,42.15133],[-78.64649,42.15117],[-78.64762,42.151],[-78.64784,42.15096],[-78.64837,42.1508],[-78.65074,42.14998],[-78.65182,42.14957],[-78.65238,42.14937],[-78.65275,42.14929],[-78.65315,42.14925],[-78.6552,42.14911],[-78.65567,42.14907],[-78.65592,42.149],[-78.65611,42.14893],[-78.65625,42.14884],[-78.65819,42.14763],[-78.65873,42.14727],[-78.65958,42.14678],[-78.66016,42.14643],[-78.65709,42.14452],[-78.65682,42.14433],[-78.65654,42.14409],[-78.65625,42.14378],[-78.65599,42.14345],[-78.6559,42.14332],[-78.65571,42.14296],[-78.65534,42.14202],[-78.65442,42.13966],[-78.65411,42.13876],[-78.65375,42.13768],[-78.65356,42.13707],[-78.65353,42.13689],[-78.65348,42.13642],[-78.65349,42.13616],[-78.65371,42.13482],[-78.65463,42.12986],[-78.65472,42.12927],[-78.65474,42.12905],[-78.65477,42.12842],[-78.65476,42.12772],[-78.6547,42.12723],[-78.65465,42.12695],[-78.65392,42.12272],[-78.65377,42.12201],[-78.65331,42.12016],[-78.65284,42.1184],[-78.65248,42.11701],[-78.65203,42.11532],[-78.65184,42.11453],[-78.65176,42.1141],[-78.65173,42.11376],[-78.65174,42.11335],[-78.65172,42.11319],[-78.65181,42.11198],[-78.65182,42.11178],[-78.65178,42.11124],[-78.65171,42.11078],[-78.6516,42.11035],[-78.6515,42.11006],[-78.6514,42.10981],[-78.65127,42.10952],[-78.65102,42.10908],[-78.65088,42.10888],[-78.6506,42.10853],[-78.65043,42.10836],[-78.65024,42.10818],[-78.64994,42.10794],[-78.6482,42.1066],[-78.64629,42.10503],[-78.64569,42.10455],[-78.64535,42.10431],[-78.64469,42.1039],[-78.64415,42.10362],[-78.64326,42.10319],[-78.6424,42.10277],[-78.642,42.10254],[-78.64149,42.10222],[-78.64105,42.1019],[-78.6405,42.10146],[-78.64034,42.10131],[-78.63983,42.1009],[-78.63814,42.09947],[-78.63792,42.0993],[-78.6375,42.099],[-78.63721,42.09884],[-78.63688,42.09868],[-78.63642,42.09848],[-78.63466,42.09781],[-78.63419,42.09765],[-78.63398,42.0976],[-78.63343,42.09747],[-78.63287,42.09738],[-78.62781,42.09696],[-78.62749,42.09691],[-78.6276,42.09631],[-78.62783,42.09478],[-78.62786,42.09428],[-78.62789,42.09413],[-78.62805,42.09351],[-78.62813,42.09325],[-78.62832,42.09273],[-78.62854,42.0923],[-78.62867,42.09234],[-78.62854,42.0923],[-78.62832,42.09273],[-78.62813,42.09325],[-78.62805,42.09351],[-78.62789,42.09413],[-78.62786,42.09428],[-78.62783,42.09478],[-78.6276,42.09631],[-78.62749,42.09691],[-78.62644,42.09684],[-78.6255,42.09673],[-78.625,42.09666],[-78.62189,42.09615],[-78.62089,42.09603],[-78.62021,42.09598],[-78.61936,42.09596],[-78.61713,42.09595],[-78.61697,42.09594],[-78.61542,42.09577],[-78.61487,42.09573],[-78.61401,42.09573],[-78.61376,42.09574],[-78.61352,42.09576],[-78.61252,42.09589],[-78.61213,42.09591],[-78.61174,42.09591],[-78.61151,42.09589],[-78.61101,42.09584],[-78.61062,42.09577],[-78.61036,42.09571],[-78.61011,42.09563],[-78.60877,42.09515],[-78.60811,42.09493],[-78.60779,42.09485],[-78.60743,42.09477],[-78.60715,42.09473],[-78.60691,42.0947],[-78.60667,42.09469],[-78.60621,42.0947],[-78.60566,42.09473],[-78.6055,42.09476],[-78.60481,42.0949],[-78.60309,42.09528],[-78.60227,42.09544],[-78.60208,42.09546],[-78.60128,42.09549],[-78.60089,42.09548],[-78.60034,42.09544],[-78.59973,42.09533],[-78.59948,42.09528],[-78.59895,42.09513],[-78.59863,42.09503],[-78.59824,42.09488],[-78.59732,42.09451],[-78.59659,42.09424],[-78.59615,42.0941],[-78.59569,42.094],[-78.59531,42.09395],[-78.59495,42.09392],[-78.5942,42.09391],[-78.59375,42.09392],[-78.59349,42.09393],[-78.59291,42.09399],[-78.59266,42.09402],[-78.59185,42.09416],[-78.5907,42.09438],[-78.58907,42.0947],[-78.58686,42.09507],[-78.58514,42.09533],[-78.58267,42.09565],[-78.58139,42.09584],[-78.57976,42.09604],[-78.57975,42.09623],[-78.57976,42.09604],[-78.577,42.09642],[-78.5768,42.09645],[-78.57633,42.09656],[-78.57578,42.09671],[-78.57307,42.09751],[-78.57258,42.09769],[-78.57215,42.09789],[-78.57075,42.09877],[-78.57038,42.09897],[-78.57001,42.09915],[-78.56707,42.1004],[-78.56669,42.10058],[-78.56617,42.10085],[-78.56497,42.10151],[-78.56459,42.10169],[-78.56122,42.10308],[-78.56023,42.10352],[-78.55987,42.10367],[-78.55958,42.10377],[-78.55926,42.10385],[-78.55892,42.10391],[-78.55826,42.104],[-78.55802,42.10404],[-78.55768,42.10412],[-78.55735,42.10422],[-78.55662,42.1045],[-78.5558,42.10489],[-78.55529,42.10517],[-78.55471,42.10555],[-78.55259,42.10697],[-78.55197,42.10738],[-78.55162,42.10757],[-78.55128,42.1077],[-78.5508,42.10782],[-78.5503,42.10791],[-78.54986,42.10796],[-78.54937,42.10799],[-78.54747,42.10804],[-78.54711,42.10806],[-78.54667,42.10813],[-78.54457,42.10846],[-78.54429,42.10849],[-78.54403,42.10851],[-78.54363,42.10849],[-78.54346,42.10847],[-78.54321,42.10842],[-78.54302,42.10837],[-78.54229,42.10813],[-78.53766,42.10644],[-78.53431,42.10524],[-78.53202,42.10448],[-78.5297,42.10375],[-78.52579,42.10251],[-78.52303,42.10166],[-78.52178,42.10127],[-78.52103,42.10106],[-78.52025,42.10088],[-78.5197,42.10074],[-78.51648,42.09976],[-78.50872,42.09734],[-78.50654,42.09661],[-78.5052,42.09615],[-78.50196,42.09508],[-78.50075,42.09464],[-78.50051,42.09454],[-78.50032,42.09444],[-78.50004,42.09427],[-78.49962,42.094],[-78.49912,42.09366],[-78.4983,42.09308],[-78.49791,42.09278],[-78.49535,42.09065],[-78.49535,42.09158],[-78.49587,42.09123],[-78.49597,42.09117],[-78.49535,42.09065],[-78.49506,42.09043],[-78.49445,42.09004],[-78.4944,42.09001],[-78.49285,42.08905],[-78.49126,42.08805],[-78.4883,42.08622],[-78.48574,42.08468],[-78.4849,42.08419],[-78.48335,42.08333],[-78.48157,42.08237],[-78.48117,42.08213],[-78.48034,42.08158],[-78.47807,42.08003],[-78.47698,42.0793],[-78.47516,42.07818],[-78.47474,42.07794],[-78.4744,42.07778],[-78.47398,42.07759],[-78.47344,42.0774],[-78.47274,42.07722],[-78.47237,42.07714],[-78.47201,42.07708],[-78.47176,42.07705],[-78.46953,42.07686],[-78.46842,42.07677],[-78.46843,42.0771],[-78.46843,42.07721],[-78.46839,42.07736],[-78.4682,42.07776],[-78.46819,42.07784],[-78.46822,42.07791],[-78.46825,42.07794],[-78.4683,42.07797],[-78.46852,42.07807],[-78.46853,42.0798],[-78.46851,42.07982],[-78.46772,42.07982],[-78.46646,42.07983],[-78.46649,42.08104],[-78.46687,42.08104],[-78.46694,42.08107],[-78.46698,42.08111],[-78.46707,42.0812],[-78.4673,42.0816],[-78.46731,42.08165],[-78.46733,42.08178],[-78.46734,42.08232],[-78.46734,42.08337],[-78.46608,42.08349],[-78.4657,42.08351],[-78.46522,42.08349],[-78.46487,42.08345],[-78.4645,42.08337],[-78.46347,42.08312],[-78.46322,42.08309],[-78.46291,42.08308],[-78.46269,42.08309],[-78.46065,42.08338],[-78.46035,42.08342],[-78.46,42.08343],[-78.45833,42.08335],[-78.45818,42.08334],[-78.45802,42.08332],[-78.45774,42.08328],[-78.45675,42.08303],[-78.45629,42.08293],[-78.45617,42.08292],[-78.456,42.0829],[-78.45562,42.0829],[-78.4538,42.08299],[-78.45179,42.08311],[-78.45168,42.08312],[-78.45129,42.08317],[-78.45109,42.08322],[-78.45082,42.08332],[-78.45066,42.08338],[-78.45046,42.08349],[-78.45011,42.08372],[-78.44985,42.08397],[-78.44961,42.08427],[-78.44928,42.08476],[-78.44913,42.08495],[-78.44894,42.08514],[-78.4481,42.08585],[-78.44769,42.08617],[-78.44745,42.08638],[-78.44611,42.0855],[-78.44586,42.08537],[-78.44573,42.0853],[-78.4456,42.08526],[-78.44528,42.08517],[-78.44509,42.08515],[-78.44478,42.08513],[-78.4447,42.08325],[-78.44466,42.08142],[-78.44465,42.07986],[-78.44462,42.07818],[-78.44462,42.07739],[-78.43756,42.07744],[-78.43388,42.07746],[-78.43144,42.07748],[-78.43145,42.07908],[-78.43129,42.07908],[-78.43122,42.07904],[-78.43119,42.07882],[-78.43077,42.07882],[-78.43072,42.07893],[-78.43057,42.07897],[-78.43072,42.07893],[-78.43077,42.07882],[-78.43119,42.07882],[-78.43122,42.07904],[-78.43129,42.07908],[-78.43145,42.07908],[-78.43144,42.07748],[-78.43063,42.07748],[-78.430628,42.07748],[-78.43027,42.07747],[-78.43015,42.07749],[-78.42998,42.07753],[-78.42995,42.07756],[-78.42992,42.07758],[-78.42988,42.0776],[-78.42991,42.07769],[-78.42993,42.07948],[-78.42996,42.08127],[-78.42998,42.08138],[-78.43002,42.0814],[-78.43005,42.08143],[-78.43007,42.08146],[-78.43007,42.08152],[-78.43003,42.08157],[-78.42997,42.08161],[-78.42996,42.08172],[-78.42997,42.08281],[-78.42999,42.08292],[-78.43002,42.08294],[-78.43005,42.08296],[-78.43008,42.08301],[-78.43008,42.08306],[-78.43006,42.08309],[-78.43003,42.08312],[-78.42999,42.08314],[-78.42995,42.08315],[-78.42991,42.08315],[-78.42986,42.08314],[-78.42982,42.08312],[-78.42979,42.0831],[-78.42977,42.08306],[-78.42939,42.08307],[-78.42926,42.08308],[-78.42888,42.08326],[-78.42885,42.08326],[-78.42881,42.08324],[-78.42892,42.08336],[-78.42893,42.08339],[-78.42892,42.08342],[-78.42887,42.08346],[-78.42831,42.08376],[-78.42824,42.08378],[-78.42815,42.0838],[-78.42791,42.08392],[-78.42791,42.0842],[-78.42901,42.08419],[-78.42989,42.08419],[-78.42988,42.08325],[-78.42986,42.08314],[-78.42982,42.08312],[-78.42979,42.0831],[-78.42977,42.08306],[-78.42976,42.083],[-78.4298,42.08295],[-78.42986,42.08292],[-78.42987,42.08281],[-78.42987,42.08172],[-78.42985,42.08161],[-78.42979,42.08158],[-78.42975,42.08153],[-78.42975,42.08147],[-78.42976,42.08145],[-78.42979,42.08141],[-78.42984,42.08138],[-78.42985,42.08127],[-78.42985,42.08003],[-78.42982,42.07802],[-78.429,42.07803],[-78.42982,42.07802],[-78.42985,42.08003],[-78.42789,42.08004],[-78.4279,42.07872],[-78.42788,42.07761],[-78.42679,42.07762],[-78.42492,42.07762],[-78.42445,42.07764],[-78.4228,42.07782],[-78.42036,42.07812],[-78.42009,42.07812],[-78.41996,42.07811],[-78.41984,42.07809],[-78.41706,42.07705],[-78.41541,42.07642],[-78.41463,42.07614],[-78.41395,42.07594],[-78.41313,42.07716],[-78.41293,42.0775],[-78.41331,42.07763],[-78.41299,42.07813],[-78.41287,42.07836],[-78.41511,42.07908],[-78.41507,42.07919],[-78.41511,42.07908],[-78.41556,42.07922],[-78.41618,42.07939],[-78.41688,42.07954],[-78.41733,42.07962],[-78.42019,42.08002],[-78.42023,42.08058],[-78.42031,42.08079],[-78.42038,42.08092],[-78.42049,42.08111],[-78.42175,42.08287],[-78.42212,42.08337],[-78.4236,42.08511],[-78.42497,42.08689],[-78.42549,42.08749],[-78.42558,42.08757],[-78.42595,42.08785],[-78.42635,42.0881],[-78.42738,42.08856],[-78.42606,42.09148],[-78.42618,42.09153]]}},{"type":"Feature","properties":{"agency":"Olean Area Transit System","shape_id":"9uwi"},"geometry":{"type":"LineString","coordinates":[[-78.42618,42.09153],[-78.42606,42.09148],[-78.42738,42.08856],[-78.42635,42.0881],[-78.42595,42.08785],[-78.42558,42.08757],[-78.42549,42.08749],[-78.42497,42.08689],[-78.4236,42.08511],[-78.42212,42.08337],[-78.42175,42.08287],[-78.42171,42.08282],[-78.42156,42.08286],[-78.42089,42.08286],[-78.41992,42.08285],[-78.41886,42.08286],[-78.41741,42.08285],[-78.41702,42.08285],[-78.417019,42.08285],[-78.41604,42.08286],[-78.41524,42.08283],[-78.41385,42.08249],[-78.41363,42.08245],[-78.41488,42.07963],[-78.41509,42.07915],[-78.41511,42.07908],[-78.41287,42.07836],[-78.41299,42.07813],[-78.41331,42.07763],[-78.41484,42.07813],[-78.414842,42.078131],[-78.41551,42.07835],[-78.41654,42.07685],[-78.41984,42.07809],[-78.41996,42.07811],[-78.42009,42.07812],[-78.42036,42.07812],[-78.4228,42.07782],[-78.42445,42.07764],[-78.42492,42.07762],[-78.42679,42.07762],[-78.42788,42.07761],[-78.42789,42.07802],[-78.429,42.07803],[-78.42982,42.07802],[-78.42985,42.08003],[-78.42985,42.08127],[-78.42984,42.08138],[-78.42979,42.08141],[-78.42976,42.08145],[-78.42975,42.08147],[-78.42975,42.08153],[-78.42979,42.08158],[-78.42985,42.08161],[-78.42987,42.08172],[-78.42987,42.08281],[-78.42986,42.08292],[-78.4298,42.08295],[-78.42976,42.083],[-78.42977,42.08306],[-78.42979,42.0831],[-78.42982,42.08312],[-78.42986,42.08314],[-78.42988,42.08325],[-78.42989,42.08419],[-78.42901,42.08419],[-78.42791,42.0842],[-78.42791,42.08392],[-78.42815,42.0838],[-78.42824,42.08378],[-78.42831,42.08376],[-78.42887,42.08346],[-78.42892,42.08342],[-78.42893,42.08339],[-78.42892,42.08336],[-78.42881,42.08324],[-78.42885,42.08326],[-78.42888,42.08326],[-78.42926,42.08308],[-78.42939,42.08307],[-78.42977,42.08306],[-78.42979,42.0831],[-78.42982,42.08312],[-78.42986,42.08314],[-78.42991,42.08315],[-78.42995,42.08315],[-78.42999,42.08314],[-78.43003,42.08312],[-78.43006,42.08309],[-78.43008,42.08306],[-78.43008,42.08301],[-78.43005,42.08296],[-78.43002,42.08294],[-78.42999,42.08292],[-78.42997,42.08281],[-78.42996,42.08172],[-78.42997,42.08161],[-78.43003,42.08157],[-78.43007,42.08152],[-78.43007,42.08146],[-78.43005,42.08143],[-78.43002,42.0814],[-78.42998,42.08138],[-78.42996,42.08127],[-78.42994,42.08027],[-78.42992,42.07897],[-78.42991,42.07769],[-78.42988,42.0776],[-78.42992,42.07758],[-78.42995,42.07756],[-78.42998,42.07753],[-78.42998,42.07748],[-78.42996,42.07743],[-78.42991,42.07739],[-78.42985,42.07737],[-78.42979,42.07737],[-78.42976,42.07738],[-78.4297,42.07741],[-78.42968,42.07743],[-78.42966,42.07748],[-78.42967,42.07754],[-78.42969,42.07756],[-78.42972,42.07759],[-78.42976,42.0776],[-78.42982,42.07769],[-78.42985,42.08003],[-78.42985,42.08127],[-78.42984,42.08138],[-78.42979,42.08141],[-78.42976,42.08145],[-78.42975,42.08147],[-78.42975,42.08153],[-78.42979,42.08158],[-78.42985,42.08161],[-78.42987,42.08172],[-78.42987,42.08281],[-78.42986,42.08292],[-78.4298,42.08295],[-78.42976,42.083],[-78.42977,42.08306],[-78.42979,42.0831],[-78.42982,42.08312],[-78.42986,42.08314],[-78.42988,42.08325],[-78.42989,42.085],[-78.42988,42.08509],[-78.42984,42.08511],[-78.42981,42.08514],[-78.42978,42.08517],[-78.42978,42.08521],[-78.42978,42.08524],[-78.4298,42.08527],[-78.42984,42.0853],[-78.42988,42.08532],[-78.42992,42.08533],[-78.42997,42.08532],[-78.43001,42.08531],[-78.43004,42.0853],[-78.43009,42.08525],[-78.43037,42.08521],[-78.43321,42.08518],[-78.44231,42.08513],[-78.44478,42.08513],[-78.44509,42.08515],[-78.44528,42.08517],[-78.4456,42.08526],[-78.44573,42.0853],[-78.44586,42.08537],[-78.44611,42.0855],[-78.44745,42.08638],[-78.44769,42.08617],[-78.4481,42.08585],[-78.44894,42.08514],[-78.44913,42.08495],[-78.44928,42.08476],[-78.44961,42.08427],[-78.44985,42.08397],[-78.45011,42.08372],[-78.45046,42.08349],[-78.45066,42.08338],[-78.45082,42.08332],[-78.45091,42.08347],[-78.45097,42.08352],[-78.45091,42.08347],[-78.45082,42.08332],[-78.45109,42.08322],[-78.45129,42.08317],[-78.45168,42.08312],[-78.4538,42.08299],[-78.45562,42.0829],[-78.456,42.0829],[-78.45629,42.08293],[-78.45675,42.08303],[-78.45774,42.08328],[-78.45802,42.08332],[-78.45818,42.08334],[-78.45833,42.08335],[-78.46,42.08343],[-78.46035,42.08342],[-78.46065,42.08338],[-78.46269,42.08309],[-78.46291,42.08308],[-78.46322,42.08309],[-78.46334,42.0831],[-78.46337,42.08303],[-78.46339,42.08294],[-78.46336,42.08226],[-78.46335,42.08142],[-78.46336,42.08095],[-78.46336,42.08002],[-78.46647,42.07999],[-78.46646,42.07983],[-78.46745,42.07983],[-78.46851,42.07982],[-78.46853,42.0798],[-78.46852,42.07807],[-78.4683,42.07797],[-78.46825,42.07794],[-78.46822,42.07791],[-78.46819,42.07784],[-78.4682,42.07776],[-78.46839,42.07736],[-78.46843,42.07721],[-78.46843,42.0771],[-78.46842,42.07677],[-78.46953,42.07686],[-78.47176,42.07705],[-78.47201,42.07708],[-78.47237,42.07714],[-78.47274,42.07722],[-78.47344,42.0774],[-78.47398,42.07759],[-78.4744,42.07778],[-78.47474,42.07794],[-78.47516,42.07818],[-78.47698,42.0793],[-78.47807,42.08003],[-78.48034,42.08158],[-78.48117,42.08213],[-78.48157,42.08237],[-78.48335,42.08333],[-78.4849,42.08419],[-78.48574,42.08468],[-78.4883,42.08622],[-78.49126,42.08805],[-78.49285,42.08905],[-78.4944,42.09001],[-78.49445,42.09004],[-78.49506,42.09043],[-78.49535,42.09065],[-78.49597,42.09117],[-78.49587,42.09123],[-78.49535,42.09158],[-78.49535,42.09065],[-78.49791,42.09278],[-78.4983,42.09308],[-78.49912,42.09366],[-78.49962,42.094],[-78.50004,42.09427],[-78.50032,42.09444],[-78.50051,42.09454],[-78.50075,42.09464],[-78.50196,42.09508],[-78.5052,42.09615],[-78.50654,42.09661],[-78.50872,42.09734],[-78.51648,42.09976],[-78.51851,42.10038],[-78.51848,42.10043],[-78.51851,42.10038],[-78.5197,42.10074],[-78.52012,42.10084],[-78.52103,42.10106],[-78.52178,42.10127],[-78.52303,42.10166],[-78.52579,42.10251],[-78.5297,42.10375],[-78.53202,42.10448],[-78.53431,42.10524],[-78.53766,42.10644],[-78.54229,42.10813],[-78.54302,42.10837],[-78.54321,42.10842],[-78.54346,42.10847],[-78.54363,42.10849],[-78.54403,42.10851],[-78.54429,42.10849],[-78.54457,42.10846],[-78.54667,42.10813],[-78.54711,42.10806],[-78.54747,42.10804],[-78.54937,42.10799],[-78.54986,42.10796],[-78.5503,42.10791],[-78.5508,42.10782],[-78.55128,42.1077],[-78.55162,42.10757],[-78.55197,42.10738],[-78.55259,42.10697],[-78.55471,42.10555],[-78.55529,42.10517],[-78.5558,42.10489],[-78.55662,42.1045],[-78.55735,42.10422],[-78.55768,42.10412],[-78.55802,42.10404],[-78.55826,42.104],[-78.55892,42.10391],[-78.55926,42.10385],[-78.55958,42.10377],[-78.55987,42.10367],[-78.56023,42.10352],[-78.56122,42.10308],[-78.56459,42.10169],[-78.56497,42.10151],[-78.56617,42.10085],[-78.56669,42.10058],[-78.56707,42.1004],[-78.57001,42.09915],[-78.57038,42.09897],[-78.57075,42.09877],[-78.57215,42.09789],[-78.57258,42.09769],[-78.57307,42.09751],[-78.57578,42.09671],[-78.57633,42.09656],[-78.5768,42.09645],[-78.577,42.09642],[-78.58013,42.09599],[-78.58139,42.09584],[-78.58267,42.09565],[-78.58514,42.09533],[-78.58686,42.09507],[-78.58907,42.0947],[-78.5907,42.09438],[-78.59185,42.09416],[-78.59266,42.09402],[-78.59291,42.09399],[-78.59349,42.09393],[-78.59375,42.09392],[-78.5942,42.09391],[-78.59495,42.09392],[-78.59531,42.09395],[-78.59569,42.094],[-78.59615,42.0941],[-78.59659,42.09424],[-78.59732,42.09451],[-78.59824,42.09488],[-78.59863,42.09503],[-78.59895,42.09513],[-78.59948,42.09528],[-78.59973,42.09533],[-78.60034,42.09544],[-78.60089,42.09548],[-78.60128,42.09549],[-78.60208,42.09546],[-78.60227,42.09544],[-78.60309,42.09528],[-78.60481,42.0949],[-78.6055,42.09476],[-78.60566,42.09473],[-78.60621,42.0947],[-78.60667,42.09469],[-78.60691,42.0947],[-78.60715,42.09473],[-78.60743,42.09477],[-78.60779,42.09485],[-78.60811,42.09493],[-78.60877,42.09515],[-78.61011,42.09563],[-78.61036,42.09571],[-78.61062,42.09577],[-78.61101,42.09584],[-78.61151,42.09589],[-78.61174,42.09591],[-78.61213,42.09591],[-78.61252,42.09589],[-78.61352,42.09576],[-78.61376,42.09574],[-78.61401,42.09573],[-78.61487,42.09573],[-78.61542,42.09577],[-78.61697,42.09594],[-78.61713,42.09595],[-78.61936,42.09596],[-78.62021,42.09598],[-78.62089,42.09603],[-78.62189,42.09615],[-78.625,42.09666],[-78.6255,42.09673],[-78.62644,42.09684],[-78.62749,42.09691],[-78.6276,42.09631],[-78.62783,42.09478],[-78.62786,42.09428],[-78.62789,42.09413],[-78.62805,42.09351],[-78.62813,42.09325],[-78.62832,42.09273],[-78.62854,42.0923],[-78.62867,42.09234],[-78.62854,42.0923],[-78.62832,42.09273],[-78.62813,42.09325],[-78.62805,42.09351],[-78.62789,42.09413],[-78.62786,42.09428],[-78.62783,42.09478],[-78.6276,42.09631],[-78.62749,42.09691],[-78.62781,42.09696],[-78.63287,42.09738],[-78.63343,42.09747],[-78.63398,42.0976],[-78.63419,42.09765],[-78.63466,42.09781],[-78.63642,42.09848],[-78.63688,42.09868],[-78.63721,42.09884],[-78.6375,42.099],[-78.63792,42.0993],[-78.63814,42.09947],[-78.63983,42.1009],[-78.64034,42.10131],[-78.6405,42.10146],[-78.64105,42.1019],[-78.64149,42.10222],[-78.642,42.10254],[-78.6424,42.10277],[-78.64326,42.10319],[-78.64415,42.10362],[-78.64469,42.1039],[-78.64535,42.10431],[-78.64569,42.10455],[-78.64629,42.10503],[-78.6482,42.1066],[-78.64994,42.10794],[-78.65024,42.10818],[-78.65043,42.10836],[-78.6506,42.10853],[-78.65088,42.10888],[-78.65102,42.10908],[-78.65127,42.10952],[-78.6514,42.10981],[-78.6515,42.11006],[-78.6516,42.11035],[-78.65171,42.11078],[-78.65178,42.11124],[-78.65182,42.11178],[-78.65181,42.11198],[-78.65173,42.1132],[-78.65173,42.11376],[-78.65176,42.1141],[-78.65184,42.11453],[-78.65203,42.11529],[-78.65249,42.11702],[-78.65284,42.1184],[-78.65331,42.12016],[-78.65377,42.12201],[-78.65395,42.12286],[-78.65406,42.12353],[-78.6547,42.12723],[-78.65476,42.12772],[-78.65477,42.12842],[-78.65474,42.12905],[-78.65472,42.12927],[-78.65463,42.12986],[-78.65371,42.13482],[-78.65349,42.13616],[-78.65348,42.13642],[-78.65353,42.13689],[-78.65356,42.13707],[-78.65375,42.13768],[-78.65411,42.13876],[-78.65442,42.13966],[-78.65534,42.14202],[-78.65571,42.14296],[-78.6559,42.14332],[-78.65599,42.14345],[-78.65625,42.14378],[-78.65654,42.14409],[-78.65682,42.14433],[-78.65709,42.14452],[-78.66025,42.14649],[-78.66299,42.14819],[-78.66346,42.14851],[-78.66389,42.14887],[-78.66411,42.14909],[-78.66433,42.14934],[-78.66626,42.15186],[-78.66657,42.15224],[-78.66676,42.15243],[-78.66695,42.1526],[-78.66724,42.15281],[-78.66775,42.15314],[-78.67019,42.15458],[-78.67239,42.15587],[-78.67279,42.15608],[-78.67304,42.15619],[-78.67333,42.15631],[-78.6736,42.1564],[-78.67418,42.15658],[-78.67763,42.15755],[-78.6814,42.15857],[-78.68633,42.15996],[-78.68661,42.16001],[-78.68678,42.16003],[-78.68691,42.16003],[-78.68713,42.16002],[-78.68722,42.16001],[-78.68753,42.15993],[-78.68773,42.15987],[-78.68811,42.15971],[-78.68837,42.15969],[-78.68906,42.15966],[-78.68949,42.15962],[-78.69045,42.15941],[-78.6924,42.15899],[-78.69507,42.15843],[-78.69525,42.15895],[-78.69552,42.15961],[-78.69594,42.16073],[-78.69599,42.16093],[-78.696,42.16103],[-78.696,42.16139],[-78.69586,42.16228],[-78.69577,42.1628],[-78.69558,42.16358],[-78.69502,42.16537],[-78.69494,42.16559],[-78.69487,42.16574],[-78.69475,42.16593],[-78.69427,42.16653],[-78.69457,42.1666],[-78.69427,42.16653],[-78.69475,42.16593],[-78.69487,42.16574],[-78.69494,42.16559],[-78.69502,42.16537],[-78.69558,42.16358],[-78.69577,42.1628],[-78.69586,42.16228],[-78.696,42.16139],[-78.696,42.16103],[-78.69599,42.16093],[-78.69594,42.16073],[-78.69552,42.15961],[-78.69525,42.15895],[-78.69507,42.15843],[-78.69607,42.15822],[-78.69684,42.15804],[-78.69847,42.15757],[-78.69898,42.15744],[-78.69934,42.15737],[-78.70041,42.15718],[-78.70109,42.15706],[-78.70142,42.15699],[-78.70157,42.15697],[-78.70261,42.15678],[-78.70281,42.15673],[-78.70296,42.15668],[-78.70307,42.15662],[-78.70348,42.15631],[-78.70464,42.15543],[-78.7067,42.15381],[-78.70687,42.15371],[-78.707,42.15367],[-78.70725,42.1536],[-78.70751,42.15357],[-78.70772,42.15357],[-78.70798,42.15362],[-78.70937,42.15394],[-78.71021,42.15411],[-78.71338,42.15462],[-78.7148,42.15486],[-78.7161,42.15506],[-78.71588,42.15568],[-78.71534,42.15565],[-78.71588,42.15568],[-78.71574,42.15608],[-78.71568,42.15629],[-78.71533,42.15735],[-78.71514,42.15788],[-78.71496,42.15782],[-78.71475,42.15776],[-78.71434,42.15767],[-78.71339,42.15752],[-78.71213,42.15732],[-78.71093,42.15717],[-78.7103,42.15714],[-78.71009,42.15713],[-78.70893,42.15696],[-78.7088,42.15722],[-78.70872,42.15735],[-78.70868,42.1574],[-78.70853,42.15748],[-78.70843,42.15758],[-78.70827,42.15785],[-78.70819,42.15798],[-78.70816,42.15801],[-78.70802,42.15807],[-78.70795,42.15808],[-78.70788,42.15808],[-78.70779,42.15807],[-78.70715,42.15789],[-78.70697,42.15781],[-78.706942,42.157791],[-78.70694,42.15779],[-78.70691,42.15777],[-78.70681,42.15766],[-78.70679,42.15758],[-78.70681,42.15746],[-78.70686,42.15735],[-78.70692,42.1573],[-78.70697,42.15727],[-78.70723,42.15721],[-78.70728,42.15718],[-78.70732,42.15713],[-78.70735,42.15707],[-78.70742,42.15673],[-78.71009,42.15713],[-78.7103,42.15714],[-78.71023,42.15729],[-78.70972,42.1582],[-78.70969,42.15828],[-78.70971,42.15837],[-78.70975,42.15843],[-78.70986,42.15849],[-78.71071,42.15873],[-78.71125,42.15889],[-78.7114,42.15891],[-78.71155,42.15887],[-78.71164,42.15878],[-78.71188,42.15828],[-78.71212,42.15832],[-78.71313,42.1585],[-78.71298,42.15899],[-78.71298,42.15906],[-78.71299,42.15909],[-78.71298,42.15906],[-78.71298,42.15899],[-78.71304,42.15881],[-78.71394,42.15897],[-78.71473,42.15915],[-78.71589,42.15942],[-78.7165,42.15958],[-78.7167,42.15919],[-78.71699,42.15862],[-78.71686,42.15856],[-78.71577,42.15812],[-78.71514,42.15788],[-78.71533,42.15735],[-78.71568,42.15629],[-78.71574,42.15608],[-78.71588,42.15568],[-78.71534,42.15565],[-78.71588,42.15568],[-78.7161,42.15506],[-78.72168,42.15594],[-78.72419,42.15634],[-78.7318,42.15758],[-78.73647,42.15836],[-78.73659,42.15799],[-78.73663,42.15779],[-78.73666,42.15722],[-78.73632,42.15716],[-78.73666,42.15722],[-78.73663,42.15779],[-78.73659,42.15799],[-78.73647,42.15836],[-78.73638,42.15858],[-78.73601,42.15989],[-78.7364,42.15995],[-78.73652,42.15949],[-78.7364,42.15995],[-78.73675,42.16001],[-78.73684,42.16003],[-78.7369,42.16007],[-78.73694,42.16015],[-78.73695,42.16021],[-78.73693,42.16033],[-78.7362,42.16306],[-78.73633,42.16307],[-78.73673,42.16307],[-78.73804,42.16299],[-78.73853,42.16294],[-78.73875,42.16291],[-78.738751,42.16291],[-78.73978,42.1627],[-78.74059,42.16252],[-78.74125,42.16233],[-78.74196,42.16208],[-78.74235,42.16194],[-78.74333,42.16156],[-78.74307,42.16109],[-78.74276,42.16054],[-78.74373,42.16022],[-78.74372,42.16017],[-78.74378,42.16007],[-78.74393,42.16005],[-78.74436,42.15992],[-78.74434,42.15988],[-78.74486,42.15971],[-78.74434,42.15988],[-78.74415,42.15934],[-78.74462,42.15929],[-78.74535,42.15917],[-78.74569,42.15909],[-78.74613,42.15897],[-78.74669,42.15878],[-78.74694,42.15868],[-78.74717,42.15857],[-78.74758,42.15836],[-78.74796,42.15816],[-78.74823,42.15832],[-78.74835,42.15836],[-78.74846,42.15837],[-78.74859,42.15837],[-78.74927,42.15831],[-78.74977,42.15828],[-78.75036,42.15828],[-78.75094,42.15831],[-78.75172,42.15842],[-78.75322,42.15868],[-78.75568,42.15912],[-78.75619,42.15919],[-78.75699,42.15927],[-78.75752,42.15929],[-78.75836,42.15928],[-78.7588,42.15925],[-78.75927,42.15921],[-78.75981,42.15912],[-78.75939,42.15727],[-78.75937,42.15698],[-78.75938,42.15684],[-78.75942,42.15666],[-78.75952,42.15642],[-78.75964,42.15623],[-78.75976,42.15609],[-78.75985,42.156],[-78.76008,42.15581],[-78.7602,42.15573],[-78.76038,42.15564],[-78.76057,42.15556],[-78.76095,42.15545],[-78.7611,42.15542],[-78.76137,42.15538],[-78.76326,42.15521],[-78.76351,42.15518],[-78.76367,42.15514],[-78.76383,42.15509],[-78.764,42.15501],[-78.76416,42.15491],[-78.76427,42.15482],[-78.76436,42.15472],[-78.76445,42.15459],[-78.76451,42.15447],[-78.76455,42.15435],[-78.76468,42.15358],[-78.76478,42.15322],[-78.7649,42.15295],[-78.76497,42.15281],[-78.76508,42.15265],[-78.76529,42.15243],[-78.76553,42.1522],[-78.76565,42.15212],[-78.76596,42.15195],[-78.76619,42.15185],[-78.76637,42.15178],[-78.76674,42.15166],[-78.76679,42.15175],[-78.76686,42.15183],[-78.7673,42.15207],[-78.76763,42.15222],[-78.76767,42.1523],[-78.76767,42.15233],[-78.76764,42.15236],[-78.76757,42.15244],[-78.76755,42.15248],[-78.76755,42.15253],[-78.76758,42.15257],[-78.76767,42.15263],[-78.76774,42.15258],[-78.76799,42.15238],[-78.7673,42.15207],[-78.76686,42.15183],[-78.76679,42.15175],[-78.76674,42.15166],[-78.76637,42.15178],[-78.76619,42.15185],[-78.76596,42.15195],[-78.76565,42.15212],[-78.76553,42.1522],[-78.76529,42.15243],[-78.76508,42.15265],[-78.76497,42.15281],[-78.7649,42.15295],[-78.76478,42.15322],[-78.76468,42.15358],[-78.76455,42.15435],[-78.76451,42.15447],[-78.76445,42.15459],[-78.76436,42.15472],[-78.76427,42.15482],[-78.76416,42.15491],[-78.764,42.15501],[-78.76383,42.15509],[-78.76367,42.15514],[-78.76351,42.15518],[-78.76326,42.15521],[-78.76137,42.15538],[-78.7611,42.15542],[-78.76095,42.15545],[-78.76057,42.15556],[-78.76038,42.15564],[-78.7602,42.15573],[-78.76008,42.15581],[-78.75985,42.156],[-78.75976,42.15609],[-78.75964,42.15623],[-78.75952,42.15642],[-78.75942,42.15666],[-78.75938,42.15684],[-78.75937,42.15698],[-78.75939,42.15727],[-78.75981,42.15912],[-78.75927,42.15921],[-78.75903,42.15923],[-78.7588,42.15925],[-78.75836,42.15928],[-78.75752,42.15929],[-78.75699,42.15927],[-78.75701,42.15813],[-78.75699,42.15799],[-78.75694,42.15785],[-78.75689,42.15776],[-78.75673,42.15757],[-78.75663,42.1575],[-78.75647,42.15744],[-78.75631,42.15741],[-78.75614,42.15741],[-78.75485,42.1575],[-78.75614,42.15741],[-78.75631,42.15741],[-78.75647,42.15744],[-78.75663,42.1575],[-78.75673,42.15757],[-78.75689,42.15776],[-78.75694,42.15785],[-78.75699,42.15799],[-78.75701,42.15813],[-78.75699,42.15927],[-78.75619,42.15919],[-78.75568,42.15912],[-78.75384,42.15879],[-78.75397,42.15848],[-78.75408,42.15831],[-78.75414,42.1582],[-78.75419,42.15801],[-78.7542,42.15792],[-78.75418,42.15784],[-78.75404,42.15763],[-78.75385,42.15748],[-78.75357,42.15738],[-78.75276,42.15716],[-78.75251,42.15706],[-78.75246,42.15702],[-78.75242,42.15698],[-78.75237,42.15657],[-78.75234,42.15609],[-78.75229,42.156],[-78.75241,42.15592],[-78.75252,42.15586],[-78.75262,42.15583],[-78.75274,42.15582],[-78.75287,42.15583],[-78.75313,42.15588],[-78.75339,42.1559],[-78.75351,42.15598],[-78.75376,42.1563],[-78.75375,42.15632],[-78.75374,42.15635],[-78.75374,42.15638],[-78.75378,42.15642],[-78.75384,42.15644],[-78.75378,42.15642],[-78.75374,42.15638],[-78.75374,42.15635],[-78.75375,42.15632],[-78.75376,42.1563],[-78.75351,42.15598],[-78.75339,42.1559],[-78.75313,42.15588],[-78.75287,42.15583],[-78.75274,42.15582],[-78.75262,42.15583],[-78.75252,42.15586],[-78.75241,42.15592],[-78.75229,42.156],[-78.7522,42.15593],[-78.75199,42.15584],[-78.75176,42.1558],[-78.75147,42.15581],[-78.75131,42.15584],[-78.75109,42.15592],[-78.75102,42.15595],[-78.75092,42.15602],[-78.75067,42.15624],[-78.75009,42.15683],[-78.74978,42.15669],[-78.75014,42.15621],[-78.75057,42.15558],[-78.75071,42.15536],[-78.75164,42.15361],[-78.75174,42.15334],[-78.75211,42.1526],[-78.75219,42.15238],[-78.75221,42.15221],[-78.75217,42.15186],[-78.75186,42.15192],[-78.75173,42.15196],[-78.75162,42.15203],[-78.75139,42.15218],[-78.75122,42.15227],[-78.75091,42.15223],[-78.75072,42.15224],[-78.75048,42.1523],[-78.75005,42.15244]]}},{"type":"Feature","properties":{"agency":"Olean Area Transit System","shape_id":"abrg"},"geometry":{"type":"LineString","coordinates":[[-78.75005,42.15244],[-78.74966,42.15257],[-78.74962,42.15265],[-78.74961,42.15274],[-78.74966,42.15285],[-78.7499,42.15279],[-78.75035,42.15265],[-78.75072,42.15252],[-78.751,42.1524],[-78.75139,42.15218],[-78.75162,42.15203],[-78.75173,42.15196],[-78.75186,42.15192],[-78.75217,42.15186],[-78.75221,42.15221],[-78.75219,42.15238],[-78.75211,42.1526],[-78.75174,42.15334],[-78.75164,42.15361],[-78.75071,42.15536],[-78.75057,42.15558],[-78.75014,42.15621],[-78.74978,42.15669],[-78.74887,42.15748],[-78.74816,42.15803],[-78.74796,42.15816],[-78.74758,42.15836],[-78.74717,42.15857],[-78.74694,42.15868],[-78.74669,42.15878],[-78.74613,42.15897],[-78.74569,42.15909],[-78.74547,42.15914],[-78.74492,42.15924],[-78.74481,42.15887],[-78.74492,42.15924],[-78.74462,42.15929],[-78.74415,42.15934],[-78.74434,42.15988],[-78.74486,42.15971],[-78.74434,42.15988],[-78.74436,42.15992],[-78.74393,42.16005],[-78.74378,42.16007],[-78.74372,42.16017],[-78.74373,42.16022],[-78.74276,42.16054],[-78.74307,42.16109],[-78.74333,42.16156],[-78.74235,42.16194],[-78.74125,42.16233],[-78.74059,42.16252],[-78.73978,42.1627],[-78.73917,42.16283],[-78.73917,42.16283],[-78.73885,42.16289],[-78.73853,42.16294],[-78.73804,42.16299],[-78.73673,42.16307],[-78.73633,42.16307],[-78.7362,42.16306],[-78.73693,42.16033],[-78.73695,42.16021],[-78.73694,42.16015],[-78.7369,42.16007],[-78.73684,42.16003],[-78.73675,42.16001],[-78.7364,42.15995],[-78.73652,42.15949],[-78.7364,42.15995],[-78.73614,42.15991],[-78.73659,42.15837],[-78.73647,42.15836],[-78.73659,42.15799],[-78.73663,42.15779],[-78.73666,42.15722],[-78.73632,42.15716],[-78.73666,42.15722],[-78.73663,42.15779],[-78.73659,42.15799],[-78.73647,42.15836],[-78.7318,42.15758],[-78.72419,42.15634],[-78.72168,42.15594],[-78.7161,42.15506],[-78.71588,42.15568],[-78.71534,42.15565],[-78.71588,42.15568],[-78.71574,42.15608],[-78.71568,42.15629],[-78.71533,42.15735],[-78.71514,42.15788],[-78.71577,42.15812],[-78.71686,42.15856],[-78.71699,42.15862],[-78.7167,42.15919],[-78.7165,42.15958],[-78.71589,42.15942],[-78.71473,42.15915],[-78.71394,42.15897],[-78.71304,42.15881],[-78.71298,42.15899],[-78.71298,42.15906],[-78.71299,42.15909],[-78.71298,42.15906],[-78.71298,42.15899],[-78.71313,42.1585],[-78.71212,42.15832],[-78.71188,42.15828],[-78.71164,42.15878],[-78.71155,42.15887],[-78.7114,42.15891],[-78.71125,42.15889],[-78.71071,42.15873],[-78.70986,42.15849],[-78.70975,42.15843],[-78.70971,42.15837],[-78.70969,42.15828],[-78.70972,42.1582],[-78.710159,42.157412],[-78.71016,42.15741],[-78.71023,42.15729],[-78.7103,42.15714],[-78.71093,42.15717],[-78.71213,42.15732],[-78.71339,42.15752],[-78.71434,42.15767],[-78.71475,42.15776],[-78.71496,42.15782],[-78.71514,42.15788],[-78.71533,42.15735],[-78.71568,42.15629],[-78.71574,42.15608],[-78.71588,42.15568],[-78.71534,42.15565],[-78.71588,42.15568],[-78.7161,42.15506],[-78.7148,42.15486],[-78.71338,42.15462],[-78.71021,42.15411],[-78.70937,42.15394],[-78.70798,42.15362],[-78.70772,42.15357],[-78.70751,42.15357],[-78.70725,42.1536],[-78.707,42.15367],[-78.70687,42.15371],[-78.7067,42.15381],[-78.70464,42.15543],[-78.70348,42.15631],[-78.70307,42.15662],[-78.70296,42.15668],[-78.70281,42.15673],[-78.70261,42.15678],[-78.70157,42.15697],[-78.70142,42.15699],[-78.70109,42.15706],[-78.70041,42.15718],[-78.69934,42.15737],[-78.69898,42.15744],[-78.69847,42.15757],[-78.69684,42.15804],[-78.69607,42.15822],[-78.69507,42.15843],[-78.69525,42.15895],[-78.69552,42.15961],[-78.69594,42.16073],[-78.69599,42.16093],[-78.696,42.16103],[-78.696,42.16139],[-78.69586,42.16228],[-78.69577,42.1628],[-78.69558,42.16358],[-78.69502,42.16537],[-78.69494,42.16559],[-78.69487,42.16574],[-78.69475,42.16593],[-78.69427,42.16653],[-78.69457,42.1666],[-78.69427,42.16653],[-78.69475,42.16593],[-78.69487,42.16574],[-78.69494,42.16559],[-78.69502,42.16537],[-78.69558,42.16358],[-78.69577,42.1628],[-78.69586,42.16228],[-78.696,42.16139],[-78.696,42.16103],[-78.69599,42.16093],[-78.69594,42.16073],[-78.69552,42.15961],[-78.69525,42.15895],[-78.69507,42.15843],[-78.6924,42.15899],[-78.69045,42.15941],[-78.68949,42.15962],[-78.68906,42.15966],[-78.68837,42.15969],[-78.68811,42.15971],[-78.68773,42.15987],[-78.68753,42.15993],[-78.68722,42.16001],[-78.68713,42.16002],[-78.68691,42.16003],[-78.68678,42.16003],[-78.68661,42.16001],[-78.68633,42.15996],[-78.6814,42.15857],[-78.67763,42.15755],[-78.67418,42.15658],[-78.6736,42.1564],[-78.67333,42.15631],[-78.67304,42.15619],[-78.67279,42.15608],[-78.67239,42.15587],[-78.67019,42.15458],[-78.66775,42.15314],[-78.66724,42.15281],[-78.66695,42.1526],[-78.66676,42.15243],[-78.66657,42.15224],[-78.66626,42.15186],[-78.66433,42.14934],[-78.66411,42.14909],[-78.66389,42.14887],[-78.66346,42.14851],[-78.66299,42.14819],[-78.66025,42.14649],[-78.65709,42.14452],[-78.65682,42.14433],[-78.65654,42.14409],[-78.65625,42.14378],[-78.65599,42.14345],[-78.6559,42.14332],[-78.65571,42.14296],[-78.65534,42.14202],[-78.65442,42.13966],[-78.65411,42.13876],[-78.65375,42.13768],[-78.65356,42.13707],[-78.65353,42.13689],[-78.65348,42.13642],[-78.65349,42.13616],[-78.65371,42.13482],[-78.65463,42.12986],[-78.65472,42.12927],[-78.65474,42.12905],[-78.65477,42.12842],[-78.65476,42.12772],[-78.6547,42.12723],[-78.65406,42.12353],[-78.65395,42.12286],[-78.65377,42.12201],[-78.65331,42.12016],[-78.65284,42.1184],[-78.65249,42.11702],[-78.65203,42.11529],[-78.65184,42.11453],[-78.65176,42.1141],[-78.65173,42.11376],[-78.65173,42.1132],[-78.65181,42.11198],[-78.65182,42.11178],[-78.65178,42.11124],[-78.65171,42.11078],[-78.6516,42.11035],[-78.6515,42.11006],[-78.6514,42.10981],[-78.65127,42.10952],[-78.65102,42.10908],[-78.65088,42.10888],[-78.6506,42.10853],[-78.65043,42.10836],[-78.65024,42.10818],[-78.64994,42.10794],[-78.6482,42.1066],[-78.64629,42.10503],[-78.64569,42.10455],[-78.64535,42.10431],[-78.64469,42.1039],[-78.64415,42.10362],[-78.64326,42.10319],[-78.6424,42.10277],[-78.642,42.10254],[-78.64149,42.10222],[-78.64105,42.1019],[-78.6405,42.10146],[-78.64034,42.10131],[-78.63983,42.1009],[-78.63814,42.09947],[-78.63792,42.0993],[-78.6375,42.099],[-78.63721,42.09884],[-78.63688,42.09868],[-78.63642,42.09848],[-78.63466,42.09781],[-78.63419,42.09765],[-78.63398,42.0976],[-78.63343,42.09747],[-78.63287,42.09738],[-78.62781,42.09696],[-78.62749,42.09691],[-78.6276,42.09631],[-78.62783,42.09478],[-78.62786,42.09428],[-78.62789,42.09413],[-78.62805,42.09351],[-78.62813,42.09325],[-78.62832,42.09273],[-78.62854,42.0923],[-78.62867,42.09234],[-78.62854,42.0923],[-78.62832,42.09273],[-78.62813,42.09325],[-78.62805,42.09351],[-78.62789,42.09413],[-78.62786,42.09428],[-78.62783,42.09478],[-78.6276,42.09631],[-78.62749,42.09691],[-78.62644,42.09684],[-78.6255,42.09673],[-78.625,42.09666],[-78.62189,42.09615],[-78.62089,42.09603],[-78.62021,42.09598],[-78.61936,42.09596],[-78.61713,42.09595],[-78.61697,42.09594],[-78.61542,42.09577],[-78.61487,42.09573],[-78.61401,42.09573],[-78.61376,42.09574],[-78.61352,42.09576],[-78.61252,42.09589],[-78.61213,42.09591],[-78.61174,42.09591],[-78.61151,42.09589],[-78.61101,42.09584],[-78.61062,42.09577],[-78.61036,42.09571],[-78.61011,42.09563],[-78.60877,42.09515],[-78.60811,42.09493],[-78.60779,42.09485],[-78.60743,42.09477],[-78.60715,42.09473],[-78.60691,42.0947],[-78.60667,42.09469],[-78.60621,42.0947],[-78.60566,42.09473],[-78.6055,42.09476],[-78.60481,42.0949],[-78.60309,42.09528],[-78.60227,42.09544],[-78.60208,42.09546],[-78.60128,42.09549],[-78.60089,42.09548],[-78.60034,42.09544],[-78.59973,42.09533],[-78.59948,42.09528],[-78.59895,42.09513],[-78.59863,42.09503],[-78.59824,42.09488],[-78.59732,42.09451],[-78.59659,42.09424],[-78.59615,42.0941],[-78.59569,42.094],[-78.59531,42.09395],[-78.59495,42.09392],[-78.5942,42.09391],[-78.59375,42.09392],[-78.59349,42.09393],[-78.59291,42.09399],[-78.59266,42.09402],[-78.59185,42.09416],[-78.5907,42.09438],[-78.58907,42.0947],[-78.58686,42.09507],[-78.58514,42.09533],[-78.58267,42.09565],[-78.58139,42.09584],[-78.58013,42.09599],[-78.577,42.09642],[-78.5768,42.09645],[-78.57633,42.09656],[-78.57578,42.09671],[-78.57307,42.09751],[-78.57258,42.09769],[-78.57215,42.09789],[-78.57075,42.09877],[-78.57038,42.09897],[-78.57001,42.09915],[-78.56707,42.1004],[-78.56669,42.10058],[-78.56617,42.10085],[-78.56497,42.10151],[-78.56459,42.10169],[-78.56122,42.10308],[-78.56023,42.10352],[-78.55987,42.10367],[-78.55958,42.10377],[-78.55926,42.10385],[-78.55892,42.10391],[-78.55826,42.104],[-78.55802,42.10404],[-78.55768,42.10412],[-78.55735,42.10422],[-78.55662,42.1045],[-78.5558,42.10489],[-78.55529,42.10517],[-78.55471,42.10555],[-78.55259,42.10697],[-78.55197,42.10738],[-78.55162,42.10757],[-78.55128,42.1077],[-78.5508,42.10782],[-78.5503,42.10791],[-78.54986,42.10796],[-78.54937,42.10799],[-78.54747,42.10804],[-78.54711,42.10806],[-78.54667,42.10813],[-78.54457,42.10846],[-78.54429,42.10849],[-78.54403,42.10851],[-78.54363,42.10849],[-78.54346,42.10847],[-78.54321,42.10842],[-78.54302,42.10837],[-78.54229,42.10813],[-78.53766,42.10644],[-78.53431,42.10524],[-78.53202,42.10448],[-78.5297,42.10375],[-78.52579,42.10251],[-78.52303,42.10166],[-78.52178,42.10127],[-78.52103,42.10106],[-78.51998,42.10081],[-78.5197,42.10074],[-78.51916,42.10058],[-78.51648,42.09976],[-78.50872,42.09734],[-78.50654,42.09661],[-78.5052,42.09615],[-78.50196,42.09508],[-78.50092,42.09471],[-78.50075,42.09464],[-78.50051,42.09454],[-78.50032,42.09444],[-78.50004,42.09427],[-78.49962,42.094],[-78.49912,42.09366],[-78.4983,42.09308],[-78.49791,42.09278],[-78.49597,42.09117],[-78.49587,42.09123],[-78.49535,42.09158],[-78.49535,42.09065],[-78.49506,42.09043],[-78.49445,42.09004],[-78.4944,42.09001],[-78.49285,42.08905],[-78.49015,42.08736],[-78.4883,42.08622],[-78.48574,42.08468],[-78.4849,42.08419],[-78.48335,42.08333],[-78.48157,42.08237],[-78.48117,42.08213],[-78.48034,42.08158],[-78.47807,42.08003],[-78.47698,42.0793],[-78.47516,42.07818],[-78.47474,42.07794],[-78.4744,42.07778],[-78.47398,42.07759],[-78.47344,42.0774],[-78.47274,42.07722],[-78.47237,42.07714],[-78.47201,42.07708],[-78.47176,42.07705],[-78.46953,42.07686],[-78.46842,42.07677],[-78.46843,42.0771],[-78.46843,42.07721],[-78.46839,42.07736],[-78.4682,42.07776],[-78.46819,42.07784],[-78.46822,42.07791],[-78.46825,42.07794],[-78.4683,42.07797],[-78.46852,42.07807],[-78.46853,42.0798],[-78.46851,42.07982],[-78.46745,42.07983],[-78.46646,42.07983],[-78.46647,42.07999],[-78.46336,42.08002],[-78.46336,42.08095],[-78.46335,42.08142],[-78.46336,42.08226],[-78.46339,42.08294],[-78.46337,42.08303],[-78.46334,42.0831],[-78.46322,42.08309],[-78.46291,42.08308],[-78.46269,42.08309],[-78.46065,42.08338],[-78.46035,42.08342],[-78.46,42.08343],[-78.45833,42.08335],[-78.45818,42.08334],[-78.45802,42.08332],[-78.45774,42.08328],[-78.45675,42.08303],[-78.45629,42.08293],[-78.456,42.0829],[-78.45562,42.0829],[-78.4538,42.08299],[-78.45179,42.08311],[-78.45168,42.08312],[-78.45129,42.08317],[-78.45109,42.08322],[-78.45082,42.08332],[-78.45066,42.08338],[-78.45046,42.08349],[-78.45011,42.08372],[-78.44985,42.08397],[-78.44961,42.08427],[-78.44928,42.08476],[-78.44913,42.08495],[-78.44894,42.08514],[-78.4481,42.08585],[-78.44769,42.08617],[-78.44745,42.08638],[-78.44611,42.0855],[-78.44586,42.08537],[-78.44573,42.0853],[-78.4456,42.08526],[-78.44528,42.08517],[-78.44509,42.08515],[-78.44478,42.08513],[-78.44231,42.08513],[-78.43883,42.08514],[-78.43321,42.08518],[-78.43037,42.08521],[-78.43009,42.08517],[-78.43007,42.08514],[-78.43004,42.08512],[-78.42996,42.08509],[-78.42988,42.08509],[-78.42984,42.08511],[-78.42981,42.08514],[-78.42978,42.08517],[-78.42973,42.08519],[-78.42964,42.0852],[-78.42902,42.0852],[-78.42901,42.08419],[-78.42791,42.0842],[-78.42791,42.08392],[-78.42815,42.0838],[-78.42824,42.08378],[-78.42831,42.08376],[-78.42887,42.08346],[-78.42892,42.08342],[-78.42893,42.08339],[-78.42892,42.08336],[-78.42881,42.08324],[-78.42885,42.08326],[-78.42888,42.08326],[-78.42926,42.08308],[-78.42939,42.08307],[-78.42977,42.08306],[-78.42979,42.0831],[-78.42982,42.08312],[-78.42986,42.08314],[-78.42991,42.08315],[-78.42995,42.08315],[-78.42999,42.08314],[-78.43003,42.08312],[-78.43006,42.08309],[-78.43008,42.08306],[-78.43008,42.08301],[-78.43005,42.08296],[-78.43002,42.08294],[-78.42999,42.08292],[-78.42997,42.08281],[-78.42996,42.08172],[-78.42997,42.08161],[-78.43003,42.08157],[-78.43007,42.08152],[-78.43007,42.08146],[-78.43005,42.08143],[-78.43002,42.0814],[-78.42998,42.08138],[-78.42996,42.08127],[-78.42993,42.07948],[-78.42991,42.07769],[-78.42988,42.0776],[-78.42992,42.07758],[-78.42995,42.07756],[-78.42998,42.07753],[-78.42998,42.07748],[-78.42998,42.07746],[-78.42996,42.07743],[-78.42991,42.07739],[-78.42985,42.07737],[-78.42979,42.07737],[-78.42976,42.07738],[-78.4297,42.07741],[-78.42968,42.07743],[-78.42966,42.07748],[-78.4284,42.07758],[-78.42788,42.07761],[-78.42789,42.07802],[-78.429,42.07803],[-78.42982,42.07802],[-78.42985,42.08003],[-78.42789,42.08004],[-78.4279,42.07872],[-78.42788,42.07761],[-78.42679,42.07762],[-78.42492,42.07762],[-78.42445,42.07764],[-78.4228,42.07782],[-78.42036,42.07812],[-78.42009,42.07812],[-78.41996,42.07811],[-78.41984,42.07809],[-78.41654,42.07685],[-78.415812,42.077917],[-78.41581,42.07792],[-78.41551,42.07835],[-78.41331,42.07763],[-78.41299,42.07813],[-78.41287,42.07836],[-78.41511,42.07908],[-78.41509,42.07915],[-78.41488,42.07963],[-78.41363,42.08245],[-78.41385,42.08249],[-78.41524,42.08283],[-78.41604,42.08286],[-78.41672,42.08286],[-78.416722,42.08286],[-78.41741,42.08285],[-78.41886,42.08286],[-78.42156,42.08286],[-78.42171,42.08282],[-78.42175,42.08287],[-78.42212,42.08337],[-78.4236,42.08511],[-78.42497,42.08689],[-78.42549,42.08749],[-78.42558,42.08757],[-78.42595,42.08785],[-78.42635,42.0881],[-78.42738,42.08856],[-78.42606,42.09148],[-78.42618,42.09153]]}},{"type":"Feature","properties":{"agency":"Olean Area Transit System","shape_id":"akwn"},"geometry":{"type":"LineString","coordinates":[[-78.483732,42.081841],[-78.48373,42.08184],[-78.48375,42.08185],[-78.48373,42.08195],[-78.4837,42.08197],[-78.48364,42.08201],[-78.48353,42.08198],[-78.48267,42.08275],[-78.48172,42.0822],[-78.4805,42.08148],[-78.48041,42.08141],[-78.48031,42.08132],[-78.48014,42.08105],[-78.48005,42.08097],[-78.47996,42.08091],[-78.47989,42.0809],[-78.47974,42.08088],[-78.47957,42.0809],[-78.47941,42.08094],[-78.47869,42.08046],[-78.47887,42.08039],[-78.47976,42.07968],[-78.47978,42.0796],[-78.48144,42.08073],[-78.48246,42.07992],[-78.48249,42.07993],[-78.48254,42.07994],[-78.48262,42.07993],[-78.4828,42.07989],[-78.48288,42.07983],[-78.48293,42.07977],[-78.48293,42.07969],[-78.48288,42.07961],[-78.48281,42.07957],[-78.4827,42.07956],[-78.48258,42.0796],[-78.48252,42.07965],[-78.48247,42.07972],[-78.48234,42.07962],[-78.48234,42.07962],[-78.48117,42.07882],[-78.48104,42.0787],[-78.48105,42.07855],[-78.48111,42.07848],[-78.48169,42.07801],[-78.48175,42.07794],[-78.48176,42.0779],[-78.48169,42.07772],[-78.48135,42.07715],[-78.48116,42.07701],[-78.48116,42.07701],[-78.48067,42.07671],[-78.48004,42.07638],[-78.47972,42.07623],[-78.47941,42.07612],[-78.47862,42.07598],[-78.47813,42.0759],[-78.47786,42.07581],[-78.4774,42.07557],[-78.47655,42.07508],[-78.47642,42.07499],[-78.47617,42.07515],[-78.47598,42.07535],[-78.47588,42.07551],[-78.47555,42.07605],[-78.47544,42.07633],[-78.47515,42.07706],[-78.47494,42.07762],[-78.47482,42.07784],[-78.47474,42.07794],[-78.4744,42.07778],[-78.47398,42.07759],[-78.47344,42.0774],[-78.47274,42.07722],[-78.47237,42.07714],[-78.47193,42.07707],[-78.47135,42.07701],[-78.46842,42.07677],[-78.46843,42.0771],[-78.46843,42.07721],[-78.46839,42.07736],[-78.4682,42.07776],[-78.46819,42.07784],[-78.46822,42.07791],[-78.46825,42.07794],[-78.4683,42.07797],[-78.46852,42.07807],[-78.46852,42.07819],[-78.46763,42.0782],[-78.46761,42.0782],[-78.46762,42.078696],[-78.46762,42.0787],[-78.46763,42.07983],[-78.46773,42.07982],[-78.46851,42.07981],[-78.46853,42.07979],[-78.46852,42.07806],[-78.46826,42.07794],[-78.46823,42.07791],[-78.4682,42.07783],[-78.46821,42.07776],[-78.4684,42.07736],[-78.46843,42.0772],[-78.46842,42.07676],[-78.47135,42.07701],[-78.47202,42.07708],[-78.47237,42.07714],[-78.47274,42.07721],[-78.4732,42.07733],[-78.47366,42.07747],[-78.47398,42.07759],[-78.47474,42.07794],[-78.47516,42.07818],[-78.47692,42.07925],[-78.48117,42.08213],[-78.48158,42.08236],[-78.48336,42.08333],[-78.48514,42.08432],[-78.48574,42.08467],[-78.48831,42.08622],[-78.49434,42.08996],[-78.49434,42.08996],[-78.49506,42.09042],[-78.49598,42.09116],[-78.49587,42.09123],[-78.49535,42.09158],[-78.49535,42.09065],[-78.49506,42.09043],[-78.49445,42.09004],[-78.4944,42.09001],[-78.49285,42.08905],[-78.49126,42.08805],[-78.49006,42.0873],[-78.4883,42.08622],[-78.48574,42.08468],[-78.4849,42.08419],[-78.48335,42.08333],[-78.48157,42.08237],[-78.48117,42.08213],[-78.48034,42.08158],[-78.47941,42.08094],[-78.47957,42.0809],[-78.47974,42.08088],[-78.47989,42.0809],[-78.47996,42.08091],[-78.48005,42.08097],[-78.48014,42.08105],[-78.48031,42.08132],[-78.48041,42.08141],[-78.4805,42.08148],[-78.48172,42.0822],[-78.48267,42.08275],[-78.48353,42.08198],[-78.48351,42.08192],[-78.48353,42.08188],[-78.48359,42.08182],[-78.48369,42.0818],[-78.48371,42.08182]]}},{"type":"Feature","properties":{"agency":"Olean Area Transit System","shape_id":"b1ca58af-714e-40e6-8b02-602db90d7cd2"},"geometry":{"type":"LineString","coordinates":[[-78.42791,42.084197],[-78.429009,42.084186],[-78.429932,42.084178],[-78.429925,42.083637],[-78.429917,42.082439],[-78.429917,42.082271],[-78.429909,42.081493],[-78.429886,42.080024],[-78.429879,42.079486],[-78.429871,42.078815],[-78.429856,42.078022],[-78.429848,42.077495],[-78.430336,42.07748],[-78.431435,42.07748],[-78.432496,42.077468],[-78.432541,42.077468],[-78.433877,42.077457],[-78.435212,42.077457],[-78.436394,42.077445],[-78.437562,42.077442],[-78.438744,42.07743],[-78.439927,42.077423],[-78.441086,42.077415],[-78.442269,42.077407],[-78.443474,42.077396],[-78.443963,42.077392],[-78.444626,42.077388],[-78.445046,42.077388],[-78.445801,42.077388],[-78.446984,42.077381],[-78.447518,42.077373],[-78.447571,42.077373],[-78.448166,42.077369],[-78.449265,42.077362],[-78.450478,42.077339],[-78.450577,42.077339],[-78.450989,42.077335],[-78.451546,42.07732],[-78.452508,42.077308],[-78.453835,42.077274],[-78.453942,42.07727],[-78.454384,42.077259],[-78.455025,42.077232],[-78.455262,42.07722],[-78.456498,42.077175],[-78.456734,42.077167],[-78.457276,42.077148],[-78.458222,42.077102],[-78.459321,42.077064],[-78.459519,42.077056],[-78.460564,42.077022],[-78.460946,42.077014],[-78.461335,42.077011],[-78.462037,42.077018],[-78.46325,42.077014],[-78.463471,42.077011],[-78.463891,42.076976],[-78.464867,42.076896],[-78.466179,42.07682],[-78.466828,42.076778],[-78.467583,42.076747],[-78.468178,42.076751],[-78.468384,42.076766],[-78.468384,42.077144],[-78.468377,42.077262],[-78.468346,42.077358],[-78.468171,42.077758],[-78.468155,42.077835],[-78.468186,42.077919],[-78.468247,42.077964],[-78.468499,42.078071],[-78.468514,42.078189],[-78.468514,42.07933],[-78.468529,42.079761],[-78.468491,42.079807],[-78.468461,42.079814],[-78.467789,42.079822],[-78.467742,42.079822],[-78.46774,42.07982],[-78.46851,42.07982],[-78.46853,42.0798],[-78.46852,42.07807],[-78.4683,42.07797],[-78.46825,42.07794],[-78.46822,42.07791],[-78.46819,42.07784],[-78.4682,42.07776],[-78.46839,42.07736],[-78.46843,42.07721],[-78.46843,42.0771],[-78.46842,42.07677],[-78.47135,42.07701],[-78.47134,42.07765],[-78.47135,42.07852],[-78.47135,42.078522],[-78.47142,42.08088],[-78.46926,42.08096],[-78.4691,42.08099],[-78.4691,42.0813],[-78.468995,42.081321]]}},{"type":"Feature","properties":{"agency":"Olean Area Transit System","shape_id":"bezn"},"geometry":{"type":"LineString","coordinates":[[-78.42618,42.09153],[-78.42606,42.09148],[-78.42738,42.08856],[-78.42635,42.0881],[-78.42595,42.08785],[-78.42558,42.08757],[-78.42549,42.08749],[-78.42497,42.08689],[-78.4236,42.08511],[-78.42212,42.08337],[-78.42175,42.08287],[-78.42049,42.08111],[-78.42038,42.08092],[-78.42031,42.08079],[-78.42023,42.08058],[-78.42019,42.08002],[-78.41733,42.07962],[-78.41688,42.07954],[-78.41618,42.07939],[-78.41556,42.07922],[-78.41511,42.07908],[-78.41509,42.07915],[-78.41488,42.07963],[-78.41509,42.07915],[-78.41511,42.07908],[-78.41287,42.07836],[-78.41299,42.07813],[-78.41331,42.07763],[-78.41293,42.0775],[-78.41313,42.07716],[-78.41395,42.07594],[-78.41463,42.07614],[-78.41541,42.07642],[-78.41706,42.07705],[-78.41984,42.07809],[-78.41996,42.07811],[-78.42009,42.07812],[-78.42036,42.07812],[-78.4228,42.07782],[-78.42445,42.07764],[-78.42492,42.07762],[-78.42679,42.07762],[-78.42788,42.07761],[-78.42789,42.07802],[-78.429,42.07803],[-78.42982,42.07802],[-78.42985,42.08003],[-78.42985,42.08127],[-78.42984,42.08138],[-78.42979,42.08141],[-78.42976,42.08145],[-78.42975,42.08147],[-78.42975,42.08153],[-78.42979,42.08158],[-78.42985,42.08161],[-78.42987,42.08172],[-78.42987,42.08281],[-78.42986,42.08292],[-78.4298,42.08295],[-78.42976,42.083],[-78.42977,42.08306],[-78.42979,42.0831],[-78.42982,42.08312],[-78.42986,42.08314],[-78.42988,42.08325],[-78.42989,42.08419],[-78.42901,42.08419],[-78.42791,42.0842],[-78.42791,42.08392],[-78.42815,42.0838],[-78.42824,42.08378],[-78.42831,42.08376],[-78.42887,42.08346],[-78.42892,42.08342],[-78.42893,42.08339],[-78.42892,42.08336],[-78.42881,42.08324],[-78.42885,42.08326],[-78.42888,42.08326],[-78.42926,42.08308],[-78.42939,42.08307],[-78.42977,42.08306],[-78.42979,42.0831],[-78.42982,42.08312],[-78.42986,42.08314],[-78.42991,42.08315],[-78.42995,42.08315],[-78.42999,42.08314],[-78.43003,42.08312],[-78.43006,42.08309],[-78.43008,42.08306],[-78.43008,42.08301],[-78.43005,42.08296],[-78.43002,42.08294],[-78.42999,42.08292],[-78.42997,42.08281],[-78.42996,42.08172],[-78.42997,42.08161],[-78.43003,42.08157],[-78.43007,42.08152],[-78.43007,42.08146],[-78.43005,42.08143],[-78.43002,42.0814],[-78.42998,42.08138],[-78.42996,42.08127],[-78.42994,42.08027],[-78.42992,42.07897],[-78.42991,42.07769],[-78.42988,42.0776],[-78.42992,42.07758],[-78.42995,42.07756],[-78.42998,42.07753],[-78.43015,42.07749],[-78.43027,42.07747],[-78.43144,42.07748],[-78.43388,42.07746],[-78.43756,42.07744],[-78.44462,42.07739],[-78.44462,42.07818],[-78.44465,42.07986],[-78.44466,42.08142],[-78.4447,42.08325],[-78.44473,42.08388],[-78.44473,42.083884],[-78.44478,42.08513],[-78.44509,42.08515],[-78.44528,42.08517],[-78.4456,42.08526],[-78.44573,42.0853],[-78.44586,42.08537],[-78.44611,42.0855],[-78.44745,42.08638],[-78.44769,42.08617],[-78.4481,42.08585],[-78.44894,42.08514],[-78.44913,42.08495],[-78.44928,42.08476],[-78.44961,42.08427],[-78.44985,42.08397],[-78.45011,42.08372],[-78.45046,42.08349],[-78.45066,42.08338],[-78.45082,42.08332],[-78.45109,42.08322],[-78.45129,42.08317],[-78.45168,42.08312],[-78.45179,42.08311],[-78.4538,42.08299],[-78.45562,42.0829],[-78.456,42.0829],[-78.45629,42.08293],[-78.45675,42.08303],[-78.45774,42.08328],[-78.45802,42.08332],[-78.45818,42.08334],[-78.45833,42.08335],[-78.46,42.08343],[-78.46035,42.08342],[-78.46065,42.08338],[-78.46269,42.08309],[-78.46291,42.08308],[-78.46322,42.08309],[-78.46334,42.0831],[-78.46337,42.08303],[-78.46339,42.08294],[-78.46336,42.08226],[-78.46335,42.08142],[-78.46336,42.08095],[-78.46336,42.08002],[-78.46647,42.07999],[-78.46646,42.07983],[-78.46745,42.07983],[-78.46851,42.07982],[-78.46853,42.0798],[-78.46852,42.07807],[-78.4683,42.07797],[-78.46825,42.07794],[-78.46822,42.07791],[-78.46819,42.07784],[-78.4682,42.07776],[-78.46839,42.07736],[-78.46843,42.07721],[-78.46843,42.0771],[-78.46842,42.07677],[-78.46953,42.07686],[-78.47176,42.07705],[-78.47201,42.07708],[-78.47237,42.07714],[-78.47274,42.07722],[-78.47344,42.0774],[-78.47398,42.07759],[-78.4744,42.07778],[-78.47474,42.07794],[-78.47516,42.07818],[-78.47698,42.0793],[-78.47807,42.08003],[-78.48034,42.08158],[-78.48117,42.08213],[-78.48157,42.08237],[-78.48335,42.08333],[-78.4849,42.08419],[-78.48574,42.08468],[-78.4883,42.08622],[-78.49126,42.08805],[-78.49285,42.08905],[-78.4944,42.09001],[-78.49445,42.09004],[-78.49506,42.09043],[-78.49535,42.09065],[-78.49597,42.09117],[-78.49587,42.09123],[-78.49535,42.09158],[-78.49535,42.09065],[-78.49791,42.09278],[-78.4983,42.09308],[-78.49912,42.09366],[-78.49962,42.094],[-78.50004,42.09427],[-78.50032,42.09444],[-78.50051,42.09454],[-78.50075,42.09464],[-78.50196,42.09508],[-78.5052,42.09615],[-78.50654,42.09661],[-78.50872,42.09734],[-78.51648,42.09976],[-78.51851,42.10038],[-78.51848,42.10043],[-78.51851,42.10038],[-78.5197,42.10074],[-78.52012,42.10084],[-78.52103,42.10106],[-78.52178,42.10127],[-78.52303,42.10166],[-78.52579,42.10251],[-78.5297,42.10375],[-78.53202,42.10448],[-78.53431,42.10524],[-78.53766,42.10644],[-78.54229,42.10813],[-78.54302,42.10837],[-78.54321,42.10842],[-78.54346,42.10847],[-78.54363,42.10849],[-78.54403,42.10851],[-78.54429,42.10849],[-78.54457,42.10846],[-78.54667,42.10813],[-78.54711,42.10806],[-78.54747,42.10804],[-78.54937,42.10799],[-78.54986,42.10796],[-78.5503,42.10791],[-78.5508,42.10782],[-78.55128,42.1077],[-78.55162,42.10757],[-78.55197,42.10738],[-78.55259,42.10697],[-78.55471,42.10555],[-78.55529,42.10517],[-78.5558,42.10489],[-78.55662,42.1045],[-78.55735,42.10422],[-78.55768,42.10412],[-78.55802,42.10404],[-78.55826,42.104],[-78.55892,42.10391],[-78.55926,42.10385],[-78.55958,42.10377],[-78.55987,42.10367],[-78.56023,42.10352],[-78.56122,42.10308],[-78.56459,42.10169],[-78.56497,42.10151],[-78.56617,42.10085],[-78.56669,42.10058],[-78.56707,42.1004],[-78.57001,42.09915],[-78.57038,42.09897],[-78.57075,42.09877],[-78.57215,42.09789],[-78.57258,42.09769],[-78.57307,42.09751],[-78.57578,42.09671],[-78.57633,42.09656],[-78.5768,42.09645],[-78.577,42.09642],[-78.58013,42.09599],[-78.58139,42.09584],[-78.58267,42.09565],[-78.58514,42.09533],[-78.58686,42.09507],[-78.58907,42.0947],[-78.5907,42.09438],[-78.59185,42.09416],[-78.59266,42.09402],[-78.59291,42.09399],[-78.59349,42.09393],[-78.59375,42.09392],[-78.5942,42.09391],[-78.59495,42.09392],[-78.59531,42.09395],[-78.59569,42.094],[-78.59615,42.0941],[-78.59659,42.09424],[-78.59732,42.09451],[-78.59824,42.09488],[-78.59863,42.09503],[-78.59895,42.09513],[-78.59948,42.09528],[-78.59973,42.09533],[-78.60034,42.09544],[-78.60089,42.09548],[-78.60128,42.09549],[-78.60208,42.09546],[-78.60227,42.09544],[-78.60309,42.09528],[-78.60481,42.0949],[-78.6055,42.09476],[-78.60566,42.09473],[-78.60621,42.0947],[-78.60667,42.09469],[-78.60691,42.0947],[-78.60715,42.09473],[-78.60743,42.09477],[-78.60779,42.09485],[-78.60811,42.09493],[-78.60877,42.09515],[-78.61011,42.09563],[-78.61036,42.09571],[-78.61062,42.09577],[-78.61101,42.09584],[-78.61151,42.09589],[-78.61174,42.09591],[-78.61213,42.09591],[-78.61252,42.09589],[-78.61352,42.09576],[-78.61376,42.09574],[-78.61401,42.09573],[-78.61487,42.09573],[-78.61542,42.09577],[-78.61697,42.09594],[-78.61713,42.09595],[-78.61936,42.09596],[-78.62021,42.09598],[-78.62089,42.09603],[-78.62189,42.09615],[-78.625,42.09666],[-78.6255,42.09673],[-78.62644,42.09684],[-78.62749,42.09691],[-78.6276,42.09631],[-78.62783,42.09478],[-78.62786,42.09428],[-78.62789,42.09413],[-78.62805,42.09351],[-78.62813,42.09325],[-78.62832,42.09273],[-78.62854,42.0923],[-78.62867,42.09234],[-78.62854,42.0923],[-78.62832,42.09273],[-78.62813,42.09325],[-78.62805,42.09351],[-78.62789,42.09413],[-78.62786,42.09428],[-78.62783,42.09478],[-78.6276,42.09631],[-78.62749,42.09691],[-78.62781,42.09696],[-78.63287,42.09738],[-78.63343,42.09747],[-78.63398,42.0976],[-78.63419,42.09765],[-78.63466,42.09781],[-78.63642,42.09848],[-78.63688,42.09868],[-78.63721,42.09884],[-78.6375,42.099],[-78.63792,42.0993],[-78.63814,42.09947],[-78.63983,42.1009],[-78.64034,42.10131],[-78.6405,42.10146],[-78.64105,42.1019],[-78.64149,42.10222],[-78.642,42.10254],[-78.6424,42.10277],[-78.64326,42.10319],[-78.64415,42.10362],[-78.64469,42.1039],[-78.64535,42.10431],[-78.64569,42.10455],[-78.64629,42.10503],[-78.6482,42.1066],[-78.64994,42.10794],[-78.65024,42.10818],[-78.65043,42.10836],[-78.6506,42.10853],[-78.65088,42.10888],[-78.65102,42.10908],[-78.65127,42.10952],[-78.6514,42.10981],[-78.6515,42.11006],[-78.6516,42.11035],[-78.65171,42.11078],[-78.65178,42.11124],[-78.65182,42.11178],[-78.65181,42.11198],[-78.65173,42.1132],[-78.65173,42.11376],[-78.65176,42.1141],[-78.65184,42.11453],[-78.65203,42.11529],[-78.65249,42.11702],[-78.65284,42.1184],[-78.65331,42.12016],[-78.65377,42.12201],[-78.65395,42.12286],[-78.65406,42.12353],[-78.6547,42.12723],[-78.65476,42.12772],[-78.65477,42.12842],[-78.65474,42.12905],[-78.65472,42.12927],[-78.65463,42.12986],[-78.65371,42.13482],[-78.65349,42.13616],[-78.65348,42.13642],[-78.65353,42.13689],[-78.65356,42.13707],[-78.65375,42.13768],[-78.65411,42.13876],[-78.65442,42.13966],[-78.65534,42.14202],[-78.65571,42.14296],[-78.6559,42.14332],[-78.65599,42.14345],[-78.65625,42.14378],[-78.65654,42.14409],[-78.65682,42.14433],[-78.65709,42.14452],[-78.66025,42.14649],[-78.66299,42.14819],[-78.66346,42.14851],[-78.66389,42.14887],[-78.66411,42.14909],[-78.66433,42.14934],[-78.66626,42.15186],[-78.66657,42.15224],[-78.66676,42.15243],[-78.66695,42.1526],[-78.66724,42.15281],[-78.66775,42.15314],[-78.67019,42.15458],[-78.67239,42.15587],[-78.67279,42.15608],[-78.67304,42.15619],[-78.67333,42.15631],[-78.6736,42.1564],[-78.67418,42.15658],[-78.67763,42.15755],[-78.6814,42.15857],[-78.68633,42.15996],[-78.68661,42.16001],[-78.68678,42.16003],[-78.68691,42.16003],[-78.68713,42.16002],[-78.68722,42.16001],[-78.68753,42.15993],[-78.68773,42.15987],[-78.68811,42.15971],[-78.68837,42.15969],[-78.68906,42.15966],[-78.68949,42.15962],[-78.69045,42.15941],[-78.6924,42.15899],[-78.69507,42.15843],[-78.69525,42.15895],[-78.69552,42.15961],[-78.69594,42.16073],[-78.69599,42.16093],[-78.696,42.16103],[-78.696,42.16139],[-78.69586,42.16228],[-78.69577,42.1628],[-78.69558,42.16358],[-78.69502,42.16537],[-78.69494,42.16559],[-78.69487,42.16574],[-78.69475,42.16593],[-78.69427,42.16653],[-78.69457,42.1666],[-78.69427,42.16653],[-78.69475,42.16593],[-78.69487,42.16574],[-78.69494,42.16559],[-78.69502,42.16537],[-78.69558,42.16358],[-78.69577,42.1628],[-78.69586,42.16228],[-78.696,42.16139],[-78.696,42.16103],[-78.69599,42.16093],[-78.69594,42.16073],[-78.69552,42.15961],[-78.69525,42.15895],[-78.69507,42.15843],[-78.69607,42.15822],[-78.69684,42.15804],[-78.69847,42.15757],[-78.69898,42.15744],[-78.69934,42.15737],[-78.70041,42.15718],[-78.70109,42.15706],[-78.70142,42.15699],[-78.70157,42.15697],[-78.70261,42.15678],[-78.70281,42.15673],[-78.70296,42.15668],[-78.70307,42.15662],[-78.70348,42.15631],[-78.70464,42.15543],[-78.7067,42.15381],[-78.70687,42.15371],[-78.707,42.15367],[-78.70725,42.1536],[-78.70751,42.15357],[-78.70772,42.15357],[-78.70798,42.15362],[-78.70937,42.15394],[-78.71021,42.15411],[-78.71338,42.15462],[-78.7148,42.15486],[-78.7161,42.15506],[-78.71588,42.15568],[-78.71534,42.15565],[-78.71588,42.15568],[-78.71574,42.15608],[-78.71568,42.15629],[-78.71533,42.15735],[-78.71514,42.15788],[-78.71496,42.15782],[-78.71475,42.15776],[-78.71434,42.15767],[-78.71339,42.15752],[-78.71213,42.15732],[-78.71093,42.15717],[-78.7103,42.15714],[-78.71009,42.15713],[-78.70893,42.15696],[-78.7088,42.15722],[-78.70872,42.15735],[-78.70868,42.1574],[-78.70853,42.15748],[-78.70843,42.15758],[-78.70827,42.15785],[-78.70819,42.15798],[-78.70816,42.15801],[-78.70802,42.15807],[-78.70795,42.15808],[-78.70788,42.15808],[-78.70779,42.15807],[-78.70715,42.15789],[-78.70697,42.15781],[-78.70693,42.15779],[-78.70681,42.15766],[-78.70679,42.15758],[-78.70681,42.15746],[-78.70686,42.15735],[-78.70692,42.1573],[-78.70697,42.15727],[-78.70723,42.15721],[-78.70728,42.15718],[-78.70732,42.15713],[-78.70735,42.15707],[-78.70742,42.15673],[-78.71009,42.15713],[-78.7103,42.15714],[-78.71023,42.15729],[-78.70972,42.1582],[-78.70969,42.15828],[-78.70971,42.15837],[-78.70975,42.15843],[-78.70986,42.15849],[-78.71071,42.15873],[-78.71125,42.15889],[-78.7114,42.15891],[-78.71155,42.15887],[-78.71164,42.15878],[-78.71188,42.15828],[-78.71212,42.15832],[-78.71313,42.1585],[-78.71298,42.15899],[-78.71298,42.15906],[-78.71299,42.15909],[-78.71298,42.15906],[-78.71298,42.15899],[-78.71304,42.15881],[-78.71394,42.15897],[-78.71473,42.15915],[-78.71589,42.15942],[-78.7165,42.15958],[-78.7167,42.15919],[-78.71699,42.15862],[-78.71686,42.15856],[-78.71577,42.15812],[-78.71514,42.15788],[-78.71533,42.15735],[-78.71568,42.15629],[-78.71574,42.15608],[-78.71588,42.15568],[-78.71534,42.15565],[-78.71588,42.15568],[-78.7161,42.15506],[-78.72168,42.15594],[-78.72419,42.15634],[-78.7318,42.15758],[-78.73647,42.15836],[-78.73659,42.15799],[-78.73663,42.15779],[-78.73666,42.15722],[-78.73632,42.15716],[-78.73666,42.15722],[-78.73663,42.15779],[-78.73659,42.15799],[-78.73647,42.15836],[-78.73638,42.15858],[-78.73601,42.15989],[-78.7364,42.15995],[-78.73652,42.15949],[-78.7364,42.15995],[-78.73675,42.16001],[-78.73684,42.16003],[-78.7369,42.16007],[-78.73694,42.16015],[-78.73695,42.16021],[-78.73693,42.16033],[-78.7362,42.16306],[-78.73633,42.16307],[-78.73673,42.16307],[-78.73804,42.16299],[-78.73853,42.16294],[-78.738859,42.16289],[-78.73886,42.16289],[-78.73978,42.1627],[-78.74059,42.16252],[-78.74125,42.16233],[-78.74235,42.16194],[-78.74333,42.16156],[-78.74307,42.16109],[-78.74276,42.16054],[-78.74373,42.16022],[-78.74372,42.16017],[-78.74378,42.16007],[-78.74393,42.16005],[-78.74436,42.15992],[-78.74434,42.15988],[-78.74486,42.15971],[-78.74434,42.15988],[-78.74415,42.15934],[-78.74462,42.15929],[-78.74535,42.15917],[-78.74569,42.15909],[-78.74613,42.15897],[-78.74669,42.15878],[-78.74694,42.15868],[-78.74717,42.15857],[-78.74758,42.15836],[-78.74796,42.15816],[-78.74823,42.15832],[-78.74835,42.15836],[-78.74846,42.15837],[-78.74859,42.15837],[-78.74927,42.15831],[-78.74977,42.15828],[-78.75036,42.15828],[-78.75094,42.15831],[-78.75172,42.15842],[-78.75322,42.15868],[-78.75568,42.15912],[-78.75619,42.15919],[-78.75699,42.15927],[-78.75752,42.15929],[-78.75836,42.15928],[-78.7588,42.15925],[-78.75927,42.15921],[-78.75981,42.15912],[-78.75939,42.15727],[-78.75937,42.15698],[-78.75938,42.15684],[-78.75942,42.15666],[-78.75952,42.15642],[-78.75964,42.15623],[-78.75976,42.15609],[-78.75985,42.156],[-78.76008,42.15581],[-78.7602,42.15573],[-78.76038,42.15564],[-78.76057,42.15556],[-78.76095,42.15545],[-78.7611,42.15542],[-78.76137,42.15538],[-78.76326,42.15521],[-78.76351,42.15518],[-78.76367,42.15514],[-78.76383,42.15509],[-78.764,42.15501],[-78.76416,42.15491],[-78.76427,42.15482],[-78.76436,42.15472],[-78.76445,42.15459],[-78.76451,42.15447],[-78.76455,42.15435],[-78.76468,42.15358],[-78.76478,42.15322],[-78.7649,42.15295],[-78.76497,42.15281],[-78.76508,42.15265],[-78.76529,42.15243],[-78.76553,42.1522],[-78.76565,42.15212],[-78.76596,42.15195],[-78.76619,42.15185],[-78.76637,42.15178],[-78.76674,42.15166],[-78.76679,42.15175],[-78.76686,42.15183],[-78.7673,42.15207],[-78.76763,42.15222],[-78.76767,42.1523],[-78.76767,42.15233],[-78.76764,42.15236],[-78.76757,42.15244],[-78.76755,42.15248],[-78.76755,42.15253],[-78.76758,42.15257],[-78.76767,42.15263],[-78.76774,42.15258],[-78.76799,42.15238],[-78.7673,42.15207],[-78.76686,42.15183],[-78.76679,42.15175],[-78.76674,42.15166],[-78.76637,42.15178],[-78.76619,42.15185],[-78.76596,42.15195],[-78.76565,42.15212],[-78.76553,42.1522],[-78.76529,42.15243],[-78.76508,42.15265],[-78.76497,42.15281],[-78.7649,42.15295],[-78.76478,42.15322],[-78.76468,42.15358],[-78.76455,42.15435],[-78.76451,42.15447],[-78.76445,42.15459],[-78.76436,42.15472],[-78.76427,42.15482],[-78.76416,42.15491],[-78.764,42.15501],[-78.76383,42.15509],[-78.76367,42.15514],[-78.76351,42.15518],[-78.76326,42.15521],[-78.76137,42.15538],[-78.7611,42.15542],[-78.76095,42.15545],[-78.76057,42.15556],[-78.76038,42.15564],[-78.7602,42.15573],[-78.76008,42.15581],[-78.75985,42.156],[-78.75976,42.15609],[-78.75964,42.15623],[-78.75952,42.15642],[-78.75942,42.15666],[-78.75938,42.15684],[-78.75937,42.15698],[-78.75939,42.15727],[-78.75981,42.15912],[-78.75927,42.15921],[-78.75903,42.15923],[-78.7588,42.15925],[-78.75836,42.15928],[-78.75752,42.15929],[-78.75699,42.15927],[-78.75701,42.15813],[-78.75699,42.15799],[-78.75694,42.15785],[-78.75689,42.15776],[-78.75673,42.15757],[-78.75663,42.1575],[-78.75647,42.15744],[-78.75631,42.15741],[-78.75614,42.15741],[-78.75485,42.1575],[-78.75614,42.15741],[-78.75631,42.15741],[-78.75647,42.15744],[-78.75663,42.1575],[-78.75673,42.15757],[-78.75689,42.15776],[-78.75694,42.15785],[-78.75699,42.15799],[-78.75701,42.15813],[-78.75699,42.15927],[-78.75619,42.15919],[-78.75568,42.15912],[-78.75384,42.15879],[-78.75397,42.15848],[-78.75408,42.15831],[-78.75414,42.1582],[-78.75419,42.15801],[-78.7542,42.15792],[-78.75418,42.15784],[-78.75404,42.15763],[-78.75385,42.15748],[-78.75357,42.15738],[-78.75276,42.15716],[-78.75251,42.15706],[-78.75246,42.15702],[-78.75242,42.15698],[-78.75237,42.15657],[-78.75234,42.15609],[-78.75229,42.156],[-78.75241,42.15592],[-78.75252,42.15586],[-78.75262,42.15583],[-78.75274,42.15582],[-78.75287,42.15583],[-78.75313,42.15588],[-78.75339,42.1559],[-78.75351,42.15598],[-78.75376,42.1563],[-78.75375,42.15632],[-78.75374,42.15635],[-78.75374,42.15638],[-78.75378,42.15642],[-78.75384,42.15644],[-78.75378,42.15642],[-78.75374,42.15638],[-78.75374,42.15635],[-78.75375,42.15632],[-78.75376,42.1563],[-78.75351,42.15598],[-78.75339,42.1559],[-78.75313,42.15588],[-78.75287,42.15583],[-78.75274,42.15582],[-78.75262,42.15583],[-78.75252,42.15586],[-78.75241,42.15592],[-78.75229,42.156],[-78.7522,42.15593],[-78.75199,42.15584],[-78.75176,42.1558],[-78.75147,42.15581],[-78.75131,42.15584],[-78.75109,42.15592],[-78.75102,42.15595],[-78.75092,42.15602],[-78.75067,42.15624],[-78.75009,42.15683],[-78.74978,42.15669],[-78.75014,42.15621],[-78.75057,42.15558],[-78.75071,42.15536],[-78.75164,42.15361],[-78.75174,42.15334],[-78.75211,42.1526],[-78.75219,42.15238],[-78.75221,42.15221],[-78.75217,42.15186],[-78.75186,42.15192],[-78.75173,42.15196],[-78.75162,42.15203],[-78.75139,42.15218],[-78.75122,42.15227],[-78.75091,42.15223],[-78.75072,42.15224],[-78.75048,42.1523],[-78.75005,42.15244]]}},{"type":"Feature","properties":{"agency":"Olean Area Transit System","shape_id":"bz1m"},"geometry":{"type":"LineString","coordinates":[[-78.42618,42.09153],[-78.42606,42.09148],[-78.42738,42.08856],[-78.42635,42.0881],[-78.42595,42.08785],[-78.42558,42.08757],[-78.42549,42.08749],[-78.42497,42.08689],[-78.4236,42.08511],[-78.42212,42.08337],[-78.42175,42.08287],[-78.42171,42.08282],[-78.42156,42.08286],[-78.41886,42.08286],[-78.41741,42.08285],[-78.41661,42.08286],[-78.416605,42.08286],[-78.41604,42.08286],[-78.41524,42.08283],[-78.41385,42.08249],[-78.41363,42.08245],[-78.41488,42.07963],[-78.41509,42.07915],[-78.41511,42.07908],[-78.41287,42.07836],[-78.41299,42.07813],[-78.41331,42.07763],[-78.415054,42.078208],[-78.41506,42.07821],[-78.41551,42.07835],[-78.41654,42.07685],[-78.41984,42.07809],[-78.41996,42.07811],[-78.42009,42.07812],[-78.42036,42.07812],[-78.4228,42.07782],[-78.42445,42.07764],[-78.42492,42.07762],[-78.42679,42.07762],[-78.42788,42.07761],[-78.42789,42.07802],[-78.429,42.07803],[-78.42982,42.07802],[-78.42985,42.08003],[-78.42985,42.08127],[-78.42984,42.08138],[-78.42979,42.08141],[-78.42976,42.08145],[-78.42975,42.08147],[-78.42975,42.08153],[-78.42979,42.08158],[-78.42985,42.08161],[-78.42987,42.08172],[-78.42987,42.08281],[-78.42986,42.08292],[-78.4298,42.08295],[-78.42976,42.083],[-78.42977,42.08306],[-78.42979,42.0831],[-78.42982,42.08312],[-78.42986,42.08314],[-78.42988,42.08325],[-78.42989,42.08419],[-78.42901,42.08419],[-78.42791,42.0842],[-78.42901,42.08419],[-78.42989,42.08419],[-78.42989,42.085],[-78.42988,42.08509],[-78.42984,42.08511],[-78.42981,42.08514],[-78.42978,42.08517],[-78.42978,42.08521],[-78.42978,42.08524],[-78.4298,42.08527],[-78.42984,42.0853],[-78.42988,42.08532],[-78.42992,42.08533],[-78.42997,42.08532],[-78.43001,42.08531],[-78.43004,42.0853],[-78.43009,42.08525],[-78.43037,42.08521],[-78.43321,42.08518],[-78.44231,42.08513],[-78.44478,42.08513],[-78.44509,42.08515],[-78.44528,42.08517],[-78.4456,42.08526],[-78.44573,42.0853],[-78.44586,42.08537],[-78.44611,42.0855],[-78.44745,42.08638],[-78.44769,42.08617],[-78.4481,42.08585],[-78.44894,42.08514],[-78.44913,42.08495],[-78.44928,42.08476],[-78.44961,42.08427],[-78.44985,42.08397],[-78.45011,42.08372],[-78.45046,42.08349],[-78.45066,42.08338],[-78.45082,42.08332],[-78.45109,42.08322],[-78.45129,42.08317],[-78.45168,42.08312],[-78.45179,42.08311],[-78.4538,42.08299],[-78.45562,42.0829],[-78.456,42.0829],[-78.45629,42.08293],[-78.45675,42.08303],[-78.45774,42.08328],[-78.45802,42.08332],[-78.45818,42.08334],[-78.45833,42.08335],[-78.46,42.08343],[-78.46035,42.08342],[-78.46065,42.08338],[-78.46269,42.08309],[-78.46291,42.08308],[-78.46322,42.08309],[-78.46334,42.0831],[-78.46337,42.08303],[-78.46339,42.08294],[-78.46336,42.08226],[-78.46335,42.08142],[-78.46336,42.08095],[-78.46336,42.08002],[-78.46647,42.07999],[-78.46646,42.07983],[-78.46745,42.07983],[-78.46851,42.07982],[-78.46853,42.0798],[-78.46852,42.07807],[-78.4683,42.07797],[-78.46825,42.07794],[-78.46822,42.07791],[-78.46819,42.07784],[-78.4682,42.07776],[-78.46839,42.07736],[-78.46843,42.07721],[-78.46843,42.0771],[-78.46842,42.07677],[-78.46953,42.07686],[-78.47176,42.07705],[-78.47201,42.07708],[-78.47237,42.07714],[-78.47274,42.07722],[-78.47344,42.0774],[-78.47398,42.07759],[-78.4744,42.07778],[-78.47474,42.07794],[-78.47516,42.07818],[-78.47698,42.0793],[-78.47807,42.08003],[-78.48034,42.08158],[-78.48117,42.08213],[-78.48157,42.08237],[-78.48335,42.08333],[-78.4849,42.08419],[-78.48574,42.08468],[-78.4883,42.08622],[-78.49126,42.08805],[-78.49285,42.08905],[-78.4944,42.09001],[-78.49445,42.09004],[-78.49506,42.09043],[-78.49535,42.09065],[-78.49597,42.09117],[-78.49587,42.09123],[-78.49535,42.09158],[-78.49535,42.09065],[-78.49791,42.09278],[-78.4983,42.09308],[-78.49912,42.09366],[-78.49962,42.094],[-78.50004,42.09427],[-78.50032,42.09444],[-78.50051,42.09454],[-78.50075,42.09464],[-78.50092,42.09471],[-78.50196,42.09508],[-78.5052,42.09615],[-78.50654,42.09661],[-78.50872,42.09734],[-78.51648,42.09976],[-78.51916,42.10058],[-78.5197,42.10074],[-78.51998,42.10081],[-78.52103,42.10106],[-78.52178,42.10127],[-78.52303,42.10166],[-78.52579,42.10251],[-78.5297,42.10375],[-78.53202,42.10448],[-78.53431,42.10524],[-78.53766,42.10644],[-78.54229,42.10813],[-78.54302,42.10837],[-78.54321,42.10842],[-78.54346,42.10847],[-78.54363,42.10849],[-78.54403,42.10851],[-78.54429,42.10849],[-78.54457,42.10846],[-78.54667,42.10813],[-78.54711,42.10806],[-78.54747,42.10804],[-78.54937,42.10799],[-78.54986,42.10796],[-78.5503,42.10791],[-78.5508,42.10782],[-78.55128,42.1077],[-78.55162,42.10757],[-78.55197,42.10738],[-78.55259,42.10697],[-78.55471,42.10555],[-78.55529,42.10517],[-78.5558,42.10489],[-78.55662,42.1045],[-78.55735,42.10422],[-78.55768,42.10412],[-78.55802,42.10404],[-78.55826,42.104],[-78.55892,42.10391],[-78.55926,42.10385],[-78.55958,42.10377],[-78.55987,42.10367],[-78.56023,42.10352],[-78.56122,42.10308],[-78.56459,42.10169],[-78.56497,42.10151],[-78.56617,42.10085],[-78.56669,42.10058],[-78.56707,42.1004],[-78.57001,42.09915],[-78.57038,42.09897],[-78.57075,42.09877],[-78.57215,42.09789],[-78.57258,42.09769],[-78.57307,42.09751],[-78.57578,42.09671],[-78.57633,42.09656],[-78.5768,42.09645],[-78.577,42.09642],[-78.58013,42.09599],[-78.58139,42.09584],[-78.58267,42.09565],[-78.58514,42.09533],[-78.58686,42.09507],[-78.58907,42.0947],[-78.5907,42.09438],[-78.59185,42.09416],[-78.59266,42.09402],[-78.59291,42.09399],[-78.59349,42.09393],[-78.59375,42.09392],[-78.5942,42.09391],[-78.59495,42.09392],[-78.59531,42.09395],[-78.59569,42.094],[-78.59615,42.0941],[-78.59659,42.09424],[-78.59732,42.09451],[-78.59824,42.09488],[-78.59863,42.09503],[-78.59895,42.09513],[-78.59948,42.09528],[-78.59973,42.09533],[-78.60034,42.09544],[-78.60089,42.09548],[-78.60128,42.09549],[-78.60208,42.09546],[-78.60227,42.09544],[-78.60309,42.09528],[-78.60481,42.0949],[-78.6055,42.09476],[-78.60566,42.09473],[-78.60621,42.0947],[-78.60667,42.09469],[-78.60691,42.0947],[-78.60715,42.09473],[-78.60743,42.09477],[-78.60779,42.09485],[-78.60811,42.09493],[-78.60877,42.09515],[-78.61011,42.09563],[-78.61036,42.09571],[-78.61062,42.09577],[-78.61101,42.09584],[-78.61151,42.09589],[-78.61174,42.09591],[-78.61213,42.09591],[-78.61252,42.09589],[-78.61352,42.09576],[-78.61376,42.09574],[-78.61401,42.09573],[-78.61487,42.09573],[-78.61542,42.09577],[-78.61697,42.09594],[-78.61713,42.09595],[-78.61936,42.09596],[-78.62021,42.09598],[-78.62089,42.09603],[-78.62189,42.09615],[-78.625,42.09666],[-78.6255,42.09673],[-78.62644,42.09684],[-78.62749,42.09691],[-78.6276,42.09631],[-78.62783,42.09478],[-78.62786,42.09428],[-78.62789,42.09413],[-78.62805,42.09351],[-78.62813,42.09325],[-78.62832,42.09273],[-78.62854,42.0923],[-78.62867,42.09234],[-78.62854,42.0923],[-78.62832,42.09273],[-78.62813,42.09325],[-78.62805,42.09351],[-78.62789,42.09413],[-78.62786,42.09428],[-78.62783,42.09478],[-78.6276,42.09631],[-78.62749,42.09691],[-78.62781,42.09696],[-78.63287,42.09738],[-78.63343,42.09747],[-78.63398,42.0976],[-78.63419,42.09765],[-78.63466,42.09781],[-78.63642,42.09848],[-78.63688,42.09868],[-78.63721,42.09884],[-78.6375,42.099],[-78.63792,42.0993],[-78.63814,42.09947],[-78.63983,42.1009],[-78.64034,42.10131],[-78.6405,42.10146],[-78.64105,42.1019],[-78.64149,42.10222],[-78.642,42.10254],[-78.6424,42.10277],[-78.64326,42.10319],[-78.64415,42.10362],[-78.64469,42.1039],[-78.64535,42.10431],[-78.64569,42.10455],[-78.64629,42.10503],[-78.6482,42.1066],[-78.64994,42.10794],[-78.65024,42.10818],[-78.65043,42.10836],[-78.6506,42.10853],[-78.65088,42.10888],[-78.65102,42.10908],[-78.65127,42.10952],[-78.6514,42.10981],[-78.6515,42.11006],[-78.6516,42.11035],[-78.65171,42.11078],[-78.65178,42.11124],[-78.65182,42.11178],[-78.65181,42.11198],[-78.65173,42.1132],[-78.65173,42.11376],[-78.65176,42.1141],[-78.65184,42.11453],[-78.65203,42.11529],[-78.65249,42.11702],[-78.65284,42.1184],[-78.65331,42.12016],[-78.65377,42.12201],[-78.65395,42.12286],[-78.65406,42.12353],[-78.6547,42.12723],[-78.65476,42.12772],[-78.65477,42.12842],[-78.65474,42.12905],[-78.65472,42.12927],[-78.65463,42.12986],[-78.65371,42.13482],[-78.65349,42.13616],[-78.65348,42.13642],[-78.65353,42.13689],[-78.65356,42.13707],[-78.65375,42.13768],[-78.65411,42.13876],[-78.65442,42.13966],[-78.65534,42.14202],[-78.65571,42.14296],[-78.6559,42.14332],[-78.65599,42.14345],[-78.65625,42.14378],[-78.65654,42.14409],[-78.65682,42.14433],[-78.65709,42.14452],[-78.66025,42.14649],[-78.66299,42.14819],[-78.66346,42.14851],[-78.66389,42.14887],[-78.66411,42.14909],[-78.66433,42.14934],[-78.66626,42.15186],[-78.66657,42.15224],[-78.66676,42.15243],[-78.66695,42.1526],[-78.66724,42.15281],[-78.66775,42.15314],[-78.67019,42.15458],[-78.67239,42.15587],[-78.67279,42.15608],[-78.67304,42.15619],[-78.67333,42.15631],[-78.6736,42.1564],[-78.67418,42.15658],[-78.67763,42.15755],[-78.6814,42.15857],[-78.68633,42.15996],[-78.68661,42.16001],[-78.68678,42.16003],[-78.68691,42.16003],[-78.68713,42.16002],[-78.68722,42.16001],[-78.68753,42.15993],[-78.68773,42.15987],[-78.68811,42.15971],[-78.68837,42.15969],[-78.68906,42.15966],[-78.68949,42.15962],[-78.69045,42.15941],[-78.6924,42.15899],[-78.69507,42.15843],[-78.69525,42.15895],[-78.69552,42.15961],[-78.69594,42.16073],[-78.69599,42.16093],[-78.696,42.16103],[-78.696,42.16139],[-78.69586,42.16228],[-78.69577,42.1628],[-78.69558,42.16358],[-78.69502,42.16537],[-78.69494,42.16559],[-78.69487,42.16574],[-78.69475,42.16593],[-78.69427,42.16653],[-78.69457,42.1666],[-78.69427,42.16653],[-78.69475,42.16593],[-78.69487,42.16574],[-78.69494,42.16559],[-78.69502,42.16537],[-78.69558,42.16358],[-78.69577,42.1628],[-78.69586,42.16228],[-78.696,42.16139],[-78.696,42.16103],[-78.69599,42.16093],[-78.69594,42.16073],[-78.69552,42.15961],[-78.69525,42.15895],[-78.69507,42.15843],[-78.69607,42.15822],[-78.69684,42.15804],[-78.69847,42.15757],[-78.69898,42.15744],[-78.69934,42.15737],[-78.70041,42.15718],[-78.70109,42.15706],[-78.70142,42.15699],[-78.70157,42.15697],[-78.70261,42.15678],[-78.70281,42.15673],[-78.70296,42.15668],[-78.70307,42.15662],[-78.70348,42.15631],[-78.70464,42.15543],[-78.7067,42.15381],[-78.70687,42.15371],[-78.707,42.15367],[-78.70725,42.1536],[-78.70751,42.15357],[-78.70772,42.15357],[-78.70798,42.15362],[-78.70937,42.15394],[-78.71021,42.15411],[-78.71338,42.15462],[-78.7148,42.15486],[-78.7161,42.15506],[-78.71588,42.15568],[-78.71534,42.15565],[-78.71588,42.15568],[-78.71574,42.15608],[-78.71568,42.15629],[-78.71533,42.15735],[-78.71514,42.15788],[-78.71496,42.15782],[-78.71475,42.15776],[-78.71434,42.15767],[-78.71339,42.15752],[-78.71213,42.15732],[-78.71093,42.15717],[-78.7103,42.15714],[-78.71023,42.15729],[-78.709851,42.157959],[-78.70985,42.15796],[-78.70972,42.1582],[-78.70969,42.15828],[-78.70971,42.15837],[-78.70975,42.15843],[-78.70986,42.15849],[-78.71071,42.15873],[-78.71125,42.15889],[-78.7114,42.15891],[-78.71155,42.15887],[-78.71164,42.15878],[-78.71188,42.15828],[-78.71212,42.15832],[-78.71313,42.1585],[-78.71298,42.15899],[-78.71298,42.15906],[-78.71299,42.15909],[-78.71298,42.15906],[-78.71298,42.15899],[-78.71304,42.15881],[-78.71394,42.15897],[-78.71473,42.15915],[-78.71589,42.15942],[-78.7165,42.15958],[-78.7167,42.15919],[-78.71699,42.15862],[-78.71686,42.15856],[-78.71577,42.15812],[-78.71514,42.15788],[-78.71533,42.15735],[-78.71568,42.15629],[-78.71574,42.15608],[-78.71588,42.15568],[-78.71534,42.15565],[-78.71588,42.15568],[-78.7161,42.15506],[-78.72168,42.15594],[-78.72419,42.15634],[-78.7318,42.15758],[-78.73647,42.15836],[-78.73659,42.15799],[-78.73663,42.15779],[-78.73666,42.15722],[-78.73632,42.15716],[-78.73666,42.15722],[-78.73663,42.15779],[-78.73659,42.15799],[-78.73647,42.15836],[-78.73638,42.15858],[-78.73601,42.15989],[-78.7364,42.15995],[-78.73652,42.15949],[-78.7364,42.15995],[-78.73675,42.16001],[-78.73684,42.16003],[-78.7369,42.16007],[-78.73694,42.16015],[-78.73695,42.16021],[-78.73693,42.16033],[-78.7362,42.16306],[-78.73633,42.16307],[-78.73673,42.16307],[-78.73804,42.16299],[-78.73853,42.16294],[-78.73885,42.16289],[-78.73937,42.16279],[-78.739373,42.162789],[-78.73978,42.1627],[-78.74059,42.16252],[-78.74125,42.16233],[-78.74235,42.16194],[-78.74333,42.16156],[-78.74307,42.16109],[-78.74276,42.16054],[-78.74373,42.16022],[-78.74372,42.16017],[-78.74378,42.16007],[-78.74393,42.16005],[-78.74436,42.15992],[-78.74434,42.15988],[-78.74486,42.15971],[-78.74434,42.15988],[-78.74415,42.15934],[-78.74462,42.15929],[-78.74535,42.15917],[-78.74569,42.15909],[-78.74613,42.15897],[-78.74669,42.15878],[-78.74694,42.15868],[-78.74717,42.15857],[-78.74758,42.15836],[-78.74796,42.15816],[-78.74823,42.15832],[-78.74835,42.15836],[-78.74846,42.15837],[-78.74859,42.15837],[-78.74927,42.15831],[-78.74977,42.15828],[-78.75036,42.15828],[-78.75094,42.15831],[-78.75172,42.15842],[-78.75322,42.15868],[-78.75568,42.15912],[-78.75619,42.15919],[-78.75699,42.15927],[-78.75752,42.15929],[-78.75836,42.15928],[-78.7588,42.15925],[-78.75927,42.15921],[-78.75981,42.15912],[-78.75939,42.15727],[-78.75937,42.15698],[-78.75938,42.15684],[-78.75942,42.15666],[-78.75952,42.15642],[-78.75964,42.15623],[-78.75976,42.15609],[-78.75985,42.156],[-78.76008,42.15581],[-78.7602,42.15573],[-78.76038,42.15564],[-78.76057,42.15556],[-78.76095,42.15545],[-78.7611,42.15542],[-78.76137,42.15538],[-78.76326,42.15521],[-78.76351,42.15518],[-78.76367,42.15514],[-78.76383,42.15509],[-78.764,42.15501],[-78.76416,42.15491],[-78.76427,42.15482],[-78.76436,42.15472],[-78.76445,42.15459],[-78.76451,42.15447],[-78.76455,42.15435],[-78.76468,42.15358],[-78.76478,42.15322],[-78.7649,42.15295],[-78.76497,42.15281],[-78.76508,42.15265],[-78.76529,42.15243],[-78.76553,42.1522],[-78.76565,42.15212],[-78.76596,42.15195],[-78.76619,42.15185],[-78.76637,42.15178],[-78.76674,42.15166],[-78.76679,42.15175],[-78.76686,42.15183],[-78.7673,42.15207],[-78.76763,42.15222],[-78.76767,42.1523],[-78.76767,42.15233],[-78.76764,42.15236],[-78.76757,42.15244],[-78.76755,42.15248],[-78.76755,42.15253],[-78.76758,42.15257],[-78.76767,42.15263],[-78.76774,42.15258],[-78.76799,42.15238],[-78.7673,42.15207],[-78.76686,42.15183],[-78.76679,42.15175],[-78.76674,42.15166],[-78.76637,42.15178],[-78.76619,42.15185],[-78.76596,42.15195],[-78.76565,42.15212],[-78.76553,42.1522],[-78.76529,42.15243],[-78.76508,42.15265],[-78.76497,42.15281],[-78.7649,42.15295],[-78.76478,42.15322],[-78.76468,42.15358],[-78.76455,42.15435],[-78.76451,42.15447],[-78.76445,42.15459],[-78.76436,42.15472],[-78.76427,42.15482],[-78.76416,42.15491],[-78.764,42.15501],[-78.76383,42.15509],[-78.76367,42.15514],[-78.76351,42.15518],[-78.76326,42.15521],[-78.76137,42.15538],[-78.7611,42.15542],[-78.76095,42.15545],[-78.76057,42.15556],[-78.76038,42.15564],[-78.7602,42.15573],[-78.76008,42.15581],[-78.75985,42.156],[-78.75976,42.15609],[-78.75964,42.15623],[-78.75952,42.15642],[-78.75942,42.15666],[-78.75938,42.15684],[-78.75937,42.15698],[-78.75939,42.15727],[-78.75981,42.15912],[-78.75927,42.15921],[-78.75903,42.15923],[-78.7588,42.15925],[-78.75836,42.15928],[-78.75752,42.15929],[-78.75699,42.15927],[-78.75619,42.15919],[-78.75568,42.15912],[-78.75322,42.15868],[-78.75172,42.15842],[-78.75094,42.15831],[-78.75036,42.15828],[-78.74977,42.15828],[-78.74927,42.15831],[-78.74859,42.15837],[-78.74846,42.15837],[-78.74835,42.15836],[-78.74823,42.15832],[-78.74796,42.15816],[-78.74816,42.15803],[-78.74887,42.15748],[-78.74978,42.15669],[-78.75014,42.15621],[-78.75057,42.15558],[-78.75071,42.15536],[-78.75164,42.15361],[-78.75174,42.15334],[-78.75211,42.1526],[-78.75219,42.15238],[-78.75221,42.15221],[-78.75217,42.15186],[-78.75186,42.15192],[-78.75173,42.15196],[-78.75162,42.15203],[-78.75139,42.15218],[-78.75122,42.15227],[-78.75091,42.15223],[-78.75072,42.15224],[-78.75048,42.1523],[-78.75005,42.15244]]}},{"type":"Feature","properties":{"agency":"Olean Area Transit System","shape_id":"c8b6"},"geometry":{"type":"LineString","coordinates":[[-78.75005,42.15244],[-78.74966,42.15257],[-78.74962,42.15265],[-78.74961,42.15274],[-78.74966,42.15285],[-78.7499,42.15279],[-78.75035,42.15265],[-78.75072,42.15252],[-78.751,42.1524],[-78.75139,42.15218],[-78.75162,42.15203],[-78.75173,42.15196],[-78.75186,42.15192],[-78.75217,42.15186],[-78.75221,42.15221],[-78.75219,42.15238],[-78.75211,42.1526],[-78.75174,42.15334],[-78.75164,42.15361],[-78.75071,42.15536],[-78.75057,42.15558],[-78.75014,42.15621],[-78.74978,42.15669],[-78.74887,42.15748],[-78.74816,42.15803],[-78.74796,42.15816],[-78.74758,42.15836],[-78.74717,42.15857],[-78.74694,42.15868],[-78.74669,42.15878],[-78.74613,42.15897],[-78.74569,42.15909],[-78.74547,42.15914],[-78.74492,42.15924],[-78.74481,42.15887],[-78.74492,42.15924],[-78.74462,42.15929],[-78.74415,42.15934],[-78.74434,42.15988],[-78.74486,42.15971],[-78.74434,42.15988],[-78.74415,42.15934],[-78.74342,42.15937],[-78.74295,42.15936],[-78.74224,42.15931],[-78.73896,42.15876],[-78.73624,42.15832],[-78.73252,42.1577],[-78.732391,42.157949],[-78.73239,42.15795],[-78.73252,42.1577],[-78.72419,42.15634],[-78.72168,42.15594],[-78.7161,42.15506],[-78.7148,42.15486],[-78.71338,42.15462],[-78.71021,42.15411],[-78.70937,42.15394],[-78.70798,42.15362],[-78.70772,42.15357],[-78.70751,42.15357],[-78.70725,42.1536],[-78.707,42.15367],[-78.70687,42.15371],[-78.7067,42.15381],[-78.70464,42.15543],[-78.70348,42.15631],[-78.70307,42.15662],[-78.70296,42.15668],[-78.70281,42.15673],[-78.70261,42.15678],[-78.70157,42.15697],[-78.70142,42.15699],[-78.70109,42.15706],[-78.70041,42.15718],[-78.69934,42.15737],[-78.69898,42.15744],[-78.69847,42.15757],[-78.69684,42.15804],[-78.6967,42.15807],[-78.69607,42.15822],[-78.6924,42.15899],[-78.69045,42.15941],[-78.68949,42.15962],[-78.68906,42.15966],[-78.68837,42.15969],[-78.68811,42.15971],[-78.68773,42.15987],[-78.68753,42.15993],[-78.68722,42.16001],[-78.68713,42.16002],[-78.68678,42.16003],[-78.68661,42.16001],[-78.68633,42.15996],[-78.6814,42.15857],[-78.67763,42.15755],[-78.67418,42.15658],[-78.6736,42.1564],[-78.67333,42.15631],[-78.67279,42.15608],[-78.67239,42.15587],[-78.67019,42.15458],[-78.66775,42.15314],[-78.66724,42.15281],[-78.66695,42.1526],[-78.66676,42.15243],[-78.66657,42.15224],[-78.66626,42.15186],[-78.66433,42.14934],[-78.66411,42.14909],[-78.66389,42.14887],[-78.66346,42.14851],[-78.66299,42.14819],[-78.65709,42.14452],[-78.65682,42.14433],[-78.65654,42.14409],[-78.65625,42.14378],[-78.65599,42.14345],[-78.6559,42.14332],[-78.65571,42.14296],[-78.65534,42.14202],[-78.65442,42.13966],[-78.65411,42.13876],[-78.65375,42.13768],[-78.65356,42.13707],[-78.65353,42.13689],[-78.65348,42.13642],[-78.65349,42.13616],[-78.65359,42.1355],[-78.65371,42.13482],[-78.65463,42.12986],[-78.65472,42.12927],[-78.65474,42.12905],[-78.65477,42.12842],[-78.65476,42.12772],[-78.6547,42.12723],[-78.65465,42.12695],[-78.65392,42.12272],[-78.65377,42.12201],[-78.65331,42.12016],[-78.652679,42.117796],[-78.65268,42.1178],[-78.65248,42.11701],[-78.65203,42.11532],[-78.65184,42.11453],[-78.65176,42.1141],[-78.65173,42.11376],[-78.65174,42.11335],[-78.65172,42.11319],[-78.65181,42.11198],[-78.65182,42.11178],[-78.65178,42.11124],[-78.65171,42.11078],[-78.6516,42.11035],[-78.6515,42.11006],[-78.6514,42.10981],[-78.65127,42.10952],[-78.65102,42.10908],[-78.65088,42.10888],[-78.6506,42.10853],[-78.65043,42.10836],[-78.65024,42.10818],[-78.64994,42.10794],[-78.6482,42.1066],[-78.64629,42.10503],[-78.64569,42.10455],[-78.64535,42.10431],[-78.64469,42.1039],[-78.64415,42.10362],[-78.64326,42.10319],[-78.6424,42.10277],[-78.642,42.10254],[-78.64149,42.10222],[-78.64105,42.1019],[-78.6405,42.10146],[-78.64034,42.10131],[-78.63983,42.1009],[-78.63814,42.09947],[-78.63792,42.0993],[-78.6375,42.099],[-78.63721,42.09884],[-78.63688,42.09868],[-78.63642,42.09848],[-78.63466,42.09781],[-78.63419,42.09765],[-78.63398,42.0976],[-78.63343,42.09747],[-78.63287,42.09738],[-78.62781,42.09696],[-78.62749,42.09691],[-78.62644,42.09684],[-78.6255,42.09673],[-78.625,42.09666],[-78.62189,42.09615],[-78.62089,42.09603],[-78.62021,42.09598],[-78.61936,42.09596],[-78.61713,42.09595],[-78.61697,42.09594],[-78.61542,42.09577],[-78.61487,42.09573],[-78.61401,42.09573],[-78.61376,42.09574],[-78.61352,42.09576],[-78.61252,42.09589],[-78.61213,42.09591],[-78.61174,42.09591],[-78.61151,42.09589],[-78.61101,42.09584],[-78.61062,42.09577],[-78.61036,42.09571],[-78.61011,42.09563],[-78.60877,42.09515],[-78.60811,42.09493],[-78.60779,42.09485],[-78.60743,42.09477],[-78.60715,42.09473],[-78.60691,42.0947],[-78.60667,42.09469],[-78.60621,42.0947],[-78.60566,42.09473],[-78.6055,42.09476],[-78.60481,42.0949],[-78.60309,42.09528],[-78.60227,42.09544],[-78.60208,42.09546],[-78.60128,42.09549],[-78.60089,42.09548],[-78.60034,42.09544],[-78.59973,42.09533],[-78.59948,42.09528],[-78.59895,42.09513],[-78.59863,42.09503],[-78.59824,42.09488],[-78.59732,42.09451],[-78.59659,42.09424],[-78.59615,42.0941],[-78.59569,42.094],[-78.59531,42.09395],[-78.59495,42.09392],[-78.5942,42.09391],[-78.59375,42.09392],[-78.59349,42.09393],[-78.59291,42.09399],[-78.59266,42.09402],[-78.59185,42.09416],[-78.5907,42.09438],[-78.58907,42.0947],[-78.58686,42.09507],[-78.58514,42.09533],[-78.58267,42.09565],[-78.58139,42.09584],[-78.57976,42.09604],[-78.577,42.09642],[-78.5768,42.09645],[-78.57633,42.09656],[-78.575513,42.096789],[-78.57551,42.09679],[-78.57307,42.09751],[-78.57258,42.09769],[-78.57215,42.09789],[-78.57075,42.09877],[-78.57038,42.09897],[-78.57001,42.09915],[-78.56707,42.1004],[-78.56669,42.10058],[-78.56617,42.10085],[-78.56497,42.10151],[-78.56459,42.10169],[-78.56122,42.10308],[-78.56023,42.10352],[-78.55987,42.10367],[-78.55958,42.10377],[-78.55926,42.10385],[-78.55892,42.10391],[-78.55826,42.104],[-78.55802,42.10404],[-78.55768,42.10412],[-78.55735,42.10422],[-78.55662,42.1045],[-78.5558,42.10489],[-78.55529,42.10517],[-78.55471,42.10555],[-78.55259,42.10697],[-78.55197,42.10738],[-78.55162,42.10757],[-78.55128,42.1077],[-78.5508,42.10782],[-78.5503,42.10791],[-78.54986,42.10796],[-78.54937,42.10799],[-78.54747,42.10804],[-78.54711,42.10806],[-78.54667,42.10813],[-78.54457,42.10846],[-78.54429,42.10849],[-78.54403,42.10851],[-78.54363,42.10849],[-78.54346,42.10847],[-78.54321,42.10842],[-78.54302,42.10837],[-78.54229,42.10813],[-78.53766,42.10644],[-78.53431,42.10524],[-78.53202,42.10448],[-78.5297,42.10375],[-78.52579,42.10251],[-78.52303,42.10166],[-78.52178,42.10127],[-78.52103,42.10106],[-78.51998,42.10081],[-78.5197,42.10074],[-78.51916,42.10058],[-78.51648,42.09976],[-78.50872,42.09734],[-78.50654,42.09661],[-78.5052,42.09615],[-78.50196,42.09508],[-78.50075,42.09464],[-78.50051,42.09454],[-78.50032,42.09444],[-78.50004,42.09427],[-78.49962,42.094],[-78.49912,42.09366],[-78.4983,42.09308],[-78.49791,42.09278],[-78.49535,42.09065],[-78.49506,42.09043],[-78.49445,42.09004],[-78.4944,42.09001],[-78.49285,42.08905],[-78.49006,42.0873],[-78.4883,42.08622],[-78.48574,42.08468],[-78.4849,42.08419],[-78.48335,42.08333],[-78.48157,42.08237],[-78.48117,42.08213],[-78.48034,42.08158],[-78.47807,42.08003],[-78.47698,42.0793],[-78.47516,42.07818],[-78.47474,42.07794],[-78.4744,42.07778],[-78.47398,42.07759],[-78.47344,42.0774],[-78.47274,42.07722],[-78.47237,42.07714],[-78.47201,42.07708],[-78.47176,42.07705],[-78.46953,42.07686],[-78.46842,42.07677],[-78.46843,42.0771],[-78.46843,42.07721],[-78.46839,42.07736],[-78.4682,42.07776],[-78.46819,42.07784],[-78.46822,42.07791],[-78.46825,42.07794],[-78.4683,42.07797],[-78.46852,42.07807],[-78.46853,42.0798],[-78.46851,42.07982],[-78.46772,42.07982],[-78.46646,42.07983],[-78.46649,42.08104],[-78.46687,42.08104],[-78.46694,42.08107],[-78.46698,42.08111],[-78.46707,42.0812],[-78.4673,42.0816],[-78.46731,42.08165],[-78.46733,42.08178],[-78.46734,42.08232],[-78.46734,42.08337],[-78.46608,42.08349],[-78.4657,42.08351],[-78.46522,42.08349],[-78.46487,42.08345],[-78.4645,42.08337],[-78.46347,42.08312],[-78.46322,42.08309],[-78.46291,42.08308],[-78.46269,42.08309],[-78.46065,42.08338],[-78.46035,42.08342],[-78.46,42.08343],[-78.45833,42.08335],[-78.45818,42.08334],[-78.45802,42.08332],[-78.45774,42.08328],[-78.45675,42.08303],[-78.45629,42.08293],[-78.456,42.0829],[-78.45562,42.0829],[-78.4538,42.08299],[-78.45179,42.08311],[-78.45168,42.08312],[-78.45129,42.08317],[-78.45109,42.08322],[-78.45082,42.08332],[-78.45066,42.08338],[-78.45046,42.08349],[-78.45011,42.08372],[-78.44985,42.08397],[-78.44961,42.08427],[-78.44928,42.08476],[-78.44913,42.08495],[-78.44894,42.08514],[-78.4481,42.08585],[-78.44769,42.08617],[-78.44745,42.08638],[-78.44669,42.08588],[-78.44611,42.0855],[-78.44586,42.08537],[-78.44573,42.0853],[-78.4456,42.08526],[-78.44528,42.08517],[-78.44509,42.08515],[-78.44478,42.08513],[-78.4447,42.08325],[-78.44466,42.08142],[-78.44465,42.07986],[-78.44463,42.07863],[-78.4441,42.07863],[-78.44463,42.07863],[-78.44462,42.07818],[-78.44462,42.07739],[-78.43756,42.07744],[-78.43388,42.07746],[-78.43144,42.07748],[-78.43027,42.07747],[-78.43015,42.07745],[-78.42998,42.07746],[-78.42996,42.07743],[-78.42991,42.07739],[-78.42985,42.07737],[-78.42979,42.07737],[-78.42976,42.07738],[-78.4297,42.07741],[-78.42968,42.07743],[-78.42966,42.07748],[-78.42967,42.07754],[-78.42969,42.07756],[-78.42972,42.07759],[-78.42976,42.0776],[-78.42982,42.07769],[-78.42985,42.08003],[-78.42985,42.08127],[-78.42984,42.08138],[-78.42979,42.08141],[-78.42976,42.08145],[-78.42975,42.08147],[-78.42975,42.08153],[-78.42979,42.08158],[-78.42985,42.08161],[-78.42987,42.08172],[-78.42987,42.08281],[-78.42986,42.08292],[-78.4298,42.08295],[-78.42976,42.083],[-78.42977,42.08306],[-78.42979,42.0831],[-78.42982,42.08312],[-78.42986,42.08314],[-78.42988,42.08325],[-78.42989,42.08419],[-78.42901,42.08419],[-78.42791,42.0842],[-78.42901,42.08419],[-78.42989,42.08419],[-78.42989,42.085],[-78.42988,42.08509],[-78.42984,42.08511],[-78.42981,42.08514],[-78.42978,42.08517],[-78.42978,42.08521],[-78.42978,42.08524],[-78.4298,42.08527],[-78.42984,42.0853],[-78.42988,42.08532],[-78.4299,42.08541],[-78.42991,42.08569],[-78.42991,42.085691],[-78.42991,42.08686],[-78.42989,42.08696],[-78.42984,42.08698],[-78.42967,42.08701],[-78.42934,42.08703],[-78.42868,42.08702],[-78.42843,42.08704],[-78.42826,42.08708],[-78.42808,42.08718],[-78.42799,42.08725],[-78.42791,42.08735],[-78.42743,42.08841],[-78.42738,42.08856],[-78.42645,42.09063],[-78.42673,42.09071],[-78.42692,42.09083],[-78.42734,42.09093]]}},{"type":"Feature","properties":{"agency":"Olean Area Transit System","shape_id":"ejd7"},"geometry":{"type":"LineString","coordinates":[[-78.44833,42.08213],[-78.4482,42.08207],[-78.4482,42.08141],[-78.44817,42.07984],[-78.44744,42.07985],[-78.44745,42.07993],[-78.44744,42.07985],[-78.44585,42.07985],[-78.44583,42.07907],[-78.44583,42.079066],[-78.4458,42.07739],[-78.44396,42.07739],[-78.43521,42.07746],[-78.43388,42.07746],[-78.43249,42.07747],[-78.43248,42.07627],[-78.43251,42.07532],[-78.43251,42.07506],[-78.4325,42.07464],[-78.4313,42.07465],[-78.43028,42.07464],[-78.43006,42.07465],[-78.42983,42.07469],[-78.42982,42.0722],[-78.42985,42.07137],[-78.43,42.06983],[-78.43004,42.06963],[-78.43009,42.06951],[-78.43024,42.06929],[-78.43086,42.06867],[-78.43131,42.0682],[-78.43265,42.06666],[-78.4332,42.06606],[-78.43339,42.06592],[-78.43358,42.0658],[-78.43391,42.06563],[-78.43456,42.06539],[-78.43515,42.06519],[-78.43569,42.06499],[-78.43625,42.06473],[-78.43658,42.06456],[-78.43703,42.06429],[-78.4371,42.06437],[-78.43714,42.06446],[-78.43716,42.06454],[-78.43715,42.0649],[-78.43783,42.06489],[-78.43783,42.06535],[-78.43783,42.06616],[-78.43782,42.0662],[-78.4378,42.06624],[-78.43777,42.06626],[-78.43774,42.06626],[-78.437737,42.06626],[-78.43714,42.06628],[-78.43716,42.06454],[-78.43714,42.06446],[-78.4371,42.06437],[-78.43703,42.06429],[-78.43658,42.06456],[-78.43625,42.06473],[-78.43569,42.06499],[-78.43515,42.06519],[-78.43456,42.06539],[-78.43391,42.06563],[-78.43358,42.0658],[-78.43339,42.06592],[-78.4332,42.06606],[-78.43265,42.06666],[-78.43131,42.0682],[-78.43086,42.06867],[-78.43024,42.06929],[-78.43009,42.06951],[-78.43004,42.06963],[-78.43,42.06983],[-78.42985,42.07137],[-78.42984,42.07168],[-78.42982,42.0722],[-78.42983,42.07339],[-78.42982,42.07339],[-78.42983,42.07339],[-78.42983,42.07469],[-78.42982,42.07556],[-78.42985,42.07716],[-78.42984,42.07727],[-78.42979,42.07737],[-78.42976,42.07738],[-78.4297,42.07741],[-78.42968,42.07743],[-78.42966,42.07748],[-78.4284,42.07758],[-78.42788,42.07761],[-78.42679,42.07762],[-78.42492,42.07762],[-78.42445,42.07764],[-78.4228,42.07782],[-78.42036,42.07812],[-78.42009,42.07812],[-78.42009,42.07829],[-78.42013,42.07911],[-78.41991,42.07905],[-78.41782,42.07825],[-78.417817,42.078249],[-78.41604,42.07758],[-78.41556,42.07741],[-78.4149,42.07721],[-78.41424,42.07698],[-78.41342,42.07672],[-78.41323,42.07701],[-78.41342,42.07672],[-78.41223,42.07634],[-78.41096,42.07591],[-78.410956,42.075908],[-78.41089,42.07588],[-78.4112,42.07517],[-78.40752,42.07413],[-78.40604,42.07372],[-78.4039,42.0731],[-78.40305,42.07481],[-78.403,42.07495],[-78.40299,42.07509],[-78.40299,42.075541],[-78.40298,42.07602],[-78.40544,42.07604],[-78.40583,42.07605],[-78.4059,42.07606],[-78.40907,42.07711],[-78.41149,42.07789],[-78.41287,42.07836],[-78.41511,42.07908],[-78.41509,42.07915],[-78.41488,42.07963],[-78.41509,42.07915],[-78.41511,42.07908],[-78.41556,42.07922],[-78.41618,42.07939],[-78.41688,42.07954],[-78.41733,42.07962],[-78.42019,42.08002],[-78.42023,42.08058],[-78.42031,42.08079],[-78.42038,42.08092],[-78.42049,42.08111],[-78.42175,42.08287],[-78.42212,42.08337],[-78.4236,42.08511],[-78.42497,42.08689],[-78.42549,42.08749],[-78.42558,42.08757],[-78.42595,42.08785],[-78.42635,42.0881],[-78.42738,42.08856],[-78.42606,42.09148],[-78.42618,42.09153],[-78.42606,42.09148],[-78.42738,42.08856],[-78.42743,42.08841],[-78.42791,42.08735],[-78.42799,42.08725],[-78.42808,42.08718],[-78.42803,42.08714],[-78.42796,42.08706],[-78.42794,42.08702],[-78.42792,42.0869],[-78.42793,42.08601],[-78.42791,42.0842],[-78.42901,42.08419],[-78.42989,42.08419],[-78.42989,42.085],[-78.42988,42.08509],[-78.42984,42.08511],[-78.42981,42.08514],[-78.42978,42.08517],[-78.42978,42.08521],[-78.42978,42.08524],[-78.4298,42.08527],[-78.42984,42.0853],[-78.42988,42.08532],[-78.42992,42.08533],[-78.42997,42.08532],[-78.43001,42.08531],[-78.43004,42.0853],[-78.43009,42.08525],[-78.43037,42.08521],[-78.4314,42.0852],[-78.43141,42.08564],[-78.43143,42.08776],[-78.43159,42.08787],[-78.4317,42.08795],[-78.43188,42.08813],[-78.43197,42.08825],[-78.43349,42.09038],[-78.43418,42.09138],[-78.43449,42.09179],[-78.43446,42.09181],[-78.43628,42.09094],[-78.43606,42.09068],[-78.43597,42.09055],[-78.43591,42.09036],[-78.435801,42.089744],[-78.4358,42.08974],[-78.43549,42.08805],[-78.43528,42.08679],[-78.43524,42.08568],[-78.43524,42.08517],[-78.44115,42.08513],[-78.44478,42.08513],[-78.44478,42.08515],[-78.44478,42.08513],[-78.44509,42.08515],[-78.44528,42.08517],[-78.4456,42.08526],[-78.44573,42.0853],[-78.44586,42.08537],[-78.44611,42.0855],[-78.44745,42.08638],[-78.44769,42.08617],[-78.4481,42.08585],[-78.44894,42.08514],[-78.44913,42.08495],[-78.44928,42.08476],[-78.44961,42.08427],[-78.44985,42.08397],[-78.45011,42.08372],[-78.45046,42.08349],[-78.45066,42.08338],[-78.45082,42.08332],[-78.45109,42.08322],[-78.45129,42.08317],[-78.45168,42.08312],[-78.45179,42.08311],[-78.4538,42.08299],[-78.45562,42.0829],[-78.456,42.0829],[-78.45629,42.08293],[-78.45675,42.08303],[-78.45774,42.08328],[-78.45818,42.08334],[-78.46,42.08343],[-78.46035,42.08342],[-78.46065,42.08338],[-78.46269,42.08309],[-78.46291,42.08308],[-78.46322,42.08309],[-78.46347,42.08312],[-78.4645,42.08337],[-78.46487,42.08345],[-78.46522,42.08349],[-78.4657,42.08351],[-78.46608,42.08349],[-78.46734,42.08337],[-78.46974,42.0831],[-78.47041,42.08304],[-78.47105,42.083],[-78.47335,42.08302],[-78.47415,42.08299],[-78.47441,42.08297],[-78.47471,42.08294],[-78.4751,42.08287],[-78.47547,42.08275],[-78.47585,42.0826],[-78.47617,42.08243],[-78.47648,42.08222],[-78.47699,42.08182],[-78.4779,42.08108],[-78.47869,42.08046],[-78.477661,42.079751],[-78.47766,42.07975],[-78.47698,42.0793],[-78.4765,42.079],[-78.47516,42.07818],[-78.47474,42.07794],[-78.4744,42.07778],[-78.47398,42.07759],[-78.47344,42.0774],[-78.47274,42.07722],[-78.47237,42.07714],[-78.47201,42.07708],[-78.47176,42.07705],[-78.47109,42.07699],[-78.46842,42.07677],[-78.46843,42.0771],[-78.46843,42.07721],[-78.46839,42.07736],[-78.4682,42.07776],[-78.46819,42.07784],[-78.46822,42.07791],[-78.46825,42.07794],[-78.4683,42.07797],[-78.46852,42.07807],[-78.46853,42.0798],[-78.46851,42.07982],[-78.46745,42.07983],[-78.46646,42.07983],[-78.46646,42.07927],[-78.46647,42.07922],[-78.46649,42.07919],[-78.46652,42.07915],[-78.46655,42.07913],[-78.46684,42.079],[-78.46687,42.07895],[-78.46686,42.078233],[-78.46686,42.07823],[-78.46684,42.07678],[-78.46487,42.0769],[-78.46347,42.07701],[-78.46325,42.07701],[-78.46319,42.07693],[-78.46318,42.07557],[-78.46317,42.0745],[-78.46314,42.07448],[-78.46307,42.07448],[-78.46314,42.07448],[-78.46317,42.0745],[-78.46318,42.07557],[-78.46319,42.07693],[-78.46325,42.07701],[-78.46134,42.07701],[-78.46056,42.07702],[-78.45932,42.07707],[-78.45933,42.07694],[-78.45931,42.07566]]}},{"type":"Feature","properties":{"agency":"Olean Area Transit System","shape_id":"fzpv"},"geometry":{"type":"LineString","coordinates":[[-78.44833,42.08213],[-78.4482,42.08207],[-78.4482,42.08141],[-78.44817,42.07984],[-78.447263,42.07985],[-78.44726,42.07985],[-78.44585,42.07985],[-78.44583,42.07867],[-78.44583,42.078668],[-78.4458,42.07739],[-78.44396,42.07739],[-78.43521,42.07746],[-78.43388,42.07746],[-78.43144,42.07748],[-78.43146,42.07943],[-78.43146,42.07949],[-78.42993,42.07948],[-78.42992,42.07897],[-78.42991,42.07769],[-78.42988,42.0776],[-78.42992,42.07758],[-78.42995,42.07756],[-78.42998,42.07753],[-78.42998,42.07748],[-78.42996,42.07743],[-78.42991,42.07739],[-78.42985,42.07716],[-78.42983,42.07622],[-78.42983,42.07622],[-78.42982,42.07556],[-78.43141,42.07553],[-78.4325,42.07553],[-78.43251,42.07532],[-78.43251,42.07506],[-78.43249,42.07447],[-78.4325,42.07337],[-78.43154,42.07338],[-78.431539,42.07338],[-78.42983,42.07339],[-78.42982,42.0722],[-78.42984,42.07168],[-78.42985,42.07137],[-78.43,42.06983],[-78.43004,42.06963],[-78.43009,42.06951],[-78.43024,42.06929],[-78.43086,42.06867],[-78.43131,42.0682],[-78.43265,42.06666],[-78.4332,42.06606],[-78.43339,42.06592],[-78.43358,42.0658],[-78.43391,42.06563],[-78.43456,42.06539],[-78.43515,42.06519],[-78.43569,42.06499],[-78.43625,42.06473],[-78.43658,42.06456],[-78.43703,42.06429],[-78.4371,42.06437],[-78.43714,42.06446],[-78.43716,42.06454],[-78.43715,42.0649],[-78.43783,42.06489],[-78.43783,42.06535],[-78.43783,42.06616],[-78.43782,42.0662],[-78.4378,42.06624],[-78.43777,42.06626],[-78.43731,42.06627],[-78.437308,42.06627],[-78.43714,42.06628],[-78.43716,42.06454],[-78.43714,42.06446],[-78.4371,42.06437],[-78.43703,42.06429],[-78.43658,42.06456],[-78.43625,42.06473],[-78.43569,42.06499],[-78.43515,42.06519],[-78.43456,42.06539],[-78.43391,42.06563],[-78.43358,42.0658],[-78.43339,42.06592],[-78.4332,42.06606],[-78.43265,42.06666],[-78.43131,42.0682],[-78.43086,42.06867],[-78.43024,42.06929],[-78.43009,42.06951],[-78.43004,42.06963],[-78.43,42.06983],[-78.42985,42.07137],[-78.42984,42.07168],[-78.42982,42.0722],[-78.42983,42.07339],[-78.42982,42.07339],[-78.42983,42.07339],[-78.42983,42.07469],[-78.42982,42.07551],[-78.42982,42.07556],[-78.42787,42.07558],[-78.42787,42.07576],[-78.42787,42.075764],[-78.42788,42.07761],[-78.42776,42.07761],[-78.42492,42.07762],[-78.42445,42.07764],[-78.4228,42.07782],[-78.42036,42.07812],[-78.42009,42.07812],[-78.42009,42.07829],[-78.42019,42.08002],[-78.41733,42.07962],[-78.41688,42.07954],[-78.41618,42.07939],[-78.41556,42.07922],[-78.41511,42.07908],[-78.41509,42.07915],[-78.41488,42.07963],[-78.41509,42.07915],[-78.41511,42.07908],[-78.41556,42.07922],[-78.41618,42.07939],[-78.41688,42.07954],[-78.41733,42.07962],[-78.42019,42.08002],[-78.42023,42.08058],[-78.42031,42.08079],[-78.42038,42.08092],[-78.42049,42.08111],[-78.42175,42.08287],[-78.42212,42.08337],[-78.4236,42.08511],[-78.42497,42.08689],[-78.42549,42.08749],[-78.42558,42.08757],[-78.42595,42.08785],[-78.42635,42.0881],[-78.42738,42.08856],[-78.42664,42.0902],[-78.42752,42.09041],[-78.42664,42.0902],[-78.42606,42.09148],[-78.42618,42.09153],[-78.42606,42.09148],[-78.42738,42.08856],[-78.42743,42.08841],[-78.42791,42.08735],[-78.42799,42.08725],[-78.42808,42.08718],[-78.42803,42.08714],[-78.42796,42.08706],[-78.42794,42.08702],[-78.42792,42.0869],[-78.42793,42.08601],[-78.42791,42.0842],[-78.42901,42.08419],[-78.42989,42.08419],[-78.42989,42.085],[-78.42988,42.08509],[-78.42984,42.08511],[-78.42981,42.08514],[-78.42978,42.08517],[-78.42978,42.08521],[-78.42978,42.08524],[-78.4298,42.08527],[-78.42984,42.0853],[-78.42988,42.08532],[-78.42992,42.08533],[-78.42997,42.08532],[-78.43001,42.08531],[-78.43004,42.0853],[-78.43009,42.08525],[-78.43037,42.08521],[-78.4314,42.0852],[-78.43141,42.08564],[-78.43143,42.08776],[-78.43159,42.08787],[-78.4317,42.08795],[-78.43188,42.08813],[-78.43197,42.08825],[-78.43349,42.09038],[-78.43418,42.09138],[-78.43449,42.09179],[-78.43446,42.09181],[-78.43628,42.09094],[-78.43606,42.09068],[-78.43602,42.090621],[-78.43602,42.09062],[-78.43597,42.09055],[-78.43591,42.09036],[-78.4356,42.088639],[-78.43549,42.08805],[-78.43528,42.08679],[-78.43524,42.08568],[-78.43524,42.08517],[-78.44115,42.08513],[-78.44478,42.08513],[-78.44509,42.08515],[-78.44528,42.08517],[-78.4456,42.08526],[-78.44573,42.0853],[-78.44586,42.08537],[-78.44611,42.0855],[-78.44769,42.08654],[-78.44803,42.08678],[-78.44892,42.0874],[-78.44932,42.08708],[-78.44937,42.08707],[-78.44947,42.08706],[-78.45039,42.08703],[-78.45045,42.087],[-78.45049,42.08697],[-78.45053,42.08691],[-78.45054,42.08677],[-78.45052,42.08658],[-78.45054,42.08677],[-78.45053,42.08691],[-78.45049,42.08697],[-78.45045,42.087],[-78.45039,42.08703],[-78.44985,42.08705],[-78.44947,42.08706],[-78.44937,42.08707],[-78.44932,42.08708],[-78.44892,42.0874],[-78.44803,42.08678],[-78.44769,42.08654],[-78.44611,42.0855],[-78.44586,42.08537],[-78.44573,42.0853],[-78.4456,42.08526],[-78.44528,42.08517],[-78.44509,42.08515],[-78.44478,42.08513],[-78.4447,42.08325],[-78.44466,42.08142],[-78.4482,42.08141],[-78.4482,42.08243],[-78.44817,42.08253],[-78.4482,42.08243],[-78.4482,42.08141],[-78.44466,42.08142],[-78.4447,42.08325],[-78.44478,42.08513],[-78.44509,42.08515],[-78.44528,42.08517],[-78.4456,42.08526],[-78.44573,42.0853],[-78.44586,42.08537],[-78.44611,42.0855],[-78.44745,42.08638],[-78.44769,42.08617],[-78.4481,42.08585],[-78.44894,42.08514],[-78.44913,42.08495],[-78.44928,42.08476],[-78.44961,42.08427],[-78.44985,42.08397],[-78.45011,42.08372],[-78.45046,42.08349],[-78.45066,42.08338],[-78.45082,42.08332],[-78.45109,42.08322],[-78.45129,42.08317],[-78.45168,42.08312],[-78.4538,42.08299],[-78.45562,42.0829],[-78.456,42.0829],[-78.45629,42.08293],[-78.45675,42.08303],[-78.45673,42.08312],[-78.45675,42.08303],[-78.45774,42.08328],[-78.45802,42.08332],[-78.45818,42.08334],[-78.45833,42.08335],[-78.46,42.08343],[-78.46035,42.08342],[-78.46065,42.08338],[-78.46269,42.08309],[-78.46291,42.08308],[-78.46322,42.08309],[-78.46347,42.08312],[-78.4645,42.08337],[-78.46487,42.08345],[-78.46522,42.08349],[-78.4657,42.08351],[-78.46608,42.08349],[-78.46734,42.08337],[-78.46974,42.0831],[-78.47041,42.08304],[-78.47105,42.083],[-78.47335,42.08302],[-78.47415,42.08299],[-78.47441,42.08297],[-78.47471,42.08294],[-78.4751,42.08287],[-78.47547,42.08275],[-78.47585,42.0826],[-78.47617,42.08243],[-78.47648,42.08222],[-78.47699,42.08182],[-78.4779,42.08108],[-78.47869,42.08046],[-78.47748,42.07963],[-78.47698,42.0793],[-78.47674,42.07916],[-78.476737,42.079158],[-78.47516,42.07818],[-78.47474,42.07794],[-78.4744,42.07778],[-78.47398,42.07759],[-78.47344,42.0774],[-78.47274,42.07722],[-78.47237,42.07714],[-78.47201,42.07708],[-78.47176,42.07705],[-78.47109,42.07699],[-78.46842,42.07677],[-78.46843,42.0771],[-78.46843,42.07721],[-78.46839,42.07736],[-78.4682,42.07776],[-78.46819,42.07784],[-78.46822,42.07791],[-78.46825,42.07794],[-78.4683,42.07797],[-78.46852,42.07807],[-78.46853,42.0798],[-78.46851,42.07982],[-78.46745,42.07983],[-78.46851,42.07982],[-78.46853,42.0798],[-78.46852,42.07807],[-78.4683,42.07797],[-78.46825,42.07794],[-78.46822,42.07791],[-78.46819,42.07784],[-78.4682,42.07776],[-78.46839,42.07736],[-78.46843,42.07721],[-78.46843,42.0771],[-78.46842,42.07677],[-78.47109,42.07699],[-78.47176,42.07705],[-78.47201,42.07708],[-78.47237,42.07714],[-78.47268,42.0772],[-78.4732,42.07733],[-78.47344,42.0774],[-78.47398,42.07759],[-78.4744,42.07778],[-78.47474,42.07794],[-78.47516,42.07818],[-78.47698,42.0793],[-78.47807,42.08003],[-78.47869,42.08046],[-78.47887,42.08039],[-78.47976,42.07968],[-78.47978,42.0796],[-78.48144,42.08073],[-78.48246,42.07992],[-78.48249,42.07993],[-78.48254,42.07994],[-78.48262,42.07993],[-78.4828,42.07989],[-78.48288,42.07983],[-78.48293,42.07977],[-78.48293,42.07969],[-78.48288,42.07961],[-78.48281,42.07957],[-78.4827,42.07956],[-78.48258,42.0796],[-78.48252,42.07965],[-78.48247,42.07972],[-78.48233,42.07963],[-78.48247,42.07972],[-78.48244,42.07982],[-78.48245,42.07991],[-78.48246,42.07992],[-78.48144,42.08073],[-78.47978,42.0796],[-78.47967,42.0796],[-78.47876,42.08031],[-78.47869,42.08046],[-78.47807,42.08003],[-78.47698,42.0793],[-78.47516,42.07818],[-78.47474,42.07794],[-78.4744,42.07778],[-78.47398,42.07759],[-78.47344,42.0774],[-78.4732,42.07733],[-78.47268,42.0772],[-78.47237,42.07714],[-78.47201,42.07708],[-78.47176,42.07705],[-78.47109,42.07699],[-78.46842,42.07677],[-78.46843,42.0771],[-78.46843,42.07721],[-78.46839,42.07736],[-78.4682,42.07776],[-78.46819,42.07784],[-78.46822,42.07791],[-78.46825,42.07794],[-78.4683,42.07797],[-78.46852,42.07807],[-78.46853,42.0798],[-78.46851,42.07982],[-78.46745,42.07983],[-78.46646,42.07983],[-78.46646,42.07927],[-78.46647,42.07922],[-78.46649,42.07919],[-78.46652,42.07915],[-78.46655,42.07913],[-78.46684,42.079],[-78.46687,42.07895],[-78.46686,42.077951],[-78.46686,42.07795],[-78.46684,42.07678],[-78.46487,42.0769],[-78.46347,42.07701],[-78.46325,42.07701],[-78.46319,42.07693],[-78.46318,42.07557],[-78.46317,42.0745],[-78.46314,42.07448],[-78.46307,42.07448],[-78.46153,42.07448],[-78.4615,42.07448],[-78.46149,42.0745],[-78.46148,42.07534],[-78.46148,42.075344],[-78.46148,42.07534],[-78.46148,42.07559],[-78.46156,42.07557],[-78.4616,42.07556],[-78.462497,42.07557],[-78.4625,42.07557],[-78.46318,42.07557],[-78.46319,42.07693],[-78.46325,42.07701],[-78.46134,42.07701],[-78.46056,42.07702],[-78.45932,42.07707],[-78.45933,42.07694],[-78.45931,42.07566]]}},{"type":"Feature","properties":{"agency":"Olean Area Transit System","shape_id":"gjiv"},"geometry":{"type":"LineString","coordinates":[[-78.75005,42.15244],[-78.74966,42.15257],[-78.74962,42.15265],[-78.74961,42.15274],[-78.74966,42.15285],[-78.7499,42.15279],[-78.75035,42.15265],[-78.75072,42.15252],[-78.751,42.1524],[-78.75139,42.15218],[-78.75162,42.15203],[-78.75173,42.15196],[-78.75186,42.15192],[-78.75217,42.15186],[-78.75221,42.15221],[-78.75219,42.15238],[-78.75211,42.1526],[-78.75174,42.15334],[-78.75164,42.15361],[-78.75071,42.15536],[-78.75057,42.15558],[-78.75014,42.15621],[-78.74978,42.15669],[-78.74887,42.15748],[-78.74816,42.15803],[-78.74796,42.15816],[-78.74758,42.15836],[-78.74717,42.15857],[-78.74694,42.15868],[-78.74669,42.15878],[-78.74613,42.15897],[-78.74569,42.15909],[-78.74547,42.15914],[-78.74492,42.15924],[-78.74481,42.15887],[-78.74492,42.15924],[-78.74462,42.15929],[-78.74415,42.15934],[-78.74434,42.15988],[-78.74486,42.15971],[-78.74434,42.15988],[-78.74436,42.15992],[-78.74393,42.16005],[-78.74378,42.16007],[-78.74372,42.16017],[-78.74373,42.16022],[-78.74276,42.16054],[-78.74307,42.16109],[-78.74333,42.16156],[-78.74235,42.16194],[-78.74196,42.16208],[-78.74125,42.16233],[-78.74059,42.16252],[-78.73978,42.1627],[-78.73885,42.16289],[-78.73862,42.16293],[-78.738612,42.162931],[-78.73804,42.16299],[-78.73673,42.16307],[-78.73633,42.16307],[-78.7362,42.16306],[-78.73693,42.16033],[-78.73695,42.16021],[-78.73694,42.16015],[-78.7369,42.16007],[-78.73684,42.16003],[-78.73675,42.16001],[-78.7364,42.15995],[-78.73652,42.15949],[-78.7364,42.15995],[-78.73614,42.15991],[-78.73659,42.15837],[-78.73647,42.15836],[-78.73659,42.15799],[-78.73663,42.15779],[-78.73666,42.15722],[-78.73632,42.15716],[-78.73666,42.15722],[-78.73663,42.15779],[-78.73659,42.15799],[-78.73647,42.15836],[-78.7318,42.15758],[-78.72419,42.15634],[-78.72168,42.15594],[-78.7161,42.15506],[-78.71588,42.15568],[-78.71534,42.15565],[-78.71588,42.15568],[-78.71574,42.15608],[-78.71568,42.15629],[-78.71533,42.15735],[-78.71514,42.15788],[-78.71577,42.15812],[-78.71686,42.15856],[-78.71699,42.15862],[-78.7167,42.15919],[-78.7165,42.15958],[-78.71589,42.15942],[-78.71473,42.15915],[-78.71394,42.15897],[-78.71304,42.15881],[-78.71298,42.15899],[-78.71298,42.15906],[-78.71299,42.15909],[-78.71298,42.15906],[-78.71298,42.15899],[-78.71313,42.1585],[-78.71212,42.15832],[-78.71188,42.15828],[-78.71164,42.15878],[-78.71155,42.15887],[-78.7114,42.15891],[-78.71125,42.15889],[-78.71071,42.15873],[-78.70986,42.15849],[-78.70975,42.15843],[-78.70971,42.15837],[-78.70969,42.15828],[-78.70972,42.1582],[-78.71023,42.15729],[-78.7103,42.15714],[-78.71009,42.15713],[-78.70893,42.15696],[-78.7088,42.15722],[-78.70872,42.15735],[-78.70868,42.1574],[-78.70853,42.15748],[-78.70843,42.15758],[-78.70827,42.15785],[-78.70819,42.15798],[-78.70816,42.15801],[-78.70802,42.15807],[-78.70795,42.15808],[-78.70788,42.15808],[-78.70779,42.15807],[-78.70715,42.15789],[-78.70697,42.15781],[-78.70691,42.15777],[-78.70684,42.1577],[-78.706829,42.157686],[-78.70681,42.15766],[-78.70679,42.15758],[-78.70681,42.15746],[-78.70686,42.15735],[-78.70692,42.1573],[-78.70697,42.15727],[-78.70723,42.15721],[-78.70728,42.15718],[-78.70732,42.15713],[-78.70735,42.15707],[-78.70742,42.15673],[-78.71009,42.15713],[-78.7103,42.15714],[-78.71093,42.15717],[-78.71213,42.15732],[-78.71339,42.15752],[-78.71434,42.15767],[-78.71475,42.15776],[-78.71496,42.15782],[-78.71514,42.15788],[-78.71533,42.15735],[-78.71568,42.15629],[-78.71574,42.15608],[-78.71588,42.15568],[-78.71534,42.15565],[-78.71588,42.15568],[-78.7161,42.15506],[-78.7148,42.15486],[-78.71338,42.15462],[-78.71021,42.15411],[-78.70937,42.15394],[-78.70798,42.15362],[-78.70772,42.15357],[-78.70751,42.15357],[-78.70725,42.1536],[-78.707,42.15367],[-78.70687,42.15371],[-78.7067,42.15381],[-78.70464,42.15543],[-78.70348,42.15631],[-78.70307,42.15662],[-78.70296,42.15668],[-78.70281,42.15673],[-78.70261,42.15678],[-78.70157,42.15697],[-78.70142,42.15699],[-78.70109,42.15706],[-78.70041,42.15718],[-78.69934,42.15737],[-78.69898,42.15744],[-78.69847,42.15757],[-78.69684,42.15804],[-78.69607,42.15822],[-78.69507,42.15843],[-78.69525,42.15895],[-78.69552,42.15961],[-78.69594,42.16073],[-78.69599,42.16093],[-78.696,42.16103],[-78.696,42.16139],[-78.69586,42.16228],[-78.69577,42.1628],[-78.69558,42.16358],[-78.69502,42.16537],[-78.69494,42.16559],[-78.69487,42.16574],[-78.69475,42.16593],[-78.69427,42.16653],[-78.69457,42.1666],[-78.69427,42.16653],[-78.69475,42.16593],[-78.69487,42.16574],[-78.69494,42.16559],[-78.69502,42.16537],[-78.69558,42.16358],[-78.69577,42.1628],[-78.69586,42.16228],[-78.696,42.16139],[-78.696,42.16103],[-78.69599,42.16093],[-78.69594,42.16073],[-78.69552,42.15961],[-78.69525,42.15895],[-78.69507,42.15843],[-78.6924,42.15899],[-78.69045,42.15941],[-78.68949,42.15962],[-78.68906,42.15966],[-78.68837,42.15969],[-78.68811,42.15971],[-78.68773,42.15987],[-78.68753,42.15993],[-78.68722,42.16001],[-78.68713,42.16002],[-78.68691,42.16003],[-78.68678,42.16003],[-78.68661,42.16001],[-78.68633,42.15996],[-78.6814,42.15857],[-78.67763,42.15755],[-78.67418,42.15658],[-78.6736,42.1564],[-78.67333,42.15631],[-78.67304,42.15619],[-78.67279,42.15608],[-78.67239,42.15587],[-78.67019,42.15458],[-78.66775,42.15314],[-78.66724,42.15281],[-78.66695,42.1526],[-78.66676,42.15243],[-78.66657,42.15224],[-78.66626,42.15186],[-78.66433,42.14934],[-78.66411,42.14909],[-78.66389,42.14887],[-78.66346,42.14851],[-78.66299,42.14819],[-78.66025,42.14649],[-78.65709,42.14452],[-78.65682,42.14433],[-78.65654,42.14409],[-78.65625,42.14378],[-78.65599,42.14345],[-78.6559,42.14332],[-78.65571,42.14296],[-78.65534,42.14202],[-78.65442,42.13966],[-78.65411,42.13876],[-78.65375,42.13768],[-78.65356,42.13707],[-78.65353,42.13689],[-78.65348,42.13642],[-78.65349,42.13616],[-78.65371,42.13482],[-78.65463,42.12986],[-78.65472,42.12927],[-78.65474,42.12905],[-78.65477,42.12842],[-78.65476,42.12772],[-78.6547,42.12723],[-78.65406,42.12353],[-78.65395,42.12286],[-78.65377,42.12201],[-78.65331,42.12016],[-78.65284,42.1184],[-78.65249,42.11702],[-78.65203,42.11529],[-78.65184,42.11453],[-78.65176,42.1141],[-78.65173,42.11376],[-78.65173,42.1132],[-78.65181,42.11198],[-78.65182,42.11178],[-78.65178,42.11124],[-78.65171,42.11078],[-78.6516,42.11035],[-78.6515,42.11006],[-78.6514,42.10981],[-78.65127,42.10952],[-78.65102,42.10908],[-78.65088,42.10888],[-78.6506,42.10853],[-78.65043,42.10836],[-78.65024,42.10818],[-78.64994,42.10794],[-78.6482,42.1066],[-78.64629,42.10503],[-78.64569,42.10455],[-78.64535,42.10431],[-78.64469,42.1039],[-78.64415,42.10362],[-78.64326,42.10319],[-78.6424,42.10277],[-78.642,42.10254],[-78.64149,42.10222],[-78.64105,42.1019],[-78.6405,42.10146],[-78.64034,42.10131],[-78.63983,42.1009],[-78.63814,42.09947],[-78.63792,42.0993],[-78.6375,42.099],[-78.63721,42.09884],[-78.63688,42.09868],[-78.63642,42.09848],[-78.63466,42.09781],[-78.63419,42.09765],[-78.63398,42.0976],[-78.63343,42.09747],[-78.63287,42.09738],[-78.62781,42.09696],[-78.62749,42.09691],[-78.6276,42.09631],[-78.62783,42.09478],[-78.62786,42.09428],[-78.62789,42.09413],[-78.62805,42.09351],[-78.62813,42.09325],[-78.62832,42.09273],[-78.62854,42.0923],[-78.62867,42.09234],[-78.62854,42.0923],[-78.62832,42.09273],[-78.62813,42.09325],[-78.62805,42.09351],[-78.62789,42.09413],[-78.62786,42.09428],[-78.62783,42.09478],[-78.6276,42.09631],[-78.62749,42.09691],[-78.62644,42.09684],[-78.6255,42.09673],[-78.625,42.09666],[-78.62189,42.09615],[-78.62089,42.09603],[-78.62021,42.09598],[-78.61936,42.09596],[-78.61713,42.09595],[-78.61697,42.09594],[-78.61542,42.09577],[-78.61487,42.09573],[-78.61401,42.09573],[-78.61376,42.09574],[-78.61352,42.09576],[-78.61252,42.09589],[-78.61213,42.09591],[-78.61174,42.09591],[-78.61151,42.09589],[-78.61101,42.09584],[-78.61062,42.09577],[-78.61036,42.09571],[-78.61011,42.09563],[-78.60877,42.09515],[-78.60811,42.09493],[-78.60779,42.09485],[-78.60743,42.09477],[-78.60715,42.09473],[-78.60691,42.0947],[-78.60667,42.09469],[-78.60621,42.0947],[-78.60566,42.09473],[-78.6055,42.09476],[-78.60481,42.0949],[-78.60309,42.09528],[-78.60227,42.09544],[-78.60208,42.09546],[-78.60128,42.09549],[-78.60089,42.09548],[-78.60034,42.09544],[-78.59973,42.09533],[-78.59948,42.09528],[-78.59895,42.09513],[-78.59863,42.09503],[-78.59824,42.09488],[-78.59732,42.09451],[-78.59659,42.09424],[-78.59615,42.0941],[-78.59569,42.094],[-78.59531,42.09395],[-78.59495,42.09392],[-78.5942,42.09391],[-78.59375,42.09392],[-78.59349,42.09393],[-78.59291,42.09399],[-78.59266,42.09402],[-78.59185,42.09416],[-78.5907,42.09438],[-78.58907,42.0947],[-78.58686,42.09507],[-78.58514,42.09533],[-78.58267,42.09565],[-78.58139,42.09584],[-78.58013,42.09599],[-78.577,42.09642],[-78.5768,42.09645],[-78.57633,42.09656],[-78.57578,42.09671],[-78.57307,42.09751],[-78.57258,42.09769],[-78.57215,42.09789],[-78.57075,42.09877],[-78.57038,42.09897],[-78.57001,42.09915],[-78.56707,42.1004],[-78.56669,42.10058],[-78.56617,42.10085],[-78.56497,42.10151],[-78.56459,42.10169],[-78.56122,42.10308],[-78.56023,42.10352],[-78.55987,42.10367],[-78.55958,42.10377],[-78.55926,42.10385],[-78.55892,42.10391],[-78.55826,42.104],[-78.55802,42.10404],[-78.55768,42.10412],[-78.55735,42.10422],[-78.55662,42.1045],[-78.5558,42.10489],[-78.55529,42.10517],[-78.55471,42.10555],[-78.55259,42.10697],[-78.55197,42.10738],[-78.55162,42.10757],[-78.55128,42.1077],[-78.5508,42.10782],[-78.5503,42.10791],[-78.54986,42.10796],[-78.54937,42.10799],[-78.54747,42.10804],[-78.54711,42.10806],[-78.54667,42.10813],[-78.54457,42.10846],[-78.54429,42.10849],[-78.54403,42.10851],[-78.54363,42.10849],[-78.54346,42.10847],[-78.54321,42.10842],[-78.54302,42.10837],[-78.54229,42.10813],[-78.53766,42.10644],[-78.53431,42.10524],[-78.53202,42.10448],[-78.5297,42.10375],[-78.52579,42.10251],[-78.52303,42.10166],[-78.52178,42.10127],[-78.52103,42.10106],[-78.52012,42.10084],[-78.5197,42.10074],[-78.51851,42.10038],[-78.51848,42.10043],[-78.51851,42.10038],[-78.51648,42.09976],[-78.50872,42.09734],[-78.50654,42.09661],[-78.5052,42.09615],[-78.50196,42.09508],[-78.50092,42.09471],[-78.50075,42.09464],[-78.50056,42.09455],[-78.50032,42.09444],[-78.50004,42.09427],[-78.49962,42.094],[-78.49965,42.09388],[-78.49969,42.09379],[-78.49979,42.09365],[-78.50033,42.09297],[-78.50083,42.09234],[-78.50106,42.09201],[-78.50125,42.09169],[-78.50133,42.09148],[-78.50158,42.09001],[-78.50167,42.08964],[-78.50173,42.08942],[-78.50191,42.08934],[-78.50199,42.08932],[-78.50207,42.08933],[-78.50215,42.08936],[-78.50225,42.08945],[-78.50231,42.08956],[-78.50249,42.08997],[-78.50257,42.09011],[-78.50264,42.09018],[-78.50335,42.0907],[-78.50393,42.0911],[-78.50419,42.09126],[-78.50461,42.09145],[-78.50513,42.0916],[-78.50518,42.09137],[-78.50519,42.09121],[-78.50525,42.09088],[-78.50528,42.0908],[-78.50525,42.09088],[-78.50519,42.09121],[-78.50463,42.09104],[-78.5045,42.0913],[-78.50445,42.09138],[-78.50419,42.09126],[-78.50393,42.0911],[-78.50335,42.0907],[-78.50264,42.09018],[-78.50257,42.09011],[-78.50249,42.08997],[-78.50231,42.08956],[-78.50225,42.08945],[-78.50215,42.08936],[-78.50207,42.08933],[-78.50199,42.08932],[-78.50191,42.08934],[-78.50173,42.08942],[-78.50167,42.08964],[-78.50158,42.09001],[-78.50133,42.09148],[-78.50125,42.09169],[-78.50106,42.09201],[-78.50083,42.09234],[-78.50033,42.09297],[-78.49979,42.09365],[-78.49969,42.09379],[-78.49965,42.09388],[-78.49962,42.094],[-78.49912,42.09366],[-78.4983,42.09308],[-78.49791,42.09278],[-78.49597,42.09117],[-78.49587,42.09123],[-78.49535,42.09158],[-78.49535,42.09065],[-78.49506,42.09043],[-78.49445,42.09004],[-78.4944,42.09001],[-78.49285,42.08905],[-78.49015,42.08736],[-78.4883,42.08622],[-78.48574,42.08468],[-78.4849,42.08419],[-78.48335,42.08333],[-78.48157,42.08237],[-78.48117,42.08213],[-78.48034,42.08158],[-78.47807,42.08003],[-78.47698,42.0793],[-78.47516,42.07818],[-78.47474,42.07794],[-78.4744,42.07778],[-78.47398,42.07759],[-78.47344,42.0774],[-78.47274,42.07722],[-78.47237,42.07714],[-78.47201,42.07708],[-78.47176,42.07705],[-78.46953,42.07686],[-78.46842,42.07677],[-78.46843,42.0771],[-78.46843,42.07721],[-78.46839,42.07736],[-78.4682,42.07776],[-78.46819,42.07784],[-78.46822,42.07791],[-78.46825,42.07794],[-78.4683,42.07797],[-78.46852,42.07807],[-78.46853,42.0798],[-78.46851,42.07982],[-78.46745,42.07983],[-78.46646,42.07983],[-78.46647,42.07999],[-78.46336,42.08002],[-78.46336,42.08095],[-78.46335,42.08142],[-78.46336,42.08226],[-78.46339,42.08294],[-78.46337,42.08303],[-78.46334,42.0831],[-78.46322,42.08309],[-78.46291,42.08308],[-78.46269,42.08309],[-78.46065,42.08338],[-78.46035,42.08342],[-78.46,42.08343],[-78.45833,42.08335],[-78.45818,42.08334],[-78.45802,42.08332],[-78.45774,42.08328],[-78.45675,42.08303],[-78.45629,42.08293],[-78.456,42.0829],[-78.45562,42.0829],[-78.4538,42.08299],[-78.45168,42.08312],[-78.45129,42.08317],[-78.45109,42.08322],[-78.45082,42.08332],[-78.45066,42.08338],[-78.45046,42.08349],[-78.45011,42.08372],[-78.44985,42.08397],[-78.44961,42.08427],[-78.44948,42.08446],[-78.449479,42.084462],[-78.44928,42.08476],[-78.44913,42.08495],[-78.44894,42.08514],[-78.4481,42.08585],[-78.44769,42.08617],[-78.44745,42.08638],[-78.44611,42.0855],[-78.44586,42.08537],[-78.44573,42.0853],[-78.4456,42.08526],[-78.44528,42.08517],[-78.44509,42.08515],[-78.44478,42.08513],[-78.44231,42.08513],[-78.43883,42.08514],[-78.43321,42.08518],[-78.43037,42.08521],[-78.43009,42.08517],[-78.43007,42.08514],[-78.43004,42.08512],[-78.43,42.0851],[-78.42999,42.085],[-78.42997,42.08325],[-78.42999,42.08314],[-78.43003,42.08312],[-78.43006,42.08309],[-78.43008,42.08306],[-78.43008,42.08301],[-78.43005,42.08296],[-78.43002,42.08294],[-78.42999,42.08292],[-78.42997,42.08281],[-78.42996,42.08172],[-78.42997,42.08161],[-78.43003,42.08157],[-78.43007,42.08152],[-78.43007,42.08146],[-78.43005,42.08143],[-78.43002,42.0814],[-78.42998,42.08138],[-78.42996,42.08127],[-78.42994,42.08027],[-78.42992,42.07897],[-78.42991,42.07769],[-78.42988,42.0776],[-78.42992,42.07758],[-78.42995,42.07756],[-78.42998,42.07753],[-78.43015,42.07749],[-78.43027,42.07747],[-78.43144,42.07748],[-78.43388,42.07746],[-78.43756,42.07744],[-78.44462,42.07739],[-78.44462,42.07818],[-78.44465,42.07946],[-78.44462,42.07818],[-78.44462,42.07739],[-78.43756,42.07744],[-78.43388,42.07746],[-78.43144,42.07748],[-78.43027,42.07747],[-78.43015,42.07745],[-78.42998,42.07746],[-78.42996,42.07743],[-78.42991,42.07739],[-78.42985,42.07716],[-78.42984,42.07696],[-78.42982,42.07556],[-78.42983,42.07469],[-78.42983,42.07339],[-78.42982,42.07339],[-78.42983,42.07339],[-78.42983,42.07469],[-78.42982,42.07556],[-78.42985,42.07716],[-78.42984,42.07727],[-78.42979,42.07737],[-78.42976,42.07738],[-78.4297,42.07741],[-78.42968,42.07743],[-78.42966,42.07748],[-78.4284,42.07758],[-78.42788,42.07761],[-78.42679,42.07762],[-78.42492,42.07762],[-78.42445,42.07764],[-78.4228,42.07782],[-78.42036,42.07812],[-78.42009,42.07812],[-78.41996,42.07811],[-78.41984,42.07809],[-78.41654,42.07685],[-78.41551,42.07835],[-78.415241,42.07827],[-78.41524,42.07827],[-78.41331,42.07763],[-78.41299,42.07813],[-78.41287,42.07836],[-78.41511,42.07908],[-78.41509,42.07915],[-78.41488,42.07963],[-78.41363,42.08245],[-78.41385,42.08249],[-78.41524,42.08283],[-78.41604,42.08286],[-78.417707,42.08285],[-78.41771,42.08285],[-78.41886,42.08286],[-78.42156,42.08286],[-78.42171,42.08282],[-78.42175,42.08287],[-78.42212,42.08337],[-78.4236,42.08511],[-78.42341,42.08514],[-78.422,42.08515],[-78.42341,42.08514],[-78.4236,42.08511],[-78.42497,42.08689],[-78.42549,42.08749],[-78.42558,42.08757],[-78.42595,42.08785],[-78.42635,42.0881],[-78.42738,42.08856],[-78.42743,42.08841],[-78.42791,42.08735],[-78.42799,42.08725],[-78.42808,42.08718],[-78.42803,42.08714],[-78.42796,42.08706],[-78.42794,42.08702],[-78.42792,42.0869],[-78.42793,42.08601],[-78.42791,42.0842],[-78.42793,42.08601],[-78.42792,42.0869],[-78.42794,42.08702],[-78.42796,42.08706],[-78.42803,42.08714],[-78.42808,42.08718],[-78.42799,42.08725],[-78.42791,42.08735],[-78.42743,42.08841],[-78.42738,42.08856],[-78.42606,42.09148],[-78.42618,42.09153]]}},{"type":"Feature","properties":{"agency":"Olean Area Transit System","shape_id":"h7nc"},"geometry":{"type":"LineString","coordinates":[[-78.44833,42.08213],[-78.4482,42.08207],[-78.4482,42.08141],[-78.44817,42.07984],[-78.447533,42.07984],[-78.44753,42.07984],[-78.44585,42.07985],[-78.44583,42.07899],[-78.44583,42.07899],[-78.4458,42.07739],[-78.44396,42.07739],[-78.43521,42.07746],[-78.43388,42.07746],[-78.43144,42.07748],[-78.43146,42.07943],[-78.43146,42.07949],[-78.42993,42.07948],[-78.42992,42.07897],[-78.42991,42.07769],[-78.42988,42.0776],[-78.42992,42.07758],[-78.42995,42.07756],[-78.42998,42.07753],[-78.42998,42.07748],[-78.42996,42.07743],[-78.42991,42.07739],[-78.42985,42.07716],[-78.42983,42.07625],[-78.42983,42.076247],[-78.42982,42.07556],[-78.43141,42.07553],[-78.4325,42.07553],[-78.43251,42.07532],[-78.43251,42.07506],[-78.43249,42.07447],[-78.4325,42.07337],[-78.431582,42.07338],[-78.43158,42.07338],[-78.42983,42.07339],[-78.42982,42.0722],[-78.42984,42.07168],[-78.42985,42.07137],[-78.43,42.06983],[-78.43004,42.06963],[-78.43009,42.06951],[-78.43024,42.06929],[-78.43086,42.06867],[-78.43131,42.0682],[-78.43265,42.06666],[-78.4332,42.06606],[-78.43339,42.06592],[-78.43358,42.0658],[-78.43391,42.06563],[-78.43456,42.06539],[-78.43515,42.06519],[-78.43569,42.06499],[-78.43625,42.06473],[-78.43658,42.06456],[-78.43703,42.06429],[-78.4371,42.06437],[-78.43714,42.06446],[-78.43716,42.06454],[-78.43715,42.0649],[-78.43783,42.06489],[-78.43783,42.06535],[-78.43783,42.06616],[-78.43782,42.0662],[-78.4378,42.06624],[-78.43778,42.06626],[-78.43714,42.06628],[-78.43716,42.06454],[-78.43714,42.06446],[-78.4371,42.06437],[-78.43703,42.06429],[-78.43658,42.06456],[-78.43625,42.06473],[-78.43569,42.06499],[-78.43515,42.06519],[-78.43456,42.06539],[-78.43391,42.06563],[-78.43358,42.0658],[-78.43339,42.06592],[-78.4332,42.06606],[-78.43265,42.06666],[-78.43131,42.0682],[-78.43086,42.06867],[-78.43024,42.06929],[-78.43009,42.06951],[-78.43004,42.06963],[-78.43,42.06983],[-78.42985,42.07137],[-78.42984,42.07168],[-78.42982,42.0722],[-78.42983,42.07339],[-78.42982,42.07339],[-78.42983,42.07339],[-78.42983,42.07469],[-78.42982,42.07551],[-78.42982,42.07556],[-78.42787,42.07558],[-78.42787,42.07578],[-78.42787,42.07578],[-78.42788,42.07761],[-78.42776,42.07761],[-78.42492,42.07762],[-78.42445,42.07764],[-78.4228,42.07782],[-78.42036,42.07812],[-78.42009,42.07812],[-78.42009,42.07829],[-78.42013,42.07911],[-78.41991,42.07905],[-78.41824,42.07841],[-78.418238,42.078409],[-78.41604,42.07758],[-78.41556,42.07741],[-78.4149,42.07721],[-78.41424,42.07698],[-78.41342,42.07672],[-78.41323,42.07701],[-78.41342,42.07672],[-78.41223,42.07634],[-78.411492,42.076091],[-78.41149,42.07609],[-78.41089,42.07588],[-78.4112,42.07517],[-78.40752,42.07413],[-78.40604,42.07372],[-78.4039,42.0731],[-78.40305,42.07481],[-78.403,42.07495],[-78.40299,42.07509],[-78.40299,42.075356],[-78.40299,42.07536],[-78.40298,42.07602],[-78.40544,42.07604],[-78.40583,42.07605],[-78.4059,42.07606],[-78.40907,42.07711],[-78.41149,42.07789],[-78.41287,42.07836],[-78.41511,42.07908],[-78.41509,42.07915],[-78.41488,42.07963],[-78.41509,42.07915],[-78.41511,42.07908],[-78.41556,42.07922],[-78.41618,42.07939],[-78.41688,42.07954],[-78.41733,42.07962],[-78.42019,42.08002],[-78.42023,42.08058],[-78.42031,42.08079],[-78.42038,42.08092],[-78.42049,42.08111],[-78.42175,42.08287],[-78.42212,42.08337],[-78.4236,42.08511],[-78.42497,42.08689],[-78.42549,42.08749],[-78.42558,42.08757],[-78.42595,42.08785],[-78.42635,42.0881],[-78.42738,42.08856],[-78.42664,42.0902],[-78.42752,42.09041],[-78.42664,42.0902],[-78.42606,42.09148],[-78.42618,42.09153],[-78.42606,42.09148],[-78.42738,42.08856],[-78.42743,42.08841],[-78.42791,42.08735],[-78.42799,42.08725],[-78.42808,42.08718],[-78.42803,42.08714],[-78.42796,42.08706],[-78.42794,42.08702],[-78.42792,42.0869],[-78.42793,42.08601],[-78.42791,42.0842],[-78.42901,42.08419],[-78.42989,42.08419],[-78.42989,42.085],[-78.42988,42.08509],[-78.42984,42.08511],[-78.42981,42.08514],[-78.42978,42.08517],[-78.42978,42.08521],[-78.42978,42.08524],[-78.4298,42.08527],[-78.42984,42.0853],[-78.42988,42.08532],[-78.42992,42.08533],[-78.42997,42.08532],[-78.43001,42.08531],[-78.43004,42.0853],[-78.43009,42.08525],[-78.43037,42.08521],[-78.4314,42.0852],[-78.43141,42.08564],[-78.43143,42.08776],[-78.43159,42.08787],[-78.4317,42.08795],[-78.43188,42.08813],[-78.43197,42.08825],[-78.43349,42.09038],[-78.43418,42.09138],[-78.43449,42.09179],[-78.43446,42.09181],[-78.43628,42.09094],[-78.43606,42.09068],[-78.43597,42.09055],[-78.43594,42.090451],[-78.43594,42.09045],[-78.43591,42.09036],[-78.43549,42.08805],[-78.43528,42.08679],[-78.43524,42.08568],[-78.43524,42.08517],[-78.44115,42.08513],[-78.44478,42.08513],[-78.44478,42.08515],[-78.44478,42.08513],[-78.44509,42.08515],[-78.44528,42.08517],[-78.4456,42.08526],[-78.44573,42.0853],[-78.44586,42.08537],[-78.44611,42.0855],[-78.44769,42.08654],[-78.44803,42.08678],[-78.44892,42.0874],[-78.44932,42.08708],[-78.44937,42.08707],[-78.44947,42.08706],[-78.45039,42.08703],[-78.45045,42.087],[-78.45049,42.08697],[-78.45053,42.08691],[-78.45054,42.08677],[-78.45052,42.08658],[-78.4505,42.08641],[-78.45052,42.08594],[-78.45052,42.08575],[-78.44969,42.08569],[-78.44975,42.08562],[-78.44977,42.08555],[-78.44976,42.08548],[-78.44945,42.08535],[-78.4495,42.08524],[-78.44948,42.08514],[-78.44913,42.08495],[-78.44928,42.08476],[-78.44961,42.08427],[-78.44985,42.08397],[-78.45011,42.08372],[-78.45046,42.08349],[-78.45066,42.08338],[-78.45082,42.08332],[-78.45109,42.08322],[-78.45129,42.08317],[-78.45168,42.08312],[-78.4538,42.08299],[-78.45562,42.0829],[-78.456,42.0829],[-78.45629,42.08293],[-78.45675,42.08303],[-78.45774,42.08328],[-78.45802,42.08332],[-78.45818,42.08334],[-78.45833,42.08335],[-78.46,42.08343],[-78.46035,42.08342],[-78.46065,42.08338],[-78.46269,42.08309],[-78.46291,42.08308],[-78.46322,42.08309],[-78.46347,42.08312],[-78.4645,42.08337],[-78.46487,42.08345],[-78.46522,42.08349],[-78.4657,42.08351],[-78.46608,42.08349],[-78.46734,42.08337],[-78.46974,42.0831],[-78.47041,42.08304],[-78.47105,42.083],[-78.47335,42.08302],[-78.47415,42.08299],[-78.47441,42.08297],[-78.47471,42.08294],[-78.4751,42.08287],[-78.47547,42.08275],[-78.47585,42.0826],[-78.47617,42.08243],[-78.47648,42.08222],[-78.47699,42.08182],[-78.4779,42.08108],[-78.47869,42.08046],[-78.47807,42.08003],[-78.47735,42.07955],[-78.477348,42.079548],[-78.47698,42.0793],[-78.47516,42.07818],[-78.47474,42.07794],[-78.4744,42.07778],[-78.47398,42.07759],[-78.47344,42.0774],[-78.47274,42.07722],[-78.47237,42.07714],[-78.47201,42.07708],[-78.47176,42.07705],[-78.47109,42.07699],[-78.46842,42.07677],[-78.46843,42.0771],[-78.46843,42.07721],[-78.46839,42.07736],[-78.4682,42.07776],[-78.46819,42.07784],[-78.46822,42.07791],[-78.46825,42.07794],[-78.4683,42.07797],[-78.46852,42.07807],[-78.46853,42.0798],[-78.46851,42.07982],[-78.46745,42.07983],[-78.46646,42.07983],[-78.46646,42.07927],[-78.46647,42.07922],[-78.46649,42.07919],[-78.46652,42.07915],[-78.46655,42.07913],[-78.46684,42.079],[-78.46687,42.07895],[-78.46687,42.07827],[-78.46687,42.07827],[-78.46684,42.07678],[-78.46487,42.0769],[-78.46347,42.07701],[-78.46325,42.07701],[-78.46319,42.07693],[-78.46318,42.07557],[-78.46317,42.0745],[-78.46314,42.07448],[-78.46307,42.07448],[-78.46314,42.07448],[-78.46317,42.0745],[-78.46318,42.07557],[-78.46319,42.07693],[-78.46325,42.07701],[-78.46134,42.07701],[-78.46056,42.07702],[-78.45932,42.07707],[-78.45933,42.07694],[-78.45931,42.07566],[-78.45933,42.07694],[-78.45932,42.07707],[-78.45822,42.0771],[-78.45728,42.07715],[-78.45438,42.07726],[-78.45251,42.07731],[-78.45154,42.07732],[-78.45099,42.07734],[-78.44927,42.07736],[-78.44698,42.07738],[-78.44396,42.07739],[-78.43521,42.07746],[-78.43388,42.07746],[-78.43144,42.07748],[-78.4303,42.07747]]}},{"type":"Feature","properties":{"agency":"Olean Area Transit System","shape_id":"hoen"},"geometry":{"type":"LineString","coordinates":[[-78.44833,42.08213],[-78.4482,42.08207],[-78.4482,42.08141],[-78.44817,42.07984],[-78.44718,42.07985],[-78.447175,42.07985],[-78.44718,42.07985],[-78.44585,42.07985],[-78.44582,42.07839],[-78.44582,42.078389],[-78.4458,42.07739],[-78.44396,42.07739],[-78.43521,42.07746],[-78.43388,42.07746],[-78.43144,42.07748],[-78.43146,42.07943],[-78.43146,42.07949],[-78.42993,42.07948],[-78.42992,42.07897],[-78.42991,42.07769],[-78.42988,42.0776],[-78.42992,42.07758],[-78.42995,42.07756],[-78.42998,42.07753],[-78.42998,42.07748],[-78.42996,42.07743],[-78.42991,42.07739],[-78.42985,42.07716],[-78.42983,42.07629],[-78.42983,42.07629],[-78.42982,42.07556],[-78.43141,42.07553],[-78.4325,42.07553],[-78.43251,42.07532],[-78.43251,42.07506],[-78.43249,42.07447],[-78.4325,42.07337],[-78.43122,42.07338],[-78.43122,42.07338],[-78.42983,42.07339],[-78.42982,42.0722],[-78.42984,42.07168],[-78.42985,42.07137],[-78.43,42.06983],[-78.43004,42.06963],[-78.43009,42.06951],[-78.43024,42.06929],[-78.43086,42.06867],[-78.43131,42.0682],[-78.43265,42.06666],[-78.4332,42.06606],[-78.43339,42.06592],[-78.43358,42.0658],[-78.43391,42.06563],[-78.43456,42.06539],[-78.43515,42.06519],[-78.43569,42.06499],[-78.43625,42.06473],[-78.43658,42.06456],[-78.43703,42.06429],[-78.4371,42.06437],[-78.43714,42.06446],[-78.43716,42.06454],[-78.43715,42.0649],[-78.43783,42.06489],[-78.43783,42.06535],[-78.43783,42.06616],[-78.43782,42.0662],[-78.4378,42.06624],[-78.43777,42.06626],[-78.43756,42.06627],[-78.437556,42.06627],[-78.43714,42.06628],[-78.43716,42.06454],[-78.43714,42.06446],[-78.4371,42.06437],[-78.43703,42.06429],[-78.43658,42.06456],[-78.43625,42.06473],[-78.43569,42.06499],[-78.43515,42.06519],[-78.43456,42.06539],[-78.43391,42.06563],[-78.43358,42.0658],[-78.43339,42.06592],[-78.4332,42.06606],[-78.43265,42.06666],[-78.43131,42.0682],[-78.43086,42.06867],[-78.43024,42.06929],[-78.43009,42.06951],[-78.43004,42.06963],[-78.43,42.06983],[-78.42985,42.07137],[-78.42984,42.07168],[-78.42982,42.0722],[-78.42983,42.07339],[-78.42982,42.07339],[-78.42983,42.07339],[-78.42983,42.07469],[-78.42982,42.07551],[-78.42982,42.07556],[-78.42787,42.07558],[-78.42787,42.07574],[-78.42787,42.07574],[-78.42788,42.07761],[-78.42776,42.07761],[-78.42492,42.07762],[-78.42445,42.07764],[-78.4228,42.07782],[-78.42036,42.07812],[-78.42009,42.07812],[-78.42009,42.07829],[-78.42019,42.08002],[-78.41733,42.07962],[-78.41688,42.07954],[-78.41618,42.07939],[-78.41556,42.07922],[-78.41511,42.07908],[-78.41509,42.07915],[-78.41488,42.07963],[-78.41509,42.07915],[-78.41511,42.07908],[-78.41556,42.07922],[-78.41618,42.07939],[-78.41688,42.07954],[-78.41733,42.07962],[-78.42019,42.08002],[-78.42023,42.08058],[-78.42031,42.08079],[-78.42038,42.08092],[-78.42049,42.08111],[-78.42175,42.08287],[-78.42212,42.08337],[-78.4236,42.08511],[-78.42497,42.08689],[-78.42549,42.08749],[-78.42558,42.08757],[-78.42595,42.08785],[-78.42635,42.0881],[-78.42738,42.08856],[-78.42664,42.0902],[-78.42752,42.09041],[-78.42664,42.0902],[-78.42606,42.09148],[-78.42618,42.09153],[-78.42606,42.09148],[-78.42738,42.08856],[-78.42743,42.08841],[-78.42791,42.08735],[-78.42799,42.08725],[-78.42808,42.08718],[-78.42803,42.08714],[-78.42796,42.08706],[-78.42794,42.08702],[-78.42792,42.0869],[-78.42793,42.08601],[-78.42791,42.0842],[-78.42901,42.08419],[-78.42989,42.08419],[-78.42989,42.085],[-78.42988,42.08509],[-78.42984,42.08511],[-78.42981,42.08514],[-78.42978,42.08517],[-78.42978,42.08521],[-78.42978,42.08524],[-78.4298,42.08527],[-78.42984,42.0853],[-78.42988,42.08532],[-78.42992,42.08533],[-78.42997,42.08532],[-78.43001,42.08531],[-78.43004,42.0853],[-78.43009,42.08525],[-78.43037,42.08521],[-78.4314,42.0852],[-78.43141,42.08564],[-78.43143,42.08776],[-78.43159,42.08787],[-78.4317,42.08795],[-78.43188,42.08813],[-78.43197,42.08825],[-78.43349,42.09038],[-78.43418,42.09138],[-78.43449,42.09179],[-78.43446,42.09181],[-78.43628,42.09094],[-78.43606,42.09068],[-78.43597,42.09055],[-78.435962,42.090516],[-78.43596,42.09051],[-78.43591,42.09036],[-78.43589,42.09022],[-78.43549,42.08805],[-78.43528,42.08679],[-78.43524,42.08568],[-78.43524,42.08517],[-78.44115,42.08513],[-78.44478,42.08513],[-78.44509,42.08515],[-78.44528,42.08517],[-78.4456,42.08526],[-78.44573,42.0853],[-78.44586,42.08537],[-78.44611,42.0855],[-78.44769,42.08654],[-78.44803,42.08678],[-78.44892,42.0874],[-78.44932,42.08708],[-78.44937,42.08707],[-78.44947,42.08706],[-78.45039,42.08703],[-78.45045,42.087],[-78.45049,42.08697],[-78.45053,42.08691],[-78.45054,42.08677],[-78.45052,42.08658],[-78.4505,42.08641],[-78.45052,42.08594],[-78.45052,42.08575],[-78.44969,42.08569],[-78.44975,42.08562],[-78.44977,42.08555],[-78.44976,42.08548],[-78.44945,42.08535],[-78.4495,42.08524],[-78.44948,42.08514],[-78.44913,42.08495],[-78.44928,42.08476],[-78.44961,42.08427],[-78.44985,42.08397],[-78.45011,42.08372],[-78.45046,42.08349],[-78.45066,42.08338],[-78.45082,42.08332],[-78.45109,42.08322],[-78.45129,42.08317],[-78.45168,42.08312],[-78.4538,42.08299],[-78.45562,42.0829],[-78.456,42.0829],[-78.45629,42.08293],[-78.45675,42.08303],[-78.45774,42.08328],[-78.45802,42.08332],[-78.45818,42.08334],[-78.45833,42.08335],[-78.46,42.08343],[-78.46035,42.08342],[-78.46065,42.08338],[-78.46269,42.08309],[-78.46291,42.08308],[-78.46322,42.08309],[-78.46347,42.08312],[-78.4645,42.08337],[-78.46487,42.08345],[-78.46522,42.08349],[-78.4657,42.08351],[-78.46608,42.08349],[-78.46734,42.08337],[-78.46974,42.0831],[-78.47041,42.08304],[-78.47105,42.083],[-78.47335,42.08302],[-78.47415,42.08299],[-78.47441,42.08297],[-78.47471,42.08294],[-78.4751,42.08287],[-78.47547,42.08275],[-78.47585,42.0826],[-78.47617,42.08243],[-78.47648,42.08222],[-78.47699,42.08182],[-78.4779,42.08108],[-78.47869,42.08046],[-78.47748,42.07963],[-78.47698,42.0793],[-78.4765,42.079],[-78.47626,42.0792],[-78.476261,42.079199],[-78.4765,42.079],[-78.47516,42.07818],[-78.47474,42.07794],[-78.4744,42.07778],[-78.47398,42.07759],[-78.47344,42.0774],[-78.4732,42.07733],[-78.47274,42.07722],[-78.47237,42.07714],[-78.47201,42.07708],[-78.47176,42.07705],[-78.46953,42.07686],[-78.46842,42.07677],[-78.46843,42.0771],[-78.46843,42.07721],[-78.46839,42.07736],[-78.4682,42.07776],[-78.46819,42.07784],[-78.46822,42.07791],[-78.46825,42.07794],[-78.4683,42.07797],[-78.46852,42.07807],[-78.46853,42.0798],[-78.46851,42.07982],[-78.46745,42.07983],[-78.46646,42.07983],[-78.46646,42.07927],[-78.46647,42.07922],[-78.46649,42.07919],[-78.46652,42.07915],[-78.46655,42.07913],[-78.46684,42.079],[-78.46687,42.07895],[-78.46687,42.078605],[-78.46687,42.0786],[-78.46684,42.07678],[-78.46487,42.0769],[-78.46347,42.07701],[-78.46325,42.07701],[-78.46319,42.07693],[-78.46318,42.07557],[-78.46317,42.0745],[-78.46314,42.07448],[-78.46307,42.07448],[-78.46153,42.07448],[-78.4615,42.07448],[-78.46149,42.0745],[-78.46148,42.07527],[-78.46148,42.075273],[-78.46148,42.07527],[-78.46148,42.07559],[-78.46156,42.07557],[-78.4616,42.07556],[-78.462968,42.07557],[-78.46297,42.07557],[-78.46318,42.07557],[-78.46319,42.07693],[-78.46325,42.07701],[-78.46134,42.07701],[-78.46056,42.07702],[-78.45932,42.07707],[-78.45933,42.07694],[-78.45931,42.07566]]}},{"type":"Feature","properties":{"agency":"Olean Area Transit System","shape_id":"hx94"},"geometry":{"type":"LineString","coordinates":[[-78.46772,42.07982],[-78.46673,42.07983],[-78.46672,42.079345],[-78.46672,42.07934],[-78.46671,42.07906],[-78.46684,42.079],[-78.46687,42.07895],[-78.46688,42.07891],[-78.46684,42.07678],[-78.46487,42.0769],[-78.46347,42.07701],[-78.46325,42.07701],[-78.46319,42.07693],[-78.46318,42.07557],[-78.46317,42.0745],[-78.46314,42.07448],[-78.46307,42.07448],[-78.46314,42.07448],[-78.46317,42.0745],[-78.46318,42.07557],[-78.46319,42.07693],[-78.46325,42.07701],[-78.46134,42.07701],[-78.46056,42.07702],[-78.45932,42.07707],[-78.45933,42.07694],[-78.45931,42.07566]]}},{"type":"Feature","properties":{"agency":"Olean Area Transit System","shape_id":"hzdw"},"geometry":{"type":"LineString","coordinates":[[-78.44833,42.08213],[-78.4482,42.08207],[-78.4482,42.08141],[-78.44466,42.08142],[-78.44465,42.07986],[-78.44462,42.07818],[-78.44462,42.07739],[-78.43756,42.07744],[-78.43254,42.07747],[-78.43253,42.07552],[-78.43251,42.07532],[-78.43251,42.07506],[-78.4325,42.07464],[-78.4313,42.07465],[-78.43028,42.07464],[-78.43006,42.07465],[-78.42983,42.07469],[-78.42982,42.0722],[-78.42985,42.07137],[-78.43,42.06983],[-78.43004,42.06963],[-78.43009,42.06951],[-78.43024,42.06929],[-78.43086,42.06867],[-78.43131,42.0682],[-78.43265,42.06666],[-78.4332,42.06606],[-78.43339,42.06592],[-78.43358,42.0658],[-78.43391,42.06563],[-78.43456,42.06539],[-78.43515,42.06519],[-78.43569,42.06499],[-78.43625,42.06473],[-78.43658,42.06456],[-78.43703,42.06429],[-78.4371,42.06437],[-78.43714,42.06446],[-78.43716,42.06454],[-78.43715,42.0649],[-78.43783,42.06489],[-78.43783,42.06535],[-78.43783,42.06489],[-78.43715,42.0649],[-78.43716,42.06454],[-78.43714,42.06446],[-78.4371,42.06437],[-78.43703,42.06429],[-78.43658,42.06456],[-78.43625,42.06473],[-78.43569,42.06499],[-78.43515,42.06519],[-78.43456,42.06539],[-78.43391,42.06563],[-78.43358,42.0658],[-78.43339,42.06592],[-78.4332,42.06606],[-78.43265,42.06666],[-78.43131,42.0682],[-78.43086,42.06867],[-78.43024,42.06929],[-78.43009,42.06951],[-78.43004,42.06963],[-78.43,42.06983],[-78.42985,42.07137],[-78.42984,42.07168],[-78.42982,42.0722],[-78.42983,42.07339],[-78.42982,42.07339],[-78.42983,42.07339],[-78.42983,42.07469],[-78.42982,42.07556],[-78.42985,42.07716],[-78.42984,42.07727],[-78.42979,42.07737],[-78.42976,42.07738],[-78.4297,42.07741],[-78.42968,42.07743],[-78.42966,42.07748],[-78.4284,42.07758],[-78.42788,42.07761],[-78.42679,42.07762],[-78.42492,42.07762],[-78.42445,42.07764],[-78.4228,42.07782],[-78.42036,42.07812],[-78.42009,42.07812],[-78.41996,42.07811],[-78.41984,42.07809],[-78.41706,42.07705],[-78.41541,42.07642],[-78.41463,42.07614],[-78.41395,42.07594],[-78.41323,42.07701],[-78.41313,42.07716],[-78.41293,42.0775],[-78.41331,42.07763],[-78.41299,42.07813],[-78.41287,42.07836],[-78.41511,42.07908],[-78.41509,42.07915],[-78.41488,42.07963],[-78.41509,42.07915],[-78.41511,42.07908],[-78.41556,42.07922],[-78.41618,42.07939],[-78.41688,42.07954],[-78.41733,42.07962],[-78.42019,42.08002],[-78.42023,42.08058],[-78.42031,42.08079],[-78.42038,42.08092],[-78.42049,42.08111],[-78.42175,42.08287],[-78.42212,42.08337],[-78.4236,42.08511],[-78.42497,42.08689],[-78.42549,42.08749],[-78.42558,42.08757],[-78.42595,42.08785],[-78.42635,42.0881],[-78.42738,42.08856],[-78.42606,42.09148],[-78.42618,42.09153],[-78.42606,42.09148],[-78.42738,42.08856],[-78.42743,42.08841],[-78.42791,42.08735],[-78.42799,42.08725],[-78.42808,42.08718],[-78.42803,42.08714],[-78.42796,42.08706],[-78.42794,42.08702],[-78.42792,42.0869],[-78.42793,42.08601],[-78.42791,42.0842],[-78.42901,42.08419],[-78.42989,42.08419],[-78.42989,42.085],[-78.42988,42.08509],[-78.42984,42.08511],[-78.42981,42.08514],[-78.42978,42.08517],[-78.42978,42.08521],[-78.42978,42.08524],[-78.4298,42.08527],[-78.42984,42.0853],[-78.42988,42.08532],[-78.42992,42.08533],[-78.42997,42.08532],[-78.43001,42.08531],[-78.43004,42.0853],[-78.43009,42.08525],[-78.43037,42.08521],[-78.4314,42.0852],[-78.43141,42.08564],[-78.43143,42.08776],[-78.43159,42.08787],[-78.4317,42.08795],[-78.43188,42.08813],[-78.43197,42.08825],[-78.43349,42.09038],[-78.43418,42.09138],[-78.43449,42.09179],[-78.43446,42.09181],[-78.43449,42.09179],[-78.43418,42.09138],[-78.43349,42.09038],[-78.43197,42.08825],[-78.43188,42.08813],[-78.4317,42.08795],[-78.43159,42.08787],[-78.43143,42.08776],[-78.43108,42.08757],[-78.43038,42.08723],[-78.43016,42.08709],[-78.4301,42.08704],[-78.43007,42.087],[-78.43002,42.08697],[-78.43,42.08679],[-78.42999,42.08541],[-78.43001,42.08531],[-78.43004,42.0853],[-78.43009,42.08525],[-78.43037,42.08521],[-78.43321,42.08518],[-78.43883,42.08514],[-78.44231,42.08513],[-78.44478,42.08513],[-78.44509,42.08515],[-78.44528,42.08517],[-78.4456,42.08526],[-78.44573,42.0853],[-78.44586,42.08537],[-78.44611,42.0855],[-78.44745,42.08638],[-78.44769,42.08617],[-78.4481,42.08585],[-78.44894,42.08514],[-78.44913,42.08495],[-78.44928,42.08476],[-78.44961,42.08427],[-78.44985,42.08397],[-78.45011,42.08372],[-78.45046,42.08349],[-78.45066,42.08338],[-78.45082,42.08332],[-78.45109,42.08322],[-78.45129,42.08317],[-78.45168,42.08312],[-78.45179,42.08311],[-78.4538,42.08299],[-78.45562,42.0829],[-78.456,42.0829],[-78.45629,42.08293],[-78.45675,42.08303],[-78.45774,42.08328],[-78.45802,42.08332],[-78.45818,42.08334],[-78.45833,42.08335],[-78.46,42.08343],[-78.46035,42.08342],[-78.46065,42.08338],[-78.46269,42.08309],[-78.46291,42.08308],[-78.46322,42.08309],[-78.46334,42.0831],[-78.46337,42.08303],[-78.46339,42.08294],[-78.46336,42.08226],[-78.46335,42.08142],[-78.46336,42.08095],[-78.46336,42.08002],[-78.46647,42.07999],[-78.46646,42.07983],[-78.46745,42.07983],[-78.46646,42.07983],[-78.46647,42.07999],[-78.46336,42.08002],[-78.46335,42.07952],[-78.46327,42.07858],[-78.46324,42.07789],[-78.46325,42.07701],[-78.46319,42.07693],[-78.46318,42.07557],[-78.46317,42.0745],[-78.46314,42.07448],[-78.46307,42.07448],[-78.46314,42.07448],[-78.46317,42.0745],[-78.46318,42.07557],[-78.46319,42.07693],[-78.46325,42.07701],[-78.46134,42.07701],[-78.46056,42.07702],[-78.45932,42.07707],[-78.45933,42.07694],[-78.45931,42.07566],[-78.45933,42.07694],[-78.45932,42.07707],[-78.45822,42.0771],[-78.45728,42.07715],[-78.45438,42.07726],[-78.45251,42.07731],[-78.45154,42.07732],[-78.45099,42.07734],[-78.44927,42.07736],[-78.44698,42.07738],[-78.44396,42.07739],[-78.43521,42.07746],[-78.43388,42.07746],[-78.43144,42.07748],[-78.4303,42.07747]]}},{"type":"Feature","properties":{"agency":"Olean Area Transit System","shape_id":"j4n0"},"geometry":{"type":"LineString","coordinates":[[-78.42618,42.09153],[-78.42606,42.09148],[-78.42738,42.08856],[-78.42635,42.0881],[-78.42595,42.08785],[-78.42558,42.08757],[-78.42549,42.08749],[-78.42497,42.08689],[-78.4236,42.08511],[-78.42212,42.08337],[-78.42175,42.08287],[-78.42171,42.08282],[-78.42156,42.08286],[-78.41886,42.08286],[-78.417363,42.08285],[-78.41736,42.08285],[-78.41604,42.08286],[-78.41524,42.08283],[-78.41385,42.08249],[-78.41363,42.08245],[-78.41488,42.07963],[-78.41509,42.07915],[-78.41511,42.07908],[-78.41287,42.07836],[-78.41299,42.07813],[-78.41331,42.07763],[-78.41438,42.07798],[-78.414381,42.07798],[-78.41551,42.07835],[-78.41654,42.07685],[-78.41984,42.07809],[-78.41996,42.07811],[-78.42009,42.07812],[-78.42036,42.07812],[-78.4228,42.07782],[-78.42445,42.07764],[-78.42492,42.07762],[-78.42679,42.07762],[-78.42788,42.07761],[-78.42789,42.07802],[-78.429,42.07803],[-78.42982,42.07802],[-78.42985,42.08003],[-78.42985,42.08127],[-78.42984,42.08138],[-78.42979,42.08141],[-78.42976,42.08145],[-78.42975,42.08147],[-78.42975,42.08153],[-78.42979,42.08158],[-78.42985,42.08161],[-78.42987,42.08172],[-78.42987,42.08281],[-78.42986,42.08292],[-78.4298,42.08295],[-78.42976,42.083],[-78.42977,42.08306],[-78.42979,42.0831],[-78.42982,42.08312],[-78.42986,42.08314],[-78.42988,42.08325],[-78.42989,42.08419],[-78.42901,42.08419],[-78.42791,42.0842],[-78.42901,42.08419],[-78.42989,42.08419],[-78.42989,42.085],[-78.42988,42.08509],[-78.42984,42.08511],[-78.42981,42.08514],[-78.42978,42.08517],[-78.42978,42.08521],[-78.42978,42.08524],[-78.4298,42.08527],[-78.42984,42.0853],[-78.42988,42.08532],[-78.42992,42.08533],[-78.42997,42.08532],[-78.43001,42.08531],[-78.43004,42.0853],[-78.43009,42.08525],[-78.43037,42.08521],[-78.43321,42.08518],[-78.44231,42.08513],[-78.44478,42.08513],[-78.44509,42.08515],[-78.44528,42.08517],[-78.4456,42.08526],[-78.44573,42.0853],[-78.44586,42.08537],[-78.44611,42.0855],[-78.44745,42.08638],[-78.44769,42.08617],[-78.4481,42.08585],[-78.44894,42.08514],[-78.44913,42.08495],[-78.44928,42.08476],[-78.44961,42.08427],[-78.44985,42.08397],[-78.45011,42.08372],[-78.45046,42.08349],[-78.45066,42.08338],[-78.45082,42.08332],[-78.45109,42.08322],[-78.45129,42.08317],[-78.45168,42.08312],[-78.45179,42.08311],[-78.4538,42.08299],[-78.45562,42.0829],[-78.456,42.0829],[-78.45629,42.08293],[-78.45675,42.08303],[-78.45774,42.08328],[-78.45802,42.08332],[-78.45818,42.08334],[-78.45833,42.08335],[-78.46,42.08343],[-78.46035,42.08342],[-78.46065,42.08338],[-78.46269,42.08309],[-78.46291,42.08308],[-78.46322,42.08309],[-78.46334,42.0831],[-78.46337,42.08303],[-78.46339,42.08294],[-78.46336,42.08226],[-78.46335,42.08142],[-78.46336,42.08095],[-78.46336,42.08002],[-78.46647,42.07999],[-78.46646,42.07983],[-78.46745,42.07983],[-78.46851,42.07982],[-78.46853,42.0798],[-78.46852,42.07807],[-78.4683,42.07797],[-78.46825,42.07794],[-78.46822,42.07791],[-78.46819,42.07784],[-78.4682,42.07776],[-78.46839,42.07736],[-78.46843,42.07721],[-78.46843,42.0771],[-78.46842,42.07677],[-78.46953,42.07686],[-78.47176,42.07705],[-78.47201,42.07708],[-78.47237,42.07714],[-78.47274,42.07722],[-78.47344,42.0774],[-78.47398,42.07759],[-78.4744,42.07778],[-78.47474,42.07794],[-78.47516,42.07818],[-78.47698,42.0793],[-78.47807,42.08003],[-78.48034,42.08158],[-78.48117,42.08213],[-78.48157,42.08237],[-78.48335,42.08333],[-78.4849,42.08419],[-78.48574,42.08468],[-78.4883,42.08622],[-78.49126,42.08805],[-78.49285,42.08905],[-78.4944,42.09001],[-78.49445,42.09004],[-78.49506,42.09043],[-78.49535,42.09065],[-78.49597,42.09117],[-78.49587,42.09123],[-78.49535,42.09158],[-78.49535,42.09065],[-78.49791,42.09278],[-78.4983,42.09308],[-78.49912,42.09366],[-78.49962,42.094],[-78.50004,42.09427],[-78.50032,42.09444],[-78.50051,42.09454],[-78.50075,42.09464],[-78.50092,42.09471],[-78.50196,42.09508],[-78.5052,42.09615],[-78.50654,42.09661],[-78.50872,42.09734],[-78.51648,42.09976],[-78.51916,42.10058],[-78.5197,42.10074],[-78.51998,42.10081],[-78.52103,42.10106],[-78.52178,42.10127],[-78.52303,42.10166],[-78.52579,42.10251],[-78.5297,42.10375],[-78.53202,42.10448],[-78.53431,42.10524],[-78.53766,42.10644],[-78.54229,42.10813],[-78.54302,42.10837],[-78.54321,42.10842],[-78.54346,42.10847],[-78.54363,42.10849],[-78.54403,42.10851],[-78.54429,42.10849],[-78.54457,42.10846],[-78.54667,42.10813],[-78.54711,42.10806],[-78.54747,42.10804],[-78.54937,42.10799],[-78.54986,42.10796],[-78.5503,42.10791],[-78.5508,42.10782],[-78.55128,42.1077],[-78.55162,42.10757],[-78.55197,42.10738],[-78.55259,42.10697],[-78.55471,42.10555],[-78.55529,42.10517],[-78.5558,42.10489],[-78.55662,42.1045],[-78.55735,42.10422],[-78.55768,42.10412],[-78.55802,42.10404],[-78.55826,42.104],[-78.55892,42.10391],[-78.55926,42.10385],[-78.55958,42.10377],[-78.55987,42.10367],[-78.56023,42.10352],[-78.56122,42.10308],[-78.56459,42.10169],[-78.56497,42.10151],[-78.56617,42.10085],[-78.56669,42.10058],[-78.56707,42.1004],[-78.57001,42.09915],[-78.57038,42.09897],[-78.57075,42.09877],[-78.57215,42.09789],[-78.57258,42.09769],[-78.57307,42.09751],[-78.57578,42.09671],[-78.57633,42.09656],[-78.5768,42.09645],[-78.577,42.09642],[-78.58013,42.09599],[-78.58139,42.09584],[-78.58267,42.09565],[-78.58514,42.09533],[-78.58686,42.09507],[-78.58907,42.0947],[-78.5907,42.09438],[-78.59185,42.09416],[-78.59266,42.09402],[-78.59291,42.09399],[-78.59349,42.09393],[-78.59375,42.09392],[-78.5942,42.09391],[-78.59495,42.09392],[-78.59531,42.09395],[-78.59569,42.094],[-78.59615,42.0941],[-78.59659,42.09424],[-78.59732,42.09451],[-78.59824,42.09488],[-78.59863,42.09503],[-78.59895,42.09513],[-78.59948,42.09528],[-78.59973,42.09533],[-78.60034,42.09544],[-78.60089,42.09548],[-78.60128,42.09549],[-78.60208,42.09546],[-78.60227,42.09544],[-78.60309,42.09528],[-78.60481,42.0949],[-78.6055,42.09476],[-78.60566,42.09473],[-78.60621,42.0947],[-78.60667,42.09469],[-78.60691,42.0947],[-78.60715,42.09473],[-78.60743,42.09477],[-78.60779,42.09485],[-78.60811,42.09493],[-78.60877,42.09515],[-78.61011,42.09563],[-78.61036,42.09571],[-78.61062,42.09577],[-78.61101,42.09584],[-78.61151,42.09589],[-78.61174,42.09591],[-78.61213,42.09591],[-78.61252,42.09589],[-78.61352,42.09576],[-78.61376,42.09574],[-78.61401,42.09573],[-78.61487,42.09573],[-78.61542,42.09577],[-78.61697,42.09594],[-78.61713,42.09595],[-78.61936,42.09596],[-78.62021,42.09598],[-78.62089,42.09603],[-78.62189,42.09615],[-78.625,42.09666],[-78.6255,42.09673],[-78.62644,42.09684],[-78.62749,42.09691],[-78.6276,42.09631],[-78.62783,42.09478],[-78.62786,42.09428],[-78.62789,42.09413],[-78.62805,42.09351],[-78.62813,42.09325],[-78.62832,42.09273],[-78.62854,42.0923],[-78.62867,42.09234],[-78.62854,42.0923],[-78.62832,42.09273],[-78.62813,42.09325],[-78.62805,42.09351],[-78.62789,42.09413],[-78.62786,42.09428],[-78.62783,42.09478],[-78.6276,42.09631],[-78.62749,42.09691],[-78.62781,42.09696],[-78.63287,42.09738],[-78.63343,42.09747],[-78.63398,42.0976],[-78.63419,42.09765],[-78.63466,42.09781],[-78.63642,42.09848],[-78.63688,42.09868],[-78.63721,42.09884],[-78.6375,42.099],[-78.63792,42.0993],[-78.63814,42.09947],[-78.63983,42.1009],[-78.64034,42.10131],[-78.6405,42.10146],[-78.64105,42.1019],[-78.64149,42.10222],[-78.642,42.10254],[-78.6424,42.10277],[-78.64326,42.10319],[-78.64415,42.10362],[-78.64469,42.1039],[-78.64535,42.10431],[-78.64569,42.10455],[-78.64629,42.10503],[-78.6482,42.1066],[-78.64994,42.10794],[-78.65024,42.10818],[-78.65043,42.10836],[-78.6506,42.10853],[-78.65088,42.10888],[-78.65102,42.10908],[-78.65127,42.10952],[-78.6514,42.10981],[-78.6515,42.11006],[-78.6516,42.11035],[-78.65171,42.11078],[-78.65178,42.11124],[-78.65182,42.11178],[-78.65181,42.11198],[-78.65173,42.1132],[-78.65173,42.11376],[-78.65176,42.1141],[-78.65184,42.11453],[-78.65203,42.11529],[-78.65249,42.11702],[-78.65284,42.1184],[-78.65331,42.12016],[-78.65377,42.12201],[-78.65395,42.12286],[-78.65406,42.12353],[-78.6547,42.12723],[-78.65476,42.12772],[-78.65477,42.12842],[-78.65474,42.12905],[-78.65472,42.12927],[-78.65463,42.12986],[-78.65371,42.13482],[-78.65349,42.13616],[-78.65348,42.13642],[-78.65353,42.13689],[-78.65356,42.13707],[-78.65375,42.13768],[-78.65411,42.13876],[-78.65442,42.13966],[-78.65534,42.14202],[-78.65571,42.14296],[-78.6559,42.14332],[-78.65599,42.14345],[-78.65625,42.14378],[-78.65654,42.14409],[-78.65682,42.14433],[-78.65709,42.14452],[-78.66025,42.14649],[-78.66299,42.14819],[-78.66346,42.14851],[-78.66389,42.14887],[-78.66411,42.14909],[-78.66433,42.14934],[-78.66626,42.15186],[-78.66657,42.15224],[-78.66676,42.15243],[-78.66695,42.1526],[-78.66724,42.15281],[-78.66775,42.15314],[-78.67019,42.15458],[-78.67239,42.15587],[-78.67279,42.15608],[-78.67304,42.15619],[-78.67333,42.15631],[-78.6736,42.1564],[-78.67418,42.15658],[-78.67763,42.15755],[-78.6814,42.15857],[-78.68633,42.15996],[-78.68661,42.16001],[-78.68678,42.16003],[-78.68691,42.16003],[-78.68713,42.16002],[-78.68722,42.16001],[-78.68753,42.15993],[-78.68773,42.15987],[-78.68811,42.15971],[-78.68837,42.15969],[-78.68906,42.15966],[-78.68949,42.15962],[-78.69045,42.15941],[-78.6924,42.15899],[-78.69507,42.15843],[-78.69525,42.15895],[-78.69552,42.15961],[-78.69594,42.16073],[-78.69599,42.16093],[-78.696,42.16103],[-78.696,42.16139],[-78.69586,42.16228],[-78.69577,42.1628],[-78.69558,42.16358],[-78.69502,42.16537],[-78.69494,42.16559],[-78.69487,42.16574],[-78.69475,42.16593],[-78.69427,42.16653],[-78.69457,42.1666],[-78.69427,42.16653],[-78.69475,42.16593],[-78.69487,42.16574],[-78.69494,42.16559],[-78.69502,42.16537],[-78.69558,42.16358],[-78.69577,42.1628],[-78.69586,42.16228],[-78.696,42.16139],[-78.696,42.16103],[-78.69599,42.16093],[-78.69594,42.16073],[-78.69552,42.15961],[-78.69525,42.15895],[-78.69507,42.15843],[-78.69607,42.15822],[-78.69684,42.15804],[-78.69847,42.15757],[-78.69898,42.15744],[-78.69934,42.15737],[-78.70041,42.15718],[-78.70109,42.15706],[-78.70142,42.15699],[-78.70157,42.15697],[-78.70261,42.15678],[-78.70281,42.15673],[-78.70296,42.15668],[-78.70307,42.15662],[-78.70348,42.15631],[-78.70464,42.15543],[-78.7067,42.15381],[-78.70687,42.15371],[-78.707,42.15367],[-78.70725,42.1536],[-78.70751,42.15357],[-78.70772,42.15357],[-78.70798,42.15362],[-78.70937,42.15394],[-78.71021,42.15411],[-78.71338,42.15462],[-78.7148,42.15486],[-78.7161,42.15506],[-78.71588,42.15568],[-78.71534,42.15565],[-78.71588,42.15568],[-78.71574,42.15608],[-78.71568,42.15629],[-78.71533,42.15735],[-78.71514,42.15788],[-78.71496,42.15782],[-78.71475,42.15776],[-78.71434,42.15767],[-78.71339,42.15752],[-78.71213,42.15732],[-78.71093,42.15717],[-78.7103,42.15714],[-78.71023,42.15729],[-78.710031,42.157638],[-78.71003,42.15764],[-78.70972,42.1582],[-78.70969,42.15828],[-78.70971,42.15837],[-78.70975,42.15843],[-78.70986,42.15849],[-78.71071,42.15873],[-78.71125,42.15889],[-78.7114,42.15891],[-78.71155,42.15887],[-78.71164,42.15878],[-78.71188,42.15828],[-78.71212,42.15832],[-78.71313,42.1585],[-78.71298,42.15899],[-78.71298,42.15906],[-78.71299,42.15909],[-78.71298,42.15906],[-78.71298,42.15899],[-78.71304,42.15881],[-78.71394,42.15897],[-78.71473,42.15915],[-78.71589,42.15942],[-78.7165,42.15958],[-78.7167,42.15919],[-78.71699,42.15862],[-78.71686,42.15856],[-78.71577,42.15812],[-78.71514,42.15788],[-78.71533,42.15735],[-78.71568,42.15629],[-78.71574,42.15608],[-78.71588,42.15568],[-78.71534,42.15565],[-78.71588,42.15568],[-78.7161,42.15506],[-78.72168,42.15594],[-78.72419,42.15634],[-78.7318,42.15758],[-78.73647,42.15836],[-78.73659,42.15799],[-78.73663,42.15779],[-78.73666,42.15722],[-78.73632,42.15716],[-78.73666,42.15722],[-78.73663,42.15779],[-78.73659,42.15799],[-78.73647,42.15836],[-78.73638,42.15858],[-78.73601,42.15989],[-78.7364,42.15995],[-78.73652,42.15949],[-78.7364,42.15995],[-78.73675,42.16001],[-78.73684,42.16003],[-78.7369,42.16007],[-78.73694,42.16015],[-78.73695,42.16021],[-78.73693,42.16033],[-78.7362,42.16306],[-78.73633,42.16307],[-78.73673,42.16307],[-78.73804,42.16299],[-78.73853,42.16294],[-78.73885,42.16289],[-78.73937,42.16279],[-78.73978,42.1627],[-78.74059,42.16252],[-78.74125,42.16233],[-78.74235,42.16194],[-78.74333,42.16156],[-78.74307,42.16109],[-78.74276,42.16054],[-78.74373,42.16022],[-78.74372,42.16017],[-78.74378,42.16007],[-78.74393,42.16005],[-78.74436,42.15992],[-78.74434,42.15988],[-78.74486,42.15971],[-78.74434,42.15988],[-78.74415,42.15934],[-78.74462,42.15929],[-78.74535,42.15917],[-78.74569,42.15909],[-78.74613,42.15897],[-78.74669,42.15878],[-78.74694,42.15868],[-78.74717,42.15857],[-78.74758,42.15836],[-78.74796,42.15816],[-78.74823,42.15832],[-78.74835,42.15836],[-78.74846,42.15837],[-78.74859,42.15837],[-78.74927,42.15831],[-78.74977,42.15828],[-78.75036,42.15828],[-78.75094,42.15831],[-78.75172,42.15842],[-78.75322,42.15868],[-78.75568,42.15912],[-78.75619,42.15919],[-78.75699,42.15927],[-78.75752,42.15929],[-78.75836,42.15928],[-78.7588,42.15925],[-78.75927,42.15921],[-78.75981,42.15912],[-78.75939,42.15727],[-78.75937,42.15698],[-78.75938,42.15684],[-78.75942,42.15666],[-78.75952,42.15642],[-78.75964,42.15623],[-78.75976,42.15609],[-78.75985,42.156],[-78.76008,42.15581],[-78.7602,42.15573],[-78.76038,42.15564],[-78.76057,42.15556],[-78.76095,42.15545],[-78.7611,42.15542],[-78.76137,42.15538],[-78.76326,42.15521],[-78.76351,42.15518],[-78.76367,42.15514],[-78.76383,42.15509],[-78.764,42.15501],[-78.76416,42.15491],[-78.76427,42.15482],[-78.76436,42.15472],[-78.76445,42.15459],[-78.76451,42.15447],[-78.76455,42.15435],[-78.76468,42.15358],[-78.76478,42.15322],[-78.7649,42.15295],[-78.76497,42.15281],[-78.76508,42.15265],[-78.76529,42.15243],[-78.76553,42.1522],[-78.76565,42.15212],[-78.76596,42.15195],[-78.76619,42.15185],[-78.76637,42.15178],[-78.76674,42.15166],[-78.76679,42.15175],[-78.76686,42.15183],[-78.7673,42.15207],[-78.76763,42.15222],[-78.76767,42.1523],[-78.76767,42.15233],[-78.76764,42.15236],[-78.76757,42.15244],[-78.76755,42.15248],[-78.76755,42.15253],[-78.76758,42.15257],[-78.76767,42.15263],[-78.76774,42.15258],[-78.76799,42.15238],[-78.7673,42.15207],[-78.76686,42.15183],[-78.76679,42.15175],[-78.76674,42.15166],[-78.76637,42.15178],[-78.76619,42.15185],[-78.76596,42.15195],[-78.76565,42.15212],[-78.76553,42.1522],[-78.76529,42.15243],[-78.76508,42.15265],[-78.76497,42.15281],[-78.7649,42.15295],[-78.76478,42.15322],[-78.76468,42.15358],[-78.76455,42.15435],[-78.76451,42.15447],[-78.76445,42.15459],[-78.76436,42.15472],[-78.76427,42.15482],[-78.76416,42.15491],[-78.764,42.15501],[-78.76383,42.15509],[-78.76367,42.15514],[-78.76351,42.15518],[-78.76326,42.15521],[-78.76137,42.15538],[-78.7611,42.15542],[-78.76095,42.15545],[-78.76057,42.15556],[-78.76038,42.15564],[-78.7602,42.15573],[-78.76008,42.15581],[-78.75985,42.156],[-78.75976,42.15609],[-78.75964,42.15623],[-78.75952,42.15642],[-78.75942,42.15666],[-78.75938,42.15684],[-78.75937,42.15698],[-78.75939,42.15727],[-78.75981,42.15912],[-78.75927,42.15921],[-78.75903,42.15923],[-78.7588,42.15925],[-78.75836,42.15928],[-78.75752,42.15929],[-78.75699,42.15927],[-78.75619,42.15919],[-78.75568,42.15912],[-78.75322,42.15868],[-78.75172,42.15842],[-78.75094,42.15831],[-78.75036,42.15828],[-78.74977,42.15828],[-78.74927,42.15831],[-78.74859,42.15837],[-78.74846,42.15837],[-78.74835,42.15836],[-78.74823,42.15832],[-78.74796,42.15816],[-78.74816,42.15803],[-78.74887,42.15748],[-78.74978,42.15669],[-78.75014,42.15621],[-78.75057,42.15558],[-78.75071,42.15536],[-78.75164,42.15361],[-78.75174,42.15334],[-78.75211,42.1526],[-78.75219,42.15238],[-78.75221,42.15221],[-78.75217,42.15186],[-78.75186,42.15192],[-78.75173,42.15196],[-78.75162,42.15203],[-78.75139,42.15218],[-78.75122,42.15227],[-78.75091,42.15223],[-78.75072,42.15224],[-78.75048,42.1523],[-78.75005,42.15244]]}},{"type":"Feature","properties":{"agency":"Olean Area Transit System","shape_id":"jfem"},"geometry":{"type":"LineString","coordinates":[[-78.44833,42.08213],[-78.4482,42.08207],[-78.4482,42.08141],[-78.44466,42.08142],[-78.44465,42.07986],[-78.44462,42.07818],[-78.44462,42.07739],[-78.43756,42.07744],[-78.43388,42.07746],[-78.43144,42.07748],[-78.43146,42.07943],[-78.43146,42.07949],[-78.42993,42.07948],[-78.42992,42.07897],[-78.42991,42.07769],[-78.42988,42.0776],[-78.42992,42.07758],[-78.42995,42.07756],[-78.42998,42.07753],[-78.42998,42.07748],[-78.42996,42.07743],[-78.42991,42.07739],[-78.42985,42.07716],[-78.42983,42.076194],[-78.42983,42.07619],[-78.42982,42.07556],[-78.43141,42.07553],[-78.4325,42.07553],[-78.43251,42.07532],[-78.43251,42.07506],[-78.43249,42.07447],[-78.4325,42.07337],[-78.43121,42.07338],[-78.431209,42.07338],[-78.42983,42.07339],[-78.42982,42.0722],[-78.42984,42.07168],[-78.42985,42.07137],[-78.43,42.06983],[-78.43004,42.06963],[-78.43009,42.06951],[-78.43024,42.06929],[-78.43086,42.06867],[-78.43131,42.0682],[-78.43265,42.06666],[-78.4332,42.06606],[-78.43339,42.06592],[-78.43358,42.0658],[-78.43391,42.06563],[-78.43456,42.06539],[-78.43515,42.06519],[-78.43569,42.06499],[-78.43625,42.06473],[-78.43658,42.06456],[-78.43703,42.06429],[-78.4371,42.06437],[-78.43714,42.06446],[-78.43716,42.06454],[-78.43715,42.0649],[-78.43783,42.06489],[-78.43783,42.06535],[-78.43783,42.06616],[-78.43782,42.0662],[-78.4378,42.06624],[-78.43777,42.06626],[-78.437553,42.06627],[-78.43755,42.06627],[-78.43714,42.06628],[-78.43716,42.06454],[-78.43714,42.06446],[-78.4371,42.06437],[-78.43703,42.06429],[-78.43658,42.06456],[-78.43625,42.06473],[-78.43569,42.06499],[-78.43515,42.06519],[-78.43456,42.06539],[-78.43391,42.06563],[-78.43358,42.0658],[-78.43339,42.06592],[-78.4332,42.06606],[-78.43265,42.06666],[-78.43131,42.0682],[-78.43086,42.06867],[-78.43024,42.06929],[-78.43009,42.06951],[-78.43004,42.06963],[-78.43,42.06983],[-78.42985,42.07137],[-78.42984,42.07168],[-78.42982,42.0722],[-78.42983,42.07339],[-78.42982,42.07339],[-78.42983,42.07339],[-78.42983,42.07469],[-78.42982,42.07551],[-78.42985,42.07716],[-78.42984,42.07727],[-78.42979,42.07737],[-78.42976,42.07738],[-78.4297,42.07741],[-78.42968,42.07743],[-78.42966,42.07748],[-78.4284,42.07758],[-78.42788,42.07761],[-78.42776,42.07761],[-78.42492,42.07762],[-78.42445,42.07764],[-78.4228,42.07782],[-78.42036,42.07812],[-78.42009,42.07812],[-78.42009,42.07829],[-78.42013,42.07911],[-78.41991,42.07905],[-78.41729,42.07805],[-78.417289,42.07805],[-78.41729,42.07805],[-78.41604,42.07758],[-78.41556,42.07741],[-78.4149,42.07721],[-78.41424,42.07698],[-78.41342,42.07672],[-78.41323,42.07701],[-78.41342,42.07672],[-78.41223,42.07634],[-78.41089,42.07588],[-78.41097,42.075691],[-78.41097,42.07569],[-78.4112,42.07517],[-78.40752,42.07413],[-78.40604,42.07372],[-78.4039,42.0731],[-78.40305,42.07481],[-78.403,42.07495],[-78.40299,42.07509],[-78.40298,42.07585],[-78.40298,42.07585],[-78.40298,42.07602],[-78.40544,42.07604],[-78.40583,42.07605],[-78.4059,42.07606],[-78.40907,42.07711],[-78.41149,42.07789],[-78.41287,42.07836],[-78.41511,42.07908],[-78.41509,42.07915],[-78.41488,42.07963],[-78.41509,42.07915],[-78.41511,42.07908],[-78.41556,42.07922],[-78.41618,42.07939],[-78.41688,42.07954],[-78.41733,42.07962],[-78.42019,42.08002],[-78.42023,42.08058],[-78.42031,42.08079],[-78.42038,42.08092],[-78.42049,42.08111],[-78.42175,42.08287],[-78.42212,42.08337],[-78.4236,42.08511],[-78.42497,42.08689],[-78.42549,42.08749],[-78.42558,42.08757],[-78.42595,42.08785],[-78.42635,42.0881],[-78.42738,42.08856],[-78.42664,42.0902],[-78.42752,42.09041],[-78.42664,42.0902],[-78.42606,42.09148],[-78.42618,42.09153],[-78.42606,42.09148],[-78.42738,42.08856],[-78.42743,42.08841],[-78.42791,42.08735],[-78.42799,42.08725],[-78.42808,42.08718],[-78.42803,42.08714],[-78.42796,42.08706],[-78.42794,42.08702],[-78.42792,42.0869],[-78.42793,42.08601],[-78.42791,42.0842],[-78.42901,42.08419],[-78.42989,42.08419],[-78.42989,42.085],[-78.42988,42.08509],[-78.42984,42.08511],[-78.42981,42.08514],[-78.42978,42.08517],[-78.42978,42.08521],[-78.42978,42.08524],[-78.4298,42.08527],[-78.42984,42.0853],[-78.42988,42.08532],[-78.42992,42.08533],[-78.42997,42.08532],[-78.43001,42.08531],[-78.43004,42.0853],[-78.43009,42.08525],[-78.43037,42.08521],[-78.4314,42.0852],[-78.43141,42.08564],[-78.43143,42.08776],[-78.43159,42.08787],[-78.4317,42.08795],[-78.43188,42.08813],[-78.43197,42.08825],[-78.43349,42.09038],[-78.43418,42.09138],[-78.43449,42.09179],[-78.43446,42.09181],[-78.43628,42.09094],[-78.43606,42.09068],[-78.43597,42.09055],[-78.43591,42.09036],[-78.43583,42.08991],[-78.43583,42.08991],[-78.43549,42.08805],[-78.43528,42.08679],[-78.43524,42.08568],[-78.43524,42.08517],[-78.44115,42.08513],[-78.44478,42.08513],[-78.44509,42.08515],[-78.44528,42.08517],[-78.4456,42.08526],[-78.44573,42.0853],[-78.44586,42.08537],[-78.44611,42.0855],[-78.44769,42.08654],[-78.44803,42.08678],[-78.44892,42.0874],[-78.44932,42.08708],[-78.44937,42.08707],[-78.44947,42.08706],[-78.45039,42.08703],[-78.45045,42.087],[-78.45049,42.08697],[-78.45053,42.08691],[-78.45054,42.08677],[-78.45052,42.08658],[-78.45054,42.08677],[-78.45053,42.08691],[-78.45049,42.08697],[-78.45045,42.087],[-78.45039,42.08703],[-78.44985,42.08705],[-78.44947,42.08706],[-78.44937,42.08707],[-78.44932,42.08708],[-78.44892,42.0874],[-78.44803,42.08678],[-78.44769,42.08654],[-78.44611,42.0855],[-78.44586,42.08537],[-78.44573,42.0853],[-78.4456,42.08526],[-78.44528,42.08517],[-78.44509,42.08515],[-78.44478,42.08513],[-78.4447,42.08325],[-78.44466,42.08142],[-78.4482,42.08141],[-78.4482,42.08243],[-78.44817,42.08253],[-78.4482,42.08243],[-78.4482,42.08141],[-78.44816,42.07858],[-78.44816,42.07737],[-78.44927,42.07736],[-78.45099,42.07734],[-78.45154,42.07732],[-78.45251,42.07731],[-78.45438,42.07726],[-78.45728,42.07715],[-78.45822,42.0771],[-78.46056,42.07702],[-78.46134,42.07701],[-78.46347,42.07701],[-78.46487,42.0769],[-78.46684,42.07678],[-78.46687,42.078508],[-78.46687,42.07851],[-78.46687,42.07895],[-78.46684,42.079],[-78.46655,42.07913],[-78.46652,42.07915],[-78.46649,42.07919],[-78.46647,42.07922],[-78.46646,42.07927],[-78.46646,42.07983],[-78.46745,42.07983],[-78.46851,42.07982],[-78.46853,42.0798],[-78.46852,42.07836],[-78.46852,42.07807],[-78.4683,42.07797],[-78.46825,42.07794],[-78.46822,42.07791],[-78.46819,42.07784],[-78.4682,42.07776],[-78.46839,42.07736],[-78.46843,42.07721],[-78.46843,42.0771],[-78.46842,42.07677],[-78.46817,42.07675],[-78.46769,42.07675],[-78.46684,42.07678],[-78.46487,42.0769],[-78.46347,42.07701],[-78.46325,42.07701],[-78.46319,42.07693],[-78.46318,42.07557],[-78.46317,42.0745],[-78.46314,42.07448],[-78.46307,42.07448],[-78.46314,42.07448],[-78.46317,42.0745],[-78.46318,42.07557],[-78.46319,42.07693],[-78.46325,42.07701],[-78.46134,42.07701],[-78.46056,42.07702],[-78.45932,42.07707],[-78.45933,42.07694],[-78.45931,42.07566]]}},{"type":"Feature","properties":{"agency":"Olean Area Transit System","shape_id":"l3fg"},"geometry":{"type":"LineString","coordinates":[[-78.483726,42.081849],[-78.48374,42.08184],[-78.48375,42.08185],[-78.48373,42.08195],[-78.4837,42.08197],[-78.48364,42.08201],[-78.48353,42.08198],[-78.48267,42.08275],[-78.48172,42.0822],[-78.4805,42.08148],[-78.48041,42.08141],[-78.48031,42.08132],[-78.48014,42.08105],[-78.48005,42.08097],[-78.47996,42.08091],[-78.47989,42.0809],[-78.47974,42.08088],[-78.47957,42.0809],[-78.47941,42.08094],[-78.47869,42.08046],[-78.47887,42.08039],[-78.47976,42.07968],[-78.47978,42.0796],[-78.48144,42.08073],[-78.48246,42.07992],[-78.48249,42.07993],[-78.48254,42.07994],[-78.48262,42.07993],[-78.4828,42.07989],[-78.48288,42.07983],[-78.48293,42.07977],[-78.48293,42.07969],[-78.48288,42.07961],[-78.48281,42.07957],[-78.4827,42.07956],[-78.48258,42.0796],[-78.48252,42.07965],[-78.48247,42.07972],[-78.48234,42.07962],[-78.48234,42.07962],[-78.48117,42.07882],[-78.48104,42.0787],[-78.48105,42.07855],[-78.48111,42.07848],[-78.48169,42.07801],[-78.48175,42.07794],[-78.48176,42.0779],[-78.48169,42.07772],[-78.48135,42.07715],[-78.48116,42.07701],[-78.48116,42.07701],[-78.48067,42.07671],[-78.48004,42.07638],[-78.47972,42.07623],[-78.47941,42.07612],[-78.47862,42.07598],[-78.47813,42.0759],[-78.47786,42.07581],[-78.4774,42.07557],[-78.47655,42.07508],[-78.47642,42.07499],[-78.47617,42.07515],[-78.47598,42.07535],[-78.47588,42.07551],[-78.47555,42.07605],[-78.47544,42.07633],[-78.47515,42.07706],[-78.47494,42.07762],[-78.47482,42.07784],[-78.47474,42.07794],[-78.4744,42.07778],[-78.47398,42.07759],[-78.47344,42.0774],[-78.47274,42.07722],[-78.47237,42.07714],[-78.47193,42.07707],[-78.47135,42.07701],[-78.46842,42.07677],[-78.46843,42.0771],[-78.46843,42.07721],[-78.46839,42.07736],[-78.4682,42.07776],[-78.46819,42.07784],[-78.46822,42.07791],[-78.46825,42.07794],[-78.4683,42.07797],[-78.46852,42.07807],[-78.46852,42.07819],[-78.46763,42.0782],[-78.46761,42.0782],[-78.46762,42.07863],[-78.46762,42.078632],[-78.46763,42.07983],[-78.46773,42.07982],[-78.46851,42.07981],[-78.46853,42.07979],[-78.46852,42.07806],[-78.46826,42.07794],[-78.46823,42.07791],[-78.4682,42.07783],[-78.46821,42.07776],[-78.4684,42.07736],[-78.46843,42.0772],[-78.46842,42.07676],[-78.47135,42.07701],[-78.47202,42.07708],[-78.47237,42.07714],[-78.47274,42.07721],[-78.4732,42.07733],[-78.47366,42.07747],[-78.47398,42.07759],[-78.47474,42.07794],[-78.47516,42.07818],[-78.47692,42.07925],[-78.48117,42.08213],[-78.48158,42.08236],[-78.48336,42.08333],[-78.48514,42.08432],[-78.48574,42.08467],[-78.48831,42.08622],[-78.49434,42.08996],[-78.49434,42.08996],[-78.49506,42.09042],[-78.49598,42.09116],[-78.49587,42.09123]]}},{"type":"Feature","properties":{"agency":"Olean Area Transit System","shape_id":"lrlc"},"geometry":{"type":"LineString","coordinates":[[-78.44833,42.08213],[-78.4482,42.08207],[-78.4482,42.08141],[-78.44466,42.08142],[-78.44465,42.07986],[-78.44462,42.07818],[-78.44462,42.07739],[-78.43756,42.07744],[-78.43388,42.07746],[-78.43144,42.07748],[-78.43146,42.07943],[-78.43146,42.07949],[-78.42993,42.07948],[-78.42992,42.07897],[-78.42991,42.07769],[-78.42988,42.0776],[-78.42992,42.07758],[-78.42995,42.07756],[-78.42998,42.07753],[-78.42998,42.07748],[-78.42996,42.07743],[-78.42991,42.07739],[-78.42985,42.07716],[-78.42982,42.07556],[-78.431038,42.07554],[-78.43104,42.07554],[-78.4325,42.07553],[-78.43251,42.07532],[-78.43251,42.07506],[-78.43249,42.07447],[-78.4325,42.07337],[-78.431452,42.07338],[-78.43145,42.07338],[-78.42983,42.07339],[-78.42982,42.0722],[-78.42984,42.07168],[-78.42985,42.07137],[-78.43,42.06983],[-78.43004,42.06963],[-78.43009,42.06951],[-78.43024,42.06929],[-78.43086,42.06867],[-78.43131,42.0682],[-78.43265,42.06666],[-78.4332,42.06606],[-78.43339,42.06592],[-78.43358,42.0658],[-78.43391,42.06563],[-78.43456,42.06539],[-78.43515,42.06519],[-78.43569,42.06499],[-78.43625,42.06473],[-78.43658,42.06456],[-78.43703,42.06429],[-78.4371,42.06437],[-78.43714,42.06446],[-78.43716,42.06454],[-78.43715,42.0649],[-78.43783,42.06489],[-78.43783,42.06535],[-78.43783,42.06616],[-78.43782,42.0662],[-78.4378,42.06624],[-78.43777,42.06626],[-78.43767,42.06627],[-78.437666,42.06627],[-78.43714,42.06628],[-78.43716,42.06454],[-78.43714,42.06446],[-78.4371,42.06437],[-78.43703,42.06429],[-78.43658,42.06456],[-78.43625,42.06473],[-78.43569,42.06499],[-78.43515,42.06519],[-78.43456,42.06539],[-78.43391,42.06563],[-78.43358,42.0658],[-78.43339,42.06592],[-78.4332,42.06606],[-78.43265,42.06666],[-78.43131,42.0682],[-78.43086,42.06867],[-78.43024,42.06929],[-78.43009,42.06951],[-78.43004,42.06963],[-78.43,42.06983],[-78.42985,42.07137],[-78.42984,42.07168],[-78.42982,42.0722],[-78.42983,42.07339],[-78.42982,42.07339],[-78.42983,42.07339],[-78.42983,42.07469],[-78.42982,42.07551],[-78.42982,42.07556],[-78.42787,42.07558],[-78.42787,42.07564],[-78.42787,42.075642],[-78.42788,42.07761],[-78.42776,42.07761],[-78.42492,42.07762],[-78.42445,42.07764],[-78.4228,42.07782],[-78.42036,42.07812],[-78.42009,42.07812],[-78.42009,42.07829],[-78.42019,42.08002],[-78.41733,42.07962],[-78.41688,42.07954],[-78.41618,42.07939],[-78.41556,42.07922],[-78.41511,42.07908],[-78.41509,42.07915],[-78.41488,42.07963],[-78.41509,42.07915],[-78.41511,42.07908],[-78.41556,42.07922],[-78.41618,42.07939],[-78.41688,42.07954],[-78.41733,42.07962],[-78.42019,42.08002],[-78.42023,42.08058],[-78.42031,42.08079],[-78.42038,42.08092],[-78.42049,42.08111],[-78.42175,42.08287],[-78.42212,42.08337],[-78.4236,42.08511],[-78.42497,42.08689],[-78.42549,42.08749],[-78.42558,42.08757],[-78.42595,42.08785],[-78.42635,42.0881],[-78.42738,42.08856],[-78.42664,42.0902],[-78.42752,42.09041],[-78.42664,42.0902],[-78.42606,42.09148],[-78.42618,42.09153],[-78.42606,42.09148],[-78.42738,42.08856],[-78.42743,42.08841],[-78.42791,42.08735],[-78.42799,42.08725],[-78.42808,42.08718],[-78.42803,42.08714],[-78.42796,42.08706],[-78.42794,42.08702],[-78.42792,42.0869],[-78.42793,42.08601],[-78.42791,42.0842],[-78.42901,42.08419],[-78.42989,42.08419],[-78.42989,42.085],[-78.42988,42.08509],[-78.42984,42.08511],[-78.42981,42.08514],[-78.42978,42.08517],[-78.42978,42.08521],[-78.42978,42.08524],[-78.4298,42.08527],[-78.42984,42.0853],[-78.42988,42.08532],[-78.42992,42.08533],[-78.42997,42.08532],[-78.43001,42.08531],[-78.43004,42.0853],[-78.43009,42.08525],[-78.43037,42.08521],[-78.4314,42.0852],[-78.43141,42.08564],[-78.43143,42.08776],[-78.43159,42.08787],[-78.4317,42.08795],[-78.43188,42.08813],[-78.43197,42.08825],[-78.43349,42.09038],[-78.43418,42.09138],[-78.43449,42.09179],[-78.43446,42.09181],[-78.43628,42.09094],[-78.43606,42.09068],[-78.43597,42.09055],[-78.43591,42.09036],[-78.43584,42.08996],[-78.43584,42.089958],[-78.43549,42.08805],[-78.43528,42.08679],[-78.43524,42.08568],[-78.43524,42.08517],[-78.44115,42.08513],[-78.44478,42.08513],[-78.44509,42.08515],[-78.44528,42.08517],[-78.4456,42.08526],[-78.44573,42.0853],[-78.44586,42.08537],[-78.44611,42.0855],[-78.44769,42.08654],[-78.44803,42.08678],[-78.44892,42.0874],[-78.44932,42.08708],[-78.44937,42.08707],[-78.44947,42.08706],[-78.45039,42.08703],[-78.45045,42.087],[-78.45049,42.08697],[-78.45053,42.08691],[-78.45054,42.08677],[-78.45052,42.08658],[-78.4505,42.08641],[-78.45052,42.08594],[-78.45052,42.08575],[-78.44969,42.08569],[-78.44975,42.08562],[-78.44977,42.08555],[-78.44976,42.08548],[-78.44945,42.08535],[-78.4495,42.08524],[-78.44948,42.08514],[-78.44913,42.08495],[-78.44928,42.08476],[-78.44961,42.08427],[-78.44985,42.08397],[-78.45011,42.08372],[-78.45046,42.08349],[-78.45066,42.08338],[-78.45082,42.08332],[-78.45109,42.08322],[-78.45129,42.08317],[-78.45168,42.08312],[-78.4538,42.08299],[-78.45562,42.0829],[-78.456,42.0829],[-78.45629,42.08293],[-78.45675,42.08303],[-78.45774,42.08328],[-78.45802,42.08332],[-78.45818,42.08334],[-78.45833,42.08335],[-78.46,42.08343],[-78.46035,42.08342],[-78.46065,42.08338],[-78.46269,42.08309],[-78.46291,42.08308],[-78.46322,42.08309],[-78.46347,42.08312],[-78.4645,42.08337],[-78.46487,42.08345],[-78.46522,42.08349],[-78.4657,42.08351],[-78.46608,42.08349],[-78.46734,42.08337],[-78.46974,42.0831],[-78.47041,42.08304],[-78.47105,42.083],[-78.47335,42.08302],[-78.47415,42.08299],[-78.47441,42.08297],[-78.47471,42.08294],[-78.4751,42.08287],[-78.47547,42.08275],[-78.47585,42.0826],[-78.47617,42.08243],[-78.47648,42.08222],[-78.47699,42.08182],[-78.4779,42.08108],[-78.47869,42.08046],[-78.47807,42.08003],[-78.47785,42.08019],[-78.47807,42.08003],[-78.47698,42.0793],[-78.47516,42.07818],[-78.47474,42.07794],[-78.4744,42.07778],[-78.47398,42.07759],[-78.47344,42.0774],[-78.47274,42.07722],[-78.47237,42.07714],[-78.47201,42.07708],[-78.47176,42.07705],[-78.47109,42.07699],[-78.46842,42.07677],[-78.46843,42.0771],[-78.46843,42.07721],[-78.46839,42.07736],[-78.4682,42.07776],[-78.46819,42.07784],[-78.46822,42.07791],[-78.46825,42.07794],[-78.4683,42.07797],[-78.46852,42.07807],[-78.46853,42.0798],[-78.46851,42.07982],[-78.46745,42.07983],[-78.46646,42.07983],[-78.46646,42.07927],[-78.46647,42.07922],[-78.46649,42.07919],[-78.46652,42.07915],[-78.46655,42.07913],[-78.46684,42.079],[-78.46687,42.07895],[-78.46687,42.078265],[-78.46687,42.07826],[-78.46684,42.07678],[-78.46487,42.0769],[-78.46347,42.07701],[-78.46325,42.07701],[-78.46319,42.07693],[-78.46318,42.07557],[-78.46317,42.0745],[-78.46314,42.07448],[-78.46307,42.07448],[-78.46153,42.07448],[-78.4615,42.07448],[-78.46149,42.0745],[-78.46148,42.075365],[-78.46148,42.07537],[-78.46148,42.07559],[-78.46156,42.07557],[-78.4616,42.07556],[-78.46242,42.07557],[-78.462424,42.07557],[-78.46318,42.07557],[-78.46319,42.07693],[-78.46325,42.07701],[-78.46134,42.07701],[-78.46056,42.07702],[-78.45932,42.07707],[-78.45933,42.07694],[-78.45931,42.07566]]}},{"type":"Feature","properties":{"agency":"Olean Area Transit System","shape_id":"lwex"},"geometry":{"type":"LineString","coordinates":[[-78.47515,42.07706],[-78.47544,42.07633],[-78.47544,42.07633],[-78.47555,42.07605],[-78.47588,42.07551],[-78.47598,42.07535],[-78.47617,42.07515],[-78.47642,42.07499],[-78.47655,42.07508],[-78.4774,42.07557],[-78.47786,42.07581],[-78.47813,42.0759],[-78.47862,42.07598],[-78.47941,42.07612],[-78.47972,42.07623],[-78.48004,42.07638],[-78.48067,42.07671],[-78.48116,42.07701],[-78.48135,42.07715],[-78.48169,42.07772],[-78.48176,42.0779],[-78.48175,42.07794],[-78.48169,42.07801],[-78.48111,42.07848],[-78.48105,42.07855],[-78.48104,42.0787],[-78.48117,42.07882],[-78.48234,42.07962],[-78.48233,42.07963],[-78.48247,42.07972],[-78.48244,42.07982],[-78.48245,42.07991],[-78.48246,42.07992],[-78.48144,42.08073],[-78.47978,42.0796],[-78.47967,42.0796],[-78.47876,42.08031],[-78.47869,42.08046],[-78.47941,42.08094],[-78.47957,42.0809],[-78.47974,42.08088],[-78.47989,42.0809],[-78.47996,42.08091],[-78.48005,42.08097],[-78.48014,42.08105],[-78.48031,42.08132],[-78.48041,42.08141],[-78.4805,42.08148],[-78.48172,42.0822],[-78.48267,42.08275],[-78.48353,42.08198],[-78.48351,42.08192],[-78.48353,42.08188],[-78.48359,42.08182],[-78.48369,42.0818],[-78.4837,42.08181],[-78.48375,42.08185],[-78.48373,42.08195],[-78.48367,42.08199],[-78.483663,42.081995],[-78.48364,42.08201],[-78.48353,42.08198],[-78.48267,42.08275],[-78.48172,42.0822],[-78.4805,42.08148],[-78.48041,42.08141],[-78.48031,42.08132],[-78.48014,42.08105],[-78.48005,42.08097],[-78.47996,42.08091],[-78.47989,42.0809],[-78.47974,42.08088],[-78.47957,42.0809],[-78.47941,42.08094],[-78.48034,42.08158],[-78.48117,42.08213],[-78.48157,42.08237],[-78.48335,42.08333],[-78.4849,42.08419],[-78.48574,42.08468],[-78.4883,42.08622],[-78.49006,42.0873],[-78.49126,42.08805],[-78.49285,42.08905],[-78.49434,42.08996],[-78.49434,42.08996],[-78.49506,42.09042],[-78.49598,42.09116],[-78.49587,42.09123],[-78.49535,42.09158],[-78.49535,42.09065],[-78.49506,42.09043],[-78.49445,42.09004],[-78.4944,42.09001],[-78.49285,42.08905],[-78.49015,42.08736],[-78.4883,42.08622],[-78.48574,42.08468],[-78.4849,42.08419],[-78.48335,42.08333],[-78.48157,42.08237],[-78.48117,42.08213],[-78.48034,42.08158],[-78.47807,42.08003],[-78.47698,42.0793],[-78.47516,42.07818],[-78.47474,42.07794],[-78.47482,42.07784],[-78.47494,42.07762],[-78.47527,42.07672],[-78.47555,42.07605],[-78.47569,42.07581],[-78.47587,42.07552]]}},{"type":"Feature","properties":{"agency":"Olean Area Transit System","shape_id":"mfcx"},"geometry":{"type":"LineString","coordinates":[[-78.75005,42.15244],[-78.74966,42.15257],[-78.74962,42.15265],[-78.74961,42.15274],[-78.74966,42.15285],[-78.7499,42.15279],[-78.75035,42.15265],[-78.75072,42.15252],[-78.751,42.1524],[-78.75139,42.15218],[-78.75162,42.15203],[-78.75173,42.15196],[-78.75186,42.15192],[-78.75217,42.15186],[-78.75221,42.15221],[-78.75219,42.15238],[-78.75211,42.1526],[-78.75174,42.15334],[-78.75164,42.15361],[-78.75071,42.15536],[-78.75057,42.15558],[-78.75014,42.15621],[-78.74978,42.15669],[-78.74887,42.15748],[-78.74816,42.15803],[-78.74796,42.15816],[-78.74758,42.15836],[-78.74717,42.15857],[-78.74694,42.15868],[-78.74669,42.15878],[-78.74613,42.15897],[-78.74569,42.15909],[-78.74547,42.15914],[-78.74492,42.15924],[-78.74481,42.15887],[-78.74492,42.15924],[-78.74462,42.15929],[-78.74415,42.15934],[-78.74434,42.15988],[-78.74486,42.15971],[-78.74434,42.15988],[-78.74436,42.15992],[-78.74393,42.16005],[-78.74378,42.16007],[-78.74372,42.16017],[-78.74373,42.16022],[-78.74276,42.16054],[-78.74307,42.16109],[-78.74333,42.16156],[-78.74235,42.16194],[-78.74125,42.16233],[-78.74059,42.16252],[-78.73978,42.1627],[-78.73907,42.16285],[-78.73885,42.16289],[-78.73853,42.16294],[-78.73804,42.16299],[-78.73673,42.16307],[-78.73633,42.16307],[-78.7362,42.16306],[-78.73693,42.16033],[-78.73695,42.16021],[-78.73694,42.16015],[-78.7369,42.16007],[-78.73684,42.16003],[-78.73675,42.16001],[-78.7364,42.15995],[-78.73652,42.15949],[-78.7364,42.15995],[-78.73614,42.15991],[-78.73659,42.15837],[-78.73647,42.15836],[-78.73659,42.15799],[-78.73663,42.15779],[-78.73666,42.15722],[-78.73632,42.15716],[-78.73666,42.15722],[-78.73663,42.15779],[-78.73659,42.15799],[-78.73647,42.15836],[-78.7318,42.15758],[-78.72419,42.15634],[-78.72168,42.15594],[-78.7161,42.15506],[-78.71588,42.15568],[-78.71534,42.15565],[-78.71588,42.15568],[-78.71574,42.15608],[-78.71568,42.15629],[-78.71533,42.15735],[-78.71514,42.15788],[-78.71577,42.15812],[-78.71686,42.15856],[-78.71699,42.15862],[-78.7167,42.15919],[-78.7165,42.15958],[-78.71589,42.15942],[-78.71473,42.15915],[-78.71394,42.15897],[-78.71304,42.15881],[-78.71298,42.15899],[-78.71298,42.15906],[-78.71299,42.15909],[-78.71298,42.15906],[-78.71298,42.15899],[-78.71313,42.1585],[-78.71212,42.15832],[-78.71188,42.15828],[-78.71164,42.15878],[-78.71155,42.15887],[-78.7114,42.15891],[-78.71125,42.15889],[-78.71071,42.15873],[-78.70986,42.15849],[-78.70975,42.15843],[-78.70971,42.15837],[-78.70969,42.15828],[-78.70972,42.1582],[-78.7101,42.157531],[-78.7101,42.15753],[-78.71023,42.15729],[-78.7103,42.15714],[-78.71093,42.15717],[-78.71213,42.15732],[-78.71339,42.15752],[-78.71434,42.15767],[-78.71475,42.15776],[-78.71496,42.15782],[-78.71514,42.15788],[-78.71533,42.15735],[-78.71568,42.15629],[-78.71574,42.15608],[-78.71588,42.15568],[-78.71534,42.15565],[-78.71588,42.15568],[-78.7161,42.15506],[-78.7148,42.15486],[-78.71338,42.15462],[-78.71021,42.15411],[-78.70937,42.15394],[-78.70798,42.15362],[-78.70772,42.15357],[-78.70751,42.15357],[-78.70725,42.1536],[-78.707,42.15367],[-78.70687,42.15371],[-78.7067,42.15381],[-78.70464,42.15543],[-78.70348,42.15631],[-78.70307,42.15662],[-78.70296,42.15668],[-78.70281,42.15673],[-78.70261,42.15678],[-78.70157,42.15697],[-78.70142,42.15699],[-78.70109,42.15706],[-78.70041,42.15718],[-78.69934,42.15737],[-78.69898,42.15744],[-78.69847,42.15757],[-78.69684,42.15804],[-78.69607,42.15822],[-78.69507,42.15843],[-78.69525,42.15895],[-78.69552,42.15961],[-78.69594,42.16073],[-78.69599,42.16093],[-78.696,42.16103],[-78.696,42.16139],[-78.69586,42.16228],[-78.69577,42.1628],[-78.69558,42.16358],[-78.69502,42.16537],[-78.69494,42.16559],[-78.69487,42.16574],[-78.69475,42.16593],[-78.69427,42.16653],[-78.69457,42.1666],[-78.69427,42.16653],[-78.69475,42.16593],[-78.69487,42.16574],[-78.69494,42.16559],[-78.69502,42.16537],[-78.69558,42.16358],[-78.69577,42.1628],[-78.69586,42.16228],[-78.696,42.16139],[-78.696,42.16103],[-78.69599,42.16093],[-78.69594,42.16073],[-78.69552,42.15961],[-78.69525,42.15895],[-78.69507,42.15843],[-78.6924,42.15899],[-78.69045,42.15941],[-78.68949,42.15962],[-78.68906,42.15966],[-78.68837,42.15969],[-78.68811,42.15971],[-78.68773,42.15987],[-78.68753,42.15993],[-78.68722,42.16001],[-78.68713,42.16002],[-78.68691,42.16003],[-78.68678,42.16003],[-78.68661,42.16001],[-78.68633,42.15996],[-78.6814,42.15857],[-78.67763,42.15755],[-78.67418,42.15658],[-78.6736,42.1564],[-78.67333,42.15631],[-78.67304,42.15619],[-78.67279,42.15608],[-78.67239,42.15587],[-78.67019,42.15458],[-78.66775,42.15314],[-78.66724,42.15281],[-78.66695,42.1526],[-78.66676,42.15243],[-78.66657,42.15224],[-78.66626,42.15186],[-78.66433,42.14934],[-78.66411,42.14909],[-78.66389,42.14887],[-78.66346,42.14851],[-78.66299,42.14819],[-78.66025,42.14649],[-78.65709,42.14452],[-78.65682,42.14433],[-78.65654,42.14409],[-78.65625,42.14378],[-78.65599,42.14345],[-78.6559,42.14332],[-78.65571,42.14296],[-78.65534,42.14202],[-78.65442,42.13966],[-78.65411,42.13876],[-78.65375,42.13768],[-78.65356,42.13707],[-78.65353,42.13689],[-78.65348,42.13642],[-78.65349,42.13616],[-78.65371,42.13482],[-78.65463,42.12986],[-78.65472,42.12927],[-78.65474,42.12905],[-78.65477,42.12842],[-78.65476,42.12772],[-78.6547,42.12723],[-78.65406,42.12353],[-78.65395,42.12286],[-78.65377,42.12201],[-78.65331,42.12016],[-78.65284,42.1184],[-78.65249,42.11702],[-78.65203,42.11529],[-78.65184,42.11453],[-78.65176,42.1141],[-78.65173,42.11376],[-78.65173,42.1132],[-78.65181,42.11198],[-78.65182,42.11178],[-78.65178,42.11124],[-78.65171,42.11078],[-78.6516,42.11035],[-78.6515,42.11006],[-78.6514,42.10981],[-78.65127,42.10952],[-78.65102,42.10908],[-78.65088,42.10888],[-78.6506,42.10853],[-78.65043,42.10836],[-78.65024,42.10818],[-78.64994,42.10794],[-78.6482,42.1066],[-78.64629,42.10503],[-78.64569,42.10455],[-78.64535,42.10431],[-78.64469,42.1039],[-78.64415,42.10362],[-78.64326,42.10319],[-78.6424,42.10277],[-78.642,42.10254],[-78.64149,42.10222],[-78.64105,42.1019],[-78.6405,42.10146],[-78.64034,42.10131],[-78.63983,42.1009],[-78.63814,42.09947],[-78.63792,42.0993],[-78.6375,42.099],[-78.63721,42.09884],[-78.63688,42.09868],[-78.63642,42.09848],[-78.63466,42.09781],[-78.63419,42.09765],[-78.63398,42.0976],[-78.63343,42.09747],[-78.63287,42.09738],[-78.62781,42.09696],[-78.62749,42.09691],[-78.6276,42.09631],[-78.62783,42.09478],[-78.62786,42.09428],[-78.62789,42.09413],[-78.62805,42.09351],[-78.62813,42.09325],[-78.62832,42.09273],[-78.62854,42.0923],[-78.62867,42.09234],[-78.62854,42.0923],[-78.62832,42.09273],[-78.62813,42.09325],[-78.62805,42.09351],[-78.62789,42.09413],[-78.62786,42.09428],[-78.62783,42.09478],[-78.6276,42.09631],[-78.62749,42.09691],[-78.62644,42.09684],[-78.6255,42.09673],[-78.625,42.09666],[-78.62189,42.09615],[-78.62089,42.09603],[-78.62021,42.09598],[-78.61936,42.09596],[-78.61713,42.09595],[-78.61697,42.09594],[-78.61542,42.09577],[-78.61487,42.09573],[-78.61401,42.09573],[-78.61376,42.09574],[-78.61352,42.09576],[-78.61252,42.09589],[-78.61213,42.09591],[-78.61174,42.09591],[-78.61151,42.09589],[-78.61101,42.09584],[-78.61062,42.09577],[-78.61036,42.09571],[-78.61011,42.09563],[-78.60877,42.09515],[-78.60811,42.09493],[-78.60779,42.09485],[-78.60743,42.09477],[-78.60715,42.09473],[-78.60691,42.0947],[-78.60667,42.09469],[-78.60621,42.0947],[-78.60566,42.09473],[-78.6055,42.09476],[-78.60481,42.0949],[-78.60309,42.09528],[-78.60227,42.09544],[-78.60208,42.09546],[-78.60128,42.09549],[-78.60089,42.09548],[-78.60034,42.09544],[-78.59973,42.09533],[-78.59948,42.09528],[-78.59895,42.09513],[-78.59863,42.09503],[-78.59824,42.09488],[-78.59732,42.09451],[-78.59659,42.09424],[-78.59615,42.0941],[-78.59569,42.094],[-78.59531,42.09395],[-78.59495,42.09392],[-78.5942,42.09391],[-78.59375,42.09392],[-78.59349,42.09393],[-78.59291,42.09399],[-78.59266,42.09402],[-78.59185,42.09416],[-78.5907,42.09438],[-78.58907,42.0947],[-78.58686,42.09507],[-78.58514,42.09533],[-78.58267,42.09565],[-78.58139,42.09584],[-78.58013,42.09599],[-78.577,42.09642],[-78.5768,42.09645],[-78.57633,42.09656],[-78.57578,42.09671],[-78.57307,42.09751],[-78.57258,42.09769],[-78.57215,42.09789],[-78.57075,42.09877],[-78.57038,42.09897],[-78.57001,42.09915],[-78.56707,42.1004],[-78.56669,42.10058],[-78.56617,42.10085],[-78.56497,42.10151],[-78.56459,42.10169],[-78.56122,42.10308],[-78.56023,42.10352],[-78.55987,42.10367],[-78.55958,42.10377],[-78.55926,42.10385],[-78.55892,42.10391],[-78.55826,42.104],[-78.55802,42.10404],[-78.55768,42.10412],[-78.55735,42.10422],[-78.55662,42.1045],[-78.5558,42.10489],[-78.55529,42.10517],[-78.55471,42.10555],[-78.55259,42.10697],[-78.55197,42.10738],[-78.55162,42.10757],[-78.55128,42.1077],[-78.5508,42.10782],[-78.5503,42.10791],[-78.54986,42.10796],[-78.54937,42.10799],[-78.54747,42.10804],[-78.54711,42.10806],[-78.54667,42.10813],[-78.54457,42.10846],[-78.54429,42.10849],[-78.54403,42.10851],[-78.54363,42.10849],[-78.54346,42.10847],[-78.54321,42.10842],[-78.54302,42.10837],[-78.54229,42.10813],[-78.53766,42.10644],[-78.53431,42.10524],[-78.53202,42.10448],[-78.5297,42.10375],[-78.52579,42.10251],[-78.52303,42.10166],[-78.52178,42.10127],[-78.52103,42.10106],[-78.51998,42.10081],[-78.5197,42.10074],[-78.51916,42.10058],[-78.51648,42.09976],[-78.50872,42.09734],[-78.50654,42.09661],[-78.5052,42.09615],[-78.50196,42.09508],[-78.50092,42.09471],[-78.50075,42.09464],[-78.50051,42.09454],[-78.50032,42.09444],[-78.50004,42.09427],[-78.49962,42.094],[-78.49912,42.09366],[-78.4983,42.09308],[-78.49791,42.09278],[-78.49597,42.09117],[-78.49587,42.09123],[-78.49535,42.09158],[-78.49535,42.09065],[-78.49506,42.09043],[-78.49445,42.09004],[-78.4944,42.09001],[-78.49285,42.08905],[-78.49015,42.08736],[-78.4883,42.08622],[-78.48574,42.08468],[-78.4849,42.08419],[-78.48335,42.08333],[-78.48157,42.08237],[-78.48117,42.08213],[-78.48034,42.08158],[-78.47807,42.08003],[-78.47698,42.0793],[-78.47516,42.07818],[-78.47474,42.07794],[-78.4744,42.07778],[-78.47398,42.07759],[-78.47344,42.0774],[-78.47274,42.07722],[-78.47237,42.07714],[-78.47201,42.07708],[-78.47176,42.07705],[-78.46953,42.07686],[-78.46842,42.07677],[-78.46843,42.0771],[-78.46843,42.07721],[-78.46839,42.07736],[-78.4682,42.07776],[-78.46819,42.07784],[-78.46822,42.07791],[-78.46825,42.07794],[-78.4683,42.07797],[-78.46852,42.07807],[-78.46853,42.0798],[-78.46851,42.07982],[-78.46745,42.07983],[-78.46646,42.07983],[-78.46647,42.07999],[-78.46336,42.08002],[-78.46336,42.08095],[-78.46335,42.08142],[-78.46336,42.08226],[-78.46339,42.08294],[-78.46337,42.08303],[-78.46334,42.0831],[-78.46322,42.08309],[-78.46291,42.08308],[-78.46269,42.08309],[-78.46065,42.08338],[-78.46035,42.08342],[-78.46,42.08343],[-78.45833,42.08335],[-78.45818,42.08334],[-78.45802,42.08332],[-78.45774,42.08328],[-78.45675,42.08303],[-78.45629,42.08293],[-78.456,42.0829],[-78.45562,42.0829],[-78.4538,42.08299],[-78.45179,42.08311],[-78.45168,42.08312],[-78.45129,42.08317],[-78.45109,42.08322],[-78.45082,42.08332],[-78.45066,42.08338],[-78.45046,42.08349],[-78.45011,42.08372],[-78.44985,42.08397],[-78.44961,42.08427],[-78.44928,42.08476],[-78.44913,42.08495],[-78.44894,42.08514],[-78.4481,42.08585],[-78.44769,42.08617],[-78.44745,42.08638],[-78.44611,42.0855],[-78.44586,42.08537],[-78.44573,42.0853],[-78.4456,42.08526],[-78.44528,42.08517],[-78.44509,42.08515],[-78.44478,42.08513],[-78.44231,42.08513],[-78.43883,42.08514],[-78.43321,42.08518],[-78.43037,42.08521],[-78.43009,42.08517],[-78.43007,42.08514],[-78.43004,42.08512],[-78.42996,42.08509],[-78.42988,42.08509],[-78.42984,42.08511],[-78.42981,42.08514],[-78.42978,42.08517],[-78.42973,42.08519],[-78.42964,42.0852],[-78.42902,42.0852],[-78.42901,42.08419],[-78.42791,42.0842],[-78.42791,42.08392],[-78.42815,42.0838],[-78.42824,42.08378],[-78.42831,42.08376],[-78.42887,42.08346],[-78.42892,42.08342],[-78.42893,42.08339],[-78.42892,42.08336],[-78.42881,42.08324],[-78.42885,42.08326],[-78.42888,42.08326],[-78.42926,42.08308],[-78.42939,42.08307],[-78.42977,42.08306],[-78.42979,42.0831],[-78.42982,42.08312],[-78.42986,42.08314],[-78.42991,42.08315],[-78.42995,42.08315],[-78.42999,42.08314],[-78.43003,42.08312],[-78.43006,42.08309],[-78.43008,42.08306],[-78.43008,42.08301],[-78.43005,42.08296],[-78.43002,42.08294],[-78.42999,42.08292],[-78.42997,42.08281],[-78.42996,42.08172],[-78.42997,42.08161],[-78.43003,42.08157],[-78.43007,42.08152],[-78.43007,42.08146],[-78.43005,42.08143],[-78.43002,42.0814],[-78.42998,42.08138],[-78.42996,42.08127],[-78.42993,42.07948],[-78.42991,42.07769],[-78.42988,42.0776],[-78.42992,42.07758],[-78.42995,42.07756],[-78.42998,42.07753],[-78.42998,42.07748],[-78.42998,42.07746],[-78.42996,42.07743],[-78.42991,42.07739],[-78.42985,42.07737],[-78.42979,42.07737],[-78.42976,42.07738],[-78.4297,42.07741],[-78.42968,42.07743],[-78.42966,42.07748],[-78.4284,42.07758],[-78.42788,42.07761],[-78.42789,42.07802],[-78.429,42.07803],[-78.42982,42.07802],[-78.42985,42.08003],[-78.42789,42.08004],[-78.4279,42.07872],[-78.42788,42.07761],[-78.42679,42.07762],[-78.42492,42.07762],[-78.42445,42.07764],[-78.4228,42.07782],[-78.42036,42.07812],[-78.42009,42.07812],[-78.41996,42.07811],[-78.41984,42.07809],[-78.41654,42.07685],[-78.41551,42.07835],[-78.41501,42.07819],[-78.415008,42.078189],[-78.41331,42.07763],[-78.41299,42.07813],[-78.41287,42.07836],[-78.41511,42.07908],[-78.41509,42.07915],[-78.41488,42.07963],[-78.41363,42.08245],[-78.41385,42.08249],[-78.41524,42.08283],[-78.41604,42.08286],[-78.416419,42.08286],[-78.41642,42.08286],[-78.41741,42.08285],[-78.41886,42.08286],[-78.42156,42.08286],[-78.42171,42.08282],[-78.42175,42.08287],[-78.42212,42.08337],[-78.4236,42.08511],[-78.42497,42.08689],[-78.42549,42.08749],[-78.42558,42.08757],[-78.42595,42.08785],[-78.42635,42.0881],[-78.42738,42.08856],[-78.42606,42.09148],[-78.42618,42.09153]]}},{"type":"Feature","properties":{"agency":"Olean Area Transit System","shape_id":"of50"},"geometry":{"type":"LineString","coordinates":[[-78.44833,42.08213],[-78.4482,42.08207],[-78.4482,42.08141],[-78.44466,42.08142],[-78.44465,42.07986],[-78.44462,42.07818],[-78.44462,42.07739],[-78.43756,42.07744],[-78.43254,42.07747],[-78.43253,42.07552],[-78.43251,42.07532],[-78.43251,42.07506],[-78.4325,42.07464],[-78.4313,42.07465],[-78.43028,42.07464],[-78.43006,42.07465],[-78.42983,42.07469],[-78.42982,42.0722],[-78.42985,42.07137],[-78.43,42.06983],[-78.43004,42.06963],[-78.43009,42.06951],[-78.43024,42.06929],[-78.43086,42.06867],[-78.43131,42.0682],[-78.43265,42.06666],[-78.4332,42.06606],[-78.43339,42.06592],[-78.43358,42.0658],[-78.43391,42.06563],[-78.43456,42.06539],[-78.43515,42.06519],[-78.43569,42.06499],[-78.43625,42.06473],[-78.43658,42.06456],[-78.43703,42.06429],[-78.4371,42.06437],[-78.43714,42.06446],[-78.43716,42.06454],[-78.43715,42.0649],[-78.43783,42.06489],[-78.43783,42.06535],[-78.43783,42.06489],[-78.43715,42.0649],[-78.43716,42.06454],[-78.43714,42.06446],[-78.4371,42.06437],[-78.43703,42.06429],[-78.43658,42.06456],[-78.43625,42.06473],[-78.43569,42.06499],[-78.43515,42.06519],[-78.43456,42.06539],[-78.43391,42.06563],[-78.43358,42.0658],[-78.43339,42.06592],[-78.4332,42.06606],[-78.43265,42.06666],[-78.43131,42.0682],[-78.43086,42.06867],[-78.43024,42.06929],[-78.43009,42.06951],[-78.43004,42.06963],[-78.43,42.06983],[-78.42985,42.07137],[-78.42984,42.07168],[-78.42982,42.0722],[-78.42983,42.07339],[-78.42982,42.07339],[-78.42983,42.07339],[-78.42983,42.07469],[-78.42982,42.07556],[-78.42985,42.07716],[-78.42984,42.07727],[-78.42979,42.07737],[-78.42976,42.07738],[-78.4297,42.07741],[-78.42968,42.07743],[-78.42966,42.07748],[-78.4284,42.07758],[-78.42788,42.07761],[-78.42679,42.07762],[-78.42492,42.07762],[-78.42445,42.07764],[-78.4228,42.07782],[-78.42036,42.07812],[-78.42009,42.07812],[-78.42009,42.07829],[-78.42019,42.08002],[-78.41733,42.07962],[-78.41688,42.07954],[-78.41618,42.07939],[-78.41556,42.07922],[-78.41511,42.07908],[-78.41509,42.07915],[-78.41488,42.07963],[-78.41509,42.07915],[-78.41511,42.07908],[-78.41287,42.07836],[-78.41299,42.07813],[-78.41331,42.07763],[-78.41293,42.0775],[-78.41313,42.07716],[-78.413319,42.076882],[-78.41332,42.07688],[-78.41395,42.07594],[-78.41463,42.07614],[-78.41541,42.07642],[-78.41706,42.07705],[-78.41984,42.07809],[-78.41996,42.07811],[-78.42009,42.07812],[-78.42009,42.07829],[-78.42013,42.07911],[-78.42019,42.08002],[-78.42023,42.08058],[-78.42031,42.08079],[-78.42038,42.08092],[-78.42049,42.08111],[-78.42175,42.08287],[-78.42212,42.08337],[-78.4236,42.08511],[-78.42497,42.08689],[-78.42549,42.08749],[-78.42558,42.08757],[-78.42595,42.08785],[-78.42635,42.0881],[-78.42738,42.08856],[-78.42606,42.09148],[-78.42618,42.09153],[-78.42606,42.09148],[-78.42738,42.08856],[-78.42743,42.08841],[-78.42791,42.08735],[-78.42799,42.08725],[-78.42808,42.08718],[-78.42803,42.08714],[-78.42796,42.08706],[-78.42794,42.08702],[-78.42792,42.0869],[-78.42793,42.08601],[-78.42791,42.0842],[-78.42901,42.08419],[-78.42989,42.08419],[-78.42989,42.085],[-78.42988,42.08509],[-78.42984,42.08511],[-78.42981,42.08514],[-78.42978,42.08517],[-78.42978,42.08521],[-78.42978,42.08524],[-78.4298,42.08527],[-78.42984,42.0853],[-78.42988,42.08532],[-78.42992,42.08533],[-78.42997,42.08532],[-78.43001,42.08531],[-78.43004,42.0853],[-78.43009,42.08525],[-78.43037,42.08521],[-78.4314,42.0852],[-78.43141,42.08564],[-78.43143,42.08776],[-78.43159,42.08787],[-78.4317,42.08795],[-78.43188,42.08813],[-78.43197,42.08825],[-78.43349,42.09038],[-78.43418,42.09138],[-78.43449,42.09179],[-78.43446,42.09181],[-78.43449,42.09179],[-78.43418,42.09138],[-78.43349,42.09038],[-78.43197,42.08825],[-78.43188,42.08813],[-78.4317,42.08795],[-78.43159,42.08787],[-78.43143,42.08776],[-78.43108,42.08757],[-78.43038,42.08723],[-78.43016,42.08709],[-78.4301,42.08704],[-78.43007,42.087],[-78.43002,42.08697],[-78.43,42.08679],[-78.42999,42.08541],[-78.43001,42.08531],[-78.43004,42.0853],[-78.43009,42.08525],[-78.43037,42.08521],[-78.43321,42.08518],[-78.43883,42.08514],[-78.44231,42.08513],[-78.44478,42.08513],[-78.44509,42.08515],[-78.44528,42.08517],[-78.4456,42.08526],[-78.44573,42.0853],[-78.44586,42.08537],[-78.44611,42.0855],[-78.44745,42.08638],[-78.44769,42.08617],[-78.4481,42.08585],[-78.44894,42.08514],[-78.44913,42.08495],[-78.44928,42.08476],[-78.44961,42.08427],[-78.44985,42.08397],[-78.45011,42.08372],[-78.45046,42.08349],[-78.45066,42.08338],[-78.45082,42.08332],[-78.45109,42.08322],[-78.45129,42.08317],[-78.45168,42.08312],[-78.45179,42.08311],[-78.4538,42.08299],[-78.45562,42.0829],[-78.456,42.0829],[-78.45629,42.08293],[-78.45675,42.08303],[-78.45774,42.08328],[-78.45802,42.08332],[-78.45818,42.08334],[-78.45833,42.08335],[-78.46,42.08343],[-78.46035,42.08342],[-78.46065,42.08338],[-78.46269,42.08309],[-78.46291,42.08308],[-78.46322,42.08309],[-78.46334,42.0831],[-78.46337,42.08303],[-78.46339,42.08294],[-78.46336,42.08226],[-78.46335,42.08142],[-78.46336,42.08095],[-78.46336,42.08002],[-78.46647,42.07999],[-78.46646,42.07983],[-78.46745,42.07983],[-78.46646,42.07983],[-78.46647,42.07999],[-78.46336,42.08002],[-78.46335,42.07952],[-78.46327,42.07858],[-78.46324,42.07789],[-78.46325,42.07701],[-78.46319,42.07693],[-78.46318,42.07557],[-78.46317,42.0745],[-78.46314,42.07448],[-78.46307,42.07448],[-78.46314,42.07448],[-78.46317,42.0745],[-78.46318,42.07557],[-78.46319,42.07693],[-78.46325,42.07701],[-78.46134,42.07701],[-78.46056,42.07702],[-78.45932,42.07707],[-78.45933,42.07694],[-78.45931,42.07566]]}},{"type":"Feature","properties":{"agency":"Olean Area Transit System","shape_id":"pc5e"},"geometry":{"type":"LineString","coordinates":[[-78.42618,42.09153],[-78.42606,42.09148],[-78.42738,42.08856],[-78.42635,42.0881],[-78.42595,42.08785],[-78.42558,42.08757],[-78.42549,42.08749],[-78.42497,42.08689],[-78.4236,42.08511],[-78.42212,42.08337],[-78.42175,42.08287],[-78.42171,42.08282],[-78.42156,42.08286],[-78.42089,42.08286],[-78.41992,42.08285],[-78.41886,42.08286],[-78.41803,42.08285],[-78.418028,42.08285],[-78.41741,42.08285],[-78.41604,42.08286],[-78.41524,42.08283],[-78.41385,42.08249],[-78.41363,42.08245],[-78.41488,42.07963],[-78.41509,42.07915],[-78.41511,42.07908],[-78.41287,42.07836],[-78.41299,42.07813],[-78.41331,42.07763],[-78.415096,42.078219],[-78.4151,42.07822],[-78.41551,42.07835],[-78.41654,42.07685],[-78.41984,42.07809],[-78.41996,42.07811],[-78.42009,42.07812],[-78.42036,42.07812],[-78.4228,42.07782],[-78.42445,42.07764],[-78.42492,42.07762],[-78.42679,42.07762],[-78.42788,42.07761],[-78.42789,42.07802],[-78.429,42.07803],[-78.42982,42.07802],[-78.42985,42.08003],[-78.42985,42.08127],[-78.42984,42.08138],[-78.42979,42.08141],[-78.42976,42.08145],[-78.42975,42.08147],[-78.42975,42.08153],[-78.42979,42.08158],[-78.42985,42.08161],[-78.42987,42.08172],[-78.42987,42.08281],[-78.42986,42.08292],[-78.4298,42.08295],[-78.42976,42.083],[-78.42977,42.08306],[-78.42979,42.0831],[-78.42982,42.08312],[-78.42986,42.08314],[-78.42988,42.08325],[-78.42989,42.08419],[-78.42901,42.08419],[-78.42791,42.0842],[-78.42901,42.08419],[-78.42989,42.08419],[-78.42989,42.085],[-78.42988,42.08509],[-78.42984,42.08511],[-78.42981,42.08514],[-78.42978,42.08517],[-78.42978,42.08521],[-78.42978,42.08524],[-78.4298,42.08527],[-78.42984,42.0853],[-78.42988,42.08532],[-78.42992,42.08533],[-78.42997,42.08532],[-78.43001,42.08531],[-78.43004,42.0853],[-78.43009,42.08525],[-78.43037,42.08521],[-78.43321,42.08518],[-78.44231,42.08513],[-78.44478,42.08513],[-78.44509,42.08515],[-78.44528,42.08517],[-78.4456,42.08526],[-78.44573,42.0853],[-78.44586,42.08537],[-78.44611,42.0855],[-78.44745,42.08638],[-78.44769,42.08617],[-78.4481,42.08585],[-78.44894,42.08514],[-78.44913,42.08495],[-78.44928,42.08476],[-78.44961,42.08427],[-78.44985,42.08397],[-78.45011,42.08372],[-78.45046,42.08349],[-78.45066,42.08338],[-78.45082,42.08332],[-78.45109,42.08322],[-78.45129,42.08317],[-78.45168,42.08312],[-78.45179,42.08311],[-78.4538,42.08299],[-78.45562,42.0829],[-78.456,42.0829],[-78.45629,42.08293],[-78.45675,42.08303],[-78.45774,42.08328],[-78.45802,42.08332],[-78.45818,42.08334],[-78.45833,42.08335],[-78.46,42.08343],[-78.46035,42.08342],[-78.46065,42.08338],[-78.46269,42.08309],[-78.46291,42.08308],[-78.46322,42.08309],[-78.46334,42.0831],[-78.46337,42.08303],[-78.46339,42.08294],[-78.46336,42.08226],[-78.46335,42.08142],[-78.46336,42.08095],[-78.46336,42.08002],[-78.46647,42.07999],[-78.46646,42.07983],[-78.46745,42.07983],[-78.46851,42.07982],[-78.46853,42.0798],[-78.46852,42.07807],[-78.4683,42.07797],[-78.46825,42.07794],[-78.46822,42.07791],[-78.46819,42.07784],[-78.4682,42.07776],[-78.46839,42.07736],[-78.46843,42.07721],[-78.46843,42.0771],[-78.46842,42.07677],[-78.46953,42.07686],[-78.47176,42.07705],[-78.47201,42.07708],[-78.47237,42.07714],[-78.47274,42.07722],[-78.47344,42.0774],[-78.47398,42.07759],[-78.4744,42.07778],[-78.47474,42.07794],[-78.47516,42.07818],[-78.47698,42.0793],[-78.47807,42.08003],[-78.48034,42.08158],[-78.48117,42.08213],[-78.48157,42.08237],[-78.48335,42.08333],[-78.4849,42.08419],[-78.48574,42.08468],[-78.4883,42.08622],[-78.49126,42.08805],[-78.49285,42.08905],[-78.4944,42.09001],[-78.49445,42.09004],[-78.49506,42.09043],[-78.49535,42.09065],[-78.49597,42.09117],[-78.49587,42.09123],[-78.49535,42.09158],[-78.49535,42.09065],[-78.49791,42.09278],[-78.4983,42.09308],[-78.49912,42.09366],[-78.49962,42.094],[-78.50004,42.09427],[-78.50032,42.09444],[-78.50051,42.09454],[-78.50075,42.09464],[-78.50092,42.09471],[-78.50196,42.09508],[-78.5052,42.09615],[-78.50654,42.09661],[-78.50872,42.09734],[-78.51648,42.09976],[-78.51916,42.10058],[-78.5197,42.10074],[-78.51998,42.10081],[-78.52103,42.10106],[-78.52178,42.10127],[-78.52303,42.10166],[-78.52579,42.10251],[-78.5297,42.10375],[-78.53202,42.10448],[-78.53431,42.10524],[-78.53766,42.10644],[-78.54229,42.10813],[-78.54302,42.10837],[-78.54321,42.10842],[-78.54346,42.10847],[-78.54363,42.10849],[-78.54403,42.10851],[-78.54429,42.10849],[-78.54457,42.10846],[-78.54667,42.10813],[-78.54711,42.10806],[-78.54747,42.10804],[-78.54937,42.10799],[-78.54986,42.10796],[-78.5503,42.10791],[-78.5508,42.10782],[-78.55128,42.1077],[-78.55162,42.10757],[-78.55197,42.10738],[-78.55259,42.10697],[-78.55471,42.10555],[-78.55529,42.10517],[-78.5558,42.10489],[-78.55662,42.1045],[-78.55735,42.10422],[-78.55768,42.10412],[-78.55802,42.10404],[-78.55826,42.104],[-78.55892,42.10391],[-78.55926,42.10385],[-78.55958,42.10377],[-78.55987,42.10367],[-78.56023,42.10352],[-78.56122,42.10308],[-78.56459,42.10169],[-78.56497,42.10151],[-78.56617,42.10085],[-78.56669,42.10058],[-78.56707,42.1004],[-78.57001,42.09915],[-78.57038,42.09897],[-78.57075,42.09877],[-78.57215,42.09789],[-78.57258,42.09769],[-78.57307,42.09751],[-78.57578,42.09671],[-78.57633,42.09656],[-78.5768,42.09645],[-78.577,42.09642],[-78.58013,42.09599],[-78.58139,42.09584],[-78.58267,42.09565],[-78.58514,42.09533],[-78.58686,42.09507],[-78.58907,42.0947],[-78.5907,42.09438],[-78.59185,42.09416],[-78.59266,42.09402],[-78.59291,42.09399],[-78.59349,42.09393],[-78.59375,42.09392],[-78.5942,42.09391],[-78.59495,42.09392],[-78.59531,42.09395],[-78.59569,42.094],[-78.59615,42.0941],[-78.59659,42.09424],[-78.59732,42.09451],[-78.59824,42.09488],[-78.59863,42.09503],[-78.59895,42.09513],[-78.59948,42.09528],[-78.59973,42.09533],[-78.60034,42.09544],[-78.60089,42.09548],[-78.60128,42.09549],[-78.60208,42.09546],[-78.60227,42.09544],[-78.60309,42.09528],[-78.60481,42.0949],[-78.6055,42.09476],[-78.60566,42.09473],[-78.60621,42.0947],[-78.60667,42.09469],[-78.60691,42.0947],[-78.60715,42.09473],[-78.60743,42.09477],[-78.60779,42.09485],[-78.60811,42.09493],[-78.60877,42.09515],[-78.61011,42.09563],[-78.61036,42.09571],[-78.61062,42.09577],[-78.61101,42.09584],[-78.61151,42.09589],[-78.61174,42.09591],[-78.61213,42.09591],[-78.61252,42.09589],[-78.61352,42.09576],[-78.61376,42.09574],[-78.61401,42.09573],[-78.61487,42.09573],[-78.61542,42.09577],[-78.61697,42.09594],[-78.61713,42.09595],[-78.61936,42.09596],[-78.62021,42.09598],[-78.62089,42.09603],[-78.62189,42.09615],[-78.625,42.09666],[-78.6255,42.09673],[-78.62644,42.09684],[-78.62749,42.09691],[-78.6276,42.09631],[-78.62783,42.09478],[-78.62786,42.09428],[-78.62789,42.09413],[-78.62805,42.09351],[-78.62813,42.09325],[-78.62832,42.09273],[-78.62854,42.0923],[-78.62867,42.09234],[-78.62854,42.0923],[-78.62832,42.09273],[-78.62813,42.09325],[-78.62805,42.09351],[-78.62789,42.09413],[-78.62786,42.09428],[-78.62783,42.09478],[-78.6276,42.09631],[-78.62749,42.09691],[-78.62781,42.09696],[-78.63287,42.09738],[-78.63343,42.09747],[-78.63398,42.0976],[-78.63419,42.09765],[-78.63466,42.09781],[-78.63642,42.09848],[-78.63688,42.09868],[-78.63721,42.09884],[-78.6375,42.099],[-78.63792,42.0993],[-78.63814,42.09947],[-78.63983,42.1009],[-78.64034,42.10131],[-78.6405,42.10146],[-78.64105,42.1019],[-78.64149,42.10222],[-78.642,42.10254],[-78.6424,42.10277],[-78.64326,42.10319],[-78.64415,42.10362],[-78.64469,42.1039],[-78.64535,42.10431],[-78.64569,42.10455],[-78.64629,42.10503],[-78.6482,42.1066],[-78.64994,42.10794],[-78.65024,42.10818],[-78.65043,42.10836],[-78.6506,42.10853],[-78.65088,42.10888],[-78.65102,42.10908],[-78.65127,42.10952],[-78.6514,42.10981],[-78.6515,42.11006],[-78.6516,42.11035],[-78.65171,42.11078],[-78.65178,42.11124],[-78.65182,42.11178],[-78.65181,42.11198],[-78.65173,42.1132],[-78.65173,42.11376],[-78.65176,42.1141],[-78.65184,42.11453],[-78.65203,42.11529],[-78.65249,42.11702],[-78.65284,42.1184],[-78.65331,42.12016],[-78.65377,42.12201],[-78.65395,42.12286],[-78.65406,42.12353],[-78.6547,42.12723],[-78.65476,42.12772],[-78.65477,42.12842],[-78.65474,42.12905],[-78.65472,42.12927],[-78.65463,42.12986],[-78.65371,42.13482],[-78.65349,42.13616],[-78.65348,42.13642],[-78.65353,42.13689],[-78.65356,42.13707],[-78.65375,42.13768],[-78.65411,42.13876],[-78.65442,42.13966],[-78.65534,42.14202],[-78.65571,42.14296],[-78.6559,42.14332],[-78.65599,42.14345],[-78.65625,42.14378],[-78.65654,42.14409],[-78.65682,42.14433],[-78.65709,42.14452],[-78.66025,42.14649],[-78.66299,42.14819],[-78.66346,42.14851],[-78.66389,42.14887],[-78.66411,42.14909],[-78.66433,42.14934],[-78.66626,42.15186],[-78.66657,42.15224],[-78.66676,42.15243],[-78.66695,42.1526],[-78.66724,42.15281],[-78.66775,42.15314],[-78.67019,42.15458],[-78.67239,42.15587],[-78.67279,42.15608],[-78.67304,42.15619],[-78.67333,42.15631],[-78.6736,42.1564],[-78.67418,42.15658],[-78.67763,42.15755],[-78.6814,42.15857],[-78.68633,42.15996],[-78.68661,42.16001],[-78.68678,42.16003],[-78.68691,42.16003],[-78.68713,42.16002],[-78.68722,42.16001],[-78.68753,42.15993],[-78.68773,42.15987],[-78.68811,42.15971],[-78.68837,42.15969],[-78.68906,42.15966],[-78.68949,42.15962],[-78.69045,42.15941],[-78.6924,42.15899],[-78.69507,42.15843],[-78.69525,42.15895],[-78.69552,42.15961],[-78.69594,42.16073],[-78.69599,42.16093],[-78.696,42.16103],[-78.696,42.16139],[-78.69586,42.16228],[-78.69577,42.1628],[-78.69558,42.16358],[-78.69502,42.16537],[-78.69494,42.16559],[-78.69487,42.16574],[-78.69475,42.16593],[-78.69427,42.16653],[-78.69457,42.1666],[-78.69427,42.16653],[-78.69475,42.16593],[-78.69487,42.16574],[-78.69494,42.16559],[-78.69502,42.16537],[-78.69558,42.16358],[-78.69577,42.1628],[-78.69586,42.16228],[-78.696,42.16139],[-78.696,42.16103],[-78.69599,42.16093],[-78.69594,42.16073],[-78.69552,42.15961],[-78.69525,42.15895],[-78.69507,42.15843],[-78.69607,42.15822],[-78.69684,42.15804],[-78.69847,42.15757],[-78.69898,42.15744],[-78.69934,42.15737],[-78.70041,42.15718],[-78.70109,42.15706],[-78.70142,42.15699],[-78.70157,42.15697],[-78.70261,42.15678],[-78.70281,42.15673],[-78.70296,42.15668],[-78.70307,42.15662],[-78.70348,42.15631],[-78.70464,42.15543],[-78.7067,42.15381],[-78.70687,42.15371],[-78.707,42.15367],[-78.70725,42.1536],[-78.70751,42.15357],[-78.70772,42.15357],[-78.70798,42.15362],[-78.70937,42.15394],[-78.71021,42.15411],[-78.71338,42.15462],[-78.7148,42.15486],[-78.7161,42.15506],[-78.71588,42.15568],[-78.71534,42.15565],[-78.71588,42.15568],[-78.71574,42.15608],[-78.71568,42.15629],[-78.71533,42.15735],[-78.71514,42.15788],[-78.71496,42.15782],[-78.71475,42.15776],[-78.71434,42.15767],[-78.71339,42.15752],[-78.71213,42.15732],[-78.71093,42.15717],[-78.7103,42.15714],[-78.71023,42.15729],[-78.71008,42.157559],[-78.71008,42.15756],[-78.70972,42.1582],[-78.70969,42.15828],[-78.70971,42.15837],[-78.70975,42.15843],[-78.70986,42.15849],[-78.71071,42.15873],[-78.71125,42.15889],[-78.7114,42.15891],[-78.71155,42.15887],[-78.71164,42.15878],[-78.71188,42.15828],[-78.71212,42.15832],[-78.71313,42.1585],[-78.71298,42.15899],[-78.71298,42.15906],[-78.71299,42.15909],[-78.71298,42.15906],[-78.71298,42.15899],[-78.71304,42.15881],[-78.71394,42.15897],[-78.71473,42.15915],[-78.71589,42.15942],[-78.7165,42.15958],[-78.7167,42.15919],[-78.71699,42.15862],[-78.71686,42.15856],[-78.71577,42.15812],[-78.71514,42.15788],[-78.71533,42.15735],[-78.71568,42.15629],[-78.71574,42.15608],[-78.71588,42.15568],[-78.71534,42.15565],[-78.71588,42.15568],[-78.7161,42.15506],[-78.72168,42.15594],[-78.72419,42.15634],[-78.7318,42.15758],[-78.73647,42.15836],[-78.73659,42.15799],[-78.73663,42.15779],[-78.73666,42.15722],[-78.73632,42.15716],[-78.73666,42.15722],[-78.73663,42.15779],[-78.73659,42.15799],[-78.73647,42.15836],[-78.73638,42.15858],[-78.73601,42.15989],[-78.7364,42.15995],[-78.73652,42.15949],[-78.7364,42.15995],[-78.73614,42.15991],[-78.73659,42.15837],[-78.73963,42.15887],[-78.74209,42.15929],[-78.74254,42.16013],[-78.74307,42.16109],[-78.74276,42.16054],[-78.74373,42.16022],[-78.74372,42.16017],[-78.74378,42.16007],[-78.74393,42.16005],[-78.74436,42.15992],[-78.74434,42.15988],[-78.74486,42.15971],[-78.74434,42.15988],[-78.74415,42.15934],[-78.74462,42.15929],[-78.74535,42.15917],[-78.74569,42.15909],[-78.74613,42.15897],[-78.74669,42.15878],[-78.74694,42.15868],[-78.74717,42.15857],[-78.74758,42.15836],[-78.74796,42.15816],[-78.74823,42.15832],[-78.74835,42.15836],[-78.74846,42.15837],[-78.74859,42.15837],[-78.74927,42.15831],[-78.74977,42.15828],[-78.75036,42.15828],[-78.75094,42.15831],[-78.75172,42.15842],[-78.75322,42.15868],[-78.75568,42.15912],[-78.75619,42.15919],[-78.75699,42.15927],[-78.75752,42.15929],[-78.75836,42.15928],[-78.7588,42.15925],[-78.75927,42.15921],[-78.75981,42.15912],[-78.75939,42.15727],[-78.75937,42.15698],[-78.75938,42.15684],[-78.75942,42.15666],[-78.75952,42.15642],[-78.75964,42.15623],[-78.75976,42.15609],[-78.75985,42.156],[-78.76008,42.15581],[-78.7602,42.15573],[-78.76038,42.15564],[-78.76057,42.15556],[-78.76095,42.15545],[-78.7611,42.15542],[-78.76137,42.15538],[-78.76326,42.15521],[-78.76351,42.15518],[-78.76367,42.15514],[-78.76383,42.15509],[-78.764,42.15501],[-78.76416,42.15491],[-78.76427,42.15482],[-78.76436,42.15472],[-78.76445,42.15459],[-78.76451,42.15447],[-78.76455,42.15435],[-78.76468,42.15358],[-78.76478,42.15322],[-78.7649,42.15295],[-78.76497,42.15281],[-78.76508,42.15265],[-78.76529,42.15243],[-78.76553,42.1522],[-78.76565,42.15212],[-78.76596,42.15195],[-78.76619,42.15185],[-78.76637,42.15178],[-78.76674,42.15166],[-78.76679,42.15175],[-78.76686,42.15183],[-78.7673,42.15207],[-78.76763,42.15222],[-78.76767,42.1523],[-78.76767,42.15233],[-78.76764,42.15236],[-78.76757,42.15244],[-78.76755,42.15248],[-78.76755,42.15253],[-78.76758,42.15257],[-78.76767,42.15263],[-78.76774,42.15258],[-78.76799,42.15238],[-78.7673,42.15207],[-78.76686,42.15183],[-78.76679,42.15175],[-78.76674,42.15166],[-78.76637,42.15178],[-78.76619,42.15185],[-78.76596,42.15195],[-78.76565,42.15212],[-78.76553,42.1522],[-78.76529,42.15243],[-78.76508,42.15265],[-78.76497,42.15281],[-78.7649,42.15295],[-78.76478,42.15322],[-78.76468,42.15358],[-78.76455,42.15435],[-78.76451,42.15447],[-78.76445,42.15459],[-78.76436,42.15472],[-78.76427,42.15482],[-78.76416,42.15491],[-78.764,42.15501],[-78.76383,42.15509],[-78.76367,42.15514],[-78.76351,42.15518],[-78.76326,42.15521],[-78.76137,42.15538],[-78.7611,42.15542],[-78.76095,42.15545],[-78.76057,42.15556],[-78.76038,42.15564],[-78.7602,42.15573],[-78.76008,42.15581],[-78.75985,42.156],[-78.75976,42.15609],[-78.75964,42.15623],[-78.75952,42.15642],[-78.75942,42.15666],[-78.75938,42.15684],[-78.75937,42.15698],[-78.75939,42.15727],[-78.75981,42.15912],[-78.75927,42.15921],[-78.75903,42.15923],[-78.7588,42.15925],[-78.75836,42.15928],[-78.75752,42.15929],[-78.75699,42.15927],[-78.75619,42.15919],[-78.75568,42.15912],[-78.75322,42.15868],[-78.75172,42.15842],[-78.75094,42.15831],[-78.75036,42.15828],[-78.74977,42.15828],[-78.74927,42.15831],[-78.74859,42.15837],[-78.74846,42.15837],[-78.74835,42.15836],[-78.74823,42.15832],[-78.74796,42.15816],[-78.74816,42.15803],[-78.74887,42.15748],[-78.74978,42.15669],[-78.75014,42.15621],[-78.75057,42.15558],[-78.75071,42.15536],[-78.75164,42.15361],[-78.75174,42.15334],[-78.75211,42.1526],[-78.75219,42.15238],[-78.75221,42.15221],[-78.75217,42.15186],[-78.75186,42.15192],[-78.75173,42.15196],[-78.75162,42.15203],[-78.75139,42.15218],[-78.75122,42.15227],[-78.75091,42.15223],[-78.75072,42.15224],[-78.75048,42.1523],[-78.75005,42.15244]]}},{"type":"Feature","properties":{"agency":"Olean Area Transit System","shape_id":"qjps"},"geometry":{"type":"LineString","coordinates":[[-78.44833,42.08213],[-78.4482,42.08207],[-78.4482,42.08141],[-78.44817,42.07984],[-78.44752,42.07984],[-78.447518,42.07984],[-78.44752,42.07984],[-78.44585,42.07985],[-78.44584,42.079092],[-78.44584,42.07909],[-78.4458,42.07739],[-78.44396,42.07739],[-78.43521,42.07746],[-78.43388,42.07746],[-78.43144,42.07748],[-78.43146,42.07943],[-78.43146,42.07949],[-78.42993,42.07948],[-78.42992,42.07897],[-78.42991,42.07769],[-78.42988,42.0776],[-78.42992,42.07758],[-78.42995,42.07756],[-78.42998,42.07753],[-78.42998,42.07748],[-78.42996,42.07743],[-78.42991,42.07739],[-78.42985,42.07716],[-78.42983,42.07627],[-78.42983,42.076269],[-78.42982,42.07556],[-78.43141,42.07553],[-78.4325,42.07553],[-78.43251,42.07532],[-78.43251,42.07506],[-78.43249,42.07447],[-78.4325,42.07337],[-78.4316,42.07338],[-78.42983,42.07339],[-78.42982,42.0722],[-78.42984,42.07168],[-78.42985,42.07137],[-78.43,42.06983],[-78.43004,42.06963],[-78.43009,42.06951],[-78.43024,42.06929],[-78.43086,42.06867],[-78.43131,42.0682],[-78.43265,42.06666],[-78.4332,42.06606],[-78.43339,42.06592],[-78.43358,42.0658],[-78.43391,42.06563],[-78.43456,42.06539],[-78.43515,42.06519],[-78.43569,42.06499],[-78.43625,42.06473],[-78.43658,42.06456],[-78.43703,42.06429],[-78.4371,42.06437],[-78.43714,42.06446],[-78.43716,42.06454],[-78.43715,42.0649],[-78.43783,42.06489],[-78.43783,42.06535],[-78.43783,42.06616],[-78.43782,42.0662],[-78.4378,42.06624],[-78.43777,42.06626],[-78.437705,42.066269],[-78.4377,42.06627],[-78.43714,42.06628],[-78.43716,42.06454],[-78.43714,42.06446],[-78.4371,42.06437],[-78.43703,42.06429],[-78.43658,42.06456],[-78.43625,42.06473],[-78.43569,42.06499],[-78.43515,42.06519],[-78.43456,42.06539],[-78.43391,42.06563],[-78.43358,42.0658],[-78.43339,42.06592],[-78.4332,42.06606],[-78.43265,42.06666],[-78.43131,42.0682],[-78.43086,42.06867],[-78.43024,42.06929],[-78.43009,42.06951],[-78.43004,42.06963],[-78.43,42.06983],[-78.42985,42.07137],[-78.42984,42.07168],[-78.42982,42.0722],[-78.42983,42.07339],[-78.42982,42.07339],[-78.42983,42.07339],[-78.42983,42.07469],[-78.42982,42.07551],[-78.42982,42.07556],[-78.42787,42.07558],[-78.42787,42.07596],[-78.42787,42.075961],[-78.42788,42.07761],[-78.42776,42.07761],[-78.42492,42.07762],[-78.42445,42.07764],[-78.4228,42.07782],[-78.42036,42.07812],[-78.42009,42.07812],[-78.42009,42.07829],[-78.42019,42.08002],[-78.41733,42.07962],[-78.41688,42.07954],[-78.41618,42.07939],[-78.41556,42.07922],[-78.41511,42.07908],[-78.41509,42.07915],[-78.41488,42.07963],[-78.41509,42.07915],[-78.41511,42.07908],[-78.41556,42.07922],[-78.41618,42.07939],[-78.41688,42.07954],[-78.41733,42.07962],[-78.42019,42.08002],[-78.42023,42.08058],[-78.42031,42.08079],[-78.42038,42.08092],[-78.42049,42.08111],[-78.42175,42.08287],[-78.42212,42.08337],[-78.4236,42.08511],[-78.42497,42.08689],[-78.42549,42.08749],[-78.42558,42.08757],[-78.42595,42.08785],[-78.42635,42.0881],[-78.42738,42.08856],[-78.42664,42.0902],[-78.42752,42.09041],[-78.42664,42.0902],[-78.42606,42.09148],[-78.42618,42.09153],[-78.42606,42.09148],[-78.42738,42.08856],[-78.42743,42.08841],[-78.42791,42.08735],[-78.42799,42.08725],[-78.42808,42.08718],[-78.42803,42.08714],[-78.42796,42.08706],[-78.42794,42.08702],[-78.42792,42.0869],[-78.42793,42.08601],[-78.42791,42.0842],[-78.42901,42.08419],[-78.42989,42.08419],[-78.42989,42.085],[-78.42988,42.08509],[-78.42984,42.08511],[-78.42981,42.08514],[-78.42978,42.08517],[-78.42978,42.08521],[-78.42978,42.08524],[-78.4298,42.08527],[-78.42984,42.0853],[-78.42988,42.08532],[-78.42992,42.08533],[-78.42997,42.08532],[-78.43001,42.08531],[-78.43004,42.0853],[-78.43009,42.08525],[-78.43037,42.08521],[-78.4314,42.0852],[-78.43141,42.08564],[-78.43143,42.08776],[-78.43159,42.08787],[-78.4317,42.08795],[-78.43188,42.08813],[-78.43197,42.08825],[-78.43349,42.09038],[-78.43418,42.09138],[-78.43449,42.09179],[-78.43446,42.09181],[-78.43628,42.09094],[-78.43605,42.09066],[-78.436049,42.090658],[-78.43597,42.09055],[-78.43591,42.09036],[-78.43549,42.08805],[-78.43528,42.08679],[-78.43524,42.08568],[-78.43524,42.08517],[-78.44115,42.08513],[-78.44478,42.08513],[-78.44509,42.08515],[-78.44528,42.08517],[-78.4456,42.08526],[-78.44573,42.0853],[-78.44586,42.08537],[-78.44611,42.0855],[-78.44769,42.08654],[-78.44803,42.08678],[-78.44892,42.0874],[-78.44932,42.08708],[-78.44937,42.08707],[-78.44947,42.08706],[-78.45039,42.08703],[-78.45045,42.087],[-78.45049,42.08697],[-78.45053,42.08691],[-78.45054,42.08677],[-78.45052,42.08658],[-78.4505,42.08641],[-78.45052,42.08594],[-78.45052,42.08575],[-78.44969,42.08569],[-78.44975,42.08562],[-78.44977,42.08555],[-78.44976,42.08548],[-78.44945,42.08535],[-78.4495,42.08524],[-78.44948,42.08514],[-78.44913,42.08495],[-78.44928,42.08476],[-78.44961,42.08427],[-78.44985,42.08397],[-78.45011,42.08372],[-78.45046,42.08349],[-78.45066,42.08338],[-78.45082,42.08332],[-78.45109,42.08322],[-78.45129,42.08317],[-78.45168,42.08312],[-78.4538,42.08299],[-78.45562,42.0829],[-78.456,42.0829],[-78.45629,42.08293],[-78.45675,42.08303],[-78.45774,42.08328],[-78.45802,42.08332],[-78.45818,42.08334],[-78.45833,42.08335],[-78.46,42.08343],[-78.46035,42.08342],[-78.46065,42.08338],[-78.46269,42.08309],[-78.46291,42.08308],[-78.46322,42.08309],[-78.46347,42.08312],[-78.4645,42.08337],[-78.46487,42.08345],[-78.46522,42.08349],[-78.4657,42.08351],[-78.46608,42.08349],[-78.46734,42.08337],[-78.46974,42.0831],[-78.47041,42.08304],[-78.47105,42.083],[-78.47335,42.08302],[-78.47415,42.08299],[-78.47441,42.08297],[-78.47471,42.08294],[-78.4751,42.08287],[-78.47547,42.08275],[-78.47585,42.0826],[-78.47617,42.08243],[-78.47636,42.08231],[-78.47648,42.08222],[-78.47699,42.08182],[-78.4779,42.08108],[-78.47869,42.08046],[-78.47807,42.08003],[-78.47698,42.0793],[-78.47516,42.07818],[-78.47474,42.07794],[-78.4744,42.07778],[-78.47398,42.07759],[-78.47344,42.0774],[-78.4732,42.07733],[-78.47268,42.0772],[-78.47237,42.07714],[-78.47196,42.07708],[-78.47176,42.07705],[-78.47135,42.07701],[-78.47134,42.07765],[-78.47135,42.0786],[-78.47142,42.08088],[-78.46926,42.08096],[-78.4691,42.08099],[-78.4691,42.0813],[-78.46902,42.08131],[-78.4691,42.0813],[-78.4691,42.08099],[-78.46926,42.08096],[-78.47142,42.08088],[-78.47135,42.07864],[-78.47135,42.078637],[-78.47134,42.07765],[-78.47135,42.07701],[-78.47176,42.07705],[-78.47201,42.07708],[-78.47237,42.07714],[-78.47274,42.07722],[-78.47344,42.0774],[-78.47398,42.07759],[-78.4744,42.07778],[-78.47474,42.07794],[-78.47516,42.07818],[-78.47698,42.0793],[-78.47807,42.08003],[-78.47869,42.08046],[-78.47887,42.08039],[-78.47976,42.07968],[-78.47978,42.0796],[-78.48144,42.08073],[-78.48246,42.07992],[-78.48249,42.07993],[-78.48254,42.07994],[-78.48262,42.07993],[-78.4828,42.07989],[-78.48288,42.07983],[-78.48293,42.07977],[-78.48293,42.07969],[-78.48288,42.07961],[-78.48281,42.07957],[-78.4827,42.07956],[-78.48258,42.0796],[-78.48252,42.07965],[-78.48247,42.07972],[-78.48233,42.07963],[-78.48116,42.07883],[-78.48109,42.07877],[-78.48104,42.0787],[-78.48105,42.07855],[-78.4811,42.07848],[-78.481419,42.078231],[-78.48142,42.07823],[-78.48169,42.07802],[-78.48174,42.07794],[-78.48175,42.0779],[-78.48174,42.07786],[-78.48169,42.07772],[-78.48161,42.07777],[-78.48153,42.07786],[-78.48139,42.07805],[-78.48127,42.07815],[-78.48106,42.07828],[-78.48064,42.0785],[-78.48057,42.07855],[-78.48052,42.0786],[-78.48005,42.07932],[-78.47988,42.07951],[-78.47978,42.0796],[-78.47967,42.0796],[-78.47876,42.08031],[-78.47869,42.08046],[-78.47807,42.08003],[-78.47698,42.0793],[-78.47516,42.07818],[-78.47474,42.07794],[-78.4744,42.07778],[-78.47398,42.07759],[-78.47344,42.0774],[-78.4732,42.07733],[-78.47268,42.0772],[-78.47237,42.07714],[-78.47201,42.07708],[-78.47176,42.07705],[-78.47109,42.07699],[-78.46842,42.07677],[-78.46843,42.0771],[-78.46843,42.07721],[-78.46839,42.07736],[-78.4682,42.07776],[-78.46819,42.07784],[-78.46822,42.07791],[-78.46825,42.07794],[-78.4683,42.07797],[-78.46852,42.07807],[-78.46853,42.0798],[-78.46851,42.07982],[-78.46745,42.07983],[-78.46646,42.07983],[-78.46646,42.07927],[-78.46647,42.07922],[-78.46649,42.07919],[-78.46652,42.07915],[-78.46655,42.07913],[-78.46684,42.079],[-78.46687,42.07895],[-78.46686,42.07811],[-78.46686,42.078105],[-78.46684,42.07678],[-78.46487,42.0769],[-78.46347,42.07701],[-78.46325,42.07701],[-78.46319,42.07693],[-78.46318,42.07557],[-78.46317,42.0745],[-78.46314,42.07448],[-78.46307,42.07448],[-78.46153,42.07448],[-78.4615,42.07448],[-78.46149,42.0745],[-78.46148,42.07541],[-78.46148,42.075415],[-78.46148,42.07541],[-78.46148,42.07559],[-78.46156,42.07557],[-78.4616,42.07556],[-78.4628,42.07557],[-78.4628,42.07557],[-78.46318,42.07557],[-78.46319,42.07693],[-78.46325,42.07701],[-78.46134,42.07701],[-78.46056,42.07702],[-78.45932,42.07707],[-78.45933,42.07694],[-78.45931,42.07566],[-78.45933,42.07694],[-78.45932,42.07707],[-78.45822,42.0771],[-78.45728,42.07715],[-78.45438,42.07726],[-78.45251,42.07731],[-78.45154,42.07732],[-78.45099,42.07734],[-78.44927,42.07736],[-78.44698,42.07738],[-78.44396,42.07739],[-78.43521,42.07746],[-78.43388,42.07746],[-78.43144,42.07748],[-78.4303,42.07747]]}},{"type":"Feature","properties":{"agency":"Olean Area Transit System","shape_id":"r0vq"},"geometry":{"type":"LineString","coordinates":[[-78.75005,42.15244],[-78.74966,42.15257],[-78.74962,42.15265],[-78.74961,42.15274],[-78.74966,42.15285],[-78.7499,42.15279],[-78.75035,42.15265],[-78.75072,42.15252],[-78.751,42.1524],[-78.75139,42.15218],[-78.75162,42.15203],[-78.75173,42.15196],[-78.75186,42.15192],[-78.75217,42.15186],[-78.75221,42.15221],[-78.75219,42.15238],[-78.75211,42.1526],[-78.75174,42.15334],[-78.75164,42.15361],[-78.75071,42.15536],[-78.75057,42.15558],[-78.75014,42.15621],[-78.74978,42.15669],[-78.74887,42.15748],[-78.74816,42.15803],[-78.74796,42.15816],[-78.74758,42.15836],[-78.74717,42.15857],[-78.74694,42.15868],[-78.74669,42.15878],[-78.74613,42.15897],[-78.74569,42.15909],[-78.74547,42.15914],[-78.74492,42.15924],[-78.74481,42.15887],[-78.74492,42.15924],[-78.74462,42.15929],[-78.74415,42.15934],[-78.74434,42.15988],[-78.74486,42.15971],[-78.74434,42.15988],[-78.74436,42.15992],[-78.74393,42.16005],[-78.74378,42.16007],[-78.74372,42.16017],[-78.74373,42.16022],[-78.74276,42.16054],[-78.74307,42.16109],[-78.74333,42.16156],[-78.74235,42.16194],[-78.74125,42.16233],[-78.74059,42.16252],[-78.73978,42.1627],[-78.738851,42.16289],[-78.73885,42.16289],[-78.73853,42.16294],[-78.73804,42.16299],[-78.73673,42.16307],[-78.73633,42.16307],[-78.7362,42.16306],[-78.73693,42.16033],[-78.73695,42.16021],[-78.73694,42.16015],[-78.7369,42.16007],[-78.73684,42.16003],[-78.73675,42.16001],[-78.7364,42.15995],[-78.73652,42.15949],[-78.7364,42.15995],[-78.73614,42.15991],[-78.73659,42.15837],[-78.73647,42.15836],[-78.73659,42.15799],[-78.73663,42.15779],[-78.73666,42.15722],[-78.73632,42.15716],[-78.73666,42.15722],[-78.73663,42.15779],[-78.73659,42.15799],[-78.73647,42.15836],[-78.7318,42.15758],[-78.72419,42.15634],[-78.72168,42.15594],[-78.7161,42.15506],[-78.71588,42.15568],[-78.71534,42.15565],[-78.71588,42.15568],[-78.71574,42.15608],[-78.71568,42.15629],[-78.71533,42.15735],[-78.71514,42.15788],[-78.71577,42.15812],[-78.71686,42.15856],[-78.71699,42.15862],[-78.7167,42.15919],[-78.7165,42.15958],[-78.71589,42.15942],[-78.71473,42.15915],[-78.71394,42.15897],[-78.71304,42.15881],[-78.71298,42.15899],[-78.71298,42.15906],[-78.71299,42.15909],[-78.71298,42.15906],[-78.71298,42.15899],[-78.71313,42.1585],[-78.71212,42.15832],[-78.71188,42.15828],[-78.71164,42.15878],[-78.71155,42.15887],[-78.7114,42.15891],[-78.71125,42.15889],[-78.71071,42.15873],[-78.70986,42.15849],[-78.70975,42.15843],[-78.70971,42.15837],[-78.70969,42.15828],[-78.70972,42.1582],[-78.71023,42.15729],[-78.7103,42.15714],[-78.71009,42.15713],[-78.70893,42.15696],[-78.7088,42.15722],[-78.70872,42.15735],[-78.70868,42.1574],[-78.70853,42.15748],[-78.70843,42.15758],[-78.70827,42.15785],[-78.70819,42.15798],[-78.70816,42.15801],[-78.70802,42.15807],[-78.70795,42.15808],[-78.70788,42.15808],[-78.70779,42.15807],[-78.70715,42.15789],[-78.70697,42.15781],[-78.70691,42.15777],[-78.70681,42.15766],[-78.70679,42.15758],[-78.70681,42.15746],[-78.70686,42.15735],[-78.70692,42.1573],[-78.706994,42.157272],[-78.707,42.15727],[-78.70723,42.15721],[-78.70728,42.15718],[-78.70732,42.15713],[-78.70735,42.15707],[-78.70742,42.15673],[-78.71009,42.15713],[-78.7103,42.15714],[-78.71093,42.15717],[-78.71213,42.15732],[-78.71339,42.15752],[-78.71434,42.15767],[-78.71475,42.15776],[-78.71496,42.15782],[-78.71514,42.15788],[-78.71533,42.15735],[-78.71568,42.15629],[-78.71574,42.15608],[-78.71588,42.15568],[-78.71534,42.15565],[-78.71588,42.15568],[-78.7161,42.15506],[-78.7148,42.15486],[-78.71338,42.15462],[-78.71021,42.15411],[-78.70937,42.15394],[-78.70798,42.15362],[-78.70772,42.15357],[-78.70751,42.15357],[-78.70725,42.1536],[-78.707,42.15367],[-78.70687,42.15371],[-78.7067,42.15381],[-78.70464,42.15543],[-78.70348,42.15631],[-78.70307,42.15662],[-78.70296,42.15668],[-78.70281,42.15673],[-78.70261,42.15678],[-78.70157,42.15697],[-78.70142,42.15699],[-78.70109,42.15706],[-78.70041,42.15718],[-78.69934,42.15737],[-78.69898,42.15744],[-78.69847,42.15757],[-78.69684,42.15804],[-78.69607,42.15822],[-78.69507,42.15843],[-78.69525,42.15895],[-78.69552,42.15961],[-78.69594,42.16073],[-78.69599,42.16093],[-78.696,42.16103],[-78.696,42.16139],[-78.69586,42.16228],[-78.69577,42.1628],[-78.69558,42.16358],[-78.69502,42.16537],[-78.69494,42.16559],[-78.69487,42.16574],[-78.69475,42.16593],[-78.69427,42.16653],[-78.69457,42.1666],[-78.69427,42.16653],[-78.69475,42.16593],[-78.69487,42.16574],[-78.69494,42.16559],[-78.69502,42.16537],[-78.69558,42.16358],[-78.69577,42.1628],[-78.69586,42.16228],[-78.696,42.16139],[-78.696,42.16103],[-78.69599,42.16093],[-78.69594,42.16073],[-78.69552,42.15961],[-78.69525,42.15895],[-78.69507,42.15843],[-78.6924,42.15899],[-78.69045,42.15941],[-78.68949,42.15962],[-78.68906,42.15966],[-78.68837,42.15969],[-78.68811,42.15971],[-78.68773,42.15987],[-78.68753,42.15993],[-78.68722,42.16001],[-78.68713,42.16002],[-78.68691,42.16003],[-78.68678,42.16003],[-78.68661,42.16001],[-78.68633,42.15996],[-78.6814,42.15857],[-78.67763,42.15755],[-78.67418,42.15658],[-78.6736,42.1564],[-78.67333,42.15631],[-78.67304,42.15619],[-78.67279,42.15608],[-78.67239,42.15587],[-78.67019,42.15458],[-78.66775,42.15314],[-78.66724,42.15281],[-78.66695,42.1526],[-78.66676,42.15243],[-78.66657,42.15224],[-78.66626,42.15186],[-78.66433,42.14934],[-78.66411,42.14909],[-78.66389,42.14887],[-78.66346,42.14851],[-78.66299,42.14819],[-78.66025,42.14649],[-78.65709,42.14452],[-78.65682,42.14433],[-78.65654,42.14409],[-78.65625,42.14378],[-78.65599,42.14345],[-78.6559,42.14332],[-78.65571,42.14296],[-78.65534,42.14202],[-78.65442,42.13966],[-78.65411,42.13876],[-78.65375,42.13768],[-78.65356,42.13707],[-78.65353,42.13689],[-78.65348,42.13642],[-78.65349,42.13616],[-78.65371,42.13482],[-78.65463,42.12986],[-78.65472,42.12927],[-78.65474,42.12905],[-78.65477,42.12842],[-78.65476,42.12772],[-78.6547,42.12723],[-78.65406,42.12353],[-78.65395,42.12286],[-78.65377,42.12201],[-78.65331,42.12016],[-78.65284,42.1184],[-78.65249,42.11702],[-78.65203,42.11529],[-78.65184,42.11453],[-78.65176,42.1141],[-78.65173,42.11376],[-78.65173,42.1132],[-78.65181,42.11198],[-78.65182,42.11178],[-78.65178,42.11124],[-78.65171,42.11078],[-78.6516,42.11035],[-78.6515,42.11006],[-78.6514,42.10981],[-78.65127,42.10952],[-78.65102,42.10908],[-78.65088,42.10888],[-78.6506,42.10853],[-78.65043,42.10836],[-78.65024,42.10818],[-78.64994,42.10794],[-78.6482,42.1066],[-78.64629,42.10503],[-78.64569,42.10455],[-78.64535,42.10431],[-78.64469,42.1039],[-78.64415,42.10362],[-78.64326,42.10319],[-78.6424,42.10277],[-78.642,42.10254],[-78.64149,42.10222],[-78.64105,42.1019],[-78.6405,42.10146],[-78.64034,42.10131],[-78.63983,42.1009],[-78.63814,42.09947],[-78.63792,42.0993],[-78.6375,42.099],[-78.63721,42.09884],[-78.63688,42.09868],[-78.63642,42.09848],[-78.63466,42.09781],[-78.63419,42.09765],[-78.63398,42.0976],[-78.63343,42.09747],[-78.63287,42.09738],[-78.62781,42.09696],[-78.62749,42.09691],[-78.6276,42.09631],[-78.62783,42.09478],[-78.62786,42.09428],[-78.62789,42.09413],[-78.62805,42.09351],[-78.62813,42.09325],[-78.62832,42.09273],[-78.62854,42.0923],[-78.62867,42.09234],[-78.62854,42.0923],[-78.62832,42.09273],[-78.62813,42.09325],[-78.62805,42.09351],[-78.62789,42.09413],[-78.62786,42.09428],[-78.62783,42.09478],[-78.6276,42.09631],[-78.62749,42.09691],[-78.62644,42.09684],[-78.6255,42.09673],[-78.625,42.09666],[-78.62189,42.09615],[-78.62089,42.09603],[-78.62021,42.09598],[-78.61936,42.09596],[-78.61713,42.09595],[-78.61697,42.09594],[-78.61542,42.09577],[-78.61487,42.09573],[-78.61401,42.09573],[-78.61376,42.09574],[-78.61352,42.09576],[-78.61252,42.09589],[-78.61213,42.09591],[-78.61174,42.09591],[-78.61151,42.09589],[-78.61101,42.09584],[-78.61062,42.09577],[-78.61036,42.09571],[-78.61011,42.09563],[-78.60877,42.09515],[-78.60811,42.09493],[-78.60779,42.09485],[-78.60743,42.09477],[-78.60715,42.09473],[-78.60691,42.0947],[-78.60667,42.09469],[-78.60621,42.0947],[-78.60566,42.09473],[-78.6055,42.09476],[-78.60481,42.0949],[-78.60309,42.09528],[-78.60227,42.09544],[-78.60208,42.09546],[-78.60128,42.09549],[-78.60089,42.09548],[-78.60034,42.09544],[-78.59973,42.09533],[-78.59948,42.09528],[-78.59895,42.09513],[-78.59863,42.09503],[-78.59824,42.09488],[-78.59732,42.09451],[-78.59659,42.09424],[-78.59615,42.0941],[-78.59569,42.094],[-78.59531,42.09395],[-78.59495,42.09392],[-78.5942,42.09391],[-78.59375,42.09392],[-78.59349,42.09393],[-78.59291,42.09399],[-78.59266,42.09402],[-78.59185,42.09416],[-78.5907,42.09438],[-78.58907,42.0947],[-78.58686,42.09507],[-78.58514,42.09533],[-78.58267,42.09565],[-78.58139,42.09584],[-78.58013,42.09599],[-78.577,42.09642],[-78.5768,42.09645],[-78.57633,42.09656],[-78.57578,42.09671],[-78.57307,42.09751],[-78.57258,42.09769],[-78.57215,42.09789],[-78.57075,42.09877],[-78.57038,42.09897],[-78.57001,42.09915],[-78.56707,42.1004],[-78.56669,42.10058],[-78.56617,42.10085],[-78.56497,42.10151],[-78.56459,42.10169],[-78.56122,42.10308],[-78.56023,42.10352],[-78.55987,42.10367],[-78.55958,42.10377],[-78.55926,42.10385],[-78.55892,42.10391],[-78.55826,42.104],[-78.55802,42.10404],[-78.55768,42.10412],[-78.55735,42.10422],[-78.55662,42.1045],[-78.5558,42.10489],[-78.55529,42.10517],[-78.55471,42.10555],[-78.55259,42.10697],[-78.55197,42.10738],[-78.55162,42.10757],[-78.55128,42.1077],[-78.5508,42.10782],[-78.5503,42.10791],[-78.54986,42.10796],[-78.54937,42.10799],[-78.54747,42.10804],[-78.54711,42.10806],[-78.54667,42.10813],[-78.54457,42.10846],[-78.54429,42.10849],[-78.54403,42.10851],[-78.54363,42.10849],[-78.54346,42.10847],[-78.54321,42.10842],[-78.54302,42.10837],[-78.54229,42.10813],[-78.53766,42.10644],[-78.53431,42.10524],[-78.53202,42.10448],[-78.5297,42.10375],[-78.52579,42.10251],[-78.52303,42.10166],[-78.52178,42.10127],[-78.52103,42.10106],[-78.52012,42.10084],[-78.5197,42.10074],[-78.51851,42.10038],[-78.51848,42.10043],[-78.51851,42.10038],[-78.51648,42.09976],[-78.50872,42.09734],[-78.50654,42.09661],[-78.5052,42.09615],[-78.50196,42.09508],[-78.50075,42.09464],[-78.50051,42.09454],[-78.50032,42.09444],[-78.50004,42.09427],[-78.49962,42.094],[-78.49912,42.09366],[-78.4983,42.09308],[-78.49791,42.09278],[-78.49597,42.09117],[-78.49587,42.09123],[-78.49535,42.09158],[-78.49535,42.09065],[-78.49506,42.09043],[-78.49445,42.09004],[-78.4944,42.09001],[-78.49285,42.08905],[-78.49015,42.08736],[-78.4883,42.08622],[-78.48574,42.08468],[-78.4849,42.08419],[-78.48335,42.08333],[-78.48157,42.08237],[-78.48117,42.08213],[-78.48034,42.08158],[-78.47807,42.08003],[-78.47698,42.0793],[-78.47516,42.07818],[-78.47474,42.07794],[-78.4744,42.07778],[-78.47398,42.07759],[-78.47344,42.0774],[-78.47274,42.07722],[-78.47237,42.07714],[-78.47201,42.07708],[-78.47176,42.07705],[-78.46953,42.07686],[-78.46842,42.07677],[-78.46843,42.0771],[-78.46843,42.07721],[-78.46839,42.07736],[-78.4682,42.07776],[-78.46819,42.07784],[-78.46822,42.07791],[-78.46825,42.07794],[-78.4683,42.07797],[-78.46852,42.07807],[-78.46853,42.0798],[-78.46851,42.07982],[-78.46745,42.07983],[-78.46646,42.07983],[-78.46647,42.07999],[-78.46336,42.08002],[-78.46336,42.08095],[-78.46335,42.08142],[-78.46336,42.08226],[-78.46339,42.08294],[-78.46337,42.08303],[-78.46334,42.0831],[-78.46322,42.08309],[-78.46291,42.08308],[-78.46269,42.08309],[-78.46065,42.08338],[-78.46035,42.08342],[-78.46,42.08343],[-78.45833,42.08335],[-78.45818,42.08334],[-78.45802,42.08332],[-78.45774,42.08328],[-78.45675,42.08303],[-78.45629,42.08293],[-78.456,42.0829],[-78.45562,42.0829],[-78.4538,42.08299],[-78.45168,42.08312],[-78.45129,42.08317],[-78.45109,42.08322],[-78.45082,42.08332],[-78.45066,42.08338],[-78.45046,42.08349],[-78.450322,42.083579],[-78.45032,42.08358],[-78.45011,42.08372],[-78.44985,42.08397],[-78.44961,42.08427],[-78.44928,42.08476],[-78.44913,42.08495],[-78.44894,42.08514],[-78.4481,42.08585],[-78.44769,42.08617],[-78.44745,42.08638],[-78.44611,42.0855],[-78.44586,42.08537],[-78.44573,42.0853],[-78.4456,42.08526],[-78.44528,42.08517],[-78.44509,42.08515],[-78.44478,42.08513],[-78.44231,42.08513],[-78.43883,42.08514],[-78.43321,42.08518],[-78.43037,42.08521],[-78.43009,42.08517],[-78.43007,42.08514],[-78.43004,42.08512],[-78.43,42.0851],[-78.42999,42.085],[-78.42997,42.08325],[-78.42999,42.08314],[-78.43003,42.08312],[-78.43006,42.08309],[-78.43008,42.08306],[-78.43008,42.08301],[-78.43005,42.08296],[-78.43002,42.08294],[-78.42999,42.08292],[-78.42997,42.08281],[-78.42996,42.08172],[-78.42997,42.08161],[-78.43003,42.08157],[-78.43007,42.08152],[-78.43007,42.08146],[-78.43005,42.08143],[-78.43002,42.0814],[-78.42998,42.08138],[-78.42996,42.08127],[-78.42994,42.08027],[-78.42992,42.07897],[-78.42991,42.07769],[-78.42988,42.0776],[-78.42992,42.07758],[-78.42995,42.07756],[-78.42998,42.07753],[-78.42998,42.07748],[-78.42996,42.07743],[-78.42991,42.07739],[-78.42985,42.07716],[-78.42984,42.07696],[-78.42982,42.07556],[-78.42983,42.07469],[-78.42983,42.07339],[-78.42982,42.07339],[-78.42983,42.07339],[-78.42983,42.07469],[-78.42982,42.07556],[-78.42985,42.07716],[-78.42984,42.07727],[-78.42979,42.07737],[-78.42976,42.07738],[-78.4297,42.07741],[-78.42968,42.07743],[-78.42966,42.07748],[-78.4284,42.07758],[-78.42788,42.07761],[-78.42679,42.07762],[-78.42492,42.07762],[-78.42445,42.07764],[-78.4228,42.07782],[-78.42036,42.07812],[-78.42009,42.07812],[-78.41996,42.07811],[-78.41984,42.07809],[-78.41654,42.07685],[-78.41551,42.07835],[-78.41442,42.078],[-78.414417,42.077999],[-78.41331,42.07763],[-78.41299,42.07813],[-78.41287,42.07836],[-78.41511,42.07908],[-78.41509,42.07915],[-78.41488,42.07963],[-78.41363,42.08245],[-78.41385,42.08249],[-78.41517,42.08282],[-78.415174,42.082821],[-78.41524,42.08283],[-78.41604,42.08286],[-78.41741,42.08285],[-78.41886,42.08286],[-78.42156,42.08286],[-78.42171,42.08282],[-78.42175,42.08287],[-78.42212,42.08337],[-78.4236,42.08511],[-78.42497,42.08689],[-78.42549,42.08749],[-78.42558,42.08757],[-78.42595,42.08785],[-78.42635,42.0881],[-78.42738,42.08856],[-78.42743,42.08841],[-78.42791,42.08735],[-78.42799,42.08725],[-78.42808,42.08718],[-78.42803,42.08714],[-78.42796,42.08706],[-78.42794,42.08702],[-78.42792,42.0869],[-78.42793,42.08601],[-78.42791,42.0842],[-78.42793,42.08601],[-78.42792,42.0869],[-78.42794,42.08702],[-78.42796,42.08706],[-78.42803,42.08714],[-78.42808,42.08718],[-78.42799,42.08725],[-78.42791,42.08735],[-78.42743,42.08841],[-78.42738,42.08856],[-78.42606,42.09148],[-78.42618,42.09153]]}},{"type":"Feature","properties":{"agency":"Olean Area Transit System","shape_id":"s3bz"},"geometry":{"type":"LineString","coordinates":[[-78.75005,42.15244],[-78.74966,42.15257],[-78.74962,42.15265],[-78.74961,42.15274],[-78.74966,42.15285],[-78.7499,42.15279],[-78.75035,42.15265],[-78.75072,42.15252],[-78.751,42.1524],[-78.75139,42.15218],[-78.75162,42.15203],[-78.75173,42.15196],[-78.75186,42.15192],[-78.75217,42.15186],[-78.75221,42.15221],[-78.75219,42.15238],[-78.75211,42.1526],[-78.75174,42.15334],[-78.75164,42.15361],[-78.75071,42.15536],[-78.75057,42.15558],[-78.75014,42.15621],[-78.74978,42.15669],[-78.74887,42.15748],[-78.74816,42.15803],[-78.74796,42.15816],[-78.74758,42.15836],[-78.74717,42.15857],[-78.74694,42.15868],[-78.74669,42.15878],[-78.74613,42.15897],[-78.74569,42.15909],[-78.74547,42.15914],[-78.74492,42.15924],[-78.74481,42.15887],[-78.74492,42.15924],[-78.74462,42.15929],[-78.74415,42.15934],[-78.74434,42.15988],[-78.74486,42.15971],[-78.74434,42.15988],[-78.74436,42.15992],[-78.74393,42.16005],[-78.74378,42.16007],[-78.74372,42.16017],[-78.74373,42.16022],[-78.74276,42.16054],[-78.74307,42.16109],[-78.74333,42.16156],[-78.74235,42.16194],[-78.74196,42.16208],[-78.74125,42.16233],[-78.74059,42.16252],[-78.73978,42.1627],[-78.73885,42.16289],[-78.73845,42.16295],[-78.73804,42.16299],[-78.73673,42.16307],[-78.73633,42.16307],[-78.7362,42.16306],[-78.73693,42.16033],[-78.73695,42.16021],[-78.73694,42.16015],[-78.7369,42.16007],[-78.73684,42.16003],[-78.73675,42.16001],[-78.7364,42.15995],[-78.73652,42.15949],[-78.7364,42.15995],[-78.73614,42.15991],[-78.73659,42.15837],[-78.73647,42.15836],[-78.73659,42.15799],[-78.73663,42.15779],[-78.73666,42.15722],[-78.73632,42.15716],[-78.73666,42.15722],[-78.73663,42.15779],[-78.73659,42.15799],[-78.73647,42.15836],[-78.7318,42.15758],[-78.72419,42.15634],[-78.72168,42.15594],[-78.7161,42.15506],[-78.71588,42.15568],[-78.71534,42.15565],[-78.71588,42.15568],[-78.71574,42.15608],[-78.71568,42.15629],[-78.71533,42.15735],[-78.71514,42.15788],[-78.71577,42.15812],[-78.71686,42.15856],[-78.71699,42.15862],[-78.7167,42.15919],[-78.7165,42.15958],[-78.71589,42.15942],[-78.71473,42.15915],[-78.71394,42.15897],[-78.71304,42.15881],[-78.71298,42.15899],[-78.71298,42.15906],[-78.71299,42.15909],[-78.71298,42.15906],[-78.71298,42.15899],[-78.71313,42.1585],[-78.71212,42.15832],[-78.71188,42.15828],[-78.71164,42.15878],[-78.71155,42.15887],[-78.7114,42.15891],[-78.71125,42.15889],[-78.71071,42.15873],[-78.70986,42.15849],[-78.70975,42.15843],[-78.70971,42.15837],[-78.70969,42.15828],[-78.70972,42.1582],[-78.71023,42.15729],[-78.7103,42.15714],[-78.71009,42.15713],[-78.70893,42.15696],[-78.7088,42.15722],[-78.70872,42.15735],[-78.70868,42.1574],[-78.70853,42.15748],[-78.70843,42.15758],[-78.70827,42.15785],[-78.70819,42.15798],[-78.70816,42.15801],[-78.70802,42.15807],[-78.70795,42.15808],[-78.70788,42.15808],[-78.70779,42.15807],[-78.70715,42.15789],[-78.70697,42.15781],[-78.70691,42.15777],[-78.70681,42.15766],[-78.70679,42.15758],[-78.70681,42.15746],[-78.70686,42.15735],[-78.70692,42.1573],[-78.706947,42.157282],[-78.70695,42.15728],[-78.70697,42.15727],[-78.70723,42.15721],[-78.70728,42.15718],[-78.70732,42.15713],[-78.70735,42.15707],[-78.70742,42.15673],[-78.71009,42.15713],[-78.7103,42.15714],[-78.71093,42.15717],[-78.71213,42.15732],[-78.71339,42.15752],[-78.71434,42.15767],[-78.71475,42.15776],[-78.71496,42.15782],[-78.71514,42.15788],[-78.71533,42.15735],[-78.71568,42.15629],[-78.71574,42.15608],[-78.71588,42.15568],[-78.71534,42.15565],[-78.71588,42.15568],[-78.7161,42.15506],[-78.7148,42.15486],[-78.71338,42.15462],[-78.71021,42.15411],[-78.70937,42.15394],[-78.70798,42.15362],[-78.70772,42.15357],[-78.70751,42.15357],[-78.70725,42.1536],[-78.707,42.15367],[-78.70687,42.15371],[-78.7067,42.15381],[-78.70464,42.15543],[-78.70348,42.15631],[-78.70307,42.15662],[-78.70296,42.15668],[-78.70281,42.15673],[-78.70261,42.15678],[-78.70157,42.15697],[-78.70142,42.15699],[-78.70109,42.15706],[-78.70041,42.15718],[-78.69934,42.15737],[-78.69898,42.15744],[-78.69847,42.15757],[-78.69684,42.15804],[-78.69607,42.15822],[-78.69507,42.15843],[-78.69525,42.15895],[-78.69552,42.15961],[-78.69594,42.16073],[-78.69599,42.16093],[-78.696,42.16103],[-78.696,42.16139],[-78.69586,42.16228],[-78.69577,42.1628],[-78.69558,42.16358],[-78.69502,42.16537],[-78.69494,42.16559],[-78.69487,42.16574],[-78.69475,42.16593],[-78.69427,42.16653],[-78.69457,42.1666],[-78.69427,42.16653],[-78.69475,42.16593],[-78.69487,42.16574],[-78.69494,42.16559],[-78.69502,42.16537],[-78.69558,42.16358],[-78.69577,42.1628],[-78.69586,42.16228],[-78.696,42.16139],[-78.696,42.16103],[-78.69599,42.16093],[-78.69594,42.16073],[-78.69552,42.15961],[-78.69525,42.15895],[-78.69507,42.15843],[-78.6924,42.15899],[-78.69045,42.15941],[-78.68949,42.15962],[-78.68906,42.15966],[-78.68837,42.15969],[-78.68811,42.15971],[-78.68773,42.15987],[-78.68753,42.15993],[-78.68722,42.16001],[-78.68713,42.16002],[-78.68691,42.16003],[-78.68678,42.16003],[-78.68661,42.16001],[-78.68633,42.15996],[-78.6814,42.15857],[-78.67763,42.15755],[-78.67418,42.15658],[-78.6736,42.1564],[-78.67333,42.15631],[-78.67304,42.15619],[-78.67279,42.15608],[-78.67239,42.15587],[-78.67019,42.15458],[-78.66775,42.15314],[-78.66724,42.15281],[-78.66695,42.1526],[-78.66676,42.15243],[-78.66657,42.15224],[-78.66626,42.15186],[-78.66433,42.14934],[-78.66411,42.14909],[-78.66389,42.14887],[-78.66346,42.14851],[-78.66299,42.14819],[-78.66025,42.14649],[-78.65709,42.14452],[-78.65682,42.14433],[-78.65654,42.14409],[-78.65625,42.14378],[-78.65599,42.14345],[-78.6559,42.14332],[-78.65571,42.14296],[-78.65534,42.14202],[-78.65442,42.13966],[-78.65411,42.13876],[-78.65375,42.13768],[-78.65356,42.13707],[-78.65353,42.13689],[-78.65348,42.13642],[-78.65349,42.13616],[-78.65371,42.13482],[-78.65463,42.12986],[-78.65472,42.12927],[-78.65474,42.12905],[-78.65477,42.12842],[-78.65476,42.12772],[-78.6547,42.12723],[-78.65406,42.12353],[-78.65395,42.12286],[-78.65377,42.12201],[-78.65331,42.12016],[-78.65284,42.1184],[-78.65249,42.11702],[-78.65203,42.11529],[-78.65184,42.11453],[-78.65176,42.1141],[-78.65173,42.11376],[-78.65173,42.1132],[-78.65181,42.11198],[-78.65182,42.11178],[-78.65178,42.11124],[-78.65171,42.11078],[-78.6516,42.11035],[-78.6515,42.11006],[-78.6514,42.10981],[-78.65127,42.10952],[-78.65102,42.10908],[-78.65088,42.10888],[-78.6506,42.10853],[-78.65043,42.10836],[-78.65024,42.10818],[-78.64994,42.10794],[-78.6482,42.1066],[-78.64629,42.10503],[-78.64569,42.10455],[-78.64535,42.10431],[-78.64469,42.1039],[-78.64415,42.10362],[-78.64326,42.10319],[-78.6424,42.10277],[-78.642,42.10254],[-78.64149,42.10222],[-78.64105,42.1019],[-78.6405,42.10146],[-78.64034,42.10131],[-78.63983,42.1009],[-78.63814,42.09947],[-78.63792,42.0993],[-78.6375,42.099],[-78.63721,42.09884],[-78.63688,42.09868],[-78.63642,42.09848],[-78.63466,42.09781],[-78.63419,42.09765],[-78.63398,42.0976],[-78.63343,42.09747],[-78.63287,42.09738],[-78.62781,42.09696],[-78.62749,42.09691],[-78.6276,42.09631],[-78.62783,42.09478],[-78.62786,42.09428],[-78.62789,42.09413],[-78.62805,42.09351],[-78.62813,42.09325],[-78.62832,42.09273],[-78.62854,42.0923],[-78.62867,42.09234],[-78.62854,42.0923],[-78.62832,42.09273],[-78.62813,42.09325],[-78.62805,42.09351],[-78.62789,42.09413],[-78.62786,42.09428],[-78.62783,42.09478],[-78.6276,42.09631],[-78.62749,42.09691],[-78.62644,42.09684],[-78.6255,42.09673],[-78.625,42.09666],[-78.62189,42.09615],[-78.62089,42.09603],[-78.62021,42.09598],[-78.61936,42.09596],[-78.61713,42.09595],[-78.61697,42.09594],[-78.61542,42.09577],[-78.61487,42.09573],[-78.61401,42.09573],[-78.61376,42.09574],[-78.61352,42.09576],[-78.61252,42.09589],[-78.61213,42.09591],[-78.61174,42.09591],[-78.61151,42.09589],[-78.61101,42.09584],[-78.61062,42.09577],[-78.61036,42.09571],[-78.61011,42.09563],[-78.60877,42.09515],[-78.60811,42.09493],[-78.60779,42.09485],[-78.60743,42.09477],[-78.60715,42.09473],[-78.60691,42.0947],[-78.60667,42.09469],[-78.60621,42.0947],[-78.60566,42.09473],[-78.6055,42.09476],[-78.60481,42.0949],[-78.60309,42.09528],[-78.60227,42.09544],[-78.60208,42.09546],[-78.60128,42.09549],[-78.60089,42.09548],[-78.60034,42.09544],[-78.59973,42.09533],[-78.59948,42.09528],[-78.59895,42.09513],[-78.59863,42.09503],[-78.59824,42.09488],[-78.59732,42.09451],[-78.59659,42.09424],[-78.59615,42.0941],[-78.59569,42.094],[-78.59531,42.09395],[-78.59495,42.09392],[-78.5942,42.09391],[-78.59375,42.09392],[-78.59349,42.09393],[-78.59291,42.09399],[-78.59266,42.09402],[-78.59185,42.09416],[-78.5907,42.09438],[-78.58907,42.0947],[-78.58686,42.09507],[-78.58514,42.09533],[-78.58267,42.09565],[-78.58139,42.09584],[-78.58013,42.09599],[-78.577,42.09642],[-78.5768,42.09645],[-78.57633,42.09656],[-78.57578,42.09671],[-78.57307,42.09751],[-78.57258,42.09769],[-78.57215,42.09789],[-78.57075,42.09877],[-78.57038,42.09897],[-78.57001,42.09915],[-78.56707,42.1004],[-78.56669,42.10058],[-78.56617,42.10085],[-78.56497,42.10151],[-78.56459,42.10169],[-78.56122,42.10308],[-78.56023,42.10352],[-78.55987,42.10367],[-78.55958,42.10377],[-78.55926,42.10385],[-78.55892,42.10391],[-78.55826,42.104],[-78.55802,42.10404],[-78.55768,42.10412],[-78.55735,42.10422],[-78.55662,42.1045],[-78.5558,42.10489],[-78.55529,42.10517],[-78.55471,42.10555],[-78.55259,42.10697],[-78.55197,42.10738],[-78.55162,42.10757],[-78.55128,42.1077],[-78.5508,42.10782],[-78.5503,42.10791],[-78.54986,42.10796],[-78.54937,42.10799],[-78.54747,42.10804],[-78.54711,42.10806],[-78.54667,42.10813],[-78.54457,42.10846],[-78.54429,42.10849],[-78.54403,42.10851],[-78.54363,42.10849],[-78.54346,42.10847],[-78.54321,42.10842],[-78.54302,42.10837],[-78.54229,42.10813],[-78.53766,42.10644],[-78.53431,42.10524],[-78.53202,42.10448],[-78.5297,42.10375],[-78.52579,42.10251],[-78.52303,42.10166],[-78.52178,42.10127],[-78.52103,42.10106],[-78.52012,42.10084],[-78.5197,42.10074],[-78.51851,42.10038],[-78.51848,42.10043],[-78.51851,42.10038],[-78.51648,42.09976],[-78.50872,42.09734],[-78.50654,42.09661],[-78.5052,42.09615],[-78.50196,42.09508],[-78.50092,42.09471],[-78.50075,42.09464],[-78.50056,42.09455],[-78.50032,42.09444],[-78.50004,42.09427],[-78.49962,42.094],[-78.49965,42.09388],[-78.49969,42.09379],[-78.49979,42.09365],[-78.50033,42.09297],[-78.50083,42.09234],[-78.50106,42.09201],[-78.50125,42.09169],[-78.50133,42.09148],[-78.50158,42.09001],[-78.50167,42.08964],[-78.50173,42.08942],[-78.50191,42.08934],[-78.50199,42.08932],[-78.50207,42.08933],[-78.50215,42.08936],[-78.50225,42.08945],[-78.50231,42.08956],[-78.50249,42.08997],[-78.50257,42.09011],[-78.50264,42.09018],[-78.50335,42.0907],[-78.50393,42.0911],[-78.50419,42.09126],[-78.50461,42.09145],[-78.50513,42.0916],[-78.50518,42.09137],[-78.50519,42.09121],[-78.50525,42.09088],[-78.50528,42.0908],[-78.50525,42.09088],[-78.50519,42.09121],[-78.50463,42.09104],[-78.5045,42.0913],[-78.50445,42.09138],[-78.50419,42.09126],[-78.50393,42.0911],[-78.50335,42.0907],[-78.50264,42.09018],[-78.50257,42.09011],[-78.50249,42.08997],[-78.50231,42.08956],[-78.50225,42.08945],[-78.50215,42.08936],[-78.50207,42.08933],[-78.50199,42.08932],[-78.50191,42.08934],[-78.50173,42.08942],[-78.50167,42.08964],[-78.50158,42.09001],[-78.50133,42.09148],[-78.50125,42.09169],[-78.50106,42.09201],[-78.50083,42.09234],[-78.50033,42.09297],[-78.49979,42.09365],[-78.49969,42.09379],[-78.49965,42.09388],[-78.49962,42.094],[-78.49912,42.09366],[-78.4983,42.09308],[-78.49791,42.09278],[-78.49597,42.09117],[-78.49587,42.09123],[-78.49535,42.09158],[-78.49535,42.09065],[-78.49506,42.09043],[-78.49445,42.09004],[-78.4944,42.09001],[-78.49285,42.08905],[-78.49015,42.08736],[-78.4883,42.08622],[-78.48574,42.08468],[-78.4849,42.08419],[-78.48335,42.08333],[-78.48157,42.08237],[-78.48117,42.08213],[-78.48034,42.08158],[-78.47807,42.08003],[-78.47698,42.0793],[-78.47516,42.07818],[-78.47474,42.07794],[-78.4744,42.07778],[-78.47398,42.07759],[-78.47344,42.0774],[-78.47274,42.07722],[-78.47237,42.07714],[-78.47201,42.07708],[-78.47176,42.07705],[-78.46953,42.07686],[-78.46842,42.07677],[-78.46843,42.0771],[-78.46843,42.07721],[-78.46839,42.07736],[-78.4682,42.07776],[-78.46819,42.07784],[-78.46822,42.07791],[-78.46825,42.07794],[-78.4683,42.07797],[-78.46852,42.07807],[-78.46853,42.0798],[-78.46851,42.07982],[-78.46745,42.07983],[-78.46646,42.07983],[-78.46647,42.07999],[-78.46336,42.08002],[-78.46336,42.08095],[-78.46335,42.08142],[-78.46336,42.08226],[-78.46339,42.08294],[-78.46337,42.08303],[-78.46334,42.0831],[-78.46322,42.08309],[-78.46291,42.08308],[-78.46269,42.08309],[-78.46065,42.08338],[-78.46035,42.08342],[-78.46,42.08343],[-78.45833,42.08335],[-78.45818,42.08334],[-78.45802,42.08332],[-78.45774,42.08328],[-78.45675,42.08303],[-78.45629,42.08293],[-78.456,42.0829],[-78.45562,42.0829],[-78.4538,42.08299],[-78.45184,42.08311],[-78.451837,42.08311],[-78.45168,42.08312],[-78.45129,42.08317],[-78.45109,42.08322],[-78.45082,42.08332],[-78.45066,42.08338],[-78.45046,42.08349],[-78.45011,42.08372],[-78.44985,42.08397],[-78.44961,42.08427],[-78.44928,42.08476],[-78.44913,42.08495],[-78.44894,42.08514],[-78.4481,42.08585],[-78.44769,42.08617],[-78.44745,42.08638],[-78.44611,42.0855],[-78.44586,42.08537],[-78.44573,42.0853],[-78.4456,42.08526],[-78.44528,42.08517],[-78.44509,42.08515],[-78.44478,42.08513],[-78.44231,42.08513],[-78.43883,42.08514],[-78.43321,42.08518],[-78.43037,42.08521],[-78.43009,42.08517],[-78.43007,42.08514],[-78.43004,42.08512],[-78.43,42.0851],[-78.42999,42.085],[-78.42997,42.08325],[-78.42999,42.08314],[-78.43003,42.08312],[-78.43006,42.08309],[-78.43008,42.08306],[-78.43008,42.08301],[-78.43005,42.08296],[-78.43002,42.08294],[-78.42999,42.08292],[-78.42997,42.08281],[-78.42996,42.08172],[-78.42997,42.08161],[-78.43003,42.08157],[-78.43007,42.08152],[-78.43007,42.08146],[-78.43005,42.08143],[-78.43002,42.0814],[-78.42998,42.08138],[-78.42996,42.08127],[-78.42994,42.08027],[-78.42992,42.07897],[-78.42991,42.07769],[-78.42988,42.0776],[-78.42992,42.07758],[-78.42995,42.07756],[-78.42998,42.07753],[-78.42998,42.07748],[-78.42996,42.07743],[-78.42991,42.07739],[-78.42985,42.07737],[-78.42979,42.07737],[-78.42976,42.07738],[-78.4297,42.07741],[-78.42968,42.07743],[-78.42966,42.07748],[-78.42967,42.07754],[-78.42969,42.07756],[-78.42972,42.07759],[-78.42976,42.0776],[-78.42982,42.07769],[-78.42985,42.08003],[-78.42985,42.08127],[-78.42984,42.08138],[-78.42979,42.08141],[-78.42976,42.08145],[-78.42975,42.08147],[-78.42975,42.08153],[-78.42979,42.08158],[-78.42985,42.08161],[-78.42987,42.08172],[-78.42987,42.08281],[-78.42986,42.08292],[-78.4298,42.08295],[-78.42976,42.083],[-78.42977,42.08306],[-78.42979,42.0831],[-78.42982,42.08312],[-78.42986,42.08314],[-78.42988,42.08325],[-78.42989,42.08419],[-78.42901,42.08419],[-78.42791,42.0842],[-78.42793,42.08601],[-78.42792,42.0869],[-78.42794,42.08702],[-78.42796,42.08706],[-78.42803,42.08714],[-78.42808,42.08718],[-78.42799,42.08725],[-78.42791,42.08735],[-78.42743,42.08841],[-78.42738,42.08856],[-78.42606,42.09148],[-78.42618,42.09153]]}},{"type":"Feature","properties":{"agency":"Olean Area Transit System","shape_id":"u8q3"},"geometry":{"type":"LineString","coordinates":[[-78.42618,42.09153],[-78.42606,42.09148],[-78.42738,42.08856],[-78.42635,42.0881],[-78.42595,42.08785],[-78.42558,42.08757],[-78.42549,42.08749],[-78.42497,42.08689],[-78.4236,42.08511],[-78.42212,42.08337],[-78.42175,42.08287],[-78.42049,42.08111],[-78.42038,42.08092],[-78.42031,42.08079],[-78.42023,42.08058],[-78.42019,42.08002],[-78.41733,42.07962],[-78.41688,42.07954],[-78.41618,42.07939],[-78.41556,42.07922],[-78.41511,42.07908],[-78.41509,42.07915],[-78.41488,42.07963],[-78.41509,42.07915],[-78.41511,42.07908],[-78.41287,42.07836],[-78.41299,42.07813],[-78.41331,42.07763],[-78.41293,42.0775],[-78.41313,42.07716],[-78.41395,42.07594],[-78.41463,42.07614],[-78.41541,42.07642],[-78.41706,42.07705],[-78.41984,42.07809],[-78.41996,42.07811],[-78.42009,42.07812],[-78.42036,42.07812],[-78.4228,42.07782],[-78.42445,42.07764],[-78.42492,42.07762],[-78.42679,42.07762],[-78.42788,42.07761],[-78.4284,42.07758],[-78.42949,42.07749],[-78.42967,42.07754],[-78.42969,42.07756],[-78.42972,42.07759],[-78.42976,42.0776],[-78.42982,42.07769],[-78.42985,42.08003],[-78.42985,42.08127],[-78.42984,42.08138],[-78.42979,42.08141],[-78.42976,42.08145],[-78.42975,42.08147],[-78.42975,42.08153],[-78.42979,42.08158],[-78.42985,42.08161],[-78.42987,42.08172],[-78.42987,42.08281],[-78.42986,42.08292],[-78.4298,42.08295],[-78.42976,42.083],[-78.42977,42.08306],[-78.42979,42.0831],[-78.42982,42.08312],[-78.42986,42.08314],[-78.42988,42.08325],[-78.42989,42.08419],[-78.42901,42.08419],[-78.42791,42.0842],[-78.42901,42.08419],[-78.42989,42.08419],[-78.42989,42.085],[-78.42988,42.08509],[-78.42984,42.08511],[-78.42981,42.08514],[-78.42978,42.08517],[-78.42978,42.08521],[-78.42978,42.08524],[-78.4298,42.08527],[-78.42984,42.0853],[-78.42988,42.08532],[-78.42992,42.08533],[-78.42997,42.08532],[-78.43001,42.08531],[-78.43004,42.0853],[-78.43009,42.08525],[-78.43037,42.08521],[-78.43321,42.08518],[-78.44231,42.08513],[-78.44478,42.08513],[-78.44509,42.08515],[-78.44528,42.08517],[-78.4456,42.08526],[-78.44573,42.0853],[-78.44586,42.08537],[-78.44611,42.0855],[-78.44745,42.08638],[-78.44769,42.08617],[-78.4481,42.08585],[-78.44894,42.08514],[-78.44913,42.08495],[-78.44928,42.08476],[-78.44961,42.08427],[-78.44985,42.08397],[-78.45011,42.08372],[-78.45046,42.08349],[-78.45066,42.08338],[-78.45082,42.08332],[-78.45109,42.08322],[-78.45129,42.08317],[-78.45168,42.08312],[-78.45179,42.08311],[-78.4538,42.08299],[-78.45562,42.0829],[-78.456,42.0829],[-78.45629,42.08293],[-78.45675,42.08303],[-78.45774,42.08328],[-78.45802,42.08332],[-78.45818,42.08334],[-78.45833,42.08335],[-78.46,42.08343],[-78.46035,42.08342],[-78.46065,42.08338],[-78.46269,42.08309],[-78.46291,42.08308],[-78.46322,42.08309],[-78.46334,42.0831],[-78.46337,42.08303],[-78.46339,42.08294],[-78.46336,42.08226],[-78.46335,42.08142],[-78.46336,42.08095],[-78.46336,42.08002],[-78.46647,42.07999],[-78.46646,42.07983],[-78.46745,42.07983],[-78.46851,42.07982],[-78.46853,42.0798],[-78.46852,42.07807],[-78.4683,42.07797],[-78.46825,42.07794],[-78.46822,42.07791],[-78.46819,42.07784],[-78.4682,42.07776],[-78.46839,42.07736],[-78.46843,42.07721],[-78.46843,42.0771],[-78.46842,42.07677],[-78.46953,42.07686],[-78.47176,42.07705],[-78.47201,42.07708],[-78.47237,42.07714],[-78.47274,42.07722],[-78.47344,42.0774],[-78.47398,42.07759],[-78.4744,42.07778],[-78.47474,42.07794],[-78.47516,42.07818],[-78.47698,42.0793],[-78.47807,42.08003],[-78.48034,42.08158],[-78.48117,42.08213],[-78.48157,42.08237],[-78.48335,42.08333],[-78.4849,42.08419],[-78.48574,42.08468],[-78.4883,42.08622],[-78.49126,42.08805],[-78.49285,42.08905],[-78.4944,42.09001],[-78.49445,42.09004],[-78.49506,42.09043],[-78.49535,42.09065],[-78.49597,42.09117],[-78.49587,42.09123],[-78.49535,42.09158],[-78.49535,42.09065],[-78.49791,42.09278],[-78.4983,42.09308],[-78.49912,42.09366],[-78.49962,42.094],[-78.50004,42.09427],[-78.50032,42.09444],[-78.50051,42.09454],[-78.50075,42.09464],[-78.50196,42.09508],[-78.5052,42.09615],[-78.50654,42.09661],[-78.50872,42.09734],[-78.51648,42.09976],[-78.51851,42.10038],[-78.51848,42.10043],[-78.51851,42.10038],[-78.5197,42.10074],[-78.52012,42.10084],[-78.52103,42.10106],[-78.52178,42.10127],[-78.52303,42.10166],[-78.52579,42.10251],[-78.5297,42.10375],[-78.53202,42.10448],[-78.53431,42.10524],[-78.53766,42.10644],[-78.54229,42.10813],[-78.54302,42.10837],[-78.54321,42.10842],[-78.54346,42.10847],[-78.54363,42.10849],[-78.54403,42.10851],[-78.54429,42.10849],[-78.54457,42.10846],[-78.54667,42.10813],[-78.54711,42.10806],[-78.54747,42.10804],[-78.54937,42.10799],[-78.54986,42.10796],[-78.5503,42.10791],[-78.5508,42.10782],[-78.55128,42.1077],[-78.55162,42.10757],[-78.55197,42.10738],[-78.55259,42.10697],[-78.55471,42.10555],[-78.55529,42.10517],[-78.5558,42.10489],[-78.55662,42.1045],[-78.55735,42.10422],[-78.55768,42.10412],[-78.55802,42.10404],[-78.55826,42.104],[-78.55892,42.10391],[-78.55926,42.10385],[-78.55958,42.10377],[-78.55987,42.10367],[-78.56023,42.10352],[-78.56122,42.10308],[-78.56459,42.10169],[-78.56497,42.10151],[-78.56617,42.10085],[-78.56669,42.10058],[-78.56707,42.1004],[-78.57001,42.09915],[-78.57038,42.09897],[-78.57075,42.09877],[-78.57215,42.09789],[-78.57258,42.09769],[-78.57307,42.09751],[-78.57578,42.09671],[-78.57633,42.09656],[-78.5768,42.09645],[-78.577,42.09642],[-78.58013,42.09599],[-78.58139,42.09584],[-78.58267,42.09565],[-78.58514,42.09533],[-78.58686,42.09507],[-78.58907,42.0947],[-78.5907,42.09438],[-78.59185,42.09416],[-78.59266,42.09402],[-78.59291,42.09399],[-78.59349,42.09393],[-78.59375,42.09392],[-78.5942,42.09391],[-78.59495,42.09392],[-78.59531,42.09395],[-78.59569,42.094],[-78.59615,42.0941],[-78.59659,42.09424],[-78.59732,42.09451],[-78.59824,42.09488],[-78.59863,42.09503],[-78.59895,42.09513],[-78.59948,42.09528],[-78.59973,42.09533],[-78.60034,42.09544],[-78.60089,42.09548],[-78.60128,42.09549],[-78.60208,42.09546],[-78.60227,42.09544],[-78.60309,42.09528],[-78.60481,42.0949],[-78.6055,42.09476],[-78.60566,42.09473],[-78.60621,42.0947],[-78.60667,42.09469],[-78.60691,42.0947],[-78.60715,42.09473],[-78.60743,42.09477],[-78.60779,42.09485],[-78.60811,42.09493],[-78.60877,42.09515],[-78.61011,42.09563],[-78.61036,42.09571],[-78.61062,42.09577],[-78.61101,42.09584],[-78.61151,42.09589],[-78.61174,42.09591],[-78.61213,42.09591],[-78.61252,42.09589],[-78.61352,42.09576],[-78.61376,42.09574],[-78.61401,42.09573],[-78.61487,42.09573],[-78.61542,42.09577],[-78.61697,42.09594],[-78.61713,42.09595],[-78.61936,42.09596],[-78.62021,42.09598],[-78.62089,42.09603],[-78.62189,42.09615],[-78.625,42.09666],[-78.6255,42.09673],[-78.62644,42.09684],[-78.62749,42.09691],[-78.6276,42.09631],[-78.62783,42.09478],[-78.62786,42.09428],[-78.62789,42.09413],[-78.62805,42.09351],[-78.62813,42.09325],[-78.62832,42.09273],[-78.62854,42.0923],[-78.62867,42.09234],[-78.62854,42.0923],[-78.62832,42.09273],[-78.62813,42.09325],[-78.62805,42.09351],[-78.62789,42.09413],[-78.62786,42.09428],[-78.62783,42.09478],[-78.6276,42.09631],[-78.62749,42.09691],[-78.62781,42.09696],[-78.63287,42.09738],[-78.63343,42.09747],[-78.63398,42.0976],[-78.63419,42.09765],[-78.63466,42.09781],[-78.63642,42.09848],[-78.63688,42.09868],[-78.63721,42.09884],[-78.6375,42.099],[-78.63792,42.0993],[-78.63814,42.09947],[-78.63983,42.1009],[-78.64034,42.10131],[-78.6405,42.10146],[-78.64105,42.1019],[-78.64149,42.10222],[-78.642,42.10254],[-78.6424,42.10277],[-78.64326,42.10319],[-78.64415,42.10362],[-78.64469,42.1039],[-78.64535,42.10431],[-78.64569,42.10455],[-78.64629,42.10503],[-78.6482,42.1066],[-78.64994,42.10794],[-78.65024,42.10818],[-78.65043,42.10836],[-78.6506,42.10853],[-78.65088,42.10888],[-78.65102,42.10908],[-78.65127,42.10952],[-78.6514,42.10981],[-78.6515,42.11006],[-78.6516,42.11035],[-78.65171,42.11078],[-78.65178,42.11124],[-78.65182,42.11178],[-78.65181,42.11198],[-78.65173,42.1132],[-78.65173,42.11376],[-78.65176,42.1141],[-78.65184,42.11453],[-78.65203,42.11529],[-78.65249,42.11702],[-78.65284,42.1184],[-78.65331,42.12016],[-78.65377,42.12201],[-78.65395,42.12286],[-78.65406,42.12353],[-78.6547,42.12723],[-78.65476,42.12772],[-78.65477,42.12842],[-78.65474,42.12905],[-78.65472,42.12927],[-78.65463,42.12986],[-78.65371,42.13482],[-78.65349,42.13616],[-78.65348,42.13642],[-78.65353,42.13689],[-78.65356,42.13707],[-78.65375,42.13768],[-78.65411,42.13876],[-78.65442,42.13966],[-78.65534,42.14202],[-78.65571,42.14296],[-78.6559,42.14332],[-78.65599,42.14345],[-78.65625,42.14378],[-78.65654,42.14409],[-78.65682,42.14433],[-78.65709,42.14452],[-78.66025,42.14649],[-78.66299,42.14819],[-78.66346,42.14851],[-78.66389,42.14887],[-78.66411,42.14909],[-78.66433,42.14934],[-78.66626,42.15186],[-78.66657,42.15224],[-78.66676,42.15243],[-78.66695,42.1526],[-78.66724,42.15281],[-78.66775,42.15314],[-78.67019,42.15458],[-78.67239,42.15587],[-78.67279,42.15608],[-78.67304,42.15619],[-78.67333,42.15631],[-78.6736,42.1564],[-78.67418,42.15658],[-78.67763,42.15755],[-78.6814,42.15857],[-78.68633,42.15996],[-78.68661,42.16001],[-78.68678,42.16003],[-78.68691,42.16003],[-78.68713,42.16002],[-78.68722,42.16001],[-78.68753,42.15993],[-78.68773,42.15987],[-78.68811,42.15971],[-78.68837,42.15969],[-78.68906,42.15966],[-78.68949,42.15962],[-78.69045,42.15941],[-78.6924,42.15899],[-78.69507,42.15843],[-78.69525,42.15895],[-78.69552,42.15961],[-78.69594,42.16073],[-78.69599,42.16093],[-78.696,42.16103],[-78.696,42.16139],[-78.69586,42.16228],[-78.69577,42.1628],[-78.69558,42.16358],[-78.69502,42.16537],[-78.69494,42.16559],[-78.69487,42.16574],[-78.69475,42.16593],[-78.69427,42.16653],[-78.69457,42.1666],[-78.69427,42.16653],[-78.69475,42.16593],[-78.69487,42.16574],[-78.69494,42.16559],[-78.69502,42.16537],[-78.69558,42.16358],[-78.69577,42.1628],[-78.69586,42.16228],[-78.696,42.16139],[-78.696,42.16103],[-78.69599,42.16093],[-78.69594,42.16073],[-78.69552,42.15961],[-78.69525,42.15895],[-78.69507,42.15843],[-78.69607,42.15822],[-78.69684,42.15804],[-78.69847,42.15757],[-78.69898,42.15744],[-78.69934,42.15737],[-78.70041,42.15718],[-78.70109,42.15706],[-78.70142,42.15699],[-78.70157,42.15697],[-78.70261,42.15678],[-78.70281,42.15673],[-78.70296,42.15668],[-78.70307,42.15662],[-78.70348,42.15631],[-78.70464,42.15543],[-78.7067,42.15381],[-78.70687,42.15371],[-78.707,42.15367],[-78.70725,42.1536],[-78.70751,42.15357],[-78.70772,42.15357],[-78.70798,42.15362],[-78.70937,42.15394],[-78.71021,42.15411],[-78.71338,42.15462],[-78.7148,42.15486],[-78.7161,42.15506],[-78.71588,42.15568],[-78.71534,42.15565],[-78.71588,42.15568],[-78.71574,42.15608],[-78.71568,42.15629],[-78.71533,42.15735],[-78.71514,42.15788],[-78.71496,42.15782],[-78.71475,42.15776],[-78.71434,42.15767],[-78.71339,42.15752],[-78.71239,42.15736],[-78.71212,42.15832],[-78.71188,42.15828],[-78.71164,42.15878],[-78.71155,42.15887],[-78.7114,42.15891],[-78.71125,42.15889],[-78.71071,42.15873],[-78.71125,42.15889],[-78.7114,42.15891],[-78.71155,42.15887],[-78.71164,42.15878],[-78.71188,42.15828],[-78.71212,42.15832],[-78.71313,42.1585],[-78.71304,42.15881],[-78.71394,42.15897],[-78.71473,42.15915],[-78.71589,42.15942],[-78.7165,42.15958],[-78.7167,42.15919],[-78.71699,42.15862],[-78.71686,42.15856],[-78.71577,42.15812],[-78.71514,42.15788],[-78.71533,42.15735],[-78.71568,42.15629],[-78.71574,42.15608],[-78.71588,42.15568],[-78.71534,42.15565],[-78.71588,42.15568],[-78.7161,42.15506],[-78.72168,42.15594],[-78.72419,42.15634],[-78.7318,42.15758],[-78.73647,42.15836],[-78.73659,42.15799],[-78.73663,42.15779],[-78.73666,42.15722],[-78.73632,42.15716],[-78.73666,42.15722],[-78.73663,42.15779],[-78.73659,42.15799],[-78.73647,42.15836],[-78.73638,42.15858],[-78.73601,42.15989],[-78.7364,42.15995],[-78.73652,42.15949],[-78.7364,42.15995],[-78.73614,42.15991],[-78.73659,42.15837],[-78.73963,42.15887],[-78.74209,42.15929],[-78.74254,42.16013],[-78.74307,42.16109],[-78.74276,42.16054],[-78.74373,42.16022],[-78.74372,42.16017],[-78.74378,42.16007],[-78.74393,42.16005],[-78.74436,42.15992],[-78.74434,42.15988],[-78.74486,42.15971],[-78.74434,42.15988],[-78.74415,42.15934],[-78.74462,42.15929],[-78.74535,42.15917],[-78.74569,42.15909],[-78.74613,42.15897],[-78.74669,42.15878],[-78.74694,42.15868],[-78.74717,42.15857],[-78.74758,42.15836],[-78.74796,42.15816],[-78.74823,42.15832],[-78.74835,42.15836],[-78.74846,42.15837],[-78.74859,42.15837],[-78.74927,42.15831],[-78.74977,42.15828],[-78.75036,42.15828],[-78.75094,42.15831],[-78.75172,42.15842],[-78.75322,42.15868],[-78.75568,42.15912],[-78.75619,42.15919],[-78.75699,42.15927],[-78.75752,42.15929],[-78.75836,42.15928],[-78.7588,42.15925],[-78.75927,42.15921],[-78.75981,42.15912],[-78.75939,42.15727],[-78.75937,42.15698],[-78.75938,42.15684],[-78.75942,42.15666],[-78.75952,42.15642],[-78.75964,42.15623],[-78.75976,42.15609],[-78.75985,42.156],[-78.76008,42.15581],[-78.7602,42.15573],[-78.76038,42.15564],[-78.76057,42.15556],[-78.76095,42.15545],[-78.7611,42.15542],[-78.76137,42.15538],[-78.76326,42.15521],[-78.76351,42.15518],[-78.76367,42.15514],[-78.76383,42.15509],[-78.764,42.15501],[-78.76416,42.15491],[-78.76427,42.15482],[-78.76436,42.15472],[-78.76445,42.15459],[-78.76451,42.15447],[-78.76455,42.15435],[-78.76468,42.15358],[-78.76478,42.15322],[-78.7649,42.15295],[-78.76497,42.15281],[-78.76508,42.15265],[-78.76529,42.15243],[-78.76553,42.1522],[-78.76565,42.15212],[-78.76596,42.15195],[-78.76619,42.15185],[-78.76637,42.15178],[-78.76674,42.15166],[-78.76679,42.15175],[-78.76686,42.15183],[-78.7673,42.15207],[-78.76763,42.15222],[-78.76767,42.1523],[-78.76767,42.15233],[-78.76764,42.15236],[-78.76757,42.15244],[-78.76755,42.15248],[-78.76755,42.15253],[-78.76758,42.15257],[-78.76767,42.15263],[-78.76774,42.15258],[-78.76799,42.15238],[-78.7673,42.15207],[-78.76686,42.15183],[-78.76679,42.15175],[-78.76674,42.15166],[-78.76637,42.15178],[-78.76619,42.15185],[-78.76596,42.15195],[-78.76565,42.15212],[-78.76553,42.1522],[-78.76529,42.15243],[-78.76508,42.15265],[-78.76497,42.15281],[-78.7649,42.15295],[-78.76478,42.15322],[-78.76468,42.15358],[-78.76455,42.15435],[-78.76451,42.15447],[-78.76445,42.15459],[-78.76436,42.15472],[-78.76427,42.15482],[-78.76416,42.15491],[-78.764,42.15501],[-78.76383,42.15509],[-78.76367,42.15514],[-78.76351,42.15518],[-78.76326,42.15521],[-78.76137,42.15538],[-78.7611,42.15542],[-78.76095,42.15545],[-78.76057,42.15556],[-78.76038,42.15564],[-78.7602,42.15573],[-78.76008,42.15581],[-78.75985,42.156],[-78.75976,42.15609],[-78.75964,42.15623],[-78.75952,42.15642],[-78.75942,42.15666],[-78.75938,42.15684],[-78.75937,42.15698],[-78.75939,42.15727],[-78.75981,42.15912],[-78.75927,42.15921],[-78.75903,42.15923],[-78.7588,42.15925],[-78.75836,42.15928],[-78.75752,42.15929],[-78.75699,42.15927],[-78.75619,42.15919],[-78.75568,42.15912],[-78.75322,42.15868],[-78.75172,42.15842],[-78.75094,42.15831],[-78.75036,42.15828],[-78.74977,42.15828],[-78.74927,42.15831],[-78.74859,42.15837],[-78.74846,42.15837],[-78.74835,42.15836],[-78.74823,42.15832],[-78.74796,42.15816],[-78.74816,42.15803],[-78.74887,42.15748],[-78.74978,42.15669],[-78.75014,42.15621],[-78.75057,42.15558],[-78.75071,42.15536],[-78.75164,42.15361],[-78.75174,42.15334],[-78.75211,42.1526],[-78.75219,42.15238],[-78.75221,42.15221],[-78.75217,42.15186],[-78.75186,42.15192],[-78.75173,42.15196],[-78.75162,42.15203],[-78.75139,42.15218],[-78.75122,42.15227],[-78.75091,42.15223],[-78.75072,42.15224],[-78.75048,42.1523],[-78.75005,42.15244]]}},{"type":"Feature","properties":{"agency":"Olean Area Transit System","shape_id":"xw6b"},"geometry":{"type":"LineString","coordinates":[[-78.47515,42.07706],[-78.47544,42.07633],[-78.47544,42.07633],[-78.47555,42.07605],[-78.47588,42.07551],[-78.47598,42.07535],[-78.47617,42.07515],[-78.47642,42.07499],[-78.47655,42.07508],[-78.4774,42.07557],[-78.47786,42.07581],[-78.47813,42.0759],[-78.47862,42.07598],[-78.47941,42.07612],[-78.47972,42.07623],[-78.48004,42.07638],[-78.48067,42.07671],[-78.48116,42.07701],[-78.48135,42.07715],[-78.48169,42.07772],[-78.48176,42.0779],[-78.48175,42.07794],[-78.48169,42.07801],[-78.48111,42.07848],[-78.48105,42.07855],[-78.48104,42.0787],[-78.48117,42.07882],[-78.48234,42.07962],[-78.48233,42.07963],[-78.48247,42.07972],[-78.48244,42.07982],[-78.48245,42.07991],[-78.48246,42.07992],[-78.48144,42.08073],[-78.47978,42.0796],[-78.47967,42.0796],[-78.47876,42.08031],[-78.47869,42.08046],[-78.47941,42.08094],[-78.47957,42.0809],[-78.47974,42.08088],[-78.47989,42.0809],[-78.47996,42.08091],[-78.48005,42.08097],[-78.48014,42.08105],[-78.48031,42.08132],[-78.48041,42.08141],[-78.4805,42.08148],[-78.48172,42.0822],[-78.48267,42.08275],[-78.48353,42.08198],[-78.48351,42.08192],[-78.48353,42.08188],[-78.48359,42.08182],[-78.48369,42.0818],[-78.4837,42.08181]]}},{"type":"Feature","properties":{"agency":"Olean Area Transit System","shape_id":"yqte"},"geometry":{"type":"LineString","coordinates":[[-78.483726,42.081829],[-78.48372,42.08183],[-78.48375,42.08185],[-78.48373,42.08195],[-78.483663,42.081995],[-78.48364,42.08201],[-78.48353,42.08198],[-78.48267,42.08275],[-78.48172,42.0822],[-78.4805,42.08148],[-78.48041,42.08141],[-78.48031,42.08132],[-78.48014,42.08105],[-78.48005,42.08097],[-78.47996,42.08091],[-78.47989,42.0809],[-78.47974,42.08088],[-78.47957,42.0809],[-78.47941,42.08094],[-78.47869,42.08046],[-78.47887,42.08039],[-78.47976,42.07968],[-78.47978,42.0796],[-78.48144,42.08073],[-78.48246,42.07992],[-78.48249,42.07993],[-78.48254,42.07994],[-78.48262,42.07993],[-78.4828,42.07989],[-78.48288,42.07983],[-78.48293,42.07977],[-78.48293,42.07969],[-78.48288,42.07961],[-78.48281,42.07957],[-78.4827,42.07956],[-78.48258,42.0796],[-78.48252,42.07965],[-78.48247,42.07972],[-78.48234,42.07962],[-78.48234,42.07962],[-78.48117,42.07882],[-78.48104,42.0787],[-78.48105,42.07855],[-78.48111,42.07848],[-78.48169,42.07801],[-78.48175,42.07794],[-78.48176,42.0779],[-78.48169,42.07772],[-78.48135,42.07715],[-78.48116,42.07701],[-78.48116,42.07701],[-78.48067,42.07671],[-78.48004,42.07638],[-78.47972,42.07623],[-78.47941,42.07612],[-78.47862,42.07598],[-78.47813,42.0759],[-78.47786,42.07581],[-78.4774,42.07557],[-78.47655,42.07508],[-78.47642,42.07499],[-78.47617,42.07515],[-78.47598,42.07535],[-78.47588,42.07551],[-78.47555,42.07605],[-78.47544,42.07633],[-78.47515,42.07706],[-78.47494,42.07762],[-78.47482,42.07784],[-78.47474,42.07794],[-78.4744,42.07778],[-78.47398,42.07759],[-78.47344,42.0774],[-78.47274,42.07722],[-78.47237,42.07714],[-78.47193,42.07707],[-78.47135,42.07701],[-78.46842,42.07677],[-78.46843,42.0771],[-78.46843,42.07721],[-78.46839,42.07736],[-78.4682,42.07776],[-78.46819,42.07784],[-78.46822,42.07791],[-78.46825,42.07794],[-78.4683,42.07797],[-78.46852,42.07807],[-78.46852,42.07819],[-78.46763,42.0782],[-78.46761,42.0782],[-78.46762,42.07866],[-78.46762,42.07866],[-78.46763,42.07983],[-78.46773,42.07982],[-78.46851,42.07981],[-78.46853,42.07979],[-78.46852,42.07806],[-78.46826,42.07794],[-78.46823,42.07791],[-78.4682,42.07783],[-78.46821,42.07776],[-78.4684,42.07736],[-78.46843,42.0772],[-78.46842,42.07676],[-78.47135,42.07701],[-78.47202,42.07708],[-78.47237,42.07714],[-78.47274,42.07721],[-78.4732,42.07733],[-78.47366,42.07747],[-78.47398,42.07759],[-78.47474,42.07794],[-78.47516,42.07818],[-78.47692,42.07925],[-78.48117,42.08213],[-78.48158,42.08236],[-78.48336,42.08333],[-78.48514,42.08432],[-78.48574,42.08467],[-78.48831,42.08622],[-78.49434,42.08996],[-78.49434,42.08996],[-78.49506,42.09042],[-78.49598,42.09116],[-78.49587,42.09123],[-78.49535,42.09158],[-78.49535,42.09065],[-78.49506,42.09043],[-78.49445,42.09004],[-78.4944,42.09001],[-78.49285,42.08905],[-78.49006,42.0873],[-78.4883,42.08622],[-78.48574,42.08468],[-78.4849,42.08419],[-78.48335,42.08333],[-78.48157,42.08237],[-78.48117,42.08213],[-78.48034,42.08158],[-78.47941,42.08094],[-78.47957,42.0809],[-78.47974,42.08088],[-78.47989,42.0809],[-78.47996,42.08091],[-78.48005,42.08097],[-78.48014,42.08105],[-78.48031,42.08132],[-78.48041,42.08141],[-78.4805,42.08148],[-78.48172,42.0822],[-78.48267,42.08275],[-78.48353,42.08198],[-78.48351,42.08192],[-78.48353,42.08188],[-78.48359,42.08182],[-78.48369,42.0818],[-78.48372,42.08183]]}},{"type":"Feature","properties":{"agency":"Olean Area Transit System","shape_id":"yuml"},"geometry":{"type":"LineString","coordinates":[[-78.44833,42.08213],[-78.4482,42.08207],[-78.4482,42.08141],[-78.44818,42.080313],[-78.44818,42.08031],[-78.44817,42.07984],[-78.446302,42.07985],[-78.4463,42.07985],[-78.44465,42.07986],[-78.44462,42.07818],[-78.44462,42.07739],[-78.43756,42.07744],[-78.43388,42.07746],[-78.43249,42.07747],[-78.43248,42.07627],[-78.43251,42.07532],[-78.43251,42.07506],[-78.4325,42.07464],[-78.4313,42.07465],[-78.43028,42.07464],[-78.43006,42.07465],[-78.42983,42.07469],[-78.42982,42.0722],[-78.42985,42.07137],[-78.43,42.06983],[-78.43004,42.06963],[-78.43009,42.06951],[-78.43024,42.06929],[-78.43086,42.06867],[-78.43131,42.0682],[-78.43265,42.06666],[-78.4332,42.06606],[-78.43339,42.06592],[-78.43358,42.0658],[-78.43391,42.06563],[-78.43456,42.06539],[-78.43515,42.06519],[-78.43569,42.06499],[-78.43625,42.06473],[-78.43658,42.06456],[-78.43703,42.06429],[-78.4371,42.06437],[-78.43714,42.06446],[-78.43716,42.06454],[-78.43715,42.0649],[-78.43783,42.06489],[-78.43783,42.06535],[-78.43783,42.06616],[-78.43782,42.0662],[-78.4378,42.06624],[-78.43777,42.06626],[-78.43714,42.06628],[-78.43716,42.06454],[-78.43714,42.06446],[-78.4371,42.06437],[-78.43703,42.06429],[-78.43658,42.06456],[-78.43625,42.06473],[-78.43569,42.06499],[-78.43515,42.06519],[-78.43456,42.06539],[-78.43391,42.06563],[-78.43358,42.0658],[-78.43339,42.06592],[-78.4332,42.06606],[-78.43265,42.06666],[-78.43131,42.0682],[-78.43086,42.06867],[-78.43024,42.06929],[-78.43009,42.06951],[-78.43004,42.06963],[-78.43,42.06983],[-78.42985,42.07137],[-78.42984,42.07168],[-78.42982,42.0722],[-78.42983,42.07339],[-78.42982,42.07339],[-78.42983,42.07339],[-78.42983,42.07469],[-78.42982,42.07556],[-78.42985,42.07716],[-78.42984,42.07727],[-78.42979,42.07737],[-78.42976,42.07738],[-78.4297,42.07741],[-78.42968,42.07743],[-78.42966,42.07748],[-78.4284,42.07758],[-78.42788,42.07761],[-78.42679,42.07762],[-78.42492,42.07762],[-78.42445,42.07764],[-78.4228,42.07782],[-78.42036,42.07812],[-78.42009,42.07812],[-78.42009,42.07829],[-78.42013,42.07911],[-78.41991,42.07905],[-78.418882,42.078651],[-78.41888,42.07865],[-78.4172,42.07801],[-78.41604,42.07758],[-78.41556,42.07741],[-78.4149,42.07721],[-78.41424,42.07698],[-78.41342,42.07672],[-78.41323,42.07701],[-78.41342,42.07672],[-78.41223,42.07634],[-78.41089,42.07588],[-78.410949,42.075751],[-78.41095,42.07575],[-78.4112,42.07517],[-78.40752,42.07413],[-78.40604,42.07372],[-78.4039,42.0731],[-78.40305,42.07481],[-78.403,42.07495],[-78.40299,42.07509],[-78.40299,42.075356],[-78.40299,42.07536],[-78.40298,42.07602],[-78.40544,42.07604],[-78.40583,42.07605],[-78.4059,42.07606],[-78.40907,42.07711],[-78.41149,42.07789],[-78.41287,42.07836],[-78.41511,42.07908],[-78.41509,42.07915],[-78.41488,42.07963],[-78.41509,42.07915],[-78.41511,42.07908],[-78.41556,42.07922],[-78.41618,42.07939],[-78.41688,42.07954],[-78.41733,42.07962],[-78.42019,42.08002],[-78.42023,42.08058],[-78.42031,42.08079],[-78.42038,42.08092],[-78.42049,42.08111],[-78.42175,42.08287],[-78.42212,42.08337],[-78.4236,42.08511],[-78.42497,42.08689],[-78.42549,42.08749],[-78.42558,42.08757],[-78.42595,42.08785],[-78.42635,42.0881],[-78.42738,42.08856],[-78.42606,42.09148],[-78.42618,42.09153],[-78.42606,42.09148],[-78.42738,42.08856],[-78.42743,42.08841],[-78.42791,42.08735],[-78.42799,42.08725],[-78.42808,42.08718],[-78.42803,42.08714],[-78.42796,42.08706],[-78.42794,42.08702],[-78.42792,42.0869],[-78.42793,42.08601],[-78.42791,42.0842],[-78.42901,42.08419],[-78.42989,42.08419],[-78.42989,42.085],[-78.42988,42.08509],[-78.42984,42.08511],[-78.42981,42.08514],[-78.42978,42.08517],[-78.42978,42.08521],[-78.42978,42.08524],[-78.4298,42.08527],[-78.42984,42.0853],[-78.42988,42.08532],[-78.42992,42.08533],[-78.42997,42.08532],[-78.43001,42.08531],[-78.43004,42.0853],[-78.43009,42.08525],[-78.43037,42.08521],[-78.4314,42.0852],[-78.43141,42.08564],[-78.43143,42.08776],[-78.43159,42.08787],[-78.4317,42.08795],[-78.43188,42.08813],[-78.43197,42.08825],[-78.43349,42.09038],[-78.43418,42.09138],[-78.43449,42.09179],[-78.43446,42.09181],[-78.43449,42.09179],[-78.43418,42.09138],[-78.43349,42.09038],[-78.43197,42.08825],[-78.43188,42.08813],[-78.4317,42.08795],[-78.43159,42.08787],[-78.43143,42.08776],[-78.43108,42.08757],[-78.43038,42.08723],[-78.43016,42.08709],[-78.4301,42.08704],[-78.43007,42.087],[-78.43002,42.08697],[-78.43,42.08679],[-78.42999,42.08541],[-78.43001,42.08531],[-78.43004,42.0853],[-78.43009,42.08525],[-78.43037,42.08521],[-78.43321,42.08518],[-78.43883,42.08514],[-78.44231,42.08513],[-78.44478,42.08513],[-78.44509,42.08515],[-78.44528,42.08517],[-78.4456,42.08526],[-78.44573,42.0853],[-78.44586,42.08537],[-78.44611,42.0855],[-78.44745,42.08638],[-78.44769,42.08617],[-78.4481,42.08585],[-78.44894,42.08514],[-78.44913,42.08495],[-78.44928,42.08476],[-78.44961,42.08427],[-78.44985,42.08397],[-78.45011,42.08372],[-78.45046,42.08349],[-78.45066,42.08338],[-78.45082,42.08332],[-78.45109,42.08322],[-78.45129,42.08317],[-78.45168,42.08312],[-78.45179,42.08311],[-78.4538,42.08299],[-78.45562,42.0829],[-78.456,42.0829],[-78.45629,42.08293],[-78.45675,42.08303],[-78.45774,42.08328],[-78.45818,42.08334],[-78.46,42.08343],[-78.46035,42.08342],[-78.46065,42.08338],[-78.46269,42.08309],[-78.46291,42.08308],[-78.46322,42.08309],[-78.46347,42.08312],[-78.4645,42.08337],[-78.46487,42.08345],[-78.46522,42.08349],[-78.4657,42.08351],[-78.46608,42.08349],[-78.46734,42.08337],[-78.46974,42.0831],[-78.47041,42.08304],[-78.47105,42.083],[-78.47335,42.08302],[-78.47415,42.08299],[-78.47441,42.08297],[-78.47471,42.08294],[-78.4751,42.08287],[-78.47547,42.08275],[-78.47585,42.0826],[-78.47617,42.08243],[-78.47648,42.08222],[-78.47699,42.08182],[-78.4779,42.08108],[-78.47869,42.08046],[-78.47807,42.08003],[-78.477174,42.079436],[-78.4765,42.079],[-78.47516,42.07818],[-78.47474,42.07794],[-78.4744,42.07778],[-78.47398,42.07759],[-78.47344,42.0774],[-78.47274,42.07722],[-78.47237,42.07714],[-78.47201,42.07708],[-78.47176,42.07705],[-78.47109,42.07699],[-78.46842,42.07677],[-78.46843,42.0771],[-78.46843,42.07721],[-78.46839,42.07736],[-78.4682,42.07776],[-78.46819,42.07784],[-78.46822,42.07791],[-78.46825,42.07794],[-78.4683,42.07797],[-78.46852,42.07807],[-78.46853,42.0798],[-78.46851,42.07982],[-78.46745,42.07983],[-78.46646,42.07983],[-78.46646,42.07927],[-78.46647,42.07922],[-78.46649,42.07919],[-78.46652,42.07915],[-78.46655,42.07913],[-78.46684,42.079],[-78.46687,42.07895],[-78.46686,42.07815],[-78.46686,42.078148],[-78.46684,42.07678],[-78.46487,42.0769],[-78.46347,42.07701],[-78.46325,42.07701],[-78.46319,42.07693],[-78.46318,42.07557],[-78.46317,42.0745],[-78.46314,42.07448],[-78.46307,42.07448],[-78.46153,42.07448],[-78.4615,42.07448],[-78.46149,42.0745],[-78.46148,42.07522],[-78.46148,42.075222],[-78.46148,42.07522],[-78.46148,42.07559],[-78.46156,42.07557],[-78.4616,42.07556],[-78.46253,42.07557],[-78.462532,42.07557],[-78.46318,42.07557],[-78.46319,42.07693],[-78.46325,42.07701],[-78.46134,42.07701],[-78.46056,42.07702],[-78.45932,42.07707],[-78.45933,42.07694],[-78.45931,42.07566]]}}]}