{"type":"FeatureCollection","features":[{"type":"Feature","properties":{"agency":"SMART","shape_id":"23045"},"geometry":{"type":"LineString","coordinates":[[-123.03502,44.941193],[-123.035743,44.941304],[-123.036281,44.941426],[-123.0364,44.941186],[-123.035593,44.940967],[-123.034822,44.94076],[-123.03465,44.941081],[-123.0339,44.942476],[-123.03229,44.942066],[-123.030646,44.941668],[-123.02951,44.941377],[-123.028533,44.941113],[-123.02737,44.940822],[-123.026942,44.941628],[-123.026784,44.941692],[-123.026884,44.941828],[-123.026164,44.9432],[-123.024556,44.946323],[-123.023184,44.94905],[-123.01504,44.948714],[-123.012076,44.948727],[-123.01061,44.948822],[-122.997775,44.950138],[-122.997415,44.950158],[-122.996608,44.95013],[-122.994792,44.950159],[-122.992944,44.950133],[-122.992499,44.950094],[-122.992291,44.950103],[-122.991803,44.9501],[-122.991269,44.950156],[-122.990267,44.95016],[-122.989938,44.950396],[-122.989782,44.9506],[-122.989694,44.950838],[-122.989653,44.95106],[-122.989685,44.951695],[-122.989741,44.952834],[-122.989802,44.953836],[-122.989902,44.9548],[-122.989912,44.955386],[-122.989939,44.955908],[-122.99003,44.956456],[-122.990031,44.96206],[-122.990028,44.965579],[-122.990035,44.966761],[-122.990033,44.967971],[-122.990042,44.968566],[-122.990028,44.973281],[-122.990035,44.973667],[-122.990074,44.974366],[-122.990269,44.975444],[-122.990469,44.976082],[-122.990828,44.976973],[-122.991132,44.977671],[-122.991505,44.978526],[-122.991798,44.979192],[-122.992237,44.980212],[-122.992939,44.981812],[-122.993443,44.982974],[-122.99419,44.984672],[-122.994875,44.986162],[-122.995441,44.987032],[-122.995944,44.987708],[-122.996427,44.988282],[-122.997073,44.989028],[-122.997588,44.989626],[-122.998445,44.990622],[-122.998855,44.991131],[-122.999157,44.991552],[-122.999579,44.992241],[-122.999845,44.992756],[-123.0002,44.993698],[-123.000384,44.99441],[-123.000477,44.994986],[-123.000522,44.995605],[-123.000467,44.996725],[-123.00032,44.997476],[-123.000261,44.997721],[-122.999881,44.998753],[-122.999632,44.999277],[-122.99854,45.001301],[-122.997897,45.002453],[-122.997223,45.003727],[-122.996506,45.005056],[-122.995835,45.006305],[-122.995265,45.007368],[-122.994882,45.008081],[-122.992766,45.012014],[-122.992005,45.01341],[-122.991032,45.015241],[-122.989129,45.018773],[-122.987667,45.021488],[-122.985389,45.025721],[-122.984262,45.027816],[-122.983157,45.029862],[-122.980916,45.034029],[-122.978651,45.038218],[-122.974295,45.046314],[-122.97236,45.049904],[-122.971359,45.051759],[-122.967952,45.058066],[-122.965684,45.062269],[-122.963095,45.067067],[-122.961004,45.070931],[-122.959487,45.073206],[-122.957954,45.074856],[-122.951543,45.081149],[-122.949992,45.082678],[-122.948379,45.08425],[-122.946681,45.085913],[-122.942139,45.090385],[-122.938989,45.09349],[-122.930414,45.101939],[-122.924479,45.107786],[-122.921508,45.110703],[-122.918504,45.113656],[-122.912586,45.119474],[-122.909591,45.122418],[-122.906649,45.125323],[-122.900716,45.13115],[-122.897727,45.134083],[-122.89448,45.137277],[-122.889105,45.142549],[-122.886244,45.145357],[-122.88375,45.147814],[-122.87973,45.151758],[-122.876475,45.154954],[-122.874414,45.156977],[-122.872318,45.159027],[-122.870245,45.161065],[-122.868142,45.163127],[-122.863618,45.167565],[-122.860625,45.170499],[-122.85529,45.175733],[-122.851711,45.179234],[-122.847636,45.183232],[-122.844148,45.186649],[-122.838949,45.191816],[-122.836924,45.194065],[-122.835356,45.195958],[-122.833906,45.197866],[-122.832769,45.199464],[-122.830742,45.202382],[-122.828681,45.205325],[-122.824703,45.211023],[-122.821413,45.215708],[-122.817796,45.220884],[-122.816424,45.222844],[-122.813424,45.226676],[-122.812025,45.228373],[-122.80928,45.231689],[-122.808146,45.233063],[-122.80585,45.235839],[-122.803786,45.238329],[-122.802705,45.239634],[-122.801582,45.240993],[-122.796663,45.246932],[-122.795217,45.248685],[-122.79444,45.249622],[-122.790966,45.25382],[-122.790556,45.254323],[-122.789918,45.255086],[-122.788054,45.257336],[-122.787195,45.258376],[-122.786329,45.259418],[-122.78608,45.259712],[-122.785403,45.260542],[-122.784892,45.261158],[-122.784157,45.262047],[-122.783613,45.262702],[-122.781585,45.265148],[-122.780417,45.266559],[-122.779772,45.267336],[-122.779177,45.268064],[-122.778081,45.269396],[-122.777447,45.270169],[-122.776677,45.271132],[-122.775953,45.272012],[-122.7753,45.272809],[-122.77458,45.273676],[-122.773814,45.274605],[-122.773173,45.275375],[-122.772636,45.276023],[-122.772011,45.27678],[-122.771295,45.277645],[-122.770763,45.278287],[-122.769945,45.2793],[-122.769592,45.280056],[-122.769354,45.280907],[-122.769299,45.281455],[-122.769291,45.281769],[-122.769292,45.282325],[-122.769292,45.283022],[-122.769289,45.283393],[-122.769293,45.28567],[-122.769293,45.286537],[-122.769297,45.287204],[-122.769297,45.287926],[-122.769275,45.288865],[-122.76928,45.289736],[-122.769319,45.291441],[-122.769266,45.293331],[-122.769261,45.293978],[-122.76923,45.294746],[-122.769194,45.295279],[-122.769085,45.296509],[-122.769062,45.296942],[-122.769049,45.29729],[-122.769041,45.297665],[-122.769037,45.298147],[-122.769039,45.299428],[-122.769056,45.299882],[-122.768861,45.300853],[-122.768809,45.301214],[-122.768768,45.301748],[-122.768744,45.301965],[-122.768704,45.30219],[-122.768663,45.302443],[-122.768575,45.302772],[-122.768557,45.302857],[-122.768647,45.303016],[-122.770555,45.303023],[-122.771829,45.303041],[-122.772038,45.303175],[-122.772132,45.303315],[-122.771881,45.303548],[-122.771197,45.304197],[-122.770838,45.304515],[-122.770212,45.305084],[-122.770105,45.305228],[-122.769901,45.30561],[-122.769797,45.305967],[-122.769787,45.306407],[-122.7698,45.308799],[-122.76982,45.309843],[-122.769824,45.31023],[-122.770699,45.310239],[-122.772251,45.310234],[-122.775595,45.310238],[-122.775712,45.310255],[-122.775726,45.310392],[-122.77567,45.310492]]}},{"type":"Feature","properties":{"agency":"SMART","shape_id":"23071"},"geometry":{"type":"LineString","coordinates":[[-122.691596,45.263202],[-122.691606,45.263246],[-122.691549,45.263275],[-122.691546,45.263326],[-122.691596,45.2634],[-122.691724,45.263584],[-122.691987,45.263943],[-122.692024,45.263994],[-122.692085,45.264005],[-122.692142,45.263996],[-122.692259,45.263952],[-122.692655,45.263815],[-122.69306,45.263674],[-122.693114,45.263664],[-122.693174,45.263642],[-122.693234,45.263611],[-122.693354,45.263565],[-122.693625,45.263471],[-122.693865,45.263387],[-122.6943,45.263228],[-122.694446,45.263176],[-122.694586,45.263122],[-122.694885,45.263013],[-122.694943,45.263015],[-122.694985,45.262978],[-122.695183,45.262914],[-122.695446,45.262816],[-122.695709,45.26273],[-122.695933,45.262643],[-122.69641,45.262474],[-122.696839,45.262322],[-122.697209,45.262183],[-122.69769,45.262011],[-122.698103,45.261867],[-122.698162,45.261888],[-122.698191,45.261837],[-122.698533,45.261714],[-122.698875,45.261594],[-122.699566,45.261361],[-122.699949,45.261221],[-122.700465,45.261025],[-122.700675,45.260941],[-122.700738,45.260959],[-122.700766,45.260916],[-122.700847,45.260887],[-122.700899,45.260872],[-122.700946,45.260885],[-122.700985,45.260946],[-122.701193,45.261239],[-122.701381,45.261494],[-122.701622,45.261848],[-122.701867,45.262199],[-122.702157,45.262606],[-122.702376,45.262922],[-122.702575,45.263196],[-122.70268,45.263327],[-122.702748,45.263433],[-122.702709,45.263493],[-122.702807,45.263515],[-122.702869,45.263585],[-122.703051,45.263836],[-122.703285,45.264198],[-122.703504,45.264526],[-122.703727,45.264864],[-122.703699,45.264916],[-122.703783,45.264927],[-122.703939,45.265151],[-122.704165,45.265473],[-122.704273,45.265627],[-122.70439,45.265787],[-122.704428,45.265932],[-122.704399,45.266274],[-122.704329,45.266838],[-122.704296,45.267075],[-122.704212,45.267103],[-122.704275,45.267155],[-122.704263,45.267274],[-122.704271,45.26731],[-122.704302,45.26732],[-122.704432,45.267336],[-122.704725,45.267372],[-122.705469,45.26747],[-122.706347,45.26758],[-122.706581,45.267614],[-122.706601,45.267664],[-122.706706,45.267633],[-122.70695,45.267658],[-122.707266,45.267676],[-122.707689,45.267679],[-122.708081,45.267651],[-122.708937,45.267541],[-122.710086,45.267361],[-122.71228,45.267024],[-122.713387,45.26685],[-122.713945,45.266781],[-122.714579,45.266762],[-122.715582,45.266758],[-122.71683,45.266755],[-122.718127,45.266761],[-122.718862,45.266761],[-122.720278,45.266769],[-122.721886,45.266777],[-122.722611,45.26678],[-122.722895,45.266777],[-122.723445,45.266781],[-122.724795,45.266779],[-122.726446,45.266774],[-122.727516,45.26678],[-122.728224,45.26678],[-122.729466,45.266779],[-122.730688,45.266782],[-122.731541,45.266792],[-122.732351,45.266795],[-122.732626,45.266758],[-122.732804,45.266686],[-122.732941,45.266564],[-122.73299,45.266465],[-122.733006,45.266302],[-122.733008,45.266053],[-122.732997,45.265556],[-122.732986,45.264925],[-122.732968,45.263928],[-122.732961,45.263145],[-122.73295,45.262286],[-122.73294,45.261692],[-122.732946,45.261445],[-122.732951,45.261067],[-122.732984,45.260857],[-122.73302,45.260745],[-122.733124,45.260512],[-122.733246,45.260348],[-122.733376,45.260206],[-122.733545,45.260066],[-122.733644,45.259986],[-122.733762,45.259918],[-122.733885,45.259849],[-122.734085,45.259768],[-122.734311,45.25969],[-122.734551,45.259627],[-122.73477,45.259587],[-122.734963,45.259564],[-122.73522,45.259554],[-122.735751,45.259552],[-122.736267,45.259553],[-122.73707,45.259558],[-122.738015,45.259557],[-122.739178,45.259563],[-122.74087,45.259567],[-122.742256,45.259575],[-122.743806,45.259575],[-122.745255,45.259579],[-122.747141,45.259581],[-122.7484,45.259583],[-122.75008,45.259573],[-122.751089,45.259577],[-122.752997,45.259583],[-122.754854,45.259586],[-122.756816,45.259584],[-122.757936,45.259582],[-122.758889,45.259575],[-122.760368,45.259574],[-122.761231,45.259589],[-122.761926,45.259613],[-122.762886,45.259639],[-122.76375,45.259643],[-122.763802,45.259667],[-122.763873,45.259637],[-122.764654,45.259641],[-122.765727,45.259646],[-122.767398,45.259617],[-122.767798,45.259617],[-122.768602,45.259611],[-122.768824,45.259629],[-122.76894,45.259661],[-122.769042,45.259722],[-122.769115,45.259798],[-122.76915,45.259879],[-122.769136,45.259982],[-122.769095,45.260297],[-122.769051,45.260612],[-122.769022,45.261015],[-122.769002,45.261483],[-122.768989,45.261997],[-122.768988,45.2626],[-122.769,45.263141],[-122.769007,45.263469],[-122.769014,45.26391],[-122.769008,45.264308],[-122.769015,45.26464],[-122.769034,45.26506],[-122.76903,45.265459],[-122.76903,45.266101],[-122.769031,45.266814],[-122.769046,45.267401],[-122.769038,45.268022],[-122.76904,45.268756],[-122.76904,45.269251],[-122.769044,45.269774],[-122.769042,45.270226],[-122.769046,45.270738],[-122.769037,45.271282],[-122.769049,45.271766],[-122.76904,45.272511],[-122.769043,45.273167],[-122.769052,45.273955],[-122.769046,45.274731],[-122.769046,45.275304],[-122.769043,45.275524],[-122.769054,45.276805],[-122.76906,45.277826],[-122.769064,45.278324],[-122.769014,45.279025],[-122.768835,45.279645],[-122.768671,45.28006],[-122.768494,45.280605],[-122.76846,45.280936],[-122.768471,45.281242],[-122.768543,45.281641],[-122.768637,45.281942],[-122.768703,45.282116],[-122.768804,45.282446],[-122.768897,45.282716],[-122.768971,45.283],[-122.769009,45.283175],[-122.769038,45.283378],[-122.769077,45.283626],[-122.769106,45.283895],[-122.76913,45.284222],[-122.769168,45.284676],[-122.769194,45.28515],[-122.769219,45.285383],[-122.769223,45.285699],[-122.769225,45.286355],[-122.769246,45.286848],[-122.769251,45.28744],[-122.76925,45.287939],[-122.769251,45.288211],[-122.769256,45.288439],[-122.769251,45.288868],[-122.769259,45.289736],[-122.76926,45.290661],[-122.769258,45.291353],[-122.769256,45.292177],[-122.769262,45.292503],[-122.769261,45.293255],[-122.769254,45.293943],[-122.769226,45.294742],[-122.769161,45.295589],[-122.769125,45.295973],[-122.769085,45.296477],[-122.769055,45.296922],[-122.769035,45.297518],[-122.76903,45.298011],[-122.769032,45.298316],[-122.769031,45.299148],[-122.769031,45.299433],[-122.768995,45.299723],[-122.768979,45.299874],[-122.768902,45.300603],[-122.768866,45.300854],[-122.768818,45.301487],[-122.768789,45.301841],[-122.768756,45.302133],[-122.768695,45.302459],[-122.768598,45.302788],[-122.768574,45.302931],[-122.768608,45.303006],[-122.768683,45.303033],[-122.768936,45.30303],[-122.769293,45.303039],[-122.769898,45.303044],[-122.770212,45.303055],[-122.770843,45.303042],[-122.771183,45.303029],[-122.771723,45.303044],[-122.771914,45.303072],[-122.772035,45.303139],[-122.772113,45.303232],[-122.77211,45.303333],[-122.772021,45.303427],[-122.771814,45.303606],[-122.771558,45.303846],[-122.77138,45.304026],[-122.771263,45.304152],[-122.771048,45.304338],[-122.770955,45.304325],[-122.770964,45.304415],[-122.770685,45.304652],[-122.770485,45.304825],[-122.770344,45.304956],[-122.770112,45.305218],[-122.769985,45.305413],[-122.769861,45.305706],[-122.769803,45.305939],[-122.76978,45.306152],[-122.769784,45.306733],[-122.769781,45.307111],[-122.769781,45.307491],[-122.769784,45.308853],[-122.769783,45.309587],[-122.769827,45.309793],[-122.769833,45.310155],[-122.769861,45.310236],[-122.769971,45.310249],[-122.770464,45.310243],[-122.770961,45.310227],[-122.772339,45.310234],[-122.772818,45.310231],[-122.773891,45.310216],[-122.774754,45.310229],[-122.775609,45.310226],[-122.775709,45.310246],[-122.775741,45.310316],[-122.77572,45.310451],[-122.77567,45.310492]]}},{"type":"Feature","properties":{"agency":"SMART","shape_id":"23304"},"geometry":{"type":"LineString","coordinates":[[-123.03502,44.941193],[-123.035733,44.941316],[-123.036275,44.941449],[-123.037178,44.93956],[-123.03084,44.937883],[-123.03059,44.937789],[-123.030274,44.937772],[-123.02837,44.93732],[-123.027792,44.938469],[-123.028568,44.938679],[-123.028885,44.938763],[-123.029645,44.938944],[-123.03064,44.939201],[-123.031751,44.939487],[-123.031191,44.940531],[-123.031072,44.940826],[-123.030741,44.941497],[-123.030657,44.941617],[-123.030121,44.941507],[-123.029217,44.941303],[-123.028548,44.941135],[-123.027374,44.940856],[-123.026988,44.941571],[-123.026784,44.941692],[-123.026868,44.941781],[-123.026148,44.943205],[-123.024556,44.946323],[-123.023181,44.949032],[-123.015217,44.948696],[-123.012803,44.948686],[-123.012065,44.948759],[-123.010571,44.948805],[-122.999866,44.949894],[-122.997633,44.950089],[-122.996759,44.950122],[-122.996608,44.95013],[-122.996431,44.950167],[-122.996242,44.950158],[-122.996059,44.950163],[-122.99481,44.950163],[-122.993763,44.950149],[-122.992815,44.950127],[-122.991822,44.950108],[-122.991459,44.950136],[-122.991211,44.950142],[-122.991066,44.950145],[-122.990575,44.950173],[-122.990169,44.9502],[-122.990049,44.950252],[-122.989978,44.950323],[-122.98985,44.950489],[-122.989782,44.9506],[-122.989743,44.950668],[-122.989689,44.950763],[-122.989698,44.951097],[-122.989701,44.951741],[-122.989757,44.952239],[-122.989823,44.953652],[-122.989848,44.954173],[-122.989889,44.954807],[-122.989905,44.955158],[-122.989918,44.955381],[-122.989951,44.955913],[-122.99003,44.956456],[-122.990031,44.96206],[-122.990028,44.964304],[-122.990035,44.966761],[-122.990033,44.967971],[-122.990042,44.968566],[-122.990028,44.973281],[-122.990049,44.974034],[-122.990114,44.974692],[-122.990192,44.975133],[-122.990368,44.975779],[-122.990594,44.976413],[-122.990828,44.976973],[-122.991132,44.977671],[-122.991505,44.978526],[-122.991798,44.979192],[-122.992237,44.980212],[-122.992939,44.981812],[-122.993443,44.982974],[-122.99419,44.984672],[-122.994664,44.985768],[-122.994875,44.986162],[-122.99543,44.987093],[-122.996175,44.987988],[-122.997588,44.989626],[-122.997814,44.989881],[-122.998445,44.990622],[-122.999157,44.991552],[-122.999386,44.991906],[-122.999845,44.992756],[-123.000091,44.993366],[-123.000271,44.993937],[-123.000341,44.994204],[-123.000419,44.994574],[-123.000477,44.994986],[-123.000522,44.995605],[-123.000517,44.996173],[-123.000467,44.996725],[-123.000412,44.997054],[-123.000261,44.997721],[-123.000058,44.998335],[-122.999881,44.998753],[-122.999632,44.999277],[-122.999307,44.999894],[-122.998899,45.000645],[-122.99854,45.001301],[-122.997897,45.002453],[-122.997555,45.003112],[-122.997223,45.003727],[-122.996506,45.005056],[-122.996173,45.005687],[-122.995835,45.006305],[-122.995265,45.007368],[-122.994882,45.008081],[-122.992766,45.012014],[-122.992457,45.012581],[-122.992005,45.01341],[-122.991032,45.015241],[-122.989889,45.017369],[-122.989129,45.018773],[-122.988398,45.020135],[-122.987667,45.021488],[-122.985389,45.025721],[-122.984262,45.027816],[-122.983504,45.029227],[-122.983157,45.029862],[-122.980916,45.034029],[-122.978651,45.038218],[-122.974295,45.046314],[-122.97236,45.049904],[-122.971359,45.051759],[-122.970873,45.052663],[-122.970332,45.053655],[-122.969289,45.055594],[-122.967952,45.058066],[-122.965684,45.062269],[-122.963095,45.067067],[-122.961004,45.070931],[-122.960652,45.071543],[-122.960484,45.071817],[-122.960337,45.072041],[-122.960186,45.072264],[-122.960051,45.072462],[-122.959716,45.072906],[-122.959487,45.073206],[-122.959282,45.073444],[-122.958841,45.073943],[-122.95859,45.074215],[-122.958309,45.074502],[-122.957954,45.074856],[-122.951543,45.081149],[-122.949992,45.082678],[-122.948379,45.08425],[-122.946681,45.085913],[-122.945306,45.087262],[-122.942139,45.090385],[-122.938989,45.09349],[-122.93268,45.099712],[-122.932109,45.100275],[-122.931505,45.100869],[-122.93097,45.101391],[-122.930414,45.101939],[-122.924479,45.107786],[-122.921508,45.110703],[-122.918504,45.113656],[-122.912586,45.119474],[-122.909591,45.122418],[-122.908106,45.12389],[-122.906649,45.125323],[-122.900716,45.13115],[-122.897727,45.134083],[-122.896254,45.13553],[-122.895471,45.136304],[-122.89448,45.137277],[-122.889105,45.142549],[-122.886244,45.145357],[-122.884588,45.146989],[-122.88375,45.147814],[-122.87973,45.151758],[-122.878505,45.15296],[-122.876475,45.154954],[-122.874414,45.156977],[-122.872318,45.159027],[-122.870245,45.161065],[-122.868142,45.163127],[-122.863618,45.167565],[-122.861437,45.169707],[-122.860625,45.170499],[-122.858902,45.172191],[-122.857993,45.173083],[-122.857067,45.173986],[-122.85529,45.175733],[-122.851711,45.179234],[-122.847636,45.183232],[-122.844148,45.186649],[-122.842431,45.188336],[-122.841426,45.189316],[-122.84079,45.189939],[-122.840169,45.190553],[-122.838949,45.191816],[-122.838432,45.192364],[-122.837518,45.193384],[-122.836924,45.194065],[-122.836549,45.194503],[-122.836174,45.194956],[-122.835848,45.195355],[-122.835356,45.195958],[-122.834701,45.196803],[-122.833906,45.197866],[-122.833349,45.198646],[-122.832769,45.199464],[-122.830742,45.202382],[-122.828681,45.205325],[-122.82843,45.205687],[-122.824703,45.211023],[-122.822661,45.213941],[-122.821413,45.215708],[-122.820877,45.216476],[-122.820055,45.217651],[-122.819303,45.218727],[-122.818557,45.219794],[-122.817796,45.220884],[-122.816424,45.222844],[-122.815706,45.223816],[-122.815315,45.224329],[-122.8149,45.224866],[-122.81468,45.225152],[-122.814153,45.225806],[-122.813424,45.226676],[-122.812025,45.228373],[-122.80928,45.231689],[-122.808146,45.233063],[-122.807597,45.233726],[-122.807061,45.234377],[-122.806796,45.234692],[-122.806272,45.235329],[-122.80585,45.235839],[-122.803786,45.238329],[-122.802705,45.239634],[-122.801582,45.240993],[-122.80084,45.24189],[-122.800289,45.242559],[-122.799428,45.243592],[-122.798574,45.244629],[-122.79756,45.245853],[-122.796663,45.246932],[-122.795217,45.248685],[-122.79444,45.249622],[-122.793712,45.250509],[-122.793265,45.251044],[-122.792805,45.251602],[-122.79194,45.252642],[-122.791482,45.253191],[-122.790966,45.25382],[-122.790556,45.254323],[-122.789918,45.255086],[-122.788054,45.257336],[-122.787195,45.258376],[-122.786329,45.259418],[-122.78608,45.259712],[-122.785403,45.260542],[-122.784892,45.261158],[-122.784157,45.262047],[-122.783613,45.262702],[-122.781585,45.265148],[-122.780417,45.266559],[-122.779772,45.267336],[-122.779177,45.268064],[-122.778081,45.269396],[-122.777447,45.270169],[-122.776677,45.271132],[-122.775953,45.272012],[-122.7753,45.272809],[-122.77458,45.273676],[-122.773814,45.274605],[-122.773173,45.275375],[-122.772636,45.276023],[-122.772011,45.27678],[-122.771295,45.277645],[-122.770763,45.278287],[-122.770457,45.278655],[-122.770001,45.27929],[-122.769831,45.279562],[-122.769515,45.280267],[-122.769392,45.280647],[-122.769291,45.281769],[-122.769292,45.282325],[-122.769289,45.283393],[-122.769293,45.28567],[-122.769293,45.286537],[-122.769297,45.287204],[-122.769298,45.288483],[-122.76928,45.289736],[-122.769276,45.290158],[-122.769266,45.293331],[-122.769261,45.293978],[-122.769244,45.2944],[-122.769217,45.294967],[-122.769133,45.295938],[-122.769085,45.296509],[-122.769015,45.29942],[-122.768985,45.299819],[-122.768861,45.300853],[-122.768843,45.300997],[-122.768809,45.301214],[-122.768793,45.301503],[-122.768795,45.301751],[-122.768771,45.301976],[-122.768687,45.30247],[-122.768587,45.30284],[-122.768668,45.30301],[-122.770256,45.303029],[-122.770687,45.30302],[-122.771498,45.303028],[-122.771937,45.303087],[-122.772129,45.303309],[-122.771958,45.303473],[-122.771172,45.304219],[-122.770875,45.30448],[-122.770461,45.304844],[-122.770137,45.305189],[-122.769895,45.305609],[-122.769802,45.305958],[-122.769781,45.306188],[-122.769776,45.306711],[-122.769785,45.307662],[-122.769783,45.308608],[-122.769782,45.309431],[-122.769817,45.309801],[-122.769827,45.310206],[-122.771164,45.31023],[-122.772225,45.31023],[-122.773384,45.310217],[-122.774206,45.310208],[-122.775172,45.31022],[-122.775594,45.310231],[-122.775733,45.310306],[-122.77567,45.310492]]}},{"type":"Feature","properties":{"agency":"SMART","shape_id":"24925"},"geometry":{"type":"LineString","coordinates":[[-122.776192,45.310938],[-122.776512,45.310899],[-122.777272,45.310915],[-122.777387,45.310904],[-122.777381,45.31074],[-122.777192,45.310764],[-122.77586,45.31078],[-122.775808,45.310227],[-122.776862,45.310215],[-122.777642,45.310213],[-122.777915,45.310198],[-122.778358,45.310226],[-122.778624,45.310239],[-122.778679,45.310189],[-122.778657,45.310034],[-122.77865,45.309905],[-122.778652,45.309739],[-122.778634,45.309421],[-122.778634,45.309111],[-122.778624,45.30892],[-122.778618,45.308457],[-122.778626,45.3081],[-122.778615,45.307839],[-122.778619,45.307526],[-122.778622,45.307302],[-122.778611,45.307172],[-122.778601,45.307044],[-122.778563,45.306902],[-122.778497,45.306714],[-122.778408,45.306506],[-122.778316,45.306265],[-122.778245,45.30606],[-122.778127,45.30578],[-122.778056,45.305613],[-122.778039,45.305517],[-122.778028,45.305374],[-122.778023,45.305109],[-122.778035,45.30466],[-122.778015,45.304174],[-122.778018,45.303761],[-122.778,45.30337],[-122.777992,45.303111],[-122.777976,45.302911],[-122.777941,45.302855],[-122.77774,45.302847],[-122.776896,45.302887],[-122.775753,45.302893],[-122.774699,45.302882],[-122.773598,45.302867],[-122.772736,45.302843],[-122.772567,45.302819],[-122.771703,45.302792],[-122.770711,45.302781],[-122.770494,45.302734],[-122.770297,45.302575],[-122.770024,45.302127],[-122.769872,45.30166],[-122.769799,45.301265],[-122.769788,45.300692],[-122.769788,45.300075],[-122.769523,45.29621],[-122.769512,45.292467],[-122.76952,45.28504],[-122.76946,45.28322],[-122.76949,45.2822],[-122.769872,45.280603],[-122.770236,45.279836],[-122.77072,45.278838],[-122.771347,45.278045],[-122.77272,45.27638],[-122.77821,45.2698],[-122.78033,45.26712],[-122.78642,45.2599],[-122.7925,45.2526],[-122.80572,45.23664],[-122.80759,45.23429],[-122.81046,45.23082],[-122.81611,45.22385],[-122.82011,45.21827],[-122.82227,45.21508],[-122.82396,45.21272],[-122.8271,45.20818],[-122.83223,45.20111],[-122.83557,45.1964],[-122.83754,45.19402],[-122.84084,45.19053],[-122.8463,45.18516],[-122.85273,45.17882],[-122.85766,45.17396],[-122.86463,45.16725],[-122.86896,45.16283],[-122.87619,45.15564],[-122.87979,45.15212],[-122.88408,45.14801],[-122.88853,45.14354],[-122.89743,45.13489],[-122.91172,45.12084],[-122.92817,45.10459],[-122.933736,45.09917],[-122.95915,45.07418],[-122.96111,45.07152],[-122.96598,45.06244],[-122.97155,45.05228],[-122.98059,45.03535],[-122.98453,45.02817],[-122.99075,45.01651],[-122.99257,45.01328],[-122.99551,45.00783],[-122.99661,45.00569],[-122.9973,45.00455],[-122.99821,45.00268],[-123.00048,44.99829],[-123.00078,44.99734],[-123.00094,44.99619],[-123.00094,44.9956],[-123.00086,44.99488],[-123.00072,44.99415],[-123.00004,44.99246],[-122.99967,44.99182],[-122.99578,44.98702],[-122.99521,44.98596],[-122.99398,44.98362],[-122.99257,44.98013],[-122.991143,44.97697],[-122.99047,44.97503],[-122.9904,44.97465],[-122.990352,44.972886],[-122.9904,44.9637],[-122.990362,44.960432],[-122.99039,44.95905],[-122.990367,44.955368],[-122.990472,44.955],[-122.99078,44.95051],[-122.99083,44.95039],[-122.99103,44.95025],[-122.993227,44.950328],[-122.993479,44.950239],[-122.996245,44.9502],[-122.997779,44.95016],[-123.01091,44.948834],[-123.012055,44.948787],[-123.01424,44.948729],[-123.023097,44.949087],[-123.023723,44.949145],[-123.024884,44.949455],[-123.027333,44.944751],[-123.027711,44.944131],[-123.027678,44.943976],[-123.027801,44.943687],[-123.027964,44.943361],[-123.02832,44.94265],[-123.028407,44.942478],[-123.028518,44.942256],[-123.028656,44.942175],[-123.02902,44.941254],[-123.028548,44.941135],[-123.027427,44.940843],[-123.027401,44.940848],[-123.027041,44.940678],[-123.026823,44.940677],[-123.025572,44.940366],[-123.026668,44.938192],[-123.028717,44.938706],[-123.028885,44.938763],[-123.03502,44.940306],[-123.03467,44.941027],[-123.03502,44.941193]]}},{"type":"Feature","properties":{"agency":"SMART","shape_id":"29568"},"geometry":{"type":"LineString","coordinates":[[-122.775888,45.310459],[-122.77584635069977,45.31030844276999],[-122.77594693353782,45.310220410477264],[-122.77661346247802,45.31021107371091],[-122.77749859145294,45.310208406063104],[-122.77796395471702,45.31020040311893],[-122.7784454112352,45.31022707959513],[-122.77862255624702,45.310221018104286],[-122.7786721771138,45.3101649974838],[-122.77864389289962,45.30946720516372],[-122.77864189343576,45.30898933628544],[-122.7786325057042,45.308746574588106],[-122.77862931451232,45.30814679310941],[-122.77861543020816,45.30742579073223],[-122.7786231407108,45.3071835551],[-122.77858590873768,45.30696244531773],[-122.77836194428492,45.30637285830991],[-122.77805015501036,45.30557652143527],[-122.77803405007704,45.30484927799501],[-122.77801929792744,45.30393537378919],[-122.77801711745896,45.303638732256886],[-122.7779889542643,45.303107806315424],[-122.77795224647562,45.302908737331535],[-122.7777859495167,45.30283403352266],[-122.77648442490607,45.30287938941833],[-122.77514049769653,45.30286621707336],[-122.7735562901176,45.30285421110168],[-122.77321951986208,45.302816859173646],[-122.77226063013926,45.30280218519516],[-122.77106199882454,45.30281786635549],[-122.7706435742182,45.30279118639231],[-122.77050275824492,45.3027351584287],[-122.77032707355444,45.30261509832028],[-122.77014352476856,45.30226785516033],[-122.76992224252484,45.30173024626384],[-122.76980216635285,45.30123379909647],[-122.76978741420324,45.30060063624687],[-122.76979330519346,45.29978498490211],[-122.76973429659512,45.29874973774561],[-122.76953545420098,45.29704801036598],[-122.76948832074508,45.293647394895785],[-122.76949904958114,45.28935081231233],[-122.76951096901666,45.28658562563364],[-122.76951105806435,45.283658219866425],[-122.76955788235212,45.28266438836209],[-122.76974027256512,45.281431322856136],[-122.76986236153738,45.28091845414547],[-122.77016813336508,45.28010706441327],[-122.77069004480352,45.27920697311376],[-122.77154298727028,45.27794180248151],[-122.77192386095038,45.27745343306103],[-122.773041734891,45.27610000573511],[-122.7742051458625,45.27464884405356],[-122.7750476953078,45.27360945357425],[-122.775825532442,45.272673233947295],[-122.77667866265128,45.2716567356818],[-122.77764247474742,45.27054849247405],[-122.77823820807052,45.26983277701233],[-122.77889586059544,45.26903652187469],[-122.7808063336303,45.26671693843513],[-122.78186312398216,45.26544560765888],[-122.78305402478478,45.263976879431134],[-122.7845882483413,45.26213430802142],[-122.78573623379968,45.260767443874336],[-122.78912654599448,45.25665154924342],[-122.79047381745264,45.25504695040164],[-122.79468324265638,45.24995076808654],[-122.7983094377156,45.24561068817082],[-122.80129540989728,45.24198462826176],[-122.80644683315208,45.235749653772295],[-122.80969767047812,45.23179061548515],[-122.81378833697244,45.226792686951285],[-122.81695821323738,45.22277229034079],[-122.82036975912962,45.2179259873373],[-122.8250871473065,45.21114423502366],[-122.82906810183894,45.20547912862687],[-122.83349107258306,45.19910680433972],[-122.83603975957234,45.19571421977565],[-122.84007857083984,45.19123333464139],[-122.84315113363157,45.18814568541827],[-122.84676057150116,45.18464588477948],[-122.84894031201458,45.18246674361141],[-122.85443915092826,45.1770945964798],[-122.85772737783968,45.17384415632017],[-122.86259678588787,45.16906962504497],[-122.86456236830524,45.16716402677472],[-122.8702373672639,45.16171500748187],[-122.8732352593446,45.15868358744725],[-122.87537029772048,45.15667115746538],[-122.87835291414504,45.15372047373425],[-122.87961238623105,45.15284508032236],[-122.88071745634518,45.15239110844534],[-122.88144701719725,45.15221708493369],[-122.88177961111508,45.15210359105287],[-122.88213366270504,45.15178580698415],[-122.8821980357214,45.15143775573294],[-122.88245552778685,45.15121076464139],[-122.8831529021307,45.151142667137634],[-122.88666123152218,45.15106700314917],[-122.89192909002745,45.15099133906023],[-122.89319509268246,45.150840010581],[-122.89369934797726,45.15077947907682],[-122.89382809400998,45.15088540916696],[-122.89412850141964,45.15096107339651],[-122.89433234930478,45.15094594055866],[-122.894375264649,45.150832444146495],[-122.89432162046872,45.15069624815356],[-122.89428663944577,45.15042800359418],[-122.89412570690487,45.14994374626003],[-122.89417935108516,45.149504884497055],[-122.8945441315112,45.148846585516765],[-122.89530587887144,45.14830178061096],[-122.89671326468267,45.147392216489855],[-122.897131689289,45.1468473976832],[-122.89737260719498,45.14630100796319],[-122.89737260719498,45.14569564182371],[-122.89742625137528,45.14418219834923],[-122.89747989555558,45.14335735473946],[-122.89745843788346,45.14291087477975],[-122.89742625137528,45.14247952641306],[-122.89722240349016,45.14241898603026],[-122.89673960586748,45.14240385092453],[-122.8963855542775,45.1424114184779],[-122.89637482544144,45.14263844461207],[-122.8962782659169,45.14288817231552],[-122.896278,45.143251]]}},{"type":"Feature","properties":{"agency":"SMART","shape_id":"29569"},"geometry":{"type":"LineString","coordinates":[[-122.896278,45.143251],[-122.89638642039368,45.143455582020046],[-122.89653662409852,45.14349341907888],[-122.89678875174592,45.14346693314032],[-122.89683703150818,45.14338747525092],[-122.8968423959262,45.14324747774772],[-122.89682630267212,45.14305829138641],[-122.89681557383608,45.14283126692412],[-122.89681020941804,45.142698835570286],[-122.89672437872956,45.14264207918163],[-122.8964776155002,45.14259289026573],[-122.89637350151956,45.14258124774131],[-122.89634131501136,45.14246773467335],[-122.89695285866676,45.14247530221824],[-122.89727472374857,45.14248665353371],[-122.89733373234688,45.14273259814702],[-122.8972854525846,45.14415148866006],[-122.89728008816658,45.14564979870582],[-122.8971942574781,45.14637623788593],[-122.8970565661804,45.14674897737486],[-122.89652548879543,45.14742621780199],[-122.8954901561157,45.148111016979605],[-122.89442842566793,45.14885800877004],[-122.89414411151236,45.14929309219417],[-122.89402072989766,45.14987572044757],[-122.89394562804524,45.15029187983941],[-122.89384370410268,45.150511308113465],[-122.89324288928334,45.15070046974064],[-122.89227729403798,45.15086314823789],[-122.89066793136644,45.15092268481235],[-122.88912297897387,45.1509416008668],[-122.88743558349609,45.15097817054955],[-122.88586380901336,45.15097060413339],[-122.88341226997376,45.1510349186388],[-122.88156645223285,45.15106140106111],[-122.88015024587295,45.15102735223015],[-122.8788413278737,45.15101978582054],[-122.87735538407944,45.150997086585576],[-122.87679718126162,45.151002711722754],[-122.87656651128634,45.15101027813466],[-122.87608371366366,45.15101406134024],[-122.87599654187068,45.15100933233322],[-122.87582622159825,45.15105189338216],[-122.87575514305934,45.15115214817188],[-122.87575916637286,45.15122308305804],[-122.8758737851069,45.1515267735896],[-122.87591938266016,45.15168472077739],[-122.87595291027284,45.15182154341524],[-122.87596095689987,45.15209298391408],[-122.87595754384272,45.152318340211714],[-122.8760608088898,45.1523353642441],[-122.8764202248978,45.15232590644897],[-122.87680243968242,45.15226159340039],[-122.87725170969242,45.15224173200305],[-122.877356315844,45.15219822606093],[-122.87739923118824,45.15212350925674],[-122.87740325450176,45.15185490626559],[-122.87740191339724,45.15171871271598],[-122.87738313793416,45.15165534477294],[-122.87717124342196,45.15165061581912],[-122.877038,45.151614],[-122.87693722068542,45.151645413969504],[-122.87666028260465,45.15164635976039],[-122.87631830095523,45.15164068501488],[-122.876039707905,45.15163948767632],[-122.87597935820216,45.15159929154532],[-122.87593354925043,45.15136728094091],[-122.87601133331188,45.15121406186381],[-122.8762949769152,45.15111096978382],[-122.87684214755424,45.15110860528439],[-122.8774669683807,45.151145302638085],[-122.87871878352338,45.15117628705097],[-122.8790634473818,45.151253842489176],[-122.87909359201278,45.1514383075849],[-122.87876394884069,45.15203374712373],[-122.8780665744968,45.153055185166615],[-122.87698038389964,45.15422755688051],[-122.87602015307232,45.15535487738704],[-122.87483659989972,45.1565590138093],[-122.87318855627292,45.15814645463751],[-122.87057072027436,45.16071865432694],[-122.86834874260398,45.16288758402305],[-122.86412943725392,45.16708501964271],[-122.85925139523916,45.171768370700754],[-122.85275412171346,45.17816492515057],[-122.8482377498093,45.18260707527255],[-122.84607052492528,45.18467152268975],[-122.84345050628748,45.18728187097828],[-122.84069162251068,45.18999275033707],[-122.8382132696984,45.19259374718602],[-122.83619184708836,45.19487679883117],[-122.83473164986027,45.19674393339864],[-122.83222611498188,45.20028211292397],[-122.8298376411764,45.20363436677317],[-122.82782157679186,45.20653382446615],[-122.82439452834736,45.21143827988957],[-122.8224498719466,45.21412183503763],[-122.8165884502668,45.222573598810925],[-122.81272606928536,45.22753071235252],[-122.81124548990913,45.22929884642841],[-122.80902594784187,45.23188421597339],[-122.80794233539986,45.23319888687906],[-122.80629009464668,45.235253943689365],[-122.80469507954912,45.23725635129567],[-122.80211159759716,45.24026886604776],[-122.8002125936146,45.24258806634399],[-122.79830317364602,45.24489129581931],[-122.796982192732,45.24652961557568],[-122.79507844337888,45.248820283344905],[-122.79376892830622,45.25042158584784],[-122.79237417961848,45.25206816012415],[-122.79126910950434,45.25346544488708],[-122.79001383568536,45.25496843173987],[-122.78869044868593,45.25652461639547],[-122.78752100555542,45.25795955252429],[-122.78581512062196,45.259998609909],[-122.78358692433734,45.2627573917221],[-122.78225654866596,45.26441115967687],[-122.78114074971576,45.265717526787256],[-122.77951620522002,45.26763426060844],[-122.77827166023712,45.26910666956904],[-122.7767615459532,45.2710056862713],[-122.77522732239667,45.27281021862746],[-122.77439505297887,45.273858440005945],[-122.77297884661904,45.2755420840078],[-122.7717654043898,45.277067845295065],[-122.77054231707902,45.27856265791142],[-122.77009170596452,45.27921858358669],[-122.76959817950578,45.27994457578812],[-122.7694050604567,45.28053176856765],[-122.76927238450226,45.28167467647262],[-122.76925092683014,45.28274226263294],[-122.76928574552912,45.28473766665923],[-122.76926999662766,45.28720725149901],[-122.7692797795248,45.29401831035116],[-122.76905981498788,45.296550269979],[-122.76904676393684,45.29980500691007],[-122.7688429160517,45.30117728503976],[-122.76874099210912,45.30228185645933],[-122.76859615282233,45.30273541820096],[-122.7686283393305,45.302964865699884],[-122.76886973814185,45.30303956933635],[-122.7712351694929,45.30300631888286],[-122.77187889965649,45.30303299874482],[-122.77205056103342,45.30325177313932],[-122.77190572174662,45.303593272945655],[-122.77123589405537,45.304204161561074],[-122.77075309643268,45.30460434971643],[-122.7700464293286,45.30536962815529],[-122.76985331027952,45.30573245807621],[-122.76981039493528,45.30625002026793],[-122.7697628097895,45.308928762126186],[-122.76979231408866,45.30975431500824],[-122.7698366510891,45.30981495699472],[-122.76982994556656,45.31018576140978],[-122.76992114067306,45.31023911436339],[-122.7700364756607,45.31023644671689],[-122.77128906727066,45.31022310848259],[-122.77304678859184,45.31022557487336],[-122.7756708969548,45.31023655613286],[-122.77571835460532,45.31030400324314],[-122.77572237791884,45.31041871179202],[-122.77566075325012,45.31049045168093],[-122.77567,45.310492]]}},{"type":"Feature","properties":{"agency":"SMART","shape_id":"29571"},"geometry":{"type":"LineString","coordinates":[[-122.775888,45.310459],[-122.775846,45.310308],[-122.775947,45.31022],[-122.776613,45.310211],[-122.777499,45.310208],[-122.777964,45.3102],[-122.778445,45.310227],[-122.778623,45.310221],[-122.778672,45.310165],[-122.778644,45.309467],[-122.778642,45.308989],[-122.778633,45.308747],[-122.778629,45.308147],[-122.778615,45.307426],[-122.778623,45.307184],[-122.778586,45.306962],[-122.778362,45.306373],[-122.77805,45.305577],[-122.778034,45.304849],[-122.778019,45.303935],[-122.778017,45.303639],[-122.777989,45.303108],[-122.777952,45.302909],[-122.777786,45.302834],[-122.776484,45.302879],[-122.77514,45.302866],[-122.773556,45.302854],[-122.77322,45.302817],[-122.772261,45.302802],[-122.771062,45.302818],[-122.770644,45.302791],[-122.770503,45.302735],[-122.770327,45.302615],[-122.770144,45.302268],[-122.769922,45.30173],[-122.769802,45.301234],[-122.769787,45.300601],[-122.769793,45.299785],[-122.769734,45.29875],[-122.769535,45.297048],[-122.769488,45.293647],[-122.769499,45.289351],[-122.769511,45.286586],[-122.769511,45.283658],[-122.769558,45.282664],[-122.76974,45.281431],[-122.769862,45.280918],[-122.770168,45.280107],[-122.77069,45.279207],[-122.771543,45.277942],[-122.771924,45.277453],[-122.773042,45.2761],[-122.774205,45.274649],[-122.775048,45.273609],[-122.775826,45.272673],[-122.776679,45.271657],[-122.777642,45.270548],[-122.778238,45.269833],[-122.778896,45.269037],[-122.780806,45.266717],[-122.781863,45.265446],[-122.783054,45.263977],[-122.784588,45.262134],[-122.785736,45.260767],[-122.789127,45.256652],[-122.790474,45.255047],[-122.794683,45.249951],[-122.798309,45.245611],[-122.801295,45.241985],[-122.806447,45.23575],[-122.809698,45.231791],[-122.813788,45.226793],[-122.816958,45.222772],[-122.82037,45.217926],[-122.825087,45.211144],[-122.829068,45.205479],[-122.833491,45.199107],[-122.83604,45.195714],[-122.840079,45.191233],[-122.843151,45.188146],[-122.846761,45.184646],[-122.84894,45.182467],[-122.854439,45.177095],[-122.857727,45.173844],[-122.862597,45.16907],[-122.864562,45.167164],[-122.870237,45.161715],[-122.873235,45.158684],[-122.87537,45.156671],[-122.878353,45.15372],[-122.879612,45.152845],[-122.880717,45.152391],[-122.881447,45.152217],[-122.88178,45.152104],[-122.882134,45.151786],[-122.882198,45.151438],[-122.882113,45.151101],[-122.878078,45.150991],[-122.876801,45.151023],[-122.875873,45.150989],[-122.875733,45.151178],[-122.875878,45.151514],[-122.875959,45.151826],[-122.875932,45.152313],[-122.876085,45.152331],[-122.876619,45.152299],[-122.876825,45.152259],[-122.87719,45.152253],[-122.877348,45.152208],[-122.877393,45.152125],[-122.877406,45.151925],[-122.877404,45.151747],[-122.877323,45.15167],[-122.877038,45.151614],[-122.876768,45.151637],[-122.876014,45.151627],[-122.87596,45.151518],[-122.875945,45.151284],[-122.876161,45.151118],[-122.877481,45.151095],[-122.883153,45.151135],[-122.886661,45.151067],[-122.891929,45.150991],[-122.893195,45.15084],[-122.893699,45.150779],[-122.893828,45.150885],[-122.894129,45.150961],[-122.894332,45.150946],[-122.894375,45.150832],[-122.894322,45.150696],[-122.894287,45.150428],[-122.894126,45.149944],[-122.894179,45.149505],[-122.894544,45.148847],[-122.895306,45.148302],[-122.896713,45.147392],[-122.897132,45.146847],[-122.897373,45.146301],[-122.897373,45.145696],[-122.897426,45.144182],[-122.89748,45.143357],[-122.897458,45.142911],[-122.897426,45.14248],[-122.897222,45.142419],[-122.89674,45.142404],[-122.896386,45.142411],[-122.896375,45.142638],[-122.896278,45.142888],[-122.896278,45.143251]]}},{"type":"Feature","properties":{"agency":"SMART","shape_id":"29944"},"geometry":{"type":"LineString","coordinates":[[-122.776668,45.310932],[-122.777141,45.310883],[-122.777334,45.310922],[-122.777451,45.310863],[-122.777409,45.310753],[-122.777238,45.31075],[-122.776977,45.31083],[-122.775978,45.310838],[-122.775858,45.310794],[-122.775831,45.310706],[-122.775835,45.310241],[-122.776769,45.310204],[-122.777662,45.310212],[-122.777941,45.310204],[-122.778403,45.310232],[-122.77851,45.310227],[-122.778631,45.310202],[-122.778666,45.310125],[-122.778659,45.309994],[-122.778656,45.309708],[-122.778642,45.309564],[-122.778647,45.309045],[-122.77865,45.308609],[-122.778632,45.308134],[-122.778634,45.30774],[-122.778623,45.307286],[-122.778612,45.30711],[-122.778556,45.30691],[-122.778403,45.306516],[-122.778285,45.306163],[-122.778137,45.305814],[-122.778041,45.305488],[-122.778026,45.305246],[-122.778025,45.304646],[-122.778035,45.304213],[-122.778026,45.303752],[-122.778034,45.303659],[-122.778027,45.303421],[-122.777985,45.303138],[-122.777971,45.302925],[-122.777901,45.302878],[-122.777692,45.302871],[-122.777269,45.302878],[-122.776382,45.302906],[-122.775148,45.302882],[-122.77363,45.30285],[-122.773477,45.302789],[-122.77331,45.30285],[-122.772925,45.302835],[-122.772615,45.302817],[-122.772543,45.302786],[-122.772046,45.302776],[-122.77163,45.302781],[-122.771134,45.302777],[-122.770798,45.302773],[-122.77057,45.302755],[-122.770498,45.302729],[-122.77041,45.302685],[-122.77033,45.302597],[-122.770243,45.302411],[-122.770122,45.302186],[-122.770017,45.301969],[-122.769889,45.301598],[-122.769829,45.301232],[-122.76982,45.301005],[-122.769814,45.300714],[-122.769818,45.300399],[-122.769803,45.299983],[-122.769787,45.299476],[-122.769742,45.298974],[-122.769724,45.298682],[-122.769699,45.298389],[-122.769661,45.297881],[-122.76961,45.297169],[-122.769562,45.296576],[-122.769522,45.295177],[-122.769526,45.294032],[-122.769531,45.293093],[-122.769516,45.290155],[-122.76952,45.28862],[-122.769495,45.287634],[-122.769498,45.286994],[-122.769537,45.285449],[-122.76959,45.284954],[-122.769607,45.284792],[-122.769667,45.284264],[-122.769697,45.284108],[-122.769736,45.283925],[-122.769857,45.283543],[-122.770001,45.283234],[-122.77016,45.282925],[-122.770256,45.282726],[-122.770349,45.28251],[-122.770507,45.282014],[-122.770563,45.281635],[-122.770583,45.281137],[-122.77053,45.280788],[-122.770421,45.280357],[-122.770137,45.279512],[-122.770011,45.279101],[-122.769894,45.278767],[-122.769568,45.277782],[-122.769356,45.277119],[-122.769265,45.276763],[-122.769209,45.276469],[-122.769165,45.276222],[-122.769147,45.276046],[-122.769099,45.275542],[-122.769103,45.275087],[-122.76909,45.274238],[-122.769099,45.273006],[-122.769101,45.272302],[-122.76909,45.271077],[-122.769091,45.270173],[-122.769093,45.269393],[-122.76909,45.268471],[-122.769089,45.266701],[-122.769087,45.26495],[-122.769088,45.264335],[-122.769077,45.263586],[-122.769082,45.262995],[-122.769093,45.262197],[-122.769114,45.261493],[-122.769164,45.261025],[-122.769253,45.260511],[-122.769339,45.259979],[-122.769395,45.259676],[-122.769394,45.259581],[-122.769342,45.259527],[-122.769281,45.259494],[-122.76913,45.259488],[-122.768484,45.259508],[-122.7673,45.259516],[-122.765688,45.259541],[-122.764639,45.259536],[-122.764113,45.259527],[-122.763723,45.259532],[-122.76365,45.259476],[-122.763556,45.259532],[-122.763338,45.259534],[-122.762312,45.25955],[-122.761726,45.259539],[-122.759968,45.259539],[-122.754911,45.259538],[-122.752915,45.259545],[-122.750858,45.25954],[-122.748729,45.259542],[-122.746934,45.259545],[-122.745192,45.259537],[-122.743821,45.259537],[-122.7423,45.259536],[-122.740596,45.259533],[-122.738595,45.259528],[-122.737449,45.25952],[-122.73586,45.259517],[-122.735115,45.259521],[-122.734813,45.259544],[-122.734379,45.259632],[-122.734118,45.259716],[-122.733848,45.25982],[-122.733729,45.259884],[-122.733574,45.25998],[-122.733422,45.260101],[-122.733291,45.260224],[-122.73318,45.26035],[-122.733041,45.260542],[-122.732963,45.260749],[-122.732911,45.260991],[-122.732889,45.261361],[-122.732887,45.261667],[-122.732887,45.262184],[-122.732908,45.262639],[-122.732911,45.26332],[-122.732923,45.264053],[-122.732931,45.26473],[-122.732953,45.265487],[-122.732954,45.266151],[-122.732963,45.266345],[-122.732953,45.266447],[-122.732915,45.266533],[-122.732857,45.266599],[-122.732761,45.266675],[-122.732631,45.266727],[-122.732498,45.266758],[-122.732383,45.266761],[-122.73124,45.266748],[-122.729966,45.266745],[-122.72802,45.266744],[-122.726359,45.26674],[-122.725006,45.266743],[-122.723961,45.266746],[-122.722826,45.266735],[-122.722527,45.266742],[-122.721827,45.266747],[-122.71986,45.26673],[-122.717809,45.266725],[-122.71571,45.266723],[-122.714714,45.266731],[-122.714372,45.266732],[-122.71406,45.26674],[-122.713766,45.266763],[-122.713387,45.266813],[-122.713025,45.266867],[-122.712667,45.26692],[-122.712017,45.267027],[-122.710754,45.267216],[-122.709888,45.267354],[-122.708673,45.267537],[-122.708086,45.267612],[-122.707641,45.267646],[-122.707451,45.267649],[-122.707121,45.26764],[-122.706829,45.267612],[-122.706403,45.267555],[-122.705991,45.267497],[-122.70593,45.26745],[-122.705837,45.267479],[-122.705378,45.267424],[-122.704807,45.267347],[-122.704388,45.267295],[-122.704328,45.267277],[-122.704342,45.267197],[-122.704381,45.266983],[-122.704421,45.266954],[-122.704389,45.266918],[-122.704436,45.266566],[-122.704449,45.266241],[-122.704483,45.266032],[-122.70449,45.265825],[-122.704465,45.265767],[-122.704345,45.265604],[-122.704223,45.265416],[-122.704073,45.265212],[-122.70392,45.264988],[-122.703942,45.264954],[-122.703881,45.264931],[-122.703623,45.264574],[-122.703267,45.264056],[-122.703014,45.263692],[-122.702876,45.263505],[-122.702707,45.263239],[-122.70272,45.263202],[-122.702659,45.263191],[-122.702482,45.262958],[-122.702347,45.262744],[-122.702161,45.262465],[-122.701868,45.262083],[-122.701579,45.261687],[-122.701499,45.261585],[-122.701359,45.261374],[-122.701285,45.261267],[-122.7013,45.261232],[-122.701256,45.261218],[-122.701135,45.261051],[-122.701048,45.260916],[-122.700982,45.260838],[-122.700928,45.260813],[-122.700823,45.26082],[-122.700651,45.260879],[-122.699814,45.261185],[-122.699219,45.261401],[-122.69861,45.261615],[-122.698514,45.261586],[-122.698507,45.261662],[-122.698184,45.26177],[-122.697186,45.262129],[-122.696866,45.26224],[-122.696375,45.262426],[-122.695918,45.262599],[-122.695341,45.262803],[-122.694969,45.262924],[-122.694903,45.262918],[-122.694886,45.262955],[-122.694652,45.263051],[-122.694252,45.263199],[-122.693805,45.263354],[-122.693496,45.263472],[-122.693286,45.263553],[-122.693199,45.263563],[-122.693117,45.263549],[-122.693039,45.263441],[-122.692908,45.263272],[-122.692736,45.263024],[-122.692699,45.262988],[-122.692651,45.262968],[-122.692557,45.26299],[-122.692438,45.263039],[-122.692196,45.26312],[-122.692055,45.263114],[-122.691724,45.263213],[-122.691596,45.263202]]}},{"type":"Feature","properties":{"agency":"SMART","shape_id":"30424"},"geometry":{"type":"LineString","coordinates":[[-122.776437,45.310929],[-122.776686,45.310896],[-122.777142,45.310899],[-122.777321,45.310925],[-122.777433,45.310873],[-122.777436,45.310784],[-122.777344,45.310732],[-122.777173,45.310804],[-122.776395,45.310839],[-122.775915,45.310817],[-122.775824,45.310749],[-122.775794,45.310157],[-122.775058,45.310173],[-122.77466,45.310169],[-122.772994,45.310176],[-122.771523,45.310177],[-122.771484,45.310154],[-122.771453,45.310179],[-122.771055,45.310195],[-122.769896,45.310194],[-122.769877,45.308815],[-122.769885,45.307463],[-122.769868,45.306329],[-122.7699,45.305889],[-122.770005,45.305569],[-122.770253,45.305179],[-122.770479,45.304939],[-122.770914,45.304558],[-122.770979,45.304564],[-122.771003,45.304483],[-122.771799,45.303734],[-122.771926,45.30363],[-122.772092,45.30347],[-122.772498,45.303109],[-122.772634,45.302965],[-122.772646,45.302876],[-122.772578,45.30282],[-122.772438,45.302801],[-122.772257,45.302809],[-122.771776,45.302812],[-122.769025,45.302827],[-122.767005,45.302824],[-122.765827,45.302829],[-122.7655,45.302825],[-122.76542,45.302766],[-122.765359,45.302831],[-122.764968,45.302838],[-122.763969,45.302863],[-122.76313,45.302873],[-122.762873,45.302875],[-122.762799,45.302824],[-122.762745,45.302878],[-122.762537,45.302871],[-122.762011,45.302879],[-122.761431,45.302893],[-122.760336,45.302939],[-122.760253,45.303033],[-122.76025,45.303204],[-122.760247,45.303385],[-122.760208,45.303549],[-122.760151,45.303683],[-122.760072,45.303829],[-122.759943,45.303972],[-122.759698,45.304154],[-122.759599,45.304126],[-122.759622,45.304225],[-122.759493,45.304391],[-122.759417,45.30458],[-122.759444,45.304764],[-122.759449,45.305068],[-122.759646,45.305089],[-122.76026,45.30509],[-122.760563,45.305092],[-122.76098,45.305155],[-122.761004,45.305254],[-122.761148,45.305239],[-122.76139,45.305399],[-122.761601,45.305551],[-122.761739,45.305627],[-122.762034,45.3057],[-122.762617,45.305719],[-122.762658,45.305775],[-122.762714,45.305725],[-122.763259,45.30572],[-122.763723,45.305715],[-122.763982,45.305719],[-122.764202,45.305744],[-122.764219,45.305795],[-122.764018,45.306054],[-122.764001,45.306174],[-122.764006,45.306253],[-122.764045,45.306367],[-122.764145,45.306487],[-122.764256,45.306585],[-122.764229,45.306658],[-122.764311,45.306645],[-122.764428,45.306739],[-122.764483,45.306845],[-122.764497,45.307205],[-122.764498,45.307738],[-122.764499,45.307982],[-122.764478,45.308079],[-122.76438,45.308164],[-122.764353,45.308244],[-122.764362,45.308326],[-122.76434,45.308647],[-122.764331,45.308837],[-122.764263,45.308865],[-122.764327,45.308913],[-122.764331,45.308967],[-122.764332,45.309288],[-122.764326,45.309952],[-122.764303,45.310292],[-122.764209,45.310336],[-122.764302,45.310374],[-122.764318,45.310484],[-122.764328,45.310928],[-122.76433,45.311342],[-122.764326,45.311913],[-122.764323,45.312687],[-122.764316,45.313342],[-122.764253,45.313373],[-122.764316,45.313399],[-122.764322,45.313584],[-122.764325,45.31379],[-122.764332,45.313942],[-122.764353,45.314081],[-122.764483,45.314434],[-122.764748,45.315034],[-122.764896,45.315369],[-122.764838,45.315449],[-122.764944,45.315476],[-122.764996,45.315604],[-122.765132,45.31592],[-122.765252,45.3162],[-122.765525,45.31675],[-122.76576,45.317097],[-122.765809,45.317229],[-122.765831,45.317303],[-122.765865,45.317415],[-122.765625,45.317415],[-122.764981,45.317404],[-122.762955,45.317435],[-122.760585,45.317435],[-122.759324,45.317439],[-122.75833573743438,45.31745988607059],[-122.758212,45.317434],[-122.7580385509262,45.317460886070535],[-122.757831,45.317375],[-122.757635,45.31739],[-122.757553,45.317468],[-122.757544,45.317568],[-122.757646,45.317667],[-122.757718,45.317738],[-122.757688,45.318111],[-122.757698,45.318188],[-122.757712,45.31873],[-122.757708,45.319337],[-122.757712,45.319985],[-122.757723,45.320631],[-122.757718,45.321506],[-122.757725,45.32261],[-122.757736,45.323788],[-122.757722,45.324167],[-122.757664,45.32448],[-122.757592,45.324514],[-122.757663,45.324551],[-122.757616,45.324977],[-122.757568,45.325884],[-122.757501,45.326495],[-122.757348,45.327446],[-122.757274,45.327478],[-122.757336,45.327538],[-122.757323,45.328346],[-122.757284,45.328646],[-122.757247,45.328787],[-122.757212,45.328895],[-122.757146,45.329044],[-122.757098,45.329193],[-122.757081,45.329277],[-122.757058,45.329404],[-122.757049,45.329566],[-122.756988,45.329615],[-122.757046,45.329663],[-122.757088,45.329803],[-122.757121,45.32996],[-122.757177,45.330124],[-122.757388,45.330472],[-122.757615,45.330748],[-122.757746,45.330964],[-122.757807,45.331101],[-122.757863,45.331296],[-122.757921,45.331481],[-122.757902,45.331678],[-122.757835,45.331939],[-122.758027,45.331944],[-122.758923,45.331957],[-122.758957,45.331996],[-122.759032,45.331962],[-122.759484,45.331951],[-122.760399,45.331946],[-122.760744,45.331948],[-122.761112,45.332002],[-122.761423,45.332084],[-122.761706,45.332222],[-122.761724,45.332275],[-122.761782,45.332256],[-122.761892,45.332305],[-122.761905,45.33237],[-122.761842,45.332521],[-122.761779,45.332705],[-122.761773,45.33294],[-122.761821,45.333132],[-122.761893,45.333301],[-122.762045,45.333596],[-122.762112,45.333863],[-122.762043,45.333897],[-122.762118,45.333943],[-122.762113,45.334385],[-122.76205,45.334663],[-122.762013,45.335148],[-122.762008,45.335422],[-122.762056,45.335555],[-122.762156,45.335611],[-122.762282,45.335622],[-122.763529,45.335601],[-122.763808,45.335611],[-122.763843,45.33566],[-122.763915,45.335613],[-122.764355,45.335606],[-122.764552,45.335628],[-122.764923,45.335625],[-122.76593,45.335644],[-122.766596,45.335667],[-122.76738,45.335728],[-122.767741,45.335837],[-122.768197,45.336102],[-122.768455,45.336347],[-122.768581,45.336547],[-122.768725,45.336876],[-122.76877,45.337565],[-122.768773,45.338081],[-122.768756,45.338678],[-122.768732,45.33924],[-122.768648,45.340078],[-122.768548,45.341114],[-122.768443,45.341723],[-122.768299,45.342275],[-122.768154,45.34277],[-122.768025,45.343209],[-122.767874,45.343676],[-122.767543,45.344583],[-122.767176,45.345503],[-122.766838,45.34629],[-122.76623,45.347838],[-122.765585,45.34938],[-122.765163,45.350442],[-122.764747,45.351517],[-122.76377,45.353964],[-122.76275,45.356489],[-122.762179,45.357918],[-122.761281,45.360183],[-122.760709,45.361601],[-122.760406,45.36235],[-122.759852,45.363732],[-122.759623,45.364291],[-122.75889,45.36612],[-122.757728,45.369007],[-122.75735,45.369956],[-122.756755,45.371437],[-122.755396,45.374771],[-122.7547,45.376475],[-122.75421,45.377751],[-122.753536,45.379462],[-122.752892,45.38107],[-122.752506,45.382102],[-122.752163,45.382915],[-122.751568,45.384512],[-122.751285,45.385284],[-122.750645,45.387088],[-122.750231,45.388323],[-122.750044,45.388817],[-122.749573,45.390018],[-122.748711,45.392055],[-122.74848,45.392577],[-122.748335,45.392892],[-122.748123,45.393419],[-122.747882,45.393955],[-122.747642,45.394409],[-122.747179,45.395074],[-122.746908,45.395438],[-122.746604,45.395766],[-122.746218,45.396113],[-122.74606,45.396357],[-122.746005,45.396466],[-122.746063,45.396514],[-122.746188,45.396509],[-122.746766,45.396472],[-122.747773,45.396429],[-122.748187,45.396418],[-122.748496,45.396387],[-122.749062,45.396248],[-122.749291,45.396181],[-122.749857,45.395926],[-122.749907,45.395832],[-122.749861,45.395689],[-122.749486,45.395323],[-122.749173,45.395092],[-122.748965,45.39512],[-122.748767,45.395102],[-122.748739,45.394985],[-122.748765,45.394724],[-122.748773,45.394565]]}},{"type":"Feature","properties":{"agency":"SMART","shape_id":"30735"},"geometry":{"type":"LineString","coordinates":[[-122.568711,45.435664],[-122.56879,45.435511],[-122.569026,45.435565],[-122.56923,45.437039],[-122.569461,45.437162],[-122.572181,45.437215],[-122.572975,45.437423],[-122.57383,45.437435],[-122.574006,45.437505],[-122.574063,45.437415],[-122.5745,45.437423],[-122.57472,45.437425],[-122.574962,45.437356],[-122.575238,45.437284],[-122.575573,45.437303],[-122.576011,45.437303],[-122.576722,45.43725],[-122.577617,45.437188],[-122.578438,45.437215],[-122.579095,45.437207],[-122.579157,45.436826],[-122.579221,45.435809],[-122.579239,45.435137],[-122.579278,45.434471],[-122.579347,45.432875],[-122.579349,45.431917],[-122.579181,45.429902],[-122.5788,45.428478],[-122.578305,45.426917],[-122.577736,45.425411],[-122.577407,45.42447],[-122.576946,45.423139],[-122.575967,45.420433],[-122.575554,45.419202],[-122.575051,45.417935],[-122.574864,45.417346],[-122.5746,45.416398],[-122.574274,45.415453],[-122.573963,45.414731],[-122.573516,45.413282],[-122.573113,45.412201],[-122.572701,45.410947],[-122.572266,45.409748],[-122.57195,45.408822],[-122.571792,45.408375],[-122.571594,45.407736],[-122.571438,45.407177],[-122.571379,45.405729],[-122.571497,45.404776],[-122.571778,45.403476],[-122.57225,45.402293],[-122.572993,45.400541],[-122.573501,45.399307],[-122.574479,45.396919],[-122.575531,45.3943],[-122.577622,45.388967],[-122.579057,45.385284],[-122.579744,45.383174],[-122.580216,45.382044],[-122.58086,45.380476],[-122.581321,45.379806],[-122.582317,45.378576],[-122.584473,45.376948],[-122.586695,45.375392],[-122.588444,45.374103],[-122.590235,45.372793],[-122.591404,45.371881],[-122.592209,45.371127],[-122.593262,45.369833],[-122.594614,45.368333],[-122.596284,45.367135],[-122.597175,45.366743],[-122.598269,45.366585],[-122.599192,45.366638],[-122.600147,45.366751],[-122.600758,45.366766],[-122.601016,45.368771],[-122.600913,45.368806],[-122.600909,45.368851],[-122.600943,45.368921],[-122.600735,45.369005],[-122.600406,45.369001],[-122.600106,45.369],[-122.600098,45.368868],[-122.60005,45.368523],[-122.600043,45.368336],[-122.600097,45.36829],[-122.600796,45.368252],[-122.601123,45.368219],[-122.601142,45.368089],[-122.601066,45.367835],[-122.601024,45.367254],[-122.600978,45.366833],[-122.600924,45.36663],[-122.600477,45.366684],[-122.599771,45.366657],[-122.599551,45.36654],[-122.59943,45.366303],[-122.599554,45.365996],[-122.599975,45.365772],[-122.600699,45.365588],[-122.602133,45.365327],[-122.603627,45.364946],[-122.605651,45.364446],[-122.607166,45.363952],[-122.608471,45.363529],[-122.609317,45.36319],[-122.610381,45.362753],[-122.611346,45.362385],[-122.611934,45.362071],[-122.612762,45.361553],[-122.613193,45.361225],[-122.614195,45.360417],[-122.615315,45.359407],[-122.617524,45.357683],[-122.618764,45.356936],[-122.620525,45.3559],[-122.622735,45.354685],[-122.625665,45.352913],[-122.627656,45.351803],[-122.629083,45.351095],[-122.630993,45.350348],[-122.632957,45.34978],[-122.635457,45.349327],[-122.638418,45.349093],[-122.641639,45.348923],[-122.643613,45.348719],[-122.645866,45.348335],[-122.64696,45.348207],[-122.649159,45.347995],[-122.651859,45.348288],[-122.651943,45.348187],[-122.651866,45.346653],[-122.651844,45.345982],[-122.651758,45.345861],[-122.650911,45.34599],[-122.650482,45.346133],[-122.650353,45.346069],[-122.650197,45.34604],[-122.650127,45.346165],[-122.650272,45.3462],[-122.650441,45.346192],[-122.650734,45.346096],[-122.650906,45.34607],[-122.6512,45.345954],[-122.651707,45.345938],[-122.651825,45.346034],[-122.651795,45.346868],[-122.651795,45.347548],[-122.65182,45.348211],[-122.652021,45.348331],[-122.652399,45.348344],[-122.653676,45.348336],[-122.655436,45.348751],[-122.657297,45.349534],[-122.659935,45.351265],[-122.661033,45.352253],[-122.66224,45.353632],[-122.663383,45.355096],[-122.664868,45.357009],[-122.666602,45.358931],[-122.668344,45.360585],[-122.670308,45.362188],[-122.672223,45.363535],[-122.673608,45.364293],[-122.675476,45.365154],[-122.677806,45.36591],[-122.680981,45.366422],[-122.683395,45.366611],[-122.688397,45.366868],[-122.692152,45.36726],[-122.695886,45.367968],[-122.70095,45.369159],[-122.703723,45.369808],[-122.706057,45.370467],[-122.708255,45.371107],[-122.709719,45.371554],[-122.712115,45.372105],[-122.715414,45.372754],[-122.719323,45.373269],[-122.723485,45.373548],[-122.727112,45.373571],[-122.731527,45.373638],[-122.734634,45.373711],[-122.738217,45.373485],[-122.74076,45.372988],[-122.744167,45.372132],[-122.74701,45.371363],[-122.750475,45.370466],[-122.753662,45.369712],[-122.757524,45.368793],[-122.759075,45.368122],[-122.760148,45.367187],[-122.7607,45.366354],[-122.760915,45.365404],[-122.760893,45.364696],[-122.760879,45.363371],[-122.761147,45.362218],[-122.761522,45.36117],[-122.762366,45.358845],[-122.763138,45.356817],[-122.764641,45.353136],[-122.766512,45.348295],[-122.767826,45.345201],[-122.768579,45.343105],[-122.76903,45.341378],[-122.76948,45.339557],[-122.769847,45.338449],[-122.771391,45.336981],[-122.771142,45.336578],[-122.769178,45.335945],[-122.767097,45.33547],[-122.763893,45.335462],[-122.763624,45.335411],[-122.762477,45.335455],[-122.762058,45.335266],[-122.762101,45.334572],[-122.762251,45.333758],[-122.762101,45.333347],[-122.761887,45.332782],[-122.76209,45.332261],[-122.762809,45.331854],[-122.763711,45.331771],[-122.764644,45.33199],[-122.766253,45.332013],[-122.767605,45.33196],[-122.768292,45.331764],[-122.768829,45.331248],[-122.768893,45.330644],[-122.768904,45.328163],[-122.768864,45.325515],[-122.768864,45.323705],[-122.768563,45.322989],[-122.768188,45.322483],[-122.767661,45.321224],[-122.767382,45.320341],[-122.767178,45.319632],[-122.766912,45.318759],[-122.766568,45.318299],[-122.766171,45.317952],[-122.766032,45.317628],[-122.766032,45.317454],[-122.767759,45.317492],[-122.772108,45.317399],[-122.772116,45.313985],[-122.772083,45.31025],[-122.775194,45.310167],[-122.77575,45.310227],[-122.775731,45.310458],[-122.77567,45.310492]]}},{"type":"Feature","properties":{"agency":"SMART","shape_id":"30736"},"geometry":{"type":"LineString","coordinates":[[-122.568711,45.435664],[-122.568812,45.435557],[-122.569016,45.435602],[-122.569209,45.437032],[-122.56951,45.43716],[-122.571666,45.437198],[-122.572975,45.437454],[-122.573713,45.43746],[-122.574006,45.437505],[-122.574063,45.437436],[-122.5745,45.437423],[-122.57472,45.437425],[-122.574962,45.437356],[-122.575238,45.437284],[-122.575798,45.437282],[-122.57652,45.437245],[-122.577591,45.437175],[-122.578384,45.437199],[-122.579114,45.437167],[-122.57917,45.436909],[-122.57921,45.435995],[-122.579304,45.433693],[-122.579363,45.431859],[-122.579218,45.430413],[-122.578784,45.428419],[-122.578219,45.426774],[-122.577693,45.425215],[-122.577289,45.42395],[-122.576474,45.421565],[-122.575839,45.419823],[-122.575329,45.41857],[-122.574901,45.417461],[-122.574649,45.416405],[-122.574396,45.415758],[-122.57421,45.415227],[-122.573963,45.414731],[-122.573516,45.413282],[-122.573113,45.412201],[-122.572701,45.410947],[-122.572266,45.409748],[-122.57195,45.408822],[-122.571792,45.408375],[-122.571594,45.407736],[-122.571438,45.407177],[-122.571379,45.405729],[-122.571497,45.404776],[-122.571778,45.403476],[-122.57225,45.402293],[-122.572993,45.400541],[-122.573501,45.399307],[-122.574479,45.396919],[-122.575531,45.3943],[-122.577622,45.388967],[-122.579057,45.385284],[-122.579744,45.383174],[-122.580216,45.382044],[-122.58086,45.380476],[-122.581321,45.379806],[-122.582317,45.378576],[-122.584473,45.376948],[-122.586695,45.375392],[-122.588444,45.374103],[-122.590235,45.372793],[-122.591404,45.371881],[-122.592209,45.371127],[-122.593262,45.369833],[-122.594614,45.368333],[-122.596284,45.367135],[-122.597175,45.366743],[-122.598269,45.366585],[-122.599192,45.366638],[-122.600147,45.366751],[-122.600758,45.366766],[-122.601016,45.368771],[-122.600913,45.368806],[-122.600909,45.368851],[-122.600943,45.368921],[-122.600735,45.369005],[-122.600406,45.369001],[-122.600106,45.369],[-122.600098,45.368868],[-122.60005,45.368523],[-122.600043,45.368336],[-122.600097,45.36829],[-122.600796,45.368252],[-122.601123,45.368219],[-122.601142,45.368089],[-122.601066,45.367835],[-122.601024,45.367254],[-122.600978,45.366833],[-122.600924,45.36663],[-122.600477,45.366684],[-122.599771,45.366657],[-122.599551,45.36654],[-122.59943,45.366303],[-122.599554,45.365996],[-122.599975,45.365772],[-122.600699,45.365588],[-122.602133,45.365327],[-122.603627,45.364946],[-122.605651,45.364446],[-122.607166,45.363952],[-122.608471,45.363529],[-122.609317,45.36319],[-122.610381,45.362753],[-122.611346,45.362385],[-122.611934,45.362071],[-122.612762,45.361553],[-122.613193,45.361225],[-122.614195,45.360417],[-122.615315,45.359407],[-122.617524,45.357683],[-122.618764,45.356936],[-122.620525,45.3559],[-122.622735,45.354685],[-122.625665,45.352913],[-122.627656,45.351803],[-122.629083,45.351095],[-122.630993,45.350348],[-122.632957,45.34978],[-122.635457,45.349327],[-122.638418,45.349093],[-122.641639,45.348923],[-122.643613,45.348719],[-122.645866,45.348335],[-122.64696,45.348207],[-122.649159,45.347995],[-122.651859,45.348288],[-122.651943,45.348187],[-122.651866,45.346653],[-122.651844,45.345982],[-122.651758,45.345861],[-122.650911,45.34599],[-122.650482,45.346133],[-122.650353,45.346069],[-122.650197,45.34604],[-122.650127,45.346165],[-122.650272,45.3462],[-122.650441,45.346192],[-122.650734,45.346096],[-122.650906,45.34607],[-122.6512,45.345954],[-122.651707,45.345938],[-122.651825,45.346034],[-122.651795,45.346868],[-122.651795,45.347548],[-122.65182,45.348211],[-122.652021,45.348331],[-122.652399,45.348344],[-122.653676,45.348336],[-122.655436,45.348751],[-122.657297,45.349534],[-122.659935,45.351265],[-122.661033,45.352253],[-122.66224,45.353632],[-122.663383,45.355096],[-122.664868,45.357009],[-122.666602,45.358931],[-122.668344,45.360585],[-122.670308,45.362188],[-122.672223,45.363535],[-122.673608,45.364293],[-122.675476,45.365154],[-122.677806,45.36591],[-122.680981,45.366422],[-122.683395,45.366611],[-122.688397,45.366868],[-122.692152,45.36726],[-122.695886,45.367968],[-122.70095,45.369159],[-122.70361,45.370079],[-122.704383,45.370591],[-122.705263,45.370983],[-122.704254,45.37234],[-122.702663,45.374443],[-122.702255,45.374503],[-122.702019,45.374804],[-122.702298,45.375015],[-122.702705,45.374955],[-122.705039,45.375279],[-122.705784,45.375276],[-122.707049,45.375263],[-122.708023,45.375254],[-122.711626,45.375257],[-122.711626,45.375038],[-122.711664,45.374719],[-122.711769,45.37438],[-122.711688,45.374219],[-122.711705,45.374126],[-122.71156,45.373977],[-122.711509,45.373705],[-122.711205,45.373702],[-122.711165,45.373888],[-122.711363,45.37427],[-122.71165,45.374478],[-122.711573,45.374697],[-122.711444,45.374909],[-122.711446,45.375202],[-122.709689,45.375198],[-122.708761,45.375195],[-122.707587,45.375213],[-122.706517,45.375213],[-122.706069,45.375232],[-122.705304,45.375211],[-122.7047,45.375182],[-122.703855,45.375136],[-122.703533,45.375024],[-122.702946,45.374854],[-122.702764,45.374507],[-122.702933,45.374216],[-122.703388,45.373589],[-122.703935,45.372814],[-122.704546,45.372089],[-122.705327,45.371158],[-122.705461,45.371062],[-122.706561,45.371158],[-122.70789,45.371292],[-122.708802,45.371457],[-122.70936,45.371551],[-122.709698,45.371644],[-122.711227,45.371966],[-122.712115,45.372105],[-122.715414,45.372754],[-122.719323,45.373269],[-122.723485,45.373548],[-122.727112,45.373571],[-122.731527,45.373638],[-122.734634,45.373711],[-122.738217,45.373485],[-122.74076,45.372988],[-122.744167,45.372132],[-122.74701,45.371363],[-122.750475,45.370466],[-122.753662,45.369712],[-122.757524,45.368793],[-122.759075,45.368122],[-122.760148,45.367187],[-122.7607,45.366354],[-122.760915,45.365404],[-122.760893,45.364696],[-122.760879,45.363371],[-122.761147,45.362218],[-122.761522,45.36117],[-122.762366,45.358845],[-122.763138,45.356817],[-122.764641,45.353136],[-122.766512,45.348295],[-122.767826,45.345201],[-122.768579,45.343105],[-122.76903,45.341378],[-122.76948,45.339557],[-122.769847,45.338449],[-122.771391,45.336981],[-122.771142,45.336578],[-122.769178,45.335945],[-122.767097,45.33547],[-122.763893,45.335462],[-122.763624,45.335411],[-122.76348,45.335465],[-122.762477,45.335455],[-122.762058,45.335266],[-122.762101,45.334572],[-122.762251,45.333758],[-122.762101,45.333347],[-122.761887,45.332782],[-122.76209,45.332261],[-122.762809,45.331854],[-122.763711,45.331771],[-122.764644,45.33199],[-122.766253,45.332013],[-122.767605,45.33196],[-122.768292,45.331764],[-122.768829,45.331248],[-122.768893,45.330644],[-122.768904,45.328163],[-122.768864,45.325515],[-122.768864,45.323705],[-122.768563,45.322989],[-122.768188,45.322483],[-122.767661,45.321224],[-122.767382,45.320341],[-122.767178,45.319632],[-122.766912,45.318759],[-122.766568,45.318299],[-122.766171,45.317952],[-122.766032,45.317628],[-122.766032,45.317454],[-122.767759,45.317492],[-122.772108,45.317399],[-122.772116,45.313985],[-122.772083,45.31025],[-122.775194,45.310167],[-122.77575,45.310227],[-122.775731,45.310458],[-122.77567,45.310492]]}},{"type":"Feature","properties":{"agency":"SMART","shape_id":"30737"},"geometry":{"type":"LineString","coordinates":[[-122.775878,45.310622],[-122.775815,45.310188],[-122.772038,45.310196],[-122.772107,45.317402],[-122.765939,45.317417],[-122.765955,45.317681],[-122.766089,45.317949],[-122.7664,45.318269],[-122.76677,45.318688],[-122.766969,45.31928],[-122.76735,45.32069],[-122.76765,45.32164],[-122.767838,45.322108],[-122.768128,45.322625],[-122.768608,45.323507],[-122.768689,45.323771],[-122.768812,45.325173],[-122.768826,45.326964],[-122.768847,45.328692],[-122.768831,45.331046],[-122.768724,45.33129],[-122.768547,45.33155],[-122.768348,45.331697],[-122.76808,45.331833],[-122.767715,45.331935],[-122.767406,45.331979],[-122.766676,45.331983],[-122.76497,45.331986],[-122.764552,45.331975],[-122.764128,45.331839],[-122.763699,45.331749],[-122.763441,45.3317],[-122.762917,45.33175],[-122.762231,45.332063],[-122.761914,45.332402],[-122.761791,45.332655],[-122.762002,45.333336],[-122.762201,45.333818],[-122.76204,45.335581],[-122.763843,45.335661],[-122.763843,45.33566],[-122.765195,45.335611],[-122.76719,45.335679],[-122.767955,45.335938],[-122.768443,45.336334],[-122.76861,45.336644],[-122.768706,45.336934],[-122.768749,45.337477],[-122.768776,45.337813],[-122.76869,45.34008],[-122.768328,45.342194],[-122.767614,45.344373],[-122.766805,45.346402],[-122.765181,45.350526],[-122.763599,45.354156],[-122.762585,45.356794],[-122.761515,45.359336],[-122.760915,45.360982],[-122.75974,45.36377],[-122.759175,45.365094],[-122.758743,45.366019],[-122.758185,45.366743],[-122.757434,45.367481],[-122.756211,45.36819],[-122.754761,45.368742],[-122.745298,45.37135],[-122.740138,45.372692],[-122.736533,45.373174],[-122.734151,45.373295],[-122.730825,45.373159],[-122.728572,45.373159],[-122.725796,45.373129],[-122.721204,45.372933],[-122.71835,45.372646],[-122.716505,45.37236],[-122.713887,45.371953],[-122.710371,45.37116],[-122.708108,45.370504],[-122.706263,45.369939],[-122.703315,45.369114],[-122.698909,45.368021],[-122.695335,45.367324],[-122.693783,45.36707],[-122.689717,45.366452],[-122.686145,45.3663],[-122.683496,45.366136],[-122.682283,45.366001],[-122.680706,45.365756],[-122.678619,45.365319],[-122.67697,45.36479],[-122.675387,45.364294],[-122.674204,45.363761],[-122.672772,45.363058],[-122.671864,45.36251],[-122.670472,45.361638],[-122.669321,45.360813],[-122.66809,45.359768],[-122.666331,45.357876],[-122.664947,45.35627],[-122.664125,45.355297],[-122.662724,45.353378],[-122.66178,45.3523],[-122.660428,45.350988],[-122.658996,45.349943],[-122.657398,45.349046],[-122.656099,45.348194],[-122.654501,45.347531],[-122.653009,45.347071],[-122.651937,45.346731],[-122.651872,45.346407],[-122.651883,45.346053],[-122.651867,45.345916],[-122.651652,45.3459],[-122.651282,45.345905],[-122.650935,45.345984],[-122.650753,45.346037],[-122.650549,45.34613],[-122.650353,45.346096],[-122.650211,45.346072],[-122.650152,45.346154],[-122.650297,45.346226],[-122.650431,45.346208],[-122.650645,45.34616],[-122.650885,45.346048],[-122.650906,45.34607],[-122.651015,45.345992],[-122.651387,45.345942],[-122.651752,45.345943],[-122.651825,45.345964],[-122.651823,45.346116],[-122.651771,45.346638],[-122.651649,45.346739],[-122.651202,45.346788],[-122.649691,45.346973],[-122.647896,45.347401],[-122.645994,45.347956],[-122.643945,45.348364],[-122.642875,45.3485],[-122.64181,45.348609],[-122.639036,45.348772],[-122.63784,45.348836],[-122.635816,45.349018],[-122.633223,45.349468],[-122.630507,45.350184],[-122.62778,45.351304],[-122.625596,45.352507],[-122.624472,45.353182],[-122.621881,45.354762],[-122.619024,45.356539],[-122.616853,45.357936],[-122.615134,45.359376],[-122.613535,45.360767],[-122.612465,45.361571],[-122.611572,45.36208],[-122.610479,45.362594],[-122.609508,45.362951],[-122.607978,45.363609],[-122.606747,45.364018],[-122.604765,45.364551],[-122.601697,45.365251],[-122.600786,45.365338],[-122.60018,45.36528],[-122.599882,45.365146],[-122.599665,45.364925],[-122.599649,45.364741],[-122.599759,45.364474],[-122.600185,45.364317],[-122.600633,45.364354],[-122.600703,45.364488],[-122.600685,45.36515],[-122.600797,45.367017],[-122.600912,45.368041],[-122.600974,45.368724],[-122.600913,45.368806],[-122.600964,45.368931],[-122.600762,45.368987],[-122.600542,45.369006],[-122.600162,45.369009],[-122.600095,45.369003],[-122.600095,45.368883],[-122.600033,45.368316],[-122.600196,45.368271],[-122.60061,45.36826],[-122.600824,45.368247],[-122.601021,45.368224],[-122.601142,45.36816],[-122.601031,45.366961],[-122.60081,45.365203],[-122.600932,45.364369],[-122.600827,45.364241],[-122.600293,45.364236],[-122.599851,45.364364],[-122.599314,45.364742],[-122.598565,45.365608],[-122.598042,45.365981],[-122.597179,45.366434],[-122.59604,45.367063],[-122.594845,45.367936],[-122.593669,45.369176],[-122.592623,45.370327],[-122.591446,45.371599],[-122.590158,45.372574],[-122.587927,45.374202],[-122.585277,45.376056],[-122.583839,45.377134],[-122.581765,45.378763],[-122.580692,45.380037],[-122.579585,45.382647],[-122.578759,45.384802],[-122.577321,45.388847],[-122.575501,45.393634],[-122.573256,45.399325],[-122.571475,45.403453],[-122.571156,45.405199],[-122.571135,45.407052],[-122.571414,45.408378],[-122.572208,45.410833],[-122.573426,45.414268],[-122.573384,45.415593],[-122.57407,45.417687],[-122.575014,45.418757],[-122.576194,45.42198],[-122.578502,45.427454],[-122.579153,45.430525],[-122.579113,45.434129],[-122.578926,45.43607],[-122.578875,45.43698],[-122.578721,45.437051],[-122.578133,45.437068],[-122.577318,45.437103],[-122.575985,45.43724],[-122.575378,45.437236],[-122.574915,45.437322],[-122.574492,45.437398],[-122.574054,45.437401],[-122.573396,45.437399],[-122.573325,45.437354],[-122.573272,45.437392],[-122.572537,45.437307],[-122.571246,45.437201],[-122.569542,45.437179],[-122.5693,45.437081],[-122.56929,45.436966],[-122.569177,45.436044],[-122.569033,45.43549],[-122.568726,45.435519],[-122.568265,45.435581],[-122.56816,45.43554]]}},{"type":"Feature","properties":{"agency":"SMART","shape_id":"30738"},"geometry":{"type":"LineString","coordinates":[[-122.775878,45.310622],[-122.775815,45.310188],[-122.772038,45.310196],[-122.772107,45.317402],[-122.765939,45.317417],[-122.765955,45.317681],[-122.766089,45.317949],[-122.7664,45.318269],[-122.76677,45.318688],[-122.766969,45.31928],[-122.76735,45.32069],[-122.76765,45.32164],[-122.767838,45.322108],[-122.768128,45.322625],[-122.768608,45.323507],[-122.768689,45.323771],[-122.768812,45.325173],[-122.768826,45.326964],[-122.768847,45.328692],[-122.768831,45.331046],[-122.768724,45.33129],[-122.768547,45.33155],[-122.768348,45.331697],[-122.76808,45.331833],[-122.767715,45.331935],[-122.767406,45.331979],[-122.766676,45.331983],[-122.76497,45.331986],[-122.764552,45.331975],[-122.764128,45.331839],[-122.763699,45.331749],[-122.763441,45.3317],[-122.762917,45.33175],[-122.762231,45.332063],[-122.761914,45.332402],[-122.761791,45.332655],[-122.762002,45.333336],[-122.762201,45.333818],[-122.76204,45.335581],[-122.763843,45.335661],[-122.763843,45.33566],[-122.765195,45.335611],[-122.76719,45.335679],[-122.767955,45.335938],[-122.768443,45.336334],[-122.76861,45.336644],[-122.768706,45.336934],[-122.768749,45.337477],[-122.768776,45.337813],[-122.76869,45.34008],[-122.768328,45.342194],[-122.767614,45.344373],[-122.766805,45.346402],[-122.765181,45.350526],[-122.763599,45.354156],[-122.762585,45.356794],[-122.761515,45.359336],[-122.760915,45.360982],[-122.75974,45.36377],[-122.759175,45.365094],[-122.758743,45.366019],[-122.758185,45.366743],[-122.757434,45.367481],[-122.756211,45.36819],[-122.754761,45.368742],[-122.745298,45.37135],[-122.740138,45.372692],[-122.736533,45.373174],[-122.734151,45.373295],[-122.730825,45.373159],[-122.728572,45.373159],[-122.725796,45.373129],[-122.721204,45.372933],[-122.71835,45.372646],[-122.716505,45.37236],[-122.713887,45.371953],[-122.710189,45.370949],[-122.708838,45.3703],[-122.706799,45.369215],[-122.706573,45.369265],[-122.702572,45.374385],[-122.702293,45.374416],[-122.702078,45.374657],[-122.702229,45.374943],[-122.702443,45.374973],[-122.702894,45.374973],[-122.703659,45.37517],[-122.704329,45.375255],[-122.704949,45.375274],[-122.705039,45.375279],[-122.705129,45.375271],[-122.706591,45.375256],[-122.707623,45.375251],[-122.70957,45.375264],[-122.710854,45.375274],[-122.711628,45.375264],[-122.711638,45.375133],[-122.711628,45.374963],[-122.711657,45.374822],[-122.711695,45.374699],[-122.711775,45.374528],[-122.711915,45.37444],[-122.711799,45.374278],[-122.711705,45.374126],[-122.711555,45.37403],[-122.711426,45.373715],[-122.711152,45.373742],[-122.71134,45.374174],[-122.711558,45.374419],[-122.711692,45.374529],[-122.711486,45.374859],[-122.711461,45.374989],[-122.711449,45.37513],[-122.711427,45.375213],[-122.711207,45.375232],[-122.710536,45.375213],[-122.70955,45.375215],[-122.708921,45.375219],[-122.708029,45.375227],[-122.706586,45.375236],[-122.705519,45.37522],[-122.704354,45.375192],[-122.703334,45.374986],[-122.702905,45.374832],[-122.702832,45.374726],[-122.702771,45.374608],[-122.702798,45.374403],[-122.70291,45.374232],[-122.703077,45.37401],[-122.703356,45.373598],[-122.703819,45.373002],[-122.704518,45.372176],[-122.705133,45.371382],[-122.705447,45.371],[-122.706101,45.370166],[-122.706395,45.369675],[-122.706583,45.369429],[-122.706609,45.369147],[-122.705622,45.369046],[-122.701034,45.368405],[-122.698909,45.368021],[-122.695335,45.367324],[-122.693783,45.36707],[-122.689717,45.366452],[-122.6874,45.366454],[-122.686145,45.3663],[-122.683496,45.366136],[-122.682283,45.366001],[-122.680706,45.365756],[-122.678619,45.365319],[-122.67697,45.36479],[-122.675387,45.364294],[-122.674204,45.363761],[-122.672772,45.363058],[-122.671864,45.36251],[-122.670472,45.361638],[-122.669321,45.360813],[-122.66809,45.359768],[-122.666331,45.357876],[-122.664947,45.35627],[-122.664125,45.355297],[-122.662724,45.353378],[-122.66178,45.3523],[-122.660428,45.350988],[-122.658996,45.349943],[-122.657398,45.349046],[-122.656099,45.348194],[-122.654501,45.347531],[-122.653009,45.347071],[-122.651937,45.346731],[-122.651872,45.346407],[-122.651883,45.346053],[-122.651867,45.345916],[-122.651652,45.3459],[-122.651282,45.345905],[-122.650935,45.345984],[-122.650753,45.346037],[-122.650549,45.34613],[-122.650353,45.346096],[-122.650211,45.346072],[-122.650152,45.346154],[-122.650297,45.346226],[-122.650431,45.346208],[-122.650645,45.34616],[-122.650885,45.346048],[-122.650906,45.34607],[-122.651015,45.345992],[-122.651387,45.345942],[-122.651752,45.345943],[-122.651825,45.345964],[-122.651823,45.346116],[-122.651771,45.346638],[-122.651649,45.346739],[-122.651202,45.346788],[-122.649691,45.346973],[-122.647896,45.347401],[-122.645994,45.347956],[-122.643945,45.348364],[-122.642875,45.3485],[-122.64181,45.348609],[-122.639036,45.348772],[-122.63784,45.348836],[-122.635816,45.349018],[-122.633223,45.349468],[-122.630507,45.350184],[-122.62778,45.351304],[-122.625596,45.352507],[-122.624472,45.353182],[-122.621881,45.354762],[-122.619024,45.356539],[-122.616853,45.357936],[-122.615134,45.359376],[-122.613535,45.360767],[-122.612465,45.361571],[-122.611572,45.36208],[-122.610479,45.362594],[-122.609508,45.362951],[-122.607978,45.363609],[-122.606747,45.364018],[-122.604765,45.364551],[-122.601697,45.365251],[-122.600786,45.365338],[-122.60018,45.36528],[-122.599882,45.365146],[-122.599665,45.364925],[-122.599649,45.364741],[-122.599759,45.364474],[-122.600185,45.364317],[-122.600633,45.364354],[-122.600703,45.364488],[-122.600685,45.36515],[-122.600797,45.367017],[-122.600912,45.368041],[-122.600974,45.368724],[-122.600913,45.368806],[-122.600964,45.368931],[-122.600762,45.368987],[-122.600542,45.369006],[-122.600162,45.369009],[-122.600095,45.369003],[-122.600095,45.368883],[-122.600033,45.368316],[-122.600196,45.368271],[-122.60061,45.36826],[-122.600824,45.368247],[-122.601021,45.368224],[-122.601142,45.36816],[-122.601031,45.366961],[-122.60081,45.365203],[-122.600932,45.364369],[-122.600827,45.364241],[-122.600293,45.364236],[-122.599851,45.364364],[-122.599314,45.364742],[-122.598565,45.365608],[-122.598042,45.365981],[-122.597179,45.366434],[-122.59604,45.367063],[-122.594845,45.367936],[-122.593669,45.369176],[-122.592623,45.370327],[-122.591446,45.371599],[-122.590158,45.372574],[-122.587927,45.374202],[-122.585277,45.376056],[-122.583839,45.377134],[-122.581765,45.378763],[-122.580692,45.380037],[-122.579585,45.382647],[-122.578759,45.384802],[-122.577321,45.388847],[-122.575501,45.393634],[-122.573256,45.399325],[-122.571475,45.403453],[-122.571156,45.405199],[-122.571135,45.407052],[-122.571414,45.408378],[-122.572208,45.410833],[-122.573426,45.414268],[-122.573515,45.415433],[-122.573469,45.416226],[-122.573708,45.417089],[-122.574134,45.417687],[-122.575307,45.41913],[-122.575744,45.420338],[-122.577251,45.424601],[-122.578459,45.427966],[-122.578749,45.428851],[-122.579132,45.430668],[-122.579196,45.432733],[-122.579061,45.43498],[-122.578921,45.43616],[-122.578878,45.436987],[-122.578611,45.437043],[-122.577403,45.437108],[-122.576488,45.437204],[-122.575913,45.437247],[-122.57519,45.437241],[-122.574722,45.437382],[-122.573422,45.437403],[-122.573325,45.437354],[-122.573233,45.437405],[-122.572781,45.437333],[-122.571905,45.437215],[-122.570817,45.437181],[-122.569519,45.437139],[-122.569347,45.437096],[-122.569278,45.436974],[-122.569136,45.435907],[-122.569054,45.43554],[-122.568821,45.435512],[-122.568272,45.435581],[-122.56816,45.43554]]}},{"type":"Feature","properties":{"agency":"SMART","shape_id":"31016"},"geometry":{"type":"LineString","coordinates":[[-122.776192,45.310938],[-122.776331,45.310897],[-122.777035,45.310877],[-122.77728,45.310915],[-122.777424,45.310855],[-122.777386,45.310751],[-122.777268,45.310756],[-122.777132,45.310805],[-122.77695,45.310826],[-122.775953,45.310818],[-122.775835,45.310758],[-122.775797,45.310414],[-122.775768,45.3102],[-122.77678730821228,45.31017499999999],[-122.77795566934203,45.31021509049542],[-122.7785838624878,45.31020300000002],[-122.77861581488035,45.30979055509055],[-122.7785907302246,45.30935101628621],[-122.7785867302246,45.30853846940939],[-122.7785867302246,45.307905278965045],[-122.7786227302246,45.30738937374701],[-122.7785396283722,45.3069217757912],[-122.7782689497986,45.30621819058748],[-122.7780290847168,45.30553299110358],[-122.77801878775789,45.30507667800679],[-122.778014219635,45.30462178307206],[-122.77802535455322,45.30395958671315],[-122.7780195483322,45.30322002622445],[-122.77798047094728,45.30294090836976],[-122.7765463651123,45.30290085933929],[-122.77445781747436,45.30288116814943],[-122.7726,45.302838],[-122.770932,45.302808],[-122.770598,45.302772],[-122.770375,45.302658],[-122.770035,45.302098],[-122.769855,45.301636],[-122.769787,45.301236],[-122.769764,45.300668],[-122.769765,45.30007],[-122.769523,45.29621],[-122.76948,45.29249],[-122.76952,45.28504],[-122.769514,45.283215],[-122.769562,45.282139],[-122.769942,45.280614],[-122.770333,45.279719],[-122.770827,45.278867],[-122.77142,45.278034],[-122.77272,45.27638],[-122.77821,45.2698],[-122.780434,45.267135],[-122.78642,45.2599],[-122.792484,45.252592],[-122.805682,45.236629],[-122.80644,45.23568],[-122.807609,45.234292],[-122.809727,45.231771],[-122.810492,45.230833],[-122.816163,45.22386],[-122.82011,45.21827],[-122.8223,45.215088],[-122.82396,45.21272],[-122.827124,45.208188],[-122.832107,45.201074],[-122.835528,45.196366],[-122.837465,45.193995],[-122.840761,45.190488],[-122.846241,45.185104],[-122.85369,45.177817],[-122.857641,45.173938],[-122.864516,45.167192],[-122.866785,45.164958],[-122.86896,45.16283],[-122.876233,45.155676],[-122.878212,45.153723],[-122.879852,45.152129],[-122.88408,45.14801],[-122.88857,45.143563],[-122.89743,45.13489],[-122.899227,45.133123],[-122.90759,45.124871],[-122.91172,45.12084],[-122.928242,45.10462],[-122.931997,45.100938],[-122.932722,45.10021],[-122.956267,45.07705],[-122.959669,45.073595],[-122.960611,45.072356],[-122.961593,45.070705],[-122.965158,45.064043],[-122.966001,45.062444],[-122.967518,45.059686],[-122.971512,45.052259],[-122.980628,45.03535],[-122.984525,45.02817],[-122.986644,45.024185],[-122.990014,45.017974],[-122.990587,45.016896],[-122.990841,45.016424],[-122.992572,45.013215],[-122.995476,45.007808],[-122.99661,45.00569],[-122.997252,45.004529],[-122.998229,45.002675],[-122.999639,45.00009],[-123.00048,44.99829],[-123.00076,44.997325],[-123.000897,44.996161],[-123.00089,44.995576],[-123.000812,44.994853],[-123.000678,44.994193],[-123.000465,44.993501],[-123.000019,44.992463],[-122.999636,44.991832],[-122.995801,44.987007],[-122.995386,44.986386],[-122.995137,44.985946],[-122.994043,44.983577],[-122.99257,44.98013],[-122.991792,44.978377],[-122.99117,44.97697],[-122.990913,44.976337],[-122.990659,44.975607],[-122.990508,44.975022],[-122.990443,44.974637],[-122.990371,44.972879],[-122.990373,44.9637],[-122.990376,44.962157],[-122.99037,44.960443],[-122.990375,44.959037],[-122.990372,44.955349],[-122.99044,44.955],[-122.99056,44.953889],[-122.990684,44.952568],[-122.990783,44.950832],[-122.990805,44.950495],[-122.99084,44.950353],[-122.990955,44.950303],[-122.991446,44.950285],[-122.992261,44.950294],[-122.992934,44.950295],[-122.993227,44.950328],[-122.99375,44.95026],[-122.996256,44.950248],[-122.997552,44.950236],[-123.002684,44.949709],[-123.009948,44.948964],[-123.01049,44.948901],[-123.011402,44.948844],[-123.011908,44.948833],[-123.013102,44.948803],[-123.013729,44.948787],[-123.014678,44.948776],[-123.022948,44.9491],[-123.0235,44.949105],[-123.02375,44.949146],[-123.0249,44.94944],[-123.025841,44.947711],[-123.026906,44.945587],[-123.027524,44.944374],[-123.027711,44.944131],[-123.027821,44.943688],[-123.027992,44.943335],[-123.028164,44.942999],[-123.028476,44.942388],[-123.028793,44.942429],[-123.029311,44.942544],[-123.029517,44.942594],[-123.029938,44.942701],[-123.030326,44.942794],[-123.031292,44.943073],[-123.031716,44.943178],[-123.032178,44.942288],[-123.032509,44.941664],[-123.032774,44.941117],[-123.032983,44.940661],[-123.033113,44.940415],[-123.033192,44.940273],[-123.033238,44.940167],[-123.033298,44.940061],[-123.033345,44.939975],[-123.033402,44.939903],[-123.033574,44.939936],[-123.034075,44.940062],[-123.034217,44.940101],[-123.034855,44.940258],[-123.035012,44.940309],[-123.03467,44.941054],[-123.03502,44.941193]]}},{"type":"Feature","properties":{"agency":"SMART","shape_id":"31563"},"geometry":{"type":"LineString","coordinates":[[-122.758795,45.331869],[-122.758166,45.331945],[-122.757855,45.331953],[-122.757685,45.332218],[-122.757495,45.332488],[-122.757317,45.332683],[-122.757156,45.332988],[-122.75707,45.333463],[-122.757065,45.335089],[-122.757081,45.335582],[-122.757327,45.33565],[-122.758572,45.335613],[-122.75986,45.335613],[-122.762027,45.335605],[-122.763314,45.33562],[-122.763843,45.33566],[-122.764248,45.33559],[-122.766157,45.335583],[-122.768584,45.335908],[-122.770827,45.336504],[-122.771975,45.33719],[-122.772468,45.337703],[-122.772736,45.337899],[-122.77309,45.337862],[-122.774152,45.337651],[-122.774485,45.337643],[-122.774613,45.337699],[-122.774764,45.337632],[-122.775628,45.337613],[-122.776427,45.337575],[-122.776888,45.337424],[-122.777114,45.33719],[-122.777248,45.33679],[-122.777248,45.336413],[-122.777216,45.335964],[-122.776883,45.335474],[-122.77624,45.335274],[-122.775146,45.335257],[-122.775062,45.335216],[-122.774997,45.335253],[-122.774842,45.335254],[-122.774624,45.335259],[-122.774437,45.335245],[-122.77421,45.335199],[-122.773986,45.335124],[-122.773834,45.33508],[-122.773671,45.335036],[-122.773551,45.335013],[-122.773467,45.334996],[-122.77345,45.334944],[-122.773455,45.3347],[-122.773406,45.334383],[-122.773263,45.333875],[-122.773168,45.333584],[-122.773108,45.33335],[-122.773062,45.333064],[-122.773068,45.33264],[-122.773062,45.332385],[-122.773053,45.332289],[-122.773013,45.331944],[-122.772898,45.331466],[-122.772746,45.330722],[-122.772697,45.330446],[-122.772643,45.330046],[-122.772595,45.329649],[-122.772622,45.329505],[-122.772575,45.32945],[-122.772555,45.32913],[-122.772541,45.328556],[-122.772544,45.328175],[-122.772535,45.327696],[-122.772533,45.327327],[-122.772529,45.32712],[-122.772538,45.326859],[-122.77261,45.326808],[-122.772534,45.326741],[-122.772528,45.326402],[-122.772522,45.326109],[-122.772524,45.325618],[-122.772523,45.325149],[-122.772514,45.324728],[-122.772511,45.324353],[-122.772557,45.324286],[-122.77251,45.324241],[-122.772515,45.323921],[-122.772508,45.323548],[-122.772501,45.32319],[-122.7725,45.322804],[-122.7725,45.322509],[-122.772497,45.322025],[-122.772538,45.321976],[-122.772489,45.321919],[-122.772516,45.321635],[-122.772544,45.321473],[-122.772767,45.321085],[-122.773698,45.320221],[-122.774009,45.319947],[-122.774093,45.319947],[-122.774102,45.319843],[-122.774188,45.319733],[-122.774286,45.319577],[-122.774355,45.319338],[-122.774393,45.319067],[-122.774387,45.318739],[-122.77439,45.318504],[-122.774383,45.318117],[-122.774431,45.318069],[-122.774388,45.318024],[-122.774392,45.31779],[-122.774389,45.317557],[-122.774393,45.317515],[-122.774421,45.317459],[-122.774479,45.31744],[-122.774872,45.317436],[-122.775292,45.317439],[-122.775556,45.317431],[-122.775952,45.317433],[-122.776116,45.317431],[-122.776148,45.317473],[-122.776189,45.317433],[-122.776466,45.31743],[-122.777024,45.31743],[-122.777629,45.317423],[-122.777973,45.317418],[-122.77833,45.317421],[-122.778783,45.31742],[-122.779057,45.31742],[-122.77937,45.317425],[-122.779493,45.317429],[-122.779576,45.317448],[-122.779648,45.317462],[-122.779699,45.31749],[-122.779775,45.317534],[-122.779821,45.317548],[-122.779911,45.317555],[-122.780011,45.317554],[-122.780092,45.317524],[-122.780131,45.317485],[-122.780164,45.31744],[-122.78018,45.317397],[-122.780171,45.317329],[-122.780123,45.317259],[-122.780038,45.317212],[-122.779979,45.317131],[-122.779949,45.317035],[-122.779938,45.316917],[-122.779914,45.316794],[-122.779873,45.316605],[-122.77978,45.316347],[-122.779728,45.316154],[-122.7797,45.315958],[-122.779693,45.315806],[-122.779712,45.315617],[-122.779736,45.315475],[-122.779761,45.315379],[-122.779811,45.31518],[-122.779831,45.314997],[-122.779839,45.314795],[-122.779815,45.314644],[-122.779789,45.314466],[-122.779696,45.314213],[-122.779576,45.31398],[-122.779485,45.313844],[-122.779326,45.313638],[-122.779224,45.313493],[-122.779122,45.313337],[-122.779057,45.313202],[-122.778983,45.312964],[-122.778947,45.312157],[-122.778949,45.31154],[-122.778923,45.311112],[-122.778806,45.310733],[-122.778718,45.310396],[-122.77869,45.310303],[-122.778632,45.310261],[-122.778519,45.310222],[-122.77839,45.310195],[-122.778008,45.310162],[-122.777565,45.310144],[-122.776896,45.310144],[-122.776164,45.310144],[-122.7758,45.310155],[-122.775734,45.310175],[-122.775721,45.310236],[-122.77573,45.310331],[-122.775712,45.310448],[-122.77567,45.310492]]}},{"type":"Feature","properties":{"agency":"SMART","shape_id":"31566"},"geometry":{"type":"LineString","coordinates":[[-122.798218,45.297056],[-122.798176,45.297093],[-122.798143,45.297095],[-122.79808,45.297097],[-122.798034,45.297097],[-122.797988,45.297095],[-122.797925,45.297086],[-122.797864,45.29706],[-122.797836,45.297008],[-122.797811,45.296952],[-122.797783,45.296889],[-122.797743,45.296874],[-122.79768,45.296889],[-122.797378,45.296961],[-122.797305,45.296941],[-122.797293,45.296992],[-122.796981,45.297091],[-122.796328,45.297309],[-122.795901,45.297459],[-122.795382,45.297625],[-122.795,45.297757],[-122.794411,45.297961],[-122.794199,45.298031],[-122.79403,45.298081],[-122.793898,45.298127],[-122.793786,45.298168],[-122.793706,45.298201],[-122.79362,45.29824],[-122.793533,45.298284],[-122.793469,45.298314],[-122.793177,45.298475],[-122.792916,45.298617],[-122.792603,45.298793],[-122.792272,45.298963],[-122.792117,45.299048],[-122.792035,45.299011],[-122.792038,45.299091],[-122.791753,45.299245],[-122.791537,45.299357],[-122.791405,45.299429],[-122.791062,45.299613],[-122.790888,45.299705],[-122.79059,45.299855],[-122.790461,45.299918],[-122.79038,45.299885],[-122.790386,45.299955],[-122.790323,45.299995],[-122.790153,45.300084],[-122.789897,45.300224],[-122.789659,45.300347],[-122.789515,45.300431],[-122.789385,45.300491],[-122.789268,45.300552],[-122.789142,45.30061],[-122.788904,45.30074],[-122.788618,45.300891],[-122.788488,45.300962],[-122.788199,45.30111],[-122.788125,45.301098],[-122.788123,45.301155],[-122.787925,45.301265],[-122.787589,45.301447],[-122.787254,45.301619],[-122.787014,45.301743],[-122.786735,45.30189],[-122.786469,45.302009],[-122.786194,45.302168],[-122.78609,45.302126],[-122.78612,45.302205],[-122.785755,45.302378],[-122.785412,45.302569],[-122.785196,45.302667],[-122.78497,45.302748],[-122.784649,45.302841],[-122.784276,45.302889],[-122.783955,45.302904],[-122.782911,45.302896],[-122.781753,45.302891],[-122.78131,45.302894],[-122.780996,45.302899],[-122.780928,45.302807],[-122.780869,45.3029],[-122.780635,45.302894],[-122.780169,45.302898],[-122.779864,45.302893],[-122.779043,45.302888],[-122.778856,45.302905],[-122.77821,45.302922],[-122.778094,45.302924],[-122.777962,45.302948],[-122.777927,45.303012],[-122.777946,45.303168],[-122.777946,45.303408],[-122.777961,45.303847],[-122.777891,45.303902],[-122.77797,45.303968],[-122.777972,45.304545],[-122.777974,45.30482],[-122.77798,45.305477],[-122.778107,45.305858],[-122.778296,45.306365],[-122.77842,45.306651],[-122.77856,45.307136],[-122.778567,45.30747],[-122.778567,45.307697],[-122.77857,45.308237],[-122.778573,45.308977],[-122.77847,45.309036],[-122.778568,45.309097],[-122.778558,45.309677],[-122.778545,45.310083],[-122.77853,45.31016],[-122.778385,45.310184],[-122.778206,45.31016],[-122.777773,45.310133],[-122.777197,45.310143],[-122.776704,45.310134],[-122.776264,45.310138],[-122.775928,45.310147],[-122.775798,45.310156],[-122.775722,45.310204],[-122.775727,45.310324],[-122.775727,45.310445],[-122.77567,45.310492],[-122.775732,45.310526],[-122.775719,45.310676],[-122.775735,45.310772],[-122.775796,45.310845],[-122.775955,45.310888],[-122.776285,45.310885],[-122.77681,45.310883],[-122.776905,45.310931],[-122.776979,45.310885],[-122.777157,45.31089],[-122.777249,45.310921],[-122.777369,45.310917],[-122.777456,45.310826],[-122.777386,45.310739],[-122.777257,45.310725],[-122.777163,45.310762],[-122.77708,45.310822],[-122.776631,45.310826],[-122.776397,45.310823],[-122.776316,45.310831],[-122.776039,45.310823],[-122.77592,45.310816],[-122.775839,45.310758],[-122.77583,45.310697],[-122.77582,45.310527],[-122.775819,45.31034],[-122.775812,45.310235],[-122.775797,45.310176],[-122.775741,45.310157],[-122.775282,45.310166],[-122.774826,45.310165],[-122.773843,45.310179],[-122.773302,45.310176],[-122.772818,45.310185],[-122.772222,45.310183],[-122.771535,45.310199],[-122.771484,45.310154],[-122.771442,45.310203],[-122.770971,45.310194],[-122.77042,45.310201],[-122.770084,45.310198],[-122.769938,45.310175],[-122.769878,45.310109],[-122.76988,45.309614],[-122.769881,45.309249],[-122.769879,45.30888],[-122.769874,45.308453],[-122.769877,45.307836],[-122.769874,45.307478],[-122.769876,45.306951],[-122.769875,45.306568],[-122.769874,45.30619],[-122.769898,45.305942],[-122.769932,45.305778],[-122.769986,45.305634],[-122.770055,45.305481],[-122.770129,45.305353],[-122.770214,45.30523],[-122.770305,45.305123],[-122.770397,45.305015],[-122.770521,45.3049],[-122.770681,45.304761],[-122.770977,45.304511],[-122.77144,45.304095],[-122.771911,45.303687],[-122.771984,45.303694],[-122.771993,45.30361],[-122.772558,45.303124],[-122.772706,45.302988],[-122.772806,45.3028],[-122.772911,45.302503],[-122.773064,45.30204],[-122.773183,45.301664],[-122.773252,45.301473],[-122.773344,45.301462],[-122.773281,45.301381],[-122.773358,45.301134],[-122.773441,45.300892],[-122.773523,45.300631],[-122.773598,45.300421],[-122.773601,45.300272],[-122.773632,45.300176],[-122.773723,45.299897],[-122.77371,45.299792],[-122.773668,45.299739],[-122.773547,45.299721],[-122.773369,45.299722],[-122.772923,45.299726],[-122.772662,45.299728],[-122.772437,45.299734],[-122.772161,45.299738],[-122.771888,45.299753],[-122.77171,45.299759],[-122.771488,45.299759],[-122.771192,45.299767],[-122.770987,45.299766],[-122.77081,45.299751],[-122.770708,45.29974],[-122.770585,45.299779],[-122.770559,45.299859],[-122.770611,45.29993],[-122.770711,45.299946],[-122.770819,45.299914],[-122.770895,45.299844],[-122.771113,45.29981],[-122.771162,45.299861],[-122.771196,45.29981],[-122.77144,45.299813],[-122.771864,45.299823],[-122.772388,45.299805],[-122.772888,45.29983],[-122.773514,45.299825],[-122.773554,45.299834],[-122.773631,45.299892],[-122.773601,45.300019],[-122.773424,45.30056],[-122.77334,45.30085],[-122.773271,45.300855],[-122.773314,45.30092],[-122.77319,45.301148],[-122.77307,45.301443],[-122.77298,45.301659],[-122.772861,45.301958],[-122.772722,45.302362],[-122.772597,45.302676],[-122.772555,45.302741],[-122.772466,45.302787],[-122.77232,45.302799],[-122.771659,45.302791],[-122.771496,45.302822],[-122.77072,45.302831],[-122.770249,45.302829],[-122.769711,45.302803],[-122.769291,45.302798],[-122.768826,45.302807],[-122.76852,45.302807],[-122.768187,45.302832],[-122.767669,45.302868],[-122.767366,45.302887],[-122.767112,45.302886],[-122.766516,45.302882],[-122.765997,45.302828],[-122.765598,45.302821],[-122.76542,45.302766],[-122.765284,45.302824],[-122.764696,45.302828],[-122.763938,45.302866],[-122.763076,45.302897],[-122.762799,45.302824],[-122.762644,45.302897],[-122.761917,45.302888],[-122.760737,45.302903],[-122.760447,45.302905],[-122.760238,45.302904],[-122.760087,45.302909],[-122.759429,45.302933],[-122.759094,45.302937],[-122.758745,45.302938],[-122.758548,45.302945],[-122.758348,45.302962],[-122.757942,45.303018],[-122.757642,45.303077],[-122.757334,45.303107],[-122.757268,45.303075],[-122.757211,45.30312],[-122.757037,45.303147],[-122.756826,45.303162],[-122.756621,45.303177],[-122.75645,45.303186],[-122.756323,45.303188],[-122.756065,45.303175],[-122.755837,45.303151],[-122.755563,45.303139],[-122.755275,45.303132],[-122.754968,45.303134],[-122.754702,45.303136],[-122.754383,45.303145],[-122.754108,45.30315],[-122.753899,45.303144],[-122.753612,45.303189],[-122.75355,45.303064],[-122.753501,45.303184],[-122.753222,45.303159],[-122.752844,45.303175],[-122.752511,45.303201],[-122.752298,45.303238],[-122.752045,45.303313],[-122.751685,45.303463],[-122.75145,45.303564],[-122.751262,45.303676],[-122.751105,45.303768],[-122.751021,45.303827],[-122.750942,45.303881],[-122.750868,45.30394],[-122.75079,45.304003],[-122.750704,45.304079],[-122.750624,45.30415],[-122.750553,45.304224],[-122.750418,45.304376],[-122.750226,45.304645],[-122.750123,45.304826],[-122.750027,45.304997],[-122.749948,45.305201],[-122.749901,45.305348],[-122.749849,45.305485],[-122.749784,45.305682],[-122.749709,45.305894],[-122.749623,45.30613],[-122.749507,45.306451],[-122.749429,45.306664],[-122.749377,45.306817],[-122.749328,45.306959],[-122.749041,45.307764],[-122.748966,45.307808],[-122.749003,45.307892],[-122.748869,45.308262],[-122.748816,45.308413],[-122.748757,45.308581],[-122.748685,45.308795],[-122.748613,45.309],[-122.74851,45.309289],[-122.748421,45.309538],[-122.748389,45.309635],[-122.748256,45.309982],[-122.74816,45.31],[-122.748216,45.310093],[-122.748131,45.31031],[-122.748077,45.310422],[-122.748043,45.310483],[-122.747996,45.310566],[-122.747943,45.310652],[-122.747745,45.310979],[-122.747662,45.311113],[-122.747447,45.311456],[-122.74726,45.311756],[-122.747086,45.312033],[-122.74702,45.312145],[-122.746861,45.312401],[-122.746717,45.312621],[-122.746591,45.312822],[-122.746474,45.312816],[-122.746529,45.312921],[-122.74646,45.313032],[-122.746328,45.313243],[-122.746184,45.313456],[-122.746001,45.313743],[-122.745859,45.313972],[-122.745713,45.314205],[-122.745601,45.314388],[-122.745462,45.314609],[-122.745363,45.314772],[-122.745153,45.315069],[-122.744978,45.315231],[-122.744796,45.315443],[-122.744679,45.315413],[-122.744746,45.315492],[-122.744532,45.315632],[-122.744416,45.315755],[-122.744277,45.315908],[-122.744146,45.316083],[-122.74401,45.316308],[-122.74394,45.316431],[-122.743838,45.316671],[-122.743774,45.316893],[-122.743727,45.317131],[-122.743713,45.31732],[-122.743706,45.317411],[-122.743679,45.317479],[-122.743609,45.317527],[-122.743499,45.317532],[-122.743245,45.317527],[-122.742974,45.317526],[-122.742489,45.317525],[-122.742062,45.31752],[-122.74158,45.317512],[-122.741289,45.317511],[-122.741214,45.317508],[-122.741152,45.317493],[-122.741117,45.317457],[-122.741103,45.317412],[-122.741104,45.317022],[-122.741103,45.316564],[-122.741077,45.316391],[-122.741073,45.316207],[-122.741077,45.315939],[-122.741074,45.315749],[-122.741068,45.315686],[-122.741062,45.315636],[-122.741015,45.315618],[-122.740942,45.3156],[-122.740806,45.315595],[-122.74049,45.315589],[-122.740096,45.315599],[-122.740066,45.315529]]}},{"type":"Feature","properties":{"agency":"SMART","shape_id":"31567"},"geometry":{"type":"LineString","coordinates":[[-122.740066,45.315529],[-122.740005,45.315583],[-122.7396,45.315581],[-122.739461,45.315594],[-122.739374,45.315641],[-122.739357,45.315725],[-122.739422,45.315768],[-122.739502,45.315746],[-122.739572,45.315719],[-122.73962,45.315648],[-122.739699,45.315619],[-122.740517,45.315624],[-122.740944,45.315643],[-122.741001,45.315656],[-122.741022,45.315695],[-122.74103,45.316182],[-122.741015,45.316666],[-122.741053,45.316757],[-122.741053,45.317389],[-122.741055,45.317488],[-122.741079,45.317546],[-122.741276,45.317564],[-122.741717,45.317564],[-122.742231,45.317577],[-122.742577,45.317581],[-122.742733,45.317559],[-122.742883,45.317554],[-122.743591,45.31756],[-122.743697,45.317549],[-122.743753,45.317521],[-122.743788,45.317485],[-122.743813,45.317424],[-122.743823,45.317205],[-122.743875,45.316889],[-122.74399,45.316576],[-122.744198,45.316185],[-122.744446,45.315848],[-122.74463,45.31566],[-122.744717,45.315661],[-122.744719,45.315589],[-122.744868,45.315466],[-122.745088,45.315259],[-122.745306,45.315008],[-122.745446,45.314825],[-122.745576,45.314623],[-122.745718,45.314389],[-122.746104,45.313782],[-122.74642,45.313269],[-122.746721,45.312799],[-122.746869,45.312543],[-122.74696,45.312542],[-122.74694,45.31244],[-122.747113,45.312173],[-122.74734,45.311798],[-122.747527,45.311501],[-122.747757,45.311129],[-122.748061,45.310645],[-122.748198,45.310391],[-122.748317,45.310126],[-122.748392,45.309906],[-122.748459,45.309875],[-122.748428,45.309801],[-122.748509,45.309589],[-122.748616,45.309296],[-122.748716,45.308998],[-122.748847,45.308605],[-122.748969,45.308276],[-122.74909,45.307923],[-122.749193,45.307654],[-122.749261,45.307441],[-122.74932,45.307264],[-122.749405,45.307231],[-122.749365,45.307161],[-122.749462,45.306897],[-122.749534,45.306678],[-122.749727,45.306115],[-122.749843,45.305787],[-122.749924,45.305548],[-122.749996,45.305361],[-122.750057,45.305182],[-122.750123,45.305001],[-122.750243,45.304774],[-122.750384,45.304534],[-122.750592,45.304313],[-122.750774,45.304123],[-122.750976,45.303959],[-122.751174,45.303819],[-122.751444,45.303643],[-122.75174,45.303501],[-122.752192,45.303339],[-122.752555,45.30326],[-122.752945,45.303223],[-122.753366,45.303214],[-122.753864,45.303201],[-122.753944,45.303259],[-122.75402,45.30319],[-122.754474,45.303181],[-122.754984,45.303171],[-122.755595,45.30318],[-122.755956,45.303201],[-122.756251,45.303226],[-122.756511,45.303225],[-122.756757,45.303205],[-122.757402,45.303142],[-122.757479,45.303187],[-122.757549,45.30314],[-122.758156,45.303059],[-122.758624,45.303007],[-122.759407,45.303003],[-122.760156,45.303025],[-122.760461,45.303015],[-122.760856,45.303018],[-122.761687,45.303012],[-122.761831,45.303055],[-122.762042,45.303015],[-122.764534,45.302998],[-122.764688,45.303038],[-122.764775,45.302983],[-122.76532,45.30301],[-122.765993,45.303004],[-122.766839,45.303017],[-122.767281,45.303036],[-122.768352,45.303039],[-122.768893,45.303032],[-122.769372,45.303031],[-122.77,45.303032],[-122.770468,45.303019],[-122.770999,45.302976],[-122.772281,45.302953],[-122.772439,45.302946],[-122.772626,45.302911],[-122.772773,45.302819],[-122.772832,45.302725],[-122.773028,45.302111],[-122.773238,45.301483],[-122.773344,45.301462],[-122.773291,45.30134],[-122.773383,45.301082],[-122.773509,45.30069],[-122.773618,45.300324],[-122.773613,45.300226],[-122.773722,45.299896],[-122.773714,45.299769],[-122.773607,45.299726],[-122.772646,45.299719],[-122.771836,45.299738],[-122.771487,45.299741],[-122.770933,45.299753],[-122.770721,45.299734],[-122.770569,45.299791],[-122.770588,45.299908],[-122.770721,45.29995],[-122.770835,45.299914],[-122.770917,45.299823],[-122.771084,45.299815],[-122.771162,45.299861],[-122.771224,45.299828],[-122.771389,45.299824],[-122.771551,45.299823],[-122.771901,45.299829],[-122.772204,45.299833],[-122.772616,45.299829],[-122.773266,45.299826],[-122.773509,45.299825],[-122.773583,45.299836],[-122.773622,45.299871],[-122.773636,45.299904],[-122.773586,45.300068],[-122.773484,45.300372],[-122.773419,45.300575],[-122.773357,45.300759],[-122.773335,45.30083],[-122.773271,45.300855],[-122.773309,45.300907],[-122.773187,45.301177],[-122.773007,45.30165],[-122.772913,45.301947],[-122.772744,45.302456],[-122.772666,45.302711],[-122.772558,45.302898],[-122.77244,45.303059],[-122.772291,45.303191],[-122.771971,45.303473],[-122.771582,45.303822],[-122.771338,45.304075],[-122.77108,45.304315],[-122.770955,45.304325],[-122.770962,45.304411],[-122.770775,45.304573],[-122.770405,45.304897],[-122.770275,45.305032],[-122.770181,45.305133],[-122.770097,45.305236],[-122.769995,45.305395],[-122.76991,45.305567],[-122.769846,45.305755],[-122.769806,45.305948],[-122.769781,45.306113],[-122.769783,45.30686],[-122.769781,45.307371],[-122.769783,45.308206],[-122.769781,45.308855],[-122.769778,45.309621],[-122.769828,45.309804],[-122.769826,45.310165],[-122.769886,45.310238],[-122.770004,45.310239],[-122.771651,45.310228],[-122.771718,45.310294],[-122.771795,45.310235],[-122.77232,45.310228],[-122.772956,45.310219],[-122.773486,45.310224],[-122.774127,45.31022],[-122.774658,45.310223],[-122.775133,45.310237],[-122.775592,45.310234],[-122.775692,45.310256],[-122.775716,45.310315],[-122.77571,45.31045],[-122.77567,45.310492],[-122.775726,45.310662],[-122.77572,45.310735],[-122.775759,45.310804],[-122.775848,45.310852],[-122.775962,45.310889],[-122.776703,45.310894],[-122.776897,45.3109],[-122.777103,45.31088],[-122.777326,45.310932],[-122.777415,45.310839],[-122.777363,45.310753],[-122.777254,45.310765],[-122.77716,45.310814],[-122.777035,45.310856],[-122.776845,45.310809],[-122.7767,45.310846],[-122.776564,45.310834],[-122.776029,45.31082],[-122.775913,45.310807],[-122.77584,45.310768],[-122.775829,45.310684],[-122.775827,45.310556],[-122.775818,45.310459],[-122.775825,45.310345],[-122.775834,45.310251],[-122.775869,45.310229],[-122.77603,45.310224],[-122.776312,45.310216],[-122.776609,45.310213],[-122.776934,45.310209],[-122.777179,45.310206],[-122.777501,45.310216],[-122.777826,45.310201],[-122.778094,45.310204],[-122.778358,45.310226],[-122.77855,45.310246],[-122.778645,45.310246],[-122.77868,45.310194],[-122.778673,45.310086],[-122.778645,45.309817],[-122.77865,45.309684],[-122.778703,45.309616],[-122.778653,45.309562],[-122.778627,45.309334],[-122.778628,45.309028],[-122.778616,45.308772],[-122.778626,45.308452],[-122.778631,45.308178],[-122.778617,45.307848],[-122.778628,45.307505],[-122.778618,45.307181],[-122.778574,45.306961],[-122.778413,45.306457],[-122.778224,45.306069],[-122.778033,45.305514],[-122.778031,45.305182],[-122.778034,45.304965],[-122.778025,45.304679],[-122.778023,45.304383],[-122.77802,45.304092],[-122.77801,45.303763],[-122.778062,45.303706],[-122.77801,45.303636],[-122.778033,45.303165],[-122.778062,45.303],[-122.778198,45.302947],[-122.77903,45.302948],[-122.779753,45.302957],[-122.780387,45.302961],[-122.781077,45.30296],[-122.781335,45.302962],[-122.781957,45.302965],[-122.782015,45.303021],[-122.782089,45.302966],[-122.782216,45.302967],[-122.782467,45.302963],[-122.782777,45.302963],[-122.78314,45.302961],[-122.783527,45.302962],[-122.783876,45.302963],[-122.784174,45.302958],[-122.784366,45.302945],[-122.784587,45.302912],[-122.784804,45.302866],[-122.784975,45.302814],[-122.785217,45.302737],[-122.785572,45.30257],[-122.785846,45.302421],[-122.786183,45.302241],[-122.786474,45.302088],[-122.786576,45.302138],[-122.786581,45.302034],[-122.786814,45.301917],[-122.787057,45.301802],[-122.787264,45.301691],[-122.787498,45.301575],[-122.787717,45.301453],[-122.787991,45.301301],[-122.788268,45.301159],[-122.788528,45.301019],[-122.788718,45.300915],[-122.788777,45.300944],[-122.788788,45.300878],[-122.78888,45.300825],[-122.788997,45.300765],[-122.78916,45.300677],[-122.789368,45.30058],[-122.789601,45.300457],[-122.789894,45.300304],[-122.790184,45.300147],[-122.790403,45.300027],[-122.790564,45.299945],[-122.790616,45.299974],[-122.790634,45.299917],[-122.790776,45.299843],[-122.791001,45.299728],[-122.791272,45.299589],[-122.791682,45.299365],[-122.792093,45.299143],[-122.792435,45.298957],[-122.792657,45.298844],[-122.79294,45.298688],[-122.793076,45.298615],[-122.793165,45.298665],[-122.793172,45.29856],[-122.79344,45.298417],[-122.793666,45.298303],[-122.793799,45.298237],[-122.794014,45.29816],[-122.794281,45.298074],[-122.794476,45.298005],[-122.794765,45.297911],[-122.795064,45.297813],[-122.795435,45.297685],[-122.795668,45.297604],[-122.795948,45.297513],[-122.796482,45.297331],[-122.796831,45.297215],[-122.797151,45.297101],[-122.79737,45.297032],[-122.79764,45.296947],[-122.797692,45.296946],[-122.797744,45.296965],[-122.797795,45.297004],[-122.797829,45.29708],[-122.797844,45.297126],[-122.797835,45.297184],[-122.797874,45.297226],[-122.797924,45.297263],[-122.797991,45.297283],[-122.798078,45.297291],[-122.798244,45.297304],[-122.798391,45.297369],[-122.798504,45.297374],[-122.798558,45.297345],[-122.798598,45.297301],[-122.7986,45.297235],[-122.798524,45.297155],[-122.798374,45.297115],[-122.798244,45.297093],[-122.798218,45.297056]]}},{"type":"Feature","properties":{"agency":"SMART","shape_id":"31568"},"geometry":{"type":"LineString","coordinates":[[-122.776363,45.310796],[-122.776153,45.3108],[-122.776153,45.3108],[-122.776011,45.310818],[-122.77593,45.310804],[-122.775857,45.310775],[-122.77582,45.310713],[-122.775824,45.310619],[-122.775822,45.310475],[-122.775817,45.310319],[-122.775811,45.31023],[-122.775776,45.310183],[-122.775699,45.310161],[-122.775277,45.310161],[-122.774571,45.31017],[-122.773831,45.31018],[-122.773026,45.310188],[-122.772506,45.310186],[-122.772265,45.31019],[-122.772117,45.310216],[-122.772044,45.310277],[-122.772044,45.310821],[-122.771975,45.310863],[-122.77205,45.31091],[-122.772051,45.31125],[-122.772061,45.311632],[-122.772079,45.312061],[-122.772086,45.312441],[-122.772083,45.312649],[-122.772082,45.312916],[-122.772084,45.313339],[-122.77208,45.313698],[-122.771976,45.313732],[-122.772083,45.313782],[-122.772086,45.314031],[-122.772082,45.314336],[-122.772086,45.314665],[-122.772083,45.315001],[-122.772084,45.315373],[-122.772084,45.315827],[-122.77208,45.316181],[-122.772012,45.316239],[-122.772089,45.316299],[-122.772082,45.316663],[-122.772079,45.316851],[-122.772081,45.317018],[-122.772079,45.31725],[-122.772048,45.317315],[-122.771948,45.317381],[-122.771493,45.317412],[-122.770988,45.317451],[-122.770632,45.317466],[-122.77018,45.317486],[-122.769711,45.317512],[-122.769279,45.317521],[-122.768983,45.317522],[-122.768739,45.317518],[-122.768514,45.317513],[-122.768078,45.317497],[-122.767833,45.317485],[-122.76764,45.317485],[-122.76741,45.317469],[-122.766902,45.317451],[-122.766659,45.317439],[-122.766483,45.317451],[-122.766091,45.317441],[-122.765955,45.317455],[-122.765868,45.317491],[-122.765848,45.317549],[-122.765875,45.317655],[-122.76591,45.317774],[-122.765961,45.317866],[-122.766063,45.318009],[-122.766036,45.318065],[-122.76611,45.318061],[-122.766222,45.31817],[-122.766249,45.318218],[-122.76648994973756,45.3183663904474],[-122.76675745899962,45.31869315592255],[-122.76690204431914,45.3190939927513],[-122.76702618056488,45.31955903914885],[-122.76718022355652,45.32005985270196],[-122.76733135120392,45.32056088974038],[-122.76740163956453,45.32083356172012],[-122.7674587328186,45.32106977681505],[-122.767526,45.321299],[-122.767816,45.3221],[-122.767914,45.322305],[-122.767973,45.32235],[-122.768013,45.32241],[-122.767964,45.322457],[-122.768063,45.322479],[-122.768279,45.322841],[-122.768426,45.323089],[-122.768504,45.323231],[-122.768611,45.323386],[-122.768656,45.32347],[-122.768691,45.323561],[-122.768726,45.323676],[-122.768739,45.323765],[-122.768757,45.323964],[-122.768774,45.324134],[-122.768807,45.324526],[-122.768821,45.324835],[-122.768824,45.325077],[-122.768817,45.325181],[-122.768823,45.325631],[-122.76885,45.326289],[-122.768831,45.326961],[-122.768836,45.327403],[-122.768879,45.328165],[-122.768879,45.328979],[-122.768858,45.33002],[-122.76889,45.330646],[-122.768858,45.330971],[-122.768739,45.331355],[-122.768546,45.331551],[-122.768203,45.33177],[-122.767967,45.331876],[-122.767398,45.332004],[-122.766293,45.331966],[-122.765231,45.331996],[-122.764555,45.331974],[-122.764244,45.331868],[-122.763793,45.33177],[-122.763407,45.33171],[-122.762935,45.331717],[-122.762282,45.332009],[-122.761917,45.332326],[-122.761777,45.332741],[-122.761852,45.33308],[-122.762131,45.333638],[-122.762043,45.333897],[-122.762218,45.333941],[-122.762175,45.334356],[-122.762046,45.334808],[-122.762036,45.335412],[-122.762057,45.335593],[-122.762379,45.335646],[-122.763763,45.335585],[-122.763843,45.33566],[-122.764063,45.335615],[-122.765973,45.335593],[-122.767132,45.33563],[-122.768164,45.335814],[-122.769634,45.336191],[-122.770771,45.336515],[-122.771435,45.33682],[-122.7721,45.337288],[-122.772622,45.337919],[-122.772965,45.338703],[-122.773265,45.339427],[-122.773437,45.339865],[-122.773598,45.340272],[-122.773834,45.341389],[-122.77377,45.342272],[-122.773866,45.342973],[-122.774135,45.343471],[-122.774254,45.343654],[-122.774447,45.343902],[-122.774769,45.344672],[-122.774881,45.345691],[-122.774935,45.346423],[-122.774945,45.346883],[-122.774978,45.34732],[-122.774999,45.347757],[-122.775096,45.348172],[-122.775085,45.348496],[-122.775085,45.348602],[-122.774473,45.34864],[-122.773862,45.348745],[-122.77365,45.348722],[-122.773637,45.348097],[-122.773615,45.347591],[-122.773572,45.347395],[-122.772714,45.347441],[-122.772435,45.347539],[-122.772542,45.348014],[-122.772521,45.348383],[-122.772521,45.348594],[-122.772478,45.34876],[-122.772853,45.348768],[-122.773374,45.348756],[-122.773557,45.348754],[-122.773633,45.34876],[-122.773657,45.348807]]}},{"type":"Feature","properties":{"agency":"SMART","shape_id":"31590"},"geometry":{"type":"LineString","coordinates":[[-122.773657,45.348807],[-122.773756,45.348753],[-122.774067,45.348738],[-122.77448,45.348652],[-122.775113,45.348595],[-122.775151,45.348175],[-122.775119,45.348013],[-122.77506,45.347515],[-122.774974,45.346191],[-122.774888,45.345603],[-122.774813,45.344917],[-122.77476,45.344449],[-122.774588,45.344103],[-122.774266,45.343609],[-122.77418,45.343511],[-122.774005,45.343215],[-122.773844,45.342807],[-122.773774,45.342476],[-122.77379,45.342129],[-122.773834,45.34174],[-122.773867,45.341479],[-122.773824,45.340967],[-122.773711,45.340605],[-122.773616,45.340247],[-122.773536,45.340108],[-122.773174,45.339052],[-122.773008,45.338505],[-122.772755,45.337879],[-122.772464,45.33741],[-122.771831,45.336897],[-122.770833,45.336467],[-122.76961,45.33606],[-122.768398,45.335758],[-122.767625,45.335585],[-122.765318,45.335427],[-122.763881,45.335442],[-122.763624,45.335411],[-122.7635,45.335457],[-122.762826,45.33548],[-122.762124,45.33551],[-122.762069,45.335414],[-122.762085,45.335109],[-122.762188,45.334326],[-122.76222,45.333877],[-122.762182,45.333673],[-122.762295,45.333532],[-122.762113,45.333496],[-122.762022,45.333357],[-122.761922,45.333046],[-122.761933,45.332571],[-122.762427,45.332028],[-122.763333,45.331783],[-122.763698,45.33179],[-122.764192,45.331888],[-122.764583,45.332002],[-122.764932,45.332009],[-122.765602,45.332013],[-122.766251,45.332013],[-122.766402,45.332119],[-122.76652,45.332005],[-122.767292,45.331998],[-122.767744,45.331942],[-122.768162,45.331802],[-122.768393,45.331681],[-122.768586,45.331546],[-122.768758,45.331312],[-122.768841,45.330964],[-122.768857,45.330666],[-122.768857,45.330323],[-122.768857,45.329852],[-122.768841,45.329433],[-122.768851,45.329121],[-122.768862,45.328732],[-122.768852,45.327981],[-122.768852,45.3272],[-122.768853,45.326711],[-122.768858,45.326118],[-122.768864,45.325587],[-122.768826,45.325029],[-122.768773,45.32441],[-122.768735,45.32404],[-122.768708,45.323716],[-122.768558,45.323354],[-122.768343,45.322973],[-122.768418,45.322789],[-122.768242,45.322773],[-122.768118,45.322562],[-122.7679,45.322215],[-122.767669,45.321612],[-122.767533,45.321169],[-122.767383,45.320667],[-122.76722,45.32015],[-122.767075,45.319656],[-122.766962,45.319295],[-122.766919,45.319087],[-122.766785,45.318699],[-122.766651,45.318499],[-122.766436,45.31831],[-122.766292,45.318156],[-122.766287,45.318037],[-122.766131,45.318009],[-122.76596,45.317691],[-122.765939,45.317469],[-122.766384,45.317461],[-122.767575,45.317491],[-122.768889,45.317499],[-122.76978,45.317495],[-122.770676,45.31749],[-122.772097,45.31743],[-122.772117,45.317347],[-122.772135,45.315574],[-122.77218,45.315506],[-122.772119,45.315423],[-122.772107,45.315054],[-122.772118,45.314685],[-122.772107,45.314375],[-122.772102,45.314028],[-122.772119,45.313771],[-122.772204,45.31371],[-122.772113,45.31362],[-122.772124,45.313061],[-122.77211,45.312446],[-122.772084,45.311314],[-122.772199,45.311199],[-122.772067,45.311137],[-122.772072,45.31031],[-122.772098,45.310219],[-122.772426,45.310212],[-122.774233,45.310215],[-122.774985,45.310197],[-122.775655,45.310189],[-122.775757,45.3102],[-122.775784,45.310306],[-122.775762,45.310472],[-122.77567,45.310492]]}},{"type":"Feature","properties":{"agency":"SMART","shape_id":"31623"},"geometry":{"type":"LineString","coordinates":[[-122.763624,45.335411],[-122.763406,45.335454],[-122.762771,45.335455],[-122.7623,45.335454],[-122.762192,45.335427],[-122.762182,45.335348],[-122.762174,45.335113],[-122.762218,45.334608],[-122.762305,45.334114],[-122.762309,45.333863],[-122.762295,45.333532],[-122.762163,45.33347],[-122.761999,45.333144],[-122.761879,45.332849],[-122.761867,45.332721],[-122.761918,45.332546],[-122.762032,45.332318],[-122.761531,45.332067],[-122.761449,45.332033],[-122.761423,45.331972],[-122.761348,45.331992],[-122.761212,45.331986],[-122.760822,45.331911],[-122.759468,45.33192],[-122.759092,45.331927],[-122.758823,45.331912],[-122.758795,45.331869],[-122.758757,45.331909],[-122.758564,45.331909],[-122.758035,45.331892],[-122.757968,45.331858],[-122.757935,45.331788],[-122.757963,45.331671],[-122.75798,45.331401],[-122.757938,45.331194],[-122.75784,45.33093],[-122.757698,45.330703],[-122.757461,45.330412],[-122.757275,45.330118],[-122.757154,45.329733],[-122.757215,45.329225],[-122.757281,45.329209],[-122.757217,45.329139],[-122.757337,45.328834],[-122.757415,45.328475],[-122.757441,45.327572],[-122.75752,45.327526],[-122.757441,45.327461],[-122.757477,45.327226],[-122.757619,45.326356],[-122.757682,45.325416],[-122.75772158187506,45.32501281523808],[-122.757807,45.324959],[-122.75772694629308,45.32492795331351],[-122.757802,45.324194],[-122.757755,45.323851],[-122.757757,45.323568],[-122.757799,45.32223],[-122.757769,45.320944],[-122.757775,45.318832],[-122.757766,45.318213],[-122.757774,45.317855],[-122.75776,45.317766],[-122.757779,45.317713],[-122.757936,45.317672],[-122.758033,45.317543],[-122.75822,45.31751],[-122.758345,45.317526],[-122.758483,45.317503],[-122.760369,45.317498],[-122.761973,45.317488],[-122.763167,45.317474],[-122.763702,45.317484],[-122.763723,45.317531],[-122.763759,45.317482],[-122.763928,45.317487],[-122.765058,45.317477],[-122.765298,45.317448],[-122.765737,45.317442],[-122.765893,45.317441],[-122.76594,45.3174],[-122.765946,45.317328],[-122.76587,45.317108],[-122.76588,45.317066],[-122.765836,45.317048],[-122.765589,45.316683],[-122.765473,45.316464],[-122.765338,45.316159],[-122.76517,45.315772],[-122.764998,45.315364],[-122.765008,45.315336],[-122.764981,45.315321],[-122.764839,45.315029],[-122.764681,45.314661],[-122.764565,45.314401],[-122.764479,45.314202],[-122.764427,45.313927],[-122.764414,45.313536],[-122.764414,45.313409],[-122.764412,45.313246],[-122.764418,45.312994],[-122.764421,45.312662],[-122.764418,45.312443],[-122.764436,45.312153],[-122.764452,45.312121],[-122.764426,45.312085],[-122.764414,45.311873],[-122.76443,45.311327],[-122.764419,45.310895],[-122.764479,45.310429],[-122.764503,45.310399],[-122.764474,45.310356],[-122.764428,45.310125],[-122.764432,45.309884],[-122.764439,45.309241],[-122.764448,45.308679],[-122.764477,45.308645],[-122.764449,45.308612],[-122.764443,45.308303],[-122.764458,45.30821],[-122.764494,45.308162],[-122.764538,45.308078],[-122.764554,45.307735],[-122.764549,45.306886],[-122.764435,45.306688],[-122.764098,45.306338],[-122.764085,45.306148],[-122.764252,45.305881],[-122.764292,45.305836],[-122.764348,45.305778],[-122.764288,45.30572],[-122.763425,45.305675],[-122.763376,45.305629],[-122.763328,45.305668],[-122.762748,45.30567],[-122.762435,45.305666],[-122.762267,45.30567],[-122.7621,45.305672],[-122.761943,45.30564],[-122.761676,45.305542],[-122.761354,45.305325],[-122.761012,45.305141],[-122.760791,45.305072],[-122.760768,45.304997],[-122.760703,45.305053],[-122.760398,45.305061],[-122.759652,45.305059],[-122.759571,45.305021],[-122.759509,45.304732],[-122.759577,45.304705],[-122.759526,45.304644],[-122.7596,45.30441],[-122.759773,45.304215],[-122.759912,45.304111],[-122.76001,45.304027],[-122.760112,45.30391],[-122.760249,45.303773],[-122.760337,45.303626],[-122.760391,45.303402],[-122.760408,45.303168],[-122.76042,45.303059],[-122.760508,45.303036],[-122.761005,45.303019],[-122.761788,45.303014],[-122.761831,45.303055],[-122.761883,45.303015],[-122.762363,45.303016],[-122.764655,45.302994],[-122.764688,45.303038],[-122.764719,45.302995],[-122.765589,45.302999],[-122.766016,45.303001],[-122.766814,45.303026],[-122.767419,45.303044],[-122.767605,45.303043],[-122.767862,45.303043],[-122.768151,45.303059],[-122.768329,45.303054],[-122.768719,45.303045],[-122.770002,45.303046],[-122.770853,45.303045],[-122.77121,45.303048],[-122.771569,45.303051],[-122.771846,45.303065],[-122.772036,45.303154],[-122.772116,45.303268],[-122.772136,45.303324],[-122.772083,45.303373],[-122.771801,45.303621],[-122.771579,45.30383],[-122.771288,45.30411],[-122.771052,45.304325],[-122.770955,45.304325],[-122.77098,45.304399],[-122.770328,45.304969],[-122.77022,45.305093],[-122.7701,45.305234],[-122.769941,45.305507],[-122.769825,45.305849],[-122.769791,45.305989],[-122.769788,45.306086],[-122.769784,45.306177],[-122.76978,45.306736],[-122.769784,45.307104],[-122.769781,45.307378],[-122.769785,45.308758],[-122.769776,45.310226],[-122.771541,45.310264],[-122.771718,45.310294],[-122.77195,45.310273],[-122.772226,45.310237],[-122.772819,45.310222],[-122.773453,45.310212],[-122.773892,45.310217],[-122.774805,45.310195],[-122.775183,45.31018],[-122.775471,45.31021],[-122.77577,45.310186],[-122.77567,45.310492]]}},{"type":"Feature","properties":{"agency":"SMART","shape_id":"31624"},"geometry":{"type":"LineString","coordinates":[[-122.748773,45.394565],[-122.748725,45.394526],[-122.74871,45.394478],[-122.748633,45.394166],[-122.748668,45.394111],[-122.748726,45.394077],[-122.748789,45.394044],[-122.748903,45.394053],[-122.748938,45.394579],[-122.749017,45.394909],[-122.749141,45.395202],[-122.749279,45.39537],[-122.74955,45.395656],[-122.749601,45.395742],[-122.749619,45.395809],[-122.749574,45.395883],[-122.749412,45.395955],[-122.749243,45.395996],[-122.748902,45.396063],[-122.748609,45.396123],[-122.748438,45.396145],[-122.748308,45.396143],[-122.748199,45.396119],[-122.748085,45.396078],[-122.74807,45.395931],[-122.748183,45.395029],[-122.748303,45.39462],[-122.748488,45.394067],[-122.748772,45.393191],[-122.748938,45.392698],[-122.749161,45.392053],[-122.749541,45.390988],[-122.750103,45.389456],[-122.750398,45.388699],[-122.750709,45.38794],[-122.751021,45.387161],[-122.751443,45.386048],[-122.751952,45.384711],[-122.752202,45.384124],[-122.752907,45.382267],[-122.753149,45.381691],[-122.753529,45.380763],[-122.753944,45.379671],[-122.754377,45.378621],[-122.75478,45.377608],[-122.755263,45.376397],[-122.755638,45.375477],[-122.75577,45.375155],[-122.75646,45.37341],[-122.757225,45.371488],[-122.757664,45.370377],[-122.757821,45.37],[-122.758125,45.369241],[-122.758942,45.367148],[-122.759306,45.366253],[-122.759807,45.365011],[-122.760032,45.364472],[-122.760216,45.364021],[-122.76083,45.362522],[-122.761478,45.360932],[-122.762066,45.359461],[-122.762389,45.35873],[-122.763146,45.356839],[-122.764287,45.353977],[-122.764819,45.352692],[-122.765355,45.351324],[-122.765968,45.349812],[-122.766382,45.348785],[-122.766749,45.347896],[-122.767328,45.346394],[-122.767889,45.345065],[-122.768393,45.343763],[-122.768645,45.343045],[-122.769133,45.341068],[-122.769281,45.340377],[-122.769497,45.339428],[-122.769604,45.338976],[-122.769677,45.338732],[-122.769979,45.338186],[-122.770321,45.337805],[-122.771058,45.337254],[-122.771417,45.336898],[-122.771495,45.336739],[-122.771265,45.33658],[-122.770909,45.336437],[-122.770521,45.336321],[-122.769907,45.336187],[-122.768766,45.335877],[-122.76822,45.335715],[-122.7679,45.335632],[-122.767622,45.335576],[-122.767168,45.335514],[-122.76683,45.335492],[-122.765934,45.335483],[-122.765199,45.335417],[-122.764724,45.335443],[-122.764118,45.33546],[-122.763624,45.335411],[-122.763406,45.335454],[-122.762771,45.335455],[-122.7623,45.335454],[-122.762192,45.335427],[-122.762182,45.335348],[-122.762174,45.335113],[-122.762218,45.334608],[-122.762305,45.334114],[-122.762309,45.333863],[-122.762295,45.333532],[-122.762163,45.33347],[-122.761999,45.333144],[-122.761879,45.332849],[-122.761867,45.332721],[-122.761918,45.332546],[-122.762032,45.332318],[-122.761531,45.332067],[-122.761449,45.332033],[-122.761423,45.331972],[-122.761348,45.331992],[-122.761212,45.331986],[-122.760822,45.331911],[-122.759468,45.33192],[-122.759092,45.331927],[-122.758823,45.331912],[-122.758795,45.331869],[-122.758757,45.331909],[-122.758564,45.331909],[-122.758035,45.331892],[-122.757968,45.331858],[-122.757935,45.331788],[-122.757963,45.331671],[-122.75798,45.331401],[-122.757938,45.331194],[-122.75784,45.33093],[-122.757698,45.330703],[-122.757461,45.330412],[-122.757275,45.330118],[-122.757154,45.329733],[-122.757215,45.329225],[-122.757281,45.329209],[-122.757217,45.329139],[-122.757337,45.328834],[-122.757415,45.328475],[-122.757441,45.327572],[-122.75752,45.327526],[-122.757441,45.327461],[-122.757477,45.327226],[-122.757619,45.326356],[-122.757682,45.325416],[-122.757711,45.325064],[-122.757807,45.324959],[-122.757708,45.324857],[-122.757802,45.324194],[-122.757826,45.323856],[-122.75782,45.32375],[-122.757829,45.322858],[-122.75782,45.321794],[-122.757807,45.319954],[-122.757809,45.318054],[-122.757826,45.317824],[-122.757836,45.317753],[-122.757852,45.317692],[-122.757993,45.317633],[-122.758055,45.317516],[-122.758259,45.317512],[-122.758345,45.317526],[-122.758417,45.317514],[-122.758741,45.317511],[-122.761312,45.31749],[-122.763521,45.317481],[-122.763702,45.317484],[-122.763723,45.317531],[-122.763759,45.317482],[-122.763928,45.317487],[-122.765058,45.317477],[-122.765298,45.317448],[-122.765737,45.317442],[-122.765893,45.317441],[-122.76594,45.3174],[-122.765946,45.317328],[-122.76587,45.317108],[-122.76588,45.317066],[-122.765836,45.317048],[-122.765589,45.316683],[-122.765473,45.316464],[-122.765338,45.316159],[-122.76517,45.315772],[-122.764998,45.315364],[-122.765008,45.315336],[-122.764981,45.315321],[-122.764839,45.315029],[-122.764681,45.314661],[-122.764565,45.314401],[-122.764479,45.314202],[-122.764427,45.313927],[-122.764414,45.313536],[-122.764414,45.313409],[-122.764412,45.313246],[-122.764418,45.312994],[-122.764421,45.312662],[-122.764418,45.312443],[-122.764436,45.312153],[-122.764452,45.312121],[-122.764426,45.312085],[-122.764414,45.311873],[-122.76443,45.311327],[-122.764419,45.310895],[-122.764479,45.310429],[-122.764503,45.310399],[-122.764474,45.310356],[-122.764428,45.310125],[-122.764432,45.309884],[-122.764439,45.309241],[-122.764448,45.308679],[-122.764477,45.308645],[-122.764449,45.308612],[-122.764443,45.308303],[-122.764458,45.30821],[-122.764494,45.308162],[-122.764538,45.308078],[-122.764554,45.307735],[-122.764549,45.306886],[-122.764435,45.306688],[-122.764098,45.306338],[-122.764085,45.306148],[-122.764252,45.305881],[-122.764292,45.305836],[-122.764348,45.305778],[-122.764288,45.30572],[-122.763425,45.305675],[-122.763376,45.305629],[-122.763328,45.305668],[-122.762748,45.30567],[-122.762435,45.305666],[-122.762267,45.30567],[-122.7621,45.305672],[-122.761943,45.30564],[-122.761676,45.305542],[-122.761354,45.305325],[-122.761012,45.305141],[-122.760791,45.305072],[-122.760768,45.304997],[-122.760703,45.305053],[-122.760398,45.305061],[-122.759652,45.305059],[-122.759571,45.305021],[-122.759509,45.304732],[-122.759577,45.304705],[-122.759526,45.304644],[-122.7596,45.30441],[-122.759773,45.304215],[-122.759912,45.304111],[-122.76001,45.304027],[-122.760112,45.30391],[-122.760249,45.303773],[-122.760337,45.303626],[-122.760391,45.303402],[-122.760408,45.303168],[-122.76042,45.303059],[-122.760508,45.303036],[-122.761005,45.303019],[-122.761788,45.303014],[-122.761831,45.303055],[-122.761883,45.303015],[-122.762363,45.303016],[-122.764655,45.302994],[-122.764688,45.303038],[-122.764719,45.302995],[-122.765589,45.302999],[-122.766016,45.303001],[-122.766814,45.303026],[-122.767419,45.303044],[-122.767605,45.303043],[-122.767862,45.303043],[-122.768151,45.303059],[-122.768329,45.303054],[-122.768719,45.303045],[-122.770002,45.303046],[-122.770853,45.303045],[-122.77121,45.303048],[-122.771569,45.303051],[-122.771846,45.303065],[-122.772036,45.303154],[-122.772116,45.303268],[-122.772136,45.303324],[-122.772083,45.303373],[-122.771801,45.303621],[-122.771579,45.30383],[-122.771288,45.30411],[-122.771052,45.304325],[-122.770955,45.304325],[-122.77098,45.304399],[-122.770328,45.304969],[-122.77022,45.305093],[-122.7701,45.305234],[-122.769941,45.305507],[-122.769825,45.305849],[-122.769791,45.305989],[-122.769788,45.306086],[-122.769784,45.306177],[-122.76978,45.306736],[-122.769784,45.307104],[-122.769781,45.307378],[-122.769785,45.308856],[-122.769776,45.310226],[-122.771541,45.310264],[-122.771718,45.310294],[-122.77195,45.310273],[-122.772226,45.310237],[-122.772819,45.310222],[-122.773453,45.310212],[-122.773892,45.310217],[-122.774805,45.310195],[-122.775183,45.31018],[-122.775471,45.31021],[-122.77577,45.310186],[-122.77567,45.310492]]}},{"type":"Feature","properties":{"agency":"SMART","shape_id":"31895"},"geometry":{"type":"LineString","coordinates":[[-122.776153,45.3108],[-122.775953,45.310833],[-122.775805,45.310731],[-122.7758,45.310512],[-122.7758,45.310199],[-122.777414,45.310195],[-122.778648,45.310253],[-122.778667,45.310099],[-122.778658,45.309758],[-122.778703,45.309616],[-122.778605,45.309444],[-122.778616,45.308674],[-122.778601,45.307595],[-122.778569,45.306908],[-122.7783,45.306214],[-122.778053,45.305613],[-122.778021,45.304994],[-122.777967,45.304118],[-122.777988,45.303856],[-122.778062,45.303706],[-122.777994,45.303482],[-122.778005,45.303153],[-122.777924,45.30288],[-122.776899,45.302899],[-122.77673,45.302825],[-122.776491,45.302922],[-122.775666,45.302887],[-122.773632,45.302877],[-122.773477,45.302789],[-122.773052,45.302853],[-122.772923,45.302746],[-122.773041,45.302124],[-122.773165,45.301732],[-122.773224,45.301543],[-122.773344,45.301462],[-122.773299,45.301381],[-122.773385,45.301045],[-122.773533,45.300607],[-122.773689,45.30017],[-122.773812,45.299856],[-122.773834,45.29977],[-122.773657,45.29977],[-122.772643,45.299773],[-122.771527,45.299773],[-122.771495,45.299819],[-122.77149,45.299981],[-122.771479,45.300638],[-122.771484,45.301113],[-122.771473,45.301298],[-122.771409,45.301383],[-122.771468,45.301437],[-122.771484,45.301622],[-122.771516,45.301773],[-122.77164,45.301849],[-122.772128,45.301751],[-122.772766,45.30177],[-122.772922,45.301792],[-122.772583,45.302779],[-122.771843,45.302805],[-122.770156,45.302821],[-122.768472,45.302836],[-122.767161,45.302817],[-122.765509,45.302806],[-122.76542,45.302766],[-122.765321,45.302814],[-122.762858,45.302863],[-122.762799,45.302824],[-122.762692,45.302863],[-122.760392,45.302904],[-122.760301,45.302927],[-122.760338,45.303044],[-122.760312,45.303387],[-122.760242,45.303655],[-122.760229,45.303728],[-122.760578,45.303875],[-122.760712,45.303822],[-122.760996,45.303815],[-122.761662,45.303807],[-122.762364,45.30386],[-122.763029,45.304253],[-122.763126,45.304362],[-122.763124,45.304428],[-122.763223,45.30449],[-122.763239,45.305396],[-122.763233,45.305667],[-122.762509,45.305694],[-122.76208,45.305671],[-122.761656,45.305535],[-122.761179,45.30523],[-122.760835,45.305075],[-122.760768,45.304997],[-122.760674,45.305068],[-122.759988,45.30506],[-122.759532,45.305056],[-122.759462,45.304943],[-122.759489,45.304758],[-122.759577,45.304705],[-122.759478,45.304641],[-122.759516,45.304486],[-122.759757,45.304192],[-122.759993,45.303988],[-122.760106,45.303819],[-122.760199,45.303668],[-122.760231,45.303483],[-122.760274,45.303309],[-122.760247,45.302989],[-122.76058,45.303011],[-122.761728,45.303004],[-122.761831,45.303055],[-122.761985,45.302973],[-122.764544,45.302989],[-122.764688,45.303038],[-122.764871,45.302981],[-122.766868,45.303015],[-122.768145,45.303015],[-122.768558,45.303015],[-122.769873,45.303013],[-122.771627,45.30299],[-122.772335,45.302979],[-122.772576,45.302944],[-122.772732,45.302767],[-122.772834,45.302552],[-122.772923,45.302334],[-122.773036,45.301994],[-122.773186,45.301553],[-122.773261,45.30145],[-122.773346,45.301443],[-122.773276,45.301261],[-122.773384,45.300989],[-122.773805,45.299795],[-122.771579,45.299791],[-122.771517,45.299818],[-122.771508,45.300201],[-122.771494,45.300738],[-122.77149,45.301324],[-122.771359,45.301348],[-122.771488,45.301422],[-122.77149,45.301756],[-122.771574,45.301814],[-122.771721,45.301844],[-122.772185,45.301775],[-122.772638,45.301782],[-122.772874,45.301795],[-122.772917,45.30185],[-122.772627,45.302752],[-122.772684,45.302912],[-122.77281,45.302992],[-122.773901,45.303007],[-122.774022,45.303043],[-122.774196,45.303001],[-122.776341,45.303001],[-122.776867,45.303003],[-122.777034,45.303058],[-122.777037,45.303056],[-122.77713,45.302994],[-122.777736,45.302965],[-122.777919,45.303007],[-122.777945,45.303167],[-122.77796,45.303828],[-122.777891,45.303902],[-122.777955,45.303953],[-122.778006,45.305323],[-122.778175,45.306021],[-122.778524,45.306912],[-122.778578,45.307725],[-122.778575,45.308962],[-122.77847,45.309036],[-122.778583,45.309085],[-122.778616,45.310067],[-122.778616,45.310195],[-122.778516,45.310208],[-122.777411,45.310169],[-122.77714,45.310173],[-122.775901,45.310163],[-122.775736,45.310185],[-122.775728,45.310385],[-122.77567,45.310492]]}},{"type":"Feature","properties":{"agency":"SMART","shape_id":"31896"},"geometry":{"type":"LineString","coordinates":[[-122.776153,45.3108],[-122.776102,45.310839],[-122.776014,45.310836],[-122.775838,45.310768],[-122.775794,45.310643],[-122.775796,45.310432],[-122.775808,45.310246],[-122.775955,45.310231],[-122.777379,45.310206],[-122.777756,45.310217],[-122.777951,45.310227],[-122.778359,45.310265],[-122.778942,45.310297],[-122.779507,45.310304],[-122.779712,45.310288],[-122.779908,45.310267],[-122.780218,45.310216],[-122.780486,45.310144],[-122.780804,45.310023],[-122.780954,45.30994],[-122.781242,45.309742],[-122.781499,45.309514],[-122.781657,45.309395],[-122.7821,45.30905],[-122.782373,45.308898],[-122.78264,45.30879],[-122.782898,45.308712],[-122.783271,45.308636],[-122.783596,45.308615],[-122.783881,45.308608],[-122.784176,45.308628],[-122.784402,45.308634],[-122.784516,45.308638],[-122.784623,45.308642],[-122.784777,45.308708],[-122.784882,45.308655],[-122.785348,45.308675],[-122.785662,45.308682],[-122.785806,45.308696],[-122.785902,45.308722],[-122.785989,45.308772],[-122.786064,45.308827],[-122.786178,45.308849],[-122.786276,45.308834],[-122.786373,45.308786],[-122.786482,45.308736],[-122.786604,45.308715],[-122.786776,45.308701],[-122.787031,45.308701],[-122.787572,45.30869],[-122.787889,45.308693],[-122.788237,45.308693],[-122.78846,45.308681],[-122.788763,45.308641],[-122.788984,45.308597],[-122.789184,45.308551],[-122.789507,45.308488],[-122.789615,45.308468],[-122.789786,45.308498],[-122.789933,45.30843],[-122.790248,45.30841],[-122.790472,45.30843],[-122.790614,45.308495],[-122.790668,45.308591],[-122.790654,45.308765],[-122.79058,45.308991],[-122.7905,45.309234],[-122.790446,45.309567],[-122.790436,45.309923],[-122.790434,45.310276],[-122.790355,45.310377],[-122.790434,45.31043],[-122.790434,45.310684],[-122.790435,45.311117],[-122.790436,45.31136],[-122.790466,45.311652],[-122.790506,45.311824],[-122.790563,45.311976],[-122.790671,45.312171],[-122.79075,45.312312],[-122.790837,45.312438],[-122.790857,45.312566],[-122.790832,45.312696],[-122.790919,45.312776],[-122.791076,45.31282],[-122.791176,45.31283],[-122.791344,45.312886],[-122.791442,45.312941],[-122.791522,45.313017],[-122.791644,45.313033],[-122.792084,45.313277],[-122.792491,45.313521],[-122.792676,45.313626],[-122.792875,45.313726],[-122.793155,45.313813],[-122.793536,45.313903],[-122.793805,45.313935],[-122.794121,45.313949],[-122.794536,45.313909],[-122.794872,45.313841],[-122.79526,45.313713],[-122.795476,45.313614],[-122.795715,45.313454],[-122.795888,45.313319],[-122.796016,45.313205],[-122.796166,45.313018],[-122.796293,45.312818],[-122.796381,45.312568],[-122.796419,45.312401],[-122.796467,45.312264],[-122.796555,45.312224],[-122.79653,45.312144],[-122.796441,45.311912],[-122.796094,45.311665],[-122.795957,45.311534],[-122.794097,45.310155],[-122.793132,45.309519],[-122.79336,45.309327],[-122.794152,45.308808],[-122.794265,45.30881],[-122.794309,45.30872],[-122.795241,45.308164],[-122.795512,45.308052],[-122.795756,45.308178],[-122.79633,45.308519],[-122.797333,45.309141],[-122.796499,45.309704],[-122.79629,45.309784],[-122.796251,45.309866],[-122.795694,45.310336],[-122.796316,45.310745],[-122.79633,45.310833],[-122.796429,45.310852],[-122.796609,45.310982],[-122.796882,45.311082],[-122.79713,45.311109],[-122.797254,45.311094],[-122.797251,45.310973],[-122.797196,45.310814],[-122.797156,45.310661],[-122.797169,45.310523],[-122.797214,45.310388],[-122.797301,45.310357],[-122.797314,45.310242],[-122.797575,45.31005],[-122.797677,45.309979],[-122.797774,45.309888],[-122.797849,45.309758],[-122.79787,45.309652],[-122.797854,45.309511],[-122.797806,45.309412],[-122.797748,45.309351],[-122.79768,45.309275],[-122.797614,45.309158],[-122.797615,45.309159],[-122.797469,45.309127],[-122.797286,45.30903],[-122.797065,45.308905],[-122.796737,45.308665],[-122.796549,45.308558],[-122.796084,45.308297],[-122.795896,45.308202],[-122.795495,45.307985],[-122.795315,45.307887],[-122.794972,45.307715],[-122.794664,45.30763],[-122.794464,45.307596],[-122.794236,45.307596],[-122.794053,45.307608],[-122.793841,45.30765],[-122.793573,45.307661],[-122.793541,45.307746],[-122.793188,45.307822],[-122.792762,45.307871],[-122.792352,45.307871],[-122.791984,45.307876],[-122.791744,45.307879],[-122.791543,45.307895],[-122.791356,45.307946],[-122.791225,45.308014],[-122.791057,45.308111],[-122.790928,45.308224],[-122.790774,45.308279],[-122.79064,45.308333],[-122.790475,45.308349],[-122.790334,45.308348],[-122.790022,45.308347],[-122.789778,45.308368],[-122.789581,45.308341],[-122.789408,45.308428],[-122.788859,45.308535],[-122.788499,45.308593],[-122.78822,45.308624],[-122.787731,45.308621],[-122.787125,45.308619],[-122.786712,45.308619],[-122.786574,45.308611],[-122.786438,45.308568],[-122.786313,45.308505],[-122.786197,45.308477],[-122.786059,45.308508],[-122.785919,45.308569],[-122.785707,45.308595],[-122.785436,45.308598],[-122.784851,45.308572],[-122.784735,45.308568],[-122.784652,45.308505],[-122.784551,45.308552],[-122.783915,45.308531],[-122.783607,45.30853],[-122.783367,45.308547],[-122.783274,45.308555],[-122.782901,45.308627],[-122.782703,45.308677],[-122.782505,45.308739],[-122.782355,45.308808],[-122.7822,45.308885],[-122.782003,45.309013],[-122.781741,45.309194],[-122.78159,45.309353],[-122.781405,45.309534],[-122.781199,45.309722],[-122.780873,45.309944],[-122.780591,45.310072],[-122.780334,45.310156],[-122.780032,45.310219],[-122.779793,45.310243],[-122.779595,45.310247],[-122.779218,45.310239],[-122.778918,45.310227],[-122.77831,45.310183],[-122.77803,45.310163],[-122.777602,45.310143],[-122.777068,45.310135],[-122.776006,45.310135],[-122.775773,45.310178],[-122.775712,45.310233],[-122.775728,45.310425],[-122.77567,45.310492]]}},{"type":"Feature","properties":{"agency":"SMART","shape_id":"31964"},"geometry":{"type":"LineString","coordinates":[[-122.776587,45.310799],[-122.77647,45.310847],[-122.776125,45.31084],[-122.775981,45.310836],[-122.775871,45.310817],[-122.775804,45.310729],[-122.775782,45.310632],[-122.77579,45.310515],[-122.775794,45.31024],[-122.775907,45.310186],[-122.776658,45.310201],[-122.777945,45.31022],[-122.778626,45.310254],[-122.778726,45.310729],[-122.778854,45.311166],[-122.778839,45.312553],[-122.77899,45.313059],[-122.779269,45.313647],[-122.779612,45.31422],[-122.779751,45.314786],[-122.77963,45.315652],[-122.779587,45.315991],[-122.779705,45.316459],[-122.779823,45.316836],[-122.779845,45.3171],[-122.779534,45.317327],[-122.778954,45.317372],[-122.777463,45.317395],[-122.776626,45.317372],[-122.776277,45.317338],[-122.776004,45.317417],[-122.774384,45.317417],[-122.774352,45.317938],[-122.774311,45.318495],[-122.774329,45.318835],[-122.774264,45.319516],[-122.773609,45.320289],[-122.773014,45.32081],[-122.772622,45.321214],[-122.772461,45.321504],[-122.772363,45.321604],[-122.77245,45.321727],[-122.77244,45.323507],[-122.772437,45.324658],[-122.772458,45.325916],[-122.772351,45.326158],[-122.772508,45.326355],[-122.772476,45.327132],[-122.772497,45.328496],[-122.772508,45.329586],[-122.772455,45.329768],[-122.772572,45.329899],[-122.772787,45.331195],[-122.772998,45.332423],[-122.773036,45.333311],[-122.773261,45.33405],[-122.77339,45.334548],[-122.773369,45.335762],[-122.773369,45.336217],[-122.773279,45.336355],[-122.773279,45.336355],[-122.773358,45.336466],[-122.77339,45.337363],[-122.772854,45.337725],[-122.772671,45.337635],[-122.772274,45.33719],[-122.771512,45.336685],[-122.770674,45.336368],[-122.769301,45.335991],[-122.767734,45.335621],[-122.766565,45.335478],[-122.76487,45.33544],[-122.76379,45.335438],[-122.763624,45.335411],[-122.763425,45.335461],[-122.762063,45.335423],[-122.76209,45.3349],[-122.762207,45.334282],[-122.762186,45.333731],[-122.762295,45.333532],[-122.76209,45.333505],[-122.761993,45.333258],[-122.761907,45.332737],[-122.762004,45.332481],[-122.762046,45.332308],[-122.761655,45.332126],[-122.761423,45.331972],[-122.761172,45.332014],[-122.760362,45.331927],[-122.759407,45.33195],[-122.758795,45.331871],[-122.758795,45.331869]]}}]}